#include <lvgl.h>

const uint8_t icon_typhoon_map[] = {
0x21, 0x00, 0x21, 0x00, 0x21, 0x00, 0x21, 0x00, 0x21, 0x00, 0x21, 0x00, 0x21, 0x00, 0x21, 0x00, 0x21, 0x00, 0x21, 0x00, 0x21, 0x00, 0x21, 0x00,
0x21, 0x00, 0x21, 0x00, 0x21, 0x00, 0x21, 0x00, 0x21, 0x00, 0x21, 0x00, 0x21, 0x00, 0x21, 0x00, 0x21, 0x00, 0x21, 0x00, 0x21, 0x00, 0x21, 0x00,
0x21, 0x00, 0x21, 0x00, 0x21, 0x00, 0x21, 0x00, 0x21, 0x00, 0x21, 0x00, 0x21, 0x00, 0x21, 0x00, 0x21, 0x00, 0x21, 0x00, 0x21, 0x00, 0x21, 0x00,
0x21, 0x00, 0x21, 0x00, 0x21, 0x00, 0x21, 0x00, 0x21, 0x00, 0x21, 0x00, 0x21, 0x00, 0x21, 0x00, 0x21, 0x00, 0x21, 0x00, 0x21, 0x00, 0x21, 0x00,
0x21, 0x00, 0x21, 0x00, 0x21, 0x00, 0x21, 0x00, 0x21, 0x00, 0x21, 0x00, 0x21, 0x00, 0x21, 0x00, 0x21, 0x00, 0x21, 0x00, 0x21, 0x00, 0x21, 0x00,
0x21, 0x00, 0x21, 0x00, 0x21, 0x00, 0x21, 0x00, 0x21, 0x00, 0x21, 0x00, 0x21, 0x00, 0x21, 0x00, 0x21, 0x00, 0x21, 0x00, 0x21, 0x00, 0x21, 0x00,
0x21, 0x00, 0x21, 0x00, 0x21, 0x00, 0x21, 0x00, 0x21, 0x00, 0x21, 0x00, 0x21, 0x00, 0x21, 0x00, 0x21, 0x00, 0x21, 0x00, 0x21, 0x00, 0x21, 0x00,
0x21, 0x00, 0x21, 0x00, 0x21, 0x00, 0x21, 0x00, 0x21, 0x00, 0x21, 0x00, 0x21, 0x00, 0x21, 0x00, 0x21, 0x00, 0x21, 0x00, 0x21, 0x00, 0x21, 0x00,
0x21, 0x00, 0x21, 0x00, 0x21, 0x00, 0x21, 0x00, 0x21, 0x00, 0x21, 0x00, 0x21, 0x00, 0x21, 0x00, 0x21, 0x00, 0x21, 0x00, 0x21, 0x00, 0x21, 0x00,
0x21, 0x00, 0x21, 0x00, 0x21, 0x00, 0x21, 0x00, 0x21, 0x00, 0x21, 0x00, 0x21, 0x00, 0x21, 0x00, 0x21, 0x00, 0x21, 0x00, 0x21, 0x00, 0x21, 0x00,
0x21, 0x00, 0x21, 0x00, 0x21, 0x00, 0x21, 0x00, 0x21, 0x00, 0x21, 0x00, 0x21, 0x00, 0x21, 0x00, 0x21, 0x00, 0x21, 0x00, 0x21, 0x00, 0x21, 0x00,
0x21, 0x00, 0x21, 0x00, 0x21, 0x00, 0x21, 0x00, 0x21, 0x00, 0x21, 0x00, 0x21, 0x00, 0x21, 0x00, 0x21, 0x00, 0x21, 0x00, 0x21, 0x00, 0x21, 0x00,
0x21, 0x00, 0x21, 0x00, 0x21, 0x00, 0x21, 0x00, 0x21, 0x00, 0x21, 0x00, 0x21, 0x00, 0x21, 0x00, 0x21, 0x00, 0x21, 0x00, 0x21, 0x00, 0x21, 0x00,
0x21, 0x00, 0x21, 0x00, 0x21, 0x00, 0x21, 0x00, 0x21, 0x00, 0x21, 0x00, 0x21, 0x00, 0x21, 0x00, 0x21, 0x00, 0x21, 0x00, 0x21, 0x00, 0x21, 0x00,
0x21, 0x00, 0x21, 0x00, 0x21, 0x00, 0x21, 0x00, 0x21, 0x00, 0x21, 0x00, 0x21, 0x00, 0x21, 0x00, 0x21, 0x00, 0x21, 0x00, 0x21, 0x00, 0x21, 0x00,
0x21, 0x00, 0x21, 0x00, 0x21, 0x00, 0x21, 0x00, 0x21, 0x00, 0x21, 0x00, 0x21, 0x00, 0x21, 0x00, 0x21, 0x00, 0x21, 0x00, 0x21, 0x00, 0x21, 0x00,
0x21, 0x00, 0x21, 0x00, 0x21, 0x00, 0x21, 0x00, 0x21, 0x00, 0x21, 0x00, 0x21, 0x00, 0x21, 0x00, 0x21, 0x00, 0x21, 0x00, 0x21, 0x00, 0x21, 0x00,
0x21, 0x00, 0x21, 0x00, 0x21, 0x00, 0x21, 0x00, 0x21, 0x00, 0x21, 0x00, 0x21, 0x00, 0x21, 0x00, 0x21, 0x00, 0x21, 0x00, 0x21, 0x00, 0x21, 0x00,
0x21, 0x00, 0x21, 0x00, 0x21, 0x00, 0x21, 0x00, 0x21, 0x00, 0x21, 0x00, 0x21, 0x00, 0x21, 0x00, 0x21, 0x00, 0x21, 0x00, 0x21, 0x00, 0x21, 0x00,
0x21, 0x00, 0x21, 0x00, 0x21, 0x00, 0x21, 0x00, 0x21, 0x00, 0x21, 0x00, 0x21, 0x00, 0x21, 0x00, 0x21, 0x00, 0x21, 0x00, 0x21, 0x00, 0x21, 0x00,
0x21, 0x00, 0x21, 0x00, 0x21, 0x00, 0x21, 0x00, 0x21, 0x00, 0x21, 0x00, 0x21, 0x00, 0x21, 0x00, 0x21, 0x00, 0x21, 0x00, 0x21, 0x00, 0x21, 0x00,
0x21, 0x00, 0x21, 0x00, 0x21, 0x00, 0x21, 0x00, 0x21, 0x00, 0x21, 0x00, 0x21, 0x00, 0x21, 0x00, 0x21, 0x00, 0x21, 0x00, 0x21, 0x00, 0x21, 0x00,
0x21, 0x00, 0x21, 0x00, 0x21, 0x00, 0x21, 0x00, 0x21, 0x00, 0x21, 0x00, 0x21, 0x00, 0x21, 0x00, 0x21, 0x00, 0x21, 0x00, 0x21, 0x00, 0x21, 0x00,
0x21, 0x00, 0x21, 0x00, 0x21, 0x00, 0x21, 0x00, 0x21, 0x00, 0x21, 0x00, 0x21, 0x00, 0x21, 0x00, 0x21, 0x00, 0x21, 0x00, 0x21, 0x00, 0x21, 0x00,
0x21, 0x00, 0x21, 0x00, 0x21, 0x00, 0x21, 0x00, 0x21, 0x00, 0x21, 0x00, 0x21, 0x00, 0x21, 0x00, 0x21, 0x00, 0x21, 0x00, 0x21, 0x00, 0x21, 0x00,
0x21, 0x00, 0x21, 0x00, 0x21, 0x00, 0x21, 0x00, 0x21, 0x00, 0x21, 0x00, 0x21, 0x00, 0x21, 0x00, 0x21, 0x00, 0x21, 0x00, 0x21, 0x00, 0x21, 0x00,
0x21, 0x00, 0x21, 0x00, 0x21, 0x00, 0x21, 0x00, 0x21, 0x00, 0x21, 0x00, 0x21, 0x00, 0x21, 0x00, 0x21, 0x00, 0x21, 0x00, 0x21, 0x00, 0x21, 0x00,
0x21, 0x00, 0x21, 0x00, 0x21, 0x00, 0x21, 0x00, 0x21, 0x00, 0x21, 0x00, 0x21, 0x00, 0x21, 0x00, 0x21, 0x00, 0x21, 0x00, 0x21, 0x00, 0x21, 0x00,
0x21, 0x00, 0x21, 0x00, 0x21, 0x00, 0x21, 0x00, 0x21, 0x00, 0x21, 0x00, 0x21, 0x00, 0x21, 0x00, 0x21, 0x00, 0x21, 0x00, 0x21, 0x00, 0x21, 0x00,
0x21, 0x00, 0x21, 0x00, 0x21, 0x00, 0x21, 0x00, 0x21, 0x00, 0x21, 0x00, 0x21, 0x00, 0x21, 0x00, 0x21, 0x00, 0x21, 0x00, 0x21, 0x00, 0x21, 0x00,
0x21, 0x00, 0x21, 0x00, 0x21, 0x00, 0x21, 0x00, 0x21, 0x00, 0x21, 0x00, 0x21, 0x00, 0x21, 0x00, 0x21, 0x00, 0x21, 0x00, 0x21, 0x00, 0x21, 0x00,
0x21, 0x00, 0x21, 0x00, 0x21, 0x00, 0x21, 0x00, 0x21, 0x00, 0x21, 0x00, 0x21, 0x00, 0x21, 0x00, 0x21, 0x00, 0x21, 0x00, 0x21, 0x00, 0x21, 0x00,
0x21, 0x00, 0x21, 0x00, 0x21, 0x00, 0x21, 0x00, 0x21, 0x00, 0x21, 0x00, 0x21, 0x00, 0x21, 0x00, 0x21, 0x00, 0x21, 0x00, 0x21, 0x00, 0x21, 0x00,
0x21, 0x00, 0x21, 0x00, 0x21, 0x00, 0x21, 0x00, 0x21, 0x00, 0x21, 0x00, 0x21, 0x00, 0x21, 0x00, 0x21, 0x00, 0x21, 0x00, 0x21, 0x00, 0x21, 0x00,
0x21, 0x00, 0x21, 0x00, 0x21, 0x00, 0x21, 0x00, 0x21, 0x00, 0x21, 0x00, 0x21, 0x00, 0x21, 0x00, 0x21, 0x00, 0x21, 0x00, 0x21, 0x00, 0x21, 0x00,
0x21, 0x00, 0x21, 0x00, 0x21, 0x00, 0x21, 0x00, 0x21, 0x00, 0x21, 0x00, 0x21, 0x00, 0x21, 0x00, 0x21, 0x00, 0x21, 0x00, 0x21, 0x00, 0x21, 0x00,
0x21, 0x00, 0x21, 0x00, 0x21, 0x00, 0x21, 0x00, 0x21, 0x00, 0x21, 0x00, 0x21, 0x00, 0x21, 0x00, 0x21, 0x00, 0x21, 0x00, 0x21, 0x00, 0x21, 0x00,
0x21, 0x00, 0x21, 0x00, 0x21, 0x00, 0x21, 0x00, 0x21, 0x00, 0x21, 0x00, 0x21, 0x00, 0x21, 0x00, 0x21, 0x00, 0x21, 0x00, 0x21, 0x00, 0x21, 0x00,
0x21, 0x00, 0x21, 0x00, 0x21, 0x00, 0x21, 0x00, 0x21, 0x00, 0x21, 0x00, 0x21, 0x00, 0x21, 0x00, 0x21, 0x00, 0x21, 0x00, 0x21, 0x00, 0x21, 0x00,
0x21, 0x00, 0x21, 0x00, 0x21, 0x00, 0x21, 0x00, 0x21, 0x00, 0x21, 0x00, 0x21, 0x00, 0x21, 0x00, 0x21, 0x00, 0x21, 0x00, 0x21, 0x00, 0x21, 0x00,
0x21, 0x00, 0x21, 0x00, 0x21, 0x00, 0x21, 0x00, 0x21, 0x00, 0x21, 0x00, 0x21, 0x00, 0x21, 0x00, 0x21, 0x00, 0x21, 0x00, 0x21, 0x00, 0x21, 0x00,
0x21, 0x00, 0x21, 0x00, 0x21, 0x00, 0x21, 0x00, 0x21, 0x00, 0x21, 0x00, 0x21, 0x00, 0x21, 0x00, 0x21, 0x00, 0x21, 0x00, 0x21, 0x00, 0x21, 0x00,
0x21, 0x00, 0x21, 0x00, 0x21, 0x00, 0x21, 0x00, 0x21, 0x00, 0x21, 0x00, 0x21, 0x00, 0x21, 0x00, 0x21, 0x00, 0x21, 0x00, 0x21, 0x00, 0x21, 0x00,
0x21, 0x00, 0x21, 0x00, 0x21, 0x00, 0x21, 0x00, 0x21, 0x00, 0x21, 0x00, 0x21, 0x00, 0x21, 0x00, 0x21, 0x00, 0x21, 0x00, 0x21, 0x00, 0x21, 0x00,
0x21, 0x00, 0x21, 0x00, 0x21, 0x00, 0x21, 0x00, 0x21, 0x00, 0x21, 0x00, 0x21, 0x00, 0x21, 0x00, 0x21, 0x00, 0x21, 0x00, 0x21, 0x00, 0x21, 0x00,
0x21, 0x00, 0x21, 0x00, 0x21, 0x00, 0x21, 0x00, 0x21, 0x00, 0x21, 0x00, 0x21, 0x00, 0x21, 0x00, 0x21, 0x00, 0x21, 0x00, 0x21, 0x00, 0x21, 0x00,
0x21, 0x00, 0x21, 0x00, 0x21, 0x00, 0x21, 0x00, 0x21, 0x00, 0x21, 0x00, 0x21, 0x00, 0x21, 0x00, 0x21, 0x00, 0x21, 0x00, 0x21, 0x00, 0x21, 0x00,
0x21, 0x00, 0x21, 0x00, 0x21, 0x00, 0x21, 0x00, 0x21, 0x00, 0x21, 0x00, 0x21, 0x00, 0x21, 0x00, 0x21, 0x00, 0x21, 0x00, 0x21, 0x00, 0x21, 0x00,
0x21, 0x00, 0x21, 0x00, 0x21, 0x00, 0x21, 0x00, 0x21, 0x00, 0x21, 0x00, 0x21, 0x00, 0x21, 0x00, 0x21, 0x00, 0x21, 0x00, 0x21, 0x00, 0x21, 0x00,
0x21, 0x00, 0x21, 0x00, 0x21, 0x00, 0x21, 0x00, 0x21, 0x00, 0x21, 0x00, 0x21, 0x00, 0x21, 0x00, 0x21, 0x00, 0x21, 0x00, 0x21, 0x00, 0x21, 0x00,
0x21, 0x00, 0x21, 0x00, 0x21, 0x00, 0x21, 0x00, 0x21, 0x00, 0x21, 0x00, 0x21, 0x00, 0x21, 0x00, 0x21, 0x00, 0x21, 0x00, 0x21, 0x00, 0x21, 0x00,
0x21, 0x00, 0x21, 0x00, 0x21, 0x00, 0x21, 0x00, 0x21, 0x00, 0x21, 0x00, 0x21, 0x00, 0x21, 0x00, 0x21, 0x00, 0x21, 0x00, 0x21, 0x00, 0x21, 0x00,
0x21, 0x00, 0x21, 0x00, 0x21, 0x00, 0x21, 0x00, 0x21, 0x00, 0x21, 0x00, 0x21, 0x00, 0x21, 0x00, 0x21, 0x00, 0x21, 0x00, 0x21, 0x00, 0x21, 0x00,
0x21, 0x00, 0x21, 0x00, 0x21, 0x00, 0x21, 0x00, 0x21, 0x00, 0x21, 0x00, 0x21, 0x00, 0x21, 0x00, 0x21, 0x00, 0x21, 0x00, 0x21, 0x00, 0x21, 0x00,
0x21, 0x00, 0x21, 0x00, 0x21, 0x00, 0x21, 0x00, 0x21, 0x00, 0x21, 0x00, 0x21, 0x00, 0x21, 0x00, 0x21, 0x00, 0x21, 0x00, 0x21, 0x00, 0x21, 0x00,
0x21, 0x00, 0x21, 0x00, 0x21, 0x00, 0x21, 0x00, 0x21, 0x00, 0x21, 0x00, 0x21, 0x00, 0x21, 0x00, 0x21, 0x00, 0x21, 0x00, 0x21, 0x00, 0x21, 0x00,
0x21, 0x00, 0x21, 0x00, 0x21, 0x00, 0x21, 0x00, 0x21, 0x00, 0x21, 0x00, 0x21, 0x00, 0x21, 0x00, 0x21, 0x00, 0x21, 0x00, 0x21, 0x00, 0x21, 0x00,
0x21, 0x00, 0x21, 0x00, 0x21, 0x00, 0x21, 0x00, 0x21, 0x00, 0x21, 0x00, 0x21, 0x00, 0x21, 0x00, 0x21, 0x00, 0x21, 0x00, 0x21, 0x00, 0x21, 0x00,
0x21, 0x00, 0x21, 0x00, 0x21, 0x00, 0x21, 0x00, 0x21, 0x00, 0x21, 0x00, 0x21, 0x00, 0x21, 0x00, 0x21, 0x00, 0x21, 0x00, 0x21, 0x00, 0x21, 0x00,
0x21, 0x00, 0x21, 0x00, 0x21, 0x00, 0x21, 0x00, 0x21, 0x00, 0x21, 0x00, 0x21, 0x00, 0x21, 0x00, 0x21, 0x00, 0x21, 0x00, 0x21, 0x00, 0x21, 0x00,
0x21, 0x00, 0x21, 0x00, 0x21, 0x00, 0x21, 0x00, 0x21, 0x00, 0x21, 0x00, 0x21, 0x00, 0x21, 0x00, 0x21, 0x00, 0x21, 0x00, 0x21, 0x00, 0x21, 0x00,
0x21, 0x00, 0x21, 0x00, 0x21, 0x00, 0x21, 0x00, 0x21, 0x00, 0x21, 0x00, 0x21, 0x00, 0x21, 0x00, 0x21, 0x00, 0x21, 0x00, 0x21, 0x00, 0x21, 0x00,
0x21, 0x00, 0x21, 0x00, 0x21, 0x00, 0x21, 0x00, 0x21, 0x00, 0x21, 0x00, 0x21, 0x00, 0x21, 0x00, 0x21, 0x00, 0x21, 0x00, 0x21, 0x00, 0x21, 0x00,
0x21, 0x00, 0x21, 0x00, 0x21, 0x00, 0x21, 0x00, 0x21, 0x00, 0x21, 0x00, 0x21, 0x00, 0x21, 0x00, 0x21, 0x00, 0x21, 0x00, 0x21, 0x00, 0x21, 0x00,
0x21, 0x00, 0x21, 0x00, 0x21, 0x00, 0x21, 0x00, 0x21, 0x00, 0x21, 0x00, 0x21, 0x00, 0x21, 0x00, 0x21, 0x00, 0x21, 0x00, 0x21, 0x00, 0x21, 0x00,
0x21, 0x00, 0x21, 0x00, 0x21, 0x00, 0x21, 0x00, 0x21, 0x00, 0x21, 0x00, 0x21, 0x00, 0x21, 0x00, 0x21, 0x00, 0x21, 0x00, 0x21, 0x00, 0x21, 0x00,
0x21, 0x00, 0x21, 0x00, 0x21, 0x00, 0x21, 0x00, 0x21, 0x00, 0x21, 0x00, 0x21, 0x00, 0x21, 0x00, 0x21, 0x00, 0x21, 0x00, 0x21, 0x00, 0x21, 0x00,
0x21, 0x00, 0x21, 0x00, 0x21, 0x00, 0x21, 0x00, 0x21, 0x00, 0x21, 0x00, 0x21, 0x00, 0x21, 0x00, 0x21, 0x00, 0x21, 0x00, 0x21, 0x00, 0x21, 0x00,
0x21, 0x00, 0x21, 0x00, 0x21, 0x00, 0x21, 0x00, 0x21, 0x00, 0x21, 0x00, 0x21, 0x00, 0x21, 0x00, 0x21, 0x00, 0x21, 0x00, 0x21, 0x00, 0x21, 0x00,
0x21, 0x00, 0x21, 0x00, 0x21, 0x00, 0x21, 0x00, 0x21, 0x00, 0x21, 0x00, 0x21, 0x00, 0x21, 0x00, 0x21, 0x00, 0x21, 0x00, 0x21, 0x00, 0x21, 0x00,
0x21, 0x00, 0x21, 0x00, 0x21, 0x00, 0x21, 0x00, 0x21, 0x00, 0x21, 0x00, 0x21, 0x00, 0x21, 0x00, 0x21, 0x00, 0x21, 0x00, 0x21, 0x00, 0x21, 0x00,
0x21, 0x00, 0x21, 0x00, 0x21, 0x00, 0x21, 0x00, 0x21, 0x00, 0x21, 0x00, 0x21, 0x00, 0x21, 0x00, 0x21, 0x00, 0x21, 0x00, 0x21, 0x00, 0x21, 0x00,
0x21, 0x00, 0x21, 0x00, 0x21, 0x00, 0x21, 0x00, 0x21, 0x00, 0x21, 0x00, 0x21, 0x00, 0x21, 0x00, 0x21, 0x00, 0x21, 0x00, 0x21, 0x00, 0x21, 0x00,
0x21, 0x00, 0x21, 0x00, 0x21, 0x00, 0x21, 0x00, 0x21, 0x00, 0x21, 0x00, 0x21, 0x00, 0x21, 0x00, 0x21, 0x00, 0x21, 0x00, 0x21, 0x00, 0x21, 0x00,
0x21, 0x00, 0x21, 0x00, 0x21, 0x00, 0x21, 0x00, 0x21, 0x00, 0x21, 0x00, 0x21, 0x00, 0x21, 0x00, 0x21, 0x00, 0x21, 0x00, 0x21, 0x00, 0x21, 0x00,
0x21, 0x00, 0x21, 0x00, 0x21, 0x00, 0x21, 0x00, 0x21, 0x00, 0x21, 0x00, 0x21, 0x00, 0x21, 0x00, 0x21, 0x00, 0x21, 0x00, 0x21, 0x00, 0x21, 0x00,
0x21, 0x00, 0x21, 0x00, 0x21, 0x00, 0x21, 0x00, 0x21, 0x00, 0x21, 0x00, 0x21, 0x00, 0x21, 0x00, 0x21, 0x00, 0x21, 0x00, 0x21, 0x00, 0x21, 0x00,
0x21, 0x00, 0x21, 0x00, 0x21, 0x00, 0x21, 0x00, 0x21, 0x00, 0x21, 0x00, 0x21, 0x00, 0x21, 0x00, 0x21, 0x00, 0x21, 0x00, 0x21, 0x00, 0x21, 0x00,
0x21, 0x00, 0x21, 0x00, 0x21, 0x00, 0x21, 0x00, 0x21, 0x00, 0x21, 0x00, 0x21, 0x00, 0x21, 0x00, 0x21, 0x00, 0x21, 0x00, 0x21, 0x00, 0x21, 0x00,
0x21, 0x00, 0x21, 0x00, 0x21, 0x00, 0x21, 0x00, 0x21, 0x00, 0x21, 0x00, 0x21, 0x00, 0x21, 0x00, 0x21, 0x00, 0x21, 0x00, 0x21, 0x00, 0x21, 0x00,
0x21, 0x00, 0x21, 0x00, 0x21, 0x00, 0x21, 0x00, 0x21, 0x00, 0x21, 0x00, 0x21, 0x00, 0x21, 0x00, 0x21, 0x00, 0x21, 0x00, 0x21, 0x00, 0x21, 0x00,
0x21, 0x00, 0x21, 0x00, 0x21, 0x00, 0x21, 0x00, 0x21, 0x00, 0x21, 0x00, 0x21, 0x00, 0x21, 0x00, 0x21, 0x00, 0x21, 0x00, 0x21, 0x00, 0x21, 0x00,
0x21, 0x00, 0x21, 0x00, 0x21, 0x00, 0x21, 0x00, 0x21, 0x00, 0x21, 0x00, 0x21, 0x00, 0x21, 0x00, 0x21, 0x00, 0x21, 0x00, 0x21, 0x00, 0x21, 0x00,
0x21, 0x00, 0x21, 0x00, 0x21, 0x00, 0x21, 0x00, 0x21, 0x00, 0x21, 0x00, 0x21, 0x00, 0x21, 0x00, 0x21, 0x00, 0x21, 0x00, 0x21, 0x00, 0x21, 0x00,
0x21, 0x00, 0x21, 0x00, 0x21, 0x00, 0x21, 0x00, 0x21, 0x00, 0x21, 0x00, 0x21, 0x00, 0x21, 0x00, 0x21, 0x00, 0x21, 0x00, 0x21, 0x00, 0x21, 0x00,
0x21, 0x00, 0x21, 0x00, 0x21, 0x00, 0x21, 0x00, 0x21, 0x00, 0x21, 0x00, 0x21, 0x00, 0x21, 0x00, 0x21, 0x00, 0x21, 0x00, 0x21, 0x00, 0x21, 0x00,
0x21, 0x00, 0x21, 0x00, 0x21, 0x00, 0x21, 0x00, 0x21, 0x00, 0x21, 0x00, 0x21, 0x00, 0x21, 0x00, 0x21, 0x00, 0x21, 0x00, 0x21, 0x00, 0x21, 0x00,
0x21, 0x00, 0x21, 0x00, 0x21, 0x00, 0x21, 0x00, 0x21, 0x00, 0x21, 0x00, 0x21, 0x00, 0x21, 0x00, 0x21, 0x00, 0x21, 0x00, 0x21, 0x00, 0x21, 0x00,
0x21, 0x00, 0x21, 0x00, 0x21, 0x00, 0x21, 0x00, 0x21, 0x00, 0x21, 0x00, 0x21, 0x00, 0x21, 0x00, 0x21, 0x00, 0x21, 0x00, 0x21, 0x00, 0x21, 0x00,
0x21, 0x00, 0x21, 0x00, 0x21, 0x00, 0x21, 0x00, 0x21, 0x00, 0x21, 0x00, 0x21, 0x00, 0x21, 0x00, 0x21, 0x00, 0x21, 0x00, 0x21, 0x00, 0x21, 0x00,
0x21, 0x00, 0x21, 0x00, 0x21, 0x00, 0x21, 0x00, 0x21, 0x00, 0x21, 0x00, 0x21, 0x00, 0x21, 0x00, 0x21, 0x00, 0x21, 0x00, 0x21, 0x00, 0x21, 0x00,
0x21, 0x00, 0x21, 0x00, 0x21, 0x00, 0x21, 0x00, 0x21, 0x00, 0x21, 0x00, 0x21, 0x00, 0x21, 0x00, 0x21, 0x00, 0x21, 0x00, 0x21, 0x00, 0x21, 0x00,
0x21, 0x00, 0x21, 0x00, 0x21, 0x00, 0x21, 0x00, 0x21, 0x00, 0x21, 0x00, 0x21, 0x00, 0x21, 0x00, 0x21, 0x00, 0x21, 0x00, 0x21, 0x00, 0x21, 0x00,
0x21, 0x00, 0x21, 0x00, 0x21, 0x00, 0x21, 0x00, 0x21, 0x00, 0x21, 0x00, 0x21, 0x00, 0x21, 0x00, 0x21, 0x00, 0x21, 0x00, 0x21, 0x00, 0x21, 0x00,
0x21, 0x00, 0x21, 0x00, 0x21, 0x00, 0x21, 0x00, 0x21, 0x00, 0x21, 0x00, 0x21, 0x00, 0x21, 0x00, 0x21, 0x00, 0x21, 0x00, 0x21, 0x00, 0x21, 0x00,
0x21, 0x00, 0x21, 0x00, 0x21, 0x00, 0x21, 0x00, 0x21, 0x00, 0x21, 0x00, 0x21, 0x00, 0x21, 0x00, 0x21, 0x00, 0x21, 0x00, 0x21, 0x00, 0x21, 0x00,
0x21, 0x00, 0x21, 0x00, 0x21, 0x00, 0x21, 0x00, 0x21, 0x00, 0x21, 0x00, 0x21, 0x00, 0x21, 0x00, 0x21, 0x00, 0x21, 0x00, 0x21, 0x00, 0x21, 0x00,
0x21, 0x00, 0x21, 0x00, 0x21, 0x00, 0x21, 0x00, 0x21, 0x00, 0x21, 0x00, 0x21, 0x00, 0x21, 0x00, 0x21, 0x00, 0x21, 0x00, 0x21, 0x00, 0x21, 0x00,
0x21, 0x00, 0x21, 0x00, 0x21, 0x00, 0x21, 0x00, 0x21, 0x00, 0x21, 0x00, 0x21, 0x00, 0x21, 0x00, 0x21, 0x00, 0x21, 0x00, 0x21, 0x00, 0x21, 0x00,
0x21, 0x00, 0x21, 0x00, 0x21, 0x00, 0x21, 0x00, 0x21, 0x00, 0x21, 0x00, 0x21, 0x00, 0x21, 0x00, 0x21, 0x00, 0x21, 0x00, 0x21, 0x00, 0x21, 0x00,
0x21, 0x00, 0x21, 0x00, 0x21, 0x00, 0x21, 0x00, 0x21, 0x00, 0x21, 0x00, 0x21, 0x00, 0x21, 0x00, 0x21, 0x00, 0x21, 0x00, 0x21, 0x00, 0x21, 0x00,
0x21, 0x00, 0x21, 0x00, 0x21, 0x00, 0x21, 0x00, 0x21, 0x00, 0x21, 0x00, 0x21, 0x00, 0x21, 0x00, 0x21, 0x00, 0x21, 0x00, 0x21, 0x00, 0x21, 0x00,
0x21, 0x00, 0x21, 0x00, 0x21, 0x00, 0x21, 0x00, 0x21, 0x00, 0x21, 0x00, 0x21, 0x00, 0x21, 0x00, 0x21, 0x00, 0x21, 0x00, 0x21, 0x00, 0x21, 0x00,
0x21, 0x00, 0x21, 0x00, 0x21, 0x00, 0x21, 0x00, 0x21, 0x00, 0x21, 0x00, 0x21, 0x00, 0x21, 0x00, 0x21, 0x00, 0x21, 0x00, 0x21, 0x00, 0x21, 0x00,
0x21, 0x00, 0x21, 0x00, 0x21, 0x00, 0x21, 0x00, 0x21, 0x00, 0x21, 0x00, 0x21, 0x00, 0x21, 0x00, 0x21, 0x00, 0x21, 0x00, 0x21, 0x00, 0x21, 0x00,
0x21, 0x00, 0x21, 0x00, 0x21, 0x00, 0x21, 0x00, 0x21, 0x00, 0x21, 0x00, 0x21, 0x00, 0x21, 0x00, 0x21, 0x00, 0x21, 0x00, 0x21, 0x00, 0x21, 0x00,
0x21, 0x00, 0x21, 0x00, 0x21, 0x00, 0x21, 0x00, 0x21, 0x00, 0x21, 0x00, 0x21, 0x00, 0x21, 0x00, 0x21, 0x00, 0x21, 0x00, 0x21, 0x00, 0x21, 0x00,
0x21, 0x00, 0x21, 0x00, 0x21, 0x00, 0x21, 0x00, 0x21, 0x00, 0x21, 0x00, 0x21, 0x00, 0x21, 0x00, 0x21, 0x00, 0x21, 0x00, 0x21, 0x00, 0x21, 0x00,
0x21, 0x00, 0x21, 0x00, 0x21, 0x00, 0x21, 0x00, 0x21, 0x00, 0x21, 0x00, 0x21, 0x00, 0x21, 0x00, 0x21, 0x00, 0x21, 0x00, 0x21, 0x00, 0x21, 0x00,
0x21, 0x00, 0x21, 0x00, 0x21, 0x00, 0x21, 0x00, 0x21, 0x00, 0x21, 0x00, 0x21, 0x00, 0x21, 0x00, 0x21, 0x00, 0x21, 0x00, 0x21, 0x00, 0x21, 0x00,
0x21, 0x00, 0x21, 0x00, 0x21, 0x00, 0x21, 0x00, 0x21, 0x00, 0x21, 0x00, 0x21, 0x00, 0x21, 0x00, 0x21, 0x00, 0x21, 0x00, 0x21, 0x00, 0x21, 0x00,
0x21, 0x00, 0x21, 0x00, 0x21, 0x00, 0x21, 0x00, 0x21, 0x00, 0x21, 0x00, 0x21, 0x00, 0x21, 0x00, 0x21, 0x00, 0x21, 0x00, 0x21, 0x00, 0x21, 0x00,
0x21, 0x00, 0x21, 0x00, 0x21, 0x00, 0x21, 0x00, 0x21, 0x00, 0x21, 0x00, 0x21, 0x00, 0x21, 0x00, 0x21, 0x00, 0x21, 0x00, 0x21, 0x00, 0x21, 0x00,
0x21, 0x00, 0x21, 0x00, 0x21, 0x00, 0x21, 0x00, 0x21, 0x00, 0x21, 0x00, 0x21, 0x00, 0x21, 0x00, 0x21, 0x00, 0x21, 0x00, 0x21, 0x00, 0x21, 0x00,
0x21, 0x00, 0x21, 0x00, 0x21, 0x00, 0x21, 0x00, 0x21, 0x00, 0x21, 0x00, 0x21, 0x00, 0x21, 0x00, 0x21, 0x00, 0x21, 0x00, 0x21, 0x00, 0x21, 0x00,
0x21, 0x00, 0x21, 0x00, 0x21, 0x00, 0x21, 0x00, 0x21, 0x00, 0x21, 0x00, 0x21, 0x00, 0x21, 0x00, 0x21, 0x00, 0x21, 0x00, 0x21, 0x00, 0x21, 0x00,
0x21, 0x00, 0x21, 0x00, 0x21, 0x00, 0x21, 0x00, 0x21, 0x00, 0x21, 0x00, 0x21, 0x00, 0x21, 0x00, 0x21, 0x00, 0x21, 0x00, 0x21, 0x00, 0x21, 0x00,
0x21, 0x00, 0x21, 0x00, 0x21, 0x00, 0x21, 0x00, 0x21, 0x00, 0x21, 0x00, 0x21, 0x00, 0x21, 0x00, 0x21, 0x00, 0x21, 0x00, 0x21, 0x00, 0x21, 0x00,
0x21, 0x00, 0x21, 0x00, 0x21, 0x00, 0x21, 0x00, 0x21, 0x00, 0x21, 0x00, 0x21, 0x00, 0x21, 0x00, 0x21, 0x00, 0x21, 0x00, 0x21, 0x00, 0x21, 0x00,
0x21, 0x00, 0x21, 0x00, 0x21, 0x00, 0x21, 0x00, 0x21, 0x00, 0x21, 0x00, 0x21, 0x00, 0x21, 0x00, 0x21, 0x00, 0x21, 0x00, 0x21, 0x00, 0x21, 0x00,
0x21, 0x00, 0x21, 0x00, 0x21, 0x00, 0x21, 0x00, 0x21, 0x00, 0x21, 0x00, 0x21, 0x00, 0x21, 0x00, 0x21, 0x00, 0x21, 0x00, 0x21, 0x00, 0x21, 0x00,
0x21, 0x00, 0x21, 0x00, 0x21, 0x00, 0x21, 0x00, 0x21, 0x00, 0x21, 0x00, 0x21, 0x00, 0x21, 0x00, 0x21, 0x00, 0x21, 0x00, 0x21, 0x00, 0x21, 0x00,
0x21, 0x00, 0x21, 0x00, 0x21, 0x00, 0x21, 0x00, 0x21, 0x00, 0x21, 0x00, 0x21, 0x00, 0x21, 0x00, 0x21, 0x00, 0x21, 0x00, 0x21, 0x00, 0x21, 0x00,
0x21, 0x00, 0x21, 0x00, 0x21, 0x00, 0x21, 0x00, 0x21, 0x00, 0x21, 0x00, 0x21, 0x00, 0x21, 0x00, 0x21, 0x00, 0x21, 0x00, 0x21, 0x00, 0x21, 0x00,
0x21, 0x00, 0x21, 0x00, 0x21, 0x00, 0x21, 0x00, 0x21, 0x00, 0x21, 0x00, 0x21, 0x00, 0x21, 0x00, 0x21, 0x00, 0x21, 0x00, 0x21, 0x00, 0x21, 0x00,
0x21, 0x00, 0x21, 0x00, 0x21, 0x00, 0x21, 0x00, 0x21, 0x00, 0x21, 0x00, 0x21, 0x00, 0x21, 0x00, 0x21, 0x00, 0x21, 0x00, 0x21, 0x00, 0x21, 0x00,
0x21, 0x00, 0x21, 0x00, 0x21, 0x00, 0x21, 0x00, 0x21, 0x00, 0x21, 0x00, 0x21, 0x00, 0x21, 0x00, 0x21, 0x00, 0x21, 0x00, 0x21, 0x00, 0x21, 0x00,
0x21, 0x00, 0x21, 0x00, 0x21, 0x00, 0x21, 0x00, 0x21, 0x00, 0x21, 0x00, 0x21, 0x00, 0x21, 0x00, 0x21, 0x00, 0x21, 0x00, 0x21, 0x00, 0x21, 0x00,
0x21, 0x00, 0x21, 0x00, 0x21, 0x00, 0x21, 0x00, 0x21, 0x00, 0x21, 0x00, 0x21, 0x00, 0x21, 0x00, 0x21, 0x00, 0x21, 0x00, 0x21, 0x00, 0x21, 0x00,
0x21, 0x00, 0x21, 0x00, 0x21, 0x00, 0x21, 0x00, 0x21, 0x00, 0x21, 0x00, 0x21, 0x00, 0x21, 0x00, 0x21, 0x00, 0x21, 0x00, 0x21, 0x00, 0x21, 0x00,
0x21, 0x00, 0x21, 0x00, 0x21, 0x00, 0x21, 0x00, 0x21, 0x00, 0x21, 0x00, 0x21, 0x00, 0x21, 0x00, 0x21, 0x00, 0x21, 0x00, 0x21, 0x00, 0x21, 0x00,
0x21, 0x00, 0x21, 0x00, 0x21, 0x00, 0x21, 0x00, 0x21, 0x00, 0x21, 0x00, 0x21, 0x00, 0x21, 0x00, 0x21, 0x00, 0x21, 0x00, 0x21, 0x00, 0x21, 0x00,
0x21, 0x00, 0x21, 0x00, 0x21, 0x00, 0x21, 0x00, 0x21, 0x00, 0x21, 0x00, 0x21, 0x00, 0x21, 0x00, 0x21, 0x00, 0x21, 0x00, 0x21, 0x00, 0x21, 0x00,
0x21, 0x00, 0x21, 0x00, 0x21, 0x00, 0x21, 0x00, 0x21, 0x00, 0x21, 0x00, 0x21, 0x00, 0x21, 0x00, 0x21, 0x00, 0x21, 0x00, 0x21, 0x00, 0x21, 0x00,
0x21, 0x00, 0x21, 0x00, 0x21, 0x00, 0x21, 0x00, 0x21, 0x00, 0x21, 0x00, 0x21, 0x00, 0x21, 0x00, 0x21, 0x00, 0x21, 0x00, 0x21, 0x00, 0x21, 0x00,
0x21, 0x00, 0x21, 0x00, 0x21, 0x00, 0x21, 0x00, 0x21, 0x00, 0x21, 0x00, 0x21, 0x00, 0x21, 0x00, 0x21, 0x00, 0x21, 0x00, 0x21, 0x00, 0x21, 0x00,
0x21, 0x00, 0x21, 0x00, 0x21, 0x00, 0x21, 0x00, 0x21, 0x00, 0x21, 0x00, 0x21, 0x00, 0x21, 0x00, 0x21, 0x00, 0x21, 0x00, 0x21, 0x00, 0x21, 0x00,
0x21, 0x00, 0x21, 0x00, 0x21, 0x00, 0x21, 0x00, 0x21, 0x00, 0x21, 0x00, 0x21, 0x00, 0x21, 0x00, 0x21, 0x00, 0x21, 0x00, 0x21, 0x00, 0x21, 0x00,
0x21, 0x00, 0x21, 0x00, 0x21, 0x00, 0x21, 0x00, 0x21, 0x00, 0x21, 0x00, 0x21, 0x00, 0x21, 0x00, 0x21, 0x00, 0x21, 0x00, 0x21, 0x00, 0x21, 0x00,
0x21, 0x00, 0x21, 0x00, 0x21, 0x00, 0x21, 0x00, 0x21, 0x00, 0x21, 0x00, 0x21, 0x00, 0x21, 0x00, 0x21, 0x00, 0x21, 0x00, 0x21, 0x00, 0x21, 0x00,
0x21, 0x00, 0x21, 0x00, 0x21, 0x00, 0x21, 0x00, 0x21, 0x00, 0x21, 0x00, 0x21, 0x00, 0x21, 0x00, 0x21, 0x00, 0x21, 0x00, 0x21, 0x00, 0x21, 0x00,
0x21, 0x00, 0x21, 0x00, 0x21, 0x00, 0x21, 0x00, 0x21, 0x00, 0x21, 0x00, 0x21, 0x00, 0x21, 0x00, 0x21, 0x00, 0x21, 0x00, 0x21, 0x00, 0x21, 0x00,
0x21, 0x00, 0x21, 0x00, 0x21, 0x00, 0x21, 0x00, 0x21, 0x00, 0x21, 0x00, 0x21, 0x00, 0x21, 0x00, 0x21, 0x00, 0x21, 0x00, 0x21, 0x00, 0x21, 0x00,
0x21, 0x00, 0x21, 0x00, 0x21, 0x00, 0x21, 0x00, 0x21, 0x00, 0x21, 0x00, 0x21, 0x00, 0x21, 0x00, 0x21, 0x00, 0x21, 0x00, 0x21, 0x00, 0x21, 0x00,
0x21, 0x00, 0x21, 0x00, 0x21, 0x00, 0x21, 0x00, 0x21, 0x00, 0x21, 0x00, 0x21, 0x00, 0x21, 0x00, 0x21, 0x00, 0x21, 0x00, 0x21, 0x00, 0x21, 0x00,
0x21, 0x00, 0x21, 0x00, 0x21, 0x00, 0x21, 0x00, 0x21, 0x00, 0x21, 0x00, 0x21, 0x00, 0x21, 0x00, 0x21, 0x00, 0x21, 0x00, 0x21, 0x00, 0x21, 0x00,
0x21, 0x00, 0x21, 0x00, 0x21, 0x00, 0x21, 0x00, 0x21, 0x00, 0x21, 0x00, 0x21, 0x00, 0x21, 0x00, 0x21, 0x00, 0x21, 0x00, 0x21, 0x00, 0x21, 0x00,
0x21, 0x00, 0x21, 0x00, 0x21, 0x00, 0x21, 0x00, 0x21, 0x00, 0x21, 0x00, 0x21, 0x00, 0x21, 0x00, 0x21, 0x00, 0x21, 0x00, 0x21, 0x00, 0x21, 0x00,
0x21, 0x00, 0x21, 0x00, 0x21, 0x00, 0x21, 0x00, 0x21, 0x00, 0x21, 0x00, 0x21, 0x00, 0x21, 0x00, 0x21, 0x00, 0x21, 0x00, 0x21, 0x00, 0x21, 0x00,
0x21, 0x00, 0x21, 0x00, 0x21, 0x00, 0x21, 0x00, 0x21, 0x00, 0x21, 0x00, 0x21, 0x00, 0x21, 0x00, 0x21, 0x00, 0x21, 0x00, 0x21, 0x00, 0x21, 0x00,
0x21, 0x00, 0x21, 0x00, 0x21, 0x00, 0x21, 0x00, 0x21, 0x00, 0x21, 0x00, 0x21, 0x00, 0x21, 0x00, 0x21, 0x00, 0x21, 0x00, 0x21, 0x00, 0x21, 0x00,
0x21, 0x00, 0x21, 0x00, 0x21, 0x00, 0x21, 0x00, 0x21, 0x00, 0x21, 0x00, 0x21, 0x00, 0x21, 0x00, 0x21, 0x00, 0x21, 0x00, 0x21, 0x00, 0x21, 0x00,
0x21, 0x00, 0x21, 0x00, 0x21, 0x00, 0x21, 0x00, 0x21, 0x00, 0x21, 0x00, 0x21, 0x00, 0x21, 0x00, 0x21, 0x00, 0x21, 0x00, 0x21, 0x00, 0x21, 0x00,
0x21, 0x00, 0x21, 0x00, 0x21, 0x00, 0x21, 0x00, 0x21, 0x00, 0x21, 0x00, 0x21, 0x00, 0x21, 0x00, 0x21, 0x00, 0x21, 0x00, 0x21, 0x00, 0x21, 0x00,
0x21, 0x00, 0x21, 0x00, 0x21, 0x00, 0x21, 0x00, 0x21, 0x00, 0x21, 0x00, 0x21, 0x00, 0x21, 0x00, 0x21, 0x00, 0x21, 0x00, 0x21, 0x00, 0x21, 0x00,
0x21, 0x00, 0x21, 0x00, 0x21, 0x00, 0x21, 0x00, 0x21, 0x00, 0x21, 0x00, 0x21, 0x00, 0x21, 0x00, 0x21, 0x00, 0x21, 0x00, 0x21, 0x00, 0x21, 0x00,
0x21, 0x00, 0x21, 0x00, 0x21, 0x00, 0x21, 0x00, 0x21, 0x00, 0x21, 0x00, 0x21, 0x00, 0x21, 0x00, 0x21, 0x00, 0x21, 0x00, 0x21, 0x00, 0x21, 0x00,
0x21, 0x00, 0x21, 0x00, 0x21, 0x00, 0x21, 0x00, 0x21, 0x00, 0x21, 0x00, 0x21, 0x00, 0x21, 0x00, 0x21, 0x00, 0x21, 0x00, 0x21, 0x00, 0x21, 0x00,
0x21, 0x00, 0x21, 0x00, 0x21, 0x00, 0x21, 0x00, 0x21, 0x00, 0x21, 0x00, 0x21, 0x00, 0x21, 0x00, 0x21, 0x00, 0x21, 0x00, 0x21, 0x00, 0x21, 0x00,
0x21, 0x00, 0x21, 0x00, 0x21, 0x00, 0x21, 0x00, 0x21, 0x00, 0x21, 0x00, 0x21, 0x00, 0x21, 0x00, 0x21, 0x00, 0x21, 0x00, 0x21, 0x00, 0x21, 0x00,
0x21, 0x00, 0x21, 0x00, 0x21, 0x00, 0x21, 0x00, 0x21, 0x00, 0x21, 0x00, 0x21, 0x00, 0x21, 0x00, 0x21, 0x00, 0x21, 0x00, 0x21, 0x00, 0x21, 0x00,
0x21, 0x00, 0x21, 0x00, 0x21, 0x00, 0x21, 0x00, 0x21, 0x00, 0x21, 0x00, 0x21, 0x00, 0x21, 0x00, 0x21, 0x00, 0x21, 0x00, 0x21, 0x00, 0x21, 0x00,
0x21, 0x00, 0x21, 0x00, 0x21, 0x00, 0x21, 0x00, 0x21, 0x00, 0x21, 0x00, 0x21, 0x00, 0x21, 0x00, 0x21, 0x00, 0x21, 0x00, 0x21, 0x00, 0x21, 0x00,
0x21, 0x00, 0x21, 0x00, 0x21, 0x00, 0x21, 0x00, 0x21, 0x00, 0x21, 0x00, 0x21, 0x00, 0x21, 0x00, 0x21, 0x00, 0x21, 0x00, 0x21, 0x00, 0x21, 0x00,
0x21, 0x00, 0x21, 0x00, 0x21, 0x00, 0x21, 0x00, 0x21, 0x00, 0x21, 0x00, 0x21, 0x00, 0x21, 0x00, 0x21, 0x00, 0x21, 0x00, 0x21, 0x00, 0x21, 0x00,
0x21, 0x00, 0x21, 0x00, 0x21, 0x00, 0x21, 0x00, 0x21, 0x00, 0x21, 0x00, 0x21, 0x00, 0x21, 0x00, 0x21, 0x00, 0x21, 0x00, 0x21, 0x00, 0x21, 0x00,
0x21, 0x00, 0x21, 0x00, 0x21, 0x00, 0x21, 0x00, 0x21, 0x00, 0x21, 0x00, 0x21, 0x00, 0x21, 0x00, 0x21, 0x00, 0x21, 0x00, 0x21, 0x00, 0x21, 0x00,
0x21, 0x00, 0x21, 0x00, 0x21, 0x00, 0x21, 0x00, 0x21, 0x00, 0x21, 0x00, 0x21, 0x00, 0x21, 0x00, 0x21, 0x00, 0x21, 0x00, 0x21, 0x00, 0x21, 0x00,
0x21, 0x00, 0x21, 0x00, 0x21, 0x00, 0x21, 0x00, 0x21, 0x00, 0x21, 0x00, 0x21, 0x00, 0x21, 0x00, 0x21, 0x00, 0x21, 0x00, 0x21, 0x00, 0x21, 0x00,
0x21, 0x00, 0x21, 0x00, 0x21, 0x00, 0x21, 0x00, 0x21, 0x00, 0x21, 0x00, 0x21, 0x00, 0x21, 0x00, 0x21, 0x00, 0x21, 0x00, 0x21, 0x00, 0x21, 0x00,
0x21, 0x00, 0x21, 0x00, 0x21, 0x00, 0x21, 0x00, 0x21, 0x00, 0x21, 0x00, 0x21, 0x00, 0x21, 0x00, 0x21, 0x00, 0x21, 0x00, 0x21, 0x00, 0x21, 0x00,
0x21, 0x00, 0x21, 0x00, 0x21, 0x00, 0x21, 0x00, 0x21, 0x00, 0x21, 0x00, 0x21, 0x00, 0x21, 0x00, 0x21, 0x00, 0x21, 0x00, 0x21, 0x00, 0x21, 0x00,
0x21, 0x00, 0x21, 0x00, 0x21, 0x00, 0x21, 0x00, 0x21, 0x00, 0x21, 0x00, 0x21, 0x00, 0x21, 0x00, 0x21, 0x00, 0x21, 0x00, 0x21, 0x00, 0x21, 0x00,
0x21, 0x00, 0x21, 0x00, 0x21, 0x00, 0x21, 0x00, 0x21, 0x00, 0x21, 0x00, 0x21, 0x00, 0x21, 0x00, 0x21, 0x00, 0x21, 0x00, 0x21, 0x00, 0x21, 0x00,
0x21, 0x00, 0x21, 0x00, 0x21, 0x00, 0x21, 0x00, 0x21, 0x00, 0x21, 0x00, 0x21, 0x00, 0x21, 0x00, 0x21, 0x00, 0x21, 0x00, 0x21, 0x00, 0x21, 0x00,
0x21, 0x00, 0x21, 0x00, 0x21, 0x00, 0x21, 0x00, 0x21, 0x00, 0x21, 0x00, 0x21, 0x00, 0x21, 0x00, 0x21, 0x00, 0x21, 0x00, 0x21, 0x00, 0x21, 0x00,
0x21, 0x00, 0x21, 0x00, 0x21, 0x00, 0x21, 0x00, 0x21, 0x00, 0x21, 0x00, 0x21, 0x00, 0x21, 0x00, 0x21, 0x00, 0x21, 0x00, 0x21, 0x00, 0x21, 0x00,
0x21, 0x00, 0x21, 0x00, 0x21, 0x00, 0x21, 0x00, 0x21, 0x00, 0x21, 0x00, 0x21, 0x00, 0x21, 0x00, 0x21, 0x00, 0x21, 0x00, 0x21, 0x00, 0x21, 0x00,
0x21, 0x00, 0x21, 0x00, 0x21, 0x00, 0x21, 0x00, 0x21, 0x00, 0x21, 0x00, 0x21, 0x00, 0x21, 0x00, 0x21, 0x00, 0x21, 0x00, 0x21, 0x00, 0x21, 0x00,
0x21, 0x00, 0x21, 0x00, 0x21, 0x00, 0x21, 0x00, 0x21, 0x00, 0x21, 0x00, 0x21, 0x00, 0x21, 0x00, 0x21, 0x00, 0x21, 0x00, 0x21, 0x00, 0x21, 0x00,
0x21, 0x00, 0x21, 0x00, 0x21, 0x00, 0x21, 0x00, 0x21, 0x00, 0x21, 0x00, 0x21, 0x00, 0x21, 0x00, 0x21, 0x00, 0x21, 0x00, 0x21, 0x00, 0x21, 0x00,
0x21, 0x00, 0x21, 0x00, 0x21, 0x00, 0x21, 0x00, 0x21, 0x00, 0x21, 0x00, 0x21, 0x00, 0x21, 0x00, 0x21, 0x00, 0x21, 0x00, 0x21, 0x00, 0x21, 0x00,
0x21, 0x00, 0x21, 0x00, 0x21, 0x00, 0x21, 0x00, 0x21, 0x00, 0x21, 0x00, 0x21, 0x00, 0x21, 0x00, 0x21, 0x00, 0x21, 0x00, 0x21, 0x00, 0x21, 0x00,
0x21, 0x00, 0x21, 0x00, 0x21, 0x00, 0x21, 0x00, 0x21, 0x00, 0x21, 0x00, 0x21, 0x00, 0x21, 0x00, 0x21, 0x00, 0x21, 0x00, 0x21, 0x00, 0x21, 0x00,
0x21, 0x00, 0x21, 0x00, 0x21, 0x00, 0x21, 0x00, 0x21, 0x00, 0x21, 0x00, 0x21, 0x00, 0x21, 0x00, 0x21, 0x00, 0x21, 0x00, 0x21, 0x00, 0x21, 0x00,
0x21, 0x00, 0x21, 0x00, 0x21, 0x00, 0x21, 0x00, 0x21, 0x00, 0x21, 0x00, 0x21, 0x00, 0x21, 0x00, 0x21, 0x00, 0x21, 0x00, 0x21, 0x00, 0x21, 0x00,
0x21, 0x00, 0x21, 0x00, 0x21, 0x00, 0x21, 0x00, 0x21, 0x00, 0x21, 0x00, 0x21, 0x00, 0x21, 0x00, 0x21, 0x00, 0x21, 0x00, 0x21, 0x00, 0x21, 0x00,
0x21, 0x00, 0x21, 0x00, 0x21, 0x00, 0x21, 0x00, 0x21, 0x00, 0x21, 0x00, 0x21, 0x00, 0x21, 0x00, 0x21, 0x00, 0x21, 0x00, 0x21, 0x00, 0x21, 0x00,
0x21, 0x00, 0x21, 0x00, 0x21, 0x00, 0x21, 0x00, 0x21, 0x00, 0x21, 0x00, 0x21, 0x00, 0x21, 0x00, 0x21, 0x00, 0x21, 0x00, 0x21, 0x00, 0x21, 0x00,
0x21, 0x00, 0x21, 0x00, 0x21, 0x00, 0x21, 0x00, 0x21, 0x00, 0x21, 0x00, 0x21, 0x00, 0x21, 0x00, 0x21, 0x00, 0x21, 0x00, 0x21, 0x00, 0x21, 0x00,
0x21, 0x00, 0x21, 0x00, 0x21, 0x00, 0x21, 0x00, 0x21, 0x00, 0x21, 0x00, 0x21, 0x00, 0x21, 0x00, 0x21, 0x00, 0x21, 0x00, 0x21, 0x00, 0x21, 0x00,
0x21, 0x00, 0x21, 0x00, 0x21, 0x00, 0x21, 0x00, 0x21, 0x00, 0x21, 0x00, 0x21, 0x00, 0x21, 0x00, 0x21, 0x00, 0x21, 0x00, 0x21, 0x00, 0x21, 0x00,
0x21, 0x00, 0x21, 0x00, 0x21, 0x00, 0x21, 0x00, 0x21, 0x00, 0x21, 0x00, 0x21, 0x00, 0x21, 0x00, 0x21, 0x00, 0x21, 0x00, 0x21, 0x00, 0x21, 0x00,
0x21, 0x00, 0x21, 0x00, 0x21, 0x00, 0x21, 0x00, 0x21, 0x00, 0x21, 0x00, 0x21, 0x00, 0x21, 0x00, 0x21, 0x00, 0x21, 0x00, 0x21, 0x00, 0x21, 0x00,
0x21, 0x00, 0x21, 0x00, 0x21, 0x00, 0x21, 0x00, 0x21, 0x00, 0x21, 0x00, 0x21, 0x00, 0x21, 0x00, 0x21, 0x00, 0x21, 0x00, 0x21, 0x00, 0x21, 0x00,
0x21, 0x00, 0x21, 0x00, 0x21, 0x00, 0x21, 0x00, 0x21, 0x00, 0x21, 0x00, 0x21, 0x00, 0x21, 0x00, 0x21, 0x00, 0x21, 0x00, 0x21, 0x00, 0x21, 0x00,
0x21, 0x00, 0x21, 0x00, 0x21, 0x00, 0x21, 0x00, 0x21, 0x00, 0x21, 0x00, 0x21, 0x00, 0x21, 0x00, 0x21, 0x00, 0x21, 0x00, 0x21, 0x00, 0x21, 0x00,
0x21, 0x00, 0x21, 0x00, 0x21, 0x00, 0x21, 0x00, 0x21, 0x00, 0x21, 0x00, 0x21, 0x00, 0x21, 0x00, 0x21, 0x00, 0x21, 0x00, 0x21, 0x00, 0x21, 0x00,
0x21, 0x00, 0x21, 0x00, 0x21, 0x00, 0x21, 0x00, 0x21, 0x00, 0x21, 0x00, 0x21, 0x00, 0x21, 0x00, 0x21, 0x00, 0x21, 0x00, 0x21, 0x00, 0x21, 0x00,
0x21, 0x00, 0x21, 0x00, 0x21, 0x00, 0x21, 0x00, 0x21, 0x00, 0x21, 0x00, 0x21, 0x00, 0x21, 0x00, 0x21, 0x00, 0x21, 0x00, 0x21, 0x00, 0x21, 0x00,
0x21, 0x00, 0x21, 0x00, 0x21, 0x00, 0x21, 0x00, 0x21, 0x00, 0x21, 0x00, 0x21, 0x00, 0x21, 0x00, 0x21, 0x00, 0x21, 0x00, 0x21, 0x00, 0x21, 0x00,
0x21, 0x00, 0x21, 0x00, 0x21, 0x00, 0x21, 0x00, 0x21, 0x00, 0x21, 0x00, 0x21, 0x00, 0x21, 0x00, 0x21, 0x00, 0x21, 0x00, 0x21, 0x00, 0x21, 0x00,
0x21, 0x00, 0x21, 0x00, 0x21, 0x00, 0x21, 0x00, 0x21, 0x00, 0x21, 0x00, 0x21, 0x00, 0x21, 0x00, 0x21, 0x00, 0x21, 0x00, 0x21, 0x00, 0x21, 0x00,
0x21, 0x00, 0x21, 0x00, 0x21, 0x00, 0x21, 0x00, 0x21, 0x00, 0x21, 0x00, 0x21, 0x00, 0x21, 0x00, 0x21, 0x00, 0x21, 0x00, 0x21, 0x00, 0x21, 0x00,
0x21, 0x00, 0x21, 0x00, 0x21, 0x00, 0x21, 0x00, 0x21, 0x00, 0x21, 0x00, 0x21, 0x00, 0x21, 0x00, 0x21, 0x00, 0x21, 0x00, 0x21, 0x00, 0x21, 0x00,
0x21, 0x00, 0x21, 0x00, 0x21, 0x00, 0x21, 0x00, 0x21, 0x00, 0x21, 0x00, 0x21, 0x00, 0x21, 0x00, 0x21, 0x00, 0x21, 0x00, 0x21, 0x00, 0x21, 0x00,
0x21, 0x00, 0x21, 0x00, 0x21, 0x00, 0x21, 0x00, 0x21, 0x00, 0x21, 0x00, 0x21, 0x00, 0x21, 0x00, 0x21, 0x00, 0x21, 0x00, 0x21, 0x00, 0x21, 0x00,
0x21, 0x00, 0x21, 0x00, 0x21, 0x00, 0x21, 0x00, 0x21, 0x00, 0x21, 0x00, 0x21, 0x00, 0x21, 0x00, 0x21, 0x00, 0x21, 0x00, 0x21, 0x00, 0x21, 0x00,
0x21, 0x00, 0x21, 0x00, 0x21, 0x00, 0x21, 0x00, 0x21, 0x00, 0x21, 0x00, 0x21, 0x00, 0x21, 0x00, 0x21, 0x00, 0x21, 0x00, 0x21, 0x00, 0x21, 0x00,
0x21, 0x00, 0x21, 0x00, 0x21, 0x00, 0x21, 0x00, 0x21, 0x00, 0x21, 0x00, 0x21, 0x00, 0x21, 0x00, 0x21, 0x00, 0x21, 0x00, 0x21, 0x00, 0x21, 0x00,
0x21, 0x00, 0x21, 0x00, 0x21, 0x00, 0x21, 0x00, 0x21, 0x00, 0x21, 0x00, 0x21, 0x00, 0x21, 0x00, 0x21, 0x00, 0x21, 0x00, 0x21, 0x00, 0x21, 0x00,
0x21, 0x00, 0x21, 0x00, 0x21, 0x00, 0x21, 0x00, 0x21, 0x00, 0x21, 0x00, 0x21, 0x00, 0x21, 0x00, 0x21, 0x00, 0x21, 0x00, 0x21, 0x00, 0x21, 0x00,
0x21, 0x00, 0x21, 0x00, 0x21, 0x00, 0x21, 0x00, 0x21, 0x00, 0x21, 0x00, 0x21, 0x00, 0x21, 0x00, 0x21, 0x00, 0x21, 0x00, 0x21, 0x00, 0x21, 0x00,
0x21, 0x00, 0x21, 0x00, 0x21, 0x00, 0x21, 0x00, 0x21, 0x00, 0x21, 0x00, 0x21, 0x00, 0x21, 0x00, 0x21, 0x00, 0x21, 0x00, 0x21, 0x00, 0x21, 0x00,
0x21, 0x00, 0x21, 0x00, 0x21, 0x00, 0x21, 0x00, 0x21, 0x00, 0x21, 0x00, 0x21, 0x00, 0x21, 0x00, 0x21, 0x00, 0x21, 0x00, 0x21, 0x00, 0x21, 0x00,
0x21, 0x00, 0x21, 0x00, 0x21, 0x00, 0x21, 0x00, 0x21, 0x00, 0x21, 0x00, 0x21, 0x00, 0x21, 0x00, 0x21, 0x00, 0x21, 0x00, 0x21, 0x00, 0x21, 0x00,
0x21, 0x00, 0x21, 0x00, 0x21, 0x00, 0x21, 0x00, 0x21, 0x00, 0x21, 0x00, 0x21, 0x00, 0x21, 0x00, 0x21, 0x00, 0x21, 0x00, 0x21, 0x00, 0x21, 0x00,
0x21, 0x00, 0x21, 0x00, 0x21, 0x00, 0x21, 0x00, 0x21, 0x00, 0x21, 0x00, 0x21, 0x00, 0x21, 0x00, 0x21, 0x00, 0x21, 0x00, 0x21, 0x00, 0x21, 0x00,
0x21, 0x00, 0x21, 0x00, 0x21, 0x00, 0x21, 0x00, 0x21, 0x00, 0x21, 0x00, 0x21, 0x00, 0x21, 0x00, 0x21, 0x00, 0x21, 0x00, 0x21, 0x00, 0x21, 0x00,
0x21, 0x00, 0x21, 0x00, 0x21, 0x00, 0x21, 0x00, 0x21, 0x00, 0x21, 0x00, 0x21, 0x00, 0x21, 0x00, 0x21, 0x00, 0x21, 0x00, 0x21, 0x00, 0x21, 0x00,
0x21, 0x00, 0x21, 0x00, 0x21, 0x00, 0x21, 0x00, 0x21, 0x00, 0x21, 0x00, 0x21, 0x00, 0x21, 0x00, 0x21, 0x00, 0x21, 0x00, 0x21, 0x00, 0x21, 0x00,
0x21, 0x00, 0x21, 0x00, 0x21, 0x00, 0x21, 0x00, 0x21, 0x00, 0x21, 0x00, 0x21, 0x00, 0x21, 0x00, 0x21, 0x00, 0x21, 0x00, 0x21, 0x00, 0x21, 0x00,
0x21, 0x00, 0x21, 0x00, 0x21, 0x00, 0x21, 0x00, 0x21, 0x00, 0x21, 0x00, 0x21, 0x00, 0x21, 0x00, 0x21, 0x00, 0x21, 0x00, 0x21, 0x00, 0x21, 0x00,
0x21, 0x00, 0x21, 0x00, 0x21, 0x00, 0x21, 0x00, 0x21, 0x00, 0x21, 0x00, 0x21, 0x00, 0x21, 0x00, 0x21, 0x00, 0x21, 0x00, 0x21, 0x00, 0x21, 0x00,
0x21, 0x00, 0x21, 0x00, 0x21, 0x00, 0x21, 0x00, 0x21, 0x00, 0x21, 0x00, 0x21, 0x00, 0x21, 0x00, 0x21, 0x00, 0x21, 0x00, 0x21, 0x00, 0x21, 0x00,
0x21, 0x00, 0x21, 0x00, 0x21, 0x00, 0x21, 0x00, 0x21, 0x00, 0x21, 0x00, 0x21, 0x00, 0x21, 0x00, 0x21, 0x00, 0x21, 0x00, 0x21, 0x00, 0x21, 0x00,
0x21, 0x00, 0x21, 0x00, 0x21, 0x00, 0x21, 0x00, 0x21, 0x00, 0x21, 0x00, 0x21, 0x00, 0x21, 0x00, 0x21, 0x00, 0x21, 0x00, 0x21, 0x00, 0x21, 0x00,
0x21, 0x00, 0x21, 0x00, 0x21, 0x00, 0x21, 0x00, 0x21, 0x00, 0x21, 0x00, 0x21, 0x00, 0x21, 0x00, 0x21, 0x00, 0x21, 0x00, 0x21, 0x00, 0x21, 0x00,
0x21, 0x00, 0x21, 0x00, 0x21, 0x00, 0x21, 0x00, 0x21, 0x00, 0x21, 0x00, 0x21, 0x00, 0x21, 0x00, 0x21, 0x00, 0x21, 0x00, 0x21, 0x00, 0x21, 0x00,
0x21, 0x00, 0x21, 0x00, 0x21, 0x00, 0x21, 0x00, 0x21, 0x00, 0x21, 0x00, 0x21, 0x00, 0x21, 0x00, 0x21, 0x00, 0x21, 0x00, 0x21, 0x00, 0x21, 0x00,
0x21, 0x00, 0x21, 0x00, 0x21, 0x00, 0x21, 0x00, 0x21, 0x00, 0x21, 0x00, 0x21, 0x00, 0x21, 0x00, 0x21, 0x00, 0x21, 0x00, 0x21, 0x00, 0x21, 0x00,
0x21, 0x00, 0x21, 0x00, 0x21, 0x00, 0x21, 0x00, 0x21, 0x00, 0x21, 0x00, 0x21, 0x00, 0x21, 0x00, 0x21, 0x00, 0x21, 0x00, 0x21, 0x00, 0x21, 0x00,
0x21, 0x00, 0x21, 0x00, 0x21, 0x00, 0x21, 0x00, 0x21, 0x00, 0x21, 0x00, 0x21, 0x00, 0x21, 0x00, 0x21, 0x00, 0x21, 0x00, 0x21, 0x00, 0x21, 0x00,
0x21, 0x00, 0x21, 0x00, 0x21, 0x00, 0x21, 0x00, 0x21, 0x00, 0x21, 0x00, 0x21, 0x00, 0x21, 0x00, 0x21, 0x00, 0x21, 0x00, 0x21, 0x00, 0x21, 0x00,
0x21, 0x00, 0x21, 0x00, 0x21, 0x00, 0x21, 0x00, 0x21, 0x00, 0x21, 0x00, 0x21, 0x00, 0x21, 0x00, 0x21, 0x00, 0x21, 0x00, 0x21, 0x00, 0x21, 0x00,
0x21, 0x00, 0x21, 0x00, 0x21, 0x00, 0x21, 0x00, 0x21, 0x00, 0x21, 0x00, 0x21, 0x00, 0x21, 0x00, 0x21, 0x00, 0x21, 0x00, 0x21, 0x00, 0x21, 0x00,
0x21, 0x00, 0x21, 0x00, 0x21, 0x00, 0x21, 0x00, 0x21, 0x00, 0x21, 0x00, 0x21, 0x00, 0x21, 0x00, 0x21, 0x00, 0x21, 0x00, 0x21, 0x00, 0x21, 0x00,
0x21, 0x00, 0x21, 0x00, 0x21, 0x00, 0x21, 0x00, 0x21, 0x00, 0x21, 0x00, 0x21, 0x00, 0x21, 0x00, 0x21, 0x00, 0x21, 0x00, 0x21, 0x00, 0x21, 0x00,
0x21, 0x00, 0x21, 0x00, 0x21, 0x00, 0x21, 0x00, 0x21, 0x00, 0x21, 0x00, 0x21, 0x00, 0x21, 0x00, 0x21, 0x00, 0x21, 0x00, 0x21, 0x00, 0x21, 0x00,
0x21, 0x00, 0x21, 0x00, 0x21, 0x00, 0x21, 0x00, 0x21, 0x00, 0x21, 0x00, 0x21, 0x00, 0x21, 0x00, 0x21, 0x00, 0x21, 0x00, 0x21, 0x00, 0x21, 0x00,
0x21, 0x00, 0x21, 0x00, 0x21, 0x00, 0x21, 0x00, 0x21, 0x00, 0x21, 0x00, 0x21, 0x00, 0x21, 0x00, 0x21, 0x00, 0x21, 0x00, 0x21, 0x00, 0x21, 0x00,
0x21, 0x00, 0x21, 0x00, 0x21, 0x00, 0x21, 0x00, 0x21, 0x00, 0x21, 0x00, 0x21, 0x00, 0x21, 0x00, 0x21, 0x00, 0x21, 0x00, 0x21, 0x00, 0x21, 0x00,
0x21, 0x00, 0x21, 0x00, 0x21, 0x00, 0x21, 0x00, 0x21, 0x00, 0x21, 0x00, 0x21, 0x00, 0x21, 0x00, 0x21, 0x00, 0x21, 0x00, 0x21, 0x00, 0x21, 0x00,
0x21, 0x00, 0x21, 0x00, 0x21, 0x00, 0x21, 0x00, 0x21, 0x00, 0x21, 0x00, 0x21, 0x00, 0x21, 0x00, 0x21, 0x00, 0x21, 0x00, 0x21, 0x00, 0x21, 0x00,
0x21, 0x00, 0x21, 0x00, 0x21, 0x00, 0x21, 0x00, 0x21, 0x00, 0x21, 0x00, 0x21, 0x00, 0x21, 0x00, 0x21, 0x00, 0x21, 0x00, 0x21, 0x00, 0x21, 0x00,
0x21, 0x00, 0x21, 0x00, 0x21, 0x00, 0x21, 0x00, 0x21, 0x00, 0x21, 0x00, 0x21, 0x00, 0x21, 0x00, 0x21, 0x00, 0x21, 0x00, 0x21, 0x00, 0x21, 0x00,
0x21, 0x00, 0x21, 0x00, 0x21, 0x00, 0x21, 0x00, 0x21, 0x00, 0x21, 0x00, 0x21, 0x00, 0x21, 0x00, 0x21, 0x00, 0x21, 0x00, 0x21, 0x00, 0x21, 0x00,
0x21, 0x00, 0x21, 0x00, 0x21, 0x00, 0x21, 0x00, 0x21, 0x00, 0x21, 0x00, 0x21, 0x00, 0x21, 0x00, 0x21, 0x00, 0x21, 0x00, 0x21, 0x00, 0x21, 0x00,
0x21, 0x00, 0x21, 0x00, 0x21, 0x00, 0x21, 0x00, 0x21, 0x00, 0x21, 0x00, 0x21, 0x00, 0x21, 0x00, 0x21, 0x00, 0x21, 0x00, 0x21, 0x00, 0x21, 0x00,
0x21, 0x00, 0x21, 0x00, 0x21, 0x00, 0x21, 0x00, 0x21, 0x00, 0x21, 0x00, 0x21, 0x00, 0x21, 0x00, 0x21, 0x00, 0x21, 0x00, 0x21, 0x00, 0x21, 0x00,
0x21, 0x00, 0x21, 0x00, 0x21, 0x00, 0x21, 0x00, 0x21, 0x00, 0x21, 0x00, 0x21, 0x00, 0x21, 0x00, 0x21, 0x00, 0x21, 0x00, 0x21, 0x00, 0x21, 0x00,
0x21, 0x00, 0x21, 0x00, 0x21, 0x00, 0x21, 0x00, 0x21, 0x00, 0x21, 0x00, 0x21, 0x00, 0x21, 0x00, 0x21, 0x00, 0x21, 0x00, 0x21, 0x00, 0x21, 0x00,
0x21, 0x00, 0x21, 0x00, 0x21, 0x00, 0x21, 0x00, 0x21, 0x00, 0x21, 0x00, 0x21, 0x00, 0x21, 0x00, 0x21, 0x00, 0x21, 0x00, 0x21, 0x00, 0x21, 0x00,
0x21, 0x00, 0x21, 0x00, 0x21, 0x00, 0x21, 0x00, 0x21, 0x00, 0x21, 0x00, 0x21, 0x00, 0x21, 0x00, 0x21, 0x00, 0x21, 0x00, 0x21, 0x00, 0x21, 0x00,
0x21, 0x00, 0x21, 0x00, 0x21, 0x00, 0x21, 0x00, 0x21, 0x00, 0x21, 0x00, 0x21, 0x00, 0x21, 0x00, 0x21, 0x00, 0x21, 0x00, 0x21, 0x00, 0x21, 0x00,
0x21, 0x00, 0x21, 0x00, 0x21, 0x00, 0x21, 0x00, 0x21, 0x00, 0x21, 0x00, 0x21, 0x00, 0x21, 0x00, 0x21, 0x00, 0x21, 0x00, 0x21, 0x00, 0x21, 0x00,
0x21, 0x00, 0x21, 0x00, 0x21, 0x00, 0x21, 0x00, 0x21, 0x00, 0x21, 0x00, 0x21, 0x00, 0x21, 0x00, 0x21, 0x00, 0x21, 0x00, 0x21, 0x00, 0x21, 0x00,
0x21, 0x00, 0x21, 0x00, 0x21, 0x00, 0x21, 0x00, 0x21, 0x00, 0x21, 0x00, 0x21, 0x00, 0x21, 0x00, 0x21, 0x00, 0x21, 0x00, 0x21, 0x00, 0x21, 0x00,
0x21, 0x00, 0x21, 0x00, 0x21, 0x00, 0x21, 0x00, 0x21, 0x00, 0x21, 0x00, 0x21, 0x00, 0x21, 0x00, 0x21, 0x00, 0x21, 0x00, 0x21, 0x00, 0x21, 0x00,
0x21, 0x00, 0x21, 0x00, 0x21, 0x00, 0x21, 0x00, 0x21, 0x00, 0x21, 0x00, 0x21, 0x00, 0x21, 0x00, 0x21, 0x00, 0x21, 0x00, 0x21, 0x00, 0x21, 0x00,
0x21, 0x00, 0x21, 0x00, 0x21, 0x00, 0x21, 0x00, 0x21, 0x00, 0x21, 0x00, 0x21, 0x00, 0x21, 0x00, 0x21, 0x00, 0x21, 0x00, 0x21, 0x00, 0x21, 0x00,
0x21, 0x00, 0x21, 0x00, 0x21, 0x00, 0x21, 0x00, 0x21, 0x00, 0x21, 0x00, 0x21, 0x00, 0x21, 0x00, 0x21, 0x00, 0x21, 0x00, 0x21, 0x00, 0x21, 0x00,
0x21, 0x00, 0x21, 0x00, 0x21, 0x00, 0x21, 0x00, 0x21, 0x00, 0x21, 0x00, 0x21, 0x00, 0x21, 0x00, 0x21, 0x00, 0x21, 0x00, 0x21, 0x00, 0x21, 0x00,
0x21, 0x00, 0x21, 0x00, 0x21, 0x00, 0x21, 0x00, 0x21, 0x00, 0x21, 0x00, 0x21, 0x00, 0x21, 0x00, 0x21, 0x00, 0x21, 0x00, 0x21, 0x00, 0x21, 0x00,
0x21, 0x00, 0x21, 0x00, 0x21, 0x00, 0x21, 0x00, 0x21, 0x00, 0x21, 0x00, 0x21, 0x00, 0x21, 0x00, 0x21, 0x00, 0x21, 0x00, 0x21, 0x00, 0x21, 0x00,
0x21, 0x00, 0x21, 0x00, 0x21, 0x00, 0x21, 0x00, 0x21, 0x00, 0x21, 0x00, 0x21, 0x00, 0x21, 0x00, 0x21, 0x00, 0x21, 0x00, 0x21, 0x00, 0x21, 0x00,
0x21, 0x00, 0x21, 0x00, 0x21, 0x00, 0x21, 0x00, 0x21, 0x00, 0x21, 0x00, 0x21, 0x00, 0x21, 0x00, 0x21, 0x00, 0x21, 0x00, 0x21, 0x00, 0x21, 0x00,
0x21, 0x00, 0x21, 0x00, 0x21, 0x00, 0x21, 0x00, 0x21, 0x00, 0x21, 0x00, 0x21, 0x00, 0x21, 0x00, 0x21, 0x00, 0x21, 0x00, 0x21, 0x00, 0x21, 0x00,
0x21, 0x00, 0x21, 0x00, 0x21, 0x00, 0x21, 0x00, 0x21, 0x00, 0x21, 0x00, 0x21, 0x00, 0x21, 0x00, 0x21, 0x00, 0x21, 0x00, 0x21, 0x00, 0x21, 0x00,
0x21, 0x00, 0x21, 0x00, 0x21, 0x00, 0x21, 0x00, 0x21, 0x00, 0x21, 0x00, 0x21, 0x00, 0x21, 0x00, 0x21, 0x00, 0x21, 0x00, 0x21, 0x00, 0x21, 0x00,
0x21, 0x00, 0x21, 0x00, 0x21, 0x00, 0x21, 0x00, 0x21, 0x00, 0x21, 0x00, 0x21, 0x00, 0x21, 0x00, 0x21, 0x00, 0x21, 0x00, 0x21, 0x00, 0x21, 0x00,
0x21, 0x00, 0x21, 0x00, 0x21, 0x00, 0x21, 0x00, 0x21, 0x00, 0x21, 0x00, 0x21, 0x00, 0x21, 0x00, 0x21, 0x00, 0x21, 0x00, 0x21, 0x00, 0x21, 0x00,
0x21, 0x00, 0x21, 0x00, 0x21, 0x00, 0x21, 0x00, 0x21, 0x00, 0x21, 0x00, 0x21, 0x00, 0x21, 0x00, 0x21, 0x00, 0x21, 0x00, 0x21, 0x00, 0x21, 0x00,
0x21, 0x00, 0x21, 0x00, 0x21, 0x00, 0x21, 0x00, 0x21, 0x00, 0x21, 0x00, 0x21, 0x00, 0x21, 0x00, 0x21, 0x00, 0x21, 0x00, 0x21, 0x00, 0x21, 0x00,
0x21, 0x00, 0x21, 0x00, 0x21, 0x00, 0x21, 0x00, 0x21, 0x00, 0x21, 0x00, 0x21, 0x00, 0x21, 0x00, 0x21, 0x00, 0x21, 0x00, 0x21, 0x00, 0x21, 0x00,
0x21, 0x00, 0x21, 0x00, 0x21, 0x00, 0x21, 0x00, 0x21, 0x00, 0x21, 0x00, 0x21, 0x00, 0x21, 0x00, 0x21, 0x00, 0x21, 0x00, 0x21, 0x00, 0x21, 0x00,
0x21, 0x00, 0x21, 0x00, 0x21, 0x00, 0x21, 0x00, 0x21, 0x00, 0x21, 0x00, 0x21, 0x00, 0x21, 0x00, 0x21, 0x00, 0x21, 0x00, 0x21, 0x00, 0x21, 0x00,
0x21, 0x00, 0x21, 0x00, 0x21, 0x00, 0x21, 0x00, 0x21, 0x00, 0x21, 0x00, 0x21, 0x00, 0x21, 0x00, 0x21, 0x00, 0x21, 0x00, 0x21, 0x00, 0x21, 0x00,
0x21, 0x00, 0x21, 0x00, 0x21, 0x00, 0x21, 0x00, 0x21, 0x00, 0x21, 0x00, 0x21, 0x00, 0x21, 0x00, 0x21, 0x00, 0x21, 0x00, 0x21, 0x00, 0x21, 0x00,
0x21, 0x00, 0x21, 0x00, 0x21, 0x00, 0x21, 0x00, 0x21, 0x00, 0x21, 0x00, 0x21, 0x00, 0x21, 0x00, 0x21, 0x00, 0x21, 0x00, 0x21, 0x00, 0x21, 0x00,
0x21, 0x00, 0x21, 0x00, 0x21, 0x00, 0x21, 0x00, 0x21, 0x00, 0x21, 0x00, 0x21, 0x00, 0x21, 0x00, 0x21, 0x00, 0x21, 0x00, 0x21, 0x00, 0x21, 0x00,
0x21, 0x00, 0x21, 0x00, 0x21, 0x00, 0x21, 0x00, 0x21, 0x00, 0x21, 0x00, 0x21, 0x00, 0x21, 0x00, 0x21, 0x00, 0x21, 0x00, 0x21, 0x00, 0x21, 0x00,
0x21, 0x00, 0x21, 0x00, 0x21, 0x00, 0x21, 0x00, 0x21, 0x00, 0x21, 0x00, 0x21, 0x00, 0x21, 0x00, 0x21, 0x00, 0x21, 0x00, 0x21, 0x00, 0x21, 0x00,
0x21, 0x00, 0x21, 0x00, 0x21, 0x00, 0x21, 0x00, 0x21, 0x00, 0x21, 0x00, 0x21, 0x00, 0x21, 0x00, 0x21, 0x00, 0x21, 0x00, 0x21, 0x00, 0x21, 0x00,
0x21, 0x00, 0x21, 0x00, 0x21, 0x00, 0x21, 0x00, 0x21, 0x00, 0x21, 0x00, 0x21, 0x00, 0x21, 0x00, 0x21, 0x00, 0x21, 0x00, 0x21, 0x00, 0x21, 0x00,
0x21, 0x00, 0x21, 0x00, 0x21, 0x00, 0x21, 0x00, 0x21, 0x00, 0x21, 0x00, 0x21, 0x00, 0x21, 0x00, 0x21, 0x00, 0x21, 0x00, 0x21, 0x00, 0x21, 0x00,
0x21, 0x00, 0x21, 0x00, 0x21, 0x00, 0x21, 0x00, 0x21, 0x00, 0x21, 0x00, 0x21, 0x00, 0x21, 0x00, 0x21, 0x00, 0x21, 0x00, 0x21, 0x00, 0x21, 0x00,
0x21, 0x00, 0x21, 0x00, 0x21, 0x00, 0x21, 0x00, 0x21, 0x00, 0x21, 0x00, 0x21, 0x00, 0x21, 0x00, 0x21, 0x00, 0x21, 0x00, 0x21, 0x00, 0x21, 0x00,
0x21, 0x00, 0x21, 0x00, 0x21, 0x00, 0x21, 0x00, 0x21, 0x00, 0x21, 0x00, 0x21, 0x00, 0x21, 0x00, 0x21, 0x00, 0x21, 0x00, 0x21, 0x00, 0x21, 0x00,
0x21, 0x00, 0x21, 0x00, 0x21, 0x00, 0x21, 0x00, 0x21, 0x00, 0x21, 0x00, 0x21, 0x00, 0x21, 0x00, 0x21, 0x00, 0x21, 0x00, 0x21, 0x00, 0x21, 0x00,
0x21, 0x00, 0x21, 0x00, 0x21, 0x00, 0x21, 0x00, 0x21, 0x00, 0x21, 0x00, 0x21, 0x00, 0x21, 0x00, 0x21, 0x00, 0x21, 0x00, 0x21, 0x00, 0x21, 0x00,
0x21, 0x00, 0x21, 0x00, 0x21, 0x00, 0x21, 0x00, 0x21, 0x00, 0x21, 0x00, 0x21, 0x00, 0x21, 0x00, 0x21, 0x00, 0x21, 0x00, 0x21, 0x00, 0x21, 0x00,
0x21, 0x00, 0x21, 0x00, 0x21, 0x00, 0x21, 0x00, 0x21, 0x00, 0x21, 0x00, 0x21, 0x00, 0x21, 0x00, 0x21, 0x00, 0x21, 0x00, 0x21, 0x00, 0x21, 0x00,
0x21, 0x00, 0x21, 0x00, 0x21, 0x00, 0x21, 0x00, 0x21, 0x00, 0x21, 0x00, 0x21, 0x00, 0x21, 0x00, 0x21, 0x00, 0x21, 0x00, 0x21, 0x00, 0x21, 0x00,
0x21, 0x00, 0x21, 0x00, 0x21, 0x00, 0x21, 0x00, 0x21, 0x00, 0x21, 0x00, 0x21, 0x00, 0x21, 0x00, 0x21, 0x00, 0x21, 0x00, 0x21, 0x00, 0x21, 0x00,
0x21, 0x00, 0x21, 0x00, 0x21, 0x00, 0x21, 0x00, 0x21, 0x00, 0x21, 0x00, 0x21, 0x00, 0x21, 0x00, 0x21, 0x00, 0x21, 0x00, 0x21, 0x00, 0x21, 0x00,
0x21, 0x00, 0x21, 0x00, 0x21, 0x00, 0x21, 0x00, 0x21, 0x00, 0x21, 0x00, 0x21, 0x00, 0x21, 0x00, 0x21, 0x00, 0x21, 0x00, 0x21, 0x00, 0x21, 0x00,
0x21, 0x00, 0x21, 0x00, 0x21, 0x00, 0x21, 0x00, 0x21, 0x00, 0x21, 0x00, 0x21, 0x00, 0x21, 0x00, 0x21, 0x00, 0x21, 0x00, 0x21, 0x00, 0x21, 0x00,
0x21, 0x00, 0x21, 0x00, 0x21, 0x00, 0x21, 0x00, 0x21, 0x00, 0x21, 0x00, 0x21, 0x00, 0x21, 0x00, 0x21, 0x00, 0x21, 0x00, 0x21, 0x00, 0x21, 0x00,
0x21, 0x00, 0x21, 0x00, 0x21, 0x00, 0x21, 0x00, 0x21, 0x00, 0x21, 0x00, 0x21, 0x00, 0x21, 0x00, 0x21, 0x00, 0x21, 0x00, 0x21, 0x00, 0x21, 0x00,
0x21, 0x00, 0x21, 0x00, 0x21, 0x00, 0x21, 0x00, 0x21, 0x00, 0x21, 0x00, 0x21, 0x00, 0x21, 0x00, 0x21, 0x00, 0x21, 0x00, 0x21, 0x00, 0x21, 0x00,
0x21, 0x00, 0x21, 0x00, 0x21, 0x00, 0x21, 0x00, 0x21, 0x00, 0x21, 0x00, 0x21, 0x00, 0x21, 0x00, 0x21, 0x00, 0x21, 0x00, 0x21, 0x00, 0x21, 0x00,
0x21, 0x00, 0x21, 0x00, 0x21, 0x00, 0x21, 0x00, 0x21, 0x00, 0x21, 0x00, 0x21, 0x00, 0x21, 0x00, 0x21, 0x00, 0x21, 0x00, 0x21, 0x00, 0x21, 0x00,
0x21, 0x00, 0x21, 0x00, 0x21, 0x00, 0x21, 0x00, 0x21, 0x00, 0x21, 0x00, 0x21, 0x00, 0x21, 0x00, 0x21, 0x00, 0x21, 0x00, 0x21, 0x00, 0x21, 0x00,
0x21, 0x00, 0x21, 0x00, 0x21, 0x00, 0x21, 0x00, 0x21, 0x00, 0x21, 0x00, 0x21, 0x00, 0x21, 0x00, 0x21, 0x00, 0x21, 0x00, 0x21, 0x00, 0x21, 0x00,
0x21, 0x00, 0x21, 0x00, 0x21, 0x00, 0x21, 0x00, 0x21, 0x00, 0x21, 0x00, 0x21, 0x00, 0x21, 0x00, 0x21, 0x00, 0x21, 0x00, 0x21, 0x00, 0x21, 0x00,
0x21, 0x00, 0x21, 0x00, 0x21, 0x00, 0x21, 0x00, 0x21, 0x00, 0x21, 0x00, 0x21, 0x00, 0x21, 0x00, 0x21, 0x00, 0x21, 0x00, 0x21, 0x00, 0x21, 0x00,
0x21, 0x00, 0x21, 0x00, 0x21, 0x00, 0x21, 0x00, 0x21, 0x00, 0x21, 0x00, 0x21, 0x00, 0x21, 0x00, 0x21, 0x00, 0x21, 0x00, 0x21, 0x00, 0x21, 0x00,
0x21, 0x00, 0x21, 0x00, 0x21, 0x00, 0x21, 0x00, 0x21, 0x00, 0x21, 0x00, 0x21, 0x00, 0x21, 0x00, 0x21, 0x00, 0x21, 0x00, 0x21, 0x00, 0x21, 0x00,
0x21, 0x00, 0x21, 0x00, 0x21, 0x00, 0x21, 0x00, 0x21, 0x00, 0x21, 0x00, 0x21, 0x00, 0x21, 0x00, 0x21, 0x00, 0x21, 0x00, 0x21, 0x00, 0x21, 0x00,
0x21, 0x00, 0x21, 0x00, 0x21, 0x00, 0x21, 0x00, 0x21, 0x00, 0x21, 0x00, 0x21, 0x00, 0x21, 0x00, 0x21, 0x00, 0x21, 0x00, 0x21, 0x00, 0x21, 0x00,
0x21, 0x00, 0x21, 0x00, 0x21, 0x00, 0x21, 0x00, 0x21, 0x00, 0x21, 0x00, 0x21, 0x00, 0x21, 0x00, 0x21, 0x00, 0x21, 0x00, 0x21, 0x00, 0x21, 0x00,
0x21, 0x00, 0x21, 0x00, 0x21, 0x00, 0x21, 0x00, 0x21, 0x00, 0x21, 0x00, 0x21, 0x00, 0x21, 0x00, 0x21, 0x00, 0x21, 0x00, 0x21, 0x00, 0x21, 0x00,
0x21, 0x00, 0x21, 0x00, 0x21, 0x00, 0x21, 0x00, 0x21, 0x00, 0x21, 0x00, 0x21, 0x00, 0x21, 0x00, 0x21, 0x00, 0x21, 0x00, 0x21, 0x00, 0x21, 0x00,
0x21, 0x00, 0x21, 0x00, 0x21, 0x00, 0x21, 0x00, 0x21, 0x00, 0x21, 0x00, 0x21, 0x00, 0x21, 0x00, 0x21, 0x00, 0x21, 0x00, 0x21, 0x00, 0x21, 0x00,
0x21, 0x00, 0x21, 0x00, 0x21, 0x00, 0x21, 0x00, 0x21, 0x00, 0x21, 0x00, 0x21, 0x00, 0x21, 0x00, 0x21, 0x00, 0x21, 0x00, 0x21, 0x00, 0x21, 0x00,
0x21, 0x00, 0x21, 0x00, 0x21, 0x00, 0x21, 0x00, 0x21, 0x00, 0x21, 0x00, 0x21, 0x00, 0x21, 0x00, 0x21, 0x00, 0x21, 0x00, 0x21, 0x00, 0x21, 0x00,
0x21, 0x00, 0x21, 0x00, 0x21, 0x00, 0x21, 0x00, 0x21, 0x00, 0x21, 0x00, 0x21, 0x00, 0x21, 0x00, 0x21, 0x00, 0x21, 0x00, 0x21, 0x00, 0x21, 0x00,
0x21, 0x00, 0x21, 0x00, 0x21, 0x00, 0x21, 0x00, 0x21, 0x00, 0x21, 0x00, 0x21, 0x00, 0x21, 0x00, 0x21, 0x00, 0x21, 0x00, 0x21, 0x00, 0x21, 0x00,
0x21, 0x00, 0x21, 0x00, 0x21, 0x00, 0x21, 0x00, 0x21, 0x00, 0x21, 0x00, 0x21, 0x00, 0x21, 0x00, 0x21, 0x00, 0x21, 0x00, 0x21, 0x00, 0x21, 0x00,
0x21, 0x00, 0x21, 0x00, 0x21, 0x00, 0x21, 0x00, 0x21, 0x00, 0x21, 0x00, 0x21, 0x00, 0x21, 0x00, 0x21, 0x00, 0x21, 0x00, 0x21, 0x00, 0x21, 0x00,
0x21, 0x00, 0x21, 0x00, 0x21, 0x00, 0x21, 0x00, 0x21, 0x00, 0x21, 0x00, 0x21, 0x00, 0x21, 0x00, 0x21, 0x00, 0x21, 0x00, 0x21, 0x00, 0x21, 0x00,
0x21, 0x00, 0x21, 0x00, 0x21, 0x00, 0x21, 0x00, 0x21, 0x00, 0x21, 0x00, 0x21, 0x00, 0x21, 0x00, 0x21, 0x00, 0x21, 0x00, 0x21, 0x00, 0x21, 0x00,
0x21, 0x00, 0x21, 0x00, 0x21, 0x00, 0x21, 0x00, 0x21, 0x00, 0x21, 0x00, 0x21, 0x00, 0x21, 0x00, 0x21, 0x00, 0x21, 0x00, 0x21, 0x00, 0x21, 0x00,
0x21, 0x00, 0x21, 0x00, 0x21, 0x00, 0x21, 0x00, 0x21, 0x00, 0x21, 0x00, 0x21, 0x00, 0x21, 0x00, 0x21, 0x00, 0x21, 0x00, 0x21, 0x00, 0x21, 0x00,
0x21, 0x00, 0x21, 0x00, 0x21, 0x00, 0x21, 0x00, 0x21, 0x00, 0x21, 0x00, 0x21, 0x00, 0x21, 0x00, 0x21, 0x00, 0x21, 0x00, 0x21, 0x00, 0x21, 0x00,
0x21, 0x00, 0x21, 0x00, 0x21, 0x00, 0x21, 0x00, 0x21, 0x00, 0x21, 0x00, 0x21, 0x00, 0x21, 0x00, 0x21, 0x00, 0x21, 0x00, 0x21, 0x00, 0x21, 0x00,
0x21, 0x00, 0x21, 0x00, 0x21, 0x00, 0x21, 0x00, 0x21, 0x00, 0x21, 0x00, 0x21, 0x00, 0x21, 0x00, 0x21, 0x00, 0x21, 0x00, 0x21, 0x00, 0x21, 0x00,
0x21, 0x00, 0x21, 0x00, 0x21, 0x00, 0x21, 0x00, 0x21, 0x00, 0x21, 0x00, 0x21, 0x00, 0x21, 0x00, 0x21, 0x00, 0x21, 0x00, 0x21, 0x00, 0x21, 0x00,
0x21, 0x00, 0x21, 0x00, 0x21, 0x00, 0x21, 0x00, 0x21, 0x00, 0x21, 0x00, 0x21, 0x00, 0x21, 0x00, 0x21, 0x00, 0x21, 0x00, 0x21, 0x00, 0x21, 0x00,
0x21, 0x00, 0x21, 0x00, 0x21, 0x00, 0x21, 0x00, 0x21, 0x00, 0x21, 0x00, 0x21, 0x00, 0x21, 0x00, 0x21, 0x00, 0x21, 0x00, 0x21, 0x00, 0x21, 0x00,
0x21, 0x00, 0x21, 0x00, 0x21, 0x00, 0x21, 0x00, 0x21, 0x00, 0x21, 0x00, 0x21, 0x00, 0x21, 0x00, 0x21, 0x00, 0x21, 0x00, 0x21, 0x00, 0x21, 0x00,
0x21, 0x00, 0x21, 0x00, 0x21, 0x00, 0x21, 0x00, 0x21, 0x00, 0x21, 0x00, 0x21, 0x00, 0x21, 0x00, 0x21, 0x00, 0x21, 0x00, 0x21, 0x00, 0x21, 0x00,
0x21, 0x00, 0x21, 0x00, 0x21, 0x00, 0x21, 0x00, 0x21, 0x00, 0x21, 0x00, 0x21, 0x00, 0x21, 0x00, 0x21, 0x00, 0x21, 0x00, 0x21, 0x00, 0x21, 0x00,
0x21, 0x00, 0x21, 0x00, 0x21, 0x00, 0x21, 0x00, 0x21, 0x00, 0x21, 0x00, 0x21, 0x00, 0x21, 0x00, 0x21, 0x00, 0x21, 0x00, 0x21, 0x00, 0x21, 0x00,
0x21, 0x00, 0x21, 0x00, 0x21, 0x00, 0x21, 0x00, 0x21, 0x00, 0x21, 0x00, 0x21, 0x00, 0x21, 0x00, 0x21, 0x00, 0x21, 0x00, 0x21, 0x00, 0x21, 0x00,
0x21, 0x00, 0x21, 0x00, 0x21, 0x00, 0x21, 0x00, 0x21, 0x00, 0x21, 0x00, 0x21, 0x00, 0x21, 0x00, 0x21, 0x00, 0x21, 0x00, 0x21, 0x00, 0x21, 0x00,
0x21, 0x00, 0x21, 0x00, 0x21, 0x00, 0x21, 0x00, 0x21, 0x00, 0x21, 0x00, 0x21, 0x00, 0x21, 0x00, 0x21, 0x00, 0x21, 0x00, 0x21, 0x00, 0x21, 0x00,
0x21, 0x00, 0x21, 0x00, 0x21, 0x00, 0x21, 0x00, 0x21, 0x00, 0x21, 0x00, 0x21, 0x00, 0x21, 0x00, 0x21, 0x00, 0x21, 0x00, 0x21, 0x00, 0x21, 0x00,
0x21, 0x00, 0x21, 0x00, 0x21, 0x00, 0x21, 0x00, 0x21, 0x00, 0x21, 0x00, 0x21, 0x00, 0x21, 0x00, 0x21, 0x00, 0x21, 0x00, 0x21, 0x00, 0x21, 0x00,
0x21, 0x00, 0x21, 0x00, 0x21, 0x00, 0x21, 0x00, 0x21, 0x00, 0x21, 0x00, 0x21, 0x00, 0x21, 0x00, 0x21, 0x00, 0x21, 0x00, 0x21, 0x00, 0x21, 0x00,
0x21, 0x00, 0x21, 0x00, 0x22, 0x00, 0x22, 0x00, 0x22, 0x00, 0x22, 0x00, 0x22, 0x00, 0x22, 0x00, 0x22, 0x00, 0x22, 0x00, 0x22, 0x00, 0x22, 0x00,
0x22, 0x00, 0x22, 0x00, 0x21, 0x00, 0x21, 0x00, 0x21, 0x00, 0x21, 0x00, 0x21, 0x00, 0x21, 0x00, 0x21, 0x00, 0x21, 0x00, 0x21, 0x00, 0x21, 0x00,
0x21, 0x00, 0x21, 0x00, 0x21, 0x00, 0x21, 0x00, 0x21, 0x00, 0x21, 0x00, 0x21, 0x00, 0x21, 0x00, 0x21, 0x00, 0x21, 0x00, 0x21, 0x00, 0x21, 0x00,
0x21, 0x00, 0x21, 0x00, 0x21, 0x00, 0x21, 0x00, 0x21, 0x00, 0x21, 0x00, 0x21, 0x00, 0x21, 0x00, 0x21, 0x00, 0x21, 0x00, 0x21, 0x00, 0x21, 0x00,
0x21, 0x00, 0x21, 0x00, 0x21, 0x00, 0x21, 0x00, 0x21, 0x00, 0x21, 0x00, 0x21, 0x00, 0x21, 0x00, 0x21, 0x00, 0x21, 0x00, 0x21, 0x00, 0x21, 0x00,
0x21, 0x00, 0x21, 0x00, 0x21, 0x00, 0x21, 0x00, 0x21, 0x00, 0x21, 0x00, 0x21, 0x00, 0x21, 0x00, 0x21, 0x00, 0x21, 0x00, 0x21, 0x00, 0x21, 0x00,
0x21, 0x00, 0x21, 0x00, 0x21, 0x00, 0x21, 0x00, 0x21, 0x00, 0x21, 0x00, 0x21, 0x00, 0x21, 0x00, 0x21, 0x00, 0x21, 0x00, 0x21, 0x00, 0x21, 0x00,
0x21, 0x00, 0x21, 0x00, 0x21, 0x00, 0x21, 0x00, 0x21, 0x00, 0x21, 0x00, 0x21, 0x00, 0x21, 0x00, 0x21, 0x00, 0x21, 0x00, 0x21, 0x00, 0x21, 0x00,
0x21, 0x00, 0x21, 0x00, 0x21, 0x00, 0x21, 0x00, 0x21, 0x00, 0x21, 0x00, 0x21, 0x00, 0x21, 0x00, 0x21, 0x00, 0x21, 0x00, 0x21, 0x00, 0x21, 0x00,
0x21, 0x00, 0x21, 0x00, 0x21, 0x00, 0x21, 0x00, 0x21, 0x00, 0x21, 0x00, 0x21, 0x00, 0x21, 0x00, 0x21, 0x00, 0x21, 0x00, 0x21, 0x00, 0x21, 0x00,
0x21, 0x00, 0x21, 0x00, 0x21, 0x00, 0x21, 0x00, 0x21, 0x00, 0x21, 0x00, 0x21, 0x00, 0x21, 0x00, 0x21, 0x00, 0x21, 0x00, 0x21, 0x00, 0x21, 0x00,
0x21, 0x00, 0x21, 0x00, 0x21, 0x00, 0x21, 0x00, 0x21, 0x00, 0x21, 0x00, 0x21, 0x00, 0x21, 0x00, 0x21, 0x00, 0x21, 0x00, 0x21, 0x00, 0x21, 0x00,
0x21, 0x00, 0x21, 0x00, 0x21, 0x00, 0x21, 0x00, 0x21, 0x00, 0x21, 0x00, 0x21, 0x00, 0x21, 0x00, 0x21, 0x00, 0x21, 0x00, 0x21, 0x00, 0x21, 0x00,
0x21, 0x00, 0x21, 0x00, 0x21, 0x00, 0x21, 0x00, 0x21, 0x00, 0x21, 0x00, 0x21, 0x00, 0x21, 0x00, 0x21, 0x00, 0x21, 0x00, 0x21, 0x00, 0x21, 0x00,
0x21, 0x00, 0x21, 0x00, 0x21, 0x00, 0x21, 0x00, 0x21, 0x00, 0x21, 0x00, 0x21, 0x00, 0x21, 0x00, 0x21, 0x00, 0x21, 0x00, 0x21, 0x00, 0x21, 0x00,
0x21, 0x00, 0x21, 0x00, 0x21, 0x00, 0x21, 0x00, 0x21, 0x00, 0x21, 0x00, 0x21, 0x00, 0x21, 0x00, 0x21, 0x00, 0x21, 0x00, 0x21, 0x00, 0x21, 0x00,
0x21, 0x00, 0x21, 0x00, 0x22, 0x00, 0x22, 0x00, 0x22, 0x00, 0x22, 0x00, 0x22, 0x00, 0x22, 0x00, 0x22, 0x00, 0x22, 0x00, 0x22, 0x00, 0x22, 0x00,
0x22, 0x00, 0x22, 0x00, 0x22, 0x00, 0x22, 0x00, 0x22, 0x00, 0x22, 0x00, 0x22, 0x00, 0x22, 0x00, 0x22, 0x00, 0x22, 0x00, 0x22, 0x00, 0x22, 0x00,
0x22, 0x00, 0x22, 0x00, 0x22, 0x00, 0x22, 0x00, 0x22, 0x00, 0x22, 0x00, 0x21, 0x00, 0x21, 0x00, 0x21, 0x00, 0x21, 0x00, 0x21, 0x00, 0x21, 0x00,
0x21, 0x00, 0x21, 0x00, 0x21, 0x00, 0x21, 0x00, 0x21, 0x00, 0x21, 0x00, 0x21, 0x00, 0x21, 0x00, 0x21, 0x00, 0x21, 0x00, 0x21, 0x00, 0x21, 0x00,
0x21, 0x00, 0x21, 0x00, 0x21, 0x00, 0x21, 0x00, 0x21, 0x00, 0x21, 0x00, 0x21, 0x00, 0x21, 0x00, 0x21, 0x00, 0x21, 0x00, 0x21, 0x00, 0x21, 0x00,
0x21, 0x00, 0x21, 0x00, 0x21, 0x00, 0x21, 0x00, 0x21, 0x00, 0x21, 0x00, 0x21, 0x00, 0x21, 0x00, 0x21, 0x00, 0x21, 0x00, 0x21, 0x00, 0x21, 0x00,
0x21, 0x00, 0x21, 0x00, 0x21, 0x00, 0x21, 0x00, 0x21, 0x00, 0x21, 0x00, 0x21, 0x00, 0x21, 0x00, 0x21, 0x00, 0x21, 0x00, 0x21, 0x00, 0x21, 0x00,
0x21, 0x00, 0x21, 0x00, 0x21, 0x00, 0x21, 0x00, 0x21, 0x00, 0x21, 0x00, 0x21, 0x00, 0x21, 0x00, 0x21, 0x00, 0x21, 0x00, 0x21, 0x00, 0x21, 0x00,
0x21, 0x00, 0x21, 0x00, 0x21, 0x00, 0x21, 0x00, 0x21, 0x00, 0x21, 0x00, 0x21, 0x00, 0x21, 0x00, 0x21, 0x00, 0x21, 0x00, 0x21, 0x00, 0x21, 0x00,
0x21, 0x00, 0x21, 0x00, 0x21, 0x00, 0x21, 0x00, 0x21, 0x00, 0x21, 0x00, 0x21, 0x00, 0x21, 0x00, 0x21, 0x00, 0x21, 0x00, 0x21, 0x00, 0x21, 0x00,
0x21, 0x00, 0x21, 0x00, 0x21, 0x00, 0x21, 0x00, 0x21, 0x00, 0x21, 0x00, 0x21, 0x00, 0x21, 0x00, 0x21, 0x00, 0x21, 0x00, 0x21, 0x00, 0x21, 0x00,
0x21, 0x00, 0x21, 0x00, 0x21, 0x00, 0x21, 0x00, 0x21, 0x00, 0x21, 0x00, 0x21, 0x00, 0x21, 0x00, 0x21, 0x00, 0x21, 0x00, 0x21, 0x00, 0x21, 0x00,
0x21, 0x00, 0x21, 0x00, 0x21, 0x00, 0x21, 0x00, 0x21, 0x00, 0x21, 0x00, 0x21, 0x00, 0x21, 0x00, 0x21, 0x00, 0x21, 0x00, 0x21, 0x00, 0x21, 0x00,
0x21, 0x00, 0x21, 0x00, 0x21, 0x00, 0x21, 0x00, 0x21, 0x00, 0x21, 0x00, 0x21, 0x00, 0x21, 0x00, 0x21, 0x00, 0x21, 0x00, 0x21, 0x00, 0x21, 0x00,
0x21, 0x00, 0x21, 0x00, 0x21, 0x00, 0x21, 0x00, 0x21, 0x00, 0x21, 0x00, 0x21, 0x00, 0x21, 0x00, 0x21, 0x00, 0x21, 0x00, 0x21, 0x00, 0x21, 0x00,
0x21, 0x00, 0x21, 0x00, 0x21, 0x00, 0x21, 0x00, 0x21, 0x00, 0x21, 0x00, 0x21, 0x00, 0x21, 0x00, 0x21, 0x00, 0x21, 0x00, 0x21, 0x00, 0x21, 0x00,
0x21, 0x00, 0x21, 0x00, 0x21, 0x00, 0x21, 0x00, 0x21, 0x00, 0x22, 0x00, 0x22, 0x00, 0x22, 0x00, 0x22, 0x00, 0x22, 0x00, 0x22, 0x00, 0x22, 0x00,
0x22, 0x00, 0x22, 0x00, 0x22, 0x00, 0x22, 0x00, 0x22, 0x00, 0x22, 0x00, 0x22, 0x00, 0x22, 0x00, 0x22, 0x00, 0x22, 0x00, 0x22, 0x00, 0x22, 0x00,
0x22, 0x00, 0x22, 0x00, 0x22, 0x00, 0x22, 0x00, 0x22, 0x00, 0x22, 0x00, 0x22, 0x00, 0x22, 0x00, 0x22, 0x00, 0x22, 0x00, 0x22, 0x00, 0x22, 0x00,
0x22, 0x00, 0x22, 0x00, 0x22, 0x00, 0x22, 0x00, 0x22, 0x00, 0x22, 0x00, 0x22, 0x00, 0x21, 0x00, 0x21, 0x00, 0x21, 0x00, 0x21, 0x00, 0x21, 0x00,
0x21, 0x00, 0x21, 0x00, 0x21, 0x00, 0x21, 0x00, 0x21, 0x00, 0x21, 0x00, 0x21, 0x00, 0x21, 0x00, 0x21, 0x00, 0x21, 0x00, 0x21, 0x00, 0x21, 0x00,
0x21, 0x00, 0x21, 0x00, 0x21, 0x00, 0x21, 0x00, 0x21, 0x00, 0x21, 0x00, 0x21, 0x00, 0x21, 0x00, 0x21, 0x00, 0x21, 0x00, 0x21, 0x00, 0x21, 0x00,
0x21, 0x00, 0x21, 0x00, 0x21, 0x00, 0x21, 0x00, 0x21, 0x00, 0x21, 0x00, 0x21, 0x00, 0x21, 0x00, 0x21, 0x00, 0x21, 0x00, 0x21, 0x00, 0x21, 0x00,
0x21, 0x00, 0x21, 0x00, 0x21, 0x00, 0x21, 0x00, 0x21, 0x00, 0x21, 0x00, 0x21, 0x00, 0x21, 0x00, 0x21, 0x00, 0x21, 0x00, 0x21, 0x00, 0x21, 0x00,
0x21, 0x00, 0x21, 0x00, 0x21, 0x00, 0x21, 0x00, 0x21, 0x00, 0x21, 0x00, 0x21, 0x00, 0x21, 0x00, 0x21, 0x00, 0x21, 0x00, 0x21, 0x00, 0x21, 0x00,
0x21, 0x00, 0x21, 0x00, 0x21, 0x00, 0x21, 0x00, 0x21, 0x00, 0x21, 0x00, 0x21, 0x00, 0x21, 0x00, 0x21, 0x00, 0x21, 0x00, 0x21, 0x00, 0x21, 0x00,
0x21, 0x00, 0x21, 0x00, 0x21, 0x00, 0x21, 0x00, 0x21, 0x00, 0x21, 0x00, 0x21, 0x00, 0x21, 0x00, 0x21, 0x00, 0x21, 0x00, 0x21, 0x00, 0x21, 0x00,
0x21, 0x00, 0x21, 0x00, 0x21, 0x00, 0x21, 0x00, 0x21, 0x00, 0x21, 0x00, 0x21, 0x00, 0x21, 0x00, 0x21, 0x00, 0x21, 0x00, 0x21, 0x00, 0x21, 0x00,
0x21, 0x00, 0x21, 0x00, 0x21, 0x00, 0x21, 0x00, 0x21, 0x00, 0x21, 0x00, 0x21, 0x00, 0x21, 0x00, 0x21, 0x00, 0x21, 0x00, 0x21, 0x00, 0x21, 0x00,
0x21, 0x00, 0x21, 0x00, 0x21, 0x00, 0x21, 0x00, 0x21, 0x00, 0x21, 0x00, 0x21, 0x00, 0x21, 0x00, 0x21, 0x00, 0x21, 0x00, 0x21, 0x00, 0x21, 0x00,
0x21, 0x00, 0x21, 0x00, 0x21, 0x00, 0x21, 0x00, 0x21, 0x00, 0x21, 0x00, 0x21, 0x00, 0x21, 0x00, 0x21, 0x00, 0x21, 0x00, 0x21, 0x00, 0x21, 0x00,
0x21, 0x00, 0x21, 0x00, 0x21, 0x00, 0x21, 0x00, 0x21, 0x00, 0x21, 0x00, 0x21, 0x00, 0x21, 0x00, 0x21, 0x00, 0x21, 0x00, 0x21, 0x00, 0x21, 0x00,
0x21, 0x00, 0x21, 0x00, 0x21, 0x00, 0x21, 0x00, 0x21, 0x00, 0x21, 0x00, 0x21, 0x00, 0x21, 0x00, 0x21, 0x00, 0x21, 0x00, 0x22, 0x00, 0x22, 0x00,
0x22, 0x00, 0x22, 0x00, 0x22, 0x00, 0x22, 0x00, 0x22, 0x00, 0x22, 0x00, 0x22, 0x00, 0x22, 0x00, 0x22, 0x00, 0x22, 0x00, 0x22, 0x00, 0x22, 0x00,
0x22, 0x00, 0x22, 0x00, 0x22, 0x00, 0x22, 0x00, 0x22, 0x00, 0x22, 0x00, 0x22, 0x00, 0x22, 0x00, 0x22, 0x00, 0x22, 0x00, 0x22, 0x00, 0x22, 0x00,
0x22, 0x00, 0x22, 0x00, 0x22, 0x00, 0x22, 0x00, 0x22, 0x00, 0x22, 0x00, 0x22, 0x00, 0x22, 0x00, 0x22, 0x00, 0x22, 0x00, 0x22, 0x00, 0x22, 0x00,
0x22, 0x00, 0x22, 0x00, 0x22, 0x00, 0x22, 0x00, 0x22, 0x00, 0x22, 0x00, 0x22, 0x00, 0x21, 0x00, 0x21, 0x00, 0x21, 0x00, 0x21, 0x00, 0x21, 0x00,
0x21, 0x00, 0x21, 0x00, 0x21, 0x00, 0x21, 0x00, 0x21, 0x00, 0x21, 0x00, 0x21, 0x00, 0x21, 0x00, 0x21, 0x00, 0x21, 0x00, 0x21, 0x00, 0x21, 0x00,
0x21, 0x00, 0x21, 0x00, 0x21, 0x00, 0x21, 0x00, 0x21, 0x00, 0x21, 0x00, 0x21, 0x00, 0x21, 0x00, 0x21, 0x00, 0x21, 0x00, 0x21, 0x00, 0x21, 0x00,
0x21, 0x00, 0x21, 0x00, 0x21, 0x00, 0x21, 0x00, 0x21, 0x00, 0x21, 0x00, 0x21, 0x00, 0x21, 0x00, 0x21, 0x00, 0x21, 0x00, 0x21, 0x00, 0x21, 0x00,
0x21, 0x00, 0x21, 0x00, 0x21, 0x00, 0x21, 0x00, 0x21, 0x00, 0x21, 0x00, 0x21, 0x00, 0x21, 0x00, 0x21, 0x00, 0x21, 0x00, 0x21, 0x00, 0x21, 0x00,
0x21, 0x00, 0x21, 0x00, 0x21, 0x00, 0x21, 0x00, 0x21, 0x00, 0x21, 0x00, 0x21, 0x00, 0x21, 0x00, 0x21, 0x00, 0x21, 0x00, 0x21, 0x00, 0x21, 0x00,
0x21, 0x00, 0x21, 0x00, 0x21, 0x00, 0x21, 0x00, 0x21, 0x00, 0x21, 0x00, 0x21, 0x00, 0x21, 0x00, 0x21, 0x00, 0x21, 0x00, 0x21, 0x00, 0x21, 0x00,
0x21, 0x00, 0x21, 0x00, 0x21, 0x00, 0x21, 0x00, 0x21, 0x00, 0x21, 0x00, 0x21, 0x00, 0x21, 0x00, 0x21, 0x00, 0x21, 0x00, 0x21, 0x00, 0x21, 0x00,
0x21, 0x00, 0x21, 0x00, 0x21, 0x00, 0x21, 0x00, 0x21, 0x00, 0x21, 0x00, 0x21, 0x00, 0x21, 0x00, 0x21, 0x00, 0x21, 0x00, 0x21, 0x00, 0x21, 0x00,
0x21, 0x00, 0x21, 0x00, 0x21, 0x00, 0x21, 0x00, 0x21, 0x00, 0x21, 0x00, 0x21, 0x00, 0x21, 0x00, 0x21, 0x00, 0x21, 0x00, 0x21, 0x00, 0x21, 0x00,
0x21, 0x00, 0x21, 0x00, 0x21, 0x00, 0x21, 0x00, 0x21, 0x00, 0x21, 0x00, 0x21, 0x00, 0x21, 0x00, 0x21, 0x00, 0x21, 0x00, 0x21, 0x00, 0x21, 0x00,
0x21, 0x00, 0x21, 0x00, 0x21, 0x00, 0x21, 0x00, 0x21, 0x00, 0x21, 0x00, 0x21, 0x00, 0x21, 0x00, 0x21, 0x00, 0x21, 0x00, 0x21, 0x00, 0x21, 0x00,
0x21, 0x00, 0x21, 0x00, 0x21, 0x00, 0x21, 0x00, 0x21, 0x00, 0x21, 0x00, 0x21, 0x00, 0x21, 0x00, 0x21, 0x00, 0x21, 0x00, 0x21, 0x00, 0x21, 0x00,
0x21, 0x00, 0x21, 0x00, 0x21, 0x00, 0x22, 0x00, 0x22, 0x00, 0x22, 0x00, 0x22, 0x00, 0x22, 0x00, 0x22, 0x00, 0x22, 0x00, 0x22, 0x00, 0x22, 0x00,
0x22, 0x00, 0x22, 0x00, 0x22, 0x00, 0x22, 0x00, 0x22, 0x00, 0x22, 0x00, 0x22, 0x00, 0x22, 0x00, 0x22, 0x00, 0x22, 0x00, 0x22, 0x00, 0x22, 0x00,
0x22, 0x00, 0x22, 0x00, 0x22, 0x00, 0x22, 0x00, 0x22, 0x00, 0x22, 0x00, 0x22, 0x00, 0x22, 0x00, 0x22, 0x00, 0x22, 0x00, 0x22, 0x00, 0x22, 0x00,
0x22, 0x00, 0x22, 0x00, 0x22, 0x00, 0x22, 0x00, 0x22, 0x00, 0x22, 0x00, 0x22, 0x00, 0x22, 0x00, 0x22, 0x00, 0x22, 0x00, 0x22, 0x00, 0x22, 0x00,
0x22, 0x00, 0x22, 0x00, 0x22, 0x00, 0x22, 0x00, 0x22, 0x00, 0x22, 0x00, 0x21, 0x00, 0x21, 0x00, 0x21, 0x00, 0x21, 0x00, 0x21, 0x00, 0x21, 0x00,
0x21, 0x00, 0x21, 0x00, 0x21, 0x00, 0x21, 0x00, 0x21, 0x00, 0x21, 0x00, 0x21, 0x00, 0x21, 0x00, 0x21, 0x00, 0x21, 0x00, 0x21, 0x00, 0x21, 0x00,
0x21, 0x00, 0x21, 0x00, 0x21, 0x00, 0x21, 0x00, 0x21, 0x00, 0x21, 0x00, 0x21, 0x00, 0x21, 0x00, 0x21, 0x00, 0x21, 0x00, 0x21, 0x00, 0x21, 0x00,
0x21, 0x00, 0x21, 0x00, 0x21, 0x00, 0x21, 0x00, 0x21, 0x00, 0x21, 0x00, 0x21, 0x00, 0x21, 0x00, 0x21, 0x00, 0x21, 0x00, 0x21, 0x00, 0x21, 0x00,
0x21, 0x00, 0x21, 0x00, 0x21, 0x00, 0x21, 0x00, 0x21, 0x00, 0x21, 0x00, 0x21, 0x00, 0x21, 0x00, 0x21, 0x00, 0x21, 0x00, 0x21, 0x00, 0x21, 0x00,
0x21, 0x00, 0x21, 0x00, 0x21, 0x00, 0x21, 0x00, 0x21, 0x00, 0x21, 0x00, 0x21, 0x00, 0x21, 0x00, 0x21, 0x00, 0x21, 0x00, 0x21, 0x00, 0x21, 0x00,
0x21, 0x00, 0x21, 0x00, 0x21, 0x00, 0x21, 0x00, 0x21, 0x00, 0x21, 0x00, 0x21, 0x00, 0x21, 0x00, 0x21, 0x00, 0x21, 0x00, 0x21, 0x00, 0x21, 0x00,
0x21, 0x00, 0x21, 0x00, 0x21, 0x00, 0x21, 0x00, 0x21, 0x00, 0x21, 0x00, 0x21, 0x00, 0x21, 0x00, 0x21, 0x00, 0x21, 0x00, 0x21, 0x00, 0x21, 0x00,
0x21, 0x00, 0x21, 0x00, 0x21, 0x00, 0x21, 0x00, 0x21, 0x00, 0x21, 0x00, 0x21, 0x00, 0x21, 0x00, 0x21, 0x00, 0x21, 0x00, 0x21, 0x00, 0x21, 0x00,
0x21, 0x00, 0x21, 0x00, 0x21, 0x00, 0x21, 0x00, 0x21, 0x00, 0x21, 0x00, 0x21, 0x00, 0x21, 0x00, 0x21, 0x00, 0x21, 0x00, 0x21, 0x00, 0x21, 0x00,
0x21, 0x00, 0x21, 0x00, 0x21, 0x00, 0x21, 0x00, 0x21, 0x00, 0x21, 0x00, 0x21, 0x00, 0x21, 0x00, 0x21, 0x00, 0x21, 0x00, 0x21, 0x00, 0x21, 0x00,
0x21, 0x00, 0x21, 0x00, 0x21, 0x00, 0x21, 0x00, 0x21, 0x00, 0x21, 0x00, 0x21, 0x00, 0x21, 0x00, 0x21, 0x00, 0x21, 0x00, 0x21, 0x00, 0x21, 0x00,
0x21, 0x00, 0x21, 0x00, 0x21, 0x00, 0x21, 0x00, 0x21, 0x00, 0x21, 0x00, 0x21, 0x00, 0x21, 0x00, 0x22, 0x00, 0x22, 0x00, 0x22, 0x00, 0x22, 0x00,
0x22, 0x00, 0x22, 0x00, 0x22, 0x00, 0x22, 0x00, 0x22, 0x00, 0x22, 0x00, 0x22, 0x00, 0x22, 0x00, 0x22, 0x00, 0x22, 0x00, 0x22, 0x00, 0x22, 0x00,
0x22, 0x00, 0x22, 0x00, 0x22, 0x00, 0x22, 0x00, 0x22, 0x00, 0x22, 0x00, 0x22, 0x00, 0x22, 0x00, 0x22, 0x00, 0x22, 0x00, 0x22, 0x00, 0x22, 0x00,
0x22, 0x00, 0x22, 0x00, 0x22, 0x00, 0x22, 0x00, 0x22, 0x00, 0x22, 0x00, 0x22, 0x00, 0x22, 0x00, 0x22, 0x00, 0x22, 0x00, 0x22, 0x00, 0x22, 0x00,
0x22, 0x00, 0x22, 0x00, 0x22, 0x00, 0x22, 0x00, 0x22, 0x00, 0x22, 0x00, 0x22, 0x00, 0x22, 0x00, 0x22, 0x00, 0x22, 0x00, 0x22, 0x00, 0x22, 0x00,
0x22, 0x00, 0x22, 0x00, 0x22, 0x00, 0x22, 0x00, 0x21, 0x00, 0x21, 0x00, 0x21, 0x00, 0x21, 0x00, 0x21, 0x00, 0x21, 0x00, 0x21, 0x00, 0x21, 0x00,
0x21, 0x00, 0x21, 0x00, 0x21, 0x00, 0x21, 0x00, 0x21, 0x00, 0x21, 0x00, 0x21, 0x00, 0x21, 0x00, 0x21, 0x00, 0x21, 0x00, 0x21, 0x00, 0x21, 0x00,
0x21, 0x00, 0x21, 0x00, 0x21, 0x00, 0x21, 0x00, 0x21, 0x00, 0x21, 0x00, 0x21, 0x00, 0x21, 0x00, 0x21, 0x00, 0x21, 0x00, 0x21, 0x00, 0x21, 0x00,
0x21, 0x00, 0x21, 0x00, 0x21, 0x00, 0x21, 0x00, 0x21, 0x00, 0x21, 0x00, 0x21, 0x00, 0x21, 0x00, 0x21, 0x00, 0x21, 0x00, 0x21, 0x00, 0x21, 0x00,
0x21, 0x00, 0x21, 0x00, 0x21, 0x00, 0x21, 0x00, 0x21, 0x00, 0x21, 0x00, 0x21, 0x00, 0x21, 0x00, 0x21, 0x00, 0x21, 0x00, 0x21, 0x00, 0x21, 0x00,
0x21, 0x00, 0x21, 0x00, 0x21, 0x00, 0x21, 0x00, 0x21, 0x00, 0x21, 0x00, 0x21, 0x00, 0x21, 0x00, 0x21, 0x00, 0x21, 0x00, 0x21, 0x00, 0x21, 0x00,
0x21, 0x00, 0x21, 0x00, 0x21, 0x00, 0x21, 0x00, 0x21, 0x00, 0x21, 0x00, 0x21, 0x00, 0x21, 0x00, 0x21, 0x00, 0x21, 0x00, 0x21, 0x00, 0x21, 0x00,
0x21, 0x00, 0x21, 0x00, 0x21, 0x00, 0x21, 0x00, 0x21, 0x00, 0x21, 0x00, 0x21, 0x00, 0x21, 0x00, 0x21, 0x00, 0x21, 0x00, 0x21, 0x00, 0x21, 0x00,
0x21, 0x00, 0x21, 0x00, 0x21, 0x00, 0x21, 0x00, 0x21, 0x00, 0x21, 0x00, 0x21, 0x00, 0x21, 0x00, 0x21, 0x00, 0x21, 0x00, 0x21, 0x00, 0x21, 0x00,
0x21, 0x00, 0x21, 0x00, 0x21, 0x00, 0x21, 0x00, 0x21, 0x00, 0x21, 0x00, 0x21, 0x00, 0x21, 0x00, 0x21, 0x00, 0x21, 0x00, 0x21, 0x00, 0x21, 0x00,
0x21, 0x00, 0x21, 0x00, 0x21, 0x00, 0x21, 0x00, 0x21, 0x00, 0x21, 0x00, 0x21, 0x00, 0x21, 0x00, 0x21, 0x00, 0x21, 0x00, 0x21, 0x00, 0x21, 0x00,
0x21, 0x00, 0x21, 0x00, 0x21, 0x00, 0x21, 0x00, 0x21, 0x00, 0x21, 0x00, 0x21, 0x00, 0x21, 0x00, 0x21, 0x00, 0x21, 0x00, 0x21, 0x00, 0x21, 0x00,
0x21, 0x00, 0x22, 0x00, 0x22, 0x00, 0x22, 0x00, 0x22, 0x00, 0x22, 0x00, 0x22, 0x00, 0x22, 0x00, 0x22, 0x00, 0x22, 0x00, 0x22, 0x00, 0x22, 0x00,
0x22, 0x00, 0x22, 0x00, 0x22, 0x00, 0x22, 0x00, 0x22, 0x00, 0x22, 0x00, 0x22, 0x00, 0x22, 0x00, 0x22, 0x00, 0x22, 0x00, 0x22, 0x00, 0x22, 0x00,
0x22, 0x00, 0x22, 0x00, 0x22, 0x00, 0x22, 0x00, 0x22, 0x00, 0x22, 0x00, 0x22, 0x00, 0x22, 0x00, 0x22, 0x00, 0x22, 0x00, 0x22, 0x00, 0x22, 0x00,
0x22, 0x00, 0x22, 0x00, 0x22, 0x00, 0x22, 0x00, 0x22, 0x00, 0x22, 0x00, 0x22, 0x00, 0x22, 0x00, 0x22, 0x00, 0x22, 0x00, 0x22, 0x00, 0x22, 0x00,
0x22, 0x00, 0x22, 0x00, 0x22, 0x00, 0x22, 0x00, 0x22, 0x00, 0x22, 0x00, 0x22, 0x00, 0x22, 0x00, 0x22, 0x00, 0x22, 0x00, 0x22, 0x00, 0x22, 0x00,
0x22, 0x00, 0x22, 0x00, 0x22, 0x00, 0x21, 0x00, 0x21, 0x00, 0x21, 0x00, 0x21, 0x00, 0x21, 0x00, 0x21, 0x00, 0x21, 0x00, 0x21, 0x00, 0x21, 0x00,
0x21, 0x00, 0x21, 0x00, 0x21, 0x00, 0x21, 0x00, 0x21, 0x00, 0x21, 0x00, 0x21, 0x00, 0x21, 0x00, 0x21, 0x00, 0x21, 0x00, 0x21, 0x00, 0x21, 0x00,
0x21, 0x00, 0x21, 0x00, 0x21, 0x00, 0x21, 0x00, 0x21, 0x00, 0x21, 0x00, 0x21, 0x00, 0x21, 0x00, 0x21, 0x00, 0x21, 0x00, 0x21, 0x00, 0x21, 0x00,
0x21, 0x00, 0x21, 0x00, 0x21, 0x00, 0x21, 0x00, 0x21, 0x00, 0x21, 0x00, 0x21, 0x00, 0x21, 0x00, 0x21, 0x00, 0x21, 0x00, 0x21, 0x00, 0x21, 0x00,
0x21, 0x00, 0x21, 0x00, 0x21, 0x00, 0x21, 0x00, 0x21, 0x00, 0x21, 0x00, 0x21, 0x00, 0x21, 0x00, 0x21, 0x00, 0x21, 0x00, 0x21, 0x00, 0x21, 0x00,
0x21, 0x00, 0x21, 0x00, 0x21, 0x00, 0x21, 0x00, 0x21, 0x00, 0x21, 0x00, 0x21, 0x00, 0x21, 0x00, 0x21, 0x00, 0x21, 0x00, 0x21, 0x00, 0x21, 0x00,
0x21, 0x00, 0x21, 0x00, 0x21, 0x00, 0x21, 0x00, 0x21, 0x00, 0x21, 0x00, 0x21, 0x00, 0x21, 0x00, 0x21, 0x00, 0x21, 0x00, 0x21, 0x00, 0x21, 0x00,
0x21, 0x00, 0x21, 0x00, 0x21, 0x00, 0x21, 0x00, 0x21, 0x00, 0x21, 0x00, 0x21, 0x00, 0x21, 0x00, 0x21, 0x00, 0x21, 0x00, 0x21, 0x00, 0x21, 0x00,
0x21, 0x00, 0x21, 0x00, 0x21, 0x00, 0x21, 0x00, 0x21, 0x00, 0x21, 0x00, 0x21, 0x00, 0x21, 0x00, 0x21, 0x00, 0x21, 0x00, 0x21, 0x00, 0x21, 0x00,
0x21, 0x00, 0x21, 0x00, 0x21, 0x00, 0x21, 0x00, 0x21, 0x00, 0x21, 0x00, 0x21, 0x00, 0x21, 0x00, 0x21, 0x00, 0x21, 0x00, 0x21, 0x00, 0x21, 0x00,
0x21, 0x00, 0x21, 0x00, 0x21, 0x00, 0x21, 0x00, 0x21, 0x00, 0x21, 0x00, 0x21, 0x00, 0x21, 0x00, 0x21, 0x00, 0x21, 0x00, 0x21, 0x00, 0x21, 0x00,
0x21, 0x00, 0x21, 0x00, 0x21, 0x00, 0x21, 0x00, 0x21, 0x00, 0x21, 0x00, 0x21, 0x00, 0x22, 0x00, 0x22, 0x00, 0x22, 0x00, 0x22, 0x00, 0x22, 0x00,
0x22, 0x00, 0x22, 0x00, 0x22, 0x00, 0x22, 0x00, 0x22, 0x00, 0x22, 0x00, 0x22, 0x00, 0x22, 0x00, 0x22, 0x00, 0x22, 0x00, 0x22, 0x00, 0x22, 0x00,
0x22, 0x00, 0x22, 0x00, 0x22, 0x00, 0x22, 0x00, 0x22, 0x00, 0x22, 0x00, 0x22, 0x00, 0x22, 0x00, 0x22, 0x00, 0x22, 0x00, 0x22, 0x00, 0x22, 0x00,
0x22, 0x00, 0x22, 0x00, 0x22, 0x00, 0x22, 0x00, 0x22, 0x00, 0x22, 0x00, 0x22, 0x00, 0x22, 0x00, 0x22, 0x00, 0x22, 0x00, 0x22, 0x00, 0x22, 0x00,
0x22, 0x00, 0x22, 0x00, 0x22, 0x00, 0x22, 0x00, 0x22, 0x00, 0x22, 0x00, 0x22, 0x00, 0x22, 0x00, 0x22, 0x00, 0x22, 0x00, 0x22, 0x00, 0x22, 0x00,
0x22, 0x00, 0x22, 0x00, 0x22, 0x00, 0x22, 0x00, 0x22, 0x00, 0x22, 0x00, 0x22, 0x00, 0x22, 0x00, 0x22, 0x00, 0x22, 0x00, 0x22, 0x00, 0x22, 0x00,
0x22, 0x00, 0x21, 0x00, 0x21, 0x00, 0x21, 0x00, 0x21, 0x00, 0x21, 0x00, 0x21, 0x00, 0x21, 0x00, 0x21, 0x00, 0x21, 0x00, 0x21, 0x00, 0x21, 0x00,
0x21, 0x00, 0x21, 0x00, 0x21, 0x00, 0x21, 0x00, 0x21, 0x00, 0x21, 0x00, 0x21, 0x00, 0x21, 0x00, 0x21, 0x00, 0x21, 0x00, 0x21, 0x00, 0x21, 0x00,
0x21, 0x00, 0x21, 0x00, 0x21, 0x00, 0x21, 0x00, 0x21, 0x00, 0x21, 0x00, 0x21, 0x00, 0x21, 0x00, 0x21, 0x00, 0x21, 0x00, 0x21, 0x00, 0x21, 0x00,
0x21, 0x00, 0x21, 0x00, 0x21, 0x00, 0x21, 0x00, 0x21, 0x00, 0x21, 0x00, 0x21, 0x00, 0x21, 0x00, 0x21, 0x00, 0x21, 0x00, 0x21, 0x00, 0x21, 0x00,
0x21, 0x00, 0x21, 0x00, 0x21, 0x00, 0x21, 0x00, 0x21, 0x00, 0x21, 0x00, 0x21, 0x00, 0x21, 0x00, 0x21, 0x00, 0x21, 0x00, 0x21, 0x00, 0x21, 0x00,
0x21, 0x00, 0x21, 0x00, 0x21, 0x00, 0x21, 0x00, 0x21, 0x00, 0x21, 0x00, 0x21, 0x00, 0x21, 0x00, 0x21, 0x00, 0x21, 0x00, 0x21, 0x00, 0x21, 0x00,
0x21, 0x00, 0x21, 0x00, 0x21, 0x00, 0x21, 0x00, 0x21, 0x00, 0x21, 0x00, 0x21, 0x00, 0x21, 0x00, 0x21, 0x00, 0x21, 0x00, 0x21, 0x00, 0x21, 0x00,
0x21, 0x00, 0x21, 0x00, 0x21, 0x00, 0x21, 0x00, 0x21, 0x00, 0x21, 0x00, 0x21, 0x00, 0x21, 0x00, 0x21, 0x00, 0x21, 0x00, 0x21, 0x00, 0x21, 0x00,
0x21, 0x00, 0x21, 0x00, 0x21, 0x00, 0x21, 0x00, 0x21, 0x00, 0x21, 0x00, 0x21, 0x00, 0x21, 0x00, 0x21, 0x00, 0x21, 0x00, 0x21, 0x00, 0x21, 0x00,
0x21, 0x00, 0x21, 0x00, 0x21, 0x00, 0x21, 0x00, 0x21, 0x00, 0x21, 0x00, 0x21, 0x00, 0x21, 0x00, 0x21, 0x00, 0x21, 0x00, 0x21, 0x00, 0x21, 0x00,
0x21, 0x00, 0x21, 0x00, 0x21, 0x00, 0x21, 0x00, 0x21, 0x00, 0x21, 0x00, 0x21, 0x00, 0x21, 0x00, 0x21, 0x00, 0x21, 0x00, 0x21, 0x00, 0x21, 0x00,
0x21, 0x00, 0x22, 0x00, 0x22, 0x00, 0x22, 0x00, 0x22, 0x00, 0x22, 0x00, 0x22, 0x00, 0x22, 0x00, 0x22, 0x00, 0x22, 0x00, 0x22, 0x00, 0x22, 0x00,
0x22, 0x00, 0x22, 0x00, 0x22, 0x00, 0x22, 0x00, 0x22, 0x00, 0x22, 0x00, 0x22, 0x00, 0x22, 0x00, 0x22, 0x00, 0x22, 0x00, 0x22, 0x00, 0x22, 0x00,
0x22, 0x00, 0x22, 0x00, 0x22, 0x00, 0x22, 0x00, 0x22, 0x00, 0x22, 0x00, 0x22, 0x00, 0x22, 0x00, 0x22, 0x00, 0x22, 0x00, 0x22, 0x00, 0x22, 0x00,
0x22, 0x00, 0x22, 0x00, 0x22, 0x00, 0x22, 0x00, 0x22, 0x00, 0x22, 0x00, 0x22, 0x00, 0x22, 0x00, 0x22, 0x00, 0x22, 0x00, 0x22, 0x00, 0x22, 0x00,
0x22, 0x00, 0x22, 0x00, 0x22, 0x00, 0x22, 0x00, 0x22, 0x00, 0x22, 0x00, 0x22, 0x00, 0x22, 0x00, 0x22, 0x00, 0x22, 0x00, 0x22, 0x00, 0x22, 0x00,
0x22, 0x00, 0x22, 0x00, 0x22, 0x00, 0x22, 0x00, 0x22, 0x00, 0x22, 0x00, 0x22, 0x00, 0x22, 0x00, 0x22, 0x00, 0x22, 0x00, 0x22, 0x00, 0x21, 0x00,
0x21, 0x00, 0x21, 0x00, 0x21, 0x00, 0x21, 0x00, 0x21, 0x00, 0x21, 0x00, 0x21, 0x00, 0x21, 0x00, 0x21, 0x00, 0x21, 0x00, 0x21, 0x00, 0x21, 0x00,
0x21, 0x00, 0x21, 0x00, 0x21, 0x00, 0x21, 0x00, 0x21, 0x00, 0x21, 0x00, 0x21, 0x00, 0x21, 0x00, 0x21, 0x00, 0x21, 0x00, 0x21, 0x00, 0x21, 0x00,
0x21, 0x00, 0x21, 0x00, 0x21, 0x00, 0x21, 0x00, 0x21, 0x00, 0x21, 0x00, 0x21, 0x00, 0x21, 0x00, 0x21, 0x00, 0x21, 0x00, 0x21, 0x00, 0x21, 0x00,
0x21, 0x00, 0x21, 0x00, 0x21, 0x00, 0x21, 0x00, 0x21, 0x00, 0x21, 0x00, 0x21, 0x00, 0x21, 0x00, 0x21, 0x00, 0x21, 0x00, 0x21, 0x00, 0x21, 0x00,
0x21, 0x00, 0x21, 0x00, 0x21, 0x00, 0x21, 0x00, 0x21, 0x00, 0x21, 0x00, 0x21, 0x00, 0x21, 0x00, 0x21, 0x00, 0x21, 0x00, 0x21, 0x00, 0x21, 0x00,
0x21, 0x00, 0x21, 0x00, 0x21, 0x00, 0x21, 0x00, 0x21, 0x00, 0x21, 0x00, 0x21, 0x00, 0x21, 0x00, 0x21, 0x00, 0x21, 0x00, 0x21, 0x00, 0x21, 0x00,
0x21, 0x00, 0x21, 0x00, 0x21, 0x00, 0x21, 0x00, 0x21, 0x00, 0x21, 0x00, 0x21, 0x00, 0x21, 0x00, 0x21, 0x00, 0x21, 0x00, 0x21, 0x00, 0x21, 0x00,
0x21, 0x00, 0x21, 0x00, 0x21, 0x00, 0x21, 0x00, 0x21, 0x00, 0x21, 0x00, 0x21, 0x00, 0x21, 0x00, 0x21, 0x00, 0x21, 0x00, 0x21, 0x00, 0x21, 0x00,
0x21, 0x00, 0x21, 0x00, 0x21, 0x00, 0x21, 0x00, 0x21, 0x00, 0x21, 0x00, 0x21, 0x00, 0x21, 0x00, 0x21, 0x00, 0x21, 0x00, 0x21, 0x00, 0x21, 0x00,
0x21, 0x00, 0x21, 0x00, 0x21, 0x00, 0x21, 0x00, 0x21, 0x00, 0x21, 0x00, 0x21, 0x00, 0x21, 0x00, 0x21, 0x00, 0x21, 0x00, 0x21, 0x00, 0x21, 0x00,
0x21, 0x00, 0x21, 0x00, 0x21, 0x00, 0x21, 0x00, 0x21, 0x00, 0x21, 0x00, 0x21, 0x00, 0x22, 0x00, 0x22, 0x00, 0x22, 0x00, 0x22, 0x00, 0x22, 0x00,
0x22, 0x00, 0x22, 0x00, 0x22, 0x00, 0x22, 0x00, 0x22, 0x00, 0x22, 0x00, 0x22, 0x00, 0x22, 0x00, 0x22, 0x00, 0x22, 0x00, 0x22, 0x00, 0x22, 0x00,
0x22, 0x00, 0x22, 0x00, 0x22, 0x00, 0x22, 0x00, 0x22, 0x00, 0x22, 0x00, 0x22, 0x00, 0x22, 0x00, 0x22, 0x00, 0x22, 0x00, 0x22, 0x00, 0x22, 0x00,
0x22, 0x00, 0x22, 0x00, 0x22, 0x00, 0x22, 0x00, 0x22, 0x00, 0x22, 0x00, 0x22, 0x00, 0x22, 0x00, 0x22, 0x00, 0x22, 0x00, 0x22, 0x00, 0x22, 0x00,
0x22, 0x00, 0x22, 0x00, 0x22, 0x00, 0x22, 0x00, 0x22, 0x00, 0x22, 0x00, 0x22, 0x00, 0x22, 0x00, 0x22, 0x00, 0x22, 0x00, 0x22, 0x00, 0x22, 0x00,
0x22, 0x00, 0x22, 0x00, 0x22, 0x00, 0x22, 0x00, 0x22, 0x00, 0x22, 0x00, 0x22, 0x00, 0x22, 0x00, 0x22, 0x00, 0x22, 0x00, 0x22, 0x00, 0x22, 0x00,
0x22, 0x00, 0x22, 0x00, 0x22, 0x00, 0x22, 0x00, 0x22, 0x00, 0x22, 0x00, 0x22, 0x00, 0x22, 0x00, 0x22, 0x00, 0x21, 0x00, 0x21, 0x00, 0x21, 0x00,
0x21, 0x00, 0x21, 0x00, 0x21, 0x00, 0x21, 0x00, 0x21, 0x00, 0x21, 0x00, 0x21, 0x00, 0x21, 0x00, 0x21, 0x00, 0x21, 0x00, 0x21, 0x00, 0x21, 0x00,
0x21, 0x00, 0x21, 0x00, 0x21, 0x00, 0x21, 0x00, 0x21, 0x00, 0x21, 0x00, 0x21, 0x00, 0x21, 0x00, 0x21, 0x00, 0x21, 0x00, 0x21, 0x00, 0x21, 0x00,
0x21, 0x00, 0x21, 0x00, 0x21, 0x00, 0x21, 0x00, 0x21, 0x00, 0x21, 0x00, 0x21, 0x00, 0x21, 0x00, 0x21, 0x00, 0x21, 0x00, 0x21, 0x00, 0x21, 0x00,
0x21, 0x00, 0x21, 0x00, 0x21, 0x00, 0x21, 0x00, 0x21, 0x00, 0x21, 0x00, 0x21, 0x00, 0x21, 0x00, 0x21, 0x00, 0x21, 0x00, 0x21, 0x00, 0x21, 0x00,
0x21, 0x00, 0x21, 0x00, 0x21, 0x00, 0x21, 0x00, 0x21, 0x00, 0x21, 0x00, 0x21, 0x00, 0x21, 0x00, 0x21, 0x00, 0x21, 0x00, 0x21, 0x00, 0x21, 0x00,
0x21, 0x00, 0x21, 0x00, 0x21, 0x00, 0x21, 0x00, 0x21, 0x00, 0x21, 0x00, 0x21, 0x00, 0x21, 0x00, 0x21, 0x00, 0x21, 0x00, 0x21, 0x00, 0x21, 0x00,
0x21, 0x00, 0x21, 0x00, 0x21, 0x00, 0x21, 0x00, 0x21, 0x00, 0x21, 0x00, 0x21, 0x00, 0x21, 0x00, 0x21, 0x00, 0x21, 0x00, 0x21, 0x00, 0x21, 0x00,
0x21, 0x00, 0x21, 0x00, 0x21, 0x00, 0x21, 0x00, 0x21, 0x00, 0x21, 0x00, 0x21, 0x00, 0x21, 0x00, 0x21, 0x00, 0x21, 0x00, 0x21, 0x00, 0x21, 0x00,
0x21, 0x00, 0x21, 0x00, 0x21, 0x00, 0x21, 0x00, 0x21, 0x00, 0x21, 0x00, 0x21, 0x00, 0x21, 0x00, 0x21, 0x00, 0x21, 0x00, 0x21, 0x00, 0x21, 0x00,
0x21, 0x00, 0x21, 0x00, 0x21, 0x00, 0x21, 0x00, 0x21, 0x00, 0x21, 0x00, 0x21, 0x00, 0x21, 0x00, 0x21, 0x00, 0x21, 0x00, 0x21, 0x00, 0x21, 0x00,
0x21, 0x00, 0x22, 0x00, 0x22, 0x00, 0x22, 0x00, 0x22, 0x00, 0x22, 0x00, 0x22, 0x00, 0x22, 0x00, 0x22, 0x00, 0x22, 0x00, 0x22, 0x00, 0x22, 0x00,
0x22, 0x00, 0x22, 0x00, 0x22, 0x00, 0x22, 0x00, 0x22, 0x00, 0x22, 0x00, 0x22, 0x00, 0x22, 0x00, 0x22, 0x00, 0x22, 0x00, 0x22, 0x00, 0x22, 0x00,
0x22, 0x00, 0x22, 0x00, 0x22, 0x00, 0x22, 0x00, 0x22, 0x00, 0x22, 0x00, 0x22, 0x00, 0x22, 0x00, 0x22, 0x00, 0x22, 0x00, 0x22, 0x00, 0x22, 0x00,
0x22, 0x00, 0x22, 0x00, 0x22, 0x00, 0x22, 0x00, 0x22, 0x00, 0x22, 0x00, 0x22, 0x00, 0x22, 0x00, 0x22, 0x00, 0x22, 0x00, 0x22, 0x00, 0x22, 0x00,
0x22, 0x00, 0x22, 0x00, 0x22, 0x00, 0x22, 0x00, 0x22, 0x00, 0x22, 0x00, 0x22, 0x00, 0x22, 0x00, 0x22, 0x00, 0x22, 0x00, 0x22, 0x00, 0x22, 0x00,
0x22, 0x00, 0x22, 0x00, 0x22, 0x00, 0x22, 0x00, 0x22, 0x00, 0x22, 0x00, 0x22, 0x00, 0x22, 0x00, 0x22, 0x00, 0x22, 0x00, 0x22, 0x00, 0x22, 0x00,
0x22, 0x00, 0x22, 0x00, 0x22, 0x00, 0x22, 0x00, 0x22, 0x00, 0x22, 0x00, 0x22, 0x00, 0x21, 0x00, 0x21, 0x00, 0x21, 0x00, 0x21, 0x00, 0x21, 0x00,
0x21, 0x00, 0x21, 0x00, 0x21, 0x00, 0x21, 0x00, 0x21, 0x00, 0x21, 0x00, 0x21, 0x00, 0x21, 0x00, 0x21, 0x00, 0x21, 0x00, 0x21, 0x00, 0x21, 0x00,
0x21, 0x00, 0x21, 0x00, 0x21, 0x00, 0x21, 0x00, 0x21, 0x00, 0x21, 0x00, 0x21, 0x00, 0x21, 0x00, 0x21, 0x00, 0x21, 0x00, 0x21, 0x00, 0x21, 0x00,
0x21, 0x00, 0x21, 0x00, 0x21, 0x00, 0x21, 0x00, 0x21, 0x00, 0x21, 0x00, 0x21, 0x00, 0x21, 0x00, 0x21, 0x00, 0x21, 0x00, 0x21, 0x00, 0x21, 0x00,
0x21, 0x00, 0x21, 0x00, 0x21, 0x00, 0x21, 0x00, 0x21, 0x00, 0x21, 0x00, 0x21, 0x00, 0x21, 0x00, 0x21, 0x00, 0x21, 0x00, 0x21, 0x00, 0x21, 0x00,
0x21, 0x00, 0x21, 0x00, 0x21, 0x00, 0x21, 0x00, 0x21, 0x00, 0x21, 0x00, 0x21, 0x00, 0x21, 0x00, 0x21, 0x00, 0x21, 0x00, 0x21, 0x00, 0x21, 0x00,
0x21, 0x00, 0x21, 0x00, 0x21, 0x00, 0x21, 0x00, 0x21, 0x00, 0x21, 0x00, 0x21, 0x00, 0x21, 0x00, 0x21, 0x00, 0x21, 0x00, 0x21, 0x00, 0x21, 0x00,
0x21, 0x00, 0x21, 0x00, 0x21, 0x00, 0x21, 0x00, 0x21, 0x00, 0x21, 0x00, 0x21, 0x00, 0x21, 0x00, 0x21, 0x00, 0x21, 0x00, 0x21, 0x00, 0x21, 0x00,
0x21, 0x00, 0x21, 0x00, 0x21, 0x00, 0x21, 0x00, 0x21, 0x00, 0x21, 0x00, 0x21, 0x00, 0x21, 0x00, 0x21, 0x00, 0x21, 0x00, 0x21, 0x00, 0x21, 0x00,
0x21, 0x00, 0x21, 0x00, 0x21, 0x00, 0x21, 0x00, 0x21, 0x00, 0x21, 0x00, 0x21, 0x00, 0x21, 0x00, 0x21, 0x00, 0x21, 0x00, 0x21, 0x00, 0x21, 0x00,
0x21, 0x00, 0x21, 0x00, 0x21, 0x00, 0x21, 0x00, 0x21, 0x00, 0x21, 0x00, 0x21, 0x00, 0x22, 0x00, 0x22, 0x00, 0x22, 0x00, 0x22, 0x00, 0x22, 0x00,
0x22, 0x00, 0x22, 0x00, 0x22, 0x00, 0x22, 0x00, 0x22, 0x00, 0x22, 0x00, 0x22, 0x00, 0x22, 0x00, 0x22, 0x00, 0x22, 0x00, 0x22, 0x00, 0x22, 0x00,
0x22, 0x00, 0x22, 0x00, 0x22, 0x00, 0x22, 0x00, 0x22, 0x00, 0x22, 0x00, 0x22, 0x00, 0x22, 0x00, 0x22, 0x00, 0x22, 0x00, 0x22, 0x00, 0x22, 0x00,
0x22, 0x00, 0x22, 0x00, 0x22, 0x00, 0x22, 0x00, 0x22, 0x00, 0x22, 0x00, 0x22, 0x00, 0x22, 0x00, 0x22, 0x00, 0x22, 0x00, 0x22, 0x00, 0x22, 0x00,
0x22, 0x00, 0x22, 0x00, 0x22, 0x00, 0x22, 0x00, 0x22, 0x00, 0x22, 0x00, 0x22, 0x00, 0x22, 0x00, 0x22, 0x00, 0x22, 0x00, 0x22, 0x00, 0x22, 0x00,
0x22, 0x00, 0x22, 0x00, 0x22, 0x00, 0x22, 0x00, 0x22, 0x00, 0x22, 0x00, 0x22, 0x00, 0x22, 0x00, 0x22, 0x00, 0x22, 0x00, 0x22, 0x00, 0x22, 0x00,
0x22, 0x00, 0x22, 0x00, 0x22, 0x00, 0x22, 0x00, 0x22, 0x00, 0x22, 0x00, 0x22, 0x00, 0x22, 0x00, 0x22, 0x00, 0x22, 0x00, 0x22, 0x00, 0x22, 0x00,
0x22, 0x00, 0x22, 0x00, 0x22, 0x00, 0x22, 0x00, 0x22, 0x00, 0x21, 0x00, 0x21, 0x00, 0x21, 0x00, 0x21, 0x00, 0x21, 0x00, 0x21, 0x00, 0x21, 0x00,
0x21, 0x00, 0x21, 0x00, 0x21, 0x00, 0x21, 0x00, 0x21, 0x00, 0x21, 0x00, 0x21, 0x00, 0x21, 0x00, 0x21, 0x00, 0x21, 0x00, 0x21, 0x00, 0x21, 0x00,
0x21, 0x00, 0x21, 0x00, 0x21, 0x00, 0x21, 0x00, 0x21, 0x00, 0x21, 0x00, 0x21, 0x00, 0x21, 0x00, 0x21, 0x00, 0x21, 0x00, 0x21, 0x00, 0x21, 0x00,
0x21, 0x00, 0x21, 0x00, 0x21, 0x00, 0x21, 0x00, 0x21, 0x00, 0x21, 0x00, 0x21, 0x00, 0x21, 0x00, 0x21, 0x00, 0x21, 0x00, 0x21, 0x00, 0x21, 0x00,
0x21, 0x00, 0x21, 0x00, 0x21, 0x00, 0x21, 0x00, 0x21, 0x00, 0x21, 0x00, 0x21, 0x00, 0x21, 0x00, 0x21, 0x00, 0x21, 0x00, 0x21, 0x00, 0x21, 0x00,
0x21, 0x00, 0x21, 0x00, 0x21, 0x00, 0x21, 0x00, 0x21, 0x00, 0x21, 0x00, 0x21, 0x00, 0x21, 0x00, 0x21, 0x00, 0x21, 0x00, 0x21, 0x00, 0x21, 0x00,
0x21, 0x00, 0x21, 0x00, 0x21, 0x00, 0x21, 0x00, 0x21, 0x00, 0x21, 0x00, 0x21, 0x00, 0x21, 0x00, 0x21, 0x00, 0x21, 0x00, 0x21, 0x00, 0x21, 0x00,
0x21, 0x00, 0x21, 0x00, 0x21, 0x00, 0x21, 0x00, 0x21, 0x00, 0x21, 0x00, 0x21, 0x00, 0x21, 0x00, 0x21, 0x00, 0x21, 0x00, 0x21, 0x00, 0x21, 0x00,
0x21, 0x00, 0x21, 0x00, 0x21, 0x00, 0x21, 0x00, 0x21, 0x00, 0x21, 0x00, 0x21, 0x00, 0x21, 0x00, 0x21, 0x00, 0x21, 0x00, 0x21, 0x00, 0x21, 0x00,
0x21, 0x00, 0x21, 0x00, 0x21, 0x00, 0x21, 0x00, 0x21, 0x00, 0x21, 0x00, 0x21, 0x00, 0x21, 0x00, 0x21, 0x00, 0x21, 0x00, 0x21, 0x00, 0x21, 0x00,
0x21, 0x00, 0x21, 0x00, 0x22, 0x00, 0x22, 0x00, 0x22, 0x00, 0x22, 0x00, 0x22, 0x00, 0x22, 0x00, 0x22, 0x00, 0x22, 0x00, 0x22, 0x00, 0x22, 0x00,
0x22, 0x00, 0x22, 0x00, 0x22, 0x00, 0x22, 0x00, 0x22, 0x00, 0x22, 0x00, 0x22, 0x00, 0x22, 0x00, 0x22, 0x00, 0x22, 0x00, 0x22, 0x00, 0x22, 0x00,
0x22, 0x00, 0x22, 0x00, 0x22, 0x00, 0x22, 0x00, 0x22, 0x00, 0x22, 0x00, 0x22, 0x00, 0x22, 0x00, 0x22, 0x00, 0x22, 0x00, 0x22, 0x00, 0x22, 0x00,
0x22, 0x00, 0x22, 0x00, 0x22, 0x00, 0x22, 0x00, 0x22, 0x00, 0x22, 0x00, 0x22, 0x00, 0x22, 0x00, 0x22, 0x00, 0x22, 0x00, 0x22, 0x00, 0x22, 0x00,
0x22, 0x00, 0x22, 0x00, 0x22, 0x00, 0x22, 0x00, 0x22, 0x00, 0x22, 0x00, 0x22, 0x00, 0x22, 0x00, 0x22, 0x00, 0x22, 0x00, 0x22, 0x00, 0x22, 0x00,
0x22, 0x00, 0x22, 0x00, 0x22, 0x00, 0x22, 0x00, 0x22, 0x00, 0x22, 0x00, 0x22, 0x00, 0x22, 0x00, 0x22, 0x00, 0x22, 0x00, 0x22, 0x00, 0x22, 0x00,
0x22, 0x00, 0x22, 0x00, 0x22, 0x00, 0x22, 0x00, 0x22, 0x00, 0x22, 0x00, 0x22, 0x00, 0x22, 0x00, 0x22, 0x00, 0x22, 0x00, 0x22, 0x00, 0x22, 0x00,
0x22, 0x00, 0x22, 0x00, 0x22, 0x00, 0x21, 0x00, 0x21, 0x00, 0x21, 0x00, 0x21, 0x00, 0x21, 0x00, 0x21, 0x00, 0x21, 0x00, 0x21, 0x00, 0x21, 0x00,
0x21, 0x00, 0x21, 0x00, 0x21, 0x00, 0x21, 0x00, 0x21, 0x00, 0x21, 0x00, 0x21, 0x00, 0x21, 0x00, 0x21, 0x00, 0x21, 0x00, 0x21, 0x00, 0x21, 0x00,
0x21, 0x00, 0x21, 0x00, 0x21, 0x00, 0x21, 0x00, 0x21, 0x00, 0x21, 0x00, 0x21, 0x00, 0x21, 0x00, 0x21, 0x00, 0x21, 0x00, 0x21, 0x00, 0x21, 0x00,
0x21, 0x00, 0x21, 0x00, 0x21, 0x00, 0x21, 0x00, 0x21, 0x00, 0x21, 0x00, 0x21, 0x00, 0x21, 0x00, 0x21, 0x00, 0x21, 0x00, 0x21, 0x00, 0x21, 0x00,
0x21, 0x00, 0x21, 0x00, 0x21, 0x00, 0x21, 0x00, 0x21, 0x00, 0x21, 0x00, 0x21, 0x00, 0x21, 0x00, 0x21, 0x00, 0x21, 0x00, 0x21, 0x00, 0x21, 0x00,
0x21, 0x00, 0x21, 0x00, 0x21, 0x00, 0x21, 0x00, 0x21, 0x00, 0x21, 0x00, 0x21, 0x00, 0x21, 0x00, 0x21, 0x00, 0x21, 0x00, 0x21, 0x00, 0x21, 0x00,
0x21, 0x00, 0x21, 0x00, 0x21, 0x00, 0x21, 0x00, 0x21, 0x00, 0x21, 0x00, 0x21, 0x00, 0x21, 0x00, 0x21, 0x00, 0x21, 0x00, 0x21, 0x00, 0x21, 0x00,
0x21, 0x00, 0x21, 0x00, 0x21, 0x00, 0x21, 0x00, 0x21, 0x00, 0x21, 0x00, 0x21, 0x00, 0x21, 0x00, 0x21, 0x00, 0x21, 0x00, 0x21, 0x00, 0x21, 0x00,
0x21, 0x00, 0x21, 0x00, 0x21, 0x00, 0x21, 0x00, 0x21, 0x00, 0x21, 0x00, 0x21, 0x00, 0x21, 0x00, 0x21, 0x00, 0x21, 0x00, 0x21, 0x00, 0x21, 0x00,
0x21, 0x00, 0x21, 0x00, 0x21, 0x00, 0x21, 0x00, 0x21, 0x00, 0x21, 0x00, 0x21, 0x00, 0x21, 0x00, 0x22, 0x00, 0x22, 0x00, 0x22, 0x00, 0x22, 0x00,
0x22, 0x00, 0x22, 0x00, 0x22, 0x00, 0x22, 0x00, 0x22, 0x00, 0x22, 0x00, 0x22, 0x00, 0x22, 0x00, 0x22, 0x00, 0x22, 0x00, 0x22, 0x00, 0x22, 0x00,
0x22, 0x00, 0x22, 0x00, 0x22, 0x00, 0x22, 0x00, 0x22, 0x00, 0x22, 0x00, 0x22, 0x00, 0x22, 0x00, 0x22, 0x00, 0x22, 0x00, 0x22, 0x00, 0x22, 0x00,
0x22, 0x00, 0x22, 0x00, 0x22, 0x00, 0x22, 0x00, 0x22, 0x00, 0x22, 0x00, 0x22, 0x00, 0x22, 0x00, 0x22, 0x00, 0x22, 0x00, 0x22, 0x00, 0x22, 0x00,
0x22, 0x00, 0x22, 0x00, 0x22, 0x00, 0x22, 0x00, 0x22, 0x00, 0x22, 0x00, 0x22, 0x00, 0x22, 0x00, 0x22, 0x00, 0x22, 0x00, 0x22, 0x00, 0x22, 0x00,
0x22, 0x00, 0x22, 0x00, 0x22, 0x00, 0x22, 0x00, 0x22, 0x00, 0x22, 0x00, 0x22, 0x00, 0x22, 0x00, 0x22, 0x00, 0x22, 0x00, 0x22, 0x00, 0x22, 0x00,
0x22, 0x00, 0x22, 0x00, 0x22, 0x00, 0x22, 0x00, 0x22, 0x00, 0x22, 0x00, 0x22, 0x00, 0x22, 0x00, 0x22, 0x00, 0x22, 0x00, 0x22, 0x00, 0x22, 0x00,
0x22, 0x00, 0x22, 0x00, 0x22, 0x00, 0x22, 0x00, 0x22, 0x00, 0x22, 0x00, 0x22, 0x00, 0x22, 0x00, 0x22, 0x00, 0x22, 0x00, 0x22, 0x00, 0x22, 0x00,
0x21, 0x00, 0x21, 0x00, 0x21, 0x00, 0x21, 0x00, 0x21, 0x00, 0x21, 0x00, 0x21, 0x00, 0x21, 0x00, 0x21, 0x00, 0x21, 0x00, 0x21, 0x00, 0x21, 0x00,
0x21, 0x00, 0x21, 0x00, 0x21, 0x00, 0x21, 0x00, 0x21, 0x00, 0x21, 0x00, 0x21, 0x00, 0x21, 0x00, 0x21, 0x00, 0x21, 0x00, 0x21, 0x00, 0x21, 0x00,
0x21, 0x00, 0x21, 0x00, 0x21, 0x00, 0x21, 0x00, 0x21, 0x00, 0x21, 0x00, 0x21, 0x00, 0x21, 0x00, 0x21, 0x00, 0x21, 0x00, 0x21, 0x00, 0x21, 0x00,
0x21, 0x00, 0x21, 0x00, 0x21, 0x00, 0x21, 0x00, 0x21, 0x00, 0x21, 0x00, 0x21, 0x00, 0x21, 0x00, 0x21, 0x00, 0x21, 0x00, 0x21, 0x00, 0x21, 0x00,
0x21, 0x00, 0x21, 0x00, 0x21, 0x00, 0x21, 0x00, 0x21, 0x00, 0x21, 0x00, 0x21, 0x00, 0x21, 0x00, 0x21, 0x00, 0x21, 0x00, 0x21, 0x00, 0x21, 0x00,
0x21, 0x00, 0x21, 0x00, 0x21, 0x00, 0x21, 0x00, 0x21, 0x00, 0x21, 0x00, 0x21, 0x00, 0x21, 0x00, 0x21, 0x00, 0x21, 0x00, 0x21, 0x00, 0x21, 0x00,
0x21, 0x00, 0x21, 0x00, 0x21, 0x00, 0x21, 0x00, 0x21, 0x00, 0x21, 0x00, 0x21, 0x00, 0x21, 0x00, 0x21, 0x00, 0x21, 0x00, 0x21, 0x00, 0x21, 0x00,
0x21, 0x00, 0x21, 0x00, 0x21, 0x00, 0x21, 0x00, 0x21, 0x00, 0x21, 0x00, 0x21, 0x00, 0x21, 0x00, 0x21, 0x00, 0x21, 0x00, 0x21, 0x00, 0x21, 0x00,
0x21, 0x00, 0x21, 0x00, 0x21, 0x00, 0x21, 0x00, 0x21, 0x00, 0x21, 0x00, 0x21, 0x00, 0x21, 0x00, 0x21, 0x00, 0x21, 0x00, 0x21, 0x00, 0x21, 0x00,
0x21, 0x00, 0x21, 0x00, 0x21, 0x00, 0x22, 0x00, 0x22, 0x00, 0x22, 0x00, 0x22, 0x00, 0x22, 0x00, 0x22, 0x00, 0x22, 0x00, 0x22, 0x00, 0x22, 0x00,
0x22, 0x00, 0x22, 0x00, 0x22, 0x00, 0x22, 0x00, 0x22, 0x00, 0x22, 0x00, 0x22, 0x00, 0x22, 0x00, 0x22, 0x00, 0x22, 0x00, 0x22, 0x00, 0x22, 0x00,
0x22, 0x00, 0x22, 0x00, 0x22, 0x00, 0x22, 0x00, 0x22, 0x00, 0x22, 0x00, 0x22, 0x00, 0x22, 0x00, 0x22, 0x00, 0x22, 0x00, 0x22, 0x00, 0x22, 0x00,
0x22, 0x00, 0x22, 0x00, 0x22, 0x00, 0x22, 0x00, 0x22, 0x00, 0x22, 0x00, 0x22, 0x00, 0x22, 0x00, 0x22, 0x00, 0x22, 0x00, 0x22, 0x00, 0x22, 0x00,
0x22, 0x00, 0x22, 0x00, 0x22, 0x00, 0x22, 0x00, 0x22, 0x00, 0x22, 0x00, 0x22, 0x00, 0x22, 0x00, 0x22, 0x00, 0x22, 0x00, 0x22, 0x00, 0x22, 0x00,
0x22, 0x00, 0x22, 0x00, 0x22, 0x00, 0x22, 0x00, 0x22, 0x00, 0x22, 0x00, 0x22, 0x00, 0x22, 0x00, 0x22, 0x00, 0x22, 0x00, 0x22, 0x00, 0x22, 0x00,
0x22, 0x00, 0x22, 0x00, 0x22, 0x00, 0x22, 0x00, 0x22, 0x00, 0x22, 0x00, 0x22, 0x00, 0x22, 0x00, 0x22, 0x00, 0x22, 0x00, 0x22, 0x00, 0x22, 0x00,
0x22, 0x00, 0x22, 0x00, 0x22, 0x00, 0x22, 0x00, 0x22, 0x00, 0x22, 0x00, 0x22, 0x00, 0x22, 0x00, 0x22, 0x00, 0x22, 0x00, 0x21, 0x00, 0x21, 0x00,
0x21, 0x00, 0x21, 0x00, 0x21, 0x00, 0x21, 0x00, 0x21, 0x00, 0x21, 0x00, 0x21, 0x00, 0x21, 0x00, 0x21, 0x00, 0x21, 0x00, 0x21, 0x00, 0x21, 0x00,
0x21, 0x00, 0x21, 0x00, 0x21, 0x00, 0x21, 0x00, 0x21, 0x00, 0x21, 0x00, 0x21, 0x00, 0x21, 0x00, 0x21, 0x00, 0x21, 0x00, 0x21, 0x00, 0x21, 0x00,
0x21, 0x00, 0x21, 0x00, 0x21, 0x00, 0x21, 0x00, 0x21, 0x00, 0x21, 0x00, 0x21, 0x00, 0x21, 0x00, 0x21, 0x00, 0x21, 0x00, 0x21, 0x00, 0x21, 0x00,
0x21, 0x00, 0x21, 0x00, 0x21, 0x00, 0x21, 0x00, 0x21, 0x00, 0x21, 0x00, 0x21, 0x00, 0x21, 0x00, 0x21, 0x00, 0x21, 0x00, 0x21, 0x00, 0x21, 0x00,
0x21, 0x00, 0x21, 0x00, 0x21, 0x00, 0x21, 0x00, 0x21, 0x00, 0x21, 0x00, 0x21, 0x00, 0x21, 0x00, 0x21, 0x00, 0x21, 0x00, 0x21, 0x00, 0x21, 0x00,
0x21, 0x00, 0x21, 0x00, 0x21, 0x00, 0x21, 0x00, 0x21, 0x00, 0x21, 0x00, 0x21, 0x00, 0x21, 0x00, 0x21, 0x00, 0x21, 0x00, 0x21, 0x00, 0x21, 0x00,
0x21, 0x00, 0x21, 0x00, 0x21, 0x00, 0x21, 0x00, 0x21, 0x00, 0x21, 0x00, 0x21, 0x00, 0x21, 0x00, 0x21, 0x00, 0x21, 0x00, 0x21, 0x00, 0x21, 0x00,
0x21, 0x00, 0x21, 0x00, 0x21, 0x00, 0x21, 0x00, 0x21, 0x00, 0x21, 0x00, 0x21, 0x00, 0x21, 0x00, 0x21, 0x00, 0x21, 0x00, 0x21, 0x00, 0x21, 0x00,
0x21, 0x00, 0x21, 0x00, 0x21, 0x00, 0x21, 0x00, 0x21, 0x00, 0x21, 0x00, 0x21, 0x00, 0x21, 0x00, 0x21, 0x00, 0x22, 0x00, 0x22, 0x00, 0x22, 0x00,
0x22, 0x00, 0x22, 0x00, 0x22, 0x00, 0x22, 0x00, 0x22, 0x00, 0x22, 0x00, 0x22, 0x00, 0x22, 0x00, 0x22, 0x00, 0x22, 0x00, 0x22, 0x00, 0x22, 0x00,
0x22, 0x00, 0x22, 0x00, 0x22, 0x00, 0x22, 0x00, 0x22, 0x00, 0x22, 0x00, 0x87, 0x08, 0xca, 0x10, 0x0c, 0x11, 0x0c, 0x11, 0x0c, 0x11, 0x71, 0x19,
0x71, 0x19, 0x50, 0x19, 0x0c, 0x11, 0x0c, 0x11, 0x0c, 0x11, 0x0c, 0x11, 0xa8, 0x10, 0xa7, 0x08, 0x87, 0x08, 0x22, 0x00, 0x22, 0x00, 0x22, 0x00,
0x22, 0x00, 0x22, 0x00, 0x22, 0x00, 0x22, 0x00, 0x22, 0x00, 0x22, 0x00, 0x22, 0x00, 0x22, 0x00, 0x22, 0x00, 0x22, 0x00, 0x22, 0x00, 0x22, 0x00,
0x22, 0x00, 0x22, 0x00, 0x22, 0x00, 0x22, 0x00, 0x22, 0x00, 0x22, 0x00, 0x22, 0x00, 0x86, 0x08, 0x87, 0x08, 0xa7, 0x08, 0x0c, 0x11, 0x0c, 0x11,
0x0c, 0x11, 0x0c, 0x11, 0x2f, 0x19, 0x71, 0x19, 0x71, 0x19, 0x2e, 0x19, 0x0c, 0x11, 0x0c, 0x11, 0xeb, 0x10, 0x87, 0x08, 0x43, 0x00, 0x22, 0x00,
0x22, 0x00, 0x22, 0x00, 0x22, 0x00, 0x22, 0x00, 0x22, 0x00, 0x22, 0x00, 0x22, 0x00, 0x22, 0x00, 0x22, 0x00, 0x22, 0x00, 0x22, 0x00, 0x22, 0x00,
0x22, 0x00, 0x22, 0x00, 0x22, 0x00, 0x22, 0x00, 0x22, 0x00, 0x22, 0x00, 0x22, 0x00, 0x21, 0x00, 0x21, 0x00, 0x21, 0x00, 0x21, 0x00, 0x21, 0x00,
0x21, 0x00, 0x21, 0x00, 0x21, 0x00, 0x21, 0x00, 0x21, 0x00, 0x21, 0x00, 0x21, 0x00, 0x21, 0x00, 0x21, 0x00, 0x21, 0x00, 0x21, 0x00, 0x21, 0x00,
0x21, 0x00, 0x21, 0x00, 0x21, 0x00, 0x21, 0x00, 0x21, 0x00, 0x21, 0x00, 0x21, 0x00, 0x21, 0x00, 0x21, 0x00, 0x21, 0x00, 0x21, 0x00, 0x21, 0x00,
0x21, 0x00, 0x21, 0x00, 0x21, 0x00, 0x21, 0x00, 0x21, 0x00, 0x21, 0x00, 0x21, 0x00, 0x21, 0x00, 0x21, 0x00, 0x21, 0x00, 0x21, 0x00, 0x21, 0x00,
0x21, 0x00, 0x21, 0x00, 0x21, 0x00, 0x21, 0x00, 0x21, 0x00, 0x21, 0x00, 0x21, 0x00, 0x21, 0x00, 0x21, 0x00, 0x21, 0x00, 0x21, 0x00, 0x21, 0x00,
0x21, 0x00, 0x21, 0x00, 0x21, 0x00, 0x21, 0x00, 0x21, 0x00, 0x21, 0x00, 0x21, 0x00, 0x21, 0x00, 0x21, 0x00, 0x21, 0x00, 0x21, 0x00, 0x21, 0x00,
0x21, 0x00, 0x21, 0x00, 0x21, 0x00, 0x21, 0x00, 0x21, 0x00, 0x21, 0x00, 0x21, 0x00, 0x21, 0x00, 0x21, 0x00, 0x21, 0x00, 0x21, 0x00, 0x21, 0x00,
0x21, 0x00, 0x21, 0x00, 0x21, 0x00, 0x21, 0x00, 0x21, 0x00, 0x21, 0x00, 0x21, 0x00, 0x21, 0x00, 0x21, 0x00, 0x21, 0x00, 0x21, 0x00, 0x21, 0x00,
0x21, 0x00, 0x21, 0x00, 0x21, 0x00, 0x21, 0x00, 0x21, 0x00, 0x21, 0x00, 0x21, 0x00, 0x21, 0x00, 0x21, 0x00, 0x21, 0x00, 0x21, 0x00, 0x21, 0x00,
0x21, 0x00, 0x21, 0x00, 0x21, 0x00, 0x21, 0x00, 0x22, 0x00, 0x22, 0x00, 0x22, 0x00, 0x22, 0x00, 0x22, 0x00, 0x22, 0x00, 0x22, 0x00, 0x22, 0x00,
0x22, 0x00, 0x22, 0x00, 0x22, 0x00, 0x22, 0x00, 0x22, 0x00, 0x22, 0x00, 0x22, 0x00, 0x22, 0x00, 0x22, 0x00, 0x43, 0x00, 0xa8, 0x08, 0x2f, 0x19,
0xb4, 0x21, 0xf7, 0x29, 0xf7, 0x29, 0xf7, 0x29, 0xf7, 0x29, 0x17, 0x2a, 0x17, 0x2a, 0x17, 0x2a, 0x17, 0x2a, 0x17, 0x2a, 0x17, 0x2a, 0x17, 0x2a,
0xf7, 0x29, 0xf7, 0x29, 0xf7, 0x29, 0xf7, 0x29, 0xf7, 0x29, 0xf7, 0x29, 0xf7, 0x29, 0xb4, 0x21, 0x72, 0x21, 0x71, 0x19, 0x2e, 0x19, 0x0c, 0x11,
0x0c, 0x11, 0x0c, 0x11, 0x0c, 0x11, 0x0c, 0x11, 0xeb, 0x10, 0x0c, 0x11, 0x0c, 0x11, 0x0c, 0x11, 0x0c, 0x11, 0x0c, 0x11, 0x71, 0x19, 0x72, 0x21,
0x93, 0x21, 0xd7, 0x29, 0xf7, 0x29, 0xf7, 0x29, 0xf7, 0x29, 0xf7, 0x29, 0xf7, 0x29, 0xf7, 0x29, 0x17, 0x2a, 0x17, 0x2a, 0x17, 0x2a, 0x17, 0x2a,
0x17, 0x2a, 0x17, 0x2a, 0x17, 0x2a, 0xf7, 0x29, 0xf7, 0x29, 0xf7, 0x29, 0xf7, 0x29, 0xd5, 0x21, 0x50, 0x19, 0xca, 0x10, 0x64, 0x08, 0x22, 0x00,
0x22, 0x00, 0x22, 0x00, 0x22, 0x00, 0x22, 0x00, 0x22, 0x00, 0x22, 0x00, 0x22, 0x00, 0x22, 0x00, 0x22, 0x00, 0x22, 0x00, 0x22, 0x00, 0x22, 0x00,
0x22, 0x00, 0x22, 0x00, 0x22, 0x00, 0x22, 0x00, 0x21, 0x00, 0x21, 0x00, 0x21, 0x00, 0x21, 0x00, 0x21, 0x00, 0x21, 0x00, 0x21, 0x00, 0x21, 0x00,
0x21, 0x00, 0x21, 0x00, 0x21, 0x00, 0x21, 0x00, 0x21, 0x00, 0x21, 0x00, 0x21, 0x00, 0x21, 0x00, 0x21, 0x00, 0x21, 0x00, 0x21, 0x00, 0x21, 0x00,
0x21, 0x00, 0x21, 0x00, 0x21, 0x00, 0x21, 0x00, 0x21, 0x00, 0x21, 0x00, 0x21, 0x00, 0x21, 0x00, 0x21, 0x00, 0x21, 0x00, 0x21, 0x00, 0x21, 0x00,
0x21, 0x00, 0x21, 0x00, 0x21, 0x00, 0x21, 0x00, 0x21, 0x00, 0x21, 0x00, 0x21, 0x00, 0x21, 0x00, 0x21, 0x00, 0x21, 0x00, 0x21, 0x00, 0x21, 0x00,
0x21, 0x00, 0x21, 0x00, 0x21, 0x00, 0x21, 0x00, 0x21, 0x00, 0x21, 0x00, 0x21, 0x00, 0x21, 0x00, 0x21, 0x00, 0x21, 0x00, 0x21, 0x00, 0x21, 0x00,
0x21, 0x00, 0x21, 0x00, 0x21, 0x00, 0x21, 0x00, 0x21, 0x00, 0x21, 0x00, 0x21, 0x00, 0x21, 0x00, 0x21, 0x00, 0x21, 0x00, 0x21, 0x00, 0x21, 0x00,
0x21, 0x00, 0x21, 0x00, 0x21, 0x00, 0x21, 0x00, 0x21, 0x00, 0x21, 0x00, 0x21, 0x00, 0x21, 0x00, 0x21, 0x00, 0x21, 0x00, 0x21, 0x00, 0x21, 0x00,
0x21, 0x00, 0x21, 0x00, 0x21, 0x00, 0x21, 0x00, 0x21, 0x00, 0x21, 0x00, 0x21, 0x00, 0x21, 0x00, 0x21, 0x00, 0x21, 0x00, 0x21, 0x00, 0x21, 0x00,
0x21, 0x00, 0x21, 0x00, 0x21, 0x00, 0x21, 0x00, 0x21, 0x00, 0x21, 0x00, 0x21, 0x00, 0x21, 0x00, 0x21, 0x00, 0x21, 0x00, 0x21, 0x00, 0x22, 0x00,
0x22, 0x00, 0x22, 0x00, 0x22, 0x00, 0x22, 0x00, 0x22, 0x00, 0x22, 0x00, 0x22, 0x00, 0x22, 0x00, 0x22, 0x00, 0x22, 0x00, 0x22, 0x00, 0x22, 0x00,
0x22, 0x00, 0x22, 0x00, 0x22, 0x00, 0x87, 0x08, 0x2f, 0x19, 0xf7, 0x29, 0xf7, 0x29, 0x17, 0x2a, 0x17, 0x2a, 0x18, 0x2a, 0x38, 0x2a, 0x38, 0x2a,
0x38, 0x2a, 0x38, 0x2a, 0x38, 0x2a, 0x38, 0x2a, 0x38, 0x2a, 0x38, 0x2a, 0x38, 0x2a, 0x38, 0x2a, 0x38, 0x2a, 0x38, 0x2a, 0x38, 0x2a, 0x38, 0x2a,
0x38, 0x2a, 0x18, 0x2a, 0x18, 0x2a, 0x17, 0x2a, 0x17, 0x2a, 0x17, 0x2a, 0x17, 0x2a, 0xf7, 0x29, 0xf7, 0x29, 0xf7, 0x29, 0xf7, 0x29, 0xf7, 0x29,
0xf7, 0x29, 0xf7, 0x29, 0xf7, 0x29, 0xf7, 0x29, 0xf7, 0x29, 0x17, 0x2a, 0x17, 0x2a, 0x17, 0x2a, 0x17, 0x2a, 0x18, 0x2a, 0x18, 0x2a, 0x38, 0x2a,
0x38, 0x2a, 0x38, 0x2a, 0x38, 0x2a, 0x38, 0x2a, 0x38, 0x2a, 0x38, 0x2a, 0x38, 0x2a, 0x38, 0x2a, 0x38, 0x2a, 0x38, 0x2a, 0x38, 0x2a, 0x38, 0x2a,
0x38, 0x2a, 0x38, 0x2a, 0x18, 0x2a, 0x17, 0x2a, 0x17, 0x2a, 0xf7, 0x29, 0xf7, 0x29, 0x71, 0x19, 0xca, 0x10, 0x22, 0x00, 0x22, 0x00, 0x22, 0x00,
0x22, 0x00, 0x22, 0x00, 0x22, 0x00, 0x22, 0x00, 0x22, 0x00, 0x22, 0x00, 0x22, 0x00, 0x22, 0x00, 0x22, 0x00, 0x22, 0x00, 0x22, 0x00, 0x22, 0x00,
0x22, 0x00, 0x22, 0x00, 0x21, 0x00, 0x21, 0x00, 0x21, 0x00, 0x21, 0x00, 0x21, 0x00, 0x21, 0x00, 0x21, 0x00, 0x21, 0x00, 0x21, 0x00, 0x21, 0x00,
0x21, 0x00, 0x21, 0x00, 0x21, 0x00, 0x21, 0x00, 0x21, 0x00, 0x21, 0x00, 0x21, 0x00, 0x21, 0x00, 0x21, 0x00, 0x21, 0x00, 0x21, 0x00, 0x21, 0x00,
0x21, 0x00, 0x21, 0x00, 0x21, 0x00, 0x21, 0x00, 0x21, 0x00, 0x21, 0x00, 0x21, 0x00, 0x21, 0x00, 0x21, 0x00, 0x21, 0x00, 0x21, 0x00, 0x21, 0x00,
0x21, 0x00, 0x21, 0x00, 0x21, 0x00, 0x21, 0x00, 0x21, 0x00, 0x21, 0x00, 0x21, 0x00, 0x21, 0x00, 0x21, 0x00, 0x21, 0x00, 0x21, 0x00, 0x21, 0x00,
0x21, 0x00, 0x21, 0x00, 0x21, 0x00, 0x21, 0x00, 0x21, 0x00, 0x21, 0x00, 0x21, 0x00, 0x21, 0x00, 0x21, 0x00, 0x21, 0x00, 0x21, 0x00, 0x21, 0x00,
0x21, 0x00, 0x21, 0x00, 0x21, 0x00, 0x21, 0x00, 0x21, 0x00, 0x21, 0x00, 0x21, 0x00, 0x21, 0x00, 0x21, 0x00, 0x21, 0x00, 0x21, 0x00, 0x21, 0x00,
0x21, 0x00, 0x21, 0x00, 0x21, 0x00, 0x21, 0x00, 0x21, 0x00, 0x21, 0x00, 0x21, 0x00, 0x21, 0x00, 0x21, 0x00, 0x21, 0x00, 0x21, 0x00, 0x21, 0x00,
0x21, 0x00, 0x21, 0x00, 0x21, 0x00, 0x21, 0x00, 0x21, 0x00, 0x21, 0x00, 0x21, 0x00, 0x21, 0x00, 0x21, 0x00, 0x21, 0x00, 0x21, 0x00, 0x21, 0x00,
0x21, 0x00, 0x21, 0x00, 0x21, 0x00, 0x21, 0x00, 0x21, 0x00, 0x22, 0x00, 0x22, 0x00, 0x22, 0x00, 0x22, 0x00, 0x22, 0x00, 0x22, 0x00, 0x22, 0x00,
0x22, 0x00, 0x22, 0x00, 0x22, 0x00, 0x22, 0x00, 0x22, 0x00, 0x22, 0x00, 0x22, 0x00, 0x22, 0x00, 0x22, 0x00, 0x87, 0x08, 0x71, 0x19, 0xf7, 0x29,
0x17, 0x2a, 0x18, 0x2a, 0x38, 0x2a, 0x38, 0x2a, 0x58, 0x2a, 0x58, 0x2a, 0x59, 0x2a, 0xf9, 0x42, 0x9a, 0x5b, 0xfb, 0x63, 0xdc, 0x84, 0xdc, 0x84,
0xdc, 0x84, 0xdc, 0x84, 0xdc, 0x84, 0xdc, 0x84, 0x9a, 0x5b, 0x9a, 0x5b, 0x9a, 0x5b, 0x59, 0x2a, 0x59, 0x2a, 0x58, 0x2a, 0x58, 0x2a, 0x58, 0x2a,
0x58, 0x2a, 0x38, 0x2a, 0x38, 0x2a, 0x38, 0x2a, 0x38, 0x2a, 0x38, 0x2a, 0x38, 0x2a, 0x38, 0x2a, 0x38, 0x2a, 0x38, 0x2a, 0x38, 0x2a, 0x38, 0x2a,
0x38, 0x2a, 0x38, 0x2a, 0x38, 0x2a, 0x38, 0x2a, 0x58, 0x2a, 0x58, 0x2a, 0x58, 0x2a, 0x59, 0x2a, 0x59, 0x2a, 0x5a, 0x53, 0x9a, 0x5b, 0x9a, 0x5b,
0x9c, 0x7c, 0xdc, 0x84, 0xdc, 0x84, 0xdc, 0x84, 0xdc, 0x84, 0xdc, 0x84, 0x3b, 0x74, 0x9a, 0x5b, 0x5a, 0x53, 0x59, 0x2a, 0x58, 0x2a, 0x58, 0x2a,
0x38, 0x2a, 0x38, 0x2a, 0x18, 0x2a, 0x17, 0x2a, 0xf7, 0x29, 0xb4, 0x21, 0xca, 0x10, 0x22, 0x00, 0x22, 0x00, 0x22, 0x00, 0x22, 0x00, 0x22, 0x00,
0x22, 0x00, 0x22, 0x00, 0x22, 0x00, 0x22, 0x00, 0x22, 0x00, 0x22, 0x00, 0x22, 0x00, 0x22, 0x00, 0x22, 0x00, 0x22, 0x00, 0x22, 0x00, 0x21, 0x00,
0x21, 0x00, 0x21, 0x00, 0x21, 0x00, 0x21, 0x00, 0x21, 0x00, 0x21, 0x00, 0x21, 0x00, 0x21, 0x00, 0x21, 0x00, 0x21, 0x00, 0x21, 0x00, 0x21, 0x00,
0x21, 0x00, 0x21, 0x00, 0x21, 0x00, 0x21, 0x00, 0x21, 0x00, 0x21, 0x00, 0x21, 0x00, 0x21, 0x00, 0x21, 0x00, 0x21, 0x00, 0x21, 0x00, 0x21, 0x00,
0x21, 0x00, 0x21, 0x00, 0x21, 0x00, 0x21, 0x00, 0x21, 0x00, 0x21, 0x00, 0x21, 0x00, 0x21, 0x00, 0x21, 0x00, 0x21, 0x00, 0x21, 0x00, 0x21, 0x00,
0x21, 0x00, 0x21, 0x00, 0x21, 0x00, 0x21, 0x00, 0x21, 0x00, 0x21, 0x00, 0x21, 0x00, 0x21, 0x00, 0x21, 0x00, 0x21, 0x00, 0x21, 0x00, 0x21, 0x00,
0x21, 0x00, 0x21, 0x00, 0x21, 0x00, 0x21, 0x00, 0x21, 0x00, 0x21, 0x00, 0x21, 0x00, 0x21, 0x00, 0x21, 0x00, 0x21, 0x00, 0x21, 0x00, 0x21, 0x00,
0x21, 0x00, 0x21, 0x00, 0x21, 0x00, 0x21, 0x00, 0x21, 0x00, 0x21, 0x00, 0x21, 0x00, 0x21, 0x00, 0x21, 0x00, 0x21, 0x00, 0x21, 0x00, 0x21, 0x00,
0x21, 0x00, 0x21, 0x00, 0x21, 0x00, 0x21, 0x00, 0x21, 0x00, 0x21, 0x00, 0x21, 0x00, 0x21, 0x00, 0x21, 0x00, 0x21, 0x00, 0x21, 0x00, 0x21, 0x00,
0x21, 0x00, 0x21, 0x00, 0x21, 0x00, 0x21, 0x00, 0x21, 0x00, 0x21, 0x00, 0x21, 0x00, 0x21, 0x00, 0x21, 0x00, 0x21, 0x00, 0x21, 0x00, 0x21, 0x00,
0x22, 0x00, 0x22, 0x00, 0x22, 0x00, 0x22, 0x00, 0x22, 0x00, 0x22, 0x00, 0x22, 0x00, 0x22, 0x00, 0x22, 0x00, 0x22, 0x00, 0x22, 0x00, 0x22, 0x00,
0x22, 0x00, 0x22, 0x00, 0x22, 0x00, 0x64, 0x08, 0x71, 0x19, 0xf7, 0x29, 0x17, 0x2a, 0x18, 0x2a, 0x38, 0x2a, 0x58, 0x2a, 0x59, 0x2a, 0x5a, 0x53,
0xdc, 0x84, 0x1e, 0xb6, 0x3f, 0xdf, 0x3f, 0xdf, 0x3f, 0xdf, 0x3f, 0xdf, 0x3f, 0xdf, 0x3f, 0xdf, 0x3f, 0xdf, 0x3f, 0xdf, 0x3f, 0xdf, 0x3f, 0xdf,
0x3f, 0xdf, 0x3f, 0xdf, 0x3f, 0xdf, 0x3f, 0xdf, 0x3f, 0xdf, 0xbf, 0xce, 0x1e, 0xb6, 0xbd, 0xad, 0xdc, 0x84, 0xdc, 0x84, 0xfb, 0x63, 0x9a, 0x5b,
0x9a, 0x5b, 0x5a, 0x53, 0x59, 0x2a, 0x59, 0x2a, 0x59, 0x2a, 0x59, 0x2a, 0xf9, 0x42, 0x9a, 0x5b, 0x9a, 0x5b, 0x9a, 0x5b, 0xdc, 0x84, 0xdc, 0x84,
0x7d, 0x9d, 0x1e, 0xb6, 0x5e, 0xbe, 0x3f, 0xdf, 0x3f, 0xdf, 0x3f, 0xdf, 0x3f, 0xdf, 0x3f, 0xdf, 0x3f, 0xdf, 0x3f, 0xdf, 0x3f, 0xdf, 0x3f, 0xdf,
0x3f, 0xdf, 0x3f, 0xdf, 0x3f, 0xdf, 0x3f, 0xdf, 0x3f, 0xdf, 0x3f, 0xdf, 0x5e, 0xbe, 0x1d, 0x95, 0xfb, 0x63, 0x59, 0x2a, 0x58, 0x2a, 0x38, 0x2a,
0x38, 0x2a, 0x17, 0x2a, 0xf7, 0x29, 0xb4, 0x21, 0x87, 0x08, 0x22, 0x00, 0x22, 0x00, 0x22, 0x00, 0x22, 0x00, 0x22, 0x00, 0x22, 0x00, 0x22, 0x00,
0x22, 0x00, 0x22, 0x00, 0x22, 0x00, 0x22, 0x00, 0x22, 0x00, 0x22, 0x00, 0x22, 0x00, 0x22, 0x00, 0x21, 0x00, 0x21, 0x00, 0x21, 0x00, 0x21, 0x00,
0x21, 0x00, 0x21, 0x00, 0x21, 0x00, 0x21, 0x00, 0x21, 0x00, 0x21, 0x00, 0x21, 0x00, 0x21, 0x00, 0x21, 0x00, 0x21, 0x00, 0x21, 0x00, 0x21, 0x00,
0x21, 0x00, 0x21, 0x00, 0x21, 0x00, 0x21, 0x00, 0x21, 0x00, 0x21, 0x00, 0x21, 0x00, 0x21, 0x00, 0x21, 0x00, 0x21, 0x00, 0x21, 0x00, 0x21, 0x00,
0x21, 0x00, 0x21, 0x00, 0x21, 0x00, 0x21, 0x00, 0x21, 0x00, 0x21, 0x00, 0x21, 0x00, 0x21, 0x00, 0x21, 0x00, 0x21, 0x00, 0x21, 0x00, 0x21, 0x00,
0x21, 0x00, 0x21, 0x00, 0x21, 0x00, 0x21, 0x00, 0x21, 0x00, 0x21, 0x00, 0x21, 0x00, 0x21, 0x00, 0x21, 0x00, 0x21, 0x00, 0x21, 0x00, 0x21, 0x00,
0x21, 0x00, 0x21, 0x00, 0x21, 0x00, 0x21, 0x00, 0x21, 0x00, 0x21, 0x00, 0x21, 0x00, 0x21, 0x00, 0x21, 0x00, 0x21, 0x00, 0x21, 0x00, 0x21, 0x00,
0x21, 0x00, 0x21, 0x00, 0x21, 0x00, 0x21, 0x00, 0x21, 0x00, 0x21, 0x00, 0x21, 0x00, 0x21, 0x00, 0x21, 0x00, 0x21, 0x00, 0x21, 0x00, 0x21, 0x00,
0x21, 0x00, 0x21, 0x00, 0x21, 0x00, 0x21, 0x00, 0x21, 0x00, 0x21, 0x00, 0x21, 0x00, 0x21, 0x00, 0x21, 0x00, 0x21, 0x00, 0x21, 0x00, 0x21, 0x00,
0x21, 0x00, 0x21, 0x00, 0x21, 0x00, 0x21, 0x00, 0x21, 0x00, 0x21, 0x00, 0x21, 0x00, 0x22, 0x00, 0x22, 0x00, 0x22, 0x00, 0x22, 0x00, 0x22, 0x00,
0x22, 0x00, 0x22, 0x00, 0x22, 0x00, 0x22, 0x00, 0x22, 0x00, 0x22, 0x00, 0x22, 0x00, 0x22, 0x00, 0x22, 0x00, 0x22, 0x00, 0xca, 0x10, 0xd5, 0x21,
0xf7, 0x29, 0x18, 0x2a, 0x38, 0x2a, 0x58, 0x2a, 0xf9, 0x42, 0xdc, 0x84, 0xbf, 0xce, 0x3f, 0xdf, 0x3f, 0xdf, 0x3f, 0xdf, 0x3f, 0xdf, 0x3f, 0xdf,
0x3f, 0xdf, 0x3f, 0xdf, 0x3f, 0xdf, 0x3f, 0xdf, 0x3f, 0xdf, 0x3f, 0xdf, 0x3f, 0xdf, 0x3f, 0xdf, 0x3f, 0xdf, 0x3f, 0xdf, 0x3f, 0xdf, 0x3f, 0xdf,
0x3f, 0xdf, 0x3f, 0xdf, 0x3f, 0xdf, 0x3f, 0xdf, 0x3f, 0xdf, 0x3f, 0xdf, 0x3f, 0xdf, 0x3f, 0xdf, 0x3f, 0xdf, 0x3f, 0xdf, 0x3f, 0xdf, 0x3f, 0xdf,
0x3f, 0xdf, 0x3f, 0xdf, 0x3f, 0xdf, 0x3f, 0xdf, 0x3f, 0xdf, 0x3f, 0xdf, 0x3f, 0xdf, 0x3f, 0xdf, 0x3f, 0xdf, 0x3f, 0xdf, 0x3f, 0xdf, 0x3f, 0xdf,
0x3f, 0xdf, 0x3f, 0xdf, 0x3f, 0xdf, 0x3f, 0xdf, 0x3f, 0xdf, 0x3f, 0xdf, 0x3f, 0xdf, 0x3f, 0xdf, 0x3f, 0xdf, 0x3f, 0xdf, 0x3f, 0xdf, 0x3f, 0xdf,
0x3f, 0xdf, 0x3f, 0xdf, 0x3f, 0xdf, 0x3f, 0xdf, 0x3f, 0xdf, 0xff, 0xd6, 0x7d, 0x9d, 0x5a, 0x53, 0x58, 0x2a, 0x38, 0x2a, 0x18, 0x2a, 0x17, 0x2a,
0xf7, 0x29, 0x2d, 0x19, 0x22, 0x00, 0x22, 0x00, 0x22, 0x00, 0x22, 0x00, 0x22, 0x00, 0x22, 0x00, 0x22, 0x00, 0x22, 0x00, 0x22, 0x00, 0x22, 0x00,
0x22, 0x00, 0x22, 0x00, 0x22, 0x00, 0x22, 0x00, 0x22, 0x00, 0x21, 0x00, 0x21, 0x00, 0x21, 0x00, 0x21, 0x00, 0x21, 0x00, 0x21, 0x00, 0x21, 0x00,
0x21, 0x00, 0x21, 0x00, 0x21, 0x00, 0x21, 0x00, 0x21, 0x00, 0x21, 0x00, 0x21, 0x00, 0x21, 0x00, 0x21, 0x00, 0x21, 0x00, 0x21, 0x00, 0x21, 0x00,
0x21, 0x00, 0x21, 0x00, 0x21, 0x00, 0x21, 0x00, 0x21, 0x00, 0x21, 0x00, 0x21, 0x00, 0x21, 0x00, 0x21, 0x00, 0x21, 0x00, 0x21, 0x00, 0x21, 0x00,
0x21, 0x00, 0x21, 0x00, 0x21, 0x00, 0x21, 0x00, 0x21, 0x00, 0x21, 0x00, 0x21, 0x00, 0x21, 0x00, 0x21, 0x00, 0x21, 0x00, 0x21, 0x00, 0x21, 0x00,
0x21, 0x00, 0x21, 0x00, 0x21, 0x00, 0x21, 0x00, 0x21, 0x00, 0x21, 0x00, 0x21, 0x00, 0x21, 0x00, 0x21, 0x00, 0x21, 0x00, 0x21, 0x00, 0x21, 0x00,
0x21, 0x00, 0x21, 0x00, 0x21, 0x00, 0x21, 0x00, 0x21, 0x00, 0x21, 0x00, 0x21, 0x00, 0x21, 0x00, 0x21, 0x00, 0x21, 0x00, 0x21, 0x00, 0x21, 0x00,
0x21, 0x00, 0x21, 0x00, 0x21, 0x00, 0x21, 0x00, 0x21, 0x00, 0x21, 0x00, 0x21, 0x00, 0x21, 0x00, 0x21, 0x00, 0x21, 0x00, 0x21, 0x00, 0x21, 0x00,
0x21, 0x00, 0x21, 0x00, 0x21, 0x00, 0x21, 0x00, 0x21, 0x00, 0x21, 0x00, 0x21, 0x00, 0x21, 0x00, 0x21, 0x00, 0x21, 0x00, 0x21, 0x00, 0x21, 0x00,
0x21, 0x00, 0x21, 0x00, 0x22, 0x00, 0x22, 0x00, 0x22, 0x00, 0x22, 0x00, 0x22, 0x00, 0x22, 0x00, 0x22, 0x00, 0x22, 0x00, 0x22, 0x00, 0x22, 0x00,
0x22, 0x00, 0x22, 0x00, 0x22, 0x00, 0x22, 0x00, 0x22, 0x00, 0x2f, 0x19, 0xf7, 0x29, 0x17, 0x2a, 0x38, 0x2a, 0x58, 0x2a, 0xf9, 0x42, 0x7d, 0x9d,
0x3f, 0xdf, 0x3f, 0xdf, 0x3f, 0xdf, 0x3f, 0xdf, 0x3f, 0xdf, 0x3f, 0xdf, 0x3f, 0xdf, 0x3f, 0xdf, 0x3f, 0xdf, 0x3f, 0xdf, 0x9f, 0xc6, 0x5f, 0xbe,
0x5f, 0xbe, 0x5f, 0xbe, 0x5f, 0xbe, 0x5f, 0xbe, 0xdf, 0xce, 0x3f, 0xdf, 0x3f, 0xdf, 0x3f, 0xdf, 0x3f, 0xdf, 0x3f, 0xdf, 0x3f, 0xdf, 0x3f, 0xdf,
0x3f, 0xdf, 0x3f, 0xdf, 0x3f, 0xdf, 0x3f, 0xdf, 0x3f, 0xdf, 0x3f, 0xdf, 0x3f, 0xdf, 0x3f, 0xdf, 0x3f, 0xdf, 0x3f, 0xdf, 0x3f, 0xdf, 0x3f, 0xdf,
0x3f, 0xdf, 0x3f, 0xdf, 0x3f, 0xdf, 0x3f, 0xdf, 0x3f, 0xdf, 0x3f, 0xdf, 0x3f, 0xdf, 0x3f, 0xdf, 0x3f, 0xdf, 0x3f, 0xdf, 0x3f, 0xdf, 0x1f, 0xd7,
0x5f, 0xbe, 0x5f, 0xbe, 0x5f, 0xbe, 0x5f, 0xbe, 0x5f, 0xbe, 0x5f, 0xbe, 0x3f, 0xdf, 0x3f, 0xdf, 0x3f, 0xdf, 0x3f, 0xdf, 0x3f, 0xdf, 0x3f, 0xdf,
0x3f, 0xdf, 0x3f, 0xdf, 0x3f, 0xdf, 0x3f, 0xdf, 0x1e, 0xb6, 0x9a, 0x5b, 0x58, 0x2a, 0x38, 0x2a, 0x18, 0x2a, 0xf7, 0x29, 0x93, 0x21, 0x43, 0x00,
0x22, 0x00, 0x22, 0x00, 0x22, 0x00, 0x22, 0x00, 0x22, 0x00, 0x22, 0x00, 0x22, 0x00, 0x22, 0x00, 0x22, 0x00, 0x22, 0x00, 0x22, 0x00, 0x22, 0x00,
0x22, 0x00, 0x22, 0x00, 0x21, 0x00, 0x21, 0x00, 0x21, 0x00, 0x21, 0x00, 0x21, 0x00, 0x21, 0x00, 0x21, 0x00, 0x21, 0x00, 0x21, 0x00, 0x21, 0x00,
0x21, 0x00, 0x21, 0x00, 0x21, 0x00, 0x21, 0x00, 0x21, 0x00, 0x21, 0x00, 0x21, 0x00, 0x21, 0x00, 0x21, 0x00, 0x21, 0x00, 0x21, 0x00, 0x21, 0x00,
0x21, 0x00, 0x21, 0x00, 0x21, 0x00, 0x21, 0x00, 0x21, 0x00, 0x21, 0x00, 0x21, 0x00, 0x21, 0x00, 0x21, 0x00, 0x21, 0x00, 0x21, 0x00, 0x21, 0x00,
0x21, 0x00, 0x21, 0x00, 0x21, 0x00, 0x21, 0x00, 0x21, 0x00, 0x21, 0x00, 0x21, 0x00, 0x21, 0x00, 0x21, 0x00, 0x21, 0x00, 0x21, 0x00, 0x21, 0x00,
0x21, 0x00, 0x21, 0x00, 0x21, 0x00, 0x21, 0x00, 0x21, 0x00, 0x21, 0x00, 0x21, 0x00, 0x21, 0x00, 0x21, 0x00, 0x21, 0x00, 0x21, 0x00, 0x21, 0x00,
0x21, 0x00, 0x21, 0x00, 0x21, 0x00, 0x21, 0x00, 0x21, 0x00, 0x21, 0x00, 0x21, 0x00, 0x21, 0x00, 0x21, 0x00, 0x21, 0x00, 0x21, 0x00, 0x21, 0x00,
0x21, 0x00, 0x21, 0x00, 0x21, 0x00, 0x21, 0x00, 0x21, 0x00, 0x21, 0x00, 0x21, 0x00, 0x21, 0x00, 0x21, 0x00, 0x21, 0x00, 0x21, 0x00, 0x21, 0x00,
0x21, 0x00, 0x21, 0x00, 0x21, 0x00, 0x21, 0x00, 0x21, 0x00, 0x21, 0x00, 0x21, 0x00, 0x21, 0x00, 0x21, 0x00, 0x22, 0x00, 0x22, 0x00, 0x22, 0x00,
0x22, 0x00, 0x22, 0x00, 0x22, 0x00, 0x22, 0x00, 0x22, 0x00, 0x22, 0x00, 0x22, 0x00, 0x22, 0x00, 0x22, 0x00, 0x22, 0x00, 0x22, 0x00, 0x43, 0x00,
0x71, 0x19, 0xf7, 0x29, 0x18, 0x2a, 0x38, 0x2a, 0x58, 0x2a, 0x9c, 0x7c, 0xff, 0xd6, 0x3f, 0xdf, 0x3f, 0xdf, 0x3f, 0xdf, 0x3f, 0xdf, 0x3f, 0xdf,
0x1f, 0xd7, 0x3f, 0xae, 0x5f, 0x85, 0xbf, 0x6c, 0xde, 0x43, 0xde, 0x43, 0xde, 0x43, 0xde, 0x43, 0xde, 0x43, 0xde, 0x43, 0xde, 0x43, 0xde, 0x43,
0xde, 0x43, 0xde, 0x43, 0xde, 0x43, 0x7e, 0x64, 0xbf, 0x6c, 0x5f, 0x85, 0x9f, 0x95, 0x3f, 0xae, 0x7f, 0xbe, 0x1f, 0xd7, 0x3f, 0xdf, 0x3f, 0xdf,
0x3f, 0xdf, 0x3f, 0xdf, 0x3f, 0xdf, 0x3f, 0xdf, 0x3f, 0xdf, 0x3f, 0xdf, 0x3f, 0xdf, 0x3f, 0xdf, 0x3f, 0xdf, 0x3f, 0xdf, 0x3f, 0xdf, 0x7f, 0xbe,
0x7f, 0xbe, 0x9f, 0x95, 0x9f, 0x95, 0xbf, 0x6c, 0xbf, 0x6c, 0xde, 0x43, 0xde, 0x43, 0xde, 0x43, 0xde, 0x43, 0xde, 0x43, 0xde, 0x43, 0xde, 0x43,
0xde, 0x43, 0xde, 0x43, 0xde, 0x43, 0xde, 0x43, 0x7e, 0x64, 0x1f, 0x7d, 0xff, 0xa5, 0xdf, 0xce, 0x3f, 0xdf, 0x3f, 0xdf, 0x3f, 0xdf, 0x3f, 0xdf,
0x3f, 0xdf, 0x3f, 0xdf, 0x1d, 0x95, 0xb9, 0x3a, 0x38, 0x2a, 0x18, 0x2a, 0xf7, 0x29, 0xb4, 0x21, 0x86, 0x08, 0x22, 0x00, 0x22, 0x00, 0x22, 0x00,
0x22, 0x00, 0x22, 0x00, 0x22, 0x00, 0x22, 0x00, 0x22, 0x00, 0x22, 0x00, 0x22, 0x00, 0x22, 0x00, 0x22, 0x00, 0x22, 0x00, 0x22, 0x00, 0x21, 0x00,
0x21, 0x00, 0x21, 0x00, 0x21, 0x00, 0x21, 0x00, 0x21, 0x00, 0x21, 0x00, 0x21, 0x00, 0x21, 0x00, 0x21, 0x00, 0x21, 0x00, 0x21, 0x00, 0x21, 0x00,
0x21, 0x00, 0x21, 0x00, 0x21, 0x00, 0x21, 0x00, 0x21, 0x00, 0x21, 0x00, 0x21, 0x00, 0x21, 0x00, 0x21, 0x00, 0x21, 0x00, 0x21, 0x00, 0x21, 0x00,
0x21, 0x00, 0x21, 0x00, 0x21, 0x00, 0x21, 0x00, 0x21, 0x00, 0x21, 0x00, 0x21, 0x00, 0x21, 0x00, 0x21, 0x00, 0x21, 0x00, 0x21, 0x00, 0x21, 0x00,
0x21, 0x00, 0x21, 0x00, 0x21, 0x00, 0x21, 0x00, 0x21, 0x00, 0x21, 0x00, 0x21, 0x00, 0x21, 0x00, 0x21, 0x00, 0x21, 0x00, 0x21, 0x00, 0x21, 0x00,
0x21, 0x00, 0x21, 0x00, 0x21, 0x00, 0x21, 0x00, 0x21, 0x00, 0x21, 0x00, 0x21, 0x00, 0x21, 0x00, 0x21, 0x00, 0x21, 0x00, 0x21, 0x00, 0x21, 0x00,
0x21, 0x00, 0x21, 0x00, 0x21, 0x00, 0x21, 0x00, 0x21, 0x00, 0x21, 0x00, 0x21, 0x00, 0x21, 0x00, 0x21, 0x00, 0x21, 0x00, 0x21, 0x00, 0x21, 0x00,
0x21, 0x00, 0x21, 0x00, 0x21, 0x00, 0x21, 0x00, 0x21, 0x00, 0x21, 0x00, 0x21, 0x00, 0x21, 0x00, 0x21, 0x00, 0x21, 0x00, 0x21, 0x00, 0x21, 0x00,
0x21, 0x00, 0x21, 0x00, 0x21, 0x00, 0x21, 0x00, 0x22, 0x00, 0x22, 0x00, 0x22, 0x00, 0x22, 0x00, 0x22, 0x00, 0x22, 0x00, 0x22, 0x00, 0x22, 0x00,
0x22, 0x00, 0x22, 0x00, 0x22, 0x00, 0x22, 0x00, 0x22, 0x00, 0x22, 0x00, 0x43, 0x00, 0x93, 0x21, 0xf7, 0x29, 0x18, 0x2a, 0x38, 0x2a, 0xb9, 0x3a,
0x1e, 0xb6, 0x3f, 0xdf, 0x3f, 0xdf, 0x3f, 0xdf, 0x3f, 0xdf, 0x3f, 0xdf, 0x7f, 0xbe, 0x1f, 0x7d, 0xde, 0x43, 0xde, 0x43, 0xde, 0x43, 0xde, 0x43,
0xde, 0x43, 0xde, 0x43, 0xde, 0x43, 0xde, 0x43, 0xde, 0x43, 0xde, 0x43, 0xde, 0x43, 0xde, 0x43, 0xde, 0x43, 0xde, 0x43, 0xde, 0x43, 0xde, 0x43,
0xde, 0x43, 0xde, 0x43, 0xde, 0x43, 0xde, 0x43, 0xde, 0x43, 0xde, 0x43, 0xde, 0x43, 0x1e, 0x4c, 0xbf, 0x6c, 0xbf, 0x6c, 0xbf, 0x6c, 0xbf, 0x6c,
0xbf, 0x6c, 0xbf, 0x6c, 0xbf, 0x6c, 0xbf, 0x6c, 0x5e, 0x54, 0xde, 0x43, 0xde, 0x43, 0xde, 0x43, 0xde, 0x43, 0xde, 0x43, 0xde, 0x43, 0xde, 0x43,
0xde, 0x43, 0xde, 0x43, 0xde, 0x43, 0xde, 0x43, 0xde, 0x43, 0xde, 0x43, 0xde, 0x43, 0xde, 0x43, 0xde, 0x43, 0xde, 0x43, 0xde, 0x43, 0xde, 0x43,
0xde, 0x43, 0xde, 0x43, 0xde, 0x43, 0xde, 0x43, 0xbf, 0x6c, 0xff, 0xa5, 0x3f, 0xdf, 0x3f, 0xdf, 0x3f, 0xdf, 0x3f, 0xdf, 0x3f, 0xdf, 0xbf, 0xce,
0x5a, 0x53, 0x58, 0x2a, 0x38, 0x2a, 0x17, 0x2a, 0xd5, 0x21, 0x86, 0x08, 0x22, 0x00, 0x22, 0x00, 0x22, 0x00, 0x22, 0x00, 0x22, 0x00, 0x22, 0x00,
0x22, 0x00, 0x22, 0x00, 0x22, 0x00, 0x22, 0x00, 0x22, 0x00, 0x22, 0x00, 0x22, 0x00, 0x22, 0x00, 0x21, 0x00, 0x21, 0x00, 0x21, 0x00, 0x21, 0x00,
0x21, 0x00, 0x21, 0x00, 0x21, 0x00, 0x21, 0x00, 0x21, 0x00, 0x21, 0x00, 0x21, 0x00, 0x21, 0x00, 0x21, 0x00, 0x21, 0x00, 0x21, 0x00, 0x21, 0x00,
0x21, 0x00, 0x21, 0x00, 0x21, 0x00, 0x21, 0x00, 0x21, 0x00, 0x21, 0x00, 0x21, 0x00, 0x21, 0x00, 0x21, 0x00, 0x21, 0x00, 0x21, 0x00, 0x21, 0x00,
0x21, 0x00, 0x21, 0x00, 0x21, 0x00, 0x21, 0x00, 0x21, 0x00, 0x21, 0x00, 0x21, 0x00, 0x21, 0x00, 0x21, 0x00, 0x21, 0x00, 0x21, 0x00, 0x21, 0x00,
0x21, 0x00, 0x21, 0x00, 0x21, 0x00, 0x21, 0x00, 0x21, 0x00, 0x21, 0x00, 0x21, 0x00, 0x21, 0x00, 0x21, 0x00, 0x21, 0x00, 0x21, 0x00, 0x21, 0x00,
0x21, 0x00, 0x21, 0x00, 0x21, 0x00, 0x21, 0x00, 0x21, 0x00, 0x21, 0x00, 0x21, 0x00, 0x21, 0x00, 0x21, 0x00, 0x21, 0x00, 0x21, 0x00, 0x21, 0x00,
0x21, 0x00, 0x21, 0x00, 0x21, 0x00, 0x21, 0x00, 0x21, 0x00, 0x21, 0x00, 0x21, 0x00, 0x21, 0x00, 0x21, 0x00, 0x21, 0x00, 0x21, 0x00, 0x21, 0x00,
0x21, 0x00, 0x21, 0x00, 0x21, 0x00, 0x21, 0x00, 0x21, 0x00, 0x21, 0x00, 0x21, 0x00, 0x21, 0x00, 0x21, 0x00, 0x21, 0x00, 0x21, 0x00, 0x22, 0x00,
0x22, 0x00, 0x22, 0x00, 0x22, 0x00, 0x22, 0x00, 0x22, 0x00, 0x22, 0x00, 0x22, 0x00, 0x22, 0x00, 0x22, 0x00, 0x22, 0x00, 0x22, 0x00, 0x22, 0x00,
0x22, 0x00, 0x22, 0x00, 0x50, 0x19, 0xf7, 0x29, 0x18, 0x2a, 0x58, 0x2a, 0x5a, 0x53, 0xff, 0xd6, 0x3f, 0xdf, 0x3f, 0xdf, 0x3f, 0xdf, 0x3f, 0xdf,
0x7f, 0xbe, 0xbf, 0x6c, 0xde, 0x43, 0xde, 0x43, 0xde, 0x43, 0xde, 0x43, 0xde, 0x43, 0xde, 0x43, 0xde, 0x43, 0xde, 0x43, 0xde, 0x43, 0xde, 0x43,
0xde, 0x43, 0xde, 0x43, 0xde, 0x43, 0xde, 0x43, 0xde, 0x43, 0xde, 0x43, 0xde, 0x43, 0xde, 0x43, 0xde, 0x43, 0xde, 0x43, 0xde, 0x43, 0xde, 0x43,
0xde, 0x43, 0xde, 0x43, 0xde, 0x43, 0xde, 0x43, 0xde, 0x43, 0xde, 0x43, 0xde, 0x43, 0xde, 0x43, 0xde, 0x43, 0xde, 0x43, 0xde, 0x43, 0xde, 0x43,
0xde, 0x43, 0xde, 0x43, 0xde, 0x43, 0xde, 0x43, 0xde, 0x43, 0xde, 0x43, 0xde, 0x43, 0xde, 0x43, 0xde, 0x43, 0xde, 0x43, 0xde, 0x43, 0xde, 0x43,
0xde, 0x43, 0xde, 0x43, 0xde, 0x43, 0xde, 0x43, 0xde, 0x43, 0xde, 0x43, 0xde, 0x43, 0xde, 0x43, 0xde, 0x43, 0xde, 0x43, 0xde, 0x43, 0xde, 0x43,
0xde, 0x43, 0xde, 0x43, 0x5e, 0x54, 0xff, 0xa5, 0x3f, 0xdf, 0x3f, 0xdf, 0x3f, 0xdf, 0x3f, 0xdf, 0x3f, 0xdf, 0x3b, 0x74, 0x58, 0x2a, 0x38, 0x2a,
0x17, 0x2a, 0xb4, 0x21, 0x43, 0x00, 0x22, 0x00, 0x22, 0x00, 0x22, 0x00, 0x22, 0x00, 0x22, 0x00, 0x22, 0x00, 0x22, 0x00, 0x22, 0x00, 0x22, 0x00,
0x22, 0x00, 0x22, 0x00, 0x22, 0x00, 0x22, 0x00, 0x22, 0x00, 0x21, 0x00, 0x21, 0x00, 0x21, 0x00, 0x21, 0x00, 0x21, 0x00, 0x21, 0x00, 0x21, 0x00,
0x21, 0x00, 0x21, 0x00, 0x21, 0x00, 0x21, 0x00, 0x21, 0x00, 0x21, 0x00, 0x21, 0x00, 0x21, 0x00, 0x21, 0x00, 0x21, 0x00, 0x21, 0x00, 0x21, 0x00,
0x21, 0x00, 0x21, 0x00, 0x21, 0x00, 0x21, 0x00, 0x21, 0x00, 0x21, 0x00, 0x21, 0x00, 0x21, 0x00, 0x21, 0x00, 0x21, 0x00, 0x21, 0x00, 0x21, 0x00,
0x21, 0x00, 0x21, 0x00, 0x21, 0x00, 0x21, 0x00, 0x21, 0x00, 0x21, 0x00, 0x21, 0x00, 0x21, 0x00, 0x21, 0x00, 0x21, 0x00, 0x21, 0x00, 0x21, 0x00,
0x21, 0x00, 0x21, 0x00, 0x21, 0x00, 0x21, 0x00, 0x21, 0x00, 0x21, 0x00, 0x21, 0x00, 0x21, 0x00, 0x21, 0x00, 0x21, 0x00, 0x21, 0x00, 0x21, 0x00,
0x21, 0x00, 0x21, 0x00, 0x21, 0x00, 0x21, 0x00, 0x21, 0x00, 0x21, 0x00, 0x21, 0x00, 0x21, 0x00, 0x21, 0x00, 0x21, 0x00, 0x21, 0x00, 0x21, 0x00,
0x21, 0x00, 0x21, 0x00, 0x21, 0x00, 0x21, 0x00, 0x21, 0x00, 0x21, 0x00, 0x21, 0x00, 0x21, 0x00, 0x21, 0x00, 0x21, 0x00, 0x21, 0x00, 0x21, 0x00,
0x21, 0x00, 0x21, 0x00, 0x21, 0x00, 0x21, 0x00, 0x21, 0x00, 0x21, 0x00, 0x22, 0x00, 0x22, 0x00, 0x22, 0x00, 0x22, 0x00, 0x22, 0x00, 0x22, 0x00,
0x22, 0x00, 0x22, 0x00, 0x22, 0x00, 0x22, 0x00, 0x22, 0x00, 0x22, 0x00, 0x22, 0x00, 0x22, 0x00, 0x22, 0x00, 0x2f, 0x19, 0xf7, 0x29, 0x18, 0x2a,
0x58, 0x2a, 0x5a, 0x53, 0xff, 0xd6, 0x3f, 0xdf, 0x3f, 0xdf, 0x3f, 0xdf, 0x1f, 0xd7, 0xff, 0x74, 0xfe, 0x43, 0xfe, 0x43, 0xfe, 0x43, 0xfe, 0x43,
0xfe, 0x43, 0xfe, 0x43, 0xfe, 0x43, 0xfe, 0x43, 0xfe, 0x43, 0xfe, 0x43, 0xfe, 0x43, 0xfe, 0x43, 0xfe, 0x43, 0xfe, 0x43, 0xfe, 0x43, 0xfe, 0x43,
0xfe, 0x43, 0xfe, 0x43, 0xfe, 0x43, 0xfe, 0x43, 0xfe, 0x43, 0xfe, 0x43, 0xfe, 0x43, 0xfe, 0x43, 0xfe, 0x43, 0xfe, 0x43, 0xfe, 0x43, 0xfe, 0x43,
0xfe, 0x43, 0xfe, 0x43, 0xfe, 0x43, 0xfe, 0x43, 0xfe, 0x43, 0xfe, 0x43, 0xfe, 0x43, 0xfe, 0x43, 0xfe, 0x43, 0xfe, 0x43, 0xfe, 0x43, 0xfe, 0x43,
0xfe, 0x43, 0xfe, 0x43, 0xfe, 0x43, 0xfe, 0x43, 0xfe, 0x43, 0xfe, 0x43, 0xfe, 0x43, 0xfe, 0x43, 0xfe, 0x43, 0xfe, 0x43, 0xfe, 0x43, 0xfe, 0x43,
0xfe, 0x43, 0xfe, 0x43, 0xfe, 0x43, 0xfe, 0x43, 0xfe, 0x43, 0xfe, 0x43, 0xfe, 0x43, 0xfe, 0x43, 0xfe, 0x43, 0xfe, 0x43, 0xfe, 0x43, 0xfe, 0x43,
0x9e, 0x64, 0x9f, 0xc6, 0x3f, 0xdf, 0x3f, 0xdf, 0x3f, 0xdf, 0x3f, 0xdf, 0x3b, 0x74, 0x58, 0x2a, 0x38, 0x2a, 0xf7, 0x29, 0x93, 0x21, 0x43, 0x00,
0x22, 0x00, 0x22, 0x00, 0x22, 0x00, 0x22, 0x00, 0x22, 0x00, 0x22, 0x00, 0x22, 0x00, 0x22, 0x00, 0x22, 0x00, 0x22, 0x00, 0x22, 0x00, 0x22, 0x00,
0x22, 0x00, 0x22, 0x00, 0x21, 0x00, 0x21, 0x00, 0x21, 0x00, 0x21, 0x00, 0x21, 0x00, 0x21, 0x00, 0x21, 0x00, 0x21, 0x00, 0x21, 0x00, 0x21, 0x00,
0x21, 0x00, 0x21, 0x00, 0x21, 0x00, 0x21, 0x00, 0x21, 0x00, 0x21, 0x00, 0x21, 0x00, 0x21, 0x00, 0x21, 0x00, 0x21, 0x00, 0x21, 0x00, 0x21, 0x00,
0x21, 0x00, 0x21, 0x00, 0x21, 0x00, 0x21, 0x00, 0x21, 0x00, 0x21, 0x00, 0x21, 0x00, 0x21, 0x00, 0x21, 0x00, 0x21, 0x00, 0x21, 0x00, 0x21, 0x00,
0x21, 0x00, 0x21, 0x00, 0x21, 0x00, 0x21, 0x00, 0x21, 0x00, 0x21, 0x00, 0x21, 0x00, 0x21, 0x00, 0x21, 0x00, 0x21, 0x00, 0x21, 0x00, 0x21, 0x00,
0x21, 0x00, 0x21, 0x00, 0x21, 0x00, 0x21, 0x00, 0x21, 0x00, 0x21, 0x00, 0x21, 0x00, 0x21, 0x00, 0x21, 0x00, 0x21, 0x00, 0x21, 0x00, 0x21, 0x00,
0x21, 0x00, 0x21, 0x00, 0x21, 0x00, 0x21, 0x00, 0x21, 0x00, 0x21, 0x00, 0x21, 0x00, 0x21, 0x00, 0x21, 0x00, 0x21, 0x00, 0x21, 0x00, 0x21, 0x00,
0x21, 0x00, 0x21, 0x00, 0x21, 0x00, 0x21, 0x00, 0x21, 0x00, 0x21, 0x00, 0x21, 0x00, 0x21, 0x00, 0x21, 0x00, 0x21, 0x00, 0x21, 0x00, 0x21, 0x00,
0x21, 0x00, 0x22, 0x00, 0x22, 0x00, 0x22, 0x00, 0x22, 0x00, 0x22, 0x00, 0x22, 0x00, 0x22, 0x00, 0x22, 0x00, 0x22, 0x00, 0x22, 0x00, 0x22, 0x00,
0x22, 0x00, 0x22, 0x00, 0x22, 0x00, 0x22, 0x00, 0xca, 0x10, 0xf7, 0x29, 0x18, 0x2a, 0x38, 0x2a, 0x5a, 0x53, 0xff, 0xd6, 0x3f, 0xdf, 0x3f, 0xdf,
0x3f, 0xdf, 0x7f, 0xbe, 0x1e, 0x4c, 0xfe, 0x43, 0xfe, 0x43, 0xfe, 0x43, 0xfe, 0x43, 0xfe, 0x43, 0xfe, 0x43, 0xfe, 0x43, 0xfe, 0x43, 0xfe, 0x43,
0xfe, 0x43, 0xfe, 0x43, 0xfe, 0x43, 0xfe, 0x43, 0xfe, 0x43, 0xfe, 0x43, 0xfe, 0x43, 0xfe, 0x43, 0xfe, 0x43, 0xfe, 0x43, 0xfe, 0x43, 0xfe, 0x43,
0xfe, 0x43, 0xfe, 0x43, 0xfe, 0x43, 0xfe, 0x43, 0xfe, 0x43, 0xfe, 0x43, 0xfe, 0x43, 0xfe, 0x43, 0xfe, 0x43, 0xfe, 0x43, 0xfe, 0x43, 0xfe, 0x43,
0xfe, 0x43, 0xfe, 0x43, 0xfe, 0x43, 0xfe, 0x43, 0xfe, 0x43, 0xfe, 0x43, 0xfe, 0x43, 0xfe, 0x43, 0xfe, 0x43, 0xfe, 0x43, 0xfe, 0x43, 0xfe, 0x43,
0xfe, 0x43, 0xfe, 0x43, 0xfe, 0x43, 0xfe, 0x43, 0xfe, 0x43, 0xfe, 0x43, 0xfe, 0x43, 0xfe, 0x43, 0xfe, 0x43, 0xfe, 0x43, 0xfe, 0x43, 0xfe, 0x43,
0xfe, 0x43, 0xfe, 0x43, 0xfe, 0x43, 0xfe, 0x43, 0xfe, 0x43, 0xfe, 0x43, 0xfe, 0x43, 0xfe, 0x43, 0xfe, 0x43, 0xfe, 0x43, 0xdf, 0x9d, 0x3f, 0xdf,
0x3f, 0xdf, 0x3f, 0xdf, 0x3f, 0xdf, 0x3b, 0x74, 0x58, 0x2a, 0x38, 0x2a, 0xf7, 0x29, 0x2f, 0x19, 0x22, 0x00, 0x22, 0x00, 0x22, 0x00, 0x22, 0x00,
0x22, 0x00, 0x22, 0x00, 0x22, 0x00, 0x22, 0x00, 0x22, 0x00, 0x22, 0x00, 0x22, 0x00, 0x22, 0x00, 0x22, 0x00, 0x22, 0x00, 0x22, 0x00, 0x21, 0x00,
0x21, 0x00, 0x21, 0x00, 0x21, 0x00, 0x21, 0x00, 0x21, 0x00, 0x21, 0x00, 0x21, 0x00, 0x21, 0x00, 0x21, 0x00, 0x21, 0x00, 0x21, 0x00, 0x21, 0x00,
0x21, 0x00, 0x21, 0x00, 0x21, 0x00, 0x21, 0x00, 0x21, 0x00, 0x21, 0x00, 0x21, 0x00, 0x21, 0x00, 0x21, 0x00, 0x21, 0x00, 0x21, 0x00, 0x21, 0x00,
0x21, 0x00, 0x21, 0x00, 0x21, 0x00, 0x21, 0x00, 0x21, 0x00, 0x21, 0x00, 0x21, 0x00, 0x21, 0x00, 0x21, 0x00, 0x21, 0x00, 0x21, 0x00, 0x21, 0x00,
0x21, 0x00, 0x21, 0x00, 0x21, 0x00, 0x21, 0x00, 0x21, 0x00, 0x21, 0x00, 0x21, 0x00, 0x21, 0x00, 0x21, 0x00, 0x21, 0x00, 0x21, 0x00, 0x21, 0x00,
0x21, 0x00, 0x21, 0x00, 0x21, 0x00, 0x21, 0x00, 0x21, 0x00, 0x21, 0x00, 0x21, 0x00, 0x21, 0x00, 0x21, 0x00, 0x21, 0x00, 0x21, 0x00, 0x21, 0x00,
0x21, 0x00, 0x21, 0x00, 0x21, 0x00, 0x21, 0x00, 0x21, 0x00, 0x21, 0x00, 0x21, 0x00, 0x21, 0x00, 0x21, 0x00, 0x21, 0x00, 0x21, 0x00, 0x21, 0x00,
0x21, 0x00, 0x21, 0x00, 0x21, 0x00, 0x21, 0x00, 0x21, 0x00, 0x21, 0x00, 0x21, 0x00, 0x21, 0x00, 0x22, 0x00, 0x22, 0x00, 0x22, 0x00, 0x22, 0x00,
0x22, 0x00, 0x22, 0x00, 0x22, 0x00, 0x22, 0x00, 0x22, 0x00, 0x22, 0x00, 0x22, 0x00, 0x22, 0x00, 0x22, 0x00, 0x22, 0x00, 0x22, 0x00, 0x64, 0x08,
0xd5, 0x21, 0x17, 0x2a, 0x38, 0x2a, 0xf9, 0x42, 0xff, 0xd6, 0x3f, 0xdf, 0x3f, 0xdf, 0x3f, 0xdf, 0xff, 0xa5, 0xfe, 0x43, 0xfe, 0x43, 0xfe, 0x43,
0xfe, 0x43, 0xfe, 0x43, 0xfe, 0x43, 0xfe, 0x43, 0xfe, 0x43, 0xfe, 0x43, 0xfe, 0x43, 0xfe, 0x43, 0xfe, 0x43, 0xfe, 0x43, 0xfe, 0x43, 0xfe, 0x43,
0xfe, 0x43, 0xfe, 0x43, 0xfe, 0x43, 0xfe, 0x43, 0xfe, 0x43, 0xfe, 0x43, 0xfe, 0x43, 0xfe, 0x43, 0xfe, 0x43, 0xfe, 0x43, 0xfe, 0x43, 0xfe, 0x43,
0xfe, 0x43, 0xfe, 0x43, 0xfe, 0x43, 0xfe, 0x43, 0xfe, 0x43, 0xfe, 0x43, 0xfe, 0x43, 0xfe, 0x43, 0xfe, 0x43, 0xfe, 0x43, 0xfe, 0x43, 0xfe, 0x43,
0xfe, 0x43, 0xfe, 0x43, 0xfe, 0x43, 0xfe, 0x43, 0xfe, 0x43, 0xfe, 0x43, 0xfe, 0x43, 0xfe, 0x43, 0xfe, 0x43, 0xfe, 0x43, 0xfe, 0x43, 0xfe, 0x43,
0xfe, 0x43, 0xfe, 0x43, 0xfe, 0x43, 0xfe, 0x43, 0xfe, 0x43, 0xfe, 0x43, 0xfe, 0x43, 0xfe, 0x43, 0xfe, 0x43, 0xfe, 0x43, 0xfe, 0x43, 0xfe, 0x43,
0xfe, 0x43, 0xfe, 0x43, 0xfe, 0x43, 0xfe, 0x43, 0xfe, 0x43, 0xfe, 0x43, 0xfe, 0x43, 0x3f, 0x7d, 0x3f, 0xdf, 0x3f, 0xdf, 0x3f, 0xdf, 0x3f, 0xdf,
0xfb, 0x63, 0x58, 0x2a, 0x18, 0x2a, 0xf7, 0x29, 0xa8, 0x08, 0x22, 0x00, 0x22, 0x00, 0x22, 0x00, 0x22, 0x00, 0x22, 0x00, 0x22, 0x00, 0x22, 0x00,
0x22, 0x00, 0x22, 0x00, 0x22, 0x00, 0x22, 0x00, 0x22, 0x00, 0x22, 0x00, 0x22, 0x00, 0x22, 0x00, 0x21, 0x00, 0x21, 0x00, 0x21, 0x00, 0x21, 0x00,
0x21, 0x00, 0x21, 0x00, 0x21, 0x00, 0x21, 0x00, 0x21, 0x00, 0x21, 0x00, 0x21, 0x00, 0x21, 0x00, 0x21, 0x00, 0x21, 0x00, 0x21, 0x00, 0x21, 0x00,
0x21, 0x00, 0x21, 0x00, 0x21, 0x00, 0x21, 0x00, 0x21, 0x00, 0x21, 0x00, 0x21, 0x00, 0x21, 0x00, 0x21, 0x00, 0x21, 0x00, 0x21, 0x00, 0x21, 0x00,
0x21, 0x00, 0x21, 0x00, 0x21, 0x00, 0x21, 0x00, 0x21, 0x00, 0x21, 0x00, 0x21, 0x00, 0x21, 0x00, 0x21, 0x00, 0x21, 0x00, 0x21, 0x00, 0x21, 0x00,
0x21, 0x00, 0x21, 0x00, 0x21, 0x00, 0x21, 0x00, 0x21, 0x00, 0x21, 0x00, 0x21, 0x00, 0x21, 0x00, 0x21, 0x00, 0x21, 0x00, 0x21, 0x00, 0x21, 0x00,
0x21, 0x00, 0x21, 0x00, 0x21, 0x00, 0x21, 0x00, 0x21, 0x00, 0x21, 0x00, 0x21, 0x00, 0x21, 0x00, 0x21, 0x00, 0x21, 0x00, 0x21, 0x00, 0x21, 0x00,
0x21, 0x00, 0x21, 0x00, 0x21, 0x00, 0x21, 0x00, 0x21, 0x00, 0x21, 0x00, 0x21, 0x00, 0x21, 0x00, 0x21, 0x00, 0x21, 0x00, 0x21, 0x00, 0x21, 0x00,
0x21, 0x00, 0x21, 0x00, 0x21, 0x00, 0x22, 0x00, 0x22, 0x00, 0x22, 0x00, 0x22, 0x00, 0x22, 0x00, 0x22, 0x00, 0x22, 0x00, 0x22, 0x00, 0x22, 0x00,
0x22, 0x00, 0x22, 0x00, 0x22, 0x00, 0x22, 0x00, 0x22, 0x00, 0x22, 0x00, 0x22, 0x00, 0x71, 0x19, 0x17, 0x2a, 0x38, 0x2a, 0xb9, 0x3a, 0x5e, 0xbe,
0x3f, 0xdf, 0x3f, 0xdf, 0x3f, 0xdf, 0xff, 0xa5, 0xfe, 0x43, 0xfe, 0x43, 0xfe, 0x43, 0xfe, 0x43, 0xfe, 0x43, 0xfe, 0x43, 0xfe, 0x43, 0xfe, 0x43,
0xfe, 0x43, 0xfe, 0x43, 0xfe, 0x43, 0xfe, 0x43, 0xfe, 0x43, 0xfe, 0x43, 0xfe, 0x43, 0xfe, 0x43, 0xfe, 0x43, 0xfe, 0x43, 0xfe, 0x43, 0xfe, 0x43,
0xfe, 0x43, 0xfe, 0x43, 0xfe, 0x43, 0xfe, 0x43, 0xfe, 0x43, 0xfe, 0x43, 0xfe, 0x43, 0xfe, 0x43, 0xfe, 0x43, 0xfe, 0x43, 0xfe, 0x43, 0xfe, 0x43,
0xfe, 0x43, 0xfe, 0x43, 0xfe, 0x43, 0xfe, 0x43, 0xfe, 0x43, 0xfe, 0x43, 0xfe, 0x43, 0xfe, 0x43, 0xfe, 0x43, 0xfe, 0x43, 0xfe, 0x43, 0xfe, 0x43,
0xfe, 0x43, 0xfe, 0x43, 0xfe, 0x43, 0xfe, 0x43, 0xfe, 0x43, 0xfe, 0x43, 0xfe, 0x43, 0xfe, 0x43, 0xfe, 0x43, 0xfe, 0x43, 0xfe, 0x43, 0xfe, 0x43,
0xfe, 0x43, 0xfe, 0x43, 0xfe, 0x43, 0xfe, 0x43, 0xfe, 0x43, 0xfe, 0x43, 0xfe, 0x43, 0xfe, 0x43, 0xfe, 0x43, 0xfe, 0x43, 0xfe, 0x43, 0xfe, 0x43,
0xfe, 0x43, 0xfe, 0x43, 0xfe, 0x43, 0xfe, 0x43, 0x3f, 0x7d, 0x3f, 0xdf, 0x3f, 0xdf, 0x3f, 0xdf, 0xff, 0xd6, 0x5a, 0x53, 0x38, 0x2a, 0x17, 0x2a,
0xd5, 0x21, 0x43, 0x00, 0x22, 0x00, 0x22, 0x00, 0x22, 0x00, 0x22, 0x00, 0x22, 0x00, 0x22, 0x00, 0x22, 0x00, 0x22, 0x00, 0x22, 0x00, 0x22, 0x00,
0x22, 0x00, 0x22, 0x00, 0x22, 0x00, 0x22, 0x00, 0x22, 0x00, 0x21, 0x00, 0x21, 0x00, 0x21, 0x00, 0x21, 0x00, 0x21, 0x00, 0x21, 0x00, 0x21, 0x00,
0x21, 0x00, 0x21, 0x00, 0x21, 0x00, 0x21, 0x00, 0x21, 0x00, 0x21, 0x00, 0x21, 0x00, 0x21, 0x00, 0x21, 0x00, 0x21, 0x00, 0x21, 0x00, 0x21, 0x00,
0x21, 0x00, 0x21, 0x00, 0x21, 0x00, 0x21, 0x00, 0x21, 0x00, 0x21, 0x00, 0x21, 0x00, 0x21, 0x00, 0x21, 0x00, 0x21, 0x00, 0x21, 0x00, 0x21, 0x00,
0x21, 0x00, 0x21, 0x00, 0x21, 0x00, 0x21, 0x00, 0x21, 0x00, 0x21, 0x00, 0x21, 0x00, 0x21, 0x00, 0x21, 0x00, 0x21, 0x00, 0x21, 0x00, 0x21, 0x00,
0x21, 0x00, 0x21, 0x00, 0x21, 0x00, 0x21, 0x00, 0x21, 0x00, 0x21, 0x00, 0x21, 0x00, 0x21, 0x00, 0x21, 0x00, 0x21, 0x00, 0x21, 0x00, 0x21, 0x00,
0x21, 0x00, 0x21, 0x00, 0x21, 0x00, 0x21, 0x00, 0x21, 0x00, 0x21, 0x00, 0x21, 0x00, 0x21, 0x00, 0x21, 0x00, 0x21, 0x00, 0x21, 0x00, 0x21, 0x00,
0x21, 0x00, 0x21, 0x00, 0x21, 0x00, 0x21, 0x00, 0x21, 0x00, 0x21, 0x00, 0x21, 0x00, 0x21, 0x00, 0x21, 0x00, 0x21, 0x00, 0x22, 0x00, 0x22, 0x00,
0x22, 0x00, 0x22, 0x00, 0x22, 0x00, 0x22, 0x00, 0x22, 0x00, 0x22, 0x00, 0x22, 0x00, 0x22, 0x00, 0x22, 0x00, 0x22, 0x00, 0x22, 0x00, 0x22, 0x00,
0x22, 0x00, 0x22, 0x00, 0xeb, 0x10, 0xf7, 0x29, 0x18, 0x2a, 0x58, 0x2a, 0x1d, 0x95, 0x3f, 0xdf, 0x3f, 0xdf, 0x3f, 0xdf, 0x1f, 0xa6, 0xfe, 0x43,
0xfe, 0x43, 0xfe, 0x43, 0xfe, 0x43, 0xfe, 0x43, 0xfe, 0x43, 0xfe, 0x43, 0xfe, 0x43, 0xfe, 0x43, 0xfe, 0x43, 0xfe, 0x43, 0xfe, 0x43, 0xfe, 0x43,
0xfe, 0x43, 0xfe, 0x43, 0xfe, 0x43, 0xfe, 0x43, 0xfe, 0x43, 0xfe, 0x43, 0xfe, 0x43, 0xfe, 0x43, 0xfe, 0x43, 0xfe, 0x43, 0xfe, 0x43, 0xfe, 0x43,
0xfe, 0x43, 0xfe, 0x43, 0xfe, 0x43, 0xfe, 0x43, 0xfe, 0x43, 0xfe, 0x43, 0xfe, 0x43, 0xfe, 0x43, 0xfe, 0x43, 0xfe, 0x43, 0xfe, 0x43, 0xfe, 0x43,
0xfe, 0x43, 0xfe, 0x43, 0xfe, 0x43, 0xfe, 0x43, 0xfe, 0x43, 0xfe, 0x43, 0xfe, 0x43, 0xfe, 0x43, 0xfe, 0x43, 0xfe, 0x43, 0xfe, 0x43, 0xfe, 0x43,
0xfe, 0x43, 0xfe, 0x43, 0xfe, 0x43, 0xfe, 0x43, 0xfe, 0x43, 0xfe, 0x43, 0xfe, 0x43, 0xfe, 0x43, 0xfe, 0x43, 0xfe, 0x43, 0xfe, 0x43, 0xfe, 0x43,
0xfe, 0x43, 0xfe, 0x43, 0xfe, 0x43, 0xfe, 0x43, 0xfe, 0x43, 0xfe, 0x43, 0xfe, 0x43, 0xfe, 0x43, 0xfe, 0x43, 0xfe, 0x43, 0xfe, 0x43, 0xfe, 0x43,
0xfe, 0x43, 0x3f, 0x7d, 0x3f, 0xdf, 0x3f, 0xdf, 0x3f, 0xdf, 0x5e, 0xbe, 0x59, 0x2a, 0x38, 0x2a, 0xf7, 0x29, 0x50, 0x19, 0x22, 0x00, 0x22, 0x00,
0x22, 0x00, 0x22, 0x00, 0x22, 0x00, 0x22, 0x00, 0x22, 0x00, 0x22, 0x00, 0x22, 0x00, 0x22, 0x00, 0x22, 0x00, 0x22, 0x00, 0x22, 0x00, 0x22, 0x00,
0x22, 0x00, 0x22, 0x00, 0x21, 0x00, 0x21, 0x00, 0x21, 0x00, 0x21, 0x00, 0x21, 0x00, 0x21, 0x00, 0x21, 0x00, 0x21, 0x00, 0x21, 0x00, 0x21, 0x00,
0x21, 0x00, 0x21, 0x00, 0x21, 0x00, 0x21, 0x00, 0x21, 0x00, 0x21, 0x00, 0x21, 0x00, 0x21, 0x00, 0x21, 0x00, 0x21, 0x00, 0x21, 0x00, 0x21, 0x00,
0x21, 0x00, 0x21, 0x00, 0x21, 0x00, 0x21, 0x00, 0x21, 0x00, 0x21, 0x00, 0x21, 0x00, 0x21, 0x00, 0x21, 0x00, 0x21, 0x00, 0x21, 0x00, 0x21, 0x00,
0x21, 0x00, 0x21, 0x00, 0x21, 0x00, 0x21, 0x00, 0x21, 0x00, 0x21, 0x00, 0x21, 0x00, 0x21, 0x00, 0x21, 0x00, 0x21, 0x00, 0x21, 0x00, 0x21, 0x00,
0x21, 0x00, 0x21, 0x00, 0x21, 0x00, 0x21, 0x00, 0x21, 0x00, 0x21, 0x00, 0x21, 0x00, 0x21, 0x00, 0x21, 0x00, 0x21, 0x00, 0x21, 0x00, 0x21, 0x00,
0x21, 0x00, 0x21, 0x00, 0x21, 0x00, 0x21, 0x00, 0x21, 0x00, 0x21, 0x00, 0x21, 0x00, 0x21, 0x00, 0x21, 0x00, 0x21, 0x00, 0x21, 0x00, 0x21, 0x00,
0x21, 0x00, 0x21, 0x00, 0x21, 0x00, 0x21, 0x00, 0x21, 0x00, 0x21, 0x00, 0x22, 0x00, 0x22, 0x00, 0x22, 0x00, 0x22, 0x00, 0x22, 0x00, 0x22, 0x00,
0x22, 0x00, 0x22, 0x00, 0x22, 0x00, 0x22, 0x00, 0x22, 0x00, 0x22, 0x00, 0x22, 0x00, 0x22, 0x00, 0x22, 0x00, 0x43, 0x00, 0xd5, 0x21, 0x17, 0x2a,
0x38, 0x2a, 0x9a, 0x5b, 0x3f, 0xdf, 0x3f, 0xdf, 0x3f, 0xdf, 0x7f, 0xbe, 0xfe, 0x43, 0xfe, 0x43, 0xfe, 0x43, 0xfe, 0x43, 0xfe, 0x43, 0xfe, 0x43,
0xfe, 0x43, 0xfe, 0x43, 0xfe, 0x43, 0xfe, 0x43, 0xfe, 0x43, 0xfe, 0x43, 0xfe, 0x43, 0xfe, 0x43, 0xfe, 0x43, 0xfe, 0x43, 0xfe, 0x43, 0xfe, 0x43,
0xfe, 0x43, 0xfe, 0x43, 0xfe, 0x43, 0xfe, 0x43, 0xfe, 0x43, 0xfe, 0x43, 0xfe, 0x43, 0xfe, 0x43, 0xfe, 0x43, 0xfe, 0x43, 0xfe, 0x43, 0xfe, 0x43,
0xfe, 0x43, 0xfe, 0x43, 0xfe, 0x43, 0xfe, 0x43, 0xfe, 0x43, 0xfe, 0x43, 0xfe, 0x43, 0xfe, 0x43, 0xfe, 0x43, 0xfe, 0x43, 0xfe, 0x43, 0xfe, 0x43,
0xfe, 0x43, 0xfe, 0x43, 0xfe, 0x43, 0xfe, 0x43, 0xfe, 0x43, 0xfe, 0x43, 0xfe, 0x43, 0xfe, 0x43, 0xfe, 0x43, 0xfe, 0x43, 0xfe, 0x43, 0xfe, 0x43,
0xfe, 0x43, 0xfe, 0x43, 0xfe, 0x43, 0xfe, 0x43, 0xfe, 0x43, 0xfe, 0x43, 0xfe, 0x43, 0xfe, 0x43, 0xfe, 0x43, 0xfe, 0x43, 0xfe, 0x43, 0xfe, 0x43,
0xfe, 0x43, 0xfe, 0x43, 0xfe, 0x43, 0xfe, 0x43, 0xfe, 0x43, 0xfe, 0x43, 0xfe, 0x43, 0xfe, 0x43, 0xfe, 0x43, 0xfe, 0x43, 0x9f, 0x95, 0x3f, 0xdf,
0x3f, 0xdf, 0x3f, 0xdf, 0xdc, 0x84, 0x58, 0x2a, 0x18, 0x2a, 0xf7, 0x29, 0x87, 0x08, 0x22, 0x00, 0x22, 0x00, 0x22, 0x00, 0x22, 0x00, 0x22, 0x00,
0x22, 0x00, 0x22, 0x00, 0x22, 0x00, 0x22, 0x00, 0x22, 0x00, 0x22, 0x00, 0x22, 0x00, 0x22, 0x00, 0x22, 0x00, 0x22, 0x00, 0x22, 0x00, 0x21, 0x00,
0x21, 0x00, 0x21, 0x00, 0x21, 0x00, 0x21, 0x00, 0x21, 0x00, 0x21, 0x00, 0x21, 0x00, 0x21, 0x00, 0x21, 0x00, 0x21, 0x00, 0x21, 0x00, 0x21, 0x00,
0x21, 0x00, 0x21, 0x00, 0x21, 0x00, 0x21, 0x00, 0x21, 0x00, 0x21, 0x00, 0x21, 0x00, 0x21, 0x00, 0x21, 0x00, 0x21, 0x00, 0x21, 0x00, 0x21, 0x00,
0x21, 0x00, 0x21, 0x00, 0x21, 0x00, 0x21, 0x00, 0x21, 0x00, 0x21, 0x00, 0x21, 0x00, 0x21, 0x00, 0x21, 0x00, 0x21, 0x00, 0x21, 0x00, 0x21, 0x00,
0x21, 0x00, 0x21, 0x00, 0x21, 0x00, 0x21, 0x00, 0x21, 0x00, 0x21, 0x00, 0x21, 0x00, 0x21, 0x00, 0x21, 0x00, 0x21, 0x00, 0x21, 0x00, 0x21, 0x00,
0x21, 0x00, 0x21, 0x00, 0x21, 0x00, 0x21, 0x00, 0x21, 0x00, 0x21, 0x00, 0x21, 0x00, 0x21, 0x00, 0x21, 0x00, 0x21, 0x00, 0x21, 0x00, 0x21, 0x00,
0x21, 0x00, 0x21, 0x00, 0x21, 0x00, 0x21, 0x00, 0x21, 0x00, 0x21, 0x00, 0x21, 0x00, 0x21, 0x00, 0x21, 0x00, 0x21, 0x00, 0x21, 0x00, 0x21, 0x00,
0x21, 0x00, 0x22, 0x00, 0x22, 0x00, 0x22, 0x00, 0x22, 0x00, 0x22, 0x00, 0x22, 0x00, 0x22, 0x00, 0x22, 0x00, 0x22, 0x00, 0x22, 0x00, 0x22, 0x00,
0x22, 0x00, 0x22, 0x00, 0x22, 0x00, 0x22, 0x00, 0x22, 0x00, 0x2e, 0x19, 0xf7, 0x29, 0x38, 0x2a, 0xb9, 0x3a, 0xbf, 0xce, 0x3f, 0xdf, 0x3f, 0xdf,
0x1f, 0xd7, 0x3e, 0x4c, 0xfe, 0x43, 0xfe, 0x43, 0xfe, 0x43, 0xfe, 0x43, 0xfe, 0x43, 0x1e, 0x44, 0x1e, 0x44, 0x1e, 0x44, 0x1e, 0x44, 0x1e, 0x44,
0x1e, 0x44, 0x1e, 0x44, 0x1e, 0x44, 0x1e, 0x44, 0x1e, 0x44, 0x1e, 0x44, 0x1e, 0x44, 0x1e, 0x44, 0x1e, 0x44, 0x1e, 0x44, 0x1e, 0x44, 0x1e, 0x44,
0x1e, 0x44, 0x1e, 0x44, 0x1e, 0x44, 0x1e, 0x44, 0x1e, 0x44, 0x1e, 0x44, 0x1e, 0x44, 0x1e, 0x44, 0x1e, 0x44, 0x1e, 0x44, 0x1e, 0x44, 0x1e, 0x44,
0x1e, 0x44, 0x1e, 0x44, 0x1e, 0x44, 0x1e, 0x44, 0x1e, 0x44, 0x1e, 0x44, 0x1e, 0x44, 0x1e, 0x44, 0x1e, 0x44, 0x1e, 0x44, 0x1e, 0x44, 0x1e, 0x44,
0x1e, 0x44, 0x1e, 0x44, 0x1e, 0x44, 0x1e, 0x44, 0x1e, 0x44, 0x1e, 0x44, 0x1e, 0x44, 0x1e, 0x44, 0x1e, 0x44, 0x1e, 0x44, 0x1e, 0x44, 0x1e, 0x44,
0x1e, 0x44, 0x1e, 0x44, 0x1e, 0x44, 0x1e, 0x44, 0x1e, 0x44, 0x1e, 0x44, 0x1e, 0x44, 0x1e, 0x44, 0x1e, 0x44, 0x1e, 0x44, 0x1e, 0x44, 0x1e, 0x44,
0x1e, 0x44, 0xfe, 0x43, 0xfe, 0x43, 0xfe, 0x43, 0xfe, 0x43, 0xfe, 0x43, 0xfe, 0x43, 0x7f, 0xbe, 0x3f, 0xdf, 0x3f, 0xdf, 0x3f, 0xdf, 0x5a, 0x53,
0x38, 0x2a, 0x17, 0x2a, 0x93, 0x21, 0x22, 0x00, 0x22, 0x00, 0x22, 0x00, 0x22, 0x00, 0x22, 0x00, 0x22, 0x00, 0x22, 0x00, 0x22, 0x00, 0x22, 0x00,
0x22, 0x00, 0x22, 0x00, 0x22, 0x00, 0x22, 0x00, 0x22, 0x00, 0x22, 0x00, 0x22, 0x00, 0x21, 0x00, 0x21, 0x00, 0x21, 0x00, 0x21, 0x00, 0x21, 0x00,
0x21, 0x00, 0x21, 0x00, 0x21, 0x00, 0x21, 0x00, 0x21, 0x00, 0x21, 0x00, 0x21, 0x00, 0x21, 0x00, 0x21, 0x00, 0x21, 0x00, 0x21, 0x00, 0x21, 0x00,
0x21, 0x00, 0x21, 0x00, 0x21, 0x00, 0x21, 0x00, 0x21, 0x00, 0x21, 0x00, 0x21, 0x00, 0x21, 0x00, 0x21, 0x00, 0x21, 0x00, 0x21, 0x00, 0x21, 0x00,
0x21, 0x00, 0x21, 0x00, 0x21, 0x00, 0x21, 0x00, 0x21, 0x00, 0x21, 0x00, 0x21, 0x00, 0x21, 0x00, 0x21, 0x00, 0x21, 0x00, 0x21, 0x00, 0x21, 0x00,
0x21, 0x00, 0x21, 0x00, 0x21, 0x00, 0x21, 0x00, 0x21, 0x00, 0x21, 0x00, 0x21, 0x00, 0x21, 0x00, 0x21, 0x00, 0x21, 0x00, 0x21, 0x00, 0x21, 0x00,
0x21, 0x00, 0x21, 0x00, 0x21, 0x00, 0x21, 0x00, 0x21, 0x00, 0x21, 0x00, 0x21, 0x00, 0x21, 0x00, 0x21, 0x00, 0x21, 0x00, 0x21, 0x00, 0x21, 0x00,
0x21, 0x00, 0x21, 0x00, 0x21, 0x00, 0x21, 0x00, 0x21, 0x00, 0x21, 0x00, 0x21, 0x00, 0x21, 0x00, 0x22, 0x00, 0x22, 0x00, 0x22, 0x00, 0x22, 0x00,
0x22, 0x00, 0x22, 0x00, 0x22, 0x00, 0x22, 0x00, 0x22, 0x00, 0x22, 0x00, 0x22, 0x00, 0x22, 0x00, 0x22, 0x00, 0x22, 0x00, 0x22, 0x00, 0x22, 0x00,
0x64, 0x08, 0xf7, 0x29, 0x18, 0x2a, 0x58, 0x2a, 0xdc, 0x84, 0x3f, 0xdf, 0x3f, 0xdf, 0x3f, 0xdf, 0x1f, 0x75, 0x1e, 0x44, 0x1e, 0x44, 0x1e, 0x44,
0x1e, 0x44, 0x1e, 0x44, 0x1e, 0x44, 0x1e, 0x44, 0x1e, 0x44, 0x1e, 0x44, 0x1e, 0x44, 0x1e, 0x44, 0x1e, 0x44, 0x1e, 0x44, 0x1e, 0x44, 0x1e, 0x44,
0x1e, 0x44, 0x1e, 0x44, 0x1e, 0x44, 0x1e, 0x44, 0x1e, 0x44, 0x1e, 0x44, 0x1e, 0x44, 0x1e, 0x44, 0x1e, 0x44, 0x1e, 0x44, 0x1e, 0x44, 0x1e, 0x44,
0x1e, 0x44, 0x1e, 0x44, 0x1e, 0x44, 0x1e, 0x44, 0x1e, 0x44, 0x1e, 0x44, 0x1e, 0x44, 0x1e, 0x44, 0x1e, 0x44, 0x1e, 0x44, 0x1e, 0x44, 0x1e, 0x44,
0x1e, 0x44, 0x1e, 0x44, 0x1e, 0x44, 0x1e, 0x44, 0x1e, 0x44, 0x1e, 0x44, 0x1e, 0x44, 0x1e, 0x44, 0x1e, 0x44, 0x1e, 0x44, 0x1e, 0x44, 0x1e, 0x44,
0x1e, 0x44, 0x1e, 0x44, 0x1e, 0x44, 0x1e, 0x44, 0x1e, 0x44, 0x1e, 0x44, 0x1e, 0x44, 0x1e, 0x44, 0x1e, 0x44, 0x1e, 0x44, 0x1e, 0x44, 0x1e, 0x44,
0x1e, 0x44, 0x1e, 0x44, 0x1e, 0x44, 0x1e, 0x44, 0x1e, 0x44, 0x1e, 0x44, 0x1e, 0x44, 0x1e, 0x44, 0x1e, 0x44, 0x1e, 0x44, 0x1e, 0x44, 0x1e, 0x44,
0x1e, 0x44, 0x1e, 0x44, 0x1e, 0x44, 0x7e, 0x5c, 0x1f, 0xd7, 0x3f, 0xdf, 0x3f, 0xdf, 0x1e, 0xb6, 0x58, 0x2a, 0x38, 0x2a, 0xf7, 0x29, 0xca, 0x10,
0x22, 0x00, 0x22, 0x00, 0x22, 0x00, 0x22, 0x00, 0x22, 0x00, 0x22, 0x00, 0x22, 0x00, 0x22, 0x00, 0x22, 0x00, 0x22, 0x00, 0x22, 0x00, 0x22, 0x00,
0x22, 0x00, 0x22, 0x00, 0x22, 0x00, 0x22, 0x00, 0x21, 0x00, 0x21, 0x00, 0x21, 0x00, 0x21, 0x00, 0x21, 0x00, 0x21, 0x00, 0x21, 0x00, 0x21, 0x00,
0x21, 0x00, 0x21, 0x00, 0x21, 0x00, 0x21, 0x00, 0x21, 0x00, 0x21, 0x00, 0x21, 0x00, 0x21, 0x00, 0x21, 0x00, 0x21, 0x00, 0x21, 0x00, 0x21, 0x00,
0x21, 0x00, 0x21, 0x00, 0x21, 0x00, 0x21, 0x00, 0x21, 0x00, 0x21, 0x00, 0x21, 0x00, 0x21, 0x00, 0x21, 0x00, 0x21, 0x00, 0x21, 0x00, 0x21, 0x00,
0x21, 0x00, 0x21, 0x00, 0x21, 0x00, 0x21, 0x00, 0x21, 0x00, 0x21, 0x00, 0x21, 0x00, 0x21, 0x00, 0x21, 0x00, 0x21, 0x00, 0x21, 0x00, 0x21, 0x00,
0x21, 0x00, 0x21, 0x00, 0x21, 0x00, 0x21, 0x00, 0x21, 0x00, 0x21, 0x00, 0x21, 0x00, 0x21, 0x00, 0x21, 0x00, 0x21, 0x00, 0x21, 0x00, 0x21, 0x00,
0x21, 0x00, 0x21, 0x00, 0x21, 0x00, 0x21, 0x00, 0x21, 0x00, 0x21, 0x00, 0x21, 0x00, 0x21, 0x00, 0x21, 0x00, 0x21, 0x00, 0x21, 0x00, 0x21, 0x00,
0x21, 0x00, 0x21, 0x00, 0x21, 0x00, 0x22, 0x00, 0x22, 0x00, 0x22, 0x00, 0x22, 0x00, 0x22, 0x00, 0x22, 0x00, 0x22, 0x00, 0x22, 0x00, 0x22, 0x00,
0x22, 0x00, 0x22, 0x00, 0x22, 0x00, 0x22, 0x00, 0x22, 0x00, 0x22, 0x00, 0x22, 0x00, 0x22, 0x00, 0x2f, 0x19, 0xf7, 0x29, 0x38, 0x2a, 0xf9, 0x42,
0x3f, 0xdf, 0x3f, 0xdf, 0x3f, 0xdf, 0x3f, 0xae, 0x1e, 0x44, 0x1e, 0x44, 0x1e, 0x44, 0x1e, 0x44, 0x1e, 0x44, 0x1e, 0x44, 0x1e, 0x44, 0x1e, 0x44,
0x1e, 0x44, 0x1e, 0x44, 0x1e, 0x44, 0x1e, 0x44, 0x1e, 0x44, 0x1e, 0x44, 0x1e, 0x44, 0x1e, 0x44, 0x1e, 0x44, 0x1e, 0x44, 0x1e, 0x44, 0x1e, 0x44,
0x1e, 0x44, 0x1e, 0x44, 0x1e, 0x44, 0x1e, 0x44, 0x1e, 0x44, 0x1e, 0x44, 0x1e, 0x44, 0x1e, 0x44, 0x1e, 0x44, 0x1e, 0x44, 0x1e, 0x44, 0x1e, 0x44,
0x1e, 0x44, 0x1e, 0x44, 0x1e, 0x44, 0x1e, 0x44, 0x1e, 0x44, 0x1e, 0x44, 0x1e, 0x44, 0x1e, 0x44, 0x1e, 0x44, 0x1e, 0x44, 0x1e, 0x44, 0x1e, 0x44,
0x1e, 0x44, 0x1e, 0x44, 0x1e, 0x44, 0x1e, 0x44, 0x1e, 0x44, 0x1e, 0x44, 0x1e, 0x44, 0x1e, 0x44, 0x1e, 0x44, 0x1e, 0x44, 0x1e, 0x44, 0x1e, 0x44,
0x1e, 0x44, 0x1e, 0x44, 0x1e, 0x44, 0x1e, 0x44, 0x1e, 0x44, 0x1e, 0x44, 0x1e, 0x44, 0x1e, 0x44, 0x1e, 0x44, 0x1e, 0x44, 0x1e, 0x44, 0x1e, 0x44,
0x1e, 0x44, 0x1e, 0x44, 0x1e, 0x44, 0x1e, 0x44, 0x1e, 0x44, 0x1e, 0x44, 0x1e, 0x44, 0x1e, 0x44, 0x1e, 0x44, 0x1e, 0x44, 0x1e, 0x44, 0x1e, 0x44,
0x7f, 0x8d, 0x3f, 0xdf, 0x3f, 0xdf, 0x3f, 0xdf, 0x3b, 0x74, 0x38, 0x2a, 0x17, 0x2a, 0xb4, 0x21, 0x22, 0x00, 0x22, 0x00, 0x22, 0x00, 0x22, 0x00,
0x22, 0x00, 0x22, 0x00, 0x22, 0x00, 0x22, 0x00, 0x22, 0x00, 0x22, 0x00, 0x22, 0x00, 0x22, 0x00, 0x22, 0x00, 0x22, 0x00, 0x22, 0x00, 0x22, 0x00,
0x22, 0x00, 0x21, 0x00, 0x21, 0x00, 0x21, 0x00, 0x21, 0x00, 0x21, 0x00, 0x21, 0x00, 0x21, 0x00, 0x21, 0x00, 0x21, 0x00, 0x21, 0x00, 0x21, 0x00,
0x21, 0x00, 0x21, 0x00, 0x21, 0x00, 0x21, 0x00, 0x21, 0x00, 0x21, 0x00, 0x21, 0x00, 0x21, 0x00, 0x21, 0x00, 0x21, 0x00, 0x21, 0x00, 0x21, 0x00,
0x21, 0x00, 0x21, 0x00, 0x21, 0x00, 0x21, 0x00, 0x21, 0x00, 0x21, 0x00, 0x21, 0x00, 0x21, 0x00, 0x21, 0x00, 0x21, 0x00, 0x21, 0x00, 0x21, 0x00,
0x21, 0x00, 0x21, 0x00, 0x21, 0x00, 0x21, 0x00, 0x21, 0x00, 0x21, 0x00, 0x21, 0x00, 0x21, 0x00, 0x21, 0x00, 0x21, 0x00, 0x21, 0x00, 0x21, 0x00,
0x21, 0x00, 0x21, 0x00, 0x21, 0x00, 0x21, 0x00, 0x21, 0x00, 0x21, 0x00, 0x21, 0x00, 0x21, 0x00, 0x21, 0x00, 0x21, 0x00, 0x21, 0x00, 0x21, 0x00,
0x21, 0x00, 0x21, 0x00, 0x21, 0x00, 0x21, 0x00, 0x21, 0x00, 0x21, 0x00, 0x21, 0x00, 0x21, 0x00, 0x21, 0x00, 0x21, 0x00, 0x21, 0x00, 0x22, 0x00,
0x22, 0x00, 0x22, 0x00, 0x22, 0x00, 0x22, 0x00, 0x22, 0x00, 0x22, 0x00, 0x22, 0x00, 0x22, 0x00, 0x22, 0x00, 0x22, 0x00, 0x22, 0x00, 0x22, 0x00,
0x22, 0x00, 0x22, 0x00, 0x22, 0x00, 0x64, 0x08, 0xf7, 0x29, 0x18, 0x2a, 0x58, 0x2a, 0x7d, 0x9d, 0x3f, 0xdf, 0x3f, 0xdf, 0x1f, 0xd7, 0x7e, 0x5c,
0x1e, 0x44, 0x1e, 0x44, 0x1e, 0x44, 0x1e, 0x44, 0x1e, 0x44, 0x1e, 0x44, 0x1e, 0x44, 0x1e, 0x44, 0x1e, 0x44, 0x1e, 0x44, 0x1e, 0x44, 0x1e, 0x44,
0x1e, 0x44, 0x1e, 0x44, 0x1e, 0x44, 0x1e, 0x44, 0x1e, 0x44, 0x1e, 0x44, 0x1e, 0x44, 0x1e, 0x44, 0x1e, 0x44, 0x1e, 0x44, 0x1e, 0x44, 0x1e, 0x4c,
0x1e, 0x4c, 0x1e, 0x4c, 0x1e, 0x4c, 0x1e, 0x4c, 0x1e, 0x4c, 0x1e, 0x44, 0x1e, 0x44, 0x1e, 0x44, 0x1e, 0x44, 0x1e, 0x44, 0x1e, 0x44, 0x1e, 0x44,
0x1e, 0x44, 0x1e, 0x44, 0x1e, 0x44, 0x1e, 0x44, 0x1e, 0x44, 0x1e, 0x44, 0x1e, 0x44, 0x1e, 0x44, 0x1e, 0x44, 0x1e, 0x44, 0x1e, 0x44, 0x1e, 0x44,
0x1e, 0x44, 0x1e, 0x44, 0x1e, 0x44, 0x1e, 0x4c, 0x1e, 0x4c, 0x1e, 0x4c, 0x1e, 0x4c, 0x1e, 0x4c, 0x1e, 0x4c, 0x1e, 0x4c, 0x1e, 0x44, 0x1e, 0x44,
0x1e, 0x44, 0x1e, 0x44, 0x1e, 0x44, 0x1e, 0x44, 0x1e, 0x44, 0x1e, 0x44, 0x1e, 0x44, 0x1e, 0x44, 0x1e, 0x44, 0x1e, 0x44, 0x1e, 0x44, 0x1e, 0x44,
0x1e, 0x44, 0x1e, 0x44, 0x1e, 0x44, 0x1e, 0x44, 0x1e, 0x44, 0x1e, 0x44, 0x1e, 0x44, 0x1e, 0x44, 0x1e, 0x44, 0xbf, 0xc6, 0x3f, 0xdf, 0x3f, 0xdf,
0xbf, 0xce, 0x59, 0x2a, 0x38, 0x2a, 0xf7, 0x29, 0xca, 0x10, 0x22, 0x00, 0x22, 0x00, 0x22, 0x00, 0x22, 0x00, 0x22, 0x00, 0x22, 0x00, 0x22, 0x00,
0x22, 0x00, 0x22, 0x00, 0x22, 0x00, 0x22, 0x00, 0x22, 0x00, 0x22, 0x00, 0x22, 0x00, 0x22, 0x00, 0x22, 0x00, 0x22, 0x00, 0x21, 0x00, 0x21, 0x00,
0x21, 0x00, 0x21, 0x00, 0x21, 0x00, 0x21, 0x00, 0x21, 0x00, 0x21, 0x00, 0x21, 0x00, 0x21, 0x00, 0x21, 0x00, 0x21, 0x00, 0x21, 0x00, 0x21, 0x00,
0x21, 0x00, 0x21, 0x00, 0x21, 0x00, 0x21, 0x00, 0x21, 0x00, 0x21, 0x00, 0x21, 0x00, 0x21, 0x00, 0x21, 0x00, 0x21, 0x00, 0x21, 0x00, 0x21, 0x00,
0x21, 0x00, 0x21, 0x00, 0x21, 0x00, 0x21, 0x00, 0x21, 0x00, 0x21, 0x00, 0x21, 0x00, 0x21, 0x00, 0x21, 0x00, 0x21, 0x00, 0x21, 0x00, 0x21, 0x00,
0x21, 0x00, 0x21, 0x00, 0x21, 0x00, 0x21, 0x00, 0x21, 0x00, 0x21, 0x00, 0x21, 0x00, 0x21, 0x00, 0x21, 0x00, 0x21, 0x00, 0x21, 0x00, 0x21, 0x00,
0x21, 0x00, 0x21, 0x00, 0x21, 0x00, 0x21, 0x00, 0x21, 0x00, 0x21, 0x00, 0x21, 0x00, 0x21, 0x00, 0x21, 0x00, 0x21, 0x00, 0x21, 0x00, 0x21, 0x00,
0x21, 0x00, 0x21, 0x00, 0x21, 0x00, 0x21, 0x00, 0x21, 0x00, 0x21, 0x00, 0x22, 0x00, 0x22, 0x00, 0x22, 0x00, 0x22, 0x00, 0x22, 0x00, 0x22, 0x00,
0x22, 0x00, 0x22, 0x00, 0x22, 0x00, 0x22, 0x00, 0x22, 0x00, 0x22, 0x00, 0x22, 0x00, 0x22, 0x00, 0x22, 0x00, 0x22, 0x00, 0x22, 0x00, 0x2f, 0x19,
0xf7, 0x29, 0x38, 0x2a, 0xf9, 0x42, 0x3f, 0xdf, 0x3f, 0xdf, 0x3f, 0xdf, 0xbf, 0x95, 0x1e, 0x44, 0x1e, 0x44, 0x1e, 0x44, 0x1e, 0x44, 0x1e, 0x44,
0x1e, 0x44, 0x1e, 0x44, 0x1e, 0x44, 0x1e, 0x44, 0x1e, 0x44, 0x1e, 0x44, 0x1e, 0x44, 0x1e, 0x44, 0x1e, 0x44, 0x1e, 0x44, 0x1e, 0x44, 0x1e, 0x44,
0x1e, 0x4c, 0x1e, 0x4c, 0x1e, 0x4c, 0x1e, 0x4c, 0x1e, 0x4c, 0x1e, 0x4c, 0x1e, 0x4c, 0x1e, 0x4c, 0x1e, 0x4c, 0x1e, 0x4c, 0x1e, 0x4c, 0x1e, 0x4c,
0x1e, 0x4c, 0x1e, 0x4c, 0x1e, 0x4c, 0x1e, 0x4c, 0x1e, 0x4c, 0x1e, 0x4c, 0x1e, 0x4c, 0x1e, 0x4c, 0x1e, 0x4c, 0x1e, 0x4c, 0x1e, 0x4c, 0x1e, 0x4c,
0x1e, 0x4c, 0x1e, 0x4c, 0x1e, 0x4c, 0x1e, 0x4c, 0x1e, 0x4c, 0x1e, 0x4c, 0x1e, 0x4c, 0x1e, 0x4c, 0x1e, 0x4c, 0x1e, 0x4c, 0x1e, 0x4c, 0x1e, 0x4c,
0x1e, 0x4c, 0x1e, 0x4c, 0x1e, 0x4c, 0x1e, 0x4c, 0x1e, 0x4c, 0x1e, 0x4c, 0x1e, 0x4c, 0x1e, 0x4c, 0x1e, 0x4c, 0x1e, 0x4c, 0x1e, 0x4c, 0x1e, 0x4c,
0x1e, 0x44, 0x1e, 0x44, 0x1e, 0x44, 0x1e, 0x44, 0x1e, 0x44, 0x1e, 0x44, 0x1e, 0x44, 0x1e, 0x44, 0x1e, 0x44, 0x1e, 0x44, 0x1e, 0x44, 0x1e, 0x44,
0x1e, 0x44, 0x1e, 0x44, 0x1e, 0x44, 0x1e, 0x44, 0x1e, 0x44, 0xde, 0x6c, 0x3f, 0xdf, 0x3f, 0xdf, 0x3f, 0xdf, 0x3b, 0x74, 0x38, 0x2a, 0x17, 0x2a,
0xb4, 0x21, 0x22, 0x00, 0x22, 0x00, 0x22, 0x00, 0x22, 0x00, 0x22, 0x00, 0x22, 0x00, 0x22, 0x00, 0x22, 0x00, 0x22, 0x00, 0x22, 0x00, 0x22, 0x00,
0x22, 0x00, 0x22, 0x00, 0x22, 0x00, 0x22, 0x00, 0x22, 0x00, 0x22, 0x00, 0x21, 0x00, 0x21, 0x00, 0x21, 0x00, 0x21, 0x00, 0x21, 0x00, 0x21, 0x00,
0x21, 0x00, 0x21, 0x00, 0x21, 0x00, 0x21, 0x00, 0x21, 0x00, 0x21, 0x00, 0x21, 0x00, 0x21, 0x00, 0x21, 0x00, 0x21, 0x00, 0x21, 0x00, 0x21, 0x00,
0x21, 0x00, 0x21, 0x00, 0x21, 0x00, 0x21, 0x00, 0x21, 0x00, 0x21, 0x00, 0x21, 0x00, 0x21, 0x00, 0x21, 0x00, 0x21, 0x00, 0x21, 0x00, 0x21, 0x00,
0x21, 0x00, 0x21, 0x00, 0x21, 0x00, 0x21, 0x00, 0x21, 0x00, 0x21, 0x00, 0x21, 0x00, 0x21, 0x00, 0x21, 0x00, 0x21, 0x00, 0x21, 0x00, 0x21, 0x00,
0x21, 0x00, 0x21, 0x00, 0x21, 0x00, 0x21, 0x00, 0x21, 0x00, 0x21, 0x00, 0x21, 0x00, 0x21, 0x00, 0x21, 0x00, 0x21, 0x00, 0x21, 0x00, 0x21, 0x00,
0x21, 0x00, 0x21, 0x00, 0x21, 0x00, 0x21, 0x00, 0x21, 0x00, 0x21, 0x00, 0x21, 0x00, 0x21, 0x00, 0x21, 0x00, 0x21, 0x00, 0x21, 0x00, 0x21, 0x00,
0x21, 0x00, 0x22, 0x00, 0x22, 0x00, 0x22, 0x00, 0x22, 0x00, 0x22, 0x00, 0x22, 0x00, 0x22, 0x00, 0x22, 0x00, 0x22, 0x00, 0x22, 0x00, 0x22, 0x00,
0x22, 0x00, 0x22, 0x00, 0x22, 0x00, 0x22, 0x00, 0x22, 0x00, 0x22, 0x00, 0x65, 0x08, 0xf7, 0x29, 0x18, 0x2a, 0x58, 0x2a, 0x7d, 0x9d, 0x3f, 0xdf,
0x3f, 0xdf, 0x1f, 0xd7, 0x5e, 0x54, 0x1e, 0x44, 0x1e, 0x44, 0x1e, 0x44, 0x1e, 0x44, 0x1e, 0x44, 0x1e, 0x44, 0x1e, 0x44, 0x1e, 0x44, 0x1e, 0x44,
0x1e, 0x44, 0x1e, 0x44, 0x1e, 0x44, 0x1e, 0x44, 0x1e, 0x4c, 0x3e, 0x4c, 0x3e, 0x4c, 0x3e, 0x4c, 0x3e, 0x4c, 0x3e, 0x4c, 0x3e, 0x4c, 0x3e, 0x4c,
0x3e, 0x4c, 0x3e, 0x4c, 0x3e, 0x4c, 0x3e, 0x4c, 0x3e, 0x4c, 0x3e, 0x4c, 0x3e, 0x4c, 0x3e, 0x4c, 0x3e, 0x4c, 0x3e, 0x4c, 0x3e, 0x4c, 0x3e, 0x4c,
0x3e, 0x4c, 0x3e, 0x4c, 0x3e, 0x4c, 0x3e, 0x4c, 0x3e, 0x4c, 0x3e, 0x4c, 0x3e, 0x4c, 0x3e, 0x4c, 0x3e, 0x4c, 0x3e, 0x4c, 0x3e, 0x4c, 0x3e, 0x4c,
0x3e, 0x4c, 0x3e, 0x4c, 0x3e, 0x4c, 0x3e, 0x4c, 0x3e, 0x4c, 0x3e, 0x4c, 0x3e, 0x4c, 0x3e, 0x4c, 0x3e, 0x4c, 0x3e, 0x4c, 0x3e, 0x4c, 0x3e, 0x4c,
0x3e, 0x4c, 0x3e, 0x4c, 0x3e, 0x4c, 0x3e, 0x4c, 0x3e, 0x4c, 0x3e, 0x4c, 0x3e, 0x4c, 0x3e, 0x4c, 0x3e, 0x4c, 0x3e, 0x4c, 0x3e, 0x4c, 0x1e, 0x4c,
0x1e, 0x44, 0x1e, 0x44, 0x1e, 0x44, 0x1e, 0x44, 0x1e, 0x44, 0x1e, 0x44, 0x1e, 0x44, 0x1e, 0x44, 0x1e, 0x44, 0x1e, 0x44, 0x1e, 0x44, 0x1e, 0x44,
0x1e, 0x44, 0x1e, 0x44, 0x7f, 0xbe, 0x3f, 0xdf, 0x3f, 0xdf, 0xbf, 0xce, 0x58, 0x2a, 0x38, 0x2a, 0xf7, 0x29, 0xca, 0x10, 0x22, 0x00, 0x22, 0x00,
0x22, 0x00, 0x22, 0x00, 0x22, 0x00, 0x22, 0x00, 0x22, 0x00, 0x22, 0x00, 0x22, 0x00, 0x22, 0x00, 0x22, 0x00, 0x22, 0x00, 0x22, 0x00, 0x22, 0x00,
0x22, 0x00, 0x22, 0x00, 0x22, 0x00, 0x21, 0x00, 0x21, 0x00, 0x21, 0x00, 0x21, 0x00, 0x21, 0x00, 0x21, 0x00, 0x21, 0x00, 0x21, 0x00, 0x21, 0x00,
0x21, 0x00, 0x21, 0x00, 0x21, 0x00, 0x21, 0x00, 0x21, 0x00, 0x21, 0x00, 0x21, 0x00, 0x21, 0x00, 0x21, 0x00, 0x21, 0x00, 0x21, 0x00, 0x21, 0x00,
0x21, 0x00, 0x21, 0x00, 0x21, 0x00, 0x21, 0x00, 0x21, 0x00, 0x21, 0x00, 0x21, 0x00, 0x21, 0x00, 0x21, 0x00, 0x21, 0x00, 0x21, 0x00, 0x21, 0x00,
0x21, 0x00, 0x21, 0x00, 0x21, 0x00, 0x21, 0x00, 0x21, 0x00, 0x21, 0x00, 0x21, 0x00, 0x21, 0x00, 0x21, 0x00, 0x21, 0x00, 0x21, 0x00, 0x21, 0x00,
0x21, 0x00, 0x21, 0x00, 0x21, 0x00, 0x21, 0x00, 0x21, 0x00, 0x21, 0x00, 0x21, 0x00, 0x21, 0x00, 0x21, 0x00, 0x21, 0x00, 0x21, 0x00, 0x21, 0x00,
0x21, 0x00, 0x21, 0x00, 0x21, 0x00, 0x21, 0x00, 0x21, 0x00, 0x21, 0x00, 0x21, 0x00, 0x21, 0x00, 0x21, 0x00, 0x22, 0x00, 0x22, 0x00, 0x22, 0x00,
0x22, 0x00, 0x22, 0x00, 0x22, 0x00, 0x22, 0x00, 0x22, 0x00, 0x22, 0x00, 0x22, 0x00, 0x22, 0x00, 0x22, 0x00, 0x22, 0x00, 0x22, 0x00, 0x22, 0x00,
0x22, 0x00, 0x22, 0x00, 0x2e, 0x19, 0xf7, 0x29, 0x38, 0x2a, 0xf9, 0x42, 0x3f, 0xdf, 0x3f, 0xdf, 0x3f, 0xdf, 0xbf, 0x95, 0x1e, 0x44, 0x1e, 0x44,
0x1e, 0x44, 0x1e, 0x44, 0x1e, 0x44, 0x1e, 0x44, 0x1e, 0x44, 0x1e, 0x44, 0x3e, 0x44, 0x3e, 0x44, 0x3e, 0x44, 0x3e, 0x44, 0x3e, 0x4c, 0x3e, 0x4c,
0x3e, 0x4c, 0x3e, 0x4c, 0x3e, 0x4c, 0x3e, 0x4c, 0x3e, 0x4c, 0x3e, 0x4c, 0x3e, 0x4c, 0x3e, 0x4c, 0x3e, 0x4c, 0x3e, 0x4c, 0x3e, 0x4c, 0x3e, 0x4c,
0x3e, 0x4c, 0x3e, 0x4c, 0x3e, 0x4c, 0x3e, 0x4c, 0x3e, 0x4c, 0x3e, 0x4c, 0x3e, 0x4c, 0x3e, 0x4c, 0x3e, 0x4c, 0x3e, 0x4c, 0x3e, 0x4c, 0x3e, 0x4c,
0x3e, 0x4c, 0x3e, 0x4c, 0x3e, 0x4c, 0x3e, 0x4c, 0x3e, 0x4c, 0x3e, 0x4c, 0x3e, 0x4c, 0x3e, 0x4c, 0x3e, 0x4c, 0x3e, 0x4c, 0x3e, 0x4c, 0x3e, 0x4c,
0x3e, 0x4c, 0x3e, 0x4c, 0x3e, 0x4c, 0x3e, 0x4c, 0x3e, 0x4c, 0x3e, 0x4c, 0x3e, 0x4c, 0x3e, 0x4c, 0x3e, 0x4c, 0x3e, 0x4c, 0x3e, 0x4c, 0x3e, 0x4c,
0x3e, 0x4c, 0x3e, 0x4c, 0x3e, 0x4c, 0x3e, 0x4c, 0x3e, 0x4c, 0x3e, 0x4c, 0x3e, 0x4c, 0x3e, 0x4c, 0x3e, 0x4c, 0x3e, 0x4c, 0x3e, 0x4c, 0x3e, 0x44,
0x3e, 0x44, 0x3e, 0x44, 0x1e, 0x44, 0x1e, 0x44, 0x1e, 0x44, 0x1e, 0x44, 0x1e, 0x44, 0x1e, 0x44, 0x1e, 0x44, 0x1e, 0x44, 0xfe, 0x6c, 0x3f, 0xdf,
0x3f, 0xdf, 0x3f, 0xdf, 0x3b, 0x74, 0x38, 0x2a, 0x17, 0x2a, 0x93, 0x21, 0x22, 0x00, 0x22, 0x00, 0x22, 0x00, 0x22, 0x00, 0x22, 0x00, 0x22, 0x00,
0x22, 0x00, 0x22, 0x00, 0x22, 0x00, 0x22, 0x00, 0x22, 0x00, 0x22, 0x00, 0x22, 0x00, 0x22, 0x00, 0x22, 0x00, 0x22, 0x00, 0x22, 0x00, 0x22, 0x00,
0x21, 0x00, 0x21, 0x00, 0x21, 0x00, 0x21, 0x00, 0x21, 0x00, 0x21, 0x00, 0x21, 0x00, 0x21, 0x00, 0x21, 0x00, 0x21, 0x00, 0x21, 0x00, 0x21, 0x00,
0x21, 0x00, 0x21, 0x00, 0x21, 0x00, 0x21, 0x00, 0x21, 0x00, 0x21, 0x00, 0x21, 0x00, 0x21, 0x00, 0x21, 0x00, 0x21, 0x00, 0x21, 0x00, 0x21, 0x00,
0x21, 0x00, 0x21, 0x00, 0x21, 0x00, 0x21, 0x00, 0x21, 0x00, 0x21, 0x00, 0x21, 0x00, 0x21, 0x00, 0x21, 0x00, 0x21, 0x00, 0x21, 0x00, 0x21, 0x00,
0x21, 0x00, 0x21, 0x00, 0x21, 0x00, 0x21, 0x00, 0x21, 0x00, 0x21, 0x00, 0x21, 0x00, 0x21, 0x00, 0x21, 0x00, 0x21, 0x00, 0x21, 0x00, 0x21, 0x00,
0x21, 0x00, 0x21, 0x00, 0x21, 0x00, 0x21, 0x00, 0x21, 0x00, 0x21, 0x00, 0x21, 0x00, 0x21, 0x00, 0x21, 0x00, 0x21, 0x00, 0x21, 0x00, 0x21, 0x00,
0x21, 0x00, 0x21, 0x00, 0x21, 0x00, 0x21, 0x00, 0x22, 0x00, 0x22, 0x00, 0x22, 0x00, 0x22, 0x00, 0x22, 0x00, 0x22, 0x00, 0x22, 0x00, 0x22, 0x00,
0x22, 0x00, 0x22, 0x00, 0x22, 0x00, 0x22, 0x00, 0x22, 0x00, 0x22, 0x00, 0x22, 0x00, 0x22, 0x00, 0x22, 0x00, 0x43, 0x00, 0xd5, 0x21, 0x17, 0x2a,
0x58, 0x2a, 0xdc, 0x84, 0x3f, 0xdf, 0x3f, 0xdf, 0x1f, 0xd7, 0x5e, 0x54, 0x3e, 0x44, 0x3e, 0x44, 0x3e, 0x44, 0x3e, 0x44, 0x3e, 0x44, 0x3e, 0x44,
0x3e, 0x44, 0x3e, 0x44, 0x3e, 0x44, 0x3e, 0x4c, 0x3e, 0x4c, 0x3e, 0x4c, 0x3e, 0x4c, 0x3e, 0x4c, 0x3e, 0x4c, 0x3e, 0x4c, 0x3e, 0x4c, 0x3e, 0x4c,
0x3e, 0x4c, 0x3e, 0x4c, 0x3e, 0x4c, 0x3e, 0x4c, 0x3e, 0x4c, 0x3e, 0x4c, 0x3e, 0x4c, 0x3e, 0x4c, 0x3e, 0x4c, 0x3e, 0x4c, 0x3e, 0x4c, 0x3e, 0x4c,
0x3e, 0x4c, 0x3e, 0x4c, 0x3e, 0x4c, 0x3e, 0x4c, 0x3e, 0x4c, 0x3e, 0x4c, 0x3e, 0x4c, 0x3e, 0x4c, 0x3e, 0x4c, 0x3e, 0x4c, 0x3e, 0x4c, 0x3e, 0x4c,
0x3e, 0x4c, 0x3e, 0x4c, 0x3e, 0x4c, 0x3e, 0x4c, 0x3e, 0x4c, 0x3e, 0x4c, 0x3e, 0x4c, 0x3e, 0x4c, 0x3e, 0x4c, 0x3e, 0x4c, 0x3e, 0x4c, 0x3e, 0x4c,
0x3e, 0x4c, 0x3e, 0x4c, 0x3e, 0x4c, 0x3e, 0x4c, 0x3e, 0x4c, 0x3e, 0x4c, 0x3e, 0x4c, 0x3e, 0x4c, 0x3e, 0x4c, 0x3e, 0x4c, 0x3e, 0x4c, 0x3e, 0x4c,
0x3e, 0x4c, 0x3e, 0x4c, 0x3e, 0x4c, 0x3e, 0x4c, 0x3e, 0x4c, 0x3e, 0x4c, 0x3e, 0x4c, 0x3e, 0x4c, 0x3e, 0x4c, 0x3e, 0x44, 0x3e, 0x44, 0x3e, 0x44,
0x3e, 0x44, 0x3e, 0x44, 0x3e, 0x44, 0x3e, 0x44, 0x3e, 0x44, 0x3e, 0x44, 0x3e, 0x44, 0x7f, 0xbe, 0x3f, 0xdf, 0x3f, 0xdf, 0x1e, 0xb6, 0x58, 0x2a,
0x18, 0x2a, 0xf7, 0x29, 0xa7, 0x08, 0x22, 0x00, 0x22, 0x00, 0x22, 0x00, 0x22, 0x00, 0x22, 0x00, 0x22, 0x00, 0x22, 0x00, 0x22, 0x00, 0x22, 0x00,
0x22, 0x00, 0x22, 0x00, 0x22, 0x00, 0x22, 0x00, 0x22, 0x00, 0x22, 0x00, 0x22, 0x00, 0x22, 0x00, 0x21, 0x00, 0x21, 0x00, 0x21, 0x00, 0x21, 0x00,
0x21, 0x00, 0x21, 0x00, 0x21, 0x00, 0x21, 0x00, 0x21, 0x00, 0x21, 0x00, 0x21, 0x00, 0x21, 0x00, 0x21, 0x00, 0x21, 0x00, 0x21, 0x00, 0x21, 0x00,
0x21, 0x00, 0x21, 0x00, 0x21, 0x00, 0x21, 0x00, 0x21, 0x00, 0x21, 0x00, 0x21, 0x00, 0x21, 0x00, 0x21, 0x00, 0x21, 0x00, 0x21, 0x00, 0x21, 0x00,
0x21, 0x00, 0x21, 0x00, 0x21, 0x00, 0x21, 0x00, 0x21, 0x00, 0x21, 0x00, 0x21, 0x00, 0x21, 0x00, 0x21, 0x00, 0x21, 0x00, 0x21, 0x00, 0x21, 0x00,
0x21, 0x00, 0x21, 0x00, 0x21, 0x00, 0x21, 0x00, 0x21, 0x00, 0x21, 0x00, 0x21, 0x00, 0x21, 0x00, 0x21, 0x00, 0x21, 0x00, 0x21, 0x00, 0x21, 0x00,
0x21, 0x00, 0x21, 0x00, 0x21, 0x00, 0x21, 0x00, 0x21, 0x00, 0x21, 0x00, 0x21, 0x00, 0x21, 0x00, 0x21, 0x00, 0x21, 0x00, 0x21, 0x00, 0x22, 0x00,
0x22, 0x00, 0x22, 0x00, 0x22, 0x00, 0x22, 0x00, 0x22, 0x00, 0x22, 0x00, 0x22, 0x00, 0x22, 0x00, 0x22, 0x00, 0x22, 0x00, 0x22, 0x00, 0x22, 0x00,
0x22, 0x00, 0x22, 0x00, 0x22, 0x00, 0x22, 0x00, 0x22, 0x00, 0x0c, 0x11, 0xf7, 0x29, 0x38, 0x2a, 0xb9, 0x3a, 0xff, 0xd6, 0x3f, 0xdf, 0x3f, 0xdf,
0xff, 0x9d, 0x3e, 0x44, 0x3e, 0x44, 0x3e, 0x44, 0x3e, 0x44, 0x3e, 0x44, 0x3e, 0x44, 0x3e, 0x44, 0x3e, 0x44, 0x3e, 0x4c, 0x3e, 0x4c, 0x3e, 0x4c,
0x3e, 0x4c, 0x3e, 0x4c, 0x3e, 0x4c, 0x3e, 0x4c, 0x3e, 0x4c, 0x3e, 0x4c, 0x3e, 0x4c, 0x3e, 0x4c, 0x3e, 0x4c, 0x3e, 0x4c, 0x3e, 0x4c, 0x3e, 0x4c,
0x3e, 0x4c, 0x3e, 0x4c, 0x3e, 0x4c, 0x3e, 0x4c, 0x3e, 0x4c, 0x3e, 0x4c, 0x3e, 0x4c, 0x3e, 0x4c, 0x3e, 0x4c, 0x3e, 0x4c, 0x3e, 0x4c, 0x3e, 0x4c,
0x3e, 0x4c, 0x3e, 0x4c, 0x3e, 0x4c, 0x3e, 0x4c, 0x3e, 0x4c, 0x3e, 0x4c, 0x3e, 0x4c, 0x3e, 0x4c, 0x3e, 0x4c, 0x3e, 0x4c, 0x3e, 0x4c, 0x3e, 0x4c,
0x3e, 0x4c, 0x3e, 0x4c, 0x3e, 0x4c, 0x3e, 0x4c, 0x3e, 0x4c, 0x3e, 0x4c, 0x3e, 0x4c, 0x3e, 0x4c, 0x3e, 0x4c, 0x3e, 0x4c, 0x3e, 0x4c, 0x3e, 0x4c,
0x3e, 0x4c, 0x3e, 0x4c, 0x3e, 0x4c, 0x3e, 0x4c, 0x3e, 0x4c, 0x3e, 0x4c, 0x3e, 0x4c, 0x3e, 0x4c, 0x3e, 0x4c, 0x3e, 0x4c, 0x3e, 0x4c, 0x3e, 0x4c,
0x3e, 0x4c, 0x3e, 0x4c, 0x3e, 0x4c, 0x3e, 0x4c, 0x3e, 0x4c, 0x3e, 0x4c, 0x3e, 0x4c, 0x3e, 0x44, 0x3e, 0x44, 0x3e, 0x44, 0x3e, 0x44, 0x3e, 0x44,
0x3e, 0x44, 0x3e, 0x44, 0x3e, 0x44, 0x1f, 0x75, 0x3f, 0xdf, 0x3f, 0xdf, 0x3f, 0xdf, 0x9a, 0x5b, 0x38, 0x2a, 0x17, 0x2a, 0x71, 0x19, 0x22, 0x00,
0x22, 0x00, 0x22, 0x00, 0x22, 0x00, 0x22, 0x00, 0x22, 0x00, 0x22, 0x00, 0x22, 0x00, 0x22, 0x00, 0x22, 0x00, 0x22, 0x00, 0x22, 0x00, 0x22, 0x00,
0x22, 0x00, 0x22, 0x00, 0x22, 0x00, 0x22, 0x00, 0x22, 0x00, 0x21, 0x00, 0x21, 0x00, 0x21, 0x00, 0x21, 0x00, 0x21, 0x00, 0x21, 0x00, 0x21, 0x00,
0x21, 0x00, 0x21, 0x00, 0x21, 0x00, 0x21, 0x00, 0x21, 0x00, 0x21, 0x00, 0x21, 0x00, 0x21, 0x00, 0x21, 0x00, 0x21, 0x00, 0x21, 0x00, 0x21, 0x00,
0x21, 0x00, 0x21, 0x00, 0x21, 0x00, 0x21, 0x00, 0x21, 0x00, 0x21, 0x00, 0x21, 0x00, 0x21, 0x00, 0x21, 0x00, 0x21, 0x00, 0x21, 0x00, 0x21, 0x00,
0x21, 0x00, 0x21, 0x00, 0x21, 0x00, 0x21, 0x00, 0x21, 0x00, 0x21, 0x00, 0x21, 0x00, 0x21, 0x00, 0x21, 0x00, 0x21, 0x00, 0x21, 0x00, 0x21, 0x00,
0x21, 0x00, 0x21, 0x00, 0x21, 0x00, 0x21, 0x00, 0x21, 0x00, 0x21, 0x00, 0x21, 0x00, 0x21, 0x00, 0x21, 0x00, 0x21, 0x00, 0x21, 0x00, 0x21, 0x00,
0x21, 0x00, 0x21, 0x00, 0x21, 0x00, 0x21, 0x00, 0x21, 0x00, 0x21, 0x00, 0x21, 0x00, 0x22, 0x00, 0x22, 0x00, 0x22, 0x00, 0x22, 0x00, 0x22, 0x00,
0x22, 0x00, 0x22, 0x00, 0x22, 0x00, 0x22, 0x00, 0x22, 0x00, 0x22, 0x00, 0x22, 0x00, 0x22, 0x00, 0x22, 0x00, 0x22, 0x00, 0x22, 0x00, 0x22, 0x00,
0x22, 0x00, 0xb4, 0x21, 0x17, 0x2a, 0x38, 0x2a, 0x3b, 0x74, 0x3f, 0xdf, 0x3f, 0xdf, 0x3f, 0xdf, 0x9e, 0x5c, 0x3e, 0x44, 0x3e, 0x44, 0x3e, 0x44,
0x3e, 0x44, 0x3e, 0x44, 0x3e, 0x44, 0x3e, 0x4c, 0x3e, 0x4c, 0x3e, 0x4c, 0x3e, 0x4c, 0x3e, 0x4c, 0x3e, 0x4c, 0x3e, 0x4c, 0x3e, 0x4c, 0x3e, 0x4c,
0x3e, 0x4c, 0x3e, 0x4c, 0x3e, 0x4c, 0x3e, 0x4c, 0x3e, 0x4c, 0x3e, 0x4c, 0x3e, 0x4c, 0x3e, 0x4c, 0x3e, 0x4c, 0x3e, 0x4c, 0x3e, 0x4c, 0x3e, 0x4c,
0x5e, 0x4c, 0x5e, 0x4c, 0x5e, 0x4c, 0x5e, 0x4c, 0x5e, 0x4c, 0x5e, 0x4c, 0x5e, 0x4c, 0x5e, 0x4c, 0x3e, 0x4c, 0x3e, 0x4c, 0x3e, 0x4c, 0x3e, 0x4c,
0x3e, 0x4c, 0x3e, 0x4c, 0x3e, 0x4c, 0x3e, 0x4c, 0x3e, 0x4c, 0x3e, 0x4c, 0x3e, 0x4c, 0x3e, 0x4c, 0x3e, 0x4c, 0x3e, 0x4c, 0x3e, 0x4c, 0x3e, 0x4c,
0x5e, 0x4c, 0x5e, 0x4c, 0x5e, 0x4c, 0x5e, 0x4c, 0x5e, 0x4c, 0x5e, 0x4c, 0x5e, 0x4c, 0x5e, 0x4c, 0x5e, 0x4c, 0x3e, 0x4c, 0x3e, 0x4c, 0x3e, 0x4c,
0x3e, 0x4c, 0x3e, 0x4c, 0x3e, 0x4c, 0x3e, 0x4c, 0x3e, 0x4c, 0x3e, 0x4c, 0x3e, 0x4c, 0x3e, 0x4c, 0x3e, 0x4c, 0x3e, 0x4c, 0x3e, 0x4c, 0x3e, 0x4c,
0x3e, 0x4c, 0x3e, 0x4c, 0x3e, 0x4c, 0x3e, 0x4c, 0x3e, 0x4c, 0x3e, 0x44, 0x3e, 0x44, 0x3e, 0x44, 0x3e, 0x44, 0x3e, 0x44, 0x3e, 0x44, 0x3e, 0x44,
0xdf, 0xce, 0x3f, 0xdf, 0x3f, 0xdf, 0x7d, 0x9d, 0x58, 0x2a, 0x18, 0x2a, 0xf7, 0x29, 0x65, 0x08, 0x22, 0x00, 0x22, 0x00, 0x22, 0x00, 0x22, 0x00,
0x22, 0x00, 0x22, 0x00, 0x22, 0x00, 0x22, 0x00, 0x22, 0x00, 0x22, 0x00, 0x22, 0x00, 0x22, 0x00, 0x22, 0x00, 0x22, 0x00, 0x22, 0x00, 0x22, 0x00,
0x22, 0x00, 0x21, 0x00, 0x21, 0x00, 0x21, 0x00, 0x21, 0x00, 0x21, 0x00, 0x21, 0x00, 0x21, 0x00, 0x21, 0x00, 0x21, 0x00, 0x21, 0x00, 0x21, 0x00,
0x21, 0x00, 0x21, 0x00, 0x21, 0x00, 0x21, 0x00, 0x21, 0x00, 0x21, 0x00, 0x21, 0x00, 0x21, 0x00, 0x21, 0x00, 0x21, 0x00, 0x21, 0x00, 0x21, 0x00,
0x21, 0x00, 0x21, 0x00, 0x21, 0x00, 0x21, 0x00, 0x21, 0x00, 0x21, 0x00, 0x21, 0x00, 0x21, 0x00, 0x21, 0x00, 0x21, 0x00, 0x21, 0x00, 0x21, 0x00,
0x21, 0x00, 0x21, 0x00, 0x21, 0x00, 0x21, 0x00, 0x21, 0x00, 0x21, 0x00, 0x21, 0x00, 0x21, 0x00, 0x21, 0x00, 0x21, 0x00, 0x21, 0x00, 0x21, 0x00,
0x21, 0x00, 0x21, 0x00, 0x21, 0x00, 0x21, 0x00, 0x21, 0x00, 0x21, 0x00, 0x21, 0x00, 0x21, 0x00, 0x21, 0x00, 0x21, 0x00, 0x21, 0x00, 0x21, 0x00,
0x21, 0x00, 0x21, 0x00, 0x22, 0x00, 0x22, 0x00, 0x22, 0x00, 0x22, 0x00, 0x22, 0x00, 0x22, 0x00, 0x22, 0x00, 0x22, 0x00, 0x22, 0x00, 0x22, 0x00,
0x22, 0x00, 0x22, 0x00, 0x22, 0x00, 0x22, 0x00, 0x22, 0x00, 0x22, 0x00, 0x22, 0x00, 0x22, 0x00, 0xca, 0x10, 0xf7, 0x29, 0x38, 0x2a, 0x58, 0x2a,
0xbf, 0xce, 0x3f, 0xdf, 0x3f, 0xdf, 0x5f, 0xb6, 0x3e, 0x44, 0x3e, 0x44, 0x3e, 0x44, 0x3e, 0x44, 0x3e, 0x44, 0x3e, 0x4c, 0x3e, 0x4c, 0x3e, 0x4c,
0x3e, 0x4c, 0x3e, 0x4c, 0x3e, 0x4c, 0x3e, 0x4c, 0x3e, 0x4c, 0x3e, 0x4c, 0x3e, 0x4c, 0x3e, 0x4c, 0x3e, 0x4c, 0x3e, 0x4c, 0x3e, 0x4c, 0x5e, 0x4c,
0x5e, 0x4c, 0x5e, 0x4c, 0x5e, 0x4c, 0x5e, 0x4c, 0x5e, 0x4c, 0x5e, 0x4c, 0x5e, 0x4c, 0x5e, 0x4c, 0x5e, 0x4c, 0x5e, 0x4c, 0x5e, 0x4c, 0x5e, 0x4c,
0x5e, 0x4c, 0x5e, 0x4c, 0x5e, 0x4c, 0x5e, 0x4c, 0x5e, 0x4c, 0x5e, 0x4c, 0x5e, 0x4c, 0x5e, 0x4c, 0x5e, 0x4c, 0x5e, 0x4c, 0x5e, 0x4c, 0x5e, 0x4c,
0x5e, 0x4c, 0x5e, 0x4c, 0x5e, 0x4c, 0x5e, 0x4c, 0x5e, 0x4c, 0x5e, 0x4c, 0x5e, 0x4c, 0x5e, 0x4c, 0x5e, 0x4c, 0x5e, 0x4c, 0x5e, 0x4c, 0x5e, 0x4c,
0x5e, 0x4c, 0x5e, 0x4c, 0x5e, 0x4c, 0x5e, 0x4c, 0x5e, 0x4c, 0x5e, 0x4c, 0x5e, 0x4c, 0x5e, 0x4c, 0x5e, 0x4c, 0x5e, 0x4c, 0x5e, 0x4c, 0x5e, 0x4c,
0x5e, 0x4c, 0x3e, 0x4c, 0x3e, 0x4c, 0x3e, 0x4c, 0x3e, 0x4c, 0x3e, 0x4c, 0x3e, 0x4c, 0x3e, 0x4c, 0x3e, 0x4c, 0x3e, 0x4c, 0x3e, 0x4c, 0x3e, 0x4c,
0x3e, 0x4c, 0x3e, 0x4c, 0x3e, 0x4c, 0x3e, 0x44, 0x3e, 0x44, 0x3e, 0x44, 0x3e, 0x44, 0x3e, 0x44, 0x9f, 0x8d, 0x3f, 0xdf, 0x3f, 0xdf, 0x3f, 0xdf,
0xf9, 0x42, 0x38, 0x2a, 0xf7, 0x29, 0x2f, 0x19, 0x22, 0x00, 0x22, 0x00, 0x22, 0x00, 0x22, 0x00, 0x22, 0x00, 0x22, 0x00, 0x22, 0x00, 0x22, 0x00,
0x22, 0x00, 0x22, 0x00, 0x22, 0x00, 0x22, 0x00, 0x22, 0x00, 0x22, 0x00, 0x22, 0x00, 0x22, 0x00, 0x22, 0x00, 0x22, 0x00, 0x21, 0x00, 0x21, 0x00,
0x21, 0x00, 0x21, 0x00, 0x21, 0x00, 0x21, 0x00, 0x21, 0x00, 0x21, 0x00, 0x21, 0x00, 0x21, 0x00, 0x21, 0x00, 0x21, 0x00, 0x21, 0x00, 0x21, 0x00,
0x21, 0x00, 0x21, 0x00, 0x21, 0x00, 0x21, 0x00, 0x21, 0x00, 0x21, 0x00, 0x21, 0x00, 0x21, 0x00, 0x21, 0x00, 0x21, 0x00, 0x21, 0x00, 0x21, 0x00,
0x21, 0x00, 0x21, 0x00, 0x21, 0x00, 0x21, 0x00, 0x21, 0x00, 0x21, 0x00, 0x21, 0x00, 0x21, 0x00, 0x21, 0x00, 0x21, 0x00, 0x21, 0x00, 0x21, 0x00,
0x21, 0x00, 0x21, 0x00, 0x21, 0x00, 0x21, 0x00, 0x21, 0x00, 0x21, 0x00, 0x21, 0x00, 0x21, 0x00, 0x21, 0x00, 0x21, 0x00, 0x21, 0x00, 0x21, 0x00,
0x21, 0x00, 0x21, 0x00, 0x21, 0x00, 0x21, 0x00, 0x21, 0x00, 0x21, 0x00, 0x21, 0x00, 0x21, 0x00, 0x21, 0x00, 0x21, 0x00, 0x22, 0x00, 0x22, 0x00,
0x22, 0x00, 0x22, 0x00, 0x22, 0x00, 0x22, 0x00, 0x22, 0x00, 0x22, 0x00, 0x22, 0x00, 0x22, 0x00, 0x22, 0x00, 0x22, 0x00, 0x22, 0x00, 0x22, 0x00,
0x22, 0x00, 0x22, 0x00, 0x22, 0x00, 0x22, 0x00, 0xb4, 0x21, 0x17, 0x2a, 0x38, 0x2a, 0xfb, 0x63, 0x3f, 0xdf, 0x3f, 0xdf, 0x3f, 0xdf, 0xfe, 0x6c,
0x3e, 0x44, 0x3e, 0x44, 0x3e, 0x4c, 0x3e, 0x4c, 0x3e, 0x4c, 0x3e, 0x4c, 0x3e, 0x4c, 0x3e, 0x4c, 0x3e, 0x4c, 0x3e, 0x4c, 0x3e, 0x4c, 0x3e, 0x4c,
0x3e, 0x4c, 0x3e, 0x4c, 0x5e, 0x4c, 0x5e, 0x4c, 0x5e, 0x4c, 0x5e, 0x4c, 0x5e, 0x4c, 0x5e, 0x4c, 0x5e, 0x4c, 0x5e, 0x4c, 0x5e, 0x4c, 0x5e, 0x4c,
0x5e, 0x4c, 0x5e, 0x4c, 0x5e, 0x4c, 0x5e, 0x4c, 0x5e, 0x4c, 0x5e, 0x4c, 0x5e, 0x4c, 0x5e, 0x4c, 0x5e, 0x4c, 0x5e, 0x4c, 0x5e, 0x4c, 0x5e, 0x4c,
0x5e, 0x4c, 0x5e, 0x4c, 0x5e, 0x4c, 0x5e, 0x4c, 0x5e, 0x4c, 0x5e, 0x4c, 0x5e, 0x4c, 0x5e, 0x4c, 0x5e, 0x4c, 0x5e, 0x4c, 0x5e, 0x4c, 0x5e, 0x4c,
0x5e, 0x4c, 0x5e, 0x4c, 0x5e, 0x4c, 0x5e, 0x4c, 0x5e, 0x4c, 0x5e, 0x4c, 0x5e, 0x4c, 0x5e, 0x4c, 0x5e, 0x4c, 0x5e, 0x4c, 0x5e, 0x4c, 0x5e, 0x4c,
0x5e, 0x4c, 0x5e, 0x4c, 0x5e, 0x4c, 0x5e, 0x4c, 0x5e, 0x4c, 0x5e, 0x4c, 0x5e, 0x4c, 0x5e, 0x4c, 0x5e, 0x4c, 0x5e, 0x4c, 0x5e, 0x4c, 0x5e, 0x4c,
0x5e, 0x4c, 0x5e, 0x4c, 0x3e, 0x4c, 0x3e, 0x4c, 0x3e, 0x4c, 0x3e, 0x4c, 0x3e, 0x4c, 0x3e, 0x4c, 0x3e, 0x4c, 0x3e, 0x4c, 0x3e, 0x4c, 0x3e, 0x4c,
0x3e, 0x4c, 0x3e, 0x4c, 0x3e, 0x44, 0x3e, 0x44, 0x7e, 0x54, 0x1f, 0xd7, 0x3f, 0xdf, 0x3f, 0xdf, 0x1c, 0x95, 0x58, 0x2a, 0x18, 0x2a, 0xf7, 0x29,
0x65, 0x08, 0x22, 0x00, 0x22, 0x00, 0x22, 0x00, 0x22, 0x00, 0x22, 0x00, 0x22, 0x00, 0x22, 0x00, 0x22, 0x00, 0x22, 0x00, 0x22, 0x00, 0x22, 0x00,
0x22, 0x00, 0x22, 0x00, 0x22, 0x00, 0x22, 0x00, 0x22, 0x00, 0x22, 0x00, 0x22, 0x00, 0x21, 0x00, 0x21, 0x00, 0x21, 0x00, 0x21, 0x00, 0x21, 0x00,
0x21, 0x00, 0x21, 0x00, 0x21, 0x00, 0x21, 0x00, 0x21, 0x00, 0x21, 0x00, 0x21, 0x00, 0x21, 0x00, 0x21, 0x00, 0x21, 0x00, 0x21, 0x00, 0x21, 0x00,
0x21, 0x00, 0x21, 0x00, 0x21, 0x00, 0x21, 0x00, 0x21, 0x00, 0x21, 0x00, 0x21, 0x00, 0x21, 0x00, 0x21, 0x00, 0x21, 0x00, 0x21, 0x00, 0x21, 0x00,
0x21, 0x00, 0x21, 0x00, 0x21, 0x00, 0x21, 0x00, 0x21, 0x00, 0x21, 0x00, 0x21, 0x00, 0x21, 0x00, 0x21, 0x00, 0x21, 0x00, 0x21, 0x00, 0x21, 0x00,
0x21, 0x00, 0x21, 0x00, 0x21, 0x00, 0x21, 0x00, 0x21, 0x00, 0x21, 0x00, 0x21, 0x00, 0x21, 0x00, 0x21, 0x00, 0x21, 0x00, 0x21, 0x00, 0x21, 0x00,
0x21, 0x00, 0x21, 0x00, 0x21, 0x00, 0x21, 0x00, 0x21, 0x00, 0x22, 0x00, 0x22, 0x00, 0x22, 0x00, 0x22, 0x00, 0x22, 0x00, 0x22, 0x00, 0x22, 0x00,
0x22, 0x00, 0x22, 0x00, 0x22, 0x00, 0x22, 0x00, 0x22, 0x00, 0x22, 0x00, 0x22, 0x00, 0x22, 0x00, 0x22, 0x00, 0x22, 0x00, 0x22, 0x00, 0xa8, 0x10,
0xf7, 0x29, 0x18, 0x2a, 0x58, 0x2a, 0x1e, 0xb6, 0x3f, 0xdf, 0x3f, 0xdf, 0xdf, 0xce, 0x3e, 0x4c, 0x3e, 0x4c, 0x3e, 0x4c, 0x3e, 0x4c, 0x3e, 0x4c,
0x3e, 0x4c, 0x3e, 0x4c, 0x3e, 0x4c, 0x3e, 0x4c, 0x3e, 0x4c, 0x3e, 0x4c, 0x5e, 0x4c, 0x5e, 0x4c, 0x5e, 0x4c, 0x5e, 0x4c, 0x5e, 0x4c, 0x5e, 0x4c,
0x5e, 0x4c, 0x5e, 0x4c, 0x5e, 0x4c, 0x5e, 0x4c, 0x5e, 0x4c, 0x5e, 0x4c, 0x5e, 0x4c, 0x5e, 0x4c, 0x5e, 0x4c, 0x5e, 0x4c, 0x5e, 0x4c, 0x5e, 0x4c,
0x5e, 0x4c, 0x5e, 0x4c, 0x5e, 0x4c, 0x5e, 0x4c, 0x5e, 0x4c, 0x5e, 0x4c, 0x5e, 0x4c, 0x5e, 0x4c, 0x5e, 0x4c, 0x5e, 0x4c, 0x5e, 0x4c, 0x5e, 0x4c,
0x5e, 0x4c, 0x5e, 0x4c, 0x5e, 0x4c, 0x5e, 0x4c, 0x5e, 0x4c, 0x5e, 0x4c, 0x5e, 0x4c, 0x5e, 0x4c, 0x5e, 0x4c, 0x5e, 0x4c, 0x5e, 0x4c, 0x5e, 0x4c,
0x5e, 0x4c, 0x5e, 0x4c, 0x5e, 0x4c, 0x5e, 0x4c, 0x5e, 0x4c, 0x5e, 0x4c, 0x5e, 0x4c, 0x5e, 0x4c, 0x5e, 0x4c, 0x5e, 0x4c, 0x5e, 0x4c, 0x5e, 0x4c,
0x5e, 0x4c, 0x5e, 0x4c, 0x5e, 0x4c, 0x5e, 0x4c, 0x5e, 0x4c, 0x5e, 0x4c, 0x5e, 0x4c, 0x5e, 0x4c, 0x5e, 0x4c, 0x5e, 0x4c, 0x5e, 0x4c, 0x5e, 0x4c,
0x5e, 0x4c, 0x5e, 0x4c, 0x5e, 0x4c, 0x3e, 0x4c, 0x3e, 0x4c, 0x3e, 0x4c, 0x3e, 0x4c, 0x3e, 0x4c, 0x3e, 0x4c, 0x3e, 0x4c, 0x3e, 0x4c, 0x3e, 0x4c,
0x3e, 0x4c, 0x1f, 0xa6, 0x3f, 0xdf, 0x3f, 0xdf, 0xff, 0xd6, 0xb9, 0x3a, 0x38, 0x2a, 0xf7, 0x29, 0x2e, 0x19, 0x22, 0x00, 0x22, 0x00, 0x22, 0x00,
0x22, 0x00, 0x22, 0x00, 0x22, 0x00, 0x22, 0x00, 0x22, 0x00, 0x22, 0x00, 0x22, 0x00, 0x22, 0x00, 0x22, 0x00, 0x22, 0x00, 0x22, 0x00, 0x22, 0x00,
0x22, 0x00, 0x22, 0x00, 0x22, 0x00, 0x21, 0x00, 0x21, 0x00, 0x21, 0x00, 0x21, 0x00, 0x21, 0x00, 0x21, 0x00, 0x21, 0x00, 0x21, 0x00, 0x21, 0x00,
0x21, 0x00, 0x21, 0x00, 0x21, 0x00, 0x21, 0x00, 0x21, 0x00, 0x21, 0x00, 0x21, 0x00, 0x21, 0x00, 0x21, 0x00, 0x21, 0x00, 0x21, 0x00, 0x21, 0x00,
0x21, 0x00, 0x21, 0x00, 0x21, 0x00, 0x21, 0x00, 0x21, 0x00, 0x21, 0x00, 0x21, 0x00, 0x21, 0x00, 0x21, 0x00, 0x21, 0x00, 0x21, 0x00, 0x21, 0x00,
0x21, 0x00, 0x21, 0x00, 0x21, 0x00, 0x21, 0x00, 0x21, 0x00, 0x21, 0x00, 0x21, 0x00, 0x21, 0x00, 0x21, 0x00, 0x21, 0x00, 0x21, 0x00, 0x21, 0x00,
0x21, 0x00, 0x21, 0x00, 0x21, 0x00, 0x21, 0x00, 0x21, 0x00, 0x21, 0x00, 0x21, 0x00, 0x21, 0x00, 0x21, 0x00, 0x21, 0x00, 0x21, 0x00, 0x21, 0x00,
0x21, 0x00, 0x22, 0x00, 0x22, 0x00, 0x22, 0x00, 0x22, 0x00, 0x22, 0x00, 0x22, 0x00, 0x22, 0x00, 0x22, 0x00, 0x22, 0x00, 0x22, 0x00, 0x22, 0x00,
0x22, 0x00, 0x22, 0x00, 0x22, 0x00, 0x22, 0x00, 0x22, 0x00, 0x22, 0x00, 0x22, 0x00, 0x72, 0x21, 0x17, 0x2a, 0x38, 0x2a, 0x5a, 0x53, 0x3f, 0xdf,
0x3f, 0xdf, 0x3f, 0xdf, 0x9f, 0x8d, 0x3e, 0x4c, 0x3e, 0x4c, 0x3e, 0x4c, 0x3e, 0x4c, 0x3e, 0x4c, 0x5e, 0x4c, 0x5e, 0x4c, 0x5e, 0x4c, 0x5e, 0x4c,
0x5e, 0x4c, 0x5e, 0x4c, 0x5e, 0x4c, 0x5e, 0x4c, 0x5e, 0x4c, 0x5e, 0x4c, 0x5e, 0x4c, 0x5e, 0x4c, 0x5e, 0x4c, 0x5e, 0x4c, 0x5e, 0x4c, 0x5e, 0x4c,
0x5e, 0x4c, 0x5e, 0x4c, 0x5e, 0x4c, 0x5e, 0x4c, 0x5e, 0x4c, 0x5e, 0x4c, 0x5e, 0x4c, 0x5e, 0x4c, 0x5e, 0x4c, 0x5e, 0x4c, 0x5e, 0x4c, 0x5e, 0x4c,
0x5e, 0x4c, 0x5e, 0x4c, 0x5e, 0x4c, 0x5e, 0x4c, 0x5e, 0x4c, 0x5e, 0x4c, 0x5e, 0x4c, 0x5e, 0x4c, 0x5e, 0x4c, 0x5e, 0x4c, 0x5e, 0x4c, 0x5e, 0x4c,
0x5e, 0x4c, 0x5e, 0x4c, 0x5e, 0x4c, 0x5e, 0x4c, 0x5e, 0x4c, 0x5e, 0x4c, 0x5e, 0x4c, 0x5e, 0x4c, 0x5e, 0x4c, 0x5e, 0x4c, 0x5e, 0x4c, 0x5e, 0x4c,
0x5e, 0x4c, 0x5e, 0x4c, 0x5e, 0x4c, 0x5e, 0x4c, 0x5e, 0x4c, 0x5e, 0x4c, 0x5e, 0x4c, 0x5e, 0x4c, 0x5e, 0x4c, 0x5e, 0x4c, 0x5e, 0x4c, 0x5e, 0x4c,
0x5e, 0x4c, 0x5e, 0x4c, 0x5e, 0x4c, 0x5e, 0x4c, 0x5e, 0x4c, 0x5e, 0x4c, 0x5e, 0x4c, 0x5e, 0x4c, 0x5e, 0x4c, 0x5e, 0x4c, 0x5e, 0x4c, 0x5e, 0x4c,
0x5e, 0x4c, 0x5e, 0x4c, 0x5e, 0x4c, 0x5e, 0x4c, 0x3e, 0x4c, 0x3e, 0x4c, 0x3e, 0x4c, 0x3e, 0x4c, 0x3e, 0x4c, 0xde, 0x64, 0x3f, 0xdf, 0x3f, 0xdf,
0x3f, 0xdf, 0x9c, 0x7c, 0x58, 0x2a, 0x17, 0x2a, 0xd5, 0x21, 0x43, 0x00, 0x22, 0x00, 0x22, 0x00, 0x22, 0x00, 0x22, 0x00, 0x22, 0x00, 0x22, 0x00,
0x22, 0x00, 0x22, 0x00, 0x22, 0x00, 0x22, 0x00, 0x22, 0x00, 0x22, 0x00, 0x22, 0x00, 0x22, 0x00, 0x22, 0x00, 0x22, 0x00, 0x22, 0x00, 0x22, 0x00,
0x21, 0x00, 0x21, 0x00, 0x21, 0x00, 0x21, 0x00, 0x21, 0x00, 0x21, 0x00, 0x21, 0x00, 0x21, 0x00, 0x21, 0x00, 0x21, 0x00, 0x21, 0x00, 0x21, 0x00,
0x21, 0x00, 0x21, 0x00, 0x21, 0x00, 0x21, 0x00, 0x21, 0x00, 0x21, 0x00, 0x21, 0x00, 0x21, 0x00, 0x21, 0x00, 0x21, 0x00, 0x21, 0x00, 0x21, 0x00,
0x21, 0x00, 0x21, 0x00, 0x21, 0x00, 0x21, 0x00, 0x21, 0x00, 0x21, 0x00, 0x21, 0x00, 0x21, 0x00, 0x21, 0x00, 0x21, 0x00, 0x21, 0x00, 0x21, 0x00,
0x21, 0x00, 0x21, 0x00, 0x21, 0x00, 0x21, 0x00, 0x21, 0x00, 0x21, 0x00, 0x21, 0x00, 0x21, 0x00, 0x21, 0x00, 0x21, 0x00, 0x21, 0x00, 0x21, 0x00,
0x21, 0x00, 0x21, 0x00, 0x21, 0x00, 0x21, 0x00, 0x21, 0x00, 0x21, 0x00, 0x21, 0x00, 0x21, 0x00, 0x22, 0x00, 0x22, 0x00, 0x22, 0x00, 0x22, 0x00,
0x22, 0x00, 0x22, 0x00, 0x22, 0x00, 0x22, 0x00, 0x22, 0x00, 0x22, 0x00, 0x22, 0x00, 0x22, 0x00, 0x22, 0x00, 0x22, 0x00, 0x22, 0x00, 0x22, 0x00,
0x22, 0x00, 0x22, 0x00, 0xa7, 0x08, 0xf7, 0x29, 0x18, 0x2a, 0x58, 0x2a, 0x7d, 0x9d, 0x3f, 0xdf, 0x3f, 0xdf, 0x1f, 0xd7, 0x7e, 0x54, 0x5e, 0x4c,
0x5e, 0x4c, 0x5e, 0x4c, 0x5e, 0x4c, 0x5e, 0x4c, 0x5e, 0x4c, 0x5e, 0x4c, 0x5e, 0x4c, 0x5e, 0x4c, 0x5e, 0x4c, 0x5e, 0x4c, 0x5e, 0x4c, 0x5e, 0x4c,
0x5e, 0x4c, 0x5e, 0x4c, 0x5e, 0x4c, 0x5e, 0x4c, 0x9e, 0x54, 0x1e, 0x6d, 0x7e, 0x7d, 0x1e, 0x6d, 0x1e, 0x6d, 0x1e, 0x6d, 0x3e, 0x6d, 0x3e, 0x6d,
0x3e, 0x6d, 0x3e, 0x6d, 0x5e, 0x75, 0x3e, 0x6d, 0x3e, 0x6d, 0x3e, 0x6d, 0x3e, 0x6d, 0x3e, 0x6d, 0x5e, 0x75, 0x3e, 0x6d, 0x3e, 0x6d, 0x3e, 0x6d,
0x3e, 0x6d, 0x3e, 0x6d, 0x9e, 0x7d, 0x3e, 0x6d, 0x3e, 0x6d, 0x3e, 0x6d, 0x3e, 0x6d, 0x5e, 0x75, 0x3e, 0x6d, 0x3e, 0x6d, 0x3e, 0x6d, 0x5e, 0x75,
0x3e, 0x6d, 0x3e, 0x6d, 0x3e, 0x6d, 0x3e, 0x6d, 0x3e, 0x6d, 0x3e, 0x6d, 0x3e, 0x6d, 0x5e, 0x75, 0x3e, 0x6d, 0x5e, 0x75, 0x3e, 0x6d, 0x3e, 0x6d,
0xde, 0x5c, 0x7e, 0x4c, 0x7e, 0x4c, 0x7e, 0x4c, 0x5e, 0x4c, 0x5e, 0x4c, 0x5e, 0x4c, 0x5e, 0x4c, 0x5e, 0x4c, 0x5e, 0x4c, 0x5e, 0x4c, 0x5e, 0x4c,
0x5e, 0x4c, 0x5e, 0x4c, 0x5e, 0x4c, 0x5e, 0x4c, 0x5e, 0x4c, 0x5e, 0x4c, 0x5e, 0x4c, 0x5e, 0x4c, 0x5e, 0x4c, 0x5e, 0x4c, 0x5e, 0x4c, 0x5e, 0x4c,
0x5e, 0x4c, 0x5e, 0x4c, 0x5e, 0x4c, 0x5e, 0x4c, 0x5e, 0x4c, 0x5e, 0x4c, 0x7f, 0xbe, 0x3f, 0xdf, 0x3f, 0xdf, 0xbf, 0xce, 0x59, 0x2a, 0x38, 0x2a,
0xf7, 0x29, 0x0c, 0x11, 0x22, 0x00, 0x22, 0x00, 0x22, 0x00, 0x22, 0x00, 0x22, 0x00, 0x22, 0x00, 0x22, 0x00, 0x22, 0x00, 0x22, 0x00, 0x22, 0x00,
0x22, 0x00, 0x22, 0x00, 0x22, 0x00, 0x22, 0x00, 0x22, 0x00, 0x22, 0x00, 0x22, 0x00, 0x22, 0x00, 0x21, 0x00, 0x21, 0x00, 0x21, 0x00, 0x21, 0x00,
0x21, 0x00, 0x21, 0x00, 0x21, 0x00, 0x21, 0x00, 0x21, 0x00, 0x21, 0x00, 0x21, 0x00, 0x21, 0x00, 0x21, 0x00, 0x21, 0x00, 0x21, 0x00, 0x21, 0x00,
0x21, 0x00, 0x21, 0x00, 0x21, 0x00, 0x21, 0x00, 0x21, 0x00, 0x21, 0x00, 0x21, 0x00, 0x21, 0x00, 0x21, 0x00, 0x21, 0x00, 0x21, 0x00, 0x21, 0x00,
0x21, 0x00, 0x21, 0x00, 0x21, 0x00, 0x21, 0x00, 0x21, 0x00, 0x21, 0x00, 0x21, 0x00, 0x21, 0x00, 0x21, 0x00, 0x21, 0x00, 0x21, 0x00, 0x21, 0x00,
0x21, 0x00, 0x21, 0x00, 0x21, 0x00, 0x21, 0x00, 0x21, 0x00, 0x21, 0x00, 0x21, 0x00, 0x21, 0x00, 0x21, 0x00, 0x21, 0x00, 0x21, 0x00, 0x21, 0x00,
0x21, 0x00, 0x21, 0x00, 0x21, 0x00, 0x21, 0x00, 0x22, 0x00, 0x22, 0x00, 0x22, 0x00, 0x22, 0x00, 0x22, 0x00, 0x22, 0x00, 0x22, 0x00, 0x22, 0x00,
0x22, 0x00, 0x22, 0x00, 0x22, 0x00, 0x22, 0x00, 0x22, 0x00, 0x22, 0x00, 0x22, 0x00, 0x22, 0x00, 0x22, 0x00, 0x22, 0x00, 0xb4, 0x21, 0x17, 0x2a,
0x38, 0x2a, 0xfa, 0x42, 0x3f, 0xdf, 0x3f, 0xdf, 0x3f, 0xdf, 0xff, 0x9d, 0x5e, 0x4c, 0x5e, 0x4c, 0x5e, 0x4c, 0x5e, 0x4c, 0x5e, 0x4c, 0x5e, 0x4c,
0x5e, 0x4c, 0x5e, 0x4c, 0x5e, 0x4c, 0x5e, 0x4c, 0x5e, 0x4c, 0x5e, 0x4c, 0x5e, 0x4c, 0x5e, 0x4c, 0x5e, 0x4c, 0x5e, 0x4c, 0x5e, 0x4c, 0xfe, 0x64,
0x3f, 0xc7, 0x7f, 0xcf, 0x7f, 0xcf, 0x7f, 0xcf, 0x7f, 0xcf, 0x7f, 0xcf, 0x7f, 0xcf, 0x7f, 0xcf, 0x7f, 0xcf, 0x7f, 0xcf, 0x7f, 0xcf, 0x7f, 0xcf,
0x7f, 0xcf, 0x7f, 0xcf, 0x7f, 0xcf, 0x7f, 0xcf, 0x7f, 0xcf, 0x7f, 0xcf, 0x7f, 0xcf, 0x7f, 0xcf, 0x7f, 0xcf, 0x7f, 0xcf, 0x7f, 0xcf, 0x7f, 0xcf,
0x7f, 0xcf, 0x7f, 0xcf, 0x7f, 0xcf, 0x7f, 0xcf, 0x7f, 0xcf, 0x7f, 0xcf, 0x7f, 0xcf, 0x7f, 0xcf, 0x7f, 0xcf, 0x7f, 0xcf, 0x7f, 0xcf, 0x7f, 0xcf,
0x7f, 0xcf, 0x7f, 0xcf, 0x7f, 0xcf, 0x7f, 0xcf, 0x7f, 0xcf, 0x7f, 0xcf, 0x7f, 0xcf, 0x7f, 0xcf, 0x7f, 0xcf, 0x3f, 0xc7, 0x7f, 0xa6, 0x9e, 0x7d,
0x7e, 0x4c, 0x7e, 0x4c, 0x7e, 0x4c, 0x7e, 0x4c, 0x5e, 0x4c, 0x5e, 0x4c, 0x5e, 0x4c, 0x5e, 0x4c, 0x5e, 0x4c, 0x5e, 0x4c, 0x5e, 0x4c, 0x5e, 0x4c,
0x5e, 0x4c, 0x5e, 0x4c, 0x5e, 0x4c, 0x5e, 0x4c, 0x5e, 0x4c, 0x5e, 0x4c, 0x5e, 0x4c, 0x5e, 0x4c, 0x5e, 0x4c, 0x5e, 0x4c, 0x5e, 0x4c, 0x5e, 0x4c,
0x5e, 0x4c, 0x5e, 0x4c, 0x3e, 0x75, 0x3f, 0xdf, 0x3f, 0xdf, 0x3f, 0xdf, 0x3b, 0x74, 0x38, 0x2a, 0x17, 0x2a, 0xf7, 0x29, 0x65, 0x08, 0x22, 0x00,
0x22, 0x00, 0x22, 0x00, 0x22, 0x00, 0x22, 0x00, 0x22, 0x00, 0x22, 0x00, 0x22, 0x00, 0x22, 0x00, 0x22, 0x00, 0x22, 0x00, 0x22, 0x00, 0x22, 0x00,
0x22, 0x00, 0x22, 0x00, 0x22, 0x00, 0x22, 0x00, 0x22, 0x00, 0x21, 0x00, 0x21, 0x00, 0x21, 0x00, 0x21, 0x00, 0x21, 0x00, 0x21, 0x00, 0x21, 0x00,
0x21, 0x00, 0x21, 0x00, 0x21, 0x00, 0x21, 0x00, 0x21, 0x00, 0x21, 0x00, 0x21, 0x00, 0x21, 0x00, 0x21, 0x00, 0x21, 0x00, 0x21, 0x00, 0x21, 0x00,
0x21, 0x00, 0x21, 0x00, 0x21, 0x00, 0x21, 0x00, 0x21, 0x00, 0x21, 0x00, 0x21, 0x00, 0x21, 0x00, 0x21, 0x00, 0x21, 0x00, 0x21, 0x00, 0x21, 0x00,
0x21, 0x00, 0x21, 0x00, 0x21, 0x00, 0x21, 0x00, 0x21, 0x00, 0x21, 0x00, 0x21, 0x00, 0x21, 0x00, 0x21, 0x00, 0x21, 0x00, 0x21, 0x00, 0x21, 0x00,
0x21, 0x00, 0x21, 0x00, 0x21, 0x00, 0x21, 0x00, 0x21, 0x00, 0x21, 0x00, 0x21, 0x00, 0x21, 0x00, 0x21, 0x00, 0x21, 0x00, 0x21, 0x00, 0x22, 0x00,
0x22, 0x00, 0x22, 0x00, 0x22, 0x00, 0x22, 0x00, 0x22, 0x00, 0x22, 0x00, 0x22, 0x00, 0x22, 0x00, 0x22, 0x00, 0x22, 0x00, 0x22, 0x00, 0x22, 0x00,
0x22, 0x00, 0x22, 0x00, 0x22, 0x00, 0x22, 0x00, 0x22, 0x00, 0xca, 0x10, 0xf7, 0x29, 0x18, 0x2a, 0x58, 0x2a, 0x7d, 0x9d, 0x3f, 0xdf, 0x3f, 0xdf,
0x3f, 0xdf, 0xbe, 0x5c, 0x5e, 0x4c, 0x5e, 0x4c, 0x5e, 0x4c, 0x5e, 0x4c, 0x5e, 0x4c, 0x5e, 0x4c, 0x5e, 0x4c, 0x5e, 0x4c, 0x5e, 0x4c, 0x5e, 0x4c,
0x5e, 0x4c, 0x5e, 0x4c, 0x5e, 0x4c, 0x5e, 0x4c, 0x5e, 0x4c, 0x5e, 0x4c, 0x9e, 0x54, 0x3f, 0xc7, 0x7f, 0xcf, 0x7f, 0xcf, 0x7f, 0xcf, 0x7f, 0xcf,
0x7f, 0xcf, 0x7f, 0xcf, 0x7f, 0xcf, 0x7f, 0xcf, 0x7f, 0xcf, 0x7f, 0xcf, 0x7f, 0xcf, 0x7f, 0xcf, 0x7f, 0xcf, 0x7f, 0xcf, 0x7f, 0xcf, 0x7f, 0xcf,
0x7f, 0xcf, 0x7f, 0xcf, 0x7f, 0xcf, 0x7f, 0xcf, 0x7f, 0xcf, 0x7f, 0xcf, 0x7f, 0xcf, 0x7f, 0xcf, 0x7f, 0xcf, 0x7f, 0xcf, 0x7f, 0xcf, 0x7f, 0xcf,
0x7f, 0xcf, 0x7f, 0xcf, 0x7f, 0xcf, 0x7f, 0xcf, 0x7f, 0xcf, 0x7f, 0xcf, 0x7f, 0xcf, 0x7f, 0xcf, 0x7f, 0xcf, 0x7f, 0xcf, 0x7f, 0xcf, 0x7f, 0xcf,
0x7f, 0xcf, 0x7f, 0xcf, 0x7f, 0xcf, 0x7f, 0xcf, 0x7f, 0xcf, 0x7f, 0xcf, 0x7f, 0xcf, 0x7f, 0xcf, 0x1f, 0xbf, 0x9e, 0x7d, 0x7e, 0x4c, 0x7e, 0x4c,
0x7e, 0x4c, 0x7e, 0x4c, 0x7e, 0x4c, 0x7e, 0x4c, 0x5e, 0x4c, 0x5e, 0x4c, 0x5e, 0x4c, 0x5e, 0x4c, 0x5e, 0x4c, 0x5e, 0x4c, 0x5e, 0x4c, 0x5e, 0x4c,
0x5e, 0x4c, 0x5e, 0x4c, 0x5e, 0x4c, 0x5e, 0x4c, 0x5e, 0x4c, 0x5e, 0x4c, 0x5e, 0x4c, 0x5e, 0x4c, 0x5e, 0x4c, 0x5e, 0x4c, 0x5e, 0x4c, 0xdf, 0xce,
0x3f, 0xdf, 0x3f, 0xdf, 0xbf, 0xce, 0x59, 0x2a, 0x38, 0x2a, 0xf7, 0x29, 0x2f, 0x19, 0x22, 0x00, 0x22, 0x00, 0x22, 0x00, 0x22, 0x00, 0x22, 0x00,
0x22, 0x00, 0x22, 0x00, 0x22, 0x00, 0x22, 0x00, 0x22, 0x00, 0x22, 0x00, 0x22, 0x00, 0x22, 0x00, 0x22, 0x00, 0x22, 0x00, 0x22, 0x00, 0x22, 0x00,
0x22, 0x00, 0x21, 0x00, 0x21, 0x00, 0x21, 0x00, 0x21, 0x00, 0x21, 0x00, 0x21, 0x00, 0x21, 0x00, 0x21, 0x00, 0x21, 0x00, 0x21, 0x00, 0x21, 0x00,
0x21, 0x00, 0x21, 0x00, 0x21, 0x00, 0x21, 0x00, 0x21, 0x00, 0x21, 0x00, 0x21, 0x00, 0x21, 0x00, 0x21, 0x00, 0x21, 0x00, 0x21, 0x00, 0x21, 0x00,
0x21, 0x00, 0x21, 0x00, 0x21, 0x00, 0x21, 0x00, 0x21, 0x00, 0x21, 0x00, 0x21, 0x00, 0x21, 0x00, 0x21, 0x00, 0x21, 0x00, 0x21, 0x00, 0x21, 0x00,
0x21, 0x00, 0x21, 0x00, 0x21, 0x00, 0x21, 0x00, 0x21, 0x00, 0x21, 0x00, 0x21, 0x00, 0x21, 0x00, 0x21, 0x00, 0x21, 0x00, 0x21, 0x00, 0x21, 0x00,
0x21, 0x00, 0x21, 0x00, 0x21, 0x00, 0x21, 0x00, 0x21, 0x00, 0x21, 0x00, 0x21, 0x00, 0x22, 0x00, 0x22, 0x00, 0x22, 0x00, 0x22, 0x00, 0x22, 0x00,
0x22, 0x00, 0x22, 0x00, 0x22, 0x00, 0x22, 0x00, 0x22, 0x00, 0x22, 0x00, 0x22, 0x00, 0x22, 0x00, 0x22, 0x00, 0x22, 0x00, 0x22, 0x00, 0x22, 0x00,
0x43, 0x00, 0xb4, 0x21, 0x17, 0x2a, 0x38, 0x2a, 0xfa, 0x42, 0x3f, 0xdf, 0x3f, 0xdf, 0x3f, 0xdf, 0x3f, 0xa6, 0x5e, 0x4c, 0x5e, 0x4c, 0x5e, 0x4c,
0x5e, 0x4c, 0x5e, 0x4c, 0x5e, 0x4c, 0x5e, 0x4c, 0x5e, 0x4c, 0x5e, 0x4c, 0x5e, 0x4c, 0x5e, 0x4c, 0x5e, 0x4c, 0x5e, 0x4c, 0x5e, 0x4c, 0x5e, 0x4c,
0x5e, 0x4c, 0x7e, 0x4c, 0x3e, 0x6d, 0x7f, 0xcf, 0x7f, 0xcf, 0x7f, 0xcf, 0x7f, 0xcf, 0x7f, 0xcf, 0x7f, 0xcf, 0x7f, 0xcf, 0x7f, 0xcf, 0x7f, 0xcf,
0x7f, 0xcf, 0x7f, 0xcf, 0x7f, 0xcf, 0x7f, 0xcf, 0x7f, 0xcf, 0x7f, 0xcf, 0x7f, 0xcf, 0x7f, 0xcf, 0x7f, 0xcf, 0x7f, 0xcf, 0x7f, 0xcf, 0x7f, 0xcf,
0x7f, 0xcf, 0x7f, 0xcf, 0x7f, 0xcf, 0x7f, 0xcf, 0x7f, 0xcf, 0x7f, 0xcf, 0x7f, 0xcf, 0x7f, 0xcf, 0x7f, 0xcf, 0x7f, 0xcf, 0x7f, 0xcf, 0x7f, 0xcf,
0x7f, 0xcf, 0x7f, 0xcf, 0x7f, 0xcf, 0x7f, 0xcf, 0x7f, 0xcf, 0x7f, 0xcf, 0x7f, 0xcf, 0x7f, 0xcf, 0x7f, 0xcf, 0x7f, 0xcf, 0x7f, 0xcf, 0x7f, 0xcf,
0x7f, 0xcf, 0x7f, 0xcf, 0x7f, 0xcf, 0x7f, 0xcf, 0x7f, 0xcf, 0x7f, 0xcf, 0xbf, 0xae, 0x9e, 0x54, 0x7e, 0x4c, 0x7e, 0x4c, 0x7e, 0x4c, 0x7e, 0x4c,
0x7e, 0x4c, 0x7e, 0x4c, 0x7e, 0x4c, 0x7e, 0x4c, 0x5e, 0x4c, 0x5e, 0x4c, 0x5e, 0x4c, 0x5e, 0x4c, 0x5e, 0x4c, 0x5e, 0x4c, 0x5e, 0x4c, 0x5e, 0x4c,
0x5e, 0x4c, 0x5e, 0x4c, 0x5e, 0x4c, 0x5e, 0x4c, 0x5e, 0x4c, 0x5e, 0x4c, 0x5e, 0x4c, 0x7f, 0x85, 0x3f, 0xdf, 0x3f, 0xdf, 0x3f, 0xdf, 0x3b, 0x74,
0x58, 0x2a, 0x18, 0x2a, 0xf7, 0x29, 0x86, 0x08, 0x22, 0x00, 0x22, 0x00, 0x22, 0x00, 0x22, 0x00, 0x22, 0x00, 0x22, 0x00, 0x22, 0x00, 0x22, 0x00,
0x22, 0x00, 0x22, 0x00, 0x22, 0x00, 0x22, 0x00, 0x22, 0x00, 0x22, 0x00, 0x22, 0x00, 0x22, 0x00, 0x22, 0x00, 0x21, 0x00, 0x21, 0x00, 0x21, 0x00,
0x21, 0x00, 0x21, 0x00, 0x21, 0x00, 0x21, 0x00, 0x21, 0x00, 0x21, 0x00, 0x21, 0x00, 0x21, 0x00, 0x21, 0x00, 0x21, 0x00, 0x21, 0x00, 0x21, 0x00,
0x21, 0x00, 0x21, 0x00, 0x21, 0x00, 0x21, 0x00, 0x21, 0x00, 0x21, 0x00, 0x21, 0x00, 0x21, 0x00, 0x21, 0x00, 0x21, 0x00, 0x21, 0x00, 0x21, 0x00,
0x21, 0x00, 0x21, 0x00, 0x21, 0x00, 0x21, 0x00, 0x21, 0x00, 0x21, 0x00, 0x21, 0x00, 0x21, 0x00, 0x21, 0x00, 0x21, 0x00, 0x21, 0x00, 0x21, 0x00,
0x21, 0x00, 0x21, 0x00, 0x21, 0x00, 0x21, 0x00, 0x21, 0x00, 0x21, 0x00, 0x21, 0x00, 0x21, 0x00, 0x21, 0x00, 0x21, 0x00, 0x21, 0x00, 0x21, 0x00,
0x21, 0x00, 0x21, 0x00, 0x22, 0x00, 0x22, 0x00, 0x22, 0x00, 0x22, 0x00, 0x22, 0x00, 0x22, 0x00, 0x22, 0x00, 0x22, 0x00, 0x22, 0x00, 0x22, 0x00,
0x22, 0x00, 0x22, 0x00, 0x22, 0x00, 0x22, 0x00, 0x22, 0x00, 0x22, 0x00, 0x22, 0x00, 0x22, 0x00, 0x0c, 0x11, 0xf7, 0x29, 0x38, 0x2a, 0x58, 0x2a,
0x1e, 0xb6, 0x3f, 0xdf, 0x3f, 0xdf, 0x3f, 0xdf, 0xbe, 0x5c, 0x5e, 0x4c, 0x5e, 0x4c, 0x5e, 0x4c, 0x5e, 0x4c, 0x5e, 0x4c, 0x5e, 0x4c, 0x5e, 0x4c,
0x5e, 0x4c, 0x5e, 0x4c, 0x5e, 0x4c, 0x5e, 0x4c, 0x5e, 0x4c, 0x7e, 0x4c, 0x7e, 0x4c, 0x7e, 0x4c, 0x7e, 0x4c, 0x7e, 0x4c, 0x5e, 0x75, 0x7f, 0xcf,
0x7f, 0xcf, 0x7f, 0xcf, 0x7f, 0xcf, 0x7f, 0xcf, 0x7f, 0xcf, 0x7f, 0xcf, 0x7f, 0xcf, 0x7f, 0xcf, 0x7f, 0xcf, 0x7f, 0xcf, 0x7f, 0xcf, 0x7f, 0xcf,
0x7f, 0xcf, 0x7f, 0xcf, 0x7f, 0xcf, 0x7f, 0xcf, 0x7f, 0xcf, 0x7f, 0xcf, 0x7f, 0xcf, 0x7f, 0xcf, 0x7f, 0xcf, 0x7f, 0xcf, 0x7f, 0xcf, 0x7f, 0xcf,
0x7f, 0xcf, 0x7f, 0xcf, 0x7f, 0xcf, 0x7f, 0xcf, 0x7f, 0xcf, 0x7f, 0xcf, 0x7f, 0xcf, 0x7f, 0xcf, 0x7f, 0xcf, 0x7f, 0xcf, 0x7f, 0xcf, 0x7f, 0xcf,
0x7f, 0xcf, 0x7f, 0xcf, 0x7f, 0xcf, 0x7f, 0xcf, 0x7f, 0xcf, 0x7f, 0xcf, 0x7f, 0xcf, 0x7f, 0xcf, 0x7f, 0xcf, 0x7f, 0xcf, 0x7f, 0xcf, 0x7f, 0xcf,
0x7f, 0xcf, 0x7f, 0xcf, 0x7f, 0xcf, 0xdf, 0xb6, 0xbe, 0x54, 0x7e, 0x4c, 0x7e, 0x4c, 0x7e, 0x4c, 0x7e, 0x4c, 0x7e, 0x4c, 0x7e, 0x4c, 0x7e, 0x4c,
0x7e, 0x4c, 0x7e, 0x4c, 0x7e, 0x4c, 0x5e, 0x4c, 0x5e, 0x4c, 0x5e, 0x4c, 0x5e, 0x4c, 0x5e, 0x4c, 0x5e, 0x4c, 0x5e, 0x4c, 0x5e, 0x4c, 0x5e, 0x4c,
0x5e, 0x4c, 0x5e, 0x4c, 0x5e, 0x4c, 0x5e, 0x4c, 0xdf, 0xce, 0x3f, 0xdf, 0x3f, 0xdf, 0xff, 0xd6, 0xb9, 0x3a, 0x38, 0x2a, 0x17, 0x2a, 0x72, 0x21,
0x22, 0x00, 0x22, 0x00, 0x22, 0x00, 0x22, 0x00, 0x22, 0x00, 0x22, 0x00, 0x22, 0x00, 0x22, 0x00, 0x22, 0x00, 0x22, 0x00, 0x22, 0x00, 0x22, 0x00,
0x22, 0x00, 0x22, 0x00, 0x22, 0x00, 0x22, 0x00, 0x22, 0x00, 0x22, 0x00, 0x21, 0x00, 0x21, 0x00, 0x21, 0x00, 0x21, 0x00, 0x21, 0x00, 0x21, 0x00,
0x21, 0x00, 0x21, 0x00, 0x21, 0x00, 0x21, 0x00, 0x21, 0x00, 0x21, 0x00, 0x21, 0x00, 0x21, 0x00, 0x21, 0x00, 0x21, 0x00, 0x21, 0x00, 0x21, 0x00,
0x21, 0x00, 0x21, 0x00, 0x21, 0x00, 0x21, 0x00, 0x21, 0x00, 0x21, 0x00, 0x21, 0x00, 0x21, 0x00, 0x21, 0x00, 0x21, 0x00, 0x21, 0x00, 0x21, 0x00,
0x21, 0x00, 0x21, 0x00, 0x21, 0x00, 0x21, 0x00, 0x21, 0x00, 0x21, 0x00, 0x21, 0x00, 0x21, 0x00, 0x21, 0x00, 0x21, 0x00, 0x21, 0x00, 0x21, 0x00,
0x21, 0x00, 0x21, 0x00, 0x21, 0x00, 0x21, 0x00, 0x21, 0x00, 0x21, 0x00, 0x21, 0x00, 0x21, 0x00, 0x21, 0x00, 0x21, 0x00, 0x22, 0x00, 0x22, 0x00,
0x22, 0x00, 0x22, 0x00, 0x22, 0x00, 0x22, 0x00, 0x22, 0x00, 0x22, 0x00, 0x22, 0x00, 0x22, 0x00, 0x22, 0x00, 0x22, 0x00, 0x22, 0x00, 0x22, 0x00,
0x22, 0x00, 0x22, 0x00, 0x22, 0x00, 0x86, 0x08, 0xf7, 0x29, 0x17, 0x2a, 0x38, 0x2a, 0x9a, 0x5b, 0x3f, 0xdf, 0x3f, 0xdf, 0x3f, 0xdf, 0x3f, 0xa6,
0x5e, 0x4c, 0x5e, 0x4c, 0x5e, 0x4c, 0x5e, 0x4c, 0x5e, 0x4c, 0x5e, 0x4c, 0x5e, 0x4c, 0x5e, 0x4c, 0x7e, 0x4c, 0x7e, 0x4c, 0x7e, 0x4c, 0x7e, 0x4c,
0x7e, 0x4c, 0x7e, 0x4c, 0x7e, 0x4c, 0x7e, 0x4c, 0x7e, 0x4c, 0x7e, 0x4c, 0xde, 0x5c, 0x7f, 0xcf, 0x7f, 0xcf, 0x7f, 0xcf, 0x7f, 0xcf, 0x7f, 0xcf,
0x7f, 0xcf, 0x7f, 0xcf, 0x7f, 0xcf, 0x7f, 0xcf, 0x7f, 0xcf, 0x7f, 0xcf, 0x7f, 0xcf, 0x7f, 0xcf, 0x7f, 0xcf, 0x7f, 0xcf, 0x7f, 0xcf, 0x7f, 0xcf,
0x7f, 0xcf, 0x7f, 0xcf, 0x7f, 0xcf, 0x7f, 0xcf, 0x7f, 0xcf, 0x7f, 0xcf, 0x7f, 0xcf, 0x7f, 0xcf, 0x7f, 0xcf, 0x7f, 0xcf, 0x7f, 0xcf, 0x7f, 0xcf,
0x7f, 0xcf, 0x7f, 0xcf, 0x7f, 0xcf, 0x7f, 0xcf, 0x7f, 0xcf, 0x7f, 0xcf, 0x7f, 0xcf, 0x7f, 0xcf, 0x7f, 0xcf, 0x7f, 0xcf, 0x7f, 0xcf, 0x7f, 0xcf,
0x7f, 0xcf, 0x7f, 0xcf, 0x7f, 0xcf, 0x7f, 0xcf, 0x7f, 0xcf, 0x7f, 0xcf, 0x7f, 0xcf, 0x7f, 0xcf, 0x7f, 0xcf, 0x7f, 0xcf, 0x7f, 0xcf, 0x7f, 0xcf,
0x9f, 0xa6, 0x7e, 0x4c, 0x7e, 0x4c, 0x7e, 0x4c, 0x7e, 0x4c, 0x7e, 0x4c, 0x7e, 0x4c, 0x7e, 0x4c, 0x7e, 0x4c, 0x7e, 0x4c, 0x7e, 0x4c, 0x7e, 0x4c,
0x7e, 0x4c, 0x7e, 0x4c, 0x7e, 0x4c, 0x7e, 0x4c, 0x5e, 0x4c, 0x5e, 0x4c, 0x5e, 0x4c, 0x5e, 0x4c, 0x5e, 0x4c, 0x5e, 0x4c, 0x5e, 0x4c, 0x5e, 0x4c,
0x7f, 0x85, 0x3f, 0xdf, 0x3f, 0xdf, 0x3f, 0xdf, 0xdc, 0x84, 0x58, 0x2a, 0x18, 0x2a, 0xf7, 0x29, 0xeb, 0x10, 0x22, 0x00, 0x22, 0x00, 0x22, 0x00,
0x22, 0x00, 0x22, 0x00, 0x22, 0x00, 0x22, 0x00, 0x22, 0x00, 0x22, 0x00, 0x22, 0x00, 0x22, 0x00, 0x22, 0x00, 0x22, 0x00, 0x22, 0x00, 0x22, 0x00,
0x22, 0x00, 0x22, 0x00, 0x21, 0x00, 0x21, 0x00, 0x21, 0x00, 0x21, 0x00, 0x21, 0x00, 0x21, 0x00, 0x21, 0x00, 0x21, 0x00, 0x21, 0x00, 0x21, 0x00,
0x21, 0x00, 0x21, 0x00, 0x21, 0x00, 0x21, 0x00, 0x21, 0x00, 0x21, 0x00, 0x21, 0x00, 0x21, 0x00, 0x21, 0x00, 0x21, 0x00, 0x21, 0x00, 0x21, 0x00,
0x21, 0x00, 0x21, 0x00, 0x21, 0x00, 0x21, 0x00, 0x21, 0x00, 0x21, 0x00, 0x21, 0x00, 0x21, 0x00, 0x21, 0x00, 0x21, 0x00, 0x21, 0x00, 0x21, 0x00,
0x21, 0x00, 0x21, 0x00, 0x21, 0x00, 0x21, 0x00, 0x21, 0x00, 0x21, 0x00, 0x21, 0x00, 0x21, 0x00, 0x21, 0x00, 0x21, 0x00, 0x21, 0x00, 0x21, 0x00,
0x21, 0x00, 0x21, 0x00, 0x21, 0x00, 0x21, 0x00, 0x21, 0x00, 0x21, 0x00, 0x22, 0x00, 0x22, 0x00, 0x22, 0x00, 0x22, 0x00, 0x22, 0x00, 0x22, 0x00,
0x22, 0x00, 0x22, 0x00, 0x22, 0x00, 0x22, 0x00, 0x22, 0x00, 0x22, 0x00, 0x22, 0x00, 0x22, 0x00, 0x22, 0x00, 0x22, 0x00, 0x22, 0x00, 0x72, 0x21,
0x17, 0x2a, 0x38, 0x2a, 0xb9, 0x3a, 0xbf, 0xce, 0x3f, 0xdf, 0x3f, 0xdf, 0x1f, 0xd7, 0xbe, 0x5c, 0x7e, 0x4c, 0x7e, 0x4c, 0x7e, 0x4c, 0x7e, 0x4c,
0x7e, 0x4c, 0x7e, 0x4c, 0x7e, 0x4c, 0x7e, 0x4c, 0x7e, 0x4c, 0x7e, 0x4c, 0x7e, 0x4c, 0x7e, 0x4c, 0x7e, 0x4c, 0x7e, 0x4c, 0x7e, 0x4c, 0x7e, 0x4c,
0x7e, 0x4c, 0x7e, 0x4c, 0x7e, 0x4c, 0x9e, 0x7d, 0x7f, 0xcf, 0x7f, 0xcf, 0x7f, 0xcf, 0x7f, 0xcf, 0x7f, 0xcf, 0x7f, 0xcf, 0x7f, 0xcf, 0x7f, 0xcf,
0x7f, 0xcf, 0x7f, 0xcf, 0x7f, 0xcf, 0x7f, 0xcf, 0x7f, 0xcf, 0x7f, 0xcf, 0x7f, 0xcf, 0x7f, 0xcf, 0x7f, 0xcf, 0x7f, 0xcf, 0x7f, 0xcf, 0x7f, 0xcf,
0x7f, 0xcf, 0x7f, 0xcf, 0x7f, 0xcf, 0x7f, 0xcf, 0x7f, 0xcf, 0x7f, 0xcf, 0x7f, 0xcf, 0x7f, 0xcf, 0x7f, 0xcf, 0x7f, 0xcf, 0x7f, 0xcf, 0x7f, 0xcf,
0x7f, 0xcf, 0x7f, 0xcf, 0x7f, 0xcf, 0x7f, 0xcf, 0x7f, 0xcf, 0x7f, 0xcf, 0x7f, 0xcf, 0x7f, 0xcf, 0x7f, 0xcf, 0x7f, 0xcf, 0x7f, 0xcf, 0x7f, 0xcf,
0x7f, 0xcf, 0x7f, 0xcf, 0x7f, 0xcf, 0x7f, 0xcf, 0x7f, 0xcf, 0x7f, 0xcf, 0x7f, 0xcf, 0x7f, 0xcf, 0x7f, 0xcf, 0x3e, 0x6d, 0x7e, 0x4c, 0x7e, 0x4c,
0x7e, 0x4c, 0x7e, 0x4c, 0x7e, 0x4c, 0x7e, 0x4c, 0x7e, 0x4c, 0x7e, 0x4c, 0x7e, 0x4c, 0x7e, 0x4c, 0x7e, 0x4c, 0x7e, 0x4c, 0x7e, 0x4c, 0x7e, 0x4c,
0x7e, 0x4c, 0x7e, 0x4c, 0x7e, 0x4c, 0x7e, 0x4c, 0x7e, 0x4c, 0x7e, 0x4c, 0x7e, 0x4c, 0x7e, 0x4c, 0x7e, 0x4c, 0xbf, 0xc6, 0x3f, 0xdf, 0x3f, 0xdf,
0x3f, 0xdf, 0x5a, 0x53, 0x38, 0x2a, 0x17, 0x2a, 0xd5, 0x21, 0x43, 0x00, 0x22, 0x00, 0x22, 0x00, 0x22, 0x00, 0x22, 0x00, 0x22, 0x00, 0x22, 0x00,
0x22, 0x00, 0x22, 0x00, 0x22, 0x00, 0x22, 0x00, 0x22, 0x00, 0x22, 0x00, 0x22, 0x00, 0x22, 0x00, 0x22, 0x00, 0x22, 0x00, 0x22, 0x00, 0x21, 0x00,
0x21, 0x00, 0x21, 0x00, 0x21, 0x00, 0x21, 0x00, 0x21, 0x00, 0x21, 0x00, 0x21, 0x00, 0x21, 0x00, 0x21, 0x00, 0x21, 0x00, 0x21, 0x00, 0x21, 0x00,
0x21, 0x00, 0x21, 0x00, 0x21, 0x00, 0x21, 0x00, 0x21, 0x00, 0x21, 0x00, 0x21, 0x00, 0x21, 0x00, 0x21, 0x00, 0x21, 0x00, 0x21, 0x00, 0x21, 0x00,
0x21, 0x00, 0x21, 0x00, 0x21, 0x00, 0x21, 0x00, 0x21, 0x00, 0x21, 0x00, 0x21, 0x00, 0x21, 0x00, 0x21, 0x00, 0x21, 0x00, 0x21, 0x00, 0x21, 0x00,
0x21, 0x00, 0x21, 0x00, 0x21, 0x00, 0x21, 0x00, 0x21, 0x00, 0x21, 0x00, 0x21, 0x00, 0x21, 0x00, 0x21, 0x00, 0x21, 0x00, 0x21, 0x00, 0x21, 0x00,
0x21, 0x00, 0x22, 0x00, 0x22, 0x00, 0x22, 0x00, 0x22, 0x00, 0x22, 0x00, 0x22, 0x00, 0x22, 0x00, 0x22, 0x00, 0x22, 0x00, 0x22, 0x00, 0x22, 0x00,
0x22, 0x00, 0x22, 0x00, 0x22, 0x00, 0x22, 0x00, 0x22, 0x00, 0x22, 0x00, 0xeb, 0x10, 0xf7, 0x29, 0x18, 0x2a, 0x58, 0x2a, 0xdc, 0x84, 0x3f, 0xdf,
0x3f, 0xdf, 0x3f, 0xdf, 0xdf, 0x95, 0x7e, 0x4c, 0x7e, 0x4c, 0x7e, 0x4c, 0x7e, 0x4c, 0x7e, 0x4c, 0x7e, 0x4c, 0x7e, 0x4c, 0x7e, 0x4c, 0x7e, 0x4c,
0x7e, 0x4c, 0x7e, 0x4c, 0x7e, 0x4c, 0x7e, 0x4c, 0x7e, 0x4c, 0x7e, 0x4c, 0x7e, 0x4c, 0x7e, 0x4c, 0x7e, 0x4c, 0x7e, 0x4c, 0x7e, 0x4c, 0x7e, 0x4c,
0x3e, 0x6d, 0xfe, 0x8d, 0x3f, 0x96, 0xfe, 0x8d, 0xfe, 0x95, 0xfe, 0x95, 0xfe, 0x95, 0xfe, 0x95, 0xfe, 0x95, 0xfe, 0x95, 0x3f, 0x9e, 0x1e, 0x96,
0x1e, 0x96, 0x1e, 0x96, 0x1e, 0x96, 0x1e, 0x96, 0x5f, 0xa6, 0x1e, 0x96, 0x1e, 0x96, 0x1e, 0x96, 0x1e, 0x96, 0x1e, 0x96, 0x9f, 0xae, 0x1e, 0x96,
0x1e, 0x96, 0x1e, 0x96, 0x1e, 0x96, 0x3f, 0x9e, 0x1e, 0x96, 0x1e, 0x96, 0x1e, 0x96, 0x3f, 0x9e, 0x1e, 0x96, 0x1e, 0x96, 0x1e, 0x96, 0x1e, 0x96,
0x1e, 0x96, 0x1e, 0x96, 0x1e, 0x96, 0x3f, 0x9e, 0x1e, 0x96, 0xbf, 0xb6, 0xbf, 0xb6, 0xff, 0xbe, 0x7f, 0xcf, 0x7f, 0xcf, 0x7f, 0xcf, 0x7f, 0xcf,
0x7f, 0xcf, 0x7f, 0xcf, 0x7f, 0xcf, 0x7f, 0xcf, 0x7f, 0xcf, 0x9f, 0xa6, 0x9e, 0x4c, 0x7e, 0x4c, 0x7e, 0x4c, 0x7e, 0x4c, 0x7e, 0x4c, 0x7e, 0x4c,
0x7e, 0x4c, 0x7e, 0x4c, 0x7e, 0x4c, 0x7e, 0x4c, 0x7e, 0x4c, 0x7e, 0x4c, 0x7e, 0x4c, 0x7e, 0x4c, 0x7e, 0x4c, 0x7e, 0x4c, 0x7e, 0x4c, 0x7e, 0x4c,
0x7e, 0x4c, 0x7e, 0x4c, 0x7e, 0x4c, 0x7e, 0x4c, 0x7e, 0x4c, 0x1e, 0x6d, 0x3f, 0xdf, 0x3f, 0xdf, 0x3f, 0xdf, 0x1e, 0xb6, 0x58, 0x2a, 0x38, 0x2a,
0xf7, 0x29, 0x50, 0x19, 0x22, 0x00, 0x22, 0x00, 0x22, 0x00, 0x22, 0x00, 0x22, 0x00, 0x22, 0x00, 0x22, 0x00, 0x22, 0x00, 0x22, 0x00, 0x22, 0x00,
0x22, 0x00, 0x22, 0x00, 0x22, 0x00, 0x22, 0x00, 0x22, 0x00, 0x22, 0x00, 0x22, 0x00, 0x21, 0x00, 0x21, 0x00, 0x21, 0x00, 0x21, 0x00, 0x21, 0x00,
0x21, 0x00, 0x21, 0x00, 0x21, 0x00, 0x21, 0x00, 0x21, 0x00, 0x21, 0x00, 0x21, 0x00, 0x21, 0x00, 0x21, 0x00, 0x21, 0x00, 0x21, 0x00, 0x21, 0x00,
0x21, 0x00, 0x21, 0x00, 0x21, 0x00, 0x21, 0x00, 0x21, 0x00, 0x21, 0x00, 0x21, 0x00, 0x21, 0x00, 0x21, 0x00, 0x21, 0x00, 0x21, 0x00, 0x21, 0x00,
0x21, 0x00, 0x21, 0x00, 0x21, 0x00, 0x21, 0x00, 0x21, 0x00, 0x21, 0x00, 0x21, 0x00, 0x21, 0x00, 0x21, 0x00, 0x21, 0x00, 0x21, 0x00, 0x21, 0x00,
0x21, 0x00, 0x21, 0x00, 0x21, 0x00, 0x21, 0x00, 0x21, 0x00, 0x21, 0x00, 0x21, 0x00, 0x21, 0x00, 0x21, 0x00, 0x22, 0x00, 0x22, 0x00, 0x22, 0x00,
0x22, 0x00, 0x22, 0x00, 0x22, 0x00, 0x22, 0x00, 0x22, 0x00, 0x22, 0x00, 0x22, 0x00, 0x22, 0x00, 0x22, 0x00, 0x22, 0x00, 0x22, 0x00, 0x22, 0x00,
0x22, 0x00, 0x86, 0x08, 0xd6, 0x21, 0x17, 0x2a, 0x38, 0x2a, 0x5a, 0x53, 0x3f, 0xdf, 0x3f, 0xdf, 0x3f, 0xdf, 0xbf, 0xc6, 0x7e, 0x4c, 0x7e, 0x4c,
0x7e, 0x4c, 0x7e, 0x4c, 0x7e, 0x4c, 0x7e, 0x4c, 0x7e, 0x4c, 0x7e, 0x4c, 0x7e, 0x4c, 0x7e, 0x4c, 0x7e, 0x4c, 0x7e, 0x4c, 0x7e, 0x4c, 0x7e, 0x4c,
0x7e, 0x4c, 0x7e, 0x4c, 0x7e, 0x4c, 0x7e, 0x4c, 0x7e, 0x4c, 0x7e, 0x4c, 0x7e, 0x4c, 0x9e, 0x4c, 0x9e, 0x4c, 0x9e, 0x4c, 0x9e, 0x54, 0x9e, 0x54,
0x9e, 0x54, 0x9e, 0x54, 0x9e, 0x54, 0x9e, 0x54, 0x9e, 0x54, 0x9e, 0x54, 0x9e, 0x54, 0x9e, 0x54, 0x9e, 0x54, 0x9e, 0x54, 0x9e, 0x54, 0xbe, 0x54,
0xbe, 0x54, 0xbe, 0x54, 0xbe, 0x54, 0xbe, 0x54, 0xbe, 0x54, 0xbe, 0x54, 0xbe, 0x54, 0xbe, 0x54, 0xbe, 0x54, 0xbe, 0x54, 0xbe, 0x54, 0x9e, 0x54,
0x9e, 0x54, 0x9e, 0x54, 0xbe, 0x54, 0xbe, 0x54, 0xbe, 0x54, 0xbe, 0x54, 0xbe, 0x54, 0xbe, 0x54, 0xbe, 0x54, 0xbe, 0x54, 0xbe, 0x54, 0xbe, 0x54,
0xbe, 0x54, 0x9e, 0x54, 0x9e, 0x54, 0x9e, 0x54, 0xde, 0x5c, 0xbe, 0x85, 0x3f, 0xc7, 0x7f, 0xcf, 0x7f, 0xcf, 0x7f, 0xcf, 0x7f, 0xcf, 0x7f, 0xcf,
0x7f, 0xcf, 0x7f, 0xcf, 0x9e, 0x54, 0x9e, 0x4c, 0x9e, 0x4c, 0x7e, 0x4c, 0x7e, 0x4c, 0x7e, 0x4c, 0x7e, 0x4c, 0x7e, 0x4c, 0x7e, 0x4c, 0x7e, 0x4c,
0x7e, 0x4c, 0x7e, 0x4c, 0x7e, 0x4c, 0x7e, 0x4c, 0x7e, 0x4c, 0x7e, 0x4c, 0x7e, 0x4c, 0x7e, 0x4c, 0x7e, 0x4c, 0x7e, 0x4c, 0x7e, 0x4c, 0x7e, 0x4c,
0x7e, 0x4c, 0x7e, 0x4c, 0xff, 0x9d, 0x3f, 0xdf, 0x3f, 0xdf, 0x3f, 0xdf, 0x9c, 0x7c, 0x58, 0x2a, 0x18, 0x2a, 0xf7, 0x29, 0xca, 0x10, 0x22, 0x00,
0x22, 0x00, 0x22, 0x00, 0x22, 0x00, 0x22, 0x00, 0x22, 0x00, 0x22, 0x00, 0x22, 0x00, 0x22, 0x00, 0x22, 0x00, 0x22, 0x00, 0x22, 0x00, 0x22, 0x00,
0x22, 0x00, 0x22, 0x00, 0x22, 0x00, 0x21, 0x00, 0x21, 0x00, 0x21, 0x00, 0x21, 0x00, 0x21, 0x00, 0x21, 0x00, 0x21, 0x00, 0x21, 0x00, 0x21, 0x00,
0x21, 0x00, 0x21, 0x00, 0x21, 0x00, 0x21, 0x00, 0x21, 0x00, 0x21, 0x00, 0x21, 0x00, 0x21, 0x00, 0x21, 0x00, 0x21, 0x00, 0x21, 0x00, 0x21, 0x00,
0x21, 0x00, 0x21, 0x00, 0x21, 0x00, 0x21, 0x00, 0x21, 0x00, 0x21, 0x00, 0x21, 0x00, 0x21, 0x00, 0x21, 0x00, 0x21, 0x00, 0x21, 0x00, 0x21, 0x00,
0x21, 0x00, 0x21, 0x00, 0x21, 0x00, 0x21, 0x00, 0x21, 0x00, 0x21, 0x00, 0x21, 0x00, 0x21, 0x00, 0x21, 0x00, 0x21, 0x00, 0x21, 0x00, 0x21, 0x00,
0x21, 0x00, 0x21, 0x00, 0x21, 0x00, 0x21, 0x00, 0x21, 0x00, 0x22, 0x00, 0x22, 0x00, 0x22, 0x00, 0x22, 0x00, 0x22, 0x00, 0x22, 0x00, 0x22, 0x00,
0x22, 0x00, 0x22, 0x00, 0x22, 0x00, 0x22, 0x00, 0x22, 0x00, 0x22, 0x00, 0x22, 0x00, 0x22, 0x00, 0x22, 0x00, 0x93, 0x21, 0x17, 0x2a, 0x38, 0x2a,
0xb9, 0x3a, 0x5e, 0xbe, 0x3f, 0xdf, 0x3f, 0xdf, 0x3f, 0xdf, 0xfe, 0x64, 0x7e, 0x4c, 0x7e, 0x4c, 0x7e, 0x4c, 0x7e, 0x4c, 0x7e, 0x4c, 0x7e, 0x4c,
0x7e, 0x4c, 0x7e, 0x4c, 0x7e, 0x4c, 0x7e, 0x4c, 0x7e, 0x4c, 0x7e, 0x4c, 0x7e, 0x4c, 0x7e, 0x4c, 0x7e, 0x4c, 0x7e, 0x4c, 0x7e, 0x4c, 0x7e, 0x4c,
0x9e, 0x4c, 0x9e, 0x4c, 0x9e, 0x4c, 0x9e, 0x4c, 0x9e, 0x4c, 0x9e, 0x54, 0x9e, 0x54, 0x9e, 0x54, 0x9e, 0x54, 0x9e, 0x54, 0x9e, 0x54, 0x9e, 0x54,
0x9e, 0x54, 0x9e, 0x54, 0xbe, 0x54, 0xbe, 0x54, 0xbe, 0x54, 0xbe, 0x54, 0xbe, 0x54, 0xbe, 0x54, 0xbe, 0x54, 0xbe, 0x54, 0xbe, 0x54, 0xbe, 0x54,
0xbe, 0x54, 0xbe, 0x54, 0xbe, 0x54, 0xbe, 0x54, 0xbe, 0x54, 0xbe, 0x54, 0xbe, 0x54, 0xbe, 0x54, 0xbe, 0x54, 0xbe, 0x54, 0xbe, 0x54, 0xbe, 0x54,
0xbe, 0x54, 0xbe, 0x54, 0xbe, 0x54, 0xbe, 0x54, 0xbe, 0x54, 0xbe, 0x54, 0xbe, 0x54, 0xbe, 0x54, 0xbe, 0x54, 0xbe, 0x54, 0xbe, 0x54, 0xbe, 0x54,
0xbe, 0x54, 0xbe, 0x54, 0xfe, 0x64, 0x5f, 0xc7, 0x7f, 0xcf, 0x7f, 0xcf, 0x7f, 0xcf, 0x7f, 0xcf, 0x7f, 0xcf, 0x7f, 0xcf, 0x5e, 0x75, 0x9e, 0x54,
0x9e, 0x4c, 0x9e, 0x4c, 0x9e, 0x4c, 0x9e, 0x4c, 0x7e, 0x4c, 0x7e, 0x4c, 0x7e, 0x4c, 0x7e, 0x4c, 0x7e, 0x4c, 0x7e, 0x4c, 0x7e, 0x4c, 0x7e, 0x4c,
0x7e, 0x4c, 0x7e, 0x4c, 0x7e, 0x4c, 0x7e, 0x4c, 0x7e, 0x4c, 0x7e, 0x4c, 0x7e, 0x4c, 0x7e, 0x4c, 0x7e, 0x4c, 0x7e, 0x4c, 0x9e, 0x54, 0xff, 0xce,
0x3f, 0xdf, 0x3f, 0xdf, 0xff, 0xd6, 0x5a, 0x53, 0x38, 0x2a, 0x17, 0x2a, 0xd5, 0x21, 0x65, 0x08, 0x22, 0x00, 0x22, 0x00, 0x22, 0x00, 0x22, 0x00,
0x22, 0x00, 0x22, 0x00, 0x22, 0x00, 0x22, 0x00, 0x22, 0x00, 0x22, 0x00, 0x22, 0x00, 0x22, 0x00, 0x22, 0x00, 0x22, 0x00, 0x22, 0x00, 0x22, 0x00,
0x21, 0x00, 0x21, 0x00, 0x21, 0x00, 0x21, 0x00, 0x21, 0x00, 0x21, 0x00, 0x21, 0x00, 0x21, 0x00, 0x21, 0x00, 0x21, 0x00, 0x21, 0x00, 0x21, 0x00,
0x21, 0x00, 0x21, 0x00, 0x21, 0x00, 0x21, 0x00, 0x21, 0x00, 0x21, 0x00, 0x21, 0x00, 0x21, 0x00, 0x21, 0x00, 0x21, 0x00, 0x21, 0x00, 0x21, 0x00,
0x21, 0x00, 0x21, 0x00, 0x21, 0x00, 0x21, 0x00, 0x21, 0x00, 0x21, 0x00, 0x21, 0x00, 0x21, 0x00, 0x21, 0x00, 0x21, 0x00, 0x21, 0x00, 0x21, 0x00,
0x21, 0x00, 0x21, 0x00, 0x21, 0x00, 0x21, 0x00, 0x21, 0x00, 0x21, 0x00, 0x21, 0x00, 0x21, 0x00, 0x21, 0x00, 0x21, 0x00, 0x21, 0x00, 0x21, 0x00,
0x22, 0x00, 0x22, 0x00, 0x22, 0x00, 0x22, 0x00, 0x22, 0x00, 0x22, 0x00, 0x22, 0x00, 0x22, 0x00, 0x22, 0x00, 0x22, 0x00, 0x22, 0x00, 0x22, 0x00,
0x22, 0x00, 0x22, 0x00, 0x22, 0x00, 0x22, 0x00, 0x2e, 0x19, 0xf7, 0x29, 0x38, 0x2a, 0x58, 0x2a, 0x1d, 0x95, 0x3f, 0xdf, 0x3f, 0xdf, 0x3f, 0xdf,
0xdf, 0x95, 0x7e, 0x4c, 0x7e, 0x4c, 0x7e, 0x4c, 0x7e, 0x4c, 0x7e, 0x4c, 0x7e, 0x4c, 0x7e, 0x4c, 0x7e, 0x4c, 0x7e, 0x4c, 0x7e, 0x4c, 0x7e, 0x4c,
0x7e, 0x4c, 0x7e, 0x4c, 0x7e, 0x4c, 0x7e, 0x4c, 0x9e, 0x4c, 0x9e, 0x4c, 0x9e, 0x4c, 0x9e, 0x4c, 0x9e, 0x4c, 0x9e, 0x4c, 0x9e, 0x4c, 0x9e, 0x4c,
0x9e, 0x54, 0x9e, 0x54, 0x9e, 0x54, 0x9e, 0x54, 0x9e, 0x54, 0x9e, 0x54, 0x9e, 0x54, 0x9e, 0x54, 0xbe, 0x54, 0xbe, 0x54, 0xbe, 0x54, 0xbe, 0x54,
0xbe, 0x54, 0xbe, 0x54, 0xbe, 0x54, 0xbe, 0x54, 0xbe, 0x54, 0xbe, 0x54, 0xbe, 0x54, 0xbe, 0x54, 0xbe, 0x54, 0xbe, 0x54, 0xbe, 0x54, 0xbe, 0x54,
0xbe, 0x54, 0xbe, 0x54, 0xbe, 0x54, 0xbe, 0x54, 0xbe, 0x54, 0xbe, 0x54, 0xbe, 0x54, 0xbe, 0x54, 0xbe, 0x54, 0xbe, 0x54, 0xbe, 0x54, 0xbe, 0x54,
0xbe, 0x54, 0xbe, 0x54, 0xbe, 0x54, 0xbe, 0x54, 0xbe, 0x54, 0xbe, 0x54, 0xbe, 0x54, 0xbe, 0x54, 0xbe, 0x54, 0xbe, 0x54, 0xbe, 0x54, 0xbf, 0xb6,
0x7f, 0xcf, 0x7f, 0xcf, 0x7f, 0xcf, 0x7f, 0xcf, 0x7f, 0xcf, 0x7f, 0xcf, 0x5e, 0x75, 0x9e, 0x54, 0x9e, 0x54, 0x9e, 0x4c, 0x9e, 0x4c, 0x9e, 0x4c,
0x9e, 0x4c, 0x9e, 0x4c, 0x9e, 0x4c, 0x9e, 0x4c, 0x7e, 0x4c, 0x7e, 0x4c, 0x7e, 0x4c, 0x7e, 0x4c, 0x7e, 0x4c, 0x7e, 0x4c, 0x7e, 0x4c, 0x7e, 0x4c,
0x7e, 0x4c, 0x7e, 0x4c, 0x7e, 0x4c, 0x7e, 0x4c, 0x7e, 0x4c, 0x7e, 0x4c, 0x7e, 0x4c, 0x3e, 0x75, 0x3f, 0xdf, 0x3f, 0xdf, 0x3f, 0xdf, 0x5e, 0xbe,
0x59, 0x2a, 0x38, 0x2a, 0xf7, 0x29, 0x93, 0x21, 0x22, 0x00, 0x22, 0x00, 0x22, 0x00, 0x22, 0x00, 0x22, 0x00, 0x22, 0x00, 0x22, 0x00, 0x22, 0x00,
0x22, 0x00, 0x22, 0x00, 0x22, 0x00, 0x22, 0x00, 0x22, 0x00, 0x22, 0x00, 0x22, 0x00, 0x22, 0x00, 0x21, 0x00, 0x21, 0x00, 0x21, 0x00, 0x21, 0x00,
0x21, 0x00, 0x21, 0x00, 0x21, 0x00, 0x21, 0x00, 0x21, 0x00, 0x21, 0x00, 0x21, 0x00, 0x21, 0x00, 0x21, 0x00, 0x21, 0x00, 0x21, 0x00, 0x21, 0x00,
0x21, 0x00, 0x21, 0x00, 0x21, 0x00, 0x21, 0x00, 0x21, 0x00, 0x21, 0x00, 0x21, 0x00, 0x21, 0x00, 0x21, 0x00, 0x21, 0x00, 0x21, 0x00, 0x21, 0x00,
0x21, 0x00, 0x21, 0x00, 0x21, 0x00, 0x21, 0x00, 0x21, 0x00, 0x21, 0x00, 0x21, 0x00, 0x21, 0x00, 0x21, 0x00, 0x21, 0x00, 0x21, 0x00, 0x21, 0x00,
0x21, 0x00, 0x21, 0x00, 0x21, 0x00, 0x21, 0x00, 0x21, 0x00, 0x21, 0x00, 0x21, 0x00, 0x21, 0x00, 0x22, 0x00, 0x22, 0x00, 0x22, 0x00, 0x22, 0x00,
0x22, 0x00, 0x22, 0x00, 0x22, 0x00, 0x22, 0x00, 0x22, 0x00, 0x22, 0x00, 0x22, 0x00, 0x22, 0x00, 0x22, 0x00, 0x22, 0x00, 0x22, 0x00, 0xa7, 0x08,
0xf7, 0x29, 0x18, 0x2a, 0x38, 0x2a, 0xfb, 0x63, 0x3f, 0xdf, 0x3f, 0xdf, 0x3f, 0xdf, 0xbf, 0xc6, 0x7e, 0x4c, 0x7e, 0x4c, 0x7e, 0x4c, 0x7e, 0x4c,
0x7e, 0x4c, 0x7e, 0x4c, 0x7e, 0x4c, 0x7e, 0x4c, 0x7e, 0x4c, 0x7e, 0x4c, 0x7e, 0x4c, 0x7e, 0x4c, 0x9e, 0x4c, 0x9e, 0x4c, 0x9e, 0x4c, 0x9e, 0x4c,
0x9e, 0x4c, 0x9e, 0x4c, 0x9e, 0x4c, 0x9e, 0x4c, 0x9e, 0x4c, 0x9e, 0x4c, 0x9e, 0x4c, 0x9e, 0x54, 0x9e, 0x54, 0x9e, 0x54, 0x9e, 0x54, 0x9e, 0x54,
0x9e, 0x54, 0xbe, 0x54, 0xbe, 0x54, 0xbe, 0x54, 0xbe, 0x54, 0xbe, 0x54, 0xbe, 0x54, 0xbe, 0x54, 0xbe, 0x54, 0xbe, 0x54, 0xbe, 0x54, 0xbe, 0x54,
0xbe, 0x54, 0xbe, 0x5c, 0xbe, 0x5c, 0xbe, 0x5c, 0xbe, 0x5c, 0xbe, 0x5c, 0xbe, 0x5c, 0xbe, 0x5c, 0xbe, 0x5c, 0xbe, 0x5c, 0xbe, 0x54, 0xbe, 0x54,
0xbe, 0x54, 0xbe, 0x54, 0xbe, 0x5c, 0xbe, 0x5c, 0xbe, 0x5c, 0xbe, 0x5c, 0xbe, 0x5c, 0xbe, 0x5c, 0xbe, 0x5c, 0xbe, 0x5c, 0xbe, 0x5c, 0xbe, 0x54,
0xbe, 0x54, 0xbe, 0x54, 0xbe, 0x54, 0xbe, 0x54, 0xbe, 0x54, 0xbe, 0x54, 0xbe, 0x54, 0x1f, 0xc7, 0x7f, 0xcf, 0x7f, 0xcf, 0x7f, 0xcf, 0x7f, 0xcf,
0x7f, 0xcf, 0x7f, 0xcf, 0x5e, 0x75, 0x9e, 0x54, 0x9e, 0x54, 0x9e, 0x54, 0x9e, 0x4c, 0x9e, 0x4c, 0x9e, 0x4c, 0x9e, 0x4c, 0x9e, 0x4c, 0x9e, 0x4c,
0x9e, 0x4c, 0x9e, 0x4c, 0x9e, 0x4c, 0x9e, 0x4c, 0x7e, 0x4c, 0x7e, 0x4c, 0x7e, 0x4c, 0x7e, 0x4c, 0x7e, 0x4c, 0x7e, 0x4c, 0x7e, 0x4c, 0x7e, 0x4c,
0x7e, 0x4c, 0x7e, 0x4c, 0x7e, 0x4c, 0x7e, 0x4c, 0x1f, 0x9e, 0x3f, 0xdf, 0x3f, 0xdf, 0x3f, 0xdf, 0x1c, 0x95, 0x58, 0x2a, 0x18, 0x2a, 0xf7, 0x29,
0x0c, 0x11, 0x22, 0x00, 0x22, 0x00, 0x22, 0x00, 0x22, 0x00, 0x22, 0x00, 0x22, 0x00, 0x22, 0x00, 0x22, 0x00, 0x22, 0x00, 0x22, 0x00, 0x22, 0x00,
0x22, 0x00, 0x22, 0x00, 0x22, 0x00, 0x22, 0x00, 0x21, 0x00, 0x21, 0x00, 0x21, 0x00, 0x21, 0x00, 0x21, 0x00, 0x21, 0x00, 0x21, 0x00, 0x21, 0x00,
0x21, 0x00, 0x21, 0x00, 0x21, 0x00, 0x21, 0x00, 0x21, 0x00, 0x21, 0x00, 0x21, 0x00, 0x21, 0x00, 0x21, 0x00, 0x21, 0x00, 0x21, 0x00, 0x21, 0x00,
0x21, 0x00, 0x21, 0x00, 0x21, 0x00, 0x21, 0x00, 0x21, 0x00, 0x21, 0x00, 0x21, 0x00, 0x21, 0x00, 0x21, 0x00, 0x21, 0x00, 0x21, 0x00, 0x21, 0x00,
0x21, 0x00, 0x21, 0x00, 0x21, 0x00, 0x21, 0x00, 0x21, 0x00, 0x21, 0x00, 0x21, 0x00, 0x21, 0x00, 0x21, 0x00, 0x21, 0x00, 0x21, 0x00, 0x21, 0x00,
0x21, 0x00, 0x21, 0x00, 0x21, 0x00, 0x21, 0x00, 0x22, 0x00, 0x22, 0x00, 0x22, 0x00, 0x22, 0x00, 0x22, 0x00, 0x22, 0x00, 0x22, 0x00, 0x22, 0x00,
0x22, 0x00, 0x22, 0x00, 0x22, 0x00, 0x22, 0x00, 0x22, 0x00, 0x22, 0x00, 0x43, 0x00, 0xd5, 0x21, 0x17, 0x2a, 0x38, 0x2a, 0xb9, 0x3a, 0xff, 0xd6,
0x3f, 0xdf, 0x3f, 0xdf, 0x1f, 0xd7, 0xde, 0x5c, 0x7e, 0x4c, 0x7e, 0x4c, 0x7e, 0x4c, 0x7e, 0x4c, 0x7e, 0x4c, 0x7e, 0x4c, 0x9e, 0x4c, 0x9e, 0x4c,
0x9e, 0x4c, 0x9e, 0x4c, 0x9e, 0x4c, 0x9e, 0x4c, 0x9e, 0x4c, 0x9e, 0x4c, 0x9e, 0x4c, 0x9e, 0x4c, 0x9e, 0x4c, 0x9e, 0x4c, 0x9e, 0x4c, 0x9e, 0x4c,
0x9e, 0x4c, 0x9e, 0x4c, 0x9e, 0x54, 0x9e, 0x54, 0x9e, 0x54, 0x9e, 0x54, 0x9e, 0x54, 0xbe, 0x54, 0xbe, 0x54, 0xbe, 0x54, 0xbe, 0x54, 0xbe, 0x54,
0xbe, 0x54, 0xbe, 0x54, 0xbe, 0x54, 0xbe, 0x54, 0xbe, 0x54, 0xbe, 0x54, 0xbe, 0x5c, 0xbe, 0x5c, 0xbe, 0x5c, 0xde, 0x5c, 0xde, 0x5c, 0xde, 0x5c,
0xde, 0x5c, 0xde, 0x5c, 0xde, 0x5c, 0xde, 0x5c, 0xde, 0x5c, 0xde, 0x5c, 0xde, 0x5c, 0xde, 0x5c, 0xde, 0x5c, 0xde, 0x5c, 0xde, 0x5c, 0xde, 0x5c,
0xde, 0x5c, 0xde, 0x5c, 0xde, 0x5c, 0xde, 0x5c, 0xde, 0x5c, 0xde, 0x5c, 0xde, 0x5c, 0xbe, 0x5c, 0xbe, 0x5c, 0xbe, 0x5c, 0xbe, 0x54, 0xbe, 0x54,
0xbe, 0x54, 0xbe, 0x54, 0xfe, 0x8d, 0x7f, 0xcf, 0x7f, 0xcf, 0x7f, 0xcf, 0x7f, 0xcf, 0x7f, 0xcf, 0x7f, 0xcf, 0x7f, 0xcf, 0xde, 0x5c, 0x9e, 0x54,
0x9e, 0x54, 0x9e, 0x54, 0x9e, 0x54, 0x9e, 0x4c, 0x9e, 0x4c, 0x9e, 0x4c, 0x9e, 0x4c, 0x9e, 0x4c, 0x9e, 0x4c, 0x9e, 0x4c, 0x9e, 0x4c, 0x9e, 0x4c,
0x9e, 0x4c, 0x9e, 0x4c, 0x9e, 0x4c, 0x9e, 0x4c, 0x9e, 0x4c, 0x9e, 0x4c, 0x7e, 0x4c, 0x7e, 0x4c, 0x7e, 0x4c, 0x7e, 0x4c, 0x7e, 0x4c, 0x7e, 0x4c,
0x7e, 0x4c, 0xbf, 0xc6, 0x3f, 0xdf, 0x3f, 0xdf, 0x3f, 0xdf, 0x9a, 0x5b, 0x38, 0x2a, 0x18, 0x2a, 0xf7, 0x29, 0xa7, 0x08, 0x22, 0x00, 0x22, 0x00,
0x22, 0x00, 0x22, 0x00, 0x22, 0x00, 0x22, 0x00, 0x22, 0x00, 0x22, 0x00, 0x22, 0x00, 0x22, 0x00, 0x22, 0x00, 0x22, 0x00, 0x22, 0x00, 0x22, 0x00,
0x22, 0x00, 0x21, 0x00, 0x21, 0x00, 0x21, 0x00, 0x21, 0x00, 0x21, 0x00, 0x21, 0x00, 0x21, 0x00, 0x21, 0x00, 0x21, 0x00, 0x21, 0x00, 0x21, 0x00,
0x21, 0x00, 0x21, 0x00, 0x21, 0x00, 0x21, 0x00, 0x21, 0x00, 0x21, 0x00, 0x21, 0x00, 0x21, 0x00, 0x21, 0x00, 0x21, 0x00, 0x21, 0x00, 0x21, 0x00,
0x21, 0x00, 0x21, 0x00, 0x21, 0x00, 0x21, 0x00, 0x21, 0x00, 0x21, 0x00, 0x21, 0x00, 0x21, 0x00, 0x21, 0x00, 0x21, 0x00, 0x21, 0x00, 0x21, 0x00,
0x21, 0x00, 0x21, 0x00, 0x21, 0x00, 0x21, 0x00, 0x21, 0x00, 0x21, 0x00, 0x21, 0x00, 0x21, 0x00, 0x21, 0x00, 0x21, 0x00, 0x21, 0x00, 0x22, 0x00,
0x22, 0x00, 0x22, 0x00, 0x22, 0x00, 0x22, 0x00, 0x22, 0x00, 0x22, 0x00, 0x22, 0x00, 0x22, 0x00, 0x22, 0x00, 0x22, 0x00, 0x22, 0x00, 0x22, 0x00,
0x22, 0x00, 0x22, 0x00, 0x50, 0x19, 0xf7, 0x29, 0x38, 0x2a, 0x58, 0x2a, 0x1e, 0xb6, 0x3f, 0xdf, 0x3f, 0xdf, 0x3f, 0xdf, 0x5e, 0x7d, 0x9e, 0x4c,
0x9e, 0x4c, 0x9e, 0x4c, 0x9e, 0x4c, 0x9e, 0x4c, 0x9e, 0x4c, 0x9e, 0x4c, 0x9e, 0x4c, 0x9e, 0x4c, 0x9e, 0x4c, 0x9e, 0x4c, 0x9e, 0x4c, 0x9e, 0x4c,
0x9e, 0x4c, 0x9e, 0x4c, 0x9e, 0x4c, 0x9e, 0x4c, 0x9e, 0x4c, 0x9e, 0x4c, 0x9e, 0x4c, 0x9e, 0x4c, 0x9e, 0x4c, 0x9e, 0x54, 0x9e, 0x54, 0x9e, 0x54,
0xbe, 0x54, 0xbe, 0x54, 0xbe, 0x54, 0xbe, 0x54, 0xbe, 0x54, 0xbe, 0x54, 0xbe, 0x54, 0xbe, 0x54, 0xbe, 0x54, 0xbe, 0x54, 0xbe, 0x54, 0xbe, 0x54,
0xbe, 0x5c, 0xde, 0x5c, 0xde, 0x5c, 0xde, 0x5c, 0xde, 0x5c, 0xde, 0x5c, 0xde, 0x5c, 0xde, 0x5c, 0xde, 0x5c, 0xde, 0x5c, 0xde, 0x5c, 0xde, 0x5c,
0xde, 0x5c, 0xde, 0x5c, 0xde, 0x5c, 0xde, 0x5c, 0xde, 0x5c, 0xde, 0x5c, 0xde, 0x5c, 0xde, 0x5c, 0xde, 0x5c, 0xde, 0x5c, 0xde, 0x5c, 0xde, 0x5c,
0xde, 0x5c, 0xde, 0x5c, 0xde, 0x5c, 0xde, 0x5c, 0xde, 0x5c, 0xde, 0x5c, 0xde, 0x5c, 0xde, 0x5c, 0xbe, 0x54, 0x3e, 0x6d, 0x5f, 0xc7, 0x7f, 0xcf,
0x7f, 0xcf, 0x7f, 0xcf, 0x7f, 0xcf, 0x7f, 0xcf, 0x7f, 0xcf, 0xff, 0xbe, 0xbe, 0x54, 0xbe, 0x54, 0x9e, 0x54, 0x9e, 0x54, 0x9e, 0x54, 0x9e, 0x54,
0x9e, 0x4c, 0x9e, 0x4c, 0x9e, 0x4c, 0x9e, 0x4c, 0x9e, 0x4c, 0x9e, 0x4c, 0x9e, 0x4c, 0x9e, 0x4c, 0x9e, 0x4c, 0x9e, 0x4c, 0x9e, 0x4c, 0x9e, 0x4c,
0x9e, 0x4c, 0x9e, 0x4c, 0x9e, 0x4c, 0x9e, 0x4c, 0x9e, 0x4c, 0x9e, 0x4c, 0x9e, 0x4c, 0x9e, 0x4c, 0x9e, 0x4c, 0xde, 0x5c, 0x1f, 0xd7, 0x3f, 0xdf,
0x3f, 0xdf, 0xff, 0xd6, 0xb9, 0x3a, 0x38, 0x2a, 0x17, 0x2a, 0xb4, 0x21, 0x43, 0x00, 0x22, 0x00, 0x22, 0x00, 0x22, 0x00, 0x22, 0x00, 0x22, 0x00,
0x22, 0x00, 0x22, 0x00, 0x22, 0x00, 0x22, 0x00, 0x22, 0x00, 0x22, 0x00, 0x22, 0x00, 0x22, 0x00, 0x22, 0x00, 0x21, 0x00, 0x21, 0x00, 0x21, 0x00,
0x21, 0x00, 0x21, 0x00, 0x21, 0x00, 0x21, 0x00, 0x21, 0x00, 0x21, 0x00, 0x21, 0x00, 0x21, 0x00, 0x21, 0x00, 0x21, 0x00, 0x21, 0x00, 0x21, 0x00,
0x21, 0x00, 0x21, 0x00, 0x21, 0x00, 0x21, 0x00, 0x21, 0x00, 0x21, 0x00, 0x21, 0x00, 0x21, 0x00, 0x21, 0x00, 0x21, 0x00, 0x21, 0x00, 0x21, 0x00,
0x21, 0x00, 0x21, 0x00, 0x21, 0x00, 0x21, 0x00, 0x21, 0x00, 0x21, 0x00, 0x21, 0x00, 0x21, 0x00, 0x21, 0x00, 0x21, 0x00, 0x21, 0x00, 0x21, 0x00,
0x21, 0x00, 0x21, 0x00, 0x21, 0x00, 0x21, 0x00, 0x21, 0x00, 0x21, 0x00, 0x21, 0x00, 0x22, 0x00, 0x22, 0x00, 0x22, 0x00, 0x22, 0x00, 0x22, 0x00,
0x22, 0x00, 0x22, 0x00, 0x22, 0x00, 0x22, 0x00, 0x22, 0x00, 0x22, 0x00, 0x22, 0x00, 0x22, 0x00, 0x22, 0x00, 0xeb, 0x10, 0xf7, 0x29, 0x18, 0x2a,
0x58, 0x2a, 0xdc, 0x84, 0x3f, 0xdf, 0x3f, 0xdf, 0x3f, 0xdf, 0x1f, 0x9e, 0x9e, 0x4c, 0x9e, 0x4c, 0x9e, 0x4c, 0x9e, 0x4c, 0x9e, 0x4c, 0x9e, 0x4c,
0x9e, 0x4c, 0x9e, 0x4c, 0x9e, 0x4c, 0x9e, 0x4c, 0x9e, 0x4c, 0x9e, 0x4c, 0x9e, 0x4c, 0x9e, 0x4c, 0x9e, 0x4c, 0x9e, 0x4c, 0x9e, 0x4c, 0x9e, 0x4c,
0x9e, 0x4c, 0x9e, 0x4c, 0x9e, 0x4c, 0x9e, 0x4c, 0x9e, 0x54, 0x9e, 0x54, 0xbe, 0x54, 0xbe, 0x54, 0xbe, 0x54, 0xbe, 0x54, 0xbe, 0x54, 0xbe, 0x54,
0xbe, 0x54, 0xbe, 0x54, 0xbe, 0x54, 0xbe, 0x54, 0xbe, 0x54, 0xbe, 0x54, 0xde, 0x54, 0xde, 0x5c, 0xde, 0x5c, 0xde, 0x5c, 0xde, 0x5c, 0xde, 0x5c,
0xde, 0x5c, 0xde, 0x5c, 0xde, 0x5c, 0xde, 0x5c, 0xde, 0x5c, 0xde, 0x5c, 0xde, 0x5c, 0xde, 0x5c, 0xde, 0x5c, 0xde, 0x5c, 0xde, 0x5c, 0xde, 0x5c,
0xde, 0x5c, 0xde, 0x5c, 0xde, 0x5c, 0xde, 0x5c, 0xde, 0x5c, 0xde, 0x5c, 0xde, 0x5c, 0xde, 0x5c, 0xde, 0x5c, 0xde, 0x5c, 0xde, 0x5c, 0xde, 0x5c,
0xde, 0x5c, 0xde, 0x5c, 0xde, 0x5c, 0xde, 0x5c, 0xfe, 0x5c, 0x5f, 0xcf, 0x7f, 0xcf, 0x7f, 0xcf, 0x7f, 0xcf, 0x7f, 0xcf, 0x7f, 0xcf, 0x7f, 0xcf,
0x7f, 0xcf, 0xbe, 0x85, 0xbe, 0x54, 0xbe, 0x54, 0xbe, 0x54, 0xbe, 0x54, 0x9e, 0x54, 0x9e, 0x54, 0x9e, 0x54, 0x9e, 0x4c, 0x9e, 0x4c, 0x9e, 0x4c,
0x9e, 0x4c, 0x9e, 0x4c, 0x9e, 0x4c, 0x9e, 0x4c, 0x9e, 0x4c, 0x9e, 0x4c, 0x9e, 0x4c, 0x9e, 0x4c, 0x9e, 0x4c, 0x9e, 0x4c, 0x9e, 0x4c, 0x9e, 0x4c,
0x9e, 0x4c, 0x9e, 0x4c, 0x9e, 0x4c, 0x9e, 0x4c, 0x9e, 0x4c, 0x9e, 0x4c, 0x5e, 0x7d, 0x3f, 0xdf, 0x3f, 0xdf, 0x3f, 0xdf, 0x1e, 0xb6, 0x58, 0x2a,
0x38, 0x2a, 0xf7, 0x29, 0x50, 0x19, 0x22, 0x00, 0x22, 0x00, 0x22, 0x00, 0x22, 0x00, 0x22, 0x00, 0x22, 0x00, 0x22, 0x00, 0x22, 0x00, 0x22, 0x00,
0x22, 0x00, 0x22, 0x00, 0x22, 0x00, 0x22, 0x00, 0x22, 0x00, 0x21, 0x00, 0x21, 0x00, 0x21, 0x00, 0x21, 0x00, 0x21, 0x00, 0x21, 0x00, 0x21, 0x00,
0x21, 0x00, 0x21, 0x00, 0x21, 0x00, 0x21, 0x00, 0x21, 0x00, 0x21, 0x00, 0x21, 0x00, 0x21, 0x00, 0x21, 0x00, 0x21, 0x00, 0x21, 0x00, 0x21, 0x00,
0x21, 0x00, 0x21, 0x00, 0x21, 0x00, 0x21, 0x00, 0x21, 0x00, 0x21, 0x00, 0x21, 0x00, 0x21, 0x00, 0x21, 0x00, 0x21, 0x00, 0x21, 0x00, 0x21, 0x00,
0x21, 0x00, 0x21, 0x00, 0x21, 0x00, 0x21, 0x00, 0x21, 0x00, 0x21, 0x00, 0x21, 0x00, 0x21, 0x00, 0x21, 0x00, 0x21, 0x00, 0x21, 0x00, 0x21, 0x00,
0x21, 0x00, 0x21, 0x00, 0x21, 0x00, 0x22, 0x00, 0x22, 0x00, 0x22, 0x00, 0x22, 0x00, 0x22, 0x00, 0x22, 0x00, 0x22, 0x00, 0x22, 0x00, 0x22, 0x00,
0x22, 0x00, 0x22, 0x00, 0x22, 0x00, 0x22, 0x00, 0x64, 0x08, 0xd5, 0x21, 0x17, 0x2a, 0x38, 0x2a, 0x9a, 0x5b, 0x3f, 0xdf, 0x3f, 0xdf, 0x3f, 0xdf,
0xbf, 0xc6, 0x9e, 0x4c, 0x9e, 0x4c, 0x9e, 0x4c, 0x9e, 0x4c, 0x9e, 0x4c, 0x9e, 0x4c, 0x9e, 0x4c, 0x9e, 0x4c, 0x9e, 0x4c, 0x9e, 0x4c, 0x9e, 0x4c,
0x9e, 0x4c, 0x9e, 0x4c, 0x9e, 0x4c, 0x9e, 0x4c, 0x9e, 0x4c, 0x9e, 0x4c, 0x9e, 0x4c, 0x9e, 0x4c, 0x9e, 0x4c, 0x9e, 0x4c, 0x9e, 0x54, 0xbe, 0x54,
0xbe, 0x54, 0xbe, 0x54, 0xbe, 0x54, 0xbe, 0x54, 0xbe, 0x54, 0xbe, 0x54, 0xbe, 0x54, 0xbe, 0x54, 0xbe, 0x54, 0xbe, 0x54, 0xbe, 0x54, 0xbe, 0x54,
0xde, 0x54, 0xde, 0x54, 0xde, 0x5c, 0xde, 0x5c, 0xde, 0x5c, 0xde, 0x5c, 0xde, 0x5c, 0xde, 0x5c, 0xde, 0x5c, 0xde, 0x5c, 0xde, 0x5c, 0xde, 0x5c,
0xde, 0x5c, 0xde, 0x5c, 0xde, 0x5c, 0xde, 0x5c, 0xde, 0x5c, 0xde, 0x5c, 0xde, 0x5c, 0xde, 0x5c, 0xde, 0x5c, 0xde, 0x5c, 0xde, 0x5c, 0xde, 0x5c,
0xde, 0x5c, 0xde, 0x5c, 0xde, 0x5c, 0xde, 0x5c, 0xde, 0x5c, 0xde, 0x5c, 0xde, 0x5c, 0xde, 0x5c, 0xde, 0x5c, 0xde, 0x5c, 0xde, 0x5c, 0xde, 0x5c,
0x7e, 0x75, 0x7f, 0xcf, 0x7f, 0xcf, 0x7f, 0xcf, 0x7f, 0xcf, 0x7f, 0xcf, 0x7f, 0xcf, 0x7f, 0xcf, 0x1f, 0xc7, 0xde, 0x5c, 0xbe, 0x54, 0xbe, 0x54,
0xbe, 0x54, 0xbe, 0x54, 0xbe, 0x54, 0xbe, 0x54, 0xbe, 0x54, 0x9e, 0x54, 0x9e, 0x4c, 0x9e, 0x4c, 0x9e, 0x4c, 0x9e, 0x4c, 0x9e, 0x4c, 0x9e, 0x4c,
0x9e, 0x4c, 0x9e, 0x4c, 0x9e, 0x4c, 0x9e, 0x4c, 0x9e, 0x4c, 0x9e, 0x4c, 0x9e, 0x4c, 0x9e, 0x4c, 0x9e, 0x4c, 0x9e, 0x4c, 0x9e, 0x4c, 0x9e, 0x4c,
0x9e, 0x4c, 0x9e, 0x4c, 0x9e, 0x4c, 0x1f, 0x9e, 0x3f, 0xdf, 0x3f, 0xdf, 0x3f, 0xdf, 0xdc, 0x84, 0x58, 0x2a, 0x18, 0x2a, 0xf7, 0x29, 0xa8, 0x10,
0x22, 0x00, 0x22, 0x00, 0x22, 0x00, 0x22, 0x00, 0x22, 0x00, 0x22, 0x00, 0x22, 0x00, 0x22, 0x00, 0x22, 0x00, 0x22, 0x00, 0x22, 0x00, 0x22, 0x00,
0x22, 0x00, 0x22, 0x00, 0x21, 0x00, 0x21, 0x00, 0x21, 0x00, 0x21, 0x00, 0x21, 0x00, 0x21, 0x00, 0x21, 0x00, 0x21, 0x00, 0x21, 0x00, 0x21, 0x00,
0x21, 0x00, 0x21, 0x00, 0x21, 0x00, 0x21, 0x00, 0x21, 0x00, 0x21, 0x00, 0x21, 0x00, 0x21, 0x00, 0x21, 0x00, 0x21, 0x00, 0x21, 0x00, 0x21, 0x00,
0x21, 0x00, 0x21, 0x00, 0x21, 0x00, 0x21, 0x00, 0x21, 0x00, 0x21, 0x00, 0x21, 0x00, 0x21, 0x00, 0x21, 0x00, 0x21, 0x00, 0x21, 0x00, 0x21, 0x00,
0x21, 0x00, 0x21, 0x00, 0x21, 0x00, 0x21, 0x00, 0x21, 0x00, 0x21, 0x00, 0x21, 0x00, 0x21, 0x00, 0x21, 0x00, 0x21, 0x00, 0x22, 0x00, 0x22, 0x00,
0x22, 0x00, 0x22, 0x00, 0x22, 0x00, 0x22, 0x00, 0x22, 0x00, 0x22, 0x00, 0x22, 0x00, 0x22, 0x00, 0x22, 0x00, 0x22, 0x00, 0x22, 0x00, 0x22, 0x00,
0x71, 0x19, 0x17, 0x2a, 0x38, 0x2a, 0xb9, 0x3a, 0xbf, 0xce, 0x3f, 0xdf, 0x3f, 0xdf, 0x1f, 0xd7, 0xfe, 0x5c, 0x9e, 0x4c, 0x9e, 0x4c, 0x9e, 0x4c,
0x9e, 0x4c, 0x9e, 0x4c, 0x9e, 0x4c, 0x9e, 0x4c, 0x9e, 0x4c, 0x9e, 0x4c, 0x9e, 0x4c, 0x9e, 0x4c, 0x9e, 0x4c, 0x9e, 0x4c, 0x9e, 0x4c, 0x9e, 0x4c,
0x9e, 0x4c, 0x9e, 0x4c, 0x9e, 0x4c, 0xbe, 0x4c, 0xbe, 0x4c, 0xbe, 0x54, 0xbe, 0x54, 0xbe, 0x54, 0xbe, 0x54, 0xbe, 0x54, 0xbe, 0x54, 0xbe, 0x54,
0xbe, 0x54, 0xbe, 0x54, 0xbe, 0x54, 0xbe, 0x54, 0xbe, 0x54, 0xbe, 0x54, 0xde, 0x54, 0xde, 0x54, 0xde, 0x54, 0xde, 0x5c, 0xde, 0x5c, 0xde, 0x5c,
0xde, 0x5c, 0xde, 0x5c, 0xde, 0x5c, 0xde, 0x5c, 0xde, 0x5c, 0xde, 0x5c, 0xfe, 0x5c, 0xfe, 0x5c, 0xfe, 0x5c, 0xfe, 0x5c, 0xfe, 0x5c, 0xfe, 0x5c,
0xfe, 0x5c, 0xfe, 0x5c, 0xfe, 0x5c, 0xfe, 0x5c, 0xfe, 0x5c, 0xfe, 0x5c, 0xfe, 0x5c, 0xfe, 0x5c, 0xfe, 0x5c, 0xfe, 0x5c, 0xfe, 0x5c, 0xfe, 0x5c,
0xfe, 0x5c, 0xfe, 0x5c, 0xde, 0x5c, 0xde, 0x5c, 0xde, 0x5c, 0xde, 0x5c, 0xde, 0x5c, 0xde, 0x5c, 0xbe, 0x7d, 0x7f, 0xcf, 0x7f, 0xcf, 0x7f, 0xcf,
0x7f, 0xcf, 0x7f, 0xcf, 0x7f, 0xcf, 0x7f, 0xcf, 0x9e, 0x7d, 0xbe, 0x54, 0xbe, 0x54, 0xbe, 0x54, 0xbe, 0x54, 0xbe, 0x54, 0xbe, 0x54, 0xbe, 0x54,
0xbe, 0x54, 0xbe, 0x54, 0xbe, 0x54, 0xbe, 0x4c, 0xbe, 0x4c, 0x9e, 0x4c, 0x9e, 0x4c, 0x9e, 0x4c, 0x9e, 0x4c, 0x9e, 0x4c, 0x9e, 0x4c, 0x9e, 0x4c,
0x9e, 0x4c, 0x9e, 0x4c, 0x9e, 0x4c, 0x9e, 0x4c, 0x9e, 0x4c, 0x9e, 0x4c, 0x9e, 0x4c, 0x9e, 0x4c, 0x9e, 0x4c, 0x9e, 0x4c, 0x9e, 0x4c, 0x9e, 0x4c,
0xbf, 0xc6, 0x3f, 0xdf, 0x3f, 0xdf, 0x3f, 0xdf, 0x5a, 0x53, 0x38, 0x2a, 0x17, 0x2a, 0xd5, 0x21, 0x43, 0x00, 0x22, 0x00, 0x22, 0x00, 0x22, 0x00,
0x22, 0x00, 0x22, 0x00, 0x22, 0x00, 0x22, 0x00, 0x22, 0x00, 0x22, 0x00, 0x22, 0x00, 0x22, 0x00, 0x22, 0x00, 0x22, 0x00, 0x21, 0x00, 0x21, 0x00,
0x21, 0x00, 0x21, 0x00, 0x21, 0x00, 0x21, 0x00, 0x21, 0x00, 0x21, 0x00, 0x21, 0x00, 0x21, 0x00, 0x21, 0x00, 0x21, 0x00, 0x21, 0x00, 0x21, 0x00,
0x21, 0x00, 0x21, 0x00, 0x21, 0x00, 0x21, 0x00, 0x21, 0x00, 0x21, 0x00, 0x21, 0x00, 0x21, 0x00, 0x21, 0x00, 0x21, 0x00, 0x21, 0x00, 0x21, 0x00,
0x21, 0x00, 0x21, 0x00, 0x21, 0x00, 0x21, 0x00, 0x21, 0x00, 0x21, 0x00, 0x21, 0x00, 0x21, 0x00, 0x21, 0x00, 0x21, 0x00, 0x21, 0x00, 0x21, 0x00,
0x21, 0x00, 0x21, 0x00, 0x21, 0x00, 0x21, 0x00, 0x21, 0x00, 0x21, 0x00, 0x22, 0x00, 0x22, 0x00, 0x22, 0x00, 0x22, 0x00, 0x22, 0x00, 0x22, 0x00,
0x22, 0x00, 0x22, 0x00, 0x22, 0x00, 0x22, 0x00, 0x22, 0x00, 0x22, 0x00, 0x22, 0x00, 0xeb, 0x10, 0xf7, 0x29, 0x18, 0x2a, 0x58, 0x2a, 0xbd, 0xad,
0x3f, 0xdf, 0x3f, 0xdf, 0x3f, 0xdf, 0x7e, 0x7d, 0x9e, 0x4c, 0x9e, 0x4c, 0x9e, 0x4c, 0x9e, 0x4c, 0x9e, 0x4c, 0x9e, 0x4c, 0x9e, 0x4c, 0x9e, 0x4c,
0x9e, 0x4c, 0x9e, 0x4c, 0x9e, 0x4c, 0x9e, 0x4c, 0x9e, 0x4c, 0x9e, 0x4c, 0x9e, 0x4c, 0xbe, 0x4c, 0xbe, 0x4c, 0xbe, 0x4c, 0xbe, 0x4c, 0xbe, 0x4c,
0xbe, 0x54, 0xbe, 0x54, 0xbe, 0x54, 0xbe, 0x54, 0xbe, 0x54, 0xbe, 0x54, 0xbe, 0x54, 0xbe, 0x54, 0xbe, 0x54, 0xbe, 0x54, 0xbe, 0x54, 0xbe, 0x54,
0xde, 0x54, 0xde, 0x54, 0xde, 0x54, 0xde, 0x54, 0xde, 0x54, 0xde, 0x5c, 0xde, 0x5c, 0xde, 0x5c, 0xde, 0x5c, 0xde, 0x5c, 0xde, 0x5c, 0xfe, 0x5c,
0xfe, 0x5c, 0xfe, 0x5c, 0xfe, 0x5c, 0xfe, 0x5c, 0xfe, 0x5c, 0xfe, 0x5c, 0xfe, 0x5c, 0xfe, 0x5c, 0xfe, 0x5c, 0xfe, 0x5c, 0xfe, 0x5c, 0xfe, 0x5c,
0xfe, 0x5c, 0xfe, 0x5c, 0xfe, 0x5c, 0xfe, 0x5c, 0xfe, 0x5c, 0xfe, 0x5c, 0xfe, 0x5c, 0xfe, 0x5c, 0xfe, 0x5c, 0xfe, 0x5c, 0xfe, 0x5c, 0xfe, 0x5c,
0xfe, 0x5c, 0xfe, 0x5c, 0xde, 0x5c, 0xde, 0x5c, 0x3e, 0x6d, 0x7f, 0xcf, 0x7f, 0xcf, 0x7f, 0xcf, 0x7f, 0xcf, 0x7f, 0xcf, 0x7f, 0xcf, 0x7f, 0xa6,
0xbe, 0x54, 0xbe, 0x54, 0xbe, 0x54, 0xbe, 0x54, 0xbe, 0x54, 0xbe, 0x54, 0xbe, 0x54, 0xbe, 0x54, 0xbe, 0x54, 0xbe, 0x54, 0xbe, 0x54, 0xbe, 0x54,
0xbe, 0x54, 0xbe, 0x4c, 0xbe, 0x4c, 0xbe, 0x4c, 0xbe, 0x4c, 0x9e, 0x4c, 0x9e, 0x4c, 0x9e, 0x4c, 0x9e, 0x4c, 0x9e, 0x4c, 0x9e, 0x4c, 0x9e, 0x4c,
0x9e, 0x4c, 0x9e, 0x4c, 0x9e, 0x4c, 0x9e, 0x4c, 0x9e, 0x4c, 0x9e, 0x4c, 0x9e, 0x4c, 0x9e, 0x4c, 0xfe, 0x5c, 0x1f, 0xd7, 0x3f, 0xdf, 0x3f, 0xdf,
0xbf, 0xce, 0xb9, 0x3a, 0x38, 0x2a, 0xf7, 0x29, 0x50, 0x19, 0x22, 0x00, 0x22, 0x00, 0x22, 0x00, 0x22, 0x00, 0x22, 0x00, 0x22, 0x00, 0x22, 0x00,
0x22, 0x00, 0x22, 0x00, 0x22, 0x00, 0x22, 0x00, 0x22, 0x00, 0x22, 0x00, 0x21, 0x00, 0x21, 0x00, 0x21, 0x00, 0x21, 0x00, 0x21, 0x00, 0x21, 0x00,
0x21, 0x00, 0x21, 0x00, 0x21, 0x00, 0x21, 0x00, 0x21, 0x00, 0x21, 0x00, 0x21, 0x00, 0x21, 0x00, 0x21, 0x00, 0x21, 0x00, 0x21, 0x00, 0x21, 0x00,
0x21, 0x00, 0x21, 0x00, 0x21, 0x00, 0x21, 0x00, 0x21, 0x00, 0x21, 0x00, 0x21, 0x00, 0x21, 0x00, 0x21, 0x00, 0x21, 0x00, 0x21, 0x00, 0x21, 0x00,
0x21, 0x00, 0x21, 0x00, 0x21, 0x00, 0x21, 0x00, 0x21, 0x00, 0x21, 0x00, 0x21, 0x00, 0x21, 0x00, 0x21, 0x00, 0x21, 0x00, 0x21, 0x00, 0x21, 0x00,
0x21, 0x00, 0x21, 0x00, 0x22, 0x00, 0x22, 0x00, 0x22, 0x00, 0x22, 0x00, 0x22, 0x00, 0x22, 0x00, 0x22, 0x00, 0x22, 0x00, 0x22, 0x00, 0x22, 0x00,
0x22, 0x00, 0x22, 0x00, 0x43, 0x00, 0xd5, 0x21, 0x17, 0x2a, 0x38, 0x2a, 0xfb, 0x63, 0x3f, 0xdf, 0x3f, 0xdf, 0x3f, 0xdf, 0x1f, 0x9e, 0x9e, 0x4c,
0x9e, 0x4c, 0x9e, 0x4c, 0x9e, 0x4c, 0x9e, 0x4c, 0x9e, 0x4c, 0x9e, 0x4c, 0x9e, 0x4c, 0x9e, 0x4c, 0x9e, 0x4c, 0xbe, 0x4c, 0xbe, 0x4c, 0xbe, 0x4c,
0xbe, 0x4c, 0xbe, 0x4c, 0xbe, 0x4c, 0xbe, 0x4c, 0xbe, 0x4c, 0xbe, 0x4c, 0xbe, 0x54, 0xbe, 0x54, 0xbe, 0x54, 0xbe, 0x54, 0xbe, 0x54, 0xbe, 0x54,
0xbe, 0x54, 0xbe, 0x54, 0xbe, 0x54, 0xbe, 0x54, 0xbe, 0x54, 0xbe, 0x54, 0xde, 0x54, 0xde, 0x54, 0xde, 0x54, 0xfe, 0x5c, 0x7e, 0x75, 0xbe, 0x7d,
0x7e, 0x75, 0x7e, 0x75, 0x7e, 0x75, 0x9e, 0x75, 0x9e, 0x7d, 0x9e, 0x7d, 0x9e, 0x7d, 0x9e, 0x7d, 0x9e, 0x7d, 0x9e, 0x7d, 0x9e, 0x7d, 0xbe, 0x85,
0x9e, 0x7d, 0x9e, 0x7d, 0x9e, 0x7d, 0x9e, 0x7d, 0x9e, 0x7d, 0x9e, 0x7d, 0xbe, 0x85, 0x9e, 0x7d, 0x9e, 0x7d, 0x9e, 0x7d, 0x9e, 0x7d, 0x9e, 0x7d,
0xbe, 0x85, 0x9e, 0x7d, 0x9e, 0x7d, 0x9e, 0x7d, 0x9e, 0x7d, 0x9e, 0x7d, 0x9e, 0x7d, 0x9e, 0x7d, 0x9e, 0x7d, 0x9e, 0x7d, 0x9e, 0x7d, 0x9e, 0x7d,
0x9e, 0x75, 0x7f, 0xa6, 0x7f, 0xcf, 0x7f, 0xcf, 0x7f, 0xcf, 0x7f, 0xcf, 0xff, 0xbe, 0x7e, 0x75, 0xfe, 0x5c, 0xde, 0x54, 0xde, 0x54, 0xbe, 0x54,
0xbe, 0x54, 0xbe, 0x54, 0xbe, 0x54, 0xbe, 0x54, 0xbe, 0x54, 0xbe, 0x54, 0xbe, 0x54, 0xbe, 0x54, 0xbe, 0x54, 0xbe, 0x54, 0xbe, 0x4c, 0xbe, 0x4c,
0xbe, 0x4c, 0xbe, 0x4c, 0xbe, 0x4c, 0xbe, 0x4c, 0xbe, 0x4c, 0xbe, 0x4c, 0xbe, 0x4c, 0x9e, 0x4c, 0x9e, 0x4c, 0x9e, 0x4c, 0x9e, 0x4c, 0x9e, 0x4c,
0x9e, 0x4c, 0x9e, 0x4c, 0x9e, 0x4c, 0x9e, 0x4c, 0x9e, 0x4c, 0x7e, 0x7d, 0x3f, 0xdf, 0x3f, 0xdf, 0x3f, 0xdf, 0x1c, 0x95, 0x58, 0x2a, 0x18, 0x2a,
0xf7, 0x29, 0x87, 0x08, 0x22, 0x00, 0x22, 0x00, 0x22, 0x00, 0x22, 0x00, 0x22, 0x00, 0x22, 0x00, 0x22, 0x00, 0x22, 0x00, 0x22, 0x00, 0x22, 0x00,
0x22, 0x00, 0x22, 0x00, 0x21, 0x00, 0x21, 0x00, 0x21, 0x00, 0x21, 0x00, 0x21, 0x00, 0x21, 0x00, 0x21, 0x00, 0x21, 0x00, 0x21, 0x00, 0x21, 0x00,
0x21, 0x00, 0x21, 0x00, 0x21, 0x00, 0x21, 0x00, 0x21, 0x00, 0x21, 0x00, 0x21, 0x00, 0x21, 0x00, 0x21, 0x00, 0x21, 0x00, 0x21, 0x00, 0x21, 0x00,
0x21, 0x00, 0x21, 0x00, 0x21, 0x00, 0x21, 0x00, 0x21, 0x00, 0x21, 0x00, 0x21, 0x00, 0x21, 0x00, 0x21, 0x00, 0x21, 0x00, 0x21, 0x00, 0x21, 0x00,
0x21, 0x00, 0x21, 0x00, 0x21, 0x00, 0x21, 0x00, 0x21, 0x00, 0x21, 0x00, 0x21, 0x00, 0x21, 0x00, 0x21, 0x00, 0x21, 0x00, 0x22, 0x00, 0x22, 0x00,
0x22, 0x00, 0x22, 0x00, 0x22, 0x00, 0x22, 0x00, 0x22, 0x00, 0x22, 0x00, 0x22, 0x00, 0x22, 0x00, 0x22, 0x00, 0x22, 0x00, 0x2f, 0x19, 0xf7, 0x29,
0x38, 0x2a, 0xb9, 0x3a, 0xff, 0xd6, 0x3f, 0xdf, 0x3f, 0xdf, 0xff, 0xce, 0xde, 0x54, 0x9e, 0x4c, 0xbe, 0x4c, 0xbe, 0x4c, 0xbe, 0x4c, 0xbe, 0x4c,
0xbe, 0x4c, 0xbe, 0x4c, 0xbe, 0x4c, 0xbe, 0x4c, 0xbe, 0x4c, 0xbe, 0x4c, 0xbe, 0x4c, 0xbe, 0x4c, 0xbe, 0x4c, 0xbe, 0x4c, 0xbe, 0x4c, 0xbe, 0x4c,
0xbe, 0x4c, 0xbe, 0x54, 0xbe, 0x54, 0xbe, 0x54, 0xbe, 0x54, 0xbe, 0x54, 0xbe, 0x54, 0xbe, 0x54, 0xbe, 0x54, 0xbe, 0x54, 0xbe, 0x54, 0xde, 0x54,
0xde, 0x54, 0xde, 0x54, 0xde, 0x54, 0xde, 0x54, 0x5e, 0x6d, 0x5f, 0xc7, 0x7f, 0xcf, 0x7f, 0xcf, 0x7f, 0xcf, 0x7f, 0xcf, 0x7f, 0xcf, 0x7f, 0xcf,
0x7f, 0xcf, 0x7f, 0xcf, 0x7f, 0xcf, 0x7f, 0xcf, 0x7f, 0xcf, 0x7f, 0xcf, 0x7f, 0xcf, 0x7f, 0xcf, 0x7f, 0xcf, 0x7f, 0xcf, 0x7f, 0xcf, 0x7f, 0xcf,
0x7f, 0xcf, 0x7f, 0xcf, 0x7f, 0xcf, 0x7f, 0xcf, 0x7f, 0xcf, 0x7f, 0xcf, 0x7f, 0xcf, 0x7f, 0xcf, 0x7f, 0xcf, 0x7f, 0xcf, 0x7f, 0xcf, 0x7f, 0xcf,
0x7f, 0xcf, 0x7f, 0xcf, 0x7f, 0xcf, 0x7f, 0xcf, 0x7f, 0xcf, 0x7f, 0xcf, 0x7f, 0xcf, 0x7f, 0xcf, 0x7f, 0xcf, 0x7f, 0xcf, 0x7f, 0xcf, 0x7f, 0xcf,
0x7f, 0xcf, 0x7f, 0xcf, 0x7f, 0xcf, 0x7f, 0xcf, 0x7f, 0xcf, 0xff, 0xbe, 0x5e, 0x9e, 0x1e, 0x65, 0xde, 0x54, 0xbe, 0x54, 0xbe, 0x54, 0xbe, 0x54,
0xbe, 0x54, 0xbe, 0x54, 0xbe, 0x54, 0xbe, 0x54, 0xbe, 0x54, 0xbe, 0x54, 0xbe, 0x54, 0xbe, 0x4c, 0xbe, 0x4c, 0xbe, 0x4c, 0xbe, 0x4c, 0xbe, 0x4c,
0xbe, 0x4c, 0xbe, 0x4c, 0xbe, 0x4c, 0xbe, 0x4c, 0xbe, 0x4c, 0xbe, 0x4c, 0xbe, 0x4c, 0xbe, 0x4c, 0xbe, 0x4c, 0xbe, 0x4c, 0xbe, 0x4c, 0xbe, 0x4c,
0x9e, 0x4c, 0x9e, 0x4c, 0x7f, 0xb6, 0x3f, 0xdf, 0x3f, 0xdf, 0x3f, 0xdf, 0x9a, 0x5b, 0x38, 0x2a, 0x17, 0x2a, 0xb4, 0x21, 0x22, 0x00, 0x22, 0x00,
0x22, 0x00, 0x22, 0x00, 0x22, 0x00, 0x22, 0x00, 0x22, 0x00, 0x22, 0x00, 0x22, 0x00, 0x22, 0x00, 0x22, 0x00, 0x22, 0x00, 0x21, 0x00, 0x21, 0x00,
0x21, 0x00, 0x21, 0x00, 0x21, 0x00, 0x21, 0x00, 0x21, 0x00, 0x21, 0x00, 0x21, 0x00, 0x21, 0x00, 0x21, 0x00, 0x21, 0x00, 0x21, 0x00, 0x21, 0x00,
0x21, 0x00, 0x21, 0x00, 0x21, 0x00, 0x21, 0x00, 0x21, 0x00, 0x21, 0x00, 0x21, 0x00, 0x21, 0x00, 0x21, 0x00, 0x21, 0x00, 0x21, 0x00, 0x21, 0x00,
0x21, 0x00, 0x21, 0x00, 0x21, 0x00, 0x21, 0x00, 0x21, 0x00, 0x21, 0x00, 0x21, 0x00, 0x21, 0x00, 0x21, 0x00, 0x21, 0x00, 0x21, 0x00, 0x21, 0x00,
0x21, 0x00, 0x21, 0x00, 0x21, 0x00, 0x21, 0x00, 0x21, 0x00, 0x21, 0x00, 0x22, 0x00, 0x22, 0x00, 0x22, 0x00, 0x22, 0x00, 0x22, 0x00, 0x22, 0x00,
0x22, 0x00, 0x22, 0x00, 0x22, 0x00, 0x22, 0x00, 0x22, 0x00, 0x87, 0x08, 0xf7, 0x29, 0x18, 0x2a, 0x58, 0x2a, 0x1d, 0x95, 0x3f, 0xdf, 0x3f, 0xdf,
0x3f, 0xdf, 0x5e, 0x75, 0xbe, 0x4c, 0xbe, 0x4c, 0xbe, 0x4c, 0xbe, 0x4c, 0xbe, 0x4c, 0xbe, 0x4c, 0xbe, 0x4c, 0xbe, 0x4c, 0xbe, 0x4c, 0xbe, 0x4c,
0xbe, 0x4c, 0xbe, 0x4c, 0xbe, 0x4c, 0xbe, 0x4c, 0xbe, 0x4c, 0xbe, 0x4c, 0xbe, 0x4c, 0xbe, 0x54, 0xbe, 0x54, 0xbe, 0x54, 0xbe, 0x54, 0xbe, 0x54,
0xbe, 0x54, 0xbe, 0x54, 0xbe, 0x54, 0xbe, 0x54, 0xde, 0x54, 0xde, 0x54, 0xde, 0x54, 0xde, 0x54, 0xde, 0x54, 0xde, 0x54, 0xde, 0x54, 0xfe, 0x5c,
0x5f, 0xc7, 0x7f, 0xcf, 0x7f, 0xcf, 0x7f, 0xcf, 0x7f, 0xcf, 0x7f, 0xcf, 0x7f, 0xcf, 0x7f, 0xcf, 0x7f, 0xcf, 0x7f, 0xcf, 0x7f, 0xcf, 0x7f, 0xcf,
0x7f, 0xcf, 0x7f, 0xcf, 0x7f, 0xcf, 0x7f, 0xcf, 0x7f, 0xcf, 0x7f, 0xcf, 0x7f, 0xcf, 0x7f, 0xcf, 0x7f, 0xcf, 0x7f, 0xcf, 0x7f, 0xcf, 0x7f, 0xcf,
0x7f, 0xcf, 0x7f, 0xcf, 0x7f, 0xcf, 0x7f, 0xcf, 0x7f, 0xcf, 0x7f, 0xcf, 0x7f, 0xcf, 0x7f, 0xcf, 0x7f, 0xcf, 0x7f, 0xcf, 0x7f, 0xcf, 0x7f, 0xcf,
0x7f, 0xcf, 0x7f, 0xcf, 0x7f, 0xcf, 0x7f, 0xcf, 0x7f, 0xcf, 0x7f, 0xcf, 0x7f, 0xcf, 0x7f, 0xcf, 0x7f, 0xcf, 0x7f, 0xcf, 0x7f, 0xcf, 0x7f, 0xcf,
0x7f, 0xcf, 0x7f, 0xcf, 0x7f, 0xcf, 0x7f, 0xcf, 0x7f, 0xa6, 0xfe, 0x5c, 0xde, 0x54, 0xde, 0x54, 0xbe, 0x54, 0xbe, 0x54, 0xbe, 0x54, 0xbe, 0x54,
0xbe, 0x54, 0xbe, 0x54, 0xbe, 0x54, 0xbe, 0x54, 0xbe, 0x54, 0xbe, 0x4c, 0xbe, 0x4c, 0xbe, 0x4c, 0xbe, 0x4c, 0xbe, 0x4c, 0xbe, 0x4c, 0xbe, 0x4c,
0xbe, 0x4c, 0xbe, 0x4c, 0xbe, 0x4c, 0xbe, 0x4c, 0xbe, 0x4c, 0xbe, 0x4c, 0xbe, 0x4c, 0xbe, 0x4c, 0xbe, 0x4c, 0xbe, 0x4c, 0xde, 0x54, 0x1f, 0xd7,
0x3f, 0xdf, 0x3f, 0xdf, 0x5e, 0xbe, 0x58, 0x2a, 0x38, 0x2a, 0xf7, 0x29, 0x0c, 0x11, 0x22, 0x00, 0x22, 0x00, 0x22, 0x00, 0x22, 0x00, 0x22, 0x00,
0x22, 0x00, 0x22, 0x00, 0x22, 0x00, 0x22, 0x00, 0x22, 0x00, 0x22, 0x00, 0x22, 0x00, 0x21, 0x00, 0x21, 0x00, 0x21, 0x00, 0x21, 0x00, 0x21, 0x00,
0x21, 0x00, 0x21, 0x00, 0x21, 0x00, 0x21, 0x00, 0x21, 0x00, 0x21, 0x00, 0x21, 0x00, 0x21, 0x00, 0x21, 0x00, 0x21, 0x00, 0x21, 0x00, 0x21, 0x00,
0x21, 0x00, 0x21, 0x00, 0x21, 0x00, 0x21, 0x00, 0x21, 0x00, 0x21, 0x00, 0x21, 0x00, 0x21, 0x00, 0x21, 0x00, 0x21, 0x00, 0x21, 0x00, 0x21, 0x00,
0x21, 0x00, 0x21, 0x00, 0x21, 0x00, 0x21, 0x00, 0x21, 0x00, 0x21, 0x00, 0x21, 0x00, 0x21, 0x00, 0x21, 0x00, 0x21, 0x00, 0x21, 0x00, 0x21, 0x00,
0x21, 0x00, 0x22, 0x00, 0x22, 0x00, 0x22, 0x00, 0x22, 0x00, 0x22, 0x00, 0x22, 0x00, 0x22, 0x00, 0x22, 0x00, 0x22, 0x00, 0x22, 0x00, 0x22, 0x00,
0x22, 0x00, 0x71, 0x19, 0x17, 0x2a, 0x38, 0x2a, 0xfa, 0x42, 0x3f, 0xdf, 0x3f, 0xdf, 0x3f, 0xdf, 0x1f, 0x9e, 0xbe, 0x4c, 0xbe, 0x4c, 0xbe, 0x4c,
0xbe, 0x4c, 0xbe, 0x4c, 0xbe, 0x4c, 0xbe, 0x4c, 0xbe, 0x4c, 0xbe, 0x4c, 0xbe, 0x4c, 0xbe, 0x4c, 0xbe, 0x4c, 0xbe, 0x4c, 0xbe, 0x4c, 0xbe, 0x4c,
0xbe, 0x4c, 0xbe, 0x4c, 0xbe, 0x54, 0xbe, 0x54, 0xbe, 0x54, 0xbe, 0x54, 0xbe, 0x54, 0xbe, 0x54, 0xbe, 0x54, 0xde, 0x54, 0xde, 0x54, 0xde, 0x54,
0xde, 0x54, 0xde, 0x54, 0xde, 0x54, 0xde, 0x54, 0xde, 0x54, 0xde, 0x54, 0xde, 0x54, 0x7e, 0x75, 0x7f, 0xcf, 0x7f, 0xcf, 0x7f, 0xcf, 0x7f, 0xcf,
0x7f, 0xcf, 0x7f, 0xcf, 0x7f, 0xcf, 0x7f, 0xcf, 0x7f, 0xcf, 0x7f, 0xcf, 0x7f, 0xcf, 0x7f, 0xcf, 0x7f, 0xcf, 0x7f, 0xcf, 0x7f, 0xcf, 0x7f, 0xcf,
0x7f, 0xcf, 0x7f, 0xcf, 0x7f, 0xcf, 0x7f, 0xcf, 0x7f, 0xcf, 0x7f, 0xcf, 0x7f, 0xcf, 0x7f, 0xcf, 0x7f, 0xcf, 0x7f, 0xcf, 0x7f, 0xcf, 0x7f, 0xcf,
0x7f, 0xcf, 0x7f, 0xcf, 0x7f, 0xcf, 0x7f, 0xcf, 0x7f, 0xcf, 0x7f, 0xcf, 0x7f, 0xcf, 0x7f, 0xcf, 0x7f, 0xcf, 0x7f, 0xcf, 0x7f, 0xcf, 0x7f, 0xcf,
0x7f, 0xcf, 0x7f, 0xcf, 0x7f, 0xcf, 0x7f, 0xcf, 0x7f, 0xcf, 0x7f, 0xcf, 0x7f, 0xcf, 0x7f, 0xcf, 0x7f, 0xcf, 0x7f, 0xcf, 0x7f, 0xcf, 0x7f, 0xcf,
0x7f, 0xcf, 0x1f, 0xc7, 0x5e, 0x6d, 0xde, 0x54, 0xde, 0x54, 0xde, 0x54, 0xde, 0x54, 0xbe, 0x54, 0xbe, 0x54, 0xbe, 0x54, 0xbe, 0x54, 0xbe, 0x54,
0xbe, 0x54, 0xbe, 0x54, 0xbe, 0x54, 0xbe, 0x4c, 0xbe, 0x4c, 0xbe, 0x4c, 0xbe, 0x4c, 0xbe, 0x4c, 0xbe, 0x4c, 0xbe, 0x4c, 0xbe, 0x4c, 0xbe, 0x4c,
0xbe, 0x4c, 0xbe, 0x4c, 0xbe, 0x4c, 0xbe, 0x4c, 0xbe, 0x4c, 0xbe, 0x4c, 0xbe, 0x4c, 0x7e, 0x7d, 0x3f, 0xdf, 0x3f, 0xdf, 0x3f, 0xdf, 0x3b, 0x74,
0x38, 0x2a, 0x17, 0x2a, 0xd5, 0x21, 0x43, 0x00, 0x22, 0x00, 0x22, 0x00, 0x22, 0x00, 0x22, 0x00, 0x22, 0x00, 0x22, 0x00, 0x22, 0x00, 0x22, 0x00,
0x22, 0x00, 0x22, 0x00, 0x22, 0x00, 0x21, 0x00, 0x21, 0x00, 0x21, 0x00, 0x21, 0x00, 0x21, 0x00, 0x21, 0x00, 0x21, 0x00, 0x21, 0x00, 0x21, 0x00,
0x21, 0x00, 0x21, 0x00, 0x21, 0x00, 0x21, 0x00, 0x21, 0x00, 0x21, 0x00, 0x21, 0x00, 0x21, 0x00, 0x21, 0x00, 0x21, 0x00, 0x21, 0x00, 0x21, 0x00,
0x21, 0x00, 0x21, 0x00, 0x21, 0x00, 0x21, 0x00, 0x21, 0x00, 0x21, 0x00, 0x21, 0x00, 0x21, 0x00, 0x21, 0x00, 0x21, 0x00, 0x21, 0x00, 0x21, 0x00,
0x21, 0x00, 0x21, 0x00, 0x21, 0x00, 0x21, 0x00, 0x21, 0x00, 0x21, 0x00, 0x21, 0x00, 0x21, 0x00, 0x21, 0x00, 0x22, 0x00, 0x22, 0x00, 0x22, 0x00,
0x22, 0x00, 0x22, 0x00, 0x22, 0x00, 0x22, 0x00, 0x22, 0x00, 0x22, 0x00, 0x22, 0x00, 0x22, 0x00, 0x87, 0x08, 0xf7, 0x29, 0x18, 0x2a, 0x58, 0x2a,
0x1e, 0xb6, 0x3f, 0xdf, 0x3f, 0xdf, 0x1f, 0xd7, 0xde, 0x54, 0xbe, 0x4c, 0xbe, 0x4c, 0xbe, 0x4c, 0xbe, 0x4c, 0xbe, 0x4c, 0xbe, 0x4c, 0xbe, 0x4c,
0xbe, 0x4c, 0xbe, 0x4c, 0xbe, 0x4c, 0xbe, 0x4c, 0xbe, 0x4c, 0xbe, 0x4c, 0xbe, 0x4c, 0xbe, 0x4c, 0xbe, 0x54, 0xbe, 0x54, 0xbe, 0x54, 0xbe, 0x54,
0xbe, 0x54, 0xde, 0x54, 0xde, 0x54, 0xde, 0x54, 0xde, 0x54, 0xde, 0x54, 0xde, 0x54, 0xde, 0x54, 0xde, 0x54, 0xde, 0x54, 0xde, 0x54, 0xde, 0x54,
0xde, 0x54, 0xde, 0x54, 0xde, 0x54, 0xbe, 0x7d, 0x7f, 0xcf, 0x7f, 0xcf, 0x7f, 0xcf, 0x7f, 0xcf, 0x7f, 0xcf, 0x7f, 0xcf, 0x7f, 0xcf, 0x7f, 0xcf,
0x7f, 0xcf, 0x7f, 0xcf, 0x7f, 0xcf, 0x7f, 0xcf, 0x7f, 0xcf, 0x7f, 0xcf, 0x7f, 0xcf, 0x7f, 0xcf, 0x7f, 0xcf, 0x7f, 0xcf, 0x7f, 0xcf, 0x7f, 0xcf,
0x7f, 0xcf, 0x7f, 0xcf, 0x7f, 0xcf, 0x7f, 0xcf, 0x7f, 0xcf, 0x7f, 0xcf, 0x7f, 0xcf, 0x7f, 0xcf, 0x7f, 0xcf, 0x7f, 0xcf, 0x7f, 0xcf, 0x7f, 0xcf,
0x7f, 0xcf, 0x7f, 0xcf, 0x7f, 0xcf, 0x7f, 0xcf, 0x7f, 0xcf, 0x7f, 0xcf, 0x7f, 0xcf, 0x7f, 0xcf, 0x7f, 0xcf, 0x7f, 0xcf, 0x7f, 0xcf, 0x7f, 0xcf,
0x7f, 0xcf, 0x7f, 0xcf, 0x7f, 0xcf, 0x7f, 0xcf, 0x7f, 0xcf, 0x7f, 0xcf, 0x7f, 0xcf, 0x7f, 0xcf, 0x7f, 0xcf, 0x7f, 0xcf, 0x5f, 0xc7, 0x3e, 0x65,
0xde, 0x54, 0xde, 0x54, 0xde, 0x54, 0xde, 0x54, 0xde, 0x54, 0xde, 0x54, 0xde, 0x54, 0xbe, 0x54, 0xbe, 0x54, 0xbe, 0x54, 0xbe, 0x54, 0xbe, 0x54,
0xbe, 0x4c, 0xbe, 0x4c, 0xbe, 0x4c, 0xbe, 0x4c, 0xbe, 0x4c, 0xbe, 0x4c, 0xbe, 0x4c, 0xbe, 0x4c, 0xbe, 0x4c, 0xbe, 0x4c, 0xbe, 0x4c, 0xbe, 0x4c,
0xbe, 0x4c, 0xbe, 0x4c, 0xbe, 0x4c, 0xbe, 0x4c, 0x9f, 0xbe, 0x3f, 0xdf, 0x3f, 0xdf, 0xff, 0xd6, 0xb9, 0x3a, 0x38, 0x2a, 0xf7, 0x29, 0x0c, 0x11,
0x22, 0x00, 0x22, 0x00, 0x22, 0x00, 0x22, 0x00, 0x22, 0x00, 0x22, 0x00, 0x22, 0x00, 0x22, 0x00, 0x22, 0x00, 0x22, 0x00, 0x22, 0x00, 0x21, 0x00,
0x21, 0x00, 0x21, 0x00, 0x21, 0x00, 0x21, 0x00, 0x21, 0x00, 0x21, 0x00, 0x21, 0x00, 0x21, 0x00, 0x21, 0x00, 0x21, 0x00, 0x21, 0x00, 0x21, 0x00,
0x21, 0x00, 0x21, 0x00, 0x21, 0x00, 0x21, 0x00, 0x21, 0x00, 0x21, 0x00, 0x21, 0x00, 0x21, 0x00, 0x21, 0x00, 0x21, 0x00, 0x21, 0x00, 0x21, 0x00,
0x21, 0x00, 0x21, 0x00, 0x21, 0x00, 0x21, 0x00, 0x21, 0x00, 0x21, 0x00, 0x21, 0x00, 0x21, 0x00, 0x21, 0x00, 0x21, 0x00, 0x21, 0x00, 0x21, 0x00,
0x21, 0x00, 0x21, 0x00, 0x21, 0x00, 0x21, 0x00, 0x21, 0x00, 0x22, 0x00, 0x22, 0x00, 0x22, 0x00, 0x22, 0x00, 0x22, 0x00, 0x22, 0x00, 0x22, 0x00,
0x22, 0x00, 0x22, 0x00, 0x22, 0x00, 0x22, 0x00, 0x71, 0x19, 0x17, 0x2a, 0x38, 0x2a, 0x9a, 0x5b, 0x3f, 0xdf, 0x3f, 0xdf, 0x3f, 0xdf, 0xff, 0x95,
0xbe, 0x4c, 0xbe, 0x4c, 0xbe, 0x4c, 0xbe, 0x4c, 0xbe, 0x4c, 0xbe, 0x4c, 0xbe, 0x4c, 0xbe, 0x4c, 0xbe, 0x4c, 0xbe, 0x4c, 0xbe, 0x4c, 0xbe, 0x4c,
0xbe, 0x4c, 0xbe, 0x4c, 0xbe, 0x54, 0xbe, 0x54, 0xbe, 0x54, 0xde, 0x54, 0xde, 0x54, 0xde, 0x54, 0xde, 0x54, 0xde, 0x54, 0xde, 0x54, 0xde, 0x54,
0xde, 0x54, 0xde, 0x54, 0xde, 0x54, 0xde, 0x54, 0xde, 0x54, 0xde, 0x54, 0xde, 0x54, 0xde, 0x54, 0xde, 0x54, 0xde, 0x54, 0xfe, 0x54, 0x3e, 0x65,
0x7f, 0xcf, 0x7f, 0xcf, 0x7f, 0xcf, 0x7f, 0xcf, 0x7f, 0xcf, 0x7f, 0xcf, 0x7f, 0xcf, 0x7f, 0xcf, 0x7f, 0xcf, 0x7f, 0xcf, 0x7f, 0xcf, 0x7f, 0xcf,
0x7f, 0xcf, 0x7f, 0xcf, 0x7f, 0xcf, 0x7f, 0xcf, 0x7f, 0xcf, 0x7f, 0xcf, 0x7f, 0xcf, 0x7f, 0xcf, 0x7f, 0xcf, 0x7f, 0xcf, 0x7f, 0xcf, 0x7f, 0xcf,
0x7f, 0xcf, 0x7f, 0xcf, 0x7f, 0xcf, 0x7f, 0xcf, 0x7f, 0xcf, 0x7f, 0xcf, 0x7f, 0xcf, 0x7f, 0xcf, 0x7f, 0xcf, 0x7f, 0xcf, 0x7f, 0xcf, 0x7f, 0xcf,
0x7f, 0xcf, 0x7f, 0xcf, 0x7f, 0xcf, 0x7f, 0xcf, 0x7f, 0xcf, 0x7f, 0xcf, 0x7f, 0xcf, 0x7f, 0xcf, 0x7f, 0xcf, 0x7f, 0xcf, 0x7f, 0xcf, 0x7f, 0xcf,
0x7f, 0xcf, 0x7f, 0xcf, 0x7f, 0xcf, 0x7f, 0xcf, 0x7f, 0xcf, 0x7f, 0xcf, 0x7f, 0xcf, 0xdf, 0xb6, 0xde, 0x54, 0xde, 0x54, 0xde, 0x54, 0xde, 0x54,
0xde, 0x54, 0xde, 0x54, 0xde, 0x54, 0xde, 0x54, 0xde, 0x54, 0xde, 0x54, 0xde, 0x54, 0xbe, 0x54, 0xbe, 0x54, 0xbe, 0x54, 0xbe, 0x4c, 0xbe, 0x4c,
0xbe, 0x4c, 0xbe, 0x4c, 0xbe, 0x4c, 0xbe, 0x4c, 0xbe, 0x4c, 0xbe, 0x4c, 0xbe, 0x4c, 0xbe, 0x4c, 0xbe, 0x4c, 0xbe, 0x4c, 0xbe, 0x4c, 0xbe, 0x4c,
0x5e, 0x75, 0x3f, 0xdf, 0x3f, 0xdf, 0x3f, 0xdf, 0xdc, 0x84, 0x58, 0x2a, 0x17, 0x2a, 0xd5, 0x21, 0x43, 0x00, 0x22, 0x00, 0x22, 0x00, 0x22, 0x00,
0x22, 0x00, 0x22, 0x00, 0x22, 0x00, 0x22, 0x00, 0x22, 0x00, 0x22, 0x00, 0x22, 0x00, 0x21, 0x00, 0x21, 0x00, 0x21, 0x00, 0x21, 0x00, 0x21, 0x00,
0x21, 0x00, 0x21, 0x00, 0x21, 0x00, 0x21, 0x00, 0x21, 0x00, 0x21, 0x00, 0x21, 0x00, 0x21, 0x00, 0x21, 0x00, 0x21, 0x00, 0x21, 0x00, 0x21, 0x00,
0x21, 0x00, 0x21, 0x00, 0x21, 0x00, 0x21, 0x00, 0x21, 0x00, 0x21, 0x00, 0x21, 0x00, 0x21, 0x00, 0x21, 0x00, 0x21, 0x00, 0x21, 0x00, 0x21, 0x00,
0x21, 0x00, 0x21, 0x00, 0x21, 0x00, 0x21, 0x00, 0x21, 0x00, 0x21, 0x00, 0x21, 0x00, 0x21, 0x00, 0x21, 0x00, 0x21, 0x00, 0x21, 0x00, 0x21, 0x00,
0x21, 0x00, 0x22, 0x00, 0x22, 0x00, 0x22, 0x00, 0x22, 0x00, 0x22, 0x00, 0x22, 0x00, 0x22, 0x00, 0x22, 0x00, 0x22, 0x00, 0x22, 0x00, 0x64, 0x08,
0xf7, 0x29, 0x18, 0x2a, 0x58, 0x2a, 0x7d, 0x9d, 0x3f, 0xdf, 0x3f, 0xdf, 0x1f, 0xd7, 0xfe, 0x54, 0xbe, 0x4c, 0xbe, 0x4c, 0xbe, 0x4c, 0xbe, 0x4c,
0xbe, 0x4c, 0xbe, 0x4c, 0xbe, 0x4c, 0xbe, 0x4c, 0xbe, 0x4c, 0xbe, 0x4c, 0xbe, 0x4c, 0xbe, 0x4c, 0xde, 0x4c, 0xde, 0x54, 0xde, 0x54, 0xde, 0x54,
0xde, 0x54, 0xde, 0x54, 0xde, 0x54, 0xde, 0x54, 0xde, 0x54, 0xde, 0x54, 0xde, 0x54, 0xde, 0x54, 0xde, 0x54, 0xde, 0x54, 0xde, 0x54, 0xde, 0x54,
0xde, 0x54, 0xde, 0x54, 0xde, 0x54, 0xfe, 0x54, 0xfe, 0x54, 0xfe, 0x54, 0xfe, 0x5c, 0xfe, 0x5c, 0xde, 0x85, 0x7f, 0xcf, 0x7f, 0xcf, 0x7f, 0xcf,
0x7f, 0xcf, 0x7f, 0xcf, 0x7f, 0xcf, 0x7f, 0xcf, 0x7f, 0xcf, 0x7f, 0xcf, 0x7f, 0xcf, 0x7f, 0xcf, 0x7f, 0xcf, 0x7f, 0xcf, 0x7f, 0xcf, 0x7f, 0xcf,
0x7f, 0xcf, 0x7f, 0xcf, 0x7f, 0xcf, 0x7f, 0xcf, 0x7f, 0xcf, 0x7f, 0xcf, 0x7f, 0xcf, 0x7f, 0xcf, 0x7f, 0xcf, 0x7f, 0xcf, 0x7f, 0xcf, 0x7f, 0xcf,
0x7f, 0xcf, 0x7f, 0xcf, 0x7f, 0xcf, 0x7f, 0xcf, 0x7f, 0xcf, 0x7f, 0xcf, 0x7f, 0xcf, 0x7f, 0xcf, 0x7f, 0xcf, 0x7f, 0xcf, 0x7f, 0xcf, 0x7f, 0xcf,
0x7f, 0xcf, 0x7f, 0xcf, 0x7f, 0xcf, 0x7f, 0xcf, 0x7f, 0xcf, 0x7f, 0xcf, 0x7f, 0xcf, 0x7f, 0xcf, 0x7f, 0xcf, 0x7f, 0xcf, 0x7f, 0xcf, 0x7f, 0xcf,
0x7f, 0xcf, 0x7f, 0xcf, 0x7f, 0xcf, 0x7f, 0xcf, 0xbe, 0x7d, 0xde, 0x54, 0xde, 0x54, 0xde, 0x54, 0xde, 0x54, 0xde, 0x54, 0xde, 0x54, 0xde, 0x54,
0xde, 0x54, 0xde, 0x54, 0xde, 0x54, 0xde, 0x54, 0xde, 0x54, 0xde, 0x54, 0xde, 0x54, 0xde, 0x4c, 0xbe, 0x4c, 0xbe, 0x4c, 0xbe, 0x4c, 0xbe, 0x4c,
0xbe, 0x4c, 0xbe, 0x4c, 0xbe, 0x4c, 0xbe, 0x4c, 0xbe, 0x4c, 0xbe, 0x4c, 0xbe, 0x4c, 0xbe, 0x4c, 0xbe, 0x4c, 0x9f, 0xbe, 0x3f, 0xdf, 0x3f, 0xdf,
0xbf, 0xce, 0x59, 0x2a, 0x38, 0x2a, 0xf7, 0x29, 0xca, 0x10, 0x22, 0x00, 0x22, 0x00, 0x22, 0x00, 0x22, 0x00, 0x22, 0x00, 0x22, 0x00, 0x22, 0x00,
0x22, 0x00, 0x22, 0x00, 0x22, 0x00, 0x21, 0x00, 0x21, 0x00, 0x21, 0x00, 0x21, 0x00, 0x21, 0x00, 0x21, 0x00, 0x21, 0x00, 0x21, 0x00, 0x21, 0x00,
0x21, 0x00, 0x21, 0x00, 0x21, 0x00, 0x21, 0x00, 0x21, 0x00, 0x21, 0x00, 0x21, 0x00, 0x21, 0x00, 0x21, 0x00, 0x21, 0x00, 0x21, 0x00, 0x21, 0x00,
0x21, 0x00, 0x21, 0x00, 0x21, 0x00, 0x21, 0x00, 0x21, 0x00, 0x21, 0x00, 0x21, 0x00, 0x21, 0x00, 0x21, 0x00, 0x21, 0x00, 0x21, 0x00, 0x21, 0x00,
0x21, 0x00, 0x21, 0x00, 0x21, 0x00, 0x21, 0x00, 0x21, 0x00, 0x21, 0x00, 0x21, 0x00, 0x21, 0x00, 0x21, 0x00, 0x22, 0x00, 0x22, 0x00, 0x22, 0x00,
0x22, 0x00, 0x22, 0x00, 0x22, 0x00, 0x22, 0x00, 0x22, 0x00, 0x22, 0x00, 0x22, 0x00, 0x2d, 0x19, 0xf7, 0x29, 0x38, 0x2a, 0xf9, 0x42, 0x3f, 0xdf,
0x3f, 0xdf, 0x3f, 0xdf, 0xff, 0x95, 0xbe, 0x4c, 0xbe, 0x4c, 0xbe, 0x4c, 0xbe, 0x4c, 0xbe, 0x4c, 0xbe, 0x4c, 0xbe, 0x4c, 0xde, 0x4c, 0xde, 0x4c,
0xde, 0x4c, 0xde, 0x4c, 0xde, 0x4c, 0xde, 0x54, 0xde, 0x54, 0xde, 0x54, 0xde, 0x54, 0xde, 0x54, 0xde, 0x54, 0xde, 0x54, 0xde, 0x54, 0xde, 0x54,
0xde, 0x54, 0xde, 0x54, 0xde, 0x54, 0xde, 0x54, 0xde, 0x54, 0xde, 0x54, 0xde, 0x54, 0xde, 0x54, 0xde, 0x54, 0xfe, 0x54, 0xfe, 0x54, 0xfe, 0x54,
0xfe, 0x54, 0xfe, 0x5c, 0xfe, 0x5c, 0xfe, 0x5c, 0xfe, 0x5c, 0x9e, 0x75, 0x3e, 0x96, 0x5e, 0x9e, 0x3e, 0x96, 0x3e, 0x96, 0x3e, 0x96, 0x3e, 0x96,
0x3e, 0x96, 0x3e, 0x96, 0x5e, 0x9e, 0x5e, 0x9e, 0x5e, 0x9e, 0x7f, 0xa6, 0x5e, 0x9e, 0x5e, 0x9e, 0x5e, 0x9e, 0x5e, 0x9e, 0x7f, 0xa6, 0x5e, 0x9e,
0x7f, 0xa6, 0x5e, 0x9e, 0x5e, 0x9e, 0x5e, 0x9e, 0x5e, 0x9e, 0x5e, 0x9e, 0x5e, 0x9e, 0x5e, 0x9e, 0x5e, 0x9e, 0x5e, 0x9e, 0x5e, 0x9e, 0x5e, 0x9e,
0x5e, 0x9e, 0x5e, 0x9e, 0x5e, 0x9e, 0x5e, 0x9e, 0x5e, 0x9e, 0x5e, 0x9e, 0x3e, 0x96, 0x3e, 0x96, 0x3e, 0x96, 0x3e, 0x96, 0x3e, 0x96, 0x3e, 0x96,
0x3e, 0x96, 0xdf, 0xb6, 0xdf, 0xb6, 0x1f, 0xc7, 0x7f, 0xcf, 0x7f, 0xcf, 0x7f, 0xcf, 0x7f, 0xcf, 0x7f, 0xcf, 0x7f, 0xcf, 0x7f, 0xcf, 0x7f, 0xcf,
0xbf, 0xae, 0xde, 0x54, 0xde, 0x54, 0xde, 0x54, 0xde, 0x54, 0xde, 0x54, 0xde, 0x54, 0xde, 0x54, 0xde, 0x54, 0xde, 0x54, 0xde, 0x54, 0xde, 0x54,
0xde, 0x54, 0xde, 0x54, 0xde, 0x54, 0xde, 0x54, 0xde, 0x54, 0xde, 0x4c, 0xde, 0x4c, 0xde, 0x4c, 0xde, 0x4c, 0xde, 0x4c, 0xbe, 0x4c, 0xbe, 0x4c,
0xbe, 0x4c, 0xbe, 0x4c, 0xbe, 0x4c, 0xbe, 0x4c, 0xbe, 0x4c, 0x5e, 0x75, 0x3f, 0xdf, 0x3f, 0xdf, 0x3f, 0xdf, 0x3b, 0x74, 0x38, 0x2a, 0x17, 0x2a,
0x93, 0x21, 0x22, 0x00, 0x22, 0x00, 0x22, 0x00, 0x22, 0x00, 0x22, 0x00, 0x22, 0x00, 0x22, 0x00, 0x22, 0x00, 0x22, 0x00, 0x22, 0x00, 0x21, 0x00,
0x21, 0x00, 0x21, 0x00, 0x21, 0x00, 0x21, 0x00, 0x21, 0x00, 0x21, 0x00, 0x21, 0x00, 0x21, 0x00, 0x21, 0x00, 0x21, 0x00, 0x21, 0x00, 0x21, 0x00,
0x21, 0x00, 0x21, 0x00, 0x21, 0x00, 0x21, 0x00, 0x21, 0x00, 0x21, 0x00, 0x21, 0x00, 0x21, 0x00, 0x21, 0x00, 0x21, 0x00, 0x21, 0x00, 0x21, 0x00,
0x21, 0x00, 0x21, 0x00, 0x21, 0x00, 0x21, 0x00, 0x21, 0x00, 0x21, 0x00, 0x21, 0x00, 0x21, 0x00, 0x21, 0x00, 0x21, 0x00, 0x21, 0x00, 0x21, 0x00,
0x21, 0x00, 0x21, 0x00, 0x21, 0x00, 0x21, 0x00, 0x21, 0x00, 0x22, 0x00, 0x22, 0x00, 0x22, 0x00, 0x22, 0x00, 0x22, 0x00, 0x22, 0x00, 0x22, 0x00,
0x22, 0x00, 0x22, 0x00, 0x22, 0x00, 0xb4, 0x21, 0x17, 0x2a, 0x58, 0x2a, 0x9c, 0x7c, 0x3f, 0xdf, 0x3f, 0xdf, 0x3f, 0xdf, 0xfe, 0x54, 0xde, 0x4c,
0xde, 0x4c, 0xde, 0x4c, 0xde, 0x4c, 0xde, 0x4c, 0xde, 0x4c, 0xde, 0x4c, 0xde, 0x4c, 0xde, 0x4c, 0xde, 0x4c, 0xde, 0x4c, 0xde, 0x54, 0xde, 0x54,
0xde, 0x54, 0xde, 0x54, 0xde, 0x54, 0xde, 0x54, 0xde, 0x54, 0xde, 0x54, 0xde, 0x54, 0xde, 0x54, 0xde, 0x54, 0xde, 0x54, 0xde, 0x54, 0xde, 0x54,
0xde, 0x54, 0xde, 0x54, 0xfe, 0x54, 0xfe, 0x54, 0xfe, 0x54, 0xfe, 0x54, 0xfe, 0x54, 0xfe, 0x54, 0xfe, 0x5c, 0xfe, 0x5c, 0xfe, 0x5c, 0xfe, 0x5c,
0xfe, 0x5c, 0xfe, 0x5c, 0xfe, 0x5c, 0x1e, 0x5d, 0x1e, 0x5d, 0x1e, 0x5d, 0x1e, 0x5d, 0x1e, 0x5d, 0x1e, 0x5d, 0x1e, 0x65, 0x1e, 0x65, 0x1e, 0x65,
0x1e, 0x65, 0x3e, 0x65, 0x3e, 0x65, 0x3e, 0x65, 0x3e, 0x65, 0x3e, 0x65, 0x3e, 0x65, 0x3e, 0x6d, 0x3e, 0x6d, 0x3e, 0x6d, 0x3e, 0x6d, 0x3e, 0x6d,
0x3e, 0x6d, 0x3e, 0x6d, 0x3e, 0x6d, 0x3e, 0x6d, 0x3e, 0x6d, 0x3e, 0x65, 0x3e, 0x65, 0x3e, 0x65, 0x3e, 0x65, 0x3e, 0x65, 0x3e, 0x65, 0x1e, 0x65,
0x1e, 0x65, 0x1e, 0x65, 0x1e, 0x65, 0x1e, 0x5d, 0x1e, 0x5d, 0x1e, 0x5d, 0x1e, 0x5d, 0x1e, 0x5d, 0x1e, 0x5d, 0xfe, 0x5c, 0xfe, 0x5c, 0xfe, 0x5c,
0x7e, 0x75, 0xff, 0xbe, 0x7f, 0xcf, 0x7f, 0xcf, 0x7f, 0xcf, 0x7f, 0xcf, 0x7f, 0xcf, 0x7f, 0xcf, 0x5f, 0xc7, 0xfe, 0x54, 0xfe, 0x54, 0xde, 0x54,
0xde, 0x54, 0xde, 0x54, 0xde, 0x54, 0xde, 0x54, 0xde, 0x54, 0xde, 0x54, 0xde, 0x54, 0xde, 0x54, 0xde, 0x54, 0xde, 0x54, 0xde, 0x54, 0xde, 0x54,
0xde, 0x54, 0xde, 0x54, 0xde, 0x54, 0xde, 0x4c, 0xde, 0x4c, 0xde, 0x4c, 0xde, 0x4c, 0xde, 0x4c, 0xde, 0x4c, 0xde, 0x4c, 0xde, 0x4c, 0xde, 0x4c,
0xde, 0x4c, 0xde, 0x4c, 0xdf, 0xc6, 0x3f, 0xdf, 0x3f, 0xdf, 0xbd, 0xad, 0x58, 0x2a, 0x18, 0x2a, 0xf7, 0x29, 0x64, 0x08, 0x22, 0x00, 0x22, 0x00,
0x22, 0x00, 0x22, 0x00, 0x22, 0x00, 0x22, 0x00, 0x22, 0x00, 0x22, 0x00, 0x22, 0x00, 0x21, 0x00, 0x21, 0x00, 0x21, 0x00, 0x21, 0x00, 0x21, 0x00,
0x21, 0x00, 0x21, 0x00, 0x21, 0x00, 0x21, 0x00, 0x21, 0x00, 0x21, 0x00, 0x21, 0x00, 0x21, 0x00, 0x21, 0x00, 0x21, 0x00, 0x21, 0x00, 0x21, 0x00,
0x21, 0x00, 0x21, 0x00, 0x21, 0x00, 0x21, 0x00, 0x21, 0x00, 0x21, 0x00, 0x21, 0x00, 0x21, 0x00, 0x21, 0x00, 0x21, 0x00, 0x21, 0x00, 0x21, 0x00,
0x21, 0x00, 0x21, 0x00, 0x21, 0x00, 0x21, 0x00, 0x21, 0x00, 0x21, 0x00, 0x21, 0x00, 0x21, 0x00, 0x21, 0x00, 0x21, 0x00, 0x21, 0x00, 0x21, 0x00,
0x21, 0x00, 0x22, 0x00, 0x22, 0x00, 0x22, 0x00, 0x22, 0x00, 0x22, 0x00, 0x22, 0x00, 0x22, 0x00, 0x22, 0x00, 0x22, 0x00, 0x86, 0x08, 0xf7, 0x29,
0x18, 0x2a, 0x58, 0x2a, 0x5e, 0xbe, 0x3f, 0xdf, 0x3f, 0xdf, 0x7f, 0xb6, 0xde, 0x4c, 0xde, 0x4c, 0xde, 0x4c, 0xde, 0x4c, 0xde, 0x4c, 0xde, 0x4c,
0xde, 0x4c, 0xde, 0x4c, 0xde, 0x4c, 0xde, 0x4c, 0xde, 0x54, 0xde, 0x54, 0xde, 0x54, 0xde, 0x54, 0xde, 0x54, 0xde, 0x54, 0xde, 0x54, 0xde, 0x54,
0xde, 0x54, 0xde, 0x54, 0xde, 0x54, 0xde, 0x54, 0xde, 0x54, 0xde, 0x54, 0xde, 0x54, 0xfe, 0x54, 0xfe, 0x54, 0xfe, 0x54, 0xfe, 0x54, 0xfe, 0x54,
0xfe, 0x54, 0xfe, 0x54, 0xfe, 0x54, 0xfe, 0x5c, 0xfe, 0x5c, 0xfe, 0x5c, 0xfe, 0x5c, 0xfe, 0x5c, 0xfe, 0x5c, 0x1e, 0x5d, 0x1e, 0x5d, 0x1e, 0x5d,
0x1e, 0x5d, 0x1e, 0x5d, 0x1e, 0x5d, 0x1e, 0x5d, 0x1e, 0x65, 0x1e, 0x65, 0x1e, 0x65, 0x3e, 0x65, 0x3e, 0x65, 0x3e, 0x65, 0x3e, 0x65, 0x3e, 0x65,
0x3e, 0x65, 0x3e, 0x65, 0x3e, 0x6d, 0x3e, 0x6d, 0x5e, 0x6d, 0x5e, 0x6d, 0x5e, 0x6d, 0x5e, 0x6d, 0x5e, 0x6d, 0x5e, 0x6d, 0x5e, 0x6d, 0x5e, 0x6d,
0x5e, 0x6d, 0x3e, 0x6d, 0x3e, 0x65, 0x3e, 0x65, 0x3e, 0x65, 0x3e, 0x65, 0x3e, 0x65, 0x3e, 0x65, 0x3e, 0x65, 0x1e, 0x65, 0x1e, 0x65, 0x1e, 0x65,
0x1e, 0x5d, 0x1e, 0x5d, 0x1e, 0x5d, 0x1e, 0x5d, 0x1e, 0x5d, 0x1e, 0x5d, 0x1e, 0x5d, 0x1e, 0x5d, 0xfe, 0x5c, 0x3e, 0x65, 0x7f, 0xcf, 0x7f, 0xcf,
0x7f, 0xcf, 0x7f, 0xcf, 0x7f, 0xcf, 0x7f, 0xcf, 0x7f, 0xcf, 0xfe, 0x54, 0xfe, 0x54, 0xfe, 0x54, 0xfe, 0x54, 0xfe, 0x54, 0xde, 0x54, 0xde, 0x54,
0xde, 0x54, 0xde, 0x54, 0xde, 0x54, 0xde, 0x54, 0xde, 0x54, 0xde, 0x54, 0xde, 0x54, 0xde, 0x54, 0xde, 0x54, 0xde, 0x54, 0xde, 0x54, 0xde, 0x54,
0xde, 0x4c, 0xde, 0x4c, 0xde, 0x4c, 0xde, 0x4c, 0xde, 0x4c, 0xde, 0x4c, 0xde, 0x4c, 0xde, 0x4c, 0xde, 0x4c, 0xde, 0x4c, 0xdf, 0x8d, 0x3f, 0xdf,
0x3f, 0xdf, 0x3f, 0xdf, 0xb9, 0x3a, 0x38, 0x2a, 0xf7, 0x29, 0xeb, 0x10, 0x22, 0x00, 0x22, 0x00, 0x22, 0x00, 0x22, 0x00, 0x22, 0x00, 0x22, 0x00,
0x22, 0x00, 0x22, 0x00, 0x22, 0x00, 0x22, 0x00, 0x21, 0x00, 0x21, 0x00, 0x21, 0x00, 0x21, 0x00, 0x21, 0x00, 0x21, 0x00, 0x21, 0x00, 0x21, 0x00,
0x21, 0x00, 0x21, 0x00, 0x21, 0x00, 0x21, 0x00, 0x21, 0x00, 0x21, 0x00, 0x21, 0x00, 0x21, 0x00, 0x21, 0x00, 0x21, 0x00, 0x21, 0x00, 0x21, 0x00,
0x21, 0x00, 0x21, 0x00, 0x21, 0x00, 0x21, 0x00, 0x21, 0x00, 0x21, 0x00, 0x21, 0x00, 0x21, 0x00, 0x21, 0x00, 0x21, 0x00, 0x21, 0x00, 0x21, 0x00,
0x21, 0x00, 0x21, 0x00, 0x21, 0x00, 0x21, 0x00, 0x21, 0x00, 0x21, 0x00, 0x21, 0x00, 0x21, 0x00, 0x21, 0x00, 0x22, 0x00, 0x22, 0x00, 0x22, 0x00,
0x22, 0x00, 0x22, 0x00, 0x22, 0x00, 0x22, 0x00, 0x22, 0x00, 0x22, 0x00, 0x0c, 0x11, 0xf7, 0x29, 0x38, 0x2a, 0xf9, 0x42, 0x3f, 0xdf, 0x3f, 0xdf,
0x3f, 0xdf, 0xbe, 0x85, 0xde, 0x4c, 0xde, 0x4c, 0xde, 0x4c, 0xde, 0x4c, 0xde, 0x4c, 0xde, 0x4c, 0xde, 0x4c, 0xde, 0x4c, 0xde, 0x54, 0xde, 0x54,
0xde, 0x54, 0xde, 0x54, 0xde, 0x54, 0xde, 0x54, 0xde, 0x54, 0xde, 0x54, 0xde, 0x54, 0xde, 0x54, 0xde, 0x54, 0xde, 0x54, 0xde, 0x54, 0xde, 0x54,
0xfe, 0x54, 0xfe, 0x54, 0xfe, 0x54, 0xfe, 0x54, 0xfe, 0x54, 0xfe, 0x54, 0xfe, 0x54, 0xfe, 0x54, 0xfe, 0x54, 0xfe, 0x54, 0xfe, 0x5c, 0xfe, 0x5c,
0xfe, 0x5c, 0xfe, 0x5c, 0x1e, 0x5d, 0x1e, 0x5d, 0x1e, 0x5d, 0x1e, 0x5d, 0x1e, 0x5d, 0x1e, 0x5d, 0x1e, 0x5d, 0x1e, 0x5d, 0x1e, 0x5d, 0x1e, 0x65,
0x1e, 0x65, 0x3e, 0x65, 0x3e, 0x65, 0x3e, 0x65, 0x3e, 0x65, 0x3e, 0x65, 0x3e, 0x65, 0x3e, 0x65, 0x3e, 0x65, 0x3e, 0x6d, 0x5e, 0x6d, 0x5e, 0x6d,
0x5e, 0x6d, 0x5e, 0x6d, 0x5e, 0x6d, 0x5e, 0x6d, 0x5e, 0x6d, 0x5e, 0x6d, 0x5e, 0x6d, 0x5e, 0x6d, 0x5e, 0x6d, 0x5e, 0x6d, 0x5e, 0x6d, 0x3e, 0x65,
0x3e, 0x65, 0x3e, 0x65, 0x3e, 0x65, 0x3e, 0x65, 0x3e, 0x65, 0x3e, 0x65, 0x3e, 0x65, 0x1e, 0x65, 0x1e, 0x65, 0x1e, 0x5d, 0x1e, 0x5d, 0x1e, 0x5d,
0x1e, 0x5d, 0x1e, 0x5d, 0x1e, 0x5d, 0x1e, 0x5d, 0x1e, 0x5d, 0x1e, 0x5d, 0x7f, 0xcf, 0x7f, 0xcf, 0x7f, 0xcf, 0x7f, 0xcf, 0x7f, 0xcf, 0x7f, 0xcf,
0x7f, 0xcf, 0xfe, 0x54, 0xfe, 0x54, 0xfe, 0x54, 0xfe, 0x54, 0xfe, 0x54, 0xfe, 0x54, 0xfe, 0x54, 0xfe, 0x54, 0xde, 0x54, 0xde, 0x54, 0xde, 0x54,
0xde, 0x54, 0xde, 0x54, 0xde, 0x54, 0xde, 0x54, 0xde, 0x54, 0xde, 0x54, 0xde, 0x54, 0xde, 0x54, 0xde, 0x54, 0xde, 0x54, 0xde, 0x4c, 0xde, 0x4c,
0xde, 0x4c, 0xde, 0x4c, 0xde, 0x4c, 0xde, 0x4c, 0xde, 0x4c, 0xde, 0x4c, 0x1e, 0x65, 0x3f, 0xdf, 0x3f, 0xdf, 0x3f, 0xdf, 0x3b, 0x74, 0x38, 0x2a,
0x17, 0x2a, 0x71, 0x19, 0x22, 0x00, 0x22, 0x00, 0x22, 0x00, 0x22, 0x00, 0x22, 0x00, 0x22, 0x00, 0x22, 0x00, 0x22, 0x00, 0x22, 0x00, 0x22, 0x00,
0x21, 0x00, 0x21, 0x00, 0x21, 0x00, 0x21, 0x00, 0x21, 0x00, 0x21, 0x00, 0x21, 0x00, 0x21, 0x00, 0x21, 0x00, 0x21, 0x00, 0x21, 0x00, 0x21, 0x00,
0x21, 0x00, 0x21, 0x00, 0x21, 0x00, 0x21, 0x00, 0x21, 0x00, 0x21, 0x00, 0x21, 0x00, 0x21, 0x00, 0x21, 0x00, 0x21, 0x00, 0x21, 0x00, 0x21, 0x00,
0x21, 0x00, 0x21, 0x00, 0x21, 0x00, 0x21, 0x00, 0x21, 0x00, 0x21, 0x00, 0x21, 0x00, 0x21, 0x00, 0x21, 0x00, 0x21, 0x00, 0x21, 0x00, 0x21, 0x00,
0x21, 0x00, 0x21, 0x00, 0x21, 0x00, 0x21, 0x00, 0x22, 0x00, 0x22, 0x00, 0x22, 0x00, 0x22, 0x00, 0x22, 0x00, 0x22, 0x00, 0x22, 0x00, 0x22, 0x00,
0x22, 0x00, 0x22, 0x00, 0x71, 0x19, 0x17, 0x2a, 0x38, 0x2a, 0x3b, 0x74, 0x3f, 0xdf, 0x3f, 0xdf, 0x3f, 0xdf, 0xfe, 0x5c, 0xde, 0x4c, 0xde, 0x4c,
0xde, 0x4c, 0xde, 0x4c, 0xde, 0x4c, 0xde, 0x4c, 0xde, 0x4c, 0xde, 0x54, 0xde, 0x54, 0xde, 0x54, 0xde, 0x54, 0xde, 0x54, 0xde, 0x54, 0xde, 0x54,
0xde, 0x54, 0xde, 0x54, 0xde, 0x54, 0xde, 0x54, 0xfe, 0x54, 0xfe, 0x54, 0xfe, 0x54, 0xfe, 0x54, 0xfe, 0x54, 0xfe, 0x54, 0xfe, 0x54, 0xfe, 0x54,
0xfe, 0x54, 0xfe, 0x54, 0xfe, 0x54, 0xfe, 0x54, 0xfe, 0x54, 0xfe, 0x5c, 0xfe, 0x5c, 0xfe, 0x5c, 0x1e, 0x5d, 0x1e, 0x5d, 0x1e, 0x5d, 0x1e, 0x5d,
0x1e, 0x5d, 0x1e, 0x5d, 0x1e, 0x5d, 0x1e, 0x5d, 0x1e, 0x5d, 0x1e, 0x5d, 0x1e, 0x65, 0x3e, 0x65, 0x3e, 0x65, 0x3e, 0x65, 0x3e, 0x65, 0x3e, 0x65,
0x3e, 0x65, 0x3e, 0x65, 0x3e, 0x65, 0x3e, 0x65, 0x5e, 0x6d, 0x5e, 0x6d, 0x5e, 0x6d, 0x5e, 0x6d, 0x5e, 0x6d, 0x5e, 0x6d, 0x5e, 0x6d, 0x5e, 0x6d,
0x5e, 0x6d, 0x5e, 0x6d, 0x5e, 0x6d, 0x5e, 0x6d, 0x5e, 0x6d, 0x5e, 0x6d, 0x5e, 0x6d, 0x5e, 0x6d, 0x3e, 0x65, 0x3e, 0x65, 0x3e, 0x65, 0x3e, 0x65,
0x3e, 0x65, 0x3e, 0x65, 0x3e, 0x65, 0x3e, 0x65, 0x3e, 0x65, 0x1e, 0x65, 0x1e, 0x5d, 0x1e, 0x5d, 0x1e, 0x5d, 0x1e, 0x5d, 0x1e, 0x5d, 0x1e, 0x5d,
0x1e, 0x5d, 0x1e, 0x8e, 0x7f, 0xcf, 0x7f, 0xcf, 0x7f, 0xcf, 0x7f, 0xcf, 0x7f, 0xcf, 0x7f, 0xcf, 0x5f, 0xc7, 0xfe, 0x54, 0xfe, 0x54, 0xfe, 0x54,
0xfe, 0x54, 0xfe, 0x54, 0xfe, 0x54, 0xfe, 0x54, 0xfe, 0x54, 0xfe, 0x54, 0xfe, 0x54, 0xfe, 0x54, 0xde, 0x54, 0xde, 0x54, 0xde, 0x54, 0xde, 0x54,
0xde, 0x54, 0xde, 0x54, 0xde, 0x54, 0xde, 0x54, 0xde, 0x54, 0xde, 0x54, 0xde, 0x54, 0xde, 0x54, 0xde, 0x4c, 0xde, 0x4c, 0xde, 0x4c, 0xde, 0x4c,
0xde, 0x4c, 0xde, 0x4c, 0xde, 0x4c, 0xdf, 0xc6, 0x3f, 0xdf, 0x3f, 0xdf, 0x7d, 0x9d, 0x58, 0x2a, 0x18, 0x2a, 0xf7, 0x29, 0x22, 0x00, 0x22, 0x00,
0x22, 0x00, 0x22, 0x00, 0x22, 0x00, 0x22, 0x00, 0x22, 0x00, 0x22, 0x00, 0x22, 0x00, 0x22, 0x00, 0x21, 0x00, 0x21, 0x00, 0x21, 0x00, 0x21, 0x00,
0x21, 0x00, 0x21, 0x00, 0x21, 0x00, 0x21, 0x00, 0x21, 0x00, 0x21, 0x00, 0x21, 0x00, 0x21, 0x00, 0x21, 0x00, 0x21, 0x00, 0x21, 0x00, 0x21, 0x00,
0x21, 0x00, 0x21, 0x00, 0x21, 0x00, 0x21, 0x00, 0x21, 0x00, 0x21, 0x00, 0x21, 0x00, 0x21, 0x00, 0x21, 0x00, 0x21, 0x00, 0x21, 0x00, 0x21, 0x00,
0x21, 0x00, 0x21, 0x00, 0x21, 0x00, 0x21, 0x00, 0x21, 0x00, 0x21, 0x00, 0x21, 0x00, 0x21, 0x00, 0x21, 0x00, 0x21, 0x00, 0x21, 0x00, 0x21, 0x00,
0x22, 0x00, 0x22, 0x00, 0x22, 0x00, 0x22, 0x00, 0x22, 0x00, 0x22, 0x00, 0x22, 0x00, 0x22, 0x00, 0x22, 0x00, 0x22, 0x00, 0xd7, 0x29, 0x18, 0x2a,
0x58, 0x2a, 0x7d, 0x9d, 0x3f, 0xdf, 0x3f, 0xdf, 0xdf, 0xc6, 0xde, 0x4c, 0xde, 0x4c, 0xde, 0x4c, 0xde, 0x4c, 0xde, 0x4c, 0xde, 0x54, 0xde, 0x54,
0xde, 0x54, 0xde, 0x54, 0xde, 0x54, 0xde, 0x54, 0xde, 0x54, 0xde, 0x54, 0xde, 0x54, 0xde, 0x54, 0xfe, 0x54, 0xfe, 0x54, 0xfe, 0x54, 0xfe, 0x54,
0xfe, 0x54, 0xfe, 0x54, 0xfe, 0x54, 0xfe, 0x54, 0xfe, 0x54, 0xfe, 0x54, 0xfe, 0x54, 0xfe, 0x54, 0xfe, 0x54, 0xfe, 0x54, 0xfe, 0x54, 0xfe, 0x54,
0xfe, 0x5c, 0xfe, 0x5c, 0x1e, 0x5d, 0x1e, 0x5d, 0x1e, 0x5d, 0x1e, 0x5d, 0x1e, 0x5d, 0x1e, 0x5d, 0x1e, 0x5d, 0x1e, 0x5d, 0x1e, 0x5d, 0x1e, 0x5d,
0x1e, 0x5d, 0x3e, 0x65, 0x3e, 0x65, 0x3e, 0x65, 0x3e, 0x65, 0x3e, 0x65, 0x3e, 0x65, 0x3e, 0x65, 0x3e, 0x65, 0x3e, 0x65, 0x3e, 0x65, 0x5e, 0x65,
0x5e, 0x6d, 0x5e, 0x6d, 0x5e, 0x6d, 0x5e, 0x6d, 0x5e, 0x6d, 0x5e, 0x6d, 0x5e, 0x6d, 0x5e, 0x6d, 0x5e, 0x6d, 0x5e, 0x6d, 0x5e, 0x6d, 0x5e, 0x6d,
0x5e, 0x6d, 0x5e, 0x6d, 0x5e, 0x6d, 0x5e, 0x6d, 0x5e, 0x6d, 0x5e, 0x65, 0x3e, 0x65, 0x3e, 0x65, 0x3e, 0x65, 0x3e, 0x65, 0x3e, 0x65, 0x3e, 0x65,
0x3e, 0x65, 0x3e, 0x65, 0x3e, 0x65, 0x1e, 0x5d, 0x1e, 0x5d, 0x1e, 0x5d, 0x1e, 0x5d, 0x1e, 0x5d, 0x9e, 0x75, 0x5f, 0xcf, 0x7f, 0xcf, 0x7f, 0xcf,
0x7f, 0xcf, 0x7f, 0xcf, 0x7f, 0xcf, 0x7f, 0xcf, 0xbf, 0xae, 0xfe, 0x54, 0xfe, 0x54, 0xfe, 0x54, 0xfe, 0x54, 0xfe, 0x54, 0xfe, 0x54, 0xfe, 0x54,
0xfe, 0x54, 0xfe, 0x54, 0xfe, 0x54, 0xfe, 0x54, 0xfe, 0x54, 0xfe, 0x54, 0xfe, 0x54, 0xfe, 0x54, 0xde, 0x54, 0xde, 0x54, 0xde, 0x54, 0xde, 0x54,
0xde, 0x54, 0xde, 0x54, 0xde, 0x54, 0xde, 0x54, 0xde, 0x54, 0xde, 0x54, 0xde, 0x4c, 0xde, 0x4c, 0xde, 0x4c, 0xde, 0x4c, 0xde, 0x4c, 0x3f, 0xa6,
0x3f, 0xdf, 0x3f, 0xdf, 0xbf, 0xce, 0x58, 0x2a, 0x18, 0x2a, 0xf7, 0x29, 0x87, 0x08, 0x22, 0x00, 0x22, 0x00, 0x22, 0x00, 0x22, 0x00, 0x22, 0x00,
0x22, 0x00, 0x22, 0x00, 0x22, 0x00, 0x22, 0x00, 0x21, 0x00, 0x21, 0x00, 0x21, 0x00, 0x21, 0x00, 0x21, 0x00, 0x21, 0x00, 0x21, 0x00, 0x21, 0x00,
0x21, 0x00, 0x21, 0x00, 0x21, 0x00, 0x21, 0x00, 0x21, 0x00, 0x21, 0x00, 0x21, 0x00, 0x21, 0x00, 0x21, 0x00, 0x21, 0x00, 0x21, 0x00, 0x21, 0x00,
0x21, 0x00, 0x21, 0x00, 0x21, 0x00, 0x21, 0x00, 0x21, 0x00, 0x21, 0x00, 0x21, 0x00, 0x21, 0x00, 0x21, 0x00, 0x21, 0x00, 0x21, 0x00, 0x21, 0x00,
0x21, 0x00, 0x21, 0x00, 0x21, 0x00, 0x21, 0x00, 0x21, 0x00, 0x21, 0x00, 0x21, 0x00, 0x21, 0x00, 0x22, 0x00, 0x22, 0x00, 0x22, 0x00, 0x22, 0x00,
0x22, 0x00, 0x22, 0x00, 0x22, 0x00, 0x22, 0x00, 0x22, 0x00, 0x64, 0x08, 0xf7, 0x29, 0x18, 0x2a, 0x58, 0x2a, 0x1e, 0xb6, 0x3f, 0xdf, 0x3f, 0xdf,
0x5f, 0xae, 0xde, 0x4c, 0xde, 0x4c, 0xde, 0x4c, 0xde, 0x54, 0xde, 0x54, 0xde, 0x54, 0xde, 0x54, 0xde, 0x54, 0xde, 0x54, 0xde, 0x54, 0xde, 0x54,
0xfe, 0x54, 0xfe, 0x54, 0xfe, 0x54, 0xfe, 0x54, 0xfe, 0x54, 0xfe, 0x54, 0xfe, 0x54, 0xfe, 0x54, 0xfe, 0x54, 0xfe, 0x54, 0xfe, 0x54, 0xfe, 0x54,
0xfe, 0x54, 0xfe, 0x54, 0xfe, 0x54, 0xfe, 0x54, 0xfe, 0x54, 0xfe, 0x54, 0xfe, 0x54, 0x1e, 0x5d, 0x1e, 0x5d, 0x1e, 0x5d, 0x1e, 0x5d, 0x1e, 0x5d,
0x1e, 0x5d, 0x1e, 0x5d, 0x1e, 0x5d, 0x1e, 0x5d, 0x1e, 0x5d, 0x1e, 0x5d, 0x1e, 0x5d, 0x3e, 0x5d, 0x3e, 0x65, 0x3e, 0x65, 0x3e, 0x65, 0x3e, 0x65,
0x3e, 0x65, 0x3e, 0x65, 0x3e, 0x65, 0x3e, 0x65, 0x3e, 0x65, 0x5e, 0x65, 0x5e, 0x65, 0x5e, 0x6d, 0x5e, 0x6d, 0x5e, 0x6d, 0x5e, 0x6d, 0x5e, 0x6d,
0x5e, 0x6d, 0x7e, 0x6d, 0x7e, 0x6d, 0x7e, 0x6d, 0x7e, 0x6d, 0x7e, 0x6d, 0x7e, 0x6d, 0x7e, 0x6d, 0x5e, 0x6d, 0x5e, 0x6d, 0x5e, 0x6d, 0x5e, 0x6d,
0x5e, 0x6d, 0x5e, 0x6d, 0x5e, 0x65, 0x5e, 0x65, 0x3e, 0x65, 0x3e, 0x65, 0x3e, 0x65, 0x3e, 0x65, 0x3e, 0x65, 0x3e, 0x65, 0x3e, 0x65, 0x3e, 0x65,
0x3e, 0x5d, 0x1e, 0x5d, 0x1e, 0x5d, 0x9e, 0x75, 0x5f, 0xcf, 0x7f, 0xcf, 0x7f, 0xcf, 0x7f, 0xcf, 0x7f, 0xcf, 0x7f, 0xcf, 0x7f, 0xcf, 0x7f, 0xcf,
0xfe, 0x85, 0xfe, 0x54, 0xfe, 0x54, 0xfe, 0x54, 0xfe, 0x54, 0xfe, 0x54, 0xfe, 0x54, 0xfe, 0x54, 0xfe, 0x54, 0xfe, 0x54, 0xfe, 0x54, 0xfe, 0x54,
0xfe, 0x54, 0xfe, 0x54, 0xfe, 0x54, 0xfe, 0x54, 0xfe, 0x54, 0xfe, 0x54, 0xfe, 0x54, 0xfe, 0x54, 0xfe, 0x54, 0xde, 0x54, 0xde, 0x54, 0xde, 0x54,
0xde, 0x54, 0xde, 0x54, 0xde, 0x54, 0xde, 0x54, 0xde, 0x4c, 0xde, 0x4c, 0xde, 0x4c, 0xbe, 0x85, 0x3f, 0xdf, 0x3f, 0xdf, 0x3f, 0xdf, 0x59, 0x2a,
0x38, 0x2a, 0xf7, 0x29, 0xca, 0x10, 0x22, 0x00, 0x22, 0x00, 0x22, 0x00, 0x22, 0x00, 0x22, 0x00, 0x22, 0x00, 0x22, 0x00, 0x22, 0x00, 0x22, 0x00,
0x21, 0x00, 0x21, 0x00, 0x21, 0x00, 0x21, 0x00, 0x21, 0x00, 0x21, 0x00, 0x21, 0x00, 0x21, 0x00, 0x21, 0x00, 0x21, 0x00, 0x21, 0x00, 0x21, 0x00,
0x21, 0x00, 0x21, 0x00, 0x21, 0x00, 0x21, 0x00, 0x21, 0x00, 0x21, 0x00, 0x21, 0x00, 0x21, 0x00, 0x21, 0x00, 0x21, 0x00, 0x21, 0x00, 0x21, 0x00,
0x21, 0x00, 0x21, 0x00, 0x21, 0x00, 0x21, 0x00, 0x21, 0x00, 0x21, 0x00, 0x21, 0x00, 0x21, 0x00, 0x21, 0x00, 0x21, 0x00, 0x21, 0x00, 0x21, 0x00,
0x21, 0x00, 0x21, 0x00, 0x21, 0x00, 0x21, 0x00, 0x22, 0x00, 0x22, 0x00, 0x22, 0x00, 0x22, 0x00, 0x22, 0x00, 0x22, 0x00, 0x22, 0x00, 0x22, 0x00,
0x22, 0x00, 0x87, 0x08, 0xf7, 0x29, 0x38, 0x2a, 0x59, 0x2a, 0x3f, 0xdf, 0x3f, 0xdf, 0x3f, 0xdf, 0x1f, 0x96, 0xde, 0x54, 0xde, 0x54, 0xde, 0x54,
0xfe, 0x54, 0xfe, 0x54, 0xfe, 0x54, 0xfe, 0x54, 0xfe, 0x54, 0xfe, 0x54, 0xfe, 0x54, 0xfe, 0x54, 0xfe, 0x54, 0xfe, 0x54, 0xfe, 0x54, 0xfe, 0x54,
0xfe, 0x54, 0xfe, 0x54, 0xfe, 0x54, 0xfe, 0x54, 0xfe, 0x54, 0xfe, 0x54, 0xfe, 0x54, 0xfe, 0x54, 0xfe, 0x54, 0xfe, 0x54, 0xfe, 0x54, 0xfe, 0x54,
0xfe, 0x54, 0x1e, 0x55, 0x1e, 0x5d, 0x1e, 0x5d, 0x1e, 0x5d, 0x1e, 0x5d, 0x1e, 0x5d, 0x1e, 0x5d, 0x1e, 0x5d, 0x1e, 0x5d, 0x1e, 0x5d, 0x1e, 0x5d,
0x1e, 0x5d, 0x3e, 0x5d, 0x3e, 0x5d, 0x3e, 0x65, 0x3e, 0x65, 0x3e, 0x65, 0x3e, 0x65, 0x3e, 0x65, 0x3e, 0x65, 0x3e, 0x65, 0x3e, 0x65, 0x5e, 0x65,
0x5e, 0x65, 0x5e, 0x65, 0x5e, 0x6d, 0x5e, 0x6d, 0x5e, 0x6d, 0x5e, 0x6d, 0x5e, 0x6d, 0x7e, 0x6d, 0x7e, 0x6d, 0x7e, 0x6d, 0x7e, 0x6d, 0x7e, 0x6d,
0x7e, 0x6d, 0x7e, 0x6d, 0x7e, 0x6d, 0x7e, 0x6d, 0x7e, 0x6d, 0x5e, 0x6d, 0x5e, 0x6d, 0x5e, 0x6d, 0x5e, 0x6d, 0x5e, 0x6d, 0x5e, 0x6d, 0x5e, 0x65,
0x5e, 0x65, 0x3e, 0x65, 0x3e, 0x65, 0x3e, 0x65, 0x3e, 0x65, 0x3e, 0x65, 0x3e, 0x65, 0x3e, 0x65, 0x3e, 0x65, 0x3e, 0x5d, 0x5e, 0x65, 0x5f, 0xcf,
0x7f, 0xcf, 0x7f, 0xcf, 0x7f, 0xcf, 0x7f, 0xcf, 0x7f, 0xcf, 0x7f, 0xcf, 0x7f, 0xcf, 0x3f, 0xc7, 0x1e, 0x5d, 0x1e, 0x5d, 0x1e, 0x55, 0xfe, 0x54,
0xfe, 0x54, 0xfe, 0x54, 0xfe, 0x54, 0xfe, 0x54, 0xfe, 0x54, 0xfe, 0x54, 0xfe, 0x54, 0xfe, 0x54, 0xfe, 0x54, 0xfe, 0x54, 0xfe, 0x54, 0xfe, 0x54,
0xfe, 0x54, 0xfe, 0x54, 0xfe, 0x54, 0xfe, 0x54, 0xfe, 0x54, 0xfe, 0x54, 0xfe, 0x54, 0xfe, 0x54, 0xfe, 0x54, 0xfe, 0x54, 0xfe, 0x54, 0xfe, 0x54,
0xde, 0x54, 0xde, 0x54, 0xde, 0x54, 0x7e, 0x75, 0x3f, 0xdf, 0x3f, 0xdf, 0x3f, 0xdf, 0x9a, 0x5b, 0x38, 0x2a, 0xf7, 0x29, 0x0c, 0x11, 0x22, 0x00,
0x22, 0x00, 0x22, 0x00, 0x22, 0x00, 0x22, 0x00, 0x22, 0x00, 0x22, 0x00, 0x22, 0x00, 0x22, 0x00, 0x21, 0x00, 0x21, 0x00, 0x21, 0x00, 0x21, 0x00,
0x21, 0x00, 0x21, 0x00, 0x21, 0x00, 0x21, 0x00, 0x21, 0x00, 0x21, 0x00, 0x21, 0x00, 0x21, 0x00, 0x21, 0x00, 0x21, 0x00, 0x21, 0x00, 0x21, 0x00,
0x21, 0x00, 0x21, 0x00, 0x21, 0x00, 0x21, 0x00, 0x21, 0x00, 0x21, 0x00, 0x21, 0x00, 0x21, 0x00, 0x21, 0x00, 0x21, 0x00, 0x21, 0x00, 0x21, 0x00,
0x21, 0x00, 0x21, 0x00, 0x21, 0x00, 0x21, 0x00, 0x21, 0x00, 0x21, 0x00, 0x21, 0x00, 0x21, 0x00, 0x21, 0x00, 0x21, 0x00, 0x21, 0x00, 0x21, 0x00,
0x22, 0x00, 0x22, 0x00, 0x22, 0x00, 0x22, 0x00, 0x22, 0x00, 0x22, 0x00, 0x22, 0x00, 0x22, 0x00, 0x22, 0x00, 0x87, 0x08, 0xf7, 0x29, 0x38, 0x2a,
0x59, 0x2a, 0x3f, 0xdf, 0x3f, 0xdf, 0x3f, 0xdf, 0xff, 0x8d, 0xfe, 0x54, 0xfe, 0x54, 0xfe, 0x54, 0xfe, 0x54, 0xfe, 0x54, 0xfe, 0x54, 0xfe, 0x54,
0xfe, 0x54, 0xfe, 0x54, 0xfe, 0x54, 0xfe, 0x54, 0xfe, 0x54, 0xfe, 0x54, 0xfe, 0x54, 0xfe, 0x54, 0xfe, 0x54, 0xfe, 0x54, 0xfe, 0x54, 0xfe, 0x54,
0xfe, 0x54, 0xfe, 0x54, 0xfe, 0x54, 0xfe, 0x54, 0xfe, 0x54, 0xfe, 0x54, 0xfe, 0x54, 0x1e, 0x55, 0x1e, 0x55, 0x1e, 0x55, 0x1e, 0x5d, 0x1e, 0x5d,
0x1e, 0x5d, 0x1e, 0x5d, 0x1e, 0x5d, 0x1e, 0x5d, 0x1e, 0x5d, 0x1e, 0x5d, 0x1e, 0x5d, 0x3e, 0x5d, 0x3e, 0x5d, 0x3e, 0x5d, 0x3e, 0x5d, 0x3e, 0x65,
0x3e, 0x65, 0x3e, 0x65, 0x3e, 0x65, 0x3e, 0x65, 0x3e, 0x65, 0x5e, 0x65, 0x5e, 0x65, 0x5e, 0x65, 0x5e, 0x65, 0x5e, 0x6d, 0x5e, 0x6d, 0x5e, 0x6d,
0x5e, 0x6d, 0x5e, 0x6d, 0x7e, 0x6d, 0x7e, 0x6d, 0x7e, 0x6d, 0x7e, 0x6d, 0x7e, 0x75, 0x7e, 0x75, 0x7e, 0x75, 0x7e, 0x75, 0x7e, 0x6d, 0x7e, 0x6d,
0x7e, 0x6d, 0x7e, 0x6d, 0x7e, 0x6d, 0x5e, 0x6d, 0x5e, 0x6d, 0x5e, 0x6d, 0x5e, 0x6d, 0x5e, 0x65, 0x5e, 0x65, 0x5e, 0x65, 0x5e, 0x65, 0x3e, 0x65,
0x3e, 0x65, 0x3e, 0x65, 0x3e, 0x65, 0x3e, 0x65, 0x3e, 0x65, 0x3e, 0x5d, 0xbe, 0x7d, 0x7f, 0xcf, 0x7f, 0xcf, 0x7f, 0xcf, 0x7f, 0xcf, 0x7f, 0xcf,
0x7f, 0xcf, 0x7f, 0xcf, 0x7f, 0xcf, 0xde, 0x7d, 0x1e, 0x5d, 0x1e, 0x5d, 0x1e, 0x5d, 0x1e, 0x55, 0x1e, 0x55, 0x1e, 0x55, 0xfe, 0x54, 0xfe, 0x54,
0xfe, 0x54, 0xfe, 0x54, 0xfe, 0x54, 0xfe, 0x54, 0xfe, 0x54, 0xfe, 0x54, 0xfe, 0x54, 0xfe, 0x54, 0xfe, 0x54, 0xfe, 0x54, 0xfe, 0x54, 0xfe, 0x54,
0xfe, 0x54, 0xfe, 0x54, 0xfe, 0x54, 0xfe, 0x54, 0xfe, 0x54, 0xfe, 0x54, 0xfe, 0x54, 0xfe, 0x54, 0xfe, 0x54, 0xfe, 0x54, 0xfe, 0x54, 0x5e, 0x6d,
0x3f, 0xdf, 0x3f, 0xdf, 0x3f, 0xdf, 0x9a, 0x5b, 0x38, 0x2a, 0xf7, 0x29, 0x0c, 0x11, 0x22, 0x00, 0x22, 0x00, 0x22, 0x00, 0x22, 0x00, 0x22, 0x00,
0x22, 0x00, 0x22, 0x00, 0x22, 0x00, 0x22, 0x00, 0x21, 0x00, 0x21, 0x00, 0x21, 0x00, 0x21, 0x00, 0x21, 0x00, 0x21, 0x00, 0x21, 0x00, 0x21, 0x00,
0x21, 0x00, 0x21, 0x00, 0x21, 0x00, 0x21, 0x00, 0x21, 0x00, 0x21, 0x00, 0x21, 0x00, 0x21, 0x00, 0x21, 0x00, 0x21, 0x00, 0x21, 0x00, 0x21, 0x00,
0x21, 0x00, 0x21, 0x00, 0x21, 0x00, 0x21, 0x00, 0x21, 0x00, 0x21, 0x00, 0x21, 0x00, 0x21, 0x00, 0x21, 0x00, 0x21, 0x00, 0x21, 0x00, 0x21, 0x00,
0x21, 0x00, 0x21, 0x00, 0x21, 0x00, 0x21, 0x00, 0x21, 0x00, 0x21, 0x00, 0x21, 0x00, 0x21, 0x00, 0x22, 0x00, 0x22, 0x00, 0x22, 0x00, 0x22, 0x00,
0x22, 0x00, 0x22, 0x00, 0x22, 0x00, 0x22, 0x00, 0x22, 0x00, 0x87, 0x08, 0xf7, 0x29, 0x38, 0x2a, 0x59, 0x2a, 0x3f, 0xdf, 0x3f, 0xdf, 0x3f, 0xdf,
0x7e, 0x75, 0xfe, 0x54, 0xfe, 0x54, 0xfe, 0x54, 0xfe, 0x54, 0xfe, 0x54, 0xfe, 0x54, 0xfe, 0x54, 0xfe, 0x54, 0xfe, 0x54, 0xfe, 0x54, 0xfe, 0x54,
0xfe, 0x54, 0xfe, 0x54, 0xfe, 0x54, 0xfe, 0x54, 0xfe, 0x54, 0xfe, 0x54, 0xfe, 0x54, 0xfe, 0x54, 0xfe, 0x54, 0xfe, 0x54, 0xfe, 0x54, 0xfe, 0x54,
0x1e, 0x55, 0x1e, 0x55, 0x1e, 0x55, 0x1e, 0x55, 0x1e, 0x55, 0x1e, 0x5d, 0x1e, 0x5d, 0x1e, 0x5d, 0x1e, 0x5d, 0x1e, 0x5d, 0x1e, 0x5d, 0x1e, 0x5d,
0x1e, 0x5d, 0x1e, 0x5d, 0x3e, 0x5d, 0x3e, 0x5d, 0x3e, 0x5d, 0x3e, 0x5d, 0x3e, 0x65, 0x3e, 0x65, 0x3e, 0x65, 0x3e, 0x65, 0x3e, 0x65, 0x3e, 0x65,
0x5e, 0x65, 0x5e, 0x65, 0x5e, 0x65, 0x5e, 0x65, 0x5e, 0x6d, 0x5e, 0x6d, 0x5e, 0x6d, 0x5e, 0x6d, 0x7e, 0x6d, 0x7e, 0x6d, 0x7e, 0x6d, 0x7e, 0x6d,
0x7e, 0x6d, 0x7e, 0x75, 0x7e, 0x75, 0x7e, 0x75, 0x7e, 0x75, 0x7e, 0x75, 0x7e, 0x75, 0x7e, 0x6d, 0x7e, 0x6d, 0x7e, 0x6d, 0x7e, 0x6d, 0x7e, 0x6d,
0x5e, 0x6d, 0x5e, 0x6d, 0x5e, 0x6d, 0x5e, 0x6d, 0x5e, 0x65, 0x5e, 0x65, 0x5e, 0x65, 0x5e, 0x65, 0x3e, 0x65, 0x3e, 0x65, 0x3e, 0x65, 0x3e, 0x65,
0x3e, 0x65, 0x3e, 0x65, 0xfe, 0x85, 0x7f, 0xcf, 0x7f, 0xcf, 0x7f, 0xcf, 0x7f, 0xcf, 0x7f, 0xcf, 0x7f, 0xcf, 0x7f, 0xcf, 0x9f, 0xa6, 0x1e, 0x5d,
0x1e, 0x5d, 0x1e, 0x5d, 0x1e, 0x5d, 0x1e, 0x55, 0x1e, 0x55, 0x1e, 0x55, 0x1e, 0x55, 0x1e, 0x55, 0xfe, 0x54, 0xfe, 0x54, 0xfe, 0x54, 0xfe, 0x54,
0xfe, 0x54, 0xfe, 0x54, 0xfe, 0x54, 0xfe, 0x54, 0xfe, 0x54, 0xfe, 0x54, 0xfe, 0x54, 0xfe, 0x54, 0xfe, 0x54, 0xfe, 0x54, 0xfe, 0x54, 0xfe, 0x54,
0xfe, 0x54, 0xfe, 0x54, 0xfe, 0x54, 0xfe, 0x54, 0xfe, 0x54, 0xfe, 0x54, 0xfe, 0x54, 0xfe, 0x54, 0x3f, 0xdf, 0x3f, 0xdf, 0x3f, 0xdf, 0x9a, 0x5b,
0x38, 0x2a, 0x17, 0x2a, 0x0c, 0x11, 0x22, 0x00, 0x22, 0x00, 0x22, 0x00, 0x22, 0x00, 0x22, 0x00, 0x22, 0x00, 0x22, 0x00, 0x22, 0x00, 0x22, 0x00,
0x21, 0x00, 0x21, 0x00, 0x21, 0x00, 0x21, 0x00, 0x21, 0x00, 0x21, 0x00, 0x21, 0x00, 0x21, 0x00, 0x21, 0x00, 0x21, 0x00, 0x21, 0x00, 0x21, 0x00,
0x21, 0x00, 0x21, 0x00, 0x21, 0x00, 0x21, 0x00, 0x21, 0x00, 0x21, 0x00, 0x21, 0x00, 0x21, 0x00, 0x21, 0x00, 0x21, 0x00, 0x21, 0x00, 0x21, 0x00,
0x21, 0x00, 0x21, 0x00, 0x21, 0x00, 0x21, 0x00, 0x21, 0x00, 0x21, 0x00, 0x21, 0x00, 0x21, 0x00, 0x21, 0x00, 0x21, 0x00, 0x21, 0x00, 0x21, 0x00,
0x21, 0x00, 0x21, 0x00, 0x21, 0x00, 0x21, 0x00, 0x22, 0x00, 0x22, 0x00, 0x22, 0x00, 0x22, 0x00, 0x22, 0x00, 0x22, 0x00, 0x22, 0x00, 0x22, 0x00,
0x22, 0x00, 0x87, 0x08, 0xf7, 0x29, 0x38, 0x2a, 0x59, 0x2a, 0x3f, 0xdf, 0x3f, 0xdf, 0x3f, 0xdf, 0x9e, 0x75, 0xfe, 0x54, 0xfe, 0x54, 0xfe, 0x54,
0xfe, 0x54, 0xfe, 0x54, 0xfe, 0x54, 0xfe, 0x54, 0xfe, 0x54, 0xfe, 0x54, 0xfe, 0x54, 0xfe, 0x54, 0xfe, 0x54, 0xfe, 0x54, 0xfe, 0x54, 0xfe, 0x54,
0xfe, 0x54, 0xfe, 0x54, 0xfe, 0x54, 0xfe, 0x54, 0xfe, 0x54, 0x1e, 0x55, 0x1e, 0x55, 0x1e, 0x55, 0x1e, 0x55, 0x1e, 0x55, 0x1e, 0x55, 0x1e, 0x55,
0x1e, 0x55, 0x1e, 0x5d, 0x1e, 0x5d, 0x1e, 0x5d, 0x1e, 0x5d, 0x1e, 0x5d, 0x1e, 0x5d, 0x1e, 0x5d, 0x3e, 0x5d, 0x3e, 0x5d, 0x3e, 0x5d, 0x3e, 0x5d,
0x3e, 0x5d, 0x3e, 0x5d, 0x3e, 0x65, 0x3e, 0x65, 0x3e, 0x65, 0x3e, 0x65, 0x3e, 0x65, 0x5e, 0x65, 0x5e, 0x65, 0x5e, 0x65, 0x5e, 0x65, 0x5e, 0x65,
0x5e, 0x6d, 0x5e, 0x6d, 0x5e, 0x6d, 0x7e, 0x6d, 0x7e, 0x6d, 0x7e, 0x6d, 0x7e, 0x6d, 0x7e, 0x6d, 0x7e, 0x6d, 0x7e, 0x75, 0x7e, 0x75, 0x9e, 0x75,
0x9e, 0x75, 0x9e, 0x75, 0x7e, 0x75, 0x7e, 0x6d, 0x7e, 0x6d, 0x7e, 0x6d, 0x7e, 0x6d, 0x7e, 0x6d, 0x7e, 0x6d, 0x5e, 0x6d, 0x5e, 0x6d, 0x5e, 0x6d,
0x5e, 0x65, 0x5e, 0x65, 0x5e, 0x65, 0x5e, 0x65, 0x5e, 0x65, 0x5e, 0x65, 0x3e, 0x65, 0x3e, 0x65, 0x3e, 0x65, 0x3e, 0x65, 0x7e, 0x6d, 0x7f, 0xcf,
0x7f, 0xcf, 0x7f, 0xcf, 0x7f, 0xcf, 0x7f, 0xcf, 0x7f, 0xcf, 0xff, 0xbe, 0x1e, 0x5d, 0x1e, 0x5d, 0x1e, 0x5d, 0x1e, 0x5d, 0x1e, 0x5d, 0x1e, 0x5d,
0x1e, 0x55, 0x1e, 0x55, 0x1e, 0x55, 0x1e, 0x55, 0x1e, 0x55, 0x1e, 0x55, 0x1e, 0x55, 0xfe, 0x54, 0xfe, 0x54, 0xfe, 0x54, 0xfe, 0x54, 0xfe, 0x54,
0xfe, 0x54, 0xfe, 0x54, 0xfe, 0x54, 0xfe, 0x54, 0xfe, 0x54, 0xfe, 0x54, 0xfe, 0x54, 0xfe, 0x54, 0xfe, 0x54, 0xfe, 0x54, 0xfe, 0x54, 0xfe, 0x54,
0xfe, 0x54, 0xfe, 0x54, 0xfe, 0x54, 0xfe, 0x54, 0x3f, 0xdf, 0x3f, 0xdf, 0x3f, 0xdf, 0x9a, 0x5b, 0x38, 0x2a, 0x17, 0x2a, 0x0c, 0x11, 0x22, 0x00,
0x22, 0x00, 0x22, 0x00, 0x22, 0x00, 0x22, 0x00, 0x22, 0x00, 0x22, 0x00, 0x22, 0x00, 0x22, 0x00, 0x21, 0x00, 0x21, 0x00, 0x21, 0x00, 0x21, 0x00,
0x21, 0x00, 0x21, 0x00, 0x21, 0x00, 0x21, 0x00, 0x21, 0x00, 0x21, 0x00, 0x21, 0x00, 0x21, 0x00, 0x21, 0x00, 0x21, 0x00, 0x21, 0x00, 0x21, 0x00,
0x21, 0x00, 0x21, 0x00, 0x21, 0x00, 0x21, 0x00, 0x21, 0x00, 0x21, 0x00, 0x21, 0x00, 0x21, 0x00, 0x21, 0x00, 0x21, 0x00, 0x21, 0x00, 0x21, 0x00,
0x21, 0x00, 0x21, 0x00, 0x21, 0x00, 0x21, 0x00, 0x21, 0x00, 0x21, 0x00, 0x21, 0x00, 0x21, 0x00, 0x21, 0x00, 0x21, 0x00, 0x21, 0x00, 0x21, 0x00,
0x22, 0x00, 0x22, 0x00, 0x22, 0x00, 0x22, 0x00, 0x22, 0x00, 0x22, 0x00, 0x22, 0x00, 0x22, 0x00, 0x22, 0x00, 0x87, 0x08, 0xf7, 0x29, 0x38, 0x2a,
0x59, 0x2a, 0x3f, 0xdf, 0x3f, 0xdf, 0x3f, 0xdf, 0xde, 0x85, 0xfe, 0x54, 0xfe, 0x54, 0xfe, 0x54, 0xfe, 0x54, 0xfe, 0x54, 0xfe, 0x54, 0xfe, 0x54,
0xfe, 0x54, 0xfe, 0x54, 0xfe, 0x54, 0xfe, 0x54, 0xfe, 0x54, 0xfe, 0x54, 0xfe, 0x54, 0xfe, 0x54, 0xfe, 0x54, 0xfe, 0x54, 0x1e, 0x55, 0x1e, 0x55,
0x1e, 0x55, 0x1e, 0x55, 0x1e, 0x55, 0x1e, 0x55, 0x1e, 0x55, 0x1e, 0x55, 0x1e, 0x55, 0x1e, 0x55, 0x1e, 0x5d, 0x1e, 0x5d, 0x1e, 0x5d, 0x1e, 0x5d,
0x1e, 0x5d, 0x1e, 0x5d, 0x3e, 0x5d, 0x3e, 0x5d, 0x3e, 0x5d, 0x3e, 0x5d, 0x3e, 0x5d, 0x3e, 0x5d, 0x3e, 0x5d, 0x3e, 0x5d, 0x3e, 0x65, 0x3e, 0x65,
0x3e, 0x65, 0x7e, 0x6d, 0xde, 0x7d, 0xfe, 0x85, 0xfe, 0x85, 0xfe, 0x85, 0xde, 0x85, 0xde, 0x85, 0xde, 0x85, 0xfe, 0x85, 0x1e, 0x8e, 0xfe, 0x85,
0xfe, 0x85, 0xfe, 0x85, 0xfe, 0x85, 0x3e, 0x96, 0x1e, 0x8e, 0xfe, 0x8d, 0xfe, 0x8d, 0xfe, 0x8d, 0x1e, 0x8e, 0xfe, 0x8d, 0xfe, 0x8d, 0xfe, 0x85,
0xfe, 0x85, 0xfe, 0x85, 0xfe, 0x85, 0xfe, 0x85, 0xfe, 0x85, 0xfe, 0x85, 0x1e, 0x8e, 0xde, 0x85, 0xfe, 0x8d, 0x9e, 0x75, 0x5e, 0x65, 0x5e, 0x65,
0x5e, 0x65, 0x5e, 0x65, 0x5e, 0x65, 0x3e, 0x65, 0x3e, 0x65, 0x3e, 0x65, 0x3e, 0x5d, 0x1e, 0x8e, 0x7f, 0xcf, 0x7f, 0xcf, 0x7f, 0xcf, 0x7f, 0xcf,
0x9f, 0xa6, 0x5e, 0x65, 0x1e, 0x5d, 0x1e, 0x5d, 0x1e, 0x5d, 0x1e, 0x5d, 0x1e, 0x5d, 0x1e, 0x5d, 0x1e, 0x55, 0x1e, 0x55, 0x1e, 0x55, 0x1e, 0x55,
0x1e, 0x55, 0x1e, 0x55, 0x1e, 0x55, 0x1e, 0x55, 0x1e, 0x55, 0x1e, 0x55, 0xfe, 0x54, 0xfe, 0x54, 0xfe, 0x54, 0xfe, 0x54, 0xfe, 0x54, 0xfe, 0x54,
0xfe, 0x54, 0xfe, 0x54, 0xfe, 0x54, 0xfe, 0x54, 0xfe, 0x54, 0xfe, 0x54, 0xfe, 0x54, 0xfe, 0x54, 0xfe, 0x54, 0xfe, 0x54, 0xfe, 0x54, 0x3e, 0x65,
0x3f, 0xdf, 0x3f, 0xdf, 0x3f, 0xdf, 0x9a, 0x5b, 0x38, 0x2a, 0x17, 0x2a, 0x0c, 0x11, 0x22, 0x00, 0x22, 0x00, 0x22, 0x00, 0x22, 0x00, 0x22, 0x00,
0x22, 0x00, 0x22, 0x00, 0x22, 0x00, 0x22, 0x00, 0x21, 0x00, 0x21, 0x00, 0x21, 0x00, 0x21, 0x00, 0x21, 0x00, 0x21, 0x00, 0x21, 0x00, 0x21, 0x00,
0x21, 0x00, 0x21, 0x00, 0x21, 0x00, 0x21, 0x00, 0x21, 0x00, 0x21, 0x00, 0x21, 0x00, 0x21, 0x00, 0x21, 0x00, 0x21, 0x00, 0x21, 0x00, 0x21, 0x00,
0x21, 0x00, 0x21, 0x00, 0x21, 0x00, 0x21, 0x00, 0x21, 0x00, 0x21, 0x00, 0x21, 0x00, 0x21, 0x00, 0x21, 0x00, 0x21, 0x00, 0x21, 0x00, 0x21, 0x00,
0x21, 0x00, 0x21, 0x00, 0x21, 0x00, 0x21, 0x00, 0x21, 0x00, 0x21, 0x00, 0x21, 0x00, 0x21, 0x00, 0x22, 0x00, 0x22, 0x00, 0x22, 0x00, 0x22, 0x00,
0x22, 0x00, 0x22, 0x00, 0x22, 0x00, 0x22, 0x00, 0x22, 0x00, 0x87, 0x08, 0xf7, 0x29, 0x38, 0x2a, 0x59, 0x2a, 0x3f, 0xdf, 0x3f, 0xdf, 0x3f, 0xdf,
0x1f, 0x9e, 0xfe, 0x54, 0xfe, 0x54, 0xfe, 0x54, 0xfe, 0x54, 0xfe, 0x54, 0xfe, 0x54, 0xfe, 0x54, 0xfe, 0x54, 0xfe, 0x54, 0xfe, 0x54, 0xfe, 0x54,
0xfe, 0x54, 0xfe, 0x54, 0x1e, 0x55, 0x1e, 0x55, 0x1e, 0x55, 0x1e, 0x55, 0x1e, 0x55, 0x1e, 0x55, 0x1e, 0x55, 0x1e, 0x55, 0x1e, 0x55, 0x1e, 0x55,
0x1e, 0x55, 0x1e, 0x55, 0x1e, 0x55, 0x1e, 0x55, 0x1e, 0x5d, 0x1e, 0x5d, 0x1e, 0x5d, 0x1e, 0x5d, 0x1e, 0x5d, 0x3e, 0x5d, 0x3e, 0x5d, 0x3e, 0x5d,
0x3e, 0x5d, 0x3e, 0x5d, 0x3e, 0x5d, 0x3e, 0x5d, 0x3e, 0x5d, 0x3e, 0x5d, 0x3e, 0x65, 0x3e, 0x65, 0xbe, 0x75, 0x5f, 0xcf, 0x7f, 0xcf, 0x7f, 0xcf,
0x7f, 0xcf, 0x7f, 0xcf, 0x7f, 0xcf, 0x7f, 0xcf, 0x7f, 0xcf, 0x7f, 0xcf, 0x7f, 0xcf, 0x7f, 0xcf, 0x7f, 0xcf, 0x7f, 0xcf, 0x7f, 0xcf, 0x7f, 0xcf,
0x7f, 0xcf, 0x7f, 0xcf, 0x7f, 0xcf, 0x7f, 0xcf, 0x7f, 0xcf, 0x7f, 0xcf, 0x7f, 0xcf, 0x7f, 0xcf, 0x7f, 0xcf, 0x7f, 0xcf, 0x7f, 0xcf, 0x7f, 0xcf,
0x7f, 0xcf, 0x7f, 0xcf, 0x7f, 0xcf, 0x7f, 0xcf, 0x7f, 0xcf, 0x7f, 0xcf, 0x1e, 0x8e, 0x5e, 0x65, 0x5e, 0x65, 0x5e, 0x65, 0x5e, 0x65, 0x5e, 0x65,
0x3e, 0x65, 0x3e, 0x65, 0x3e, 0x65, 0x3e, 0x5d, 0xde, 0x7d, 0x5e, 0x96, 0x7e, 0x9e, 0x1e, 0x86, 0x3e, 0x5d, 0x3e, 0x5d, 0x3e, 0x5d, 0x3e, 0x5d,
0x1e, 0x5d, 0x1e, 0x5d, 0x1e, 0x5d, 0x1e, 0x5d, 0x1e, 0x55, 0x1e, 0x55, 0x1e, 0x55, 0x1e, 0x55, 0x1e, 0x55, 0x1e, 0x55, 0x1e, 0x55, 0x1e, 0x55,
0x1e, 0x55, 0x1e, 0x55, 0x1e, 0x55, 0x1e, 0x55, 0x1e, 0x55, 0x1e, 0x55, 0xfe, 0x54, 0xfe, 0x54, 0xfe, 0x54, 0xfe, 0x54, 0xfe, 0x54, 0xfe, 0x54,
0xfe, 0x54, 0xfe, 0x54, 0xfe, 0x54, 0xfe, 0x54, 0xfe, 0x54, 0xfe, 0x54, 0xfe, 0x54, 0x9e, 0x75, 0x3f, 0xdf, 0x3f, 0xdf, 0x3f, 0xdf, 0x9a, 0x5b,
0x38, 0x2a, 0xf7, 0x29, 0x0c, 0x11, 0x22, 0x00, 0x22, 0x00, 0x22, 0x00, 0x22, 0x00, 0x22, 0x00, 0x22, 0x00, 0x22, 0x00, 0x22, 0x00, 0x22, 0x00,
0x21, 0x00, 0x21, 0x00, 0x21, 0x00, 0x21, 0x00, 0x21, 0x00, 0x21, 0x00, 0x21, 0x00, 0x21, 0x00, 0x21, 0x00, 0x21, 0x00, 0x21, 0x00, 0x21, 0x00,
0x21, 0x00, 0x21, 0x00, 0x21, 0x00, 0x21, 0x00, 0x21, 0x00, 0x21, 0x00, 0x21, 0x00, 0x21, 0x00, 0x21, 0x00, 0x21, 0x00, 0x21, 0x00, 0x21, 0x00,
0x21, 0x00, 0x21, 0x00, 0x21, 0x00, 0x21, 0x00, 0x21, 0x00, 0x21, 0x00, 0x21, 0x00, 0x21, 0x00, 0x21, 0x00, 0x21, 0x00, 0x21, 0x00, 0x21, 0x00,
0x21, 0x00, 0x21, 0x00, 0x21, 0x00, 0x21, 0x00, 0x22, 0x00, 0x22, 0x00, 0x22, 0x00, 0x22, 0x00, 0x22, 0x00, 0x22, 0x00, 0x22, 0x00, 0x22, 0x00,
0x22, 0x00, 0x86, 0x08, 0xf7, 0x29, 0x18, 0x2a, 0x58, 0x2a, 0x5e, 0xbe, 0x3f, 0xdf, 0x3f, 0xdf, 0x3f, 0xa6, 0xfe, 0x54, 0xfe, 0x54, 0xfe, 0x54,
0xfe, 0x54, 0xfe, 0x54, 0xfe, 0x54, 0xfe, 0x54, 0xfe, 0x54, 0x1e, 0x55, 0x1e, 0x55, 0x1e, 0x55, 0x1e, 0x55, 0x1e, 0x55, 0x1e, 0x55, 0x1e, 0x55,
0x1e, 0x55, 0x1e, 0x55, 0x1e, 0x55, 0x1e, 0x55, 0x1e, 0x55, 0x1e, 0x55, 0x1e, 0x55, 0x1e, 0x55, 0x1e, 0x55, 0x1e, 0x55, 0x1e, 0x55, 0x1e, 0x55,
0x1e, 0x5d, 0x1e, 0x5d, 0x1e, 0x5d, 0x3e, 0x5d, 0x3e, 0x5d, 0x3e, 0x5d, 0x3e, 0x5d, 0x3e, 0x5d, 0x3e, 0x5d, 0x3e, 0x5d, 0x3e, 0x5d, 0x3e, 0x5d,
0x3e, 0x5d, 0x3e, 0x5d, 0x3e, 0x65, 0x7e, 0x6d, 0x5f, 0xcf, 0x7f, 0xcf, 0x7f, 0xcf, 0x7f, 0xcf, 0x7f, 0xcf, 0x7f, 0xcf, 0x7f, 0xcf, 0x7f, 0xcf,
0x7f, 0xcf, 0x7f, 0xcf, 0x7f, 0xcf, 0x7f, 0xcf, 0x7f, 0xcf, 0x7f, 0xcf, 0x7f, 0xcf, 0x7f, 0xcf, 0x7f, 0xcf, 0x7f, 0xcf, 0x7f, 0xcf, 0x7f, 0xcf,
0x7f, 0xcf, 0x7f, 0xcf, 0x7f, 0xcf, 0x7f, 0xcf, 0x7f, 0xcf, 0x7f, 0xcf, 0x7f, 0xcf, 0x7f, 0xcf, 0x7f, 0xcf, 0x7f, 0xcf, 0x7f, 0xcf, 0x7f, 0xcf,
0x7f, 0xcf, 0x7f, 0xcf, 0x7f, 0xcf, 0xde, 0x7d, 0x5e, 0x65, 0x5e, 0x65, 0x5e, 0x65, 0x5e, 0x65, 0x5e, 0x65, 0x3e, 0x65, 0x3e, 0x5d, 0x3e, 0x5d,
0x3e, 0x5d, 0x3e, 0x5d, 0x3e, 0x5d, 0x3e, 0x5d, 0x3e, 0x5d, 0x3e, 0x5d, 0x3e, 0x5d, 0x3e, 0x5d, 0x3e, 0x5d, 0x1e, 0x5d, 0x1e, 0x5d, 0x1e, 0x5d,
0x1e, 0x5d, 0x1e, 0x55, 0x1e, 0x55, 0x1e, 0x55, 0x1e, 0x55, 0x1e, 0x55, 0x1e, 0x55, 0x1e, 0x55, 0x1e, 0x55, 0x1e, 0x55, 0x1e, 0x55, 0x1e, 0x55,
0x1e, 0x55, 0x1e, 0x55, 0x1e, 0x55, 0x1e, 0x55, 0x1e, 0x55, 0x1e, 0x55, 0x1e, 0x55, 0xfe, 0x54, 0xfe, 0x54, 0xfe, 0x54, 0xfe, 0x54, 0xfe, 0x54,
0xfe, 0x54, 0xfe, 0x54, 0xfe, 0x54, 0xbe, 0x7d, 0x3f, 0xdf, 0x3f, 0xdf, 0x3f, 0xdf, 0xb9, 0x3a, 0x38, 0x2a, 0xf7, 0x29, 0xeb, 0x10, 0x22, 0x00,
0x22, 0x00, 0x22, 0x00, 0x22, 0x00, 0x22, 0x00, 0x22, 0x00, 0x22, 0x00, 0x22, 0x00, 0x22, 0x00, 0x21, 0x00, 0x21, 0x00, 0x21, 0x00, 0x21, 0x00,
0x21, 0x00, 0x21, 0x00, 0x21, 0x00, 0x21, 0x00, 0x21, 0x00, 0x21, 0x00, 0x21, 0x00, 0x21, 0x00, 0x21, 0x00, 0x21, 0x00, 0x21, 0x00, 0x21, 0x00,
0x21, 0x00, 0x21, 0x00, 0x21, 0x00, 0x21, 0x00, 0x21, 0x00, 0x21, 0x00, 0x21, 0x00, 0x21, 0x00, 0x21, 0x00, 0x21, 0x00, 0x21, 0x00, 0x21, 0x00,
0x21, 0x00, 0x21, 0x00, 0x21, 0x00, 0x21, 0x00, 0x21, 0x00, 0x21, 0x00, 0x21, 0x00, 0x21, 0x00, 0x21, 0x00, 0x21, 0x00, 0x21, 0x00, 0x21, 0x00,
0x22, 0x00, 0x22, 0x00, 0x22, 0x00, 0x22, 0x00, 0x22, 0x00, 0x22, 0x00, 0x22, 0x00, 0x22, 0x00, 0x22, 0x00, 0x22, 0x00, 0xf7, 0x29, 0x18, 0x2a,
0x58, 0x2a, 0xbd, 0xad, 0x3f, 0xdf, 0x3f, 0xdf, 0xbf, 0xbe, 0x1e, 0x55, 0x1e, 0x55, 0x1e, 0x55, 0x1e, 0x55, 0x1e, 0x55, 0x1e, 0x55, 0x1e, 0x55,
0x1e, 0x55, 0x1e, 0x55, 0x1e, 0x55, 0x1e, 0x55, 0x1e, 0x55, 0x1e, 0x55, 0x1e, 0x55, 0x1e, 0x55, 0x1e, 0x55, 0x1e, 0x55, 0x1e, 0x55, 0x1e, 0x55,
0x1e, 0x55, 0x1e, 0x55, 0x1e, 0x55, 0x1e, 0x55, 0x1e, 0x55, 0x1e, 0x55, 0x1e, 0x55, 0x1e, 0x5d, 0x1e, 0x5d, 0x3e, 0x5d, 0x3e, 0x5d, 0x3e, 0x5d,
0x3e, 0x5d, 0x3e, 0x5d, 0x3e, 0x5d, 0x3e, 0x5d, 0x3e, 0x5d, 0x3e, 0x5d, 0x3e, 0x5d, 0x3e, 0x5d, 0x3e, 0x5d, 0x3e, 0x5d, 0x5e, 0x65, 0xde, 0x7d,
0x7f, 0xcf, 0x7f, 0xcf, 0x7f, 0xcf, 0x7f, 0xcf, 0x7f, 0xcf, 0x7f, 0xcf, 0x7f, 0xcf, 0x7f, 0xcf, 0x7f, 0xcf, 0x7f, 0xcf, 0x7f, 0xcf, 0x7f, 0xcf,
0x7f, 0xcf, 0x7f, 0xcf, 0x7f, 0xcf, 0x7f, 0xcf, 0x7f, 0xcf, 0x7f, 0xcf, 0x7f, 0xcf, 0x7f, 0xcf, 0x7f, 0xcf, 0x7f, 0xcf, 0x7f, 0xcf, 0x7f, 0xcf,
0x7f, 0xcf, 0x7f, 0xcf, 0x7f, 0xcf, 0x7f, 0xcf, 0x7f, 0xcf, 0x7f, 0xcf, 0x7f, 0xcf, 0x7f, 0xcf, 0x7f, 0xcf, 0x7f, 0xcf, 0x7f, 0xcf, 0x5e, 0x9e,
0x5e, 0x65, 0x5e, 0x65, 0x5e, 0x65, 0x5e, 0x65, 0x5e, 0x65, 0x5e, 0x65, 0x3e, 0x5d, 0x3e, 0x5d, 0x3e, 0x5d, 0x3e, 0x5d, 0x3e, 0x5d, 0x3e, 0x5d,
0x3e, 0x5d, 0x3e, 0x5d, 0x3e, 0x5d, 0x3e, 0x5d, 0x3e, 0x5d, 0x3e, 0x5d, 0x3e, 0x5d, 0x1e, 0x5d, 0x1e, 0x5d, 0x1e, 0x55, 0x1e, 0x55, 0x1e, 0x55,
0x1e, 0x55, 0x1e, 0x55, 0x1e, 0x55, 0x1e, 0x55, 0x1e, 0x55, 0x1e, 0x55, 0x1e, 0x55, 0x1e, 0x55, 0x1e, 0x55, 0x1e, 0x55, 0x1e, 0x55, 0x1e, 0x55,
0x1e, 0x55, 0x1e, 0x55, 0x1e, 0x55, 0x1e, 0x55, 0x1e, 0x55, 0x1e, 0x55, 0x1e, 0x55, 0x1e, 0x55, 0x1e, 0x55, 0x1e, 0x55, 0x1e, 0x55, 0x1f, 0x9e,
0x3f, 0xdf, 0x3f, 0xdf, 0xff, 0xd6, 0x59, 0x2a, 0x38, 0x2a, 0xf7, 0x29, 0x87, 0x08, 0x22, 0x00, 0x22, 0x00, 0x22, 0x00, 0x22, 0x00, 0x22, 0x00,
0x22, 0x00, 0x22, 0x00, 0x22, 0x00, 0x22, 0x00, 0x21, 0x00, 0x21, 0x00, 0x21, 0x00, 0x21, 0x00, 0x21, 0x00, 0x21, 0x00, 0x21, 0x00, 0x21, 0x00,
0x21, 0x00, 0x21, 0x00, 0x21, 0x00, 0x21, 0x00, 0x21, 0x00, 0x21, 0x00, 0x21, 0x00, 0x21, 0x00, 0x21, 0x00, 0x21, 0x00, 0x21, 0x00, 0x21, 0x00,
0x21, 0x00, 0x21, 0x00, 0x21, 0x00, 0x21, 0x00, 0x21, 0x00, 0x21, 0x00, 0x21, 0x00, 0x21, 0x00, 0x21, 0x00, 0x21, 0x00, 0x21, 0x00, 0x21, 0x00,
0x21, 0x00, 0x21, 0x00, 0x21, 0x00, 0x21, 0x00, 0x21, 0x00, 0x21, 0x00, 0x21, 0x00, 0x21, 0x00, 0x22, 0x00, 0x22, 0x00, 0x22, 0x00, 0x22, 0x00,
0x22, 0x00, 0x22, 0x00, 0x22, 0x00, 0x22, 0x00, 0x22, 0x00, 0x22, 0x00, 0x93, 0x21, 0x17, 0x2a, 0x38, 0x2a, 0x9c, 0x7c, 0x3f, 0xdf, 0x3f, 0xdf,
0x3f, 0xdf, 0x1e, 0x55, 0x1e, 0x55, 0x1e, 0x55, 0x1e, 0x55, 0x1e, 0x55, 0x1e, 0x55, 0x1e, 0x55, 0x1e, 0x55, 0x1e, 0x55, 0x1e, 0x55, 0x1e, 0x55,
0x1e, 0x55, 0x1e, 0x55, 0x1e, 0x55, 0x1e, 0x55, 0x1e, 0x55, 0x1e, 0x55, 0x1e, 0x55, 0x1e, 0x55, 0x1e, 0x55, 0x1e, 0x55, 0x1e, 0x55, 0x1e, 0x55,
0x1e, 0x55, 0x1e, 0x55, 0x1e, 0x55, 0x3e, 0x5d, 0x3e, 0x5d, 0x3e, 0x5d, 0x3e, 0x5d, 0x3e, 0x5d, 0x3e, 0x5d, 0x3e, 0x5d, 0x3e, 0x5d, 0x3e, 0x5d,
0x3e, 0x5d, 0x3e, 0x5d, 0x3e, 0x5d, 0x3e, 0x5d, 0x3e, 0x5d, 0x5e, 0x5d, 0x5e, 0x65, 0xfe, 0x85, 0x7f, 0xcf, 0x7f, 0xcf, 0x7f, 0xcf, 0x7f, 0xcf,
0x7f, 0xcf, 0x7f, 0xcf, 0x7f, 0xcf, 0x7f, 0xcf, 0x7f, 0xcf, 0x7f, 0xcf, 0x7f, 0xcf, 0x7f, 0xcf, 0x7f, 0xcf, 0x7f, 0xcf, 0x7f, 0xcf, 0x7f, 0xcf,
0x7f, 0xcf, 0x7f, 0xcf, 0x7f, 0xcf, 0x7f, 0xcf, 0x7f, 0xcf, 0x7f, 0xcf, 0x7f, 0xcf, 0x7f, 0xcf, 0x7f, 0xcf, 0x7f, 0xcf, 0x7f, 0xcf, 0x7f, 0xcf,
0x7f, 0xcf, 0x7f, 0xcf, 0x7f, 0xcf, 0x7f, 0xcf, 0x7f, 0xcf, 0x7f, 0xcf, 0x7f, 0xcf, 0x9e, 0xa6, 0x5e, 0x65, 0x5e, 0x65, 0x5e, 0x65, 0x5e, 0x65,
0x5e, 0x65, 0x5e, 0x65, 0x5e, 0x5d, 0x3e, 0x5d, 0x3e, 0x5d, 0x3e, 0x5d, 0x3e, 0x5d, 0x3e, 0x5d, 0x3e, 0x5d, 0x3e, 0x5d, 0x3e, 0x5d, 0x3e, 0x5d,
0x3e, 0x5d, 0x3e, 0x5d, 0x3e, 0x5d, 0x3e, 0x5d, 0x3e, 0x5d, 0x1e, 0x55, 0x1e, 0x55, 0x1e, 0x55, 0x1e, 0x55, 0x1e, 0x55, 0x1e, 0x55, 0x1e, 0x55,
0x1e, 0x55, 0x1e, 0x55, 0x1e, 0x55, 0x1e, 0x55, 0x1e, 0x55, 0x1e, 0x55, 0x1e, 0x55, 0x1e, 0x55, 0x1e, 0x55, 0x1e, 0x55, 0x1e, 0x55, 0x1e, 0x55,
0x1e, 0x55, 0x1e, 0x55, 0x1e, 0x55, 0x1e, 0x55, 0x1e, 0x55, 0x1e, 0x55, 0x1e, 0x55, 0xbf, 0xbe, 0x3f, 0xdf, 0x3f, 0xdf, 0xbd, 0xad, 0x58, 0x2a,
0x18, 0x2a, 0xf7, 0x29, 0x43, 0x00, 0x22, 0x00, 0x22, 0x00, 0x22, 0x00, 0x22, 0x00, 0x22, 0x00, 0x22, 0x00, 0x22, 0x00, 0x22, 0x00, 0x22, 0x00,
0x21, 0x00, 0x21, 0x00, 0x21, 0x00, 0x21, 0x00, 0x21, 0x00, 0x21, 0x00, 0x21, 0x00, 0x21, 0x00, 0x21, 0x00, 0x21, 0x00, 0x21, 0x00, 0x21, 0x00,
0x21, 0x00, 0x21, 0x00, 0x21, 0x00, 0x21, 0x00, 0x21, 0x00, 0x21, 0x00, 0x21, 0x00, 0x21, 0x00, 0x21, 0x00, 0x21, 0x00, 0x21, 0x00, 0x21, 0x00,
0x21, 0x00, 0x21, 0x00, 0x21, 0x00, 0x21, 0x00, 0x21, 0x00, 0x21, 0x00, 0x21, 0x00, 0x21, 0x00, 0x21, 0x00, 0x21, 0x00, 0x21, 0x00, 0x21, 0x00,
0x21, 0x00, 0x21, 0x00, 0x21, 0x00, 0x21, 0x00, 0x21, 0x00, 0x22, 0x00, 0x22, 0x00, 0x22, 0x00, 0x22, 0x00, 0x22, 0x00, 0x22, 0x00, 0x22, 0x00,
0x22, 0x00, 0x22, 0x00, 0x2d, 0x19, 0xf7, 0x29, 0x38, 0x2a, 0x5a, 0x53, 0x3f, 0xdf, 0x3f, 0xdf, 0x3f, 0xdf, 0xbe, 0x7d, 0x1e, 0x55, 0x1e, 0x55,
0x1e, 0x55, 0x1e, 0x55, 0x1e, 0x55, 0x1e, 0x55, 0x1e, 0x55, 0x1e, 0x55, 0x1e, 0x55, 0x1e, 0x55, 0x1e, 0x55, 0x1e, 0x55, 0x1e, 0x55, 0x1e, 0x55,
0x1e, 0x55, 0x1e, 0x55, 0x1e, 0x55, 0x1e, 0x55, 0x1e, 0x55, 0x1e, 0x55, 0x1e, 0x55, 0x1e, 0x55, 0x1e, 0x55, 0x3e, 0x55, 0x3e, 0x55, 0x3e, 0x5d,
0x3e, 0x5d, 0x3e, 0x5d, 0x3e, 0x5d, 0x3e, 0x5d, 0x3e, 0x5d, 0x3e, 0x5d, 0x3e, 0x5d, 0x3e, 0x5d, 0x3e, 0x5d, 0x3e, 0x5d, 0x3e, 0x5d, 0x3e, 0x5d,
0x5e, 0x5d, 0x5e, 0x5d, 0x5e, 0x5d, 0x9e, 0x6d, 0x7f, 0xcf, 0x7f, 0xcf, 0x7f, 0xcf, 0x7f, 0xcf, 0x7f, 0xcf, 0x7f, 0xcf, 0x7f, 0xcf, 0x7f, 0xcf,
0x7f, 0xcf, 0x7f, 0xcf, 0x7f, 0xcf, 0x7f, 0xcf, 0x7f, 0xcf, 0x7f, 0xcf, 0x7f, 0xcf, 0x7f, 0xcf, 0x7f, 0xcf, 0x7f, 0xcf, 0x7f, 0xcf, 0x7f, 0xcf,
0x7f, 0xcf, 0x7f, 0xcf, 0x7f, 0xcf, 0x7f, 0xcf, 0x7f, 0xcf, 0x7f, 0xcf, 0x7f, 0xcf, 0x7f, 0xcf, 0x7f, 0xcf, 0x7f, 0xcf, 0x7f, 0xcf, 0x7f, 0xcf,
0x7f, 0xcf, 0x7f, 0xcf, 0x7f, 0xcf, 0x1e, 0x8e, 0x5e, 0x65, 0x5e, 0x65, 0x5e, 0x65, 0x5e, 0x65, 0x5e, 0x65, 0x5e, 0x65, 0x5e, 0x5d, 0x5e, 0x5d,
0x3e, 0x5d, 0x3e, 0x5d, 0x3e, 0x5d, 0x3e, 0x5d, 0x3e, 0x5d, 0x3e, 0x5d, 0x3e, 0x5d, 0x3e, 0x5d, 0x3e, 0x5d, 0x3e, 0x5d, 0x3e, 0x5d, 0x3e, 0x5d,
0x3e, 0x5d, 0x3e, 0x55, 0x3e, 0x55, 0x3e, 0x55, 0x1e, 0x55, 0x1e, 0x55, 0x1e, 0x55, 0x1e, 0x55, 0x1e, 0x55, 0x1e, 0x55, 0x1e, 0x55, 0x1e, 0x55,
0x1e, 0x55, 0x1e, 0x55, 0x1e, 0x55, 0x1e, 0x55, 0x1e, 0x55, 0x1e, 0x55, 0x1e, 0x55, 0x1e, 0x55, 0x1e, 0x55, 0x1e, 0x55, 0x1e, 0x55, 0x1e, 0x55,
0x1e, 0x55, 0x1e, 0x55, 0x3e, 0x5d, 0x3f, 0xdf, 0x3f, 0xdf, 0x3f, 0xdf, 0x9c, 0x7c, 0x38, 0x2a, 0x17, 0x2a, 0x93, 0x21, 0x22, 0x00, 0x22, 0x00,
0x22, 0x00, 0x22, 0x00, 0x22, 0x00, 0x22, 0x00, 0x22, 0x00, 0x22, 0x00, 0x22, 0x00, 0x22, 0x00, 0x21, 0x00, 0x21, 0x00, 0x21, 0x00, 0x21, 0x00,
0x21, 0x00, 0x21, 0x00, 0x21, 0x00, 0x21, 0x00, 0x21, 0x00, 0x21, 0x00, 0x21, 0x00, 0x21, 0x00, 0x21, 0x00, 0x21, 0x00, 0x21, 0x00, 0x21, 0x00,
0x21, 0x00, 0x21, 0x00, 0x21, 0x00, 0x21, 0x00, 0x21, 0x00, 0x21, 0x00, 0x21, 0x00, 0x21, 0x00, 0x21, 0x00, 0x21, 0x00, 0x21, 0x00, 0x21, 0x00,
0x21, 0x00, 0x21, 0x00, 0x21, 0x00, 0x21, 0x00, 0x21, 0x00, 0x21, 0x00, 0x21, 0x00, 0x21, 0x00, 0x21, 0x00, 0x21, 0x00, 0x21, 0x00, 0x21, 0x00,
0x21, 0x00, 0x22, 0x00, 0x22, 0x00, 0x22, 0x00, 0x22, 0x00, 0x22, 0x00, 0x22, 0x00, 0x22, 0x00, 0x22, 0x00, 0x22, 0x00, 0xa8, 0x08, 0xf7, 0x29,
0x38, 0x2a, 0x59, 0x2a, 0xbf, 0xce, 0x3f, 0xdf, 0x3f, 0xdf, 0x7f, 0xae, 0x1e, 0x55, 0x1e, 0x55, 0x1e, 0x55, 0x1e, 0x55, 0x1e, 0x55, 0x1e, 0x55,
0x1e, 0x55, 0x1e, 0x55, 0x1e, 0x55, 0x1e, 0x55, 0x1e, 0x55, 0x1e, 0x55, 0x1e, 0x55, 0x1e, 0x55, 0x1e, 0x55, 0x1e, 0x55, 0x1e, 0x55, 0x1e, 0x55,
0x1e, 0x55, 0x1e, 0x55, 0x3e, 0x55, 0x3e, 0x55, 0x3e, 0x55, 0x3e, 0x55, 0x3e, 0x55, 0x3e, 0x5d, 0x3e, 0x5d, 0x3e, 0x5d, 0x3e, 0x5d, 0x3e, 0x5d,
0x3e, 0x5d, 0x3e, 0x5d, 0x3e, 0x5d, 0x3e, 0x5d, 0x3e, 0x5d, 0x3e, 0x5d, 0x3e, 0x5d, 0x5e, 0x5d, 0x5e, 0x5d, 0x5e, 0x5d, 0x5e, 0x5d, 0x5e, 0x65,
0x1e, 0x8e, 0x7f, 0xcf, 0x7f, 0xcf, 0x7f, 0xcf, 0x7f, 0xcf, 0x7f, 0xcf, 0x7f, 0xcf, 0x7f, 0xcf, 0x7f, 0xcf, 0x7f, 0xcf, 0x7f, 0xcf, 0x7f, 0xcf,
0x7f, 0xcf, 0x7f, 0xcf, 0x7f, 0xcf, 0x7f, 0xcf, 0x7f, 0xcf, 0x7f, 0xcf, 0x7f, 0xcf, 0x7f, 0xcf, 0x7f, 0xcf, 0x7f, 0xcf, 0x7f, 0xcf, 0x7f, 0xcf,
0x7f, 0xcf, 0x7f, 0xcf, 0x7f, 0xcf, 0x7f, 0xcf, 0x7f, 0xcf, 0x7f, 0xcf, 0x7f, 0xcf, 0x7f, 0xcf, 0x7f, 0xcf, 0x7f, 0xcf, 0xbf, 0xa6, 0x5e, 0x65,
0x5e, 0x65, 0x5e, 0x65, 0x5e, 0x65, 0x5e, 0x65, 0x5e, 0x65, 0x5e, 0x5d, 0x5e, 0x5d, 0x5e, 0x5d, 0x5e, 0x5d, 0x3e, 0x5d, 0x3e, 0x5d, 0x3e, 0x5d,
0x3e, 0x5d, 0x3e, 0x5d, 0x3e, 0x5d, 0x3e, 0x5d, 0x3e, 0x5d, 0x3e, 0x5d, 0x3e, 0x5d, 0x3e, 0x5d, 0x3e, 0x5d, 0x3e, 0x55, 0x3e, 0x55, 0x3e, 0x55,
0x3e, 0x55, 0x3e, 0x55, 0x1e, 0x55, 0x1e, 0x55, 0x1e, 0x55, 0x1e, 0x55, 0x1e, 0x55, 0x1e, 0x55, 0x1e, 0x55, 0x1e, 0x55, 0x1e, 0x55, 0x1e, 0x55,
0x1e, 0x55, 0x1e, 0x55, 0x1e, 0x55, 0x1e, 0x55, 0x1e, 0x55, 0x1e, 0x55, 0x1e, 0x55, 0x1e, 0x55, 0x1e, 0x55, 0x1e, 0x55, 0xde, 0x85, 0x3f, 0xdf,
0x3f, 0xdf, 0x3f, 0xdf, 0xfa, 0x42, 0x38, 0x2a, 0xf7, 0x29, 0x2d, 0x19, 0x22, 0x00, 0x22, 0x00, 0x22, 0x00, 0x22, 0x00, 0x22, 0x00, 0x22, 0x00,
0x22, 0x00, 0x22, 0x00, 0x22, 0x00, 0x22, 0x00, 0x21, 0x00, 0x21, 0x00, 0x21, 0x00, 0x21, 0x00, 0x21, 0x00, 0x21, 0x00, 0x21, 0x00, 0x21, 0x00,
0x21, 0x00, 0x21, 0x00, 0x21, 0x00, 0x21, 0x00, 0x21, 0x00, 0x21, 0x00, 0x21, 0x00, 0x21, 0x00, 0x21, 0x00, 0x21, 0x00, 0x21, 0x00, 0x21, 0x00,
0x21, 0x00, 0x21, 0x00, 0x21, 0x00, 0x21, 0x00, 0x21, 0x00, 0x21, 0x00, 0x21, 0x00, 0x21, 0x00, 0x21, 0x00, 0x21, 0x00, 0x21, 0x00, 0x21, 0x00,
0x21, 0x00, 0x21, 0x00, 0x21, 0x00, 0x21, 0x00, 0x21, 0x00, 0x21, 0x00, 0x21, 0x00, 0x21, 0x00, 0x21, 0x00, 0x22, 0x00, 0x22, 0x00, 0x22, 0x00,
0x22, 0x00, 0x22, 0x00, 0x22, 0x00, 0x22, 0x00, 0x22, 0x00, 0x22, 0x00, 0x22, 0x00, 0xd5, 0x21, 0x18, 0x2a, 0x58, 0x2a, 0x1d, 0x95, 0x3f, 0xdf,
0x3f, 0xdf, 0x1f, 0xd7, 0x1e, 0x55, 0x1e, 0x55, 0x1e, 0x55, 0x1e, 0x55, 0x1e, 0x55, 0x1e, 0x55, 0x1e, 0x55, 0x1e, 0x55, 0x1e, 0x55, 0x1e, 0x55,
0x1e, 0x55, 0x1e, 0x55, 0x1e, 0x55, 0x1e, 0x55, 0x1e, 0x55, 0x1e, 0x55, 0x1e, 0x55, 0x3e, 0x55, 0x3e, 0x55, 0x3e, 0x55, 0x3e, 0x55, 0x3e, 0x55,
0x3e, 0x55, 0x3e, 0x55, 0x3e, 0x55, 0x3e, 0x5d, 0x3e, 0x5d, 0x3e, 0x5d, 0x3e, 0x5d, 0x3e, 0x5d, 0x3e, 0x5d, 0x3e, 0x5d, 0x3e, 0x5d, 0x3e, 0x5d,
0x3e, 0x5d, 0x3e, 0x5d, 0x5e, 0x5d, 0x5e, 0x5d, 0x5e, 0x5d, 0x5e, 0x5d, 0x5e, 0x5d, 0x5e, 0x65, 0x5e, 0x65, 0xde, 0x7d, 0x7e, 0x9e, 0x9e, 0x9e,
0x7e, 0x9e, 0x7e, 0x9e, 0x7e, 0x9e, 0x7e, 0x9e, 0x7e, 0x9e, 0x7e, 0x9e, 0x7e, 0x9e, 0x7e, 0x9e, 0x7e, 0x9e, 0x7e, 0x9e, 0x7e, 0x9e, 0x9e, 0xa6,
0x7e, 0x9e, 0x7e, 0x9e, 0x7e, 0x9e, 0x7e, 0x9e, 0x7e, 0x9e, 0x7e, 0x9e, 0x7e, 0x9e, 0x7e, 0x9e, 0x7e, 0x9e, 0x7e, 0x9e, 0x7e, 0x9e, 0x7e, 0x9e,
0x7e, 0x9e, 0x7e, 0x9e, 0x7e, 0x9e, 0x7e, 0x9e, 0x9e, 0xa6, 0x3e, 0x8e, 0x5e, 0x65, 0x5e, 0x65, 0x5e, 0x65, 0x5e, 0x65, 0x5e, 0x65, 0x5e, 0x65,
0x5e, 0x65, 0x5e, 0x5d, 0x5e, 0x5d, 0x5e, 0x5d, 0x5e, 0x5d, 0x5e, 0x5d, 0x5e, 0x5d, 0x3e, 0x5d, 0x3e, 0x5d, 0x3e, 0x5d, 0x3e, 0x5d, 0x3e, 0x5d,
0x3e, 0x5d, 0x3e, 0x5d, 0x3e, 0x5d, 0x3e, 0x5d, 0x3e, 0x5d, 0x3e, 0x55, 0x3e, 0x55, 0x3e, 0x55, 0x3e, 0x55, 0x3e, 0x55, 0x3e, 0x55, 0x3e, 0x55,
0x3e, 0x55, 0x1e, 0x55, 0x1e, 0x55, 0x1e, 0x55, 0x1e, 0x55, 0x1e, 0x55, 0x1e, 0x55, 0x1e, 0x55, 0x1e, 0x55, 0x1e, 0x55, 0x1e, 0x55, 0x1e, 0x55,
0x1e, 0x55, 0x1e, 0x55, 0x1e, 0x55, 0x1e, 0x55, 0x1e, 0x55, 0x1e, 0x55, 0x9f, 0xb6, 0x3f, 0xdf, 0x3f, 0xdf, 0x5e, 0xbe, 0x58, 0x2a, 0x18, 0x2a,
0xf7, 0x29, 0x86, 0x08, 0x22, 0x00, 0x22, 0x00, 0x22, 0x00, 0x22, 0x00, 0x22, 0x00, 0x22, 0x00, 0x22, 0x00, 0x22, 0x00, 0x22, 0x00, 0x22, 0x00,
0x21, 0x00, 0x21, 0x00, 0x21, 0x00, 0x21, 0x00, 0x21, 0x00, 0x21, 0x00, 0x21, 0x00, 0x21, 0x00, 0x21, 0x00, 0x21, 0x00, 0x21, 0x00, 0x21, 0x00,
0x21, 0x00, 0x21, 0x00, 0x21, 0x00, 0x21, 0x00, 0x21, 0x00, 0x21, 0x00, 0x21, 0x00, 0x21, 0x00, 0x21, 0x00, 0x21, 0x00, 0x21, 0x00, 0x21, 0x00,
0x21, 0x00, 0x21, 0x00, 0x21, 0x00, 0x21, 0x00, 0x21, 0x00, 0x21, 0x00, 0x21, 0x00, 0x21, 0x00, 0x21, 0x00, 0x21, 0x00, 0x21, 0x00, 0x21, 0x00,
0x21, 0x00, 0x21, 0x00, 0x21, 0x00, 0x21, 0x00, 0x21, 0x00, 0x22, 0x00, 0x22, 0x00, 0x22, 0x00, 0x22, 0x00, 0x22, 0x00, 0x22, 0x00, 0x22, 0x00,
0x22, 0x00, 0x22, 0x00, 0x22, 0x00, 0x2f, 0x19, 0x17, 0x2a, 0x38, 0x2a, 0x5a, 0x53, 0x3f, 0xdf, 0x3f, 0xdf, 0x3f, 0xdf, 0xfe, 0x85, 0x1e, 0x55,
0x1e, 0x55, 0x1e, 0x55, 0x1e, 0x55, 0x1e, 0x55, 0x1e, 0x55, 0x1e, 0x55, 0x1e, 0x55, 0x1e, 0x55, 0x1e, 0x55, 0x1e, 0x55, 0x1e, 0x55, 0x3e, 0x55,
0x3e, 0x55, 0x3e, 0x55, 0x3e, 0x55, 0x3e, 0x55, 0x3e, 0x55, 0x3e, 0x55, 0x3e, 0x55, 0x3e, 0x55, 0x3e, 0x55, 0x3e, 0x55, 0x3e, 0x55, 0x3e, 0x5d,
0x3e, 0x5d, 0x3e, 0x5d, 0x3e, 0x5d, 0x3e, 0x5d, 0x3e, 0x5d, 0x3e, 0x5d, 0x3e, 0x5d, 0x3e, 0x5d, 0x5e, 0x5d, 0x5e, 0x5d, 0x5e, 0x5d, 0x5e, 0x5d,
0x5e, 0x5d, 0x5e, 0x5d, 0x5e, 0x5d, 0x5e, 0x5d, 0x5e, 0x65, 0x5e, 0x65, 0x5e, 0x65, 0x5e, 0x65, 0x5e, 0x65, 0x7e, 0x65, 0x7e, 0x65, 0x7e, 0x65,
0x7e, 0x65, 0x7e, 0x65, 0x7e, 0x65, 0x7e, 0x6d, 0x7e, 0x6d, 0x7e, 0x6d, 0x7e, 0x6d, 0x7e, 0x6d, 0x9e, 0x6d, 0x9e, 0x6d, 0x7e, 0x6d, 0x7e, 0x6d,
0x7e, 0x6d, 0x7e, 0x6d, 0x9e, 0x6d, 0x9e, 0x6d, 0x7e, 0x6d, 0x7e, 0x6d, 0x7e, 0x6d, 0x7e, 0x6d, 0x7e, 0x6d, 0x7e, 0x6d, 0x7e, 0x65, 0x7e, 0x65,
0x7e, 0x65, 0x7e, 0x65, 0x7e, 0x65, 0x5e, 0x65, 0x5e, 0x65, 0x5e, 0x65, 0x5e, 0x65, 0x5e, 0x65, 0x5e, 0x65, 0x5e, 0x5d, 0x5e, 0x5d, 0x5e, 0x5d,
0x5e, 0x5d, 0x5e, 0x5d, 0x5e, 0x5d, 0x5e, 0x5d, 0x3e, 0x5d, 0x3e, 0x5d, 0x3e, 0x5d, 0x3e, 0x5d, 0x3e, 0x5d, 0x3e, 0x5d, 0x3e, 0x5d, 0x3e, 0x5d,
0x3e, 0x5d, 0x3e, 0x55, 0x3e, 0x55, 0x3e, 0x55, 0x3e, 0x55, 0x3e, 0x55, 0x3e, 0x55, 0x3e, 0x55, 0x3e, 0x55, 0x3e, 0x55, 0x3e, 0x55, 0x3e, 0x55,
0x3e, 0x55, 0x3e, 0x55, 0x1e, 0x55, 0x1e, 0x55, 0x1e, 0x55, 0x1e, 0x55, 0x1e, 0x55, 0x1e, 0x55, 0x1e, 0x55, 0x1e, 0x55, 0x1e, 0x55, 0x1e, 0x55,
0x1e, 0x55, 0x5e, 0x65, 0x3f, 0xdf, 0x3f, 0xdf, 0x3f, 0xdf, 0x9c, 0x7c, 0x38, 0x2a, 0x17, 0x2a, 0xb4, 0x21, 0x22, 0x00, 0x22, 0x00, 0x22, 0x00,
0x22, 0x00, 0x22, 0x00, 0x22, 0x00, 0x22, 0x00, 0x22, 0x00, 0x22, 0x00, 0x22, 0x00, 0x21, 0x00, 0x21, 0x00, 0x21, 0x00, 0x21, 0x00, 0x21, 0x00,
0x21, 0x00, 0x21, 0x00, 0x21, 0x00, 0x21, 0x00, 0x21, 0x00, 0x21, 0x00, 0x21, 0x00, 0x21, 0x00, 0x21, 0x00, 0x21, 0x00, 0x21, 0x00, 0x21, 0x00,
0x21, 0x00, 0x21, 0x00, 0x21, 0x00, 0x21, 0x00, 0x21, 0x00, 0x21, 0x00, 0x21, 0x00, 0x21, 0x00, 0x21, 0x00, 0x21, 0x00, 0x21, 0x00, 0x21, 0x00,
0x21, 0x00, 0x21, 0x00, 0x21, 0x00, 0x21, 0x00, 0x21, 0x00, 0x21, 0x00, 0x21, 0x00, 0x21, 0x00, 0x21, 0x00, 0x21, 0x00, 0x21, 0x00, 0x21, 0x00,
0x21, 0x00, 0x22, 0x00, 0x22, 0x00, 0x22, 0x00, 0x22, 0x00, 0x22, 0x00, 0x22, 0x00, 0x22, 0x00, 0x22, 0x00, 0x22, 0x00, 0x22, 0x00, 0x87, 0x08,
0xf7, 0x29, 0x18, 0x2a, 0x58, 0x2a, 0x1e, 0xb6, 0x3f, 0xdf, 0x3f, 0xdf, 0xff, 0xce, 0x1e, 0x55, 0x1e, 0x55, 0x1e, 0x55, 0x1e, 0x55, 0x3e, 0x55,
0x3e, 0x55, 0x3e, 0x55, 0x3e, 0x55, 0x3e, 0x55, 0x3e, 0x55, 0x3e, 0x55, 0x3e, 0x55, 0x3e, 0x55, 0x3e, 0x55, 0x3e, 0x55, 0x3e, 0x55, 0x3e, 0x55,
0x3e, 0x55, 0x3e, 0x55, 0x3e, 0x55, 0x3e, 0x55, 0x3e, 0x55, 0x3e, 0x55, 0x3e, 0x55, 0x3e, 0x5d, 0x3e, 0x5d, 0x3e, 0x5d, 0x3e, 0x5d, 0x3e, 0x5d,
0x3e, 0x5d, 0x3e, 0x5d, 0x3e, 0x5d, 0x5e, 0x5d, 0x5e, 0x5d, 0x5e, 0x5d, 0x5e, 0x5d, 0x5e, 0x5d, 0x5e, 0x5d, 0x5e, 0x5d, 0x5e, 0x5d, 0x5e, 0x5d,
0x5e, 0x65, 0x5e, 0x65, 0x5e, 0x65, 0x5e, 0x65, 0x7e, 0x65, 0x7e, 0x65, 0x7e, 0x65, 0x7e, 0x65, 0x7e, 0x65, 0x7e, 0x65, 0x7e, 0x65, 0x7e, 0x6d,
0x7e, 0x6d, 0x7e, 0x6d, 0x7e, 0x6d, 0x7e, 0x6d, 0x9e, 0x6d, 0x9e, 0x6d, 0x7e, 0x6d, 0x7e, 0x6d, 0x7e, 0x6d, 0x7e, 0x6d, 0x9e, 0x6d, 0x9e, 0x6d,
0x9e, 0x6d, 0x7e, 0x6d, 0x7e, 0x6d, 0x7e, 0x6d, 0x7e, 0x6d, 0x7e, 0x65, 0x7e, 0x65, 0x7e, 0x65, 0x7e, 0x65, 0x7e, 0x65, 0x7e, 0x65, 0x7e, 0x65,
0x5e, 0x65, 0x5e, 0x65, 0x5e, 0x65, 0x5e, 0x65, 0x5e, 0x5d, 0x5e, 0x5d, 0x5e, 0x5d, 0x5e, 0x5d, 0x5e, 0x5d, 0x5e, 0x5d, 0x5e, 0x5d, 0x5e, 0x5d,
0x5e, 0x5d, 0x5e, 0x5d, 0x3e, 0x5d, 0x3e, 0x5d, 0x3e, 0x5d, 0x3e, 0x5d, 0x3e, 0x5d, 0x3e, 0x5d, 0x3e, 0x5d, 0x3e, 0x55, 0x3e, 0x55, 0x3e, 0x55,
0x3e, 0x55, 0x3e, 0x55, 0x3e, 0x55, 0x3e, 0x55, 0x3e, 0x55, 0x3e, 0x55, 0x3e, 0x55, 0x3e, 0x55, 0x3e, 0x55, 0x3e, 0x55, 0x3e, 0x55, 0x3e, 0x55,
0x3e, 0x55, 0x3e, 0x55, 0x3e, 0x55, 0x3e, 0x55, 0x3e, 0x55, 0x1e, 0x55, 0x1e, 0x55, 0x1e, 0x55, 0x1e, 0x55, 0x7f, 0xae, 0x3f, 0xdf, 0x3f, 0xdf,
0xff, 0xd6, 0xb9, 0x3a, 0x38, 0x2a, 0xf7, 0x29, 0x0c, 0x11, 0x22, 0x00, 0x22, 0x00, 0x22, 0x00, 0x22, 0x00, 0x22, 0x00, 0x22, 0x00, 0x22, 0x00,
0x22, 0x00, 0x22, 0x00, 0x22, 0x00, 0x21, 0x00, 0x21, 0x00, 0x21, 0x00, 0x21, 0x00, 0x21, 0x00, 0x21, 0x00, 0x21, 0x00, 0x21, 0x00, 0x21, 0x00,
0x21, 0x00, 0x21, 0x00, 0x21, 0x00, 0x21, 0x00, 0x21, 0x00, 0x21, 0x00, 0x21, 0x00, 0x21, 0x00, 0x21, 0x00, 0x21, 0x00, 0x21, 0x00, 0x21, 0x00,
0x21, 0x00, 0x21, 0x00, 0x21, 0x00, 0x21, 0x00, 0x21, 0x00, 0x21, 0x00, 0x21, 0x00, 0x21, 0x00, 0x21, 0x00, 0x21, 0x00, 0x21, 0x00, 0x21, 0x00,
0x21, 0x00, 0x21, 0x00, 0x21, 0x00, 0x21, 0x00, 0x21, 0x00, 0x21, 0x00, 0x21, 0x00, 0x21, 0x00, 0x21, 0x00, 0x22, 0x00, 0x22, 0x00, 0x22, 0x00,
0x22, 0x00, 0x22, 0x00, 0x22, 0x00, 0x22, 0x00, 0x22, 0x00, 0x22, 0x00, 0x22, 0x00, 0x22, 0x00, 0xb4, 0x21, 0x17, 0x2a, 0x38, 0x2a, 0x3b, 0x74,
0x3f, 0xdf, 0x3f, 0xdf, 0x3f, 0xdf, 0xfe, 0x85, 0x3e, 0x55, 0x3e, 0x55, 0x3e, 0x55, 0x3e, 0x55, 0x3e, 0x55, 0x3e, 0x55, 0x3e, 0x55, 0x3e, 0x55,
0x3e, 0x55, 0x3e, 0x55, 0x3e, 0x55, 0x3e, 0x55, 0x3e, 0x55, 0x3e, 0x55, 0x3e, 0x55, 0x3e, 0x55, 0x3e, 0x55, 0x3e, 0x55, 0x3e, 0x55, 0x3e, 0x55,
0x3e, 0x55, 0x3e, 0x55, 0x3e, 0x55, 0x3e, 0x5d, 0x3e, 0x5d, 0x3e, 0x5d, 0x3e, 0x5d, 0x3e, 0x5d, 0x3e, 0x5d, 0x5e, 0x5d, 0x5e, 0x5d, 0x5e, 0x5d,
0x5e, 0x5d, 0x5e, 0x5d, 0x5e, 0x5d, 0x5e, 0x5d, 0x5e, 0x5d, 0x5e, 0x5d, 0x5e, 0x5d, 0x5e, 0x5d, 0x5e, 0x65, 0x5e, 0x65, 0x5e, 0x65, 0x7e, 0x65,
0x7e, 0x65, 0x7e, 0x65, 0x7e, 0x65, 0x7e, 0x65, 0x7e, 0x65, 0x7e, 0x65, 0x7e, 0x65, 0x7e, 0x6d, 0x7e, 0x6d, 0x7e, 0x6d, 0x7e, 0x6d, 0x9e, 0x6d,
0x9e, 0x6d, 0x9e, 0x6d, 0x9e, 0x6d, 0x7e, 0x6d, 0x7e, 0x6d, 0x7e, 0x6d, 0x9e, 0x6d, 0x9e, 0x6d, 0x9e, 0x6d, 0x7e, 0x6d, 0x7e, 0x6d, 0x7e, 0x6d,
0x7e, 0x6d, 0x7e, 0x65, 0x7e, 0x65, 0x7e, 0x65, 0x7e, 0x65, 0x7e, 0x65, 0x7e, 0x65, 0x7e, 0x65, 0x7e, 0x65, 0x5e, 0x65, 0x5e, 0x65, 0x5e, 0x65,
0x5e, 0x5d, 0x5e, 0x5d, 0x5e, 0x5d, 0x5e, 0x5d, 0x5e, 0x5d, 0x5e, 0x5d, 0x5e, 0x5d, 0x5e, 0x5d, 0x5e, 0x5d, 0x5e, 0x5d, 0x5e, 0x5d, 0x3e, 0x5d,
0x3e, 0x5d, 0x3e, 0x5d, 0x3e, 0x5d, 0x3e, 0x5d, 0x3e, 0x5d, 0x3e, 0x55, 0x3e, 0x55, 0x3e, 0x55, 0x3e, 0x55, 0x3e, 0x55, 0x3e, 0x55, 0x3e, 0x55,
0x3e, 0x55, 0x3e, 0x55, 0x3e, 0x55, 0x3e, 0x55, 0x3e, 0x55, 0x3e, 0x55, 0x3e, 0x55, 0x3e, 0x55, 0x3e, 0x55, 0x3e, 0x55, 0x3e, 0x55, 0x3e, 0x55,
0x3e, 0x55, 0x3e, 0x55, 0x3e, 0x55, 0x3e, 0x55, 0x7e, 0x65, 0x3f, 0xdf, 0x3f, 0xdf, 0x3f, 0xdf, 0x7d, 0x9d, 0x58, 0x2a, 0x18, 0x2a, 0xf7, 0x29,
0x64, 0x08, 0x22, 0x00, 0x22, 0x00, 0x22, 0x00, 0x22, 0x00, 0x22, 0x00, 0x22, 0x00, 0x22, 0x00, 0x22, 0x00, 0x22, 0x00, 0x22, 0x00, 0x21, 0x00,
0x21, 0x00, 0x21, 0x00, 0x21, 0x00, 0x21, 0x00, 0x21, 0x00, 0x21, 0x00, 0x21, 0x00, 0x21, 0x00, 0x21, 0x00, 0x21, 0x00, 0x21, 0x00, 0x21, 0x00,
0x21, 0x00, 0x21, 0x00, 0x21, 0x00, 0x21, 0x00, 0x21, 0x00, 0x21, 0x00, 0x21, 0x00, 0x21, 0x00, 0x21, 0x00, 0x21, 0x00, 0x21, 0x00, 0x21, 0x00,
0x21, 0x00, 0x21, 0x00, 0x21, 0x00, 0x21, 0x00, 0x21, 0x00, 0x21, 0x00, 0x21, 0x00, 0x21, 0x00, 0x21, 0x00, 0x21, 0x00, 0x21, 0x00, 0x21, 0x00,
0x21, 0x00, 0x21, 0x00, 0x21, 0x00, 0x21, 0x00, 0x21, 0x00, 0x22, 0x00, 0x22, 0x00, 0x22, 0x00, 0x22, 0x00, 0x22, 0x00, 0x22, 0x00, 0x22, 0x00,
0x22, 0x00, 0x22, 0x00, 0x22, 0x00, 0x22, 0x00, 0xca, 0x10, 0xf7, 0x29, 0x38, 0x2a, 0x58, 0x2a, 0xbf, 0xce, 0x3f, 0xdf, 0x3f, 0xdf, 0xff, 0xce,
0x3e, 0x55, 0x3e, 0x55, 0x3e, 0x55, 0x3e, 0x55, 0x3e, 0x55, 0x3e, 0x55, 0x3e, 0x55, 0x3e, 0x55, 0x3e, 0x55, 0x3e, 0x55, 0x3e, 0x55, 0x3e, 0x55,
0x3e, 0x55, 0x3e, 0x55, 0x3e, 0x55, 0x3e, 0x55, 0x3e, 0x55, 0x3e, 0x55, 0x3e, 0x55, 0x3e, 0x55, 0x3e, 0x55, 0x3e, 0x55, 0x3e, 0x55, 0x3e, 0x5d,
0x3e, 0x5d, 0x3e, 0x5d, 0x3e, 0x5d, 0x5e, 0x5d, 0x5e, 0x5d, 0x5e, 0x5d, 0x5e, 0x5d, 0x5e, 0x5d, 0x5e, 0x5d, 0x5e, 0x5d, 0x5e, 0x5d, 0x5e, 0x5d,
0x5e, 0x5d, 0x5e, 0x5d, 0x5e, 0x5d, 0x5e, 0x5d, 0x5e, 0x65, 0x5e, 0x65, 0x7e, 0x65, 0x7e, 0x65, 0x7e, 0x65, 0x7e, 0x65, 0x7e, 0x65, 0x7e, 0x65,
0x7e, 0x65, 0x7e, 0x65, 0x7e, 0x65, 0x7e, 0x65, 0x7e, 0x6d, 0x7e, 0x6d, 0x9e, 0x6d, 0x9e, 0x6d, 0x9e, 0x6d, 0x9e, 0x6d, 0x9e, 0x6d, 0x9e, 0x6d,
0x9e, 0x6d, 0x9e, 0x6d, 0x9e, 0x6d, 0x9e, 0x6d, 0x9e, 0x6d, 0x9e, 0x6d, 0x7e, 0x6d, 0x7e, 0x6d, 0x7e, 0x65, 0x7e, 0x65, 0x7e, 0x65, 0x7e, 0x65,
0x7e, 0x65, 0x7e, 0x65, 0x7e, 0x65, 0x7e, 0x65, 0x7e, 0x65, 0x7e, 0x65, 0x5e, 0x65, 0x5e, 0x65, 0x5e, 0x5d, 0x5e, 0x5d, 0x5e, 0x5d, 0x5e, 0x5d,
0x5e, 0x5d, 0x5e, 0x5d, 0x5e, 0x5d, 0x5e, 0x5d, 0x5e, 0x5d, 0x5e, 0x5d, 0x5e, 0x5d, 0x5e, 0x5d, 0x5e, 0x5d, 0x3e, 0x5d, 0x3e, 0x5d, 0x3e, 0x5d,
0x3e, 0x5d, 0x3e, 0x55, 0x3e, 0x55, 0x3e, 0x55, 0x3e, 0x55, 0x3e, 0x55, 0x3e, 0x55, 0x3e, 0x55, 0x3e, 0x55, 0x3e, 0x55, 0x3e, 0x55, 0x3e, 0x55,
0x3e, 0x55, 0x3e, 0x55, 0x3e, 0x55, 0x3e, 0x55, 0x3e, 0x55, 0x3e, 0x55, 0x3e, 0x55, 0x3e, 0x55, 0x3e, 0x55, 0x3e, 0x55, 0x3e, 0x55, 0x3e, 0x55,
0x7f, 0xae, 0x3f, 0xdf, 0x3f, 0xdf, 0x3f, 0xdf, 0xf9, 0x42, 0x38, 0x2a, 0xf7, 0x29, 0x2f, 0x19, 0x22, 0x00, 0x22, 0x00, 0x22, 0x00, 0x22, 0x00,
0x22, 0x00, 0x22, 0x00, 0x22, 0x00, 0x22, 0x00, 0x22, 0x00, 0x22, 0x00, 0x22, 0x00, 0x21, 0x00, 0x21, 0x00, 0x21, 0x00, 0x21, 0x00, 0x21, 0x00,
0x21, 0x00, 0x21, 0x00, 0x21, 0x00, 0x21, 0x00, 0x21, 0x00, 0x21, 0x00, 0x21, 0x00, 0x21, 0x00, 0x21, 0x00, 0x21, 0x00, 0x21, 0x00, 0x21, 0x00,
0x21, 0x00, 0x21, 0x00, 0x21, 0x00, 0x21, 0x00, 0x21, 0x00, 0x21, 0x00, 0x21, 0x00, 0x21, 0x00, 0x21, 0x00, 0x21, 0x00, 0x21, 0x00, 0x21, 0x00,
0x21, 0x00, 0x21, 0x00, 0x21, 0x00, 0x21, 0x00, 0x21, 0x00, 0x21, 0x00, 0x21, 0x00, 0x21, 0x00, 0x21, 0x00, 0x21, 0x00, 0x21, 0x00, 0x21, 0x00,
0x21, 0x00, 0x22, 0x00, 0x22, 0x00, 0x22, 0x00, 0x22, 0x00, 0x22, 0x00, 0x22, 0x00, 0x22, 0x00, 0x22, 0x00, 0x22, 0x00, 0x22, 0x00, 0x22, 0x00,
0x22, 0x00, 0xb4, 0x21, 0x17, 0x2a, 0x38, 0x2a, 0x9a, 0x5b, 0x3f, 0xdf, 0x3f, 0xdf, 0x3f, 0xdf, 0x1e, 0x96, 0x3e, 0x55, 0x3e, 0x55, 0x3e, 0x55,
0x3e, 0x55, 0x3e, 0x55, 0x3e, 0x55, 0x3e, 0x55, 0x3e, 0x55, 0x3e, 0x55, 0x3e, 0x55, 0x3e, 0x55, 0x3e, 0x55, 0x3e, 0x55, 0x3e, 0x55, 0x3e, 0x55,
0x3e, 0x55, 0x3e, 0x55, 0x3e, 0x55, 0x3e, 0x55, 0x3e, 0x55, 0x3e, 0x55, 0x3e, 0x55, 0x3e, 0x5d, 0x5e, 0x5d, 0x5e, 0x5d, 0x5e, 0x5d, 0x5e, 0x5d,
0x5e, 0x5d, 0x5e, 0x5d, 0x5e, 0x5d, 0x5e, 0x5d, 0x5e, 0x5d, 0x5e, 0x5d, 0x5e, 0x5d, 0x5e, 0x5d, 0x5e, 0x5d, 0x5e, 0x5d, 0x5e, 0x5d, 0x5e, 0x5d,
0x5e, 0x5d, 0x7e, 0x65, 0x7e, 0x65, 0x7e, 0x65, 0x7e, 0x65, 0x7e, 0x65, 0x7e, 0x65, 0x7e, 0x65, 0x7e, 0x65, 0x7e, 0x65, 0x7e, 0x65, 0x7e, 0x65,
0x7e, 0x65, 0x9e, 0x6d, 0x9e, 0x6d, 0x9e, 0x6d, 0x9e, 0x6d, 0x9e, 0x6d, 0x9e, 0x6d, 0x9e, 0x6d, 0x9e, 0x6d, 0x9e, 0x6d, 0x9e, 0x6d, 0x9e, 0x6d,
0x9e, 0x6d, 0x9e, 0x6d, 0x9e, 0x6d, 0x7e, 0x65, 0x7e, 0x65, 0x7e, 0x65, 0x7e, 0x65, 0x7e, 0x65, 0x7e, 0x65, 0x7e, 0x65, 0x7e, 0x65, 0x7e, 0x65,
0x7e, 0x65, 0x7e, 0x65, 0x7e, 0x65, 0x5e, 0x65, 0x5e, 0x5d, 0x5e, 0x5d, 0x5e, 0x5d, 0x5e, 0x5d, 0x5e, 0x5d, 0x5e, 0x5d, 0x5e, 0x5d, 0x5e, 0x5d,
0x5e, 0x5d, 0x5e, 0x5d, 0x5e, 0x5d, 0x5e, 0x5d, 0x5e, 0x5d, 0x5e, 0x5d, 0x5e, 0x5d, 0x5e, 0x5d, 0x3e, 0x5d, 0x3e, 0x55, 0x3e, 0x55, 0x3e, 0x55,
0x3e, 0x55, 0x3e, 0x55, 0x3e, 0x55, 0x3e, 0x55, 0x3e, 0x55, 0x3e, 0x55, 0x3e, 0x55, 0x3e, 0x55, 0x3e, 0x55, 0x3e, 0x55, 0x3e, 0x55, 0x3e, 0x55,
0x3e, 0x55, 0x3e, 0x55, 0x3e, 0x55, 0x3e, 0x55, 0x3e, 0x55, 0x3e, 0x55, 0x3e, 0x55, 0x9e, 0x6d, 0x3f, 0xdf, 0x3f, 0xdf, 0x3f, 0xdf, 0xdc, 0x84,
0x58, 0x2a, 0x18, 0x2a, 0xf7, 0x29, 0x64, 0x08, 0x22, 0x00, 0x22, 0x00, 0x22, 0x00, 0x22, 0x00, 0x22, 0x00, 0x22, 0x00, 0x22, 0x00, 0x22, 0x00,
0x22, 0x00, 0x22, 0x00, 0x22, 0x00, 0x21, 0x00, 0x21, 0x00, 0x21, 0x00, 0x21, 0x00, 0x21, 0x00, 0x21, 0x00, 0x21, 0x00, 0x21, 0x00, 0x21, 0x00,
0x21, 0x00, 0x21, 0x00, 0x21, 0x00, 0x21, 0x00, 0x21, 0x00, 0x21, 0x00, 0x21, 0x00, 0x21, 0x00, 0x21, 0x00, 0x21, 0x00, 0x21, 0x00, 0x21, 0x00,
0x21, 0x00, 0x21, 0x00, 0x21, 0x00, 0x21, 0x00, 0x21, 0x00, 0x21, 0x00, 0x21, 0x00, 0x21, 0x00, 0x21, 0x00, 0x21, 0x00, 0x21, 0x00, 0x21, 0x00,
0x21, 0x00, 0x21, 0x00, 0x21, 0x00, 0x21, 0x00, 0x21, 0x00, 0x21, 0x00, 0x21, 0x00, 0x21, 0x00, 0x21, 0x00, 0x21, 0x00, 0x22, 0x00, 0x22, 0x00,
0x22, 0x00, 0x22, 0x00, 0x22, 0x00, 0x22, 0x00, 0x22, 0x00, 0x22, 0x00, 0x22, 0x00, 0x22, 0x00, 0x22, 0x00, 0xca, 0x10, 0xf7, 0x29, 0x18, 0x2a,
0x58, 0x2a, 0x1e, 0xb6, 0x3f, 0xdf, 0x3f, 0xdf, 0x1f, 0xd7, 0x7e, 0x65, 0x3e, 0x55, 0x3e, 0x55, 0x3e, 0x55, 0x3e, 0x55, 0x3e, 0x55, 0x3e, 0x55,
0x3e, 0x55, 0x3e, 0x55, 0x3e, 0x55, 0x3e, 0x55, 0x3e, 0x55, 0x3e, 0x55, 0x3e, 0x55, 0x3e, 0x55, 0x3e, 0x55, 0x3e, 0x55, 0x3e, 0x55, 0x3e, 0x55,
0x3e, 0x55, 0x3e, 0x55, 0x5e, 0x55, 0x5e, 0x5d, 0x5e, 0x5d, 0x5e, 0x5d, 0x5e, 0x5d, 0x5e, 0x5d, 0x5e, 0x5d, 0x5e, 0x5d, 0x5e, 0x5d, 0x5e, 0x5d,
0x5e, 0x5d, 0x5e, 0x5d, 0x5e, 0x5d, 0x5e, 0x5d, 0x5e, 0x5d, 0x5e, 0x5d, 0x5e, 0x5d, 0x5e, 0x5d, 0x7e, 0x5d, 0x7e, 0x65, 0x7e, 0x65, 0x7e, 0x65,
0x7e, 0x65, 0xfe, 0x7d, 0x1e, 0x7e, 0x9e, 0x6d, 0x7e, 0x65, 0x7e, 0x65, 0x7e, 0x65, 0x7e, 0x65, 0x9e, 0x65, 0x9e, 0x65, 0x9e, 0x65, 0x9e, 0x65,
0x9e, 0x65, 0x9e, 0x65, 0x9e, 0x65, 0x9e, 0x65, 0x9e, 0x65, 0x9e, 0x65, 0x9e, 0x65, 0x9e, 0x65, 0x9e, 0x65, 0x9e, 0x65, 0x9e, 0x65, 0x9e, 0x65,
0x7e, 0x65, 0x7e, 0x65, 0x7e, 0x65, 0x7e, 0x65, 0x7e, 0x65, 0x7e, 0x65, 0x7e, 0x65, 0xfe, 0x7d, 0x1e, 0x7e, 0x9e, 0x65, 0x7e, 0x65, 0x7e, 0x65,
0x7e, 0x5d, 0x5e, 0x5d, 0x5e, 0x5d, 0x5e, 0x5d, 0x5e, 0x5d, 0x5e, 0x5d, 0x5e, 0x5d, 0x5e, 0x5d, 0x5e, 0x5d, 0x5e, 0x5d, 0x5e, 0x5d, 0x5e, 0x5d,
0x5e, 0x5d, 0x5e, 0x5d, 0x5e, 0x5d, 0x5e, 0x5d, 0x5e, 0x5d, 0x5e, 0x55, 0x5e, 0x55, 0x3e, 0x55, 0x3e, 0x55, 0x3e, 0x55, 0x3e, 0x55, 0x3e, 0x55,
0x3e, 0x55, 0x3e, 0x55, 0x3e, 0x55, 0x3e, 0x55, 0x3e, 0x55, 0x3e, 0x55, 0x3e, 0x55, 0x3e, 0x55, 0x3e, 0x55, 0x3e, 0x55, 0x3e, 0x55, 0x3e, 0x55,
0x3e, 0x55, 0x3e, 0x55, 0x3e, 0x55, 0xdf, 0xc6, 0x3f, 0xdf, 0x3f, 0xdf, 0xff, 0xd6, 0xb9, 0x3a, 0x38, 0x2a, 0xf7, 0x29, 0x2f, 0x19, 0x22, 0x00,
0x22, 0x00, 0x22, 0x00, 0x22, 0x00, 0x22, 0x00, 0x22, 0x00, 0x22, 0x00, 0x22, 0x00, 0x22, 0x00, 0x22, 0x00, 0x22, 0x00, 0x22, 0x00, 0x21, 0x00,
0x21, 0x00, 0x21, 0x00, 0x21, 0x00, 0x21, 0x00, 0x21, 0x00, 0x21, 0x00, 0x21, 0x00, 0x21, 0x00, 0x21, 0x00, 0x21, 0x00, 0x21, 0x00, 0x21, 0x00,
0x21, 0x00, 0x21, 0x00, 0x21, 0x00, 0x21, 0x00, 0x21, 0x00, 0x21, 0x00, 0x21, 0x00, 0x21, 0x00, 0x21, 0x00, 0x21, 0x00, 0x21, 0x00, 0x21, 0x00,
0x21, 0x00, 0x21, 0x00, 0x21, 0x00, 0x21, 0x00, 0x21, 0x00, 0x21, 0x00, 0x21, 0x00, 0x21, 0x00, 0x21, 0x00, 0x21, 0x00, 0x21, 0x00, 0x21, 0x00,
0x21, 0x00, 0x21, 0x00, 0x21, 0x00, 0x21, 0x00, 0x21, 0x00, 0x21, 0x00, 0x22, 0x00, 0x22, 0x00, 0x22, 0x00, 0x22, 0x00, 0x22, 0x00, 0x22, 0x00,
0x22, 0x00, 0x22, 0x00, 0x22, 0x00, 0x22, 0x00, 0x22, 0x00, 0x22, 0x00, 0x71, 0x19, 0x17, 0x2a, 0x38, 0x2a, 0xf9, 0x42, 0x3f, 0xdf, 0x3f, 0xdf,
0x3f, 0xdf, 0xbf, 0xbe, 0x3e, 0x55, 0x3e, 0x55, 0x3e, 0x55, 0x3e, 0x55, 0x3e, 0x55, 0x3e, 0x55, 0x3e, 0x55, 0x3e, 0x55, 0x3e, 0x55, 0x3e, 0x55,
0x3e, 0x55, 0x3e, 0x55, 0x3e, 0x55, 0x3e, 0x55, 0x3e, 0x55, 0x3e, 0x55, 0x5e, 0x55, 0x5e, 0x55, 0x5e, 0x55, 0x5e, 0x55, 0x5e, 0x55, 0x5e, 0x5d,
0x5e, 0x5d, 0x5e, 0x5d, 0x5e, 0x5d, 0x5e, 0x5d, 0x5e, 0x5d, 0x5e, 0x5d, 0x5e, 0x5d, 0x5e, 0x5d, 0x5e, 0x5d, 0x5e, 0x5d, 0x5e, 0x5d, 0x5e, 0x5d,
0x5e, 0x5d, 0x5e, 0x5d, 0x7e, 0x5d, 0x7e, 0x5d, 0x7e, 0x5d, 0x7e, 0x65, 0x7e, 0x65, 0x7e, 0x65, 0xfe, 0xae, 0x5f, 0xbf, 0x5f, 0xbf, 0x3f, 0xb7,
0xbe, 0x6d, 0x7e, 0x65, 0x7e, 0x65, 0x9e, 0x65, 0x9e, 0x65, 0x9e, 0x65, 0x9e, 0x65, 0x9e, 0x65, 0x9e, 0x65, 0x9e, 0x65, 0x9e, 0x65, 0x9e, 0x65,
0x9e, 0x65, 0x9e, 0x65, 0x9e, 0x65, 0x9e, 0x65, 0x9e, 0x65, 0x9e, 0x65, 0x9e, 0x65, 0x9e, 0x65, 0x9e, 0x65, 0x7e, 0x65, 0x7e, 0x65, 0x7e, 0x65,
0x7e, 0x65, 0x7e, 0x65, 0xfe, 0xae, 0x5f, 0xbf, 0x5f, 0xbf, 0x3e, 0xb7, 0xbe, 0x6d, 0x7e, 0x5d, 0x7e, 0x5d, 0x7e, 0x5d, 0x5e, 0x5d, 0x5e, 0x5d,
0x5e, 0x5d, 0x5e, 0x5d, 0x5e, 0x5d, 0x5e, 0x5d, 0x5e, 0x5d, 0x5e, 0x5d, 0x5e, 0x5d, 0x5e, 0x5d, 0x5e, 0x5d, 0x5e, 0x5d, 0x5e, 0x5d, 0x5e, 0x5d,
0x5e, 0x5d, 0x5e, 0x55, 0x5e, 0x55, 0x5e, 0x55, 0x5e, 0x55, 0x5e, 0x55, 0x3e, 0x55, 0x3e, 0x55, 0x3e, 0x55, 0x3e, 0x55, 0x3e, 0x55, 0x3e, 0x55,
0x3e, 0x55, 0x3e, 0x55, 0x3e, 0x55, 0x3e, 0x55, 0x3e, 0x55, 0x3e, 0x55, 0x3e, 0x55, 0x3e, 0x55, 0x3e, 0x55, 0x3e, 0x55, 0x3f, 0x9e, 0x3f, 0xdf,
0x3f, 0xdf, 0x3f, 0xdf, 0x3b, 0x74, 0x38, 0x2a, 0x17, 0x2a, 0xd5, 0x21, 0x43, 0x00, 0x22, 0x00, 0x22, 0x00, 0x22, 0x00, 0x22, 0x00, 0x22, 0x00,
0x22, 0x00, 0x22, 0x00, 0x22, 0x00, 0x22, 0x00, 0x22, 0x00, 0x22, 0x00, 0x21, 0x00, 0x21, 0x00, 0x21, 0x00, 0x21, 0x00, 0x21, 0x00, 0x21, 0x00,
0x21, 0x00, 0x21, 0x00, 0x21, 0x00, 0x21, 0x00, 0x21, 0x00, 0x21, 0x00, 0x21, 0x00, 0x21, 0x00, 0x21, 0x00, 0x21, 0x00, 0x21, 0x00, 0x21, 0x00,
0x21, 0x00, 0x21, 0x00, 0x21, 0x00, 0x21, 0x00, 0x21, 0x00, 0x21, 0x00, 0x21, 0x00, 0x21, 0x00, 0x21, 0x00, 0x21, 0x00, 0x21, 0x00, 0x21, 0x00,
0x21, 0x00, 0x21, 0x00, 0x21, 0x00, 0x21, 0x00, 0x21, 0x00, 0x21, 0x00, 0x21, 0x00, 0x21, 0x00, 0x21, 0x00, 0x21, 0x00, 0x21, 0x00, 0x21, 0x00,
0x21, 0x00, 0x21, 0x00, 0x22, 0x00, 0x22, 0x00, 0x22, 0x00, 0x22, 0x00, 0x22, 0x00, 0x22, 0x00, 0x22, 0x00, 0x22, 0x00, 0x22, 0x00, 0x22, 0x00,
0x22, 0x00, 0x22, 0x00, 0x86, 0x08, 0xf7, 0x29, 0x18, 0x2a, 0x58, 0x2a, 0xdc, 0x84, 0x3f, 0xdf, 0x3f, 0xdf, 0x3f, 0xdf, 0x1e, 0x96, 0x3e, 0x55,
0x3e, 0x55, 0x3e, 0x55, 0x3e, 0x55, 0x3e, 0x55, 0x3e, 0x55, 0x3e, 0x55, 0x3e, 0x55, 0x3e, 0x55, 0x3e, 0x55, 0x5e, 0x55, 0x5e, 0x55, 0x5e, 0x55,
0x5e, 0x55, 0x5e, 0x55, 0x5e, 0x55, 0x5e, 0x55, 0x5e, 0x55, 0x5e, 0x55, 0x5e, 0x55, 0x5e, 0x5d, 0x5e, 0x5d, 0x5e, 0x5d, 0x5e, 0x5d, 0x5e, 0x5d,
0x5e, 0x5d, 0x5e, 0x5d, 0x5e, 0x5d, 0x5e, 0x5d, 0x5e, 0x5d, 0x5e, 0x5d, 0x5e, 0x5d, 0x5e, 0x5d, 0x5e, 0x5d, 0x7e, 0x5d, 0x7e, 0x5d, 0x7e, 0x5d,
0x7e, 0x5d, 0x7e, 0x65, 0x7e, 0x65, 0x5e, 0x8e, 0x5f, 0xbf, 0x5f, 0xbf, 0x5f, 0xbf, 0x5f, 0xbf, 0x7e, 0x96, 0x7e, 0x65, 0x9e, 0x65, 0x9e, 0x65,
0x9e, 0x65, 0x9e, 0x65, 0x9e, 0x65, 0x9e, 0x65, 0x9e, 0x65, 0x9e, 0x65, 0x9e, 0x65, 0x9e, 0x65, 0x9e, 0x65, 0x9e, 0x65, 0x9e, 0x65, 0x9e, 0x65,
0x9e, 0x65, 0x9e, 0x65, 0x9e, 0x65, 0x9e, 0x65, 0x9e, 0x65, 0x9e, 0x65, 0x7e, 0x65, 0x7e, 0x65, 0x7e, 0x65, 0x7e, 0x96, 0x5f, 0xbf, 0x5f, 0xbf,
0x5f, 0xbf, 0x5f, 0xbf, 0x5e, 0x8e, 0x7e, 0x5d, 0x7e, 0x5d, 0x7e, 0x5d, 0x7e, 0x5d, 0x7e, 0x5d, 0x5e, 0x5d, 0x5e, 0x5d, 0x5e, 0x5d, 0x5e, 0x5d,
0x5e, 0x5d, 0x5e, 0x5d, 0x5e, 0x5d, 0x5e, 0x5d, 0x5e, 0x5d, 0x5e, 0x5d, 0x5e, 0x5d, 0x5e, 0x5d, 0x5e, 0x5d, 0x5e, 0x55, 0x5e, 0x55, 0x5e, 0x55,
0x5e, 0x55, 0x5e, 0x55, 0x5e, 0x55, 0x5e, 0x55, 0x5e, 0x55, 0x5e, 0x55, 0x5e, 0x55, 0x5e, 0x55, 0x3e, 0x55, 0x3e, 0x55, 0x3e, 0x55, 0x3e, 0x55,
0x3e, 0x55, 0x3e, 0x55, 0x3e, 0x55, 0x3e, 0x55, 0x3e, 0x55, 0x9e, 0x6d, 0x3f, 0xdf, 0x3f, 0xdf, 0x3f, 0xdf, 0x1e, 0xb6, 0x58, 0x2a, 0x38, 0x2a,
0xf7, 0x29, 0xeb, 0x10, 0x22, 0x00, 0x22, 0x00, 0x22, 0x00, 0x22, 0x00, 0x22, 0x00, 0x22, 0x00, 0x22, 0x00, 0x22, 0x00, 0x22, 0x00, 0x22, 0x00,
0x22, 0x00, 0x22, 0x00, 0x21, 0x00, 0x21, 0x00, 0x21, 0x00, 0x21, 0x00, 0x21, 0x00, 0x21, 0x00, 0x21, 0x00, 0x21, 0x00, 0x21, 0x00, 0x21, 0x00,
0x21, 0x00, 0x21, 0x00, 0x21, 0x00, 0x21, 0x00, 0x21, 0x00, 0x21, 0x00, 0x21, 0x00, 0x21, 0x00, 0x21, 0x00, 0x21, 0x00, 0x21, 0x00, 0x21, 0x00,
0x21, 0x00, 0x21, 0x00, 0x21, 0x00, 0x21, 0x00, 0x21, 0x00, 0x21, 0x00, 0x21, 0x00, 0x21, 0x00, 0x21, 0x00, 0x21, 0x00, 0x21, 0x00, 0x21, 0x00,
0x21, 0x00, 0x21, 0x00, 0x21, 0x00, 0x21, 0x00, 0x21, 0x00, 0x21, 0x00, 0x21, 0x00, 0x21, 0x00, 0x21, 0x00, 0x21, 0x00, 0x22, 0x00, 0x22, 0x00,
0x22, 0x00, 0x22, 0x00, 0x22, 0x00, 0x22, 0x00, 0x22, 0x00, 0x22, 0x00, 0x22, 0x00, 0x22, 0x00, 0x22, 0x00, 0x22, 0x00, 0x22, 0x00, 0x2e, 0x19,
0xf7, 0x29, 0x38, 0x2a, 0x59, 0x2a, 0x5e, 0xbe, 0x3f, 0xdf, 0x3f, 0xdf, 0x1f, 0xd7, 0x9e, 0x6d, 0x5e, 0x55, 0x5e, 0x55, 0x5e, 0x55, 0x5e, 0x55,
0x5e, 0x55, 0x5e, 0x55, 0x5e, 0x55, 0x5e, 0x55, 0x5e, 0x55, 0x5e, 0x55, 0x5e, 0x55, 0x5e, 0x55, 0x5e, 0x55, 0x5e, 0x55, 0x5e, 0x55, 0x5e, 0x55,
0x5e, 0x55, 0x5e, 0x55, 0x5e, 0x55, 0x5e, 0x5d, 0x5e, 0x5d, 0x5e, 0x5d, 0x5e, 0x5d, 0x5e, 0x5d, 0x5e, 0x5d, 0x5e, 0x5d, 0x5e, 0x5d, 0x5e, 0x5d,
0x5e, 0x5d, 0x5e, 0x5d, 0x5e, 0x5d, 0x7e, 0x5d, 0x7e, 0x5d, 0x7e, 0x5d, 0x7e, 0x5d, 0x7e, 0x5d, 0x7e, 0x5d, 0x7e, 0x65, 0xde, 0x75, 0x5f, 0xbf,
0x5f, 0xbf, 0x5f, 0xbf, 0x5f, 0xbf, 0x5f, 0xbf, 0x9e, 0x96, 0x9e, 0x65, 0x9e, 0x65, 0x9e, 0x65, 0x9e, 0x65, 0x9e, 0x65, 0x9e, 0x65, 0x9e, 0x65,
0x9e, 0x65, 0x9e, 0x65, 0x9e, 0x65, 0x9e, 0x65, 0x9e, 0x65, 0x9e, 0x65, 0x9e, 0x65, 0x9e, 0x65, 0x9e, 0x65, 0x9e, 0x65, 0x9e, 0x65, 0x9e, 0x65,
0x9e, 0x65, 0x9e, 0x65, 0x9e, 0x65, 0x7e, 0x65, 0xde, 0x75, 0x5f, 0xbf, 0x5f, 0xbf, 0x5f, 0xbf, 0x5f, 0xbf, 0x5f, 0xbf, 0x7e, 0x96, 0x7e, 0x5d,
0x7e, 0x5d, 0x7e, 0x5d, 0x7e, 0x5d, 0x7e, 0x5d, 0x7e, 0x5d, 0x5e, 0x5d, 0x5e, 0x5d, 0x5e, 0x5d, 0x5e, 0x5d, 0x5e, 0x5d, 0x5e, 0x5d, 0x5e, 0x5d,
0x5e, 0x5d, 0x5e, 0x5d, 0x5e, 0x5d, 0x5e, 0x5d, 0x5e, 0x5d, 0x5e, 0x55, 0x5e, 0x55, 0x5e, 0x55, 0x5e, 0x55, 0x5e, 0x55, 0x5e, 0x55, 0x5e, 0x55,
0x5e, 0x55, 0x5e, 0x55, 0x5e, 0x55, 0x5e, 0x55, 0x5e, 0x55, 0x5e, 0x55, 0x5e, 0x55, 0x5e, 0x55, 0x5e, 0x55, 0x5e, 0x55, 0x5e, 0x55, 0x5e, 0x55,
0x7e, 0x5d, 0xdf, 0xc6, 0x3f, 0xdf, 0x3f, 0xdf, 0xff, 0xd6, 0xf9, 0x42, 0x38, 0x2a, 0x17, 0x2a, 0x93, 0x21, 0x22, 0x00, 0x22, 0x00, 0x22, 0x00,
0x22, 0x00, 0x22, 0x00, 0x22, 0x00, 0x22, 0x00, 0x22, 0x00, 0x22, 0x00, 0x22, 0x00, 0x22, 0x00, 0x22, 0x00, 0x22, 0x00, 0x21, 0x00, 0x21, 0x00,
0x21, 0x00, 0x21, 0x00, 0x21, 0x00, 0x21, 0x00, 0x21, 0x00, 0x21, 0x00, 0x21, 0x00, 0x21, 0x00, 0x21, 0x00, 0x21, 0x00, 0x21, 0x00, 0x21, 0x00,
0x21, 0x00, 0x21, 0x00, 0x21, 0x00, 0x21, 0x00, 0x21, 0x00, 0x21, 0x00, 0x21, 0x00, 0x21, 0x00, 0x21, 0x00, 0x21, 0x00, 0x21, 0x00, 0x21, 0x00,
0x21, 0x00, 0x21, 0x00, 0x21, 0x00, 0x21, 0x00, 0x21, 0x00, 0x21, 0x00, 0x21, 0x00, 0x21, 0x00, 0x21, 0x00, 0x21, 0x00, 0x21, 0x00, 0x21, 0x00,
0x21, 0x00, 0x21, 0x00, 0x21, 0x00, 0x21, 0x00, 0x21, 0x00, 0x21, 0x00, 0x22, 0x00, 0x22, 0x00, 0x22, 0x00, 0x22, 0x00, 0x22, 0x00, 0x22, 0x00,
0x22, 0x00, 0x22, 0x00, 0x22, 0x00, 0x22, 0x00, 0x22, 0x00, 0x22, 0x00, 0x22, 0x00, 0x43, 0x00, 0xb4, 0x21, 0x17, 0x2a, 0x38, 0x2a, 0x5a, 0x53,
0xff, 0xd6, 0x3f, 0xdf, 0x3f, 0xdf, 0xdf, 0xc6, 0x7e, 0x5d, 0x5e, 0x55, 0x5e, 0x55, 0x5e, 0x55, 0x5e, 0x55, 0x5e, 0x55, 0x5e, 0x55, 0x5e, 0x55,
0x5e, 0x55, 0x5e, 0x55, 0x5e, 0x55, 0x5e, 0x55, 0x5e, 0x55, 0x5e, 0x55, 0x5e, 0x55, 0x5e, 0x55, 0x5e, 0x55, 0x5e, 0x55, 0x5e, 0x55, 0x5e, 0x5d,
0x5e, 0x5d, 0x5e, 0x5d, 0x5e, 0x5d, 0x5e, 0x5d, 0x5e, 0x5d, 0x5e, 0x5d, 0x5e, 0x5d, 0x5e, 0x5d, 0x5e, 0x5d, 0x7e, 0x5d, 0x7e, 0x5d, 0x7e, 0x5d,
0x7e, 0x5d, 0x7e, 0x5d, 0x7e, 0x5d, 0x7e, 0x5d, 0x7e, 0x5d, 0x9e, 0x65, 0xfe, 0xae, 0x5f, 0xbf, 0x5f, 0xbf, 0x5f, 0xbf, 0x5f, 0xbf, 0x5f, 0xbf,
0xfe, 0x7d, 0x9e, 0x65, 0x9e, 0x65, 0x9e, 0x65, 0x9e, 0x65, 0x9e, 0x65, 0x9e, 0x65, 0x9e, 0x65, 0x9e, 0x65, 0x9e, 0x65, 0x9e, 0x65, 0x9e, 0x65,
0x9e, 0x65, 0x9e, 0x65, 0x9e, 0x65, 0x9e, 0x65, 0x9e, 0x65, 0x9e, 0x65, 0x9e, 0x65, 0x9e, 0x65, 0x9e, 0x65, 0x9e, 0x65, 0x9e, 0x65, 0x9e, 0x6d,
0xfe, 0xae, 0x5f, 0xbf, 0x5f, 0xbf, 0x5f, 0xbf, 0x5f, 0xbf, 0x5f, 0xbf, 0xfe, 0x75, 0x7e, 0x5d, 0x7e, 0x5d, 0x7e, 0x5d, 0x7e, 0x5d, 0x7e, 0x5d,
0x7e, 0x5d, 0x7e, 0x5d, 0x7e, 0x5d, 0x5e, 0x5d, 0x5e, 0x5d, 0x5e, 0x5d, 0x5e, 0x5d, 0x5e, 0x5d, 0x5e, 0x5d, 0x5e, 0x5d, 0x5e, 0x5d, 0x5e, 0x5d,
0x5e, 0x5d, 0x5e, 0x55, 0x5e, 0x55, 0x5e, 0x55, 0x5e, 0x55, 0x5e, 0x55, 0x5e, 0x55, 0x5e, 0x55, 0x5e, 0x55, 0x5e, 0x55, 0x5e, 0x55, 0x5e, 0x55,
0x5e, 0x55, 0x5e, 0x55, 0x5e, 0x55, 0x5e, 0x55, 0x5e, 0x55, 0x5e, 0x55, 0x5e, 0x55, 0x5e, 0x55, 0x7f, 0xae, 0x3f, 0xdf, 0x3f, 0xdf, 0x3f, 0xdf,
0x3b, 0x74, 0x58, 0x2a, 0x18, 0x2a, 0xf7, 0x29, 0x86, 0x08, 0x22, 0x00, 0x22, 0x00, 0x22, 0x00, 0x22, 0x00, 0x22, 0x00, 0x22, 0x00, 0x22, 0x00,
0x22, 0x00, 0x22, 0x00, 0x22, 0x00, 0x22, 0x00, 0x22, 0x00, 0x22, 0x00, 0x21, 0x00, 0x21, 0x00, 0x21, 0x00, 0x21, 0x00, 0x21, 0x00, 0x21, 0x00,
0x21, 0x00, 0x21, 0x00, 0x21, 0x00, 0x21, 0x00, 0x21, 0x00, 0x21, 0x00, 0x21, 0x00, 0x21, 0x00, 0x21, 0x00, 0x21, 0x00, 0x21, 0x00, 0x21, 0x00,
0x21, 0x00, 0x21, 0x00, 0x21, 0x00, 0x21, 0x00, 0x21, 0x00, 0x21, 0x00, 0x21, 0x00, 0x21, 0x00, 0x21, 0x00, 0x21, 0x00, 0x21, 0x00, 0x21, 0x00,
0x21, 0x00, 0x21, 0x00, 0x21, 0x00, 0x21, 0x00, 0x21, 0x00, 0x21, 0x00, 0x21, 0x00, 0x21, 0x00, 0x21, 0x00, 0x21, 0x00, 0x21, 0x00, 0x21, 0x00,
0x21, 0x00, 0x21, 0x00, 0x21, 0x00, 0x22, 0x00, 0x22, 0x00, 0x22, 0x00, 0x22, 0x00, 0x22, 0x00, 0x22, 0x00, 0x22, 0x00, 0x22, 0x00, 0x22, 0x00,
0x22, 0x00, 0x22, 0x00, 0x22, 0x00, 0x22, 0x00, 0xa7, 0x08, 0xf7, 0x29, 0x18, 0x2a, 0x58, 0x2a, 0x9c, 0x7c, 0x3f, 0xdf, 0x3f, 0xdf, 0x3f, 0xdf,
0x7f, 0xae, 0x5e, 0x55, 0x5e, 0x55, 0x5e, 0x55, 0x5e, 0x55, 0x5e, 0x55, 0x5e, 0x55, 0x5e, 0x55, 0x5e, 0x55, 0x5e, 0x55, 0x5e, 0x55, 0x5e, 0x55,
0x5e, 0x55, 0x5e, 0x55, 0x5e, 0x55, 0x5e, 0x55, 0x5e, 0x55, 0x5e, 0x55, 0x5e, 0x55, 0x5e, 0x5d, 0x5e, 0x5d, 0x5e, 0x5d, 0x5e, 0x5d, 0x5e, 0x5d,
0x5e, 0x5d, 0x5e, 0x5d, 0x5e, 0x5d, 0x7e, 0x5d, 0x7e, 0x5d, 0x7e, 0x5d, 0x7e, 0x5d, 0x7e, 0x5d, 0x7e, 0x5d, 0x7e, 0x5d, 0x7e, 0x5d, 0x7e, 0x5d,
0x7e, 0x5d, 0x7e, 0x96, 0x5f, 0xbf, 0x5f, 0xbf, 0x5f, 0xbf, 0x5f, 0xbf, 0x5f, 0xbf, 0x7e, 0x8e, 0x9e, 0x65, 0x9e, 0x65, 0x9e, 0x65, 0x9e, 0x65,
0x9e, 0x65, 0x9e, 0x65, 0x9e, 0x65, 0x9e, 0x65, 0x9e, 0x65, 0x9e, 0x65, 0x9e, 0x65, 0x9e, 0x65, 0xfe, 0x7d, 0x1e, 0x7e, 0xbe, 0x6d, 0x9e, 0x65,
0x9e, 0x65, 0x9e, 0x65, 0x9e, 0x65, 0x9e, 0x65, 0x9e, 0x65, 0x9e, 0x65, 0x9e, 0x65, 0x9e, 0x96, 0x5f, 0xbf, 0x5f, 0xbf, 0x5f, 0xbf, 0x5f, 0xbf,
0x5f, 0xbf, 0x7e, 0x8e, 0x7e, 0x65, 0x7e, 0x5d, 0x7e, 0x5d, 0x7e, 0x5d, 0x7e, 0x5d, 0x7e, 0x5d, 0x7e, 0x5d, 0x7e, 0x5d, 0x7e, 0x5d, 0x7e, 0x5d,
0x7e, 0x5d, 0x7e, 0x5d, 0x5e, 0x5d, 0x5e, 0x5d, 0x5e, 0x5d, 0x5e, 0x5d, 0x5e, 0x5d, 0x5e, 0x5d, 0x5e, 0x5d, 0x5e, 0x55, 0x5e, 0x55, 0x5e, 0x55,
0x5e, 0x55, 0x5e, 0x55, 0x5e, 0x55, 0x5e, 0x55, 0x5e, 0x55, 0x5e, 0x55, 0x5e, 0x55, 0x5e, 0x55, 0x5e, 0x55, 0x5e, 0x55, 0x5e, 0x55, 0x5e, 0x55,
0x5e, 0x55, 0x5e, 0x55, 0x5e, 0x55, 0x1e, 0x8e, 0x3f, 0xdf, 0x3f, 0xdf, 0x3f, 0xdf, 0xbd, 0xad, 0x58, 0x2a, 0x38, 0x2a, 0xf7, 0x29, 0x0c, 0x11,
0x22, 0x00, 0x22, 0x00, 0x22, 0x00, 0x22, 0x00, 0x22, 0x00, 0x22, 0x00, 0x22, 0x00, 0x22, 0x00, 0x22, 0x00, 0x22, 0x00, 0x22, 0x00, 0x22, 0x00,
0x22, 0x00, 0x22, 0x00, 0x21, 0x00, 0x21, 0x00, 0x21, 0x00, 0x21, 0x00, 0x21, 0x00, 0x21, 0x00, 0x21, 0x00, 0x21, 0x00, 0x21, 0x00, 0x21, 0x00,
0x21, 0x00, 0x21, 0x00, 0x21, 0x00, 0x21, 0x00, 0x21, 0x00, 0x21, 0x00, 0x21, 0x00, 0x21, 0x00, 0x21, 0x00, 0x21, 0x00, 0x21, 0x00, 0x21, 0x00,
0x21, 0x00, 0x21, 0x00, 0x21, 0x00, 0x21, 0x00, 0x21, 0x00, 0x21, 0x00, 0x21, 0x00, 0x21, 0x00, 0x21, 0x00, 0x21, 0x00, 0x21, 0x00, 0x21, 0x00,
0x21, 0x00, 0x21, 0x00, 0x21, 0x00, 0x21, 0x00, 0x21, 0x00, 0x21, 0x00, 0x21, 0x00, 0x21, 0x00, 0x21, 0x00, 0x21, 0x00, 0x21, 0x00, 0x22, 0x00,
0x22, 0x00, 0x22, 0x00, 0x22, 0x00, 0x22, 0x00, 0x22, 0x00, 0x22, 0x00, 0x22, 0x00, 0x22, 0x00, 0x22, 0x00, 0x22, 0x00, 0x22, 0x00, 0x22, 0x00,
0x22, 0x00, 0x2e, 0x19, 0xf7, 0x29, 0x38, 0x2a, 0x58, 0x2a, 0xbd, 0xad, 0x3f, 0xdf, 0x3f, 0xdf, 0x3f, 0xdf, 0x1e, 0x8e, 0x5e, 0x55, 0x5e, 0x55,
0x5e, 0x55, 0x5e, 0x55, 0x5e, 0x55, 0x5e, 0x55, 0x5e, 0x55, 0x5e, 0x55, 0x5e, 0x55, 0x5e, 0x55, 0x5e, 0x55, 0x5e, 0x55, 0x5e, 0x55, 0x5e, 0x55,
0x5e, 0x55, 0x5e, 0x55, 0x5e, 0x55, 0x5e, 0x5d, 0x5e, 0x5d, 0x5e, 0x5d, 0x5e, 0x5d, 0x5e, 0x5d, 0x7e, 0x5d, 0x7e, 0x5d, 0x7e, 0x5d, 0x7e, 0x5d,
0x7e, 0x5d, 0x7e, 0x5d, 0x7e, 0x5d, 0x7e, 0x5d, 0x7e, 0x5d, 0x7e, 0x5d, 0x7e, 0x5d, 0x7e, 0x5d, 0x1e, 0x7e, 0x5f, 0xbf, 0x5f, 0xbf, 0x5f, 0xbf,
0x5f, 0xbf, 0x5f, 0xbf, 0xfe, 0xae, 0x9e, 0x65, 0x9e, 0x65, 0x9e, 0x65, 0x9e, 0x65, 0x9e, 0x65, 0x9e, 0x65, 0x9e, 0x65, 0x9e, 0x65, 0x9e, 0x65,
0x9e, 0x65, 0x9e, 0x65, 0x9e, 0x65, 0xfe, 0xae, 0x5f, 0xbf, 0x5f, 0xbf, 0x3e, 0xb7, 0xde, 0x6d, 0x9e, 0x65, 0x9e, 0x65, 0x9e, 0x65, 0x9e, 0x65,
0x9e, 0x65, 0x9e, 0x65, 0x1e, 0x7e, 0x5f, 0xbf, 0x5f, 0xbf, 0x5f, 0xbf, 0x5f, 0xbf, 0x5f, 0xbf, 0xfe, 0xae, 0x7e, 0x65, 0x7e, 0x65, 0x7e, 0x5d,
0x7e, 0x5d, 0x7e, 0x5d, 0x7e, 0x5d, 0x7e, 0x5d, 0x7e, 0x5d, 0x7e, 0x5d, 0x7e, 0x5d, 0x7e, 0x5d, 0x7e, 0x5d, 0x7e, 0x5d, 0x7e, 0x5d, 0x7e, 0x5d,
0x5e, 0x5d, 0x5e, 0x5d, 0x5e, 0x5d, 0x5e, 0x5d, 0x5e, 0x5d, 0x5e, 0x55, 0x5e, 0x55, 0x5e, 0x55, 0x5e, 0x55, 0x5e, 0x55, 0x5e, 0x55, 0x5e, 0x55,
0x5e, 0x55, 0x5e, 0x55, 0x5e, 0x55, 0x5e, 0x55, 0x5e, 0x55, 0x5e, 0x55, 0x5e, 0x55, 0x5e, 0x55, 0x5e, 0x55, 0x5e, 0x55, 0xbe, 0x6d, 0x1f, 0xd7,
0x3f, 0xdf, 0x3f, 0xdf, 0xbf, 0xce, 0xb9, 0x3a, 0x38, 0x2a, 0x17, 0x2a, 0x93, 0x21, 0x22, 0x00, 0x22, 0x00, 0x22, 0x00, 0x22, 0x00, 0x22, 0x00,
0x22, 0x00, 0x22, 0x00, 0x22, 0x00, 0x22, 0x00, 0x22, 0x00, 0x22, 0x00, 0x22, 0x00, 0x22, 0x00, 0x22, 0x00, 0x21, 0x00, 0x21, 0x00, 0x21, 0x00,
0x21, 0x00, 0x21, 0x00, 0x21, 0x00, 0x21, 0x00, 0x21, 0x00, 0x21, 0x00, 0x21, 0x00, 0x21, 0x00, 0x21, 0x00, 0x21, 0x00, 0x21, 0x00, 0x21, 0x00,
0x21, 0x00, 0x21, 0x00, 0x21, 0x00, 0x21, 0x00, 0x21, 0x00, 0x21, 0x00, 0x21, 0x00, 0x21, 0x00, 0x21, 0x00, 0x21, 0x00, 0x21, 0x00, 0x21, 0x00,
0x21, 0x00, 0x21, 0x00, 0x21, 0x00, 0x21, 0x00, 0x21, 0x00, 0x21, 0x00, 0x21, 0x00, 0x21, 0x00, 0x21, 0x00, 0x21, 0x00, 0x21, 0x00, 0x21, 0x00,
0x21, 0x00, 0x21, 0x00, 0x21, 0x00, 0x21, 0x00, 0x21, 0x00, 0x21, 0x00, 0x21, 0x00, 0x22, 0x00, 0x22, 0x00, 0x22, 0x00, 0x22, 0x00, 0x22, 0x00,
0x22, 0x00, 0x22, 0x00, 0x22, 0x00, 0x22, 0x00, 0x22, 0x00, 0x22, 0x00, 0x22, 0x00, 0x22, 0x00, 0x22, 0x00, 0x43, 0x00, 0x93, 0x21, 0x17, 0x2a,
0x38, 0x2a, 0xb9, 0x3a, 0xbf, 0xce, 0x3f, 0xdf, 0x3f, 0xdf, 0x1f, 0xd7, 0xbe, 0x6d, 0x5e, 0x55, 0x5e, 0x55, 0x5e, 0x55, 0x5e, 0x55, 0x5e, 0x55,
0x5e, 0x55, 0x5e, 0x55, 0x5e, 0x55, 0x5e, 0x55, 0x5e, 0x55, 0x5e, 0x55, 0x5e, 0x55, 0x5e, 0x55, 0x5e, 0x55, 0x5e, 0x55, 0x5e, 0x55, 0x5e, 0x5d,
0x5e, 0x5d, 0x7e, 0x5d, 0x7e, 0x5d, 0x7e, 0x5d, 0x7e, 0x5d, 0x7e, 0x5d, 0x7e, 0x5d, 0x7e, 0x5d, 0x7e, 0x5d, 0x7e, 0x5d, 0x7e, 0x5d, 0x7e, 0x5d,
0x7e, 0x5d, 0x7e, 0x5d, 0x7e, 0x5d, 0x9e, 0x65, 0x3e, 0xb7, 0x5f, 0xbf, 0x5f, 0xbf, 0x5f, 0xbf, 0x5f, 0xbf, 0x3e, 0xb7, 0xde, 0x75, 0x9e, 0x65,
0x9e, 0x65, 0x9e, 0x65, 0x9e, 0x65, 0x9e, 0x65, 0x9e, 0x65, 0x9e, 0x65, 0x9e, 0x65, 0x9e, 0x65, 0x9e, 0x65, 0x9e, 0x65, 0x7e, 0x8e, 0x5f, 0xbf,
0x5f, 0xbf, 0x5f, 0xbf, 0x5f, 0xbf, 0x7e, 0x8e, 0x9e, 0x65, 0x9e, 0x65, 0x9e, 0x65, 0x9e, 0x65, 0x9e, 0x65, 0xbe, 0x6d, 0x3e, 0xb7, 0x5f, 0xbf,
0x5f, 0xbf, 0x5f, 0xbf, 0x5f, 0xbf, 0x3e, 0xb7, 0xde, 0x75, 0x7e, 0x65, 0x7e, 0x65, 0x7e, 0x5d, 0x7e, 0x5d, 0x7e, 0x5d, 0x7e, 0x5d, 0x7e, 0x5d,
0x7e, 0x5d, 0x7e, 0x5d, 0x7e, 0x5d, 0x7e, 0x5d, 0x7e, 0x5d, 0x7e, 0x5d, 0x7e, 0x5d, 0x7e, 0x5d, 0x7e, 0x5d, 0x7e, 0x5d, 0x7e, 0x5d, 0x5e, 0x5d,
0x5e, 0x5d, 0x5e, 0x5d, 0x5e, 0x55, 0x5e, 0x55, 0x5e, 0x55, 0x5e, 0x55, 0x5e, 0x55, 0x5e, 0x55, 0x5e, 0x55, 0x5e, 0x55, 0x5e, 0x55, 0x5e, 0x55,
0x5e, 0x55, 0x5e, 0x55, 0x5e, 0x55, 0x5e, 0x55, 0x5e, 0x55, 0x7e, 0x5d, 0xdf, 0xc6, 0x3f, 0xdf, 0x3f, 0xdf, 0x3f, 0xdf, 0x5a, 0x53, 0x38, 0x2a,
0x17, 0x2a, 0xd6, 0x21, 0x86, 0x08, 0x22, 0x00, 0x22, 0x00, 0x22, 0x00, 0x22, 0x00, 0x22, 0x00, 0x22, 0x00, 0x22, 0x00, 0x22, 0x00, 0x22, 0x00,
0x22, 0x00, 0x22, 0x00, 0x22, 0x00, 0x22, 0x00, 0x22, 0x00, 0x21, 0x00, 0x21, 0x00, 0x21, 0x00, 0x21, 0x00, 0x21, 0x00, 0x21, 0x00, 0x21, 0x00,
0x21, 0x00, 0x21, 0x00, 0x21, 0x00, 0x21, 0x00, 0x21, 0x00, 0x21, 0x00, 0x21, 0x00, 0x21, 0x00, 0x21, 0x00, 0x21, 0x00, 0x21, 0x00, 0x21, 0x00,
0x21, 0x00, 0x21, 0x00, 0x21, 0x00, 0x21, 0x00, 0x21, 0x00, 0x21, 0x00, 0x21, 0x00, 0x21, 0x00, 0x21, 0x00, 0x21, 0x00, 0x21, 0x00, 0x21, 0x00,
0x21, 0x00, 0x21, 0x00, 0x21, 0x00, 0x21, 0x00, 0x21, 0x00, 0x21, 0x00, 0x21, 0x00, 0x21, 0x00, 0x21, 0x00, 0x21, 0x00, 0x21, 0x00, 0x21, 0x00,
0x21, 0x00, 0x21, 0x00, 0x21, 0x00, 0x22, 0x00, 0x22, 0x00, 0x22, 0x00, 0x22, 0x00, 0x22, 0x00, 0x22, 0x00, 0x22, 0x00, 0x22, 0x00, 0x22, 0x00,
0x22, 0x00, 0x22, 0x00, 0x22, 0x00, 0x22, 0x00, 0x22, 0x00, 0x22, 0x00, 0x86, 0x08, 0xf7, 0x29, 0x17, 0x2a, 0x38, 0x2a, 0x5a, 0x53, 0x3f, 0xdf,
0x3f, 0xdf, 0x3f, 0xdf, 0xdf, 0xc6, 0x7e, 0x5d, 0x5e, 0x55, 0x5e, 0x55, 0x5e, 0x55, 0x5e, 0x55, 0x5e, 0x55, 0x5e, 0x55, 0x5e, 0x55, 0x5e, 0x55,
0x5e, 0x55, 0x5e, 0x55, 0x5e, 0x55, 0x5e, 0x55, 0x5e, 0x55, 0x7e, 0x55, 0x7e, 0x5d, 0x7e, 0x5d, 0x7e, 0x5d, 0x7e, 0x5d, 0x7e, 0x5d, 0x7e, 0x5d,
0x7e, 0x5d, 0x7e, 0x5d, 0x7e, 0x5d, 0x7e, 0x5d, 0x7e, 0x5d, 0x7e, 0x5d, 0x7e, 0x5d, 0x7e, 0x5d, 0x7e, 0x5d, 0x7e, 0x5d, 0x7e, 0x5d, 0xbe, 0x9e,
0x5f, 0xbf, 0x5f, 0xbf, 0x5f, 0xbf, 0x5f, 0xbf, 0x5f, 0xbf, 0x5e, 0x8e, 0x9e, 0x65, 0x9e, 0x65, 0x9e, 0x65, 0x9e, 0x65, 0x9e, 0x65, 0x9e, 0x65,
0x9e, 0x65, 0x9e, 0x65, 0x9e, 0x65, 0x9e, 0x65, 0x9e, 0x65, 0xde, 0x75, 0x5f, 0xbf, 0x5f, 0xbf, 0x5f, 0xbf, 0x5f, 0xbf, 0x5f, 0xbf, 0x9e, 0x96,
0x9e, 0x65, 0x9e, 0x65, 0x9e, 0x65, 0x9e, 0x65, 0x9e, 0x65, 0xbe, 0xa6, 0x5f, 0xbf, 0x5f, 0xbf, 0x5f, 0xbf, 0x5f, 0xbf, 0x5f, 0xbf, 0x5e, 0x8e,
0x9e, 0x65, 0x9e, 0x65, 0x9e, 0x5d, 0x7e, 0x5d, 0x7e, 0x5d, 0x7e, 0x5d, 0x7e, 0x5d, 0x7e, 0x5d, 0x7e, 0x5d, 0x7e, 0x5d, 0x7e, 0x5d, 0x7e, 0x5d,
0x7e, 0x5d, 0x7e, 0x5d, 0x7e, 0x5d, 0x7e, 0x5d, 0x7e, 0x5d, 0x7e, 0x5d, 0x7e, 0x5d, 0x7e, 0x5d, 0x7e, 0x5d, 0x7e, 0x5d, 0x7e, 0x55, 0x7e, 0x55,
0x5e, 0x55, 0x5e, 0x55, 0x5e, 0x55, 0x5e, 0x55, 0x5e, 0x55, 0x5e, 0x55, 0x5e, 0x55, 0x5e, 0x55, 0x5e, 0x55, 0x5e, 0x55, 0x5e, 0x55, 0x5e, 0x55,
0x5e, 0x55, 0x9f, 0xae, 0x3f, 0xdf, 0x3f, 0xdf, 0x3f, 0xdf, 0x9c, 0x7c, 0x58, 0x2a, 0x18, 0x2a, 0xf7, 0x29, 0xeb, 0x10, 0x22, 0x00, 0x22, 0x00,
0x22, 0x00, 0x22, 0x00, 0x22, 0x00, 0x22, 0x00, 0x22, 0x00, 0x22, 0x00, 0x22, 0x00, 0x22, 0x00, 0x22, 0x00, 0x22, 0x00, 0x22, 0x00, 0x22, 0x00,
0x22, 0x00, 0x21, 0x00, 0x21, 0x00, 0x21, 0x00, 0x21, 0x00, 0x21, 0x00, 0x21, 0x00, 0x21, 0x00, 0x21, 0x00, 0x21, 0x00, 0x21, 0x00, 0x21, 0x00,
0x21, 0x00, 0x21, 0x00, 0x21, 0x00, 0x21, 0x00, 0x21, 0x00, 0x21, 0x00, 0x21, 0x00, 0x21, 0x00, 0x21, 0x00, 0x21, 0x00, 0x21, 0x00, 0x21, 0x00,
0x21, 0x00, 0x21, 0x00, 0x21, 0x00, 0x21, 0x00, 0x21, 0x00, 0x21, 0x00, 0x21, 0x00, 0x21, 0x00, 0x21, 0x00, 0x21, 0x00, 0x21, 0x00, 0x21, 0x00,
0x21, 0x00, 0x21, 0x00, 0x21, 0x00, 0x21, 0x00, 0x21, 0x00, 0x21, 0x00, 0x21, 0x00, 0x21, 0x00, 0x21, 0x00, 0x21, 0x00, 0x21, 0x00, 0x21, 0x00,
0x22, 0x00, 0x22, 0x00, 0x22, 0x00, 0x22, 0x00, 0x22, 0x00, 0x22, 0x00, 0x22, 0x00, 0x22, 0x00, 0x22, 0x00, 0x22, 0x00, 0x22, 0x00, 0x22, 0x00,
0x22, 0x00, 0x22, 0x00, 0x22, 0x00, 0xeb, 0x10, 0xf7, 0x29, 0x18, 0x2a, 0x58, 0x2a, 0xdc, 0x84, 0x3f, 0xdf, 0x3f, 0xdf, 0x3f, 0xdf, 0x9f, 0xae,
0x5e, 0x55, 0x5e, 0x55, 0x5e, 0x55, 0x5e, 0x55, 0x5e, 0x55, 0x5e, 0x55, 0x7e, 0x55, 0x7e, 0x55, 0x7e, 0x55, 0x7e, 0x55, 0x7e, 0x55, 0x7e, 0x55,
0x7e, 0x55, 0x7e, 0x55, 0x7e, 0x5d, 0x7e, 0x5d, 0x7e, 0x5d, 0x7e, 0x5d, 0x7e, 0x5d, 0x7e, 0x5d, 0x7e, 0x5d, 0x7e, 0x5d, 0x7e, 0x5d, 0x7e, 0x5d,
0x7e, 0x5d, 0x7e, 0x5d, 0x7e, 0x5d, 0x7e, 0x5d, 0x7e, 0x5d, 0x7e, 0x5d, 0x5e, 0x86, 0x5f, 0xbf, 0x5f, 0xbf, 0x5f, 0xbf, 0x5f, 0xbf, 0x5f, 0xbf,
0xde, 0xa6, 0x9e, 0x65, 0x9e, 0x65, 0x9e, 0x65, 0x9e, 0x65, 0x9e, 0x65, 0x9e, 0x65, 0x9e, 0x65, 0x9e, 0x65, 0x9e, 0x65, 0x9e, 0x65, 0x9e, 0x65,
0xbe, 0x6d, 0xfe, 0xae, 0x5f, 0xbf, 0x5f, 0xbf, 0x5f, 0xbf, 0x5f, 0xbf, 0x5f, 0xbf, 0xfe, 0x7d, 0x9e, 0x65, 0x9e, 0x65, 0x9e, 0x65, 0x9e, 0x65,
0x5e, 0x8e, 0x5f, 0xbf, 0x5f, 0xbf, 0x5f, 0xbf, 0x5f, 0xbf, 0x5f, 0xbf, 0xde, 0xa6, 0x9e, 0x65, 0x9e, 0x65, 0x9e, 0x65, 0x9e, 0x5d, 0x9e, 0x5d,
0x7e, 0x5d, 0x7e, 0x5d, 0x7e, 0x5d, 0x7e, 0x5d, 0x7e, 0x5d, 0x7e, 0x5d, 0x7e, 0x5d, 0x7e, 0x5d, 0x7e, 0x5d, 0x7e, 0x5d, 0x7e, 0x5d, 0x7e, 0x5d,
0x7e, 0x5d, 0x7e, 0x5d, 0x7e, 0x5d, 0x7e, 0x5d, 0x7e, 0x5d, 0x7e, 0x5d, 0x7e, 0x55, 0x7e, 0x55, 0x7e, 0x55, 0x7e, 0x55, 0x7e, 0x55, 0x7e, 0x55,
0x7e, 0x55, 0x7e, 0x55, 0x7e, 0x55, 0x5e, 0x55, 0x5e, 0x55, 0x5e, 0x55, 0x5e, 0x55, 0x5e, 0x55, 0x1e, 0x8e, 0x3f, 0xdf, 0x3f, 0xdf, 0x3f, 0xdf,
0x1e, 0xb6, 0x58, 0x2a, 0x38, 0x2a, 0xf7, 0x29, 0x50, 0x19, 0x22, 0x00, 0x22, 0x00, 0x22, 0x00, 0x22, 0x00, 0x22, 0x00, 0x22, 0x00, 0x22, 0x00,
0x22, 0x00, 0x22, 0x00, 0x22, 0x00, 0x22, 0x00, 0x22, 0x00, 0x22, 0x00, 0x22, 0x00, 0x22, 0x00, 0x21, 0x00, 0x21, 0x00, 0x21, 0x00, 0x21, 0x00,
0x21, 0x00, 0x21, 0x00, 0x21, 0x00, 0x21, 0x00, 0x21, 0x00, 0x21, 0x00, 0x21, 0x00, 0x21, 0x00, 0x21, 0x00, 0x21, 0x00, 0x21, 0x00, 0x21, 0x00,
0x21, 0x00, 0x21, 0x00, 0x21, 0x00, 0x21, 0x00, 0x21, 0x00, 0x21, 0x00, 0x21, 0x00, 0x21, 0x00, 0x21, 0x00, 0x21, 0x00, 0x21, 0x00, 0x21, 0x00,
0x21, 0x00, 0x21, 0x00, 0x21, 0x00, 0x21, 0x00, 0x21, 0x00, 0x21, 0x00, 0x21, 0x00, 0x21, 0x00, 0x21, 0x00, 0x21, 0x00, 0x21, 0x00, 0x21, 0x00,
0x21, 0x00, 0x21, 0x00, 0x21, 0x00, 0x21, 0x00, 0x21, 0x00, 0x21, 0x00, 0x21, 0x00, 0x21, 0x00, 0x22, 0x00, 0x22, 0x00, 0x22, 0x00, 0x22, 0x00,
0x22, 0x00, 0x22, 0x00, 0x22, 0x00, 0x22, 0x00, 0x22, 0x00, 0x22, 0x00, 0x22, 0x00, 0x22, 0x00, 0x22, 0x00, 0x22, 0x00, 0x22, 0x00, 0x22, 0x00,
0x71, 0x19, 0xf7, 0x29, 0x38, 0x2a, 0x58, 0x2a, 0x1e, 0xb6, 0x3f, 0xdf, 0x3f, 0xdf, 0x3f, 0xdf, 0xfe, 0x85, 0x7e, 0x55, 0x7e, 0x55, 0x7e, 0x55,
0x7e, 0x55, 0x7e, 0x55, 0x7e, 0x55, 0x7e, 0x55, 0x7e, 0x55, 0x7e, 0x55, 0x7e, 0x55, 0x7e, 0x55, 0x7e, 0x55, 0x7e, 0x5d, 0x7e, 0x5d, 0x7e, 0x5d,
0x7e, 0x5d, 0x7e, 0x5d, 0x7e, 0x5d, 0x7e, 0x5d, 0x7e, 0x5d, 0x7e, 0x5d, 0x7e, 0x5d, 0x7e, 0x5d, 0x7e, 0x5d, 0x7e, 0x5d, 0x7e, 0x5d, 0x7e, 0x5d,
0x7e, 0x5d, 0xbe, 0x6d, 0x3e, 0xb7, 0x5f, 0xbf, 0x5f, 0xbf, 0x5f, 0xbf, 0x5f, 0xbf, 0x3e, 0xb7, 0xbe, 0x65, 0x9e, 0x65, 0x9e, 0x65, 0x9e, 0x65,
0x9e, 0x65, 0x9e, 0x65, 0x9e, 0x65, 0x9e, 0x65, 0x9e, 0x65, 0x9e, 0x65, 0x9e, 0x65, 0x9e, 0x65, 0x9e, 0x96, 0x5f, 0xbf, 0x5f, 0xbf, 0x5f, 0xbf,
0x5f, 0xbf, 0x5f, 0xbf, 0x7e, 0x8e, 0x9e, 0x65, 0x9e, 0x65, 0x9e, 0x65, 0x9e, 0x65, 0xde, 0x6d, 0x3e, 0xb7, 0x5f, 0xbf, 0x5f, 0xbf, 0x5f, 0xbf,
0x5f, 0xbf, 0x3e, 0xb7, 0xbe, 0x65, 0x9e, 0x65, 0x9e, 0x65, 0x9e, 0x65, 0x9e, 0x5d, 0x9e, 0x5d, 0x9e, 0x5d, 0x9e, 0x5d, 0x7e, 0x5d, 0x7e, 0x5d,
0x7e, 0x5d, 0x7e, 0x5d, 0x7e, 0x5d, 0x7e, 0x5d, 0x7e, 0x5d, 0x7e, 0x5d, 0x7e, 0x5d, 0x7e, 0x5d, 0x7e, 0x5d, 0x7e, 0x5d, 0x7e, 0x5d, 0x7e, 0x5d,
0x7e, 0x5d, 0x7e, 0x5d, 0x7e, 0x5d, 0x7e, 0x55, 0x7e, 0x55, 0x7e, 0x55, 0x7e, 0x55, 0x7e, 0x55, 0x7e, 0x55, 0x7e, 0x55, 0x7e, 0x55, 0x7e, 0x55,
0x7e, 0x55, 0x7e, 0x55, 0x7e, 0x55, 0x9e, 0x65, 0x1f, 0xd7, 0x3f, 0xdf, 0x3f, 0xdf, 0xff, 0xd6, 0xb9, 0x3a, 0x38, 0x2a, 0x17, 0x2a, 0xd5, 0x21,
0x43, 0x00, 0x22, 0x00, 0x22, 0x00, 0x22, 0x00, 0x22, 0x00, 0x22, 0x00, 0x22, 0x00, 0x22, 0x00, 0x22, 0x00, 0x22, 0x00, 0x22, 0x00, 0x22, 0x00,
0x22, 0x00, 0x22, 0x00, 0x22, 0x00, 0x22, 0x00, 0x21, 0x00, 0x21, 0x00, 0x21, 0x00, 0x21, 0x00, 0x21, 0x00, 0x21, 0x00, 0x21, 0x00, 0x21, 0x00,
0x21, 0x00, 0x21, 0x00, 0x21, 0x00, 0x21, 0x00, 0x21, 0x00, 0x21, 0x00, 0x21, 0x00, 0x21, 0x00, 0x21, 0x00, 0x21, 0x00, 0x21, 0x00, 0x21, 0x00,
0x21, 0x00, 0x21, 0x00, 0x21, 0x00, 0x21, 0x00, 0x21, 0x00, 0x21, 0x00, 0x21, 0x00, 0x21, 0x00, 0x21, 0x00, 0x21, 0x00, 0x21, 0x00, 0x21, 0x00,
0x21, 0x00, 0x21, 0x00, 0x21, 0x00, 0x21, 0x00, 0x21, 0x00, 0x21, 0x00, 0x21, 0x00, 0x21, 0x00, 0x21, 0x00, 0x21, 0x00, 0x21, 0x00, 0x21, 0x00,
0x21, 0x00, 0x21, 0x00, 0x21, 0x00, 0x21, 0x00, 0x22, 0x00, 0x22, 0x00, 0x22, 0x00, 0x22, 0x00, 0x22, 0x00, 0x22, 0x00, 0x22, 0x00, 0x22, 0x00,
0x22, 0x00, 0x22, 0x00, 0x22, 0x00, 0x22, 0x00, 0x22, 0x00, 0x22, 0x00, 0x22, 0x00, 0x22, 0x00, 0x43, 0x00, 0xd5, 0x21, 0x17, 0x2a, 0x38, 0x2a,
0xf9, 0x42, 0xff, 0xd6, 0x3f, 0xdf, 0x3f, 0xdf, 0x1f, 0xd7, 0x9e, 0x5d, 0x7e, 0x55, 0x7e, 0x55, 0x7e, 0x55, 0x7e, 0x55, 0x7e, 0x55, 0x7e, 0x55,
0x7e, 0x55, 0x7e, 0x55, 0x7e, 0x55, 0x7e, 0x55, 0x7e, 0x55, 0x7e, 0x5d, 0x7e, 0x5d, 0x7e, 0x5d, 0x7e, 0x5d, 0x7e, 0x5d, 0x7e, 0x5d, 0x7e, 0x5d,
0x7e, 0x5d, 0x7e, 0x5d, 0x7e, 0x5d, 0x7e, 0x5d, 0x7e, 0x5d, 0x7e, 0x5d, 0x7e, 0x5d, 0x7e, 0x5d, 0x9e, 0x5d, 0xfe, 0xae, 0x5f, 0xbf, 0x5f, 0xbf,
0x5f, 0xbf, 0x5f, 0xbf, 0x5f, 0xbf, 0x1e, 0x7e, 0x9e, 0x65, 0x9e, 0x65, 0x9e, 0x65, 0x9e, 0x65, 0x9e, 0x65, 0x9e, 0x65, 0x9e, 0x65, 0x9e, 0x65,
0x9e, 0x65, 0x9e, 0x65, 0x9e, 0x65, 0x1e, 0x7e, 0x5f, 0xbf, 0x5f, 0xbf, 0x5f, 0xbf, 0x5f, 0xbf, 0x5f, 0xbf, 0xfe, 0xae, 0x9e, 0x65, 0x9e, 0x65,
0x9e, 0x65, 0x9e, 0x65, 0x9e, 0x65, 0xfe, 0xae, 0x5f, 0xbf, 0x5f, 0xbf, 0x5f, 0xbf, 0x5f, 0xbf, 0x5f, 0xbf, 0x1e, 0x7e, 0x9e, 0x65, 0x9e, 0x65,
0x9e, 0x65, 0x9e, 0x5d, 0x9e, 0x5d, 0x9e, 0x5d, 0x9e, 0x5d, 0x9e, 0x5d, 0x9e, 0x5d, 0x9e, 0x5d, 0x9e, 0x5d, 0x7e, 0x5d, 0x7e, 0x5d, 0x7e, 0x5d,
0x7e, 0x5d, 0x7e, 0x5d, 0x7e, 0x5d, 0x7e, 0x5d, 0x7e, 0x5d, 0x7e, 0x5d, 0x7e, 0x5d, 0x7e, 0x5d, 0x7e, 0x5d, 0x7e, 0x5d, 0x7e, 0x5d, 0x7e, 0x55,
0x7e, 0x55, 0x7e, 0x55, 0x7e, 0x55, 0x7e, 0x55, 0x7e, 0x55, 0x7e, 0x55, 0x7e, 0x55, 0x7e, 0x55, 0x7e, 0x55, 0x7e, 0x55, 0x7e, 0x55, 0xdf, 0xbe,
0x3f, 0xdf, 0x3f, 0xdf, 0x3f, 0xdf, 0xfb, 0x63, 0x38, 0x2a, 0x18, 0x2a, 0xf7, 0x29, 0xa7, 0x08, 0x22, 0x00, 0x22, 0x00, 0x22, 0x00, 0x22, 0x00,
0x22, 0x00, 0x22, 0x00, 0x22, 0x00, 0x22, 0x00, 0x22, 0x00, 0x22, 0x00, 0x22, 0x00, 0x22, 0x00, 0x22, 0x00, 0x22, 0x00, 0x22, 0x00, 0x22, 0x00,
0x21, 0x00, 0x21, 0x00, 0x21, 0x00, 0x21, 0x00, 0x21, 0x00, 0x21, 0x00, 0x21, 0x00, 0x21, 0x00, 0x21, 0x00, 0x21, 0x00, 0x21, 0x00, 0x21, 0x00,
0x21, 0x00, 0x21, 0x00, 0x21, 0x00, 0x21, 0x00, 0x21, 0x00, 0x21, 0x00, 0x21, 0x00, 0x21, 0x00, 0x21, 0x00, 0x21, 0x00, 0x21, 0x00, 0x21, 0x00,
0x21, 0x00, 0x21, 0x00, 0x21, 0x00, 0x21, 0x00, 0x21, 0x00, 0x21, 0x00, 0x21, 0x00, 0x21, 0x00, 0x21, 0x00, 0x21, 0x00, 0x21, 0x00, 0x21, 0x00,
0x21, 0x00, 0x21, 0x00, 0x21, 0x00, 0x21, 0x00, 0x21, 0x00, 0x21, 0x00, 0x21, 0x00, 0x21, 0x00, 0x21, 0x00, 0x21, 0x00, 0x21, 0x00, 0x21, 0x00,
0x21, 0x00, 0x22, 0x00, 0x22, 0x00, 0x22, 0x00, 0x22, 0x00, 0x22, 0x00, 0x22, 0x00, 0x22, 0x00, 0x22, 0x00, 0x22, 0x00, 0x22, 0x00, 0x22, 0x00,
0x22, 0x00, 0x22, 0x00, 0x22, 0x00, 0x22, 0x00, 0x22, 0x00, 0xa8, 0x10, 0xf7, 0x29, 0x18, 0x2a, 0x58, 0x2a, 0xfb, 0x63, 0x3f, 0xdf, 0x3f, 0xdf,
0x3f, 0xdf, 0xbf, 0xb6, 0x7e, 0x55, 0x7e, 0x55, 0x7e, 0x55, 0x7e, 0x55, 0x7e, 0x55, 0x7e, 0x55, 0x7e, 0x55, 0x7e, 0x55, 0x7e, 0x55, 0x7e, 0x55,
0x7e, 0x5d, 0x7e, 0x5d, 0x7e, 0x5d, 0x7e, 0x5d, 0x7e, 0x5d, 0x7e, 0x5d, 0x7e, 0x5d, 0x7e, 0x5d, 0x7e, 0x5d, 0x7e, 0x5d, 0x7e, 0x5d, 0x7e, 0x5d,
0x7e, 0x5d, 0x9e, 0x5d, 0x9e, 0x5d, 0x9e, 0x5d, 0xfe, 0x75, 0x5f, 0xbf, 0x5f, 0xbf, 0x5f, 0xbf, 0x5f, 0xbf, 0x5f, 0xbf, 0x9e, 0x96, 0x9e, 0x65,
0x9e, 0x65, 0x9e, 0x65, 0x9e, 0x65, 0x9e, 0x65, 0x9e, 0x65, 0x9e, 0x65, 0x9e, 0x65, 0x9e, 0x65, 0x9e, 0x65, 0x9e, 0x65, 0xbe, 0x65, 0x3e, 0xb7,
0x5f, 0xbf, 0x5f, 0xbf, 0x5f, 0xbf, 0x5f, 0xbf, 0x3e, 0xb7, 0xfe, 0x75, 0x9e, 0x65, 0x9e, 0x65, 0x9e, 0x65, 0x9e, 0x65, 0x1e, 0x7e, 0x5f, 0xbf,
0x5f, 0xbf, 0x5f, 0xbf, 0x5f, 0xbf, 0x5f, 0xbf, 0x9e, 0x96, 0x9e, 0x65, 0x9e, 0x65, 0x9e, 0x65, 0x9e, 0x65, 0x9e, 0x5d, 0x9e, 0x5d, 0x9e, 0x5d,
0x9e, 0x5d, 0x9e, 0x5d, 0x9e, 0x5d, 0x9e, 0x5d, 0x9e, 0x5d, 0x9e, 0x5d, 0x9e, 0x5d, 0x7e, 0x5d, 0x7e, 0x5d, 0x7e, 0x5d, 0x7e, 0x5d, 0x7e, 0x5d,
0x7e, 0x5d, 0x7e, 0x5d, 0x7e, 0x5d, 0x7e, 0x5d, 0x7e, 0x5d, 0x7e, 0x5d, 0x7e, 0x5d, 0x7e, 0x5d, 0x7e, 0x55, 0x7e, 0x55, 0x7e, 0x55, 0x7e, 0x55,
0x7e, 0x55, 0x7e, 0x55, 0x7e, 0x55, 0x7e, 0x55, 0x7e, 0x55, 0x7e, 0x55, 0x3e, 0x96, 0x3f, 0xdf, 0x3f, 0xdf, 0x3f, 0xdf, 0x1d, 0x95, 0x58, 0x2a,
0x38, 0x2a, 0xf7, 0x29, 0x2e, 0x19, 0x22, 0x00, 0x22, 0x00, 0x22, 0x00, 0x22, 0x00, 0x22, 0x00, 0x22, 0x00, 0x22, 0x00, 0x22, 0x00, 0x22, 0x00,
0x22, 0x00, 0x22, 0x00, 0x22, 0x00, 0x22, 0x00, 0x22, 0x00, 0x22, 0x00, 0x22, 0x00, 0x21, 0x00, 0x21, 0x00, 0x21, 0x00, 0x21, 0x00, 0x21, 0x00,
0x21, 0x00, 0x21, 0x00, 0x21, 0x00, 0x21, 0x00, 0x21, 0x00, 0x21, 0x00, 0x21, 0x00, 0x21, 0x00, 0x21, 0x00, 0x21, 0x00, 0x21, 0x00, 0x21, 0x00,
0x21, 0x00, 0x21, 0x00, 0x21, 0x00, 0x21, 0x00, 0x21, 0x00, 0x21, 0x00, 0x21, 0x00, 0x21, 0x00, 0x21, 0x00, 0x21, 0x00, 0x21, 0x00, 0x21, 0x00,
0x21, 0x00, 0x21, 0x00, 0x21, 0x00, 0x21, 0x00, 0x21, 0x00, 0x21, 0x00, 0x21, 0x00, 0x21, 0x00, 0x21, 0x00, 0x21, 0x00, 0x21, 0x00, 0x21, 0x00,
0x21, 0x00, 0x21, 0x00, 0x21, 0x00, 0x21, 0x00, 0x21, 0x00, 0x21, 0x00, 0x21, 0x00, 0x21, 0x00, 0x21, 0x00, 0x22, 0x00, 0x22, 0x00, 0x22, 0x00,
0x22, 0x00, 0x22, 0x00, 0x22, 0x00, 0x22, 0x00, 0x22, 0x00, 0x22, 0x00, 0x22, 0x00, 0x22, 0x00, 0x22, 0x00, 0x22, 0x00, 0x22, 0x00, 0x22, 0x00,
0x22, 0x00, 0x22, 0x00, 0x2e, 0x19, 0xf7, 0x29, 0x38, 0x2a, 0x58, 0x2a, 0xbd, 0xad, 0x3f, 0xdf, 0x3f, 0xdf, 0x3f, 0xdf, 0x1e, 0x86, 0x7e, 0x55,
0x7e, 0x55, 0x7e, 0x55, 0x7e, 0x55, 0x7e, 0x55, 0x7e, 0x55, 0x7e, 0x55, 0x7e, 0x55, 0x7e, 0x5d, 0x7e, 0x5d, 0x7e, 0x5d, 0x7e, 0x5d, 0x7e, 0x5d,
0x7e, 0x5d, 0x7e, 0x5d, 0x7e, 0x5d, 0x7e, 0x5d, 0x7e, 0x5d, 0x7e, 0x5d, 0x9e, 0x5d, 0x9e, 0x5d, 0x9e, 0x5d, 0x9e, 0x5d, 0x9e, 0x5d, 0x9e, 0x5d,
0x1e, 0x7e, 0x5f, 0xbf, 0x5f, 0xbf, 0x5f, 0xbf, 0x5f, 0xbf, 0x1e, 0xb7, 0xbe, 0x65, 0x9e, 0x5d, 0x9e, 0x65, 0x9e, 0x65, 0x9e, 0x65, 0x9e, 0x65,
0x9e, 0x65, 0x9e, 0x65, 0x9e, 0x65, 0x9e, 0x65, 0x9e, 0x65, 0x9e, 0x65, 0xde, 0x9e, 0x5f, 0xbf, 0x5f, 0xbf, 0x5f, 0xbf, 0x5f, 0xbf, 0x5f, 0xbf,
0x5e, 0x8e, 0x9e, 0x65, 0x9e, 0x65, 0x9e, 0x65, 0x9e, 0x65, 0x9e, 0x65, 0x1e, 0x7e, 0x5f, 0xbf, 0x5f, 0xbf, 0x5f, 0xbf, 0x5f, 0xbf, 0x1e, 0xb7,
0xbe, 0x65, 0x9e, 0x65, 0x9e, 0x65, 0x9e, 0x65, 0x9e, 0x5d, 0x9e, 0x5d, 0x9e, 0x5d, 0x9e, 0x5d, 0x9e, 0x5d, 0x9e, 0x5d, 0x9e, 0x5d, 0x9e, 0x5d,
0x9e, 0x5d, 0x9e, 0x5d, 0x9e, 0x5d, 0x9e, 0x5d, 0x9e, 0x5d, 0x9e, 0x5d, 0x7e, 0x5d, 0x7e, 0x5d, 0x7e, 0x5d, 0x7e, 0x5d, 0x7e, 0x5d, 0x7e, 0x5d,
0x7e, 0x5d, 0x7e, 0x5d, 0x7e, 0x5d, 0x7e, 0x5d, 0x7e, 0x5d, 0x7e, 0x55, 0x7e, 0x55, 0x7e, 0x55, 0x7e, 0x55, 0x7e, 0x55, 0x7e, 0x55, 0x7e, 0x55,
0x7e, 0x55, 0xbe, 0x6d, 0x1f, 0xd7, 0x3f, 0xdf, 0x3f, 0xdf, 0xbf, 0xce, 0xb9, 0x3a, 0x38, 0x2a, 0x17, 0x2a, 0x93, 0x21, 0x22, 0x00, 0x22, 0x00,
0x22, 0x00, 0x22, 0x00, 0x22, 0x00, 0x22, 0x00, 0x22, 0x00, 0x22, 0x00, 0x22, 0x00, 0x22, 0x00, 0x22, 0x00, 0x22, 0x00, 0x22, 0x00, 0x22, 0x00,
0x22, 0x00, 0x22, 0x00, 0x22, 0x00, 0x21, 0x00, 0x21, 0x00, 0x21, 0x00, 0x21, 0x00, 0x21, 0x00, 0x21, 0x00, 0x21, 0x00, 0x21, 0x00, 0x21, 0x00,
0x21, 0x00, 0x21, 0x00, 0x21, 0x00, 0x21, 0x00, 0x21, 0x00, 0x21, 0x00, 0x21, 0x00, 0x21, 0x00, 0x21, 0x00, 0x21, 0x00, 0x21, 0x00, 0x21, 0x00,
0x21, 0x00, 0x21, 0x00, 0x21, 0x00, 0x21, 0x00, 0x21, 0x00, 0x21, 0x00, 0x21, 0x00, 0x21, 0x00, 0x21, 0x00, 0x21, 0x00, 0x21, 0x00, 0x21, 0x00,
0x21, 0x00, 0x21, 0x00, 0x21, 0x00, 0x21, 0x00, 0x21, 0x00, 0x21, 0x00, 0x21, 0x00, 0x21, 0x00, 0x21, 0x00, 0x21, 0x00, 0x21, 0x00, 0x21, 0x00,
0x21, 0x00, 0x21, 0x00, 0x21, 0x00, 0x21, 0x00, 0x21, 0x00, 0x21, 0x00, 0x22, 0x00, 0x22, 0x00, 0x22, 0x00, 0x22, 0x00, 0x22, 0x00, 0x22, 0x00,
0x22, 0x00, 0x22, 0x00, 0x22, 0x00, 0x22, 0x00, 0x22, 0x00, 0x22, 0x00, 0x22, 0x00, 0x22, 0x00, 0x22, 0x00, 0x22, 0x00, 0x43, 0x00, 0xb4, 0x21,
0x17, 0x2a, 0x38, 0x2a, 0xf9, 0x42, 0xff, 0xd6, 0x3f, 0xdf, 0x3f, 0xdf, 0x1f, 0xcf, 0x9e, 0x5d, 0x7e, 0x55, 0x7e, 0x55, 0x7e, 0x55, 0x7e, 0x55,
0x7e, 0x55, 0x7e, 0x55, 0x7e, 0x5d, 0x7e, 0x5d, 0x7e, 0x5d, 0x7e, 0x5d, 0x7e, 0x5d, 0x7e, 0x5d, 0x7e, 0x5d, 0x7e, 0x5d, 0x7e, 0x5d, 0x9e, 0x5d,
0x9e, 0x5d, 0x9e, 0x5d, 0x9e, 0x5d, 0x9e, 0x5d, 0x9e, 0x5d, 0x9e, 0x5d, 0x9e, 0x5d, 0x9e, 0x5d, 0xbe, 0x65, 0x3e, 0xb7, 0x5f, 0xbf, 0x5f, 0xbf,
0x5f, 0xbf, 0x1e, 0x76, 0x9e, 0x5d, 0x9e, 0x5d, 0x9e, 0x5d, 0x9e, 0x65, 0x9e, 0x65, 0x9e, 0x65, 0x9e, 0x65, 0x9e, 0x65, 0x9e, 0x65, 0x9e, 0x65,
0x9e, 0x65, 0x5e, 0x8e, 0x5f, 0xbf, 0x5f, 0xbf, 0x5f, 0xbf, 0x5f, 0xbf, 0x5f, 0xbf, 0xde, 0xa6, 0x9e, 0x65, 0x9e, 0x65, 0x9e, 0x65, 0x9e, 0x65,
0x9e, 0x65, 0x9e, 0x65, 0xbe, 0x65, 0x3e, 0xb7, 0x5f, 0xbf, 0x5f, 0xbf, 0x5f, 0xbf, 0x1e, 0x76, 0x9e, 0x65, 0x9e, 0x65, 0x9e, 0x65, 0x9e, 0x5d,
0x9e, 0x5d, 0x9e, 0x5d, 0x9e, 0x5d, 0x9e, 0x5d, 0x9e, 0x5d, 0x9e, 0x5d, 0x9e, 0x5d, 0x9e, 0x5d, 0x9e, 0x5d, 0x9e, 0x5d, 0x9e, 0x5d, 0x9e, 0x5d,
0x9e, 0x5d, 0x9e, 0x5d, 0x9e, 0x5d, 0x9e, 0x5d, 0x9e, 0x5d, 0x9e, 0x5d, 0x7e, 0x5d, 0x7e, 0x5d, 0x7e, 0x5d, 0x7e, 0x5d, 0x7e, 0x5d, 0x7e, 0x5d,
0x7e, 0x5d, 0x7e, 0x5d, 0x7e, 0x55, 0x7e, 0x55, 0x7e, 0x55, 0x7e, 0x55, 0x7e, 0x55, 0x7e, 0x55, 0x7e, 0x55, 0xbf, 0xb6, 0x3f, 0xdf, 0x3f, 0xdf,
0x3f, 0xdf, 0xfb, 0x63, 0x38, 0x2a, 0x18, 0x2a, 0xf7, 0x29, 0x86, 0x08, 0x22, 0x00, 0x22, 0x00, 0x22, 0x00, 0x22, 0x00, 0x22, 0x00, 0x22, 0x00,
0x22, 0x00, 0x22, 0x00, 0x22, 0x00, 0x22, 0x00, 0x22, 0x00, 0x22, 0x00, 0x22, 0x00, 0x22, 0x00, 0x22, 0x00, 0x22, 0x00, 0x22, 0x00, 0x21, 0x00,
0x21, 0x00, 0x21, 0x00, 0x21, 0x00, 0x21, 0x00, 0x21, 0x00, 0x21, 0x00, 0x21, 0x00, 0x21, 0x00, 0x21, 0x00, 0x21, 0x00, 0x21, 0x00, 0x21, 0x00,
0x21, 0x00, 0x21, 0x00, 0x21, 0x00, 0x21, 0x00, 0x21, 0x00, 0x21, 0x00, 0x21, 0x00, 0x21, 0x00, 0x21, 0x00, 0x21, 0x00, 0x21, 0x00, 0x21, 0x00,
0x21, 0x00, 0x21, 0x00, 0x21, 0x00, 0x21, 0x00, 0x21, 0x00, 0x21, 0x00, 0x21, 0x00, 0x21, 0x00, 0x21, 0x00, 0x21, 0x00, 0x21, 0x00, 0x21, 0x00,
0x21, 0x00, 0x21, 0x00, 0x21, 0x00, 0x21, 0x00, 0x21, 0x00, 0x21, 0x00, 0x21, 0x00, 0x21, 0x00, 0x21, 0x00, 0x21, 0x00, 0x21, 0x00, 0x21, 0x00,
0x21, 0x00, 0x21, 0x00, 0x22, 0x00, 0x22, 0x00, 0x22, 0x00, 0x22, 0x00, 0x22, 0x00, 0x22, 0x00, 0x22, 0x00, 0x22, 0x00, 0x22, 0x00, 0x22, 0x00,
0x22, 0x00, 0x22, 0x00, 0x22, 0x00, 0x22, 0x00, 0x22, 0x00, 0x22, 0x00, 0x22, 0x00, 0xa8, 0x10, 0xf7, 0x29, 0x18, 0x2a, 0x58, 0x2a, 0x9c, 0x7c,
0x3f, 0xdf, 0x3f, 0xdf, 0x3f, 0xdf, 0x5e, 0x9e, 0x7e, 0x55, 0x7e, 0x55, 0x7e, 0x55, 0x7e, 0x55, 0x7e, 0x55, 0x7e, 0x5d, 0x7e, 0x5d, 0x7e, 0x5d,
0x7e, 0x5d, 0x7e, 0x5d, 0x9e, 0x5d, 0x9e, 0x5d, 0x9e, 0x5d, 0x9e, 0x5d, 0x9e, 0x5d, 0x9e, 0x5d, 0x9e, 0x5d, 0x9e, 0x5d, 0x9e, 0x5d, 0x9e, 0x5d,
0x9e, 0x5d, 0x9e, 0x5d, 0x9e, 0x5d, 0x9e, 0x5d, 0x9e, 0x5d, 0xde, 0x6d, 0x7e, 0x8e, 0x9e, 0x96, 0x1e, 0x76, 0x9e, 0x5d, 0x9e, 0x5d, 0x9e, 0x5d,
0x9e, 0x5d, 0x9e, 0x5d, 0x9e, 0x5d, 0x9e, 0x65, 0x9e, 0x65, 0x9e, 0x65, 0x9e, 0x65, 0x9e, 0x65, 0xde, 0x6d, 0x3e, 0xb7, 0x5f, 0xbf, 0x5f, 0xbf,
0x5f, 0xbf, 0x5f, 0xbf, 0x3e, 0xb7, 0xbe, 0x65, 0x9e, 0x5d, 0x9e, 0x5d, 0x9e, 0x5d, 0x9e, 0x5d, 0x9e, 0x65, 0x9e, 0x65, 0x9e, 0x65, 0xde, 0x6d,
0x7e, 0x8e, 0x9e, 0x96, 0x1e, 0x76, 0x9e, 0x65, 0x9e, 0x65, 0x9e, 0x5d, 0x9e, 0x5d, 0x9e, 0x5d, 0x9e, 0x5d, 0x9e, 0x5d, 0x9e, 0x5d, 0x9e, 0x5d,
0x9e, 0x5d, 0x9e, 0x5d, 0x9e, 0x5d, 0x9e, 0x5d, 0x9e, 0x5d, 0x9e, 0x5d, 0x9e, 0x5d, 0x9e, 0x5d, 0x9e, 0x5d, 0x9e, 0x5d, 0x9e, 0x5d, 0x9e, 0x5d,
0x9e, 0x5d, 0x9e, 0x5d, 0x9e, 0x5d, 0x9e, 0x5d, 0x9e, 0x5d, 0x9e, 0x5d, 0x9e, 0x5d, 0x7e, 0x5d, 0x7e, 0x5d, 0x7e, 0x5d, 0x7e, 0x5d, 0x7e, 0x55,
0x7e, 0x55, 0x7e, 0x55, 0x7e, 0x55, 0x7e, 0x55, 0xfe, 0x7d, 0x3f, 0xdf, 0x3f, 0xdf, 0x3f, 0xdf, 0xbd, 0xad, 0x58, 0x2a, 0x38, 0x2a, 0xf7, 0x29,
0x2e, 0x19, 0x22, 0x00, 0x22, 0x00, 0x22, 0x00, 0x22, 0x00, 0x22, 0x00, 0x22, 0x00, 0x22, 0x00, 0x22, 0x00, 0x22, 0x00, 0x22, 0x00, 0x22, 0x00,
0x22, 0x00, 0x22, 0x00, 0x22, 0x00, 0x22, 0x00, 0x22, 0x00, 0x22, 0x00, 0x21, 0x00, 0x21, 0x00, 0x21, 0x00, 0x21, 0x00, 0x21, 0x00, 0x21, 0x00,
0x21, 0x00, 0x21, 0x00, 0x21, 0x00, 0x21, 0x00, 0x21, 0x00, 0x21, 0x00, 0x21, 0x00, 0x21, 0x00, 0x21, 0x00, 0x21, 0x00, 0x21, 0x00, 0x21, 0x00,
0x21, 0x00, 0x21, 0x00, 0x21, 0x00, 0x21, 0x00, 0x21, 0x00, 0x21, 0x00, 0x21, 0x00, 0x21, 0x00, 0x21, 0x00, 0x21, 0x00, 0x21, 0x00, 0x21, 0x00,
0x21, 0x00, 0x21, 0x00, 0x21, 0x00, 0x21, 0x00, 0x21, 0x00, 0x21, 0x00, 0x21, 0x00, 0x21, 0x00, 0x21, 0x00, 0x21, 0x00, 0x21, 0x00, 0x21, 0x00,
0x21, 0x00, 0x21, 0x00, 0x21, 0x00, 0x21, 0x00, 0x21, 0x00, 0x21, 0x00, 0x21, 0x00, 0x21, 0x00, 0x21, 0x00, 0x21, 0x00, 0x22, 0x00, 0x22, 0x00,
0x22, 0x00, 0x22, 0x00, 0x22, 0x00, 0x22, 0x00, 0x22, 0x00, 0x22, 0x00, 0x22, 0x00, 0x22, 0x00, 0x22, 0x00, 0x22, 0x00, 0x22, 0x00, 0x22, 0x00,
0x22, 0x00, 0x22, 0x00, 0x22, 0x00, 0x22, 0x00, 0x50, 0x19, 0xf7, 0x29, 0x38, 0x2a, 0x59, 0x2a, 0xbf, 0xce, 0x3f, 0xdf, 0x3f, 0xdf, 0x1f, 0xd7,
0x9e, 0x65, 0x9e, 0x55, 0x9e, 0x55, 0x9e, 0x5d, 0x9e, 0x5d, 0x9e, 0x5d, 0x9e, 0x5d, 0x9e, 0x5d, 0x9e, 0x5d, 0x9e, 0x5d, 0x9e, 0x5d, 0x9e, 0x5d,
0x9e, 0x5d, 0x9e, 0x5d, 0x9e, 0x5d, 0x9e, 0x5d, 0x9e, 0x5d, 0x9e, 0x5d, 0x9e, 0x5d, 0x9e, 0x5d, 0x9e, 0x5d, 0x9e, 0x5d, 0x9e, 0x5d, 0x9e, 0x5d,
0x9e, 0x5d, 0x9e, 0x5d, 0x9e, 0x5d, 0x9e, 0x5d, 0x9e, 0x5d, 0x9e, 0x5d, 0x9e, 0x5d, 0x9e, 0x5d, 0x9e, 0x5d, 0x9e, 0x5d, 0x9e, 0x5d, 0x9e, 0x5d,
0x9e, 0x5d, 0x9e, 0x5d, 0x9e, 0x5d, 0x9e, 0x5d, 0xfe, 0xae, 0x5f, 0xbf, 0x5f, 0xbf, 0x5f, 0xbf, 0x5f, 0xbf, 0x5f, 0xbf, 0x3e, 0x7e, 0x9e, 0x5d,
0x9e, 0x5d, 0x9e, 0x5d, 0x9e, 0x5d, 0x9e, 0x5d, 0x9e, 0x5d, 0x9e, 0x5d, 0x9e, 0x5d, 0x9e, 0x5d, 0x9e, 0x5d, 0x9e, 0x5d, 0x9e, 0x5d, 0x9e, 0x5d,
0x9e, 0x5d, 0x9e, 0x5d, 0x9e, 0x5d, 0x9e, 0x5d, 0x9e, 0x5d, 0x9e, 0x5d, 0x9e, 0x5d, 0x9e, 0x5d, 0x9e, 0x5d, 0x9e, 0x5d, 0x9e, 0x5d, 0x9e, 0x5d,
0x9e, 0x5d, 0x9e, 0x5d, 0x9e, 0x5d, 0x9e, 0x5d, 0x9e, 0x5d, 0x9e, 0x5d, 0x9e, 0x5d, 0x9e, 0x5d, 0x9e, 0x5d, 0x9e, 0x5d, 0x9e, 0x5d, 0x9e, 0x5d,
0x9e, 0x5d, 0x9e, 0x5d, 0x9e, 0x5d, 0x9e, 0x5d, 0x9e, 0x5d, 0x9e, 0x5d, 0x9e, 0x5d, 0x9e, 0x5d, 0x9e, 0x5d, 0x9e, 0x55, 0x9e, 0x55, 0x9e, 0x55,
0xdf, 0xbe, 0x3f, 0xdf, 0x3f, 0xdf, 0x3f, 0xdf, 0xf9, 0x42, 0x38, 0x2a, 0x17, 0x2a, 0xb4, 0x21, 0x43, 0x00, 0x22, 0x00, 0x22, 0x00, 0x22, 0x00,
0x22, 0x00, 0x22, 0x00, 0x22, 0x00, 0x22, 0x00, 0x22, 0x00, 0x22, 0x00, 0x22, 0x00, 0x22, 0x00, 0x22, 0x00, 0x22, 0x00, 0x22, 0x00, 0x22, 0x00,
0x22, 0x00, 0x22, 0x00, 0x21, 0x00, 0x21, 0x00, 0x21, 0x00, 0x21, 0x00, 0x21, 0x00, 0x21, 0x00, 0x21, 0x00, 0x21, 0x00, 0x21, 0x00, 0x21, 0x00,
0x21, 0x00, 0x21, 0x00, 0x21, 0x00, 0x21, 0x00, 0x21, 0x00, 0x21, 0x00, 0x21, 0x00, 0x21, 0x00, 0x21, 0x00, 0x21, 0x00, 0x21, 0x00, 0x21, 0x00,
0x21, 0x00, 0x21, 0x00, 0x21, 0x00, 0x21, 0x00, 0x21, 0x00, 0x21, 0x00, 0x21, 0x00, 0x21, 0x00, 0x21, 0x00, 0x21, 0x00, 0x21, 0x00, 0x21, 0x00,
0x21, 0x00, 0x21, 0x00, 0x21, 0x00, 0x21, 0x00, 0x21, 0x00, 0x21, 0x00, 0x21, 0x00, 0x21, 0x00, 0x21, 0x00, 0x21, 0x00, 0x21, 0x00, 0x21, 0x00,
0x21, 0x00, 0x21, 0x00, 0x21, 0x00, 0x21, 0x00, 0x21, 0x00, 0x21, 0x00, 0x21, 0x00, 0x22, 0x00, 0x22, 0x00, 0x22, 0x00, 0x22, 0x00, 0x22, 0x00,
0x22, 0x00, 0x22, 0x00, 0x22, 0x00, 0x22, 0x00, 0x22, 0x00, 0x22, 0x00, 0x22, 0x00, 0x22, 0x00, 0x22, 0x00, 0x22, 0x00, 0x22, 0x00, 0x22, 0x00,
0x65, 0x08, 0xd6, 0x21, 0x17, 0x2a, 0x38, 0x2a, 0x9a, 0x5b, 0x3f, 0xdf, 0x3f, 0xdf, 0x3f, 0xdf, 0x5e, 0x9e, 0x9e, 0x5d, 0x9e, 0x5d, 0x9e, 0x5d,
0x9e, 0x5d, 0x9e, 0x5d, 0x9e, 0x5d, 0x9e, 0x5d, 0x9e, 0x5d, 0x9e, 0x5d, 0x9e, 0x5d, 0x9e, 0x5d, 0x9e, 0x5d, 0x9e, 0x5d, 0x9e, 0x5d, 0x9e, 0x5d,
0x9e, 0x5d, 0x9e, 0x5d, 0x9e, 0x5d, 0x9e, 0x5d, 0x9e, 0x5d, 0x9e, 0x5d, 0x9e, 0x5d, 0x9e, 0x5d, 0x9e, 0x5d, 0x9e, 0x5d, 0x9e, 0x5d, 0x9e, 0x5d,
0x9e, 0x5d, 0x9e, 0x5d, 0x9e, 0x5d, 0x9e, 0x5d, 0x9e, 0x5d, 0x9e, 0x5d, 0xbe, 0x5d, 0xbe, 0x5d, 0xbe, 0x5d, 0xbe, 0x5d, 0xbe, 0x5d, 0x1e, 0x76,
0x5f, 0xbf, 0x5f, 0xbf, 0x5f, 0xbf, 0x5f, 0xbf, 0x5f, 0xbf, 0x9e, 0x96, 0x9e, 0x5d, 0x9e, 0x5d, 0x9e, 0x5d, 0x9e, 0x5d, 0x9e, 0x5d, 0x9e, 0x5d,
0x9e, 0x5d, 0xbe, 0x5d, 0xbe, 0x5d, 0xbe, 0x5d, 0xbe, 0x5d, 0xbe, 0x5d, 0xbe, 0x5d, 0xbe, 0x5d, 0xbe, 0x5d, 0xbe, 0x5d, 0x9e, 0x5d, 0x9e, 0x5d,
0x9e, 0x5d, 0x9e, 0x5d, 0x9e, 0x5d, 0x9e, 0x5d, 0x9e, 0x5d, 0x9e, 0x5d, 0x9e, 0x5d, 0x9e, 0x5d, 0x9e, 0x5d, 0x9e, 0x5d, 0x9e, 0x5d, 0x9e, 0x5d,
0x9e, 0x5d, 0x9e, 0x5d, 0x9e, 0x5d, 0x9e, 0x5d, 0x9e, 0x5d, 0x9e, 0x5d, 0x9e, 0x5d, 0x9e, 0x5d, 0x9e, 0x5d, 0x9e, 0x5d, 0x9e, 0x5d, 0x9e, 0x5d,
0x9e, 0x5d, 0x9e, 0x5d, 0x9e, 0x5d, 0x9e, 0x5d, 0x9e, 0x5d, 0x9e, 0x5d, 0x9e, 0x5d, 0xfe, 0x7d, 0x3f, 0xdf, 0x3f, 0xdf, 0x3f, 0xdf, 0xdc, 0x84,
0x58, 0x2a, 0x18, 0x2a, 0xf7, 0x29, 0xa8, 0x10, 0x22, 0x00, 0x22, 0x00, 0x22, 0x00, 0x22, 0x00, 0x22, 0x00, 0x22, 0x00, 0x22, 0x00, 0x22, 0x00,
0x22, 0x00, 0x22, 0x00, 0x22, 0x00, 0x22, 0x00, 0x22, 0x00, 0x22, 0x00, 0x22, 0x00, 0x22, 0x00, 0x22, 0x00, 0x22, 0x00, 0x21, 0x00, 0x21, 0x00,
0x21, 0x00, 0x21, 0x00, 0x21, 0x00, 0x21, 0x00, 0x21, 0x00, 0x21, 0x00, 0x21, 0x00, 0x21, 0x00, 0x21, 0x00, 0x21, 0x00, 0x21, 0x00, 0x21, 0x00,
0x21, 0x00, 0x21, 0x00, 0x21, 0x00, 0x21, 0x00, 0x21, 0x00, 0x21, 0x00, 0x21, 0x00, 0x21, 0x00, 0x21, 0x00, 0x21, 0x00, 0x21, 0x00, 0x21, 0x00,
0x21, 0x00, 0x21, 0x00, 0x21, 0x00, 0x21, 0x00, 0x21, 0x00, 0x21, 0x00, 0x21, 0x00, 0x21, 0x00, 0x21, 0x00, 0x21, 0x00, 0x21, 0x00, 0x21, 0x00,
0x21, 0x00, 0x21, 0x00, 0x21, 0x00, 0x21, 0x00, 0x21, 0x00, 0x21, 0x00, 0x21, 0x00, 0x21, 0x00, 0x21, 0x00, 0x21, 0x00, 0x21, 0x00, 0x21, 0x00,
0x21, 0x00, 0x21, 0x00, 0x21, 0x00, 0x22, 0x00, 0x22, 0x00, 0x22, 0x00, 0x22, 0x00, 0x22, 0x00, 0x22, 0x00, 0x22, 0x00, 0x22, 0x00, 0x22, 0x00,
0x22, 0x00, 0x22, 0x00, 0x22, 0x00, 0x22, 0x00, 0x22, 0x00, 0x22, 0x00, 0x22, 0x00, 0x22, 0x00, 0x22, 0x00, 0x0c, 0x11, 0xf7, 0x29, 0x38, 0x2a,
0x58, 0x2a, 0x1e, 0xb6, 0x3f, 0xdf, 0x3f, 0xdf, 0x1f, 0xd7, 0xbe, 0x65, 0x9e, 0x5d, 0x9e, 0x5d, 0x9e, 0x5d, 0x9e, 0x5d, 0x9e, 0x5d, 0x9e, 0x5d,
0x9e, 0x5d, 0x9e, 0x5d, 0x9e, 0x5d, 0x9e, 0x5d, 0x9e, 0x5d, 0x9e, 0x5d, 0x9e, 0x5d, 0x9e, 0x5d, 0x9e, 0x5d, 0x9e, 0x5d, 0x9e, 0x5d, 0x9e, 0x5d,
0x9e, 0x5d, 0x9e, 0x5d, 0x9e, 0x5d, 0x9e, 0x5d, 0x9e, 0x5d, 0x9e, 0x5d, 0x9e, 0x5d, 0x9e, 0x5d, 0x9e, 0x5d, 0xbe, 0x5d, 0xbe, 0x5d, 0xbe, 0x5d,
0xbe, 0x5d, 0xbe, 0x5d, 0xbe, 0x5d, 0xbe, 0x5d, 0xbe, 0x5d, 0xbe, 0x5d, 0xbe, 0x5d, 0x3e, 0x7e, 0x5f, 0xbf, 0x5f, 0xbf, 0x5f, 0xbf, 0x5f, 0xbf,
0x1e, 0xb7, 0xbe, 0x65, 0xbe, 0x5d, 0xbe, 0x5d, 0xbe, 0x5d, 0xbe, 0x5d, 0xbe, 0x5d, 0xbe, 0x5d, 0xbe, 0x5d, 0xbe, 0x5d, 0xbe, 0x5d, 0xbe, 0x5d,
0xbe, 0x5d, 0xbe, 0x5d, 0xbe, 0x5d, 0xbe, 0x5d, 0xbe, 0x5d, 0xbe, 0x5d, 0xbe, 0x5d, 0xbe, 0x5d, 0xbe, 0x5d, 0xbe, 0x5d, 0xbe, 0x5d, 0x9e, 0x5d,
0x9e, 0x5d, 0x9e, 0x5d, 0x9e, 0x5d, 0x9e, 0x5d, 0x9e, 0x5d, 0x9e, 0x5d, 0x9e, 0x5d, 0x9e, 0x5d, 0x9e, 0x5d, 0x9e, 0x5d, 0x9e, 0x5d, 0x9e, 0x5d,
0x9e, 0x5d, 0x9e, 0x5d, 0x9e, 0x5d, 0x9e, 0x5d, 0x9e, 0x5d, 0x9e, 0x5d, 0x9e, 0x5d, 0x9e, 0x5d, 0x9e, 0x5d, 0x9e, 0x5d, 0x9e, 0x5d, 0x9e, 0x5d,
0x9e, 0x5d, 0x9e, 0x5d, 0x9e, 0x5d, 0xdf, 0xbe, 0x3f, 0xdf, 0x3f, 0xdf, 0xff, 0xd6, 0xb9, 0x3a, 0x38, 0x2a, 0x17, 0x2a, 0x72, 0x19, 0x22, 0x00,
0x22, 0x00, 0x22, 0x00, 0x22, 0x00, 0x22, 0x00, 0x22, 0x00, 0x22, 0x00, 0x22, 0x00, 0x22, 0x00, 0x22, 0x00, 0x22, 0x00, 0x22, 0x00, 0x22, 0x00,
0x22, 0x00, 0x22, 0x00, 0x22, 0x00, 0x22, 0x00, 0x22, 0x00, 0x21, 0x00, 0x21, 0x00, 0x21, 0x00, 0x21, 0x00, 0x21, 0x00, 0x21, 0x00, 0x21, 0x00,
0x21, 0x00, 0x21, 0x00, 0x21, 0x00, 0x21, 0x00, 0x21, 0x00, 0x21, 0x00, 0x21, 0x00, 0x21, 0x00, 0x21, 0x00, 0x21, 0x00, 0x21, 0x00, 0x21, 0x00,
0x21, 0x00, 0x21, 0x00, 0x21, 0x00, 0x21, 0x00, 0x21, 0x00, 0x21, 0x00, 0x21, 0x00, 0x21, 0x00, 0x21, 0x00, 0x21, 0x00, 0x21, 0x00, 0x21, 0x00,
0x21, 0x00, 0x21, 0x00, 0x21, 0x00, 0x21, 0x00, 0x21, 0x00, 0x21, 0x00, 0x21, 0x00, 0x21, 0x00, 0x21, 0x00, 0x21, 0x00, 0x21, 0x00, 0x21, 0x00,
0x21, 0x00, 0x21, 0x00, 0x21, 0x00, 0x21, 0x00, 0x21, 0x00, 0x21, 0x00, 0x21, 0x00, 0x21, 0x00, 0x21, 0x00, 0x21, 0x00, 0x21, 0x00, 0x21, 0x00,
0x22, 0x00, 0x22, 0x00, 0x22, 0x00, 0x22, 0x00, 0x22, 0x00, 0x22, 0x00, 0x22, 0x00, 0x22, 0x00, 0x22, 0x00, 0x22, 0x00, 0x22, 0x00, 0x22, 0x00,
0x22, 0x00, 0x22, 0x00, 0x22, 0x00, 0x22, 0x00, 0x22, 0x00, 0x43, 0x00, 0xd5, 0x21, 0x17, 0x2a, 0x38, 0x2a, 0x9a, 0x5b, 0x3f, 0xdf, 0x3f, 0xdf,
0x3f, 0xdf, 0x5e, 0x96, 0x9e, 0x5d, 0x9e, 0x5d, 0x9e, 0x5d, 0x9e, 0x5d, 0x9e, 0x5d, 0x9e, 0x5d, 0x9e, 0x5d, 0x9e, 0x5d, 0x9e, 0x5d, 0x9e, 0x5d,
0x9e, 0x5d, 0x9e, 0x5d, 0x9e, 0x5d, 0x9e, 0x5d, 0x9e, 0x5d, 0x9e, 0x5d, 0x9e, 0x5d, 0x9e, 0x5d, 0x9e, 0x5d, 0x9e, 0x5d, 0x9e, 0x5d, 0x9e, 0x5d,
0x9e, 0x5d, 0xbe, 0x5d, 0xbe, 0x5d, 0xbe, 0x5d, 0xbe, 0x5d, 0xbe, 0x5d, 0xbe, 0x5d, 0xbe, 0x5d, 0xbe, 0x5d, 0xbe, 0x5d, 0xbe, 0x5d, 0xbe, 0x5d,
0xbe, 0x5d, 0xbe, 0x5d, 0xbe, 0x5d, 0xde, 0x65, 0x3e, 0xb7, 0x5f, 0xbf, 0x5f, 0xbf, 0x5f, 0xbf, 0x1e, 0x76, 0xbe, 0x5d, 0xbe, 0x5d, 0xbe, 0x5d,
0xbe, 0x5d, 0xbe, 0x5d, 0xbe, 0x5d, 0xbe, 0x5d, 0xbe, 0x5d, 0xbe, 0x5d, 0xbe, 0x5d, 0xbe, 0x5d, 0xbe, 0x5d, 0xbe, 0x5d, 0xbe, 0x5d, 0xbe, 0x5d,
0xbe, 0x5d, 0xbe, 0x5d, 0xbe, 0x5d, 0xbe, 0x5d, 0xbe, 0x5d, 0xbe, 0x5d, 0xbe, 0x5d, 0xbe, 0x5d, 0xbe, 0x5d, 0xbe, 0x5d, 0xbe, 0x5d, 0x9e, 0x5d,
0x9e, 0x5d, 0x9e, 0x5d, 0x9e, 0x5d, 0x9e, 0x5d, 0x9e, 0x5d, 0x9e, 0x5d, 0x9e, 0x5d, 0x9e, 0x5d, 0x9e, 0x5d, 0x9e, 0x5d, 0x9e, 0x5d, 0x9e, 0x5d,
0x9e, 0x5d, 0x9e, 0x5d, 0x9e, 0x5d, 0x9e, 0x5d, 0x9e, 0x5d, 0x9e, 0x5d, 0x9e, 0x5d, 0x9e, 0x5d, 0x9e, 0x5d, 0x9e, 0x5d, 0xde, 0x75, 0x3f, 0xdf,
0x3f, 0xdf, 0x3f, 0xdf, 0xdc, 0x84, 0x58, 0x2a, 0x18, 0x2a, 0xf7, 0x29, 0xa7, 0x08, 0x22, 0x00, 0x22, 0x00, 0x22, 0x00, 0x22, 0x00, 0x22, 0x00,
0x22, 0x00, 0x22, 0x00, 0x22, 0x00, 0x22, 0x00, 0x22, 0x00, 0x22, 0x00, 0x22, 0x00, 0x22, 0x00, 0x22, 0x00, 0x22, 0x00, 0x22, 0x00, 0x22, 0x00,
0x22, 0x00, 0x21, 0x00, 0x21, 0x00, 0x21, 0x00, 0x21, 0x00, 0x21, 0x00, 0x21, 0x00, 0x21, 0x00, 0x21, 0x00, 0x21, 0x00, 0x21, 0x00, 0x21, 0x00,
0x21, 0x00, 0x21, 0x00, 0x21, 0x00, 0x21, 0x00, 0x21, 0x00, 0x21, 0x00, 0x21, 0x00, 0x21, 0x00, 0x21, 0x00, 0x21, 0x00, 0x21, 0x00, 0x21, 0x00,
0x21, 0x00, 0x21, 0x00, 0x21, 0x00, 0x21, 0x00, 0x21, 0x00, 0x21, 0x00, 0x21, 0x00, 0x21, 0x00, 0x21, 0x00, 0x21, 0x00, 0x21, 0x00, 0x21, 0x00,
0x21, 0x00, 0x21, 0x00, 0x21, 0x00, 0x21, 0x00, 0x21, 0x00, 0x21, 0x00, 0x21, 0x00, 0x21, 0x00, 0x21, 0x00, 0x21, 0x00, 0x21, 0x00, 0x21, 0x00,
0x21, 0x00, 0x21, 0x00, 0x21, 0x00, 0x21, 0x00, 0x21, 0x00, 0x21, 0x00, 0x21, 0x00, 0x21, 0x00, 0x22, 0x00, 0x22, 0x00, 0x22, 0x00, 0x22, 0x00,
0x22, 0x00, 0x22, 0x00, 0x22, 0x00, 0x22, 0x00, 0x22, 0x00, 0x22, 0x00, 0x22, 0x00, 0x22, 0x00, 0x22, 0x00, 0x22, 0x00, 0x22, 0x00, 0x22, 0x00,
0x22, 0x00, 0x22, 0x00, 0xeb, 0x10, 0xf7, 0x29, 0x38, 0x2a, 0x58, 0x2a, 0x1e, 0xb6, 0x3f, 0xdf, 0x3f, 0xdf, 0x1f, 0xcf, 0x9e, 0x5d, 0x9e, 0x5d,
0x9e, 0x5d, 0x9e, 0x5d, 0x9e, 0x5d, 0x9e, 0x5d, 0x9e, 0x5d, 0x9e, 0x5d, 0x9e, 0x5d, 0x9e, 0x5d, 0x9e, 0x5d, 0x9e, 0x5d, 0x9e, 0x5d, 0x9e, 0x5d,
0x9e, 0x5d, 0x9e, 0x5d, 0x9e, 0x5d, 0x9e, 0x5d, 0x9e, 0x5d, 0xbe, 0x5d, 0xbe, 0x5d, 0xbe, 0x5d, 0xbe, 0x5d, 0xbe, 0x5d, 0xbe, 0x5d, 0xbe, 0x5d,
0xbe, 0x5d, 0xbe, 0x5d, 0xbe, 0x5d, 0xbe, 0x5d, 0xbe, 0x5d, 0xbe, 0x5d, 0xbe, 0x5d, 0xbe, 0x5d, 0xbe, 0x5d, 0xbe, 0x5d, 0xbe, 0x5d, 0xbe, 0x5d,
0xde, 0x6d, 0x7e, 0x8e, 0x9e, 0x96, 0x1e, 0x76, 0xbe, 0x5d, 0xbe, 0x5d, 0xbe, 0x5d, 0xbe, 0x5d, 0xbe, 0x5d, 0xbe, 0x5d, 0xbe, 0x5d, 0xbe, 0x5d,
0xbe, 0x5d, 0xbe, 0x5d, 0xbe, 0x5d, 0xbe, 0x5d, 0xbe, 0x5d, 0xbe, 0x5d, 0xbe, 0x5d, 0xbe, 0x5d, 0xbe, 0x5d, 0xbe, 0x5d, 0xbe, 0x5d, 0xbe, 0x5d,
0xbe, 0x5d, 0xbe, 0x5d, 0xbe, 0x5d, 0xbe, 0x5d, 0xbe, 0x5d, 0xbe, 0x5d, 0xbe, 0x5d, 0xbe, 0x5d, 0xbe, 0x5d, 0xbe, 0x5d, 0xbe, 0x5d, 0x9e, 0x5d,
0x9e, 0x5d, 0x9e, 0x5d, 0x9e, 0x5d, 0x9e, 0x5d, 0x9e, 0x5d, 0x9e, 0x5d, 0x9e, 0x5d, 0x9e, 0x5d, 0x9e, 0x5d, 0x9e, 0x5d, 0x9e, 0x5d, 0x9e, 0x5d,
0x9e, 0x5d, 0x9e, 0x5d, 0x9e, 0x5d, 0x9e, 0x5d, 0x9e, 0x5d, 0x9e, 0x5d, 0x9f, 0xae, 0x3f, 0xdf, 0x3f, 0xdf, 0xff, 0xd6, 0xb9, 0x3a, 0x38, 0x2a,
0xf7, 0x29, 0x50, 0x19, 0x22, 0x00, 0x22, 0x00, 0x22, 0x00, 0x22, 0x00, 0x22, 0x00, 0x22, 0x00, 0x22, 0x00, 0x22, 0x00, 0x22, 0x00, 0x22, 0x00,
0x22, 0x00, 0x22, 0x00, 0x22, 0x00, 0x22, 0x00, 0x22, 0x00, 0x22, 0x00, 0x22, 0x00, 0x22, 0x00, 0x21, 0x00, 0x21, 0x00, 0x21, 0x00, 0x21, 0x00,
0x21, 0x00, 0x21, 0x00, 0x21, 0x00, 0x21, 0x00, 0x21, 0x00, 0x21, 0x00, 0x21, 0x00, 0x21, 0x00, 0x21, 0x00, 0x21, 0x00, 0x21, 0x00, 0x21, 0x00,
0x21, 0x00, 0x21, 0x00, 0x21, 0x00, 0x21, 0x00, 0x21, 0x00, 0x21, 0x00, 0x21, 0x00, 0x21, 0x00, 0x21, 0x00, 0x21, 0x00, 0x21, 0x00, 0x21, 0x00,
0x21, 0x00, 0x21, 0x00, 0x21, 0x00, 0x21, 0x00, 0x21, 0x00, 0x21, 0x00, 0x21, 0x00, 0x21, 0x00, 0x21, 0x00, 0x21, 0x00, 0x21, 0x00, 0x21, 0x00,
0x21, 0x00, 0x21, 0x00, 0x21, 0x00, 0x21, 0x00, 0x21, 0x00, 0x21, 0x00, 0x21, 0x00, 0x21, 0x00, 0x21, 0x00, 0x21, 0x00, 0x21, 0x00, 0x21, 0x00,
0x21, 0x00, 0x21, 0x00, 0x21, 0x00, 0x21, 0x00, 0x21, 0x00, 0x22, 0x00, 0x22, 0x00, 0x22, 0x00, 0x22, 0x00, 0x22, 0x00, 0x22, 0x00, 0x22, 0x00,
0x22, 0x00, 0x22, 0x00, 0x22, 0x00, 0x22, 0x00, 0x22, 0x00, 0x22, 0x00, 0x22, 0x00, 0x22, 0x00, 0x22, 0x00, 0x22, 0x00, 0x22, 0x00, 0xb4, 0x21,
0x17, 0x2a, 0x38, 0x2a, 0xfb, 0x63, 0x3f, 0xdf, 0x3f, 0xdf, 0x3f, 0xdf, 0x3e, 0x8e, 0x9e, 0x5d, 0x9e, 0x5d, 0x9e, 0x5d, 0x9e, 0x5d, 0x9e, 0x5d,
0x9e, 0x5d, 0x9e, 0x5d, 0x9e, 0x5d, 0x9e, 0x5d, 0x9e, 0x5d, 0x9e, 0x5d, 0x9e, 0x5d, 0x9e, 0x5d, 0xbe, 0x5d, 0xbe, 0x5d, 0xbe, 0x5d, 0xbe, 0x5d,
0xbe, 0x5d, 0xbe, 0x5d, 0xbe, 0x5d, 0xbe, 0x5d, 0xbe, 0x5d, 0xbe, 0x5d, 0xbe, 0x5d, 0xbe, 0x5d, 0xbe, 0x5d, 0xbe, 0x5d, 0xbe, 0x5d, 0xbe, 0x5d,
0xbe, 0x5d, 0xbe, 0x5d, 0xbe, 0x5d, 0xbe, 0x5d, 0xbe, 0x5d, 0xbe, 0x5d, 0xbe, 0x5d, 0xbe, 0x5d, 0xbe, 0x5d, 0xbe, 0x5d, 0xbe, 0x5d, 0xbe, 0x5d,
0xbe, 0x5d, 0xbe, 0x5d, 0xbe, 0x5d, 0xbe, 0x5d, 0xbe, 0x5d, 0xbe, 0x5d, 0xbe, 0x5d, 0xbe, 0x5d, 0xbe, 0x5d, 0xbe, 0x5d, 0xbe, 0x5d, 0xbe, 0x5d,
0xbe, 0x5d, 0xbe, 0x5d, 0xbe, 0x5d, 0xbe, 0x5d, 0xbe, 0x5d, 0xbe, 0x5d, 0xbe, 0x5d, 0xbe, 0x5d, 0xbe, 0x5d, 0xbe, 0x5d, 0xbe, 0x5d, 0xbe, 0x5d,
0xbe, 0x5d, 0xbe, 0x5d, 0xbe, 0x5d, 0xbe, 0x5d, 0xbe, 0x5d, 0xbe, 0x5d, 0xbe, 0x5d, 0xbe, 0x5d, 0xbe, 0x5d, 0xbe, 0x5d, 0xbe, 0x5d, 0xbe, 0x5d,
0x9e, 0x5d, 0x9e, 0x5d, 0x9e, 0x5d, 0x9e, 0x5d, 0x9e, 0x5d, 0x9e, 0x5d, 0x9e, 0x5d, 0x9e, 0x5d, 0x9e, 0x5d, 0x9e, 0x5d, 0x9e, 0x5d, 0x9e, 0x5d,
0x9e, 0x5d, 0xde, 0x6d, 0x3f, 0xdf, 0x3f, 0xdf, 0x3f, 0xdf, 0x1c, 0x95, 0x58, 0x2a, 0x18, 0x2a, 0xf7, 0x29, 0x65, 0x08, 0x22, 0x00, 0x22, 0x00,
0x22, 0x00, 0x22, 0x00, 0x22, 0x00, 0x22, 0x00, 0x22, 0x00, 0x22, 0x00, 0x22, 0x00, 0x22, 0x00, 0x22, 0x00, 0x22, 0x00, 0x22, 0x00, 0x22, 0x00,
0x22, 0x00, 0x22, 0x00, 0x22, 0x00, 0x22, 0x00, 0x21, 0x00, 0x21, 0x00, 0x21, 0x00, 0x21, 0x00, 0x21, 0x00, 0x21, 0x00, 0x21, 0x00, 0x21, 0x00,
0x21, 0x00, 0x21, 0x00, 0x21, 0x00, 0x21, 0x00, 0x21, 0x00, 0x21, 0x00, 0x21, 0x00, 0x21, 0x00, 0x21, 0x00, 0x21, 0x00, 0x21, 0x00, 0x21, 0x00,
0x21, 0x00, 0x21, 0x00, 0x21, 0x00, 0x21, 0x00, 0x21, 0x00, 0x21, 0x00, 0x21, 0x00, 0x21, 0x00, 0x21, 0x00, 0x21, 0x00, 0x21, 0x00, 0x21, 0x00,
0x21, 0x00, 0x21, 0x00, 0x21, 0x00, 0x21, 0x00, 0x21, 0x00, 0x21, 0x00, 0x21, 0x00, 0x21, 0x00, 0x21, 0x00, 0x21, 0x00, 0x21, 0x00, 0x21, 0x00,
0x21, 0x00, 0x21, 0x00, 0x21, 0x00, 0x21, 0x00, 0x21, 0x00, 0x21, 0x00, 0x21, 0x00, 0x21, 0x00, 0x21, 0x00, 0x21, 0x00, 0x21, 0x00, 0x21, 0x00,
0x21, 0x00, 0x22, 0x00, 0x22, 0x00, 0x22, 0x00, 0x22, 0x00, 0x22, 0x00, 0x22, 0x00, 0x22, 0x00, 0x22, 0x00, 0x22, 0x00, 0x22, 0x00, 0x22, 0x00,
0x22, 0x00, 0x22, 0x00, 0x22, 0x00, 0x22, 0x00, 0x22, 0x00, 0x22, 0x00, 0x22, 0x00, 0xca, 0x10, 0xf7, 0x29, 0x38, 0x2a, 0x58, 0x2a, 0xbf, 0xce,
0x3f, 0xdf, 0x3f, 0xdf, 0xdf, 0xbe, 0x9e, 0x5d, 0x9e, 0x5d, 0x9e, 0x5d, 0x9e, 0x5d, 0x9e, 0x5d, 0x9e, 0x5d, 0xbe, 0x5d, 0xbe, 0x5d, 0xbe, 0x5d,
0xbe, 0x5d, 0xbe, 0x5d, 0xbe, 0x5d, 0xbe, 0x5d, 0xbe, 0x5d, 0xbe, 0x5d, 0xbe, 0x5d, 0xbe, 0x5d, 0xbe, 0x5d, 0xbe, 0x5d, 0xbe, 0x5d, 0xbe, 0x5d,
0xbe, 0x5d, 0xbe, 0x5d, 0xbe, 0x5d, 0xbe, 0x5d, 0xbe, 0x5d, 0xbe, 0x5d, 0xbe, 0x5d, 0xbe, 0x5d, 0xbe, 0x5d, 0xbe, 0x5d, 0xbe, 0x5d, 0xbe, 0x5d,
0xbe, 0x5d, 0xbe, 0x5d, 0xbe, 0x5d, 0xbe, 0x5d, 0xbe, 0x5d, 0xbe, 0x5d, 0xbe, 0x5d, 0xbe, 0x5d, 0xbe, 0x5d, 0xbe, 0x5d, 0xbe, 0x5d, 0xbe, 0x5d,
0xbe, 0x5d, 0xbe, 0x5d, 0xbe, 0x5d, 0xbe, 0x5d, 0xbe, 0x5d, 0xbe, 0x5d, 0xbe, 0x5d, 0xbe, 0x5d, 0xbe, 0x5d, 0xbe, 0x5d, 0xbe, 0x5d, 0xbe, 0x5d,
0xbe, 0x5d, 0xbe, 0x5d, 0xbe, 0x5d, 0xbe, 0x5d, 0xbe, 0x5d, 0xbe, 0x5d, 0xbe, 0x5d, 0xbe, 0x5d, 0xbe, 0x5d, 0xbe, 0x5d, 0xbe, 0x5d, 0xbe, 0x5d,
0xbe, 0x5d, 0xbe, 0x5d, 0xbe, 0x5d, 0xbe, 0x5d, 0xbe, 0x5d, 0xbe, 0x5d, 0xbe, 0x5d, 0xbe, 0x5d, 0xbe, 0x5d, 0xbe, 0x5d, 0xbe, 0x5d, 0xbe, 0x5d,
0xbe, 0x5d, 0xbe, 0x5d, 0xbe, 0x5d, 0x9e, 0x5d, 0x9e, 0x5d, 0x9e, 0x5d, 0x9e, 0x5d, 0x9e, 0x5d, 0x9e, 0x5d, 0x7e, 0x9e, 0x3f, 0xdf, 0x3f, 0xdf,
0x3f, 0xdf, 0xf9, 0x42, 0x38, 0x2a, 0x17, 0x2a, 0x2f, 0x19, 0x22, 0x00, 0x22, 0x00, 0x22, 0x00, 0x22, 0x00, 0x22, 0x00, 0x22, 0x00, 0x22, 0x00,
0x22, 0x00, 0x22, 0x00, 0x22, 0x00, 0x22, 0x00, 0x22, 0x00, 0x22, 0x00, 0x22, 0x00, 0x22, 0x00, 0x22, 0x00, 0x22, 0x00, 0x22, 0x00, 0x21, 0x00,
0x21, 0x00, 0x21, 0x00, 0x21, 0x00, 0x21, 0x00, 0x21, 0x00, 0x21, 0x00, 0x21, 0x00, 0x21, 0x00, 0x21, 0x00, 0x21, 0x00, 0x21, 0x00, 0x21, 0x00,
0x21, 0x00, 0x21, 0x00, 0x21, 0x00, 0x21, 0x00, 0x21, 0x00, 0x21, 0x00, 0x21, 0x00, 0x21, 0x00, 0x21, 0x00, 0x21, 0x00, 0x21, 0x00, 0x21, 0x00,
0x21, 0x00, 0x21, 0x00, 0x21, 0x00, 0x21, 0x00, 0x21, 0x00, 0x21, 0x00, 0x21, 0x00, 0x21, 0x00, 0x21, 0x00, 0x21, 0x00, 0x21, 0x00, 0x21, 0x00,
0x21, 0x00, 0x21, 0x00, 0x21, 0x00, 0x21, 0x00, 0x21, 0x00, 0x21, 0x00, 0x21, 0x00, 0x21, 0x00, 0x21, 0x00, 0x21, 0x00, 0x21, 0x00, 0x21, 0x00,
0x21, 0x00, 0x21, 0x00, 0x21, 0x00, 0x21, 0x00, 0x21, 0x00, 0x21, 0x00, 0x21, 0x00, 0x21, 0x00, 0x21, 0x00, 0x21, 0x00, 0x22, 0x00, 0x22, 0x00,
0x22, 0x00, 0x22, 0x00, 0x22, 0x00, 0x22, 0x00, 0x22, 0x00, 0x22, 0x00, 0x22, 0x00, 0x22, 0x00, 0x22, 0x00, 0x22, 0x00, 0x22, 0x00, 0x22, 0x00,
0x22, 0x00, 0x22, 0x00, 0x22, 0x00, 0x43, 0x00, 0xd5, 0x21, 0x17, 0x2a, 0x38, 0x2a, 0x3b, 0x74, 0x3f, 0xdf, 0x3f, 0xdf, 0x3f, 0xdf, 0xde, 0x6d,
0xbe, 0x5d, 0xbe, 0x5d, 0xbe, 0x5d, 0xbe, 0x5d, 0xbe, 0x5d, 0xbe, 0x5d, 0xbe, 0x5d, 0xbe, 0x5d, 0xbe, 0x5d, 0xbe, 0x5d, 0xbe, 0x5d, 0xbe, 0x5d,
0xbe, 0x5d, 0xbe, 0x5d, 0xbe, 0x5d, 0xbe, 0x5d, 0xbe, 0x5d, 0xbe, 0x5d, 0xbe, 0x5d, 0xbe, 0x5d, 0xbe, 0x5d, 0xbe, 0x5d, 0xbe, 0x5d, 0xbe, 0x5d,
0xbe, 0x5d, 0xbe, 0x5d, 0xbe, 0x5d, 0xbe, 0x5d, 0xbe, 0x5d, 0xbe, 0x5d, 0xbe, 0x5d, 0xbe, 0x5d, 0xbe, 0x5d, 0xbe, 0x5d, 0xbe, 0x5d, 0xbe, 0x5d,
0xbe, 0x5d, 0xbe, 0x5d, 0xbe, 0x5d, 0xbe, 0x5d, 0xbe, 0x5d, 0xbe, 0x5d, 0xbe, 0x5d, 0xbe, 0x5d, 0xbe, 0x5d, 0xbe, 0x5d, 0xbe, 0x5d, 0xbe, 0x5d,
0xbe, 0x5d, 0xbe, 0x5d, 0xbe, 0x5d, 0xbe, 0x5d, 0xbe, 0x5d, 0xbe, 0x5d, 0xbe, 0x5d, 0xbe, 0x5d, 0xbe, 0x5d, 0xbe, 0x5d, 0xbe, 0x5d, 0xbe, 0x5d,
0xbe, 0x5d, 0xbe, 0x5d, 0xbe, 0x5d, 0xbe, 0x5d, 0xbe, 0x5d, 0xbe, 0x5d, 0xbe, 0x5d, 0xbe, 0x5d, 0xbe, 0x5d, 0xbe, 0x5d, 0xbe, 0x5d, 0xbe, 0x5d,
0xbe, 0x5d, 0xbe, 0x5d, 0xbe, 0x5d, 0xbe, 0x5d, 0xbe, 0x5d, 0xbe, 0x5d, 0xbe, 0x5d, 0xbe, 0x5d, 0xbe, 0x5d, 0xbe, 0x5d, 0xbe, 0x5d, 0xbe, 0x5d,
0xbe, 0x5d, 0xbe, 0x5d, 0xbe, 0x5d, 0xbe, 0x5d, 0xbe, 0x5d, 0x1f, 0xcf, 0x3f, 0xdf, 0x3f, 0xdf, 0x7d, 0x9d, 0x58, 0x2a, 0x18, 0x2a, 0xf7, 0x29,
0xa7, 0x08, 0x22, 0x00, 0x22, 0x00, 0x22, 0x00, 0x22, 0x00, 0x22, 0x00, 0x22, 0x00, 0x22, 0x00, 0x22, 0x00, 0x22, 0x00, 0x22, 0x00, 0x22, 0x00,
0x22, 0x00, 0x22, 0x00, 0x22, 0x00, 0x22, 0x00, 0x22, 0x00, 0x22, 0x00, 0x22, 0x00, 0x21, 0x00, 0x21, 0x00, 0x21, 0x00, 0x21, 0x00, 0x21, 0x00,
0x21, 0x00, 0x21, 0x00, 0x21, 0x00, 0x21, 0x00, 0x21, 0x00, 0x21, 0x00, 0x21, 0x00, 0x21, 0x00, 0x21, 0x00, 0x21, 0x00, 0x21, 0x00, 0x21, 0x00,
0x21, 0x00, 0x21, 0x00, 0x21, 0x00, 0x21, 0x00, 0x21, 0x00, 0x21, 0x00, 0x21, 0x00, 0x21, 0x00, 0x21, 0x00, 0x21, 0x00, 0x21, 0x00, 0x21, 0x00,
0x21, 0x00, 0x21, 0x00, 0x21, 0x00, 0x21, 0x00, 0x21, 0x00, 0x21, 0x00, 0x21, 0x00, 0x21, 0x00, 0x21, 0x00, 0x21, 0x00, 0x21, 0x00, 0x21, 0x00,
0x21, 0x00, 0x21, 0x00, 0x21, 0x00, 0x21, 0x00, 0x21, 0x00, 0x21, 0x00, 0x21, 0x00, 0x21, 0x00, 0x21, 0x00, 0x21, 0x00, 0x21, 0x00, 0x21, 0x00,
0x21, 0x00, 0x21, 0x00, 0x21, 0x00, 0x21, 0x00, 0x21, 0x00, 0x21, 0x00, 0x22, 0x00, 0x22, 0x00, 0x22, 0x00, 0x22, 0x00, 0x22, 0x00, 0x22, 0x00,
0x22, 0x00, 0x22, 0x00, 0x22, 0x00, 0x22, 0x00, 0x22, 0x00, 0x22, 0x00, 0x22, 0x00, 0x22, 0x00, 0x22, 0x00, 0x22, 0x00, 0x22, 0x00, 0x22, 0x00,
0x0c, 0x11, 0xf7, 0x29, 0x38, 0x2a, 0xb9, 0x3a, 0xff, 0xd6, 0x3f, 0xdf, 0x3f, 0xdf, 0xbf, 0xae, 0xbe, 0x5d, 0xbe, 0x5d, 0xbe, 0x5d, 0xbe, 0x5d,
0xbe, 0x5d, 0xbe, 0x5d, 0xbe, 0x5d, 0xbe, 0x5d, 0xbe, 0x5d, 0xbe, 0x5d, 0xbe, 0x5d, 0xbe, 0x5d, 0xbe, 0x5d, 0xbe, 0x5d, 0xbe, 0x5d, 0xbe, 0x5d,
0xbe, 0x5d, 0xbe, 0x5d, 0xbe, 0x5d, 0xbe, 0x5d, 0xbe, 0x5d, 0xbe, 0x5d, 0xbe, 0x5d, 0xbe, 0x5d, 0xbe, 0x5d, 0xbe, 0x5d, 0xbe, 0x5d, 0xbe, 0x5d,
0xbe, 0x5d, 0xbe, 0x5d, 0xbe, 0x5d, 0xbe, 0x5d, 0xbe, 0x5d, 0xbe, 0x5d, 0xbe, 0x5d, 0xbe, 0x5d, 0xbe, 0x5d, 0xbe, 0x5d, 0xbe, 0x5d, 0xbe, 0x5d,
0xbe, 0x5d, 0xbe, 0x5d, 0xbe, 0x5d, 0xbe, 0x5d, 0xbe, 0x5d, 0xbe, 0x5d, 0xbe, 0x5d, 0xbe, 0x5d, 0xbe, 0x5d, 0xbe, 0x5d, 0xbe, 0x5d, 0xbe, 0x5d,
0xbe, 0x5d, 0xbe, 0x5d, 0xbe, 0x5d, 0xbe, 0x5d, 0xbe, 0x5d, 0xbe, 0x5d, 0xbe, 0x5d, 0xbe, 0x5d, 0xbe, 0x5d, 0xbe, 0x5d, 0xbe, 0x5d, 0xbe, 0x5d,
0xbe, 0x5d, 0xbe, 0x5d, 0xbe, 0x5d, 0xbe, 0x5d, 0xbe, 0x5d, 0xbe, 0x5d, 0xbe, 0x5d, 0xbe, 0x5d, 0xbe, 0x5d, 0xbe, 0x5d, 0xbe, 0x5d, 0xbe, 0x5d,
0xbe, 0x5d, 0xbe, 0x5d, 0xbe, 0x5d, 0xbe, 0x5d, 0xbe, 0x5d, 0xbe, 0x5d, 0xbe, 0x5d, 0xbe, 0x5d, 0xbe, 0x5d, 0xbe, 0x5d, 0xbe, 0x5d, 0xbe, 0x5d,
0x3e, 0x8e, 0x3f, 0xdf, 0x3f, 0xdf, 0x3f, 0xdf, 0x9a, 0x5b, 0x38, 0x2a, 0x17, 0x2a, 0x71, 0x19, 0x22, 0x00, 0x22, 0x00, 0x22, 0x00, 0x22, 0x00,
0x22, 0x00, 0x22, 0x00, 0x22, 0x00, 0x22, 0x00, 0x22, 0x00, 0x22, 0x00, 0x22, 0x00, 0x22, 0x00, 0x22, 0x00, 0x22, 0x00, 0x22, 0x00, 0x22, 0x00,
0x22, 0x00, 0x22, 0x00, 0x21, 0x00, 0x21, 0x00, 0x21, 0x00, 0x21, 0x00, 0x21, 0x00, 0x21, 0x00, 0x21, 0x00, 0x21, 0x00, 0x21, 0x00, 0x21, 0x00,
0x21, 0x00, 0x21, 0x00, 0x21, 0x00, 0x21, 0x00, 0x21, 0x00, 0x21, 0x00, 0x21, 0x00, 0x21, 0x00, 0x21, 0x00, 0x21, 0x00, 0x21, 0x00, 0x21, 0x00,
0x21, 0x00, 0x21, 0x00, 0x21, 0x00, 0x21, 0x00, 0x21, 0x00, 0x21, 0x00, 0x21, 0x00, 0x21, 0x00, 0x21, 0x00, 0x21, 0x00, 0x21, 0x00, 0x21, 0x00,
0x21, 0x00, 0x21, 0x00, 0x21, 0x00, 0x21, 0x00, 0x21, 0x00, 0x21, 0x00, 0x21, 0x00, 0x21, 0x00, 0x21, 0x00, 0x21, 0x00, 0x21, 0x00, 0x21, 0x00,
0x21, 0x00, 0x21, 0x00, 0x21, 0x00, 0x21, 0x00, 0x21, 0x00, 0x21, 0x00, 0x21, 0x00, 0x21, 0x00, 0x21, 0x00, 0x21, 0x00, 0x21, 0x00, 0x21, 0x00,
0x21, 0x00, 0x21, 0x00, 0x21, 0x00, 0x22, 0x00, 0x22, 0x00, 0x22, 0x00, 0x22, 0x00, 0x22, 0x00, 0x22, 0x00, 0x22, 0x00, 0x22, 0x00, 0x22, 0x00,
0x22, 0x00, 0x22, 0x00, 0x22, 0x00, 0x22, 0x00, 0x22, 0x00, 0x22, 0x00, 0x22, 0x00, 0x22, 0x00, 0x43, 0x00, 0xd5, 0x21, 0x18, 0x2a, 0x58, 0x2a,
0xdc, 0x84, 0x3f, 0xdf, 0x3f, 0xdf, 0x3f, 0xd7, 0xde, 0x65, 0xbe, 0x5d, 0xbe, 0x5d, 0xbe, 0x5d, 0xbe, 0x5d, 0xbe, 0x5d, 0xbe, 0x5d, 0xbe, 0x5d,
0xbe, 0x5d, 0xbe, 0x5d, 0xbe, 0x5d, 0xbe, 0x5d, 0xbe, 0x5d, 0xbe, 0x5d, 0xbe, 0x5d, 0xbe, 0x5d, 0xbe, 0x5d, 0xbe, 0x5d, 0xbe, 0x5d, 0xbe, 0x5d,
0xbe, 0x5d, 0xbe, 0x5d, 0xbe, 0x5d, 0xbe, 0x5d, 0xbe, 0x5d, 0xbe, 0x5d, 0xbe, 0x5d, 0xbe, 0x5d, 0xbe, 0x5d, 0xbe, 0x5d, 0xbe, 0x5d, 0xbe, 0x5d,
0xbe, 0x5d, 0xbe, 0x5d, 0xbe, 0x5d, 0xbe, 0x5d, 0xbe, 0x5d, 0xbe, 0x5d, 0xbe, 0x5d, 0xbe, 0x5d, 0xbe, 0x5d, 0xbe, 0x5d, 0xbe, 0x5d, 0xbe, 0x5d,
0xbe, 0x5d, 0xbe, 0x5d, 0xbe, 0x5d, 0xbe, 0x5d, 0xbe, 0x5d, 0xbe, 0x5d, 0xbe, 0x5d, 0xbe, 0x5d, 0xbe, 0x5d, 0xbe, 0x5d, 0xbe, 0x5d, 0xbe, 0x5d,
0xbe, 0x5d, 0xbe, 0x5d, 0xbe, 0x5d, 0xbe, 0x5d, 0xbe, 0x5d, 0xbe, 0x5d, 0xbe, 0x5d, 0xbe, 0x5d, 0xbe, 0x5d, 0xbe, 0x5d, 0xbe, 0x5d, 0xbe, 0x5d,
0xbe, 0x5d, 0xbe, 0x5d, 0xbe, 0x5d, 0xbe, 0x5d, 0xbe, 0x5d, 0xbe, 0x5d, 0xbe, 0x5d, 0xbe, 0x5d, 0xbe, 0x5d, 0xbe, 0x5d, 0xbe, 0x5d, 0xbe, 0x5d,
0xbe, 0x5d, 0xbe, 0x5d, 0xbe, 0x5d, 0xbe, 0x5d, 0xbe, 0x5d, 0xbe, 0x5d, 0xbe, 0x5d, 0xbe, 0x5d, 0xdf, 0xbe, 0x3f, 0xdf, 0x3f, 0xdf, 0x1e, 0xb6,
0x58, 0x2a, 0x18, 0x2a, 0xf7, 0x29, 0xa7, 0x08, 0x22, 0x00, 0x22, 0x00, 0x22, 0x00, 0x22, 0x00, 0x22, 0x00, 0x22, 0x00, 0x22, 0x00, 0x22, 0x00,
0x22, 0x00, 0x22, 0x00, 0x22, 0x00, 0x22, 0x00, 0x22, 0x00, 0x22, 0x00, 0x22, 0x00, 0x22, 0x00, 0x22, 0x00, 0x22, 0x00, 0x21, 0x00, 0x21, 0x00,
0x21, 0x00, 0x21, 0x00, 0x21, 0x00, 0x21, 0x00, 0x21, 0x00, 0x21, 0x00, 0x21, 0x00, 0x21, 0x00, 0x21, 0x00, 0x21, 0x00, 0x21, 0x00, 0x21, 0x00,
0x21, 0x00, 0x21, 0x00, 0x21, 0x00, 0x21, 0x00, 0x21, 0x00, 0x21, 0x00, 0x21, 0x00, 0x21, 0x00, 0x21, 0x00, 0x21, 0x00, 0x21, 0x00, 0x21, 0x00,
0x21, 0x00, 0x21, 0x00, 0x21, 0x00, 0x21, 0x00, 0x21, 0x00, 0x21, 0x00, 0x21, 0x00, 0x21, 0x00, 0x21, 0x00, 0x21, 0x00, 0x21, 0x00, 0x21, 0x00,
0x21, 0x00, 0x21, 0x00, 0x21, 0x00, 0x21, 0x00, 0x21, 0x00, 0x21, 0x00, 0x21, 0x00, 0x21, 0x00, 0x21, 0x00, 0x21, 0x00, 0x21, 0x00, 0x21, 0x00,
0x21, 0x00, 0x21, 0x00, 0x21, 0x00, 0x21, 0x00, 0x21, 0x00, 0x21, 0x00, 0x21, 0x00, 0x21, 0x00, 0x21, 0x00, 0x21, 0x00, 0x21, 0x00, 0x22, 0x00,
0x22, 0x00, 0x22, 0x00, 0x22, 0x00, 0x22, 0x00, 0x22, 0x00, 0x22, 0x00, 0x22, 0x00, 0x22, 0x00, 0x22, 0x00, 0x22, 0x00, 0x22, 0x00, 0x22, 0x00,
0x22, 0x00, 0x22, 0x00, 0x22, 0x00, 0x22, 0x00, 0x22, 0x00, 0x2f, 0x19, 0xf7, 0x29, 0x38, 0x2a, 0xf9, 0x42, 0x3f, 0xdf, 0x3f, 0xdf, 0x3f, 0xdf,
0x5e, 0x96, 0xbe, 0x5d, 0xbe, 0x5d, 0xbe, 0x5d, 0xbe, 0x5d, 0xbe, 0x5d, 0xbe, 0x5d, 0xbe, 0x5d, 0xbe, 0x5d, 0xbe, 0x5d, 0xbe, 0x5d, 0xbe, 0x5d,
0xbe, 0x5d, 0xbe, 0x5d, 0xbe, 0x5d, 0xbe, 0x5d, 0xbe, 0x5d, 0xbe, 0x5d, 0xbe, 0x5d, 0xbe, 0x5d, 0xbe, 0x5d, 0xbe, 0x5d, 0xbe, 0x5d, 0xbe, 0x5d,
0xbe, 0x5d, 0xbe, 0x5d, 0xbe, 0x5d, 0xbe, 0x5d, 0xbe, 0x5d, 0xbe, 0x5d, 0xbe, 0x5d, 0xbe, 0x5d, 0xbe, 0x5d, 0xbe, 0x5d, 0xbe, 0x5d, 0xbe, 0x5d,
0xbe, 0x5d, 0xbe, 0x5d, 0xbe, 0x5d, 0xbe, 0x5d, 0xbe, 0x5d, 0xbe, 0x5d, 0xbe, 0x5d, 0xbe, 0x5d, 0xbe, 0x5d, 0xbe, 0x5d, 0xbe, 0x5d, 0xbe, 0x5d,
0xbe, 0x5d, 0xbe, 0x5d, 0xbe, 0x5d, 0xbe, 0x5d, 0xbe, 0x5d, 0xbe, 0x5d, 0xbe, 0x5d, 0xbe, 0x5d, 0xbe, 0x5d, 0xbe, 0x5d, 0xbe, 0x5d, 0xbe, 0x5d,
0xbe, 0x5d, 0xbe, 0x5d, 0xbe, 0x5d, 0xbe, 0x5d, 0xbe, 0x5d, 0xbe, 0x5d, 0xbe, 0x5d, 0xbe, 0x5d, 0xbe, 0x5d, 0xbe, 0x5d, 0xbe, 0x5d, 0xbe, 0x5d,
0xbe, 0x5d, 0xbe, 0x5d, 0xbe, 0x5d, 0xbe, 0x5d, 0xbe, 0x5d, 0xbe, 0x5d, 0xbe, 0x5d, 0xbe, 0x5d, 0xbe, 0x5d, 0xbe, 0x5d, 0xbe, 0x5d, 0xbe, 0x5d,
0xbe, 0x5d, 0xbe, 0x5d, 0xbe, 0x5d, 0xfe, 0x75, 0x3f, 0xdf, 0x3f, 0xdf, 0x3f, 0xdf, 0x3b, 0x74, 0x38, 0x2a, 0x17, 0x2a, 0xb4, 0x21, 0x22, 0x00,
0x22, 0x00, 0x22, 0x00, 0x22, 0x00, 0x22, 0x00, 0x22, 0x00, 0x22, 0x00, 0x22, 0x00, 0x22, 0x00, 0x22, 0x00, 0x22, 0x00, 0x22, 0x00, 0x22, 0x00,
0x22, 0x00, 0x22, 0x00, 0x22, 0x00, 0x22, 0x00, 0x22, 0x00, 0x21, 0x00, 0x21, 0x00, 0x21, 0x00, 0x21, 0x00, 0x21, 0x00, 0x21, 0x00, 0x21, 0x00,
0x21, 0x00, 0x21, 0x00, 0x21, 0x00, 0x21, 0x00, 0x21, 0x00, 0x21, 0x00, 0x21, 0x00, 0x21, 0x00, 0x21, 0x00, 0x21, 0x00, 0x21, 0x00, 0x21, 0x00,
0x21, 0x00, 0x21, 0x00, 0x21, 0x00, 0x21, 0x00, 0x21, 0x00, 0x21, 0x00, 0x21, 0x00, 0x21, 0x00, 0x21, 0x00, 0x21, 0x00, 0x21, 0x00, 0x21, 0x00,
0x21, 0x00, 0x21, 0x00, 0x21, 0x00, 0x21, 0x00, 0x21, 0x00, 0x21, 0x00, 0x21, 0x00, 0x21, 0x00, 0x21, 0x00, 0x21, 0x00, 0x21, 0x00, 0x21, 0x00,
0x21, 0x00, 0x21, 0x00, 0x21, 0x00, 0x21, 0x00, 0x21, 0x00, 0x21, 0x00, 0x21, 0x00, 0x21, 0x00, 0x21, 0x00, 0x21, 0x00, 0x21, 0x00, 0x21, 0x00,
0x21, 0x00, 0x21, 0x00, 0x21, 0x00, 0x21, 0x00, 0x21, 0x00, 0x21, 0x00, 0x21, 0x00, 0x21, 0x00, 0x22, 0x00, 0x22, 0x00, 0x22, 0x00, 0x22, 0x00,
0x22, 0x00, 0x22, 0x00, 0x22, 0x00, 0x22, 0x00, 0x22, 0x00, 0x22, 0x00, 0x22, 0x00, 0x22, 0x00, 0x22, 0x00, 0x22, 0x00, 0x22, 0x00, 0x22, 0x00,
0x22, 0x00, 0x65, 0x08, 0xf7, 0x29, 0x18, 0x2a, 0x58, 0x2a, 0x7d, 0x9d, 0x3f, 0xdf, 0x3f, 0xdf, 0x1f, 0xcf, 0xbd, 0x5d, 0xbd, 0x5d, 0xbe, 0x5d,
0xbe, 0x5d, 0xbe, 0x5d, 0xbe, 0x5d, 0xbe, 0x5d, 0xbe, 0x5d, 0xbe, 0x5d, 0xbe, 0x5d, 0xbe, 0x5d, 0xbe, 0x5d, 0xbe, 0x5d, 0xbe, 0x5d, 0xbe, 0x5d,
0xbe, 0x5d, 0xbe, 0x5d, 0xbe, 0x5d, 0xbe, 0x5d, 0xbe, 0x5d, 0xbe, 0x5d, 0xbe, 0x5d, 0xbe, 0x5d, 0xde, 0x5d, 0xde, 0x5d, 0xde, 0x5d, 0xde, 0x5d,
0xde, 0x5d, 0xde, 0x5d, 0xde, 0x5d, 0xde, 0x5d, 0xde, 0x5d, 0xde, 0x5d, 0xde, 0x5d, 0xde, 0x5d, 0xde, 0x5d, 0xde, 0x5d, 0xde, 0x5d, 0xde, 0x5d,
0xde, 0x5d, 0xbe, 0x5d, 0xbe, 0x5d, 0xbe, 0x5d, 0xbe, 0x5d, 0xbe, 0x5d, 0xbe, 0x5d, 0xde, 0x5d, 0xde, 0x5d, 0xde, 0x5d, 0xde, 0x5d, 0xde, 0x5d,
0xde, 0x5d, 0xde, 0x5d, 0xde, 0x5d, 0xde, 0x5d, 0xde, 0x5d, 0xde, 0x5d, 0xde, 0x5d, 0xde, 0x5d, 0xde, 0x5d, 0xde, 0x5d, 0xde, 0x5d, 0xde, 0x5d,
0xbe, 0x5d, 0xbe, 0x5d, 0xbe, 0x5d, 0xbe, 0x5d, 0xbe, 0x5d, 0xbe, 0x5d, 0xbe, 0x5d, 0xbe, 0x5d, 0xbe, 0x5d, 0xbe, 0x5d, 0xbe, 0x5d, 0xbe, 0x5d,
0xbe, 0x5d, 0xbe, 0x5d, 0xbe, 0x5d, 0xbe, 0x5d, 0xbe, 0x5d, 0xbe, 0x5d, 0xbe, 0x5d, 0xbe, 0x5d, 0xbe, 0x5d, 0xbd, 0x5d, 0xbd, 0x5d, 0xbf, 0xae,
0x3f, 0xdf, 0x3f, 0xdf, 0xbf, 0xce, 0x59, 0x2a, 0x38, 0x2a, 0xf7, 0x29, 0xca, 0x10, 0x22, 0x00, 0x22, 0x00, 0x22, 0x00, 0x22, 0x00, 0x22, 0x00,
0x22, 0x00, 0x22, 0x00, 0x22, 0x00, 0x22, 0x00, 0x22, 0x00, 0x22, 0x00, 0x22, 0x00, 0x22, 0x00, 0x22, 0x00, 0x22, 0x00, 0x22, 0x00, 0x22, 0x00,
0x21, 0x00, 0x21, 0x00, 0x21, 0x00, 0x21, 0x00, 0x21, 0x00, 0x21, 0x00, 0x21, 0x00, 0x21, 0x00, 0x21, 0x00, 0x21, 0x00, 0x21, 0x00, 0x21, 0x00,
0x21, 0x00, 0x21, 0x00, 0x21, 0x00, 0x21, 0x00, 0x21, 0x00, 0x21, 0x00, 0x21, 0x00, 0x21, 0x00, 0x21, 0x00, 0x21, 0x00, 0x21, 0x00, 0x21, 0x00,
0x21, 0x00, 0x21, 0x00, 0x21, 0x00, 0x21, 0x00, 0x21, 0x00, 0x21, 0x00, 0x21, 0x00, 0x21, 0x00, 0x21, 0x00, 0x21, 0x00, 0x21, 0x00, 0x21, 0x00,
0x21, 0x00, 0x21, 0x00, 0x21, 0x00, 0x21, 0x00, 0x21, 0x00, 0x21, 0x00, 0x21, 0x00, 0x21, 0x00, 0x21, 0x00, 0x21, 0x00, 0x21, 0x00, 0x21, 0x00,
0x21, 0x00, 0x21, 0x00, 0x21, 0x00, 0x21, 0x00, 0x21, 0x00, 0x21, 0x00, 0x21, 0x00, 0x21, 0x00, 0x21, 0x00, 0x21, 0x00, 0x21, 0x00, 0x21, 0x00,
0x21, 0x00, 0x21, 0x00, 0x21, 0x00, 0x21, 0x00, 0x22, 0x00, 0x22, 0x00, 0x22, 0x00, 0x22, 0x00, 0x22, 0x00, 0x22, 0x00, 0x22, 0x00, 0x22, 0x00,
0x22, 0x00, 0x22, 0x00, 0x22, 0x00, 0x22, 0x00, 0x22, 0x00, 0x22, 0x00, 0x22, 0x00, 0x22, 0x00, 0x22, 0x00, 0x22, 0x00, 0x2f, 0x19, 0x17, 0x2a,
0x38, 0x2a, 0x5a, 0x53, 0x3f, 0xdf, 0x3f, 0xdf, 0x3f, 0xdf, 0x5e, 0x8e, 0xbd, 0x5d, 0xbd, 0x5d, 0xbd, 0x5d, 0xbd, 0x5d, 0xbd, 0x5d, 0xbd, 0x5d,
0xbd, 0x5d, 0xbd, 0x5d, 0xbe, 0x5d, 0xbe, 0x5d, 0xbe, 0x5d, 0xbe, 0x5d, 0xbe, 0x5d, 0xde, 0x5d, 0xde, 0x5d, 0xde, 0x5d, 0xde, 0x5d, 0xde, 0x5d,
0xde, 0x5d, 0xde, 0x5d, 0xde, 0x5d, 0xde, 0x5d, 0xde, 0x5d, 0xde, 0x5d, 0xde, 0x5d, 0xde, 0x5d, 0xde, 0x5d, 0xde, 0x5d, 0xde, 0x5d, 0xde, 0x5d,
0xde, 0x5d, 0xde, 0x5d, 0xde, 0x5d, 0xde, 0x5d, 0xde, 0x5d, 0xde, 0x5d, 0xde, 0x5d, 0xde, 0x5d, 0xde, 0x5d, 0xde, 0x5d, 0xde, 0x5d, 0xde, 0x5d,
0xde, 0x5d, 0xde, 0x5d, 0xde, 0x5d, 0xde, 0x5d, 0xde, 0x5d, 0xde, 0x5d, 0xde, 0x5d, 0xde, 0x5d, 0xde, 0x5d, 0xde, 0x5d, 0xde, 0x5d, 0xde, 0x5d,
0xde, 0x5d, 0xde, 0x5d, 0xde, 0x5d, 0xde, 0x5d, 0xde, 0x5d, 0xde, 0x5d, 0xde, 0x5d, 0xde, 0x5d, 0xde, 0x5d, 0xde, 0x5d, 0xde, 0x5d, 0xde, 0x5d,
0xde, 0x5d, 0xde, 0x5d, 0xde, 0x5d, 0xde, 0x5d, 0xde, 0x5d, 0xde, 0x5d, 0xbe, 0x5d, 0xbe, 0x5d, 0xbe, 0x5d, 0xbe, 0x5d, 0xbd, 0x5d, 0xbd, 0x5d,
0xbd, 0x5d, 0xbd, 0x5d, 0xbd, 0x5d, 0xbd, 0x5d, 0xbd, 0x5d, 0xbd, 0x5d, 0xfe, 0x6d, 0x3f, 0xdf, 0x3f, 0xdf, 0x3f, 0xdf, 0x9c, 0x7c, 0x38, 0x2a,
0x17, 0x2a, 0xb4, 0x21, 0x22, 0x00, 0x22, 0x00, 0x22, 0x00, 0x22, 0x00, 0x22, 0x00, 0x22, 0x00, 0x22, 0x00, 0x22, 0x00, 0x22, 0x00, 0x22, 0x00,
0x22, 0x00, 0x22, 0x00, 0x22, 0x00, 0x22, 0x00, 0x22, 0x00, 0x22, 0x00, 0x22, 0x00, 0x22, 0x00, 0x21, 0x00, 0x21, 0x00, 0x21, 0x00, 0x21, 0x00,
0x21, 0x00, 0x21, 0x00, 0x21, 0x00, 0x21, 0x00, 0x21, 0x00, 0x21, 0x00, 0x21, 0x00, 0x21, 0x00, 0x21, 0x00, 0x21, 0x00, 0x21, 0x00, 0x21, 0x00,
0x21, 0x00, 0x21, 0x00, 0x21, 0x00, 0x21, 0x00, 0x21, 0x00, 0x21, 0x00, 0x21, 0x00, 0x21, 0x00, 0x21, 0x00, 0x21, 0x00, 0x21, 0x00, 0x21, 0x00,
0x21, 0x00, 0x21, 0x00, 0x21, 0x00, 0x21, 0x00, 0x21, 0x00, 0x21, 0x00, 0x21, 0x00, 0x21, 0x00, 0x21, 0x00, 0x21, 0x00, 0x21, 0x00, 0x21, 0x00,
0x21, 0x00, 0x21, 0x00, 0x21, 0x00, 0x21, 0x00, 0x21, 0x00, 0x21, 0x00, 0x21, 0x00, 0x21, 0x00, 0x21, 0x00, 0x21, 0x00, 0x21, 0x00, 0x21, 0x00,
0x21, 0x00, 0x21, 0x00, 0x21, 0x00, 0x21, 0x00, 0x21, 0x00, 0x21, 0x00, 0x21, 0x00, 0x21, 0x00, 0x21, 0x00, 0x21, 0x00, 0x21, 0x00, 0x21, 0x00,
0x21, 0x00, 0x22, 0x00, 0x22, 0x00, 0x22, 0x00, 0x22, 0x00, 0x22, 0x00, 0x22, 0x00, 0x22, 0x00, 0x22, 0x00, 0x22, 0x00, 0x22, 0x00, 0x22, 0x00,
0x22, 0x00, 0x22, 0x00, 0x22, 0x00, 0x22, 0x00, 0x22, 0x00, 0x22, 0x00, 0x87, 0x08, 0xf7, 0x29, 0x18, 0x2a, 0x58, 0x2a, 0x1e, 0xb6, 0x3f, 0xdf,
0x3f, 0xdf, 0x1f, 0xcf, 0xdd, 0x5d, 0xdd, 0x5d, 0xdd, 0x5d, 0xdd, 0x5d, 0xdd, 0x5d, 0xdd, 0x5d, 0xdd, 0x5d, 0xdd, 0x5d, 0xdd, 0x5d, 0xdd, 0x5d,
0xdd, 0x5d, 0xdd, 0x5d, 0xdd, 0x5d, 0xde, 0x5d, 0xde, 0x5d, 0xde, 0x5d, 0xde, 0x5d, 0xde, 0x5d, 0xde, 0x5d, 0xde, 0x5d, 0xde, 0x5d, 0xde, 0x5d,
0xde, 0x5d, 0xde, 0x5d, 0xde, 0x5d, 0xde, 0x5d, 0xde, 0x5d, 0xde, 0x5d, 0xde, 0x5d, 0xde, 0x5d, 0xde, 0x5d, 0xde, 0x5d, 0xde, 0x5d, 0xde, 0x5d,
0xde, 0x5d, 0xde, 0x5d, 0xde, 0x5d, 0xde, 0x5d, 0xde, 0x5d, 0xde, 0x5d, 0xde, 0x5d, 0xde, 0x5d, 0xde, 0x5d, 0xde, 0x5d, 0xde, 0x5d, 0xde, 0x5d,
0xde, 0x5d, 0xde, 0x5d, 0xde, 0x5d, 0xde, 0x5d, 0xde, 0x5d, 0xde, 0x5d, 0xde, 0x5d, 0xde, 0x5d, 0xde, 0x5d, 0xde, 0x5d, 0xde, 0x5d, 0xde, 0x5d,
0xde, 0x5d, 0xde, 0x5d, 0xde, 0x5d, 0xde, 0x5d, 0xde, 0x5d, 0xde, 0x5d, 0xde, 0x5d, 0xde, 0x5d, 0xde, 0x5d, 0xde, 0x5d, 0xde, 0x5d, 0xde, 0x5d,
0xde, 0x5d, 0xdd, 0x5d, 0xdd, 0x5d, 0xdd, 0x5d, 0xdd, 0x5d, 0xdd, 0x5d, 0xdd, 0x5d, 0xdd, 0x5d, 0xdd, 0x5d, 0xdd, 0x5d, 0xdd, 0x5d, 0xdd, 0x5d,
0xdd, 0x5d, 0xdd, 0x5d, 0xbf, 0xae, 0x3f, 0xdf, 0x3f, 0xdf, 0xff, 0xd6, 0xb9, 0x3a, 0x38, 0x2a, 0xf7, 0x29, 0x0c, 0x11, 0x22, 0x00, 0x22, 0x00,
0x22, 0x00, 0x22, 0x00, 0x22, 0x00, 0x22, 0x00, 0x22, 0x00, 0x22, 0x00, 0x22, 0x00, 0x22, 0x00, 0x22, 0x00, 0x22, 0x00, 0x22, 0x00, 0x22, 0x00,
0x22, 0x00, 0x22, 0x00, 0x22, 0x00, 0x21, 0x00, 0x21, 0x00, 0x21, 0x00, 0x21, 0x00, 0x21, 0x00, 0x21, 0x00, 0x21, 0x00, 0x21, 0x00, 0x21, 0x00,
0x21, 0x00, 0x21, 0x00, 0x21, 0x00, 0x21, 0x00, 0x21, 0x00, 0x21, 0x00, 0x21, 0x00, 0x21, 0x00, 0x21, 0x00, 0x21, 0x00, 0x21, 0x00, 0x21, 0x00,
0x21, 0x00, 0x21, 0x00, 0x21, 0x00, 0x21, 0x00, 0x21, 0x00, 0x21, 0x00, 0x21, 0x00, 0x21, 0x00, 0x21, 0x00, 0x21, 0x00, 0x21, 0x00, 0x21, 0x00,
0x21, 0x00, 0x21, 0x00, 0x21, 0x00, 0x21, 0x00, 0x21, 0x00, 0x21, 0x00, 0x21, 0x00, 0x21, 0x00, 0x21, 0x00, 0x21, 0x00, 0x21, 0x00, 0x21, 0x00,
0x21, 0x00, 0x21, 0x00, 0x21, 0x00, 0x21, 0x00, 0x21, 0x00, 0x21, 0x00, 0x21, 0x00, 0x21, 0x00, 0x21, 0x00, 0x21, 0x00, 0x21, 0x00, 0x21, 0x00,
0x21, 0x00, 0x21, 0x00, 0x21, 0x00, 0x21, 0x00, 0x21, 0x00, 0x21, 0x00, 0x21, 0x00, 0x21, 0x00, 0x21, 0x00, 0x21, 0x00, 0x22, 0x00, 0x22, 0x00,
0x22, 0x00, 0x22, 0x00, 0x22, 0x00, 0x22, 0x00, 0x22, 0x00, 0x22, 0x00, 0x22, 0x00, 0x22, 0x00, 0x22, 0x00, 0x22, 0x00, 0x22, 0x00, 0x22, 0x00,
0x22, 0x00, 0x22, 0x00, 0x22, 0x00, 0x71, 0x19, 0x17, 0x2a, 0x38, 0x2a, 0x9a, 0x5b, 0x3f, 0xdf, 0x3f, 0xdf, 0x3f, 0xdf, 0x5e, 0x8e, 0xdd, 0x5d,
0xdd, 0x5d, 0xdd, 0x5d, 0xdd, 0x5d, 0xdd, 0x5d, 0xdd, 0x5d, 0xdd, 0x5d, 0xdd, 0x5d, 0xdd, 0x5d, 0xdd, 0x5d, 0xdd, 0x5d, 0xdd, 0x5d, 0xdd, 0x5d,
0xdd, 0x5d, 0xdd, 0x5d, 0xdd, 0x5d, 0xdd, 0x5d, 0xdd, 0x5d, 0xdd, 0x5d, 0xde, 0x5d, 0xde, 0x5d, 0xde, 0x5d, 0xde, 0x5d, 0xde, 0x5d, 0xde, 0x5d,
0xde, 0x5d, 0xde, 0x5d, 0xde, 0x5d, 0xde, 0x5d, 0xde, 0x5d, 0xde, 0x5d, 0xde, 0x5d, 0xde, 0x5d, 0xde, 0x5d, 0xde, 0x5d, 0xde, 0x5d, 0xde, 0x5d,
0xde, 0x5d, 0xde, 0x5d, 0xde, 0x5d, 0xdd, 0x5d, 0xdd, 0x5d, 0xde, 0x5d, 0xde, 0x5d, 0xde, 0x5d, 0xde, 0x5d, 0xde, 0x5d, 0xde, 0x5d, 0xde, 0x5d,
0xde, 0x5d, 0xde, 0x5d, 0xde, 0x5d, 0xde, 0x5d, 0xde, 0x5d, 0xde, 0x5d, 0xde, 0x5d, 0xde, 0x5d, 0xde, 0x5d, 0xde, 0x5d, 0xde, 0x5d, 0xde, 0x5d,
0xde, 0x5d, 0xde, 0x5d, 0xdd, 0x5d, 0xdd, 0x5d, 0xdd, 0x5d, 0xdd, 0x5d, 0xdd, 0x5d, 0xdd, 0x5d, 0xdd, 0x5d, 0xdd, 0x5d, 0xdd, 0x5d, 0xdd, 0x5d,
0xdd, 0x5d, 0xdd, 0x5d, 0xdd, 0x5d, 0xdd, 0x5d, 0xdd, 0x5d, 0xdd, 0x5d, 0xdd, 0x5d, 0xdd, 0x5d, 0xdd, 0x5d, 0xfe, 0x6d, 0x3f, 0xdf, 0x3f, 0xdf,
0x3f, 0xdf, 0xdc, 0x84, 0x58, 0x2a, 0x17, 0x2a, 0xd5, 0x21, 0x43, 0x00, 0x22, 0x00, 0x22, 0x00, 0x22, 0x00, 0x22, 0x00, 0x22, 0x00, 0x22, 0x00,
0x22, 0x00, 0x22, 0x00, 0x22, 0x00, 0x22, 0x00, 0x22, 0x00, 0x22, 0x00, 0x22, 0x00, 0x22, 0x00, 0x22, 0x00, 0x22, 0x00, 0x21, 0x00, 0x21, 0x00,
0x21, 0x00, 0x21, 0x00, 0x21, 0x00, 0x21, 0x00, 0x21, 0x00, 0x21, 0x00, 0x21, 0x00, 0x21, 0x00, 0x21, 0x00, 0x21, 0x00, 0x21, 0x00, 0x21, 0x00,
0x21, 0x00, 0x21, 0x00, 0x21, 0x00, 0x21, 0x00, 0x21, 0x00, 0x21, 0x00, 0x21, 0x00, 0x21, 0x00, 0x21, 0x00, 0x21, 0x00, 0x21, 0x00, 0x21, 0x00,
0x21, 0x00, 0x21, 0x00, 0x21, 0x00, 0x21, 0x00, 0x21, 0x00, 0x21, 0x00, 0x21, 0x00, 0x21, 0x00, 0x21, 0x00, 0x21, 0x00, 0x21, 0x00, 0x21, 0x00,
0x21, 0x00, 0x21, 0x00, 0x21, 0x00, 0x21, 0x00, 0x21, 0x00, 0x21, 0x00, 0x21, 0x00, 0x21, 0x00, 0x21, 0x00, 0x21, 0x00, 0x21, 0x00, 0x21, 0x00,
0x21, 0x00, 0x21, 0x00, 0x21, 0x00, 0x21, 0x00, 0x21, 0x00, 0x21, 0x00, 0x21, 0x00, 0x21, 0x00, 0x21, 0x00, 0x21, 0x00, 0x21, 0x00, 0x21, 0x00,
0x21, 0x00, 0x21, 0x00, 0x21, 0x00, 0x21, 0x00, 0x21, 0x00, 0x21, 0x00, 0x22, 0x00, 0x22, 0x00, 0x22, 0x00, 0x22, 0x00, 0x22, 0x00, 0x22, 0x00,
0x22, 0x00, 0x22, 0x00, 0x22, 0x00, 0x22, 0x00, 0x22, 0x00, 0x22, 0x00, 0x22, 0x00, 0x22, 0x00, 0x22, 0x00, 0x22, 0x00, 0x22, 0x00, 0x87, 0x08,
0xf7, 0x29, 0x18, 0x2a, 0x58, 0x2a, 0x1e, 0xb6, 0x3f, 0xdf, 0x3f, 0xdf, 0x1f, 0xcf, 0xfe, 0x65, 0xdd, 0x5d, 0xdd, 0x5d, 0xdd, 0x5d, 0xdd, 0x5d,
0xdd, 0x5d, 0xdd, 0x5d, 0xdd, 0x5d, 0xdd, 0x5d, 0xdd, 0x5d, 0xdd, 0x5d, 0xdd, 0x5d, 0xdd, 0x5d, 0xdd, 0x5d, 0xdd, 0x5d, 0xdd, 0x5d, 0xdd, 0x5d,
0xdd, 0x5d, 0xdd, 0x5d, 0xdd, 0x5d, 0xdd, 0x5d, 0xdd, 0x5d, 0xdd, 0x5d, 0xdd, 0x5d, 0xdd, 0x5d, 0xdd, 0x5d, 0xdd, 0x5d, 0xdd, 0x5d, 0xdd, 0x5d,
0xdd, 0x5d, 0xdd, 0x5d, 0xdd, 0x5d, 0xdd, 0x5d, 0xdd, 0x5d, 0xdd, 0x5d, 0xdd, 0x5d, 0xdd, 0x5d, 0xdd, 0x5d, 0xdd, 0x5d, 0xdd, 0x5d, 0xdd, 0x5d,
0xdd, 0x5d, 0xdd, 0x5d, 0xdd, 0x5d, 0xdd, 0x5d, 0xdd, 0x5d, 0xdd, 0x5d, 0xdd, 0x5d, 0xdd, 0x5d, 0xdd, 0x5d, 0xdd, 0x5d, 0xdd, 0x5d, 0xdd, 0x5d,
0xdd, 0x5d, 0xdd, 0x5d, 0xdd, 0x5d, 0xdd, 0x5d, 0xdd, 0x5d, 0xdd, 0x5d, 0xdd, 0x5d, 0xdd, 0x5d, 0xdd, 0x5d, 0xdd, 0x5d, 0xdd, 0x5d, 0xdd, 0x5d,
0xdd, 0x5d, 0xdd, 0x5d, 0xdd, 0x5d, 0xdd, 0x5d, 0xdd, 0x5d, 0xdd, 0x5d, 0xdd, 0x5d, 0xdd, 0x5d, 0xdd, 0x5d, 0xdd, 0x5d, 0xdd, 0x5d, 0xdd, 0x5d,
0xdd, 0x5d, 0xdd, 0x5d, 0xdd, 0x5d, 0xdd, 0x5d, 0xdd, 0x5d, 0xdf, 0xb6, 0x3f, 0xdf, 0x3f, 0xdf, 0xff, 0xd6, 0xb9, 0x3a, 0x38, 0x2a, 0xf7, 0x29,
0x0c, 0x11, 0x22, 0x00, 0x22, 0x00, 0x22, 0x00, 0x22, 0x00, 0x22, 0x00, 0x22, 0x00, 0x22, 0x00, 0x22, 0x00, 0x22, 0x00, 0x22, 0x00, 0x22, 0x00,
0x22, 0x00, 0x22, 0x00, 0x22, 0x00, 0x22, 0x00, 0x22, 0x00, 0x22, 0x00, 0x21, 0x00, 0x21, 0x00, 0x21, 0x00, 0x21, 0x00, 0x21, 0x00, 0x21, 0x00,
0x21, 0x00, 0x21, 0x00, 0x21, 0x00, 0x21, 0x00, 0x21, 0x00, 0x21, 0x00, 0x21, 0x00, 0x21, 0x00, 0x21, 0x00, 0x21, 0x00, 0x21, 0x00, 0x21, 0x00,
0x21, 0x00, 0x21, 0x00, 0x21, 0x00, 0x21, 0x00, 0x21, 0x00, 0x21, 0x00, 0x21, 0x00, 0x21, 0x00, 0x21, 0x00, 0x21, 0x00, 0x21, 0x00, 0x21, 0x00,
0x21, 0x00, 0x21, 0x00, 0x21, 0x00, 0x21, 0x00, 0x21, 0x00, 0x21, 0x00, 0x21, 0x00, 0x21, 0x00, 0x21, 0x00, 0x21, 0x00, 0x21, 0x00, 0x21, 0x00,
0x21, 0x00, 0x21, 0x00, 0x21, 0x00, 0x21, 0x00, 0x21, 0x00, 0x21, 0x00, 0x21, 0x00, 0x21, 0x00, 0x21, 0x00, 0x21, 0x00, 0x21, 0x00, 0x21, 0x00,
0x21, 0x00, 0x21, 0x00, 0x21, 0x00, 0x21, 0x00, 0x21, 0x00, 0x21, 0x00, 0x21, 0x00, 0x21, 0x00, 0x21, 0x00, 0x21, 0x00, 0x21, 0x00, 0x21, 0x00,
0x21, 0x00, 0x21, 0x00, 0x21, 0x00, 0x22, 0x00, 0x22, 0x00, 0x22, 0x00, 0x22, 0x00, 0x22, 0x00, 0x22, 0x00, 0x22, 0x00, 0x22, 0x00, 0x22, 0x00,
0x22, 0x00, 0x22, 0x00, 0x22, 0x00, 0x22, 0x00, 0x22, 0x00, 0x22, 0x00, 0x22, 0x00, 0x22, 0x00, 0x71, 0x19, 0x17, 0x2a, 0x38, 0x2a, 0x9a, 0x5b,
0x3f, 0xdf, 0x3f, 0xdf, 0x3f, 0xdf, 0x9e, 0x9e, 0xdd, 0x5d, 0xdd, 0x5d, 0xdd, 0x5d, 0xdd, 0x5d, 0xdd, 0x5d, 0xdd, 0x5d, 0xdd, 0x5d, 0xdd, 0x5d,
0xdd, 0x5d, 0xdd, 0x5d, 0xdd, 0x5d, 0xdd, 0x5d, 0xdd, 0x5d, 0xdd, 0x5d, 0xdd, 0x5d, 0xdd, 0x5d, 0xdd, 0x5d, 0xdd, 0x5d, 0xdd, 0x5d, 0xdd, 0x5d,
0xdd, 0x5d, 0xdd, 0x5d, 0xdd, 0x5d, 0xdd, 0x5d, 0xdd, 0x5d, 0xdd, 0x5d, 0xdd, 0x5d, 0xdd, 0x5d, 0xdd, 0x5d, 0xdd, 0x5d, 0xdd, 0x5d, 0xdd, 0x5d,
0xdd, 0x5d, 0xdd, 0x5d, 0xdd, 0x5d, 0xdd, 0x5d, 0xdd, 0x5d, 0xdd, 0x5d, 0xdd, 0x5d, 0xdd, 0x5d, 0xdd, 0x5d, 0xdd, 0x5d, 0xdd, 0x5d, 0xdd, 0x5d,
0xdd, 0x5d, 0xdd, 0x5d, 0xdd, 0x5d, 0xdd, 0x5d, 0xdd, 0x5d, 0xdd, 0x5d, 0xdd, 0x5d, 0xdd, 0x5d, 0xdd, 0x5d, 0xdd, 0x5d, 0xdd, 0x5d, 0xdd, 0x5d,
0xdd, 0x5d, 0xdd, 0x5d, 0xdd, 0x5d, 0xdd, 0x5d, 0xdd, 0x5d, 0xdd, 0x5d, 0xdd, 0x5d, 0xdd, 0x5d, 0xdd, 0x5d, 0xdd, 0x5d, 0xdd, 0x5d, 0xdd, 0x5d,
0xdd, 0x5d, 0xdd, 0x5d, 0xdd, 0x5d, 0xdd, 0x5d, 0xdd, 0x5d, 0xdd, 0x5d, 0xdd, 0x5d, 0xdd, 0x5d, 0xdd, 0x5d, 0xdd, 0x5d, 0xdd, 0x5d, 0xdd, 0x5d,
0x3e, 0x7e, 0x3f, 0xdf, 0x3f, 0xdf, 0x3f, 0xdf, 0xdc, 0x84, 0x58, 0x2a, 0x17, 0x2a, 0xd5, 0x21, 0x43, 0x00, 0x22, 0x00, 0x22, 0x00, 0x22, 0x00,
0x22, 0x00, 0x22, 0x00, 0x22, 0x00, 0x22, 0x00, 0x22, 0x00, 0x22, 0x00, 0x22, 0x00, 0x22, 0x00, 0x22, 0x00, 0x22, 0x00, 0x22, 0x00, 0x22, 0x00,
0x22, 0x00, 0x21, 0x00, 0x21, 0x00, 0x21, 0x00, 0x21, 0x00, 0x21, 0x00, 0x21, 0x00, 0x21, 0x00, 0x21, 0x00, 0x21, 0x00, 0x21, 0x00, 0x21, 0x00,
0x21, 0x00, 0x21, 0x00, 0x21, 0x00, 0x21, 0x00, 0x21, 0x00, 0x21, 0x00, 0x21, 0x00, 0x21, 0x00, 0x21, 0x00, 0x21, 0x00, 0x21, 0x00, 0x21, 0x00,
0x21, 0x00, 0x21, 0x00, 0x21, 0x00, 0x21, 0x00, 0x21, 0x00, 0x21, 0x00, 0x21, 0x00, 0x21, 0x00, 0x21, 0x00, 0x21, 0x00, 0x21, 0x00, 0x21, 0x00,
0x21, 0x00, 0x21, 0x00, 0x21, 0x00, 0x21, 0x00, 0x21, 0x00, 0x21, 0x00, 0x21, 0x00, 0x21, 0x00, 0x21, 0x00, 0x21, 0x00, 0x21, 0x00, 0x21, 0x00,
0x21, 0x00, 0x21, 0x00, 0x21, 0x00, 0x21, 0x00, 0x21, 0x00, 0x21, 0x00, 0x21, 0x00, 0x21, 0x00, 0x21, 0x00, 0x21, 0x00, 0x21, 0x00, 0x21, 0x00,
0x21, 0x00, 0x21, 0x00, 0x21, 0x00, 0x21, 0x00, 0x21, 0x00, 0x21, 0x00, 0x21, 0x00, 0x21, 0x00, 0x21, 0x00, 0x21, 0x00, 0x21, 0x00, 0x21, 0x00,
0x22, 0x00, 0x22, 0x00, 0x22, 0x00, 0x22, 0x00, 0x22, 0x00, 0x22, 0x00, 0x22, 0x00, 0x22, 0x00, 0x22, 0x00, 0x22, 0x00, 0x22, 0x00, 0x22, 0x00,
0x22, 0x00, 0x22, 0x00, 0x22, 0x00, 0x22, 0x00, 0x87, 0x08, 0xf7, 0x29, 0x18, 0x2a, 0x58, 0x2a, 0xbd, 0xad, 0x3f, 0xdf, 0x3f, 0xdf, 0x3f, 0xdf,
0x1e, 0x76, 0xdd, 0x5d, 0xdd, 0x5d, 0xdd, 0x5d, 0xdd, 0x5d, 0xdd, 0x5d, 0xdd, 0x5d, 0xdd, 0x5d, 0xdd, 0x5d, 0xdd, 0x5d, 0xdd, 0x5d, 0xdd, 0x5d,
0xdd, 0x5d, 0xdd, 0x5d, 0xdd, 0x5d, 0xdd, 0x5d, 0xdd, 0x5d, 0xdd, 0x5d, 0xdd, 0x5d, 0xdd, 0x5d, 0xdd, 0x5d, 0xdd, 0x5d, 0xdd, 0x5d, 0xdd, 0x5d,
0xdd, 0x5d, 0xdd, 0x5d, 0xdd, 0x5d, 0xdd, 0x5d, 0xdd, 0x5d, 0xdd, 0x5d, 0xdd, 0x5d, 0xdd, 0x5d, 0xdd, 0x5d, 0xdd, 0x5d, 0xdd, 0x5d, 0xdd, 0x5d,
0xdd, 0x5d, 0xdd, 0x5d, 0xdd, 0x5d, 0xdd, 0x5d, 0xdd, 0x5d, 0xdd, 0x5d, 0xdd, 0x5d, 0xdd, 0x5d, 0xdd, 0x5d, 0xdd, 0x5d, 0xdd, 0x5d, 0xdd, 0x5d,
0xdd, 0x5d, 0xdd, 0x5d, 0xdd, 0x5d, 0xdd, 0x5d, 0xdd, 0x5d, 0xdd, 0x5d, 0xdd, 0x5d, 0xdd, 0x5d, 0xdd, 0x5d, 0xdd, 0x5d, 0xdd, 0x5d, 0xdd, 0x5d,
0xdd, 0x5d, 0xdd, 0x5d, 0xdd, 0x5d, 0xdd, 0x5d, 0xdd, 0x5d, 0xdd, 0x5d, 0xdd, 0x5d, 0xdd, 0x5d, 0xdd, 0x5d, 0xdd, 0x5d, 0xdd, 0x5d, 0xdd, 0x5d,
0xdd, 0x5d, 0xdd, 0x5d, 0xdd, 0x5d, 0xdd, 0x5d, 0xdd, 0x5d, 0xdd, 0x5d, 0xdd, 0x5d, 0xfe, 0x65, 0x1f, 0xcf, 0x3f, 0xdf, 0x3f, 0xdf, 0xbf, 0xce,
0xb9, 0x3a, 0x38, 0x2a, 0xf7, 0x29, 0x0c, 0x11, 0x22, 0x00, 0x22, 0x00, 0x22, 0x00, 0x22, 0x00, 0x22, 0x00, 0x22, 0x00, 0x22, 0x00, 0x22, 0x00,
0x22, 0x00, 0x22, 0x00, 0x22, 0x00, 0x22, 0x00, 0x22, 0x00, 0x22, 0x00, 0x22, 0x00, 0x22, 0x00, 0x21, 0x00, 0x21, 0x00, 0x21, 0x00, 0x21, 0x00,
0x21, 0x00, 0x21, 0x00, 0x21, 0x00, 0x21, 0x00, 0x21, 0x00, 0x21, 0x00, 0x21, 0x00, 0x21, 0x00, 0x21, 0x00, 0x21, 0x00, 0x21, 0x00, 0x21, 0x00,
0x21, 0x00, 0x21, 0x00, 0x21, 0x00, 0x21, 0x00, 0x21, 0x00, 0x21, 0x00, 0x21, 0x00, 0x21, 0x00, 0x21, 0x00, 0x21, 0x00, 0x21, 0x00, 0x21, 0x00,
0x21, 0x00, 0x21, 0x00, 0x21, 0x00, 0x21, 0x00, 0x21, 0x00, 0x21, 0x00, 0x21, 0x00, 0x21, 0x00, 0x21, 0x00, 0x21, 0x00, 0x21, 0x00, 0x21, 0x00,
0x21, 0x00, 0x21, 0x00, 0x21, 0x00, 0x21, 0x00, 0x21, 0x00, 0x21, 0x00, 0x21, 0x00, 0x21, 0x00, 0x21, 0x00, 0x21, 0x00, 0x21, 0x00, 0x21, 0x00,
0x21, 0x00, 0x21, 0x00, 0x21, 0x00, 0x21, 0x00, 0x21, 0x00, 0x21, 0x00, 0x21, 0x00, 0x21, 0x00, 0x21, 0x00, 0x21, 0x00, 0x21, 0x00, 0x21, 0x00,
0x21, 0x00, 0x21, 0x00, 0x21, 0x00, 0x21, 0x00, 0x21, 0x00, 0x21, 0x00, 0x21, 0x00, 0x21, 0x00, 0x21, 0x00, 0x22, 0x00, 0x22, 0x00, 0x22, 0x00,
0x22, 0x00, 0x22, 0x00, 0x22, 0x00, 0x22, 0x00, 0x22, 0x00, 0x22, 0x00, 0x22, 0x00, 0x22, 0x00, 0x22, 0x00, 0x22, 0x00, 0x22, 0x00, 0x22, 0x00,
0x22, 0x00, 0x71, 0x19, 0x17, 0x2a, 0x38, 0x2a, 0xf9, 0x42, 0xff, 0xd6, 0x3f, 0xdf, 0x3f, 0xdf, 0xff, 0xc6, 0xdd, 0x5d, 0xdd, 0x5d, 0xdd, 0x5d,
0xdd, 0x5d, 0xdd, 0x5d, 0xdd, 0x5d, 0xdd, 0x5d, 0xdd, 0x5d, 0xdd, 0x5d, 0xdd, 0x5d, 0xdd, 0x5d, 0xdd, 0x5d, 0xdd, 0x5d, 0xdd, 0x5d, 0xdd, 0x5d,
0xdd, 0x5d, 0xdd, 0x5d, 0xdd, 0x5d, 0xdd, 0x5d, 0xdd, 0x5d, 0xdd, 0x5d, 0xdd, 0x5d, 0xdd, 0x5d, 0xdd, 0x5d, 0xdd, 0x5d, 0xdd, 0x5d, 0xdd, 0x5d,
0xdd, 0x5d, 0xdd, 0x5d, 0xdd, 0x5d, 0xdd, 0x5d, 0xdd, 0x5d, 0xdd, 0x5d, 0xdd, 0x5d, 0xdd, 0x5d, 0xdd, 0x5d, 0xdd, 0x5d, 0xdd, 0x5d, 0xdd, 0x5d,
0xdd, 0x5d, 0xdd, 0x5d, 0xdd, 0x5d, 0xdd, 0x5d, 0xdd, 0x5d, 0xdd, 0x5d, 0xdd, 0x5d, 0xdd, 0x5d, 0xdd, 0x5d, 0xdd, 0x5d, 0xdd, 0x5d, 0xdd, 0x5d,
0xdd, 0x5d, 0xdd, 0x5d, 0xdd, 0x5d, 0xdd, 0x5d, 0xdd, 0x5d, 0xdd, 0x5d, 0xdd, 0x5d, 0xdd, 0x5d, 0xdd, 0x5d, 0xdd, 0x5d, 0xdd, 0x5d, 0xdd, 0x5d,
0xdd, 0x5d, 0xdd, 0x5d, 0xdd, 0x5d, 0xdd, 0x5d, 0xdd, 0x5d, 0xdd, 0x5d, 0xdd, 0x5d, 0xdd, 0x5d, 0xdd, 0x5d, 0xdd, 0x5d, 0xdd, 0x5d, 0xdd, 0x5d,
0xdd, 0x5d, 0xdd, 0x5d, 0xdd, 0x5d, 0x9f, 0xa6, 0x3f, 0xdf, 0x3f, 0xdf, 0x3f, 0xdf, 0xfb, 0x63, 0x38, 0x2a, 0x17, 0x2a, 0xd5, 0x21, 0x43, 0x00,
0x22, 0x00, 0x22, 0x00, 0x22, 0x00, 0x22, 0x00, 0x22, 0x00, 0x22, 0x00, 0x22, 0x00, 0x22, 0x00, 0x22, 0x00, 0x22, 0x00, 0x22, 0x00, 0x22, 0x00,
0x22, 0x00, 0x22, 0x00, 0x22, 0x00, 0x22, 0x00, 0x21, 0x00, 0x21, 0x00, 0x21, 0x00, 0x21, 0x00, 0x21, 0x00, 0x21, 0x00, 0x21, 0x00, 0x21, 0x00,
0x21, 0x00, 0x21, 0x00, 0x21, 0x00, 0x21, 0x00, 0x21, 0x00, 0x21, 0x00, 0x21, 0x00, 0x21, 0x00, 0x21, 0x00, 0x21, 0x00, 0x21, 0x00, 0x21, 0x00,
0x21, 0x00, 0x21, 0x00, 0x21, 0x00, 0x21, 0x00, 0x21, 0x00, 0x21, 0x00, 0x21, 0x00, 0x21, 0x00, 0x21, 0x00, 0x21, 0x00, 0x21, 0x00, 0x21, 0x00,
0x21, 0x00, 0x21, 0x00, 0x21, 0x00, 0x21, 0x00, 0x21, 0x00, 0x21, 0x00, 0x21, 0x00, 0x21, 0x00, 0x21, 0x00, 0x21, 0x00, 0x21, 0x00, 0x21, 0x00,
0x21, 0x00, 0x21, 0x00, 0x21, 0x00, 0x21, 0x00, 0x21, 0x00, 0x21, 0x00, 0x21, 0x00, 0x21, 0x00, 0x21, 0x00, 0x21, 0x00, 0x21, 0x00, 0x21, 0x00,
0x21, 0x00, 0x21, 0x00, 0x21, 0x00, 0x21, 0x00, 0x21, 0x00, 0x21, 0x00, 0x21, 0x00, 0x21, 0x00, 0x21, 0x00, 0x21, 0x00, 0x21, 0x00, 0x21, 0x00,
0x21, 0x00, 0x21, 0x00, 0x21, 0x00, 0x21, 0x00, 0x21, 0x00, 0x22, 0x00, 0x22, 0x00, 0x22, 0x00, 0x22, 0x00, 0x22, 0x00, 0x22, 0x00, 0x22, 0x00,
0x22, 0x00, 0x22, 0x00, 0x22, 0x00, 0x22, 0x00, 0x22, 0x00, 0x22, 0x00, 0x22, 0x00, 0x22, 0x00, 0x22, 0x00, 0x64, 0x08, 0xf7, 0x29, 0x18, 0x2a,
0x58, 0x2a, 0x9c, 0x7c, 0x3f, 0xdf, 0x3f, 0xdf, 0x3f, 0xdf, 0xbf, 0xa6, 0xdd, 0x5d, 0xdd, 0x5d, 0xdd, 0x5d, 0xdd, 0x5d, 0xdd, 0x5d, 0xdd, 0x5d,
0xdd, 0x5d, 0xdd, 0x5d, 0xdd, 0x5d, 0xdd, 0x5d, 0xdd, 0x5d, 0xdd, 0x5d, 0xdd, 0x5d, 0xfd, 0x5d, 0xfd, 0x5d, 0xfd, 0x5d, 0xfd, 0x5d, 0xfd, 0x5d,
0xfd, 0x5d, 0xfd, 0x5d, 0xfd, 0x5d, 0xfd, 0x5d, 0xfd, 0x5d, 0xfd, 0x5d, 0xfd, 0x5d, 0xfd, 0x5d, 0xfd, 0x5d, 0xfd, 0x5d, 0xfd, 0x5d, 0xfd, 0x5d,
0xfd, 0x5d, 0xfd, 0x5d, 0xfd, 0x5d, 0xfd, 0x5d, 0xfd, 0x5d, 0xfd, 0x5d, 0xfd, 0x5d, 0xfd, 0x5d, 0xfd, 0x5d, 0xfd, 0x5d, 0xfd, 0x5d, 0xfd, 0x5d,
0xfd, 0x5d, 0xfd, 0x5d, 0xfd, 0x5d, 0xfd, 0x5d, 0xfd, 0x5d, 0xfd, 0x5d, 0xfd, 0x5d, 0xfd, 0x5d, 0xfd, 0x5d, 0xfd, 0x5d, 0xfd, 0x5d, 0xfd, 0x5d,
0xfd, 0x5d, 0xfd, 0x5d, 0xfd, 0x5d, 0xfd, 0x5d, 0xfd, 0x5d, 0xfd, 0x5d, 0xfd, 0x5d, 0xfd, 0x5d, 0xfd, 0x5d, 0xdd, 0x5d, 0xdd, 0x5d, 0xdd, 0x5d,
0xdd, 0x5d, 0xdd, 0x5d, 0xdd, 0x5d, 0xdd, 0x5d, 0xdd, 0x5d, 0xdd, 0x5d, 0xdd, 0x5d, 0xdd, 0x5d, 0xdd, 0x5d, 0xdd, 0x5d, 0x5e, 0x86, 0x3f, 0xdf,
0x3f, 0xdf, 0x3f, 0xdf, 0xbd, 0xad, 0x58, 0x2a, 0x38, 0x2a, 0xf7, 0x29, 0xca, 0x10, 0x22, 0x00, 0x22, 0x00, 0x22, 0x00, 0x22, 0x00, 0x22, 0x00,
0x22, 0x00, 0x22, 0x00, 0x22, 0x00, 0x22, 0x00, 0x22, 0x00, 0x22, 0x00, 0x22, 0x00, 0x22, 0x00, 0x22, 0x00, 0x22, 0x00, 0x22, 0x00, 0x21, 0x00,
0x21, 0x00, 0x21, 0x00, 0x21, 0x00, 0x21, 0x00, 0x21, 0x00, 0x21, 0x00, 0x21, 0x00, 0x21, 0x00, 0x21, 0x00, 0x21, 0x00, 0x21, 0x00, 0x21, 0x00,
0x21, 0x00, 0x21, 0x00, 0x21, 0x00, 0x21, 0x00, 0x21, 0x00, 0x21, 0x00, 0x21, 0x00, 0x21, 0x00, 0x21, 0x00, 0x21, 0x00, 0x21, 0x00, 0x21, 0x00,
0x21, 0x00, 0x21, 0x00, 0x21, 0x00, 0x21, 0x00, 0x21, 0x00, 0x21, 0x00, 0x21, 0x00, 0x21, 0x00, 0x21, 0x00, 0x21, 0x00, 0x21, 0x00, 0x21, 0x00,
0x21, 0x00, 0x21, 0x00, 0x21, 0x00, 0x21, 0x00, 0x21, 0x00, 0x21, 0x00, 0x21, 0x00, 0x21, 0x00, 0x21, 0x00, 0x21, 0x00, 0x21, 0x00, 0x21, 0x00,
0x21, 0x00, 0x21, 0x00, 0x21, 0x00, 0x21, 0x00, 0x21, 0x00, 0x21, 0x00, 0x21, 0x00, 0x21, 0x00, 0x21, 0x00, 0x21, 0x00, 0x21, 0x00, 0x21, 0x00,
0x21, 0x00, 0x21, 0x00, 0x21, 0x00, 0x21, 0x00, 0x21, 0x00, 0x21, 0x00, 0x21, 0x00, 0x21, 0x00, 0x21, 0x00, 0x21, 0x00, 0x21, 0x00, 0x21, 0x00,
0x21, 0x00, 0x21, 0x00, 0x22, 0x00, 0x22, 0x00, 0x22, 0x00, 0x22, 0x00, 0x22, 0x00, 0x22, 0x00, 0x22, 0x00, 0x22, 0x00, 0x22, 0x00, 0x22, 0x00,
0x22, 0x00, 0x22, 0x00, 0x22, 0x00, 0x22, 0x00, 0x22, 0x00, 0x22, 0x00, 0x2e, 0x19, 0xf7, 0x29, 0x38, 0x2a, 0x58, 0x2a, 0x1e, 0xb6, 0x3f, 0xdf,
0x3f, 0xdf, 0x3f, 0xdf, 0x7e, 0x8e, 0xfd, 0x5d, 0xfd, 0x5d, 0xfd, 0x5d, 0xfd, 0x5d, 0xfd, 0x5d, 0xfd, 0x5d, 0xfd, 0x5d, 0xfd, 0x5d, 0xfd, 0x5d,
0xfd, 0x5d, 0xfd, 0x5d, 0xfd, 0x5d, 0xfd, 0x5d, 0xfd, 0x5d, 0xfd, 0x5d, 0xfd, 0x5d, 0xfd, 0x5d, 0xfd, 0x5d, 0xfd, 0x5d, 0xfd, 0x5d, 0xfd, 0x5d,
0xfd, 0x5d, 0xfd, 0x5d, 0xfd, 0x5d, 0xfd, 0x5d, 0xfd, 0x5d, 0xfd, 0x5d, 0xfd, 0x5d, 0xfd, 0x5d, 0xfd, 0x5d, 0xfd, 0x5d, 0xfd, 0x5d, 0xfd, 0x5d,
0xfd, 0x5d, 0xfd, 0x5d, 0xfd, 0x5d, 0xfd, 0x5d, 0xfd, 0x5d, 0xfd, 0x5d, 0xfd, 0x5d, 0xfd, 0x5d, 0xfd, 0x5d, 0xfd, 0x5d, 0xfd, 0x5d, 0xfd, 0x5d,
0xfd, 0x5d, 0xfd, 0x5d, 0xfd, 0x5d, 0xfd, 0x5d, 0xfd, 0x5d, 0xfd, 0x5d, 0xfd, 0x5d, 0xfd, 0x5d, 0xfd, 0x5d, 0xfd, 0x5d, 0xfd, 0x5d, 0xfd, 0x5d,
0xfd, 0x5d, 0xfd, 0x5d, 0xfd, 0x5d, 0xfd, 0x5d, 0xfd, 0x5d, 0xfd, 0x5d, 0xfd, 0x5d, 0xfd, 0x5d, 0xfd, 0x5d, 0xfd, 0x5d, 0xfd, 0x5d, 0xfd, 0x5d,
0xfd, 0x5d, 0xfd, 0x5d, 0xfd, 0x5d, 0xfd, 0x5d, 0xfd, 0x5d, 0x3e, 0x76, 0x3f, 0xd7, 0x3f, 0xdf, 0x3f, 0xdf, 0xff, 0xd6, 0xb9, 0x3a, 0x38, 0x2a,
0x17, 0x2a, 0x93, 0x21, 0x22, 0x00, 0x22, 0x00, 0x22, 0x00, 0x22, 0x00, 0x22, 0x00, 0x22, 0x00, 0x22, 0x00, 0x22, 0x00, 0x22, 0x00, 0x22, 0x00,
0x22, 0x00, 0x22, 0x00, 0x22, 0x00, 0x22, 0x00, 0x22, 0x00, 0x22, 0x00, 0x21, 0x00, 0x21, 0x00, 0x21, 0x00, 0x21, 0x00, 0x21, 0x00, 0x21, 0x00,
0x21, 0x00, 0x21, 0x00, 0x21, 0x00, 0x21, 0x00, 0x21, 0x00, 0x21, 0x00, 0x21, 0x00, 0x21, 0x00, 0x21, 0x00, 0x21, 0x00, 0x21, 0x00, 0x21, 0x00,
0x21, 0x00, 0x21, 0x00, 0x21, 0x00, 0x21, 0x00, 0x21, 0x00, 0x21, 0x00, 0x21, 0x00, 0x21, 0x00, 0x21, 0x00, 0x21, 0x00, 0x21, 0x00, 0x21, 0x00,
0x21, 0x00, 0x21, 0x00, 0x21, 0x00, 0x21, 0x00, 0x21, 0x00, 0x21, 0x00, 0x21, 0x00, 0x21, 0x00, 0x21, 0x00, 0x21, 0x00, 0x21, 0x00, 0x21, 0x00,
0x21, 0x00, 0x21, 0x00, 0x21, 0x00, 0x21, 0x00, 0x21, 0x00, 0x21, 0x00, 0x21, 0x00, 0x21, 0x00, 0x21, 0x00, 0x21, 0x00, 0x21, 0x00, 0x21, 0x00,
0x21, 0x00, 0x21, 0x00, 0x21, 0x00, 0x21, 0x00, 0x21, 0x00, 0x21, 0x00, 0x21, 0x00, 0x21, 0x00, 0x21, 0x00, 0x21, 0x00, 0x21, 0x00, 0x21, 0x00,
0x21, 0x00, 0x21, 0x00, 0x21, 0x00, 0x21, 0x00, 0x21, 0x00, 0x21, 0x00, 0x21, 0x00, 0x21, 0x00, 0x21, 0x00, 0x21, 0x00, 0x21, 0x00, 0x22, 0x00,
0x22, 0x00, 0x22, 0x00, 0x22, 0x00, 0x22, 0x00, 0x22, 0x00, 0x22, 0x00, 0x22, 0x00, 0x22, 0x00, 0x22, 0x00, 0x22, 0x00, 0x22, 0x00, 0x22, 0x00,
0x22, 0x00, 0x22, 0x00, 0x43, 0x00, 0xb4, 0x21, 0x17, 0x2a, 0x38, 0x2a, 0xf9, 0x42, 0xff, 0xd6, 0x3f, 0xdf, 0x3f, 0xdf, 0x3f, 0xdf, 0x7e, 0x8e,
0xfd, 0x5d, 0xfd, 0x5d, 0xfd, 0x5d, 0xfd, 0x5d, 0xfd, 0x5d, 0xfd, 0x5d, 0xfd, 0x5d, 0xfd, 0x5d, 0xfd, 0x5d, 0xfd, 0x5d, 0xfd, 0x5d, 0xfd, 0x5d,
0xfd, 0x5d, 0xfd, 0x5d, 0xfd, 0x5d, 0xfd, 0x5d, 0xfd, 0x5d, 0xfd, 0x5d, 0xfd, 0x5d, 0xfd, 0x5d, 0xfd, 0x5d, 0xfd, 0x5d, 0xfd, 0x5d, 0xfd, 0x5d,
0xfd, 0x5d, 0xfd, 0x5d, 0xfd, 0x5d, 0xfd, 0x5d, 0xfd, 0x5d, 0xfd, 0x5d, 0xfd, 0x5d, 0xfd, 0x5d, 0xfd, 0x5d, 0xfd, 0x5d, 0xfd, 0x5d, 0xfd, 0x5d,
0xfd, 0x5d, 0xfd, 0x5d, 0xfd, 0x5d, 0xfd, 0x5d, 0xfd, 0x5d, 0xfd, 0x5d, 0xfd, 0x5d, 0xfd, 0x5d, 0xfd, 0x5d, 0xfd, 0x5d, 0xfd, 0x5d, 0xfd, 0x5d,
0xfd, 0x5d, 0xfd, 0x5d, 0xfd, 0x5d, 0xfd, 0x5d, 0xfd, 0x5d, 0xfd, 0x5d, 0xfd, 0x5d, 0xfd, 0x5d, 0xfd, 0x5d, 0xfd, 0x5d, 0xfd, 0x5d, 0xfd, 0x5d,
0xfd, 0x5d, 0xfd, 0x5d, 0xfd, 0x5d, 0xfd, 0x5d, 0xfd, 0x5d, 0xfd, 0x5d, 0xfd, 0x5d, 0xfd, 0x5d, 0xfd, 0x5d, 0xfd, 0x5d, 0xfd, 0x5d, 0xfd, 0x5d,
0x3e, 0x76, 0x3f, 0xd7, 0x3f, 0xdf, 0x3f, 0xdf, 0x3f, 0xdf, 0xfb, 0x63, 0x38, 0x2a, 0x18, 0x2a, 0xf7, 0x29, 0x86, 0x08, 0x22, 0x00, 0x22, 0x00,
0x22, 0x00, 0x22, 0x00, 0x22, 0x00, 0x22, 0x00, 0x22, 0x00, 0x22, 0x00, 0x22, 0x00, 0x22, 0x00, 0x22, 0x00, 0x22, 0x00, 0x22, 0x00, 0x22, 0x00,
0x22, 0x00, 0x21, 0x00, 0x21, 0x00, 0x21, 0x00, 0x21, 0x00, 0x21, 0x00, 0x21, 0x00, 0x21, 0x00, 0x21, 0x00, 0x21, 0x00, 0x21, 0x00, 0x21, 0x00,
0x21, 0x00, 0x21, 0x00, 0x21, 0x00, 0x21, 0x00, 0x21, 0x00, 0x21, 0x00, 0x21, 0x00, 0x21, 0x00, 0x21, 0x00, 0x21, 0x00, 0x21, 0x00, 0x21, 0x00,
0x21, 0x00, 0x21, 0x00, 0x21, 0x00, 0x21, 0x00, 0x21, 0x00, 0x21, 0x00, 0x21, 0x00, 0x21, 0x00, 0x21, 0x00, 0x21, 0x00, 0x21, 0x00, 0x21, 0x00,
0x21, 0x00, 0x21, 0x00, 0x21, 0x00, 0x21, 0x00, 0x21, 0x00, 0x21, 0x00, 0x21, 0x00, 0x21, 0x00, 0x21, 0x00, 0x21, 0x00, 0x21, 0x00, 0x21, 0x00,
0x21, 0x00, 0x21, 0x00, 0x21, 0x00, 0x21, 0x00, 0x21, 0x00, 0x21, 0x00, 0x21, 0x00, 0x21, 0x00, 0x21, 0x00, 0x21, 0x00, 0x21, 0x00, 0x21, 0x00,
0x21, 0x00, 0x21, 0x00, 0x21, 0x00, 0x21, 0x00, 0x21, 0x00, 0x21, 0x00, 0x21, 0x00, 0x21, 0x00, 0x21, 0x00, 0x21, 0x00, 0x21, 0x00, 0x21, 0x00,
0x21, 0x00, 0x21, 0x00, 0x21, 0x00, 0x21, 0x00, 0x21, 0x00, 0x21, 0x00, 0x21, 0x00, 0x21, 0x00, 0x22, 0x00, 0x22, 0x00, 0x22, 0x00, 0x22, 0x00,
0x22, 0x00, 0x22, 0x00, 0x22, 0x00, 0x22, 0x00, 0x22, 0x00, 0x22, 0x00, 0x22, 0x00, 0x22, 0x00, 0x22, 0x00, 0x22, 0x00, 0x22, 0x00, 0x87, 0x08,
0xf7, 0x29, 0x18, 0x2a, 0x38, 0x2a, 0x9a, 0x5b, 0x3f, 0xdf, 0x3f, 0xdf, 0x3f, 0xdf, 0x3f, 0xdf, 0x7e, 0x8e, 0xfd, 0x5d, 0xfd, 0x5d, 0xfd, 0x5d,
0xfd, 0x5d, 0xfd, 0x5d, 0xfd, 0x5d, 0xfd, 0x5d, 0xfd, 0x5d, 0xfd, 0x5d, 0xfd, 0x5d, 0xfd, 0x5d, 0xfd, 0x5d, 0xfd, 0x5d, 0xfd, 0x5d, 0xfd, 0x5d,
0xfd, 0x5d, 0xfd, 0x5d, 0xfd, 0x5d, 0xfd, 0x5d, 0xfd, 0x5d, 0xfd, 0x5d, 0xfd, 0x5d, 0xfd, 0x5d, 0xfd, 0x5d, 0xfd, 0x5d, 0xfd, 0x5d, 0xfd, 0x5d,
0xfd, 0x5d, 0xfd, 0x5d, 0xfd, 0x5d, 0xfd, 0x5d, 0xfd, 0x5d, 0xfd, 0x5d, 0xfd, 0x5d, 0xfd, 0x5d, 0xfd, 0x5d, 0xfd, 0x5d, 0xfd, 0x5d, 0xfd, 0x5d,
0xfd, 0x5d, 0xfd, 0x5d, 0xfd, 0x5d, 0xfd, 0x5d, 0xfd, 0x5d, 0xfd, 0x5d, 0xfd, 0x5d, 0xfd, 0x5d, 0xfd, 0x5d, 0xfd, 0x5d, 0xfd, 0x5d, 0xfd, 0x5d,
0xfd, 0x5d, 0xfd, 0x5d, 0xfd, 0x5d, 0xfd, 0x5d, 0xfd, 0x5d, 0xfd, 0x5d, 0xfd, 0x5d, 0xfd, 0x5d, 0xfd, 0x5d, 0xfd, 0x5d, 0xfd, 0x5d, 0xfd, 0x5d,
0xfd, 0x5d, 0xfd, 0x5d, 0xfd, 0x5d, 0xfd, 0x5d, 0xfd, 0x5d, 0xfd, 0x5d, 0xfd, 0x5d, 0x3e, 0x76, 0x3f, 0xd7, 0x3f, 0xdf, 0x3f, 0xdf, 0x3f, 0xdf,
0xdc, 0x84, 0x58, 0x2a, 0x38, 0x2a, 0xf7, 0x29, 0x0c, 0x11, 0x22, 0x00, 0x22, 0x00, 0x22, 0x00, 0x22, 0x00, 0x22, 0x00, 0x22, 0x00, 0x22, 0x00,
0x22, 0x00, 0x22, 0x00, 0x22, 0x00, 0x22, 0x00, 0x22, 0x00, 0x22, 0x00, 0x22, 0x00, 0x22, 0x00, 0x21, 0x00, 0x21, 0x00, 0x21, 0x00, 0x21, 0x00,
0x21, 0x00, 0x21, 0x00, 0x21, 0x00, 0x21, 0x00, 0x21, 0x00, 0x21, 0x00, 0x21, 0x00, 0x21, 0x00, 0x21, 0x00, 0x21, 0x00, 0x21, 0x00, 0x21, 0x00,
0x21, 0x00, 0x21, 0x00, 0x21, 0x00, 0x21, 0x00, 0x21, 0x00, 0x21, 0x00, 0x21, 0x00, 0x21, 0x00, 0x21, 0x00, 0x21, 0x00, 0x21, 0x00, 0x21, 0x00,
0x21, 0x00, 0x21, 0x00, 0x21, 0x00, 0x21, 0x00, 0x21, 0x00, 0x21, 0x00, 0x21, 0x00, 0x21, 0x00, 0x21, 0x00, 0x21, 0x00, 0x21, 0x00, 0x21, 0x00,
0x21, 0x00, 0x21, 0x00, 0x21, 0x00, 0x21, 0x00, 0x21, 0x00, 0x21, 0x00, 0x21, 0x00, 0x21, 0x00, 0x21, 0x00, 0x21, 0x00, 0x21, 0x00, 0x21, 0x00,
0x21, 0x00, 0x21, 0x00, 0x21, 0x00, 0x21, 0x00, 0x21, 0x00, 0x21, 0x00, 0x21, 0x00, 0x21, 0x00, 0x21, 0x00, 0x21, 0x00, 0x21, 0x00, 0x21, 0x00,
0x21, 0x00, 0x21, 0x00, 0x21, 0x00, 0x21, 0x00, 0x21, 0x00, 0x21, 0x00, 0x21, 0x00, 0x21, 0x00, 0x21, 0x00, 0x21, 0x00, 0x21, 0x00, 0x21, 0x00,
0x21, 0x00, 0x21, 0x00, 0x21, 0x00, 0x21, 0x00, 0x21, 0x00, 0x22, 0x00, 0x22, 0x00, 0x22, 0x00, 0x22, 0x00, 0x22, 0x00, 0x22, 0x00, 0x22, 0x00,
0x22, 0x00, 0x22, 0x00, 0x22, 0x00, 0x22, 0x00, 0x22, 0x00, 0x22, 0x00, 0x22, 0x00, 0x22, 0x00, 0x2d, 0x19, 0xf7, 0x29, 0x18, 0x2a, 0x58, 0x2a,
0x3b, 0x74, 0x3f, 0xdf, 0x3f, 0xdf, 0x3f, 0xdf, 0x3f, 0xdf, 0x9e, 0x9e, 0xfd, 0x5d, 0xfd, 0x5d, 0xfd, 0x5d, 0xfd, 0x5d, 0xfd, 0x5d, 0xfd, 0x5d,
0xfd, 0x5d, 0xfd, 0x5d, 0xfd, 0x5d, 0xfd, 0x5d, 0xfd, 0x5d, 0xfd, 0x5d, 0xfd, 0x5d, 0xfd, 0x5d, 0xfd, 0x5d, 0xfd, 0x5d, 0xfd, 0x5d, 0xfd, 0x5d,
0xfd, 0x5d, 0xfd, 0x5d, 0xfd, 0x5d, 0xfd, 0x5d, 0xfd, 0x5d, 0xfd, 0x5d, 0xfd, 0x5d, 0xfd, 0x5d, 0xfd, 0x5d, 0xfd, 0x5d, 0xfd, 0x5d, 0xfd, 0x5d,
0xfd, 0x5d, 0xfd, 0x5d, 0xfd, 0x5d, 0xfd, 0x5d, 0xfd, 0x5d, 0xfd, 0x5d, 0xfd, 0x5d, 0xfd, 0x5d, 0xfd, 0x5d, 0xfd, 0x5d, 0xfd, 0x5d, 0xfd, 0x5d,
0xfd, 0x5d, 0xfd, 0x5d, 0xfd, 0x5d, 0xfd, 0x5d, 0xfd, 0x5d, 0xfd, 0x5d, 0xfd, 0x5d, 0xfd, 0x5d, 0xfd, 0x5d, 0xfd, 0x5d, 0xfd, 0x5d, 0xfd, 0x5d,
0xfd, 0x5d, 0xfd, 0x5d, 0xfd, 0x5d, 0xfd, 0x5d, 0xfd, 0x5d, 0xfd, 0x5d, 0xfd, 0x5d, 0xfd, 0x5d, 0xfd, 0x5d, 0xfd, 0x5d, 0xfd, 0x5d, 0xfd, 0x5d,
0xfd, 0x5d, 0xfd, 0x5d, 0x5e, 0x86, 0x3f, 0xd7, 0x3f, 0xdf, 0x3f, 0xdf, 0x3f, 0xdf, 0x7d, 0x9d, 0x58, 0x2a, 0x38, 0x2a, 0xf7, 0x29, 0x93, 0x21,
0x22, 0x00, 0x22, 0x00, 0x22, 0x00, 0x22, 0x00, 0x22, 0x00, 0x22, 0x00, 0x22, 0x00, 0x22, 0x00, 0x22, 0x00, 0x22, 0x00, 0x22, 0x00, 0x22, 0x00,
0x22, 0x00, 0x22, 0x00, 0x22, 0x00, 0x21, 0x00, 0x21, 0x00, 0x21, 0x00, 0x21, 0x00, 0x21, 0x00, 0x21, 0x00, 0x21, 0x00, 0x21, 0x00, 0x21, 0x00,
0x21, 0x00, 0x21, 0x00, 0x21, 0x00, 0x21, 0x00, 0x21, 0x00, 0x21, 0x00, 0x21, 0x00, 0x21, 0x00, 0x21, 0x00, 0x21, 0x00, 0x21, 0x00, 0x21, 0x00,
0x21, 0x00, 0x21, 0x00, 0x21, 0x00, 0x21, 0x00, 0x21, 0x00, 0x21, 0x00, 0x21, 0x00, 0x21, 0x00, 0x21, 0x00, 0x21, 0x00, 0x21, 0x00, 0x21, 0x00,
0x21, 0x00, 0x21, 0x00, 0x21, 0x00, 0x21, 0x00, 0x21, 0x00, 0x21, 0x00, 0x21, 0x00, 0x21, 0x00, 0x21, 0x00, 0x21, 0x00, 0x21, 0x00, 0x21, 0x00,
0x21, 0x00, 0x21, 0x00, 0x21, 0x00, 0x21, 0x00, 0x21, 0x00, 0x21, 0x00, 0x21, 0x00, 0x21, 0x00, 0x21, 0x00, 0x21, 0x00, 0x21, 0x00, 0x21, 0x00,
0x21, 0x00, 0x21, 0x00, 0x21, 0x00, 0x21, 0x00, 0x21, 0x00, 0x21, 0x00, 0x21, 0x00, 0x21, 0x00, 0x21, 0x00, 0x21, 0x00, 0x21, 0x00, 0x21, 0x00,
0x21, 0x00, 0x21, 0x00, 0x21, 0x00, 0x21, 0x00, 0x21, 0x00, 0x21, 0x00, 0x21, 0x00, 0x21, 0x00, 0x21, 0x00, 0x21, 0x00, 0x21, 0x00, 0x21, 0x00,
0x21, 0x00, 0x21, 0x00, 0x22, 0x00, 0x22, 0x00, 0x22, 0x00, 0x22, 0x00, 0x22, 0x00, 0x22, 0x00, 0x22, 0x00, 0x22, 0x00, 0x22, 0x00, 0x22, 0x00,
0x22, 0x00, 0x22, 0x00, 0x22, 0x00, 0x22, 0x00, 0x22, 0x00, 0x93, 0x21, 0xf7, 0x29, 0x38, 0x2a, 0x58, 0x2a, 0x3b, 0x74, 0x3f, 0xdf, 0x3f, 0xdf,
0x3f, 0xdf, 0x3f, 0xdf, 0xff, 0xbe, 0x1e, 0x6e, 0xfd, 0x5d, 0xfd, 0x5d, 0xfd, 0x5d, 0xfd, 0x5d, 0xfd, 0x5d, 0xfd, 0x5d, 0xfd, 0x5d, 0xfd, 0x5d,
0xfd, 0x5d, 0xfd, 0x5d, 0xfd, 0x5d, 0xfd, 0x5d, 0xfd, 0x5d, 0xfd, 0x5d, 0xfd, 0x5d, 0xfd, 0x5d, 0xfd, 0x5d, 0xfd, 0x5d, 0xfd, 0x5d, 0xfd, 0x5d,
0xfd, 0x5d, 0xfd, 0x5d, 0xfd, 0x5d, 0xfd, 0x5d, 0xfd, 0x5d, 0xfd, 0x5d, 0xfd, 0x5d, 0xfd, 0x5d, 0xfd, 0x5d, 0xfd, 0x5d, 0xfd, 0x5d, 0xfd, 0x5d,
0xfd, 0x5d, 0xfd, 0x5d, 0xfd, 0x5d, 0xfd, 0x5d, 0xfd, 0x5d, 0xfd, 0x5d, 0xfd, 0x5d, 0xfd, 0x5d, 0xfd, 0x5d, 0xfd, 0x5d, 0xfd, 0x5d, 0xfd, 0x5d,
0xfd, 0x5d, 0xfd, 0x5d, 0xfd, 0x5d, 0xfd, 0x5d, 0xfd, 0x5d, 0xfd, 0x5d, 0xfd, 0x5d, 0xfd, 0x5d, 0xfd, 0x5d, 0xfd, 0x5d, 0xfd, 0x5d, 0xfd, 0x5d,
0xfd, 0x5d, 0xfd, 0x5d, 0xfd, 0x5d, 0xfd, 0x5d, 0xfd, 0x5d, 0xfd, 0x5d, 0xfd, 0x5d, 0xfd, 0x5d, 0x1e, 0x66, 0xbf, 0xa6, 0x3f, 0xdf, 0x3f, 0xdf,
0x3f, 0xdf, 0x3f, 0xdf, 0x7d, 0x9d, 0x59, 0x2a, 0x38, 0x2a, 0x17, 0x2a, 0xd5, 0x21, 0x64, 0x08, 0x22, 0x00, 0x22, 0x00, 0x22, 0x00, 0x22, 0x00,
0x22, 0x00, 0x22, 0x00, 0x22, 0x00, 0x22, 0x00, 0x22, 0x00, 0x22, 0x00, 0x22, 0x00, 0x22, 0x00, 0x22, 0x00, 0x22, 0x00, 0x22, 0x00, 0x21, 0x00,
0x21, 0x00, 0x21, 0x00, 0x21, 0x00, 0x21, 0x00, 0x21, 0x00, 0x21, 0x00, 0x21, 0x00, 0x21, 0x00, 0x21, 0x00, 0x21, 0x00, 0x21, 0x00, 0x21, 0x00,
0x21, 0x00, 0x21, 0x00, 0x21, 0x00, 0x21, 0x00, 0x21, 0x00, 0x21, 0x00, 0x21, 0x00, 0x21, 0x00, 0x21, 0x00, 0x21, 0x00, 0x21, 0x00, 0x21, 0x00,
0x21, 0x00, 0x21, 0x00, 0x21, 0x00, 0x21, 0x00, 0x21, 0x00, 0x21, 0x00, 0x21, 0x00, 0x21, 0x00, 0x21, 0x00, 0x21, 0x00, 0x21, 0x00, 0x21, 0x00,
0x21, 0x00, 0x21, 0x00, 0x21, 0x00, 0x21, 0x00, 0x21, 0x00, 0x21, 0x00, 0x21, 0x00, 0x21, 0x00, 0x21, 0x00, 0x21, 0x00, 0x21, 0x00, 0x21, 0x00,
0x21, 0x00, 0x21, 0x00, 0x21, 0x00, 0x21, 0x00, 0x21, 0x00, 0x21, 0x00, 0x21, 0x00, 0x21, 0x00, 0x21, 0x00, 0x21, 0x00, 0x21, 0x00, 0x21, 0x00,
0x21, 0x00, 0x21, 0x00, 0x21, 0x00, 0x21, 0x00, 0x21, 0x00, 0x21, 0x00, 0x21, 0x00, 0x21, 0x00, 0x21, 0x00, 0x21, 0x00, 0x21, 0x00, 0x21, 0x00,
0x21, 0x00, 0x21, 0x00, 0x21, 0x00, 0x21, 0x00, 0x21, 0x00, 0x21, 0x00, 0x21, 0x00, 0x21, 0x00, 0x21, 0x00, 0x21, 0x00, 0x21, 0x00, 0x22, 0x00,
0x22, 0x00, 0x22, 0x00, 0x22, 0x00, 0x22, 0x00, 0x22, 0x00, 0x22, 0x00, 0x22, 0x00, 0x22, 0x00, 0x22, 0x00, 0x22, 0x00, 0x22, 0x00, 0x22, 0x00,
0x22, 0x00, 0x43, 0x00, 0x93, 0x21, 0x17, 0x2a, 0x38, 0x2a, 0x58, 0x2a, 0x3b, 0x74, 0x3f, 0xdf, 0x3f, 0xdf, 0x3f, 0xdf, 0x3f, 0xdf, 0x3f, 0xd7,
0x9e, 0x9e, 0x1e, 0x66, 0xfd, 0x5d, 0xfd, 0x5d, 0xfd, 0x5d, 0xfd, 0x5d, 0xfd, 0x5d, 0xfd, 0x5d, 0xfd, 0x5d, 0xfd, 0x5d, 0xfd, 0x5d, 0xfd, 0x5d,
0xfd, 0x5d, 0xfd, 0x5d, 0xfd, 0x5d, 0xfd, 0x5d, 0xfd, 0x5d, 0xfd, 0x5d, 0xfd, 0x5d, 0xfd, 0x5d, 0xfd, 0x5d, 0xfd, 0x5d, 0xfd, 0x5d, 0xfd, 0x5d,
0xfd, 0x5d, 0xfd, 0x5d, 0xfd, 0x5d, 0xfd, 0x5d, 0xfd, 0x5d, 0xfd, 0x5d, 0xfd, 0x5d, 0xfd, 0x5d, 0xfd, 0x5d, 0xfd, 0x5d, 0xfd, 0x5d, 0xfd, 0x5d,
0xfd, 0x5d, 0xfd, 0x5d, 0xfd, 0x5d, 0xfd, 0x5d, 0xfd, 0x5d, 0xfd, 0x5d, 0xfd, 0x5d, 0xfd, 0x5d, 0xfd, 0x5d, 0xfd, 0x5d, 0xfd, 0x5d, 0xfd, 0x5d,
0xfd, 0x5d, 0xfd, 0x5d, 0xfd, 0x5d, 0xfd, 0x5d, 0xfd, 0x5d, 0xfd, 0x5d, 0xfd, 0x5d, 0xfd, 0x5d, 0xfd, 0x5d, 0xfd, 0x5d, 0xfd, 0x5d, 0xfd, 0x5d,
0xfd, 0x5d, 0xfd, 0x5d, 0xfd, 0x5d, 0x7e, 0x8e, 0x1f, 0xcf, 0x3f, 0xdf, 0x3f, 0xdf, 0x3f, 0xdf, 0x3f, 0xdf, 0x7d, 0x9d, 0x59, 0x2a, 0x38, 0x2a,
0x17, 0x2a, 0xd6, 0x21, 0x86, 0x08, 0x22, 0x00, 0x22, 0x00, 0x22, 0x00, 0x22, 0x00, 0x22, 0x00, 0x22, 0x00, 0x22, 0x00, 0x22, 0x00, 0x22, 0x00,
0x22, 0x00, 0x22, 0x00, 0x22, 0x00, 0x22, 0x00, 0x22, 0x00, 0x22, 0x00, 0x21, 0x00, 0x21, 0x00, 0x21, 0x00, 0x21, 0x00, 0x21, 0x00, 0x21, 0x00,
0x21, 0x00, 0x21, 0x00, 0x21, 0x00, 0x21, 0x00, 0x21, 0x00, 0x21, 0x00, 0x21, 0x00, 0x21, 0x00, 0x21, 0x00, 0x21, 0x00, 0x21, 0x00, 0x21, 0x00,
0x21, 0x00, 0x21, 0x00, 0x21, 0x00, 0x21, 0x00, 0x21, 0x00, 0x21, 0x00, 0x21, 0x00, 0x21, 0x00, 0x21, 0x00, 0x21, 0x00, 0x21, 0x00, 0x21, 0x00,
0x21, 0x00, 0x21, 0x00, 0x21, 0x00, 0x21, 0x00, 0x21, 0x00, 0x21, 0x00, 0x21, 0x00, 0x21, 0x00, 0x21, 0x00, 0x21, 0x00, 0x21, 0x00, 0x21, 0x00,
0x21, 0x00, 0x21, 0x00, 0x21, 0x00, 0x21, 0x00, 0x21, 0x00, 0x21, 0x00, 0x21, 0x00, 0x21, 0x00, 0x21, 0x00, 0x21, 0x00, 0x21, 0x00, 0x21, 0x00,
0x21, 0x00, 0x21, 0x00, 0x21, 0x00, 0x21, 0x00, 0x21, 0x00, 0x21, 0x00, 0x21, 0x00, 0x21, 0x00, 0x21, 0x00, 0x21, 0x00, 0x21, 0x00, 0x21, 0x00,
0x21, 0x00, 0x21, 0x00, 0x21, 0x00, 0x21, 0x00, 0x21, 0x00, 0x21, 0x00, 0x21, 0x00, 0x21, 0x00, 0x21, 0x00, 0x21, 0x00, 0x21, 0x00, 0x21, 0x00,
0x21, 0x00, 0x21, 0x00, 0x21, 0x00, 0x21, 0x00, 0x21, 0x00, 0x21, 0x00, 0x21, 0x00, 0x21, 0x00, 0x22, 0x00, 0x22, 0x00, 0x22, 0x00, 0x22, 0x00,
0x22, 0x00, 0x22, 0x00, 0x22, 0x00, 0x22, 0x00, 0x22, 0x00, 0x22, 0x00, 0x22, 0x00, 0x22, 0x00, 0x22, 0x00, 0x22, 0x00, 0x86, 0x08, 0xd5, 0x21,
0x17, 0x2a, 0x38, 0x2a, 0x58, 0x2a, 0x9a, 0x5b, 0xff, 0xd6, 0x3f, 0xdf, 0x3f, 0xdf, 0x3f, 0xdf, 0x3f, 0xdf, 0x3f, 0xd7, 0x9e, 0x9e, 0x3e, 0x6e,
0x1d, 0x5e, 0x1d, 0x5e, 0x1d, 0x5e, 0x1d, 0x5e, 0x1d, 0x5e, 0x1d, 0x5e, 0x1d, 0x5e, 0x1d, 0x5e, 0x1d, 0x5e, 0x1d, 0x5e, 0x1d, 0x5e, 0x1d, 0x5e,
0x1d, 0x5e, 0x1d, 0x5e, 0x1d, 0x5e, 0x1d, 0x5e, 0x1d, 0x5e, 0x1d, 0x5e, 0x1d, 0x5e, 0x1d, 0x5e, 0x1d, 0x5e, 0x1d, 0x5e, 0x1d, 0x5e, 0x1d, 0x5e,
0x1d, 0x5e, 0x1d, 0x5e, 0x1d, 0x5e, 0x1d, 0x5e, 0x1d, 0x5e, 0x1d, 0x5e, 0x1d, 0x5e, 0x1d, 0x5e, 0x1d, 0x5e, 0x1d, 0x5e, 0x1d, 0x5e, 0x1d, 0x5e,
0x1d, 0x5e, 0x1d, 0x5e, 0x1d, 0x5e, 0x1d, 0x5e, 0x1d, 0x5e, 0x1d, 0x5e, 0x1d, 0x5e, 0x1d, 0x5e, 0x1d, 0x5e, 0x1d, 0x5e, 0x1d, 0x5e, 0x1d, 0x5e,
0x1d, 0x5e, 0x1d, 0x5e, 0x1d, 0x5e, 0x1d, 0x5e, 0x1d, 0x5e, 0x1d, 0x5e, 0x1d, 0x5e, 0x1d, 0x5e, 0x1e, 0x66, 0x7e, 0x8e, 0x1f, 0xcf, 0x3f, 0xdf,
0x3f, 0xdf, 0x3f, 0xdf, 0x3f, 0xdf, 0x3f, 0xdf, 0x9c, 0x7c, 0x58, 0x2a, 0x38, 0x2a, 0x17, 0x2a, 0xf7, 0x29, 0xca, 0x10, 0x22, 0x00, 0x22, 0x00,
0x22, 0x00, 0x22, 0x00, 0x22, 0x00, 0x22, 0x00, 0x22, 0x00, 0x22, 0x00, 0x22, 0x00, 0x22, 0x00, 0x22, 0x00, 0x22, 0x00, 0x22, 0x00, 0x22, 0x00,
0x22, 0x00, 0x21, 0x00, 0x21, 0x00, 0x21, 0x00, 0x21, 0x00, 0x21, 0x00, 0x21, 0x00, 0x21, 0x00, 0x21, 0x00, 0x21, 0x00, 0x21, 0x00, 0x21, 0x00,
0x21, 0x00, 0x21, 0x00, 0x21, 0x00, 0x21, 0x00, 0x21, 0x00, 0x21, 0x00, 0x21, 0x00, 0x21, 0x00, 0x21, 0x00, 0x21, 0x00, 0x21, 0x00, 0x21, 0x00,
0x21, 0x00, 0x21, 0x00, 0x21, 0x00, 0x21, 0x00, 0x21, 0x00, 0x21, 0x00, 0x21, 0x00, 0x21, 0x00, 0x21, 0x00, 0x21, 0x00, 0x21, 0x00, 0x21, 0x00,
0x21, 0x00, 0x21, 0x00, 0x21, 0x00, 0x21, 0x00, 0x21, 0x00, 0x21, 0x00, 0x21, 0x00, 0x21, 0x00, 0x21, 0x00, 0x21, 0x00, 0x21, 0x00, 0x21, 0x00,
0x21, 0x00, 0x21, 0x00, 0x21, 0x00, 0x21, 0x00, 0x21, 0x00, 0x21, 0x00, 0x21, 0x00, 0x21, 0x00, 0x21, 0x00, 0x21, 0x00, 0x21, 0x00, 0x21, 0x00,
0x21, 0x00, 0x21, 0x00, 0x21, 0x00, 0x21, 0x00, 0x21, 0x00, 0x21, 0x00, 0x21, 0x00, 0x21, 0x00, 0x21, 0x00, 0x21, 0x00, 0x21, 0x00, 0x21, 0x00,
0x21, 0x00, 0x21, 0x00, 0x21, 0x00, 0x21, 0x00, 0x21, 0x00, 0x21, 0x00, 0x21, 0x00, 0x21, 0x00, 0x21, 0x00, 0x21, 0x00, 0x21, 0x00, 0x21, 0x00,
0x21, 0x00, 0x21, 0x00, 0x21, 0x00, 0x21, 0x00, 0x21, 0x00, 0x22, 0x00, 0x22, 0x00, 0x22, 0x00, 0x22, 0x00, 0x22, 0x00, 0x22, 0x00, 0x22, 0x00,
0x22, 0x00, 0x22, 0x00, 0x22, 0x00, 0x22, 0x00, 0x22, 0x00, 0x22, 0x00, 0x22, 0x00, 0x86, 0x08, 0xd5, 0x21, 0xf7, 0x29, 0x18, 0x2a, 0x38, 0x2a,
0xb9, 0x3a, 0xbd, 0xad, 0x3f, 0xdf, 0x3f, 0xdf, 0x3f, 0xdf, 0x3f, 0xdf, 0x3f, 0xdf, 0x3f, 0xdf, 0xdf, 0xb6, 0x9e, 0x96, 0x3e, 0x76, 0x1d, 0x5e,
0x1d, 0x5e, 0x1d, 0x5e, 0x1d, 0x5e, 0x1d, 0x5e, 0x1d, 0x5e, 0x1d, 0x5e, 0x1d, 0x5e, 0x1d, 0x5e, 0x1d, 0x5e, 0x1d, 0x5e, 0x1d, 0x5e, 0x1d, 0x5e,
0x1d, 0x5e, 0x3e, 0x76, 0x5e, 0x7e, 0x9e, 0x96, 0x9e, 0x9e, 0xdf, 0xb6, 0xff, 0xbe, 0xff, 0xc6, 0x3f, 0xdf, 0x3f, 0xdf, 0x3f, 0xdf, 0x3f, 0xdf,
0x3f, 0xdf, 0x3f, 0xdf, 0x3f, 0xdf, 0x3f, 0xdf, 0x1f, 0xcf, 0xff, 0xbe, 0xff, 0xbe, 0x9e, 0x9e, 0x9e, 0x9e, 0x5e, 0x7e, 0x5e, 0x7e, 0x1d, 0x5e,
0x1d, 0x5e, 0x1d, 0x5e, 0x1d, 0x5e, 0x1d, 0x5e, 0x1d, 0x5e, 0x1d, 0x5e, 0x1d, 0x5e, 0x1d, 0x5e, 0x1d, 0x5e, 0x1d, 0x5e, 0x1d, 0x5e, 0x1d, 0x5e,
0x1d, 0x5e, 0x3e, 0x6e, 0x7e, 0x8e, 0xdf, 0xae, 0x3f, 0xd7, 0x3f, 0xdf, 0x3f, 0xdf, 0x3f, 0xdf, 0x3f, 0xdf, 0x3f, 0xdf, 0x5e, 0xbe, 0x5a, 0x53,
0x58, 0x2a, 0x38, 0x2a, 0x17, 0x2a, 0xf7, 0x29, 0xca, 0x10, 0x22, 0x00, 0x22, 0x00, 0x22, 0x00, 0x22, 0x00, 0x22, 0x00, 0x22, 0x00, 0x22, 0x00,
0x22, 0x00, 0x22, 0x00, 0x22, 0x00, 0x22, 0x00, 0x22, 0x00, 0x22, 0x00, 0x22, 0x00, 0x22, 0x00, 0x21, 0x00, 0x21, 0x00, 0x21, 0x00, 0x21, 0x00,
0x21, 0x00, 0x21, 0x00, 0x21, 0x00, 0x21, 0x00, 0x21, 0x00, 0x21, 0x00, 0x21, 0x00, 0x21, 0x00, 0x21, 0x00, 0x21, 0x00, 0x21, 0x00, 0x21, 0x00,
0x21, 0x00, 0x21, 0x00, 0x21, 0x00, 0x21, 0x00, 0x21, 0x00, 0x21, 0x00, 0x21, 0x00, 0x21, 0x00, 0x21, 0x00, 0x21, 0x00, 0x21, 0x00, 0x21, 0x00,
0x21, 0x00, 0x21, 0x00, 0x21, 0x00, 0x21, 0x00, 0x21, 0x00, 0x21, 0x00, 0x21, 0x00, 0x21, 0x00, 0x21, 0x00, 0x21, 0x00, 0x21, 0x00, 0x21, 0x00,
0x21, 0x00, 0x21, 0x00, 0x21, 0x00, 0x21, 0x00, 0x21, 0x00, 0x21, 0x00, 0x21, 0x00, 0x21, 0x00, 0x21, 0x00, 0x21, 0x00, 0x21, 0x00, 0x21, 0x00,
0x21, 0x00, 0x21, 0x00, 0x21, 0x00, 0x21, 0x00, 0x21, 0x00, 0x21, 0x00, 0x21, 0x00, 0x21, 0x00, 0x21, 0x00, 0x21, 0x00, 0x21, 0x00, 0x21, 0x00,
0x21, 0x00, 0x21, 0x00, 0x21, 0x00, 0x21, 0x00, 0x21, 0x00, 0x21, 0x00, 0x21, 0x00, 0x21, 0x00, 0x21, 0x00, 0x21, 0x00, 0x21, 0x00, 0x21, 0x00,
0x21, 0x00, 0x21, 0x00, 0x21, 0x00, 0x21, 0x00, 0x21, 0x00, 0x21, 0x00, 0x21, 0x00, 0x21, 0x00, 0x21, 0x00, 0x21, 0x00, 0x21, 0x00, 0x21, 0x00,
0x21, 0x00, 0x21, 0x00, 0x22, 0x00, 0x22, 0x00, 0x22, 0x00, 0x22, 0x00, 0x22, 0x00, 0x22, 0x00, 0x22, 0x00, 0x22, 0x00, 0x22, 0x00, 0x22, 0x00,
0x22, 0x00, 0x22, 0x00, 0x22, 0x00, 0x22, 0x00, 0x43, 0x00, 0x93, 0x21, 0xf7, 0x29, 0x18, 0x2a, 0x38, 0x2a, 0x58, 0x2a, 0xfb, 0x63, 0xbf, 0xce,
0x3f, 0xdf, 0x3f, 0xdf, 0x3f, 0xdf, 0x3f, 0xdf, 0x3f, 0xdf, 0x3f, 0xdf, 0x3f, 0xdf, 0x3f, 0xdf, 0xff, 0xbe, 0xff, 0xbe, 0xbe, 0xa6, 0xbe, 0x9e,
0xbe, 0x9e, 0xbe, 0x9e, 0xbe, 0x9e, 0xbe, 0x9e, 0xdf, 0xae, 0xff, 0xbe, 0xff, 0xbe, 0x3f, 0xd7, 0x3f, 0xdf, 0x3f, 0xdf, 0x3f, 0xdf, 0x3f, 0xdf,
0x3f, 0xdf, 0x3f, 0xdf, 0x3f, 0xdf, 0x3f, 0xdf, 0x3f, 0xdf, 0x3f, 0xdf, 0x3f, 0xdf, 0x3f, 0xdf, 0x3f, 0xdf, 0x3f, 0xdf, 0x3f, 0xdf, 0x3f, 0xdf,
0x3f, 0xdf, 0x3f, 0xdf, 0x3f, 0xdf, 0x3f, 0xdf, 0x3f, 0xdf, 0x3f, 0xdf, 0x3f, 0xdf, 0x3f, 0xdf, 0x3f, 0xdf, 0xff, 0xbe, 0xff, 0xbe, 0xdf, 0xb6,
0xbe, 0x9e, 0xbe, 0x9e, 0xbe, 0x9e, 0xbe, 0x9e, 0xbe, 0x9e, 0xbe, 0x9e, 0xff, 0xbe, 0xff, 0xbe, 0x3f, 0xd7, 0x3f, 0xdf, 0x3f, 0xdf, 0x3f, 0xdf,
0x3f, 0xdf, 0x3f, 0xdf, 0x3f, 0xdf, 0x3f, 0xdf, 0xff, 0xd6, 0xdc, 0x84, 0x59, 0x2a, 0x38, 0x2a, 0x18, 0x2a, 0xf7, 0x29, 0xd5, 0x21, 0x86, 0x08,
0x22, 0x00, 0x22, 0x00, 0x22, 0x00, 0x22, 0x00, 0x22, 0x00, 0x22, 0x00, 0x22, 0x00, 0x22, 0x00, 0x22, 0x00, 0x22, 0x00, 0x22, 0x00, 0x22, 0x00,
0x22, 0x00, 0x22, 0x00, 0x22, 0x00, 0x21, 0x00, 0x21, 0x00, 0x21, 0x00, 0x21, 0x00, 0x21, 0x00, 0x21, 0x00, 0x21, 0x00, 0x21, 0x00, 0x21, 0x00,
0x21, 0x00, 0x21, 0x00, 0x21, 0x00, 0x21, 0x00, 0x21, 0x00, 0x21, 0x00, 0x21, 0x00, 0x21, 0x00, 0x21, 0x00, 0x21, 0x00, 0x21, 0x00, 0x21, 0x00,
0x21, 0x00, 0x21, 0x00, 0x21, 0x00, 0x21, 0x00, 0x21, 0x00, 0x21, 0x00, 0x21, 0x00, 0x21, 0x00, 0x21, 0x00, 0x21, 0x00, 0x21, 0x00, 0x21, 0x00,
0x21, 0x00, 0x21, 0x00, 0x21, 0x00, 0x21, 0x00, 0x21, 0x00, 0x21, 0x00, 0x21, 0x00, 0x21, 0x00, 0x21, 0x00, 0x21, 0x00, 0x21, 0x00, 0x21, 0x00,
0x21, 0x00, 0x21, 0x00, 0x21, 0x00, 0x21, 0x00, 0x21, 0x00, 0x21, 0x00, 0x21, 0x00, 0x21, 0x00, 0x21, 0x00, 0x21, 0x00, 0x21, 0x00, 0x21, 0x00,
0x21, 0x00, 0x21, 0x00, 0x21, 0x00, 0x21, 0x00, 0x21, 0x00, 0x21, 0x00, 0x21, 0x00, 0x21, 0x00, 0x21, 0x00, 0x21, 0x00, 0x21, 0x00, 0x21, 0x00,
0x21, 0x00, 0x21, 0x00, 0x21, 0x00, 0x21, 0x00, 0x21, 0x00, 0x21, 0x00, 0x21, 0x00, 0x21, 0x00, 0x21, 0x00, 0x21, 0x00, 0x21, 0x00, 0x21, 0x00,
0x21, 0x00, 0x21, 0x00, 0x21, 0x00, 0x21, 0x00, 0x21, 0x00, 0x21, 0x00, 0x21, 0x00, 0x21, 0x00, 0x21, 0x00, 0x21, 0x00, 0x21, 0x00, 0x22, 0x00,
0x22, 0x00, 0x22, 0x00, 0x22, 0x00, 0x22, 0x00, 0x22, 0x00, 0x22, 0x00, 0x22, 0x00, 0x22, 0x00, 0x22, 0x00, 0x22, 0x00, 0x22, 0x00, 0x22, 0x00,
0x22, 0x00, 0x43, 0x00, 0x2f, 0x19, 0xf7, 0x29, 0x17, 0x2a, 0x38, 0x2a, 0x38, 0x2a, 0x59, 0x2a, 0x3b, 0x74, 0x1e, 0xb6, 0x3f, 0xdf, 0x3f, 0xdf,
0x3f, 0xdf, 0x3f, 0xdf, 0x3f, 0xdf, 0x3f, 0xdf, 0x3f, 0xdf, 0x3f, 0xdf, 0x3f, 0xdf, 0x3f, 0xdf, 0x3f, 0xdf, 0x3f, 0xdf, 0x3f, 0xdf, 0x3f, 0xdf,
0x3f, 0xdf, 0x3f, 0xdf, 0x3f, 0xdf, 0x3f, 0xdf, 0x3f, 0xdf, 0x3f, 0xdf, 0x3f, 0xdf, 0x3f, 0xdf, 0x3f, 0xdf, 0x3f, 0xdf, 0x3f, 0xdf, 0x3f, 0xdf,
0x3f, 0xdf, 0x3f, 0xdf, 0x3f, 0xdf, 0x3f, 0xdf, 0x3f, 0xdf, 0x3f, 0xdf, 0x3f, 0xdf, 0x3f, 0xdf, 0x3f, 0xdf, 0x3f, 0xdf, 0x3f, 0xdf, 0x3f, 0xdf,
0x3f, 0xdf, 0x3f, 0xdf, 0x3f, 0xdf, 0x3f, 0xdf, 0x3f, 0xdf, 0x3f, 0xdf, 0x3f, 0xdf, 0x3f, 0xdf, 0x3f, 0xdf, 0x3f, 0xdf, 0x3f, 0xdf, 0x3f, 0xdf,
0x3f, 0xdf, 0x3f, 0xdf, 0x3f, 0xdf, 0x3f, 0xdf, 0x3f, 0xdf, 0x3f, 0xdf, 0x3f, 0xdf, 0x3f, 0xdf, 0x3f, 0xdf, 0x3f, 0xdf, 0xbf, 0xce, 0x9c, 0x7c,
0xb9, 0x3a, 0x58, 0x2a, 0x38, 0x2a, 0x17, 0x2a, 0xf7, 0x29, 0x93, 0x21, 0x64, 0x08, 0x22, 0x00, 0x22, 0x00, 0x22, 0x00, 0x22, 0x00, 0x22, 0x00,
0x22, 0x00, 0x22, 0x00, 0x22, 0x00, 0x22, 0x00, 0x22, 0x00, 0x22, 0x00, 0x22, 0x00, 0x22, 0x00, 0x22, 0x00, 0x21, 0x00, 0x21, 0x00, 0x21, 0x00,
0x21, 0x00, 0x21, 0x00, 0x21, 0x00, 0x21, 0x00, 0x21, 0x00, 0x21, 0x00, 0x21, 0x00, 0x21, 0x00, 0x21, 0x00, 0x21, 0x00, 0x21, 0x00, 0x21, 0x00,
0x21, 0x00, 0x21, 0x00, 0x21, 0x00, 0x21, 0x00, 0x21, 0x00, 0x21, 0x00, 0x21, 0x00, 0x21, 0x00, 0x21, 0x00, 0x21, 0x00, 0x21, 0x00, 0x21, 0x00,
0x21, 0x00, 0x21, 0x00, 0x21, 0x00, 0x21, 0x00, 0x21, 0x00, 0x21, 0x00, 0x21, 0x00, 0x21, 0x00, 0x21, 0x00, 0x21, 0x00, 0x21, 0x00, 0x21, 0x00,
0x21, 0x00, 0x21, 0x00, 0x21, 0x00, 0x21, 0x00, 0x21, 0x00, 0x21, 0x00, 0x21, 0x00, 0x21, 0x00, 0x21, 0x00, 0x21, 0x00, 0x21, 0x00, 0x21, 0x00,
0x21, 0x00, 0x21, 0x00, 0x21, 0x00, 0x21, 0x00, 0x21, 0x00, 0x21, 0x00, 0x21, 0x00, 0x21, 0x00, 0x21, 0x00, 0x21, 0x00, 0x21, 0x00, 0x21, 0x00,
0x21, 0x00, 0x21, 0x00, 0x21, 0x00, 0x21, 0x00, 0x21, 0x00, 0x21, 0x00, 0x21, 0x00, 0x21, 0x00, 0x21, 0x00, 0x21, 0x00, 0x21, 0x00, 0x21, 0x00,
0x21, 0x00, 0x21, 0x00, 0x21, 0x00, 0x21, 0x00, 0x21, 0x00, 0x21, 0x00, 0x21, 0x00, 0x21, 0x00, 0x21, 0x00, 0x21, 0x00, 0x21, 0x00, 0x21, 0x00,
0x21, 0x00, 0x21, 0x00, 0x21, 0x00, 0x21, 0x00, 0x21, 0x00, 0x21, 0x00, 0x21, 0x00, 0x21, 0x00, 0x22, 0x00, 0x22, 0x00, 0x22, 0x00, 0x22, 0x00,
0x22, 0x00, 0x22, 0x00, 0x22, 0x00, 0x22, 0x00, 0x22, 0x00, 0x22, 0x00, 0x22, 0x00, 0x22, 0x00, 0x22, 0x00, 0x22, 0x00, 0x22, 0x00, 0xa8, 0x08,
0xd5, 0x21, 0xf7, 0x29, 0x17, 0x2a, 0x38, 0x2a, 0x38, 0x2a, 0x58, 0x2a, 0xf9, 0x42, 0x9c, 0x7c, 0x1e, 0xb6, 0x3f, 0xdf, 0x3f, 0xdf, 0x3f, 0xdf,
0x3f, 0xdf, 0x3f, 0xdf, 0x3f, 0xdf, 0x3f, 0xdf, 0x3f, 0xdf, 0x3f, 0xdf, 0x3f, 0xdf, 0x3f, 0xdf, 0x3f, 0xdf, 0x3f, 0xdf, 0x3f, 0xdf, 0x3f, 0xdf,
0x3f, 0xdf, 0x3f, 0xdf, 0x3f, 0xdf, 0xff, 0xd6, 0x1e, 0xb6, 0x1e, 0xb6, 0x1d, 0x95, 0xdc, 0x84, 0xdc, 0x84, 0x9c, 0x7c, 0x9a, 0x5b, 0x9a, 0x5b,
0x9a, 0x5b, 0x9a, 0x5b, 0x3b, 0x74, 0xdc, 0x84, 0xdc, 0x84, 0xdc, 0x8c, 0x1e, 0xb6, 0x1e, 0xb6, 0xbf, 0xce, 0x3f, 0xdf, 0x3f, 0xdf, 0x3f, 0xdf,
0x3f, 0xdf, 0x3f, 0xdf, 0x3f, 0xdf, 0x3f, 0xdf, 0x3f, 0xdf, 0x3f, 0xdf, 0x3f, 0xdf, 0x3f, 0xdf, 0x3f, 0xdf, 0x3f, 0xdf, 0x3f, 0xdf, 0x3f, 0xdf,
0x3f, 0xdf, 0x3f, 0xdf, 0x3f, 0xdf, 0x5e, 0xbe, 0x1c, 0x95, 0x5a, 0x53, 0x59, 0x2a, 0x58, 0x2a, 0x38, 0x2a, 0x18, 0x2a, 0xf7, 0x29, 0xf7, 0x29,
0x0c, 0x11, 0x22, 0x00, 0x22, 0x00, 0x22, 0x00, 0x22, 0x00, 0x22, 0x00, 0x22, 0x00, 0x22, 0x00, 0x22, 0x00, 0x22, 0x00, 0x22, 0x00, 0x22, 0x00,
0x22, 0x00, 0x22, 0x00, 0x22, 0x00, 0x22, 0x00, 0x21, 0x00, 0x21, 0x00, 0x21, 0x00, 0x21, 0x00, 0x21, 0x00, 0x21, 0x00, 0x21, 0x00, 0x21, 0x00,
0x21, 0x00, 0x21, 0x00, 0x21, 0x00, 0x21, 0x00, 0x21, 0x00, 0x21, 0x00, 0x21, 0x00, 0x21, 0x00, 0x21, 0x00, 0x21, 0x00, 0x21, 0x00, 0x21, 0x00,
0x21, 0x00, 0x21, 0x00, 0x21, 0x00, 0x21, 0x00, 0x21, 0x00, 0x21, 0x00, 0x21, 0x00, 0x21, 0x00, 0x21, 0x00, 0x21, 0x00, 0x21, 0x00, 0x21, 0x00,
0x21, 0x00, 0x21, 0x00, 0x21, 0x00, 0x21, 0x00, 0x21, 0x00, 0x21, 0x00, 0x21, 0x00, 0x21, 0x00, 0x21, 0x00, 0x21, 0x00, 0x21, 0x00, 0x21, 0x00,
0x21, 0x00, 0x21, 0x00, 0x21, 0x00, 0x21, 0x00, 0x21, 0x00, 0x21, 0x00, 0x21, 0x00, 0x21, 0x00, 0x21, 0x00, 0x21, 0x00, 0x21, 0x00, 0x21, 0x00,
0x21, 0x00, 0x21, 0x00, 0x21, 0x00, 0x21, 0x00, 0x21, 0x00, 0x21, 0x00, 0x21, 0x00, 0x21, 0x00, 0x21, 0x00, 0x21, 0x00, 0x21, 0x00, 0x21, 0x00,
0x21, 0x00, 0x21, 0x00, 0x21, 0x00, 0x21, 0x00, 0x21, 0x00, 0x21, 0x00, 0x21, 0x00, 0x21, 0x00, 0x21, 0x00, 0x21, 0x00, 0x21, 0x00, 0x21, 0x00,
0x21, 0x00, 0x21, 0x00, 0x21, 0x00, 0x21, 0x00, 0x21, 0x00, 0x21, 0x00, 0x21, 0x00, 0x21, 0x00, 0x21, 0x00, 0x21, 0x00, 0x21, 0x00, 0x21, 0x00,
0x21, 0x00, 0x21, 0x00, 0x21, 0x00, 0x21, 0x00, 0x21, 0x00, 0x22, 0x00, 0x22, 0x00, 0x22, 0x00, 0x22, 0x00, 0x22, 0x00, 0x22, 0x00, 0x22, 0x00,
0x22, 0x00, 0x22, 0x00, 0x22, 0x00, 0x22, 0x00, 0x22, 0x00, 0x22, 0x00, 0x22, 0x00, 0x22, 0x00, 0x43, 0x00, 0x0c, 0x11, 0xd5, 0x21, 0xf7, 0x29,
0x17, 0x2a, 0x18, 0x2a, 0x38, 0x2a, 0x58, 0x2a, 0x58, 0x2a, 0x59, 0x2a, 0x9a, 0x5b, 0x3b, 0x74, 0xdc, 0x84, 0x1d, 0x95, 0x1e, 0xb6, 0x1e, 0xb6,
0x1e, 0xb6, 0x1e, 0xb6, 0x1e, 0xb6, 0x1e, 0xb6, 0xdc, 0x8c, 0xdc, 0x84, 0xdc, 0x84, 0x9a, 0x5b, 0x9a, 0x5b, 0xf9, 0x42, 0x59, 0x2a, 0x58, 0x2a,
0x58, 0x2a, 0x58, 0x2a, 0x58, 0x2a, 0x38, 0x2a, 0x38, 0x2a, 0x38, 0x2a, 0x38, 0x2a, 0x38, 0x2a, 0x38, 0x2a, 0x38, 0x2a, 0x38, 0x2a, 0x38, 0x2a,
0x38, 0x2a, 0x58, 0x2a, 0x58, 0x2a, 0x58, 0x2a, 0x58, 0x2a, 0x59, 0x2a, 0xb9, 0x3a, 0x9a, 0x5b, 0x9a, 0x5b, 0x9c, 0x7c, 0xdc, 0x84, 0xdc, 0x8c,
0xbd, 0xad, 0x1e, 0xb6, 0x1e, 0xb6, 0x1e, 0xb6, 0x1e, 0xb6, 0x1e, 0xb6, 0x7d, 0x9d, 0xdc, 0x84, 0x9c, 0x7c, 0x9a, 0x5b, 0xb9, 0x3a, 0x58, 0x2a,
0x58, 0x2a, 0x38, 0x2a, 0x38, 0x2a, 0x17, 0x2a, 0xf7, 0x29, 0xf7, 0x29, 0x2f, 0x19, 0x64, 0x08, 0x22, 0x00, 0x22, 0x00, 0x22, 0x00, 0x22, 0x00,
0x22, 0x00, 0x22, 0x00, 0x22, 0x00, 0x22, 0x00, 0x22, 0x00, 0x22, 0x00, 0x22, 0x00, 0x22, 0x00, 0x22, 0x00, 0x22, 0x00, 0x22, 0x00, 0x21, 0x00,
0x21, 0x00, 0x21, 0x00, 0x21, 0x00, 0x21, 0x00, 0x21, 0x00, 0x21, 0x00, 0x21, 0x00, 0x21, 0x00, 0x21, 0x00, 0x21, 0x00, 0x21, 0x00, 0x21, 0x00,
0x21, 0x00, 0x21, 0x00, 0x21, 0x00, 0x21, 0x00, 0x21, 0x00, 0x21, 0x00, 0x21, 0x00, 0x21, 0x00, 0x21, 0x00, 0x21, 0x00, 0x21, 0x00, 0x21, 0x00,
0x21, 0x00, 0x21, 0x00, 0x21, 0x00, 0x21, 0x00, 0x21, 0x00, 0x21, 0x00, 0x21, 0x00, 0x21, 0x00, 0x21, 0x00, 0x21, 0x00, 0x21, 0x00, 0x21, 0x00,
0x21, 0x00, 0x21, 0x00, 0x21, 0x00, 0x21, 0x00, 0x21, 0x00, 0x21, 0x00, 0x21, 0x00, 0x21, 0x00, 0x21, 0x00, 0x21, 0x00, 0x21, 0x00, 0x21, 0x00,
0x21, 0x00, 0x21, 0x00, 0x21, 0x00, 0x21, 0x00, 0x21, 0x00, 0x21, 0x00, 0x21, 0x00, 0x21, 0x00, 0x21, 0x00, 0x21, 0x00, 0x21, 0x00, 0x21, 0x00,
0x21, 0x00, 0x21, 0x00, 0x21, 0x00, 0x21, 0x00, 0x21, 0x00, 0x21, 0x00, 0x21, 0x00, 0x21, 0x00, 0x21, 0x00, 0x21, 0x00, 0x21, 0x00, 0x21, 0x00,
0x21, 0x00, 0x21, 0x00, 0x21, 0x00, 0x21, 0x00, 0x21, 0x00, 0x21, 0x00, 0x21, 0x00, 0x21, 0x00, 0x21, 0x00, 0x21, 0x00, 0x21, 0x00, 0x21, 0x00,
0x21, 0x00, 0x21, 0x00, 0x21, 0x00, 0x21, 0x00, 0x21, 0x00, 0x21, 0x00, 0x21, 0x00, 0x21, 0x00, 0x21, 0x00, 0x21, 0x00, 0x21, 0x00, 0x21, 0x00,
0x21, 0x00, 0x21, 0x00, 0x22, 0x00, 0x22, 0x00, 0x22, 0x00, 0x22, 0x00, 0x22, 0x00, 0x22, 0x00, 0x22, 0x00, 0x22, 0x00, 0x22, 0x00, 0x22, 0x00,
0x22, 0x00, 0x22, 0x00, 0x22, 0x00, 0x22, 0x00, 0x22, 0x00, 0x22, 0x00, 0x43, 0x00, 0x0c, 0x11, 0xb4, 0x21, 0xf7, 0x29, 0xf7, 0x29, 0x17, 0x2a,
0x18, 0x2a, 0x38, 0x2a, 0x38, 0x2a, 0x38, 0x2a, 0x38, 0x2a, 0x58, 0x2a, 0x58, 0x2a, 0x58, 0x2a, 0x58, 0x2a, 0x58, 0x2a, 0x58, 0x2a, 0x58, 0x2a,
0x58, 0x2a, 0x38, 0x2a, 0x38, 0x2a, 0x38, 0x2a, 0x38, 0x2a, 0x38, 0x2a, 0x38, 0x2a, 0x18, 0x2a, 0x18, 0x2a, 0x18, 0x2a, 0x17, 0x2a, 0x17, 0x2a,
0x17, 0x2a, 0x17, 0x2a, 0x17, 0x2a, 0x17, 0x2a, 0x17, 0x2a, 0x17, 0x2a, 0x17, 0x2a, 0x17, 0x2a, 0x17, 0x2a, 0x17, 0x2a, 0x18, 0x2a, 0x18, 0x2a,
0x18, 0x2a, 0x38, 0x2a, 0x38, 0x2a, 0x38, 0x2a, 0x38, 0x2a, 0x38, 0x2a, 0x38, 0x2a, 0x58, 0x2a, 0x58, 0x2a, 0x58, 0x2a, 0x58, 0x2a, 0x58, 0x2a,
0x58, 0x2a, 0x58, 0x2a, 0x58, 0x2a, 0x38, 0x2a, 0x38, 0x2a, 0x38, 0x2a, 0x38, 0x2a, 0x18, 0x2a, 0x17, 0x2a, 0x17, 0x2a, 0xf7, 0x29, 0xd5, 0x21,
0x2f, 0x19, 0x64, 0x08, 0x22, 0x00, 0x22, 0x00, 0x22, 0x00, 0x22, 0x00, 0x22, 0x00, 0x22, 0x00, 0x22, 0x00, 0x22, 0x00, 0x22, 0x00, 0x22, 0x00,
0x22, 0x00, 0x22, 0x00, 0x22, 0x00, 0x22, 0x00, 0x22, 0x00, 0x22, 0x00, 0x21, 0x00, 0x21, 0x00, 0x21, 0x00, 0x21, 0x00, 0x21, 0x00, 0x21, 0x00,
0x21, 0x00, 0x21, 0x00, 0x21, 0x00, 0x21, 0x00, 0x21, 0x00, 0x21, 0x00, 0x21, 0x00, 0x21, 0x00, 0x21, 0x00, 0x21, 0x00, 0x21, 0x00, 0x21, 0x00,
0x21, 0x00, 0x21, 0x00, 0x21, 0x00, 0x21, 0x00, 0x21, 0x00, 0x21, 0x00, 0x21, 0x00, 0x21, 0x00, 0x21, 0x00, 0x21, 0x00, 0x21, 0x00, 0x21, 0x00,
0x21, 0x00, 0x21, 0x00, 0x21, 0x00, 0x21, 0x00, 0x21, 0x00, 0x21, 0x00, 0x21, 0x00, 0x21, 0x00, 0x21, 0x00, 0x21, 0x00, 0x21, 0x00, 0x21, 0x00,
0x21, 0x00, 0x21, 0x00, 0x21, 0x00, 0x21, 0x00, 0x21, 0x00, 0x21, 0x00, 0x21, 0x00, 0x21, 0x00, 0x21, 0x00, 0x21, 0x00, 0x21, 0x00, 0x21, 0x00,
0x21, 0x00, 0x21, 0x00, 0x21, 0x00, 0x21, 0x00, 0x21, 0x00, 0x21, 0x00, 0x21, 0x00, 0x21, 0x00, 0x21, 0x00, 0x21, 0x00, 0x21, 0x00, 0x21, 0x00,
0x21, 0x00, 0x21, 0x00, 0x21, 0x00, 0x21, 0x00, 0x21, 0x00, 0x21, 0x00, 0x21, 0x00, 0x21, 0x00, 0x21, 0x00, 0x21, 0x00, 0x21, 0x00, 0x21, 0x00,
0x21, 0x00, 0x21, 0x00, 0x21, 0x00, 0x21, 0x00, 0x21, 0x00, 0x21, 0x00, 0x21, 0x00, 0x21, 0x00, 0x21, 0x00, 0x21, 0x00, 0x21, 0x00, 0x21, 0x00,
0x21, 0x00, 0x21, 0x00, 0x21, 0x00, 0x21, 0x00, 0x21, 0x00, 0x21, 0x00, 0x21, 0x00, 0x21, 0x00, 0x21, 0x00, 0x21, 0x00, 0x21, 0x00, 0x21, 0x00,
0x22, 0x00, 0x22, 0x00, 0x22, 0x00, 0x22, 0x00, 0x22, 0x00, 0x22, 0x00, 0x22, 0x00, 0x22, 0x00, 0x22, 0x00, 0x22, 0x00, 0x22, 0x00, 0x22, 0x00,
0x22, 0x00, 0x22, 0x00, 0x22, 0x00, 0x22, 0x00, 0x22, 0x00, 0xa8, 0x08, 0x2d, 0x19, 0xb4, 0x21, 0xf7, 0x29, 0xf7, 0x29, 0xf7, 0x29, 0x17, 0x2a,
0x17, 0x2a, 0x17, 0x2a, 0x17, 0x2a, 0x18, 0x2a, 0x18, 0x2a, 0x18, 0x2a, 0x17, 0x2a, 0x17, 0x2a, 0x17, 0x2a, 0x17, 0x2a, 0x17, 0x2a, 0xf7, 0x29,
0xf7, 0x29, 0xf7, 0x29, 0xf7, 0x29, 0xf7, 0x29, 0xf7, 0x29, 0xd7, 0x29, 0x93, 0x21, 0x72, 0x21, 0x71, 0x19, 0x71, 0x19, 0x71, 0x19, 0x71, 0x19,
0x50, 0x19, 0x71, 0x19, 0x71, 0x19, 0x71, 0x19, 0x72, 0x21, 0x72, 0x21, 0xd7, 0x29, 0xf7, 0x29, 0xf7, 0x29, 0xf7, 0x29, 0xf7, 0x29, 0xf7, 0x29,
0xf7, 0x29, 0x17, 0x2a, 0x17, 0x2a, 0x17, 0x2a, 0x17, 0x2a, 0x17, 0x2a, 0x18, 0x2a, 0x18, 0x2a, 0x18, 0x2a, 0x17, 0x2a, 0x17, 0x2a, 0x17, 0x2a,
0x17, 0x2a, 0xf7, 0x29, 0xf7, 0x29, 0xf7, 0x29, 0xd5, 0x21, 0x2f, 0x19, 0xca, 0x10, 0x43, 0x00, 0x22, 0x00, 0x22, 0x00, 0x22, 0x00, 0x22, 0x00,
0x22, 0x00, 0x22, 0x00, 0x22, 0x00, 0x22, 0x00, 0x22, 0x00, 0x22, 0x00, 0x22, 0x00, 0x22, 0x00, 0x22, 0x00, 0x22, 0x00, 0x22, 0x00, 0x22, 0x00,
0x22, 0x00, 0x21, 0x00, 0x21, 0x00, 0x21, 0x00, 0x21, 0x00, 0x21, 0x00, 0x21, 0x00, 0x21, 0x00, 0x21, 0x00, 0x21, 0x00, 0x21, 0x00, 0x21, 0x00,
0x21, 0x00, 0x21, 0x00, 0x21, 0x00, 0x21, 0x00, 0x21, 0x00, 0x21, 0x00, 0x21, 0x00, 0x21, 0x00, 0x21, 0x00, 0x21, 0x00, 0x21, 0x00, 0x21, 0x00,
0x21, 0x00, 0x21, 0x00, 0x21, 0x00, 0x21, 0x00, 0x21, 0x00, 0x21, 0x00, 0x21, 0x00, 0x21, 0x00, 0x21, 0x00, 0x21, 0x00, 0x21, 0x00, 0x21, 0x00,
0x21, 0x00, 0x21, 0x00, 0x21, 0x00, 0x21, 0x00, 0x21, 0x00, 0x21, 0x00, 0x21, 0x00, 0x21, 0x00, 0x21, 0x00, 0x21, 0x00, 0x21, 0x00, 0x21, 0x00,
0x21, 0x00, 0x21, 0x00, 0x21, 0x00, 0x21, 0x00, 0x21, 0x00, 0x21, 0x00, 0x21, 0x00, 0x21, 0x00, 0x21, 0x00, 0x21, 0x00, 0x21, 0x00, 0x21, 0x00,
0x21, 0x00, 0x21, 0x00, 0x21, 0x00, 0x21, 0x00, 0x21, 0x00, 0x21, 0x00, 0x21, 0x00, 0x21, 0x00, 0x21, 0x00, 0x21, 0x00, 0x21, 0x00, 0x21, 0x00,
0x21, 0x00, 0x21, 0x00, 0x21, 0x00, 0x21, 0x00, 0x21, 0x00, 0x21, 0x00, 0x21, 0x00, 0x21, 0x00, 0x21, 0x00, 0x21, 0x00, 0x21, 0x00, 0x21, 0x00,
0x21, 0x00, 0x21, 0x00, 0x21, 0x00, 0x21, 0x00, 0x21, 0x00, 0x21, 0x00, 0x21, 0x00, 0x21, 0x00, 0x21, 0x00, 0x21, 0x00, 0x21, 0x00, 0x21, 0x00,
0x21, 0x00, 0x21, 0x00, 0x21, 0x00, 0x21, 0x00, 0x21, 0x00, 0x21, 0x00, 0x21, 0x00, 0x21, 0x00, 0x21, 0x00, 0x22, 0x00, 0x22, 0x00, 0x22, 0x00,
0x22, 0x00, 0x22, 0x00, 0x22, 0x00, 0x22, 0x00, 0x22, 0x00, 0x22, 0x00, 0x22, 0x00, 0x22, 0x00, 0x22, 0x00, 0x22, 0x00, 0x22, 0x00, 0x22, 0x00,
0x22, 0x00, 0x22, 0x00, 0x22, 0x00, 0x22, 0x00, 0x64, 0x08, 0x87, 0x08, 0x0c, 0x11, 0x2f, 0x19, 0x71, 0x19, 0x71, 0x21, 0x72, 0x21, 0xd7, 0x29,
0xd7, 0x29, 0xd5, 0x21, 0x72, 0x21, 0x72, 0x21, 0x71, 0x21, 0x71, 0x19, 0x2e, 0x19, 0x0c, 0x11, 0x0c, 0x11, 0xa7, 0x08, 0xa7, 0x08, 0x65, 0x08,
0x22, 0x00, 0x22, 0x00, 0x22, 0x00, 0x22, 0x00, 0x22, 0x00, 0x22, 0x00, 0x22, 0x00, 0x22, 0x00, 0x22, 0x00, 0x22, 0x00, 0x22, 0x00, 0x22, 0x00,
0x22, 0x00, 0x22, 0x00, 0x22, 0x00, 0x22, 0x00, 0x43, 0x00, 0x87, 0x08, 0xa7, 0x08, 0xeb, 0x10, 0x0c, 0x11, 0x0c, 0x11, 0x71, 0x19, 0x71, 0x19,
0x72, 0x21, 0x72, 0x21, 0xb4, 0x21, 0xd7, 0x29, 0xd7, 0x29, 0x93, 0x21, 0x72, 0x21, 0x71, 0x19, 0x50, 0x19, 0x0c, 0x11, 0xa8, 0x08, 0x86, 0x08,
0x22, 0x00, 0x22, 0x00, 0x22, 0x00, 0x22, 0x00, 0x22, 0x00, 0x22, 0x00, 0x22, 0x00, 0x22, 0x00, 0x22, 0x00, 0x22, 0x00, 0x22, 0x00, 0x22, 0x00,
0x22, 0x00, 0x22, 0x00, 0x22, 0x00, 0x22, 0x00, 0x22, 0x00, 0x22, 0x00, 0x22, 0x00, 0x21, 0x00, 0x21, 0x00, 0x21, 0x00, 0x21, 0x00, 0x21, 0x00,
0x21, 0x00, 0x21, 0x00, 0x21, 0x00, 0x21, 0x00, 0x21, 0x00, 0x21, 0x00, 0x21, 0x00, 0x21, 0x00, 0x21, 0x00, 0x21, 0x00, 0x21, 0x00, 0x21, 0x00,
0x21, 0x00, 0x21, 0x00, 0x21, 0x00, 0x21, 0x00, 0x21, 0x00, 0x21, 0x00, 0x21, 0x00, 0x21, 0x00, 0x21, 0x00, 0x21, 0x00, 0x21, 0x00, 0x21, 0x00,
0x21, 0x00, 0x21, 0x00, 0x21, 0x00, 0x21, 0x00, 0x21, 0x00, 0x21, 0x00, 0x21, 0x00, 0x21, 0x00, 0x21, 0x00, 0x21, 0x00, 0x21, 0x00, 0x21, 0x00,
0x21, 0x00, 0x21, 0x00, 0x21, 0x00, 0x21, 0x00, 0x21, 0x00, 0x21, 0x00, 0x21, 0x00, 0x21, 0x00, 0x21, 0x00, 0x21, 0x00, 0x21, 0x00, 0x21, 0x00,
0x21, 0x00, 0x21, 0x00, 0x21, 0x00, 0x21, 0x00, 0x21, 0x00, 0x21, 0x00, 0x21, 0x00, 0x21, 0x00, 0x21, 0x00, 0x21, 0x00, 0x21, 0x00, 0x21, 0x00,
0x21, 0x00, 0x21, 0x00, 0x21, 0x00, 0x21, 0x00, 0x21, 0x00, 0x21, 0x00, 0x21, 0x00, 0x21, 0x00, 0x21, 0x00, 0x21, 0x00, 0x21, 0x00, 0x21, 0x00,
0x21, 0x00, 0x21, 0x00, 0x21, 0x00, 0x21, 0x00, 0x21, 0x00, 0x21, 0x00, 0x21, 0x00, 0x21, 0x00, 0x21, 0x00, 0x21, 0x00, 0x21, 0x00, 0x21, 0x00,
0x21, 0x00, 0x21, 0x00, 0x21, 0x00, 0x21, 0x00, 0x21, 0x00, 0x21, 0x00, 0x21, 0x00, 0x21, 0x00, 0x21, 0x00, 0x21, 0x00, 0x21, 0x00, 0x21, 0x00,
0x21, 0x00, 0x21, 0x00, 0x21, 0x00, 0x21, 0x00, 0x21, 0x00, 0x21, 0x00, 0x22, 0x00, 0x22, 0x00, 0x22, 0x00, 0x22, 0x00, 0x22, 0x00, 0x22, 0x00,
0x22, 0x00, 0x22, 0x00, 0x22, 0x00, 0x22, 0x00, 0x22, 0x00, 0x22, 0x00, 0x22, 0x00, 0x22, 0x00, 0x22, 0x00, 0x22, 0x00, 0x22, 0x00, 0x22, 0x00,
0x22, 0x00, 0x22, 0x00, 0x22, 0x00, 0x22, 0x00, 0x22, 0x00, 0x22, 0x00, 0x22, 0x00, 0x22, 0x00, 0x22, 0x00, 0x22, 0x00, 0x22, 0x00, 0x22, 0x00,
0x22, 0x00, 0x22, 0x00, 0x22, 0x00, 0x22, 0x00, 0x22, 0x00, 0x22, 0x00, 0x22, 0x00, 0x22, 0x00, 0x22, 0x00, 0x22, 0x00, 0x22, 0x00, 0x22, 0x00,
0x22, 0x00, 0x22, 0x00, 0x22, 0x00, 0x22, 0x00, 0x22, 0x00, 0x22, 0x00, 0x22, 0x00, 0x22, 0x00, 0x22, 0x00, 0x22, 0x00, 0x22, 0x00, 0x22, 0x00,
0x22, 0x00, 0x22, 0x00, 0x22, 0x00, 0x22, 0x00, 0x22, 0x00, 0x22, 0x00, 0x22, 0x00, 0x22, 0x00, 0x22, 0x00, 0x22, 0x00, 0x22, 0x00, 0x22, 0x00,
0x22, 0x00, 0x22, 0x00, 0x22, 0x00, 0x22, 0x00, 0x22, 0x00, 0x22, 0x00, 0x22, 0x00, 0x22, 0x00, 0x22, 0x00, 0x22, 0x00, 0x22, 0x00, 0x22, 0x00,
0x22, 0x00, 0x22, 0x00, 0x22, 0x00, 0x22, 0x00, 0x22, 0x00, 0x22, 0x00, 0x22, 0x00, 0x22, 0x00, 0x22, 0x00, 0x22, 0x00, 0x22, 0x00, 0x22, 0x00,
0x22, 0x00, 0x22, 0x00, 0x21, 0x00, 0x21, 0x00, 0x21, 0x00, 0x21, 0x00, 0x21, 0x00, 0x21, 0x00, 0x21, 0x00, 0x21, 0x00, 0x21, 0x00, 0x21, 0x00,
0x21, 0x00, 0x21, 0x00, 0x21, 0x00, 0x21, 0x00, 0x21, 0x00, 0x21, 0x00, 0x21, 0x00, 0x21, 0x00, 0x21, 0x00, 0x21, 0x00, 0x21, 0x00, 0x21, 0x00,
0x21, 0x00, 0x21, 0x00, 0x21, 0x00, 0x21, 0x00, 0x21, 0x00, 0x21, 0x00, 0x21, 0x00, 0x21, 0x00, 0x21, 0x00, 0x21, 0x00, 0x21, 0x00, 0x21, 0x00,
0x21, 0x00, 0x21, 0x00, 0x21, 0x00, 0x21, 0x00, 0x21, 0x00, 0x21, 0x00, 0x21, 0x00, 0x21, 0x00, 0x21, 0x00, 0x21, 0x00, 0x21, 0x00, 0x21, 0x00,
0x21, 0x00, 0x21, 0x00, 0x21, 0x00, 0x21, 0x00, 0x21, 0x00, 0x21, 0x00, 0x21, 0x00, 0x21, 0x00, 0x21, 0x00, 0x21, 0x00, 0x21, 0x00, 0x21, 0x00,
0x21, 0x00, 0x21, 0x00, 0x21, 0x00, 0x21, 0x00, 0x21, 0x00, 0x21, 0x00, 0x21, 0x00, 0x21, 0x00, 0x21, 0x00, 0x21, 0x00, 0x21, 0x00, 0x21, 0x00,
0x21, 0x00, 0x21, 0x00, 0x21, 0x00, 0x21, 0x00, 0x21, 0x00, 0x21, 0x00, 0x21, 0x00, 0x21, 0x00, 0x21, 0x00, 0x21, 0x00, 0x21, 0x00, 0x21, 0x00,
0x21, 0x00, 0x21, 0x00, 0x21, 0x00, 0x21, 0x00, 0x21, 0x00, 0x21, 0x00, 0x21, 0x00, 0x21, 0x00, 0x21, 0x00, 0x21, 0x00, 0x21, 0x00, 0x21, 0x00,
0x21, 0x00, 0x21, 0x00, 0x21, 0x00, 0x21, 0x00, 0x21, 0x00, 0x21, 0x00, 0x21, 0x00, 0x21, 0x00, 0x21, 0x00, 0x21, 0x00, 0x21, 0x00, 0x21, 0x00,
0x21, 0x00, 0x21, 0x00, 0x21, 0x00, 0x21, 0x00, 0x22, 0x00, 0x22, 0x00, 0x22, 0x00, 0x22, 0x00, 0x22, 0x00, 0x22, 0x00, 0x22, 0x00, 0x22, 0x00,
0x22, 0x00, 0x22, 0x00, 0x22, 0x00, 0x22, 0x00, 0x22, 0x00, 0x22, 0x00, 0x22, 0x00, 0x22, 0x00, 0x22, 0x00, 0x22, 0x00, 0x22, 0x00, 0x22, 0x00,
0x22, 0x00, 0x22, 0x00, 0x22, 0x00, 0x22, 0x00, 0x22, 0x00, 0x22, 0x00, 0x22, 0x00, 0x22, 0x00, 0x22, 0x00, 0x22, 0x00, 0x22, 0x00, 0x22, 0x00,
0x22, 0x00, 0x22, 0x00, 0x22, 0x00, 0x22, 0x00, 0x22, 0x00, 0x22, 0x00, 0x22, 0x00, 0x22, 0x00, 0x22, 0x00, 0x22, 0x00, 0x22, 0x00, 0x22, 0x00,
0x22, 0x00, 0x22, 0x00, 0x22, 0x00, 0x22, 0x00, 0x22, 0x00, 0x22, 0x00, 0x22, 0x00, 0x22, 0x00, 0x22, 0x00, 0x22, 0x00, 0x22, 0x00, 0x22, 0x00,
0x22, 0x00, 0x22, 0x00, 0x22, 0x00, 0x22, 0x00, 0x22, 0x00, 0x22, 0x00, 0x22, 0x00, 0x22, 0x00, 0x22, 0x00, 0x22, 0x00, 0x22, 0x00, 0x22, 0x00,
0x22, 0x00, 0x22, 0x00, 0x22, 0x00, 0x22, 0x00, 0x22, 0x00, 0x22, 0x00, 0x22, 0x00, 0x22, 0x00, 0x22, 0x00, 0x22, 0x00, 0x22, 0x00, 0x22, 0x00,
0x22, 0x00, 0x22, 0x00, 0x22, 0x00, 0x22, 0x00, 0x22, 0x00, 0x22, 0x00, 0x22, 0x00, 0x22, 0x00, 0x21, 0x00, 0x21, 0x00, 0x21, 0x00, 0x21, 0x00,
0x21, 0x00, 0x21, 0x00, 0x21, 0x00, 0x21, 0x00, 0x21, 0x00, 0x21, 0x00, 0x21, 0x00, 0x21, 0x00, 0x21, 0x00, 0x21, 0x00, 0x21, 0x00, 0x21, 0x00,
0x21, 0x00, 0x21, 0x00, 0x21, 0x00, 0x21, 0x00, 0x21, 0x00, 0x21, 0x00, 0x21, 0x00, 0x21, 0x00, 0x21, 0x00, 0x21, 0x00, 0x21, 0x00, 0x21, 0x00,
0x21, 0x00, 0x21, 0x00, 0x21, 0x00, 0x21, 0x00, 0x21, 0x00, 0x21, 0x00, 0x21, 0x00, 0x21, 0x00, 0x21, 0x00, 0x21, 0x00, 0x21, 0x00, 0x21, 0x00,
0x21, 0x00, 0x21, 0x00, 0x21, 0x00, 0x21, 0x00, 0x21, 0x00, 0x21, 0x00, 0x21, 0x00, 0x21, 0x00, 0x21, 0x00, 0x21, 0x00, 0x21, 0x00, 0x21, 0x00,
0x21, 0x00, 0x21, 0x00, 0x21, 0x00, 0x21, 0x00, 0x21, 0x00, 0x21, 0x00, 0x21, 0x00, 0x21, 0x00, 0x21, 0x00, 0x21, 0x00, 0x21, 0x00, 0x21, 0x00,
0x21, 0x00, 0x21, 0x00, 0x21, 0x00, 0x21, 0x00, 0x21, 0x00, 0x21, 0x00, 0x21, 0x00, 0x21, 0x00, 0x21, 0x00, 0x21, 0x00, 0x21, 0x00, 0x21, 0x00,
0x21, 0x00, 0x21, 0x00, 0x21, 0x00, 0x21, 0x00, 0x21, 0x00, 0x21, 0x00, 0x21, 0x00, 0x21, 0x00, 0x21, 0x00, 0x21, 0x00, 0x21, 0x00, 0x21, 0x00,
0x21, 0x00, 0x21, 0x00, 0x21, 0x00, 0x21, 0x00, 0x21, 0x00, 0x21, 0x00, 0x21, 0x00, 0x21, 0x00, 0x21, 0x00, 0x21, 0x00, 0x21, 0x00, 0x21, 0x00,
0x21, 0x00, 0x21, 0x00, 0x21, 0x00, 0x21, 0x00, 0x21, 0x00, 0x21, 0x00, 0x21, 0x00, 0x21, 0x00, 0x21, 0x00, 0x21, 0x00, 0x21, 0x00, 0x21, 0x00,
0x21, 0x00, 0x22, 0x00, 0x22, 0x00, 0x22, 0x00, 0x22, 0x00, 0x22, 0x00, 0x22, 0x00, 0x22, 0x00, 0x22, 0x00, 0x22, 0x00, 0x22, 0x00, 0x22, 0x00,
0x22, 0x00, 0x22, 0x00, 0x22, 0x00, 0x22, 0x00, 0x22, 0x00, 0x22, 0x00, 0x22, 0x00, 0x22, 0x00, 0x22, 0x00, 0x22, 0x00, 0x22, 0x00, 0x22, 0x00,
0x22, 0x00, 0x22, 0x00, 0x22, 0x00, 0x22, 0x00, 0x22, 0x00, 0x22, 0x00, 0x22, 0x00, 0x22, 0x00, 0x22, 0x00, 0x22, 0x00, 0x22, 0x00, 0x22, 0x00,
0x22, 0x00, 0x22, 0x00, 0x22, 0x00, 0x22, 0x00, 0x22, 0x00, 0x22, 0x00, 0x22, 0x00, 0x22, 0x00, 0x22, 0x00, 0x22, 0x00, 0x22, 0x00, 0x22, 0x00,
0x22, 0x00, 0x22, 0x00, 0x22, 0x00, 0x22, 0x00, 0x22, 0x00, 0x22, 0x00, 0x22, 0x00, 0x22, 0x00, 0x22, 0x00, 0x22, 0x00, 0x22, 0x00, 0x22, 0x00,
0x22, 0x00, 0x22, 0x00, 0x22, 0x00, 0x22, 0x00, 0x22, 0x00, 0x22, 0x00, 0x22, 0x00, 0x22, 0x00, 0x22, 0x00, 0x22, 0x00, 0x22, 0x00, 0x22, 0x00,
0x22, 0x00, 0x22, 0x00, 0x22, 0x00, 0x22, 0x00, 0x22, 0x00, 0x22, 0x00, 0x22, 0x00, 0x22, 0x00, 0x22, 0x00, 0x22, 0x00, 0x22, 0x00, 0x22, 0x00,
0x22, 0x00, 0x22, 0x00, 0x22, 0x00, 0x21, 0x00, 0x21, 0x00, 0x21, 0x00, 0x21, 0x00, 0x21, 0x00, 0x21, 0x00, 0x21, 0x00, 0x21, 0x00, 0x21, 0x00,
0x21, 0x00, 0x21, 0x00, 0x21, 0x00, 0x21, 0x00, 0x21, 0x00, 0x21, 0x00, 0x21, 0x00, 0x21, 0x00, 0x21, 0x00, 0x21, 0x00, 0x21, 0x00, 0x21, 0x00,
0x21, 0x00, 0x21, 0x00, 0x21, 0x00, 0x21, 0x00, 0x21, 0x00, 0x21, 0x00, 0x21, 0x00, 0x21, 0x00, 0x21, 0x00, 0x21, 0x00, 0x21, 0x00, 0x21, 0x00,
0x21, 0x00, 0x21, 0x00, 0x21, 0x00, 0x21, 0x00, 0x21, 0x00, 0x21, 0x00, 0x21, 0x00, 0x21, 0x00, 0x21, 0x00, 0x21, 0x00, 0x21, 0x00, 0x21, 0x00,
0x21, 0x00, 0x21, 0x00, 0x21, 0x00, 0x21, 0x00, 0x21, 0x00, 0x21, 0x00, 0x21, 0x00, 0x21, 0x00, 0x21, 0x00, 0x21, 0x00, 0x21, 0x00, 0x21, 0x00,
0x21, 0x00, 0x21, 0x00, 0x21, 0x00, 0x21, 0x00, 0x21, 0x00, 0x21, 0x00, 0x21, 0x00, 0x21, 0x00, 0x21, 0x00, 0x21, 0x00, 0x21, 0x00, 0x21, 0x00,
0x21, 0x00, 0x21, 0x00, 0x21, 0x00, 0x21, 0x00, 0x21, 0x00, 0x21, 0x00, 0x21, 0x00, 0x21, 0x00, 0x21, 0x00, 0x21, 0x00, 0x21, 0x00, 0x21, 0x00,
0x21, 0x00, 0x21, 0x00, 0x21, 0x00, 0x21, 0x00, 0x21, 0x00, 0x21, 0x00, 0x21, 0x00, 0x21, 0x00, 0x21, 0x00, 0x21, 0x00, 0x21, 0x00, 0x21, 0x00,
0x21, 0x00, 0x21, 0x00, 0x21, 0x00, 0x21, 0x00, 0x21, 0x00, 0x21, 0x00, 0x21, 0x00, 0x21, 0x00, 0x21, 0x00, 0x21, 0x00, 0x21, 0x00, 0x21, 0x00,
0x21, 0x00, 0x21, 0x00, 0x21, 0x00, 0x21, 0x00, 0x21, 0x00, 0x21, 0x00, 0x21, 0x00, 0x21, 0x00, 0x21, 0x00, 0x21, 0x00, 0x21, 0x00, 0x22, 0x00,
0x22, 0x00, 0x22, 0x00, 0x22, 0x00, 0x22, 0x00, 0x22, 0x00, 0x22, 0x00, 0x22, 0x00, 0x22, 0x00, 0x22, 0x00, 0x22, 0x00, 0x22, 0x00, 0x22, 0x00,
0x22, 0x00, 0x22, 0x00, 0x22, 0x00, 0x22, 0x00, 0x22, 0x00, 0x22, 0x00, 0x22, 0x00, 0x22, 0x00, 0x22, 0x00, 0x22, 0x00, 0x22, 0x00, 0x22, 0x00,
0x22, 0x00, 0x22, 0x00, 0x22, 0x00, 0x22, 0x00, 0x22, 0x00, 0x22, 0x00, 0x22, 0x00, 0x22, 0x00, 0x22, 0x00, 0x22, 0x00, 0x22, 0x00, 0x22, 0x00,
0x22, 0x00, 0x22, 0x00, 0x22, 0x00, 0x22, 0x00, 0x22, 0x00, 0x22, 0x00, 0x22, 0x00, 0x22, 0x00, 0x22, 0x00, 0x22, 0x00, 0x22, 0x00, 0x22, 0x00,
0x22, 0x00, 0x22, 0x00, 0x22, 0x00, 0x22, 0x00, 0x22, 0x00, 0x22, 0x00, 0x22, 0x00, 0x22, 0x00, 0x22, 0x00, 0x22, 0x00, 0x22, 0x00, 0x22, 0x00,
0x22, 0x00, 0x22, 0x00, 0x22, 0x00, 0x22, 0x00, 0x22, 0x00, 0x22, 0x00, 0x22, 0x00, 0x22, 0x00, 0x22, 0x00, 0x22, 0x00, 0x22, 0x00, 0x22, 0x00,
0x22, 0x00, 0x22, 0x00, 0x22, 0x00, 0x22, 0x00, 0x22, 0x00, 0x22, 0x00, 0x22, 0x00, 0x22, 0x00, 0x22, 0x00, 0x21, 0x00, 0x21, 0x00, 0x21, 0x00,
0x21, 0x00, 0x21, 0x00, 0x21, 0x00, 0x21, 0x00, 0x21, 0x00, 0x21, 0x00, 0x21, 0x00, 0x21, 0x00, 0x21, 0x00, 0x21, 0x00, 0x21, 0x00, 0x21, 0x00,
0x21, 0x00, 0x21, 0x00, 0x21, 0x00, 0x21, 0x00, 0x21, 0x00, 0x21, 0x00, 0x21, 0x00, 0x21, 0x00, 0x21, 0x00, 0x21, 0x00, 0x21, 0x00, 0x21, 0x00,
0x21, 0x00, 0x21, 0x00, 0x21, 0x00, 0x21, 0x00, 0x21, 0x00, 0x21, 0x00, 0x21, 0x00, 0x21, 0x00, 0x21, 0x00, 0x21, 0x00, 0x21, 0x00, 0x21, 0x00,
0x21, 0x00, 0x21, 0x00, 0x21, 0x00, 0x21, 0x00, 0x21, 0x00, 0x21, 0x00, 0x21, 0x00, 0x21, 0x00, 0x21, 0x00, 0x21, 0x00, 0x21, 0x00, 0x21, 0x00,
0x21, 0x00, 0x21, 0x00, 0x21, 0x00, 0x21, 0x00, 0x21, 0x00, 0x21, 0x00, 0x21, 0x00, 0x21, 0x00, 0x21, 0x00, 0x21, 0x00, 0x21, 0x00, 0x21, 0x00,
0x21, 0x00, 0x21, 0x00, 0x21, 0x00, 0x21, 0x00, 0x21, 0x00, 0x21, 0x00, 0x21, 0x00, 0x21, 0x00, 0x21, 0x00, 0x21, 0x00, 0x21, 0x00, 0x21, 0x00,
0x21, 0x00, 0x21, 0x00, 0x21, 0x00, 0x21, 0x00, 0x21, 0x00, 0x21, 0x00, 0x21, 0x00, 0x21, 0x00, 0x21, 0x00, 0x21, 0x00, 0x21, 0x00, 0x21, 0x00,
0x21, 0x00, 0x21, 0x00, 0x21, 0x00, 0x21, 0x00, 0x21, 0x00, 0x21, 0x00, 0x21, 0x00, 0x21, 0x00, 0x21, 0x00, 0x21, 0x00, 0x21, 0x00, 0x21, 0x00,
0x21, 0x00, 0x21, 0x00, 0x21, 0x00, 0x21, 0x00, 0x21, 0x00, 0x21, 0x00, 0x21, 0x00, 0x21, 0x00, 0x21, 0x00, 0x21, 0x00, 0x21, 0x00, 0x21, 0x00,
0x21, 0x00, 0x21, 0x00, 0x21, 0x00, 0x21, 0x00, 0x21, 0x00, 0x21, 0x00, 0x21, 0x00, 0x21, 0x00, 0x21, 0x00, 0x22, 0x00, 0x22, 0x00, 0x22, 0x00,
0x22, 0x00, 0x22, 0x00, 0x22, 0x00, 0x22, 0x00, 0x22, 0x00, 0x22, 0x00, 0x22, 0x00, 0x22, 0x00, 0x22, 0x00, 0x22, 0x00, 0x22, 0x00, 0x22, 0x00,
0x22, 0x00, 0x22, 0x00, 0x22, 0x00, 0x22, 0x00, 0x22, 0x00, 0x22, 0x00, 0x22, 0x00, 0x22, 0x00, 0x22, 0x00, 0x22, 0x00, 0x22, 0x00, 0x22, 0x00,
0x22, 0x00, 0x22, 0x00, 0x22, 0x00, 0x22, 0x00, 0x22, 0x00, 0x22, 0x00, 0x22, 0x00, 0x22, 0x00, 0x22, 0x00, 0x22, 0x00, 0x22, 0x00, 0x22, 0x00,
0x22, 0x00, 0x22, 0x00, 0x22, 0x00, 0x22, 0x00, 0x22, 0x00, 0x22, 0x00, 0x22, 0x00, 0x22, 0x00, 0x22, 0x00, 0x22, 0x00, 0x22, 0x00, 0x22, 0x00,
0x22, 0x00, 0x22, 0x00, 0x22, 0x00, 0x22, 0x00, 0x22, 0x00, 0x22, 0x00, 0x22, 0x00, 0x22, 0x00, 0x22, 0x00, 0x22, 0x00, 0x22, 0x00, 0x22, 0x00,
0x22, 0x00, 0x22, 0x00, 0x22, 0x00, 0x22, 0x00, 0x22, 0x00, 0x22, 0x00, 0x22, 0x00, 0x22, 0x00, 0x22, 0x00, 0x22, 0x00, 0x22, 0x00, 0x22, 0x00,
0x22, 0x00, 0x22, 0x00, 0x22, 0x00, 0x22, 0x00, 0x21, 0x00, 0x21, 0x00, 0x21, 0x00, 0x21, 0x00, 0x21, 0x00, 0x21, 0x00, 0x21, 0x00, 0x21, 0x00,
0x21, 0x00, 0x21, 0x00, 0x21, 0x00, 0x21, 0x00, 0x21, 0x00, 0x21, 0x00, 0x21, 0x00, 0x21, 0x00, 0x21, 0x00, 0x21, 0x00, 0x21, 0x00, 0x21, 0x00,
0x21, 0x00, 0x21, 0x00, 0x21, 0x00, 0x21, 0x00, 0x21, 0x00, 0x21, 0x00, 0x21, 0x00, 0x21, 0x00, 0x21, 0x00, 0x21, 0x00, 0x21, 0x00, 0x21, 0x00,
0x21, 0x00, 0x21, 0x00, 0x21, 0x00, 0x21, 0x00, 0x21, 0x00, 0x21, 0x00, 0x21, 0x00, 0x21, 0x00, 0x21, 0x00, 0x21, 0x00, 0x21, 0x00, 0x21, 0x00,
0x21, 0x00, 0x21, 0x00, 0x21, 0x00, 0x21, 0x00, 0x21, 0x00, 0x21, 0x00, 0x21, 0x00, 0x21, 0x00, 0x21, 0x00, 0x21, 0x00, 0x21, 0x00, 0x21, 0x00,
0x21, 0x00, 0x21, 0x00, 0x21, 0x00, 0x21, 0x00, 0x21, 0x00, 0x21, 0x00, 0x21, 0x00, 0x21, 0x00, 0x21, 0x00, 0x21, 0x00, 0x21, 0x00, 0x21, 0x00,
0x21, 0x00, 0x21, 0x00, 0x21, 0x00, 0x21, 0x00, 0x21, 0x00, 0x21, 0x00, 0x21, 0x00, 0x21, 0x00, 0x21, 0x00, 0x21, 0x00, 0x21, 0x00, 0x21, 0x00,
0x21, 0x00, 0x21, 0x00, 0x21, 0x00, 0x21, 0x00, 0x21, 0x00, 0x21, 0x00, 0x21, 0x00, 0x21, 0x00, 0x21, 0x00, 0x21, 0x00, 0x21, 0x00, 0x21, 0x00,
0x21, 0x00, 0x21, 0x00, 0x21, 0x00, 0x21, 0x00, 0x21, 0x00, 0x21, 0x00, 0x21, 0x00, 0x21, 0x00, 0x21, 0x00, 0x21, 0x00, 0x21, 0x00, 0x21, 0x00,
0x21, 0x00, 0x21, 0x00, 0x21, 0x00, 0x21, 0x00, 0x21, 0x00, 0x21, 0x00, 0x21, 0x00, 0x21, 0x00, 0x21, 0x00, 0x21, 0x00, 0x21, 0x00, 0x21, 0x00,
0x21, 0x00, 0x21, 0x00, 0x21, 0x00, 0x21, 0x00, 0x21, 0x00, 0x21, 0x00, 0x22, 0x00, 0x22, 0x00, 0x22, 0x00, 0x22, 0x00, 0x22, 0x00, 0x22, 0x00,
0x22, 0x00, 0x22, 0x00, 0x22, 0x00, 0x22, 0x00, 0x22, 0x00, 0x22, 0x00, 0x22, 0x00, 0x22, 0x00, 0x22, 0x00, 0x22, 0x00, 0x22, 0x00, 0x22, 0x00,
0x22, 0x00, 0x22, 0x00, 0x22, 0x00, 0x22, 0x00, 0x22, 0x00, 0x22, 0x00, 0x22, 0x00, 0x22, 0x00, 0x22, 0x00, 0x22, 0x00, 0x22, 0x00, 0x22, 0x00,
0x22, 0x00, 0x22, 0x00, 0x22, 0x00, 0x22, 0x00, 0x22, 0x00, 0x22, 0x00, 0x22, 0x00, 0x22, 0x00, 0x22, 0x00, 0x22, 0x00, 0x22, 0x00, 0x22, 0x00,
0x22, 0x00, 0x22, 0x00, 0x22, 0x00, 0x22, 0x00, 0x22, 0x00, 0x22, 0x00, 0x22, 0x00, 0x22, 0x00, 0x22, 0x00, 0x22, 0x00, 0x22, 0x00, 0x22, 0x00,
0x22, 0x00, 0x22, 0x00, 0x22, 0x00, 0x22, 0x00, 0x22, 0x00, 0x22, 0x00, 0x22, 0x00, 0x22, 0x00, 0x22, 0x00, 0x22, 0x00, 0x22, 0x00, 0x22, 0x00,
0x22, 0x00, 0x22, 0x00, 0x22, 0x00, 0x22, 0x00, 0x22, 0x00, 0x22, 0x00, 0x22, 0x00, 0x22, 0x00, 0x22, 0x00, 0x22, 0x00, 0x21, 0x00, 0x21, 0x00,
0x21, 0x00, 0x21, 0x00, 0x21, 0x00, 0x21, 0x00, 0x21, 0x00, 0x21, 0x00, 0x21, 0x00, 0x21, 0x00, 0x21, 0x00, 0x21, 0x00, 0x21, 0x00, 0x21, 0x00,
0x21, 0x00, 0x21, 0x00, 0x21, 0x00, 0x21, 0x00, 0x21, 0x00, 0x21, 0x00, 0x21, 0x00, 0x21, 0x00, 0x21, 0x00, 0x21, 0x00, 0x21, 0x00, 0x21, 0x00,
0x21, 0x00, 0x21, 0x00, 0x21, 0x00, 0x21, 0x00, 0x21, 0x00, 0x21, 0x00, 0x21, 0x00, 0x21, 0x00, 0x21, 0x00, 0x21, 0x00, 0x21, 0x00, 0x21, 0x00,
0x21, 0x00, 0x21, 0x00, 0x21, 0x00, 0x21, 0x00, 0x21, 0x00, 0x21, 0x00, 0x21, 0x00, 0x21, 0x00, 0x21, 0x00, 0x21, 0x00, 0x21, 0x00, 0x21, 0x00,
0x21, 0x00, 0x21, 0x00, 0x21, 0x00, 0x21, 0x00, 0x21, 0x00, 0x21, 0x00, 0x21, 0x00, 0x21, 0x00, 0x21, 0x00, 0x21, 0x00, 0x21, 0x00, 0x21, 0x00,
0x21, 0x00, 0x21, 0x00, 0x21, 0x00, 0x21, 0x00, 0x21, 0x00, 0x21, 0x00, 0x21, 0x00, 0x21, 0x00, 0x21, 0x00, 0x21, 0x00, 0x21, 0x00, 0x21, 0x00,
0x21, 0x00, 0x21, 0x00, 0x21, 0x00, 0x21, 0x00, 0x21, 0x00, 0x21, 0x00, 0x21, 0x00, 0x21, 0x00, 0x21, 0x00, 0x21, 0x00, 0x21, 0x00, 0x21, 0x00,
0x21, 0x00, 0x21, 0x00, 0x21, 0x00, 0x21, 0x00, 0x21, 0x00, 0x21, 0x00, 0x21, 0x00, 0x21, 0x00, 0x21, 0x00, 0x21, 0x00, 0x21, 0x00, 0x21, 0x00,
0x21, 0x00, 0x21, 0x00, 0x21, 0x00, 0x21, 0x00, 0x21, 0x00, 0x21, 0x00, 0x21, 0x00, 0x21, 0x00, 0x21, 0x00, 0x21, 0x00, 0x21, 0x00, 0x21, 0x00,
0x21, 0x00, 0x21, 0x00, 0x21, 0x00, 0x21, 0x00, 0x21, 0x00, 0x21, 0x00, 0x21, 0x00, 0x21, 0x00, 0x21, 0x00, 0x21, 0x00, 0x21, 0x00, 0x21, 0x00,
0x21, 0x00, 0x21, 0x00, 0x21, 0x00, 0x21, 0x00, 0x22, 0x00, 0x22, 0x00, 0x22, 0x00, 0x22, 0x00, 0x22, 0x00, 0x22, 0x00, 0x22, 0x00, 0x22, 0x00,
0x22, 0x00, 0x22, 0x00, 0x22, 0x00, 0x22, 0x00, 0x22, 0x00, 0x22, 0x00, 0x22, 0x00, 0x22, 0x00, 0x22, 0x00, 0x22, 0x00, 0x22, 0x00, 0x22, 0x00,
0x22, 0x00, 0x22, 0x00, 0x22, 0x00, 0x22, 0x00, 0x22, 0x00, 0x22, 0x00, 0x22, 0x00, 0x22, 0x00, 0x22, 0x00, 0x22, 0x00, 0x22, 0x00, 0x22, 0x00,
0x22, 0x00, 0x22, 0x00, 0x22, 0x00, 0x22, 0x00, 0x22, 0x00, 0x22, 0x00, 0x22, 0x00, 0x22, 0x00, 0x22, 0x00, 0x22, 0x00, 0x22, 0x00, 0x22, 0x00,
0x22, 0x00, 0x22, 0x00, 0x22, 0x00, 0x22, 0x00, 0x22, 0x00, 0x22, 0x00, 0x22, 0x00, 0x22, 0x00, 0x22, 0x00, 0x22, 0x00, 0x22, 0x00, 0x22, 0x00,
0x22, 0x00, 0x22, 0x00, 0x22, 0x00, 0x22, 0x00, 0x22, 0x00, 0x22, 0x00, 0x22, 0x00, 0x22, 0x00, 0x22, 0x00, 0x22, 0x00, 0x22, 0x00, 0x22, 0x00,
0x22, 0x00, 0x22, 0x00, 0x22, 0x00, 0x22, 0x00, 0x21, 0x00, 0x21, 0x00, 0x21, 0x00, 0x21, 0x00, 0x21, 0x00, 0x21, 0x00, 0x21, 0x00, 0x21, 0x00,
0x21, 0x00, 0x21, 0x00, 0x21, 0x00, 0x21, 0x00, 0x21, 0x00, 0x21, 0x00, 0x21, 0x00, 0x21, 0x00, 0x21, 0x00, 0x21, 0x00, 0x21, 0x00, 0x21, 0x00,
0x21, 0x00, 0x21, 0x00, 0x21, 0x00, 0x21, 0x00, 0x21, 0x00, 0x21, 0x00, 0x21, 0x00, 0x21, 0x00, 0x21, 0x00, 0x21, 0x00, 0x21, 0x00, 0x21, 0x00,
0x21, 0x00, 0x21, 0x00, 0x21, 0x00, 0x21, 0x00, 0x21, 0x00, 0x21, 0x00, 0x21, 0x00, 0x21, 0x00, 0x21, 0x00, 0x21, 0x00, 0x21, 0x00, 0x21, 0x00,
0x21, 0x00, 0x21, 0x00, 0x21, 0x00, 0x21, 0x00, 0x21, 0x00, 0x21, 0x00, 0x21, 0x00, 0x21, 0x00, 0x21, 0x00, 0x21, 0x00, 0x21, 0x00, 0x21, 0x00,
0x21, 0x00, 0x21, 0x00, 0x21, 0x00, 0x21, 0x00, 0x21, 0x00, 0x21, 0x00, 0x21, 0x00, 0x21, 0x00, 0x21, 0x00, 0x21, 0x00, 0x21, 0x00, 0x21, 0x00,
0x21, 0x00, 0x21, 0x00, 0x21, 0x00, 0x21, 0x00, 0x21, 0x00, 0x21, 0x00, 0x21, 0x00, 0x21, 0x00, 0x21, 0x00, 0x21, 0x00, 0x21, 0x00, 0x21, 0x00,
0x21, 0x00, 0x21, 0x00, 0x21, 0x00, 0x21, 0x00, 0x21, 0x00, 0x21, 0x00, 0x21, 0x00, 0x21, 0x00, 0x21, 0x00, 0x21, 0x00, 0x21, 0x00, 0x21, 0x00,
0x21, 0x00, 0x21, 0x00, 0x21, 0x00, 0x21, 0x00, 0x21, 0x00, 0x21, 0x00, 0x21, 0x00, 0x21, 0x00, 0x21, 0x00, 0x21, 0x00, 0x21, 0x00, 0x21, 0x00,
0x21, 0x00, 0x21, 0x00, 0x21, 0x00, 0x21, 0x00, 0x21, 0x00, 0x21, 0x00, 0x21, 0x00, 0x21, 0x00, 0x21, 0x00, 0x21, 0x00, 0x21, 0x00, 0x21, 0x00,
0x21, 0x00, 0x21, 0x00, 0x21, 0x00, 0x21, 0x00, 0x21, 0x00, 0x21, 0x00, 0x21, 0x00, 0x21, 0x00, 0x21, 0x00, 0x21, 0x00, 0x21, 0x00, 0x21, 0x00,
0x21, 0x00, 0x21, 0x00, 0x22, 0x00, 0x22, 0x00, 0x22, 0x00, 0x22, 0x00, 0x22, 0x00, 0x22, 0x00, 0x22, 0x00, 0x22, 0x00, 0x22, 0x00, 0x22, 0x00,
0x22, 0x00, 0x22, 0x00, 0x22, 0x00, 0x22, 0x00, 0x22, 0x00, 0x22, 0x00, 0x22, 0x00, 0x22, 0x00, 0x22, 0x00, 0x22, 0x00, 0x22, 0x00, 0x22, 0x00,
0x22, 0x00, 0x22, 0x00, 0x22, 0x00, 0x22, 0x00, 0x22, 0x00, 0x22, 0x00, 0x22, 0x00, 0x22, 0x00, 0x22, 0x00, 0x22, 0x00, 0x22, 0x00, 0x22, 0x00,
0x22, 0x00, 0x22, 0x00, 0x22, 0x00, 0x22, 0x00, 0x22, 0x00, 0x22, 0x00, 0x22, 0x00, 0x22, 0x00, 0x22, 0x00, 0x22, 0x00, 0x22, 0x00, 0x22, 0x00,
0x22, 0x00, 0x22, 0x00, 0x22, 0x00, 0x22, 0x00, 0x22, 0x00, 0x22, 0x00, 0x22, 0x00, 0x22, 0x00, 0x22, 0x00, 0x22, 0x00, 0x22, 0x00, 0x22, 0x00,
0x22, 0x00, 0x22, 0x00, 0x22, 0x00, 0x22, 0x00, 0x22, 0x00, 0x22, 0x00, 0x22, 0x00, 0x22, 0x00, 0x22, 0x00, 0x22, 0x00, 0x21, 0x00, 0x21, 0x00,
0x21, 0x00, 0x21, 0x00, 0x21, 0x00, 0x21, 0x00, 0x21, 0x00, 0x21, 0x00, 0x21, 0x00, 0x21, 0x00, 0x21, 0x00, 0x21, 0x00, 0x21, 0x00, 0x21, 0x00,
0x21, 0x00, 0x21, 0x00, 0x21, 0x00, 0x21, 0x00, 0x21, 0x00, 0x21, 0x00, 0x21, 0x00, 0x21, 0x00, 0x21, 0x00, 0x21, 0x00, 0x21, 0x00, 0x21, 0x00,
0x21, 0x00, 0x21, 0x00, 0x21, 0x00, 0x21, 0x00, 0x21, 0x00, 0x21, 0x00, 0x21, 0x00, 0x21, 0x00, 0x21, 0x00, 0x21, 0x00, 0x21, 0x00, 0x21, 0x00,
0x21, 0x00, 0x21, 0x00, 0x21, 0x00, 0x21, 0x00, 0x21, 0x00, 0x21, 0x00, 0x21, 0x00, 0x21, 0x00, 0x21, 0x00, 0x21, 0x00, 0x21, 0x00, 0x21, 0x00,
0x21, 0x00, 0x21, 0x00, 0x21, 0x00, 0x21, 0x00, 0x21, 0x00, 0x21, 0x00, 0x21, 0x00, 0x21, 0x00, 0x21, 0x00, 0x21, 0x00, 0x21, 0x00, 0x21, 0x00,
0x21, 0x00, 0x21, 0x00, 0x21, 0x00, 0x21, 0x00, 0x21, 0x00, 0x21, 0x00, 0x21, 0x00, 0x21, 0x00, 0x21, 0x00, 0x21, 0x00, 0x21, 0x00, 0x21, 0x00,
0x21, 0x00, 0x21, 0x00, 0x21, 0x00, 0x21, 0x00, 0x21, 0x00, 0x21, 0x00, 0x21, 0x00, 0x21, 0x00, 0x21, 0x00, 0x21, 0x00, 0x21, 0x00, 0x21, 0x00,
0x21, 0x00, 0x21, 0x00, 0x21, 0x00, 0x21, 0x00, 0x21, 0x00, 0x21, 0x00, 0x21, 0x00, 0x21, 0x00, 0x21, 0x00, 0x21, 0x00, 0x21, 0x00, 0x21, 0x00,
0x21, 0x00, 0x21, 0x00, 0x21, 0x00, 0x21, 0x00, 0x21, 0x00, 0x21, 0x00, 0x21, 0x00, 0x21, 0x00, 0x21, 0x00, 0x21, 0x00, 0x21, 0x00, 0x21, 0x00,
0x21, 0x00, 0x21, 0x00, 0x21, 0x00, 0x21, 0x00, 0x21, 0x00, 0x21, 0x00, 0x21, 0x00, 0x21, 0x00, 0x21, 0x00, 0x21, 0x00, 0x21, 0x00, 0x21, 0x00,
0x21, 0x00, 0x21, 0x00, 0x21, 0x00, 0x21, 0x00, 0x21, 0x00, 0x21, 0x00, 0x21, 0x00, 0x21, 0x00, 0x21, 0x00, 0x21, 0x00, 0x21, 0x00, 0x21, 0x00,
0x21, 0x00, 0x22, 0x00, 0x22, 0x00, 0x22, 0x00, 0x22, 0x00, 0x22, 0x00, 0x22, 0x00, 0x22, 0x00, 0x22, 0x00, 0x22, 0x00, 0x22, 0x00, 0x22, 0x00,
0x22, 0x00, 0x22, 0x00, 0x22, 0x00, 0x22, 0x00, 0x22, 0x00, 0x22, 0x00, 0x22, 0x00, 0x22, 0x00, 0x22, 0x00, 0x22, 0x00, 0x22, 0x00, 0x22, 0x00,
0x22, 0x00, 0x22, 0x00, 0x22, 0x00, 0x22, 0x00, 0x22, 0x00, 0x22, 0x00, 0x22, 0x00, 0x22, 0x00, 0x22, 0x00, 0x22, 0x00, 0x22, 0x00, 0x22, 0x00,
0x22, 0x00, 0x22, 0x00, 0x22, 0x00, 0x22, 0x00, 0x22, 0x00, 0x22, 0x00, 0x22, 0x00, 0x22, 0x00, 0x22, 0x00, 0x22, 0x00, 0x22, 0x00, 0x22, 0x00,
0x22, 0x00, 0x22, 0x00, 0x22, 0x00, 0x22, 0x00, 0x22, 0x00, 0x22, 0x00, 0x22, 0x00, 0x22, 0x00, 0x22, 0x00, 0x22, 0x00, 0x22, 0x00, 0x22, 0x00,
0x22, 0x00, 0x22, 0x00, 0x22, 0x00, 0x22, 0x00, 0x21, 0x00, 0x21, 0x00, 0x21, 0x00, 0x21, 0x00, 0x21, 0x00, 0x21, 0x00, 0x21, 0x00, 0x21, 0x00,
0x21, 0x00, 0x21, 0x00, 0x21, 0x00, 0x21, 0x00, 0x21, 0x00, 0x21, 0x00, 0x21, 0x00, 0x21, 0x00, 0x21, 0x00, 0x21, 0x00, 0x21, 0x00, 0x21, 0x00,
0x21, 0x00, 0x21, 0x00, 0x21, 0x00, 0x21, 0x00, 0x21, 0x00, 0x21, 0x00, 0x21, 0x00, 0x21, 0x00, 0x21, 0x00, 0x21, 0x00, 0x21, 0x00, 0x21, 0x00,
0x21, 0x00, 0x21, 0x00, 0x21, 0x00, 0x21, 0x00, 0x21, 0x00, 0x21, 0x00, 0x21, 0x00, 0x21, 0x00, 0x21, 0x00, 0x21, 0x00, 0x21, 0x00, 0x21, 0x00,
0x21, 0x00, 0x21, 0x00, 0x21, 0x00, 0x21, 0x00, 0x21, 0x00, 0x21, 0x00, 0x21, 0x00, 0x21, 0x00, 0x21, 0x00, 0x21, 0x00, 0x21, 0x00, 0x21, 0x00,
0x21, 0x00, 0x21, 0x00, 0x21, 0x00, 0x21, 0x00, 0x21, 0x00, 0x21, 0x00, 0x21, 0x00, 0x21, 0x00, 0x21, 0x00, 0x21, 0x00, 0x21, 0x00, 0x21, 0x00,
0x21, 0x00, 0x21, 0x00, 0x21, 0x00, 0x21, 0x00, 0x21, 0x00, 0x21, 0x00, 0x21, 0x00, 0x21, 0x00, 0x21, 0x00, 0x21, 0x00, 0x21, 0x00, 0x21, 0x00,
0x21, 0x00, 0x21, 0x00, 0x21, 0x00, 0x21, 0x00, 0x21, 0x00, 0x21, 0x00, 0x21, 0x00, 0x21, 0x00, 0x21, 0x00, 0x21, 0x00, 0x21, 0x00, 0x21, 0x00,
0x21, 0x00, 0x21, 0x00, 0x21, 0x00, 0x21, 0x00, 0x21, 0x00, 0x21, 0x00, 0x21, 0x00, 0x21, 0x00, 0x21, 0x00, 0x21, 0x00, 0x21, 0x00, 0x21, 0x00,
0x21, 0x00, 0x21, 0x00, 0x21, 0x00, 0x21, 0x00, 0x21, 0x00, 0x21, 0x00, 0x21, 0x00, 0x21, 0x00, 0x21, 0x00, 0x21, 0x00, 0x21, 0x00, 0x21, 0x00,
0x21, 0x00, 0x21, 0x00, 0x21, 0x00, 0x21, 0x00, 0x21, 0x00, 0x21, 0x00, 0x21, 0x00, 0x21, 0x00, 0x21, 0x00, 0x21, 0x00, 0x21, 0x00, 0x21, 0x00,
0x21, 0x00, 0x21, 0x00, 0x21, 0x00, 0x21, 0x00, 0x21, 0x00, 0x21, 0x00, 0x21, 0x00, 0x21, 0x00, 0x21, 0x00, 0x21, 0x00, 0x21, 0x00, 0x22, 0x00,
0x22, 0x00, 0x22, 0x00, 0x22, 0x00, 0x22, 0x00, 0x22, 0x00, 0x22, 0x00, 0x22, 0x00, 0x22, 0x00, 0x22, 0x00, 0x22, 0x00, 0x22, 0x00, 0x22, 0x00,
0x22, 0x00, 0x22, 0x00, 0x22, 0x00, 0x22, 0x00, 0x22, 0x00, 0x22, 0x00, 0x22, 0x00, 0x22, 0x00, 0x22, 0x00, 0x22, 0x00, 0x22, 0x00, 0x22, 0x00,
0x22, 0x00, 0x22, 0x00, 0x22, 0x00, 0x22, 0x00, 0x22, 0x00, 0x22, 0x00, 0x22, 0x00, 0x22, 0x00, 0x22, 0x00, 0x22, 0x00, 0x22, 0x00, 0x22, 0x00,
0x22, 0x00, 0x22, 0x00, 0x22, 0x00, 0x22, 0x00, 0x22, 0x00, 0x22, 0x00, 0x22, 0x00, 0x22, 0x00, 0x22, 0x00, 0x22, 0x00, 0x22, 0x00, 0x22, 0x00,
0x22, 0x00, 0x22, 0x00, 0x22, 0x00, 0x22, 0x00, 0x22, 0x00, 0x22, 0x00, 0x22, 0x00, 0x22, 0x00, 0x22, 0x00, 0x21, 0x00, 0x21, 0x00, 0x21, 0x00,
0x21, 0x00, 0x21, 0x00, 0x21, 0x00, 0x21, 0x00, 0x21, 0x00, 0x21, 0x00, 0x21, 0x00, 0x21, 0x00, 0x21, 0x00, 0x21, 0x00, 0x21, 0x00, 0x21, 0x00,
0x21, 0x00, 0x21, 0x00, 0x21, 0x00, 0x21, 0x00, 0x21, 0x00, 0x21, 0x00, 0x21, 0x00, 0x21, 0x00, 0x21, 0x00, 0x21, 0x00, 0x21, 0x00, 0x21, 0x00,
0x21, 0x00, 0x21, 0x00, 0x21, 0x00, 0x21, 0x00, 0x21, 0x00, 0x21, 0x00, 0x21, 0x00, 0x21, 0x00, 0x21, 0x00, 0x21, 0x00, 0x21, 0x00, 0x21, 0x00,
0x21, 0x00, 0x21, 0x00, 0x21, 0x00, 0x21, 0x00, 0x21, 0x00, 0x21, 0x00, 0x21, 0x00, 0x21, 0x00, 0x21, 0x00, 0x21, 0x00, 0x21, 0x00, 0x21, 0x00,
0x21, 0x00, 0x21, 0x00, 0x21, 0x00, 0x21, 0x00, 0x21, 0x00, 0x21, 0x00, 0x21, 0x00, 0x21, 0x00, 0x21, 0x00, 0x21, 0x00, 0x21, 0x00, 0x21, 0x00,
0x21, 0x00, 0x21, 0x00, 0x21, 0x00, 0x21, 0x00, 0x21, 0x00, 0x21, 0x00, 0x21, 0x00, 0x21, 0x00, 0x21, 0x00, 0x21, 0x00, 0x21, 0x00, 0x21, 0x00,
0x21, 0x00, 0x21, 0x00, 0x21, 0x00, 0x21, 0x00, 0x21, 0x00, 0x21, 0x00, 0x21, 0x00, 0x21, 0x00, 0x21, 0x00, 0x21, 0x00, 0x21, 0x00, 0x21, 0x00,
0x21, 0x00, 0x21, 0x00, 0x21, 0x00, 0x21, 0x00, 0x21, 0x00, 0x21, 0x00, 0x21, 0x00, 0x21, 0x00, 0x21, 0x00, 0x21, 0x00, 0x21, 0x00, 0x21, 0x00,
0x21, 0x00, 0x21, 0x00, 0x21, 0x00, 0x21, 0x00, 0x21, 0x00, 0x21, 0x00, 0x21, 0x00, 0x21, 0x00, 0x21, 0x00, 0x21, 0x00, 0x21, 0x00, 0x21, 0x00,
0x21, 0x00, 0x21, 0x00, 0x21, 0x00, 0x21, 0x00, 0x21, 0x00, 0x21, 0x00, 0x21, 0x00, 0x21, 0x00, 0x21, 0x00, 0x21, 0x00, 0x21, 0x00, 0x21, 0x00,
0x21, 0x00, 0x21, 0x00, 0x21, 0x00, 0x21, 0x00, 0x21, 0x00, 0x21, 0x00, 0x21, 0x00, 0x21, 0x00, 0x21, 0x00, 0x21, 0x00, 0x21, 0x00, 0x21, 0x00,
0x21, 0x00, 0x21, 0x00, 0x21, 0x00, 0x21, 0x00, 0x21, 0x00, 0x21, 0x00, 0x21, 0x00, 0x21, 0x00, 0x21, 0x00, 0x21, 0x00, 0x22, 0x00, 0x22, 0x00,
0x22, 0x00, 0x22, 0x00, 0x22, 0x00, 0x22, 0x00, 0x22, 0x00, 0x22, 0x00, 0x22, 0x00, 0x22, 0x00, 0x22, 0x00, 0x22, 0x00, 0x22, 0x00, 0x22, 0x00,
0x22, 0x00, 0x22, 0x00, 0x22, 0x00, 0x22, 0x00, 0x22, 0x00, 0x22, 0x00, 0x22, 0x00, 0x22, 0x00, 0x22, 0x00, 0x22, 0x00, 0x22, 0x00, 0x22, 0x00,
0x22, 0x00, 0x22, 0x00, 0x22, 0x00, 0x22, 0x00, 0x22, 0x00, 0x22, 0x00, 0x22, 0x00, 0x22, 0x00, 0x22, 0x00, 0x22, 0x00, 0x22, 0x00, 0x22, 0x00,
0x22, 0x00, 0x22, 0x00, 0x22, 0x00, 0x22, 0x00, 0x22, 0x00, 0x22, 0x00, 0x22, 0x00, 0x22, 0x00, 0x22, 0x00, 0x22, 0x00, 0x22, 0x00, 0x22, 0x00,
0x22, 0x00, 0x22, 0x00, 0x21, 0x00, 0x21, 0x00, 0x21, 0x00, 0x21, 0x00, 0x21, 0x00, 0x21, 0x00, 0x21, 0x00, 0x21, 0x00, 0x21, 0x00, 0x21, 0x00,
0x21, 0x00, 0x21, 0x00, 0x21, 0x00, 0x21, 0x00, 0x21, 0x00, 0x21, 0x00, 0x21, 0x00, 0x21, 0x00, 0x21, 0x00, 0x21, 0x00, 0x21, 0x00, 0x21, 0x00,
0x21, 0x00, 0x21, 0x00, 0x21, 0x00, 0x21, 0x00, 0x21, 0x00, 0x21, 0x00, 0x21, 0x00, 0x21, 0x00, 0x21, 0x00, 0x21, 0x00, 0x21, 0x00, 0x21, 0x00,
0x21, 0x00, 0x21, 0x00, 0x21, 0x00, 0x21, 0x00, 0x21, 0x00, 0x21, 0x00, 0x21, 0x00, 0x21, 0x00, 0x21, 0x00, 0x21, 0x00, 0x21, 0x00, 0x21, 0x00,
0x21, 0x00, 0x21, 0x00, 0x21, 0x00, 0x21, 0x00, 0x21, 0x00, 0x21, 0x00, 0x21, 0x00, 0x21, 0x00, 0x21, 0x00, 0x21, 0x00, 0x21, 0x00, 0x21, 0x00,
0x21, 0x00, 0x21, 0x00, 0x21, 0x00, 0x21, 0x00, 0x21, 0x00, 0x21, 0x00, 0x21, 0x00, 0x21, 0x00, 0x21, 0x00, 0x21, 0x00, 0x21, 0x00, 0x21, 0x00,
0x21, 0x00, 0x21, 0x00, 0x21, 0x00, 0x21, 0x00, 0x21, 0x00, 0x21, 0x00, 0x21, 0x00, 0x21, 0x00, 0x21, 0x00, 0x21, 0x00, 0x21, 0x00, 0x21, 0x00,
0x21, 0x00, 0x21, 0x00, 0x21, 0x00, 0x21, 0x00, 0x21, 0x00, 0x21, 0x00, 0x21, 0x00, 0x21, 0x00, 0x21, 0x00, 0x21, 0x00, 0x21, 0x00, 0x21, 0x00,
0x21, 0x00, 0x21, 0x00, 0x21, 0x00, 0x21, 0x00, 0x21, 0x00, 0x21, 0x00, 0x21, 0x00, 0x21, 0x00, 0x21, 0x00, 0x21, 0x00, 0x21, 0x00, 0x21, 0x00,
0x21, 0x00, 0x21, 0x00, 0x21, 0x00, 0x21, 0x00, 0x21, 0x00, 0x21, 0x00, 0x21, 0x00, 0x21, 0x00, 0x21, 0x00, 0x21, 0x00, 0x21, 0x00, 0x21, 0x00,
0x21, 0x00, 0x21, 0x00, 0x21, 0x00, 0x21, 0x00, 0x21, 0x00, 0x21, 0x00, 0x21, 0x00, 0x21, 0x00, 0x21, 0x00, 0x21, 0x00, 0x21, 0x00, 0x21, 0x00,
0x21, 0x00, 0x21, 0x00, 0x21, 0x00, 0x21, 0x00, 0x21, 0x00, 0x21, 0x00, 0x21, 0x00, 0x21, 0x00, 0x21, 0x00, 0x21, 0x00, 0x21, 0x00, 0x21, 0x00,
0x21, 0x00, 0x21, 0x00, 0x21, 0x00, 0x21, 0x00, 0x21, 0x00, 0x21, 0x00, 0x21, 0x00, 0x21, 0x00, 0x21, 0x00, 0x22, 0x00, 0x22, 0x00, 0x22, 0x00,
0x22, 0x00, 0x22, 0x00, 0x22, 0x00, 0x22, 0x00, 0x22, 0x00, 0x22, 0x00, 0x22, 0x00, 0x22, 0x00, 0x22, 0x00, 0x22, 0x00, 0x22, 0x00, 0x22, 0x00,
0x22, 0x00, 0x22, 0x00, 0x22, 0x00, 0x22, 0x00, 0x22, 0x00, 0x22, 0x00, 0x22, 0x00, 0x22, 0x00, 0x22, 0x00, 0x22, 0x00, 0x22, 0x00, 0x22, 0x00,
0x22, 0x00, 0x22, 0x00, 0x22, 0x00, 0x22, 0x00, 0x22, 0x00, 0x22, 0x00, 0x22, 0x00, 0x22, 0x00, 0x22, 0x00, 0x22, 0x00, 0x22, 0x00, 0x22, 0x00,
0x22, 0x00, 0x22, 0x00, 0x22, 0x00, 0x22, 0x00, 0x22, 0x00, 0x22, 0x00, 0x22, 0x00, 0x21, 0x00, 0x21, 0x00, 0x21, 0x00, 0x21, 0x00, 0x21, 0x00,
0x21, 0x00, 0x21, 0x00, 0x21, 0x00, 0x21, 0x00, 0x21, 0x00, 0x21, 0x00, 0x21, 0x00, 0x21, 0x00, 0x21, 0x00, 0x21, 0x00, 0x21, 0x00, 0x21, 0x00,
0x21, 0x00, 0x21, 0x00, 0x21, 0x00, 0x21, 0x00, 0x21, 0x00, 0x21, 0x00, 0x21, 0x00, 0x21, 0x00, 0x21, 0x00, 0x21, 0x00, 0x21, 0x00, 0x21, 0x00,
0x21, 0x00, 0x21, 0x00, 0x21, 0x00, 0x21, 0x00, 0x21, 0x00, 0x21, 0x00, 0x21, 0x00, 0x21, 0x00, 0x21, 0x00, 0x21, 0x00, 0x21, 0x00, 0x21, 0x00,
0x21, 0x00, 0x21, 0x00, 0x21, 0x00, 0x21, 0x00, 0x21, 0x00, 0x21, 0x00, 0x21, 0x00, 0x21, 0x00, 0x21, 0x00, 0x21, 0x00, 0x21, 0x00, 0x21, 0x00,
0x21, 0x00, 0x21, 0x00, 0x21, 0x00, 0x21, 0x00, 0x21, 0x00, 0x21, 0x00, 0x21, 0x00, 0x21, 0x00, 0x21, 0x00, 0x21, 0x00, 0x21, 0x00, 0x21, 0x00,
0x21, 0x00, 0x21, 0x00, 0x21, 0x00, 0x21, 0x00, 0x21, 0x00, 0x21, 0x00, 0x21, 0x00, 0x21, 0x00, 0x21, 0x00, 0x21, 0x00, 0x21, 0x00, 0x21, 0x00,
0x21, 0x00, 0x21, 0x00, 0x21, 0x00, 0x21, 0x00, 0x21, 0x00, 0x21, 0x00, 0x21, 0x00, 0x21, 0x00, 0x21, 0x00, 0x21, 0x00, 0x21, 0x00, 0x21, 0x00,
0x21, 0x00, 0x21, 0x00, 0x21, 0x00, 0x21, 0x00, 0x21, 0x00, 0x21, 0x00, 0x21, 0x00, 0x21, 0x00, 0x21, 0x00, 0x21, 0x00, 0x21, 0x00, 0x21, 0x00,
0x21, 0x00, 0x21, 0x00, 0x21, 0x00, 0x21, 0x00, 0x21, 0x00, 0x21, 0x00, 0x21, 0x00, 0x21, 0x00, 0x21, 0x00, 0x21, 0x00, 0x21, 0x00, 0x21, 0x00,
0x21, 0x00, 0x21, 0x00, 0x21, 0x00, 0x21, 0x00, 0x21, 0x00, 0x21, 0x00, 0x21, 0x00, 0x21, 0x00, 0x21, 0x00, 0x21, 0x00, 0x21, 0x00, 0x21, 0x00,
0x21, 0x00, 0x21, 0x00, 0x21, 0x00, 0x21, 0x00, 0x21, 0x00, 0x21, 0x00, 0x21, 0x00, 0x21, 0x00, 0x21, 0x00, 0x21, 0x00, 0x21, 0x00, 0x21, 0x00,
0x21, 0x00, 0x21, 0x00, 0x21, 0x00, 0x21, 0x00, 0x21, 0x00, 0x21, 0x00, 0x21, 0x00, 0x21, 0x00, 0x21, 0x00, 0x21, 0x00, 0x21, 0x00, 0x21, 0x00,
0x21, 0x00, 0x21, 0x00, 0x21, 0x00, 0x21, 0x00, 0x21, 0x00, 0x21, 0x00, 0x21, 0x00, 0x21, 0x00, 0x22, 0x00, 0x22, 0x00, 0x22, 0x00, 0x22, 0x00,
0x22, 0x00, 0x22, 0x00, 0x22, 0x00, 0x22, 0x00, 0x22, 0x00, 0x22, 0x00, 0x22, 0x00, 0x22, 0x00, 0x22, 0x00, 0x22, 0x00, 0x22, 0x00, 0x22, 0x00,
0x22, 0x00, 0x22, 0x00, 0x22, 0x00, 0x22, 0x00, 0x22, 0x00, 0x22, 0x00, 0x22, 0x00, 0x22, 0x00, 0x22, 0x00, 0x22, 0x00, 0x22, 0x00, 0x22, 0x00,
0x22, 0x00, 0x22, 0x00, 0x22, 0x00, 0x22, 0x00, 0x22, 0x00, 0x22, 0x00, 0x22, 0x00, 0x22, 0x00, 0x22, 0x00, 0x22, 0x00, 0x22, 0x00, 0x22, 0x00,
0x21, 0x00, 0x21, 0x00, 0x21, 0x00, 0x21, 0x00, 0x21, 0x00, 0x21, 0x00, 0x21, 0x00, 0x21, 0x00, 0x21, 0x00, 0x21, 0x00, 0x21, 0x00, 0x21, 0x00,
0x21, 0x00, 0x21, 0x00, 0x21, 0x00, 0x21, 0x00, 0x21, 0x00, 0x21, 0x00, 0x21, 0x00, 0x21, 0x00, 0x21, 0x00, 0x21, 0x00, 0x21, 0x00, 0x21, 0x00,
0x21, 0x00, 0x21, 0x00, 0x21, 0x00, 0x21, 0x00, 0x21, 0x00, 0x21, 0x00, 0x21, 0x00, 0x21, 0x00, 0x21, 0x00, 0x21, 0x00, 0x21, 0x00, 0x21, 0x00,
0x21, 0x00, 0x21, 0x00, 0x21, 0x00, 0x21, 0x00, 0x21, 0x00, 0x21, 0x00, 0x21, 0x00, 0x21, 0x00, 0x21, 0x00, 0x21, 0x00, 0x21, 0x00, 0x21, 0x00,
0x21, 0x00, 0x21, 0x00, 0x21, 0x00, 0x21, 0x00, 0x21, 0x00, 0x21, 0x00, 0x21, 0x00, 0x21, 0x00, 0x21, 0x00, 0x21, 0x00, 0x21, 0x00, 0x21, 0x00,
0x21, 0x00, 0x21, 0x00, 0x21, 0x00, 0x21, 0x00, 0x21, 0x00, 0x21, 0x00, 0x21, 0x00, 0x21, 0x00, 0x21, 0x00, 0x21, 0x00, 0x21, 0x00, 0x21, 0x00,
0x21, 0x00, 0x21, 0x00, 0x21, 0x00, 0x21, 0x00, 0x21, 0x00, 0x21, 0x00, 0x21, 0x00, 0x21, 0x00, 0x21, 0x00, 0x21, 0x00, 0x21, 0x00, 0x21, 0x00,
0x21, 0x00, 0x21, 0x00, 0x21, 0x00, 0x21, 0x00, 0x21, 0x00, 0x21, 0x00, 0x21, 0x00, 0x21, 0x00, 0x21, 0x00, 0x21, 0x00, 0x21, 0x00, 0x21, 0x00,
0x21, 0x00, 0x21, 0x00, 0x21, 0x00, 0x21, 0x00, 0x21, 0x00, 0x21, 0x00, 0x21, 0x00, 0x21, 0x00, 0x21, 0x00, 0x21, 0x00, 0x21, 0x00, 0x21, 0x00,
0x21, 0x00, 0x21, 0x00, 0x21, 0x00, 0x21, 0x00, 0x21, 0x00, 0x21, 0x00, 0x21, 0x00, 0x21, 0x00, 0x21, 0x00, 0x21, 0x00, 0x21, 0x00, 0x21, 0x00,
0x21, 0x00, 0x21, 0x00, 0x21, 0x00, 0x21, 0x00, 0x21, 0x00, 0x21, 0x00, 0x21, 0x00, 0x21, 0x00, 0x21, 0x00, 0x21, 0x00, 0x21, 0x00, 0x21, 0x00,
0x21, 0x00, 0x21, 0x00, 0x21, 0x00, 0x21, 0x00, 0x21, 0x00, 0x21, 0x00, 0x21, 0x00, 0x21, 0x00, 0x21, 0x00, 0x21, 0x00, 0x21, 0x00, 0x21, 0x00,
0x21, 0x00, 0x21, 0x00, 0x21, 0x00, 0x21, 0x00, 0x21, 0x00, 0x21, 0x00, 0x21, 0x00, 0x21, 0x00, 0x21, 0x00, 0x21, 0x00, 0x21, 0x00, 0x21, 0x00,
0x21, 0x00, 0x21, 0x00, 0x21, 0x00, 0x21, 0x00, 0x21, 0x00, 0x21, 0x00, 0x21, 0x00, 0x21, 0x00, 0x21, 0x00, 0x22, 0x00, 0x22, 0x00, 0x22, 0x00,
0x22, 0x00, 0x22, 0x00, 0x22, 0x00, 0x22, 0x00, 0x22, 0x00, 0x22, 0x00, 0x22, 0x00, 0x22, 0x00, 0x22, 0x00, 0x22, 0x00, 0x22, 0x00, 0x22, 0x00,
0x22, 0x00, 0x22, 0x00, 0x22, 0x00, 0x22, 0x00, 0x22, 0x00, 0x22, 0x00, 0x22, 0x00, 0x22, 0x00, 0x22, 0x00, 0x22, 0x00, 0x22, 0x00, 0x22, 0x00,
0x22, 0x00, 0x22, 0x00, 0x22, 0x00, 0x21, 0x00, 0x21, 0x00, 0x21, 0x00, 0x21, 0x00, 0x21, 0x00, 0x21, 0x00, 0x21, 0x00, 0x21, 0x00, 0x21, 0x00,
0x21, 0x00, 0x21, 0x00, 0x21, 0x00, 0x21, 0x00, 0x21, 0x00, 0x21, 0x00, 0x21, 0x00, 0x21, 0x00, 0x21, 0x00, 0x21, 0x00, 0x21, 0x00, 0x21, 0x00,
0x21, 0x00, 0x21, 0x00, 0x21, 0x00, 0x21, 0x00, 0x21, 0x00, 0x21, 0x00, 0x21, 0x00, 0x21, 0x00, 0x21, 0x00, 0x21, 0x00, 0x21, 0x00, 0x21, 0x00,
0x21, 0x00, 0x21, 0x00, 0x21, 0x00, 0x21, 0x00, 0x21, 0x00, 0x21, 0x00, 0x21, 0x00, 0x21, 0x00, 0x21, 0x00, 0x21, 0x00, 0x21, 0x00, 0x21, 0x00,
0x21, 0x00, 0x21, 0x00, 0x21, 0x00, 0x21, 0x00, 0x21, 0x00, 0x21, 0x00, 0x21, 0x00, 0x21, 0x00, 0x21, 0x00, 0x21, 0x00, 0x21, 0x00, 0x21, 0x00,
0x21, 0x00, 0x21, 0x00, 0x21, 0x00, 0x21, 0x00, 0x21, 0x00, 0x21, 0x00, 0x21, 0x00, 0x21, 0x00, 0x21, 0x00, 0x21, 0x00, 0x21, 0x00, 0x21, 0x00,
0x21, 0x00, 0x21, 0x00, 0x21, 0x00, 0x21, 0x00, 0x21, 0x00, 0x21, 0x00, 0x21, 0x00, 0x21, 0x00, 0x21, 0x00, 0x21, 0x00, 0x21, 0x00, 0x21, 0x00,
0x21, 0x00, 0x21, 0x00, 0x21, 0x00, 0x21, 0x00, 0x21, 0x00, 0x21, 0x00, 0x21, 0x00, 0x21, 0x00, 0x21, 0x00, 0x21, 0x00, 0x21, 0x00, 0x21, 0x00,
0x21, 0x00, 0x21, 0x00, 0x21, 0x00, 0x21, 0x00, 0x21, 0x00, 0x21, 0x00, 0x21, 0x00, 0x21, 0x00, 0x21, 0x00, 0x21, 0x00, 0x21, 0x00, 0x21, 0x00,
0x21, 0x00, 0x21, 0x00, 0x21, 0x00, 0x21, 0x00, 0x21, 0x00, 0x21, 0x00, 0x21, 0x00, 0x21, 0x00, 0x21, 0x00, 0x21, 0x00, 0x21, 0x00, 0x21, 0x00,
0x21, 0x00, 0x21, 0x00, 0x21, 0x00, 0x21, 0x00, 0x21, 0x00, 0x21, 0x00, 0x21, 0x00, 0x21, 0x00, 0x21, 0x00, 0x21, 0x00, 0x21, 0x00, 0x21, 0x00,
0x21, 0x00, 0x21, 0x00, 0x21, 0x00, 0x21, 0x00, 0x21, 0x00, 0x21, 0x00, 0x21, 0x00, 0x21, 0x00, 0x21, 0x00, 0x21, 0x00, 0x21, 0x00, 0x21, 0x00,
0x21, 0x00, 0x21, 0x00, 0x21, 0x00, 0x21, 0x00, 0x21, 0x00, 0x21, 0x00, 0x21, 0x00, 0x21, 0x00, 0x21, 0x00, 0x21, 0x00, 0x21, 0x00, 0x21, 0x00,
0x21, 0x00, 0x21, 0x00, 0x21, 0x00, 0x21, 0x00, 0x21, 0x00, 0x21, 0x00, 0x21, 0x00, 0x21, 0x00, 0x21, 0x00, 0x21, 0x00, 0x21, 0x00, 0x21, 0x00,
0x21, 0x00, 0x21, 0x00, 0x21, 0x00, 0x21, 0x00, 0x21, 0x00, 0x21, 0x00, 0x21, 0x00, 0x21, 0x00, 0x21, 0x00, 0x21, 0x00, 0x21, 0x00, 0x21, 0x00,
0x22, 0x00, 0x22, 0x00, 0x22, 0x00, 0x22, 0x00, 0x22, 0x00, 0x22, 0x00, 0x22, 0x00, 0x22, 0x00, 0x22, 0x00, 0x22, 0x00, 0x22, 0x00, 0x22, 0x00,
0x22, 0x00, 0x22, 0x00, 0x22, 0x00, 0x22, 0x00, 0x22, 0x00, 0x21, 0x00, 0x21, 0x00, 0x21, 0x00, 0x21, 0x00, 0x21, 0x00, 0x21, 0x00, 0x21, 0x00,
0x21, 0x00, 0x21, 0x00, 0x21, 0x00, 0x21, 0x00, 0x21, 0x00, 0x21, 0x00, 0x21, 0x00, 0x21, 0x00, 0x21, 0x00, 0x21, 0x00, 0x21, 0x00, 0x21, 0x00,
0x21, 0x00, 0x21, 0x00, 0x21, 0x00, 0x21, 0x00, 0x21, 0x00, 0x21, 0x00, 0x21, 0x00, 0x21, 0x00, 0x21, 0x00, 0x21, 0x00, 0x21, 0x00, 0x21, 0x00,
0x21, 0x00, 0x21, 0x00, 0x21, 0x00, 0x21, 0x00, 0x21, 0x00, 0x21, 0x00, 0x21, 0x00, 0x21, 0x00, 0x21, 0x00, 0x21, 0x00, 0x21, 0x00, 0x21, 0x00,
0x21, 0x00, 0x21, 0x00, 0x21, 0x00, 0x21, 0x00, 0x21, 0x00, 0x21, 0x00, 0x21, 0x00, 0x21, 0x00, 0x21, 0x00, 0x21, 0x00, 0x21, 0x00, 0x21, 0x00,
0x21, 0x00, 0x21, 0x00, 0x21, 0x00, 0x21, 0x00, 0x21, 0x00, 0x21, 0x00, 0x21, 0x00, 0x21, 0x00, 0x21, 0x00, 0x21, 0x00, 0x21, 0x00, 0x21, 0x00,
0x21, 0x00, 0x21, 0x00, 0x21, 0x00, 0x21, 0x00, 0x21, 0x00, 0x21, 0x00, 0x21, 0x00, 0x21, 0x00, 0x21, 0x00, 0x21, 0x00, 0x21, 0x00, 0x21, 0x00,
0x21, 0x00, 0x21, 0x00, 0x21, 0x00, 0x21, 0x00, 0x21, 0x00, 0x21, 0x00, 0x21, 0x00, 0x21, 0x00, 0x21, 0x00, 0x21, 0x00, 0x21, 0x00, 0x21, 0x00,
0x21, 0x00, 0x21, 0x00, 0x21, 0x00, 0x21, 0x00, 0x21, 0x00, 0x21, 0x00, 0x21, 0x00, 0x21, 0x00, 0x21, 0x00, 0x21, 0x00, 0x21, 0x00, 0x21, 0x00,
0x21, 0x00, 0x21, 0x00, 0x21, 0x00, 0x21, 0x00, 0x21, 0x00, 0x21, 0x00, 0x21, 0x00, 0x21, 0x00, 0x21, 0x00, 0x21, 0x00, 0x21, 0x00, 0x21, 0x00,
0x21, 0x00, 0x21, 0x00, 0x21, 0x00, 0x21, 0x00, 0x21, 0x00, 0x21, 0x00, 0x21, 0x00, 0x21, 0x00, 0x21, 0x00, 0x21, 0x00, 0x21, 0x00, 0x21, 0x00,
0x21, 0x00, 0x21, 0x00, 0x21, 0x00, 0x21, 0x00, 0x21, 0x00, 0x21, 0x00, 0x21, 0x00, 0x21, 0x00, 0x21, 0x00, 0x21, 0x00, 0x21, 0x00, 0x21, 0x00,
0x21, 0x00, 0x21, 0x00, 0x21, 0x00, 0x21, 0x00, 0x21, 0x00, 0x21, 0x00, 0x21, 0x00, 0x21, 0x00, 0x21, 0x00, 0x21, 0x00, 0x21, 0x00, 0x21, 0x00,
0x21, 0x00, 0x21, 0x00, 0x21, 0x00, 0x21, 0x00, 0x21, 0x00, 0x21, 0x00, 0x21, 0x00, 0x21, 0x00, 0x21, 0x00, 0x21, 0x00, 0x21, 0x00, 0x21, 0x00,
0x21, 0x00, 0x21, 0x00, 0x21, 0x00, 0x21, 0x00, 0x21, 0x00, 0x21, 0x00, 0x21, 0x00, 0x21, 0x00, 0x21, 0x00, 0x21, 0x00, 0x21, 0x00, 0x21, 0x00,
0x21, 0x00, 0x21, 0x00, 0x21, 0x00, 0x21, 0x00, 0x21, 0x00, 0x21, 0x00, 0x21, 0x00, 0x21, 0x00, 0x21, 0x00, 0x21, 0x00, 0x21, 0x00, 0x21, 0x00,
0x21, 0x00, 0x21, 0x00, 0x21, 0x00, 0x21, 0x00, 0x21, 0x00, 0x21, 0x00, 0x21, 0x00, 0x21, 0x00, 0x21, 0x00, 0x21, 0x00, 0x21, 0x00, 0x21, 0x00,
0x21, 0x00, 0x21, 0x00, 0x21, 0x00, 0x21, 0x00, 0x21, 0x00, 0x21, 0x00, 0x21, 0x00, 0x21, 0x00, 0x21, 0x00, 0x21, 0x00, 0x21, 0x00, 0x21, 0x00,
0x21, 0x00, 0x21, 0x00, 0x21, 0x00, 0x21, 0x00, 0x21, 0x00, 0x21, 0x00, 0x21, 0x00, 0x21, 0x00, 0x21, 0x00, 0x21, 0x00, 0x21, 0x00, 0x21, 0x00,
0x21, 0x00, 0x21, 0x00, 0x21, 0x00, 0x21, 0x00, 0x21, 0x00, 0x21, 0x00, 0x21, 0x00, 0x21, 0x00, 0x21, 0x00, 0x21, 0x00, 0x21, 0x00, 0x21, 0x00,
0x21, 0x00, 0x21, 0x00, 0x21, 0x00, 0x21, 0x00, 0x21, 0x00, 0x21, 0x00, 0x21, 0x00, 0x21, 0x00, 0x21, 0x00, 0x21, 0x00, 0x21, 0x00, 0x21, 0x00,
0x21, 0x00, 0x21, 0x00, 0x21, 0x00, 0x21, 0x00, 0x21, 0x00, 0x21, 0x00, 0x21, 0x00, 0x21, 0x00, 0x21, 0x00, 0x21, 0x00, 0x21, 0x00, 0x21, 0x00,
0x21, 0x00, 0x21, 0x00, 0x21, 0x00, 0x21, 0x00, 0x21, 0x00, 0x21, 0x00, 0x21, 0x00, 0x21, 0x00, 0x21, 0x00, 0x21, 0x00, 0x21, 0x00, 0x21, 0x00,
0x21, 0x00, 0x21, 0x00, 0x21, 0x00, 0x21, 0x00, 0x21, 0x00, 0x21, 0x00, 0x21, 0x00, 0x21, 0x00, 0x21, 0x00, 0x21, 0x00, 0x21, 0x00, 0x21, 0x00,
0x21, 0x00, 0x21, 0x00, 0x21, 0x00, 0x21, 0x00, 0x21, 0x00, 0x21, 0x00, 0x21, 0x00, 0x21, 0x00, 0x21, 0x00, 0x21, 0x00, 0x21, 0x00, 0x21, 0x00,
0x21, 0x00, 0x21, 0x00, 0x21, 0x00, 0x21, 0x00, 0x21, 0x00, 0x21, 0x00, 0x21, 0x00, 0x21, 0x00, 0x21, 0x00, 0x21, 0x00, 0x21, 0x00, 0x21, 0x00,
0x21, 0x00, 0x21, 0x00, 0x21, 0x00, 0x21, 0x00, 0x21, 0x00, 0x21, 0x00, 0x21, 0x00, 0x21, 0x00, 0x21, 0x00, 0x21, 0x00, 0x21, 0x00, 0x21, 0x00,
0x21, 0x00, 0x21, 0x00, 0x21, 0x00, 0x21, 0x00, 0x21, 0x00, 0x21, 0x00, 0x21, 0x00, 0x21, 0x00, 0x21, 0x00, 0x21, 0x00, 0x21, 0x00, 0x21, 0x00,
0x21, 0x00, 0x21, 0x00, 0x21, 0x00, 0x21, 0x00, 0x21, 0x00, 0x21, 0x00, 0x21, 0x00, 0x21, 0x00, 0x21, 0x00, 0x21, 0x00, 0x21, 0x00, 0x21, 0x00,
0x21, 0x00, 0x21, 0x00, 0x21, 0x00, 0x21, 0x00, 0x21, 0x00, 0x21, 0x00, 0x21, 0x00, 0x21, 0x00, 0x21, 0x00, 0x21, 0x00, 0x21, 0x00, 0x21, 0x00,
0x21, 0x00, 0x21, 0x00, 0x21, 0x00, 0x21, 0x00, 0x21, 0x00, 0x21, 0x00, 0x21, 0x00, 0x21, 0x00, 0x21, 0x00, 0x21, 0x00, 0x21, 0x00, 0x21, 0x00,
0x21, 0x00, 0x21, 0x00, 0x21, 0x00, 0x21, 0x00, 0x21, 0x00, 0x21, 0x00, 0x21, 0x00, 0x21, 0x00, 0x21, 0x00, 0x21, 0x00, 0x21, 0x00, 0x21, 0x00,
0x21, 0x00, 0x21, 0x00, 0x21, 0x00, 0x21, 0x00, 0x21, 0x00, 0x21, 0x00, 0x21, 0x00, 0x21, 0x00, 0x21, 0x00, 0x21, 0x00, 0x21, 0x00, 0x21, 0x00,
0x21, 0x00, 0x21, 0x00, 0x21, 0x00, 0x21, 0x00, 0x21, 0x00, 0x21, 0x00, 0x21, 0x00, 0x21, 0x00, 0x21, 0x00, 0x21, 0x00, 0x21, 0x00, 0x21, 0x00,
0x21, 0x00, 0x21, 0x00, 0x21, 0x00, 0x21, 0x00, 0x21, 0x00, 0x21, 0x00, 0x21, 0x00, 0x21, 0x00, 0x21, 0x00, 0x21, 0x00, 0x21, 0x00, 0x21, 0x00,
0x21, 0x00, 0x21, 0x00, 0x21, 0x00, 0x21, 0x00, 0x21, 0x00, 0x21, 0x00, 0x21, 0x00, 0x21, 0x00, 0x21, 0x00, 0x21, 0x00, 0x21, 0x00, 0x21, 0x00,
0x21, 0x00, 0x21, 0x00, 0x21, 0x00, 0x21, 0x00, 0x21, 0x00, 0x21, 0x00, 0x21, 0x00, 0x21, 0x00, 0x21, 0x00, 0x21, 0x00, 0x21, 0x00, 0x21, 0x00,
0x21, 0x00, 0x21, 0x00, 0x21, 0x00, 0x21, 0x00, 0x21, 0x00, 0x21, 0x00, 0x21, 0x00, 0x21, 0x00, 0x21, 0x00, 0x21, 0x00, 0x21, 0x00, 0x21, 0x00,
0x21, 0x00, 0x21, 0x00, 0x21, 0x00, 0x21, 0x00, 0x21, 0x00, 0x21, 0x00, 0x21, 0x00, 0x21, 0x00, 0x21, 0x00, 0x21, 0x00, 0x21, 0x00, 0x21, 0x00,
0x21, 0x00, 0x21, 0x00, 0x21, 0x00, 0x21, 0x00, 0x21, 0x00, 0x21, 0x00, 0x21, 0x00, 0x21, 0x00, 0x21, 0x00, 0x21, 0x00, 0x21, 0x00, 0x21, 0x00,
0x21, 0x00, 0x21, 0x00, 0x21, 0x00, 0x21, 0x00, 0x21, 0x00, 0x21, 0x00, 0x21, 0x00, 0x21, 0x00, 0x21, 0x00, 0x21, 0x00, 0x21, 0x00, 0x21, 0x00,
0x21, 0x00, 0x21, 0x00, 0x21, 0x00, 0x21, 0x00, 0x21, 0x00, 0x21, 0x00, 0x21, 0x00, 0x21, 0x00, 0x21, 0x00, 0x21, 0x00, 0x21, 0x00, 0x21, 0x00,
0x21, 0x00, 0x21, 0x00, 0x21, 0x00, 0x21, 0x00, 0x21, 0x00, 0x21, 0x00, 0x21, 0x00, 0x21, 0x00, 0x21, 0x00, 0x21, 0x00, 0x21, 0x00, 0x21, 0x00,
0x21, 0x00, 0x21, 0x00, 0x21, 0x00, 0x21, 0x00, 0x21, 0x00, 0x21, 0x00, 0x21, 0x00, 0x21, 0x00, 0x21, 0x00, 0x21, 0x00, 0x21, 0x00, 0x21, 0x00,
0x21, 0x00, 0x21, 0x00, 0x21, 0x00, 0x21, 0x00, 0x21, 0x00, 0x21, 0x00, 0x21, 0x00, 0x21, 0x00, 0x21, 0x00, 0x21, 0x00, 0x21, 0x00, 0x21, 0x00,
0x21, 0x00, 0x21, 0x00, 0x21, 0x00, 0x21, 0x00, 0x21, 0x00, 0x21, 0x00, 0x21, 0x00, 0x21, 0x00, 0x21, 0x00, 0x21, 0x00, 0x21, 0x00, 0x21, 0x00,
0x21, 0x00, 0x21, 0x00, 0x21, 0x00, 0x21, 0x00, 0x21, 0x00, 0x21, 0x00, 0x21, 0x00, 0x21, 0x00, 0x21, 0x00, 0x21, 0x00, 0x21, 0x00, 0x21, 0x00,
0x21, 0x00, 0x21, 0x00, 0x21, 0x00, 0x21, 0x00, 0x21, 0x00, 0x21, 0x00, 0x21, 0x00, 0x21, 0x00, 0x21, 0x00, 0x21, 0x00, 0x21, 0x00, 0x21, 0x00,
0x21, 0x00, 0x21, 0x00, 0x21, 0x00, 0x21, 0x00, 0x21, 0x00, 0x21, 0x00, 0x21, 0x00, 0x21, 0x00, 0x21, 0x00, 0x21, 0x00, 0x21, 0x00, 0x21, 0x00,
0x21, 0x00, 0x21, 0x00, 0x21, 0x00, 0x21, 0x00, 0x21, 0x00, 0x21, 0x00, 0x21, 0x00, 0x21, 0x00, 0x21, 0x00, 0x21, 0x00, 0x21, 0x00, 0x21, 0x00,
0x21, 0x00, 0x21, 0x00, 0x21, 0x00, 0x21, 0x00, 0x21, 0x00, 0x21, 0x00, 0x21, 0x00, 0x21, 0x00, 0x21, 0x00, 0x21, 0x00, 0x21, 0x00, 0x21, 0x00,
0x21, 0x00, 0x21, 0x00, 0x21, 0x00, 0x21, 0x00, 0x21, 0x00, 0x21, 0x00, 0x21, 0x00, 0x21, 0x00, 0x21, 0x00, 0x21, 0x00, 0x21, 0x00, 0x21, 0x00,
0x21, 0x00, 0x21, 0x00, 0x21, 0x00, 0x21, 0x00, 0x21, 0x00, 0x21, 0x00, 0x21, 0x00, 0x21, 0x00, 0x21, 0x00, 0x21, 0x00, 0x21, 0x00, 0x21, 0x00,
0x21, 0x00, 0x21, 0x00, 0x21, 0x00, 0x21, 0x00, 0x21, 0x00, 0x21, 0x00, 0x21, 0x00, 0x21, 0x00, 0x21, 0x00, 0x21, 0x00, 0x21, 0x00, 0x21, 0x00,
0x21, 0x00, 0x21, 0x00, 0x21, 0x00, 0x21, 0x00, 0x21, 0x00, 0x21, 0x00, 0x21, 0x00, 0x21, 0x00, 0x21, 0x00, 0x21, 0x00, 0x21, 0x00, 0x21, 0x00,
0x21, 0x00, 0x21, 0x00, 0x21, 0x00, 0x21, 0x00, 0x21, 0x00, 0x21, 0x00, 0x21, 0x00, 0x21, 0x00, 0x21, 0x00, 0x21, 0x00, 0x21, 0x00, 0x21, 0x00,
0x21, 0x00, 0x21, 0x00, 0x21, 0x00, 0x21, 0x00, 0x21, 0x00, 0x21, 0x00, 0x21, 0x00, 0x21, 0x00, 0x21, 0x00, 0x21, 0x00, 0x21, 0x00, 0x21, 0x00,
0x21, 0x00, 0x21, 0x00, 0x21, 0x00, 0x21, 0x00, 0x21, 0x00, 0x21, 0x00, 0x21, 0x00, 0x21, 0x00, 0x21, 0x00, 0x21, 0x00, 0x21, 0x00, 0x21, 0x00,
0x21, 0x00, 0x21, 0x00, 0x21, 0x00, 0x21, 0x00, 0x21, 0x00, 0x21, 0x00, 0x21, 0x00, 0x21, 0x00, 0x21, 0x00, 0x21, 0x00, 0x21, 0x00, 0x21, 0x00,
0x21, 0x00, 0x21, 0x00, 0x21, 0x00, 0x21, 0x00, 0x21, 0x00, 0x21, 0x00, 0x21, 0x00, 0x21, 0x00, 0x21, 0x00, 0x21, 0x00, 0x21, 0x00, 0x21, 0x00,
0x21, 0x00, 0x21, 0x00, 0x21, 0x00, 0x21, 0x00, 0x21, 0x00, 0x21, 0x00, 0x21, 0x00, 0x21, 0x00, 0x21, 0x00, 0x21, 0x00, 0x21, 0x00, 0x21, 0x00,
0x21, 0x00, 0x21, 0x00, 0x21, 0x00, 0x21, 0x00, 0x21, 0x00, 0x21, 0x00, 0x21, 0x00, 0x21, 0x00, 0x21, 0x00, 0x21, 0x00, 0x21, 0x00, 0x21, 0x00,
0x21, 0x00, 0x21, 0x00, 0x21, 0x00, 0x21, 0x00, 0x21, 0x00, 0x21, 0x00, 0x21, 0x00, 0x21, 0x00, 0x21, 0x00, 0x21, 0x00, 0x21, 0x00, 0x21, 0x00,
0x21, 0x00, 0x21, 0x00, 0x21, 0x00, 0x21, 0x00, 0x21, 0x00, 0x21, 0x00, 0x21, 0x00, 0x21, 0x00, 0x21, 0x00, 0x21, 0x00, 0x21, 0x00, 0x21, 0x00,
0x21, 0x00, 0x21, 0x00, 0x21, 0x00, 0x21, 0x00, 0x21, 0x00, 0x21, 0x00, 0x21, 0x00, 0x21, 0x00, 0x21, 0x00, 0x21, 0x00, 0x21, 0x00, 0x21, 0x00,
0x21, 0x00, 0x21, 0x00, 0x21, 0x00, 0x21, 0x00, 0x21, 0x00, 0x21, 0x00, 0x21, 0x00, 0x21, 0x00, 0x21, 0x00, 0x21, 0x00, 0x21, 0x00, 0x21, 0x00,
0x21, 0x00, 0x21, 0x00, 0x21, 0x00, 0x21, 0x00, 0x21, 0x00, 0x21, 0x00, 0x21, 0x00, 0x21, 0x00, 0x21, 0x00, 0x21, 0x00, 0x21, 0x00, 0x21, 0x00,
0x21, 0x00, 0x21, 0x00, 0x21, 0x00, 0x21, 0x00, 0x21, 0x00, 0x21, 0x00, 0x21, 0x00, 0x21, 0x00, 0x21, 0x00, 0x21, 0x00, 0x21, 0x00, 0x21, 0x00,
0x21, 0x00, 0x21, 0x00, 0x21, 0x00, 0x21, 0x00, 0x21, 0x00, 0x21, 0x00, 0x21, 0x00, 0x21, 0x00, 0x21, 0x00, 0x21, 0x00, 0x21, 0x00, 0x21, 0x00,
0x21, 0x00, 0x21, 0x00, 0x21, 0x00, 0x21, 0x00, 0x21, 0x00, 0x21, 0x00, 0x21, 0x00, 0x21, 0x00, 0x21, 0x00, 0x21, 0x00, 0x21, 0x00, 0x21, 0x00,
0x21, 0x00, 0x21, 0x00, 0x21, 0x00, 0x21, 0x00, 0x21, 0x00, 0x21, 0x00, 0x21, 0x00, 0x21, 0x00, 0x21, 0x00, 0x21, 0x00, 0x21, 0x00, 0x21, 0x00,
0x21, 0x00, 0x21, 0x00, 0x21, 0x00, 0x21, 0x00, 0x21, 0x00, 0x21, 0x00, 0x21, 0x00, 0x21, 0x00, 0x21, 0x00, 0x21, 0x00, 0x21, 0x00, 0x21, 0x00,
0x21, 0x00, 0x21, 0x00, 0x21, 0x00, 0x21, 0x00, 0x21, 0x00, 0x21, 0x00, 0x21, 0x00, 0x21, 0x00, 0x21, 0x00, 0x21, 0x00, 0x21, 0x00, 0x21, 0x00,
0x21, 0x00, 0x21, 0x00, 0x21, 0x00, 0x21, 0x00, 0x21, 0x00, 0x21, 0x00, 0x21, 0x00, 0x21, 0x00, 0x21, 0x00, 0x21, 0x00, 0x21, 0x00, 0x21, 0x00,
0x21, 0x00, 0x21, 0x00, 0x21, 0x00, 0x21, 0x00, 0x21, 0x00, 0x21, 0x00, 0x21, 0x00, 0x21, 0x00, 0x21, 0x00, 0x21, 0x00, 0x21, 0x00, 0x21, 0x00,
0x21, 0x00, 0x21, 0x00, 0x21, 0x00, 0x21, 0x00, 0x21, 0x00, 0x21, 0x00, 0x21, 0x00, 0x21, 0x00, 0x21, 0x00, 0x21, 0x00, 0x21, 0x00, 0x21, 0x00,
0x21, 0x00, 0x21, 0x00, 0x21, 0x00, 0x21, 0x00, 0x21, 0x00, 0x21, 0x00, 0x21, 0x00, 0x21, 0x00, 0x21, 0x00, 0x21, 0x00, 0x21, 0x00, 0x21, 0x00,
0x21, 0x00, 0x21, 0x00, 0x21, 0x00, 0x21, 0x00, 0x21, 0x00, 0x21, 0x00, 0x21, 0x00, 0x21, 0x00, 0x21, 0x00, 0x21, 0x00, 0x21, 0x00, 0x21, 0x00,
0x21, 0x00, 0x21, 0x00, 0x21, 0x00, 0x21, 0x00, 0x21, 0x00, 0x21, 0x00, 0x21, 0x00, 0x21, 0x00, 0x21, 0x00, 0x21, 0x00, 0x21, 0x00, 0x21, 0x00,
0x21, 0x00, 0x21, 0x00, 0x21, 0x00, 0x21, 0x00, 0x21, 0x00, 0x21, 0x00, 0x21, 0x00, 0x21, 0x00, 0x21, 0x00, 0x21, 0x00, 0x21, 0x00, 0x21, 0x00,
0x21, 0x00, 0x21, 0x00, 0x21, 0x00, 0x21, 0x00, 0x21, 0x00, 0x21, 0x00, 0x21, 0x00, 0x21, 0x00, 0x21, 0x00, 0x21, 0x00, 0x21, 0x00, 0x21, 0x00,
0x21, 0x00, 0x21, 0x00, 0x21, 0x00, 0x21, 0x00, 0x21, 0x00, 0x21, 0x00, 0x21, 0x00, 0x21, 0x00, 0x21, 0x00, 0x21, 0x00, 0x21, 0x00, 0x21, 0x00,
0x21, 0x00, 0x21, 0x00, 0x21, 0x00, 0x21, 0x00, 0x21, 0x00, 0x21, 0x00, 0x21, 0x00, 0x21, 0x00, 0x21, 0x00, 0x21, 0x00, 0x21, 0x00, 0x21, 0x00,
0x21, 0x00, 0x21, 0x00, 0x21, 0x00, 0x21, 0x00, 0x21, 0x00, 0x21, 0x00, 0x21, 0x00, 0x21, 0x00, 0x21, 0x00, 0x21, 0x00, 0x21, 0x00, 0x21, 0x00,
0x21, 0x00, 0x21, 0x00, 0x21, 0x00, 0x21, 0x00, 0x21, 0x00, 0x21, 0x00, 0x21, 0x00, 0x21, 0x00, 0x21, 0x00, 0x21, 0x00, 0x21, 0x00, 0x21, 0x00,
0x21, 0x00, 0x21, 0x00, 0x21, 0x00, 0x21, 0x00, 0x21, 0x00, 0x21, 0x00, 0x21, 0x00, 0x21, 0x00, 0x21, 0x00, 0x21, 0x00, 0x21, 0x00, 0x21, 0x00,
0x21, 0x00, 0x21, 0x00, 0x21, 0x00, 0x21, 0x00, 0x21, 0x00, 0x21, 0x00, 0x21, 0x00, 0x21, 0x00, 0x21, 0x00, 0x21, 0x00, 0x21, 0x00, 0x21, 0x00,
0x21, 0x00, 0x21, 0x00, 0x21, 0x00, 0x21, 0x00, 0x21, 0x00, 0x21, 0x00, 0x21, 0x00, 0x21, 0x00, 0x21, 0x00, 0x21, 0x00, 0x21, 0x00, 0x21, 0x00,
0x21, 0x00, 0x21, 0x00, 0x21, 0x00, 0x21, 0x00, 0x21, 0x00, 0x21, 0x00, 0x21, 0x00, 0x21, 0x00, 0x21, 0x00, 0x21, 0x00, 0x21, 0x00, 0x21, 0x00,
0x21, 0x00, 0x21, 0x00, 0x21, 0x00, 0x21, 0x00, 0x21, 0x00, 0x21, 0x00, 0x21, 0x00, 0x21, 0x00, 0x21, 0x00, 0x21, 0x00, 0x21, 0x00, 0x21, 0x00,
0x21, 0x00, 0x21, 0x00, 0x21, 0x00, 0x21, 0x00, 0x21, 0x00, 0x21, 0x00, 0x21, 0x00, 0x21, 0x00, 0x21, 0x00, 0x21, 0x00, 0x21, 0x00, 0x21, 0x00,
0x21, 0x00, 0x21, 0x00, 0x21, 0x00, 0x21, 0x00, 0x21, 0x00, 0x21, 0x00, 0x21, 0x00, 0x21, 0x00, 0x21, 0x00, 0x21, 0x00, 0x21, 0x00, 0x21, 0x00,
0x21, 0x00, 0x21, 0x00, 0x21, 0x00, 0x21, 0x00, 0x21, 0x00, 0x21, 0x00, 0x21, 0x00, 0x21, 0x00, 0x21, 0x00, 0x21, 0x00, 0x21, 0x00, 0x21, 0x00,
0x21, 0x00, 0x21, 0x00, 0x21, 0x00, 0x21, 0x00, 0x21, 0x00, 0x21, 0x00, 0x21, 0x00, 0x21, 0x00, 0x21, 0x00, 0x21, 0x00, 0x21, 0x00, 0x21, 0x00,
0x21, 0x00, 0x21, 0x00, 0x21, 0x00, 0x21, 0x00, 0x21, 0x00, 0x21, 0x00, 0x21, 0x00, 0x21, 0x00, 0x21, 0x00, 0x21, 0x00, 0x21, 0x00, 0x21, 0x00,
0x21, 0x00, 0x21, 0x00, 0x21, 0x00, 0x21, 0x00, 0x21, 0x00, 0x21, 0x00, 0x21, 0x00, 0x21, 0x00, 0x21, 0x00, 0x21, 0x00, 0x21, 0x00, 0x21, 0x00,
0x21, 0x00, 0x21, 0x00, 0x21, 0x00, 0x21, 0x00, 0x21, 0x00, 0x21, 0x00, 0x21, 0x00, 0x21, 0x00, 0x21, 0x00, 0x21, 0x00, 0x21, 0x00, 0x21, 0x00,
0x21, 0x00, 0x21, 0x00, 0x21, 0x00, 0x21, 0x00, 0x21, 0x00, 0x21, 0x00, 0x21, 0x00, 0x21, 0x00, 0x21, 0x00, 0x21, 0x00, 0x21, 0x00, 0x21, 0x00,
0x21, 0x00, 0x21, 0x00, 0x21, 0x00, 0x21, 0x00, 0x21, 0x00, 0x21, 0x00, 0x21, 0x00, 0x21, 0x00, 0x21, 0x00, 0x21, 0x00, 0x21, 0x00, 0x21, 0x00,
0x21, 0x00, 0x21, 0x00, 0x21, 0x00, 0x21, 0x00, 0x21, 0x00, 0x21, 0x00, 0x21, 0x00, 0x21, 0x00, 0x21, 0x00, 0x21, 0x00, 0x21, 0x00, 0x21, 0x00,
0x21, 0x00, 0x21, 0x00, 0x21, 0x00, 0x21, 0x00, 0x21, 0x00, 0x21, 0x00, 0x21, 0x00, 0x21, 0x00, 0x21, 0x00, 0x21, 0x00, 0x21, 0x00, 0x21, 0x00,
0x21, 0x00, 0x21, 0x00, 0x21, 0x00, 0x21, 0x00, 0x21, 0x00, 0x21, 0x00, 0x21, 0x00, 0x21, 0x00, 0x21, 0x00, 0x21, 0x00, 0x21, 0x00, 0x21, 0x00,
0x21, 0x00, 0x21, 0x00, 0x21, 0x00, 0x21, 0x00, 0x21, 0x00, 0x21, 0x00, 0x21, 0x00, 0x21, 0x00, 0x21, 0x00, 0x21, 0x00, 0x21, 0x00, 0x21, 0x00,
0x21, 0x00, 0x21, 0x00, 0x21, 0x00, 0x21, 0x00, 0x21, 0x00, 0x21, 0x00, 0x21, 0x00, 0x21, 0x00, 0x21, 0x00, 0x21, 0x00, 0x21, 0x00, 0x21, 0x00,
0x21, 0x00, 0x21, 0x00, 0x21, 0x00, 0x21, 0x00, 0x21, 0x00, 0x21, 0x00, 0x21, 0x00, 0x21, 0x00, 0x21, 0x00, 0x21, 0x00, 0x21, 0x00, 0x21, 0x00,
0x21, 0x00, 0x21, 0x00, 0x21, 0x00, 0x21, 0x00, 0x21, 0x00, 0x21, 0x00, 0x21, 0x00, 0x21, 0x00, 0x21, 0x00, 0x21, 0x00, 0x21, 0x00, 0x21, 0x00,
0x21, 0x00, 0x21, 0x00, 0x21, 0x00, 0x21, 0x00, 0x21, 0x00, 0x21, 0x00, 0x21, 0x00, 0x21, 0x00, 0x21, 0x00, 0x21, 0x00, 0x21, 0x00, 0x21, 0x00,
0x21, 0x00, 0x21, 0x00, 0x21, 0x00, 0x21, 0x00, 0x21, 0x00, 0x21, 0x00, 0x21, 0x00, 0x21, 0x00, 0x21, 0x00, 0x21, 0x00, 0x21, 0x00, 0x21, 0x00,
0x21, 0x00, 0x21, 0x00, 0x21, 0x00, 0x21, 0x00, 0x21, 0x00, 0x21, 0x00, 0x21, 0x00, 0x21, 0x00, 0x21, 0x00, 0x21, 0x00, 0x21, 0x00, 0x21, 0x00,
0x21, 0x00, 0x21, 0x00, 0x21, 0x00, 0x21, 0x00, 0x21, 0x00, 0x21, 0x00, 0x21, 0x00, 0x21, 0x00, 0x21, 0x00, 0x21, 0x00, 0x21, 0x00, 0x21, 0x00,
0x21, 0x00, 0x21, 0x00, 0x21, 0x00, 0x21, 0x00, 0x21, 0x00, 0x21, 0x00, 0x21, 0x00, 0x21, 0x00, 0x21, 0x00, 0x21, 0x00, 0x21, 0x00, 0x21, 0x00,
0x21, 0x00, 0x21, 0x00, 0x21, 0x00, 0x21, 0x00, 0x21, 0x00, 0x21, 0x00, 0x21, 0x00, 0x21, 0x00, 0x21, 0x00, 0x21, 0x00, 0x21, 0x00, 0x21, 0x00,
0x21, 0x00, 0x21, 0x00, 0x21, 0x00, 0x21, 0x00, 0x21, 0x00, 0x21, 0x00, 0x21, 0x00, 0x21, 0x00, 0x21, 0x00, 0x21, 0x00, 0x21, 0x00, 0x21, 0x00,
0x21, 0x00, 0x21, 0x00, 0x21, 0x00, 0x21, 0x00, 0x21, 0x00, 0x21, 0x00, 0x21, 0x00, 0x21, 0x00, 0x21, 0x00, 0x21, 0x00, 0x21, 0x00, 0x21, 0x00,
0x21, 0x00, 0x21, 0x00, 0x21, 0x00, 0x21, 0x00, 0x21, 0x00, 0x21, 0x00, 0x21, 0x00, 0x21, 0x00, 0x21, 0x00, 0x21, 0x00, 0x21, 0x00, 0x21, 0x00,
0x21, 0x00, 0x21, 0x00, 0x21, 0x00, 0x21, 0x00, 0x21, 0x00, 0x21, 0x00, 0x21, 0x00, 0x21, 0x00, 0x21, 0x00, 0x21, 0x00, 0x21, 0x00, 0x21, 0x00,
0x21, 0x00, 0x21, 0x00, 0x21, 0x00, 0x21, 0x00, 0x21, 0x00, 0x21, 0x00, 0x21, 0x00, 0x21, 0x00, 0x21, 0x00, 0x21, 0x00, 0x21, 0x00, 0x21, 0x00,
0x21, 0x00, 0x21, 0x00, 0x21, 0x00, 0x21, 0x00, 0x21, 0x00, 0x21, 0x00, 0x21, 0x00, 0x21, 0x00, 0x21, 0x00, 0x21, 0x00, 0x21, 0x00, 0x21, 0x00,
0x21, 0x00, 0x21, 0x00, 0x21, 0x00, 0x21, 0x00, 0x21, 0x00, 0x21, 0x00, 0x21, 0x00, 0x21, 0x00, 0x21, 0x00, 0x21, 0x00, 0x21, 0x00, 0x21, 0x00,
0x21, 0x00, 0x21, 0x00, 0x21, 0x00, 0x21, 0x00, 0x21, 0x00, 0x21, 0x00, 0x21, 0x00, 0x21, 0x00, 0x21, 0x00, 0x21, 0x00, 0x21, 0x00, 0x21, 0x00,
0x21, 0x00, 0x21, 0x00, 0x21, 0x00, 0x21, 0x00, 0x21, 0x00, 0x21, 0x00, 0x21, 0x00, 0x21, 0x00, 0x21, 0x00, 0x21, 0x00, 0x21, 0x00, 0x21, 0x00,
0x21, 0x00, 0x21, 0x00, 0x21, 0x00, 0x21, 0x00, 0x21, 0x00, 0x21, 0x00, 0x21, 0x00, 0x21, 0x00, 0x21, 0x00, 0x21, 0x00, 0x21, 0x00, 0x21, 0x00,
0x21, 0x00, 0x21, 0x00, 0x21, 0x00, 0x21, 0x00, 0x21, 0x00, 0x21, 0x00, 0x21, 0x00, 0x21, 0x00, 0x21, 0x00, 0x21, 0x00, 0x21, 0x00, 0x21, 0x00,
0x21, 0x00, 0x21, 0x00, 0x21, 0x00, 0x21, 0x00, 0x21, 0x00, 0x21, 0x00, 0x21, 0x00, 0x21, 0x00, 0x21, 0x00, 0x21, 0x00, 0x21, 0x00, 0x21, 0x00,
0x21, 0x00, 0x21, 0x00, 0x21, 0x00, 0x21, 0x00, 0x21, 0x00, 0x21, 0x00, 0x21, 0x00, 0x21, 0x00, 0x21, 0x00, 0x21, 0x00, 0x21, 0x00, 0x21, 0x00,
0x21, 0x00, 0x21, 0x00, 0x21, 0x00, 0x21, 0x00, 0x21, 0x00, 0x21, 0x00, 0x21, 0x00, 0x21, 0x00, 0x21, 0x00, 0x21, 0x00, 0x21, 0x00, 0x21, 0x00,
0x21, 0x00, 0x21, 0x00, 0x21, 0x00, 0x21, 0x00, 0x21, 0x00, 0x21, 0x00, 0x21, 0x00, 0x21, 0x00, 0x21, 0x00, 0x21, 0x00, 0x21, 0x00, 0x21, 0x00,
0x21, 0x00, 0x21, 0x00, 0x21, 0x00, 0x21, 0x00, 0x21, 0x00, 0x21, 0x00, 0x21, 0x00, 0x21, 0x00, 0x21, 0x00, 0x21, 0x00, 0x21, 0x00, 0x21, 0x00,
0x21, 0x00, 0x21, 0x00, 0x21, 0x00, 0x21, 0x00, 0x21, 0x00, 0x21, 0x00, 0x21, 0x00, 0x21, 0x00, 0x21, 0x00, 0x21, 0x00, 0x21, 0x00, 0x21, 0x00,
0x21, 0x00, 0x21, 0x00, 0x21, 0x00, 0x21, 0x00, 0x21, 0x00, 0x21, 0x00, 0x21, 0x00, 0x21, 0x00, 0x21, 0x00, 0x21, 0x00, 0x21, 0x00, 0x21, 0x00,
0x21, 0x00, 0x21, 0x00, 0x21, 0x00, 0x21, 0x00, 0x21, 0x00, 0x21, 0x00, 0x21, 0x00, 0x21, 0x00, 0x21, 0x00, 0x21, 0x00, 0x21, 0x00, 0x21, 0x00,
0x21, 0x00, 0x21, 0x00, 0x21, 0x00, 0x21, 0x00, 0x21, 0x00, 0x21, 0x00, 0x21, 0x00, 0x21, 0x00, 0x21, 0x00, 0x21, 0x00, 0x21, 0x00, 0x21, 0x00,
0x21, 0x00, 0x21, 0x00, 0x21, 0x00, 0x21, 0x00, 0x21, 0x00, 0x21, 0x00, 0x21, 0x00, 0x21, 0x00, 0x21, 0x00, 0x21, 0x00, 0x21, 0x00, 0x21, 0x00,
0x21, 0x00, 0x21, 0x00, 0x21, 0x00, 0x21, 0x00, 0x21, 0x00, 0x21, 0x00, 0x21, 0x00, 0x21, 0x00, 0x21, 0x00, 0x21, 0x00, 0x21, 0x00, 0x21, 0x00,
0x21, 0x00, 0x21, 0x00, 0x21, 0x00, 0x21, 0x00, 0x21, 0x00, 0x21, 0x00, 0x21, 0x00, 0x21, 0x00, 0x21, 0x00, 0x21, 0x00, 0x21, 0x00, 0x21, 0x00,
0x21, 0x00, 0x21, 0x00, 0x21, 0x00, 0x21, 0x00, 0x21, 0x00, 0x21, 0x00, 0x21, 0x00, 0x21, 0x00, 0x21, 0x00, 0x21, 0x00, 0x21, 0x00, 0x21, 0x00,
0x21, 0x00, 0x21, 0x00, 0x21, 0x00, 0x21, 0x00, 0x21, 0x00, 0x21, 0x00, 0x21, 0x00, 0x21, 0x00, 0x21, 0x00, 0x21, 0x00, 0x21, 0x00, 0x21, 0x00,
0x21, 0x00, 0x21, 0x00, 0x21, 0x00, 0x21, 0x00, 0x21, 0x00, 0x21, 0x00, 0x21, 0x00, 0x21, 0x00, 0x21, 0x00, 0x21, 0x00, 0x21, 0x00, 0x21, 0x00,
0x21, 0x00, 0x21, 0x00, 0x21, 0x00, 0x21, 0x00, 0x21, 0x00, 0x21, 0x00, 0x21, 0x00, 0x21, 0x00, 0x21, 0x00, 0x21, 0x00, 0x21, 0x00, 0x21, 0x00,
0x21, 0x00, 0x21, 0x00, 0x21, 0x00, 0x21, 0x00, 0x21, 0x00, 0x21, 0x00, 0x21, 0x00, 0x21, 0x00, 0x21, 0x00, 0x21, 0x00, 0x21, 0x00, 0x21, 0x00,
0x21, 0x00, 0x21, 0x00, 0x21, 0x00, 0x21, 0x00, 0x21, 0x00, 0x21, 0x00, 0x21, 0x00, 0x21, 0x00, 0x21, 0x00, 0x21, 0x00, 0x21, 0x00, 0x21, 0x00,
0x21, 0x00, 0x21, 0x00, 0x21, 0x00, 0x21, 0x00, 0x21, 0x00, 0x21, 0x00, 0x21, 0x00, 0x21, 0x00, 0x21, 0x00, 0x21, 0x00, 0x21, 0x00, 0x21, 0x00,
0x21, 0x00, 0x21, 0x00, 0x21, 0x00, 0x21, 0x00, 0x21, 0x00, 0x21, 0x00, 0x21, 0x00, 0x21, 0x00, 0x21, 0x00, 0x21, 0x00, 0x21, 0x00, 0x21, 0x00,
0x21, 0x00, 0x21, 0x00, 0x21, 0x00, 0x21, 0x00, 0x21, 0x00, 0x21, 0x00, 0x21, 0x00, 0x21, 0x00, 0x21, 0x00, 0x21, 0x00, 0x21, 0x00, 0x21, 0x00,
0x21, 0x00, 0x21, 0x00, 0x21, 0x00, 0x21, 0x00, 0x21, 0x00, 0x21, 0x00, 0x21, 0x00, 0x21, 0x00, 0x21, 0x00, 0x21, 0x00, 0x21, 0x00, 0x21, 0x00,
0x21, 0x00, 0x21, 0x00, 0x21, 0x00, 0x21, 0x00, 0x21, 0x00, 0x21, 0x00, 0x21, 0x00, 0x21, 0x00, 0x21, 0x00, 0x21, 0x00, 0x21, 0x00, 0x21, 0x00,
0x21, 0x00, 0x21, 0x00, 0x21, 0x00, 0x21, 0x00, 0x21, 0x00, 0x21, 0x00, 0x21, 0x00, 0x21, 0x00, 0x21, 0x00, 0x21, 0x00, 0x21, 0x00, 0x21, 0x00,
0x21, 0x00, 0x21, 0x00, 0x21, 0x00, 0x21, 0x00, 0x21, 0x00, 0x21, 0x00, 0x21, 0x00, 0x21, 0x00, 0x21, 0x00, 0x21, 0x00, 0x21, 0x00, 0x21, 0x00,
0x21, 0x00, 0x21, 0x00, 0x21, 0x00, 0x21, 0x00, 0x21, 0x00, 0x21, 0x00, 0x21, 0x00, 0x21, 0x00, 0x21, 0x00, 0x21, 0x00, 0x21, 0x00, 0x21, 0x00,
0x21, 0x00, 0x21, 0x00, 0x21, 0x00, 0x21, 0x00, 0x21, 0x00, 0x21, 0x00, 0x21, 0x00, 0x21, 0x00, 0x21, 0x00, 0x21, 0x00, 0x21, 0x00, 0x21, 0x00,
0x21, 0x00, 0x21, 0x00, 0x21, 0x00, 0x21, 0x00, 0x21, 0x00, 0x21, 0x00, 0x21, 0x00, 0x21, 0x00, 0x21, 0x00, 0x21, 0x00, 0x21, 0x00, 0x21, 0x00,
0x21, 0x00, 0x21, 0x00, 0x21, 0x00, 0x21, 0x00, 0x21, 0x00, 0x21, 0x00, 0x21, 0x00, 0x21, 0x00, 0x21, 0x00, 0x21, 0x00, 0x21, 0x00, 0x21, 0x00,
0x21, 0x00, 0x21, 0x00, 0x21, 0x00, 0x21, 0x00, 0x21, 0x00, 0x21, 0x00, 0x21, 0x00, 0x21, 0x00, 0x21, 0x00, 0x21, 0x00, 0x21, 0x00, 0x21, 0x00,
0x21, 0x00, 0x21, 0x00, 0x21, 0x00, 0x21, 0x00, 0x21, 0x00, 0x21, 0x00, 0x21, 0x00, 0x21, 0x00, 0x21, 0x00, 0x21, 0x00, 0x21, 0x00, 0x21, 0x00,
0x21, 0x00, 0x21, 0x00, 0x21, 0x00, 0x21, 0x00, 0x21, 0x00, 0x21, 0x00, 0x21, 0x00, 0x21, 0x00, 0x21, 0x00, 0x21, 0x00, 0x21, 0x00, 0x21, 0x00,
0x21, 0x00, 0x21, 0x00, 0x21, 0x00, 0x21, 0x00, 0x21, 0x00, 0x21, 0x00, 0x21, 0x00, 0x21, 0x00, 0x21, 0x00, 0x21, 0x00, 0x21, 0x00, 0x21, 0x00,
0x21, 0x00, 0x21, 0x00, 0x21, 0x00, 0x21, 0x00, 0x21, 0x00, 0x21, 0x00, 0x21, 0x00, 0x21, 0x00, 0x21, 0x00, 0x21, 0x00, 0x21, 0x00, 0x21, 0x00,
0x21, 0x00, 0x21, 0x00, 0x21, 0x00, 0x21, 0x00, 0x21, 0x00, 0x21, 0x00, 0x21, 0x00, 0x21, 0x00, 0x21, 0x00, 0x21, 0x00, 0x21, 0x00, 0x21, 0x00,
0x21, 0x00, 0x21, 0x00, 0x21, 0x00, 0x21, 0x00, 0x21, 0x00, 0x21, 0x00, 0x21, 0x00, 0x21, 0x00, 0x21, 0x00, 0x21, 0x00, 0x21, 0x00, 0x21, 0x00,
0x21, 0x00, 0x21, 0x00, 0x21, 0x00, 0x21, 0x00, 0x21, 0x00, 0x21, 0x00, 0x21, 0x00, 0x21, 0x00, 0x21, 0x00, 0x21, 0x00, 0x21, 0x00, 0x21, 0x00,
0x21, 0x00, 0x21, 0x00, 0x21, 0x00, 0x21, 0x00, 0x21, 0x00, 0x21, 0x00, 0x21, 0x00, 0x21, 0x00, 0x21, 0x00, 0x21, 0x00, 0x21, 0x00, 0x21, 0x00,
0x21, 0x00, 0x21, 0x00, 0x21, 0x00, 0x21, 0x00, 0x21, 0x00, 0x21, 0x00, 0x21, 0x00, 0x21, 0x00, 0x21, 0x00, 0x21, 0x00, 0x21, 0x00, 0x21, 0x00,
0x21, 0x00, 0x21, 0x00, 0x21, 0x00, 0x21, 0x00, 0x21, 0x00, 0x21, 0x00, 0x21, 0x00, 0x21, 0x00, 0x21, 0x00, 0x21, 0x00, 0x21, 0x00, 0x21, 0x00,
0x21, 0x00, 0x21, 0x00, 0x21, 0x00, 0x21, 0x00, 0x21, 0x00, 0x21, 0x00, 0x21, 0x00, 0x21, 0x00, 0x21, 0x00, 0x21, 0x00, 0x21, 0x00, 0x21, 0x00,
0x21, 0x00, 0x21, 0x00, 0x21, 0x00, 0x21, 0x00, 0x21, 0x00, 0x21, 0x00, 0x21, 0x00, 0x21, 0x00, 0x21, 0x00, 0x21, 0x00, 0x21, 0x00, 0x21, 0x00,
0x21, 0x00, 0x21, 0x00, 0x21, 0x00, 0x21, 0x00, 0x21, 0x00, 0x21, 0x00, 0x21, 0x00, 0x21, 0x00, 0x21, 0x00, 0x21, 0x00, 0x21, 0x00, 0x21, 0x00,
0x21, 0x00, 0x21, 0x00, 0x21, 0x00, 0x21, 0x00, 0x21, 0x00, 0x21, 0x00, 0x21, 0x00, 0x21, 0x00, 0x21, 0x00, 0x21, 0x00, 0x21, 0x00, 0x21, 0x00,
0x21, 0x00, 0x21, 0x00, 0x21, 0x00, 0x21, 0x00, 0x21, 0x00, 0x21, 0x00, 0x21, 0x00, 0x21, 0x00, 0x21, 0x00, 0x21, 0x00, 0x21, 0x00, 0x21, 0x00,
0x21, 0x00, 0x21, 0x00, 0x21, 0x00, 0x21, 0x00, 0x21, 0x00, 0x21, 0x00, 0x21, 0x00, 0x21, 0x00, 0x21, 0x00, 0x21, 0x00, 0x21, 0x00, 0x21, 0x00,
0x21, 0x00, 0x21, 0x00, 0x21, 0x00, 0x21, 0x00, 0x21, 0x00, 0x21, 0x00, 0x21, 0x00, 0x21, 0x00, 0x21, 0x00, 0x21, 0x00, 0x21, 0x00, 0x21, 0x00,
0x21, 0x00, 0x21, 0x00, 0x21, 0x00, 0x21, 0x00, 0x21, 0x00, 0x21, 0x00, 0x21, 0x00, 0x21, 0x00, 0x21, 0x00, 0x21, 0x00, 0x21, 0x00, 0x21, 0x00,
0x21, 0x00, 0x21, 0x00, 0x21, 0x00, 0x21, 0x00, 0x21, 0x00, 0x21, 0x00, 0x21, 0x00, 0x21, 0x00, 0x21, 0x00, 0x21, 0x00, 0x21, 0x00, 0x21, 0x00,
0x21, 0x00, 0x21, 0x00, 0x21, 0x00, 0x21, 0x00, 0x21, 0x00, 0x21, 0x00, 0x21, 0x00, 0x21, 0x00, 0x21, 0x00, 0x21, 0x00, 0x21, 0x00, 0x21, 0x00,
0x21, 0x00, 0x21, 0x00, 0x21, 0x00, 0x21, 0x00, 0x21, 0x00, 0x21, 0x00, 0x21, 0x00, 0x21, 0x00, 0x21, 0x00, 0x21, 0x00, 0x21, 0x00, 0x21, 0x00,
0x21, 0x00, 0x21, 0x00, 0x21, 0x00, 0x21, 0x00, 0x21, 0x00, 0x21, 0x00, 0x21, 0x00, 0x21, 0x00, 0x21, 0x00, 0x21, 0x00, 0x21, 0x00, 0x21, 0x00,
0x21, 0x00, 0x21, 0x00, 0x21, 0x00, 0x21, 0x00, 0x21, 0x00, 0x21, 0x00, 0x21, 0x00, 0x21, 0x00, 0x21, 0x00, 0x21, 0x00, 0x21, 0x00, 0x21, 0x00,
0x21, 0x00, 0x21, 0x00, 0x21, 0x00, 0x21, 0x00, 0x21, 0x00, 0x21, 0x00, 0x21, 0x00, 0x21, 0x00, 0x21, 0x00, 0x21, 0x00, 0x21, 0x00, 0x21, 0x00,
0x21, 0x00, 0x21, 0x00, 0x21, 0x00, 0x21, 0x00, 0x21, 0x00, 0x21, 0x00, 0x21, 0x00, 0x21, 0x00, 0x21, 0x00, 0x21, 0x00, 0x21, 0x00, 0x21, 0x00,
0x21, 0x00, 0x21, 0x00, 0x21, 0x00, 0x21, 0x00, 0x21, 0x00, 0x21, 0x00, 0x21, 0x00, 0x21, 0x00, 0x21, 0x00, 0x21, 0x00, 0x21, 0x00, 0x21, 0x00,
0x21, 0x00, 0x21, 0x00, 0x21, 0x00, 0x21, 0x00, 0x21, 0x00, 0x21, 0x00, 0x21, 0x00, 0x21, 0x00, 0x21, 0x00, 0x21, 0x00, 0x21, 0x00, 0x21, 0x00,
0x21, 0x00, 0x21, 0x00, 0x21, 0x00, 0x21, 0x00, 0x21, 0x00, 0x21, 0x00, 0x21, 0x00, 0x21, 0x00, 0x21, 0x00, 0x21, 0x00, 0x21, 0x00, 0x21, 0x00,
0x21, 0x00, 0x21, 0x00, 0x21, 0x00, 0x21, 0x00, 0x21, 0x00, 0x21, 0x00, 0x21, 0x00, 0x21, 0x00, 0x21, 0x00, 0x21, 0x00, 0x21, 0x00, 0x21, 0x00,
0x21, 0x00, 0x21, 0x00, 0x21, 0x00, 0x21, 0x00, 0x21, 0x00, 0x21, 0x00, 0x21, 0x00, 0x21, 0x00, 0x21, 0x00, 0x21, 0x00, 0x21, 0x00, 0x21, 0x00,
0x21, 0x00, 0x21, 0x00, 0x21, 0x00, 0x21, 0x00, 0x21, 0x00, 0x21, 0x00, 0x21, 0x00, 0x21, 0x00, 0x21, 0x00, 0x21, 0x00, 0x21, 0x00, 0x21, 0x00,
0x21, 0x00, 0x21, 0x00, 0x21, 0x00, 0x21, 0x00, 0x21, 0x00, 0x21, 0x00, 0x21, 0x00, 0x21, 0x00, 0x21, 0x00, 0x21, 0x00, 0x21, 0x00, 0x21, 0x00,
0x21, 0x00, 0x21, 0x00, 0x21, 0x00, 0x21, 0x00, 0x21, 0x00, 0x21, 0x00, 0x21, 0x00, 0x21, 0x00, 0x21, 0x00, 0x21, 0x00, 0x21, 0x00, 0x21, 0x00,
0x21, 0x00, 0x21, 0x00, 0x21, 0x00, 0x21, 0x00, 0x21, 0x00, 0x21, 0x00, 0x21, 0x00, 0x21, 0x00, 0x21, 0x00, 0x21, 0x00, 0x21, 0x00, 0x21, 0x00,
0x21, 0x00, 0x21, 0x00, 0x21, 0x00, 0x21, 0x00, 0x21, 0x00, 0x21, 0x00, 0x21, 0x00, 0x21, 0x00, 0x21, 0x00, 0x21, 0x00, 0x21, 0x00, 0x21, 0x00,
0x21, 0x00, 0x21, 0x00, 0x21, 0x00, 0x21, 0x00, 0x21, 0x00, 0x21, 0x00, 0x21, 0x00, 0x21, 0x00, 0x21, 0x00, 0x21, 0x00, 0x21, 0x00, 0x21, 0x00,
0x21, 0x00, 0x21, 0x00, 0x21, 0x00, 0x21, 0x00, 0x21, 0x00, 0x21, 0x00, 0x21, 0x00, 0x21, 0x00, 0x21, 0x00, 0x21, 0x00, 0x21, 0x00, 0x21, 0x00,
0x21, 0x00, 0x21, 0x00, 0x21, 0x00, 0x21, 0x00, 0x21, 0x00, 0x21, 0x00, 0x21, 0x00, 0x21, 0x00, 0x21, 0x00, 0x21, 0x00, 0x21, 0x00, 0x21, 0x00,
0x21, 0x00, 0x21, 0x00, 0x21, 0x00, 0x21, 0x00, 0x21, 0x00, 0x21, 0x00, 0x21, 0x00, 0x21, 0x00, 0x21, 0x00, 0x21, 0x00, 0x21, 0x00, 0x21, 0x00,
0x21, 0x00, 0x21, 0x00, 0x21, 0x00, 0x21, 0x00, 0x21, 0x00, 0x21, 0x00, 0x21, 0x00, 0x21, 0x00, 0x21, 0x00, 0x21, 0x00, 0x21, 0x00, 0x21, 0x00,
0x21, 0x00, 0x21, 0x00, 0x21, 0x00, 0x21, 0x00, 0x21, 0x00, 0x21, 0x00, 0x21, 0x00, 0x21, 0x00, 0x21, 0x00, 0x21, 0x00, 0x21, 0x00, 0x21, 0x00,
0x21, 0x00, 0x21, 0x00, 0x21, 0x00, 0x21, 0x00, 0x21, 0x00, 0x21, 0x00, 0x21, 0x00, 0x21, 0x00, 0x21, 0x00, 0x21, 0x00, 0x21, 0x00, 0x21, 0x00,
0x21, 0x00, 0x21, 0x00, 0x21, 0x00, 0x21, 0x00, 0x21, 0x00, 0x21, 0x00, 0x21, 0x00, 0x21, 0x00, 0x21, 0x00, 0x21, 0x00, 0x21, 0x00, 0x21, 0x00,
0x21, 0x00, 0x21, 0x00, 0x21, 0x00, 0x21, 0x00, 0x21, 0x00, 0x21, 0x00, 0x21, 0x00, 0x21, 0x00, 0x21, 0x00, 0x21, 0x00, 0x21, 0x00, 0x21, 0x00,
0x21, 0x00, 0x21, 0x00, 0x21, 0x00, 0x21, 0x00, 0x21, 0x00, 0x21, 0x00, 0x21, 0x00, 0x21, 0x00, 0x21, 0x00, 0x21, 0x00, 0x21, 0x00, 0x21, 0x00,
0x21, 0x00, 0x21, 0x00, 0x21, 0x00, 0x21, 0x00, 0x21, 0x00, 0x21, 0x00, 0x21, 0x00, 0x21, 0x00, 0x21, 0x00, 0x21, 0x00, 0x21, 0x00, 0x21, 0x00,
0x21, 0x00, 0x21, 0x00, 0x21, 0x00, 0x21, 0x00, 0x21, 0x00, 0x21, 0x00, 0x21, 0x00, 0x21, 0x00, 0x21, 0x00, 0x21, 0x00, 0x21, 0x00, 0x21, 0x00,
0x21, 0x00, 0x21, 0x00, 0x21, 0x00, 0x21, 0x00, 0x21, 0x00, 0x21, 0x00, 0x21, 0x00, 0x21, 0x00, 0x21, 0x00, 0x21, 0x00, 0x21, 0x00, 0x21, 0x00,
0x21, 0x00, 0x21, 0x00, 0x21, 0x00, 0x21, 0x00, 0x21, 0x00, 0x21, 0x00, 0x21, 0x00, 0x21, 0x00, 0x21, 0x00, 0x21, 0x00, 0x21, 0x00, 0x21, 0x00,
0x21, 0x00, 0x21, 0x00, 0x21, 0x00, 0x21, 0x00, 0x21, 0x00, 0x21, 0x00, 0x21, 0x00, 0x21, 0x00, 0x21, 0x00, 0x21, 0x00, 0x21, 0x00, 0x21, 0x00,
0x21, 0x00, 0x21, 0x00, 0x21, 0x00, 0x21, 0x00, 0x21, 0x00, 0x21, 0x00, 0x21, 0x00, 0x21, 0x00, 0x21, 0x00, 0x21, 0x00, 0x21, 0x00, 0x21, 0x00,
0x21, 0x00, 0x21, 0x00, 0x21, 0x00, 0x21, 0x00, 0x21, 0x00, 0x21, 0x00, 0x21, 0x00, 0x21, 0x00, 0x21, 0x00, 0x21, 0x00, 0x21, 0x00, 0x21, 0x00,
0x21, 0x00, 0x21, 0x00, 0x21, 0x00, 0x21, 0x00, 0x21, 0x00, 0x21, 0x00, 0x21, 0x00, 0x21, 0x00, 0x21, 0x00, 0x21, 0x00, 0x21, 0x00, 0x21, 0x00,
0x21, 0x00, 0x21, 0x00, 0x21, 0x00, 0x21, 0x00, 0x21, 0x00, 0x21, 0x00, 0x21, 0x00, 0x21, 0x00, 0x21, 0x00, 0x21, 0x00, 0x21, 0x00, 0x21, 0x00,
0x21, 0x00, 0x21, 0x00, 0x21, 0x00, 0x21, 0x00, 0x21, 0x00, 0x21, 0x00, 0x21, 0x00, 0x21, 0x00, 0x21, 0x00, 0x21, 0x00, 0x21, 0x00, 0x21, 0x00,
0x21, 0x00, 0x21, 0x00, 0x21, 0x00, 0x21, 0x00, 0x21, 0x00, 0x21, 0x00, 0x21, 0x00, 0x21, 0x00, 0x21, 0x00, 0x21, 0x00, 0x21, 0x00, 0x21, 0x00,
0x21, 0x00, 0x21, 0x00, 0x21, 0x00, 0x21, 0x00, 0x21, 0x00, 0x21, 0x00, 0x21, 0x00, 0x21, 0x00, 0x21, 0x00, 0x21, 0x00, 0x21, 0x00, 0x21, 0x00,
0x21, 0x00, 0x21, 0x00, 0x21, 0x00, 0x21, 0x00, 0x21, 0x00, 0x21, 0x00, 0x21, 0x00, 0x21, 0x00, 0x21, 0x00, 0x21, 0x00, 0x21, 0x00, 0x21, 0x00,
0x21, 0x00, 0x21, 0x00, 0x21, 0x00, 0x21, 0x00, 0x21, 0x00, 0x21, 0x00, 0x21, 0x00, 0x21, 0x00, 0x21, 0x00, 0x21, 0x00, 0x21, 0x00, 0x21, 0x00,
0x21, 0x00, 0x21, 0x00, 0x21, 0x00, 0x21, 0x00, 0x21, 0x00, 0x21, 0x00, 0x21, 0x00, 0x21, 0x00, 0x21, 0x00, 0x21, 0x00, 0x21, 0x00, 0x21, 0x00,
0x21, 0x00, 0x21, 0x00, 0x21, 0x00, 0x21, 0x00, 0x21, 0x00, 0x21, 0x00, 0x21, 0x00, 0x21, 0x00, 0x21, 0x00, 0x21, 0x00, 0x21, 0x00, 0x21, 0x00,
0x21, 0x00, 0x21, 0x00, 0x21, 0x00, 0x21, 0x00, 0x21, 0x00, 0x21, 0x00, 0x21, 0x00, 0x21, 0x00, 0x21, 0x00, 0x21, 0x00, 0x21, 0x00, 0x21, 0x00,
0x21, 0x00, 0x21, 0x00, 0x21, 0x00, 0x21, 0x00, 0x21, 0x00, 0x21, 0x00, 0x21, 0x00, 0x21, 0x00, 0x21, 0x00, 0x21, 0x00, 0x21, 0x00, 0x21, 0x00,
0x21, 0x00, 0x21, 0x00, 0x21, 0x00, 0x21, 0x00, 0x21, 0x00, 0x21, 0x00, 0x21, 0x00, 0x21, 0x00, 0x21, 0x00, 0x21, 0x00, 0x21, 0x00, 0x21, 0x00,
0x21, 0x00, 0x21, 0x00, 0x21, 0x00, 0x21, 0x00, 0x21, 0x00, 0x21, 0x00, 0x21, 0x00, 0x21, 0x00, 0x21, 0x00, 0x21, 0x00, 0x21, 0x00, 0x21, 0x00,
0x21, 0x00, 0x21, 0x00, 0x21, 0x00, 0x21, 0x00, 0x21, 0x00, 0x21, 0x00, 0x21, 0x00, 0x21, 0x00, 0x21, 0x00, 0x21, 0x00, 0x21, 0x00, 0x21, 0x00,
0x21, 0x00, 0x21, 0x00, 0x21, 0x00, 0x21, 0x00, 0x21, 0x00, 0x21, 0x00, 0x21, 0x00, 0x21, 0x00, 0x21, 0x00, 0x21, 0x00, 0x21, 0x00, 0x21, 0x00,
0x21, 0x00, 0x21, 0x00, 0x21, 0x00, 0x21, 0x00, 0x21, 0x00, 0x21, 0x00, 0x21, 0x00, 0x21, 0x00, 0x21, 0x00, 0x21, 0x00, 0x21, 0x00, 0x21, 0x00,
0x21, 0x00, 0x21, 0x00, 0x21, 0x00, 0x21, 0x00, 0x21, 0x00, 0x21, 0x00, 0x21, 0x00, 0x21, 0x00, 0x21, 0x00, 0x21, 0x00, 0x21, 0x00, 0x21, 0x00,
0x21, 0x00, 0x21, 0x00, 0x21, 0x00, 0x21, 0x00, 0x21, 0x00, 0x21, 0x00, 0x21, 0x00, 0x21, 0x00, 0x21, 0x00, 0x21, 0x00, 0x21, 0x00, 0x21, 0x00,
0x21, 0x00, 0x21, 0x00, 0x21, 0x00, 0x21, 0x00, 0x21, 0x00, 0x21, 0x00, 0x21, 0x00, 0x21, 0x00, 0x21, 0x00, 0x21, 0x00, 0x21, 0x00, 0x21, 0x00,
0x21, 0x00, 0x21, 0x00, 0x21, 0x00, 0x21, 0x00, 0x21, 0x00, 0x21, 0x00, 0x21, 0x00, 0x21, 0x00, 0x21, 0x00, 0x21, 0x00, 0x21, 0x00, 0x21, 0x00,
0x21, 0x00, 0x21, 0x00, 0x21, 0x00, 0x21, 0x00, 0x21, 0x00, 0x21, 0x00, 0x21, 0x00, 0x21, 0x00, 0x21, 0x00, 0x21, 0x00, 0x21, 0x00, 0x21, 0x00,
0x21, 0x00, 0x21, 0x00, 0x21, 0x00, 0x21, 0x00, 0x21, 0x00, 0x21, 0x00, 0x21, 0x00, 0x21, 0x00, 0x21, 0x00, 0x21, 0x00, 0x21, 0x00, 0x21, 0x00,
0x21, 0x00, 0x21, 0x00, 0x21, 0x00, 0x21, 0x00, 0x21, 0x00, 0x21, 0x00, 0x21, 0x00, 0x21, 0x00, 0x21, 0x00, 0x21, 0x00, 0x21, 0x00, 0x21, 0x00,
0x21, 0x00, 0x21, 0x00, 0x21, 0x00, 0x21, 0x00, 0x21, 0x00, 0x21, 0x00, 0x21, 0x00, 0x21, 0x00, 0x21, 0x00, 0x21, 0x00, 0x21, 0x00, 0x21, 0x00,
0x21, 0x00, 0x21, 0x00, 0x21, 0x00, 0x21, 0x00, 0x21, 0x00, 0x21, 0x00, 0x21, 0x00, 0x21, 0x00, 0x21, 0x00, 0x21, 0x00, 0x21, 0x00, 0x21, 0x00,
0x21, 0x00, 0x21, 0x00, 0x21, 0x00, 0x21, 0x00, 0x21, 0x00, 0x21, 0x00, 0x21, 0x00, 0x21, 0x00, 0x21, 0x00, 0x21, 0x00, 0x21, 0x00, 0x21, 0x00,
0x21, 0x00, 0x21, 0x00, 0x21, 0x00, 0x21, 0x00, 0x21, 0x00, 0x21, 0x00, 0x21, 0x00, 0x21, 0x00, 0x21, 0x00, 0x21, 0x00, 0x21, 0x00, 0x21, 0x00,
0x21, 0x00, 0x21, 0x00, 0x21, 0x00, 0x21, 0x00, 0x21, 0x00, 0x21, 0x00, 0x21, 0x00, 0x21, 0x00, 0x21, 0x00, 0x21, 0x00, 0x21, 0x00, 0x21, 0x00,
0x21, 0x00, 0x21, 0x00, 0x21, 0x00, 0x21, 0x00, 0x21, 0x00, 0x21, 0x00, 0x21, 0x00, 0x21, 0x00, 0x21, 0x00, 0x21, 0x00, 0x21, 0x00, 0x21, 0x00,
0x21, 0x00, 0x21, 0x00, 0x21, 0x00, 0x21, 0x00, 0x21, 0x00, 0x21, 0x00, 0x21, 0x00, 0x21, 0x00, 0x21, 0x00, 0x21, 0x00, 0x21, 0x00, 0x21, 0x00,
0x21, 0x00, 0x21, 0x00, 0x21, 0x00, 0x21, 0x00, 0x21, 0x00, 0x21, 0x00, 0x21, 0x00, 0x21, 0x00, 0x21, 0x00, 0x21, 0x00, 0x21, 0x00, 0x21, 0x00,
0x21, 0x00, 0x21, 0x00, 0x21, 0x00, 0x21, 0x00, 0x21, 0x00, 0x21, 0x00, 0x21, 0x00, 0x21, 0x00, 0x21, 0x00, 0x21, 0x00, 0x21, 0x00, 0x21, 0x00,
0x21, 0x00, 0x21, 0x00, 0x21, 0x00, 0x21, 0x00, 0x21, 0x00, 0x21, 0x00, 0x21, 0x00, 0x21, 0x00, 0x21, 0x00, 0x21, 0x00, 0x21, 0x00, 0x21, 0x00,
0x21, 0x00, 0x21, 0x00, 0x21, 0x00, 0x21, 0x00, 0x21, 0x00, 0x21, 0x00, 0x21, 0x00, 0x21, 0x00, 0x21, 0x00, 0x21, 0x00, 0x21, 0x00, 0x21, 0x00,
0x21, 0x00, 0x21, 0x00, 0x21, 0x00, 0x21, 0x00, 0x21, 0x00, 0x21, 0x00, 0x21, 0x00, 0x21, 0x00, 0x21, 0x00, 0x21, 0x00, 0x21, 0x00, 0x21, 0x00,
0x21, 0x00, 0x21, 0x00, 0x21, 0x00, 0x21, 0x00, 0x21, 0x00, 0x21, 0x00, 0x21, 0x00, 0x21, 0x00, 0x21, 0x00, 0x21, 0x00, 0x21, 0x00, 0x21, 0x00,
0x21, 0x00, 0x21, 0x00, 0x21, 0x00, 0x21, 0x00, 0x21, 0x00, 0x21, 0x00, 0x21, 0x00, 0x21, 0x00, 0x21, 0x00, 0x21, 0x00, 0x21, 0x00, 0x21, 0x00,
0x21, 0x00, 0x21, 0x00, 0x21, 0x00, 0x21, 0x00, 0x21, 0x00, 0x21, 0x00, 0x21, 0x00, 0x21, 0x00, 0x21, 0x00, 0x21, 0x00, 0x21, 0x00, 0x21, 0x00,
0x21, 0x00, 0x21, 0x00, 0x21, 0x00, 0x21, 0x00, 0x21, 0x00, 0x21, 0x00, 0x21, 0x00, 0x21, 0x00, 0x21, 0x00, 0x21, 0x00, 0x21, 0x00, 0x21, 0x00,
0x21, 0x00, 0x21, 0x00, 0x21, 0x00, 0x21, 0x00, 0x21, 0x00, 0x21, 0x00, 0x21, 0x00, 0x21, 0x00, 0x21, 0x00, 0x21, 0x00, 0x21, 0x00, 0x21, 0x00,
0x21, 0x00, 0x21, 0x00, 0x21, 0x00, 0x21, 0x00, 0x21, 0x00, 0x21, 0x00, 0x21, 0x00, 0x21, 0x00, 0x21, 0x00, 0x21, 0x00, 0x21, 0x00, 0x21, 0x00,
0x21, 0x00, 0x21, 0x00, 0x21, 0x00, 0x21, 0x00, 0x21, 0x00, 0x21, 0x00, 0x21, 0x00, 0x21, 0x00, 0x21, 0x00, 0x21, 0x00, 0x21, 0x00, 0x21, 0x00,
0x21, 0x00, 0x21, 0x00, 0x21, 0x00, 0x21, 0x00, 0x21, 0x00, 0x21, 0x00, 0x21, 0x00, 0x21, 0x00, 0x21, 0x00, 0x21, 0x00, 0x21, 0x00, 0x21, 0x00,
0x21, 0x00, 0x21, 0x00, 0x21, 0x00, 0x21, 0x00, 0x21, 0x00, 0x21, 0x00, 0x21, 0x00, 0x21, 0x00, 0x21, 0x00, 0x21, 0x00, 0x21, 0x00, 0x21, 0x00,
0x21, 0x00, 0x21, 0x00, 0x21, 0x00, 0x21, 0x00, 0x21, 0x00, 0x21, 0x00, 0x21, 0x00, 0x21, 0x00, 0x21, 0x00, 0x21, 0x00, 0x21, 0x00, 0x21, 0x00,
0x21, 0x00, 0x21, 0x00, 0x21, 0x00, 0x21, 0x00, 0x21, 0x00, 0x21, 0x00, 0x21, 0x00, 0x21, 0x00, 0x21, 0x00, 0x21, 0x00, 0x21, 0x00, 0x21, 0x00,
0x21, 0x00, 0x21, 0x00, 0x21, 0x00, 0x21, 0x00, 0x21, 0x00, 0x21, 0x00, 0x21, 0x00, 0x21, 0x00, 0x21, 0x00, 0x21, 0x00, 0x21, 0x00, 0x21, 0x00,
0x21, 0x00, 0x21, 0x00, 0x21, 0x00, 0x21, 0x00, 0x21, 0x00, 0x21, 0x00, 0x21, 0x00, 0x21, 0x00, 0x21, 0x00, 0x21, 0x00, 0x21, 0x00, 0x21, 0x00,
0x21, 0x00, 0x21, 0x00, 0x21, 0x00, 0x21, 0x00, 0x21, 0x00, 0x21, 0x00, 0x21, 0x00, 0x21, 0x00, 0x21, 0x00, 0x21, 0x00, 0x21, 0x00, 0x21, 0x00,
0x21, 0x00, 0x21, 0x00, 0x21, 0x00, 0x21, 0x00, 0x21, 0x00, 0x21, 0x00, 0x21, 0x00, 0x21, 0x00, 0x21, 0x00, 0x21, 0x00, 0x21, 0x00, 0x21, 0x00,
0x21, 0x00, 0x21, 0x00, 0x21, 0x00, 0x21, 0x00, 0x21, 0x00, 0x21, 0x00, 0x21, 0x00, 0x21, 0x00, 0x21, 0x00, 0x21, 0x00, 0x21, 0x00, 0x21, 0x00,
0x21, 0x00, 0x21, 0x00, 0x21, 0x00, 0x21, 0x00, 0x21, 0x00, 0x21, 0x00, 0x21, 0x00, 0x21, 0x00, 0x21, 0x00, 0x21, 0x00, 0x21, 0x00, 0x21, 0x00,
0x21, 0x00, 0x21, 0x00, 0x21, 0x00, 0x21, 0x00, 0x21, 0x00, 0x21, 0x00, 0x21, 0x00, 0x21, 0x00, 0x21, 0x00, 0x21, 0x00, 0x21, 0x00, 0x21, 0x00,
0x21, 0x00, 0x21, 0x00, 0x21, 0x00, 0x21, 0x00, 0x21, 0x00, 0x21, 0x00, 0x21, 0x00, 0x21, 0x00, 0x21, 0x00, 0x21, 0x00, 0x21, 0x00, 0x21, 0x00,
0x21, 0x00, 0x21, 0x00, 0x21, 0x00, 0x21, 0x00, 0x21, 0x00, 0x21, 0x00, 0x21, 0x00, 0x21, 0x00, 0x21, 0x00, 0x21, 0x00, 0x21, 0x00, 0x21, 0x00,
0x21, 0x00, 0x21, 0x00, 0x21, 0x00, 0x21, 0x00, 0x21, 0x00, 0x21, 0x00, 0x21, 0x00, 0x21, 0x00, 0x21, 0x00, 0x21, 0x00, 0x21, 0x00, 0x21, 0x00,
0x21, 0x00, 0x21, 0x00, 0x21, 0x00, 0x21, 0x00, 0x21, 0x00, 0x21, 0x00, 0x21, 0x00, 0x21, 0x00, 0x21, 0x00, 0x21, 0x00, 0x21, 0x00, 0x21, 0x00,
0x21, 0x00, 0x21, 0x00, 0x21, 0x00, 0x21, 0x00, 0x21, 0x00, 0x21, 0x00, 0x21, 0x00, 0x21, 0x00, 0x21, 0x00, 0x21, 0x00, 0x21, 0x00, 0x21, 0x00,
0x21, 0x00, 0x21, 0x00, 0x21, 0x00, 0x21, 0x00, 0x21, 0x00, 0x21, 0x00, 0x21, 0x00, 0x21, 0x00, 0x21, 0x00, 0x21, 0x00, 0x21, 0x00, 0x21, 0x00,
0x21, 0x00, 0x21, 0x00, 0x21, 0x00, 0x21, 0x00, 0x21, 0x00, 0x21, 0x00, 0x21, 0x00, 0x21, 0x00, 0x21, 0x00, 0x21, 0x00, 0x21, 0x00, 0x21, 0x00,
0x21, 0x00, 0x21, 0x00, 0x21, 0x00, 0x21, 0x00, 0x21, 0x00, 0x21, 0x00, 0x21, 0x00, 0x21, 0x00, 0x21, 0x00, 0x21, 0x00, 0x21, 0x00, 0x21, 0x00,
0x21, 0x00, 0x21, 0x00, 0x21, 0x00, 0x21, 0x00, 0x21, 0x00, 0x21, 0x00, 0x21, 0x00, 0x21, 0x00, 0x21, 0x00, 0x21, 0x00, 0x21, 0x00, 0x21, 0x00,
0x21, 0x00, 0x21, 0x00, 0x21, 0x00, 0x21, 0x00, 0x21, 0x00, 0x21, 0x00, 0x21, 0x00, 0x21, 0x00, 0x21, 0x00, 0x21, 0x00, 0x21, 0x00, 0x21, 0x00,
0x21, 0x00, 0x21, 0x00, 0x21, 0x00, 0x21, 0x00, 0x21, 0x00, 0x21, 0x00, 0x21, 0x00, 0x21, 0x00, 0x21, 0x00, 0x21, 0x00, 0x21, 0x00, 0x21, 0x00,
0x21, 0x00, 0x21, 0x00, 0x21, 0x00, 0x21, 0x00, 0x21, 0x00, 0x21, 0x00, 0x21, 0x00, 0x21, 0x00, 0x21, 0x00, 0x21, 0x00, 0x21, 0x00, 0x21, 0x00,
0x21, 0x00, 0x21, 0x00, 0x21, 0x00, 0x21, 0x00, 0x21, 0x00, 0x21, 0x00, 0x21, 0x00, 0x21, 0x00, 0x21, 0x00, 0x21, 0x00, 0x21, 0x00, 0x21, 0x00,
0x21, 0x00, 0x21, 0x00, 0x21, 0x00, 0x21, 0x00, 0x21, 0x00, 0x21, 0x00, 0x21, 0x00, 0x21, 0x00, 0x21, 0x00, 0x21, 0x00, 0x21, 0x00, 0x21, 0x00,
0x21, 0x00, 0x21, 0x00, 0x21, 0x00, 0x21, 0x00, 0x21, 0x00, 0x21, 0x00, 0x21, 0x00, 0x21, 0x00, 0x21, 0x00, 0x21, 0x00, 0x21, 0x00, 0x21, 0x00,
0x21, 0x00, 0x21, 0x00, 0x21, 0x00, 0x21, 0x00, 0x21, 0x00, 0x21, 0x00, 0x21, 0x00, 0x21, 0x00, 0x21, 0x00, 0x21, 0x00, 0x21, 0x00, 0x21, 0x00,
0x21, 0x00, 0x21, 0x00, 0x21, 0x00, 0x21, 0x00, 0x21, 0x00, 0x21, 0x00, 0x21, 0x00, 0x21, 0x00, 0x21, 0x00, 0x21, 0x00, 0x21, 0x00, 0x21, 0x00,
0x21, 0x00, 0x21, 0x00, 0x21, 0x00, 0x21, 0x00, 0x21, 0x00, 0x21, 0x00, 0x21, 0x00, 0x21, 0x00, 0x21, 0x00, 0x21, 0x00, 0x21, 0x00, 0x21, 0x00,
0x21, 0x00, 0x21, 0x00, 0x21, 0x00, 0x21, 0x00, 0x21, 0x00, 0x21, 0x00, 0x21, 0x00, 0x21, 0x00, 0x21, 0x00, 0x21, 0x00, 0x21, 0x00, 0x21, 0x00,
0x21, 0x00, 0x21, 0x00, 0x21, 0x00, 0x21, 0x00, 0x21, 0x00, 0x21, 0x00, 0x21, 0x00, 0x21, 0x00, 0x21, 0x00, 0x21, 0x00, 0x21, 0x00, 0x21, 0x00,
0x21, 0x00, 0x21, 0x00, 0x21, 0x00, 0x21, 0x00, 0x21, 0x00, 0x21, 0x00, 0x21, 0x00, 0x21, 0x00, 0x21, 0x00, 0x21, 0x00, 0x21, 0x00, 0x21, 0x00,
0x21, 0x00, 0x21, 0x00, 0x21, 0x00, 0x21, 0x00, 0x21, 0x00, 0x21, 0x00, 0x21, 0x00, 0x21, 0x00, 0x21, 0x00, 0x21, 0x00, 0x21, 0x00, 0x21, 0x00,
0x21, 0x00, 0x21, 0x00, 0x21, 0x00, 0x21, 0x00, 0x21, 0x00, 0x21, 0x00, 0x21, 0x00, 0x21, 0x00, 0x21, 0x00, 0x21, 0x00, 0x21, 0x00, 0x21, 0x00,
0x21, 0x00, 0x21, 0x00, 0x21, 0x00, 0x21, 0x00, 0x21, 0x00, 0x21, 0x00, 0x21, 0x00, 0x21, 0x00, 0x21, 0x00, 0x21, 0x00, 0x21, 0x00, 0x21, 0x00,
0x21, 0x00, 0x21, 0x00, 0x21, 0x00, 0x21, 0x00, 0x21, 0x00, 0x21, 0x00, 0x21, 0x00, 0x21, 0x00, 0x21, 0x00, 0x21, 0x00, 0x21, 0x00, 0x21, 0x00,
0x21, 0x00, 0x21, 0x00, 0x21, 0x00, 0x21, 0x00, 0x21, 0x00, 0x21, 0x00, 0x21, 0x00, 0x21, 0x00, 0x21, 0x00, 0x21, 0x00, 0x21, 0x00, 0x21, 0x00,
0x21, 0x00, 0x21, 0x00, 0x21, 0x00, 0x21, 0x00, 0x21, 0x00, 0x21, 0x00, 0x21, 0x00, 0x21, 0x00, 0x21, 0x00, 0x21, 0x00, 0x21, 0x00, 0x21, 0x00,
0x21, 0x00, 0x21, 0x00, 0x21, 0x00, 0x21, 0x00, 0x21, 0x00, 0x21, 0x00, 0x21, 0x00, 0x21, 0x00, 0x21, 0x00, 0x21, 0x00, 0x21, 0x00, 0x21, 0x00,
0x21, 0x00, 0x21, 0x00, 0x21, 0x00, 0x21, 0x00, 0x21, 0x00, 0x21, 0x00, 0x21, 0x00, 0x21, 0x00, 0x21, 0x00, 0x21, 0x00, 0x21, 0x00, 0x21, 0x00,
0x21, 0x00, 0x21, 0x00, 0x21, 0x00, 0x21, 0x00, 0x21, 0x00, 0x21, 0x00, 0x21, 0x00, 0x21, 0x00, 0x21, 0x00, 0x21, 0x00, 0x21, 0x00, 0x21, 0x00,
0x21, 0x00, 0x21, 0x00, 0x21, 0x00, 0x21, 0x00, 0x21, 0x00, 0x21, 0x00, 0x21, 0x00, 0x21, 0x00, 0x21, 0x00, 0x21, 0x00, 0x21, 0x00, 0x21, 0x00,
0x21, 0x00, 0x21, 0x00, 0x21, 0x00, 0x21, 0x00, 0x21, 0x00, 0x21, 0x00, 0x21, 0x00, 0x21, 0x00, 0x21, 0x00, 0x21, 0x00, 0x21, 0x00, 0x21, 0x00,
0x21, 0x00, 0x21, 0x00, 0x21, 0x00, 0x21, 0x00, 0x21, 0x00, 0x21, 0x00, 0x21, 0x00, 0x21, 0x00, 0x21, 0x00, 0x21, 0x00, 0x21, 0x00, 0x21, 0x00,
0x21, 0x00, 0x21, 0x00, 0x21, 0x00, 0x21, 0x00, 0x21, 0x00, 0x21, 0x00, 0x21, 0x00, 0x21, 0x00, 0x21, 0x00, 0x21, 0x00, 0x21, 0x00, 0x21, 0x00,
0x21, 0x00, 0x21, 0x00, 0x21, 0x00, 0x21, 0x00, 0x21, 0x00, 0x21, 0x00, 0x21, 0x00, 0x21, 0x00, 0x21, 0x00, 0x21, 0x00, 0x21, 0x00, 0x21, 0x00,
0x21, 0x00, 0x21, 0x00, 0x21, 0x00, 0x21, 0x00, 0x21, 0x00, 0x21, 0x00, 0x21, 0x00, 0x21, 0x00, 0x21, 0x00, 0x21, 0x00, 0x21, 0x00, 0x21, 0x00,
0x21, 0x00, 0x21, 0x00, 0x21, 0x00, 0x21, 0x00, 0x21, 0x00, 0x21, 0x00, 0x21, 0x00, 0x21, 0x00, 0x21, 0x00, 0x21, 0x00, 0x21, 0x00, 0x21, 0x00,
0x21, 0x00, 0x21, 0x00, 0x21, 0x00, 0x21, 0x00, 0x21, 0x00, 0x21, 0x00, 0x21, 0x00, 0x21, 0x00, 0x21, 0x00, 0x21, 0x00, 0x21, 0x00, 0x21, 0x00,
0x21, 0x00, 0x21, 0x00, 0x21, 0x00, 0x21, 0x00, 0x21, 0x00, 0x21, 0x00, 0x21, 0x00, 0x21, 0x00, 0x21, 0x00, 0x21, 0x00, 0x21, 0x00, 0x21, 0x00,
0x21, 0x00, 0x21, 0x00, 0x21, 0x00, 0x21, 0x00, 0x21, 0x00, 0x21, 0x00, 0x21, 0x00, 0x21, 0x00, 0x21, 0x00, 0x21, 0x00, 0x21, 0x00, 0x21, 0x00,
0x21, 0x00, 0x21, 0x00, 0x21, 0x00, 0x21, 0x00, 0x21, 0x00, 0x21, 0x00, 0x21, 0x00, 0x21, 0x00, 0x21, 0x00, 0x21, 0x00, 0x21, 0x00, 0x21, 0x00,
0x21, 0x00, 0x21, 0x00, 0x21, 0x00, 0x21, 0x00, 0x21, 0x00, 0x21, 0x00, 0x21, 0x00, 0x21, 0x00, 0x21, 0x00, 0x21, 0x00, 0x21, 0x00, 0x21, 0x00,
0x21, 0x00, 0x21, 0x00, 0x21, 0x00, 0x21, 0x00, 0x21, 0x00, 0x21, 0x00, 0x21, 0x00, 0x21, 0x00, 0x21, 0x00, 0x21, 0x00, 0x21, 0x00, 0x21, 0x00,
0x21, 0x00, 0x21, 0x00, 0x21, 0x00, 0x21, 0x00, 0x21, 0x00, 0x21, 0x00, 0x21, 0x00, 0x21, 0x00, 0x21, 0x00, 0x21, 0x00, 0x21, 0x00, 0x21, 0x00,
0x21, 0x00, 0x21, 0x00, 0x21, 0x00, 0x21, 0x00, 0x21, 0x00, 0x21, 0x00, 0x21, 0x00, 0x21, 0x00, 0x21, 0x00, 0x21, 0x00, 0x21, 0x00, 0x21, 0x00,
0x21, 0x00, 0x21, 0x00, 0x21, 0x00, 0x21, 0x00, 0x21, 0x00, 0x21, 0x00, 0x21, 0x00, 0x21, 0x00, 0x21, 0x00, 0x21, 0x00, 0x21, 0x00, 0x21, 0x00,
0x21, 0x00, 0x21, 0x00, 0x21, 0x00, 0x21, 0x00, 0x21, 0x00, 0x21, 0x00, 0x21, 0x00, 0x21, 0x00, 0x21, 0x00, 0x21, 0x00, 0x21, 0x00, 0x21, 0x00,
0x21, 0x00, 0x21, 0x00, 0x21, 0x00, 0x21, 0x00, 0x21, 0x00, 0x21, 0x00, 0x21, 0x00, 0x21, 0x00, 0x21, 0x00, 0x21, 0x00, 0x21, 0x00, 0x21, 0x00,
0x21, 0x00, 0x21, 0x00, 0x21, 0x00, 0x21, 0x00, 0x21, 0x00, 0x21, 0x00, 0x21, 0x00, 0x21, 0x00, 0x21, 0x00, 0x21, 0x00, 0x21, 0x00, 0x21, 0x00,
0x21, 0x00, 0x21, 0x00, 0x21, 0x00, 0x21, 0x00, 0x21, 0x00, 0x21, 0x00, 0x21, 0x00, 0x21, 0x00, 0x21, 0x00, 0x21, 0x00, 0x21, 0x00, 0x21, 0x00,
0x21, 0x00, 0x21, 0x00, 0x21, 0x00, 0x21, 0x00, 0x21, 0x00, 0x21, 0x00, 0x21, 0x00, 0x21, 0x00, 0x21, 0x00, 0x21, 0x00, 0x21, 0x00, 0x21, 0x00,
0x21, 0x00, 0x21, 0x00, 0x21, 0x00, 0x21, 0x00, 0x21, 0x00, 0x21, 0x00, 0x21, 0x00, 0x21, 0x00, 0x21, 0x00, 0x21, 0x00, 0x21, 0x00, 0x21, 0x00,
0x21, 0x00, 0x21, 0x00, 0x21, 0x00, 0x21, 0x00, 0x21, 0x00, 0x21, 0x00, 0x21, 0x00, 0x21, 0x00, 0x21, 0x00, 0x21, 0x00, 0x21, 0x00, 0x21, 0x00,
0x21, 0x00, 0x21, 0x00, 0x21, 0x00, 0x21, 0x00, 0x21, 0x00, 0x21, 0x00, 0x21, 0x00, 0x21, 0x00, 0x21, 0x00, 0x21, 0x00, 0x21, 0x00, 0x21, 0x00,
0x21, 0x00, 0x21, 0x00, 0x21, 0x00, 0x21, 0x00, 0x21, 0x00, 0x21, 0x00, 0x21, 0x00, 0x21, 0x00, 0x21, 0x00, 0x21, 0x00, 0x21, 0x00, 0x21, 0x00,
0x21, 0x00, 0x21, 0x00, 0x21, 0x00, 0x21, 0x00, 0x21, 0x00, 0x21, 0x00, 0x21, 0x00, 0x21, 0x00, 0x21, 0x00, 0x21, 0x00, 0x21, 0x00, 0x21, 0x00,
0x21, 0x00, 0x21, 0x00, 0x21, 0x00, 0x21, 0x00, 0x21, 0x00, 0x21, 0x00, 0x21, 0x00, 0x21, 0x00, 0x21, 0x00, 0x21, 0x00, 0x21, 0x00, 0x21, 0x00,
0x21, 0x00, 0x21, 0x00, 0x21, 0x00, 0x21, 0x00, 0x21, 0x00, 0x21, 0x00, 0x21, 0x00, 0x21, 0x00, 0x21, 0x00, 0x21, 0x00, 0x21, 0x00, 0x21, 0x00,
0x21, 0x00, 0x21, 0x00, 0x21, 0x00, 0x21, 0x00, 0x21, 0x00, 0x21, 0x00, 0x21, 0x00, 0x21, 0x00, 0x21, 0x00, 0x21, 0x00, 0x21, 0x00, 0x21, 0x00,
0x21, 0x00, 0x21, 0x00, 0x21, 0x00, 0x21, 0x00, 0x21, 0x00, 0x21, 0x00, 0x21, 0x00, 0x21, 0x00, 0x21, 0x00, 0x21, 0x00, 0x21, 0x00, 0x21, 0x00,
0x21, 0x00, 0x21, 0x00, 0x21, 0x00, 0x21, 0x00, 0x21, 0x00, 0x21, 0x00, 0x21, 0x00, 0x21, 0x00, 0x21, 0x00, 0x21, 0x00, 0x21, 0x00, 0x21, 0x00,
0x21, 0x00, 0x21, 0x00, 0x21, 0x00, 0x21, 0x00, 0x21, 0x00, 0x21, 0x00, 0x21, 0x00, 0x21, 0x00, 0x21, 0x00, 0x21, 0x00, 0x21, 0x00, 0x21, 0x00,
0x21, 0x00, 0x21, 0x00, 0x21, 0x00, 0x21, 0x00, 0x21, 0x00, 0x21, 0x00, 0x21, 0x00, 0x21, 0x00, 0x21, 0x00, 0x21, 0x00, 0x21, 0x00, 0x21, 0x00,
0x21, 0x00, 0x21, 0x00, 0x21, 0x00, 0x21, 0x00, 0x21, 0x00, 0x21, 0x00, 0x21, 0x00, 0x21, 0x00, 0x21, 0x00, 0x21, 0x00, 0x21, 0x00, 0x21, 0x00,
0x21, 0x00, 0x21, 0x00, 0x21, 0x00, 0x21, 0x00, 0x21, 0x00, 0x21, 0x00, 0x21, 0x00, 0x21, 0x00, 0x21, 0x00, 0x21, 0x00, 0x21, 0x00, 0x21, 0x00,
0x21, 0x00, 0x21, 0x00, 0x21, 0x00, 0x21, 0x00, 0x21, 0x00, 0x21, 0x00, 0x21, 0x00, 0x21, 0x00, 0x21, 0x00, 0x21, 0x00, 0x21, 0x00, 0x21, 0x00,
0x21, 0x00, 0x21, 0x00, 0x21, 0x00, 0x21, 0x00, 0x21, 0x00, 0x21, 0x00, 0x21, 0x00, 0x21, 0x00, 0x21, 0x00, 0x21, 0x00, 0x21, 0x00, 0x21, 0x00,
0x21, 0x00, 0x21, 0x00, 0x21, 0x00, 0x21, 0x00, 0x21, 0x00, 0x21, 0x00, 0x21, 0x00, 0x21, 0x00, 0x21, 0x00, 0x21, 0x00, 0x21, 0x00, 0x21, 0x00,
0x21, 0x00, 0x21, 0x00, 0x21, 0x00, 0x21, 0x00, 0x21, 0x00, 0x21, 0x00, 0x21, 0x00, 0x21, 0x00, 0x21, 0x00, 0x21, 0x00, 0x21, 0x00, 0x21, 0x00,
0x21, 0x00, 0x21, 0x00, 0x21, 0x00, 0x21, 0x00, 0x21, 0x00, 0x21, 0x00, 0x21, 0x00, 0x21, 0x00, 0x21, 0x00, 0x21, 0x00, 0x21, 0x00, 0x21, 0x00,
0x21, 0x00, 0x21, 0x00, 0x21, 0x00, 0x21, 0x00, 0x21, 0x00, 0x21, 0x00, 0x21, 0x00, 0x21, 0x00, 0x21, 0x00, 0x21, 0x00, 0x21, 0x00, 0x21, 0x00,
0x21, 0x00, 0x21, 0x00, 0x21, 0x00, 0x21, 0x00, 0x21, 0x00, 0x21, 0x00, 0x21, 0x00, 0x21, 0x00, 0x21, 0x00, 0x21, 0x00, 0x21, 0x00, 0x21, 0x00,
0x21, 0x00, 0x21, 0x00, 0x21, 0x00, 0x21, 0x00, 0x21, 0x00, 0x21, 0x00, 0x21, 0x00, 0x21, 0x00, 0x21, 0x00, 0x21, 0x00, 0x21, 0x00, 0x21, 0x00,
0x21, 0x00, 0x21, 0x00, 0x21, 0x00, 0x21, 0x00, 0x21, 0x00, 0x21, 0x00, 0x21, 0x00, 0x21, 0x00, 0x21, 0x00, 0x21, 0x00, 0x21, 0x00, 0x21, 0x00,
0x21, 0x00, 0x21, 0x00, 0x21, 0x00, 0x21, 0x00, 0x21, 0x00, 0x21, 0x00, 0x21, 0x00, 0x21, 0x00, 0x21, 0x00, 0x21, 0x00, 0x21, 0x00, 0x21, 0x00,
0x21, 0x00, 0x21, 0x00, 0x21, 0x00, 0x21, 0x00, 0x21, 0x00, 0x21, 0x00, 0x21, 0x00, 0x21, 0x00, 0x21, 0x00, 0x21, 0x00, 0x21, 0x00, 0x21, 0x00,
0x21, 0x00, 0x21, 0x00, 0x21, 0x00, 0x21, 0x00, 0x21, 0x00, 0x21, 0x00, 0x21, 0x00, 0x21, 0x00, 0x21, 0x00, 0x21, 0x00, 0x21, 0x00, 0x21, 0x00,
0x21, 0x00, 0x21, 0x00, 0x21, 0x00, 0x21, 0x00, 0x21, 0x00, 0x21, 0x00, 0x21, 0x00, 0x21, 0x00, 0x21, 0x00, 0x21, 0x00, 0x21, 0x00, 0x21, 0x00,
0x21, 0x00, 0x21, 0x00, 0x21, 0x00, 0x21, 0x00, 0x21, 0x00, 0x21, 0x00, 0x21, 0x00, 0x21, 0x00, 0x21, 0x00, 0x21, 0x00, 0x21, 0x00, 0x21, 0x00,
0x21, 0x00, 0x21, 0x00, 0x21, 0x00, 0x21, 0x00, 0x21, 0x00, 0x21, 0x00, 0x21, 0x00, 0x21, 0x00, 0x21, 0x00, 0x21, 0x00, 0x21, 0x00, 0x21, 0x00,
0x21, 0x00, 0x21, 0x00, 0x21, 0x00, 0x21, 0x00, 0x21, 0x00, 0x21, 0x00, 0x21, 0x00, 0x21, 0x00, 0x21, 0x00, 0x21, 0x00, 0x21, 0x00, 0x21, 0x00,
0x21, 0x00, 0x21, 0x00, 0x21, 0x00, 0x21, 0x00, 0x21, 0x00, 0x21, 0x00, 0x21, 0x00, 0x21, 0x00, 0x21, 0x00, 0x21, 0x00, 0x21, 0x00, 0x21, 0x00,
0x21, 0x00, 0x21, 0x00, 0x21, 0x00, 0x21, 0x00, 0x21, 0x00, 0x21, 0x00, 0x21, 0x00, 0x21, 0x00, 0x21, 0x00, 0x21, 0x00, 0x21, 0x00, 0x21, 0x00,
0x21, 0x00, 0x21, 0x00, 0x21, 0x00, 0x21, 0x00, 
};

const lv_image_dsc_t icon_typhoon = {
    .header.cf = LV_COLOR_FORMAT_RGB565,
    .header.magic = LV_IMAGE_HEADER_MAGIC,
    .header.w = 200,
    .header.h = 200,
    .data_size = 40000 * 2,
    .data = icon_typhoon_map,
};
