#ifdef __has_include
#if __has_include("lvgl.h")
#ifndef LV_LVGL_H_INCLUDE_SIMPLE
#define LV_LVGL_H_INCLUDE_SIMPLE
#endif
#endif
#endif

#if defined(LV_LVGL_H_INCLUDE_SIMPLE)
#include "lvgl.h"
#else
#include "lvgl/lvgl.h"
#endif

#ifndef LV_ATTRIBUTE_MEM_ALIGN
#define LV_ATTRIBUTE_MEM_ALIGN
#endif

#ifndef LV_ATTRIBUTE_IMAGE_ICON_LETS_AND_GO
#define LV_ATTRIBUTE_IMAGE_ICON_LETS_AND_GO
#endif

const LV_ATTRIBUTE_MEM_ALIGN LV_ATTRIBUTE_LARGE_CONST LV_ATTRIBUTE_IMAGE_ICON_LETS_AND_GO uint8_t icon_lets_and_go_map[] = {
    0x00, 0x00, 0x00, 0x00, 0x00, 0x00, 0x00, 0x00, 0x00, 0x00, 0x00, 0x00, 0x00, 0x00, 0x00, 0x00, 0x00, 0x00, 0x00, 0x00,
    0x00, 0x00, 0x00, 0x00, 0x00, 0x00, 0x00, 0x00, 0x00, 0x00, 0x00, 0x00, 0x00, 0x00, 0x00, 0x00, 0x00, 0x00, 0x00, 0x00,
    0x00, 0x00, 0x00, 0x00, 0x00, 0x00, 0x00, 0x00, 0x00, 0x00, 0x00, 0x00, 0x00, 0x00, 0x00, 0x00, 0x00, 0x00, 0x00, 0x00,
    0x00, 0x00, 0x00, 0x00, 0x00, 0x00, 0x00, 0x00, 0x00, 0x00, 0x00, 0x00, 0x00, 0x00, 0x00, 0x00, 0x00, 0x00, 0x00, 0x00,
    0x00, 0x00, 0x00, 0x00, 0x00, 0x00, 0x00, 0x00, 0x00, 0x00, 0x00, 0x00, 0x00, 0x00, 0x00, 0x00, 0x00, 0x00, 0x00, 0x00,
    0x00, 0x00, 0x00, 0x00, 0x00, 0x00, 0x00, 0x00, 0x00, 0x00, 0x00, 0x00, 0x00, 0x00, 0x00, 0x00, 0x00, 0x00, 0x00, 0x00,
    0x00, 0x00, 0x00, 0x00, 0x00, 0x00, 0x00, 0x00, 0x00, 0x00, 0x00, 0x00, 0x00, 0x00, 0x00, 0x00, 0x00, 0x00, 0x00, 0x00,
    0x00, 0x00, 0x00, 0x00, 0x00, 0x00, 0x00, 0x00, 0x00, 0x00, 0x00, 0x00, 0x00, 0x00, 0x00, 0x00, 0x00, 0x00, 0x00, 0x00,
    0x00, 0x00, 0x00, 0x00, 0x00, 0x00, 0x00, 0x00, 0x00, 0x00, 0x00, 0x00, 0x00, 0x00, 0x00, 0x00, 0x00, 0x00, 0x00, 0x00,
    0x00, 0x00, 0x00, 0x00, 0x00, 0x00, 0x00, 0x00, 0x00, 0x00, 0x00, 0x00, 0x00, 0x00, 0x00, 0x00, 0x00, 0x00, 0x00, 0x00,
    0x00, 0x00, 0x00, 0x00, 0x00, 0x00, 0x00, 0x00, 0x00, 0x00, 0x00, 0x00, 0x00, 0x00, 0x00, 0x00, 0x00, 0x00, 0x00, 0x00,
    0x00, 0x00, 0x00, 0x00, 0x00, 0x00, 0x00, 0x00, 0x00, 0x00, 0x00, 0x00, 0x00, 0x00, 0x00, 0x00, 0x00, 0x00, 0x00, 0x00,
    0x00, 0x00, 0x00, 0x00, 0x00, 0x00, 0x00, 0x00, 0x00, 0x00, 0x00, 0x00, 0x00, 0x00, 0x00, 0x00, 0x00, 0x00, 0x00, 0x00,
    0x00, 0x00, 0x00, 0x00, 0x00, 0x00, 0x00, 0x00, 0x00, 0x00, 0x00, 0x00, 0x00, 0x00, 0x00, 0x00, 0x00, 0x00, 0x00, 0x00,
    0x00, 0x00, 0x00, 0x00, 0x00, 0x00, 0x00, 0x00, 0x00, 0x00, 0x00, 0x00, 0x00, 0x00, 0x00, 0x00, 0x00, 0x00, 0x00, 0x00,
    0x00, 0x00, 0x00, 0x00, 0x00, 0x00, 0x00, 0x00, 0x00, 0x00, 0x00, 0x00, 0x00, 0x00, 0x00, 0x00, 0x00, 0x00, 0x00, 0x00,
    0x00, 0x00, 0x00, 0x00, 0x00, 0x00, 0x00, 0x00, 0x00, 0x00, 0x00, 0x00, 0x00, 0x00, 0x00, 0x00, 0x00, 0x00, 0x00, 0x00,
    0x00, 0x00, 0x00, 0x00, 0x00, 0x00, 0x00, 0x00, 0x00, 0x00, 0x00, 0x00, 0x00, 0x00, 0x00, 0x00, 0x00, 0x00, 0x00, 0x00,
    0x00, 0x00, 0x00, 0x00, 0x00, 0x00, 0x00, 0x00, 0x00, 0x00, 0x00, 0x00, 0x00, 0x00, 0x00, 0x00, 0x00, 0x00, 0x00, 0x00,
    0x00, 0x00, 0x00, 0x00, 0x00, 0x00, 0x00, 0x00, 0x00, 0x00, 0x00, 0x00, 0x00, 0x00, 0x00, 0x00, 0x00, 0x00, 0x00, 0x00,
    0x00, 0x00, 0x00, 0x00, 0x00, 0x00, 0x00, 0x00, 0x00, 0x00, 0x00, 0x00, 0x00, 0x00, 0x00, 0x00, 0x00, 0x00, 0x00, 0x00,
    0x00, 0x00, 0x00, 0x00, 0x00, 0x00, 0x00, 0x00, 0x00, 0x00, 0x00, 0x00, 0x00, 0x00, 0x00, 0x00, 0x00, 0x00, 0x00, 0x00,
    0x00, 0x00, 0x00, 0x00, 0x00, 0x00, 0x00, 0x00, 0x00, 0x00, 0x00, 0x00, 0x00, 0x00, 0x00, 0x00, 0x00, 0x00, 0x00, 0x00,
    0x00, 0x00, 0x00, 0x00, 0x00, 0x00, 0x00, 0x00, 0x00, 0x00, 0x00, 0x00, 0x00, 0x00, 0x00, 0x00, 0x00, 0x00, 0x00, 0x00,
    0x00, 0x00, 0x00, 0x00, 0x00, 0x00, 0x00, 0x00, 0x00, 0x00, 0x00, 0x00, 0x00, 0x00, 0x00, 0x00, 0x00, 0x00, 0x00, 0x00,
    0x00, 0x00, 0x00, 0x00, 0x00, 0x00, 0x00, 0x00, 0x00, 0x00, 0x00, 0x00, 0x00, 0x00, 0x00, 0x00, 0x00, 0x00, 0x00, 0x00,
    0x00, 0x00, 0x00, 0x00, 0x00, 0x00, 0x00, 0x00, 0x00, 0x00, 0x00, 0x00, 0x00, 0x00, 0x00, 0x00, 0x00, 0x00, 0x00, 0x00,
    0x00, 0x00, 0x00, 0x00, 0x00, 0x00, 0x00, 0x00, 0x00, 0x00, 0x00, 0x00, 0x00, 0x00, 0x00, 0x00, 0x00, 0x00, 0x00, 0x00,
    0x00, 0x00, 0x00, 0x00, 0x00, 0x00, 0x00, 0x00, 0x00, 0x00, 0x00, 0x00, 0x00, 0x00, 0x00, 0x00, 0x00, 0x00, 0x00, 0x00,
    0x00, 0x00, 0x00, 0x00, 0x00, 0x00, 0x00, 0x00, 0x00, 0x00, 0x00, 0x00, 0x00, 0x00, 0x00, 0x00, 0x00, 0x00, 0x00, 0x00,
    0x00, 0x00, 0x00, 0x00, 0x00, 0x00, 0x00, 0x00, 0x00, 0x00, 0x00, 0x00, 0x00, 0x00, 0x00, 0x00, 0x00, 0x00, 0x00, 0x00,
    0x00, 0x00, 0x00, 0x00, 0x00, 0x00, 0x00, 0x00, 0x00, 0x00, 0x00, 0x00, 0x00, 0x00, 0x00, 0x00, 0x00, 0x00, 0x00, 0x00,
    0x00, 0x00, 0x00, 0x00, 0x00, 0x00, 0x00, 0x00, 0x00, 0x00, 0x00, 0x00, 0x00, 0x00, 0x00, 0x00, 0x00, 0x00, 0x00, 0x00,
    0x00, 0x00, 0x00, 0x00, 0x00, 0x00, 0x00, 0x00, 0x00, 0x00, 0x00, 0x00, 0x00, 0x00, 0x00, 0x00, 0x00, 0x00, 0x00, 0x00,
    0x00, 0x00, 0x00, 0x00, 0x00, 0x00, 0x00, 0x00, 0x00, 0x00, 0x00, 0x00, 0x00, 0x00, 0x00, 0x00, 0x00, 0x00, 0x00, 0x00,
    0x00, 0x00, 0x00, 0x00, 0x00, 0x00, 0x00, 0x00, 0x00, 0x00, 0x00, 0x00, 0x00, 0x00, 0x00, 0x00, 0x00, 0x00, 0x00, 0x00,
    0x00, 0x00, 0x00, 0x00, 0x00, 0x00, 0x00, 0x00, 0x00, 0x00, 0x00, 0x00, 0x00, 0x00, 0x00, 0x00, 0x00, 0x00, 0x00, 0x00,
    0x00, 0x00, 0x00, 0x00, 0x00, 0x00, 0x00, 0x00, 0x00, 0x00, 0x00, 0x00, 0x00, 0x00, 0x00, 0x00, 0x00, 0x00, 0x00, 0x00,
    0x00, 0x00, 0x00, 0x00, 0x00, 0x00, 0x00, 0x00, 0x00, 0x00, 0x00, 0x00, 0x00, 0x00, 0x00, 0x00, 0x00, 0x00, 0x00, 0x00,
    0x00, 0x00, 0x00, 0x00, 0x00, 0x00, 0x00, 0x00, 0x00, 0x00, 0x00, 0x00, 0x00, 0x00, 0x00, 0x00, 0x00, 0x00, 0x00, 0x00,
    0x00, 0x00, 0x00, 0x00, 0x00, 0x00, 0x00, 0x00, 0x00, 0x00, 0x00, 0x00, 0x00, 0x00, 0x00, 0x00, 0x00, 0x00, 0x00, 0x00,
    0x00, 0x00, 0x00, 0x00, 0x00, 0x00, 0x00, 0x00, 0x00, 0x00, 0x00, 0x00, 0x00, 0x00, 0x00, 0x00, 0x00, 0x00, 0x00, 0x00,
    0x00, 0x00, 0x00, 0x00, 0x00, 0x00, 0x00, 0x00, 0x00, 0x00, 0x00, 0x00, 0x00, 0x00, 0x00, 0x00, 0x00, 0x00, 0x00, 0x00,
    0x00, 0x00, 0x00, 0x00, 0x00, 0x00, 0x00, 0x00, 0x00, 0x00, 0x00, 0x00, 0x00, 0x00, 0x00, 0x00, 0x00, 0x00, 0x00, 0x00,
    0x00, 0x00, 0x00, 0x00, 0x00, 0x00, 0x00, 0x00, 0x00, 0x00, 0x00, 0x00, 0x00, 0x00, 0x00, 0x00, 0x00, 0x00, 0x00, 0x00,
    0x00, 0x00, 0x00, 0x00, 0x00, 0x00, 0x00, 0x00, 0x00, 0x00, 0x00, 0x00, 0x00, 0x00, 0x00, 0x00, 0x00, 0x00, 0x00, 0x00,
    0x00, 0x00, 0x00, 0x00, 0x00, 0x00, 0x00, 0x00, 0x00, 0x00, 0x00, 0x00, 0x00, 0x00, 0x00, 0x00, 0x00, 0x00, 0x00, 0x00,
    0x00, 0x00, 0x00, 0x00, 0x00, 0x00, 0x00, 0x00, 0x00, 0x00, 0x00, 0x00, 0x00, 0x00, 0x00, 0x00, 0x00, 0x00, 0x00, 0x00,
    0x00, 0x00, 0x00, 0x00, 0x00, 0x00, 0x00, 0x00, 0x00, 0x00, 0x00, 0x00, 0x00, 0x00, 0x00, 0x00, 0x00, 0x00, 0x00, 0x00,
    0x00, 0x00, 0x00, 0x00, 0x00, 0x00, 0x00, 0x00, 0x00, 0x00, 0x00, 0x00, 0x00, 0x00, 0x00, 0x00, 0x00, 0x00, 0x00, 0x00,
    0x00, 0x00, 0x00, 0x00, 0x00, 0x00, 0x00, 0x00, 0x00, 0x00, 0x00, 0x00, 0x00, 0x00, 0x00, 0x00, 0x00, 0x00, 0x00, 0x00,
    0x00, 0x00, 0x00, 0x00, 0x00, 0x00, 0x00, 0x00, 0x00, 0x00, 0x00, 0x00, 0x00, 0x00, 0x00, 0x00, 0x00, 0x00, 0x00, 0x00,
    0x00, 0x00, 0x00, 0x00, 0x00, 0x00, 0x00, 0x00, 0x00, 0x00, 0x00, 0x00, 0x00, 0x00, 0x00, 0x00, 0x00, 0x00, 0x00, 0x00,
    0x00, 0x00, 0x00, 0x00, 0x00, 0x00, 0x00, 0x00, 0x00, 0x00, 0x00, 0x00, 0x00, 0x00, 0x00, 0x00, 0x00, 0x00, 0x00, 0x00,
    0x00, 0x00, 0x00, 0x00, 0x00, 0x00, 0x00, 0x00, 0x00, 0x00, 0x00, 0x00, 0x00, 0x00, 0x00, 0x00, 0x00, 0x00, 0x00, 0x00,
    0x00, 0x00, 0x00, 0x00, 0x00, 0x00, 0x00, 0x00, 0x00, 0x00, 0x00, 0x00, 0x00, 0x00, 0x00, 0x00, 0x00, 0x00, 0x00, 0x00,
    0x00, 0x00, 0x00, 0x00, 0x00, 0x00, 0x00, 0x00, 0x00, 0x00, 0x00, 0x00, 0x00, 0x00, 0x00, 0x00, 0x00, 0x00, 0x00, 0x00,
    0x00, 0x00, 0x00, 0x00, 0x00, 0x00, 0x00, 0x00, 0x00, 0x00, 0x00, 0x00, 0x00, 0x00, 0x00, 0x00, 0x00, 0x00, 0x00, 0x00,
    0x00, 0x00, 0x00, 0x00, 0x00, 0x00, 0x00, 0x00, 0x00, 0x00, 0x00, 0x00, 0x00, 0x00, 0x00, 0x00, 0x00, 0x00, 0x00, 0x00,
    0x00, 0x00, 0x00, 0x00, 0x00, 0x00, 0x00, 0x00, 0x00, 0x00, 0x00, 0x00, 0x00, 0x00, 0x00, 0x00, 0x00, 0x00, 0x00, 0x00,
    0x00, 0x00, 0x00, 0x00, 0x00, 0x00, 0x00, 0x00, 0x00, 0x00, 0x00, 0x00, 0x00, 0x00, 0x00, 0x00, 0x00, 0x00, 0x00, 0x00,
    0x00, 0x00, 0x00, 0x00, 0x00, 0x00, 0x00, 0x00, 0x00, 0x00, 0x00, 0x00, 0x00, 0x00, 0x00, 0x00, 0x00, 0x00, 0x00, 0x00,
    0x00, 0x00, 0x00, 0x00, 0x00, 0x00, 0x00, 0x00, 0x00, 0x00, 0x00, 0x00, 0x00, 0x00, 0x00, 0x00, 0x00, 0x00, 0x00, 0x00,
    0x00, 0x00, 0x00, 0x00, 0x00, 0x00, 0x00, 0x00, 0x00, 0x00, 0x00, 0x00, 0x00, 0x00, 0x00, 0x00, 0x00, 0x00, 0x00, 0x00,
    0x00, 0x00, 0x00, 0x00, 0x00, 0x00, 0x00, 0x00, 0x00, 0x00, 0x00, 0x00, 0x00, 0x00, 0x00, 0x00, 0x00, 0x00, 0x00, 0x00,
    0x00, 0x00, 0x00, 0x00, 0x00, 0x00, 0x00, 0x00, 0x00, 0x00, 0x00, 0x00, 0x00, 0x00, 0x00, 0x00, 0x00, 0x00, 0x00, 0x00,
    0x00, 0x00, 0x00, 0x00, 0x00, 0x00, 0x00, 0x00, 0x00, 0x00, 0x00, 0x00, 0x00, 0x00, 0x00, 0x00, 0x00, 0x00, 0x00, 0x00,
    0x00, 0x00, 0x00, 0x00, 0x00, 0x00, 0x00, 0x00, 0x00, 0x00, 0x00, 0x00, 0x00, 0x00, 0x00, 0x00, 0x00, 0x00, 0x00, 0x00,
    0x00, 0x00, 0x00, 0x00, 0x00, 0x00, 0x00, 0x00, 0x00, 0x00, 0x00, 0x00, 0x00, 0x00, 0x00, 0x00, 0x00, 0x00, 0x00, 0x00,
    0x00, 0x00, 0x00, 0x00, 0x00, 0x00, 0x00, 0x00, 0x00, 0x00, 0x00, 0x00, 0x00, 0x00, 0x00, 0x00, 0x00, 0x00, 0x00, 0x00,
    0x00, 0x00, 0x00, 0x00, 0x00, 0x00, 0x00, 0x00, 0x00, 0x00, 0x00, 0x00, 0x00, 0x00, 0x00, 0x00, 0x00, 0x00, 0x00, 0x00,
    0x00, 0x00, 0x00, 0x00, 0x00, 0x00, 0x00, 0x00, 0x00, 0x00, 0x00, 0x00, 0x00, 0x00, 0x00, 0x00, 0x00, 0x00, 0x00, 0x00,
    0x00, 0x00, 0x00, 0x00, 0x00, 0x00, 0x00, 0x00, 0x00, 0x00, 0x00, 0x00, 0x00, 0x00, 0x00, 0x00, 0x00, 0x00, 0x00, 0x00,
    0x00, 0x00, 0x00, 0x00, 0x00, 0x00, 0x00, 0x00, 0x00, 0x00, 0x00, 0x00, 0x00, 0x00, 0x00, 0x00, 0x00, 0x00, 0x00, 0x00,
    0x00, 0x00, 0x00, 0x00, 0x00, 0x00, 0x00, 0x00, 0x00, 0x00, 0x00, 0x00, 0x00, 0x00, 0x00, 0x00, 0x00, 0x00, 0x00, 0x00,
    0x00, 0x00, 0x00, 0x00, 0x00, 0x00, 0x00, 0x00, 0x00, 0x00, 0x00, 0x00, 0x00, 0x00, 0x00, 0x00, 0x00, 0x00, 0x00, 0x00,
    0x00, 0x00, 0x00, 0x00, 0x00, 0x00, 0x00, 0x00, 0x00, 0x00, 0x00, 0x00, 0x00, 0x00, 0x00, 0x00, 0x00, 0x00, 0x00, 0x00,
    0x00, 0x00, 0x00, 0x00, 0x00, 0x00, 0x00, 0x00, 0x00, 0x00, 0x00, 0x00, 0x00, 0x00, 0x00, 0x00, 0x00, 0x00, 0x00, 0x00,
    0x00, 0x00, 0x00, 0x00, 0x00, 0x00, 0x00, 0x00, 0x00, 0x00, 0x00, 0x00, 0x00, 0x00, 0x00, 0x00, 0x00, 0x00, 0x00, 0x00,
    0x00, 0x00, 0x00, 0x00, 0x00, 0x00, 0x00, 0x00, 0x00, 0x00, 0x00, 0x00, 0x00, 0x00, 0x00, 0x00, 0x00, 0x00, 0x00, 0x00,
    0x00, 0x00, 0x00, 0x00, 0x00, 0x00, 0x00, 0x00, 0x00, 0x00, 0x00, 0x00, 0x00, 0x00, 0x00, 0x00, 0x00, 0x00, 0x00, 0x00,
    0x00, 0x00, 0x00, 0x00, 0x00, 0x00, 0x00, 0x00, 0x00, 0x00, 0x00, 0x00, 0x00, 0x00, 0x00, 0x00, 0x00, 0x00, 0x00, 0x00,
    0x00, 0x00, 0x00, 0x00, 0x00, 0x00, 0x00, 0x00, 0x00, 0x00, 0x00, 0x00, 0x00, 0x00, 0x00, 0x00, 0x00, 0x00, 0x00, 0x00,
    0x00, 0x00, 0x00, 0x00, 0x00, 0x00, 0x00, 0x00, 0x00, 0x00, 0x00, 0x00, 0x00, 0x00, 0x00, 0x00, 0x00, 0x00, 0x00, 0x00,
    0x00, 0x00, 0x00, 0x00, 0x00, 0x00, 0x00, 0x00, 0x00, 0x00, 0x00, 0x00, 0x00, 0x00, 0x00, 0x00, 0x00, 0x00, 0x00, 0x00,
    0x00, 0x00, 0x00, 0x00, 0x00, 0x00, 0x00, 0x00, 0x00, 0x00, 0x00, 0x00, 0x00, 0x00, 0x00, 0x00, 0x00, 0x00, 0x00, 0x00,
    0x00, 0x00, 0x00, 0x00, 0x00, 0x00, 0x00, 0x00, 0x00, 0x00, 0x00, 0x00, 0x00, 0x00, 0x00, 0x00, 0x00, 0x00, 0x00, 0x00,
    0x00, 0x00, 0x00, 0x00, 0x00, 0x00, 0x00, 0x00, 0x00, 0x00, 0x00, 0x00, 0x00, 0x00, 0x00, 0x00, 0x00, 0x00, 0x00, 0x00,
    0x00, 0x00, 0x00, 0x00, 0x00, 0x00, 0x00, 0x00, 0x00, 0x00, 0x00, 0x00, 0x00, 0x00, 0x00, 0x00, 0x00, 0x00, 0x00, 0x00,
    0x00, 0x00, 0x00, 0x00, 0x00, 0x00, 0x00, 0x00, 0x00, 0x00, 0x00, 0x00, 0x00, 0x00, 0x00, 0x00, 0x00, 0x00, 0x00, 0x00,
    0x00, 0x00, 0x00, 0x00, 0x00, 0x00, 0x00, 0x00, 0x00, 0x00, 0x00, 0x00, 0x00, 0x00, 0x00, 0x00, 0x00, 0x00, 0x00, 0x00,
    0x00, 0x00, 0x00, 0x00, 0x00, 0x00, 0x00, 0x00, 0x00, 0x00, 0x00, 0x00, 0x00, 0x00, 0x00, 0x00, 0x00, 0x00, 0x00, 0x00,
    0x00, 0x00, 0x00, 0x00, 0x00, 0x00, 0x00, 0x00, 0x00, 0x00, 0x00, 0x00, 0x00, 0x00, 0x00, 0x00, 0x00, 0x00, 0x00, 0x00,
    0x00, 0x00, 0x00, 0x00, 0x00, 0x00, 0x00, 0x00, 0x00, 0x00, 0x00, 0x00, 0x00, 0x00, 0x00, 0x00, 0x00, 0x00, 0x00, 0x00,
    0x00, 0x00, 0x00, 0x00, 0x00, 0x00, 0x00, 0x00, 0x00, 0x00, 0x00, 0x00, 0x00, 0x00, 0x00, 0x00, 0x00, 0x00, 0x00, 0x00,
    0x00, 0x00, 0x00, 0x00, 0x00, 0x00, 0x00, 0x00, 0x00, 0x00, 0x00, 0x00, 0x00, 0x00, 0x00, 0x00, 0x00, 0x00, 0x00, 0x00,
    0x00, 0x00, 0x00, 0x00, 0x00, 0x00, 0x00, 0x00, 0x00, 0x00, 0x00, 0x00, 0x00, 0x00, 0x00, 0x00, 0x00, 0x00, 0x00, 0x00,
    0x00, 0x00, 0x00, 0x00, 0x00, 0x00, 0x00, 0x00, 0x00, 0x00, 0x00, 0x00, 0x00, 0x00, 0x00, 0x00, 0x00, 0x00, 0x00, 0x00,
    0x00, 0x00, 0x00, 0x00, 0x00, 0x00, 0x00, 0x00, 0x00, 0x00, 0x00, 0x00, 0x00, 0x00, 0x00, 0x00, 0x00, 0x00, 0x00, 0x00,
    0x00, 0x00, 0x00, 0x00, 0x00, 0x00, 0x00, 0x00, 0x00, 0x00, 0x00, 0x00, 0x00, 0x00, 0x00, 0x00, 0x00, 0x00, 0x00, 0x00,
    0x00, 0x00, 0x00, 0x00, 0x00, 0x00, 0x00, 0x00, 0x00, 0x00, 0x00, 0x00, 0x00, 0x00, 0x00, 0x00, 0x00, 0x00, 0x00, 0x00,
    0x00, 0x00, 0x00, 0x00, 0x00, 0x00, 0x00, 0x00, 0x00, 0x00, 0x00, 0x00, 0x00, 0x00, 0x00, 0x00, 0x00, 0x00, 0x00, 0x00,
    0x00, 0x00, 0x00, 0x00, 0x00, 0x00, 0x00, 0x00, 0x00, 0x00, 0x00, 0x00, 0x00, 0x00, 0x00, 0x00, 0x00, 0x00, 0x00, 0x00,
    0x00, 0x00, 0x00, 0x00, 0x00, 0x00, 0x00, 0x00, 0x00, 0x00, 0x00, 0x00, 0x00, 0x00, 0x00, 0x00, 0x00, 0x00, 0x00, 0x00,
    0x00, 0x00, 0x00, 0x00, 0x00, 0x00, 0x00, 0x00, 0x00, 0x00, 0x00, 0x00, 0x00, 0x00, 0x00, 0x00, 0x00, 0x00, 0x00, 0x00,
    0x00, 0x00, 0x00, 0x00, 0x00, 0x00, 0x00, 0x00, 0x00, 0x00, 0x00, 0x00, 0x00, 0x00, 0x00, 0x00, 0x00, 0x00, 0x00, 0x00,
    0x00, 0x00, 0x00, 0x00, 0x00, 0x00, 0x00, 0x00, 0x00, 0x00, 0x00, 0x00, 0x00, 0x00, 0x00, 0x00, 0x00, 0x00, 0x00, 0x00,
    0x00, 0x00, 0x00, 0x00, 0x00, 0x00, 0x00, 0x00, 0x00, 0x00, 0x00, 0x00, 0x00, 0x00, 0x00, 0x00, 0x00, 0x00, 0x00, 0x00,
    0x00, 0x00, 0x00, 0x00, 0x00, 0x00, 0x00, 0x00, 0x00, 0x00, 0x00, 0x00, 0x00, 0x00, 0x00, 0x00, 0x00, 0x00, 0x00, 0x00,
    0x00, 0x00, 0x00, 0x00, 0x00, 0x00, 0x00, 0x00, 0x00, 0x00, 0x00, 0x00, 0x00, 0x00, 0x00, 0x00, 0x00, 0x00, 0x00, 0x00,
    0x00, 0x00, 0x00, 0x00, 0x00, 0x00, 0x00, 0x00, 0x00, 0x00, 0x00, 0x00, 0x00, 0x00, 0x00, 0x00, 0x00, 0x00, 0x00, 0x00,
    0x00, 0x00, 0x00, 0x00, 0x00, 0x00, 0x00, 0x00, 0x00, 0x00, 0x00, 0x00, 0x00, 0x00, 0x00, 0x00, 0x00, 0x00, 0x00, 0x00,
    0x00, 0x00, 0x00, 0x00, 0x00, 0x00, 0x00, 0x00, 0x00, 0x00, 0x00, 0x00, 0x00, 0x00, 0x00, 0x00, 0x00, 0x00, 0x00, 0x00,
    0x00, 0x00, 0x00, 0x00, 0x00, 0x00, 0x00, 0x00, 0x00, 0x00, 0x00, 0x00, 0x00, 0x00, 0x00, 0x00, 0x00, 0x00, 0x00, 0x00,
    0x00, 0x00, 0x00, 0x00, 0x00, 0x00, 0x00, 0x00, 0x00, 0x00, 0x00, 0x00, 0x00, 0x00, 0x00, 0x00, 0x00, 0x00, 0x00, 0x00,
    0x00, 0x00, 0x00, 0x00, 0x00, 0x00, 0x00, 0x00, 0x00, 0x00, 0x00, 0x00, 0x00, 0x00, 0x00, 0x00, 0x00, 0x00, 0x00, 0x00,
    0x00, 0x00, 0x00, 0x00, 0x00, 0x00, 0x00, 0x00, 0x00, 0x00, 0x00, 0x00, 0x00, 0x00, 0x00, 0x00, 0x00, 0x00, 0x00, 0x00,
    0x00, 0x00, 0x00, 0x00, 0x00, 0x00, 0x00, 0x00, 0x00, 0x00, 0x00, 0x00, 0x00, 0x00, 0x00, 0x00, 0x00, 0x00, 0x00, 0x00,
    0x00, 0x00, 0x00, 0x00, 0x00, 0x00, 0x00, 0x00, 0x00, 0x00, 0x00, 0x00, 0x00, 0x00, 0x00, 0x00, 0x00, 0x00, 0x00, 0x00,
    0x00, 0x00, 0x00, 0x00, 0x00, 0x00, 0x00, 0x00, 0x00, 0x00, 0x00, 0x00, 0x00, 0x00, 0x00, 0x00, 0x00, 0x00, 0x00, 0x00,
    0x00, 0x00, 0x00, 0x00, 0x00, 0x00, 0x00, 0x00, 0x00, 0x00, 0x00, 0x00, 0x00, 0x00, 0x00, 0x00, 0x00, 0x00, 0x00, 0x00,
    0x00, 0x00, 0x00, 0x00, 0x00, 0x00, 0x00, 0x00, 0x00, 0x00, 0x00, 0x00, 0x00, 0x00, 0x00, 0x00, 0x00, 0x00, 0x00, 0x00,
    0x00, 0x00, 0x00, 0x00, 0x00, 0x00, 0x00, 0x00, 0x00, 0x00, 0x00, 0x00, 0x00, 0x00, 0x00, 0x00, 0x00, 0x00, 0x00, 0x00,
    0x00, 0x00, 0x00, 0x00, 0x00, 0x00, 0x00, 0x00, 0x00, 0x00, 0x00, 0x00, 0x00, 0x00, 0x00, 0x00, 0x00, 0x00, 0x00, 0x00,
    0x00, 0x00, 0x00, 0x00, 0x00, 0x00, 0x00, 0x00, 0x00, 0x00, 0x00, 0x00, 0x00, 0x00, 0x00, 0x00, 0x00, 0x00, 0x00, 0x00,
    0x00, 0x00, 0x00, 0x00, 0x00, 0x00, 0x00, 0x00, 0x00, 0x00, 0x00, 0x00, 0x00, 0x00, 0x00, 0x00, 0x00, 0x00, 0x00, 0x00,
    0x00, 0x00, 0x00, 0x00, 0x00, 0x00, 0x00, 0x00, 0x00, 0x00, 0x00, 0x00, 0x00, 0x00, 0x00, 0x00, 0x00, 0x00, 0x00, 0x00,
    0x00, 0x00, 0x00, 0x00, 0x00, 0x00, 0x00, 0x00, 0x00, 0x00, 0x00, 0x00, 0x00, 0x00, 0x00, 0x00, 0x00, 0x00, 0x00, 0x00,
    0x00, 0x00, 0x00, 0x00, 0x00, 0x00, 0x00, 0x00, 0x00, 0x00, 0x00, 0x00, 0x00, 0x00, 0x00, 0x00, 0x00, 0x00, 0x00, 0x00,
    0x00, 0x00, 0x00, 0x00, 0x00, 0x00, 0x00, 0x00, 0x00, 0x00, 0x00, 0x00, 0x00, 0x00, 0x00, 0x00, 0x00, 0x00, 0x00, 0x00,
    0x00, 0x00, 0x00, 0x00, 0x00, 0x00, 0x00, 0x00, 0x00, 0x00, 0x00, 0x00, 0x00, 0x00, 0x00, 0x00, 0x00, 0x00, 0x00, 0x00,
    0x00, 0x00, 0x00, 0x00, 0x00, 0x00, 0x00, 0x00, 0x00, 0x00, 0x00, 0x00, 0x00, 0x00, 0x00, 0x00, 0x00, 0x00, 0x00, 0x00,
    0x00, 0x00, 0x00, 0x00, 0x00, 0x00, 0x00, 0x00, 0x00, 0x00, 0x00, 0x00, 0x00, 0x00, 0x00, 0x00, 0x00, 0x00, 0x00, 0x00,
    0x00, 0x00, 0x00, 0x00, 0x00, 0x00, 0x00, 0x00, 0x00, 0x00, 0x00, 0x00, 0x00, 0x00, 0x00, 0x00, 0x00, 0x00, 0x00, 0x00,
    0x00, 0x00, 0x00, 0x00, 0x00, 0x00, 0x00, 0x00, 0x00, 0x00, 0x00, 0x00, 0x00, 0x00, 0x00, 0x00, 0x00, 0x00, 0x00, 0x00,
    0x00, 0x00, 0x00, 0x00, 0x00, 0x00, 0x00, 0x00, 0x00, 0x00, 0x00, 0x00, 0x00, 0x00, 0x00, 0x00, 0x00, 0x00, 0x00, 0x00,
    0x00, 0x00, 0x00, 0x00, 0x00, 0x00, 0x00, 0x00, 0x00, 0x00, 0x00, 0x00, 0x00, 0x00, 0x00, 0x00, 0x00, 0x00, 0x00, 0x00,
    0x00, 0x00, 0x00, 0x00, 0x00, 0x00, 0x00, 0x00, 0x00, 0x00, 0x00, 0x00, 0x00, 0x00, 0x00, 0x00, 0x00, 0x00, 0x00, 0x00,
    0x00, 0x00, 0x00, 0x00, 0x00, 0x00, 0x00, 0x00, 0x00, 0x00, 0x00, 0x00, 0x00, 0x00, 0x00, 0x00, 0x00, 0x00, 0x00, 0x00,
    0x00, 0x00, 0x00, 0x00, 0x00, 0x00, 0x00, 0x00, 0x00, 0x00, 0x00, 0x00, 0x00, 0x00, 0x00, 0x00, 0x00, 0x00, 0x00, 0x00,
    0x00, 0x00, 0x00, 0x00, 0x00, 0x00, 0x00, 0x00, 0x00, 0x00, 0x00, 0x00, 0x00, 0x00, 0x00, 0x00, 0x00, 0x00, 0x00, 0x00,
    0x00, 0x00, 0x00, 0x00, 0x00, 0x00, 0x00, 0x00, 0x00, 0x00, 0x00, 0x00, 0x00, 0x00, 0x00, 0x00, 0x00, 0x00, 0x00, 0x00,
    0x00, 0x00, 0x00, 0x00, 0x00, 0x00, 0x00, 0x00, 0x00, 0x00, 0x00, 0x00, 0x00, 0x00, 0x00, 0x00, 0x00, 0x00, 0x00, 0x00,
    0x00, 0x00, 0x00, 0x00, 0x00, 0x00, 0x00, 0x00, 0x00, 0x00, 0x00, 0x00, 0x00, 0x00, 0x00, 0x00, 0x00, 0x00, 0x00, 0x00,
    0x00, 0x00, 0x00, 0x00, 0x00, 0x00, 0x00, 0x00, 0x00, 0x00, 0x00, 0x00, 0x00, 0x00, 0x00, 0x00, 0x00, 0x00, 0x00, 0x00,
    0x00, 0x00, 0x00, 0x00, 0x00, 0x00, 0x00, 0x00, 0x00, 0x00, 0x00, 0x00, 0x00, 0x00, 0x00, 0x00, 0x00, 0x00, 0x00, 0x00,
    0x00, 0x00, 0x00, 0x00, 0x00, 0x00, 0x00, 0x00, 0x00, 0x00, 0x00, 0x00, 0x00, 0x00, 0x00, 0x00, 0x00, 0x00, 0x00, 0x00,
    0x00, 0x00, 0x00, 0x00, 0x00, 0x00, 0x00, 0x00, 0x00, 0x00, 0x00, 0x00, 0x00, 0x00, 0x00, 0x00, 0x00, 0x00, 0x00, 0x00,
    0x00, 0x00, 0x00, 0x00, 0x00, 0x00, 0x00, 0x00, 0x00, 0x00, 0x00, 0x00, 0x00, 0x00, 0x00, 0x00, 0x00, 0x00, 0x00, 0x00,
    0x00, 0x00, 0x00, 0x00, 0x00, 0x00, 0x00, 0x00, 0x00, 0x00, 0x00, 0x00, 0x00, 0x00, 0x00, 0x00, 0x00, 0x00, 0x00, 0x00,
    0x00, 0x00, 0x00, 0x00, 0x00, 0x00, 0x00, 0x00, 0x00, 0x00, 0x00, 0x00, 0x00, 0x00, 0x00, 0x00, 0x00, 0x00, 0x00, 0x00,
    0x00, 0x00, 0x00, 0x00, 0x00, 0x00, 0x00, 0x00, 0x00, 0x00, 0x00, 0x00, 0x00, 0x00, 0x00, 0x00, 0x00, 0x00, 0x00, 0x00,
    0x00, 0x00, 0x00, 0x00, 0x00, 0x00, 0x00, 0x00, 0x00, 0x00, 0x00, 0x00, 0x00, 0x00, 0x00, 0x00, 0x00, 0x00, 0x00, 0x00,
    0x00, 0x00, 0x00, 0x00, 0x00, 0x00, 0x00, 0x00, 0x00, 0x00, 0x00, 0x00, 0x00, 0x00, 0x00, 0x00, 0x00, 0x00, 0x00, 0x00,
    0x00, 0x00, 0x00, 0x00, 0x00, 0x00, 0x00, 0x00, 0x00, 0x00, 0x00, 0x00, 0x00, 0x00, 0x00, 0x00, 0x00, 0x00, 0x00, 0x00,
    0x00, 0x00, 0x00, 0x00, 0x00, 0x00, 0x00, 0x00, 0x00, 0x00, 0x00, 0x00, 0x00, 0x00, 0x00, 0x00, 0x00, 0x00, 0x00, 0x00,
    0x00, 0x00, 0x00, 0x00, 0x00, 0x00, 0x00, 0x00, 0x00, 0x00, 0x00, 0x00, 0x00, 0x00, 0x00, 0x00, 0x00, 0x00, 0x00, 0x00,
    0x00, 0x00, 0x00, 0x00, 0x00, 0x00, 0x00, 0x00, 0x00, 0x00, 0x00, 0x00, 0x00, 0x00, 0x00, 0x00, 0x00, 0x00, 0x00, 0x00,
    0x00, 0x00, 0x00, 0x00, 0x00, 0x00, 0x00, 0x00, 0x00, 0x00, 0x00, 0x00, 0x00, 0x00, 0x00, 0x00, 0x00, 0x00, 0x00, 0x00,
    0x00, 0x00, 0x00, 0x00, 0x00, 0x00, 0x00, 0x00, 0x00, 0x00, 0x00, 0x00, 0x00, 0x00, 0x00, 0x00, 0x00, 0x00, 0x00, 0x00,
    0x00, 0x00, 0x00, 0x00, 0x00, 0x00, 0x00, 0x00, 0x00, 0x00, 0x00, 0x00, 0x00, 0x00, 0x00, 0x00, 0x00, 0x00, 0x00, 0x00,
    0x00, 0x00, 0x00, 0x00, 0x00, 0x00, 0x00, 0x00, 0x00, 0x00, 0x00, 0x00, 0x00, 0x00, 0x00, 0x00, 0x00, 0x00, 0x00, 0x00,
    0x00, 0x00, 0x00, 0x00, 0x00, 0x00, 0x00, 0x00, 0x00, 0x00, 0x00, 0x00, 0x00, 0x00, 0x00, 0x00, 0x00, 0x00, 0x00, 0x00,
    0x00, 0x00, 0x00, 0x00, 0x00, 0x00, 0x00, 0x00, 0x00, 0x00, 0x00, 0x00, 0x00, 0x00, 0x00, 0x00, 0x00, 0x00, 0x00, 0x00,
    0x00, 0x00, 0x00, 0x00, 0x00, 0x00, 0x00, 0x00, 0x00, 0x00, 0x00, 0x00, 0x00, 0x00, 0x00, 0x00, 0x00, 0x00, 0x00, 0x00,
    0x00, 0x00, 0x00, 0x00, 0x00, 0x00, 0x00, 0x00, 0x00, 0x00, 0x00, 0x00, 0x00, 0x00, 0x00, 0x00, 0x00, 0x00, 0x00, 0x00,
    0x00, 0x00, 0x00, 0x00, 0x00, 0x00, 0x00, 0x00, 0x00, 0x00, 0x00, 0x00, 0x00, 0x00, 0x00, 0x00, 0x00, 0x00, 0x00, 0x00,
    0x00, 0x00, 0x00, 0x00, 0x00, 0x00, 0x00, 0x00, 0x00, 0x00, 0x00, 0x00, 0x00, 0x00, 0x00, 0x00, 0x00, 0x00, 0x00, 0x00,
    0x00, 0x00, 0x00, 0x00, 0x00, 0x00, 0x00, 0x00, 0x00, 0x00, 0x00, 0x00, 0x00, 0x00, 0x00, 0x00, 0x00, 0x00, 0x00, 0x00,
    0x00, 0x00, 0x00, 0x00, 0x00, 0x00, 0x00, 0x00, 0x00, 0x00, 0x00, 0x00, 0x00, 0x00, 0x00, 0x00, 0x00, 0x00, 0x00, 0x00,
    0x00, 0x00, 0x00, 0x00, 0x00, 0x00, 0x00, 0x00, 0x00, 0x00, 0x00, 0x00, 0x00, 0x00, 0x00, 0x00, 0x00, 0x00, 0x00, 0x00,
    0x00, 0x00, 0x00, 0x00, 0x00, 0x00, 0x00, 0x00, 0x00, 0x00, 0x00, 0x00, 0x00, 0x00, 0x00, 0x00, 0x00, 0x00, 0x00, 0x00,
    0x00, 0x00, 0x00, 0x00, 0x00, 0x00, 0x00, 0x00, 0x00, 0x00, 0x00, 0x00, 0x00, 0x00, 0x00, 0x00, 0x00, 0x00, 0x00, 0x00,
    0x00, 0x00, 0x00, 0x00, 0x00, 0x00, 0x00, 0x00, 0x00, 0x00, 0x00, 0x00, 0x00, 0x00, 0x00, 0x00, 0x00, 0x00, 0x00, 0x00,
    0x00, 0x00, 0x00, 0x00, 0x00, 0x00, 0x00, 0x00, 0x00, 0x00, 0x00, 0x00, 0x00, 0x00, 0x00, 0x00, 0x00, 0x00, 0x00, 0x00,
    0x00, 0x00, 0x00, 0x00, 0x00, 0x00, 0x00, 0x00, 0x00, 0x00, 0x00, 0x00, 0x00, 0x00, 0x00, 0x00, 0x00, 0x00, 0x00, 0x00,
    0x00, 0x00, 0x00, 0x00, 0x00, 0x00, 0x00, 0x00, 0x00, 0x00, 0x00, 0x00, 0x00, 0x00, 0x00, 0x00, 0x00, 0x00, 0x00, 0x00,
    0x00, 0x00, 0x00, 0x00, 0x00, 0x00, 0x00, 0x00, 0x00, 0x00, 0x00, 0x00, 0x00, 0x00, 0x00, 0x00, 0x00, 0x00, 0x00, 0x00,
    0x00, 0x00, 0x00, 0x00, 0x00, 0x00, 0x00, 0x00, 0x00, 0x00, 0x00, 0x00, 0x00, 0x00, 0x00, 0x00, 0x00, 0x00, 0x00, 0x00,
    0x00, 0x00, 0x00, 0x00, 0x00, 0x00, 0x00, 0x00, 0x00, 0x00, 0x00, 0x00, 0x00, 0x00, 0x00, 0x00, 0x00, 0x00, 0x00, 0x00,
    0x00, 0x00, 0x00, 0x00, 0x00, 0x00, 0x00, 0x00, 0x00, 0x00, 0x00, 0x00, 0x00, 0x00, 0x00, 0x00, 0x00, 0x00, 0x00, 0x00,
    0x00, 0x00, 0x00, 0x00, 0x00, 0x00, 0x00, 0x00, 0x00, 0x00, 0x00, 0x00, 0x00, 0x00, 0x00, 0x00, 0x00, 0x00, 0x00, 0x00,
    0x00, 0x00, 0x00, 0x00, 0x00, 0x00, 0x00, 0x00, 0x00, 0x00, 0x00, 0x00, 0x00, 0x00, 0x00, 0x00, 0x00, 0x00, 0x00, 0x00,
    0x00, 0x00, 0x00, 0x00, 0x00, 0x00, 0x00, 0x00, 0x00, 0x00, 0x00, 0x00, 0x00, 0x00, 0x00, 0x00, 0x00, 0x00, 0x00, 0x00,
    0x00, 0x00, 0x00, 0x00, 0x00, 0x00, 0x00, 0x00, 0x00, 0x00, 0x00, 0x00, 0x00, 0x00, 0x00, 0x00, 0x00, 0x00, 0x00, 0x00,
    0x00, 0x00, 0x00, 0x00, 0x00, 0x00, 0x00, 0x00, 0x00, 0x00, 0x00, 0x00, 0x00, 0x00, 0x00, 0x00, 0x00, 0x00, 0x00, 0x00,
    0x00, 0x00, 0x00, 0x00, 0x00, 0x00, 0x00, 0x00, 0x00, 0x00, 0x00, 0x00, 0x00, 0x00, 0x00, 0x00, 0x00, 0x00, 0x00, 0x00,
    0x00, 0x00, 0x00, 0x00, 0x00, 0x00, 0x00, 0x00, 0x00, 0x00, 0x00, 0x00, 0x00, 0x00, 0x00, 0x00, 0x00, 0x00, 0x00, 0x00,
    0x00, 0x00, 0x00, 0x00, 0x00, 0x00, 0x00, 0x00, 0x00, 0x00, 0x00, 0x00, 0x00, 0x00, 0x00, 0x00, 0x00, 0x00, 0x00, 0x00,
    0x00, 0x00, 0x00, 0x00, 0x00, 0x00, 0x00, 0x00, 0x00, 0x00, 0x00, 0x00, 0x00, 0x00, 0x00, 0x00, 0x00, 0x00, 0x00, 0x00,
    0x00, 0x00, 0x00, 0x00, 0x00, 0x00, 0x00, 0x00, 0x00, 0x00, 0x00, 0x00, 0x00, 0x00, 0x00, 0x00, 0x00, 0x00, 0x00, 0x00,
    0x00, 0x00, 0x00, 0x00, 0x00, 0x00, 0x00, 0x00, 0x00, 0x00, 0x00, 0x00, 0x00, 0x00, 0x00, 0x00, 0x00, 0x00, 0x00, 0x00,
    0x00, 0x00, 0x00, 0x00, 0x00, 0x00, 0x00, 0x00, 0x00, 0x00, 0x00, 0x00, 0x00, 0x00, 0x00, 0x00, 0x00, 0x00, 0x00, 0x00,
    0x00, 0x00, 0x00, 0x00, 0x00, 0x00, 0x00, 0x00, 0x00, 0x00, 0x00, 0x00, 0x00, 0x00, 0x00, 0x00, 0x00, 0x00, 0x00, 0x00,
    0x00, 0x00, 0x00, 0x00, 0x00, 0x00, 0x00, 0x00, 0x00, 0x00, 0x00, 0x00, 0x00, 0x00, 0x00, 0x00, 0x00, 0x00, 0x00, 0x00,
    0x00, 0x00, 0x00, 0x00, 0x00, 0x00, 0x00, 0x00, 0x00, 0x00, 0x00, 0x00, 0x00, 0x00, 0x00, 0x00, 0x00, 0x00, 0x00, 0x00,
    0x00, 0x00, 0x00, 0x00, 0x00, 0x00, 0x00, 0x00, 0x00, 0x00, 0x00, 0x00, 0x00, 0x00, 0x00, 0x00, 0x00, 0x00, 0x00, 0x00,
    0x00, 0x00, 0x00, 0x00, 0x00, 0x00, 0x00, 0x00, 0x00, 0x00, 0x00, 0x00, 0x00, 0x00, 0x00, 0x00, 0x00, 0x00, 0x00, 0x00,
    0x00, 0x00, 0x00, 0x00, 0x00, 0x00, 0x00, 0x00, 0x00, 0x00, 0x00, 0x00, 0x00, 0x00, 0x00, 0x00, 0x00, 0x00, 0x00, 0x00,
    0x00, 0x00, 0x00, 0x00, 0x00, 0x00, 0x00, 0x00, 0x00, 0x00, 0x00, 0x00, 0x00, 0x00, 0x00, 0x00, 0x00, 0x00, 0x00, 0x00,
    0x00, 0x00, 0x00, 0x00, 0x00, 0x00, 0x00, 0x00, 0x00, 0x00, 0x00, 0x00, 0x00, 0x00, 0x00, 0x00, 0x00, 0x00, 0x00, 0x00,
    0x00, 0x00, 0x00, 0x00, 0x00, 0x00, 0x00, 0x00, 0x00, 0x00, 0x00, 0x00, 0x00, 0x00, 0x00, 0x00, 0x00, 0x00, 0x00, 0x00,
    0x00, 0x00, 0x00, 0x00, 0x00, 0x00, 0x00, 0x00, 0x00, 0x00, 0x00, 0x00, 0x00, 0x00, 0x00, 0x00, 0x00, 0x00, 0x00, 0x00,
    0x00, 0x00, 0x00, 0x00, 0x00, 0x00, 0x00, 0x00, 0x00, 0x00, 0x00, 0x00, 0x00, 0x00, 0x00, 0x00, 0x00, 0x00, 0x00, 0x00,
    0x00, 0x00, 0x00, 0x00, 0x00, 0x00, 0x00, 0x00, 0x00, 0x00, 0x00, 0x00, 0x00, 0x00, 0x00, 0x00, 0x00, 0x00, 0x00, 0x00,
    0x00, 0x00, 0x00, 0x00, 0x00, 0x00, 0x00, 0x00, 0x00, 0x00, 0x00, 0x00, 0x00, 0x00, 0x00, 0x00, 0x00, 0x00, 0x00, 0x00,
    0x00, 0x00, 0x00, 0x00, 0x00, 0x00, 0x00, 0x00, 0x00, 0x00, 0x00, 0x00, 0x00, 0x00, 0x00, 0x00, 0x00, 0x00, 0x00, 0x00,
    0x00, 0x00, 0x00, 0x00, 0x00, 0x00, 0x00, 0x00, 0x00, 0x00, 0x00, 0x00, 0x00, 0x00, 0x00, 0x00, 0x00, 0x00, 0x00, 0x00,
    0x00, 0x00, 0x00, 0x00, 0x00, 0x00, 0x00, 0x00, 0x00, 0x00, 0x00, 0x00, 0x00, 0x00, 0x00, 0x00, 0x00, 0x00, 0x00, 0x00,
    0x00, 0x00, 0x00, 0x00, 0x00, 0x00, 0x00, 0x00, 0x00, 0x00, 0x00, 0x00, 0x00, 0x00, 0x00, 0x00, 0x00, 0x00, 0x00, 0x00,
    0x00, 0x00, 0x00, 0x00, 0x00, 0x00, 0x00, 0x00, 0x00, 0x00, 0x00, 0x00, 0x00, 0x00, 0x00, 0x00, 0x00, 0x00, 0x00, 0x00,
    0x00, 0x00, 0x00, 0x00, 0x00, 0x00, 0x00, 0x00, 0x00, 0x00, 0x00, 0x00, 0x00, 0x00, 0x00, 0x00, 0x00, 0x00, 0x00, 0x00,
    0x00, 0x00, 0x00, 0x00, 0x00, 0x00, 0x00, 0x00, 0x00, 0x00, 0x00, 0x00, 0x00, 0x00, 0x00, 0x00, 0x00, 0x00, 0x00, 0x00,
    0x00, 0x00, 0x00, 0x00, 0x00, 0x00, 0x00, 0x00, 0x00, 0x00, 0x00, 0x00, 0x00, 0x00, 0x00, 0x00, 0x00, 0x00, 0x00, 0x00,
    0x00, 0x00, 0x00, 0x00, 0x00, 0x00, 0x00, 0x00, 0x00, 0x00, 0x00, 0x00, 0x00, 0x00, 0x00, 0x00, 0x00, 0x00, 0x00, 0x00,
    0x00, 0x00, 0x00, 0x00, 0x00, 0x00, 0x00, 0x00, 0x00, 0x00, 0x00, 0x00, 0x00, 0x00, 0x00, 0x00, 0x00, 0x00, 0x00, 0x00,
    0x00, 0x00, 0x00, 0x00, 0x00, 0x00, 0x00, 0x00, 0x00, 0x00, 0x00, 0x00, 0x00, 0x00, 0x00, 0x00, 0x00, 0x00, 0x00, 0x00,
    0x00, 0x00, 0x00, 0x00, 0x00, 0x00, 0x00, 0x00, 0x00, 0x00, 0x00, 0x00, 0x00, 0x00, 0x00, 0x00, 0x00, 0x00, 0x00, 0x00,
    0x00, 0x00, 0x00, 0x00, 0x00, 0x00, 0x00, 0x00, 0x00, 0x00, 0x00, 0x00, 0x00, 0x00, 0x00, 0x00, 0x00, 0x00, 0x00, 0x00,
    0x00, 0x00, 0x00, 0x00, 0x00, 0x00, 0x00, 0x00, 0x00, 0x00, 0x00, 0x00, 0x00, 0x00, 0x00, 0x00, 0x00, 0x00, 0x00, 0x00,
    0x00, 0x00, 0x00, 0x00, 0x00, 0x00, 0x00, 0x00, 0x00, 0x00, 0x00, 0x00, 0x00, 0x00, 0x00, 0x00, 0x00, 0x00, 0x00, 0x00,
    0x00, 0x00, 0x00, 0x00, 0x00, 0x00, 0x00, 0x00, 0x00, 0x00, 0x00, 0x00, 0x00, 0x00, 0x00, 0x00, 0x00, 0x00, 0x00, 0x00,
    0x00, 0x00, 0x00, 0x00, 0x00, 0x00, 0x00, 0x00, 0x00, 0x00, 0x00, 0x00, 0x00, 0x00, 0x00, 0x00, 0x00, 0x00, 0x00, 0x00,
    0x00, 0x00, 0x00, 0x00, 0x00, 0x00, 0x00, 0x00, 0x00, 0x00, 0x00, 0x00, 0x00, 0x00, 0x00, 0x00, 0x00, 0x00, 0x00, 0x00,
    0x00, 0x00, 0x00, 0x00, 0x00, 0x00, 0x00, 0x00, 0x00, 0x00, 0x00, 0x00, 0x00, 0x00, 0x00, 0x00, 0x00, 0x00, 0x00, 0x00,
    0x00, 0x00, 0x00, 0x00, 0x00, 0x00, 0x00, 0x00, 0x00, 0x00, 0x00, 0x00, 0x00, 0x00, 0x00, 0x00, 0x00, 0x00, 0x00, 0x00,
    0x00, 0x00, 0x00, 0x00, 0x00, 0x00, 0x00, 0x00, 0x00, 0x00, 0x00, 0x00, 0x00, 0x00, 0x00, 0x00, 0x00, 0x00, 0x00, 0x00,
    0x00, 0x00, 0x00, 0x00, 0x00, 0x00, 0x00, 0x00, 0x00, 0x00, 0x00, 0x00, 0x00, 0x00, 0x00, 0x00, 0x00, 0x00, 0x00, 0x00,
    0x00, 0x00, 0x00, 0x00, 0x00, 0x00, 0x00, 0x00, 0x00, 0x00, 0x00, 0x00, 0x00, 0x00, 0x00, 0x00, 0x00, 0x00, 0x00, 0x00,
    0x00, 0x00, 0x00, 0x00, 0x00, 0x00, 0x00, 0x00, 0x00, 0x00, 0x00, 0x00, 0x00, 0x00, 0x00, 0x00, 0x00, 0x00, 0x00, 0x00,
    0x00, 0x00, 0x00, 0x00, 0x00, 0x00, 0x00, 0x00, 0x00, 0x00, 0x00, 0x00, 0x00, 0x00, 0x00, 0x00, 0x00, 0x00, 0x00, 0x00,
    0x00, 0x00, 0x00, 0x00, 0x00, 0x00, 0x00, 0x00, 0x00, 0x00, 0x00, 0x00, 0x00, 0x00, 0x00, 0x00, 0x00, 0x00, 0x00, 0x00,
    0x00, 0x00, 0x00, 0x00, 0x00, 0x00, 0x00, 0x00, 0x00, 0x00, 0x00, 0x00, 0x00, 0x00, 0x00, 0x00, 0x00, 0x00, 0x00, 0x00,
    0x00, 0x00, 0x00, 0x00, 0x00, 0x00, 0x00, 0x00, 0x00, 0x00, 0x00, 0x00, 0x00, 0x00, 0x00, 0x00, 0x00, 0x00, 0x00, 0x00,
    0x00, 0x00, 0x00, 0x00, 0x00, 0x00, 0x00, 0x00, 0x00, 0x00, 0x00, 0x00, 0x00, 0x00, 0x00, 0x00, 0x00, 0x00, 0x00, 0x00,
    0x00, 0x00, 0x00, 0x00, 0x00, 0x00, 0x00, 0x00, 0x00, 0x00, 0x00, 0x00, 0x00, 0x00, 0x00, 0x00, 0x00, 0x00, 0x00, 0x00,
    0x00, 0x00, 0x00, 0x00, 0x00, 0x00, 0x00, 0x00, 0x00, 0x00, 0x00, 0x00, 0x00, 0x00, 0x00, 0x00, 0x00, 0x00, 0x00, 0x00,
    0x00, 0x00, 0x00, 0x00, 0x00, 0x00, 0x00, 0x00, 0x00, 0x00, 0x00, 0x00, 0x00, 0x00, 0x00, 0x00, 0x00, 0x00, 0x00, 0x00,
    0x00, 0x00, 0x00, 0x00, 0x00, 0x00, 0x00, 0x00, 0x00, 0x00, 0x00, 0x00, 0x00, 0x00, 0x00, 0x00, 0x00, 0x00, 0x00, 0x00,
    0x00, 0x00, 0x00, 0x00, 0x00, 0x00, 0x00, 0x00, 0x00, 0x00, 0x00, 0x00, 0x00, 0x00, 0x00, 0x00, 0x00, 0x00, 0x00, 0x00,
    0x00, 0x00, 0x00, 0x00, 0x00, 0x00, 0x00, 0x00, 0x00, 0x00, 0x00, 0x00, 0x00, 0x00, 0x00, 0x00, 0x00, 0x00, 0x00, 0x00,
    0x00, 0x00, 0x00, 0x00, 0x00, 0x00, 0x00, 0x00, 0x00, 0x00, 0x00, 0x00, 0x00, 0x00, 0x00, 0x00, 0x00, 0x00, 0x00, 0x00,
    0x00, 0x00, 0x00, 0x00, 0x00, 0x00, 0x00, 0x00, 0x00, 0x00, 0x00, 0x00, 0x00, 0x00, 0x00, 0x00, 0x00, 0x00, 0x00, 0x00,
    0x00, 0x00, 0x00, 0x00, 0x00, 0x00, 0x00, 0x00, 0x00, 0x00, 0x00, 0x00, 0x00, 0x00, 0x00, 0x00, 0x00, 0x00, 0x00, 0x00,
    0x00, 0x00, 0x00, 0x00, 0x00, 0x00, 0x00, 0x00, 0x00, 0x00, 0x00, 0x00, 0x00, 0x00, 0x00, 0x00, 0x00, 0x00, 0x00, 0x00,
    0x00, 0x00, 0x00, 0x00, 0x00, 0x00, 0x00, 0x00, 0x00, 0x00, 0x00, 0x00, 0x00, 0x00, 0x00, 0x00, 0x00, 0x00, 0x00, 0x00,
    0x00, 0x00, 0x00, 0x00, 0x00, 0x00, 0x00, 0x00, 0x00, 0x00, 0x00, 0x00, 0x00, 0x00, 0x00, 0x00, 0x00, 0x00, 0x00, 0x00,
    0x00, 0x00, 0x00, 0x00, 0x00, 0x00, 0x00, 0x00, 0x00, 0x00, 0x00, 0x00, 0x00, 0x00, 0x00, 0x00, 0x00, 0x00, 0x00, 0x00,
    0x00, 0x00, 0x00, 0x00, 0x00, 0x00, 0x00, 0x00, 0x00, 0x00, 0x00, 0x00, 0x00, 0x00, 0x00, 0x00, 0x00, 0x00, 0x00, 0x00,
    0x00, 0x00, 0x00, 0x00, 0x00, 0x00, 0x00, 0x00, 0x00, 0x00, 0x00, 0x00, 0x00, 0x00, 0x00, 0x00, 0x00, 0x00, 0x00, 0x00,
    0x00, 0x00, 0x00, 0x00, 0x00, 0x00, 0x00, 0x00, 0x00, 0x00, 0x00, 0x00, 0x00, 0x00, 0x00, 0x00, 0x00, 0x00, 0x00, 0x00,
    0x00, 0x00, 0x00, 0x00, 0x00, 0x00, 0x00, 0x00, 0x00, 0x00, 0x00, 0x00, 0x00, 0x00, 0x00, 0x00, 0x00, 0x00, 0x00, 0x00,
    0x00, 0x00, 0x00, 0x00, 0x00, 0x00, 0x00, 0x00, 0x00, 0x00, 0x00, 0x00, 0x00, 0x00, 0x00, 0x00, 0x00, 0x00, 0x00, 0x00,
    0x00, 0x00, 0x00, 0x00, 0x00, 0x00, 0x00, 0x00, 0x00, 0x00, 0x00, 0x00, 0x00, 0x00, 0x00, 0x00, 0x00, 0x00, 0x00, 0x00,
    0x00, 0x00, 0x00, 0x00, 0x00, 0x00, 0x00, 0x00, 0x00, 0x00, 0x00, 0x00, 0x00, 0x00, 0x00, 0x00, 0x00, 0x00, 0x00, 0x00,
    0x00, 0x00, 0x00, 0x00, 0x00, 0x00, 0x00, 0x00, 0x00, 0x00, 0x00, 0x00, 0x00, 0x00, 0x00, 0x00, 0x00, 0x00, 0x00, 0x00,
    0x00, 0x00, 0x00, 0x00, 0x00, 0x00, 0x00, 0x00, 0x00, 0x00, 0x00, 0x00, 0x00, 0x00, 0x00, 0x00, 0x00, 0x00, 0x00, 0x00,
    0x00, 0x00, 0x00, 0x00, 0x00, 0x00, 0x00, 0x00, 0x00, 0x00, 0x00, 0x00, 0x00, 0x00, 0x00, 0x00, 0x00, 0x00, 0x00, 0x00,
    0x00, 0x00, 0x00, 0x00, 0x00, 0x00, 0x00, 0x00, 0x00, 0x00, 0x00, 0x00, 0x00, 0x00, 0x00, 0x00, 0x00, 0x00, 0x00, 0x00,
    0x00, 0x00, 0x00, 0x00, 0x00, 0x00, 0x00, 0x00, 0x00, 0x00, 0x00, 0x00, 0x00, 0x00, 0x00, 0x00, 0x00, 0x00, 0x00, 0x00,
    0x00, 0x00, 0x00, 0x00, 0x00, 0x00, 0x00, 0x00, 0x00, 0x00, 0x00, 0x00, 0x00, 0x00, 0x00, 0x00, 0x00, 0x00, 0x00, 0x00,
    0x00, 0x00, 0x00, 0x00, 0x00, 0x00, 0x00, 0x00, 0x00, 0x00, 0x00, 0x00, 0x00, 0x00, 0x00, 0x00, 0x00, 0x00, 0x00, 0x00,
    0x00, 0x00, 0x00, 0x00, 0x00, 0x00, 0x00, 0x00, 0x00, 0x00, 0x00, 0x00, 0x00, 0x00, 0x00, 0x00, 0x00, 0x00, 0x00, 0x00,
    0x00, 0x00, 0x00, 0x00, 0x00, 0x00, 0x00, 0x00, 0x00, 0x00, 0x00, 0x00, 0x00, 0x00, 0x00, 0x00, 0x00, 0x00, 0x00, 0x00,
    0x00, 0x00, 0x00, 0x00, 0x00, 0x00, 0x00, 0x00, 0x00, 0x00, 0x00, 0x00, 0x00, 0x00, 0x00, 0x00, 0x00, 0x00, 0x00, 0x00,
    0x00, 0x00, 0x00, 0x00, 0x00, 0x00, 0x00, 0x00, 0x00, 0x00, 0x00, 0x00, 0x00, 0x00, 0x00, 0x00, 0x00, 0x00, 0x00, 0x00,
    0x00, 0x00, 0x00, 0x00, 0x00, 0x00, 0x00, 0x00, 0x00, 0x00, 0x00, 0x00, 0x00, 0x00, 0x00, 0x00, 0x00, 0x00, 0x00, 0x00,
    0x00, 0x00, 0x00, 0x00, 0x00, 0x00, 0x00, 0x00, 0x00, 0x00, 0x00, 0x00, 0x00, 0x00, 0x00, 0x00, 0x00, 0x00, 0x00, 0x00,
    0x00, 0x00, 0x00, 0x00, 0x00, 0x00, 0x00, 0x00, 0x00, 0x00, 0x00, 0x00, 0x00, 0x00, 0x00, 0x00, 0x00, 0x00, 0x00, 0x00,
    0x00, 0x00, 0x00, 0x00, 0x00, 0x00, 0x00, 0x00, 0x00, 0x00, 0x00, 0x00, 0x00, 0x00, 0x00, 0x00, 0x00, 0x00, 0x00, 0x00,
    0x00, 0x00, 0x00, 0x00, 0x00, 0x00, 0x00, 0x00, 0x00, 0x00, 0x00, 0x00, 0x00, 0x00, 0x00, 0x00, 0x00, 0x00, 0x00, 0x00,
    0x00, 0x00, 0x00, 0x00, 0x00, 0x00, 0x00, 0x00, 0x00, 0x00, 0x00, 0x00, 0x00, 0x00, 0x00, 0x00, 0x00, 0x00, 0x00, 0x00,
    0x00, 0x00, 0x00, 0x00, 0x00, 0x00, 0x00, 0x00, 0x00, 0x00, 0x00, 0x00, 0x00, 0x00, 0x00, 0x00, 0x00, 0x00, 0x00, 0x00,
    0x00, 0x00, 0x00, 0x00, 0x00, 0x00, 0x00, 0x00, 0x00, 0x00, 0x00, 0x00, 0x00, 0x00, 0x00, 0x00, 0x00, 0x00, 0x00, 0x00,
    0x00, 0x00, 0x00, 0x00, 0x00, 0x00, 0x00, 0x00, 0x00, 0x00, 0x00, 0x00, 0x00, 0x00, 0x00, 0x00, 0x00, 0x00, 0x00, 0x00,
    0x00, 0x00, 0x00, 0x00, 0x00, 0x00, 0x00, 0x00, 0x00, 0x00, 0x00, 0x00, 0x00, 0x00, 0x00, 0x00, 0x00, 0x00, 0x00, 0x00,
    0x00, 0x00, 0x00, 0x00, 0x00, 0x00, 0x00, 0x00, 0x00, 0x00, 0x00, 0x00, 0x00, 0x00, 0x00, 0x00, 0x00, 0x00, 0x00, 0x00,
    0x00, 0x00, 0x00, 0x00, 0x00, 0x00, 0x00, 0x00, 0x00, 0x00, 0x00, 0x00, 0x00, 0x00, 0x00, 0x00, 0x00, 0x00, 0x00, 0x00,
    0x00, 0x00, 0x00, 0x00, 0x00, 0x00, 0x00, 0x00, 0x00, 0x00, 0x00, 0x00, 0x00, 0x00, 0x00, 0x00, 0x00, 0x00, 0x00, 0x00,
    0x00, 0x00, 0x00, 0x00, 0x00, 0x00, 0x00, 0x00, 0x00, 0x00, 0x00, 0x00, 0x00, 0x00, 0x00, 0x00, 0x00, 0x00, 0x00, 0x00,
    0x00, 0x00, 0x00, 0x00, 0x00, 0x00, 0x00, 0x00, 0x00, 0x00, 0x00, 0x00, 0x00, 0x00, 0x00, 0x00, 0x00, 0x00, 0x00, 0x00,
    0x00, 0x00, 0x00, 0x00, 0x00, 0x00, 0x00, 0x00, 0x00, 0x00, 0x00, 0x00, 0x00, 0x00, 0x00, 0x00, 0x00, 0x00, 0x00, 0x00,
    0x00, 0x00, 0x00, 0x00, 0x00, 0x00, 0x00, 0x00, 0x00, 0x00, 0x00, 0x00, 0x00, 0x00, 0x00, 0x00, 0x00, 0x00, 0x00, 0x00,
    0x00, 0x00, 0x00, 0x00, 0x00, 0x00, 0x00, 0x00, 0x00, 0x00, 0x00, 0x00, 0x00, 0x00, 0x00, 0x00, 0x00, 0x00, 0x00, 0x00,
    0x00, 0x00, 0x00, 0x00, 0x00, 0x00, 0x00, 0x00, 0x00, 0x00, 0x00, 0x00, 0x00, 0x00, 0x00, 0x00, 0x00, 0x00, 0x00, 0x00,
    0x00, 0x00, 0x00, 0x00, 0x00, 0x00, 0x00, 0x00, 0x00, 0x00, 0x00, 0x00, 0x00, 0x00, 0x00, 0x00, 0x00, 0x00, 0x00, 0x00,
    0x00, 0x00, 0x00, 0x00, 0x00, 0x00, 0x00, 0x00, 0x00, 0x00, 0x00, 0x00, 0x00, 0x00, 0x00, 0x00, 0x00, 0x00, 0x00, 0x00,
    0x00, 0x00, 0x00, 0x00, 0x00, 0x00, 0x00, 0x00, 0x00, 0x00, 0x00, 0x00, 0x00, 0x00, 0x00, 0x00, 0x00, 0x00, 0x00, 0x00,
    0x00, 0x00, 0x00, 0x00, 0x00, 0x00, 0x00, 0x00, 0x00, 0x00, 0x00, 0x00, 0x00, 0x00, 0x00, 0x00, 0x00, 0x00, 0x00, 0x00,
    0x00, 0x00, 0x00, 0x00, 0x00, 0x00, 0x00, 0x00, 0x00, 0x00, 0x00, 0x00, 0x00, 0x00, 0x00, 0x00, 0x00, 0x00, 0x00, 0x00,
    0x00, 0x00, 0x00, 0x00, 0x00, 0x00, 0x00, 0x00, 0x00, 0x00, 0x00, 0x00, 0x00, 0x00, 0x00, 0x00, 0x00, 0x00, 0x00, 0x00,
    0x00, 0x00, 0x00, 0x00, 0x00, 0x00, 0x00, 0x00, 0x00, 0x00, 0x00, 0x00, 0x00, 0x00, 0x00, 0x00, 0x00, 0x00, 0x00, 0x00,
    0x00, 0x00, 0x00, 0x00, 0x00, 0x00, 0x00, 0x00, 0x00, 0x00, 0x00, 0x00, 0x00, 0x00, 0x00, 0x00, 0x00, 0x00, 0x00, 0x00,
    0x00, 0x00, 0x00, 0x00, 0x00, 0x00, 0x00, 0x00, 0x00, 0x00, 0x00, 0x00, 0x00, 0x00, 0x00, 0x00, 0x00, 0x00, 0x00, 0x00,
    0x00, 0x00, 0x00, 0x00, 0x00, 0x00, 0x00, 0x00, 0x00, 0x00, 0x00, 0x00, 0x00, 0x00, 0x00, 0x00, 0x00, 0x00, 0x00, 0x00,
    0x00, 0x00, 0x00, 0x00, 0x00, 0x00, 0x00, 0x00, 0x00, 0x00, 0x00, 0x00, 0x00, 0x00, 0x00, 0x00, 0x00, 0x00, 0x00, 0x00,
    0x00, 0x00, 0x00, 0x00, 0x00, 0x00, 0x00, 0x00, 0x00, 0x00, 0x00, 0x00, 0x00, 0x00, 0x00, 0x00, 0x00, 0x00, 0x00, 0x00,
    0x00, 0x00, 0x00, 0x00, 0x00, 0x00, 0x00, 0x00, 0x00, 0x00, 0x00, 0x00, 0x00, 0x00, 0x00, 0x00, 0x00, 0x00, 0x00, 0x00,
    0x00, 0x00, 0x00, 0x00, 0x00, 0x00, 0x00, 0x00, 0x00, 0x00, 0x00, 0x00, 0x00, 0x00, 0x00, 0x00, 0x00, 0x00, 0x00, 0x00,
    0x00, 0x00, 0x00, 0x00, 0x00, 0x00, 0x00, 0x00, 0x00, 0x00, 0x00, 0x00, 0x00, 0x00, 0x00, 0x00, 0x00, 0x00, 0x00, 0x00,
    0x00, 0x00, 0x00, 0x00, 0x00, 0x00, 0x00, 0x00, 0x00, 0x00, 0x00, 0x00, 0x00, 0x00, 0x00, 0x00, 0x00, 0x00, 0x00, 0x00,
    0x00, 0x00, 0x00, 0x00, 0x00, 0x00, 0x00, 0x00, 0x00, 0x00, 0x00, 0x00, 0x00, 0x00, 0x00, 0x00, 0x00, 0x00, 0x00, 0x00,
    0x00, 0x00, 0x00, 0x00, 0x00, 0x00, 0x00, 0x00, 0x00, 0x00, 0x00, 0x00, 0x00, 0x00, 0x00, 0x00, 0x00, 0x00, 0x00, 0x00,
    0x00, 0x00, 0x00, 0x00, 0x00, 0x00, 0x00, 0x00, 0x00, 0x00, 0x00, 0x00, 0x00, 0x00, 0x00, 0x00, 0x00, 0x00, 0x00, 0x00,
    0x00, 0x00, 0x00, 0x00, 0x00, 0x00, 0x00, 0x00, 0x00, 0x00, 0x00, 0x00, 0x00, 0x00, 0x00, 0x00, 0x00, 0x00, 0x00, 0x00,
    0x00, 0x00, 0x00, 0x00, 0x00, 0x00, 0x00, 0x00, 0x00, 0x00, 0x00, 0x00, 0x00, 0x00, 0x00, 0x00, 0x00, 0x00, 0x00, 0x00,
    0x00, 0x00, 0x00, 0x00, 0x00, 0x00, 0x00, 0x00, 0x00, 0x00, 0x00, 0x00, 0x00, 0x00, 0x00, 0x00, 0x00, 0x00, 0x00, 0x00,
    0x00, 0x00, 0x00, 0x00, 0x00, 0x00, 0x00, 0x00, 0x00, 0x00, 0x00, 0x00, 0x00, 0x00, 0x00, 0x00, 0x00, 0x00, 0x00, 0x00,
    0x00, 0x00, 0x00, 0x00, 0x00, 0x00, 0x00, 0x00, 0x00, 0x00, 0x00, 0x00, 0x00, 0x00, 0x00, 0x00, 0x00, 0x00, 0x00, 0x00,
    0x00, 0x00, 0x00, 0x00, 0x00, 0x00, 0x00, 0x00, 0x00, 0x00, 0x00, 0x00, 0x00, 0x00, 0x00, 0x00, 0x00, 0x00, 0x00, 0x00,
    0x00, 0x00, 0x00, 0x00, 0x00, 0x00, 0x00, 0x00, 0x00, 0x00, 0x00, 0x00, 0x00, 0x00, 0x00, 0x00, 0x00, 0x00, 0x00, 0x00,
    0x00, 0x00, 0x00, 0x00, 0x00, 0x00, 0x00, 0x00, 0x00, 0x00, 0x00, 0x00, 0x00, 0x00, 0x00, 0x00, 0x00, 0x00, 0x00, 0x00,
    0x00, 0x00, 0x00, 0x00, 0x00, 0x00, 0x00, 0x00, 0x00, 0x00, 0x00, 0x00, 0x00, 0x00, 0x00, 0x00, 0x00, 0x00, 0x00, 0x00,
    0x00, 0x00, 0x00, 0x00, 0x00, 0x00, 0x00, 0x00, 0x00, 0x00, 0x00, 0x00, 0x00, 0x00, 0x00, 0x00, 0x00, 0x00, 0x00, 0x00,
    0x00, 0x00, 0x00, 0x00, 0x00, 0x00, 0x00, 0x00, 0x00, 0x00, 0x00, 0x00, 0x00, 0x00, 0x00, 0x00, 0x00, 0x00, 0x00, 0x00,
    0x00, 0x00, 0x00, 0x00, 0x00, 0x00, 0x00, 0x00, 0x00, 0x00, 0x00, 0x00, 0x00, 0x00, 0x00, 0x00, 0x00, 0x00, 0x00, 0x00,
    0x00, 0x00, 0x00, 0x00, 0x00, 0x00, 0x00, 0x00, 0x00, 0x00, 0x00, 0x00, 0x00, 0x00, 0x00, 0x00, 0x00, 0x00, 0x00, 0x00,
    0x00, 0x00, 0x00, 0x00, 0x00, 0x00, 0x00, 0x00, 0x00, 0x00, 0x00, 0x00, 0x00, 0x00, 0x00, 0x00, 0x00, 0x00, 0x00, 0x00,
    0x00, 0x00, 0x00, 0x00, 0x00, 0x00, 0x00, 0x00, 0x00, 0x00, 0x00, 0x00, 0x00, 0x00, 0x00, 0x00, 0x00, 0x00, 0x00, 0x00,
    0x00, 0x00, 0x00, 0x00, 0x00, 0x00, 0x00, 0x00, 0x00, 0x00, 0x00, 0x00, 0x00, 0x00, 0x00, 0x00, 0x00, 0x00, 0x00, 0x00,
    0x00, 0x00, 0x00, 0x00, 0x00, 0x00, 0x00, 0x00, 0x00, 0x00, 0x00, 0x00, 0x00, 0x00, 0x00, 0x00, 0x00, 0x00, 0x00, 0x00,
    0x00, 0x00, 0x00, 0x00, 0x00, 0x00, 0x00, 0x00, 0x00, 0x00, 0x00, 0x00, 0x00, 0x00, 0x00, 0x00, 0x00, 0x00, 0x00, 0x00,
    0x00, 0x00, 0x00, 0x00, 0x00, 0x00, 0x00, 0x00, 0x00, 0x00, 0x00, 0x00, 0x00, 0x00, 0x00, 0x00, 0x00, 0x00, 0x00, 0x00,
    0x00, 0x00, 0x00, 0x00, 0x00, 0x00, 0x00, 0x00, 0x00, 0x00, 0x00, 0x00, 0x00, 0x00, 0x00, 0x00, 0x00, 0x00, 0x00, 0x00,
    0x00, 0x00, 0x00, 0x00, 0x00, 0x00, 0x00, 0x00, 0x00, 0x00, 0x00, 0x00, 0x00, 0x00, 0x00, 0x00, 0x00, 0x00, 0x00, 0x00,
    0x00, 0x00, 0x00, 0x00, 0x00, 0x00, 0x00, 0x00, 0x00, 0x00, 0x00, 0x00, 0x00, 0x00, 0x00, 0x00, 0x00, 0x00, 0x00, 0x00,
    0x00, 0x00, 0x00, 0x00, 0x00, 0x00, 0x00, 0x00, 0x00, 0x00, 0x00, 0x00, 0x00, 0x00, 0x00, 0x00, 0x00, 0x00, 0x00, 0x00,
    0x00, 0x00, 0x00, 0x00, 0x00, 0x00, 0x00, 0x00, 0x00, 0x00, 0x00, 0x00, 0x00, 0x00, 0x00, 0x00, 0x00, 0x00, 0x00, 0x00,
    0x00, 0x00, 0x00, 0x00, 0x00, 0x00, 0x00, 0x00, 0x00, 0x00, 0x00, 0x00, 0x00, 0x00, 0x00, 0x00, 0x00, 0x00, 0x00, 0x00,
    0x00, 0x00, 0x00, 0x00, 0x00, 0x00, 0x00, 0x00, 0x00, 0x00, 0x00, 0x00, 0x00, 0x00, 0x00, 0x00, 0x00, 0x00, 0x00, 0x00,
    0x00, 0x00, 0x00, 0x00, 0x00, 0x00, 0x00, 0x00, 0x00, 0x00, 0x00, 0x00, 0x00, 0x00, 0x00, 0x00, 0x00, 0x00, 0x00, 0x00,
    0x00, 0x00, 0x00, 0x00, 0x00, 0x00, 0x00, 0x00, 0x00, 0x00, 0x00, 0x00, 0x00, 0x00, 0x00, 0x00, 0x00, 0x00, 0x00, 0x00,
    0x00, 0x00, 0x00, 0x00, 0x00, 0x00, 0x00, 0x00, 0x00, 0x00, 0x00, 0x00, 0x00, 0x00, 0x00, 0x00, 0x00, 0x00, 0x00, 0x00,
    0x00, 0x00, 0x00, 0x00, 0x00, 0x00, 0x00, 0x00, 0x00, 0x00, 0x00, 0x00, 0x00, 0x00, 0x00, 0x00, 0x00, 0x00, 0x00, 0x00,
    0x00, 0x00, 0x00, 0x00, 0x00, 0x00, 0x00, 0x00, 0x00, 0x00, 0x00, 0x00, 0x00, 0x00, 0x00, 0x00, 0x00, 0x00, 0x00, 0x00,
    0x00, 0x00, 0x00, 0x00, 0x00, 0x00, 0x00, 0x00, 0x00, 0x00, 0x00, 0x00, 0x00, 0x00, 0x00, 0x00, 0x00, 0x00, 0x00, 0x00,
    0x00, 0x00, 0x00, 0x00, 0x00, 0x00, 0x00, 0x00, 0x00, 0x00, 0x00, 0x00, 0x00, 0x00, 0x00, 0x00, 0x00, 0x00, 0x00, 0x00,
    0x00, 0x00, 0x00, 0x00, 0x00, 0x00, 0x00, 0x00, 0x00, 0x00, 0x00, 0x00, 0x00, 0x00, 0x00, 0x00, 0x00, 0x00, 0x00, 0x00,
    0x00, 0x00, 0x00, 0x00, 0x00, 0x00, 0x00, 0x00, 0x00, 0x00, 0x00, 0x00, 0x00, 0x00, 0x00, 0x00, 0x00, 0x00, 0x00, 0x00,
    0x00, 0x00, 0x00, 0x00, 0x00, 0x00, 0x00, 0x00, 0x00, 0x00, 0x00, 0x00, 0x00, 0x00, 0x00, 0x00, 0x00, 0x00, 0x00, 0x00,
    0x00, 0x00, 0x00, 0x00, 0x00, 0x00, 0x00, 0x00, 0x00, 0x00, 0x00, 0x00, 0x00, 0x00, 0x00, 0x00, 0x00, 0x00, 0x00, 0x00,
    0x00, 0x00, 0x00, 0x00, 0x00, 0x00, 0x00, 0x00, 0x00, 0x00, 0x00, 0x00, 0x00, 0x00, 0x00, 0x00, 0x00, 0x00, 0x00, 0x00,
    0x00, 0x00, 0x00, 0x00, 0x00, 0x00, 0x00, 0x00, 0x00, 0x00, 0x00, 0x00, 0x00, 0x00, 0x00, 0x00, 0x00, 0x00, 0x00, 0x00,
    0x00, 0x00, 0x00, 0x00, 0x00, 0x00, 0x00, 0x00, 0x00, 0x00, 0x00, 0x00, 0x00, 0x00, 0x00, 0x00, 0x00, 0x00, 0x00, 0x00,
    0x00, 0x00, 0x00, 0x00, 0x00, 0x00, 0x00, 0x00, 0x00, 0x00, 0x00, 0x00, 0x00, 0x00, 0x00, 0x00, 0x00, 0x00, 0x00, 0x00,
    0x00, 0x00, 0x00, 0x00, 0x00, 0x00, 0x00, 0x00, 0x00, 0x00, 0x00, 0x00, 0x00, 0x00, 0x00, 0x00, 0x00, 0x00, 0x00, 0x00,
    0x00, 0x00, 0x00, 0x00, 0x00, 0x00, 0x00, 0x00, 0x00, 0x00, 0x00, 0x00, 0x00, 0x00, 0x00, 0x00, 0x00, 0x00, 0x00, 0x00,
    0x00, 0x00, 0x00, 0x00, 0x00, 0x00, 0x00, 0x00, 0x00, 0x00, 0x00, 0x00, 0x00, 0x00, 0x00, 0x00, 0x00, 0x00, 0x00, 0x00,
    0x00, 0x00, 0x00, 0x00, 0x00, 0x00, 0x00, 0x00, 0x00, 0x00, 0x00, 0x00, 0x00, 0x00, 0x00, 0x00, 0x00, 0x00, 0x00, 0x00,
    0x00, 0x00, 0x00, 0x00, 0x00, 0x00, 0x00, 0x00, 0x00, 0x00, 0x00, 0x00, 0x00, 0x00, 0x00, 0x00, 0x00, 0x00, 0x00, 0x00,
    0x00, 0x00, 0x00, 0x00, 0x00, 0x00, 0x00, 0x00, 0x00, 0x00, 0x00, 0x00, 0x00, 0x00, 0x00, 0x00, 0x00, 0x00, 0x00, 0x00,
    0x00, 0x00, 0x00, 0x00, 0x00, 0x00, 0x00, 0x00, 0x00, 0x00, 0x00, 0x00, 0x00, 0x00, 0x00, 0x00, 0x00, 0x00, 0x00, 0x00,
    0x00, 0x00, 0x00, 0x00, 0x00, 0x00, 0x00, 0x00, 0x00, 0x00, 0x00, 0x00, 0x00, 0x00, 0x00, 0x00, 0x00, 0x00, 0x00, 0x00,
    0x00, 0x00, 0x00, 0x00, 0x00, 0x00, 0x00, 0x00, 0x00, 0x00, 0x00, 0x00, 0x00, 0x00, 0x00, 0x00, 0x00, 0x00, 0x00, 0x00,
    0x00, 0x00, 0x00, 0x00, 0x00, 0x00, 0x00, 0x00, 0x00, 0x00, 0x00, 0x00, 0x00, 0x00, 0x00, 0x00, 0x00, 0x00, 0x00, 0x00,
    0x00, 0x00, 0x00, 0x00, 0x00, 0x00, 0x00, 0x00, 0x00, 0x00, 0x00, 0x00, 0x00, 0x00, 0x00, 0x00, 0x00, 0x00, 0x00, 0x00,
    0x00, 0x00, 0x00, 0x00, 0x00, 0x00, 0x00, 0x00, 0x00, 0x00, 0x00, 0x00, 0x00, 0x00, 0x00, 0x00, 0x00, 0x00, 0x00, 0x00,
    0x00, 0x00, 0x00, 0x00, 0x00, 0x00, 0x00, 0x00, 0x00, 0x00, 0x00, 0x00, 0x00, 0x00, 0x00, 0x00, 0x00, 0x00, 0x00, 0x00,
    0x00, 0x00, 0x00, 0x00, 0x00, 0x00, 0x00, 0x00, 0x00, 0x00, 0x00, 0x00, 0x00, 0x00, 0x00, 0x00, 0x00, 0x00, 0x00, 0x00,
    0x00, 0x00, 0x00, 0x00, 0x00, 0x00, 0x00, 0x00, 0x00, 0x00, 0x00, 0x00, 0x00, 0x00, 0x00, 0x00, 0x00, 0x00, 0x00, 0x00,
    0x00, 0x00, 0x00, 0x00, 0x00, 0x00, 0x00, 0x00, 0x00, 0x00, 0x00, 0x00, 0x00, 0x00, 0x00, 0x00, 0x00, 0x00, 0x00, 0x00,
    0x00, 0x00, 0x00, 0x00, 0x00, 0x00, 0x00, 0x00, 0x00, 0x00, 0x00, 0x00, 0x00, 0x00, 0x00, 0x00, 0x00, 0x00, 0x00, 0x00,
    0x00, 0x00, 0x00, 0x00, 0x00, 0x00, 0x00, 0x00, 0x00, 0x00, 0x00, 0x00, 0x00, 0x00, 0x00, 0x00, 0x00, 0x00, 0x00, 0x00,
    0x00, 0x00, 0x00, 0x00, 0x00, 0x00, 0x00, 0x00, 0x00, 0x00, 0x00, 0x00, 0x00, 0x00, 0x00, 0x00, 0x00, 0x00, 0x00, 0x00,
    0x00, 0x00, 0x00, 0x00, 0x00, 0x00, 0x00, 0x00, 0x00, 0x00, 0x00, 0x00, 0x00, 0x00, 0x00, 0x00, 0x00, 0x00, 0x00, 0x00,
    0x00, 0x00, 0x00, 0x00, 0x00, 0x00, 0x00, 0x00, 0x00, 0x00, 0x00, 0x00, 0x00, 0x00, 0x00, 0x00, 0x00, 0x00, 0x00, 0x00,
    0x00, 0x00, 0x00, 0x00, 0x00, 0x00, 0x00, 0x00, 0x00, 0x00, 0x00, 0x00, 0x00, 0x00, 0x00, 0x00, 0x00, 0x00, 0x00, 0x00,
    0x00, 0x00, 0x00, 0x00, 0x00, 0x00, 0x00, 0x00, 0x00, 0x00, 0x00, 0x00, 0x00, 0x00, 0x00, 0x00, 0x00, 0x00, 0x00, 0x00,
    0x00, 0x00, 0x00, 0x00, 0x00, 0x00, 0x00, 0x00, 0x00, 0x00, 0x00, 0x00, 0x00, 0x00, 0x00, 0x00, 0x00, 0x00, 0x00, 0x00,
    0x00, 0x00, 0x00, 0x00, 0x00, 0x00, 0x00, 0x00, 0x00, 0x00, 0x00, 0x00, 0x00, 0x00, 0x00, 0x00, 0x00, 0x00, 0x00, 0x00,
    0x00, 0x00, 0x00, 0x00, 0x00, 0x00, 0x00, 0x00, 0x00, 0x00, 0x00, 0x00, 0x00, 0x00, 0x00, 0x00, 0x00, 0x00, 0x00, 0x00,
    0x00, 0x00, 0x00, 0x00, 0x00, 0x00, 0x00, 0x00, 0x00, 0x00, 0x00, 0x00, 0x00, 0x00, 0x00, 0x00, 0x00, 0x00, 0x00, 0x00,
    0x00, 0x00, 0x00, 0x00, 0x00, 0x00, 0x00, 0x00, 0x00, 0x00, 0x00, 0x00, 0x00, 0x00, 0x00, 0x00, 0x00, 0x00, 0x00, 0x00,
    0x00, 0x00, 0x00, 0x00, 0x00, 0x00, 0x00, 0x00, 0x00, 0x00, 0x00, 0x00, 0x00, 0x00, 0x00, 0x00, 0x00, 0x00, 0x00, 0x00,
    0x00, 0x00, 0x00, 0x00, 0x00, 0x00, 0x00, 0x00, 0x00, 0x00, 0x00, 0x00, 0x00, 0x00, 0x00, 0x00, 0x00, 0x00, 0x00, 0x00,
    0x00, 0x00, 0x00, 0x00, 0x00, 0x00, 0x00, 0x00, 0x00, 0x00, 0x00, 0x00, 0x00, 0x00, 0x00, 0x00, 0x00, 0x00, 0x00, 0x00,
    0x00, 0x00, 0x00, 0x00, 0x00, 0x00, 0x00, 0x00, 0x00, 0x00, 0x00, 0x00, 0x00, 0x00, 0x00, 0x00, 0x00, 0x00, 0x00, 0x00,
    0x00, 0x00, 0x00, 0x00, 0x00, 0x00, 0x00, 0x00, 0x00, 0x00, 0x00, 0x00, 0x00, 0x00, 0x00, 0x00, 0x00, 0x00, 0x00, 0x00,
    0x00, 0x00, 0x00, 0x00, 0x00, 0x00, 0x00, 0x00, 0x00, 0x00, 0x00, 0x00, 0x00, 0x00, 0x00, 0x00, 0x00, 0x00, 0x00, 0x00,
    0x00, 0x00, 0x00, 0x00, 0x00, 0x00, 0x00, 0x00, 0x00, 0x00, 0x00, 0x00, 0x00, 0x00, 0x00, 0x00, 0x00, 0x00, 0x00, 0x00,
    0x00, 0x00, 0x00, 0x00, 0x00, 0x00, 0x00, 0x00, 0x00, 0x00, 0x00, 0x00, 0x00, 0x00, 0x00, 0x00, 0x00, 0x00, 0x00, 0x00,
    0x00, 0x00, 0x00, 0x00, 0x00, 0x00, 0x00, 0x00, 0x00, 0x00, 0x00, 0x00, 0x00, 0x00, 0x00, 0x00, 0x00, 0x00, 0x00, 0x00,
    0x00, 0x00, 0x00, 0x00, 0x00, 0x00, 0x00, 0x00, 0x00, 0x00, 0x00, 0x00, 0x00, 0x00, 0x00, 0x00, 0x00, 0x00, 0x00, 0x00,
    0x00, 0x00, 0x00, 0x00, 0x00, 0x00, 0x00, 0x00, 0x00, 0x00, 0x00, 0x00, 0x00, 0x00, 0x00, 0x00, 0x00, 0x00, 0x00, 0x00,
    0x00, 0x00, 0x00, 0x00, 0x00, 0x00, 0x00, 0x00, 0x00, 0x00, 0x00, 0x00, 0x00, 0x00, 0x00, 0x00, 0x00, 0x00, 0x00, 0x00,
    0x00, 0x00, 0x00, 0x00, 0x00, 0x00, 0x00, 0x00, 0x00, 0x00, 0x00, 0x00, 0x00, 0x00, 0x00, 0x00, 0x00, 0x00, 0x00, 0x00,
    0x00, 0x00, 0x00, 0x00, 0x00, 0x00, 0x00, 0x00, 0x00, 0x00, 0x00, 0x00, 0x00, 0x00, 0x00, 0x00, 0x00, 0x00, 0x00, 0x00,
    0x00, 0x00, 0x00, 0x00, 0x00, 0x00, 0x00, 0x00, 0x00, 0x00, 0x00, 0x00, 0x00, 0x00, 0x00, 0x00, 0x00, 0x00, 0x00, 0x00,
    0x00, 0x00, 0x00, 0x00, 0x00, 0x00, 0x00, 0x00, 0x00, 0x00, 0x00, 0x00, 0x00, 0x00, 0x00, 0x00, 0x00, 0x00, 0x00, 0x00,
    0x00, 0x00, 0x00, 0x00, 0x00, 0x00, 0x00, 0x00, 0x00, 0x00, 0x00, 0x00, 0x00, 0x00, 0x00, 0x00, 0x00, 0x00, 0x00, 0x00,
    0x00, 0x00, 0x00, 0x00, 0x00, 0x00, 0x00, 0x00, 0x00, 0x00, 0x00, 0x00, 0x00, 0x00, 0x00, 0x00, 0x00, 0x00, 0x00, 0x00,
    0x00, 0x00, 0x00, 0x00, 0x00, 0x00, 0x00, 0x00, 0x00, 0x00, 0x00, 0x00, 0x00, 0x00, 0x00, 0x00, 0x00, 0x00, 0x00, 0x00,
    0x00, 0x00, 0x00, 0x00, 0x00, 0x00, 0x00, 0x00, 0x00, 0x00, 0x00, 0x00, 0x00, 0x00, 0x00, 0x00, 0x00, 0x00, 0x00, 0x00,
    0x00, 0x00, 0x00, 0x00, 0x00, 0x00, 0x00, 0x00, 0x00, 0x00, 0x00, 0x00, 0x00, 0x00, 0x00, 0x00, 0x00, 0x00, 0x00, 0x00,
    0x00, 0x00, 0x00, 0x00, 0x00, 0x00, 0x00, 0x00, 0x00, 0x00, 0x00, 0x00, 0x00, 0x00, 0x00, 0x00, 0x00, 0x00, 0x00, 0x00,
    0x00, 0x00, 0x00, 0x00, 0x00, 0x00, 0x00, 0x00, 0x00, 0x00, 0x00, 0x00, 0x00, 0x00, 0x00, 0x00, 0x00, 0x00, 0x00, 0x00,
    0x00, 0x00, 0x00, 0x00, 0x00, 0x00, 0x00, 0x00, 0x00, 0x00, 0x00, 0x00, 0x00, 0x00, 0x00, 0x00, 0x00, 0x00, 0x00, 0x00,
    0x00, 0x00, 0x00, 0x00, 0x00, 0x00, 0x00, 0x00, 0x00, 0x00, 0x00, 0x00, 0x00, 0x00, 0x00, 0x00, 0x00, 0x00, 0x00, 0x00,
    0x00, 0x00, 0x00, 0x00, 0x00, 0x00, 0x00, 0x00, 0x00, 0x00, 0x00, 0x00, 0x00, 0x00, 0x00, 0x00, 0x00, 0x00, 0x00, 0x00,
    0x00, 0x00, 0x00, 0x00, 0x00, 0x00, 0x00, 0x00, 0x00, 0x00, 0x00, 0x00, 0x00, 0x00, 0x00, 0x00, 0x00, 0x00, 0x00, 0x00,
    0x00, 0x00, 0x00, 0x00, 0x00, 0x00, 0x00, 0x00, 0x00, 0x00, 0x00, 0x00, 0x00, 0x00, 0x00, 0x00, 0x00, 0x00, 0x00, 0x00,
    0x00, 0x00, 0x00, 0x00, 0x00, 0x00, 0x00, 0x00, 0x00, 0x00, 0x00, 0x00, 0x00, 0x00, 0x00, 0x00, 0x00, 0x00, 0x00, 0x00,
    0x00, 0x00, 0x00, 0x00, 0x00, 0x00, 0x00, 0x00, 0x00, 0x00, 0x00, 0x00, 0x00, 0x00, 0x00, 0x00, 0x00, 0x00, 0x00, 0x00,
    0x00, 0x00, 0x00, 0x00, 0x00, 0x00, 0x00, 0x00, 0x00, 0x00, 0x00, 0x00, 0x00, 0x00, 0x00, 0x00, 0x00, 0x00, 0x00, 0x00,
    0x00, 0x00, 0x00, 0x00, 0x00, 0x00, 0x00, 0x00, 0x00, 0x00, 0x00, 0x00, 0x00, 0x00, 0x00, 0x00, 0x00, 0x00, 0x00, 0x00,
    0x00, 0x00, 0x00, 0x00, 0x00, 0x00, 0x00, 0x00, 0x00, 0x00, 0x00, 0x00, 0x00, 0x00, 0x00, 0x00, 0x00, 0x00, 0x00, 0x00,
    0x00, 0x00, 0x00, 0x00, 0x00, 0x00, 0x00, 0x00, 0x00, 0x00, 0x00, 0x00, 0x00, 0x00, 0x00, 0x00, 0x00, 0x00, 0x00, 0x00,
    0x00, 0x00, 0x00, 0x00, 0x00, 0x00, 0x00, 0x00, 0x00, 0x00, 0x00, 0x00, 0x00, 0x00, 0x00, 0x00, 0x00, 0x00, 0x00, 0x00,
    0x00, 0x00, 0x00, 0x00, 0x00, 0x00, 0x00, 0x00, 0x00, 0x00, 0x00, 0x00, 0x00, 0x00, 0x00, 0x00, 0x00, 0x00, 0x00, 0x00,
    0x00, 0x00, 0x00, 0x00, 0x00, 0x00, 0x00, 0x00, 0x00, 0x00, 0x00, 0x00, 0x00, 0x00, 0x00, 0x00, 0x00, 0x00, 0x00, 0x00,
    0x00, 0x00, 0x00, 0x00, 0x00, 0x00, 0x00, 0x00, 0x00, 0x00, 0x00, 0x00, 0x00, 0x00, 0x00, 0x00, 0x00, 0x00, 0x00, 0x00,
    0x00, 0x00, 0x00, 0x00, 0x00, 0x00, 0x00, 0x00, 0x00, 0x00, 0x00, 0x00, 0x00, 0x00, 0x00, 0x00, 0x00, 0x00, 0x00, 0x00,
    0x00, 0x00, 0x00, 0x00, 0x00, 0x00, 0x00, 0x00, 0x00, 0x00, 0x00, 0x00, 0x00, 0x00, 0x00, 0x00, 0x00, 0x00, 0x00, 0x00,
    0x00, 0x00, 0x00, 0x00, 0x00, 0x00, 0x00, 0x00, 0x00, 0x00, 0x00, 0x00, 0x00, 0x00, 0x00, 0x00, 0x00, 0x00, 0x00, 0x00,
    0x00, 0x00, 0x00, 0x00, 0x00, 0x00, 0x00, 0x00, 0x00, 0x00, 0x00, 0x00, 0x00, 0x00, 0x00, 0x00, 0x00, 0x00, 0x00, 0x00,
    0x00, 0x00, 0x00, 0x00, 0x00, 0x00, 0x00, 0x00, 0x00, 0x00, 0x00, 0x00, 0x00, 0x00, 0x00, 0x00, 0x00, 0x00, 0x00, 0x00,
    0x00, 0x00, 0x00, 0x00, 0x00, 0x00, 0x00, 0x00, 0x00, 0x00, 0x00, 0x00, 0x00, 0x00, 0x00, 0x00, 0x00, 0x00, 0x00, 0x00,
    0x00, 0x00, 0x00, 0x00, 0x00, 0x00, 0x00, 0x00, 0x00, 0x00, 0x00, 0x00, 0x00, 0x00, 0x00, 0x00, 0x00, 0x00, 0x00, 0x00,
    0x00, 0x00, 0x00, 0x00, 0x00, 0x00, 0x00, 0x00, 0x00, 0x00, 0x00, 0x00, 0x00, 0x00, 0x00, 0x00, 0x00, 0x00, 0x00, 0x00,
    0x00, 0x00, 0x00, 0x00, 0x00, 0x00, 0x00, 0x00, 0x00, 0x00, 0x00, 0x00, 0x00, 0x00, 0x00, 0x00, 0x00, 0x00, 0x00, 0x00,
    0x00, 0x00, 0x00, 0x00, 0x00, 0x00, 0x00, 0x00, 0x00, 0x00, 0x00, 0x00, 0x00, 0x00, 0x00, 0x00, 0x00, 0x00, 0x00, 0x00,
    0x00, 0x00, 0x00, 0x00, 0x00, 0x00, 0x00, 0x00, 0x00, 0x00, 0x00, 0x00, 0x00, 0x00, 0x00, 0x00, 0x00, 0x00, 0x00, 0x00,
    0x00, 0x00, 0x00, 0x00, 0x00, 0x00, 0x00, 0x00, 0x00, 0x00, 0x00, 0x00, 0x00, 0x00, 0x00, 0x00, 0x00, 0x00, 0x00, 0x00,
    0x00, 0x00, 0x00, 0x00, 0x00, 0x00, 0x00, 0x00, 0x00, 0x00, 0x00, 0x00, 0x00, 0x00, 0x00, 0x00, 0x00, 0x00, 0x00, 0x00,
    0x00, 0x00, 0x00, 0x00, 0x00, 0x00, 0x00, 0x00, 0x00, 0x00, 0x00, 0x00, 0x00, 0x00, 0x00, 0x00, 0x00, 0x00, 0x00, 0x00,
    0x00, 0x00, 0x00, 0x00, 0x00, 0x00, 0x00, 0x00, 0x00, 0x00, 0x00, 0x00, 0x00, 0x00, 0x00, 0x00, 0x00, 0x00, 0x00, 0x00,
    0x00, 0x00, 0x00, 0x00, 0x00, 0x00, 0x00, 0x00, 0x00, 0x00, 0x00, 0x00, 0x00, 0x00, 0x00, 0x00, 0x00, 0x00, 0x00, 0x00,
    0x00, 0x00, 0x00, 0x00, 0x00, 0x00, 0x00, 0x00, 0x00, 0x00, 0x00, 0x00, 0x00, 0x00, 0x00, 0x00, 0x00, 0x00, 0x00, 0x00,
    0x00, 0x00, 0x00, 0x00, 0x00, 0x00, 0x00, 0x00, 0x00, 0x00, 0x00, 0x00, 0x00, 0x00, 0x00, 0x00, 0x00, 0x00, 0x00, 0x00,
    0x00, 0x00, 0x00, 0x00, 0x00, 0x00, 0x00, 0x00, 0x00, 0x00, 0x00, 0x00, 0x00, 0x00, 0x00, 0x00, 0x00, 0x00, 0x00, 0x00,
    0x00, 0x00, 0x00, 0x00, 0x00, 0x00, 0x00, 0x00, 0x00, 0x00, 0x00, 0x00, 0x00, 0x00, 0x00, 0x00, 0x00, 0x00, 0x00, 0x00,
    0x00, 0x00, 0x00, 0x00, 0x00, 0x00, 0x00, 0x00, 0x00, 0x00, 0x00, 0x00, 0x00, 0x00, 0x00, 0x00, 0x00, 0x00, 0x00, 0x00,
    0x00, 0x00, 0x00, 0x00, 0x00, 0x00, 0x00, 0x00, 0x00, 0x00, 0x00, 0x00, 0x00, 0x00, 0x00, 0x00, 0x00, 0x00, 0x00, 0x00,
    0x00, 0x00, 0x00, 0x00, 0x00, 0x00, 0x00, 0x00, 0x00, 0x00, 0x00, 0x00, 0x00, 0x00, 0x00, 0x00, 0x00, 0x00, 0x00, 0x00,
    0x00, 0x00, 0x00, 0x00, 0x00, 0x00, 0x00, 0x00, 0x00, 0x00, 0x00, 0x00, 0x00, 0x00, 0x00, 0x00, 0x00, 0x00, 0x00, 0x00,
    0x00, 0x00, 0x00, 0x00, 0x00, 0x00, 0x00, 0x00, 0x00, 0x00, 0x00, 0x00, 0x00, 0x00, 0x00, 0x00, 0x00, 0x00, 0x00, 0x00,
    0x00, 0x00, 0x00, 0x00, 0x00, 0x00, 0x00, 0x00, 0x00, 0x00, 0x00, 0x00, 0x00, 0x00, 0x00, 0x00, 0x00, 0x00, 0x00, 0x00,
    0x00, 0x00, 0x00, 0x00, 0x00, 0x00, 0x00, 0x00, 0x00, 0x00, 0x00, 0x00, 0x00, 0x00, 0x00, 0x00, 0x00, 0x00, 0x00, 0x00,
    0x00, 0x00, 0x00, 0x00, 0x00, 0x00, 0x00, 0x00, 0x00, 0x00, 0x00, 0x00, 0x00, 0x00, 0x00, 0x00, 0x00, 0x00, 0x00, 0x00,
    0x00, 0x00, 0x00, 0x00, 0x00, 0x00, 0x00, 0x00, 0x00, 0x00, 0x00, 0x00, 0x00, 0x00, 0x00, 0x00, 0x00, 0x00, 0x00, 0x00,
    0x00, 0x00, 0x00, 0x00, 0x00, 0x00, 0x00, 0x00, 0x00, 0x00, 0x00, 0x00, 0x00, 0x00, 0x00, 0x00, 0x00, 0x00, 0x00, 0x00,
    0x00, 0x00, 0x00, 0x00, 0x00, 0x00, 0x00, 0x00, 0x00, 0x00, 0x00, 0x00, 0x00, 0x00, 0x00, 0x00, 0x00, 0x00, 0x00, 0x00,
    0x00, 0x00, 0x00, 0x00, 0x00, 0x00, 0x00, 0x00, 0x00, 0x00, 0x00, 0x00, 0x00, 0x00, 0x00, 0x00, 0x00, 0x00, 0x00, 0x00,
    0x00, 0x00, 0x00, 0x00, 0x00, 0x00, 0x00, 0x00, 0x00, 0x00, 0x00, 0x00, 0x00, 0x00, 0x00, 0x00, 0x00, 0x00, 0x00, 0x00,
    0x00, 0x00, 0x00, 0x00, 0x00, 0x00, 0x00, 0x00, 0x00, 0x00, 0x00, 0x00, 0x00, 0x00, 0x00, 0x00, 0x00, 0x00, 0x00, 0x00,
    0x00, 0x00, 0x00, 0x00, 0x00, 0x00, 0x00, 0x00, 0x00, 0x00, 0x00, 0x00, 0x00, 0x00, 0x00, 0x00, 0x00, 0x00, 0x00, 0x00,
    0x00, 0x00, 0x00, 0x00, 0x00, 0x00, 0x00, 0x00, 0x00, 0x00, 0x00, 0x00, 0x00, 0x00, 0x00, 0x00, 0x00, 0x00, 0x00, 0x00,
    0x00, 0x00, 0x00, 0x00, 0x00, 0x00, 0x00, 0x00, 0x00, 0x00, 0x00, 0x00, 0x00, 0x00, 0x00, 0x00, 0x00, 0x00, 0x00, 0x00,
    0x00, 0x00, 0x00, 0x00, 0x00, 0x00, 0x00, 0x00, 0x00, 0x00, 0x00, 0x00, 0x00, 0x00, 0x00, 0x00, 0x00, 0x00, 0x00, 0x00,
    0x00, 0x00, 0x00, 0x00, 0x00, 0x00, 0x00, 0x00, 0x00, 0x00, 0x00, 0x00, 0x00, 0x00, 0x00, 0x00, 0x00, 0x00, 0x00, 0x00,
    0x00, 0x00, 0x00, 0x00, 0x00, 0x00, 0x00, 0x00, 0x00, 0x00, 0x00, 0x00, 0x00, 0x00, 0x00, 0x00, 0x00, 0x00, 0x00, 0x00,
    0x00, 0x00, 0x00, 0x00, 0x00, 0x00, 0x00, 0x00, 0x00, 0x00, 0x00, 0x00, 0x00, 0x00, 0x00, 0x00, 0x00, 0x00, 0x00, 0x00,
    0x00, 0x00, 0x00, 0x00, 0x00, 0x00, 0x00, 0x00, 0x00, 0x00, 0x00, 0x00, 0x00, 0x00, 0x00, 0x00, 0x00, 0x00, 0x00, 0x00,
    0x00, 0x00, 0x00, 0x00, 0x00, 0x00, 0x00, 0x00, 0x00, 0x00, 0x00, 0x00, 0x00, 0x00, 0x00, 0x00, 0x00, 0x00, 0x00, 0x00,
    0x00, 0x00, 0x00, 0x00, 0x00, 0x00, 0x00, 0x00, 0x00, 0x00, 0x00, 0x00, 0x00, 0x00, 0x00, 0x00, 0x00, 0x00, 0x00, 0x00,
    0x00, 0x00, 0x00, 0x00, 0x00, 0x00, 0x00, 0x00, 0x00, 0x00, 0x00, 0x00, 0x00, 0x00, 0x00, 0x00, 0x00, 0x00, 0x00, 0x00,
    0x00, 0x00, 0x00, 0x00, 0x00, 0x00, 0x00, 0x00, 0x00, 0x00, 0x00, 0x00, 0x00, 0x00, 0x00, 0x00, 0x00, 0x00, 0x00, 0x00,
    0x00, 0x00, 0x00, 0x00, 0x00, 0x00, 0x00, 0x00, 0x00, 0x00, 0x00, 0x00, 0x00, 0x00, 0x00, 0x00, 0x00, 0x00, 0x00, 0x00,
    0x00, 0x00, 0x00, 0x00, 0x00, 0x00, 0x00, 0x00, 0x00, 0x00, 0x00, 0x00, 0x00, 0x00, 0x00, 0x00, 0x00, 0x00, 0x00, 0x00,
    0x00, 0x00, 0x00, 0x00, 0x00, 0x00, 0x00, 0x00, 0x00, 0x00, 0x00, 0x00, 0x00, 0x00, 0x00, 0x00, 0x00, 0x00, 0x00, 0x00,
    0x00, 0x00, 0x00, 0x00, 0x00, 0x00, 0x00, 0x00, 0x00, 0x00, 0x00, 0x00, 0x00, 0x00, 0x00, 0x00, 0x00, 0x00, 0x00, 0x00,
    0x00, 0x00, 0x00, 0x00, 0x00, 0x00, 0x00, 0x00, 0x00, 0x00, 0x00, 0x00, 0x00, 0x00, 0x00, 0x00, 0x00, 0x00, 0x00, 0x00,
    0x00, 0x00, 0x00, 0x00, 0x00, 0x00, 0x00, 0x00, 0x00, 0x00, 0x00, 0x00, 0x00, 0x00, 0x00, 0x00, 0x00, 0x00, 0x00, 0x00,
    0x00, 0x00, 0x00, 0x00, 0x00, 0x00, 0x00, 0x00, 0x00, 0x00, 0x00, 0x00, 0x00, 0x00, 0x00, 0x00, 0x00, 0x00, 0x00, 0x00,
    0x00, 0x00, 0x00, 0x00, 0x00, 0x00, 0x00, 0x00, 0x00, 0x00, 0x00, 0x00, 0x00, 0x00, 0x00, 0x00, 0x00, 0x00, 0x00, 0x00,
    0x00, 0x00, 0x00, 0x00, 0x00, 0x00, 0x00, 0x00, 0x00, 0x00, 0x00, 0x00, 0x00, 0x00, 0x00, 0x00, 0x00, 0x00, 0x00, 0x00,
    0x00, 0x00, 0x00, 0x00, 0x00, 0x00, 0x00, 0x00, 0x00, 0x00, 0x00, 0x00, 0x00, 0x00, 0x00, 0x00, 0x00, 0x00, 0x00, 0x00,
    0x00, 0x00, 0x00, 0x00, 0x00, 0x00, 0x00, 0x00, 0x00, 0x00, 0x00, 0x00, 0x00, 0x00, 0x00, 0x00, 0x00, 0x00, 0x00, 0x00,
    0x00, 0x00, 0x00, 0x00, 0x00, 0x00, 0x00, 0x00, 0x00, 0x00, 0x00, 0x00, 0x00, 0x00, 0x00, 0x00, 0x00, 0x00, 0x00, 0x00,
    0x00, 0x00, 0x00, 0x00, 0x00, 0x00, 0x00, 0x00, 0x00, 0x00, 0x00, 0x00, 0x00, 0x00, 0x00, 0x00, 0x00, 0x00, 0x00, 0x00,
    0x00, 0x00, 0x00, 0x00, 0x00, 0x00, 0x00, 0x00, 0x00, 0x00, 0x00, 0x00, 0x00, 0x00, 0x00, 0x00, 0x00, 0x00, 0x00, 0x00,
    0x00, 0x00, 0x00, 0x00, 0x00, 0x00, 0x00, 0x00, 0x00, 0x00, 0x00, 0x00, 0x00, 0x00, 0x00, 0x00, 0x00, 0x00, 0x00, 0x00,
    0x00, 0x00, 0x00, 0x00, 0x00, 0x00, 0x00, 0x00, 0x00, 0x00, 0x00, 0x00, 0x00, 0x00, 0x00, 0x00, 0x00, 0x00, 0x00, 0x00,
    0x00, 0x00, 0x00, 0x00, 0x00, 0x00, 0x00, 0x00, 0x00, 0x00, 0x00, 0x00, 0x00, 0x00, 0x00, 0x00, 0x00, 0x00, 0x00, 0x00,
    0x00, 0x00, 0x00, 0x00, 0x00, 0x00, 0x00, 0x00, 0x00, 0x00, 0x00, 0x00, 0x00, 0x00, 0x00, 0x00, 0x00, 0x00, 0x00, 0x00,
    0x00, 0x00, 0x00, 0x00, 0x00, 0x00, 0x00, 0x00, 0x00, 0x00, 0x00, 0x00, 0x00, 0x00, 0x00, 0x00, 0x00, 0x00, 0x00, 0x00,
    0x00, 0x00, 0x00, 0x00, 0x00, 0x00, 0x00, 0x00, 0x00, 0x00, 0x00, 0x00, 0x00, 0x00, 0x00, 0x00, 0x00, 0x00, 0x00, 0x00,
    0x00, 0x00, 0x00, 0x00, 0x00, 0x00, 0x00, 0x00, 0x00, 0x00, 0x00, 0x00, 0x00, 0x00, 0x00, 0x00, 0x00, 0x00, 0x00, 0x00,
    0x00, 0x00, 0x00, 0x00, 0x00, 0x00, 0x00, 0x00, 0x00, 0x00, 0x00, 0x00, 0x00, 0x00, 0x00, 0x00, 0x00, 0x00, 0x00, 0x00,
    0x00, 0x00, 0x00, 0x00, 0x00, 0x00, 0x00, 0x00, 0x00, 0x00, 0x00, 0x00, 0x00, 0x00, 0x00, 0x00, 0x00, 0x00, 0x00, 0x00,
    0x00, 0x00, 0x00, 0x00, 0x00, 0x00, 0x00, 0x00, 0x00, 0x00, 0x00, 0x00, 0x00, 0x00, 0x00, 0x00, 0x00, 0x00, 0x00, 0x00,
    0x00, 0x00, 0x00, 0x00, 0x00, 0x00, 0x00, 0x00, 0x00, 0x00, 0x00, 0x00, 0x00, 0x00, 0x00, 0x00, 0x00, 0x00, 0x00, 0x00,
    0x00, 0x00, 0x00, 0x00, 0x00, 0x00, 0x00, 0x00, 0x00, 0x00, 0x00, 0x00, 0x00, 0x00, 0x00, 0x00, 0x00, 0x00, 0x00, 0x00,
    0x00, 0x00, 0x00, 0x00, 0x00, 0x00, 0x00, 0x00, 0x00, 0x00, 0x00, 0x00, 0x00, 0x00, 0x00, 0x00, 0x00, 0x00, 0x00, 0x00,
    0x00, 0x00, 0x00, 0x00, 0x00, 0x00, 0x00, 0x00, 0x00, 0x00, 0x00, 0x00, 0x00, 0x00, 0x00, 0x00, 0x00, 0x00, 0x00, 0x00,
    0x00, 0x00, 0x00, 0x00, 0x00, 0x00, 0x00, 0x00, 0x00, 0x00, 0x00, 0x00, 0x00, 0x00, 0x00, 0x00, 0x00, 0x00, 0x00, 0x00,
    0x00, 0x00, 0x00, 0x00, 0x00, 0x00, 0x00, 0x00, 0x00, 0x00, 0x00, 0x00, 0x00, 0x00, 0x00, 0x00, 0x00, 0x00, 0x00, 0x00,
    0x00, 0x00, 0x00, 0x00, 0x00, 0x00, 0x00, 0x00, 0x00, 0x00, 0x00, 0x00, 0x00, 0x00, 0x00, 0x00, 0x00, 0x00, 0x00, 0x00,
    0x00, 0x00, 0x00, 0x00, 0x00, 0x00, 0x00, 0x00, 0x00, 0x00, 0x00, 0x00, 0x00, 0x00, 0x00, 0x00, 0x00, 0x00, 0x00, 0x00,
    0x00, 0x00, 0x00, 0x00, 0x00, 0x00, 0x00, 0x00, 0x00, 0x00, 0x00, 0x00, 0x00, 0x00, 0x00, 0x00, 0x00, 0x00, 0x00, 0x00,
    0x00, 0x00, 0x00, 0x00, 0x00, 0x00, 0x00, 0x00, 0x00, 0x00, 0x00, 0x00, 0x00, 0x00, 0x00, 0x00, 0x00, 0x00, 0x00, 0x00,
    0x00, 0x00, 0x00, 0x00, 0x00, 0x00, 0x00, 0x00, 0x00, 0x00, 0x00, 0x00, 0x00, 0x00, 0x00, 0x00, 0x00, 0x00, 0x00, 0x00,
    0x00, 0x00, 0x00, 0x00, 0x00, 0x00, 0x00, 0x00, 0x00, 0x00, 0x00, 0x00, 0x00, 0x00, 0x00, 0x00, 0x00, 0x00, 0x00, 0x00,
    0x00, 0x00, 0x00, 0x00, 0x00, 0x00, 0x00, 0x00, 0x00, 0x00, 0x00, 0x00, 0x00, 0x00, 0x00, 0x00, 0x00, 0x00, 0x00, 0x00,
    0x00, 0x00, 0x00, 0x00, 0x00, 0x00, 0x00, 0x00, 0x00, 0x00, 0x00, 0x00, 0x00, 0x00, 0x00, 0x00, 0x00, 0x00, 0x00, 0x00,
    0x00, 0x00, 0x00, 0x00, 0x00, 0x00, 0x00, 0x00, 0x00, 0x00, 0x00, 0x00, 0x00, 0x00, 0x00, 0x00, 0x00, 0x00, 0x00, 0x00,
    0x00, 0x00, 0x00, 0x00, 0x00, 0x00, 0x00, 0x00, 0x00, 0x00, 0x00, 0x00, 0x00, 0x00, 0x00, 0x00, 0x00, 0x00, 0x00, 0x00,
    0x00, 0x00, 0x00, 0x00, 0x00, 0x00, 0x00, 0x00, 0x00, 0x00, 0x00, 0x00, 0x00, 0x00, 0x00, 0x00, 0x00, 0x00, 0x00, 0x00,
    0x00, 0x00, 0x00, 0x00, 0x00, 0x00, 0x00, 0x00, 0x00, 0x00, 0x00, 0x00, 0x00, 0x00, 0x00, 0x00, 0x00, 0x00, 0x00, 0x00,
    0x00, 0x00, 0x00, 0x00, 0x00, 0x00, 0x00, 0x00, 0x00, 0x00, 0x00, 0x00, 0x00, 0x00, 0x00, 0x00, 0x00, 0x00, 0x00, 0x00,
    0x00, 0x00, 0x00, 0x00, 0x00, 0x00, 0x00, 0x00, 0x00, 0x00, 0x00, 0x00, 0x00, 0x00, 0x00, 0x00, 0x00, 0x00, 0x00, 0x00,
    0x00, 0x00, 0x00, 0x00, 0x00, 0x00, 0x00, 0x00, 0x00, 0x00, 0x00, 0x00, 0x00, 0x00, 0x00, 0x00, 0x00, 0x00, 0x00, 0x00,
    0x00, 0x00, 0x00, 0x00, 0x00, 0x00, 0x00, 0x00, 0x00, 0x00, 0x00, 0x00, 0x00, 0x00, 0x00, 0x00, 0x00, 0x00, 0x00, 0x00,
    0x00, 0x00, 0x00, 0x00, 0x00, 0x00, 0x00, 0x00, 0x00, 0x00, 0x00, 0x00, 0x00, 0x00, 0x00, 0x00, 0x00, 0x00, 0x00, 0x00,
    0x00, 0x00, 0x00, 0x00, 0x00, 0x00, 0x00, 0x00, 0x00, 0x00, 0x00, 0x00, 0x00, 0x00, 0x00, 0x00, 0x00, 0x00, 0x00, 0x00,
    0x00, 0x00, 0x00, 0x00, 0x00, 0x00, 0x00, 0x00, 0x00, 0x00, 0x00, 0x00, 0x00, 0x00, 0x00, 0x00, 0x00, 0x00, 0x00, 0x00,
    0x00, 0x00, 0x00, 0x00, 0x00, 0x00, 0x00, 0x00, 0x00, 0x00, 0x00, 0x00, 0x00, 0x00, 0x00, 0x00, 0x00, 0x00, 0x00, 0x00,
    0x00, 0x00, 0x00, 0x00, 0x00, 0x00, 0x00, 0x00, 0x00, 0x00, 0x00, 0x00, 0x00, 0x00, 0x00, 0x00, 0x00, 0x00, 0x00, 0x00,
    0x00, 0x00, 0x00, 0x00, 0x00, 0x00, 0x00, 0x00, 0x00, 0x00, 0x00, 0x00, 0x00, 0x00, 0x00, 0x00, 0x00, 0x00, 0x00, 0x00,
    0x00, 0x00, 0x00, 0x00, 0x00, 0x00, 0x00, 0x00, 0x00, 0x00, 0x00, 0x00, 0x00, 0x00, 0x00, 0x00, 0x00, 0x00, 0x00, 0x00,
    0x00, 0x00, 0x00, 0x00, 0x00, 0x00, 0x00, 0x00, 0x00, 0x00, 0x00, 0x00, 0x00, 0x00, 0x00, 0x00, 0x00, 0x00, 0x00, 0x00,
    0x00, 0x00, 0x00, 0x00, 0x00, 0x00, 0x00, 0x00, 0x00, 0x00, 0x00, 0x00, 0x00, 0x00, 0x00, 0x00, 0x00, 0x00, 0x00, 0x00,
    0x00, 0x00, 0x00, 0x00, 0x00, 0x00, 0x00, 0x00, 0x00, 0x00, 0x00, 0x00, 0x00, 0x00, 0x00, 0x00, 0x00, 0x00, 0x00, 0x00,
    0x00, 0x00, 0x00, 0x00, 0x00, 0x00, 0x00, 0x00, 0x00, 0x00, 0x00, 0x00, 0x00, 0x00, 0x00, 0x00, 0x00, 0x00, 0x00, 0x00,
    0x00, 0x00, 0x00, 0x00, 0x00, 0x00, 0x00, 0x00, 0x00, 0x00, 0x00, 0x00, 0x00, 0x00, 0x00, 0x00, 0x00, 0x00, 0x00, 0x00,
    0x00, 0x00, 0x00, 0x00, 0x00, 0x00, 0x00, 0x00, 0x00, 0x00, 0x00, 0x00, 0x00, 0x00, 0x00, 0x00, 0x00, 0x00, 0x00, 0x00,
    0x00, 0x00, 0x00, 0x00, 0x00, 0x00, 0x00, 0x00, 0x00, 0x00, 0x00, 0x00, 0x00, 0x00, 0x00, 0x00, 0x00, 0x00, 0x00, 0x00,
    0x00, 0x00, 0x00, 0x00, 0x00, 0x00, 0x00, 0x00, 0x00, 0x00, 0x00, 0x00, 0x00, 0x00, 0x00, 0x00, 0x00, 0x00, 0x00, 0x00,
    0x00, 0x00, 0x00, 0x00, 0x00, 0x00, 0x00, 0x00, 0x00, 0x00, 0x00, 0x00, 0x00, 0x00, 0x00, 0x00, 0x00, 0x00, 0x00, 0x00,
    0x00, 0x00, 0x00, 0x00, 0x00, 0x00, 0x00, 0x00, 0x00, 0x00, 0x00, 0x00, 0x00, 0x00, 0x00, 0x00, 0x00, 0x00, 0x00, 0x00,
    0x00, 0x00, 0x00, 0x00, 0x00, 0x00, 0x00, 0x00, 0x00, 0x00, 0x00, 0x00, 0x00, 0x00, 0x00, 0x00, 0x00, 0x00, 0x00, 0x00,
    0x00, 0x00, 0x00, 0x00, 0x00, 0x00, 0x00, 0x00, 0x00, 0x00, 0x00, 0x00, 0x00, 0x00, 0x00, 0x00, 0x00, 0x00, 0x00, 0x00,
    0x00, 0x00, 0x00, 0x00, 0x00, 0x00, 0x00, 0x00, 0x00, 0x00, 0x00, 0x00, 0x00, 0x00, 0x00, 0x00, 0x00, 0x00, 0x00, 0x00,
    0x00, 0x00, 0x00, 0x00, 0x00, 0x00, 0x00, 0x00, 0x00, 0x00, 0x00, 0x00, 0x00, 0x00, 0x00, 0x00, 0x00, 0x00, 0x00, 0x00,
    0x00, 0x00, 0x00, 0x00, 0x00, 0x00, 0x00, 0x00, 0x00, 0x00, 0x00, 0x00, 0x00, 0x00, 0x00, 0x00, 0x00, 0x00, 0x00, 0x00,
    0x00, 0x00, 0x00, 0x00, 0x00, 0x00, 0x00, 0x00, 0x00, 0x00, 0x00, 0x00, 0x00, 0x00, 0x00, 0x00, 0x00, 0x00, 0x00, 0x00,
    0x00, 0x00, 0x00, 0x00, 0x00, 0x00, 0x00, 0x00, 0x00, 0x00, 0x00, 0x00, 0x00, 0x00, 0x00, 0x00, 0x00, 0x00, 0x00, 0x00,
    0x00, 0x00, 0x00, 0x00, 0x00, 0x00, 0x00, 0x00, 0x00, 0x00, 0x00, 0x00, 0x00, 0x00, 0x00, 0x00, 0x00, 0x00, 0x00, 0x00,
    0x00, 0x00, 0x00, 0x00, 0x00, 0x00, 0x00, 0x00, 0x00, 0x00, 0x00, 0x00, 0x00, 0x00, 0x00, 0x00, 0x00, 0x00, 0x00, 0x00,
    0x00, 0x00, 0x00, 0x00, 0x00, 0x00, 0x00, 0x00, 0x00, 0x00, 0x00, 0x00, 0x00, 0x00, 0x00, 0x00, 0x00, 0x00, 0x00, 0x00,
    0x00, 0x00, 0x00, 0x00, 0x00, 0x00, 0x00, 0x00, 0x00, 0x00, 0x00, 0x00, 0x00, 0x00, 0x00, 0x00, 0x00, 0x00, 0x00, 0x00,
    0x00, 0x00, 0x00, 0x00, 0x00, 0x00, 0x00, 0x00, 0x00, 0x00, 0x00, 0x00, 0x00, 0x00, 0x00, 0x00, 0x00, 0x00, 0x00, 0x00,
    0x00, 0x00, 0x00, 0x00, 0x00, 0x00, 0x00, 0x00, 0x00, 0x00, 0x00, 0x00, 0x00, 0x00, 0x00, 0x00, 0x00, 0x00, 0x00, 0x00,
    0x00, 0x00, 0x00, 0x00, 0x00, 0x00, 0x00, 0x00, 0x00, 0x00, 0x00, 0x00, 0x00, 0x00, 0x00, 0x00, 0x00, 0x00, 0x00, 0x00,
    0x00, 0x00, 0x00, 0x00, 0x00, 0x00, 0x00, 0x00, 0x00, 0x00, 0x00, 0x00, 0x00, 0x00, 0x00, 0x00, 0x00, 0x00, 0x00, 0x00,
    0x00, 0x00, 0x00, 0x00, 0x00, 0x00, 0x00, 0x00, 0x00, 0x00, 0x00, 0x00, 0x00, 0x00, 0x00, 0x00, 0x00, 0x00, 0x00, 0x00,
    0x00, 0x00, 0x00, 0x00, 0x00, 0x00, 0x00, 0x00, 0x00, 0x00, 0x00, 0x00, 0x00, 0x00, 0x00, 0x00, 0x00, 0x00, 0x00, 0x00,
    0x00, 0x00, 0x00, 0x00, 0x00, 0x00, 0x00, 0x00, 0x00, 0x00, 0x00, 0x00, 0x00, 0x00, 0x00, 0x00, 0x00, 0x00, 0x00, 0x00,
    0x00, 0x00, 0x00, 0x00, 0x00, 0x00, 0x00, 0x00, 0x00, 0x00, 0x00, 0x00, 0x00, 0x00, 0x00, 0x00, 0x00, 0x00, 0x00, 0x00,
    0x00, 0x00, 0x00, 0x00, 0x00, 0x00, 0x00, 0x00, 0x00, 0x00, 0x00, 0x00, 0x00, 0x00, 0x00, 0x00, 0x00, 0x00, 0x00, 0x00,
    0x00, 0x00, 0x00, 0x00, 0x00, 0x00, 0x00, 0x00, 0x00, 0x00, 0x00, 0x00, 0x00, 0x00, 0x00, 0x00, 0x00, 0x00, 0x00, 0x00,
    0x00, 0x00, 0x00, 0x00, 0x00, 0x00, 0x00, 0x00, 0x00, 0x00, 0x00, 0x00, 0x00, 0x00, 0x00, 0x00, 0x00, 0x00, 0x00, 0x00,
    0x00, 0x00, 0x00, 0x00, 0x00, 0x00, 0x00, 0x00, 0x00, 0x00, 0x00, 0x00, 0x00, 0x00, 0x00, 0x00, 0x00, 0x00, 0x00, 0x00,
    0x00, 0x00, 0x00, 0x00, 0x00, 0x00, 0x00, 0x00, 0x00, 0x00, 0x00, 0x00, 0x00, 0x00, 0x00, 0x00, 0x00, 0x00, 0x00, 0x00,
    0x00, 0x00, 0x00, 0x00, 0x00, 0x00, 0x00, 0x00, 0x00, 0x00, 0x00, 0x00, 0x00, 0x00, 0x00, 0x00, 0x00, 0x00, 0x00, 0x00,
    0x00, 0x00, 0x00, 0x00, 0x00, 0x00, 0x00, 0x00, 0x00, 0x00, 0x00, 0x00, 0x00, 0x00, 0x00, 0x00, 0x00, 0x00, 0x00, 0x00,
    0x00, 0x00, 0x00, 0x00, 0x00, 0x00, 0x00, 0x00, 0x00, 0x00, 0x00, 0x00, 0x00, 0x00, 0x00, 0x00, 0x00, 0x00, 0x00, 0x00,
    0x00, 0x00, 0x00, 0x00, 0x00, 0x00, 0x00, 0x00, 0x00, 0x00, 0x00, 0x00, 0x00, 0x00, 0x00, 0x00, 0x00, 0x00, 0x00, 0x00,
    0x00, 0x00, 0x00, 0x00, 0x00, 0x00, 0x00, 0x00, 0x00, 0x00, 0x00, 0x00, 0x00, 0x00, 0x00, 0x00, 0x00, 0x00, 0x00, 0x00,
    0x00, 0x00, 0x00, 0x00, 0x00, 0x00, 0x00, 0x00, 0x00, 0x00, 0x00, 0x00, 0x00, 0x00, 0x00, 0x00, 0x00, 0x00, 0x00, 0x00,
    0x00, 0x00, 0x00, 0x00, 0x00, 0x00, 0x00, 0x00, 0x00, 0x00, 0x00, 0x00, 0x00, 0x00, 0x00, 0x00, 0x00, 0x00, 0x00, 0x00,
    0x00, 0x00, 0x00, 0x00, 0x00, 0x00, 0x00, 0x00, 0x00, 0x00, 0x00, 0x00, 0x00, 0x00, 0x00, 0x00, 0x00, 0x00, 0x00, 0x00,
    0x00, 0x00, 0x00, 0x00, 0x00, 0x00, 0x00, 0x00, 0x00, 0x00, 0x00, 0x00, 0x00, 0x00, 0x00, 0x00, 0x00, 0x00, 0x00, 0x00,
    0x00, 0x00, 0x00, 0x00, 0x00, 0x00, 0x00, 0x00, 0x00, 0x00, 0x00, 0x00, 0x00, 0x00, 0x00, 0x00, 0x00, 0x00, 0x00, 0x00,
    0x00, 0x00, 0x00, 0x00, 0x00, 0x00, 0x00, 0x00, 0x00, 0x00, 0x00, 0x00, 0x00, 0x00, 0x00, 0x00, 0x00, 0x00, 0x00, 0x00,
    0x00, 0x00, 0x00, 0x00, 0x00, 0x00, 0x00, 0x00, 0x00, 0x00, 0x00, 0x00, 0x00, 0x00, 0x00, 0x00, 0x00, 0x00, 0x00, 0x00,
    0x00, 0x00, 0x00, 0x00, 0x00, 0x00, 0x00, 0x00, 0x00, 0x00, 0x00, 0x00, 0x00, 0x00, 0x00, 0x00, 0x00, 0x00, 0x00, 0x00,
    0x00, 0x00, 0x00, 0x00, 0x00, 0x00, 0x00, 0x00, 0x00, 0x00, 0x00, 0x00, 0x00, 0x00, 0x00, 0x00, 0x00, 0x00, 0x00, 0x00,
    0x00, 0x00, 0x00, 0x00, 0x00, 0x00, 0x00, 0x00, 0x00, 0x00, 0x00, 0x00, 0x00, 0x00, 0x00, 0x00, 0x00, 0x00, 0x00, 0x00,
    0x00, 0x00, 0x00, 0x00, 0x00, 0x00, 0x00, 0x00, 0x00, 0x00, 0x00, 0x00, 0x00, 0x00, 0x00, 0x00, 0x00, 0x00, 0x00, 0x00,
    0x00, 0x00, 0x00, 0x00, 0x00, 0x00, 0x00, 0x00, 0x00, 0x00, 0x00, 0x00, 0x00, 0x00, 0x00, 0x00, 0x00, 0x00, 0x00, 0x00,
    0x00, 0x00, 0x00, 0x00, 0x00, 0x00, 0x00, 0x00, 0x00, 0x00, 0x00, 0x00, 0x00, 0x00, 0x00, 0x00, 0x00, 0x00, 0x00, 0x00,
    0x00, 0x00, 0x00, 0x00, 0x00, 0x00, 0x00, 0x00, 0x00, 0x00, 0x00, 0x00, 0x00, 0x00, 0x00, 0x00, 0x00, 0x00, 0x00, 0x00,
    0x00, 0x00, 0x00, 0x00, 0x00, 0x00, 0x00, 0x00, 0x00, 0x00, 0x00, 0x00, 0x00, 0x00, 0x00, 0x00, 0x00, 0x00, 0x00, 0x00,
    0x00, 0x00, 0x00, 0x00, 0x00, 0x00, 0x00, 0x00, 0x00, 0x00, 0x00, 0x00, 0x00, 0x00, 0x00, 0x00, 0x00, 0x00, 0x00, 0x00,
    0x00, 0x00, 0x00, 0x00, 0x00, 0x00, 0x00, 0x00, 0x00, 0x00, 0x00, 0x00, 0x00, 0x00, 0x00, 0x00, 0x00, 0x00, 0x00, 0x00,
    0x00, 0x00, 0x00, 0x00, 0x00, 0x00, 0x00, 0x00, 0x00, 0x00, 0x00, 0x00, 0x00, 0x00, 0x00, 0x00, 0x00, 0x00, 0x00, 0x00,
    0x00, 0x00, 0x00, 0x00, 0x00, 0x00, 0x00, 0x00, 0x00, 0x00, 0x00, 0x00, 0x00, 0x00, 0x00, 0x00, 0x00, 0x00, 0x00, 0x00,
    0x00, 0x00, 0x00, 0x00, 0x00, 0x00, 0x00, 0x00, 0x00, 0x00, 0x00, 0x00, 0x00, 0x00, 0x00, 0x00, 0x00, 0x00, 0x00, 0x00,
    0x00, 0x00, 0x00, 0x00, 0x00, 0x00, 0x00, 0x00, 0x00, 0x00, 0x00, 0x00, 0x00, 0x00, 0x00, 0x00, 0x00, 0x00, 0x00, 0x00,
    0x00, 0x00, 0x00, 0x00, 0x00, 0x00, 0x00, 0x00, 0x00, 0x00, 0x00, 0x00, 0x00, 0x00, 0x00, 0x00, 0x00, 0x00, 0x00, 0x00,
    0x00, 0x00, 0x00, 0x00, 0x00, 0x00, 0x00, 0x00, 0x00, 0x00, 0x00, 0x00, 0x00, 0x00, 0x00, 0x00, 0x00, 0x00, 0x00, 0x00,
    0x00, 0x00, 0x00, 0x00, 0x00, 0x00, 0x00, 0x00, 0x00, 0x00, 0x00, 0x00, 0x00, 0x00, 0x00, 0x00, 0x00, 0x00, 0x00, 0x00,
    0x00, 0x00, 0x00, 0x00, 0x00, 0x00, 0x00, 0x00, 0x00, 0x00, 0x00, 0x00, 0x00, 0x00, 0x00, 0x00, 0x00, 0x00, 0x00, 0x00,
    0x00, 0x00, 0x00, 0x00, 0x00, 0x00, 0x00, 0x00, 0x00, 0x00, 0x00, 0x00, 0x00, 0x00, 0x00, 0x00, 0x00, 0x00, 0x00, 0x00,
    0x00, 0x00, 0x00, 0x00, 0x00, 0x00, 0x00, 0x00, 0x00, 0x00, 0x00, 0x00, 0x00, 0x00, 0x00, 0x00, 0x00, 0x00, 0x00, 0x00,
    0x00, 0x00, 0x00, 0x00, 0x00, 0x00, 0x00, 0x00, 0x00, 0x00, 0x00, 0x00, 0x00, 0x00, 0x00, 0x00, 0x00, 0x00, 0x00, 0x00,
    0x00, 0x00, 0x00, 0x00, 0x00, 0x00, 0x00, 0x00, 0x00, 0x00, 0x00, 0x00, 0x00, 0x00, 0x00, 0x00, 0x00, 0x00, 0x00, 0x00,
    0x00, 0x00, 0x00, 0x00, 0x00, 0x00, 0x00, 0x00, 0x00, 0x00, 0x00, 0x00, 0x00, 0x00, 0x00, 0x00, 0x00, 0x00, 0x00, 0x00,
    0x00, 0x00, 0x00, 0x00, 0x00, 0x00, 0x00, 0x00, 0x00, 0x00, 0x00, 0x00, 0x00, 0x00, 0x00, 0x00, 0x00, 0x00, 0x00, 0x00,
    0x00, 0x00, 0x00, 0x00, 0x00, 0x00, 0x00, 0x00, 0x00, 0x00, 0x00, 0x00, 0x00, 0x00, 0x00, 0x00, 0x00, 0x00, 0x00, 0x00,
    0x00, 0x00, 0x00, 0x00, 0x00, 0x00, 0x00, 0x00, 0x00, 0x00, 0x00, 0x00, 0x00, 0x00, 0x00, 0x00, 0x00, 0x00, 0x00, 0x00,
    0x00, 0x00, 0x00, 0x00, 0x00, 0x00, 0x00, 0x00, 0x00, 0x00, 0x00, 0x00, 0x00, 0x00, 0x00, 0x00, 0x00, 0x00, 0x00, 0x00,
    0x00, 0x00, 0x00, 0x00, 0x00, 0x00, 0x00, 0x00, 0x00, 0x00, 0x00, 0x00, 0x00, 0x00, 0x00, 0x00, 0x00, 0x00, 0x00, 0x00,
    0x00, 0x00, 0x00, 0x00, 0x00, 0x00, 0x00, 0x00, 0x00, 0x00, 0x00, 0x00, 0x00, 0x00, 0x00, 0x00, 0x00, 0x00, 0x00, 0x00,
    0x00, 0x00, 0x00, 0x00, 0x00, 0x00, 0x00, 0x00, 0x00, 0x00, 0x00, 0x00, 0x00, 0x00, 0x00, 0x00, 0x00, 0x00, 0x00, 0x00,
    0x00, 0x00, 0x00, 0x00, 0x00, 0x00, 0x00, 0x00, 0x00, 0x00, 0x00, 0x00, 0x00, 0x00, 0x00, 0x00, 0x00, 0x00, 0x00, 0x00,
    0x00, 0x00, 0x00, 0x00, 0x00, 0x00, 0x00, 0x00, 0x00, 0x00, 0x00, 0x00, 0x00, 0x00, 0x00, 0x00, 0x00, 0x00, 0x00, 0x00,
    0x00, 0x00, 0x00, 0x00, 0x00, 0x00, 0x00, 0x00, 0x00, 0x00, 0x00, 0x00, 0x00, 0x00, 0x00, 0x00, 0x00, 0x00, 0x00, 0x00,
    0x00, 0x00, 0x00, 0x00, 0x00, 0x00, 0x00, 0x00, 0x00, 0x00, 0x00, 0x00, 0x00, 0x00, 0x00, 0x00, 0x00, 0x00, 0x00, 0x00,
    0x00, 0x00, 0x00, 0x00, 0x00, 0x00, 0x00, 0x00, 0x00, 0x00, 0x00, 0x00, 0x00, 0x00, 0x00, 0x00, 0x00, 0x00, 0x00, 0x00,
    0x00, 0x00, 0x00, 0x00, 0x00, 0x00, 0x00, 0x00, 0x00, 0x00, 0x00, 0x00, 0x00, 0x00, 0x00, 0x00, 0x00, 0x00, 0x00, 0x00,
    0x00, 0x00, 0x00, 0x00, 0x00, 0x00, 0x00, 0x00, 0x00, 0x00, 0x00, 0x00, 0x00, 0x00, 0x00, 0x00, 0x00, 0x00, 0x00, 0x00,
    0x00, 0x00, 0x00, 0x00, 0x00, 0x00, 0x00, 0x00, 0x00, 0x00, 0x00, 0x00, 0x00, 0x00, 0x00, 0x00, 0x00, 0x00, 0x00, 0x00,
    0x00, 0x00, 0x00, 0x00, 0x00, 0x00, 0x00, 0x00, 0x00, 0x00, 0x00, 0x00, 0x00, 0x00, 0x00, 0x00, 0x00, 0x00, 0x00, 0x00,
    0x00, 0x00, 0x00, 0x00, 0x00, 0x00, 0x00, 0x00, 0x00, 0x00, 0x00, 0x00, 0x00, 0x00, 0x00, 0x00, 0x00, 0x00, 0x00, 0x00,
    0x00, 0x00, 0x00, 0x00, 0x00, 0x00, 0x00, 0x00, 0x00, 0x00, 0x00, 0x00, 0x00, 0x00, 0x00, 0x00, 0x00, 0x00, 0x00, 0x00,
    0x00, 0x00, 0x00, 0x00, 0x00, 0x00, 0x00, 0x00, 0x00, 0x00, 0x00, 0x00, 0x00, 0x00, 0x00, 0x00, 0x00, 0x00, 0x00, 0x00,
    0x00, 0x00, 0x00, 0x00, 0x00, 0x00, 0x00, 0x00, 0x00, 0x00, 0x00, 0x00, 0x00, 0x00, 0x00, 0x00, 0x00, 0x00, 0x00, 0x00,
    0x00, 0x00, 0x00, 0x00, 0x00, 0x00, 0x00, 0x00, 0x00, 0x00, 0x00, 0x00, 0x00, 0x00, 0x00, 0x00, 0x00, 0x00, 0x00, 0x00,
    0x00, 0x00, 0x00, 0x00, 0x00, 0x00, 0x00, 0x00, 0x00, 0x00, 0x00, 0x00, 0x00, 0x00, 0x00, 0x00, 0x00, 0x00, 0x00, 0x00,
    0x00, 0x00, 0x00, 0x00, 0x00, 0x00, 0x00, 0x00, 0x00, 0x00, 0x00, 0x00, 0x00, 0x00, 0x00, 0x00, 0x00, 0x00, 0x00, 0x00,
    0x00, 0x00, 0x00, 0x00, 0x00, 0x00, 0x00, 0x00, 0x00, 0x00, 0x00, 0x00, 0x00, 0x00, 0x00, 0x00, 0x00, 0x00, 0x00, 0x00,
    0x00, 0x00, 0x00, 0x00, 0x00, 0x00, 0x00, 0x00, 0x00, 0x00, 0x00, 0x00, 0x00, 0x00, 0x00, 0x00, 0x00, 0x00, 0x00, 0x00,
    0x00, 0x00, 0x00, 0x00, 0x00, 0x00, 0x00, 0x00, 0x00, 0x00, 0x00, 0x00, 0x00, 0x00, 0x00, 0x00, 0x00, 0x00, 0x00, 0x00,
    0x00, 0x00, 0x00, 0x00, 0x00, 0x00, 0x00, 0x00, 0x00, 0x00, 0x00, 0x00, 0x00, 0x00, 0x00, 0x00, 0x00, 0x00, 0x00, 0x00,
    0x00, 0x00, 0x00, 0x00, 0x00, 0x00, 0x00, 0x00, 0x00, 0x00, 0x00, 0x00, 0x00, 0x00, 0x00, 0x00, 0x00, 0x00, 0x00, 0x00,
    0x00, 0x00, 0x00, 0x00, 0x00, 0x00, 0x00, 0x00, 0x00, 0x00, 0x00, 0x00, 0x00, 0x00, 0x00, 0x00, 0x00, 0x00, 0x00, 0x00,
    0x00, 0x00, 0x00, 0x00, 0x00, 0x00, 0x00, 0x00, 0x00, 0x00, 0x00, 0x00, 0x00, 0x00, 0x00, 0x00, 0x00, 0x00, 0x00, 0x00,
    0x00, 0x00, 0x00, 0x00, 0x00, 0x00, 0x00, 0x00, 0x00, 0x00, 0x00, 0x00, 0x00, 0x00, 0x00, 0x00, 0x00, 0x00, 0x00, 0x00,
    0x00, 0x00, 0x00, 0x00, 0x00, 0x00, 0x00, 0x00, 0x00, 0x00, 0x00, 0x00, 0x00, 0x00, 0x00, 0x00, 0x00, 0x00, 0x00, 0x00,
    0x00, 0x00, 0x00, 0x00, 0x00, 0x00, 0x00, 0x00, 0x00, 0x00, 0x00, 0x00, 0x00, 0x00, 0x00, 0x00, 0x00, 0x00, 0x00, 0x00,
    0x00, 0x00, 0x00, 0x00, 0x00, 0x00, 0x00, 0x00, 0x00, 0x00, 0x00, 0x00, 0x00, 0x00, 0x00, 0x00, 0x00, 0x00, 0x00, 0x00,
    0x00, 0x00, 0x00, 0x00, 0x00, 0x00, 0x00, 0x00, 0x00, 0x00, 0x00, 0x00, 0x00, 0x00, 0x00, 0x00, 0x00, 0x00, 0x00, 0x00,
    0x00, 0x00, 0x00, 0x00, 0x00, 0x00, 0x00, 0x00, 0x00, 0x00, 0x00, 0x00, 0x00, 0x00, 0x00, 0x00, 0x00, 0x00, 0x00, 0x00,
    0x00, 0x00, 0x00, 0x00, 0x00, 0x00, 0x00, 0x00, 0x00, 0x00, 0x00, 0x00, 0x00, 0x00, 0x00, 0x00, 0x00, 0x00, 0x00, 0x00,
    0x00, 0x00, 0x00, 0x00, 0x00, 0x00, 0x00, 0x00, 0x00, 0x00, 0x00, 0x00, 0x00, 0x00, 0x00, 0x00, 0x00, 0x00, 0x00, 0x00,
    0x00, 0x00, 0x00, 0x00, 0x00, 0x00, 0x00, 0x00, 0x00, 0x00, 0x00, 0x00, 0x00, 0x00, 0x00, 0x00, 0x00, 0x00, 0x00, 0x00,
    0x00, 0x00, 0x00, 0x00, 0x00, 0x00, 0x00, 0x00, 0x00, 0x00, 0x00, 0x00, 0x00, 0x00, 0x00, 0x00, 0x00, 0x00, 0x00, 0x00,
    0x00, 0x00, 0x00, 0x00, 0x00, 0x00, 0x00, 0x00, 0x00, 0x00, 0x00, 0x00, 0x00, 0x00, 0x00, 0x00, 0x00, 0x00, 0x00, 0x00,
    0x00, 0x00, 0x00, 0x00, 0x00, 0x00, 0x00, 0x00, 0x00, 0x00, 0x00, 0x00, 0x00, 0x00, 0x00, 0x00, 0x00, 0x00, 0x00, 0x00,
    0x00, 0x00, 0x00, 0x00, 0x00, 0x00, 0x00, 0x00, 0x00, 0x00, 0x00, 0x00, 0x00, 0x00, 0x00, 0x00, 0x00, 0x00, 0x00, 0x00,
    0x00, 0x00, 0x00, 0x00, 0x00, 0x00, 0x00, 0x00, 0x00, 0x00, 0x00, 0x00, 0x00, 0x00, 0x00, 0x00, 0x00, 0x00, 0x00, 0x00,
    0x00, 0x00, 0x00, 0x00, 0x00, 0x00, 0x00, 0x00, 0x00, 0x00, 0x00, 0x00, 0x00, 0x00, 0x00, 0x00, 0x00, 0x00, 0x00, 0x00,
    0x00, 0x00, 0x00, 0x00, 0x00, 0x00, 0x00, 0x00, 0x00, 0x00, 0x00, 0x00, 0x00, 0x00, 0x00, 0x00, 0x00, 0x00, 0x00, 0x00,
    0x00, 0x00, 0x00, 0x00, 0x00, 0x00, 0x00, 0x00, 0x00, 0x00, 0x00, 0x00, 0x00, 0x00, 0x00, 0x00, 0x00, 0x00, 0x00, 0x00,
    0x00, 0x00, 0x00, 0x00, 0x00, 0x00, 0x00, 0x00, 0x00, 0x00, 0x00, 0x00, 0x00, 0x00, 0x00, 0x00, 0x00, 0x00, 0x00, 0x00,
    0x00, 0x00, 0x00, 0x00, 0x00, 0x00, 0x00, 0x00, 0x00, 0x00, 0x00, 0x00, 0x00, 0x00, 0x00, 0x00, 0x00, 0x00, 0x00, 0x00,
    0x00, 0x00, 0x00, 0x00, 0x00, 0x00, 0x00, 0x00, 0x00, 0x00, 0x00, 0x00, 0x00, 0x00, 0x00, 0x00, 0x00, 0x00, 0x00, 0x00,
    0x00, 0x00, 0x00, 0x00, 0x00, 0x00, 0x00, 0x00, 0x00, 0x00, 0x00, 0x00, 0x00, 0x00, 0x00, 0x00, 0x00, 0x00, 0x00, 0x00,
    0x00, 0x00, 0x00, 0x00, 0x00, 0x00, 0x00, 0x00, 0x00, 0x00, 0x00, 0x00, 0x00, 0x00, 0x00, 0x00, 0x00, 0x00, 0x00, 0x00,
    0x00, 0x00, 0x00, 0x00, 0x00, 0x00, 0x00, 0x00, 0x00, 0x00, 0x00, 0x00, 0x00, 0x00, 0x00, 0x00, 0x00, 0x00, 0x00, 0x00,
    0x00, 0x00, 0x00, 0x00, 0x00, 0x00, 0x00, 0x00, 0x00, 0x00, 0x00, 0x00, 0x00, 0x00, 0x00, 0x00, 0x00, 0x00, 0x00, 0x00,
    0x00, 0x00, 0x00, 0x00, 0x00, 0x00, 0x00, 0x00, 0x00, 0x00, 0x00, 0x00, 0x00, 0x00, 0x00, 0x00, 0x00, 0x00, 0x00, 0x00,
    0x00, 0x00, 0x00, 0x00, 0x00, 0x00, 0x00, 0x00, 0x00, 0x00, 0x00, 0x00, 0x00, 0x00, 0x00, 0x00, 0x00, 0x00, 0x00, 0x00,
    0x00, 0x00, 0x00, 0x00, 0x00, 0x00, 0x00, 0x00, 0x00, 0x00, 0x00, 0x00, 0x00, 0x00, 0x00, 0x00, 0x00, 0x00, 0x00, 0x00,
    0x00, 0x00, 0x00, 0x00, 0x00, 0x00, 0x00, 0x00, 0x00, 0x00, 0x00, 0x00, 0x00, 0x00, 0x00, 0x00, 0x00, 0x00, 0x00, 0x00,
    0x00, 0x00, 0x00, 0x00, 0x00, 0x00, 0x00, 0x00, 0x00, 0x00, 0x00, 0x00, 0x00, 0x00, 0x00, 0x00, 0x00, 0x00, 0x00, 0x00,
    0x00, 0x00, 0x00, 0x00, 0x00, 0x00, 0x00, 0x00, 0x00, 0x00, 0x00, 0x00, 0x00, 0x00, 0x00, 0x00, 0x00, 0x00, 0x00, 0x00,
    0x00, 0x00, 0x00, 0x00, 0x00, 0x00, 0x00, 0x00, 0x00, 0x00, 0x00, 0x00, 0x00, 0x00, 0x00, 0x00, 0x00, 0x00, 0x00, 0x00,
    0x00, 0x00, 0x00, 0x00, 0x00, 0x00, 0x00, 0x00, 0x00, 0x00, 0x00, 0x00, 0x00, 0x00, 0x00, 0x00, 0x00, 0x00, 0x00, 0x00,
    0x00, 0x00, 0x00, 0x00, 0x00, 0x00, 0x00, 0x00, 0x00, 0x00, 0x00, 0x00, 0x00, 0x00, 0x00, 0x00, 0x00, 0x00, 0x00, 0x00,
    0x00, 0x00, 0x00, 0x00, 0x00, 0x00, 0x00, 0x00, 0x00, 0x00, 0x00, 0x00, 0x00, 0x00, 0x00, 0x00, 0x00, 0x00, 0x00, 0x00,
    0x00, 0x00, 0x00, 0x00, 0x00, 0x00, 0x00, 0x00, 0x00, 0x00, 0x00, 0x00, 0x00, 0x00, 0x00, 0x00, 0x00, 0x00, 0x00, 0x00,
    0x00, 0x00, 0x00, 0x00, 0x00, 0x00, 0x00, 0x00, 0x00, 0x00, 0x00, 0x00, 0x00, 0x00, 0x00, 0x00, 0x00, 0x00, 0x00, 0x00,
    0x00, 0x00, 0x00, 0x00, 0x00, 0x00, 0x00, 0x00, 0x00, 0x00, 0x00, 0x00, 0x00, 0x00, 0x00, 0x00, 0x00, 0x00, 0x00, 0x00,
    0x00, 0x00, 0x00, 0x00, 0x00, 0x00, 0x00, 0x00, 0x00, 0x00, 0x00, 0x00, 0x00, 0x00, 0x00, 0x00, 0x00, 0x00, 0x00, 0x00,
    0x00, 0x00, 0x00, 0x00, 0x00, 0x00, 0x00, 0x00, 0x00, 0x00, 0x00, 0x00, 0x00, 0x00, 0x00, 0x00, 0x00, 0x00, 0x00, 0x00,
    0x00, 0x00, 0x00, 0x00, 0x00, 0x00, 0x00, 0x00, 0x00, 0x00, 0x00, 0x00, 0x00, 0x00, 0x00, 0x00, 0x00, 0x00, 0x00, 0x00,
    0x00, 0x00, 0x00, 0x00, 0x00, 0x00, 0x00, 0x00, 0x00, 0x00, 0x00, 0x00, 0x00, 0x00, 0x00, 0x00, 0x00, 0x00, 0x00, 0x00,
    0x00, 0x00, 0x00, 0x00, 0x00, 0x00, 0x00, 0x00, 0x00, 0x00, 0x00, 0x00, 0x00, 0x00, 0x00, 0x00, 0x00, 0x00, 0x00, 0x00,
    0x00, 0x00, 0x00, 0x00, 0x00, 0x00, 0x00, 0x00, 0x00, 0x00, 0x00, 0x00, 0x00, 0x00, 0x00, 0x00, 0x00, 0x00, 0x00, 0x00,
    0x00, 0x00, 0x00, 0x00, 0x00, 0x00, 0x00, 0x00, 0x00, 0x00, 0x00, 0x00, 0x00, 0x00, 0x00, 0x00, 0x00, 0x00, 0x00, 0x00,
    0x00, 0x00, 0x00, 0x00, 0x00, 0x00, 0x00, 0x00, 0x00, 0x00, 0x00, 0x00, 0x00, 0x00, 0x00, 0x00, 0x00, 0x00, 0x00, 0x00,
    0x00, 0x00, 0x00, 0x00, 0x00, 0x00, 0x00, 0x00, 0x00, 0x00, 0x00, 0x00, 0x00, 0x00, 0x00, 0x00, 0x00, 0x00, 0x00, 0x00,
    0x00, 0x00, 0x00, 0x00, 0x00, 0x00, 0x00, 0x00, 0x00, 0x00, 0x00, 0x00, 0x00, 0x00, 0x00, 0x00, 0x00, 0x00, 0x00, 0x00,
    0x00, 0x00, 0x00, 0x00, 0x00, 0x00, 0x00, 0x00, 0x00, 0x00, 0x00, 0x00, 0x00, 0x00, 0x00, 0x00, 0x00, 0x00, 0x00, 0x00,
    0x00, 0x00, 0x00, 0x00, 0x00, 0x00, 0x00, 0x00, 0x00, 0x00, 0x00, 0x00, 0x00, 0x00, 0x00, 0x00, 0x00, 0x00, 0x00, 0x00,
    0x00, 0x00, 0x00, 0x00, 0x00, 0x00, 0x00, 0x00, 0x00, 0x00, 0x00, 0x00, 0x00, 0x00, 0x00, 0x00, 0x00, 0x00, 0x00, 0x00,
    0x00, 0x00, 0x00, 0x00, 0x00, 0x00, 0x00, 0x00, 0x00, 0x00, 0x00, 0x00, 0x00, 0x00, 0x00, 0x00, 0x00, 0x00, 0x00, 0x00,
    0x00, 0x00, 0x00, 0x00, 0x00, 0x00, 0x00, 0x00, 0x00, 0x00, 0x00, 0x00, 0x00, 0x00, 0x00, 0x00, 0x00, 0x00, 0x00, 0x00,
    0x00, 0x00, 0x00, 0x00, 0x00, 0x00, 0x00, 0x00, 0x00, 0x00, 0x00, 0x00, 0x00, 0x00, 0x00, 0x00, 0x00, 0x00, 0x00, 0x00,
    0x00, 0x00, 0x00, 0x00, 0x00, 0x00, 0x00, 0x00, 0x00, 0x00, 0x00, 0x00, 0x00, 0x00, 0x00, 0x00, 0x00, 0x00, 0x00, 0x00,
    0x00, 0x00, 0x00, 0x00, 0x00, 0x00, 0x00, 0x00, 0x00, 0x00, 0x00, 0x00, 0x00, 0x00, 0x00, 0x00, 0x00, 0x00, 0x00, 0x00,
    0x00, 0x00, 0x00, 0x00, 0x00, 0x00, 0x00, 0x00, 0x00, 0x00, 0x00, 0x00, 0x00, 0x00, 0x00, 0x00, 0x00, 0x00, 0x00, 0x00,
    0x00, 0x00, 0x00, 0x00, 0x00, 0x00, 0x00, 0x00, 0x00, 0x00, 0x00, 0x00, 0x00, 0x00, 0x00, 0x00, 0x00, 0x00, 0x00, 0x00,
    0x00, 0x00, 0x00, 0x00, 0x00, 0x00, 0x00, 0x00, 0x00, 0x00, 0x00, 0x00, 0x00, 0x00, 0x00, 0x00, 0x00, 0x00, 0x00, 0x00,
    0x00, 0x00, 0x00, 0x00, 0x00, 0x00, 0x00, 0x00, 0x00, 0x00, 0x00, 0x00, 0x00, 0x00, 0x00, 0x00, 0x00, 0x00, 0x00, 0x00,
    0x00, 0x00, 0x00, 0x00, 0x00, 0x00, 0x00, 0x00, 0x00, 0x00, 0x00, 0x00, 0x00, 0x00, 0x00, 0x00, 0x00, 0x00, 0x00, 0x00,
    0x00, 0x00, 0x00, 0x00, 0x00, 0x00, 0x00, 0x00, 0x00, 0x00, 0x00, 0x00, 0x00, 0x00, 0x00, 0x00, 0x00, 0x00, 0x00, 0x00,
    0x00, 0x00, 0x00, 0x00, 0x00, 0x00, 0x00, 0x00, 0x00, 0x00, 0x00, 0x00, 0x00, 0x00, 0x00, 0x00, 0x00, 0x00, 0x00, 0x00,
    0x00, 0x00, 0x00, 0x00, 0x00, 0x00, 0x00, 0x00, 0x00, 0x00, 0x00, 0x00, 0x00, 0x00, 0x00, 0x00, 0x00, 0x00, 0x00, 0x00,
    0x00, 0x00, 0x00, 0x00, 0x00, 0x00, 0x00, 0x00, 0x00, 0x00, 0x00, 0x00, 0x00, 0x00, 0x00, 0x00, 0x00, 0x00, 0x00, 0x00,
    0x00, 0x00, 0x00, 0x00, 0x00, 0x00, 0x00, 0x00, 0x00, 0x00, 0x00, 0x00, 0x00, 0x00, 0x00, 0x00, 0x00, 0x00, 0x00, 0x00,
    0x00, 0x00, 0x00, 0x00, 0x00, 0x00, 0x00, 0x00, 0x00, 0x00, 0x00, 0x00, 0x00, 0x00, 0x00, 0x00, 0x00, 0x00, 0x00, 0x00,
    0x00, 0x00, 0x00, 0x00, 0x00, 0x00, 0x00, 0x00, 0x00, 0x00, 0x00, 0x00, 0x00, 0x00, 0x00, 0x00, 0x00, 0x00, 0x00, 0x00,
    0x00, 0x00, 0x00, 0x00, 0x00, 0x00, 0x00, 0x00, 0x00, 0x00, 0x00, 0x00, 0x00, 0x00, 0x00, 0x00, 0x00, 0x00, 0x00, 0x00,
    0x00, 0x00, 0x00, 0x00, 0x00, 0x00, 0x00, 0x00, 0x00, 0x00, 0x00, 0x00, 0x00, 0x00, 0x00, 0x00, 0x00, 0x00, 0x00, 0x00,
    0x00, 0x00, 0x00, 0x00, 0x00, 0x00, 0x00, 0x00, 0x00, 0x00, 0x00, 0x00, 0x00, 0x00, 0x00, 0x00, 0x00, 0x00, 0x00, 0x00,
    0x00, 0x00, 0x00, 0x00, 0x00, 0x00, 0x00, 0x00, 0x00, 0x00, 0x00, 0x00, 0x00, 0x00, 0x00, 0x00, 0x00, 0x00, 0x00, 0x00,
    0x00, 0x00, 0x00, 0x00, 0x00, 0x00, 0x00, 0x00, 0x00, 0x00, 0x00, 0x00, 0x00, 0x00, 0x00, 0x00, 0x00, 0x00, 0x00, 0x00,
    0x00, 0x00, 0x00, 0x00, 0x00, 0x00, 0x00, 0x00, 0x00, 0x00, 0x00, 0x00, 0x00, 0x00, 0x00, 0x00, 0x00, 0x00, 0x00, 0x00,
    0x00, 0x00, 0x00, 0x00, 0x00, 0x00, 0x00, 0x00, 0x00, 0x00, 0x00, 0x00, 0x00, 0x00, 0x00, 0x00, 0x00, 0x00, 0x00, 0x00,
    0x00, 0x00, 0x00, 0x00, 0x00, 0x00, 0x00, 0x00, 0x00, 0x00, 0x00, 0x00, 0x00, 0x00, 0x00, 0x00, 0x00, 0x00, 0x00, 0x00,
    0x00, 0x00, 0x00, 0x00, 0x00, 0x00, 0x00, 0x00, 0x00, 0x00, 0x00, 0x00, 0x00, 0x00, 0x00, 0x00, 0x00, 0x00, 0x00, 0x00,
    0x00, 0x00, 0x00, 0x00, 0x00, 0x00, 0x00, 0x00, 0x00, 0x00, 0x00, 0x00, 0x00, 0x00, 0x00, 0x00, 0x00, 0x00, 0x00, 0x00,
    0x00, 0x00, 0x00, 0x00, 0x00, 0x00, 0x00, 0x00, 0x00, 0x00, 0x00, 0x00, 0x00, 0x00, 0x00, 0x00, 0x00, 0x00, 0x00, 0x00,
    0x00, 0x00, 0x00, 0x00, 0x00, 0x00, 0x00, 0x00, 0x00, 0x00, 0x00, 0x00, 0x00, 0x00, 0x00, 0x00, 0x00, 0x00, 0x00, 0x00,
    0x00, 0x00, 0x00, 0x00, 0x00, 0x00, 0x00, 0x00, 0x00, 0x00, 0x00, 0x00, 0x00, 0x00, 0x00, 0x00, 0x00, 0x00, 0x00, 0x00,
    0x00, 0x00, 0x00, 0x00, 0x00, 0x00, 0x00, 0x00, 0x00, 0x00, 0x00, 0x00, 0x00, 0x00, 0x00, 0x00, 0x00, 0x00, 0x00, 0x00,
    0x00, 0x00, 0x00, 0x00, 0x00, 0x00, 0x00, 0x00, 0x00, 0x00, 0x00, 0x00, 0x00, 0x00, 0x00, 0x00, 0x00, 0x00, 0x00, 0x00,
    0x00, 0x00, 0x00, 0x00, 0x00, 0x00, 0x00, 0x00, 0x00, 0x00, 0x00, 0x00, 0x00, 0x00, 0x00, 0x00, 0x00, 0x00, 0x00, 0x00,
    0x00, 0x00, 0x00, 0x00, 0x00, 0x00, 0x00, 0x00, 0x00, 0x00, 0x00, 0x00, 0x00, 0x00, 0x00, 0x00, 0x00, 0x00, 0x00, 0x00,
    0x00, 0x00, 0x00, 0x00, 0x00, 0x00, 0x00, 0x00, 0x00, 0x00, 0x00, 0x00, 0x00, 0x00, 0x00, 0x00, 0x00, 0x00, 0x00, 0x00,
    0x00, 0x00, 0x00, 0x00, 0x00, 0x00, 0x00, 0x00, 0x00, 0x00, 0x00, 0x00, 0x00, 0x00, 0x00, 0x00, 0x00, 0x00, 0x00, 0x00,
    0x00, 0x00, 0x00, 0x00, 0x00, 0x00, 0x00, 0x00, 0x00, 0x00, 0x00, 0x00, 0x00, 0x00, 0x00, 0x00, 0x00, 0x00, 0x00, 0x00,
    0x00, 0x00, 0x00, 0x00, 0x00, 0x00, 0x00, 0x00, 0x00, 0x00, 0x00, 0x00, 0x00, 0x00, 0x00, 0x00, 0x00, 0x00, 0x00, 0x00,
    0x00, 0x00, 0x00, 0x00, 0x00, 0x00, 0x00, 0x00, 0x00, 0x00, 0x00, 0x00, 0x00, 0x00, 0x00, 0x00, 0x00, 0x00, 0x00, 0x00,
    0x00, 0x00, 0x00, 0x00, 0x00, 0x00, 0x00, 0x00, 0x00, 0x00, 0x00, 0x00, 0x00, 0x00, 0x00, 0x00, 0x00, 0x00, 0x00, 0x00,
    0x00, 0x00, 0x00, 0x00, 0x00, 0x00, 0x00, 0x00, 0x00, 0x00, 0x00, 0x00, 0x00, 0x00, 0x00, 0x00, 0x00, 0x00, 0x00, 0x00,
    0x00, 0x00, 0x00, 0x00, 0x00, 0x00, 0x00, 0x00, 0x00, 0x00, 0x00, 0x00, 0x00, 0x00, 0x00, 0x00, 0x00, 0x00, 0x00, 0x00,
    0x00, 0x00, 0x00, 0x00, 0x00, 0x00, 0x00, 0x00, 0x00, 0x00, 0x00, 0x00, 0x00, 0x00, 0x00, 0x00, 0x00, 0x00, 0x00, 0x00,
    0x00, 0x00, 0x00, 0x00, 0x00, 0x00, 0x00, 0x00, 0x00, 0x00, 0x00, 0x00, 0x00, 0x00, 0x00, 0x00, 0x00, 0x00, 0x00, 0x00,
    0x00, 0x00, 0x00, 0x00, 0x00, 0x00, 0x00, 0x00, 0x00, 0x00, 0x00, 0x00, 0x00, 0x00, 0x00, 0x00, 0x00, 0x00, 0x00, 0x00,
    0x00, 0x00, 0x00, 0x00, 0x00, 0x00, 0x00, 0x00, 0x00, 0x00, 0x00, 0x00, 0x00, 0x00, 0x00, 0x00, 0x00, 0x00, 0x00, 0x00,
    0x00, 0x00, 0x00, 0x00, 0x00, 0x00, 0x00, 0x00, 0x00, 0x00, 0x00, 0x00, 0x00, 0x00, 0x00, 0x00, 0x00, 0x00, 0x00, 0x00,
    0x00, 0x00, 0x00, 0x00, 0x00, 0x00, 0x00, 0x00, 0x00, 0x00, 0x00, 0x00, 0x00, 0x00, 0x00, 0x00, 0x00, 0x00, 0x00, 0x00,
    0x00, 0x00, 0x00, 0x00, 0x00, 0x00, 0x00, 0x00, 0x00, 0x00, 0x00, 0x00, 0x00, 0x00, 0x00, 0x00, 0x00, 0x00, 0x00, 0x00,
    0x00, 0x00, 0x00, 0x00, 0x00, 0x00, 0x00, 0x00, 0x00, 0x00, 0x00, 0x00, 0x00, 0x00, 0x00, 0x00, 0x00, 0x00, 0x00, 0x00,
    0x00, 0x00, 0x00, 0x00, 0x00, 0x00, 0x00, 0x00, 0x00, 0x00, 0x00, 0x00, 0x00, 0x00, 0x00, 0x00, 0x00, 0x00, 0x00, 0x00,
    0x00, 0x00, 0x00, 0x00, 0x00, 0x00, 0x00, 0x00, 0x00, 0x00, 0x00, 0x00, 0x00, 0x00, 0x00, 0x00, 0x00, 0x00, 0x00, 0x00,
    0x00, 0x00, 0x00, 0x00, 0x00, 0x00, 0x00, 0x00, 0x00, 0x00, 0x00, 0x00, 0x00, 0x00, 0x00, 0x00, 0x00, 0x00, 0x00, 0x00,
    0x00, 0x00, 0x00, 0x00, 0x00, 0x00, 0x00, 0x00, 0x00, 0x00, 0x00, 0x00, 0x00, 0x00, 0x00, 0x00, 0x00, 0x00, 0x00, 0x00,
    0x00, 0x00, 0x00, 0x00, 0x00, 0x00, 0x00, 0x00, 0x00, 0x00, 0x00, 0x00, 0x00, 0x00, 0x00, 0x00, 0x00, 0x00, 0x00, 0x00,
    0x00, 0x00, 0x00, 0x00, 0x00, 0x00, 0x00, 0x00, 0x00, 0x00, 0x00, 0x00, 0x00, 0x00, 0x00, 0x00, 0x00, 0x00, 0x00, 0x00,
    0x00, 0x00, 0x00, 0x00, 0x00, 0x00, 0x00, 0x00, 0x00, 0x00, 0x00, 0x00, 0x00, 0x00, 0x00, 0x00, 0x00, 0x00, 0x00, 0x00,
    0x00, 0x00, 0x00, 0x00, 0x00, 0x00, 0x00, 0x00, 0x00, 0x00, 0x00, 0x00, 0x00, 0x00, 0x00, 0x00, 0x00, 0x00, 0x00, 0x00,
    0x00, 0x00, 0x00, 0x00, 0x00, 0x00, 0x00, 0x00, 0x00, 0x00, 0x00, 0x00, 0x00, 0x00, 0x00, 0x00, 0x00, 0x00, 0x00, 0x00,
    0x00, 0x00, 0x00, 0x00, 0x00, 0x00, 0x00, 0x00, 0x00, 0x00, 0x00, 0x00, 0x00, 0x00, 0x00, 0x00, 0x00, 0x00, 0x00, 0x00,
    0x00, 0x00, 0x00, 0x00, 0x00, 0x00, 0x00, 0x00, 0x00, 0x00, 0x00, 0x00, 0x00, 0x00, 0x00, 0x00, 0x00, 0x00, 0x00, 0x00,
    0x00, 0x00, 0x00, 0x00, 0x00, 0x00, 0x00, 0x00, 0x00, 0x00, 0x00, 0x00, 0x00, 0x00, 0x00, 0x00, 0x00, 0x00, 0x00, 0x00,
    0x00, 0x00, 0x00, 0x00, 0x00, 0x00, 0x00, 0x00, 0x00, 0x00, 0x00, 0x00, 0x00, 0x00, 0x00, 0x00, 0x00, 0x00, 0x00, 0x00,
    0x00, 0x00, 0x00, 0x00, 0x00, 0x00, 0x00, 0x00, 0x00, 0x00, 0x00, 0x00, 0x00, 0x00, 0x00, 0x00, 0x00, 0x00, 0x00, 0x00,
    0x00, 0x00, 0x00, 0x00, 0x00, 0x00, 0x00, 0x00, 0x00, 0x00, 0x00, 0x00, 0x00, 0x00, 0x00, 0x00, 0x00, 0x00, 0x00, 0x00,
    0x00, 0x00, 0x00, 0x00, 0x00, 0x00, 0x00, 0x00, 0x00, 0x00, 0x00, 0x00, 0x00, 0x00, 0x00, 0x00, 0x00, 0x00, 0x00, 0x00,
    0x00, 0x00, 0x00, 0x00, 0x00, 0x00, 0x00, 0x00, 0x00, 0x00, 0x00, 0x00, 0x00, 0x00, 0x00, 0x00, 0x00, 0x00, 0x00, 0x00,
    0x00, 0x00, 0x00, 0x00, 0x00, 0x00, 0x00, 0x00, 0x00, 0x00, 0x00, 0x00, 0x00, 0x00, 0x00, 0x00, 0x00, 0x00, 0x00, 0x00,
    0x00, 0x00, 0x00, 0x00, 0x00, 0x00, 0x00, 0x00, 0x00, 0x00, 0x00, 0x00, 0x00, 0x00, 0x00, 0x00, 0x00, 0x00, 0x00, 0x00,
    0x00, 0x00, 0x00, 0x00, 0x00, 0x00, 0x00, 0x00, 0x00, 0x00, 0x00, 0x00, 0x00, 0x00, 0x00, 0x00, 0x00, 0x00, 0x00, 0x00,
    0x00, 0x00, 0x00, 0x00, 0x00, 0x00, 0x00, 0x00, 0x00, 0x00, 0x00, 0x00, 0x00, 0x00, 0x00, 0x00, 0x00, 0x00, 0x00, 0x00,
    0x00, 0x00, 0x00, 0x00, 0x00, 0x00, 0x00, 0x00, 0x00, 0x00, 0x00, 0x00, 0x00, 0x00, 0x00, 0x00, 0x00, 0x00, 0x00, 0x00,
    0x00, 0x00, 0x00, 0x00, 0x00, 0x00, 0x00, 0x00, 0x00, 0x00, 0x00, 0x00, 0x00, 0x00, 0x00, 0x00, 0x00, 0x00, 0x00, 0x00,
    0x00, 0x00, 0x00, 0x00, 0x00, 0x00, 0x00, 0x00, 0x00, 0x00, 0x00, 0x00, 0x00, 0x00, 0x00, 0x00, 0x00, 0x00, 0x00, 0x00,
    0x00, 0x00, 0x00, 0x00, 0x00, 0x00, 0x00, 0x00, 0x00, 0x00, 0x00, 0x00, 0x00, 0x00, 0x00, 0x00, 0x00, 0x00, 0x00, 0x00,
    0x00, 0x00, 0x00, 0x00, 0x00, 0x00, 0x00, 0x00, 0x00, 0x00, 0x00, 0x00, 0x00, 0x00, 0x00, 0x00, 0x00, 0x00, 0x00, 0x00,
    0x00, 0x00, 0x00, 0x00, 0x00, 0x00, 0x00, 0x00, 0x00, 0x00, 0x00, 0x00, 0x00, 0x00, 0x00, 0x00, 0x00, 0x00, 0x00, 0x00,
    0x00, 0x00, 0x00, 0x00, 0x00, 0x00, 0x00, 0x00, 0x00, 0x00, 0x00, 0x00, 0x00, 0x00, 0x00, 0x00, 0x00, 0x00, 0x00, 0x00,
    0x00, 0x00, 0x00, 0x00, 0x00, 0x00, 0x00, 0x00, 0x00, 0x00, 0x00, 0x00, 0x00, 0x00, 0x00, 0x00, 0x00, 0x00, 0x00, 0x00,
    0x00, 0x00, 0x00, 0x00, 0x00, 0x00, 0x00, 0x00, 0x00, 0x00, 0x00, 0x00, 0x00, 0x00, 0x00, 0x00, 0x00, 0x00, 0x00, 0x00,
    0x00, 0x00, 0x00, 0x00, 0x00, 0x00, 0x00, 0x00, 0x00, 0x00, 0x00, 0x00, 0x00, 0x00, 0x00, 0x00, 0x00, 0x00, 0x00, 0x00,
    0x00, 0x00, 0x00, 0x00, 0x00, 0x00, 0x00, 0x00, 0x00, 0x00, 0x00, 0x00, 0x00, 0x00, 0x00, 0x00, 0x00, 0x00, 0x00, 0x00,
    0x00, 0x00, 0x00, 0x00, 0x00, 0x00, 0x00, 0x00, 0x00, 0x00, 0x00, 0x00, 0x00, 0x00, 0x00, 0x00, 0x00, 0x00, 0x00, 0x00,
    0x00, 0x00, 0x00, 0x00, 0x00, 0x00, 0x00, 0x00, 0x00, 0x00, 0x00, 0x00, 0x00, 0x00, 0x00, 0x00, 0x00, 0x00, 0x00, 0x00,
    0x00, 0x00, 0x00, 0x00, 0x00, 0x00, 0x00, 0x00, 0x00, 0x00, 0x00, 0x00, 0x00, 0x00, 0x00, 0x00, 0x00, 0x00, 0x00, 0x00,
    0x00, 0x00, 0x00, 0x00, 0x00, 0x00, 0x00, 0x00, 0x00, 0x00, 0x00, 0x00, 0x00, 0x00, 0x00, 0x00, 0x00, 0x00, 0x00, 0x00,
    0x00, 0x00, 0x00, 0x00, 0x00, 0x00, 0x00, 0x00, 0x00, 0x00, 0x00, 0x00, 0x00, 0x00, 0x00, 0x00, 0x00, 0x00, 0x00, 0x00,
    0x00, 0x00, 0x00, 0x00, 0x00, 0x00, 0x00, 0x00, 0x00, 0x00, 0x00, 0x00, 0x00, 0x00, 0x00, 0x00, 0x00, 0x00, 0x00, 0x00,
    0x00, 0x00, 0x00, 0x00, 0x00, 0x00, 0x00, 0x00, 0x00, 0x00, 0x00, 0x00, 0x00, 0x00, 0x00, 0x00, 0x00, 0x00, 0x00, 0x00,
    0x00, 0x00, 0x00, 0x00, 0x00, 0x00, 0x00, 0x00, 0x00, 0x00, 0x00, 0x00, 0x00, 0x00, 0x00, 0x00, 0x00, 0x00, 0x00, 0x00,
    0x00, 0x00, 0x00, 0x00, 0x00, 0x00, 0x00, 0x00, 0x00, 0x00, 0x00, 0x00, 0x00, 0x00, 0x00, 0x00, 0x00, 0x00, 0x00, 0x00,
    0x00, 0x00, 0x00, 0x00, 0x00, 0x00, 0x00, 0x00, 0x00, 0x00, 0x00, 0x00, 0x00, 0x00, 0x00, 0x00, 0x00, 0x00, 0x00, 0x00,
    0x00, 0x00, 0x00, 0x00, 0x00, 0x00, 0x00, 0x00, 0x00, 0x00, 0x00, 0x00, 0x00, 0x00, 0x00, 0x00, 0x00, 0x00, 0x00, 0x00,
    0x00, 0x00, 0x00, 0x00, 0x00, 0x00, 0x00, 0x00, 0x00, 0x00, 0x00, 0x00, 0x00, 0x00, 0x00, 0x00, 0x00, 0x00, 0x00, 0x00,
    0x00, 0x00, 0x00, 0x00, 0x00, 0x00, 0x00, 0x00, 0x00, 0x00, 0x00, 0x00, 0x00, 0x00, 0x00, 0x00, 0x00, 0x00, 0x00, 0x00,
    0x00, 0x00, 0x00, 0x00, 0x00, 0x00, 0x00, 0x00, 0x00, 0x00, 0x00, 0x00, 0x00, 0x00, 0x00, 0x00, 0x00, 0x00, 0x00, 0x00,
    0x00, 0x00, 0x00, 0x00, 0x00, 0x00, 0x00, 0x00, 0x00, 0x00, 0x00, 0x00, 0x00, 0x00, 0x00, 0x00, 0x00, 0x00, 0x00, 0x00,
    0x00, 0x00, 0x00, 0x00, 0x00, 0x00, 0x00, 0x00, 0x00, 0x00, 0x00, 0x00, 0x00, 0x00, 0x00, 0x00, 0x00, 0x00, 0x00, 0x00,
    0x00, 0x00, 0x00, 0x00, 0x00, 0x00, 0x00, 0x00, 0x00, 0x00, 0x00, 0x00, 0x00, 0x00, 0x00, 0x00, 0x00, 0x00, 0x00, 0x00,
    0x00, 0x00, 0x00, 0x00, 0x00, 0x00, 0x00, 0x00, 0x00, 0x00, 0x00, 0x00, 0x00, 0x00, 0x00, 0x00, 0x00, 0x00, 0x00, 0x00,
    0x00, 0x00, 0x00, 0x00, 0x00, 0x00, 0x00, 0x00, 0x00, 0x00, 0x00, 0x00, 0x00, 0x00, 0x00, 0x00, 0x00, 0x00, 0x00, 0x00,
    0x00, 0x00, 0x00, 0x00, 0x00, 0x00, 0x00, 0x00, 0x00, 0x00, 0x00, 0x00, 0x00, 0x00, 0x00, 0x00, 0x00, 0x00, 0x00, 0x00,
    0x00, 0x00, 0x00, 0x00, 0x00, 0x00, 0x00, 0x00, 0x00, 0x00, 0x00, 0x00, 0x00, 0x00, 0x00, 0x00, 0x00, 0x00, 0x00, 0x00,
    0x00, 0x00, 0x00, 0x00, 0x00, 0x00, 0x00, 0x00, 0x00, 0x00, 0x00, 0x00, 0x00, 0x00, 0x00, 0x00, 0x00, 0x00, 0x00, 0x00,
    0x00, 0x00, 0x00, 0x00, 0x00, 0x00, 0x00, 0x00, 0x00, 0x00, 0x00, 0x00, 0x00, 0x00, 0x00, 0x00, 0x00, 0x00, 0x00, 0x00,
    0x00, 0x00, 0x00, 0x00, 0x00, 0x00, 0x00, 0x00, 0x00, 0x00, 0x00, 0x00, 0x00, 0x00, 0x00, 0x00, 0x00, 0x00, 0x00, 0x00,
    0x00, 0x00, 0x00, 0x00, 0x00, 0x00, 0x00, 0x00, 0x00, 0x00, 0x00, 0x00, 0x00, 0x00, 0x00, 0x00, 0x00, 0x00, 0x00, 0x00,
    0x00, 0x00, 0x00, 0x00, 0x00, 0x00, 0x00, 0x00, 0x00, 0x00, 0x00, 0x00, 0x00, 0x00, 0x00, 0x00, 0x00, 0x00, 0x00, 0x00,
    0x00, 0x00, 0x00, 0x00, 0x00, 0x00, 0x00, 0x00, 0x00, 0x00, 0x00, 0x00, 0x00, 0x00, 0x00, 0x00, 0x00, 0x00, 0x00, 0x00,
    0x00, 0x00, 0x00, 0x00, 0x00, 0x00, 0x00, 0x00, 0x00, 0x00, 0x00, 0x00, 0x00, 0x00, 0x00, 0x00, 0x00, 0x00, 0x00, 0x00,
    0x00, 0x00, 0x00, 0x00, 0x00, 0x00, 0x00, 0x00, 0x00, 0x00, 0x00, 0x00, 0x00, 0x00, 0x00, 0x00, 0x00, 0x00, 0x00, 0x00,
    0x00, 0x00, 0x00, 0x00, 0x00, 0x00, 0x00, 0x00, 0x00, 0x00, 0x00, 0x00, 0x00, 0x00, 0x00, 0x00, 0x00, 0x00, 0x00, 0x00,
    0x00, 0x00, 0x00, 0x00, 0x00, 0x00, 0x00, 0x00, 0x00, 0x00, 0x00, 0x00, 0x00, 0x00, 0x00, 0x00, 0x00, 0x00, 0x00, 0x00,
    0x00, 0x00, 0x00, 0x00, 0x00, 0x00, 0x00, 0x00, 0x00, 0x00, 0x00, 0x00, 0x00, 0x00, 0x00, 0x00, 0x00, 0x00, 0x00, 0x00,
    0x00, 0x00, 0x00, 0x00, 0x00, 0x00, 0x00, 0x00, 0x00, 0x00, 0x00, 0x00, 0x00, 0x00, 0x00, 0x00, 0x00, 0x00, 0x00, 0x00,
    0x00, 0x00, 0x00, 0x00, 0x00, 0x00, 0x00, 0x00, 0x00, 0x00, 0x00, 0x00, 0x00, 0x00, 0x00, 0x00, 0x00, 0x00, 0x00, 0x00,
    0x00, 0x00, 0x00, 0x00, 0x00, 0x00, 0x00, 0x00, 0x00, 0x00, 0x00, 0x00, 0x00, 0x00, 0x00, 0x00, 0x00, 0x00, 0x00, 0x00,
    0x00, 0x00, 0x00, 0x00, 0x00, 0x00, 0x00, 0x00, 0x00, 0x00, 0x00, 0x00, 0x00, 0x00, 0x00, 0x00, 0x00, 0x00, 0x00, 0x00,
    0x00, 0x00, 0x00, 0x00, 0x00, 0x00, 0x00, 0x00, 0x00, 0x00, 0x00, 0x00, 0x00, 0x00, 0x00, 0x00, 0x00, 0x00, 0x00, 0x00,
    0x00, 0x00, 0x00, 0x00, 0x00, 0x00, 0x00, 0x00, 0x00, 0x00, 0x00, 0x00, 0x00, 0x00, 0x00, 0x00, 0x00, 0x00, 0x00, 0x00,
    0x00, 0x00, 0x00, 0x00, 0x00, 0x00, 0x00, 0x00, 0x00, 0x00, 0x00, 0x00, 0x00, 0x00, 0x00, 0x00, 0x00, 0x00, 0x00, 0x00,
    0x00, 0x00, 0x00, 0x00, 0x00, 0x00, 0x00, 0x00, 0x00, 0x00, 0x00, 0x00, 0x00, 0x00, 0x00, 0x00, 0x00, 0x00, 0x00, 0x00,
    0x00, 0x00, 0x00, 0x00, 0x00, 0x00, 0x00, 0x00, 0x00, 0x00, 0x00, 0x00, 0x00, 0x00, 0x00, 0x00, 0x00, 0x00, 0x00, 0x00,
    0x00, 0x00, 0x00, 0x00, 0x00, 0x00, 0x00, 0x00, 0x00, 0x00, 0x00, 0x00, 0x00, 0x00, 0x00, 0x00, 0x00, 0x00, 0x00, 0x00,
    0x00, 0x00, 0x00, 0x00, 0x00, 0x00, 0x00, 0x00, 0x00, 0x00, 0x00, 0x00, 0x00, 0x00, 0x00, 0x00, 0x00, 0x00, 0x00, 0x00,
    0x00, 0x00, 0x00, 0x00, 0x00, 0x00, 0x00, 0x00, 0x00, 0x00, 0x00, 0x00, 0x00, 0x00, 0x00, 0x00, 0x00, 0x00, 0x00, 0x00,
    0x00, 0x00, 0x00, 0x00, 0x00, 0x00, 0x00, 0x00, 0x00, 0x00, 0x00, 0x00, 0x00, 0x00, 0x00, 0x00, 0x00, 0x00, 0x00, 0x00,
    0x00, 0x00, 0x00, 0x00, 0x00, 0x00, 0x00, 0x00, 0x00, 0x00, 0x00, 0x00, 0x00, 0x00, 0x00, 0x00, 0x00, 0x00, 0x00, 0x00,
    0x00, 0x00, 0x00, 0x00, 0x00, 0x00, 0x00, 0x00, 0x00, 0x00, 0x00, 0x00, 0x00, 0x00, 0x00, 0x00, 0x00, 0x00, 0x00, 0x00,
    0x00, 0x00, 0x00, 0x00, 0x00, 0x00, 0x00, 0x00, 0x00, 0x00, 0x00, 0x00, 0x00, 0x00, 0x00, 0x00, 0x00, 0x00, 0x00, 0x00,
    0x00, 0x00, 0x00, 0x00, 0x00, 0x00, 0x00, 0x00, 0x00, 0x00, 0x00, 0x00, 0x00, 0x00, 0x00, 0x00, 0x00, 0x00, 0x00, 0x00,
    0x00, 0x00, 0x00, 0x00, 0x00, 0x00, 0x00, 0x00, 0x00, 0x00, 0x00, 0x00, 0x00, 0x00, 0x00, 0x00, 0x00, 0x00, 0x00, 0x00,
    0x00, 0x00, 0x00, 0x00, 0x00, 0x00, 0x00, 0x00, 0x00, 0x00, 0x00, 0x00, 0x00, 0x00, 0x00, 0x00, 0x00, 0x00, 0x00, 0x00,
    0x00, 0x00, 0x00, 0x00, 0x00, 0x00, 0x00, 0x00, 0x00, 0x00, 0x00, 0x00, 0x00, 0x00, 0x00, 0x00, 0x00, 0x00, 0x00, 0x00,
    0x00, 0x00, 0x00, 0x00, 0x00, 0x00, 0x00, 0x00, 0x00, 0x00, 0x00, 0x00, 0x00, 0x00, 0x00, 0x00, 0x00, 0x00, 0x00, 0x00,
    0x00, 0x00, 0x00, 0x00, 0x00, 0x00, 0x00, 0x00, 0x00, 0x00, 0x00, 0x00, 0x00, 0x00, 0x00, 0x00, 0x00, 0x00, 0x00, 0x00,
    0x00, 0x00, 0x00, 0x00, 0x00, 0x00, 0x00, 0x00, 0x00, 0x00, 0x00, 0x00, 0x00, 0x00, 0x00, 0x00, 0x00, 0x00, 0x00, 0x00,
    0x00, 0x00, 0x00, 0x00, 0x00, 0x00, 0x00, 0x00, 0x00, 0x00, 0x00, 0x00, 0x00, 0x00, 0x00, 0x00, 0x00, 0x00, 0x00, 0x00,
    0x00, 0x00, 0x00, 0x00, 0x00, 0x00, 0x00, 0x00, 0x00, 0x00, 0x00, 0x00, 0x00, 0x00, 0x00, 0x00, 0x00, 0x00, 0x00, 0x00,
    0x00, 0x00, 0x00, 0x00, 0x00, 0x00, 0x00, 0x00, 0x00, 0x00, 0x00, 0x00, 0x00, 0x00, 0x00, 0x00, 0x00, 0x00, 0x00, 0x00,
    0x00, 0x00, 0x00, 0x00, 0x00, 0x00, 0x00, 0x00, 0x00, 0x00, 0x00, 0x00, 0x00, 0x00, 0x00, 0x00, 0x00, 0x00, 0x00, 0x00,
    0x00, 0x00, 0x00, 0x00, 0x00, 0x00, 0x00, 0x00, 0x00, 0x00, 0x00, 0x00, 0x00, 0x00, 0x00, 0x00, 0x00, 0x00, 0x00, 0x00,
    0x00, 0x00, 0x00, 0x00, 0x00, 0x00, 0x00, 0x00, 0x00, 0x00, 0x00, 0x00, 0x00, 0x00, 0x00, 0x00, 0x00, 0x00, 0x00, 0x00,
    0x00, 0x00, 0x00, 0x00, 0x00, 0x00, 0x00, 0x00, 0x00, 0x00, 0x00, 0x00, 0x00, 0x00, 0x00, 0x00, 0x00, 0x00, 0x00, 0x00,
    0x00, 0x00, 0x00, 0x00, 0x00, 0x00, 0x00, 0x00, 0x00, 0x00, 0x00, 0x00, 0x00, 0x00, 0x00, 0x00, 0x00, 0x00, 0x00, 0x00,
    0x00, 0x00, 0x00, 0x00, 0x00, 0x00, 0x00, 0x00, 0x00, 0x00, 0x00, 0x00, 0x00, 0x00, 0x00, 0x00, 0x00, 0x00, 0x00, 0x00,
    0x00, 0x00, 0x00, 0x00, 0x00, 0x00, 0x00, 0x00, 0x00, 0x00, 0x00, 0x00, 0x00, 0x00, 0x00, 0x00, 0x00, 0x00, 0x00, 0x00,
    0x00, 0x00, 0x00, 0x00, 0x00, 0x00, 0x00, 0x00, 0x00, 0x00, 0x00, 0x00, 0x00, 0x00, 0x00, 0x00, 0x00, 0x00, 0x00, 0x00,
    0x00, 0x00, 0x00, 0x00, 0x00, 0x00, 0x00, 0x00, 0x00, 0x00, 0x00, 0x00, 0x00, 0x00, 0x00, 0x00, 0x00, 0x00, 0x00, 0x00,
    0x00, 0x00, 0x00, 0x00, 0x00, 0x00, 0x00, 0x00, 0x00, 0x00, 0x00, 0x00, 0x00, 0x00, 0x00, 0x00, 0x00, 0x00, 0x00, 0x00,
    0x00, 0x00, 0x00, 0x00, 0x00, 0x00, 0x00, 0x00, 0x00, 0x00, 0x00, 0x00, 0x00, 0x00, 0x00, 0x00, 0x00, 0x00, 0x00, 0x00,
    0x00, 0x00, 0x00, 0x00, 0x00, 0x00, 0x00, 0x00, 0x00, 0x00, 0x00, 0x00, 0x00, 0x00, 0x00, 0x00, 0x00, 0x00, 0x00, 0x00,
    0x00, 0x00, 0x00, 0x00, 0x00, 0x00, 0x00, 0x00, 0x00, 0x00, 0x00, 0x00, 0x00, 0x00, 0x00, 0x00, 0x00, 0x00, 0x00, 0x00,
    0x00, 0x00, 0x00, 0x00, 0x00, 0x00, 0x00, 0x00, 0x00, 0x00, 0x00, 0x00, 0x00, 0x00, 0x00, 0x00, 0x00, 0x00, 0x00, 0x00,
    0x00, 0x00, 0x00, 0x00, 0x00, 0x00, 0x00, 0x00, 0x00, 0x00, 0x00, 0x00, 0x00, 0x00, 0x00, 0x00, 0x00, 0x00, 0x00, 0x00,
    0x00, 0x00, 0x00, 0x00, 0x00, 0x00, 0x00, 0x00, 0x00, 0x00, 0x00, 0x00, 0x00, 0x00, 0x00, 0x00, 0x00, 0x00, 0x00, 0x00,
    0x00, 0x00, 0x00, 0x00, 0x00, 0x00, 0x00, 0x00, 0x00, 0x00, 0x00, 0x00, 0x00, 0x00, 0x00, 0x00, 0x00, 0x00, 0x00, 0x00,
    0x00, 0x00, 0x00, 0x00, 0x00, 0x00, 0x00, 0x00, 0x00, 0x00, 0x00, 0x00, 0x00, 0x00, 0x00, 0x00, 0x00, 0x00, 0x00, 0x00,
    0x00, 0x00, 0x00, 0x00, 0x00, 0x00, 0x00, 0x00, 0x00, 0x00, 0x00, 0x00, 0x00, 0x00, 0x00, 0x00, 0x00, 0x00, 0x00, 0x00,
    0x00, 0x00, 0x00, 0x00, 0x00, 0x00, 0x00, 0x00, 0x00, 0x00, 0x00, 0x00, 0x00, 0x00, 0x00, 0x00, 0x00, 0x00, 0x00, 0x00,
    0x00, 0x00, 0x00, 0x00, 0x00, 0x00, 0x00, 0x00, 0x00, 0x00, 0x00, 0x00, 0x00, 0x00, 0x00, 0x00, 0x00, 0x00, 0x00, 0x00,
    0x00, 0x00, 0x00, 0x00, 0x00, 0x00, 0x00, 0x00, 0x00, 0x00, 0x00, 0x00, 0x00, 0x00, 0x00, 0x00, 0x00, 0x00, 0x00, 0x00,
    0x00, 0x00, 0x00, 0x00, 0x00, 0x00, 0x00, 0x00, 0x00, 0x00, 0x00, 0x00, 0x00, 0x00, 0x00, 0x00, 0x00, 0x00, 0x00, 0x00,
    0x00, 0x00, 0x00, 0x00, 0x00, 0x00, 0x00, 0x00, 0x00, 0x00, 0x00, 0x00, 0x00, 0x00, 0x00, 0x00, 0x00, 0x00, 0x00, 0x00,
    0x00, 0x00, 0x00, 0x00, 0x00, 0x00, 0x00, 0x00, 0x00, 0x00, 0x00, 0x00, 0x00, 0x00, 0x00, 0x00, 0x00, 0x00, 0x00, 0x00,
    0x00, 0x00, 0x00, 0x00, 0x00, 0x00, 0x00, 0x00, 0x00, 0x00, 0x00, 0x00, 0x00, 0x00, 0x00, 0x00, 0x00, 0x00, 0x00, 0x00,
    0x00, 0x00, 0x00, 0x00, 0x00, 0x00, 0x00, 0x00, 0x00, 0x00, 0x00, 0x00, 0x00, 0x00, 0x00, 0x00, 0x00, 0x00, 0x00, 0x00,
    0x00, 0x00, 0x00, 0x00, 0x00, 0x00, 0x00, 0x00, 0x00, 0x00, 0x00, 0x00, 0x00, 0x00, 0x00, 0x00, 0x00, 0x00, 0x00, 0x00,
    0x00, 0x00, 0x00, 0x00, 0x00, 0x00, 0x00, 0x00, 0x00, 0x00, 0x00, 0x00, 0x00, 0x00, 0x00, 0x00, 0x00, 0x00, 0x00, 0x00,
    0x00, 0x00, 0x00, 0x00, 0x00, 0x00, 0x00, 0x00, 0x00, 0x00, 0x00, 0x00, 0x00, 0x00, 0x00, 0x00, 0x00, 0x00, 0x00, 0x00,
    0x00, 0x00, 0x00, 0x00, 0x00, 0x00, 0x00, 0x00, 0x00, 0x00, 0x00, 0x00, 0x00, 0x00, 0x00, 0x00, 0x00, 0x00, 0x00, 0x00,
    0x00, 0x00, 0x00, 0x00, 0x00, 0x00, 0x00, 0x00, 0x00, 0x00, 0x00, 0x00, 0x00, 0x00, 0x00, 0x00, 0x00, 0x00, 0x00, 0x00,
    0x00, 0x00, 0x00, 0x00, 0x00, 0x00, 0x00, 0x00, 0x00, 0x00, 0x00, 0x00, 0x00, 0x00, 0x00, 0x00, 0x00, 0x00, 0x00, 0x00,
    0x00, 0x00, 0x00, 0x00, 0x00, 0x00, 0x00, 0x00, 0x00, 0x00, 0x00, 0x00, 0x00, 0x00, 0x00, 0x00, 0x00, 0x00, 0x00, 0x00,
    0x00, 0x00, 0x00, 0x00, 0x00, 0x00, 0x00, 0x00, 0x00, 0x00, 0x00, 0x00, 0x00, 0x00, 0x00, 0x00, 0x00, 0x00, 0x00, 0x00,
    0x00, 0x00, 0x00, 0x00, 0x00, 0x00, 0x00, 0x00, 0x00, 0x00, 0x00, 0x00, 0x00, 0x00, 0x00, 0x00, 0x00, 0x00, 0x00, 0x00,
    0x00, 0x00, 0x00, 0x00, 0x00, 0x00, 0x00, 0x00, 0x00, 0x00, 0x00, 0x00, 0x00, 0x00, 0x00, 0x00, 0x00, 0x00, 0x00, 0x00,
    0x00, 0x00, 0x00, 0x00, 0x00, 0x00, 0x00, 0x00, 0x00, 0x00, 0x00, 0x00, 0x00, 0x00, 0x00, 0x00, 0x00, 0x00, 0x00, 0x00,
    0x00, 0x00, 0x00, 0x00, 0x00, 0x00, 0x00, 0x00, 0x00, 0x00, 0x00, 0x00, 0x00, 0x00, 0x00, 0x00, 0x00, 0x00, 0x00, 0x00,
    0x00, 0x00, 0x00, 0x00, 0x00, 0x00, 0x00, 0x00, 0x00, 0x00, 0x00, 0x00, 0x00, 0x00, 0x00, 0x00, 0x00, 0x00, 0x00, 0x00,
    0x00, 0x00, 0x00, 0x00, 0x00, 0x00, 0x00, 0x00, 0x00, 0x00, 0x00, 0x00, 0x00, 0x00, 0x00, 0x00, 0x00, 0x00, 0x00, 0x00,
    0x00, 0x00, 0x00, 0x00, 0x00, 0x00, 0x00, 0x00, 0x00, 0x00, 0x00, 0x00, 0x00, 0x00, 0x00, 0x00, 0x00, 0x00, 0x00, 0x00,
    0x00, 0x00, 0x00, 0x00, 0x00, 0x00, 0x00, 0x00, 0x00, 0x00, 0x00, 0x00, 0x00, 0x00, 0x00, 0x00, 0x00, 0x00, 0x00, 0x00,
    0x00, 0x00, 0x00, 0x00, 0x00, 0x00, 0x00, 0x00, 0x00, 0x00, 0x00, 0x00, 0x00, 0x00, 0x00, 0x00, 0x00, 0x00, 0x00, 0x00,
    0x00, 0x00, 0x00, 0x00, 0x00, 0x00, 0x00, 0x00, 0x00, 0x00, 0x00, 0x00, 0x00, 0x00, 0x00, 0x00, 0x00, 0x00, 0x00, 0x00,
    0x00, 0x00, 0x00, 0x00, 0x00, 0x00, 0x00, 0x00, 0x00, 0x00, 0x00, 0x00, 0x00, 0x00, 0x00, 0x00, 0x00, 0x00, 0x00, 0x00,
    0x00, 0x00, 0x00, 0x00, 0x00, 0x00, 0x00, 0x00, 0x00, 0x00, 0x00, 0x00, 0x00, 0x00, 0x00, 0x00, 0x00, 0x00, 0x00, 0x00,
    0x00, 0x00, 0x00, 0x00, 0x00, 0x00, 0x00, 0x00, 0x00, 0x00, 0x00, 0x00, 0x00, 0x00, 0x00, 0x00, 0x00, 0x00, 0x00, 0x00,
    0x00, 0x00, 0x00, 0x00, 0x00, 0x00, 0x00, 0x00, 0x00, 0x00, 0x00, 0x00, 0x00, 0x00, 0x00, 0x00, 0x00, 0x00, 0x00, 0x00,
    0x00, 0x00, 0x00, 0x00, 0x00, 0x00, 0x00, 0x00, 0x00, 0x00, 0x00, 0x00, 0x00, 0x00, 0x00, 0x00, 0x00, 0x00, 0x00, 0x00,
    0x00, 0x00, 0x00, 0x00, 0x00, 0x00, 0x00, 0x00, 0x00, 0x00, 0x00, 0x00, 0x00, 0x00, 0x00, 0x00, 0x00, 0x00, 0x00, 0x00,
    0x00, 0x00, 0x00, 0x00, 0x00, 0x00, 0x00, 0x00, 0x00, 0x00, 0x00, 0x00, 0x00, 0x00, 0x00, 0x00, 0x00, 0x00, 0x00, 0x00,
    0x00, 0x00, 0x00, 0x00, 0x00, 0x00, 0x00, 0x00, 0x00, 0x00, 0x00, 0x00, 0x00, 0x00, 0x00, 0x00, 0x00, 0x00, 0x00, 0x00,
    0x00, 0x00, 0x00, 0x00, 0x00, 0x00, 0x00, 0x00, 0x00, 0x00, 0x00, 0x00, 0x00, 0x00, 0x00, 0x00, 0x00, 0x00, 0x00, 0x00,
    0x00, 0x00, 0x00, 0x00, 0x00, 0x00, 0x00, 0x00, 0x00, 0x00, 0x00, 0x00, 0x00, 0x00, 0x00, 0x00, 0x00, 0x00, 0x00, 0x00,
    0x00, 0x00, 0x00, 0x00, 0x00, 0x00, 0x00, 0x00, 0x00, 0x00, 0x00, 0x00, 0x00, 0x00, 0x00, 0x00, 0x00, 0x00, 0x00, 0x00,
    0x00, 0x00, 0x00, 0x00, 0x00, 0x00, 0x00, 0x00, 0x00, 0x00, 0x00, 0x00, 0x00, 0x00, 0x00, 0x00, 0x00, 0x00, 0x00, 0x00,
    0x00, 0x00, 0x00, 0x00, 0x00, 0x00, 0x00, 0x00, 0x00, 0x00, 0x00, 0x00, 0x00, 0x00, 0x00, 0x00, 0x00, 0x00, 0x00, 0x00,
    0x00, 0x00, 0x00, 0x00, 0x00, 0x00, 0x00, 0x00, 0x00, 0x00, 0x00, 0x00, 0x00, 0x00, 0x00, 0x00, 0x00, 0x00, 0x00, 0x00,
    0x00, 0x00, 0x00, 0x00, 0x00, 0x00, 0x00, 0x00, 0x00, 0x00, 0x00, 0x00, 0x00, 0x00, 0x00, 0x00, 0x00, 0x00, 0x00, 0x00,
    0x00, 0x00, 0x00, 0x00, 0x00, 0x00, 0x00, 0x00, 0x00, 0x00, 0x00, 0x00, 0x00, 0x00, 0x00, 0x00, 0x00, 0x00, 0x00, 0x00,
    0x00, 0x00, 0x00, 0x00, 0x00, 0x00, 0x00, 0x00, 0x00, 0x00, 0x00, 0x00, 0x00, 0x00, 0x00, 0x00, 0x00, 0x00, 0x00, 0x00,
    0x00, 0x00, 0x00, 0x00, 0x00, 0x00, 0x00, 0x00, 0x00, 0x00, 0x00, 0x00, 0x00, 0x00, 0x00, 0x00, 0x00, 0x00, 0x00, 0x00,
    0x00, 0x00, 0x00, 0x00, 0x00, 0x00, 0x00, 0x00, 0x00, 0x00, 0x00, 0x00, 0x00, 0x00, 0x00, 0x00, 0x00, 0x00, 0x00, 0x00,
    0x00, 0x00, 0x00, 0x00, 0x00, 0x00, 0x00, 0x00, 0x00, 0x00, 0x00, 0x00, 0x00, 0x00, 0x00, 0x00, 0x00, 0x00, 0x00, 0x00,
    0x00, 0x00, 0x00, 0x00, 0x00, 0x00, 0x00, 0x00, 0x00, 0x00, 0x00, 0x00, 0x00, 0x00, 0x00, 0x00, 0x00, 0x00, 0x00, 0x00,
    0x00, 0x00, 0x00, 0x00, 0x00, 0x00, 0x00, 0x00, 0x00, 0x00, 0x00, 0x00, 0x00, 0x00, 0x00, 0x00, 0x00, 0x00, 0x00, 0x00,
    0x00, 0x00, 0x00, 0x00, 0x00, 0x00, 0x00, 0x00, 0x00, 0x00, 0x00, 0x00, 0x00, 0x00, 0x00, 0x00, 0x00, 0x00, 0x00, 0x00,
    0x00, 0x00, 0x00, 0x00, 0x00, 0x00, 0x00, 0x00, 0x00, 0x00, 0x00, 0x00, 0x00, 0x00, 0x00, 0x00, 0x00, 0x00, 0x00, 0x00,
    0x00, 0x00, 0x00, 0x00, 0x00, 0x00, 0x00, 0x00, 0x00, 0x00, 0x00, 0x00, 0x00, 0x00, 0x00, 0x00, 0x00, 0x00, 0x00, 0x00,
    0x00, 0x00, 0x00, 0x00, 0x00, 0x00, 0x00, 0x00, 0x00, 0x00, 0x00, 0x00, 0x00, 0x00, 0x00, 0x00, 0x00, 0x00, 0x00, 0x00,
    0x00, 0x00, 0x00, 0x00, 0x00, 0x00, 0x00, 0x00, 0x00, 0x00, 0x00, 0x00, 0x00, 0x00, 0x00, 0x00, 0x00, 0x00, 0x00, 0x00,
    0x00, 0x00, 0x00, 0x00, 0x00, 0x00, 0x00, 0x00, 0x00, 0x00, 0x00, 0x00, 0x00, 0x00, 0x00, 0x00, 0x00, 0x00, 0x00, 0x00,
    0x00, 0x00, 0x00, 0x00, 0x00, 0x00, 0x00, 0x00, 0x00, 0x00, 0x00, 0x00, 0x00, 0x00, 0x00, 0x00, 0x00, 0x00, 0x00, 0x00,
    0x00, 0x00, 0x00, 0x00, 0x00, 0x00, 0x00, 0x00, 0x00, 0x00, 0x00, 0x00, 0x00, 0x00, 0x00, 0x00, 0x00, 0x00, 0x00, 0x00,
    0x00, 0x00, 0x00, 0x00, 0x00, 0x00, 0x00, 0x00, 0x00, 0x00, 0x00, 0x00, 0x00, 0x00, 0x00, 0x00, 0x00, 0x00, 0x00, 0x00,
    0x00, 0x00, 0x00, 0x00, 0x00, 0x00, 0x00, 0x00, 0x00, 0x00, 0x00, 0x00, 0x00, 0x00, 0x00, 0x00, 0x00, 0x00, 0x00, 0x00,
    0x00, 0x00, 0x00, 0x00, 0x00, 0x00, 0x00, 0x00, 0x00, 0x00, 0x00, 0x00, 0x00, 0x00, 0x00, 0x00, 0x00, 0x00, 0x00, 0x00,
    0x00, 0x00, 0x00, 0x00, 0x00, 0x00, 0x00, 0x00, 0x00, 0x00, 0x00, 0x00, 0x00, 0x00, 0x00, 0x00, 0x00, 0x00, 0x00, 0x00,
    0x00, 0x00, 0x00, 0x00, 0x00, 0x00, 0x00, 0x00, 0x00, 0x00, 0x00, 0x00, 0x00, 0x00, 0x00, 0x00, 0x00, 0x00, 0x00, 0x00,
    0x00, 0x00, 0x00, 0x00, 0x00, 0x00, 0x00, 0x00, 0x00, 0x00, 0x00, 0x00, 0x00, 0x00, 0x00, 0x00, 0x00, 0x00, 0x00, 0x00,
    0x00, 0x00, 0x00, 0x00, 0x00, 0x00, 0x00, 0x00, 0x00, 0x00, 0x00, 0x00, 0x00, 0x00, 0x00, 0x00, 0x00, 0x00, 0x00, 0x00,
    0x00, 0x00, 0x00, 0x00, 0x00, 0x00, 0x00, 0x00, 0x00, 0x00, 0x00, 0x00, 0x00, 0x00, 0x00, 0x00, 0x00, 0x00, 0x00, 0x00,
    0x00, 0x00, 0x00, 0x00, 0x00, 0x00, 0x00, 0x00, 0x00, 0x00, 0x00, 0x00, 0x00, 0x00, 0x00, 0x00, 0x00, 0x00, 0x00, 0x00,
    0x00, 0x00, 0x00, 0x00, 0x00, 0x00, 0x00, 0x00, 0x00, 0x00, 0x00, 0x00, 0x00, 0x00, 0x00, 0x00, 0x00, 0x00, 0x00, 0x00,
    0x00, 0x00, 0x00, 0x00, 0x00, 0x00, 0x00, 0x00, 0x00, 0x00, 0x00, 0x00, 0x00, 0x00, 0x00, 0x00, 0x00, 0x00, 0x00, 0x00,
    0x00, 0x00, 0x00, 0x00, 0x00, 0x00, 0x00, 0x00, 0x00, 0x00, 0x00, 0x00, 0x00, 0x00, 0x00, 0x00, 0x00, 0x00, 0x00, 0x00,
    0x00, 0x00, 0x00, 0x00, 0x00, 0x00, 0x00, 0x00, 0x00, 0x00, 0x00, 0x00, 0x00, 0x00, 0x00, 0x00, 0x00, 0x00, 0x00, 0x00,
    0x00, 0x00, 0x00, 0x00, 0x00, 0x00, 0x00, 0x00, 0x00, 0x00, 0x00, 0x00, 0x00, 0x00, 0x00, 0x00, 0x00, 0x00, 0x00, 0x00,
    0x00, 0x00, 0x00, 0x00, 0x00, 0x00, 0x00, 0x00, 0x00, 0x00, 0x00, 0x00, 0x00, 0x00, 0x00, 0x00, 0x00, 0x00, 0x00, 0x00,
    0x00, 0x00, 0x00, 0x00, 0x00, 0x00, 0x00, 0x00, 0x00, 0x00, 0x00, 0x00, 0x00, 0x00, 0x00, 0x00, 0x00, 0x00, 0x00, 0x00,
    0x00, 0x00, 0x00, 0x00, 0x00, 0x00, 0x00, 0x00, 0x00, 0x00, 0x00, 0x00, 0x00, 0x00, 0x00, 0x00, 0x00, 0x00, 0x00, 0x00,
    0x00, 0x00, 0x00, 0x00, 0x00, 0x00, 0x00, 0x00, 0x00, 0x00, 0x00, 0x00, 0x00, 0x00, 0x00, 0x00, 0x00, 0x00, 0x00, 0x00,
    0x00, 0x00, 0x00, 0x00, 0x00, 0x00, 0x00, 0x00, 0x00, 0x00, 0x00, 0x00, 0x00, 0x00, 0x00, 0x00, 0x00, 0x00, 0x00, 0x00,
    0x00, 0x00, 0x00, 0x00, 0x00, 0x00, 0x00, 0x00, 0x00, 0x00, 0x00, 0x00, 0x00, 0x00, 0x00, 0x00, 0x00, 0x00, 0x00, 0x00,
    0x00, 0x00, 0x00, 0x00, 0x00, 0x00, 0x00, 0x00, 0x00, 0x00, 0x00, 0x00, 0x00, 0x00, 0x00, 0x00, 0x00, 0x00, 0x00, 0x00,
    0x00, 0x00, 0x00, 0x00, 0x00, 0x00, 0x00, 0x00, 0x00, 0x00, 0x00, 0x00, 0x00, 0x00, 0x00, 0x00, 0x00, 0x00, 0x00, 0x00,
    0x00, 0x00, 0x00, 0x00, 0x00, 0x00, 0x00, 0x00, 0x00, 0x00, 0x00, 0x00, 0x00, 0x00, 0x00, 0x00, 0x00, 0x00, 0x00, 0x00,
    0x00, 0x00, 0x00, 0x00, 0x00, 0x00, 0x00, 0x00, 0x00, 0x00, 0x00, 0x00, 0x00, 0x00, 0x00, 0x00, 0x00, 0x00, 0x00, 0x00,
    0x00, 0x00, 0x00, 0x00, 0x00, 0x00, 0x00, 0x00, 0x00, 0x00, 0x00, 0x00, 0x00, 0x00, 0x00, 0x00, 0x00, 0x00, 0x00, 0x00,
    0x00, 0x00, 0x00, 0x00, 0x00, 0x00, 0x00, 0x00, 0x00, 0x00, 0x00, 0x00, 0x00, 0x00, 0x00, 0x00, 0x00, 0x00, 0x00, 0x00,
    0x00, 0x00, 0x00, 0x00, 0x00, 0x00, 0x00, 0x00, 0x00, 0x00, 0x00, 0x00, 0x00, 0x00, 0x00, 0x00, 0x00, 0x00, 0x00, 0x00,
    0x00, 0x00, 0x00, 0x00, 0x00, 0x00, 0x00, 0x00, 0x00, 0x00, 0x00, 0x00, 0x00, 0x00, 0x00, 0x00, 0x00, 0x00, 0x00, 0x00,
    0x00, 0x00, 0x00, 0x00, 0x00, 0x00, 0x00, 0x00, 0x00, 0x00, 0x00, 0x00, 0x00, 0x00, 0x00, 0x00, 0x00, 0x00, 0x00, 0x00,
    0x00, 0x00, 0x00, 0x00, 0x00, 0x00, 0x00, 0x00, 0x00, 0x00, 0x00, 0x00, 0x00, 0x00, 0x00, 0x00, 0x00, 0x00, 0x00, 0x00,
    0x00, 0x00, 0x00, 0x00, 0x00, 0x00, 0x00, 0x00, 0x00, 0x00, 0x00, 0x00, 0x00, 0x00, 0x00, 0x00, 0x00, 0x00, 0x00, 0x00,
    0x00, 0x00, 0x00, 0x00, 0x00, 0x00, 0x00, 0x00, 0x00, 0x00, 0x00, 0x00, 0x00, 0x00, 0x00, 0x00, 0x00, 0x00, 0x00, 0x00,
    0x00, 0x00, 0x00, 0x00, 0x00, 0x00, 0x00, 0x00, 0x00, 0x00, 0x00, 0x00, 0x00, 0x00, 0x00, 0x00, 0x00, 0x00, 0x00, 0x00,
    0x00, 0x00, 0x00, 0x00, 0x00, 0x00, 0x00, 0x00, 0x00, 0x00, 0x00, 0x00, 0x00, 0x00, 0x00, 0x00, 0x00, 0x00, 0x00, 0x00,
    0x00, 0x00, 0x00, 0x00, 0x00, 0x00, 0x00, 0x00, 0x00, 0x00, 0x00, 0x00, 0x00, 0x00, 0x00, 0x00, 0x00, 0x00, 0x00, 0x00,
    0x00, 0x00, 0x00, 0x00, 0x00, 0x00, 0x00, 0x00, 0x00, 0x00, 0x00, 0x00, 0x00, 0x00, 0x00, 0x00, 0x00, 0x00, 0x00, 0x00,
    0x00, 0x00, 0x00, 0x00, 0x00, 0x00, 0x00, 0x00, 0x00, 0x00, 0x00, 0x00, 0x00, 0x00, 0x00, 0x00, 0x00, 0x00, 0x00, 0x00,
    0x00, 0x00, 0x00, 0x00, 0x00, 0x00, 0x00, 0x00, 0x00, 0x00, 0x00, 0x00, 0x00, 0x00, 0x00, 0x00, 0x00, 0x00, 0x00, 0x00,
    0x00, 0x00, 0x00, 0x00, 0x00, 0x00, 0x00, 0x00, 0x00, 0x00, 0x00, 0x00, 0x00, 0x00, 0x00, 0x00, 0x00, 0x00, 0x00, 0x00,
    0x00, 0x00, 0x00, 0x00, 0x00, 0x00, 0x00, 0x00, 0x00, 0x00, 0x00, 0x00, 0x00, 0x00, 0x00, 0x00, 0x00, 0x00, 0x00, 0x00,
    0x00, 0x00, 0x00, 0x00, 0x00, 0x00, 0x00, 0x00, 0x00, 0x00, 0x00, 0x00, 0x00, 0x00, 0x00, 0x00, 0x00, 0x00, 0x00, 0x00,
    0x00, 0x00, 0x00, 0x00, 0x00, 0x00, 0x00, 0x00, 0x00, 0x00, 0x00, 0x00, 0x00, 0x00, 0x00, 0x00, 0x00, 0x00, 0x00, 0x00,
    0x00, 0x00, 0x00, 0x00, 0x00, 0x00, 0x00, 0x00, 0x00, 0x00, 0x00, 0x00, 0x00, 0x00, 0x00, 0x00, 0x00, 0x00, 0x00, 0x00,
    0x00, 0x00, 0x00, 0x00, 0x00, 0x00, 0x00, 0x00, 0x00, 0x00, 0x00, 0x00, 0x00, 0x00, 0x00, 0x00, 0x00, 0x00, 0x00, 0x00,
    0x00, 0x00, 0x00, 0x00, 0x00, 0x00, 0x00, 0x00, 0x00, 0x00, 0x00, 0x00, 0x00, 0x00, 0x00, 0x00, 0x00, 0x00, 0x00, 0x00,
    0x00, 0x00, 0x00, 0x00, 0x00, 0x00, 0x00, 0x00, 0x00, 0x00, 0x00, 0x00, 0x00, 0x00, 0x00, 0x00, 0x00, 0x00, 0x00, 0x00,
    0x00, 0x00, 0x00, 0x00, 0x00, 0x00, 0x00, 0x00, 0x00, 0x00, 0x00, 0x00, 0x00, 0x00, 0x00, 0x00, 0x00, 0x00, 0x00, 0x00,
    0x00, 0x00, 0x00, 0x00, 0x00, 0x00, 0x00, 0x00, 0x00, 0x00, 0x00, 0x00, 0x00, 0x00, 0x00, 0x00, 0x00, 0x00, 0x00, 0x00,
    0x00, 0x00, 0x00, 0x00, 0x00, 0x00, 0x00, 0x00, 0x00, 0x00, 0x00, 0x00, 0x00, 0x00, 0x00, 0x00, 0x00, 0x00, 0x00, 0x00,
    0x00, 0x00, 0x00, 0x00, 0x00, 0x00, 0x00, 0x00, 0x00, 0x00, 0x00, 0x00, 0x00, 0x00, 0x00, 0x00, 0x00, 0x00, 0x00, 0x00,
    0x00, 0x00, 0x00, 0x00, 0x00, 0x00, 0x00, 0x00, 0x00, 0x00, 0x00, 0x00, 0x00, 0x00, 0x00, 0x00, 0x00, 0x00, 0x00, 0x00,
    0x00, 0x00, 0x00, 0x00, 0x00, 0x00, 0x00, 0x00, 0x00, 0x00, 0x00, 0x00, 0x00, 0x00, 0x00, 0x00, 0x00, 0x00, 0x00, 0x00,
    0x00, 0x00, 0x00, 0x00, 0x00, 0x00, 0x00, 0x00, 0x00, 0x00, 0x00, 0x00, 0x00, 0x00, 0x00, 0x00, 0x00, 0x00, 0x00, 0x00,
    0x00, 0x00, 0x00, 0x00, 0x00, 0x00, 0x00, 0x00, 0x00, 0x00, 0x00, 0x00, 0x00, 0x00, 0x00, 0x00, 0x00, 0x00, 0x00, 0x00,
    0x00, 0x00, 0x00, 0x00, 0x00, 0x00, 0x00, 0x00, 0x00, 0x00, 0x00, 0x00, 0x00, 0x00, 0x00, 0x00, 0x00, 0x00, 0x00, 0x00,
    0x00, 0x00, 0x00, 0x00, 0x00, 0x00, 0x00, 0x00, 0x00, 0x00, 0x00, 0x00, 0x00, 0x00, 0x00, 0x00, 0x00, 0x00, 0x00, 0x00,
    0x00, 0x00, 0x00, 0x00, 0x00, 0x00, 0x00, 0x00, 0x00, 0x00, 0x00, 0x00, 0x00, 0x00, 0x00, 0x00, 0x00, 0x00, 0x00, 0x00,
    0x00, 0x00, 0x00, 0x00, 0x00, 0x00, 0x00, 0x00, 0x00, 0x00, 0x00, 0x00, 0x00, 0x00, 0x00, 0x00, 0x00, 0x00, 0x00, 0x00,
    0x00, 0x00, 0x00, 0x00, 0x00, 0x00, 0x00, 0x00, 0x00, 0x00, 0x00, 0x00, 0x00, 0x00, 0x00, 0x00, 0x00, 0x00, 0x00, 0x00,
    0x00, 0x00, 0x00, 0x00, 0x00, 0x00, 0x00, 0x00, 0x00, 0x00, 0x00, 0x00, 0x00, 0x00, 0x00, 0x00, 0x00, 0x00, 0x00, 0x00,
    0x00, 0x00, 0x00, 0x00, 0x00, 0x00, 0x00, 0x00, 0x00, 0x00, 0x00, 0x00, 0x00, 0x00, 0x00, 0x00, 0x00, 0x00, 0x00, 0x00,
    0x00, 0x00, 0x00, 0x00, 0x00, 0x00, 0x00, 0x00, 0x00, 0x00, 0x00, 0x00, 0x00, 0x00, 0x00, 0x00, 0x00, 0x00, 0x00, 0x00,
    0x00, 0x00, 0x00, 0x00, 0x00, 0x00, 0x00, 0x00, 0x00, 0x00, 0x00, 0x00, 0x00, 0x00, 0x00, 0x00, 0x00, 0x00, 0x00, 0x00,
    0x00, 0x00, 0x00, 0x00, 0x00, 0x00, 0x00, 0x00, 0x00, 0x00, 0x00, 0x00, 0x00, 0x00, 0x00, 0x00, 0x00, 0x00, 0x00, 0x00,
    0x00, 0x00, 0x00, 0x00, 0x00, 0x00, 0x00, 0x00, 0x00, 0x00, 0x00, 0x00, 0x00, 0x00, 0x00, 0x00, 0x00, 0x00, 0x00, 0x00,
    0x00, 0x00, 0x00, 0x00, 0x00, 0x00, 0x00, 0x00, 0x00, 0x00, 0x00, 0x00, 0x00, 0x00, 0x00, 0x00, 0x00, 0x00, 0x00, 0x00,
    0x00, 0x00, 0x00, 0x00, 0x00, 0x00, 0x00, 0x00, 0x00, 0x00, 0x00, 0x00, 0x00, 0x00, 0x00, 0x00, 0x00, 0x00, 0x00, 0x00,
    0x00, 0x00, 0x00, 0x00, 0x00, 0x00, 0x00, 0x00, 0x00, 0x00, 0x00, 0x00, 0x00, 0x00, 0x00, 0x00, 0x00, 0x00, 0x00, 0x00,
    0x00, 0x00, 0x00, 0x00, 0x00, 0x00, 0x00, 0x00, 0x00, 0x00, 0x00, 0x00, 0x00, 0x00, 0x00, 0x00, 0x00, 0x00, 0x00, 0x00,
    0x00, 0x00, 0x00, 0x00, 0x00, 0x00, 0x00, 0x00, 0x00, 0x00, 0x00, 0x00, 0x00, 0x00, 0x00, 0x00, 0x00, 0x00, 0x00, 0x00,
    0x00, 0x00, 0x00, 0x00, 0x00, 0x00, 0x00, 0x00, 0x00, 0x00, 0x00, 0x00, 0x00, 0x00, 0x00, 0x00, 0x00, 0x00, 0x00, 0x00,
    0x00, 0x00, 0x00, 0x00, 0x00, 0x00, 0x00, 0x00, 0x00, 0x00, 0x00, 0x00, 0x00, 0x00, 0x00, 0x00, 0x00, 0x00, 0x00, 0x00,
    0x00, 0x00, 0x00, 0x00, 0x00, 0x00, 0x00, 0x00, 0x00, 0x00, 0x00, 0x00, 0x00, 0x00, 0x00, 0x00, 0x00, 0x00, 0x00, 0x00,
    0x00, 0x00, 0x00, 0x00, 0x00, 0x00, 0x00, 0x00, 0x00, 0x00, 0x00, 0x00, 0x00, 0x00, 0x00, 0x00, 0x00, 0x00, 0x00, 0x00,
    0x00, 0x00, 0x00, 0x00, 0x00, 0x00, 0x00, 0x00, 0x00, 0x00, 0x00, 0x00, 0x00, 0x00, 0x00, 0x00, 0x00, 0x00, 0x00, 0x00,
    0x00, 0x00, 0x00, 0x00, 0x00, 0x00, 0x00, 0x00, 0x00, 0x00, 0x00, 0x00, 0x00, 0x00, 0x00, 0x00, 0x00, 0x00, 0x00, 0x00,
    0x00, 0x00, 0x00, 0x00, 0x00, 0x00, 0x00, 0x00, 0x00, 0x00, 0x00, 0x00, 0x00, 0x00, 0x00, 0x00, 0x00, 0x00, 0x00, 0x00,
    0x00, 0x00, 0x00, 0x00, 0x00, 0x00, 0x00, 0x00, 0x00, 0x00, 0x00, 0x00, 0x00, 0x00, 0x00, 0x00, 0x00, 0x00, 0x00, 0x00,
    0x00, 0x00, 0x00, 0x00, 0x00, 0x00, 0x00, 0x00, 0x00, 0x00, 0x00, 0x00, 0x00, 0x00, 0x00, 0x00, 0x00, 0x00, 0x00, 0x00,
    0x00, 0x00, 0x00, 0x00, 0x00, 0x00, 0x00, 0x00, 0x00, 0x00, 0x00, 0x00, 0x00, 0x00, 0x00, 0x00, 0x00, 0x00, 0x00, 0x00,
    0x00, 0x00, 0x00, 0x00, 0x00, 0x00, 0x00, 0x00, 0x00, 0x00, 0x00, 0x00, 0x00, 0x00, 0x00, 0x00, 0x00, 0x00, 0x00, 0x00,
    0x00, 0x00, 0x00, 0x00, 0x00, 0x00, 0x00, 0x00, 0x00, 0x00, 0x00, 0x00, 0x00, 0x00, 0x00, 0x00, 0x00, 0x00, 0x00, 0x00,
    0x00, 0x00, 0x00, 0x00, 0x00, 0x00, 0x00, 0x00, 0x00, 0x00, 0x00, 0x00, 0x00, 0x00, 0x00, 0x00, 0x00, 0x00, 0x00, 0x00,
    0x00, 0x00, 0x00, 0x00, 0x00, 0x00, 0x00, 0x00, 0x00, 0x00, 0x00, 0x00, 0x00, 0x00, 0x00, 0x00, 0x00, 0x00, 0x00, 0x00,
    0x00, 0x00, 0x00, 0x00, 0x00, 0x00, 0x00, 0x00, 0x00, 0x00, 0x00, 0x00, 0x00, 0x00, 0x00, 0x00, 0x00, 0x00, 0x00, 0x00,
    0x00, 0x00, 0x00, 0x00, 0x00, 0x00, 0x00, 0x00, 0x00, 0x00, 0x00, 0x00, 0x00, 0x00, 0x00, 0x00, 0x00, 0x00, 0x00, 0x00,
    0x00, 0x00, 0x00, 0x00, 0x00, 0x00, 0x00, 0x00, 0x00, 0x00, 0x00, 0x00, 0x00, 0x00, 0x00, 0x00, 0x00, 0x00, 0x00, 0x00,
    0x00, 0x00, 0x00, 0x00, 0x00, 0x00, 0x00, 0x00, 0x00, 0x00, 0x00, 0x00, 0x00, 0x00, 0x00, 0x00, 0x00, 0x00, 0x00, 0x00,
    0x00, 0x00, 0x00, 0x00, 0x00, 0x00, 0x00, 0x00, 0x00, 0x00, 0x00, 0x00, 0x00, 0x00, 0x00, 0x00, 0x00, 0x00, 0x00, 0x00,
    0x00, 0x00, 0x00, 0x00, 0x00, 0x00, 0x00, 0x00, 0x00, 0x00, 0x00, 0x00, 0x00, 0x00, 0x00, 0x00, 0x00, 0x00, 0x00, 0x00,
    0x00, 0x00, 0x00, 0x00, 0x00, 0x00, 0x00, 0x00, 0x00, 0x00, 0x00, 0x00, 0x00, 0x00, 0x00, 0x00, 0x00, 0x00, 0x00, 0x00,
    0x00, 0x00, 0x00, 0x00, 0x00, 0x00, 0x00, 0x00, 0x00, 0x00, 0x00, 0x00, 0x00, 0x00, 0x00, 0x00, 0x00, 0x00, 0x00, 0x00,
    0x00, 0x00, 0x00, 0x00, 0x00, 0x00, 0x00, 0x00, 0x00, 0x00, 0x00, 0x00, 0x00, 0x00, 0x00, 0x00, 0x00, 0x00, 0x00, 0x00,
    0x00, 0x00, 0x00, 0x00, 0x00, 0x00, 0x00, 0x00, 0x00, 0x00, 0x00, 0x00, 0x00, 0x00, 0x00, 0x00, 0x00, 0x00, 0x00, 0x00,
    0x00, 0x00, 0x00, 0x00, 0x00, 0x00, 0x00, 0x00, 0x00, 0x00, 0x00, 0x00, 0x00, 0x00, 0x00, 0x00, 0x00, 0x00, 0x00, 0x00,
    0x00, 0x00, 0x00, 0x00, 0x00, 0x00, 0x00, 0x00, 0x00, 0x00, 0x00, 0x00, 0x00, 0x00, 0x00, 0x00, 0x00, 0x00, 0x00, 0x00,
    0x00, 0x00, 0x00, 0x00, 0x00, 0x00, 0x00, 0x00, 0x00, 0x00, 0x00, 0x00, 0x00, 0x00, 0x00, 0x00, 0x00, 0x00, 0x00, 0x00,
    0x00, 0x00, 0x00, 0x00, 0x00, 0x00, 0x00, 0x00, 0x00, 0x00, 0x00, 0x00, 0x00, 0x00, 0x00, 0x00, 0x00, 0x00, 0x00, 0x00,
    0x00, 0x00, 0x00, 0x00, 0x00, 0x00, 0x00, 0x00, 0x00, 0x00, 0x00, 0x00, 0x00, 0x00, 0x00, 0x00, 0x00, 0x00, 0x00, 0x00,
    0x00, 0x00, 0x00, 0x00, 0x00, 0x00, 0x00, 0x00, 0x00, 0x00, 0x00, 0x00, 0x00, 0x00, 0x00, 0x00, 0x00, 0x00, 0x00, 0x00,
    0x00, 0x00, 0x00, 0x00, 0x00, 0x00, 0x00, 0x00, 0x00, 0x00, 0x00, 0x00, 0x00, 0x00, 0x00, 0x00, 0x00, 0x00, 0x00, 0x00,
    0x00, 0x00, 0x00, 0x00, 0x00, 0x00, 0x00, 0x00, 0x00, 0x00, 0x00, 0x00, 0x00, 0x00, 0x00, 0x00, 0x00, 0x00, 0x00, 0x00,
    0x00, 0x00, 0x00, 0x00, 0x00, 0x00, 0x00, 0x00, 0x00, 0x00, 0x00, 0x00, 0x00, 0x00, 0x00, 0x00, 0x00, 0x00, 0x00, 0x00,
    0x00, 0x00, 0x00, 0x00, 0x00, 0x00, 0x00, 0x00, 0x00, 0x00, 0x00, 0x00, 0x00, 0x00, 0x00, 0x00, 0x00, 0x00, 0x00, 0x00,
    0x00, 0x00, 0x00, 0x00, 0x00, 0x00, 0x00, 0x00, 0x00, 0x00, 0x00, 0x00, 0x00, 0x00, 0x00, 0x00, 0x00, 0x00, 0x00, 0x00,
    0x00, 0x00, 0x00, 0x00, 0x00, 0x00, 0x00, 0x00, 0x00, 0x00, 0x00, 0x00, 0x00, 0x00, 0x00, 0x00, 0x00, 0x00, 0x00, 0x00,
    0x00, 0x00, 0x00, 0x00, 0x00, 0x00, 0x00, 0x00, 0x00, 0x00, 0x00, 0x00, 0x00, 0x00, 0x00, 0x00, 0x00, 0x00, 0x00, 0x00,
    0x00, 0x00, 0x00, 0x00, 0x00, 0x00, 0x00, 0x00, 0x00, 0x00, 0x00, 0x00, 0x00, 0x00, 0x00, 0x00, 0x00, 0x00, 0x00, 0x00,
    0x00, 0x00, 0x00, 0x00, 0x00, 0x00, 0x00, 0x00, 0x00, 0x00, 0x00, 0x00, 0x00, 0x00, 0x00, 0x00, 0x00, 0x00, 0x00, 0x00,
    0x00, 0x00, 0x00, 0x00, 0x00, 0x00, 0x00, 0x00, 0x00, 0x00, 0x00, 0x00, 0x00, 0x00, 0x00, 0x00, 0x00, 0x00, 0x00, 0x00,
    0x00, 0x00, 0x00, 0x00, 0x00, 0x00, 0x00, 0x00, 0x00, 0x00, 0x00, 0x00, 0x00, 0x00, 0x00, 0x00, 0x00, 0x00, 0x00, 0x00,
    0x00, 0x00, 0x00, 0x00, 0x00, 0x00, 0x00, 0x00, 0x00, 0x00, 0x00, 0x00, 0x00, 0x00, 0x00, 0x00, 0x00, 0x00, 0x00, 0x00,
    0x00, 0x00, 0x00, 0x00, 0x00, 0x00, 0x00, 0x00, 0x00, 0x00, 0x00, 0x00, 0x00, 0x00, 0x00, 0x00, 0x00, 0x00, 0x00, 0x00,
    0x00, 0x00, 0x00, 0x00, 0x00, 0x00, 0x00, 0x00, 0x00, 0x00, 0x00, 0x00, 0x00, 0x00, 0x00, 0x00, 0x00, 0x00, 0x00, 0x00,
    0x00, 0x00, 0x00, 0x00, 0x00, 0x00, 0x00, 0x00, 0x00, 0x00, 0x00, 0x00, 0x00, 0x00, 0x00, 0x00, 0x00, 0x00, 0x00, 0x00,
    0x00, 0x00, 0x00, 0x00, 0x00, 0x00, 0x00, 0x00, 0x00, 0x00, 0x00, 0x00, 0x00, 0x00, 0x00, 0x00, 0x00, 0x00, 0x00, 0x00,
    0x00, 0x00, 0x00, 0x00, 0x00, 0x00, 0x00, 0x00, 0x00, 0x00, 0x00, 0x00, 0x00, 0x00, 0x00, 0x00, 0x00, 0x00, 0x00, 0x00,
    0x00, 0x00, 0x00, 0x00, 0x00, 0x00, 0x00, 0x00, 0x00, 0x00, 0x00, 0x00, 0x00, 0x00, 0x00, 0x00, 0x00, 0x00, 0x00, 0x00,
    0x00, 0x00, 0x00, 0x00, 0x00, 0x00, 0x00, 0x00, 0x00, 0x00, 0x00, 0x00, 0x00, 0x00, 0x00, 0x00, 0x00, 0x00, 0x00, 0x00,
    0x00, 0x00, 0x00, 0x00, 0x00, 0x00, 0x00, 0x00, 0x00, 0x00, 0x00, 0x00, 0x00, 0x00, 0x00, 0x00, 0x00, 0x00, 0x00, 0x00,
    0x00, 0x00, 0x00, 0x00, 0x00, 0x00, 0x00, 0x00, 0x00, 0x00, 0x00, 0x00, 0x00, 0x00, 0x00, 0x00, 0x00, 0x00, 0x00, 0x00,
    0x00, 0x00, 0x00, 0x00, 0x00, 0x00, 0x00, 0x00, 0x00, 0x00, 0x00, 0x00, 0x00, 0x00, 0x00, 0x00, 0x00, 0x00, 0x00, 0x00,
    0x00, 0x00, 0x00, 0x00, 0x00, 0x00, 0x00, 0x00, 0x00, 0x00, 0x00, 0x00, 0x00, 0x00, 0x00, 0x00, 0x00, 0x00, 0x00, 0x00,
    0x00, 0x00, 0x00, 0x00, 0x00, 0x00, 0x00, 0x00, 0x00, 0x00, 0x00, 0x00, 0x00, 0x00, 0x00, 0x00, 0x00, 0x00, 0x00, 0x00,
    0x00, 0x00, 0x00, 0x00, 0x00, 0x00, 0x00, 0x00, 0x00, 0x00, 0x00, 0x00, 0x00, 0x00, 0x00, 0x00, 0x00, 0x00, 0x00, 0x00,
    0x00, 0x00, 0x00, 0x00, 0x00, 0x00, 0x00, 0x00, 0x00, 0x00, 0x00, 0x00, 0x00, 0x00, 0x00, 0x00, 0x00, 0x00, 0x00, 0x00,
    0x00, 0x00, 0x00, 0x00, 0x00, 0x00, 0x00, 0x00, 0x00, 0x00, 0x00, 0x00, 0x00, 0x00, 0x00, 0x00, 0x00, 0x00, 0x00, 0x00,
    0x00, 0x00, 0x00, 0x00, 0x00, 0x00, 0x00, 0x00, 0x00, 0x00, 0x00, 0x00, 0x00, 0x00, 0x00, 0x00, 0x00, 0x00, 0x00, 0x00,
    0x00, 0x00, 0x00, 0x00, 0x00, 0x00, 0x00, 0x00, 0x00, 0x00, 0x00, 0x00, 0x00, 0x00, 0x00, 0x00, 0x00, 0x00, 0x00, 0x00,
    0x00, 0x00, 0x00, 0x00, 0x00, 0x00, 0x00, 0x00, 0x00, 0x00, 0x00, 0x00, 0x00, 0x00, 0x00, 0x00, 0x00, 0x00, 0x00, 0x00,
    0x00, 0x00, 0x00, 0x00, 0x00, 0x00, 0x00, 0x00, 0x00, 0x00, 0x00, 0x00, 0x00, 0x00, 0x00, 0x00, 0x00, 0x00, 0x00, 0x00,
    0x00, 0x00, 0x00, 0x00, 0x00, 0x00, 0x00, 0x00, 0x00, 0x00, 0x00, 0x00, 0x00, 0x00, 0x00, 0x00, 0x00, 0x00, 0x00, 0x00,
    0x00, 0x00, 0x00, 0x00, 0x00, 0x00, 0x00, 0x00, 0x00, 0x00, 0x00, 0x00, 0x00, 0x00, 0x00, 0x00, 0x00, 0x00, 0x00, 0x00,
    0x00, 0x00, 0x00, 0x00, 0x00, 0x00, 0x00, 0x00, 0x00, 0x00, 0x00, 0x00, 0x00, 0x00, 0x00, 0x00, 0x00, 0x00, 0x00, 0x00,
    0x00, 0x00, 0x00, 0x00, 0x00, 0x00, 0x00, 0x00, 0x00, 0x00, 0x00, 0x00, 0x00, 0x00, 0x00, 0x00, 0x00, 0x00, 0x00, 0x00,
    0x00, 0x00, 0x00, 0x00, 0x00, 0x00, 0x00, 0x00, 0x00, 0x00, 0x00, 0x00, 0x00, 0x00, 0x00, 0x00, 0x00, 0x00, 0x00, 0x00,
    0x00, 0x00, 0x00, 0x00, 0x00, 0x00, 0x00, 0x00, 0x00, 0x00, 0x00, 0x00, 0x00, 0x00, 0x00, 0x00, 0x00, 0x00, 0x00, 0x00,
    0x00, 0x00, 0x00, 0x00, 0x00, 0x00, 0x00, 0x00, 0x00, 0x00, 0x00, 0x00, 0x00, 0x00, 0x00, 0x00, 0x00, 0x00, 0x00, 0x00,
    0x00, 0x00, 0x00, 0x00, 0x00, 0x00, 0x00, 0x00, 0x00, 0x00, 0x00, 0x00, 0x00, 0x00, 0x00, 0x00, 0x00, 0x00, 0x00, 0x00,
    0x00, 0x00, 0x00, 0x00, 0x00, 0x00, 0x00, 0x00, 0x00, 0x00, 0x00, 0x00, 0x00, 0x00, 0x00, 0x00, 0x00, 0x00, 0x00, 0x00,
    0x00, 0x00, 0x00, 0x00, 0x00, 0x00, 0x00, 0x00, 0x00, 0x00, 0x00, 0x00, 0x00, 0x00, 0x00, 0x00, 0x00, 0x00, 0x00, 0x00,
    0x00, 0x00, 0x00, 0x00, 0x00, 0x00, 0x00, 0x00, 0x00, 0x00, 0x00, 0x00, 0x00, 0x00, 0x00, 0x00, 0x00, 0x00, 0x00, 0x00,
    0x00, 0x00, 0x00, 0x00, 0x00, 0x00, 0x00, 0x00, 0x00, 0x00, 0x00, 0x00, 0x00, 0x00, 0x00, 0x00, 0x00, 0x00, 0x00, 0x00,
    0x00, 0x00, 0x00, 0x00, 0x00, 0x00, 0x00, 0x00, 0x00, 0x00, 0x00, 0x00, 0x00, 0x00, 0x00, 0x00, 0x00, 0x00, 0x00, 0x00,
    0x00, 0x00, 0x00, 0x00, 0x00, 0x00, 0x00, 0x00, 0x00, 0x00, 0x00, 0x00, 0x00, 0x00, 0x00, 0x00, 0x00, 0x00, 0x00, 0x00,
    0x00, 0x00, 0x00, 0x00, 0x00, 0x00, 0x00, 0x00, 0x00, 0x00, 0x00, 0x00, 0x00, 0x00, 0x00, 0x00, 0x00, 0x00, 0x00, 0x00,
    0x00, 0x00, 0x00, 0x00, 0x00, 0x00, 0x00, 0x00, 0x00, 0x00, 0x00, 0x00, 0x00, 0x00, 0x00, 0x00, 0x00, 0x00, 0x00, 0x00,
    0x00, 0x00, 0x00, 0x00, 0x00, 0x00, 0x00, 0x00, 0x00, 0x00, 0x00, 0x00, 0x00, 0x00, 0x00, 0x00, 0x00, 0x00, 0x00, 0x00,
    0x00, 0x00, 0x00, 0x00, 0x00, 0x00, 0x00, 0x00, 0x00, 0x00, 0x00, 0x00, 0x00, 0x00, 0x00, 0x00, 0x00, 0x00, 0x00, 0x00,
    0x00, 0x00, 0x00, 0x00, 0x00, 0x00, 0x00, 0x00, 0x00, 0x00, 0x00, 0x00, 0x00, 0x00, 0x00, 0x00, 0x00, 0x00, 0x00, 0x00,
    0x00, 0x00, 0x00, 0x00, 0x00, 0x00, 0x00, 0x00, 0x00, 0x00, 0x00, 0x00, 0x00, 0x00, 0x00, 0x00, 0x00, 0x00, 0x00, 0x00,
    0x00, 0x00, 0x00, 0x00, 0x00, 0x00, 0x00, 0x00, 0x00, 0x00, 0x00, 0x00, 0x00, 0x00, 0x00, 0x00, 0x00, 0x00, 0x00, 0x00,
    0x00, 0x00, 0x00, 0x00, 0x00, 0x00, 0x00, 0x00, 0x00, 0x00, 0x00, 0x00, 0x00, 0x00, 0x00, 0x00, 0x00, 0x00, 0x00, 0x00,
    0x00, 0x00, 0x00, 0x00, 0x00, 0x00, 0x00, 0x00, 0x00, 0x00, 0x00, 0x00, 0x00, 0x00, 0x00, 0x00, 0x00, 0x00, 0x00, 0x00,
    0x00, 0x00, 0x00, 0x00, 0x00, 0x00, 0x00, 0x00, 0x00, 0x00, 0x00, 0x00, 0x00, 0x00, 0x00, 0x00, 0x00, 0x00, 0x00, 0x00,
    0x00, 0x00, 0x00, 0x00, 0x00, 0x00, 0x00, 0x00, 0x00, 0x00, 0x00, 0x00, 0x00, 0x00, 0x00, 0x00, 0x00, 0x00, 0x00, 0x00,
    0x00, 0x00, 0x00, 0x00, 0x00, 0x00, 0x00, 0x00, 0x00, 0x00, 0x00, 0x00, 0x00, 0x00, 0x00, 0x00, 0x00, 0x00, 0x00, 0x00,
    0x00, 0x00, 0x00, 0x00, 0x00, 0x00, 0x00, 0x00, 0x00, 0x00, 0x00, 0x00, 0x00, 0x00, 0x00, 0x00, 0x00, 0x00, 0x00, 0x00,
    0x00, 0x00, 0x00, 0x00, 0x00, 0x00, 0x00, 0x00, 0x00, 0x00, 0x00, 0x00, 0x00, 0x00, 0x00, 0x00, 0x00, 0x00, 0x00, 0x00,
    0x00, 0x00, 0x00, 0x00, 0x00, 0x00, 0x00, 0x00, 0x00, 0x00, 0x00, 0x00, 0x00, 0x00, 0x00, 0x00, 0x00, 0x00, 0x00, 0x00,
    0x00, 0x00, 0x00, 0x00, 0x00, 0x00, 0x00, 0x00, 0x00, 0x00, 0x00, 0x00, 0x00, 0x00, 0x00, 0x00, 0x00, 0x00, 0x00, 0x00,
    0x00, 0x00, 0x00, 0x00, 0x00, 0x00, 0x00, 0x00, 0x00, 0x00, 0x00, 0x00, 0x00, 0x00, 0x00, 0x00, 0x00, 0x00, 0x00, 0x00,
    0x00, 0x00, 0x00, 0x00, 0x00, 0x00, 0x00, 0x00, 0x00, 0x00, 0x00, 0x00, 0x00, 0x00, 0x00, 0x00, 0x00, 0x00, 0x00, 0x00,
    0x00, 0x00, 0x00, 0x00, 0x00, 0x00, 0x00, 0x00, 0x00, 0x00, 0x00, 0x00, 0x00, 0x00, 0x00, 0x00, 0x00, 0x00, 0x00, 0x00,
    0x00, 0x00, 0x00, 0x00, 0x00, 0x00, 0x00, 0x00, 0x00, 0x00, 0x00, 0x00, 0x00, 0x00, 0x00, 0x00, 0x00, 0x00, 0x00, 0x00,
    0x00, 0x00, 0x00, 0x00, 0x00, 0x00, 0x00, 0x00, 0x00, 0x00, 0x00, 0x00, 0x00, 0x00, 0x00, 0x00, 0x00, 0x00, 0x00, 0x00,
    0x00, 0x00, 0x00, 0x00, 0x00, 0x00, 0x00, 0x00, 0x00, 0x00, 0x00, 0x00, 0x00, 0x00, 0x00, 0x00, 0x00, 0x00, 0x00, 0x00,
    0x00, 0x00, 0x00, 0x00, 0x00, 0x00, 0x00, 0x00, 0x00, 0x00, 0x00, 0x00, 0x00, 0x00, 0x00, 0x00, 0x00, 0x00, 0x00, 0x00,
    0x00, 0x00, 0x00, 0x00, 0x00, 0x00, 0x00, 0x00, 0x00, 0x00, 0x00, 0x00, 0x00, 0x00, 0x00, 0x00, 0x00, 0x00, 0x00, 0x00,
    0x00, 0x00, 0x00, 0x00, 0x00, 0x00, 0x00, 0x00, 0x00, 0x00, 0x00, 0x00, 0x00, 0x00, 0x00, 0x00, 0x00, 0x00, 0x00, 0x00,
    0x00, 0x00, 0x00, 0x00, 0x00, 0x00, 0x00, 0x00, 0x00, 0x00, 0x00, 0x00, 0x00, 0x00, 0x00, 0x00, 0x00, 0x00, 0x00, 0x00,
    0x00, 0x00, 0x00, 0x00, 0x00, 0x00, 0x00, 0x00, 0x00, 0x00, 0x00, 0x00, 0x00, 0x00, 0x00, 0x00, 0x00, 0x00, 0x00, 0x00,
    0x00, 0x00, 0x00, 0x00, 0x00, 0x00, 0x00, 0x00, 0x00, 0x00, 0x00, 0x00, 0x00, 0x00, 0x00, 0x00, 0x00, 0x00, 0x00, 0x00,
    0x00, 0x00, 0x00, 0x00, 0x00, 0x00, 0x00, 0x00, 0x00, 0x00, 0x00, 0x00, 0x00, 0x00, 0x00, 0x00, 0x00, 0x00, 0x00, 0x00,
    0x00, 0x00, 0x00, 0x00, 0x00, 0x00, 0x00, 0x00, 0x00, 0x00, 0x00, 0x00, 0x00, 0x00, 0x00, 0x00, 0x00, 0x00, 0x00, 0x00,
    0x00, 0x00, 0x00, 0x00, 0x00, 0x00, 0x00, 0x00, 0x00, 0x00, 0x00, 0x00, 0x00, 0x00, 0x00, 0x00, 0x00, 0x00, 0x00, 0x00,
    0x00, 0x00, 0x00, 0x00, 0x00, 0x00, 0x00, 0x00, 0x00, 0x00, 0x00, 0x00, 0x00, 0x00, 0x00, 0x00, 0x00, 0x00, 0x00, 0x00,
    0x00, 0x00, 0x00, 0x00, 0x00, 0x00, 0x00, 0x00, 0x00, 0x00, 0x00, 0x00, 0x00, 0x00, 0x00, 0x00, 0x00, 0x00, 0x00, 0x00,
    0x00, 0x00, 0x00, 0x00, 0x00, 0x00, 0x00, 0x00, 0x00, 0x00, 0x00, 0x00, 0x00, 0x00, 0x00, 0x00, 0x00, 0x00, 0x00, 0x00,
    0x00, 0x00, 0x00, 0x00, 0x00, 0x00, 0x00, 0x00, 0x00, 0x00, 0x00, 0x00, 0x00, 0x00, 0x00, 0x00, 0x00, 0x00, 0x00, 0x00,
    0x00, 0x00, 0x00, 0x00, 0x00, 0x00, 0x00, 0x00, 0x00, 0x00, 0x00, 0x00, 0x00, 0x00, 0x00, 0x00, 0x00, 0x00, 0x00, 0x00,
    0x00, 0x00, 0x00, 0x00, 0x00, 0x00, 0x00, 0x00, 0x00, 0x00, 0x00, 0x00, 0x00, 0x00, 0x00, 0x00, 0x00, 0x00, 0x00, 0x00,
    0x00, 0x00, 0x00, 0x00, 0x00, 0x00, 0x00, 0x00, 0x00, 0x00, 0x00, 0x00, 0x00, 0x00, 0x00, 0x00, 0x00, 0x00, 0x00, 0x00,
    0x00, 0x00, 0x00, 0x00, 0x00, 0x00, 0x00, 0x00, 0x00, 0x00, 0x00, 0x00, 0x00, 0x00, 0x00, 0x00, 0x00, 0x00, 0x00, 0x00,
    0x00, 0x00, 0x00, 0x00, 0x00, 0x00, 0x00, 0x00, 0x00, 0x00, 0x00, 0x00, 0x00, 0x00, 0x00, 0x00, 0x00, 0x00, 0x00, 0x00,
    0x00, 0x00, 0x00, 0x00, 0x00, 0x00, 0x00, 0x00, 0x00, 0x00, 0x00, 0x00, 0x00, 0x00, 0x00, 0x00, 0x00, 0x00, 0x00, 0x00,
    0x00, 0x00, 0x00, 0x00, 0x00, 0x00, 0x00, 0x00, 0x00, 0x00, 0x00, 0x00, 0x00, 0x00, 0x00, 0x00, 0x00, 0x00, 0x00, 0x00,
    0x00, 0x00, 0x00, 0x00, 0x00, 0x00, 0x00, 0x00, 0x00, 0x00, 0x00, 0x00, 0x00, 0x00, 0x00, 0x00, 0x00, 0x00, 0x00, 0x00,
    0x00, 0x00, 0x00, 0x00, 0x00, 0x00, 0x00, 0x00, 0x00, 0x00, 0x00, 0x00, 0x00, 0x00, 0x00, 0x00, 0x00, 0x00, 0x00, 0x00,
    0x00, 0x00, 0x00, 0x00, 0x00, 0x00, 0x00, 0x00, 0x00, 0x00, 0x00, 0x00, 0x00, 0x00, 0x00, 0x00, 0x00, 0x00, 0x00, 0x00,
    0x00, 0x00, 0x00, 0x00, 0x00, 0x00, 0x00, 0x00, 0x00, 0x00, 0x00, 0x00, 0x00, 0x00, 0x00, 0x00, 0x00, 0x00, 0x00, 0x00,
    0x00, 0x00, 0x00, 0x00, 0x00, 0x00, 0x00, 0x00, 0x00, 0x00, 0x00, 0x00, 0x00, 0x00, 0x00, 0x00, 0x00, 0x00, 0x00, 0x00,
    0x00, 0x00, 0x00, 0x00, 0x00, 0x00, 0x00, 0x00, 0x00, 0x00, 0x00, 0x00, 0x00, 0x00, 0x00, 0x00, 0x00, 0x00, 0x00, 0x00,
    0x00, 0x00, 0x00, 0x00, 0x00, 0x00, 0x00, 0x00, 0x00, 0x00, 0x00, 0x00, 0x00, 0x00, 0x00, 0x00, 0x00, 0x00, 0x00, 0x00,
    0x00, 0x00, 0x00, 0x00, 0x00, 0x00, 0x00, 0x00, 0x00, 0x00, 0x00, 0x00, 0x00, 0x00, 0x00, 0x00, 0x00, 0x00, 0x00, 0x00,
    0x00, 0x00, 0x00, 0x00, 0x00, 0x00, 0x00, 0x00, 0x00, 0x00, 0x00, 0x00, 0x00, 0x00, 0x00, 0x00, 0x00, 0x00, 0x00, 0x00,
    0x00, 0x00, 0x00, 0x00, 0x00, 0x00, 0x00, 0x00, 0x00, 0x00, 0x00, 0x00, 0x00, 0x00, 0x00, 0x00, 0x00, 0x00, 0x00, 0x00,
    0x00, 0x00, 0x00, 0x00, 0x00, 0x00, 0x00, 0x00, 0x00, 0x00, 0x00, 0x00, 0x00, 0x00, 0x00, 0x00, 0x00, 0x00, 0x00, 0x00,
    0x00, 0x00, 0x00, 0x00, 0x00, 0x00, 0x00, 0x00, 0x00, 0x00, 0x00, 0x00, 0x00, 0x00, 0x00, 0x00, 0x00, 0x00, 0x00, 0x00,
    0x00, 0x00, 0x00, 0x00, 0x00, 0x00, 0x00, 0x00, 0x00, 0x00, 0x00, 0x00, 0x00, 0x00, 0x00, 0x00, 0x00, 0x00, 0x00, 0x00,
    0x00, 0x00, 0x00, 0x00, 0x00, 0x00, 0x00, 0x00, 0x00, 0x00, 0x00, 0x00, 0x00, 0x00, 0x00, 0x00, 0x00, 0x00, 0x00, 0x00,
    0x00, 0x00, 0x00, 0x00, 0x00, 0x00, 0x00, 0x00, 0x00, 0x00, 0x00, 0x00, 0x00, 0x00, 0x00, 0x00, 0x00, 0x00, 0x00, 0x00,
    0x00, 0x00, 0x00, 0x00, 0x00, 0x00, 0x00, 0x00, 0x00, 0x00, 0x00, 0x00, 0x00, 0x00, 0x00, 0x00, 0x00, 0x00, 0x00, 0x00,
    0x00, 0x00, 0x00, 0x00, 0x00, 0x00, 0x00, 0x00, 0x00, 0x00, 0x00, 0x00, 0x00, 0x00, 0x00, 0x00, 0x00, 0x00, 0x00, 0x00,
    0x00, 0x00, 0x00, 0x00, 0x00, 0x00, 0x00, 0x00, 0x00, 0x00, 0x00, 0x00, 0x00, 0x00, 0x00, 0x00, 0x00, 0x00, 0x00, 0x00,
    0x00, 0x00, 0x00, 0x00, 0x00, 0x00, 0x00, 0x00, 0x00, 0x00, 0x00, 0x00, 0x00, 0x00, 0x00, 0x00, 0x00, 0x00, 0x00, 0x00,
    0x00, 0x00, 0x00, 0x00, 0x00, 0x00, 0x00, 0x00, 0x00, 0x00, 0x00, 0x00, 0x00, 0x00, 0x00, 0x00, 0x00, 0x00, 0x00, 0x00,
    0x00, 0x00, 0x00, 0x00, 0x00, 0x00, 0x00, 0x00, 0x00, 0x00, 0x00, 0x00, 0x00, 0x00, 0x00, 0x00, 0x00, 0x00, 0x00, 0x00,
    0x00, 0x00, 0x00, 0x00, 0x00, 0x00, 0x00, 0x00, 0x00, 0x00, 0x00, 0x00, 0x00, 0x00, 0x00, 0x00, 0x00, 0x00, 0x00, 0x00,
    0x00, 0x00, 0x00, 0x00, 0x00, 0x00, 0x00, 0x00, 0x00, 0x00, 0x00, 0x00, 0x00, 0x00, 0x00, 0x00, 0x00, 0x00, 0x00, 0x00,
    0x00, 0x00, 0x00, 0x00, 0x00, 0x00, 0x00, 0x00, 0x00, 0x00, 0x00, 0x00, 0x00, 0x00, 0x00, 0x00, 0x00, 0x00, 0x00, 0x00,
    0x00, 0x00, 0x00, 0x00, 0x00, 0x00, 0x00, 0x00, 0x00, 0x00, 0x00, 0x00, 0x00, 0x00, 0x00, 0x00, 0x00, 0x00, 0x00, 0x00,
    0x00, 0x00, 0x00, 0x00, 0x00, 0x00, 0x00, 0x00, 0x00, 0x00, 0x00, 0x00, 0x00, 0x00, 0x00, 0x00, 0x00, 0x00, 0x00, 0x00,
    0x00, 0x00, 0x00, 0x00, 0x00, 0x00, 0x00, 0x00, 0x00, 0x00, 0x00, 0x00, 0x00, 0x00, 0x00, 0x00, 0x00, 0x00, 0x00, 0x00,
    0x00, 0x00, 0x00, 0x00, 0x00, 0x00, 0x00, 0x00, 0x00, 0x00, 0x00, 0x00, 0x00, 0x00, 0x00, 0x00, 0x00, 0x00, 0x00, 0x00,
    0x00, 0x00, 0x00, 0x00, 0x00, 0x00, 0x00, 0x00, 0x00, 0x00, 0x00, 0x00, 0x00, 0x00, 0x00, 0x00, 0x00, 0x00, 0x00, 0x00,
    0x00, 0x00, 0x00, 0x00, 0x00, 0x00, 0x00, 0x00, 0x00, 0x00, 0x00, 0x00, 0x00, 0x00, 0x00, 0x00, 0x00, 0x00, 0x00, 0x00,
    0x00, 0x00, 0x00, 0x00, 0x00, 0x00, 0x00, 0x00, 0x00, 0x00, 0x00, 0x00, 0x00, 0x00, 0x00, 0x00, 0x00, 0x00, 0x00, 0x00,
    0x00, 0x00, 0x00, 0x00, 0x00, 0x00, 0x00, 0x00, 0x00, 0x00, 0x00, 0x00, 0x00, 0x00, 0x00, 0x00, 0x00, 0x00, 0x00, 0x00,
    0x00, 0x00, 0x00, 0x00, 0x00, 0x00, 0x00, 0x00, 0x00, 0x00, 0x00, 0x00, 0x00, 0x00, 0x00, 0x00, 0x00, 0x00, 0x00, 0x00,
    0x00, 0x00, 0x00, 0x00, 0x00, 0x00, 0x00, 0x00, 0x00, 0x00, 0x00, 0x00, 0x00, 0x00, 0x00, 0x00, 0x00, 0x00, 0x00, 0x00,
    0x00, 0x00, 0x00, 0x00, 0x00, 0x00, 0x00, 0x00, 0x00, 0x00, 0x00, 0x00, 0x00, 0x00, 0x00, 0x00, 0x00, 0x00, 0x00, 0x00,
    0x00, 0x00, 0x00, 0x00, 0x00, 0x00, 0x00, 0x00, 0x00, 0x00, 0x00, 0x00, 0x00, 0x00, 0x00, 0x00, 0x00, 0x00, 0x00, 0x00,
    0x00, 0x00, 0x00, 0x00, 0x00, 0x00, 0x00, 0x00, 0x00, 0x00, 0x00, 0x00, 0x00, 0x00, 0x00, 0x00, 0x00, 0x00, 0x00, 0x00,
    0x00, 0x00, 0x00, 0x00, 0x00, 0x00, 0x00, 0x00, 0x00, 0x00, 0x00, 0x00, 0x00, 0x00, 0x00, 0x00, 0x00, 0x00, 0x00, 0x00,
    0x00, 0x00, 0x00, 0x00, 0x00, 0x00, 0x00, 0x00, 0x00, 0x00, 0x00, 0x00, 0x00, 0x00, 0x00, 0x00, 0x00, 0x00, 0x00, 0x00,
    0x00, 0x00, 0x00, 0x00, 0x00, 0x00, 0x00, 0x00, 0x00, 0x00, 0x00, 0x00, 0x00, 0x00, 0x00, 0x00, 0x00, 0x00, 0x00, 0x00,
    0x00, 0x00, 0x00, 0x00, 0x00, 0x00, 0x00, 0x00, 0x00, 0x00, 0x00, 0x00, 0x00, 0x00, 0x00, 0x00, 0x00, 0x00, 0x00, 0x00,
    0x00, 0x00, 0x00, 0x00, 0x00, 0x00, 0x00, 0x00, 0x00, 0x00, 0x00, 0x00, 0x00, 0x00, 0x00, 0x00, 0x00, 0x00, 0x00, 0x00,
    0x00, 0x00, 0x00, 0x00, 0x00, 0x00, 0x00, 0x00, 0x00, 0x00, 0x00, 0x00, 0x00, 0x00, 0x00, 0x00, 0x00, 0x00, 0x00, 0x00,
    0x00, 0x00, 0x00, 0x00, 0x00, 0x00, 0x00, 0x00, 0x00, 0x00, 0x00, 0x00, 0x00, 0x00, 0x00, 0x00, 0x00, 0x00, 0x00, 0x00,
    0x00, 0x00, 0x00, 0x00, 0x00, 0x00, 0x00, 0x00, 0x00, 0x00, 0x00, 0x00, 0x00, 0x00, 0x00, 0x00, 0x00, 0x00, 0x00, 0x00,
    0x00, 0x00, 0x00, 0x00, 0x00, 0x00, 0x00, 0x00, 0x00, 0x00, 0x00, 0x00, 0x00, 0x00, 0x00, 0x00, 0x00, 0x00, 0x00, 0x00,
    0x00, 0x00, 0x00, 0x00, 0x00, 0x00, 0x00, 0x00, 0x00, 0x00, 0x00, 0x00, 0x00, 0x00, 0x00, 0x00, 0x00, 0x00, 0x00, 0x00,
    0x00, 0x00, 0x00, 0x00, 0x00, 0x00, 0x00, 0x00, 0x00, 0x00, 0x00, 0x00, 0x00, 0x00, 0x00, 0x00, 0x00, 0x00, 0x00, 0x00,
    0x00, 0x00, 0x00, 0x00, 0x00, 0x00, 0x00, 0x00, 0x00, 0x00, 0x00, 0x00, 0x00, 0x00, 0x00, 0x00, 0x00, 0x00, 0x00, 0x00,
    0x00, 0x00, 0x00, 0x00, 0x00, 0x00, 0x00, 0x00, 0x00, 0x00, 0x00, 0x00, 0x00, 0x00, 0x00, 0x00, 0x00, 0x00, 0x00, 0x00,
    0x00, 0x00, 0x00, 0x00, 0x00, 0x00, 0x00, 0x00, 0x00, 0x00, 0x00, 0x00, 0x00, 0x00, 0x00, 0x00, 0x00, 0x00, 0x00, 0x00,
    0x00, 0x00, 0x00, 0x00, 0x00, 0x00, 0x00, 0x00, 0x00, 0x00, 0x00, 0x00, 0x00, 0x00, 0x00, 0x00, 0x00, 0x00, 0x00, 0x00,
    0x00, 0x00, 0x00, 0x00, 0x00, 0x00, 0x00, 0x00, 0x00, 0x00, 0x00, 0x00, 0x00, 0x00, 0x00, 0x00, 0x00, 0x00, 0x00, 0x00,
    0x00, 0x00, 0x00, 0x00, 0x00, 0x00, 0x00, 0x00, 0x00, 0x00, 0x00, 0x00, 0x00, 0x00, 0x00, 0x00, 0x00, 0x00, 0x00, 0x00,
    0x00, 0x00, 0x00, 0x00, 0x00, 0x00, 0x00, 0x00, 0x00, 0x00, 0x00, 0x00, 0x00, 0x00, 0x00, 0x00, 0x00, 0x00, 0x00, 0x00,
    0x00, 0x00, 0x00, 0x00, 0x00, 0x00, 0x00, 0x00, 0x00, 0x00, 0x00, 0x00, 0x00, 0x00, 0x00, 0x00, 0x00, 0x00, 0x00, 0x00,
    0x00, 0x00, 0x00, 0x00, 0x00, 0x00, 0x00, 0x00, 0x00, 0x00, 0x00, 0x00, 0x00, 0x00, 0x00, 0x00, 0x00, 0x00, 0x00, 0x00,
    0x00, 0x00, 0x00, 0x00, 0x00, 0x00, 0x00, 0x00, 0x00, 0x00, 0x00, 0x00, 0x00, 0x00, 0x00, 0x00, 0x00, 0x00, 0x00, 0x00,
    0x00, 0x00, 0x00, 0x00, 0x00, 0x00, 0x00, 0x00, 0x00, 0x00, 0x00, 0x00, 0x00, 0x00, 0x00, 0x00, 0x00, 0x00, 0x00, 0x00,
    0x00, 0x00, 0x00, 0x00, 0x00, 0x00, 0x00, 0x00, 0x00, 0x00, 0x00, 0x00, 0x00, 0x00, 0x00, 0x00, 0x00, 0x00, 0x00, 0x00,
    0x00, 0x00, 0x00, 0x00, 0x00, 0x00, 0x00, 0x00, 0x00, 0x00, 0x00, 0x00, 0x00, 0x00, 0x00, 0x00, 0x00, 0x08, 0x00, 0x08,
    0x00, 0x08, 0x00, 0x08, 0x00, 0x08, 0x00, 0x08, 0x00, 0x08, 0x00, 0x08, 0x00, 0x08, 0x00, 0x08, 0x00, 0x08, 0x00, 0x08,
    0x00, 0x08, 0x00, 0x08, 0x00, 0x08, 0x00, 0x08, 0x00, 0x08, 0x00, 0x08, 0x00, 0x08, 0x00, 0x08, 0x00, 0x08, 0x00, 0x08,
    0x00, 0x08, 0x00, 0x08, 0x00, 0x08, 0x00, 0x08, 0x00, 0x08, 0x00, 0x08, 0x00, 0x08, 0x00, 0x08, 0x00, 0x08, 0x00, 0x08,
    0x00, 0x08, 0x00, 0x08, 0x00, 0x08, 0x00, 0x08, 0x00, 0x08, 0x00, 0x08, 0x00, 0x08, 0x00, 0x08, 0x00, 0x08, 0x00, 0x08,
    0x00, 0x08, 0x00, 0x08, 0x00, 0x08, 0x00, 0x08, 0x00, 0x08, 0x00, 0x08, 0x00, 0x08, 0x00, 0x08, 0x00, 0x08, 0x00, 0x08,
    0x00, 0x08, 0x00, 0x08, 0x00, 0x08, 0x00, 0x08, 0x00, 0x08, 0x00, 0x08, 0x00, 0x08, 0x00, 0x08, 0x00, 0x08, 0x00, 0x08,
    0x00, 0x08, 0x00, 0x08, 0x00, 0x08, 0x00, 0x08, 0x00, 0x08, 0x00, 0x08, 0x00, 0x08, 0x00, 0x08, 0x00, 0x08, 0x00, 0x08,
    0x00, 0x08, 0x00, 0x08, 0x00, 0x08, 0x00, 0x08, 0x00, 0x08, 0x00, 0x08, 0x00, 0x00, 0x00, 0x00, 0x00, 0x00, 0x00, 0x00,
    0x00, 0x00, 0x00, 0x00, 0x00, 0x00, 0x00, 0x00, 0x21, 0x00, 0x21, 0x00, 0x21, 0x00, 0x21, 0x00, 0x21, 0x00, 0x21, 0x00,
    0x21, 0x00, 0x21, 0x00, 0x21, 0x00, 0x21, 0x00, 0x21, 0x00, 0x21, 0x00, 0x21, 0x00, 0x21, 0x00, 0x21, 0x00, 0x21, 0x00,
    0x21, 0x00, 0x21, 0x00, 0x21, 0x00, 0x21, 0x00, 0x21, 0x00, 0x21, 0x00, 0x21, 0x00, 0x21, 0x00, 0x21, 0x00, 0x21, 0x00,
    0x21, 0x00, 0x21, 0x00, 0x21, 0x00, 0x21, 0x00, 0x21, 0x00, 0x21, 0x00, 0x21, 0x00, 0x21, 0x00, 0x21, 0x00, 0x21, 0x00,
    0x21, 0x00, 0x21, 0x00, 0x21, 0x00, 0x21, 0x00, 0x21, 0x00, 0x21, 0x00, 0x21, 0x00, 0x21, 0x00, 0x21, 0x00, 0x21, 0x00,
    0x21, 0x00, 0x21, 0x00, 0x21, 0x00, 0x21, 0x00, 0x21, 0x00, 0x21, 0x00, 0x21, 0x00, 0x21, 0x00, 0x21, 0x00, 0x21, 0x00,
    0x21, 0x00, 0x21, 0x00, 0x21, 0x00, 0x21, 0x00, 0x21, 0x00, 0x21, 0x00, 0x21, 0x00, 0x21, 0x00, 0x21, 0x00, 0x21, 0x00,
    0x21, 0x00, 0x21, 0x00, 0x21, 0x00, 0x21, 0x00, 0x21, 0x00, 0x21, 0x00, 0x21, 0x00, 0x21, 0x00, 0x21, 0x00, 0x21, 0x00,
    0x21, 0x00, 0x21, 0x00, 0x00, 0x00, 0x00, 0x00, 0x00, 0x00, 0x00, 0x00, 0x00, 0x00, 0x00, 0x00, 0x00, 0x00, 0x00, 0x00,
    0x00, 0x00, 0x00, 0x00, 0x00, 0x00, 0x00, 0x00, 0x00, 0x00, 0x00, 0x00, 0x00, 0x00, 0x00, 0x00, 0x00, 0x00, 0x00, 0x00,
    0x00, 0x00, 0x00, 0x00, 0x00, 0x00, 0x00, 0x00, 0x00, 0x00, 0x00, 0x00, 0x00, 0x00, 0x00, 0x00, 0x00, 0x00, 0x00, 0x00,
    0x00, 0x00, 0x00, 0x00, 0x00, 0x00, 0x00, 0x00, 0x00, 0x00, 0x00, 0x00, 0x41, 0x38, 0xc4, 0x98, 0x25, 0xc9, 0x25, 0xc9,
    0x25, 0xc9, 0x25, 0xc9, 0x25, 0xc9, 0x25, 0xc9, 0x25, 0xc9, 0x25, 0xc9, 0x25, 0xc9, 0x25, 0xc9, 0x25, 0xc9, 0x25, 0xc9,
    0x25, 0xc9, 0x25, 0xc9, 0x25, 0xc9, 0x25, 0xc9, 0x25, 0xc9, 0x25, 0xc9, 0x25, 0xc9, 0x25, 0xc9, 0x25, 0xc9, 0x25, 0xc9,
    0x25, 0xc9, 0x25, 0xc9, 0x25, 0xc9, 0x25, 0xc9, 0x25, 0xc9, 0x25, 0xc9, 0x25, 0xc9, 0x25, 0xc9, 0x25, 0xc9, 0x25, 0xc9,
    0x25, 0xc9, 0x25, 0xc9, 0x25, 0xc9, 0x25, 0xc9, 0x25, 0xc9, 0x25, 0xc9, 0x25, 0xc9, 0x25, 0xc9, 0x25, 0xc9, 0x25, 0xc9,
    0x25, 0xc9, 0x25, 0xc9, 0x25, 0xc9, 0x25, 0xc9, 0x25, 0xc9, 0x25, 0xc9, 0x25, 0xc9, 0x25, 0xc9, 0x25, 0xc9, 0x25, 0xc9,
    0x25, 0xc9, 0x25, 0xc9, 0x25, 0xc9, 0x25, 0xc9, 0x25, 0xc9, 0x25, 0xc9, 0x25, 0xc9, 0x25, 0xc9, 0x25, 0xc9, 0x25, 0xc9,
    0x25, 0xc9, 0x25, 0xc9, 0x25, 0xc9, 0x25, 0xc9, 0x25, 0xc9, 0x25, 0xc9, 0x25, 0xc9, 0x25, 0xc9, 0x25, 0xc9, 0x25, 0xc9,
    0x25, 0xc9, 0x25, 0xc9, 0x25, 0xc9, 0x25, 0xc9, 0x25, 0xc9, 0x25, 0xc9, 0xe4, 0xa8, 0x62, 0x50, 0x00, 0x00, 0x00, 0x00,
    0x00, 0x00, 0x00, 0x00, 0x85, 0x00, 0xad, 0x11, 0x11, 0x1a, 0x12, 0x1a, 0x12, 0x1a, 0x12, 0x1a, 0x12, 0x1a, 0x12, 0x1a,
    0x12, 0x1a, 0x12, 0x1a, 0x12, 0x1a, 0x12, 0x1a, 0x12, 0x1a, 0x12, 0x1a, 0x12, 0x1a, 0x12, 0x1a, 0x12, 0x1a, 0x12, 0x1a,
    0x12, 0x1a, 0x12, 0x1a, 0x12, 0x1a, 0x12, 0x1a, 0x12, 0x1a, 0x12, 0x1a, 0x12, 0x1a, 0x12, 0x1a, 0x12, 0x1a, 0x12, 0x1a,
    0x12, 0x1a, 0x12, 0x1a, 0x12, 0x1a, 0x12, 0x1a, 0x12, 0x1a, 0x12, 0x1a, 0x12, 0x1a, 0x12, 0x1a, 0x12, 0x1a, 0x12, 0x1a,
    0x12, 0x1a, 0x12, 0x1a, 0x12, 0x1a, 0x12, 0x1a, 0x12, 0x1a, 0x12, 0x1a, 0x12, 0x1a, 0x12, 0x1a, 0x12, 0x1a, 0x12, 0x1a,
    0x12, 0x1a, 0x12, 0x1a, 0x12, 0x1a, 0x12, 0x1a, 0x12, 0x1a, 0x12, 0x1a, 0x12, 0x1a, 0x12, 0x1a, 0x12, 0x1a, 0x12, 0x1a,
    0x12, 0x1a, 0x12, 0x1a, 0x12, 0x1a, 0x12, 0x1a, 0x12, 0x1a, 0x12, 0x1a, 0x12, 0x1a, 0x12, 0x1a, 0x12, 0x1a, 0x12, 0x1a,
    0x12, 0x1a, 0x12, 0x1a, 0x12, 0x1a, 0x12, 0x1a, 0x12, 0x1a, 0x12, 0x1a, 0x12, 0x1a, 0x12, 0x1a, 0x12, 0x1a, 0x12, 0x1a,
    0x12, 0x1a, 0x32, 0x1a, 0xcf, 0x11, 0xe7, 0x08, 0x00, 0x00, 0x00, 0x00, 0x00, 0x00, 0x00, 0x00, 0x00, 0x00, 0x00, 0x00,
    0x00, 0x00, 0x00, 0x00, 0x00, 0x00, 0x00, 0x00, 0x00, 0x00, 0x00, 0x00, 0x00, 0x00, 0x00, 0x00, 0x00, 0x00, 0x00, 0x00,
    0x00, 0x00, 0x00, 0x00, 0x00, 0x00, 0x00, 0x00, 0x00, 0x00, 0x00, 0x00, 0x00, 0x00, 0x00, 0x00, 0x00, 0x00, 0x00, 0x00,
    0x00, 0x00, 0x00, 0x00, 0x00, 0x00, 0x00, 0x00, 0x00, 0x00, 0x62, 0x50, 0x46, 0xe1, 0x46, 0xe1, 0x26, 0xd9, 0x26, 0xd9,
    0x26, 0xd9, 0x26, 0xd9, 0x26, 0xd9, 0x26, 0xd9, 0x26, 0xd9, 0x26, 0xd9, 0x26, 0xd9, 0x26, 0xd9, 0x26, 0xd9, 0x26, 0xd9,
    0x26, 0xd9, 0x26, 0xd9, 0x26, 0xd9, 0x26, 0xd9, 0x26, 0xd9, 0x26, 0xd9, 0x26, 0xd9, 0x26, 0xd9, 0x26, 0xd9, 0x26, 0xd9,
    0x26, 0xd9, 0x26, 0xd9, 0x26, 0xd9, 0x26, 0xd9, 0x26, 0xd9, 0x26, 0xd9, 0x26, 0xd9, 0x26, 0xd9, 0x26, 0xd9, 0x26, 0xd9,
    0x26, 0xd9, 0x26, 0xd9, 0x26, 0xd9, 0x26, 0xd9, 0x26, 0xd9, 0x26, 0xd9, 0x26, 0xd9, 0x26, 0xd9, 0x26, 0xd9, 0x26, 0xd9,
    0x26, 0xd9, 0x26, 0xd9, 0x26, 0xd9, 0x26, 0xd9, 0x26, 0xd9, 0x26, 0xd9, 0x26, 0xd9, 0x26, 0xd9, 0x26, 0xd9, 0x26, 0xd9,
    0x26, 0xd9, 0x26, 0xd9, 0x26, 0xd9, 0x26, 0xd9, 0x26, 0xd9, 0x26, 0xd9, 0x26, 0xd9, 0x26, 0xd9, 0x26, 0xd9, 0x26, 0xd9,
    0x26, 0xd9, 0x26, 0xd9, 0x26, 0xd9, 0x26, 0xd9, 0x26, 0xd9, 0x26, 0xd9, 0x26, 0xd9, 0x26, 0xd9, 0x26, 0xd9, 0x26, 0xd9,
    0x26, 0xd9, 0x26, 0xd9, 0x26, 0xd9, 0x26, 0xd9, 0x26, 0xd9, 0x26, 0xd9, 0x46, 0xe1, 0x46, 0xe9, 0xa3, 0x80, 0x00, 0x00,
    0x00, 0x00, 0xe7, 0x08, 0x74, 0x1a, 0x74, 0x1a, 0x53, 0x1a, 0x53, 0x1a, 0x53, 0x1a, 0x53, 0x1a, 0x53, 0x1a, 0x53, 0x1a,
    0x53, 0x1a, 0x53, 0x1a, 0x53, 0x1a, 0x53, 0x1a, 0x53, 0x1a, 0x53, 0x1a, 0x53, 0x1a, 0x53, 0x1a, 0x53, 0x1a, 0x53, 0x1a,
    0x53, 0x1a, 0x53, 0x1a, 0x53, 0x1a, 0x53, 0x1a, 0x53, 0x1a, 0x53, 0x1a, 0x53, 0x1a, 0x53, 0x1a, 0x53, 0x1a, 0x53, 0x1a,
    0x53, 0x1a, 0x53, 0x1a, 0x53, 0x1a, 0x53, 0x1a, 0x53, 0x1a, 0x53, 0x1a, 0x53, 0x1a, 0x53, 0x1a, 0x53, 0x1a, 0x53, 0x1a,
    0x53, 0x1a, 0x53, 0x1a, 0x53, 0x1a, 0x53, 0x1a, 0x53, 0x1a, 0x53, 0x1a, 0x53, 0x1a, 0x53, 0x1a, 0x53, 0x1a, 0x53, 0x1a,
    0x53, 0x1a, 0x53, 0x1a, 0x53, 0x1a, 0x53, 0x1a, 0x53, 0x1a, 0x53, 0x1a, 0x53, 0x1a, 0x53, 0x1a, 0x53, 0x1a, 0x53, 0x1a,
    0x53, 0x1a, 0x53, 0x1a, 0x53, 0x1a, 0x53, 0x1a, 0x53, 0x1a, 0x53, 0x1a, 0x53, 0x1a, 0x53, 0x1a, 0x53, 0x1a, 0x53, 0x1a,
    0x53, 0x1a, 0x53, 0x1a, 0x53, 0x1a, 0x53, 0x1a, 0x53, 0x1a, 0x53, 0x1a, 0x53, 0x1a, 0x53, 0x1a, 0x53, 0x1a, 0x53, 0x1a,
    0x53, 0x1a, 0x53, 0x1a, 0x54, 0x1a, 0x75, 0x1a, 0x6b, 0x11, 0x00, 0x00, 0x00, 0x00, 0x00, 0x00, 0x00, 0x00, 0x00, 0x00,
    0x00, 0x00, 0x00, 0x00, 0x00, 0x00, 0x00, 0x00, 0x00, 0x00, 0x00, 0x00, 0x00, 0x00, 0x00, 0x00, 0x00, 0x00, 0x00, 0x00,
    0x00, 0x00, 0x00, 0x00, 0x00, 0x00, 0x00, 0x00, 0x00, 0x00, 0x00, 0x00, 0x00, 0x00, 0x00, 0x00, 0x00, 0x00, 0x00, 0x00,
    0x00, 0x00, 0x00, 0x00, 0x00, 0x00, 0x00, 0x00, 0x41, 0x30, 0x46, 0xe1, 0x25, 0xd9, 0x25, 0xd1, 0x25, 0xd9, 0x25, 0xd9,
    0x25, 0xd9, 0x25, 0xd9, 0x25, 0xd9, 0x25, 0xd9, 0x25, 0xd9, 0x25, 0xd9, 0x25, 0xd9, 0x25, 0xd9, 0x25, 0xd9, 0x25, 0xd9,
    0x25, 0xd9, 0x25, 0xd9, 0x25, 0xd9, 0x25, 0xd9, 0x25, 0xd9, 0x25, 0xd9, 0x25, 0xd9, 0x25, 0xd9, 0x25, 0xd9, 0x25, 0xd9,
    0x25, 0xd9, 0x25, 0xd9, 0x25, 0xd9, 0x25, 0xd9, 0x25, 0xd9, 0x25, 0xd9, 0x25, 0xd9, 0x25, 0xd9, 0x25, 0xd9, 0x25, 0xd9,
    0x25, 0xd9, 0x25, 0xd9, 0x25, 0xd9, 0x25, 0xd9, 0x25, 0xd9, 0x25, 0xd9, 0x25, 0xd9, 0x25, 0xd9, 0x25, 0xd9, 0x25, 0xd9,
    0x25, 0xd9, 0x25, 0xd9, 0x25, 0xd9, 0x25, 0xd9, 0x25, 0xd9, 0x25, 0xd9, 0x25, 0xd9, 0x25, 0xd9, 0x25, 0xd9, 0x25, 0xd9,
    0x25, 0xd9, 0x25, 0xd9, 0x25, 0xd9, 0x25, 0xd9, 0x25, 0xd9, 0x25, 0xd9, 0x25, 0xd9, 0x25, 0xd9, 0x25, 0xd9, 0x25, 0xd9,
    0x25, 0xd9, 0x25, 0xd9, 0x25, 0xd9, 0x25, 0xd9, 0x25, 0xd9, 0x25, 0xd9, 0x25, 0xd9, 0x25, 0xd9, 0x25, 0xd9, 0x25, 0xd9,
    0x25, 0xd9, 0x25, 0xd9, 0x25, 0xd9, 0x25, 0xd9, 0x25, 0xd9, 0x25, 0xd9, 0x25, 0xd1, 0x25, 0xd1, 0x46, 0xf1, 0x61, 0x68,
    0x84, 0x00, 0x74, 0x1a, 0x53, 0x1a, 0x32, 0x1a, 0x53, 0x1a, 0x53, 0x1a, 0x53, 0x1a, 0x53, 0x1a, 0x53, 0x1a, 0x53, 0x1a,
    0x53, 0x1a, 0x53, 0x1a, 0x53, 0x1a, 0x53, 0x1a, 0x53, 0x1a, 0x53, 0x1a, 0x53, 0x1a, 0x53, 0x1a, 0x53, 0x1a, 0x53, 0x1a,
    0x53, 0x1a, 0x53, 0x1a, 0x53, 0x1a, 0x53, 0x1a, 0x53, 0x1a, 0x53, 0x1a, 0x53, 0x1a, 0x53, 0x1a, 0x53, 0x1a, 0x53, 0x1a,
    0x53, 0x1a, 0x53, 0x1a, 0x53, 0x1a, 0x53, 0x1a, 0x53, 0x1a, 0x53, 0x1a, 0x53, 0x1a, 0x53, 0x1a, 0x53, 0x1a, 0x53, 0x1a,
    0x53, 0x1a, 0x53, 0x1a, 0x53, 0x1a, 0x53, 0x1a, 0x53, 0x1a, 0x53, 0x1a, 0x53, 0x1a, 0x53, 0x1a, 0x53, 0x1a, 0x53, 0x1a,
    0x53, 0x1a, 0x53, 0x1a, 0x53, 0x1a, 0x53, 0x1a, 0x53, 0x1a, 0x53, 0x1a, 0x53, 0x1a, 0x53, 0x1a, 0x53, 0x1a, 0x53, 0x1a,
    0x53, 0x1a, 0x53, 0x1a, 0x53, 0x1a, 0x53, 0x1a, 0x53, 0x1a, 0x53, 0x1a, 0x53, 0x1a, 0x53, 0x1a, 0x53, 0x1a, 0x53, 0x1a,
    0x53, 0x1a, 0x53, 0x1a, 0x53, 0x1a, 0x53, 0x1a, 0x53, 0x1a, 0x53, 0x1a, 0x53, 0x1a, 0x53, 0x1a, 0x53, 0x1a, 0x53, 0x1a,
    0x53, 0x1a, 0x53, 0x1a, 0x33, 0x1a, 0x32, 0x1a, 0x75, 0x1a, 0x09, 0x09, 0x00, 0x00, 0x00, 0x00, 0x00, 0x00, 0x00, 0x00,
    0x00, 0x00, 0x00, 0x00, 0x00, 0x00, 0x00, 0x00, 0x00, 0x00, 0x00, 0x00, 0x00, 0x00, 0x00, 0x00, 0x00, 0x00, 0x00, 0x00,
    0x00, 0x00, 0x00, 0x00, 0x00, 0x00, 0x00, 0x00, 0x00, 0x00, 0x00, 0x00, 0x00, 0x00, 0x00, 0x00, 0x00, 0x00, 0x00, 0x00,
    0x00, 0x00, 0x00, 0x00, 0x00, 0x00, 0x00, 0x00, 0xc4, 0x98, 0x46, 0xe1, 0x25, 0xd1, 0x25, 0xd9, 0x25, 0xd9, 0x25, 0xd9,
    0x25, 0xd9, 0x25, 0xd9, 0x25, 0xd9, 0x25, 0xd9, 0x25, 0xd9, 0x25, 0xd9, 0x25, 0xd9, 0x25, 0xd9, 0x25, 0xd9, 0x25, 0xd9,
    0x25, 0xd9, 0x25, 0xd9, 0x25, 0xd9, 0x25, 0xd9, 0x25, 0xd9, 0x25, 0xd9, 0x25, 0xd9, 0x25, 0xd9, 0x25, 0xd9, 0x25, 0xd9,
    0x25, 0xd9, 0x25, 0xd9, 0x25, 0xd9, 0x25, 0xd9, 0x25, 0xd9, 0x25, 0xd9, 0x25, 0xd9, 0x25, 0xd9, 0x25, 0xd9, 0x25, 0xd9,
    0x25, 0xd9, 0x25, 0xd9, 0x25, 0xd9, 0x25, 0xd9, 0x25, 0xd9, 0x25, 0xd9, 0x25, 0xd9, 0x25, 0xd9, 0x25, 0xd9, 0x25, 0xd9,
    0x25, 0xd9, 0x25, 0xd9, 0x25, 0xd9, 0x25, 0xd9, 0x25, 0xd9, 0x25, 0xd9, 0x25, 0xd9, 0x25, 0xd9, 0x25, 0xd9, 0x25, 0xd9,
    0x25, 0xd9, 0x25, 0xd9, 0x25, 0xd9, 0x25, 0xd9, 0x25, 0xd9, 0x25, 0xd9, 0x25, 0xd9, 0x25, 0xd9, 0x25, 0xd9, 0x25, 0xd9,
    0x25, 0xd9, 0x25, 0xd9, 0x25, 0xd9, 0x25, 0xd9, 0x25, 0xd9, 0x25, 0xd9, 0x25, 0xd9, 0x25, 0xd9, 0x25, 0xd9, 0x25, 0xd9,
    0x25, 0xd9, 0x25, 0xd9, 0x25, 0xd9, 0x25, 0xd9, 0x25, 0xd9, 0x25, 0xd9, 0x25, 0xd9, 0x25, 0xd9, 0x26, 0xd9, 0xe4, 0xc0,
    0xae, 0x19, 0x74, 0x1a, 0x32, 0x1a, 0x53, 0x1a, 0x53, 0x1a, 0x53, 0x1a, 0x53, 0x1a, 0x53, 0x1a, 0x53, 0x1a, 0x53, 0x1a,
    0x53, 0x1a, 0x53, 0x1a, 0x53, 0x1a, 0x53, 0x1a, 0x53, 0x1a, 0x53, 0x1a, 0x53, 0x1a, 0x53, 0x1a, 0x53, 0x1a, 0x53, 0x1a,
    0x53, 0x1a, 0x53, 0x1a, 0x53, 0x1a, 0x53, 0x1a, 0x53, 0x1a, 0x53, 0x1a, 0x53, 0x1a, 0x53, 0x1a, 0x53, 0x1a, 0x53, 0x1a,
    0x53, 0x1a, 0x53, 0x1a, 0x53, 0x1a, 0x53, 0x1a, 0x53, 0x1a, 0x53, 0x1a, 0x53, 0x1a, 0x53, 0x1a, 0x53, 0x1a, 0x53, 0x1a,
    0x53, 0x1a, 0x53, 0x1a, 0x53, 0x1a, 0x53, 0x1a, 0x53, 0x1a, 0x53, 0x1a, 0x53, 0x1a, 0x53, 0x1a, 0x53, 0x1a, 0x53, 0x1a,
    0x53, 0x1a, 0x53, 0x1a, 0x53, 0x1a, 0x53, 0x1a, 0x53, 0x1a, 0x53, 0x1a, 0x53, 0x1a, 0x53, 0x1a, 0x53, 0x1a, 0x53, 0x1a,
    0x53, 0x1a, 0x53, 0x1a, 0x53, 0x1a, 0x53, 0x1a, 0x53, 0x1a, 0x53, 0x1a, 0x53, 0x1a, 0x53, 0x1a, 0x53, 0x1a, 0x53, 0x1a,
    0x53, 0x1a, 0x53, 0x1a, 0x53, 0x1a, 0x53, 0x1a, 0x53, 0x1a, 0x53, 0x1a, 0x53, 0x1a, 0x53, 0x1a, 0x53, 0x1a, 0x53, 0x1a,
    0x53, 0x1a, 0x53, 0x1a, 0x53, 0x1a, 0x53, 0x1a, 0x53, 0x1a, 0x11, 0x1a, 0x21, 0x00, 0x00, 0x00, 0x00, 0x00, 0x00, 0x00,
    0x00, 0x00, 0x00, 0x00, 0x00, 0x00, 0x00, 0x00, 0x00, 0x00, 0x00, 0x00, 0x00, 0x00, 0x00, 0x00, 0x00, 0x00, 0x00, 0x00,
    0x00, 0x00, 0x00, 0x00, 0x00, 0x00, 0x00, 0x00, 0x00, 0x00, 0x00, 0x00, 0x00, 0x00, 0x00, 0x00, 0x00, 0x00, 0x00, 0x00,
    0x00, 0x00, 0x00, 0x00, 0x00, 0x00, 0x00, 0x08, 0x25, 0xc9, 0x26, 0xd9, 0x25, 0xd9, 0x25, 0xd9, 0x25, 0xd9, 0x25, 0xd9,
    0x25, 0xd9, 0x25, 0xd9, 0x25, 0xd9, 0x25, 0xd9, 0x25, 0xd9, 0x25, 0xd9, 0x25, 0xd9, 0x25, 0xd9, 0x25, 0xd9, 0x25, 0xd9,
    0x25, 0xd9, 0x25, 0xd9, 0x25, 0xd9, 0x25, 0xd9, 0x25, 0xd9, 0x25, 0xd9, 0x25, 0xd9, 0x25, 0xd9, 0x25, 0xd9, 0x25, 0xd9,
    0x25, 0xd9, 0x25, 0xd9, 0x25, 0xd9, 0x25, 0xd9, 0x25, 0xd9, 0x25, 0xd9, 0x25, 0xd9, 0x25, 0xd9, 0x25, 0xd9, 0x25, 0xd9,
    0x25, 0xd9, 0x25, 0xd9, 0x25, 0xd9, 0x25, 0xd9, 0x25, 0xd9, 0x25, 0xd9, 0x25, 0xd9, 0x25, 0xd9, 0x25, 0xd9, 0x25, 0xd9,
    0x25, 0xd9, 0x25, 0xd9, 0x25, 0xd9, 0x25, 0xd9, 0x25, 0xd9, 0x25, 0xd9, 0x25, 0xd9, 0x25, 0xd9, 0x25, 0xd9, 0x25, 0xd9,
    0x25, 0xd9, 0x25, 0xd9, 0x25, 0xd9, 0x25, 0xd9, 0x25, 0xd9, 0x25, 0xd9, 0x25, 0xd9, 0x25, 0xd9, 0x25, 0xd9, 0x25, 0xd9,
    0x25, 0xd9, 0x25, 0xd9, 0x25, 0xd9, 0x25, 0xd9, 0x25, 0xd9, 0x25, 0xd9, 0x25, 0xd9, 0x25, 0xd9, 0x25, 0xd9, 0x25, 0xd9,
    0x25, 0xd9, 0x25, 0xd9, 0x25, 0xd9, 0x25, 0xd9, 0x25, 0xd9, 0x25, 0xd9, 0x25, 0xd9, 0x25, 0xd9, 0x25, 0xd9, 0x46, 0xc9,
    0x32, 0x22, 0x53, 0x12, 0x53, 0x1a, 0x53, 0x1a, 0x53, 0x1a, 0x53, 0x1a, 0x53, 0x1a, 0x53, 0x1a, 0x53, 0x1a, 0x53, 0x1a,
    0x53, 0x1a, 0x53, 0x1a, 0x53, 0x1a, 0x53, 0x1a, 0x53, 0x1a, 0x53, 0x1a, 0x53, 0x1a, 0x53, 0x1a, 0x53, 0x1a, 0x53, 0x1a,
    0x53, 0x1a, 0x53, 0x1a, 0x53, 0x1a, 0x53, 0x1a, 0x53, 0x1a, 0x53, 0x1a, 0x53, 0x1a, 0x53, 0x1a, 0x53, 0x1a, 0x53, 0x1a,
    0x53, 0x1a, 0x53, 0x1a, 0x53, 0x1a, 0x53, 0x1a, 0x53, 0x1a, 0x53, 0x1a, 0x53, 0x1a, 0x53, 0x1a, 0x53, 0x1a, 0x53, 0x1a,
    0x53, 0x1a, 0x53, 0x1a, 0x53, 0x1a, 0x53, 0x1a, 0x53, 0x1a, 0x53, 0x1a, 0x53, 0x1a, 0x53, 0x1a, 0x53, 0x1a, 0x53, 0x1a,
    0x53, 0x1a, 0x53, 0x1a, 0x53, 0x1a, 0x53, 0x1a, 0x53, 0x1a, 0x53, 0x1a, 0x53, 0x1a, 0x53, 0x1a, 0x53, 0x1a, 0x53, 0x1a,
    0x53, 0x1a, 0x53, 0x1a, 0x53, 0x1a, 0x53, 0x1a, 0x53, 0x1a, 0x53, 0x1a, 0x53, 0x1a, 0x53, 0x1a, 0x53, 0x1a, 0x53, 0x1a,
    0x53, 0x1a, 0x53, 0x1a, 0x53, 0x1a, 0x53, 0x1a, 0x53, 0x1a, 0x53, 0x1a, 0x53, 0x1a, 0x53, 0x1a, 0x53, 0x1a, 0x53, 0x1a,
    0x53, 0x1a, 0x53, 0x1a, 0x53, 0x1a, 0x53, 0x1a, 0x33, 0x1a, 0x54, 0x1a, 0x84, 0x00, 0x00, 0x00, 0x00, 0x00, 0x00, 0x00,
    0x00, 0x00, 0x00, 0x00, 0x00, 0x00, 0x00, 0x00, 0x00, 0x00, 0x00, 0x00, 0x00, 0x00, 0x00, 0x00, 0x00, 0x00, 0x00, 0x00,
    0x00, 0x00, 0x00, 0x00, 0x00, 0x00, 0x00, 0x00, 0x00, 0x00, 0x00, 0x00, 0x00, 0x00, 0x00, 0x00, 0x00, 0x00, 0x00, 0x00,
    0x00, 0x00, 0x00, 0x00, 0x00, 0x00, 0x00, 0x08, 0x25, 0xc9, 0x26, 0xd9, 0x25, 0xd9, 0x25, 0xd9, 0x25, 0xd9, 0x25, 0xd9,
    0x25, 0xd9, 0x25, 0xd9, 0x25, 0xd9, 0x25, 0xd9, 0x25, 0xd9, 0x25, 0xd9, 0x25, 0xd9, 0x25, 0xd9, 0x25, 0xd9, 0x25, 0xd9,
    0x25, 0xd9, 0x25, 0xd9, 0x25, 0xd9, 0x25, 0xd9, 0x25, 0xd9, 0x25, 0xd9, 0x25, 0xd9, 0x25, 0xd9, 0x25, 0xd9, 0x25, 0xd9,
    0x25, 0xd9, 0x25, 0xd9, 0x25, 0xd9, 0x25, 0xd9, 0x25, 0xd9, 0x25, 0xd9, 0x25, 0xd9, 0x25, 0xd9, 0x25, 0xd9, 0x25, 0xd9,
    0x25, 0xd9, 0x25, 0xd9, 0x25, 0xd9, 0x25, 0xd9, 0x25, 0xd9, 0x25, 0xd9, 0x25, 0xd9, 0x25, 0xd9, 0x25, 0xd9, 0x25, 0xd9,
    0x25, 0xd9, 0x25, 0xd9, 0x25, 0xd9, 0x25, 0xd9, 0x25, 0xd9, 0x25, 0xd9, 0x25, 0xd9, 0x25, 0xd9, 0x25, 0xd9, 0x25, 0xd9,
    0x25, 0xd9, 0x25, 0xd9, 0x25, 0xd9, 0x25, 0xd9, 0x25, 0xd9, 0x25, 0xd9, 0x25, 0xd9, 0x25, 0xd9, 0x25, 0xd9, 0x25, 0xd9,
    0x25, 0xd9, 0x25, 0xd9, 0x25, 0xd9, 0x25, 0xd9, 0x25, 0xd9, 0x25, 0xd9, 0x25, 0xd9, 0x25, 0xd9, 0x25, 0xd9, 0x25, 0xd9,
    0x25, 0xd9, 0x25, 0xd9, 0x25, 0xd9, 0x25, 0xd9, 0x25, 0xd9, 0x25, 0xd9, 0x25, 0xd9, 0x25, 0xd9, 0x25, 0xd9, 0x46, 0xc9,
    0x32, 0x22, 0x53, 0x12, 0x53, 0x1a, 0x53, 0x1a, 0x53, 0x1a, 0x53, 0x1a, 0x53, 0x1a, 0x53, 0x1a, 0x53, 0x1a, 0x53, 0x1a,
    0x53, 0x1a, 0x53, 0x1a, 0x53, 0x1a, 0x53, 0x1a, 0x53, 0x1a, 0x53, 0x1a, 0x53, 0x1a, 0x53, 0x1a, 0x53, 0x1a, 0x53, 0x1a,
    0x53, 0x1a, 0x53, 0x1a, 0x53, 0x1a, 0x53, 0x1a, 0x53, 0x1a, 0x53, 0x1a, 0x53, 0x1a, 0x53, 0x1a, 0x53, 0x1a, 0x53, 0x1a,
    0x53, 0x1a, 0x53, 0x1a, 0x53, 0x1a, 0x53, 0x1a, 0x53, 0x1a, 0x53, 0x1a, 0x53, 0x1a, 0x53, 0x1a, 0x53, 0x1a, 0x53, 0x1a,
    0x53, 0x1a, 0x53, 0x1a, 0x53, 0x1a, 0x53, 0x1a, 0x53, 0x1a, 0x53, 0x1a, 0x53, 0x1a, 0x53, 0x1a, 0x53, 0x1a, 0x53, 0x1a,
    0x53, 0x1a, 0x53, 0x1a, 0x53, 0x1a, 0x53, 0x1a, 0x53, 0x1a, 0x53, 0x1a, 0x53, 0x1a, 0x53, 0x1a, 0x53, 0x1a, 0x53, 0x1a,
    0x53, 0x1a, 0x53, 0x1a, 0x53, 0x1a, 0x53, 0x1a, 0x53, 0x1a, 0x53, 0x1a, 0x53, 0x1a, 0x53, 0x1a, 0x53, 0x1a, 0x53, 0x1a,
    0x53, 0x1a, 0x53, 0x1a, 0x53, 0x1a, 0x53, 0x1a, 0x53, 0x1a, 0x53, 0x1a, 0x53, 0x1a, 0x53, 0x1a, 0x53, 0x1a, 0x53, 0x1a,
    0x53, 0x1a, 0x53, 0x1a, 0x53, 0x1a, 0x53, 0x1a, 0x33, 0x1a, 0x54, 0x1a, 0x84, 0x00, 0x00, 0x00, 0x00, 0x00, 0x00, 0x00,
    0x00, 0x00, 0x00, 0x00, 0x00, 0x00, 0x00, 0x00, 0x00, 0x00, 0x00, 0x00, 0x00, 0x00, 0x00, 0x00, 0x00, 0x00, 0x00, 0x00,
    0x00, 0x00, 0x00, 0x00, 0x00, 0x00, 0x00, 0x00, 0x00, 0x00, 0x00, 0x00, 0x00, 0x00, 0x00, 0x00, 0x00, 0x00, 0x00, 0x00,
    0x00, 0x00, 0x00, 0x00, 0x00, 0x00, 0x00, 0x08, 0x25, 0xc9, 0x26, 0xd9, 0x25, 0xd9, 0x25, 0xd9, 0x25, 0xd9, 0x25, 0xd9,
    0x25, 0xd9, 0x25, 0xd9, 0x25, 0xd9, 0x25, 0xd9, 0x25, 0xd9, 0x25, 0xd9, 0x25, 0xd9, 0x25, 0xd9, 0x25, 0xd9, 0x25, 0xd9,
    0x25, 0xd9, 0x25, 0xd9, 0x25, 0xd9, 0x25, 0xd9, 0x25, 0xd9, 0x25, 0xd9, 0x25, 0xd9, 0x25, 0xd9, 0x25, 0xd9, 0x25, 0xd9,
    0x25, 0xd9, 0x25, 0xd9, 0x25, 0xd9, 0x25, 0xd9, 0x25, 0xd9, 0x25, 0xd9, 0x25, 0xd9, 0x25, 0xd9, 0x25, 0xd9, 0x25, 0xd9,
    0x25, 0xd9, 0x25, 0xd9, 0x25, 0xd9, 0x25, 0xd9, 0x25, 0xd9, 0x25, 0xd9, 0x25, 0xd9, 0x25, 0xd9, 0x25, 0xd9, 0x25, 0xd9,
    0x25, 0xd9, 0x25, 0xd9, 0x25, 0xd9, 0x25, 0xd9, 0x25, 0xd9, 0x25, 0xd9, 0x25, 0xd9, 0x25, 0xd9, 0x25, 0xd9, 0x25, 0xd9,
    0x25, 0xd9, 0x25, 0xd9, 0x25, 0xd9, 0x25, 0xd9, 0x25, 0xd9, 0x25, 0xd9, 0x25, 0xd9, 0x25, 0xd9, 0x25, 0xd9, 0x25, 0xd9,
    0x25, 0xd9, 0x25, 0xd9, 0x25, 0xd9, 0x25, 0xd9, 0x25, 0xd9, 0x25, 0xd9, 0x25, 0xd9, 0x25, 0xd9, 0x25, 0xd9, 0x25, 0xd9,
    0x25, 0xd9, 0x25, 0xd9, 0x25, 0xd9, 0x25, 0xd9, 0x25, 0xd9, 0x25, 0xd9, 0x25, 0xd9, 0x25, 0xd9, 0x25, 0xd9, 0x46, 0xc9,
    0x32, 0x22, 0x53, 0x12, 0x53, 0x1a, 0x53, 0x1a, 0x53, 0x1a, 0x53, 0x1a, 0x53, 0x1a, 0x53, 0x1a, 0x53, 0x1a, 0x53, 0x1a,
    0x53, 0x1a, 0x53, 0x1a, 0x53, 0x1a, 0x53, 0x1a, 0x53, 0x1a, 0x53, 0x1a, 0x53, 0x1a, 0x53, 0x1a, 0x53, 0x1a, 0x53, 0x1a,
    0x53, 0x1a, 0x53, 0x1a, 0x53, 0x1a, 0x53, 0x1a, 0x53, 0x1a, 0x53, 0x1a, 0x53, 0x1a, 0x53, 0x1a, 0x53, 0x1a, 0x53, 0x1a,
    0x53, 0x1a, 0x53, 0x1a, 0x53, 0x1a, 0x53, 0x1a, 0x53, 0x1a, 0x53, 0x1a, 0x53, 0x1a, 0x53, 0x1a, 0x53, 0x1a, 0x53, 0x1a,
    0x53, 0x1a, 0x53, 0x1a, 0x53, 0x1a, 0x53, 0x1a, 0x53, 0x1a, 0x53, 0x1a, 0x53, 0x1a, 0x53, 0x1a, 0x53, 0x1a, 0x53, 0x1a,
    0x53, 0x1a, 0x53, 0x1a, 0x53, 0x1a, 0x53, 0x1a, 0x53, 0x1a, 0x53, 0x1a, 0x53, 0x1a, 0x53, 0x1a, 0x53, 0x1a, 0x53, 0x1a,
    0x53, 0x1a, 0x53, 0x1a, 0x53, 0x1a, 0x53, 0x1a, 0x53, 0x1a, 0x53, 0x1a, 0x53, 0x1a, 0x53, 0x1a, 0x53, 0x1a, 0x53, 0x1a,
    0x53, 0x1a, 0x53, 0x1a, 0x53, 0x1a, 0x53, 0x1a, 0x53, 0x1a, 0x53, 0x1a, 0x53, 0x1a, 0x53, 0x1a, 0x53, 0x1a, 0x53, 0x1a,
    0x53, 0x1a, 0x53, 0x1a, 0x53, 0x1a, 0x53, 0x1a, 0x33, 0x1a, 0x54, 0x1a, 0x84, 0x00, 0x00, 0x00, 0x00, 0x00, 0x00, 0x00,
    0x00, 0x00, 0x00, 0x00, 0x00, 0x00, 0x00, 0x00, 0x00, 0x00, 0x00, 0x00, 0x00, 0x00, 0x00, 0x00, 0x00, 0x00, 0x00, 0x00,
    0x00, 0x00, 0x00, 0x00, 0x00, 0x00, 0x00, 0x00, 0x00, 0x00, 0x00, 0x00, 0x00, 0x00, 0x00, 0x00, 0x00, 0x00, 0x00, 0x00,
    0x00, 0x00, 0x00, 0x00, 0x00, 0x00, 0x00, 0x08, 0x25, 0xc9, 0x26, 0xd9, 0x25, 0xd9, 0x25, 0xd9, 0x25, 0xd9, 0x25, 0xd9,
    0x25, 0xd9, 0x25, 0xd9, 0x25, 0xd9, 0x25, 0xd9, 0x25, 0xd9, 0x25, 0xd9, 0x25, 0xd9, 0x25, 0xd9, 0x25, 0xd9, 0x25, 0xd9,
    0x25, 0xd9, 0x25, 0xd9, 0x25, 0xd9, 0x25, 0xd9, 0x25, 0xd9, 0x25, 0xd9, 0x25, 0xd9, 0x25, 0xd9, 0x25, 0xd9, 0x25, 0xd9,
    0x25, 0xd9, 0x25, 0xd9, 0x25, 0xd9, 0x25, 0xd9, 0x25, 0xd9, 0x25, 0xd9, 0x25, 0xd9, 0x25, 0xd9, 0x25, 0xd9, 0x25, 0xd9,
    0x25, 0xd9, 0x25, 0xd9, 0x25, 0xd9, 0x25, 0xd9, 0x25, 0xd9, 0x25, 0xd9, 0x25, 0xd9, 0x26, 0xd9, 0x25, 0xd9, 0x25, 0xd9,
    0x25, 0xd9, 0x25, 0xd9, 0x25, 0xd9, 0x25, 0xd9, 0x25, 0xd9, 0x25, 0xd9, 0x25, 0xd9, 0x25, 0xd9, 0x25, 0xd9, 0x25, 0xd9,
    0x25, 0xd9, 0x25, 0xd9, 0x25, 0xd9, 0x25, 0xd9, 0x25, 0xd9, 0x25, 0xd9, 0x25, 0xd9, 0x25, 0xd9, 0x25, 0xd9, 0x25, 0xd9,
    0x25, 0xd9, 0x25, 0xd9, 0x25, 0xd9, 0x25, 0xd9, 0x25, 0xd9, 0x25, 0xd9, 0x25, 0xd9, 0x25, 0xd9, 0x25, 0xd9, 0x25, 0xd9,
    0x25, 0xd9, 0x25, 0xd9, 0x25, 0xd9, 0x25, 0xd9, 0x25, 0xd9, 0x25, 0xd9, 0x25, 0xd9, 0x25, 0xd9, 0x25, 0xd9, 0x46, 0xc9,
    0x32, 0x22, 0x53, 0x12, 0x53, 0x1a, 0x53, 0x1a, 0x53, 0x1a, 0x53, 0x1a, 0x53, 0x1a, 0x53, 0x1a, 0x53, 0x1a, 0x53, 0x1a,
    0x53, 0x1a, 0x53, 0x1a, 0x53, 0x1a, 0x53, 0x1a, 0x53, 0x1a, 0x53, 0x1a, 0x53, 0x1a, 0x53, 0x1a, 0x53, 0x1a, 0x33, 0x1a,
    0x33, 0x12, 0x33, 0x12, 0x33, 0x12, 0x33, 0x12, 0x33, 0x12, 0x33, 0x12, 0x33, 0x12, 0x33, 0x12, 0x33, 0x12, 0x33, 0x12,
    0x33, 0x12, 0x33, 0x12, 0x33, 0x12, 0x33, 0x12, 0x33, 0x12, 0x33, 0x12, 0x33, 0x12, 0x33, 0x12, 0x33, 0x12, 0x33, 0x12,
    0x33, 0x12, 0x33, 0x12, 0x33, 0x1a, 0x53, 0x1a, 0x33, 0x12, 0x33, 0x12, 0x33, 0x12, 0x33, 0x12, 0x33, 0x12, 0x33, 0x12,
    0x33, 0x12, 0x33, 0x12, 0x33, 0x12, 0x33, 0x12, 0x33, 0x12, 0x33, 0x12, 0x33, 0x12, 0x33, 0x12, 0x33, 0x12, 0x33, 0x12,
    0x33, 0x12, 0x33, 0x12, 0x33, 0x12, 0x33, 0x12, 0x33, 0x12, 0x33, 0x12, 0x33, 0x1a, 0x53, 0x1a, 0x53, 0x1a, 0x53, 0x1a,
    0x53, 0x1a, 0x53, 0x1a, 0x53, 0x1a, 0x53, 0x1a, 0x53, 0x1a, 0x53, 0x1a, 0x53, 0x1a, 0x53, 0x1a, 0x53, 0x1a, 0x53, 0x1a,
    0x53, 0x1a, 0x53, 0x1a, 0x53, 0x1a, 0x53, 0x1a, 0x33, 0x1a, 0x54, 0x1a, 0x84, 0x00, 0x00, 0x00, 0x00, 0x00, 0x00, 0x00,
    0x00, 0x00, 0x00, 0x00, 0x00, 0x00, 0x00, 0x00, 0x00, 0x00, 0x00, 0x00, 0x00, 0x00, 0x00, 0x00, 0x00, 0x00, 0x00, 0x00,
    0x00, 0x00, 0x00, 0x00, 0x00, 0x00, 0x00, 0x00, 0x00, 0x00, 0x00, 0x00, 0x00, 0x00, 0x00, 0x00, 0x00, 0x00, 0x00, 0x00,
    0x00, 0x00, 0x00, 0x00, 0x00, 0x00, 0x00, 0x08, 0x25, 0xc9, 0x26, 0xd9, 0x25, 0xd9, 0x25, 0xd9, 0x25, 0xd9, 0x25, 0xd9,
    0x25, 0xd9, 0x25, 0xd9, 0x25, 0xd9, 0x25, 0xd9, 0x25, 0xd9, 0x25, 0xd9, 0x25, 0xd9, 0x25, 0xd9, 0x25, 0xd9, 0x25, 0xd9,
    0x25, 0xd9, 0x25, 0xd9, 0x25, 0xd9, 0x25, 0xd9, 0x25, 0xd9, 0x25, 0xd9, 0x25, 0xd9, 0x25, 0xd9, 0x25, 0xd9, 0x25, 0xd9,
    0x25, 0xd9, 0x25, 0xd9, 0x25, 0xd9, 0x25, 0xd9, 0x25, 0xd9, 0x25, 0xd9, 0x25, 0xd9, 0x25, 0xd9, 0x25, 0xd9, 0x25, 0xd9,
    0x25, 0xd9, 0x25, 0xd9, 0x25, 0xd9, 0x25, 0xd9, 0x25, 0xd9, 0x25, 0xd9, 0x25, 0xd9, 0x25, 0xd9, 0x25, 0xd9, 0x25, 0xd9,
    0x25, 0xd9, 0x25, 0xd9, 0x25, 0xd9, 0x25, 0xd9, 0x25, 0xd9, 0x25, 0xd9, 0x25, 0xd9, 0x25, 0xd9, 0x25, 0xd9, 0x25, 0xd9,
    0x25, 0xd9, 0x25, 0xd9, 0x25, 0xd9, 0x25, 0xd9, 0x25, 0xd9, 0x25, 0xd9, 0x25, 0xd9, 0x25, 0xd9, 0x25, 0xd9, 0x25, 0xd9,
    0x25, 0xd9, 0x25, 0xd9, 0x25, 0xd9, 0x25, 0xd9, 0x25, 0xd9, 0x25, 0xd9, 0x25, 0xd9, 0x25, 0xd9, 0x25, 0xd9, 0x25, 0xd9,
    0x25, 0xd9, 0x25, 0xd9, 0x25, 0xd9, 0x25, 0xd9, 0x25, 0xd9, 0x25, 0xd9, 0x25, 0xd9, 0x25, 0xd9, 0x25, 0xd9, 0x46, 0xc9,
    0x32, 0x22, 0x53, 0x12, 0x53, 0x1a, 0x53, 0x1a, 0x53, 0x1a, 0x53, 0x1a, 0x53, 0x1a, 0x53, 0x1a, 0x53, 0x1a, 0x53, 0x1a,
    0x53, 0x1a, 0x53, 0x1a, 0x53, 0x1a, 0x53, 0x1a, 0x53, 0x1a, 0x53, 0x1a, 0x53, 0x1a, 0x33, 0x1a, 0x53, 0x1a, 0x73, 0x1a,
    0xd4, 0x2a, 0x94, 0x2a, 0xb4, 0x2a, 0xb4, 0x2a, 0xb4, 0x2a, 0xb4, 0x2a, 0xb4, 0x2a, 0xb4, 0x2a, 0xb4, 0x2a, 0xb4, 0x2a,
    0xb4, 0x2a, 0xb4, 0x2a, 0xb4, 0x2a, 0xb4, 0x2a, 0xb4, 0x2a, 0xb4, 0x2a, 0xb4, 0x2a, 0xb4, 0x2a, 0xb4, 0x2a, 0xb4, 0x2a,
    0x94, 0x2a, 0xd4, 0x2a, 0x53, 0x1a, 0x33, 0x1a, 0xb4, 0x2a, 0x94, 0x2a, 0xb4, 0x2a, 0xb4, 0x2a, 0xb4, 0x2a, 0xb4, 0x2a,
    0xb4, 0x2a, 0xb4, 0x2a, 0xb4, 0x2a, 0xb4, 0x2a, 0xb4, 0x2a, 0xb4, 0x2a, 0xb4, 0x2a, 0xb4, 0x2a, 0xb4, 0x2a, 0xb4, 0x2a,
    0xb4, 0x2a, 0xb4, 0x2a, 0xb4, 0x2a, 0xb4, 0x2a, 0x94, 0x2a, 0xb4, 0x2a, 0x73, 0x22, 0x53, 0x1a, 0x53, 0x1a, 0x53, 0x1a,
    0x53, 0x1a, 0x53, 0x1a, 0x53, 0x1a, 0x53, 0x1a, 0x53, 0x1a, 0x53, 0x1a, 0x53, 0x1a, 0x53, 0x1a, 0x53, 0x1a, 0x53, 0x1a,
    0x53, 0x1a, 0x53, 0x1a, 0x53, 0x1a, 0x53, 0x1a, 0x33, 0x1a, 0x54, 0x1a, 0x84, 0x00, 0x00, 0x00, 0x00, 0x00, 0x00, 0x00,
    0x00, 0x00, 0x00, 0x00, 0x00, 0x00, 0x00, 0x00, 0x00, 0x00, 0x00, 0x00, 0x00, 0x00, 0x00, 0x00, 0x00, 0x00, 0x00, 0x00,
    0x00, 0x00, 0x00, 0x00, 0x00, 0x00, 0x00, 0x00, 0x00, 0x00, 0x00, 0x00, 0x00, 0x00, 0x00, 0x00, 0x00, 0x00, 0x00, 0x00,
    0x00, 0x00, 0x00, 0x00, 0x00, 0x00, 0x00, 0x08, 0x25, 0xc9, 0x26, 0xd9, 0x25, 0xd9, 0x25, 0xd9, 0x25, 0xd9, 0x25, 0xd9,
    0x25, 0xd9, 0x25, 0xd9, 0x25, 0xd9, 0x25, 0xd9, 0x25, 0xd9, 0x25, 0xd9, 0x25, 0xd9, 0x25, 0xd9, 0x25, 0xd9, 0x25, 0xd9,
    0x25, 0xd9, 0x25, 0xd9, 0x25, 0xd9, 0x25, 0xd9, 0x25, 0xd9, 0x25, 0xd9, 0x25, 0xd9, 0x25, 0xd9, 0x25, 0xd9, 0x25, 0xd9,
    0x25, 0xd9, 0x25, 0xd9, 0x25, 0xd9, 0x25, 0xd9, 0x25, 0xd9, 0x25, 0xd9, 0x25, 0xd9, 0x25, 0xd9, 0x25, 0xd9, 0x25, 0xd9,
    0x25, 0xd9, 0x25, 0xd9, 0x25, 0xd9, 0x25, 0xd9, 0x46, 0xd9, 0xe4, 0xd8, 0x8a, 0xe2, 0x8e, 0xe3, 0xc4, 0xd8, 0x46, 0xd9,
    0x25, 0xd9, 0x25, 0xd9, 0x25, 0xd9, 0x25, 0xd9, 0x25, 0xd9, 0x25, 0xd9, 0x25, 0xd9, 0x25, 0xd9, 0x25, 0xd9, 0x25, 0xd9,
    0x25, 0xd9, 0x25, 0xd9, 0x25, 0xd9, 0x25, 0xd9, 0x25, 0xd9, 0x25, 0xd9, 0x25, 0xd9, 0x25, 0xd9, 0x25, 0xd9, 0x25, 0xd9,
    0x25, 0xd9, 0x25, 0xd9, 0x25, 0xd9, 0x25, 0xd9, 0x25, 0xd9, 0x25, 0xd9, 0x25, 0xd9, 0x25, 0xd9, 0x25, 0xd9, 0x25, 0xd9,
    0x25, 0xd9, 0x25, 0xd9, 0x25, 0xd9, 0x25, 0xd9, 0x25, 0xd9, 0x25, 0xd9, 0x25, 0xd9, 0x25, 0xd9, 0x25, 0xd9, 0x46, 0xc9,
    0x32, 0x22, 0x53, 0x12, 0x53, 0x1a, 0x53, 0x1a, 0x53, 0x1a, 0x53, 0x1a, 0x53, 0x1a, 0x53, 0x1a, 0x53, 0x1a, 0x53, 0x1a,
    0x53, 0x1a, 0x53, 0x1a, 0x53, 0x1a, 0x53, 0x1a, 0x53, 0x1a, 0x53, 0x1a, 0x53, 0x1a, 0x53, 0x1a, 0xb4, 0x2a, 0x33, 0x12,
    0x7c, 0xbe, 0xbf, 0xf7, 0x9f, 0xef, 0x9f, 0xf7, 0x9f, 0xf7, 0x9f, 0xf7, 0x9f, 0xf7, 0x9f, 0xf7, 0x9f, 0xf7, 0x9f, 0xf7,
    0x9f, 0xf7, 0x9f, 0xf7, 0x9f, 0xf7, 0x9f, 0xf7, 0x9f, 0xf7, 0x9f, 0xf7, 0x9f, 0xf7, 0x9f, 0xf7, 0x9f, 0xf7, 0x9e, 0xef,
    0xbf, 0xf7, 0xdb, 0xa5, 0x12, 0x12, 0x12, 0x12, 0x78, 0x74, 0xbf, 0xf7, 0x9e, 0xef, 0x9f, 0xf7, 0x9f, 0xf7, 0x9f, 0xf7,
    0x9f, 0xf7, 0x9f, 0xf7, 0x9f, 0xf7, 0x9f, 0xf7, 0x9f, 0xf7, 0x9f, 0xf7, 0x9f, 0xf7, 0x9f, 0xf7, 0x9f, 0xf7, 0x9f, 0xf7,
    0x9f, 0xf7, 0x9f, 0xf7, 0x9f, 0xf7, 0x9f, 0xef, 0x9f, 0xef, 0x3e, 0xdf, 0xd4, 0x32, 0x73, 0x22, 0x93, 0x22, 0x33, 0x1a,
    0x53, 0x1a, 0x53, 0x1a, 0x53, 0x1a, 0x53, 0x1a, 0x53, 0x1a, 0x53, 0x1a, 0x53, 0x1a, 0x53, 0x1a, 0x53, 0x1a, 0x53, 0x1a,
    0x53, 0x1a, 0x53, 0x1a, 0x53, 0x1a, 0x53, 0x1a, 0x33, 0x1a, 0x54, 0x1a, 0x84, 0x00, 0x00, 0x00, 0x00, 0x00, 0x00, 0x00,
    0x00, 0x00, 0x00, 0x00, 0x00, 0x00, 0x00, 0x00, 0x00, 0x00, 0x00, 0x00, 0x00, 0x00, 0x00, 0x00, 0x00, 0x00, 0x00, 0x00,
    0x00, 0x00, 0x00, 0x00, 0x00, 0x00, 0x00, 0x00, 0x00, 0x00, 0x00, 0x00, 0x00, 0x00, 0x00, 0x00, 0x00, 0x00, 0x00, 0x00,
    0x00, 0x00, 0x00, 0x00, 0x00, 0x00, 0x00, 0x08, 0x25, 0xc9, 0x26, 0xd9, 0x25, 0xd9, 0x25, 0xd9, 0x25, 0xd9, 0x25, 0xd9,
    0x25, 0xd9, 0x25, 0xd9, 0x25, 0xd9, 0x25, 0xd9, 0x25, 0xd9, 0x25, 0xd9, 0x25, 0xd9, 0x25, 0xd9, 0x25, 0xd9, 0x25, 0xd9,
    0x25, 0xd9, 0x25, 0xd9, 0x25, 0xd9, 0x25, 0xd9, 0x25, 0xd9, 0x25, 0xd9, 0x25, 0xd9, 0x25, 0xd9, 0x25, 0xd9, 0x25, 0xd9,
    0x25, 0xd9, 0x25, 0xd9, 0x25, 0xd9, 0x25, 0xd9, 0x25, 0xd9, 0x25, 0xd9, 0x25, 0xd9, 0x25, 0xd9, 0x25, 0xd9, 0x25, 0xd9,
    0x25, 0xd9, 0x25, 0xd9, 0x25, 0xd9, 0x25, 0xd9, 0x46, 0xd9, 0xa3, 0xd0, 0x14, 0xed, 0x9a, 0xf6, 0xa3, 0xd0, 0x46, 0xd9,
    0x25, 0xd9, 0x25, 0xd9, 0x25, 0xd9, 0x25, 0xd9, 0x25, 0xd9, 0x25, 0xd9, 0x25, 0xd9, 0x25, 0xd9, 0x25, 0xd9, 0x25, 0xd9,
    0x25, 0xd9, 0x25, 0xd9, 0x25, 0xd9, 0x25, 0xd9, 0x25, 0xd9, 0x25, 0xd9, 0x25, 0xd9, 0x25, 0xd9, 0x25, 0xd9, 0x25, 0xd9,
    0x25, 0xd9, 0x25, 0xd9, 0x25, 0xd9, 0x25, 0xd9, 0x25, 0xd9, 0x25, 0xd9, 0x25, 0xd9, 0x25, 0xd9, 0x25, 0xd9, 0x25, 0xd9,
    0x25, 0xd9, 0x25, 0xd9, 0x25, 0xd9, 0x25, 0xd9, 0x25, 0xd9, 0x25, 0xd9, 0x25, 0xd9, 0x25, 0xd9, 0x25, 0xd9, 0x46, 0xc9,
    0x32, 0x22, 0x53, 0x12, 0x53, 0x1a, 0x53, 0x1a, 0x53, 0x1a, 0x53, 0x1a, 0x53, 0x1a, 0x53, 0x1a, 0x53, 0x1a, 0x53, 0x1a,
    0x53, 0x1a, 0x53, 0x1a, 0x53, 0x1a, 0x53, 0x1a, 0x53, 0x1a, 0x53, 0x1a, 0xd2, 0x09, 0xf7, 0x5b, 0x3b, 0xb6, 0xd2, 0x01,
    0xd4, 0x32, 0x9f, 0xf7, 0xff, 0xff, 0xff, 0xff, 0xff, 0xff, 0xff, 0xff, 0xff, 0xff, 0xff, 0xff, 0xff, 0xff, 0xff, 0xff,
    0xff, 0xff, 0xff, 0xff, 0xff, 0xff, 0xff, 0xff, 0xff, 0xff, 0xff, 0xff, 0xff, 0xff, 0xff, 0xff, 0xff, 0xff, 0xff, 0xff,
    0xbf, 0xf7, 0xd4, 0x2a, 0x33, 0x12, 0x53, 0x1a, 0x12, 0x12, 0xbd, 0xce, 0xff, 0xff, 0xff, 0xff, 0xff, 0xff, 0xff, 0xff,
    0xff, 0xff, 0xff, 0xff, 0xff, 0xff, 0xff, 0xff, 0xff, 0xff, 0xff, 0xff, 0xff, 0xff, 0xff, 0xff, 0xff, 0xff, 0xff, 0xff,
    0xff, 0xff, 0xff, 0xff, 0xff, 0xff, 0xff, 0xff, 0xff, 0xff, 0xf7, 0x5b, 0x71, 0x01, 0x39, 0x8d, 0x5a, 0x95, 0xb2, 0x01,
    0x53, 0x1a, 0x53, 0x1a, 0x53, 0x1a, 0x53, 0x1a, 0x53, 0x1a, 0x53, 0x1a, 0x53, 0x1a, 0x53, 0x1a, 0x53, 0x1a, 0x53, 0x1a,
    0x53, 0x1a, 0x53, 0x1a, 0x53, 0x1a, 0x53, 0x1a, 0x33, 0x1a, 0x54, 0x1a, 0x84, 0x00, 0x00, 0x00, 0x00, 0x00, 0x00, 0x00,
    0x00, 0x00, 0x00, 0x00, 0x00, 0x00, 0x00, 0x00, 0x00, 0x00, 0x00, 0x00, 0x00, 0x00, 0x00, 0x00, 0x00, 0x00, 0x00, 0x00,
    0x00, 0x00, 0x00, 0x00, 0x00, 0x00, 0x00, 0x00, 0x00, 0x00, 0x00, 0x00, 0x00, 0x00, 0x00, 0x00, 0x00, 0x00, 0x00, 0x00,
    0x00, 0x00, 0x00, 0x00, 0x00, 0x00, 0x00, 0x08, 0x25, 0xc9, 0x26, 0xd9, 0x25, 0xd9, 0x25, 0xd9, 0x25, 0xd9, 0x25, 0xd9,
    0x25, 0xd9, 0x25, 0xd9, 0x25, 0xd9, 0x25, 0xd9, 0x25, 0xd9, 0x25, 0xd9, 0x25, 0xd9, 0x25, 0xd9, 0x25, 0xd9, 0x25, 0xd9,
    0x25, 0xd9, 0x25, 0xd9, 0x25, 0xd9, 0x25, 0xd9, 0x25, 0xd9, 0x25, 0xd9, 0x25, 0xd9, 0x25, 0xd9, 0x25, 0xd9, 0x25, 0xd9,
    0x25, 0xd9, 0x25, 0xd9, 0x25, 0xd9, 0x25, 0xd9, 0x25, 0xd9, 0x25, 0xd9, 0x25, 0xd9, 0x25, 0xd9, 0x25, 0xd9, 0x25, 0xd9,
    0x25, 0xd9, 0x25, 0xd9, 0x25, 0xd9, 0x25, 0xd9, 0x25, 0xd9, 0x25, 0xd9, 0x1c, 0xff, 0xff, 0xff, 0x09, 0xda, 0xe5, 0xd8,
    0x46, 0xd9, 0x25, 0xd9, 0x25, 0xd9, 0x25, 0xd9, 0x25, 0xd9, 0x25, 0xd9, 0x25, 0xd9, 0x25, 0xd9, 0x25, 0xd9, 0x25, 0xd9,
    0x25, 0xd9, 0x25, 0xd9, 0x25, 0xd9, 0x25, 0xd9, 0x25, 0xd9, 0x25, 0xd9, 0x25, 0xd9, 0x25, 0xd9, 0x25, 0xd9, 0x25, 0xd9,
    0x25, 0xd9, 0x25, 0xd9, 0x25, 0xd9, 0x25, 0xd9, 0x25, 0xd9, 0x25, 0xd9, 0x25, 0xd9, 0x25, 0xd9, 0x25, 0xd9, 0x25, 0xd9,
    0x25, 0xd9, 0x25, 0xd9, 0x25, 0xd9, 0x25, 0xd9, 0x25, 0xd9, 0x25, 0xd9, 0x25, 0xd9, 0x25, 0xd9, 0x25, 0xd9, 0x46, 0xc9,
    0x32, 0x22, 0x53, 0x12, 0x53, 0x1a, 0x53, 0x1a, 0x53, 0x1a, 0x53, 0x1a, 0x53, 0x1a, 0x53, 0x1a, 0x53, 0x1a, 0x53, 0x1a,
    0x53, 0x1a, 0x53, 0x1a, 0x53, 0x1a, 0x53, 0x1a, 0x53, 0x1a, 0x53, 0x1a, 0x33, 0x1a, 0xdd, 0xce, 0xff, 0xff, 0x39, 0x8d,
    0x71, 0x01, 0x96, 0x53, 0xff, 0xff, 0xff, 0xff, 0xff, 0xff, 0xff, 0xff, 0xff, 0xff, 0xff, 0xff, 0xff, 0xff, 0xff, 0xff,
    0xff, 0xff, 0xff, 0xff, 0xff, 0xff, 0xff, 0xff, 0xff, 0xff, 0xff, 0xff, 0xff, 0xff, 0xff, 0xff, 0xdf, 0xff, 0xff, 0xff,
    0xb8, 0x7c, 0xd2, 0x09, 0x53, 0x1a, 0x53, 0x1a, 0x12, 0x12, 0x55, 0x43, 0xdf, 0xff, 0xff, 0xff, 0xff, 0xff, 0xff, 0xff,
    0xff, 0xff, 0xff, 0xff, 0xff, 0xff, 0xff, 0xff, 0xff, 0xff, 0xff, 0xff, 0xff, 0xff, 0xff, 0xff, 0xff, 0xff, 0xff, 0xff,
    0xff, 0xff, 0xff, 0xff, 0xdf, 0xff, 0xff, 0xff, 0xf9, 0x84, 0x71, 0x01, 0xd6, 0x5b, 0xff, 0xff, 0xbf, 0xf7, 0xf4, 0x32,
    0x12, 0x12, 0x53, 0x1a, 0x53, 0x1a, 0x53, 0x1a, 0x53, 0x1a, 0x53, 0x1a, 0x53, 0x1a, 0x53, 0x1a, 0x53, 0x1a, 0x53, 0x1a,
    0x53, 0x1a, 0x53, 0x1a, 0x53, 0x1a, 0x53, 0x1a, 0x33, 0x1a, 0x54, 0x1a, 0x84, 0x00, 0x00, 0x00, 0x00, 0x00, 0x00, 0x00,
    0x00, 0x00, 0x00, 0x00, 0x00, 0x00, 0x00, 0x00, 0x00, 0x00, 0x00, 0x00, 0x00, 0x00, 0x00, 0x00, 0x00, 0x00, 0x00, 0x00,
    0x00, 0x00, 0x00, 0x00, 0x00, 0x00, 0x00, 0x00, 0x00, 0x00, 0x00, 0x00, 0x00, 0x00, 0x00, 0x00, 0x00, 0x00, 0x00, 0x00,
    0x00, 0x00, 0x00, 0x00, 0x00, 0x00, 0x00, 0x08, 0x25, 0xc9, 0x26, 0xd9, 0x25, 0xd9, 0x25, 0xd9, 0x25, 0xd9, 0x25, 0xd9,
    0x25, 0xd9, 0x25, 0xd9, 0x25, 0xd9, 0x25, 0xd9, 0x25, 0xd9, 0x25, 0xd9, 0x25, 0xd9, 0x25, 0xd9, 0x25, 0xd9, 0x25, 0xd9,
    0x25, 0xd9, 0x25, 0xd9, 0x25, 0xd9, 0x25, 0xd9, 0x25, 0xd9, 0x25, 0xd9, 0x25, 0xd9, 0x25, 0xd9, 0x25, 0xd9, 0x25, 0xd9,
    0x25, 0xd9, 0x25, 0xd9, 0x25, 0xd9, 0x25, 0xd9, 0x25, 0xd9, 0x25, 0xd9, 0x25, 0xd9, 0x25, 0xd9, 0x25, 0xd9, 0x25, 0xd9,
    0x25, 0xd9, 0x25, 0xd9, 0x25, 0xd9, 0x46, 0xd9, 0xc4, 0xd8, 0xab, 0xe2, 0xff, 0xff, 0xff, 0xff, 0x51, 0xec, 0xa4, 0xd0,
    0x46, 0xd9, 0x25, 0xd9, 0x25, 0xd9, 0x25, 0xd9, 0x25, 0xd9, 0x25, 0xd9, 0x25, 0xd9, 0x25, 0xd9, 0x25, 0xd9, 0x25, 0xd9,
    0x25, 0xd9, 0x25, 0xd9, 0x25, 0xd9, 0x25, 0xd9, 0x25, 0xd9, 0x25, 0xd9, 0x25, 0xd9, 0x25, 0xd9, 0x25, 0xd9, 0x25, 0xd9,
    0x25, 0xd9, 0x25, 0xd9, 0x25, 0xd9, 0x25, 0xd9, 0x25, 0xd9, 0x25, 0xd9, 0x25, 0xd9, 0x25, 0xd9, 0x25, 0xd9, 0x25, 0xd9,
    0x25, 0xd9, 0x25, 0xd9, 0x25, 0xd9, 0x25, 0xd9, 0x25, 0xd9, 0x25, 0xd9, 0x25, 0xd9, 0x25, 0xd9, 0x25, 0xd9, 0x46, 0xc9,
    0x32, 0x22, 0x53, 0x12, 0x53, 0x1a, 0x53, 0x1a, 0x53, 0x1a, 0x53, 0x1a, 0x53, 0x1a, 0x53, 0x1a, 0x53, 0x1a, 0x53, 0x1a,
    0x53, 0x1a, 0x53, 0x1a, 0x53, 0x1a, 0x53, 0x1a, 0x53, 0x1a, 0xd2, 0x09, 0x78, 0x74, 0xff, 0xff, 0xdf, 0xff, 0xff, 0xff,
    0x37, 0x6c, 0x51, 0x01, 0xf9, 0x84, 0xff, 0xff, 0xdf, 0xff, 0xff, 0xff, 0xff, 0xff, 0xff, 0xff, 0xff, 0xff, 0xff, 0xff,
    0xff, 0xff, 0xff, 0xff, 0xff, 0xff, 0xff, 0xff, 0xff, 0xff, 0xff, 0xff, 0xff, 0xff, 0xff, 0xff, 0xff, 0xff, 0x9c, 0xc6,
    0xf2, 0x09, 0x93, 0x22, 0xd4, 0x32, 0x33, 0x12, 0x53, 0x1a, 0xd2, 0x01, 0x39, 0x8d, 0xff, 0xff, 0xff, 0xff, 0xff, 0xff,
    0xff, 0xff, 0xff, 0xff, 0xff, 0xff, 0xff, 0xff, 0xff, 0xff, 0xff, 0xff, 0xff, 0xff, 0xff, 0xff, 0xff, 0xff, 0xff, 0xff,
    0xff, 0xff, 0xff, 0xff, 0xff, 0xff, 0x3c, 0xbe, 0xb2, 0x01, 0xf4, 0x32, 0x9f, 0xef, 0xff, 0xff, 0xff, 0xff, 0xfb, 0xad,
    0xd2, 0x09, 0x53, 0x1a, 0x53, 0x1a, 0x53, 0x1a, 0x53, 0x1a, 0x53, 0x1a, 0x53, 0x1a, 0x53, 0x1a, 0x53, 0x1a, 0x53, 0x1a,
    0x53, 0x1a, 0x53, 0x1a, 0x53, 0x1a, 0x53, 0x1a, 0x33, 0x1a, 0x54, 0x1a, 0x84, 0x00, 0x00, 0x00, 0x00, 0x00, 0x00, 0x00,
    0x00, 0x00, 0x00, 0x00, 0x00, 0x00, 0x00, 0x00, 0x00, 0x00, 0x00, 0x00, 0x00, 0x00, 0x00, 0x00, 0x00, 0x00, 0x00, 0x00,
    0x00, 0x00, 0x00, 0x00, 0x00, 0x00, 0x00, 0x00, 0x00, 0x00, 0x00, 0x00, 0x00, 0x00, 0x00, 0x00, 0x00, 0x00, 0x00, 0x00,
    0x00, 0x00, 0x00, 0x00, 0x00, 0x00, 0x00, 0x08, 0x25, 0xc9, 0x26, 0xd9, 0x25, 0xd9, 0x25, 0xd9, 0x25, 0xd9, 0x25, 0xd9,
    0x25, 0xd9, 0x25, 0xd9, 0x25, 0xd9, 0x25, 0xd9, 0x25, 0xd9, 0x25, 0xd9, 0x25, 0xd9, 0x25, 0xd9, 0x25, 0xd9, 0x25, 0xd9,
    0x25, 0xd9, 0x25, 0xd9, 0x25, 0xd9, 0x25, 0xd9, 0x25, 0xd9, 0x25, 0xd9, 0x25, 0xd9, 0x25, 0xd9, 0x25, 0xd9, 0x25, 0xd9,
    0x25, 0xd9, 0x25, 0xd9, 0x25, 0xd9, 0x25, 0xd9, 0x25, 0xd9, 0x25, 0xd9, 0x25, 0xd9, 0x25, 0xd9, 0x25, 0xd9, 0x25, 0xd9,
    0x25, 0xd9, 0x25, 0xd9, 0x25, 0xd9, 0x46, 0xd9, 0xc4, 0xd0, 0x55, 0xf5, 0xff, 0xff, 0xff, 0xff, 0x7a, 0xf6, 0xe5, 0xd8,
    0x26, 0xd9, 0x25, 0xd9, 0x25, 0xd9, 0x25, 0xd9, 0x25, 0xd9, 0x25, 0xd9, 0x25, 0xd9, 0x25, 0xd9, 0x25, 0xd9, 0x25, 0xd9,
    0x25, 0xd9, 0x25, 0xd9, 0x25, 0xd9, 0x25, 0xd9, 0x25, 0xd9, 0x25, 0xd9, 0x25, 0xd9, 0x25, 0xd9, 0x25, 0xd9, 0x25, 0xd9,
    0x25, 0xd9, 0x25, 0xd9, 0x25, 0xd9, 0x25, 0xd9, 0x25, 0xd9, 0x25, 0xd9, 0x25, 0xd9, 0x25, 0xd9, 0x25, 0xd9, 0x25, 0xd9,
    0x25, 0xd9, 0x25, 0xd9, 0x25, 0xd9, 0x25, 0xd9, 0x25, 0xd9, 0x25, 0xd9, 0x25, 0xd9, 0x25, 0xd9, 0x25, 0xd9, 0x46, 0xc9,
    0x32, 0x22, 0x53, 0x12, 0x53, 0x1a, 0x53, 0x1a, 0x53, 0x1a, 0x53, 0x1a, 0x53, 0x1a, 0x53, 0x1a, 0x53, 0x1a, 0x53, 0x1a,
    0x53, 0x1a, 0x53, 0x1a, 0x53, 0x1a, 0x53, 0x1a, 0x33, 0x1a, 0x73, 0x22, 0x3e, 0xdf, 0xff, 0xff, 0xff, 0xff, 0xff, 0xff,
    0x9f, 0xf7, 0x35, 0x43, 0xb2, 0x01, 0xfb, 0xad, 0xff, 0xff, 0xff, 0xff, 0xff, 0xff, 0xff, 0xff, 0xff, 0xff, 0xff, 0xff,
    0xff, 0xff, 0xff, 0xff, 0xff, 0xff, 0xff, 0xff, 0xff, 0xff, 0xff, 0xff, 0xff, 0xff, 0xff, 0xff, 0xbf, 0xf7, 0x15, 0x3b,
    0x91, 0x01, 0x7a, 0x9d, 0x17, 0x64, 0xf2, 0x09, 0xf9, 0x84, 0x53, 0x1a, 0x33, 0x12, 0xfd, 0xd6, 0xff, 0xff, 0xff, 0xff,
    0xff, 0xff, 0xff, 0xff, 0xff, 0xff, 0xff, 0xff, 0xff, 0xff, 0xff, 0xff, 0xff, 0xff, 0xff, 0xff, 0xff, 0xff, 0xff, 0xff,
    0xff, 0xff, 0xff, 0xff, 0x1d, 0xdf, 0x73, 0x22, 0x33, 0x1a, 0xfd, 0xd6, 0xff, 0xff, 0xff, 0xff, 0xff, 0xff, 0xdf, 0xff,
    0x75, 0x4b, 0x12, 0x12, 0x53, 0x1a, 0x53, 0x1a, 0x53, 0x1a, 0x53, 0x1a, 0x53, 0x1a, 0x53, 0x1a, 0x53, 0x1a, 0x53, 0x1a,
    0x53, 0x1a, 0x53, 0x1a, 0x53, 0x1a, 0x53, 0x1a, 0x33, 0x1a, 0x54, 0x1a, 0x84, 0x00, 0x00, 0x00, 0x00, 0x00, 0x00, 0x00,
    0x00, 0x00, 0x00, 0x00, 0x00, 0x00, 0x00, 0x00, 0x00, 0x00, 0x00, 0x00, 0x00, 0x00, 0x00, 0x00, 0x00, 0x00, 0x00, 0x00,
    0x00, 0x00, 0x00, 0x00, 0x00, 0x00, 0x00, 0x00, 0x00, 0x00, 0x00, 0x00, 0x00, 0x00, 0x00, 0x00, 0x00, 0x00, 0x00, 0x00,
    0x00, 0x00, 0x00, 0x00, 0x00, 0x00, 0x00, 0x08, 0x25, 0xc9, 0x26, 0xd9, 0x25, 0xd9, 0x25, 0xd9, 0x25, 0xd9, 0x25, 0xd9,
    0x25, 0xd9, 0x25, 0xd9, 0x25, 0xd9, 0x25, 0xd9, 0x25, 0xd9, 0x25, 0xd9, 0x25, 0xd9, 0x25, 0xd9, 0x25, 0xd9, 0x25, 0xd9,
    0x25, 0xd9, 0x25, 0xd9, 0x25, 0xd9, 0x25, 0xd9, 0x25, 0xd9, 0x25, 0xd9, 0x25, 0xd9, 0x25, 0xd9, 0x25, 0xd9, 0x25, 0xd9,
    0x25, 0xd9, 0x25, 0xd9, 0x25, 0xd9, 0x25, 0xd9, 0x25, 0xd9, 0x25, 0xd9, 0x25, 0xd9, 0x25, 0xd9, 0x25, 0xd9, 0x25, 0xd9,
    0x25, 0xd9, 0x25, 0xd9, 0x26, 0xd9, 0x05, 0xd9, 0x66, 0xd9, 0x5d, 0xff, 0xff, 0xff, 0xff, 0xff, 0xdf, 0xff, 0x6a, 0xe2,
    0xe4, 0xd8, 0x46, 0xd9, 0x25, 0xd9, 0x25, 0xd9, 0x25, 0xd9, 0x25, 0xd9, 0x25, 0xd9, 0x25, 0xd9, 0x25, 0xd9, 0x25, 0xd9,
    0x25, 0xd9, 0x25, 0xd9, 0x25, 0xd9, 0x25, 0xd9, 0x25, 0xd9, 0x25, 0xd9, 0x25, 0xd9, 0x25, 0xd9, 0x25, 0xd9, 0x25, 0xd9,
    0x25, 0xd9, 0x25, 0xd9, 0x25, 0xd9, 0x25, 0xd9, 0x25, 0xd9, 0x25, 0xd9, 0x25, 0xd9, 0x25, 0xd9, 0x25, 0xd9, 0x25, 0xd9,
    0x25, 0xd9, 0x25, 0xd9, 0x25, 0xd9, 0x25, 0xd9, 0x25, 0xd9, 0x25, 0xd9, 0x25, 0xd9, 0x25, 0xd9, 0x25, 0xd9, 0x46, 0xc9,
    0x32, 0x22, 0x53, 0x12, 0x53, 0x1a, 0x53, 0x1a, 0x53, 0x1a, 0x53, 0x1a, 0x53, 0x1a, 0x53, 0x1a, 0x53, 0x1a, 0x53, 0x1a,
    0x53, 0x1a, 0x53, 0x1a, 0x53, 0x1a, 0x73, 0x1a, 0xd2, 0x01, 0x39, 0x8d, 0xff, 0xff, 0xff, 0xff, 0xff, 0xff, 0xff, 0xff,
    0xff, 0xff, 0x1d, 0xdf, 0x33, 0x1a, 0x33, 0x1a, 0xfd, 0xd6, 0xff, 0xff, 0xff, 0xff, 0xff, 0xff, 0xff, 0xff, 0xff, 0xff,
    0xff, 0xff, 0xff, 0xff, 0xff, 0xff, 0xff, 0xff, 0xff, 0xff, 0xff, 0xff, 0xff, 0xff, 0xff, 0xff, 0xd8, 0x7c, 0x91, 0x01,
    0x75, 0x43, 0xff, 0xff, 0xd6, 0x5b, 0x91, 0x01, 0x1d, 0xdf, 0x19, 0x8d, 0x91, 0x01, 0x75, 0x4b, 0xff, 0xff, 0xff, 0xff,
    0xff, 0xff, 0xff, 0xff, 0xff, 0xff, 0xff, 0xff, 0xff, 0xff, 0xff, 0xff, 0xff, 0xff, 0xff, 0xff, 0xff, 0xff, 0xff, 0xff,
    0xff, 0xff, 0x9f, 0xf7, 0x55, 0x43, 0x91, 0x01, 0xfb, 0xad, 0xff, 0xff, 0xff, 0xff, 0xff, 0xff, 0xff, 0xff, 0xff, 0xff,
    0x9c, 0xc6, 0xf2, 0x09, 0x53, 0x1a, 0x53, 0x1a, 0x53, 0x1a, 0x53, 0x1a, 0x53, 0x1a, 0x53, 0x1a, 0x53, 0x1a, 0x53, 0x1a,
    0x53, 0x1a, 0x53, 0x1a, 0x53, 0x1a, 0x53, 0x1a, 0x33, 0x1a, 0x54, 0x1a, 0x84, 0x00, 0x00, 0x00, 0x00, 0x00, 0x00, 0x00,
    0x00, 0x00, 0x00, 0x00, 0x00, 0x00, 0x00, 0x00, 0x00, 0x00, 0x00, 0x00, 0x00, 0x00, 0x00, 0x00, 0x00, 0x00, 0x00, 0x00,
    0x00, 0x00, 0x00, 0x00, 0x00, 0x00, 0x00, 0x00, 0x00, 0x00, 0x00, 0x00, 0x00, 0x00, 0x00, 0x00, 0x00, 0x00, 0x00, 0x00,
    0x00, 0x00, 0x00, 0x00, 0x00, 0x00, 0x00, 0x08, 0x25, 0xc9, 0x26, 0xd9, 0x25, 0xd9, 0x25, 0xd9, 0x25, 0xd9, 0x25, 0xd9,
    0x25, 0xd9, 0x25, 0xd9, 0x25, 0xd9, 0x25, 0xd9, 0x25, 0xd9, 0x25, 0xd9, 0x25, 0xd9, 0x25, 0xd9, 0x25, 0xd9, 0x25, 0xd9,
    0x25, 0xd9, 0x25, 0xd9, 0x25, 0xd9, 0x25, 0xd9, 0x25, 0xd9, 0x25, 0xd9, 0x25, 0xd9, 0x25, 0xd9, 0x25, 0xd9, 0x25, 0xd9,
    0x25, 0xd9, 0x25, 0xd9, 0x25, 0xd9, 0x25, 0xd9, 0x25, 0xd9, 0x25, 0xd9, 0x25, 0xd9, 0x25, 0xd9, 0x25, 0xd9, 0x25, 0xd9,
    0x25, 0xd9, 0x25, 0xd9, 0x46, 0xd9, 0xc4, 0xd0, 0xaf, 0xe3, 0xff, 0xff, 0xff, 0xff, 0xdf, 0xff, 0xff, 0xff, 0xf4, 0xec,
    0xa4, 0xd0, 0x46, 0xd9, 0x25, 0xd9, 0x25, 0xd9, 0x25, 0xd9, 0x25, 0xd9, 0x25, 0xd9, 0x25, 0xd9, 0x25, 0xd9, 0x25, 0xd9,
    0x25, 0xd9, 0x25, 0xd9, 0x25, 0xd9, 0x25, 0xd9, 0x25, 0xd9, 0x25, 0xd9, 0x25, 0xd9, 0x25, 0xd9, 0x25, 0xd9, 0x25, 0xd9,
    0x25, 0xd9, 0x25, 0xd9, 0x25, 0xd9, 0x25, 0xd9, 0x25, 0xd9, 0x25, 0xd9, 0x25, 0xd9, 0x25, 0xd9, 0x25, 0xd9, 0x25, 0xd9,
    0x25, 0xd9, 0x25, 0xd9, 0x25, 0xd9, 0x25, 0xd9, 0x25, 0xd9, 0x25, 0xd9, 0x25, 0xd9, 0x25, 0xd9, 0x25, 0xd9, 0x46, 0xc9,
    0x32, 0x22, 0x53, 0x12, 0x53, 0x1a, 0x53, 0x1a, 0x53, 0x1a, 0x53, 0x1a, 0x53, 0x1a, 0x53, 0x1a, 0x53, 0x1a, 0x53, 0x1a,
    0x53, 0x1a, 0x53, 0x1a, 0x53, 0x1a, 0x12, 0x12, 0x14, 0x3b, 0xbf, 0xf7, 0xff, 0xff, 0xff, 0xff, 0xff, 0xff, 0xff, 0xff,
    0xff, 0xff, 0xff, 0xff, 0xfb, 0xad, 0xb2, 0x01, 0xf4, 0x32, 0x9f, 0xef, 0xff, 0xff, 0xff, 0xff, 0xff, 0xff, 0xff, 0xff,
    0xff, 0xff, 0xff, 0xff, 0xff, 0xff, 0xff, 0xff, 0xff, 0xff, 0xff, 0xff, 0xff, 0xff, 0xfd, 0xd6, 0x33, 0x12, 0x33, 0x12,
    0xdd, 0xd6, 0xff, 0xff, 0xb6, 0x53, 0xb2, 0x01, 0xbc, 0xce, 0xdf, 0xff, 0xf4, 0x32, 0xb1, 0x01, 0xba, 0xa5, 0xff, 0xff,
    0xff, 0xff, 0xff, 0xff, 0xff, 0xff, 0xff, 0xff, 0xff, 0xff, 0xff, 0xff, 0xff, 0xff, 0xff, 0xff, 0xff, 0xff, 0xff, 0xff,
    0xff, 0xff, 0x37, 0x6c, 0x71, 0x01, 0xb8, 0x7c, 0xff, 0xff, 0xff, 0xff, 0xff, 0xff, 0xff, 0xff, 0xff, 0xff, 0xff, 0xff,
    0xff, 0xff, 0x37, 0x64, 0xf2, 0x09, 0x53, 0x1a, 0x53, 0x1a, 0x53, 0x1a, 0x53, 0x1a, 0x53, 0x1a, 0x53, 0x1a, 0x53, 0x1a,
    0x53, 0x1a, 0x53, 0x1a, 0x53, 0x1a, 0x53, 0x1a, 0x33, 0x1a, 0x54, 0x1a, 0x84, 0x00, 0x00, 0x00, 0x00, 0x00, 0x00, 0x00,
    0x00, 0x00, 0x00, 0x00, 0x00, 0x00, 0x00, 0x00, 0x00, 0x00, 0x00, 0x00, 0x00, 0x00, 0x00, 0x00, 0x00, 0x00, 0x00, 0x00,
    0x00, 0x00, 0x00, 0x00, 0x00, 0x00, 0x00, 0x00, 0x00, 0x00, 0x00, 0x00, 0x00, 0x00, 0x00, 0x00, 0x00, 0x00, 0x00, 0x00,
    0x00, 0x00, 0x00, 0x00, 0x00, 0x00, 0x00, 0x08, 0x25, 0xc9, 0x26, 0xd9, 0x25, 0xd9, 0x25, 0xd9, 0x25, 0xd9, 0x25, 0xd9,
    0x25, 0xd9, 0x25, 0xd9, 0x25, 0xd9, 0x25, 0xd9, 0x25, 0xd9, 0x25, 0xd9, 0x25, 0xd9, 0x25, 0xd9, 0x25, 0xd9, 0x25, 0xd9,
    0x25, 0xd9, 0x25, 0xd9, 0x25, 0xd9, 0x25, 0xd9, 0x25, 0xd9, 0x25, 0xd9, 0x25, 0xd9, 0x25, 0xd9, 0x25, 0xd9, 0x25, 0xd9,
    0x25, 0xd9, 0x25, 0xd9, 0x25, 0xd9, 0x25, 0xd9, 0x25, 0xd9, 0x25, 0xd9, 0x25, 0xd9, 0x25, 0xd9, 0x25, 0xd9, 0x25, 0xd9,
    0x25, 0xd9, 0x25, 0xd9, 0x46, 0xd9, 0xc4, 0xd8, 0x18, 0xf6, 0xff, 0xff, 0xff, 0xff, 0xff, 0xff, 0xff, 0xff, 0xfc, 0xfe,
    0x26, 0xd9, 0x25, 0xd9, 0x25, 0xd9, 0x25, 0xd9, 0x25, 0xd9, 0x25, 0xd9, 0x25, 0xd9, 0x25, 0xd9, 0x25, 0xd9, 0x25, 0xd9,
    0x25, 0xd9, 0x25, 0xd9, 0x25, 0xd9, 0x25, 0xd9, 0x25, 0xd9, 0x25, 0xd9, 0x25, 0xd9, 0x25, 0xd9, 0x25, 0xd9, 0x25, 0xd9,
    0x25, 0xd9, 0x25, 0xd9, 0x25, 0xd9, 0x25, 0xd9, 0x25, 0xd9, 0x25, 0xd9, 0x25, 0xd9, 0x25, 0xd9, 0x25, 0xd9, 0x25, 0xd9,
    0x25, 0xd9, 0x25, 0xd9, 0x25, 0xd9, 0x25, 0xd9, 0x25, 0xd9, 0x25, 0xd9, 0x25, 0xd9, 0x25, 0xd9, 0x25, 0xd9, 0x46, 0xc9,
    0x32, 0x22, 0x53, 0x12, 0x53, 0x1a, 0x53, 0x1a, 0x53, 0x1a, 0x53, 0x1a, 0x53, 0x1a, 0x53, 0x1a, 0x53, 0x1a, 0x53, 0x1a,
    0x53, 0x1a, 0x53, 0x1a, 0x53, 0x1a, 0xd2, 0x09, 0xfb, 0xad, 0xff, 0xff, 0xff, 0xff, 0xff, 0xff, 0xff, 0xff, 0xff, 0xff,
    0xff, 0xff, 0xff, 0xff, 0xff, 0xff, 0xf9, 0x84, 0x71, 0x01, 0xf6, 0x5b, 0xff, 0xff, 0xff, 0xff, 0xff, 0xff, 0xff, 0xff,
    0xff, 0xff, 0xff, 0xff, 0xff, 0xff, 0xff, 0xff, 0xff, 0xff, 0xff, 0xff, 0xdf, 0xff, 0x75, 0x4b, 0x91, 0x01, 0xd8, 0x7c,
    0xff, 0xff, 0xff, 0xff, 0xd6, 0x53, 0xb2, 0x01, 0x7c, 0xc6, 0xff, 0xff, 0x1b, 0xb6, 0xd2, 0x09, 0x73, 0x22, 0x3e, 0xdf,
    0xff, 0xff, 0xff, 0xff, 0xff, 0xff, 0xff, 0xff, 0xff, 0xff, 0xff, 0xff, 0xff, 0xff, 0xff, 0xff, 0xdf, 0xff, 0xff, 0xff,
    0x39, 0x95, 0x91, 0x01, 0xb6, 0x53, 0xff, 0xff, 0xff, 0xff, 0xff, 0xff, 0xff, 0xff, 0xff, 0xff, 0xff, 0xff, 0xff, 0xff,
    0xff, 0xff, 0x3e, 0xdf, 0x33, 0x1a, 0x53, 0x1a, 0x53, 0x1a, 0x53, 0x1a, 0x53, 0x1a, 0x53, 0x1a, 0x53, 0x1a, 0x53, 0x1a,
    0x53, 0x1a, 0x53, 0x1a, 0x53, 0x1a, 0x53, 0x1a, 0x33, 0x1a, 0x54, 0x1a, 0x84, 0x00, 0x00, 0x00, 0x00, 0x00, 0x00, 0x00,
    0x00, 0x00, 0x00, 0x00, 0x00, 0x00, 0x00, 0x00, 0x00, 0x00, 0x00, 0x00, 0x00, 0x00, 0x00, 0x00, 0x00, 0x00, 0x00, 0x00,
    0x00, 0x00, 0x00, 0x00, 0x00, 0x00, 0x00, 0x00, 0x00, 0x00, 0x00, 0x00, 0x00, 0x00, 0x00, 0x00, 0x00, 0x00, 0x00, 0x00,
    0x00, 0x00, 0x00, 0x00, 0x00, 0x00, 0x00, 0x08, 0x25, 0xc9, 0x26, 0xd9, 0x25, 0xd9, 0x25, 0xd9, 0x25, 0xd9, 0x25, 0xd9,
    0x25, 0xd9, 0x25, 0xd9, 0x25, 0xd9, 0x25, 0xd9, 0x25, 0xd9, 0x25, 0xd9, 0x25, 0xd9, 0x25, 0xd9, 0x25, 0xd9, 0x25, 0xd9,
    0x25, 0xd9, 0x25, 0xd9, 0x25, 0xd9, 0x25, 0xd9, 0x25, 0xd9, 0x25, 0xd9, 0x25, 0xd9, 0x25, 0xd9, 0x25, 0xd9, 0x25, 0xd9,
    0x25, 0xd9, 0x25, 0xd9, 0x25, 0xd9, 0x25, 0xd9, 0x25, 0xd9, 0x25, 0xd9, 0x25, 0xd9, 0x25, 0xd9, 0x25, 0xd9, 0x25, 0xd9,
    0x25, 0xd9, 0x26, 0xd9, 0x05, 0xd9, 0xc8, 0xd9, 0xbe, 0xff, 0xff, 0xff, 0xff, 0xff, 0xff, 0xff, 0xff, 0xff, 0xff, 0xff,
    0xab, 0xe2, 0xc4, 0xd8, 0x46, 0xd9, 0x25, 0xd9, 0x25, 0xd9, 0x25, 0xd9, 0x25, 0xd9, 0x25, 0xd9, 0x25, 0xd9, 0x25, 0xd9,
    0x25, 0xd9, 0x25, 0xd9, 0x25, 0xd9, 0x25, 0xd9, 0x25, 0xd9, 0x25, 0xd9, 0x25, 0xd9, 0x25, 0xd9, 0x25, 0xd9, 0x25, 0xd9,
    0x25, 0xd9, 0x25, 0xd9, 0x25, 0xd9, 0x25, 0xd9, 0x25, 0xd9, 0x25, 0xd9, 0x25, 0xd9, 0x25, 0xd9, 0x25, 0xd9, 0x25, 0xd9,
    0x25, 0xd9, 0x25, 0xd9, 0x25, 0xd9, 0x25, 0xd9, 0x25, 0xd9, 0x25, 0xd9, 0x25, 0xd9, 0x25, 0xd9, 0x25, 0xd9, 0x46, 0xc9,
    0x32, 0x22, 0x53, 0x12, 0x53, 0x1a, 0x53, 0x1a, 0x53, 0x1a, 0x53, 0x1a, 0x53, 0x1a, 0x53, 0x1a, 0x53, 0x1a, 0x53, 0x1a,
    0x53, 0x1a, 0x53, 0x1a, 0x12, 0x12, 0x75, 0x4b, 0xdf, 0xff, 0xff, 0xff, 0xff, 0xff, 0xff, 0xff, 0xff, 0xff, 0xff, 0xff,
    0xff, 0xff, 0xff, 0xff, 0xff, 0xff, 0xff, 0xff, 0xf6, 0x5b, 0x71, 0x01, 0xf9, 0x84, 0xff, 0xff, 0xff, 0xff, 0xff, 0xff,
    0xff, 0xff, 0xff, 0xff, 0xff, 0xff, 0xff, 0xff, 0xff, 0xff, 0xff, 0xff, 0x39, 0x95, 0xb1, 0x01, 0x15, 0x3b, 0xbf, 0xf7,
    0xff, 0xff, 0xff, 0xff, 0xd6, 0x53, 0xb2, 0x01, 0x9c, 0xc6, 0xff, 0xff, 0xff, 0xff, 0x57, 0x6c, 0x91, 0x01, 0xd6, 0x5b,
    0xff, 0xff, 0xff, 0xff, 0xff, 0xff, 0xff, 0xff, 0xff, 0xff, 0xff, 0xff, 0xff, 0xff, 0xff, 0xff, 0xff, 0xff, 0x3c, 0xbe,
    0xd2, 0x09, 0xb4, 0x2a, 0x9e, 0xef, 0xff, 0xff, 0xff, 0xff, 0xff, 0xff, 0xff, 0xff, 0xff, 0xff, 0xff, 0xff, 0xff, 0xff,
    0xff, 0xff, 0xff, 0xff, 0xb8, 0x7c, 0xf2, 0x09, 0x53, 0x1a, 0x53, 0x1a, 0x53, 0x1a, 0x53, 0x1a, 0x53, 0x1a, 0x53, 0x1a,
    0x53, 0x1a, 0x53, 0x1a, 0x53, 0x1a, 0x53, 0x1a, 0x33, 0x1a, 0x54, 0x1a, 0x84, 0x00, 0x00, 0x00, 0x00, 0x00, 0x00, 0x00,
    0x00, 0x00, 0x00, 0x00, 0x00, 0x00, 0x00, 0x00, 0x00, 0x00, 0x00, 0x00, 0x00, 0x00, 0x00, 0x00, 0x00, 0x00, 0x00, 0x00,
    0x00, 0x00, 0x00, 0x00, 0x00, 0x00, 0x00, 0x00, 0x00, 0x00, 0x00, 0x00, 0x00, 0x00, 0x00, 0x00, 0x00, 0x00, 0x00, 0x00,
    0x00, 0x00, 0x00, 0x00, 0x00, 0x00, 0x00, 0x08, 0x25, 0xc9, 0x26, 0xd9, 0x25, 0xd9, 0x25, 0xd9, 0x25, 0xd9, 0x25, 0xd9,
    0x25, 0xd9, 0x25, 0xd9, 0x25, 0xd9, 0x25, 0xd9, 0x25, 0xd9, 0x25, 0xd9, 0x25, 0xd9, 0x25, 0xd9, 0x25, 0xd9, 0x25, 0xd9,
    0x25, 0xd9, 0x25, 0xd9, 0x25, 0xd9, 0x25, 0xd9, 0x25, 0xd9, 0x25, 0xd9, 0x25, 0xd9, 0x25, 0xd9, 0x25, 0xd9, 0x25, 0xd9,
    0x25, 0xd9, 0x25, 0xd9, 0x25, 0xd9, 0x25, 0xd9, 0x25, 0xd9, 0x25, 0xd9, 0x25, 0xd9, 0x25, 0xd9, 0x25, 0xd9, 0x25, 0xd9,
    0x25, 0xd9, 0x46, 0xd9, 0xa4, 0xd0, 0x51, 0xec, 0xff, 0xff, 0xdf, 0xff, 0xff, 0xff, 0xff, 0xff, 0xdf, 0xff, 0xff, 0xff,
    0x55, 0xf5, 0xc4, 0xd0, 0x46, 0xd9, 0x25, 0xd9, 0x25, 0xd9, 0x25, 0xd9, 0x25, 0xd9, 0x25, 0xd9, 0x25, 0xd9, 0x25, 0xd9,
    0x25, 0xd9, 0x25, 0xd9, 0x25, 0xd9, 0x25, 0xd9, 0x25, 0xd9, 0x25, 0xd9, 0x25, 0xd9, 0x25, 0xd9, 0x25, 0xd9, 0x25, 0xd9,
    0x25, 0xd9, 0x25, 0xd9, 0x25, 0xd9, 0x25, 0xd9, 0x25, 0xd9, 0x25, 0xd9, 0x25, 0xd9, 0x25, 0xd9, 0x25, 0xd9, 0x25, 0xd9,
    0x25, 0xd9, 0x25, 0xd9, 0x25, 0xd9, 0x25, 0xd9, 0x25, 0xd9, 0x25, 0xd9, 0x25, 0xd9, 0x25, 0xd9, 0x25, 0xd9, 0x46, 0xc9,
    0x32, 0x22, 0x53, 0x12, 0x53, 0x1a, 0x53, 0x1a, 0x53, 0x1a, 0x53, 0x1a, 0x53, 0x1a, 0x53, 0x1a, 0x53, 0x1a, 0x53, 0x1a,
    0x53, 0x1a, 0x53, 0x1a, 0xf2, 0x09, 0x9c, 0xc6, 0xff, 0xff, 0xff, 0xff, 0xff, 0xff, 0xff, 0xff, 0xff, 0xff, 0xff, 0xff,
    0xff, 0xff, 0xff, 0xff, 0xff, 0xff, 0xff, 0xff, 0x9f, 0xef, 0xf4, 0x32, 0xb2, 0x01, 0xfb, 0xad, 0xff, 0xff, 0xff, 0xff,
    0xff, 0xff, 0xff, 0xff, 0xff, 0xff, 0xff, 0xff, 0xff, 0xff, 0xdd, 0xd6, 0x33, 0x1a, 0x12, 0x12, 0x9c, 0xc6, 0xff, 0xff,
    0xdf, 0xff, 0xff, 0xff, 0xd6, 0x53, 0xb2, 0x01, 0x9c, 0xc6, 0xff, 0xff, 0xff, 0xff, 0x7e, 0xef, 0xd4, 0x2a, 0xb2, 0x01,
    0xba, 0xa5, 0xff, 0xff, 0xff, 0xff, 0xff, 0xff, 0xff, 0xff, 0xff, 0xff, 0xff, 0xff, 0xff, 0xff, 0x1d, 0xdf, 0x73, 0x22,
    0x12, 0x12, 0xdd, 0xce, 0xff, 0xff, 0xff, 0xff, 0xff, 0xff, 0xff, 0xff, 0xff, 0xff, 0xff, 0xff, 0xff, 0xff, 0xff, 0xff,
    0xff, 0xff, 0xff, 0xff, 0x9f, 0xf7, 0x94, 0x2a, 0x33, 0x12, 0x53, 0x1a, 0x53, 0x1a, 0x53, 0x1a, 0x53, 0x1a, 0x53, 0x1a,
    0x53, 0x1a, 0x53, 0x1a, 0x53, 0x1a, 0x53, 0x1a, 0x33, 0x1a, 0x54, 0x1a, 0x84, 0x00, 0x00, 0x00, 0x00, 0x00, 0x00, 0x00,
    0x00, 0x00, 0x00, 0x00, 0x00, 0x00, 0x00, 0x00, 0x00, 0x00, 0x00, 0x00, 0x00, 0x00, 0x00, 0x00, 0x00, 0x00, 0x00, 0x00,
    0x00, 0x00, 0x00, 0x00, 0x00, 0x00, 0x00, 0x00, 0x00, 0x00, 0x00, 0x00, 0x00, 0x00, 0x00, 0x00, 0x00, 0x00, 0x00, 0x00,
    0x00, 0x00, 0x00, 0x00, 0x00, 0x00, 0x00, 0x08, 0x25, 0xc9, 0x26, 0xd9, 0x25, 0xd9, 0x25, 0xd9, 0x25, 0xd9, 0x25, 0xd9,
    0x25, 0xd9, 0x25, 0xd9, 0x25, 0xd9, 0x25, 0xd9, 0x25, 0xd9, 0x25, 0xd9, 0x25, 0xd9, 0x25, 0xd9, 0x25, 0xd9, 0x25, 0xd9,
    0x25, 0xd9, 0x25, 0xd9, 0x25, 0xd9, 0x25, 0xd9, 0x25, 0xd9, 0x25, 0xd9, 0x25, 0xd9, 0x25, 0xd9, 0x25, 0xd9, 0x25, 0xd9,
    0x25, 0xd9, 0x25, 0xd9, 0x25, 0xd9, 0x25, 0xd9, 0x25, 0xd9, 0x25, 0xd9, 0x25, 0xd9, 0x25, 0xd9, 0x25, 0xd9, 0x25, 0xd9,
    0x25, 0xd9, 0x26, 0xd9, 0xe5, 0xd8, 0x9a, 0xfe, 0xff, 0xff, 0xff, 0xff, 0xff, 0xff, 0xff, 0xff, 0xff, 0xff, 0xff, 0xff,
    0x5d, 0xff, 0x67, 0xd9, 0x05, 0xd9, 0x26, 0xd9, 0x25, 0xd9, 0x25, 0xd9, 0x25, 0xd9, 0x25, 0xd9, 0x25, 0xd9, 0x25, 0xd9,
    0x25, 0xd9, 0x25, 0xd9, 0x25, 0xd9, 0x25, 0xd9, 0x25, 0xd9, 0x25, 0xd9, 0x25, 0xd9, 0x25, 0xd9, 0x25, 0xd9, 0x25, 0xd9,
    0x25, 0xd9, 0x25, 0xd9, 0x25, 0xd9, 0x25, 0xd9, 0x25, 0xd9, 0x25, 0xd9, 0x25, 0xd9, 0x25, 0xd9, 0x25, 0xd9, 0x25, 0xd9,
    0x25, 0xd9, 0x25, 0xd9, 0x25, 0xd9, 0x25, 0xd9, 0x25, 0xd9, 0x25, 0xd9, 0x25, 0xd9, 0x25, 0xd9, 0x25, 0xd9, 0x46, 0xc9,
    0x32, 0x22, 0x53, 0x12, 0x53, 0x1a, 0x53, 0x1a, 0x53, 0x1a, 0x53, 0x1a, 0x53, 0x1a, 0x53, 0x1a, 0x53, 0x1a, 0x53, 0x1a,
    0x53, 0x1a, 0xf2, 0x09, 0xd6, 0x5b, 0xff, 0xff, 0xff, 0xff, 0xff, 0xff, 0xff, 0xff, 0xff, 0xff, 0xff, 0xff, 0xff, 0xff,
    0xff, 0xff, 0xff, 0xff, 0xff, 0xff, 0xff, 0xff, 0xff, 0xff, 0xfd, 0xd6, 0x33, 0x1a, 0x33, 0x1a, 0xfd, 0xd6, 0xff, 0xff,
    0xff, 0xff, 0xff, 0xff, 0xff, 0xff, 0xff, 0xff, 0xff, 0xff, 0xb6, 0x53, 0x91, 0x01, 0xd8, 0x7c, 0xff, 0xff, 0xff, 0xff,
    0xff, 0xff, 0xff, 0xff, 0xd6, 0x53, 0xb2, 0x01, 0x9c, 0xc6, 0xff, 0xff, 0xdf, 0xff, 0xff, 0xff, 0x1b, 0xb6, 0xd2, 0x09,
    0x94, 0x2a, 0x7e, 0xef, 0xff, 0xff, 0xff, 0xff, 0xff, 0xff, 0xff, 0xff, 0xff, 0xff, 0x9f, 0xf7, 0x55, 0x43, 0x91, 0x01,
    0xdb, 0xa5, 0xff, 0xff, 0xff, 0xff, 0xff, 0xff, 0xff, 0xff, 0xff, 0xff, 0xff, 0xff, 0xff, 0xff, 0xff, 0xff, 0xff, 0xff,
    0xff, 0xff, 0xff, 0xff, 0xff, 0xff, 0x59, 0x95, 0xd2, 0x09, 0x53, 0x1a, 0x53, 0x1a, 0x53, 0x1a, 0x53, 0x1a, 0x53, 0x1a,
    0x53, 0x1a, 0x53, 0x1a, 0x53, 0x1a, 0x53, 0x1a, 0x33, 0x1a, 0x54, 0x1a, 0x84, 0x00, 0x00, 0x00, 0x00, 0x00, 0x00, 0x00,
    0x00, 0x00, 0x00, 0x00, 0x00, 0x00, 0x00, 0x00, 0x00, 0x00, 0x00, 0x00, 0x00, 0x00, 0x00, 0x00, 0x00, 0x00, 0x00, 0x00,
    0x00, 0x00, 0x00, 0x00, 0x00, 0x00, 0x00, 0x00, 0x00, 0x00, 0x00, 0x00, 0x00, 0x00, 0x00, 0x00, 0x00, 0x00, 0x00, 0x00,
    0x00, 0x00, 0x00, 0x00, 0x00, 0x00, 0x00, 0x08, 0x25, 0xc9, 0x26, 0xd9, 0x25, 0xd9, 0x25, 0xd9, 0x25, 0xd9, 0x25, 0xd9,
    0x25, 0xd9, 0x25, 0xd9, 0x25, 0xd9, 0x25, 0xd9, 0x25, 0xd9, 0x25, 0xd9, 0x25, 0xd9, 0x25, 0xd9, 0x25, 0xd9, 0x25, 0xd9,
    0x25, 0xd9, 0x25, 0xd9, 0x25, 0xd9, 0x25, 0xd9, 0x25, 0xd9, 0x25, 0xd9, 0x25, 0xd9, 0x25, 0xd9, 0x25, 0xd9, 0x25, 0xd9,
    0x25, 0xd9, 0x25, 0xd9, 0x25, 0xd9, 0x25, 0xd9, 0x25, 0xd9, 0x25, 0xd9, 0x25, 0xd9, 0x25, 0xd9, 0x25, 0xd9, 0x25, 0xd9,
    0x46, 0xd9, 0xe4, 0xd8, 0x6a, 0xe2, 0xdf, 0xff, 0xff, 0xff, 0xff, 0xff, 0xff, 0xff, 0xff, 0xff, 0xff, 0xff, 0xff, 0xff,
    0xff, 0xff, 0x2d, 0xe3, 0xc4, 0xd8, 0x46, 0xd9, 0x25, 0xd9, 0x25, 0xd9, 0x25, 0xd9, 0x25, 0xd9, 0x25, 0xd9, 0x25, 0xd9,
    0x25, 0xd9, 0x25, 0xd9, 0x25, 0xd9, 0x25, 0xd9, 0x25, 0xd9, 0x25, 0xd9, 0x25, 0xd9, 0x25, 0xd9, 0x25, 0xd9, 0x25, 0xd9,
    0x25, 0xd9, 0x25, 0xd9, 0x25, 0xd9, 0x25, 0xd9, 0x25, 0xd9, 0x25, 0xd9, 0x25, 0xd9, 0x25, 0xd9, 0x25, 0xd9, 0x25, 0xd9,
    0x25, 0xd9, 0x25, 0xd9, 0x25, 0xd9, 0x25, 0xd9, 0x25, 0xd9, 0x25, 0xd9, 0x25, 0xd9, 0x25, 0xd9, 0x25, 0xd9, 0x46, 0xc9,
    0x32, 0x22, 0x53, 0x12, 0x53, 0x1a, 0x53, 0x1a, 0x53, 0x1a, 0x53, 0x1a, 0x53, 0x1a, 0x53, 0x1a, 0x53, 0x1a, 0x53, 0x1a,
    0x53, 0x1a, 0x53, 0x1a, 0x1d, 0xdf, 0xff, 0xff, 0xff, 0xff, 0xff, 0xff, 0xff, 0xff, 0xff, 0xff, 0xff, 0xff, 0xff, 0xff,
    0xff, 0xff, 0xff, 0xff, 0xff, 0xff, 0xff, 0xff, 0xff, 0xff, 0xff, 0xff, 0xfb, 0xad, 0xb2, 0x01, 0xf4, 0x32, 0x9f, 0xf7,
    0xff, 0xff, 0xff, 0xff, 0xff, 0xff, 0xff, 0xff, 0xba, 0xa5, 0xd2, 0x01, 0xd4, 0x2a, 0x9f, 0xef, 0xff, 0xff, 0xff, 0xff,
    0xff, 0xff, 0xff, 0xff, 0xd6, 0x53, 0xb2, 0x01, 0x9c, 0xc6, 0xff, 0xff, 0xff, 0xff, 0xff, 0xff, 0xff, 0xff, 0xf6, 0x5b,
    0x91, 0x01, 0x57, 0x6c, 0xff, 0xff, 0xff, 0xff, 0xff, 0xff, 0xff, 0xff, 0xff, 0xff, 0x37, 0x6c, 0x71, 0x01, 0xb8, 0x7c,
    0xff, 0xff, 0xff, 0xff, 0xff, 0xff, 0xff, 0xff, 0xff, 0xff, 0xff, 0xff, 0xff, 0xff, 0xff, 0xff, 0xff, 0xff, 0xff, 0xff,
    0xff, 0xff, 0xff, 0xff, 0xff, 0xff, 0xdf, 0xff, 0x35, 0x3b, 0x12, 0x12, 0x53, 0x1a, 0x53, 0x1a, 0x53, 0x1a, 0x53, 0x1a,
    0x53, 0x1a, 0x53, 0x1a, 0x53, 0x1a, 0x53, 0x1a, 0x33, 0x1a, 0x54, 0x1a, 0x84, 0x00, 0x00, 0x00, 0x00, 0x00, 0x00, 0x00,
    0x00, 0x00, 0x00, 0x00, 0x00, 0x00, 0x00, 0x00, 0x00, 0x00, 0x00, 0x00, 0x00, 0x00, 0x00, 0x00, 0x00, 0x00, 0x00, 0x00,
    0x00, 0x00, 0x00, 0x00, 0x00, 0x00, 0x00, 0x00, 0x00, 0x00, 0x00, 0x00, 0x00, 0x00, 0x00, 0x00, 0x00, 0x00, 0x00, 0x00,
    0x00, 0x00, 0x00, 0x00, 0x00, 0x00, 0x00, 0x08, 0x25, 0xc9, 0x26, 0xd9, 0x25, 0xd9, 0x25, 0xd9, 0x25, 0xd9, 0x25, 0xd9,
    0x25, 0xd9, 0x25, 0xd9, 0x25, 0xd9, 0x25, 0xd9, 0x25, 0xd9, 0x25, 0xd9, 0x25, 0xd9, 0x25, 0xd9, 0x25, 0xd9, 0x25, 0xd9,
    0x25, 0xd9, 0x25, 0xd9, 0x25, 0xd9, 0x25, 0xd9, 0x25, 0xd9, 0x25, 0xd9, 0x25, 0xd9, 0x25, 0xd9, 0x25, 0xd9, 0x25, 0xd9,
    0x25, 0xd9, 0x25, 0xd9, 0x25, 0xd9, 0x25, 0xd9, 0x25, 0xd9, 0x25, 0xd9, 0x25, 0xd9, 0x25, 0xd9, 0x25, 0xd9, 0x25, 0xd9,
    0x46, 0xd9, 0xa3, 0xd0, 0xf4, 0xec, 0xff, 0xff, 0xdf, 0xff, 0xff, 0xff, 0xff, 0xff, 0xff, 0xff, 0xff, 0xff, 0xdf, 0xff,
    0xff, 0xff, 0x76, 0xf5, 0xa4, 0xd0, 0x46, 0xd9, 0x25, 0xd9, 0x25, 0xd9, 0x25, 0xd9, 0x25, 0xd9, 0x25, 0xd9, 0x25, 0xd9,
    0x25, 0xd9, 0x25, 0xd9, 0x25, 0xd9, 0x25, 0xd9, 0x25, 0xd9, 0x25, 0xd9, 0x25, 0xd9, 0x25, 0xd9, 0x25, 0xd9, 0x25, 0xd9,
    0x25, 0xd9, 0x25, 0xd9, 0x25, 0xd9, 0x25, 0xd9, 0x25, 0xd9, 0x25, 0xd9, 0x25, 0xd9, 0x25, 0xd9, 0x25, 0xd9, 0x25, 0xd9,
    0x25, 0xd9, 0x25, 0xd9, 0x25, 0xd9, 0x25, 0xd9, 0x25, 0xd9, 0x25, 0xd9, 0x25, 0xd9, 0x25, 0xd9, 0x25, 0xd9, 0x46, 0xc9,
    0x32, 0x22, 0x53, 0x12, 0x53, 0x1a, 0x53, 0x1a, 0x53, 0x1a, 0x53, 0x1a, 0x53, 0x1a, 0x53, 0x1a, 0x53, 0x1a, 0x53, 0x1a,
    0xd2, 0x09, 0x78, 0x74, 0xff, 0xff, 0xff, 0xff, 0xff, 0xff, 0xff, 0xff, 0xff, 0xff, 0xff, 0xff, 0xff, 0xff, 0xff, 0xff,
    0xff, 0xff, 0xff, 0xff, 0xff, 0xff, 0xff, 0xff, 0xff, 0xff, 0xff, 0xff, 0xff, 0xff, 0xf9, 0x84, 0x71, 0x01, 0x37, 0x6c,
    0xff, 0xff, 0xdf, 0xff, 0xff, 0xff, 0x3e, 0xdf, 0x73, 0x22, 0xd2, 0x09, 0x1b, 0xb6, 0xff, 0xff, 0xff, 0xff, 0xff, 0xff,
    0xff, 0xff, 0xff, 0xff, 0xd6, 0x53, 0xb2, 0x01, 0x9c, 0xc6, 0xff, 0xff, 0xff, 0xff, 0xff, 0xff, 0xff, 0xff, 0x3e, 0xdf,
    0x73, 0x22, 0xd2, 0x09, 0x1b, 0xb6, 0xff, 0xff, 0xdf, 0xff, 0xff, 0xff, 0x9a, 0x9d, 0x91, 0x01, 0xb6, 0x53, 0xff, 0xff,
    0xff, 0xff, 0xff, 0xff, 0xff, 0xff, 0xff, 0xff, 0xff, 0xff, 0xff, 0xff, 0xff, 0xff, 0xff, 0xff, 0xff, 0xff, 0xff, 0xff,
    0xff, 0xff, 0xff, 0xff, 0xff, 0xff, 0xff, 0xff, 0xfb, 0xad, 0xd2, 0x09, 0x53, 0x1a, 0x53, 0x1a, 0x53, 0x1a, 0x53, 0x1a,
    0x53, 0x1a, 0x53, 0x1a, 0x53, 0x1a, 0x53, 0x1a, 0x33, 0x1a, 0x54, 0x1a, 0x84, 0x00, 0x00, 0x00, 0x00, 0x00, 0x00, 0x00,
    0x00, 0x00, 0x00, 0x00, 0x00, 0x00, 0x00, 0x00, 0x00, 0x00, 0x00, 0x00, 0x00, 0x00, 0x00, 0x00, 0x00, 0x00, 0x00, 0x00,
    0x00, 0x00, 0x00, 0x00, 0x00, 0x00, 0x00, 0x00, 0x00, 0x00, 0x00, 0x00, 0x00, 0x00, 0x00, 0x00, 0x00, 0x00, 0x00, 0x00,
    0x00, 0x00, 0x00, 0x00, 0x00, 0x00, 0x00, 0x08, 0x25, 0xc9, 0x26, 0xd9, 0x25, 0xd9, 0x25, 0xd9, 0x25, 0xd9, 0x25, 0xd9,
    0x25, 0xd9, 0x25, 0xd9, 0x25, 0xd9, 0x25, 0xd9, 0x25, 0xd9, 0x25, 0xd9, 0x25, 0xd9, 0x25, 0xd9, 0x25, 0xd9, 0x25, 0xd9,
    0x25, 0xd9, 0x25, 0xd9, 0x25, 0xd9, 0x25, 0xd9, 0x25, 0xd9, 0x25, 0xd9, 0x25, 0xd9, 0x25, 0xd9, 0x25, 0xd9, 0x25, 0xd9,
    0x25, 0xd9, 0x25, 0xd9, 0x25, 0xd9, 0x25, 0xd9, 0x25, 0xd9, 0x25, 0xd9, 0x25, 0xd9, 0x25, 0xd9, 0x25, 0xd9, 0x25, 0xd9,
    0x25, 0xd9, 0x46, 0xd9, 0xfc, 0xfe, 0xff, 0xff, 0xff, 0xff, 0xff, 0xff, 0xff, 0xff, 0xff, 0xff, 0xff, 0xff, 0xff, 0xff,
    0xff, 0xff, 0x7d, 0xff, 0xa7, 0xd9, 0x05, 0xd9, 0x26, 0xd9, 0x25, 0xd9, 0x25, 0xd9, 0x25, 0xd9, 0x25, 0xd9, 0x25, 0xd9,
    0x25, 0xd9, 0x25, 0xd9, 0x25, 0xd9, 0x25, 0xd9, 0x25, 0xd9, 0x25, 0xd9, 0x25, 0xd9, 0x25, 0xd9, 0x25, 0xd9, 0x25, 0xd9,
    0x25, 0xd9, 0x25, 0xd9, 0x25, 0xd9, 0x25, 0xd9, 0x25, 0xd9, 0x25, 0xd9, 0x25, 0xd9, 0x25, 0xd9, 0x25, 0xd9, 0x25, 0xd9,
    0x25, 0xd9, 0x25, 0xd9, 0x25, 0xd9, 0x25, 0xd9, 0x25, 0xd9, 0x25, 0xd9, 0x25, 0xd9, 0x25, 0xd9, 0x25, 0xd9, 0x46, 0xc9,
    0x32, 0x22, 0x53, 0x12, 0x53, 0x1a, 0x53, 0x1a, 0x53, 0x1a, 0x53, 0x1a, 0x53, 0x1a, 0x53, 0x1a, 0x53, 0x1a, 0x33, 0x12,
    0x94, 0x22, 0x7e, 0xef, 0xff, 0xff, 0xff, 0xff, 0xff, 0xff, 0xff, 0xff, 0xff, 0xff, 0xff, 0xff, 0xff, 0xff, 0xff, 0xff,
    0xff, 0xff, 0xff, 0xff, 0xff, 0xff, 0xff, 0xff, 0xff, 0xff, 0xff, 0xff, 0xff, 0xff, 0xff, 0xff, 0xf6, 0x5b, 0x71, 0x01,
    0x39, 0x95, 0xff, 0xff, 0xff, 0xff, 0xd6, 0x5b, 0x91, 0x01, 0x57, 0x6c, 0xff, 0xff, 0xff, 0xff, 0xff, 0xff, 0xff, 0xff,
    0xff, 0xff, 0xff, 0xff, 0xd6, 0x53, 0xb2, 0x01, 0x9c, 0xc6, 0xff, 0xff, 0xff, 0xff, 0xff, 0xff, 0xff, 0xff, 0xff, 0xff,
    0xba, 0xa5, 0xb2, 0x01, 0xd4, 0x2a, 0x5e, 0xe7, 0xff, 0xff, 0x7c, 0xc6, 0xd2, 0x09, 0xb4, 0x2a, 0x9e, 0xef, 0xff, 0xff,
    0xff, 0xff, 0xff, 0xff, 0xff, 0xff, 0xff, 0xff, 0xff, 0xff, 0xff, 0xff, 0xff, 0xff, 0xff, 0xff, 0xff, 0xff, 0xff, 0xff,
    0xff, 0xff, 0xff, 0xff, 0xff, 0xff, 0xff, 0xff, 0xff, 0xff, 0xb6, 0x53, 0xf2, 0x09, 0x53, 0x1a, 0x53, 0x1a, 0x53, 0x1a,
    0x53, 0x1a, 0x53, 0x1a, 0x53, 0x1a, 0x53, 0x1a, 0x33, 0x1a, 0x54, 0x1a, 0x84, 0x00, 0x00, 0x00, 0x00, 0x00, 0x00, 0x00,
    0x00, 0x00, 0x00, 0x00, 0x00, 0x00, 0x00, 0x00, 0x00, 0x00, 0x00, 0x00, 0x00, 0x00, 0x00, 0x00, 0x00, 0x00, 0x00, 0x00,
    0x00, 0x00, 0x00, 0x00, 0x00, 0x00, 0x00, 0x00, 0x00, 0x00, 0x00, 0x00, 0x00, 0x00, 0x00, 0x00, 0x00, 0x00, 0x00, 0x00,
    0x00, 0x00, 0x00, 0x00, 0x00, 0x00, 0x00, 0x08, 0x25, 0xc9, 0x26, 0xd9, 0x25, 0xd9, 0x25, 0xd9, 0x25, 0xd9, 0x25, 0xd9,
    0x25, 0xd9, 0x25, 0xd9, 0x25, 0xd9, 0x25, 0xd9, 0x25, 0xd9, 0x25, 0xd9, 0x25, 0xd9, 0x25, 0xd9, 0x25, 0xd9, 0x25, 0xd9,
    0x25, 0xd9, 0x25, 0xd9, 0x25, 0xd9, 0x25, 0xd9, 0x25, 0xd9, 0x25, 0xd9, 0x25, 0xd9, 0x25, 0xd9, 0x25, 0xd9, 0x25, 0xd9,
    0x25, 0xd9, 0x25, 0xd9, 0x25, 0xd9, 0x25, 0xd9, 0x25, 0xd9, 0x25, 0xd9, 0x25, 0xd9, 0x25, 0xd9, 0x25, 0xd9, 0x46, 0xd9,
    0xc4, 0xd8, 0x2d, 0xe3, 0xff, 0xff, 0xff, 0xff, 0xff, 0xff, 0xff, 0xff, 0xff, 0xff, 0xff, 0xff, 0xff, 0xff, 0xff, 0xff,
    0xff, 0xff, 0xff, 0xff, 0xcf, 0xeb, 0xa4, 0xd0, 0x46, 0xd9, 0x25, 0xd9, 0x25, 0xd9, 0x25, 0xd9, 0x25, 0xd9, 0x25, 0xd9,
    0x25, 0xd9, 0x25, 0xd9, 0x25, 0xd9, 0x25, 0xd9, 0x25, 0xd9, 0x25, 0xd9, 0x25, 0xd9, 0x25, 0xd9, 0x25, 0xd9, 0x25, 0xd9,
    0x25, 0xd9, 0x25, 0xd9, 0x25, 0xd9, 0x25, 0xd9, 0x25, 0xd9, 0x25, 0xd9, 0x25, 0xd9, 0x25, 0xd9, 0x25, 0xd9, 0x25, 0xd9,
    0x25, 0xd9, 0x25, 0xd9, 0x25, 0xd9, 0x25, 0xd9, 0x25, 0xd9, 0x25, 0xd9, 0x25, 0xd9, 0x25, 0xd9, 0x25, 0xd9, 0x46, 0xc9,
    0x32, 0x22, 0x53, 0x12, 0x53, 0x1a, 0x53, 0x1a, 0x53, 0x1a, 0x53, 0x1a, 0x53, 0x1a, 0x53, 0x1a, 0x53, 0x1a, 0xd2, 0x09,
    0x39, 0x95, 0xff, 0xff, 0xdf, 0xff, 0xff, 0xff, 0xff, 0xff, 0xff, 0xff, 0xff, 0xff, 0xff, 0xff, 0xff, 0xff, 0xff, 0xff,
    0xff, 0xff, 0xff, 0xff, 0xff, 0xff, 0xff, 0xff, 0xff, 0xff, 0xff, 0xff, 0xff, 0xff, 0xff, 0xff, 0x7e, 0xef, 0xb4, 0x2a,
    0xb2, 0x01, 0x7c, 0xc6, 0x3b, 0xb6, 0x91, 0x01, 0xb4, 0x2a, 0x7e, 0xef, 0xff, 0xff, 0xff, 0xff, 0xff, 0xff, 0xff, 0xff,
    0xdf, 0xff, 0xff, 0xff, 0xd6, 0x53, 0xb2, 0x01, 0x9c, 0xc6, 0xff, 0xff, 0xdf, 0xff, 0xff, 0xff, 0xff, 0xff, 0xdf, 0xff,
    0xff, 0xff, 0xd6, 0x5b, 0x71, 0x01, 0xb8, 0x7c, 0x5e, 0xe7, 0x73, 0x22, 0xd2, 0x09, 0x7c, 0xc6, 0xff, 0xff, 0xdf, 0xff,
    0xff, 0xff, 0xff, 0xff, 0xff, 0xff, 0xff, 0xff, 0xff, 0xff, 0xff, 0xff, 0xff, 0xff, 0xff, 0xff, 0xff, 0xff, 0xff, 0xff,
    0xff, 0xff, 0xff, 0xff, 0xff, 0xff, 0xdf, 0xff, 0xff, 0xff, 0x9c, 0xc6, 0x12, 0x12, 0x53, 0x1a, 0x53, 0x1a, 0x53, 0x1a,
    0x53, 0x1a, 0x53, 0x1a, 0x53, 0x1a, 0x53, 0x1a, 0x33, 0x1a, 0x54, 0x1a, 0x84, 0x00, 0x00, 0x00, 0x00, 0x00, 0x00, 0x00,
    0x00, 0x00, 0x00, 0x00, 0x00, 0x00, 0x00, 0x00, 0x00, 0x00, 0x00, 0x00, 0x00, 0x00, 0x00, 0x00, 0x00, 0x00, 0x00, 0x00,
    0x00, 0x00, 0x00, 0x00, 0x00, 0x00, 0x00, 0x00, 0x00, 0x00, 0x00, 0x00, 0x00, 0x00, 0x00, 0x00, 0x00, 0x00, 0x00, 0x00,
    0x00, 0x00, 0x00, 0x00, 0x00, 0x00, 0x00, 0x08, 0x25, 0xc9, 0x26, 0xd9, 0x25, 0xd9, 0x25, 0xd9, 0x25, 0xd9, 0x25, 0xd9,
    0x25, 0xd9, 0x25, 0xd9, 0x25, 0xd9, 0x25, 0xd9, 0x25, 0xd9, 0x25, 0xd9, 0x25, 0xd9, 0x25, 0xd9, 0x25, 0xd9, 0x25, 0xd9,
    0x25, 0xd9, 0x25, 0xd9, 0x25, 0xd9, 0x25, 0xd9, 0x25, 0xd9, 0x25, 0xd9, 0x25, 0xd9, 0x25, 0xd9, 0x25, 0xd9, 0x25, 0xd9,
    0x25, 0xd9, 0x25, 0xd9, 0x25, 0xd9, 0x25, 0xd9, 0x25, 0xd9, 0x25, 0xd9, 0x25, 0xd9, 0x25, 0xd9, 0x25, 0xd9, 0x46, 0xd9,
    0xa4, 0xd0, 0x76, 0xf5, 0xff, 0xff, 0xdf, 0xff, 0xff, 0xff, 0xff, 0xff, 0xff, 0xff, 0xff, 0xff, 0xff, 0xff, 0xff, 0xff,
    0xff, 0xff, 0xff, 0xff, 0xf8, 0xf5, 0xc4, 0xd8, 0x46, 0xd9, 0x25, 0xd9, 0x25, 0xd9, 0x25, 0xd9, 0x25, 0xd9, 0x25, 0xd9,
    0x25, 0xd9, 0x25, 0xd9, 0x25, 0xd9, 0x25, 0xd9, 0x25, 0xd9, 0x25, 0xd9, 0x25, 0xd9, 0x25, 0xd9, 0x25, 0xd9, 0x25, 0xd9,
    0x25, 0xd9, 0x25, 0xd9, 0x25, 0xd9, 0x25, 0xd9, 0x25, 0xd9, 0x25, 0xd9, 0x25, 0xd9, 0x25, 0xd9, 0x25, 0xd9, 0x25, 0xd9,
    0x25, 0xd9, 0x25, 0xd9, 0x25, 0xd9, 0x25, 0xd9, 0x25, 0xd9, 0x25, 0xd9, 0x25, 0xd9, 0x25, 0xd9, 0x25, 0xd9, 0x46, 0xc9,
    0x32, 0x22, 0x53, 0x12, 0x53, 0x1a, 0x53, 0x1a, 0x53, 0x1a, 0x53, 0x1a, 0x53, 0x1a, 0x53, 0x1a, 0x12, 0x12, 0x55, 0x43,
    0xff, 0xff, 0xff, 0xff, 0xff, 0xff, 0xff, 0xff, 0xff, 0xff, 0xff, 0xff, 0xff, 0xff, 0xff, 0xff, 0xff, 0xff, 0xff, 0xff,
    0xff, 0xff, 0xff, 0xff, 0xff, 0xff, 0xff, 0xff, 0xff, 0xff, 0xff, 0xff, 0xff, 0xff, 0xff, 0xff, 0xff, 0xff, 0x1d, 0xdf,
    0x53, 0x1a, 0x94, 0x2a, 0xd4, 0x2a, 0xd2, 0x09, 0x3b, 0xb6, 0xff, 0xff, 0xff, 0xff, 0xff, 0xff, 0xff, 0xff, 0xff, 0xff,
    0xff, 0xff, 0xff, 0xff, 0xd6, 0x5b, 0xb2, 0x01, 0xdd, 0xce, 0xff, 0xff, 0xff, 0xff, 0xff, 0xff, 0xff, 0xff, 0xff, 0xff,
    0xff, 0xff, 0x7e, 0xe7, 0x73, 0x22, 0x73, 0x22, 0x14, 0x3b, 0xd2, 0x09, 0xdb, 0xad, 0xff, 0xff, 0xff, 0xff, 0xff, 0xff,
    0xff, 0xff, 0xff, 0xff, 0xff, 0xff, 0xff, 0xff, 0xff, 0xff, 0xff, 0xff, 0xff, 0xff, 0xff, 0xff, 0xff, 0xff, 0xff, 0xff,
    0xff, 0xff, 0xff, 0xff, 0xff, 0xff, 0xff, 0xff, 0xff, 0xff, 0xff, 0xff, 0xb8, 0x7c, 0xf2, 0x09, 0x53, 0x1a, 0x53, 0x1a,
    0x53, 0x1a, 0x53, 0x1a, 0x53, 0x1a, 0x53, 0x1a, 0x33, 0x1a, 0x54, 0x1a, 0x84, 0x00, 0x00, 0x00, 0x00, 0x00, 0x00, 0x00,
    0x00, 0x00, 0x00, 0x00, 0x00, 0x00, 0x00, 0x00, 0x00, 0x00, 0x00, 0x00, 0x00, 0x00, 0x00, 0x00, 0x00, 0x00, 0x00, 0x00,
    0x00, 0x00, 0x00, 0x00, 0x00, 0x00, 0x00, 0x00, 0x00, 0x00, 0x00, 0x00, 0x00, 0x00, 0x00, 0x00, 0x00, 0x00, 0x00, 0x00,
    0x00, 0x00, 0x00, 0x00, 0x00, 0x00, 0x00, 0x08, 0x25, 0xc9, 0x26, 0xd9, 0x25, 0xd9, 0x25, 0xd9, 0x25, 0xd9, 0x25, 0xd9,
    0x25, 0xd9, 0x25, 0xd9, 0x25, 0xd9, 0x25, 0xd9, 0x25, 0xd9, 0x25, 0xd9, 0x25, 0xd9, 0x25, 0xd9, 0x25, 0xd9, 0x25, 0xd9,
    0x25, 0xd9, 0x25, 0xd9, 0x25, 0xd9, 0x25, 0xd9, 0x25, 0xd9, 0x25, 0xd9, 0x25, 0xd9, 0x25, 0xd9, 0x25, 0xd9, 0x25, 0xd9,
    0x25, 0xd9, 0x25, 0xd9, 0x25, 0xd9, 0x25, 0xd9, 0x25, 0xd9, 0x25, 0xd9, 0x25, 0xd9, 0x25, 0xd9, 0x26, 0xd9, 0x05, 0xd9,
    0xa7, 0xd9, 0x7d, 0xff, 0xff, 0xff, 0xff, 0xff, 0xff, 0xff, 0xff, 0xff, 0xff, 0xff, 0xff, 0xff, 0xff, 0xff, 0xff, 0xff,
    0xff, 0xff, 0xff, 0xff, 0xbe, 0xff, 0xc8, 0xd9, 0x05, 0xd9, 0x26, 0xd9, 0x25, 0xd9, 0x25, 0xd9, 0x25, 0xd9, 0x25, 0xd9,
    0x25, 0xd9, 0x25, 0xd9, 0x25, 0xd9, 0x25, 0xd9, 0x25, 0xd9, 0x25, 0xd9, 0x25, 0xd9, 0x25, 0xd9, 0x25, 0xd9, 0x25, 0xd9,
    0x25, 0xd9, 0x25, 0xd9, 0x25, 0xd9, 0x25, 0xd9, 0x25, 0xd9, 0x25, 0xd9, 0x25, 0xd9, 0x25, 0xd9, 0x25, 0xd9, 0x25, 0xd9,
    0x25, 0xd9, 0x25, 0xd9, 0x25, 0xd9, 0x25, 0xd9, 0x25, 0xd9, 0x25, 0xd9, 0x25, 0xd9, 0x25, 0xd9, 0x25, 0xd9, 0x46, 0xc9,
    0x32, 0x22, 0x53, 0x12, 0x53, 0x1a, 0x53, 0x1a, 0x53, 0x1a, 0x53, 0x1a, 0x53, 0x1a, 0x53, 0x1a, 0x33, 0x12, 0xf4, 0x32,
    0xd6, 0x53, 0xd6, 0x53, 0xd6, 0x53, 0xd6, 0x53, 0xd6, 0x53, 0xd6, 0x53, 0xd6, 0x53, 0xd6, 0x53, 0xd6, 0x53, 0xd6, 0x53,
    0xd6, 0x53, 0xd6, 0x53, 0xd6, 0x53, 0xd6, 0x53, 0xd6, 0x53, 0xd6, 0x53, 0xd6, 0x53, 0xd6, 0x53, 0xd6, 0x53, 0xf6, 0x5b,
    0xb4, 0x2a, 0x33, 0x12, 0x33, 0x12, 0x53, 0x1a, 0xb6, 0x53, 0xd6, 0x53, 0xd6, 0x53, 0xd6, 0x53, 0xd6, 0x53, 0xd6, 0x53,
    0xd6, 0x53, 0xd6, 0x53, 0xb4, 0x2a, 0x12, 0x12, 0x75, 0x4b, 0xd6, 0x53, 0xd6, 0x53, 0xd6, 0x53, 0xd6, 0x53, 0xd6, 0x53,
    0xd6, 0x53, 0xd6, 0x5b, 0xb4, 0x2a, 0x33, 0x12, 0x32, 0x12, 0x73, 0x22, 0xd6, 0x53, 0xd6, 0x53, 0xd6, 0x53, 0xd6, 0x53,
    0xd6, 0x53, 0xd6, 0x53, 0xd6, 0x53, 0xd6, 0x53, 0xd6, 0x53, 0xd6, 0x53, 0xd6, 0x53, 0xd6, 0x53, 0xd6, 0x53, 0xd6, 0x53,
    0xd6, 0x53, 0xd6, 0x53, 0xd6, 0x53, 0xd6, 0x53, 0xd6, 0x53, 0xd6, 0x53, 0x55, 0x43, 0x33, 0x12, 0x53, 0x1a, 0x53, 0x1a,
    0x53, 0x1a, 0x53, 0x1a, 0x53, 0x1a, 0x53, 0x1a, 0x33, 0x1a, 0x54, 0x1a, 0x84, 0x00, 0x00, 0x00, 0x00, 0x00, 0x00, 0x00,
    0x00, 0x00, 0x00, 0x00, 0x00, 0x00, 0x00, 0x00, 0x00, 0x00, 0x00, 0x00, 0x00, 0x00, 0x00, 0x00, 0x00, 0x00, 0x00, 0x00,
    0x00, 0x00, 0x00, 0x00, 0x00, 0x00, 0x00, 0x00, 0x00, 0x00, 0x00, 0x00, 0x00, 0x00, 0x00, 0x00, 0x00, 0x00, 0x00, 0x00,
    0x00, 0x00, 0x00, 0x00, 0x00, 0x00, 0x00, 0x08, 0x25, 0xc9, 0x26, 0xd9, 0x25, 0xd9, 0x25, 0xd9, 0x25, 0xd9, 0x25, 0xd9,
    0x25, 0xd9, 0x25, 0xd9, 0x25, 0xd9, 0x25, 0xd9, 0x25, 0xd9, 0x25, 0xd9, 0x25, 0xd9, 0x25, 0xd9, 0x25, 0xd9, 0x25, 0xd9,
    0x25, 0xd9, 0x25, 0xd9, 0x25, 0xd9, 0x25, 0xd9, 0x25, 0xd9, 0x25, 0xd9, 0x25, 0xd9, 0x25, 0xd9, 0x25, 0xd9, 0x25, 0xd9,
    0x25, 0xd9, 0x25, 0xd9, 0x25, 0xd9, 0x25, 0xd9, 0x25, 0xd9, 0x25, 0xd9, 0x25, 0xd9, 0x25, 0xd9, 0x46, 0xd9, 0xa4, 0xd0,
    0xcf, 0xeb, 0xff, 0xff, 0xff, 0xff, 0xff, 0xff, 0xff, 0xff, 0xff, 0xff, 0xff, 0xff, 0xff, 0xff, 0xff, 0xff, 0xff, 0xff,
    0xff, 0xff, 0xdf, 0xff, 0xff, 0xff, 0x51, 0xec, 0xa4, 0xd0, 0x46, 0xd9, 0x25, 0xd9, 0x25, 0xd9, 0x25, 0xd9, 0x25, 0xd9,
    0x25, 0xd9, 0x25, 0xd9, 0x25, 0xd9, 0x25, 0xd9, 0x25, 0xd9, 0x25, 0xd9, 0x25, 0xd9, 0x25, 0xd9, 0x25, 0xd9, 0x25, 0xd9,
    0x25, 0xd9, 0x25, 0xd9, 0x25, 0xd9, 0x25, 0xd9, 0x25, 0xd9, 0x25, 0xd9, 0x25, 0xd9, 0x25, 0xd9, 0x25, 0xd9, 0x25, 0xd9,
    0x25, 0xd9, 0x25, 0xd9, 0x25, 0xd9, 0x25, 0xd9, 0x25, 0xd9, 0x25, 0xd9, 0x25, 0xd9, 0x25, 0xd9, 0x25, 0xd9, 0x46, 0xc9,
    0x32, 0x22, 0x53, 0x12, 0x53, 0x1a, 0x53, 0x1a, 0x53, 0x1a, 0x53, 0x1a, 0x53, 0x1a, 0x53, 0x1a, 0x53, 0x1a, 0x33, 0x12,
    0xb2, 0x01, 0xb2, 0x01, 0xb2, 0x01, 0xb2, 0x01, 0xb2, 0x01, 0xb2, 0x01, 0xb2, 0x01, 0xb2, 0x01, 0xb2, 0x01, 0xb2, 0x01,
    0xb2, 0x01, 0xb2, 0x01, 0xb2, 0x01, 0xb2, 0x01, 0xb2, 0x01, 0xb2, 0x01, 0xb2, 0x01, 0xb2, 0x01, 0xb2, 0x01, 0xb1, 0x01,
    0xf2, 0x09, 0x33, 0x12, 0x53, 0x1a, 0x33, 0x1a, 0xb2, 0x01, 0xb2, 0x01, 0xb2, 0x01, 0xb2, 0x01, 0xb2, 0x01, 0xb2, 0x01,
    0xb2, 0x01, 0xb2, 0x01, 0x12, 0x12, 0x53, 0x1a, 0xd2, 0x09, 0xb2, 0x01, 0xb2, 0x01, 0xb2, 0x01, 0xb2, 0x01, 0xb2, 0x01,
    0xb2, 0x01, 0xb2, 0x01, 0x12, 0x12, 0x53, 0x1a, 0x53, 0x1a, 0x12, 0x12, 0xb2, 0x01, 0xb2, 0x01, 0xb2, 0x01, 0xb2, 0x01,
    0xb2, 0x01, 0xb2, 0x01, 0xb2, 0x01, 0xb2, 0x01, 0xb2, 0x01, 0xb2, 0x01, 0xb2, 0x01, 0xb2, 0x01, 0xb2, 0x01, 0xb2, 0x01,
    0xb2, 0x01, 0xb2, 0x01, 0xb2, 0x01, 0xb2, 0x01, 0xb2, 0x01, 0xb2, 0x01, 0x12, 0x12, 0x53, 0x1a, 0x53, 0x1a, 0x53, 0x1a,
    0x53, 0x1a, 0x53, 0x1a, 0x53, 0x1a, 0x53, 0x1a, 0x33, 0x1a, 0x54, 0x1a, 0x84, 0x00, 0x00, 0x00, 0x00, 0x00, 0x00, 0x00,
    0x00, 0x00, 0x00, 0x00, 0x00, 0x00, 0x00, 0x00, 0x00, 0x00, 0x00, 0x00, 0x00, 0x00, 0x00, 0x00, 0x00, 0x00, 0x00, 0x00,
    0x00, 0x00, 0x00, 0x00, 0x00, 0x00, 0x00, 0x00, 0x00, 0x00, 0x00, 0x00, 0x00, 0x00, 0x00, 0x00, 0x00, 0x00, 0x00, 0x00,
    0x00, 0x00, 0x00, 0x00, 0x00, 0x00, 0x00, 0x08, 0x25, 0xc9, 0x26, 0xd9, 0x25, 0xd9, 0x25, 0xd9, 0x25, 0xd9, 0x25, 0xd9,
    0x25, 0xd9, 0x25, 0xd9, 0x25, 0xd9, 0x25, 0xd9, 0x25, 0xd9, 0x25, 0xd9, 0x25, 0xd9, 0x25, 0xd9, 0x25, 0xd9, 0x25, 0xd9,
    0x25, 0xd9, 0x25, 0xd9, 0x25, 0xd9, 0x25, 0xd9, 0x25, 0xd9, 0x25, 0xd9, 0x25, 0xd9, 0x25, 0xd9, 0x25, 0xd9, 0x25, 0xd9,
    0x25, 0xd9, 0x25, 0xd9, 0x25, 0xd9, 0x25, 0xd9, 0x25, 0xd9, 0x25, 0xd9, 0x25, 0xd9, 0x25, 0xd9, 0x46, 0xd9, 0xc4, 0xd8,
    0xf8, 0xf5, 0xff, 0xff, 0xff, 0xff, 0xff, 0xff, 0xff, 0xff, 0xff, 0xff, 0xff, 0xff, 0xff, 0xff, 0xff, 0xff, 0xff, 0xff,
    0xff, 0xff, 0xff, 0xff, 0xff, 0xff, 0x9a, 0xfe, 0x05, 0xd9, 0x26, 0xd9, 0x25, 0xd9, 0x25, 0xd9, 0x25, 0xd9, 0x25, 0xd9,
    0x25, 0xd9, 0x25, 0xd9, 0x25, 0xd9, 0x25, 0xd9, 0x25, 0xd9, 0x25, 0xd9, 0x25, 0xd9, 0x25, 0xd9, 0x25, 0xd9, 0x25, 0xd9,
    0x25, 0xd9, 0x25, 0xd9, 0x25, 0xd9, 0x25, 0xd9, 0x25, 0xd9, 0x25, 0xd9, 0x25, 0xd9, 0x25, 0xd9, 0x25, 0xd9, 0x25, 0xd9,
    0x25, 0xd9, 0x25, 0xd9, 0x25, 0xd9, 0x25, 0xd9, 0x25, 0xd9, 0x25, 0xd9, 0x25, 0xd9, 0x25, 0xd9, 0x25, 0xd9, 0x46, 0xc9,
    0x32, 0x22, 0x53, 0x12, 0x53, 0x1a, 0x53, 0x1a, 0x53, 0x1a, 0x53, 0x1a, 0x53, 0x1a, 0x53, 0x1a, 0x33, 0x12, 0xb4, 0x2a,
    0x5c, 0xbe, 0x9c, 0xc6, 0x9c, 0xc6, 0x9c, 0xc6, 0x9c, 0xc6, 0x9c, 0xc6, 0x9c, 0xc6, 0x9c, 0xc6, 0x9c, 0xc6, 0x9c, 0xc6,
    0x9c, 0xc6, 0x9c, 0xc6, 0x9c, 0xc6, 0x9c, 0xc6, 0x9c, 0xc6, 0x9c, 0xc6, 0x9c, 0xc6, 0x9c, 0xc6, 0x9c, 0xc6, 0x9c, 0xc6,
    0x9c, 0xc6, 0x98, 0x74, 0xb2, 0x01, 0xd6, 0x5b, 0x9c, 0xc6, 0x9c, 0xc6, 0x9c, 0xc6, 0x9c, 0xc6, 0x9c, 0xc6, 0x9c, 0xc6,
    0x9c, 0xc6, 0x9c, 0xc6, 0x75, 0x4b, 0xd2, 0x09, 0x9a, 0x9d, 0x9c, 0xc6, 0x9c, 0xc6, 0x9c, 0xc6, 0x9c, 0xc6, 0x9c, 0xc6,
    0x9c, 0xc6, 0x9c, 0xc6, 0xdb, 0xa5, 0x33, 0x12, 0xb4, 0x2a, 0x5c, 0xbe, 0x9c, 0xc6, 0x9c, 0xc6, 0x9c, 0xc6, 0x9c, 0xc6,
    0x9c, 0xc6, 0x9c, 0xc6, 0x9c, 0xc6, 0x9c, 0xc6, 0x9c, 0xc6, 0x9c, 0xc6, 0x9c, 0xc6, 0x9c, 0xc6, 0x9c, 0xc6, 0x9c, 0xc6,
    0x9c, 0xc6, 0x9c, 0xc6, 0x9c, 0xc6, 0x9c, 0xc6, 0x9c, 0xc6, 0xbc, 0xce, 0x96, 0x4b, 0x12, 0x12, 0x53, 0x1a, 0x53, 0x1a,
    0x53, 0x1a, 0x53, 0x1a, 0x53, 0x1a, 0x53, 0x1a, 0x33, 0x1a, 0x54, 0x1a, 0x84, 0x00, 0x00, 0x00, 0x00, 0x00, 0x00, 0x00,
    0x00, 0x00, 0x00, 0x00, 0x00, 0x00, 0x00, 0x00, 0x00, 0x00, 0x00, 0x00, 0x00, 0x00, 0x00, 0x00, 0x00, 0x00, 0x00, 0x00,
    0x00, 0x00, 0x00, 0x00, 0x00, 0x00, 0x00, 0x00, 0x00, 0x00, 0x00, 0x00, 0x00, 0x00, 0x00, 0x00, 0x00, 0x00, 0x00, 0x00,
    0x00, 0x00, 0x00, 0x00, 0x00, 0x00, 0x00, 0x08, 0x25, 0xc9, 0x26, 0xd9, 0x25, 0xd9, 0x25, 0xd9, 0x25, 0xd9, 0x25, 0xd9,
    0x25, 0xd9, 0x25, 0xd9, 0x25, 0xd9, 0x25, 0xd9, 0x25, 0xd9, 0x25, 0xd9, 0x25, 0xd9, 0x25, 0xd9, 0x25, 0xd9, 0x25, 0xd9,
    0x25, 0xd9, 0x25, 0xd9, 0x25, 0xd9, 0x25, 0xd9, 0x25, 0xd9, 0x25, 0xd9, 0x25, 0xd9, 0x25, 0xd9, 0x25, 0xd9, 0x25, 0xd9,
    0x25, 0xd9, 0x25, 0xd9, 0x25, 0xd9, 0x25, 0xd9, 0x25, 0xd9, 0x25, 0xd9, 0x25, 0xd9, 0x46, 0xd9, 0xe5, 0xd8, 0x29, 0xda,
    0xbf, 0xff, 0xff, 0xff, 0xff, 0xff, 0xff, 0xff, 0xff, 0xff, 0xff, 0xff, 0xff, 0xff, 0xff, 0xff, 0xff, 0xff, 0xff, 0xff,
    0xff, 0xff, 0xff, 0xff, 0xff, 0xff, 0xdf, 0xff, 0x29, 0xda, 0xe4, 0xd8, 0x46, 0xd9, 0x25, 0xd9, 0x25, 0xd9, 0x25, 0xd9,
    0x25, 0xd9, 0x25, 0xd9, 0x25, 0xd9, 0x25, 0xd9, 0x25, 0xd9, 0x25, 0xd9, 0x25, 0xd9, 0x25, 0xd9, 0x25, 0xd9, 0x25, 0xd9,
    0x25, 0xd9, 0x25, 0xd9, 0x25, 0xd9, 0x25, 0xd9, 0x25, 0xd9, 0x25, 0xd9, 0x25, 0xd9, 0x25, 0xd9, 0x25, 0xd9, 0x25, 0xd9,
    0x25, 0xd9, 0x25, 0xd9, 0x25, 0xd9, 0x25, 0xd9, 0x25, 0xd9, 0x25, 0xd9, 0x25, 0xd9, 0x25, 0xd9, 0x25, 0xd9, 0x46, 0xc9,
    0x32, 0x22, 0x53, 0x12, 0x53, 0x1a, 0x53, 0x1a, 0x53, 0x1a, 0x53, 0x1a, 0x53, 0x1a, 0x53, 0x1a, 0x53, 0x1a, 0xf2, 0x09,
    0xf9, 0x84, 0xff, 0xff, 0xff, 0xff, 0xff, 0xff, 0xff, 0xff, 0xff, 0xff, 0xff, 0xff, 0xff, 0xff, 0xff, 0xff, 0xff, 0xff,
    0xff, 0xff, 0xff, 0xff, 0xff, 0xff, 0xff, 0xff, 0xff, 0xff, 0xff, 0xff, 0xff, 0xff, 0xff, 0xff, 0xff, 0xff, 0xff, 0xff,
    0xff, 0xff, 0x9c, 0xc6, 0xb2, 0x01, 0x96, 0x4b, 0xff, 0xff, 0xff, 0xff, 0xff, 0xff, 0xff, 0xff, 0xff, 0xff, 0xff, 0xff,
    0xff, 0xff, 0xff, 0xff, 0xf6, 0x5b, 0xb1, 0x01, 0xdd, 0xd6, 0xff, 0xff, 0xff, 0xff, 0xff, 0xff, 0xff, 0xff, 0xff, 0xff,
    0xff, 0xff, 0xff, 0xff, 0x7c, 0xc6, 0xb1, 0x01, 0xb6, 0x53, 0xff, 0xff, 0xff, 0xff, 0xff, 0xff, 0xff, 0xff, 0xff, 0xff,
    0xff, 0xff, 0xff, 0xff, 0xff, 0xff, 0xff, 0xff, 0xff, 0xff, 0xff, 0xff, 0xff, 0xff, 0xff, 0xff, 0xff, 0xff, 0xff, 0xff,
    0xff, 0xff, 0xff, 0xff, 0xff, 0xff, 0xff, 0xff, 0xff, 0xff, 0x7c, 0xbe, 0x12, 0x12, 0x53, 0x1a, 0x53, 0x1a, 0x53, 0x1a,
    0x53, 0x1a, 0x53, 0x1a, 0x53, 0x1a, 0x53, 0x1a, 0x33, 0x1a, 0x54, 0x1a, 0x84, 0x00, 0x00, 0x00, 0x00, 0x00, 0x00, 0x00,
    0x00, 0x00, 0x00, 0x00, 0x00, 0x00, 0x00, 0x00, 0x00, 0x00, 0x00, 0x00, 0x00, 0x00, 0x00, 0x00, 0x00, 0x00, 0x00, 0x00,
    0x00, 0x00, 0x00, 0x00, 0x00, 0x00, 0x00, 0x00, 0x00, 0x00, 0x00, 0x00, 0x00, 0x00, 0x00, 0x00, 0x00, 0x00, 0x00, 0x00,
    0x00, 0x00, 0x00, 0x00, 0x00, 0x00, 0x00, 0x08, 0x25, 0xc9, 0x26, 0xd9, 0x25, 0xd9, 0x25, 0xd9, 0x25, 0xd9, 0x25, 0xd9,
    0x25, 0xd9, 0x25, 0xd9, 0x25, 0xd9, 0x25, 0xd9, 0x25, 0xd9, 0x25, 0xd9, 0x25, 0xd9, 0x25, 0xd9, 0x25, 0xd9, 0x25, 0xd9,
    0x25, 0xd9, 0x25, 0xd9, 0x26, 0xd9, 0x26, 0xd9, 0x26, 0xd9, 0x26, 0xd9, 0x26, 0xd9, 0x26, 0xd9, 0x26, 0xd9, 0x26, 0xd9,
    0x26, 0xd9, 0x46, 0xd9, 0x46, 0xd9, 0x46, 0xd9, 0x46, 0xd9, 0x46, 0xd9, 0x46, 0xd9, 0x66, 0xd9, 0xa4, 0xd0, 0x51, 0xec,
    0xff, 0xff, 0xdf, 0xff, 0xff, 0xff, 0xff, 0xff, 0xff, 0xff, 0xff, 0xff, 0xff, 0xff, 0xff, 0xff, 0xff, 0xff, 0xff, 0xff,
    0xff, 0xff, 0xff, 0xff, 0xdf, 0xff, 0xff, 0xff, 0x92, 0xec, 0xc4, 0xd8, 0x66, 0xd9, 0x46, 0xd9, 0x46, 0xd9, 0x46, 0xd9,
    0x46, 0xd9, 0x46, 0xd9, 0x46, 0xd9, 0x26, 0xd9, 0x26, 0xd9, 0x26, 0xd9, 0x26, 0xd9, 0x26, 0xd9, 0x26, 0xd9, 0x26, 0xd9,
    0x26, 0xd9, 0x26, 0xd9, 0x25, 0xd9, 0x25, 0xd9, 0x25, 0xd9, 0x25, 0xd9, 0x25, 0xd9, 0x25, 0xd9, 0x25, 0xd9, 0x25, 0xd9,
    0x25, 0xd9, 0x25, 0xd9, 0x25, 0xd9, 0x25, 0xd9, 0x25, 0xd9, 0x25, 0xd9, 0x25, 0xd9, 0x25, 0xd9, 0x25, 0xd9, 0x46, 0xc9,
    0x32, 0x22, 0x53, 0x12, 0x53, 0x1a, 0x53, 0x1a, 0x53, 0x1a, 0x53, 0x1a, 0x53, 0x1a, 0x53, 0x1a, 0x53, 0x1a, 0x53, 0x1a,
    0xf2, 0x09, 0x7c, 0xc6, 0xff, 0xff, 0xdf, 0xff, 0xff, 0xff, 0xff, 0xff, 0xff, 0xff, 0xff, 0xff, 0xff, 0xff, 0xff, 0xff,
    0xff, 0xff, 0xff, 0xff, 0xff, 0xff, 0xff, 0xff, 0xff, 0xff, 0xff, 0xff, 0xff, 0xff, 0xff, 0xff, 0xff, 0xff, 0xff, 0xff,
    0xff, 0xff, 0x5e, 0xe7, 0x53, 0x1a, 0x93, 0x22, 0x7e, 0xef, 0xff, 0xff, 0xff, 0xff, 0xff, 0xff, 0xff, 0xff, 0xff, 0xff,
    0xdf, 0xff, 0xff, 0xff, 0xd6, 0x53, 0xb2, 0x01, 0x9c, 0xc6, 0xff, 0xff, 0xdf, 0xff, 0xff, 0xff, 0xff, 0xff, 0xff, 0xff,
    0xdf, 0xff, 0xff, 0xff, 0x19, 0x8d, 0x71, 0x01, 0xd8, 0x7c, 0xff, 0xff, 0xdf, 0xff, 0xff, 0xff, 0xff, 0xff, 0xff, 0xff,
    0xff, 0xff, 0xff, 0xff, 0xff, 0xff, 0xff, 0xff, 0xff, 0xff, 0xff, 0xff, 0xff, 0xff, 0xff, 0xff, 0xff, 0xff, 0xff, 0xff,
    0xff, 0xff, 0xff, 0xff, 0xff, 0xff, 0xdf, 0xff, 0x7e, 0xef, 0x94, 0x22, 0x12, 0x12, 0x53, 0x1a, 0x53, 0x1a, 0x53, 0x1a,
    0x53, 0x1a, 0x53, 0x1a, 0x53, 0x1a, 0x53, 0x1a, 0x33, 0x1a, 0x54, 0x1a, 0x84, 0x00, 0x00, 0x00, 0x00, 0x00, 0x00, 0x00,
    0x00, 0x00, 0x00, 0x00, 0x00, 0x00, 0x00, 0x00, 0x00, 0x00, 0x00, 0x00, 0x00, 0x00, 0x00, 0x00, 0x00, 0x00, 0x00, 0x00,
    0x00, 0x00, 0x00, 0x00, 0x00, 0x00, 0x00, 0x00, 0x00, 0x00, 0x00, 0x00, 0x00, 0x00, 0x00, 0x00, 0x00, 0x00, 0x00, 0x00,
    0x00, 0x00, 0x00, 0x00, 0x00, 0x00, 0x00, 0x08, 0x25, 0xc9, 0x26, 0xd9, 0x25, 0xd9, 0x25, 0xd9, 0x25, 0xd9, 0x25, 0xd9,
    0x25, 0xd9, 0x25, 0xd9, 0x25, 0xd9, 0x25, 0xd9, 0x25, 0xd9, 0x26, 0xd9, 0x46, 0xd9, 0x46, 0xd9, 0x46, 0xd9, 0x46, 0xd9,
    0x46, 0xd9, 0x46, 0xd9, 0x25, 0xd9, 0x05, 0xd9, 0x05, 0xd9, 0x05, 0xd9, 0x05, 0xd9, 0x05, 0xd9, 0x05, 0xd9, 0x05, 0xd9,
    0x05, 0xd9, 0xc4, 0xd8, 0xc4, 0xd8, 0xc4, 0xd8, 0xc4, 0xd8, 0xc4, 0xd8, 0xc4, 0xd8, 0xc4, 0xd8, 0xe4, 0xd8, 0xdb, 0xfe,
    0xff, 0xff, 0xff, 0xff, 0xff, 0xff, 0xff, 0xff, 0xff, 0xff, 0xff, 0xff, 0xff, 0xff, 0xff, 0xff, 0xff, 0xff, 0xff, 0xff,
    0xff, 0xff, 0xff, 0xff, 0xff, 0xff, 0xff, 0xff, 0x1c, 0xff, 0xe4, 0xd8, 0xc4, 0xd0, 0xc4, 0xd8, 0xc4, 0xd8, 0xc4, 0xd8,
    0xc4, 0xd8, 0xc4, 0xd8, 0xc4, 0xd8, 0x05, 0xd9, 0x05, 0xd9, 0x05, 0xd9, 0x05, 0xd9, 0x05, 0xd9, 0x05, 0xd9, 0x05, 0xd9,
    0x05, 0xd9, 0x25, 0xd9, 0x46, 0xd9, 0x46, 0xd9, 0x46, 0xd9, 0x46, 0xd9, 0x46, 0xd9, 0x46, 0xd9, 0x26, 0xd9, 0x25, 0xd9,
    0x25, 0xd9, 0x25, 0xd9, 0x25, 0xd9, 0x25, 0xd9, 0x25, 0xd9, 0x25, 0xd9, 0x25, 0xd9, 0x25, 0xd9, 0x25, 0xd9, 0x46, 0xc9,
    0x32, 0x22, 0x53, 0x12, 0x53, 0x1a, 0x53, 0x1a, 0x53, 0x1a, 0x53, 0x1a, 0x53, 0x1a, 0x53, 0x1a, 0x53, 0x1a, 0x53, 0x1a,
    0x12, 0x12, 0xf4, 0x32, 0xbf, 0xf7, 0xff, 0xff, 0xff, 0xff, 0xff, 0xff, 0xff, 0xff, 0xff, 0xff, 0xff, 0xff, 0xff, 0xff,
    0xff, 0xff, 0xff, 0xff, 0xff, 0xff, 0xff, 0xff, 0xff, 0xff, 0xff, 0xff, 0xff, 0xff, 0xff, 0xff, 0xff, 0xff, 0xff, 0xff,
    0xff, 0xff, 0xdf, 0xff, 0x35, 0x3b, 0xd2, 0x09, 0x9c, 0xc6, 0xff, 0xff, 0xff, 0xff, 0xff, 0xff, 0xff, 0xff, 0xff, 0xff,
    0xff, 0xff, 0xff, 0xff, 0xd6, 0x53, 0xb2, 0x01, 0x9c, 0xc6, 0xff, 0xff, 0xff, 0xff, 0xff, 0xff, 0xff, 0xff, 0xff, 0xff,
    0xff, 0xff, 0xff, 0xff, 0xd6, 0x5b, 0x91, 0x01, 0xfb, 0xad, 0xff, 0xff, 0xff, 0xff, 0xff, 0xff, 0xff, 0xff, 0xff, 0xff,
    0xff, 0xff, 0xff, 0xff, 0xff, 0xff, 0xff, 0xff, 0xff, 0xff, 0xff, 0xff, 0xff, 0xff, 0xff, 0xff, 0xff, 0xff, 0xff, 0xff,
    0xff, 0xff, 0xff, 0xff, 0xff, 0xff, 0xff, 0xff, 0x37, 0x6c, 0xf2, 0x09, 0x53, 0x1a, 0x53, 0x1a, 0x53, 0x1a, 0x53, 0x1a,
    0x53, 0x1a, 0x53, 0x1a, 0x53, 0x1a, 0x53, 0x1a, 0x33, 0x1a, 0x54, 0x1a, 0x84, 0x00, 0x00, 0x00, 0x00, 0x00, 0x00, 0x00,
    0x00, 0x00, 0x00, 0x00, 0x00, 0x00, 0x00, 0x00, 0x00, 0x00, 0x00, 0x00, 0x00, 0x00, 0x00, 0x00, 0x00, 0x00, 0x00, 0x00,
    0x00, 0x00, 0x00, 0x00, 0x00, 0x00, 0x00, 0x00, 0x00, 0x00, 0x00, 0x00, 0x00, 0x00, 0x00, 0x00, 0x00, 0x00, 0x00, 0x00,
    0x00, 0x00, 0x00, 0x00, 0x00, 0x00, 0x00, 0x08, 0x25, 0xc9, 0x26, 0xd9, 0x25, 0xd9, 0x25, 0xd9, 0x25, 0xd9, 0x25, 0xd9,
    0x25, 0xd9, 0x25, 0xd9, 0x25, 0xd9, 0x25, 0xd9, 0x46, 0xd9, 0xe5, 0xd8, 0xc4, 0xd8, 0xe4, 0xd8, 0xe4, 0xd8, 0xe4, 0xd8,
    0xe4, 0xd8, 0xc4, 0xd8, 0x46, 0xd9, 0xa7, 0xd9, 0xa7, 0xd9, 0xa7, 0xd9, 0xa7, 0xd9, 0xa7, 0xd9, 0xa7, 0xd9, 0x87, 0xd9,
    0xe8, 0xd9, 0xec, 0xe2, 0xec, 0xe2, 0xec, 0xe2, 0xec, 0xe2, 0xec, 0xe2, 0xec, 0xe2, 0xab, 0xe2, 0xf0, 0xeb, 0xff, 0xff,
    0xff, 0xff, 0xff, 0xff, 0xff, 0xff, 0xff, 0xff, 0xff, 0xff, 0xff, 0xff, 0xff, 0xff, 0xff, 0xff, 0xff, 0xff, 0xff, 0xff,
    0xff, 0xff, 0xff, 0xff, 0xff, 0xff, 0xff, 0xff, 0xff, 0xff, 0xf0, 0xeb, 0xab, 0xe2, 0xec, 0xe2, 0xec, 0xe2, 0xec, 0xe2,
    0xec, 0xe2, 0xec, 0xe2, 0xec, 0xe2, 0xe8, 0xd9, 0x87, 0xd9, 0xa7, 0xd9, 0xa7, 0xd9, 0xa7, 0xd9, 0xa7, 0xd9, 0xa7, 0xd9,
    0xa7, 0xd9, 0x46, 0xd9, 0xc4, 0xd8, 0xe4, 0xd8, 0xe4, 0xd8, 0xe4, 0xd8, 0xe4, 0xd8, 0xc4, 0xd8, 0xe5, 0xd8, 0x46, 0xd9,
    0x25, 0xd9, 0x25, 0xd9, 0x25, 0xd9, 0x25, 0xd9, 0x25, 0xd9, 0x25, 0xd9, 0x25, 0xd9, 0x25, 0xd9, 0x25, 0xd9, 0x46, 0xc9,
    0x32, 0x22, 0x53, 0x12, 0x53, 0x1a, 0x53, 0x1a, 0x53, 0x1a, 0x53, 0x1a, 0x53, 0x1a, 0x53, 0x1a, 0x53, 0x1a, 0x53, 0x1a,
    0x53, 0x1a, 0xd2, 0x09, 0xb8, 0x7c, 0xff, 0xff, 0xff, 0xff, 0xff, 0xff, 0xff, 0xff, 0xff, 0xff, 0xff, 0xff, 0xff, 0xff,
    0xff, 0xff, 0xff, 0xff, 0xff, 0xff, 0xff, 0xff, 0xff, 0xff, 0xff, 0xff, 0xff, 0xff, 0xff, 0xff, 0xff, 0xff, 0xff, 0xff,
    0xff, 0xff, 0xff, 0xff, 0x98, 0x74, 0x71, 0x01, 0x5a, 0x95, 0xff, 0xff, 0xff, 0xff, 0xff, 0xff, 0xff, 0xff, 0xff, 0xff,
    0xff, 0xff, 0xff, 0xff, 0xd6, 0x53, 0xb2, 0x01, 0x9c, 0xc6, 0xff, 0xff, 0xff, 0xff, 0xff, 0xff, 0xff, 0xff, 0xff, 0xff,
    0xff, 0xff, 0xbf, 0xf7, 0xb4, 0x2a, 0x33, 0x12, 0x3e, 0xdf, 0xff, 0xff, 0xff, 0xff, 0xff, 0xff, 0xff, 0xff, 0xff, 0xff,
    0xff, 0xff, 0xff, 0xff, 0xff, 0xff, 0xff, 0xff, 0xff, 0xff, 0xff, 0xff, 0xff, 0xff, 0xff, 0xff, 0xff, 0xff, 0xff, 0xff,
    0xff, 0xff, 0xff, 0xff, 0xff, 0xff, 0x1b, 0xb6, 0xf2, 0x09, 0x53, 0x1a, 0x53, 0x1a, 0x53, 0x1a, 0x53, 0x1a, 0x53, 0x1a,
    0x53, 0x1a, 0x53, 0x1a, 0x53, 0x1a, 0x53, 0x1a, 0x33, 0x1a, 0x54, 0x1a, 0x84, 0x00, 0x00, 0x00, 0x00, 0x00, 0x00, 0x00,
    0x00, 0x00, 0x00, 0x00, 0x00, 0x00, 0x00, 0x00, 0x00, 0x00, 0x00, 0x00, 0x00, 0x00, 0x00, 0x00, 0x00, 0x00, 0x00, 0x00,
    0x00, 0x00, 0x00, 0x00, 0x00, 0x00, 0x00, 0x00, 0x00, 0x00, 0x00, 0x00, 0x00, 0x00, 0x00, 0x00, 0x00, 0x00, 0x00, 0x00,
    0x00, 0x00, 0x00, 0x00, 0x00, 0x00, 0x00, 0x08, 0x25, 0xc9, 0x26, 0xd9, 0x25, 0xd9, 0x25, 0xd9, 0x25, 0xd9, 0x25, 0xd9,
    0x25, 0xd9, 0x25, 0xd9, 0x46, 0xd9, 0x05, 0xd9, 0x4a, 0xe2, 0xf8, 0xf5, 0x79, 0xf6, 0x38, 0xf6, 0x59, 0xf6, 0x39, 0xf6,
    0x59, 0xf6, 0x38, 0xf6, 0xfb, 0xfe, 0x9e, 0xff, 0x9e, 0xff, 0x9e, 0xff, 0x9e, 0xff, 0x9e, 0xff, 0x9e, 0xff, 0x9e, 0xff,
    0xbe, 0xff, 0xff, 0xff, 0xff, 0xff, 0xff, 0xff, 0xff, 0xff, 0xff, 0xff, 0xff, 0xff, 0xff, 0xff, 0xff, 0xff, 0xff, 0xff,
    0xff, 0xff, 0xff, 0xff, 0xff, 0xff, 0xff, 0xff, 0xff, 0xff, 0xff, 0xff, 0xff, 0xff, 0xff, 0xff, 0xff, 0xff, 0xff, 0xff,
    0xff, 0xff, 0xff, 0xff, 0xff, 0xff, 0xff, 0xff, 0xff, 0xff, 0xff, 0xff, 0xff, 0xff, 0xff, 0xff, 0xff, 0xff, 0xff, 0xff,
    0xff, 0xff, 0xff, 0xff, 0xff, 0xff, 0xbe, 0xff, 0x9e, 0xff, 0x9e, 0xff, 0x9e, 0xff, 0x9e, 0xff, 0x9e, 0xff, 0x9e, 0xff,
    0x9e, 0xff, 0xfb, 0xfe, 0x38, 0xf6, 0x59, 0xf6, 0x39, 0xf6, 0x59, 0xf6, 0x38, 0xf6, 0x79, 0xf6, 0xf8, 0xf5, 0x4a, 0xe2,
    0x05, 0xd9, 0x46, 0xd9, 0x25, 0xd9, 0x25, 0xd9, 0x25, 0xd9, 0x25, 0xd9, 0x25, 0xd9, 0x25, 0xd9, 0x25, 0xd9, 0x46, 0xc9,
    0x32, 0x22, 0x53, 0x12, 0x53, 0x1a, 0x53, 0x1a, 0x53, 0x1a, 0x53, 0x1a, 0x53, 0x1a, 0x53, 0x1a, 0x53, 0x1a, 0x53, 0x1a,
    0x53, 0x1a, 0x53, 0x1a, 0x12, 0x12, 0x7c, 0xc6, 0xff, 0xff, 0xff, 0xff, 0xff, 0xff, 0xff, 0xff, 0xff, 0xff, 0xff, 0xff,
    0xff, 0xff, 0xff, 0xff, 0xff, 0xff, 0xff, 0xff, 0xff, 0xff, 0xff, 0xff, 0xff, 0xff, 0xff, 0xff, 0xff, 0xff, 0xff, 0xff,
    0xff, 0xff, 0xff, 0xff, 0xba, 0xa5, 0x91, 0x01, 0x37, 0x6c, 0xff, 0xff, 0xff, 0xff, 0xff, 0xff, 0xff, 0xff, 0xff, 0xff,
    0xff, 0xff, 0xff, 0xff, 0xd6, 0x53, 0xb2, 0x01, 0x9c, 0xc6, 0xff, 0xff, 0xff, 0xff, 0xff, 0xff, 0xff, 0xff, 0xff, 0xff,
    0xff, 0xff, 0xfd, 0xd6, 0x12, 0x0a, 0xf4, 0x32, 0xdf, 0xf7, 0xff, 0xff, 0xff, 0xff, 0xff, 0xff, 0xff, 0xff, 0xff, 0xff,
    0xff, 0xff, 0xff, 0xff, 0xff, 0xff, 0xff, 0xff, 0xff, 0xff, 0xff, 0xff, 0xff, 0xff, 0xff, 0xff, 0xff, 0xff, 0xff, 0xff,
    0xff, 0xff, 0xff, 0xff, 0x7e, 0xef, 0xb4, 0x2a, 0x33, 0x12, 0x53, 0x1a, 0x53, 0x1a, 0x53, 0x1a, 0x53, 0x1a, 0x53, 0x1a,
    0x53, 0x1a, 0x53, 0x1a, 0x53, 0x1a, 0x53, 0x1a, 0x33, 0x1a, 0x54, 0x1a, 0x84, 0x00, 0x00, 0x00, 0x00, 0x00, 0x00, 0x00,
    0x00, 0x00, 0x00, 0x00, 0x00, 0x00, 0x00, 0x00, 0x00, 0x00, 0x00, 0x00, 0x00, 0x00, 0x00, 0x00, 0x00, 0x00, 0x00, 0x00,
    0x00, 0x00, 0x00, 0x00, 0x00, 0x00, 0x00, 0x00, 0x00, 0x00, 0x00, 0x00, 0x00, 0x00, 0x00, 0x00, 0x00, 0x00, 0x00, 0x00,
    0x00, 0x00, 0x00, 0x00, 0x00, 0x00, 0x00, 0x08, 0x25, 0xc9, 0x26, 0xd9, 0x25, 0xd9, 0x25, 0xd9, 0x25, 0xd9, 0x25, 0xd9,
    0x25, 0xd9, 0x25, 0xd9, 0x25, 0xd9, 0x46, 0xd9, 0xe5, 0xd8, 0xcc, 0xe2, 0x7d, 0xff, 0xff, 0xff, 0xff, 0xff, 0xff, 0xff,
    0xff, 0xff, 0xff, 0xff, 0xff, 0xff, 0xff, 0xff, 0xff, 0xff, 0xff, 0xff, 0xff, 0xff, 0xff, 0xff, 0xff, 0xff, 0xff, 0xff,
    0xff, 0xff, 0xff, 0xff, 0xff, 0xff, 0xff, 0xff, 0xff, 0xff, 0xff, 0xff, 0xff, 0xff, 0xff, 0xff, 0xff, 0xff, 0xff, 0xff,
    0xff, 0xff, 0xff, 0xff, 0xff, 0xff, 0xff, 0xff, 0xff, 0xff, 0xff, 0xff, 0xff, 0xff, 0xff, 0xff, 0xff, 0xff, 0xff, 0xff,
    0xff, 0xff, 0xff, 0xff, 0xff, 0xff, 0xff, 0xff, 0xff, 0xff, 0xff, 0xff, 0xff, 0xff, 0xff, 0xff, 0xff, 0xff, 0xff, 0xff,
    0xff, 0xff, 0xff, 0xff, 0xff, 0xff, 0xff, 0xff, 0xff, 0xff, 0xff, 0xff, 0xff, 0xff, 0xff, 0xff, 0xff, 0xff, 0xff, 0xff,
    0xff, 0xff, 0xff, 0xff, 0xff, 0xff, 0xff, 0xff, 0xff, 0xff, 0xff, 0xff, 0xff, 0xff, 0x7d, 0xff, 0xcc, 0xe2, 0xe5, 0xd8,
    0x46, 0xd9, 0x25, 0xd9, 0x25, 0xd9, 0x25, 0xd9, 0x25, 0xd9, 0x25, 0xd9, 0x25, 0xd9, 0x25, 0xd9, 0x25, 0xd9, 0x46, 0xc9,
    0x32, 0x22, 0x53, 0x12, 0x53, 0x1a, 0x53, 0x1a, 0x53, 0x1a, 0x53, 0x1a, 0x53, 0x1a, 0x53, 0x1a, 0x53, 0x1a, 0x53, 0x1a,
    0x53, 0x1a, 0x53, 0x1a, 0x12, 0x12, 0xf4, 0x32, 0xbf, 0xf7, 0xff, 0xff, 0xff, 0xff, 0xff, 0xff, 0xff, 0xff, 0xff, 0xff,
    0xff, 0xff, 0xff, 0xff, 0xff, 0xff, 0xff, 0xff, 0xff, 0xff, 0xff, 0xff, 0xff, 0xff, 0xff, 0xff, 0xff, 0xff, 0xff, 0xff,
    0xff, 0xff, 0xff, 0xff, 0xbd, 0xce, 0xd2, 0x09, 0x35, 0x43, 0xdf, 0xff, 0xff, 0xff, 0xff, 0xff, 0xff, 0xff, 0xff, 0xff,
    0xff, 0xff, 0xff, 0xff, 0xd6, 0x53, 0xb2, 0x01, 0x9c, 0xc6, 0xff, 0xff, 0xff, 0xff, 0xff, 0xff, 0xff, 0xff, 0xff, 0xff,
    0xff, 0xff, 0xfb, 0xad, 0x91, 0x01, 0xf6, 0x5b, 0xff, 0xff, 0xff, 0xff, 0xff, 0xff, 0xff, 0xff, 0xff, 0xff, 0xff, 0xff,
    0xff, 0xff, 0xff, 0xff, 0xff, 0xff, 0xff, 0xff, 0xff, 0xff, 0xff, 0xff, 0xff, 0xff, 0xff, 0xff, 0xff, 0xff, 0xff, 0xff,
    0xff, 0xff, 0xff, 0xff, 0x37, 0x6c, 0xf2, 0x09, 0x53, 0x1a, 0x53, 0x1a, 0x53, 0x1a, 0x53, 0x1a, 0x53, 0x1a, 0x53, 0x1a,
    0x53, 0x1a, 0x53, 0x1a, 0x53, 0x1a, 0x53, 0x1a, 0x33, 0x1a, 0x54, 0x1a, 0x84, 0x00, 0x00, 0x00, 0x00, 0x00, 0x00, 0x00,
    0x00, 0x00, 0x00, 0x00, 0x00, 0x00, 0x00, 0x00, 0x00, 0x00, 0x00, 0x00, 0x00, 0x00, 0x00, 0x00, 0x00, 0x00, 0x00, 0x00,
    0x00, 0x00, 0x00, 0x00, 0x00, 0x00, 0x00, 0x00, 0x00, 0x00, 0x00, 0x00, 0x00, 0x00, 0x00, 0x00, 0x00, 0x00, 0x00, 0x00,
    0x00, 0x00, 0x00, 0x00, 0x00, 0x00, 0x00, 0x08, 0x25, 0xc9, 0x26, 0xd9, 0x25, 0xd9, 0x25, 0xd9, 0x25, 0xd9, 0x25, 0xd9,
    0x25, 0xd9, 0x25, 0xd9, 0x25, 0xd9, 0x25, 0xd9, 0x46, 0xd9, 0xc4, 0xd0, 0x66, 0xd9, 0x18, 0xf6, 0xff, 0xff, 0xdf, 0xff,
    0xdf, 0xff, 0xff, 0xff, 0xff, 0xff, 0xff, 0xff, 0xff, 0xff, 0xff, 0xff, 0xff, 0xff, 0xff, 0xff, 0xff, 0xff, 0xff, 0xff,
    0xff, 0xff, 0xff, 0xff, 0xff, 0xff, 0xff, 0xff, 0xff, 0xff, 0xff, 0xff, 0xff, 0xff, 0xff, 0xff, 0xff, 0xff, 0xff, 0xff,
    0xff, 0xff, 0xff, 0xff, 0xff, 0xff, 0xff, 0xff, 0xff, 0xff, 0xff, 0xff, 0xff, 0xff, 0xff, 0xff, 0xff, 0xff, 0xff, 0xff,
    0xff, 0xff, 0xff, 0xff, 0xff, 0xff, 0xff, 0xff, 0xff, 0xff, 0xff, 0xff, 0xff, 0xff, 0xff, 0xff, 0xff, 0xff, 0xff, 0xff,
    0xff, 0xff, 0xff, 0xff, 0xff, 0xff, 0xff, 0xff, 0xff, 0xff, 0xff, 0xff, 0xff, 0xff, 0xff, 0xff, 0xff, 0xff, 0xff, 0xff,
    0xff, 0xff, 0xff, 0xff, 0xff, 0xff, 0xdf, 0xff, 0xdf, 0xff, 0xff, 0xff, 0x18, 0xf6, 0x66, 0xd9, 0xc4, 0xd0, 0x46, 0xd9,
    0x25, 0xd9, 0x25, 0xd9, 0x25, 0xd9, 0x25, 0xd9, 0x25, 0xd9, 0x25, 0xd9, 0x25, 0xd9, 0x25, 0xd9, 0x25, 0xd9, 0x46, 0xc9,
    0x32, 0x22, 0x53, 0x12, 0x53, 0x1a, 0x53, 0x1a, 0x53, 0x1a, 0x53, 0x1a, 0x53, 0x1a, 0x53, 0x1a, 0x53, 0x1a, 0x53, 0x1a,
    0x53, 0x1a, 0x53, 0x1a, 0x53, 0x1a, 0xd2, 0x09, 0xb8, 0x7c, 0xff, 0xff, 0xff, 0xff, 0xff, 0xff, 0xff, 0xff, 0xff, 0xff,
    0xff, 0xff, 0xff, 0xff, 0xff, 0xff, 0xff, 0xff, 0xff, 0xff, 0xff, 0xff, 0xff, 0xff, 0xff, 0xff, 0xff, 0xff, 0xff, 0xff,
    0xff, 0xff, 0xff, 0xff, 0x9f, 0xef, 0xb4, 0x2a, 0x33, 0x12, 0x3e, 0xdf, 0xff, 0xff, 0xff, 0xff, 0xff, 0xff, 0xff, 0xff,
    0xff, 0xff, 0xff, 0xff, 0xd6, 0x53, 0xb2, 0x01, 0x9c, 0xc6, 0xff, 0xff, 0xff, 0xff, 0xff, 0xff, 0xff, 0xff, 0xff, 0xff,
    0xff, 0xff, 0x78, 0x74, 0x71, 0x01, 0x39, 0x95, 0xff, 0xff, 0xff, 0xff, 0xff, 0xff, 0xff, 0xff, 0xff, 0xff, 0xff, 0xff,
    0xff, 0xff, 0xff, 0xff, 0xff, 0xff, 0xff, 0xff, 0xff, 0xff, 0xff, 0xff, 0xff, 0xff, 0xff, 0xff, 0xff, 0xff, 0xff, 0xff,
    0xff, 0xff, 0x1b, 0xb6, 0xf2, 0x09, 0x53, 0x1a, 0x53, 0x1a, 0x53, 0x1a, 0x53, 0x1a, 0x53, 0x1a, 0x53, 0x1a, 0x53, 0x1a,
    0x53, 0x1a, 0x53, 0x1a, 0x53, 0x1a, 0x53, 0x1a, 0x33, 0x1a, 0x54, 0x1a, 0x84, 0x00, 0x00, 0x00, 0x00, 0x00, 0x00, 0x00,
    0x00, 0x00, 0x00, 0x00, 0x00, 0x00, 0x00, 0x00, 0x00, 0x00, 0x00, 0x00, 0x00, 0x00, 0x00, 0x00, 0x00, 0x00, 0x00, 0x00,
    0x00, 0x00, 0x00, 0x00, 0x00, 0x00, 0x00, 0x00, 0x00, 0x00, 0x00, 0x00, 0x00, 0x00, 0x00, 0x00, 0x00, 0x00, 0x00, 0x00,
    0x00, 0x00, 0x00, 0x00, 0x00, 0x00, 0x00, 0x08, 0x25, 0xc9, 0x26, 0xd9, 0x25, 0xd9, 0x25, 0xd9, 0x25, 0xd9, 0x25, 0xd9,
    0x25, 0xd9, 0x25, 0xd9, 0x25, 0xd9, 0x25, 0xd9, 0x25, 0xd9, 0x46, 0xd9, 0x05, 0xd9, 0xe4, 0xd8, 0xf4, 0xec, 0xff, 0xff,
    0xff, 0xff, 0xff, 0xff, 0xff, 0xff, 0xff, 0xff, 0xff, 0xff, 0xff, 0xff, 0xff, 0xff, 0xff, 0xff, 0xff, 0xff, 0xff, 0xff,
    0xff, 0xff, 0xff, 0xff, 0xff, 0xff, 0xff, 0xff, 0xff, 0xff, 0xff, 0xff, 0xff, 0xff, 0xff, 0xff, 0xff, 0xff, 0xff, 0xff,
    0xff, 0xff, 0xff, 0xff, 0xff, 0xff, 0xff, 0xff, 0xff, 0xff, 0xff, 0xff, 0xff, 0xff, 0xff, 0xff, 0xff, 0xff, 0xff, 0xff,
    0xff, 0xff, 0xff, 0xff, 0xff, 0xff, 0xff, 0xff, 0xff, 0xff, 0xff, 0xff, 0xff, 0xff, 0xff, 0xff, 0xff, 0xff, 0xff, 0xff,
    0xff, 0xff, 0xff, 0xff, 0xff, 0xff, 0xff, 0xff, 0xff, 0xff, 0xff, 0xff, 0xff, 0xff, 0xff, 0xff, 0xff, 0xff, 0xff, 0xff,
    0xff, 0xff, 0xff, 0xff, 0xff, 0xff, 0xff, 0xff, 0xff, 0xff, 0xf4, 0xec, 0xe4, 0xd8, 0x05, 0xd9, 0x46, 0xd9, 0x25, 0xd9,
    0x25, 0xd9, 0x25, 0xd9, 0x25, 0xd9, 0x25, 0xd9, 0x25, 0xd9, 0x25, 0xd9, 0x25, 0xd9, 0x25, 0xd9, 0x25, 0xd9, 0x46, 0xc9,
    0x32, 0x22, 0x53, 0x12, 0x53, 0x1a, 0x53, 0x1a, 0x53, 0x1a, 0x53, 0x1a, 0x53, 0x1a, 0x53, 0x1a, 0x53, 0x1a, 0x53, 0x1a,
    0x53, 0x1a, 0x53, 0x1a, 0x53, 0x1a, 0x53, 0x1a, 0x12, 0x12, 0x7c, 0xc6, 0xff, 0xff, 0xff, 0xff, 0xff, 0xff, 0xff, 0xff,
    0xff, 0xff, 0xff, 0xff, 0xff, 0xff, 0xff, 0xff, 0xff, 0xff, 0xff, 0xff, 0xff, 0xff, 0xff, 0xff, 0xff, 0xff, 0xff, 0xff,
    0xff, 0xff, 0xff, 0xff, 0xff, 0xff, 0xb6, 0x53, 0xb1, 0x01, 0x3b, 0xb6, 0xff, 0xff, 0xff, 0xff, 0xff, 0xff, 0xff, 0xff,
    0xff, 0xff, 0xff, 0xff, 0xd6, 0x53, 0xb2, 0x01, 0x9c, 0xc6, 0xff, 0xff, 0xff, 0xff, 0xff, 0xff, 0xff, 0xff, 0xff, 0xff,
    0xff, 0xff, 0x75, 0x4b, 0xb2, 0x01, 0x7c, 0xc6, 0xff, 0xff, 0xff, 0xff, 0xff, 0xff, 0xff, 0xff, 0xff, 0xff, 0xff, 0xff,
    0xff, 0xff, 0xff, 0xff, 0xff, 0xff, 0xff, 0xff, 0xff, 0xff, 0xff, 0xff, 0xff, 0xff, 0xff, 0xff, 0xff, 0xff, 0xff, 0xff,
    0x7e, 0xef, 0xb4, 0x2a, 0x33, 0x12, 0x53, 0x1a, 0x53, 0x1a, 0x53, 0x1a, 0x53, 0x1a, 0x53, 0x1a, 0x53, 0x1a, 0x53, 0x1a,
    0x53, 0x1a, 0x53, 0x1a, 0x53, 0x1a, 0x53, 0x1a, 0x33, 0x1a, 0x54, 0x1a, 0x84, 0x00, 0x00, 0x00, 0x00, 0x00, 0x00, 0x00,
    0x00, 0x00, 0x00, 0x00, 0x00, 0x00, 0x00, 0x00, 0x00, 0x00, 0x00, 0x00, 0x00, 0x00, 0x00, 0x00, 0x00, 0x00, 0x00, 0x00,
    0x00, 0x00, 0x00, 0x00, 0x00, 0x00, 0x00, 0x00, 0x00, 0x00, 0x00, 0x00, 0x00, 0x00, 0x00, 0x00, 0x00, 0x00, 0x00, 0x00,
    0x00, 0x00, 0x00, 0x00, 0x00, 0x00, 0x00, 0x08, 0x25, 0xc9, 0x26, 0xd9, 0x25, 0xd9, 0x25, 0xd9, 0x25, 0xd9, 0x25, 0xd9,
    0x25, 0xd9, 0x25, 0xd9, 0x25, 0xd9, 0x25, 0xd9, 0x25, 0xd9, 0x25, 0xd9, 0x46, 0xd9, 0x26, 0xd9, 0xa4, 0xd0, 0x4e, 0xe3,
    0x9e, 0xff, 0xff, 0xff, 0xdf, 0xff, 0xff, 0xff, 0xff, 0xff, 0xff, 0xff, 0xff, 0xff, 0xff, 0xff, 0xff, 0xff, 0xff, 0xff,
    0xff, 0xff, 0xff, 0xff, 0xff, 0xff, 0xff, 0xff, 0xff, 0xff, 0xff, 0xff, 0xff, 0xff, 0xff, 0xff, 0xff, 0xff, 0xff, 0xff,
    0xff, 0xff, 0xff, 0xff, 0xff, 0xff, 0xff, 0xff, 0xff, 0xff, 0xff, 0xff, 0xff, 0xff, 0xff, 0xff, 0xff, 0xff, 0xff, 0xff,
    0xff, 0xff, 0xff, 0xff, 0xff, 0xff, 0xff, 0xff, 0xff, 0xff, 0xff, 0xff, 0xff, 0xff, 0xff, 0xff, 0xff, 0xff, 0xff, 0xff,
    0xff, 0xff, 0xff, 0xff, 0xff, 0xff, 0xff, 0xff, 0xff, 0xff, 0xff, 0xff, 0xff, 0xff, 0xff, 0xff, 0xff, 0xff, 0xff, 0xff,
    0xff, 0xff, 0xdf, 0xff, 0xff, 0xff, 0x9e, 0xff, 0x4e, 0xe3, 0xa4, 0xd0, 0x26, 0xd9, 0x46, 0xd9, 0x25, 0xd9, 0x25, 0xd9,
    0x25, 0xd9, 0x25, 0xd9, 0x25, 0xd9, 0x25, 0xd9, 0x25, 0xd9, 0x25, 0xd9, 0x25, 0xd9, 0x25, 0xd9, 0x25, 0xd9, 0x46, 0xc9,
    0x32, 0x22, 0x53, 0x12, 0x53, 0x1a, 0x53, 0x1a, 0x53, 0x1a, 0x53, 0x1a, 0x53, 0x1a, 0x53, 0x1a, 0x53, 0x1a, 0x53, 0x1a,
    0x53, 0x1a, 0x53, 0x1a, 0x53, 0x1a, 0x53, 0x1a, 0x12, 0x12, 0xf4, 0x32, 0xbf, 0xf7, 0xff, 0xff, 0xff, 0xff, 0xff, 0xff,
    0xff, 0xff, 0xff, 0xff, 0xff, 0xff, 0xff, 0xff, 0xff, 0xff, 0xff, 0xff, 0xff, 0xff, 0xff, 0xff, 0xff, 0xff, 0xff, 0xff,
    0xff, 0xff, 0xff, 0xff, 0xff, 0xff, 0xd8, 0x7c, 0x71, 0x01, 0x19, 0x8d, 0xff, 0xff, 0xff, 0xff, 0xff, 0xff, 0xff, 0xff,
    0xff, 0xff, 0xff, 0xff, 0xd6, 0x53, 0xb2, 0x01, 0x9c, 0xc6, 0xff, 0xff, 0xff, 0xff, 0xff, 0xff, 0xff, 0xff, 0xff, 0xff,
    0x9f, 0xef, 0x93, 0x22, 0x53, 0x1a, 0x5e, 0xe7, 0xff, 0xff, 0xff, 0xff, 0xff, 0xff, 0xff, 0xff, 0xff, 0xff, 0xff, 0xff,
    0xff, 0xff, 0xff, 0xff, 0xff, 0xff, 0xff, 0xff, 0xff, 0xff, 0xff, 0xff, 0xff, 0xff, 0xff, 0xff, 0xff, 0xff, 0xff, 0xff,
    0x37, 0x6c, 0xf2, 0x09, 0x53, 0x1a, 0x53, 0x1a, 0x53, 0x1a, 0x53, 0x1a, 0x53, 0x1a, 0x53, 0x1a, 0x53, 0x1a, 0x53, 0x1a,
    0x53, 0x1a, 0x53, 0x1a, 0x53, 0x1a, 0x53, 0x1a, 0x33, 0x1a, 0x54, 0x1a, 0x84, 0x00, 0x00, 0x00, 0x00, 0x00, 0x00, 0x00,
    0x00, 0x00, 0x00, 0x00, 0x00, 0x00, 0x00, 0x00, 0x00, 0x00, 0x00, 0x00, 0x00, 0x00, 0x00, 0x00, 0x00, 0x00, 0x00, 0x00,
    0x00, 0x00, 0x00, 0x00, 0x00, 0x00, 0x00, 0x00, 0x00, 0x00, 0x00, 0x00, 0x00, 0x00, 0x00, 0x00, 0x00, 0x00, 0x00, 0x00,
    0x00, 0x00, 0x00, 0x00, 0x00, 0x00, 0x00, 0x08, 0x25, 0xc9, 0x26, 0xd9, 0x25, 0xd9, 0x25, 0xd9, 0x25, 0xd9, 0x25, 0xd9,
    0x25, 0xd9, 0x25, 0xd9, 0x25, 0xd9, 0x25, 0xd9, 0x25, 0xd9, 0x25, 0xd9, 0x25, 0xd9, 0x25, 0xd9, 0x46, 0xd9, 0xa3, 0xd0,
    0x4a, 0xe2, 0xbb, 0xfe, 0xff, 0xff, 0xdf, 0xff, 0xff, 0xff, 0xff, 0xff, 0xff, 0xff, 0xff, 0xff, 0xff, 0xff, 0xff, 0xff,
    0xff, 0xff, 0xff, 0xff, 0xff, 0xff, 0xff, 0xff, 0xff, 0xff, 0xff, 0xff, 0xff, 0xff, 0xff, 0xff, 0xff, 0xff, 0xff, 0xff,
    0xff, 0xff, 0xff, 0xff, 0xff, 0xff, 0xff, 0xff, 0xff, 0xff, 0xff, 0xff, 0xff, 0xff, 0xff, 0xff, 0xff, 0xff, 0xff, 0xff,
    0xff, 0xff, 0xff, 0xff, 0xff, 0xff, 0xff, 0xff, 0xff, 0xff, 0xff, 0xff, 0xff, 0xff, 0xff, 0xff, 0xff, 0xff, 0xff, 0xff,
    0xff, 0xff, 0xff, 0xff, 0xff, 0xff, 0xff, 0xff, 0xff, 0xff, 0xff, 0xff, 0xff, 0xff, 0xff, 0xff, 0xff, 0xff, 0xff, 0xff,
    0xdf, 0xff, 0xff, 0xff, 0xbb, 0xfe, 0x4a, 0xe2, 0xa3, 0xd0, 0x46, 0xd9, 0x25, 0xd9, 0x25, 0xd9, 0x25, 0xd9, 0x25, 0xd9,
    0x25, 0xd9, 0x25, 0xd9, 0x25, 0xd9, 0x25, 0xd9, 0x25, 0xd9, 0x25, 0xd9, 0x25, 0xd9, 0x25, 0xd9, 0x25, 0xd9, 0x46, 0xc9,
    0x32, 0x22, 0x53, 0x12, 0x53, 0x1a, 0x53, 0x1a, 0x53, 0x1a, 0x53, 0x1a, 0x53, 0x1a, 0x53, 0x1a, 0x53, 0x1a, 0x53, 0x1a,
    0x53, 0x1a, 0x53, 0x1a, 0x53, 0x1a, 0x53, 0x1a, 0x53, 0x1a, 0xd2, 0x09, 0xb8, 0x7c, 0xff, 0xff, 0xff, 0xff, 0xff, 0xff,
    0xff, 0xff, 0xff, 0xff, 0xff, 0xff, 0xff, 0xff, 0xff, 0xff, 0xff, 0xff, 0xff, 0xff, 0xff, 0xff, 0xff, 0xff, 0xff, 0xff,
    0xff, 0xff, 0xff, 0xff, 0xff, 0xff, 0xfb, 0xad, 0x91, 0x01, 0xd6, 0x5b, 0xff, 0xff, 0xff, 0xff, 0xff, 0xff, 0xff, 0xff,
    0xff, 0xff, 0xff, 0xff, 0xd6, 0x53, 0xb2, 0x01, 0x9c, 0xc6, 0xff, 0xff, 0xff, 0xff, 0xff, 0xff, 0xff, 0xff, 0xff, 0xff,
    0x9c, 0xc6, 0xd2, 0x09, 0x35, 0x3b, 0xdf, 0xff, 0xff, 0xff, 0xff, 0xff, 0xff, 0xff, 0xff, 0xff, 0xff, 0xff, 0xff, 0xff,
    0xff, 0xff, 0xff, 0xff, 0xff, 0xff, 0xff, 0xff, 0xff, 0xff, 0xff, 0xff, 0xff, 0xff, 0xff, 0xff, 0xff, 0xff, 0x1b, 0xb6,
    0xf2, 0x09, 0x53, 0x1a, 0x53, 0x1a, 0x53, 0x1a, 0x53, 0x1a, 0x53, 0x1a, 0x53, 0x1a, 0x53, 0x1a, 0x53, 0x1a, 0x53, 0x1a,
    0x53, 0x1a, 0x53, 0x1a, 0x53, 0x1a, 0x53, 0x1a, 0x33, 0x1a, 0x54, 0x1a, 0x84, 0x00, 0x00, 0x00, 0x00, 0x00, 0x00, 0x00,
    0x00, 0x00, 0x00, 0x00, 0x00, 0x00, 0x00, 0x00, 0x00, 0x00, 0x00, 0x00, 0x00, 0x00, 0x00, 0x00, 0x00, 0x00, 0x00, 0x00,
    0x00, 0x00, 0x00, 0x00, 0x00, 0x00, 0x00, 0x00, 0x00, 0x00, 0x00, 0x00, 0x00, 0x00, 0x00, 0x00, 0x00, 0x00, 0x00, 0x00,
    0x00, 0x00, 0x00, 0x00, 0x00, 0x00, 0x00, 0x08, 0x25, 0xc9, 0x26, 0xd9, 0x25, 0xd9, 0x25, 0xd9, 0x25, 0xd9, 0x25, 0xd9,
    0x25, 0xd9, 0x25, 0xd9, 0x25, 0xd9, 0x25, 0xd9, 0x25, 0xd9, 0x25, 0xd9, 0x25, 0xd9, 0x25, 0xd9, 0x25, 0xd9, 0x46, 0xd9,
    0xc4, 0xd8, 0x66, 0xd9, 0xb7, 0xf5, 0xff, 0xff, 0xff, 0xff, 0xff, 0xff, 0xff, 0xff, 0xff, 0xff, 0xff, 0xff, 0xff, 0xff,
    0xff, 0xff, 0xff, 0xff, 0xff, 0xff, 0xff, 0xff, 0xff, 0xff, 0xff, 0xff, 0xff, 0xff, 0xff, 0xff, 0xff, 0xff, 0xff, 0xff,
    0xff, 0xff, 0xff, 0xff, 0xff, 0xff, 0xff, 0xff, 0xff, 0xff, 0xff, 0xff, 0xff, 0xff, 0xff, 0xff, 0xff, 0xff, 0xff, 0xff,
    0xff, 0xff, 0xff, 0xff, 0xff, 0xff, 0xff, 0xff, 0xff, 0xff, 0xff, 0xff, 0xff, 0xff, 0xff, 0xff, 0xff, 0xff, 0xff, 0xff,
    0xff, 0xff, 0xff, 0xff, 0xff, 0xff, 0xff, 0xff, 0xff, 0xff, 0xff, 0xff, 0xff, 0xff, 0xff, 0xff, 0xff, 0xff, 0xff, 0xff,
    0xff, 0xff, 0xb7, 0xf5, 0x66, 0xd9, 0xc4, 0xd8, 0x46, 0xd9, 0x25, 0xd9, 0x25, 0xd9, 0x25, 0xd9, 0x25, 0xd9, 0x25, 0xd9,
    0x25, 0xd9, 0x25, 0xd9, 0x25, 0xd9, 0x25, 0xd9, 0x25, 0xd9, 0x25, 0xd9, 0x25, 0xd9, 0x25, 0xd9, 0x25, 0xd9, 0x46, 0xc9,
    0x32, 0x22, 0x53, 0x12, 0x53, 0x1a, 0x53, 0x1a, 0x53, 0x1a, 0x53, 0x1a, 0x53, 0x1a, 0x53, 0x1a, 0x53, 0x1a, 0x53, 0x1a,
    0x53, 0x1a, 0x53, 0x1a, 0x53, 0x1a, 0x53, 0x1a, 0x53, 0x1a, 0x53, 0x1a, 0x12, 0x12, 0x7c, 0xc6, 0xff, 0xff, 0xff, 0xff,
    0xff, 0xff, 0xff, 0xff, 0xff, 0xff, 0xff, 0xff, 0xff, 0xff, 0xff, 0xff, 0xff, 0xff, 0xff, 0xff, 0xff, 0xff, 0xff, 0xff,
    0xff, 0xff, 0xff, 0xff, 0xff, 0xff, 0x3e, 0xdf, 0x33, 0x12, 0xb4, 0x2a, 0xbf, 0xf7, 0xff, 0xff, 0xff, 0xff, 0xff, 0xff,
    0xff, 0xff, 0xff, 0xff, 0xd6, 0x53, 0xb2, 0x01, 0x9c, 0xc6, 0xff, 0xff, 0xff, 0xff, 0xff, 0xff, 0xff, 0xff, 0xff, 0xff,
    0x5a, 0x95, 0x71, 0x01, 0x98, 0x74, 0xff, 0xff, 0xff, 0xff, 0xff, 0xff, 0xff, 0xff, 0xff, 0xff, 0xff, 0xff, 0xff, 0xff,
    0xff, 0xff, 0xff, 0xff, 0xff, 0xff, 0xff, 0xff, 0xff, 0xff, 0xff, 0xff, 0xff, 0xff, 0xff, 0xff, 0x7e, 0xef, 0xb4, 0x2a,
    0x33, 0x12, 0x53, 0x1a, 0x53, 0x1a, 0x53, 0x1a, 0x53, 0x1a, 0x53, 0x1a, 0x53, 0x1a, 0x53, 0x1a, 0x53, 0x1a, 0x53, 0x1a,
    0x53, 0x1a, 0x53, 0x1a, 0x53, 0x1a, 0x53, 0x1a, 0x33, 0x1a, 0x54, 0x1a, 0x84, 0x00, 0x00, 0x00, 0x00, 0x00, 0x00, 0x00,
    0x00, 0x00, 0x00, 0x00, 0x00, 0x00, 0x00, 0x00, 0x00, 0x00, 0x00, 0x00, 0x00, 0x00, 0x00, 0x00, 0x00, 0x00, 0x00, 0x00,
    0x00, 0x00, 0x00, 0x00, 0x00, 0x00, 0x00, 0x00, 0x00, 0x00, 0x00, 0x00, 0x00, 0x00, 0x00, 0x00, 0x00, 0x00, 0x00, 0x00,
    0x00, 0x00, 0x00, 0x00, 0x00, 0x00, 0x00, 0x08, 0x25, 0xc9, 0x26, 0xd9, 0x25, 0xd9, 0x25, 0xd9, 0x25, 0xd9, 0x25, 0xd9,
    0x25, 0xd9, 0x25, 0xd9, 0x25, 0xd9, 0x25, 0xd9, 0x25, 0xd9, 0x25, 0xd9, 0x25, 0xd9, 0x25, 0xd9, 0x25, 0xd9, 0x25, 0xd9,
    0x46, 0xd9, 0x05, 0xd9, 0xe4, 0xd8, 0x92, 0xec, 0xff, 0xff, 0xff, 0xff, 0xff, 0xff, 0xff, 0xff, 0xff, 0xff, 0xff, 0xff,
    0xff, 0xff, 0xff, 0xff, 0xff, 0xff, 0xff, 0xff, 0xff, 0xff, 0xff, 0xff, 0xff, 0xff, 0xff, 0xff, 0xff, 0xff, 0xff, 0xff,
    0xff, 0xff, 0xff, 0xff, 0xff, 0xff, 0xff, 0xff, 0xff, 0xff, 0xff, 0xff, 0xff, 0xff, 0xff, 0xff, 0xff, 0xff, 0xff, 0xff,
    0xff, 0xff, 0xff, 0xff, 0xff, 0xff, 0xff, 0xff, 0xff, 0xff, 0xff, 0xff, 0xff, 0xff, 0xff, 0xff, 0xff, 0xff, 0xff, 0xff,
    0xff, 0xff, 0xff, 0xff, 0xff, 0xff, 0xff, 0xff, 0xff, 0xff, 0xff, 0xff, 0xff, 0xff, 0xff, 0xff, 0xff, 0xff, 0xff, 0xff,
    0x92, 0xec, 0xe4, 0xd8, 0x05, 0xd9, 0x46, 0xd9, 0x25, 0xd9, 0x25, 0xd9, 0x25, 0xd9, 0x25, 0xd9, 0x25, 0xd9, 0x25, 0xd9,
    0x25, 0xd9, 0x25, 0xd9, 0x25, 0xd9, 0x25, 0xd9, 0x25, 0xd9, 0x25, 0xd9, 0x25, 0xd9, 0x25, 0xd9, 0x25, 0xd9, 0x46, 0xc9,
    0x32, 0x22, 0x53, 0x12, 0x53, 0x1a, 0x53, 0x1a, 0x53, 0x1a, 0x53, 0x1a, 0x53, 0x1a, 0x53, 0x1a, 0x53, 0x1a, 0x53, 0x1a,
    0x53, 0x1a, 0x53, 0x1a, 0x53, 0x1a, 0x53, 0x1a, 0x53, 0x1a, 0x53, 0x1a, 0x12, 0x12, 0xf4, 0x32, 0xbf, 0xf7, 0xff, 0xff,
    0xff, 0xff, 0xff, 0xff, 0xff, 0xff, 0xff, 0xff, 0xff, 0xff, 0xff, 0xff, 0xff, 0xff, 0xff, 0xff, 0xff, 0xff, 0xff, 0xff,
    0xff, 0xff, 0xff, 0xff, 0xff, 0xff, 0xdf, 0xf7, 0xf4, 0x32, 0x12, 0x0a, 0xdd, 0xd6, 0xff, 0xff, 0xff, 0xff, 0xff, 0xff,
    0xff, 0xff, 0xff, 0xff, 0xd6, 0x53, 0xb2, 0x01, 0x9c, 0xc6, 0xff, 0xff, 0xff, 0xff, 0xff, 0xff, 0xff, 0xff, 0xff, 0xff,
    0x37, 0x6c, 0x71, 0x01, 0x9a, 0x9d, 0xff, 0xff, 0xff, 0xff, 0xff, 0xff, 0xff, 0xff, 0xff, 0xff, 0xff, 0xff, 0xff, 0xff,
    0xff, 0xff, 0xff, 0xff, 0xff, 0xff, 0xff, 0xff, 0xff, 0xff, 0xff, 0xff, 0xff, 0xff, 0xff, 0xff, 0x37, 0x6c, 0xf2, 0x09,
    0x53, 0x1a, 0x53, 0x1a, 0x53, 0x1a, 0x53, 0x1a, 0x53, 0x1a, 0x53, 0x1a, 0x53, 0x1a, 0x53, 0x1a, 0x53, 0x1a, 0x53, 0x1a,
    0x53, 0x1a, 0x53, 0x1a, 0x53, 0x1a, 0x53, 0x1a, 0x33, 0x1a, 0x54, 0x1a, 0x84, 0x00, 0x00, 0x00, 0x00, 0x00, 0x00, 0x00,
    0x00, 0x00, 0x00, 0x00, 0x00, 0x00, 0x00, 0x00, 0x00, 0x00, 0x00, 0x00, 0x00, 0x00, 0x00, 0x00, 0x00, 0x00, 0x00, 0x00,
    0x00, 0x00, 0x00, 0x00, 0x00, 0x00, 0x00, 0x00, 0x00, 0x00, 0x00, 0x00, 0x00, 0x00, 0x00, 0x00, 0x00, 0x00, 0x00, 0x00,
    0x00, 0x00, 0x00, 0x00, 0x00, 0x00, 0x00, 0x08, 0x25, 0xc9, 0x26, 0xd9, 0x25, 0xd9, 0x25, 0xd9, 0x25, 0xd9, 0x25, 0xd9,
    0x25, 0xd9, 0x25, 0xd9, 0x25, 0xd9, 0x25, 0xd9, 0x25, 0xd9, 0x25, 0xd9, 0x25, 0xd9, 0x25, 0xd9, 0x25, 0xd9, 0x25, 0xd9,
    0x25, 0xd9, 0x46, 0xd9, 0x46, 0xd9, 0xa3, 0xd0, 0xec, 0xe2, 0x9e, 0xff, 0xff, 0xff, 0xdf, 0xff, 0xff, 0xff, 0xff, 0xff,
    0xff, 0xff, 0xff, 0xff, 0xff, 0xff, 0xff, 0xff, 0xff, 0xff, 0xff, 0xff, 0xff, 0xff, 0xff, 0xff, 0xff, 0xff, 0xff, 0xff,
    0xff, 0xff, 0xff, 0xff, 0xff, 0xff, 0xff, 0xff, 0xff, 0xff, 0xff, 0xff, 0xff, 0xff, 0xff, 0xff, 0xff, 0xff, 0xff, 0xff,
    0xff, 0xff, 0xff, 0xff, 0xff, 0xff, 0xff, 0xff, 0xff, 0xff, 0xff, 0xff, 0xff, 0xff, 0xff, 0xff, 0xff, 0xff, 0xff, 0xff,
    0xff, 0xff, 0xff, 0xff, 0xff, 0xff, 0xff, 0xff, 0xff, 0xff, 0xff, 0xff, 0xdf, 0xff, 0xff, 0xff, 0x9e, 0xff, 0xec, 0xe2,
    0xa3, 0xd0, 0x46, 0xd9, 0x46, 0xd9, 0x25, 0xd9, 0x25, 0xd9, 0x25, 0xd9, 0x25, 0xd9, 0x25, 0xd9, 0x25, 0xd9, 0x25, 0xd9,
    0x25, 0xd9, 0x25, 0xd9, 0x25, 0xd9, 0x25, 0xd9, 0x25, 0xd9, 0x25, 0xd9, 0x25, 0xd9, 0x25, 0xd9, 0x25, 0xd9, 0x46, 0xc9,
    0x32, 0x22, 0x53, 0x12, 0x53, 0x1a, 0x53, 0x1a, 0x53, 0x1a, 0x53, 0x1a, 0x53, 0x1a, 0x53, 0x1a, 0x53, 0x1a, 0x53, 0x1a,
    0x53, 0x1a, 0x53, 0x1a, 0x53, 0x1a, 0x53, 0x1a, 0x53, 0x1a, 0x53, 0x1a, 0x53, 0x1a, 0xd2, 0x09, 0xb8, 0x7c, 0xff, 0xff,
    0xff, 0xff, 0xff, 0xff, 0xff, 0xff, 0xff, 0xff, 0xff, 0xff, 0xff, 0xff, 0xff, 0xff, 0xff, 0xff, 0xff, 0xff, 0xff, 0xff,
    0xff, 0xff, 0xff, 0xff, 0xff, 0xff, 0xff, 0xff, 0x37, 0x6c, 0x71, 0x01, 0x9a, 0x9d, 0xff, 0xff, 0xff, 0xff, 0xff, 0xff,
    0xff, 0xff, 0xff, 0xff, 0xd6, 0x53, 0xb2, 0x01, 0x9c, 0xc6, 0xff, 0xff, 0xff, 0xff, 0xff, 0xff, 0xff, 0xff, 0xdf, 0xf7,
    0xf4, 0x32, 0x12, 0x0a, 0xdd, 0xd6, 0xff, 0xff, 0xff, 0xff, 0xff, 0xff, 0xff, 0xff, 0xff, 0xff, 0xff, 0xff, 0xff, 0xff,
    0xff, 0xff, 0xff, 0xff, 0xff, 0xff, 0xff, 0xff, 0xff, 0xff, 0xff, 0xff, 0xff, 0xff, 0x1b, 0xb6, 0xf2, 0x09, 0x53, 0x1a,
    0x53, 0x1a, 0x53, 0x1a, 0x53, 0x1a, 0x53, 0x1a, 0x53, 0x1a, 0x53, 0x1a, 0x53, 0x1a, 0x53, 0x1a, 0x53, 0x1a, 0x53, 0x1a,
    0x53, 0x1a, 0x53, 0x1a, 0x53, 0x1a, 0x53, 0x1a, 0x33, 0x1a, 0x54, 0x1a, 0x84, 0x00, 0x00, 0x00, 0x00, 0x00, 0x00, 0x00,
    0x00, 0x00, 0x00, 0x00, 0x00, 0x00, 0x00, 0x00, 0x00, 0x00, 0x00, 0x00, 0x00, 0x00, 0x00, 0x00, 0x00, 0x00, 0x00, 0x00,
    0x00, 0x00, 0x00, 0x00, 0x00, 0x00, 0x00, 0x00, 0x00, 0x00, 0x00, 0x00, 0x00, 0x00, 0x00, 0x00, 0x00, 0x00, 0x00, 0x00,
    0x00, 0x00, 0x00, 0x00, 0x00, 0x00, 0x00, 0x08, 0x25, 0xc9, 0x26, 0xd9, 0x25, 0xd9, 0x25, 0xd9, 0x25, 0xd9, 0x25, 0xd9,
    0x25, 0xd9, 0x25, 0xd9, 0x25, 0xd9, 0x25, 0xd9, 0x25, 0xd9, 0x25, 0xd9, 0x25, 0xd9, 0x25, 0xd9, 0x25, 0xd9, 0x25, 0xd9,
    0x25, 0xd9, 0x25, 0xd9, 0x25, 0xd9, 0x46, 0xd9, 0xc4, 0xd0, 0xe8, 0xd9, 0x9a, 0xfe, 0xff, 0xff, 0xdf, 0xff, 0xff, 0xff,
    0xff, 0xff, 0xff, 0xff, 0xff, 0xff, 0xff, 0xff, 0xff, 0xff, 0xff, 0xff, 0xff, 0xff, 0xff, 0xff, 0xff, 0xff, 0xff, 0xff,
    0xff, 0xff, 0xff, 0xff, 0xff, 0xff, 0xff, 0xff, 0xff, 0xff, 0xff, 0xff, 0xff, 0xff, 0xff, 0xff, 0xff, 0xff, 0xff, 0xff,
    0xff, 0xff, 0xff, 0xff, 0xff, 0xff, 0xff, 0xff, 0xff, 0xff, 0xff, 0xff, 0xff, 0xff, 0xff, 0xff, 0xff, 0xff, 0xff, 0xff,
    0xff, 0xff, 0xff, 0xff, 0xff, 0xff, 0xff, 0xff, 0xff, 0xff, 0xdf, 0xff, 0xff, 0xff, 0x9a, 0xfe, 0xe8, 0xd9, 0xc4, 0xd0,
    0x46, 0xd9, 0x25, 0xd9, 0x25, 0xd9, 0x25, 0xd9, 0x25, 0xd9, 0x25, 0xd9, 0x25, 0xd9, 0x25, 0xd9, 0x25, 0xd9, 0x25, 0xd9,
    0x25, 0xd9, 0x25, 0xd9, 0x25, 0xd9, 0x25, 0xd9, 0x25, 0xd9, 0x25, 0xd9, 0x25, 0xd9, 0x25, 0xd9, 0x25, 0xd9, 0x46, 0xc9,
    0x32, 0x22, 0x53, 0x12, 0x53, 0x1a, 0x53, 0x1a, 0x53, 0x1a, 0x53, 0x1a, 0x53, 0x1a, 0x53, 0x1a, 0x53, 0x1a, 0x53, 0x1a,
    0x53, 0x1a, 0x53, 0x1a, 0x53, 0x1a, 0x53, 0x1a, 0x53, 0x1a, 0x53, 0x1a, 0x53, 0x1a, 0x53, 0x1a, 0x12, 0x12, 0x7c, 0xc6,
    0xff, 0xff, 0xff, 0xff, 0xff, 0xff, 0xff, 0xff, 0xff, 0xff, 0xff, 0xff, 0xff, 0xff, 0xff, 0xff, 0xff, 0xff, 0xff, 0xff,
    0xff, 0xff, 0xff, 0xff, 0xff, 0xff, 0xff, 0xff, 0x5a, 0x95, 0x71, 0x01, 0x98, 0x74, 0xff, 0xff, 0xff, 0xff, 0xff, 0xff,
    0xff, 0xff, 0xff, 0xff, 0xd6, 0x53, 0xb2, 0x01, 0x9c, 0xc6, 0xff, 0xff, 0xff, 0xff, 0xff, 0xff, 0xff, 0xff, 0x3e, 0xdf,
    0x33, 0x12, 0xb4, 0x2a, 0xbf, 0xf7, 0xff, 0xff, 0xff, 0xff, 0xff, 0xff, 0xff, 0xff, 0xff, 0xff, 0xff, 0xff, 0xff, 0xff,
    0xff, 0xff, 0xff, 0xff, 0xff, 0xff, 0xff, 0xff, 0xff, 0xff, 0xff, 0xff, 0x7e, 0xef, 0xb4, 0x2a, 0x33, 0x12, 0x53, 0x1a,
    0x53, 0x1a, 0x53, 0x1a, 0x53, 0x1a, 0x53, 0x1a, 0x53, 0x1a, 0x53, 0x1a, 0x53, 0x1a, 0x53, 0x1a, 0x53, 0x1a, 0x53, 0x1a,
    0x53, 0x1a, 0x53, 0x1a, 0x53, 0x1a, 0x53, 0x1a, 0x33, 0x1a, 0x54, 0x1a, 0x84, 0x00, 0x00, 0x00, 0x00, 0x00, 0x00, 0x00,
    0x00, 0x00, 0x00, 0x00, 0x00, 0x00, 0x00, 0x00, 0x00, 0x00, 0x00, 0x00, 0x00, 0x00, 0x00, 0x00, 0x00, 0x00, 0x00, 0x00,
    0x00, 0x00, 0x00, 0x00, 0x00, 0x00, 0x00, 0x00, 0x00, 0x00, 0x00, 0x00, 0x00, 0x00, 0x00, 0x00, 0x00, 0x00, 0x00, 0x00,
    0x00, 0x00, 0x00, 0x00, 0x00, 0x00, 0x00, 0x08, 0x25, 0xc9, 0x26, 0xd9, 0x25, 0xd9, 0x25, 0xd9, 0x25, 0xd9, 0x25, 0xd9,
    0x25, 0xd9, 0x25, 0xd9, 0x25, 0xd9, 0x25, 0xd9, 0x25, 0xd9, 0x25, 0xd9, 0x25, 0xd9, 0x25, 0xd9, 0x25, 0xd9, 0x25, 0xd9,
    0x25, 0xd9, 0x25, 0xd9, 0x25, 0xd9, 0x25, 0xd9, 0x46, 0xd9, 0xe4, 0xd8, 0x46, 0xd9, 0x75, 0xf5, 0xff, 0xff, 0xff, 0xff,
    0xff, 0xff, 0xff, 0xff, 0xff, 0xff, 0xff, 0xff, 0xff, 0xff, 0xff, 0xff, 0xff, 0xff, 0xff, 0xff, 0xff, 0xff, 0xff, 0xff,
    0xff, 0xff, 0xff, 0xff, 0xff, 0xff, 0xff, 0xff, 0xff, 0xff, 0xff, 0xff, 0xff, 0xff, 0xff, 0xff, 0xff, 0xff, 0xff, 0xff,
    0xff, 0xff, 0xff, 0xff, 0xff, 0xff, 0xff, 0xff, 0xff, 0xff, 0xff, 0xff, 0xff, 0xff, 0xff, 0xff, 0xff, 0xff, 0xff, 0xff,
    0xff, 0xff, 0xff, 0xff, 0xff, 0xff, 0xff, 0xff, 0xff, 0xff, 0xff, 0xff, 0x75, 0xf5, 0x46, 0xd9, 0xe4, 0xd8, 0x46, 0xd9,
    0x25, 0xd9, 0x25, 0xd9, 0x25, 0xd9, 0x25, 0xd9, 0x25, 0xd9, 0x25, 0xd9, 0x25, 0xd9, 0x25, 0xd9, 0x25, 0xd9, 0x25, 0xd9,
    0x25, 0xd9, 0x25, 0xd9, 0x25, 0xd9, 0x25, 0xd9, 0x25, 0xd9, 0x25, 0xd9, 0x25, 0xd9, 0x25, 0xd9, 0x25, 0xd9, 0x46, 0xc9,
    0x32, 0x22, 0x53, 0x12, 0x53, 0x1a, 0x53, 0x1a, 0x53, 0x1a, 0x53, 0x1a, 0x53, 0x1a, 0x53, 0x1a, 0x53, 0x1a, 0x53, 0x1a,
    0x53, 0x1a, 0x53, 0x1a, 0x53, 0x1a, 0x53, 0x1a, 0x53, 0x1a, 0x53, 0x1a, 0x53, 0x1a, 0x53, 0x1a, 0x12, 0x12, 0xf4, 0x32,
    0xbf, 0xf7, 0xff, 0xff, 0xff, 0xff, 0xff, 0xff, 0xff, 0xff, 0xff, 0xff, 0xff, 0xff, 0xff, 0xff, 0xff, 0xff, 0xff, 0xff,
    0xff, 0xff, 0xff, 0xff, 0xff, 0xff, 0xff, 0xff, 0x7c, 0xc6, 0xb2, 0x01, 0x75, 0x4b, 0xff, 0xff, 0xff, 0xff, 0xff, 0xff,
    0xff, 0xff, 0xff, 0xff, 0xd6, 0x53, 0xb2, 0x01, 0x9c, 0xc6, 0xff, 0xff, 0xff, 0xff, 0xff, 0xff, 0xff, 0xff, 0x3c, 0xbe,
    0xb1, 0x01, 0xb6, 0x53, 0xff, 0xff, 0xff, 0xff, 0xff, 0xff, 0xff, 0xff, 0xff, 0xff, 0xff, 0xff, 0xff, 0xff, 0xff, 0xff,
    0xff, 0xff, 0xff, 0xff, 0xff, 0xff, 0xff, 0xff, 0xff, 0xff, 0xff, 0xff, 0x37, 0x6c, 0xf2, 0x09, 0x53, 0x1a, 0x53, 0x1a,
    0x53, 0x1a, 0x53, 0x1a, 0x53, 0x1a, 0x53, 0x1a, 0x53, 0x1a, 0x53, 0x1a, 0x53, 0x1a, 0x53, 0x1a, 0x53, 0x1a, 0x53, 0x1a,
    0x53, 0x1a, 0x53, 0x1a, 0x53, 0x1a, 0x53, 0x1a, 0x33, 0x1a, 0x54, 0x1a, 0x84, 0x00, 0x00, 0x00, 0x00, 0x00, 0x00, 0x00,
    0x00, 0x00, 0x00, 0x00, 0x00, 0x00, 0x00, 0x00, 0x00, 0x00, 0x00, 0x00, 0x00, 0x00, 0x00, 0x00, 0x00, 0x00, 0x00, 0x00,
    0x00, 0x00, 0x00, 0x00, 0x00, 0x00, 0x00, 0x00, 0x00, 0x00, 0x00, 0x00, 0x00, 0x00, 0x00, 0x00, 0x00, 0x00, 0x00, 0x00,
    0x00, 0x00, 0x00, 0x00, 0x00, 0x00, 0x00, 0x08, 0x25, 0xc9, 0x26, 0xd9, 0x25, 0xd9, 0x25, 0xd9, 0x25, 0xd9, 0x25, 0xd9,
    0x25, 0xd9, 0x25, 0xd9, 0x25, 0xd9, 0x25, 0xd9, 0x25, 0xd9, 0x25, 0xd9, 0x25, 0xd9, 0x25, 0xd9, 0x25, 0xd9, 0x25, 0xd9,
    0x25, 0xd9, 0x25, 0xd9, 0x25, 0xd9, 0x25, 0xd9, 0x25, 0xd9, 0x46, 0xd9, 0x05, 0xd9, 0xe4, 0xd8, 0x31, 0xec, 0xff, 0xff,
    0xff, 0xff, 0xff, 0xff, 0xff, 0xff, 0xff, 0xff, 0xff, 0xff, 0xff, 0xff, 0xff, 0xff, 0xff, 0xff, 0xff, 0xff, 0xff, 0xff,
    0xff, 0xff, 0xff, 0xff, 0xff, 0xff, 0xff, 0xff, 0xff, 0xff, 0xff, 0xff, 0xff, 0xff, 0xff, 0xff, 0xff, 0xff, 0xff, 0xff,
    0xff, 0xff, 0xff, 0xff, 0xff, 0xff, 0xff, 0xff, 0xff, 0xff, 0xff, 0xff, 0xff, 0xff, 0xff, 0xff, 0xff, 0xff, 0xff, 0xff,
    0xff, 0xff, 0xff, 0xff, 0xff, 0xff, 0xff, 0xff, 0xff, 0xff, 0x31, 0xec, 0xe4, 0xd8, 0x05, 0xd9, 0x46, 0xd9, 0x25, 0xd9,
    0x25, 0xd9, 0x25, 0xd9, 0x25, 0xd9, 0x25, 0xd9, 0x25, 0xd9, 0x25, 0xd9, 0x25, 0xd9, 0x25, 0xd9, 0x25, 0xd9, 0x25, 0xd9,
    0x25, 0xd9, 0x25, 0xd9, 0x25, 0xd9, 0x25, 0xd9, 0x25, 0xd9, 0x25, 0xd9, 0x25, 0xd9, 0x25, 0xd9, 0x25, 0xd9, 0x46, 0xc9,
    0x32, 0x22, 0x53, 0x12, 0x53, 0x1a, 0x53, 0x1a, 0x53, 0x1a, 0x53, 0x1a, 0x53, 0x1a, 0x53, 0x1a, 0x53, 0x1a, 0x53, 0x1a,
    0x53, 0x1a, 0x53, 0x1a, 0x53, 0x1a, 0x53, 0x1a, 0x53, 0x1a, 0x53, 0x1a, 0x53, 0x1a, 0x53, 0x1a, 0x53, 0x1a, 0xd2, 0x09,
    0xb8, 0x7c, 0xff, 0xff, 0xff, 0xff, 0xff, 0xff, 0xff, 0xff, 0xff, 0xff, 0xff, 0xff, 0xff, 0xff, 0xff, 0xff, 0xff, 0xff,
    0xff, 0xff, 0xff, 0xff, 0xff, 0xff, 0xff, 0xff, 0x5e, 0xe7, 0x73, 0x22, 0x73, 0x22, 0x5e, 0xe7, 0xff, 0xff, 0xff, 0xff,
    0xff, 0xff, 0xff, 0xff, 0xd6, 0x53, 0xb2, 0x01, 0x9c, 0xc6, 0xff, 0xff, 0xff, 0xff, 0xff, 0xff, 0xff, 0xff, 0xd8, 0x84,
    0x71, 0x01, 0xd8, 0x84, 0xff, 0xff, 0xff, 0xff, 0xff, 0xff, 0xff, 0xff, 0xff, 0xff, 0xff, 0xff, 0xff, 0xff, 0xff, 0xff,
    0xff, 0xff, 0xff, 0xff, 0xff, 0xff, 0xff, 0xff, 0xff, 0xff, 0x1b, 0xb6, 0xf2, 0x09, 0x53, 0x1a, 0x53, 0x1a, 0x53, 0x1a,
    0x53, 0x1a, 0x53, 0x1a, 0x53, 0x1a, 0x53, 0x1a, 0x53, 0x1a, 0x53, 0x1a, 0x53, 0x1a, 0x53, 0x1a, 0x53, 0x1a, 0x53, 0x1a,
    0x53, 0x1a, 0x53, 0x1a, 0x53, 0x1a, 0x53, 0x1a, 0x33, 0x1a, 0x54, 0x1a, 0x84, 0x00, 0x00, 0x00, 0x00, 0x00, 0x00, 0x00,
    0x00, 0x00, 0x00, 0x00, 0x00, 0x00, 0x00, 0x00, 0x00, 0x00, 0x00, 0x00, 0x00, 0x00, 0x00, 0x00, 0x00, 0x00, 0x00, 0x00,
    0x00, 0x00, 0x00, 0x00, 0x00, 0x00, 0x00, 0x00, 0x00, 0x00, 0x00, 0x00, 0x00, 0x00, 0x00, 0x00, 0x00, 0x00, 0x00, 0x00,
    0x00, 0x00, 0x00, 0x00, 0x00, 0x00, 0x00, 0x08, 0x25, 0xc9, 0x26, 0xd9, 0x25, 0xd9, 0x25, 0xd9, 0x25, 0xd9, 0x25, 0xd9,
    0x25, 0xd9, 0x25, 0xd9, 0x25, 0xd9, 0x25, 0xd9, 0x25, 0xd9, 0x25, 0xd9, 0x25, 0xd9, 0x25, 0xd9, 0x25, 0xd9, 0x25, 0xd9,
    0x25, 0xd9, 0x25, 0xd9, 0x25, 0xd9, 0x25, 0xd9, 0x25, 0xd9, 0x25, 0xd9, 0x46, 0xd9, 0x46, 0xd9, 0xa3, 0xd0, 0xab, 0xe2,
    0x5d, 0xff, 0xff, 0xff, 0xff, 0xff, 0xff, 0xff, 0xff, 0xff, 0xff, 0xff, 0xff, 0xff, 0xff, 0xff, 0xff, 0xff, 0xff, 0xff,
    0xff, 0xff, 0xff, 0xff, 0xff, 0xff, 0xff, 0xff, 0xff, 0xff, 0xff, 0xff, 0xff, 0xff, 0xff, 0xff, 0xff, 0xff, 0xff, 0xff,
    0xff, 0xff, 0xff, 0xff, 0xff, 0xff, 0xff, 0xff, 0xff, 0xff, 0xff, 0xff, 0xff, 0xff, 0xff, 0xff, 0xff, 0xff, 0xff, 0xff,
    0xff, 0xff, 0xff, 0xff, 0xff, 0xff, 0x5d, 0xff, 0xab, 0xe2, 0xa3, 0xd0, 0x46, 0xd9, 0x46, 0xd9, 0x25, 0xd9, 0x25, 0xd9,
    0x25, 0xd9, 0x25, 0xd9, 0x25, 0xd9, 0x25, 0xd9, 0x25, 0xd9, 0x25, 0xd9, 0x25, 0xd9, 0x25, 0xd9, 0x25, 0xd9, 0x25, 0xd9,
    0x25, 0xd9, 0x25, 0xd9, 0x25, 0xd9, 0x25, 0xd9, 0x25, 0xd9, 0x25, 0xd9, 0x25, 0xd9, 0x25, 0xd9, 0x25, 0xd9, 0x46, 0xc9,
    0x32, 0x22, 0x53, 0x12, 0x53, 0x1a, 0x53, 0x1a, 0x53, 0x1a, 0x53, 0x1a, 0x53, 0x1a, 0x53, 0x1a, 0x53, 0x1a, 0x53, 0x1a,
    0x53, 0x1a, 0x53, 0x1a, 0x53, 0x1a, 0x53, 0x1a, 0x53, 0x1a, 0x53, 0x1a, 0x53, 0x1a, 0x53, 0x1a, 0x53, 0x1a, 0x53, 0x1a,
    0x12, 0x12, 0x7c, 0xc6, 0xff, 0xff, 0xff, 0xff, 0xff, 0xff, 0xff, 0xff, 0xff, 0xff, 0xff, 0xff, 0xff, 0xff, 0xff, 0xff,
    0xff, 0xff, 0xff, 0xff, 0xff, 0xff, 0xff, 0xff, 0xff, 0xff, 0x75, 0x4b, 0xb2, 0x01, 0x7c, 0xc6, 0xff, 0xff, 0xff, 0xff,
    0xff, 0xff, 0xff, 0xff, 0xd6, 0x53, 0xb2, 0x01, 0x9c, 0xc6, 0xff, 0xff, 0xff, 0xff, 0xff, 0xff, 0xff, 0xff, 0xb6, 0x53,
    0xb1, 0x01, 0x3c, 0xbe, 0xff, 0xff, 0xff, 0xff, 0xff, 0xff, 0xff, 0xff, 0xff, 0xff, 0xff, 0xff, 0xff, 0xff, 0xff, 0xff,
    0xff, 0xff, 0xff, 0xff, 0xff, 0xff, 0xff, 0xff, 0x7e, 0xef, 0xb4, 0x2a, 0x33, 0x12, 0x53, 0x1a, 0x53, 0x1a, 0x53, 0x1a,
    0x53, 0x1a, 0x53, 0x1a, 0x53, 0x1a, 0x53, 0x1a, 0x53, 0x1a, 0x53, 0x1a, 0x53, 0x1a, 0x53, 0x1a, 0x53, 0x1a, 0x53, 0x1a,
    0x53, 0x1a, 0x53, 0x1a, 0x53, 0x1a, 0x53, 0x1a, 0x33, 0x1a, 0x54, 0x1a, 0x84, 0x00, 0x00, 0x00, 0x00, 0x00, 0x00, 0x00,
    0x00, 0x00, 0x00, 0x00, 0x00, 0x00, 0x00, 0x00, 0x00, 0x00, 0x00, 0x00, 0x00, 0x00, 0x00, 0x00, 0x00, 0x00, 0x00, 0x00,
    0x00, 0x00, 0x00, 0x00, 0x00, 0x00, 0x00, 0x00, 0x00, 0x00, 0x00, 0x00, 0x00, 0x00, 0x00, 0x00, 0x00, 0x00, 0x00, 0x00,
    0x00, 0x00, 0x00, 0x00, 0x00, 0x00, 0x00, 0x08, 0x25, 0xc9, 0x26, 0xd9, 0x25, 0xd9, 0x25, 0xd9, 0x25, 0xd9, 0x25, 0xd9,
    0x25, 0xd9, 0x25, 0xd9, 0x25, 0xd9, 0x25, 0xd9, 0x25, 0xd9, 0x25, 0xd9, 0x25, 0xd9, 0x25, 0xd9, 0x25, 0xd9, 0x25, 0xd9,
    0x25, 0xd9, 0x25, 0xd9, 0x25, 0xd9, 0x25, 0xd9, 0x25, 0xd9, 0x25, 0xd9, 0x25, 0xd9, 0x25, 0xd9, 0x46, 0xd9, 0xc4, 0xd8,
    0xa7, 0xd9, 0x7a, 0xf6, 0xff, 0xff, 0xff, 0xff, 0xff, 0xff, 0xff, 0xff, 0xff, 0xff, 0xff, 0xff, 0xff, 0xff, 0xff, 0xff,
    0xff, 0xff, 0xff, 0xff, 0xff, 0xff, 0xff, 0xff, 0xff, 0xff, 0xff, 0xff, 0xff, 0xff, 0xff, 0xff, 0xff, 0xff, 0xff, 0xff,
    0xff, 0xff, 0xff, 0xff, 0xff, 0xff, 0xff, 0xff, 0xff, 0xff, 0xff, 0xff, 0xff, 0xff, 0xff, 0xff, 0xff, 0xff, 0xff, 0xff,
    0xff, 0xff, 0xff, 0xff, 0x7a, 0xf6, 0xa7, 0xd9, 0xc4, 0xd8, 0x46, 0xd9, 0x25, 0xd9, 0x25, 0xd9, 0x25, 0xd9, 0x25, 0xd9,
    0x25, 0xd9, 0x25, 0xd9, 0x25, 0xd9, 0x25, 0xd9, 0x25, 0xd9, 0x25, 0xd9, 0x25, 0xd9, 0x25, 0xd9, 0x25, 0xd9, 0x25, 0xd9,
    0x25, 0xd9, 0x25, 0xd9, 0x25, 0xd9, 0x25, 0xd9, 0x25, 0xd9, 0x25, 0xd9, 0x25, 0xd9, 0x25, 0xd9, 0x25, 0xd9, 0x46, 0xc9,
    0x32, 0x22, 0x53, 0x12, 0x53, 0x1a, 0x53, 0x1a, 0x53, 0x1a, 0x53, 0x1a, 0x53, 0x1a, 0x53, 0x1a, 0x53, 0x1a, 0x53, 0x1a,
    0x53, 0x1a, 0x53, 0x1a, 0x53, 0x1a, 0x53, 0x1a, 0x53, 0x1a, 0x53, 0x1a, 0x53, 0x1a, 0x53, 0x1a, 0x53, 0x1a, 0x53, 0x1a,
    0x12, 0x12, 0xf4, 0x32, 0xbf, 0xf7, 0xff, 0xff, 0xff, 0xff, 0xff, 0xff, 0xff, 0xff, 0xff, 0xff, 0xff, 0xff, 0xff, 0xff,
    0xff, 0xff, 0xff, 0xff, 0xff, 0xff, 0xff, 0xff, 0xff, 0xff, 0x98, 0x74, 0x71, 0x01, 0x5a, 0x95, 0xff, 0xff, 0xff, 0xff,
    0xff, 0xff, 0xff, 0xff, 0xd6, 0x53, 0xb2, 0x01, 0x9c, 0xc6, 0xff, 0xff, 0xff, 0xff, 0xff, 0xff, 0xbf, 0xf7, 0xb4, 0x2a,
    0x33, 0x12, 0x3e, 0xdf, 0xff, 0xff, 0xff, 0xff, 0xff, 0xff, 0xff, 0xff, 0xff, 0xff, 0xff, 0xff, 0xff, 0xff, 0xff, 0xff,
    0xff, 0xff, 0xff, 0xff, 0xff, 0xff, 0xff, 0xff, 0x37, 0x6c, 0xf2, 0x09, 0x53, 0x1a, 0x53, 0x1a, 0x53, 0x1a, 0x53, 0x1a,
    0x53, 0x1a, 0x53, 0x1a, 0x53, 0x1a, 0x53, 0x1a, 0x53, 0x1a, 0x53, 0x1a, 0x53, 0x1a, 0x53, 0x1a, 0x53, 0x1a, 0x53, 0x1a,
    0x53, 0x1a, 0x53, 0x1a, 0x53, 0x1a, 0x53, 0x1a, 0x33, 0x1a, 0x54, 0x1a, 0x84, 0x00, 0x00, 0x00, 0x00, 0x00, 0x00, 0x00,
    0x00, 0x00, 0x00, 0x00, 0x00, 0x00, 0x00, 0x00, 0x00, 0x00, 0x00, 0x00, 0x00, 0x00, 0x00, 0x00, 0x00, 0x00, 0x00, 0x00,
    0x00, 0x00, 0x00, 0x00, 0x00, 0x00, 0x00, 0x00, 0x00, 0x00, 0x00, 0x00, 0x00, 0x00, 0x00, 0x00, 0x00, 0x00, 0x00, 0x00,
    0x00, 0x00, 0x00, 0x00, 0x00, 0x00, 0x00, 0x08, 0x25, 0xc9, 0x26, 0xd9, 0x25, 0xd9, 0x25, 0xd9, 0x25, 0xd9, 0x25, 0xd9,
    0x25, 0xd9, 0x25, 0xd9, 0x25, 0xd9, 0x25, 0xd9, 0x25, 0xd9, 0x25, 0xd9, 0x25, 0xd9, 0x25, 0xd9, 0x25, 0xd9, 0x25, 0xd9,
    0x25, 0xd9, 0x25, 0xd9, 0x25, 0xd9, 0x25, 0xd9, 0x25, 0xd9, 0x25, 0xd9, 0x25, 0xd9, 0x25, 0xd9, 0x25, 0xd9, 0x46, 0xd9,
    0x05, 0xd9, 0x05, 0xd9, 0x35, 0xf5, 0xdf, 0xff, 0xff, 0xff, 0xff, 0xff, 0xff, 0xff, 0xff, 0xff, 0xff, 0xff, 0xff, 0xff,
    0xff, 0xff, 0xff, 0xff, 0xff, 0xff, 0xff, 0xff, 0xff, 0xff, 0xff, 0xff, 0xff, 0xff, 0xff, 0xff, 0xff, 0xff, 0xff, 0xff,
    0xff, 0xff, 0xff, 0xff, 0xff, 0xff, 0xff, 0xff, 0xff, 0xff, 0xff, 0xff, 0xff, 0xff, 0xff, 0xff, 0xff, 0xff, 0xff, 0xff,
    0xdf, 0xff, 0x35, 0xf5, 0x05, 0xd9, 0x05, 0xd9, 0x46, 0xd9, 0x25, 0xd9, 0x25, 0xd9, 0x25, 0xd9, 0x25, 0xd9, 0x25, 0xd9,
    0x25, 0xd9, 0x25, 0xd9, 0x25, 0xd9, 0x25, 0xd9, 0x25, 0xd9, 0x25, 0xd9, 0x25, 0xd9, 0x25, 0xd9, 0x25, 0xd9, 0x25, 0xd9,
    0x25, 0xd9, 0x25, 0xd9, 0x25, 0xd9, 0x25, 0xd9, 0x25, 0xd9, 0x25, 0xd9, 0x25, 0xd9, 0x25, 0xd9, 0x25, 0xd9, 0x46, 0xc9,
    0x32, 0x22, 0x53, 0x12, 0x53, 0x1a, 0x53, 0x1a, 0x53, 0x1a, 0x53, 0x1a, 0x53, 0x1a, 0x53, 0x1a, 0x53, 0x1a, 0x53, 0x1a,
    0x53, 0x1a, 0x53, 0x1a, 0x53, 0x1a, 0x53, 0x1a, 0x53, 0x1a, 0x53, 0x1a, 0x53, 0x1a, 0x53, 0x1a, 0x53, 0x1a, 0x53, 0x1a,
    0x53, 0x1a, 0xd2, 0x09, 0xb8, 0x7c, 0xff, 0xff, 0xff, 0xff, 0xff, 0xff, 0xff, 0xff, 0xff, 0xff, 0xff, 0xff, 0xff, 0xff,
    0xff, 0xff, 0xff, 0xff, 0xff, 0xff, 0xff, 0xff, 0xff, 0xff, 0x9a, 0x9d, 0x71, 0x01, 0x37, 0x6c, 0xff, 0xff, 0xff, 0xff,
    0xff, 0xff, 0xff, 0xff, 0xd6, 0x53, 0xb2, 0x01, 0x9c, 0xc6, 0xff, 0xff, 0xdf, 0xff, 0xff, 0xff, 0xdd, 0xd6, 0x12, 0x0a,
    0xf4, 0x32, 0xdf, 0xf7, 0xff, 0xff, 0xff, 0xff, 0xff, 0xff, 0xff, 0xff, 0xff, 0xff, 0xff, 0xff, 0xff, 0xff, 0xff, 0xff,
    0xff, 0xff, 0xff, 0xff, 0xff, 0xff, 0x1b, 0xb6, 0xf2, 0x09, 0x53, 0x1a, 0x53, 0x1a, 0x53, 0x1a, 0x53, 0x1a, 0x53, 0x1a,
    0x53, 0x1a, 0x53, 0x1a, 0x53, 0x1a, 0x53, 0x1a, 0x53, 0x1a, 0x53, 0x1a, 0x53, 0x1a, 0x53, 0x1a, 0x53, 0x1a, 0x53, 0x1a,
    0x53, 0x1a, 0x53, 0x1a, 0x53, 0x1a, 0x53, 0x1a, 0x33, 0x1a, 0x54, 0x1a, 0x84, 0x00, 0x00, 0x00, 0x00, 0x00, 0x00, 0x00,
    0x00, 0x00, 0x00, 0x00, 0x00, 0x00, 0x00, 0x00, 0x00, 0x00, 0x00, 0x00, 0x00, 0x00, 0x00, 0x00, 0x00, 0x00, 0x00, 0x00,
    0x00, 0x00, 0x00, 0x00, 0x00, 0x00, 0x00, 0x00, 0x00, 0x00, 0x00, 0x00, 0x00, 0x00, 0x00, 0x00, 0x00, 0x00, 0x00, 0x00,
    0x00, 0x00, 0x00, 0x00, 0x00, 0x00, 0x00, 0x08, 0x25, 0xc9, 0x26, 0xd9, 0x25, 0xd9, 0x25, 0xd9, 0x25, 0xd9, 0x25, 0xd9,
    0x25, 0xd9, 0x25, 0xd9, 0x25, 0xd9, 0x25, 0xd9, 0x25, 0xd9, 0x25, 0xd9, 0x25, 0xd9, 0x25, 0xd9, 0x25, 0xd9, 0x25, 0xd9,
    0x25, 0xd9, 0x25, 0xd9, 0x25, 0xd9, 0x25, 0xd9, 0x25, 0xd9, 0x25, 0xd9, 0x25, 0xd9, 0x25, 0xd9, 0x25, 0xd9, 0x25, 0xd9,
    0x46, 0xd9, 0x26, 0xd9, 0xa3, 0xd0, 0x76, 0xf5, 0xff, 0xff, 0xff, 0xff, 0xff, 0xff, 0xff, 0xff, 0xff, 0xff, 0xff, 0xff,
    0xff, 0xff, 0xff, 0xff, 0xff, 0xff, 0xff, 0xff, 0xff, 0xff, 0xff, 0xff, 0xff, 0xff, 0xff, 0xff, 0xff, 0xff, 0xff, 0xff,
    0xff, 0xff, 0xff, 0xff, 0xff, 0xff, 0xff, 0xff, 0xff, 0xff, 0xff, 0xff, 0xff, 0xff, 0xff, 0xff, 0xff, 0xff, 0xff, 0xff,
    0x76, 0xf5, 0xa3, 0xd0, 0x26, 0xd9, 0x46, 0xd9, 0x25, 0xd9, 0x25, 0xd9, 0x25, 0xd9, 0x25, 0xd9, 0x25, 0xd9, 0x25, 0xd9,
    0x25, 0xd9, 0x25, 0xd9, 0x25, 0xd9, 0x25, 0xd9, 0x25, 0xd9, 0x25, 0xd9, 0x25, 0xd9, 0x25, 0xd9, 0x25, 0xd9, 0x25, 0xd9,
    0x25, 0xd9, 0x25, 0xd9, 0x25, 0xd9, 0x25, 0xd9, 0x25, 0xd9, 0x25, 0xd9, 0x25, 0xd9, 0x25, 0xd9, 0x25, 0xd9, 0x46, 0xc9,
    0x32, 0x22, 0x53, 0x12, 0x53, 0x1a, 0x53, 0x1a, 0x53, 0x1a, 0x53, 0x1a, 0x53, 0x1a, 0x53, 0x1a, 0x53, 0x1a, 0x53, 0x1a,
    0x53, 0x1a, 0x53, 0x1a, 0x53, 0x1a, 0x53, 0x1a, 0x53, 0x1a, 0x53, 0x1a, 0x53, 0x1a, 0x53, 0x1a, 0x53, 0x1a, 0x53, 0x1a,
    0x53, 0x1a, 0x53, 0x1a, 0x12, 0x12, 0x7c, 0xc6, 0xff, 0xff, 0xff, 0xff, 0xff, 0xff, 0xff, 0xff, 0xff, 0xff, 0xff, 0xff,
    0xff, 0xff, 0xff, 0xff, 0xff, 0xff, 0xff, 0xff, 0xff, 0xff, 0xdd, 0xd6, 0x12, 0x0a, 0xf4, 0x32, 0xdf, 0xf7, 0xff, 0xff,
    0xff, 0xff, 0xff, 0xff, 0xd6, 0x53, 0xb2, 0x01, 0x9c, 0xc6, 0xff, 0xff, 0xdf, 0xff, 0xff, 0xff, 0x9a, 0x9d, 0x71, 0x01,
    0x37, 0x6c, 0xff, 0xff, 0xff, 0xff, 0xff, 0xff, 0xff, 0xff, 0xff, 0xff, 0xff, 0xff, 0xff, 0xff, 0xff, 0xff, 0xff, 0xff,
    0xff, 0xff, 0xff, 0xff, 0x7e, 0xef, 0xb4, 0x2a, 0x33, 0x12, 0x53, 0x1a, 0x53, 0x1a, 0x53, 0x1a, 0x53, 0x1a, 0x53, 0x1a,
    0x53, 0x1a, 0x53, 0x1a, 0x53, 0x1a, 0x53, 0x1a, 0x53, 0x1a, 0x53, 0x1a, 0x53, 0x1a, 0x53, 0x1a, 0x53, 0x1a, 0x53, 0x1a,
    0x53, 0x1a, 0x53, 0x1a, 0x53, 0x1a, 0x53, 0x1a, 0x33, 0x1a, 0x54, 0x1a, 0x84, 0x00, 0x00, 0x00, 0x00, 0x00, 0x00, 0x00,
    0x00, 0x00, 0x00, 0x00, 0x00, 0x00, 0x00, 0x00, 0x00, 0x00, 0x00, 0x00, 0x00, 0x00, 0x00, 0x00, 0x00, 0x00, 0x00, 0x00,
    0x00, 0x00, 0x00, 0x00, 0x00, 0x00, 0x00, 0x00, 0x00, 0x00, 0x00, 0x00, 0x00, 0x00, 0x00, 0x00, 0x00, 0x00, 0x00, 0x00,
    0x00, 0x00, 0x00, 0x00, 0x00, 0x00, 0x00, 0x08, 0x25, 0xc9, 0x26, 0xd9, 0x25, 0xd9, 0x25, 0xd9, 0x25, 0xd9, 0x25, 0xd9,
    0x25, 0xd9, 0x25, 0xd9, 0x25, 0xd9, 0x25, 0xd9, 0x25, 0xd9, 0x25, 0xd9, 0x25, 0xd9, 0x25, 0xd9, 0x25, 0xd9, 0x25, 0xd9,
    0x25, 0xd9, 0x25, 0xd9, 0x25, 0xd9, 0x25, 0xd9, 0x25, 0xd9, 0x25, 0xd9, 0x25, 0xd9, 0x25, 0xd9, 0x25, 0xd9, 0x25, 0xd9,
    0x25, 0xd9, 0x46, 0xd9, 0x05, 0xd9, 0x7a, 0xf6, 0xff, 0xff, 0xff, 0xff, 0xff, 0xff, 0xff, 0xff, 0xff, 0xff, 0xff, 0xff,
    0xff, 0xff, 0xff, 0xff, 0xff, 0xff, 0xff, 0xff, 0xff, 0xff, 0xff, 0xff, 0xff, 0xff, 0xff, 0xff, 0xff, 0xff, 0xff, 0xff,
    0xff, 0xff, 0xff, 0xff, 0xff, 0xff, 0xff, 0xff, 0xff, 0xff, 0xff, 0xff, 0xff, 0xff, 0xff, 0xff, 0xff, 0xff, 0xff, 0xff,
    0x7a, 0xf6, 0x05, 0xd9, 0x46, 0xd9, 0x25, 0xd9, 0x25, 0xd9, 0x25, 0xd9, 0x25, 0xd9, 0x25, 0xd9, 0x25, 0xd9, 0x25, 0xd9,
    0x25, 0xd9, 0x25, 0xd9, 0x25, 0xd9, 0x25, 0xd9, 0x25, 0xd9, 0x25, 0xd9, 0x25, 0xd9, 0x25, 0xd9, 0x25, 0xd9, 0x25, 0xd9,
    0x25, 0xd9, 0x25, 0xd9, 0x25, 0xd9, 0x25, 0xd9, 0x25, 0xd9, 0x25, 0xd9, 0x25, 0xd9, 0x25, 0xd9, 0x25, 0xd9, 0x46, 0xc9,
    0x32, 0x22, 0x53, 0x12, 0x53, 0x1a, 0x53, 0x1a, 0x53, 0x1a, 0x53, 0x1a, 0x53, 0x1a, 0x53, 0x1a, 0x53, 0x1a, 0x53, 0x1a,
    0x53, 0x1a, 0x53, 0x1a, 0x53, 0x1a, 0x53, 0x1a, 0x53, 0x1a, 0x53, 0x1a, 0x53, 0x1a, 0x53, 0x1a, 0x53, 0x1a, 0x53, 0x1a,
    0x53, 0x1a, 0x53, 0x1a, 0x12, 0x12, 0xf4, 0x32, 0xbf, 0xf7, 0xff, 0xff, 0xff, 0xff, 0xff, 0xff, 0xff, 0xff, 0xff, 0xff,
    0xff, 0xff, 0xff, 0xff, 0xff, 0xff, 0xff, 0xff, 0xff, 0xff, 0xbf, 0xf7, 0xb4, 0x2a, 0x33, 0x12, 0x3e, 0xdf, 0xff, 0xff,
    0xff, 0xff, 0xff, 0xff, 0xd6, 0x53, 0xb2, 0x01, 0x9c, 0xc6, 0xff, 0xff, 0xdf, 0xff, 0xff, 0xff, 0x98, 0x74, 0x71, 0x01,
    0x5a, 0x95, 0xff, 0xff, 0xff, 0xff, 0xff, 0xff, 0xff, 0xff, 0xff, 0xff, 0xff, 0xff, 0xff, 0xff, 0xff, 0xff, 0xff, 0xff,
    0xff, 0xff, 0xff, 0xff, 0x37, 0x6c, 0xf2, 0x09, 0x53, 0x1a, 0x53, 0x1a, 0x53, 0x1a, 0x53, 0x1a, 0x53, 0x1a, 0x53, 0x1a,
    0x53, 0x1a, 0x53, 0x1a, 0x53, 0x1a, 0x53, 0x1a, 0x53, 0x1a, 0x53, 0x1a, 0x53, 0x1a, 0x53, 0x1a, 0x53, 0x1a, 0x53, 0x1a,
    0x53, 0x1a, 0x53, 0x1a, 0x53, 0x1a, 0x53, 0x1a, 0x33, 0x1a, 0x54, 0x1a, 0x84, 0x00, 0x00, 0x00, 0x00, 0x00, 0x00, 0x00,
    0x00, 0x00, 0x00, 0x00, 0x00, 0x00, 0x00, 0x00, 0x00, 0x00, 0x00, 0x00, 0x00, 0x00, 0x00, 0x00, 0x00, 0x00, 0x00, 0x00,
    0x00, 0x00, 0x00, 0x00, 0x00, 0x00, 0x00, 0x00, 0x00, 0x00, 0x00, 0x00, 0x00, 0x00, 0x00, 0x00, 0x00, 0x00, 0x00, 0x00,
    0x00, 0x00, 0x00, 0x00, 0x00, 0x00, 0x00, 0x08, 0x25, 0xc9, 0x26, 0xd9, 0x25, 0xd9, 0x25, 0xd9, 0x25, 0xd9, 0x25, 0xd9,
    0x25, 0xd9, 0x25, 0xd9, 0x25, 0xd9, 0x25, 0xd9, 0x25, 0xd9, 0x25, 0xd9, 0x25, 0xd9, 0x25, 0xd9, 0x25, 0xd9, 0x25, 0xd9,
    0x25, 0xd9, 0x25, 0xd9, 0x25, 0xd9, 0x25, 0xd9, 0x25, 0xd9, 0x25, 0xd9, 0x25, 0xd9, 0x25, 0xd9, 0x25, 0xd9, 0x25, 0xd9,
    0x46, 0xd9, 0xe5, 0xd8, 0x29, 0xda, 0xdf, 0xff, 0xff, 0xff, 0xff, 0xff, 0xff, 0xff, 0xff, 0xff, 0xff, 0xff, 0xff, 0xff,
    0xff, 0xff, 0xff, 0xff, 0xff, 0xff, 0xff, 0xff, 0xff, 0xff, 0xff, 0xff, 0xff, 0xff, 0xff, 0xff, 0xff, 0xff, 0xff, 0xff,
    0xff, 0xff, 0xff, 0xff, 0xff, 0xff, 0xff, 0xff, 0xff, 0xff, 0xff, 0xff, 0xff, 0xff, 0xff, 0xff, 0xff, 0xff, 0xff, 0xff,
    0xdf, 0xff, 0x29, 0xda, 0xe5, 0xd8, 0x46, 0xd9, 0x25, 0xd9, 0x25, 0xd9, 0x25, 0xd9, 0x25, 0xd9, 0x25, 0xd9, 0x25, 0xd9,
    0x25, 0xd9, 0x25, 0xd9, 0x25, 0xd9, 0x25, 0xd9, 0x25, 0xd9, 0x25, 0xd9, 0x25, 0xd9, 0x25, 0xd9, 0x25, 0xd9, 0x25, 0xd9,
    0x25, 0xd9, 0x25, 0xd9, 0x25, 0xd9, 0x25, 0xd9, 0x25, 0xd9, 0x25, 0xd9, 0x25, 0xd9, 0x25, 0xd9, 0x25, 0xd9, 0x46, 0xc9,
    0x32, 0x22, 0x53, 0x12, 0x53, 0x1a, 0x53, 0x1a, 0x53, 0x1a, 0x53, 0x1a, 0x53, 0x1a, 0x53, 0x1a, 0x53, 0x1a, 0x53, 0x1a,
    0x53, 0x1a, 0x53, 0x1a, 0x53, 0x1a, 0x53, 0x1a, 0x53, 0x1a, 0x53, 0x1a, 0x53, 0x1a, 0x53, 0x1a, 0x53, 0x1a, 0x53, 0x1a,
    0x53, 0x1a, 0x53, 0x1a, 0x53, 0x1a, 0xd2, 0x09, 0xb8, 0x7c, 0xff, 0xff, 0xff, 0xff, 0xff, 0xff, 0xff, 0xff, 0xff, 0xff,
    0xff, 0xff, 0xff, 0xff, 0xff, 0xff, 0xff, 0xff, 0xff, 0xff, 0xff, 0xff, 0xb6, 0x53, 0xb1, 0x01, 0x3c, 0xbe, 0xff, 0xff,
    0xdf, 0xff, 0xff, 0xff, 0xd6, 0x53, 0xb2, 0x01, 0x9c, 0xc6, 0xff, 0xff, 0xff, 0xff, 0xff, 0xff, 0x75, 0x4b, 0xb2, 0x01,
    0x7c, 0xc6, 0xff, 0xff, 0xff, 0xff, 0xff, 0xff, 0xff, 0xff, 0xff, 0xff, 0xff, 0xff, 0xff, 0xff, 0xff, 0xff, 0xff, 0xff,
    0xff, 0xff, 0x1b, 0xb6, 0xf2, 0x09, 0x53, 0x1a, 0x53, 0x1a, 0x53, 0x1a, 0x53, 0x1a, 0x53, 0x1a, 0x53, 0x1a, 0x53, 0x1a,
    0x53, 0x1a, 0x53, 0x1a, 0x53, 0x1a, 0x53, 0x1a, 0x53, 0x1a, 0x53, 0x1a, 0x53, 0x1a, 0x53, 0x1a, 0x53, 0x1a, 0x53, 0x1a,
    0x53, 0x1a, 0x53, 0x1a, 0x53, 0x1a, 0x53, 0x1a, 0x33, 0x1a, 0x54, 0x1a, 0x84, 0x00, 0x00, 0x00, 0x00, 0x00, 0x00, 0x00,
    0x00, 0x00, 0x00, 0x00, 0x00, 0x00, 0x00, 0x00, 0x00, 0x00, 0x00, 0x00, 0x00, 0x00, 0x00, 0x00, 0x00, 0x00, 0x00, 0x00,
    0x00, 0x00, 0x00, 0x00, 0x00, 0x00, 0x00, 0x00, 0x00, 0x00, 0x00, 0x00, 0x00, 0x00, 0x00, 0x00, 0x00, 0x00, 0x00, 0x00,
    0x00, 0x00, 0x00, 0x00, 0x00, 0x00, 0x00, 0x08, 0x25, 0xc9, 0x26, 0xd9, 0x25, 0xd9, 0x25, 0xd9, 0x25, 0xd9, 0x25, 0xd9,
    0x25, 0xd9, 0x25, 0xd9, 0x25, 0xd9, 0x25, 0xd9, 0x25, 0xd9, 0x25, 0xd9, 0x25, 0xd9, 0x25, 0xd9, 0x25, 0xd9, 0x25, 0xd9,
    0x25, 0xd9, 0x25, 0xd9, 0x25, 0xd9, 0x25, 0xd9, 0x25, 0xd9, 0x25, 0xd9, 0x25, 0xd9, 0x25, 0xd9, 0x25, 0xd9, 0x25, 0xd9,
    0x46, 0xd9, 0xa4, 0xd0, 0xcf, 0xeb, 0xff, 0xff, 0xff, 0xff, 0xff, 0xff, 0xff, 0xff, 0xff, 0xff, 0xff, 0xff, 0xff, 0xff,
    0xff, 0xff, 0xff, 0xff, 0xff, 0xff, 0xff, 0xff, 0xff, 0xff, 0xff, 0xff, 0xff, 0xff, 0xff, 0xff, 0xff, 0xff, 0xff, 0xff,
    0xff, 0xff, 0xff, 0xff, 0xff, 0xff, 0xff, 0xff, 0xff, 0xff, 0xff, 0xff, 0xff, 0xff, 0xff, 0xff, 0xff, 0xff, 0xff, 0xff,
    0xff, 0xff, 0xcf, 0xeb, 0xa4, 0xd0, 0x46, 0xd9, 0x25, 0xd9, 0x25, 0xd9, 0x25, 0xd9, 0x25, 0xd9, 0x25, 0xd9, 0x25, 0xd9,
    0x25, 0xd9, 0x25, 0xd9, 0x25, 0xd9, 0x25, 0xd9, 0x25, 0xd9, 0x25, 0xd9, 0x25, 0xd9, 0x25, 0xd9, 0x25, 0xd9, 0x25, 0xd9,
    0x25, 0xd9, 0x25, 0xd9, 0x25, 0xd9, 0x25, 0xd9, 0x25, 0xd9, 0x25, 0xd9, 0x25, 0xd9, 0x25, 0xd9, 0x25, 0xd9, 0x46, 0xc9,
    0x32, 0x22, 0x53, 0x12, 0x53, 0x1a, 0x53, 0x1a, 0x53, 0x1a, 0x53, 0x1a, 0x53, 0x1a, 0x53, 0x1a, 0x53, 0x1a, 0x53, 0x1a,
    0x53, 0x1a, 0x53, 0x1a, 0x53, 0x1a, 0x53, 0x1a, 0x53, 0x1a, 0x53, 0x1a, 0x53, 0x1a, 0x53, 0x1a, 0x53, 0x1a, 0x53, 0x1a,
    0x53, 0x1a, 0x53, 0x1a, 0x53, 0x1a, 0x53, 0x1a, 0x12, 0x12, 0x7c, 0xc6, 0xff, 0xff, 0xff, 0xff, 0xff, 0xff, 0xff, 0xff,
    0xff, 0xff, 0xff, 0xff, 0xff, 0xff, 0xff, 0xff, 0xff, 0xff, 0xff, 0xff, 0xd8, 0x84, 0x71, 0x01, 0xd8, 0x84, 0xff, 0xff,
    0xdf, 0xff, 0xff, 0xff, 0xd6, 0x53, 0xb2, 0x01, 0x9c, 0xc6, 0xff, 0xff, 0xff, 0xff, 0x5e, 0xe7, 0x73, 0x22, 0x73, 0x22,
    0x5e, 0xe7, 0xff, 0xff, 0xff, 0xff, 0xff, 0xff, 0xff, 0xff, 0xff, 0xff, 0xff, 0xff, 0xff, 0xff, 0xff, 0xff, 0xff, 0xff,
    0x7e, 0xef, 0xb4, 0x2a, 0x33, 0x12, 0x53, 0x1a, 0x53, 0x1a, 0x53, 0x1a, 0x53, 0x1a, 0x53, 0x1a, 0x53, 0x1a, 0x53, 0x1a,
    0x53, 0x1a, 0x53, 0x1a, 0x53, 0x1a, 0x53, 0x1a, 0x53, 0x1a, 0x53, 0x1a, 0x53, 0x1a, 0x53, 0x1a, 0x53, 0x1a, 0x53, 0x1a,
    0x53, 0x1a, 0x53, 0x1a, 0x53, 0x1a, 0x53, 0x1a, 0x33, 0x1a, 0x54, 0x1a, 0x84, 0x00, 0x00, 0x00, 0x00, 0x00, 0x00, 0x00,
    0x00, 0x00, 0x00, 0x00, 0x00, 0x00, 0x00, 0x00, 0x00, 0x00, 0x00, 0x00, 0x00, 0x00, 0x00, 0x00, 0x00, 0x00, 0x00, 0x00,
    0x00, 0x00, 0x00, 0x00, 0x00, 0x00, 0x00, 0x00, 0x00, 0x00, 0x00, 0x00, 0x00, 0x00, 0x00, 0x00, 0x00, 0x00, 0x00, 0x00,
    0x00, 0x00, 0x00, 0x00, 0x00, 0x00, 0x00, 0x08, 0x25, 0xc9, 0x26, 0xd9, 0x25, 0xd9, 0x25, 0xd9, 0x25, 0xd9, 0x25, 0xd9,
    0x25, 0xd9, 0x25, 0xd9, 0x25, 0xd9, 0x25, 0xd9, 0x25, 0xd9, 0x25, 0xd9, 0x25, 0xd9, 0x25, 0xd9, 0x25, 0xd9, 0x25, 0xd9,
    0x25, 0xd9, 0x25, 0xd9, 0x25, 0xd9, 0x25, 0xd9, 0x25, 0xd9, 0x25, 0xd9, 0x25, 0xd9, 0x25, 0xd9, 0x25, 0xd9, 0x25, 0xd9,
    0x46, 0xd9, 0xc4, 0xd0, 0x76, 0xf5, 0xff, 0xff, 0xdf, 0xff, 0xff, 0xff, 0xff, 0xff, 0xff, 0xff, 0xff, 0xff, 0xff, 0xff,
    0xff, 0xff, 0xff, 0xff, 0xff, 0xff, 0xff, 0xff, 0xff, 0xff, 0xff, 0xff, 0xff, 0xff, 0xff, 0xff, 0xff, 0xff, 0xff, 0xff,
    0xff, 0xff, 0xff, 0xff, 0xff, 0xff, 0xff, 0xff, 0xff, 0xff, 0xff, 0xff, 0xff, 0xff, 0xff, 0xff, 0xff, 0xff, 0xdf, 0xff,
    0xff, 0xff, 0x76, 0xf5, 0xc4, 0xd0, 0x46, 0xd9, 0x25, 0xd9, 0x25, 0xd9, 0x25, 0xd9, 0x25, 0xd9, 0x25, 0xd9, 0x25, 0xd9,
    0x25, 0xd9, 0x25, 0xd9, 0x25, 0xd9, 0x25, 0xd9, 0x25, 0xd9, 0x25, 0xd9, 0x25, 0xd9, 0x25, 0xd9, 0x25, 0xd9, 0x25, 0xd9,
    0x25, 0xd9, 0x25, 0xd9, 0x25, 0xd9, 0x25, 0xd9, 0x25, 0xd9, 0x25, 0xd9, 0x25, 0xd9, 0x25, 0xd9, 0x25, 0xd9, 0x46, 0xc9,
    0x32, 0x22, 0x53, 0x12, 0x53, 0x1a, 0x53, 0x1a, 0x53, 0x1a, 0x53, 0x1a, 0x53, 0x1a, 0x53, 0x1a, 0x53, 0x1a, 0x53, 0x1a,
    0x53, 0x1a, 0x53, 0x1a, 0x53, 0x1a, 0x53, 0x1a, 0x53, 0x1a, 0x53, 0x1a, 0x53, 0x1a, 0x53, 0x1a, 0x53, 0x1a, 0x53, 0x1a,
    0x53, 0x1a, 0x53, 0x1a, 0x53, 0x1a, 0x53, 0x1a, 0x12, 0x12, 0xf4, 0x32, 0xbf, 0xf7, 0xff, 0xff, 0xff, 0xff, 0xff, 0xff,
    0xff, 0xff, 0xff, 0xff, 0xff, 0xff, 0xff, 0xff, 0xff, 0xff, 0xff, 0xff, 0x3c, 0xbe, 0xb1, 0x01, 0xb6, 0x53, 0xff, 0xff,
    0xff, 0xff, 0xff, 0xff, 0xd6, 0x53, 0xb2, 0x01, 0x9c, 0xc6, 0xff, 0xff, 0xff, 0xff, 0x7c, 0xc6, 0xb2, 0x01, 0x75, 0x4b,
    0xff, 0xff, 0xff, 0xff, 0xff, 0xff, 0xff, 0xff, 0xff, 0xff, 0xff, 0xff, 0xff, 0xff, 0xff, 0xff, 0xff, 0xff, 0xff, 0xff,
    0x37, 0x6c, 0xf2, 0x09, 0x53, 0x1a, 0x53, 0x1a, 0x53, 0x1a, 0x53, 0x1a, 0x53, 0x1a, 0x53, 0x1a, 0x53, 0x1a, 0x53, 0x1a,
    0x53, 0x1a, 0x53, 0x1a, 0x53, 0x1a, 0x53, 0x1a, 0x53, 0x1a, 0x53, 0x1a, 0x53, 0x1a, 0x53, 0x1a, 0x53, 0x1a, 0x53, 0x1a,
    0x53, 0x1a, 0x53, 0x1a, 0x53, 0x1a, 0x53, 0x1a, 0x33, 0x1a, 0x54, 0x1a, 0x84, 0x00, 0x00, 0x00, 0x00, 0x00, 0x00, 0x00,
    0x00, 0x00, 0x00, 0x00, 0x00, 0x00, 0x00, 0x00, 0x00, 0x00, 0x00, 0x00, 0x00, 0x00, 0x00, 0x00, 0x00, 0x00, 0x00, 0x00,
    0x00, 0x00, 0x00, 0x00, 0x00, 0x00, 0x00, 0x00, 0x00, 0x00, 0x00, 0x00, 0x00, 0x00, 0x00, 0x00, 0x00, 0x00, 0x00, 0x00,
    0x00, 0x00, 0x00, 0x00, 0x00, 0x00, 0x00, 0x08, 0x25, 0xc9, 0x26, 0xd9, 0x25, 0xd9, 0x25, 0xd9, 0x25, 0xd9, 0x25, 0xd9,
    0x25, 0xd9, 0x25, 0xd9, 0x25, 0xd9, 0x25, 0xd9, 0x25, 0xd9, 0x25, 0xd9, 0x25, 0xd9, 0x25, 0xd9, 0x25, 0xd9, 0x25, 0xd9,
    0x25, 0xd9, 0x25, 0xd9, 0x25, 0xd9, 0x25, 0xd9, 0x25, 0xd9, 0x25, 0xd9, 0x25, 0xd9, 0x25, 0xd9, 0x25, 0xd9, 0x26, 0xd9,
    0x25, 0xd9, 0x66, 0xd9, 0x5d, 0xff, 0xff, 0xff, 0xff, 0xff, 0xff, 0xff, 0xff, 0xff, 0xff, 0xff, 0xff, 0xff, 0xff, 0xff,
    0xff, 0xff, 0xff, 0xff, 0xff, 0xff, 0xff, 0xff, 0xff, 0xff, 0xff, 0xff, 0xff, 0xff, 0xff, 0xff, 0xff, 0xff, 0xff, 0xff,
    0xff, 0xff, 0xff, 0xff, 0xff, 0xff, 0xff, 0xff, 0xff, 0xff, 0xff, 0xff, 0xff, 0xff, 0xff, 0xff, 0xff, 0xff, 0xff, 0xff,
    0xff, 0xff, 0x5d, 0xff, 0x66, 0xd9, 0x25, 0xd9, 0x26, 0xd9, 0x25, 0xd9, 0x25, 0xd9, 0x25, 0xd9, 0x25, 0xd9, 0x25, 0xd9,
    0x25, 0xd9, 0x25, 0xd9, 0x25, 0xd9, 0x25, 0xd9, 0x25, 0xd9, 0x25, 0xd9, 0x25, 0xd9, 0x25, 0xd9, 0x25, 0xd9, 0x25, 0xd9,
    0x25, 0xd9, 0x25, 0xd9, 0x25, 0xd9, 0x25, 0xd9, 0x25, 0xd9, 0x25, 0xd9, 0x25, 0xd9, 0x25, 0xd9, 0x25, 0xd9, 0x46, 0xc9,
    0x32, 0x22, 0x53, 0x12, 0x53, 0x1a, 0x53, 0x1a, 0x53, 0x1a, 0x53, 0x1a, 0x53, 0x1a, 0x53, 0x1a, 0x53, 0x1a, 0x53, 0x1a,
    0x53, 0x1a, 0x53, 0x1a, 0x53, 0x1a, 0x53, 0x1a, 0x53, 0x1a, 0x53, 0x1a, 0x53, 0x1a, 0x53, 0x1a, 0x53, 0x1a, 0x53, 0x1a,
    0x53, 0x1a, 0x53, 0x1a, 0x53, 0x1a, 0x53, 0x1a, 0x53, 0x1a, 0xd2, 0x09, 0xb8, 0x7c, 0xff, 0xff, 0xff, 0xff, 0xff, 0xff,
    0xff, 0xff, 0xff, 0xff, 0xff, 0xff, 0xff, 0xff, 0xff, 0xff, 0xff, 0xff, 0x1e, 0xdf, 0x33, 0x12, 0xb4, 0x2a, 0x9e, 0xef,
    0xff, 0xff, 0xff, 0xff, 0xd6, 0x53, 0xb2, 0x01, 0x9c, 0xc6, 0xff, 0xff, 0xff, 0xff, 0x39, 0x95, 0x71, 0x01, 0x78, 0x74,
    0xff, 0xff, 0xff, 0xff, 0xff, 0xff, 0xff, 0xff, 0xff, 0xff, 0xff, 0xff, 0xff, 0xff, 0xff, 0xff, 0xff, 0xff, 0x1b, 0xb6,
    0xf2, 0x09, 0x53, 0x1a, 0x53, 0x1a, 0x53, 0x1a, 0x53, 0x1a, 0x53, 0x1a, 0x53, 0x1a, 0x53, 0x1a, 0x53, 0x1a, 0x53, 0x1a,
    0x53, 0x1a, 0x53, 0x1a, 0x53, 0x1a, 0x53, 0x1a, 0x53, 0x1a, 0x53, 0x1a, 0x53, 0x1a, 0x53, 0x1a, 0x53, 0x1a, 0x53, 0x1a,
    0x53, 0x1a, 0x53, 0x1a, 0x53, 0x1a, 0x53, 0x1a, 0x33, 0x1a, 0x54, 0x1a, 0x84, 0x00, 0x00, 0x00, 0x00, 0x00, 0x00, 0x00,
    0x00, 0x00, 0x00, 0x00, 0x00, 0x00, 0x00, 0x00, 0x00, 0x00, 0x00, 0x00, 0x00, 0x00, 0x00, 0x00, 0x00, 0x00, 0x00, 0x00,
    0x00, 0x00, 0x00, 0x00, 0x00, 0x00, 0x00, 0x00, 0x00, 0x00, 0x00, 0x00, 0x00, 0x00, 0x00, 0x00, 0x00, 0x00, 0x00, 0x00,
    0x00, 0x00, 0x00, 0x00, 0x00, 0x00, 0x00, 0x08, 0x25, 0xc9, 0x26, 0xd9, 0x25, 0xd9, 0x25, 0xd9, 0x25, 0xd9, 0x25, 0xd9,
    0x25, 0xd9, 0x25, 0xd9, 0x25, 0xd9, 0x25, 0xd9, 0x25, 0xd9, 0x25, 0xd9, 0x25, 0xd9, 0x25, 0xd9, 0x25, 0xd9, 0x25, 0xd9,
    0x25, 0xd9, 0x25, 0xd9, 0x25, 0xd9, 0x25, 0xd9, 0x25, 0xd9, 0x25, 0xd9, 0x25, 0xd9, 0x25, 0xd9, 0x25, 0xd9, 0x46, 0xd9,
    0xe4, 0xd8, 0xab, 0xe2, 0xff, 0xff, 0xff, 0xff, 0xff, 0xff, 0xff, 0xff, 0xff, 0xff, 0xff, 0xff, 0xff, 0xff, 0xff, 0xff,
    0xff, 0xff, 0xff, 0xff, 0xff, 0xff, 0xff, 0xff, 0xff, 0xff, 0xff, 0xff, 0xff, 0xff, 0xff, 0xff, 0xff, 0xff, 0xff, 0xff,
    0xff, 0xff, 0xff, 0xff, 0xff, 0xff, 0xff, 0xff, 0xff, 0xff, 0xff, 0xff, 0xff, 0xff, 0xff, 0xff, 0xff, 0xff, 0xff, 0xff,
    0xff, 0xff, 0xff, 0xff, 0xab, 0xe2, 0xe4, 0xd8, 0x46, 0xd9, 0x25, 0xd9, 0x25, 0xd9, 0x25, 0xd9, 0x25, 0xd9, 0x25, 0xd9,
    0x25, 0xd9, 0x25, 0xd9, 0x25, 0xd9, 0x25, 0xd9, 0x25, 0xd9, 0x25, 0xd9, 0x25, 0xd9, 0x25, 0xd9, 0x25, 0xd9, 0x25, 0xd9,
    0x25, 0xd9, 0x25, 0xd9, 0x25, 0xd9, 0x25, 0xd9, 0x25, 0xd9, 0x25, 0xd9, 0x25, 0xd9, 0x25, 0xd9, 0x25, 0xd9, 0x46, 0xc9,
    0x32, 0x22, 0x53, 0x12, 0x53, 0x1a, 0x53, 0x1a, 0x53, 0x1a, 0x53, 0x1a, 0x53, 0x1a, 0x53, 0x1a, 0x53, 0x1a, 0x53, 0x1a,
    0x53, 0x1a, 0x53, 0x1a, 0x53, 0x1a, 0x53, 0x1a, 0x53, 0x1a, 0x53, 0x1a, 0x53, 0x1a, 0x53, 0x1a, 0x53, 0x1a, 0x53, 0x1a,
    0x53, 0x1a, 0x53, 0x1a, 0x53, 0x1a, 0x53, 0x1a, 0x53, 0x1a, 0x53, 0x1a, 0x12, 0x12, 0x7c, 0xc6, 0xff, 0xff, 0xff, 0xff,
    0xff, 0xff, 0xff, 0xff, 0xff, 0xff, 0xff, 0xff, 0xff, 0xff, 0xff, 0xff, 0xdf, 0xff, 0x35, 0x43, 0xd2, 0x09, 0xbd, 0xce,
    0xff, 0xff, 0xff, 0xff, 0xd6, 0x53, 0xb2, 0x01, 0x9c, 0xc6, 0xff, 0xff, 0xff, 0xff, 0xf6, 0x5b, 0x91, 0x01, 0xfb, 0xad,
    0xff, 0xff, 0xff, 0xff, 0xff, 0xff, 0xff, 0xff, 0xff, 0xff, 0xff, 0xff, 0xff, 0xff, 0xff, 0xff, 0x7e, 0xef, 0xb4, 0x2a,
    0x33, 0x12, 0x53, 0x1a, 0x53, 0x1a, 0x53, 0x1a, 0x53, 0x1a, 0x53, 0x1a, 0x53, 0x1a, 0x53, 0x1a, 0x53, 0x1a, 0x53, 0x1a,
    0x53, 0x1a, 0x53, 0x1a, 0x53, 0x1a, 0x53, 0x1a, 0x53, 0x1a, 0x53, 0x1a, 0x53, 0x1a, 0x53, 0x1a, 0x53, 0x1a, 0x53, 0x1a,
    0x53, 0x1a, 0x53, 0x1a, 0x53, 0x1a, 0x53, 0x1a, 0x33, 0x1a, 0x54, 0x1a, 0x84, 0x00, 0x00, 0x00, 0x00, 0x00, 0x00, 0x00,
    0x00, 0x00, 0x00, 0x00, 0x00, 0x00, 0x00, 0x00, 0x00, 0x00, 0x00, 0x00, 0x00, 0x00, 0x00, 0x00, 0x00, 0x00, 0x00, 0x00,
    0x00, 0x00, 0x00, 0x00, 0x00, 0x00, 0x00, 0x00, 0x00, 0x00, 0x00, 0x00, 0x00, 0x00, 0x00, 0x00, 0x00, 0x00, 0x00, 0x00,
    0x00, 0x00, 0x00, 0x00, 0x00, 0x00, 0x00, 0x08, 0x25, 0xc9, 0x26, 0xd9, 0x25, 0xd9, 0x25, 0xd9, 0x25, 0xd9, 0x25, 0xd9,
    0x25, 0xd9, 0x25, 0xd9, 0x25, 0xd9, 0x25, 0xd9, 0x25, 0xd9, 0x25, 0xd9, 0x25, 0xd9, 0x25, 0xd9, 0x25, 0xd9, 0x25, 0xd9,
    0x25, 0xd9, 0x25, 0xd9, 0x25, 0xd9, 0x25, 0xd9, 0x25, 0xd9, 0x25, 0xd9, 0x25, 0xd9, 0x25, 0xd9, 0x25, 0xd9, 0x46, 0xd9,
    0xa3, 0xd0, 0x92, 0xec, 0xff, 0xff, 0xdf, 0xff, 0xff, 0xff, 0xff, 0xff, 0xff, 0xff, 0xff, 0xff, 0xff, 0xff, 0xff, 0xff,
    0xff, 0xff, 0xff, 0xff, 0xff, 0xff, 0xff, 0xff, 0xff, 0xff, 0xff, 0xff, 0xff, 0xff, 0xff, 0xff, 0xff, 0xff, 0xff, 0xff,
    0xff, 0xff, 0xff, 0xff, 0xff, 0xff, 0xff, 0xff, 0xff, 0xff, 0xff, 0xff, 0xff, 0xff, 0xff, 0xff, 0xff, 0xff, 0xff, 0xff,
    0xdf, 0xff, 0xff, 0xff, 0x92, 0xec, 0xa3, 0xd0, 0x46, 0xd9, 0x25, 0xd9, 0x25, 0xd9, 0x25, 0xd9, 0x25, 0xd9, 0x25, 0xd9,
    0x25, 0xd9, 0x25, 0xd9, 0x25, 0xd9, 0x25, 0xd9, 0x25, 0xd9, 0x25, 0xd9, 0x25, 0xd9, 0x25, 0xd9, 0x25, 0xd9, 0x25, 0xd9,
    0x25, 0xd9, 0x25, 0xd9, 0x25, 0xd9, 0x25, 0xd9, 0x25, 0xd9, 0x25, 0xd9, 0x25, 0xd9, 0x25, 0xd9, 0x25, 0xd9, 0x46, 0xc9,
    0x32, 0x22, 0x53, 0x12, 0x53, 0x1a, 0x53, 0x1a, 0x53, 0x1a, 0x53, 0x1a, 0x53, 0x1a, 0x53, 0x1a, 0x53, 0x1a, 0x53, 0x1a,
    0x53, 0x1a, 0x53, 0x1a, 0x53, 0x1a, 0x53, 0x1a, 0x53, 0x1a, 0x53, 0x1a, 0x53, 0x1a, 0x53, 0x1a, 0x53, 0x1a, 0x53, 0x1a,
    0x53, 0x1a, 0x53, 0x1a, 0x53, 0x1a, 0x53, 0x1a, 0x53, 0x1a, 0x53, 0x1a, 0x12, 0x12, 0xf4, 0x32, 0xbf, 0xf7, 0xff, 0xff,
    0xff, 0xff, 0xff, 0xff, 0xff, 0xff, 0xff, 0xff, 0xff, 0xff, 0xff, 0xff, 0xff, 0xff, 0x37, 0x6c, 0x91, 0x01, 0xba, 0xa5,
    0xff, 0xff, 0xff, 0xff, 0xd6, 0x53, 0xb2, 0x01, 0x9c, 0xc6, 0xff, 0xff, 0xbf, 0xf7, 0xf4, 0x32, 0x12, 0x0a, 0xfd, 0xd6,
    0xff, 0xff, 0xff, 0xff, 0xff, 0xff, 0xff, 0xff, 0xff, 0xff, 0xff, 0xff, 0xff, 0xff, 0xff, 0xff, 0x37, 0x6c, 0xf2, 0x09,
    0x53, 0x1a, 0x53, 0x1a, 0x53, 0x1a, 0x53, 0x1a, 0x53, 0x1a, 0x53, 0x1a, 0x53, 0x1a, 0x53, 0x1a, 0x53, 0x1a, 0x53, 0x1a,
    0x53, 0x1a, 0x53, 0x1a, 0x53, 0x1a, 0x53, 0x1a, 0x53, 0x1a, 0x53, 0x1a, 0x53, 0x1a, 0x53, 0x1a, 0x53, 0x1a, 0x53, 0x1a,
    0x53, 0x1a, 0x53, 0x1a, 0x53, 0x1a, 0x53, 0x1a, 0x33, 0x1a, 0x54, 0x1a, 0x84, 0x00, 0x00, 0x00, 0x00, 0x00, 0x00, 0x00,
    0x00, 0x00, 0x00, 0x00, 0x00, 0x00, 0x00, 0x00, 0x00, 0x00, 0x00, 0x00, 0x00, 0x00, 0x00, 0x00, 0x00, 0x00, 0x00, 0x00,
    0x00, 0x00, 0x00, 0x00, 0x00, 0x00, 0x00, 0x00, 0x00, 0x00, 0x00, 0x00, 0x00, 0x00, 0x00, 0x00, 0x00, 0x00, 0x00, 0x00,
    0x00, 0x00, 0x00, 0x00, 0x00, 0x00, 0x00, 0x08, 0x25, 0xc9, 0x26, 0xd9, 0x25, 0xd9, 0x25, 0xd9, 0x25, 0xd9, 0x25, 0xd9,
    0x25, 0xd9, 0x25, 0xd9, 0x25, 0xd9, 0x25, 0xd9, 0x25, 0xd9, 0x25, 0xd9, 0x25, 0xd9, 0x25, 0xd9, 0x25, 0xd9, 0x25, 0xd9,
    0x25, 0xd9, 0x25, 0xd9, 0x25, 0xd9, 0x25, 0xd9, 0x25, 0xd9, 0x25, 0xd9, 0x25, 0xd9, 0x25, 0xd9, 0x25, 0xd9, 0x26, 0xd9,
    0x05, 0xd9, 0x7a, 0xf6, 0xff, 0xff, 0xff, 0xff, 0xff, 0xff, 0xff, 0xff, 0xff, 0xff, 0xff, 0xff, 0xff, 0xff, 0xff, 0xff,
    0xff, 0xff, 0xff, 0xff, 0xff, 0xff, 0xff, 0xff, 0xff, 0xff, 0xff, 0xff, 0xff, 0xff, 0xff, 0xff, 0xff, 0xff, 0xff, 0xff,
    0xff, 0xff, 0xff, 0xff, 0xff, 0xff, 0xff, 0xff, 0xff, 0xff, 0xff, 0xff, 0xff, 0xff, 0xff, 0xff, 0xff, 0xff, 0xff, 0xff,
    0xff, 0xff, 0xff, 0xff, 0x7a, 0xf6, 0x05, 0xd9, 0x26, 0xd9, 0x25, 0xd9, 0x25, 0xd9, 0x25, 0xd9, 0x25, 0xd9, 0x25, 0xd9,
    0x25, 0xd9, 0x25, 0xd9, 0x25, 0xd9, 0x25, 0xd9, 0x25, 0xd9, 0x25, 0xd9, 0x25, 0xd9, 0x25, 0xd9, 0x25, 0xd9, 0x25, 0xd9,
    0x25, 0xd9, 0x25, 0xd9, 0x25, 0xd9, 0x25, 0xd9, 0x25, 0xd9, 0x25, 0xd9, 0x25, 0xd9, 0x25, 0xd9, 0x25, 0xd9, 0x46, 0xc9,
    0x32, 0x22, 0x53, 0x12, 0x53, 0x1a, 0x53, 0x1a, 0x53, 0x1a, 0x53, 0x1a, 0x53, 0x1a, 0x53, 0x1a, 0x53, 0x1a, 0x53, 0x1a,
    0x53, 0x1a, 0x53, 0x1a, 0x53, 0x1a, 0x53, 0x1a, 0x53, 0x1a, 0x53, 0x1a, 0x53, 0x1a, 0x53, 0x1a, 0x53, 0x1a, 0x53, 0x1a,
    0x53, 0x1a, 0x53, 0x1a, 0x53, 0x1a, 0x53, 0x1a, 0x53, 0x1a, 0x53, 0x1a, 0x53, 0x1a, 0xd2, 0x09, 0xb8, 0x7c, 0xff, 0xff,
    0xff, 0xff, 0xff, 0xff, 0xff, 0xff, 0xff, 0xff, 0xff, 0xff, 0xff, 0xff, 0xff, 0xff, 0x5a, 0x95, 0x71, 0x01, 0x98, 0x74,
    0xff, 0xff, 0xff, 0xff, 0xd6, 0x53, 0xb2, 0x01, 0x9c, 0xc6, 0xff, 0xff, 0x1d, 0xdf, 0x33, 0x12, 0xb4, 0x2a, 0xbf, 0xf7,
    0xff, 0xff, 0xff, 0xff, 0xff, 0xff, 0xff, 0xff, 0xff, 0xff, 0xff, 0xff, 0xff, 0xff, 0x1b, 0xb6, 0xf2, 0x09, 0x53, 0x1a,
    0x53, 0x1a, 0x53, 0x1a, 0x53, 0x1a, 0x53, 0x1a, 0x53, 0x1a, 0x53, 0x1a, 0x53, 0x1a, 0x53, 0x1a, 0x53, 0x1a, 0x53, 0x1a,
    0x53, 0x1a, 0x53, 0x1a, 0x53, 0x1a, 0x53, 0x1a, 0x53, 0x1a, 0x53, 0x1a, 0x53, 0x1a, 0x53, 0x1a, 0x53, 0x1a, 0x53, 0x1a,
    0x53, 0x1a, 0x53, 0x1a, 0x53, 0x1a, 0x53, 0x1a, 0x33, 0x1a, 0x54, 0x1a, 0x84, 0x00, 0x00, 0x00, 0x00, 0x00, 0x00, 0x00,
    0x00, 0x00, 0x00, 0x00, 0x00, 0x00, 0x00, 0x00, 0x00, 0x00, 0x00, 0x00, 0x00, 0x00, 0x00, 0x00, 0x00, 0x00, 0x00, 0x00,
    0x00, 0x00, 0x00, 0x00, 0x00, 0x00, 0x00, 0x00, 0x00, 0x00, 0x00, 0x00, 0x00, 0x00, 0x00, 0x00, 0x00, 0x00, 0x00, 0x00,
    0x00, 0x00, 0x00, 0x00, 0x00, 0x00, 0x00, 0x08, 0x25, 0xc9, 0x26, 0xd9, 0x25, 0xd9, 0x25, 0xd9, 0x25, 0xd9, 0x25, 0xd9,
    0x25, 0xd9, 0x25, 0xd9, 0x25, 0xd9, 0x25, 0xd9, 0x25, 0xd9, 0x25, 0xd9, 0x25, 0xd9, 0x25, 0xd9, 0x25, 0xd9, 0x25, 0xd9,
    0x25, 0xd9, 0x25, 0xd9, 0x25, 0xd9, 0x25, 0xd9, 0x25, 0xd9, 0x25, 0xd9, 0x25, 0xd9, 0x25, 0xd9, 0x26, 0xd9, 0x05, 0xd9,
    0xe8, 0xd9, 0xbf, 0xff, 0xff, 0xff, 0xff, 0xff, 0xff, 0xff, 0xff, 0xff, 0xff, 0xff, 0xff, 0xff, 0xff, 0xff, 0xff, 0xff,
    0xff, 0xff, 0xff, 0xff, 0xff, 0xff, 0xff, 0xff, 0xff, 0xff, 0xff, 0xff, 0xff, 0xff, 0xff, 0xff, 0xff, 0xff, 0xff, 0xff,
    0xff, 0xff, 0xff, 0xff, 0xff, 0xff, 0xff, 0xff, 0xff, 0xff, 0xff, 0xff, 0xff, 0xff, 0xff, 0xff, 0xff, 0xff, 0xff, 0xff,
    0xff, 0xff, 0xff, 0xff, 0xbf, 0xff, 0xe8, 0xd9, 0x05, 0xd9, 0x26, 0xd9, 0x25, 0xd9, 0x25, 0xd9, 0x25, 0xd9, 0x25, 0xd9,
    0x25, 0xd9, 0x25, 0xd9, 0x25, 0xd9, 0x25, 0xd9, 0x25, 0xd9, 0x25, 0xd9, 0x25, 0xd9, 0x25, 0xd9, 0x25, 0xd9, 0x25, 0xd9,
    0x25, 0xd9, 0x25, 0xd9, 0x25, 0xd9, 0x25, 0xd9, 0x25, 0xd9, 0x25, 0xd9, 0x25, 0xd9, 0x25, 0xd9, 0x25, 0xd9, 0x46, 0xc9,
    0x32, 0x22, 0x53, 0x12, 0x53, 0x1a, 0x53, 0x1a, 0x53, 0x1a, 0x53, 0x1a, 0x53, 0x1a, 0x53, 0x1a, 0x53, 0x1a, 0x53, 0x1a,
    0x53, 0x1a, 0x53, 0x1a, 0x53, 0x1a, 0x53, 0x1a, 0x53, 0x1a, 0x53, 0x1a, 0x53, 0x1a, 0x53, 0x1a, 0x53, 0x1a, 0x53, 0x1a,
    0x53, 0x1a, 0x53, 0x1a, 0x53, 0x1a, 0x53, 0x1a, 0x53, 0x1a, 0x53, 0x1a, 0x53, 0x1a, 0x53, 0x1a, 0x12, 0x12, 0x7c, 0xc6,
    0xff, 0xff, 0xff, 0xff, 0xff, 0xff, 0xff, 0xff, 0xff, 0xff, 0xff, 0xff, 0xff, 0xff, 0x9c, 0xc6, 0xd2, 0x09, 0x35, 0x3b,
    0xdf, 0xff, 0xff, 0xff, 0xd6, 0x53, 0xb2, 0x01, 0x7c, 0xc6, 0xff, 0xff, 0xdb, 0xad, 0x91, 0x01, 0xd6, 0x5b, 0xff, 0xff,
    0xff, 0xff, 0xff, 0xff, 0xff, 0xff, 0xff, 0xff, 0xff, 0xff, 0xff, 0xff, 0x7e, 0xef, 0xb4, 0x2a, 0x33, 0x12, 0x53, 0x1a,
    0x53, 0x1a, 0x53, 0x1a, 0x53, 0x1a, 0x53, 0x1a, 0x53, 0x1a, 0x53, 0x1a, 0x53, 0x1a, 0x53, 0x1a, 0x53, 0x1a, 0x53, 0x1a,
    0x53, 0x1a, 0x53, 0x1a, 0x53, 0x1a, 0x53, 0x1a, 0x53, 0x1a, 0x53, 0x1a, 0x53, 0x1a, 0x53, 0x1a, 0x53, 0x1a, 0x53, 0x1a,
    0x53, 0x1a, 0x53, 0x1a, 0x53, 0x1a, 0x53, 0x1a, 0x33, 0x1a, 0x54, 0x1a, 0x84, 0x00, 0x00, 0x00, 0x00, 0x00, 0x00, 0x00,
    0x00, 0x00, 0x00, 0x00, 0x00, 0x00, 0x00, 0x00, 0x00, 0x00, 0x00, 0x00, 0x00, 0x00, 0x00, 0x00, 0x00, 0x00, 0x00, 0x00,
    0x00, 0x00, 0x00, 0x00, 0x00, 0x00, 0x00, 0x00, 0x00, 0x00, 0x00, 0x00, 0x00, 0x00, 0x00, 0x00, 0x00, 0x00, 0x00, 0x00,
    0x00, 0x00, 0x00, 0x00, 0x00, 0x00, 0x00, 0x08, 0x25, 0xc9, 0x26, 0xd9, 0x25, 0xd9, 0x25, 0xd9, 0x25, 0xd9, 0x25, 0xd9,
    0x25, 0xd9, 0x25, 0xd9, 0x25, 0xd9, 0x25, 0xd9, 0x25, 0xd9, 0x25, 0xd9, 0x25, 0xd9, 0x25, 0xd9, 0x25, 0xd9, 0x25, 0xd9,
    0x25, 0xd9, 0x25, 0xd9, 0x25, 0xd9, 0x25, 0xd9, 0x25, 0xd9, 0x25, 0xd9, 0x25, 0xd9, 0x25, 0xd9, 0x46, 0xd9, 0xc4, 0xd8,
    0x4d, 0xe3, 0xff, 0xff, 0xff, 0xff, 0xff, 0xff, 0xff, 0xff, 0xff, 0xff, 0xff, 0xff, 0xff, 0xff, 0xff, 0xff, 0xff, 0xff,
    0xff, 0xff, 0xff, 0xff, 0xff, 0xff, 0xff, 0xff, 0xff, 0xff, 0xff, 0xff, 0x76, 0xf5, 0x92, 0xec, 0xff, 0xff, 0xff, 0xff,
    0xff, 0xff, 0xff, 0xff, 0xff, 0xff, 0xff, 0xff, 0xff, 0xff, 0xff, 0xff, 0xff, 0xff, 0xff, 0xff, 0xff, 0xff, 0xff, 0xff,
    0xff, 0xff, 0xff, 0xff, 0xff, 0xff, 0x4d, 0xe3, 0xc4, 0xd8, 0x46, 0xd9, 0x25, 0xd9, 0x25, 0xd9, 0x25, 0xd9, 0x25, 0xd9,
    0x25, 0xd9, 0x25, 0xd9, 0x25, 0xd9, 0x25, 0xd9, 0x25, 0xd9, 0x25, 0xd9, 0x25, 0xd9, 0x25, 0xd9, 0x25, 0xd9, 0x25, 0xd9,
    0x25, 0xd9, 0x25, 0xd9, 0x25, 0xd9, 0x25, 0xd9, 0x25, 0xd9, 0x25, 0xd9, 0x25, 0xd9, 0x25, 0xd9, 0x25, 0xd9, 0x46, 0xc9,
    0x32, 0x22, 0x53, 0x12, 0x53, 0x1a, 0x53, 0x1a, 0x53, 0x1a, 0x53, 0x1a, 0x53, 0x1a, 0x53, 0x1a, 0x53, 0x1a, 0x53, 0x1a,
    0x53, 0x1a, 0x53, 0x1a, 0x53, 0x1a, 0x53, 0x1a, 0x53, 0x1a, 0x53, 0x1a, 0x53, 0x1a, 0x53, 0x1a, 0x53, 0x1a, 0x53, 0x1a,
    0x53, 0x1a, 0x53, 0x1a, 0x53, 0x1a, 0x53, 0x1a, 0x53, 0x1a, 0x53, 0x1a, 0x53, 0x1a, 0x53, 0x1a, 0x12, 0x12, 0xf4, 0x32,
    0xbf, 0xf7, 0xff, 0xff, 0xff, 0xff, 0xff, 0xff, 0xff, 0xff, 0xff, 0xff, 0xff, 0xff, 0x9f, 0xef, 0x93, 0x22, 0x53, 0x1a,
    0x5e, 0xe7, 0xff, 0xff, 0xb6, 0x53, 0xb2, 0x01, 0x7c, 0xc6, 0xff, 0xff, 0xb8, 0x7c, 0x71, 0x01, 0x19, 0x8d, 0xff, 0xff,
    0xff, 0xff, 0xff, 0xff, 0xff, 0xff, 0xff, 0xff, 0xff, 0xff, 0xff, 0xff, 0x37, 0x6c, 0xf2, 0x09, 0x53, 0x1a, 0x53, 0x1a,
    0x53, 0x1a, 0x53, 0x1a, 0x53, 0x1a, 0x53, 0x1a, 0x53, 0x1a, 0x53, 0x1a, 0x53, 0x1a, 0x53, 0x1a, 0x53, 0x1a, 0x53, 0x1a,
    0x53, 0x1a, 0x53, 0x1a, 0x53, 0x1a, 0x53, 0x1a, 0x53, 0x1a, 0x53, 0x1a, 0x53, 0x1a, 0x53, 0x1a, 0x53, 0x1a, 0x53, 0x1a,
    0x53, 0x1a, 0x53, 0x1a, 0x53, 0x1a, 0x53, 0x1a, 0x33, 0x1a, 0x54, 0x1a, 0x84, 0x00, 0x00, 0x00, 0x00, 0x00, 0x00, 0x00,
    0x00, 0x00, 0x00, 0x00, 0x00, 0x00, 0x00, 0x00, 0x00, 0x00, 0x00, 0x00, 0x00, 0x00, 0x00, 0x00, 0x00, 0x00, 0x00, 0x00,
    0x00, 0x00, 0x00, 0x00, 0x00, 0x00, 0x00, 0x00, 0x00, 0x00, 0x00, 0x00, 0x00, 0x00, 0x00, 0x00, 0x00, 0x00, 0x00, 0x00,
    0x00, 0x00, 0x00, 0x00, 0x00, 0x00, 0x00, 0x08, 0x25, 0xc9, 0x26, 0xd9, 0x25, 0xd9, 0x25, 0xd9, 0x25, 0xd9, 0x25, 0xd9,
    0x25, 0xd9, 0x25, 0xd9, 0x25, 0xd9, 0x25, 0xd9, 0x25, 0xd9, 0x25, 0xd9, 0x25, 0xd9, 0x25, 0xd9, 0x25, 0xd9, 0x25, 0xd9,
    0x25, 0xd9, 0x25, 0xd9, 0x25, 0xd9, 0x25, 0xd9, 0x25, 0xd9, 0x25, 0xd9, 0x25, 0xd9, 0x25, 0xd9, 0x46, 0xd9, 0xc4, 0xd0,
    0x76, 0xf5, 0xff, 0xff, 0xdf, 0xff, 0xff, 0xff, 0xff, 0xff, 0xff, 0xff, 0xff, 0xff, 0xff, 0xff, 0xff, 0xff, 0xff, 0xff,
    0xff, 0xff, 0xff, 0xff, 0xff, 0xff, 0xff, 0xff, 0x5d, 0xff, 0x6e, 0xe3, 0xc4, 0xd8, 0xa3, 0xd0, 0x6a, 0xe2, 0x9a, 0xf6,
    0xff, 0xff, 0xff, 0xff, 0xff, 0xff, 0xff, 0xff, 0xff, 0xff, 0xff, 0xff, 0xff, 0xff, 0xff, 0xff, 0xff, 0xff, 0xff, 0xff,
    0xff, 0xff, 0xdf, 0xff, 0xff, 0xff, 0x76, 0xf5, 0xc4, 0xd0, 0x46, 0xd9, 0x25, 0xd9, 0x25, 0xd9, 0x25, 0xd9, 0x25, 0xd9,
    0x25, 0xd9, 0x25, 0xd9, 0x25, 0xd9, 0x25, 0xd9, 0x25, 0xd9, 0x25, 0xd9, 0x25, 0xd9, 0x25, 0xd9, 0x25, 0xd9, 0x25, 0xd9,
    0x25, 0xd9, 0x25, 0xd9, 0x25, 0xd9, 0x25, 0xd9, 0x25, 0xd9, 0x25, 0xd9, 0x25, 0xd9, 0x25, 0xd9, 0x25, 0xd9, 0x46, 0xc9,
    0x32, 0x22, 0x53, 0x12, 0x53, 0x1a, 0x53, 0x1a, 0x53, 0x1a, 0x53, 0x1a, 0x53, 0x1a, 0x53, 0x1a, 0x53, 0x1a, 0x53, 0x1a,
    0x53, 0x1a, 0x53, 0x1a, 0x53, 0x1a, 0x53, 0x1a, 0x53, 0x1a, 0x53, 0x1a, 0x53, 0x1a, 0x53, 0x1a, 0x53, 0x1a, 0x53, 0x1a,
    0x53, 0x1a, 0x53, 0x1a, 0x53, 0x1a, 0x53, 0x1a, 0x53, 0x1a, 0x53, 0x1a, 0x53, 0x1a, 0x53, 0x1a, 0x53, 0x1a, 0xd2, 0x09,
    0xb8, 0x7c, 0xff, 0xff, 0xff, 0xff, 0xff, 0xff, 0xff, 0xff, 0xff, 0xff, 0xff, 0xff, 0xff, 0xff, 0x75, 0x4b, 0xb2, 0x01,
    0x7c, 0xc6, 0xff, 0xff, 0xb6, 0x53, 0xb2, 0x01, 0x9c, 0xc6, 0xff, 0xff, 0xb6, 0x53, 0xb1, 0x01, 0x3b, 0xb6, 0xff, 0xff,
    0xff, 0xff, 0xff, 0xff, 0xff, 0xff, 0xff, 0xff, 0xff, 0xff, 0x1b, 0xb6, 0xf2, 0x09, 0x53, 0x1a, 0x53, 0x1a, 0x53, 0x1a,
    0x53, 0x1a, 0x53, 0x1a, 0x53, 0x1a, 0x53, 0x1a, 0x53, 0x1a, 0x53, 0x1a, 0x53, 0x1a, 0x53, 0x1a, 0x53, 0x1a, 0x53, 0x1a,
    0x53, 0x1a, 0x53, 0x1a, 0x53, 0x1a, 0x53, 0x1a, 0x53, 0x1a, 0x53, 0x1a, 0x53, 0x1a, 0x53, 0x1a, 0x53, 0x1a, 0x53, 0x1a,
    0x53, 0x1a, 0x53, 0x1a, 0x53, 0x1a, 0x53, 0x1a, 0x33, 0x1a, 0x54, 0x1a, 0x84, 0x00, 0x00, 0x00, 0x00, 0x00, 0x00, 0x00,
    0x00, 0x00, 0x00, 0x00, 0x00, 0x00, 0x00, 0x00, 0x00, 0x00, 0x00, 0x00, 0x00, 0x00, 0x00, 0x00, 0x00, 0x00, 0x00, 0x00,
    0x00, 0x00, 0x00, 0x00, 0x00, 0x00, 0x00, 0x00, 0x00, 0x00, 0x00, 0x00, 0x00, 0x00, 0x00, 0x00, 0x00, 0x00, 0x00, 0x00,
    0x00, 0x00, 0x00, 0x00, 0x00, 0x00, 0x00, 0x08, 0x25, 0xc9, 0x26, 0xd9, 0x25, 0xd9, 0x25, 0xd9, 0x25, 0xd9, 0x25, 0xd9,
    0x25, 0xd9, 0x25, 0xd9, 0x25, 0xd9, 0x25, 0xd9, 0x25, 0xd9, 0x25, 0xd9, 0x25, 0xd9, 0x25, 0xd9, 0x25, 0xd9, 0x25, 0xd9,
    0x25, 0xd9, 0x25, 0xd9, 0x25, 0xd9, 0x25, 0xd9, 0x25, 0xd9, 0x25, 0xd9, 0x25, 0xd9, 0x25, 0xd9, 0x25, 0xd9, 0x26, 0xd9,
    0xfc, 0xfe, 0xff, 0xff, 0xff, 0xff, 0xff, 0xff, 0xff, 0xff, 0xff, 0xff, 0xff, 0xff, 0xff, 0xff, 0xff, 0xff, 0xff, 0xff,
    0xff, 0xff, 0xff, 0xff, 0xff, 0xff, 0x96, 0xf5, 0xa7, 0xd9, 0xc4, 0xd0, 0x46, 0xd9, 0x46, 0xd9, 0xe4, 0xd8, 0x25, 0xd9,
    0x92, 0xec, 0xff, 0xff, 0xff, 0xff, 0xff, 0xff, 0xff, 0xff, 0xff, 0xff, 0xff, 0xff, 0xff, 0xff, 0xff, 0xff, 0xff, 0xff,
    0xff, 0xff, 0xff, 0xff, 0xff, 0xff, 0xfc, 0xfe, 0x26, 0xd9, 0x25, 0xd9, 0x25, 0xd9, 0x25, 0xd9, 0x25, 0xd9, 0x25, 0xd9,
    0x25, 0xd9, 0x25, 0xd9, 0x25, 0xd9, 0x25, 0xd9, 0x25, 0xd9, 0x25, 0xd9, 0x25, 0xd9, 0x25, 0xd9, 0x25, 0xd9, 0x25, 0xd9,
    0x25, 0xd9, 0x25, 0xd9, 0x25, 0xd9, 0x25, 0xd9, 0x25, 0xd9, 0x25, 0xd9, 0x25, 0xd9, 0x25, 0xd9, 0x25, 0xd9, 0x46, 0xc9,
    0x32, 0x22, 0x53, 0x12, 0x53, 0x1a, 0x53, 0x1a, 0x53, 0x1a, 0x53, 0x1a, 0x53, 0x1a, 0x53, 0x1a, 0x53, 0x1a, 0x53, 0x1a,
    0x53, 0x1a, 0x53, 0x1a, 0x53, 0x1a, 0x53, 0x1a, 0x53, 0x1a, 0x53, 0x1a, 0x53, 0x1a, 0x53, 0x1a, 0x53, 0x1a, 0x53, 0x1a,
    0x53, 0x1a, 0x53, 0x1a, 0x53, 0x1a, 0x53, 0x1a, 0x53, 0x1a, 0x53, 0x1a, 0x53, 0x1a, 0x53, 0x1a, 0x53, 0x1a, 0x53, 0x1a,
    0x12, 0x12, 0x7c, 0xc6, 0xff, 0xff, 0xff, 0xff, 0xff, 0xff, 0xff, 0xff, 0xff, 0xff, 0xff, 0xff, 0x78, 0x74, 0x71, 0x01,
    0x39, 0x8d, 0xff, 0xff, 0xb6, 0x53, 0xb2, 0x01, 0xbd, 0xce, 0xdf, 0xff, 0x94, 0x22, 0x33, 0x12, 0x3e, 0xdf, 0xff, 0xff,
    0xff, 0xff, 0xff, 0xff, 0xff, 0xff, 0xff, 0xff, 0x7e, 0xef, 0xb4, 0x2a, 0x33, 0x12, 0x53, 0x1a, 0x53, 0x1a, 0x53, 0x1a,
    0x53, 0x1a, 0x53, 0x1a, 0x53, 0x1a, 0x53, 0x1a, 0x53, 0x1a, 0x53, 0x1a, 0x53, 0x1a, 0x53, 0x1a, 0x53, 0x1a, 0x53, 0x1a,
    0x53, 0x1a, 0x53, 0x1a, 0x53, 0x1a, 0x53, 0x1a, 0x53, 0x1a, 0x53, 0x1a, 0x53, 0x1a, 0x53, 0x1a, 0x53, 0x1a, 0x53, 0x1a,
    0x53, 0x1a, 0x53, 0x1a, 0x53, 0x1a, 0x53, 0x1a, 0x33, 0x1a, 0x54, 0x1a, 0x84, 0x00, 0x00, 0x00, 0x00, 0x00, 0x00, 0x00,
    0x00, 0x00, 0x00, 0x00, 0x00, 0x00, 0x00, 0x00, 0x00, 0x00, 0x00, 0x00, 0x00, 0x00, 0x00, 0x00, 0x00, 0x00, 0x00, 0x00,
    0x00, 0x00, 0x00, 0x00, 0x00, 0x00, 0x00, 0x00, 0x00, 0x00, 0x00, 0x00, 0x00, 0x00, 0x00, 0x00, 0x00, 0x00, 0x00, 0x00,
    0x00, 0x00, 0x00, 0x00, 0x00, 0x00, 0x00, 0x08, 0x25, 0xc9, 0x26, 0xd9, 0x25, 0xd9, 0x25, 0xd9, 0x25, 0xd9, 0x25, 0xd9,
    0x25, 0xd9, 0x25, 0xd9, 0x25, 0xd9, 0x25, 0xd9, 0x25, 0xd9, 0x25, 0xd9, 0x25, 0xd9, 0x25, 0xd9, 0x25, 0xd9, 0x25, 0xd9,
    0x25, 0xd9, 0x25, 0xd9, 0x25, 0xd9, 0x25, 0xd9, 0x25, 0xd9, 0x25, 0xd9, 0x25, 0xd9, 0x46, 0xd9, 0xe4, 0xd8, 0x8b, 0xe2,
    0xff, 0xff, 0xff, 0xff, 0xff, 0xff, 0xff, 0xff, 0xff, 0xff, 0xff, 0xff, 0xff, 0xff, 0xff, 0xff, 0xff, 0xff, 0xff, 0xff,
    0xff, 0xff, 0x5d, 0xff, 0x6e, 0xe3, 0xc4, 0xd0, 0x05, 0xd9, 0x46, 0xd9, 0x25, 0xd9, 0x25, 0xd9, 0x46, 0xd9, 0x25, 0xd9,
    0xa3, 0xd0, 0xab, 0xe2, 0xfc, 0xfe, 0xff, 0xff, 0xff, 0xff, 0xff, 0xff, 0xff, 0xff, 0xff, 0xff, 0xff, 0xff, 0xff, 0xff,
    0xff, 0xff, 0xff, 0xff, 0xff, 0xff, 0xff, 0xff, 0x8b, 0xe2, 0xe4, 0xd8, 0x46, 0xd9, 0x25, 0xd9, 0x25, 0xd9, 0x25, 0xd9,
    0x25, 0xd9, 0x25, 0xd9, 0x25, 0xd9, 0x25, 0xd9, 0x25, 0xd9, 0x25, 0xd9, 0x25, 0xd9, 0x25, 0xd9, 0x25, 0xd9, 0x25, 0xd9,
    0x25, 0xd9, 0x25, 0xd9, 0x25, 0xd9, 0x25, 0xd9, 0x25, 0xd9, 0x25, 0xd9, 0x25, 0xd9, 0x25, 0xd9, 0x25, 0xd9, 0x46, 0xc9,
    0x32, 0x22, 0x53, 0x12, 0x53, 0x1a, 0x53, 0x1a, 0x53, 0x1a, 0x53, 0x1a, 0x53, 0x1a, 0x53, 0x1a, 0x53, 0x1a, 0x53, 0x1a,
    0x53, 0x1a, 0x53, 0x1a, 0x53, 0x1a, 0x53, 0x1a, 0x53, 0x1a, 0x53, 0x1a, 0x53, 0x1a, 0x53, 0x1a, 0x53, 0x1a, 0x53, 0x1a,
    0x53, 0x1a, 0x53, 0x1a, 0x53, 0x1a, 0x53, 0x1a, 0x53, 0x1a, 0x53, 0x1a, 0x53, 0x1a, 0x53, 0x1a, 0x53, 0x1a, 0x53, 0x1a,
    0x12, 0x12, 0xf4, 0x32, 0xbf, 0xf7, 0xff, 0xff, 0xff, 0xff, 0xff, 0xff, 0xff, 0xff, 0xff, 0xff, 0xfb, 0xad, 0x91, 0x01,
    0xd6, 0x5b, 0xff, 0xff, 0xb6, 0x53, 0xb1, 0x01, 0xdd, 0xd6, 0xfd, 0xd6, 0xd2, 0x01, 0x35, 0x43, 0xdf, 0xff, 0xff, 0xff,
    0xff, 0xff, 0xff, 0xff, 0xff, 0xff, 0xff, 0xff, 0x37, 0x6c, 0xf2, 0x09, 0x53, 0x1a, 0x53, 0x1a, 0x53, 0x1a, 0x53, 0x1a,
    0x53, 0x1a, 0x53, 0x1a, 0x53, 0x1a, 0x53, 0x1a, 0x53, 0x1a, 0x53, 0x1a, 0x53, 0x1a, 0x53, 0x1a, 0x53, 0x1a, 0x53, 0x1a,
    0x53, 0x1a, 0x53, 0x1a, 0x53, 0x1a, 0x53, 0x1a, 0x53, 0x1a, 0x53, 0x1a, 0x53, 0x1a, 0x53, 0x1a, 0x53, 0x1a, 0x53, 0x1a,
    0x53, 0x1a, 0x53, 0x1a, 0x53, 0x1a, 0x53, 0x1a, 0x33, 0x1a, 0x54, 0x1a, 0x84, 0x00, 0x00, 0x00, 0x00, 0x00, 0x00, 0x00,
    0x00, 0x00, 0x00, 0x00, 0x00, 0x00, 0x00, 0x00, 0x00, 0x00, 0x00, 0x00, 0x00, 0x00, 0x00, 0x00, 0x00, 0x00, 0x00, 0x00,
    0x00, 0x00, 0x00, 0x00, 0x00, 0x00, 0x00, 0x00, 0x00, 0x00, 0x00, 0x00, 0x00, 0x00, 0x00, 0x00, 0x00, 0x00, 0x00, 0x00,
    0x00, 0x00, 0x00, 0x00, 0x00, 0x00, 0x00, 0x08, 0x25, 0xc9, 0x26, 0xd9, 0x25, 0xd9, 0x25, 0xd9, 0x25, 0xd9, 0x25, 0xd9,
    0x25, 0xd9, 0x25, 0xd9, 0x25, 0xd9, 0x25, 0xd9, 0x25, 0xd9, 0x25, 0xd9, 0x25, 0xd9, 0x25, 0xd9, 0x25, 0xd9, 0x25, 0xd9,
    0x25, 0xd9, 0x25, 0xd9, 0x25, 0xd9, 0x25, 0xd9, 0x25, 0xd9, 0x25, 0xd9, 0x25, 0xd9, 0x46, 0xd9, 0xa3, 0xd0, 0x31, 0xec,
    0xff, 0xff, 0xdf, 0xff, 0xff, 0xff, 0xff, 0xff, 0xff, 0xff, 0xff, 0xff, 0xff, 0xff, 0xff, 0xff, 0xff, 0xff, 0xff, 0xff,
    0x96, 0xf5, 0xa7, 0xd9, 0xc4, 0xd0, 0x46, 0xd9, 0x46, 0xd9, 0x25, 0xd9, 0x25, 0xd9, 0x25, 0xd9, 0x25, 0xd9, 0x26, 0xd9,
    0x46, 0xd9, 0xc4, 0xd8, 0x66, 0xd9, 0x14, 0xed, 0xff, 0xff, 0xff, 0xff, 0xff, 0xff, 0xff, 0xff, 0xff, 0xff, 0xff, 0xff,
    0xff, 0xff, 0xff, 0xff, 0xdf, 0xff, 0xff, 0xff, 0x31, 0xec, 0xa3, 0xd0, 0x46, 0xd9, 0x25, 0xd9, 0x25, 0xd9, 0x25, 0xd9,
    0x25, 0xd9, 0x25, 0xd9, 0x25, 0xd9, 0x25, 0xd9, 0x25, 0xd9, 0x25, 0xd9, 0x25, 0xd9, 0x25, 0xd9, 0x25, 0xd9, 0x25, 0xd9,
    0x25, 0xd9, 0x25, 0xd9, 0x25, 0xd9, 0x25, 0xd9, 0x25, 0xd9, 0x25, 0xd9, 0x25, 0xd9, 0x25, 0xd9, 0x25, 0xd9, 0x46, 0xc9,
    0x32, 0x22, 0x53, 0x12, 0x53, 0x1a, 0x53, 0x1a, 0x53, 0x1a, 0x53, 0x1a, 0x53, 0x1a, 0x53, 0x1a, 0x53, 0x1a, 0x53, 0x1a,
    0x53, 0x1a, 0x53, 0x1a, 0x53, 0x1a, 0x53, 0x1a, 0x53, 0x1a, 0x53, 0x1a, 0x53, 0x1a, 0x53, 0x1a, 0x53, 0x1a, 0x53, 0x1a,
    0x53, 0x1a, 0x53, 0x1a, 0x53, 0x1a, 0x53, 0x1a, 0x53, 0x1a, 0x53, 0x1a, 0x53, 0x1a, 0x53, 0x1a, 0x53, 0x1a, 0x53, 0x1a,
    0x53, 0x1a, 0xd2, 0x09, 0xb8, 0x7c, 0xff, 0xff, 0xff, 0xff, 0xff, 0xff, 0xff, 0xff, 0xff, 0xff, 0xfd, 0xd6, 0x12, 0x0a,
    0xf4, 0x32, 0xff, 0xff, 0xd6, 0x5b, 0x91, 0x01, 0xfd, 0xd6, 0xfb, 0xad, 0x71, 0x01, 0x37, 0x6c, 0xff, 0xff, 0xff, 0xff,
    0xff, 0xff, 0xff, 0xff, 0xff, 0xff, 0x1b, 0xb6, 0xf2, 0x09, 0x53, 0x1a, 0x53, 0x1a, 0x53, 0x1a, 0x53, 0x1a, 0x53, 0x1a,
    0x53, 0x1a, 0x53, 0x1a, 0x53, 0x1a, 0x53, 0x1a, 0x53, 0x1a, 0x53, 0x1a, 0x53, 0x1a, 0x53, 0x1a, 0x53, 0x1a, 0x53, 0x1a,
    0x53, 0x1a, 0x53, 0x1a, 0x53, 0x1a, 0x53, 0x1a, 0x53, 0x1a, 0x53, 0x1a, 0x53, 0x1a, 0x53, 0x1a, 0x53, 0x1a, 0x53, 0x1a,
    0x53, 0x1a, 0x53, 0x1a, 0x53, 0x1a, 0x53, 0x1a, 0x33, 0x1a, 0x54, 0x1a, 0x84, 0x00, 0x00, 0x00, 0x00, 0x00, 0x00, 0x00,
    0x00, 0x00, 0x00, 0x00, 0x00, 0x00, 0x00, 0x00, 0x00, 0x00, 0x00, 0x00, 0x00, 0x00, 0x00, 0x00, 0x00, 0x00, 0x00, 0x00,
    0x00, 0x00, 0x00, 0x00, 0x00, 0x00, 0x00, 0x00, 0x00, 0x00, 0x00, 0x00, 0x00, 0x00, 0x00, 0x00, 0x00, 0x00, 0x00, 0x00,
    0x00, 0x00, 0x00, 0x00, 0x00, 0x00, 0x00, 0x08, 0x25, 0xc9, 0x26, 0xd9, 0x25, 0xd9, 0x25, 0xd9, 0x25, 0xd9, 0x25, 0xd9,
    0x25, 0xd9, 0x25, 0xd9, 0x25, 0xd9, 0x25, 0xd9, 0x25, 0xd9, 0x25, 0xd9, 0x25, 0xd9, 0x25, 0xd9, 0x25, 0xd9, 0x25, 0xd9,
    0x25, 0xd9, 0x25, 0xd9, 0x25, 0xd9, 0x25, 0xd9, 0x25, 0xd9, 0x25, 0xd9, 0x25, 0xd9, 0x46, 0xd9, 0xe4, 0xd8, 0xf8, 0xf5,
    0xff, 0xff, 0xff, 0xff, 0xff, 0xff, 0xff, 0xff, 0xff, 0xff, 0xff, 0xff, 0xff, 0xff, 0xff, 0xff, 0x5d, 0xff, 0x6e, 0xe3,
    0xc4, 0xd0, 0x05, 0xd9, 0x46, 0xd9, 0x25, 0xd9, 0x25, 0xd9, 0x25, 0xd9, 0x25, 0xd9, 0x25, 0xd9, 0x25, 0xd9, 0x25, 0xd9,
    0x25, 0xd9, 0x46, 0xd9, 0x25, 0xd9, 0xa4, 0xd0, 0xec, 0xe2, 0xfc, 0xfe, 0xff, 0xff, 0xff, 0xff, 0xff, 0xff, 0xff, 0xff,
    0xff, 0xff, 0xff, 0xff, 0xff, 0xff, 0xff, 0xff, 0xf8, 0xf5, 0xe4, 0xd8, 0x46, 0xd9, 0x25, 0xd9, 0x25, 0xd9, 0x25, 0xd9,
    0x25, 0xd9, 0x25, 0xd9, 0x25, 0xd9, 0x25, 0xd9, 0x25, 0xd9, 0x25, 0xd9, 0x25, 0xd9, 0x25, 0xd9, 0x25, 0xd9, 0x25, 0xd9,
    0x25, 0xd9, 0x25, 0xd9, 0x25, 0xd9, 0x25, 0xd9, 0x25, 0xd9, 0x25, 0xd9, 0x25, 0xd9, 0x25, 0xd9, 0x25, 0xd9, 0x46, 0xc9,
    0x32, 0x22, 0x53, 0x12, 0x53, 0x1a, 0x53, 0x1a, 0x53, 0x1a, 0x53, 0x1a, 0x53, 0x1a, 0x53, 0x1a, 0x53, 0x1a, 0x53, 0x1a,
    0x53, 0x1a, 0x53, 0x1a, 0x53, 0x1a, 0x53, 0x1a, 0x53, 0x1a, 0x53, 0x1a, 0x53, 0x1a, 0x53, 0x1a, 0x53, 0x1a, 0x53, 0x1a,
    0x53, 0x1a, 0x53, 0x1a, 0x53, 0x1a, 0x53, 0x1a, 0x53, 0x1a, 0x53, 0x1a, 0x53, 0x1a, 0x53, 0x1a, 0x53, 0x1a, 0x53, 0x1a,
    0x53, 0x1a, 0x53, 0x1a, 0x12, 0x12, 0x7c, 0xc6, 0xff, 0xff, 0xff, 0xff, 0xff, 0xff, 0xff, 0xff, 0xbf, 0xf7, 0xb4, 0x2a,
    0x12, 0x12, 0x7e, 0xef, 0xf7, 0x5b, 0x91, 0x01, 0xfd, 0xd6, 0xd9, 0x84, 0x51, 0x01, 0x5a, 0x95, 0xff, 0xff, 0xff, 0xff,
    0xff, 0xff, 0xff, 0xff, 0x7e, 0xef, 0xb4, 0x2a, 0x33, 0x12, 0x53, 0x1a, 0x53, 0x1a, 0x53, 0x1a, 0x53, 0x1a, 0x53, 0x1a,
    0x53, 0x1a, 0x53, 0x1a, 0x53, 0x1a, 0x53, 0x1a, 0x53, 0x1a, 0x53, 0x1a, 0x53, 0x1a, 0x53, 0x1a, 0x53, 0x1a, 0x53, 0x1a,
    0x53, 0x1a, 0x53, 0x1a, 0x53, 0x1a, 0x53, 0x1a, 0x53, 0x1a, 0x53, 0x1a, 0x53, 0x1a, 0x53, 0x1a, 0x53, 0x1a, 0x53, 0x1a,
    0x53, 0x1a, 0x53, 0x1a, 0x53, 0x1a, 0x53, 0x1a, 0x33, 0x1a, 0x54, 0x1a, 0x84, 0x00, 0x00, 0x00, 0x00, 0x00, 0x00, 0x00,
    0x00, 0x00, 0x00, 0x00, 0x00, 0x00, 0x00, 0x00, 0x00, 0x00, 0x00, 0x00, 0x00, 0x00, 0x00, 0x00, 0x00, 0x00, 0x00, 0x00,
    0x00, 0x00, 0x00, 0x00, 0x00, 0x00, 0x00, 0x00, 0x00, 0x00, 0x00, 0x00, 0x00, 0x00, 0x00, 0x00, 0x00, 0x00, 0x00, 0x00,
    0x00, 0x00, 0x00, 0x00, 0x00, 0x00, 0x00, 0x08, 0x25, 0xc9, 0x26, 0xd9, 0x25, 0xd9, 0x25, 0xd9, 0x25, 0xd9, 0x25, 0xd9,
    0x25, 0xd9, 0x25, 0xd9, 0x25, 0xd9, 0x25, 0xd9, 0x25, 0xd9, 0x25, 0xd9, 0x25, 0xd9, 0x25, 0xd9, 0x25, 0xd9, 0x25, 0xd9,
    0x25, 0xd9, 0x25, 0xd9, 0x25, 0xd9, 0x25, 0xd9, 0x25, 0xd9, 0x25, 0xd9, 0x26, 0xd9, 0x05, 0xd9, 0x87, 0xd9, 0x9e, 0xff,
    0xff, 0xff, 0xff, 0xff, 0xff, 0xff, 0xff, 0xff, 0xff, 0xff, 0xff, 0xff, 0xff, 0xff, 0xb7, 0xf5, 0xa7, 0xd9, 0xc4, 0xd0,
    0x46, 0xd9, 0x46, 0xd9, 0x25, 0xd9, 0x25, 0xd9, 0x25, 0xd9, 0x25, 0xd9, 0x25, 0xd9, 0x25, 0xd9, 0x25, 0xd9, 0x25, 0xd9,
    0x25, 0xd9, 0x25, 0xd9, 0x26, 0xd9, 0x46, 0xd9, 0xc4, 0xd8, 0x66, 0xd9, 0x14, 0xed, 0xff, 0xff, 0xff, 0xff, 0xff, 0xff,
    0xff, 0xff, 0xff, 0xff, 0xff, 0xff, 0xff, 0xff, 0x9e, 0xff, 0x87, 0xd9, 0x05, 0xd9, 0x26, 0xd9, 0x25, 0xd9, 0x25, 0xd9,
    0x25, 0xd9, 0x25, 0xd9, 0x25, 0xd9, 0x25, 0xd9, 0x25, 0xd9, 0x25, 0xd9, 0x25, 0xd9, 0x25, 0xd9, 0x25, 0xd9, 0x25, 0xd9,
    0x25, 0xd9, 0x25, 0xd9, 0x25, 0xd9, 0x25, 0xd9, 0x25, 0xd9, 0x25, 0xd9, 0x25, 0xd9, 0x25, 0xd9, 0x25, 0xd9, 0x46, 0xc9,
    0x32, 0x22, 0x53, 0x12, 0x53, 0x1a, 0x53, 0x1a, 0x53, 0x1a, 0x53, 0x1a, 0x53, 0x1a, 0x53, 0x1a, 0x53, 0x1a, 0x53, 0x1a,
    0x53, 0x1a, 0x53, 0x1a, 0x53, 0x1a, 0x53, 0x1a, 0x53, 0x1a, 0x53, 0x1a, 0x53, 0x1a, 0x53, 0x1a, 0x53, 0x1a, 0x53, 0x1a,
    0x53, 0x1a, 0x53, 0x1a, 0x53, 0x1a, 0x53, 0x1a, 0x53, 0x1a, 0x53, 0x1a, 0x53, 0x1a, 0x53, 0x1a, 0x53, 0x1a, 0x53, 0x1a,
    0x53, 0x1a, 0x53, 0x1a, 0x12, 0x12, 0xf4, 0x32, 0xbf, 0xf7, 0xff, 0xff, 0xff, 0xff, 0xff, 0xff, 0xff, 0xff, 0xd6, 0x5b,
    0x91, 0x01, 0x3b, 0xb6, 0x37, 0x64, 0xb1, 0x01, 0x9c, 0xc6, 0x75, 0x4b, 0xd2, 0x01, 0x9c, 0xc6, 0xff, 0xff, 0xff, 0xff,
    0xff, 0xff, 0xff, 0xff, 0x37, 0x6c, 0xf2, 0x09, 0x53, 0x1a, 0x53, 0x1a, 0x53, 0x1a, 0x53, 0x1a, 0x53, 0x1a, 0x53, 0x1a,
    0x53, 0x1a, 0x53, 0x1a, 0x53, 0x1a, 0x53, 0x1a, 0x53, 0x1a, 0x53, 0x1a, 0x53, 0x1a, 0x53, 0x1a, 0x53, 0x1a, 0x53, 0x1a,
    0x53, 0x1a, 0x53, 0x1a, 0x53, 0x1a, 0x53, 0x1a, 0x53, 0x1a, 0x53, 0x1a, 0x53, 0x1a, 0x53, 0x1a, 0x53, 0x1a, 0x53, 0x1a,
    0x53, 0x1a, 0x53, 0x1a, 0x53, 0x1a, 0x53, 0x1a, 0x33, 0x1a, 0x54, 0x1a, 0x84, 0x00, 0x00, 0x00, 0x00, 0x00, 0x00, 0x00,
    0x00, 0x00, 0x00, 0x00, 0x00, 0x00, 0x00, 0x00, 0x00, 0x00, 0x00, 0x00, 0x00, 0x00, 0x00, 0x00, 0x00, 0x00, 0x00, 0x00,
    0x00, 0x00, 0x00, 0x00, 0x00, 0x00, 0x00, 0x00, 0x00, 0x00, 0x00, 0x00, 0x00, 0x00, 0x00, 0x00, 0x00, 0x00, 0x00, 0x00,
    0x00, 0x00, 0x00, 0x00, 0x00, 0x00, 0x00, 0x08, 0x25, 0xc9, 0x26, 0xd9, 0x25, 0xd9, 0x25, 0xd9, 0x25, 0xd9, 0x25, 0xd9,
    0x25, 0xd9, 0x25, 0xd9, 0x25, 0xd9, 0x25, 0xd9, 0x25, 0xd9, 0x25, 0xd9, 0x25, 0xd9, 0x25, 0xd9, 0x25, 0xd9, 0x25, 0xd9,
    0x25, 0xd9, 0x25, 0xd9, 0x25, 0xd9, 0x25, 0xd9, 0x25, 0xd9, 0x25, 0xd9, 0x46, 0xd9, 0xc4, 0xd8, 0x2d, 0xe3, 0xff, 0xff,
    0xff, 0xff, 0xff, 0xff, 0xff, 0xff, 0xff, 0xff, 0xff, 0xff, 0x9e, 0xff, 0xf0, 0xeb, 0xe4, 0xd8, 0x05, 0xd9, 0x46, 0xd9,
    0x25, 0xd9, 0x25, 0xd9, 0x25, 0xd9, 0x25, 0xd9, 0x25, 0xd9, 0x25, 0xd9, 0x25, 0xd9, 0x25, 0xd9, 0x25, 0xd9, 0x25, 0xd9,
    0x25, 0xd9, 0x25, 0xd9, 0x25, 0xd9, 0x25, 0xd9, 0x46, 0xd9, 0x25, 0xd9, 0xa3, 0xd0, 0x6e, 0xe3, 0x5d, 0xff, 0xff, 0xff,
    0xff, 0xff, 0xff, 0xff, 0xff, 0xff, 0xff, 0xff, 0xff, 0xff, 0x2d, 0xe3, 0xc4, 0xd8, 0x46, 0xd9, 0x25, 0xd9, 0x25, 0xd9,
    0x25, 0xd9, 0x25, 0xd9, 0x25, 0xd9, 0x25, 0xd9, 0x25, 0xd9, 0x25, 0xd9, 0x25, 0xd9, 0x25, 0xd9, 0x25, 0xd9, 0x25, 0xd9,
    0x25, 0xd9, 0x25, 0xd9, 0x25, 0xd9, 0x25, 0xd9, 0x25, 0xd9, 0x25, 0xd9, 0x25, 0xd9, 0x25, 0xd9, 0x25, 0xd9, 0x46, 0xc9,
    0x32, 0x22, 0x53, 0x12, 0x53, 0x1a, 0x53, 0x1a, 0x53, 0x1a, 0x53, 0x1a, 0x53, 0x1a, 0x53, 0x1a, 0x53, 0x1a, 0x53, 0x1a,
    0x53, 0x1a, 0x53, 0x1a, 0x53, 0x1a, 0x53, 0x1a, 0x53, 0x1a, 0x53, 0x1a, 0x53, 0x1a, 0x53, 0x1a, 0x53, 0x1a, 0x53, 0x1a,
    0x53, 0x1a, 0x53, 0x1a, 0x53, 0x1a, 0x53, 0x1a, 0x53, 0x1a, 0x53, 0x1a, 0x53, 0x1a, 0x53, 0x1a, 0x53, 0x1a, 0x53, 0x1a,
    0x53, 0x1a, 0x53, 0x1a, 0x53, 0x1a, 0xd2, 0x09, 0xb8, 0x7c, 0xff, 0xff, 0xff, 0xff, 0xff, 0xff, 0xff, 0xff, 0x19, 0x8d,
    0x71, 0x01, 0x19, 0x8d, 0x37, 0x64, 0xd2, 0x01, 0xfb, 0xad, 0xb4, 0x2a, 0x73, 0x22, 0x9f, 0xef, 0xff, 0xff, 0xdf, 0xff,
    0xff, 0xff, 0x1b, 0xb6, 0xf2, 0x09, 0x53, 0x1a, 0x53, 0x1a, 0x53, 0x1a, 0x53, 0x1a, 0x53, 0x1a, 0x53, 0x1a, 0x53, 0x1a,
    0x53, 0x1a, 0x53, 0x1a, 0x53, 0x1a, 0x53, 0x1a, 0x53, 0x1a, 0x53, 0x1a, 0x53, 0x1a, 0x53, 0x1a, 0x53, 0x1a, 0x53, 0x1a,
    0x53, 0x1a, 0x53, 0x1a, 0x53, 0x1a, 0x53, 0x1a, 0x53, 0x1a, 0x53, 0x1a, 0x53, 0x1a, 0x53, 0x1a, 0x53, 0x1a, 0x53, 0x1a,
    0x53, 0x1a, 0x53, 0x1a, 0x53, 0x1a, 0x53, 0x1a, 0x33, 0x1a, 0x54, 0x1a, 0x84, 0x00, 0x00, 0x00, 0x00, 0x00, 0x00, 0x00,
    0x00, 0x00, 0x00, 0x00, 0x00, 0x00, 0x00, 0x00, 0x00, 0x00, 0x00, 0x00, 0x00, 0x00, 0x00, 0x00, 0x00, 0x00, 0x00, 0x00,
    0x00, 0x00, 0x00, 0x00, 0x00, 0x00, 0x00, 0x00, 0x00, 0x00, 0x00, 0x00, 0x00, 0x00, 0x00, 0x00, 0x00, 0x00, 0x00, 0x00,
    0x00, 0x00, 0x00, 0x00, 0x00, 0x00, 0x00, 0x08, 0x25, 0xc9, 0x26, 0xd9, 0x25, 0xd9, 0x25, 0xd9, 0x25, 0xd9, 0x25, 0xd9,
    0x25, 0xd9, 0x25, 0xd9, 0x25, 0xd9, 0x25, 0xd9, 0x25, 0xd9, 0x25, 0xd9, 0x25, 0xd9, 0x25, 0xd9, 0x25, 0xd9, 0x25, 0xd9,
    0x25, 0xd9, 0x25, 0xd9, 0x25, 0xd9, 0x25, 0xd9, 0x25, 0xd9, 0x25, 0xd9, 0x46, 0xd9, 0xa4, 0xd0, 0x14, 0xed, 0xff, 0xff,
    0xdf, 0xff, 0xff, 0xff, 0xff, 0xff, 0xff, 0xff, 0x18, 0xf6, 0x09, 0xda, 0xa4, 0xd0, 0x46, 0xd9, 0x46, 0xd9, 0x25, 0xd9,
    0x25, 0xd9, 0x25, 0xd9, 0x25, 0xd9, 0x25, 0xd9, 0x25, 0xd9, 0x25, 0xd9, 0x25, 0xd9, 0x25, 0xd9, 0x25, 0xd9, 0x25, 0xd9,
    0x25, 0xd9, 0x25, 0xd9, 0x25, 0xd9, 0x25, 0xd9, 0x25, 0xd9, 0x26, 0xd9, 0x46, 0xd9, 0xc4, 0xd0, 0xa7, 0xd9, 0x96, 0xf5,
    0xff, 0xff, 0xff, 0xff, 0xff, 0xff, 0xdf, 0xff, 0xff, 0xff, 0x14, 0xed, 0xa4, 0xd0, 0x46, 0xd9, 0x25, 0xd9, 0x25, 0xd9,
    0x25, 0xd9, 0x25, 0xd9, 0x25, 0xd9, 0x25, 0xd9, 0x25, 0xd9, 0x25, 0xd9, 0x25, 0xd9, 0x25, 0xd9, 0x25, 0xd9, 0x25, 0xd9,
    0x25, 0xd9, 0x25, 0xd9, 0x25, 0xd9, 0x25, 0xd9, 0x25, 0xd9, 0x25, 0xd9, 0x25, 0xd9, 0x25, 0xd9, 0x25, 0xd9, 0x46, 0xc9,
    0x32, 0x22, 0x53, 0x12, 0x53, 0x1a, 0x53, 0x1a, 0x53, 0x1a, 0x53, 0x1a, 0x53, 0x1a, 0x53, 0x1a, 0x53, 0x1a, 0x53, 0x1a,
    0x53, 0x1a, 0x53, 0x1a, 0x53, 0x1a, 0x53, 0x1a, 0x53, 0x1a, 0x53, 0x1a, 0x53, 0x1a, 0x53, 0x1a, 0x53, 0x1a, 0x53, 0x1a,
    0x53, 0x1a, 0x53, 0x1a, 0x53, 0x1a, 0x53, 0x1a, 0x53, 0x1a, 0x53, 0x1a, 0x53, 0x1a, 0x53, 0x1a, 0x53, 0x1a, 0x53, 0x1a,
    0x53, 0x1a, 0x53, 0x1a, 0x53, 0x1a, 0x53, 0x1a, 0x12, 0x12, 0x7c, 0xc6, 0xff, 0xff, 0xdf, 0xff, 0xff, 0xff, 0x3b, 0xb6,
    0xb1, 0x01, 0xb6, 0x53, 0xd6, 0x5b, 0x12, 0x12, 0xd8, 0x7c, 0x12, 0x12, 0x75, 0x4b, 0xff, 0xff, 0xff, 0xff, 0xff, 0xff,
    0x7e, 0xef, 0xb4, 0x2a, 0x33, 0x12, 0x53, 0x1a, 0x53, 0x1a, 0x53, 0x1a, 0x53, 0x1a, 0x53, 0x1a, 0x53, 0x1a, 0x53, 0x1a,
    0x53, 0x1a, 0x53, 0x1a, 0x53, 0x1a, 0x53, 0x1a, 0x53, 0x1a, 0x53, 0x1a, 0x53, 0x1a, 0x53, 0x1a, 0x53, 0x1a, 0x53, 0x1a,
    0x53, 0x1a, 0x53, 0x1a, 0x53, 0x1a, 0x53, 0x1a, 0x53, 0x1a, 0x53, 0x1a, 0x53, 0x1a, 0x53, 0x1a, 0x53, 0x1a, 0x53, 0x1a,
    0x53, 0x1a, 0x53, 0x1a, 0x53, 0x1a, 0x53, 0x1a, 0x33, 0x1a, 0x54, 0x1a, 0x84, 0x00, 0x00, 0x00, 0x00, 0x00, 0x00, 0x00,
    0x00, 0x00, 0x00, 0x00, 0x00, 0x00, 0x00, 0x00, 0x00, 0x00, 0x00, 0x00, 0x00, 0x00, 0x00, 0x00, 0x00, 0x00, 0x00, 0x00,
    0x00, 0x00, 0x00, 0x00, 0x00, 0x00, 0x00, 0x00, 0x00, 0x00, 0x00, 0x00, 0x00, 0x00, 0x00, 0x00, 0x00, 0x00, 0x00, 0x00,
    0x00, 0x00, 0x00, 0x00, 0x00, 0x00, 0x00, 0x08, 0x25, 0xc9, 0x26, 0xd9, 0x25, 0xd9, 0x25, 0xd9, 0x25, 0xd9, 0x25, 0xd9,
    0x25, 0xd9, 0x25, 0xd9, 0x25, 0xd9, 0x25, 0xd9, 0x25, 0xd9, 0x25, 0xd9, 0x25, 0xd9, 0x25, 0xd9, 0x25, 0xd9, 0x25, 0xd9,
    0x25, 0xd9, 0x25, 0xd9, 0x25, 0xd9, 0x25, 0xd9, 0x25, 0xd9, 0x25, 0xd9, 0x25, 0xd9, 0x25, 0xd9, 0xfb, 0xfe, 0xff, 0xff,
    0xdf, 0xff, 0xff, 0xff, 0x9e, 0xff, 0xf0, 0xeb, 0xe4, 0xd8, 0xe5, 0xd8, 0x46, 0xd9, 0x25, 0xd9, 0x25, 0xd9, 0x25, 0xd9,
    0x25, 0xd9, 0x25, 0xd9, 0x25, 0xd9, 0x25, 0xd9, 0x25, 0xd9, 0x25, 0xd9, 0x25, 0xd9, 0x25, 0xd9, 0x25, 0xd9, 0x25, 0xd9,
    0x25, 0xd9, 0x25, 0xd9, 0x25, 0xd9, 0x25, 0xd9, 0x25, 0xd9, 0x25, 0xd9, 0x25, 0xd9, 0x46, 0xd9, 0x05, 0xd9, 0xc4, 0xd0,
    0x6e, 0xe3, 0x5d, 0xff, 0xff, 0xff, 0xdf, 0xff, 0xff, 0xff, 0xfb, 0xfe, 0x25, 0xd9, 0x25, 0xd9, 0x25, 0xd9, 0x25, 0xd9,
    0x25, 0xd9, 0x25, 0xd9, 0x25, 0xd9, 0x25, 0xd9, 0x25, 0xd9, 0x25, 0xd9, 0x25, 0xd9, 0x25, 0xd9, 0x25, 0xd9, 0x25, 0xd9,
    0x25, 0xd9, 0x25, 0xd9, 0x25, 0xd9, 0x25, 0xd9, 0x25, 0xd9, 0x25, 0xd9, 0x25, 0xd9, 0x25, 0xd9, 0x25, 0xd9, 0x46, 0xc9,
    0x32, 0x22, 0x53, 0x12, 0x53, 0x1a, 0x53, 0x1a, 0x53, 0x1a, 0x53, 0x1a, 0x53, 0x1a, 0x53, 0x1a, 0x53, 0x1a, 0x53, 0x1a,
    0x53, 0x1a, 0x53, 0x1a, 0x53, 0x1a, 0x53, 0x1a, 0x53, 0x1a, 0x53, 0x1a, 0x53, 0x1a, 0x53, 0x1a, 0x53, 0x1a, 0x53, 0x1a,
    0x53, 0x1a, 0x53, 0x1a, 0x53, 0x1a, 0x53, 0x1a, 0x53, 0x1a, 0x53, 0x1a, 0x53, 0x1a, 0x53, 0x1a, 0x53, 0x1a, 0x53, 0x1a,
    0x53, 0x1a, 0x53, 0x1a, 0x53, 0x1a, 0x53, 0x1a, 0x12, 0x12, 0xf4, 0x32, 0xbf, 0xf7, 0xff, 0xff, 0xff, 0xff, 0x7e, 0xe7,
    0x53, 0x1a, 0xd4, 0x2a, 0x35, 0x43, 0x33, 0x1a, 0xb6, 0x53, 0xb2, 0x01, 0xd8, 0x7c, 0xff, 0xff, 0xdf, 0xff, 0xff, 0xff,
    0x37, 0x6c, 0xf2, 0x09, 0x53, 0x1a, 0x53, 0x1a, 0x53, 0x1a, 0x53, 0x1a, 0x53, 0x1a, 0x53, 0x1a, 0x53, 0x1a, 0x53, 0x1a,
    0x53, 0x1a, 0x53, 0x1a, 0x53, 0x1a, 0x53, 0x1a, 0x53, 0x1a, 0x53, 0x1a, 0x53, 0x1a, 0x53, 0x1a, 0x53, 0x1a, 0x53, 0x1a,
    0x53, 0x1a, 0x53, 0x1a, 0x53, 0x1a, 0x53, 0x1a, 0x53, 0x1a, 0x53, 0x1a, 0x53, 0x1a, 0x53, 0x1a, 0x53, 0x1a, 0x53, 0x1a,
    0x53, 0x1a, 0x53, 0x1a, 0x53, 0x1a, 0x53, 0x1a, 0x33, 0x1a, 0x54, 0x1a, 0x84, 0x00, 0x00, 0x00, 0x00, 0x00, 0x00, 0x00,
    0x00, 0x00, 0x00, 0x00, 0x00, 0x00, 0x00, 0x00, 0x00, 0x00, 0x00, 0x00, 0x00, 0x00, 0x00, 0x00, 0x00, 0x00, 0x00, 0x00,
    0x00, 0x00, 0x00, 0x00, 0x00, 0x00, 0x00, 0x00, 0x00, 0x00, 0x00, 0x00, 0x00, 0x00, 0x00, 0x00, 0x00, 0x00, 0x00, 0x00,
    0x00, 0x00, 0x00, 0x00, 0x00, 0x00, 0x00, 0x08, 0x25, 0xc9, 0x26, 0xd9, 0x25, 0xd9, 0x25, 0xd9, 0x25, 0xd9, 0x25, 0xd9,
    0x25, 0xd9, 0x25, 0xd9, 0x25, 0xd9, 0x25, 0xd9, 0x25, 0xd9, 0x25, 0xd9, 0x25, 0xd9, 0x25, 0xd9, 0x25, 0xd9, 0x25, 0xd9,
    0x25, 0xd9, 0x25, 0xd9, 0x25, 0xd9, 0x25, 0xd9, 0x25, 0xd9, 0x46, 0xd9, 0xe5, 0xd8, 0x49, 0xda, 0xdf, 0xff, 0xff, 0xff,
    0xff, 0xff, 0x18, 0xf6, 0x09, 0xda, 0xa4, 0xd0, 0x46, 0xd9, 0x46, 0xd9, 0x25, 0xd9, 0x25, 0xd9, 0x25, 0xd9, 0x25, 0xd9,
    0x25, 0xd9, 0x25, 0xd9, 0x25, 0xd9, 0x25, 0xd9, 0x25, 0xd9, 0x25, 0xd9, 0x25, 0xd9, 0x25, 0xd9, 0x25, 0xd9, 0x25, 0xd9,
    0x25, 0xd9, 0x25, 0xd9, 0x25, 0xd9, 0x25, 0xd9, 0x25, 0xd9, 0x25, 0xd9, 0x25, 0xd9, 0x25, 0xd9, 0x46, 0xd9, 0x46, 0xd9,
    0xa4, 0xd0, 0xa7, 0xd9, 0x18, 0xf6, 0xff, 0xff, 0xff, 0xff, 0xdf, 0xff, 0x49, 0xda, 0xe5, 0xd8, 0x46, 0xd9, 0x25, 0xd9,
    0x25, 0xd9, 0x25, 0xd9, 0x25, 0xd9, 0x25, 0xd9, 0x25, 0xd9, 0x25, 0xd9, 0x25, 0xd9, 0x25, 0xd9, 0x25, 0xd9, 0x25, 0xd9,
    0x25, 0xd9, 0x25, 0xd9, 0x25, 0xd9, 0x25, 0xd9, 0x25, 0xd9, 0x25, 0xd9, 0x25, 0xd9, 0x25, 0xd9, 0x25, 0xd9, 0x46, 0xc9,
    0x32, 0x22, 0x53, 0x12, 0x53, 0x1a, 0x53, 0x1a, 0x53, 0x1a, 0x53, 0x1a, 0x53, 0x1a, 0x53, 0x1a, 0x53, 0x1a, 0x53, 0x1a,
    0x53, 0x1a, 0x53, 0x1a, 0x53, 0x1a, 0x53, 0x1a, 0x53, 0x1a, 0x53, 0x1a, 0x53, 0x1a, 0x53, 0x1a, 0x53, 0x1a, 0x53, 0x1a,
    0x53, 0x1a, 0x53, 0x1a, 0x53, 0x1a, 0x53, 0x1a, 0x53, 0x1a, 0x53, 0x1a, 0x53, 0x1a, 0x53, 0x1a, 0x53, 0x1a, 0x53, 0x1a,
    0x53, 0x1a, 0x53, 0x1a, 0x53, 0x1a, 0x53, 0x1a, 0x53, 0x1a, 0xd2, 0x09, 0xb8, 0x7c, 0xff, 0xff, 0xff, 0xff, 0xdf, 0xff,
    0x35, 0x3b, 0x12, 0x12, 0x73, 0x1a, 0x53, 0x1a, 0x73, 0x22, 0xf2, 0x09, 0xdb, 0xad, 0xff, 0xff, 0xff, 0xff, 0x1b, 0xb6,
    0xf2, 0x09, 0x53, 0x1a, 0x53, 0x1a, 0x53, 0x1a, 0x53, 0x1a, 0x53, 0x1a, 0x53, 0x1a, 0x53, 0x1a, 0x53, 0x1a, 0x53, 0x1a,
    0x53, 0x1a, 0x53, 0x1a, 0x53, 0x1a, 0x53, 0x1a, 0x53, 0x1a, 0x53, 0x1a, 0x53, 0x1a, 0x53, 0x1a, 0x53, 0x1a, 0x53, 0x1a,
    0x53, 0x1a, 0x53, 0x1a, 0x53, 0x1a, 0x53, 0x1a, 0x53, 0x1a, 0x53, 0x1a, 0x53, 0x1a, 0x53, 0x1a, 0x53, 0x1a, 0x53, 0x1a,
    0x53, 0x1a, 0x53, 0x1a, 0x53, 0x1a, 0x53, 0x1a, 0x33, 0x1a, 0x54, 0x1a, 0x84, 0x00, 0x00, 0x00, 0x00, 0x00, 0x00, 0x00,
    0x00, 0x00, 0x00, 0x00, 0x00, 0x00, 0x00, 0x00, 0x00, 0x00, 0x00, 0x00, 0x00, 0x00, 0x00, 0x00, 0x00, 0x00, 0x00, 0x00,
    0x00, 0x00, 0x00, 0x00, 0x00, 0x00, 0x00, 0x00, 0x00, 0x00, 0x00, 0x00, 0x00, 0x00, 0x00, 0x00, 0x00, 0x00, 0x00, 0x00,
    0x00, 0x00, 0x00, 0x00, 0x00, 0x00, 0x00, 0x08, 0x25, 0xc9, 0x26, 0xd9, 0x25, 0xd9, 0x25, 0xd9, 0x25, 0xd9, 0x25, 0xd9,
    0x25, 0xd9, 0x25, 0xd9, 0x25, 0xd9, 0x25, 0xd9, 0x25, 0xd9, 0x25, 0xd9, 0x25, 0xd9, 0x25, 0xd9, 0x25, 0xd9, 0x25, 0xd9,
    0x25, 0xd9, 0x25, 0xd9, 0x25, 0xd9, 0x25, 0xd9, 0x25, 0xd9, 0x46, 0xd9, 0xa4, 0xd0, 0xaf, 0xe3, 0xff, 0xff, 0x9e, 0xff,
    0xf0, 0xeb, 0xe4, 0xd8, 0xe5, 0xd8, 0x46, 0xd9, 0x25, 0xd9, 0x25, 0xd9, 0x25, 0xd9, 0x25, 0xd9, 0x25, 0xd9, 0x25, 0xd9,
    0x25, 0xd9, 0x25, 0xd9, 0x25, 0xd9, 0x25, 0xd9, 0x25, 0xd9, 0x25, 0xd9, 0x25, 0xd9, 0x25, 0xd9, 0x25, 0xd9, 0x25, 0xd9,
    0x25, 0xd9, 0x25, 0xd9, 0x25, 0xd9, 0x25, 0xd9, 0x25, 0xd9, 0x25, 0xd9, 0x25, 0xd9, 0x25, 0xd9, 0x25, 0xd9, 0x25, 0xd9,
    0x46, 0xd9, 0x05, 0xd9, 0xe4, 0xd8, 0xf0, 0xeb, 0x9e, 0xff, 0xff, 0xff, 0xaf, 0xe3, 0xa4, 0xd0, 0x46, 0xd9, 0x25, 0xd9,
    0x25, 0xd9, 0x25, 0xd9, 0x25, 0xd9, 0x25, 0xd9, 0x25, 0xd9, 0x25, 0xd9, 0x25, 0xd9, 0x25, 0xd9, 0x25, 0xd9, 0x25, 0xd9,
    0x25, 0xd9, 0x25, 0xd9, 0x25, 0xd9, 0x25, 0xd9, 0x25, 0xd9, 0x25, 0xd9, 0x25, 0xd9, 0x25, 0xd9, 0x25, 0xd9, 0x46, 0xc9,
    0x32, 0x22, 0x53, 0x12, 0x53, 0x1a, 0x53, 0x1a, 0x53, 0x1a, 0x53, 0x1a, 0x53, 0x1a, 0x53, 0x1a, 0x53, 0x1a, 0x53, 0x1a,
    0x53, 0x1a, 0x53, 0x1a, 0x53, 0x1a, 0x53, 0x1a, 0x53, 0x1a, 0x53, 0x1a, 0x53, 0x1a, 0x53, 0x1a, 0x53, 0x1a, 0x53, 0x1a,
    0x53, 0x1a, 0x53, 0x1a, 0x53, 0x1a, 0x53, 0x1a, 0x53, 0x1a, 0x53, 0x1a, 0x53, 0x1a, 0x53, 0x1a, 0x53, 0x1a, 0x53, 0x1a,
    0x53, 0x1a, 0x53, 0x1a, 0x53, 0x1a, 0x53, 0x1a, 0x53, 0x1a, 0x53, 0x1a, 0x12, 0x12, 0x7c, 0xc6, 0xff, 0xff, 0xff, 0xff,
    0x17, 0x64, 0xf2, 0x09, 0x53, 0x1a, 0x53, 0x1a, 0x53, 0x1a, 0x33, 0x12, 0xdd, 0xd6, 0xff, 0xff, 0x7e, 0xef, 0xb4, 0x2a,
    0x33, 0x12, 0x53, 0x1a, 0x53, 0x1a, 0x53, 0x1a, 0x53, 0x1a, 0x53, 0x1a, 0x53, 0x1a, 0x53, 0x1a, 0x53, 0x1a, 0x53, 0x1a,
    0x53, 0x1a, 0x53, 0x1a, 0x53, 0x1a, 0x53, 0x1a, 0x53, 0x1a, 0x53, 0x1a, 0x53, 0x1a, 0x53, 0x1a, 0x53, 0x1a, 0x53, 0x1a,
    0x53, 0x1a, 0x53, 0x1a, 0x53, 0x1a, 0x53, 0x1a, 0x53, 0x1a, 0x53, 0x1a, 0x53, 0x1a, 0x53, 0x1a, 0x53, 0x1a, 0x53, 0x1a,
    0x53, 0x1a, 0x53, 0x1a, 0x53, 0x1a, 0x53, 0x1a, 0x33, 0x1a, 0x54, 0x1a, 0x84, 0x00, 0x00, 0x00, 0x00, 0x00, 0x00, 0x00,
    0x00, 0x00, 0x00, 0x00, 0x00, 0x00, 0x00, 0x00, 0x00, 0x00, 0x00, 0x00, 0x00, 0x00, 0x00, 0x00, 0x00, 0x00, 0x00, 0x00,
    0x00, 0x00, 0x00, 0x00, 0x00, 0x00, 0x00, 0x00, 0x00, 0x00, 0x00, 0x00, 0x00, 0x00, 0x00, 0x00, 0x00, 0x00, 0x00, 0x00,
    0x00, 0x00, 0x00, 0x00, 0x00, 0x00, 0x00, 0x08, 0x25, 0xc9, 0x26, 0xd9, 0x25, 0xd9, 0x25, 0xd9, 0x25, 0xd9, 0x25, 0xd9,
    0x25, 0xd9, 0x25, 0xd9, 0x25, 0xd9, 0x25, 0xd9, 0x25, 0xd9, 0x25, 0xd9, 0x25, 0xd9, 0x25, 0xd9, 0x25, 0xd9, 0x25, 0xd9,
    0x25, 0xd9, 0x25, 0xd9, 0x25, 0xd9, 0x25, 0xd9, 0x25, 0xd9, 0x46, 0xd9, 0xc4, 0xd8, 0x59, 0xf6, 0x59, 0xf6, 0xe8, 0xd9,
    0xa4, 0xd0, 0x46, 0xd9, 0x46, 0xd9, 0x25, 0xd9, 0x25, 0xd9, 0x25, 0xd9, 0x25, 0xd9, 0x25, 0xd9, 0x25, 0xd9, 0x25, 0xd9,
    0x25, 0xd9, 0x25, 0xd9, 0x25, 0xd9, 0x25, 0xd9, 0x25, 0xd9, 0x25, 0xd9, 0x25, 0xd9, 0x25, 0xd9, 0x25, 0xd9, 0x25, 0xd9,
    0x25, 0xd9, 0x25, 0xd9, 0x25, 0xd9, 0x25, 0xd9, 0x25, 0xd9, 0x25, 0xd9, 0x25, 0xd9, 0x25, 0xd9, 0x25, 0xd9, 0x25, 0xd9,
    0x25, 0xd9, 0x46, 0xd9, 0x46, 0xd9, 0xa4, 0xd0, 0xe8, 0xd9, 0x59, 0xf6, 0x59, 0xf6, 0xc4, 0xd8, 0x46, 0xd9, 0x25, 0xd9,
    0x25, 0xd9, 0x25, 0xd9, 0x25, 0xd9, 0x25, 0xd9, 0x25, 0xd9, 0x25, 0xd9, 0x25, 0xd9, 0x25, 0xd9, 0x25, 0xd9, 0x25, 0xd9,
    0x25, 0xd9, 0x25, 0xd9, 0x25, 0xd9, 0x25, 0xd9, 0x25, 0xd9, 0x25, 0xd9, 0x25, 0xd9, 0x25, 0xd9, 0x25, 0xd9, 0x46, 0xc9,
    0x32, 0x22, 0x53, 0x12, 0x53, 0x1a, 0x53, 0x1a, 0x53, 0x1a, 0x53, 0x1a, 0x53, 0x1a, 0x53, 0x1a, 0x53, 0x1a, 0x53, 0x1a,
    0x53, 0x1a, 0x53, 0x1a, 0x53, 0x1a, 0x53, 0x1a, 0x53, 0x1a, 0x53, 0x1a, 0x53, 0x1a, 0x53, 0x1a, 0x53, 0x1a, 0x53, 0x1a,
    0x53, 0x1a, 0x53, 0x1a, 0x53, 0x1a, 0x53, 0x1a, 0x53, 0x1a, 0x53, 0x1a, 0x53, 0x1a, 0x53, 0x1a, 0x53, 0x1a, 0x53, 0x1a,
    0x53, 0x1a, 0x53, 0x1a, 0x53, 0x1a, 0x53, 0x1a, 0x53, 0x1a, 0x53, 0x1a, 0x12, 0x12, 0xf4, 0x32, 0xbf, 0xf7, 0xff, 0xff,
    0x7a, 0x9d, 0xd2, 0x09, 0x53, 0x1a, 0x53, 0x1a, 0x12, 0x12, 0xf4, 0x32, 0xbf, 0xf7, 0xff, 0xff, 0x37, 0x64, 0xf2, 0x09,
    0x53, 0x1a, 0x53, 0x1a, 0x53, 0x1a, 0x53, 0x1a, 0x53, 0x1a, 0x53, 0x1a, 0x53, 0x1a, 0x53, 0x1a, 0x53, 0x1a, 0x53, 0x1a,
    0x53, 0x1a, 0x53, 0x1a, 0x53, 0x1a, 0x53, 0x1a, 0x53, 0x1a, 0x53, 0x1a, 0x53, 0x1a, 0x53, 0x1a, 0x53, 0x1a, 0x53, 0x1a,
    0x53, 0x1a, 0x53, 0x1a, 0x53, 0x1a, 0x53, 0x1a, 0x53, 0x1a, 0x53, 0x1a, 0x53, 0x1a, 0x53, 0x1a, 0x53, 0x1a, 0x53, 0x1a,
    0x53, 0x1a, 0x53, 0x1a, 0x53, 0x1a, 0x53, 0x1a, 0x33, 0x1a, 0x54, 0x1a, 0x84, 0x00, 0x00, 0x00, 0x00, 0x00, 0x00, 0x00,
    0x00, 0x00, 0x00, 0x00, 0x00, 0x00, 0x00, 0x00, 0x00, 0x00, 0x00, 0x00, 0x00, 0x00, 0x00, 0x00, 0x00, 0x00, 0x00, 0x00,
    0x00, 0x00, 0x00, 0x00, 0x00, 0x00, 0x00, 0x00, 0x00, 0x00, 0x00, 0x00, 0x00, 0x00, 0x00, 0x00, 0x00, 0x00, 0x00, 0x00,
    0x00, 0x00, 0x00, 0x00, 0x00, 0x00, 0x00, 0x08, 0x25, 0xc9, 0x26, 0xd9, 0x25, 0xd9, 0x25, 0xd9, 0x25, 0xd9, 0x25, 0xd9,
    0x25, 0xd9, 0x25, 0xd9, 0x25, 0xd9, 0x25, 0xd9, 0x25, 0xd9, 0x25, 0xd9, 0x25, 0xd9, 0x25, 0xd9, 0x25, 0xd9, 0x25, 0xd9,
    0x25, 0xd9, 0x25, 0xd9, 0x25, 0xd9, 0x25, 0xd9, 0x25, 0xd9, 0x05, 0xd9, 0x87, 0xd9, 0x8e, 0xe3, 0x05, 0xd9, 0xe4, 0xd8,
    0x46, 0xd9, 0x25, 0xd9, 0x25, 0xd9, 0x25, 0xd9, 0x25, 0xd9, 0x25, 0xd9, 0x25, 0xd9, 0x25, 0xd9, 0x25, 0xd9, 0x25, 0xd9,
    0x25, 0xd9, 0x25, 0xd9, 0x25, 0xd9, 0x25, 0xd9, 0x25, 0xd9, 0x25, 0xd9, 0x25, 0xd9, 0x25, 0xd9, 0x25, 0xd9, 0x25, 0xd9,
    0x25, 0xd9, 0x25, 0xd9, 0x25, 0xd9, 0x25, 0xd9, 0x25, 0xd9, 0x25, 0xd9, 0x25, 0xd9, 0x25, 0xd9, 0x25, 0xd9, 0x25, 0xd9,
    0x25, 0xd9, 0x25, 0xd9, 0x25, 0xd9, 0x46, 0xd9, 0xe4, 0xd8, 0x05, 0xd9, 0x8e, 0xe3, 0x87, 0xd9, 0x05, 0xd9, 0x25, 0xd9,
    0x25, 0xd9, 0x25, 0xd9, 0x25, 0xd9, 0x25, 0xd9, 0x25, 0xd9, 0x25, 0xd9, 0x25, 0xd9, 0x25, 0xd9, 0x25, 0xd9, 0x25, 0xd9,
    0x25, 0xd9, 0x25, 0xd9, 0x25, 0xd9, 0x25, 0xd9, 0x25, 0xd9, 0x25, 0xd9, 0x25, 0xd9, 0x25, 0xd9, 0x25, 0xd9, 0x46, 0xc9,
    0x32, 0x22, 0x53, 0x12, 0x53, 0x1a, 0x53, 0x1a, 0x53, 0x1a, 0x53, 0x1a, 0x53, 0x1a, 0x53, 0x1a, 0x53, 0x1a, 0x53, 0x1a,
    0x53, 0x1a, 0x53, 0x1a, 0x53, 0x1a, 0x53, 0x1a, 0x53, 0x1a, 0x53, 0x1a, 0x53, 0x1a, 0x53, 0x1a, 0x53, 0x1a, 0x53, 0x1a,
    0x53, 0x1a, 0x53, 0x1a, 0x53, 0x1a, 0x53, 0x1a, 0x53, 0x1a, 0x53, 0x1a, 0x53, 0x1a, 0x53, 0x1a, 0x53, 0x1a, 0x53, 0x1a,
    0x53, 0x1a, 0x53, 0x1a, 0x53, 0x1a, 0x53, 0x1a, 0x53, 0x1a, 0x53, 0x1a, 0x53, 0x1a, 0xd2, 0x09, 0x98, 0x7c, 0xff, 0xff,
    0x9c, 0xc6, 0x12, 0x12, 0x53, 0x1a, 0x53, 0x1a, 0xf2, 0x09, 0xd6, 0x53, 0xff, 0xff, 0x1b, 0xb6, 0xf2, 0x09, 0x53, 0x1a,
    0x53, 0x1a, 0x53, 0x1a, 0x53, 0x1a, 0x53, 0x1a, 0x53, 0x1a, 0x53, 0x1a, 0x53, 0x1a, 0x53, 0x1a, 0x53, 0x1a, 0x53, 0x1a,
    0x53, 0x1a, 0x53, 0x1a, 0x53, 0x1a, 0x53, 0x1a, 0x53, 0x1a, 0x53, 0x1a, 0x53, 0x1a, 0x53, 0x1a, 0x53, 0x1a, 0x53, 0x1a,
    0x53, 0x1a, 0x53, 0x1a, 0x53, 0x1a, 0x53, 0x1a, 0x53, 0x1a, 0x53, 0x1a, 0x53, 0x1a, 0x53, 0x1a, 0x53, 0x1a, 0x53, 0x1a,
    0x53, 0x1a, 0x53, 0x1a, 0x53, 0x1a, 0x53, 0x1a, 0x33, 0x1a, 0x54, 0x1a, 0x84, 0x00, 0x00, 0x00, 0x00, 0x00, 0x00, 0x00,
    0x00, 0x00, 0x00, 0x00, 0x00, 0x00, 0x00, 0x00, 0x00, 0x00, 0x00, 0x00, 0x00, 0x00, 0x00, 0x00, 0x00, 0x00, 0x00, 0x00,
    0x00, 0x00, 0x00, 0x00, 0x00, 0x00, 0x00, 0x00, 0x00, 0x00, 0x00, 0x00, 0x00, 0x00, 0x00, 0x00, 0x00, 0x00, 0x00, 0x00,
    0x00, 0x00, 0x00, 0x00, 0x00, 0x00, 0x00, 0x08, 0x25, 0xc9, 0x26, 0xd9, 0x25, 0xd9, 0x25, 0xd9, 0x25, 0xd9, 0x25, 0xd9,
    0x25, 0xd9, 0x25, 0xd9, 0x25, 0xd9, 0x25, 0xd9, 0x25, 0xd9, 0x25, 0xd9, 0x25, 0xd9, 0x25, 0xd9, 0x25, 0xd9, 0x25, 0xd9,
    0x25, 0xd9, 0x25, 0xd9, 0x25, 0xd9, 0x25, 0xd9, 0x25, 0xd9, 0x25, 0xd9, 0x25, 0xd9, 0xe4, 0xd8, 0x25, 0xd9, 0x46, 0xd9,
    0x25, 0xd9, 0x25, 0xd9, 0x25, 0xd9, 0x25, 0xd9, 0x25, 0xd9, 0x25, 0xd9, 0x25, 0xd9, 0x25, 0xd9, 0x25, 0xd9, 0x25, 0xd9,
    0x25, 0xd9, 0x25, 0xd9, 0x25, 0xd9, 0x25, 0xd9, 0x25, 0xd9, 0x25, 0xd9, 0x25, 0xd9, 0x25, 0xd9, 0x25, 0xd9, 0x25, 0xd9,
    0x25, 0xd9, 0x25, 0xd9, 0x25, 0xd9, 0x25, 0xd9, 0x25, 0xd9, 0x25, 0xd9, 0x25, 0xd9, 0x25, 0xd9, 0x25, 0xd9, 0x25, 0xd9,
    0x25, 0xd9, 0x25, 0xd9, 0x25, 0xd9, 0x25, 0xd9, 0x46, 0xd9, 0x25, 0xd9, 0xe4, 0xd8, 0x25, 0xd9, 0x25, 0xd9, 0x25, 0xd9,
    0x25, 0xd9, 0x25, 0xd9, 0x25, 0xd9, 0x25, 0xd9, 0x25, 0xd9, 0x25, 0xd9, 0x25, 0xd9, 0x25, 0xd9, 0x25, 0xd9, 0x25, 0xd9,
    0x25, 0xd9, 0x25, 0xd9, 0x25, 0xd9, 0x25, 0xd9, 0x25, 0xd9, 0x25, 0xd9, 0x25, 0xd9, 0x25, 0xd9, 0x25, 0xd9, 0x46, 0xc9,
    0x32, 0x22, 0x53, 0x12, 0x53, 0x1a, 0x53, 0x1a, 0x53, 0x1a, 0x53, 0x1a, 0x53, 0x1a, 0x53, 0x1a, 0x53, 0x1a, 0x53, 0x1a,
    0x53, 0x1a, 0x53, 0x1a, 0x53, 0x1a, 0x53, 0x1a, 0x53, 0x1a, 0x53, 0x1a, 0x53, 0x1a, 0x53, 0x1a, 0x53, 0x1a, 0x53, 0x1a,
    0x53, 0x1a, 0x53, 0x1a, 0x53, 0x1a, 0x53, 0x1a, 0x53, 0x1a, 0x53, 0x1a, 0x53, 0x1a, 0x53, 0x1a, 0x53, 0x1a, 0x53, 0x1a,
    0x53, 0x1a, 0x53, 0x1a, 0x53, 0x1a, 0x53, 0x1a, 0x53, 0x1a, 0x53, 0x1a, 0x53, 0x1a, 0x53, 0x1a, 0xf2, 0x09, 0x9c, 0xc6,
    0xdf, 0xff, 0x73, 0x22, 0x33, 0x12, 0x73, 0x1a, 0xd2, 0x09, 0x19, 0x8d, 0xdf, 0xf7, 0x93, 0x22, 0x33, 0x12, 0x53, 0x1a,
    0x53, 0x1a, 0x53, 0x1a, 0x53, 0x1a, 0x53, 0x1a, 0x53, 0x1a, 0x53, 0x1a, 0x53, 0x1a, 0x53, 0x1a, 0x53, 0x1a, 0x53, 0x1a,
    0x53, 0x1a, 0x53, 0x1a, 0x53, 0x1a, 0x53, 0x1a, 0x53, 0x1a, 0x53, 0x1a, 0x53, 0x1a, 0x53, 0x1a, 0x53, 0x1a, 0x53, 0x1a,
    0x53, 0x1a, 0x53, 0x1a, 0x53, 0x1a, 0x53, 0x1a, 0x53, 0x1a, 0x53, 0x1a, 0x53, 0x1a, 0x53, 0x1a, 0x53, 0x1a, 0x53, 0x1a,
    0x53, 0x1a, 0x53, 0x1a, 0x53, 0x1a, 0x53, 0x1a, 0x33, 0x1a, 0x54, 0x1a, 0x84, 0x00, 0x00, 0x00, 0x00, 0x00, 0x00, 0x00,
    0x00, 0x00, 0x00, 0x00, 0x00, 0x00, 0x00, 0x00, 0x00, 0x00, 0x00, 0x00, 0x00, 0x00, 0x00, 0x00, 0x00, 0x00, 0x00, 0x00,
    0x00, 0x00, 0x00, 0x00, 0x00, 0x00, 0x00, 0x00, 0x00, 0x00, 0x00, 0x00, 0x00, 0x00, 0x00, 0x00, 0x00, 0x00, 0x00, 0x00,
    0x00, 0x00, 0x00, 0x00, 0x00, 0x00, 0x00, 0x08, 0x25, 0xc9, 0x26, 0xd9, 0x25, 0xd9, 0x25, 0xd9, 0x25, 0xd9, 0x25, 0xd9,
    0x25, 0xd9, 0x25, 0xd9, 0x25, 0xd9, 0x25, 0xd9, 0x25, 0xd9, 0x25, 0xd9, 0x25, 0xd9, 0x25, 0xd9, 0x25, 0xd9, 0x25, 0xd9,
    0x25, 0xd9, 0x25, 0xd9, 0x25, 0xd9, 0x25, 0xd9, 0x25, 0xd9, 0x25, 0xd9, 0x25, 0xd9, 0x46, 0xd9, 0x26, 0xd9, 0x25, 0xd9,
    0x25, 0xd9, 0x25, 0xd9, 0x25, 0xd9, 0x25, 0xd9, 0x25, 0xd9, 0x25, 0xd9, 0x25, 0xd9, 0x25, 0xd9, 0x25, 0xd9, 0x25, 0xd9,
    0x25, 0xd9, 0x25, 0xd9, 0x25, 0xd9, 0x25, 0xd9, 0x25, 0xd9, 0x25, 0xd9, 0x25, 0xd9, 0x25, 0xd9, 0x25, 0xd9, 0x25, 0xd9,
    0x25, 0xd9, 0x25, 0xd9, 0x25, 0xd9, 0x25, 0xd9, 0x25, 0xd9, 0x25, 0xd9, 0x25, 0xd9, 0x25, 0xd9, 0x25, 0xd9, 0x25, 0xd9,
    0x25, 0xd9, 0x25, 0xd9, 0x25, 0xd9, 0x25, 0xd9, 0x25, 0xd9, 0x26, 0xd9, 0x46, 0xd9, 0x25, 0xd9, 0x25, 0xd9, 0x25, 0xd9,
    0x25, 0xd9, 0x25, 0xd9, 0x25, 0xd9, 0x25, 0xd9, 0x25, 0xd9, 0x25, 0xd9, 0x25, 0xd9, 0x25, 0xd9, 0x25, 0xd9, 0x25, 0xd9,
    0x25, 0xd9, 0x25, 0xd9, 0x25, 0xd9, 0x25, 0xd9, 0x25, 0xd9, 0x25, 0xd9, 0x25, 0xd9, 0x25, 0xd9, 0x25, 0xd9, 0x46, 0xc9,
    0x32, 0x22, 0x53, 0x12, 0x53, 0x1a, 0x53, 0x1a, 0x53, 0x1a, 0x53, 0x1a, 0x53, 0x1a, 0x53, 0x1a, 0x53, 0x1a, 0x53, 0x1a,
    0x53, 0x1a, 0x53, 0x1a, 0x53, 0x1a, 0x53, 0x1a, 0x53, 0x1a, 0x53, 0x1a, 0x53, 0x1a, 0x53, 0x1a, 0x53, 0x1a, 0x53, 0x1a,
    0x53, 0x1a, 0x53, 0x1a, 0x53, 0x1a, 0x53, 0x1a, 0x53, 0x1a, 0x53, 0x1a, 0x53, 0x1a, 0x53, 0x1a, 0x53, 0x1a, 0x53, 0x1a,
    0x53, 0x1a, 0x53, 0x1a, 0x53, 0x1a, 0x53, 0x1a, 0x53, 0x1a, 0x53, 0x1a, 0x53, 0x1a, 0x53, 0x1a, 0x12, 0x12, 0xf4, 0x32,
    0xdf, 0xff, 0x75, 0x4b, 0xf2, 0x09, 0x73, 0x1a, 0xf2, 0x09, 0x7c, 0xc6, 0x98, 0x74, 0xd2, 0x01, 0x53, 0x1a, 0x53, 0x1a,
    0x53, 0x1a, 0x53, 0x1a, 0x53, 0x1a, 0x53, 0x1a, 0x53, 0x1a, 0x53, 0x1a, 0x53, 0x1a, 0x53, 0x1a, 0x53, 0x1a, 0x53, 0x1a,
    0x53, 0x1a, 0x53, 0x1a, 0x53, 0x1a, 0x53, 0x1a, 0x53, 0x1a, 0x53, 0x1a, 0x53, 0x1a, 0x53, 0x1a, 0x53, 0x1a, 0x53, 0x1a,
    0x53, 0x1a, 0x53, 0x1a, 0x53, 0x1a, 0x53, 0x1a, 0x53, 0x1a, 0x53, 0x1a, 0x53, 0x1a, 0x53, 0x1a, 0x53, 0x1a, 0x53, 0x1a,
    0x53, 0x1a, 0x53, 0x1a, 0x53, 0x1a, 0x53, 0x1a, 0x33, 0x1a, 0x54, 0x1a, 0x84, 0x00, 0x00, 0x00, 0x00, 0x00, 0x00, 0x00,
    0x00, 0x00, 0x00, 0x00, 0x00, 0x00, 0x00, 0x00, 0x00, 0x00, 0x00, 0x00, 0x00, 0x00, 0x00, 0x00, 0x00, 0x00, 0x00, 0x00,
    0x00, 0x00, 0x00, 0x00, 0x00, 0x00, 0x00, 0x00, 0x00, 0x00, 0x00, 0x00, 0x00, 0x00, 0x00, 0x00, 0x00, 0x00, 0x00, 0x00,
    0x00, 0x00, 0x00, 0x00, 0x00, 0x00, 0x00, 0x08, 0x25, 0xc9, 0x26, 0xd9, 0x25, 0xd9, 0x25, 0xd9, 0x25, 0xd9, 0x25, 0xd9,
    0x25, 0xd9, 0x25, 0xd9, 0x25, 0xd9, 0x25, 0xd9, 0x25, 0xd9, 0x25, 0xd9, 0x25, 0xd9, 0x25, 0xd9, 0x25, 0xd9, 0x25, 0xd9,
    0x25, 0xd9, 0x25, 0xd9, 0x25, 0xd9, 0x25, 0xd9, 0x25, 0xd9, 0x25, 0xd9, 0x25, 0xd9, 0x25, 0xd9, 0x25, 0xd9, 0x25, 0xd9,
    0x25, 0xd9, 0x25, 0xd9, 0x25, 0xd9, 0x25, 0xd9, 0x25, 0xd9, 0x25, 0xd9, 0x25, 0xd9, 0x25, 0xd9, 0x25, 0xd9, 0x25, 0xd9,
    0x25, 0xd9, 0x25, 0xd9, 0x25, 0xd9, 0x25, 0xd9, 0x25, 0xd9, 0x25, 0xd9, 0x25, 0xd9, 0x25, 0xd9, 0x25, 0xd9, 0x25, 0xd9,
    0x25, 0xd9, 0x25, 0xd9, 0x25, 0xd9, 0x25, 0xd9, 0x25, 0xd9, 0x25, 0xd9, 0x25, 0xd9, 0x25, 0xd9, 0x25, 0xd9, 0x25, 0xd9,
    0x25, 0xd9, 0x25, 0xd9, 0x25, 0xd9, 0x25, 0xd9, 0x25, 0xd9, 0x25, 0xd9, 0x25, 0xd9, 0x25, 0xd9, 0x25, 0xd9, 0x25, 0xd9,
    0x25, 0xd9, 0x25, 0xd9, 0x25, 0xd9, 0x25, 0xd9, 0x25, 0xd9, 0x25, 0xd9, 0x25, 0xd9, 0x25, 0xd9, 0x25, 0xd9, 0x25, 0xd9,
    0x25, 0xd9, 0x25, 0xd9, 0x25, 0xd9, 0x25, 0xd9, 0x25, 0xd9, 0x25, 0xd9, 0x25, 0xd9, 0x25, 0xd9, 0x25, 0xd9, 0x46, 0xc9,
    0x32, 0x22, 0x53, 0x12, 0x53, 0x1a, 0x53, 0x1a, 0x53, 0x1a, 0x53, 0x1a, 0x53, 0x1a, 0x53, 0x1a, 0x53, 0x1a, 0x53, 0x1a,
    0x53, 0x1a, 0x53, 0x1a, 0x53, 0x1a, 0x53, 0x1a, 0x53, 0x1a, 0x53, 0x1a, 0x53, 0x1a, 0x53, 0x1a, 0x53, 0x1a, 0x53, 0x1a,
    0x53, 0x1a, 0x53, 0x1a, 0x53, 0x1a, 0x53, 0x1a, 0x53, 0x1a, 0x53, 0x1a, 0x53, 0x1a, 0x53, 0x1a, 0x53, 0x1a, 0x53, 0x1a,
    0x53, 0x1a, 0x53, 0x1a, 0x53, 0x1a, 0x53, 0x1a, 0x53, 0x1a, 0x53, 0x1a, 0x53, 0x1a, 0x53, 0x1a, 0x73, 0x1a, 0xb2, 0x01,
    0x19, 0x8d, 0x39, 0x8d, 0xd2, 0x01, 0x33, 0x1a, 0xd4, 0x32, 0x7a, 0x9d, 0x12, 0x12, 0x53, 0x1a, 0x53, 0x1a, 0x53, 0x1a,
    0x53, 0x1a, 0x53, 0x1a, 0x53, 0x1a, 0x53, 0x1a, 0x53, 0x1a, 0x53, 0x1a, 0x53, 0x1a, 0x53, 0x1a, 0x53, 0x1a, 0x53, 0x1a,
    0x53, 0x1a, 0x53, 0x1a, 0x53, 0x1a, 0x53, 0x1a, 0x53, 0x1a, 0x53, 0x1a, 0x53, 0x1a, 0x53, 0x1a, 0x53, 0x1a, 0x53, 0x1a,
    0x53, 0x1a, 0x53, 0x1a, 0x53, 0x1a, 0x53, 0x1a, 0x53, 0x1a, 0x53, 0x1a, 0x53, 0x1a, 0x53, 0x1a, 0x53, 0x1a, 0x53, 0x1a,
    0x53, 0x1a, 0x53, 0x1a, 0x53, 0x1a, 0x53, 0x1a, 0x33, 0x1a, 0x54, 0x1a, 0x84, 0x00, 0x00, 0x00, 0x00, 0x00, 0x00, 0x00,
    0x00, 0x00, 0x00, 0x00, 0x00, 0x00, 0x00, 0x00, 0x00, 0x00, 0x00, 0x00, 0x00, 0x00, 0x00, 0x00, 0x00, 0x00, 0x00, 0x00,
    0x00, 0x00, 0x00, 0x00, 0x00, 0x00, 0x00, 0x00, 0x00, 0x00, 0x00, 0x00, 0x00, 0x00, 0x00, 0x00, 0x00, 0x00, 0x00, 0x00,
    0x00, 0x00, 0x00, 0x00, 0x00, 0x00, 0x00, 0x08, 0x25, 0xc9, 0x26, 0xd9, 0x25, 0xd9, 0x25, 0xd9, 0x25, 0xd9, 0x25, 0xd9,
    0x25, 0xd9, 0x25, 0xd9, 0x25, 0xd9, 0x25, 0xd9, 0x25, 0xd9, 0x25, 0xd9, 0x25, 0xd9, 0x25, 0xd9, 0x25, 0xd9, 0x25, 0xd9,
    0x25, 0xd9, 0x25, 0xd9, 0x25, 0xd9, 0x25, 0xd9, 0x25, 0xd9, 0x25, 0xd9, 0x25, 0xd9, 0x25, 0xd9, 0x25, 0xd9, 0x25, 0xd9,
    0x25, 0xd9, 0x25, 0xd9, 0x25, 0xd9, 0x25, 0xd9, 0x25, 0xd9, 0x25, 0xd9, 0x25, 0xd9, 0x25, 0xd9, 0x25, 0xd9, 0x25, 0xd9,
    0x25, 0xd9, 0x25, 0xd9, 0x25, 0xd9, 0x25, 0xd9, 0x25, 0xd9, 0x25, 0xd9, 0x25, 0xd9, 0x25, 0xd9, 0x25, 0xd9, 0x25, 0xd9,
    0x25, 0xd9, 0x25, 0xd9, 0x25, 0xd9, 0x25, 0xd9, 0x25, 0xd9, 0x25, 0xd9, 0x25, 0xd9, 0x25, 0xd9, 0x25, 0xd9, 0x25, 0xd9,
    0x25, 0xd9, 0x25, 0xd9, 0x25, 0xd9, 0x25, 0xd9, 0x25, 0xd9, 0x25, 0xd9, 0x25, 0xd9, 0x25, 0xd9, 0x25, 0xd9, 0x25, 0xd9,
    0x25, 0xd9, 0x25, 0xd9, 0x25, 0xd9, 0x25, 0xd9, 0x25, 0xd9, 0x25, 0xd9, 0x25, 0xd9, 0x25, 0xd9, 0x25, 0xd9, 0x25, 0xd9,
    0x25, 0xd9, 0x25, 0xd9, 0x25, 0xd9, 0x25, 0xd9, 0x25, 0xd9, 0x25, 0xd9, 0x25, 0xd9, 0x25, 0xd9, 0x25, 0xd9, 0x46, 0xc9,
    0x32, 0x22, 0x53, 0x12, 0x53, 0x1a, 0x53, 0x1a, 0x53, 0x1a, 0x53, 0x1a, 0x53, 0x1a, 0x53, 0x1a, 0x53, 0x1a, 0x53, 0x1a,
    0x53, 0x1a, 0x53, 0x1a, 0x53, 0x1a, 0x53, 0x1a, 0x53, 0x1a, 0x53, 0x1a, 0x53, 0x1a, 0x53, 0x1a, 0x53, 0x1a, 0x53, 0x1a,
    0x53, 0x1a, 0x53, 0x1a, 0x53, 0x1a, 0x53, 0x1a, 0x53, 0x1a, 0x53, 0x1a, 0x53, 0x1a, 0x53, 0x1a, 0x53, 0x1a, 0x53, 0x1a,
    0x53, 0x1a, 0x53, 0x1a, 0x53, 0x1a, 0x53, 0x1a, 0x53, 0x1a, 0x53, 0x1a, 0x53, 0x1a, 0x53, 0x1a, 0x53, 0x1a, 0x33, 0x1a,
    0x73, 0x22, 0x57, 0x6c, 0x33, 0x1a, 0x33, 0x12, 0xd4, 0x2a, 0xb4, 0x2a, 0x33, 0x12, 0x53, 0x1a, 0x53, 0x1a, 0x53, 0x1a,
    0x53, 0x1a, 0x53, 0x1a, 0x53, 0x1a, 0x53, 0x1a, 0x53, 0x1a, 0x53, 0x1a, 0x53, 0x1a, 0x53, 0x1a, 0x53, 0x1a, 0x53, 0x1a,
    0x53, 0x1a, 0x53, 0x1a, 0x53, 0x1a, 0x53, 0x1a, 0x53, 0x1a, 0x53, 0x1a, 0x53, 0x1a, 0x53, 0x1a, 0x53, 0x1a, 0x53, 0x1a,
    0x53, 0x1a, 0x53, 0x1a, 0x53, 0x1a, 0x53, 0x1a, 0x53, 0x1a, 0x53, 0x1a, 0x53, 0x1a, 0x53, 0x1a, 0x53, 0x1a, 0x53, 0x1a,
    0x53, 0x1a, 0x53, 0x1a, 0x53, 0x1a, 0x53, 0x1a, 0x33, 0x1a, 0x54, 0x1a, 0x84, 0x00, 0x00, 0x00, 0x00, 0x00, 0x00, 0x00,
    0x00, 0x00, 0x00, 0x00, 0x00, 0x00, 0x00, 0x00, 0x00, 0x00, 0x00, 0x00, 0x00, 0x00, 0x00, 0x00, 0x00, 0x00, 0x00, 0x00,
    0x00, 0x00, 0x00, 0x00, 0x00, 0x00, 0x00, 0x00, 0x00, 0x00, 0x00, 0x00, 0x00, 0x00, 0x00, 0x00, 0x00, 0x00, 0x00, 0x00,
    0x00, 0x00, 0x00, 0x00, 0x00, 0x00, 0x00, 0x08, 0x25, 0xc9, 0x26, 0xd9, 0x25, 0xd9, 0x25, 0xd9, 0x25, 0xd9, 0x25, 0xd9,
    0x25, 0xd9, 0x25, 0xd9, 0x25, 0xd9, 0x25, 0xd9, 0x25, 0xd9, 0x25, 0xd9, 0x25, 0xd9, 0x25, 0xd9, 0x25, 0xd9, 0x25, 0xd9,
    0x25, 0xd9, 0x25, 0xd9, 0x25, 0xd9, 0x25, 0xd9, 0x25, 0xd9, 0x25, 0xd9, 0x25, 0xd9, 0x25, 0xd9, 0x25, 0xd9, 0x25, 0xd9,
    0x25, 0xd9, 0x25, 0xd9, 0x25, 0xd9, 0x25, 0xd9, 0x25, 0xd9, 0x25, 0xd9, 0x25, 0xd9, 0x25, 0xd9, 0x25, 0xd9, 0x25, 0xd9,
    0x25, 0xd9, 0x25, 0xd9, 0x25, 0xd9, 0x25, 0xd9, 0x25, 0xd9, 0x25, 0xd9, 0x25, 0xd9, 0x25, 0xd9, 0x25, 0xd9, 0x25, 0xd9,
    0x25, 0xd9, 0x25, 0xd9, 0x25, 0xd9, 0x25, 0xd9, 0x25, 0xd9, 0x25, 0xd9, 0x25, 0xd9, 0x25, 0xd9, 0x25, 0xd9, 0x25, 0xd9,
    0x25, 0xd9, 0x25, 0xd9, 0x25, 0xd9, 0x25, 0xd9, 0x25, 0xd9, 0x25, 0xd9, 0x25, 0xd9, 0x25, 0xd9, 0x25, 0xd9, 0x25, 0xd9,
    0x25, 0xd9, 0x25, 0xd9, 0x25, 0xd9, 0x25, 0xd9, 0x25, 0xd9, 0x25, 0xd9, 0x25, 0xd9, 0x25, 0xd9, 0x25, 0xd9, 0x25, 0xd9,
    0x25, 0xd9, 0x25, 0xd9, 0x25, 0xd9, 0x25, 0xd9, 0x25, 0xd9, 0x25, 0xd9, 0x25, 0xd9, 0x25, 0xd9, 0x25, 0xd9, 0x46, 0xc9,
    0x32, 0x22, 0x53, 0x12, 0x53, 0x1a, 0x53, 0x1a, 0x53, 0x1a, 0x53, 0x1a, 0x53, 0x1a, 0x53, 0x1a, 0x53, 0x1a, 0x53, 0x1a,
    0x53, 0x1a, 0x53, 0x1a, 0x53, 0x1a, 0x53, 0x1a, 0x53, 0x1a, 0x53, 0x1a, 0x53, 0x1a, 0x53, 0x1a, 0x53, 0x1a, 0x53, 0x1a,
    0x53, 0x1a, 0x53, 0x1a, 0x53, 0x1a, 0x53, 0x1a, 0x53, 0x1a, 0x53, 0x1a, 0x53, 0x1a, 0x53, 0x1a, 0x53, 0x1a, 0x53, 0x1a,
    0x53, 0x1a, 0x53, 0x1a, 0x53, 0x1a, 0x53, 0x1a, 0x53, 0x1a, 0x53, 0x1a, 0x53, 0x1a, 0x53, 0x1a, 0x53, 0x1a, 0x53, 0x1a,
    0x33, 0x1a, 0x53, 0x1a, 0x53, 0x1a, 0x53, 0x1a, 0x33, 0x1a, 0x33, 0x1a, 0x53, 0x1a, 0x53, 0x1a, 0x53, 0x1a, 0x53, 0x1a,
    0x53, 0x1a, 0x53, 0x1a, 0x53, 0x1a, 0x53, 0x1a, 0x53, 0x1a, 0x53, 0x1a, 0x53, 0x1a, 0x53, 0x1a, 0x53, 0x1a, 0x53, 0x1a,
    0x53, 0x1a, 0x53, 0x1a, 0x53, 0x1a, 0x53, 0x1a, 0x53, 0x1a, 0x53, 0x1a, 0x53, 0x1a, 0x53, 0x1a, 0x53, 0x1a, 0x53, 0x1a,
    0x53, 0x1a, 0x53, 0x1a, 0x53, 0x1a, 0x53, 0x1a, 0x53, 0x1a, 0x53, 0x1a, 0x53, 0x1a, 0x53, 0x1a, 0x53, 0x1a, 0x53, 0x1a,
    0x53, 0x1a, 0x53, 0x1a, 0x53, 0x1a, 0x53, 0x1a, 0x33, 0x1a, 0x54, 0x1a, 0x84, 0x00, 0x00, 0x00, 0x00, 0x00, 0x00, 0x00,
    0x00, 0x00, 0x00, 0x00, 0x00, 0x00, 0x00, 0x00, 0x00, 0x00, 0x00, 0x00, 0x00, 0x00, 0x00, 0x00, 0x00, 0x00, 0x00, 0x00,
    0x00, 0x00, 0x00, 0x00, 0x00, 0x00, 0x00, 0x00, 0x00, 0x00, 0x00, 0x00, 0x00, 0x00, 0x00, 0x00, 0x00, 0x00, 0x00, 0x00,
    0x00, 0x00, 0x00, 0x00, 0x00, 0x00, 0x00, 0x08, 0x25, 0xc9, 0x26, 0xd9, 0x25, 0xd9, 0x25, 0xd9, 0x25, 0xd9, 0x25, 0xd9,
    0x25, 0xd9, 0x25, 0xd9, 0x25, 0xd9, 0x25, 0xd9, 0x25, 0xd9, 0x25, 0xd9, 0x25, 0xd9, 0x25, 0xd9, 0x25, 0xd9, 0x25, 0xd9,
    0x25, 0xd9, 0x25, 0xd9, 0x25, 0xd9, 0x25, 0xd9, 0x25, 0xd9, 0x25, 0xd9, 0x25, 0xd9, 0x25, 0xd9, 0x25, 0xd9, 0x25, 0xd9,
    0x25, 0xd9, 0x25, 0xd9, 0x25, 0xd9, 0x25, 0xd9, 0x25, 0xd9, 0x25, 0xd9, 0x25, 0xd9, 0x25, 0xd9, 0x25, 0xd9, 0x25, 0xd9,
    0x25, 0xd9, 0x25, 0xd9, 0x25, 0xd9, 0x25, 0xd9, 0x25, 0xd9, 0x25, 0xd9, 0x25, 0xd9, 0x25, 0xd9, 0x25, 0xd9, 0x25, 0xd9,
    0x25, 0xd9, 0x25, 0xd9, 0x25, 0xd9, 0x25, 0xd9, 0x25, 0xd9, 0x25, 0xd9, 0x25, 0xd9, 0x25, 0xd9, 0x25, 0xd9, 0x25, 0xd9,
    0x25, 0xd9, 0x25, 0xd9, 0x25, 0xd9, 0x25, 0xd9, 0x25, 0xd9, 0x25, 0xd9, 0x25, 0xd9, 0x25, 0xd9, 0x25, 0xd9, 0x25, 0xd9,
    0x25, 0xd9, 0x25, 0xd9, 0x25, 0xd9, 0x25, 0xd9, 0x25, 0xd9, 0x25, 0xd9, 0x25, 0xd9, 0x25, 0xd9, 0x25, 0xd9, 0x25, 0xd9,
    0x25, 0xd9, 0x25, 0xd9, 0x25, 0xd9, 0x25, 0xd9, 0x25, 0xd9, 0x25, 0xd9, 0x25, 0xd9, 0x25, 0xd9, 0x25, 0xd9, 0x46, 0xc9,
    0x32, 0x22, 0x53, 0x12, 0x53, 0x1a, 0x53, 0x1a, 0x53, 0x1a, 0x53, 0x1a, 0x53, 0x1a, 0x53, 0x1a, 0x53, 0x1a, 0x53, 0x1a,
    0x53, 0x1a, 0x53, 0x1a, 0x53, 0x1a, 0x53, 0x1a, 0x53, 0x1a, 0x53, 0x1a, 0x53, 0x1a, 0x53, 0x1a, 0x53, 0x1a, 0x53, 0x1a,
    0x53, 0x1a, 0x53, 0x1a, 0x53, 0x1a, 0x53, 0x1a, 0x53, 0x1a, 0x53, 0x1a, 0x53, 0x1a, 0x53, 0x1a, 0x53, 0x1a, 0x53, 0x1a,
    0x53, 0x1a, 0x53, 0x1a, 0x53, 0x1a, 0x53, 0x1a, 0x53, 0x1a, 0x53, 0x1a, 0x53, 0x1a, 0x53, 0x1a, 0x53, 0x1a, 0x53, 0x1a,
    0x53, 0x1a, 0x33, 0x1a, 0x53, 0x1a, 0x53, 0x1a, 0x53, 0x1a, 0x53, 0x1a, 0x53, 0x1a, 0x53, 0x1a, 0x53, 0x1a, 0x53, 0x1a,
    0x53, 0x1a, 0x53, 0x1a, 0x53, 0x1a, 0x53, 0x1a, 0x53, 0x1a, 0x53, 0x1a, 0x53, 0x1a, 0x53, 0x1a, 0x53, 0x1a, 0x53, 0x1a,
    0x53, 0x1a, 0x53, 0x1a, 0x53, 0x1a, 0x53, 0x1a, 0x53, 0x1a, 0x53, 0x1a, 0x53, 0x1a, 0x53, 0x1a, 0x53, 0x1a, 0x53, 0x1a,
    0x53, 0x1a, 0x53, 0x1a, 0x53, 0x1a, 0x53, 0x1a, 0x53, 0x1a, 0x53, 0x1a, 0x53, 0x1a, 0x53, 0x1a, 0x53, 0x1a, 0x53, 0x1a,
    0x53, 0x1a, 0x53, 0x1a, 0x53, 0x1a, 0x53, 0x1a, 0x33, 0x1a, 0x54, 0x1a, 0x84, 0x00, 0x00, 0x00, 0x00, 0x00, 0x00, 0x00,
    0x00, 0x00, 0x00, 0x00, 0x00, 0x00, 0x00, 0x00, 0x00, 0x00, 0x00, 0x00, 0x00, 0x00, 0x00, 0x00, 0x00, 0x00, 0x00, 0x00,
    0x00, 0x00, 0x00, 0x00, 0x00, 0x00, 0x00, 0x00, 0x00, 0x00, 0x00, 0x00, 0x00, 0x00, 0x00, 0x00, 0x00, 0x00, 0x00, 0x00,
    0x00, 0x00, 0x00, 0x00, 0x00, 0x00, 0x00, 0x08, 0x25, 0xc9, 0x26, 0xd9, 0x25, 0xd9, 0x25, 0xd9, 0x25, 0xd9, 0x25, 0xd9,
    0x25, 0xd9, 0x25, 0xd9, 0x25, 0xd9, 0x25, 0xd9, 0x25, 0xd9, 0x25, 0xd9, 0x25, 0xd9, 0x25, 0xd9, 0x25, 0xd9, 0x25, 0xd9,
    0x25, 0xd9, 0x25, 0xd9, 0x25, 0xd9, 0x25, 0xd9, 0x25, 0xd9, 0x25, 0xd9, 0x25, 0xd9, 0x25, 0xd9, 0x25, 0xd9, 0x25, 0xd9,
    0x25, 0xd9, 0x25, 0xd9, 0x25, 0xd9, 0x25, 0xd9, 0x25, 0xd9, 0x25, 0xd9, 0x25, 0xd9, 0x25, 0xd9, 0x25, 0xd9, 0x25, 0xd9,
    0x25, 0xd9, 0x25, 0xd9, 0x25, 0xd9, 0x25, 0xd9, 0x25, 0xd9, 0x25, 0xd9, 0x25, 0xd9, 0x25, 0xd9, 0x25, 0xd9, 0x25, 0xd9,
    0x25, 0xd9, 0x25, 0xd9, 0x25, 0xd9, 0x25, 0xd9, 0x25, 0xd9, 0x25, 0xd9, 0x25, 0xd9, 0x25, 0xd9, 0x25, 0xd9, 0x25, 0xd9,
    0x25, 0xd9, 0x25, 0xd9, 0x25, 0xd9, 0x25, 0xd9, 0x25, 0xd9, 0x25, 0xd9, 0x25, 0xd9, 0x25, 0xd9, 0x25, 0xd9, 0x25, 0xd9,
    0x25, 0xd9, 0x25, 0xd9, 0x25, 0xd9, 0x25, 0xd9, 0x25, 0xd9, 0x25, 0xd9, 0x25, 0xd9, 0x25, 0xd9, 0x25, 0xd9, 0x25, 0xd9,
    0x25, 0xd9, 0x25, 0xd9, 0x25, 0xd9, 0x25, 0xd9, 0x25, 0xd9, 0x25, 0xd9, 0x25, 0xd9, 0x25, 0xd9, 0x25, 0xd9, 0x46, 0xc9,
    0x32, 0x22, 0x53, 0x12, 0x53, 0x1a, 0x53, 0x1a, 0x53, 0x1a, 0x53, 0x1a, 0x53, 0x1a, 0x53, 0x1a, 0x53, 0x1a, 0x53, 0x1a,
    0x53, 0x1a, 0x53, 0x1a, 0x53, 0x1a, 0x53, 0x1a, 0x53, 0x1a, 0x53, 0x1a, 0x53, 0x1a, 0x53, 0x1a, 0x53, 0x1a, 0x53, 0x1a,
    0x53, 0x1a, 0x53, 0x1a, 0x53, 0x1a, 0x53, 0x1a, 0x53, 0x1a, 0x53, 0x1a, 0x53, 0x1a, 0x53, 0x1a, 0x53, 0x1a, 0x53, 0x1a,
    0x53, 0x1a, 0x53, 0x1a, 0x53, 0x1a, 0x53, 0x1a, 0x53, 0x1a, 0x53, 0x1a, 0x53, 0x1a, 0x53, 0x1a, 0x53, 0x1a, 0x53, 0x1a,
    0x53, 0x1a, 0x53, 0x1a, 0x53, 0x1a, 0x53, 0x1a, 0x53, 0x1a, 0x53, 0x1a, 0x53, 0x1a, 0x53, 0x1a, 0x53, 0x1a, 0x53, 0x1a,
    0x53, 0x1a, 0x53, 0x1a, 0x53, 0x1a, 0x53, 0x1a, 0x53, 0x1a, 0x53, 0x1a, 0x53, 0x1a, 0x53, 0x1a, 0x53, 0x1a, 0x53, 0x1a,
    0x53, 0x1a, 0x53, 0x1a, 0x53, 0x1a, 0x53, 0x1a, 0x53, 0x1a, 0x53, 0x1a, 0x53, 0x1a, 0x53, 0x1a, 0x53, 0x1a, 0x53, 0x1a,
    0x53, 0x1a, 0x53, 0x1a, 0x53, 0x1a, 0x53, 0x1a, 0x53, 0x1a, 0x53, 0x1a, 0x53, 0x1a, 0x53, 0x1a, 0x53, 0x1a, 0x53, 0x1a,
    0x53, 0x1a, 0x53, 0x1a, 0x53, 0x1a, 0x53, 0x1a, 0x33, 0x1a, 0x54, 0x1a, 0x84, 0x00, 0x00, 0x00, 0x00, 0x00, 0x00, 0x00,
    0x00, 0x00, 0x00, 0x00, 0x00, 0x00, 0x00, 0x00, 0x00, 0x00, 0x00, 0x00, 0x00, 0x00, 0x00, 0x00, 0x00, 0x00, 0x00, 0x00,
    0x00, 0x00, 0x00, 0x00, 0x00, 0x00, 0x00, 0x00, 0x00, 0x00, 0x00, 0x00, 0x00, 0x00, 0x00, 0x00, 0x00, 0x00, 0x00, 0x00,
    0x00, 0x00, 0x00, 0x00, 0x00, 0x00, 0x00, 0x08, 0x25, 0xc9, 0x26, 0xd9, 0x25, 0xd9, 0x25, 0xd9, 0x25, 0xd9, 0x25, 0xd9,
    0x25, 0xd9, 0x25, 0xd9, 0x25, 0xd9, 0x25, 0xd9, 0x25, 0xd9, 0x25, 0xd9, 0x25, 0xd9, 0x25, 0xd9, 0x25, 0xd9, 0x25, 0xd9,
    0x25, 0xd9, 0x25, 0xd9, 0x25, 0xd9, 0x25, 0xd9, 0x25, 0xd9, 0x25, 0xd9, 0x25, 0xd9, 0x25, 0xd9, 0x25, 0xd9, 0x25, 0xd9,
    0x25, 0xd9, 0x25, 0xd9, 0x25, 0xd9, 0x25, 0xd9, 0x25, 0xd9, 0x25, 0xd9, 0x25, 0xd9, 0x25, 0xd9, 0x25, 0xd9, 0x25, 0xd9,
    0x25, 0xd9, 0x25, 0xd9, 0x25, 0xd9, 0x25, 0xd9, 0x25, 0xd9, 0x25, 0xd9, 0x25, 0xd9, 0x25, 0xd9, 0x25, 0xd9, 0x25, 0xd9,
    0x25, 0xd9, 0x25, 0xd9, 0x25, 0xd9, 0x25, 0xd9, 0x25, 0xd9, 0x25, 0xd9, 0x25, 0xd9, 0x25, 0xd9, 0x25, 0xd9, 0x25, 0xd9,
    0x25, 0xd9, 0x25, 0xd9, 0x25, 0xd9, 0x25, 0xd9, 0x25, 0xd9, 0x25, 0xd9, 0x25, 0xd9, 0x25, 0xd9, 0x25, 0xd9, 0x25, 0xd9,
    0x25, 0xd9, 0x25, 0xd9, 0x25, 0xd9, 0x25, 0xd9, 0x25, 0xd9, 0x25, 0xd9, 0x25, 0xd9, 0x25, 0xd9, 0x25, 0xd9, 0x25, 0xd9,
    0x25, 0xd9, 0x25, 0xd9, 0x25, 0xd9, 0x25, 0xd9, 0x25, 0xd9, 0x25, 0xd9, 0x25, 0xd9, 0x25, 0xd9, 0x25, 0xd9, 0x46, 0xc9,
    0x32, 0x22, 0x53, 0x12, 0x53, 0x1a, 0x53, 0x1a, 0x53, 0x1a, 0x53, 0x1a, 0x53, 0x1a, 0x53, 0x1a, 0x53, 0x1a, 0x53, 0x1a,
    0x53, 0x1a, 0x53, 0x1a, 0x53, 0x1a, 0x53, 0x1a, 0x53, 0x1a, 0x53, 0x1a, 0x53, 0x1a, 0x53, 0x1a, 0x53, 0x1a, 0x53, 0x1a,
    0x53, 0x1a, 0x53, 0x1a, 0x53, 0x1a, 0x53, 0x1a, 0x53, 0x1a, 0x53, 0x1a, 0x53, 0x1a, 0x53, 0x1a, 0x53, 0x1a, 0x53, 0x1a,
    0x53, 0x1a, 0x53, 0x1a, 0x53, 0x1a, 0x53, 0x1a, 0x53, 0x1a, 0x53, 0x1a, 0x53, 0x1a, 0x53, 0x1a, 0x53, 0x1a, 0x53, 0x1a,
    0x53, 0x1a, 0x53, 0x1a, 0x53, 0x1a, 0x53, 0x1a, 0x53, 0x1a, 0x53, 0x1a, 0x53, 0x1a, 0x53, 0x1a, 0x53, 0x1a, 0x53, 0x1a,
    0x53, 0x1a, 0x53, 0x1a, 0x53, 0x1a, 0x53, 0x1a, 0x53, 0x1a, 0x53, 0x1a, 0x53, 0x1a, 0x53, 0x1a, 0x53, 0x1a, 0x53, 0x1a,
    0x53, 0x1a, 0x53, 0x1a, 0x53, 0x1a, 0x53, 0x1a, 0x53, 0x1a, 0x53, 0x1a, 0x53, 0x1a, 0x53, 0x1a, 0x53, 0x1a, 0x53, 0x1a,
    0x53, 0x1a, 0x53, 0x1a, 0x53, 0x1a, 0x53, 0x1a, 0x53, 0x1a, 0x53, 0x1a, 0x53, 0x1a, 0x53, 0x1a, 0x53, 0x1a, 0x53, 0x1a,
    0x53, 0x1a, 0x53, 0x1a, 0x53, 0x1a, 0x53, 0x1a, 0x33, 0x1a, 0x54, 0x1a, 0x84, 0x00, 0x00, 0x00, 0x00, 0x00, 0x00, 0x00,
    0x00, 0x00, 0x00, 0x00, 0x00, 0x00, 0x00, 0x00, 0x00, 0x00, 0x00, 0x00, 0x00, 0x00, 0x00, 0x00, 0x00, 0x00, 0x00, 0x00,
    0x00, 0x00, 0x00, 0x00, 0x00, 0x00, 0x00, 0x00, 0x00, 0x00, 0x00, 0x00, 0x00, 0x00, 0x00, 0x00, 0x00, 0x00, 0x00, 0x00,
    0x00, 0x00, 0x00, 0x00, 0x00, 0x00, 0x00, 0x08, 0x25, 0xc9, 0x26, 0xd9, 0x25, 0xd9, 0x25, 0xd9, 0x25, 0xd9, 0x25, 0xd9,
    0x25, 0xd9, 0x25, 0xd9, 0x25, 0xd9, 0x25, 0xd9, 0x25, 0xd9, 0x25, 0xd9, 0x25, 0xd9, 0x25, 0xd9, 0x25, 0xd9, 0x25, 0xd9,
    0x25, 0xd9, 0x25, 0xd9, 0x25, 0xd9, 0x25, 0xd9, 0x25, 0xd9, 0x25, 0xd9, 0x25, 0xd9, 0x25, 0xd9, 0x25, 0xd9, 0x25, 0xd9,
    0x25, 0xd9, 0x25, 0xd9, 0x25, 0xd9, 0x25, 0xd9, 0x25, 0xd9, 0x25, 0xd9, 0x25, 0xd9, 0x25, 0xd9, 0x25, 0xd9, 0x25, 0xd9,
    0x25, 0xd9, 0x25, 0xd9, 0x25, 0xd9, 0x25, 0xd9, 0x25, 0xd9, 0x25, 0xd9, 0x25, 0xd9, 0x25, 0xd9, 0x25, 0xd9, 0x25, 0xd9,
    0x25, 0xd9, 0x25, 0xd9, 0x25, 0xd9, 0x25, 0xd9, 0x25, 0xd9, 0x25, 0xd9, 0x25, 0xd9, 0x25, 0xd9, 0x25, 0xd9, 0x25, 0xd9,
    0x25, 0xd9, 0x25, 0xd9, 0x25, 0xd9, 0x25, 0xd9, 0x25, 0xd9, 0x25, 0xd9, 0x25, 0xd9, 0x25, 0xd9, 0x25, 0xd9, 0x25, 0xd9,
    0x25, 0xd9, 0x25, 0xd9, 0x25, 0xd9, 0x25, 0xd9, 0x25, 0xd9, 0x25, 0xd9, 0x25, 0xd9, 0x25, 0xd9, 0x25, 0xd9, 0x25, 0xd9,
    0x25, 0xd9, 0x25, 0xd9, 0x25, 0xd9, 0x25, 0xd9, 0x25, 0xd9, 0x25, 0xd9, 0x25, 0xd9, 0x25, 0xd9, 0x25, 0xd9, 0x46, 0xc9,
    0x32, 0x22, 0x53, 0x12, 0x53, 0x1a, 0x53, 0x1a, 0x53, 0x1a, 0x53, 0x1a, 0x53, 0x1a, 0x53, 0x1a, 0x53, 0x1a, 0x53, 0x1a,
    0x53, 0x1a, 0x53, 0x1a, 0x53, 0x1a, 0x53, 0x1a, 0x53, 0x1a, 0x53, 0x1a, 0x53, 0x1a, 0x53, 0x1a, 0x53, 0x1a, 0x53, 0x1a,
    0x53, 0x1a, 0x53, 0x1a, 0x53, 0x1a, 0x53, 0x1a, 0x53, 0x1a, 0x53, 0x1a, 0x53, 0x1a, 0x53, 0x1a, 0x53, 0x1a, 0x53, 0x1a,
    0x53, 0x1a, 0x53, 0x1a, 0x53, 0x1a, 0x53, 0x1a, 0x53, 0x1a, 0x53, 0x1a, 0x53, 0x1a, 0x53, 0x1a, 0x53, 0x1a, 0x53, 0x1a,
    0x53, 0x1a, 0x53, 0x1a, 0x53, 0x1a, 0x53, 0x1a, 0x53, 0x1a, 0x53, 0x1a, 0x53, 0x1a, 0x53, 0x1a, 0x53, 0x1a, 0x53, 0x1a,
    0x53, 0x1a, 0x53, 0x1a, 0x53, 0x1a, 0x53, 0x1a, 0x53, 0x1a, 0x53, 0x1a, 0x53, 0x1a, 0x53, 0x1a, 0x53, 0x1a, 0x53, 0x1a,
    0x53, 0x1a, 0x53, 0x1a, 0x53, 0x1a, 0x53, 0x1a, 0x53, 0x1a, 0x53, 0x1a, 0x53, 0x1a, 0x53, 0x1a, 0x53, 0x1a, 0x53, 0x1a,
    0x53, 0x1a, 0x53, 0x1a, 0x53, 0x1a, 0x53, 0x1a, 0x53, 0x1a, 0x53, 0x1a, 0x53, 0x1a, 0x53, 0x1a, 0x53, 0x1a, 0x53, 0x1a,
    0x53, 0x1a, 0x53, 0x1a, 0x53, 0x1a, 0x53, 0x1a, 0x33, 0x1a, 0x54, 0x1a, 0x84, 0x00, 0x00, 0x00, 0x00, 0x00, 0x00, 0x00,
    0x00, 0x00, 0x00, 0x00, 0x00, 0x00, 0x00, 0x00, 0x00, 0x00, 0x00, 0x00, 0x00, 0x00, 0x00, 0x00, 0x00, 0x00, 0x00, 0x00,
    0x00, 0x00, 0x00, 0x00, 0x00, 0x00, 0x00, 0x00, 0x00, 0x00, 0x00, 0x00, 0x00, 0x00, 0x00, 0x00, 0x00, 0x00, 0x00, 0x00,
    0x00, 0x00, 0x00, 0x00, 0x00, 0x00, 0x00, 0x08, 0x25, 0xc9, 0x26, 0xd9, 0x25, 0xd9, 0x25, 0xd9, 0x25, 0xd9, 0x25, 0xd9,
    0x25, 0xd9, 0x25, 0xd9, 0x25, 0xd9, 0x25, 0xd9, 0x25, 0xd9, 0x25, 0xd9, 0x25, 0xd9, 0x25, 0xd9, 0x25, 0xd9, 0x25, 0xd9,
    0x25, 0xd9, 0x25, 0xd9, 0x25, 0xd9, 0x25, 0xd9, 0x25, 0xd9, 0x25, 0xd9, 0x25, 0xd9, 0x25, 0xd9, 0x25, 0xd9, 0x25, 0xd9,
    0x25, 0xd9, 0x25, 0xd9, 0x25, 0xd9, 0x25, 0xd9, 0x25, 0xd9, 0x25, 0xd9, 0x25, 0xd9, 0x25, 0xd9, 0x25, 0xd9, 0x25, 0xd9,
    0x25, 0xd9, 0x25, 0xd9, 0x25, 0xd9, 0x25, 0xd9, 0x25, 0xd9, 0x25, 0xd9, 0x25, 0xd9, 0x25, 0xd9, 0x25, 0xd9, 0x25, 0xd9,
    0x25, 0xd9, 0x25, 0xd9, 0x25, 0xd9, 0x25, 0xd9, 0x25, 0xd9, 0x25, 0xd9, 0x25, 0xd9, 0x25, 0xd9, 0x25, 0xd9, 0x25, 0xd9,
    0x25, 0xd9, 0x25, 0xd9, 0x25, 0xd9, 0x25, 0xd9, 0x25, 0xd9, 0x25, 0xd9, 0x25, 0xd9, 0x25, 0xd9, 0x25, 0xd9, 0x25, 0xd9,
    0x25, 0xd9, 0x25, 0xd9, 0x25, 0xd9, 0x25, 0xd9, 0x25, 0xd9, 0x25, 0xd9, 0x25, 0xd9, 0x25, 0xd9, 0x25, 0xd9, 0x25, 0xd9,
    0x25, 0xd9, 0x25, 0xd9, 0x25, 0xd9, 0x25, 0xd9, 0x25, 0xd9, 0x25, 0xd9, 0x25, 0xd9, 0x25, 0xd9, 0x25, 0xd9, 0x46, 0xc9,
    0x32, 0x22, 0x53, 0x12, 0x53, 0x1a, 0x53, 0x1a, 0x53, 0x1a, 0x53, 0x1a, 0x53, 0x1a, 0x53, 0x1a, 0x53, 0x1a, 0x53, 0x1a,
    0x53, 0x1a, 0x53, 0x1a, 0x53, 0x1a, 0x53, 0x1a, 0x53, 0x1a, 0x53, 0x1a, 0x53, 0x1a, 0x53, 0x1a, 0x53, 0x1a, 0x53, 0x1a,
    0x53, 0x1a, 0x53, 0x1a, 0x53, 0x1a, 0x53, 0x1a, 0x53, 0x1a, 0x53, 0x1a, 0x53, 0x1a, 0x53, 0x1a, 0x53, 0x1a, 0x53, 0x1a,
    0x53, 0x1a, 0x53, 0x1a, 0x53, 0x1a, 0x53, 0x1a, 0x53, 0x1a, 0x53, 0x1a, 0x53, 0x1a, 0x53, 0x1a, 0x53, 0x1a, 0x53, 0x1a,
    0x53, 0x1a, 0x53, 0x1a, 0x53, 0x1a, 0x53, 0x1a, 0x53, 0x1a, 0x53, 0x1a, 0x53, 0x1a, 0x53, 0x1a, 0x53, 0x1a, 0x53, 0x1a,
    0x53, 0x1a, 0x53, 0x1a, 0x53, 0x1a, 0x53, 0x1a, 0x53, 0x1a, 0x53, 0x1a, 0x53, 0x1a, 0x53, 0x1a, 0x53, 0x1a, 0x53, 0x1a,
    0x53, 0x1a, 0x53, 0x1a, 0x53, 0x1a, 0x53, 0x1a, 0x53, 0x1a, 0x53, 0x1a, 0x53, 0x1a, 0x53, 0x1a, 0x53, 0x1a, 0x53, 0x1a,
    0x53, 0x1a, 0x53, 0x1a, 0x53, 0x1a, 0x53, 0x1a, 0x53, 0x1a, 0x53, 0x1a, 0x53, 0x1a, 0x53, 0x1a, 0x53, 0x1a, 0x53, 0x1a,
    0x53, 0x1a, 0x53, 0x1a, 0x53, 0x1a, 0x53, 0x1a, 0x33, 0x1a, 0x54, 0x1a, 0x84, 0x00, 0x00, 0x00, 0x00, 0x00, 0x00, 0x00,
    0x00, 0x00, 0x00, 0x00, 0x00, 0x00, 0x00, 0x00, 0x00, 0x00, 0x00, 0x00, 0x00, 0x00, 0x00, 0x00, 0x00, 0x00, 0x00, 0x00,
    0x00, 0x00, 0x00, 0x00, 0x00, 0x00, 0x00, 0x00, 0x00, 0x00, 0x00, 0x00, 0x00, 0x00, 0x00, 0x00, 0x00, 0x00, 0x00, 0x00,
    0x00, 0x00, 0x00, 0x00, 0x00, 0x00, 0x00, 0x08, 0x25, 0xc9, 0x26, 0xd9, 0x25, 0xd9, 0x25, 0xd9, 0x25, 0xd9, 0x25, 0xd9,
    0x25, 0xd9, 0x25, 0xd9, 0x25, 0xd9, 0x25, 0xd9, 0x25, 0xd9, 0x25, 0xd9, 0x25, 0xd9, 0x25, 0xd9, 0x25, 0xd9, 0x25, 0xd9,
    0x25, 0xd9, 0x25, 0xd9, 0x25, 0xd9, 0x25, 0xd9, 0x25, 0xd9, 0x25, 0xd9, 0x25, 0xd9, 0x25, 0xd9, 0x25, 0xd9, 0x25, 0xd9,
    0x25, 0xd9, 0x25, 0xd9, 0x25, 0xd9, 0x25, 0xd9, 0x25, 0xd9, 0x25, 0xd9, 0x25, 0xd9, 0x25, 0xd9, 0x25, 0xd9, 0x25, 0xd9,
    0x25, 0xd9, 0x25, 0xd9, 0x25, 0xd9, 0x25, 0xd9, 0x25, 0xd9, 0x25, 0xd9, 0x25, 0xd9, 0x25, 0xd9, 0x25, 0xd9, 0x25, 0xd9,
    0x25, 0xd9, 0x25, 0xd9, 0x25, 0xd9, 0x25, 0xd9, 0x25, 0xd9, 0x25, 0xd9, 0x25, 0xd9, 0x25, 0xd9, 0x25, 0xd9, 0x25, 0xd9,
    0x25, 0xd9, 0x25, 0xd9, 0x25, 0xd9, 0x25, 0xd9, 0x25, 0xd9, 0x25, 0xd9, 0x25, 0xd9, 0x25, 0xd9, 0x25, 0xd9, 0x25, 0xd9,
    0x25, 0xd9, 0x25, 0xd9, 0x25, 0xd9, 0x25, 0xd9, 0x25, 0xd9, 0x25, 0xd9, 0x25, 0xd9, 0x25, 0xd9, 0x25, 0xd9, 0x25, 0xd9,
    0x25, 0xd9, 0x25, 0xd9, 0x25, 0xd9, 0x25, 0xd9, 0x25, 0xd9, 0x25, 0xd9, 0x25, 0xd9, 0x25, 0xd9, 0x25, 0xd9, 0x46, 0xc9,
    0x32, 0x22, 0x53, 0x12, 0x53, 0x1a, 0x53, 0x1a, 0x53, 0x1a, 0x53, 0x1a, 0x53, 0x1a, 0x53, 0x1a, 0x53, 0x1a, 0x53, 0x1a,
    0x53, 0x1a, 0x53, 0x1a, 0x53, 0x1a, 0x53, 0x1a, 0x53, 0x1a, 0x53, 0x1a, 0x53, 0x1a, 0x53, 0x1a, 0x53, 0x1a, 0x53, 0x1a,
    0x53, 0x1a, 0x53, 0x1a, 0x53, 0x1a, 0x53, 0x1a, 0x53, 0x1a, 0x53, 0x1a, 0x53, 0x1a, 0x53, 0x1a, 0x53, 0x1a, 0x53, 0x1a,
    0x53, 0x1a, 0x53, 0x1a, 0x53, 0x1a, 0x53, 0x1a, 0x53, 0x1a, 0x53, 0x1a, 0x53, 0x1a, 0x53, 0x1a, 0x53, 0x1a, 0x53, 0x1a,
    0x53, 0x1a, 0x53, 0x1a, 0x53, 0x1a, 0x53, 0x1a, 0x53, 0x1a, 0x53, 0x1a, 0x53, 0x1a, 0x53, 0x1a, 0x53, 0x1a, 0x53, 0x1a,
    0x53, 0x1a, 0x53, 0x1a, 0x53, 0x1a, 0x53, 0x1a, 0x53, 0x1a, 0x53, 0x1a, 0x53, 0x1a, 0x53, 0x1a, 0x53, 0x1a, 0x53, 0x1a,
    0x53, 0x1a, 0x53, 0x1a, 0x53, 0x1a, 0x53, 0x1a, 0x53, 0x1a, 0x53, 0x1a, 0x53, 0x1a, 0x53, 0x1a, 0x53, 0x1a, 0x53, 0x1a,
    0x53, 0x1a, 0x53, 0x1a, 0x53, 0x1a, 0x53, 0x1a, 0x53, 0x1a, 0x53, 0x1a, 0x53, 0x1a, 0x53, 0x1a, 0x53, 0x1a, 0x53, 0x1a,
    0x53, 0x1a, 0x53, 0x1a, 0x53, 0x1a, 0x53, 0x1a, 0x33, 0x1a, 0x54, 0x1a, 0x85, 0x00, 0x00, 0x00, 0x00, 0x00, 0x00, 0x00,
    0x00, 0x00, 0x00, 0x00, 0x00, 0x00, 0x00, 0x00, 0x00, 0x00, 0x00, 0x00, 0x00, 0x00, 0x00, 0x00, 0x00, 0x00, 0x00, 0x00,
    0x00, 0x00, 0x00, 0x00, 0x00, 0x00, 0x00, 0x00, 0x00, 0x00, 0x00, 0x00, 0x00, 0x00, 0x00, 0x00, 0x00, 0x00, 0x00, 0x00,
    0x00, 0x00, 0x00, 0x00, 0x00, 0x00, 0x00, 0x00, 0xe4, 0xa8, 0x46, 0xe1, 0x25, 0xd1, 0x25, 0xd9, 0x25, 0xd9, 0x25, 0xd9,
    0x25, 0xd9, 0x25, 0xd9, 0x25, 0xd9, 0x25, 0xd9, 0x25, 0xd9, 0x25, 0xd9, 0x25, 0xd9, 0x25, 0xd9, 0x25, 0xd9, 0x25, 0xd9,
    0x25, 0xd9, 0x25, 0xd9, 0x25, 0xd9, 0x25, 0xd9, 0x25, 0xd9, 0x25, 0xd9, 0x25, 0xd9, 0x25, 0xd9, 0x25, 0xd9, 0x25, 0xd9,
    0x25, 0xd9, 0x25, 0xd9, 0x25, 0xd9, 0x25, 0xd9, 0x25, 0xd9, 0x25, 0xd9, 0x25, 0xd9, 0x25, 0xd9, 0x25, 0xd9, 0x25, 0xd9,
    0x25, 0xd9, 0x25, 0xd9, 0x25, 0xd9, 0x25, 0xd9, 0x25, 0xd9, 0x25, 0xd9, 0x25, 0xd9, 0x25, 0xd9, 0x25, 0xd9, 0x25, 0xd9,
    0x25, 0xd9, 0x25, 0xd9, 0x25, 0xd9, 0x25, 0xd9, 0x25, 0xd9, 0x25, 0xd9, 0x25, 0xd9, 0x25, 0xd9, 0x25, 0xd9, 0x25, 0xd9,
    0x25, 0xd9, 0x25, 0xd9, 0x25, 0xd9, 0x25, 0xd9, 0x25, 0xd9, 0x25, 0xd9, 0x25, 0xd9, 0x25, 0xd9, 0x25, 0xd9, 0x25, 0xd9,
    0x25, 0xd9, 0x25, 0xd9, 0x25, 0xd9, 0x25, 0xd9, 0x25, 0xd9, 0x25, 0xd9, 0x25, 0xd9, 0x25, 0xd9, 0x25, 0xd9, 0x25, 0xd9,
    0x25, 0xd9, 0x25, 0xd9, 0x25, 0xd9, 0x25, 0xd9, 0x25, 0xd9, 0x25, 0xd9, 0x25, 0xd9, 0x25, 0xd9, 0x26, 0xd9, 0x05, 0xc9,
    0xef, 0x21, 0x54, 0x1a, 0x33, 0x1a, 0x53, 0x1a, 0x53, 0x1a, 0x53, 0x1a, 0x53, 0x1a, 0x53, 0x1a, 0x53, 0x1a, 0x53, 0x1a,
    0x53, 0x1a, 0x53, 0x1a, 0x53, 0x1a, 0x53, 0x1a, 0x53, 0x1a, 0x53, 0x1a, 0x53, 0x1a, 0x53, 0x1a, 0x53, 0x1a, 0x53, 0x1a,
    0x53, 0x1a, 0x53, 0x1a, 0x53, 0x1a, 0x53, 0x1a, 0x53, 0x1a, 0x53, 0x1a, 0x53, 0x1a, 0x53, 0x1a, 0x53, 0x1a, 0x53, 0x1a,
    0x53, 0x1a, 0x53, 0x1a, 0x53, 0x1a, 0x53, 0x1a, 0x53, 0x1a, 0x53, 0x1a, 0x53, 0x1a, 0x53, 0x1a, 0x53, 0x1a, 0x53, 0x1a,
    0x53, 0x1a, 0x53, 0x1a, 0x53, 0x1a, 0x53, 0x1a, 0x53, 0x1a, 0x53, 0x1a, 0x53, 0x1a, 0x53, 0x1a, 0x53, 0x1a, 0x53, 0x1a,
    0x53, 0x1a, 0x53, 0x1a, 0x53, 0x1a, 0x53, 0x1a, 0x53, 0x1a, 0x53, 0x1a, 0x53, 0x1a, 0x53, 0x1a, 0x53, 0x1a, 0x53, 0x1a,
    0x53, 0x1a, 0x53, 0x1a, 0x53, 0x1a, 0x53, 0x1a, 0x53, 0x1a, 0x53, 0x1a, 0x53, 0x1a, 0x53, 0x1a, 0x53, 0x1a, 0x53, 0x1a,
    0x53, 0x1a, 0x53, 0x1a, 0x53, 0x1a, 0x53, 0x1a, 0x53, 0x1a, 0x53, 0x1a, 0x53, 0x1a, 0x53, 0x1a, 0x53, 0x1a, 0x53, 0x1a,
    0x53, 0x1a, 0x53, 0x1a, 0x53, 0x1a, 0x53, 0x1a, 0x53, 0x1a, 0x32, 0x1a, 0x42, 0x00, 0x00, 0x00, 0x00, 0x00, 0x00, 0x00,
    0x00, 0x00, 0x00, 0x00, 0x00, 0x00, 0x00, 0x00, 0x00, 0x00, 0x00, 0x00, 0x00, 0x00, 0x00, 0x00, 0x00, 0x00, 0x00, 0x00,
    0x00, 0x00, 0x00, 0x00, 0x00, 0x00, 0x00, 0x00, 0x00, 0x00, 0x00, 0x00, 0x00, 0x00, 0x00, 0x00, 0x00, 0x00, 0x00, 0x00,
    0x00, 0x00, 0x00, 0x00, 0x00, 0x00, 0x00, 0x00, 0x62, 0x50, 0x46, 0xe9, 0x25, 0xd1, 0x25, 0xd9, 0x25, 0xd9, 0x25, 0xd9,
    0x25, 0xd9, 0x25, 0xd9, 0x25, 0xd9, 0x25, 0xd9, 0x25, 0xd9, 0x25, 0xd9, 0x25, 0xd9, 0x25, 0xd9, 0x25, 0xd9, 0x25, 0xd9,
    0x25, 0xd9, 0x25, 0xd9, 0x25, 0xd9, 0x25, 0xd9, 0x25, 0xd9, 0x25, 0xd9, 0x25, 0xd9, 0x25, 0xd9, 0x25, 0xd9, 0x25, 0xd9,
    0x25, 0xd9, 0x25, 0xd9, 0x25, 0xd9, 0x25, 0xd9, 0x25, 0xd9, 0x25, 0xd9, 0x25, 0xd9, 0x25, 0xd9, 0x25, 0xd9, 0x25, 0xd9,
    0x25, 0xd9, 0x25, 0xd9, 0x25, 0xd9, 0x25, 0xd9, 0x25, 0xd9, 0x25, 0xd9, 0x25, 0xd9, 0x25, 0xd9, 0x25, 0xd9, 0x25, 0xd9,
    0x25, 0xd9, 0x25, 0xd9, 0x25, 0xd9, 0x25, 0xd9, 0x25, 0xd9, 0x25, 0xd9, 0x25, 0xd9, 0x25, 0xd9, 0x25, 0xd9, 0x25, 0xd9,
    0x25, 0xd9, 0x25, 0xd9, 0x25, 0xd9, 0x25, 0xd9, 0x25, 0xd9, 0x25, 0xd9, 0x25, 0xd9, 0x25, 0xd9, 0x25, 0xd9, 0x25, 0xd9,
    0x25, 0xd9, 0x25, 0xd9, 0x25, 0xd9, 0x25, 0xd9, 0x25, 0xd9, 0x25, 0xd9, 0x25, 0xd9, 0x25, 0xd9, 0x25, 0xd9, 0x25, 0xd9,
    0x25, 0xd9, 0x25, 0xd9, 0x25, 0xd9, 0x25, 0xd9, 0x25, 0xd9, 0x25, 0xd9, 0x25, 0xd9, 0x25, 0xd1, 0x46, 0xe9, 0x82, 0x88,
    0xc6, 0x00, 0x95, 0x1a, 0x32, 0x1a, 0x53, 0x1a, 0x53, 0x1a, 0x53, 0x1a, 0x53, 0x1a, 0x53, 0x1a, 0x53, 0x1a, 0x53, 0x1a,
    0x53, 0x1a, 0x53, 0x1a, 0x53, 0x1a, 0x53, 0x1a, 0x53, 0x1a, 0x53, 0x1a, 0x53, 0x1a, 0x53, 0x1a, 0x53, 0x1a, 0x53, 0x1a,
    0x53, 0x1a, 0x53, 0x1a, 0x53, 0x1a, 0x53, 0x1a, 0x53, 0x1a, 0x53, 0x1a, 0x53, 0x1a, 0x53, 0x1a, 0x53, 0x1a, 0x53, 0x1a,
    0x53, 0x1a, 0x53, 0x1a, 0x53, 0x1a, 0x53, 0x1a, 0x53, 0x1a, 0x53, 0x1a, 0x53, 0x1a, 0x53, 0x1a, 0x53, 0x1a, 0x53, 0x1a,
    0x53, 0x1a, 0x53, 0x1a, 0x53, 0x1a, 0x53, 0x1a, 0x53, 0x1a, 0x53, 0x1a, 0x53, 0x1a, 0x53, 0x1a, 0x53, 0x1a, 0x53, 0x1a,
    0x53, 0x1a, 0x53, 0x1a, 0x53, 0x1a, 0x53, 0x1a, 0x53, 0x1a, 0x53, 0x1a, 0x53, 0x1a, 0x53, 0x1a, 0x53, 0x1a, 0x53, 0x1a,
    0x53, 0x1a, 0x53, 0x1a, 0x53, 0x1a, 0x53, 0x1a, 0x53, 0x1a, 0x53, 0x1a, 0x53, 0x1a, 0x53, 0x1a, 0x53, 0x1a, 0x53, 0x1a,
    0x53, 0x1a, 0x53, 0x1a, 0x53, 0x1a, 0x53, 0x1a, 0x53, 0x1a, 0x53, 0x1a, 0x53, 0x1a, 0x53, 0x1a, 0x53, 0x1a, 0x53, 0x1a,
    0x53, 0x1a, 0x53, 0x1a, 0x53, 0x1a, 0x32, 0x1a, 0x75, 0x1a, 0x6c, 0x11, 0x00, 0x00, 0x00, 0x00, 0x00, 0x00, 0x00, 0x00,
    0x00, 0x00, 0x00, 0x00, 0x00, 0x00, 0x00, 0x00, 0x00, 0x00, 0x00, 0x00, 0x00, 0x00, 0x00, 0x00, 0x00, 0x00, 0x00, 0x00,
    0x00, 0x00, 0x00, 0x00, 0x00, 0x00, 0x00, 0x00, 0x00, 0x00, 0x00, 0x00, 0x00, 0x00, 0x00, 0x00, 0x00, 0x00, 0x00, 0x00,
    0x00, 0x00, 0x00, 0x00, 0x00, 0x00, 0x00, 0x00, 0x00, 0x00, 0xa3, 0x80, 0x46, 0xf1, 0x26, 0xd9, 0x25, 0xd9, 0x25, 0xd9,
    0x25, 0xd9, 0x25, 0xd9, 0x25, 0xd9, 0x25, 0xd9, 0x25, 0xd9, 0x25, 0xd9, 0x25, 0xd9, 0x25, 0xd9, 0x25, 0xd9, 0x25, 0xd9,
    0x25, 0xd9, 0x25, 0xd9, 0x25, 0xd9, 0x25, 0xd9, 0x25, 0xd9, 0x25, 0xd9, 0x25, 0xd9, 0x25, 0xd9, 0x25, 0xd9, 0x25, 0xd9,
    0x25, 0xd9, 0x25, 0xd9, 0x25, 0xd9, 0x25, 0xd9, 0x25, 0xd9, 0x25, 0xd9, 0x25, 0xd9, 0x25, 0xd9, 0x25, 0xd9, 0x25, 0xd9,
    0x25, 0xd9, 0x25, 0xd9, 0x25, 0xd9, 0x25, 0xd9, 0x25, 0xd9, 0x25, 0xd9, 0x25, 0xd9, 0x25, 0xd9, 0x25, 0xd9, 0x25, 0xd9,
    0x25, 0xd9, 0x25, 0xd9, 0x25, 0xd9, 0x25, 0xd9, 0x25, 0xd9, 0x25, 0xd9, 0x25, 0xd9, 0x25, 0xd9, 0x25, 0xd9, 0x25, 0xd9,
    0x25, 0xd9, 0x25, 0xd9, 0x25, 0xd9, 0x25, 0xd9, 0x25, 0xd9, 0x25, 0xd9, 0x25, 0xd9, 0x25, 0xd9, 0x25, 0xd9, 0x25, 0xd9,
    0x25, 0xd9, 0x25, 0xd9, 0x25, 0xd9, 0x25, 0xd9, 0x25, 0xd9, 0x25, 0xd9, 0x25, 0xd9, 0x25, 0xd9, 0x25, 0xd9, 0x25, 0xd9,
    0x25, 0xd9, 0x25, 0xd9, 0x25, 0xd9, 0x25, 0xd9, 0x25, 0xd9, 0x25, 0xd9, 0x25, 0xd9, 0x46, 0xe9, 0xe4, 0xb0, 0x00, 0x10,
    0x00, 0x00, 0x6b, 0x11, 0x75, 0x1a, 0x53, 0x1a, 0x33, 0x1a, 0x33, 0x1a, 0x33, 0x1a, 0x33, 0x1a, 0x33, 0x1a, 0x33, 0x1a,
    0x33, 0x1a, 0x33, 0x1a, 0x33, 0x1a, 0x33, 0x1a, 0x33, 0x1a, 0x33, 0x1a, 0x33, 0x1a, 0x33, 0x1a, 0x33, 0x1a, 0x33, 0x1a,
    0x33, 0x1a, 0x33, 0x1a, 0x33, 0x1a, 0x33, 0x1a, 0x33, 0x1a, 0x33, 0x1a, 0x33, 0x1a, 0x33, 0x1a, 0x33, 0x1a, 0x33, 0x1a,
    0x33, 0x1a, 0x33, 0x1a, 0x33, 0x1a, 0x33, 0x1a, 0x33, 0x1a, 0x33, 0x1a, 0x33, 0x1a, 0x33, 0x1a, 0x33, 0x1a, 0x33, 0x1a,
    0x33, 0x1a, 0x33, 0x1a, 0x33, 0x1a, 0x33, 0x1a, 0x33, 0x1a, 0x33, 0x1a, 0x33, 0x1a, 0x33, 0x1a, 0x33, 0x1a, 0x33, 0x1a,
    0x33, 0x1a, 0x33, 0x1a, 0x33, 0x1a, 0x33, 0x1a, 0x33, 0x1a, 0x33, 0x1a, 0x33, 0x1a, 0x33, 0x1a, 0x33, 0x1a, 0x33, 0x1a,
    0x33, 0x1a, 0x33, 0x1a, 0x33, 0x1a, 0x33, 0x1a, 0x33, 0x1a, 0x33, 0x1a, 0x33, 0x1a, 0x33, 0x1a, 0x33, 0x1a, 0x33, 0x1a,
    0x33, 0x1a, 0x33, 0x1a, 0x33, 0x1a, 0x33, 0x1a, 0x33, 0x1a, 0x33, 0x1a, 0x33, 0x1a, 0x33, 0x1a, 0x33, 0x1a, 0x33, 0x1a,
    0x33, 0x1a, 0x33, 0x1a, 0x53, 0x1a, 0x75, 0x1a, 0xcf, 0x11, 0x21, 0x00, 0x00, 0x00, 0x00, 0x00, 0x00, 0x00, 0x00, 0x00,
    0x00, 0x00, 0x00, 0x00, 0x00, 0x00, 0x00, 0x00, 0x00, 0x00, 0x00, 0x00, 0x00, 0x00, 0x00, 0x00, 0x00, 0x00, 0x00, 0x00,
    0x00, 0x00, 0x00, 0x00, 0x00, 0x00, 0x00, 0x00, 0x00, 0x00, 0x00, 0x00, 0x00, 0x00, 0x00, 0x00, 0x00, 0x00, 0x00, 0x00,
    0x00, 0x00, 0x00, 0x00, 0x00, 0x00, 0x00, 0x00, 0x00, 0x00, 0x00, 0x00, 0x82, 0x68, 0x05, 0xc9, 0x46, 0xe1, 0x46, 0xe1,
    0x46, 0xe1, 0x46, 0xe1, 0x46, 0xe1, 0x46, 0xe1, 0x46, 0xe1, 0x46, 0xe1, 0x46, 0xe1, 0x46, 0xe1, 0x46, 0xe1, 0x46, 0xe1,
    0x46, 0xe1, 0x46, 0xe1, 0x46, 0xe1, 0x46, 0xe1, 0x46, 0xe1, 0x46, 0xe1, 0x46, 0xe1, 0x46, 0xe1, 0x46, 0xe1, 0x46, 0xe1,
    0x46, 0xe1, 0x46, 0xe1, 0x46, 0xe1, 0x46, 0xe1, 0x46, 0xe1, 0x46, 0xe1, 0x46, 0xe1, 0x46, 0xe1, 0x46, 0xe1, 0x46, 0xe1,
    0x46, 0xe1, 0x46, 0xe1, 0x46, 0xe1, 0x46, 0xe1, 0x46, 0xe1, 0x46, 0xe1, 0x46, 0xe1, 0x46, 0xe1, 0x46, 0xe1, 0x46, 0xe1,
    0x46, 0xe1, 0x46, 0xe1, 0x46, 0xe1, 0x46, 0xe1, 0x46, 0xe1, 0x46, 0xe1, 0x46, 0xe1, 0x46, 0xe1, 0x46, 0xe1, 0x46, 0xe1,
    0x46, 0xe1, 0x46, 0xe1, 0x46, 0xe1, 0x46, 0xe1, 0x46, 0xe1, 0x46, 0xe1, 0x46, 0xe1, 0x46, 0xe1, 0x46, 0xe1, 0x46, 0xe1,
    0x46, 0xe1, 0x46, 0xe1, 0x46, 0xe1, 0x46, 0xe1, 0x46, 0xe1, 0x46, 0xe1, 0x46, 0xe1, 0x46, 0xe1, 0x46, 0xe1, 0x46, 0xe1,
    0x46, 0xe1, 0x46, 0xe1, 0x46, 0xe1, 0x46, 0xe1, 0x46, 0xe1, 0x46, 0xe1, 0x25, 0xd1, 0xc3, 0x88, 0x00, 0x08, 0x00, 0x00,
    0x00, 0x00, 0x00, 0x00, 0x09, 0x09, 0x11, 0x1a, 0x54, 0x1a, 0x54, 0x1a, 0x54, 0x1a, 0x54, 0x1a, 0x54, 0x1a, 0x54, 0x1a,
    0x54, 0x1a, 0x54, 0x1a, 0x54, 0x1a, 0x54, 0x1a, 0x54, 0x1a, 0x54, 0x1a, 0x54, 0x1a, 0x54, 0x1a, 0x54, 0x1a, 0x54, 0x1a,
    0x54, 0x1a, 0x54, 0x1a, 0x54, 0x1a, 0x54, 0x1a, 0x54, 0x1a, 0x54, 0x1a, 0x54, 0x1a, 0x54, 0x1a, 0x54, 0x1a, 0x54, 0x1a,
    0x54, 0x1a, 0x54, 0x1a, 0x54, 0x1a, 0x54, 0x1a, 0x54, 0x1a, 0x54, 0x1a, 0x54, 0x1a, 0x54, 0x1a, 0x54, 0x1a, 0x54, 0x1a,
    0x54, 0x1a, 0x54, 0x1a, 0x54, 0x1a, 0x54, 0x1a, 0x54, 0x1a, 0x54, 0x1a, 0x54, 0x1a, 0x54, 0x1a, 0x54, 0x1a, 0x54, 0x1a,
    0x54, 0x1a, 0x54, 0x1a, 0x54, 0x1a, 0x54, 0x1a, 0x54, 0x1a, 0x54, 0x1a, 0x54, 0x1a, 0x54, 0x1a, 0x54, 0x1a, 0x54, 0x1a,
    0x54, 0x1a, 0x54, 0x1a, 0x54, 0x1a, 0x54, 0x1a, 0x54, 0x1a, 0x54, 0x1a, 0x54, 0x1a, 0x54, 0x1a, 0x54, 0x1a, 0x54, 0x1a,
    0x54, 0x1a, 0x54, 0x1a, 0x54, 0x1a, 0x54, 0x1a, 0x54, 0x1a, 0x54, 0x1a, 0x54, 0x1a, 0x54, 0x1a, 0x54, 0x1a, 0x54, 0x1a,
    0x54, 0x1a, 0x74, 0x1a, 0x32, 0x1a, 0x6c, 0x11, 0x21, 0x00, 0x00, 0x00, 0x00, 0x00, 0x00, 0x00, 0x00, 0x00, 0x00, 0x00,
    0x00, 0x00, 0x00, 0x00, 0x00, 0x00, 0x00, 0x00, 0x00, 0x00, 0x00, 0x00, 0x00, 0x00, 0x00, 0x00, 0x00, 0x00, 0x00, 0x00,
    0x00, 0x00, 0x00, 0x00, 0x00, 0x00, 0x00, 0x00, 0x00, 0x00, 0x00, 0x00, 0x00, 0x00, 0x00, 0x00, 0x00, 0x00, 0x00, 0x00,
    0x00, 0x00, 0x00, 0x00, 0x00, 0x00, 0x00, 0x00, 0x00, 0x00, 0x00, 0x00, 0x00, 0x00, 0x00, 0x08, 0x41, 0x30, 0x41, 0x38,
    0x41, 0x38, 0x41, 0x38, 0x41, 0x38, 0x41, 0x38, 0x41, 0x38, 0x41, 0x38, 0x41, 0x38, 0x41, 0x38, 0x41, 0x38, 0x41, 0x38,
    0x41, 0x38, 0x41, 0x38, 0x41, 0x38, 0x41, 0x38, 0x41, 0x38, 0x41, 0x38, 0x41, 0x38, 0x41, 0x38, 0x41, 0x38, 0x41, 0x38,
    0x41, 0x38, 0x41, 0x38, 0x41, 0x38, 0x41, 0x38, 0x41, 0x38, 0x41, 0x38, 0x41, 0x38, 0x41, 0x38, 0x41, 0x38, 0x41, 0x38,
    0x41, 0x38, 0x41, 0x38, 0x41, 0x38, 0x41, 0x38, 0x41, 0x38, 0x41, 0x38, 0x41, 0x38, 0x41, 0x38, 0x41, 0x38, 0x41, 0x38,
    0x41, 0x38, 0x41, 0x38, 0x41, 0x38, 0x41, 0x38, 0x41, 0x38, 0x41, 0x38, 0x41, 0x38, 0x41, 0x38, 0x41, 0x38, 0x41, 0x38,
    0x41, 0x38, 0x41, 0x38, 0x41, 0x38, 0x41, 0x38, 0x41, 0x38, 0x41, 0x38, 0x41, 0x38, 0x41, 0x38, 0x41, 0x38, 0x41, 0x38,
    0x41, 0x38, 0x41, 0x38, 0x41, 0x38, 0x41, 0x38, 0x41, 0x38, 0x41, 0x38, 0x41, 0x38, 0x41, 0x38, 0x41, 0x38, 0x41, 0x38,
    0x41, 0x38, 0x41, 0x38, 0x41, 0x38, 0x41, 0x38, 0x41, 0x30, 0x41, 0x38, 0x20, 0x18, 0x00, 0x00, 0x00, 0x00, 0x00, 0x00,
    0x00, 0x00, 0x00, 0x00, 0x00, 0x00, 0x21, 0x00, 0x84, 0x00, 0x85, 0x00, 0x84, 0x00, 0x84, 0x00, 0x84, 0x00, 0x84, 0x00,
    0x84, 0x00, 0x84, 0x00, 0x84, 0x00, 0x84, 0x00, 0x84, 0x00, 0x84, 0x00, 0x84, 0x00, 0x84, 0x00, 0x84, 0x00, 0x84, 0x00,
    0x84, 0x00, 0x84, 0x00, 0x84, 0x00, 0x84, 0x00, 0x84, 0x00, 0x84, 0x00, 0x84, 0x00, 0x84, 0x00, 0x84, 0x00, 0x84, 0x00,
    0x84, 0x00, 0x84, 0x00, 0x84, 0x00, 0x84, 0x00, 0x84, 0x00, 0x84, 0x00, 0x84, 0x00, 0x84, 0x00, 0x84, 0x00, 0x84, 0x00,
    0x84, 0x00, 0x84, 0x00, 0x84, 0x00, 0x84, 0x00, 0x84, 0x00, 0x84, 0x00, 0x84, 0x00, 0x84, 0x00, 0x84, 0x00, 0x84, 0x00,
    0x84, 0x00, 0x84, 0x00, 0x84, 0x00, 0x84, 0x00, 0x84, 0x00, 0x84, 0x00, 0x84, 0x00, 0x84, 0x00, 0x84, 0x00, 0x84, 0x00,
    0x84, 0x00, 0x84, 0x00, 0x84, 0x00, 0x84, 0x00, 0x84, 0x00, 0x84, 0x00, 0x84, 0x00, 0x84, 0x00, 0x84, 0x00, 0x84, 0x00,
    0x84, 0x00, 0x84, 0x00, 0x84, 0x00, 0x84, 0x00, 0x84, 0x00, 0x84, 0x00, 0x84, 0x00, 0x84, 0x00, 0x84, 0x00, 0x84, 0x00,
    0x84, 0x00, 0x85, 0x00, 0x42, 0x00, 0x00, 0x00, 0x00, 0x00, 0x00, 0x00, 0x00, 0x00, 0x00, 0x00, 0x00, 0x00, 0x00, 0x00,
    0x00, 0x00, 0x00, 0x00, 0x00, 0x00, 0x00, 0x00, 0x00, 0x00, 0x00, 0x00, 0x00, 0x00, 0x00, 0x00, 0x00, 0x00, 0x00, 0x00,
    0x00, 0x00, 0x00, 0x00, 0x00, 0x00, 0x00, 0x00, 0x00, 0x00, 0x00, 0x00, 0x00, 0x00, 0x00, 0x00, 0x00, 0x00, 0x00, 0x00,
    0x00, 0x00, 0x00, 0x00, 0x00, 0x00, 0x00, 0x00, 0x00, 0x00, 0x00, 0x00, 0x00, 0x00, 0x00, 0x00, 0x00, 0x00, 0x00, 0x00,
    0x00, 0x00, 0x00, 0x00, 0x00, 0x00, 0x00, 0x00, 0x00, 0x00, 0x00, 0x00, 0x00, 0x00, 0x00, 0x00, 0x00, 0x00, 0x00, 0x00,
    0x00, 0x00, 0x00, 0x00, 0x00, 0x00, 0x00, 0x00, 0x00, 0x00, 0x00, 0x00, 0x00, 0x00, 0x00, 0x00, 0x00, 0x00, 0x00, 0x00,
    0x00, 0x00, 0x00, 0x00, 0x00, 0x00, 0x00, 0x00, 0x00, 0x00, 0x00, 0x00, 0x00, 0x00, 0x00, 0x00, 0x00, 0x00, 0x00, 0x00,
    0x00, 0x00, 0x00, 0x00, 0x00, 0x00, 0x00, 0x00, 0x00, 0x00, 0x00, 0x00, 0x00, 0x00, 0x00, 0x00, 0x00, 0x00, 0x00, 0x00,
    0x00, 0x00, 0x00, 0x00, 0x00, 0x00, 0x00, 0x00, 0x00, 0x00, 0x00, 0x00, 0x00, 0x00, 0x00, 0x00, 0x00, 0x00, 0x00, 0x00,
    0x00, 0x00, 0x00, 0x00, 0x00, 0x00, 0x00, 0x00, 0x00, 0x00, 0x00, 0x00, 0x00, 0x00, 0x00, 0x00, 0x00, 0x00, 0x00, 0x00,
    0x00, 0x00, 0x00, 0x00, 0x00, 0x00, 0x00, 0x00, 0x00, 0x00, 0x00, 0x00, 0x00, 0x00, 0x00, 0x00, 0x00, 0x00, 0x00, 0x00,
    0x00, 0x00, 0x00, 0x00, 0x00, 0x00, 0x00, 0x00, 0x00, 0x00, 0x00, 0x00, 0x00, 0x00, 0x00, 0x00, 0x00, 0x00, 0x00, 0x00,
    0x00, 0x00, 0x00, 0x00, 0x00, 0x00, 0x00, 0x00, 0x00, 0x00, 0x00, 0x00, 0x00, 0x00, 0x00, 0x00, 0x00, 0x00, 0x00, 0x00,
    0x00, 0x00, 0x00, 0x00, 0x00, 0x00, 0x00, 0x00, 0x00, 0x00, 0x00, 0x00, 0x00, 0x00, 0x00, 0x00, 0x00, 0x00, 0x00, 0x00,
    0x00, 0x00, 0x00, 0x00, 0x00, 0x00, 0x00, 0x00, 0x00, 0x00, 0x00, 0x00, 0x00, 0x00, 0x00, 0x00, 0x00, 0x00, 0x00, 0x00,
    0x00, 0x00, 0x00, 0x00, 0x00, 0x00, 0x00, 0x00, 0x00, 0x00, 0x00, 0x00, 0x00, 0x00, 0x00, 0x00, 0x00, 0x00, 0x00, 0x00,
    0x00, 0x00, 0x00, 0x00, 0x00, 0x00, 0x00, 0x00, 0x00, 0x00, 0x00, 0x00, 0x00, 0x00, 0x00, 0x00, 0x00, 0x00, 0x00, 0x00,
    0x00, 0x00, 0x00, 0x00, 0x00, 0x00, 0x00, 0x00, 0x00, 0x00, 0x00, 0x00, 0x00, 0x00, 0x00, 0x00, 0x00, 0x00, 0x00, 0x00,
    0x00, 0x00, 0x00, 0x00, 0x00, 0x00, 0x00, 0x00, 0x00, 0x00, 0x00, 0x00, 0x00, 0x00, 0x00, 0x00, 0x00, 0x00, 0x00, 0x00,
    0x00, 0x00, 0x00, 0x00, 0x00, 0x00, 0x00, 0x00, 0x00, 0x00, 0x00, 0x00, 0x00, 0x00, 0x00, 0x00, 0x00, 0x00, 0x00, 0x00,
    0x00, 0x00, 0x00, 0x00, 0x00, 0x00, 0x00, 0x00, 0x00, 0x00, 0x00, 0x00, 0x00, 0x00, 0x00, 0x00, 0x00, 0x00, 0x00, 0x00,
    0x00, 0x00, 0x00, 0x00, 0x00, 0x00, 0x00, 0x00, 0x00, 0x00, 0x00, 0x00, 0x00, 0x00, 0x00, 0x00, 0x00, 0x00, 0x00, 0x00,
    0x00, 0x00, 0x00, 0x00, 0x00, 0x00, 0x00, 0x00, 0x00, 0x00, 0x00, 0x00, 0x00, 0x00, 0x00, 0x00, 0x00, 0x00, 0x00, 0x00,
    0x00, 0x00, 0x00, 0x00, 0x00, 0x00, 0x00, 0x00, 0x00, 0x00, 0x00, 0x00, 0x00, 0x00, 0x00, 0x00, 0x00, 0x00, 0x00, 0x00,
    0x00, 0x00, 0x00, 0x00, 0x00, 0x00, 0x00, 0x00, 0x00, 0x00, 0x00, 0x00, 0x00, 0x00, 0x00, 0x00, 0x00, 0x00, 0x00, 0x00,
    0x00, 0x00, 0x00, 0x00, 0x00, 0x00, 0x00, 0x00, 0x00, 0x00, 0x00, 0x00, 0x00, 0x00, 0x00, 0x00, 0x00, 0x00, 0x00, 0x00,
    0x00, 0x00, 0x00, 0x00, 0x00, 0x00, 0x00, 0x00, 0x00, 0x00, 0x00, 0x00, 0x00, 0x00, 0x00, 0x00, 0x00, 0x00, 0x00, 0x00,
    0x00, 0x00, 0x00, 0x00, 0x00, 0x00, 0x00, 0x00, 0x00, 0x00, 0x00, 0x00, 0x00, 0x00, 0x00, 0x00, 0x00, 0x00, 0x00, 0x00,
    0x00, 0x00, 0x00, 0x00, 0x00, 0x00, 0x00, 0x00, 0x00, 0x00, 0x00, 0x00, 0x00, 0x00, 0x00, 0x00, 0x00, 0x00, 0x00, 0x00,
    0x00, 0x00, 0x00, 0x00, 0x00, 0x00, 0x00, 0x00, 0x00, 0x00, 0x00, 0x00, 0x00, 0x00, 0x00, 0x00, 0x00, 0x00, 0x00, 0x00,
    0x00, 0x00, 0x00, 0x00, 0x00, 0x00, 0x00, 0x00, 0x00, 0x00, 0x00, 0x00, 0x00, 0x00, 0x00, 0x00, 0x00, 0x00, 0x00, 0x00,
    0x00, 0x00, 0x00, 0x00, 0x00, 0x00, 0x00, 0x00, 0x00, 0x00, 0x00, 0x00, 0x00, 0x00, 0x00, 0x00, 0x00, 0x00, 0x00, 0x00,
    0x00, 0x00, 0x00, 0x00, 0x00, 0x00, 0x00, 0x00, 0x00, 0x00, 0x00, 0x00, 0x00, 0x00, 0x00, 0x00, 0x00, 0x00, 0x00, 0x00,
    0x00, 0x00, 0x00, 0x00, 0x00, 0x00, 0x00, 0x00, 0x00, 0x00, 0x00, 0x00, 0x00, 0x00, 0x00, 0x00, 0x00, 0x00, 0x00, 0x00,
    0x00, 0x00, 0x00, 0x00, 0x00, 0x00, 0x00, 0x00, 0x00, 0x00, 0x00, 0x00, 0x00, 0x00, 0x00, 0x00, 0x00, 0x00, 0x00, 0x00,
    0x00, 0x00, 0x00, 0x00, 0x00, 0x00, 0x00, 0x00, 0x00, 0x00, 0x00, 0x00, 0x00, 0x00, 0x00, 0x00, 0x00, 0x00, 0x00, 0x00,
    0x00, 0x00, 0x00, 0x00, 0x00, 0x00, 0x00, 0x00, 0x00, 0x00, 0x00, 0x00, 0x00, 0x00, 0x00, 0x00, 0x00, 0x00, 0x00, 0x00,
    0x00, 0x00, 0x00, 0x00, 0x00, 0x00, 0x00, 0x00, 0x00, 0x00, 0x00, 0x00, 0x00, 0x00, 0x00, 0x00, 0x00, 0x00, 0x00, 0x00,
    0x00, 0x00, 0x00, 0x00, 0x00, 0x00, 0x00, 0x00, 0x00, 0x00, 0x00, 0x00, 0x00, 0x00, 0x00, 0x00, 0x00, 0x00, 0x00, 0x00,
    0x00, 0x00, 0x00, 0x00, 0x00, 0x00, 0x00, 0x00, 0x00, 0x00, 0x00, 0x00, 0x00, 0x00, 0x00, 0x00, 0x00, 0x00, 0x00, 0x00,
    0x00, 0x00, 0x00, 0x00, 0x00, 0x00, 0x00, 0x00, 0x00, 0x00, 0x00, 0x00, 0x00, 0x00, 0x00, 0x00, 0x00, 0x00, 0x00, 0x00,
    0x00, 0x00, 0x00, 0x00, 0x00, 0x00, 0x00, 0x00, 0x00, 0x00, 0x00, 0x00, 0x00, 0x00, 0x00, 0x00, 0x00, 0x00, 0x00, 0x00,
    0x00, 0x00, 0x00, 0x00, 0x00, 0x00, 0x00, 0x00, 0x00, 0x00, 0x00, 0x00, 0x00, 0x00, 0x00, 0x00, 0x00, 0x00, 0x00, 0x00,
    0x00, 0x00, 0x00, 0x00, 0x00, 0x00, 0x00, 0x00, 0x00, 0x00, 0x00, 0x00, 0x00, 0x00, 0x00, 0x00, 0x00, 0x00, 0x00, 0x00,
    0x00, 0x00, 0x00, 0x00, 0x00, 0x00, 0x00, 0x00, 0x00, 0x00, 0x00, 0x00, 0x00, 0x00, 0x00, 0x00, 0x00, 0x00, 0x00, 0x00,
    0x00, 0x00, 0x00, 0x00, 0x00, 0x00, 0x00, 0x00, 0x00, 0x00, 0x00, 0x00, 0x00, 0x00, 0x00, 0x00, 0x00, 0x00, 0x00, 0x00,
    0x00, 0x00, 0x00, 0x00, 0x00, 0x00, 0x00, 0x00, 0x00, 0x00, 0x00, 0x00, 0x00, 0x00, 0x00, 0x00, 0x00, 0x00, 0x00, 0x00,
    0x00, 0x00, 0x00, 0x00, 0x00, 0x00, 0x00, 0x00, 0x00, 0x00, 0x00, 0x00, 0x00, 0x00, 0x00, 0x00, 0x00, 0x00, 0x00, 0x00,
    0x00, 0x00, 0x00, 0x00, 0x00, 0x00, 0x00, 0x00, 0x00, 0x00, 0x00, 0x00, 0x00, 0x00, 0x00, 0x00, 0x00, 0x00, 0x00, 0x00,
    0x00, 0x00, 0x00, 0x00, 0x00, 0x00, 0x00, 0x00, 0x00, 0x00, 0x00, 0x00, 0x00, 0x00, 0x00, 0x00, 0x00, 0x00, 0x00, 0x00,
    0x00, 0x00, 0x00, 0x00, 0x00, 0x00, 0x00, 0x00, 0x00, 0x00, 0x00, 0x00, 0x00, 0x00, 0x00, 0x00, 0x00, 0x00, 0x00, 0x00,
    0x00, 0x00, 0x00, 0x00, 0x00, 0x00, 0x00, 0x00, 0x00, 0x00, 0x00, 0x00, 0x00, 0x00, 0x00, 0x00, 0x00, 0x00, 0x00, 0x00,
    0x00, 0x00, 0x00, 0x00, 0x00, 0x00, 0x00, 0x00, 0x00, 0x00, 0x00, 0x00, 0x00, 0x00, 0x00, 0x00, 0x00, 0x00, 0x00, 0x00,
    0x00, 0x00, 0x00, 0x00, 0x00, 0x00, 0x00, 0x00, 0x00, 0x00, 0x00, 0x00, 0x00, 0x00, 0x00, 0x00, 0x00, 0x00, 0x00, 0x00,
    0x00, 0x00, 0x00, 0x00, 0x00, 0x00, 0x00, 0x00, 0x00, 0x00, 0x00, 0x00, 0x00, 0x00, 0x00, 0x00, 0x00, 0x00, 0x00, 0x00,
    0x00, 0x00, 0x00, 0x00, 0x00, 0x00, 0x00, 0x00, 0x00, 0x00, 0x00, 0x00, 0x00, 0x00, 0x00, 0x00, 0x00, 0x00, 0x00, 0x00,
    0x00, 0x00, 0x00, 0x00, 0x00, 0x00, 0x00, 0x00, 0x00, 0x00, 0x00, 0x00, 0x00, 0x00, 0x00, 0x00, 0x00, 0x00, 0x00, 0x00,
    0x00, 0x00, 0x00, 0x00, 0x00, 0x00, 0x00, 0x00, 0x00, 0x00, 0x00, 0x00, 0x00, 0x00, 0x00, 0x00, 0x00, 0x00, 0x00, 0x00,
    0x00, 0x00, 0x00, 0x00, 0x00, 0x00, 0x00, 0x00, 0x00, 0x00, 0x00, 0x00, 0x00, 0x00, 0x00, 0x00, 0x00, 0x00, 0x00, 0x00,
    0x00, 0x00, 0x00, 0x00, 0x00, 0x00, 0x00, 0x00, 0x00, 0x00, 0x00, 0x00, 0x00, 0x00, 0x00, 0x00, 0x00, 0x00, 0x00, 0x00,
    0x00, 0x00, 0x00, 0x00, 0x00, 0x00, 0x00, 0x00, 0x00, 0x00, 0x00, 0x00, 0x00, 0x00, 0x00, 0x00, 0x00, 0x00, 0x00, 0x00,
    0x00, 0x00, 0x00, 0x00, 0x00, 0x00, 0x00, 0x00, 0x00, 0x00, 0x00, 0x00, 0x00, 0x00, 0x00, 0x00, 0x00, 0x00, 0x00, 0x00,
    0x00, 0x00, 0x00, 0x00, 0x00, 0x00, 0x00, 0x00, 0x00, 0x00, 0x00, 0x00, 0x00, 0x00, 0x00, 0x00, 0x00, 0x00, 0x00, 0x00,
    0x00, 0x00, 0x00, 0x00, 0x00, 0x00, 0x00, 0x00, 0x00, 0x00, 0x00, 0x00, 0x00, 0x00, 0x00, 0x00, 0x00, 0x00, 0x00, 0x00,
    0x00, 0x00, 0x00, 0x00, 0x00, 0x00, 0x00, 0x00, 0x00, 0x00, 0x00, 0x00, 0x00, 0x00, 0x00, 0x00, 0x00, 0x00, 0x00, 0x00,
    0x00, 0x00, 0x00, 0x00, 0x00, 0x00, 0x00, 0x00, 0x00, 0x00, 0x00, 0x00, 0x00, 0x00, 0x00, 0x00, 0x00, 0x00, 0x00, 0x00,
    0x00, 0x00, 0x00, 0x00, 0x00, 0x00, 0x00, 0x00, 0x00, 0x00, 0x00, 0x00, 0x00, 0x00, 0x00, 0x00, 0x00, 0x00, 0x00, 0x00,
    0x00, 0x00, 0x00, 0x00, 0x00, 0x00, 0x00, 0x00, 0x00, 0x00, 0x00, 0x00, 0x00, 0x00, 0x00, 0x00, 0x00, 0x00, 0x00, 0x00,
    0x00, 0x00, 0x00, 0x00, 0x00, 0x00, 0x00, 0x00, 0x00, 0x00, 0x00, 0x00, 0x00, 0x00, 0x00, 0x00, 0x00, 0x00, 0x00, 0x00,
    0x00, 0x00, 0x00, 0x00, 0x00, 0x00, 0x00, 0x00, 0x00, 0x00, 0x00, 0x00, 0x00, 0x00, 0x00, 0x00, 0x00, 0x00, 0x00, 0x00,
    0x00, 0x00, 0x00, 0x00, 0x00, 0x00, 0x00, 0x00, 0x00, 0x00, 0x00, 0x00, 0x00, 0x00, 0x00, 0x00, 0x00, 0x00, 0x00, 0x00,
    0x00, 0x00, 0x00, 0x00, 0x00, 0x00, 0x00, 0x00, 0x00, 0x00, 0x00, 0x00, 0x00, 0x00, 0x00, 0x00, 0x00, 0x00, 0x00, 0x00,
    0x00, 0x00, 0x00, 0x00, 0x00, 0x00, 0x00, 0x00, 0x00, 0x00, 0x00, 0x00, 0x00, 0x00, 0x00, 0x00, 0x00, 0x00, 0x00, 0x00,
    0x00, 0x00, 0x00, 0x00, 0x00, 0x00, 0x00, 0x00, 0x00, 0x00, 0x00, 0x00, 0x00, 0x00, 0x00, 0x00, 0x00, 0x00, 0x00, 0x00,
    0x00, 0x00, 0x00, 0x00, 0x00, 0x00, 0x00, 0x00, 0x00, 0x00, 0x00, 0x00, 0x00, 0x00, 0x00, 0x00, 0x00, 0x00, 0x00, 0x00,
    0x00, 0x00, 0x00, 0x00, 0x00, 0x00, 0x00, 0x00, 0x00, 0x00, 0x00, 0x00, 0x00, 0x00, 0x00, 0x00, 0x00, 0x00, 0x00, 0x00,
    0x00, 0x00, 0x00, 0x00, 0x00, 0x00, 0x00, 0x00, 0x00, 0x00, 0x00, 0x00, 0x00, 0x00, 0x00, 0x00, 0x00, 0x00, 0x00, 0x00,
    0x00, 0x00, 0x00, 0x00, 0x00, 0x00, 0x00, 0x00, 0x00, 0x00, 0x00, 0x00, 0x00, 0x00, 0x00, 0x00, 0x00, 0x00, 0x00, 0x00,
    0x00, 0x00, 0x00, 0x00, 0x00, 0x00, 0x00, 0x00, 0x00, 0x00, 0x00, 0x00, 0x00, 0x00, 0x00, 0x00, 0x00, 0x00, 0x00, 0x00,
    0x00, 0x00, 0x00, 0x00, 0x00, 0x00, 0x00, 0x00, 0x00, 0x00, 0x00, 0x00, 0x00, 0x00, 0x00, 0x00, 0x00, 0x00, 0x00, 0x00,
    0x00, 0x00, 0x00, 0x00, 0x00, 0x00, 0x00, 0x00, 0x00, 0x00, 0x00, 0x00, 0x00, 0x00, 0x00, 0x00, 0x00, 0x00, 0x00, 0x00,
    0x00, 0x00, 0x00, 0x00, 0x00, 0x00, 0x00, 0x00, 0x00, 0x00, 0x00, 0x00, 0x00, 0x00, 0x00, 0x00, 0x00, 0x00, 0x00, 0x00,
    0x00, 0x00, 0x00, 0x00, 0x00, 0x00, 0x00, 0x00, 0x00, 0x00, 0x00, 0x00, 0x00, 0x00, 0x00, 0x00, 0x00, 0x00, 0x00, 0x00,
    0x00, 0x00, 0x00, 0x00, 0x00, 0x00, 0x00, 0x00, 0x00, 0x00, 0x00, 0x00, 0x00, 0x00, 0x00, 0x00, 0x00, 0x00, 0x00, 0x00,
    0x00, 0x00, 0x00, 0x00, 0x00, 0x00, 0x00, 0x00, 0x00, 0x00, 0x00, 0x00, 0x00, 0x00, 0x00, 0x00, 0x00, 0x00, 0x00, 0x00,
    0x00, 0x00, 0x00, 0x00, 0x00, 0x00, 0x00, 0x00, 0x00, 0x00, 0x00, 0x00, 0x00, 0x00, 0x00, 0x00, 0x00, 0x00, 0x00, 0x00,
    0x00, 0x00, 0x00, 0x00, 0x00, 0x00, 0x00, 0x00, 0x00, 0x00, 0x00, 0x00, 0x00, 0x00, 0x00, 0x00, 0x00, 0x00, 0x00, 0x00,
    0x00, 0x00, 0x00, 0x00, 0x00, 0x00, 0x00, 0x00, 0x00, 0x00, 0x00, 0x00, 0x00, 0x00, 0x00, 0x00, 0x00, 0x00, 0x00, 0x00,
    0x00, 0x00, 0x00, 0x00, 0x00, 0x00, 0x00, 0x00, 0x00, 0x00, 0x00, 0x00, 0x00, 0x00, 0x00, 0x00, 0x00, 0x00, 0x00, 0x00,
    0x00, 0x00, 0x00, 0x00, 0x00, 0x00, 0x00, 0x00, 0x00, 0x00, 0x00, 0x00, 0x00, 0x00, 0x00, 0x00, 0x00, 0x00, 0x00, 0x00,
    0x00, 0x00, 0x00, 0x00, 0x00, 0x00, 0x00, 0x00, 0x00, 0x00, 0x00, 0x00, 0x00, 0x00, 0x00, 0x00, 0x00, 0x00, 0x00, 0x00,
    0x00, 0x00, 0x00, 0x00, 0x00, 0x00, 0x00, 0x00, 0x00, 0x00, 0x00, 0x00, 0x00, 0x00, 0x00, 0x00, 0x00, 0x00, 0x00, 0x00,
    0x00, 0x00, 0x00, 0x00, 0x00, 0x00, 0x00, 0x00, 0x00, 0x00, 0x00, 0x00, 0x00, 0x00, 0x00, 0x00, 0x00, 0x00, 0x00, 0x00,
    0x00, 0x00, 0x00, 0x00, 0x00, 0x00, 0x00, 0x00, 0x00, 0x00, 0x00, 0x00, 0x00, 0x00, 0x00, 0x00, 0x00, 0x00, 0x00, 0x00,
    0x00, 0x00, 0x00, 0x00, 0x00, 0x00, 0x00, 0x00, 0x00, 0x00, 0x00, 0x00, 0x00, 0x00, 0x00, 0x00, 0x00, 0x00, 0x00, 0x00,
    0x00, 0x00, 0x00, 0x00, 0x00, 0x00, 0x00, 0x00, 0x00, 0x00, 0x00, 0x00, 0x00, 0x00, 0x00, 0x00, 0x00, 0x00, 0x00, 0x00,
    0x00, 0x00, 0x00, 0x00, 0x00, 0x00, 0x00, 0x00, 0x00, 0x00, 0x00, 0x00, 0x00, 0x00, 0x00, 0x00, 0x00, 0x00, 0x00, 0x00,
    0x00, 0x00, 0x00, 0x00, 0x00, 0x00, 0x00, 0x00, 0x00, 0x00, 0x00, 0x00, 0x00, 0x00, 0x00, 0x00, 0x00, 0x00, 0x00, 0x00,
    0x00, 0x00, 0x00, 0x00, 0x00, 0x00, 0x00, 0x00, 0x00, 0x00, 0x00, 0x00, 0x00, 0x00, 0x00, 0x00, 0x00, 0x00, 0x00, 0x00,
    0x00, 0x00, 0x00, 0x00, 0x00, 0x00, 0x00, 0x00, 0x00, 0x00, 0x00, 0x00, 0x00, 0x00, 0x00, 0x00, 0x00, 0x00, 0x00, 0x00,
    0x00, 0x00, 0x00, 0x00, 0x00, 0x00, 0x00, 0x00, 0x00, 0x00, 0x00, 0x00, 0x00, 0x00, 0x00, 0x00, 0x00, 0x00, 0x00, 0x00,
    0x00, 0x00, 0x00, 0x00, 0x00, 0x00, 0x00, 0x00, 0x00, 0x00, 0x00, 0x00, 0x00, 0x00, 0x00, 0x00, 0x00, 0x00, 0x00, 0x00,
    0x00, 0x00, 0x00, 0x00, 0x00, 0x00, 0x00, 0x00, 0x00, 0x00, 0x00, 0x00, 0x00, 0x00, 0x00, 0x00, 0x00, 0x00, 0x00, 0x00,
    0x00, 0x00, 0x00, 0x00, 0x00, 0x00, 0x00, 0x00, 0x00, 0x00, 0x00, 0x00, 0x00, 0x00, 0x00, 0x00, 0x00, 0x00, 0x00, 0x00,
    0x00, 0x00, 0x00, 0x00, 0x00, 0x00, 0x00, 0x00, 0x00, 0x00, 0x00, 0x00, 0x00, 0x00, 0x00, 0x00, 0x00, 0x00, 0x00, 0x00,
    0x00, 0x00, 0x00, 0x00, 0x00, 0x00, 0x00, 0x00, 0x00, 0x00, 0x00, 0x00, 0x00, 0x00, 0x00, 0x00, 0x00, 0x00, 0x00, 0x00,
    0x00, 0x00, 0x00, 0x00, 0x00, 0x00, 0x00, 0x00, 0x00, 0x00, 0x00, 0x00, 0x00, 0x00, 0x00, 0x00, 0x00, 0x00, 0x00, 0x00,
    0x00, 0x00, 0x00, 0x00, 0x00, 0x00, 0x00, 0x00, 0x00, 0x00, 0x00, 0x00, 0x00, 0x00, 0x00, 0x00, 0x00, 0x00, 0x00, 0x00,
    0x00, 0x00, 0x00, 0x00, 0x00, 0x00, 0x00, 0x00, 0x00, 0x00, 0x00, 0x00, 0x00, 0x00, 0x00, 0x00, 0x00, 0x00, 0x00, 0x00,
    0x00, 0x00, 0x00, 0x00, 0x00, 0x00, 0x00, 0x00, 0x00, 0x00, 0x00, 0x00, 0x00, 0x00, 0x00, 0x00, 0x00, 0x00, 0x00, 0x00,
    0x00, 0x00, 0x00, 0x00, 0x00, 0x00, 0x00, 0x00, 0x00, 0x00, 0x00, 0x00, 0x00, 0x00, 0x00, 0x00, 0x00, 0x00, 0x00, 0x00,
    0x00, 0x00, 0x00, 0x00, 0x00, 0x00, 0x00, 0x00, 0x00, 0x00, 0x00, 0x00, 0x00, 0x00, 0x00, 0x00, 0x00, 0x00, 0x00, 0x00,
    0x00, 0x00, 0x00, 0x00, 0x00, 0x00, 0x00, 0x00, 0x00, 0x00, 0x00, 0x00, 0x00, 0x00, 0x00, 0x00, 0x00, 0x00, 0x00, 0x00,
    0x00, 0x00, 0x00, 0x00, 0x00, 0x00, 0x00, 0x00, 0x00, 0x00, 0x00, 0x00, 0x00, 0x00, 0x00, 0x00, 0x00, 0x00, 0x00, 0x00,
    0x00, 0x00, 0x00, 0x00, 0x00, 0x00, 0x00, 0x00, 0x00, 0x00, 0x00, 0x00, 0x00, 0x00, 0x00, 0x00, 0x00, 0x00, 0x00, 0x00,
    0x00, 0x00, 0x00, 0x00, 0x00, 0x00, 0x00, 0x00, 0x00, 0x00, 0x00, 0x00, 0x00, 0x00, 0x00, 0x00, 0x00, 0x00, 0x00, 0x00,
    0x00, 0x00, 0x00, 0x00, 0x00, 0x00, 0x00, 0x00, 0x00, 0x00, 0x00, 0x00, 0x00, 0x00, 0x00, 0x00, 0x00, 0x00, 0x00, 0x00,
    0x00, 0x00, 0x00, 0x00, 0x00, 0x00, 0x00, 0x00, 0x00, 0x00, 0x00, 0x00, 0x00, 0x00, 0x00, 0x00, 0x00, 0x00, 0x00, 0x00,
    0x00, 0x00, 0x00, 0x00, 0x00, 0x00, 0x00, 0x00, 0x00, 0x00, 0x00, 0x00, 0x00, 0x00, 0x00, 0x00, 0x00, 0x00, 0x00, 0x00,
    0x00, 0x00, 0x00, 0x00, 0x00, 0x00, 0x00, 0x00, 0x00, 0x00, 0x00, 0x00, 0x00, 0x00, 0x00, 0x00, 0x00, 0x00, 0x00, 0x00,
    0x00, 0x00, 0x00, 0x00, 0x00, 0x00, 0x00, 0x00, 0x00, 0x00, 0x00, 0x00, 0x00, 0x00, 0x00, 0x00, 0x00, 0x00, 0x00, 0x00,
    0x00, 0x00, 0x00, 0x00, 0x00, 0x00, 0x00, 0x00, 0x00, 0x00, 0x00, 0x00, 0x00, 0x00, 0x00, 0x00, 0x00, 0x00, 0x00, 0x00,
    0x00, 0x00, 0x00, 0x00, 0x00, 0x00, 0x00, 0x00, 0x00, 0x00, 0x00, 0x00, 0x00, 0x00, 0x00, 0x00, 0x00, 0x00, 0x00, 0x00,
    0x00, 0x00, 0x00, 0x00, 0x00, 0x00, 0x00, 0x00, 0x00, 0x00, 0x00, 0x00, 0x00, 0x00, 0x00, 0x00, 0x00, 0x00, 0x00, 0x00,
    0x00, 0x00, 0x00, 0x00, 0x00, 0x00, 0x00, 0x00, 0x00, 0x00, 0x00, 0x00, 0x00, 0x00, 0x00, 0x00, 0x00, 0x00, 0x00, 0x00,
    0x00, 0x00, 0x00, 0x00, 0x00, 0x00, 0x00, 0x00, 0x00, 0x00, 0x00, 0x00, 0x00, 0x00, 0x00, 0x00, 0x00, 0x00, 0x00, 0x00,
    0x00, 0x00, 0x00, 0x00, 0x00, 0x00, 0x00, 0x00, 0x00, 0x00, 0x00, 0x00, 0x00, 0x00, 0x00, 0x00, 0x00, 0x00, 0x00, 0x00,
    0x00, 0x00, 0x00, 0x00, 0x00, 0x00, 0x00, 0x00, 0x00, 0x00, 0x00, 0x00, 0x00, 0x00, 0x00, 0x00, 0x00, 0x00, 0x00, 0x00,
    0x00, 0x00, 0x00, 0x00, 0x00, 0x00, 0x00, 0x00, 0x00, 0x00, 0x00, 0x00, 0x00, 0x00, 0x00, 0x00, 0x00, 0x00, 0x00, 0x00,
    0x00, 0x00, 0x00, 0x00, 0x00, 0x00, 0x00, 0x00, 0x00, 0x00, 0x00, 0x00, 0x00, 0x00, 0x00, 0x00, 0x00, 0x00, 0x00, 0x00,
    0x00, 0x00, 0x00, 0x00, 0x00, 0x00, 0x00, 0x00, 0x00, 0x00, 0x00, 0x00, 0x00, 0x00, 0x00, 0x00, 0x00, 0x00, 0x00, 0x00,
    0x00, 0x00, 0x00, 0x00, 0x00, 0x00, 0x00, 0x00, 0x00, 0x00, 0x00, 0x00, 0x00, 0x00, 0x00, 0x00, 0x00, 0x00, 0x00, 0x00,
    0x00, 0x00, 0x00, 0x00, 0x00, 0x00, 0x00, 0x00, 0x00, 0x00, 0x00, 0x00, 0x00, 0x00, 0x00, 0x00, 0x00, 0x00, 0x00, 0x00,
    0x00, 0x00, 0x00, 0x00, 0x00, 0x00, 0x00, 0x00, 0x00, 0x00, 0x00, 0x00, 0x00, 0x00, 0x00, 0x00, 0x00, 0x00, 0x00, 0x00,
    0x00, 0x00, 0x00, 0x00, 0x00, 0x00, 0x00, 0x00, 0x00, 0x00, 0x00, 0x00, 0x00, 0x00, 0x00, 0x00, 0x00, 0x00, 0x00, 0x00,
    0x00, 0x00, 0x00, 0x00, 0x00, 0x00, 0x00, 0x00, 0x00, 0x00, 0x00, 0x00, 0x00, 0x00, 0x00, 0x00, 0x00, 0x00, 0x00, 0x00,
    0x00, 0x00, 0x00, 0x00, 0x00, 0x00, 0x00, 0x00, 0x00, 0x00, 0x00, 0x00, 0x00, 0x00, 0x00, 0x00, 0x00, 0x00, 0x00, 0x00,
    0x00, 0x00, 0x00, 0x00, 0x00, 0x00, 0x00, 0x00, 0x00, 0x00, 0x00, 0x00, 0x00, 0x00, 0x00, 0x00, 0x00, 0x00, 0x00, 0x00,
    0x00, 0x00, 0x00, 0x00, 0x00, 0x00, 0x00, 0x00, 0x00, 0x00, 0x00, 0x00, 0x00, 0x00, 0x00, 0x00, 0x00, 0x00, 0x00, 0x00,
    0x00, 0x00, 0x00, 0x00, 0x00, 0x00, 0x00, 0x00, 0x00, 0x00, 0x00, 0x00, 0x00, 0x00, 0x00, 0x00, 0x00, 0x00, 0x00, 0x00,
    0x00, 0x00, 0x00, 0x00, 0x00, 0x00, 0x00, 0x00, 0x00, 0x00, 0x00, 0x00, 0x00, 0x00, 0x00, 0x00, 0x00, 0x00, 0x00, 0x00,
    0x00, 0x00, 0x00, 0x00, 0x00, 0x00, 0x00, 0x00, 0x00, 0x00, 0x00, 0x00, 0x00, 0x00, 0x00, 0x00, 0x00, 0x00, 0x00, 0x00,
    0x00, 0x00, 0x00, 0x00, 0x00, 0x00, 0x00, 0x00, 0x00, 0x00, 0x00, 0x00, 0x00, 0x00, 0x00, 0x00, 0x00, 0x00, 0x00, 0x00,
    0x00, 0x00, 0x00, 0x00, 0x00, 0x00, 0x00, 0x00, 0x00, 0x00, 0x00, 0x00, 0x00, 0x00, 0x00, 0x00, 0x00, 0x00, 0x00, 0x00,
    0x00, 0x00, 0x00, 0x00, 0x00, 0x00, 0x00, 0x00, 0x00, 0x00, 0x00, 0x00, 0x00, 0x00, 0x00, 0x00, 0x00, 0x00, 0x00, 0x00,
    0x00, 0x00, 0x00, 0x00, 0x00, 0x00, 0x00, 0x00, 0x00, 0x00, 0x00, 0x00, 0x00, 0x00, 0x00, 0x00, 0x00, 0x00, 0x00, 0x00,
    0x00, 0x00, 0x00, 0x00, 0x00, 0x00, 0x00, 0x00, 0x00, 0x00, 0x00, 0x00, 0x00, 0x00, 0x00, 0x00, 0x00, 0x00, 0x00, 0x00,
    0x00, 0x00, 0x00, 0x00, 0x00, 0x00, 0x00, 0x00, 0x00, 0x00, 0x00, 0x00, 0x00, 0x00, 0x00, 0x00, 0x00, 0x00, 0x00, 0x00,
    0x00, 0x00, 0x00, 0x00, 0x00, 0x00, 0x00, 0x00, 0x00, 0x00, 0x00, 0x00, 0x00, 0x00, 0x00, 0x00, 0x00, 0x00, 0x00, 0x00,
    0x00, 0x00, 0x00, 0x00, 0x00, 0x00, 0x00, 0x00, 0x00, 0x00, 0x00, 0x00, 0x00, 0x00, 0x00, 0x00, 0x00, 0x00, 0x00, 0x00,
    0x00, 0x00, 0x00, 0x00, 0x00, 0x00, 0x00, 0x00, 0x00, 0x00, 0x00, 0x00, 0x00, 0x00, 0x00, 0x00, 0x00, 0x00, 0x00, 0x00,
    0x00, 0x00, 0x00, 0x00, 0x00, 0x00, 0x00, 0x00, 0x00, 0x00, 0x00, 0x00, 0x00, 0x00, 0x00, 0x00, 0x00, 0x00, 0x00, 0x00,
    0x00, 0x00, 0x00, 0x00, 0x00, 0x00, 0x00, 0x00, 0x00, 0x00, 0x00, 0x00, 0x00, 0x00, 0x00, 0x00, 0x00, 0x00, 0x00, 0x00,
    0x00, 0x00, 0x00, 0x00, 0x00, 0x00, 0x00, 0x00, 0x00, 0x00, 0x00, 0x00, 0x00, 0x00, 0x00, 0x00, 0x00, 0x00, 0x00, 0x00,
    0x00, 0x00, 0x00, 0x00, 0x00, 0x00, 0x00, 0x00, 0x00, 0x00, 0x00, 0x00, 0x00, 0x00, 0x00, 0x00, 0x00, 0x00, 0x00, 0x00,
    0x00, 0x00, 0x00, 0x00, 0x00, 0x00, 0x00, 0x00, 0x00, 0x00, 0x00, 0x00, 0x00, 0x00, 0x00, 0x00, 0x00, 0x00, 0x00, 0x00,
    0x00, 0x00, 0x00, 0x00, 0x00, 0x00, 0x00, 0x00, 0x00, 0x00, 0x00, 0x00, 0x00, 0x00, 0x00, 0x00, 0x00, 0x00, 0x00, 0x00,
    0x00, 0x00, 0x00, 0x00, 0x00, 0x00, 0x00, 0x00, 0x00, 0x00, 0x00, 0x00, 0x00, 0x00, 0x00, 0x00, 0x00, 0x00, 0x00, 0x00,
    0x00, 0x00, 0x00, 0x00, 0x00, 0x00, 0x00, 0x00, 0x00, 0x00, 0x00, 0x00, 0x00, 0x00, 0x00, 0x00, 0x00, 0x00, 0x00, 0x00,
    0x00, 0x00, 0x00, 0x00, 0x00, 0x00, 0x00, 0x00, 0x00, 0x00, 0x00, 0x00, 0x00, 0x00, 0x00, 0x00, 0x00, 0x00, 0x00, 0x00,
    0x00, 0x00, 0x00, 0x00, 0x00, 0x00, 0x00, 0x00, 0x00, 0x00, 0x00, 0x00, 0x00, 0x00, 0x00, 0x00, 0x00, 0x00, 0x00, 0x00,
    0x00, 0x00, 0x00, 0x00, 0x00, 0x00, 0x00, 0x00, 0x00, 0x00, 0x00, 0x00, 0x00, 0x00, 0x00, 0x00, 0x00, 0x00, 0x00, 0x00,
    0x00, 0x00, 0x00, 0x00, 0x00, 0x00, 0x00, 0x00, 0x00, 0x00, 0x00, 0x00, 0x00, 0x00, 0x00, 0x00, 0x00, 0x00, 0x00, 0x00,
    0x00, 0x00, 0x00, 0x00, 0x00, 0x00, 0x00, 0x00, 0x00, 0x00, 0x00, 0x00, 0x00, 0x00, 0x00, 0x00, 0x00, 0x00, 0x00, 0x00,
    0x00, 0x00, 0x00, 0x00, 0x00, 0x00, 0x00, 0x00, 0x00, 0x00, 0x00, 0x00, 0x00, 0x00, 0x00, 0x00, 0x00, 0x00, 0x00, 0x00,
    0x00, 0x00, 0x00, 0x00, 0x00, 0x00, 0x00, 0x00, 0x00, 0x00, 0x00, 0x00, 0x00, 0x00, 0x00, 0x00, 0x00, 0x00, 0x00, 0x00,
    0x00, 0x00, 0x00, 0x00, 0x00, 0x00, 0x00, 0x00, 0x00, 0x00, 0x00, 0x00, 0x00, 0x00, 0x00, 0x00, 0x00, 0x00, 0x00, 0x00,
    0x00, 0x00, 0x00, 0x00, 0x00, 0x00, 0x00, 0x00, 0x00, 0x00, 0x00, 0x00, 0x00, 0x00, 0x00, 0x00, 0x00, 0x00, 0x00, 0x00,
    0x00, 0x00, 0x00, 0x00, 0x00, 0x00, 0x00, 0x00, 0x00, 0x00, 0x00, 0x00, 0x00, 0x00, 0x00, 0x00, 0x00, 0x00, 0x00, 0x00,
    0x00, 0x00, 0x00, 0x00, 0x00, 0x00, 0x00, 0x00, 0x00, 0x00, 0x00, 0x00, 0x00, 0x00, 0x00, 0x00, 0x00, 0x00, 0x00, 0x00,
    0x00, 0x00, 0x00, 0x00, 0x00, 0x00, 0x00, 0x00, 0x00, 0x00, 0x00, 0x00, 0x00, 0x00, 0x00, 0x00, 0x00, 0x00, 0x00, 0x00,
    0x00, 0x00, 0x00, 0x00, 0x00, 0x00, 0x00, 0x00, 0x00, 0x00, 0x00, 0x00, 0x00, 0x00, 0x00, 0x00, 0x00, 0x00, 0x00, 0x00,
    0x00, 0x00, 0x00, 0x00, 0x00, 0x00, 0x00, 0x00, 0x00, 0x00, 0x00, 0x00, 0x00, 0x00, 0x00, 0x00, 0x00, 0x00, 0x00, 0x00,
    0x00, 0x00, 0x00, 0x00, 0x00, 0x00, 0x00, 0x00, 0x00, 0x00, 0x00, 0x00, 0x00, 0x00, 0x00, 0x00, 0x00, 0x00, 0x00, 0x00,
    0x00, 0x00, 0x00, 0x00, 0x00, 0x00, 0x00, 0x00, 0x00, 0x00, 0x00, 0x00, 0x00, 0x00, 0x00, 0x00, 0x00, 0x00, 0x00, 0x00,
    0x00, 0x00, 0x00, 0x00, 0x00, 0x00, 0x00, 0x00, 0x00, 0x00, 0x00, 0x00, 0x00, 0x00, 0x00, 0x00, 0x00, 0x00, 0x00, 0x00,
    0x00, 0x00, 0x00, 0x00, 0x00, 0x00, 0x00, 0x00, 0x00, 0x00, 0x00, 0x00, 0x00, 0x00, 0x00, 0x00, 0x00, 0x00, 0x00, 0x00,
    0x00, 0x00, 0x00, 0x00, 0x00, 0x00, 0x00, 0x00, 0x00, 0x00, 0x00, 0x00, 0x00, 0x00, 0x00, 0x00, 0x00, 0x00, 0x00, 0x00,
    0x00, 0x00, 0x00, 0x00, 0x00, 0x00, 0x00, 0x00, 0x00, 0x00, 0x00, 0x00, 0x00, 0x00, 0x00, 0x00, 0x00, 0x00, 0x00, 0x00,
    0x00, 0x00, 0x00, 0x00, 0x00, 0x00, 0x00, 0x00, 0x00, 0x00, 0x00, 0x00, 0x00, 0x00, 0x00, 0x00, 0x00, 0x00, 0x00, 0x00,
    0x00, 0x00, 0x00, 0x00, 0x00, 0x00, 0x00, 0x00, 0x00, 0x00, 0x00, 0x00, 0x00, 0x00, 0x00, 0x00, 0x00, 0x00, 0x00, 0x00,
    0x00, 0x00, 0x00, 0x00, 0x00, 0x00, 0x00, 0x00, 0x00, 0x00, 0x00, 0x00, 0x00, 0x00, 0x00, 0x00, 0x00, 0x00, 0x00, 0x00,
    0x00, 0x00, 0x00, 0x00, 0x00, 0x00, 0x00, 0x00, 0x00, 0x00, 0x00, 0x00, 0x00, 0x00, 0x00, 0x00, 0x00, 0x00, 0x00, 0x00,
    0x00, 0x00, 0x00, 0x00, 0x00, 0x00, 0x00, 0x00, 0x00, 0x00, 0x00, 0x00, 0x00, 0x00, 0x00, 0x00, 0x00, 0x00, 0x00, 0x00,
    0x00, 0x00, 0x00, 0x00, 0x00, 0x00, 0x00, 0x00, 0x00, 0x00, 0x00, 0x00, 0x00, 0x00, 0x00, 0x00, 0x00, 0x00, 0x00, 0x00,
    0x00, 0x00, 0x00, 0x00, 0x00, 0x00, 0x00, 0x00, 0x00, 0x00, 0x00, 0x00, 0x00, 0x00, 0x00, 0x00, 0x00, 0x00, 0x00, 0x00,
    0x00, 0x00, 0x00, 0x00, 0x00, 0x00, 0x00, 0x00, 0x00, 0x00, 0x00, 0x00, 0x00, 0x00, 0x00, 0x00, 0x00, 0x00, 0x00, 0x00,
    0x00, 0x00, 0x00, 0x00, 0x00, 0x00, 0x00, 0x00, 0x00, 0x00, 0x00, 0x00, 0x00, 0x00, 0x00, 0x00, 0x00, 0x00, 0x00, 0x00,
    0x00, 0x00, 0x00, 0x00, 0x00, 0x00, 0x00, 0x00, 0x00, 0x00, 0x00, 0x00, 0x00, 0x00, 0x00, 0x00, 0x00, 0x00, 0x00, 0x00,
    0x00, 0x00, 0x00, 0x00, 0x00, 0x00, 0x00, 0x00, 0x00, 0x00, 0x00, 0x00, 0x00, 0x00, 0x00, 0x00, 0x00, 0x00, 0x00, 0x00,
    0x00, 0x00, 0x00, 0x00, 0x00, 0x00, 0x00, 0x00, 0x00, 0x00, 0x00, 0x00, 0x00, 0x00, 0x00, 0x00, 0x00, 0x00, 0x00, 0x00,
    0x00, 0x00, 0x00, 0x00, 0x00, 0x00, 0x00, 0x00, 0x00, 0x00, 0x00, 0x00, 0x00, 0x00, 0x00, 0x00, 0x00, 0x00, 0x00, 0x00,
    0x00, 0x00, 0x00, 0x00, 0x00, 0x00, 0x00, 0x00, 0x00, 0x00, 0x00, 0x00, 0x00, 0x00, 0x00, 0x00, 0x00, 0x00, 0x00, 0x00,
    0x00, 0x00, 0x00, 0x00, 0x00, 0x00, 0x00, 0x00, 0x00, 0x00, 0x00, 0x00, 0x00, 0x00, 0x00, 0x00, 0x00, 0x00, 0x00, 0x00,
    0x00, 0x00, 0x00, 0x00, 0x00, 0x00, 0x00, 0x00, 0x00, 0x00, 0x00, 0x00, 0x00, 0x00, 0x00, 0x00, 0x00, 0x00, 0x00, 0x00,
    0x00, 0x00, 0x00, 0x00, 0x00, 0x00, 0x00, 0x00, 0x00, 0x00, 0x00, 0x00, 0x00, 0x00, 0x00, 0x00, 0x00, 0x00, 0x00, 0x00,
    0x00, 0x00, 0x00, 0x00, 0x00, 0x00, 0x00, 0x00, 0x00, 0x00, 0x00, 0x00, 0x00, 0x00, 0x00, 0x00, 0x00, 0x00, 0x00, 0x00,
    0x00, 0x00, 0x00, 0x00, 0x00, 0x00, 0x00, 0x00, 0x00, 0x00, 0x00, 0x00, 0x00, 0x00, 0x00, 0x00, 0x00, 0x00, 0x00, 0x00,
    0x00, 0x00, 0x00, 0x00, 0x00, 0x00, 0x00, 0x00, 0x00, 0x00, 0x00, 0x00, 0x00, 0x00, 0x00, 0x00, 0x00, 0x00, 0x00, 0x00,
    0x00, 0x00, 0x00, 0x00, 0x00, 0x00, 0x00, 0x00, 0x00, 0x00, 0x00, 0x00, 0x00, 0x00, 0x00, 0x00, 0x00, 0x00, 0x00, 0x00,
    0x00, 0x00, 0x00, 0x00, 0x00, 0x00, 0x00, 0x00, 0x00, 0x00, 0x00, 0x00, 0x00, 0x00, 0x00, 0x00, 0x00, 0x00, 0x00, 0x00,
    0x00, 0x00, 0x00, 0x00, 0x00, 0x00, 0x00, 0x00, 0x00, 0x00, 0x00, 0x00, 0x00, 0x00, 0x00, 0x00, 0x00, 0x00, 0x00, 0x00,
    0x00, 0x00, 0x00, 0x00, 0x00, 0x00, 0x00, 0x00, 0x00, 0x00, 0x00, 0x00, 0x00, 0x00, 0x00, 0x00, 0x00, 0x00, 0x00, 0x00,
    0x00, 0x00, 0x00, 0x00, 0x00, 0x00, 0x00, 0x00, 0x00, 0x00, 0x00, 0x00, 0x00, 0x00, 0x00, 0x00, 0x00, 0x00, 0x00, 0x00,
    0x00, 0x00, 0x00, 0x00, 0x00, 0x00, 0x00, 0x00, 0x00, 0x00, 0x00, 0x00, 0x00, 0x00, 0x00, 0x00, 0x00, 0x00, 0x00, 0x00,
    0x00, 0x00, 0x00, 0x00, 0x00, 0x00, 0x00, 0x00, 0x00, 0x00, 0x00, 0x00, 0x00, 0x00, 0x00, 0x00, 0x00, 0x00, 0x00, 0x00,
    0x00, 0x00, 0x00, 0x00, 0x00, 0x00, 0x00, 0x00, 0x00, 0x00, 0x00, 0x00, 0x00, 0x00, 0x00, 0x00, 0x00, 0x00, 0x00, 0x00,
    0x00, 0x00, 0x00, 0x00, 0x00, 0x00, 0x00, 0x00, 0x00, 0x00, 0x00, 0x00, 0x00, 0x00, 0x00, 0x00, 0x00, 0x00, 0x00, 0x00,
    0x00, 0x00, 0x00, 0x00, 0x00, 0x00, 0x00, 0x00, 0x00, 0x00, 0x00, 0x00, 0x00, 0x00, 0x00, 0x00, 0x00, 0x00, 0x00, 0x00,
    0x00, 0x00, 0x00, 0x00, 0x00, 0x00, 0x00, 0x00, 0x00, 0x00, 0x00, 0x00, 0x00, 0x00, 0x00, 0x00, 0x00, 0x00, 0x00, 0x00,
    0x00, 0x00, 0x00, 0x00, 0x00, 0x00, 0x00, 0x00, 0x00, 0x00, 0x00, 0x00, 0x00, 0x00, 0x00, 0x00, 0x00, 0x00, 0x00, 0x00,
    0x00, 0x00, 0x00, 0x00, 0x00, 0x00, 0x00, 0x00, 0x00, 0x00, 0x00, 0x00, 0x00, 0x00, 0x00, 0x00, 0x00, 0x00, 0x00, 0x00,
    0x00, 0x00, 0x00, 0x00, 0x00, 0x00, 0x00, 0x00, 0x00, 0x00, 0x00, 0x00, 0x00, 0x00, 0x00, 0x00, 0x00, 0x00, 0x00, 0x00,
    0x00, 0x00, 0x00, 0x00, 0x00, 0x00, 0x00, 0x00, 0x00, 0x00, 0x00, 0x00, 0x00, 0x00, 0x00, 0x00, 0x00, 0x00, 0x00, 0x00,
    0x00, 0x00, 0x00, 0x00, 0x00, 0x00, 0x00, 0x00, 0x00, 0x00, 0x00, 0x00, 0x00, 0x00, 0x00, 0x00, 0x00, 0x00, 0x00, 0x00,
    0x00, 0x00, 0x00, 0x00, 0x00, 0x00, 0x00, 0x00, 0x00, 0x00, 0x00, 0x00, 0x00, 0x00, 0x00, 0x00, 0x00, 0x00, 0x00, 0x00,
    0x00, 0x00, 0x00, 0x00, 0x00, 0x00, 0x00, 0x00, 0x00, 0x00, 0x00, 0x00, 0x00, 0x00, 0x00, 0x00, 0x00, 0x00, 0x00, 0x00,
    0x00, 0x00, 0x00, 0x00, 0x00, 0x00, 0x00, 0x00, 0x00, 0x00, 0x00, 0x00, 0x00, 0x00, 0x00, 0x00, 0x00, 0x00, 0x00, 0x00,
    0x00, 0x00, 0x00, 0x00, 0x00, 0x00, 0x00, 0x00, 0x00, 0x00, 0x00, 0x00, 0x00, 0x00, 0x00, 0x00, 0x00, 0x00, 0x00, 0x00,
    0x00, 0x00, 0x00, 0x00, 0x00, 0x00, 0x00, 0x00, 0x00, 0x00, 0x00, 0x00, 0x00, 0x00, 0x00, 0x00, 0x00, 0x00, 0x00, 0x00,
    0x00, 0x00, 0x00, 0x00, 0x00, 0x00, 0x00, 0x00, 0x00, 0x00, 0x00, 0x00, 0x00, 0x00, 0x00, 0x00, 0x00, 0x00, 0x00, 0x00,
    0x00, 0x00, 0x00, 0x00, 0x00, 0x00, 0x00, 0x00, 0x00, 0x00, 0x00, 0x00, 0x00, 0x00, 0x00, 0x00, 0x00, 0x00, 0x00, 0x00,
    0x00, 0x00, 0x00, 0x00, 0x00, 0x00, 0x00, 0x00, 0x00, 0x00, 0x00, 0x00, 0x00, 0x00, 0x00, 0x00, 0x00, 0x00, 0x00, 0x00,
    0x00, 0x00, 0x00, 0x00, 0x00, 0x00, 0x00, 0x00, 0x00, 0x00, 0x00, 0x00, 0x00, 0x00, 0x00, 0x00, 0x00, 0x00, 0x00, 0x00,
    0x00, 0x00, 0x00, 0x00, 0x00, 0x00, 0x00, 0x00, 0x00, 0x00, 0x00, 0x00, 0x00, 0x00, 0x00, 0x00, 0x00, 0x00, 0x00, 0x00,
    0x00, 0x00, 0x00, 0x00, 0x00, 0x00, 0x00, 0x00, 0x00, 0x00, 0x00, 0x00, 0x00, 0x00, 0x00, 0x00, 0x00, 0x00, 0x00, 0x00,
    0x00, 0x00, 0x00, 0x00, 0x00, 0x00, 0x00, 0x00, 0x00, 0x00, 0x00, 0x00, 0x00, 0x00, 0x00, 0x00, 0x00, 0x00, 0x00, 0x00,
    0x00, 0x00, 0x00, 0x00, 0x00, 0x00, 0x00, 0x00, 0x00, 0x00, 0x00, 0x00, 0x00, 0x00, 0x00, 0x00, 0x00, 0x00, 0x00, 0x00,
    0x00, 0x00, 0x00, 0x00, 0x00, 0x00, 0x00, 0x00, 0x00, 0x00, 0x00, 0x00, 0x00, 0x00, 0x00, 0x00, 0x00, 0x00, 0x00, 0x00,
    0x00, 0x00, 0x00, 0x00, 0x00, 0x00, 0x00, 0x00, 0x00, 0x00, 0x00, 0x00, 0x00, 0x00, 0x00, 0x00, 0x00, 0x00, 0x00, 0x00,
    0x00, 0x00, 0x00, 0x00, 0x00, 0x00, 0x00, 0x00, 0x00, 0x00, 0x00, 0x00, 0x00, 0x00, 0x00, 0x00, 0x00, 0x00, 0x00, 0x00,
    0x00, 0x00, 0x00, 0x00, 0x00, 0x00, 0x00, 0x00, 0x00, 0x00, 0x00, 0x00, 0x00, 0x00, 0x00, 0x00, 0x00, 0x00, 0x00, 0x00,
    0x00, 0x00, 0x00, 0x00, 0x00, 0x00, 0x00, 0x00, 0x00, 0x00, 0x00, 0x00, 0x00, 0x00, 0x00, 0x00, 0x00, 0x00, 0x00, 0x00,
    0x00, 0x00, 0x00, 0x00, 0x00, 0x00, 0x00, 0x00, 0x00, 0x00, 0x00, 0x00, 0x00, 0x00, 0x00, 0x00, 0x00, 0x00, 0x00, 0x00,
    0x00, 0x00, 0x00, 0x00, 0x00, 0x00, 0x00, 0x00, 0x00, 0x00, 0x00, 0x00, 0x00, 0x00, 0x00, 0x00, 0x00, 0x00, 0x00, 0x00,
    0x00, 0x00, 0x00, 0x00, 0x00, 0x00, 0x00, 0x00, 0x00, 0x00, 0x00, 0x00, 0x00, 0x00, 0x00, 0x00, 0x00, 0x00, 0x00, 0x00,
    0x00, 0x00, 0x00, 0x00, 0x00, 0x00, 0x00, 0x00, 0x00, 0x00, 0x00, 0x00, 0x00, 0x00, 0x00, 0x00, 0x00, 0x00, 0x00, 0x00,
    0x00, 0x00, 0x00, 0x00, 0x00, 0x00, 0x00, 0x00, 0x00, 0x00, 0x00, 0x00, 0x00, 0x00, 0x00, 0x00, 0x00, 0x00, 0x00, 0x00,
    0x00, 0x00, 0x00, 0x00, 0x00, 0x00, 0x00, 0x00, 0x00, 0x00, 0x00, 0x00, 0x00, 0x00, 0x00, 0x00, 0x00, 0x00, 0x00, 0x00,
    0x00, 0x00, 0x00, 0x00, 0x00, 0x00, 0x00, 0x00, 0x00, 0x00, 0x00, 0x00, 0x00, 0x00, 0x00, 0x00, 0x00, 0x00, 0x00, 0x00,
    0x00, 0x00, 0x00, 0x00, 0x00, 0x00, 0x00, 0x00, 0x00, 0x00, 0x00, 0x00, 0x00, 0x00, 0x00, 0x00, 0x00, 0x00, 0x00, 0x00,
    0x00, 0x00, 0x00, 0x00, 0x00, 0x00, 0x00, 0x00, 0x00, 0x00, 0x00, 0x00, 0x00, 0x00, 0x00, 0x00, 0x00, 0x00, 0x00, 0x00,
    0x00, 0x00, 0x00, 0x00, 0x00, 0x00, 0x00, 0x00, 0x00, 0x00, 0x00, 0x00, 0x00, 0x00, 0x00, 0x00, 0x00, 0x00, 0x00, 0x00,
    0x00, 0x00, 0x00, 0x00, 0x00, 0x00, 0x00, 0x00, 0x00, 0x00, 0x00, 0x00, 0x00, 0x00, 0x00, 0x00, 0x00, 0x00, 0x00, 0x00,
    0x00, 0x00, 0x00, 0x00, 0x00, 0x00, 0x00, 0x00, 0x00, 0x00, 0x00, 0x00, 0x00, 0x00, 0x00, 0x00, 0x00, 0x00, 0x00, 0x00,
    0x00, 0x00, 0x00, 0x00, 0x00, 0x00, 0x00, 0x00, 0x00, 0x00, 0x00, 0x00, 0x00, 0x00, 0x00, 0x00, 0x00, 0x00, 0x00, 0x00,
    0x00, 0x00, 0x00, 0x00, 0x00, 0x00, 0x00, 0x00, 0x00, 0x00, 0x00, 0x00, 0x00, 0x00, 0x00, 0x00, 0x00, 0x00, 0x00, 0x00,
    0x00, 0x00, 0x00, 0x00, 0x00, 0x00, 0x00, 0x00, 0x00, 0x00, 0x00, 0x00, 0x00, 0x00, 0x00, 0x00, 0x00, 0x00, 0x00, 0x00,
    0x00, 0x00, 0x00, 0x00, 0x00, 0x00, 0x00, 0x00, 0x00, 0x00, 0x00, 0x00, 0x00, 0x00, 0x00, 0x00, 0x00, 0x00, 0x00, 0x00,
    0x00, 0x00, 0x00, 0x00, 0x00, 0x00, 0x00, 0x00, 0x00, 0x00, 0x00, 0x00, 0x00, 0x00, 0x00, 0x00, 0x00, 0x00, 0x00, 0x00,
    0x00, 0x00, 0x00, 0x00, 0x00, 0x00, 0x00, 0x00, 0x00, 0x00, 0x00, 0x00, 0x00, 0x00, 0x00, 0x00, 0x00, 0x00, 0x00, 0x00,
    0x00, 0x00, 0x00, 0x00, 0x00, 0x00, 0x00, 0x00, 0x00, 0x00, 0x00, 0x00, 0x00, 0x00, 0x00, 0x00, 0x00, 0x00, 0x00, 0x00,
    0x00, 0x00, 0x00, 0x00, 0x00, 0x00, 0x00, 0x00, 0x00, 0x00, 0x00, 0x00, 0x00, 0x00, 0x00, 0x00, 0x00, 0x00, 0x00, 0x00,
    0x00, 0x00, 0x00, 0x00, 0x00, 0x00, 0x00, 0x00, 0x00, 0x00, 0x00, 0x00, 0x00, 0x00, 0x00, 0x00, 0x00, 0x00, 0x00, 0x00,
    0x00, 0x00, 0x00, 0x00, 0x00, 0x00, 0x00, 0x00, 0x00, 0x00, 0x00, 0x00, 0x00, 0x00, 0x00, 0x00, 0x00, 0x00, 0x00, 0x00,
    0x00, 0x00, 0x00, 0x00, 0x00, 0x00, 0x00, 0x00, 0x00, 0x00, 0x00, 0x00, 0x00, 0x00, 0x00, 0x00, 0x00, 0x00, 0x00, 0x00,
    0x00, 0x00, 0x00, 0x00, 0x00, 0x00, 0x00, 0x00, 0x00, 0x00, 0x00, 0x00, 0x00, 0x00, 0x00, 0x00, 0x00, 0x00, 0x00, 0x00,
    0x00, 0x00, 0x00, 0x00, 0x00, 0x00, 0x00, 0x00, 0x00, 0x00, 0x00, 0x00, 0x00, 0x00, 0x00, 0x00, 0x00, 0x00, 0x00, 0x00,
    0x00, 0x00, 0x00, 0x00, 0x00, 0x00, 0x00, 0x00, 0x00, 0x00, 0x00, 0x00, 0x00, 0x00, 0x00, 0x00, 0x00, 0x00, 0x00, 0x00,
    0x00, 0x00, 0x00, 0x00, 0x00, 0x00, 0x00, 0x00, 0x00, 0x00, 0x00, 0x00, 0x00, 0x00, 0x00, 0x00, 0x00, 0x00, 0x00, 0x00,
    0x00, 0x00, 0x00, 0x00, 0x00, 0x00, 0x00, 0x00, 0x00, 0x00, 0x00, 0x00, 0x00, 0x00, 0x00, 0x00, 0x00, 0x00, 0x00, 0x00,
    0x00, 0x00, 0x00, 0x00, 0x00, 0x00, 0x00, 0x00, 0x00, 0x00, 0x00, 0x00, 0x00, 0x00, 0x00, 0x00, 0x00, 0x00, 0x00, 0x00,
    0x00, 0x00, 0x00, 0x00, 0x00, 0x00, 0x00, 0x00, 0x00, 0x00, 0x00, 0x00, 0x00, 0x00, 0x00, 0x00, 0x00, 0x00, 0x00, 0x00,
    0x00, 0x00, 0x00, 0x00, 0x00, 0x00, 0x00, 0x00, 0x00, 0x00, 0x00, 0x00, 0x00, 0x00, 0x00, 0x00, 0x00, 0x00, 0x00, 0x00,
    0x00, 0x00, 0x00, 0x00, 0x00, 0x00, 0x00, 0x00, 0x00, 0x00, 0x00, 0x00, 0x00, 0x00, 0x00, 0x00, 0x00, 0x00, 0x00, 0x00,
    0x00, 0x00, 0x00, 0x00, 0x00, 0x00, 0x00, 0x00, 0x00, 0x00, 0x00, 0x00, 0x00, 0x00, 0x00, 0x00, 0x00, 0x00, 0x00, 0x00,
    0x00, 0x00, 0x00, 0x00, 0x00, 0x00, 0x00, 0x00, 0x00, 0x00, 0x00, 0x00, 0x00, 0x00, 0x00, 0x00, 0x00, 0x00, 0x00, 0x00,
    0x00, 0x00, 0x00, 0x00, 0x00, 0x00, 0x00, 0x00, 0x00, 0x00, 0x00, 0x00, 0x00, 0x00, 0x00, 0x00, 0x00, 0x00, 0x00, 0x00,
    0x00, 0x00, 0x00, 0x00, 0x00, 0x00, 0x00, 0x00, 0x00, 0x00, 0x00, 0x00, 0x00, 0x00, 0x00, 0x00, 0x00, 0x00, 0x00, 0x00,
    0x00, 0x00, 0x00, 0x00, 0x00, 0x00, 0x00, 0x00, 0x00, 0x00, 0x00, 0x00, 0x00, 0x00, 0x00, 0x00, 0x00, 0x00, 0x00, 0x00,
    0x00, 0x00, 0x00, 0x00, 0x00, 0x00, 0x00, 0x00, 0x00, 0x00, 0x00, 0x00, 0x00, 0x00, 0x00, 0x00, 0x00, 0x00, 0x00, 0x00,
    0x00, 0x00, 0x00, 0x00, 0x00, 0x00, 0x00, 0x00, 0x00, 0x00, 0x00, 0x00, 0x00, 0x00, 0x00, 0x00, 0x00, 0x00, 0x00, 0x00,
    0x00, 0x00, 0x00, 0x00, 0x00, 0x00, 0x00, 0x00, 0x00, 0x00, 0x00, 0x00, 0x00, 0x00, 0x00, 0x00, 0x00, 0x00, 0x00, 0x00,
    0x00, 0x00, 0x00, 0x00, 0x00, 0x00, 0x00, 0x00, 0x00, 0x00, 0x00, 0x00, 0x00, 0x00, 0x00, 0x00, 0x00, 0x00, 0x00, 0x00,
    0x00, 0x00, 0x00, 0x00, 0x00, 0x00, 0x00, 0x00, 0x00, 0x00, 0x00, 0x00, 0x00, 0x00, 0x00, 0x00, 0x00, 0x00, 0x00, 0x00,
    0x00, 0x00, 0x00, 0x00, 0x00, 0x00, 0x00, 0x00, 0x00, 0x00, 0x00, 0x00, 0x00, 0x00, 0x00, 0x00, 0x00, 0x00, 0x00, 0x00,
    0x00, 0x00, 0x00, 0x00, 0x00, 0x00, 0x00, 0x00, 0x00, 0x00, 0x00, 0x00, 0x00, 0x00, 0x00, 0x00, 0x00, 0x00, 0x00, 0x00,
    0x00, 0x00, 0x00, 0x00, 0x00, 0x00, 0x00, 0x00, 0x00, 0x00, 0x00, 0x00, 0x00, 0x00, 0x00, 0x00, 0x00, 0x00, 0x00, 0x00,
    0x00, 0x00, 0x00, 0x00, 0x00, 0x00, 0x00, 0x00, 0x00, 0x00, 0x00, 0x00, 0x00, 0x00, 0x00, 0x00, 0x00, 0x00, 0x00, 0x00,
    0x00, 0x00, 0x00, 0x00, 0x00, 0x00, 0x00, 0x00, 0x00, 0x00, 0x00, 0x00, 0x00, 0x00, 0x00, 0x00, 0x00, 0x00, 0x00, 0x00,
    0x00, 0x00, 0x00, 0x00, 0x00, 0x00, 0x00, 0x00, 0x00, 0x00, 0x00, 0x00, 0x00, 0x00, 0x00, 0x00, 0x00, 0x00, 0x00, 0x00,
    0x00, 0x00, 0x00, 0x00, 0x00, 0x00, 0x00, 0x00, 0x00, 0x00, 0x00, 0x00, 0x00, 0x00, 0x00, 0x00, 0x00, 0x00, 0x00, 0x00,
    0x00, 0x00, 0x00, 0x00, 0x00, 0x00, 0x00, 0x00, 0x00, 0x00, 0x00, 0x00, 0x00, 0x00, 0x00, 0x00, 0x00, 0x00, 0x00, 0x00,
    0x00, 0x00, 0x00, 0x00, 0x00, 0x00, 0x00, 0x00, 0x00, 0x00, 0x00, 0x00, 0x00, 0x00, 0x00, 0x00, 0x00, 0x00, 0x00, 0x00,
    0x00, 0x00, 0x00, 0x00, 0x00, 0x00, 0x00, 0x00, 0x00, 0x00, 0x00, 0x00, 0x00, 0x00, 0x00, 0x00, 0x00, 0x00, 0x00, 0x00,
    0x00, 0x00, 0x00, 0x00, 0x00, 0x00, 0x00, 0x00, 0x00, 0x00, 0x00, 0x00, 0x00, 0x00, 0x00, 0x00, 0x00, 0x00, 0x00, 0x00,
    0x00, 0x00, 0x00, 0x00, 0x00, 0x00, 0x00, 0x00, 0x00, 0x00, 0x00, 0x00, 0x00, 0x00, 0x00, 0x00, 0x00, 0x00, 0x00, 0x00,
    0x00, 0x00, 0x00, 0x00, 0x00, 0x00, 0x00, 0x00, 0x00, 0x00, 0x00, 0x00, 0x00, 0x00, 0x00, 0x00, 0x00, 0x00, 0x00, 0x00,
    0x00, 0x00, 0x00, 0x00, 0x00, 0x00, 0x00, 0x00, 0x00, 0x00, 0x00, 0x00, 0x00, 0x00, 0x00, 0x00, 0x00, 0x00, 0x00, 0x00,
    0x00, 0x00, 0x00, 0x00, 0x00, 0x00, 0x00, 0x00, 0x00, 0x00, 0x00, 0x00, 0x00, 0x00, 0x00, 0x00, 0x00, 0x00, 0x00, 0x00,
    0x00, 0x00, 0x00, 0x00, 0x00, 0x00, 0x00, 0x00, 0x00, 0x00, 0x00, 0x00, 0x00, 0x00, 0x00, 0x00, 0x00, 0x00, 0x00, 0x00,
    0x00, 0x00, 0x00, 0x00, 0x00, 0x00, 0x00, 0x00, 0x00, 0x00, 0x00, 0x00, 0x00, 0x00, 0x00, 0x00, 0x00, 0x00, 0x00, 0x00,
    0x00, 0x00, 0x00, 0x00, 0x00, 0x00, 0x00, 0x00, 0x00, 0x00, 0x00, 0x00, 0x00, 0x00, 0x00, 0x00, 0x00, 0x00, 0x00, 0x00,
    0x00, 0x00, 0x00, 0x00, 0x00, 0x00, 0x00, 0x00, 0x00, 0x00, 0x00, 0x00, 0x00, 0x00, 0x00, 0x00, 0x00, 0x00, 0x00, 0x00,
    0x00, 0x00, 0x00, 0x00, 0x00, 0x00, 0x00, 0x00, 0x00, 0x00, 0x00, 0x00, 0x00, 0x00, 0x00, 0x00, 0x00, 0x00, 0x00, 0x00,
    0x00, 0x00, 0x00, 0x00, 0x00, 0x00, 0x00, 0x00, 0x00, 0x00, 0x00, 0x00, 0x00, 0x00, 0x00, 0x00, 0x00, 0x00, 0x00, 0x00,
    0x00, 0x00, 0x00, 0x00, 0x00, 0x00, 0x00, 0x00, 0x00, 0x00, 0x00, 0x00, 0x00, 0x00, 0x00, 0x00, 0x00, 0x00, 0x00, 0x00,
    0x00, 0x00, 0x00, 0x00, 0x00, 0x00, 0x00, 0x00, 0x00, 0x00, 0x00, 0x00, 0x00, 0x00, 0x00, 0x00, 0x00, 0x00, 0x00, 0x00,
    0x00, 0x00, 0x00, 0x00, 0x00, 0x00, 0x00, 0x00, 0x00, 0x00, 0x00, 0x00, 0x00, 0x00, 0x00, 0x00, 0x00, 0x00, 0x00, 0x00,
    0x00, 0x00, 0x00, 0x00, 0x00, 0x00, 0x00, 0x00, 0x00, 0x00, 0x00, 0x00, 0x00, 0x00, 0x00, 0x00, 0x00, 0x00, 0x00, 0x00,
    0x00, 0x00, 0x00, 0x00, 0x00, 0x00, 0x00, 0x00, 0x00, 0x00, 0x00, 0x00, 0x00, 0x00, 0x00, 0x00, 0x00, 0x00, 0x00, 0x00,
    0x00, 0x00, 0x00, 0x00, 0x00, 0x00, 0x00, 0x00, 0x00, 0x00, 0x00, 0x00, 0x00, 0x00, 0x00, 0x00, 0x00, 0x00, 0x00, 0x00,
    0x00, 0x00, 0x00, 0x00, 0x00, 0x00, 0x00, 0x00, 0x00, 0x00, 0x00, 0x00, 0x00, 0x00, 0x00, 0x00, 0x00, 0x00, 0x00, 0x00,
    0x00, 0x00, 0x00, 0x00, 0x00, 0x00, 0x00, 0x00, 0x00, 0x00, 0x00, 0x00, 0x00, 0x00, 0x00, 0x00, 0x00, 0x00, 0x00, 0x00,
    0x00, 0x00, 0x00, 0x00, 0x00, 0x00, 0x00, 0x00, 0x00, 0x00, 0x00, 0x00, 0x00, 0x00, 0x00, 0x00, 0x00, 0x00, 0x00, 0x00,
    0x00, 0x00, 0x00, 0x00, 0x00, 0x00, 0x00, 0x00, 0x00, 0x00, 0x00, 0x00, 0x00, 0x00, 0x00, 0x00, 0x00, 0x00, 0x00, 0x00,
    0x00, 0x00, 0x00, 0x00, 0x00, 0x00, 0x00, 0x00, 0x00, 0x00, 0x00, 0x00, 0x00, 0x00, 0x00, 0x00, 0x00, 0x00, 0x00, 0x00,
    0x00, 0x00, 0x00, 0x00, 0x00, 0x00, 0x00, 0x00, 0x00, 0x00, 0x00, 0x00, 0x00, 0x00, 0x00, 0x00, 0x00, 0x00, 0x00, 0x00,
    0x00, 0x00, 0x00, 0x00, 0x00, 0x00, 0x00, 0x00, 0x00, 0x00, 0x00, 0x00, 0x00, 0x00, 0x00, 0x00, 0x00, 0x00, 0x00, 0x00,
    0x00, 0x00, 0x00, 0x00, 0x00, 0x00, 0x00, 0x00, 0x00, 0x00, 0x00, 0x00, 0x00, 0x00, 0x00, 0x00, 0x00, 0x00, 0x00, 0x00,
    0x00, 0x00, 0x00, 0x00, 0x00, 0x00, 0x00, 0x00, 0x00, 0x00, 0x00, 0x00, 0x00, 0x00, 0x00, 0x00, 0x00, 0x00, 0x00, 0x00,
    0x00, 0x00, 0x00, 0x00, 0x00, 0x00, 0x00, 0x00, 0x00, 0x00, 0x00, 0x00, 0x00, 0x00, 0x00, 0x00, 0x00, 0x00, 0x00, 0x00,
    0x00, 0x00, 0x00, 0x00, 0x00, 0x00, 0x00, 0x00, 0x00, 0x00, 0x00, 0x00, 0x00, 0x00, 0x00, 0x00, 0x00, 0x00, 0x00, 0x00,
    0x00, 0x00, 0x00, 0x00, 0x00, 0x00, 0x00, 0x00, 0x00, 0x00, 0x00, 0x00, 0x00, 0x00, 0x00, 0x00, 0x00, 0x00, 0x00, 0x00,
    0x00, 0x00, 0x00, 0x00, 0x00, 0x00, 0x00, 0x00, 0x00, 0x00, 0x00, 0x00, 0x00, 0x00, 0x00, 0x00, 0x00, 0x00, 0x00, 0x00,
    0x00, 0x00, 0x00, 0x00, 0x00, 0x00, 0x00, 0x00, 0x00, 0x00, 0x00, 0x00, 0x00, 0x00, 0x00, 0x00, 0x00, 0x00, 0x00, 0x00,
    0x00, 0x00, 0x00, 0x00, 0x00, 0x00, 0x00, 0x00, 0x00, 0x00, 0x00, 0x00, 0x00, 0x00, 0x00, 0x00, 0x00, 0x00, 0x00, 0x00,
    0x00, 0x00, 0x00, 0x00, 0x00, 0x00, 0x00, 0x00, 0x00, 0x00, 0x00, 0x00, 0x00, 0x00, 0x00, 0x00, 0x00, 0x00, 0x00, 0x00,
    0x00, 0x00, 0x00, 0x00, 0x00, 0x00, 0x00, 0x00, 0x00, 0x00, 0x00, 0x00, 0x00, 0x00, 0x00, 0x00, 0x00, 0x00, 0x00, 0x00,
    0x00, 0x00, 0x00, 0x00, 0x00, 0x00, 0x00, 0x00, 0x00, 0x00, 0x00, 0x00, 0x00, 0x00, 0x00, 0x00, 0x00, 0x00, 0x00, 0x00,
    0x00, 0x00, 0x00, 0x00, 0x00, 0x00, 0x00, 0x00, 0x00, 0x00, 0x00, 0x00, 0x00, 0x00, 0x00, 0x00, 0x00, 0x00, 0x00, 0x00,
    0x00, 0x00, 0x00, 0x00, 0x00, 0x00, 0x00, 0x00, 0x00, 0x00, 0x00, 0x00, 0x00, 0x00, 0x00, 0x00, 0x00, 0x00, 0x00, 0x00,
    0x00, 0x00, 0x00, 0x00, 0x00, 0x00, 0x00, 0x00, 0x00, 0x00, 0x00, 0x00, 0x00, 0x00, 0x00, 0x00, 0x00, 0x00, 0x00, 0x00,
    0x00, 0x00, 0x00, 0x00, 0x00, 0x00, 0x00, 0x00, 0x00, 0x00, 0x00, 0x00, 0x00, 0x00, 0x00, 0x00, 0x00, 0x00, 0x00, 0x00,
    0x00, 0x00, 0x00, 0x00, 0x00, 0x00, 0x00, 0x00, 0x00, 0x00, 0x00, 0x00, 0x00, 0x00, 0x00, 0x00, 0x00, 0x00, 0x00, 0x00,
    0x00, 0x00, 0x00, 0x00, 0x00, 0x00, 0x00, 0x00, 0x00, 0x00, 0x00, 0x00, 0x00, 0x00, 0x00, 0x00, 0x00, 0x00, 0x00, 0x00,
    0x00, 0x00, 0x00, 0x00, 0x00, 0x00, 0x00, 0x00, 0x00, 0x00, 0x00, 0x00, 0x00, 0x00, 0x00, 0x00, 0x00, 0x00, 0x00, 0x00,
    0x00, 0x00, 0x00, 0x00, 0x00, 0x00, 0x00, 0x00, 0x00, 0x00, 0x00, 0x00, 0x00, 0x00, 0x00, 0x00, 0x00, 0x00, 0x00, 0x00,
    0x00, 0x00, 0x00, 0x00, 0x00, 0x00, 0x00, 0x00, 0x00, 0x00, 0x00, 0x00, 0x00, 0x00, 0x00, 0x00, 0x00, 0x00, 0x00, 0x00,
    0x00, 0x00, 0x00, 0x00, 0x00, 0x00, 0x00, 0x00, 0x00, 0x00, 0x00, 0x00, 0x00, 0x00, 0x00, 0x00, 0x00, 0x00, 0x00, 0x00,
    0x00, 0x00, 0x00, 0x00, 0x00, 0x00, 0x00, 0x00, 0x00, 0x00, 0x00, 0x00, 0x00, 0x00, 0x00, 0x00, 0x00, 0x00, 0x00, 0x00,
    0x00, 0x00, 0x00, 0x00, 0x00, 0x00, 0x00, 0x00, 0x00, 0x00, 0x00, 0x00, 0x00, 0x00, 0x00, 0x00, 0x00, 0x00, 0x00, 0x00,
    0x00, 0x00, 0x00, 0x00, 0x00, 0x00, 0x00, 0x00, 0x00, 0x00, 0x00, 0x00, 0x00, 0x00, 0x00, 0x00, 0x00, 0x00, 0x00, 0x00,
    0x00, 0x00, 0x00, 0x00, 0x00, 0x00, 0x00, 0x00, 0x00, 0x00, 0x00, 0x00, 0x00, 0x00, 0x00, 0x00, 0x00, 0x00, 0x00, 0x00,
    0x00, 0x00, 0x00, 0x00, 0x00, 0x00, 0x00, 0x00, 0x00, 0x00, 0x00, 0x00, 0x00, 0x00, 0x00, 0x00, 0x00, 0x00, 0x00, 0x00,
    0x00, 0x00, 0x00, 0x00, 0x00, 0x00, 0x00, 0x00, 0x00, 0x00, 0x00, 0x00, 0x00, 0x00, 0x00, 0x00, 0x00, 0x00, 0x00, 0x00,
    0x00, 0x00, 0x00, 0x00, 0x00, 0x00, 0x00, 0x00, 0x00, 0x00, 0x00, 0x00, 0x00, 0x00, 0x00, 0x00, 0x00, 0x00, 0x00, 0x00,
    0x00, 0x00, 0x00, 0x00, 0x00, 0x00, 0x00, 0x00, 0x00, 0x00, 0x00, 0x00, 0x00, 0x00, 0x00, 0x00, 0x00, 0x00, 0x00, 0x00,
    0x00, 0x00, 0x00, 0x00, 0x00, 0x00, 0x00, 0x00, 0x00, 0x00, 0x00, 0x00, 0x00, 0x00, 0x00, 0x00, 0x00, 0x00, 0x00, 0x00,
    0x00, 0x00, 0x00, 0x00, 0x00, 0x00, 0x00, 0x00, 0x00, 0x00, 0x00, 0x00, 0x00, 0x00, 0x00, 0x00, 0x00, 0x00, 0x00, 0x00,
    0x00, 0x00, 0x00, 0x00, 0x00, 0x00, 0x00, 0x00, 0x00, 0x00, 0x00, 0x00, 0x00, 0x00, 0x00, 0x00, 0x00, 0x00, 0x00, 0x00,
    0x00, 0x00, 0x00, 0x00, 0x00, 0x00, 0x00, 0x00, 0x00, 0x00, 0x00, 0x00, 0x00, 0x00, 0x00, 0x00, 0x00, 0x00, 0x00, 0x00,
    0x00, 0x00, 0x00, 0x00, 0x00, 0x00, 0x00, 0x00, 0x00, 0x00, 0x00, 0x00, 0x00, 0x00, 0x00, 0x00, 0x00, 0x00, 0x00, 0x00,
    0x00, 0x00, 0x00, 0x00, 0x00, 0x00, 0x00, 0x00, 0x00, 0x00, 0x00, 0x00, 0x00, 0x00, 0x00, 0x00, 0x00, 0x00, 0x00, 0x00,
    0x00, 0x00, 0x00, 0x00, 0x00, 0x00, 0x00, 0x00, 0x00, 0x00, 0x00, 0x00, 0x00, 0x00, 0x00, 0x00, 0x00, 0x00, 0x00, 0x00,
    0x00, 0x00, 0x00, 0x00, 0x00, 0x00, 0x00, 0x00, 0x00, 0x00, 0x00, 0x00, 0x00, 0x00, 0x00, 0x00, 0x00, 0x00, 0x00, 0x00,
    0x00, 0x00, 0x00, 0x00, 0x00, 0x00, 0x00, 0x00, 0x00, 0x00, 0x00, 0x00, 0x00, 0x00, 0x00, 0x00, 0x00, 0x00, 0x00, 0x00,
    0x00, 0x00, 0x00, 0x00, 0x00, 0x00, 0x00, 0x00, 0x00, 0x00, 0x00, 0x00, 0x00, 0x00, 0x00, 0x00, 0x00, 0x00, 0x00, 0x00,
    0x00, 0x00, 0x00, 0x00, 0x00, 0x00, 0x00, 0x00, 0x00, 0x00, 0x00, 0x00, 0x00, 0x00, 0x00, 0x00, 0x00, 0x00, 0x00, 0x00,
    0x00, 0x00, 0x00, 0x00, 0x00, 0x00, 0x00, 0x00, 0x00, 0x00, 0x00, 0x00, 0x00, 0x00, 0x00, 0x00, 0x00, 0x00, 0x00, 0x00,
    0x00, 0x00, 0x00, 0x00, 0x00, 0x00, 0x00, 0x00, 0x00, 0x00, 0x00, 0x00, 0x00, 0x00, 0x00, 0x00, 0x00, 0x00, 0x00, 0x00,
    0x00, 0x00, 0x00, 0x00, 0x00, 0x00, 0x00, 0x00, 0x00, 0x00, 0x00, 0x00, 0x00, 0x00, 0x00, 0x00, 0x00, 0x00, 0x00, 0x00,
    0x00, 0x00, 0x00, 0x00, 0x00, 0x00, 0x00, 0x00, 0x00, 0x00, 0x00, 0x00, 0x00, 0x00, 0x00, 0x00, 0x00, 0x00, 0x00, 0x00,
    0x00, 0x00, 0x00, 0x00, 0x00, 0x00, 0x00, 0x00, 0x00, 0x00, 0x00, 0x00, 0x00, 0x00, 0x00, 0x00, 0x00, 0x00, 0x00, 0x00,
    0x00, 0x00, 0x00, 0x00, 0x00, 0x00, 0x00, 0x00, 0x00, 0x00, 0x00, 0x00, 0x00, 0x00, 0x00, 0x00, 0x00, 0x00, 0x00, 0x00,
    0x00, 0x00, 0x00, 0x00, 0x00, 0x00, 0x00, 0x00, 0x00, 0x00, 0x00, 0x00, 0x00, 0x00, 0x00, 0x00, 0x00, 0x00, 0x00, 0x00,
    0x00, 0x00, 0x00, 0x00, 0x00, 0x00, 0x00, 0x00, 0x00, 0x00, 0x00, 0x00, 0x00, 0x00, 0x00, 0x00, 0x00, 0x00, 0x00, 0x00,
    0x00, 0x00, 0x00, 0x00, 0x00, 0x00, 0x00, 0x00, 0x00, 0x00, 0x00, 0x00, 0x00, 0x00, 0x00, 0x00, 0x00, 0x00, 0x00, 0x00,
    0x00, 0x00, 0x00, 0x00, 0x00, 0x00, 0x00, 0x00, 0x00, 0x00, 0x00, 0x00, 0x00, 0x00, 0x00, 0x00, 0x00, 0x00, 0x00, 0x00,
    0x00, 0x00, 0x00, 0x00, 0x00, 0x00, 0x00, 0x00, 0x00, 0x00, 0x00, 0x00, 0x00, 0x00, 0x00, 0x00, 0x00, 0x00, 0x00, 0x00,
    0x00, 0x00, 0x00, 0x00, 0x00, 0x00, 0x00, 0x00, 0x00, 0x00, 0x00, 0x00, 0x00, 0x00, 0x00, 0x00, 0x00, 0x00, 0x00, 0x00,
    0x00, 0x00, 0x00, 0x00, 0x00, 0x00, 0x00, 0x00, 0x00, 0x00, 0x00, 0x00, 0x00, 0x00, 0x00, 0x00, 0x00, 0x00, 0x00, 0x00,
    0x00, 0x00, 0x00, 0x00, 0x00, 0x00, 0x00, 0x00, 0x00, 0x00, 0x00, 0x00, 0x00, 0x00, 0x00, 0x00, 0x00, 0x00, 0x00, 0x00,
    0x00, 0x00, 0x00, 0x00, 0x00, 0x00, 0x00, 0x00, 0x00, 0x00, 0x00, 0x00, 0x00, 0x00, 0x00, 0x00, 0x00, 0x00, 0x00, 0x00,
    0x00, 0x00, 0x00, 0x00, 0x00, 0x00, 0x00, 0x00, 0x00, 0x00, 0x00, 0x00, 0x00, 0x00, 0x00, 0x00, 0x00, 0x00, 0x00, 0x00,
    0x00, 0x00, 0x00, 0x00, 0x00, 0x00, 0x00, 0x00, 0x00, 0x00, 0x00, 0x00, 0x00, 0x00, 0x00, 0x00, 0x00, 0x00, 0x00, 0x00,
    0x00, 0x00, 0x00, 0x00, 0x00, 0x00, 0x00, 0x00, 0x00, 0x00, 0x00, 0x00, 0x00, 0x00, 0x00, 0x00, 0x00, 0x00, 0x00, 0x00,
    0x00, 0x00, 0x00, 0x00, 0x00, 0x00, 0x00, 0x00, 0x00, 0x00, 0x00, 0x00, 0x00, 0x00, 0x00, 0x00, 0x00, 0x00, 0x00, 0x00,
    0x00, 0x00, 0x00, 0x00, 0x00, 0x00, 0x00, 0x00, 0x00, 0x00, 0x00, 0x00, 0x00, 0x00, 0x00, 0x00, 0x00, 0x00, 0x00, 0x00,
    0x00, 0x00, 0x00, 0x00, 0x00, 0x00, 0x00, 0x00, 0x00, 0x00, 0x00, 0x00, 0x00, 0x00, 0x00, 0x00, 0x00, 0x00, 0x00, 0x00,
    0x00, 0x00, 0x00, 0x00, 0x00, 0x00, 0x00, 0x00, 0x00, 0x00, 0x00, 0x00, 0x00, 0x00, 0x00, 0x00, 0x00, 0x00, 0x00, 0x00,
    0x00, 0x00, 0x00, 0x00, 0x00, 0x00, 0x00, 0x00, 0x00, 0x00, 0x00, 0x00, 0x00, 0x00, 0x00, 0x00, 0x00, 0x00, 0x00, 0x00,
    0x00, 0x00, 0x00, 0x00, 0x00, 0x00, 0x00, 0x00, 0x00, 0x00, 0x00, 0x00, 0x00, 0x00, 0x00, 0x00, 0x00, 0x00, 0x00, 0x00,
    0x00, 0x00, 0x00, 0x00, 0x00, 0x00, 0x00, 0x00, 0x00, 0x00, 0x00, 0x00, 0x00, 0x00, 0x00, 0x00, 0x00, 0x00, 0x00, 0x00,
    0x00, 0x00, 0x00, 0x00, 0x00, 0x00, 0x00, 0x00, 0x00, 0x00, 0x00, 0x00, 0x00, 0x00, 0x00, 0x00, 0x00, 0x00, 0x00, 0x00,
    0x00, 0x00, 0x00, 0x00, 0x00, 0x00, 0x00, 0x00, 0x00, 0x00, 0x00, 0x00, 0x00, 0x00, 0x00, 0x00, 0x00, 0x00, 0x00, 0x00,
    0x00, 0x00, 0x00, 0x00, 0x00, 0x00, 0x00, 0x00, 0x00, 0x00, 0x00, 0x00, 0x00, 0x00, 0x00, 0x00, 0x00, 0x00, 0x00, 0x00,
    0x00, 0x00, 0x00, 0x00, 0x00, 0x00, 0x00, 0x00, 0x00, 0x00, 0x00, 0x00, 0x00, 0x00, 0x00, 0x00, 0x00, 0x00, 0x00, 0x00,
    0x00, 0x00, 0x00, 0x00, 0x00, 0x00, 0x00, 0x00, 0x00, 0x00, 0x00, 0x00, 0x00, 0x00, 0x00, 0x00, 0x00, 0x00, 0x00, 0x00,
    0x00, 0x00, 0x00, 0x00, 0x00, 0x00, 0x00, 0x00, 0x00, 0x00, 0x00, 0x00, 0x00, 0x00, 0x00, 0x00, 0x00, 0x00, 0x00, 0x00,
    0x00, 0x00, 0x00, 0x00, 0x00, 0x00, 0x00, 0x00, 0x00, 0x00, 0x00, 0x00, 0x00, 0x00, 0x00, 0x00, 0x00, 0x00, 0x00, 0x00,
    0x00, 0x00, 0x00, 0x00, 0x00, 0x00, 0x00, 0x00, 0x00, 0x00, 0x00, 0x00, 0x00, 0x00, 0x00, 0x00, 0x00, 0x00, 0x00, 0x00,
    0x00, 0x00, 0x00, 0x00, 0x00, 0x00, 0x00, 0x00, 0x00, 0x00, 0x00, 0x00, 0x00, 0x00, 0x00, 0x00, 0x00, 0x00, 0x00, 0x00,
    0x00, 0x00, 0x00, 0x00, 0x00, 0x00, 0x00, 0x00, 0x00, 0x00, 0x00, 0x00, 0x00, 0x00, 0x00, 0x00, 0x00, 0x00, 0x00, 0x00,
    0x00, 0x00, 0x00, 0x00, 0x00, 0x00, 0x00, 0x00, 0x00, 0x00, 0x00, 0x00, 0x00, 0x00, 0x00, 0x00, 0x00, 0x00, 0x00, 0x00,
    0x00, 0x00, 0x00, 0x00, 0x00, 0x00, 0x00, 0x00, 0x00, 0x00, 0x00, 0x00, 0x00, 0x00, 0x00, 0x00, 0x00, 0x00, 0x00, 0x00,
    0x00, 0x00, 0x00, 0x00, 0x00, 0x00, 0x00, 0x00, 0x00, 0x00, 0x00, 0x00, 0x00, 0x00, 0x00, 0x00, 0x00, 0x00, 0x00, 0x00,
    0x00, 0x00, 0x00, 0x00, 0x00, 0x00, 0x00, 0x00, 0x00, 0x00, 0x00, 0x00, 0x00, 0x00, 0x00, 0x00, 0x00, 0x00, 0x00, 0x00,
    0x00, 0x00, 0x00, 0x00, 0x00, 0x00, 0x00, 0x00, 0x00, 0x00, 0x00, 0x00, 0x00, 0x00, 0x00, 0x00, 0x00, 0x00, 0x00, 0x00,
    0x00, 0x00, 0x00, 0x00, 0x00, 0x00, 0x00, 0x00, 0x00, 0x00, 0x00, 0x00, 0x00, 0x00, 0x00, 0x00, 0x00, 0x00, 0x00, 0x00,
    0x00, 0x00, 0x00, 0x00, 0x00, 0x00, 0x00, 0x00, 0x00, 0x00, 0x00, 0x00, 0x00, 0x00, 0x00, 0x00, 0x00, 0x00, 0x00, 0x00,
    0x00, 0x00, 0x00, 0x00, 0x00, 0x00, 0x00, 0x00, 0x00, 0x00, 0x00, 0x00, 0x00, 0x00, 0x00, 0x00, 0x00, 0x00, 0x00, 0x00,
    0x00, 0x00, 0x00, 0x00, 0x00, 0x00, 0x00, 0x00, 0x00, 0x00, 0x00, 0x00, 0x00, 0x00, 0x00, 0x00, 0x00, 0x00, 0x00, 0x00,
    0x00, 0x00, 0x00, 0x00, 0x00, 0x00, 0x00, 0x00, 0x00, 0x00, 0x00, 0x00, 0x00, 0x00, 0x00, 0x00, 0x00, 0x00, 0x00, 0x00,
    0x00, 0x00, 0x00, 0x00, 0x00, 0x00, 0x00, 0x00, 0x00, 0x00, 0x00, 0x00, 0x00, 0x00, 0x00, 0x00, 0x00, 0x00, 0x00, 0x00,
    0x00, 0x00, 0x00, 0x00, 0x00, 0x00, 0x00, 0x00, 0x00, 0x00, 0x00, 0x00, 0x00, 0x00, 0x00, 0x00, 0x00, 0x00, 0x00, 0x00,
    0x00, 0x00, 0x00, 0x00, 0x00, 0x00, 0x00, 0x00, 0x00, 0x00, 0x00, 0x00, 0x00, 0x00, 0x00, 0x00, 0x00, 0x00, 0x00, 0x00,
    0x00, 0x00, 0x00, 0x00, 0x00, 0x00, 0x00, 0x00, 0x00, 0x00, 0x00, 0x00, 0x00, 0x00, 0x00, 0x00, 0x00, 0x00, 0x00, 0x00,
    0x00, 0x00, 0x00, 0x00, 0x00, 0x00, 0x00, 0x00, 0x00, 0x00, 0x00, 0x00, 0x00, 0x00, 0x00, 0x00, 0x00, 0x00, 0x00, 0x00,
    0x00, 0x00, 0x00, 0x00, 0x00, 0x00, 0x00, 0x00, 0x00, 0x00, 0x00, 0x00, 0x00, 0x00, 0x00, 0x00, 0x00, 0x00, 0x00, 0x00,
    0x00, 0x00, 0x00, 0x00, 0x00, 0x00, 0x00, 0x00, 0x00, 0x00, 0x00, 0x00, 0x00, 0x00, 0x00, 0x00, 0x00, 0x00, 0x00, 0x00,
    0x00, 0x00, 0x00, 0x00, 0x00, 0x00, 0x00, 0x00, 0x00, 0x00, 0x00, 0x00, 0x00, 0x00, 0x00, 0x00, 0x00, 0x00, 0x00, 0x00,
    0x00, 0x00, 0x00, 0x00, 0x00, 0x00, 0x00, 0x00, 0x00, 0x00, 0x00, 0x00, 0x00, 0x00, 0x00, 0x00, 0x00, 0x00, 0x00, 0x00,
    0x00, 0x00, 0x00, 0x00, 0x00, 0x00, 0x00, 0x00, 0x00, 0x00, 0x00, 0x00, 0x00, 0x00, 0x00, 0x00, 0x00, 0x00, 0x00, 0x00,
    0x00, 0x00, 0x00, 0x00, 0x00, 0x00, 0x00, 0x00, 0x00, 0x00, 0x00, 0x00, 0x00, 0x00, 0x00, 0x00, 0x00, 0x00, 0x00, 0x00,
    0x00, 0x00, 0x00, 0x00, 0x00, 0x00, 0x00, 0x00, 0x00, 0x00, 0x00, 0x00, 0x00, 0x00, 0x00, 0x00, 0x00, 0x00, 0x00, 0x00,
    0x00, 0x00, 0x00, 0x00, 0x00, 0x00, 0x00, 0x00, 0x00, 0x00, 0x00, 0x00, 0x00, 0x00, 0x00, 0x00, 0x00, 0x00, 0x00, 0x00,
    0x00, 0x00, 0x00, 0x00, 0x00, 0x00, 0x00, 0x00, 0x00, 0x00, 0x00, 0x00, 0x00, 0x00, 0x00, 0x00, 0x00, 0x00, 0x00, 0x00,
    0x00, 0x00, 0x00, 0x00, 0x00, 0x00, 0x00, 0x00, 0x00, 0x00, 0x00, 0x00, 0x00, 0x00, 0x00, 0x00, 0x00, 0x00, 0x00, 0x00,
    0x00, 0x00, 0x00, 0x00, 0x00, 0x00, 0x00, 0x00, 0x00, 0x00, 0x00, 0x00, 0x00, 0x00, 0x00, 0x00, 0x00, 0x00, 0x00, 0x00,
    0x00, 0x00, 0x00, 0x00, 0x00, 0x00, 0x00, 0x00, 0x00, 0x00, 0x00, 0x00, 0x00, 0x00, 0x00, 0x00, 0x00, 0x00, 0x00, 0x00,
    0x00, 0x00, 0x00, 0x00, 0x00, 0x00, 0x00, 0x00, 0x00, 0x00, 0x00, 0x00, 0x00, 0x00, 0x00, 0x00, 0x00, 0x00, 0x00, 0x00,
    0x00, 0x00, 0x00, 0x00, 0x00, 0x00, 0x00, 0x00, 0x00, 0x00, 0x00, 0x00, 0x00, 0x00, 0x00, 0x00, 0x00, 0x00, 0x00, 0x00,
    0x00, 0x00, 0x00, 0x00, 0x00, 0x00, 0x00, 0x00, 0x00, 0x00, 0x00, 0x00, 0x00, 0x00, 0x00, 0x00, 0x00, 0x00, 0x00, 0x00,
    0x00, 0x00, 0x00, 0x00, 0x00, 0x00, 0x00, 0x00, 0x00, 0x00, 0x00, 0x00, 0x00, 0x00, 0x00, 0x00, 0x00, 0x00, 0x00, 0x00,
    0x00, 0x00, 0x00, 0x00, 0x00, 0x00, 0x00, 0x00, 0x00, 0x00, 0x00, 0x00, 0x00, 0x00, 0x00, 0x00, 0x00, 0x00, 0x00, 0x00,
    0x00, 0x00, 0x00, 0x00, 0x00, 0x00, 0x00, 0x00, 0x00, 0x00, 0x00, 0x00, 0x00, 0x00, 0x00, 0x00, 0x00, 0x00, 0x00, 0x00,
    0x00, 0x00, 0x00, 0x00, 0x00, 0x00, 0x00, 0x00, 0x00, 0x00, 0x00, 0x00, 0x00, 0x00, 0x00, 0x00, 0x00, 0x00, 0x00, 0x00,
    0x00, 0x00, 0x00, 0x00, 0x00, 0x00, 0x00, 0x00, 0x00, 0x00, 0x00, 0x00, 0x00, 0x00, 0x00, 0x00, 0x00, 0x00, 0x00, 0x00,
    0x00, 0x00, 0x00, 0x00, 0x00, 0x00, 0x00, 0x00, 0x00, 0x00, 0x00, 0x00, 0x00, 0x00, 0x00, 0x00, 0x00, 0x00, 0x00, 0x00,
    0x00, 0x00, 0x00, 0x00, 0x00, 0x00, 0x00, 0x00, 0x00, 0x00, 0x00, 0x00, 0x00, 0x00, 0x00, 0x00, 0x00, 0x00, 0x00, 0x00,
    0x00, 0x00, 0x00, 0x00, 0x00, 0x00, 0x00, 0x00, 0x00, 0x00, 0x00, 0x00, 0x00, 0x00, 0x00, 0x00, 0x00, 0x00, 0x00, 0x00,
    0x00, 0x00, 0x00, 0x00, 0x00, 0x00, 0x00, 0x00, 0x00, 0x00, 0x00, 0x00, 0x00, 0x00, 0x00, 0x00, 0x00, 0x00, 0x00, 0x00,
    0x00, 0x00, 0x00, 0x00, 0x00, 0x00, 0x00, 0x00, 0x00, 0x00, 0x00, 0x00, 0x00, 0x00, 0x00, 0x00, 0x00, 0x00, 0x00, 0x00,
    0x00, 0x00, 0x00, 0x00, 0x00, 0x00, 0x00, 0x00, 0x00, 0x00, 0x00, 0x00, 0x00, 0x00, 0x00, 0x00, 0x00, 0x00, 0x00, 0x00,
    0x00, 0x00, 0x00, 0x00, 0x00, 0x00, 0x00, 0x00, 0x00, 0x00, 0x00, 0x00, 0x00, 0x00, 0x00, 0x00, 0x00, 0x00, 0x00, 0x00,
    0x00, 0x00, 0x00, 0x00, 0x00, 0x00, 0x00, 0x00, 0x00, 0x00, 0x00, 0x00, 0x00, 0x00, 0x00, 0x00, 0x00, 0x00, 0x00, 0x00,
    0x00, 0x00, 0x00, 0x00, 0x00, 0x00, 0x00, 0x00, 0x00, 0x00, 0x00, 0x00, 0x00, 0x00, 0x00, 0x00, 0x00, 0x00, 0x00, 0x00,
    0x00, 0x00, 0x00, 0x00, 0x00, 0x00, 0x00, 0x00, 0x00, 0x00, 0x00, 0x00, 0x00, 0x00, 0x00, 0x00, 0x00, 0x00, 0x00, 0x00,
    0x00, 0x00, 0x00, 0x00, 0x00, 0x00, 0x00, 0x00, 0x00, 0x00, 0x00, 0x00, 0x00, 0x00, 0x00, 0x00, 0x00, 0x00, 0x00, 0x00,
    0x00, 0x00, 0x00, 0x00, 0x00, 0x00, 0x00, 0x00, 0x00, 0x00, 0x00, 0x00, 0x00, 0x00, 0x00, 0x00, 0x00, 0x00, 0x00, 0x00,
    0x00, 0x00, 0x00, 0x00, 0x00, 0x00, 0x00, 0x00, 0x00, 0x00, 0x00, 0x00, 0x00, 0x00, 0x00, 0x00, 0x00, 0x00, 0x00, 0x00,
    0x00, 0x00, 0x00, 0x00, 0x00, 0x00, 0x00, 0x00, 0x00, 0x00, 0x00, 0x00, 0x00, 0x00, 0x00, 0x00, 0x00, 0x00, 0x00, 0x00,
    0x00, 0x00, 0x00, 0x00, 0x00, 0x00, 0x00, 0x00, 0x00, 0x00, 0x00, 0x00, 0x00, 0x00, 0x00, 0x00, 0x00, 0x00, 0x00, 0x00,
    0x00, 0x00, 0x00, 0x00, 0x00, 0x00, 0x00, 0x00, 0x00, 0x00, 0x00, 0x00, 0x00, 0x00, 0x00, 0x00, 0x00, 0x00, 0x00, 0x00,
    0x00, 0x00, 0x00, 0x00, 0x00, 0x00, 0x00, 0x00, 0x00, 0x00, 0x00, 0x00, 0x00, 0x00, 0x00, 0x00, 0x00, 0x00, 0x00, 0x00,
    0x00, 0x00, 0x00, 0x00, 0x00, 0x00, 0x00, 0x00, 0x00, 0x00, 0x00, 0x00, 0x00, 0x00, 0x00, 0x00, 0x00, 0x00, 0x00, 0x00,
    0x00, 0x00, 0x00, 0x00, 0x00, 0x00, 0x00, 0x00, 0x00, 0x00, 0x00, 0x00, 0x00, 0x00, 0x00, 0x00, 0x00, 0x00, 0x00, 0x00,
    0x00, 0x00, 0x00, 0x00, 0x00, 0x00, 0x00, 0x00, 0x00, 0x00, 0x00, 0x00, 0x00, 0x00, 0x00, 0x00, 0x00, 0x00, 0x00, 0x00,
    0x00, 0x00, 0x00, 0x00, 0x00, 0x00, 0x00, 0x00, 0x00, 0x00, 0x00, 0x00, 0x00, 0x00, 0x00, 0x00, 0x00, 0x00, 0x00, 0x00,
    0x00, 0x00, 0x00, 0x00, 0x00, 0x00, 0x00, 0x00, 0x00, 0x00, 0x00, 0x00, 0x00, 0x00, 0x00, 0x00, 0x00, 0x00, 0x00, 0x00,
    0x00, 0x00, 0x00, 0x00, 0x00, 0x00, 0x00, 0x00, 0x00, 0x00, 0x00, 0x00, 0x00, 0x00, 0x00, 0x00, 0x00, 0x00, 0x00, 0x00,
    0x00, 0x00, 0x00, 0x00, 0x00, 0x00, 0x00, 0x00, 0x00, 0x00, 0x00, 0x00, 0x00, 0x00, 0x00, 0x00, 0x00, 0x00, 0x00, 0x00,
    0x00, 0x00, 0x00, 0x00, 0x00, 0x00, 0x00, 0x00, 0x00, 0x00, 0x00, 0x00, 0x00, 0x00, 0x00, 0x00, 0x00, 0x00, 0x00, 0x00,
    0x00, 0x00, 0x00, 0x00, 0x00, 0x00, 0x00, 0x00, 0x00, 0x00, 0x00, 0x00, 0x00, 0x00, 0x00, 0x00, 0x00, 0x00, 0x00, 0x00,
    0x00, 0x00, 0x00, 0x00, 0x00, 0x00, 0x00, 0x00, 0x00, 0x00, 0x00, 0x00, 0x00, 0x00, 0x00, 0x00, 0x00, 0x00, 0x00, 0x00,
    0x00, 0x00, 0x00, 0x00, 0x00, 0x00, 0x00, 0x00, 0x00, 0x00, 0x00, 0x00, 0x00, 0x00, 0x00, 0x00, 0x00, 0x00, 0x00, 0x00,
    0x00, 0x00, 0x00, 0x00, 0x00, 0x00, 0x00, 0x00, 0x00, 0x00, 0x00, 0x00, 0x00, 0x00, 0x00, 0x00, 0x00, 0x00, 0x00, 0x00,
    0x00, 0x00, 0x00, 0x00, 0x00, 0x00, 0x00, 0x00, 0x00, 0x00, 0x00, 0x00, 0x00, 0x00, 0x00, 0x00, 0x00, 0x00, 0x00, 0x00,
    0x00, 0x00, 0x00, 0x00, 0x00, 0x00, 0x00, 0x00, 0x00, 0x00, 0x00, 0x00, 0x00, 0x00, 0x00, 0x00, 0x00, 0x00, 0x00, 0x00,
    0x00, 0x00, 0x00, 0x00, 0x00, 0x00, 0x00, 0x00, 0x00, 0x00, 0x00, 0x00, 0x00, 0x00, 0x00, 0x00, 0x00, 0x00, 0x00, 0x00,
    0x00, 0x00, 0x00, 0x00, 0x00, 0x00, 0x00, 0x00, 0x00, 0x00, 0x00, 0x00, 0x00, 0x00, 0x00, 0x00, 0x00, 0x00, 0x00, 0x00,
    0x00, 0x00, 0x00, 0x00, 0x00, 0x00, 0x00, 0x00, 0x00, 0x00, 0x00, 0x00, 0x00, 0x00, 0x00, 0x00, 0x00, 0x00, 0x00, 0x00,
    0x00, 0x00, 0x00, 0x00, 0x00, 0x00, 0x00, 0x00, 0x00, 0x00, 0x00, 0x00, 0x00, 0x00, 0x00, 0x00, 0x00, 0x00, 0x00, 0x00,
    0x00, 0x00, 0x00, 0x00, 0x00, 0x00, 0x00, 0x00, 0x00, 0x00, 0x00, 0x00, 0x00, 0x00, 0x00, 0x00, 0x00, 0x00, 0x00, 0x00,
    0x00, 0x00, 0x00, 0x00, 0x00, 0x00, 0x00, 0x00, 0x00, 0x00, 0x00, 0x00, 0x00, 0x00, 0x00, 0x00, 0x00, 0x00, 0x00, 0x00,
    0x00, 0x00, 0x00, 0x00, 0x00, 0x00, 0x00, 0x00, 0x00, 0x00, 0x00, 0x00, 0x00, 0x00, 0x00, 0x00, 0x00, 0x00, 0x00, 0x00,
    0x00, 0x00, 0x00, 0x00, 0x00, 0x00, 0x00, 0x00, 0x00, 0x00, 0x00, 0x00, 0x00, 0x00, 0x00, 0x00, 0x00, 0x00, 0x00, 0x00,
    0x00, 0x00, 0x00, 0x00, 0x00, 0x00, 0x00, 0x00, 0x00, 0x00, 0x00, 0x00, 0x00, 0x00, 0x00, 0x00, 0x00, 0x00, 0x00, 0x00,
    0x00, 0x00, 0x00, 0x00, 0x00, 0x00, 0x00, 0x00, 0x00, 0x00, 0x00, 0x00, 0x00, 0x00, 0x00, 0x00, 0x00, 0x00, 0x00, 0x00,
    0x00, 0x00, 0x00, 0x00, 0x00, 0x00, 0x00, 0x00, 0x00, 0x00, 0x00, 0x00, 0x00, 0x00, 0x00, 0x00, 0x00, 0x00, 0x00, 0x00,
    0x00, 0x00, 0x00, 0x00, 0x00, 0x00, 0x00, 0x00, 0x00, 0x00, 0x00, 0x00, 0x00, 0x00, 0x00, 0x00, 0x00, 0x00, 0x00, 0x00,
    0x00, 0x00, 0x00, 0x00, 0x00, 0x00, 0x00, 0x00, 0x00, 0x00, 0x00, 0x00, 0x00, 0x00, 0x00, 0x00, 0x00, 0x00, 0x00, 0x00,
    0x00, 0x00, 0x00, 0x00, 0x00, 0x00, 0x00, 0x00, 0x00, 0x00, 0x00, 0x00, 0x00, 0x00, 0x00, 0x00, 0x00, 0x00, 0x00, 0x00,
    0x00, 0x00, 0x00, 0x00, 0x00, 0x00, 0x00, 0x00, 0x00, 0x00, 0x00, 0x00, 0x00, 0x00, 0x00, 0x00, 0x00, 0x00, 0x00, 0x00,
    0x00, 0x00, 0x00, 0x00, 0x00, 0x00, 0x00, 0x00, 0x00, 0x00, 0x00, 0x00, 0x00, 0x00, 0x00, 0x00, 0x00, 0x00, 0x00, 0x00,
    0x00, 0x00, 0x00, 0x00, 0x00, 0x00, 0x00, 0x00, 0x00, 0x00, 0x00, 0x00, 0x00, 0x00, 0x00, 0x00, 0x00, 0x00, 0x00, 0x00,
    0x00, 0x00, 0x00, 0x00, 0x00, 0x00, 0x00, 0x00, 0x00, 0x00, 0x00, 0x00, 0x00, 0x00, 0x00, 0x00, 0x00, 0x00, 0x00, 0x00,
    0x00, 0x00, 0x00, 0x00, 0x00, 0x00, 0x00, 0x00, 0x00, 0x00, 0x00, 0x00, 0x00, 0x00, 0x00, 0x00, 0x00, 0x00, 0x00, 0x00,
    0x00, 0x00, 0x00, 0x00, 0x00, 0x00, 0x00, 0x00, 0x00, 0x00, 0x00, 0x00, 0x00, 0x00, 0x00, 0x00, 0x00, 0x00, 0x00, 0x00,
    0x00, 0x00, 0x00, 0x00, 0x00, 0x00, 0x00, 0x00, 0x00, 0x00, 0x00, 0x00, 0x00, 0x00, 0x00, 0x00, 0x00, 0x00, 0x00, 0x00,
    0x00, 0x00, 0x00, 0x00, 0x00, 0x00, 0x00, 0x00, 0x00, 0x00, 0x00, 0x00, 0x00, 0x00, 0x00, 0x00, 0x00, 0x00, 0x00, 0x00,
    0x00, 0x00, 0x00, 0x00, 0x00, 0x00, 0x00, 0x00, 0x00, 0x00, 0x00, 0x00, 0x00, 0x00, 0x00, 0x00, 0x00, 0x00, 0x00, 0x00,
    0x00, 0x00, 0x00, 0x00, 0x00, 0x00, 0x00, 0x00, 0x00, 0x00, 0x00, 0x00, 0x00, 0x00, 0x00, 0x00, 0x00, 0x00, 0x00, 0x00,
    0x00, 0x00, 0x00, 0x00, 0x00, 0x00, 0x00, 0x00, 0x00, 0x00, 0x00, 0x00, 0x00, 0x00, 0x00, 0x00, 0x00, 0x00, 0x00, 0x00,
    0x00, 0x00, 0x00, 0x00, 0x00, 0x00, 0x00, 0x00, 0x00, 0x00, 0x00, 0x00, 0x00, 0x00, 0x00, 0x00, 0x00, 0x00, 0x00, 0x00,
    0x00, 0x00, 0x00, 0x00, 0x00, 0x00, 0x00, 0x00, 0x00, 0x00, 0x00, 0x00, 0x00, 0x00, 0x00, 0x00, 0x00, 0x00, 0x00, 0x00,
    0x00, 0x00, 0x00, 0x00, 0x00, 0x00, 0x00, 0x00, 0x00, 0x00, 0x00, 0x00, 0x00, 0x00, 0x00, 0x00, 0x00, 0x00, 0x00, 0x00,
    0x00, 0x00, 0x00, 0x00, 0x00, 0x00, 0x00, 0x00, 0x00, 0x00, 0x00, 0x00, 0x00, 0x00, 0x00, 0x00, 0x00, 0x00, 0x00, 0x00,
    0x00, 0x00, 0x00, 0x00, 0x00, 0x00, 0x00, 0x00, 0x00, 0x00, 0x00, 0x00, 0x00, 0x00, 0x00, 0x00, 0x00, 0x00, 0x00, 0x00,
    0x00, 0x00, 0x00, 0x00, 0x00, 0x00, 0x00, 0x00, 0x00, 0x00, 0x00, 0x00, 0x00, 0x00, 0x00, 0x00, 0x00, 0x00, 0x00, 0x00,
    0x00, 0x00, 0x00, 0x00, 0x00, 0x00, 0x00, 0x00, 0x00, 0x00, 0x00, 0x00, 0x00, 0x00, 0x00, 0x00, 0x00, 0x00, 0x00, 0x00,
    0x00, 0x00, 0x00, 0x00, 0x00, 0x00, 0x00, 0x00, 0x00, 0x00, 0x00, 0x00, 0x00, 0x00, 0x00, 0x00, 0x00, 0x00, 0x00, 0x00,
    0x00, 0x00, 0x00, 0x00, 0x00, 0x00, 0x00, 0x00, 0x00, 0x00, 0x00, 0x00, 0x00, 0x00, 0x00, 0x00, 0x00, 0x00, 0x00, 0x00,
    0x00, 0x00, 0x00, 0x00, 0x00, 0x00, 0x00, 0x00, 0x00, 0x00, 0x00, 0x00, 0x00, 0x00, 0x00, 0x00, 0x00, 0x00, 0x00, 0x00,
    0x00, 0x00, 0x00, 0x00, 0x00, 0x00, 0x00, 0x00, 0x00, 0x00, 0x00, 0x00, 0x00, 0x00, 0x00, 0x00, 0x00, 0x00, 0x00, 0x00,
    0x00, 0x00, 0x00, 0x00, 0x00, 0x00, 0x00, 0x00, 0x00, 0x00, 0x00, 0x00, 0x00, 0x00, 0x00, 0x00, 0x00, 0x00, 0x00, 0x00,
    0x00, 0x00, 0x00, 0x00, 0x00, 0x00, 0x00, 0x00, 0x00, 0x00, 0x00, 0x00, 0x00, 0x00, 0x00, 0x00, 0x00, 0x00, 0x00, 0x00,
    0x00, 0x00, 0x00, 0x00, 0x00, 0x00, 0x00, 0x00, 0x00, 0x00, 0x00, 0x00, 0x00, 0x00, 0x00, 0x00, 0x00, 0x00, 0x00, 0x00,
    0x00, 0x00, 0x00, 0x00, 0x00, 0x00, 0x00, 0x00, 0x00, 0x00, 0x00, 0x00, 0x00, 0x00, 0x00, 0x00, 0x00, 0x00, 0x00, 0x00,
    0x00, 0x00, 0x00, 0x00, 0x00, 0x00, 0x00, 0x00, 0x00, 0x00, 0x00, 0x00, 0x00, 0x00, 0x00, 0x00, 0x00, 0x00, 0x00, 0x00,
    0x00, 0x00, 0x00, 0x00, 0x00, 0x00, 0x00, 0x00, 0x00, 0x00, 0x00, 0x00, 0x00, 0x00, 0x00, 0x00, 0x00, 0x00, 0x00, 0x00,
    0x00, 0x00, 0x00, 0x00, 0x00, 0x00, 0x00, 0x00, 0x00, 0x00, 0x00, 0x00, 0x00, 0x00, 0x00, 0x00, 0x00, 0x00, 0x00, 0x00,
    0x00, 0x00, 0x00, 0x00, 0x00, 0x00, 0x00, 0x00, 0x00, 0x00, 0x00, 0x00, 0x00, 0x00, 0x00, 0x00, 0x00, 0x00, 0x00, 0x00,
    0x00, 0x00, 0x00, 0x00, 0x00, 0x00, 0x00, 0x00, 0x00, 0x00, 0x00, 0x00, 0x00, 0x00, 0x00, 0x00, 0x00, 0x00, 0x00, 0x00,
    0x00, 0x00, 0x00, 0x00, 0x00, 0x00, 0x00, 0x00, 0x00, 0x00, 0x00, 0x00, 0x00, 0x00, 0x00, 0x00, 0x00, 0x00, 0x00, 0x00,
    0x00, 0x00, 0x00, 0x00, 0x00, 0x00, 0x00, 0x00, 0x00, 0x00, 0x00, 0x00, 0x00, 0x00, 0x00, 0x00, 0x00, 0x00, 0x00, 0x00,
    0x00, 0x00, 0x00, 0x00, 0x00, 0x00, 0x00, 0x00, 0x00, 0x00, 0x00, 0x00, 0x00, 0x00, 0x00, 0x00, 0x00, 0x00, 0x00, 0x00,
    0x00, 0x00, 0x00, 0x00, 0x00, 0x00, 0x00, 0x00, 0x00, 0x00, 0x00, 0x00, 0x00, 0x00, 0x00, 0x00, 0x00, 0x00, 0x00, 0x00,
    0x00, 0x00, 0x00, 0x00, 0x00, 0x00, 0x00, 0x00, 0x00, 0x00, 0x00, 0x00, 0x00, 0x00, 0x00, 0x00, 0x00, 0x00, 0x00, 0x00,
    0x00, 0x00, 0x00, 0x00, 0x00, 0x00, 0x00, 0x00, 0x00, 0x00, 0x00, 0x00, 0x00, 0x00, 0x00, 0x00, 0x00, 0x00, 0x00, 0x00,
    0x00, 0x00, 0x00, 0x00, 0x00, 0x00, 0x00, 0x00, 0x00, 0x00, 0x00, 0x00, 0x00, 0x00, 0x00, 0x00, 0x00, 0x00, 0x00, 0x00,
    0x00, 0x00, 0x00, 0x00, 0x00, 0x00, 0x00, 0x00, 0x00, 0x00, 0x00, 0x00, 0x00, 0x00, 0x00, 0x00, 0x00, 0x00, 0x00, 0x00,
    0x00, 0x00, 0x00, 0x00, 0x00, 0x00, 0x00, 0x00, 0x00, 0x00, 0x00, 0x00, 0x00, 0x00, 0x00, 0x00, 0x00, 0x00, 0x00, 0x00,
    0x00, 0x00, 0x00, 0x00, 0x00, 0x00, 0x00, 0x00, 0x00, 0x00, 0x00, 0x00, 0x00, 0x00, 0x00, 0x00, 0x00, 0x00, 0x00, 0x00,
    0x00, 0x00, 0x00, 0x00, 0x00, 0x00, 0x00, 0x00, 0x00, 0x00, 0x00, 0x00, 0x00, 0x00, 0x00, 0x00, 0x00, 0x00, 0x00, 0x00,
    0x00, 0x00, 0x00, 0x00, 0x00, 0x00, 0x00, 0x00, 0x00, 0x00, 0x00, 0x00, 0x00, 0x00, 0x00, 0x00, 0x00, 0x00, 0x00, 0x00,
    0x00, 0x00, 0x00, 0x00, 0x00, 0x00, 0x00, 0x00, 0x00, 0x00, 0x00, 0x00, 0x00, 0x00, 0x00, 0x00, 0x00, 0x00, 0x00, 0x00,
    0x00, 0x00, 0x00, 0x00, 0x00, 0x00, 0x00, 0x00, 0x00, 0x00, 0x00, 0x00, 0x00, 0x00, 0x00, 0x00, 0x00, 0x00, 0x00, 0x00,
    0x00, 0x00, 0x00, 0x00, 0x00, 0x00, 0x00, 0x00, 0x00, 0x00, 0x00, 0x00, 0x00, 0x00, 0x00, 0x00, 0x00, 0x00, 0x00, 0x00,
    0x00, 0x00, 0x00, 0x00, 0x00, 0x00, 0x00, 0x00, 0x00, 0x00, 0x00, 0x00, 0x00, 0x00, 0x00, 0x00, 0x00, 0x00, 0x00, 0x00,
    0x00, 0x00, 0x00, 0x00, 0x00, 0x00, 0x00, 0x00, 0x00, 0x00, 0x00, 0x00, 0x00, 0x00, 0x00, 0x00, 0x00, 0x00, 0x00, 0x00,
    0x00, 0x00, 0x00, 0x00, 0x00, 0x00, 0x00, 0x00, 0x00, 0x00, 0x00, 0x00, 0x00, 0x00, 0x00, 0x00, 0x00, 0x00, 0x00, 0x00,
    0x00, 0x00, 0x00, 0x00, 0x00, 0x00, 0x00, 0x00, 0x00, 0x00, 0x00, 0x00, 0x00, 0x00, 0x00, 0x00, 0x00, 0x00, 0x00, 0x00,
    0x00, 0x00, 0x00, 0x00, 0x00, 0x00, 0x00, 0x00, 0x00, 0x00, 0x00, 0x00, 0x00, 0x00, 0x00, 0x00, 0x00, 0x00, 0x00, 0x00,
    0x00, 0x00, 0x00, 0x00, 0x00, 0x00, 0x00, 0x00, 0x00, 0x00, 0x00, 0x00, 0x00, 0x00, 0x00, 0x00, 0x00, 0x00, 0x00, 0x00,
    0x00, 0x00, 0x00, 0x00, 0x00, 0x00, 0x00, 0x00, 0x00, 0x00, 0x00, 0x00, 0x00, 0x00, 0x00, 0x00, 0x00, 0x00, 0x00, 0x00,
    0x00, 0x00, 0x00, 0x00, 0x00, 0x00, 0x00, 0x00, 0x00, 0x00, 0x00, 0x00, 0x00, 0x00, 0x00, 0x00, 0x00, 0x00, 0x00, 0x00,
    0x00, 0x00, 0x00, 0x00, 0x00, 0x00, 0x00, 0x00, 0x00, 0x00, 0x00, 0x00, 0x00, 0x00, 0x00, 0x00, 0x00, 0x00, 0x00, 0x00,
    0x00, 0x00, 0x00, 0x00, 0x00, 0x00, 0x00, 0x00, 0x00, 0x00, 0x00, 0x00, 0x00, 0x00, 0x00, 0x00, 0x00, 0x00, 0x00, 0x00,
    0x00, 0x00, 0x00, 0x00, 0x00, 0x00, 0x00, 0x00, 0x00, 0x00, 0x00, 0x00, 0x00, 0x00, 0x00, 0x00, 0x00, 0x00, 0x00, 0x00,
    0x00, 0x00, 0x00, 0x00, 0x00, 0x00, 0x00, 0x00, 0x00, 0x00, 0x00, 0x00, 0x00, 0x00, 0x00, 0x00, 0x00, 0x00, 0x00, 0x00,
    0x00, 0x00, 0x00, 0x00, 0x00, 0x00, 0x00, 0x00, 0x00, 0x00, 0x00, 0x00, 0x00, 0x00, 0x00, 0x00, 0x00, 0x00, 0x00, 0x00,
    0x00, 0x00, 0x00, 0x00, 0x00, 0x00, 0x00, 0x00, 0x00, 0x00, 0x00, 0x00, 0x00, 0x00, 0x00, 0x00, 0x00, 0x00, 0x00, 0x00,
    0x00, 0x00, 0x00, 0x00, 0x00, 0x00, 0x00, 0x00, 0x00, 0x00, 0x00, 0x00, 0x00, 0x00, 0x00, 0x00, 0x00, 0x00, 0x00, 0x00,
    0x00, 0x00, 0x00, 0x00, 0x00, 0x00, 0x00, 0x00, 0x00, 0x00, 0x00, 0x00, 0x00, 0x00, 0x00, 0x00, 0x00, 0x00, 0x00, 0x00,
    0x00, 0x00, 0x00, 0x00, 0x00, 0x00, 0x00, 0x00, 0x00, 0x00, 0x00, 0x00, 0x00, 0x00, 0x00, 0x00, 0x00, 0x00, 0x00, 0x00,
    0x00, 0x00, 0x00, 0x00, 0x00, 0x00, 0x00, 0x00, 0x00, 0x00, 0x00, 0x00, 0x00, 0x00, 0x00, 0x00, 0x00, 0x00, 0x00, 0x00,
    0x00, 0x00, 0x00, 0x00, 0x00, 0x00, 0x00, 0x00, 0x00, 0x00, 0x00, 0x00, 0x00, 0x00, 0x00, 0x00, 0x00, 0x00, 0x00, 0x00,
    0x00, 0x00, 0x00, 0x00, 0x00, 0x00, 0x00, 0x00, 0x00, 0x00, 0x00, 0x00, 0x00, 0x00, 0x00, 0x00, 0x00, 0x00, 0x00, 0x00,
    0x00, 0x00, 0x00, 0x00, 0x00, 0x00, 0x00, 0x00, 0x00, 0x00, 0x00, 0x00, 0x00, 0x00, 0x00, 0x00, 0x00, 0x00, 0x00, 0x00,
    0x00, 0x00, 0x00, 0x00, 0x00, 0x00, 0x00, 0x00, 0x00, 0x00, 0x00, 0x00, 0x00, 0x00, 0x00, 0x00, 0x00, 0x00, 0x00, 0x00,
    0x00, 0x00, 0x00, 0x00, 0x00, 0x00, 0x00, 0x00, 0x00, 0x00, 0x00, 0x00, 0x00, 0x00, 0x00, 0x00, 0x00, 0x00, 0x00, 0x00,
    0x00, 0x00, 0x00, 0x00, 0x00, 0x00, 0x00, 0x00, 0x00, 0x00, 0x00, 0x00, 0x00, 0x00, 0x00, 0x00, 0x00, 0x00, 0x00, 0x00,
    0x00, 0x00, 0x00, 0x00, 0x00, 0x00, 0x00, 0x00, 0x00, 0x00, 0x00, 0x00, 0x00, 0x00, 0x00, 0x00, 0x00, 0x00, 0x00, 0x00,
    0x00, 0x00, 0x00, 0x00, 0x00, 0x00, 0x00, 0x00, 0x00, 0x00, 0x00, 0x00, 0x00, 0x00, 0x00, 0x00, 0x00, 0x00, 0x00, 0x00,
    0x00, 0x00, 0x00, 0x00, 0x00, 0x00, 0x00, 0x00, 0x00, 0x00, 0x00, 0x00, 0x00, 0x00, 0x00, 0x00, 0x00, 0x00, 0x00, 0x00,
    0x00, 0x00, 0x00, 0x00, 0x00, 0x00, 0x00, 0x00, 0x00, 0x00, 0x00, 0x00, 0x00, 0x00, 0x00, 0x00, 0x00, 0x00, 0x00, 0x00,
    0x00, 0x00, 0x00, 0x00, 0x00, 0x00, 0x00, 0x00, 0x00, 0x00, 0x00, 0x00, 0x00, 0x00, 0x00, 0x00, 0x00, 0x00, 0x00, 0x00,
    0x00, 0x00, 0x00, 0x00, 0x00, 0x00, 0x00, 0x00, 0x00, 0x00, 0x00, 0x00, 0x00, 0x00, 0x00, 0x00, 0x00, 0x00, 0x00, 0x00,
    0x00, 0x00, 0x00, 0x00, 0x00, 0x00, 0x00, 0x00, 0x00, 0x00, 0x00, 0x00, 0x00, 0x00, 0x00, 0x00, 0x00, 0x00, 0x00, 0x00,
    0x00, 0x00, 0x00, 0x00, 0x00, 0x00, 0x00, 0x00, 0x00, 0x00, 0x00, 0x00, 0x00, 0x00, 0x00, 0x00, 0x00, 0x00, 0x00, 0x00,
    0x00, 0x00, 0x00, 0x00, 0x00, 0x00, 0x00, 0x00, 0x00, 0x00, 0x00, 0x00, 0x00, 0x00, 0x00, 0x00, 0x00, 0x00, 0x00, 0x00,
    0x00, 0x00, 0x00, 0x00, 0x00, 0x00, 0x00, 0x00, 0x00, 0x00, 0x00, 0x00, 0x00, 0x00, 0x00, 0x00, 0x00, 0x00, 0x00, 0x00,
    0x00, 0x00, 0x00, 0x00, 0x00, 0x00, 0x00, 0x00, 0x00, 0x00, 0x00, 0x00, 0x00, 0x00, 0x00, 0x00, 0x00, 0x00, 0x00, 0x00,
    0x00, 0x00, 0x00, 0x00, 0x00, 0x00, 0x00, 0x00, 0x00, 0x00, 0x00, 0x00, 0x00, 0x00, 0x00, 0x00, 0x00, 0x00, 0x00, 0x00,
    0x00, 0x00, 0x00, 0x00, 0x00, 0x00, 0x00, 0x00, 0x00, 0x00, 0x00, 0x00, 0x00, 0x00, 0x00, 0x00, 0x00, 0x00, 0x00, 0x00,
    0x00, 0x00, 0x00, 0x00, 0x00, 0x00, 0x00, 0x00, 0x00, 0x00, 0x00, 0x00, 0x00, 0x00, 0x00, 0x00, 0x00, 0x00, 0x00, 0x00,
    0x00, 0x00, 0x00, 0x00, 0x00, 0x00, 0x00, 0x00, 0x00, 0x00, 0x00, 0x00, 0x00, 0x00, 0x00, 0x00, 0x00, 0x00, 0x00, 0x00,
    0x00, 0x00, 0x00, 0x00, 0x00, 0x00, 0x00, 0x00, 0x00, 0x00, 0x00, 0x00, 0x00, 0x00, 0x00, 0x00, 0x00, 0x00, 0x00, 0x00,
    0x00, 0x00, 0x00, 0x00, 0x00, 0x00, 0x00, 0x00, 0x00, 0x00, 0x00, 0x00, 0x00, 0x00, 0x00, 0x00, 0x00, 0x00, 0x00, 0x00,
    0x00, 0x00, 0x00, 0x00, 0x00, 0x00, 0x00, 0x00, 0x00, 0x00, 0x00, 0x00, 0x00, 0x00, 0x00, 0x00, 0x00, 0x00, 0x00, 0x00,
    0x00, 0x00, 0x00, 0x00, 0x00, 0x00, 0x00, 0x00, 0x00, 0x00, 0x00, 0x00, 0x00, 0x00, 0x00, 0x00, 0x00, 0x00, 0x00, 0x00,
    0x00, 0x00, 0x00, 0x00, 0x00, 0x00, 0x00, 0x00, 0x00, 0x00, 0x00, 0x00, 0x00, 0x00, 0x00, 0x00, 0x00, 0x00, 0x00, 0x00,
    0x00, 0x00, 0x00, 0x00, 0x00, 0x00, 0x00, 0x00, 0x00, 0x00, 0x00, 0x00, 0x00, 0x00, 0x00, 0x00, 0x00, 0x00, 0x00, 0x00,
    0x00, 0x00, 0x00, 0x00, 0x00, 0x00, 0x00, 0x00, 0x00, 0x00, 0x00, 0x00, 0x00, 0x00, 0x00, 0x00, 0x00, 0x00, 0x00, 0x00,
    0x00, 0x00, 0x00, 0x00, 0x00, 0x00, 0x00, 0x00, 0x00, 0x00, 0x00, 0x00, 0x00, 0x00, 0x00, 0x00, 0x00, 0x00, 0x00, 0x00,
    0x00, 0x00, 0x00, 0x00, 0x00, 0x00, 0x00, 0x00, 0x00, 0x00, 0x00, 0x00, 0x00, 0x00, 0x00, 0x00, 0x00, 0x00, 0x00, 0x00,
    0x00, 0x00, 0x00, 0x00, 0x00, 0x00, 0x00, 0x00, 0x00, 0x00, 0x00, 0x00, 0x00, 0x00, 0x00, 0x00, 0x00, 0x00, 0x00, 0x00,
    0x00, 0x00, 0x00, 0x00, 0x00, 0x00, 0x00, 0x00, 0x00, 0x00, 0x00, 0x00, 0x00, 0x00, 0x00, 0x00, 0x00, 0x00, 0x00, 0x00,
    0x00, 0x00, 0x00, 0x00, 0x00, 0x00, 0x00, 0x00, 0x00, 0x00, 0x00, 0x00, 0x00, 0x00, 0x00, 0x00, 0x00, 0x00, 0x00, 0x00,
    0x00, 0x00, 0x00, 0x00, 0x00, 0x00, 0x00, 0x00, 0x00, 0x00, 0x00, 0x00, 0x00, 0x00, 0x00, 0x00, 0x00, 0x00, 0x00, 0x00,
    0x00, 0x00, 0x00, 0x00, 0x00, 0x00, 0x00, 0x00, 0x00, 0x00, 0x00, 0x00, 0x00, 0x00, 0x00, 0x00, 0x00, 0x00, 0x00, 0x00,
    0x00, 0x00, 0x00, 0x00, 0x00, 0x00, 0x00, 0x00, 0x00, 0x00, 0x00, 0x00, 0x00, 0x00, 0x00, 0x00, 0x00, 0x00, 0x00, 0x00,
    0x00, 0x00, 0x00, 0x00, 0x00, 0x00, 0x00, 0x00, 0x00, 0x00, 0x00, 0x00, 0x00, 0x00, 0x00, 0x00, 0x00, 0x00, 0x00, 0x00,
    0x00, 0x00, 0x00, 0x00, 0x00, 0x00, 0x00, 0x00, 0x00, 0x00, 0x00, 0x00, 0x00, 0x00, 0x00, 0x00, 0x00, 0x00, 0x00, 0x00,
    0x00, 0x00, 0x00, 0x00, 0x00, 0x00, 0x00, 0x00, 0x00, 0x00, 0x00, 0x00, 0x00, 0x00, 0x00, 0x00, 0x00, 0x00, 0x00, 0x00,
    0x00, 0x00, 0x00, 0x00, 0x00, 0x00, 0x00, 0x00, 0x00, 0x00, 0x00, 0x00, 0x00, 0x00, 0x00, 0x00, 0x00, 0x00, 0x00, 0x00,
    0x00, 0x00, 0x00, 0x00, 0x00, 0x00, 0x00, 0x00, 0x00, 0x00, 0x00, 0x00, 0x00, 0x00, 0x00, 0x00, 0x00, 0x00, 0x00, 0x00,
    0x00, 0x00, 0x00, 0x00, 0x00, 0x00, 0x00, 0x00, 0x00, 0x00, 0x00, 0x00, 0x00, 0x00, 0x00, 0x00, 0x00, 0x00, 0x00, 0x00,
    0x00, 0x00, 0x00, 0x00, 0x00, 0x00, 0x00, 0x00, 0x00, 0x00, 0x00, 0x00, 0x00, 0x00, 0x00, 0x00, 0x00, 0x00, 0x00, 0x00,
    0x00, 0x00, 0x00, 0x00, 0x00, 0x00, 0x00, 0x00, 0x00, 0x00, 0x00, 0x00, 0x00, 0x00, 0x00, 0x00, 0x00, 0x00, 0x00, 0x00,
    0x00, 0x00, 0x00, 0x00, 0x00, 0x00, 0x00, 0x00, 0x00, 0x00, 0x00, 0x00, 0x00, 0x00, 0x00, 0x00, 0x00, 0x00, 0x00, 0x00,
    0x00, 0x00, 0x00, 0x00, 0x00, 0x00, 0x00, 0x00, 0x00, 0x00, 0x00, 0x00, 0x00, 0x00, 0x00, 0x00, 0x00, 0x00, 0x00, 0x00,
    0x00, 0x00, 0x00, 0x00, 0x00, 0x00, 0x00, 0x00, 0x00, 0x00, 0x00, 0x00, 0x00, 0x00, 0x00, 0x00, 0x00, 0x00, 0x00, 0x00,
    0x00, 0x00, 0x00, 0x00, 0x00, 0x00, 0x00, 0x00, 0x00, 0x00, 0x00, 0x00, 0x00, 0x00, 0x00, 0x00, 0x00, 0x00, 0x00, 0x00,
    0x00, 0x00, 0x00, 0x00, 0x00, 0x00, 0x00, 0x00, 0x00, 0x00, 0x00, 0x00, 0x00, 0x00, 0x00, 0x00, 0x00, 0x00, 0x00, 0x00,
    0x00, 0x00, 0x00, 0x00, 0x00, 0x00, 0x00, 0x00, 0x00, 0x00, 0x00, 0x00, 0x00, 0x00, 0x00, 0x00, 0x00, 0x00, 0x00, 0x00,
    0x00, 0x00, 0x00, 0x00, 0x00, 0x00, 0x00, 0x00, 0x00, 0x00, 0x00, 0x00, 0x00, 0x00, 0x00, 0x00, 0x00, 0x00, 0x00, 0x00,
    0x00, 0x00, 0x00, 0x00, 0x00, 0x00, 0x00, 0x00, 0x00, 0x00, 0x00, 0x00, 0x00, 0x00, 0x00, 0x00, 0x00, 0x00, 0x00, 0x00,
    0x00, 0x00, 0x00, 0x00, 0x00, 0x00, 0x00, 0x00, 0x00, 0x00, 0x00, 0x00, 0x00, 0x00, 0x00, 0x00, 0x00, 0x00, 0x00, 0x00,
    0x00, 0x00, 0x00, 0x00, 0x00, 0x00, 0x00, 0x00, 0x00, 0x00, 0x00, 0x00, 0x00, 0x00, 0x00, 0x00, 0x00, 0x00, 0x00, 0x00,
    0x00, 0x00, 0x00, 0x00, 0x00, 0x00, 0x00, 0x00, 0x00, 0x00, 0x00, 0x00, 0x00, 0x00, 0x00, 0x00, 0x00, 0x00, 0x00, 0x00,
    0x00, 0x00, 0x00, 0x00, 0x00, 0x00, 0x00, 0x00, 0x00, 0x00, 0x00, 0x00, 0x00, 0x00, 0x00, 0x00, 0x00, 0x00, 0x00, 0x00,
    0x00, 0x00, 0x00, 0x00, 0x00, 0x00, 0x00, 0x00, 0x00, 0x00, 0x00, 0x00, 0x00, 0x00, 0x00, 0x00, 0x00, 0x00, 0x00, 0x00,
    0x00, 0x00, 0x00, 0x00, 0x00, 0x00, 0x00, 0x00, 0x00, 0x00, 0x00, 0x00, 0x00, 0x00, 0x00, 0x00, 0x00, 0x00, 0x00, 0x00,
    0x00, 0x00, 0x00, 0x00, 0x00, 0x00, 0x00, 0x00, 0x00, 0x00, 0x00, 0x00, 0x00, 0x00, 0x00, 0x00, 0x00, 0x00, 0x00, 0x00,
    0x00, 0x00, 0x00, 0x00, 0x00, 0x00, 0x00, 0x00, 0x00, 0x00, 0x00, 0x00, 0x00, 0x00, 0x00, 0x00, 0x00, 0x00, 0x00, 0x00,
    0x00, 0x00, 0x00, 0x00, 0x00, 0x00, 0x00, 0x00, 0x00, 0x00, 0x00, 0x00, 0x00, 0x00, 0x00, 0x00, 0x00, 0x00, 0x00, 0x00,
    0x00, 0x00, 0x00, 0x00, 0x00, 0x00, 0x00, 0x00, 0x00, 0x00, 0x00, 0x00, 0x00, 0x00, 0x00, 0x00, 0x00, 0x00, 0x00, 0x00,
    0x00, 0x00, 0x00, 0x00, 0x00, 0x00, 0x00, 0x00, 0x00, 0x00, 0x00, 0x00, 0x00, 0x00, 0x00, 0x00, 0x00, 0x00, 0x00, 0x00,
    0x00, 0x00, 0x00, 0x00, 0x00, 0x00, 0x00, 0x00, 0x00, 0x00, 0x00, 0x00, 0x00, 0x00, 0x00, 0x00, 0x00, 0x00, 0x00, 0x00,
    0x00, 0x00, 0x00, 0x00, 0x00, 0x00, 0x00, 0x00, 0x00, 0x00, 0x00, 0x00, 0x00, 0x00, 0x00, 0x00, 0x00, 0x00, 0x00, 0x00,
    0x00, 0x00, 0x00, 0x00, 0x00, 0x00, 0x00, 0x00, 0x00, 0x00, 0x00, 0x00, 0x00, 0x00, 0x00, 0x00, 0x00, 0x00, 0x00, 0x00,
    0x00, 0x00, 0x00, 0x00, 0x00, 0x00, 0x00, 0x00, 0x00, 0x00, 0x00, 0x00, 0x00, 0x00, 0x00, 0x00, 0x00, 0x00, 0x00, 0x00,
    0x00, 0x00, 0x00, 0x00, 0x00, 0x00, 0x00, 0x00, 0x00, 0x00, 0x00, 0x00, 0x00, 0x00, 0x00, 0x00, 0x00, 0x00, 0x00, 0x00,
    0x00, 0x00, 0x00, 0x00, 0x00, 0x00, 0x00, 0x00, 0x00, 0x00, 0x00, 0x00, 0x00, 0x00, 0x00, 0x00, 0x00, 0x00, 0x00, 0x00,
    0x00, 0x00, 0x00, 0x00, 0x00, 0x00, 0x00, 0x00, 0x00, 0x00, 0x00, 0x00, 0x00, 0x00, 0x00, 0x00, 0x00, 0x00, 0x00, 0x00,
    0x00, 0x00, 0x00, 0x00, 0x00, 0x00, 0x00, 0x00, 0x00, 0x00, 0x00, 0x00, 0x00, 0x00, 0x00, 0x00, 0x00, 0x00, 0x00, 0x00,
    0x00, 0x00, 0x00, 0x00, 0x00, 0x00, 0x00, 0x00, 0x00, 0x00, 0x00, 0x00, 0x00, 0x00, 0x00, 0x00, 0x00, 0x00, 0x00, 0x00,
    0x00, 0x00, 0x00, 0x00, 0x00, 0x00, 0x00, 0x00, 0x00, 0x00, 0x00, 0x00, 0x00, 0x00, 0x00, 0x00, 0x00, 0x00, 0x00, 0x00,
    0x00, 0x00, 0x00, 0x00, 0x00, 0x00, 0x00, 0x00, 0x00, 0x00, 0x00, 0x00, 0x00, 0x00, 0x00, 0x00, 0x00, 0x00, 0x00, 0x00,
    0x00, 0x00, 0x00, 0x00, 0x00, 0x00, 0x00, 0x00, 0x00, 0x00, 0x00, 0x00, 0x00, 0x00, 0x00, 0x00, 0x00, 0x00, 0x00, 0x00,
    0x00, 0x00, 0x00, 0x00, 0x00, 0x00, 0x00, 0x00, 0x00, 0x00, 0x00, 0x00, 0x00, 0x00, 0x00, 0x00, 0x00, 0x00, 0x00, 0x00,
    0x00, 0x00, 0x00, 0x00, 0x00, 0x00, 0x00, 0x00, 0x00, 0x00, 0x00, 0x00, 0x00, 0x00, 0x00, 0x00, 0x00, 0x00, 0x00, 0x00,
    0x00, 0x00, 0x00, 0x00, 0x00, 0x00, 0x00, 0x00, 0x00, 0x00, 0x00, 0x00, 0x00, 0x00, 0x00, 0x00, 0x00, 0x00, 0x00, 0x00,
    0x00, 0x00, 0x00, 0x00, 0x00, 0x00, 0x00, 0x00, 0x00, 0x00, 0x00, 0x00, 0x00, 0x00, 0x00, 0x00, 0x00, 0x00, 0x00, 0x00,
    0x00, 0x00, 0x00, 0x00, 0x00, 0x00, 0x00, 0x00, 0x00, 0x00, 0x00, 0x00, 0x00, 0x00, 0x00, 0x00, 0x00, 0x00, 0x00, 0x00,
    0x00, 0x00, 0x00, 0x00, 0x00, 0x00, 0x00, 0x00, 0x00, 0x00, 0x00, 0x00, 0x00, 0x00, 0x00, 0x00, 0x00, 0x00, 0x00, 0x00,
    0x00, 0x00, 0x00, 0x00, 0x00, 0x00, 0x00, 0x00, 0x00, 0x00, 0x00, 0x00, 0x00, 0x00, 0x00, 0x00, 0x00, 0x00, 0x00, 0x00,
    0x00, 0x00, 0x00, 0x00, 0x00, 0x00, 0x00, 0x00, 0x00, 0x00, 0x00, 0x00, 0x00, 0x00, 0x00, 0x00, 0x00, 0x00, 0x00, 0x00,
    0x00, 0x00, 0x00, 0x00, 0x00, 0x00, 0x00, 0x00, 0x00, 0x00, 0x00, 0x00, 0x00, 0x00, 0x00, 0x00, 0x00, 0x00, 0x00, 0x00,
    0x00, 0x00, 0x00, 0x00, 0x00, 0x00, 0x00, 0x00, 0x00, 0x00, 0x00, 0x00, 0x00, 0x00, 0x00, 0x00, 0x00, 0x00, 0x00, 0x00,
    0x00, 0x00, 0x00, 0x00, 0x00, 0x00, 0x00, 0x00, 0x00, 0x00, 0x00, 0x00, 0x00, 0x00, 0x00, 0x00, 0x00, 0x00, 0x00, 0x00,
    0x00, 0x00, 0x00, 0x00, 0x00, 0x00, 0x00, 0x00, 0x00, 0x00, 0x00, 0x00, 0x00, 0x00, 0x00, 0x00, 0x00, 0x00, 0x00, 0x00,
    0x00, 0x00, 0x00, 0x00, 0x00, 0x00, 0x00, 0x00, 0x00, 0x00, 0x00, 0x00, 0x00, 0x00, 0x00, 0x00, 0x00, 0x00, 0x00, 0x00,
    0x00, 0x00, 0x00, 0x00, 0x00, 0x00, 0x00, 0x00, 0x00, 0x00, 0x00, 0x00, 0x00, 0x00, 0x00, 0x00, 0x00, 0x00, 0x00, 0x00,
    0x00, 0x00, 0x00, 0x00, 0x00, 0x00, 0x00, 0x00, 0x00, 0x00, 0x00, 0x00, 0x00, 0x00, 0x00, 0x00, 0x00, 0x00, 0x00, 0x00,
    0x00, 0x00, 0x00, 0x00, 0x00, 0x00, 0x00, 0x00, 0x00, 0x00, 0x00, 0x00, 0x00, 0x00, 0x00, 0x00, 0x00, 0x00, 0x00, 0x00,
    0x00, 0x00, 0x00, 0x00, 0x00, 0x00, 0x00, 0x00, 0x00, 0x00, 0x00, 0x00, 0x00, 0x00, 0x00, 0x00, 0x00, 0x00, 0x00, 0x00,
    0x00, 0x00, 0x00, 0x00, 0x00, 0x00, 0x00, 0x00, 0x00, 0x00, 0x00, 0x00, 0x00, 0x00, 0x00, 0x00, 0x00, 0x00, 0x00, 0x00,
    0x00, 0x00, 0x00, 0x00, 0x00, 0x00, 0x00, 0x00, 0x00, 0x00, 0x00, 0x00, 0x00, 0x00, 0x00, 0x00, 0x00, 0x00, 0x00, 0x00,
    0x00, 0x00, 0x00, 0x00, 0x00, 0x00, 0x00, 0x00, 0x00, 0x00, 0x00, 0x00, 0x00, 0x00, 0x00, 0x00, 0x00, 0x00, 0x00, 0x00,
    0x00, 0x00, 0x00, 0x00, 0x00, 0x00, 0x00, 0x00, 0x00, 0x00, 0x00, 0x00, 0x00, 0x00, 0x00, 0x00, 0x00, 0x00, 0x00, 0x00,
    0x00, 0x00, 0x00, 0x00, 0x00, 0x00, 0x00, 0x00, 0x00, 0x00, 0x00, 0x00, 0x00, 0x00, 0x00, 0x00, 0x00, 0x00, 0x00, 0x00,
    0x00, 0x00, 0x00, 0x00, 0x00, 0x00, 0x00, 0x00, 0x00, 0x00, 0x00, 0x00, 0x00, 0x00, 0x00, 0x00, 0x00, 0x00, 0x00, 0x00,
    0x00, 0x00, 0x00, 0x00, 0x00, 0x00, 0x00, 0x00, 0x00, 0x00, 0x00, 0x00, 0x00, 0x00, 0x00, 0x00, 0x00, 0x00, 0x00, 0x00,
    0x00, 0x00, 0x00, 0x00, 0x00, 0x00, 0x00, 0x00, 0x00, 0x00, 0x00, 0x00, 0x00, 0x00, 0x00, 0x00, 0x00, 0x00, 0x00, 0x00,
    0x00, 0x00, 0x00, 0x00, 0x00, 0x00, 0x00, 0x00, 0x00, 0x00, 0x00, 0x00, 0x00, 0x00, 0x00, 0x00, 0x00, 0x00, 0x00, 0x00,
    0x00, 0x00, 0x00, 0x00, 0x00, 0x00, 0x00, 0x00, 0x00, 0x00, 0x00, 0x00, 0x00, 0x00, 0x00, 0x00, 0x00, 0x00, 0x00, 0x00,
    0x00, 0x00, 0x00, 0x00, 0x00, 0x00, 0x00, 0x00, 0x00, 0x00, 0x00, 0x00, 0x00, 0x00, 0x00, 0x00, 0x00, 0x00, 0x00, 0x00,
    0x00, 0x00, 0x00, 0x00, 0x00, 0x00, 0x00, 0x00, 0x00, 0x00, 0x00, 0x00, 0x00, 0x00, 0x00, 0x00, 0x00, 0x00, 0x00, 0x00,
    0x00, 0x00, 0x00, 0x00, 0x00, 0x00, 0x00, 0x00, 0x00, 0x00, 0x00, 0x00, 0x00, 0x00, 0x00, 0x00, 0x00, 0x00, 0x00, 0x00,
    0x00, 0x00, 0x00, 0x00, 0x00, 0x00, 0x00, 0x00, 0x00, 0x00, 0x00, 0x00, 0x00, 0x00, 0x00, 0x00, 0x00, 0x00, 0x00, 0x00,
    0x00, 0x00, 0x00, 0x00, 0x00, 0x00, 0x00, 0x00, 0x00, 0x00, 0x00, 0x00, 0x00, 0x00, 0x00, 0x00, 0x00, 0x00, 0x00, 0x00,
    0x00, 0x00, 0x00, 0x00, 0x00, 0x00, 0x00, 0x00, 0x00, 0x00, 0x00, 0x00, 0x00, 0x00, 0x00, 0x00, 0x00, 0x00, 0x00, 0x00,
    0x00, 0x00, 0x00, 0x00, 0x00, 0x00, 0x00, 0x00, 0x00, 0x00, 0x00, 0x00, 0x00, 0x00, 0x00, 0x00, 0x00, 0x00, 0x00, 0x00,
    0x00, 0x00, 0x00, 0x00, 0x00, 0x00, 0x00, 0x00, 0x00, 0x00, 0x00, 0x00, 0x00, 0x00, 0x00, 0x00, 0x00, 0x00, 0x00, 0x00,
    0x00, 0x00, 0x00, 0x00, 0x00, 0x00, 0x00, 0x00, 0x00, 0x00, 0x00, 0x00, 0x00, 0x00, 0x00, 0x00, 0x00, 0x00, 0x00, 0x00,
    0x00, 0x00, 0x00, 0x00, 0x00, 0x00, 0x00, 0x00, 0x00, 0x00, 0x00, 0x00, 0x00, 0x00, 0x00, 0x00, 0x00, 0x00, 0x00, 0x00,
    0x00, 0x00, 0x00, 0x00, 0x00, 0x00, 0x00, 0x00, 0x00, 0x00, 0x00, 0x00, 0x00, 0x00, 0x00, 0x00, 0x00, 0x00, 0x00, 0x00,
    0x00, 0x00, 0x00, 0x00, 0x00, 0x00, 0x00, 0x00, 0x00, 0x00, 0x00, 0x00, 0x00, 0x00, 0x00, 0x00, 0x00, 0x00, 0x00, 0x00,
    0x00, 0x00, 0x00, 0x00, 0x00, 0x00, 0x00, 0x00, 0x00, 0x00, 0x00, 0x00, 0x00, 0x00, 0x00, 0x00, 0x00, 0x00, 0x00, 0x00,
    0x00, 0x00, 0x00, 0x00, 0x00, 0x00, 0x00, 0x00, 0x00, 0x00, 0x00, 0x00, 0x00, 0x00, 0x00, 0x00, 0x00, 0x00, 0x00, 0x00,
    0x00, 0x00, 0x00, 0x00, 0x00, 0x00, 0x00, 0x00, 0x00, 0x00, 0x00, 0x00, 0x00, 0x00, 0x00, 0x00, 0x00, 0x00, 0x00, 0x00,
    0x00, 0x00, 0x00, 0x00, 0x00, 0x00, 0x00, 0x00, 0x00, 0x00, 0x00, 0x00, 0x00, 0x00, 0x00, 0x00, 0x00, 0x00, 0x00, 0x00,
    0x00, 0x00, 0x00, 0x00, 0x00, 0x00, 0x00, 0x00, 0x00, 0x00, 0x00, 0x00, 0x00, 0x00, 0x00, 0x00, 0x00, 0x00, 0x00, 0x00,
    0x00, 0x00, 0x00, 0x00, 0x00, 0x00, 0x00, 0x00, 0x00, 0x00, 0x00, 0x00, 0x00, 0x00, 0x00, 0x00, 0x00, 0x00, 0x00, 0x00,
    0x00, 0x00, 0x00, 0x00, 0x00, 0x00, 0x00, 0x00, 0x00, 0x00, 0x00, 0x00, 0x00, 0x00, 0x00, 0x00, 0x00, 0x00, 0x00, 0x00,
    0x00, 0x00, 0x00, 0x00, 0x00, 0x00, 0x00, 0x00, 0x00, 0x00, 0x00, 0x00, 0x00, 0x00, 0x00, 0x00, 0x00, 0x00, 0x00, 0x00,
    0x00, 0x00, 0x00, 0x00, 0x00, 0x00, 0x00, 0x00, 0x00, 0x00, 0x00, 0x00, 0x00, 0x00, 0x00, 0x00, 0x00, 0x00, 0x00, 0x00,
    0x00, 0x00, 0x00, 0x00, 0x00, 0x00, 0x00, 0x00, 0x00, 0x00, 0x00, 0x00, 0x00, 0x00, 0x00, 0x00, 0x00, 0x00, 0x00, 0x00,
    0x00, 0x00, 0x00, 0x00, 0x00, 0x00, 0x00, 0x00, 0x00, 0x00, 0x00, 0x00, 0x00, 0x00, 0x00, 0x00, 0x00, 0x00, 0x00, 0x00,
    0x00, 0x00, 0x00, 0x00, 0x00, 0x00, 0x00, 0x00, 0x00, 0x00, 0x00, 0x00, 0x00, 0x00, 0x00, 0x00, 0x00, 0x00, 0x00, 0x00,
    0x00, 0x00, 0x00, 0x00, 0x00, 0x00, 0x00, 0x00, 0x00, 0x00, 0x00, 0x00, 0x00, 0x00, 0x00, 0x00, 0x00, 0x00, 0x00, 0x00,
    0x00, 0x00, 0x00, 0x00, 0x00, 0x00, 0x00, 0x00, 0x00, 0x00, 0x00, 0x00, 0x00, 0x00, 0x00, 0x00, 0x00, 0x00, 0x00, 0x00,
    0x00, 0x00, 0x00, 0x00, 0x00, 0x00, 0x00, 0x00, 0x00, 0x00, 0x00, 0x00, 0x00, 0x00, 0x00, 0x00, 0x00, 0x00, 0x00, 0x00,
    0x00, 0x00, 0x00, 0x00, 0x00, 0x00, 0x00, 0x00, 0x00, 0x00, 0x00, 0x00, 0x00, 0x00, 0x00, 0x00, 0x00, 0x00, 0x00, 0x00,
    0x00, 0x00, 0x00, 0x00, 0x00, 0x00, 0x00, 0x00, 0x00, 0x00, 0x00, 0x00, 0x00, 0x00, 0x00, 0x00, 0x00, 0x00, 0x00, 0x00,
    0x00, 0x00, 0x00, 0x00, 0x00, 0x00, 0x00, 0x00, 0x00, 0x00, 0x00, 0x00, 0x00, 0x00, 0x00, 0x00, 0x00, 0x00, 0x00, 0x00,
    0x00, 0x00, 0x00, 0x00, 0x00, 0x00, 0x00, 0x00, 0x00, 0x00, 0x00, 0x00, 0x00, 0x00, 0x00, 0x00, 0x00, 0x00, 0x00, 0x00,
    0x00, 0x00, 0x00, 0x00, 0x00, 0x00, 0x00, 0x00, 0x00, 0x00, 0x00, 0x00, 0x00, 0x00, 0x00, 0x00, 0x00, 0x00, 0x00, 0x00,
    0x00, 0x00, 0x00, 0x00, 0x00, 0x00, 0x00, 0x00, 0x00, 0x00, 0x00, 0x00, 0x00, 0x00, 0x00, 0x00, 0x00, 0x00, 0x00, 0x00,
    0x00, 0x00, 0x00, 0x00, 0x00, 0x00, 0x00, 0x00, 0x00, 0x00, 0x00, 0x00, 0x00, 0x00, 0x00, 0x00, 0x00, 0x00, 0x00, 0x00,
    0x00, 0x00, 0x00, 0x00, 0x00, 0x00, 0x00, 0x00, 0x00, 0x00, 0x00, 0x00, 0x00, 0x00, 0x00, 0x00, 0x00, 0x00, 0x00, 0x00,
    0x00, 0x00, 0x00, 0x00, 0x00, 0x00, 0x00, 0x00, 0x00, 0x00, 0x00, 0x00, 0x00, 0x00, 0x00, 0x00, 0x00, 0x00, 0x00, 0x00,
    0x00, 0x00, 0x00, 0x00, 0x00, 0x00, 0x00, 0x00, 0x00, 0x00, 0x00, 0x00, 0x00, 0x00, 0x00, 0x00, 0x00, 0x00, 0x00, 0x00,
    0x00, 0x00, 0x00, 0x00, 0x00, 0x00, 0x00, 0x00, 0x00, 0x00, 0x00, 0x00, 0x00, 0x00, 0x00, 0x00, 0x00, 0x00, 0x00, 0x00,
    0x00, 0x00, 0x00, 0x00, 0x00, 0x00, 0x00, 0x00, 0x00, 0x00, 0x00, 0x00, 0x00, 0x00, 0x00, 0x00, 0x00, 0x00, 0x00, 0x00,
    0x00, 0x00, 0x00, 0x00, 0x00, 0x00, 0x00, 0x00, 0x00, 0x00, 0x00, 0x00, 0x00, 0x00, 0x00, 0x00, 0x00, 0x00, 0x00, 0x00,
    0x00, 0x00, 0x00, 0x00, 0x00, 0x00, 0x00, 0x00, 0x00, 0x00, 0x00, 0x00, 0x00, 0x00, 0x00, 0x00, 0x00, 0x00, 0x00, 0x00,
    0x00, 0x00, 0x00, 0x00, 0x00, 0x00, 0x00, 0x00, 0x00, 0x00, 0x00, 0x00, 0x00, 0x00, 0x00, 0x00, 0x00, 0x00, 0x00, 0x00,
    0x00, 0x00, 0x00, 0x00, 0x00, 0x00, 0x00, 0x00, 0x00, 0x00, 0x00, 0x00, 0x00, 0x00, 0x00, 0x00, 0x00, 0x00, 0x00, 0x00,
    0x00, 0x00, 0x00, 0x00, 0x00, 0x00, 0x00, 0x00, 0x00, 0x00, 0x00, 0x00, 0x00, 0x00, 0x00, 0x00, 0x00, 0x00, 0x00, 0x00,
    0x00, 0x00, 0x00, 0x00, 0x00, 0x00, 0x00, 0x00, 0x00, 0x00, 0x00, 0x00, 0x00, 0x00, 0x00, 0x00, 0x00, 0x00, 0x00, 0x00,
    0x00, 0x00, 0x00, 0x00, 0x00, 0x00, 0x00, 0x00, 0x00, 0x00, 0x00, 0x00, 0x00, 0x00, 0x00, 0x00, 0x00, 0x00, 0x00, 0x00,
    0x00, 0x00, 0x00, 0x00, 0x00, 0x00, 0x00, 0x00, 0x00, 0x00, 0x00, 0x00, 0x00, 0x00, 0x00, 0x00, 0x00, 0x00, 0x00, 0x00,
    0x00, 0x00, 0x00, 0x00, 0x00, 0x00, 0x00, 0x00, 0x00, 0x00, 0x00, 0x00, 0x00, 0x00, 0x00, 0x00, 0x00, 0x00, 0x00, 0x00,
    0x00, 0x00, 0x00, 0x00, 0x00, 0x00, 0x00, 0x00, 0x00, 0x00, 0x00, 0x00, 0x00, 0x00, 0x00, 0x00, 0x00, 0x00, 0x00, 0x00,
    0x00, 0x00, 0x00, 0x00, 0x00, 0x00, 0x00, 0x00, 0x00, 0x00, 0x00, 0x00, 0x00, 0x00, 0x00, 0x00, 0x00, 0x00, 0x00, 0x00,
    0x00, 0x00, 0x00, 0x00, 0x00, 0x00, 0x00, 0x00, 0x00, 0x00, 0x00, 0x00, 0x00, 0x00, 0x00, 0x00, 0x00, 0x00, 0x00, 0x00,
    0x00, 0x00, 0x00, 0x00, 0x00, 0x00, 0x00, 0x00, 0x00, 0x00, 0x00, 0x00, 0x00, 0x00, 0x00, 0x00, 0x00, 0x00, 0x00, 0x00,
    0x00, 0x00, 0x00, 0x00, 0x00, 0x00, 0x00, 0x00, 0x00, 0x00, 0x00, 0x00, 0x00, 0x00, 0x00, 0x00, 0x00, 0x00, 0x00, 0x00,
    0x00, 0x00, 0x00, 0x00, 0x00, 0x00, 0x00, 0x00, 0x00, 0x00, 0x00, 0x00, 0x00, 0x00, 0x00, 0x00, 0x00, 0x00, 0x00, 0x00,
    0x00, 0x00, 0x00, 0x00, 0x00, 0x00, 0x00, 0x00, 0x00, 0x00, 0x00, 0x00, 0x00, 0x00, 0x00, 0x00, 0x00, 0x00, 0x00, 0x00,
    0x00, 0x00, 0x00, 0x00, 0x00, 0x00, 0x00, 0x00, 0x00, 0x00, 0x00, 0x00, 0x00, 0x00, 0x00, 0x00, 0x00, 0x00, 0x00, 0x00,
    0x00, 0x00, 0x00, 0x00, 0x00, 0x00, 0x00, 0x00, 0x00, 0x00, 0x00, 0x00, 0x00, 0x00, 0x00, 0x00, 0x00, 0x00, 0x00, 0x00,
    0x00, 0x00, 0x00, 0x00, 0x00, 0x00, 0x00, 0x00, 0x00, 0x00, 0x00, 0x00, 0x00, 0x00, 0x00, 0x00, 0x00, 0x00, 0x00, 0x00,
    0x00, 0x00, 0x00, 0x00, 0x00, 0x00, 0x00, 0x00, 0x00, 0x00, 0x00, 0x00, 0x00, 0x00, 0x00, 0x00, 0x00, 0x00, 0x00, 0x00,
    0x00, 0x00, 0x00, 0x00, 0x00, 0x00, 0x00, 0x00, 0x00, 0x00, 0x00, 0x00, 0x00, 0x00, 0x00, 0x00, 0x00, 0x00, 0x00, 0x00,
    0x00, 0x00, 0x00, 0x00, 0x00, 0x00, 0x00, 0x00, 0x00, 0x00, 0x00, 0x00, 0x00, 0x00, 0x00, 0x00, 0x00, 0x00, 0x00, 0x00,
    0x00, 0x00, 0x00, 0x00, 0x00, 0x00, 0x00, 0x00, 0x00, 0x00, 0x00, 0x00, 0x00, 0x00, 0x00, 0x00, 0x00, 0x00, 0x00, 0x00,
    0x00, 0x00, 0x00, 0x00, 0x00, 0x00, 0x00, 0x00, 0x00, 0x00, 0x00, 0x00, 0x00, 0x00, 0x00, 0x00, 0x00, 0x00, 0x00, 0x00,
    0x00, 0x00, 0x00, 0x00, 0x00, 0x00, 0x00, 0x00, 0x00, 0x00, 0x00, 0x00, 0x00, 0x00, 0x00, 0x00, 0x00, 0x00, 0x00, 0x00,
    0x00, 0x00, 0x00, 0x00, 0x00, 0x00, 0x00, 0x00, 0x00, 0x00, 0x00, 0x00, 0x00, 0x00, 0x00, 0x00, 0x00, 0x00, 0x00, 0x00,
    0x00, 0x00, 0x00, 0x00, 0x00, 0x00, 0x00, 0x00, 0x00, 0x00, 0x00, 0x00, 0x00, 0x00, 0x00, 0x00, 0x00, 0x00, 0x00, 0x00,
    0x00, 0x00, 0x00, 0x00, 0x00, 0x00, 0x00, 0x00, 0x00, 0x00, 0x00, 0x00, 0x00, 0x00, 0x00, 0x00, 0x00, 0x00, 0x00, 0x00,
    0x00, 0x00, 0x00, 0x00, 0x00, 0x00, 0x00, 0x00, 0x00, 0x00, 0x00, 0x00, 0x00, 0x00, 0x00, 0x00, 0x00, 0x00, 0x00, 0x00,
    0x00, 0x00, 0x00, 0x00, 0x00, 0x00, 0x00, 0x00, 0x00, 0x00, 0x00, 0x00, 0x00, 0x00, 0x00, 0x00, 0x00, 0x00, 0x00, 0x00,
    0x00, 0x00, 0x00, 0x00, 0x00, 0x00, 0x00, 0x00, 0x00, 0x00, 0x00, 0x00, 0x00, 0x00, 0x00, 0x00, 0x00, 0x00, 0x00, 0x00,
    0x00, 0x00, 0x00, 0x00, 0x00, 0x00, 0x00, 0x00, 0x00, 0x00, 0x00, 0x00, 0x00, 0x00, 0x00, 0x00, 0x00, 0x00, 0x00, 0x00,
    0x00, 0x00, 0x00, 0x00, 0x00, 0x00, 0x00, 0x00, 0x00, 0x00, 0x00, 0x00, 0x00, 0x00, 0x00, 0x00, 0x00, 0x00, 0x00, 0x00,
    0x00, 0x00, 0x00, 0x00, 0x00, 0x00, 0x00, 0x00, 0x00, 0x00, 0x00, 0x00, 0x00, 0x00, 0x00, 0x00, 0x00, 0x00, 0x00, 0x00,
    0x00, 0x00, 0x00, 0x00, 0x00, 0x00, 0x00, 0x00, 0x00, 0x00, 0x00, 0x00, 0x00, 0x00, 0x00, 0x00, 0x00, 0x00, 0x00, 0x00,
    0x00, 0x00, 0x00, 0x00, 0x00, 0x00, 0x00, 0x00, 0x00, 0x00, 0x00, 0x00, 0x00, 0x00, 0x00, 0x00, 0x00, 0x00, 0x00, 0x00,
    0x00, 0x00, 0x00, 0x00, 0x00, 0x00, 0x00, 0x00, 0x00, 0x00, 0x00, 0x00, 0x00, 0x00, 0x00, 0x00, 0x00, 0x00, 0x00, 0x00,
    0x00, 0x00, 0x00, 0x00, 0x00, 0x00, 0x00, 0x00, 0x00, 0x00, 0x00, 0x00, 0x00, 0x00, 0x00, 0x00, 0x00, 0x00, 0x00, 0x00,
    0x00, 0x00, 0x00, 0x00, 0x00, 0x00, 0x00, 0x00, 0x00, 0x00, 0x00, 0x00, 0x00, 0x00, 0x00, 0x00, 0x00, 0x00, 0x00, 0x00,
    0x00, 0x00, 0x00, 0x00, 0x00, 0x00, 0x00, 0x00, 0x00, 0x00, 0x00, 0x00, 0x00, 0x00, 0x00, 0x00, 0x00, 0x00, 0x00, 0x00,
    0x00, 0x00, 0x00, 0x00, 0x00, 0x00, 0x00, 0x00, 0x00, 0x00, 0x00, 0x00, 0x00, 0x00, 0x00, 0x00, 0x00, 0x00, 0x00, 0x00,
    0x00, 0x00, 0x00, 0x00, 0x00, 0x00, 0x00, 0x00, 0x00, 0x00, 0x00, 0x00, 0x00, 0x00, 0x00, 0x00, 0x00, 0x00, 0x00, 0x00,
    0x00, 0x00, 0x00, 0x00, 0x00, 0x00, 0x00, 0x00, 0x00, 0x00, 0x00, 0x00, 0x00, 0x00, 0x00, 0x00, 0x00, 0x00, 0x00, 0x00,
    0x00, 0x00, 0x00, 0x00, 0x00, 0x00, 0x00, 0x00, 0x00, 0x00, 0x00, 0x00, 0x00, 0x00, 0x00, 0x00, 0x00, 0x00, 0x00, 0x00,
    0x00, 0x00, 0x00, 0x00, 0x00, 0x00, 0x00, 0x00, 0x00, 0x00, 0x00, 0x00, 0x00, 0x00, 0x00, 0x00, 0x00, 0x00, 0x00, 0x00,
    0x00, 0x00, 0x00, 0x00, 0x00, 0x00, 0x00, 0x00, 0x00, 0x00, 0x00, 0x00, 0x00, 0x00, 0x00, 0x00, 0x00, 0x00, 0x00, 0x00,
    0x00, 0x00, 0x00, 0x00, 0x00, 0x00, 0x00, 0x00, 0x00, 0x00, 0x00, 0x00, 0x00, 0x00, 0x00, 0x00, 0x00, 0x00, 0x00, 0x00,
    0x00, 0x00, 0x00, 0x00, 0x00, 0x00, 0x00, 0x00, 0x00, 0x00, 0x00, 0x00, 0x00, 0x00, 0x00, 0x00, 0x00, 0x00, 0x00, 0x00,
    0x00, 0x00, 0x00, 0x00, 0x00, 0x00, 0x00, 0x00, 0x00, 0x00, 0x00, 0x00, 0x00, 0x00, 0x00, 0x00, 0x00, 0x00, 0x00, 0x00,
    0x00, 0x00, 0x00, 0x00, 0x00, 0x00, 0x00, 0x00, 0x00, 0x00, 0x00, 0x00, 0x00, 0x00, 0x00, 0x00, 0x00, 0x00, 0x00, 0x00,
    0x00, 0x00, 0x00, 0x00, 0x00, 0x00, 0x00, 0x00, 0x00, 0x00, 0x00, 0x00, 0x00, 0x00, 0x00, 0x00, 0x00, 0x00, 0x00, 0x00,
    0x00, 0x00, 0x00, 0x00, 0x00, 0x00, 0x00, 0x00, 0x00, 0x00, 0x00, 0x00, 0x00, 0x00, 0x00, 0x00, 0x00, 0x00, 0x00, 0x00,
    0x00, 0x00, 0x00, 0x00, 0x00, 0x00, 0x00, 0x00, 0x00, 0x00, 0x00, 0x00, 0x00, 0x00, 0x00, 0x00, 0x00, 0x00, 0x00, 0x00,
    0x00, 0x00, 0x00, 0x00, 0x00, 0x00, 0x00, 0x00, 0x00, 0x00, 0x00, 0x00, 0x00, 0x00, 0x00, 0x00, 0x00, 0x00, 0x00, 0x00,
    0x00, 0x00, 0x00, 0x00, 0x00, 0x00, 0x00, 0x00, 0x00, 0x00, 0x00, 0x00, 0x00, 0x00, 0x00, 0x00, 0x00, 0x00, 0x00, 0x00,
    0x00, 0x00, 0x00, 0x00, 0x00, 0x00, 0x00, 0x00, 0x00, 0x00, 0x00, 0x00, 0x00, 0x00, 0x00, 0x00, 0x00, 0x00, 0x00, 0x00,
    0x00, 0x00, 0x00, 0x00, 0x00, 0x00, 0x00, 0x00, 0x00, 0x00, 0x00, 0x00, 0x00, 0x00, 0x00, 0x00, 0x00, 0x00, 0x00, 0x00,
    0x00, 0x00, 0x00, 0x00, 0x00, 0x00, 0x00, 0x00, 0x00, 0x00, 0x00, 0x00, 0x00, 0x00, 0x00, 0x00, 0x00, 0x00, 0x00, 0x00,
    0x00, 0x00, 0x00, 0x00, 0x00, 0x00, 0x00, 0x00, 0x00, 0x00, 0x00, 0x00, 0x00, 0x00, 0x00, 0x00, 0x00, 0x00, 0x00, 0x00,
    0x00, 0x00, 0x00, 0x00, 0x00, 0x00, 0x00, 0x00, 0x00, 0x00, 0x00, 0x00, 0x00, 0x00, 0x00, 0x00, 0x00, 0x00, 0x00, 0x00,
    0x00, 0x00, 0x00, 0x00, 0x00, 0x00, 0x00, 0x00, 0x00, 0x00, 0x00, 0x00, 0x00, 0x00, 0x00, 0x00, 0x00, 0x00, 0x00, 0x00,
    0x00, 0x00, 0x00, 0x00, 0x00, 0x00, 0x00, 0x00, 0x00, 0x00, 0x00, 0x00, 0x00, 0x00, 0x00, 0x00, 0x00, 0x00, 0x00, 0x00,
    0x00, 0x00, 0x00, 0x00, 0x00, 0x00, 0x00, 0x00, 0x00, 0x00, 0x00, 0x00, 0x00, 0x00, 0x00, 0x00, 0x00, 0x00, 0x00, 0x00,
    0x00, 0x00, 0x00, 0x00, 0x00, 0x00, 0x00, 0x00, 0x00, 0x00, 0x00, 0x00, 0x00, 0x00, 0x00, 0x00, 0x00, 0x00, 0x00, 0x00,
    0x00, 0x00, 0x00, 0x00, 0x00, 0x00, 0x00, 0x00, 0x00, 0x00, 0x00, 0x00, 0x00, 0x00, 0x00, 0x00, 0x00, 0x00, 0x00, 0x00,
    0x00, 0x00, 0x00, 0x00, 0x00, 0x00, 0x00, 0x00, 0x00, 0x00, 0x00, 0x00, 0x00, 0x00, 0x00, 0x00, 0x00, 0x00, 0x00, 0x00,
    0x00, 0x00, 0x00, 0x00, 0x00, 0x00, 0x00, 0x00, 0x00, 0x00, 0x00, 0x00, 0x00, 0x00, 0x00, 0x00, 0x00, 0x00, 0x00, 0x00,
    0x00, 0x00, 0x00, 0x00, 0x00, 0x00, 0x00, 0x00, 0x00, 0x00, 0x00, 0x00, 0x00, 0x00, 0x00, 0x00, 0x00, 0x00, 0x00, 0x00,
    0x00, 0x00, 0x00, 0x00, 0x00, 0x00, 0x00, 0x00, 0x00, 0x00, 0x00, 0x00, 0x00, 0x00, 0x00, 0x00, 0x00, 0x00, 0x00, 0x00,
    0x00, 0x00, 0x00, 0x00, 0x00, 0x00, 0x00, 0x00, 0x00, 0x00, 0x00, 0x00, 0x00, 0x00, 0x00, 0x00, 0x00, 0x00, 0x00, 0x00,
    0x00, 0x00, 0x00, 0x00, 0x00, 0x00, 0x00, 0x00, 0x00, 0x00, 0x00, 0x00, 0x00, 0x00, 0x00, 0x00, 0x00, 0x00, 0x00, 0x00,
    0x00, 0x00, 0x00, 0x00, 0x00, 0x00, 0x00, 0x00, 0x00, 0x00, 0x00, 0x00, 0x00, 0x00, 0x00, 0x00, 0x00, 0x00, 0x00, 0x00,
    0x00, 0x00, 0x00, 0x00, 0x00, 0x00, 0x00, 0x00, 0x00, 0x00, 0x00, 0x00, 0x00, 0x00, 0x00, 0x00, 0x00, 0x00, 0x00, 0x00,
    0x00, 0x00, 0x00, 0x00, 0x00, 0x00, 0x00, 0x00, 0x00, 0x00, 0x00, 0x00, 0x00, 0x00, 0x00, 0x00, 0x00, 0x00, 0x00, 0x00,
    0x00, 0x00, 0x00, 0x00, 0x00, 0x00, 0x00, 0x00, 0x00, 0x00, 0x00, 0x00, 0x00, 0x00, 0x00, 0x00, 0x00, 0x00, 0x00, 0x00,
    0x00, 0x00, 0x00, 0x00, 0x00, 0x00, 0x00, 0x00, 0x00, 0x00, 0x00, 0x00, 0x00, 0x00, 0x00, 0x00, 0x00, 0x00, 0x00, 0x00,
    0x00, 0x00, 0x00, 0x00, 0x00, 0x00, 0x00, 0x00, 0x00, 0x00, 0x00, 0x00, 0x00, 0x00, 0x00, 0x00, 0x00, 0x00, 0x00, 0x00,
    0x00, 0x00, 0x00, 0x00, 0x00, 0x00, 0x00, 0x00, 0x00, 0x00, 0x00, 0x00, 0x00, 0x00, 0x00, 0x00, 0x00, 0x00, 0x00, 0x00,
    0x00, 0x00, 0x00, 0x00, 0x00, 0x00, 0x00, 0x00, 0x00, 0x00, 0x00, 0x00, 0x00, 0x00, 0x00, 0x00, 0x00, 0x00, 0x00, 0x00,
    0x00, 0x00, 0x00, 0x00, 0x00, 0x00, 0x00, 0x00, 0x00, 0x00, 0x00, 0x00, 0x00, 0x00, 0x00, 0x00, 0x00, 0x00, 0x00, 0x00,
    0x00, 0x00, 0x00, 0x00, 0x00, 0x00, 0x00, 0x00, 0x00, 0x00, 0x00, 0x00, 0x00, 0x00, 0x00, 0x00, 0x00, 0x00, 0x00, 0x00,
    0x00, 0x00, 0x00, 0x00, 0x00, 0x00, 0x00, 0x00, 0x00, 0x00, 0x00, 0x00, 0x00, 0x00, 0x00, 0x00, 0x00, 0x00, 0x00, 0x00,
    0x00, 0x00, 0x00, 0x00, 0x00, 0x00, 0x00, 0x00, 0x00, 0x00, 0x00, 0x00, 0x00, 0x00, 0x00, 0x00, 0x00, 0x00, 0x00, 0x00,
    0x00, 0x00, 0x00, 0x00, 0x00, 0x00, 0x00, 0x00, 0x00, 0x00, 0x00, 0x00, 0x00, 0x00, 0x00, 0x00, 0x00, 0x00, 0x00, 0x00,
    0x00, 0x00, 0x00, 0x00, 0x00, 0x00, 0x00, 0x00, 0x00, 0x00, 0x00, 0x00, 0x00, 0x00, 0x00, 0x00, 0x00, 0x00, 0x00, 0x00,
    0x00, 0x00, 0x00, 0x00, 0x00, 0x00, 0x00, 0x00, 0x00, 0x00, 0x00, 0x00, 0x00, 0x00, 0x00, 0x00, 0x00, 0x00, 0x00, 0x00,
    0x00, 0x00, 0x00, 0x00, 0x00, 0x00, 0x00, 0x00, 0x00, 0x00, 0x00, 0x00, 0x00, 0x00, 0x00, 0x00, 0x00, 0x00, 0x00, 0x00,
    0x00, 0x00, 0x00, 0x00, 0x00, 0x00, 0x00, 0x00, 0x00, 0x00, 0x00, 0x00, 0x00, 0x00, 0x00, 0x00, 0x00, 0x00, 0x00, 0x00,
    0x00, 0x00, 0x00, 0x00, 0x00, 0x00, 0x00, 0x00, 0x00, 0x00, 0x00, 0x00, 0x00, 0x00, 0x00, 0x00, 0x00, 0x00, 0x00, 0x00,
    0x00, 0x00, 0x00, 0x00, 0x00, 0x00, 0x00, 0x00, 0x00, 0x00, 0x00, 0x00, 0x00, 0x00, 0x00, 0x00, 0x00, 0x00, 0x00, 0x00,
    0x00, 0x00, 0x00, 0x00, 0x00, 0x00, 0x00, 0x00, 0x00, 0x00, 0x00, 0x00, 0x00, 0x00, 0x00, 0x00, 0x00, 0x00, 0x00, 0x00,
    0x00, 0x00, 0x00, 0x00, 0x00, 0x00, 0x00, 0x00, 0x00, 0x00, 0x00, 0x00, 0x00, 0x00, 0x00, 0x00, 0x00, 0x00, 0x00, 0x00,
    0x00, 0x00, 0x00, 0x00, 0x00, 0x00, 0x00, 0x00, 0x00, 0x00, 0x00, 0x00, 0x00, 0x00, 0x00, 0x00, 0x00, 0x00, 0x00, 0x00,
    0x00, 0x00, 0x00, 0x00, 0x00, 0x00, 0x00, 0x00, 0x00, 0x00, 0x00, 0x00, 0x00, 0x00, 0x00, 0x00, 0x00, 0x00, 0x00, 0x00,
    0x00, 0x00, 0x00, 0x00, 0x00, 0x00, 0x00, 0x00, 0x00, 0x00, 0x00, 0x00, 0x00, 0x00, 0x00, 0x00, 0x00, 0x00, 0x00, 0x00,
    0x00, 0x00, 0x00, 0x00, 0x00, 0x00, 0x00, 0x00, 0x00, 0x00, 0x00, 0x00, 0x00, 0x00, 0x00, 0x00, 0x00, 0x00, 0x00, 0x00,
    0x00, 0x00, 0x00, 0x00, 0x00, 0x00, 0x00, 0x00, 0x00, 0x00, 0x00, 0x00, 0x00, 0x00, 0x00, 0x00, 0x00, 0x00, 0x00, 0x00,
    0x00, 0x00, 0x00, 0x00, 0x00, 0x00, 0x00, 0x00, 0x00, 0x00, 0x00, 0x00, 0x00, 0x00, 0x00, 0x00, 0x00, 0x00, 0x00, 0x00,
    0x00, 0x00, 0x00, 0x00, 0x00, 0x00, 0x00, 0x00, 0x00, 0x00, 0x00, 0x00, 0x00, 0x00, 0x00, 0x00, 0x00, 0x00, 0x00, 0x00,
    0x00, 0x00, 0x00, 0x00, 0x00, 0x00, 0x00, 0x00, 0x00, 0x00, 0x00, 0x00, 0x00, 0x00, 0x00, 0x00, 0x00, 0x00, 0x00, 0x00,
    0x00, 0x00, 0x00, 0x00, 0x00, 0x00, 0x00, 0x00, 0x00, 0x00, 0x00, 0x00, 0x00, 0x00, 0x00, 0x00, 0x00, 0x00, 0x00, 0x00,
    0x00, 0x00, 0x00, 0x00, 0x00, 0x00, 0x00, 0x00, 0x00, 0x00, 0x00, 0x00, 0x00, 0x00, 0x00, 0x00, 0x00, 0x00, 0x00, 0x00,
    0x00, 0x00, 0x00, 0x00, 0x00, 0x00, 0x00, 0x00, 0x00, 0x00, 0x00, 0x00, 0x00, 0x00, 0x00, 0x00, 0x00, 0x00, 0x00, 0x00,
    0x00, 0x00, 0x00, 0x00, 0x00, 0x00, 0x00, 0x00, 0x00, 0x00, 0x00, 0x00, 0x00, 0x00, 0x00, 0x00, 0x00, 0x00, 0x00, 0x00,
    0x00, 0x00, 0x00, 0x00, 0x00, 0x00, 0x00, 0x00, 0x00, 0x00, 0x00, 0x00, 0x00, 0x00, 0x00, 0x00, 0x00, 0x00, 0x00, 0x00,
    0x00, 0x00, 0x00, 0x00, 0x00, 0x00, 0x00, 0x00, 0x00, 0x00, 0x00, 0x00, 0x00, 0x00, 0x00, 0x00, 0x00, 0x00, 0x00, 0x00,
    0x00, 0x00, 0x00, 0x00, 0x00, 0x00, 0x00, 0x00, 0x00, 0x00, 0x00, 0x00, 0x00, 0x00, 0x00, 0x00, 0x00, 0x00, 0x00, 0x00,
    0x00, 0x00, 0x00, 0x00, 0x00, 0x00, 0x00, 0x00, 0x00, 0x00, 0x00, 0x00, 0x00, 0x00, 0x00, 0x00, 0x00, 0x00, 0x00, 0x00,
    0x00, 0x00, 0x00, 0x00, 0x00, 0x00, 0x00, 0x00, 0x00, 0x00, 0x00, 0x00, 0x00, 0x00, 0x00, 0x00, 0x00, 0x00, 0x00, 0x00,
    0x00, 0x00, 0x00, 0x00, 0x00, 0x00, 0x00, 0x00, 0x00, 0x00, 0x00, 0x00, 0x00, 0x00, 0x00, 0x00, 0x00, 0x00, 0x00, 0x00,
    0x00, 0x00, 0x00, 0x00, 0x00, 0x00, 0x00, 0x00, 0x00, 0x00, 0x00, 0x00, 0x00, 0x00, 0x00, 0x00, 0x00, 0x00, 0x00, 0x00,
    0x00, 0x00, 0x00, 0x00, 0x00, 0x00, 0x00, 0x00, 0x00, 0x00, 0x00, 0x00, 0x00, 0x00, 0x00, 0x00, 0x00, 0x00, 0x00, 0x00,
    0x00, 0x00, 0x00, 0x00, 0x00, 0x00, 0x00, 0x00, 0x00, 0x00, 0x00, 0x00, 0x00, 0x00, 0x00, 0x00, 0x00, 0x00, 0x00, 0x00,
    0x00, 0x00, 0x00, 0x00, 0x00, 0x00, 0x00, 0x00, 0x00, 0x00, 0x00, 0x00, 0x00, 0x00, 0x00, 0x00, 0x00, 0x00, 0x00, 0x00,
    0x00, 0x00, 0x00, 0x00, 0x00, 0x00, 0x00, 0x00, 0x00, 0x00, 0x00, 0x00, 0x00, 0x00, 0x00, 0x00, 0x00, 0x00, 0x00, 0x00,
    0x00, 0x00, 0x00, 0x00, 0x00, 0x00, 0x00, 0x00, 0x00, 0x00, 0x00, 0x00, 0x00, 0x00, 0x00, 0x00, 0x00, 0x00, 0x00, 0x00,
    0x00, 0x00, 0x00, 0x00, 0x00, 0x00, 0x00, 0x00, 0x00, 0x00, 0x00, 0x00, 0x00, 0x00, 0x00, 0x00, 0x00, 0x00, 0x00, 0x00,
    0x00, 0x00, 0x00, 0x00, 0x00, 0x00, 0x00, 0x00, 0x00, 0x00, 0x00, 0x00, 0x00, 0x00, 0x00, 0x00, 0x00, 0x00, 0x00, 0x00,
    0x00, 0x00, 0x00, 0x00, 0x00, 0x00, 0x00, 0x00, 0x00, 0x00, 0x00, 0x00, 0x00, 0x00, 0x00, 0x00, 0x00, 0x00, 0x00, 0x00,
    0x00, 0x00, 0x00, 0x00, 0x00, 0x00, 0x00, 0x00, 0x00, 0x00, 0x00, 0x00, 0x00, 0x00, 0x00, 0x00, 0x00, 0x00, 0x00, 0x00,
    0x00, 0x00, 0x00, 0x00, 0x00, 0x00, 0x00, 0x00, 0x00, 0x00, 0x00, 0x00, 0x00, 0x00, 0x00, 0x00, 0x00, 0x00, 0x00, 0x00,
    0x00, 0x00, 0x00, 0x00, 0x00, 0x00, 0x00, 0x00, 0x00, 0x00, 0x00, 0x00, 0x00, 0x00, 0x00, 0x00, 0x00, 0x00, 0x00, 0x00,
    0x00, 0x00, 0x00, 0x00, 0x00, 0x00, 0x00, 0x00, 0x00, 0x00, 0x00, 0x00, 0x00, 0x00, 0x00, 0x00, 0x00, 0x00, 0x00, 0x00,
    0x00, 0x00, 0x00, 0x00, 0x00, 0x00, 0x00, 0x00, 0x00, 0x00, 0x00, 0x00, 0x00, 0x00, 0x00, 0x00, 0x00, 0x00, 0x00, 0x00,
    0x00, 0x00, 0x00, 0x00, 0x00, 0x00, 0x00, 0x00, 0x00, 0x00, 0x00, 0x00, 0x00, 0x00, 0x00, 0x00, 0x00, 0x00, 0x00, 0x00,
    0x00, 0x00, 0x00, 0x00, 0x00, 0x00, 0x00, 0x00, 0x00, 0x00, 0x00, 0x00, 0x00, 0x00, 0x00, 0x00, 0x00, 0x00, 0x00, 0x00,
    0x00, 0x00, 0x00, 0x00, 0x00, 0x00, 0x00, 0x00, 0x00, 0x00, 0x00, 0x00, 0x00, 0x00, 0x00, 0x00, 0x00, 0x00, 0x00, 0x00,
    0x00, 0x00, 0x00, 0x00, 0x00, 0x00, 0x00, 0x00, 0x00, 0x00, 0x00, 0x00, 0x00, 0x00, 0x00, 0x00, 0x00, 0x00, 0x00, 0x00,
    0x00, 0x00, 0x00, 0x00, 0x00, 0x00, 0x00, 0x00, 0x00, 0x00, 0x00, 0x00, 0x00, 0x00, 0x00, 0x00, 0x00, 0x00, 0x00, 0x00,
    0x00, 0x00, 0x00, 0x00, 0x00, 0x00, 0x00, 0x00, 0x00, 0x00, 0x00, 0x00, 0x00, 0x00, 0x00, 0x00, 0x00, 0x00, 0x00, 0x00,
    0x00, 0x00, 0x00, 0x00, 0x00, 0x00, 0x00, 0x00, 0x00, 0x00, 0x00, 0x00, 0x00, 0x00, 0x00, 0x00, 0x00, 0x00, 0x00, 0x00,
    0x00, 0x00, 0x00, 0x00, 0x00, 0x00, 0x00, 0x00, 0x00, 0x00, 0x00, 0x00, 0x00, 0x00, 0x00, 0x00, 0x00, 0x00, 0x00, 0x00,
    0x00, 0x00, 0x00, 0x00, 0x00, 0x00, 0x00, 0x00, 0x00, 0x00, 0x00, 0x00, 0x00, 0x00, 0x00, 0x00, 0x00, 0x00, 0x00, 0x00,
    0x00, 0x00, 0x00, 0x00, 0x00, 0x00, 0x00, 0x00, 0x00, 0x00, 0x00, 0x00, 0x00, 0x00, 0x00, 0x00, 0x00, 0x00, 0x00, 0x00,
    0x00, 0x00, 0x00, 0x00, 0x00, 0x00, 0x00, 0x00, 0x00, 0x00, 0x00, 0x00, 0x00, 0x00, 0x00, 0x00, 0x00, 0x00, 0x00, 0x00,
    0x00, 0x00, 0x00, 0x00, 0x00, 0x00, 0x00, 0x00, 0x00, 0x00, 0x00, 0x00, 0x00, 0x00, 0x00, 0x00, 0x00, 0x00, 0x00, 0x00,
    0x00, 0x00, 0x00, 0x00, 0x00, 0x00, 0x00, 0x00, 0x00, 0x00, 0x00, 0x00, 0x00, 0x00, 0x00, 0x00, 0x00, 0x00, 0x00, 0x00,
    0x00, 0x00, 0x00, 0x00, 0x00, 0x00, 0x00, 0x00, 0x00, 0x00, 0x00, 0x00, 0x00, 0x00, 0x00, 0x00, 0x00, 0x00, 0x00, 0x00,
    0x00, 0x00, 0x00, 0x00, 0x00, 0x00, 0x00, 0x00, 0x00, 0x00, 0x00, 0x00, 0x00, 0x00, 0x00, 0x00, 0x00, 0x00, 0x00, 0x00,
    0x00, 0x00, 0x00, 0x00, 0x00, 0x00, 0x00, 0x00, 0x00, 0x00, 0x00, 0x00, 0x00, 0x00, 0x00, 0x00, 0x00, 0x00, 0x00, 0x00,
    0x00, 0x00, 0x00, 0x00, 0x00, 0x00, 0x00, 0x00, 0x00, 0x00, 0x00, 0x00, 0x00, 0x00, 0x00, 0x00, 0x00, 0x00, 0x00, 0x00,
    0x00, 0x00, 0x00, 0x00, 0x00, 0x00, 0x00, 0x00, 0x00, 0x00, 0x00, 0x00, 0x00, 0x00, 0x00, 0x00, 0x00, 0x00, 0x00, 0x00,
    0x00, 0x00, 0x00, 0x00, 0x00, 0x00, 0x00, 0x00, 0x00, 0x00, 0x00, 0x00, 0x00, 0x00, 0x00, 0x00, 0x00, 0x00, 0x00, 0x00,
    0x00, 0x00, 0x00, 0x00, 0x00, 0x00, 0x00, 0x00, 0x00, 0x00, 0x00, 0x00, 0x00, 0x00, 0x00, 0x00, 0x00, 0x00, 0x00, 0x00,
    0x00, 0x00, 0x00, 0x00, 0x00, 0x00, 0x00, 0x00, 0x00, 0x00, 0x00, 0x00, 0x00, 0x00, 0x00, 0x00, 0x00, 0x00, 0x00, 0x00,
    0x00, 0x00, 0x00, 0x00, 0x00, 0x00, 0x00, 0x00, 0x00, 0x00, 0x00, 0x00, 0x00, 0x00, 0x00, 0x00, 0x00, 0x00, 0x00, 0x00,
    0x00, 0x00, 0x00, 0x00, 0x00, 0x00, 0x00, 0x00, 0x00, 0x00, 0x00, 0x00, 0x00, 0x00, 0x00, 0x00, 0x00, 0x00, 0x00, 0x00,
    0x00, 0x00, 0x00, 0x00, 0x00, 0x00, 0x00, 0x00, 0x00, 0x00, 0x00, 0x00, 0x00, 0x00, 0x00, 0x00, 0x00, 0x00, 0x00, 0x00,
    0x00, 0x00, 0x00, 0x00, 0x00, 0x00, 0x00, 0x00, 0x00, 0x00, 0x00, 0x00, 0x00, 0x00, 0x00, 0x00, 0x00, 0x00, 0x00, 0x00,
    0x00, 0x00, 0x00, 0x00, 0x00, 0x00, 0x00, 0x00, 0x00, 0x00, 0x00, 0x00, 0x00, 0x00, 0x00, 0x00, 0x00, 0x00, 0x00, 0x00,
    0x00, 0x00, 0x00, 0x00, 0x00, 0x00, 0x00, 0x00, 0x00, 0x00, 0x00, 0x00, 0x00, 0x00, 0x00, 0x00, 0x00, 0x00, 0x00, 0x00,
    0x00, 0x00, 0x00, 0x00, 0x00, 0x00, 0x00, 0x00, 0x00, 0x00, 0x00, 0x00, 0x00, 0x00, 0x00, 0x00, 0x00, 0x00, 0x00, 0x00,
    0x00, 0x00, 0x00, 0x00, 0x00, 0x00, 0x00, 0x00, 0x00, 0x00, 0x00, 0x00, 0x00, 0x00, 0x00, 0x00, 0x00, 0x00, 0x00, 0x00,
    0x00, 0x00, 0x00, 0x00, 0x00, 0x00, 0x00, 0x00, 0x00, 0x00, 0x00, 0x00, 0x00, 0x00, 0x00, 0x00, 0x00, 0x00, 0x00, 0x00,
    0x00, 0x00, 0x00, 0x00, 0x00, 0x00, 0x00, 0x00, 0x00, 0x00, 0x00, 0x00, 0x00, 0x00, 0x00, 0x00, 0x00, 0x00, 0x00, 0x00,
    0x00, 0x00, 0x00, 0x00, 0x00, 0x00, 0x00, 0x00, 0x00, 0x00, 0x00, 0x00, 0x00, 0x00, 0x00, 0x00, 0x00, 0x00, 0x00, 0x00,
    0x00, 0x00, 0x00, 0x00, 0x00, 0x00, 0x00, 0x00, 0x00, 0x00, 0x00, 0x00, 0x00, 0x00, 0x00, 0x00, 0x00, 0x00, 0x00, 0x00,
    0x00, 0x00, 0x00, 0x00, 0x00, 0x00, 0x00, 0x00, 0x00, 0x00, 0x00, 0x00, 0x00, 0x00, 0x00, 0x00, 0x00, 0x00, 0x00, 0x00,
    0x00, 0x00, 0x00, 0x00, 0x00, 0x00, 0x00, 0x00, 0x00, 0x00, 0x00, 0x00, 0x00, 0x00, 0x00, 0x00, 0x00, 0x00, 0x00, 0x00,
    0x00, 0x00, 0x00, 0x00, 0x00, 0x00, 0x00, 0x00, 0x00, 0x00, 0x00, 0x00, 0x00, 0x00, 0x00, 0x00, 0x00, 0x00, 0x00, 0x00,
    0x00, 0x00, 0x00, 0x00, 0x00, 0x00, 0x00, 0x00, 0x00, 0x00, 0x00, 0x00, 0x00, 0x00, 0x00, 0x00, 0x00, 0x00, 0x00, 0x00,
    0x00, 0x00, 0x00, 0x00, 0x00, 0x00, 0x00, 0x00, 0x00, 0x00, 0x00, 0x00, 0x00, 0x00, 0x00, 0x00, 0x00, 0x00, 0x00, 0x00,
    0x00, 0x00, 0x00, 0x00, 0x00, 0x00, 0x00, 0x00, 0x00, 0x00, 0x00, 0x00, 0x00, 0x00, 0x00, 0x00, 0x00, 0x00, 0x00, 0x00,
    0x00, 0x00, 0x00, 0x00, 0x00, 0x00, 0x00, 0x00, 0x00, 0x00, 0x00, 0x00, 0x00, 0x00, 0x00, 0x00, 0x00, 0x00, 0x00, 0x00,
    0x00, 0x00, 0x00, 0x00, 0x00, 0x00, 0x00, 0x00, 0x00, 0x00, 0x00, 0x00, 0x00, 0x00, 0x00, 0x00, 0x00, 0x00, 0x00, 0x00,
    0x00, 0x00, 0x00, 0x00, 0x00, 0x00, 0x00, 0x00, 0x00, 0x00, 0x00, 0x00, 0x00, 0x00, 0x00, 0x00, 0x00, 0x00, 0x00, 0x00,
    0x00, 0x00, 0x00, 0x00, 0x00, 0x00, 0x00, 0x00, 0x00, 0x00, 0x00, 0x00, 0x00, 0x00, 0x00, 0x00, 0x00, 0x00, 0x00, 0x00,
    0x00, 0x00, 0x00, 0x00, 0x00, 0x00, 0x00, 0x00, 0x00, 0x00, 0x00, 0x00, 0x00, 0x00, 0x00, 0x00, 0x00, 0x00, 0x00, 0x00,
    0x00, 0x00, 0x00, 0x00, 0x00, 0x00, 0x00, 0x00, 0x00, 0x00, 0x00, 0x00, 0x00, 0x00, 0x00, 0x00, 0x00, 0x00, 0x00, 0x00,
    0x00, 0x00, 0x00, 0x00, 0x00, 0x00, 0x00, 0x00, 0x00, 0x00, 0x00, 0x00, 0x00, 0x00, 0x00, 0x00, 0x00, 0x00, 0x00, 0x00,
    0x00, 0x00, 0x00, 0x00, 0x00, 0x00, 0x00, 0x00, 0x00, 0x00, 0x00, 0x00, 0x00, 0x00, 0x00, 0x00, 0x00, 0x00, 0x00, 0x00,
    0x00, 0x00, 0x00, 0x00, 0x00, 0x00, 0x00, 0x00, 0x00, 0x00, 0x00, 0x00, 0x00, 0x00, 0x00, 0x00, 0x00, 0x00, 0x00, 0x00,
    0x00, 0x00, 0x00, 0x00, 0x00, 0x00, 0x00, 0x00, 0x00, 0x00, 0x00, 0x00, 0x00, 0x00, 0x00, 0x00, 0x00, 0x00, 0x00, 0x00,
    0x00, 0x00, 0x00, 0x00, 0x00, 0x00, 0x00, 0x00, 0x00, 0x00, 0x00, 0x00, 0x00, 0x00, 0x00, 0x00, 0x00, 0x00, 0x00, 0x00,
    0x00, 0x00, 0x00, 0x00, 0x00, 0x00, 0x00, 0x00, 0x00, 0x00, 0x00, 0x00, 0x00, 0x00, 0x00, 0x00, 0x00, 0x00, 0x00, 0x00,
    0x00, 0x00, 0x00, 0x00, 0x00, 0x00, 0x00, 0x00, 0x00, 0x00, 0x00, 0x00, 0x00, 0x00, 0x00, 0x00, 0x00, 0x00, 0x00, 0x00,
    0x00, 0x00, 0x00, 0x00, 0x00, 0x00, 0x00, 0x00, 0x00, 0x00, 0x00, 0x00, 0x00, 0x00, 0x00, 0x00, 0x00, 0x00, 0x00, 0x00,
    0x00, 0x00, 0x00, 0x00, 0x00, 0x00, 0x00, 0x00, 0x00, 0x00, 0x00, 0x00, 0x00, 0x00, 0x00, 0x00, 0x00, 0x00, 0x00, 0x00,
    0x00, 0x00, 0x00, 0x00, 0x00, 0x00, 0x00, 0x00, 0x00, 0x00, 0x00, 0x00, 0x00, 0x00, 0x00, 0x00, 0x00, 0x00, 0x00, 0x00,
    0x00, 0x00, 0x00, 0x00, 0x00, 0x00, 0x00, 0x00, 0x00, 0x00, 0x00, 0x00, 0x00, 0x00, 0x00, 0x00, 0x00, 0x00, 0x00, 0x00,
    0x00, 0x00, 0x00, 0x00, 0x00, 0x00, 0x00, 0x00, 0x00, 0x00, 0x00, 0x00, 0x00, 0x00, 0x00, 0x00, 0x00, 0x00, 0x00, 0x00,
    0x00, 0x00, 0x00, 0x00, 0x00, 0x00, 0x00, 0x00, 0x00, 0x00, 0x00, 0x00, 0x00, 0x00, 0x00, 0x00, 0x00, 0x00, 0x00, 0x00,
    0x00, 0x00, 0x00, 0x00, 0x00, 0x00, 0x00, 0x00, 0x00, 0x00, 0x00, 0x00, 0x00, 0x00, 0x00, 0x00, 0x00, 0x00, 0x00, 0x00,
    0x00, 0x00, 0x00, 0x00, 0x00, 0x00, 0x00, 0x00, 0x00, 0x00, 0x00, 0x00, 0x00, 0x00, 0x00, 0x00, 0x00, 0x00, 0x00, 0x00,
    0x00, 0x00, 0x00, 0x00, 0x00, 0x00, 0x00, 0x00, 0x00, 0x00, 0x00, 0x00, 0x00, 0x00, 0x00, 0x00, 0x00, 0x00, 0x00, 0x00,
    0x00, 0x00, 0x00, 0x00, 0x00, 0x00, 0x00, 0x00, 0x00, 0x00, 0x00, 0x00, 0x00, 0x00, 0x00, 0x00, 0x00, 0x00, 0x00, 0x00,
    0x00, 0x00, 0x00, 0x00, 0x00, 0x00, 0x00, 0x00, 0x00, 0x00, 0x00, 0x00, 0x00, 0x00, 0x00, 0x00, 0x00, 0x00, 0x00, 0x00,
    0x00, 0x00, 0x00, 0x00, 0x00, 0x00, 0x00, 0x00, 0x00, 0x00, 0x00, 0x00, 0x00, 0x00, 0x00, 0x00, 0x00, 0x00, 0x00, 0x00,
    0x00, 0x00, 0x00, 0x00, 0x00, 0x00, 0x00, 0x00, 0x00, 0x00, 0x00, 0x00, 0x00, 0x00, 0x00, 0x00, 0x00, 0x00, 0x00, 0x00,
    0x00, 0x00, 0x00, 0x00, 0x00, 0x00, 0x00, 0x00, 0x00, 0x00, 0x00, 0x00, 0x00, 0x00, 0x00, 0x00, 0x00, 0x00, 0x00, 0x00,
    0x00, 0x00, 0x00, 0x00, 0x00, 0x00, 0x00, 0x00, 0x00, 0x00, 0x00, 0x00, 0x00, 0x00, 0x00, 0x00, 0x00, 0x00, 0x00, 0x00,
    0x00, 0x00, 0x00, 0x00, 0x00, 0x00, 0x00, 0x00, 0x00, 0x00, 0x00, 0x00, 0x00, 0x00, 0x00, 0x00, 0x00, 0x00, 0x00, 0x00,
    0x00, 0x00, 0x00, 0x00, 0x00, 0x00, 0x00, 0x00, 0x00, 0x00, 0x00, 0x00, 0x00, 0x00, 0x00, 0x00, 0x00, 0x00, 0x00, 0x00,
    0x00, 0x00, 0x00, 0x00, 0x00, 0x00, 0x00, 0x00, 0x00, 0x00, 0x00, 0x00, 0x00, 0x00, 0x00, 0x00, 0x00, 0x00, 0x00, 0x00,
    0x00, 0x00, 0x00, 0x00, 0x00, 0x00, 0x00, 0x00, 0x00, 0x00, 0x00, 0x00, 0x00, 0x00, 0x00, 0x00, 0x00, 0x00, 0x00, 0x00,
    0x00, 0x00, 0x00, 0x00, 0x00, 0x00, 0x00, 0x00, 0x00, 0x00, 0x00, 0x00, 0x00, 0x00, 0x00, 0x00, 0x00, 0x00, 0x00, 0x00,
    0x00, 0x00, 0x00, 0x00, 0x00, 0x00, 0x00, 0x00, 0x00, 0x00, 0x00, 0x00, 0x00, 0x00, 0x00, 0x00, 0x00, 0x00, 0x00, 0x00,
    0x00, 0x00, 0x00, 0x00, 0x00, 0x00, 0x00, 0x00, 0x00, 0x00, 0x00, 0x00, 0x00, 0x00, 0x00, 0x00, 0x00, 0x00, 0x00, 0x00,
    0x00, 0x00, 0x00, 0x00, 0x00, 0x00, 0x00, 0x00, 0x00, 0x00, 0x00, 0x00, 0x00, 0x00, 0x00, 0x00, 0x00, 0x00, 0x00, 0x00,
    0x00, 0x00, 0x00, 0x00, 0x00, 0x00, 0x00, 0x00, 0x00, 0x00, 0x00, 0x00, 0x00, 0x00, 0x00, 0x00, 0x00, 0x00, 0x00, 0x00,
    0x00, 0x00, 0x00, 0x00, 0x00, 0x00, 0x00, 0x00, 0x00, 0x00, 0x00, 0x00, 0x00, 0x00, 0x00, 0x00, 0x00, 0x00, 0x00, 0x00,
    0x00, 0x00, 0x00, 0x00, 0x00, 0x00, 0x00, 0x00, 0x00, 0x00, 0x00, 0x00, 0x00, 0x00, 0x00, 0x00, 0x00, 0x00, 0x00, 0x00,
    0x00, 0x00, 0x00, 0x00, 0x00, 0x00, 0x00, 0x00, 0x00, 0x00, 0x00, 0x00, 0x00, 0x00, 0x00, 0x00, 0x00, 0x00, 0x00, 0x00,
    0x00, 0x00, 0x00, 0x00, 0x00, 0x00, 0x00, 0x00, 0x00, 0x00, 0x00, 0x00, 0x00, 0x00, 0x00, 0x00, 0x00, 0x00, 0x00, 0x00,
    0x00, 0x00, 0x00, 0x00, 0x00, 0x00, 0x00, 0x00, 0x00, 0x00, 0x00, 0x00, 0x00, 0x00, 0x00, 0x00, 0x00, 0x00, 0x00, 0x00,
    0x00, 0x00, 0x00, 0x00, 0x00, 0x00, 0x00, 0x00, 0x00, 0x00, 0x00, 0x00, 0x00, 0x00, 0x00, 0x00, 0x00, 0x00, 0x00, 0x00,
    0x00, 0x00, 0x00, 0x00, 0x00, 0x00, 0x00, 0x00, 0x00, 0x00, 0x00, 0x00, 0x00, 0x00, 0x00, 0x00, 0x00, 0x00, 0x00, 0x00,
    0x00, 0x00, 0x00, 0x00, 0x00, 0x00, 0x00, 0x00, 0x00, 0x00, 0x00, 0x00, 0x00, 0x00, 0x00, 0x00, 0x00, 0x00, 0x00, 0x00,
    0x00, 0x00, 0x00, 0x00, 0x00, 0x00, 0x00, 0x00, 0x00, 0x00, 0x00, 0x00, 0x00, 0x00, 0x00, 0x00, 0x00, 0x00, 0x00, 0x00,
    0x00, 0x00, 0x00, 0x00, 0x00, 0x00, 0x00, 0x00, 0x00, 0x00, 0x00, 0x00, 0x00, 0x00, 0x00, 0x00, 0x00, 0x00, 0x00, 0x00,
    0x00, 0x00, 0x00, 0x00, 0x00, 0x00, 0x00, 0x00, 0x00, 0x00, 0x00, 0x00, 0x00, 0x00, 0x00, 0x00, 0x00, 0x00, 0x00, 0x00,
    0x00, 0x00, 0x00, 0x00, 0x00, 0x00, 0x00, 0x00, 0x00, 0x00, 0x00, 0x00, 0x00, 0x00, 0x00, 0x00, 0x00, 0x00, 0x00, 0x00,
    0x00, 0x00, 0x00, 0x00, 0x00, 0x00, 0x00, 0x00, 0x00, 0x00, 0x00, 0x00, 0x00, 0x00, 0x00, 0x00, 0x00, 0x00, 0x00, 0x00,
    0x00, 0x00, 0x00, 0x00, 0x00, 0x00, 0x00, 0x00, 0x00, 0x00, 0x00, 0x00, 0x00, 0x00, 0x00, 0x00, 0x00, 0x00, 0x00, 0x00,
    0x00, 0x00, 0x00, 0x00, 0x00, 0x00, 0x00, 0x00, 0x00, 0x00, 0x00, 0x00, 0x00, 0x00, 0x00, 0x00, 0x00, 0x00, 0x00, 0x00,
    0x00, 0x00, 0x00, 0x00, 0x00, 0x00, 0x00, 0x00, 0x00, 0x00, 0x00, 0x00, 0x00, 0x00, 0x00, 0x00, 0x00, 0x00, 0x00, 0x00,
    0x00, 0x00, 0x00, 0x00, 0x00, 0x00, 0x00, 0x00, 0x00, 0x00, 0x00, 0x00, 0x00, 0x00, 0x00, 0x00, 0x00, 0x00, 0x00, 0x00,
    0x00, 0x00, 0x00, 0x00, 0x00, 0x00, 0x00, 0x00, 0x00, 0x00, 0x00, 0x00, 0x00, 0x00, 0x00, 0x00, 0x00, 0x00, 0x00, 0x00,
    0x00, 0x00, 0x00, 0x00, 0x00, 0x00, 0x00, 0x00, 0x00, 0x00, 0x00, 0x00, 0x00, 0x00, 0x00, 0x00, 0x00, 0x00, 0x00, 0x00,
    0x00, 0x00, 0x00, 0x00, 0x00, 0x00, 0x00, 0x00, 0x00, 0x00, 0x00, 0x00, 0x00, 0x00, 0x00, 0x00, 0x00, 0x00, 0x00, 0x00,
    0x00, 0x00, 0x00, 0x00, 0x00, 0x00, 0x00, 0x00, 0x00, 0x00, 0x00, 0x00, 0x00, 0x00, 0x00, 0x00, 0x00, 0x00, 0x00, 0x00,
    0x00, 0x00, 0x00, 0x00, 0x00, 0x00, 0x00, 0x00, 0x00, 0x00, 0x00, 0x00, 0x00, 0x00, 0x00, 0x00, 0x00, 0x00, 0x00, 0x00,
    0x00, 0x00, 0x00, 0x00, 0x00, 0x00, 0x00, 0x00, 0x00, 0x00, 0x00, 0x00, 0x00, 0x00, 0x00, 0x00, 0x00, 0x00, 0x00, 0x00,
    0x00, 0x00, 0x00, 0x00, 0x00, 0x00, 0x00, 0x00, 0x00, 0x00, 0x00, 0x00, 0x00, 0x00, 0x00, 0x00, 0x00, 0x00, 0x00, 0x00,
    0x00, 0x00, 0x00, 0x00, 0x00, 0x00, 0x00, 0x00, 0x00, 0x00, 0x00, 0x00, 0x00, 0x00, 0x00, 0x00, 0x00, 0x00, 0x00, 0x00,
    0x00, 0x00, 0x00, 0x00, 0x00, 0x00, 0x00, 0x00, 0x00, 0x00, 0x00, 0x00, 0x00, 0x00, 0x00, 0x00, 0x00, 0x00, 0x00, 0x00,
    0x00, 0x00, 0x00, 0x00, 0x00, 0x00, 0x00, 0x00, 0x00, 0x00, 0x00, 0x00, 0x00, 0x00, 0x00, 0x00, 0x00, 0x00, 0x00, 0x00,
    0x00, 0x00, 0x00, 0x00, 0x00, 0x00, 0x00, 0x00, 0x00, 0x00, 0x00, 0x00, 0x00, 0x00, 0x00, 0x00, 0x00, 0x00, 0x00, 0x00,
    0x00, 0x00, 0x00, 0x00, 0x00, 0x00, 0x00, 0x00, 0x00, 0x00, 0x00, 0x00, 0x00, 0x00, 0x00, 0x00, 0x00, 0x00, 0x00, 0x00,
    0x00, 0x00, 0x00, 0x00, 0x00, 0x00, 0x00, 0x00, 0x00, 0x00, 0x00, 0x00, 0x00, 0x00, 0x00, 0x00, 0x00, 0x00, 0x00, 0x00,
    0x00, 0x00, 0x00, 0x00, 0x00, 0x00, 0x00, 0x00, 0x00, 0x00, 0x00, 0x00, 0x00, 0x00, 0x00, 0x00, 0x00, 0x00, 0x00, 0x00,
    0x00, 0x00, 0x00, 0x00, 0x00, 0x00, 0x00, 0x00, 0x00, 0x00, 0x00, 0x00, 0x00, 0x00, 0x00, 0x00, 0x00, 0x00, 0x00, 0x00,
    0x00, 0x00, 0x00, 0x00, 0x00, 0x00, 0x00, 0x00, 0x00, 0x00, 0x00, 0x00, 0x00, 0x00, 0x00, 0x00, 0x00, 0x00, 0x00, 0x00,
    0x00, 0x00, 0x00, 0x00, 0x00, 0x00, 0x00, 0x00, 0x00, 0x00, 0x00, 0x00, 0x00, 0x00, 0x00, 0x00, 0x00, 0x00, 0x00, 0x00,
    0x00, 0x00, 0x00, 0x00, 0x00, 0x00, 0x00, 0x00, 0x00, 0x00, 0x00, 0x00, 0x00, 0x00, 0x00, 0x00, 0x00, 0x00, 0x00, 0x00,
    0x00, 0x00, 0x00, 0x00, 0x00, 0x00, 0x00, 0x00, 0x00, 0x00, 0x00, 0x00, 0x00, 0x00, 0x00, 0x00, 0x00, 0x00, 0x00, 0x00,
    0x00, 0x00, 0x00, 0x00, 0x00, 0x00, 0x00, 0x00, 0x00, 0x00, 0x00, 0x00, 0x00, 0x00, 0x00, 0x00, 0x00, 0x00, 0x00, 0x00,
    0x00, 0x00, 0x00, 0x00, 0x00, 0x00, 0x00, 0x00, 0x00, 0x00, 0x00, 0x00, 0x00, 0x00, 0x00, 0x00, 0x00, 0x00, 0x00, 0x00,
    0x00, 0x00, 0x00, 0x00, 0x00, 0x00, 0x00, 0x00, 0x00, 0x00, 0x00, 0x00, 0x00, 0x00, 0x00, 0x00, 0x00, 0x00, 0x00, 0x00,
    0x00, 0x00, 0x00, 0x00, 0x00, 0x00, 0x00, 0x00, 0x00, 0x00, 0x00, 0x00, 0x00, 0x00, 0x00, 0x00, 0x00, 0x00, 0x00, 0x00,
    0x00, 0x00, 0x00, 0x00, 0x00, 0x00, 0x00, 0x00, 0x00, 0x00, 0x00, 0x00, 0x00, 0x00, 0x00, 0x00, 0x00, 0x00, 0x00, 0x00,
    0x00, 0x00, 0x00, 0x00, 0x00, 0x00, 0x00, 0x00, 0x00, 0x00, 0x00, 0x00, 0x00, 0x00, 0x00, 0x00, 0x00, 0x00, 0x00, 0x00,
    0x00, 0x00, 0x00, 0x00, 0x00, 0x00, 0x00, 0x00, 0x00, 0x00, 0x00, 0x00, 0x00, 0x00, 0x00, 0x00, 0x00, 0x00, 0x00, 0x00,
    0x00, 0x00, 0x00, 0x00, 0x00, 0x00, 0x00, 0x00, 0x00, 0x00, 0x00, 0x00, 0x00, 0x00, 0x00, 0x00, 0x00, 0x00, 0x00, 0x00,
    0x00, 0x00, 0x00, 0x00, 0x00, 0x00, 0x00, 0x00, 0x00, 0x00, 0x00, 0x00, 0x00, 0x00, 0x00, 0x00, 0x00, 0x00, 0x00, 0x00,
    0x00, 0x00, 0x00, 0x00, 0x00, 0x00, 0x00, 0x00, 0x00, 0x00, 0x00, 0x00, 0x00, 0x00, 0x00, 0x00, 0x00, 0x00, 0x00, 0x00,
    0x00, 0x00, 0x00, 0x00, 0x00, 0x00, 0x00, 0x00, 0x00, 0x00, 0x00, 0x00, 0x00, 0x00, 0x00, 0x00, 0x00, 0x00, 0x00, 0x00,
    0x00, 0x00, 0x00, 0x00, 0x00, 0x00, 0x00, 0x00, 0x00, 0x00, 0x00, 0x00, 0x00, 0x00, 0x00, 0x00, 0x00, 0x00, 0x00, 0x00,
    0x00, 0x00, 0x00, 0x00, 0x00, 0x00, 0x00, 0x00, 0x00, 0x00, 0x00, 0x00, 0x00, 0x00, 0x00, 0x00, 0x00, 0x00, 0x00, 0x00,
    0x00, 0x00, 0x00, 0x00, 0x00, 0x00, 0x00, 0x00, 0x00, 0x00, 0x00, 0x00, 0x00, 0x00, 0x00, 0x00, 0x00, 0x00, 0x00, 0x00,
    0x00, 0x00, 0x00, 0x00, 0x00, 0x00, 0x00, 0x00, 0x00, 0x00, 0x00, 0x00, 0x00, 0x00, 0x00, 0x00, 0x00, 0x00, 0x00, 0x00,
    0x00, 0x00, 0x00, 0x00, 0x00, 0x00, 0x00, 0x00, 0x00, 0x00, 0x00, 0x00, 0x00, 0x00, 0x00, 0x00, 0x00, 0x00, 0x00, 0x00,
    0x00, 0x00, 0x00, 0x00, 0x00, 0x00, 0x00, 0x00, 0x00, 0x00, 0x00, 0x00, 0x00, 0x00, 0x00, 0x00, 0x00, 0x00, 0x00, 0x00,
    0x00, 0x00, 0x00, 0x00, 0x00, 0x00, 0x00, 0x00, 0x00, 0x00, 0x00, 0x00, 0x00, 0x00, 0x00, 0x00, 0x00, 0x00, 0x00, 0x00,
    0x00, 0x00, 0x00, 0x00, 0x00, 0x00, 0x00, 0x00, 0x00, 0x00, 0x00, 0x00, 0x00, 0x00, 0x00, 0x00, 0x00, 0x00, 0x00, 0x00,
    0x00, 0x00, 0x00, 0x00, 0x00, 0x00, 0x00, 0x00, 0x00, 0x00, 0x00, 0x00, 0x00, 0x00, 0x00, 0x00, 0x00, 0x00, 0x00, 0x00,
    0x00, 0x00, 0x00, 0x00, 0x00, 0x00, 0x00, 0x00, 0x00, 0x00, 0x00, 0x00, 0x00, 0x00, 0x00, 0x00, 0x00, 0x00, 0x00, 0x00,
    0x00, 0x00, 0x00, 0x00, 0x00, 0x00, 0x00, 0x00, 0x00, 0x00, 0x00, 0x00, 0x00, 0x00, 0x00, 0x00, 0x00, 0x00, 0x00, 0x00,
    0x00, 0x00, 0x00, 0x00, 0x00, 0x00, 0x00, 0x00, 0x00, 0x00, 0x00, 0x00, 0x00, 0x00, 0x00, 0x00, 0x00, 0x00, 0x00, 0x00,
    0x00, 0x00, 0x00, 0x00, 0x00, 0x00, 0x00, 0x00, 0x00, 0x00, 0x00, 0x00, 0x00, 0x00, 0x00, 0x00, 0x00, 0x00, 0x00, 0x00,
    0x00, 0x00, 0x00, 0x00, 0x00, 0x00, 0x00, 0x00, 0x00, 0x00, 0x00, 0x00, 0x00, 0x00, 0x00, 0x00, 0x00, 0x00, 0x00, 0x00,
    0x00, 0x00, 0x00, 0x00, 0x00, 0x00, 0x00, 0x00, 0x00, 0x00, 0x00, 0x00, 0x00, 0x00, 0x00, 0x00, 0x00, 0x00, 0x00, 0x00,
    0x00, 0x00, 0x00, 0x00, 0x00, 0x00, 0x00, 0x00, 0x00, 0x00, 0x00, 0x00, 0x00, 0x00, 0x00, 0x00, 0x00, 0x00, 0x00, 0x00,
    0x00, 0x00, 0x00, 0x00, 0x00, 0x00, 0x00, 0x00, 0x00, 0x00, 0x00, 0x00, 0x00, 0x00, 0x00, 0x00, 0x00, 0x00, 0x00, 0x00,
    0x00, 0x00, 0x00, 0x00, 0x00, 0x00, 0x00, 0x00, 0x00, 0x00, 0x00, 0x00, 0x00, 0x00, 0x00, 0x00, 0x00, 0x00, 0x00, 0x00,
    0x00, 0x00, 0x00, 0x00, 0x00, 0x00, 0x00, 0x00, 0x00, 0x00, 0x00, 0x00, 0x00, 0x00, 0x00, 0x00, 0x00, 0x00, 0x00, 0x00,
    0x00, 0x00, 0x00, 0x00, 0x00, 0x00, 0x00, 0x00, 0x00, 0x00, 0x00, 0x00, 0x00, 0x00, 0x00, 0x00, 0x00, 0x00, 0x00, 0x00,
    0x00, 0x00, 0x00, 0x00, 0x00, 0x00, 0x00, 0x00, 0x00, 0x00, 0x00, 0x00, 0x00, 0x00, 0x00, 0x00, 0x00, 0x00, 0x00, 0x00,
    0x00, 0x00, 0x00, 0x00, 0x00, 0x00, 0x00, 0x00, 0x00, 0x00, 0x00, 0x00, 0x00, 0x00, 0x00, 0x00, 0x00, 0x00, 0x00, 0x00,
    0x00, 0x00, 0x00, 0x00, 0x00, 0x00, 0x00, 0x00, 0x00, 0x00, 0x00, 0x00, 0x00, 0x00, 0x00, 0x00, 0x00, 0x00, 0x00, 0x00,
    0x00, 0x00, 0x00, 0x00, 0x00, 0x00, 0x00, 0x00, 0x00, 0x00, 0x00, 0x00, 0x00, 0x00, 0x00, 0x00, 0x00, 0x00, 0x00, 0x00,
    0x00, 0x00, 0x00, 0x00, 0x00, 0x00, 0x00, 0x00, 0x00, 0x00, 0x00, 0x00, 0x00, 0x00, 0x00, 0x00, 0x00, 0x00, 0x00, 0x00,
    0x00, 0x00, 0x00, 0x00, 0x00, 0x00, 0x00, 0x00, 0x00, 0x00, 0x00, 0x00, 0x00, 0x00, 0x00, 0x00, 0x00, 0x00, 0x00, 0x00,
    0x00, 0x00, 0x00, 0x00, 0x00, 0x00, 0x00, 0x00, 0x00, 0x00, 0x00, 0x00, 0x00, 0x00, 0x00, 0x00, 0x00, 0x00, 0x00, 0x00,
    0x00, 0x00, 0x00, 0x00, 0x00, 0x00, 0x00, 0x00, 0x00, 0x00, 0x00, 0x00, 0x00, 0x00, 0x00, 0x00, 0x00, 0x00, 0x00, 0x00,
    0x00, 0x00, 0x00, 0x00, 0x00, 0x00, 0x00, 0x00, 0x00, 0x00, 0x00, 0x00, 0x00, 0x00, 0x00, 0x00, 0x00, 0x00, 0x00, 0x00,
    0x00, 0x00, 0x00, 0x00, 0x00, 0x00, 0x00, 0x00, 0x00, 0x00, 0x00, 0x00, 0x00, 0x00, 0x00, 0x00, 0x00, 0x00, 0x00, 0x00,
    0x00, 0x00, 0x00, 0x00, 0x00, 0x00, 0x00, 0x00, 0x00, 0x00, 0x00, 0x00, 0x00, 0x00, 0x00, 0x00, 0x00, 0x00, 0x00, 0x00,
    0x00, 0x00, 0x00, 0x00, 0x00, 0x00, 0x00, 0x00, 0x00, 0x00, 0x00, 0x00, 0x00, 0x00, 0x00, 0x00, 0x00, 0x00, 0x00, 0x00,
    0x00, 0x00, 0x00, 0x00, 0x00, 0x00, 0x00, 0x00, 0x00, 0x00, 0x00, 0x00, 0x00, 0x00, 0x00, 0x00, 0x00, 0x00, 0x00, 0x00,
    0x00, 0x00, 0x00, 0x00, 0x00, 0x00, 0x00, 0x00, 0x00, 0x00, 0x00, 0x00, 0x00, 0x00, 0x00, 0x00, 0x00, 0x00, 0x00, 0x00,
    0x00, 0x00, 0x00, 0x00, 0x00, 0x00, 0x00, 0x00, 0x00, 0x00, 0x00, 0x00, 0x00, 0x00, 0x00, 0x00, 0x00, 0x00, 0x00, 0x00,
    0x00, 0x00, 0x00, 0x00, 0x00, 0x00, 0x00, 0x00, 0x00, 0x00, 0x00, 0x00, 0x00, 0x00, 0x00, 0x00, 0x00, 0x00, 0x00, 0x00,
    0x00, 0x00, 0x00, 0x00, 0x00, 0x00, 0x00, 0x00, 0x00, 0x00, 0x00, 0x00, 0x00, 0x00, 0x00, 0x00, 0x00, 0x00, 0x00, 0x00,
    0x00, 0x00, 0x00, 0x00, 0x00, 0x00, 0x00, 0x00, 0x00, 0x00, 0x00, 0x00, 0x00, 0x00, 0x00, 0x00, 0x00, 0x00, 0x00, 0x00,
    0x00, 0x00, 0x00, 0x00, 0x00, 0x00, 0x00, 0x00, 0x00, 0x00, 0x00, 0x00, 0x00, 0x00, 0x00, 0x00, 0x00, 0x00, 0x00, 0x00,
    0x00, 0x00, 0x00, 0x00, 0x00, 0x00, 0x00, 0x00, 0x00, 0x00, 0x00, 0x00, 0x00, 0x00, 0x00, 0x00, 0x00, 0x00, 0x00, 0x00,
    0x00, 0x00, 0x00, 0x00, 0x00, 0x00, 0x00, 0x00, 0x00, 0x00, 0x00, 0x00, 0x00, 0x00, 0x00, 0x00, 0x00, 0x00, 0x00, 0x00,
    0x00, 0x00, 0x00, 0x00, 0x00, 0x00, 0x00, 0x00, 0x00, 0x00, 0x00, 0x00, 0x00, 0x00, 0x00, 0x00, 0x00, 0x00, 0x00, 0x00,
    0x00, 0x00, 0x00, 0x00, 0x00, 0x00, 0x00, 0x00, 0x00, 0x00, 0x00, 0x00, 0x00, 0x00, 0x00, 0x00, 0x00, 0x00, 0x00, 0x00,
    0x00, 0x00, 0x00, 0x00, 0x00, 0x00, 0x00, 0x00, 0x00, 0x00, 0x00, 0x00, 0x00, 0x00, 0x00, 0x00, 0x00, 0x00, 0x00, 0x00,
    0x00, 0x00, 0x00, 0x00, 0x00, 0x00, 0x00, 0x00, 0x00, 0x00, 0x00, 0x00, 0x00, 0x00, 0x00, 0x00, 0x00, 0x00, 0x00, 0x00,
    0x00, 0x00, 0x00, 0x00, 0x00, 0x00, 0x00, 0x00, 0x00, 0x00, 0x00, 0x00, 0x00, 0x00, 0x00, 0x00, 0x00, 0x00, 0x00, 0x00,
    0x00, 0x00, 0x00, 0x00, 0x00, 0x00, 0x00, 0x00, 0x00, 0x00, 0x00, 0x00, 0x00, 0x00, 0x00, 0x00, 0x00, 0x00, 0x00, 0x00,
    0x00, 0x00, 0x00, 0x00, 0x00, 0x00, 0x00, 0x00, 0x00, 0x00, 0x00, 0x00, 0x00, 0x00, 0x00, 0x00, 0x00, 0x00, 0x00, 0x00,
    0x00, 0x00, 0x00, 0x00, 0x00, 0x00, 0x00, 0x00, 0x00, 0x00, 0x00, 0x00, 0x00, 0x00, 0x00, 0x00, 0x00, 0x00, 0x00, 0x00,
    0x00, 0x00, 0x00, 0x00, 0x00, 0x00, 0x00, 0x00, 0x00, 0x00, 0x00, 0x00, 0x00, 0x00, 0x00, 0x00, 0x00, 0x00, 0x00, 0x00,
    0x00, 0x00, 0x00, 0x00, 0x00, 0x00, 0x00, 0x00, 0x00, 0x00, 0x00, 0x00, 0x00, 0x00, 0x00, 0x00, 0x00, 0x00, 0x00, 0x00,
    0x00, 0x00, 0x00, 0x00, 0x00, 0x00, 0x00, 0x00, 0x00, 0x00, 0x00, 0x00, 0x00, 0x00, 0x00, 0x00, 0x00, 0x00, 0x00, 0x00,
    0x00, 0x00, 0x00, 0x00, 0x00, 0x00, 0x00, 0x00, 0x00, 0x00, 0x00, 0x00, 0x00, 0x00, 0x00, 0x00, 0x00, 0x00, 0x00, 0x00,
    0x00, 0x00, 0x00, 0x00, 0x00, 0x00, 0x00, 0x00, 0x00, 0x00, 0x00, 0x00, 0x00, 0x00, 0x00, 0x00, 0x00, 0x00, 0x00, 0x00,
    0x00, 0x00, 0x00, 0x00, 0x00, 0x00, 0x00, 0x00, 0x00, 0x00, 0x00, 0x00, 0x00, 0x00, 0x00, 0x00, 0x00, 0x00, 0x00, 0x00,
    0x00, 0x00, 0x00, 0x00, 0x00, 0x00, 0x00, 0x00, 0x00, 0x00, 0x00, 0x00, 0x00, 0x00, 0x00, 0x00, 0x00, 0x00, 0x00, 0x00,
    0x00, 0x00, 0x00, 0x00, 0x00, 0x00, 0x00, 0x00, 0x00, 0x00, 0x00, 0x00, 0x00, 0x00, 0x00, 0x00, 0x00, 0x00, 0x00, 0x00,
    0x00, 0x00, 0x00, 0x00, 0x00, 0x00, 0x00, 0x00, 0x00, 0x00, 0x00, 0x00, 0x00, 0x00, 0x00, 0x00, 0x00, 0x00, 0x00, 0x00,
    0x00, 0x00, 0x00, 0x00, 0x00, 0x00, 0x00, 0x00, 0x00, 0x00, 0x00, 0x00, 0x00, 0x00, 0x00, 0x00, 0x00, 0x00, 0x00, 0x00,
    0x00, 0x00, 0x00, 0x00, 0x00, 0x00, 0x00, 0x00, 0x00, 0x00, 0x00, 0x00, 0x00, 0x00, 0x00, 0x00, 0x00, 0x00, 0x00, 0x00,
    0x00, 0x00, 0x00, 0x00, 0x00, 0x00, 0x00, 0x00, 0x00, 0x00, 0x00, 0x00, 0x00, 0x00, 0x00, 0x00, 0x00, 0x00, 0x00, 0x00,
    0x00, 0x00, 0x00, 0x00, 0x00, 0x00, 0x00, 0x00, 0x00, 0x00, 0x00, 0x00, 0x00, 0x00, 0x00, 0x00, 0x00, 0x00, 0x00, 0x00,
    0x00, 0x00, 0x00, 0x00, 0x00, 0x00, 0x00, 0x00, 0x00, 0x00, 0x00, 0x00, 0x00, 0x00, 0x00, 0x00, 0x00, 0x00, 0x00, 0x00,
    0x00, 0x00, 0x00, 0x00, 0x00, 0x00, 0x00, 0x00, 0x00, 0x00, 0x00, 0x00, 0x00, 0x00, 0x00, 0x00, 0x00, 0x00, 0x00, 0x00,
    0x00, 0x00, 0x00, 0x00, 0x00, 0x00, 0x00, 0x00, 0x00, 0x00, 0x00, 0x00, 0x00, 0x00, 0x00, 0x00, 0x00, 0x00, 0x00, 0x00,
    0x00, 0x00, 0x00, 0x00, 0x00, 0x00, 0x00, 0x00, 0x00, 0x00, 0x00, 0x00, 0x00, 0x00, 0x00, 0x00, 0x00, 0x00, 0x00, 0x00,
    0x00, 0x00, 0x00, 0x00, 0x00, 0x00, 0x00, 0x00, 0x00, 0x00, 0x00, 0x00, 0x00, 0x00, 0x00, 0x00, 0x00, 0x00, 0x00, 0x00,
    0x00, 0x00, 0x00, 0x00, 0x00, 0x00, 0x00, 0x00, 0x00, 0x00, 0x00, 0x00, 0x00, 0x00, 0x00, 0x00, 0x00, 0x00, 0x00, 0x00,
    0x00, 0x00, 0x00, 0x00, 0x00, 0x00, 0x00, 0x00, 0x00, 0x00, 0x00, 0x00, 0x00, 0x00, 0x00, 0x00, 0x00, 0x00, 0x00, 0x00,
    0x00, 0x00, 0x00, 0x00, 0x00, 0x00, 0x00, 0x00, 0x00, 0x00, 0x00, 0x00, 0x00, 0x00, 0x00, 0x00, 0x00, 0x00, 0x00, 0x00,
    0x00, 0x00, 0x00, 0x00, 0x00, 0x00, 0x00, 0x00, 0x00, 0x00, 0x00, 0x00, 0x00, 0x00, 0x00, 0x00, 0x00, 0x00, 0x00, 0x00,
    0x00, 0x00, 0x00, 0x00, 0x00, 0x00, 0x00, 0x00, 0x00, 0x00, 0x00, 0x00, 0x00, 0x00, 0x00, 0x00, 0x00, 0x00, 0x00, 0x00,
    0x00, 0x00, 0x00, 0x00, 0x00, 0x00, 0x00, 0x00, 0x00, 0x00, 0x00, 0x00, 0x00, 0x00, 0x00, 0x00, 0x00, 0x00, 0x00, 0x00,
    0x00, 0x00, 0x00, 0x00, 0x00, 0x00, 0x00, 0x00, 0x00, 0x00, 0x00, 0x00, 0x00, 0x00, 0x00, 0x00, 0x00, 0x00, 0x00, 0x00,
    0x00, 0x00, 0x00, 0x00, 0x00, 0x00, 0x00, 0x00, 0x00, 0x00, 0x00, 0x00, 0x00, 0x00, 0x00, 0x00, 0x00, 0x00, 0x00, 0x00,
    0x00, 0x00, 0x00, 0x00, 0x00, 0x00, 0x00, 0x00, 0x00, 0x00, 0x00, 0x00, 0x00, 0x00, 0x00, 0x00, 0x00, 0x00, 0x00, 0x00,
    0x00, 0x00, 0x00, 0x00, 0x00, 0x00, 0x00, 0x00, 0x00, 0x00, 0x00, 0x00, 0x00, 0x00, 0x00, 0x00, 0x00, 0x00, 0x00, 0x00,
    0x00, 0x00, 0x00, 0x00, 0x00, 0x00, 0x00, 0x00, 0x00, 0x00, 0x00, 0x00, 0x00, 0x00, 0x00, 0x00, 0x00, 0x00, 0x00, 0x00,
    0x00, 0x00, 0x00, 0x00, 0x00, 0x00, 0x00, 0x00, 0x00, 0x00, 0x00, 0x00, 0x00, 0x00, 0x00, 0x00, 0x00, 0x00, 0x00, 0x00,
    0x00, 0x00, 0x00, 0x00, 0x00, 0x00, 0x00, 0x00, 0x00, 0x00, 0x00, 0x00, 0x00, 0x00, 0x00, 0x00, 0x00, 0x00, 0x00, 0x00,
    0x00, 0x00, 0x00, 0x00, 0x00, 0x00, 0x00, 0x00, 0x00, 0x00, 0x00, 0x00, 0x00, 0x00, 0x00, 0x00, 0x00, 0x00, 0x00, 0x00,
    0x00, 0x00, 0x00, 0x00, 0x00, 0x00, 0x00, 0x00, 0x00, 0x00, 0x00, 0x00, 0x00, 0x00, 0x00, 0x00, 0x00, 0x00, 0x00, 0x00,
    0x00, 0x00, 0x00, 0x00, 0x00, 0x00, 0x00, 0x00, 0x00, 0x00, 0x00, 0x00, 0x00, 0x00, 0x00, 0x00, 0x00, 0x00, 0x00, 0x00,
    0x00, 0x00, 0x00, 0x00, 0x00, 0x00, 0x00, 0x00, 0x00, 0x00, 0x00, 0x00, 0x00, 0x00, 0x00, 0x00, 0x00, 0x00, 0x00, 0x00,
    0x00, 0x00, 0x00, 0x00, 0x00, 0x00, 0x00, 0x00, 0x00, 0x00, 0x00, 0x00, 0x00, 0x00, 0x00, 0x00, 0x00, 0x00, 0x00, 0x00,
    0x00, 0x00, 0x00, 0x00, 0x00, 0x00, 0x00, 0x00, 0x00, 0x00, 0x00, 0x00, 0x00, 0x00, 0x00, 0x00, 0x00, 0x00, 0x00, 0x00,
    0x00, 0x00, 0x00, 0x00, 0x00, 0x00, 0x00, 0x00, 0x00, 0x00, 0x00, 0x00, 0x00, 0x00, 0x00, 0x00, 0x00, 0x00, 0x00, 0x00,
    0x00, 0x00, 0x00, 0x00, 0x00, 0x00, 0x00, 0x00, 0x00, 0x00, 0x00, 0x00, 0x00, 0x00, 0x00, 0x00, 0x00, 0x00, 0x00, 0x00,
    0x00, 0x00, 0x00, 0x00, 0x00, 0x00, 0x00, 0x00, 0x00, 0x00, 0x00, 0x00, 0x00, 0x00, 0x00, 0x00, 0x00, 0x00, 0x00, 0x00,
    0x00, 0x00, 0x00, 0x00, 0x00, 0x00, 0x00, 0x00, 0x00, 0x00, 0x00, 0x00, 0x00, 0x00, 0x00, 0x00, 0x00, 0x00, 0x00, 0x00,
    0x00, 0x00, 0x00, 0x00, 0x00, 0x00, 0x00, 0x00, 0x00, 0x00, 0x00, 0x00, 0x00, 0x00, 0x00, 0x00, 0x00, 0x00, 0x00, 0x00,
    0x00, 0x00, 0x00, 0x00, 0x00, 0x00, 0x00, 0x00, 0x00, 0x00, 0x00, 0x00, 0x00, 0x00, 0x00, 0x00, 0x00, 0x00, 0x00, 0x00,
    0x00, 0x00, 0x00, 0x00, 0x00, 0x00, 0x00, 0x00, 0x00, 0x00, 0x00, 0x00, 0x00, 0x00, 0x00, 0x00, 0x00, 0x00, 0x00, 0x00,
    0x00, 0x00, 0x00, 0x00, 0x00, 0x00, 0x00, 0x00, 0x00, 0x00, 0x00, 0x00, 0x00, 0x00, 0x00, 0x00, 0x00, 0x00, 0x00, 0x00,
    0x00, 0x00, 0x00, 0x00, 0x00, 0x00, 0x00, 0x00, 0x00, 0x00, 0x00, 0x00, 0x00, 0x00, 0x00, 0x00, 0x00, 0x00, 0x00, 0x00,
    0x00, 0x00, 0x00, 0x00, 0x00, 0x00, 0x00, 0x00, 0x00, 0x00, 0x00, 0x00, 0x00, 0x00, 0x00, 0x00, 0x00, 0x00, 0x00, 0x00,
    0x00, 0x00, 0x00, 0x00, 0x00, 0x00, 0x00, 0x00, 0x00, 0x00, 0x00, 0x00, 0x00, 0x00, 0x00, 0x00, 0x00, 0x00, 0x00, 0x00,
    0x00, 0x00, 0x00, 0x00, 0x00, 0x00, 0x00, 0x00, 0x00, 0x00, 0x00, 0x00, 0x00, 0x00, 0x00, 0x00, 0x00, 0x00, 0x00, 0x00,
    0x00, 0x00, 0x00, 0x00, 0x00, 0x00, 0x00, 0x00, 0x00, 0x00, 0x00, 0x00, 0x00, 0x00, 0x00, 0x00, 0x00, 0x00, 0x00, 0x00,
    0x00, 0x00, 0x00, 0x00, 0x00, 0x00, 0x00, 0x00, 0x00, 0x00, 0x00, 0x00, 0x00, 0x00, 0x00, 0x00, 0x00, 0x00, 0x00, 0x00,
    0x00, 0x00, 0x00, 0x00, 0x00, 0x00, 0x00, 0x00, 0x00, 0x00, 0x00, 0x00, 0x00, 0x00, 0x00, 0x00, 0x00, 0x00, 0x00, 0x00,
    0x00, 0x00, 0x00, 0x00, 0x00, 0x00, 0x00, 0x00, 0x00, 0x00, 0x00, 0x00, 0x00, 0x00, 0x00, 0x00, 0x00, 0x00, 0x00, 0x00,
    0x00, 0x00, 0x00, 0x00, 0x00, 0x00, 0x00, 0x00, 0x00, 0x00, 0x00, 0x00, 0x00, 0x00, 0x00, 0x00, 0x00, 0x00, 0x00, 0x00,
    0x00, 0x00, 0x00, 0x00, 0x00, 0x00, 0x00, 0x00, 0x00, 0x00, 0x00, 0x00, 0x00, 0x00, 0x00, 0x00, 0x00, 0x00, 0x00, 0x00,
    0x00, 0x00, 0x00, 0x00, 0x00, 0x00, 0x00, 0x00, 0x00, 0x00, 0x00, 0x00, 0x00, 0x00, 0x00, 0x00, 0x00, 0x00, 0x00, 0x00,
    0x00, 0x00, 0x00, 0x00, 0x00, 0x00, 0x00, 0x00, 0x00, 0x00, 0x00, 0x00, 0x00, 0x00, 0x00, 0x00, 0x00, 0x00, 0x00, 0x00,
    0x00, 0x00, 0x00, 0x00, 0x00, 0x00, 0x00, 0x00, 0x00, 0x00, 0x00, 0x00, 0x00, 0x00, 0x00, 0x00, 0x00, 0x00, 0x00, 0x00,
    0x00, 0x00, 0x00, 0x00, 0x00, 0x00, 0x00, 0x00, 0x00, 0x00, 0x00, 0x00, 0x00, 0x00, 0x00, 0x00, 0x00, 0x00, 0x00, 0x00,
    0x00, 0x00, 0x00, 0x00, 0x00, 0x00, 0x00, 0x00, 0x00, 0x00, 0x00, 0x00, 0x00, 0x00, 0x00, 0x00, 0x00, 0x00, 0x00, 0x00,
    0x00, 0x00, 0x00, 0x00, 0x00, 0x00, 0x00, 0x00, 0x00, 0x00, 0x00, 0x00, 0x00, 0x00, 0x00, 0x00, 0x00, 0x00, 0x00, 0x00,
    0x00, 0x00, 0x00, 0x00, 0x00, 0x00, 0x00, 0x00, 0x00, 0x00, 0x00, 0x00, 0x00, 0x00, 0x00, 0x00, 0x00, 0x00, 0x00, 0x00,
    0x00, 0x00, 0x00, 0x00, 0x00, 0x00, 0x00, 0x00, 0x00, 0x00, 0x00, 0x00, 0x00, 0x00, 0x00, 0x00, 0x00, 0x00, 0x00, 0x00,
    0x00, 0x00, 0x00, 0x00, 0x00, 0x00, 0x00, 0x00, 0x00, 0x00, 0x00, 0x00, 0x00, 0x00, 0x00, 0x00, 0x00, 0x00, 0x00, 0x00,
    0x00, 0x00, 0x00, 0x00, 0x00, 0x00, 0x00, 0x00, 0x00, 0x00, 0x00, 0x00, 0x00, 0x00, 0x00, 0x00, 0x00, 0x00, 0x00, 0x00,
    0x00, 0x00, 0x00, 0x00, 0x00, 0x00, 0x00, 0x00, 0x00, 0x00, 0x00, 0x00, 0x00, 0x00, 0x00, 0x00, 0x00, 0x00, 0x00, 0x00,
    0x00, 0x00, 0x00, 0x00, 0x00, 0x00, 0x00, 0x00, 0x00, 0x00, 0x00, 0x00, 0x00, 0x00, 0x00, 0x00, 0x00, 0x00, 0x00, 0x00,
    0x00, 0x00, 0x00, 0x00, 0x00, 0x00, 0x00, 0x00, 0x00, 0x00, 0x00, 0x00, 0x00, 0x00, 0x00, 0x00, 0x00, 0x00, 0x00, 0x00,
    0x00, 0x00, 0x00, 0x00, 0x00, 0x00, 0x00, 0x00, 0x00, 0x00, 0x00, 0x00, 0x00, 0x00, 0x00, 0x00, 0x00, 0x00, 0x00, 0x00,
    0x00, 0x00, 0x00, 0x00, 0x00, 0x00, 0x00, 0x00, 0x00, 0x00, 0x00, 0x00, 0x00, 0x00, 0x00, 0x00, 0x00, 0x00, 0x00, 0x00,
    0x00, 0x00, 0x00, 0x00, 0x00, 0x00, 0x00, 0x00, 0x00, 0x00, 0x00, 0x00, 0x00, 0x00, 0x00, 0x00, 0x00, 0x00, 0x00, 0x00,
    0x00, 0x00, 0x00, 0x00, 0x00, 0x00, 0x00, 0x00, 0x00, 0x00, 0x00, 0x00, 0x00, 0x00, 0x00, 0x00, 0x00, 0x00, 0x00, 0x00,
    0x00, 0x00, 0x00, 0x00, 0x00, 0x00, 0x00, 0x00, 0x00, 0x00, 0x00, 0x00, 0x00, 0x00, 0x00, 0x00, 0x00, 0x00, 0x00, 0x00,
    0x00, 0x00, 0x00, 0x00, 0x00, 0x00, 0x00, 0x00, 0x00, 0x00, 0x00, 0x00, 0x00, 0x00, 0x00, 0x00, 0x00, 0x00, 0x00, 0x00,
    0x00, 0x00, 0x00, 0x00, 0x00, 0x00, 0x00, 0x00, 0x00, 0x00, 0x00, 0x00, 0x00, 0x00, 0x00, 0x00, 0x00, 0x00, 0x00, 0x00,
    0x00, 0x00, 0x00, 0x00, 0x00, 0x00, 0x00, 0x00, 0x00, 0x00, 0x00, 0x00, 0x00, 0x00, 0x00, 0x00, 0x00, 0x00, 0x00, 0x00,
    0x00, 0x00, 0x00, 0x00, 0x00, 0x00, 0x00, 0x00, 0x00, 0x00, 0x00, 0x00, 0x00, 0x00, 0x00, 0x00, 0x00, 0x00, 0x00, 0x00,
    0x00, 0x00, 0x00, 0x00, 0x00, 0x00, 0x00, 0x00, 0x00, 0x00, 0x00, 0x00, 0x00, 0x00, 0x00, 0x00, 0x00, 0x00, 0x00, 0x00,
    0x00, 0x00, 0x00, 0x00, 0x00, 0x00, 0x00, 0x00, 0x00, 0x00, 0x00, 0x00, 0x00, 0x00, 0x00, 0x00, 0x00, 0x00, 0x00, 0x00,
    0x00, 0x00, 0x00, 0x00, 0x00, 0x00, 0x00, 0x00, 0x00, 0x00, 0x00, 0x00, 0x00, 0x00, 0x00, 0x00, 0x00, 0x00, 0x00, 0x00,
    0x00, 0x00, 0x00, 0x00, 0x00, 0x00, 0x00, 0x00, 0x00, 0x00, 0x00, 0x00, 0x00, 0x00, 0x00, 0x00, 0x00, 0x00, 0x00, 0x00,
    0x00, 0x00, 0x00, 0x00, 0x00, 0x00, 0x00, 0x00, 0x00, 0x00, 0x00, 0x00, 0x00, 0x00, 0x00, 0x00, 0x00, 0x00, 0x00, 0x00,
    0x00, 0x00, 0x00, 0x00, 0x00, 0x00, 0x00, 0x00, 0x00, 0x00, 0x00, 0x00, 0x00, 0x00, 0x00, 0x00, 0x00, 0x00, 0x00, 0x00,
    0x00, 0x00, 0x00, 0x00, 0x00, 0x00, 0x00, 0x00, 0x00, 0x00, 0x00, 0x00, 0x00, 0x00, 0x00, 0x00, 0x00, 0x00, 0x00, 0x00,
    0x00, 0x00, 0x00, 0x00, 0x00, 0x00, 0x00, 0x00, 0x00, 0x00, 0x00, 0x00, 0x00, 0x00, 0x00, 0x00, 0x00, 0x00, 0x00, 0x00,
    0x00, 0x00, 0x00, 0x00, 0x00, 0x00, 0x00, 0x00, 0x00, 0x00, 0x00, 0x00, 0x00, 0x00, 0x00, 0x00, 0x00, 0x00, 0x00, 0x00,
    0x00, 0x00, 0x00, 0x00, 0x00, 0x00, 0x00, 0x00, 0x00, 0x00, 0x00, 0x00, 0x00, 0x00, 0x00, 0x00, 0x00, 0x00, 0x00, 0x00,
    0x00, 0x00, 0x00, 0x00, 0x00, 0x00, 0x00, 0x00, 0x00, 0x00, 0x00, 0x00, 0x00, 0x00, 0x00, 0x00, 0x00, 0x00, 0x00, 0x00,
    0x00, 0x00, 0x00, 0x00, 0x00, 0x00, 0x00, 0x00, 0x00, 0x00, 0x00, 0x00, 0x00, 0x00, 0x00, 0x00, 0x00, 0x00, 0x00, 0x00,
    0x00, 0x00, 0x00, 0x00, 0x00, 0x00, 0x00, 0x00, 0x00, 0x00, 0x00, 0x00, 0x00, 0x00, 0x00, 0x00, 0x00, 0x00, 0x00, 0x00,
    0x00, 0x00, 0x00, 0x00, 0x00, 0x00, 0x00, 0x00, 0x00, 0x00, 0x00, 0x00, 0x00, 0x00, 0x00, 0x00, 0x00, 0x00, 0x00, 0x00,
    0x00, 0x00, 0x00, 0x00, 0x00, 0x00, 0x00, 0x00, 0x00, 0x00, 0x00, 0x00, 0x00, 0x00, 0x00, 0x00, 0x00, 0x00, 0x00, 0x00,
    0x00, 0x00, 0x00, 0x00, 0x00, 0x00, 0x00, 0x00, 0x00, 0x00, 0x00, 0x00, 0x00, 0x00, 0x00, 0x00, 0x00, 0x00, 0x00, 0x00,
    0x00, 0x00, 0x00, 0x00, 0x00, 0x00, 0x00, 0x00, 0x00, 0x00, 0x00, 0x00, 0x00, 0x00, 0x00, 0x00, 0x00, 0x00, 0x00, 0x00,
    0x00, 0x00, 0x00, 0x00, 0x00, 0x00, 0x00, 0x00, 0x00, 0x00, 0x00, 0x00, 0x00, 0x00, 0x00, 0x00, 0x00, 0x00, 0x00, 0x00,
    0x00, 0x00, 0x00, 0x00, 0x00, 0x00, 0x00, 0x00, 0x00, 0x00, 0x00, 0x00, 0x00, 0x00, 0x00, 0x00, 0x00, 0x00, 0x00, 0x00,
    0x00, 0x00, 0x00, 0x00, 0x00, 0x00, 0x00, 0x00, 0x00, 0x00, 0x00, 0x00, 0x00, 0x00, 0x00, 0x00, 0x00, 0x00, 0x00, 0x00,
    0x00, 0x00, 0x00, 0x00, 0x00, 0x00, 0x00, 0x00, 0x00, 0x00, 0x00, 0x00, 0x00, 0x00, 0x00, 0x00, 0x00, 0x00, 0x00, 0x00,
    0x00, 0x00, 0x00, 0x00, 0x00, 0x00, 0x00, 0x00, 0x00, 0x00, 0x00, 0x00, 0x00, 0x00, 0x00, 0x00, 0x00, 0x00, 0x00, 0x00,
    0x00, 0x00, 0x00, 0x00, 0x00, 0x00, 0x00, 0x00, 0x00, 0x00, 0x00, 0x00, 0x00, 0x00, 0x00, 0x00, 0x00, 0x00, 0x00, 0x00,
    0x00, 0x00, 0x00, 0x00, 0x00, 0x00, 0x00, 0x00, 0x00, 0x00, 0x00, 0x00, 0x00, 0x00, 0x00, 0x00, 0x00, 0x00, 0x00, 0x00,
    0x00, 0x00, 0x00, 0x00, 0x00, 0x00, 0x00, 0x00, 0x00, 0x00, 0x00, 0x00, 0x00, 0x00, 0x00, 0x00, 0x00, 0x00, 0x00, 0x00,
    0x00, 0x00, 0x00, 0x00, 0x00, 0x00, 0x00, 0x00, 0x00, 0x00, 0x00, 0x00, 0x00, 0x00, 0x00, 0x00, 0x00, 0x00, 0x00, 0x00,
    0x00, 0x00, 0x00, 0x00, 0x00, 0x00, 0x00, 0x00, 0x00, 0x00, 0x00, 0x00, 0x00, 0x00, 0x00, 0x00, 0x00, 0x00, 0x00, 0x00,
    0x00, 0x00, 0x00, 0x00, 0x00, 0x00, 0x00, 0x00, 0x00, 0x00, 0x00, 0x00, 0x00, 0x00, 0x00, 0x00, 0x00, 0x00, 0x00, 0x00,
    0x00, 0x00, 0x00, 0x00, 0x00, 0x00, 0x00, 0x00, 0x00, 0x00, 0x00, 0x00, 0x00, 0x00, 0x00, 0x00, 0x00, 0x00, 0x00, 0x00,
    0x00, 0x00, 0x00, 0x00, 0x00, 0x00, 0x00, 0x00, 0x00, 0x00, 0x00, 0x00, 0x00, 0x00, 0x00, 0x00, 0x00, 0x00, 0x00, 0x00,
    0x00, 0x00, 0x00, 0x00, 0x00, 0x00, 0x00, 0x00, 0x00, 0x00, 0x00, 0x00, 0x00, 0x00, 0x00, 0x00, 0x00, 0x00, 0x00, 0x00,
    0x00, 0x00, 0x00, 0x00, 0x00, 0x00, 0x00, 0x00, 0x00, 0x00, 0x00, 0x00, 0x00, 0x00, 0x00, 0x00, 0x00, 0x00, 0x00, 0x00,
    0x00, 0x00, 0x00, 0x00, 0x00, 0x00, 0x00, 0x00, 0x00, 0x00, 0x00, 0x00, 0x00, 0x00, 0x00, 0x00, 0x00, 0x00, 0x00, 0x00,
    0x00, 0x00, 0x00, 0x00, 0x00, 0x00, 0x00, 0x00, 0x00, 0x00, 0x00, 0x00, 0x00, 0x00, 0x00, 0x00, 0x00, 0x00, 0x00, 0x00,
    0x00, 0x00, 0x00, 0x00, 0x00, 0x00, 0x00, 0x00, 0x00, 0x00, 0x00, 0x00, 0x00, 0x00, 0x00, 0x00, 0x00, 0x00, 0x00, 0x00,
    0x00, 0x00, 0x00, 0x00, 0x00, 0x00, 0x00, 0x00, 0x00, 0x00, 0x00, 0x00, 0x00, 0x00, 0x00, 0x00, 0x00, 0x00, 0x00, 0x00,
    0x00, 0x00, 0x00, 0x00, 0x00, 0x00, 0x00, 0x00, 0x00, 0x00, 0x00, 0x00, 0x00, 0x00, 0x00, 0x00, 0x00, 0x00, 0x00, 0x00,
    0x00, 0x00, 0x00, 0x00, 0x00, 0x00, 0x00, 0x00, 0x00, 0x00, 0x00, 0x00, 0x00, 0x00, 0x00, 0x00, 0x00, 0x00, 0x00, 0x00,
    0x00, 0x00, 0x00, 0x00, 0x00, 0x00, 0x00, 0x00, 0x00, 0x00, 0x00, 0x00, 0x00, 0x00, 0x00, 0x00, 0x00, 0x00, 0x00, 0x00,
    0x00, 0x00, 0x00, 0x00, 0x00, 0x00, 0x00, 0x00, 0x00, 0x00, 0x00, 0x00, 0x00, 0x00, 0x00, 0x00, 0x00, 0x00, 0x00, 0x00,
    0x00, 0x00, 0x00, 0x00, 0x00, 0x00, 0x00, 0x00, 0x00, 0x00, 0x00, 0x00, 0x00, 0x00, 0x00, 0x00, 0x00, 0x00, 0x00, 0x00,
    0x00, 0x00, 0x00, 0x00, 0x00, 0x00, 0x00, 0x00, 0x00, 0x00, 0x00, 0x00, 0x00, 0x00, 0x00, 0x00, 0x00, 0x00, 0x00, 0x00,
    0x00, 0x00, 0x00, 0x00, 0x00, 0x00, 0x00, 0x00, 0x00, 0x00, 0x00, 0x00, 0x00, 0x00, 0x00, 0x00, 0x00, 0x00, 0x00, 0x00,
    0x00, 0x00, 0x00, 0x00, 0x00, 0x00, 0x00, 0x00, 0x00, 0x00, 0x00, 0x00, 0x00, 0x00, 0x00, 0x00, 0x00, 0x00, 0x00, 0x00,
    0x00, 0x00, 0x00, 0x00, 0x00, 0x00, 0x00, 0x00, 0x00, 0x00, 0x00, 0x00, 0x00, 0x00, 0x00, 0x00, 0x00, 0x00, 0x00, 0x00,
    0x00, 0x00, 0x00, 0x00, 0x00, 0x00, 0x00, 0x00, 0x00, 0x00, 0x00, 0x00, 0x00, 0x00, 0x00, 0x00, 0x00, 0x00, 0x00, 0x00,
    0x00, 0x00, 0x00, 0x00, 0x00, 0x00, 0x00, 0x00, 0x00, 0x00, 0x00, 0x00, 0x00, 0x00, 0x00, 0x00, 0x00, 0x00, 0x00, 0x00,
    0x00, 0x00, 0x00, 0x00, 0x00, 0x00, 0x00, 0x00, 0x00, 0x00, 0x00, 0x00, 0x00, 0x00, 0x00, 0x00, 0x00, 0x00, 0x00, 0x00,
    0x00, 0x00, 0x00, 0x00, 0x00, 0x00, 0x00, 0x00, 0x00, 0x00, 0x00, 0x00, 0x00, 0x00, 0x00, 0x00, 0x00, 0x00, 0x00, 0x00,
    0x00, 0x00, 0x00, 0x00, 0x00, 0x00, 0x00, 0x00, 0x00, 0x00, 0x00, 0x00, 0x00, 0x00, 0x00, 0x00, 0x00, 0x00, 0x00, 0x00,
    0x00, 0x00, 0x00, 0x00, 0x00, 0x00, 0x00, 0x00, 0x00, 0x00, 0x00, 0x00, 0x00, 0x00, 0x00, 0x00, 0x00, 0x00, 0x00, 0x00,
    0x00, 0x00, 0x00, 0x00, 0x00, 0x00, 0x00, 0x00, 0x00, 0x00, 0x00, 0x00, 0x00, 0x00, 0x00, 0x00, 0x00, 0x00, 0x00, 0x00,
    0x00, 0x00, 0x00, 0x00, 0x00, 0x00, 0x00, 0x00, 0x00, 0x00, 0x00, 0x00, 0x00, 0x00, 0x00, 0x00, 0x00, 0x00, 0x00, 0x00,
    0x00, 0x00, 0x00, 0x00, 0x00, 0x00, 0x00, 0x00, 0x00, 0x00, 0x00, 0x00, 0x00, 0x00, 0x00, 0x00, 0x00, 0x00, 0x00, 0x00,
    0x00, 0x00, 0x00, 0x00, 0x00, 0x00, 0x00, 0x00, 0x00, 0x00, 0x00, 0x00, 0x00, 0x00, 0x00, 0x00, 0x00, 0x00, 0x00, 0x00,
    0x00, 0x00, 0x00, 0x00, 0x00, 0x00, 0x00, 0x00, 0x00, 0x00, 0x00, 0x00, 0x00, 0x00, 0x00, 0x00, 0x00, 0x00, 0x00, 0x00,
    0x00, 0x00, 0x00, 0x00, 0x00, 0x00, 0x00, 0x00, 0x00, 0x00, 0x00, 0x00, 0x00, 0x00, 0x00, 0x00, 0x00, 0x00, 0x00, 0x00,
    0x00, 0x00, 0x00, 0x00, 0x00, 0x00, 0x00, 0x00, 0x00, 0x00, 0x00, 0x00, 0x00, 0x00, 0x00, 0x00, 0x00, 0x00, 0x00, 0x00,
    0x00, 0x00, 0x00, 0x00, 0x00, 0x00, 0x00, 0x00, 0x00, 0x00, 0x00, 0x00, 0x00, 0x00, 0x00, 0x00, 0x00, 0x00, 0x00, 0x00,
    0x00, 0x00, 0x00, 0x00, 0x00, 0x00, 0x00, 0x00, 0x00, 0x00, 0x00, 0x00, 0x00, 0x00, 0x00, 0x00, 0x00, 0x00, 0x00, 0x00,
    0x00, 0x00, 0x00, 0x00, 0x00, 0x00, 0x00, 0x00, 0x00, 0x00, 0x00, 0x00, 0x00, 0x00, 0x00, 0x00, 0x00, 0x00, 0x00, 0x00,
    0x00, 0x00, 0x00, 0x00, 0x00, 0x00, 0x00, 0x00, 0x00, 0x00, 0x00, 0x00, 0x00, 0x00, 0x00, 0x00, 0x00, 0x00, 0x00, 0x00,
    0x00, 0x00, 0x00, 0x00, 0x00, 0x00, 0x00, 0x00, 0x00, 0x00, 0x00, 0x00, 0x00, 0x00, 0x00, 0x00, 0x00, 0x00, 0x00, 0x00,
    0x00, 0x00, 0x00, 0x00, 0x00, 0x00, 0x00, 0x00, 0x00, 0x00, 0x00, 0x00, 0x00, 0x00, 0x00, 0x00, 0x00, 0x00, 0x00, 0x00,
    0x00, 0x00, 0x00, 0x00, 0x00, 0x00, 0x00, 0x00, 0x00, 0x00, 0x00, 0x00, 0x00, 0x00, 0x00, 0x00, 0x00, 0x00, 0x00, 0x00,
    0x00, 0x00, 0x00, 0x00, 0x00, 0x00, 0x00, 0x00, 0x00, 0x00, 0x00, 0x00, 0x00, 0x00, 0x00, 0x00, 0x00, 0x00, 0x00, 0x00,
    0x00, 0x00, 0x00, 0x00, 0x00, 0x00, 0x00, 0x00, 0x00, 0x00, 0x00, 0x00, 0x00, 0x00, 0x00, 0x00, 0x00, 0x00, 0x00, 0x00,
    0x00, 0x00, 0x00, 0x00, 0x00, 0x00, 0x00, 0x00, 0x00, 0x00, 0x00, 0x00, 0x00, 0x00, 0x00, 0x00, 0x00, 0x00, 0x00, 0x00,
    0x00, 0x00, 0x00, 0x00, 0x00, 0x00, 0x00, 0x00, 0x00, 0x00, 0x00, 0x00, 0x00, 0x00, 0x00, 0x00, 0x00, 0x00, 0x00, 0x00,
    0x00, 0x00, 0x00, 0x00, 0x00, 0x00, 0x00, 0x00, 0x00, 0x00, 0x00, 0x00, 0x00, 0x00, 0x00, 0x00, 0x00, 0x00, 0x00, 0x00,
    0x00, 0x00, 0x00, 0x00, 0x00, 0x00, 0x00, 0x00, 0x00, 0x00, 0x00, 0x00, 0x00, 0x00, 0x00, 0x00, 0x00, 0x00, 0x00, 0x00,
    0x00, 0x00, 0x00, 0x00, 0x00, 0x00, 0x00, 0x00, 0x00, 0x00, 0x00, 0x00, 0x00, 0x00, 0x00, 0x00, 0x00, 0x00, 0x00, 0x00,
    0x00, 0x00, 0x00, 0x00, 0x00, 0x00, 0x00, 0x00, 0x00, 0x00, 0x00, 0x00, 0x00, 0x00, 0x00, 0x00, 0x00, 0x00, 0x00, 0x00,
    0x00, 0x00, 0x00, 0x00, 0x00, 0x00, 0x00, 0x00, 0x00, 0x00, 0x00, 0x00, 0x00, 0x00, 0x00, 0x00, 0x00, 0x00, 0x00, 0x00,
    0x00, 0x00, 0x00, 0x00, 0x00, 0x00, 0x00, 0x00, 0x00, 0x00, 0x00, 0x00, 0x00, 0x00, 0x00, 0x00, 0x00, 0x00, 0x00, 0x00,
    0x00, 0x00, 0x00, 0x00, 0x00, 0x00, 0x00, 0x00, 0x00, 0x00, 0x00, 0x00, 0x00, 0x00, 0x00, 0x00, 0x00, 0x00, 0x00, 0x00,
    0x00, 0x00, 0x00, 0x00, 0x00, 0x00, 0x00, 0x00, 0x00, 0x00, 0x00, 0x00, 0x00, 0x00, 0x00, 0x00, 0x00, 0x00, 0x00, 0x00,
    0x00, 0x00, 0x00, 0x00, 0x00, 0x00, 0x00, 0x00, 0x00, 0x00, 0x00, 0x00, 0x00, 0x00, 0x00, 0x00, 0x00, 0x00, 0x00, 0x00,
    0x00, 0x00, 0x00, 0x00, 0x00, 0x00, 0x00, 0x00, 0x00, 0x00, 0x00, 0x00, 0x00, 0x00, 0x00, 0x00, 0x00, 0x00, 0x00, 0x00,
    0x00, 0x00, 0x00, 0x00, 0x00, 0x00, 0x00, 0x00, 0x00, 0x00, 0x00, 0x00, 0x00, 0x00, 0x00, 0x00, 0x00, 0x00, 0x00, 0x00,
};

const lv_image_dsc_t icon_lets_and_go = {
    .header.cf    = LV_COLOR_FORMAT_RGB565,
    .header.magic = LV_IMAGE_HEADER_MAGIC,
    .header.w     = 200,
    .header.h     = 200,
    .data_size    = 40000 * 2,
    .data         = icon_lets_and_go_map,
};
