#ifdef __has_include
#if __has_include("lvgl.h")
#ifndef LV_LVGL_H_INCLUDE_SIMPLE
#define LV_LVGL_H_INCLUDE_SIMPLE
#endif
#endif
#endif

#if defined(LV_LVGL_H_INCLUDE_SIMPLE)
#include "lvgl.h"
#else
#include "lvgl/lvgl.h"
#endif

#ifndef LV_ATTRIBUTE_MEM_ALIGN
#define LV_ATTRIBUTE_MEM_ALIGN
#endif

#ifndef LV_ATTRIBUTE_IMAGE_ICON_FRUIT_SNAKE
#define LV_ATTRIBUTE_IMAGE_ICON_FRUIT_SNAKE
#endif

const LV_ATTRIBUTE_MEM_ALIGN LV_ATTRIBUTE_LARGE_CONST LV_ATTRIBUTE_IMAGE_ICON_FRUIT_SNAKE uint8_t icon_fruit_snake_map[] = {
    0x00, 0x00, 0x00, 0x00, 0x00, 0x00, 0x00, 0x00, 0x00, 0x00, 0x00, 0x00, 0x00, 0x00, 0x00, 0x00, 0x00, 0x00, 0x00, 0x00,
    0x00, 0x00, 0x00, 0x00, 0x00, 0x00, 0x00, 0x00, 0x00, 0x00, 0x00, 0x00, 0x00, 0x00, 0x00, 0x00, 0x00, 0x00, 0x00, 0x00,
    0x00, 0x00, 0x00, 0x00, 0x00, 0x00, 0x00, 0x00, 0x00, 0x00, 0x00, 0x00, 0x00, 0x00, 0x00, 0x00, 0x00, 0x00, 0x00, 0x00,
    0x00, 0x00, 0x00, 0x00, 0x00, 0x00, 0x00, 0x00, 0x00, 0x00, 0x00, 0x00, 0x00, 0x00, 0x00, 0x00, 0x00, 0x00, 0x00, 0x00,
    0x00, 0x00, 0x00, 0x00, 0x00, 0x00, 0x00, 0x00, 0x00, 0x00, 0x00, 0x00, 0x00, 0x00, 0x00, 0x00, 0x00, 0x00, 0x00, 0x00,
    0x00, 0x00, 0x00, 0x00, 0x00, 0x00, 0x00, 0x00, 0x00, 0x00, 0x00, 0x00, 0x00, 0x00, 0x00, 0x00, 0x00, 0x00, 0x00, 0x00,
    0x00, 0x00, 0x00, 0x00, 0x00, 0x00, 0x00, 0x00, 0x00, 0x00, 0x00, 0x00, 0x00, 0x00, 0x00, 0x00, 0x00, 0x00, 0x00, 0x00,
    0x00, 0x00, 0x00, 0x00, 0x00, 0x00, 0x00, 0x00, 0x00, 0x00, 0x00, 0x00, 0x00, 0x00, 0x00, 0x00, 0x00, 0x00, 0x00, 0x00,
    0x00, 0x00, 0x00, 0x00, 0x00, 0x00, 0x00, 0x00, 0x00, 0x00, 0x00, 0x00, 0x00, 0x00, 0x00, 0x00, 0x00, 0x00, 0x00, 0x00,
    0x00, 0x00, 0x00, 0x00, 0x00, 0x00, 0x00, 0x00, 0x00, 0x00, 0x00, 0x00, 0x00, 0x00, 0x00, 0x00, 0x00, 0x00, 0x00, 0x00,
    0x00, 0x00, 0x00, 0x00, 0x00, 0x00, 0x00, 0x00, 0x00, 0x00, 0x00, 0x00, 0x00, 0x00, 0x00, 0x00, 0x00, 0x00, 0x00, 0x00,
    0x00, 0x00, 0x00, 0x00, 0x00, 0x00, 0x00, 0x00, 0x00, 0x00, 0x00, 0x00, 0x00, 0x00, 0x00, 0x00, 0x00, 0x00, 0x00, 0x00,
    0x00, 0x00, 0x00, 0x00, 0x00, 0x00, 0x00, 0x00, 0x00, 0x00, 0x00, 0x00, 0x00, 0x00, 0x00, 0x00, 0x00, 0x00, 0x00, 0x00,
    0x00, 0x00, 0x00, 0x00, 0x00, 0x00, 0x00, 0x00, 0x00, 0x00, 0x00, 0x00, 0x00, 0x00, 0x00, 0x00, 0x00, 0x00, 0x00, 0x00,
    0x00, 0x00, 0x00, 0x00, 0x00, 0x00, 0x00, 0x00, 0x00, 0x00, 0x00, 0x00, 0x00, 0x00, 0x00, 0x00, 0x00, 0x00, 0x00, 0x00,
    0x00, 0x00, 0x00, 0x00, 0x00, 0x00, 0x00, 0x00, 0x00, 0x00, 0x00, 0x00, 0x00, 0x00, 0x00, 0x00, 0x00, 0x00, 0x00, 0x00,
    0x00, 0x00, 0x00, 0x00, 0x00, 0x00, 0x00, 0x00, 0x00, 0x00, 0x00, 0x00, 0x00, 0x00, 0x00, 0x00, 0x00, 0x00, 0x00, 0x00,
    0x00, 0x00, 0x00, 0x00, 0x00, 0x00, 0x00, 0x00, 0x00, 0x00, 0x00, 0x00, 0x00, 0x00, 0x00, 0x00, 0x00, 0x00, 0x00, 0x00,
    0x00, 0x00, 0x00, 0x00, 0x00, 0x00, 0x00, 0x00, 0x00, 0x00, 0x00, 0x00, 0x00, 0x00, 0x00, 0x00, 0x00, 0x00, 0x00, 0x00,
    0x00, 0x00, 0x00, 0x00, 0x00, 0x00, 0x00, 0x00, 0x00, 0x00, 0x00, 0x00, 0x00, 0x00, 0x00, 0x00, 0x00, 0x00, 0x00, 0x00,
    0x00, 0x00, 0x00, 0x00, 0x00, 0x00, 0x00, 0x00, 0x00, 0x00, 0x00, 0x00, 0x00, 0x00, 0x00, 0x00, 0x00, 0x00, 0x00, 0x00,
    0x00, 0x00, 0x00, 0x00, 0x00, 0x00, 0x00, 0x00, 0x00, 0x00, 0x00, 0x00, 0x00, 0x00, 0x00, 0x00, 0x00, 0x00, 0x00, 0x00,
    0x00, 0x00, 0x00, 0x00, 0x00, 0x00, 0x00, 0x00, 0x00, 0x00, 0x00, 0x00, 0x00, 0x00, 0x00, 0x00, 0x00, 0x00, 0x00, 0x00,
    0x00, 0x00, 0x00, 0x00, 0x00, 0x00, 0x00, 0x00, 0x00, 0x00, 0x00, 0x00, 0x00, 0x00, 0x00, 0x00, 0x00, 0x00, 0x00, 0x00,
    0x00, 0x00, 0x00, 0x00, 0x00, 0x00, 0x00, 0x00, 0x00, 0x00, 0x00, 0x00, 0x00, 0x00, 0x00, 0x00, 0x00, 0x00, 0x00, 0x00,
    0x00, 0x00, 0x00, 0x00, 0x00, 0x00, 0x00, 0x00, 0x00, 0x00, 0x00, 0x00, 0x00, 0x00, 0x00, 0x00, 0x00, 0x00, 0x00, 0x00,
    0x00, 0x00, 0x00, 0x00, 0x00, 0x00, 0x00, 0x00, 0x00, 0x00, 0x00, 0x00, 0x00, 0x00, 0x00, 0x00, 0x00, 0x00, 0x00, 0x00,
    0x00, 0x00, 0x00, 0x00, 0x00, 0x00, 0x00, 0x00, 0x00, 0x00, 0x00, 0x00, 0x00, 0x00, 0x00, 0x00, 0x00, 0x00, 0x00, 0x00,
    0x00, 0x00, 0x00, 0x00, 0x00, 0x00, 0x00, 0x00, 0x00, 0x00, 0x00, 0x00, 0x00, 0x00, 0x00, 0x00, 0x00, 0x00, 0x00, 0x00,
    0x00, 0x00, 0x00, 0x00, 0x00, 0x00, 0x00, 0x00, 0x00, 0x00, 0x00, 0x00, 0x00, 0x00, 0x00, 0x00, 0x00, 0x00, 0x00, 0x00,
    0x00, 0x00, 0x00, 0x00, 0x00, 0x00, 0x00, 0x00, 0x00, 0x00, 0x00, 0x00, 0x00, 0x00, 0x00, 0x00, 0x00, 0x00, 0x00, 0x00,
    0x00, 0x00, 0x00, 0x00, 0x00, 0x00, 0x00, 0x00, 0x00, 0x00, 0x00, 0x00, 0x00, 0x00, 0x00, 0x00, 0x00, 0x00, 0x00, 0x00,
    0x00, 0x00, 0x00, 0x00, 0x00, 0x00, 0x00, 0x00, 0x00, 0x00, 0x00, 0x00, 0x00, 0x00, 0x00, 0x00, 0x00, 0x00, 0x00, 0x00,
    0x00, 0x00, 0x00, 0x00, 0x00, 0x00, 0x00, 0x00, 0x00, 0x00, 0x00, 0x00, 0x00, 0x00, 0x00, 0x00, 0x00, 0x00, 0x00, 0x00,
    0x00, 0x00, 0x00, 0x00, 0x00, 0x00, 0x00, 0x00, 0x00, 0x00, 0x00, 0x00, 0x00, 0x00, 0x00, 0x00, 0x00, 0x00, 0x00, 0x00,
    0x00, 0x00, 0x00, 0x00, 0x00, 0x00, 0x00, 0x00, 0x00, 0x00, 0x00, 0x00, 0x00, 0x00, 0x00, 0x00, 0x00, 0x00, 0x00, 0x00,
    0x00, 0x00, 0x00, 0x00, 0x00, 0x00, 0x00, 0x00, 0x00, 0x00, 0x00, 0x00, 0x00, 0x00, 0x00, 0x00, 0x00, 0x00, 0x00, 0x00,
    0x00, 0x00, 0x00, 0x00, 0x00, 0x00, 0x00, 0x00, 0x00, 0x00, 0x00, 0x00, 0x00, 0x00, 0x00, 0x00, 0x00, 0x00, 0x00, 0x00,
    0x00, 0x00, 0x00, 0x00, 0x00, 0x00, 0x00, 0x00, 0x00, 0x00, 0x00, 0x00, 0x00, 0x00, 0x00, 0x00, 0x00, 0x00, 0x00, 0x00,
    0x00, 0x00, 0x00, 0x00, 0x00, 0x00, 0x00, 0x00, 0x00, 0x00, 0x00, 0x00, 0x00, 0x00, 0x00, 0x00, 0x00, 0x00, 0x00, 0x00,
    0x00, 0x00, 0x00, 0x00, 0x00, 0x00, 0x00, 0x00, 0x00, 0x00, 0x00, 0x00, 0x00, 0x00, 0x00, 0x00, 0x00, 0x00, 0x00, 0x00,
    0x00, 0x00, 0x00, 0x00, 0x00, 0x00, 0x00, 0x00, 0x00, 0x00, 0x00, 0x00, 0x00, 0x00, 0x00, 0x00, 0x00, 0x00, 0x00, 0x00,
    0x00, 0x00, 0x00, 0x00, 0x00, 0x00, 0x00, 0x00, 0x00, 0x00, 0x00, 0x00, 0x00, 0x00, 0x00, 0x00, 0x00, 0x00, 0x00, 0x00,
    0x00, 0x00, 0x00, 0x00, 0x00, 0x00, 0x00, 0x00, 0x00, 0x00, 0x00, 0x00, 0x00, 0x00, 0x00, 0x00, 0x00, 0x00, 0x00, 0x00,
    0x00, 0x00, 0x00, 0x00, 0x00, 0x00, 0x00, 0x00, 0x00, 0x00, 0x00, 0x00, 0x00, 0x00, 0x00, 0x00, 0x00, 0x00, 0x00, 0x00,
    0x00, 0x00, 0x00, 0x00, 0x00, 0x00, 0x00, 0x00, 0x00, 0x00, 0x00, 0x00, 0x00, 0x00, 0x00, 0x00, 0x00, 0x00, 0x00, 0x00,
    0x00, 0x00, 0x00, 0x00, 0x00, 0x00, 0x00, 0x00, 0x00, 0x00, 0x00, 0x00, 0x00, 0x00, 0x00, 0x00, 0x00, 0x00, 0x00, 0x00,
    0x00, 0x00, 0x00, 0x00, 0x00, 0x00, 0x00, 0x00, 0x00, 0x00, 0x00, 0x00, 0x00, 0x00, 0x00, 0x00, 0x00, 0x00, 0x00, 0x00,
    0x00, 0x00, 0x00, 0x00, 0x00, 0x00, 0x00, 0x00, 0x00, 0x00, 0x00, 0x00, 0x00, 0x00, 0x00, 0x00, 0x00, 0x00, 0x00, 0x00,
    0x00, 0x00, 0x00, 0x00, 0x00, 0x00, 0x00, 0x00, 0x00, 0x00, 0x00, 0x00, 0x00, 0x00, 0x00, 0x00, 0x00, 0x00, 0x00, 0x00,
    0x00, 0x00, 0x00, 0x00, 0x00, 0x00, 0x00, 0x00, 0x00, 0x00, 0x00, 0x00, 0x00, 0x00, 0x00, 0x00, 0x00, 0x00, 0x00, 0x00,
    0x00, 0x00, 0x00, 0x00, 0x00, 0x00, 0x00, 0x00, 0x00, 0x00, 0x00, 0x00, 0x00, 0x00, 0x00, 0x00, 0x00, 0x00, 0x00, 0x00,
    0x00, 0x00, 0x00, 0x00, 0x00, 0x00, 0x00, 0x00, 0x00, 0x00, 0x00, 0x00, 0x00, 0x00, 0x00, 0x00, 0x00, 0x00, 0x00, 0x00,
    0x00, 0x00, 0x00, 0x00, 0x00, 0x00, 0x00, 0x00, 0x00, 0x00, 0x00, 0x00, 0x00, 0x00, 0x00, 0x00, 0x00, 0x00, 0x00, 0x00,
    0x00, 0x00, 0x00, 0x00, 0x00, 0x00, 0x00, 0x00, 0x00, 0x00, 0x00, 0x00, 0x00, 0x00, 0x00, 0x00, 0x00, 0x00, 0x00, 0x00,
    0x00, 0x00, 0x00, 0x00, 0x00, 0x00, 0x00, 0x00, 0x00, 0x00, 0x00, 0x00, 0x00, 0x00, 0x00, 0x00, 0x00, 0x00, 0x00, 0x00,
    0x00, 0x00, 0x00, 0x00, 0x00, 0x00, 0x00, 0x00, 0x00, 0x00, 0x00, 0x00, 0x00, 0x00, 0x00, 0x00, 0x00, 0x00, 0x00, 0x00,
    0x00, 0x00, 0x00, 0x00, 0x00, 0x00, 0x00, 0x00, 0x00, 0x00, 0x00, 0x00, 0x00, 0x00, 0x00, 0x00, 0x00, 0x00, 0x00, 0x00,
    0x00, 0x00, 0x00, 0x00, 0x00, 0x00, 0x00, 0x00, 0x00, 0x00, 0x00, 0x00, 0x00, 0x00, 0x00, 0x00, 0x00, 0x00, 0x00, 0x00,
    0x00, 0x00, 0x00, 0x00, 0x00, 0x00, 0x00, 0x00, 0x00, 0x00, 0x00, 0x00, 0x00, 0x00, 0x00, 0x00, 0x00, 0x00, 0x00, 0x00,
    0x00, 0x00, 0x00, 0x00, 0x00, 0x00, 0x00, 0x00, 0x00, 0x00, 0x00, 0x00, 0x00, 0x00, 0x00, 0x00, 0x00, 0x00, 0x00, 0x00,
    0x00, 0x00, 0x00, 0x00, 0x00, 0x00, 0x00, 0x00, 0x00, 0x00, 0x00, 0x00, 0x00, 0x00, 0x00, 0x00, 0x00, 0x00, 0x00, 0x00,
    0x00, 0x00, 0x00, 0x00, 0x00, 0x00, 0x00, 0x00, 0x00, 0x00, 0x00, 0x00, 0x00, 0x00, 0x00, 0x00, 0x00, 0x00, 0x00, 0x00,
    0x00, 0x00, 0x00, 0x00, 0x00, 0x00, 0x00, 0x00, 0x00, 0x00, 0x00, 0x00, 0x00, 0x00, 0x00, 0x00, 0x00, 0x00, 0x00, 0x00,
    0x00, 0x00, 0x00, 0x00, 0x00, 0x00, 0x00, 0x00, 0x00, 0x00, 0x00, 0x00, 0x00, 0x00, 0x00, 0x00, 0x00, 0x00, 0x00, 0x00,
    0x00, 0x00, 0x00, 0x00, 0x00, 0x00, 0x00, 0x00, 0x00, 0x00, 0x00, 0x00, 0x00, 0x00, 0x00, 0x00, 0x00, 0x00, 0x00, 0x00,
    0x00, 0x00, 0x00, 0x00, 0x00, 0x00, 0x00, 0x00, 0x00, 0x00, 0x00, 0x00, 0x00, 0x00, 0x00, 0x00, 0x00, 0x00, 0x00, 0x00,
    0x00, 0x00, 0x00, 0x00, 0x00, 0x00, 0x00, 0x00, 0x00, 0x00, 0x00, 0x00, 0x00, 0x00, 0x00, 0x00, 0x00, 0x00, 0x00, 0x00,
    0x00, 0x00, 0x00, 0x00, 0x00, 0x00, 0x00, 0x00, 0x00, 0x00, 0x00, 0x00, 0x00, 0x00, 0x00, 0x00, 0x00, 0x00, 0x00, 0x00,
    0x00, 0x00, 0x00, 0x00, 0x00, 0x00, 0x00, 0x00, 0x00, 0x00, 0x00, 0x00, 0x00, 0x00, 0x00, 0x00, 0x00, 0x00, 0x00, 0x00,
    0x00, 0x00, 0x00, 0x00, 0x00, 0x00, 0x00, 0x00, 0x00, 0x00, 0x00, 0x00, 0x00, 0x00, 0x00, 0x00, 0x00, 0x00, 0x00, 0x00,
    0x00, 0x00, 0x00, 0x00, 0x00, 0x00, 0x00, 0x00, 0x00, 0x00, 0x00, 0x00, 0x00, 0x00, 0x00, 0x00, 0x00, 0x00, 0x00, 0x00,
    0x00, 0x00, 0x00, 0x00, 0x00, 0x00, 0x00, 0x00, 0x00, 0x00, 0x00, 0x00, 0x00, 0x00, 0x00, 0x00, 0x00, 0x00, 0x00, 0x00,
    0x00, 0x00, 0x00, 0x00, 0x00, 0x00, 0x00, 0x00, 0x00, 0x00, 0x00, 0x00, 0x00, 0x00, 0x00, 0x00, 0x00, 0x00, 0x00, 0x00,
    0x00, 0x00, 0x00, 0x00, 0x00, 0x00, 0x00, 0x00, 0x00, 0x00, 0x00, 0x00, 0x00, 0x00, 0x00, 0x00, 0x00, 0x00, 0x00, 0x00,
    0x00, 0x00, 0x00, 0x00, 0x00, 0x00, 0x00, 0x00, 0x00, 0x00, 0x00, 0x00, 0x00, 0x00, 0x00, 0x00, 0x00, 0x00, 0x00, 0x00,
    0x00, 0x00, 0x00, 0x00, 0x00, 0x00, 0x00, 0x00, 0x00, 0x00, 0x00, 0x00, 0x00, 0x00, 0x00, 0x00, 0x00, 0x00, 0x00, 0x00,
    0x00, 0x00, 0x00, 0x00, 0x00, 0x00, 0x00, 0x00, 0x00, 0x00, 0x00, 0x00, 0x00, 0x00, 0x00, 0x00, 0x00, 0x00, 0x00, 0x00,
    0x00, 0x00, 0x00, 0x00, 0x00, 0x00, 0x00, 0x00, 0x00, 0x00, 0x00, 0x00, 0x00, 0x00, 0x00, 0x00, 0x00, 0x00, 0x00, 0x00,
    0x00, 0x00, 0x00, 0x00, 0x00, 0x00, 0x00, 0x00, 0x00, 0x00, 0x00, 0x00, 0x00, 0x00, 0x00, 0x00, 0x00, 0x00, 0x00, 0x00,
    0x00, 0x00, 0x00, 0x00, 0x00, 0x00, 0x00, 0x00, 0x00, 0x00, 0x00, 0x00, 0x00, 0x00, 0x00, 0x00, 0x00, 0x00, 0x00, 0x00,
    0x00, 0x00, 0x00, 0x00, 0x00, 0x00, 0x00, 0x00, 0x00, 0x00, 0x00, 0x00, 0x00, 0x00, 0x00, 0x00, 0x00, 0x00, 0x00, 0x00,
    0x00, 0x00, 0x00, 0x00, 0x00, 0x00, 0x00, 0x00, 0x00, 0x00, 0x00, 0x00, 0x00, 0x00, 0x00, 0x00, 0x00, 0x00, 0x00, 0x00,
    0x00, 0x00, 0x00, 0x00, 0x00, 0x00, 0x00, 0x00, 0x00, 0x00, 0x00, 0x00, 0x00, 0x00, 0x00, 0x00, 0x00, 0x00, 0x00, 0x00,
    0x00, 0x00, 0x00, 0x00, 0x00, 0x00, 0x00, 0x00, 0x00, 0x00, 0x00, 0x00, 0x00, 0x00, 0x00, 0x00, 0x00, 0x00, 0x00, 0x00,
    0x00, 0x00, 0x00, 0x00, 0x00, 0x00, 0x00, 0x00, 0x00, 0x00, 0x00, 0x00, 0x00, 0x00, 0x00, 0x00, 0x00, 0x00, 0x00, 0x00,
    0x00, 0x00, 0x00, 0x00, 0x00, 0x00, 0x00, 0x00, 0x00, 0x00, 0x00, 0x00, 0x00, 0x00, 0x00, 0x00, 0x00, 0x00, 0x00, 0x00,
    0x00, 0x00, 0x00, 0x00, 0x00, 0x00, 0x00, 0x00, 0x00, 0x00, 0x00, 0x00, 0x00, 0x00, 0x00, 0x00, 0x00, 0x00, 0x00, 0x00,
    0x00, 0x00, 0x00, 0x00, 0x00, 0x00, 0x00, 0x00, 0x00, 0x00, 0x00, 0x00, 0x00, 0x00, 0x00, 0x00, 0x00, 0x00, 0x00, 0x00,
    0x00, 0x00, 0x00, 0x00, 0x00, 0x00, 0x00, 0x00, 0x00, 0x00, 0x00, 0x00, 0x00, 0x00, 0x00, 0x00, 0x00, 0x00, 0x00, 0x00,
    0x00, 0x00, 0x00, 0x00, 0x00, 0x00, 0x00, 0x00, 0x00, 0x00, 0x00, 0x00, 0x00, 0x00, 0x00, 0x00, 0x00, 0x00, 0x00, 0x00,
    0x00, 0x00, 0x00, 0x00, 0x00, 0x00, 0x00, 0x00, 0x00, 0x00, 0x00, 0x00, 0x00, 0x00, 0x00, 0x00, 0x00, 0x00, 0x00, 0x00,
    0x00, 0x00, 0x00, 0x00, 0x00, 0x00, 0x00, 0x00, 0x00, 0x00, 0x00, 0x00, 0x00, 0x00, 0x00, 0x00, 0x00, 0x00, 0x00, 0x00,
    0x00, 0x00, 0x00, 0x00, 0x00, 0x00, 0x00, 0x00, 0x00, 0x00, 0x00, 0x00, 0x00, 0x00, 0x00, 0x00, 0x00, 0x00, 0x00, 0x00,
    0x00, 0x00, 0x00, 0x00, 0x00, 0x00, 0x00, 0x00, 0x00, 0x00, 0x00, 0x00, 0x00, 0x00, 0x00, 0x00, 0x00, 0x00, 0x00, 0x00,
    0x00, 0x00, 0x00, 0x00, 0x00, 0x00, 0x00, 0x00, 0x00, 0x00, 0x00, 0x00, 0x00, 0x00, 0x00, 0x00, 0x00, 0x00, 0x00, 0x00,
    0x00, 0x00, 0x00, 0x00, 0x00, 0x00, 0x00, 0x00, 0x00, 0x00, 0x00, 0x00, 0x00, 0x00, 0x00, 0x00, 0x00, 0x00, 0x00, 0x00,
    0x00, 0x00, 0x00, 0x00, 0x00, 0x00, 0x00, 0x00, 0x00, 0x00, 0x00, 0x00, 0x00, 0x00, 0x00, 0x00, 0x00, 0x00, 0x00, 0x00,
    0x00, 0x00, 0x00, 0x00, 0x00, 0x00, 0x00, 0x00, 0x00, 0x00, 0x00, 0x00, 0x00, 0x00, 0x00, 0x00, 0x00, 0x00, 0x00, 0x00,
    0x00, 0x00, 0x00, 0x00, 0x00, 0x00, 0x00, 0x00, 0x00, 0x00, 0x00, 0x00, 0x00, 0x00, 0x00, 0x00, 0x00, 0x00, 0x00, 0x00,
    0x00, 0x00, 0x00, 0x00, 0x00, 0x00, 0x00, 0x00, 0x00, 0x00, 0x00, 0x00, 0x00, 0x00, 0x00, 0x00, 0x00, 0x00, 0x00, 0x00,
    0x00, 0x00, 0x00, 0x00, 0x00, 0x00, 0x00, 0x00, 0x00, 0x00, 0x00, 0x00, 0x00, 0x00, 0x00, 0x00, 0x00, 0x00, 0x00, 0x00,
    0x00, 0x00, 0x00, 0x00, 0x00, 0x00, 0x00, 0x00, 0x00, 0x00, 0x00, 0x00, 0x00, 0x00, 0x00, 0x00, 0x00, 0x00, 0x00, 0x00,
    0x00, 0x00, 0x00, 0x00, 0x00, 0x00, 0x00, 0x00, 0x00, 0x00, 0x00, 0x00, 0x00, 0x00, 0x00, 0x00, 0x00, 0x00, 0x00, 0x00,
    0x00, 0x00, 0x00, 0x00, 0x00, 0x00, 0x00, 0x00, 0x00, 0x00, 0x00, 0x00, 0x00, 0x00, 0x00, 0x00, 0x00, 0x00, 0x00, 0x00,
    0x00, 0x00, 0x00, 0x00, 0x00, 0x00, 0x00, 0x00, 0x00, 0x00, 0x00, 0x00, 0x00, 0x00, 0x00, 0x00, 0x00, 0x00, 0x00, 0x00,
    0x00, 0x00, 0x00, 0x00, 0x00, 0x00, 0x00, 0x00, 0x00, 0x00, 0x00, 0x00, 0x00, 0x00, 0x00, 0x00, 0x00, 0x00, 0x00, 0x00,
    0x00, 0x00, 0x00, 0x00, 0x00, 0x00, 0x00, 0x00, 0x00, 0x00, 0x00, 0x00, 0x00, 0x00, 0x00, 0x00, 0x00, 0x00, 0x00, 0x00,
    0x00, 0x00, 0x00, 0x00, 0x00, 0x00, 0x00, 0x00, 0x00, 0x00, 0x00, 0x00, 0x00, 0x00, 0x00, 0x00, 0x00, 0x00, 0x00, 0x00,
    0x00, 0x00, 0x00, 0x00, 0x00, 0x00, 0x00, 0x00, 0x00, 0x00, 0x00, 0x00, 0x00, 0x00, 0x00, 0x00, 0x00, 0x00, 0x00, 0x00,
    0x00, 0x00, 0x00, 0x00, 0x00, 0x00, 0x00, 0x00, 0x00, 0x00, 0x00, 0x00, 0x00, 0x00, 0x00, 0x00, 0x00, 0x00, 0x00, 0x00,
    0x00, 0x00, 0x00, 0x00, 0x00, 0x00, 0x00, 0x00, 0x00, 0x00, 0x00, 0x00, 0x00, 0x00, 0x00, 0x00, 0x00, 0x00, 0x00, 0x00,
    0x00, 0x00, 0x00, 0x00, 0x00, 0x00, 0x00, 0x00, 0x00, 0x00, 0x00, 0x00, 0x00, 0x00, 0x00, 0x00, 0x00, 0x00, 0x00, 0x00,
    0x00, 0x00, 0x00, 0x00, 0x00, 0x00, 0x00, 0x00, 0x00, 0x00, 0x00, 0x00, 0x00, 0x00, 0x00, 0x00, 0x00, 0x00, 0x00, 0x00,
    0x00, 0x00, 0x00, 0x00, 0x00, 0x00, 0x00, 0x00, 0x00, 0x00, 0x00, 0x00, 0x00, 0x00, 0x00, 0x00, 0x00, 0x00, 0x00, 0x00,
    0x00, 0x00, 0x00, 0x00, 0x00, 0x00, 0x00, 0x00, 0x00, 0x00, 0x00, 0x00, 0x00, 0x00, 0x00, 0x00, 0x00, 0x00, 0x00, 0x00,
    0x00, 0x00, 0x00, 0x00, 0x00, 0x00, 0x00, 0x00, 0x00, 0x00, 0x00, 0x00, 0x00, 0x00, 0x00, 0x00, 0x00, 0x00, 0x00, 0x00,
    0x00, 0x00, 0x00, 0x00, 0x00, 0x00, 0x00, 0x00, 0x00, 0x00, 0x00, 0x00, 0x00, 0x00, 0x00, 0x00, 0x00, 0x00, 0x00, 0x00,
    0x00, 0x00, 0x00, 0x00, 0x00, 0x00, 0x00, 0x00, 0x00, 0x00, 0x00, 0x00, 0x00, 0x00, 0x00, 0x00, 0x00, 0x00, 0x00, 0x00,
    0x00, 0x00, 0x00, 0x00, 0x00, 0x00, 0x00, 0x00, 0x00, 0x00, 0x00, 0x00, 0x00, 0x00, 0x00, 0x00, 0x00, 0x00, 0x00, 0x00,
    0x00, 0x00, 0x00, 0x00, 0x00, 0x00, 0x00, 0x00, 0x00, 0x00, 0x00, 0x00, 0x00, 0x00, 0x00, 0x00, 0x00, 0x00, 0x00, 0x00,
    0x00, 0x00, 0x00, 0x00, 0x00, 0x00, 0x00, 0x00, 0x00, 0x00, 0x00, 0x00, 0x00, 0x00, 0x00, 0x00, 0x00, 0x00, 0x00, 0x00,
    0x00, 0x00, 0x00, 0x00, 0x00, 0x00, 0x00, 0x00, 0x00, 0x00, 0x00, 0x00, 0x00, 0x00, 0x00, 0x00, 0x00, 0x00, 0x00, 0x00,
    0x00, 0x00, 0x00, 0x00, 0x00, 0x00, 0x00, 0x00, 0x00, 0x00, 0x00, 0x00, 0x00, 0x00, 0x00, 0x00, 0x00, 0x00, 0x00, 0x00,
    0x00, 0x00, 0x00, 0x00, 0x00, 0x00, 0x00, 0x00, 0x00, 0x00, 0x00, 0x00, 0x00, 0x00, 0x00, 0x00, 0x00, 0x00, 0x00, 0x00,
    0x00, 0x00, 0x00, 0x00, 0x00, 0x00, 0x00, 0x00, 0x00, 0x00, 0x00, 0x00, 0x00, 0x00, 0x00, 0x00, 0x00, 0x00, 0x00, 0x00,
    0x00, 0x00, 0x00, 0x00, 0x00, 0x00, 0x00, 0x00, 0x00, 0x00, 0x00, 0x00, 0x00, 0x00, 0x00, 0x00, 0x00, 0x00, 0x00, 0x00,
    0x00, 0x00, 0x00, 0x00, 0x00, 0x00, 0x00, 0x00, 0x00, 0x00, 0x00, 0x00, 0x00, 0x00, 0x00, 0x00, 0x00, 0x00, 0x00, 0x00,
    0x00, 0x00, 0x00, 0x00, 0x00, 0x00, 0x00, 0x00, 0x00, 0x00, 0x00, 0x00, 0x00, 0x00, 0x00, 0x00, 0x00, 0x00, 0x00, 0x00,
    0x00, 0x00, 0x00, 0x00, 0x00, 0x00, 0x00, 0x00, 0x00, 0x00, 0x00, 0x00, 0x00, 0x00, 0x00, 0x00, 0x00, 0x00, 0x00, 0x00,
    0x00, 0x00, 0x00, 0x00, 0x00, 0x00, 0x00, 0x00, 0x00, 0x00, 0x00, 0x00, 0x00, 0x00, 0x00, 0x00, 0x00, 0x00, 0x00, 0x00,
    0x00, 0x00, 0x00, 0x00, 0x00, 0x00, 0x00, 0x00, 0x00, 0x00, 0x00, 0x00, 0x00, 0x00, 0x00, 0x00, 0x00, 0x00, 0x00, 0x00,
    0x00, 0x00, 0x00, 0x00, 0x00, 0x00, 0x00, 0x00, 0x00, 0x00, 0x00, 0x00, 0x00, 0x00, 0x00, 0x00, 0x00, 0x00, 0x00, 0x00,
    0x00, 0x00, 0x00, 0x00, 0x00, 0x00, 0x00, 0x00, 0x00, 0x00, 0x00, 0x00, 0x00, 0x00, 0x00, 0x00, 0x00, 0x00, 0x00, 0x00,
    0x00, 0x00, 0x00, 0x00, 0x00, 0x00, 0x00, 0x00, 0x00, 0x00, 0x00, 0x00, 0x00, 0x00, 0x00, 0x00, 0x00, 0x00, 0x00, 0x00,
    0x00, 0x00, 0x00, 0x00, 0x00, 0x00, 0x00, 0x00, 0x00, 0x00, 0x00, 0x00, 0x00, 0x00, 0x00, 0x00, 0x00, 0x00, 0x00, 0x00,
    0x00, 0x00, 0x00, 0x00, 0x00, 0x00, 0x00, 0x00, 0x00, 0x00, 0x00, 0x00, 0x00, 0x00, 0x00, 0x00, 0x00, 0x00, 0x00, 0x00,
    0x00, 0x00, 0x00, 0x00, 0x00, 0x00, 0x00, 0x00, 0x00, 0x00, 0x00, 0x00, 0x00, 0x00, 0x00, 0x00, 0x00, 0x00, 0x00, 0x00,
    0x00, 0x00, 0x00, 0x00, 0x00, 0x00, 0x00, 0x00, 0x00, 0x00, 0x00, 0x00, 0x00, 0x00, 0x00, 0x00, 0x00, 0x00, 0x00, 0x00,
    0x00, 0x00, 0x00, 0x00, 0x00, 0x00, 0x00, 0x00, 0x00, 0x00, 0x00, 0x00, 0x00, 0x00, 0x00, 0x00, 0x00, 0x00, 0x00, 0x00,
    0x00, 0x00, 0x00, 0x00, 0x00, 0x00, 0x00, 0x00, 0x00, 0x00, 0x00, 0x00, 0x00, 0x00, 0x00, 0x00, 0x00, 0x00, 0x00, 0x00,
    0x00, 0x00, 0x00, 0x00, 0x00, 0x00, 0x00, 0x00, 0x00, 0x00, 0x00, 0x00, 0x00, 0x00, 0x00, 0x00, 0x00, 0x00, 0x00, 0x00,
    0x00, 0x00, 0x00, 0x00, 0x00, 0x00, 0x00, 0x00, 0x00, 0x00, 0x00, 0x00, 0x00, 0x00, 0x00, 0x00, 0x00, 0x00, 0x00, 0x00,
    0x00, 0x00, 0x00, 0x00, 0x00, 0x00, 0x00, 0x00, 0x00, 0x00, 0x00, 0x00, 0x00, 0x00, 0x00, 0x00, 0x00, 0x00, 0x00, 0x00,
    0x00, 0x00, 0x00, 0x00, 0x00, 0x00, 0x00, 0x00, 0x00, 0x00, 0x00, 0x00, 0x00, 0x00, 0x00, 0x00, 0x00, 0x00, 0x00, 0x00,
    0x00, 0x00, 0x00, 0x00, 0x00, 0x00, 0x00, 0x00, 0x00, 0x00, 0x00, 0x00, 0x00, 0x00, 0x00, 0x00, 0x00, 0x00, 0x00, 0x00,
    0x00, 0x00, 0x00, 0x00, 0x00, 0x00, 0x00, 0x00, 0x00, 0x00, 0x00, 0x00, 0x00, 0x00, 0x00, 0x00, 0x00, 0x00, 0x00, 0x00,
    0x00, 0x00, 0x00, 0x00, 0x00, 0x00, 0x00, 0x00, 0x00, 0x00, 0x00, 0x00, 0x00, 0x00, 0x00, 0x00, 0x00, 0x00, 0x00, 0x00,
    0x00, 0x00, 0x00, 0x00, 0x00, 0x00, 0x00, 0x00, 0x00, 0x00, 0x00, 0x00, 0x00, 0x00, 0x00, 0x00, 0x00, 0x00, 0x00, 0x00,
    0x00, 0x00, 0x00, 0x00, 0x00, 0x00, 0x00, 0x00, 0x00, 0x00, 0x00, 0x00, 0x00, 0x00, 0x00, 0x00, 0x00, 0x00, 0x00, 0x00,
    0x00, 0x00, 0x00, 0x00, 0x00, 0x00, 0x00, 0x00, 0x00, 0x00, 0x00, 0x00, 0x00, 0x00, 0x00, 0x00, 0x00, 0x00, 0x00, 0x00,
    0x00, 0x00, 0x00, 0x00, 0x00, 0x00, 0x00, 0x00, 0x00, 0x00, 0x00, 0x00, 0x00, 0x00, 0x00, 0x00, 0x00, 0x00, 0x00, 0x00,
    0x00, 0x00, 0x00, 0x00, 0x00, 0x00, 0x00, 0x00, 0x00, 0x00, 0x00, 0x00, 0x00, 0x00, 0x00, 0x00, 0x00, 0x00, 0x00, 0x00,
    0x00, 0x00, 0x00, 0x00, 0x00, 0x00, 0x00, 0x00, 0x00, 0x00, 0x00, 0x00, 0x00, 0x00, 0x00, 0x00, 0x00, 0x00, 0x00, 0x00,
    0x00, 0x00, 0x00, 0x00, 0x00, 0x00, 0x00, 0x00, 0x00, 0x00, 0x00, 0x00, 0x00, 0x00, 0x00, 0x00, 0x00, 0x00, 0x00, 0x00,
    0x00, 0x00, 0x00, 0x00, 0x00, 0x00, 0x00, 0x00, 0x00, 0x00, 0x00, 0x00, 0x00, 0x00, 0x00, 0x00, 0x00, 0x00, 0x00, 0x00,
    0x00, 0x00, 0x00, 0x00, 0x00, 0x00, 0x00, 0x00, 0x00, 0x00, 0x00, 0x00, 0x00, 0x00, 0x00, 0x00, 0x00, 0x00, 0x00, 0x00,
    0x00, 0x00, 0x00, 0x00, 0x00, 0x00, 0x00, 0x00, 0x00, 0x00, 0x00, 0x00, 0x00, 0x00, 0x00, 0x00, 0x00, 0x00, 0x00, 0x00,
    0x00, 0x00, 0x00, 0x00, 0x00, 0x00, 0x00, 0x00, 0x00, 0x00, 0x00, 0x00, 0x00, 0x00, 0x00, 0x00, 0x00, 0x00, 0x00, 0x00,
    0x00, 0x00, 0x00, 0x00, 0x00, 0x00, 0x00, 0x00, 0x00, 0x00, 0x00, 0x00, 0x00, 0x00, 0x00, 0x00, 0x00, 0x00, 0x00, 0x00,
    0x00, 0x00, 0x00, 0x00, 0x00, 0x00, 0x00, 0x00, 0x00, 0x00, 0x00, 0x00, 0x00, 0x00, 0x00, 0x00, 0x00, 0x00, 0x00, 0x00,
    0x00, 0x00, 0x00, 0x00, 0x00, 0x00, 0x00, 0x00, 0x00, 0x00, 0x00, 0x00, 0x00, 0x00, 0x00, 0x00, 0x00, 0x00, 0x00, 0x00,
    0x00, 0x00, 0x00, 0x00, 0x00, 0x00, 0x00, 0x00, 0x00, 0x00, 0x00, 0x00, 0x00, 0x00, 0x00, 0x00, 0x00, 0x00, 0x00, 0x00,
    0x00, 0x00, 0x00, 0x00, 0x00, 0x00, 0x00, 0x00, 0x00, 0x00, 0x00, 0x00, 0x00, 0x00, 0x00, 0x00, 0x00, 0x00, 0x00, 0x00,
    0x00, 0x00, 0x00, 0x00, 0x00, 0x00, 0x00, 0x00, 0x00, 0x00, 0x00, 0x00, 0x00, 0x00, 0x00, 0x00, 0x00, 0x00, 0x00, 0x00,
    0x00, 0x00, 0x00, 0x00, 0x00, 0x00, 0x00, 0x00, 0x00, 0x00, 0x00, 0x00, 0x00, 0x00, 0x00, 0x00, 0x00, 0x00, 0x00, 0x00,
    0x00, 0x00, 0x00, 0x00, 0x00, 0x00, 0x00, 0x00, 0x00, 0x00, 0x00, 0x00, 0x00, 0x00, 0x00, 0x00, 0x00, 0x00, 0x00, 0x00,
    0x00, 0x00, 0x00, 0x00, 0x00, 0x00, 0x00, 0x00, 0x00, 0x00, 0x00, 0x00, 0x00, 0x00, 0x00, 0x00, 0x00, 0x00, 0x00, 0x00,
    0x00, 0x00, 0x00, 0x00, 0x00, 0x00, 0x00, 0x00, 0x00, 0x00, 0x00, 0x00, 0x00, 0x00, 0x00, 0x00, 0x00, 0x00, 0x00, 0x00,
    0x00, 0x00, 0x00, 0x00, 0x00, 0x00, 0x00, 0x00, 0x00, 0x00, 0x00, 0x00, 0x00, 0x00, 0x00, 0x00, 0x00, 0x00, 0x00, 0x00,
    0x00, 0x00, 0x00, 0x00, 0x00, 0x00, 0x00, 0x00, 0x00, 0x00, 0x00, 0x00, 0x00, 0x00, 0x00, 0x00, 0x00, 0x00, 0x00, 0x00,
    0x00, 0x00, 0x00, 0x00, 0x00, 0x00, 0x00, 0x00, 0x00, 0x00, 0x00, 0x00, 0x00, 0x00, 0x00, 0x00, 0x00, 0x00, 0x00, 0x00,
    0x00, 0x00, 0x00, 0x00, 0x00, 0x00, 0x00, 0x00, 0x00, 0x00, 0x00, 0x00, 0x00, 0x00, 0x00, 0x00, 0x00, 0x00, 0x00, 0x00,
    0x00, 0x00, 0x00, 0x00, 0x00, 0x00, 0x00, 0x00, 0x00, 0x00, 0x00, 0x00, 0x00, 0x00, 0x00, 0x00, 0x00, 0x00, 0x00, 0x00,
    0x00, 0x00, 0x00, 0x00, 0x00, 0x00, 0x00, 0x00, 0x00, 0x00, 0x00, 0x00, 0x00, 0x00, 0x00, 0x00, 0x00, 0x00, 0x00, 0x00,
    0x00, 0x00, 0x00, 0x00, 0x00, 0x00, 0x00, 0x00, 0x00, 0x00, 0x00, 0x00, 0x00, 0x00, 0x00, 0x00, 0x00, 0x00, 0x00, 0x00,
    0x00, 0x00, 0x00, 0x00, 0x00, 0x00, 0x00, 0x00, 0x00, 0x00, 0x00, 0x00, 0x00, 0x00, 0x00, 0x00, 0x00, 0x00, 0x00, 0x00,
    0x00, 0x00, 0x00, 0x00, 0x00, 0x00, 0x00, 0x00, 0x00, 0x00, 0x00, 0x00, 0x00, 0x00, 0x00, 0x00, 0x00, 0x00, 0x00, 0x00,
    0x00, 0x00, 0x00, 0x00, 0x00, 0x00, 0x00, 0x00, 0x00, 0x00, 0x00, 0x00, 0x00, 0x00, 0x00, 0x00, 0x00, 0x00, 0x00, 0x00,
    0x00, 0x00, 0x00, 0x00, 0x00, 0x00, 0x00, 0x00, 0x00, 0x00, 0x00, 0x00, 0x00, 0x00, 0x00, 0x00, 0x00, 0x00, 0x00, 0x00,
    0x00, 0x00, 0x00, 0x00, 0x00, 0x00, 0x00, 0x00, 0x00, 0x00, 0x00, 0x00, 0x00, 0x00, 0x00, 0x00, 0x00, 0x00, 0x00, 0x00,
    0x00, 0x00, 0x00, 0x00, 0x00, 0x00, 0x00, 0x00, 0x00, 0x00, 0x00, 0x00, 0x00, 0x00, 0x00, 0x00, 0x00, 0x00, 0x00, 0x00,
    0x00, 0x00, 0x00, 0x00, 0x00, 0x00, 0x00, 0x00, 0x00, 0x00, 0x00, 0x00, 0x00, 0x00, 0x00, 0x00, 0x00, 0x00, 0x00, 0x00,
    0x00, 0x00, 0x00, 0x00, 0x00, 0x00, 0x00, 0x00, 0x00, 0x00, 0x00, 0x00, 0x00, 0x00, 0x00, 0x00, 0x00, 0x00, 0x00, 0x00,
    0x00, 0x00, 0x00, 0x00, 0x00, 0x00, 0x00, 0x00, 0x00, 0x00, 0x00, 0x00, 0x00, 0x00, 0x00, 0x00, 0x00, 0x00, 0x00, 0x00,
    0x00, 0x00, 0x00, 0x00, 0x00, 0x00, 0x00, 0x00, 0x00, 0x00, 0x00, 0x00, 0x00, 0x00, 0x00, 0x00, 0x00, 0x00, 0x00, 0x00,
    0x00, 0x00, 0x00, 0x00, 0x00, 0x00, 0x00, 0x00, 0x00, 0x00, 0x00, 0x00, 0x00, 0x00, 0x00, 0x00, 0x00, 0x00, 0x00, 0x00,
    0x00, 0x00, 0x00, 0x00, 0x00, 0x00, 0x00, 0x00, 0x00, 0x00, 0x00, 0x00, 0x00, 0x00, 0x00, 0x00, 0x00, 0x00, 0x00, 0x00,
    0x00, 0x00, 0x00, 0x00, 0x00, 0x00, 0x00, 0x00, 0x00, 0x00, 0x00, 0x00, 0x00, 0x00, 0x00, 0x00, 0x00, 0x00, 0x00, 0x00,
    0x00, 0x00, 0x00, 0x00, 0x00, 0x00, 0x00, 0x00, 0x00, 0x00, 0x00, 0x00, 0x00, 0x00, 0x00, 0x00, 0x00, 0x00, 0x00, 0x00,
    0x00, 0x00, 0x00, 0x00, 0x00, 0x00, 0x00, 0x00, 0x00, 0x00, 0xe1, 0x08, 0xa3, 0x2a, 0x84, 0x43, 0x03, 0x33, 0x81, 0x19,
    0x00, 0x00, 0x00, 0x00, 0x00, 0x00, 0x00, 0x00, 0x00, 0x00, 0x00, 0x00, 0x00, 0x00, 0x00, 0x00, 0x00, 0x00, 0x00, 0x00,
    0x00, 0x00, 0x00, 0x00, 0x00, 0x00, 0x00, 0x00, 0x00, 0x00, 0x00, 0x00, 0x00, 0x00, 0x00, 0x00, 0x00, 0x00, 0x00, 0x00,
    0x00, 0x00, 0x00, 0x00, 0x00, 0x00, 0x00, 0x00, 0x00, 0x00, 0x00, 0x00, 0x00, 0x00, 0x00, 0x00, 0x00, 0x00, 0x00, 0x00,
    0x00, 0x00, 0x00, 0x00, 0x00, 0x00, 0x00, 0x00, 0x00, 0x00, 0x00, 0x00, 0x00, 0x00, 0x00, 0x00, 0x00, 0x00, 0x00, 0x00,
    0x00, 0x00, 0x00, 0x00, 0x00, 0x00, 0x00, 0x00, 0x00, 0x00, 0x00, 0x00, 0x00, 0x00, 0x00, 0x00, 0x00, 0x00, 0x00, 0x00,
    0x00, 0x00, 0x00, 0x00, 0x00, 0x00, 0x00, 0x00, 0x00, 0x00, 0x00, 0x00, 0x00, 0x00, 0x00, 0x00, 0x00, 0x00, 0x00, 0x00,
    0x00, 0x00, 0x00, 0x00, 0x00, 0x00, 0x00, 0x00, 0x00, 0x00, 0x00, 0x00, 0x00, 0x00, 0x00, 0x00, 0x00, 0x00, 0x00, 0x00,
    0x00, 0x00, 0x00, 0x00, 0x00, 0x00, 0x00, 0x00, 0x00, 0x00, 0x00, 0x00, 0x00, 0x00, 0x00, 0x00, 0x00, 0x00, 0x00, 0x00,
    0x00, 0x00, 0x00, 0x00, 0x00, 0x00, 0x00, 0x00, 0x00, 0x00, 0x00, 0x00, 0x00, 0x00, 0x00, 0x00, 0x00, 0x00, 0x00, 0x00,
    0x00, 0x00, 0x00, 0x00, 0x00, 0x00, 0x00, 0x00, 0x00, 0x00, 0x00, 0x00, 0x00, 0x00, 0x00, 0x00, 0x00, 0x00, 0x00, 0x00,
    0x00, 0x00, 0x00, 0x00, 0x00, 0x00, 0x00, 0x00, 0x00, 0x00, 0x00, 0x00, 0x00, 0x00, 0x00, 0x00, 0x00, 0x00, 0x00, 0x00,
    0x00, 0x00, 0x00, 0x00, 0x00, 0x00, 0x00, 0x00, 0x00, 0x00, 0x00, 0x00, 0x00, 0x00, 0x00, 0x00, 0x00, 0x00, 0x00, 0x00,
    0x00, 0x00, 0x00, 0x00, 0x00, 0x00, 0x00, 0x00, 0x00, 0x00, 0x00, 0x00, 0x00, 0x00, 0x00, 0x00, 0x00, 0x00, 0x00, 0x00,
    0x00, 0x00, 0x00, 0x00, 0x00, 0x00, 0x00, 0x00, 0x00, 0x00, 0x00, 0x00, 0x00, 0x00, 0x00, 0x00, 0x00, 0x00, 0x00, 0x00,
    0x00, 0x00, 0x00, 0x00, 0x00, 0x00, 0x00, 0x00, 0x00, 0x00, 0x00, 0x00, 0x00, 0x00, 0x00, 0x00, 0x00, 0x00, 0x00, 0x00,
    0x00, 0x00, 0x00, 0x00, 0x00, 0x00, 0x00, 0x00, 0x00, 0x00, 0x00, 0x00, 0x00, 0x00, 0x00, 0x00, 0x00, 0x00, 0x00, 0x00,
    0x00, 0x00, 0x00, 0x00, 0x00, 0x00, 0x00, 0x00, 0x00, 0x00, 0x00, 0x00, 0x00, 0x00, 0x00, 0x00, 0x00, 0x00, 0x00, 0x00,
    0x00, 0x00, 0x00, 0x00, 0x00, 0x00, 0x00, 0x00, 0x00, 0x00, 0x00, 0x00, 0x00, 0x00, 0x00, 0x00, 0x00, 0x00, 0x00, 0x00,
    0x00, 0x00, 0x00, 0x00, 0x00, 0x00, 0x00, 0x00, 0x00, 0x00, 0x00, 0x00, 0x00, 0x00, 0x00, 0x00, 0x00, 0x00, 0x00, 0x00,
    0x00, 0x00, 0x00, 0x00, 0x00, 0x00, 0x00, 0x00, 0xc3, 0x2a, 0xe9, 0x75, 0x4f, 0xa7, 0x92, 0xbf, 0x72, 0xb7, 0xce, 0x96,
    0x66, 0x54, 0xa1, 0x08, 0x00, 0x00, 0x00, 0x00, 0x00, 0x00, 0x00, 0x00, 0x00, 0x00, 0x00, 0x00, 0x00, 0x00, 0x00, 0x00,
    0x00, 0x00, 0x00, 0x00, 0x00, 0x00, 0x00, 0x00, 0x00, 0x00, 0x00, 0x00, 0x00, 0x00, 0x00, 0x00, 0x00, 0x00, 0x00, 0x00,
    0x00, 0x00, 0x00, 0x00, 0x00, 0x00, 0x00, 0x00, 0x00, 0x00, 0x00, 0x00, 0x00, 0x00, 0x00, 0x00, 0x00, 0x00, 0x00, 0x00,
    0x00, 0x00, 0x00, 0x00, 0x00, 0x00, 0x00, 0x00, 0x00, 0x00, 0x00, 0x00, 0x00, 0x00, 0x00, 0x00, 0x00, 0x00, 0x00, 0x00,
    0x00, 0x00, 0x00, 0x00, 0x00, 0x00, 0x00, 0x00, 0x00, 0x00, 0x00, 0x00, 0x00, 0x00, 0x00, 0x00, 0x00, 0x00, 0x00, 0x00,
    0x00, 0x00, 0x00, 0x00, 0x00, 0x00, 0x00, 0x00, 0x00, 0x00, 0x00, 0x00, 0x00, 0x00, 0x00, 0x00, 0x00, 0x00, 0x00, 0x00,
    0x00, 0x00, 0x00, 0x00, 0x00, 0x00, 0x00, 0x00, 0x00, 0x00, 0x00, 0x00, 0x00, 0x00, 0x00, 0x00, 0x00, 0x00, 0x00, 0x00,
    0x00, 0x00, 0x00, 0x00, 0x00, 0x00, 0x00, 0x00, 0x00, 0x00, 0x00, 0x00, 0x00, 0x00, 0x00, 0x00, 0x00, 0x00, 0x00, 0x00,
    0x00, 0x00, 0x00, 0x00, 0x00, 0x00, 0x00, 0x00, 0x00, 0x00, 0x00, 0x00, 0x00, 0x00, 0x00, 0x00, 0x00, 0x00, 0x00, 0x00,
    0x00, 0x00, 0x00, 0x00, 0x00, 0x00, 0x00, 0x00, 0x00, 0x00, 0x00, 0x00, 0x00, 0x00, 0x00, 0x00, 0x00, 0x00, 0x00, 0x00,
    0x00, 0x00, 0x00, 0x00, 0x00, 0x00, 0x00, 0x00, 0x00, 0x00, 0x00, 0x00, 0x00, 0x00, 0x00, 0x00, 0x00, 0x00, 0x00, 0x00,
    0x00, 0x00, 0x00, 0x00, 0x00, 0x00, 0x00, 0x00, 0x00, 0x00, 0x00, 0x00, 0x00, 0x00, 0x00, 0x00, 0x00, 0x00, 0x00, 0x00,
    0x00, 0x00, 0x00, 0x00, 0x00, 0x00, 0x00, 0x00, 0x00, 0x00, 0x00, 0x00, 0x00, 0x00, 0x00, 0x00, 0x00, 0x00, 0x00, 0x00,
    0x00, 0x00, 0x00, 0x00, 0x00, 0x00, 0x00, 0x00, 0x00, 0x00, 0x00, 0x00, 0x00, 0x00, 0x00, 0x00, 0x00, 0x00, 0x00, 0x00,
    0x00, 0x00, 0x00, 0x00, 0x00, 0x00, 0x00, 0x00, 0x00, 0x00, 0x00, 0x00, 0x00, 0x00, 0x00, 0x00, 0x00, 0x00, 0x00, 0x00,
    0x00, 0x00, 0x00, 0x00, 0x00, 0x00, 0x00, 0x00, 0x00, 0x00, 0x00, 0x00, 0x00, 0x00, 0x00, 0x00, 0x00, 0x00, 0x00, 0x00,
    0x00, 0x00, 0x00, 0x00, 0x00, 0x00, 0x00, 0x00, 0x00, 0x00, 0x00, 0x00, 0x00, 0x00, 0x00, 0x00, 0x00, 0x00, 0x00, 0x00,
    0x00, 0x00, 0x00, 0x00, 0x00, 0x00, 0x00, 0x00, 0x00, 0x00, 0x00, 0x00, 0x00, 0x00, 0x00, 0x00, 0x00, 0x00, 0x00, 0x00,
    0x00, 0x00, 0x00, 0x00, 0x00, 0x00, 0x00, 0x00, 0x00, 0x00, 0x00, 0x00, 0x00, 0x00, 0x00, 0x00, 0x00, 0x00, 0x00, 0x00,
    0x00, 0x00, 0x00, 0x00, 0x00, 0x00, 0xa2, 0x2a, 0xab, 0x86, 0x92, 0xb7, 0xd5, 0xc7, 0xf9, 0xe7, 0xfa, 0xef, 0xd7, 0xd7,
    0x92, 0xb7, 0xc7, 0x54, 0x40, 0x00, 0x00, 0x00, 0x00, 0x00, 0x00, 0x00, 0x00, 0x00, 0x00, 0x00, 0x00, 0x00, 0x00, 0x00,
    0x00, 0x00, 0x00, 0x00, 0x00, 0x00, 0x00, 0x00, 0x00, 0x00, 0x00, 0x00, 0x00, 0x00, 0x00, 0x00, 0x00, 0x00, 0x00, 0x00,
    0x00, 0x00, 0x00, 0x00, 0x00, 0x00, 0x00, 0x00, 0x00, 0x00, 0x00, 0x00, 0x00, 0x00, 0x00, 0x00, 0x00, 0x00, 0x00, 0x00,
    0x00, 0x00, 0x00, 0x00, 0x00, 0x00, 0x00, 0x00, 0x00, 0x00, 0x00, 0x00, 0x00, 0x00, 0x00, 0x00, 0x00, 0x00, 0x00, 0x00,
    0x00, 0x00, 0x00, 0x00, 0x00, 0x00, 0x00, 0x00, 0x00, 0x00, 0x00, 0x00, 0x00, 0x00, 0x00, 0x00, 0x00, 0x00, 0x00, 0x00,
    0x00, 0x00, 0x00, 0x00, 0x00, 0x00, 0x00, 0x00, 0x00, 0x00, 0x00, 0x00, 0x00, 0x00, 0x00, 0x00, 0x00, 0x00, 0x00, 0x00,
    0x00, 0x00, 0x00, 0x00, 0x00, 0x00, 0x00, 0x00, 0x00, 0x00, 0x00, 0x00, 0x00, 0x00, 0x00, 0x00, 0x00, 0x00, 0x00, 0x00,
    0x00, 0x00, 0x00, 0x00, 0x00, 0x00, 0x00, 0x00, 0x00, 0x00, 0x00, 0x00, 0x00, 0x00, 0x00, 0x00, 0x00, 0x00, 0x00, 0x00,
    0x00, 0x00, 0x00, 0x00, 0x00, 0x00, 0x00, 0x00, 0x00, 0x00, 0x00, 0x00, 0x00, 0x00, 0x00, 0x00, 0x00, 0x00, 0x00, 0x00,
    0x00, 0x00, 0x00, 0x00, 0x00, 0x00, 0x00, 0x00, 0x00, 0x00, 0x00, 0x00, 0x00, 0x00, 0x00, 0x00, 0x00, 0x00, 0x00, 0x00,
    0x00, 0x00, 0x00, 0x00, 0x00, 0x00, 0x00, 0x00, 0x00, 0x00, 0x00, 0x00, 0x00, 0x00, 0x00, 0x00, 0x00, 0x00, 0x00, 0x00,
    0x00, 0x00, 0x00, 0x00, 0x00, 0x00, 0x00, 0x00, 0x00, 0x00, 0x00, 0x00, 0x00, 0x00, 0x00, 0x00, 0x00, 0x00, 0x00, 0x00,
    0x00, 0x00, 0x00, 0x00, 0x00, 0x00, 0x00, 0x00, 0x00, 0x00, 0x00, 0x00, 0x00, 0x00, 0x00, 0x00, 0x00, 0x00, 0x00, 0x00,
    0x00, 0x00, 0x00, 0x00, 0x00, 0x00, 0x00, 0x00, 0x00, 0x00, 0x00, 0x00, 0x00, 0x00, 0x00, 0x00, 0x00, 0x00, 0x00, 0x00,
    0x00, 0x00, 0x00, 0x00, 0x00, 0x00, 0x00, 0x00, 0x00, 0x00, 0x00, 0x00, 0x00, 0x00, 0x00, 0x00, 0x00, 0x00, 0x00, 0x00,
    0x00, 0x00, 0x00, 0x00, 0x00, 0x00, 0x00, 0x00, 0x00, 0x00, 0x00, 0x00, 0x00, 0x00, 0x00, 0x00, 0x00, 0x00, 0x00, 0x00,
    0x00, 0x00, 0x00, 0x00, 0x00, 0x00, 0x00, 0x00, 0x00, 0x00, 0x00, 0x00, 0x00, 0x00, 0x00, 0x00, 0x00, 0x00, 0x00, 0x00,
    0x00, 0x00, 0x00, 0x00, 0x00, 0x00, 0x00, 0x00, 0x00, 0x00, 0x00, 0x00, 0x00, 0x00, 0x00, 0x00, 0x00, 0x00, 0x00, 0x00,
    0x00, 0x00, 0x00, 0x00, 0x00, 0x00, 0x00, 0x00, 0x00, 0x00, 0x00, 0x00, 0x00, 0x00, 0x00, 0x00, 0x00, 0x00, 0x00, 0x00,
    0x00, 0x00, 0x00, 0x00, 0xa0, 0x08, 0x47, 0x55, 0x51, 0x9f, 0x72, 0xa7, 0xb5, 0xc7, 0xd9, 0xe7, 0xdb, 0xf7, 0xd6, 0xd7,
    0xb5, 0xc7, 0xcd, 0x8e, 0x42, 0x22, 0x00, 0x00, 0x00, 0x00, 0x00, 0x00, 0x00, 0x00, 0x00, 0x00, 0x00, 0x00, 0x00, 0x00,
    0x00, 0x00, 0x00, 0x00, 0x00, 0x00, 0x00, 0x00, 0x00, 0x00, 0x00, 0x00, 0x00, 0x00, 0x00, 0x00, 0x00, 0x00, 0x00, 0x00,
    0x00, 0x00, 0x00, 0x00, 0x00, 0x00, 0x00, 0x00, 0x00, 0x00, 0x00, 0x00, 0x00, 0x00, 0x00, 0x00, 0x00, 0x00, 0x00, 0x00,
    0x00, 0x00, 0x00, 0x00, 0x00, 0x00, 0x00, 0x00, 0x00, 0x00, 0x00, 0x00, 0x00, 0x00, 0x00, 0x00, 0x00, 0x00, 0x00, 0x00,
    0x00, 0x00, 0x00, 0x00, 0x00, 0x00, 0x00, 0x00, 0x00, 0x00, 0x00, 0x00, 0x00, 0x00, 0x00, 0x00, 0x00, 0x00, 0x00, 0x00,
    0x00, 0x00, 0x00, 0x00, 0x00, 0x00, 0x00, 0x00, 0x00, 0x00, 0x00, 0x00, 0x00, 0x00, 0x00, 0x00, 0x00, 0x00, 0x00, 0x00,
    0x00, 0x00, 0x00, 0x00, 0x00, 0x00, 0x00, 0x00, 0x00, 0x00, 0x00, 0x00, 0x00, 0x00, 0x00, 0x00, 0x00, 0x00, 0x00, 0x00,
    0x00, 0x00, 0x00, 0x00, 0x00, 0x00, 0x00, 0x00, 0x00, 0x00, 0x00, 0x00, 0x00, 0x00, 0x00, 0x00, 0x00, 0x00, 0x00, 0x00,
    0x00, 0x00, 0x00, 0x00, 0x00, 0x00, 0x00, 0x00, 0x00, 0x00, 0x00, 0x00, 0x00, 0x00, 0x00, 0x00, 0x00, 0x00, 0x00, 0x00,
    0x00, 0x00, 0x00, 0x00, 0x00, 0x00, 0x00, 0x00, 0x00, 0x00, 0x00, 0x00, 0x00, 0x00, 0x00, 0x00, 0x00, 0x00, 0x00, 0x00,
    0x00, 0x00, 0x00, 0x00, 0x00, 0x00, 0x00, 0x00, 0x00, 0x00, 0x00, 0x00, 0x00, 0x00, 0x00, 0x00, 0x00, 0x00, 0x00, 0x00,
    0x00, 0x00, 0x00, 0x00, 0x00, 0x00, 0x00, 0x00, 0x00, 0x00, 0x00, 0x00, 0x00, 0x00, 0x00, 0x00, 0x00, 0x00, 0x00, 0x00,
    0x00, 0x00, 0x00, 0x00, 0x00, 0x00, 0x00, 0x00, 0x00, 0x00, 0x00, 0x00, 0x00, 0x00, 0x00, 0x00, 0x00, 0x00, 0x00, 0x00,
    0x00, 0x00, 0x00, 0x00, 0x00, 0x00, 0x00, 0x00, 0x00, 0x00, 0x00, 0x00, 0x00, 0x00, 0x00, 0x00, 0x00, 0x00, 0x00, 0x00,
    0x00, 0x00, 0x00, 0x00, 0x00, 0x00, 0x00, 0x00, 0x00, 0x00, 0x00, 0x00, 0x00, 0x00, 0x00, 0x00, 0x00, 0x00, 0x00, 0x00,
    0x00, 0x00, 0x00, 0x00, 0x00, 0x00, 0x00, 0x00, 0x00, 0x00, 0x00, 0x00, 0x00, 0x00, 0x00, 0x00, 0x00, 0x00, 0x00, 0x00,
    0x00, 0x00, 0x00, 0x00, 0x00, 0x00, 0x00, 0x00, 0x00, 0x00, 0x00, 0x00, 0x00, 0x00, 0x00, 0x00, 0x00, 0x00, 0x00, 0x00,
    0x00, 0x00, 0x00, 0x00, 0x00, 0x00, 0x00, 0x00, 0x00, 0x00, 0x00, 0x00, 0x00, 0x00, 0x00, 0x00, 0x00, 0x00, 0x00, 0x00,
    0x00, 0x00, 0x00, 0x00, 0x00, 0x00, 0x00, 0x00, 0x00, 0x00, 0x00, 0x00, 0x00, 0x00, 0x00, 0x00, 0x00, 0x00, 0x00, 0x00,
    0x00, 0x00, 0x00, 0x00, 0xe1, 0x11, 0x4b, 0x6e, 0x11, 0x8f, 0x32, 0x97, 0xb4, 0xbf, 0xd5, 0xc7, 0xd5, 0xcf, 0xb5, 0xc7,
    0x94, 0xb7, 0x30, 0x9f, 0xa3, 0x33, 0x00, 0x00, 0x00, 0x00, 0x00, 0x00, 0x00, 0x00, 0x00, 0x00, 0x00, 0x00, 0x00, 0x00,
    0x00, 0x00, 0x00, 0x00, 0x00, 0x00, 0x00, 0x00, 0x00, 0x00, 0x00, 0x00, 0x00, 0x00, 0x00, 0x00, 0x00, 0x00, 0x00, 0x00,
    0x00, 0x00, 0x00, 0x00, 0x00, 0x00, 0x00, 0x00, 0x00, 0x00, 0x00, 0x00, 0x00, 0x00, 0x00, 0x00, 0x00, 0x00, 0x00, 0x00,
    0x00, 0x00, 0x00, 0x00, 0x00, 0x00, 0x00, 0x00, 0x00, 0x00, 0x00, 0x00, 0x00, 0x00, 0x00, 0x00, 0x00, 0x00, 0x00, 0x00,
    0x00, 0x00, 0x00, 0x00, 0x00, 0x00, 0x00, 0x00, 0x00, 0x00, 0x00, 0x00, 0x00, 0x00, 0x00, 0x00, 0x00, 0x00, 0x00, 0x00,
    0x00, 0x00, 0x00, 0x00, 0x00, 0x00, 0x00, 0x00, 0x00, 0x00, 0x00, 0x00, 0x00, 0x00, 0x00, 0x00, 0x00, 0x00, 0x00, 0x00,
    0x00, 0x00, 0x00, 0x00, 0x00, 0x00, 0x00, 0x00, 0x00, 0x00, 0x00, 0x00, 0x00, 0x00, 0x00, 0x00, 0x00, 0x00, 0x00, 0x00,
    0x00, 0x00, 0x00, 0x00, 0x00, 0x00, 0x00, 0x00, 0x00, 0x00, 0x00, 0x00, 0x00, 0x00, 0x00, 0x00, 0x00, 0x00, 0x00, 0x00,
    0x00, 0x00, 0x00, 0x00, 0x00, 0x00, 0x00, 0x00, 0x00, 0x00, 0x00, 0x00, 0x00, 0x00, 0x00, 0x00, 0x00, 0x00, 0x00, 0x00,
    0x00, 0x00, 0x00, 0x00, 0x00, 0x00, 0x00, 0x00, 0x00, 0x00, 0x00, 0x00, 0x00, 0x00, 0x00, 0x00, 0x00, 0x00, 0x00, 0x00,
    0x00, 0x00, 0x00, 0x00, 0x00, 0x00, 0x00, 0x00, 0x00, 0x00, 0x00, 0x00, 0x00, 0x00, 0x00, 0x00, 0x00, 0x00, 0x00, 0x00,
    0x00, 0x00, 0x00, 0x00, 0x00, 0x00, 0x00, 0x00, 0x00, 0x00, 0x00, 0x00, 0x00, 0x00, 0x00, 0x00, 0x00, 0x00, 0x00, 0x00,
    0x00, 0x00, 0x00, 0x00, 0x00, 0x00, 0x00, 0x00, 0x00, 0x00, 0x00, 0x00, 0x00, 0x00, 0x00, 0x00, 0x00, 0x00, 0x00, 0x00,
    0x00, 0x00, 0x00, 0x00, 0x00, 0x00, 0x00, 0x00, 0x00, 0x00, 0x00, 0x00, 0x00, 0x00, 0x00, 0x00, 0x00, 0x00, 0x00, 0x00,
    0x00, 0x00, 0x00, 0x00, 0x00, 0x00, 0x00, 0x00, 0x00, 0x00, 0x00, 0x00, 0x00, 0x00, 0x00, 0x00, 0x00, 0x00, 0x00, 0x00,
    0x00, 0x00, 0x00, 0x00, 0x00, 0x00, 0x00, 0x00, 0x00, 0x00, 0x00, 0x00, 0x00, 0x00, 0x00, 0x00, 0x00, 0x00, 0x00, 0x00,
    0x00, 0x00, 0x00, 0x00, 0x00, 0x00, 0x00, 0x00, 0x00, 0x00, 0x00, 0x00, 0x00, 0x00, 0x00, 0x00, 0x00, 0x00, 0x00, 0x00,
    0x00, 0x00, 0x00, 0x00, 0x00, 0x00, 0x00, 0x00, 0x00, 0x00, 0x00, 0x00, 0x00, 0x00, 0x00, 0x00, 0x00, 0x00, 0x00, 0x00,
    0x00, 0x00, 0x00, 0x00, 0x00, 0x00, 0x00, 0x00, 0x00, 0x00, 0x00, 0x00, 0x00, 0x00, 0x00, 0x00, 0x00, 0x00, 0x00, 0x00,
    0x00, 0x00, 0x00, 0x00, 0x41, 0x1a, 0x4b, 0x6e, 0xaf, 0x76, 0xd0, 0x7e, 0x52, 0x9f, 0x93, 0xaf, 0x93, 0xb7, 0x73, 0xaf,
    0x52, 0x9f, 0x10, 0x8f, 0xe3, 0x3b, 0x00, 0x00, 0x00, 0x00, 0x00, 0x00, 0x00, 0x00, 0x00, 0x00, 0x00, 0x00, 0x00, 0x00,
    0x00, 0x00, 0x00, 0x00, 0x00, 0x00, 0x00, 0x00, 0x00, 0x00, 0x00, 0x00, 0x00, 0x00, 0x00, 0x00, 0x00, 0x00, 0x00, 0x00,
    0x00, 0x00, 0x00, 0x00, 0x00, 0x00, 0x00, 0x00, 0x00, 0x00, 0x00, 0x00, 0x00, 0x00, 0x00, 0x00, 0x00, 0x00, 0x00, 0x00,
    0x00, 0x00, 0x00, 0x00, 0x00, 0x00, 0x00, 0x00, 0x00, 0x00, 0x00, 0x00, 0x00, 0x00, 0x00, 0x00, 0x00, 0x00, 0x00, 0x00,
    0x00, 0x00, 0x00, 0x00, 0x00, 0x00, 0x00, 0x00, 0x00, 0x00, 0x00, 0x00, 0x00, 0x00, 0x00, 0x00, 0x00, 0x00, 0x00, 0x00,
    0x00, 0x00, 0x00, 0x00, 0x00, 0x00, 0x00, 0x00, 0x00, 0x00, 0x00, 0x00, 0x00, 0x00, 0x00, 0x00, 0x00, 0x00, 0x00, 0x00,
    0x00, 0x00, 0x00, 0x00, 0x00, 0x00, 0x00, 0x00, 0x00, 0x00, 0x00, 0x00, 0x00, 0x00, 0x00, 0x00, 0x00, 0x00, 0x00, 0x00,
    0x00, 0x00, 0x00, 0x00, 0x00, 0x00, 0x00, 0x00, 0x00, 0x00, 0x00, 0x00, 0x00, 0x00, 0x00, 0x00, 0x00, 0x00, 0x00, 0x00,
    0x00, 0x00, 0x00, 0x00, 0x00, 0x00, 0x00, 0x00, 0x00, 0x00, 0x00, 0x00, 0x00, 0x00, 0x00, 0x00, 0x00, 0x00, 0x00, 0x00,
    0x00, 0x00, 0x00, 0x00, 0x00, 0x00, 0x00, 0x00, 0x00, 0x00, 0x00, 0x00, 0x00, 0x00, 0x00, 0x00, 0x00, 0x00, 0x00, 0x00,
    0x00, 0x00, 0x00, 0x00, 0x00, 0x00, 0x00, 0x00, 0x00, 0x00, 0x00, 0x00, 0x00, 0x00, 0x00, 0x00, 0x00, 0x00, 0x00, 0x00,
    0x00, 0x00, 0x00, 0x00, 0x00, 0x00, 0x00, 0x00, 0x00, 0x00, 0x00, 0x00, 0x00, 0x00, 0x00, 0x00, 0x00, 0x00, 0x00, 0x00,
    0x00, 0x00, 0x00, 0x00, 0x00, 0x00, 0x00, 0x00, 0x00, 0x00, 0x00, 0x00, 0x00, 0x00, 0x00, 0x00, 0x00, 0x00, 0x00, 0x00,
    0x00, 0x00, 0x00, 0x00, 0x00, 0x00, 0x00, 0x00, 0x00, 0x00, 0x00, 0x00, 0x00, 0x00, 0x00, 0x00, 0x00, 0x00, 0x00, 0x00,
    0x00, 0x00, 0x00, 0x00, 0x00, 0x00, 0x00, 0x00, 0x00, 0x00, 0x00, 0x00, 0x00, 0x00, 0x00, 0x00, 0x00, 0x00, 0x00, 0x00,
    0x00, 0x00, 0x00, 0x00, 0x00, 0x00, 0x00, 0x00, 0x00, 0x00, 0x00, 0x00, 0x00, 0x00, 0x00, 0x00, 0x00, 0x00, 0x00, 0x00,
    0x00, 0x00, 0x00, 0x00, 0x00, 0x00, 0x00, 0x00, 0x00, 0x00, 0x00, 0x00, 0x00, 0x00, 0x00, 0x00, 0x00, 0x00, 0x00, 0x00,
    0x00, 0x00, 0x00, 0x00, 0x00, 0x00, 0x00, 0x00, 0x00, 0x00, 0x00, 0x00, 0x00, 0x00, 0x00, 0x00, 0x00, 0x00, 0x00, 0x00,
    0x00, 0x00, 0x00, 0x00, 0x00, 0x00, 0x00, 0x00, 0x00, 0x00, 0x00, 0x00, 0x00, 0x00, 0x00, 0x00, 0x00, 0x00, 0x00, 0x00,
    0x00, 0x00, 0x00, 0x00, 0xa1, 0x11, 0xe9, 0x5d, 0x8e, 0x76, 0x2c, 0x56, 0x8e, 0x66, 0xf0, 0x7e, 0xf0, 0x7e, 0xd0, 0x7e,
    0xd0, 0x7e, 0x8c, 0x7e, 0x02, 0x2b, 0x00, 0x00, 0x00, 0x00, 0x00, 0x00, 0x00, 0x00, 0x00, 0x00, 0x00, 0x00, 0x00, 0x00,
    0x00, 0x00, 0x00, 0x00, 0x00, 0x00, 0x00, 0x00, 0x00, 0x00, 0x00, 0x00, 0x00, 0x00, 0x00, 0x00, 0x00, 0x00, 0x00, 0x00,
    0x00, 0x00, 0x00, 0x00, 0x00, 0x00, 0x00, 0x00, 0x00, 0x00, 0x00, 0x00, 0x00, 0x00, 0x00, 0x00, 0x00, 0x00, 0x00, 0x00,
    0x00, 0x00, 0x00, 0x00, 0x00, 0x00, 0x00, 0x00, 0x00, 0x00, 0x00, 0x00, 0x00, 0x00, 0x00, 0x00, 0x00, 0x00, 0x00, 0x00,
    0x00, 0x00, 0x00, 0x00, 0x00, 0x00, 0x00, 0x00, 0x00, 0x00, 0x00, 0x00, 0x00, 0x00, 0x00, 0x00, 0x00, 0x00, 0x00, 0x00,
    0x00, 0x00, 0x00, 0x00, 0x00, 0x00, 0x00, 0x00, 0x00, 0x00, 0x00, 0x00, 0x00, 0x00, 0x00, 0x00, 0x00, 0x00, 0x00, 0x00,
    0x00, 0x00, 0x00, 0x00, 0x00, 0x00, 0x00, 0x00, 0x00, 0x00, 0x00, 0x00, 0x00, 0x00, 0x00, 0x00, 0x00, 0x00, 0x00, 0x00,
    0x00, 0x00, 0x00, 0x00, 0x00, 0x00, 0x00, 0x00, 0x00, 0x00, 0x00, 0x00, 0x00, 0x00, 0x00, 0x00, 0x00, 0x00, 0x00, 0x00,
    0x00, 0x00, 0x00, 0x00, 0x00, 0x00, 0x00, 0x00, 0x00, 0x00, 0x00, 0x00, 0x00, 0x00, 0x00, 0x00, 0x00, 0x00, 0x00, 0x00,
    0x00, 0x00, 0x00, 0x00, 0x00, 0x00, 0x00, 0x00, 0x00, 0x00, 0x00, 0x00, 0x00, 0x00, 0x00, 0x00, 0x00, 0x00, 0x00, 0x00,
    0x00, 0x00, 0x00, 0x00, 0x00, 0x00, 0x00, 0x00, 0x00, 0x00, 0x00, 0x00, 0x00, 0x00, 0x00, 0x00, 0x00, 0x00, 0x00, 0x00,
    0x00, 0x00, 0x00, 0x00, 0x00, 0x00, 0x00, 0x00, 0x00, 0x00, 0x00, 0x00, 0x00, 0x00, 0x00, 0x00, 0x00, 0x00, 0x00, 0x00,
    0x00, 0x00, 0x00, 0x00, 0x00, 0x00, 0x00, 0x00, 0x00, 0x00, 0x00, 0x00, 0x00, 0x00, 0x00, 0x00, 0x00, 0x00, 0x00, 0x00,
    0x00, 0x00, 0x00, 0x00, 0x00, 0x00, 0x00, 0x00, 0x00, 0x00, 0x00, 0x00, 0x00, 0x00, 0x00, 0x00, 0x00, 0x00, 0x00, 0x00,
    0x00, 0x00, 0x00, 0x00, 0x00, 0x00, 0x00, 0x00, 0x00, 0x00, 0x00, 0x00, 0x00, 0x00, 0x00, 0x00, 0x00, 0x00, 0x00, 0x00,
    0x00, 0x00, 0x00, 0x00, 0x00, 0x00, 0x00, 0x00, 0x00, 0x00, 0x00, 0x00, 0x00, 0x00, 0x00, 0x00, 0x00, 0x00, 0x00, 0x00,
    0x00, 0x00, 0x00, 0x00, 0x00, 0x00, 0x00, 0x00, 0x00, 0x00, 0x00, 0x00, 0x00, 0x00, 0x00, 0x00, 0x00, 0x00, 0x00, 0x00,
    0x00, 0x00, 0x00, 0x00, 0x00, 0x00, 0x00, 0x00, 0x00, 0x00, 0x00, 0x00, 0x00, 0x00, 0x00, 0x00, 0x00, 0x00, 0x00, 0x00,
    0x00, 0x00, 0x00, 0x00, 0x00, 0x00, 0x00, 0x00, 0x00, 0x00, 0x20, 0x00, 0x40, 0x08, 0x40, 0x08, 0x40, 0x08, 0x40, 0x08,
    0x40, 0x08, 0x20, 0x00, 0xa1, 0x19, 0xe5, 0x2c, 0x8d, 0x76, 0x0b, 0x4e, 0xea, 0x3d, 0x0b, 0x46, 0xeb, 0x45, 0x0b, 0x46,
    0x6d, 0x6e, 0x46, 0x55, 0x40, 0x11, 0x00, 0x00, 0x00, 0x00, 0x00, 0x00, 0x00, 0x00, 0x00, 0x00, 0x00, 0x00, 0x00, 0x00,
    0x00, 0x00, 0x00, 0x00, 0x00, 0x00, 0x00, 0x00, 0x00, 0x00, 0x00, 0x00, 0x00, 0x00, 0x00, 0x00, 0x00, 0x00, 0x00, 0x00,
    0x00, 0x00, 0x00, 0x00, 0x00, 0x00, 0x00, 0x00, 0x00, 0x00, 0x00, 0x00, 0x00, 0x00, 0x00, 0x00, 0x00, 0x00, 0x00, 0x00,
    0x00, 0x00, 0x00, 0x00, 0x00, 0x00, 0x00, 0x00, 0x00, 0x00, 0x00, 0x00, 0x00, 0x00, 0x00, 0x00, 0x00, 0x00, 0x00, 0x00,
    0x00, 0x00, 0x00, 0x00, 0x00, 0x00, 0x00, 0x00, 0x00, 0x00, 0x00, 0x00, 0x00, 0x00, 0x00, 0x00, 0x00, 0x00, 0x00, 0x00,
    0x00, 0x00, 0x00, 0x00, 0x00, 0x00, 0x00, 0x00, 0x00, 0x00, 0x00, 0x00, 0x00, 0x00, 0x00, 0x00, 0x00, 0x00, 0x00, 0x00,
    0x00, 0x00, 0x00, 0x00, 0x00, 0x00, 0x00, 0x00, 0x00, 0x00, 0x00, 0x00, 0x00, 0x00, 0x00, 0x00, 0x00, 0x00, 0x00, 0x00,
    0x00, 0x00, 0x00, 0x00, 0x00, 0x00, 0x00, 0x00, 0x00, 0x00, 0x00, 0x00, 0x00, 0x00, 0x00, 0x00, 0x00, 0x00, 0x00, 0x00,
    0x00, 0x00, 0x00, 0x00, 0x00, 0x00, 0x00, 0x00, 0x00, 0x00, 0x00, 0x00, 0x00, 0x00, 0x00, 0x00, 0x00, 0x00, 0x00, 0x00,
    0x00, 0x00, 0x00, 0x00, 0x00, 0x00, 0x00, 0x00, 0x00, 0x00, 0x00, 0x00, 0x00, 0x00, 0x00, 0x00, 0x00, 0x00, 0x00, 0x00,
    0x00, 0x00, 0x00, 0x00, 0x00, 0x00, 0x00, 0x00, 0x00, 0x00, 0x00, 0x00, 0x00, 0x00, 0x00, 0x00, 0x00, 0x00, 0x00, 0x00,
    0x00, 0x00, 0x00, 0x00, 0x00, 0x00, 0x00, 0x00, 0x00, 0x00, 0x00, 0x00, 0x00, 0x00, 0x00, 0x00, 0x00, 0x00, 0x00, 0x00,
    0x00, 0x00, 0x00, 0x00, 0x00, 0x00, 0x00, 0x00, 0x00, 0x00, 0x00, 0x00, 0x00, 0x00, 0x00, 0x00, 0x00, 0x00, 0x00, 0x00,
    0x00, 0x00, 0x00, 0x00, 0x00, 0x00, 0x00, 0x00, 0x00, 0x00, 0x00, 0x00, 0x00, 0x00, 0x00, 0x00, 0x00, 0x00, 0x00, 0x00,
    0x00, 0x00, 0x00, 0x00, 0x00, 0x00, 0x00, 0x00, 0x00, 0x00, 0x00, 0x00, 0x00, 0x00, 0x00, 0x00, 0x00, 0x00, 0x00, 0x00,
    0x00, 0x00, 0x00, 0x00, 0x00, 0x00, 0x00, 0x00, 0x00, 0x00, 0x00, 0x00, 0x00, 0x00, 0x00, 0x00, 0x00, 0x00, 0x00, 0x00,
    0x00, 0x00, 0x00, 0x00, 0x00, 0x00, 0x00, 0x00, 0x00, 0x00, 0x00, 0x00, 0x00, 0x00, 0x00, 0x00, 0x00, 0x00, 0x00, 0x00,
    0x00, 0x00, 0x00, 0x00, 0x00, 0x00, 0x00, 0x00, 0x00, 0x00, 0x00, 0x00, 0x60, 0x10, 0x00, 0x29, 0x80, 0x41, 0x41, 0x5a,
    0xc1, 0x72, 0x61, 0x93, 0xe2, 0xa3, 0x62, 0xbc, 0xa2, 0xc4, 0xe3, 0xcc, 0x24, 0xd5, 0x44, 0xdd, 0x44, 0xd5, 0x44, 0xd5,
    0x24, 0xd5, 0x03, 0xcd, 0x83, 0x5c, 0x27, 0x35, 0xc6, 0x2c, 0x2b, 0x66, 0x4b, 0x5e, 0x4b, 0x56, 0x2b, 0x56, 0x2a, 0x5e,
    0x86, 0x55, 0x42, 0x33, 0x00, 0x00, 0x00, 0x00, 0x00, 0x00, 0x00, 0x00, 0x00, 0x00, 0x00, 0x00, 0x00, 0x00, 0x00, 0x00,
    0x00, 0x00, 0x00, 0x00, 0x00, 0x00, 0x00, 0x00, 0x00, 0x00, 0x00, 0x00, 0x00, 0x00, 0x00, 0x00, 0x00, 0x00, 0x00, 0x00,
    0x00, 0x00, 0x00, 0x00, 0x00, 0x00, 0x00, 0x00, 0x00, 0x00, 0x00, 0x00, 0x00, 0x00, 0x00, 0x00, 0x00, 0x00, 0x00, 0x00,
    0x00, 0x00, 0x00, 0x00, 0x00, 0x00, 0x00, 0x00, 0x00, 0x00, 0x00, 0x00, 0x00, 0x00, 0x00, 0x00, 0x00, 0x00, 0x00, 0x00,
    0x00, 0x00, 0x00, 0x00, 0x00, 0x00, 0x00, 0x00, 0x00, 0x00, 0x00, 0x00, 0x00, 0x00, 0x00, 0x00, 0x00, 0x00, 0x00, 0x00,
    0x00, 0x00, 0x00, 0x00, 0x00, 0x00, 0x00, 0x00, 0x00, 0x00, 0x00, 0x00, 0x00, 0x00, 0x00, 0x00, 0x00, 0x00, 0x00, 0x00,
    0x00, 0x00, 0x00, 0x00, 0x00, 0x00, 0x00, 0x00, 0x00, 0x00, 0x00, 0x00, 0x00, 0x00, 0x00, 0x00, 0x00, 0x00, 0x00, 0x00,
    0x00, 0x00, 0x00, 0x00, 0x00, 0x00, 0x00, 0x00, 0x00, 0x00, 0x00, 0x00, 0x00, 0x00, 0x00, 0x00, 0x00, 0x00, 0x00, 0x00,
    0x00, 0x00, 0x00, 0x00, 0x00, 0x00, 0x00, 0x00, 0x00, 0x00, 0x00, 0x00, 0x00, 0x00, 0x00, 0x00, 0x00, 0x00, 0x00, 0x00,
    0x00, 0x00, 0x00, 0x00, 0x00, 0x00, 0x00, 0x00, 0x00, 0x00, 0x00, 0x00, 0x00, 0x00, 0x00, 0x00, 0x00, 0x00, 0x00, 0x00,
    0x00, 0x00, 0x00, 0x00, 0x00, 0x00, 0x00, 0x00, 0x00, 0x00, 0x00, 0x00, 0x00, 0x00, 0x00, 0x00, 0x00, 0x00, 0x00, 0x00,
    0x00, 0x00, 0x00, 0x00, 0x00, 0x00, 0x00, 0x00, 0x00, 0x00, 0x00, 0x00, 0x00, 0x00, 0x00, 0x00, 0x00, 0x00, 0x00, 0x00,
    0x00, 0x00, 0x00, 0x00, 0x00, 0x00, 0x00, 0x00, 0x00, 0x00, 0x00, 0x00, 0x00, 0x00, 0x00, 0x00, 0x00, 0x00, 0x00, 0x00,
    0x00, 0x00, 0x00, 0x00, 0x00, 0x00, 0x00, 0x00, 0x00, 0x00, 0x00, 0x00, 0x00, 0x00, 0x00, 0x00, 0x00, 0x00, 0x00, 0x00,
    0x00, 0x00, 0x00, 0x00, 0x00, 0x00, 0x00, 0x00, 0x00, 0x00, 0x00, 0x00, 0x00, 0x00, 0x00, 0x00, 0x00, 0x00, 0x00, 0x00,
    0x00, 0x00, 0x00, 0x00, 0x00, 0x00, 0x00, 0x00, 0x00, 0x00, 0x00, 0x00, 0x00, 0x00, 0x00, 0x00, 0x00, 0x00, 0x00, 0x00,
    0x00, 0x00, 0x00, 0x00, 0x00, 0x00, 0x00, 0x00, 0x00, 0x00, 0x00, 0x00, 0x00, 0x00, 0x00, 0x00, 0x00, 0x00, 0x00, 0x00,
    0x20, 0x08, 0xe0, 0x28, 0x00, 0x52, 0x01, 0x83, 0x02, 0xac, 0xc2, 0xcc, 0x84, 0xe5, 0x26, 0xf6, 0x89, 0xfe, 0xcb, 0xfe,
    0x0d, 0xff, 0x2f, 0xff, 0x50, 0xff, 0x52, 0xff, 0x52, 0xff, 0x73, 0xff, 0x73, 0xff, 0x74, 0xff, 0x74, 0xff, 0x95, 0xff,
    0x95, 0xff, 0xf1, 0xe6, 0x66, 0x5d, 0x0a, 0x56, 0xc6, 0x24, 0xe3, 0x1b, 0x64, 0x34, 0x26, 0x4d, 0x66, 0x55, 0x25, 0x55,
    0xa6, 0x95, 0x85, 0xdd, 0x83, 0xbc, 0x81, 0x93, 0x60, 0x62, 0x40, 0x39, 0x80, 0x10, 0x00, 0x00, 0x00, 0x00, 0x00, 0x00,
    0x00, 0x00, 0x00, 0x00, 0x00, 0x00, 0x00, 0x00, 0x00, 0x00, 0x00, 0x00, 0x00, 0x00, 0x00, 0x00, 0x00, 0x00, 0x00, 0x00,
    0x00, 0x00, 0x00, 0x00, 0x00, 0x00, 0x00, 0x00, 0x00, 0x00, 0x00, 0x00, 0x81, 0x19, 0x44, 0x3b, 0x26, 0x4c, 0xe6, 0x4b,
    0x24, 0x2a, 0x00, 0x00, 0x00, 0x00, 0x00, 0x00, 0x00, 0x00, 0x00, 0x00, 0x00, 0x00, 0x00, 0x00, 0x00, 0x00, 0x00, 0x00,
    0x00, 0x00, 0x00, 0x00, 0x00, 0x00, 0x00, 0x00, 0x00, 0x00, 0x00, 0x00, 0x00, 0x00, 0x00, 0x00, 0x00, 0x00, 0x00, 0x00,
    0x00, 0x00, 0x00, 0x00, 0x00, 0x00, 0x00, 0x00, 0x00, 0x00, 0x00, 0x00, 0x00, 0x00, 0x00, 0x00, 0x00, 0x00, 0x00, 0x00,
    0x00, 0x00, 0x00, 0x00, 0x00, 0x00, 0x00, 0x00, 0x00, 0x00, 0x00, 0x00, 0x00, 0x00, 0x00, 0x00, 0x00, 0x00, 0x00, 0x00,
    0x00, 0x00, 0x00, 0x00, 0x00, 0x00, 0x00, 0x00, 0x00, 0x00, 0x00, 0x00, 0x00, 0x00, 0x00, 0x00, 0x00, 0x00, 0x00, 0x00,
    0x00, 0x00, 0x00, 0x00, 0x00, 0x00, 0x00, 0x00, 0x00, 0x00, 0x00, 0x00, 0x00, 0x00, 0x00, 0x00, 0x00, 0x00, 0x00, 0x00,
    0x00, 0x00, 0x00, 0x00, 0x00, 0x00, 0x00, 0x00, 0x00, 0x00, 0x00, 0x00, 0x00, 0x00, 0x00, 0x00, 0x00, 0x00, 0x00, 0x00,
    0x00, 0x00, 0x00, 0x00, 0x00, 0x00, 0x00, 0x00, 0x00, 0x00, 0x00, 0x00, 0x00, 0x00, 0x00, 0x00, 0x00, 0x00, 0x00, 0x00,
    0x00, 0x00, 0x00, 0x00, 0x00, 0x00, 0x00, 0x00, 0x00, 0x00, 0x00, 0x00, 0x00, 0x00, 0x00, 0x00, 0x00, 0x00, 0x00, 0x00,
    0x00, 0x00, 0x00, 0x00, 0x00, 0x00, 0x00, 0x00, 0x00, 0x00, 0x00, 0x00, 0x00, 0x00, 0x00, 0x00, 0x00, 0x00, 0x00, 0x00,
    0x00, 0x00, 0x00, 0x00, 0x00, 0x00, 0x00, 0x00, 0x00, 0x00, 0x00, 0x00, 0x00, 0x00, 0x00, 0x00, 0x00, 0x00, 0x00, 0x00,
    0x00, 0x00, 0x00, 0x00, 0x00, 0x00, 0x00, 0x00, 0x00, 0x00, 0x00, 0x00, 0x00, 0x00, 0x00, 0x00, 0x00, 0x00, 0x00, 0x00,
    0x00, 0x00, 0x00, 0x00, 0x00, 0x00, 0x00, 0x00, 0x00, 0x00, 0x00, 0x00, 0x00, 0x00, 0x00, 0x00, 0x00, 0x00, 0x00, 0x00,
    0x00, 0x00, 0x00, 0x00, 0x00, 0x00, 0x00, 0x00, 0x00, 0x00, 0x00, 0x00, 0x40, 0x08, 0x40, 0x31, 0x80, 0x6a, 0xe1, 0xa3,
    0x23, 0xd5, 0x26, 0xf6, 0xca, 0xfe, 0x2e, 0xff, 0x51, 0xff, 0x74, 0xff, 0x96, 0xff, 0x97, 0xff, 0x97, 0xff, 0x97, 0xff,
    0x97, 0xff, 0x97, 0xff, 0x97, 0xff, 0x96, 0xff, 0x96, 0xff, 0x96, 0xff, 0x96, 0xff, 0x96, 0xff, 0x96, 0xff, 0x97, 0xff,
    0xb8, 0xff, 0x90, 0xb6, 0x09, 0x6e, 0x4b, 0x6e, 0x27, 0x2d, 0x02, 0x1b, 0xa9, 0x84, 0x0d, 0xa6, 0x4f, 0xae, 0x34, 0xdf,
    0x97, 0xff, 0x75, 0xff, 0x73, 0xff, 0x50, 0xff, 0xec, 0xfe, 0x68, 0xfe, 0xa5, 0xe5, 0xa2, 0xc4, 0x21, 0x83, 0xc0, 0x49,
    0x80, 0x18, 0x00, 0x00, 0x00, 0x00, 0x00, 0x00, 0x00, 0x00, 0x00, 0x00, 0x00, 0x00, 0x00, 0x00, 0x00, 0x00, 0x00, 0x00,
    0x00, 0x00, 0x00, 0x00, 0x00, 0x00, 0x00, 0x00, 0x20, 0x00, 0x64, 0x3b, 0x8c, 0x86, 0x71, 0xaf, 0x92, 0xb7, 0xb3, 0xbf,
    0x71, 0xaf, 0xa9, 0x5c, 0xa1, 0x08, 0x00, 0x00, 0x00, 0x00, 0x00, 0x00, 0x00, 0x00, 0x00, 0x00, 0x00, 0x00, 0x00, 0x00,
    0x00, 0x00, 0x00, 0x00, 0x00, 0x00, 0x00, 0x00, 0x00, 0x00, 0x00, 0x00, 0x00, 0x00, 0x00, 0x00, 0x00, 0x00, 0x00, 0x00,
    0x00, 0x00, 0x00, 0x00, 0x00, 0x00, 0x00, 0x00, 0x00, 0x00, 0x00, 0x00, 0x00, 0x00, 0x00, 0x00, 0x00, 0x00, 0x00, 0x00,
    0x00, 0x00, 0x00, 0x00, 0x00, 0x00, 0x00, 0x00, 0x00, 0x00, 0x00, 0x00, 0x00, 0x00, 0x00, 0x00, 0x00, 0x00, 0x00, 0x00,
    0x00, 0x00, 0x00, 0x00, 0x00, 0x00, 0x00, 0x00, 0x00, 0x00, 0x00, 0x00, 0x00, 0x00, 0x00, 0x00, 0x00, 0x00, 0x00, 0x00,
    0x00, 0x00, 0x00, 0x00, 0x00, 0x00, 0x00, 0x00, 0x00, 0x00, 0x00, 0x00, 0x00, 0x00, 0x00, 0x00, 0x00, 0x00, 0x00, 0x00,
    0x00, 0x00, 0x00, 0x00, 0x00, 0x00, 0x00, 0x00, 0x00, 0x00, 0x00, 0x00, 0x00, 0x00, 0x00, 0x00, 0x00, 0x00, 0x00, 0x00,
    0x00, 0x00, 0x00, 0x00, 0x00, 0x00, 0x00, 0x00, 0x00, 0x00, 0x00, 0x00, 0x00, 0x00, 0x00, 0x00, 0x00, 0x00, 0x00, 0x00,
    0x00, 0x00, 0x00, 0x00, 0x00, 0x00, 0x00, 0x00, 0x00, 0x00, 0x00, 0x00, 0x00, 0x00, 0x00, 0x00, 0x00, 0x00, 0x00, 0x00,
    0x00, 0x00, 0x00, 0x00, 0x00, 0x00, 0x00, 0x00, 0x00, 0x00, 0x00, 0x00, 0x00, 0x00, 0x00, 0x00, 0x00, 0x00, 0x00, 0x00,
    0x00, 0x00, 0x00, 0x00, 0x00, 0x00, 0x00, 0x00, 0x00, 0x00, 0x00, 0x00, 0x00, 0x00, 0x00, 0x00, 0x00, 0x00, 0x00, 0x00,
    0x00, 0x00, 0x00, 0x00, 0x00, 0x00, 0x00, 0x00, 0x00, 0x00, 0x00, 0x00, 0x00, 0x00, 0x00, 0x00, 0x00, 0x00, 0x00, 0x00,
    0x00, 0x00, 0x00, 0x00, 0x00, 0x00, 0x00, 0x00, 0x00, 0x00, 0x00, 0x00, 0x00, 0x00, 0x00, 0x00, 0x00, 0x00, 0x00, 0x00,
    0x00, 0x00, 0x00, 0x00, 0x00, 0x00, 0x80, 0x18, 0xe0, 0x51, 0x81, 0x93, 0x24, 0xd5, 0x47, 0xfe, 0xeb, 0xfe, 0x2f, 0xff,
    0x74, 0xff, 0x96, 0xff, 0xb8, 0xff, 0xb8, 0xff, 0x97, 0xff, 0x97, 0xff, 0x96, 0xff, 0x76, 0xff, 0x76, 0xff, 0x96, 0xff,
    0x76, 0xff, 0x75, 0xff, 0x76, 0xff, 0x76, 0xff, 0x76, 0xff, 0x76, 0xff, 0x76, 0xff, 0x76, 0xff, 0x96, 0xff, 0x76, 0xff,
    0x97, 0xff, 0x2d, 0x9e, 0x2a, 0x76, 0x4b, 0x6e, 0xa5, 0x2c, 0xe5, 0x63, 0x96, 0xff, 0xb6, 0xff, 0x97, 0xff, 0x96, 0xff,
    0x76, 0xff, 0x96, 0xff, 0x97, 0xff, 0x97, 0xff, 0x97, 0xff, 0x97, 0xff, 0x75, 0xff, 0x53, 0xff, 0x2f, 0xff, 0xaa, 0xfe,
    0xc6, 0xe5, 0x62, 0xb4, 0xa1, 0x6a, 0x20, 0x29, 0x00, 0x00, 0x00, 0x00, 0x00, 0x00, 0x00, 0x00, 0x00, 0x00, 0x00, 0x00,
    0x00, 0x00, 0x00, 0x00, 0x00, 0x00, 0x00, 0x00, 0xe3, 0x2a, 0xac, 0x86, 0x93, 0xb7, 0xb4, 0xbf, 0xd6, 0xd7, 0xfa, 0xf7,
    0xf9, 0xef, 0x93, 0xb7, 0x66, 0x4c, 0x20, 0x00, 0x00, 0x00, 0x00, 0x00, 0x00, 0x00, 0x00, 0x00, 0x00, 0x00, 0x00, 0x00,
    0x00, 0x00, 0x00, 0x00, 0x00, 0x00, 0x00, 0x00, 0x00, 0x00, 0x00, 0x00, 0x00, 0x00, 0x00, 0x00, 0x00, 0x00, 0x00, 0x00,
    0x00, 0x00, 0x00, 0x00, 0x00, 0x00, 0x00, 0x00, 0x00, 0x00, 0x00, 0x00, 0x00, 0x00, 0x00, 0x00, 0x00, 0x00, 0x00, 0x00,
    0x00, 0x00, 0x00, 0x00, 0x00, 0x00, 0x00, 0x00, 0x00, 0x00, 0x00, 0x00, 0x00, 0x00, 0x00, 0x00, 0x00, 0x00, 0x00, 0x00,
    0x00, 0x00, 0x00, 0x00, 0x00, 0x00, 0x00, 0x00, 0x00, 0x00, 0x00, 0x00, 0x00, 0x00, 0x00, 0x00, 0x00, 0x00, 0x00, 0x00,
    0x00, 0x00, 0x00, 0x00, 0x00, 0x00, 0x00, 0x00, 0x00, 0x00, 0x00, 0x00, 0x00, 0x00, 0x00, 0x00, 0x00, 0x00, 0x00, 0x00,
    0x00, 0x00, 0x00, 0x00, 0x00, 0x00, 0x00, 0x00, 0x00, 0x00, 0x00, 0x00, 0x00, 0x00, 0x00, 0x00, 0x00, 0x00, 0x00, 0x00,
    0x00, 0x00, 0x00, 0x00, 0x00, 0x00, 0x00, 0x00, 0x00, 0x00, 0x00, 0x00, 0x00, 0x00, 0x00, 0x00, 0x00, 0x00, 0x00, 0x00,
    0x00, 0x00, 0x00, 0x00, 0x00, 0x00, 0x00, 0x00, 0x00, 0x00, 0x00, 0x00, 0x00, 0x00, 0x00, 0x00, 0x00, 0x00, 0x00, 0x00,
    0x00, 0x00, 0x00, 0x00, 0x00, 0x00, 0x00, 0x00, 0x00, 0x00, 0x00, 0x00, 0x00, 0x00, 0x00, 0x00, 0x00, 0x00, 0x00, 0x00,
    0x00, 0x00, 0x00, 0x00, 0x00, 0x00, 0x00, 0x00, 0x00, 0x00, 0x00, 0x00, 0x00, 0x00, 0x00, 0x00, 0x00, 0x00, 0x00, 0x00,
    0x00, 0x00, 0x00, 0x00, 0x00, 0x00, 0x00, 0x00, 0x00, 0x00, 0x00, 0x00, 0x00, 0x00, 0x00, 0x00, 0x00, 0x00, 0x00, 0x00,
    0x00, 0x00, 0x00, 0x00, 0x00, 0x00, 0x00, 0x00, 0x00, 0x00, 0x00, 0x00, 0x00, 0x00, 0x00, 0x00, 0x00, 0x00, 0x00, 0x00,
    0x60, 0x10, 0x00, 0x52, 0x02, 0xac, 0xa4, 0xe5, 0xaa, 0xfe, 0x50, 0xff, 0x95, 0xff, 0x96, 0xff, 0x97, 0xff, 0x97, 0xff,
    0x97, 0xff, 0x96, 0xff, 0x96, 0xff, 0x96, 0xff, 0x96, 0xff, 0x76, 0xff, 0x75, 0xff, 0x75, 0xff, 0x75, 0xff, 0x75, 0xff,
    0x75, 0xff, 0x75, 0xff, 0x75, 0xff, 0x75, 0xff, 0x75, 0xff, 0x75, 0xff, 0x75, 0xff, 0x76, 0xff, 0x76, 0xff, 0x76, 0xff,
    0x97, 0xff, 0xcb, 0x8d, 0x4a, 0x76, 0x6b, 0x6e, 0xa4, 0x34, 0xcc, 0xa5, 0xb7, 0xff, 0x96, 0xff, 0x96, 0xff, 0x76, 0xff,
    0x76, 0xff, 0x76, 0xff, 0x96, 0xff, 0x96, 0xff, 0x96, 0xff, 0x76, 0xff, 0x96, 0xff, 0x97, 0xff, 0xb8, 0xff, 0xb8, 0xff,
    0x96, 0xff, 0x72, 0xff, 0xec, 0xfe, 0x27, 0xf6, 0xc3, 0xc4, 0x01, 0x83, 0x40, 0x31, 0x00, 0x00, 0x00, 0x00, 0x00, 0x00,
    0x00, 0x00, 0x00, 0x00, 0x00, 0x00, 0xc0, 0x08, 0x67, 0x5d, 0xef, 0x8e, 0x31, 0x97, 0x94, 0xbf, 0xd7, 0xdf, 0xda, 0xf7,
    0xd9, 0xef, 0xd6, 0xcf, 0xad, 0x86, 0xa1, 0x19, 0x00, 0x00, 0x00, 0x00, 0x00, 0x00, 0x00, 0x00, 0x00, 0x00, 0x00, 0x00,
    0x00, 0x00, 0x00, 0x00, 0x00, 0x00, 0x00, 0x00, 0x00, 0x00, 0x00, 0x00, 0x00, 0x00, 0x00, 0x00, 0x00, 0x00, 0x00, 0x00,
    0x00, 0x00, 0x00, 0x00, 0x00, 0x00, 0x00, 0x00, 0x00, 0x00, 0x00, 0x00, 0x00, 0x00, 0x00, 0x00, 0x00, 0x00, 0x00, 0x00,
    0x00, 0x00, 0x00, 0x00, 0x00, 0x00, 0x00, 0x00, 0x00, 0x00, 0x00, 0x00, 0x00, 0x00, 0x00, 0x00, 0x00, 0x00, 0x00, 0x00,
    0x00, 0x00, 0x00, 0x00, 0x00, 0x00, 0x00, 0x00, 0x00, 0x00, 0x00, 0x00, 0x00, 0x00, 0x00, 0x00, 0x00, 0x00, 0x00, 0x00,
    0x00, 0x00, 0x00, 0x00, 0x00, 0x00, 0x00, 0x00, 0x00, 0x00, 0x00, 0x00, 0x00, 0x00, 0x00, 0x00, 0x00, 0x00, 0x00, 0x00,
    0x00, 0x00, 0x00, 0x00, 0x00, 0x00, 0x00, 0x00, 0x00, 0x00, 0x00, 0x00, 0x00, 0x00, 0x00, 0x00, 0x00, 0x00, 0x00, 0x00,
    0x00, 0x00, 0x00, 0x00, 0x00, 0x00, 0x00, 0x00, 0x00, 0x00, 0x00, 0x00, 0x00, 0x00, 0x00, 0x00, 0x00, 0x00, 0x00, 0x00,
    0x00, 0x00, 0x00, 0x00, 0x00, 0x00, 0x00, 0x00, 0x00, 0x00, 0x00, 0x00, 0x00, 0x00, 0x00, 0x00, 0x00, 0x00, 0x00, 0x00,
    0x00, 0x00, 0x00, 0x00, 0x00, 0x00, 0x00, 0x00, 0x00, 0x00, 0x00, 0x00, 0x00, 0x00, 0x00, 0x00, 0x00, 0x00, 0x00, 0x00,
    0x00, 0x00, 0x00, 0x00, 0x00, 0x00, 0x00, 0x00, 0x00, 0x00, 0x00, 0x00, 0x00, 0x00, 0x00, 0x00, 0x00, 0x00, 0x00, 0x00,
    0x00, 0x00, 0x00, 0x00, 0x00, 0x00, 0x00, 0x00, 0x00, 0x00, 0x00, 0x00, 0x00, 0x00, 0x00, 0x00, 0x00, 0x00, 0x00, 0x00,
    0x00, 0x00, 0x00, 0x00, 0x00, 0x00, 0x00, 0x00, 0x00, 0x00, 0x00, 0x00, 0x00, 0x00, 0x00, 0x00, 0x60, 0x39, 0x81, 0x93,
    0x84, 0xe5, 0xa9, 0xfe, 0x50, 0xff, 0x75, 0xff, 0x98, 0xff, 0x98, 0xff, 0x97, 0xff, 0x96, 0xff, 0x76, 0xff, 0x76, 0xff,
    0x76, 0xff, 0x76, 0xff, 0x76, 0xff, 0x76, 0xff, 0x76, 0xff, 0x75, 0xff, 0x75, 0xff, 0x75, 0xff, 0x75, 0xff, 0x75, 0xff,
    0x75, 0xff, 0x75, 0xff, 0x75, 0xff, 0x75, 0xff, 0x75, 0xff, 0x75, 0xff, 0x75, 0xff, 0x75, 0xff, 0x76, 0xff, 0x96, 0xff,
    0xb7, 0xff, 0xcb, 0x8d, 0x2a, 0x6e, 0x6b, 0x76, 0xc4, 0x44, 0xcc, 0xb5, 0x34, 0xef, 0x33, 0xe7, 0x33, 0xef, 0x54, 0xef,
    0x55, 0xf7, 0x76, 0xff, 0x76, 0xff, 0x96, 0xff, 0x96, 0xff, 0x96, 0xff, 0x76, 0xff, 0x96, 0xff, 0x96, 0xff, 0x96, 0xff,
    0x97, 0xff, 0x97, 0xff, 0x97, 0xff, 0x96, 0xff, 0x73, 0xff, 0x0d, 0xff, 0x27, 0xf6, 0xa2, 0xc4, 0x80, 0x6a, 0xa0, 0x18,
    0x00, 0x00, 0x00, 0x00, 0x00, 0x00, 0xa1, 0x19, 0x09, 0x6e, 0xae, 0x76, 0xf0, 0x86, 0x93, 0xaf, 0xb4, 0xc7, 0xb5, 0xcf,
    0xb5, 0xc7, 0x94, 0xb7, 0x0e, 0x8f, 0xe2, 0x2a, 0x00, 0x00, 0x00, 0x00, 0x00, 0x00, 0x00, 0x00, 0x00, 0x00, 0x00, 0x00,
    0x00, 0x00, 0x00, 0x00, 0x00, 0x00, 0x00, 0x00, 0x00, 0x00, 0x00, 0x00, 0x00, 0x00, 0x00, 0x00, 0x00, 0x00, 0x00, 0x00,
    0x00, 0x00, 0x00, 0x00, 0x00, 0x00, 0x00, 0x00, 0x00, 0x00, 0x00, 0x00, 0x00, 0x00, 0x00, 0x00, 0x00, 0x00, 0x00, 0x00,
    0x00, 0x00, 0x00, 0x00, 0x00, 0x00, 0x00, 0x00, 0x00, 0x00, 0x00, 0x00, 0x00, 0x00, 0x00, 0x00, 0x00, 0x00, 0x00, 0x00,
    0x00, 0x00, 0x00, 0x00, 0x00, 0x00, 0x00, 0x00, 0x00, 0x00, 0x00, 0x00, 0x00, 0x00, 0x00, 0x00, 0x00, 0x00, 0x00, 0x00,
    0x00, 0x00, 0x00, 0x00, 0x00, 0x00, 0x00, 0x00, 0x00, 0x00, 0x00, 0x00, 0x00, 0x00, 0x00, 0x00, 0x00, 0x00, 0x00, 0x00,
    0x00, 0x00, 0x00, 0x00, 0x00, 0x00, 0x00, 0x00, 0x00, 0x00, 0x00, 0x00, 0x00, 0x00, 0x00, 0x00, 0x00, 0x00, 0x00, 0x00,
    0x00, 0x00, 0x00, 0x00, 0x00, 0x00, 0x00, 0x00, 0x00, 0x00, 0x00, 0x00, 0x00, 0x00, 0x00, 0x00, 0x00, 0x00, 0x00, 0x00,
    0x00, 0x00, 0x00, 0x00, 0x00, 0x00, 0x00, 0x00, 0x00, 0x00, 0x00, 0x00, 0x00, 0x00, 0x00, 0x00, 0x00, 0x00, 0x00, 0x00,
    0x00, 0x00, 0x00, 0x00, 0x00, 0x00, 0x00, 0x00, 0x00, 0x00, 0x00, 0x00, 0x00, 0x00, 0x00, 0x00, 0x00, 0x00, 0x00, 0x00,
    0x00, 0x00, 0x00, 0x00, 0x00, 0x00, 0x00, 0x00, 0x00, 0x00, 0x00, 0x00, 0x00, 0x00, 0x00, 0x00, 0x00, 0x00, 0x00, 0x00,
    0x00, 0x00, 0x00, 0x00, 0x00, 0x00, 0x00, 0x00, 0x00, 0x00, 0x00, 0x00, 0x00, 0x00, 0x00, 0x00, 0x00, 0x00, 0x00, 0x00,
    0x00, 0x00, 0x00, 0x00, 0x00, 0x00, 0x00, 0x00, 0x00, 0x00, 0x60, 0x10, 0x41, 0x62, 0xa2, 0xc4, 0x26, 0xf6, 0x0d, 0xff,
    0x74, 0xff, 0x97, 0xff, 0x97, 0xff, 0x96, 0xff, 0x76, 0xff, 0x76, 0xff, 0x96, 0xff, 0x76, 0xff, 0x76, 0xff, 0x76, 0xff,
    0x76, 0xff, 0x75, 0xff, 0x75, 0xff, 0x75, 0xff, 0x75, 0xff, 0x75, 0xff, 0x75, 0xff, 0x75, 0xff, 0x75, 0xff, 0x75, 0xff,
    0x75, 0xff, 0x75, 0xff, 0x75, 0xff, 0x75, 0xff, 0x75, 0xff, 0x76, 0xff, 0x96, 0xff, 0x75, 0xff, 0xf2, 0xde, 0x2d, 0xb6,
    0xaa, 0x95, 0x05, 0x55, 0x0a, 0x66, 0x4b, 0x66, 0x84, 0x3c, 0xe2, 0x4b, 0x45, 0x65, 0x85, 0x6d, 0x85, 0x6d, 0xa6, 0x75,
    0xc6, 0x7d, 0xe7, 0x8d, 0xe8, 0x95, 0x2b, 0xae, 0x8e, 0xc6, 0x12, 0xdf, 0x55, 0xf7, 0x96, 0xff, 0x97, 0xff, 0x97, 0xff,
    0x76, 0xff, 0x96, 0xff, 0x76, 0xff, 0x96, 0xff, 0x96, 0xff, 0x97, 0xff, 0x76, 0xff, 0x51, 0xff, 0xcb, 0xfe, 0xc5, 0xe5,
    0xc2, 0x9b, 0xa0, 0x41, 0x20, 0x08, 0x82, 0x22, 0x0a, 0x66, 0x8e, 0x6e, 0x8e, 0x66, 0x30, 0x8f, 0x72, 0xa7, 0x73, 0xaf,
    0x52, 0xa7, 0x31, 0x97, 0xce, 0x86, 0xe2, 0x22, 0x00, 0x00, 0x00, 0x00, 0x00, 0x00, 0x00, 0x00, 0x00, 0x00, 0x00, 0x00,
    0x00, 0x00, 0x00, 0x00, 0x00, 0x00, 0x00, 0x00, 0x00, 0x00, 0x00, 0x00, 0x00, 0x00, 0x00, 0x00, 0x00, 0x00, 0x00, 0x00,
    0x00, 0x00, 0x00, 0x00, 0x00, 0x00, 0x00, 0x00, 0x00, 0x00, 0x00, 0x00, 0x00, 0x00, 0x00, 0x00, 0x00, 0x00, 0x00, 0x00,
    0x00, 0x00, 0x00, 0x00, 0x00, 0x00, 0x00, 0x00, 0x00, 0x00, 0x00, 0x00, 0x00, 0x00, 0x00, 0x00, 0x00, 0x00, 0x00, 0x00,
    0x00, 0x00, 0x00, 0x00, 0x00, 0x00, 0x00, 0x00, 0x00, 0x00, 0x00, 0x00, 0x00, 0x00, 0x00, 0x00, 0x00, 0x00, 0x00, 0x00,
    0x00, 0x00, 0x00, 0x00, 0x00, 0x00, 0x00, 0x00, 0x00, 0x00, 0x00, 0x00, 0x00, 0x00, 0x00, 0x00, 0x00, 0x00, 0x00, 0x00,
    0x00, 0x00, 0x00, 0x00, 0x00, 0x00, 0x00, 0x00, 0x00, 0x00, 0x00, 0x00, 0x00, 0x00, 0x00, 0x00, 0x00, 0x00, 0x00, 0x00,
    0x00, 0x00, 0x00, 0x00, 0x00, 0x00, 0x00, 0x00, 0x00, 0x00, 0x00, 0x00, 0x00, 0x00, 0x00, 0x00, 0x00, 0x00, 0x00, 0x00,
    0x00, 0x00, 0x00, 0x00, 0x00, 0x00, 0x00, 0x00, 0x00, 0x00, 0x00, 0x00, 0x00, 0x00, 0x00, 0x00, 0x00, 0x00, 0x00, 0x00,
    0x00, 0x00, 0x00, 0x00, 0x00, 0x00, 0x00, 0x00, 0x00, 0x00, 0x00, 0x00, 0x00, 0x00, 0x00, 0x00, 0x00, 0x00, 0x00, 0x00,
    0x00, 0x00, 0x00, 0x00, 0x00, 0x00, 0x00, 0x00, 0x00, 0x00, 0x00, 0x00, 0x00, 0x00, 0x00, 0x00, 0x00, 0x00, 0x00, 0x00,
    0x00, 0x00, 0x00, 0x00, 0x00, 0x00, 0x00, 0x00, 0x00, 0x00, 0x00, 0x00, 0x00, 0x00, 0x00, 0x00, 0x00, 0x00, 0x00, 0x00,
    0x00, 0x00, 0x00, 0x00, 0x00, 0x00, 0x60, 0x10, 0xa1, 0x72, 0x23, 0xdd, 0xa9, 0xfe, 0x52, 0xff, 0x96, 0xff, 0x97, 0xff,
    0x76, 0xff, 0x76, 0xff, 0x76, 0xff, 0x76, 0xff, 0x76, 0xff, 0x76, 0xff, 0x76, 0xff, 0x76, 0xff, 0x76, 0xff, 0x76, 0xff,
    0x75, 0xff, 0x75, 0xff, 0x75, 0xff, 0x75, 0xff, 0x75, 0xff, 0x75, 0xff, 0x75, 0xff, 0x75, 0xff, 0x75, 0xff, 0x75, 0xff,
    0x75, 0xff, 0x75, 0xff, 0x75, 0xff, 0x76, 0xff, 0x55, 0xff, 0xb1, 0xd6, 0xcb, 0x95, 0x46, 0x6d, 0x25, 0x5d, 0x67, 0x5d,
    0xa8, 0x55, 0x47, 0x45, 0x88, 0x4d, 0xe9, 0x4d, 0x64, 0x34, 0xea, 0x6d, 0x0f, 0x87, 0x0f, 0x8f, 0x30, 0x97, 0x30, 0x97,
    0x0f, 0x97, 0xee, 0x8e, 0xac, 0x8e, 0x6a, 0x86, 0x28, 0x7e, 0xe7, 0x7d, 0xe6, 0x85, 0x29, 0x9e, 0xad, 0xc6, 0x33, 0xe7,
    0x76, 0xff, 0x97, 0xff, 0x96, 0xff, 0x96, 0xff, 0x76, 0xff, 0x76, 0xff, 0x76, 0xff, 0x76, 0xff, 0x76, 0xff, 0x74, 0xff,
    0x2f, 0xff, 0x67, 0xfe, 0x42, 0x8c, 0xa4, 0x3c, 0xe9, 0x5d, 0x8e, 0x76, 0xeb, 0x45, 0x4d, 0x5e, 0xae, 0x6e, 0xaf, 0x76,
    0x8e, 0x66, 0xd0, 0x76, 0x2b, 0x6e, 0x01, 0x1a, 0x00, 0x00, 0x00, 0x00, 0x00, 0x00, 0x00, 0x00, 0x00, 0x00, 0x00, 0x00,
    0x00, 0x00, 0x00, 0x00, 0x00, 0x00, 0x00, 0x00, 0x00, 0x00, 0x00, 0x00, 0x00, 0x00, 0x00, 0x00, 0x00, 0x00, 0x00, 0x00,
    0x00, 0x00, 0x00, 0x00, 0x00, 0x00, 0x00, 0x00, 0x00, 0x00, 0x00, 0x00, 0x00, 0x00, 0x00, 0x00, 0x00, 0x00, 0x00, 0x00,
    0x00, 0x00, 0x00, 0x00, 0x00, 0x00, 0x00, 0x00, 0x00, 0x00, 0x00, 0x00, 0x00, 0x00, 0x00, 0x00, 0x00, 0x00, 0x00, 0x00,
    0x00, 0x00, 0x00, 0x00, 0x00, 0x00, 0x00, 0x00, 0x00, 0x00, 0x00, 0x00, 0x00, 0x00, 0x00, 0x00, 0x00, 0x00, 0x00, 0x00,
    0x00, 0x00, 0x00, 0x00, 0x00, 0x00, 0x00, 0x00, 0x00, 0x00, 0x00, 0x00, 0x00, 0x00, 0x00, 0x00, 0x00, 0x00, 0x00, 0x00,
    0x00, 0x00, 0x00, 0x00, 0x00, 0x00, 0x00, 0x00, 0x00, 0x00, 0x00, 0x00, 0x00, 0x00, 0x00, 0x00, 0x00, 0x00, 0x00, 0x00,
    0x00, 0x00, 0x00, 0x00, 0x00, 0x00, 0x00, 0x00, 0x00, 0x00, 0x00, 0x00, 0x00, 0x00, 0x00, 0x00, 0x00, 0x00, 0x00, 0x00,
    0x00, 0x00, 0x00, 0x00, 0x00, 0x00, 0x00, 0x00, 0x00, 0x00, 0x00, 0x00, 0x00, 0x00, 0x00, 0x00, 0x00, 0x00, 0x00, 0x00,
    0x00, 0x00, 0x00, 0x00, 0x00, 0x00, 0x00, 0x00, 0x00, 0x00, 0x00, 0x00, 0x00, 0x00, 0x00, 0x00, 0x00, 0x00, 0x00, 0x00,
    0x00, 0x00, 0x00, 0x00, 0x00, 0x00, 0x00, 0x00, 0x00, 0x00, 0x00, 0x00, 0x00, 0x00, 0x00, 0x00, 0x00, 0x00, 0x00, 0x00,
    0x00, 0x00, 0x00, 0x00, 0x00, 0x00, 0x00, 0x00, 0x00, 0x00, 0x00, 0x00, 0x00, 0x00, 0x00, 0x00, 0x00, 0x00, 0x00, 0x00,
    0x00, 0x00, 0x60, 0x10, 0xc0, 0x72, 0x64, 0xdd, 0xcb, 0xfe, 0x53, 0xff, 0x97, 0xff, 0x97, 0xff, 0x96, 0xff, 0x76, 0xff,
    0x76, 0xff, 0x76, 0xff, 0x76, 0xff, 0x76, 0xff, 0x76, 0xff, 0x76, 0xff, 0x76, 0xff, 0x75, 0xff, 0x75, 0xff, 0x75, 0xff,
    0x75, 0xff, 0x75, 0xff, 0x75, 0xff, 0x75, 0xff, 0x75, 0xff, 0x75, 0xff, 0x75, 0xff, 0x75, 0xff, 0x75, 0xff, 0x75, 0xff,
    0x75, 0xff, 0x96, 0xff, 0x54, 0xf7, 0x4d, 0xb6, 0x46, 0x6d, 0x25, 0x55, 0x88, 0x5d, 0x4c, 0x76, 0xcf, 0x86, 0x10, 0x8f,
    0xef, 0x76, 0x89, 0x45, 0x64, 0x24, 0x88, 0x3d, 0xe5, 0x2c, 0x47, 0x45, 0x6d, 0x66, 0xad, 0x76, 0x0f, 0x8f, 0x51, 0x9f,
    0x72, 0xa7, 0x72, 0xa7, 0x92, 0xaf, 0x92, 0xaf, 0x93, 0xaf, 0x72, 0xa7, 0x30, 0x9f, 0xcd, 0x96, 0x8a, 0x8e, 0x47, 0x8e,
    0x28, 0x9e, 0x8c, 0xbe, 0x12, 0xe7, 0x76, 0xff, 0x96, 0xff, 0x76, 0xff, 0x75, 0xff, 0x75, 0xff, 0x75, 0xff, 0x75, 0xff,
    0x76, 0xff, 0xd1, 0xde, 0x65, 0x65, 0x0a, 0x5e, 0x27, 0x35, 0x6c, 0x6e, 0x0b, 0x56, 0xa9, 0x3d, 0xca, 0x3d, 0xea, 0x45,
    0x0c, 0x4e, 0x6c, 0x6e, 0x64, 0x3c, 0xa0, 0x08, 0x00, 0x00, 0x00, 0x00, 0x00, 0x00, 0x00, 0x00, 0x00, 0x00, 0x00, 0x00,
    0x00, 0x00, 0x00, 0x00, 0x00, 0x00, 0x00, 0x00, 0x00, 0x00, 0x00, 0x00, 0x00, 0x00, 0x00, 0x00, 0x00, 0x00, 0x00, 0x00,
    0x00, 0x00, 0x00, 0x00, 0x00, 0x00, 0x00, 0x00, 0x00, 0x00, 0x00, 0x00, 0x00, 0x00, 0x00, 0x00, 0x00, 0x00, 0x00, 0x00,
    0x00, 0x00, 0x00, 0x00, 0x00, 0x00, 0x00, 0x00, 0x00, 0x00, 0x00, 0x00, 0x00, 0x00, 0x00, 0x00, 0x00, 0x00, 0x00, 0x00,
    0x00, 0x00, 0x00, 0x00, 0x00, 0x00, 0x00, 0x00, 0x00, 0x00, 0x00, 0x00, 0x00, 0x00, 0x00, 0x00, 0x00, 0x00, 0x00, 0x00,
    0x00, 0x00, 0x00, 0x00, 0x00, 0x00, 0x00, 0x00, 0x00, 0x00, 0x00, 0x00, 0x00, 0x00, 0x00, 0x00, 0x00, 0x00, 0x00, 0x00,
    0x00, 0x00, 0x00, 0x00, 0x00, 0x00, 0x00, 0x00, 0x00, 0x00, 0x00, 0x00, 0x00, 0x00, 0x00, 0x00, 0x00, 0x00, 0x00, 0x00,
    0x00, 0x00, 0x00, 0x00, 0x00, 0x00, 0x00, 0x00, 0x00, 0x00, 0x00, 0x00, 0x00, 0x00, 0x00, 0x00, 0x00, 0x00, 0x00, 0x00,
    0x00, 0x00, 0x00, 0x00, 0x00, 0x00, 0x00, 0x00, 0x00, 0x00, 0x00, 0x00, 0x00, 0x00, 0x00, 0x00, 0x00, 0x00, 0x00, 0x00,
    0x00, 0x00, 0x00, 0x00, 0x00, 0x00, 0x00, 0x00, 0x00, 0x00, 0x00, 0x00, 0x00, 0x00, 0x00, 0x00, 0x00, 0x00, 0x00, 0x00,
    0x00, 0x00, 0x00, 0x00, 0x00, 0x00, 0x00, 0x00, 0x00, 0x00, 0x00, 0x00, 0x00, 0x00, 0x00, 0x00, 0x00, 0x00, 0x00, 0x00,
    0x00, 0x00, 0x00, 0x00, 0x00, 0x00, 0x00, 0x00, 0x00, 0x00, 0x00, 0x00, 0x00, 0x00, 0x00, 0x00, 0x00, 0x00, 0x40, 0x08,
    0x81, 0x6a, 0x43, 0xdd, 0xcb, 0xfe, 0x74, 0xff, 0x97, 0xff, 0x97, 0xff, 0x96, 0xff, 0x96, 0xff, 0x76, 0xff, 0x76, 0xff,
    0x76, 0xff, 0x75, 0xff, 0x75, 0xff, 0x76, 0xff, 0x76, 0xff, 0x76, 0xff, 0x75, 0xff, 0x75, 0xff, 0x75, 0xff, 0x75, 0xff,
    0x75, 0xff, 0x75, 0xff, 0x75, 0xff, 0x75, 0xff, 0x75, 0xff, 0x55, 0xff, 0x55, 0xff, 0x55, 0xff, 0x75, 0xff, 0x76, 0xff,
    0x34, 0xf7, 0x0c, 0xae, 0x06, 0x5d, 0x67, 0x55, 0x6c, 0x76, 0x51, 0x9f, 0x52, 0xa7, 0x31, 0x9f, 0x10, 0x97, 0xef, 0x86,
    0xce, 0x76, 0x89, 0x45, 0xa2, 0x0b, 0xe6, 0x24, 0x05, 0x25, 0x47, 0x3d, 0x6c, 0x66, 0xac, 0x6e, 0xee, 0x86, 0x50, 0x9f,
    0x92, 0xaf, 0x93, 0xb7, 0xb3, 0xb7, 0x93, 0xb7, 0xb3, 0xb7, 0x93, 0xb7, 0x93, 0xb7, 0x94, 0xb7, 0xb4, 0xb7, 0x93, 0xb7,
    0x50, 0xaf, 0xcc, 0x9e, 0x27, 0x8e, 0x28, 0x96, 0x8d, 0xbe, 0x33, 0xef, 0x76, 0xff, 0x75, 0xff, 0x75, 0xff, 0x55, 0xff,
    0x33, 0xf7, 0xa7, 0x7d, 0xad, 0x86, 0x2b, 0x5e, 0xc5, 0x1c, 0xe3, 0x1b, 0x48, 0x55, 0x0a, 0x5e, 0x0a, 0x5e, 0x2b, 0x66,
    0x0a, 0x66, 0xc4, 0x44, 0x80, 0x11, 0x00, 0x00, 0x00, 0x00, 0x00, 0x00, 0x00, 0x00, 0x00, 0x00, 0x00, 0x00, 0x00, 0x00,
    0x00, 0x00, 0x00, 0x00, 0x00, 0x00, 0x00, 0x00, 0x00, 0x00, 0x00, 0x00, 0x00, 0x00, 0x00, 0x00, 0x00, 0x00, 0x00, 0x00,
    0x00, 0x00, 0x00, 0x00, 0x00, 0x00, 0x00, 0x00, 0x00, 0x00, 0x00, 0x00, 0x00, 0x00, 0x00, 0x00, 0x00, 0x00, 0x00, 0x00,
    0x00, 0x00, 0x00, 0x00, 0x00, 0x00, 0x00, 0x00, 0x00, 0x00, 0x00, 0x00, 0x00, 0x00, 0x00, 0x00, 0x00, 0x00, 0x00, 0x00,
    0x00, 0x00, 0x00, 0x00, 0x00, 0x00, 0x00, 0x00, 0x00, 0x00, 0x00, 0x00, 0x00, 0x00, 0x00, 0x00, 0x00, 0x00, 0x00, 0x00,
    0x00, 0x00, 0x00, 0x00, 0x00, 0x00, 0x00, 0x00, 0x00, 0x00, 0x00, 0x00, 0x00, 0x00, 0x00, 0x00, 0x00, 0x00, 0x00, 0x00,
    0x00, 0x00, 0x00, 0x00, 0x00, 0x00, 0x00, 0x00, 0x00, 0x00, 0x00, 0x00, 0x00, 0x00, 0x00, 0x00, 0x00, 0x00, 0x00, 0x00,
    0x00, 0x00, 0x00, 0x00, 0x00, 0x00, 0x00, 0x00, 0x00, 0x00, 0x00, 0x00, 0x00, 0x00, 0x00, 0x00, 0x00, 0x00, 0x00, 0x00,
    0x00, 0x00, 0x00, 0x00, 0x00, 0x00, 0x00, 0x00, 0x00, 0x00, 0x00, 0x00, 0x00, 0x00, 0x00, 0x00, 0x00, 0x00, 0x00, 0x00,
    0x00, 0x00, 0x00, 0x00, 0x00, 0x00, 0x00, 0x00, 0x00, 0x00, 0x00, 0x00, 0x00, 0x00, 0x00, 0x00, 0x00, 0x00, 0x00, 0x00,
    0x00, 0x00, 0x00, 0x00, 0x00, 0x00, 0x00, 0x00, 0x00, 0x00, 0x00, 0x00, 0x00, 0x00, 0x00, 0x00, 0x00, 0x00, 0x00, 0x00,
    0x00, 0x00, 0x00, 0x00, 0x00, 0x00, 0x00, 0x00, 0x00, 0x00, 0x00, 0x00, 0x00, 0x00, 0x00, 0x00, 0xc1, 0x49, 0xc2, 0xcc,
    0xc9, 0xfe, 0x74, 0xff, 0x98, 0xff, 0x97, 0xff, 0x96, 0xff, 0x96, 0xff, 0x96, 0xff, 0x76, 0xff, 0x76, 0xff, 0x76, 0xff,
    0x75, 0xff, 0x75, 0xff, 0x75, 0xff, 0x75, 0xff, 0x75, 0xff, 0x75, 0xff, 0x75, 0xff, 0x75, 0xff, 0x75, 0xff, 0x75, 0xff,
    0x75, 0xff, 0x75, 0xff, 0x75, 0xff, 0x74, 0xff, 0x55, 0xff, 0x54, 0xff, 0x54, 0xff, 0x75, 0xff, 0x75, 0xff, 0x6e, 0xc6,
    0x25, 0x65, 0x67, 0x55, 0xae, 0x7e, 0x72, 0xa7, 0x92, 0xaf, 0x72, 0xaf, 0x72, 0xaf, 0x52, 0xa7, 0x51, 0xa7, 0x0f, 0x97,
    0x0e, 0x8f, 0xee, 0x7e, 0x6b, 0x66, 0x09, 0x56, 0x6b, 0x6e, 0xcd, 0x76, 0xcd, 0x7e, 0xee, 0x86, 0x2f, 0x97, 0x71, 0xa7,
    0x93, 0xb7, 0xb3, 0xbf, 0xb4, 0xbf, 0xb4, 0xbf, 0xb4, 0xbf, 0xb4, 0xc7, 0xb4, 0xc7, 0xb4, 0xc7, 0xb4, 0xc7, 0xb4, 0xbf,
    0xb4, 0xbf, 0xb5, 0xc7, 0xb4, 0xbf, 0x2f, 0xa7, 0x49, 0x86, 0xc6, 0x85, 0x2a, 0xae, 0xf1, 0xe6, 0x75, 0xff, 0x75, 0xff,
    0x2c, 0xb6, 0xc8, 0x65, 0xcf, 0x8e, 0x0a, 0x4e, 0x63, 0x24, 0xc4, 0x5b, 0xa6, 0x6c, 0xe4, 0x54, 0xe4, 0x4c, 0xe3, 0x4c,
    0x42, 0x4c, 0xe0, 0x08, 0x00, 0x00, 0x00, 0x00, 0x00, 0x00, 0x00, 0x00, 0x00, 0x00, 0x00, 0x00, 0x00, 0x00, 0x00, 0x00,
    0x00, 0x00, 0x00, 0x00, 0x00, 0x00, 0x00, 0x00, 0x00, 0x00, 0x00, 0x00, 0x00, 0x00, 0x00, 0x00, 0x00, 0x00, 0x00, 0x00,
    0x00, 0x00, 0x00, 0x00, 0x00, 0x00, 0x00, 0x00, 0x00, 0x00, 0x00, 0x00, 0x00, 0x00, 0x00, 0x00, 0x00, 0x00, 0x00, 0x00,
    0x00, 0x00, 0x00, 0x00, 0x00, 0x00, 0x00, 0x00, 0x00, 0x00, 0x00, 0x00, 0x00, 0x00, 0x00, 0x00, 0x00, 0x00, 0x00, 0x00,
    0x00, 0x00, 0x00, 0x00, 0x00, 0x00, 0x00, 0x00, 0x00, 0x00, 0x00, 0x00, 0x00, 0x00, 0x00, 0x00, 0x00, 0x00, 0x00, 0x00,
    0x00, 0x00, 0x00, 0x00, 0x00, 0x00, 0x00, 0x00, 0x00, 0x00, 0x00, 0x00, 0x00, 0x00, 0x00, 0x00, 0x00, 0x00, 0x00, 0x00,
    0x00, 0x00, 0x00, 0x00, 0x00, 0x00, 0x00, 0x00, 0x00, 0x00, 0x00, 0x00, 0x00, 0x00, 0x00, 0x00, 0x00, 0x00, 0x00, 0x00,
    0x00, 0x00, 0x00, 0x00, 0x00, 0x00, 0x00, 0x00, 0x00, 0x00, 0x00, 0x00, 0x00, 0x00, 0x00, 0x00, 0x00, 0x00, 0x00, 0x00,
    0x00, 0x00, 0x00, 0x00, 0x00, 0x00, 0x00, 0x00, 0x00, 0x00, 0x00, 0x00, 0x00, 0x00, 0x00, 0x00, 0x00, 0x00, 0x00, 0x00,
    0x00, 0x00, 0x00, 0x00, 0x00, 0x00, 0x00, 0x00, 0x00, 0x00, 0x00, 0x00, 0x00, 0x00, 0x00, 0x00, 0x00, 0x00, 0x00, 0x00,
    0x00, 0x00, 0x00, 0x00, 0x00, 0x00, 0x00, 0x00, 0x00, 0x00, 0x00, 0x00, 0x00, 0x00, 0x00, 0x00, 0x00, 0x00, 0x00, 0x00,
    0x00, 0x00, 0x00, 0x00, 0x00, 0x00, 0x00, 0x00, 0x00, 0x00, 0x00, 0x00, 0x00, 0x29, 0xe2, 0xa3, 0x47, 0xfe, 0x31, 0xff,
    0x97, 0xff, 0x97, 0xff, 0x97, 0xff, 0x96, 0xff, 0x96, 0xff, 0x96, 0xff, 0x96, 0xff, 0x76, 0xff, 0x76, 0xff, 0x75, 0xff,
    0x75, 0xff, 0x75, 0xff, 0x75, 0xff, 0x75, 0xff, 0x75, 0xff, 0x75, 0xff, 0x75, 0xff, 0x75, 0xff, 0x75, 0xff, 0x75, 0xff,
    0x75, 0xff, 0x54, 0xff, 0x54, 0xff, 0x54, 0xff, 0x54, 0xff, 0x54, 0xff, 0x75, 0xff, 0xf2, 0xe6, 0x67, 0x85, 0x45, 0x55,
    0x8d, 0x7e, 0x52, 0x9f, 0x93, 0xaf, 0x93, 0xb7, 0x93, 0xb7, 0x93, 0xb7, 0x93, 0xb7, 0x93, 0xb7, 0x92, 0xb7, 0x72, 0xaf,
    0x71, 0xaf, 0x50, 0xa7, 0x50, 0x9f, 0x2f, 0x97, 0x2f, 0x97, 0x2f, 0x97, 0x2f, 0x9f, 0x50, 0xa7, 0x91, 0xaf, 0xb3, 0xbf,
    0xb4, 0xbf, 0xb4, 0xc7, 0xb4, 0xc7, 0xb4, 0xc7, 0xb5, 0xcf, 0xd5, 0xcf, 0xb5, 0xcf, 0xd5, 0xcf, 0xd5, 0xcf, 0xb5, 0xcf,
    0xb4, 0xc7, 0xb4, 0xc7, 0xb4, 0xc7, 0xb4, 0xbf, 0xb4, 0xb7, 0x51, 0xa7, 0x4a, 0x86, 0x85, 0x75, 0xe9, 0x9d, 0xd1, 0xe6,
    0xe9, 0x7d, 0xcd, 0x86, 0x4b, 0x5e, 0xe5, 0x34, 0xe5, 0x7c, 0xef, 0xfe, 0x31, 0xff, 0xcf, 0xe6, 0x8e, 0xd6, 0x8c, 0xe6,
    0x05, 0xee, 0x82, 0x93, 0xc0, 0x20, 0x00, 0x00, 0x00, 0x00, 0x00, 0x00, 0x00, 0x00, 0x00, 0x00, 0x00, 0x00, 0x00, 0x00,
    0x00, 0x00, 0x00, 0x00, 0x00, 0x00, 0x00, 0x00, 0x00, 0x00, 0x00, 0x00, 0x00, 0x00, 0x00, 0x00, 0x00, 0x00, 0x00, 0x00,
    0x00, 0x00, 0x00, 0x00, 0x00, 0x00, 0x00, 0x00, 0x00, 0x00, 0x00, 0x00, 0x00, 0x00, 0x00, 0x00, 0x00, 0x00, 0x00, 0x00,
    0x00, 0x00, 0x00, 0x00, 0x00, 0x00, 0x00, 0x00, 0x00, 0x00, 0x00, 0x00, 0x00, 0x00, 0x00, 0x00, 0x00, 0x00, 0x00, 0x00,
    0x00, 0x00, 0x00, 0x00, 0x00, 0x00, 0x00, 0x00, 0x00, 0x00, 0x00, 0x00, 0x00, 0x00, 0x00, 0x00, 0x00, 0x00, 0x00, 0x00,
    0x00, 0x00, 0x00, 0x00, 0x00, 0x00, 0x00, 0x00, 0x00, 0x00, 0x00, 0x00, 0x00, 0x00, 0x00, 0x00, 0x00, 0x00, 0x00, 0x00,
    0x00, 0x00, 0x00, 0x00, 0x00, 0x00, 0x00, 0x00, 0x00, 0x00, 0x00, 0x00, 0x00, 0x00, 0x00, 0x00, 0x00, 0x00, 0x00, 0x00,
    0x00, 0x00, 0x00, 0x00, 0x00, 0x00, 0x00, 0x00, 0x00, 0x00, 0x00, 0x00, 0x00, 0x00, 0x00, 0x00, 0x00, 0x00, 0x00, 0x00,
    0x00, 0x00, 0x00, 0x00, 0x00, 0x00, 0x00, 0x00, 0x00, 0x00, 0x00, 0x00, 0x00, 0x00, 0x00, 0x00, 0x00, 0x00, 0x00, 0x00,
    0x00, 0x00, 0x00, 0x00, 0x00, 0x00, 0x00, 0x00, 0x00, 0x00, 0x00, 0x00, 0x00, 0x00, 0x00, 0x00, 0x00, 0x00, 0x00, 0x00,
    0x00, 0x00, 0x00, 0x00, 0x00, 0x00, 0x00, 0x00, 0x00, 0x00, 0x00, 0x00, 0x00, 0x00, 0x00, 0x00, 0x00, 0x00, 0x00, 0x00,
    0x00, 0x00, 0x00, 0x00, 0x00, 0x00, 0x00, 0x00, 0x00, 0x00, 0x81, 0x6a, 0xc4, 0xed, 0x0d, 0xff, 0x76, 0xff, 0x97, 0xff,
    0x97, 0xff, 0x96, 0xff, 0x96, 0xff, 0x76, 0xff, 0x76, 0xff, 0x76, 0xff, 0x76, 0xff, 0x76, 0xff, 0x76, 0xff, 0x75, 0xff,
    0x75, 0xff, 0x75, 0xff, 0x75, 0xff, 0x55, 0xff, 0x75, 0xff, 0x75, 0xff, 0x75, 0xff, 0x75, 0xff, 0x75, 0xff, 0x55, 0xff,
    0x54, 0xff, 0x54, 0xff, 0x54, 0xff, 0x54, 0xff, 0x54, 0xff, 0x75, 0xff, 0x6f, 0xc6, 0x04, 0x5d, 0xe9, 0x65, 0x31, 0x97,
    0x72, 0xaf, 0x93, 0xb7, 0x93, 0xb7, 0x93, 0xb7, 0x93, 0xb7, 0x93, 0xbf, 0x93, 0xbf, 0xb3, 0xbf, 0xb3, 0xbf, 0x93, 0xbf,
    0x93, 0xbf, 0x93, 0xbf, 0x92, 0xb7, 0x92, 0xb7, 0x71, 0xaf, 0x92, 0xb7, 0x92, 0xb7, 0x93, 0xbf, 0xb3, 0xbf, 0xb4, 0xc7,
    0xb4, 0xc7, 0xb4, 0xc7, 0xd5, 0xcf, 0xd5, 0xcf, 0xd5, 0xcf, 0xd5, 0xd7, 0xd5, 0xd7, 0xd5, 0xd7, 0xd5, 0xd7, 0xd5, 0xd7,
    0xd5, 0xd7, 0xd5, 0xcf, 0xb5, 0xcf, 0xb4, 0xc7, 0xb4, 0xbf, 0x93, 0xb7, 0x93, 0xa7, 0x51, 0x9f, 0x0a, 0x76, 0xa3, 0x4c,
    0x09, 0x6e, 0x0f, 0x8f, 0x68, 0x45, 0x22, 0x54, 0xad, 0xf6, 0x10, 0xff, 0x11, 0xff, 0x32, 0xff, 0x53, 0xff, 0x74, 0xff,
    0x74, 0xff, 0x2d, 0xff, 0xa5, 0xe5, 0x81, 0x6a, 0x20, 0x00, 0x00, 0x00, 0x00, 0x00, 0x00, 0x00, 0x00, 0x00, 0x00, 0x00,
    0x00, 0x00, 0x00, 0x00, 0x00, 0x00, 0x00, 0x00, 0x00, 0x00, 0x00, 0x00, 0x00, 0x00, 0x00, 0x00, 0x00, 0x00, 0x00, 0x00,
    0x00, 0x00, 0x00, 0x00, 0x00, 0x00, 0x00, 0x00, 0x00, 0x00, 0x00, 0x00, 0x00, 0x00, 0x00, 0x00, 0x00, 0x00, 0x00, 0x00,
    0x00, 0x00, 0x00, 0x00, 0x00, 0x00, 0x00, 0x00, 0x00, 0x00, 0x00, 0x00, 0x00, 0x00, 0x00, 0x00, 0x00, 0x00, 0x00, 0x00,
    0x00, 0x00, 0x00, 0x00, 0x00, 0x00, 0x00, 0x00, 0x00, 0x00, 0x00, 0x00, 0x00, 0x00, 0x00, 0x00, 0x00, 0x00, 0x00, 0x00,
    0x00, 0x00, 0x00, 0x00, 0x00, 0x00, 0x00, 0x00, 0x00, 0x00, 0x00, 0x00, 0x00, 0x00, 0x00, 0x00, 0x00, 0x00, 0x00, 0x00,
    0x00, 0x00, 0x00, 0x00, 0x00, 0x00, 0x00, 0x00, 0x00, 0x00, 0x00, 0x00, 0x00, 0x00, 0x00, 0x00, 0x00, 0x00, 0x00, 0x00,
    0x00, 0x00, 0x00, 0x00, 0x00, 0x00, 0x00, 0x00, 0x00, 0x00, 0x00, 0x00, 0x00, 0x00, 0x00, 0x00, 0x00, 0x00, 0x00, 0x00,
    0x00, 0x00, 0x00, 0x00, 0x00, 0x00, 0x00, 0x00, 0x00, 0x00, 0x00, 0x00, 0x00, 0x00, 0x00, 0x00, 0x00, 0x00, 0x00, 0x00,
    0x00, 0x00, 0x00, 0x00, 0x00, 0x00, 0x00, 0x00, 0x00, 0x00, 0x00, 0x00, 0x00, 0x00, 0x00, 0x00, 0x00, 0x00, 0x00, 0x00,
    0x00, 0x00, 0x00, 0x00, 0x00, 0x00, 0x00, 0x00, 0x00, 0x00, 0x00, 0x00, 0x00, 0x00, 0x00, 0x00, 0x00, 0x00, 0x00, 0x00,
    0x00, 0x00, 0x00, 0x00, 0x00, 0x00, 0xc0, 0x20, 0x22, 0xac, 0xa9, 0xfe, 0x73, 0xff, 0x98, 0xff, 0x97, 0xff, 0x97, 0xff,
    0x96, 0xff, 0x96, 0xff, 0x96, 0xff, 0x76, 0xff, 0x76, 0xff, 0x76, 0xff, 0x76, 0xff, 0x76, 0xff, 0x76, 0xff, 0x75, 0xff,
    0x75, 0xff, 0x75, 0xff, 0x75, 0xff, 0x54, 0xff, 0x54, 0xff, 0x54, 0xff, 0x54, 0xff, 0x54, 0xff, 0x54, 0xff, 0x54, 0xff,
    0x54, 0xff, 0x54, 0xff, 0x54, 0xff, 0x54, 0xff, 0x54, 0xff, 0xeb, 0xa5, 0xe4, 0x4c, 0x8d, 0x7e, 0x52, 0x9f, 0x72, 0xaf,
    0x93, 0xaf, 0x93, 0xaf, 0x93, 0xaf, 0x92, 0xaf, 0x72, 0xa7, 0x93, 0xb7, 0xb3, 0xbf, 0xb4, 0xc7, 0xb5, 0xcf, 0xd5, 0xcf,
    0xb5, 0xcf, 0xb4, 0xc7, 0xb4, 0xc7, 0xb4, 0xbf, 0xb4, 0xbf, 0xb4, 0xbf, 0xb4, 0xc7, 0xb4, 0xc7, 0xb4, 0xc7, 0xd4, 0xcf,
    0xd4, 0xcf, 0xd5, 0xcf, 0xd5, 0xcf, 0xd5, 0xd7, 0xd5, 0xd7, 0xd5, 0xd7, 0xd5, 0xd7, 0xd5, 0xd7, 0xd6, 0xd7, 0xd6, 0xdf,
    0xd6, 0xdf, 0xd6, 0xd7, 0xd6, 0xd7, 0xd6, 0xd7, 0xb5, 0xcf, 0xb4, 0xbf, 0x93, 0xaf, 0x52, 0x9f, 0x11, 0x87, 0x06, 0x45,
    0xe9, 0x5d, 0x6c, 0x66, 0x43, 0x34, 0xa9, 0xc5, 0x10, 0xff, 0x11, 0xff, 0x11, 0xff, 0x32, 0xff, 0x54, 0xff, 0x75, 0xff,
    0x75, 0xff, 0x97, 0xff, 0x95, 0xff, 0xaa, 0xfe, 0x82, 0xbc, 0x41, 0x31, 0x00, 0x00, 0x00, 0x00, 0x00, 0x00, 0x00, 0x00,
    0x00, 0x00, 0x00, 0x00, 0x00, 0x00, 0x00, 0x00, 0x00, 0x00, 0x00, 0x00, 0x00, 0x00, 0x00, 0x00, 0x00, 0x00, 0x00, 0x00,
    0x00, 0x00, 0x00, 0x00, 0x00, 0x00, 0x00, 0x00, 0x00, 0x00, 0x00, 0x00, 0x00, 0x00, 0x00, 0x00, 0x00, 0x00, 0x00, 0x00,
    0x00, 0x00, 0x00, 0x00, 0x00, 0x00, 0x00, 0x00, 0x00, 0x00, 0x00, 0x00, 0x00, 0x00, 0x00, 0x00, 0x00, 0x00, 0x00, 0x00,
    0x00, 0x00, 0x00, 0x00, 0x00, 0x00, 0x00, 0x00, 0x00, 0x00, 0x00, 0x00, 0x00, 0x00, 0x00, 0x00, 0x00, 0x00, 0x00, 0x00,
    0x00, 0x00, 0x00, 0x00, 0x00, 0x00, 0x00, 0x00, 0x00, 0x00, 0x00, 0x00, 0x00, 0x00, 0x00, 0x00, 0x00, 0x00, 0x00, 0x00,
    0x00, 0x00, 0x00, 0x00, 0x00, 0x00, 0x00, 0x00, 0x00, 0x00, 0x00, 0x00, 0x00, 0x00, 0x00, 0x00, 0x00, 0x00, 0x00, 0x00,
    0x00, 0x00, 0x00, 0x00, 0x00, 0x00, 0x00, 0x00, 0x00, 0x00, 0x00, 0x00, 0x00, 0x00, 0x00, 0x00, 0x00, 0x00, 0x00, 0x00,
    0x00, 0x00, 0x00, 0x00, 0x00, 0x00, 0x00, 0x00, 0x00, 0x00, 0x00, 0x00, 0x00, 0x00, 0x00, 0x00, 0x00, 0x00, 0x00, 0x00,
    0x00, 0x00, 0x00, 0x00, 0x00, 0x00, 0x00, 0x00, 0x00, 0x00, 0x00, 0x00, 0x00, 0x00, 0x00, 0x00, 0x00, 0x00, 0x00, 0x00,
    0x00, 0x00, 0x00, 0x00, 0x00, 0x00, 0x00, 0x00, 0x00, 0x00, 0x00, 0x00, 0x00, 0x00, 0x00, 0x00, 0x00, 0x00, 0x00, 0x00,
    0x00, 0x00, 0x00, 0x00, 0x21, 0x5a, 0x63, 0xe5, 0x0e, 0xff, 0x97, 0xff, 0x97, 0xff, 0x97, 0xff, 0x97, 0xff, 0x97, 0xff,
    0x96, 0xff, 0x96, 0xff, 0x96, 0xff, 0x76, 0xff, 0x76, 0xff, 0x76, 0xff, 0x76, 0xff, 0x76, 0xff, 0x75, 0xff, 0x75, 0xff,
    0x75, 0xff, 0x55, 0xff, 0x54, 0xff, 0x54, 0xff, 0x54, 0xff, 0x54, 0xff, 0x54, 0xff, 0x54, 0xff, 0x54, 0xff, 0x54, 0xff,
    0x54, 0xff, 0x53, 0xff, 0x54, 0xff, 0x33, 0xff, 0x89, 0x95, 0x25, 0x55, 0xcf, 0x86, 0x51, 0x9f, 0x51, 0x9f, 0x52, 0xa7,
    0x72, 0xa7, 0x73, 0xaf, 0x93, 0xaf, 0x72, 0x9f, 0x72, 0xa7, 0x93, 0xb7, 0xd5, 0xcf, 0xd6, 0xd7, 0xd6, 0xdf, 0xd7, 0xdf,
    0xd7, 0xdf, 0xd5, 0xcf, 0xd4, 0xc7, 0xd4, 0xc7, 0xd4, 0xc7, 0xd4, 0xc7, 0xd4, 0xc7, 0xb4, 0xcf, 0xb4, 0xcf, 0xd5, 0xcf,
    0xd5, 0xcf, 0xd5, 0xd7, 0xd5, 0xd7, 0xd5, 0xd7, 0xd5, 0xdf, 0xd6, 0xdf, 0xd6, 0xdf, 0xd6, 0xdf, 0xd7, 0xe7, 0xd7, 0xe7,
    0xd7, 0xe7, 0xd7, 0xe7, 0xd7, 0xe7, 0xd6, 0xdf, 0xd6, 0xd7, 0xd5, 0xcf, 0xb4, 0xbf, 0x52, 0x9f, 0x6d, 0x66, 0xc5, 0x24,
    0xea, 0x4d, 0x68, 0x3d, 0x21, 0x34, 0xe5, 0x7c, 0xaf, 0xee, 0x32, 0xff, 0x32, 0xff, 0x53, 0xff, 0x54, 0xff, 0x75, 0xff,
    0x75, 0xff, 0x76, 0xff, 0x97, 0xff, 0x97, 0xff, 0x2f, 0xff, 0x05, 0xf6, 0xe1, 0x7a, 0x20, 0x00, 0x00, 0x00, 0x00, 0x00,
    0x00, 0x00, 0x00, 0x00, 0x00, 0x00, 0x00, 0x00, 0x00, 0x00, 0x00, 0x00, 0x00, 0x00, 0x00, 0x00, 0x00, 0x00, 0x00, 0x00,
    0x00, 0x00, 0x00, 0x00, 0x00, 0x00, 0x00, 0x00, 0x00, 0x00, 0x00, 0x00, 0x00, 0x00, 0x00, 0x00, 0x00, 0x00, 0x00, 0x00,
    0x00, 0x00, 0x00, 0x00, 0x00, 0x00, 0x00, 0x00, 0x00, 0x00, 0x00, 0x00, 0x00, 0x00, 0x00, 0x00, 0x00, 0x00, 0x00, 0x00,
    0x00, 0x00, 0x00, 0x00, 0x00, 0x00, 0x00, 0x00, 0x00, 0x00, 0x00, 0x00, 0x00, 0x00, 0x00, 0x00, 0x00, 0x00, 0x00, 0x00,
    0x00, 0x00, 0x00, 0x00, 0x00, 0x00, 0x00, 0x00, 0x00, 0x00, 0x00, 0x00, 0x00, 0x00, 0x00, 0x00, 0x00, 0x00, 0x00, 0x00,
    0x00, 0x00, 0x00, 0x00, 0x00, 0x00, 0x00, 0x00, 0x00, 0x00, 0x00, 0x00, 0x00, 0x00, 0x00, 0x00, 0x00, 0x00, 0x00, 0x00,
    0x00, 0x00, 0x00, 0x00, 0x00, 0x00, 0x00, 0x00, 0x00, 0x00, 0x00, 0x00, 0x00, 0x00, 0x00, 0x00, 0x00, 0x00, 0x00, 0x00,
    0x00, 0x00, 0x00, 0x00, 0x00, 0x00, 0x00, 0x00, 0x00, 0x00, 0x00, 0x00, 0x00, 0x00, 0x00, 0x00, 0x00, 0x00, 0x00, 0x00,
    0x00, 0x00, 0x00, 0x00, 0x00, 0x00, 0x00, 0x00, 0x00, 0x00, 0x00, 0x00, 0x00, 0x00, 0x00, 0x00, 0x00, 0x00, 0x00, 0x00,
    0x00, 0x00, 0x00, 0x00, 0x00, 0x00, 0x00, 0x00, 0x00, 0x00, 0x00, 0x00, 0x00, 0x00, 0x00, 0x00, 0x00, 0x00, 0x00, 0x00,
    0x20, 0x08, 0x61, 0x93, 0x66, 0xfe, 0x53, 0xff, 0xb8, 0xff, 0x97, 0xff, 0x97, 0xff, 0x97, 0xff, 0x97, 0xff, 0x97, 0xff,
    0x96, 0xff, 0x96, 0xff, 0x76, 0xff, 0x76, 0xff, 0x76, 0xff, 0x76, 0xff, 0x76, 0xff, 0x76, 0xff, 0x75, 0xff, 0x75, 0xff,
    0x75, 0xff, 0x55, 0xff, 0x54, 0xff, 0x54, 0xff, 0x54, 0xff, 0x54, 0xff, 0x54, 0xff, 0x54, 0xff, 0x54, 0xff, 0x54, 0xff,
    0x54, 0xff, 0x54, 0xff, 0x33, 0xff, 0x68, 0x8d, 0x45, 0x55, 0xef, 0x86, 0x31, 0x97, 0x31, 0x97, 0x31, 0x97, 0x51, 0x9f,
    0x72, 0xa7, 0x93, 0xaf, 0x93, 0xaf, 0x93, 0xaf, 0x93, 0xb7, 0xb5, 0xcf, 0xd6, 0xd7, 0xd6, 0xdf, 0xd7, 0xdf, 0xd7, 0xe7,
    0xd6, 0xdf, 0xd5, 0xcf, 0xd5, 0xcf, 0xd5, 0xcf, 0xd5, 0xcf, 0xd5, 0xcf, 0xd5, 0xcf, 0xd5, 0xcf, 0xd5, 0xcf, 0xd5, 0xcf,
    0xd5, 0xd7, 0xd5, 0xd7, 0xd5, 0xd7, 0xd5, 0xdf, 0xd6, 0xdf, 0xd6, 0xdf, 0xd6, 0xdf, 0xd7, 0xe7, 0xd7, 0xe7, 0xd7, 0xe7,
    0xd7, 0xe7, 0xd8, 0xe7, 0xd8, 0xef, 0xd8, 0xe7, 0xd7, 0xe7, 0xd7, 0xdf, 0xb5, 0xcf, 0x93, 0xb7, 0x10, 0x97, 0x88, 0x3d,
    0x07, 0x25, 0x63, 0x1c, 0xca, 0x55, 0xa8, 0x5d, 0xe3, 0x64, 0xaf, 0xde, 0x53, 0xff, 0x53, 0xff, 0x54, 0xff, 0x75, 0xff,
    0x75, 0xff, 0x76, 0xff, 0x96, 0xff, 0x97, 0xff, 0xb8, 0xff, 0x96, 0xff, 0xcb, 0xfe, 0x62, 0xbc, 0xc0, 0x20, 0x00, 0x00,
    0x00, 0x00, 0x00, 0x00, 0x00, 0x00, 0x00, 0x00, 0x00, 0x00, 0x00, 0x00, 0x00, 0x00, 0x00, 0x00, 0x00, 0x00, 0x00, 0x00,
    0x00, 0x00, 0x00, 0x00, 0x00, 0x00, 0x00, 0x00, 0x00, 0x00, 0x00, 0x00, 0x00, 0x00, 0x00, 0x00, 0x00, 0x00, 0x00, 0x00,
    0x00, 0x00, 0x00, 0x00, 0x00, 0x00, 0x00, 0x00, 0x00, 0x00, 0x00, 0x00, 0x00, 0x00, 0x00, 0x00, 0x00, 0x00, 0x00, 0x00,
    0x00, 0x00, 0x00, 0x00, 0x00, 0x00, 0x00, 0x00, 0x00, 0x00, 0x00, 0x00, 0x00, 0x00, 0x00, 0x00, 0x00, 0x00, 0x00, 0x00,
    0x00, 0x00, 0x00, 0x00, 0x00, 0x00, 0x00, 0x00, 0x00, 0x00, 0x00, 0x00, 0x00, 0x00, 0x00, 0x00, 0x00, 0x00, 0x00, 0x00,
    0x00, 0x00, 0x00, 0x00, 0x00, 0x00, 0x00, 0x00, 0x00, 0x00, 0x00, 0x00, 0x00, 0x00, 0x00, 0x00, 0x00, 0x00, 0x00, 0x00,
    0x00, 0x00, 0x00, 0x00, 0x00, 0x00, 0x00, 0x00, 0x00, 0x00, 0x00, 0x00, 0x00, 0x00, 0x00, 0x00, 0x00, 0x00, 0x00, 0x00,
    0x00, 0x00, 0x00, 0x00, 0x00, 0x00, 0x00, 0x00, 0x00, 0x00, 0x00, 0x00, 0x00, 0x00, 0x00, 0x00, 0x00, 0x00, 0x00, 0x00,
    0x00, 0x00, 0x00, 0x00, 0x00, 0x00, 0x00, 0x00, 0x00, 0x00, 0x00, 0x00, 0x00, 0x00, 0x00, 0x00, 0x00, 0x00, 0x00, 0x00,
    0x00, 0x00, 0x00, 0x00, 0x00, 0x00, 0x00, 0x00, 0x00, 0x00, 0x00, 0x00, 0x00, 0x00, 0x00, 0x00, 0x00, 0x00, 0xe0, 0x20,
    0x82, 0xbc, 0xcb, 0xfe, 0x96, 0xff, 0xb8, 0xff, 0x97, 0xff, 0x97, 0xff, 0x97, 0xff, 0x97, 0xff, 0x97, 0xff, 0x96, 0xff,
    0x96, 0xff, 0x76, 0xff, 0x76, 0xff, 0x76, 0xff, 0x76, 0xff, 0x76, 0xff, 0x75, 0xff, 0x75, 0xff, 0x75, 0xff, 0x75, 0xff,
    0x74, 0xff, 0x54, 0xff, 0x54, 0xff, 0x54, 0xff, 0x54, 0xff, 0x54, 0xff, 0x54, 0xff, 0x53, 0xff, 0x53, 0xff, 0x53, 0xff,
    0x53, 0xff, 0x33, 0xff, 0x89, 0x95, 0x46, 0x5d, 0xef, 0x8e, 0x10, 0x8f, 0x10, 0x8f, 0x31, 0x97, 0x51, 0x97, 0x72, 0xa7,
    0x93, 0xaf, 0x93, 0xaf, 0x93, 0xb7, 0xb3, 0xb7, 0xb5, 0xc7, 0xd6, 0xd7, 0xd6, 0xd7, 0xd7, 0xdf, 0xd7, 0xdf, 0xd6, 0xdf,
    0xd5, 0xcf, 0xd5, 0xcf, 0xd5, 0xcf, 0xd5, 0xcf, 0xd5, 0xcf, 0xd4, 0xcf, 0xd5, 0xcf, 0xb5, 0xcf, 0xd5, 0xcf, 0xd5, 0xd7,
    0xd5, 0xd7, 0xd5, 0xd7, 0xd5, 0xdf, 0xd5, 0xdf, 0xd6, 0xdf, 0xd6, 0xdf, 0xd6, 0xdf, 0xd7, 0xe7, 0xd7, 0xe7, 0xd7, 0xe7,
    0xd7, 0xe7, 0xd8, 0xef, 0xd8, 0xef, 0xd8, 0xef, 0xd8, 0xef, 0xd7, 0xe7, 0xd6, 0xd7, 0xb4, 0xc7, 0x93, 0xb7, 0x30, 0x97,
    0xca, 0x4d, 0x27, 0x2d, 0x4c, 0x56, 0xf0, 0x7e, 0x2b, 0x76, 0x23, 0x6d, 0xaf, 0xd6, 0x54, 0xff, 0x54, 0xff, 0x75, 0xff,
    0x75, 0xff, 0x76, 0xff, 0x76, 0xff, 0x96, 0xff, 0x97, 0xff, 0xb8, 0xff, 0xb9, 0xff, 0x30, 0xff, 0x83, 0xdd, 0xe1, 0x49,
    0x00, 0x00, 0x00, 0x00, 0x00, 0x00, 0x00, 0x00, 0x00, 0x00, 0x00, 0x00, 0x00, 0x00, 0x00, 0x00, 0x00, 0x00, 0x00, 0x00,
    0x00, 0x00, 0x00, 0x00, 0x00, 0x00, 0x00, 0x00, 0x00, 0x00, 0x00, 0x00, 0x00, 0x00, 0x00, 0x00, 0x00, 0x00, 0x00, 0x00,
    0x00, 0x00, 0x00, 0x00, 0x00, 0x00, 0x00, 0x00, 0x00, 0x00, 0x00, 0x00, 0x00, 0x00, 0x00, 0x00, 0x00, 0x00, 0x00, 0x00,
    0x00, 0x00, 0x00, 0x00, 0x00, 0x00, 0x00, 0x00, 0x00, 0x00, 0x00, 0x00, 0x00, 0x00, 0x00, 0x00, 0x00, 0x00, 0x00, 0x00,
    0x00, 0x00, 0x00, 0x00, 0x00, 0x00, 0x00, 0x00, 0x00, 0x00, 0x00, 0x00, 0x00, 0x00, 0x00, 0x00, 0x00, 0x00, 0x00, 0x00,
    0x00, 0x00, 0x00, 0x00, 0x00, 0x00, 0x00, 0x00, 0x00, 0x00, 0x00, 0x00, 0x00, 0x00, 0x00, 0x00, 0x00, 0x00, 0x00, 0x00,
    0x00, 0x00, 0x00, 0x00, 0x00, 0x00, 0x00, 0x00, 0x00, 0x00, 0x00, 0x00, 0x00, 0x00, 0x00, 0x00, 0x00, 0x00, 0x00, 0x00,
    0x00, 0x00, 0x00, 0x00, 0x00, 0x00, 0x00, 0x00, 0x00, 0x00, 0x00, 0x00, 0x00, 0x00, 0x00, 0x00, 0x00, 0x00, 0x00, 0x00,
    0x00, 0x00, 0x00, 0x00, 0x00, 0x00, 0x00, 0x00, 0x00, 0x00, 0x00, 0x00, 0x00, 0x00, 0x00, 0x00, 0x00, 0x00, 0x00, 0x00,
    0x00, 0x00, 0x00, 0x00, 0x00, 0x00, 0x00, 0x00, 0x00, 0x00, 0x00, 0x00, 0x00, 0x00, 0x00, 0x00, 0xc1, 0x49, 0x64, 0xe5,
    0x2f, 0xff, 0x97, 0xff, 0x97, 0xff, 0x97, 0xff, 0x97, 0xff, 0x97, 0xff, 0x97, 0xff, 0x97, 0xff, 0x97, 0xff, 0x76, 0xff,
    0x76, 0xff, 0x76, 0xff, 0x96, 0xff, 0x76, 0xff, 0x76, 0xff, 0x75, 0xff, 0x75, 0xff, 0x75, 0xff, 0x75, 0xff, 0x75, 0xff,
    0x54, 0xff, 0x54, 0xff, 0x54, 0xff, 0x53, 0xff, 0x54, 0xff, 0x53, 0xff, 0x33, 0xff, 0x33, 0xff, 0x33, 0xff, 0x33, 0xff,
    0x53, 0xff, 0xca, 0xa5, 0x25, 0x55, 0xef, 0x8e, 0x10, 0x8f, 0xf0, 0x8e, 0x10, 0x8f, 0x31, 0x97, 0x72, 0x9f, 0x93, 0xaf,
    0x93, 0xb7, 0x93, 0xb7, 0xb4, 0xbf, 0xb3, 0xbf, 0xb4, 0xc7, 0xd5, 0xcf, 0xd6, 0xd7, 0xd6, 0xd7, 0xd5, 0xd7, 0xd5, 0xcf,
    0xd5, 0xcf, 0xd5, 0xcf, 0xd5, 0xcf, 0xd5, 0xcf, 0xd5, 0xcf, 0xd5, 0xcf, 0xd5, 0xcf, 0xd5, 0xd7, 0xd5, 0xd7, 0xd5, 0xd7,
    0xd5, 0xd7, 0xd5, 0xd7, 0xd5, 0xdf, 0xd5, 0xdf, 0xd6, 0xdf, 0xd6, 0xdf, 0xd6, 0xe7, 0xd6, 0xe7, 0xd7, 0xe7, 0xd8, 0xef,
    0xd8, 0xef, 0xd8, 0xef, 0xd8, 0xef, 0xd8, 0xef, 0xd8, 0xef, 0xd8, 0xef, 0xd7, 0xdf, 0xb5, 0xcf, 0xb4, 0xc7, 0x93, 0xb7,
    0x72, 0x9f, 0x10, 0x87, 0xcf, 0x76, 0xef, 0x7e, 0x52, 0x9f, 0xae, 0x96, 0x64, 0x75, 0xcf, 0xde, 0x75, 0xff, 0x54, 0xff,
    0x75, 0xff, 0x75, 0xff, 0x76, 0xff, 0x96, 0xff, 0x97, 0xff, 0x97, 0xff, 0xb7, 0xff, 0xd9, 0xff, 0x95, 0xff, 0x67, 0xfe,
    0x01, 0x7b, 0x00, 0x00, 0x00, 0x00, 0x00, 0x00, 0x00, 0x00, 0x00, 0x00, 0x00, 0x00, 0x00, 0x00, 0x00, 0x00, 0x00, 0x00,
    0x00, 0x00, 0x00, 0x00, 0x00, 0x00, 0x00, 0x00, 0x00, 0x00, 0x00, 0x00, 0x00, 0x00, 0x00, 0x00, 0x00, 0x00, 0x00, 0x00,
    0x00, 0x00, 0x00, 0x00, 0x00, 0x00, 0x00, 0x00, 0x00, 0x00, 0x00, 0x00, 0x00, 0x00, 0x00, 0x00, 0x00, 0x00, 0x00, 0x00,
    0x00, 0x00, 0x00, 0x00, 0x00, 0x00, 0x00, 0x00, 0x00, 0x00, 0x00, 0x00, 0x00, 0x00, 0x00, 0x00, 0x00, 0x00, 0x00, 0x00,
    0x00, 0x00, 0x00, 0x00, 0x00, 0x00, 0x00, 0x00, 0x00, 0x00, 0x00, 0x00, 0x00, 0x00, 0x00, 0x00, 0x00, 0x00, 0x00, 0x00,
    0x00, 0x00, 0x00, 0x00, 0x00, 0x00, 0x00, 0x00, 0x00, 0x00, 0x00, 0x00, 0x00, 0x00, 0x00, 0x00, 0x00, 0x00, 0x00, 0x00,
    0x00, 0x00, 0x00, 0x00, 0x00, 0x00, 0x00, 0x00, 0x00, 0x00, 0x00, 0x00, 0x00, 0x00, 0x00, 0x00, 0x00, 0x00, 0x00, 0x00,
    0x00, 0x00, 0x00, 0x00, 0x00, 0x00, 0x00, 0x00, 0x00, 0x00, 0x00, 0x00, 0x00, 0x00, 0x00, 0x00, 0x00, 0x00, 0x00, 0x00,
    0x00, 0x00, 0x00, 0x00, 0x00, 0x00, 0x00, 0x00, 0x00, 0x00, 0x00, 0x00, 0x00, 0x00, 0x00, 0x00, 0x00, 0x00, 0x00, 0x00,
    0x00, 0x00, 0x00, 0x00, 0x00, 0x00, 0x00, 0x00, 0x00, 0x00, 0x00, 0x00, 0x00, 0x00, 0x81, 0x6a, 0x05, 0xf6, 0x52, 0xff,
    0xb8, 0xff, 0x97, 0xff, 0x97, 0xff, 0x97, 0xff, 0x97, 0xff, 0x97, 0xff, 0x97, 0xff, 0x97, 0xff, 0x97, 0xff, 0x96, 0xff,
    0x76, 0xff, 0x96, 0xff, 0x96, 0xff, 0x75, 0xff, 0x75, 0xff, 0x75, 0xff, 0x75, 0xff, 0x55, 0xff, 0x54, 0xff, 0x54, 0xff,
    0x54, 0xff, 0x54, 0xff, 0x33, 0xff, 0x33, 0xff, 0x53, 0xff, 0x33, 0xff, 0x33, 0xff, 0x32, 0xff, 0x32, 0xff, 0x33, 0xff,
    0x2c, 0xc6, 0x04, 0x55, 0xce, 0x86, 0xf0, 0x8e, 0xef, 0x86, 0x10, 0x87, 0x31, 0x8f, 0x52, 0x9f, 0x72, 0xa7, 0xb3, 0xb7,
    0xb4, 0xbf, 0xb4, 0xbf, 0xb4, 0xbf, 0xb3, 0xbf, 0xb4, 0xbf, 0xb4, 0xc7, 0xb4, 0xcf, 0xd5, 0xcf, 0xd5, 0xd7, 0xd5, 0xd7,
    0xd5, 0xd7, 0xd5, 0xd7, 0xd5, 0xd7, 0xd5, 0xcf, 0xd5, 0xcf, 0xd5, 0xcf, 0xd5, 0xd7, 0xd5, 0xd7, 0xd4, 0xd7, 0xd5, 0xd7,
    0xd5, 0xd7, 0xd5, 0xd7, 0xd5, 0xdf, 0xd5, 0xdf, 0xd6, 0xdf, 0xd6, 0xe7, 0xd6, 0xe7, 0xd6, 0xe7, 0xd7, 0xe7, 0xd8, 0xef,
    0xd8, 0xef, 0xd8, 0xef, 0xd8, 0xef, 0xd8, 0xef, 0xd8, 0xef, 0xd8, 0xef, 0xd8, 0xe7, 0xd7, 0xdf, 0xd6, 0xd7, 0xb4, 0xc7,
    0xb4, 0xbf, 0x93, 0xaf, 0x52, 0x9f, 0x51, 0x9f, 0x52, 0xa7, 0x94, 0xb7, 0xef, 0x9e, 0xa5, 0x7d, 0xf1, 0xe6, 0x75, 0xff,
    0x75, 0xff, 0x75, 0xff, 0x76, 0xff, 0x96, 0xff, 0x96, 0xff, 0x97, 0xff, 0x97, 0xff, 0xb7, 0xff, 0xd9, 0xff, 0xb8, 0xff,
    0xeb, 0xfe, 0xc2, 0x9b, 0x40, 0x08, 0x00, 0x00, 0x00, 0x00, 0x00, 0x00, 0x00, 0x00, 0x00, 0x00, 0x00, 0x00, 0x00, 0x00,
    0x00, 0x00, 0x00, 0x00, 0x00, 0x00, 0x00, 0x00, 0x00, 0x00, 0x00, 0x00, 0x00, 0x00, 0x00, 0x00, 0x00, 0x00, 0x00, 0x00,
    0x00, 0x00, 0x00, 0x00, 0x00, 0x00, 0x00, 0x00, 0x00, 0x00, 0x00, 0x00, 0x00, 0x00, 0x00, 0x00, 0x00, 0x00, 0x00, 0x00,
    0x00, 0x00, 0x00, 0x00, 0x00, 0x00, 0x00, 0x00, 0x00, 0x00, 0x00, 0x00, 0x00, 0x00, 0x00, 0x00, 0x00, 0x00, 0x00, 0x00,
    0x00, 0x00, 0x00, 0x00, 0x00, 0x00, 0x00, 0x00, 0x00, 0x00, 0x00, 0x00, 0x00, 0x00, 0x00, 0x00, 0x00, 0x00, 0x00, 0x00,
    0x00, 0x00, 0x00, 0x00, 0x00, 0x00, 0x00, 0x00, 0x00, 0x00, 0x00, 0x00, 0x00, 0x00, 0x00, 0x00, 0x00, 0x00, 0x00, 0x00,
    0x00, 0x00, 0x00, 0x00, 0x00, 0x00, 0x00, 0x00, 0x00, 0x00, 0x00, 0x00, 0x00, 0x00, 0x00, 0x00, 0x00, 0x00, 0x00, 0x00,
    0x00, 0x00, 0x00, 0x00, 0x00, 0x00, 0x00, 0x00, 0x00, 0x00, 0x00, 0x00, 0x00, 0x00, 0x00, 0x00, 0x00, 0x00, 0x00, 0x00,
    0x00, 0x00, 0x00, 0x00, 0x00, 0x00, 0x00, 0x00, 0x00, 0x00, 0x00, 0x00, 0x00, 0x00, 0x00, 0x00, 0x00, 0x00, 0x00, 0x00,
    0x00, 0x00, 0x00, 0x00, 0x00, 0x00, 0x00, 0x00, 0x00, 0x00, 0x00, 0x00, 0x41, 0x8b, 0x67, 0xfe, 0x75, 0xff, 0xb8, 0xff,
    0x97, 0xff, 0x97, 0xff, 0x97, 0xff, 0x97, 0xff, 0x97, 0xff, 0x97, 0xff, 0x97, 0xff, 0x96, 0xff, 0x96, 0xff, 0x96, 0xff,
    0x96, 0xff, 0x96, 0xff, 0x76, 0xff, 0x75, 0xff, 0x75, 0xff, 0x75, 0xff, 0x75, 0xff, 0x75, 0xff, 0x54, 0xff, 0x54, 0xff,
    0x53, 0xff, 0x53, 0xff, 0x33, 0xff, 0x33, 0xff, 0x33, 0xff, 0x32, 0xff, 0x32, 0xff, 0x11, 0xff, 0x32, 0xff, 0x8f, 0xe6,
    0xc3, 0x5c, 0x6c, 0x7e, 0x10, 0x8f, 0xcf, 0x7e, 0xcf, 0x7e, 0x10, 0x87, 0x31, 0x97, 0x72, 0x9f, 0x93, 0xaf, 0x93, 0xb7,
    0xb4, 0xbf, 0xb4, 0xbf, 0xb4, 0xbf, 0xb4, 0xbf, 0xd4, 0xc7, 0xd5, 0xcf, 0xd5, 0xcf, 0xd5, 0xcf, 0xd5, 0xd7, 0xd5, 0xd7,
    0xd5, 0xd7, 0xd5, 0xd7, 0xd5, 0xd7, 0xd5, 0xcf, 0xd5, 0xcf, 0xd5, 0xcf, 0xd5, 0xd7, 0xd4, 0xd7, 0xd4, 0xd7, 0xd5, 0xd7,
    0xd5, 0xd7, 0xd5, 0xd7, 0xd5, 0xdf, 0xd5, 0xdf, 0xd5, 0xdf, 0xd6, 0xdf, 0xd6, 0xe7, 0xd6, 0xe7, 0xd6, 0xe7, 0xd7, 0xe7,
    0xd7, 0xef, 0xd8, 0xef, 0xd8, 0xef, 0xd8, 0xef, 0xd8, 0xef, 0xd8, 0xef, 0xd7, 0xe7, 0xd7, 0xe7, 0xd7, 0xdf, 0xd6, 0xd7,
    0xd5, 0xcf, 0xb5, 0xc7, 0xb4, 0xbf, 0x94, 0xbf, 0x94, 0xb7, 0x94, 0xb7, 0xb4, 0xb7, 0xcd, 0x96, 0xc6, 0x85, 0x33, 0xef,
    0x75, 0xff, 0x75, 0xff, 0x75, 0xff, 0x76, 0xff, 0x96, 0xff, 0x96, 0xff, 0x97, 0xff, 0x97, 0xff, 0x97, 0xff, 0xb9, 0xff,
    0xda, 0xff, 0x0e, 0xff, 0xc3, 0xc4, 0xe0, 0x20, 0x00, 0x00, 0x00, 0x00, 0x00, 0x00, 0x00, 0x00, 0x00, 0x00, 0x00, 0x00,
    0x00, 0x00, 0x00, 0x00, 0x00, 0x00, 0x00, 0x00, 0x00, 0x00, 0x00, 0x00, 0x00, 0x00, 0x00, 0x00, 0x00, 0x00, 0x00, 0x00,
    0x00, 0x00, 0x00, 0x00, 0x00, 0x00, 0x00, 0x00, 0x00, 0x00, 0x00, 0x00, 0x00, 0x00, 0x00, 0x00, 0x00, 0x00, 0x00, 0x00,
    0x00, 0x00, 0x00, 0x00, 0x00, 0x00, 0x00, 0x00, 0x00, 0x00, 0x00, 0x00, 0x00, 0x00, 0x00, 0x00, 0x00, 0x00, 0x00, 0x00,
    0x00, 0x00, 0x00, 0x00, 0x00, 0x00, 0x00, 0x00, 0x00, 0x00, 0x00, 0x00, 0x00, 0x00, 0x00, 0x00, 0x00, 0x00, 0x00, 0x00,
    0x00, 0x00, 0x00, 0x00, 0x00, 0x00, 0x00, 0x00, 0x00, 0x00, 0x00, 0x00, 0x00, 0x00, 0x00, 0x00, 0x00, 0x00, 0x00, 0x00,
    0x00, 0x00, 0x00, 0x00, 0x00, 0x00, 0x00, 0x00, 0x00, 0x00, 0x00, 0x00, 0x00, 0x00, 0x00, 0x00, 0x00, 0x00, 0x00, 0x00,
    0x00, 0x00, 0x00, 0x00, 0x00, 0x00, 0x00, 0x00, 0x00, 0x00, 0x00, 0x00, 0x00, 0x00, 0x00, 0x00, 0x00, 0x00, 0x00, 0x00,
    0x00, 0x00, 0x00, 0x00, 0x00, 0x00, 0x00, 0x00, 0x00, 0x00, 0x00, 0x00, 0x00, 0x00, 0x00, 0x00, 0x00, 0x00, 0x00, 0x00,
    0x00, 0x00, 0x00, 0x00, 0x00, 0x00, 0x00, 0x00, 0x20, 0x08, 0xa1, 0x9b, 0xa9, 0xfe, 0x96, 0xff, 0xb8, 0xff, 0x97, 0xff,
    0x97, 0xff, 0x97, 0xff, 0x97, 0xff, 0x97, 0xff, 0x97, 0xff, 0x97, 0xff, 0x97, 0xff, 0x76, 0xff, 0x76, 0xff, 0x76, 0xff,
    0x76, 0xff, 0x76, 0xff, 0x76, 0xff, 0x75, 0xff, 0x75, 0xff, 0x75, 0xff, 0x55, 0xff, 0x54, 0xff, 0x54, 0xff, 0x54, 0xff,
    0x53, 0xff, 0x33, 0xff, 0x33, 0xff, 0x33, 0xff, 0x32, 0xff, 0x32, 0xff, 0x11, 0xff, 0x11, 0xff, 0xf1, 0xfe, 0x26, 0x7d,
    0xc8, 0x65, 0xf0, 0x8e, 0xcf, 0x7e, 0xcf, 0x76, 0xef, 0x76, 0x10, 0x87, 0x51, 0x97, 0x72, 0xa7, 0x93, 0xaf, 0xb4, 0xb7,
    0xb4, 0xbf, 0xb4, 0xbf, 0xb4, 0xc7, 0xb4, 0xc7, 0xd5, 0xc7, 0xd5, 0xcf, 0xd5, 0xcf, 0xd5, 0xcf, 0xd5, 0xcf, 0xd5, 0xcf,
    0xd6, 0xd7, 0xd5, 0xd7, 0xd5, 0xcf, 0xd5, 0xcf, 0xd5, 0xcf, 0xd5, 0xcf, 0xd5, 0xd7, 0xb4, 0xd7, 0xb4, 0xd7, 0xd5, 0xd7,
    0xd5, 0xd7, 0xd5, 0xd7, 0xd5, 0xd7, 0xd5, 0xdf, 0xd5, 0xdf, 0xd5, 0xdf, 0xd6, 0xdf, 0xd6, 0xe7, 0xd6, 0xe7, 0xd6, 0xe7,
    0xd6, 0xe7, 0xd7, 0xe7, 0xd7, 0xe7, 0xd7, 0xe7, 0xd7, 0xe7, 0xd7, 0xe7, 0xd7, 0xe7, 0xd7, 0xe7, 0xd7, 0xdf, 0xd7, 0xdf,
    0xd6, 0xdf, 0xd6, 0xd7, 0xd6, 0xd7, 0xd6, 0xcf, 0xb5, 0xc7, 0xb4, 0xbf, 0x94, 0xb7, 0xb5, 0xbf, 0xac, 0x96, 0x08, 0x9e,
    0x54, 0xff, 0x75, 0xff, 0x75, 0xff, 0x75, 0xff, 0x76, 0xff, 0x96, 0xff, 0x96, 0xff, 0x97, 0xff, 0x97, 0xff, 0x97, 0xff,
    0xb8, 0xff, 0xda, 0xff, 0x51, 0xff, 0x43, 0xd5, 0x20, 0x29, 0x00, 0x00, 0x00, 0x00, 0x00, 0x00, 0x00, 0x00, 0x00, 0x00,
    0x00, 0x00, 0x00, 0x00, 0x00, 0x00, 0x00, 0x00, 0x00, 0x00, 0x00, 0x00, 0x00, 0x00, 0x00, 0x00, 0x00, 0x00, 0x00, 0x00,
    0x00, 0x00, 0x00, 0x00, 0x00, 0x00, 0x00, 0x00, 0x00, 0x00, 0x00, 0x00, 0x00, 0x00, 0x00, 0x00, 0x00, 0x00, 0x00, 0x00,
    0x00, 0x00, 0x00, 0x00, 0x00, 0x00, 0x00, 0x00, 0x00, 0x00, 0x00, 0x00, 0x00, 0x00, 0x00, 0x00, 0x00, 0x00, 0x00, 0x00,
    0x00, 0x00, 0x00, 0x00, 0x00, 0x00, 0x00, 0x00, 0x00, 0x00, 0x00, 0x00, 0x00, 0x00, 0x00, 0x00, 0x00, 0x00, 0x00, 0x00,
    0x00, 0x00, 0x00, 0x00, 0x00, 0x00, 0x00, 0x00, 0x00, 0x00, 0x00, 0x00, 0x00, 0x00, 0x00, 0x00, 0x00, 0x00, 0x00, 0x00,
    0x00, 0x00, 0x00, 0x00, 0x00, 0x00, 0x00, 0x00, 0x00, 0x00, 0x00, 0x00, 0x00, 0x00, 0x00, 0x00, 0x00, 0x00, 0x00, 0x00,
    0x00, 0x00, 0x00, 0x00, 0x00, 0x00, 0x00, 0x00, 0x00, 0x00, 0x00, 0x00, 0x00, 0x00, 0x00, 0x00, 0x00, 0x00, 0x00, 0x00,
    0x00, 0x00, 0x00, 0x00, 0x00, 0x00, 0x00, 0x00, 0x00, 0x00, 0x00, 0x00, 0x00, 0x00, 0x00, 0x00, 0x00, 0x00, 0x00, 0x00,
    0x00, 0x00, 0x00, 0x00, 0x00, 0x00, 0x60, 0x08, 0x02, 0xac, 0xcb, 0xfe, 0x97, 0xff, 0xb8, 0xff, 0x97, 0xff, 0x97, 0xff,
    0x97, 0xff, 0x97, 0xff, 0xb8, 0xff, 0xb8, 0xff, 0x97, 0xff, 0x97, 0xff, 0x97, 0xff, 0x76, 0xff, 0x76, 0xff, 0x76, 0xff,
    0x76, 0xff, 0x76, 0xff, 0x75, 0xff, 0x75, 0xff, 0x75, 0xff, 0x55, 0xff, 0x54, 0xff, 0x54, 0xff, 0x54, 0xff, 0x53, 0xff,
    0x53, 0xff, 0x33, 0xff, 0x33, 0xff, 0x32, 0xff, 0x32, 0xff, 0x11, 0xff, 0x10, 0xff, 0xf0, 0xfe, 0xea, 0xbd, 0x05, 0x5d,
    0xef, 0x8e, 0xcf, 0x86, 0xcf, 0x76, 0xcf, 0x76, 0xf0, 0x7e, 0x31, 0x8f, 0x52, 0x9f, 0x72, 0xa7, 0x93, 0xaf, 0xb4, 0xbf,
    0xb4, 0xbf, 0xb4, 0xbf, 0xb4, 0xc7, 0xb4, 0xc7, 0xb5, 0xc7, 0xd5, 0xc7, 0xd5, 0xcf, 0xd5, 0xcf, 0xd5, 0xcf, 0xf6, 0xcf,
    0xf6, 0xd7, 0xf6, 0xcf, 0xd5, 0xcf, 0xd5, 0xcf, 0xd5, 0xcf, 0xd5, 0xcf, 0xb5, 0xcf, 0xb4, 0xd7, 0xb4, 0xd7, 0xd4, 0xd7,
    0xd4, 0xd7, 0xd4, 0xd7, 0xd5, 0xd7, 0xd5, 0xd7, 0xd5, 0xdf, 0xd5, 0xdf, 0xd5, 0xdf, 0xd5, 0xdf, 0xd6, 0xdf, 0xd6, 0xdf,
    0xd6, 0xe7, 0xd6, 0xe7, 0xd6, 0xe7, 0xd6, 0xe7, 0xd7, 0xe7, 0xd7, 0xe7, 0xd7, 0xe7, 0xd7, 0xe7, 0xd7, 0xe7, 0xd7, 0xdf,
    0xd6, 0xdf, 0xd6, 0xdf, 0xd7, 0xdf, 0xd8, 0xdf, 0xd8, 0xdf, 0xd6, 0xcf, 0xb5, 0xbf, 0xb4, 0xbf, 0xb5, 0xbf, 0x28, 0x86,
    0x6b, 0xbe, 0x75, 0xff, 0x75, 0xff, 0x75, 0xff, 0x76, 0xff, 0x96, 0xff, 0x96, 0xff, 0x97, 0xff, 0x97, 0xff, 0x97, 0xff,
    0xb7, 0xff, 0xb8, 0xff, 0xdb, 0xff, 0x73, 0xff, 0xa5, 0xe5, 0x81, 0x39, 0x00, 0x00, 0x00, 0x00, 0x00, 0x00, 0x00, 0x00,
    0x00, 0x00, 0x00, 0x00, 0x00, 0x00, 0x00, 0x00, 0x00, 0x00, 0x00, 0x00, 0x00, 0x00, 0x00, 0x00, 0x00, 0x00, 0x00, 0x00,
    0x00, 0x00, 0x00, 0x00, 0x00, 0x00, 0x00, 0x00, 0x00, 0x00, 0x00, 0x00, 0x00, 0x00, 0x00, 0x00, 0x00, 0x00, 0x00, 0x00,
    0x00, 0x00, 0x00, 0x00, 0x00, 0x00, 0x00, 0x00, 0x00, 0x00, 0x00, 0x00, 0x00, 0x00, 0x00, 0x00, 0x00, 0x00, 0x00, 0x00,
    0x00, 0x00, 0x00, 0x00, 0x00, 0x00, 0x00, 0x00, 0x00, 0x00, 0x00, 0x00, 0x00, 0x00, 0x00, 0x00, 0x00, 0x00, 0x00, 0x00,
    0x00, 0x00, 0x00, 0x00, 0x00, 0x00, 0x00, 0x00, 0x00, 0x00, 0x00, 0x00, 0x00, 0x00, 0x00, 0x00, 0x00, 0x00, 0x00, 0x00,
    0x00, 0x00, 0x00, 0x00, 0x00, 0x00, 0x00, 0x00, 0x00, 0x00, 0x00, 0x00, 0x00, 0x00, 0x00, 0x00, 0x00, 0x00, 0x00, 0x00,
    0x00, 0x00, 0x00, 0x00, 0x00, 0x00, 0x00, 0x00, 0x00, 0x00, 0x00, 0x00, 0x00, 0x00, 0x00, 0x00, 0x00, 0x00, 0x00, 0x00,
    0x00, 0x00, 0x00, 0x00, 0x00, 0x00, 0x00, 0x00, 0x00, 0x00, 0x00, 0x00, 0x00, 0x00, 0x00, 0x00, 0x00, 0x00, 0x00, 0x00,
    0x00, 0x00, 0x00, 0x00, 0x60, 0x10, 0x42, 0xbc, 0xec, 0xfe, 0xb8, 0xff, 0xb8, 0xff, 0x97, 0xff, 0x97, 0xff, 0x97, 0xff,
    0xd8, 0xff, 0x97, 0xff, 0xf6, 0xfe, 0x37, 0xff, 0xd8, 0xff, 0xb7, 0xff, 0x97, 0xff, 0x76, 0xff, 0x76, 0xff, 0x76, 0xff,
    0x76, 0xff, 0x75, 0xff, 0x75, 0xff, 0x75, 0xff, 0x75, 0xff, 0x54, 0xff, 0x54, 0xff, 0x53, 0xff, 0x54, 0xff, 0x53, 0xff,
    0x53, 0xff, 0x33, 0xff, 0x32, 0xff, 0x32, 0xff, 0x11, 0xff, 0x11, 0xff, 0xf0, 0xfe, 0xae, 0xf6, 0xc3, 0x64, 0x4c, 0x7e,
    0xef, 0x8e, 0xae, 0x76, 0xaf, 0x6e, 0xef, 0x76, 0x10, 0x87, 0x31, 0x8f, 0x52, 0x9f, 0x73, 0xaf, 0x93, 0xb7, 0xb4, 0xbf,
    0xb4, 0xbf, 0xb4, 0xbf, 0xb4, 0xc7, 0xb4, 0xc7, 0xb5, 0xc7, 0xb5, 0xc7, 0xd5, 0xcf, 0xf5, 0xcf, 0x74, 0xbf, 0xb1, 0xa6,
    0x50, 0x9e, 0xd2, 0xae, 0xb5, 0xc7, 0xf5, 0xd7, 0xd5, 0xcf, 0xd5, 0xcf, 0xd4, 0xcf, 0xb4, 0xcf, 0xb4, 0xd7, 0xb4, 0xd7,
    0xb4, 0xd7, 0xd4, 0xd7, 0xd5, 0xd7, 0xd5, 0xd7, 0xd5, 0xd7, 0xd5, 0xdf, 0xd5, 0xdf, 0xd5, 0xdf, 0xd5, 0xdf, 0xd5, 0xdf,
    0xd6, 0xdf, 0xd6, 0xdf, 0xd6, 0xdf, 0xd6, 0xdf, 0xd6, 0xdf, 0xd6, 0xdf, 0xd6, 0xdf, 0xd6, 0xdf, 0xd6, 0xdf, 0xd6, 0xdf,
    0xd6, 0xdf, 0xd6, 0xdf, 0xd7, 0xdf, 0xd9, 0xef, 0xda, 0xf7, 0xda, 0xef, 0xd6, 0xcf, 0xb4, 0xbf, 0xb5, 0xbf, 0x72, 0xb7,
    0xc5, 0x7d, 0xf1, 0xe6, 0x75, 0xff, 0x75, 0xff, 0x76, 0xff, 0x96, 0xff, 0x96, 0xff, 0x96, 0xff, 0x97, 0xff, 0x97, 0xff,
    0x97, 0xff, 0xb7, 0xff, 0xb8, 0xff, 0xda, 0xff, 0x74, 0xff, 0x06, 0xee, 0xa1, 0x41, 0x00, 0x00, 0x00, 0x00, 0x00, 0x00,
    0x00, 0x00, 0x00, 0x00, 0x00, 0x00, 0x00, 0x00, 0x00, 0x00, 0x00, 0x00, 0x00, 0x00, 0x00, 0x00, 0x00, 0x00, 0x00, 0x00,
    0x00, 0x00, 0x00, 0x00, 0x00, 0x00, 0x00, 0x00, 0x00, 0x00, 0x00, 0x00, 0x00, 0x00, 0x00, 0x00, 0x00, 0x00, 0x00, 0x00,
    0x00, 0x00, 0x00, 0x00, 0x00, 0x00, 0x00, 0x00, 0x00, 0x00, 0x00, 0x00, 0x00, 0x00, 0x00, 0x00, 0x00, 0x00, 0x00, 0x00,
    0x00, 0x00, 0x00, 0x00, 0x00, 0x00, 0x00, 0x00, 0x00, 0x00, 0x00, 0x00, 0x00, 0x00, 0x00, 0x00, 0x00, 0x00, 0x00, 0x00,
    0x00, 0x00, 0x00, 0x00, 0x00, 0x00, 0x00, 0x00, 0x00, 0x00, 0x00, 0x00, 0x00, 0x00, 0x00, 0x00, 0x00, 0x00, 0x00, 0x00,
    0x00, 0x00, 0x00, 0x00, 0x00, 0x00, 0x00, 0x00, 0x00, 0x00, 0x00, 0x00, 0x00, 0x00, 0x00, 0x00, 0x00, 0x00, 0x00, 0x00,
    0x00, 0x00, 0x00, 0x00, 0x00, 0x00, 0x00, 0x00, 0x00, 0x00, 0x00, 0x00, 0x00, 0x00, 0x00, 0x00, 0x00, 0x00, 0x00, 0x00,
    0x00, 0x00, 0x00, 0x00, 0x00, 0x00, 0x00, 0x00, 0x00, 0x00, 0x00, 0x00, 0x00, 0x00, 0x00, 0x00, 0x00, 0x00, 0x00, 0x00,
    0x00, 0x00, 0x60, 0x10, 0x62, 0xbc, 0xec, 0xfe, 0xb8, 0xff, 0x97, 0xff, 0x97, 0xff, 0x97, 0xff, 0x97, 0xff, 0xd8, 0xff,
    0xf3, 0xfd, 0xeb, 0xfa, 0x4a, 0xfa, 0x6a, 0xfa, 0xcd, 0xfb, 0x36, 0xff, 0xb7, 0xff, 0x96, 0xff, 0x76, 0xff, 0x76, 0xff,
    0x76, 0xff, 0x75, 0xff, 0x75, 0xff, 0x55, 0xff, 0x54, 0xff, 0x54, 0xff, 0x54, 0xff, 0x53, 0xff, 0x53, 0xff, 0x33, 0xff,
    0x33, 0xff, 0x32, 0xff, 0x32, 0xff, 0x11, 0xff, 0x11, 0xff, 0xf0, 0xfe, 0xcf, 0xfe, 0x89, 0xb5, 0x05, 0x55, 0xef, 0x8e,
    0xcf, 0x7e, 0x8e, 0x6e, 0xaf, 0x6e, 0xf0, 0x7e, 0x11, 0x87, 0x31, 0x97, 0x52, 0x9f, 0x93, 0xaf, 0x93, 0xb7, 0x94, 0xbf,
    0xb4, 0xbf, 0xb4, 0xbf, 0xb4, 0xc7, 0xb4, 0xc7, 0xb5, 0xc7, 0xf5, 0xc7, 0xf1, 0xae, 0x88, 0x5b, 0x22, 0x19, 0x40, 0x08,
    0x00, 0x00, 0x60, 0x08, 0xc4, 0x31, 0xeb, 0x7c, 0xb4, 0xc7, 0xd5, 0xcf, 0xd5, 0xcf, 0xb4, 0xcf, 0xb4, 0xcf, 0xb4, 0xd7,
    0xb4, 0xd7, 0xb4, 0xd7, 0xb4, 0xd7, 0xb4, 0xd7, 0xd4, 0xd7, 0xd5, 0xd7, 0xd5, 0xd7, 0xd5, 0xd7, 0xd5, 0xdf, 0xd5, 0xdf,
    0xd5, 0xdf, 0xd5, 0xdf, 0xd5, 0xdf, 0xd5, 0xdf, 0xd6, 0xdf, 0xd6, 0xdf, 0xd6, 0xdf, 0xd6, 0xdf, 0xd6, 0xdf, 0xd6, 0xdf,
    0xd6, 0xdf, 0xd6, 0xdf, 0xd6, 0xd7, 0xd7, 0xdf, 0xd9, 0xef, 0xda, 0xf7, 0xd9, 0xef, 0xb5, 0xc7, 0xb4, 0xbf, 0xd5, 0xbf,
    0xac, 0x9e, 0xe8, 0x9d, 0x75, 0xff, 0x75, 0xff, 0x75, 0xff, 0x96, 0xff, 0x96, 0xff, 0x96, 0xff, 0x97, 0xff, 0x97, 0xff,
    0x97, 0xff, 0xb7, 0xff, 0xb7, 0xff, 0xb8, 0xff, 0xda, 0xff, 0x75, 0xff, 0xe5, 0xed, 0x81, 0x41, 0x00, 0x00, 0x00, 0x00,
    0x00, 0x00, 0x00, 0x00, 0x00, 0x00, 0x00, 0x00, 0x00, 0x00, 0x00, 0x00, 0x00, 0x00, 0x00, 0x00, 0x00, 0x00, 0x00, 0x00,
    0x00, 0x00, 0x00, 0x00, 0x00, 0x00, 0x00, 0x00, 0x00, 0x00, 0x00, 0x00, 0x00, 0x00, 0x00, 0x00, 0x00, 0x00, 0x00, 0x00,
    0x00, 0x00, 0x00, 0x00, 0x00, 0x00, 0x00, 0x00, 0x00, 0x00, 0x00, 0x00, 0x00, 0x00, 0x00, 0x00, 0x00, 0x00, 0x00, 0x00,
    0x00, 0x00, 0x00, 0x00, 0x00, 0x00, 0x00, 0x00, 0x00, 0x00, 0x00, 0x00, 0x00, 0x00, 0x00, 0x00, 0x00, 0x00, 0x00, 0x00,
    0x00, 0x00, 0x00, 0x00, 0x00, 0x00, 0x00, 0x00, 0x00, 0x00, 0x00, 0x00, 0x00, 0x00, 0x00, 0x00, 0x00, 0x00, 0x00, 0x00,
    0x00, 0x00, 0x00, 0x00, 0x00, 0x00, 0x00, 0x00, 0x00, 0x00, 0x00, 0x00, 0x00, 0x00, 0x00, 0x00, 0x00, 0x00, 0x00, 0x00,
    0x00, 0x00, 0x00, 0x00, 0x00, 0x00, 0x00, 0x00, 0x00, 0x00, 0x00, 0x00, 0x00, 0x00, 0x00, 0x00, 0x00, 0x00, 0x00, 0x00,
    0x00, 0x00, 0x00, 0x00, 0x00, 0x00, 0x00, 0x00, 0x00, 0x00, 0x00, 0x00, 0x00, 0x00, 0x00, 0x00, 0x00, 0x00, 0x00, 0x00,
    0x40, 0x08, 0x42, 0xb4, 0xec, 0xfe, 0xb8, 0xff, 0x97, 0xff, 0x97, 0xff, 0x97, 0xff, 0x97, 0xff, 0xd8, 0xff, 0x34, 0xfe,
    0xc9, 0xf9, 0xcd, 0xfa, 0x93, 0xfc, 0xb6, 0xfd, 0x8c, 0xfa, 0x0b, 0xfb, 0x76, 0xff, 0x96, 0xff, 0x76, 0xff, 0x76, 0xff,
    0x75, 0xff, 0x75, 0xff, 0x75, 0xff, 0x55, 0xff, 0x54, 0xff, 0x54, 0xff, 0x54, 0xff, 0x54, 0xff, 0x54, 0xff, 0x53, 0xff,
    0x32, 0xf7, 0x32, 0xff, 0x32, 0xff, 0x11, 0xff, 0xf0, 0xfe, 0xef, 0xfe, 0x8d, 0xf6, 0xc3, 0x6c, 0x4c, 0x76, 0xef, 0x86,
    0xae, 0x76, 0x8e, 0x66, 0xcf, 0x6e, 0x10, 0x7f, 0x31, 0x8f, 0x52, 0x97, 0x72, 0xa7, 0x73, 0xaf, 0x93, 0xb7, 0xb4, 0xbf,
    0xb4, 0xbf, 0xb4, 0xbf, 0xb4, 0xbf, 0xb4, 0xbf, 0xf5, 0xc7, 0x8d, 0x85, 0x21, 0x21, 0x00, 0x08, 0x03, 0x29, 0x48, 0x52,
    0x89, 0x5a, 0xa6, 0x39, 0x61, 0x18, 0x00, 0x00, 0x46, 0x4b, 0x93, 0xbf, 0xd5, 0xcf, 0xb4, 0xcf, 0xb4, 0xcf, 0xb4, 0xcf,
    0xb4, 0xcf, 0xb4, 0xcf, 0xb4, 0xcf, 0xb4, 0xd7, 0xd4, 0xd7, 0xd4, 0xd7, 0xd4, 0xd7, 0xd4, 0xd7, 0xd5, 0xd7, 0xd5, 0xd7,
    0xd5, 0xdf, 0xd5, 0xdf, 0xd5, 0xdf, 0xd5, 0xdf, 0xd5, 0xdf, 0xd6, 0xdf, 0xd6, 0xdf, 0xd6, 0xdf, 0xd6, 0xdf, 0xd6, 0xdf,
    0xd6, 0xdf, 0xd6, 0xdf, 0xd6, 0xd7, 0xd6, 0xd7, 0xd7, 0xdf, 0xd9, 0xef, 0xda, 0xf7, 0xd6, 0xcf, 0xb4, 0xbf, 0xb4, 0xb7,
    0x94, 0xbf, 0xc6, 0x7d, 0xae, 0xce, 0x75, 0xff, 0x75, 0xff, 0x75, 0xff, 0x76, 0xff, 0x96, 0xff, 0x97, 0xff, 0x97, 0xff,
    0x97, 0xff, 0x97, 0xff, 0x97, 0xff, 0xb7, 0xff, 0xb8, 0xff, 0xda, 0xff, 0x74, 0xff, 0xe5, 0xed, 0xa1, 0x41, 0x00, 0x00,
    0x00, 0x00, 0x00, 0x00, 0x00, 0x00, 0x00, 0x00, 0x00, 0x00, 0x00, 0x00, 0x00, 0x00, 0x00, 0x00, 0x00, 0x00, 0x00, 0x00,
    0x00, 0x00, 0x00, 0x00, 0x00, 0x00, 0x00, 0x00, 0x00, 0x00, 0x00, 0x00, 0x00, 0x00, 0x00, 0x00, 0x00, 0x00, 0x00, 0x00,
    0x00, 0x00, 0x00, 0x00, 0x00, 0x00, 0x00, 0x00, 0x00, 0x00, 0x00, 0x00, 0x00, 0x00, 0x00, 0x00, 0x00, 0x00, 0x00, 0x00,
    0x00, 0x00, 0x00, 0x00, 0x00, 0x00, 0x00, 0x00, 0x00, 0x00, 0x00, 0x00, 0x00, 0x00, 0x00, 0x00, 0x00, 0x00, 0x00, 0x00,
    0x00, 0x00, 0x00, 0x00, 0x00, 0x00, 0x00, 0x00, 0x00, 0x00, 0x00, 0x00, 0x00, 0x00, 0x00, 0x00, 0x00, 0x00, 0x00, 0x00,
    0x00, 0x00, 0x00, 0x00, 0x00, 0x00, 0x00, 0x00, 0x00, 0x00, 0x00, 0x00, 0x00, 0x00, 0x00, 0x00, 0x00, 0x00, 0x00, 0x00,
    0x00, 0x00, 0x00, 0x00, 0x00, 0x00, 0x00, 0x00, 0x00, 0x00, 0x00, 0x00, 0x00, 0x00, 0x00, 0x00, 0x00, 0x00, 0x00, 0x00,
    0x00, 0x00, 0x00, 0x00, 0x00, 0x00, 0x00, 0x00, 0x00, 0x00, 0x00, 0x00, 0x00, 0x00, 0x00, 0x00, 0x00, 0x00, 0x20, 0x08,
    0xe2, 0xab, 0xcc, 0xfe, 0x98, 0xff, 0x97, 0xff, 0x97, 0xff, 0x97, 0xff, 0x97, 0xff, 0x97, 0xff, 0xb7, 0xff, 0xeb, 0xfa,
    0x8c, 0xfa, 0x0e, 0xfb, 0x4e, 0xfb, 0xb3, 0xfc, 0x72, 0xfc, 0xc9, 0xf9, 0x30, 0xfd, 0xb7, 0xff, 0x76, 0xff, 0x75, 0xff,
    0x75, 0xff, 0x75, 0xff, 0x75, 0xff, 0x54, 0xff, 0x54, 0xff, 0x54, 0xff, 0x54, 0xff, 0x54, 0xff, 0xf1, 0xee, 0x48, 0xb6,
    0x04, 0x96, 0x05, 0xa6, 0xcf, 0xee, 0xf0, 0xfe, 0xcf, 0xfe, 0xce, 0xfe, 0xc9, 0xc5, 0x45, 0x5d, 0xef, 0x8e, 0xcf, 0x7e,
    0x8e, 0x66, 0xae, 0x66, 0xcf, 0x76, 0x10, 0x7f, 0x31, 0x8f, 0x52, 0x9f, 0x72, 0xa7, 0x93, 0xaf, 0x93, 0xb7, 0x94, 0xbf,
    0xb4, 0xbf, 0xb4, 0xbf, 0xb4, 0xbf, 0xd4, 0xbf, 0x2c, 0x7d, 0xc0, 0x10, 0x84, 0x31, 0x90, 0x9c, 0x57, 0xde, 0xf9, 0xee,
    0xb8, 0xe6, 0x97, 0xde, 0xb4, 0xc5, 0x89, 0x5a, 0x00, 0x00, 0x48, 0x64, 0xf4, 0xcf, 0xb4, 0xcf, 0xb4, 0xcf, 0xb4, 0xcf,
    0xb4, 0xcf, 0xb4, 0xcf, 0xb4, 0xcf, 0xb4, 0xcf, 0xd4, 0xcf, 0xd4, 0xd7, 0xd4, 0xd7, 0xd4, 0xd7, 0xb4, 0xd7, 0xd4, 0xd7,
    0xd5, 0xd7, 0xd5, 0xd7, 0xd5, 0xd7, 0xd5, 0xd7, 0xd5, 0xd7, 0xd5, 0xd7, 0xd5, 0xd7, 0xd6, 0xd7, 0xd6, 0xdf, 0xd6, 0xdf,
    0xd6, 0xdf, 0xd6, 0xd7, 0xd6, 0xd7, 0xd6, 0xd7, 0xd6, 0xd7, 0xd7, 0xd7, 0xd8, 0xdf, 0xd7, 0xd7, 0xb4, 0xbf, 0x94, 0xb7,
    0xb5, 0xbf, 0xce, 0x9e, 0xc6, 0x8d, 0x54, 0xff, 0x75, 0xff, 0x75, 0xff, 0x76, 0xff, 0x76, 0xff, 0x96, 0xff, 0x97, 0xff,
    0x97, 0xff, 0x97, 0xff, 0x97, 0xff, 0x97, 0xff, 0x97, 0xff, 0x97, 0xff, 0xb9, 0xff, 0x75, 0xff, 0xc5, 0xe5, 0x20, 0x31,
    0x00, 0x00, 0x00, 0x00, 0x00, 0x00, 0x00, 0x00, 0x00, 0x00, 0x00, 0x00, 0x00, 0x00, 0x00, 0x00, 0x00, 0x00, 0x00, 0x00,
    0x00, 0x00, 0x00, 0x00, 0x00, 0x00, 0x00, 0x00, 0x00, 0x00, 0x00, 0x00, 0x00, 0x00, 0x00, 0x00, 0x00, 0x00, 0x00, 0x00,
    0x00, 0x00, 0x00, 0x00, 0x00, 0x00, 0x00, 0x00, 0x00, 0x00, 0x00, 0x00, 0x00, 0x00, 0x00, 0x00, 0x00, 0x00, 0x00, 0x00,
    0x00, 0x00, 0x00, 0x00, 0x00, 0x00, 0x00, 0x00, 0x00, 0x00, 0x00, 0x00, 0x00, 0x00, 0x00, 0x00, 0x00, 0x00, 0x00, 0x00,
    0x00, 0x00, 0x00, 0x00, 0x00, 0x00, 0x00, 0x00, 0x00, 0x00, 0x00, 0x00, 0x00, 0x00, 0x00, 0x00, 0x00, 0x00, 0x00, 0x00,
    0x00, 0x00, 0x00, 0x00, 0x00, 0x00, 0x00, 0x00, 0x00, 0x00, 0x00, 0x00, 0x00, 0x00, 0x00, 0x00, 0x00, 0x00, 0x00, 0x00,
    0x00, 0x00, 0x00, 0x00, 0x00, 0x00, 0x00, 0x00, 0x00, 0x00, 0x00, 0x00, 0x00, 0x00, 0x00, 0x00, 0x00, 0x00, 0x00, 0x00,
    0x00, 0x00, 0x00, 0x00, 0x00, 0x00, 0x00, 0x00, 0x00, 0x00, 0x00, 0x00, 0x00, 0x00, 0x00, 0x00, 0x00, 0x00, 0x81, 0x9b,
    0xcb, 0xfe, 0x97, 0xff, 0x97, 0xff, 0xb7, 0xff, 0xd8, 0xff, 0xd8, 0xff, 0xd8, 0xff, 0xf8, 0xff, 0xd5, 0xfe, 0xc8, 0xf9,
    0xcd, 0xfa, 0xed, 0xfa, 0xad, 0xfa, 0xac, 0xfa, 0x2e, 0xfb, 0x6b, 0xfa, 0xeb, 0xf2, 0xb7, 0xff, 0x76, 0xff, 0x75, 0xff,
    0x75, 0xff, 0x75, 0xff, 0x74, 0xff, 0x54, 0xff, 0x54, 0xff, 0x54, 0xff, 0x53, 0xff, 0x8b, 0xc6, 0x22, 0x8e, 0x41, 0x8e,
    0x82, 0x9e, 0x61, 0x96, 0xa3, 0x8d, 0xce, 0xf6, 0xce, 0xfe, 0x8d, 0xfe, 0x04, 0x85, 0x2a, 0x76, 0xf0, 0x86, 0xae, 0x6e,
    0x8e, 0x66, 0xae, 0x6e, 0xf0, 0x76, 0x11, 0x87, 0x51, 0x97, 0x52, 0x9f, 0x73, 0xa7, 0x93, 0xaf, 0x93, 0xb7, 0x94, 0xbf,
    0x94, 0xbf, 0xb4, 0xbf, 0xd4, 0xbf, 0x0e, 0x8e, 0xc0, 0x10, 0xe9, 0x62, 0x77, 0xde, 0x7c, 0xf7, 0xff, 0xff, 0xde, 0xff,
    0xfa, 0xde, 0x79, 0xd6, 0xd9, 0xde, 0xd8, 0xe6, 0xea, 0x72, 0xc0, 0x18, 0xae, 0x9e, 0xd4, 0xcf, 0xb4, 0xc7, 0xb3, 0xc7,
    0xb4, 0xcf, 0xb4, 0xcf, 0xb4, 0xcf, 0xb4, 0xcf, 0xb4, 0xcf, 0xb4, 0xcf, 0xb4, 0xcf, 0xb4, 0xcf, 0xb4, 0xcf, 0xd4, 0xd7,
    0xd5, 0xd7, 0xd5, 0xd7, 0xd5, 0xd7, 0xd5, 0xd7, 0xd5, 0xd7, 0xd5, 0xd7, 0xd5, 0xd7, 0xd5, 0xd7, 0xd6, 0xd7, 0xd6, 0xd7,
    0xd6, 0xd7, 0xd6, 0xd7, 0xd6, 0xd7, 0xd6, 0xd7, 0xd6, 0xd7, 0xd6, 0xcf, 0xd6, 0xcf, 0xd6, 0xcf, 0xb4, 0xbf, 0x94, 0xb7,
    0x94, 0xb7, 0x94, 0xb7, 0xc6, 0x7d, 0xae, 0xd6, 0x75, 0xff, 0x75, 0xff, 0x75, 0xff, 0x76, 0xff, 0x96, 0xff, 0x96, 0xff,
    0x97, 0xff, 0x97, 0xff, 0x97, 0xff, 0x97, 0xff, 0x97, 0xff, 0x97, 0xff, 0xb7, 0xff, 0xda, 0xff, 0x95, 0xff, 0x64, 0xdd,
    0xe0, 0x20, 0x00, 0x00, 0x00, 0x00, 0x00, 0x00, 0x00, 0x00, 0x00, 0x00, 0x00, 0x00, 0x00, 0x00, 0x00, 0x00, 0x00, 0x00,
    0x00, 0x00, 0x00, 0x00, 0x00, 0x00, 0x00, 0x00, 0x00, 0x00, 0x00, 0x00, 0x00, 0x00, 0x00, 0x00, 0x00, 0x00, 0x00, 0x00,
    0x00, 0x00, 0x00, 0x00, 0x00, 0x00, 0x00, 0x00, 0x00, 0x00, 0x00, 0x00, 0x00, 0x00, 0x00, 0x00, 0x00, 0x00, 0x00, 0x00,
    0x00, 0x00, 0x00, 0x00, 0x00, 0x00, 0x00, 0x00, 0x00, 0x00, 0x00, 0x00, 0x00, 0x00, 0x00, 0x00, 0x00, 0x00, 0x00, 0x00,
    0x00, 0x00, 0x00, 0x00, 0x00, 0x00, 0x00, 0x00, 0x00, 0x00, 0x00, 0x00, 0x00, 0x00, 0x00, 0x00, 0x00, 0x00, 0x00, 0x00,
    0x00, 0x00, 0x00, 0x00, 0x00, 0x00, 0x00, 0x00, 0x00, 0x00, 0x00, 0x00, 0x00, 0x00, 0x00, 0x00, 0x00, 0x00, 0x00, 0x00,
    0x00, 0x00, 0x00, 0x00, 0x00, 0x00, 0x00, 0x00, 0x00, 0x00, 0x00, 0x00, 0x00, 0x00, 0x00, 0x00, 0x00, 0x00, 0x00, 0x00,
    0x00, 0x00, 0x00, 0x00, 0x00, 0x00, 0x00, 0x00, 0x00, 0x00, 0x00, 0x00, 0x00, 0x00, 0x00, 0x00, 0x01, 0x83, 0xa9, 0xfe,
    0x97, 0xff, 0x98, 0xff, 0xd8, 0xff, 0x56, 0xff, 0x31, 0xfd, 0x0e, 0xfc, 0x2e, 0xfc, 0xf3, 0xfd, 0x34, 0xfe, 0xc9, 0xf9,
    0x8c, 0xfa, 0xac, 0xfa, 0xcc, 0xfa, 0xac, 0xfa, 0xcd, 0xfa, 0xac, 0xfa, 0x49, 0xf2, 0x55, 0xff, 0x76, 0xff, 0x75, 0xff,
    0x75, 0xff, 0x75, 0xff, 0x54, 0xff, 0x54, 0xff, 0x55, 0xff, 0x12, 0xef, 0x26, 0xa6, 0x41, 0x8e, 0xc3, 0xa6, 0xc3, 0xa6,
    0x83, 0x9e, 0xc3, 0xae, 0x21, 0x86, 0xe5, 0xa5, 0x8d, 0xfe, 0xea, 0xed, 0xc3, 0x64, 0xcf, 0x8e, 0xcf, 0x86, 0x8e, 0x66,
    0x8e, 0x66, 0xaf, 0x6e, 0xf0, 0x76, 0x31, 0x87, 0x51, 0x97, 0x52, 0x9f, 0x73, 0xaf, 0x93, 0xb7, 0x93, 0xb7, 0x94, 0xbf,
    0xb4, 0xbf, 0xb4, 0xbf, 0x93, 0xb7, 0x45, 0x4b, 0xc8, 0x5a, 0xd9, 0xee, 0x9d, 0xff, 0xff, 0xff, 0xd7, 0xbd, 0x49, 0x4a,
    0xa2, 0x10, 0x81, 0x10, 0xe3, 0x18, 0xaa, 0x5a, 0xd5, 0xc5, 0x85, 0x39, 0x07, 0x5c, 0xf4, 0xc7, 0xb4, 0xc7, 0xb3, 0xc7,
    0xb3, 0xc7, 0xb3, 0xc7, 0xb3, 0xc7, 0xb3, 0xc7, 0xb3, 0xcf, 0xb3, 0xcf, 0xb4, 0xcf, 0xb4, 0xcf, 0xb4, 0xcf, 0xd4, 0xcf,
    0xd4, 0xcf, 0xd5, 0xd7, 0xd5, 0xd7, 0xd5, 0xd7, 0xd5, 0xd7, 0xd5, 0xd7, 0xd5, 0xd7, 0xd5, 0xd7, 0xd6, 0xd7, 0xd6, 0xd7,
    0xd6, 0xd7, 0xd6, 0xd7, 0xd6, 0xd7, 0xd6, 0xd7, 0xd6, 0xcf, 0xd6, 0xcf, 0xd5, 0xcf, 0xb5, 0xc7, 0xb4, 0xbf, 0x94, 0xb7,
    0x94, 0xb7, 0xb5, 0xb7, 0xad, 0x96, 0xc7, 0x95, 0x75, 0xff, 0x75, 0xff, 0x75, 0xff, 0x76, 0xff, 0x76, 0xff, 0x96, 0xff,
    0x96, 0xff, 0x96, 0xff, 0x97, 0xff, 0x97, 0xff, 0x97, 0xff, 0x97, 0xff, 0x97, 0xff, 0xb7, 0xff, 0xda, 0xff, 0x73, 0xff,
    0x24, 0xd5, 0xa0, 0x18, 0x00, 0x00, 0x00, 0x00, 0x00, 0x00, 0x00, 0x00, 0x00, 0x00, 0x00, 0x00, 0x00, 0x00, 0x00, 0x00,
    0x00, 0x00, 0x00, 0x00, 0x00, 0x00, 0x00, 0x00, 0x00, 0x00, 0x00, 0x00, 0x00, 0x00, 0x00, 0x00, 0x00, 0x00, 0x00, 0x00,
    0x00, 0x00, 0x00, 0x00, 0x00, 0x00, 0x00, 0x00, 0x00, 0x00, 0x00, 0x00, 0x00, 0x00, 0x00, 0x00, 0x00, 0x00, 0x00, 0x00,
    0x00, 0x00, 0x00, 0x00, 0x00, 0x00, 0x00, 0x00, 0x00, 0x00, 0x00, 0x00, 0x00, 0x00, 0x00, 0x00, 0x00, 0x00, 0x00, 0x00,
    0x00, 0x00, 0x00, 0x00, 0x00, 0x00, 0x00, 0x00, 0x00, 0x00, 0x00, 0x00, 0x00, 0x00, 0x00, 0x00, 0x00, 0x00, 0x00, 0x00,
    0x00, 0x00, 0x00, 0x00, 0x00, 0x00, 0x00, 0x00, 0x00, 0x00, 0x00, 0x00, 0x00, 0x00, 0x00, 0x00, 0x00, 0x00, 0x00, 0x00,
    0x00, 0x00, 0x00, 0x00, 0x00, 0x00, 0x00, 0x00, 0x00, 0x00, 0x00, 0x00, 0x00, 0x00, 0x00, 0x00, 0x00, 0x00, 0x00, 0x00,
    0x00, 0x00, 0x00, 0x00, 0x00, 0x00, 0x00, 0x00, 0x00, 0x00, 0x00, 0x00, 0x00, 0x00, 0x61, 0x6a, 0x67, 0xfe, 0x76, 0xff,
    0x98, 0xff, 0xb8, 0xff, 0xb5, 0xfe, 0x6a, 0xfa, 0xc9, 0xf9, 0x2e, 0xfb, 0xb0, 0xfb, 0x8b, 0xfa, 0x8a, 0xfa, 0xa8, 0xf1,
    0x8c, 0xfa, 0x8c, 0xfa, 0x8c, 0xfa, 0x8c, 0xfa, 0x8c, 0xfa, 0x8b, 0xfa, 0x29, 0xf2, 0x35, 0xff, 0x75, 0xff, 0x75, 0xff,
    0x55, 0xff, 0x54, 0xff, 0x54, 0xff, 0x75, 0xff, 0xf0, 0xde, 0xe3, 0x8d, 0x82, 0x96, 0xe4, 0xae, 0xe4, 0xae, 0xc4, 0x9e,
    0xc3, 0x9e, 0xc3, 0xae, 0xc4, 0xa6, 0xc1, 0x7d, 0x08, 0xde, 0x87, 0xc5, 0x25, 0x5d, 0x10, 0x97, 0xae, 0x76, 0x6e, 0x5e,
    0x8e, 0x66, 0xcf, 0x6e, 0xf0, 0x7e, 0x31, 0x8f, 0x52, 0x97, 0x72, 0x9f, 0x73, 0xaf, 0x93, 0xb7, 0x93, 0xb7, 0x94, 0xb7,
    0x94, 0xbf, 0xd4, 0xbf, 0x0e, 0x8e, 0x84, 0x42, 0xd9, 0xe6, 0xde, 0xff, 0xff, 0xff, 0xef, 0x7b, 0x20, 0x00, 0x00, 0x00,
    0x00, 0x00, 0x00, 0x00, 0x00, 0x00, 0x00, 0x00, 0x03, 0x21, 0x6c, 0x7b, 0xc5, 0x42, 0xd3, 0xc7, 0xb3, 0xc7, 0xb3, 0xc7,
    0xb3, 0xc7, 0xb3, 0xc7, 0xb3, 0xc7, 0xb3, 0xc7, 0xb3, 0xc7, 0xb3, 0xc7, 0xb3, 0xc7, 0xb3, 0xcf, 0xb4, 0xcf, 0xb4, 0xcf,
    0xb4, 0xcf, 0xd4, 0xcf, 0xd4, 0xcf, 0xd5, 0xcf, 0xd5, 0xcf, 0xd5, 0xcf, 0xd5, 0xcf, 0xd5, 0xcf, 0xd5, 0xd7, 0xd6, 0xd7,
    0xd6, 0xd7, 0xd6, 0xd7, 0xd6, 0xd7, 0xd6, 0xd7, 0xd6, 0xcf, 0xd6, 0xcf, 0xd5, 0xcf, 0xb5, 0xc7, 0xb5, 0xbf, 0xb4, 0xb7,
    0x94, 0xaf, 0x94, 0xaf, 0x73, 0xaf, 0xa5, 0x7d, 0x12, 0xe7, 0x75, 0xff, 0x75, 0xff, 0x76, 0xff, 0x76, 0xff, 0x76, 0xff,
    0x96, 0xff, 0x76, 0xff, 0x76, 0xff, 0x97, 0xff, 0x97, 0xff, 0x97, 0xff, 0x97, 0xff, 0x97, 0xff, 0xb7, 0xff, 0xda, 0xff,
    0x51, 0xff, 0x63, 0xb4, 0x40, 0x08, 0x00, 0x00, 0x00, 0x00, 0x00, 0x00, 0x00, 0x00, 0x00, 0x00, 0x00, 0x00, 0x00, 0x00,
    0x00, 0x00, 0x00, 0x00, 0x00, 0x00, 0x00, 0x00, 0x00, 0x00, 0x00, 0x00, 0x00, 0x00, 0x00, 0x00, 0x00, 0x00, 0x00, 0x00,
    0x00, 0x00, 0x00, 0x00, 0x00, 0x00, 0x00, 0x00, 0x00, 0x00, 0x00, 0x00, 0x00, 0x00, 0x00, 0x00, 0x00, 0x00, 0x00, 0x00,
    0x00, 0x00, 0x00, 0x00, 0x00, 0x00, 0x00, 0x00, 0x00, 0x00, 0x00, 0x00, 0x00, 0x00, 0x00, 0x00, 0x00, 0x00, 0x00, 0x00,
    0x00, 0x00, 0x00, 0x00, 0x00, 0x00, 0x00, 0x00, 0x00, 0x00, 0x00, 0x00, 0x00, 0x00, 0x00, 0x00, 0x00, 0x00, 0x00, 0x00,
    0x00, 0x00, 0x00, 0x00, 0x00, 0x00, 0x00, 0x00, 0x00, 0x00, 0x00, 0x00, 0x00, 0x00, 0x00, 0x00, 0x00, 0x00, 0x00, 0x00,
    0x00, 0x00, 0x00, 0x00, 0x00, 0x00, 0x00, 0x00, 0x00, 0x00, 0x00, 0x00, 0x00, 0x00, 0x00, 0x00, 0x00, 0x00, 0x00, 0x00,
    0x00, 0x00, 0x00, 0x00, 0x00, 0x00, 0x00, 0x00, 0x00, 0x00, 0x00, 0x00, 0xa1, 0x49, 0x05, 0xf6, 0x75, 0xff, 0xb8, 0xff,
    0x97, 0xff, 0x97, 0xff, 0xcb, 0xf2, 0x0a, 0xfa, 0xcd, 0xfa, 0x11, 0xfc, 0xb3, 0xfc, 0x32, 0xfc, 0xed, 0xfa, 0x2a, 0xf2,
    0x6b, 0xfa, 0x6b, 0xfa, 0x6b, 0xfa, 0x6b, 0xfa, 0x6b, 0xfa, 0x0a, 0xfa, 0x29, 0xf2, 0x55, 0xff, 0x75, 0xff, 0x55, 0xff,
    0x54, 0xff, 0x54, 0xff, 0x75, 0xff, 0xcf, 0xd6, 0xe2, 0x85, 0xa3, 0x9e, 0xe4, 0xae, 0xe4, 0xae, 0xe5, 0xae, 0x83, 0x96,
    0xe4, 0xae, 0xe4, 0xae, 0xc3, 0xa6, 0x42, 0x8e, 0x62, 0x95, 0xc3, 0x94, 0xa8, 0x65, 0xef, 0x8e, 0x8e, 0x6e, 0x6d, 0x5e,
    0x8e, 0x66, 0xcf, 0x76, 0x10, 0x7f, 0x31, 0x8f, 0x52, 0x9f, 0x72, 0xa7, 0x73, 0xaf, 0x93, 0xaf, 0x93, 0xb7, 0x93, 0xb7,
    0x94, 0xb7, 0xd5, 0xbf, 0x68, 0x64, 0xcf, 0xa4, 0xbd, 0xff, 0xff, 0xff, 0x71, 0x8c, 0x00, 0x00, 0x82, 0x10, 0x61, 0x10,
    0x20, 0x00, 0x00, 0x00, 0x08, 0x42, 0x8a, 0x52, 0x00, 0x00, 0x85, 0x39, 0xc6, 0x5a, 0x51, 0xb7, 0xb3, 0xbf, 0xb3, 0xbf,
    0xb3, 0xc7, 0xb3, 0xc7, 0xb3, 0xc7, 0xb3, 0xc7, 0xb3, 0xc7, 0xb3, 0xc7, 0xb3, 0xc7, 0xb3, 0xc7, 0xb3, 0xc7, 0xb4, 0xc7,
    0xb4, 0xcf, 0xb4, 0xcf, 0xd4, 0xcf, 0xd4, 0xcf, 0xd4, 0xcf, 0xd5, 0xcf, 0xd5, 0xcf, 0xd5, 0xcf, 0xd5, 0xcf, 0xd6, 0xcf,
    0xd6, 0xd7, 0xf6, 0xd7, 0xf6, 0xd7, 0xf6, 0xd7, 0xd6, 0xcf, 0xd6, 0xcf, 0xd5, 0xcf, 0xb5, 0xc7, 0xb5, 0xbf, 0xb4, 0xbf,
    0x93, 0xb7, 0x93, 0xaf, 0x94, 0xb7, 0x49, 0x86, 0x6c, 0xbe, 0x75, 0xff, 0x75, 0xff, 0x75, 0xff, 0x76, 0xff, 0x76, 0xff,
    0x76, 0xff, 0x76, 0xff, 0x96, 0xff, 0x97, 0xff, 0x97, 0xff, 0x97, 0xff, 0x97, 0xff, 0x97, 0xff, 0x97, 0xff, 0xb8, 0xff,
    0xdb, 0xff, 0x0e, 0xff, 0xc2, 0x9b, 0x00, 0x00, 0x00, 0x00, 0x00, 0x00, 0x00, 0x00, 0x00, 0x00, 0x00, 0x00, 0x00, 0x00,
    0x00, 0x00, 0x00, 0x00, 0x00, 0x00, 0x00, 0x00, 0x00, 0x00, 0x00, 0x00, 0x00, 0x00, 0x00, 0x00, 0x00, 0x00, 0x00, 0x00,
    0x00, 0x00, 0x00, 0x00, 0x00, 0x00, 0x00, 0x00, 0x00, 0x00, 0x00, 0x00, 0x00, 0x00, 0x00, 0x00, 0x00, 0x00, 0x00, 0x00,
    0x00, 0x00, 0x00, 0x00, 0x00, 0x00, 0x00, 0x00, 0x00, 0x00, 0x00, 0x00, 0x00, 0x00, 0x00, 0x00, 0x00, 0x00, 0x00, 0x00,
    0x00, 0x00, 0x00, 0x00, 0x00, 0x00, 0x00, 0x00, 0x00, 0x00, 0x00, 0x00, 0x00, 0x00, 0x00, 0x00, 0x00, 0x00, 0x00, 0x00,
    0x00, 0x00, 0x00, 0x00, 0x00, 0x00, 0x00, 0x00, 0x00, 0x00, 0x00, 0x00, 0x00, 0x00, 0x00, 0x00, 0x00, 0x00, 0x00, 0x00,
    0x00, 0x00, 0x00, 0x00, 0x00, 0x00, 0x00, 0x00, 0x00, 0x00, 0x00, 0x00, 0x00, 0x00, 0x00, 0x00, 0x00, 0x00, 0x00, 0x00,
    0x00, 0x00, 0x00, 0x00, 0x00, 0x00, 0x00, 0x00, 0x00, 0x00, 0xe0, 0x20, 0x84, 0xe5, 0x53, 0xff, 0xb8, 0xff, 0x97, 0xff,
    0xd8, 0xff, 0x54, 0xfe, 0x47, 0xf1, 0x4b, 0xfa, 0xac, 0xfa, 0xac, 0xfa, 0xac, 0xfa, 0xac, 0xfa, 0xcd, 0xfa, 0xac, 0xfa,
    0x4b, 0xfa, 0x4b, 0xfa, 0x4b, 0xfa, 0x4b, 0xfa, 0x2a, 0xfa, 0xc9, 0xf9, 0xa9, 0xf2, 0x75, 0xff, 0x75, 0xff, 0x75, 0xff,
    0x54, 0xff, 0x75, 0xff, 0xcf, 0xd6, 0xe2, 0x85, 0xa4, 0x9e, 0xc5, 0x9e, 0xe5, 0xae, 0x05, 0xaf, 0xe5, 0xa6, 0x63, 0x8e,
    0x04, 0xb7, 0xe4, 0xae, 0xa3, 0x9e, 0x43, 0x8e, 0x41, 0x6d, 0x60, 0x4c, 0x6c, 0x7e, 0xcf, 0x86, 0x6d, 0x66, 0x6d, 0x5e,
    0x8e, 0x66, 0xcf, 0x76, 0x10, 0x87, 0x31, 0x8f, 0x51, 0x9f, 0x72, 0xa7, 0x73, 0xaf, 0x93, 0xaf, 0x93, 0xb7, 0x93, 0xb7,
    0x94, 0xb7, 0x52, 0xaf, 0x89, 0x7c, 0x1a, 0xef, 0xfe, 0xff, 0x79, 0xce, 0x82, 0x10, 0xe3, 0x18, 0x04, 0x21, 0x41, 0x08,
    0x00, 0x00, 0x08, 0x42, 0xbe, 0xf7, 0xff, 0xff, 0xae, 0x73, 0x00, 0x00, 0x24, 0x42, 0x0f, 0xaf, 0xb2, 0xbf, 0xb2, 0xbf,
    0xb2, 0xbf, 0xb2, 0xbf, 0xb2, 0xbf, 0xb2, 0xbf, 0xb2, 0xbf, 0xb2, 0xc7, 0xb3, 0xc7, 0xb3, 0xc7, 0xb3, 0xc7, 0xb3, 0xc7,
    0xb3, 0xc7, 0xb4, 0xc7, 0xb4, 0xc7, 0xb4, 0xcf, 0xb4, 0xcf, 0xb4, 0xcf, 0xd5, 0xcf, 0xd5, 0xcf, 0xd5, 0xcf, 0xf6, 0xd7,
    0x33, 0xbf, 0x10, 0x9e, 0xf0, 0x9d, 0xf3, 0xbe, 0xf6, 0xcf, 0xf6, 0xcf, 0xb5, 0xc7, 0xb5, 0xc7, 0xb4, 0xbf, 0xb4, 0xbf,
    0x93, 0xb7, 0x93, 0xaf, 0x94, 0xaf, 0xef, 0x9e, 0xe7, 0x95, 0x54, 0xff, 0x75, 0xff, 0x75, 0xff, 0x75, 0xff, 0x76, 0xff,
    0x76, 0xff, 0x76, 0xff, 0x96, 0xff, 0x97, 0xff, 0x97, 0xff, 0x97, 0xff, 0x97, 0xff, 0x97, 0xff, 0x97, 0xff, 0x97, 0xff,
    0xb8, 0xff, 0xda, 0xff, 0xca, 0xfe, 0xa1, 0x6a, 0x00, 0x00, 0x00, 0x00, 0x00, 0x00, 0x00, 0x00, 0x00, 0x00, 0x00, 0x00,
    0x00, 0x00, 0x00, 0x00, 0x00, 0x00, 0x00, 0x00, 0x00, 0x00, 0x00, 0x00, 0x00, 0x00, 0x00, 0x00, 0x00, 0x00, 0x00, 0x00,
    0x00, 0x00, 0x00, 0x00, 0x00, 0x00, 0x00, 0x00, 0x00, 0x00, 0x00, 0x00, 0x00, 0x00, 0x00, 0x00, 0x00, 0x00, 0x00, 0x00,
    0x00, 0x00, 0x00, 0x00, 0x00, 0x00, 0x00, 0x00, 0x00, 0x00, 0x00, 0x00, 0x00, 0x00, 0x00, 0x00, 0x00, 0x00, 0x00, 0x00,
    0x00, 0x00, 0x00, 0x00, 0x00, 0x00, 0x00, 0x00, 0x00, 0x00, 0x00, 0x00, 0x00, 0x00, 0x00, 0x00, 0x00, 0x00, 0x00, 0x00,
    0x00, 0x00, 0x00, 0x00, 0x00, 0x00, 0x00, 0x00, 0x00, 0x00, 0x00, 0x00, 0x00, 0x00, 0x00, 0x00, 0x00, 0x00, 0x00, 0x00,
    0x00, 0x00, 0x00, 0x00, 0x00, 0x00, 0x00, 0x00, 0x00, 0x00, 0x00, 0x00, 0x00, 0x00, 0x00, 0x00, 0x00, 0x00, 0x00, 0x00,
    0x00, 0x00, 0x00, 0x00, 0x00, 0x00, 0x00, 0x00, 0x40, 0x08, 0x82, 0xc4, 0x30, 0xff, 0xb8, 0xff, 0x97, 0xff, 0x97, 0xff,
    0xd8, 0xff, 0xb2, 0xf5, 0x06, 0xf1, 0xe9, 0xf9, 0x6c, 0xfa, 0x8c, 0xfa, 0x8c, 0xfa, 0x8c, 0xfa, 0x6b, 0xfa, 0x6b, 0xfa,
    0x4b, 0xfa, 0x4a, 0xfa, 0x4a, 0xfa, 0x2a, 0xfa, 0x09, 0xfa, 0x47, 0xf9, 0xac, 0xf3, 0xb6, 0xff, 0x75, 0xff, 0x75, 0xff,
    0x75, 0xff, 0xf1, 0xe6, 0xc3, 0x85, 0x84, 0x9e, 0xe5, 0xa6, 0xc5, 0x96, 0x06, 0xaf, 0x06, 0xaf, 0x84, 0x96, 0x83, 0x8e,
    0x04, 0xaf, 0xe4, 0xa6, 0x43, 0x8e, 0x22, 0x86, 0xc1, 0x75, 0x61, 0x3c, 0xae, 0x86, 0xce, 0x7e, 0x6d, 0x66, 0x6d, 0x5e,
    0x8e, 0x66, 0xcf, 0x76, 0x10, 0x87, 0x31, 0x97, 0x51, 0x9f, 0x72, 0xa7, 0x73, 0xaf, 0x93, 0xaf, 0x93, 0xb7, 0x93, 0xb7,
    0x93, 0xb7, 0xcf, 0x9e, 0x6e, 0xa5, 0xde, 0xff, 0xff, 0xff, 0x0c, 0x63, 0x00, 0x00, 0xe2, 0x10, 0x24, 0x21, 0x20, 0x00,
    0x00, 0x00, 0x71, 0x8c, 0xff, 0xff, 0xff, 0xff, 0x38, 0xc6, 0x00, 0x00, 0x61, 0x29, 0x30, 0xaf, 0xb2, 0xbf, 0xb2, 0xbf,
    0xb2, 0xbf, 0x92, 0xbf, 0x92, 0xbf, 0x92, 0xbf, 0x92, 0xbf, 0x92, 0xbf, 0xb2, 0xbf, 0xb2, 0xbf, 0xb3, 0xc7, 0xb3, 0xc7,
    0xb3, 0xc7, 0xb3, 0xc7, 0xb3, 0xc7, 0xb3, 0xc7, 0xb4, 0xc7, 0xb4, 0xc7, 0xb4, 0xc7, 0xf5, 0xcf, 0x33, 0xb7, 0x68, 0x53,
    0xa1, 0x18, 0x20, 0x10, 0x20, 0x10, 0xa0, 0x18, 0x85, 0x3a, 0x2f, 0x96, 0xf5, 0xc7, 0xb5, 0xbf, 0xb4, 0xbf, 0xb4, 0xbf,
    0x93, 0xb7, 0x73, 0xaf, 0x93, 0xaf, 0x72, 0xa7, 0xc5, 0x75, 0x12, 0xe7, 0x75, 0xff, 0x75, 0xff, 0x75, 0xff, 0x76, 0xff,
    0x76, 0xff, 0x76, 0xff, 0x97, 0xff, 0xd8, 0xff, 0xd8, 0xff, 0xd8, 0xff, 0xb7, 0xff, 0x97, 0xff, 0x97, 0xff, 0x97, 0xff,
    0x97, 0xff, 0xb8, 0xff, 0x96, 0xff, 0x06, 0xf6, 0x60, 0x39, 0x00, 0x00, 0x00, 0x00, 0x00, 0x00, 0x00, 0x00, 0x00, 0x00,
    0x00, 0x00, 0x00, 0x00, 0x00, 0x00, 0x00, 0x00, 0x00, 0x00, 0x00, 0x00, 0x00, 0x00, 0x00, 0x00, 0x00, 0x00, 0x00, 0x00,
    0x00, 0x00, 0x00, 0x00, 0x00, 0x00, 0x00, 0x00, 0x00, 0x00, 0x00, 0x00, 0x00, 0x00, 0x00, 0x00, 0x00, 0x00, 0x00, 0x00,
    0x00, 0x00, 0x00, 0x00, 0x00, 0x00, 0x00, 0x00, 0x00, 0x00, 0x00, 0x00, 0x00, 0x00, 0x00, 0x00, 0x00, 0x00, 0x00, 0x00,
    0x00, 0x00, 0x00, 0x00, 0x00, 0x00, 0x00, 0x00, 0x00, 0x00, 0x00, 0x00, 0x00, 0x00, 0x00, 0x00, 0x00, 0x00, 0x00, 0x00,
    0x00, 0x00, 0x00, 0x00, 0x00, 0x00, 0x00, 0x00, 0x00, 0x00, 0x00, 0x00, 0x00, 0x00, 0x00, 0x00, 0x00, 0x00, 0x00, 0x00,
    0x00, 0x00, 0x00, 0x00, 0x00, 0x00, 0x00, 0x00, 0x00, 0x00, 0x00, 0x00, 0x00, 0x00, 0x00, 0x00, 0x00, 0x00, 0x00, 0x00,
    0x00, 0x00, 0x00, 0x00, 0x00, 0x00, 0x00, 0x00, 0x81, 0x9b, 0xcb, 0xfe, 0xb8, 0xff, 0x97, 0xff, 0x97, 0xff, 0x97, 0xff,
    0xb8, 0xff, 0x74, 0xfe, 0x67, 0xf1, 0xa8, 0xf9, 0x2a, 0xfa, 0x6b, 0xfa, 0x4b, 0xfa, 0x4b, 0xfa, 0x4b, 0xfa, 0x4b, 0xfa,
    0x4a, 0xfa, 0x2a, 0xfa, 0x09, 0xfa, 0x09, 0xfa, 0xc8, 0xf9, 0x06, 0xf1, 0x0f, 0xf5, 0xb6, 0xff, 0x75, 0xff, 0x75, 0xff,
    0x33, 0xf7, 0xc5, 0x85, 0x64, 0x8e, 0xc5, 0xa6, 0x06, 0xaf, 0xa5, 0x8e, 0xe6, 0xa6, 0x06, 0xaf, 0x44, 0x7e, 0xc4, 0x9e,
    0xc4, 0xa6, 0x63, 0x8e, 0x23, 0x7e, 0x42, 0x86, 0x81, 0x6d, 0x42, 0x44, 0xce, 0x8e, 0xce, 0x7e, 0x6d, 0x66, 0x6d, 0x5e,
    0xae, 0x6e, 0xef, 0x7e, 0x10, 0x8f, 0x31, 0x97, 0x51, 0x9f, 0x72, 0xaf, 0x72, 0xaf, 0x93, 0xb7, 0x93, 0xb7, 0x93, 0xb7,
    0x93, 0xaf, 0xce, 0x96, 0x73, 0xce, 0xde, 0xff, 0x5d, 0xef, 0x03, 0x21, 0x80, 0x00, 0x80, 0x00, 0x60, 0x00, 0x00, 0x00,
    0x00, 0x00, 0xaa, 0x52, 0xff, 0xff, 0xff, 0xff, 0x10, 0x84, 0x00, 0x00, 0x82, 0x29, 0x70, 0xb7, 0xb2, 0xbf, 0x92, 0xbf,
    0x92, 0xbf, 0x92, 0xbf, 0x92, 0xbf, 0x92, 0xbf, 0x92, 0xbf, 0x92, 0xbf, 0x92, 0xbf, 0x92, 0xbf, 0xb2, 0xbf, 0x92, 0xbf,
    0xb3, 0xbf, 0xb3, 0xc7, 0xb3, 0xc7, 0xb3, 0xc7, 0xb3, 0xc7, 0xb3, 0xbf, 0xf4, 0xc7, 0x50, 0x9e, 0x63, 0x21, 0x24, 0x29,
    0x4c, 0x73, 0x70, 0x9c, 0x0e, 0x8c, 0xe6, 0x41, 0x00, 0x00, 0x80, 0x08, 0x8d, 0x85, 0xf5, 0xc7, 0xb4, 0xbf, 0x94, 0xbf,
    0x93, 0xb7, 0x73, 0xaf, 0x73, 0xa7, 0x93, 0xaf, 0x07, 0x76, 0xae, 0xce, 0x75, 0xff, 0x75, 0xff, 0x75, 0xff, 0x76, 0xff,
    0x76, 0xff, 0x97, 0xff, 0x36, 0xff, 0x10, 0xfd, 0xed, 0xfb, 0x10, 0xfd, 0x77, 0xff, 0xb8, 0xff, 0x97, 0xff, 0x97, 0xff,
    0x97, 0xff, 0x97, 0xff, 0xb8, 0xff, 0x72, 0xff, 0x44, 0xd5, 0x80, 0x10, 0x00, 0x00, 0x00, 0x00, 0x00, 0x00, 0x00, 0x00,
    0x00, 0x00, 0x00, 0x00, 0x00, 0x00, 0x00, 0x00, 0x00, 0x00, 0x00, 0x00, 0x00, 0x00, 0x00, 0x00, 0x00, 0x00, 0x00, 0x00,
    0x00, 0x00, 0x00, 0x00, 0x00, 0x00, 0x00, 0x00, 0x00, 0x00, 0x00, 0x00, 0x00, 0x00, 0x00, 0x00, 0x00, 0x00, 0x00, 0x00,
    0x00, 0x00, 0x00, 0x00, 0x00, 0x00, 0x00, 0x00, 0x00, 0x00, 0x00, 0x00, 0x00, 0x00, 0x00, 0x00, 0x00, 0x00, 0x00, 0x00,
    0x00, 0x00, 0x00, 0x00, 0x00, 0x00, 0x00, 0x00, 0x00, 0x00, 0x00, 0x00, 0x00, 0x00, 0x00, 0x00, 0x00, 0x00, 0x00, 0x00,
    0x00, 0x00, 0x00, 0x00, 0x00, 0x00, 0x00, 0x00, 0x00, 0x00, 0x00, 0x00, 0x00, 0x00, 0x00, 0x00, 0x00, 0x00, 0x00, 0x00,
    0x00, 0x00, 0x00, 0x00, 0x00, 0x00, 0x00, 0x00, 0x00, 0x00, 0x00, 0x00, 0x00, 0x00, 0x00, 0x00, 0x00, 0x00, 0x00, 0x00,
    0x00, 0x00, 0x00, 0x00, 0x00, 0x00, 0x00, 0x5a, 0x47, 0xfe, 0x97, 0xff, 0x98, 0xff, 0x97, 0xff, 0x97, 0xff, 0x97, 0xff,
    0x97, 0xff, 0xb8, 0xff, 0x0b, 0xf3, 0x26, 0xf1, 0xa8, 0xf1, 0xc9, 0xf9, 0xe9, 0xf9, 0x09, 0xfa, 0x0a, 0xfa, 0x09, 0xfa,
    0x2a, 0xfa, 0x09, 0xfa, 0xe9, 0xf9, 0xc8, 0xf9, 0x67, 0xf9, 0x87, 0xf1, 0xd3, 0xfe, 0x75, 0xff, 0x75, 0xff, 0x55, 0xff,
    0xe8, 0x9d, 0x03, 0x7e, 0xa5, 0x9e, 0xc5, 0xa6, 0x06, 0xb7, 0xa6, 0x9e, 0x85, 0x8e, 0x06, 0xa7, 0x44, 0x76, 0xc4, 0x9e,
    0x23, 0x86, 0xc3, 0x6d, 0x63, 0x8e, 0x42, 0x86, 0x21, 0x5d, 0x84, 0x44, 0x0f, 0x8f, 0xae, 0x7e, 0x6d, 0x66, 0x8d, 0x66,
    0xae, 0x6e, 0xf0, 0x86, 0x30, 0x8f, 0x51, 0x9f, 0x71, 0xa7, 0x72, 0xaf, 0x92, 0xb7, 0x93, 0xb7, 0x93, 0xb7, 0x93, 0xb7,
    0x93, 0xb7, 0x10, 0xa7, 0x37, 0xdf, 0xfe, 0xff, 0x18, 0xc6, 0xa0, 0x00, 0x80, 0x01, 0xc0, 0x00, 0x00, 0x00, 0x00, 0x00,
    0x00, 0x00, 0x00, 0x00, 0x8a, 0x52, 0xeb, 0x5a, 0x41, 0x08, 0x00, 0x00, 0x85, 0x42, 0xb1, 0xbf, 0x91, 0xb7, 0x91, 0xbf,
    0x91, 0xb7, 0x91, 0xb7, 0x91, 0xb7, 0x91, 0xbf, 0x91, 0xbf, 0x92, 0xbf, 0x92, 0xbf, 0x92, 0xbf, 0x92, 0xbf, 0x92, 0xbf,
    0x92, 0xbf, 0xb2, 0xbf, 0xb2, 0xbf, 0xb3, 0xbf, 0xb3, 0xbf, 0xd3, 0xc7, 0xb0, 0xa6, 0xa4, 0x31, 0x6c, 0x7b, 0x16, 0xce,
    0xda, 0xe6, 0x9d, 0xff, 0x5a, 0xf7, 0x76, 0xde, 0x70, 0x94, 0xa2, 0x20, 0xc1, 0x18, 0x90, 0x9e, 0xd5, 0xbf, 0x94, 0xb7,
    0x93, 0xb7, 0x73, 0xaf, 0x52, 0xa7, 0x74, 0xaf, 0x6b, 0x7e, 0x2a, 0xae, 0x75, 0xff, 0x75, 0xff, 0x75, 0xff, 0x75, 0xff,
    0x96, 0xff, 0xd4, 0xfe, 0x49, 0xf2, 0x0a, 0xfa, 0x10, 0xfc, 0xab, 0xfa, 0x4b, 0xfb, 0x77, 0xff, 0xb7, 0xff, 0x97, 0xff,
    0x97, 0xff, 0x97, 0xff, 0x98, 0xff, 0xda, 0xff, 0x30, 0xff, 0x02, 0xa4, 0x00, 0x00, 0x00, 0x00, 0x00, 0x00, 0x00, 0x00,
    0x00, 0x00, 0x00, 0x00, 0x00, 0x00, 0x00, 0x00, 0x00, 0x00, 0x00, 0x00, 0x00, 0x00, 0x00, 0x00, 0x00, 0x00, 0x00, 0x00,
    0x00, 0x00, 0x00, 0x00, 0x00, 0x00, 0x00, 0x00, 0x00, 0x00, 0x00, 0x00, 0x00, 0x00, 0x00, 0x00, 0x00, 0x00, 0x00, 0x00,
    0x00, 0x00, 0x00, 0x00, 0x00, 0x00, 0x00, 0x00, 0x00, 0x00, 0x00, 0x00, 0x00, 0x00, 0x00, 0x00, 0x00, 0x00, 0x00, 0x00,
    0x00, 0x00, 0x00, 0x00, 0x00, 0x00, 0x00, 0x00, 0x00, 0x00, 0x00, 0x00, 0x00, 0x00, 0x00, 0x00, 0x00, 0x00, 0x00, 0x00,
    0x00, 0x00, 0x00, 0x00, 0x00, 0x00, 0x00, 0x00, 0x00, 0x00, 0x00, 0x00, 0x00, 0x00, 0x00, 0x00, 0x00, 0x00, 0x00, 0x00,
    0x00, 0x00, 0x00, 0x00, 0x00, 0x00, 0x00, 0x00, 0x00, 0x00, 0x00, 0x00, 0x00, 0x00, 0x00, 0x00, 0x00, 0x00, 0x00, 0x00,
    0x00, 0x00, 0x00, 0x00, 0xe0, 0x20, 0x64, 0xe5, 0x53, 0xff, 0xb8, 0xff, 0x97, 0xff, 0x97, 0xff, 0x97, 0xff, 0x97, 0xff,
    0x97, 0xff, 0xb8, 0xff, 0xb5, 0xfe, 0xc8, 0xf1, 0x67, 0xf1, 0x47, 0xf1, 0x47, 0xf1, 0x87, 0xf1, 0xa8, 0xf9, 0xc8, 0xf9,
    0xe8, 0xf9, 0xc8, 0xf9, 0xa8, 0xf9, 0x67, 0xf1, 0xe6, 0xf0, 0x4b, 0xf3, 0xb5, 0xff, 0x74, 0xff, 0x75, 0xff, 0x6e, 0xc6,
    0xa3, 0x6d, 0x86, 0x8e, 0x85, 0x96, 0xc5, 0x9e, 0xe6, 0xa6, 0x07, 0xb7, 0x65, 0x7e, 0x85, 0x86, 0x44, 0x76, 0x23, 0x7e,
    0xc3, 0x6d, 0x64, 0x8e, 0x43, 0x8e, 0xe2, 0x75, 0xe0, 0x4c, 0xa4, 0x44, 0xef, 0x8e, 0xad, 0x7e, 0x6d, 0x66, 0x8d, 0x66,
    0xce, 0x76, 0x10, 0x87, 0x30, 0x97, 0x51, 0xa7, 0x72, 0xaf, 0x72, 0xb7, 0x92, 0xb7, 0x93, 0xbf, 0x93, 0xbf, 0x93, 0xbf,
    0x93, 0xbf, 0x72, 0xb7, 0x99, 0xe7, 0xff, 0xff, 0x34, 0xad, 0xc0, 0x00, 0x61, 0x02, 0x00, 0x01, 0x00, 0x00, 0x00, 0x00,
    0x00, 0x00, 0x00, 0x00, 0x00, 0x00, 0x00, 0x00, 0x00, 0x00, 0x00, 0x00, 0x08, 0x64, 0xd2, 0xbf, 0x91, 0xb7, 0x91, 0xb7,
    0x71, 0xb7, 0x70, 0xb7, 0x70, 0xb7, 0x91, 0xb7, 0x91, 0xb7, 0x91, 0xb7, 0x91, 0xbf, 0x92, 0xbf, 0x92, 0xbf, 0x92, 0xbf,
    0xb2, 0xbf, 0x92, 0xbf, 0x92, 0xbf, 0xb2, 0xbf, 0xb3, 0xbf, 0x92, 0xb7, 0xa6, 0x4a, 0x48, 0x52, 0xc6, 0x39, 0xc2, 0x18,
    0xe3, 0x20, 0x49, 0x42, 0x17, 0xc6, 0xbd, 0xff, 0x5b, 0xf7, 0xb0, 0xa4, 0x00, 0x00, 0xe6, 0x42, 0xd4, 0xbf, 0xb4, 0xb7,
    0x93, 0xb7, 0x73, 0xaf, 0x52, 0x9f, 0x73, 0xa7, 0xad, 0x8e, 0xa7, 0x8d, 0x54, 0xff, 0x55, 0xff, 0x75, 0xff, 0x75, 0xff,
    0x96, 0xff, 0x6b, 0xf3, 0xc9, 0xf9, 0xcc, 0xfa, 0x92, 0xfc, 0xf3, 0xfc, 0x4a, 0xfa, 0x51, 0xfd, 0xd8, 0xff, 0x98, 0xff,
    0x98, 0xff, 0x98, 0xff, 0xb8, 0xff, 0xb8, 0xff, 0xb9, 0xff, 0xca, 0xfe, 0x41, 0x62, 0x00, 0x00, 0x00, 0x00, 0x00, 0x00,
    0x00, 0x00, 0x00, 0x00, 0x00, 0x00, 0x00, 0x00, 0x00, 0x00, 0x00, 0x00, 0x00, 0x00, 0x00, 0x00, 0x00, 0x00, 0x00, 0x00,
    0x00, 0x00, 0x00, 0x00, 0x00, 0x00, 0x00, 0x00, 0x00, 0x00, 0x00, 0x00, 0x00, 0x00, 0x00, 0x00, 0x00, 0x00, 0x00, 0x00,
    0x00, 0x00, 0x00, 0x00, 0x00, 0x00, 0x00, 0x00, 0x00, 0x00, 0x00, 0x00, 0x00, 0x00, 0x00, 0x00, 0x00, 0x00, 0x00, 0x00,
    0x00, 0x00, 0x00, 0x00, 0x00, 0x00, 0x00, 0x00, 0x00, 0x00, 0x00, 0x00, 0x00, 0x00, 0x00, 0x00, 0x00, 0x00, 0x00, 0x00,
    0x00, 0x00, 0x00, 0x00, 0x00, 0x00, 0x00, 0x00, 0x00, 0x00, 0x00, 0x00, 0x00, 0x00, 0x00, 0x00, 0x00, 0x00, 0x00, 0x00,
    0x00, 0x00, 0x00, 0x00, 0x00, 0x00, 0x00, 0x00, 0x00, 0x00, 0x00, 0x00, 0x00, 0x00, 0x00, 0x00, 0x00, 0x00, 0x00, 0x00,
    0x00, 0x00, 0x20, 0x00, 0x62, 0xbc, 0x0f, 0xff, 0x98, 0xff, 0x97, 0xff, 0x97, 0xff, 0x97, 0xff, 0x97, 0xff, 0x97, 0xff,
    0x97, 0xff, 0x97, 0xff, 0xd8, 0xff, 0x94, 0xfe, 0xca, 0xf2, 0x26, 0xf1, 0x47, 0xf1, 0x47, 0xf1, 0x26, 0xf1, 0x46, 0xf1,
    0x47, 0xf1, 0x47, 0xf1, 0x46, 0xf1, 0x46, 0xf1, 0x05, 0xe9, 0xf1, 0xf5, 0x95, 0xff, 0x75, 0xff, 0x33, 0xef, 0x85, 0x6d,
    0x45, 0x7e, 0x66, 0x7e, 0x85, 0x8e, 0xa5, 0x96, 0xc6, 0x9e, 0x07, 0xaf, 0x86, 0x86, 0xa3, 0x55, 0x83, 0x55, 0x24, 0x76,
    0x84, 0x96, 0x63, 0x8e, 0x03, 0x7e, 0xa2, 0x65, 0xc0, 0x44, 0xc4, 0x44, 0xee, 0x8e, 0xad, 0x7e, 0x6d, 0x66, 0x6d, 0x66,
    0xce, 0x76, 0x10, 0x8f, 0x30, 0x9f, 0x51, 0xa7, 0x72, 0xaf, 0x92, 0xb7, 0x93, 0xbf, 0xb3, 0xc7, 0xb3, 0xc7, 0xb3, 0xc7,
    0xb3, 0xc7, 0x93, 0xbf, 0x99, 0xe7, 0xff, 0xff, 0x95, 0xad, 0xa0, 0x01, 0x02, 0x03, 0xe0, 0x00, 0x00, 0x00, 0x20, 0x00,
    0x00, 0x00, 0x00, 0x00, 0x00, 0x00, 0x40, 0x00, 0x40, 0x00, 0x00, 0x00, 0xac, 0x85, 0xb1, 0xbf, 0x71, 0xb7, 0x71, 0xb7,
    0x70, 0xb7, 0x70, 0xb7, 0x70, 0xb7, 0x70, 0xb7, 0x91, 0xb7, 0x91, 0xb7, 0x91, 0xb7, 0x91, 0xb7, 0x91, 0xbf, 0x91, 0xbf,
    0x92, 0xbf, 0x92, 0xbf, 0x92, 0xbf, 0x92, 0xbf, 0xf3, 0xbf, 0xeb, 0x84, 0x40, 0x10, 0x00, 0x00, 0x00, 0x00, 0x20, 0x00,
    0x00, 0x00, 0x00, 0x00, 0x61, 0x08, 0xd7, 0xbd, 0xff, 0xff, 0xd9, 0xee, 0xe7, 0x41, 0x60, 0x08, 0xd1, 0x9e, 0xb4, 0xbf,
    0x93, 0xaf, 0x73, 0xa7, 0x52, 0x9f, 0x52, 0x9f, 0xef, 0x8e, 0x86, 0x75, 0x34, 0xf7, 0x54, 0xff, 0x55, 0xff, 0x96, 0xff,
    0x73, 0xfe, 0x67, 0xf1, 0x6b, 0xfa, 0x6b, 0xfa, 0x4a, 0xfa, 0x2e, 0xfb, 0x0d, 0xfb, 0x6c, 0xfb, 0xd9, 0xff, 0xd8, 0xff,
    0xb8, 0xff, 0xb8, 0xff, 0xb8, 0xff, 0xb8, 0xff, 0xb9, 0xff, 0xb7, 0xff, 0xc5, 0xe5, 0xc0, 0x20, 0x00, 0x00, 0x00, 0x00,
    0x00, 0x00, 0x00, 0x00, 0x00, 0x00, 0x00, 0x00, 0x00, 0x00, 0x00, 0x00, 0x00, 0x00, 0x00, 0x00, 0x00, 0x00, 0x00, 0x00,
    0x00, 0x00, 0x00, 0x00, 0x00, 0x00, 0x00, 0x00, 0x00, 0x00, 0x00, 0x00, 0x00, 0x00, 0x00, 0x00, 0x00, 0x00, 0x00, 0x00,
    0x00, 0x00, 0x00, 0x00, 0x00, 0x00, 0x00, 0x00, 0x00, 0x00, 0x00, 0x00, 0x00, 0x00, 0x00, 0x00, 0x00, 0x00, 0x00, 0x00,
    0x00, 0x00, 0x00, 0x00, 0x00, 0x00, 0x00, 0x00, 0x00, 0x00, 0x00, 0x00, 0x00, 0x00, 0x00, 0x00, 0x00, 0x00, 0x00, 0x00,
    0x00, 0x00, 0x00, 0x00, 0x00, 0x00, 0x00, 0x00, 0x00, 0x00, 0x00, 0x00, 0x00, 0x00, 0x00, 0x00, 0x00, 0x00, 0x00, 0x00,
    0x00, 0x00, 0x00, 0x00, 0x00, 0x00, 0x00, 0x00, 0x00, 0x00, 0x00, 0x00, 0x00, 0x00, 0x00, 0x00, 0x00, 0x00, 0x00, 0x00,
    0x00, 0x00, 0xa1, 0x72, 0xa9, 0xfe, 0x97, 0xff, 0x97, 0xff, 0x97, 0xff, 0x97, 0xff, 0x97, 0xff, 0x97, 0xff, 0x97, 0xff,
    0x97, 0xff, 0x97, 0xff, 0x97, 0xff, 0xb7, 0xff, 0x76, 0xff, 0x30, 0xf5, 0xeb, 0xf2, 0xa7, 0xf1, 0x26, 0xf1, 0x06, 0xf1,
    0xe6, 0xf0, 0x06, 0xf1, 0x06, 0xf1, 0xc5, 0xf0, 0xea, 0xea, 0x95, 0xff, 0x75, 0xff, 0x75, 0xff, 0x0b, 0xa6, 0xa4, 0x65,
    0x67, 0x86, 0x26, 0x6e, 0x66, 0x7e, 0x86, 0x8e, 0xa5, 0x8e, 0xa5, 0x8e, 0x85, 0x8e, 0x43, 0x45, 0xa3, 0x65, 0x64, 0x8e,
    0x64, 0x86, 0x23, 0x76, 0xc3, 0x65, 0x41, 0x55, 0x60, 0x34, 0x84, 0x44, 0xee, 0x8e, 0xad, 0x7e, 0x6d, 0x66, 0x8d, 0x66,
    0xce, 0x76, 0x0f, 0x8f, 0x30, 0x9f, 0x71, 0xa7, 0x72, 0xaf, 0x92, 0xb7, 0x92, 0xbf, 0xb3, 0xc7, 0xb3, 0xc7, 0xb3, 0xc7,
    0xb4, 0xc7, 0xb3, 0xbf, 0x96, 0xd7, 0xff, 0xff, 0xb9, 0xce, 0x82, 0x0a, 0xc3, 0x03, 0x42, 0x0a, 0x40, 0x00, 0x40, 0x00,
    0x20, 0x00, 0x00, 0x00, 0x00, 0x00, 0xa0, 0x00, 0x60, 0x00, 0xe3, 0x29, 0x50, 0xaf, 0x71, 0xb7, 0x71, 0xb7, 0x70, 0xb7,
    0x70, 0xb7, 0x70, 0xb7, 0x70, 0xb7, 0x70, 0xb7, 0x70, 0xb7, 0x71, 0xb7, 0x71, 0xb7, 0x91, 0xb7, 0x91, 0xb7, 0x91, 0xb7,
    0x91, 0xb7, 0x92, 0xbf, 0x92, 0xbf, 0xb2, 0xbf, 0x51, 0xaf, 0x62, 0x21, 0x00, 0x00, 0x41, 0x08, 0x41, 0x08, 0x41, 0x08,
    0xaa, 0x52, 0x8e, 0x73, 0x81, 0x10, 0x24, 0x21, 0x5d, 0xe7, 0xdd, 0xff, 0xf1, 0xa4, 0x00, 0x00, 0x2b, 0x75, 0xd4, 0xb7,
    0x93, 0xaf, 0x73, 0xa7, 0x52, 0x97, 0x52, 0x97, 0x30, 0x97, 0x85, 0x6d, 0x12, 0xef, 0x54, 0xff, 0x75, 0xff, 0xb6, 0xff,
    0x10, 0xf5, 0x06, 0xf1, 0x2a, 0xfa, 0x4a, 0xfa, 0x4b, 0xfa, 0xcc, 0xfa, 0xcc, 0xfa, 0xeb, 0xf2, 0x57, 0xff, 0x74, 0xfe,
    0x95, 0xfe, 0x98, 0xff, 0xd8, 0xff, 0xb8, 0xff, 0xb8, 0xff, 0xda, 0xff, 0x51, 0xff, 0x02, 0xa4, 0x00, 0x00, 0x00, 0x00,
    0x00, 0x00, 0x00, 0x00, 0x00, 0x00, 0x00, 0x00, 0x00, 0x00, 0x00, 0x00, 0x00, 0x00, 0x00, 0x00, 0x00, 0x00, 0x00, 0x00,
    0x00, 0x00, 0x00, 0x00, 0x00, 0x00, 0x00, 0x00, 0x00, 0x00, 0x00, 0x00, 0x00, 0x00, 0x00, 0x00, 0x00, 0x00, 0x00, 0x00,
    0x00, 0x00, 0x00, 0x00, 0x00, 0x00, 0x00, 0x00, 0x00, 0x00, 0x00, 0x00, 0x00, 0x00, 0x00, 0x00, 0x00, 0x00, 0x00, 0x00,
    0x00, 0x00, 0x00, 0x00, 0x00, 0x00, 0x00, 0x00, 0x00, 0x00, 0x00, 0x00, 0x00, 0x00, 0x00, 0x00, 0x00, 0x00, 0x00, 0x00,
    0x00, 0x00, 0x00, 0x00, 0x00, 0x00, 0x00, 0x00, 0x00, 0x00, 0x00, 0x00, 0x00, 0x00, 0x00, 0x00, 0x00, 0x00, 0x00, 0x00,
    0x00, 0x00, 0x00, 0x00, 0x00, 0x00, 0x00, 0x00, 0x00, 0x00, 0x00, 0x00, 0x00, 0x00, 0x00, 0x00, 0x00, 0x00, 0x00, 0x00,
    0x00, 0x29, 0xc5, 0xed, 0x74, 0xff, 0x97, 0xff, 0x97, 0xff, 0x97, 0xff, 0x97, 0xff, 0x97, 0xff, 0x97, 0xff, 0x97, 0xff,
    0x97, 0xff, 0x97, 0xff, 0x97, 0xff, 0x96, 0xff, 0x96, 0xff, 0xd7, 0xff, 0x96, 0xff, 0xb4, 0xfe, 0x71, 0xf5, 0x2d, 0xf4,
    0x2b, 0xf3, 0xca, 0xf2, 0xaa, 0xf2, 0xea, 0xf2, 0x72, 0xf6, 0x95, 0xff, 0x75, 0xff, 0xf2, 0xee, 0x04, 0x5d, 0xc5, 0x65,
    0x26, 0x76, 0xc5, 0x5d, 0x25, 0x76, 0x66, 0x7e, 0x45, 0x7e, 0x25, 0x76, 0x05, 0x76, 0x84, 0x4d, 0x24, 0x76, 0x03, 0x6e,
    0x03, 0x66, 0xc3, 0x65, 0x22, 0x4d, 0xe1, 0x4c, 0x00, 0x34, 0x23, 0x3c, 0xee, 0x96, 0xcd, 0x7e, 0x8d, 0x66, 0x8d, 0x66,
    0xae, 0x76, 0x0f, 0x8f, 0x30, 0x9f, 0x71, 0xaf, 0x72, 0xb7, 0x92, 0xb7, 0x92, 0xbf, 0x54, 0xd7, 0x15, 0xe7, 0x15, 0xe7,
    0x35, 0xe7, 0x74, 0xd7, 0xb4, 0xcf, 0xfe, 0xf7, 0xbe, 0xf7, 0x85, 0x2a, 0x28, 0x4d, 0x30, 0xa7, 0x03, 0x12, 0x00, 0x00,
    0x00, 0x00, 0x80, 0x00, 0x20, 0x01, 0xe0, 0x00, 0x20, 0x00, 0x8c, 0x85, 0xb0, 0xb7, 0x70, 0xb7, 0x70, 0xb7, 0x70, 0xb7,
    0x70, 0xb7, 0x70, 0xb7, 0x70, 0xb7, 0x70, 0xb7, 0x70, 0xb7, 0x70, 0xb7, 0x71, 0xb7, 0x91, 0xb7, 0x91, 0xb7, 0x71, 0xb7,
    0x91, 0xb7, 0x91, 0xb7, 0x92, 0xb7, 0xd3, 0xbf, 0x2c, 0x7d, 0x00, 0x00, 0x41, 0x08, 0x61, 0x08, 0x00, 0x00, 0xaa, 0x52,
    0xff, 0xff, 0xff, 0xff, 0xb2, 0x94, 0x00, 0x00, 0xf3, 0x9c, 0xff, 0xff, 0xd9, 0xe6, 0x82, 0x18, 0x29, 0x5c, 0xd4, 0xb7,
    0x73, 0xaf, 0x72, 0xa7, 0x52, 0x97, 0x31, 0x8f, 0x31, 0x97, 0xa6, 0x6d, 0xf1, 0xe6, 0x55, 0xff, 0x55, 0xff, 0xb6, 0xff,
    0xed, 0xf3, 0x46, 0xf9, 0x09, 0xfa, 0x2a, 0xfa, 0x4a, 0xfa, 0x8b, 0xfa, 0x6b, 0xfa, 0xc8, 0xf1, 0x8a, 0xfa, 0x09, 0xfa,
    0xab, 0xfa, 0x0c, 0xfb, 0x75, 0xfe, 0xd8, 0xff, 0xb8, 0xff, 0xb8, 0xff, 0xd9, 0xff, 0xca, 0xfe, 0x61, 0x62, 0x00, 0x00,
    0x00, 0x00, 0x00, 0x00, 0x00, 0x00, 0x00, 0x00, 0x00, 0x00, 0x00, 0x00, 0x00, 0x00, 0x00, 0x00, 0x00, 0x00, 0x00, 0x00,
    0x00, 0x00, 0x00, 0x00, 0x00, 0x00, 0x00, 0x00, 0x00, 0x00, 0x00, 0x00, 0x00, 0x00, 0x00, 0x00, 0x00, 0x00, 0x00, 0x00,
    0x00, 0x00, 0x00, 0x00, 0x00, 0x00, 0x00, 0x00, 0x00, 0x00, 0x00, 0x00, 0x00, 0x00, 0x00, 0x00, 0x00, 0x00, 0x00, 0x00,
    0x00, 0x00, 0x00, 0x00, 0x00, 0x00, 0x00, 0x00, 0x00, 0x00, 0x00, 0x00, 0x00, 0x00, 0x00, 0x00, 0x00, 0x00, 0x00, 0x00,
    0x00, 0x00, 0x00, 0x00, 0x00, 0x00, 0x00, 0x00, 0x00, 0x00, 0x00, 0x00, 0x00, 0x00, 0x00, 0x00, 0x00, 0x00, 0x00, 0x00,
    0x00, 0x00, 0x00, 0x00, 0x00, 0x00, 0x00, 0x00, 0x00, 0x00, 0x00, 0x00, 0x00, 0x00, 0x00, 0x00, 0x00, 0x00, 0x00, 0x00,
    0x22, 0xb4, 0x0e, 0xff, 0x98, 0xff, 0x97, 0xff, 0x97, 0xff, 0x97, 0xff, 0x97, 0xff, 0x97, 0xff, 0x97, 0xff, 0x97, 0xff,
    0x97, 0xff, 0x97, 0xff, 0x97, 0xff, 0x97, 0xff, 0x96, 0xff, 0x96, 0xff, 0x97, 0xff, 0x96, 0xff, 0xb7, 0xff, 0xd7, 0xff,
    0xb7, 0xff, 0x96, 0xff, 0x96, 0xff, 0x95, 0xff, 0x74, 0xff, 0x54, 0xff, 0x75, 0xff, 0xeb, 0xa5, 0x03, 0x45, 0xe6, 0x65,
    0xe6, 0x6d, 0x85, 0x55, 0xe5, 0x65, 0x25, 0x6e, 0x05, 0x6e, 0xc5, 0x65, 0x44, 0x4d, 0x44, 0x45, 0x04, 0x66, 0xe3, 0x5d,
    0x83, 0x55, 0x22, 0x4d, 0xc1, 0x44, 0x80, 0x3c, 0xe0, 0x2b, 0xe2, 0x2b, 0xcd, 0x8e, 0xcd, 0x86, 0x8d, 0x6e, 0x6d, 0x66,
    0xad, 0x6e, 0xef, 0x86, 0x30, 0x97, 0x51, 0xa7, 0x71, 0xaf, 0x33, 0xc7, 0x95, 0xf6, 0x56, 0xfe, 0x56, 0xfe, 0x36, 0xfe,
    0x56, 0xfe, 0x97, 0xfe, 0xf6, 0xee, 0x78, 0xef, 0xff, 0xff, 0x53, 0x9d, 0x06, 0x3c, 0xab, 0x5e, 0x66, 0x1d, 0xa3, 0x0b,
    0xa2, 0x02, 0x41, 0x02, 0x21, 0x02, 0x80, 0x00, 0x47, 0x4b, 0xb0, 0xb7, 0x70, 0xb7, 0x70, 0xb7, 0x70, 0xb7, 0x70, 0xb7,
    0x70, 0xb7, 0x70, 0xb7, 0x70, 0xb7, 0x70, 0xb7, 0x70, 0xb7, 0x70, 0xb7, 0x70, 0xb7, 0x70, 0xb7, 0x91, 0xb7, 0x91, 0xb7,
    0x91, 0xb7, 0x91, 0xb7, 0x92, 0xb7, 0xd2, 0xbf, 0x85, 0x3a, 0x00, 0x00, 0x41, 0x08, 0x20, 0x00, 0x00, 0x00, 0x30, 0x84,
    0xff, 0xff, 0xff, 0xff, 0x79, 0xce, 0x00, 0x00, 0x0c, 0x63, 0xff, 0xff, 0x5b, 0xf7, 0x65, 0x31, 0xc8, 0x4b, 0xd4, 0xb7,
    0x73, 0xa7, 0x52, 0x9f, 0x31, 0x8f, 0x31, 0x8f, 0x52, 0x9f, 0xa6, 0x6d, 0xd0, 0xde, 0x54, 0xff, 0x55, 0xff, 0xb6, 0xff,
    0xcc, 0xf3, 0x26, 0xf1, 0xe8, 0xf9, 0x2a, 0xfa, 0x4a, 0xfa, 0x6a, 0xfa, 0x6b, 0xfa, 0x4b, 0xfa, 0xed, 0xfa, 0x0d, 0xfb,
    0x96, 0xfd, 0x72, 0xfc, 0xaa, 0xfa, 0x77, 0xff, 0xb8, 0xff, 0xb8, 0xff, 0xb9, 0xff, 0x96, 0xff, 0x64, 0xdd, 0x80, 0x10,
    0x00, 0x00, 0x00, 0x00, 0x00, 0x00, 0x00, 0x00, 0x00, 0x00, 0x00, 0x00, 0x00, 0x00, 0x00, 0x00, 0x00, 0x00, 0x00, 0x00,
    0x00, 0x00, 0x00, 0x00, 0x00, 0x00, 0x00, 0x00, 0x00, 0x00, 0x00, 0x00, 0x00, 0x00, 0x00, 0x00, 0x00, 0x00, 0x00, 0x00,
    0x00, 0x00, 0x00, 0x00, 0x00, 0x00, 0x00, 0x00, 0x00, 0x00, 0x00, 0x00, 0x00, 0x00, 0x00, 0x00, 0x00, 0x00, 0x00, 0x00,
    0x00, 0x00, 0x00, 0x00, 0x00, 0x00, 0x00, 0x00, 0x00, 0x00, 0x00, 0x00, 0x00, 0x00, 0x00, 0x00, 0x00, 0x00, 0x00, 0x00,
    0x00, 0x00, 0x00, 0x00, 0x00, 0x00, 0x00, 0x00, 0x00, 0x00, 0x00, 0x00, 0x00, 0x00, 0x00, 0x00, 0x00, 0x00, 0x00, 0x00,
    0x00, 0x00, 0x00, 0x00, 0x00, 0x00, 0x00, 0x00, 0x00, 0x00, 0x00, 0x00, 0x00, 0x00, 0x00, 0x00, 0x00, 0x00, 0x21, 0x5a,
    0x88, 0xfe, 0x96, 0xff, 0x97, 0xff, 0x97, 0xff, 0x97, 0xff, 0x97, 0xff, 0x97, 0xff, 0x97, 0xff, 0x97, 0xff, 0x97, 0xff,
    0x97, 0xff, 0x97, 0xff, 0x97, 0xff, 0x98, 0xff, 0x97, 0xff, 0x97, 0xff, 0x97, 0xff, 0x96, 0xff, 0x76, 0xff, 0x76, 0xff,
    0x76, 0xff, 0x75, 0xff, 0x75, 0xff, 0x75, 0xff, 0x54, 0xff, 0x54, 0xff, 0x34, 0xf7, 0x05, 0x5d, 0x84, 0x55, 0xc5, 0x5d,
    0xc5, 0x65, 0x45, 0x4d, 0x65, 0x4d, 0xc5, 0x5d, 0xa4, 0x55, 0x64, 0x4d, 0xa3, 0x34, 0xc2, 0x34, 0xa2, 0x44, 0x41, 0x3c,
    0x80, 0x33, 0x40, 0x33, 0x60, 0x33, 0xe0, 0x22, 0x80, 0x09, 0x21, 0x13, 0x6b, 0x7e, 0xcd, 0x86, 0x6c, 0x6e, 0x6c, 0x66,
    0x8d, 0x6e, 0xee, 0x86, 0x30, 0x97, 0x51, 0x9f, 0x32, 0xbf, 0x55, 0xf6, 0x15, 0xfe, 0xf5, 0xfd, 0xd4, 0xfd, 0xd4, 0xfd,
    0xf5, 0xfd, 0x15, 0xfe, 0x56, 0xfe, 0xb7, 0xfe, 0x7b, 0xff, 0xff, 0xff, 0x4f, 0x7c, 0xa2, 0x02, 0x84, 0x0c, 0x45, 0x0d,
    0x43, 0x04, 0xc0, 0x01, 0xa0, 0x00, 0x67, 0x53, 0x91, 0xb7, 0xb1, 0xbf, 0x91, 0xbf, 0xb1, 0xbf, 0xb1, 0xc7, 0xb1, 0xc7,
    0xb1, 0xc7, 0x91, 0xbf, 0x91, 0xbf, 0x90, 0xb7, 0x70, 0xb7, 0x70, 0xb7, 0x70, 0xb7, 0x70, 0xb7, 0x70, 0xb7, 0x70, 0xb7,
    0x91, 0xb7, 0x91, 0xb7, 0xb2, 0xb7, 0x10, 0xaf, 0xe2, 0x10, 0x20, 0x00, 0x20, 0x00, 0x00, 0x00, 0x00, 0x00, 0x28, 0x42,
    0xbe, 0xf7, 0xff, 0xff, 0x30, 0x84, 0x00, 0x00, 0x08, 0x42, 0xff, 0xff, 0xbd, 0xff, 0x48, 0x52, 0x6b, 0x5c, 0xd4, 0xaf,
    0x73, 0xa7, 0x52, 0x97, 0x31, 0x8f, 0x31, 0x87, 0x52, 0x9f, 0xa6, 0x6d, 0xd0, 0xd6, 0x54, 0xff, 0x54, 0xff, 0xb6, 0xff,
    0x6e, 0xf4, 0x06, 0xf1, 0xa8, 0xf9, 0x09, 0xfa, 0x2a, 0xfa, 0x4a, 0xfa, 0x8b, 0xfa, 0x8c, 0xfa, 0x8b, 0xfa, 0x8b, 0xfa,
    0x4e, 0xfb, 0xaf, 0xfb, 0xc8, 0xf9, 0x13, 0xfe, 0xd8, 0xff, 0xb8, 0xff, 0xb8, 0xff, 0xda, 0xff, 0x0e, 0xff, 0x41, 0x8b,
    0x00, 0x00, 0x00, 0x00, 0x00, 0x00, 0x00, 0x00, 0x00, 0x00, 0x00, 0x00, 0x00, 0x00, 0x00, 0x00, 0x00, 0x00, 0x00, 0x00,
    0x00, 0x00, 0x00, 0x00, 0x00, 0x00, 0x00, 0x00, 0x00, 0x00, 0x00, 0x00, 0x00, 0x00, 0x00, 0x00, 0x00, 0x00, 0x00, 0x00,
    0x00, 0x00, 0x00, 0x00, 0x00, 0x00, 0x00, 0x00, 0x00, 0x00, 0x00, 0x00, 0x00, 0x00, 0x00, 0x00, 0x00, 0x00, 0x00, 0x00,
    0x00, 0x00, 0x00, 0x00, 0x00, 0x00, 0x00, 0x00, 0x00, 0x00, 0x00, 0x00, 0x00, 0x00, 0x00, 0x00, 0x00, 0x00, 0x00, 0x00,
    0x00, 0x00, 0x00, 0x00, 0x00, 0x00, 0x00, 0x00, 0x00, 0x00, 0x00, 0x00, 0x00, 0x00, 0x00, 0x00, 0x00, 0x00, 0x00, 0x00,
    0x00, 0x00, 0x00, 0x00, 0x00, 0x00, 0x00, 0x00, 0x00, 0x00, 0x00, 0x00, 0x00, 0x00, 0x00, 0x00, 0x80, 0x10, 0x43, 0xdd,
    0x52, 0xff, 0x97, 0xff, 0x97, 0xff, 0x97, 0xff, 0x97, 0xff, 0x97, 0xff, 0x97, 0xff, 0x97, 0xff, 0x98, 0xff, 0x76, 0xf7,
    0x12, 0xe7, 0xef, 0xd6, 0xed, 0xce, 0xed, 0xce, 0x0e, 0xd7, 0x10, 0xdf, 0x32, 0xe7, 0x75, 0xf7, 0x97, 0xff, 0x76, 0xff,
    0x75, 0xff, 0x75, 0xff, 0x75, 0xff, 0x54, 0xff, 0x54, 0xff, 0x54, 0xff, 0x6f, 0xce, 0xa3, 0x44, 0x85, 0x55, 0x85, 0x55,
    0x85, 0x55, 0x25, 0x4d, 0xc4, 0x34, 0x24, 0x45, 0xe3, 0x44, 0x41, 0x34, 0xa0, 0x2b, 0xa2, 0x33, 0xa6, 0x5c, 0x69, 0x75,
    0xea, 0x7d, 0x2b, 0x7e, 0x0a, 0x6e, 0x89, 0x55, 0x66, 0x2c, 0xa1, 0x0a, 0x0a, 0x76, 0xed, 0x8e, 0x8c, 0x76, 0x6c, 0x66,
    0x8d, 0x66, 0xce, 0x76, 0x0f, 0x8f, 0x30, 0x97, 0xb4, 0xde, 0x15, 0xfe, 0xd4, 0xfd, 0xb4, 0xfd, 0x93, 0xfd, 0x73, 0xfd,
    0x16, 0xfe, 0xb8, 0xfe, 0xf5, 0xfd, 0x56, 0xfe, 0xb7, 0xfe, 0x77, 0xe7, 0xfc, 0xef, 0xf6, 0xb5, 0xcb, 0x53, 0xe6, 0x2a,
    0x85, 0x2a, 0x08, 0x53, 0xae, 0x9d, 0xf3, 0xd7, 0xd3, 0xd7, 0xd3, 0xd7, 0xd3, 0xd7, 0xd3, 0xcf, 0xf3, 0xd7, 0xf4, 0xd7,
    0xd3, 0xcf, 0xd3, 0xcf, 0xb3, 0xcf, 0xb2, 0xcf, 0xb1, 0xc7, 0x91, 0xbf, 0x90, 0xb7, 0x90, 0xb7, 0x70, 0xb7, 0x70, 0xb7,
    0x71, 0xb7, 0x91, 0xb7, 0xb1, 0xbf, 0x2e, 0x96, 0x40, 0x00, 0x60, 0x00, 0x00, 0x00, 0x00, 0x00, 0x00, 0x00, 0x00, 0x00,
    0xe7, 0x39, 0xaa, 0x52, 0xa2, 0x10, 0x20, 0x00, 0x08, 0x42, 0xff, 0xff, 0xfd, 0xff, 0xc9, 0x5a, 0x8d, 0x75, 0x93, 0xa7,
    0x52, 0x9f, 0x52, 0x97, 0x11, 0x87, 0x11, 0x87, 0x52, 0x97, 0x86, 0x65, 0xaf, 0xd6, 0x54, 0xff, 0x54, 0xff, 0x95, 0xff,
    0x70, 0xf5, 0x06, 0xf1, 0x87, 0xf9, 0xe8, 0xf9, 0x09, 0xfa, 0x2a, 0xfa, 0x4a, 0xfa, 0x6b, 0xfa, 0x6b, 0xfa, 0x8b, 0xfa,
    0x8b, 0xfa, 0x6a, 0xfa, 0x87, 0xf9, 0x34, 0xfe, 0xd8, 0xff, 0xb8, 0xff, 0xb8, 0xff, 0xb8, 0xff, 0xb8, 0xff, 0x27, 0xf6,
    0x20, 0x31, 0x00, 0x00, 0x00, 0x00, 0x00, 0x00, 0x00, 0x00, 0x00, 0x00, 0x00, 0x00, 0x00, 0x00, 0x00, 0x00, 0x00, 0x00,
    0x00, 0x00, 0x00, 0x00, 0x00, 0x00, 0x00, 0x00, 0x00, 0x00, 0x00, 0x00, 0x00, 0x00, 0x00, 0x00, 0x00, 0x00, 0x00, 0x00,
    0x00, 0x00, 0x00, 0x00, 0x00, 0x00, 0x00, 0x00, 0x00, 0x00, 0x00, 0x00, 0x00, 0x00, 0x00, 0x00, 0x00, 0x00, 0x00, 0x00,
    0x00, 0x00, 0x00, 0x00, 0x00, 0x00, 0x00, 0x00, 0x00, 0x00, 0x00, 0x00, 0x00, 0x00, 0x00, 0x00, 0x00, 0x00, 0x00, 0x00,
    0x00, 0x00, 0x00, 0x00, 0x00, 0x00, 0x00, 0x00, 0x00, 0x00, 0x00, 0x00, 0x00, 0x00, 0x00, 0x00, 0x00, 0x00, 0x00, 0x00,
    0x00, 0x00, 0x00, 0x00, 0x00, 0x00, 0x00, 0x00, 0x00, 0x00, 0x00, 0x00, 0x00, 0x00, 0x00, 0x00, 0x01, 0x83, 0xcb, 0xfe,
    0x98, 0xff, 0x97, 0xff, 0x97, 0xff, 0x97, 0xff, 0x97, 0xff, 0x97, 0xff, 0x97, 0xff, 0x76, 0xf7, 0x6a, 0xb6, 0x44, 0x9e,
    0x63, 0xa6, 0xc3, 0xae, 0x05, 0xc7, 0x05, 0xc7, 0x05, 0xc7, 0xe5, 0xbe, 0xc5, 0xbe, 0xa6, 0xb6, 0xa9, 0xbe, 0x10, 0xdf,
    0x75, 0xff, 0x76, 0xff, 0x54, 0xff, 0x54, 0xff, 0x53, 0xff, 0x53, 0xff, 0x89, 0x95, 0xc3, 0x3c, 0x65, 0x4d, 0x65, 0x4d,
    0x65, 0x4d, 0x45, 0x4d, 0x83, 0x2c, 0x42, 0x2c, 0x81, 0x33, 0x85, 0x5c, 0x4d, 0x9e, 0x52, 0xbf, 0xd3, 0xc7, 0xb2, 0xbf,
    0x71, 0xaf, 0x10, 0x97, 0xae, 0x7e, 0x2b, 0x5e, 0x89, 0x35, 0xc3, 0x13, 0x47, 0x55, 0xed, 0x96, 0x8c, 0x76, 0x6c, 0x66,
    0x6c, 0x5e, 0xad, 0x6e, 0xee, 0x86, 0x10, 0x97, 0x55, 0xee, 0xf5, 0xfd, 0xb4, 0xfd, 0x73, 0xfd, 0x53, 0xfd, 0x53, 0xfd,
    0xd5, 0xfd, 0xb8, 0xfe, 0xb4, 0xfd, 0xf5, 0xfd, 0x76, 0xfe, 0xf6, 0xf6, 0xb4, 0xd7, 0xf6, 0xdf, 0xf7, 0xe7, 0x96, 0xdf,
    0x95, 0xd7, 0xf6, 0xe7, 0xf5, 0xe7, 0xd4, 0xdf, 0xd4, 0xdf, 0xd4, 0xdf, 0xd5, 0xdf, 0xb4, 0xd7, 0xec, 0xac, 0x6b, 0xac,
    0x73, 0xd7, 0xd4, 0xdf, 0xd4, 0xdf, 0xd4, 0xdf, 0xd4, 0xd7, 0xd3, 0xd7, 0xb2, 0xcf, 0xb1, 0xc7, 0x91, 0xbf, 0x70, 0xb7,
    0x70, 0xb7, 0x71, 0xb7, 0xb1, 0xbf, 0x6c, 0x7d, 0x80, 0x00, 0x00, 0x01, 0x00, 0x00, 0x00, 0x00, 0x00, 0x00, 0x00, 0x00,
    0x00, 0x00, 0x00, 0x00, 0x21, 0x01, 0xa0, 0x00, 0xaa, 0x52, 0xff, 0xff, 0x9b, 0xff, 0xe8, 0x4a, 0x8f, 0x7e, 0x72, 0x9f,
    0x52, 0x97, 0x31, 0x8f, 0x10, 0x87, 0x10, 0x7f, 0x52, 0x97, 0x66, 0x65, 0xaf, 0xd6, 0x54, 0xff, 0x54, 0xff, 0x75, 0xff,
    0x93, 0xfe, 0x86, 0xf1, 0x67, 0xf1, 0xc8, 0xf9, 0xe9, 0xf9, 0x09, 0xfa, 0x29, 0xfa, 0x4a, 0xfa, 0x6a, 0xfa, 0x4a, 0xfa,
    0x4a, 0xfa, 0xe9, 0xf9, 0x69, 0xfa, 0x77, 0xff, 0xb8, 0xff, 0x98, 0xff, 0x98, 0xff, 0xb8, 0xff, 0xda, 0xff, 0x52, 0xff,
    0x22, 0xac, 0x00, 0x00, 0x00, 0x00, 0x00, 0x00, 0x00, 0x00, 0x00, 0x00, 0x00, 0x00, 0x00, 0x00, 0x00, 0x00, 0x00, 0x00,
    0x00, 0x00, 0x00, 0x00, 0x00, 0x00, 0x00, 0x00, 0x00, 0x00, 0x00, 0x00, 0x00, 0x00, 0x00, 0x00, 0x00, 0x00, 0x00, 0x00,
    0x00, 0x00, 0x00, 0x00, 0x00, 0x00, 0x00, 0x00, 0x00, 0x00, 0x00, 0x00, 0x00, 0x00, 0x00, 0x00, 0x00, 0x00, 0x00, 0x00,
    0x00, 0x00, 0x00, 0x00, 0x00, 0x00, 0x00, 0x00, 0x00, 0x00, 0x00, 0x00, 0x00, 0x00, 0x00, 0x00, 0x00, 0x00, 0x00, 0x00,
    0x00, 0x00, 0x00, 0x00, 0x00, 0x00, 0x00, 0x00, 0x00, 0x00, 0x00, 0x00, 0x00, 0x00, 0x00, 0x00, 0x00, 0x00, 0x00, 0x00,
    0x00, 0x00, 0x00, 0x00, 0x00, 0x00, 0x00, 0x00, 0x00, 0x00, 0x00, 0x00, 0x00, 0x00, 0xe0, 0x20, 0xa5, 0xed, 0x75, 0xff,
    0x97, 0xff, 0x97, 0xff, 0x97, 0xff, 0x97, 0xff, 0x97, 0xff, 0x97, 0xff, 0xb8, 0xff, 0x2b, 0xae, 0xc0, 0x7d, 0xe2, 0xae,
    0x02, 0xb7, 0x02, 0xb7, 0x23, 0xbf, 0x03, 0xb7, 0xe3, 0xb6, 0x24, 0xc7, 0x67, 0xcf, 0x8a, 0xdf, 0x49, 0xd7, 0xa5, 0xb6,
    0x46, 0xa6, 0xce, 0xce, 0x54, 0xff, 0x53, 0xff, 0x32, 0xff, 0x11, 0xff, 0xc6, 0x64, 0xe4, 0x3c, 0x25, 0x45, 0x04, 0x45,
    0x25, 0x45, 0xe3, 0x3c, 0xe1, 0x2b, 0xc5, 0x5c, 0xaf, 0xae, 0xd4, 0xdf, 0xf5, 0xdf, 0xb5, 0xcf, 0xb4, 0xc7, 0x93, 0xbf,
    0x72, 0xaf, 0x31, 0x97, 0xce, 0x76, 0x4c, 0x5e, 0xa9, 0x3d, 0x45, 0x14, 0x24, 0x2c, 0xcc, 0x8e, 0xac, 0x86, 0x6c, 0x66,
    0x4c, 0x5e, 0x6d, 0x66, 0xae, 0x76, 0xf0, 0x96, 0x35, 0xf6, 0xf5, 0xfd, 0xb4, 0xfd, 0x73, 0xfd, 0x53, 0xfd, 0x53, 0xfd,
    0x53, 0xfd, 0x53, 0xfd, 0x94, 0xfd, 0xd5, 0xfd, 0x36, 0xfe, 0xb7, 0xfe, 0x95, 0xdf, 0xd3, 0xcf, 0xd4, 0xd7, 0xd5, 0xd7,
    0xd5, 0xdf, 0xd5, 0xdf, 0xd5, 0xdf, 0xd5, 0xdf, 0xd5, 0xdf, 0xd5, 0xdf, 0xb4, 0xd7, 0xa6, 0x8a, 0x40, 0x78, 0x20, 0x70,
    0xcf, 0xbd, 0xf5, 0xe7, 0xd5, 0xdf, 0xd5, 0xdf, 0xd4, 0xdf, 0xd4, 0xdf, 0xd4, 0xd7, 0xd3, 0xd7, 0xb2, 0xc7, 0x91, 0xbf,
    0x90, 0xb7, 0x70, 0xb7, 0xb1, 0xbf, 0x4b, 0x7d, 0x20, 0x01, 0x81, 0x01, 0x00, 0x00, 0x20, 0x00, 0x00, 0x00, 0x00, 0x00,
    0x00, 0x00, 0x60, 0x00, 0xa0, 0x01, 0x80, 0x00, 0xef, 0x7b, 0xff, 0xff, 0xf8, 0xe6, 0x69, 0x5c, 0x51, 0x8f, 0x52, 0x97,
    0x32, 0x97, 0x31, 0x8f, 0xf0, 0x7e, 0xf0, 0x7e, 0x31, 0x97, 0x25, 0x5d, 0xb0, 0xde, 0x53, 0xff, 0x54, 0xff, 0x54, 0xff,
    0x75, 0xff, 0xa9, 0xf2, 0x26, 0xf1, 0xa7, 0xf9, 0xc8, 0xf9, 0xe8, 0xf9, 0xe9, 0xf9, 0xe9, 0xf9, 0xe8, 0xf9, 0xc8, 0xf9,
    0x67, 0xf9, 0xa7, 0xf9, 0x13, 0xfe, 0xd8, 0xff, 0x97, 0xff, 0x98, 0xff, 0xb8, 0xff, 0xb8, 0xff, 0xb8, 0xff, 0xb9, 0xff,
    0x69, 0xfe, 0xa1, 0x41, 0x00, 0x00, 0x00, 0x00, 0x00, 0x00, 0x00, 0x00, 0x00, 0x00, 0x00, 0x00, 0x00, 0x00, 0x00, 0x00,
    0x00, 0x00, 0x00, 0x00, 0x00, 0x00, 0x00, 0x00, 0x00, 0x00, 0x00, 0x00, 0x00, 0x00, 0x00, 0x00, 0x00, 0x00, 0x00, 0x00,
    0x00, 0x00, 0x00, 0x00, 0x00, 0x00, 0x00, 0x00, 0x00, 0x00, 0x00, 0x00, 0x00, 0x00, 0x00, 0x00, 0x00, 0x00, 0x00, 0x00,
    0x00, 0x00, 0x00, 0x00, 0x00, 0x00, 0x00, 0x00, 0x00, 0x00, 0x00, 0x00, 0x00, 0x00, 0x00, 0x00, 0x00, 0x00, 0x00, 0x00,
    0x00, 0x00, 0x00, 0x00, 0x00, 0x00, 0x00, 0x00, 0x00, 0x00, 0x00, 0x00, 0x00, 0x00, 0x00, 0x00, 0x00, 0x00, 0x00, 0x00,
    0x00, 0x00, 0x00, 0x00, 0x00, 0x00, 0x00, 0x00, 0x00, 0x00, 0x00, 0x00, 0x00, 0x00, 0xc2, 0x9b, 0x0e, 0xff, 0x98, 0xff,
    0x97, 0xff, 0x97, 0xff, 0x97, 0xff, 0x97, 0xff, 0x97, 0xff, 0x97, 0xff, 0x97, 0xff, 0x66, 0x85, 0xe0, 0x7d, 0x81, 0x9e,
    0x81, 0x96, 0x60, 0x8e, 0xc1, 0xa6, 0xe1, 0xae, 0x81, 0x9e, 0xc2, 0xae, 0xe2, 0xb6, 0x66, 0xcf, 0x88, 0xd7, 0x47, 0xc7,
    0x26, 0xbf, 0x63, 0x9e, 0x06, 0xa6, 0xf1, 0xee, 0x12, 0xff, 0xaf, 0xee, 0xa4, 0x4c, 0x24, 0x45, 0xe4, 0x3c, 0xc4, 0x3c,
    0x63, 0x34, 0xc1, 0x33, 0xeb, 0x8d, 0xd5, 0xd7, 0xf5, 0xdf, 0xb4, 0xd7, 0xb5, 0xcf, 0xb5, 0xcf, 0xb5, 0xcf, 0xb4, 0xc7,
    0x94, 0xbf, 0x72, 0xaf, 0x30, 0x97, 0x6d, 0x66, 0xea, 0x45, 0xe7, 0x24, 0x82, 0x13, 0x4a, 0x7e, 0xec, 0x8e, 0x6b, 0x6e,
    0x4b, 0x5e, 0x4c, 0x5e, 0x8d, 0x6e, 0xcf, 0x86, 0x54, 0xe6, 0xf5, 0xfd, 0xb4, 0xfd, 0x94, 0xfd, 0x73, 0xfd, 0x53, 0xfd,
    0x53, 0xfd, 0x73, 0xfd, 0x94, 0xfd, 0xd4, 0xfd, 0x15, 0xfe, 0x97, 0xfe, 0x55, 0xe7, 0xd4, 0xcf, 0xb4, 0xd7, 0xd4, 0xd7,
    0xd5, 0xd7, 0xd5, 0xdf, 0xd5, 0xdf, 0xd4, 0xdf, 0xd4, 0xdf, 0xd4, 0xd7, 0xb3, 0xd7, 0xa5, 0x8a, 0x40, 0x80, 0x01, 0x81,
    0x13, 0xd7, 0xf5, 0xdf, 0xd5, 0xdf, 0xd5, 0xdf, 0xd5, 0xdf, 0xd5, 0xdf, 0xd5, 0xdf, 0x32, 0xd7, 0xd4, 0xd7, 0xd4, 0xd7,
    0xb2, 0xc7, 0x91, 0xbf, 0xb1, 0xbf, 0x0e, 0x96, 0x00, 0x01, 0x01, 0x02, 0x60, 0x00, 0x20, 0x00, 0x20, 0x00, 0x20, 0x00,
    0x00, 0x00, 0x80, 0x01, 0xa0, 0x01, 0x40, 0x00, 0x18, 0xc6, 0xff, 0xff, 0xd6, 0xce, 0x4d, 0x76, 0x52, 0x97, 0x32, 0x97,
    0x31, 0x8f, 0x11, 0x87, 0xcf, 0x76, 0xf0, 0x7e, 0xf0, 0x8e, 0x04, 0x55, 0xd0, 0xe6, 0x53, 0xff, 0x54, 0xff, 0x54, 0xff,
    0x95, 0xff, 0xae, 0xf4, 0x05, 0xf1, 0x66, 0xf1, 0x67, 0xf1, 0x67, 0xf1, 0x67, 0xf1, 0x67, 0xf9, 0x47, 0xf9, 0x87, 0xf9,
    0x2b, 0xfb, 0x74, 0xfe, 0xd8, 0xff, 0x97, 0xff, 0x97, 0xff, 0x97, 0xff, 0x98, 0xff, 0xb8, 0xff, 0xb8, 0xff, 0xb9, 0xff,
    0x73, 0xff, 0x62, 0xb4, 0x00, 0x00, 0x00, 0x00, 0x00, 0x00, 0x00, 0x00, 0x00, 0x00, 0x00, 0x00, 0x00, 0x00, 0x00, 0x00,
    0x00, 0x00, 0x00, 0x00, 0x00, 0x00, 0x00, 0x00, 0x00, 0x00, 0x00, 0x00, 0x00, 0x00, 0x00, 0x00, 0x00, 0x00, 0x00, 0x00,
    0x00, 0x00, 0x00, 0x00, 0x00, 0x00, 0x00, 0x00, 0x00, 0x00, 0x00, 0x00, 0x00, 0x00, 0x00, 0x00, 0x00, 0x00, 0x00, 0x00,
    0x00, 0x00, 0x00, 0x00, 0x00, 0x00, 0x00, 0x00, 0x00, 0x00, 0x00, 0x00, 0x00, 0x00, 0x00, 0x00, 0x00, 0x00, 0x00, 0x00,
    0x00, 0x00, 0x00, 0x00, 0x00, 0x00, 0x00, 0x00, 0x00, 0x00, 0x00, 0x00, 0x00, 0x00, 0x00, 0x00, 0x00, 0x00, 0x00, 0x00,
    0x00, 0x00, 0x00, 0x00, 0x00, 0x00, 0x00, 0x00, 0x00, 0x00, 0x00, 0x00, 0x40, 0x39, 0x26, 0xf6, 0x96, 0xff, 0x97, 0xff,
    0x97, 0xff, 0x97, 0xff, 0x97, 0xff, 0x97, 0xff, 0x97, 0xff, 0x96, 0xff, 0x97, 0xff, 0xa8, 0x8d, 0xe0, 0x75, 0x81, 0x96,
    0xa1, 0x9e, 0x22, 0x8e, 0xc1, 0x75, 0x40, 0x86, 0x81, 0x96, 0xa1, 0x9e, 0xe2, 0xae, 0xe3, 0xb6, 0x65, 0xc7, 0xe3, 0xae,
    0x82, 0x96, 0x04, 0xb7, 0x83, 0x9e, 0xa3, 0x7d, 0xae, 0xde, 0x2d, 0xde, 0x62, 0x3c, 0x04, 0x3d, 0xc4, 0x34, 0x22, 0x2c,
    0xe2, 0x3b, 0x8e, 0xa6, 0xd4, 0xd7, 0xb4, 0xcf, 0xb4, 0xc7, 0xb4, 0xcf, 0xb5, 0xcf, 0xd5, 0xcf, 0xd5, 0xd7, 0xd5, 0xd7,
    0xd5, 0xcf, 0xb5, 0xc7, 0x72, 0xaf, 0xce, 0x86, 0x2b, 0x56, 0x48, 0x2d, 0xa3, 0x0b, 0x06, 0x4d, 0xec, 0x96, 0x8c, 0x76,
    0x4b, 0x5e, 0x2b, 0x56, 0x6c, 0x5e, 0xae, 0x6e, 0x72, 0xb6, 0xf5, 0xf5, 0xd4, 0xfd, 0xb4, 0xfd, 0x93, 0xfd, 0x73, 0xfd,
    0x73, 0xfd, 0x93, 0xfd, 0xb4, 0xfd, 0xf5, 0xfd, 0x36, 0xfe, 0x97, 0xfe, 0x55, 0xdf, 0xb3, 0xcf, 0xb4, 0xd7, 0xd4, 0xd7,
    0xd4, 0xd7, 0xd4, 0xd7, 0xd4, 0xdf, 0xd4, 0xdf, 0xd4, 0xd7, 0xd4, 0xd7, 0xf4, 0xd7, 0xeb, 0xb4, 0xa0, 0x98, 0xe0, 0xa0,
    0xe9, 0xb3, 0xf5, 0xe7, 0xf5, 0xdf, 0xd5, 0xdf, 0xd5, 0xdf, 0xf6, 0xe7, 0x71, 0xc6, 0xe1, 0x70, 0x48, 0x9b, 0xd5, 0xdf,
    0xd4, 0xd7, 0xd3, 0xcf, 0xb2, 0xc7, 0x32, 0xbf, 0xc2, 0x11, 0x07, 0x45, 0x09, 0x65, 0x60, 0x00, 0x00, 0x00, 0x60, 0x00,
    0xa1, 0x01, 0xc2, 0x02, 0x40, 0x01, 0x49, 0x4a, 0xdf, 0xff, 0xde, 0xff, 0x91, 0x9e, 0x11, 0x8f, 0x32, 0x97, 0x31, 0x8f,
    0x11, 0x87, 0xf0, 0x7e, 0xcf, 0x6e, 0x10, 0x87, 0xcf, 0x86, 0x04, 0x5d, 0xf0, 0xf6, 0x33, 0xff, 0x54, 0xff, 0x54, 0xff,
    0x75, 0xff, 0xd3, 0xfe, 0xa6, 0xf1, 0x05, 0xf1, 0x46, 0xf1, 0x86, 0xf1, 0xe8, 0xf9, 0x0a, 0xfb, 0x8f, 0xfc, 0x74, 0xfe,
    0xb8, 0xff, 0xb8, 0xff, 0x97, 0xff, 0x97, 0xff, 0x97, 0xff, 0x97, 0xff, 0x98, 0xff, 0xb8, 0xff, 0xb8, 0xff, 0xb8, 0xff,
    0xb9, 0xff, 0x89, 0xfe, 0xa0, 0x41, 0x00, 0x00, 0x00, 0x00, 0x00, 0x00, 0x00, 0x00, 0x00, 0x00, 0x00, 0x00, 0x00, 0x00,
    0x00, 0x00, 0x00, 0x00, 0x00, 0x00, 0x00, 0x00, 0x00, 0x00, 0x00, 0x00, 0x00, 0x00, 0x00, 0x00, 0x00, 0x00, 0x00, 0x00,
    0x00, 0x00, 0x00, 0x00, 0x00, 0x00, 0x00, 0x00, 0x00, 0x00, 0x00, 0x00, 0x00, 0x00, 0x00, 0x00, 0x00, 0x00, 0x00, 0x00,
    0x00, 0x00, 0x00, 0x00, 0x00, 0x00, 0x00, 0x00, 0x00, 0x00, 0x00, 0x00, 0x00, 0x00, 0x00, 0x00, 0x00, 0x00, 0x00, 0x00,
    0x00, 0x00, 0x00, 0x00, 0x00, 0x00, 0x00, 0x00, 0x00, 0x00, 0x00, 0x00, 0x00, 0x00, 0x00, 0x00, 0x00, 0x00, 0x00, 0x00,
    0x00, 0x00, 0x00, 0x00, 0x00, 0x00, 0x00, 0x00, 0x00, 0x00, 0x00, 0x00, 0x22, 0xb4, 0x2f, 0xff, 0x98, 0xff, 0x97, 0xff,
    0x97, 0xff, 0x97, 0xff, 0x97, 0xff, 0x97, 0xff, 0x96, 0xff, 0x76, 0xff, 0x97, 0xff, 0xeb, 0xa5, 0x80, 0x65, 0x40, 0x7e,
    0x40, 0x7e, 0x41, 0x8e, 0x82, 0x9e, 0x02, 0x86, 0xc0, 0x6d, 0x40, 0x7e, 0x01, 0xa7, 0xc2, 0x96, 0x23, 0xb7, 0xe3, 0xae,
    0x42, 0x86, 0xc2, 0x9e, 0xe3, 0xa6, 0xa2, 0x96, 0x62, 0x75, 0x48, 0xb5, 0xa2, 0x2b, 0x83, 0x34, 0xe2, 0x23, 0xc2, 0x33,
    0xcf, 0xa6, 0xd4, 0xcf, 0x93, 0xc7, 0xb4, 0xc7, 0xb4, 0xc7, 0xd5, 0xd7, 0xd6, 0xdf, 0xd6, 0xd7, 0xd6, 0xd7, 0xd6, 0xdf,
    0xd7, 0xdf, 0xd6, 0xdf, 0xb4, 0xc7, 0x30, 0xa7, 0x6c, 0x6e, 0xa9, 0x45, 0x86, 0x1c, 0xc3, 0x1b, 0x8b, 0x86, 0xcc, 0x86,
    0x6b, 0x66, 0x2b, 0x56, 0x2c, 0x56, 0x6d, 0x66, 0xaf, 0x7e, 0x34, 0xde, 0xf5, 0xf5, 0xd4, 0xfd, 0xb4, 0xfd, 0x94, 0xfd,
    0x94, 0xfd, 0xb4, 0xfd, 0xf5, 0xfd, 0x35, 0xfe, 0x76, 0xfe, 0xd6, 0xf6, 0x93, 0xcf, 0xb3, 0xcf, 0xb3, 0xcf, 0xb4, 0xd7,
    0xd4, 0xd7, 0xd4, 0xd7, 0xd4, 0xd7, 0xd4, 0xd7, 0xd4, 0xd7, 0xd4, 0xd7, 0xf4, 0xd7, 0x90, 0xce, 0x60, 0xa9, 0xc1, 0xd9,
    0x00, 0xa9, 0x27, 0x9b, 0x71, 0xce, 0x94, 0xdf, 0xb4, 0xdf, 0xf2, 0xce, 0xe7, 0x92, 0x00, 0x68, 0x20, 0x68, 0x71, 0xc6,
    0xf5, 0xdf, 0xd4, 0xdf, 0xd4, 0xd7, 0xf5, 0xdf, 0xeb, 0x6c, 0xa9, 0x55, 0x6c, 0x7f, 0x66, 0x2d, 0x65, 0x1c, 0xe4, 0x0b,
    0x62, 0x03, 0xc2, 0x02, 0xe2, 0x10, 0x7a, 0xd6, 0xff, 0xff, 0x38, 0xdf, 0xf0, 0x8e, 0x52, 0x9f, 0x31, 0x97, 0x11, 0x8f,
    0xf0, 0x86, 0xcf, 0x76, 0xaf, 0x6e, 0x11, 0x8f, 0x6d, 0x76, 0x25, 0x6d, 0x12, 0xff, 0x33, 0xff, 0x53, 0xff, 0x54, 0xff,
    0x54, 0xff, 0x75, 0xff, 0x72, 0xfe, 0xf2, 0xfd, 0x33, 0xfe, 0x73, 0xfe, 0x15, 0xff, 0x97, 0xff, 0xd7, 0xff, 0xb7, 0xff,
    0x97, 0xff, 0x97, 0xff, 0x97, 0xff, 0x97, 0xff, 0x97, 0xff, 0x97, 0xff, 0x97, 0xff, 0xb8, 0xff, 0xb8, 0xff, 0xb8, 0xff,
    0xb9, 0xff, 0x73, 0xff, 0x62, 0xbc, 0x00, 0x00, 0x00, 0x00, 0x00, 0x00, 0x00, 0x00, 0x00, 0x00, 0x00, 0x00, 0x00, 0x00,
    0x00, 0x00, 0x00, 0x00, 0x00, 0x00, 0x00, 0x00, 0x00, 0x00, 0x00, 0x00, 0x00, 0x00, 0x00, 0x00, 0x00, 0x00, 0x00, 0x00,
    0x00, 0x00, 0x00, 0x00, 0x00, 0x00, 0x00, 0x00, 0x00, 0x00, 0x00, 0x00, 0x00, 0x00, 0x00, 0x00, 0x00, 0x00, 0x00, 0x00,
    0x00, 0x00, 0x00, 0x00, 0x00, 0x00, 0x00, 0x00, 0x00, 0x00, 0x00, 0x00, 0x00, 0x00, 0x00, 0x00, 0x00, 0x00, 0x00, 0x00,
    0x00, 0x00, 0x00, 0x00, 0x00, 0x00, 0x00, 0x00, 0x00, 0x00, 0x00, 0x00, 0x00, 0x00, 0x00, 0x00, 0x00, 0x00, 0x00, 0x00,
    0x00, 0x00, 0x00, 0x00, 0x00, 0x00, 0x00, 0x00, 0x00, 0x00, 0x40, 0x31, 0x26, 0xf6, 0x96, 0xff, 0x97, 0xff, 0x97, 0xff,
    0x97, 0xff, 0x97, 0xff, 0x97, 0xff, 0x96, 0xff, 0x76, 0xff, 0x76, 0xff, 0x76, 0xff, 0x6f, 0xc6, 0xc0, 0x4c, 0xc0, 0x6d,
    0x20, 0x76, 0x61, 0x86, 0x81, 0x8e, 0xe3, 0xa6, 0x63, 0x8e, 0x20, 0x4d, 0x20, 0x7e, 0x61, 0x86, 0xc2, 0x9e, 0xc2, 0xa6,
    0x42, 0x86, 0xa2, 0x9e, 0xa2, 0x9e, 0x62, 0x96, 0xe1, 0x6d, 0x61, 0x4c, 0xc2, 0x23, 0x03, 0x2c, 0x61, 0x23, 0x6d, 0x96,
    0xb3, 0xc7, 0x72, 0xb7, 0x93, 0xbf, 0xb4, 0xc7, 0xd5, 0xcf, 0xd7, 0xdf, 0xd7, 0xdf, 0xd6, 0xd7, 0xd6, 0xdf, 0xd8, 0xe7,
    0xd8, 0xef, 0xd8, 0xef, 0xd6, 0xdf, 0x72, 0xbf, 0xee, 0x96, 0x2b, 0x5e, 0x48, 0x35, 0x83, 0x0b, 0x27, 0x4d, 0xed, 0x96,
    0x8c, 0x76, 0x2b, 0x56, 0x2c, 0x4e, 0x4c, 0x5e, 0xae, 0x6e, 0xb0, 0x8e, 0x34, 0xde, 0xf5, 0xf5, 0xf4, 0xfd, 0xf5, 0xfd,
    0xf4, 0xfd, 0xf5, 0xfd, 0x35, 0xfe, 0x76, 0xfe, 0x97, 0xfe, 0x54, 0xdf, 0xb2, 0xc7, 0xb3, 0xc7, 0xb3, 0xcf, 0xb3, 0xcf,
    0xb4, 0xcf, 0xb4, 0xd7, 0xb4, 0xd7, 0xd4, 0xd7, 0xd4, 0xd7, 0xd4, 0xd7, 0xd3, 0xd7, 0xf4, 0xd7, 0x6a, 0xc4, 0x40, 0xc9,
    0xe2, 0xd9, 0x41, 0xc1, 0x41, 0xb1, 0x03, 0xaa, 0x03, 0x9a, 0x01, 0x91, 0x00, 0x78, 0x42, 0x79, 0xe7, 0x82, 0xd2, 0xc6,
    0xf5, 0xdf, 0xd5, 0xdf, 0xd4, 0xdf, 0xd4, 0xdf, 0xb5, 0xdf, 0x0a, 0x54, 0xc3, 0x0b, 0x27, 0x36, 0x48, 0x2e, 0x84, 0x0c,
    0xa0, 0x01, 0x23, 0x19, 0xb7, 0xbd, 0xff, 0xff, 0xbb, 0xf7, 0x53, 0xb7, 0x73, 0xaf, 0x72, 0xa7, 0x52, 0x9f, 0x31, 0x8f,
    0xf0, 0x86, 0xcf, 0x76, 0xaf, 0x6e, 0x31, 0x8f, 0xea, 0x65, 0x82, 0x4c, 0x4b, 0xc6, 0x33, 0xff, 0x53, 0xff, 0x53, 0xff,
    0x54, 0xff, 0x55, 0xff, 0x95, 0xff, 0x96, 0xff, 0xb6, 0xff, 0xb6, 0xff, 0x96, 0xff, 0x97, 0xff, 0x97, 0xff, 0x97, 0xff,
    0x98, 0xff, 0xb8, 0xff, 0xb8, 0xff, 0xb8, 0xff, 0xb8, 0xff, 0xb8, 0xff, 0x97, 0xff, 0x98, 0xff, 0xb8, 0xff, 0xb8, 0xff,
    0xb8, 0xff, 0xb9, 0xff, 0x68, 0xfe, 0x80, 0x41, 0x00, 0x00, 0x00, 0x00, 0x00, 0x00, 0x00, 0x00, 0x00, 0x00, 0x00, 0x00,
    0x00, 0x00, 0x00, 0x00, 0x00, 0x00, 0x00, 0x00, 0x00, 0x00, 0x00, 0x00, 0x00, 0x00, 0x00, 0x00, 0x00, 0x00, 0x00, 0x00,
    0x00, 0x00, 0x00, 0x00, 0x00, 0x00, 0x00, 0x00, 0x00, 0x00, 0x00, 0x00, 0x00, 0x00, 0x00, 0x00, 0x00, 0x00, 0x00, 0x00,
    0x00, 0x00, 0x00, 0x00, 0x00, 0x00, 0x00, 0x00, 0x00, 0x00, 0x00, 0x00, 0x00, 0x00, 0x00, 0x00, 0x00, 0x00, 0x00, 0x00,
    0x00, 0x00, 0x00, 0x00, 0x00, 0x00, 0x00, 0x00, 0x00, 0x00, 0x00, 0x00, 0x00, 0x00, 0x00, 0x00, 0x00, 0x00, 0x00, 0x00,
    0x00, 0x00, 0x00, 0x00, 0x00, 0x00, 0x00, 0x00, 0x00, 0x00, 0xc2, 0xa3, 0x0f, 0xff, 0x98, 0xff, 0x97, 0xff, 0x97, 0xff,
    0x97, 0xff, 0x96, 0xff, 0x96, 0xff, 0x76, 0xff, 0x76, 0xff, 0x76, 0xff, 0x75, 0xff, 0x34, 0xf7, 0xa3, 0x64, 0x60, 0x5d,
    0xe1, 0x6d, 0x61, 0x7e, 0x81, 0x86, 0xa2, 0x96, 0xc2, 0x9e, 0x22, 0x8e, 0x40, 0x55, 0xc0, 0x5d, 0x81, 0x86, 0x81, 0x96,
    0xe1, 0x75, 0x62, 0x8e, 0x82, 0x96, 0x21, 0x7e, 0xe1, 0x6d, 0x60, 0x4d, 0x60, 0x1b, 0x40, 0x1b, 0x89, 0x75, 0x92, 0xb7,
    0x51, 0xaf, 0x72, 0xaf, 0x93, 0xbf, 0xd4, 0xc7, 0xd5, 0xd7, 0xb5, 0xcf, 0xb4, 0xcf, 0xd5, 0xd7, 0xd7, 0xe7, 0xd8, 0xef,
    0xd9, 0xef, 0xd9, 0xef, 0xd8, 0xef, 0xb4, 0xcf, 0x51, 0xaf, 0xad, 0x7e, 0xa9, 0x3d, 0x45, 0x14, 0xe3, 0x13, 0x8b, 0x7e,
    0xcc, 0x86, 0x6c, 0x66, 0x2b, 0x56, 0x2c, 0x56, 0x6d, 0x5e, 0xae, 0x6e, 0xaf, 0x86, 0x92, 0xbe, 0x54, 0xe6, 0x35, 0xfe,
    0x36, 0xfe, 0x56, 0xfe, 0x76, 0xfe, 0xb6, 0xf6, 0x34, 0xd7, 0x92, 0xbf, 0x92, 0xbf, 0x92, 0xc7, 0x92, 0xc7, 0xb3, 0xc7,
    0xb3, 0xcf, 0xb3, 0xcf, 0xb3, 0xcf, 0xb3, 0xcf, 0xb3, 0xd7, 0xb3, 0xd7, 0xd3, 0xd7, 0xd3, 0xcf, 0xb4, 0xd7, 0x49, 0xc4,
    0xe2, 0xd1, 0x65, 0xea, 0x65, 0xea, 0x80, 0xc9, 0xe0, 0xb0, 0x80, 0x98, 0x04, 0x92, 0x91, 0xc6, 0xf5, 0xdf, 0xd4, 0xdf,
    0xd4, 0xdf, 0xd5, 0xdf, 0xd5, 0xdf, 0xd4, 0xdf, 0xf5, 0xdf, 0x95, 0xd7, 0xee, 0x84, 0xc9, 0x3b, 0x67, 0x2b, 0xa8, 0x3a,
    0xcf, 0x7b, 0xfb, 0xde, 0xff, 0xff, 0xdb, 0xe7, 0xb5, 0xc7, 0xb3, 0xbf, 0x93, 0xb7, 0x73, 0xaf, 0x52, 0xa7, 0x31, 0x97,
    0xf0, 0x86, 0xaf, 0x6e, 0xcf, 0x76, 0x11, 0x8f, 0x67, 0x4d, 0x41, 0x5d, 0xc1, 0x7d, 0x27, 0xa6, 0x32, 0xf7, 0x54, 0xff,
    0x54, 0xff, 0x55, 0xff, 0x55, 0xff, 0x75, 0xff, 0x75, 0xff, 0x76, 0xff, 0x76, 0xff, 0x97, 0xff, 0x98, 0xff, 0x97, 0xff,
    0x75, 0xef, 0x52, 0xe7, 0x30, 0xdf, 0x30, 0xdf, 0x31, 0xdf, 0x74, 0xef, 0xb8, 0xff, 0xb8, 0xff, 0xb8, 0xff, 0xb8, 0xff,
    0xb8, 0xff, 0xda, 0xff, 0x72, 0xff, 0x22, 0xac, 0x00, 0x00, 0x00, 0x00, 0x00, 0x00, 0x00, 0x00, 0x00, 0x00, 0x00, 0x00,
    0x00, 0x00, 0x00, 0x00, 0x00, 0x00, 0x00, 0x00, 0x00, 0x00, 0x00, 0x00, 0x00, 0x00, 0x00, 0x00, 0x00, 0x00, 0x00, 0x00,
    0x00, 0x00, 0x00, 0x00, 0x00, 0x00, 0x00, 0x00, 0x00, 0x00, 0x00, 0x00, 0x00, 0x00, 0x00, 0x00, 0x00, 0x00, 0x00, 0x00,
    0x00, 0x00, 0x00, 0x00, 0x00, 0x00, 0x00, 0x00, 0x00, 0x00, 0x00, 0x00, 0x00, 0x00, 0x00, 0x00, 0x00, 0x00, 0x00, 0x00,
    0x00, 0x00, 0x00, 0x00, 0x00, 0x00, 0x00, 0x00, 0x00, 0x00, 0x00, 0x00, 0x00, 0x00, 0x00, 0x00, 0x00, 0x00, 0x00, 0x00,
    0x00, 0x00, 0x00, 0x00, 0x00, 0x00, 0x00, 0x00, 0x00, 0x29, 0x06, 0xf6, 0x75, 0xff, 0x97, 0xff, 0x97, 0xff, 0x97, 0xff,
    0x96, 0xff, 0x96, 0xff, 0x96, 0xff, 0x76, 0xff, 0x76, 0xff, 0x75, 0xff, 0x75, 0xff, 0x54, 0xff, 0x47, 0x95, 0xe0, 0x4c,
    0x81, 0x4d, 0xe1, 0x5d, 0xe1, 0x65, 0xe2, 0x6d, 0x01, 0x6e, 0x01, 0x6e, 0xe1, 0x65, 0xe0, 0x34, 0x60, 0x55, 0x21, 0x76,
    0xc1, 0x5d, 0x41, 0x7e, 0x61, 0x8e, 0x01, 0x76, 0x80, 0x55, 0x40, 0x4d, 0x40, 0x1b, 0x65, 0x44, 0x51, 0xaf, 0x51, 0xa7,
    0x31, 0x9f, 0x72, 0xaf, 0x93, 0xb7, 0xb4, 0xc7, 0xb4, 0xc7, 0xb4, 0xc7, 0xb4, 0xcf, 0xd5, 0xdf, 0xd7, 0xe7, 0xd8, 0xef,
    0xd8, 0xef, 0xd8, 0xef, 0xd8, 0xef, 0xd6, 0xdf, 0x93, 0xc7, 0x0f, 0x9f, 0x0a, 0x56, 0x48, 0x25, 0xe4, 0x0b, 0xa6, 0x3c,
    0xcc, 0x8e, 0x8c, 0x7e, 0x4b, 0x5e, 0x2c, 0x56, 0x4c, 0x56, 0x6d, 0x5e, 0xae, 0x6e, 0xef, 0x7e, 0xf0, 0x8e, 0xd1, 0xae,
    0xd2, 0xc6, 0xf3, 0xc6, 0x13, 0xbf, 0x52, 0xb7, 0x71, 0xb7, 0x72, 0xbf, 0x92, 0xbf, 0x92, 0xbf, 0x92, 0xc7, 0xb2, 0xc7,
    0xb2, 0xc7, 0xb2, 0xc7, 0xb3, 0xcf, 0xb3, 0xcf, 0xb3, 0xcf, 0xb3, 0xcf, 0xb3, 0xcf, 0xb2, 0xcf, 0xb2, 0xc7, 0xf5, 0xd7,
    0x70, 0xd6, 0x49, 0xd4, 0x26, 0xcb, 0xc5, 0xc2, 0x68, 0xbb, 0x4e, 0xc5, 0x93, 0xd7, 0xf4, 0xdf, 0xd3, 0xd7, 0xd4, 0xd7,
    0xd4, 0xdf, 0xd4, 0xdf, 0xd4, 0xdf, 0xd4, 0xdf, 0xd4, 0xd7, 0xd4, 0xd7, 0xf6, 0xdf, 0xb7, 0xdf, 0x57, 0xd7, 0x9b, 0xef,
    0xde, 0xff, 0x7b, 0xff, 0x17, 0xef, 0x55, 0xdf, 0x75, 0xd7, 0x94, 0xc7, 0x94, 0xbf, 0x73, 0xb7, 0x72, 0xa7, 0x31, 0x97,
    0xf0, 0x86, 0xaf, 0x6e, 0xcf, 0x76, 0xf0, 0x86, 0xc4, 0x34, 0x02, 0x7e, 0xa4, 0xa6, 0x83, 0xa6, 0x05, 0x9e, 0x11, 0xef,
    0x54, 0xff, 0x54, 0xff, 0x75, 0xff, 0x75, 0xff, 0x75, 0xff, 0x96, 0xff, 0x76, 0xff, 0x12, 0xe7, 0xac, 0xc6, 0xa7, 0xb6,
    0xe5, 0xb6, 0x05, 0xbf, 0x27, 0xc7, 0x47, 0xcf, 0x27, 0xc7, 0xc5, 0xb6, 0xec, 0xce, 0xb8, 0xff, 0xb8, 0xff, 0xb8, 0xff,
    0xb8, 0xff, 0xb8, 0xff, 0xd9, 0xff, 0x28, 0xf6, 0x00, 0x29, 0x00, 0x00, 0x00, 0x00, 0x00, 0x00, 0x00, 0x00, 0x00, 0x00,
    0x00, 0x00, 0x00, 0x00, 0x00, 0x00, 0x00, 0x00, 0x00, 0x00, 0x00, 0x00, 0x00, 0x00, 0x00, 0x00, 0x00, 0x00, 0x00, 0x00,
    0x00, 0x00, 0x00, 0x00, 0x00, 0x00, 0x00, 0x00, 0x00, 0x00, 0x00, 0x00, 0x00, 0x00, 0x00, 0x00, 0x00, 0x00, 0x00, 0x00,
    0x00, 0x00, 0x00, 0x00, 0x00, 0x00, 0x00, 0x00, 0x00, 0x00, 0x00, 0x00, 0x00, 0x00, 0x00, 0x00, 0x00, 0x00, 0x00, 0x00,
    0x00, 0x00, 0x00, 0x00, 0x00, 0x00, 0x00, 0x00, 0x00, 0x00, 0x00, 0x00, 0x00, 0x00, 0x00, 0x00, 0x00, 0x00, 0x00, 0x00,
    0x00, 0x00, 0x00, 0x00, 0x00, 0x00, 0x00, 0x00, 0x41, 0x8b, 0x0d, 0xff, 0x98, 0xff, 0x97, 0xff, 0x97, 0xff, 0x97, 0xff,
    0x97, 0xff, 0x96, 0xff, 0x76, 0xff, 0x76, 0xff, 0x76, 0xff, 0x75, 0xff, 0x55, 0xff, 0x33, 0xff, 0x4d, 0xde, 0xa1, 0x4c,
    0xa1, 0x55, 0xa1, 0x4d, 0xe2, 0x65, 0x02, 0x76, 0x42, 0x7e, 0x62, 0x86, 0x22, 0x7e, 0x61, 0x65, 0x80, 0x3c, 0x60, 0x4d,
    0xa0, 0x4d, 0x01, 0x6e, 0x01, 0x76, 0xc1, 0x5d, 0x20, 0x45, 0x40, 0x34, 0x41, 0x1b, 0x8d, 0x8e, 0x71, 0xaf, 0x10, 0x97,
    0x31, 0x97, 0x51, 0xa7, 0x72, 0xaf, 0x93, 0xbf, 0xb3, 0xbf, 0xb4, 0xc7, 0xd5, 0xd7, 0xd5, 0xdf, 0xd6, 0xe7, 0xd7, 0xe7,
    0xd8, 0xef, 0xd8, 0xef, 0xd7, 0xe7, 0xd6, 0xdf, 0xb4, 0xcf, 0x51, 0xaf, 0x8c, 0x7e, 0xc9, 0x3d, 0xa6, 0x1c, 0x42, 0x03,
    0xa9, 0x5d, 0xed, 0x8e, 0x8c, 0x76, 0x2b, 0x56, 0x2c, 0x56, 0x4c, 0x56, 0x6d, 0x5e, 0xae, 0x6e, 0xcf, 0x76, 0xef, 0x7e,
    0x10, 0x8f, 0x30, 0x97, 0x51, 0x9f, 0x51, 0xa7, 0x51, 0xaf, 0x71, 0xb7, 0x71, 0xb7, 0x71, 0xbf, 0x91, 0xbf, 0x92, 0xbf,
    0x92, 0xc7, 0x92, 0xc7, 0x92, 0xc7, 0x92, 0xc7, 0xb2, 0xc7, 0xb2, 0xc7, 0xb2, 0xcf, 0xb2, 0xcf, 0xb2, 0xc7, 0xb2, 0xc7,
    0xd2, 0xcf, 0xf4, 0xd7, 0xd3, 0xd7, 0xb3, 0xd7, 0xf4, 0xd7, 0xf4, 0xd7, 0xd3, 0xd7, 0xd3, 0xd7, 0xd3, 0xd7, 0xd4, 0xd7,
    0xd4, 0xd7, 0xd4, 0xd7, 0xd4, 0xd7, 0xd4, 0xd7, 0xd4, 0xd7, 0xd3, 0xd7, 0xb3, 0xcf, 0xb2, 0xc7, 0x33, 0xd7, 0xb6, 0xf6,
    0x97, 0xfe, 0x76, 0xfe, 0x36, 0xfe, 0x76, 0xfe, 0xb7, 0xfe, 0xf7, 0xf6, 0x54, 0xcf, 0x73, 0xaf, 0x52, 0xa7, 0x31, 0x97,
    0xf0, 0x7e, 0xcf, 0x76, 0x11, 0x87, 0x4d, 0x6e, 0x41, 0x34, 0xe2, 0x7d, 0x62, 0x8e, 0x05, 0xb7, 0xa3, 0xa6, 0x05, 0x96,
    0x33, 0xf7, 0x54, 0xff, 0x55, 0xff, 0x76, 0xff, 0x76, 0xff, 0xd0, 0xd6, 0x47, 0xa6, 0x63, 0xa6, 0xe4, 0xb6, 0x46, 0xc7,
    0x66, 0xcf, 0x45, 0xcf, 0x46, 0xc7, 0x46, 0xc7, 0x46, 0xc7, 0x89, 0xd7, 0x64, 0xa6, 0x54, 0xef, 0xb8, 0xff, 0xb8, 0xff,
    0xb8, 0xff, 0xb8, 0xff, 0xda, 0xff, 0x50, 0xff, 0x41, 0x8b, 0x00, 0x00, 0x00, 0x00, 0x00, 0x00, 0x00, 0x00, 0x00, 0x00,
    0x00, 0x00, 0x00, 0x00, 0x00, 0x00, 0x00, 0x00, 0x00, 0x00, 0x00, 0x00, 0x00, 0x00, 0x00, 0x00, 0x00, 0x00, 0x00, 0x00,
    0x00, 0x00, 0x00, 0x00, 0x00, 0x00, 0x00, 0x00, 0x00, 0x00, 0x00, 0x00, 0x00, 0x00, 0x00, 0x00, 0x00, 0x00, 0x00, 0x00,
    0x00, 0x00, 0x00, 0x00, 0x00, 0x00, 0x00, 0x00, 0x00, 0x00, 0x00, 0x00, 0x00, 0x00, 0x00, 0x00, 0x00, 0x00, 0x00, 0x00,
    0x00, 0x00, 0x00, 0x00, 0x00, 0x00, 0x00, 0x00, 0x00, 0x00, 0x00, 0x00, 0x00, 0x00, 0x00, 0x00, 0x00, 0x00, 0x00, 0x00,
    0x00, 0x00, 0x00, 0x00, 0x00, 0x00, 0x80, 0x18, 0x84, 0xe5, 0x74, 0xff, 0x97, 0xff, 0x97, 0xff, 0x97, 0xff, 0x97, 0xff,
    0x96, 0xff, 0x97, 0xff, 0x97, 0xff, 0x97, 0xff, 0x76, 0xff, 0x54, 0xf7, 0x33, 0xf7, 0x12, 0xf7, 0xf1, 0xfe, 0x27, 0x95,
    0xa0, 0x3c, 0x41, 0x45, 0x82, 0x4d, 0xe2, 0x5d, 0x02, 0x66, 0x22, 0x76, 0xe2, 0x6d, 0xc2, 0x6d, 0xc1, 0x65, 0xe0, 0x2c,
    0x00, 0x35, 0x80, 0x55, 0x60, 0x55, 0x40, 0x4d, 0xe0, 0x3c, 0x80, 0x23, 0xa6, 0x44, 0x50, 0x9f, 0x10, 0x97, 0xef, 0x86,
    0x30, 0x97, 0x52, 0xa7, 0x72, 0xaf, 0x93, 0xbf, 0xb3, 0xbf, 0xb4, 0xc7, 0xd5, 0xd7, 0xd5, 0xd7, 0xd5, 0xdf, 0xd6, 0xdf,
    0xd6, 0xe7, 0xd7, 0xe7, 0xd6, 0xdf, 0xd6, 0xd7, 0xb5, 0xcf, 0x72, 0xbf, 0x0f, 0x9f, 0x2b, 0x5e, 0x28, 0x2d, 0x05, 0x0c,
    0xe3, 0x13, 0x4b, 0x76, 0xac, 0x86, 0x6c, 0x6e, 0x2b, 0x56, 0x2c, 0x56, 0x4c, 0x56, 0x6d, 0x5e, 0xae, 0x6e, 0xcf, 0x76,
    0xef, 0x7e, 0x10, 0x8f, 0x30, 0x97, 0x30, 0x9f, 0x50, 0xa7, 0x51, 0xaf, 0x71, 0xaf, 0x71, 0xb7, 0x71, 0xb7, 0x71, 0xbf,
    0x91, 0xbf, 0x91, 0xbf, 0x91, 0xbf, 0x92, 0xbf, 0x92, 0xc7, 0x92, 0xc7, 0xb2, 0xc7, 0xb2, 0xc7, 0xb2, 0xc7, 0xb2, 0xc7,
    0xb1, 0xc7, 0xb1, 0xc7, 0xb1, 0xc7, 0xb1, 0xc7, 0xb1, 0xc7, 0xb2, 0xcf, 0xb3, 0xcf, 0xb3, 0xd7, 0xb3, 0xd7, 0xb3, 0xd7,
    0xd3, 0xd7, 0xb3, 0xd7, 0xb3, 0xd7, 0xb3, 0xcf, 0xb3, 0xcf, 0xb3, 0xcf, 0xb3, 0xc7, 0x34, 0xdf, 0x77, 0xfe, 0x36, 0xfe,
    0xf5, 0xfd, 0xf5, 0xfd, 0x57, 0xfe, 0x15, 0xfe, 0x35, 0xfe, 0x56, 0xfe, 0xb6, 0xfe, 0x33, 0xbf, 0x52, 0x9f, 0x11, 0x97,
    0xf0, 0x7e, 0xf0, 0x7e, 0x31, 0x8f, 0x48, 0x4d, 0x80, 0x3c, 0xe2, 0x7d, 0x22, 0x86, 0xe4, 0xae, 0x05, 0xb7, 0x42, 0x96,
    0x28, 0xa6, 0x54, 0xff, 0x75, 0xff, 0x13, 0xef, 0x08, 0x9e, 0x02, 0x8e, 0xc3, 0xae, 0x25, 0xbf, 0x03, 0xb7, 0x24, 0xbf,
    0x03, 0xbf, 0xe2, 0xae, 0x02, 0xb7, 0xa2, 0x9e, 0xa2, 0x9e, 0x67, 0xcf, 0xa5, 0xae, 0x10, 0xd7, 0xb8, 0xff, 0xb8, 0xff,
    0xb8, 0xff, 0xb8, 0xff, 0xb9, 0xff, 0x97, 0xff, 0xa5, 0xe5, 0x80, 0x10, 0x00, 0x00, 0x00, 0x00, 0x00, 0x00, 0x00, 0x00,
    0x00, 0x00, 0x00, 0x00, 0x00, 0x00, 0x00, 0x00, 0x00, 0x00, 0x00, 0x00, 0x00, 0x00, 0x00, 0x00, 0x00, 0x00, 0x00, 0x00,
    0x00, 0x00, 0x00, 0x00, 0x00, 0x00, 0x00, 0x00, 0x00, 0x00, 0x00, 0x00, 0x00, 0x00, 0x00, 0x00, 0x00, 0x00, 0x00, 0x00,
    0x00, 0x00, 0x00, 0x00, 0x00, 0x00, 0x00, 0x00, 0x00, 0x00, 0x00, 0x00, 0x00, 0x00, 0x00, 0x00, 0x00, 0x00, 0x00, 0x00,
    0x00, 0x00, 0x00, 0x00, 0x00, 0x00, 0x00, 0x00, 0x00, 0x00, 0x00, 0x00, 0x00, 0x00, 0x00, 0x00, 0x00, 0x00, 0x00, 0x00,
    0x00, 0x00, 0x00, 0x00, 0x00, 0x00, 0x61, 0x62, 0xaa, 0xfe, 0x97, 0xff, 0x97, 0xff, 0x97, 0xff, 0x97, 0xff, 0xb7, 0xff,
    0x97, 0xff, 0x34, 0xef, 0xae, 0xc6, 0x6a, 0xb6, 0x46, 0xa6, 0x25, 0xa6, 0x45, 0x9e, 0x04, 0x96, 0x44, 0x7d, 0x63, 0x6c,
    0xe0, 0x1a, 0x20, 0x24, 0x01, 0x35, 0x82, 0x45, 0xc2, 0x55, 0xa2, 0x55, 0x81, 0x55, 0x81, 0x4d, 0xc1, 0x4d, 0x20, 0x35,
    0xe0, 0x13, 0xa0, 0x3c, 0xc0, 0x3c, 0xc0, 0x34, 0x60, 0x2c, 0xe1, 0x23, 0x4c, 0x76, 0x30, 0x9f, 0xef, 0x86, 0xef, 0x86,
    0x10, 0x8f, 0x52, 0x9f, 0x73, 0xb7, 0x93, 0xbf, 0xb3, 0xc7, 0xb4, 0xc7, 0xb4, 0xcf, 0xd5, 0xd7, 0xd5, 0xd7, 0xd5, 0xd7,
    0xd5, 0xdf, 0xd6, 0xdf, 0xd6, 0xd7, 0xd5, 0xd7, 0xb5, 0xd7, 0x93, 0xc7, 0x50, 0xaf, 0x8d, 0x7e, 0xc9, 0x4d, 0x28, 0x25,
    0xe4, 0x0b, 0xc3, 0x1b, 0x4b, 0x7e, 0xcd, 0x86, 0x6c, 0x6e, 0x2b, 0x56, 0x0b, 0x4e, 0x2c, 0x4e, 0x4d, 0x5e, 0x8e, 0x6e,
    0xaf, 0x76, 0xcf, 0x7e, 0xef, 0x86, 0x30, 0x97, 0x30, 0x9f, 0x30, 0x9f, 0x50, 0xa7, 0x50, 0xaf, 0x50, 0xaf, 0x70, 0xaf,
    0x70, 0xb7, 0x71, 0xb7, 0x71, 0xbf, 0x71, 0xbf, 0x91, 0xbf, 0x91, 0xbf, 0x92, 0xbf, 0x92, 0xc7, 0x92, 0xc7, 0xb2, 0xc7,
    0xb2, 0xc7, 0xb2, 0xc7, 0xb2, 0xc7, 0xb2, 0xc7, 0xb2, 0xc7, 0xb2, 0xcf, 0xb2, 0xcf, 0xb3, 0xcf, 0xb3, 0xcf, 0xb3, 0xcf,
    0xb3, 0xcf, 0xb3, 0xcf, 0xb3, 0xcf, 0xb3, 0xcf, 0xb3, 0xc7, 0xb3, 0xc7, 0x93, 0xcf, 0xb6, 0xfe, 0x56, 0xfe, 0xf5, 0xfd,
    0x93, 0xfd, 0x93, 0xfd, 0xfa, 0xfe, 0x36, 0xfe, 0xb4, 0xfd, 0x15, 0xfe, 0x56, 0xfe, 0xb5, 0xe6, 0x31, 0x9f, 0x10, 0x8f,
    0xd0, 0x7e, 0x10, 0x87, 0xd0, 0x86, 0x42, 0x2c, 0x40, 0x5d, 0xc1, 0x75, 0x23, 0x8e, 0xc4, 0xae, 0xa3, 0x9e, 0x83, 0x96,
    0x81, 0x6d, 0x6e, 0xce, 0x90, 0xd6, 0x03, 0x65, 0x01, 0x86, 0xc3, 0xa6, 0xc3, 0x9e, 0xa2, 0x9e, 0xe2, 0xae, 0x04, 0xb7,
    0xc2, 0xa6, 0xe2, 0xae, 0xa2, 0x96, 0x41, 0x8e, 0xe3, 0xb6, 0x46, 0xc7, 0xc5, 0xae, 0xce, 0xc6, 0xb9, 0xff, 0xb8, 0xff,
    0xb8, 0xff, 0xb8, 0xff, 0xb8, 0xff, 0xda, 0xff, 0xcb, 0xfe, 0x41, 0x5a, 0x00, 0x00, 0x00, 0x00, 0x00, 0x00, 0x00, 0x00,
    0x00, 0x00, 0x00, 0x00, 0x00, 0x00, 0x00, 0x00, 0x00, 0x00, 0x00, 0x00, 0x00, 0x00, 0x00, 0x00, 0x00, 0x00, 0x00, 0x00,
    0x00, 0x00, 0x00, 0x00, 0x00, 0x00, 0x00, 0x00, 0x00, 0x00, 0x00, 0x00, 0x00, 0x00, 0x00, 0x00, 0x00, 0x00, 0x00, 0x00,
    0x00, 0x00, 0x00, 0x00, 0x00, 0x00, 0x00, 0x00, 0x00, 0x00, 0x00, 0x00, 0x00, 0x00, 0x00, 0x00, 0x00, 0x00, 0x00, 0x00,
    0x00, 0x00, 0x00, 0x00, 0x00, 0x00, 0x00, 0x00, 0x00, 0x00, 0x00, 0x00, 0x00, 0x00, 0x00, 0x00, 0x00, 0x00, 0x00, 0x00,
    0x00, 0x00, 0x00, 0x00, 0x00, 0x00, 0x83, 0xbc, 0x51, 0xff, 0x97, 0xff, 0x97, 0xff, 0x97, 0xff, 0xb8, 0xff, 0xf2, 0xde,
    0x29, 0xa6, 0x24, 0x96, 0x83, 0xa6, 0xc4, 0xb6, 0x25, 0xc7, 0x67, 0xcf, 0x47, 0xc7, 0x46, 0xc7, 0xe4, 0xae, 0x42, 0x8e,
    0x41, 0x65, 0x61, 0x44, 0x00, 0x24, 0x41, 0x24, 0xe1, 0x3c, 0x62, 0x4d, 0xc2, 0x55, 0xc2, 0x55, 0xa1, 0x4d, 0x61, 0x45,
    0x20, 0x24, 0xa0, 0x1b, 0xa0, 0x34, 0x60, 0x2c, 0xe0, 0x23, 0xc5, 0x34, 0xef, 0x8e, 0xef, 0x86, 0xcf, 0x7e, 0xef, 0x7e,
    0x10, 0x87, 0x31, 0x97, 0x72, 0xaf, 0x93, 0xb7, 0xb3, 0xbf, 0xb4, 0xc7, 0xb4, 0xcf, 0xb4, 0xcf, 0xb5, 0xcf, 0xd5, 0xd7,
    0xd5, 0xd7, 0xd5, 0xd7, 0xd5, 0xd7, 0xd5, 0xd7, 0xf5, 0xd7, 0xd4, 0xcf, 0x72, 0xb7, 0xee, 0x96, 0x4b, 0x6e, 0xa9, 0x3d,
    0xa7, 0x1c, 0x63, 0x03, 0x04, 0x24, 0x8c, 0x7e, 0xcd, 0x7e, 0x4c, 0x66, 0x0b, 0x4e, 0xeb, 0x45, 0x2c, 0x4e, 0x4d, 0x5e,
    0x8e, 0x66, 0xae, 0x76, 0xce, 0x7e, 0xef, 0x86, 0x0f, 0x8f, 0x0f, 0x97, 0x2f, 0x9f, 0x2f, 0xa7, 0x4f, 0xa7, 0x4f, 0xa7,
    0x50, 0xaf, 0x70, 0xb7, 0x70, 0xb7, 0x70, 0xb7, 0x71, 0xb7, 0x71, 0xbf, 0x91, 0xbf, 0x91, 0xbf, 0x91, 0xbf, 0x92, 0xc7,
    0x92, 0xc7, 0x92, 0xc7, 0x91, 0xc7, 0xb1, 0xc7, 0xb2, 0xc7, 0xb2, 0xc7, 0xb2, 0xc7, 0xb2, 0xc7, 0xb2, 0xc7, 0xb2, 0xc7,
    0xb2, 0xc7, 0xb2, 0xc7, 0xb2, 0xc7, 0x92, 0xc7, 0x92, 0xc7, 0xb2, 0xbf, 0x34, 0xdf, 0x76, 0xfe, 0x15, 0xfe, 0xd4, 0xfd,
    0x93, 0xfd, 0x53, 0xfd, 0x73, 0xfd, 0x93, 0xfd, 0xb4, 0xfd, 0xf5, 0xfd, 0x36, 0xfe, 0x96, 0xf6, 0x12, 0x9f, 0xf0, 0x86,
    0xcf, 0x7e, 0x31, 0x8f, 0x8a, 0x5d, 0x00, 0x2c, 0xc1, 0x6d, 0x02, 0x76, 0x84, 0x9e, 0x43, 0x8e, 0x22, 0x7e, 0x02, 0x7e,
    0x61, 0x65, 0xc3, 0x64, 0xe2, 0x5c, 0x01, 0x76, 0x22, 0x7e, 0x42, 0x86, 0xa3, 0x9e, 0x82, 0x96, 0xa2, 0x9e, 0x81, 0x96,
    0x61, 0x8e, 0x41, 0x86, 0x42, 0x86, 0x03, 0xb7, 0x03, 0xb7, 0x04, 0xb7, 0xa4, 0xa6, 0xac, 0xbe, 0xb8, 0xff, 0x97, 0xff,
    0xb8, 0xff, 0xb8, 0xff, 0xb8, 0xff, 0xd9, 0xff, 0x73, 0xff, 0x82, 0xbc, 0x00, 0x00, 0x00, 0x00, 0x00, 0x00, 0x00, 0x00,
    0x00, 0x00, 0x00, 0x00, 0x00, 0x00, 0x00, 0x00, 0x00, 0x00, 0x00, 0x00, 0x00, 0x00, 0x00, 0x00, 0x00, 0x00, 0x00, 0x00,
    0x00, 0x00, 0x00, 0x00, 0x00, 0x00, 0x00, 0x00, 0x00, 0x00, 0x00, 0x00, 0x00, 0x00, 0x00, 0x00, 0x00, 0x00, 0x00, 0x00,
    0x00, 0x00, 0x00, 0x00, 0x00, 0x00, 0x00, 0x00, 0x00, 0x00, 0x00, 0x00, 0x00, 0x00, 0x00, 0x00, 0x00, 0x00, 0x00, 0x00,
    0x00, 0x00, 0x00, 0x00, 0x00, 0x00, 0x00, 0x00, 0x00, 0x00, 0x00, 0x00, 0x00, 0x00, 0x00, 0x00, 0x00, 0x00, 0x00, 0x00,
    0x00, 0x00, 0x00, 0x00, 0x20, 0x31, 0x27, 0xf6, 0x96, 0xff, 0x96, 0xff, 0x97, 0xff, 0x97, 0xff, 0x0b, 0xa6, 0x61, 0x75,
    0x61, 0x9e, 0x03, 0xb7, 0xa2, 0xa6, 0x81, 0x9e, 0x03, 0xbf, 0x46, 0xc7, 0xe4, 0xae, 0xa3, 0x9e, 0xe3, 0xa6, 0xa3, 0x9e,
    0x42, 0x7e, 0x22, 0x76, 0xe2, 0x65, 0x60, 0x3c, 0x60, 0x1b, 0x41, 0x2c, 0x42, 0x3d, 0x42, 0x3d, 0x02, 0x35, 0xe1, 0x34,
    0xa0, 0x2c, 0x22, 0x2c, 0x44, 0x3c, 0xa2, 0x33, 0xa0, 0x0a, 0xc7, 0x44, 0x30, 0x97, 0xce, 0x7e, 0xae, 0x6e, 0xcf, 0x76,
    0x10, 0x87, 0x31, 0x97, 0x52, 0xa7, 0x72, 0xaf, 0xb3, 0xbf, 0xb4, 0xc7, 0xb4, 0xc7, 0xb4, 0xc7, 0xb4, 0xcf, 0xb4, 0xcf,
    0xb4, 0xcf, 0xb5, 0xcf, 0xd5, 0xcf, 0xd5, 0xcf, 0x2d, 0x8e, 0x08, 0x5d, 0x8e, 0x96, 0x50, 0xa7, 0xad, 0x7e, 0xea, 0x55,
    0x48, 0x2d, 0xa7, 0x14, 0xa3, 0x03, 0xc4, 0x1b, 0x2a, 0x6e, 0x8c, 0x76, 0x2b, 0x5e, 0x0b, 0x4e, 0xeb, 0x4d, 0x0b, 0x4e,
    0x2c, 0x56, 0x6d, 0x5e, 0x8d, 0x6e, 0xad, 0x76, 0xce, 0x86, 0xee, 0x8e, 0x0e, 0x97, 0x0e, 0x97, 0x2e, 0x9f, 0x2f, 0xa7,
    0x2f, 0xa7, 0x4f, 0xa7, 0x4f, 0xaf, 0x50, 0xaf, 0x70, 0xb7, 0x70, 0xb7, 0x70, 0xb7, 0x70, 0xb7, 0x71, 0xbf, 0x91, 0xbf,
    0x91, 0xbf, 0x91, 0xbf, 0x91, 0xbf, 0x91, 0xbf, 0x91, 0xbf, 0x91, 0xbf, 0x91, 0xc7, 0x91, 0xc7, 0x92, 0xc7, 0x92, 0xc7,
    0x92, 0xc7, 0x92, 0xc7, 0x92, 0xbf, 0x92, 0xbf, 0x92, 0xbf, 0xb2, 0xbf, 0x14, 0xdf, 0x56, 0xfe, 0x15, 0xfe, 0xb4, 0xfd,
    0x93, 0xfd, 0x73, 0xfd, 0x53, 0xfd, 0x73, 0xfd, 0xb4, 0xfd, 0xd4, 0xfd, 0x15, 0xfe, 0x76, 0xf6, 0xd1, 0x96, 0xcf, 0x76,
    0xf0, 0x86, 0xf0, 0x8e, 0x03, 0x2c, 0x80, 0x44, 0xe1, 0x75, 0x22, 0x76, 0x23, 0x86, 0x82, 0x65, 0xc2, 0x6d, 0x81, 0x5d,
    0x00, 0x55, 0x20, 0x34, 0x61, 0x5d, 0x02, 0x6e, 0xe2, 0x65, 0x02, 0x76, 0x62, 0x8e, 0x41, 0x86, 0x61, 0x96, 0x21, 0x7e,
    0xc0, 0x65, 0xc1, 0x6d, 0xc2, 0xa6, 0x02, 0xb7, 0xe3, 0xae, 0xc3, 0xa6, 0x83, 0x9e, 0xad, 0xbe, 0xb8, 0xff, 0x97, 0xff,
    0x97, 0xff, 0x98, 0xff, 0xb8, 0xff, 0xb8, 0xff, 0xb8, 0xff, 0x26, 0xf6, 0x00, 0x29, 0x00, 0x00, 0x00, 0x00, 0x00, 0x00,
    0x00, 0x00, 0x00, 0x00, 0x00, 0x00, 0x00, 0x00, 0x00, 0x00, 0x00, 0x00, 0x00, 0x00, 0x00, 0x00, 0x00, 0x00, 0x00, 0x00,
    0x00, 0x00, 0x00, 0x00, 0x00, 0x00, 0x00, 0x00, 0x00, 0x00, 0x00, 0x00, 0x00, 0x00, 0x00, 0x00, 0x00, 0x00, 0x00, 0x00,
    0x00, 0x00, 0x00, 0x00, 0x00, 0x00, 0x00, 0x00, 0x00, 0x00, 0x00, 0x00, 0x00, 0x00, 0x00, 0x00, 0x00, 0x00, 0x00, 0x00,
    0x00, 0x00, 0x00, 0x00, 0x00, 0x00, 0x00, 0x00, 0x00, 0x00, 0x00, 0x00, 0x00, 0x00, 0x00, 0x00, 0x00, 0x00, 0x00, 0x00,
    0x00, 0x00, 0x00, 0x00, 0x41, 0x8b, 0x0d, 0xff, 0x97, 0xff, 0x97, 0xff, 0x97, 0xff, 0x4c, 0xae, 0xc0, 0x75, 0x20, 0x8e,
    0x00, 0x7e, 0x60, 0x8e, 0xa1, 0x9e, 0xa1, 0x96, 0xa2, 0x9e, 0x24, 0xbf, 0xe4, 0xb6, 0x62, 0x8e, 0x82, 0x8e, 0x83, 0x96,
    0x42, 0x7e, 0xe1, 0x5d, 0x83, 0x55, 0x65, 0x65, 0xa3, 0x4c, 0x80, 0x1b, 0x20, 0x1c, 0xc2, 0x2c, 0xa1, 0x2c, 0x41, 0x24,
    0xf0, 0x8d, 0x5b, 0xe7, 0x9d, 0xf7, 0x3b, 0xe7, 0x8e, 0x7c, 0xc9, 0x4c, 0x0f, 0x87, 0xae, 0x6e, 0x8e, 0x66, 0xae, 0x6e,
    0xf0, 0x7e, 0x31, 0x8f, 0x52, 0x9f, 0x72, 0xa7, 0x93, 0xb7, 0x93, 0xbf, 0xb3, 0xbf, 0xb4, 0xc7, 0xb4, 0xc7, 0xb4, 0xc7,
    0xb4, 0xc7, 0xb4, 0xc7, 0x93, 0xbf, 0x27, 0x5d, 0x40, 0x2c, 0xc0, 0x34, 0x01, 0x34, 0x0c, 0x7e, 0xce, 0x86, 0x4b, 0x66,
    0xa9, 0x45, 0x28, 0x2d, 0x66, 0x14, 0x02, 0x03, 0x63, 0x13, 0xc9, 0x5d, 0x8c, 0x76, 0x4b, 0x66, 0xea, 0x4d, 0xaa, 0x3d,
    0xca, 0x45, 0xea, 0x45, 0x2b, 0x56, 0x4b, 0x66, 0x8c, 0x6e, 0xad, 0x7e, 0xcd, 0x86, 0xcd, 0x8e, 0xed, 0x96, 0x0e, 0x97,
    0x0e, 0x9f, 0x0e, 0x9f, 0x2e, 0xa7, 0x2f, 0xa7, 0x4f, 0xa7, 0x4f, 0xaf, 0x4f, 0xaf, 0x4f, 0xaf, 0x50, 0xaf, 0x50, 0xb7,
    0x70, 0xb7, 0x70, 0xb7, 0x70, 0xb7, 0x70, 0xbf, 0x70, 0xbf, 0x71, 0xbf, 0x91, 0xbf, 0x91, 0xbf, 0x91, 0xbf, 0x91, 0xbf,
    0x91, 0xbf, 0x91, 0xbf, 0x91, 0xbf, 0x91, 0xbf, 0x91, 0xbf, 0x91, 0xb7, 0x34, 0xd7, 0x76, 0xfe, 0x15, 0xfe, 0xd4, 0xfd,
    0xb4, 0xfd, 0x93, 0xfd, 0x73, 0xfd, 0x93, 0xfd, 0xb4, 0xfd, 0xd4, 0xfd, 0x15, 0xfe, 0x55, 0xee, 0xaf, 0x7e, 0xaf, 0x6e,
    0x11, 0x8f, 0x8a, 0x5d, 0xa0, 0x23, 0xa0, 0x44, 0xc1, 0x75, 0xc2, 0x65, 0xc1, 0x65, 0xa1, 0x65, 0x23, 0x5d, 0x0c, 0x9e,
    0x71, 0xae, 0xeb, 0x85, 0xe1, 0x4c, 0x61, 0x55, 0xa2, 0x5d, 0xa1, 0x6d, 0xe1, 0x75, 0xc0, 0x6d, 0x01, 0x7e, 0xc0, 0x65,
    0x80, 0x5d, 0xa1, 0x9e, 0xc1, 0xa6, 0xc2, 0xa6, 0xc2, 0xa6, 0xc3, 0x9e, 0x42, 0x8e, 0xae, 0xbe, 0xb8, 0xff, 0x97, 0xff,
    0x97, 0xff, 0x97, 0xff, 0x97, 0xff, 0xb8, 0xff, 0xd9, 0xff, 0x0d, 0xff, 0xa1, 0x6a, 0x00, 0x00, 0x00, 0x00, 0x00, 0x00,
    0x00, 0x00, 0x00, 0x00, 0x00, 0x00, 0x00, 0x00, 0x00, 0x00, 0x00, 0x00, 0x00, 0x00, 0x00, 0x00, 0x00, 0x00, 0x00, 0x00,
    0x00, 0x00, 0x00, 0x00, 0x00, 0x00, 0x00, 0x00, 0x00, 0x00, 0x00, 0x00, 0x00, 0x00, 0x00, 0x00, 0x00, 0x00, 0x00, 0x00,
    0x00, 0x00, 0x00, 0x00, 0x00, 0x00, 0x00, 0x00, 0x00, 0x00, 0x00, 0x00, 0x00, 0x00, 0x00, 0x00, 0x00, 0x00, 0x00, 0x00,
    0x00, 0x00, 0x00, 0x00, 0x00, 0x00, 0x00, 0x00, 0x00, 0x00, 0x00, 0x00, 0x00, 0x00, 0x00, 0x00, 0x00, 0x00, 0x00, 0x00,
    0x00, 0x00, 0x40, 0x08, 0x23, 0xd5, 0x73, 0xff, 0x97, 0xff, 0x97, 0xff, 0x97, 0xff, 0x06, 0x75, 0xa0, 0x75, 0x21, 0x86,
    0xc1, 0x75, 0xc0, 0x6d, 0x40, 0x7e, 0xa1, 0x96, 0x21, 0x86, 0x21, 0x8e, 0xa2, 0xa6, 0x82, 0x8e, 0xc1, 0x5d, 0x22, 0x76,
    0xe1, 0x6d, 0x6d, 0x96, 0x7a, 0xdf, 0xbd, 0xf7, 0x9c, 0xef, 0x94, 0xb6, 0xe4, 0x2b, 0x80, 0x13, 0x01, 0x1c, 0x32, 0xa6,
    0xff, 0xff, 0xfe, 0xff, 0xfd, 0xff, 0xfe, 0xff, 0xff, 0xff, 0xf4, 0xae, 0xae, 0x76, 0x8e, 0x66, 0x8e, 0x5e, 0xae, 0x66,
    0xcf, 0x76, 0x10, 0x87, 0x31, 0x97, 0x52, 0x9f, 0x72, 0xa7, 0x93, 0xb7, 0x93, 0xbf, 0x93, 0xbf, 0x93, 0xbf, 0xb3, 0xbf,
    0xb3, 0xbf, 0x93, 0xbf, 0x28, 0x5d, 0x80, 0x34, 0x81, 0x55, 0x81, 0x4d, 0xa0, 0x3c, 0xc3, 0x2b, 0xce, 0x86, 0x8c, 0x76,
    0x0a, 0x56, 0x89, 0x45, 0xc7, 0x24, 0x05, 0x0c, 0x83, 0x03, 0x42, 0x0b, 0xe7, 0x44, 0x09, 0x5e, 0xc9, 0x4d, 0x88, 0x3d,
    0x88, 0x2d, 0x88, 0x35, 0xa9, 0x3d, 0xc9, 0x45, 0x09, 0x4e, 0x2a, 0x5e, 0x4a, 0x6e, 0x8b, 0x76, 0xab, 0x7e, 0xcc, 0x8e,
    0xed, 0x8e, 0x0d, 0x97, 0x0d, 0x97, 0x0d, 0x9f, 0x2e, 0x9f, 0x2e, 0xa7, 0x2f, 0xa7, 0x2f, 0xa7, 0x2f, 0xa7, 0x4f, 0xaf,
    0x4f, 0xaf, 0x4f, 0xaf, 0x4f, 0xaf, 0x4f, 0xb7, 0x4f, 0xb7, 0x70, 0xb7, 0x70, 0xb7, 0x70, 0xb7, 0x70, 0xb7, 0x70, 0xb7,
    0x70, 0xb7, 0x71, 0xb7, 0x71, 0xb7, 0x71, 0xb7, 0x71, 0xb7, 0x71, 0xaf, 0x52, 0xbf, 0x96, 0xf6, 0x55, 0xfe, 0x15, 0xfe,
    0xd4, 0xfd, 0xb4, 0xfd, 0xb4, 0xfd, 0xd4, 0xfd, 0xd4, 0xfd, 0xf5, 0xfd, 0x15, 0xfe, 0x51, 0xae, 0x8e, 0x66, 0xef, 0x86,
    0xaf, 0x86, 0xc2, 0x23, 0xa0, 0x44, 0x41, 0x5d, 0x01, 0x55, 0xe1, 0x44, 0xa1, 0x5d, 0x62, 0x65, 0xb3, 0xd6, 0xba, 0xff,
    0xfd, 0xff, 0xff, 0xff, 0x73, 0xb6, 0xa1, 0x44, 0x61, 0x55, 0xe0, 0x4c, 0x46, 0x6d, 0xc8, 0x7d, 0x03, 0x5d, 0x00, 0x3d,
    0x00, 0x76, 0x21, 0x7e, 0x41, 0x7e, 0x41, 0x86, 0x61, 0x8e, 0xa2, 0x96, 0x22, 0x86, 0xd0, 0xce, 0xb8, 0xff, 0x97, 0xff,
    0x97, 0xff, 0x97, 0xff, 0x97, 0xff, 0x97, 0xff, 0xb8, 0xff, 0x74, 0xff, 0x82, 0xbc, 0x00, 0x00, 0x00, 0x00, 0x00, 0x00,
    0x00, 0x00, 0x00, 0x00, 0x00, 0x00, 0x00, 0x00, 0x00, 0x00, 0x00, 0x00, 0x00, 0x00, 0x00, 0x00, 0x00, 0x00, 0x00, 0x00,
    0x00, 0x00, 0x00, 0x00, 0x00, 0x00, 0x00, 0x00, 0x00, 0x00, 0x00, 0x00, 0x00, 0x00, 0x00, 0x00, 0x00, 0x00, 0x00, 0x00,
    0x00, 0x00, 0x00, 0x00, 0x00, 0x00, 0x00, 0x00, 0x00, 0x00, 0x00, 0x00, 0x00, 0x00, 0x00, 0x00, 0x00, 0x00, 0x00, 0x00,
    0x00, 0x00, 0x00, 0x00, 0x00, 0x00, 0x00, 0x00, 0x00, 0x00, 0x00, 0x00, 0x00, 0x00, 0x00, 0x00, 0x00, 0x00, 0x00, 0x00,
    0x00, 0x00, 0x80, 0x41, 0x68, 0xfe, 0x97, 0xff, 0x96, 0xff, 0x97, 0xff, 0xb7, 0xff, 0x28, 0x85, 0x00, 0x5d, 0x41, 0x86,
    0x82, 0x96, 0x62, 0x96, 0x22, 0x86, 0xc1, 0x6d, 0x60, 0x5d, 0x81, 0x5d, 0x61, 0x8e, 0x61, 0x8e, 0x81, 0x55, 0x40, 0x45,
    0x0b, 0x86, 0xdf, 0xff, 0xfe, 0xff, 0xdd, 0xff, 0xde, 0xff, 0xff, 0xff, 0x3a, 0xdf, 0x63, 0x23, 0x27, 0x4c, 0xdd, 0xff,
    0xdd, 0xff, 0xdd, 0xff, 0xdd, 0xff, 0xdd, 0xff, 0xfe, 0xff, 0x9b, 0xe7, 0xae, 0x7e, 0x8e, 0x66, 0x6d, 0x56, 0x8e, 0x5e,
    0xcf, 0x6e, 0xf0, 0x7e, 0x11, 0x87, 0x31, 0x97, 0x52, 0x9f, 0x72, 0xa7, 0x72, 0xaf, 0x92, 0xb7, 0x93, 0xb7, 0x93, 0xb7,
    0x93, 0xb7, 0x2c, 0x76, 0xe0, 0x34, 0x81, 0x55, 0xc2, 0x65, 0x82, 0x55, 0xa2, 0x65, 0xe0, 0x1b, 0xca, 0x5d, 0x8d, 0x76,
    0x2b, 0x5e, 0xa9, 0x4d, 0x28, 0x2d, 0xa6, 0x14, 0x86, 0x0c, 0xe4, 0x03, 0xa0, 0x01, 0x62, 0x12, 0x44, 0x2c, 0x63, 0x1c,
    0x63, 0x1c, 0x63, 0x1c, 0x23, 0x1c, 0x44, 0x1c, 0xa5, 0x24, 0x27, 0x35, 0xc8, 0x45, 0x09, 0x5e, 0x4a, 0x66, 0x6a, 0x76,
    0xab, 0x7e, 0xcc, 0x86, 0xcc, 0x8e, 0xec, 0x96, 0xed, 0x96, 0xed, 0x96, 0x0d, 0x9f, 0x0e, 0x9f, 0x0e, 0x9f, 0x2e, 0xa7,
    0x2e, 0xa7, 0x4e, 0xa7, 0x4e, 0xa7, 0x4f, 0xaf, 0x4f, 0xaf, 0x4f, 0xaf, 0x4f, 0xaf, 0x4f, 0xaf, 0x4f, 0xaf, 0x4f, 0xaf,
    0x50, 0xaf, 0x50, 0xaf, 0x50, 0xaf, 0x50, 0xaf, 0x50, 0xaf, 0x50, 0xaf, 0x50, 0xa7, 0xf3, 0xc6, 0x76, 0xfe, 0x35, 0xfe,
    0x15, 0xfe, 0xf4, 0xfd, 0xf4, 0xfd, 0xf4, 0xfd, 0xf5, 0xfd, 0x15, 0xfe, 0x33, 0xce, 0x6e, 0x66, 0xae, 0x6e, 0x0f, 0x8f,
    0x66, 0x3c, 0x80, 0x1b, 0xe0, 0x4c, 0xa1, 0x6d, 0x82, 0x65, 0xa1, 0x44, 0xe0, 0x4c, 0xcc, 0x95, 0x9a, 0xff, 0xba, 0xff,
    0xdb, 0xff, 0xdb, 0xff, 0xfd, 0xff, 0x49, 0x75, 0xc3, 0x4c, 0xd5, 0xc6, 0xbb, 0xf7, 0xdd, 0xff, 0x7b, 0xe7, 0xe8, 0x7d,
    0xc0, 0x6d, 0x42, 0x86, 0xa2, 0x96, 0x82, 0x96, 0x41, 0x86, 0x62, 0x8e, 0xe2, 0x7d, 0x13, 0xdf, 0x97, 0xff, 0x97, 0xff,
    0x97, 0xff, 0x97, 0xff, 0x97, 0xff, 0x97, 0xff, 0x98, 0xff, 0xb8, 0xff, 0x06, 0xee, 0xc0, 0x20, 0x00, 0x00, 0x00, 0x00,
    0x00, 0x00, 0x00, 0x00, 0x00, 0x00, 0x00, 0x00, 0x00, 0x00, 0x00, 0x00, 0x00, 0x00, 0x00, 0x00, 0x00, 0x00, 0x00, 0x00,
    0x00, 0x00, 0x00, 0x00, 0x00, 0x00, 0x00, 0x00, 0x00, 0x00, 0x00, 0x00, 0x00, 0x00, 0x00, 0x00, 0x00, 0x00, 0x00, 0x00,
    0x00, 0x00, 0x00, 0x00, 0x00, 0x00, 0x00, 0x00, 0x00, 0x00, 0x00, 0x00, 0x00, 0x00, 0x00, 0x00, 0x00, 0x00, 0x00, 0x00,
    0x00, 0x00, 0x00, 0x00, 0x00, 0x00, 0x00, 0x00, 0x00, 0x00, 0x00, 0x00, 0x00, 0x00, 0x00, 0x00, 0x00, 0x00, 0x00, 0x00,
    0x00, 0x00, 0x41, 0x8b, 0x0e, 0xff, 0x97, 0xff, 0x96, 0xff, 0x96, 0xff, 0xb7, 0xff, 0xed, 0xad, 0xe0, 0x4c, 0x01, 0x76,
    0x61, 0x86, 0x61, 0x8e, 0x21, 0x86, 0x22, 0x8e, 0x42, 0x86, 0xa1, 0x55, 0x20, 0x4d, 0xc1, 0x6d, 0x41, 0x4d, 0x21, 0x45,
    0x17, 0xcf, 0xfd, 0xff, 0xdc, 0xff, 0xdd, 0xff, 0xdd, 0xff, 0xdc, 0xff, 0xff, 0xff, 0xf2, 0xa5, 0xd0, 0xa5, 0xfd, 0xff,
    0xdc, 0xff, 0xdc, 0xff, 0xdc, 0xff, 0xdd, 0xff, 0xdd, 0xff, 0x9c, 0xef, 0x4e, 0x76, 0x8e, 0x6e, 0x4d, 0x56, 0x6e, 0x56,
    0xae, 0x66, 0xcf, 0x76, 0xf0, 0x7e, 0x31, 0x8f, 0x31, 0x97, 0x51, 0x97, 0x52, 0x9f, 0x72, 0xa7, 0x72, 0xaf, 0x72, 0xa7,
    0x11, 0x97, 0xc4, 0x3c, 0xa2, 0x55, 0x02, 0x66, 0x02, 0x6e, 0x02, 0x6e, 0x64, 0x86, 0x20, 0x24, 0xa6, 0x34, 0x8c, 0x6e,
    0x4c, 0x66, 0xea, 0x4d, 0x68, 0x35, 0xe7, 0x14, 0x24, 0x04, 0xc2, 0x0b, 0x01, 0x1b, 0x81, 0x33, 0x22, 0x5d, 0x23, 0x7e,
    0x64, 0x86, 0x84, 0x96, 0x65, 0x9e, 0xe5, 0x8d, 0x24, 0x6d, 0x82, 0x44, 0x63, 0x2c, 0x47, 0x3d, 0xe8, 0x4d, 0x09, 0x5e,
    0x29, 0x66, 0x6a, 0x76, 0x8b, 0x7e, 0xab, 0x86, 0xab, 0x8e, 0xcb, 0x8e, 0xcc, 0x8e, 0xec, 0x96, 0xed, 0x96, 0x0d, 0x97,
    0x0d, 0x9f, 0x0d, 0x9f, 0x2d, 0x9f, 0x2e, 0xa7, 0x2e, 0xa7, 0x2e, 0xa7, 0x2e, 0xa7, 0x2e, 0xa7, 0x2f, 0xa7, 0x2f, 0xa7,
    0x2f, 0xa7, 0x4f, 0xa7, 0x2f, 0xa7, 0x2f, 0xa7, 0x2f, 0xa7, 0x2f, 0x9f, 0x2f, 0x9f, 0x2f, 0x97, 0xf1, 0xb6, 0x74, 0xe6,
    0x35, 0xfe, 0x35, 0xfe, 0x15, 0xfe, 0x14, 0xfe, 0x13, 0xe6, 0x51, 0xae, 0x6e, 0x66, 0x8e, 0x6e, 0x0f, 0x8f, 0x28, 0x55,
    0xe0, 0x0a, 0x60, 0x3c, 0xe1, 0x4c, 0x41, 0x55, 0x81, 0x5d, 0xe1, 0x44, 0x60, 0x34, 0xf0, 0xad, 0x9a, 0xff, 0xbb, 0xff,
    0xbb, 0xff, 0xdb, 0xff, 0xfd, 0xff, 0x31, 0xb6, 0x72, 0xbe, 0xfd, 0xff, 0xdb, 0xff, 0xdb, 0xff, 0xfe, 0xff, 0x58, 0xdf,
    0xa1, 0x6d, 0x61, 0x8e, 0x82, 0x96, 0x62, 0x8e, 0x21, 0x7e, 0x22, 0x86, 0xc3, 0x7d, 0x55, 0xf7, 0x97, 0xff, 0x97, 0xff,
    0x97, 0xff, 0x97, 0xff, 0x97, 0xff, 0x97, 0xff, 0x97, 0xff, 0xb9, 0xff, 0xec, 0xfe, 0x61, 0x62, 0x00, 0x00, 0x00, 0x00,
    0x00, 0x00, 0x00, 0x00, 0x00, 0x00, 0x00, 0x00, 0x00, 0x00, 0x00, 0x00, 0x00, 0x00, 0x00, 0x00, 0x00, 0x00, 0x00, 0x00,
    0x00, 0x00, 0x00, 0x00, 0x00, 0x00, 0x00, 0x00, 0x00, 0x00, 0x00, 0x00, 0x00, 0x00, 0x00, 0x00, 0x00, 0x00, 0x00, 0x00,
    0x00, 0x00, 0x00, 0x00, 0x00, 0x00, 0x00, 0x00, 0x00, 0x00, 0x00, 0x00, 0x00, 0x00, 0x00, 0x00, 0x00, 0x00, 0x00, 0x00,
    0x00, 0x00, 0x00, 0x00, 0x00, 0x00, 0x00, 0x00, 0x00, 0x00, 0x00, 0x00, 0x00, 0x00, 0x00, 0x00, 0x00, 0x00, 0x00, 0x00,
    0x20, 0x08, 0x03, 0xd5, 0x53, 0xff, 0x97, 0xff, 0x76, 0xff, 0x96, 0xff, 0x97, 0xff, 0xd2, 0xd6, 0xc1, 0x4c, 0xc1, 0x65,
    0x01, 0x76, 0x01, 0x7e, 0xa1, 0x6d, 0xc1, 0x65, 0x62, 0x7e, 0x63, 0x86, 0x62, 0x5d, 0xc1, 0x3c, 0xe0, 0x34, 0xc2, 0x3c,
    0x38, 0xe7, 0xdc, 0xff, 0xdc, 0xff, 0xdd, 0xff, 0xdc, 0xff, 0xdc, 0xff, 0xdc, 0xff, 0x79, 0xf7, 0x37, 0xf7, 0xdc, 0xff,
    0xdc, 0xff, 0xbb, 0xff, 0xdc, 0xff, 0xdd, 0xff, 0xdd, 0xff, 0x38, 0xdf, 0x0c, 0x5e, 0xae, 0x6e, 0x4d, 0x56, 0x4d, 0x56,
    0x8e, 0x5e, 0xaf, 0x6e, 0xd0, 0x76, 0x10, 0x7f, 0x11, 0x8f, 0x11, 0x8f, 0x31, 0x97, 0x51, 0x97, 0x52, 0x9f, 0x51, 0x97,
    0x2d, 0x6e, 0x41, 0x34, 0xc2, 0x65, 0x02, 0x6e, 0x42, 0x76, 0xa5, 0x9e, 0x64, 0x8e, 0xe0, 0x1b, 0xc4, 0x1b, 0x4b, 0x5e,
    0x2b, 0x5e, 0xca, 0x45, 0xc6, 0x1c, 0x42, 0x1c, 0xa1, 0x34, 0xa2, 0x5d, 0x83, 0x86, 0x04, 0x9f, 0x25, 0xaf, 0x05, 0xaf,
    0x25, 0xb7, 0x46, 0xbf, 0x67, 0xc7, 0x87, 0xcf, 0xaa, 0xdf, 0x8a, 0xdf, 0x46, 0xae, 0x61, 0x44, 0x26, 0x35, 0xa7, 0x45,
    0xc7, 0x55, 0xe8, 0x5d, 0x28, 0x66, 0x49, 0x6e, 0x6a, 0x76, 0x8a, 0x7e, 0x8a, 0x86, 0xaa, 0x86, 0xcb, 0x8e, 0xec, 0x8e,
    0xec, 0x96, 0xec, 0x96, 0xed, 0x96, 0x0d, 0x97, 0x0d, 0x9f, 0x0d, 0x9f, 0x0d, 0x9f, 0x0d, 0x9f, 0x0e, 0x9f, 0x0e, 0x9f,
    0x0e, 0x9f, 0x0e, 0x9f, 0x0e, 0x9f, 0x0e, 0x9f, 0x0e, 0x97, 0x0e, 0x97, 0x0e, 0x97, 0xee, 0x8e, 0x0e, 0x8f, 0xef, 0x8e,
    0xd0, 0x9e, 0x91, 0xa6, 0x71, 0xa6, 0x70, 0x96, 0x6e, 0x6e, 0x4d, 0x5e, 0x6d, 0x66, 0xce, 0x86, 0x89, 0x5d, 0xc0, 0x0a,
    0xa0, 0x23, 0x80, 0x3c, 0x41, 0x55, 0xa1, 0x65, 0x41, 0x5d, 0xc1, 0x3c, 0x60, 0x2c, 0x4b, 0x8d, 0x9a, 0xff, 0xbb, 0xff,
    0xbb, 0xff, 0xba, 0xff, 0xdc, 0xff, 0x58, 0xf7, 0x99, 0xff, 0xbb, 0xff, 0xbb, 0xff, 0xdb, 0xff, 0xdb, 0xff, 0x79, 0xef,
    0x42, 0x5d, 0x21, 0x76, 0x42, 0x86, 0x22, 0x7e, 0x02, 0x76, 0x02, 0x76, 0xc7, 0x8d, 0x97, 0xff, 0x96, 0xff, 0x97, 0xff,
    0x97, 0xff, 0x97, 0xff, 0x97, 0xff, 0x97, 0xff, 0x97, 0xff, 0xb8, 0xff, 0x72, 0xff, 0x02, 0xac, 0x00, 0x00, 0x00, 0x00,
    0x00, 0x00, 0x00, 0x00, 0x00, 0x00, 0x00, 0x00, 0x00, 0x00, 0x00, 0x00, 0x00, 0x00, 0x00, 0x00, 0x00, 0x00, 0x00, 0x00,
    0x00, 0x00, 0x00, 0x00, 0x00, 0x00, 0x00, 0x00, 0x00, 0x00, 0x00, 0x00, 0x00, 0x00, 0x00, 0x00, 0x00, 0x00, 0x00, 0x00,
    0x00, 0x00, 0x00, 0x00, 0x00, 0x00, 0x00, 0x00, 0x00, 0x00, 0x00, 0x00, 0x00, 0x00, 0x00, 0x00, 0x00, 0x00, 0x00, 0x00,
    0x00, 0x00, 0x00, 0x00, 0x00, 0x00, 0x00, 0x00, 0x00, 0x00, 0x00, 0x00, 0x00, 0x00, 0x00, 0x00, 0x00, 0x00, 0x00, 0x00,
    0x40, 0x31, 0x47, 0xfe, 0x96, 0xff, 0x96, 0xff, 0x96, 0xff, 0x96, 0xff, 0x96, 0xff, 0x76, 0xff, 0x05, 0x6d, 0x80, 0x5d,
    0xc1, 0x65, 0xe2, 0x65, 0x22, 0x76, 0x42, 0x7e, 0x62, 0x86, 0x62, 0x86, 0x42, 0x7e, 0x02, 0x66, 0xe1, 0x3c, 0xa0, 0x1b,
    0x94, 0xc6, 0xdc, 0xff, 0xdc, 0xff, 0xdc, 0xff, 0xdc, 0xff, 0xdc, 0xff, 0xdc, 0xff, 0xba, 0xff, 0x79, 0xff, 0xbb, 0xff,
    0x9a, 0xff, 0x9a, 0xff, 0xdc, 0xff, 0xdc, 0xff, 0xfd, 0xff, 0x52, 0x9e, 0x2c, 0x66, 0xcf, 0x7e, 0x4d, 0x56, 0x4d, 0x4e,
    0x6e, 0x56, 0x8e, 0x5e, 0xaf, 0x6e, 0xcf, 0x76, 0xf0, 0x7e, 0xf0, 0x7e, 0xf0, 0x86, 0x10, 0x87, 0x11, 0x8f, 0x10, 0x87,
    0xec, 0x55, 0x01, 0x2c, 0xa2, 0x65, 0x43, 0x86, 0xe5, 0xae, 0xe5, 0xae, 0x03, 0x76, 0x20, 0x24, 0xa3, 0x13, 0xea, 0x45,
    0xca, 0x45, 0x64, 0x1c, 0xe2, 0x34, 0x03, 0x66, 0x43, 0x76, 0xa4, 0x8e, 0xc4, 0x96, 0xa4, 0x8e, 0x83, 0x86, 0x63, 0x8e,
    0x84, 0x96, 0xe5, 0xae, 0x26, 0xb7, 0x47, 0xbf, 0x48, 0xc7, 0x67, 0xcf, 0xa7, 0xd7, 0xa1, 0x5c, 0x23, 0x2c, 0x86, 0x4d,
    0x86, 0x4d, 0xa6, 0x55, 0xc7, 0x55, 0xe7, 0x5d, 0x08, 0x66, 0x28, 0x66, 0x28, 0x6e, 0x49, 0x76, 0x69, 0x7e, 0x8a, 0x7e,
    0xaa, 0x86, 0xab, 0x86, 0xab, 0x86, 0xcb, 0x8e, 0xec, 0x8e, 0xec, 0x8e, 0xcc, 0x8e, 0xcc, 0x8e, 0xec, 0x8e, 0xec, 0x8e,
    0xec, 0x8e, 0xed, 0x8e, 0xed, 0x8e, 0xed, 0x8e, 0xed, 0x8e, 0xed, 0x8e, 0xcd, 0x86, 0xcd, 0x7e, 0xce, 0x7e, 0xae, 0x76,
    0xae, 0x6e, 0x8d, 0x66, 0x6c, 0x56, 0x4c, 0x56, 0x4c, 0x5e, 0x8d, 0x6e, 0xce, 0x86, 0x48, 0x55, 0xc0, 0x0a, 0xe0, 0x12,
    0x00, 0x2c, 0x80, 0x3c, 0x01, 0x4d, 0x21, 0x55, 0xc1, 0x44, 0x81, 0x34, 0x40, 0x2c, 0xa2, 0x3b, 0xd5, 0xe6, 0x9a, 0xff,
    0xba, 0xff, 0x56, 0xff, 0x12, 0xff, 0x11, 0xff, 0x76, 0xff, 0xba, 0xff, 0xba, 0xff, 0xdb, 0xff, 0xdc, 0xff, 0xf6, 0xde,
    0xe1, 0x4c, 0xe1, 0x6d, 0xc2, 0x65, 0x82, 0x5d, 0xe2, 0x6d, 0x81, 0x5d, 0x4d, 0xb6, 0x96, 0xff, 0x96, 0xff, 0x76, 0xff,
    0x97, 0xff, 0x97, 0xff, 0x97, 0xff, 0x97, 0xff, 0x97, 0xff, 0xb8, 0xff, 0x97, 0xff, 0x85, 0xdd, 0x60, 0x08, 0x00, 0x00,
    0x00, 0x00, 0x00, 0x00, 0x00, 0x00, 0x00, 0x00, 0x00, 0x00, 0x00, 0x00, 0x00, 0x00, 0x00, 0x00, 0x00, 0x00, 0x00, 0x00,
    0x00, 0x00, 0x00, 0x00, 0x00, 0x00, 0x00, 0x00, 0x00, 0x00, 0x00, 0x00, 0x00, 0x00, 0x00, 0x00, 0x00, 0x00, 0x00, 0x00,
    0x00, 0x00, 0x00, 0x00, 0x00, 0x00, 0x00, 0x00, 0x00, 0x00, 0x00, 0x00, 0x00, 0x00, 0x00, 0x00, 0x00, 0x00, 0x00, 0x00,
    0x00, 0x00, 0x00, 0x00, 0x00, 0x00, 0x00, 0x00, 0x00, 0x00, 0x00, 0x00, 0x00, 0x00, 0x00, 0x00, 0x00, 0x00, 0x00, 0x00,
    0xe1, 0x7a, 0xec, 0xfe, 0x97, 0xff, 0x76, 0xff, 0x96, 0xff, 0x96, 0xff, 0x76, 0xff, 0x97, 0xff, 0xec, 0xad, 0xc0, 0x4c,
    0x81, 0x55, 0xe2, 0x65, 0x22, 0x6e, 0x22, 0x76, 0x02, 0x76, 0x02, 0x76, 0x02, 0x66, 0x82, 0x4d, 0x02, 0x3d, 0xe0, 0x1b,
    0x2c, 0x7d, 0xdc, 0xff, 0xdc, 0xff, 0xbc, 0xff, 0xbb, 0xff, 0x79, 0xff, 0x12, 0xff, 0x89, 0xfe, 0xa8, 0xfe, 0xcb, 0xfe,
    0x34, 0xff, 0x9a, 0xff, 0xbb, 0xff, 0xdc, 0xff, 0x18, 0xd7, 0x29, 0x2d, 0x4c, 0x66, 0xef, 0x86, 0x6d, 0x66, 0x4d, 0x4e,
    0x4d, 0x56, 0x6e, 0x56, 0x6e, 0x5e, 0xaf, 0x66, 0xcf, 0x66, 0xd0, 0x6e, 0xd0, 0x76, 0xd0, 0x76, 0xcf, 0x6e, 0x8e, 0x66,
    0xeb, 0x45, 0x22, 0x24, 0x02, 0x3d, 0xc3, 0x55, 0x43, 0x7e, 0x43, 0x7e, 0x02, 0x66, 0x40, 0x1c, 0x43, 0x0b, 0x09, 0x25,
    0xe3, 0x1b, 0xe2, 0x3c, 0x23, 0x66, 0x43, 0x6e, 0x03, 0x66, 0x03, 0x6e, 0x23, 0x6e, 0x63, 0x7e, 0xc4, 0x9e, 0x25, 0xb7,
    0x46, 0xc7, 0x46, 0xcf, 0x45, 0xc7, 0x45, 0xc7, 0x46, 0xbf, 0x44, 0xbf, 0x22, 0x8e, 0x80, 0x1b, 0xa3, 0x3c, 0x65, 0x5d,
    0xa5, 0x5d, 0xa5, 0x5d, 0x85, 0x55, 0x85, 0x4d, 0x86, 0x55, 0xa6, 0x55, 0xc7, 0x5d, 0xe7, 0x5d, 0x07, 0x66, 0x28, 0x6e,
    0x28, 0x6e, 0x48, 0x6e, 0x49, 0x76, 0x69, 0x76, 0x8a, 0x7e, 0x8a, 0x7e, 0x8a, 0x7e, 0x8a, 0x7e, 0x8a, 0x7e, 0x8a, 0x7e,
    0x8b, 0x7e, 0x8b, 0x7e, 0xab, 0x7e, 0xac, 0x7e, 0xac, 0x7e, 0x8c, 0x76, 0x8c, 0x76, 0x8d, 0x6e, 0x6d, 0x66, 0x6d, 0x66,
    0x4c, 0x5e, 0x2c, 0x56, 0x2c, 0x56, 0x4c, 0x5e, 0xcd, 0x7e, 0xad, 0x7e, 0xe6, 0x44, 0x60, 0x02, 0x60, 0x0a, 0x40, 0x1b,
    0xe0, 0x2b, 0x60, 0x3c, 0xe1, 0x44, 0xe1, 0x44, 0x61, 0x2c, 0x22, 0x34, 0xcd, 0x95, 0x11, 0xae, 0x94, 0xd6, 0x57, 0xff,
    0x14, 0xff, 0x45, 0xfe, 0xa3, 0xfe, 0x2e, 0xff, 0xaa, 0xfe, 0x12, 0xff, 0xb9, 0xff, 0xba, 0xff, 0xfd, 0xff, 0x6b, 0x85,
    0x00, 0x2c, 0xc1, 0x3c, 0x21, 0x45, 0x62, 0x55, 0xa2, 0x65, 0x02, 0x55, 0x13, 0xe7, 0x76, 0xff, 0x76, 0xff, 0x96, 0xff,
    0x96, 0xff, 0x97, 0xff, 0x97, 0xff, 0x97, 0xff, 0x97, 0xff, 0x97, 0xff, 0xb8, 0xff, 0x89, 0xfe, 0x60, 0x39, 0x00, 0x00,
    0x00, 0x00, 0x00, 0x00, 0x00, 0x00, 0x00, 0x00, 0x00, 0x00, 0x00, 0x00, 0x00, 0x00, 0x00, 0x00, 0x00, 0x00, 0x00, 0x00,
    0x00, 0x00, 0x00, 0x00, 0x00, 0x00, 0x00, 0x00, 0x00, 0x00, 0x00, 0x00, 0x00, 0x00, 0x00, 0x00, 0x00, 0x00, 0x00, 0x00,
    0x00, 0x00, 0x00, 0x00, 0x00, 0x00, 0x00, 0x00, 0x00, 0x00, 0x00, 0x00, 0x00, 0x00, 0x00, 0x00, 0x00, 0x00, 0x00, 0x00,
    0x00, 0x00, 0x00, 0x00, 0x00, 0x00, 0x00, 0x00, 0x00, 0x00, 0x00, 0x00, 0x00, 0x00, 0x00, 0x00, 0x00, 0x00, 0x00, 0x00,
    0x42, 0xb4, 0x30, 0xff, 0x96, 0xff, 0x76, 0xff, 0x76, 0xff, 0x76, 0xff, 0x76, 0xff, 0x76, 0xff, 0x14, 0xef, 0xa2, 0x5c,
    0x61, 0x55, 0x81, 0x55, 0xc2, 0x5d, 0xe2, 0x65, 0xe2, 0x65, 0xc2, 0x5d, 0x62, 0x45, 0xa1, 0x2c, 0x61, 0x2c, 0x61, 0x24,
    0xe1, 0x1b, 0x12, 0xae, 0x9a, 0xff, 0xbb, 0xff, 0xbb, 0xff, 0xd0, 0xfe, 0x63, 0xfe, 0x05, 0xff, 0x6f, 0xff, 0x51, 0xff,
    0x45, 0xfe, 0x36, 0xff, 0x99, 0xff, 0x37, 0xef, 0xf0, 0x85, 0xae, 0x5d, 0xec, 0x55, 0x8d, 0x6e, 0x8e, 0x76, 0x4d, 0x56,
    0x2d, 0x4e, 0x2d, 0x46, 0x4d, 0x4e, 0x2d, 0x4e, 0x89, 0x3d, 0x06, 0x3d, 0x05, 0x3d, 0x04, 0x3d, 0xa4, 0x2c, 0xa6, 0x2c,
    0x49, 0x2d, 0xa4, 0x1c, 0xe2, 0x34, 0x22, 0x35, 0xe3, 0x5d, 0x03, 0x6e, 0xa2, 0x55, 0xe0, 0x1b, 0xc2, 0x02, 0x43, 0x03,
    0xa1, 0x2c, 0xa3, 0x4d, 0x63, 0x3d, 0xa3, 0x4d, 0xe3, 0x65, 0x83, 0x86, 0xe4, 0xa6, 0x04, 0xaf, 0x25, 0xaf, 0x25, 0xaf,
    0x25, 0xaf, 0x04, 0xaf, 0x25, 0xb7, 0xe3, 0xa6, 0xe3, 0xa6, 0x42, 0x96, 0xe0, 0x22, 0xa0, 0x09, 0xa2, 0x2b, 0x44, 0x55,
    0xe4, 0x65, 0xe5, 0x6d, 0xc5, 0x6d, 0xa4, 0x65, 0x84, 0x5d, 0x84, 0x55, 0x85, 0x55, 0x85, 0x55, 0xa5, 0x55, 0xa6, 0x55,
    0xc6, 0x55, 0xc6, 0x5d, 0xe7, 0x5d, 0xe7, 0x65, 0xe7, 0x65, 0x07, 0x66, 0x07, 0x66, 0x28, 0x66, 0x28, 0x66, 0x28, 0x66,
    0x28, 0x66, 0x29, 0x66, 0x29, 0x66, 0x29, 0x66, 0x4a, 0x5e, 0x4b, 0x5e, 0x4b, 0x5e, 0x2b, 0x56, 0x2b, 0x56, 0x2b, 0x56,
    0x2b, 0x56, 0x6c, 0x66, 0x8c, 0x76, 0xad, 0x7e, 0xaa, 0x5d, 0x63, 0x1b, 0x20, 0x01, 0x80, 0x01, 0xe0, 0x0a, 0x40, 0x1b,
    0x00, 0x2c, 0x40, 0x34, 0xa0, 0x3c, 0xa1, 0x34, 0x42, 0x34, 0xb4, 0xce, 0xbb, 0xff, 0xbb, 0xff, 0xdb, 0xff, 0xbb, 0xff,
    0x29, 0xfe, 0x61, 0xfe, 0x04, 0xff, 0x6b, 0xff, 0x29, 0xff, 0x27, 0xfe, 0x77, 0xff, 0x57, 0xff, 0xae, 0x9d, 0x40, 0x24,
    0xe1, 0x44, 0x22, 0x4d, 0x82, 0x55, 0xa2, 0x5d, 0x00, 0x4d, 0x88, 0x85, 0x75, 0xff, 0x75, 0xff, 0x76, 0xff, 0x76, 0xff,
    0x96, 0xff, 0x97, 0xff, 0x97, 0xff, 0x97, 0xff, 0x97, 0xff, 0x97, 0xff, 0xb9, 0xff, 0x0e, 0xff, 0xc1, 0x72, 0x00, 0x00,
    0x00, 0x00, 0x00, 0x00, 0x00, 0x00, 0x00, 0x00, 0x00, 0x00, 0x00, 0x00, 0x00, 0x00, 0x00, 0x00, 0x00, 0x00, 0x00, 0x00,
    0x00, 0x00, 0x00, 0x00, 0x00, 0x00, 0x00, 0x00, 0x00, 0x00, 0x00, 0x00, 0x00, 0x00, 0x00, 0x00, 0x00, 0x00, 0x00, 0x00,
    0x00, 0x00, 0x00, 0x00, 0x00, 0x00, 0x00, 0x00, 0x00, 0x00, 0x00, 0x00, 0x00, 0x00, 0x00, 0x00, 0x00, 0x00, 0x00, 0x00,
    0x00, 0x00, 0x00, 0x00, 0x00, 0x00, 0x00, 0x00, 0x00, 0x00, 0x00, 0x00, 0x00, 0x00, 0x00, 0x00, 0x00, 0x00, 0x80, 0x18,
    0xa5, 0xe5, 0x74, 0xff, 0x76, 0xff, 0x76, 0xff, 0x76, 0xff, 0x75, 0xff, 0x75, 0xff, 0x75, 0xff, 0x96, 0xff, 0xcb, 0xad,
    0xe0, 0x4c, 0x82, 0x55, 0x62, 0x4d, 0x82, 0x4d, 0x42, 0x45, 0x42, 0x45, 0x62, 0x45, 0x02, 0x3d, 0xa2, 0x2c, 0x21, 0x1c,
    0x44, 0x2c, 0x49, 0x54, 0xb6, 0xd6, 0x99, 0xff, 0x37, 0xff, 0x04, 0xfe, 0xc2, 0xfe, 0x04, 0xff, 0x26, 0xff, 0x4a, 0xff,
    0xa2, 0xfe, 0xae, 0xfe, 0xdd, 0xff, 0xdd, 0xff, 0xfd, 0xff, 0xde, 0xff, 0x9c, 0xe7, 0xd3, 0x96, 0xaf, 0x76, 0x6d, 0x5e,
    0x0c, 0x46, 0xab, 0x3d, 0x27, 0x2d, 0xc3, 0x34, 0xe1, 0x44, 0x61, 0x55, 0xc2, 0x65, 0xa2, 0x5d, 0x21, 0x45, 0x80, 0x34,
    0x61, 0x1c, 0xc1, 0x0b, 0x01, 0x1c, 0xa2, 0x2c, 0x43, 0x3d, 0xc3, 0x55, 0x62, 0x45, 0x01, 0x1c, 0x60, 0x02, 0xc0, 0x1b,
    0xa2, 0x3d, 0x02, 0x2d, 0xc3, 0x4d, 0x44, 0x6e, 0x63, 0x7e, 0xa4, 0x8e, 0xe4, 0x96, 0xe4, 0x9e, 0x04, 0xa7, 0x24, 0xa7,
    0x24, 0xa7, 0xe4, 0x9e, 0xc3, 0x86, 0x83, 0x8e, 0x82, 0x6d, 0xa0, 0x1a, 0x20, 0x01, 0x40, 0x01, 0xc0, 0x01, 0xa0, 0x0a,
    0x81, 0x2b, 0xa3, 0x4c, 0x84, 0x65, 0xe4, 0x6d, 0xe4, 0x6d, 0xc4, 0x6d, 0xc4, 0x65, 0xa4, 0x65, 0xa4, 0x5d, 0x84, 0x55,
    0x84, 0x55, 0x84, 0x55, 0x85, 0x55, 0x85, 0x55, 0x85, 0x55, 0xa5, 0x55, 0xa5, 0x55, 0xc6, 0x55, 0xa6, 0x55, 0xa6, 0x55,
    0xc6, 0x55, 0xc6, 0x55, 0xc6, 0x55, 0xc7, 0x55, 0xe8, 0x55, 0x0a, 0x56, 0x2a, 0x56, 0x2b, 0x5e, 0x2b, 0x5e, 0x4b, 0x66,
    0x8b, 0x6e, 0x8b, 0x76, 0xa9, 0x5d, 0x04, 0x2c, 0x42, 0x0b, 0x84, 0x1b, 0xc4, 0x22, 0xc2, 0x1a, 0x61, 0x13, 0x40, 0x13,
    0x60, 0x1b, 0xc0, 0x23, 0x40, 0x2c, 0xc0, 0x1b, 0xa9, 0x74, 0x99, 0xff, 0x9a, 0xff, 0xbb, 0xff, 0xbb, 0xff, 0x78, 0xff,
    0xc4, 0xfd, 0x00, 0xfe, 0xa2, 0xfe, 0xe2, 0xfe, 0x03, 0xff, 0x05, 0xfe, 0x79, 0xff, 0x9a, 0xff, 0x38, 0xdf, 0x72, 0xae,
    0x23, 0x4d, 0x21, 0x45, 0x62, 0x4d, 0x62, 0x55, 0x61, 0x3c, 0xd1, 0xde, 0x75, 0xff, 0x75, 0xff, 0x76, 0xff, 0x76, 0xff,
    0x96, 0xff, 0x97, 0xff, 0x97, 0xff, 0x97, 0xff, 0x97, 0xff, 0x97, 0xff, 0xb8, 0xff, 0x73, 0xff, 0x43, 0xac, 0x00, 0x00,
    0x00, 0x00, 0x00, 0x00, 0x00, 0x00, 0x00, 0x00, 0x00, 0x00, 0x00, 0x00, 0x00, 0x00, 0x00, 0x00, 0x00, 0x00, 0x00, 0x00,
    0x00, 0x00, 0x00, 0x00, 0x00, 0x00, 0x00, 0x00, 0x00, 0x00, 0x00, 0x00, 0x00, 0x00, 0x00, 0x00, 0x00, 0x00, 0x00, 0x00,
    0x00, 0x00, 0x00, 0x00, 0x00, 0x00, 0x00, 0x00, 0x00, 0x00, 0x00, 0x00, 0x00, 0x00, 0x00, 0x00, 0x00, 0x00, 0x00, 0x00,
    0x00, 0x00, 0x00, 0x00, 0x00, 0x00, 0x00, 0x00, 0x00, 0x00, 0x00, 0x00, 0x00, 0x00, 0x00, 0x00, 0x00, 0x00, 0xa0, 0x49,
    0x88, 0xfe, 0x76, 0xff, 0x76, 0xff, 0x75, 0xff, 0x75, 0xff, 0x75, 0xff, 0x75, 0xff, 0x75, 0xff, 0x55, 0xff, 0x54, 0xf7,
    0x05, 0x6d, 0x61, 0x5d, 0x62, 0x4d, 0x42, 0x45, 0x83, 0x4d, 0x83, 0x55, 0x43, 0x45, 0x02, 0x3d, 0xa2, 0x2c, 0xf0, 0x85,
    0x7c, 0xe7, 0xdd, 0xff, 0xde, 0xff, 0xdd, 0xff, 0x16, 0xff, 0x81, 0xfd, 0x80, 0xfe, 0xe2, 0xfe, 0x03, 0xff, 0x03, 0xff,
    0x80, 0xfe, 0x4a, 0xfe, 0xdc, 0xff, 0xdc, 0xff, 0xdd, 0xff, 0xdd, 0xff, 0xfe, 0xff, 0xbd, 0xf7, 0x4f, 0x6e, 0x6d, 0x5e,
    0x8a, 0x3d, 0xc2, 0x1b, 0x21, 0x45, 0xc2, 0x5d, 0xe3, 0x5d, 0x23, 0x66, 0x02, 0x6e, 0xc2, 0x65, 0x82, 0x55, 0x41, 0x45,
    0xe1, 0x34, 0x00, 0x14, 0x60, 0x0b, 0x42, 0x24, 0xa2, 0x24, 0x63, 0x3d, 0x22, 0x35, 0x41, 0x1c, 0x60, 0x02, 0x61, 0x1c,
    0xa2, 0x1c, 0x03, 0x35, 0xc4, 0x4d, 0x04, 0x5e, 0x23, 0x6e, 0x64, 0x76, 0xc4, 0x86, 0xc4, 0x8e, 0xa4, 0x8e, 0x84, 0x86,
    0x43, 0x76, 0x63, 0x76, 0x43, 0x76, 0x61, 0x3c, 0xe0, 0x41, 0x20, 0x68, 0x60, 0x60, 0x00, 0x39, 0xc0, 0x11, 0x40, 0x02,
    0x20, 0x02, 0xe0, 0x01, 0x40, 0x0a, 0xa1, 0x2b, 0xa2, 0x44, 0x43, 0x5d, 0xc4, 0x65, 0xe4, 0x6d, 0xe4, 0x6d, 0xc4, 0x6d,
    0xc4, 0x65, 0xc4, 0x65, 0xa4, 0x5d, 0xa4, 0x5d, 0xa5, 0x5d, 0xa5, 0x5d, 0xa5, 0x5d, 0xc5, 0x5d, 0xc5, 0x5d, 0xc5, 0x5d,
    0xe5, 0x65, 0xe5, 0x5d, 0xc6, 0x5d, 0xe6, 0x5d, 0x07, 0x5e, 0x28, 0x66, 0x69, 0x6e, 0x6a, 0x6e, 0x2a, 0x66, 0xa8, 0x55,
    0xa5, 0x3c, 0xc2, 0x1b, 0x82, 0x0b, 0x44, 0x1c, 0x68, 0x3d, 0x2a, 0x5e, 0x8b, 0x66, 0xac, 0x76, 0xce, 0x8e, 0xea, 0x75,
    0x43, 0x34, 0xa0, 0x13, 0xa0, 0x1b, 0xc0, 0x0a, 0x8b, 0x84, 0x78, 0xff, 0x9a, 0xff, 0xbb, 0xff, 0xbb, 0xff, 0x9a, 0xff,
    0xc7, 0xfd, 0xa0, 0xfd, 0x20, 0xfe, 0x40, 0xfe, 0x00, 0xfe, 0x29, 0xfe, 0xbb, 0xff, 0xdc, 0xff, 0xdc, 0xff, 0xff, 0xff,
    0xf7, 0xc6, 0x22, 0x45, 0x62, 0x4d, 0xa1, 0x3c, 0xaa, 0x9d, 0x75, 0xff, 0x54, 0xff, 0x75, 0xff, 0x75, 0xff, 0x76, 0xff,
    0x76, 0xff, 0x76, 0xff, 0x77, 0xff, 0x97, 0xff, 0x97, 0xff, 0x97, 0xff, 0x98, 0xff, 0x96, 0xff, 0x65, 0xdd, 0x40, 0x08,
    0x00, 0x00, 0x00, 0x00, 0x00, 0x00, 0x00, 0x00, 0x00, 0x00, 0x00, 0x00, 0x00, 0x00, 0x00, 0x00, 0x00, 0x00, 0x00, 0x00,
    0x00, 0x00, 0x00, 0x00, 0x00, 0x00, 0x00, 0x00, 0x00, 0x00, 0x00, 0x00, 0x00, 0x00, 0x00, 0x00, 0x00, 0x00, 0x00, 0x00,
    0x00, 0x00, 0x00, 0x00, 0x00, 0x00, 0x00, 0x00, 0x00, 0x00, 0x00, 0x00, 0x00, 0x00, 0x00, 0x00, 0x00, 0x00, 0x00, 0x00,
    0x00, 0x00, 0x00, 0x00, 0x00, 0x00, 0x00, 0x00, 0x00, 0x00, 0x00, 0x00, 0x00, 0x00, 0x00, 0x00, 0x00, 0x00, 0x01, 0x83,
    0xec, 0xfe, 0x76, 0xff, 0x75, 0xff, 0x75, 0xff, 0x75, 0xff, 0x75, 0xff, 0x75, 0xff, 0x54, 0xff, 0x54, 0xff, 0x74, 0xff,
    0x90, 0xde, 0x82, 0x54, 0x01, 0x4d, 0x02, 0x3d, 0x22, 0x3d, 0x02, 0x3d, 0xe2, 0x34, 0xa1, 0x24, 0xef, 0x8d, 0xff, 0xff,
    0xdd, 0xff, 0xdc, 0xff, 0xdd, 0xff, 0xdc, 0xff, 0x36, 0xff, 0x62, 0xfd, 0x00, 0xfe, 0x40, 0xfe, 0x60, 0xfe, 0x40, 0xfe,
    0xa0, 0xfd, 0x4d, 0xfe, 0xba, 0xff, 0xdc, 0xff, 0xdd, 0xff, 0xdd, 0xff, 0xdd, 0xff, 0xdd, 0xff, 0x72, 0x8e, 0x2c, 0x56,
    0xe7, 0x3c, 0xe1, 0x44, 0xc2, 0x4d, 0x62, 0x45, 0x83, 0x4d, 0xc2, 0x55, 0xa2, 0x5d, 0x61, 0x55, 0x61, 0x4d, 0x21, 0x3d,
    0x40, 0x24, 0xa0, 0x0b, 0xc0, 0x02, 0x61, 0x13, 0x42, 0x1c, 0xc2, 0x24, 0xe2, 0x24, 0x61, 0x0b, 0x60, 0x0a, 0xe1, 0x23,
    0x01, 0x24, 0x01, 0x1c, 0xc2, 0x24, 0x63, 0x35, 0xa3, 0x45, 0xe4, 0x4d, 0x04, 0x56, 0xe3, 0x55, 0xe3, 0x5d, 0x03, 0x66,
    0xa2, 0x55, 0x61, 0x3c, 0x60, 0x3a, 0xc0, 0x80, 0x81, 0xe0, 0x23, 0xe9, 0xe5, 0xd9, 0x46, 0xca, 0x23, 0xa1, 0xe0, 0x60,
    0x00, 0x1a, 0x41, 0x03, 0x00, 0x03, 0xa0, 0x02, 0x80, 0x02, 0xc0, 0x0a, 0x40, 0x1b, 0xa1, 0x2b, 0x42, 0x3c, 0xc2, 0x4c,
    0x23, 0x55, 0x64, 0x5d, 0xa4, 0x65, 0xc4, 0x65, 0xe5, 0x65, 0xc5, 0x65, 0xc5, 0x65, 0xe5, 0x65, 0xe5, 0x65, 0xe5, 0x65,
    0xe5, 0x65, 0xc5, 0x65, 0xa5, 0x5d, 0x85, 0x5d, 0x45, 0x4d, 0x05, 0x4d, 0x84, 0x3c, 0xe3, 0x2b, 0x22, 0x13, 0x21, 0x0b,
    0x82, 0x0b, 0xa5, 0x24, 0xa8, 0x3d, 0x09, 0x4e, 0x4a, 0x5e, 0xac, 0x76, 0xee, 0x86, 0x30, 0x9f, 0x93, 0xb7, 0xd5, 0xcf,
    0x73, 0xc7, 0x0b, 0x7e, 0x42, 0x2c, 0xe0, 0x02, 0xa6, 0x53, 0x57, 0xff, 0x58, 0xff, 0x9a, 0xff, 0xba, 0xff, 0x79, 0xff,
    0xb3, 0xf6, 0xa5, 0xf5, 0x80, 0xfd, 0x60, 0xfd, 0x64, 0xf5, 0x14, 0xff, 0xba, 0xff, 0xdb, 0xff, 0xdc, 0xff, 0xdc, 0xff,
    0xdd, 0xff, 0x47, 0x5d, 0x60, 0x2c, 0xe6, 0x74, 0x33, 0xff, 0x54, 0xff, 0x54, 0xff, 0x75, 0xff, 0x75, 0xff, 0x76, 0xff,
    0x76, 0xff, 0x76, 0xff, 0x76, 0xff, 0x97, 0xff, 0x97, 0xff, 0x97, 0xff, 0x97, 0xff, 0xb8, 0xff, 0x48, 0xf6, 0x00, 0x29,
    0x00, 0x00, 0x00, 0x00, 0x00, 0x00, 0x00, 0x00, 0x00, 0x00, 0x00, 0x00, 0x00, 0x00, 0x00, 0x00, 0x00, 0x00, 0x00, 0x00,
    0x00, 0x00, 0x00, 0x00, 0x00, 0x00, 0x00, 0x00, 0x00, 0x00, 0x00, 0x00, 0x00, 0x00, 0x00, 0x00, 0x00, 0x00, 0x00, 0x00,
    0x00, 0x00, 0x00, 0x00, 0x00, 0x00, 0x00, 0x00, 0x00, 0x00, 0x00, 0x00, 0x00, 0x00, 0x00, 0x00, 0x00, 0x00, 0x00, 0x00,
    0x00, 0x00, 0x00, 0x00, 0x00, 0x00, 0x00, 0x00, 0x00, 0x00, 0x00, 0x00, 0x00, 0x00, 0x00, 0x00, 0x00, 0x00, 0x42, 0xb4,
    0x30, 0xff, 0x76, 0xff, 0x75, 0xff, 0x75, 0xff, 0x75, 0xff, 0x55, 0xff, 0x55, 0xff, 0x54, 0xff, 0x54, 0xff, 0x33, 0xff,
    0x53, 0xff, 0x0c, 0xc6, 0xc1, 0x3b, 0xe1, 0x3c, 0x42, 0x3d, 0xe2, 0x2c, 0x81, 0x24, 0x64, 0x3c, 0x7b, 0xef, 0xdc, 0xff,
    0xdd, 0xff, 0xdd, 0xff, 0xdd, 0xff, 0xbb, 0xff, 0x99, 0xff, 0xea, 0xfd, 0x40, 0xfd, 0xe0, 0xfd, 0xc0, 0xfd, 0x80, 0xfd,
    0x43, 0xfd, 0x35, 0xff, 0xdc, 0xff, 0xdd, 0xff, 0xdd, 0xff, 0xdd, 0xff, 0xdd, 0xff, 0xfd, 0xff, 0x93, 0x9e, 0xeb, 0x45,
    0xcb, 0x4d, 0xa2, 0x2c, 0x02, 0x35, 0xa2, 0x24, 0x42, 0x3d, 0x82, 0x4d, 0x62, 0x45, 0x42, 0x45, 0x41, 0x3d, 0xe1, 0x2c,
    0xa0, 0x13, 0x80, 0x02, 0x20, 0x02, 0x00, 0x02, 0x20, 0x03, 0xc1, 0x0b, 0x61, 0x14, 0x01, 0x35, 0xa2, 0x5d, 0x63, 0x7e,
    0x83, 0x96, 0x65, 0x96, 0xe5, 0x6d, 0x81, 0x24, 0x21, 0x24, 0xa2, 0x34, 0xa2, 0x34, 0x41, 0x2c, 0xe1, 0x2b, 0x00, 0x33,
    0xc0, 0x49, 0xa0, 0x90, 0x00, 0xc8, 0x61, 0xe0, 0x63, 0xf1, 0x46, 0xfa, 0x08, 0xfb, 0x2b, 0xfc, 0x0e, 0xfd, 0x8d, 0xec,
    0xe5, 0xa9, 0x40, 0x61, 0xe1, 0x12, 0x61, 0x03, 0xc1, 0x02, 0xa0, 0x01, 0x82, 0x02, 0xe2, 0x02, 0x42, 0x03, 0x61, 0x0b,
    0x61, 0x0b, 0x41, 0x13, 0x61, 0x13, 0x81, 0x1b, 0x81, 0x1b, 0xa1, 0x23, 0xe1, 0x23, 0xe1, 0x23, 0xe1, 0x23, 0x01, 0x24,
    0x01, 0x24, 0xc1, 0x23, 0xc1, 0x1b, 0xa1, 0x1b, 0x21, 0x0b, 0x01, 0x03, 0x42, 0x03, 0xc4, 0x13, 0x86, 0x24, 0x68, 0x35,
    0xe9, 0x4d, 0x29, 0x5e, 0x6a, 0x76, 0xcc, 0x86, 0x2f, 0x9f, 0x91, 0xb7, 0xb3, 0xbf, 0xb3, 0xbf, 0xb4, 0xbf, 0xb4, 0xbf,
    0xd6, 0xd7, 0xf8, 0xe7, 0x12, 0xbf, 0x44, 0x44, 0xe0, 0x0a, 0xea, 0x84, 0xd5, 0xe6, 0x37, 0xff, 0x16, 0xef, 0xb4, 0xde,
    0x7a, 0xff, 0x79, 0xff, 0xd2, 0xfe, 0x15, 0xff, 0x78, 0xff, 0xba, 0xff, 0xbb, 0xff, 0xdc, 0xff, 0xdd, 0xff, 0xdc, 0xff,
    0xdd, 0xff, 0x46, 0x4c, 0x24, 0x5c, 0xd0, 0xf6, 0x33, 0xff, 0x53, 0xff, 0x54, 0xff, 0x75, 0xff, 0x75, 0xff, 0x75, 0xff,
    0x76, 0xff, 0x76, 0xff, 0x76, 0xff, 0x76, 0xff, 0x97, 0xff, 0x97, 0xff, 0x97, 0xff, 0xb9, 0xff, 0xec, 0xfe, 0x00, 0x52,
    0x00, 0x00, 0x00, 0x00, 0x00, 0x00, 0x00, 0x00, 0x00, 0x00, 0x00, 0x00, 0x00, 0x00, 0x00, 0x00, 0x00, 0x00, 0x00, 0x00,
    0x00, 0x00, 0x00, 0x00, 0x00, 0x00, 0x00, 0x00, 0x00, 0x00, 0x00, 0x00, 0x00, 0x00, 0x00, 0x00, 0x00, 0x00, 0x00, 0x00,
    0x00, 0x00, 0x00, 0x00, 0x00, 0x00, 0x00, 0x00, 0x00, 0x00, 0x00, 0x00, 0x00, 0x00, 0x00, 0x00, 0x00, 0x00, 0x00, 0x00,
    0x00, 0x00, 0x00, 0x00, 0x00, 0x00, 0x00, 0x00, 0x00, 0x00, 0x00, 0x00, 0x00, 0x00, 0x00, 0x00, 0x40, 0x08, 0x43, 0xdd,
    0x53, 0xff, 0x76, 0xff, 0x75, 0xff, 0x75, 0xff, 0x75, 0xff, 0x55, 0xff, 0x54, 0xff, 0x54, 0xff, 0x54, 0xff, 0x33, 0xff,
    0x32, 0xff, 0x11, 0xff, 0xcb, 0xc5, 0xc1, 0x43, 0xa1, 0x3c, 0xe2, 0x34, 0x00, 0x14, 0x89, 0x5c, 0xdc, 0xff, 0xbc, 0xff,
    0xdd, 0xff, 0xdd, 0xff, 0xdd, 0xff, 0xdc, 0xff, 0xbb, 0xff, 0x57, 0xff, 0xeb, 0xfd, 0x64, 0xfd, 0x83, 0xfd, 0xc9, 0xfd,
    0x37, 0xff, 0xbb, 0xff, 0xdc, 0xff, 0xdd, 0xff, 0xdd, 0xff, 0xdd, 0xff, 0xdd, 0xff, 0xdd, 0xff, 0x30, 0x76, 0xeb, 0x45,
    0x0c, 0x4e, 0xc7, 0x2c, 0x01, 0x24, 0x82, 0x2c, 0xa1, 0x24, 0x81, 0x24, 0x61, 0x1c, 0x41, 0x14, 0xc0, 0x13, 0x80, 0x1b,
    0x20, 0x1b, 0x00, 0x23, 0x40, 0x13, 0x60, 0x02, 0xe0, 0x0a, 0x42, 0x35, 0xc3, 0x55, 0xa2, 0x45, 0x03, 0x66, 0xe3, 0x96,
    0x24, 0xa7, 0x87, 0xc7, 0xab, 0xdf, 0x88, 0xa6, 0x80, 0x2a, 0xa0, 0x40, 0xc0, 0x60, 0xa0, 0x68, 0x40, 0x90, 0x00, 0xa8,
    0x00, 0xc0, 0x61, 0xe0, 0x23, 0xf1, 0xe5, 0xf9, 0xa8, 0xfa, 0x09, 0xfb, 0x6a, 0xfb, 0xaa, 0xfb, 0x0b, 0xfc, 0x70, 0xfd,
    0x54, 0xfe, 0x8e, 0xe4, 0x23, 0x91, 0xc0, 0x29, 0x00, 0x02, 0x61, 0x02, 0xe4, 0x0b, 0x45, 0x14, 0x66, 0x14, 0x66, 0x14,
    0x66, 0x14, 0x45, 0x0c, 0x04, 0x0c, 0xe4, 0x0b, 0xc4, 0x03, 0xe4, 0x03, 0x44, 0x0c, 0x65, 0x14, 0x65, 0x1c, 0xc6, 0x2c,
    0xe6, 0x2c, 0x06, 0x35, 0x68, 0x35, 0x67, 0x2d, 0x27, 0x2d, 0x68, 0x35, 0x88, 0x3d, 0x09, 0x4e, 0x4a, 0x5e, 0x6a, 0x6e,
    0xcc, 0x86, 0x0d, 0x97, 0x4f, 0xb7, 0x92, 0xc7, 0xb4, 0xd7, 0xd6, 0xdf, 0xd6, 0xd7, 0xd5, 0xcf, 0xb5, 0xcf, 0xb4, 0xc7,
    0xb4, 0xbf, 0xb5, 0xcf, 0xf7, 0xdf, 0x94, 0xd7, 0x27, 0x5d, 0x60, 0x0b, 0xa2, 0x33, 0xe4, 0x4b, 0x43, 0x33, 0xf1, 0xb5,
    0x9a, 0xff, 0xbb, 0xff, 0x9a, 0xff, 0xdc, 0xff, 0xdd, 0xff, 0x79, 0xf7, 0xdb, 0xff, 0xbb, 0xff, 0xdc, 0xff, 0xdd, 0xff,
    0xf5, 0xd6, 0x81, 0x44, 0x85, 0x8d, 0x8c, 0xd6, 0x12, 0xf7, 0x54, 0xff, 0x54, 0xff, 0x54, 0xff, 0x75, 0xff, 0x75, 0xff,
    0x76, 0xff, 0x76, 0xff, 0x76, 0xff, 0x76, 0xff, 0x76, 0xff, 0x97, 0xff, 0x97, 0xff, 0xb9, 0xff, 0x30, 0xff, 0x01, 0x7b,
    0x00, 0x00, 0x00, 0x00, 0x00, 0x00, 0x00, 0x00, 0x00, 0x00, 0x00, 0x00, 0x00, 0x00, 0x00, 0x00, 0x00, 0x00, 0x00, 0x00,
    0x00, 0x00, 0x00, 0x00, 0x00, 0x00, 0x00, 0x00, 0x00, 0x00, 0x00, 0x00, 0x00, 0x00, 0x00, 0x00, 0x00, 0x00, 0x00, 0x00,
    0x00, 0x00, 0x00, 0x00, 0x00, 0x00, 0x00, 0x00, 0x00, 0x00, 0x00, 0x00, 0x00, 0x00, 0x00, 0x00, 0x00, 0x00, 0x00, 0x00,
    0x00, 0x00, 0x00, 0x00, 0x00, 0x00, 0x00, 0x00, 0x00, 0x00, 0x00, 0x00, 0x00, 0x00, 0x00, 0x00, 0x00, 0x29, 0x26, 0xf6,
    0x75, 0xff, 0x75, 0xff, 0x75, 0xff, 0x75, 0xff, 0x55, 0xff, 0x54, 0xff, 0x54, 0xff, 0x54, 0xff, 0x54, 0xff, 0x33, 0xff,
    0x12, 0xff, 0xf0, 0xfe, 0xce, 0xfe, 0xca, 0xdd, 0x03, 0x64, 0x81, 0x1b, 0x80, 0x02, 0x46, 0x43, 0x9b, 0xff, 0xbb, 0xff,
    0xdc, 0xff, 0xdd, 0xff, 0xdd, 0xff, 0xbc, 0xff, 0xbb, 0xff, 0x9a, 0xff, 0x9a, 0xff, 0x78, 0xff, 0x57, 0xff, 0xdc, 0xff,
    0xfe, 0xff, 0x7a, 0xf7, 0xbb, 0xff, 0xdc, 0xff, 0xdc, 0xff, 0xbb, 0xff, 0xdc, 0xff, 0xf7, 0xbe, 0x6a, 0x35, 0xeb, 0x4d,
    0x6a, 0x35, 0xc8, 0x1c, 0x23, 0x03, 0x40, 0x13, 0x20, 0x1c, 0xc0, 0x13, 0x20, 0x0b, 0x80, 0x13, 0xe1, 0x54, 0x43, 0x8e,
    0x22, 0x76, 0x01, 0x3d, 0x21, 0x35, 0xa0, 0x1c, 0x62, 0x35, 0x43, 0x5e, 0x64, 0x76, 0xa4, 0x86, 0x63, 0x76, 0x22, 0x66,
    0xc3, 0x96, 0x46, 0xbf, 0x69, 0xcf, 0xcb, 0xdf, 0xe9, 0xb6, 0x60, 0x62, 0x00, 0xd0, 0x40, 0xd8, 0x81, 0xe0, 0xe2, 0xe8,
    0x64, 0xf1, 0xe5, 0xf9, 0x67, 0xfa, 0xc6, 0xfa, 0x06, 0xfc, 0x87, 0xfb, 0xca, 0xfb, 0x6d, 0xfc, 0x8e, 0xfc, 0x4d, 0xfc,
    0x6d, 0xfc, 0xf2, 0xfd, 0x53, 0xf6, 0x88, 0xc2, 0xa0, 0x50, 0x63, 0x0b, 0x85, 0x14, 0xa6, 0x1c, 0xc6, 0x1c, 0xc6, 0x1c,
    0xa6, 0x1c, 0xa6, 0x1c, 0xc6, 0x1c, 0xc6, 0x14, 0xc6, 0x14, 0x27, 0x1d, 0x68, 0x2d, 0x88, 0x35, 0xc9, 0x45, 0x4b, 0x5e,
    0x6b, 0x66, 0x8c, 0x66, 0xad, 0x76, 0x4b, 0x5e, 0x0a, 0x4e, 0x0a, 0x56, 0x6a, 0x66, 0xcc, 0x86, 0x0d, 0x97, 0x4e, 0xa7,
    0x91, 0xbf, 0xb2, 0xcf, 0xd3, 0xd7, 0xd6, 0xdf, 0xd8, 0xef, 0xd9, 0xf7, 0xda, 0xf7, 0xd9, 0xef, 0xd6, 0xd7, 0xb5, 0xcf,
    0xb5, 0xc7, 0xb4, 0xbf, 0xb4, 0xbf, 0xd6, 0xd7, 0xd6, 0xdf, 0xca, 0x75, 0xe0, 0x23, 0x00, 0x2c, 0xa1, 0x2b, 0xd5, 0xe6,
    0x9a, 0xff, 0xdc, 0xff, 0xbb, 0xff, 0xdb, 0xff, 0xdd, 0xff, 0xab, 0x74, 0x4d, 0x9d, 0xd5, 0xde, 0xd5, 0xde, 0x30, 0xae,
    0xe3, 0x54, 0x81, 0x65, 0x43, 0x8e, 0x43, 0x96, 0x45, 0x9e, 0xef, 0xde, 0x55, 0xff, 0x54, 0xff, 0x55, 0xff, 0x75, 0xff,
    0x75, 0xff, 0x76, 0xff, 0x76, 0xff, 0x76, 0xff, 0x76, 0xff, 0x97, 0xff, 0x97, 0xff, 0xb8, 0xff, 0x73, 0xff, 0x02, 0xa4,
    0x00, 0x00, 0x00, 0x00, 0x00, 0x00, 0x00, 0x00, 0x00, 0x00, 0x00, 0x00, 0x00, 0x00, 0x00, 0x00, 0x00, 0x00, 0x00, 0x00,
    0x00, 0x00, 0x00, 0x00, 0x00, 0x00, 0x00, 0x00, 0x00, 0x00, 0x00, 0x00, 0x00, 0x00, 0x00, 0x00, 0x00, 0x00, 0x00, 0x00,
    0x00, 0x00, 0x00, 0x00, 0x00, 0x00, 0x00, 0x00, 0x00, 0x00, 0x00, 0x00, 0x00, 0x00, 0x00, 0x00, 0x00, 0x00, 0x00, 0x00,
    0x00, 0x00, 0x00, 0x00, 0x00, 0x00, 0x00, 0x00, 0x00, 0x00, 0x00, 0x00, 0x00, 0x00, 0x00, 0x00, 0x01, 0x52, 0xa9, 0xfe,
    0x76, 0xff, 0x75, 0xff, 0x75, 0xff, 0x75, 0xff, 0x55, 0xff, 0x54, 0xff, 0x54, 0xff, 0x54, 0xff, 0x54, 0xff, 0x33, 0xff,
    0x12, 0xff, 0xf0, 0xfe, 0xae, 0xfe, 0x8d, 0xfe, 0xc9, 0xdd, 0xc1, 0x43, 0x62, 0x1b, 0xc8, 0x4c, 0x37, 0xdf, 0xbb, 0xff,
    0x9a, 0xff, 0xbb, 0xff, 0xbb, 0xff, 0xbb, 0xff, 0x17, 0xef, 0x59, 0xf7, 0xdd, 0xff, 0xdc, 0xff, 0xdb, 0xff, 0xdc, 0xff,
    0xfe, 0xff, 0x19, 0xd7, 0x2d, 0x75, 0x95, 0xc6, 0x38, 0xe7, 0x17, 0xcf, 0x31, 0x86, 0x09, 0x2d, 0x8a, 0x3d, 0xaa, 0x45,
    0x49, 0x2d, 0x87, 0x14, 0x85, 0x03, 0xe3, 0x02, 0x00, 0x02, 0xa0, 0x01, 0xa1, 0x3b, 0x43, 0x8e, 0xe5, 0xae, 0x43, 0x7e,
    0xc1, 0x5d, 0xe2, 0x75, 0xa2, 0x5d, 0x61, 0x24, 0xa3, 0x3d, 0x43, 0x66, 0xa4, 0x86, 0xc4, 0x9e, 0x46, 0xbf, 0x84, 0x8e,
    0x01, 0x66, 0xc3, 0x9e, 0x05, 0xaf, 0x8a, 0xd7, 0xed, 0xe7, 0x26, 0x8e, 0x20, 0x89, 0xa2, 0xf0, 0x64, 0xf9, 0x06, 0xfa,
    0x67, 0xfa, 0x87, 0xfa, 0xa8, 0xfa, 0xa6, 0xfb, 0xe7, 0xfe, 0x31, 0xff, 0xab, 0xfc, 0x8e, 0xfc, 0x31, 0xfd, 0x51, 0xfd,
    0x51, 0xfd, 0xef, 0xfc, 0x50, 0xfd, 0xb5, 0xfe, 0x8b, 0xdb, 0x00, 0x61, 0x44, 0x14, 0x06, 0x25, 0x06, 0x2d, 0x26, 0x2d,
    0x07, 0x25, 0x07, 0x25, 0x07, 0x25, 0x47, 0x2d, 0x88, 0x35, 0xa9, 0x3d, 0x0a, 0x4e, 0x6b, 0x5e, 0xcd, 0x76, 0x0f, 0x8f,
    0x2f, 0x97, 0x50, 0x9f, 0x50, 0xa7, 0x0e, 0x8f, 0xac, 0x76, 0xcc, 0x7e, 0xed, 0x96, 0x4f, 0xaf, 0x91, 0xbf, 0xb3, 0xcf,
    0xd3, 0xd7, 0xd4, 0xd7, 0xd5, 0xdf, 0xd8, 0xef, 0xd9, 0xf7, 0xd9, 0xf7, 0xda, 0xf7, 0xdb, 0xff, 0xda, 0xf7, 0xd5, 0xd7,
    0xd5, 0xcf, 0xb5, 0xc7, 0xb4, 0xbf, 0xb4, 0xbf, 0xd6, 0xd7, 0xd6, 0xdf, 0x68, 0x6d, 0xe0, 0x23, 0x01, 0x34, 0xd5, 0xde,
    0x9a, 0xff, 0xbb, 0xff, 0xdc, 0xff, 0xbb, 0xff, 0x99, 0xff, 0x65, 0x3b, 0x00, 0x13, 0x01, 0x34, 0x01, 0x34, 0xa0, 0x34,
    0x60, 0x55, 0x01, 0x76, 0xa2, 0x96, 0x25, 0xbf, 0x47, 0xc7, 0xa4, 0xae, 0xaa, 0xc6, 0x54, 0xff, 0x75, 0xff, 0x55, 0xff,
    0x75, 0xff, 0x75, 0xff, 0x76, 0xff, 0x96, 0xff, 0x96, 0xff, 0x96, 0xff, 0x97, 0xff, 0x97, 0xff, 0x95, 0xff, 0xe4, 0xcc,
    0x00, 0x00, 0x00, 0x00, 0x00, 0x00, 0x00, 0x00, 0x00, 0x00, 0x00, 0x00, 0x00, 0x00, 0x00, 0x00, 0x00, 0x00, 0x00, 0x00,
    0x00, 0x00, 0x00, 0x00, 0x00, 0x00, 0x00, 0x00, 0x00, 0x00, 0x00, 0x00, 0x00, 0x00, 0x00, 0x00, 0x00, 0x00, 0x00, 0x00,
    0x00, 0x00, 0x00, 0x00, 0x00, 0x00, 0x00, 0x00, 0x00, 0x00, 0x00, 0x00, 0x00, 0x00, 0x00, 0x00, 0x00, 0x00, 0x00, 0x00,
    0x00, 0x00, 0x00, 0x00, 0x00, 0x00, 0x00, 0x00, 0x00, 0x00, 0x00, 0x00, 0x00, 0x00, 0x00, 0x00, 0x01, 0x83, 0xec, 0xfe,
    0x76, 0xff, 0x75, 0xff, 0x75, 0xff, 0x55, 0xff, 0x55, 0xff, 0x54, 0xff, 0x54, 0xff, 0x54, 0xff, 0x53, 0xff, 0x33, 0xff,
    0x32, 0xff, 0x12, 0xff, 0xf0, 0xfe, 0x47, 0xa5, 0x42, 0x4c, 0xa8, 0x75, 0xad, 0x86, 0x4b, 0x66, 0xcb, 0x55, 0xd5, 0xbe,
    0x7a, 0xf7, 0x9b, 0xff, 0x7b, 0xef, 0x74, 0xae, 0x6a, 0x54, 0x7a, 0xef, 0xdd, 0xff, 0xdd, 0xff, 0xdd, 0xff, 0xdd, 0xff,
    0xdd, 0xff, 0xbc, 0xf7, 0x48, 0x2c, 0x67, 0x14, 0x09, 0x2d, 0x29, 0x25, 0x08, 0x1d, 0x6a, 0x3d, 0xca, 0x45, 0x8a, 0x35,
    0xe8, 0x1c, 0xc5, 0x0b, 0x41, 0x02, 0x80, 0x0a, 0x60, 0x02, 0x61, 0x4c, 0xe4, 0xa6, 0x47, 0xb7, 0x44, 0x86, 0xc2, 0x65,
    0xc3, 0x9e, 0xc3, 0x9e, 0xa1, 0x5d, 0xe1, 0x1b, 0x62, 0x3d, 0x23, 0x66, 0xa3, 0x8e, 0xe3, 0x9e, 0x45, 0xbf, 0x25, 0xb7,
    0xc4, 0x9e, 0x83, 0x86, 0x05, 0xaf, 0x47, 0xbf, 0x47, 0xbf, 0x69, 0xcf, 0x41, 0x63, 0xc2, 0xe0, 0xe5, 0xf9, 0x87, 0xfa,
    0xc8, 0xfa, 0x08, 0xfb, 0x49, 0xfb, 0x8a, 0xfb, 0x47, 0xfd, 0x4a, 0xff, 0x4e, 0xff, 0x4a, 0xfc, 0xf0, 0xfc, 0xf4, 0xfd,
    0x97, 0xfe, 0xf8, 0xfe, 0xf4, 0xfd, 0x30, 0xfd, 0xb5, 0xfe, 0xcc, 0xdb, 0x61, 0x79, 0xa5, 0x24, 0x46, 0x35, 0x67, 0x3d,
    0x67, 0x35, 0x68, 0x35, 0x88, 0x35, 0xc9, 0x3d, 0xc9, 0x45, 0x0a, 0x56, 0x8d, 0x6e, 0x0f, 0x87, 0x50, 0x9f, 0x50, 0xa7,
    0x71, 0xaf, 0xb3, 0xc7, 0xb4, 0xcf, 0x71, 0xb7, 0x2e, 0x9f, 0x4e, 0xa7, 0x90, 0xb7, 0xb2, 0xc7, 0xd3, 0xcf, 0xd4, 0xd7,
    0xd4, 0xd7, 0xd4, 0xd7, 0xd5, 0xdf, 0xd8, 0xef, 0xd9, 0xf7, 0xd9, 0xf7, 0xd9, 0xf7, 0xda, 0xf7, 0xda, 0xf7, 0xd7, 0xdf,
    0xd5, 0xd7, 0xd5, 0xcf, 0xb4, 0xc7, 0xb4, 0xbf, 0xb4, 0xbf, 0xd6, 0xcf, 0x95, 0xcf, 0x46, 0x55, 0x00, 0x24, 0x8d, 0x95,
    0x99, 0xff, 0x78, 0xff, 0x9a, 0xff, 0xdb, 0xff, 0x32, 0xc6, 0xa0, 0x12, 0x00, 0x2c, 0xc0, 0x3c, 0x00, 0x3d, 0x60, 0x4d,
    0xe1, 0x6d, 0x61, 0x86, 0xc2, 0x9e, 0xc3, 0xa6, 0x04, 0xb7, 0x89, 0xdf, 0xe5, 0xbe, 0x88, 0xbe, 0x74, 0xff, 0x75, 0xff,
    0x75, 0xff, 0x75, 0xff, 0x75, 0xff, 0x76, 0xff, 0x96, 0xff, 0x96, 0xff, 0x96, 0xff, 0x97, 0xff, 0x97, 0xff, 0xa5, 0xe5,
    0x60, 0x10, 0x00, 0x00, 0x00, 0x00, 0x00, 0x00, 0x00, 0x00, 0x00, 0x00, 0x00, 0x00, 0x00, 0x00, 0x00, 0x00, 0x00, 0x00,
    0x00, 0x00, 0x00, 0x00, 0x00, 0x00, 0x00, 0x00, 0x00, 0x00, 0x00, 0x00, 0x00, 0x00, 0x00, 0x00, 0x00, 0x00, 0x00, 0x00,
    0x00, 0x00, 0x00, 0x00, 0x00, 0x00, 0x00, 0x00, 0x00, 0x00, 0x00, 0x00, 0x00, 0x00, 0x00, 0x00, 0x00, 0x00, 0x00, 0x00,
    0x00, 0x00, 0x00, 0x00, 0x00, 0x00, 0x00, 0x00, 0x00, 0x00, 0x00, 0x00, 0x00, 0x00, 0x00, 0x00, 0xe1, 0xa3, 0x30, 0xff,
    0x76, 0xff, 0x75, 0xff, 0x75, 0xff, 0x55, 0xff, 0x54, 0xff, 0x54, 0xff, 0x54, 0xff, 0x54, 0xff, 0x33, 0xff, 0x33, 0xff,
    0x33, 0xff, 0xf1, 0xf6, 0x66, 0x8d, 0x45, 0x65, 0xce, 0x9e, 0x50, 0xa7, 0xef, 0x8e, 0x8d, 0x76, 0x0a, 0x4e, 0x69, 0x3d,
    0x8b, 0x55, 0xac, 0x5d, 0x2a, 0x3d, 0xc7, 0x1c, 0xea, 0x3c, 0x9b, 0xff, 0xdc, 0xff, 0xdd, 0xff, 0xdd, 0xff, 0xdc, 0xff,
    0xdc, 0xff, 0xbc, 0xff, 0x4b, 0x4d, 0x08, 0x1d, 0x29, 0x2d, 0x8a, 0x3d, 0xcb, 0x45, 0xaa, 0x3d, 0x89, 0x35, 0x87, 0x1c,
    0x43, 0x0b, 0x00, 0x13, 0x60, 0x1b, 0xc0, 0x13, 0xe1, 0x4c, 0xe4, 0x96, 0x27, 0xaf, 0x85, 0x96, 0x02, 0x6e, 0x04, 0xaf,
    0x04, 0xb7, 0xa3, 0x96, 0x61, 0x4d, 0x01, 0x1c, 0x63, 0x3d, 0x03, 0x5e, 0x83, 0x86, 0xc3, 0x96, 0x05, 0xaf, 0x04, 0xaf,
    0x46, 0xbf, 0x83, 0x8e, 0x42, 0x86, 0x05, 0xb7, 0x05, 0xaf, 0x46, 0xbf, 0xa4, 0x85, 0x81, 0xc1, 0xe5, 0xf9, 0x87, 0xfa,
    0xe8, 0xfa, 0x49, 0xfb, 0x8a, 0xfb, 0xec, 0xfb, 0x4c, 0xfc, 0x07, 0xfd, 0xc6, 0xfd, 0xc8, 0xfb, 0x8e, 0xfc, 0x15, 0xfe,
    0x19, 0xff, 0xbc, 0xff, 0xbc, 0xff, 0x77, 0xfe, 0x30, 0xfd, 0x17, 0xff, 0x6b, 0xdb, 0x60, 0x69, 0xa5, 0x24, 0x67, 0x3d,
    0xa8, 0x3d, 0xc8, 0x3d, 0xe9, 0x45, 0xe9, 0x45, 0x0a, 0x56, 0x8c, 0x6e, 0xee, 0x86, 0x30, 0x9f, 0x50, 0xa7, 0x50, 0xa7,
    0x92, 0xb7, 0xd5, 0xd7, 0xd6, 0xdf, 0xb2, 0xc7, 0x90, 0xb7, 0x91, 0xbf, 0xb2, 0xcf, 0xd3, 0xd7, 0xd4, 0xd7, 0xd4, 0xd7,
    0xd4, 0xdf, 0xd5, 0xdf, 0xd5, 0xdf, 0xd6, 0xe7, 0xd8, 0xef, 0xd9, 0xf7, 0xd9, 0xef, 0xd8, 0xef, 0xd8, 0xef, 0xd7, 0xe7,
    0xd5, 0xd7, 0xd5, 0xd7, 0xb5, 0xc7, 0xb4, 0xbf, 0x93, 0xb7, 0x94, 0xb7, 0xd7, 0xd7, 0x53, 0xbf, 0x42, 0x34, 0x00, 0x12,
    0xed, 0x94, 0xf6, 0xe6, 0x38, 0xef, 0x53, 0xbe, 0xc3, 0x33, 0x20, 0x13, 0xe0, 0x23, 0x80, 0x34, 0x20, 0x4d, 0xe1, 0x65,
    0x41, 0x7e, 0x82, 0x8e, 0xa2, 0x9e, 0xe3, 0xae, 0x03, 0xb7, 0x25, 0xbf, 0x8a, 0xdf, 0xe6, 0xbe, 0x68, 0xb6, 0x75, 0xff,
    0x75, 0xff, 0x75, 0xff, 0x75, 0xff, 0x76, 0xff, 0x76, 0xff, 0x76, 0xff, 0x96, 0xff, 0x97, 0xff, 0xb8, 0xff, 0x27, 0xf6,
    0x00, 0x29, 0x00, 0x00, 0x00, 0x00, 0x00, 0x00, 0x00, 0x00, 0x00, 0x00, 0x00, 0x00, 0x00, 0x00, 0x00, 0x00, 0x00, 0x00,
    0x00, 0x00, 0x00, 0x00, 0x00, 0x00, 0x00, 0x00, 0x00, 0x00, 0x00, 0x00, 0x00, 0x00, 0x00, 0x00, 0x00, 0x00, 0x00, 0x00,
    0x00, 0x00, 0x00, 0x00, 0x00, 0x00, 0x00, 0x00, 0x00, 0x00, 0x00, 0x00, 0x00, 0x00, 0x00, 0x00, 0x00, 0x00, 0x00, 0x00,
    0x00, 0x00, 0x00, 0x00, 0x00, 0x00, 0x00, 0x00, 0x00, 0x00, 0x00, 0x00, 0x00, 0x00, 0x00, 0x00, 0x83, 0xc4, 0x52, 0xff,
    0x76, 0xff, 0x75, 0xff, 0x75, 0xff, 0x54, 0xff, 0x54, 0xff, 0x54, 0xff, 0x54, 0xff, 0x54, 0xff, 0x33, 0xff, 0x53, 0xff,
    0xf2, 0xf6, 0x05, 0x75, 0x66, 0x65, 0x71, 0xb7, 0x92, 0xbf, 0x72, 0xb7, 0x71, 0xaf, 0x30, 0x97, 0xce, 0x7e, 0x8d, 0x6e,
    0x4c, 0x5e, 0x0a, 0x4e, 0xea, 0x4d, 0xea, 0x4d, 0x8a, 0x45, 0x5a, 0xef, 0xbb, 0xff, 0xdc, 0xff, 0xdc, 0xff, 0xdc, 0xff,
    0xbb, 0xff, 0xf8, 0xe6, 0x88, 0x2c, 0x69, 0x2d, 0x8a, 0x3d, 0x8a, 0x3d, 0x8a, 0x35, 0x69, 0x2d, 0x05, 0x14, 0x41, 0x13,
    0xe2, 0x44, 0x62, 0x45, 0x20, 0x1c, 0xc0, 0x23, 0x23, 0x86, 0x06, 0xaf, 0x28, 0xb7, 0xc2, 0x65, 0xc3, 0x9e, 0x25, 0xbf,
    0x47, 0xcf, 0x82, 0x8e, 0x21, 0x3d, 0x40, 0x13, 0x63, 0x45, 0xa3, 0x45, 0x23, 0x6e, 0x83, 0x86, 0xc4, 0x9e, 0xe3, 0x9e,
    0xe4, 0xa6, 0x05, 0xaf, 0x63, 0x86, 0xa3, 0x8e, 0xc3, 0x96, 0x05, 0xa7, 0xc6, 0x9e, 0x81, 0x9a, 0xa5, 0xf9, 0x87, 0xfa,
    0xe8, 0xfa, 0x6a, 0xfb, 0xab, 0xfb, 0x0c, 0xfc, 0x2d, 0xfc, 0x4d, 0xfc, 0xca, 0xfb, 0xec, 0xfb, 0x4d, 0xfc, 0x52, 0xfd,
    0x3a, 0xff, 0xbc, 0xff, 0xbc, 0xff, 0xfd, 0xff, 0x56, 0xfe, 0x30, 0xfd, 0xb6, 0xfe, 0x26, 0xc2, 0x01, 0x4a, 0x46, 0x2d,
    0xc8, 0x45, 0xe8, 0x4d, 0xe9, 0x4d, 0x09, 0x4e, 0x6b, 0x66, 0xcd, 0x86, 0x2f, 0x97, 0x50, 0xa7, 0x70, 0xaf, 0x71, 0xb7,
    0xb3, 0xc7, 0xd5, 0xd7, 0xd5, 0xdf, 0xb2, 0xc7, 0xb2, 0xc7, 0xb2, 0xc7, 0xb3, 0xcf, 0xd3, 0xd7, 0xd4, 0xd7, 0xd4, 0xd7,
    0xd4, 0xdf, 0xd5, 0xdf, 0xd5, 0xdf, 0xd5, 0xdf, 0xd6, 0xdf, 0xd6, 0xe7, 0xd7, 0xe7, 0xd7, 0xe7, 0xd6, 0xdf, 0xd5, 0xd7,
    0xd5, 0xd7, 0xd5, 0xd7, 0xb5, 0xcf, 0xb4, 0xbf, 0x93, 0xb7, 0x93, 0xaf, 0xb5, 0xbf, 0xd7, 0xd7, 0x0b, 0x76, 0xe0, 0x0a,
    0xe0, 0x12, 0xc2, 0x33, 0xa2, 0x33, 0x60, 0x1b, 0x60, 0x2c, 0xa0, 0x34, 0x40, 0x2c, 0x20, 0x34, 0xe0, 0x3c, 0xc1, 0x5d,
    0xe1, 0x6d, 0xe1, 0x6d, 0x21, 0x7e, 0x82, 0x86, 0xa2, 0x96, 0xc3, 0xa6, 0x24, 0xbf, 0xab, 0xe7, 0xc6, 0xbe, 0xcb, 0xce,
    0x76, 0xff, 0x75, 0xff, 0x75, 0xff, 0x75, 0xff, 0x75, 0xff, 0x76, 0xff, 0x96, 0xff, 0x96, 0xff, 0xb8, 0xff, 0x89, 0xfe,
    0x80, 0x41, 0x00, 0x00, 0x00, 0x00, 0x00, 0x00, 0x00, 0x00, 0x00, 0x00, 0x00, 0x00, 0x00, 0x00, 0x00, 0x00, 0x00, 0x00,
    0x00, 0x00, 0x00, 0x00, 0x00, 0x00, 0x00, 0x00, 0x00, 0x00, 0x00, 0x00, 0x00, 0x00, 0x00, 0x00, 0x00, 0x00, 0x00, 0x00,
    0x00, 0x00, 0x00, 0x00, 0x00, 0x00, 0x00, 0x00, 0x00, 0x00, 0x00, 0x00, 0x00, 0x00, 0x00, 0x00, 0x00, 0x00, 0x00, 0x00,
    0x00, 0x00, 0x00, 0x00, 0x00, 0x00, 0x00, 0x00, 0x00, 0x00, 0x00, 0x00, 0x00, 0x00, 0x40, 0x08, 0x24, 0xd5, 0x74, 0xff,
    0x76, 0xff, 0x75, 0xff, 0x55, 0xff, 0x54, 0xff, 0x54, 0xff, 0x54, 0xff, 0x54, 0xff, 0x54, 0xff, 0x53, 0xff, 0x12, 0xf7,
    0x26, 0x7d, 0x87, 0x6d, 0x51, 0xaf, 0x71, 0xb7, 0x72, 0xb7, 0x93, 0xb7, 0x93, 0xb7, 0x93, 0xb7, 0x72, 0xaf, 0x51, 0xa7,
    0x50, 0x9f, 0x30, 0x9f, 0x10, 0x97, 0xce, 0x8e, 0xa9, 0x4d, 0x30, 0x96, 0xbb, 0xff, 0x9a, 0xff, 0x9a, 0xff, 0xbb, 0xff,
    0xbb, 0xff, 0xac, 0x7c, 0xa2, 0x02, 0x69, 0x35, 0xaa, 0x3d, 0x29, 0x2d, 0xe8, 0x24, 0xc4, 0x0b, 0x21, 0x34, 0xe3, 0x6d,
    0x83, 0x4d, 0xc2, 0x2c, 0xc0, 0x13, 0xe2, 0x75, 0x63, 0x86, 0xc5, 0xa6, 0x44, 0x7e, 0xa4, 0x8e, 0xe4, 0x9e, 0x05, 0xb7,
    0x05, 0xb7, 0x43, 0x7e, 0x21, 0x45, 0xa0, 0x09, 0x62, 0x3c, 0x63, 0x3d, 0x83, 0x45, 0x23, 0x66, 0x63, 0x7e, 0x83, 0x86,
    0xc4, 0x96, 0xe4, 0x9e, 0x06, 0xa7, 0x83, 0x7e, 0x83, 0x8e, 0xc3, 0x96, 0xe6, 0x9e, 0xc0, 0x7a, 0x44, 0xf9, 0x87, 0xfa,
    0xe8, 0xfa, 0x4a, 0xfb, 0xab, 0xfb, 0xec, 0xfb, 0xec, 0xfb, 0xec, 0xfb, 0x2d, 0xfc, 0x4d, 0xfc, 0xae, 0xfc, 0xaf, 0xfc,
    0xd4, 0xfd, 0x7b, 0xff, 0xdd, 0xff, 0xdc, 0xff, 0xbc, 0xff, 0x31, 0xfd, 0x30, 0xfd, 0x13, 0xfe, 0x43, 0xb1, 0xc3, 0x3b,
    0xa7, 0x3d, 0xc8, 0x4d, 0xe8, 0x4d, 0x2a, 0x5e, 0x8c, 0x76, 0x0e, 0x97, 0x30, 0x9f, 0x50, 0xa7, 0x71, 0xaf, 0x92, 0xbf,
    0xb4, 0xcf, 0xd4, 0xcf, 0xb3, 0xcf, 0xb2, 0xc7, 0xb2, 0xc7, 0xb2, 0xcf, 0xb3, 0xcf, 0xd3, 0xd7, 0xd4, 0xd7, 0xd4, 0xd7,
    0xd4, 0xd7, 0xd4, 0xdf, 0xd5, 0xdf, 0xd5, 0xdf, 0xd5, 0xdf, 0xd5, 0xdf, 0xd5, 0xd7, 0xd5, 0xd7, 0xd5, 0xd7, 0xd5, 0xd7,
    0xd5, 0xcf, 0xb5, 0xcf, 0xb4, 0xc7, 0xb4, 0xbf, 0x94, 0xb7, 0x73, 0xa7, 0x73, 0xa7, 0xb5, 0xbf, 0x73, 0xb7, 0xc4, 0x3c,
    0x40, 0x1b, 0xa0, 0x23, 0xe0, 0x23, 0x40, 0x34, 0xe0, 0x44, 0xe0, 0x3c, 0x41, 0x55, 0xe2, 0x6d, 0xc2, 0x75, 0xe1, 0x4c,
    0xa0, 0x34, 0xc1, 0x5d, 0x61, 0x7e, 0x62, 0x86, 0x62, 0x8e, 0x62, 0x96, 0xa2, 0x9e, 0x25, 0xb7, 0xac, 0xe7, 0xa4, 0xae,
    0x31, 0xef, 0x76, 0xff, 0x75, 0xff, 0x75, 0xff, 0x75, 0xff, 0x75, 0xff, 0x76, 0xff, 0x96, 0xff, 0xb8, 0xff, 0xec, 0xfe,
    0x20, 0x5a, 0x00, 0x00, 0x00, 0x00, 0x00, 0x00, 0x00, 0x00, 0x00, 0x00, 0x00, 0x00, 0x00, 0x00, 0x00, 0x00, 0x00, 0x00,
    0x00, 0x00, 0x00, 0x00, 0x00, 0x00, 0x00, 0x00, 0x00, 0x00, 0x00, 0x00, 0x00, 0x00, 0x00, 0x00, 0x00, 0x00, 0x00, 0x00,
    0x00, 0x00, 0x00, 0x00, 0x00, 0x00, 0x00, 0x00, 0x00, 0x00, 0x00, 0x00, 0x00, 0x00, 0x00, 0x00, 0x00, 0x00, 0x00, 0x00,
    0x00, 0x00, 0x00, 0x00, 0x00, 0x00, 0x00, 0x00, 0x00, 0x00, 0x00, 0x00, 0x00, 0x00, 0xa0, 0x18, 0xc6, 0xed, 0x75, 0xff,
    0x75, 0xff, 0x75, 0xff, 0x54, 0xff, 0x54, 0xff, 0x54, 0xff, 0x54, 0xff, 0x54, 0xff, 0x54, 0xff, 0x54, 0xff, 0x68, 0x95,
    0x46, 0x5d, 0x30, 0xa7, 0x51, 0xaf, 0x51, 0xaf, 0x72, 0xaf, 0x93, 0xb7, 0x93, 0xbf, 0xb4, 0xc7, 0xb3, 0xc7, 0xb4, 0xbf,
    0xb4, 0xc7, 0xb4, 0xc7, 0x93, 0xbf, 0x71, 0xb7, 0xad, 0x86, 0xa9, 0x55, 0x71, 0x9e, 0x58, 0xe7, 0x59, 0xef, 0x37, 0xdf,
    0x50, 0x8e, 0x89, 0x45, 0x46, 0x2c, 0xc4, 0x13, 0x08, 0x25, 0x08, 0x1d, 0x63, 0x0b, 0x01, 0x3c, 0x24, 0x76, 0xe4, 0x65,
    0x43, 0x45, 0xc1, 0x1b, 0x41, 0x3c, 0x84, 0x86, 0x64, 0x7e, 0x24, 0x76, 0x03, 0x76, 0xc4, 0x9e, 0xc4, 0x96, 0xe4, 0xa6,
    0xa4, 0x96, 0xc2, 0x5d, 0x21, 0x2c, 0x80, 0x38, 0x40, 0x32, 0x63, 0x4d, 0x23, 0x35, 0x63, 0x3d, 0x03, 0x5e, 0x23, 0x6e,
    0x64, 0x7e, 0xa4, 0x86, 0xc4, 0x96, 0x64, 0x86, 0x22, 0x76, 0x83, 0x8e, 0x84, 0x8e, 0x80, 0x6a, 0x03, 0xf9, 0xa8, 0xfa,
    0x09, 0xfb, 0x4a, 0xfb, 0x6a, 0xfb, 0xab, 0xfb, 0xcb, 0xfb, 0xec, 0xfb, 0x2c, 0xfc, 0x2d, 0xfc, 0x6e, 0xfc, 0x8e, 0xfc,
    0x8e, 0xfc, 0xf4, 0xfd, 0x9b, 0xff, 0xbc, 0xff, 0x9b, 0xff, 0xf4, 0xfd, 0x0c, 0xfc, 0x13, 0xfe, 0x10, 0xf5, 0x41, 0x89,
    0xa5, 0x24, 0x87, 0x45, 0xe8, 0x55, 0x4a, 0x6e, 0xcc, 0x86, 0x0f, 0x97, 0x50, 0x9f, 0x70, 0xa7, 0x71, 0xaf, 0x92, 0xbf,
    0x92, 0xbf, 0x91, 0xbf, 0x91, 0xbf, 0xb2, 0xc7, 0xb2, 0xc7, 0xb2, 0xcf, 0xb3, 0xcf, 0xb3, 0xcf, 0xb3, 0xcf, 0xd4, 0xd7,
    0xd4, 0xd7, 0xd4, 0xd7, 0xd4, 0xd7, 0xd4, 0xd7, 0xd5, 0xd7, 0xd4, 0xd7, 0xd4, 0xd7, 0xd5, 0xcf, 0xd5, 0xcf, 0xb5, 0xcf,
    0xb4, 0xcf, 0xb4, 0xc7, 0xb4, 0xc7, 0xb4, 0xbf, 0x94, 0xb7, 0x73, 0xa7, 0x53, 0x9f, 0x74, 0xaf, 0xd6, 0xc7, 0x0b, 0x76,
    0x40, 0x1b, 0xa0, 0x23, 0x60, 0x34, 0xe0, 0x44, 0x21, 0x4d, 0xa1, 0x3c, 0x61, 0x55, 0x02, 0x6e, 0x42, 0x86, 0x63, 0x96,
    0x02, 0x76, 0xa0, 0x55, 0x21, 0x76, 0x62, 0x8e, 0xa2, 0x9e, 0x03, 0xaf, 0x24, 0xbf, 0x04, 0xb7, 0x47, 0xc7, 0x69, 0xd7,
    0xa8, 0xbe, 0x75, 0xff, 0x75, 0xff, 0x75, 0xff, 0x75, 0xff, 0x76, 0xff, 0x76, 0xff, 0x96, 0xff, 0xb9, 0xff, 0x0e, 0xff,
    0xa0, 0x72, 0x00, 0x00, 0x00, 0x00, 0x00, 0x00, 0x00, 0x00, 0x00, 0x00, 0x00, 0x00, 0x00, 0x00, 0x00, 0x00, 0x00, 0x00,
    0x00, 0x00, 0x00, 0x00, 0x00, 0x00, 0x00, 0x00, 0x00, 0x00, 0x00, 0x00, 0x00, 0x00, 0x00, 0x00, 0x00, 0x00, 0x00, 0x00,
    0x00, 0x00, 0x00, 0x00, 0x00, 0x00, 0x00, 0x00, 0x00, 0x00, 0x00, 0x00, 0x00, 0x00, 0x00, 0x00, 0x00, 0x00, 0x00, 0x00,
    0x00, 0x00, 0x00, 0x00, 0x00, 0x00, 0x00, 0x00, 0x00, 0x00, 0x00, 0x00, 0x00, 0x00, 0x00, 0x29, 0x47, 0xf6, 0x75, 0xff,
    0x75, 0xff, 0x54, 0xff, 0x54, 0xff, 0x54, 0xff, 0x54, 0xff, 0x54, 0xff, 0x33, 0xff, 0x54, 0xff, 0x0c, 0xb6, 0xc4, 0x54,
    0xee, 0x96, 0x30, 0x9f, 0x30, 0xa7, 0x72, 0xaf, 0x72, 0xaf, 0x93, 0xb7, 0xb4, 0xc7, 0xd5, 0xcf, 0xb4, 0xc7, 0xb4, 0xc7,
    0xb4, 0xcf, 0xb4, 0xc7, 0xb3, 0xcf, 0xb3, 0xcf, 0x92, 0xbf, 0xef, 0x96, 0x2a, 0x66, 0xca, 0x5d, 0xaa, 0x5d, 0x89, 0x4d,
    0xc9, 0x4d, 0x4c, 0x66, 0x6d, 0x6e, 0xa7, 0x2c, 0x02, 0x03, 0x23, 0x03, 0x01, 0x34, 0x24, 0x76, 0xc4, 0x5d, 0x03, 0x45,
    0xa2, 0x24, 0xa0, 0x13, 0x63, 0x5d, 0x04, 0x5e, 0x44, 0x6e, 0xe3, 0x65, 0x43, 0x7e, 0x83, 0x8e, 0x63, 0x86, 0xa3, 0x8e,
    0x43, 0x76, 0xa2, 0x55, 0x60, 0x12, 0x00, 0x68, 0x40, 0x80, 0xa0, 0x2a, 0x63, 0x45, 0x83, 0x3d, 0x23, 0x35, 0x63, 0x45,
    0xe3, 0x5d, 0x23, 0x66, 0x43, 0x76, 0x43, 0x86, 0x43, 0x76, 0x83, 0x7e, 0x43, 0x76, 0x40, 0x6a, 0x24, 0xf9, 0xc8, 0xfa,
    0x09, 0xfb, 0x4a, 0xfb, 0x4a, 0xfb, 0x8a, 0xfb, 0xcb, 0xfb, 0xec, 0xfb, 0x0c, 0xfc, 0x0c, 0xfc, 0x2d, 0xfc, 0x4d, 0xfc,
    0x0b, 0xfc, 0x0c, 0xfc, 0xf4, 0xfd, 0xb8, 0xfe, 0x77, 0xfe, 0xb3, 0xfd, 0x6e, 0xfc, 0xae, 0xfc, 0x95, 0xfe, 0x67, 0xca,
    0x41, 0x42, 0x66, 0x35, 0x08, 0x5e, 0x6a, 0x76, 0xcd, 0x86, 0x0e, 0x97, 0x4f, 0x9f, 0x70, 0xa7, 0x71, 0xaf, 0x71, 0xb7,
    0x70, 0xaf, 0x4f, 0xaf, 0x91, 0xb7, 0x91, 0xbf, 0xb2, 0xc7, 0xb2, 0xc7, 0xb3, 0xc7, 0xb3, 0xc7, 0xb3, 0xcf, 0xb3, 0xcf,
    0xb4, 0xcf, 0xb4, 0xcf, 0xb4, 0xcf, 0xb4, 0xcf, 0xb4, 0xcf, 0xd4, 0xcf, 0xb4, 0xcf, 0xb4, 0xc7, 0xb4, 0xc7, 0xb4, 0xc7,
    0xb4, 0xc7, 0xb4, 0xbf, 0x94, 0xbf, 0x94, 0xb7, 0x93, 0xaf, 0x73, 0xa7, 0x53, 0x97, 0x53, 0x9f, 0x94, 0xb7, 0x11, 0xa7,
    0x63, 0x34, 0xa0, 0x23, 0x60, 0x34, 0xc0, 0x44, 0x21, 0x4d, 0xe1, 0x44, 0x81, 0x55, 0x02, 0x6e, 0x42, 0x7e, 0xa3, 0x96,
    0xc4, 0x9e, 0x02, 0x76, 0x41, 0x5d, 0xa1, 0x65, 0x82, 0x8e, 0xe2, 0x9e, 0xe3, 0xa6, 0x03, 0xb7, 0x45, 0xc7, 0xa9, 0xdf,
    0xa3, 0xae, 0x11, 0xe7, 0x76, 0xff, 0x75, 0xff, 0x76, 0xff, 0x76, 0xff, 0x76, 0xff, 0x76, 0xff, 0xb8, 0xff, 0x30, 0xff,
    0x21, 0x83, 0x00, 0x00, 0x00, 0x00, 0x00, 0x00, 0x00, 0x00, 0x00, 0x00, 0x00, 0x00, 0x00, 0x00, 0x00, 0x00, 0x00, 0x00,
    0x00, 0x00, 0x00, 0x00, 0x00, 0x00, 0x00, 0x00, 0x00, 0x00, 0x00, 0x00, 0x00, 0x00, 0x00, 0x00, 0x00, 0x00, 0x00, 0x00,
    0x00, 0x00, 0x00, 0x00, 0x00, 0x00, 0x00, 0x00, 0x00, 0x00, 0x00, 0x00, 0x00, 0x00, 0x00, 0x00, 0x00, 0x00, 0x00, 0x00,
    0x00, 0x00, 0x00, 0x00, 0x00, 0x00, 0x00, 0x00, 0x00, 0x00, 0x00, 0x00, 0x00, 0x00, 0x80, 0x41, 0x89, 0xfe, 0x75, 0xff,
    0x54, 0xff, 0x54, 0xff, 0x54, 0xff, 0x54, 0xff, 0x54, 0xff, 0x54, 0xff, 0x54, 0xff, 0xd1, 0xe6, 0xa3, 0x54, 0x4b, 0x7e,
    0x0f, 0x9f, 0x0f, 0x97, 0x30, 0x9f, 0x51, 0xa7, 0x71, 0xaf, 0x93, 0xbf, 0xb4, 0xc7, 0xb3, 0xc7, 0xb3, 0xc7, 0xb4, 0xcf,
    0xb4, 0xcf, 0xb4, 0xcf, 0xb4, 0xd7, 0xb4, 0xd7, 0xd5, 0xdf, 0xb4, 0xd7, 0x50, 0xb7, 0xed, 0x96, 0x8c, 0x7e, 0x6b, 0x76,
    0x6c, 0x76, 0x4c, 0x66, 0x4c, 0x5e, 0xeb, 0x4d, 0x44, 0x13, 0xa0, 0x1a, 0xa3, 0x65, 0xc3, 0x55, 0xe2, 0x3c, 0x82, 0x34,
    0x61, 0x24, 0xe1, 0x1b, 0xe4, 0x5d, 0xc4, 0x4d, 0xe4, 0x5d, 0xe3, 0x5d, 0x44, 0x7e, 0x84, 0x86, 0x43, 0x6e, 0x23, 0x6e,
    0xa3, 0x55, 0x22, 0x45, 0x60, 0x39, 0x00, 0x98, 0x00, 0xa0, 0x40, 0x88, 0x80, 0x32, 0xe2, 0x34, 0x63, 0x45, 0x63, 0x3d,
    0x63, 0x35, 0x63, 0x3d, 0x83, 0x45, 0xe3, 0x5d, 0x43, 0x6e, 0x23, 0x6e, 0x82, 0x55, 0x00, 0x82, 0xc5, 0xf9, 0xc8, 0xfa,
    0x09, 0xfb, 0x29, 0xfb, 0x08, 0xfb, 0x08, 0xfb, 0xab, 0xfb, 0xec, 0xfb, 0x0c, 0xfc, 0xec, 0xfb, 0xec, 0xfb, 0xeb, 0xfb,
    0xec, 0xfd, 0x0e, 0xfe, 0xeb, 0xfb, 0xb0, 0xfc, 0x31, 0xfd, 0x52, 0xfd, 0xd0, 0xfc, 0x0d, 0xfc, 0xcf, 0xfc, 0xee, 0xf4,
    0xe1, 0x90, 0xa4, 0x34, 0xe7, 0x5d, 0x6a, 0x76, 0xcc, 0x86, 0x0e, 0x97, 0x2f, 0x9f, 0x50, 0xa7, 0x71, 0xa7, 0x70, 0xaf,
    0x4f, 0xa7, 0x4f, 0xaf, 0x70, 0xb7, 0x91, 0xbf, 0x92, 0xbf, 0x92, 0xbf, 0x92, 0xbf, 0xb2, 0xc7, 0xb3, 0xc7, 0xb3, 0xc7,
    0xb3, 0xc7, 0xb3, 0xc7, 0xb3, 0xc7, 0xb3, 0xc7, 0xd4, 0xc7, 0xf4, 0xc7, 0xf4, 0xc7, 0xd5, 0xc7, 0xb4, 0xbf, 0x94, 0xbf,
    0x94, 0xbf, 0x94, 0xb7, 0x94, 0xb7, 0x73, 0xaf, 0x73, 0xa7, 0x53, 0x9f, 0x52, 0x97, 0x52, 0x97, 0x73, 0xa7, 0x94, 0xb7,
    0x87, 0x55, 0xe0, 0x1b, 0x20, 0x2c, 0x80, 0x34, 0xe1, 0x44, 0x21, 0x45, 0x61, 0x4d, 0xe2, 0x65, 0x42, 0x7e, 0x83, 0x8e,
    0x63, 0x8e, 0x02, 0x76, 0xa4, 0xa6, 0xc2, 0x6d, 0xa0, 0x55, 0x61, 0x86, 0xc2, 0x96, 0xe3, 0xae, 0x03, 0xb7, 0x45, 0xc7,
    0x06, 0xc7, 0x89, 0xbe, 0x76, 0xff, 0x75, 0xff, 0x76, 0xff, 0x76, 0xff, 0x76, 0xff, 0x76, 0xff, 0x98, 0xff, 0x52, 0xff,
    0x81, 0x9b, 0x00, 0x00, 0x00, 0x00, 0x00, 0x00, 0x00, 0x00, 0x00, 0x00, 0x00, 0x00, 0x00, 0x00, 0x00, 0x00, 0x00, 0x00,
    0x00, 0x00, 0x00, 0x00, 0x00, 0x00, 0x00, 0x00, 0x00, 0x00, 0x00, 0x00, 0x00, 0x00, 0x00, 0x00, 0x00, 0x00, 0x00, 0x00,
    0x00, 0x00, 0x00, 0x00, 0x00, 0x00, 0x00, 0x00, 0x00, 0x00, 0x00, 0x00, 0x00, 0x00, 0x00, 0x00, 0x00, 0x00, 0x00, 0x00,
    0x00, 0x00, 0x00, 0x00, 0x00, 0x00, 0x00, 0x00, 0x00, 0x00, 0x00, 0x00, 0x00, 0x00, 0x00, 0x5a, 0xaa, 0xfe, 0x75, 0xff,
    0x54, 0xff, 0x54, 0xff, 0x54, 0xff, 0x54, 0xff, 0x54, 0xff, 0x33, 0xff, 0x33, 0xff, 0x28, 0x8d, 0x67, 0x5d, 0xef, 0x96,
    0xef, 0x8e, 0xef, 0x86, 0x2f, 0x97, 0x50, 0xa7, 0x51, 0xa7, 0x92, 0xb7, 0x93, 0xbf, 0xb3, 0xbf, 0xb4, 0xc7, 0xb4, 0xd7,
    0xb4, 0xd7, 0xb4, 0xd7, 0xd5, 0xdf, 0xd8, 0xef, 0xd8, 0xf7, 0xd8, 0xef, 0xd7, 0xe7, 0xb4, 0xcf, 0x92, 0xc7, 0x51, 0xaf,
    0x30, 0xa7, 0xce, 0x86, 0x4c, 0x5e, 0x8a, 0x45, 0x42, 0x1b, 0x22, 0x5d, 0x43, 0x4d, 0xc2, 0x34, 0x42, 0x45, 0x02, 0x45,
    0xa0, 0x1b, 0xe1, 0x23, 0xe5, 0x4d, 0xa4, 0x45, 0xc4, 0x55, 0xe4, 0x5d, 0x04, 0x66, 0x44, 0x76, 0x23, 0x5e, 0x83, 0x4d,
    0x43, 0x45, 0xe0, 0x2a, 0x40, 0x88, 0x00, 0xc0, 0x20, 0xc0, 0x20, 0xc0, 0x20, 0xb0, 0x20, 0x59, 0xe0, 0x2a, 0xc1, 0x34,
    0x62, 0x3d, 0x02, 0x3d, 0x23, 0x3d, 0xc3, 0x45, 0x03, 0x4e, 0xe3, 0x55, 0x61, 0x3c, 0xc2, 0xb9, 0x27, 0xfa, 0xc9, 0xfa,
    0x2a, 0xfb, 0x08, 0xfb, 0xe9, 0xfd, 0x6b, 0xfd, 0xe7, 0xfa, 0xab, 0xfb, 0xab, 0xfb, 0xcc, 0xfb, 0xcc, 0xfb, 0xcc, 0xfb,
    0xec, 0xfd, 0xd1, 0xff, 0x06, 0xfc, 0xac, 0xfb, 0xb0, 0xfc, 0xf0, 0xfc, 0x8f, 0xfc, 0xcc, 0xfb, 0x8a, 0xfb, 0x4f, 0xfd,
    0x67, 0xd2, 0x61, 0x5a, 0xc7, 0x55, 0x28, 0x6e, 0x8b, 0x86, 0xed, 0x96, 0x0e, 0x97, 0x2f, 0x9f, 0x50, 0xa7, 0x4f, 0xa7,
    0x4f, 0xa7, 0x4f, 0xa7, 0x70, 0xaf, 0x70, 0xaf, 0x71, 0xb7, 0x71, 0xb7, 0x92, 0xb7, 0x92, 0xbf, 0x92, 0xbf, 0x92, 0xbf,
    0x92, 0xbf, 0x93, 0xbf, 0x93, 0xbf, 0xb4, 0xbf, 0xf1, 0xae, 0x4c, 0x9d, 0xea, 0x94, 0x2f, 0xa6, 0xb4, 0xaf, 0x94, 0xaf,
    0x94, 0xaf, 0x93, 0xaf, 0x73, 0xa7, 0x73, 0xa7, 0x53, 0x9f, 0x52, 0x97, 0x32, 0x8f, 0x52, 0x97, 0x73, 0x9f, 0xb5, 0xb7,
    0x0b, 0x6e, 0xa0, 0x13, 0x80, 0x1b, 0x20, 0x2c, 0xa0, 0x3c, 0x01, 0x45, 0x01, 0x45, 0xc2, 0x5d, 0x02, 0x6e, 0x43, 0x7e,
    0x23, 0x86, 0xc2, 0x65, 0x83, 0x86, 0xe5, 0xae, 0x23, 0x76, 0xa1, 0x4d, 0x41, 0x7e, 0x42, 0x86, 0x42, 0x8e, 0xc3, 0xa6,
    0x68, 0xcf, 0x64, 0xa6, 0x54, 0xf7, 0x76, 0xff, 0x75, 0xff, 0x75, 0xff, 0x76, 0xff, 0x76, 0xff, 0x98, 0xff, 0x73, 0xff,
    0x02, 0xac, 0x00, 0x00, 0x00, 0x00, 0x00, 0x00, 0x00, 0x00, 0x00, 0x00, 0x00, 0x00, 0x00, 0x00, 0x00, 0x00, 0x00, 0x00,
    0x00, 0x00, 0x00, 0x00, 0x00, 0x00, 0x00, 0x00, 0x00, 0x00, 0x00, 0x00, 0x00, 0x00, 0x00, 0x00, 0x00, 0x00, 0x00, 0x00,
    0x00, 0x00, 0x00, 0x00, 0x00, 0x00, 0x00, 0x00, 0x00, 0x00, 0x00, 0x00, 0x00, 0x00, 0x00, 0x00, 0x00, 0x00, 0x00, 0x00,
    0x00, 0x00, 0x00, 0x00, 0x00, 0x00, 0x00, 0x00, 0x00, 0x00, 0x00, 0x00, 0x00, 0x00, 0x61, 0x6a, 0xcb, 0xfe, 0x75, 0xff,
    0x54, 0xff, 0x54, 0xff, 0x54, 0xff, 0x54, 0xff, 0x53, 0xff, 0x53, 0xff, 0x6e, 0xde, 0xa3, 0x4c, 0xad, 0x86, 0xee, 0x8e,
    0xce, 0x86, 0xee, 0x86, 0x0f, 0x97, 0x30, 0x9f, 0x51, 0xa7, 0x71, 0xaf, 0x92, 0xbf, 0xb3, 0xc7, 0xd4, 0xd7, 0xd5, 0xdf,
    0xd4, 0xdf, 0xd4, 0xd7, 0xd7, 0xe7, 0xd9, 0xf7, 0xd9, 0xf7, 0xd9, 0xf7, 0xd9, 0xf7, 0xd8, 0xef, 0xb5, 0xd7, 0xb4, 0xc7,
    0x72, 0xbf, 0x10, 0x9f, 0x8d, 0x6e, 0x87, 0x34, 0x21, 0x34, 0xe4, 0x5d, 0x03, 0x3d, 0x83, 0x55, 0xa3, 0x55, 0xc2, 0x2c,
    0x80, 0x0b, 0x22, 0x2c, 0xc5, 0x45, 0x85, 0x3d, 0xa4, 0x45, 0xe4, 0x55, 0xe4, 0x55, 0xe4, 0x55, 0x84, 0x3d, 0x43, 0x35,
    0x22, 0x34, 0xc0, 0x50, 0x00, 0xb8, 0x61, 0xd8, 0xa2, 0xe0, 0x82, 0xd8, 0x21, 0xd0, 0x00, 0xc8, 0x20, 0xa8, 0xe0, 0x80,
    0xc0, 0x49, 0x80, 0x2a, 0x80, 0x2b, 0x41, 0x2c, 0x41, 0x24, 0x21, 0x24, 0x60, 0x42, 0xc5, 0xf1, 0x88, 0xfa, 0xc8, 0xfa,
    0x09, 0xfb, 0x49, 0xfb, 0x68, 0xfe, 0xf5, 0xff, 0xa9, 0xfc, 0x4a, 0xfb, 0x8b, 0xfb, 0xab, 0xfb, 0xac, 0xfb, 0x6f, 0xfc,
    0x0c, 0xfd, 0xe9, 0xfe, 0x06, 0xfd, 0xac, 0xfb, 0x2e, 0xfc, 0x8f, 0xfc, 0x6e, 0xfc, 0xcc, 0xfb, 0x4a, 0xfb, 0x6d, 0xfc,
    0xae, 0xf4, 0x01, 0x89, 0x05, 0x45, 0xe7, 0x65, 0x6a, 0x7e, 0xed, 0x96, 0x0e, 0x97, 0x0e, 0x97, 0x2f, 0x9f, 0x2f, 0x9f,
    0x2f, 0x9f, 0x2f, 0xa7, 0x50, 0xa7, 0x50, 0xa7, 0x50, 0xa7, 0x51, 0xa7, 0x71, 0xaf, 0x71, 0xaf, 0x72, 0xaf, 0x72, 0xaf,
    0x72, 0xaf, 0x72, 0xaf, 0xb3, 0xaf, 0x2f, 0x9e, 0x83, 0x82, 0x66, 0xb3, 0xc7, 0xbb, 0x04, 0x9b, 0x28, 0x84, 0x73, 0xa7,
    0x73, 0xa7, 0x73, 0x9f, 0x53, 0x9f, 0x53, 0x97, 0x53, 0x97, 0x53, 0x97, 0x32, 0x8f, 0x32, 0x8f, 0x53, 0x97, 0xb4, 0xa7,
    0x2d, 0x76, 0xe0, 0x01, 0x00, 0x13, 0xe0, 0x23, 0x40, 0x2c, 0x80, 0x34, 0xa1, 0x34, 0x82, 0x4d, 0xc2, 0x55, 0x02, 0x66,
    0x23, 0x76, 0x61, 0x55, 0x42, 0x7e, 0xa3, 0x96, 0x26, 0xb7, 0xe3, 0x75, 0xc1, 0x65, 0x61, 0x96, 0x62, 0x96, 0x82, 0x96,
    0x25, 0xbf, 0xa4, 0xae, 0x10, 0xdf, 0x76, 0xff, 0x75, 0xff, 0x75, 0xff, 0x76, 0xff, 0x76, 0xff, 0x97, 0xff, 0x74, 0xff,
    0x62, 0xbc, 0x00, 0x00, 0x00, 0x00, 0x00, 0x00, 0x00, 0x00, 0x00, 0x00, 0x00, 0x00, 0x00, 0x00, 0x00, 0x00, 0x00, 0x00,
    0x00, 0x00, 0x00, 0x00, 0x00, 0x00, 0x00, 0x00, 0x00, 0x00, 0x00, 0x00, 0x00, 0x00, 0x00, 0x00, 0x00, 0x00, 0x00, 0x00,
    0x00, 0x00, 0x00, 0x00, 0x00, 0x00, 0x00, 0x00, 0x00, 0x00, 0x00, 0x00, 0x00, 0x00, 0x00, 0x00, 0x00, 0x00, 0x00, 0x00,
    0x00, 0x00, 0x00, 0x00, 0x00, 0x00, 0x00, 0x00, 0x00, 0x00, 0x00, 0x00, 0x00, 0x00, 0xc1, 0x72, 0xec, 0xfe, 0x75, 0xff,
    0x54, 0xff, 0x54, 0xff, 0x54, 0xff, 0x53, 0xff, 0x33, 0xff, 0x32, 0xff, 0xe7, 0x84, 0x88, 0x65, 0xef, 0x96, 0xae, 0x86,
    0xae, 0x7e, 0xee, 0x86, 0x0f, 0x97, 0x50, 0xa7, 0x71, 0xaf, 0x92, 0xb7, 0xb2, 0xc7, 0xb3, 0xcf, 0xd5, 0xdf, 0xd5, 0xdf,
    0xd4, 0xdf, 0xd4, 0xdf, 0xd7, 0xef, 0xd8, 0xf7, 0xd9, 0xf7, 0xd9, 0xf7, 0xd9, 0xf7, 0xd9, 0xf7, 0xd7, 0xe7, 0xb4, 0xcf,
    0x93, 0xc7, 0x52, 0xaf, 0x8e, 0x7e, 0x83, 0x23, 0x63, 0x55, 0x63, 0x3d, 0x63, 0x4d, 0xc3, 0x55, 0x63, 0x45, 0x41, 0x1c,
    0x20, 0x03, 0x02, 0x2c, 0xa5, 0x3d, 0x65, 0x35, 0x84, 0x3d, 0xc4, 0x4d, 0xc4, 0x4d, 0x44, 0x35, 0x24, 0x2d, 0x03, 0x35,
    0xa0, 0x29, 0x00, 0xa8, 0x62, 0xd0, 0xe4, 0xe8, 0x04, 0xf1, 0xa3, 0xe9, 0x23, 0xeb, 0xe2, 0xe0, 0x82, 0xe0, 0x62, 0xe0,
    0x41, 0xd0, 0x41, 0xc0, 0x60, 0xb0, 0xa0, 0x98, 0xc0, 0x90, 0x21, 0xa1, 0x64, 0xe1, 0x47, 0xfa, 0xc9, 0xfa, 0xe9, 0xfa,
    0x2a, 0xfb, 0x6b, 0xfb, 0xc7, 0xfc, 0x2a, 0xff, 0x69, 0xfe, 0x29, 0xfb, 0x8c, 0xfb, 0x8c, 0xfb, 0xcd, 0xfb, 0x8f, 0xfc,
    0x2e, 0xfc, 0xa9, 0xfc, 0x28, 0xfc, 0xed, 0xfb, 0xed, 0xfb, 0x2e, 0xfc, 0x4e, 0xfc, 0x6b, 0xfb, 0x6b, 0xfb, 0x8b, 0xfb,
    0x0e, 0xfd, 0xa5, 0xc1, 0x42, 0x4b, 0xa7, 0x55, 0x49, 0x76, 0xcc, 0x8e, 0xed, 0x8e, 0x0e, 0x97, 0x0e, 0x97, 0x0e, 0x97,
    0x0e, 0x97, 0x2f, 0x97, 0x2f, 0x9f, 0x30, 0x97, 0x30, 0x9f, 0x30, 0x9f, 0x50, 0x9f, 0x51, 0x9f, 0x51, 0xa7, 0x51, 0x9f,
    0x51, 0x9f, 0x72, 0xa7, 0x72, 0xa7, 0xe4, 0x72, 0xa6, 0xc3, 0xc7, 0xc3, 0xa4, 0x9a, 0xe7, 0xc3, 0x25, 0xab, 0xea, 0x7c,
    0x72, 0x97, 0x52, 0x97, 0x53, 0x97, 0xf0, 0x86, 0x6c, 0x76, 0x08, 0x6e, 0x27, 0x76, 0x06, 0x7e, 0xe6, 0x7d, 0x86, 0x6d,
    0xe4, 0x5c, 0x20, 0x1a, 0x40, 0x0a, 0x40, 0x13, 0xe0, 0x1b, 0x20, 0x24, 0x20, 0x24, 0xe1, 0x3c, 0x41, 0x45, 0x82, 0x55,
    0xe2, 0x5d, 0x62, 0x4d, 0x22, 0x76, 0x83, 0x86, 0xc4, 0x96, 0xa4, 0x9e, 0x41, 0x5d, 0xe1, 0x6d, 0xc1, 0x9e, 0xc2, 0xa6,
    0x04, 0xb7, 0xe4, 0xb6, 0xab, 0xc6, 0x76, 0xff, 0x75, 0xff, 0x75, 0xff, 0x76, 0xff, 0x76, 0xff, 0x97, 0xff, 0x74, 0xff,
    0xa3, 0xc4, 0x00, 0x00, 0x00, 0x00, 0x00, 0x00, 0x00, 0x00, 0x00, 0x00, 0x00, 0x00, 0x00, 0x00, 0x00, 0x00, 0x00, 0x00,
    0x00, 0x00, 0x00, 0x00, 0x00, 0x00, 0x00, 0x00, 0x00, 0x00, 0x00, 0x00, 0x00, 0x00, 0x00, 0x00, 0x00, 0x00, 0x00, 0x00,
    0x00, 0x00, 0x00, 0x00, 0x00, 0x00, 0x00, 0x00, 0x00, 0x00, 0x00, 0x00, 0x00, 0x00, 0x00, 0x00, 0x00, 0x00, 0x00, 0x00,
    0x00, 0x00, 0x00, 0x00, 0x00, 0x00, 0x00, 0x00, 0x00, 0x00, 0x00, 0x00, 0x00, 0x00, 0x21, 0x83, 0x0d, 0xff, 0x75, 0xff,
    0x54, 0xff, 0x54, 0xff, 0x54, 0xff, 0x33, 0xff, 0x33, 0xff, 0x8f, 0xe6, 0x63, 0x4c, 0x8c, 0x7e, 0xce, 0x86, 0xae, 0x76,
    0xce, 0x7e, 0xef, 0x86, 0x30, 0x9f, 0x50, 0xa7, 0x71, 0xaf, 0x91, 0xb7, 0x92, 0xbf, 0xb3, 0xcf, 0xb3, 0xd7, 0xb4, 0xd7,
    0xb4, 0xd7, 0xb4, 0xd7, 0xd6, 0xe7, 0xd8, 0xef, 0xd9, 0xf7, 0xd9, 0xf7, 0xd9, 0xf7, 0xd8, 0xef, 0xd8, 0xef, 0xb4, 0xd7,
    0xb4, 0xc7, 0x93, 0xbf, 0x0c, 0x76, 0xa1, 0x2b, 0x23, 0x4d, 0x03, 0x3d, 0xa3, 0x4d, 0x43, 0x3d, 0xa2, 0x24, 0xe1, 0x0b,
    0x20, 0x03, 0xc2, 0x23, 0x85, 0x3d, 0x05, 0x2d, 0x64, 0x35, 0xa4, 0x3d, 0x64, 0x35, 0x04, 0x2d, 0xe4, 0x34, 0x60, 0x2a,
    0x20, 0x98, 0x41, 0xd0, 0xe4, 0xe8, 0x45, 0xf9, 0x45, 0xf9, 0x04, 0xfb, 0x87, 0xfe, 0x66, 0xf4, 0x86, 0xf9, 0x45, 0xf1,
    0x04, 0xf1, 0xe4, 0xe8, 0xc3, 0xe8, 0xa2, 0xe0, 0xa3, 0xe0, 0x24, 0xf1, 0x48, 0xfa, 0xa9, 0xfa, 0x0a, 0xfb, 0x4b, 0xfb,
    0x6b, 0xfb, 0xac, 0xfb, 0x4d, 0xfc, 0xc7, 0xfd, 0x46, 0xfd, 0x09, 0xfb, 0x8c, 0xfb, 0xad, 0xfb, 0xad, 0xfb, 0xcd, 0xfb,
    0xcd, 0xfb, 0xad, 0xfb, 0xcd, 0xfb, 0xcd, 0xfb, 0xac, 0xfb, 0xcd, 0xfb, 0xeb, 0xfb, 0x2b, 0xfd, 0x8a, 0xfb, 0x2a, 0xfb,
    0x4c, 0xfc, 0xe9, 0xda, 0x60, 0x59, 0x45, 0x3d, 0x28, 0x6e, 0x8b, 0x86, 0xcc, 0x8e, 0xed, 0x8e, 0xee, 0x8e, 0x0e, 0x8f,
    0x0e, 0x97, 0x0e, 0x8f, 0x0f, 0x8f, 0x0f, 0x8f, 0x0f, 0x8f, 0x10, 0x8f, 0x30, 0x97, 0x30, 0x97, 0x30, 0x97, 0x30, 0x97,
    0x31, 0x97, 0x51, 0x97, 0x2e, 0x86, 0x01, 0x7a, 0x86, 0xbb, 0x48, 0xd4, 0x84, 0x92, 0xe5, 0xa2, 0x28, 0xcc, 0x46, 0x6b,
    0x52, 0x8f, 0x6d, 0x76, 0x66, 0x5d, 0xa3, 0x75, 0x44, 0x9e, 0xc7, 0xbe, 0x6a, 0xd7, 0x8c, 0xdf, 0x69, 0xdf, 0x28, 0xd7,
    0x29, 0xd7, 0x09, 0xc7, 0xc5, 0x9d, 0xa1, 0x54, 0xa2, 0x34, 0xe1, 0x23, 0xc0, 0x1b, 0x20, 0x24, 0xc1, 0x34, 0x21, 0x45,
    0x82, 0x4d, 0x62, 0x4d, 0xe2, 0x5d, 0x42, 0x7e, 0x63, 0x86, 0x83, 0x8e, 0x43, 0x86, 0xc1, 0x65, 0x61, 0x7e, 0xa2, 0x96,
    0xc3, 0xa6, 0x04, 0xb7, 0x67, 0xae, 0x76, 0xff, 0x75, 0xff, 0x76, 0xff, 0x76, 0xff, 0x76, 0xff, 0x97, 0xff, 0x74, 0xff,
    0xc3, 0xc4, 0x00, 0x00, 0x00, 0x00, 0x00, 0x00, 0x00, 0x00, 0x00, 0x00, 0x00, 0x00, 0x00, 0x00, 0x00, 0x00, 0x00, 0x00,
    0x00, 0x00, 0x00, 0x00, 0x00, 0x00, 0x00, 0x00, 0x00, 0x00, 0x00, 0x00, 0x00, 0x00, 0x00, 0x00, 0x00, 0x00, 0x00, 0x00,
    0x00, 0x00, 0x00, 0x00, 0x00, 0x00, 0x00, 0x00, 0x00, 0x00, 0x00, 0x00, 0x00, 0x00, 0x00, 0x00, 0x00, 0x00, 0x00, 0x00,
    0x00, 0x00, 0x00, 0x00, 0x00, 0x00, 0x00, 0x00, 0x00, 0x00, 0x00, 0x00, 0x00, 0x00, 0x41, 0x8b, 0x0e, 0xff, 0x75, 0xff,
    0x54, 0xff, 0x54, 0xff, 0x54, 0xff, 0x33, 0xff, 0x33, 0xff, 0x8a, 0xa5, 0x26, 0x55, 0xce, 0x86, 0xad, 0x7e, 0x8d, 0x76,
    0xce, 0x7e, 0xef, 0x86, 0x50, 0x9f, 0x71, 0xaf, 0x71, 0xb7, 0x91, 0xb7, 0x92, 0xbf, 0xb2, 0xc7, 0xb3, 0xcf, 0xb3, 0xd7,
    0xb4, 0xd7, 0xb4, 0xd7, 0xd4, 0xdf, 0xd6, 0xe7, 0xd8, 0xef, 0xd8, 0xf7, 0xd8, 0xef, 0xd8, 0xef, 0xd7, 0xe7, 0xb5, 0xd7,
    0xb5, 0xcf, 0xb4, 0xc7, 0xe8, 0x5c, 0x00, 0x2c, 0xa3, 0x2c, 0xc3, 0x34, 0xe3, 0x34, 0xa2, 0x24, 0x42, 0x14, 0x21, 0x14,
    0x20, 0x03, 0xa2, 0x1b, 0x86, 0x45, 0x05, 0x25, 0x25, 0x2d, 0x25, 0x25, 0x45, 0x25, 0x24, 0x35, 0x81, 0x1a, 0x20, 0x80,
    0x21, 0xd0, 0xc3, 0xe8, 0x45, 0xf1, 0x86, 0xf9, 0xa7, 0xf9, 0xe5, 0xfa, 0xe9, 0xfe, 0x89, 0xfe, 0x67, 0xfa, 0x28, 0xfa,
    0x08, 0xfa, 0x28, 0xfa, 0x08, 0xfa, 0xe7, 0xf9, 0x28, 0xfa, 0x89, 0xfa, 0x0b, 0xfb, 0x4b, 0xfb, 0x6c, 0xfb, 0x8c, 0xfb,
    0x8c, 0xfb, 0xad, 0xfb, 0x2e, 0xfc, 0x2e, 0xfc, 0xcb, 0xfb, 0x8c, 0xfb, 0xad, 0xfb, 0xcd, 0xfb, 0xcd, 0xfb, 0xcd, 0xfb,
    0xad, 0xfb, 0x8c, 0xfb, 0xad, 0xfb, 0xad, 0xfb, 0xac, 0xfb, 0x8c, 0xfb, 0xea, 0xfb, 0xb1, 0xff, 0xe9, 0xfc, 0xe9, 0xfa,
    0xab, 0xfb, 0x8a, 0xf3, 0xc1, 0x78, 0xa4, 0x3c, 0xc7, 0x5d, 0x29, 0x76, 0x8a, 0x7e, 0xcc, 0x86, 0xcd, 0x86, 0xed, 0x8e,
    0xee, 0x8e, 0xee, 0x86, 0xee, 0x7e, 0xce, 0x76, 0xce, 0x76, 0xef, 0x7e, 0xef, 0x86, 0xef, 0x86, 0x10, 0x87, 0x10, 0x87,
    0x10, 0x87, 0x51, 0x8f, 0xa9, 0x74, 0x42, 0x92, 0xc3, 0xa2, 0x25, 0xab, 0xc7, 0xc3, 0xa7, 0xb3, 0xe2, 0x71, 0x45, 0x4b,
    0x26, 0x4d, 0x42, 0x6d, 0xa4, 0xb6, 0x45, 0xcf, 0x45, 0xcf, 0x66, 0xcf, 0x45, 0xc7, 0x02, 0xaf, 0xe1, 0xb6, 0xe2, 0xbe,
    0x03, 0xbf, 0x65, 0xcf, 0xa8, 0xdf, 0x29, 0xd7, 0xa4, 0x75, 0x4c, 0x76, 0xa8, 0x5d, 0xa3, 0x3c, 0x00, 0x24, 0x61, 0x2c,
    0x01, 0x3d, 0x42, 0x45, 0x62, 0x45, 0x02, 0x66, 0x02, 0x76, 0x22, 0x7e, 0x42, 0x7e, 0xc3, 0x96, 0x02, 0x6e, 0x62, 0x86,
    0x62, 0x8e, 0xc3, 0xae, 0x65, 0xa6, 0x75, 0xf7, 0x75, 0xff, 0x76, 0xff, 0x76, 0xff, 0x76, 0xff, 0x97, 0xff, 0x74, 0xff,
    0xc3, 0xc4, 0x00, 0x00, 0x00, 0x00, 0x00, 0x00, 0x00, 0x00, 0x00, 0x00, 0x00, 0x00, 0x00, 0x00, 0x00, 0x00, 0x00, 0x00,
    0x00, 0x00, 0x00, 0x00, 0x00, 0x00, 0x00, 0x00, 0x00, 0x00, 0x00, 0x00, 0x00, 0x00, 0x00, 0x00, 0x00, 0x00, 0x00, 0x00,
    0x00, 0x00, 0x00, 0x00, 0x00, 0x00, 0x00, 0x00, 0x00, 0x00, 0x00, 0x00, 0x00, 0x00, 0x00, 0x00, 0x00, 0x00, 0x00, 0x00,
    0x00, 0x00, 0x00, 0x00, 0x00, 0x00, 0x00, 0x00, 0x00, 0x00, 0x00, 0x00, 0x00, 0x00, 0x61, 0x93, 0x0e, 0xff, 0x55, 0xff,
    0x54, 0xff, 0x54, 0xff, 0x53, 0xff, 0x33, 0xff, 0xf1, 0xfe, 0xa5, 0x6c, 0xea, 0x65, 0xce, 0x7e, 0x8d, 0x6e, 0x8d, 0x6e,
    0xce, 0x76, 0x0f, 0x8f, 0x50, 0xa7, 0x71, 0xaf, 0x71, 0xb7, 0x71, 0xb7, 0x91, 0xbf, 0x92, 0xc7, 0xb2, 0xcf, 0xb3, 0xcf,
    0xb3, 0xd7, 0xb3, 0xd7, 0xb4, 0xdf, 0xb5, 0xdf, 0xd5, 0xdf, 0xd6, 0xe7, 0xd7, 0xe7, 0xd6, 0xe7, 0xb5, 0xdf, 0xd5, 0xd7,
    0xb5, 0xd7, 0xd4, 0xc7, 0x07, 0x4c, 0x01, 0x2c, 0x02, 0x2d, 0xe2, 0x2c, 0xa2, 0x2c, 0x81, 0x2c, 0xe1, 0x1b, 0xc0, 0x0a,
    0x20, 0x39, 0x61, 0x32, 0x86, 0x45, 0x45, 0x2d, 0x05, 0x25, 0xe5, 0x24, 0xa3, 0x24, 0x80, 0x22, 0x40, 0x80, 0x21, 0xc8,
    0xc3, 0xe8, 0x65, 0xf9, 0xa6, 0xf9, 0xc7, 0xf9, 0x08, 0xfa, 0x27, 0xfa, 0x26, 0xfd, 0xe6, 0xfd, 0x67, 0xfa, 0x6a, 0xfa,
    0x8a, 0xfa, 0xaa, 0xfa, 0xaa, 0xfa, 0xca, 0xfa, 0xeb, 0xfa, 0x2b, 0xfb, 0x4c, 0xfb, 0x6c, 0xfb, 0x8c, 0xfb, 0x8c, 0xfb,
    0xad, 0xfb, 0xad, 0xfb, 0xad, 0xfb, 0xcd, 0xfb, 0xce, 0xfb, 0xad, 0xfb, 0xcd, 0xfb, 0xee, 0xfb, 0xee, 0xfb, 0xad, 0xfb,
    0xed, 0xfb, 0xb0, 0xfc, 0xee, 0xfb, 0x8c, 0xfb, 0x8c, 0xfb, 0x8c, 0xfb, 0xab, 0xfb, 0x89, 0xfe, 0x08, 0xfe, 0x29, 0xfb,
    0x0a, 0xfb, 0xcb, 0xfb, 0x02, 0xa1, 0xe3, 0x3b, 0x66, 0x45, 0xc7, 0x5d, 0x28, 0x6e, 0x6a, 0x76, 0x8b, 0x7e, 0x8c, 0x7e,
    0xad, 0x76, 0x8d, 0x6e, 0x6c, 0x66, 0x6c, 0x5e, 0x8d, 0x66, 0x8d, 0x66, 0xae, 0x6e, 0xce, 0x76, 0xef, 0x7e, 0xcf, 0x7e,
    0xcf, 0x76, 0xef, 0x6e, 0x45, 0x6b, 0xc4, 0xaa, 0xa4, 0xa2, 0x22, 0x8a, 0x60, 0x69, 0x00, 0x59, 0x00, 0x29, 0xe0, 0x2b,
    0x21, 0x86, 0x23, 0xbf, 0xc2, 0xae, 0x61, 0x96, 0xe1, 0xae, 0xe2, 0xb6, 0x60, 0x8e, 0xa0, 0xa6, 0xc0, 0xae, 0xc0, 0xae,
    0xc0, 0xae, 0x80, 0x96, 0xa0, 0x96, 0xe1, 0xb6, 0x02, 0x6d, 0x11, 0x8f, 0x73, 0xa7, 0x10, 0x97, 0xc9, 0x65, 0x82, 0x34,
    0x40, 0x24, 0xc1, 0x2c, 0xc1, 0x2c, 0x82, 0x4d, 0xe2, 0x5d, 0x02, 0x6e, 0x02, 0x6e, 0x82, 0x86, 0x62, 0x7e, 0xc1, 0x65,
    0x21, 0x7e, 0xa2, 0x9e, 0x43, 0x9e, 0x33, 0xef, 0x76, 0xff, 0x76, 0xff, 0x76, 0xff, 0x96, 0xff, 0x97, 0xff, 0x74, 0xff,
    0xe3, 0xc4, 0x00, 0x00, 0x00, 0x00, 0x00, 0x00, 0x00, 0x00, 0x00, 0x00, 0x00, 0x00, 0x00, 0x00, 0x00, 0x00, 0x00, 0x00,
    0x00, 0x00, 0x00, 0x00, 0x00, 0x00, 0x00, 0x00, 0x00, 0x00, 0x00, 0x00, 0x00, 0x00, 0x00, 0x00, 0x00, 0x00, 0x00, 0x00,
    0x00, 0x00, 0x00, 0x00, 0x00, 0x00, 0x00, 0x00, 0x00, 0x00, 0x00, 0x00, 0x00, 0x00, 0x00, 0x00, 0x00, 0x00, 0x00, 0x00,
    0x00, 0x00, 0x00, 0x00, 0x00, 0x00, 0x00, 0x00, 0x00, 0x00, 0x00, 0x00, 0x00, 0x00, 0x81, 0x9b, 0x0e, 0xff, 0x75, 0xff,
    0x54, 0xff, 0x53, 0xff, 0x33, 0xff, 0x33, 0xff, 0x6e, 0xe6, 0x83, 0x4c, 0x6c, 0x76, 0x8d, 0x76, 0x6d, 0x66, 0x8d, 0x6e,
    0xce, 0x7e, 0x0f, 0x8f, 0x50, 0x9f, 0x50, 0xaf, 0x70, 0xb7, 0x71, 0xb7, 0x91, 0xbf, 0x91, 0xc7, 0x92, 0xc7, 0xb2, 0xcf,
    0xb3, 0xcf, 0xb3, 0xd7, 0xb4, 0xd7, 0xd4, 0xd7, 0xb4, 0xd7, 0xb4, 0xd7, 0xb4, 0xd7, 0xb5, 0xd7, 0xd5, 0xd7, 0xd5, 0xd7,
    0xb5, 0xcf, 0xb4, 0xc7, 0x2a, 0x5d, 0x40, 0x13, 0x41, 0x2c, 0x21, 0x2c, 0x60, 0x23, 0x80, 0x12, 0x20, 0x09, 0x60, 0x60,
    0x21, 0xb8, 0x60, 0x61, 0x24, 0x3d, 0xa6, 0x35, 0xa5, 0x3d, 0xa4, 0x2c, 0xc0, 0x19, 0x20, 0x80, 0x20, 0xc8, 0xa3, 0xe0,
    0x65, 0xf1, 0xe7, 0xf9, 0x08, 0xfa, 0x28, 0xfa, 0x49, 0xfa, 0x69, 0xfa, 0xa9, 0xfa, 0x28, 0xfb, 0x8a, 0xfa, 0xaa, 0xfa,
    0xaa, 0xfa, 0xaa, 0xfa, 0xcb, 0xfa, 0xeb, 0xfa, 0x2b, 0xfb, 0x4b, 0xfb, 0x4c, 0xfb, 0x6c, 0xfb, 0x6c, 0xfb, 0x4c, 0xfb,
    0x6c, 0xfb, 0xad, 0xfb, 0xad, 0xfb, 0xad, 0xfb, 0xcd, 0xfb, 0xce, 0xfb, 0xce, 0xfb, 0xce, 0xfb, 0x0f, 0xfc, 0xee, 0xfb,
    0x4f, 0xfc, 0x94, 0xfd, 0xee, 0xfb, 0x6c, 0xfb, 0x8c, 0xfb, 0x8c, 0xfb, 0x6c, 0xfb, 0xe8, 0xfc, 0xa5, 0xfd, 0xc7, 0xfa,
    0x88, 0xfa, 0x8b, 0xfb, 0x64, 0xc1, 0x81, 0x3a, 0x05, 0x2d, 0x46, 0x45, 0xa7, 0x55, 0xe8, 0x55, 0x09, 0x56, 0x09, 0x4e,
    0x0a, 0x4e, 0xc9, 0x3d, 0xea, 0x3d, 0x2b, 0x3e, 0x4c, 0x46, 0x6c, 0x4e, 0x6d, 0x5e, 0x6d, 0x66, 0x8d, 0x66, 0x8e, 0x66,
    0x6d, 0x5e, 0xca, 0x45, 0x42, 0x6a, 0x04, 0xb3, 0x83, 0xa2, 0xe1, 0x79, 0x40, 0x61, 0xe0, 0x40, 0x40, 0x2b, 0x20, 0x7e,
    0xa1, 0x9e, 0x80, 0x9e, 0x20, 0x86, 0x60, 0x96, 0xc1, 0xa6, 0x60, 0x86, 0x40, 0x96, 0x60, 0x9e, 0xa0, 0x9e, 0x80, 0x8e,
    0x00, 0x76, 0x20, 0x8e, 0x80, 0xa6, 0x80, 0x9e, 0x02, 0x6d, 0x11, 0x8f, 0x52, 0x97, 0x72, 0x9f, 0x93, 0xaf, 0xcf, 0x96,
    0x04, 0x4d, 0x00, 0x24, 0x40, 0x1c, 0xc1, 0x2c, 0x61, 0x45, 0xc2, 0x55, 0xe2, 0x5d, 0x02, 0x6e, 0x22, 0x76, 0x02, 0x6e,
    0x01, 0x76, 0x61, 0x8e, 0x21, 0x8e, 0x12, 0xe7, 0x96, 0xff, 0x76, 0xff, 0x76, 0xff, 0x96, 0xff, 0x97, 0xff, 0x74, 0xff,
    0xa3, 0xc4, 0x00, 0x00, 0x00, 0x00, 0x00, 0x00, 0x00, 0x00, 0x00, 0x00, 0x00, 0x00, 0x00, 0x00, 0x00, 0x00, 0x00, 0x00,
    0x00, 0x00, 0x00, 0x00, 0x00, 0x00, 0x00, 0x00, 0x00, 0x00, 0x00, 0x00, 0x00, 0x00, 0x00, 0x00, 0x00, 0x00, 0x00, 0x00,
    0x00, 0x00, 0x00, 0x00, 0x00, 0x00, 0x00, 0x00, 0x00, 0x00, 0x00, 0x00, 0x00, 0x00, 0x00, 0x00, 0x00, 0x00, 0x00, 0x00,
    0x00, 0x00, 0x00, 0x00, 0x00, 0x00, 0x00, 0x00, 0x00, 0x00, 0x00, 0x00, 0x00, 0x00, 0x81, 0x9b, 0x0e, 0xff, 0x75, 0xff,
    0x54, 0xff, 0x53, 0xff, 0x33, 0xff, 0x32, 0xff, 0xcb, 0xc5, 0xc4, 0x4c, 0x8d, 0x76, 0x6c, 0x6e, 0x4c, 0x5e, 0x6d, 0x66,
    0xce, 0x76, 0x0f, 0x8f, 0x2f, 0x9f, 0x50, 0xa7, 0x50, 0xaf, 0x71, 0xb7, 0x91, 0xbf, 0x91, 0xbf, 0xb2, 0xc7, 0xb2, 0xcf,
    0xb3, 0xcf, 0xb3, 0xcf, 0xb3, 0xd7, 0xd4, 0xd7, 0xd4, 0xd7, 0xb4, 0xd7, 0xb4, 0xd7, 0xb4, 0xd7, 0xd4, 0xd7, 0xb4, 0xd7,
    0xb4, 0xcf, 0x93, 0xbf, 0xce, 0x86, 0x49, 0x3d, 0xe4, 0x13, 0x23, 0x03, 0x84, 0x03, 0x42, 0x0a, 0x20, 0x60, 0x82, 0xc0,
    0x82, 0xc8, 0xa2, 0xa8, 0xc1, 0x23, 0x64, 0x3d, 0xe2, 0x23, 0xc0, 0x39, 0x00, 0x98, 0x21, 0xc0, 0xa2, 0xd8, 0x24, 0xf1,
    0xa7, 0xf9, 0x08, 0xfa, 0x49, 0xfa, 0x8a, 0xfa, 0x8a, 0xfa, 0x8a, 0xfa, 0xcb, 0xfa, 0x0c, 0xfb, 0x0b, 0xfb, 0xeb, 0xfa,
    0xcb, 0xfa, 0xcb, 0xfa, 0xeb, 0xfa, 0x0c, 0xfb, 0x0c, 0xfb, 0xeb, 0xfa, 0x4c, 0xfb, 0x2c, 0xfb, 0x2c, 0xfb, 0x2c, 0xfb,
    0x6d, 0xfb, 0x8d, 0xfb, 0xad, 0xfb, 0xad, 0xfb, 0xce, 0xfb, 0xce, 0xfb, 0xce, 0xfb, 0x6d, 0xeb, 0x48, 0x92, 0x65, 0x61,
    0x24, 0x51, 0x65, 0x61, 0xca, 0xc2, 0x8d, 0xf3, 0x4c, 0xf3, 0x6c, 0xfb, 0x8d, 0xfb, 0x8b, 0xfb, 0x27, 0xfb, 0xc9, 0xfa,
    0x88, 0xfa, 0x09, 0xfb, 0xc5, 0xd1, 0x81, 0x41, 0x85, 0x14, 0xc5, 0x24, 0xa5, 0x2c, 0xa4, 0x4b, 0xa2, 0x72, 0x63, 0x9a,
    0x43, 0xa2, 0x23, 0x9a, 0x64, 0x9a, 0xc4, 0x92, 0x25, 0x83, 0x27, 0x64, 0x29, 0x45, 0x2b, 0x46, 0x6c, 0x4e, 0x2b, 0x4e,
    0x2b, 0x46, 0xc8, 0x3c, 0xc2, 0x71, 0xa3, 0xa2, 0x63, 0x9a, 0xc1, 0x79, 0x00, 0x51, 0x80, 0x22, 0xa0, 0x5d, 0x40, 0x7e,
    0x60, 0x96, 0x00, 0x86, 0x00, 0x76, 0x80, 0x96, 0x20, 0x7e, 0x20, 0x76, 0x60, 0x8e, 0xc0, 0x75, 0x40, 0x5d, 0xe0, 0x75,
    0xa0, 0xa6, 0x80, 0xa6, 0x40, 0x96, 0xa0, 0x7d, 0xe5, 0x5c, 0x52, 0x8f, 0x32, 0x97, 0x52, 0x97, 0x73, 0x9f, 0x94, 0xaf,
    0x52, 0xa7, 0xa7, 0x65, 0xe0, 0x23, 0x00, 0x1c, 0xa1, 0x2c, 0x21, 0x3d, 0x82, 0x4d, 0xa2, 0x55, 0xc2, 0x5d, 0x22, 0x76,
    0x21, 0x76, 0x41, 0x86, 0xe1, 0x7d, 0x11, 0xe7, 0x96, 0xff, 0x76, 0xff, 0x76, 0xff, 0x96, 0xff, 0x97, 0xff, 0x74, 0xff,
    0x82, 0xbc, 0x00, 0x00, 0x00, 0x00, 0x00, 0x00, 0x00, 0x00, 0x00, 0x00, 0x00, 0x00, 0x00, 0x00, 0x00, 0x00, 0x00, 0x00,
    0x00, 0x00, 0x00, 0x00, 0x00, 0x00, 0x00, 0x00, 0x00, 0x00, 0x00, 0x00, 0x00, 0x00, 0x00, 0x00, 0x00, 0x00, 0x00, 0x00,
    0x00, 0x00, 0x00, 0x00, 0x00, 0x00, 0x00, 0x00, 0x00, 0x00, 0x00, 0x00, 0x00, 0x00, 0x00, 0x00, 0x00, 0x00, 0x00, 0x00,
    0x00, 0x00, 0x00, 0x00, 0x00, 0x00, 0x00, 0x00, 0x00, 0x00, 0x00, 0x00, 0x00, 0x00, 0x81, 0x9b, 0x0e, 0xff, 0x75, 0xff,
    0x54, 0xff, 0x53, 0xff, 0x33, 0xff, 0x11, 0xff, 0x48, 0x9d, 0x26, 0x4d, 0xad, 0x76, 0x4c, 0x66, 0x4c, 0x5e, 0x6d, 0x66,
    0xae, 0x76, 0xef, 0x8e, 0x2f, 0x97, 0x30, 0x9f, 0x50, 0xaf, 0x70, 0xb7, 0x71, 0xb7, 0x91, 0xbf, 0x92, 0xc7, 0x92, 0xc7,
    0xb2, 0xcf, 0xb3, 0xcf, 0xb3, 0xcf, 0xb3, 0xd7, 0xb4, 0xd7, 0xb4, 0xcf, 0xb4, 0xcf, 0xb4, 0xcf, 0xb4, 0xcf, 0xb4, 0xcf,
    0xb3, 0xc7, 0x93, 0xc7, 0x30, 0x9f, 0x4c, 0x66, 0x69, 0x35, 0xc7, 0x1c, 0x66, 0x04, 0x61, 0x39, 0x04, 0xc1, 0x45, 0xd9,
    0xc4, 0xc8, 0x83, 0xd0, 0x61, 0x71, 0x20, 0x22, 0xa0, 0x58, 0x00, 0xb0, 0x21, 0xc8, 0xa2, 0xd8, 0x24, 0xf1, 0x86, 0xf9,
    0xe8, 0xf9, 0x49, 0xfa, 0x69, 0xfa, 0x8a, 0xfa, 0xaa, 0xfa, 0xaa, 0xfa, 0xab, 0xfa, 0xeb, 0xfa, 0x0b, 0xfb, 0xeb, 0xfa,
    0xeb, 0xfa, 0xeb, 0xfa, 0x0c, 0xfb, 0x2b, 0xfb, 0x29, 0xfc, 0xa9, 0xfb, 0xea, 0xfa, 0x2c, 0xfb, 0x0c, 0xfb, 0x2c, 0xfb,
    0x4c, 0xfb, 0x6d, 0xfb, 0x8d, 0xfb, 0xad, 0xfb, 0xad, 0xfb, 0xae, 0xfb, 0x6d, 0xd3, 0xc3, 0x30, 0x00, 0x00, 0x00, 0x10,
    0x00, 0x10, 0x00, 0x00, 0x20, 0x10, 0x03, 0x49, 0x0b, 0xeb, 0x6c, 0xfb, 0x8c, 0xfb, 0x4c, 0xfb, 0x2b, 0xfb, 0xea, 0xfa,
    0x68, 0xfa, 0x88, 0xfa, 0xc5, 0xd9, 0xc0, 0x38, 0x02, 0x0b, 0xe1, 0x59, 0x22, 0xa9, 0xc5, 0xd9, 0x6b, 0xf3, 0xb0, 0xfc,
    0xf0, 0xfc, 0x10, 0xfd, 0x92, 0xfd, 0x93, 0xfd, 0x6e, 0xf4, 0xc8, 0xe2, 0xa4, 0xb9, 0xe3, 0x81, 0x26, 0x4c, 0xca, 0x2d,
    0xca, 0x2d, 0x85, 0x3b, 0xe2, 0x89, 0x63, 0x9a, 0xe2, 0x81, 0x61, 0x71, 0xa0, 0x39, 0x20, 0x45, 0xe0, 0x65, 0x00, 0x76,
    0x20, 0x86, 0xa0, 0x5d, 0x00, 0x76, 0x40, 0x86, 0x80, 0x55, 0x40, 0x55, 0x20, 0x55, 0x80, 0x65, 0x00, 0x86, 0x40, 0x96,
    0x60, 0x96, 0x60, 0x9e, 0x20, 0x8e, 0xc0, 0x64, 0x69, 0x65, 0x73, 0x9f, 0x72, 0x9f, 0x73, 0xa7, 0x73, 0xa7, 0x73, 0xa7,
    0x94, 0xb7, 0x94, 0xb7, 0xa8, 0x6d, 0xc0, 0x23, 0x20, 0x24, 0xa1, 0x2c, 0xc1, 0x34, 0x01, 0x3d, 0x61, 0x4d, 0xc1, 0x5d,
    0x21, 0x6e, 0x21, 0x76, 0x61, 0x6d, 0x12, 0xdf, 0x96, 0xff, 0x76, 0xff, 0x76, 0xff, 0x96, 0xff, 0x97, 0xff, 0x73, 0xff,
    0x62, 0xb4, 0x00, 0x00, 0x00, 0x00, 0x00, 0x00, 0x00, 0x00, 0x00, 0x00, 0x00, 0x00, 0x00, 0x00, 0x00, 0x00, 0x00, 0x00,
    0x00, 0x00, 0x00, 0x00, 0x00, 0x00, 0x00, 0x00, 0x00, 0x00, 0x00, 0x00, 0x00, 0x00, 0x00, 0x00, 0x00, 0x00, 0x00, 0x00,
    0x00, 0x00, 0x00, 0x00, 0x00, 0x00, 0x00, 0x00, 0x00, 0x00, 0x00, 0x00, 0x00, 0x00, 0x00, 0x00, 0x00, 0x00, 0x00, 0x00,
    0x00, 0x00, 0x00, 0x00, 0x00, 0x00, 0x00, 0x00, 0x00, 0x00, 0x00, 0x00, 0x00, 0x00, 0x41, 0x8b, 0x0d, 0xff, 0x54, 0xff,
    0x54, 0xff, 0x33, 0xff, 0x32, 0xff, 0xf0, 0xfe, 0x05, 0x85, 0xa8, 0x5d, 0xad, 0x76, 0x2c, 0x5e, 0x2c, 0x56, 0x6c, 0x66,
    0xad, 0x6e, 0xee, 0x86, 0x0f, 0x97, 0x2f, 0x9f, 0x2f, 0xa7, 0x50, 0xaf, 0x70, 0xb7, 0x71, 0xbf, 0x91, 0xbf, 0x92, 0xc7,
    0x92, 0xc7, 0xb2, 0xcf, 0xb2, 0xcf, 0xb3, 0xcf, 0xb3, 0xcf, 0xb3, 0xcf, 0xb3, 0xcf, 0xb3, 0xcf, 0xb3, 0xcf, 0xb3, 0xc7,
    0x93, 0xbf, 0x93, 0xbf, 0x51, 0xaf, 0xad, 0x7e, 0xca, 0x4d, 0x48, 0x2d, 0xe5, 0x13, 0x81, 0x70, 0xc7, 0xe1, 0x45, 0xd1,
    0xe4, 0xd0, 0xc3, 0xd0, 0x62, 0xc8, 0x21, 0xb8, 0x21, 0xc0, 0x61, 0xd0, 0xc3, 0xe0, 0x25, 0xf1, 0xa7, 0xf9, 0xe7, 0xf9,
    0x29, 0xfa, 0x49, 0xfa, 0x69, 0xfa, 0x69, 0xfa, 0x68, 0xfa, 0xab, 0xfa, 0xcb, 0xfa, 0xcb, 0xfa, 0xeb, 0xfa, 0x0c, 0xfb,
    0x0c, 0xfb, 0x0c, 0xfb, 0x2c, 0xfb, 0x2a, 0xfb, 0xab, 0xfe, 0x94, 0xff, 0x49, 0xfb, 0xeb, 0xfa, 0x2c, 0xfb, 0x2c, 0xfb,
    0x4c, 0xfb, 0x6d, 0xfb, 0x6d, 0xfb, 0x8d, 0xfb, 0x8d, 0xfb, 0x6d, 0xeb, 0xe3, 0x40, 0x00, 0x18, 0x00, 0x10, 0xc3, 0x38,
    0x65, 0x61, 0x04, 0x49, 0x00, 0x00, 0x00, 0x08, 0xca, 0xca, 0x8d, 0xfb, 0x4c, 0xfb, 0x4c, 0xfb, 0x0b, 0xfb, 0xc9, 0xfa,
    0x27, 0xfa, 0xc6, 0xf9, 0xe3, 0xc8, 0x00, 0x38, 0xc2, 0x90, 0x88, 0xe2, 0x2e, 0xfc, 0x6f, 0xfc, 0x4e, 0xfc, 0x4e, 0xfc,
    0x0e, 0xfc, 0x8f, 0xfc, 0x31, 0xfd, 0x6f, 0xfc, 0x8f, 0xfc, 0x52, 0xfd, 0xb3, 0xfd, 0x8f, 0xf4, 0x27, 0xca, 0xc3, 0x69,
    0x26, 0x14, 0x62, 0x42, 0x63, 0xa2, 0x42, 0x92, 0xc1, 0x79, 0xc0, 0x48, 0xc0, 0x33, 0x80, 0x4d, 0x80, 0x55, 0xc0, 0x65,
    0xa0, 0x5d, 0x60, 0x4d, 0x80, 0x5d, 0xe0, 0x44, 0xc0, 0x44, 0x00, 0x5d, 0x00, 0x86, 0xa0, 0xa6, 0x80, 0x9e, 0x40, 0x8e,
    0x20, 0x86, 0x00, 0x86, 0xe0, 0x7d, 0x00, 0x4c, 0xaf, 0x86, 0x93, 0xa7, 0x93, 0xaf, 0x93, 0xaf, 0x93, 0xb7, 0x94, 0xb7,
    0x94, 0xb7, 0xb4, 0xbf, 0x93, 0xb7, 0xa8, 0x6d, 0xc0, 0x23, 0xe0, 0x23, 0x60, 0x2c, 0x01, 0x35, 0x20, 0x3d, 0x21, 0x45,
    0x61, 0x55, 0xc0, 0x65, 0x01, 0x5d, 0x13, 0xef, 0x75, 0xff, 0x76, 0xff, 0x76, 0xff, 0x96, 0xff, 0x97, 0xff, 0x72, 0xff,
    0x02, 0xac, 0x00, 0x00, 0x00, 0x00, 0x00, 0x00, 0x00, 0x00, 0x00, 0x00, 0x00, 0x00, 0x00, 0x00, 0x00, 0x00, 0x00, 0x00,
    0x00, 0x00, 0x00, 0x00, 0x00, 0x00, 0x00, 0x00, 0x00, 0x00, 0x00, 0x00, 0x00, 0x00, 0x00, 0x00, 0x00, 0x00, 0x00, 0x00,
    0x00, 0x00, 0x00, 0x00, 0x00, 0x00, 0x00, 0x00, 0x00, 0x00, 0x00, 0x00, 0x00, 0x00, 0x00, 0x00, 0x00, 0x00, 0x00, 0x00,
    0x00, 0x00, 0x00, 0x00, 0x00, 0x00, 0x00, 0x00, 0x00, 0x00, 0x00, 0x00, 0x00, 0x00, 0x01, 0x83, 0xed, 0xfe, 0x54, 0xff,
    0x54, 0xff, 0x53, 0xff, 0x12, 0xff, 0xaf, 0xfe, 0xe4, 0x74, 0xea, 0x65, 0xad, 0x76, 0x2c, 0x56, 0x2b, 0x56, 0x4c, 0x5e,
    0x8d, 0x6e, 0xce, 0x7e, 0x0f, 0x8f, 0x2f, 0x97, 0x2f, 0x9f, 0x50, 0xaf, 0x50, 0xb7, 0x70, 0xb7, 0x71, 0xbf, 0x91, 0xbf,
    0x92, 0xc7, 0x92, 0xc7, 0xb2, 0xc7, 0x92, 0xc7, 0x92, 0xc7, 0x92, 0xc7, 0xb3, 0xc7, 0x93, 0xc7, 0x93, 0xc7, 0x93, 0xbf,
    0x92, 0xbf, 0x72, 0xb7, 0x51, 0xaf, 0xef, 0x8e, 0x2c, 0x5e, 0x89, 0x35, 0xe3, 0x32, 0xe3, 0xa8, 0x08, 0xe2, 0x65, 0xd9,
    0xe4, 0xd0, 0xa3, 0xd0, 0x83, 0xc8, 0x62, 0xd0, 0x82, 0xd8, 0xc3, 0xe0, 0x45, 0xf1, 0xa7, 0xf9, 0xe8, 0xf9, 0x28, 0xfa,
    0x49, 0xfa, 0x6a, 0xfa, 0x29, 0xfa, 0xa8, 0xfc, 0x70, 0xfe, 0xea, 0xfa, 0xab, 0xfa, 0xcb, 0xfa, 0xcb, 0xfa, 0xeb, 0xfa,
    0x0c, 0xfb, 0x2c, 0xfb, 0x2c, 0xfb, 0xea, 0xfa, 0xa6, 0xfd, 0xad, 0xff, 0x08, 0xfd, 0x8a, 0xfa, 0x2c, 0xfb, 0x2c, 0xfb,
    0x4c, 0xfb, 0x6d, 0xfb, 0x6d, 0xfb, 0x6d, 0xfb, 0xad, 0xfb, 0x28, 0x9a, 0x00, 0x08, 0x41, 0x28, 0xaa, 0xa2, 0x2d, 0xf3,
    0x6d, 0xfb, 0xae, 0xfb, 0x28, 0xa2, 0x04, 0x51, 0xeb, 0xda, 0x6d, 0xfb, 0x4c, 0xfb, 0x2c, 0xfb, 0xca, 0xfa, 0x48, 0xfa,
    0xc6, 0xf9, 0xe3, 0xe0, 0x20, 0x90, 0x85, 0xb9, 0xac, 0xfb, 0x2e, 0xfc, 0xac, 0xfb, 0x2b, 0xfb, 0xed, 0xfb, 0x12, 0xfd,
    0x94, 0xfd, 0x16, 0xfe, 0x32, 0xfd, 0x2b, 0xfb, 0x6b, 0xfb, 0x6b, 0xfb, 0xac, 0xfb, 0x4e, 0xfc, 0x0e, 0xfc, 0x07, 0xe2,
    0xa1, 0x68, 0x41, 0x51, 0x63, 0x9a, 0x22, 0x92, 0x61, 0x71, 0xc0, 0x29, 0xa0, 0x2c, 0x20, 0x3d, 0x20, 0x45, 0xc0, 0x44,
    0x20, 0x2c, 0x60, 0x2c, 0xe0, 0x44, 0xc0, 0x44, 0xe0, 0x75, 0x60, 0x8e, 0x20, 0x86, 0x20, 0x86, 0x40, 0x8e, 0x40, 0x8e,
    0x00, 0x7e, 0xc0, 0x6d, 0xe0, 0x64, 0x86, 0x54, 0x72, 0x9f, 0x93, 0xaf, 0x94, 0xb7, 0xb4, 0xbf, 0xb4, 0xbf, 0xb4, 0xbf,
    0xb4, 0xc7, 0x94, 0xbf, 0x94, 0xbf, 0x93, 0xb7, 0x46, 0x5d, 0x00, 0x2b, 0xc1, 0x3b, 0x60, 0x3c, 0x80, 0x44, 0x80, 0x3c,
    0xc0, 0x33, 0xc0, 0x33, 0x07, 0x7d, 0x74, 0xff, 0x75, 0xff, 0x76, 0xff, 0x76, 0xff, 0x96, 0xff, 0x97, 0xff, 0x51, 0xff,
    0xa1, 0x9b, 0x00, 0x00, 0x00, 0x00, 0x00, 0x00, 0x00, 0x00, 0x00, 0x00, 0x00, 0x00, 0x00, 0x00, 0x00, 0x00, 0x00, 0x00,
    0x00, 0x00, 0x00, 0x00, 0x00, 0x00, 0x00, 0x00, 0x00, 0x00, 0x00, 0x00, 0x00, 0x00, 0x00, 0x00, 0x00, 0x00, 0x00, 0x00,
    0x00, 0x00, 0x00, 0x00, 0x00, 0x00, 0x00, 0x00, 0x00, 0x00, 0x00, 0x00, 0x00, 0x00, 0x00, 0x00, 0x00, 0x00, 0x00, 0x00,
    0x00, 0x00, 0x00, 0x00, 0x00, 0x00, 0x00, 0x00, 0x00, 0x00, 0x00, 0x00, 0x00, 0x00, 0xc1, 0x72, 0xec, 0xfe, 0x54, 0xff,
    0x54, 0xff, 0x33, 0xff, 0x11, 0xff, 0xae, 0xfe, 0xa4, 0x6c, 0xea, 0x65, 0x8d, 0x76, 0x2b, 0x56, 0x0b, 0x4e, 0x4c, 0x5e,
    0x8d, 0x66, 0xce, 0x76, 0xef, 0x86, 0x0f, 0x97, 0x2f, 0x9f, 0x2f, 0xa7, 0x50, 0xaf, 0x50, 0xb7, 0x70, 0xb7, 0x71, 0xbf,
    0x91, 0xbf, 0x92, 0xc7, 0x92, 0xc7, 0x92, 0xc7, 0x92, 0xc7, 0x92, 0xc7, 0x92, 0xbf, 0x92, 0xbf, 0x92, 0xbf, 0x92, 0xbf,
    0x72, 0xb7, 0x71, 0xaf, 0x51, 0xa7, 0xf0, 0x96, 0x4c, 0x6e, 0xa9, 0x3d, 0xe2, 0x51, 0x65, 0xc9, 0xe7, 0xe1, 0x25, 0xd9,
    0xa3, 0xd8, 0xa3, 0xd0, 0xa3, 0xd0, 0xa3, 0xd8, 0xe4, 0xe0, 0x25, 0xf1, 0x86, 0xf9, 0xe7, 0xf9, 0x08, 0xfa, 0x29, 0xfa,
    0x6a, 0xfa, 0x6a, 0xfa, 0x49, 0xfa, 0x86, 0xfd, 0xf0, 0xff, 0xaf, 0xfd, 0x69, 0xfa, 0xcb, 0xfa, 0xcb, 0xfa, 0xcb, 0xfa,
    0xeb, 0xfa, 0x0c, 0xfb, 0xec, 0xfa, 0xeb, 0xfa, 0xc7, 0xfb, 0xc7, 0xfe, 0x66, 0xfd, 0x8a, 0xfa, 0x2c, 0xfb, 0x2c, 0xfb,
    0x4c, 0xfb, 0x4c, 0xfb, 0x4d, 0xfb, 0x6d, 0xfb, 0x8d, 0xfb, 0x24, 0x51, 0x00, 0x00, 0xe7, 0x89, 0xef, 0xfb, 0x4d, 0xfb,
    0x2c, 0xfb, 0x4d, 0xfb, 0xb2, 0xfc, 0x55, 0xfd, 0xf4, 0xfc, 0xf4, 0xfc, 0xef, 0xfb, 0xeb, 0xfa, 0x89, 0xfa, 0xa5, 0xf9,
    0xc3, 0xd8, 0x41, 0x98, 0xe7, 0xd1, 0x4c, 0xfb, 0xc9, 0xfa, 0x48, 0xfa, 0x68, 0xfa, 0x8c, 0xfb, 0x37, 0xfe, 0x1a, 0xff,
    0x3a, 0xff, 0x5b, 0xff, 0x5b, 0xff, 0x57, 0xfe, 0x4f, 0xfc, 0xac, 0xfb, 0x6b, 0xfb, 0x68, 0xfa, 0x85, 0xf9, 0xa6, 0xf9,
    0xc2, 0xc0, 0x61, 0x71, 0x22, 0x92, 0xc1, 0x81, 0x00, 0x51, 0x40, 0x23, 0x20, 0x24, 0x20, 0x24, 0x20, 0x24, 0x40, 0x2c,
    0x40, 0x55, 0xe0, 0x6d, 0x21, 0x86, 0x21, 0x7e, 0xc0, 0x65, 0xa0, 0x5d, 0xa0, 0x65, 0xe0, 0x75, 0x00, 0x7e, 0xe0, 0x75,
    0xa0, 0x65, 0x80, 0x65, 0xa0, 0x3b, 0x4e, 0x76, 0x93, 0xa7, 0x93, 0xb7, 0xb4, 0xbf, 0xb4, 0xc7, 0xb5, 0xc7, 0xb5, 0xc7,
    0xb5, 0xc7, 0xb4, 0xc7, 0x94, 0xb7, 0x94, 0xb7, 0x10, 0xa7, 0x03, 0x65, 0xa8, 0xcd, 0xa9, 0xd5, 0x88, 0xc5, 0xa9, 0xbd,
    0xcc, 0xc5, 0x4f, 0xd6, 0x53, 0xff, 0x75, 0xff, 0x75, 0xff, 0x75, 0xff, 0x76, 0xff, 0x96, 0xff, 0x97, 0xff, 0x30, 0xff,
    0x61, 0x93, 0x00, 0x00, 0x00, 0x00, 0x00, 0x00, 0x00, 0x00, 0x00, 0x00, 0x00, 0x00, 0x00, 0x00, 0x00, 0x00, 0x00, 0x00,
    0x00, 0x00, 0x00, 0x00, 0x00, 0x00, 0x00, 0x00, 0x00, 0x00, 0x00, 0x00, 0x00, 0x00, 0x00, 0x00, 0x00, 0x00, 0x00, 0x00,
    0x00, 0x00, 0x00, 0x00, 0x00, 0x00, 0x00, 0x00, 0x00, 0x00, 0x00, 0x00, 0x00, 0x00, 0x00, 0x00, 0x00, 0x00, 0x00, 0x00,
    0x00, 0x00, 0x00, 0x00, 0x00, 0x00, 0x00, 0x00, 0x00, 0x00, 0x00, 0x00, 0x00, 0x00, 0x61, 0x62, 0xcb, 0xfe, 0x55, 0xff,
    0x54, 0xff, 0x33, 0xff, 0xf0, 0xfe, 0xae, 0xfe, 0xa4, 0x6c, 0xea, 0x65, 0x8d, 0x76, 0x0b, 0x56, 0x0b, 0x4e, 0x4c, 0x56,
    0x6d, 0x66, 0xae, 0x76, 0xee, 0x86, 0xef, 0x8e, 0x0f, 0x97, 0x2f, 0x9f, 0x50, 0xa7, 0x50, 0xaf, 0x50, 0xb7, 0x71, 0xb7,
    0x71, 0xbf, 0x91, 0xbf, 0x91, 0xbf, 0x91, 0xbf, 0x92, 0xbf, 0x92, 0xbf, 0x92, 0xbf, 0x92, 0xb7, 0x72, 0xb7, 0x71, 0xaf,
    0x71, 0xaf, 0x51, 0xaf, 0x31, 0x9f, 0xef, 0x8e, 0x6d, 0x6e, 0xa9, 0x3d, 0x42, 0x69, 0x07, 0xda, 0xc7, 0xe1, 0x24, 0xd1,
    0x63, 0xeb, 0x63, 0xe1, 0xc4, 0xd8, 0xe4, 0xe0, 0x25, 0xe9, 0x66, 0xf1, 0xa7, 0xf9, 0xe8, 0xf9, 0x29, 0xfa, 0x4a, 0xfa,
    0x6a, 0xfa, 0x8a, 0xfa, 0x8b, 0xfa, 0x06, 0xfc, 0x48, 0xff, 0xeb, 0xfe, 0x87, 0xfa, 0xab, 0xfa, 0xcb, 0xfa, 0xcb, 0xfa,
    0xcb, 0xfa, 0xeb, 0xfa, 0xeb, 0xfa, 0xec, 0xfa, 0x2c, 0xfb, 0xa8, 0xfb, 0x28, 0xfb, 0xeb, 0xfa, 0x0c, 0xfb, 0x2c, 0xfb,
    0x2c, 0xfb, 0x0c, 0xfb, 0x2c, 0xfb, 0x4d, 0xfb, 0x6d, 0xfb, 0xc3, 0x38, 0x40, 0x18, 0x2c, 0xe3, 0x6d, 0xfb, 0x6d, 0xfb,
    0x6d, 0xfb, 0xb3, 0xfc, 0xf8, 0xfd, 0xd7, 0xfd, 0xb7, 0xfd, 0xd7, 0xfd, 0x55, 0xfd, 0x0b, 0xfb, 0xe6, 0xf9, 0xe3, 0xd8,
    0x41, 0x98, 0x28, 0xe2, 0x0b, 0xfb, 0x48, 0xfa, 0x07, 0xfa, 0x48, 0xfa, 0x88, 0xfa, 0x33, 0xfd, 0x1a, 0xff, 0xd9, 0xfe,
    0x1a, 0xff, 0x3a, 0xff, 0x7b, 0xff, 0x7c, 0xff, 0x90, 0xfc, 0x8c, 0xfb, 0x4b, 0xfb, 0x65, 0xf1, 0xe3, 0xe8, 0x04, 0xf9,
    0xe1, 0xa0, 0xe1, 0x81, 0xe1, 0x81, 0x40, 0x69, 0x80, 0x31, 0xc0, 0x1b, 0x40, 0x13, 0x20, 0x2c, 0x60, 0x4d, 0xc0, 0x5d,
    0xc0, 0x5d, 0xe0, 0x65, 0xe0, 0x65, 0x21, 0x6e, 0x41, 0x7e, 0x21, 0x7e, 0x80, 0x65, 0x00, 0x4d, 0x20, 0x4d, 0x20, 0x4d,
    0x80, 0x55, 0x80, 0x4c, 0x66, 0x44, 0x10, 0x87, 0x72, 0xa7, 0xb4, 0xbf, 0xb4, 0xc7, 0xb5, 0xcf, 0xd6, 0xd7, 0xd7, 0xdf,
    0xd5, 0xd7, 0xd5, 0xcf, 0xb4, 0xbf, 0x73, 0xb7, 0x94, 0xbf, 0xad, 0x96, 0x03, 0x7d, 0x4b, 0xfe, 0x8c, 0xfe, 0xcf, 0xfe,
    0x32, 0xff, 0x53, 0xff, 0x54, 0xff, 0x75, 0xff, 0x75, 0xff, 0x75, 0xff, 0x76, 0xff, 0x76, 0xff, 0x97, 0xff, 0x0e, 0xff,
    0xe1, 0x7a, 0x00, 0x00, 0x00, 0x00, 0x00, 0x00, 0x00, 0x00, 0x00, 0x00, 0x00, 0x00, 0x00, 0x00, 0x00, 0x00, 0x00, 0x00,
    0x00, 0x00, 0x00, 0x00, 0x00, 0x00, 0x00, 0x00, 0x00, 0x00, 0x00, 0x00, 0x00, 0x00, 0x00, 0x00, 0x00, 0x00, 0x00, 0x00,
    0x00, 0x00, 0x00, 0x00, 0x00, 0x00, 0x00, 0x00, 0x00, 0x00, 0x00, 0x00, 0x00, 0x00, 0x00, 0x00, 0x00, 0x00, 0x00, 0x00,
    0x00, 0x00, 0x00, 0x00, 0x00, 0x00, 0x00, 0x00, 0x00, 0x00, 0x00, 0x00, 0x00, 0x00, 0x01, 0x52, 0xaa, 0xfe, 0x55, 0xff,
    0x54, 0xff, 0x32, 0xff, 0xcf, 0xfe, 0xae, 0xfe, 0xc5, 0x7c, 0xa9, 0x5d, 0x8d, 0x76, 0x0b, 0x56, 0x0b, 0x4e, 0x2c, 0x56,
    0x6d, 0x5e, 0x8d, 0x6e, 0xce, 0x76, 0xce, 0x86, 0xef, 0x8e, 0x0f, 0x97, 0x2f, 0x9f, 0x30, 0xa7, 0x50, 0xaf, 0x50, 0xaf,
    0x70, 0xb7, 0x71, 0xb7, 0x71, 0xb7, 0x71, 0xb7, 0x71, 0xb7, 0x71, 0xb7, 0x71, 0xaf, 0x71, 0xaf, 0x51, 0xaf, 0x51, 0xa7,
    0x51, 0xa7, 0x31, 0x9f, 0x10, 0x97, 0xcf, 0x86, 0x4c, 0x66, 0x49, 0x35, 0xe1, 0x78, 0x28, 0xe2, 0x87, 0xe1, 0x03, 0xda,
    0x24, 0xf5, 0xe4, 0xea, 0xc4, 0xe0, 0x05, 0xe9, 0x46, 0xf1, 0xa7, 0xf9, 0xc8, 0xf9, 0xe8, 0xf9, 0x29, 0xfa, 0x4a, 0xfa,
    0x6a, 0xfa, 0x8a, 0xfa, 0xab, 0xfa, 0xca, 0xfa, 0xc6, 0xfc, 0x25, 0xfd, 0x68, 0xfa, 0xcb, 0xfa, 0xcb, 0xfa, 0xcb, 0xfa,
    0xcb, 0xfa, 0xcb, 0xfa, 0xcb, 0xfa, 0xec, 0xfa, 0x0c, 0xfb, 0x2d, 0xfb, 0x2d, 0xfb, 0x0c, 0xfb, 0x0c, 0xfb, 0x2c, 0xfb,
    0x0c, 0xfb, 0xeb, 0xfa, 0x0b, 0xfb, 0x0c, 0xfb, 0x6d, 0xfb, 0xa6, 0x71, 0x44, 0x59, 0x8e, 0xfb, 0x4d, 0xfb, 0x6d, 0xfb,
    0xd3, 0xfc, 0xd7, 0xfd, 0xb7, 0xfd, 0xb7, 0xfd, 0xb7, 0xfd, 0x96, 0xfd, 0x96, 0xfd, 0x4d, 0xfb, 0xc3, 0xe0, 0x20, 0x90,
    0xa6, 0xe1, 0xaa, 0xfa, 0xe7, 0xf9, 0x07, 0xfa, 0x27, 0xfa, 0x48, 0xfa, 0xa8, 0xfa, 0x0e, 0xfc, 0x78, 0xfe, 0xd9, 0xfe,
    0xfa, 0xfe, 0xd9, 0xfe, 0xd9, 0xfe, 0x53, 0xfd, 0xed, 0xfb, 0x8c, 0xfb, 0xac, 0xfb, 0x68, 0xea, 0x20, 0xc8, 0x82, 0xe0,
    0xe0, 0x78, 0xc1, 0x79, 0x80, 0x69, 0xe0, 0x50, 0x00, 0x12, 0x80, 0x13, 0xe0, 0x34, 0x00, 0x45, 0x20, 0x45, 0x60, 0x4d,
    0x60, 0x4d, 0x80, 0x4d, 0xc0, 0x5d, 0xe0, 0x5d, 0xc0, 0x5d, 0xc0, 0x65, 0xc0, 0x65, 0x60, 0x55, 0xe0, 0x44, 0x00, 0x45,
    0xa0, 0x4c, 0xc2, 0x33, 0x6d, 0x66, 0xf0, 0x86, 0x72, 0xa7, 0xb4, 0xbf, 0xb4, 0xc7, 0xd7, 0xdf, 0xd9, 0xef, 0xda, 0xf7,
    0xd9, 0xf7, 0xd6, 0xd7, 0xb4, 0xc7, 0x93, 0xb7, 0x73, 0xb7, 0x94, 0xbf, 0x86, 0x75, 0xc8, 0xbd, 0xf0, 0xfe, 0x11, 0xff,
    0x32, 0xff, 0x54, 0xff, 0x54, 0xff, 0x75, 0xff, 0x75, 0xff, 0x75, 0xff, 0x76, 0xff, 0x76, 0xff, 0x97, 0xff, 0xec, 0xfe,
    0x60, 0x62, 0x00, 0x00, 0x00, 0x00, 0x00, 0x00, 0x00, 0x00, 0x00, 0x00, 0x00, 0x00, 0x00, 0x00, 0x00, 0x00, 0x00, 0x00,
    0x00, 0x00, 0x00, 0x00, 0x00, 0x00, 0x00, 0x00, 0x00, 0x00, 0x00, 0x00, 0x00, 0x00, 0x00, 0x00, 0x00, 0x00, 0x00, 0x00,
    0x00, 0x00, 0x00, 0x00, 0x00, 0x00, 0x00, 0x00, 0x00, 0x00, 0x00, 0x00, 0x00, 0x00, 0x00, 0x00, 0x00, 0x00, 0x00, 0x00,
    0x00, 0x00, 0x00, 0x00, 0x00, 0x00, 0x00, 0x00, 0x00, 0x00, 0x00, 0x00, 0x00, 0x00, 0x80, 0x41, 0x69, 0xfe, 0x54, 0xff,
    0x53, 0xff, 0x12, 0xff, 0xcf, 0xfe, 0xae, 0xfe, 0xe5, 0x8c, 0x47, 0x55, 0xad, 0x76, 0x2b, 0x5e, 0xeb, 0x4d, 0x0b, 0x4e,
    0x2c, 0x56, 0x6d, 0x66, 0x8d, 0x6e, 0xad, 0x76, 0xce, 0x7e, 0xee, 0x8e, 0x0f, 0x97, 0x0f, 0x9f, 0x30, 0xa7, 0x50, 0xa7,
    0x50, 0xa7, 0x50, 0xaf, 0x50, 0xaf, 0x50, 0xaf, 0x50, 0xaf, 0x50, 0xa7, 0x30, 0xa7, 0x30, 0x9f, 0x30, 0x9f, 0x30, 0x9f,
    0x10, 0x97, 0x10, 0x8f, 0xef, 0x86, 0x8d, 0x76, 0x0b, 0x56, 0xe8, 0x34, 0xc1, 0x80, 0x07, 0xea, 0x66, 0xe1, 0x84, 0xe2,
    0x24, 0xf5, 0x04, 0xeb, 0xe4, 0xe0, 0x25, 0xe9, 0x66, 0xf1, 0xc7, 0xf9, 0x07, 0xfa, 0x67, 0xfa, 0x08, 0xfa, 0x49, 0xfa,
    0x6a, 0xfa, 0x6a, 0xfa, 0x8a, 0xfa, 0xab, 0xfa, 0xeb, 0xfa, 0xca, 0xfa, 0xab, 0xfa, 0xab, 0xfa, 0xcb, 0xfa, 0xcb, 0xfa,
    0xcb, 0xfa, 0xeb, 0xfa, 0xec, 0xfa, 0xec, 0xfa, 0x0c, 0xfb, 0x0c, 0xfb, 0x0c, 0xfb, 0x0c, 0xfb, 0x0c, 0xfb, 0x0c, 0xfb,
    0x0c, 0xfb, 0x0c, 0xfb, 0x0c, 0xfb, 0x2c, 0xfb, 0x6d, 0xfb, 0x8e, 0xfb, 0x6d, 0xf3, 0x4d, 0xfb, 0x2d, 0xfb, 0xaf, 0xfb,
    0xb7, 0xfd, 0xb7, 0xfd, 0xb7, 0xfd, 0xb7, 0xfd, 0x97, 0xfd, 0x76, 0xfd, 0x35, 0xfd, 0xcc, 0xfa, 0x00, 0x98, 0x04, 0xc1,
    0x08, 0xfa, 0xa6, 0xf9, 0xc6, 0xf9, 0x07, 0xfa, 0x68, 0xfa, 0x8c, 0xfb, 0xcd, 0xfb, 0x68, 0xfa, 0xea, 0xfa, 0xee, 0xfb,
    0x2e, 0xfc, 0x0d, 0xfc, 0x90, 0xfc, 0xf1, 0xfc, 0x0d, 0xfc, 0xac, 0xfb, 0x6b, 0xfb, 0xb0, 0xfc, 0x48, 0xc2, 0x00, 0x90,
    0xe0, 0x60, 0x60, 0x69, 0x20, 0x59, 0xc0, 0x38, 0xe0, 0x20, 0xa0, 0x29, 0x40, 0x2c, 0xc0, 0x34, 0xa0, 0x2c, 0xa0, 0x34,
    0xc0, 0x34, 0x00, 0x3d, 0x60, 0x45, 0x80, 0x4d, 0x40, 0x4d, 0x20, 0x45, 0x20, 0x45, 0x00, 0x3d, 0x00, 0x45, 0x40, 0x44,
    0x01, 0x23, 0x89, 0x3d, 0xae, 0x6e, 0x30, 0x8f, 0x93, 0xb7, 0xb3, 0xc7, 0xb4, 0xcf, 0xd8, 0xe7, 0xd9, 0xef, 0xd9, 0xef,
    0xdb, 0xff, 0xda, 0xef, 0xb5, 0xcf, 0x94, 0xbf, 0x72, 0xb7, 0x93, 0xb7, 0xef, 0xa6, 0x24, 0x75, 0xd0, 0xf6, 0x32, 0xff,
    0x33, 0xff, 0x54, 0xff, 0x54, 0xff, 0x54, 0xff, 0x75, 0xff, 0x75, 0xff, 0x76, 0xff, 0x76, 0xff, 0x97, 0xff, 0xaa, 0xfe,
    0xe0, 0x51, 0x00, 0x00, 0x00, 0x00, 0x00, 0x00, 0x00, 0x00, 0x00, 0x00, 0x00, 0x00, 0x00, 0x00, 0x00, 0x00, 0x00, 0x00,
    0x00, 0x00, 0x00, 0x00, 0x00, 0x00, 0x00, 0x00, 0x00, 0x00, 0x00, 0x00, 0x00, 0x00, 0x00, 0x00, 0x00, 0x00, 0x00, 0x00,
    0x00, 0x00, 0x00, 0x00, 0x00, 0x00, 0x00, 0x00, 0x00, 0x00, 0x00, 0x00, 0x00, 0x00, 0x00, 0x00, 0x00, 0x00, 0x00, 0x00,
    0x00, 0x00, 0x00, 0x00, 0x00, 0x00, 0x00, 0x00, 0x00, 0x00, 0x00, 0x00, 0x00, 0x00, 0x00, 0x29, 0x27, 0xf6, 0x54, 0xff,
    0x33, 0xff, 0x11, 0xff, 0xce, 0xfe, 0x8d, 0xfe, 0x27, 0xa5, 0xc5, 0x4c, 0xad, 0x7e, 0x4b, 0x5e, 0xeb, 0x4d, 0xeb, 0x4d,
    0x0b, 0x4e, 0x2c, 0x56, 0x6c, 0x66, 0x8d, 0x6e, 0x8d, 0x76, 0xce, 0x7e, 0xee, 0x86, 0xee, 0x8e, 0x0f, 0x97, 0x0f, 0x9f,
    0x2f, 0x9f, 0x2f, 0x9f, 0x2f, 0x9f, 0x2f, 0x9f, 0x0f, 0x9f, 0x0f, 0x97, 0x0f, 0x97, 0x0f, 0x8f, 0xef, 0x8e, 0xef, 0x86,
    0xcf, 0x7e, 0xae, 0x7e, 0x8e, 0x76, 0x4c, 0x66, 0xca, 0x45, 0x87, 0x24, 0xa1, 0x78, 0x28, 0xea, 0x87, 0xe1, 0xc4, 0xe1,
    0x63, 0xec, 0xe3, 0xe1, 0xe4, 0xe0, 0x25, 0xe9, 0x86, 0xf9, 0x87, 0xf9, 0x26, 0xfc, 0xab, 0xfe, 0x87, 0xfa, 0x29, 0xfa,
    0x69, 0xfa, 0x6a, 0xfa, 0x6a, 0xfa, 0x8a, 0xfa, 0xab, 0xfa, 0xcb, 0xfa, 0xcb, 0xfa, 0xeb, 0xfa, 0xec, 0xfa, 0x2c, 0xfb,
    0x0c, 0xfb, 0xec, 0xfa, 0x0c, 0xfb, 0x0c, 0xfb, 0x0c, 0xfb, 0x0c, 0xfb, 0x0c, 0xfb, 0x0c, 0xfb, 0x0c, 0xfb, 0x2c, 0xfb,
    0x2c, 0xfb, 0x4d, 0xfb, 0x6d, 0xfb, 0x8e, 0xfb, 0x2c, 0xdb, 0x2c, 0xeb, 0x4d, 0xfb, 0x2d, 0xfb, 0x2c, 0xfb, 0x10, 0xfc,
    0xb7, 0xfd, 0xb7, 0xfd, 0x97, 0xfd, 0x97, 0xfd, 0x96, 0xfd, 0x56, 0xfd, 0x32, 0xfc, 0x25, 0xc1, 0x82, 0xa8, 0x08, 0xfa,
    0x86, 0xf9, 0x86, 0xf9, 0xe7, 0xf9, 0x27, 0xfa, 0x2b, 0xfb, 0x70, 0xfc, 0x8c, 0xfb, 0x48, 0xfa, 0x88, 0xfa, 0xe9, 0xfa,
    0x0a, 0xfb, 0x6b, 0xfb, 0xed, 0xfb, 0xed, 0xfb, 0xcd, 0xfb, 0x8f, 0xfc, 0x6f, 0xfc, 0x2e, 0xfc, 0x73, 0xf5, 0xa5, 0x61,
    0x40, 0x20, 0xe0, 0x48, 0xe0, 0x48, 0x40, 0x48, 0x00, 0xa8, 0x00, 0x98, 0xc0, 0x50, 0xc0, 0x2a, 0x40, 0x2c, 0x40, 0x24,
    0x20, 0x24, 0x60, 0x24, 0x80, 0x2c, 0x80, 0x2c, 0x80, 0x2c, 0x80, 0x2c, 0xc0, 0x3c, 0x20, 0x45, 0x40, 0x3c, 0x01, 0x1b,
    0x08, 0x2d, 0x2b, 0x4e, 0xce, 0x76, 0x51, 0x9f, 0xb3, 0xbf, 0xb4, 0xcf, 0xd5, 0xd7, 0xd7, 0xe7, 0xd8, 0xef, 0xd9, 0xef,
    0xda, 0xf7, 0xdc, 0xff, 0xb6, 0xd7, 0x93, 0xbf, 0x73, 0xb7, 0x72, 0xb7, 0x94, 0xbf, 0x86, 0x75, 0x0a, 0xbe, 0x53, 0xff,
    0x33, 0xff, 0x54, 0xff, 0x54, 0xff, 0x54, 0xff, 0x75, 0xff, 0x75, 0xff, 0x76, 0xff, 0x76, 0xff, 0x97, 0xff, 0x68, 0xfe,
    0x60, 0x39, 0x00, 0x00, 0x00, 0x00, 0x00, 0x00, 0x00, 0x00, 0x00, 0x00, 0x00, 0x00, 0x00, 0x00, 0x00, 0x00, 0x00, 0x00,
    0x00, 0x00, 0x00, 0x00, 0x00, 0x00, 0x00, 0x00, 0x00, 0x00, 0x00, 0x00, 0x00, 0x00, 0x00, 0x00, 0x00, 0x00, 0x00, 0x00,
    0x00, 0x00, 0x00, 0x00, 0x00, 0x00, 0x00, 0x00, 0x00, 0x00, 0x00, 0x00, 0x00, 0x00, 0x00, 0x00, 0x00, 0x00, 0x00, 0x00,
    0x00, 0x00, 0x00, 0x00, 0x00, 0x00, 0x00, 0x00, 0x00, 0x00, 0x00, 0x00, 0x00, 0x00, 0x80, 0x18, 0xa5, 0xe5, 0x33, 0xff,
    0x33, 0xff, 0x11, 0xff, 0xae, 0xfe, 0x6c, 0xfe, 0xa8, 0xcd, 0xa4, 0x44, 0xac, 0x7e, 0x4b, 0x6e, 0x0b, 0x56, 0xeb, 0x4d,
    0xeb, 0x4d, 0x0b, 0x4e, 0x2c, 0x56, 0x4c, 0x66, 0x6d, 0x66, 0x8d, 0x6e, 0xad, 0x76, 0xce, 0x7e, 0xce, 0x7e, 0xce, 0x7e,
    0xce, 0x7e, 0xad, 0x7e, 0x8c, 0x76, 0x6b, 0x6e, 0x6b, 0x6e, 0x6b, 0x6e, 0x6c, 0x6e, 0x4c, 0x66, 0x4c, 0x5e, 0x4c, 0x5e,
    0x4d, 0x66, 0x4d, 0x5e, 0x2c, 0x56, 0xeb, 0x45, 0x89, 0x35, 0x67, 0x1c, 0xc1, 0x78, 0x48, 0xea, 0xa7, 0xe1, 0x04, 0xd9,
    0x43, 0xd9, 0xe4, 0xd8, 0x04, 0xe1, 0x45, 0xe9, 0x86, 0xf1, 0x87, 0xf9, 0x25, 0xfc, 0x29, 0xff, 0xa9, 0xfc, 0xe8, 0xf9,
    0x49, 0xfa, 0x6a, 0xfa, 0x8a, 0xfa, 0x8b, 0xfa, 0xab, 0xfa, 0xab, 0xfa, 0x0c, 0xfb, 0x49, 0xc2, 0xa6, 0x81, 0x65, 0x69,
    0x86, 0x79, 0x49, 0xba, 0x2d, 0xfb, 0x2c, 0xfb, 0x0c, 0xfb, 0x0c, 0xfb, 0x0c, 0xfb, 0x2c, 0xfb, 0x2c, 0xfb, 0x4d, 0xfb,
    0x6d, 0xfb, 0x6e, 0xfb, 0x6e, 0xfb, 0x4d, 0xf3, 0x61, 0x40, 0xc7, 0xa1, 0x6d, 0xfb, 0x2d, 0xfb, 0x2c, 0xfb, 0x8e, 0xfb,
    0x76, 0xfd, 0xb7, 0xfd, 0x96, 0xfd, 0x76, 0xfd, 0x56, 0xfd, 0x93, 0xfc, 0x2a, 0xda, 0x21, 0x88, 0xa6, 0xe9, 0xa6, 0xf9,
    0x65, 0xf9, 0xc7, 0xf9, 0x07, 0xfa, 0x48, 0xfa, 0xca, 0xfa, 0xca, 0xfa, 0x48, 0xfa, 0x48, 0xfa, 0x89, 0xfa, 0xea, 0xfa,
    0x0a, 0xfb, 0x6b, 0xfb, 0xcd, 0xfb, 0xcd, 0xfb, 0x0d, 0xfc, 0xb0, 0xfc, 0xf9, 0xfe, 0xb4, 0xfd, 0xac, 0xfb, 0x32, 0xf5,
    0x68, 0x6a, 0x40, 0x20, 0x20, 0x28, 0x00, 0x68, 0x00, 0x98, 0x00, 0xb0, 0x00, 0xb8, 0x00, 0x90, 0x40, 0x51, 0x00, 0x33,
    0x20, 0x34, 0x60, 0x2c, 0x40, 0x2c, 0xa0, 0x34, 0x20, 0x3d, 0xe0, 0x44, 0x00, 0x3c, 0x00, 0x23, 0x63, 0x1b, 0x68, 0x2d,
    0x2b, 0x46, 0x6c, 0x5e, 0xef, 0x86, 0x72, 0xaf, 0xb4, 0xc7, 0xb4, 0xcf, 0xb5, 0xd7, 0xd7, 0xe7, 0xd8, 0xef, 0xd8, 0xef,
    0xd8, 0xef, 0xda, 0xf7, 0xd7, 0xdf, 0xb4, 0xc7, 0x93, 0xbf, 0x72, 0xaf, 0x93, 0xbf, 0xae, 0x9e, 0x45, 0x85, 0x33, 0xff,
    0x33, 0xff, 0x54, 0xff, 0x54, 0xff, 0x54, 0xff, 0x75, 0xff, 0x75, 0xff, 0x76, 0xff, 0x96, 0xff, 0x96, 0xff, 0x06, 0xee,
    0xc0, 0x20, 0x00, 0x00, 0x00, 0x00, 0x00, 0x00, 0x00, 0x00, 0x00, 0x00, 0x00, 0x00, 0x00, 0x00, 0x00, 0x00, 0x00, 0x00,
    0x00, 0x00, 0x00, 0x00, 0x00, 0x00, 0x00, 0x00, 0x00, 0x00, 0x00, 0x00, 0x00, 0x00, 0x00, 0x00, 0x00, 0x00, 0x00, 0x00,
    0x00, 0x00, 0x00, 0x00, 0x00, 0x00, 0x00, 0x00, 0x00, 0x00, 0x00, 0x00, 0x00, 0x00, 0x00, 0x00, 0x00, 0x00, 0x00, 0x00,
    0x00, 0x00, 0x00, 0x00, 0x00, 0x00, 0x00, 0x00, 0x00, 0x00, 0x00, 0x00, 0x00, 0x00, 0x40, 0x08, 0x23, 0xd5, 0x32, 0xff,
    0x33, 0xff, 0x11, 0xff, 0xae, 0xfe, 0x6c, 0xfe, 0x0a, 0xee, 0x63, 0x54, 0x0a, 0x6e, 0x8c, 0x76, 0x0b, 0x5e, 0xea, 0x4d,
    0xeb, 0x4d, 0xeb, 0x4d, 0x0b, 0x4e, 0x2c, 0x56, 0x4c, 0x5e, 0x4c, 0x5e, 0x4c, 0x5e, 0x2c, 0x56, 0xeb, 0x55, 0xa9, 0x45,
    0x68, 0x45, 0xa8, 0x55, 0x2a, 0x6e, 0x8c, 0x86, 0xad, 0x8e, 0xce, 0x9e, 0xee, 0x96, 0xad, 0x86, 0x6c, 0x76, 0x2b, 0x66,
    0xa9, 0x4d, 0x48, 0x35, 0xe7, 0x2c, 0xe8, 0x24, 0x08, 0x25, 0xe7, 0x14, 0x41, 0x71, 0xa6, 0xe1, 0xa7, 0xe1, 0x25, 0xd9,
    0xc4, 0xd8, 0xe4, 0xd8, 0x04, 0xe1, 0x45, 0xe9, 0x86, 0xf1, 0xa7, 0xf9, 0x06, 0xfb, 0x46, 0xfe, 0x87, 0xfd, 0x08, 0xfa,
    0x49, 0xfa, 0x4a, 0xfa, 0x6a, 0xfa, 0xab, 0xfa, 0xab, 0xfa, 0x8a, 0xea, 0x04, 0x61, 0x20, 0x18, 0x00, 0x08, 0x00, 0x00,
    0x00, 0x00, 0x00, 0x10, 0x24, 0x59, 0xcb, 0xe2, 0x2c, 0xfb, 0x2d, 0xfb, 0x2d, 0xfb, 0x4d, 0xfb, 0x4d, 0xfb, 0x4d, 0xfb,
    0x4d, 0xfb, 0xae, 0xfb, 0xaf, 0xfb, 0xa6, 0x91, 0x00, 0x38, 0x86, 0xa1, 0x0c, 0xfb, 0x2c, 0xfb, 0x2c, 0xfb, 0x2c, 0xfb,
    0x31, 0xfc, 0x76, 0xfd, 0x76, 0xfd, 0x56, 0xfd, 0xd4, 0xfc, 0xac, 0xfa, 0x42, 0x88, 0xa3, 0xa8, 0xa7, 0xf9, 0x65, 0xf9,
    0xa6, 0xf9, 0x07, 0xfa, 0x48, 0xfa, 0x68, 0xfa, 0x69, 0xfa, 0x48, 0xfa, 0x48, 0xfa, 0x89, 0xfa, 0xa9, 0xfa, 0xea, 0xfa,
    0x0a, 0xfb, 0x4b, 0xfb, 0x6b, 0xfb, 0xac, 0xfb, 0x0d, 0xfc, 0x0d, 0xfc, 0xb0, 0xfc, 0x3a, 0xff, 0x16, 0xfe, 0x4f, 0xfc,
    0x4f, 0xfc, 0x2e, 0xdc, 0x8c, 0xb3, 0xe7, 0x99, 0x04, 0x89, 0xe3, 0xa8, 0xc3, 0xd8, 0x62, 0xe0, 0x21, 0xc8, 0x20, 0x98,
    0xc0, 0x60, 0xa0, 0x41, 0x40, 0x3a, 0xa0, 0x32, 0x20, 0x23, 0x00, 0x13, 0xe2, 0x0a, 0x05, 0x1c, 0x49, 0x2d, 0xca, 0x35,
    0x2c, 0x4e, 0xae, 0x76, 0x51, 0x9f, 0x93, 0xb7, 0xb4, 0xc7, 0xb4, 0xcf, 0xb4, 0xcf, 0xd6, 0xdf, 0xd8, 0xef, 0xd8, 0xe7,
    0xd7, 0xe7, 0xd8, 0xe7, 0xd6, 0xdf, 0xb4, 0xc7, 0x93, 0xbf, 0x72, 0xaf, 0x72, 0xaf, 0x73, 0xbf, 0x45, 0x75, 0xd0, 0xde,
    0x54, 0xff, 0x54, 0xff, 0x54, 0xff, 0x54, 0xff, 0x75, 0xff, 0x75, 0xff, 0x76, 0xff, 0x96, 0xff, 0x75, 0xff, 0x64, 0xdd,
    0x60, 0x08, 0x00, 0x00, 0x00, 0x00, 0x00, 0x00, 0x00, 0x00, 0x00, 0x00, 0x00, 0x00, 0x00, 0x00, 0x00, 0x00, 0x00, 0x00,
    0x00, 0x00, 0x00, 0x00, 0x00, 0x00, 0x00, 0x00, 0x00, 0x00, 0x00, 0x00, 0x00, 0x00, 0x00, 0x00, 0x00, 0x00, 0x00, 0x00,
    0x00, 0x00, 0x00, 0x00, 0x00, 0x00, 0x00, 0x00, 0x00, 0x00, 0x00, 0x00, 0x00, 0x00, 0x00, 0x00, 0x00, 0x00, 0x00, 0x00,
    0x00, 0x00, 0x00, 0x00, 0x00, 0x00, 0x00, 0x00, 0x00, 0x00, 0x00, 0x00, 0x00, 0x00, 0x00, 0x00, 0x82, 0xc4, 0x10, 0xff,
    0x54, 0xff, 0xf1, 0xfe, 0xae, 0xfe, 0x6c, 0xf6, 0x2a, 0xfe, 0xa4, 0x84, 0x26, 0x55, 0xac, 0x7e, 0x4b, 0x66, 0xea, 0x4d,
    0xea, 0x45, 0xea, 0x45, 0xeb, 0x45, 0xeb, 0x45, 0x0b, 0x46, 0xeb, 0x45, 0x69, 0x35, 0xa6, 0x24, 0xe6, 0x34, 0xea, 0x65,
    0xce, 0x9e, 0x72, 0xc7, 0xb4, 0xd7, 0xd5, 0xdf, 0xd5, 0xdf, 0xd5, 0xdf, 0xd5, 0xd7, 0xd5, 0xd7, 0xb4, 0xcf, 0xb4, 0xc7,
    0x72, 0xb7, 0xef, 0x96, 0x0b, 0x6e, 0x07, 0x3d, 0x85, 0x14, 0x65, 0x04, 0x41, 0x41, 0x04, 0xc1, 0xe7, 0xe9, 0x45, 0xd9,
    0xe3, 0xd8, 0xc3, 0xd8, 0x04, 0xe1, 0x25, 0xe9, 0x66, 0xf1, 0xa7, 0xf9, 0x28, 0xfa, 0xe5, 0xfb, 0x05, 0xfc, 0xe8, 0xf9,
    0x49, 0xfa, 0x4a, 0xfa, 0x6a, 0xfa, 0x8a, 0xfa, 0xab, 0xfa, 0xe4, 0x58, 0x00, 0x00, 0x00, 0x10, 0xa2, 0x30, 0xe4, 0x48,
    0x04, 0x49, 0x61, 0x20, 0x00, 0x00, 0x24, 0x61, 0x6d, 0xfb, 0x6d, 0xfb, 0x4d, 0xfb, 0x6e, 0xfb, 0x6e, 0xfb, 0x4d, 0xfb,
    0x4d, 0xfb, 0xec, 0xda, 0x66, 0x89, 0x01, 0x58, 0x01, 0x68, 0xc3, 0x70, 0x2d, 0xfb, 0x2c, 0xfb, 0x2c, 0xfb, 0x0c, 0xfb,
    0xcb, 0xfa, 0x4d, 0xfb, 0xaf, 0xfb, 0x8f, 0xfb, 0xcb, 0xfa, 0x04, 0xe1, 0x20, 0x80, 0x45, 0xf1, 0x45, 0xf9, 0x65, 0xf9,
    0xc7, 0xf9, 0x07, 0xfa, 0x48, 0xfa, 0x69, 0xfa, 0x68, 0xfa, 0x48, 0xfa, 0x69, 0xfa, 0x89, 0xfa, 0xa9, 0xfa, 0xc9, 0xfa,
    0xea, 0xfa, 0x0a, 0xfb, 0x2a, 0xfb, 0x4b, 0xfb, 0x8c, 0xfb, 0xcd, 0xfb, 0xed, 0xfb, 0x8f, 0xfc, 0x94, 0xfd, 0x6f, 0xfc,
    0xf1, 0xfc, 0x6f, 0xfc, 0x0e, 0xfc, 0xad, 0xfb, 0x8c, 0xfb, 0x2b, 0xfb, 0x89, 0xfa, 0xe7, 0xf9, 0x45, 0xf1, 0xc3, 0xe0,
    0x62, 0xd8, 0x01, 0xc8, 0x20, 0xc0, 0x21, 0xa0, 0x40, 0x28, 0x44, 0x03, 0xc7, 0x14, 0x48, 0x25, 0x8a, 0x35, 0x0b, 0x46,
    0x8d, 0x66, 0x10, 0x8f, 0x72, 0xaf, 0x93, 0xbf, 0xb3, 0xc7, 0xb4, 0xcf, 0xb4, 0xd7, 0xb4, 0xd7, 0xd5, 0xdf, 0xd7, 0xe7,
    0xd7, 0xe7, 0xd6, 0xdf, 0xb5, 0xcf, 0xb3, 0xc7, 0x93, 0xbf, 0x72, 0xaf, 0x72, 0xaf, 0xb4, 0xbf, 0xe9, 0x85, 0x0b, 0xae,
    0x75, 0xff, 0x54, 0xff, 0x54, 0xff, 0x55, 0xff, 0x75, 0xff, 0x75, 0xff, 0x76, 0xff, 0x97, 0xff, 0x73, 0xff, 0xa3, 0xc4,
    0x00, 0x00, 0x00, 0x00, 0x00, 0x00, 0x00, 0x00, 0x00, 0x00, 0x00, 0x00, 0x00, 0x00, 0x00, 0x00, 0x00, 0x00, 0x00, 0x00,
    0x00, 0x00, 0x00, 0x00, 0x00, 0x00, 0x00, 0x00, 0x00, 0x00, 0x00, 0x00, 0x00, 0x00, 0x00, 0x00, 0x00, 0x00, 0x00, 0x00,
    0x00, 0x00, 0x00, 0x00, 0x00, 0x00, 0x00, 0x00, 0x00, 0x00, 0x00, 0x00, 0x00, 0x00, 0x00, 0x00, 0x00, 0x00, 0x00, 0x00,
    0x00, 0x00, 0x00, 0x00, 0x00, 0x00, 0x00, 0x00, 0x00, 0x00, 0x00, 0x00, 0x00, 0x00, 0x00, 0x00, 0xc1, 0xa3, 0x0e, 0xff,
    0x33, 0xff, 0x11, 0xff, 0xae, 0xfe, 0x6c, 0xf6, 0x2a, 0xf6, 0x87, 0xcd, 0x63, 0x44, 0x6b, 0x7e, 0x6c, 0x76, 0x0a, 0x5e,
    0xea, 0x45, 0xca, 0x3d, 0xca, 0x3d, 0xca, 0x3d, 0x49, 0x2d, 0x44, 0x14, 0xc5, 0x2c, 0x2b, 0x7e, 0x51, 0xbf, 0xd4, 0xd7,
    0xd5, 0xdf, 0xd4, 0xdf, 0xb4, 0xd7, 0xb4, 0xcf, 0xb4, 0xcf, 0xb4, 0xcf, 0xb4, 0xc7, 0xb4, 0xc7, 0x93, 0xc7, 0x93, 0xbf,
    0x93, 0xbf, 0xb4, 0xc7, 0xd5, 0xcf, 0x95, 0xcf, 0x8e, 0x8e, 0x85, 0x2c, 0x60, 0x11, 0xa3, 0x98, 0xe8, 0xf1, 0x86, 0xd9,
    0xc4, 0xd0, 0xc3, 0xd0, 0xe4, 0xe0, 0x25, 0xe9, 0x45, 0xe9, 0x66, 0xf1, 0xc7, 0xf9, 0xe8, 0xf9, 0xe8, 0xf9, 0x09, 0xfa,
    0x29, 0xfa, 0x4a, 0xfa, 0x6a, 0xfa, 0x6a, 0xea, 0xe3, 0x58, 0x00, 0x00, 0x00, 0x00, 0x66, 0x71, 0xec, 0xea, 0xab, 0xfa,
    0x0c, 0xfb, 0x0c, 0xdb, 0x66, 0x69, 0x65, 0x51, 0x8e, 0xf3, 0x2d, 0xfb, 0xa6, 0x91, 0xe8, 0xa1, 0x8a, 0xca, 0x08, 0xc2,
    0x25, 0x89, 0x21, 0x50, 0x01, 0x60, 0x22, 0x80, 0x22, 0x78, 0x82, 0x68, 0x2d, 0xeb, 0x0c, 0xfb, 0x0c, 0xfb, 0xcb, 0xfa,
    0xcb, 0xfa, 0x8a, 0xfa, 0x6a, 0xfa, 0x29, 0xfa, 0x87, 0xf9, 0x62, 0xa8, 0x82, 0xb0, 0x65, 0xf9, 0x45, 0xf9, 0x86, 0xf9,
    0xc7, 0xf9, 0x08, 0xfa, 0x49, 0xfa, 0x69, 0xfa, 0x69, 0xfa, 0x69, 0xfa, 0x89, 0xfa, 0x89, 0xfa, 0x89, 0xfa, 0xa9, 0xfa,
    0xc9, 0xfa, 0xea, 0xfa, 0x0a, 0xfb, 0x0a, 0xfb, 0x0a, 0xfb, 0x6b, 0xfb, 0xcc, 0xfb, 0xed, 0xfb, 0xed, 0xfb, 0xac, 0xfb,
    0xed, 0xfb, 0x0e, 0xfc, 0x6c, 0xfb, 0x2b, 0xfb, 0x0a, 0xfb, 0xea, 0xfa, 0xa9, 0xfa, 0xc9, 0xfa, 0xa9, 0xfa, 0x89, 0xfa,
    0x28, 0xfa, 0x45, 0xf1, 0x82, 0xd8, 0x82, 0xd8, 0x41, 0xb0, 0x41, 0x41, 0xc7, 0x14, 0x89, 0x2d, 0xeb, 0x45, 0x8d, 0x66,
    0xef, 0x86, 0x31, 0x9f, 0x72, 0xaf, 0x93, 0xbf, 0x93, 0xc7, 0xb4, 0xc7, 0xb4, 0xcf, 0xb4, 0xcf, 0xb4, 0xcf, 0xb4, 0xd7,
    0xb5, 0xd7, 0xb5, 0xcf, 0xb4, 0xc7, 0x93, 0xbf, 0x93, 0xbf, 0x72, 0xaf, 0x51, 0xa7, 0x93, 0xbf, 0xae, 0x9e, 0x66, 0x85,
    0x54, 0xff, 0x54, 0xff, 0x55, 0xff, 0x55, 0xff, 0x75, 0xff, 0x75, 0xff, 0x76, 0xff, 0x97, 0xff, 0x50, 0xff, 0xe2, 0xa3,
    0x00, 0x00, 0x00, 0x00, 0x00, 0x00, 0x00, 0x00, 0x00, 0x00, 0x00, 0x00, 0x00, 0x00, 0x00, 0x00, 0x00, 0x00, 0x00, 0x00,
    0x00, 0x00, 0x00, 0x00, 0x00, 0x00, 0x00, 0x00, 0x00, 0x00, 0x00, 0x00, 0x00, 0x00, 0x00, 0x00, 0x00, 0x00, 0x00, 0x00,
    0x00, 0x00, 0x00, 0x00, 0x00, 0x00, 0x00, 0x00, 0x00, 0x00, 0x00, 0x00, 0x00, 0x00, 0x00, 0x00, 0x00, 0x00, 0x00, 0x00,
    0x00, 0x00, 0x00, 0x00, 0x00, 0x00, 0x00, 0x00, 0x00, 0x00, 0x00, 0x00, 0x00, 0x00, 0x00, 0x00, 0xa1, 0x72, 0xcb, 0xfe,
    0x33, 0xff, 0x11, 0xff, 0xcf, 0xfe, 0x6c, 0xfe, 0x0a, 0xf6, 0xe9, 0xed, 0x43, 0x64, 0x47, 0x55, 0xac, 0x7e, 0x2b, 0x5e,
    0xea, 0x45, 0xa9, 0x3d, 0x69, 0x35, 0xa7, 0x24, 0xe3, 0x13, 0x68, 0x5d, 0x30, 0xaf, 0xb3, 0xcf, 0xb4, 0xd7, 0xb4, 0xd7,
    0xb3, 0xcf, 0xb3, 0xcf, 0xb3, 0xcf, 0xb3, 0xcf, 0xb3, 0xcf, 0xb4, 0xcf, 0xb4, 0xcf, 0xb3, 0xc7, 0xb3, 0xc7, 0x93, 0xc7,
    0x93, 0xbf, 0x93, 0xbf, 0xb4, 0xc7, 0xb5, 0xcf, 0xd6, 0xd7, 0x93, 0xc7, 0xeb, 0x75, 0xe2, 0x42, 0x63, 0xb1, 0x46, 0xe1,
    0xc3, 0xd0, 0xa3, 0xd0, 0xe3, 0xd8, 0x25, 0xe1, 0x25, 0xe9, 0x45, 0xe9, 0x87, 0xf1, 0xc7, 0xf9, 0xe8, 0xf9, 0x08, 0xfa,
    0x29, 0xfa, 0x49, 0xfa, 0x49, 0xfa, 0xab, 0xfa, 0x04, 0x69, 0x00, 0x00, 0xa2, 0x40, 0xab, 0xfa, 0x8b, 0xfa, 0x8a, 0xfa,
    0xab, 0xfa, 0xec, 0xfa, 0x0c, 0xfb, 0x8e, 0xfb, 0x6e, 0xfb, 0x0c, 0xeb, 0x61, 0x20, 0x00, 0x40, 0x01, 0x68, 0x22, 0x78,
    0x63, 0x90, 0xa5, 0xa8, 0xc5, 0xb0, 0xa4, 0xa0, 0x63, 0x98, 0x83, 0x78, 0xec, 0xe2, 0xcc, 0xfa, 0x0c, 0xfb, 0xcb, 0xfa,
    0xcb, 0xfa, 0xab, 0xfa, 0x8a, 0xfa, 0xe8, 0xf9, 0xe4, 0xe0, 0x20, 0x80, 0x25, 0xe1, 0x45, 0xf9, 0x45, 0xf1, 0xa6, 0xf9,
    0xe7, 0xf9, 0x08, 0xfa, 0x49, 0xfa, 0x69, 0xfa, 0xaa, 0xfa, 0x2c, 0xfb, 0x2b, 0xfb, 0x89, 0xfa, 0x89, 0xfa, 0xa9, 0xfa,
    0xc9, 0xfa, 0xc9, 0xfa, 0xc9, 0xfa, 0xea, 0xfa, 0xea, 0xfa, 0x2a, 0xfb, 0x4b, 0xfb, 0x8b, 0xfb, 0xac, 0xfb, 0xcd, 0xfb,
    0xac, 0xfb, 0x8c, 0xfb, 0x4b, 0xfb, 0x4b, 0xfb, 0x2b, 0xfb, 0x0a, 0xfb, 0xad, 0xfb, 0x2b, 0xfb, 0x0a, 0xfb, 0x2b, 0xfb,
    0x2b, 0xfb, 0x8d, 0xfb, 0x0b, 0xfb, 0x65, 0xf1, 0x07, 0xfa, 0x82, 0xa8, 0xe4, 0x32, 0xca, 0x35, 0x4c, 0x56, 0xce, 0x76,
    0x10, 0x8f, 0x51, 0x9f, 0x72, 0xaf, 0x93, 0xb7, 0x93, 0xbf, 0xb3, 0xc7, 0xb4, 0xcf, 0xb4, 0xcf, 0xb4, 0xcf, 0xb4, 0xcf,
    0xb3, 0xcf, 0xb4, 0xc7, 0xb3, 0xc7, 0x93, 0xbf, 0x92, 0xb7, 0x52, 0xaf, 0x51, 0x9f, 0x72, 0xaf, 0x31, 0xaf, 0x25, 0x6d,
    0x33, 0xf7, 0x54, 0xff, 0x75, 0xff, 0x75, 0xff, 0x75, 0xff, 0x75, 0xff, 0x76, 0xff, 0x97, 0xff, 0x0d, 0xff, 0xe1, 0x72,
    0x00, 0x00, 0x00, 0x00, 0x00, 0x00, 0x00, 0x00, 0x00, 0x00, 0x00, 0x00, 0x00, 0x00, 0x00, 0x00, 0x00, 0x00, 0x00, 0x00,
    0x00, 0x00, 0x00, 0x00, 0x00, 0x00, 0x00, 0x00, 0x00, 0x00, 0x00, 0x00, 0x00, 0x00, 0x00, 0x00, 0x00, 0x00, 0x00, 0x00,
    0x00, 0x00, 0x00, 0x00, 0x00, 0x00, 0x00, 0x00, 0x00, 0x00, 0x00, 0x00, 0x00, 0x00, 0x00, 0x00, 0x00, 0x00, 0x00, 0x00,
    0x00, 0x00, 0x00, 0x00, 0x00, 0x00, 0x00, 0x00, 0x00, 0x00, 0x00, 0x00, 0x00, 0x00, 0x00, 0x00, 0xc0, 0x49, 0x68, 0xfe,
    0x33, 0xff, 0x11, 0xff, 0xcf, 0xfe, 0x6d, 0xfe, 0x0b, 0xf6, 0xe9, 0xf5, 0x46, 0xc5, 0x63, 0x3c, 0x2a, 0x6e, 0x4b, 0x6e,
    0xea, 0x4d, 0x89, 0x35, 0x65, 0x1c, 0x04, 0x1c, 0x4c, 0x86, 0xb2, 0xc7, 0xb3, 0xc7, 0x93, 0xc7, 0xb3, 0xc7, 0xb3, 0xc7,
    0xb3, 0xc7, 0xb3, 0xc7, 0xb3, 0xcf, 0xb3, 0xcf, 0xb4, 0xcf, 0xb4, 0xd7, 0xb4, 0xd7, 0xb4, 0xd7, 0xb4, 0xcf, 0xb4, 0xcf,
    0xb4, 0xcf, 0xb4, 0xcf, 0xb4, 0xc7, 0x93, 0xbf, 0x94, 0xbf, 0xb5, 0xcf, 0xf6, 0xd7, 0x10, 0xa7, 0x24, 0x4c, 0xa1, 0x91,
    0x83, 0xd8, 0x82, 0xc8, 0xa3, 0xd0, 0xa3, 0xd8, 0xc4, 0xd8, 0x45, 0xe9, 0x66, 0xf1, 0xa7, 0xf1, 0xe8, 0xf9, 0x08, 0xfa,
    0x29, 0xfa, 0x49, 0xfa, 0x29, 0xfa, 0x6a, 0xfa, 0xc3, 0x48, 0x00, 0x00, 0x45, 0x91, 0x29, 0xfa, 0x4a, 0xfa, 0x8a, 0xfa,
    0xcb, 0xfa, 0xcb, 0xfa, 0xcb, 0xfa, 0x0c, 0xfb, 0x4d, 0xfb, 0x8e, 0xfb, 0x29, 0xaa, 0x00, 0x68, 0x63, 0x90, 0x07, 0xc9,
    0x48, 0xe1, 0xa9, 0xe9, 0x4b, 0xf2, 0x6c, 0xf2, 0xe6, 0xb8, 0x62, 0x68, 0x0c, 0xe3, 0xab, 0xfa, 0xec, 0xfa, 0xcb, 0xfa,
    0xcb, 0xfa, 0xab, 0xfa, 0x6a, 0xfa, 0xa7, 0xf9, 0xa3, 0xc8, 0x41, 0x90, 0x25, 0xf9, 0x04, 0xf1, 0x65, 0xf9, 0xc6, 0xf9,
    0x07, 0xfa, 0x28, 0xfa, 0x49, 0xfa, 0x69, 0xfa, 0x48, 0xd2, 0x69, 0x8a, 0x08, 0x7a, 0xc6, 0xb1, 0x89, 0xfa, 0xa9, 0xfa,
    0xa9, 0xfa, 0xa9, 0xfa, 0xa9, 0xfa, 0xca, 0xfa, 0xea, 0xfa, 0x0a, 0xfb, 0x2a, 0xfb, 0x4b, 0xfb, 0x2a, 0xfb, 0x2b, 0xfb,
    0x4b, 0xfb, 0x4b, 0xfb, 0x6b, 0xfb, 0x4b, 0xfb, 0x4b, 0xfb, 0x8c, 0xfb, 0xd4, 0xfd, 0xf1, 0xfc, 0x0a, 0xfb, 0x4b, 0xfb,
    0x70, 0xfc, 0xda, 0xfe, 0x3b, 0xff, 0x50, 0xfc, 0xca, 0xfa, 0xea, 0xea, 0xe1, 0x70, 0x29, 0x35, 0x6d, 0x5e, 0xcf, 0x7e,
    0x30, 0x97, 0x51, 0x9f, 0x52, 0xa7, 0x72, 0xb7, 0x93, 0xbf, 0x93, 0xc7, 0xb3, 0xc7, 0xb3, 0xc7, 0xb3, 0xc7, 0xb3, 0xc7,
    0xb3, 0xc7, 0xb3, 0xc7, 0x93, 0xbf, 0x93, 0xbf, 0x72, 0xb7, 0x52, 0xa7, 0x31, 0x9f, 0x51, 0xa7, 0x51, 0xb7, 0x25, 0x65,
    0xd1, 0xde, 0x75, 0xff, 0x75, 0xff, 0x75, 0xff, 0x75, 0xff, 0x76, 0xff, 0x76, 0xff, 0x97, 0xff, 0xa9, 0xfe, 0xc0, 0x49,
    0x00, 0x00, 0x00, 0x00, 0x00, 0x00, 0x00, 0x00, 0x00, 0x00, 0x00, 0x00, 0x00, 0x00, 0x00, 0x00, 0x00, 0x00, 0x00, 0x00,
    0x00, 0x00, 0x00, 0x00, 0x00, 0x00, 0x00, 0x00, 0x00, 0x00, 0x00, 0x00, 0x00, 0x00, 0x00, 0x00, 0x00, 0x00, 0x00, 0x00,
    0x00, 0x00, 0x00, 0x00, 0x00, 0x00, 0x00, 0x00, 0x00, 0x00, 0x00, 0x00, 0x00, 0x00, 0x00, 0x00, 0x00, 0x00, 0x00, 0x00,
    0x00, 0x00, 0x00, 0x00, 0x00, 0x00, 0x00, 0x00, 0x00, 0x00, 0x00, 0x00, 0x00, 0x00, 0x00, 0x00, 0xc0, 0x20, 0xc5, 0xf5,
    0x32, 0xff, 0x11, 0xff, 0xcf, 0xfe, 0x8d, 0xfe, 0x2b, 0xf6, 0xe9, 0xed, 0xa8, 0xed, 0xa4, 0x84, 0x84, 0x2c, 0x4b, 0x6e,
    0x0a, 0x56, 0x65, 0x24, 0x44, 0x24, 0xae, 0x8e, 0x92, 0xbf, 0x72, 0xbf, 0x72, 0xb7, 0x92, 0xbf, 0x93, 0xbf, 0xb3, 0xc7,
    0xb3, 0xc7, 0xb4, 0xcf, 0xb4, 0xcf, 0xb4, 0xd7, 0xb4, 0xd7, 0xd4, 0xd7, 0xd4, 0xd7, 0xd4, 0xd7, 0xd4, 0xd7, 0xd5, 0xd7,
    0xd5, 0xd7, 0xd5, 0xd7, 0xb4, 0xcf, 0xb4, 0xc7, 0xb4, 0xc7, 0x93, 0xbf, 0x94, 0xc7, 0xb4, 0xc7, 0x92, 0xb7, 0x27, 0x65,
    0xc0, 0x71, 0x62, 0xc8, 0x62, 0xc8, 0xe3, 0xe2, 0xa4, 0xe2, 0xe4, 0xe0, 0x46, 0xe9, 0x86, 0xf1, 0xc7, 0xf9, 0xe8, 0xf9,
    0x08, 0xfa, 0x29, 0xfa, 0x29, 0xfa, 0x29, 0xfa, 0x45, 0x99, 0x25, 0x61, 0x2d, 0xe3, 0x4e, 0xfb, 0x6e, 0xfb, 0x4e, 0xfb,
    0xcb, 0xfa, 0xcb, 0xfa, 0xcb, 0xfa, 0xcb, 0xfa, 0x2d, 0xfb, 0x4d, 0xfb, 0x6e, 0xeb, 0x82, 0x80, 0xe6, 0xc0, 0xa9, 0xe9,
    0xad, 0xf2, 0x4f, 0xfb, 0x90, 0xfb, 0xb0, 0xfb, 0x2a, 0xda, 0xc3, 0x80, 0x2d, 0xf3, 0xab, 0xfa, 0xcb, 0xfa, 0xcb, 0xfa,
    0xab, 0xfa, 0x8a, 0xfa, 0x28, 0xfa, 0x46, 0xf1, 0x41, 0xa0, 0xa3, 0xb8, 0x25, 0xf9, 0x04, 0xf1, 0x65, 0xf1, 0xc7, 0xf9,
    0x08, 0xfa, 0x28, 0xfa, 0x89, 0xfa, 0xc7, 0xb9, 0x20, 0x18, 0x00, 0x10, 0x00, 0x00, 0x00, 0x00, 0x44, 0x81, 0x89, 0xfa,
    0xa9, 0xfa, 0xa9, 0xfa, 0xa9, 0xfa, 0xc9, 0xfa, 0xc9, 0xfa, 0xea, 0xfa, 0x0a, 0xfb, 0x0a, 0xfb, 0x0a, 0xfb, 0xea, 0xfa,
    0xea, 0xfa, 0xe9, 0xfa, 0xea, 0xfa, 0xca, 0xfa, 0xea, 0xfa, 0x2b, 0xfb, 0xad, 0xfb, 0x0e, 0xfc, 0x8c, 0xfb, 0x0a, 0xfb,
    0x95, 0xfd, 0x9c, 0xff, 0x5b, 0xff, 0x5b, 0xff, 0x2f, 0xfc, 0x2f, 0xfc, 0x45, 0xb1, 0x66, 0x4b, 0xad, 0x5e, 0xef, 0x7e,
    0x30, 0x97, 0x51, 0x9f, 0x52, 0xa7, 0x72, 0xaf, 0x72, 0xb7, 0x93, 0xbf, 0x93, 0xbf, 0x93, 0xbf, 0x93, 0xbf, 0x93, 0xc7,
    0x93, 0xbf, 0x93, 0xbf, 0x93, 0xbf, 0x72, 0xb7, 0x72, 0xaf, 0x51, 0xa7, 0x31, 0x9f, 0x31, 0x9f, 0x72, 0xb7, 0x46, 0x6d,
    0x8f, 0xce, 0x75, 0xff, 0x75, 0xff, 0x75, 0xff, 0x75, 0xff, 0x76, 0xff, 0x96, 0xff, 0x76, 0xff, 0x06, 0xf6, 0xe0, 0x28,
    0x00, 0x00, 0x00, 0x00, 0x00, 0x00, 0x00, 0x00, 0x00, 0x00, 0x00, 0x00, 0x00, 0x00, 0x00, 0x00, 0x00, 0x00, 0x00, 0x00,
    0x00, 0x00, 0x00, 0x00, 0x00, 0x00, 0x00, 0x00, 0x00, 0x00, 0x00, 0x00, 0x00, 0x00, 0x00, 0x00, 0x00, 0x00, 0x00, 0x00,
    0x00, 0x00, 0x00, 0x00, 0x00, 0x00, 0x00, 0x00, 0x00, 0x00, 0x00, 0x00, 0x00, 0x00, 0x00, 0x00, 0x00, 0x00, 0x00, 0x00,
    0x00, 0x00, 0x00, 0x00, 0x00, 0x00, 0x00, 0x00, 0x00, 0x00, 0x00, 0x00, 0x00, 0x00, 0x00, 0x00, 0x20, 0x08, 0xe3, 0xd4,
    0x10, 0xff, 0x12, 0xff, 0xf0, 0xfe, 0x8e, 0xfe, 0x4b, 0xf6, 0xe9, 0xed, 0x87, 0xe5, 0x46, 0xdd, 0xe2, 0x4b, 0x04, 0x2c,
    0xe6, 0x3c, 0x44, 0x2c, 0xad, 0x8e, 0x51, 0xb7, 0x51, 0xaf, 0x51, 0xaf, 0x71, 0xaf, 0x92, 0xb7, 0x92, 0xbf, 0xb3, 0xc7,
    0xd4, 0xd7, 0xd4, 0xd7, 0xb4, 0xd7, 0xb4, 0xd7, 0xd4, 0xdf, 0xd4, 0xdf, 0xd4, 0xdf, 0xd6, 0xe7, 0xd7, 0xe7, 0xd8, 0xef,
    0xd9, 0xf7, 0xd9, 0xf7, 0xd6, 0xe7, 0xd5, 0xd7, 0xb4, 0xcf, 0xb4, 0xc7, 0x93, 0xbf, 0x73, 0xb7, 0x93, 0xbf, 0x93, 0xbf,
    0x68, 0x65, 0xa0, 0x71, 0x41, 0xc8, 0x43, 0xec, 0xc7, 0xfd, 0x84, 0xd9, 0x05, 0xe1, 0x66, 0xe9, 0xa7, 0xf1, 0xc7, 0xf9,
    0xe8, 0xf9, 0x08, 0xfa, 0x08, 0xfa, 0x49, 0xfa, 0x0d, 0xfb, 0x73, 0xfc, 0xf5, 0xfc, 0xb4, 0xfc, 0xd4, 0xfc, 0xd4, 0xfc,
    0xd0, 0xfb, 0xab, 0xfa, 0xcb, 0xfa, 0xcb, 0xfa, 0x0c, 0xfb, 0x0c, 0xfb, 0x2d, 0xfb, 0xe8, 0xb1, 0x84, 0x98, 0xce, 0xfa,
    0xd1, 0xfb, 0x52, 0xfc, 0x73, 0xfc, 0x32, 0xfc, 0xe9, 0xb9, 0xa7, 0x99, 0xec, 0xfa, 0x8b, 0xfa, 0xab, 0xfa, 0xab, 0xfa,
    0x8a, 0xfa, 0x49, 0xfa, 0xc7, 0xf1, 0x05, 0xe1, 0x20, 0x90, 0xe4, 0xd8, 0x04, 0xf1, 0x04, 0xe9, 0x65, 0xf1, 0xe7, 0xf9,
    0x08, 0xfa, 0x08, 0xfa, 0x28, 0xf2, 0x61, 0x28, 0x00, 0x10, 0x45, 0x81, 0x86, 0x81, 0x61, 0x20, 0x00, 0x10, 0x28, 0xca,
    0xaa, 0xfa, 0x89, 0xfa, 0x89, 0xfa, 0x89, 0xfa, 0xa9, 0xfa, 0xc9, 0xfa, 0xea, 0xfa, 0xca, 0xfa, 0xca, 0xfa, 0xc9, 0xfa,
    0xc9, 0xfa, 0xc9, 0xfa, 0xc9, 0xfa, 0xa9, 0xfa, 0x89, 0xfa, 0x0b, 0xfb, 0x2b, 0xfb, 0xea, 0xfa, 0x2b, 0xfb, 0xa9, 0xfa,
    0xb1, 0xfc, 0x9c, 0xff, 0x5b, 0xff, 0x9c, 0xff, 0x37, 0xfe, 0x8c, 0xfb, 0xaa, 0xda, 0xc3, 0x69, 0x8d, 0x5e, 0xcf, 0x7e,
    0x10, 0x97, 0x51, 0x9f, 0x51, 0xa7, 0x52, 0xa7, 0x72, 0xaf, 0x92, 0xb7, 0x93, 0xbf, 0x93, 0xbf, 0x92, 0xbf, 0x93, 0xbf,
    0x93, 0xbf, 0x92, 0xb7, 0x72, 0xb7, 0x72, 0xaf, 0x51, 0xaf, 0x51, 0xa7, 0x10, 0x97, 0x10, 0x97, 0x72, 0xb7, 0x87, 0x6d,
    0x4d, 0xbe, 0x75, 0xff, 0x75, 0xff, 0x75, 0xff, 0x76, 0xff, 0x76, 0xff, 0x97, 0xff, 0x74, 0xff, 0x44, 0xdd, 0x40, 0x08,
    0x00, 0x00, 0x00, 0x00, 0x00, 0x00, 0x00, 0x00, 0x00, 0x00, 0x00, 0x00, 0x00, 0x00, 0x00, 0x00, 0x00, 0x00, 0x00, 0x00,
    0x00, 0x00, 0x00, 0x00, 0x00, 0x00, 0x00, 0x00, 0x00, 0x00, 0x00, 0x00, 0x00, 0x00, 0x00, 0x00, 0x00, 0x00, 0x00, 0x00,
    0x00, 0x00, 0x00, 0x00, 0x00, 0x00, 0x00, 0x00, 0x00, 0x00, 0x00, 0x00, 0x00, 0x00, 0x00, 0x00, 0x00, 0x00, 0x00, 0x00,
    0x00, 0x00, 0x00, 0x00, 0x00, 0x00, 0x00, 0x00, 0x00, 0x00, 0x00, 0x00, 0x00, 0x00, 0x00, 0x00, 0x00, 0x00, 0xe1, 0xa3,
    0x0e, 0xff, 0x32, 0xff, 0xf0, 0xfe, 0xae, 0xfe, 0x4c, 0xf6, 0x0a, 0xf6, 0xa8, 0xe5, 0x66, 0xe5, 0xa4, 0xc4, 0x80, 0x19,
    0x62, 0x1b, 0x8c, 0x86, 0x50, 0xa7, 0x30, 0xa7, 0x30, 0xa7, 0x51, 0xa7, 0x71, 0xaf, 0x92, 0xbf, 0x93, 0xc7, 0xb4, 0xcf,
    0xb4, 0xcf, 0xb3, 0xcf, 0xb3, 0xcf, 0xd5, 0xdf, 0xd6, 0xe7, 0xd5, 0xdf, 0xd5, 0xdf, 0xd7, 0xef, 0xd8, 0xef, 0xd8, 0xf7,
    0xd9, 0xf7, 0xda, 0xff, 0xdc, 0xff, 0xd9, 0xef, 0xd5, 0xd7, 0xb4, 0xc7, 0x93, 0xbf, 0x93, 0xb7, 0x73, 0xaf, 0x73, 0xb7,
    0x92, 0xaf, 0x06, 0x55, 0x00, 0x79, 0xe1, 0xe2, 0xc5, 0xfd, 0x04, 0xe3, 0xc4, 0xd8, 0x45, 0xe9, 0x66, 0xe9, 0xa7, 0xf1,
    0xc7, 0xf9, 0xe8, 0xf9, 0x08, 0xfa, 0x8f, 0xfb, 0xb4, 0xfc, 0x94, 0xfc, 0x93, 0xfc, 0x94, 0xfc, 0xb4, 0xfc, 0xb4, 0xfc,
    0xb4, 0xfc, 0x2e, 0xfb, 0xab, 0xfa, 0xcb, 0xfa, 0xcb, 0xfa, 0xcb, 0xfa, 0xab, 0xfa, 0xec, 0xf2, 0x66, 0xa1, 0xa8, 0xc1,
    0x93, 0xfc, 0x15, 0xfd, 0x56, 0xfd, 0xf1, 0xe3, 0x25, 0x91, 0xab, 0xe2, 0x6a, 0xfa, 0x8a, 0xfa, 0x8a, 0xfa, 0x8a, 0xfa,
    0x6a, 0xfa, 0x08, 0xfa, 0x86, 0xf1, 0xc3, 0xd0, 0x20, 0x88, 0x04, 0xe9, 0xe4, 0xe8, 0x04, 0xe9, 0x86, 0xf1, 0xc7, 0xf9,
    0x08, 0xfa, 0x6a, 0xfa, 0x8a, 0xf2, 0x04, 0x71, 0x65, 0xa9, 0x69, 0xfa, 0xaa, 0xfa, 0x69, 0xba, 0x00, 0x08, 0x65, 0x89,
    0xaa, 0xfa, 0x68, 0xfa, 0x69, 0xfa, 0x89, 0xfa, 0x89, 0xfa, 0xa9, 0xfa, 0xc9, 0xfa, 0xca, 0xfa, 0xc9, 0xfa, 0xc9, 0xfa,
    0xa9, 0xfa, 0xa9, 0xfa, 0xa9, 0xfa, 0x89, 0xfa, 0x89, 0xfa, 0xea, 0xfa, 0x0b, 0xfb, 0xea, 0xfa, 0xa9, 0xfa, 0x89, 0xfa,
    0x4b, 0xfb, 0x1a, 0xff, 0x5c, 0xff, 0x7c, 0xff, 0xd9, 0xfe, 0x0b, 0xfb, 0x8c, 0xf3, 0x22, 0x81, 0xeb, 0x5d, 0xce, 0x76,
    0x10, 0x8f, 0x31, 0x9f, 0x51, 0x9f, 0x51, 0xa7, 0x72, 0xaf, 0x72, 0xaf, 0x72, 0xb7, 0x72, 0xb7, 0x72, 0xb7, 0x72, 0xb7,
    0x72, 0xb7, 0x72, 0xb7, 0x72, 0xaf, 0x51, 0xa7, 0x51, 0xa7, 0x31, 0x9f, 0x10, 0x8f, 0x10, 0x8f, 0x72, 0xaf, 0xa8, 0x75,
    0x0c, 0xb6, 0x75, 0xff, 0x75, 0xff, 0x75, 0xff, 0x75, 0xff, 0x76, 0xff, 0x97, 0xff, 0x51, 0xff, 0x42, 0xb4, 0x00, 0x00,
    0x00, 0x00, 0x00, 0x00, 0x00, 0x00, 0x00, 0x00, 0x00, 0x00, 0x00, 0x00, 0x00, 0x00, 0x00, 0x00, 0x00, 0x00, 0x00, 0x00,
    0x00, 0x00, 0x00, 0x00, 0x00, 0x00, 0x00, 0x00, 0x00, 0x00, 0x00, 0x00, 0x00, 0x00, 0x00, 0x00, 0x00, 0x00, 0x00, 0x00,
    0x00, 0x00, 0x00, 0x00, 0x00, 0x00, 0x00, 0x00, 0x00, 0x00, 0x00, 0x00, 0x00, 0x00, 0x00, 0x00, 0x00, 0x00, 0x00, 0x00,
    0x00, 0x00, 0x00, 0x00, 0x00, 0x00, 0x00, 0x00, 0x00, 0x00, 0x00, 0x00, 0x00, 0x00, 0x00, 0x00, 0x00, 0x00, 0x81, 0x6a,
    0xca, 0xfe, 0x33, 0xff, 0x11, 0xff, 0xcf, 0xfe, 0x6d, 0xf6, 0x2b, 0xf6, 0xc9, 0xed, 0x87, 0xe5, 0xc6, 0xd4, 0x21, 0x33,
    0xe9, 0x65, 0x30, 0xa7, 0x0f, 0x9f, 0x0f, 0x97, 0x30, 0x9f, 0x51, 0xa7, 0x71, 0xb7, 0x92, 0xb7, 0x92, 0xbf, 0xb3, 0xc7,
    0x92, 0xc7, 0xb2, 0xcf, 0xb3, 0xd7, 0xd4, 0xdf, 0xd5, 0xdf, 0xd5, 0xdf, 0xd5, 0xe7, 0xd7, 0xef, 0xd8, 0xf7, 0xd9, 0xf7,
    0xd9, 0xf7, 0xd8, 0xf7, 0xda, 0xf7, 0xdb, 0xff, 0xd7, 0xe7, 0xd5, 0xcf, 0xb4, 0xc7, 0x93, 0xbf, 0x73, 0xb7, 0x72, 0xaf,
    0x72, 0xaf, 0x50, 0xa7, 0x03, 0x3c, 0x80, 0x99, 0xe2, 0xeb, 0x22, 0xe3, 0xe4, 0xd8, 0x45, 0xe1, 0x65, 0xe9, 0x86, 0xe9,
    0xa7, 0xf1, 0xc7, 0xf9, 0x4a, 0xfa, 0x73, 0xfc, 0x94, 0xfc, 0x73, 0xfc, 0x93, 0xfc, 0xb4, 0xfc, 0xb4, 0xfc, 0xb4, 0xfc,
    0xb4, 0xfc, 0x90, 0xfb, 0xab, 0xfa, 0xcb, 0xfa, 0xab, 0xfa, 0xab, 0xfa, 0xab, 0xfa, 0xab, 0xfa, 0x4d, 0xf3, 0x29, 0xba,
    0xa7, 0xb1, 0x29, 0xba, 0x09, 0xb2, 0xe8, 0xb1, 0x0c, 0xe3, 0xab, 0xfa, 0x6a, 0xfa, 0x6a, 0xfa, 0x6a, 0xfa, 0x69, 0xfa,
    0x29, 0xfa, 0xa7, 0xf1, 0x45, 0xe9, 0x82, 0xc0, 0x21, 0x90, 0x24, 0xf1, 0xe3, 0xe8, 0x04, 0xe9, 0x45, 0xf1, 0xc7, 0xf9,
    0x8f, 0xfb, 0xb3, 0xfc, 0x55, 0xfd, 0x73, 0xfc, 0x2d, 0xfb, 0x69, 0xfa, 0x49, 0xfa, 0x28, 0xea, 0x00, 0x08, 0x45, 0x81,
    0x89, 0xfa, 0x69, 0xfa, 0x89, 0xfa, 0x89, 0xfa, 0x89, 0xfa, 0x89, 0xfa, 0xa9, 0xfa, 0xa9, 0xfa, 0xa9, 0xfa, 0xa9, 0xfa,
    0xa9, 0xfa, 0xa9, 0xfa, 0x89, 0xfa, 0x89, 0xfa, 0xa9, 0xfa, 0xea, 0xfa, 0xea, 0xfa, 0xca, 0xfa, 0x89, 0xfa, 0x88, 0xfa,
    0x88, 0xfa, 0xf2, 0xfc, 0x1a, 0xff, 0x3b, 0xff, 0x78, 0xfe, 0x2b, 0xfb, 0xcd, 0xfb, 0x23, 0xa1, 0x0a, 0x5d, 0xce, 0x6e,
    0xef, 0x86, 0x30, 0x97, 0x31, 0x9f, 0x51, 0x9f, 0x51, 0xa7, 0x72, 0xaf, 0x72, 0xaf, 0x72, 0xaf, 0x72, 0xaf, 0x72, 0xaf,
    0x72, 0xaf, 0x52, 0xaf, 0x51, 0xa7, 0x51, 0xa7, 0x31, 0x9f, 0x10, 0x97, 0xef, 0x86, 0xef, 0x8e, 0x52, 0xaf, 0xa8, 0x6d,
    0x0c, 0xb6, 0x75, 0xff, 0x75, 0xff, 0x75, 0xff, 0x75, 0xff, 0x76, 0xff, 0x97, 0xff, 0xed, 0xfe, 0xe1, 0x7a, 0x00, 0x00,
    0x00, 0x00, 0x00, 0x00, 0x00, 0x00, 0x00, 0x00, 0x00, 0x00, 0x00, 0x00, 0x00, 0x00, 0x00, 0x00, 0x00, 0x00, 0x00, 0x00,
    0x00, 0x00, 0x00, 0x00, 0x00, 0x00, 0x00, 0x00, 0x00, 0x00, 0x00, 0x00, 0x00, 0x00, 0x00, 0x00, 0x00, 0x00, 0x00, 0x00,
    0x00, 0x00, 0x00, 0x00, 0x00, 0x00, 0x00, 0x00, 0x00, 0x00, 0x00, 0x00, 0x00, 0x00, 0x00, 0x00, 0x00, 0x00, 0x00, 0x00,
    0x00, 0x00, 0x00, 0x00, 0x00, 0x00, 0x00, 0x00, 0x00, 0x00, 0x00, 0x00, 0x00, 0x00, 0x00, 0x00, 0x00, 0x00, 0x40, 0x31,
    0x26, 0xfe, 0x32, 0xff, 0x11, 0xff, 0xf0, 0xfe, 0x8d, 0xfe, 0x4b, 0xf6, 0xe9, 0xed, 0xc8, 0xed, 0x84, 0x94, 0xa5, 0x44,
    0x0e, 0x97, 0x0f, 0x97, 0xee, 0x8e, 0x0f, 0x8f, 0x30, 0x9f, 0x51, 0xa7, 0x71, 0xb7, 0x71, 0xb7, 0x71, 0xbf, 0x91, 0xbf,
    0x92, 0xc7, 0xb2, 0xcf, 0xb3, 0xcf, 0xb3, 0xd7, 0xb4, 0xd7, 0xd4, 0xdf, 0xd5, 0xdf, 0xd6, 0xef, 0xd8, 0xef, 0xd8, 0xf7,
    0xd8, 0xf7, 0xd8, 0xf7, 0xd8, 0xf7, 0xd8, 0xf7, 0xd7, 0xe7, 0xd5, 0xd7, 0xb4, 0xcf, 0xb4, 0xc7, 0x93, 0xbf, 0x73, 0xaf,
    0x52, 0xa7, 0x72, 0xaf, 0xad, 0x86, 0xe1, 0x42, 0xa0, 0xb8, 0x02, 0xd1, 0xe4, 0xd8, 0x25, 0xe1, 0x45, 0xe1, 0x66, 0xe9,
    0x86, 0xe9, 0x87, 0xf1, 0xac, 0xfa, 0x74, 0xfc, 0x94, 0xfc, 0x94, 0xfc, 0xb4, 0xfc, 0xb4, 0xfc, 0x94, 0xfc, 0x94, 0xfc,
    0xb4, 0xfc, 0x6f, 0xfb, 0x8a, 0xfa, 0xab, 0xfa, 0x8b, 0xfa, 0x8a, 0xfa, 0x8a, 0xfa, 0x6a, 0xfa, 0x8a, 0xfa, 0x0c, 0xfb,
    0x2d, 0xeb, 0xec, 0xda, 0x0c, 0xe3, 0x4d, 0xfb, 0x8b, 0xfa, 0x8a, 0xfa, 0x6a, 0xfa, 0x49, 0xfa, 0xe8, 0xf9, 0xc7, 0xf9,
    0x08, 0xfa, 0x87, 0xf1, 0x05, 0xe1, 0x62, 0xb8, 0x41, 0x98, 0x04, 0xf1, 0xc3, 0xe0, 0xe4, 0xe8, 0x25, 0xf1, 0xab, 0xfa,
    0x93, 0xfc, 0xd4, 0xfc, 0x15, 0xfd, 0xd4, 0xfc, 0xf4, 0xfc, 0xec, 0xfa, 0x28, 0xfa, 0x49, 0xf2, 0x65, 0x81, 0x48, 0xda,
    0x89, 0xfa, 0x89, 0xfa, 0x89, 0xfa, 0x89, 0xfa, 0x89, 0xfa, 0x89, 0xfa, 0xa9, 0xfa, 0xa9, 0xfa, 0xa9, 0xfa, 0xa9, 0xfa,
    0xa9, 0xfa, 0xc9, 0xfa, 0xa9, 0xfa, 0x89, 0xfa, 0xa9, 0xfa, 0xaa, 0xfa, 0xca, 0xfa, 0xa9, 0xfa, 0x68, 0xfa, 0x48, 0xfa,
    0x48, 0xfa, 0xc9, 0xfa, 0x75, 0xfd, 0x17, 0xfe, 0x54, 0xfd, 0xca, 0xfa, 0xad, 0xfb, 0x44, 0xa9, 0x68, 0x5c, 0xae, 0x66,
    0xcf, 0x7e, 0x10, 0x8f, 0x31, 0x97, 0x31, 0x9f, 0x51, 0x9f, 0x51, 0xa7, 0x51, 0xa7, 0x51, 0xa7, 0x51, 0xa7, 0x51, 0xa7,
    0x51, 0xa7, 0x51, 0xa7, 0x51, 0x9f, 0x31, 0x9f, 0x10, 0x8f, 0xef, 0x86, 0xcf, 0x7e, 0xef, 0x86, 0x51, 0xa7, 0x67, 0x6d,
    0x2d, 0xbe, 0x75, 0xff, 0x55, 0xff, 0x75, 0xff, 0x75, 0xff, 0x76, 0xff, 0x97, 0xff, 0x89, 0xfe, 0x80, 0x41, 0x00, 0x00,
    0x00, 0x00, 0x00, 0x00, 0x00, 0x00, 0x00, 0x00, 0x00, 0x00, 0x00, 0x00, 0x00, 0x00, 0x00, 0x00, 0x00, 0x00, 0x00, 0x00,
    0x00, 0x00, 0x00, 0x00, 0x00, 0x00, 0x00, 0x00, 0x00, 0x00, 0x00, 0x00, 0x00, 0x00, 0x00, 0x00, 0x00, 0x00, 0x00, 0x00,
    0x00, 0x00, 0x00, 0x00, 0x00, 0x00, 0x00, 0x00, 0x00, 0x00, 0x00, 0x00, 0x00, 0x00, 0x00, 0x00, 0x00, 0x00, 0x00, 0x00,
    0x00, 0x00, 0x00, 0x00, 0x00, 0x00, 0x00, 0x00, 0x00, 0x00, 0x00, 0x00, 0x00, 0x00, 0x00, 0x00, 0x00, 0x00, 0x40, 0x08,
    0x23, 0xdd, 0x10, 0xff, 0x12, 0xff, 0xf0, 0xfe, 0xae, 0xfe, 0x4c, 0xf6, 0x0a, 0xf6, 0xa8, 0xe5, 0x83, 0x54, 0x4b, 0x7e,
    0xee, 0x96, 0xce, 0x86, 0xce, 0x86, 0x0f, 0x8f, 0x30, 0x9f, 0x50, 0xaf, 0x71, 0xaf, 0x71, 0xb7, 0x71, 0xbf, 0x91, 0xbf,
    0x92, 0xc7, 0xb2, 0xcf, 0xb2, 0xcf, 0xb3, 0xd7, 0xb3, 0xd7, 0xd4, 0xdf, 0xd4, 0xdf, 0xd5, 0xe7, 0xd7, 0xef, 0xd8, 0xef,
    0xd8, 0xf7, 0xd8, 0xf7, 0xd8, 0xef, 0xd7, 0xef, 0xd6, 0xe7, 0xd5, 0xd7, 0xd5, 0xd7, 0xb4, 0xcf, 0x93, 0xbf, 0x73, 0xb7,
    0x52, 0xa7, 0x51, 0xa7, 0x72, 0xaf, 0xc9, 0x65, 0x80, 0x71, 0x42, 0xc8, 0xc3, 0xd0, 0x04, 0xd9, 0x25, 0xe1, 0x45, 0xe1,
    0x46, 0xe9, 0x66, 0xe9, 0x6b, 0xf2, 0x53, 0xfc, 0x73, 0xfc, 0x93, 0xfc, 0xb4, 0xfc, 0x94, 0xfc, 0x93, 0xfc, 0xb4, 0xfc,
    0x73, 0xfc, 0xcc, 0xfa, 0x6a, 0xfa, 0x8a, 0xfa, 0x6a, 0xfa, 0x6a, 0xfa, 0x8a, 0xfa, 0x6a, 0xfa, 0x6a, 0xfa, 0x4a, 0xfa,
    0x6a, 0xfa, 0x8a, 0xfa, 0x8a, 0xfa, 0x6a, 0xfa, 0x6a, 0xfa, 0x69, 0xfa, 0x49, 0xfa, 0x08, 0xfa, 0xa7, 0xfb, 0xe7, 0xfb,
    0x86, 0xf1, 0x66, 0xe9, 0xe4, 0xd8, 0x41, 0xa8, 0x41, 0x90, 0xe4, 0xe8, 0xa3, 0xd8, 0xc3, 0xe8, 0x04, 0xf1, 0x2d, 0xfb,
    0xd4, 0xfc, 0xd4, 0xfc, 0xd4, 0xfc, 0xd4, 0xfc, 0x35, 0xfd, 0x31, 0xfc, 0x49, 0xfa, 0x69, 0xfa, 0x6a, 0xfa, 0xc7, 0xc1,
    0x28, 0xea, 0x89, 0xfa, 0x89, 0xfa, 0x69, 0xfa, 0x69, 0xfa, 0x89, 0xfa, 0x89, 0xfa, 0x89, 0xfa, 0xa9, 0xfa, 0x48, 0xe2,
    0xe7, 0xb9, 0x27, 0xca, 0x89, 0xf2, 0xa9, 0xfa, 0xa9, 0xfa, 0x89, 0xfa, 0xa9, 0xfa, 0x89, 0xfa, 0x48, 0xfa, 0x28, 0xfa,
    0x28, 0xfa, 0x07, 0xfa, 0x6c, 0xfb, 0x91, 0xfc, 0xce, 0xfb, 0x69, 0xfa, 0x6c, 0xfb, 0x24, 0xb1, 0x07, 0x54, 0x8d, 0x5e,
    0xae, 0x76, 0xef, 0x86, 0x10, 0x8f, 0x31, 0x97, 0x31, 0x97, 0x31, 0x9f, 0x51, 0x9f, 0x51, 0x9f, 0x51, 0x9f, 0x51, 0x9f,
    0x31, 0x9f, 0x31, 0x9f, 0x30, 0x97, 0x10, 0x8f, 0xef, 0x86, 0xcf, 0x7e, 0xae, 0x76, 0xef, 0x86, 0x31, 0xa7, 0x05, 0x5d,
    0x6e, 0xce, 0x75, 0xff, 0x75, 0xff, 0x75, 0xff, 0x75, 0xff, 0x76, 0xff, 0x75, 0xff, 0xa5, 0xe5, 0x80, 0x10, 0x00, 0x00,
    0x00, 0x00, 0x00, 0x00, 0x00, 0x00, 0x00, 0x00, 0x00, 0x00, 0x00, 0x00, 0x00, 0x00, 0x00, 0x00, 0x00, 0x00, 0x00, 0x00,
    0x00, 0x00, 0x00, 0x00, 0x00, 0x00, 0x00, 0x00, 0x00, 0x00, 0x00, 0x00, 0x00, 0x00, 0x00, 0x00, 0x00, 0x00, 0x00, 0x00,
    0x00, 0x00, 0x00, 0x00, 0x00, 0x00, 0x00, 0x00, 0x00, 0x00, 0x00, 0x00, 0x00, 0x00, 0x00, 0x00, 0x00, 0x00, 0x00, 0x00,
    0x00, 0x00, 0x00, 0x00, 0x00, 0x00, 0x00, 0x00, 0x00, 0x00, 0x00, 0x00, 0x00, 0x00, 0x00, 0x00, 0x00, 0x00, 0x00, 0x00,
    0xe1, 0xa3, 0xed, 0xfe, 0x32, 0xff, 0xf1, 0xfe, 0xae, 0xfe, 0x6d, 0xf6, 0x2b, 0xfe, 0x06, 0xa5, 0x26, 0x4d, 0xee, 0x8e,
    0xce, 0x86, 0xad, 0x76, 0xce, 0x7e, 0xef, 0x8e, 0x30, 0x9f, 0x50, 0xaf, 0x71, 0xaf, 0x70, 0xb7, 0x71, 0xbf, 0x91, 0xbf,
    0x92, 0xc7, 0x92, 0xcf, 0xb2, 0xcf, 0xb3, 0xd7, 0xb3, 0xd7, 0xb4, 0xd7, 0xb4, 0xdf, 0xd4, 0xdf, 0xd5, 0xe7, 0xd6, 0xe7,
    0xd7, 0xef, 0xd7, 0xef, 0xd7, 0xef, 0xd7, 0xe7, 0xd5, 0xdf, 0xd5, 0xd7, 0xd5, 0xd7, 0xb4, 0xcf, 0x94, 0xbf, 0x93, 0xb7,
    0x72, 0xaf, 0x31, 0x9f, 0x31, 0x9f, 0x10, 0x97, 0xa3, 0x3b, 0x61, 0xa8, 0x82, 0xc8, 0xe3, 0xd0, 0x04, 0xd9, 0x25, 0xe1,
    0x45, 0xe1, 0x66, 0xe9, 0xc8, 0xf1, 0x90, 0xfb, 0x53, 0xfc, 0x73, 0xfc, 0x93, 0xfc, 0x93, 0xfc, 0x93, 0xfc, 0x32, 0xfc,
    0xcc, 0xfa, 0x29, 0xfa, 0x4a, 0xfa, 0x6a, 0xfa, 0x6a, 0xfa, 0x6a, 0xfa, 0x6a, 0xfa, 0x6a, 0xfa, 0x6a, 0xfa, 0x49, 0xfa,
    0x6a, 0xfa, 0x6a, 0xfa, 0x6a, 0xfa, 0x6a, 0xfa, 0x49, 0xfa, 0x49, 0xfa, 0x29, 0xfa, 0x08, 0xfa, 0x68, 0xfd, 0x48, 0xfe,
    0x05, 0xf2, 0x25, 0xe1, 0xa4, 0xd0, 0x21, 0xa0, 0x41, 0x90, 0xe3, 0xe8, 0x82, 0xd8, 0xc3, 0xe0, 0xe4, 0xf0, 0x29, 0xfa,
    0x94, 0xfc, 0xd4, 0xfc, 0xd4, 0xfc, 0xd4, 0xfc, 0x15, 0xfd, 0x31, 0xfc, 0x49, 0xfa, 0x48, 0xfa, 0x08, 0xea, 0x20, 0x28,
    0x24, 0x89, 0xca, 0xfa, 0xaa, 0xfa, 0x89, 0xfa, 0x69, 0xfa, 0x89, 0xfa, 0x89, 0xfa, 0x89, 0xfa, 0x45, 0x81, 0x20, 0x18,
    0x00, 0x08, 0x00, 0x00, 0xc2, 0x48, 0x69, 0xda, 0xa9, 0xfa, 0x89, 0xfa, 0x89, 0xfa, 0x68, 0xfa, 0x48, 0xfa, 0x28, 0xfa,
    0x07, 0xfa, 0x07, 0xfa, 0x89, 0xfa, 0x6d, 0xfb, 0x2c, 0xfb, 0x69, 0xfa, 0x6c, 0xfb, 0x24, 0xa9, 0x28, 0x4c, 0x6d, 0x56,
    0x8e, 0x6e, 0xcf, 0x76, 0xef, 0x86, 0x10, 0x8f, 0x10, 0x8f, 0x30, 0x97, 0x31, 0x97, 0x31, 0x97, 0x30, 0x97, 0x30, 0x97,
    0x10, 0x97, 0x10, 0x97, 0x10, 0x8f, 0xef, 0x86, 0xcf, 0x7e, 0xae, 0x6e, 0xae, 0x6e, 0xef, 0x8e, 0x10, 0x9f, 0xa4, 0x54,
    0xb1, 0xde, 0x55, 0xff, 0x55, 0xff, 0x75, 0xff, 0x75, 0xff, 0x76, 0xff, 0x51, 0xff, 0x62, 0xb4, 0x00, 0x00, 0x00, 0x00,
    0x00, 0x00, 0x00, 0x00, 0x00, 0x00, 0x00, 0x00, 0x00, 0x00, 0x00, 0x00, 0x00, 0x00, 0x00, 0x00, 0x00, 0x00, 0x00, 0x00,
    0x00, 0x00, 0x00, 0x00, 0x00, 0x00, 0x00, 0x00, 0x00, 0x00, 0x00, 0x00, 0x00, 0x00, 0x00, 0x00, 0x00, 0x00, 0x00, 0x00,
    0x00, 0x00, 0x00, 0x00, 0x00, 0x00, 0x00, 0x00, 0x00, 0x00, 0x00, 0x00, 0x00, 0x00, 0x00, 0x00, 0x00, 0x00, 0x00, 0x00,
    0x00, 0x00, 0x00, 0x00, 0x00, 0x00, 0x00, 0x00, 0x00, 0x00, 0x00, 0x00, 0x00, 0x00, 0x00, 0x00, 0x00, 0x00, 0x00, 0x00,
    0x40, 0x62, 0x89, 0xfe, 0x32, 0xff, 0x11, 0xff, 0xcf, 0xfe, 0x6d, 0xfe, 0x2b, 0xf6, 0x83, 0x64, 0x0a, 0x6e, 0xce, 0x86,
    0x8d, 0x76, 0x8d, 0x6e, 0xce, 0x7e, 0xef, 0x8e, 0x30, 0x9f, 0x50, 0xaf, 0x50, 0xaf, 0x70, 0xb7, 0x71, 0xb7, 0x91, 0xbf,
    0x92, 0xc7, 0x92, 0xc7, 0xb2, 0xcf, 0xb3, 0xd7, 0xb3, 0xd7, 0xb3, 0xd7, 0xb4, 0xdf, 0xd4, 0xdf, 0xd4, 0xdf, 0xd4, 0xdf,
    0xd5, 0xdf, 0xd5, 0xdf, 0xd5, 0xdf, 0xd5, 0xdf, 0xd5, 0xdf, 0xd5, 0xd7, 0xb4, 0xd7, 0xb4, 0xcf, 0x93, 0xbf, 0x93, 0xb7,
    0x72, 0xa7, 0x31, 0x97, 0x10, 0x8f, 0x51, 0x9f, 0x89, 0x55, 0x40, 0x61, 0x42, 0xc0, 0xc3, 0xc8, 0xe3, 0xd0, 0xe4, 0xd0,
    0x25, 0xd9, 0x46, 0xe9, 0x66, 0xe9, 0xa8, 0xf1, 0x0e, 0xfb, 0xd1, 0xfb, 0xf1, 0xfb, 0xb0, 0xfb, 0xed, 0xfa, 0x09, 0xfa,
    0xe7, 0xf9, 0x08, 0xfa, 0x29, 0xfa, 0x49, 0xfa, 0x49, 0xfa, 0x49, 0xfa, 0x68, 0xfa, 0xc8, 0xfa, 0x08, 0xfa, 0x49, 0xfa,
    0x49, 0xfa, 0x49, 0xfa, 0x49, 0xfa, 0x49, 0xfa, 0x29, 0xfa, 0x29, 0xfa, 0x28, 0xfa, 0x08, 0xfa, 0xe6, 0xfc, 0xc6, 0xfd,
    0x85, 0xea, 0xe5, 0xe0, 0x83, 0xc8, 0x21, 0xa0, 0x41, 0x90, 0xe3, 0xe8, 0x82, 0xd8, 0xa2, 0xd8, 0xe4, 0xe8, 0x25, 0xf1,
    0x0d, 0xfb, 0xb4, 0xfc, 0xf5, 0xfc, 0xf4, 0xfc, 0x93, 0xfc, 0xcc, 0xfa, 0x08, 0xfa, 0x29, 0xfa, 0x08, 0xda, 0x20, 0x58,
    0x00, 0x58, 0x44, 0x91, 0x69, 0xe2, 0x89, 0xfa, 0x69, 0xfa, 0x48, 0xfa, 0xaa, 0xfa, 0x44, 0x81, 0x00, 0x00, 0x82, 0x30,
    0xe3, 0x60, 0x61, 0x30, 0x00, 0x08, 0x82, 0x40, 0x48, 0xea, 0x68, 0xfa, 0x68, 0xfa, 0x48, 0xfa, 0x28, 0xfa, 0x27, 0xfa,
    0x07, 0xfa, 0xe7, 0xf9, 0x28, 0xfa, 0xeb, 0xfa, 0xaa, 0xfa, 0x28, 0xfa, 0x4b, 0xfb, 0xc3, 0x98, 0x68, 0x44, 0x4c, 0x4e,
    0x6d, 0x5e, 0xae, 0x6e, 0xcf, 0x7e, 0xef, 0x86, 0xef, 0x86, 0x10, 0x8f, 0x10, 0x8f, 0x10, 0x8f, 0x10, 0x8f, 0x10, 0x8f,
    0xf0, 0x8e, 0xf0, 0x86, 0xef, 0x86, 0xcf, 0x76, 0xae, 0x6e, 0x8e, 0x66, 0x8e, 0x6e, 0x10, 0x8f, 0xae, 0x8e, 0x84, 0x5c,
    0x13, 0xf7, 0x54, 0xff, 0x55, 0xff, 0x75, 0xff, 0x75, 0xff, 0x76, 0xff, 0xec, 0xfe, 0xa1, 0x72, 0x00, 0x00, 0x00, 0x00,
    0x00, 0x00, 0x00, 0x00, 0x00, 0x00, 0x00, 0x00, 0x00, 0x00, 0x00, 0x00, 0x00, 0x00, 0x00, 0x00, 0x00, 0x00, 0x00, 0x00,
    0x00, 0x00, 0x00, 0x00, 0x00, 0x00, 0x00, 0x00, 0x00, 0x00, 0x00, 0x00, 0x00, 0x00, 0x00, 0x00, 0x00, 0x00, 0x00, 0x00,
    0x00, 0x00, 0x00, 0x00, 0x00, 0x00, 0x00, 0x00, 0x00, 0x00, 0x00, 0x00, 0x00, 0x00, 0x00, 0x00, 0x00, 0x00, 0x00, 0x00,
    0x00, 0x00, 0x00, 0x00, 0x00, 0x00, 0x00, 0x00, 0x00, 0x00, 0x00, 0x00, 0x00, 0x00, 0x00, 0x00, 0x00, 0x00, 0x00, 0x00,
    0x00, 0x29, 0xe5, 0xf5, 0x32, 0xff, 0x11, 0xff, 0xcf, 0xfe, 0x8d, 0xfe, 0xca, 0xd5, 0xa3, 0x4c, 0xad, 0x86, 0x8d, 0x76,
    0x6d, 0x66, 0x8d, 0x66, 0xce, 0x76, 0x0f, 0x8f, 0x30, 0x9f, 0x50, 0xa7, 0x50, 0xaf, 0x70, 0xaf, 0x70, 0xb7, 0x71, 0xbf,
    0x91, 0xbf, 0x92, 0xc7, 0xb2, 0xcf, 0xb2, 0xcf, 0xb3, 0xd7, 0xb3, 0xd7, 0xb3, 0xd7, 0xb4, 0xd7, 0xb4, 0xdf, 0xb4, 0xdf,
    0xb4, 0xdf, 0xb4, 0xd7, 0xb4, 0xd7, 0xd4, 0xd7, 0xd4, 0xd7, 0xb4, 0xd7, 0xb4, 0xcf, 0xb4, 0xc7, 0x93, 0xbf, 0x73, 0xb7,
    0x52, 0xa7, 0x31, 0x97, 0x10, 0x8f, 0x10, 0x8f, 0x8e, 0x7e, 0xa1, 0x32, 0x61, 0xb8, 0xa2, 0xc8, 0x03, 0xc9, 0x63, 0xd1,
    0xc3, 0xd0, 0x05, 0xd9, 0x25, 0xe1, 0x25, 0xe1, 0x46, 0xe9, 0x87, 0xe9, 0x87, 0xe9, 0x67, 0xf1, 0x66, 0xf1, 0x87, 0xf1,
    0xa7, 0xf9, 0xe7, 0xf9, 0xe8, 0xf9, 0x08, 0xfa, 0x08, 0xfa, 0xe8, 0xf9, 0xe6, 0xfb, 0x0b, 0xff, 0x87, 0xfb, 0xe8, 0xf9,
    0x29, 0xfa, 0x29, 0xfa, 0x29, 0xfa, 0x29, 0xfa, 0x29, 0xfa, 0x08, 0xfa, 0xe8, 0xf9, 0xa7, 0xf9, 0x65, 0xf3, 0x24, 0xfd,
    0xe4, 0xe9, 0xc4, 0xd8, 0x63, 0xc8, 0x01, 0xa0, 0x20, 0x88, 0xe3, 0xe0, 0x82, 0xd8, 0x82, 0xd8, 0xc3, 0xe0, 0x24, 0xf1,
    0x65, 0xf9, 0x4a, 0xfa, 0x2d, 0xfb, 0x4e, 0xfb, 0x8a, 0xfa, 0xe7, 0xf9, 0xe7, 0xf9, 0x49, 0xfa, 0x08, 0xba, 0x00, 0x78,
    0x01, 0x98, 0x00, 0x68, 0x20, 0x50, 0xa2, 0x78, 0xa2, 0x70, 0x82, 0x40, 0x49, 0xea, 0xa6, 0x99, 0x24, 0x79, 0x28, 0xea,
    0x49, 0xfa, 0x69, 0xf2, 0xe3, 0x50, 0x00, 0x00, 0x65, 0xa1, 0x69, 0xfa, 0x48, 0xfa, 0x28, 0xfa, 0x27, 0xfa, 0x07, 0xfa,
    0xe7, 0xf9, 0xe6, 0xf9, 0xe7, 0xf9, 0x49, 0xfa, 0x28, 0xfa, 0xe7, 0xf9, 0xa9, 0xf2, 0xa1, 0x80, 0xc8, 0x34, 0x0b, 0x46,
    0x2c, 0x56, 0x6d, 0x66, 0x8e, 0x6e, 0xae, 0x76, 0xcf, 0x7e, 0xcf, 0x7e, 0xef, 0x86, 0xef, 0x86, 0xef, 0x86, 0xef, 0x7e,
    0xcf, 0x7e, 0xcf, 0x7e, 0xcf, 0x76, 0x8e, 0x6e, 0x8e, 0x66, 0x6d, 0x5e, 0x8e, 0x6e, 0x10, 0x97, 0x0b, 0x76, 0xe7, 0x74,
    0x54, 0xff, 0x54, 0xff, 0x55, 0xff, 0x75, 0xff, 0x75, 0xff, 0x75, 0xff, 0x07, 0xf6, 0x00, 0x29, 0x00, 0x00, 0x00, 0x00,
    0x00, 0x00, 0x00, 0x00, 0x00, 0x00, 0x00, 0x00, 0x00, 0x00, 0x00, 0x00, 0x00, 0x00, 0x00, 0x00, 0x00, 0x00, 0x00, 0x00,
    0x00, 0x00, 0x00, 0x00, 0x00, 0x00, 0x00, 0x00, 0x00, 0x00, 0x00, 0x00, 0x00, 0x00, 0x00, 0x00, 0x00, 0x00, 0x00, 0x00,
    0x00, 0x00, 0x00, 0x00, 0x00, 0x00, 0x00, 0x00, 0x00, 0x00, 0x00, 0x00, 0x00, 0x00, 0x00, 0x00, 0x00, 0x00, 0x00, 0x00,
    0x00, 0x00, 0x00, 0x00, 0x00, 0x00, 0x00, 0x00, 0x00, 0x00, 0x00, 0x00, 0x00, 0x00, 0x00, 0x00, 0x00, 0x00, 0x00, 0x00,
    0x00, 0x00, 0x82, 0xc4, 0x0f, 0xff, 0x12, 0xff, 0xcf, 0xfe, 0x8d, 0xfe, 0x47, 0xa5, 0x46, 0x55, 0xce, 0x86, 0x6c, 0x6e,
    0x6c, 0x66, 0x8d, 0x66, 0xce, 0x76, 0x0f, 0x8f, 0x30, 0x9f, 0x30, 0xa7, 0x50, 0xa7, 0x50, 0xaf, 0x70, 0xb7, 0x71, 0xbf,
    0x91, 0xbf, 0x91, 0xc7, 0x91, 0xc7, 0x92, 0xcf, 0x92, 0xcf, 0xb3, 0xcf, 0xb3, 0xd7, 0xb3, 0xd7, 0xb3, 0xd7, 0xb3, 0xd7,
    0xb4, 0xd7, 0xb4, 0xd7, 0xb4, 0xd7, 0xb4, 0xd7, 0xb4, 0xd7, 0xb4, 0xcf, 0xb3, 0xc7, 0x93, 0xc7, 0x93, 0xbf, 0x72, 0xaf,
    0x51, 0xa7, 0x10, 0x8f, 0xcf, 0x7e, 0xce, 0x7e, 0xef, 0x86, 0xc4, 0x2b, 0x60, 0x80, 0x42, 0xc8, 0x62, 0xd9, 0x63, 0xf4,
    0xc2, 0xe2, 0xa3, 0xd0, 0xa4, 0xd8, 0xc4, 0xe0, 0x05, 0xe1, 0x25, 0xe1, 0x45, 0xe9, 0x46, 0xe9, 0x66, 0xe9, 0x86, 0xf1,
    0x86, 0xf1, 0xa7, 0xf1, 0xc7, 0xf9, 0xc7, 0xf9, 0xe8, 0xf9, 0xa8, 0xf9, 0x85, 0xfb, 0x88, 0xfe, 0x49, 0xfe, 0x05, 0xf2,
    0x08, 0xfa, 0x08, 0xfa, 0x08, 0xfa, 0xe8, 0xf9, 0xe8, 0xf9, 0xe8, 0xf9, 0xc7, 0xf9, 0xa7, 0xf1, 0x86, 0xf1, 0xe5, 0xe9,
    0x25, 0xe1, 0xa3, 0xd0, 0x62, 0xc0, 0x01, 0xa8, 0x20, 0x80, 0xe3, 0xe0, 0xa2, 0xd8, 0x62, 0xd0, 0xa2, 0xd8, 0x04, 0xe9,
    0x25, 0xf1, 0x45, 0xf9, 0x65, 0xf9, 0xa6, 0xf9, 0xc7, 0xf9, 0xe7, 0xf9, 0xe7, 0xf9, 0x49, 0xfa, 0xc7, 0xa9, 0x01, 0x80,
    0xc5, 0xc0, 0x06, 0xc9, 0x63, 0xa0, 0x01, 0x88, 0x00, 0x70, 0x82, 0x68, 0xe7, 0xf1, 0x49, 0xfa, 0x48, 0xfa, 0x07, 0xfa,
    0x28, 0xfa, 0x48, 0xfa, 0x86, 0xa9, 0x00, 0x00, 0x24, 0x79, 0x69, 0xfa, 0x27, 0xfa, 0x07, 0xfa, 0xe7, 0xf9, 0xe7, 0xf9,
    0xc6, 0xf9, 0xa6, 0xf9, 0xe7, 0xf9, 0x28, 0xfa, 0xa6, 0xf9, 0x27, 0xfa, 0x07, 0xe2, 0xe1, 0x60, 0x08, 0x25, 0xcb, 0x45,
    0x0c, 0x4e, 0x2c, 0x56, 0x4d, 0x5e, 0x6d, 0x66, 0x8e, 0x6e, 0xae, 0x6e, 0xae, 0x76, 0xae, 0x76, 0xae, 0x76, 0xae, 0x76,
    0xae, 0x6e, 0xae, 0x6e, 0x8d, 0x66, 0x6d, 0x5e, 0x6d, 0x56, 0x6d, 0x5e, 0xce, 0x7e, 0x10, 0x97, 0x06, 0x55, 0xcb, 0xad,
    0x74, 0xff, 0x54, 0xff, 0x54, 0xff, 0x55, 0xff, 0x76, 0xff, 0x53, 0xff, 0x03, 0xcd, 0x20, 0x00, 0x00, 0x00, 0x00, 0x00,
    0x00, 0x00, 0x00, 0x00, 0x00, 0x00, 0x00, 0x00, 0x00, 0x00, 0x00, 0x00, 0x00, 0x00, 0x00, 0x00, 0x00, 0x00, 0x00, 0x00,
    0x00, 0x00, 0x00, 0x00, 0x00, 0x00, 0x00, 0x00, 0x00, 0x00, 0x00, 0x00, 0x00, 0x00, 0x00, 0x00, 0x00, 0x00, 0x00, 0x00,
    0x00, 0x00, 0x00, 0x00, 0x00, 0x00, 0x00, 0x00, 0x00, 0x00, 0x00, 0x00, 0x00, 0x00, 0x00, 0x00, 0x00, 0x00, 0x00, 0x00,
    0x00, 0x00, 0x00, 0x00, 0x00, 0x00, 0x00, 0x00, 0x00, 0x00, 0x00, 0x00, 0x00, 0x00, 0x00, 0x00, 0x00, 0x00, 0x00, 0x00,
    0x00, 0x00, 0xc1, 0x72, 0xaa, 0xfe, 0x32, 0xff, 0xae, 0xfe, 0x6d, 0xfe, 0xe5, 0x7c, 0xe9, 0x6d, 0xae, 0x7e, 0x4c, 0x66,
    0x4c, 0x5e, 0x6d, 0x66, 0xae, 0x76, 0xef, 0x8e, 0x0f, 0x97, 0x2f, 0x9f, 0x2f, 0xa7, 0x50, 0xaf, 0x50, 0xaf, 0x70, 0xb7,
    0x70, 0xbf, 0x91, 0xbf, 0x91, 0xc7, 0x91, 0xc7, 0x92, 0xcf, 0xb2, 0xcf, 0xb3, 0xcf, 0xb3, 0xcf, 0xb3, 0xd7, 0xb3, 0xd7,
    0xb3, 0xd7, 0xb3, 0xd7, 0xb3, 0xcf, 0xb3, 0xcf, 0xb3, 0xcf, 0xb3, 0xc7, 0x93, 0xc7, 0x93, 0xbf, 0x72, 0xb7, 0x51, 0xaf,
    0x30, 0x97, 0xef, 0x86, 0x8e, 0x6e, 0x8d, 0x66, 0xef, 0x7e, 0x67, 0x3c, 0x80, 0x18, 0xc0, 0x70, 0x80, 0x81, 0x61, 0x8b,
    0x81, 0x8b, 0xc0, 0x71, 0x00, 0x71, 0x01, 0x91, 0x02, 0xa9, 0xc3, 0xc8, 0xc4, 0xd8, 0xe5, 0xe0, 0x25, 0xe9, 0x45, 0xe9,
    0x66, 0xe9, 0x86, 0xf1, 0x87, 0xf1, 0xa7, 0xf1, 0xa7, 0xf1, 0x87, 0xf9, 0xe5, 0xf1, 0x45, 0xfd, 0x26, 0xfe, 0xa5, 0xf2,
    0xa7, 0xf9, 0xe8, 0xf9, 0xe8, 0xf9, 0xc7, 0xf9, 0xc7, 0xf9, 0xc7, 0xf1, 0xa7, 0xf1, 0x87, 0xf1, 0x66, 0xe9, 0x26, 0xe1,
    0xe5, 0xd8, 0xa3, 0xc8, 0x42, 0xb8, 0x21, 0xb0, 0x00, 0x80, 0xe3, 0xd8, 0xe3, 0xe0, 0x62, 0xd0, 0x82, 0xd8, 0xc3, 0xe0,
    0x04, 0xe9, 0x45, 0xf1, 0x65, 0xf9, 0x86, 0xf9, 0xa6, 0xf9, 0xc7, 0xf9, 0xe7, 0xf9, 0x48, 0xfa, 0x08, 0xba, 0x66, 0xb1,
    0xb1, 0xfb, 0x2f, 0xfb, 0x2b, 0xf2, 0xe6, 0xd0, 0x21, 0x70, 0xa6, 0xd1, 0xe7, 0xf9, 0x07, 0xfa, 0x28, 0xfa, 0xe7, 0xf9,
    0x07, 0xfa, 0x28, 0xfa, 0x65, 0xb1, 0x00, 0x00, 0x85, 0xb1, 0x28, 0xfa, 0x07, 0xfa, 0xe7, 0xf9, 0xc6, 0xf9, 0xc6, 0xf9,
    0xa6, 0xf9, 0xa6, 0xf9, 0xc7, 0xf9, 0xa6, 0xf9, 0x45, 0xf9, 0x07, 0xfa, 0x04, 0xc1, 0x03, 0x42, 0x29, 0x1d, 0xaa, 0x35,
    0xeb, 0x45, 0x0c, 0x4e, 0x0c, 0x4e, 0x2c, 0x4e, 0x4d, 0x56, 0x4d, 0x5e, 0x6d, 0x66, 0x6d, 0x66, 0x8d, 0x66, 0x8d, 0x66,
    0x8d, 0x66, 0x6d, 0x5e, 0x6d, 0x5e, 0x4c, 0x56, 0x4c, 0x56, 0x6d, 0x66, 0xef, 0x86, 0xae, 0x8e, 0x63, 0x4c, 0xb0, 0xe6,
    0x54, 0xff, 0x54, 0xff, 0x54, 0xff, 0x55, 0xff, 0x76, 0xff, 0x0d, 0xff, 0x61, 0x93, 0x00, 0x00, 0x00, 0x00, 0x00, 0x00,
    0x00, 0x00, 0x00, 0x00, 0x00, 0x00, 0x00, 0x00, 0x00, 0x00, 0x00, 0x00, 0x00, 0x00, 0x00, 0x00, 0x00, 0x00, 0x00, 0x00,
    0x00, 0x00, 0x00, 0x00, 0x00, 0x00, 0x00, 0x00, 0x00, 0x00, 0x00, 0x00, 0x00, 0x00, 0x00, 0x00, 0x00, 0x00, 0x00, 0x00,
    0x00, 0x00, 0x00, 0x00, 0x00, 0x00, 0x00, 0x00, 0x00, 0x00, 0x00, 0x00, 0x00, 0x00, 0x00, 0x00, 0x00, 0x00, 0x00, 0x00,
    0x00, 0x00, 0x00, 0x00, 0x00, 0x00, 0x00, 0x00, 0x00, 0x00, 0x00, 0x00, 0x00, 0x00, 0x00, 0x00, 0x00, 0x00, 0x00, 0x00,
    0x00, 0x00, 0xe0, 0x28, 0xe5, 0xf5, 0x11, 0xff, 0xae, 0xfe, 0x6c, 0xf6, 0xa3, 0x64, 0x4b, 0x76, 0x8d, 0x76, 0x4c, 0x5e,
    0x4c, 0x56, 0x4c, 0x5e, 0xae, 0x76, 0xef, 0x86, 0x0f, 0x8f, 0x0f, 0x97, 0x2f, 0x9f, 0x4f, 0xa7, 0x4f, 0xaf, 0x50, 0xaf,
    0x70, 0xb7, 0x71, 0xbf, 0x91, 0xbf, 0x91, 0xc7, 0x91, 0xc7, 0x92, 0xcf, 0xb2, 0xcf, 0xb2, 0xcf, 0xb2, 0xcf, 0xb2, 0xcf,
    0xb3, 0xcf, 0xb3, 0xcf, 0xb3, 0xcf, 0x93, 0xc7, 0xb3, 0xc7, 0x93, 0xc7, 0x92, 0xbf, 0x72, 0xb7, 0x51, 0xaf, 0x31, 0x9f,
    0xef, 0x86, 0x8e, 0x6e, 0xeb, 0x4d, 0x27, 0x35, 0xe6, 0x34, 0xa6, 0x3c, 0xa7, 0x4c, 0xab, 0x65, 0x4d, 0x7e, 0x6d, 0x86,
    0x8e, 0x8e, 0x8e, 0x8e, 0x2d, 0x86, 0xab, 0x7d, 0x49, 0x6d, 0x26, 0x64, 0xc2, 0x62, 0xe1, 0x81, 0x02, 0xb1, 0xc4, 0xd8,
    0x05, 0xe1, 0x45, 0xe1, 0x66, 0xe9, 0x66, 0xe9, 0x86, 0xf1, 0x86, 0xf1, 0x87, 0xf1, 0x65, 0xf2, 0xe4, 0xf3, 0xc5, 0xf1,
    0xa7, 0xf9, 0xa7, 0xf9, 0xc7, 0xf9, 0xa7, 0xf1, 0xa7, 0xf1, 0x87, 0xf1, 0x67, 0xe9, 0x66, 0xe9, 0x46, 0xe1, 0x05, 0xe1,
    0xe4, 0xd0, 0xa3, 0xc8, 0x42, 0xb8, 0x21, 0xb0, 0x00, 0x80, 0xe2, 0xc0, 0x24, 0xe9, 0x82, 0xd0, 0x62, 0xd0, 0xa2, 0xd8,
    0xe3, 0xe0, 0x24, 0xe9, 0x45, 0xf1, 0x65, 0xf9, 0x86, 0xf9, 0xa6, 0xf9, 0xc7, 0xf9, 0xe7, 0xf9, 0x69, 0xe2, 0xa7, 0xb9,
    0x52, 0xfc, 0xb4, 0xfc, 0x53, 0xfc, 0x26, 0xa9, 0x04, 0x99, 0x28, 0xfa, 0x07, 0xfa, 0x08, 0xfa, 0x07, 0xfa, 0xaa, 0xfa,
    0x31, 0xfc, 0x52, 0xfc, 0xcf, 0xf3, 0x28, 0xca, 0xc7, 0xf1, 0xe7, 0xf9, 0xe7, 0xf9, 0xc6, 0xf9, 0xa6, 0xf9, 0x86, 0xf9,
    0x85, 0xf9, 0x65, 0xf9, 0x65, 0xf9, 0x24, 0xf1, 0x44, 0xf1, 0xa6, 0xf9, 0x41, 0x80, 0x24, 0x1b, 0x28, 0x15, 0x49, 0x25,
    0x69, 0x35, 0x8a, 0x3d, 0xaa, 0x3d, 0xeb, 0x3d, 0x0c, 0x46, 0x0c, 0x4e, 0x2c, 0x56, 0x2c, 0x56, 0x4c, 0x56, 0x4c, 0x56,
    0x4c, 0x56, 0x4c, 0x56, 0x2c, 0x56, 0x2c, 0x4e, 0x4d, 0x56, 0x8d, 0x6e, 0x0f, 0x97, 0x68, 0x5d, 0xc6, 0x74, 0x32, 0xff,
    0x53, 0xff, 0x54, 0xff, 0x54, 0xff, 0x55, 0xff, 0x76, 0xff, 0x68, 0xfe, 0xc0, 0x49, 0x00, 0x00, 0x00, 0x00, 0x00, 0x00,
    0x00, 0x00, 0x00, 0x00, 0x00, 0x00, 0x00, 0x00, 0x00, 0x00, 0x00, 0x00, 0x00, 0x00, 0x00, 0x00, 0x00, 0x00, 0x00, 0x00,
    0x00, 0x00, 0x00, 0x00, 0x00, 0x00, 0x00, 0x00, 0x00, 0x00, 0x00, 0x00, 0x00, 0x00, 0x00, 0x00, 0x00, 0x00, 0x00, 0x00,
    0x00, 0x00, 0x00, 0x00, 0x00, 0x00, 0x00, 0x00, 0x00, 0x00, 0x00, 0x00, 0x00, 0x00, 0x00, 0x00, 0x00, 0x00, 0x00, 0x00,
    0x00, 0x00, 0x00, 0x00, 0x00, 0x00, 0x00, 0x00, 0x00, 0x00, 0x00, 0x00, 0x00, 0x00, 0x00, 0x00, 0x00, 0x00, 0x00, 0x00,
    0x00, 0x00, 0x00, 0x00, 0x42, 0xbc, 0xed, 0xfe, 0xcf, 0xfe, 0x2c, 0xee, 0xa3, 0x54, 0x8c, 0x7e, 0x8d, 0x6e, 0x2c, 0x56,
    0x2b, 0x56, 0x4c, 0x56, 0x8d, 0x6e, 0xef, 0x86, 0xef, 0x8e, 0x0f, 0x97, 0x0f, 0x9f, 0x2f, 0xa7, 0x4f, 0xa7, 0x4f, 0xaf,
    0x70, 0xb7, 0x70, 0xbf, 0x91, 0xbf, 0x91, 0xbf, 0x91, 0xc7, 0x91, 0xc7, 0x92, 0xc7, 0x92, 0xc7, 0x92, 0xc7, 0x92, 0xcf,
    0x92, 0xc7, 0x92, 0xc7, 0x92, 0xc7, 0x92, 0xc7, 0x92, 0xbf, 0x92, 0xbf, 0x72, 0xb7, 0x51, 0xaf, 0x30, 0x9f, 0xef, 0x86,
    0x2c, 0x5e, 0x48, 0x35, 0x07, 0x35, 0xcb, 0x65, 0xcf, 0x96, 0x92, 0xb7, 0xd4, 0xc7, 0xd4, 0xc7, 0xb4, 0xc7, 0xb3, 0xbf,
    0xb4, 0xbf, 0xb4, 0xc7, 0xd5, 0xcf, 0xf5, 0xd7, 0xf6, 0xdf, 0xd6, 0xdf, 0x74, 0xcf, 0xaf, 0xa6, 0xe7, 0x6c, 0xc2, 0x6a,
    0x42, 0xa9, 0xe4, 0xd8, 0x05, 0xe1, 0x25, 0xe1, 0x45, 0xe9, 0x66, 0xe9, 0x66, 0xf1, 0xa7, 0xf1, 0x87, 0xf1, 0xa7, 0xf1,
    0xa7, 0xf1, 0xa7, 0xf1, 0xa7, 0xf1, 0x87, 0xf1, 0x67, 0xe9, 0x66, 0xe9, 0x66, 0xe9, 0x46, 0xe1, 0x25, 0xe1, 0x05, 0xd9,
    0xc4, 0xd0, 0x83, 0xc8, 0x62, 0xc0, 0x42, 0xb0, 0x00, 0x88, 0x81, 0x98, 0x24, 0xe9, 0xa3, 0xd0, 0x62, 0xc8, 0x82, 0xd0,
    0xa3, 0xd8, 0xe3, 0xe0, 0x24, 0xe9, 0x44, 0xf1, 0x65, 0xf1, 0x85, 0xf9, 0x86, 0xf9, 0xa6, 0xf9, 0x08, 0xfa, 0x08, 0xd2,
    0xc7, 0xb9, 0x8b, 0xca, 0xe8, 0xb1, 0x65, 0xa9, 0xe7, 0xf1, 0xe7, 0xf9, 0x07, 0xfa, 0x07, 0xfa, 0x69, 0xfa, 0x53, 0xfc,
    0xf5, 0xfc, 0xf5, 0xfc, 0x36, 0xfd, 0xf4, 0xfc, 0xaa, 0xfa, 0xc6, 0xf9, 0xe7, 0xf9, 0xc6, 0xf9, 0x86, 0xf9, 0x85, 0xf9,
    0x65, 0xf1, 0x24, 0xf1, 0xe3, 0xe8, 0xa2, 0xe0, 0xe3, 0xe0, 0x82, 0xb8, 0xc0, 0x40, 0xc4, 0x13, 0x07, 0x2d, 0x88, 0x3d,
    0x89, 0x45, 0x68, 0x45, 0x89, 0x3d, 0xa9, 0x3d, 0xa9, 0x3d, 0xcb, 0x3d, 0xeb, 0x45, 0xeb, 0x45, 0x0b, 0x46, 0x0c, 0x46,
    0x0c, 0x46, 0x0c, 0x46, 0x2c, 0x4e, 0x2c, 0x56, 0x6d, 0x66, 0xae, 0x7e, 0xad, 0x86, 0x43, 0x3c, 0x0c, 0xce, 0x33, 0xff,
    0x53, 0xff, 0x54, 0xff, 0x54, 0xff, 0x75, 0xff, 0x53, 0xff, 0x64, 0xdd, 0x60, 0x10, 0x00, 0x00, 0x00, 0x00, 0x00, 0x00,
    0x00, 0x00, 0x00, 0x00, 0x00, 0x00, 0x00, 0x00, 0x00, 0x00, 0x00, 0x00, 0x00, 0x00, 0x00, 0x00, 0x00, 0x00, 0x00, 0x00,
    0x00, 0x00, 0x00, 0x00, 0x00, 0x00, 0x00, 0x00, 0x00, 0x00, 0x00, 0x00, 0x00, 0x00, 0x00, 0x00, 0x00, 0x00, 0x00, 0x00,
    0x00, 0x00, 0x00, 0x00, 0x00, 0x00, 0x00, 0x00, 0x00, 0x00, 0x00, 0x00, 0x00, 0x00, 0x00, 0x00, 0x00, 0x00, 0x00, 0x00,
    0x00, 0x00, 0x00, 0x00, 0x00, 0x00, 0x00, 0x00, 0x00, 0x00, 0x00, 0x00, 0x00, 0x00, 0x00, 0x00, 0x00, 0x00, 0x00, 0x00,
    0x00, 0x00, 0x00, 0x00, 0x61, 0x62, 0x88, 0xfe, 0xcf, 0xfe, 0x2c, 0xe6, 0xc4, 0x54, 0x8d, 0x7e, 0x6c, 0x6e, 0x0b, 0x56,
    0x2b, 0x4e, 0x4c, 0x56, 0x8d, 0x66, 0xce, 0x7e, 0xef, 0x86, 0x0f, 0x8f, 0x0f, 0x97, 0x0f, 0x9f, 0x2f, 0xa7, 0x4f, 0xaf,
    0x50, 0xaf, 0x70, 0xb7, 0x70, 0xbf, 0x71, 0xbf, 0x91, 0xbf, 0x91, 0xbf, 0x91, 0xc7, 0x91, 0xc7, 0x91, 0xc7, 0x91, 0xc7,
    0x91, 0xc7, 0x91, 0xc7, 0x71, 0xbf, 0x71, 0xbf, 0x71, 0xb7, 0x71, 0xb7, 0x51, 0xaf, 0x10, 0x97, 0x8e, 0x76, 0x69, 0x3d,
    0xa6, 0x2c, 0xeb, 0x5d, 0x31, 0xa7, 0xb4, 0xbf, 0xb3, 0xbf, 0x93, 0xb7, 0x73, 0xb7, 0x73, 0xb7, 0x73, 0xb7, 0x72, 0xb7,
    0x72, 0xb7, 0x72, 0xb7, 0x73, 0xb7, 0x93, 0xbf, 0x93, 0xc7, 0xb4, 0xcf, 0xd6, 0xd7, 0xf7, 0xe7, 0xf7, 0xef, 0x74, 0xcf,
    0xca, 0x85, 0x43, 0x73, 0x42, 0xb1, 0xc4, 0xe0, 0x05, 0xe1, 0x45, 0xe1, 0x46, 0xe9, 0x46, 0xe9, 0x87, 0xe9, 0x87, 0xf1,
    0xa7, 0xf1, 0xa7, 0xf1, 0x87, 0xe9, 0x86, 0xe9, 0xa5, 0xe9, 0xc5, 0xe1, 0x26, 0xe1, 0x25, 0xe1, 0x05, 0xd9, 0xe4, 0xd0,
    0xa3, 0xc8, 0x83, 0xc8, 0x62, 0xd0, 0x42, 0xc8, 0x01, 0x78, 0x00, 0x58, 0x03, 0xd9, 0xe3, 0xd8, 0x42, 0xc8, 0x42, 0xc8,
    0x82, 0xd0, 0xa2, 0xd8, 0xe3, 0xe0, 0x04, 0xe9, 0x24, 0xf1, 0x45, 0xf1, 0x65, 0xf9, 0x65, 0xf9, 0x86, 0xf9, 0xe7, 0xf9,
    0x69, 0xea, 0x28, 0xda, 0x28, 0xea, 0x28, 0xfa, 0xc6, 0xf9, 0xc7, 0xf9, 0xe7, 0xf9, 0xc7, 0xf9, 0x2d, 0xfb, 0xf5, 0xfc,
    0xd4, 0xfc, 0xd4, 0xfc, 0xf5, 0xfc, 0x36, 0xfd, 0x52, 0xfc, 0xe7, 0xf9, 0xc6, 0xf9, 0x86, 0xf9, 0x65, 0xf9, 0x45, 0xf1,
    0x24, 0xe9, 0xc3, 0xe0, 0x21, 0xc0, 0x20, 0x98, 0xa4, 0x81, 0x09, 0x84, 0x4f, 0x96, 0x31, 0x97, 0x51, 0x9f, 0x52, 0xa7,
    0x52, 0xa7, 0x51, 0x9f, 0x11, 0x97, 0xef, 0x8e, 0x6d, 0x6e, 0xa9, 0x45, 0x28, 0x2d, 0x49, 0x2d, 0xcb, 0x35, 0xeb, 0x3d,
    0xeb, 0x3d, 0x0b, 0x46, 0x0c, 0x4e, 0x4c, 0x5e, 0x8d, 0x76, 0xce, 0x86, 0x06, 0x4d, 0xc5, 0x7c, 0xf0, 0xfe, 0x33, 0xff,
    0x53, 0xff, 0x54, 0xff, 0x54, 0xff, 0x76, 0xff, 0xed, 0xfe, 0x62, 0x93, 0x00, 0x00, 0x00, 0x00, 0x00, 0x00, 0x00, 0x00,
    0x00, 0x00, 0x00, 0x00, 0x00, 0x00, 0x00, 0x00, 0x00, 0x00, 0x00, 0x00, 0x00, 0x00, 0x00, 0x00, 0x00, 0x00, 0x00, 0x00,
    0x00, 0x00, 0x00, 0x00, 0x00, 0x00, 0x00, 0x00, 0x00, 0x00, 0x00, 0x00, 0x00, 0x00, 0x00, 0x00, 0x00, 0x00, 0x00, 0x00,
    0x00, 0x00, 0x00, 0x00, 0x00, 0x00, 0x00, 0x00, 0x00, 0x00, 0x00, 0x00, 0x00, 0x00, 0x00, 0x00, 0x00, 0x00, 0x00, 0x00,
    0x00, 0x00, 0x00, 0x00, 0x00, 0x00, 0x00, 0x00, 0x00, 0x00, 0x00, 0x00, 0x00, 0x00, 0x00, 0x00, 0x00, 0x00, 0x00, 0x00,
    0x00, 0x00, 0x00, 0x00, 0xa0, 0x18, 0x84, 0xe5, 0xad, 0xfe, 0x2c, 0xe6, 0xe4, 0x54, 0x8d, 0x7e, 0x4c, 0x6e, 0x0b, 0x4e,
    0x0b, 0x4e, 0x2c, 0x56, 0x6d, 0x66, 0xae, 0x76, 0xef, 0x86, 0xef, 0x8e, 0x0e, 0x97, 0x0e, 0x97, 0x2f, 0x9f, 0x2f, 0xa7,
    0x4f, 0xaf, 0x50, 0xb7, 0x50, 0xb7, 0x70, 0xb7, 0x70, 0xbf, 0x71, 0xbf, 0x71, 0xbf, 0x71, 0xbf, 0x71, 0xbf, 0x71, 0xbf,
    0x71, 0xbf, 0x71, 0xbf, 0x70, 0xbf, 0x50, 0xb7, 0x50, 0xaf, 0x30, 0xa7, 0xef, 0x8e, 0x2c, 0x66, 0xc6, 0x24, 0x48, 0x45,
    0xf0, 0x96, 0x92, 0xb7, 0x72, 0xb7, 0x72, 0xb7, 0x72, 0xaf, 0x72, 0xaf, 0x72, 0xb7, 0x92, 0xb7, 0x93, 0xbf, 0x93, 0xbf,
    0x93, 0xc7, 0x94, 0xc7, 0xb4, 0xc7, 0xb4, 0xc7, 0x93, 0xc7, 0x93, 0xc7, 0x93, 0xc7, 0xb4, 0xc7, 0xb5, 0xd7, 0xd7, 0xe7,
    0xf7, 0xef, 0x52, 0xc7, 0x07, 0x6d, 0x01, 0x7a, 0xa3, 0xd0, 0xe4, 0xe0, 0x25, 0xe1, 0x46, 0xe1, 0x66, 0xe9, 0x86, 0xe9,
    0x86, 0xe9, 0x86, 0xe9, 0x86, 0xe1, 0x66, 0xe1, 0x06, 0xf4, 0x66, 0xf5, 0xc4, 0xd9, 0x05, 0xd9, 0x05, 0xe1, 0xa4, 0xd8,
    0x83, 0xc8, 0x62, 0xc0, 0x61, 0xb8, 0x41, 0xb0, 0x00, 0x50, 0x00, 0x28, 0x61, 0xa0, 0x03, 0xd9, 0x41, 0xd0, 0x01, 0xd0,
    0x21, 0xd0, 0x62, 0xd0, 0x82, 0xd0, 0xc3, 0xe0, 0xe4, 0xe8, 0x24, 0xe9, 0x44, 0xf1, 0x45, 0xf1, 0x65, 0xf9, 0x65, 0xf9,
    0x65, 0xf9, 0x85, 0xf9, 0x65, 0xf9, 0x86, 0xf9, 0xa6, 0xf9, 0xc7, 0xf9, 0xc7, 0xf9, 0xa6, 0xf9, 0xcb, 0xfa, 0x15, 0xfd,
    0xd5, 0xfc, 0xd4, 0xfc, 0xb4, 0xfc, 0xd4, 0xfc, 0xb3, 0xfc, 0x07, 0xfa, 0x85, 0xf9, 0x65, 0xf9, 0x45, 0xf1, 0x04, 0xe9,
    0x82, 0xd8, 0x00, 0xa0, 0xe4, 0x81, 0x8d, 0x9d, 0x72, 0xaf, 0xd3, 0xb7, 0x93, 0xb7, 0x93, 0xb7, 0x93, 0xb7, 0x93, 0xb7,
    0x93, 0xbf, 0x94, 0xbf, 0x94, 0xbf, 0x93, 0xb7, 0x93, 0xb7, 0x31, 0x9f, 0x4d, 0x76, 0x07, 0x2d, 0xe7, 0x1c, 0xaa, 0x35,
    0xeb, 0x3d, 0xeb, 0x45, 0x2b, 0x4e, 0x6c, 0x66, 0xad, 0x7e, 0xea, 0x65, 0x22, 0x44, 0x2c, 0xe6, 0x11, 0xff, 0x33, 0xff,
    0x53, 0xff, 0x54, 0xff, 0x75, 0xff, 0x75, 0xff, 0x47, 0xfe, 0x40, 0x39, 0x00, 0x00, 0x00, 0x00, 0x00, 0x00, 0x00, 0x00,
    0x00, 0x00, 0x00, 0x00, 0x00, 0x00, 0x00, 0x00, 0x00, 0x00, 0x00, 0x00, 0x00, 0x00, 0x00, 0x00, 0x00, 0x00, 0x00, 0x00,
    0x00, 0x00, 0x00, 0x00, 0x00, 0x00, 0x00, 0x00, 0x00, 0x00, 0x00, 0x00, 0x00, 0x00, 0x00, 0x00, 0x00, 0x00, 0x00, 0x00,
    0x00, 0x00, 0x00, 0x00, 0x00, 0x00, 0x00, 0x00, 0x00, 0x00, 0x00, 0x00, 0x00, 0x00, 0x00, 0x00, 0x00, 0x00, 0x00, 0x00,
    0x00, 0x00, 0x00, 0x00, 0x00, 0x00, 0x00, 0x00, 0x00, 0x00, 0x00, 0x00, 0x00, 0x00, 0x00, 0x00, 0x00, 0x00, 0x00, 0x00,
    0x00, 0x00, 0x00, 0x00, 0x00, 0x00, 0xa1, 0x9b, 0x8a, 0xfe, 0x4d, 0xe6, 0xc4, 0x54, 0x6c, 0x7e, 0x6c, 0x6e, 0x0b, 0x56,
    0xeb, 0x45, 0x2c, 0x4e, 0x6d, 0x5e, 0xae, 0x6e, 0xce, 0x7e, 0xee, 0x86, 0xee, 0x8e, 0x0e, 0x97, 0x0e, 0x9f, 0x2f, 0xa7,
    0x2f, 0xa7, 0x4f, 0xaf, 0x50, 0xaf, 0x50, 0xb7, 0x70, 0xb7, 0x70, 0xb7, 0x50, 0xb7, 0x70, 0xb7, 0x70, 0xb7, 0x70, 0xb7,
    0x70, 0xb7, 0x50, 0xb7, 0x50, 0xb7, 0x2f, 0xaf, 0x0f, 0x9f, 0xce, 0x86, 0xeb, 0x55, 0xa6, 0x24, 0x0b, 0x66, 0x72, 0xaf,
    0x72, 0xaf, 0x52, 0xaf, 0x51, 0xaf, 0x52, 0xaf, 0x72, 0xb7, 0x93, 0xbf, 0xb3, 0xbf, 0xb4, 0xc7, 0xb4, 0xcf, 0xb4, 0xcf,
    0xb4, 0xcf, 0xb4, 0xcf, 0xb4, 0xcf, 0xb4, 0xcf, 0xb4, 0xcf, 0xb4, 0xcf, 0xb4, 0xcf, 0xb4, 0xcf, 0xb4, 0xc7, 0xb4, 0xc7,
    0xb4, 0xcf, 0xd7, 0xe7, 0xf8, 0xe7, 0x6d, 0x96, 0xc1, 0x5a, 0xc2, 0xb8, 0xe4, 0xd8, 0x25, 0xe1, 0x46, 0xe1, 0x66, 0xe1,
    0x66, 0xe9, 0x67, 0xe1, 0x67, 0xe1, 0x46, 0xe1, 0x85, 0xf4, 0xc6, 0xfd, 0x84, 0xf3, 0xa4, 0xd0, 0x22, 0xa1, 0x22, 0x7a,
    0x23, 0x6b, 0xc5, 0x5b, 0x06, 0x54, 0x67, 0x5c, 0xc8, 0x5c, 0x69, 0x5c, 0x67, 0x5b, 0x05, 0x6c, 0x63, 0x6b, 0xe0, 0x69,
    0xc0, 0x80, 0x40, 0xb0, 0x42, 0xd8, 0x82, 0xe0, 0xa3, 0xd8, 0xe3, 0xe0, 0x04, 0xe9, 0x24, 0xf1, 0x45, 0xf1, 0x45, 0xf9,
    0x65, 0xf9, 0x65, 0xf9, 0x65, 0xf9, 0x65, 0xf9, 0x86, 0xf9, 0xa6, 0xf9, 0xa6, 0xf9, 0xa6, 0xf9, 0xc6, 0xf9, 0xd0, 0xfb,
    0xf5, 0xfc, 0xf5, 0xfc, 0xb4, 0xfc, 0x94, 0xfc, 0x6e, 0xfb, 0x85, 0xf9, 0x65, 0xf1, 0x24, 0xe9, 0xc3, 0xe8, 0x61, 0xc0,
    0x00, 0x71, 0x08, 0x84, 0x51, 0xaf, 0xb3, 0xb7, 0x72, 0xaf, 0x72, 0xaf, 0x73, 0xb7, 0x93, 0xbf, 0xb3, 0xc7, 0xb4, 0xc7,
    0xb4, 0xcf, 0xb4, 0xcf, 0xb4, 0xcf, 0xb4, 0xc7, 0x93, 0xbf, 0x93, 0xbf, 0x94, 0xbf, 0x32, 0x9f, 0xaa, 0x4d, 0xa6, 0x1c,
    0x49, 0x2d, 0xeb, 0x45, 0x4c, 0x5e, 0x8d, 0x76, 0x0b, 0x6e, 0x23, 0x34, 0xa9, 0xbd, 0xae, 0xfe, 0x11, 0xff, 0x53, 0xff,
    0x54, 0xff, 0x54, 0xff, 0x75, 0xff, 0x30, 0xff, 0xa3, 0xbc, 0x00, 0x00, 0x00, 0x00, 0x00, 0x00, 0x00, 0x00, 0x00, 0x00,
    0x00, 0x00, 0x00, 0x00, 0x00, 0x00, 0x00, 0x00, 0x00, 0x00, 0x00, 0x00, 0x00, 0x00, 0x00, 0x00, 0x00, 0x00, 0x00, 0x00,
    0x00, 0x00, 0x00, 0x00, 0x00, 0x00, 0x00, 0x00, 0x00, 0x00, 0x00, 0x00, 0x00, 0x00, 0x00, 0x00, 0x00, 0x00, 0x00, 0x00,
    0x00, 0x00, 0x00, 0x00, 0x00, 0x00, 0x00, 0x00, 0x00, 0x00, 0x00, 0x00, 0x00, 0x00, 0x00, 0x00, 0x00, 0x00, 0x00, 0x00,
    0x00, 0x00, 0x00, 0x00, 0x00, 0x00, 0x00, 0x00, 0x00, 0x00, 0x00, 0x00, 0x00, 0x00, 0x00, 0x00, 0x00, 0x00, 0x00, 0x00,
    0x00, 0x00, 0x00, 0x00, 0x00, 0x00, 0x80, 0x41, 0x26, 0xfe, 0x6d, 0xee, 0xa4, 0x54, 0x4b, 0x76, 0x6c, 0x76, 0x0b, 0x56,
    0xea, 0x45, 0x0b, 0x4e, 0x4c, 0x56, 0x8d, 0x6e, 0xae, 0x7e, 0xce, 0x86, 0xee, 0x86, 0xee, 0x8e, 0x0e, 0x97, 0x0e, 0x9f,
    0x2f, 0x9f, 0x2f, 0xa7, 0x4f, 0xaf, 0x4f, 0xaf, 0x4f, 0xaf, 0x50, 0xaf, 0x50, 0xaf, 0x4f, 0xaf, 0x4f, 0xaf, 0x4f, 0xaf,
    0x4f, 0xaf, 0x4f, 0xaf, 0x2f, 0xa7, 0x0e, 0x9f, 0xae, 0x86, 0x89, 0x4d, 0x65, 0x24, 0x6d, 0x76, 0x72, 0xaf, 0x71, 0xaf,
    0x51, 0xa7, 0x51, 0xa7, 0x51, 0xaf, 0x72, 0xb7, 0x93, 0xbf, 0xb3, 0xbf, 0xb4, 0xcf, 0xb4, 0xcf, 0xd4, 0xd7, 0xd4, 0xd7,
    0xd5, 0xd7, 0xd5, 0xd7, 0xd5, 0xd7, 0xd6, 0xe7, 0xd7, 0xe7, 0xd7, 0xe7, 0xb5, 0xdf, 0xb5, 0xd7, 0xb4, 0xcf, 0xb4, 0xc7,
    0xb3, 0xbf, 0xb4, 0xc7, 0xb6, 0xd7, 0xf7, 0xe7, 0xf0, 0xa6, 0x62, 0x53, 0xe3, 0xb8, 0x05, 0xe1, 0x25, 0xd9, 0x46, 0xd9,
    0x66, 0xe1, 0x67, 0xe1, 0x87, 0xe1, 0x46, 0xe1, 0xa3, 0xf2, 0x83, 0xcc, 0x23, 0x84, 0x04, 0x54, 0x69, 0x65, 0xaf, 0x96,
    0x94, 0xbf, 0xd6, 0xd7, 0xd6, 0xdf, 0xf6, 0xdf, 0xf7, 0xe7, 0xf8, 0xe7, 0xf8, 0xe7, 0xd7, 0xe7, 0xb5, 0xd7, 0xf1, 0xb6,
    0xcc, 0x85, 0x66, 0x5c, 0x81, 0x6a, 0xc0, 0xa0, 0x42, 0xd0, 0x82, 0xd8, 0xc3, 0xe0, 0xe3, 0xe8, 0x04, 0xe9, 0x24, 0xf1,
    0x45, 0xf1, 0x45, 0xf9, 0x45, 0xf9, 0x65, 0xf9, 0x65, 0xf9, 0x65, 0xf9, 0x65, 0xf9, 0x86, 0xf9, 0x65, 0xf9, 0x86, 0xf9,
    0x0d, 0xfb, 0x52, 0xfc, 0x32, 0xfc, 0xed, 0xf2, 0x25, 0xf1, 0x24, 0xf1, 0x04, 0xe9, 0xa3, 0xe0, 0x41, 0xc0, 0x01, 0x4a,
    0x0c, 0x7e, 0xb2, 0xaf, 0x51, 0xa7, 0x51, 0xa7, 0x72, 0xaf, 0x92, 0xb7, 0x93, 0xbf, 0xb4, 0xc7, 0xb4, 0xcf, 0xb4, 0xcf,
    0xd5, 0xd7, 0xd5, 0xd7, 0xb5, 0xd7, 0xb4, 0xd7, 0xb4, 0xcf, 0xb4, 0xcf, 0xb4, 0xc7, 0xb4, 0xbf, 0x93, 0xaf, 0xeb, 0x5d,
    0x65, 0x14, 0x89, 0x3d, 0x8c, 0x66, 0x0b, 0x66, 0x03, 0x24, 0x06, 0x9d, 0x8d, 0xfe, 0xcf, 0xfe, 0x32, 0xff, 0x53, 0xff,
    0x54, 0xff, 0x54, 0xff, 0x76, 0xff, 0xaa, 0xfe, 0x41, 0x5a, 0x00, 0x00, 0x00, 0x00, 0x00, 0x00, 0x00, 0x00, 0x00, 0x00,
    0x00, 0x00, 0x00, 0x00, 0x00, 0x00, 0x00, 0x00, 0x00, 0x00, 0x00, 0x00, 0x00, 0x00, 0x00, 0x00, 0x00, 0x00, 0x00, 0x00,
    0x00, 0x00, 0x00, 0x00, 0x00, 0x00, 0x00, 0x00, 0x00, 0x00, 0x00, 0x00, 0x00, 0x00, 0x00, 0x00, 0x00, 0x00, 0x00, 0x00,
    0x00, 0x00, 0x00, 0x00, 0x00, 0x00, 0x00, 0x00, 0x00, 0x00, 0x00, 0x00, 0x00, 0x00, 0x00, 0x00, 0x00, 0x00, 0x00, 0x00,
    0x00, 0x00, 0x00, 0x00, 0x00, 0x00, 0x00, 0x00, 0x00, 0x00, 0x00, 0x00, 0x00, 0x00, 0x00, 0x00, 0x00, 0x00, 0x00, 0x00,
    0x00, 0x00, 0x00, 0x00, 0x00, 0x00, 0x20, 0x00, 0xa2, 0xcc, 0x6b, 0xfe, 0xc5, 0x64, 0x0a, 0x6e, 0x6c, 0x76, 0x0a, 0x56,
    0xea, 0x45, 0x0b, 0x46, 0x2c, 0x56, 0x6d, 0x66, 0xae, 0x76, 0xce, 0x7e, 0xce, 0x86, 0xee, 0x86, 0xee, 0x8e, 0xee, 0x96,
    0x0e, 0x97, 0x0f, 0x9f, 0x2f, 0xa7, 0x2f, 0xa7, 0x2f, 0xa7, 0x2f, 0xaf, 0x4f, 0xaf, 0x4f, 0xaf, 0x4f, 0xaf, 0x2f, 0xa7,
    0x2f, 0xa7, 0x2e, 0x9f, 0x0e, 0x97, 0xad, 0x7e, 0xaa, 0x4d, 0x44, 0x1c, 0x4c, 0x76, 0x71, 0xaf, 0x51, 0xa7, 0x51, 0xa7,
    0x51, 0xa7, 0x71, 0xaf, 0x72, 0xb7, 0x93, 0xbf, 0x93, 0xbf, 0xb3, 0xc7, 0xb4, 0xd7, 0xd5, 0xd7, 0xd5, 0xdf, 0xd5, 0xdf,
    0xd5, 0xdf, 0xd5, 0xdf, 0xd7, 0xef, 0xd8, 0xef, 0xd8, 0xf7, 0xd9, 0xf7, 0xdc, 0xff, 0xda, 0xef, 0xd4, 0xd7, 0xb4, 0xcf,
    0xb4, 0xc7, 0x93, 0xbf, 0x93, 0xbf, 0xb4, 0xcf, 0xf6, 0xdf, 0x31, 0xaf, 0x63, 0x53, 0xe3, 0xb8, 0xe5, 0xd0, 0x05, 0xd1,
    0x46, 0xd9, 0x66, 0xe1, 0x47, 0xe9, 0x66, 0xd1, 0x62, 0x6a, 0x65, 0x44, 0x4c, 0x76, 0x93, 0xbf, 0xf6, 0xd7, 0xd6, 0xd7,
    0xd5, 0xd7, 0xb5, 0xcf, 0xb5, 0xcf, 0xb5, 0xc7, 0xb5, 0xc7, 0xb5, 0xcf, 0xb5, 0xcf, 0xb5, 0xcf, 0xd5, 0xd7, 0xf7, 0xe7,
    0xf9, 0xf7, 0xd9, 0xef, 0x32, 0xb7, 0x28, 0x65, 0x81, 0x5a, 0xa0, 0xb0, 0x42, 0xe0, 0xa3, 0xe0, 0xe3, 0xe0, 0x03, 0xe9,
    0x04, 0xe9, 0x24, 0xf1, 0x24, 0xf1, 0x44, 0xf1, 0x45, 0xf1, 0x45, 0xf1, 0x45, 0xf1, 0x45, 0xf1, 0x45, 0xf1, 0x44, 0xf1,
    0x24, 0xf1, 0x24, 0xe9, 0x24, 0xe9, 0xe3, 0xe8, 0xc3, 0xe0, 0xc3, 0xd8, 0x82, 0xd0, 0x21, 0xb8, 0xc0, 0x49, 0x2c, 0x7e,
    0x72, 0xaf, 0x31, 0x9f, 0x31, 0x9f, 0x51, 0xa7, 0x72, 0xb7, 0x93, 0xbf, 0xb3, 0xc7, 0xb4, 0xcf, 0xd5, 0xd7, 0xd6, 0xdf,
    0xd5, 0xdf, 0xd5, 0xdf, 0xd6, 0xe7, 0xd7, 0xe7, 0xd6, 0xe7, 0xb5, 0xdf, 0xb4, 0xd7, 0xb4, 0xc7, 0x93, 0xbf, 0x93, 0xb7,
    0xaa, 0x5d, 0xa5, 0x24, 0x06, 0x2c, 0x82, 0x1b, 0x05, 0x95, 0x4b, 0xfe, 0x8d, 0xfe, 0xf0, 0xfe, 0x33, 0xff, 0x53, 0xff,
    0x54, 0xff, 0x75, 0xff, 0x53, 0xff, 0x84, 0xe5, 0x80, 0x10, 0x00, 0x00, 0x00, 0x00, 0x00, 0x00, 0x00, 0x00, 0x00, 0x00,
    0x00, 0x00, 0x00, 0x00, 0x00, 0x00, 0x00, 0x00, 0x00, 0x00, 0x00, 0x00, 0x00, 0x00, 0x00, 0x00, 0x00, 0x00, 0x00, 0x00,
    0x00, 0x00, 0x00, 0x00, 0x00, 0x00, 0x00, 0x00, 0x00, 0x00, 0x00, 0x00, 0x00, 0x00, 0x00, 0x00, 0x00, 0x00, 0x00, 0x00,
    0x00, 0x00, 0x00, 0x00, 0x00, 0x00, 0x00, 0x00, 0x00, 0x00, 0x00, 0x00, 0x00, 0x00, 0x00, 0x00, 0x00, 0x00, 0x00, 0x00,
    0x00, 0x00, 0x00, 0x00, 0x00, 0x00, 0x00, 0x00, 0x00, 0x00, 0x00, 0x00, 0x00, 0x00, 0x00, 0x00, 0x00, 0x00, 0x00, 0x00,
    0x00, 0x00, 0x00, 0x00, 0x00, 0x00, 0x00, 0x00, 0x40, 0x62, 0x27, 0xfe, 0x07, 0x85, 0x87, 0x5d, 0x8c, 0x7e, 0x0a, 0x5e,
    0xea, 0x4d, 0xeb, 0x45, 0x0b, 0x4e, 0x4c, 0x5e, 0x8d, 0x6e, 0xae, 0x76, 0xce, 0x7e, 0xcd, 0x86, 0xee, 0x8e, 0xee, 0x8e,
    0x0e, 0x97, 0x0e, 0x97, 0x0e, 0x9f, 0x2e, 0x9f, 0x2f, 0xa7, 0x2f, 0xa7, 0x2f, 0xa7, 0x2f, 0xa7, 0x2f, 0xa7, 0x2e, 0xa7,
    0x0e, 0x9f, 0xee, 0x96, 0xad, 0x7e, 0xca, 0x55, 0x44, 0x1c, 0x2c, 0x6e, 0x51, 0xa7, 0x51, 0xa7, 0x31, 0xa7, 0x51, 0xa7,
    0x51, 0xaf, 0x72, 0xb7, 0x92, 0xbf, 0x92, 0xbf, 0x93, 0xc7, 0xb3, 0xcf, 0xd5, 0xd7, 0xd6, 0xdf, 0xd7, 0xe7, 0xd5, 0xdf,
    0xd5, 0xdf, 0xd6, 0xe7, 0xd8, 0xef, 0xd8, 0xef, 0xd8, 0xef, 0xd8, 0xf7, 0xda, 0xf7, 0xde, 0xff, 0xd8, 0xef, 0xb4, 0xcf,
    0xb4, 0xcf, 0x93, 0xc7, 0x93, 0xbf, 0x92, 0xb7, 0x93, 0xbf, 0xb5, 0xcf, 0xae, 0x8e, 0xa2, 0x42, 0xc4, 0xc0, 0x25, 0xd9,
    0x25, 0xd9, 0x06, 0xe1, 0xc3, 0x99, 0xe4, 0x3b, 0x4c, 0x6e, 0x72, 0xb7, 0xb4, 0xc7, 0xb4, 0xc7, 0xb4, 0xbf, 0xb4, 0xbf,
    0x93, 0xbf, 0xb4, 0xbf, 0xb4, 0xbf, 0xb4, 0xc7, 0xb4, 0xc7, 0xb5, 0xcf, 0xb4, 0xcf, 0xb4, 0xc7, 0xb4, 0xc7, 0xb4, 0xc7,
    0xb5, 0xcf, 0xd7, 0xdf, 0xf8, 0xef, 0xf8, 0xef, 0x32, 0xb7, 0xc7, 0x5c, 0xa0, 0x81, 0x21, 0xc8, 0x62, 0xd8, 0xa2, 0xd8,
    0xc3, 0xe0, 0xe3, 0xe0, 0x04, 0xe9, 0x04, 0xe9, 0x04, 0xe9, 0x24, 0xf1, 0x24, 0xe9, 0x04, 0xe9, 0x04, 0xe9, 0x24, 0xe9,
    0x04, 0xe9, 0xc3, 0xe0, 0xc3, 0xe0, 0xc3, 0xe0, 0xa2, 0xd8, 0x62, 0xc8, 0x21, 0xb8, 0x00, 0x51, 0x69, 0x65, 0x50, 0xa7,
    0x10, 0x97, 0x10, 0x97, 0x51, 0x9f, 0x72, 0xaf, 0x92, 0xbf, 0xb3, 0xc7, 0xb3, 0xc7, 0xb4, 0xd7, 0xd5, 0xdf, 0xd6, 0xdf,
    0xd5, 0xdf, 0xd6, 0xe7, 0xd8, 0xf7, 0xda, 0xf7, 0xdd, 0xff, 0xda, 0xf7, 0xd6, 0xe7, 0xb4, 0xd7, 0x93, 0xc7, 0x93, 0xbf,
    0x72, 0xb7, 0xe6, 0x4c, 0x40, 0x09, 0x04, 0x9c, 0x2a, 0xf6, 0x4c, 0xf6, 0xae, 0xfe, 0x11, 0xff, 0x53, 0xff, 0x54, 0xff,
    0x54, 0xff, 0x75, 0xff, 0xec, 0xfe, 0x41, 0x8b, 0x00, 0x00, 0x00, 0x00, 0x00, 0x00, 0x00, 0x00, 0x00, 0x00, 0x00, 0x00,
    0x00, 0x00, 0x00, 0x00, 0x00, 0x00, 0x00, 0x00, 0x00, 0x00, 0x00, 0x00, 0x00, 0x00, 0x00, 0x00, 0x00, 0x00, 0x00, 0x00,
    0x00, 0x00, 0x00, 0x00, 0x00, 0x00, 0x00, 0x00, 0x00, 0x00, 0x00, 0x00, 0x00, 0x00, 0x00, 0x00, 0x00, 0x00, 0x00, 0x00,
    0x00, 0x00, 0x00, 0x00, 0x00, 0x00, 0x00, 0x00, 0x00, 0x00, 0x00, 0x00, 0x00, 0x00, 0x00, 0x00, 0x00, 0x00, 0x00, 0x00,
    0x00, 0x00, 0x00, 0x00, 0x00, 0x00, 0x00, 0x00, 0x00, 0x00, 0x00, 0x00, 0x00, 0x00, 0x00, 0x00, 0x00, 0x00, 0x00, 0x00,
    0x00, 0x00, 0x00, 0x00, 0x00, 0x00, 0x00, 0x00, 0x60, 0x08, 0x03, 0xdd, 0x87, 0xb5, 0xe5, 0x4c, 0x8c, 0x7e, 0x4b, 0x66,
    0xea, 0x4d, 0xea, 0x45, 0x0b, 0x4e, 0x2c, 0x56, 0x6d, 0x5e, 0x8d, 0x6e, 0xad, 0x76, 0xad, 0x7e, 0xcd, 0x86, 0xcd, 0x86,
    0xee, 0x8e, 0xee, 0x96, 0x0e, 0x97, 0x0e, 0x9f, 0x0e, 0x9f, 0x0e, 0x9f, 0x2e, 0x9f, 0x0e, 0x9f, 0x0e, 0x9f, 0x0e, 0x97,
    0xed, 0x8e, 0xad, 0x7e, 0x0b, 0x5e, 0x65, 0x1c, 0xaa, 0x55, 0x51, 0xa7, 0x30, 0xa7, 0x30, 0x9f, 0x51, 0xa7, 0x51, 0xa7,
    0x71, 0xaf, 0x72, 0xb7, 0x92, 0xbf, 0x92, 0xbf, 0x93, 0xc7, 0xb3, 0xcf, 0xb4, 0xd7, 0xd4, 0xdf, 0xd5, 0xdf, 0xd5, 0xdf,
    0xd5, 0xdf, 0xd6, 0xe7, 0xd8, 0xef, 0xd8, 0xef, 0xd8, 0xf7, 0xd8, 0xf7, 0xd8, 0xf7, 0xd9, 0xf7, 0xd9, 0xf7, 0xd5, 0xdf,
    0xb4, 0xcf, 0xb4, 0xc7, 0x93, 0xbf, 0x72, 0xb7, 0x72, 0xaf, 0x72, 0xaf, 0x93, 0xbf, 0xca, 0x65, 0xe1, 0x61, 0xe5, 0xe0,
    0xc5, 0xd0, 0x02, 0x6a, 0x27, 0x3d, 0x10, 0x97, 0x93, 0xbf, 0x93, 0xb7, 0x73, 0xb7, 0x73, 0xb7, 0x93, 0xb7, 0xb4, 0xbf,
    0xb4, 0xc7, 0xb5, 0xc7, 0xb5, 0xcf, 0xd5, 0xcf, 0xd5, 0xd7, 0xd5, 0xd7, 0xd5, 0xd7, 0xd5, 0xd7, 0xd5, 0xd7, 0xb5, 0xcf,
    0xb5, 0xcf, 0xb4, 0xc7, 0xb5, 0xc7, 0xd6, 0xd7, 0xf8, 0xef, 0xd6, 0xdf, 0x2c, 0x86, 0xa1, 0x52, 0x60, 0xb8, 0x41, 0xd0,
    0x82, 0xd0, 0xa2, 0xd8, 0xc3, 0xd8, 0xc3, 0xe0, 0xc3, 0xe0, 0xe3, 0xe0, 0xe3, 0xe0, 0xe3, 0xe0, 0xe3, 0xe0, 0xc3, 0xd8,
    0xa3, 0xd8, 0x82, 0xd8, 0x62, 0xd0, 0x42, 0xc8, 0x21, 0xc0, 0x00, 0xc0, 0x60, 0x78, 0x05, 0x3c, 0x0f, 0x97, 0xce, 0x8e,
    0xef, 0x86, 0x10, 0x97, 0x51, 0x9f, 0x72, 0xaf, 0x92, 0xbf, 0xb3, 0xc7, 0xb3, 0xc7, 0xb3, 0xcf, 0xb4, 0xd7, 0xd4, 0xdf,
    0xd5, 0xdf, 0xd7, 0xe7, 0xd9, 0xf7, 0xda, 0xf7, 0xdc, 0xff, 0xdd, 0xff, 0xd9, 0xf7, 0xd4, 0xdf, 0xb3, 0xcf, 0x93, 0xc7,
    0x92, 0xbf, 0x30, 0xaf, 0x23, 0x3c, 0x26, 0xc5, 0x2a, 0xf6, 0x6c, 0xf6, 0xcf, 0xfe, 0x32, 0xff, 0x53, 0xff, 0x54, 0xff,
    0x55, 0xff, 0x54, 0xff, 0xe5, 0xf5, 0xe0, 0x28, 0x00, 0x00, 0x00, 0x00, 0x00, 0x00, 0x00, 0x00, 0x00, 0x00, 0x00, 0x00,
    0x00, 0x00, 0x00, 0x00, 0x00, 0x00, 0x00, 0x00, 0x00, 0x00, 0x00, 0x00, 0x00, 0x00, 0x00, 0x00, 0x00, 0x00, 0x00, 0x00,
    0x00, 0x00, 0x00, 0x00, 0x00, 0x00, 0x00, 0x00, 0x00, 0x00, 0x00, 0x00, 0x00, 0x00, 0x00, 0x00, 0x00, 0x00, 0x00, 0x00,
    0x00, 0x00, 0x00, 0x00, 0x00, 0x00, 0x00, 0x00, 0x00, 0x00, 0x00, 0x00, 0x00, 0x00, 0x00, 0x00, 0x00, 0x00, 0x00, 0x00,
    0x00, 0x00, 0x00, 0x00, 0x00, 0x00, 0x00, 0x00, 0x00, 0x00, 0x00, 0x00, 0x00, 0x00, 0x00, 0x00, 0x00, 0x00, 0x00, 0x00,
    0x00, 0x00, 0x00, 0x00, 0x00, 0x00, 0x00, 0x00, 0x00, 0x00, 0xa1, 0x72, 0xe5, 0xed, 0x84, 0x4c, 0x6b, 0x7e, 0x6b, 0x76,
    0x0a, 0x56, 0xea, 0x4d, 0xeb, 0x4d, 0x0b, 0x4e, 0x2c, 0x56, 0x6d, 0x66, 0x8d, 0x6e, 0xad, 0x76, 0xad, 0x7e, 0xcd, 0x86,
    0xcd, 0x86, 0xcd, 0x8e, 0xee, 0x8e, 0xee, 0x8e, 0xee, 0x96, 0x0e, 0x97, 0x0e, 0x97, 0xee, 0x96, 0xed, 0x8e, 0xcd, 0x8e,
    0xad, 0x7e, 0x4b, 0x66, 0xa6, 0x24, 0xe7, 0x3c, 0x0f, 0x97, 0x30, 0x9f, 0x10, 0x97, 0x30, 0x9f, 0x51, 0xa7, 0x51, 0xaf,
    0x71, 0xb7, 0x92, 0xbf, 0x92, 0xbf, 0x92, 0xbf, 0xb3, 0xc7, 0xb3, 0xcf, 0xb3, 0xd7, 0xb4, 0xd7, 0xd4, 0xdf, 0xd5, 0xdf,
    0xd5, 0xe7, 0xd6, 0xe7, 0xd7, 0xef, 0xd8, 0xf7, 0xd8, 0xf7, 0xd8, 0xef, 0xd8, 0xef, 0xd8, 0xef, 0xd8, 0xef, 0xd6, 0xdf,
    0xb4, 0xd7, 0xb4, 0xcf, 0x93, 0xc7, 0x93, 0xb7, 0x72, 0xaf, 0x51, 0xa7, 0x51, 0xa7, 0x51, 0xa7, 0x65, 0x3c, 0xa0, 0x88,
    0x22, 0x5a, 0xaa, 0x4d, 0x51, 0xa7, 0x72, 0xaf, 0x72, 0xaf, 0x72, 0xaf, 0x73, 0xaf, 0x93, 0xb7, 0xb4, 0xbf, 0xb4, 0xc7,
    0xd5, 0xcf, 0xd5, 0xcf, 0xd5, 0xd7, 0xd5, 0xd7, 0xd5, 0xd7, 0xd5, 0xdf, 0xd5, 0xdf, 0xd6, 0xdf, 0xd6, 0xdf, 0xd6, 0xdf,
    0xd5, 0xd7, 0xd5, 0xd7, 0xb5, 0xcf, 0xb4, 0xc7, 0xb5, 0xc7, 0xb5, 0xd7, 0xf7, 0xdf, 0x11, 0xa7, 0xe3, 0x53, 0x80, 0xa0,
    0x21, 0xc8, 0x61, 0xd0, 0x62, 0xd0, 0x82, 0xd0, 0x82, 0xd0, 0x82, 0xd0, 0x82, 0xd0, 0x82, 0xd0, 0x42, 0xd0, 0x21, 0xc8,
    0x41, 0xb8, 0x80, 0xa8, 0xa0, 0x90, 0xc0, 0x78, 0xc0, 0x70, 0x80, 0x78, 0xe0, 0x28, 0x69, 0x4d, 0x6d, 0x6e, 0x6d, 0x66,
    0xae, 0x6e, 0xee, 0x86, 0x30, 0x97, 0x51, 0xaf, 0x71, 0xb7, 0x92, 0xbf, 0x93, 0xc7, 0xb3, 0xcf, 0xb4, 0xd7, 0xb4, 0xd7,
    0xd4, 0xdf, 0xd5, 0xe7, 0xd8, 0xef, 0xd8, 0xf7, 0xd8, 0xf7, 0xd9, 0xf7, 0xd9, 0xf7, 0xd5, 0xdf, 0xb4, 0xd7, 0xb3, 0xcf,
    0x93, 0xc7, 0xb4, 0xc7, 0x2b, 0x86, 0x83, 0x74, 0x2a, 0xf6, 0xae, 0xfe, 0x11, 0xff, 0x33, 0xff, 0x53, 0xff, 0x54, 0xff,
    0x75, 0xff, 0x0d, 0xff, 0xc2, 0x9b, 0x00, 0x00, 0x00, 0x00, 0x00, 0x00, 0x00, 0x00, 0x00, 0x00, 0x00, 0x00, 0x00, 0x00,
    0x00, 0x00, 0x00, 0x00, 0x00, 0x00, 0x00, 0x00, 0x00, 0x00, 0x00, 0x00, 0x00, 0x00, 0x00, 0x00, 0x00, 0x00, 0x00, 0x00,
    0x00, 0x00, 0x00, 0x00, 0x00, 0x00, 0x00, 0x00, 0x00, 0x00, 0x00, 0x00, 0x00, 0x00, 0x00, 0x00, 0x00, 0x00, 0x00, 0x00,
    0x00, 0x00, 0x00, 0x00, 0x00, 0x00, 0x00, 0x00, 0x00, 0x00, 0x00, 0x00, 0x00, 0x00, 0x00, 0x00, 0x00, 0x00, 0x00, 0x00,
    0x00, 0x00, 0x00, 0x00, 0x00, 0x00, 0x00, 0x00, 0x00, 0x00, 0x00, 0x00, 0x00, 0x00, 0x00, 0x00, 0x00, 0x00, 0x00, 0x00,
    0x00, 0x00, 0x00, 0x00, 0x00, 0x00, 0x00, 0x00, 0x00, 0x00, 0x60, 0x10, 0x03, 0xe5, 0xc3, 0x7c, 0xa8, 0x65, 0x8b, 0x7e,
    0x2a, 0x66, 0x0a, 0x4e, 0xea, 0x4d, 0x0b, 0x4e, 0x2b, 0x4e, 0x4c, 0x5e, 0x6d, 0x66, 0x8d, 0x6e, 0xad, 0x76, 0xcd, 0x7e,
    0xcd, 0x86, 0xcd, 0x86, 0xcd, 0x86, 0xcd, 0x86, 0xcd, 0x86, 0xee, 0x8e, 0xee, 0x8e, 0xcd, 0x86, 0xcd, 0x86, 0xad, 0x7e,
    0x6c, 0x6e, 0x48, 0x3d, 0x24, 0x1c, 0xae, 0x86, 0x0f, 0x97, 0xef, 0x8e, 0x0f, 0x97, 0x30, 0x9f, 0x51, 0xa7, 0x71, 0xaf,
    0x71, 0xb7, 0x92, 0xbf, 0x92, 0xbf, 0x92, 0xc7, 0xb2, 0xc7, 0xb3, 0xcf, 0xb3, 0xcf, 0xb4, 0xd7, 0xb4, 0xd7, 0xd4, 0xdf,
    0xd5, 0xdf, 0xd5, 0xe7, 0xd5, 0xe7, 0xd7, 0xef, 0xd8, 0xef, 0xd8, 0xef, 0xd8, 0xef, 0xd8, 0xef, 0xd7, 0xe7, 0xd5, 0xdf,
    0xd4, 0xd7, 0xb4, 0xcf, 0x93, 0xc7, 0x93, 0xbf, 0x72, 0xaf, 0x31, 0x9f, 0x10, 0x97, 0x10, 0x97, 0xaa, 0x5d, 0x01, 0x0b,
    0xaa, 0x55, 0x72, 0xa7, 0x72, 0xa7, 0x52, 0xa7, 0x52, 0xa7, 0x73, 0xaf, 0x93, 0xb7, 0xb4, 0xbf, 0xb4, 0xc7, 0xd5, 0xcf,
    0xd5, 0xd7, 0xd5, 0xd7, 0xd5, 0xdf, 0xd5, 0xdf, 0xd5, 0xdf, 0xd6, 0xdf, 0xd8, 0xef, 0xd9, 0xf7, 0xda, 0xf7, 0xdb, 0xf7,
    0xda, 0xef, 0xd7, 0xdf, 0xd5, 0xd7, 0xb5, 0xcf, 0xb4, 0xc7, 0x94, 0xbf, 0xb4, 0xc7, 0xd6, 0xdf, 0x52, 0xb7, 0xa3, 0x43,
    0x80, 0x98, 0x01, 0xc0, 0x41, 0xc0, 0x61, 0xc8, 0x62, 0xc8, 0x41, 0xc8, 0x21, 0xc8, 0x20, 0xb0, 0x00, 0x81, 0x61, 0x52,
    0xc4, 0x43, 0xc7, 0x4c, 0x69, 0x5d, 0xcb, 0x65, 0xeb, 0x6d, 0x6a, 0x65, 0x87, 0x4c, 0xe7, 0x3c, 0x07, 0x2d, 0x27, 0x2d,
    0xca, 0x45, 0x6c, 0x66, 0xce, 0x86, 0x2f, 0x9f, 0x50, 0xa7, 0x71, 0xb7, 0x92, 0xbf, 0x92, 0xc7, 0xb3, 0xcf, 0xb4, 0xd7,
    0xd4, 0xdf, 0xd4, 0xdf, 0xd5, 0xdf, 0xd6, 0xe7, 0xd7, 0xef, 0xd7, 0xef, 0xd6, 0xe7, 0xb5, 0xdf, 0xb4, 0xd7, 0xb3, 0xcf,
    0x93, 0xc7, 0x92, 0xbf, 0x72, 0xbf, 0xc4, 0x64, 0xea, 0xdd, 0xf0, 0xfe, 0x32, 0xff, 0x33, 0xff, 0x53, 0xff, 0x54, 0xff,
    0x54, 0xff, 0xe6, 0xf5, 0x00, 0x29, 0x00, 0x00, 0x00, 0x00, 0x00, 0x00, 0x00, 0x00, 0x00, 0x00, 0x00, 0x00, 0x00, 0x00,
    0x00, 0x00, 0x00, 0x00, 0x00, 0x00, 0x00, 0x00, 0x00, 0x00, 0x00, 0x00, 0x00, 0x00, 0x00, 0x00, 0x00, 0x00, 0x00, 0x00,
    0x00, 0x00, 0x00, 0x00, 0x00, 0x00, 0x00, 0x00, 0x00, 0x00, 0x00, 0x00, 0x00, 0x00, 0x00, 0x00, 0x00, 0x00, 0x00, 0x00,
    0x00, 0x00, 0x00, 0x00, 0x00, 0x00, 0x00, 0x00, 0x00, 0x00, 0x00, 0x00, 0x00, 0x00, 0x00, 0x00, 0x00, 0x00, 0x00, 0x00,
    0x00, 0x00, 0x00, 0x00, 0x00, 0x00, 0x00, 0x00, 0x00, 0x00, 0x00, 0x00, 0x00, 0x00, 0x00, 0x00, 0x00, 0x00, 0x00, 0x00,
    0x00, 0x00, 0x00, 0x00, 0x00, 0x00, 0x00, 0x00, 0x00, 0x00, 0x00, 0x00, 0xc1, 0x7a, 0x83, 0xcd, 0xa4, 0x44, 0x8b, 0x7e,
    0x6b, 0x76, 0x2a, 0x5e, 0xea, 0x4d, 0xea, 0x4d, 0x0b, 0x4e, 0x0b, 0x4e, 0x4c, 0x5e, 0x6c, 0x66, 0x8d, 0x6e, 0x8d, 0x76,
    0xad, 0x76, 0xad, 0x76, 0xad, 0x7e, 0xad, 0x7e, 0xcd, 0x7e, 0xcd, 0x86, 0xcd, 0x7e, 0xad, 0x7e, 0x8d, 0x76, 0x4c, 0x6e,
    0xca, 0x4d, 0x04, 0x14, 0x69, 0x4d, 0x0f, 0x97, 0xef, 0x8e, 0xef, 0x8e, 0x0f, 0x97, 0x30, 0x9f, 0x51, 0xa7, 0x51, 0xaf,
    0x71, 0xb7, 0x71, 0xbf, 0x92, 0xbf, 0x92, 0xc7, 0xb2, 0xc7, 0xb3, 0xcf, 0xb3, 0xcf, 0xb4, 0xd7, 0xb4, 0xd7, 0xb4, 0xdf,
    0xb4, 0xdf, 0xd5, 0xdf, 0xd5, 0xdf, 0xd5, 0xdf, 0xd5, 0xe7, 0xd6, 0xe7, 0xd6, 0xe7, 0xd6, 0xe7, 0xd5, 0xdf, 0xd5, 0xdf,
    0xb4, 0xd7, 0xb4, 0xcf, 0x93, 0xc7, 0x92, 0xbf, 0x51, 0xaf, 0x30, 0x9f, 0xef, 0x86, 0x8d, 0x6e, 0x06, 0x35, 0x89, 0x4d,
    0x31, 0x9f, 0x51, 0xa7, 0x51, 0x9f, 0x52, 0xa7, 0x72, 0xaf, 0x93, 0xb7, 0x93, 0xbf, 0xb4, 0xc7, 0xb5, 0xcf, 0xb5, 0xcf,
    0xd5, 0xd7, 0xd6, 0xdf, 0xd7, 0xe7, 0xd6, 0xdf, 0xd5, 0xdf, 0xd7, 0xe7, 0xd9, 0xf7, 0xd9, 0xf7, 0xda, 0xf7, 0xdb, 0xf7,
    0xdd, 0xff, 0xda, 0xf7, 0xd6, 0xdf, 0xd5, 0xcf, 0xb4, 0xc7, 0xb4, 0xbf, 0x93, 0xbf, 0x94, 0xbf, 0xb5, 0xcf, 0x30, 0xa7,
    0xc2, 0x4b, 0x40, 0xa0, 0x21, 0xb8, 0x21, 0xc0, 0x21, 0xc0, 0x20, 0xb8, 0x80, 0x71, 0xa3, 0x43, 0xa9, 0x5d, 0xef, 0x8e,
    0x92, 0xaf, 0xb4, 0xbf, 0xd4, 0xbf, 0xb4, 0xbf, 0xb4, 0xbf, 0xd4, 0xbf, 0xb4, 0xbf, 0xb4, 0xbf, 0x52, 0xa7, 0x6d, 0x7e,
    0x89, 0x4d, 0x47, 0x3d, 0xca, 0x4d, 0xad, 0x7e, 0x0f, 0x97, 0x50, 0xa7, 0x71, 0xb7, 0x92, 0xbf, 0x93, 0xc7, 0xb3, 0xcf,
    0xb4, 0xd7, 0xb4, 0xdf, 0xd4, 0xdf, 0xd4, 0xdf, 0xb4, 0xdf, 0xb4, 0xdf, 0xb4, 0xdf, 0xb4, 0xd7, 0xb4, 0xd7, 0xb3, 0xcf,
    0x72, 0xbf, 0x71, 0xbf, 0xb3, 0xc7, 0x0a, 0x86, 0x88, 0x9d, 0x12, 0xff, 0x32, 0xff, 0x33, 0xff, 0x54, 0xff, 0x75, 0xff,
    0x0e, 0xff, 0xc2, 0xa3, 0x00, 0x00, 0x00, 0x00, 0x00, 0x00, 0x00, 0x00, 0x00, 0x00, 0x00, 0x00, 0x00, 0x00, 0x00, 0x00,
    0x00, 0x00, 0x00, 0x00, 0x00, 0x00, 0x00, 0x00, 0x00, 0x00, 0x00, 0x00, 0x00, 0x00, 0x00, 0x00, 0x00, 0x00, 0x00, 0x00,
    0x00, 0x00, 0x00, 0x00, 0x00, 0x00, 0x00, 0x00, 0x00, 0x00, 0x00, 0x00, 0x00, 0x00, 0x00, 0x00, 0x00, 0x00, 0x00, 0x00,
    0x00, 0x00, 0x00, 0x00, 0x00, 0x00, 0x00, 0x00, 0x00, 0x00, 0x00, 0x00, 0x00, 0x00, 0x00, 0x00, 0x00, 0x00, 0x00, 0x00,
    0x00, 0x00, 0x00, 0x00, 0x00, 0x00, 0x00, 0x00, 0x00, 0x00, 0x00, 0x00, 0x00, 0x00, 0x00, 0x00, 0x00, 0x00, 0x00, 0x00,
    0x00, 0x00, 0x00, 0x00, 0x00, 0x00, 0x00, 0x00, 0x00, 0x00, 0x00, 0x00, 0x60, 0x10, 0xc2, 0xd4, 0x82, 0x64, 0xc8, 0x65,
    0x8b, 0x7e, 0x2a, 0x66, 0x0a, 0x56, 0xea, 0x4d, 0xea, 0x4d, 0x0b, 0x4e, 0x2b, 0x56, 0x4c, 0x5e, 0x4c, 0x66, 0x6c, 0x6e,
    0x6c, 0x6e, 0x8c, 0x6e, 0x8c, 0x6e, 0x8c, 0x76, 0xad, 0x76, 0xad, 0x76, 0x8d, 0x76, 0x8c, 0x6e, 0x4c, 0x66, 0xea, 0x55,
    0xe7, 0x2c, 0xe4, 0x13, 0x8d, 0x7e, 0xef, 0x8e, 0xce, 0x86, 0xef, 0x8e, 0x10, 0x97, 0x50, 0x9f, 0x51, 0xaf, 0x51, 0xaf,
    0x71, 0xb7, 0x71, 0xbf, 0x92, 0xbf, 0x92, 0xc7, 0xb2, 0xc7, 0xb2, 0xcf, 0xb3, 0xcf, 0xb3, 0xcf, 0xb3, 0xd7, 0xb4, 0xd7,
    0xb4, 0xdf, 0xd4, 0xdf, 0xd4, 0xdf, 0xd4, 0xdf, 0xd4, 0xdf, 0xd4, 0xdf, 0xd4, 0xdf, 0xb4, 0xd7, 0xb4, 0xd7, 0xd5, 0xd7,
    0xb4, 0xd7, 0xb3, 0xcf, 0x93, 0xc7, 0x72, 0xbf, 0x51, 0xaf, 0x0f, 0x97, 0xae, 0x7e, 0xa9, 0x4d, 0x88, 0x4d, 0x10, 0x8f,
    0x31, 0x9f, 0x31, 0x9f, 0x51, 0x9f, 0x52, 0xa7, 0x93, 0xb7, 0x93, 0xbf, 0x93, 0xbf, 0xb4, 0xc7, 0xb4, 0xcf, 0xd5, 0xd7,
    0xd5, 0xdf, 0xd6, 0xdf, 0xd7, 0xe7, 0xd6, 0xdf, 0xd6, 0xdf, 0xd8, 0xef, 0xd9, 0xf7, 0xda, 0xf7, 0xda, 0xf7, 0xd9, 0xf7,
    0xd9, 0xf7, 0xd9, 0xf7, 0xd8, 0xe7, 0xd5, 0xd7, 0xb4, 0xcf, 0xb4, 0xc7, 0x94, 0xbf, 0x93, 0xb7, 0x73, 0xb7, 0xb4, 0xbf,
    0xad, 0x86, 0x20, 0x3a, 0x00, 0xa8, 0x00, 0xc0, 0x60, 0x90, 0x22, 0x43, 0xea, 0x5d, 0x51, 0xa7, 0xb4, 0xbf, 0xb4, 0xc7,
    0x94, 0xbf, 0x94, 0xbf, 0x93, 0xbf, 0x93, 0xb7, 0x93, 0xbf, 0xb4, 0xbf, 0xb4, 0xbf, 0xb4, 0xbf, 0xb5, 0xc7, 0xd5, 0xcf,
    0xb5, 0xcf, 0x11, 0xa7, 0xea, 0x65, 0x88, 0x45, 0x4b, 0x66, 0xee, 0x8e, 0x30, 0xa7, 0x51, 0xb7, 0x71, 0xbf, 0x92, 0xc7,
    0xb3, 0xcf, 0xb4, 0xd7, 0xb4, 0xd7, 0xb4, 0xd7, 0xb3, 0xd7, 0xb3, 0xd7, 0xb3, 0xd7, 0xb3, 0xd7, 0xb3, 0xcf, 0x93, 0xcf,
    0x72, 0xbf, 0x71, 0xb7, 0x72, 0xbf, 0x0f, 0xaf, 0x45, 0x75, 0x12, 0xff, 0x32, 0xff, 0x33, 0xff, 0x54, 0xff, 0x53, 0xff,
    0x05, 0xf6, 0x20, 0x31, 0x00, 0x00, 0x00, 0x00, 0x00, 0x00, 0x00, 0x00, 0x00, 0x00, 0x00, 0x00, 0x00, 0x00, 0x00, 0x00,
    0x00, 0x00, 0x00, 0x00, 0x00, 0x00, 0x00, 0x00, 0x00, 0x00, 0x00, 0x00, 0x00, 0x00, 0x00, 0x00, 0x00, 0x00, 0x00, 0x00,
    0x00, 0x00, 0x00, 0x00, 0x00, 0x00, 0x00, 0x00, 0x00, 0x00, 0x00, 0x00, 0x00, 0x00, 0x00, 0x00, 0x00, 0x00, 0x00, 0x00,
    0x00, 0x00, 0x00, 0x00, 0x00, 0x00, 0x00, 0x00, 0x00, 0x00, 0x00, 0x00, 0x00, 0x00, 0x00, 0x00, 0x00, 0x00, 0x00, 0x00,
    0x00, 0x00, 0x00, 0x00, 0x00, 0x00, 0x00, 0x00, 0x00, 0x00, 0x00, 0x00, 0x00, 0x00, 0x00, 0x00, 0x00, 0x00, 0x00, 0x00,
    0x00, 0x00, 0x00, 0x00, 0x00, 0x00, 0x00, 0x00, 0x00, 0x00, 0x00, 0x00, 0x00, 0x00, 0x21, 0x62, 0x42, 0xcd, 0x84, 0x3c,
    0x4a, 0x7e, 0x4a, 0x76, 0x0a, 0x5e, 0xea, 0x55, 0xea, 0x4d, 0xea, 0x4d, 0xea, 0x4d, 0x0b, 0x56, 0x2b, 0x5e, 0x4b, 0x5e,
    0x4c, 0x66, 0x4c, 0x66, 0x6c, 0x66, 0x6c, 0x66, 0x6c, 0x6e, 0x6c, 0x6e, 0x4c, 0x66, 0x2b, 0x5e, 0x0b, 0x56, 0xa9, 0x3d,
    0x04, 0x0c, 0x28, 0x3d, 0xef, 0x86, 0xce, 0x86, 0xce, 0x7e, 0xef, 0x8e, 0x0f, 0x97, 0x50, 0x9f, 0x51, 0xaf, 0x51, 0xaf,
    0x71, 0xb7, 0x71, 0xbf, 0x91, 0xbf, 0x92, 0xc7, 0x92, 0xc7, 0xb2, 0xcf, 0xb3, 0xcf, 0xb3, 0xcf, 0xb3, 0xd7, 0xb3, 0xd7,
    0xb4, 0xd7, 0xb4, 0xd7, 0xb4, 0xd7, 0xb4, 0xd7, 0xd4, 0xdf, 0xd4, 0xd7, 0xb4, 0xd7, 0xb4, 0xd7, 0xb4, 0xd7, 0xb4, 0xd7,
    0xb3, 0xcf, 0x93, 0xc7, 0x92, 0xbf, 0x71, 0xb7, 0x30, 0xa7, 0xef, 0x96, 0x4c, 0x6e, 0xa7, 0x4d, 0xae, 0x86, 0x10, 0x97,
    0x30, 0x97, 0x31, 0x9f, 0x52, 0xa7, 0x72, 0xaf, 0x93, 0xb7, 0x93, 0xbf, 0xb3, 0xbf, 0xb4, 0xc7, 0xb4, 0xcf, 0xb4, 0xd7,
    0xd5, 0xd7, 0xd5, 0xdf, 0xd5, 0xdf, 0xd5, 0xdf, 0xd5, 0xdf, 0xd7, 0xef, 0xda, 0xf7, 0xda, 0xff, 0xda, 0xf7, 0xd9, 0xf7,
    0xd9, 0xf7, 0xd8, 0xef, 0xd9, 0xef, 0xd5, 0xd7, 0xb4, 0xcf, 0xb4, 0xc7, 0x93, 0xbf, 0x73, 0xb7, 0x52, 0xa7, 0x51, 0x9f,
    0x51, 0x9f, 0xa7, 0x3c, 0x80, 0x48, 0xc0, 0x68, 0xe4, 0x2b, 0xef, 0x86, 0xb3, 0xb7, 0x93, 0xbf, 0x93, 0xbf, 0x93, 0xbf,
    0x94, 0xbf, 0x94, 0xbf, 0xb4, 0xc7, 0xb4, 0xc7, 0xb5, 0xcf, 0xb5, 0xcf, 0xb5, 0xcf, 0xb5, 0xcf, 0xb5, 0xcf, 0xb5, 0xcf,
    0xd6, 0xcf, 0xf7, 0xdf, 0xd6, 0xdf, 0xd0, 0x9e, 0x88, 0x45, 0x0a, 0x5e, 0xce, 0x86, 0x0f, 0x9f, 0x50, 0xaf, 0x71, 0xbf,
    0x92, 0xc7, 0xb3, 0xcf, 0xb3, 0xcf, 0xb3, 0xcf, 0xb3, 0xcf, 0xb3, 0xcf, 0xb3, 0xcf, 0xb3, 0xcf, 0xb3, 0xcf, 0x92, 0xc7,
    0x71, 0xbf, 0x50, 0xaf, 0x71, 0xb7, 0x72, 0xbf, 0x66, 0x6d, 0xd0, 0xde, 0x53, 0xff, 0x33, 0xff, 0x54, 0xff, 0xec, 0xfe,
    0xc1, 0x9b, 0x00, 0x00, 0x00, 0x00, 0x00, 0x00, 0x00, 0x00, 0x00, 0x00, 0x00, 0x00, 0x00, 0x00, 0x00, 0x00, 0x00, 0x00,
    0x00, 0x00, 0x00, 0x00, 0x00, 0x00, 0x00, 0x00, 0x00, 0x00, 0x00, 0x00, 0x00, 0x00, 0x00, 0x00, 0x00, 0x00, 0x00, 0x00,
    0x00, 0x00, 0x00, 0x00, 0x00, 0x00, 0x00, 0x00, 0x00, 0x00, 0x00, 0x00, 0x00, 0x00, 0x00, 0x00, 0x00, 0x00, 0x00, 0x00,
    0x00, 0x00, 0x00, 0x00, 0x00, 0x00, 0x00, 0x00, 0x00, 0x00, 0x00, 0x00, 0x00, 0x00, 0x00, 0x00, 0x00, 0x00, 0x00, 0x00,
    0x00, 0x00, 0x00, 0x00, 0x00, 0x00, 0x00, 0x00, 0x00, 0x00, 0x00, 0x00, 0x00, 0x00, 0x00, 0x00, 0x00, 0x00, 0x00, 0x00,
    0x00, 0x00, 0x00, 0x00, 0x00, 0x00, 0x00, 0x00, 0x00, 0x00, 0x00, 0x00, 0x00, 0x00, 0x20, 0x00, 0x62, 0xc4, 0xa3, 0x7c,
    0xe6, 0x44, 0x6b, 0x7e, 0x2a, 0x6e, 0xe9, 0x5d, 0xe9, 0x4d, 0xc9, 0x4d, 0xea, 0x4d, 0xea, 0x4d, 0x0a, 0x56, 0x0b, 0x56,
    0x2b, 0x5e, 0x2b, 0x5e, 0x2b, 0x5e, 0x2b, 0x5e, 0x2b, 0x5e, 0x2b, 0x5e, 0x0b, 0x56, 0xeb, 0x4d, 0xaa, 0x45, 0x07, 0x2d,
    0xc3, 0x0b, 0x4d, 0x6e, 0xce, 0x7e, 0xae, 0x76, 0xce, 0x7e, 0xef, 0x86, 0x0f, 0x97, 0x30, 0x9f, 0x50, 0xa7, 0x51, 0xaf,
    0x71, 0xb7, 0x71, 0xb7, 0x91, 0xbf, 0x92, 0xc7, 0x92, 0xc7, 0xb2, 0xcf, 0xb3, 0xcf, 0xb3, 0xcf, 0xb3, 0xcf, 0xb3, 0xcf,
    0xb3, 0xd7, 0xb3, 0xd7, 0xb3, 0xd7, 0xb4, 0xd7, 0xb4, 0xd7, 0xb4, 0xd7, 0xb3, 0xd7, 0xb3, 0xd7, 0xb3, 0xcf, 0xb3, 0xcf,
    0xb3, 0xc7, 0x92, 0xc7, 0x92, 0xbf, 0x51, 0xb7, 0x30, 0xa7, 0xae, 0x86, 0xa8, 0x4d, 0x4b, 0x6e, 0x10, 0x8f, 0x10, 0x97,
    0x30, 0x97, 0x51, 0x9f, 0x72, 0xaf, 0x72, 0xb7, 0x93, 0xbf, 0x93, 0xbf, 0xb3, 0xc7, 0xb4, 0xcf, 0xb4, 0xcf, 0xb4, 0xd7,
    0xd4, 0xd7, 0xd5, 0xdf, 0xd5, 0xdf, 0xd5, 0xdf, 0xd5, 0xe7, 0xd6, 0xe7, 0xd7, 0xef, 0xd9, 0xf7, 0xd9, 0xf7, 0xd9, 0xf7,
    0xd8, 0xef, 0xd8, 0xef, 0xd7, 0xe7, 0xd5, 0xd7, 0xb4, 0xcf, 0xb4, 0xc7, 0x93, 0xbf, 0x72, 0xb7, 0x51, 0xa7, 0x10, 0x8f,
    0xef, 0x8e, 0x8d, 0x7e, 0x41, 0x12, 0xe4, 0x2b, 0x10, 0x97, 0x93, 0xb7, 0x73, 0xaf, 0x93, 0xb7, 0x93, 0xb7, 0x94, 0xbf,
    0xb4, 0xbf, 0xb4, 0xc7, 0xb4, 0xcf, 0xd5, 0xcf, 0xd5, 0xd7, 0xd5, 0xd7, 0xd5, 0xd7, 0xd5, 0xd7, 0xd5, 0xd7, 0xb5, 0xd7,
    0xb5, 0xcf, 0xd5, 0xcf, 0xd5, 0xd7, 0xf6, 0xdf, 0x52, 0xb7, 0xa9, 0x55, 0xe9, 0x55, 0xee, 0x8e, 0x0f, 0x9f, 0x50, 0xaf,
    0x72, 0xbf, 0x92, 0xc7, 0x92, 0xc7, 0x92, 0xc7, 0x92, 0xcf, 0x92, 0xc7, 0x92, 0xc7, 0x92, 0xc7, 0x92, 0xc7, 0x71, 0xbf,
    0x71, 0xb7, 0x50, 0xaf, 0x50, 0xaf, 0x92, 0xbf, 0x87, 0x6d, 0x4d, 0xbe, 0x53, 0xff, 0x53, 0xff, 0x32, 0xff, 0xc4, 0xed,
    0xe0, 0x28, 0x00, 0x00, 0x00, 0x00, 0x00, 0x00, 0x00, 0x00, 0x00, 0x00, 0x00, 0x00, 0x00, 0x00, 0x00, 0x00, 0x00, 0x00,
    0x00, 0x00, 0x00, 0x00, 0x00, 0x00, 0x00, 0x00, 0x00, 0x00, 0x00, 0x00, 0x00, 0x00, 0x00, 0x00, 0x00, 0x00, 0x00, 0x00,
    0x00, 0x00, 0x00, 0x00, 0x00, 0x00, 0x00, 0x00, 0x00, 0x00, 0x00, 0x00, 0x00, 0x00, 0x00, 0x00, 0x00, 0x00, 0x00, 0x00,
    0x00, 0x00, 0x00, 0x00, 0x00, 0x00, 0x00, 0x00, 0x00, 0x00, 0x00, 0x00, 0x00, 0x00, 0x00, 0x00, 0x00, 0x00, 0x00, 0x00,
    0x00, 0x00, 0x00, 0x00, 0x00, 0x00, 0x00, 0x00, 0x00, 0x00, 0x00, 0x00, 0x00, 0x00, 0x00, 0x00, 0x00, 0x00, 0x00, 0x00,
    0x00, 0x00, 0x00, 0x00, 0x00, 0x00, 0x00, 0x00, 0x00, 0x00, 0x00, 0x00, 0x00, 0x00, 0x00, 0x00, 0x80, 0x49, 0x83, 0xed,
    0x23, 0x4c, 0x88, 0x5d, 0x6b, 0x7e, 0x09, 0x66, 0x0a, 0x66, 0x2b, 0x66, 0x2b, 0x66, 0x2b, 0x5e, 0xea, 0x55, 0xea, 0x4d,
    0xea, 0x55, 0x0a, 0x56, 0x0a, 0x56, 0x0a, 0x56, 0x0b, 0x56, 0xeb, 0x55, 0xea, 0x4d, 0xca, 0x45, 0x69, 0x35, 0x04, 0x14,
    0x65, 0x24, 0xae, 0x76, 0x8d, 0x76, 0x8d, 0x6e, 0xae, 0x76, 0xef, 0x86, 0x10, 0x97, 0x30, 0x9f, 0x30, 0xa7, 0x50, 0xaf,
    0x71, 0xb7, 0x71, 0xb7, 0x71, 0xbf, 0x91, 0xbf, 0x92, 0xc7, 0x92, 0xc7, 0x92, 0xcf, 0x92, 0xcf, 0x92, 0xcf, 0xb3, 0xcf,
    0xb3, 0xcf, 0xb3, 0xcf, 0xb3, 0xcf, 0xb3, 0xd7, 0xb3, 0xd7, 0xb3, 0xd7, 0xb3, 0xcf, 0xb3, 0xcf, 0xb3, 0xcf, 0x92, 0xc7,
    0x92, 0xc7, 0x92, 0xbf, 0x71, 0xb7, 0x50, 0xaf, 0x0f, 0x97, 0x0a, 0x66, 0x88, 0x4d, 0xef, 0x86, 0x10, 0x8f, 0x10, 0x97,
    0x10, 0x97, 0x51, 0xa7, 0x72, 0xaf, 0x92, 0xb7, 0x93, 0xbf, 0x93, 0xbf, 0xb3, 0xc7, 0xb4, 0xcf, 0xb4, 0xcf, 0xb4, 0xd7,
    0xb4, 0xd7, 0xd4, 0xdf, 0xd5, 0xdf, 0xd5, 0xdf, 0xd5, 0xdf, 0xd5, 0xe7, 0xd5, 0xe7, 0xd6, 0xe7, 0xd7, 0xef, 0xd8, 0xef,
    0xd8, 0xef, 0xd7, 0xe7, 0xb5, 0xdf, 0xb5, 0xd7, 0xb4, 0xcf, 0xb4, 0xcf, 0x93, 0xbf, 0x72, 0xb7, 0x51, 0xa7, 0xef, 0x8e,
    0xae, 0x7e, 0x0b, 0x5e, 0x85, 0x24, 0xae, 0x7e, 0x72, 0xaf, 0x52, 0xaf, 0x72, 0xaf, 0x73, 0xaf, 0x93, 0xbf, 0xb4, 0xbf,
    0xb4, 0xc7, 0xb5, 0xcf, 0xd5, 0xd7, 0xd5, 0xd7, 0xd5, 0xd7, 0xd5, 0xd7, 0xd6, 0xdf, 0xd7, 0xe7, 0xd8, 0xe7, 0xd7, 0xe7,
    0xb5, 0xd7, 0xd5, 0xcf, 0xb5, 0xcf, 0xb5, 0xcf, 0xd6, 0xd7, 0x74, 0xbf, 0x88, 0x4d, 0xca, 0x55, 0xef, 0x8e, 0x30, 0x9f,
    0x51, 0xaf, 0x71, 0xbf, 0x92, 0xbf, 0x92, 0xbf, 0x92, 0xbf, 0x92, 0xc7, 0x92, 0xc7, 0x91, 0xbf, 0x71, 0xbf, 0x71, 0xb7,
    0x50, 0xb7, 0x50, 0xa7, 0x2f, 0xa7, 0x72, 0xb7, 0xc9, 0x75, 0xeb, 0xa5, 0x54, 0xff, 0x54, 0xff, 0xaa, 0xfe, 0xe1, 0x7a,
    0x00, 0x00, 0x00, 0x00, 0x00, 0x00, 0x00, 0x00, 0x00, 0x00, 0x00, 0x00, 0x00, 0x00, 0x00, 0x00, 0x00, 0x00, 0x00, 0x00,
    0x00, 0x00, 0x00, 0x00, 0x00, 0x00, 0x00, 0x00, 0x00, 0x00, 0x00, 0x00, 0x00, 0x00, 0x00, 0x00, 0x00, 0x00, 0x00, 0x00,
    0x00, 0x00, 0x00, 0x00, 0x00, 0x00, 0x00, 0x00, 0x00, 0x00, 0x00, 0x00, 0x00, 0x00, 0x00, 0x00, 0x00, 0x00, 0x00, 0x00,
    0x00, 0x00, 0x00, 0x00, 0x00, 0x00, 0x00, 0x00, 0x00, 0x00, 0x00, 0x00, 0x00, 0x00, 0x00, 0x00, 0x00, 0x00, 0x00, 0x00,
    0x00, 0x00, 0x00, 0x00, 0x00, 0x00, 0x00, 0x00, 0x00, 0x00, 0x00, 0x00, 0x00, 0x00, 0x00, 0x00, 0x00, 0x00, 0x00, 0x00,
    0x00, 0x00, 0x00, 0x00, 0x00, 0x00, 0x00, 0x00, 0x00, 0x00, 0x00, 0x00, 0x00, 0x00, 0x00, 0x00, 0x00, 0x00, 0xa1, 0xa3,
    0xa5, 0xd5, 0x84, 0x44, 0xa8, 0x5d, 0xe9, 0x6d, 0x06, 0x4d, 0x47, 0x55, 0xc9, 0x65, 0x2b, 0x76, 0x6c, 0x7e, 0x4b, 0x6e,
    0x0a, 0x56, 0xea, 0x4d, 0xea, 0x4d, 0xca, 0x45, 0xca, 0x45, 0xca, 0x45, 0xa9, 0x3d, 0x69, 0x35, 0x08, 0x25, 0xa3, 0x0b,
    0x69, 0x4d, 0xae, 0x76, 0x6d, 0x6e, 0x6d, 0x6e, 0xae, 0x76, 0xef, 0x86, 0x10, 0x97, 0x30, 0x9f, 0x30, 0xa7, 0x50, 0xa7,
    0x71, 0xaf, 0x71, 0xb7, 0x71, 0xbf, 0x91, 0xbf, 0x91, 0xbf, 0x92, 0xc7, 0x92, 0xc7, 0x92, 0xc7, 0x92, 0xcf, 0x92, 0xcf,
    0xb2, 0xcf, 0xb3, 0xcf, 0xb3, 0xcf, 0xb3, 0xcf, 0xb3, 0xcf, 0xb3, 0xcf, 0xb3, 0xcf, 0xb3, 0xcf, 0x92, 0xc7, 0x92, 0xc7,
    0x92, 0xbf, 0x71, 0xbf, 0x51, 0xaf, 0x30, 0x9f, 0xae, 0x86, 0x27, 0x3d, 0x2c, 0x66, 0x10, 0x8f, 0x10, 0x8f, 0x10, 0x8f,
    0x30, 0x97, 0x51, 0xa7, 0x72, 0xaf, 0x92, 0xb7, 0x93, 0xbf, 0x93, 0xbf, 0xb3, 0xc7, 0xb3, 0xcf, 0xb3, 0xcf, 0xb4, 0xd7,
    0xb4, 0xd7, 0xb4, 0xd7, 0xb4, 0xdf, 0xb4, 0xdf, 0xd5, 0xdf, 0xd5, 0xdf, 0xd5, 0xdf, 0xd5, 0xdf, 0xd5, 0xdf, 0xd5, 0xdf,
    0xd5, 0xdf, 0xb4, 0xd7, 0xb4, 0xd7, 0xb4, 0xd7, 0xb4, 0xcf, 0xb4, 0xcf, 0x93, 0xbf, 0x72, 0xb7, 0x30, 0x9f, 0xcf, 0x86,
    0x6c, 0x6e, 0x67, 0x3d, 0x4d, 0x6e, 0x31, 0x9f, 0x51, 0x9f, 0x52, 0xa7, 0x72, 0xa7, 0x93, 0xb7, 0x94, 0xbf, 0xb4, 0xc7,
    0xb4, 0xcf, 0xd5, 0xd7, 0xd5, 0xd7, 0xd5, 0xdf, 0xd5, 0xdf, 0xd6, 0xdf, 0xd8, 0xef, 0xd9, 0xf7, 0xda, 0xf7, 0xdc, 0xff,
    0xdb, 0xf7, 0xd6, 0xdf, 0xb5, 0xcf, 0xb4, 0xc7, 0xb4, 0xc7, 0xd6, 0xd7, 0x53, 0xbf, 0x27, 0x3d, 0xeb, 0x55, 0xef, 0x8e,
    0x30, 0x9f, 0x51, 0xaf, 0x71, 0xb7, 0x71, 0xb7, 0x71, 0xb7, 0x71, 0xbf, 0x71, 0xbf, 0x71, 0xbf, 0x51, 0xb7, 0x50, 0xb7,
    0x30, 0xaf, 0x2f, 0xa7, 0x2f, 0x9f, 0x71, 0xb7, 0xea, 0x7d, 0xca, 0x9d, 0x74, 0xff, 0x2f, 0xff, 0x43, 0xdd, 0x60, 0x10,
    0x00, 0x00, 0x00, 0x00, 0x00, 0x00, 0x00, 0x00, 0x00, 0x00, 0x00, 0x00, 0x00, 0x00, 0x00, 0x00, 0x00, 0x00, 0x00, 0x00,
    0x00, 0x00, 0x00, 0x00, 0x00, 0x00, 0x00, 0x00, 0x00, 0x00, 0x00, 0x00, 0x00, 0x00, 0x00, 0x00, 0x00, 0x00, 0x00, 0x00,
    0x00, 0x00, 0x00, 0x00, 0x00, 0x00, 0x00, 0x00, 0x00, 0x00, 0x00, 0x00, 0x00, 0x00, 0x00, 0x00, 0x00, 0x00, 0x00, 0x00,
    0x00, 0x00, 0x00, 0x00, 0x00, 0x00, 0x00, 0x00, 0x00, 0x00, 0x00, 0x00, 0x00, 0x00, 0x00, 0x00, 0x00, 0x00, 0x00, 0x00,
    0x00, 0x00, 0x00, 0x00, 0x00, 0x00, 0x00, 0x00, 0x00, 0x00, 0x00, 0x00, 0x00, 0x00, 0x00, 0x00, 0x00, 0x00, 0x00, 0x00,
    0x00, 0x00, 0x00, 0x00, 0x00, 0x00, 0x00, 0x00, 0x00, 0x00, 0x00, 0x00, 0x00, 0x00, 0x00, 0x00, 0x00, 0x00, 0xa0, 0x18,
    0x23, 0xed, 0x45, 0xbd, 0x82, 0x23, 0xe2, 0x33, 0xc5, 0x7c, 0xa8, 0xb5, 0x88, 0x9d, 0x05, 0x6d, 0x26, 0x55, 0x4b, 0x7e,
    0x8c, 0x7e, 0xea, 0x55, 0xc9, 0x45, 0xa9, 0x3d, 0xa9, 0x3d, 0x89, 0x3d, 0x68, 0x35, 0x08, 0x2d, 0x86, 0x1c, 0xa3, 0x0b,
    0x2c, 0x66, 0xad, 0x76, 0x6c, 0x66, 0x6c, 0x66, 0xae, 0x76, 0xef, 0x86, 0x0f, 0x97, 0x30, 0x9f, 0x30, 0x9f, 0x50, 0xa7,
    0x50, 0xaf, 0x70, 0xb7, 0x71, 0xb7, 0x71, 0xbf, 0x91, 0xbf, 0x91, 0xbf, 0x92, 0xc7, 0x92, 0xc7, 0x92, 0xc7, 0x92, 0xc7,
    0x92, 0xcf, 0x92, 0xcf, 0x92, 0xcf, 0x92, 0xcf, 0x92, 0xcf, 0x92, 0xcf, 0x92, 0xc7, 0x92, 0xc7, 0x92, 0xc7, 0x92, 0xbf,
    0x71, 0xbf, 0x71, 0xb7, 0x50, 0xa7, 0x0f, 0x97, 0x0b, 0x5e, 0x07, 0x35, 0xcf, 0x86, 0xf0, 0x8e, 0xef, 0x8e, 0x10, 0x8f,
    0x30, 0x97, 0x52, 0xa7, 0x72, 0xaf, 0x92, 0xb7, 0x92, 0xbf, 0x92, 0xbf, 0x93, 0xc7, 0xb3, 0xcf, 0xb3, 0xcf, 0xb3, 0xcf,
    0xb3, 0xd7, 0xb4, 0xd7, 0xb4, 0xd7, 0xb4, 0xdf, 0xd4, 0xdf, 0xd5, 0xdf, 0xd5, 0xdf, 0xd5, 0xdf, 0xd5, 0xdf, 0xd4, 0xdf,
    0xb4, 0xd7, 0xb4, 0xd7, 0xb4, 0xd7, 0xb4, 0xd7, 0xb3, 0xcf, 0x93, 0xc7, 0x92, 0xbf, 0x51, 0xaf, 0x30, 0x9f, 0xce, 0x86,
    0x0a, 0x5e, 0x2a, 0x5e, 0x31, 0x97, 0x31, 0x97, 0x31, 0x97, 0x52, 0x9f, 0x73, 0xaf, 0x93, 0xb7, 0xb4, 0xbf, 0xb4, 0xc7,
    0xb4, 0xcf, 0xd5, 0xd7, 0xd6, 0xdf, 0xd6, 0xdf, 0xd5, 0xdf, 0xd7, 0xe7, 0xd9, 0xf7, 0xd9, 0xf7, 0xd9, 0xf7, 0xd9, 0xf7,
    0xdc, 0xff, 0xda, 0xef, 0xb5, 0xcf, 0xb4, 0xc7, 0xb4, 0xbf, 0xb4, 0xc7, 0xd5, 0xd7, 0xd0, 0x9e, 0xe6, 0x24, 0x4c, 0x5e,
    0xef, 0x8e, 0x30, 0x9f, 0x50, 0xa7, 0x50, 0xaf, 0x50, 0xaf, 0x51, 0xb7, 0x71, 0xb7, 0x51, 0xb7, 0x50, 0xaf, 0x50, 0xaf,
    0x2f, 0xa7, 0x0f, 0x9f, 0x0e, 0x97, 0x71, 0xaf, 0xea, 0x7d, 0x89, 0x95, 0x53, 0xff, 0x67, 0xfe, 0x21, 0x5a, 0x00, 0x00,
    0x00, 0x00, 0x00, 0x00, 0x00, 0x00, 0x00, 0x00, 0x00, 0x00, 0x00, 0x00, 0x00, 0x00, 0x00, 0x00, 0x00, 0x00, 0x00, 0x00,
    0x00, 0x00, 0x00, 0x00, 0x00, 0x00, 0x00, 0x00, 0x00, 0x00, 0x00, 0x00, 0x00, 0x00, 0x00, 0x00, 0x00, 0x00, 0x00, 0x00,
    0x00, 0x00, 0x00, 0x00, 0x00, 0x00, 0x00, 0x00, 0x00, 0x00, 0x00, 0x00, 0x00, 0x00, 0x00, 0x00, 0x00, 0x00, 0x00, 0x00,
    0x00, 0x00, 0x00, 0x00, 0x00, 0x00, 0x00, 0x00, 0x00, 0x00, 0x00, 0x00, 0x00, 0x00, 0x00, 0x00, 0x00, 0x00, 0x00, 0x00,
    0x00, 0x00, 0x00, 0x00, 0x00, 0x00, 0x00, 0x00, 0x00, 0x00, 0x00, 0x00, 0x00, 0x00, 0x00, 0x00, 0x00, 0x00, 0x00, 0x00,
    0x00, 0x00, 0x00, 0x00, 0x00, 0x00, 0x00, 0x00, 0x00, 0x00, 0x00, 0x00, 0x00, 0x00, 0x00, 0x00, 0x00, 0x00, 0x00, 0x00,
    0x20, 0x62, 0xa3, 0xfd, 0x61, 0x8b, 0x44, 0x9c, 0x6b, 0xf6, 0xce, 0xfe, 0x10, 0xff, 0xce, 0xfe, 0x0a, 0xc6, 0xe5, 0x5c,
    0xa8, 0x65, 0x6b, 0x7e, 0xc9, 0x4d, 0xa9, 0x3d, 0x89, 0x35, 0x68, 0x35, 0x48, 0x2d, 0xc7, 0x24, 0x25, 0x14, 0xc4, 0x13,
    0x6c, 0x6e, 0x6d, 0x6e, 0x4c, 0x5e, 0x4c, 0x5e, 0x8e, 0x6e, 0xcf, 0x86, 0xef, 0x8e, 0x10, 0x97, 0x30, 0x9f, 0x30, 0xa7,
    0x50, 0xaf, 0x50, 0xaf, 0x71, 0xb7, 0x71, 0xbf, 0x71, 0xbf, 0x71, 0xbf, 0x91, 0xbf, 0x92, 0xc7, 0x92, 0xc7, 0x92, 0xc7,
    0x92, 0xc7, 0x92, 0xc7, 0x92, 0xc7, 0x92, 0xc7, 0x92, 0xc7, 0x92, 0xc7, 0x92, 0xc7, 0x92, 0xc7, 0x72, 0xbf, 0x71, 0xbf,
    0x71, 0xb7, 0x50, 0xaf, 0x2f, 0x9f, 0xce, 0x86, 0x27, 0x35, 0xca, 0x4d, 0x10, 0x8f, 0xef, 0x86, 0xef, 0x86, 0x10, 0x8f,
    0x31, 0x9f, 0x52, 0xa7, 0x72, 0xaf, 0x72, 0xb7, 0x92, 0xbf, 0x92, 0xbf, 0x92, 0xc7, 0x93, 0xc7, 0xb3, 0xcf, 0xb3, 0xcf,
    0xb3, 0xcf, 0xb3, 0xd7, 0xb4, 0xd7, 0xb4, 0xd7, 0xd4, 0xdf, 0xd4, 0xdf, 0xd4, 0xdf, 0xd4, 0xdf, 0xd4, 0xdf, 0xd4, 0xdf,
    0xb4, 0xd7, 0xb4, 0xd7, 0xb4, 0xd7, 0xb4, 0xcf, 0xb3, 0xcf, 0x93, 0xc7, 0x72, 0xbf, 0x51, 0xaf, 0x0f, 0x9f, 0xad, 0x86,
    0x09, 0x5e, 0xce, 0x86, 0x31, 0x97, 0x10, 0x97, 0x31, 0x97, 0x52, 0xa7, 0x73, 0xaf, 0x93, 0xbf, 0xb4, 0xc7, 0xb4, 0xc7,
    0xb4, 0xcf, 0xb4, 0xcf, 0xd5, 0xd7, 0xd5, 0xdf, 0xd5, 0xdf, 0xd6, 0xe7, 0xd9, 0xf7, 0xd9, 0xf7, 0xd9, 0xf7, 0xd9, 0xf7,
    0xd9, 0xf7, 0xd9, 0xf7, 0xd6, 0xdf, 0xb4, 0xcf, 0xb4, 0xc7, 0x94, 0xbf, 0x94, 0xc7, 0xb5, 0xc7, 0xeb, 0x65, 0xe7, 0x24,
    0x8d, 0x6e, 0xef, 0x8e, 0x30, 0x9f, 0x30, 0xa7, 0x50, 0xa7, 0x50, 0xaf, 0x50, 0xaf, 0x50, 0xaf, 0x50, 0xa7, 0x2f, 0xa7,
    0x0f, 0x9f, 0xee, 0x96, 0xee, 0x8e, 0x50, 0xaf, 0xa9, 0x6d, 0x6a, 0x95, 0xec, 0xfe, 0x22, 0xac, 0x00, 0x00, 0x00, 0x00,
    0x00, 0x00, 0x00, 0x00, 0x00, 0x00, 0x00, 0x00, 0x00, 0x00, 0x00, 0x00, 0x00, 0x00, 0x00, 0x00, 0x00, 0x00, 0x00, 0x00,
    0x00, 0x00, 0x00, 0x00, 0x00, 0x00, 0x00, 0x00, 0x00, 0x00, 0x00, 0x00, 0x00, 0x00, 0x00, 0x00, 0x00, 0x00, 0x00, 0x00,
    0x00, 0x00, 0x00, 0x00, 0x00, 0x00, 0x00, 0x00, 0x00, 0x00, 0x00, 0x00, 0x00, 0x00, 0x00, 0x00, 0x00, 0x00, 0x00, 0x00,
    0x00, 0x00, 0x00, 0x00, 0x00, 0x00, 0x00, 0x00, 0x00, 0x00, 0x00, 0x00, 0x00, 0x00, 0x00, 0x00, 0x00, 0x00, 0x00, 0x00,
    0x00, 0x00, 0x00, 0x00, 0x00, 0x00, 0x00, 0x00, 0x00, 0x00, 0x00, 0x00, 0x00, 0x00, 0x00, 0x00, 0x00, 0x00, 0x00, 0x00,
    0x00, 0x00, 0x00, 0x00, 0x00, 0x00, 0x00, 0x00, 0x00, 0x00, 0x00, 0x00, 0x00, 0x00, 0x00, 0x00, 0x00, 0x00, 0x00, 0x00,
    0x00, 0x00, 0xc1, 0xab, 0xa1, 0xab, 0xea, 0xe5, 0x8c, 0xf6, 0x10, 0xff, 0x53, 0xff, 0x74, 0xff, 0xb7, 0xff, 0xf1, 0xf6,
    0x26, 0x75, 0x88, 0x55, 0x4b, 0x6e, 0xa9, 0x45, 0x68, 0x35, 0x48, 0x35, 0x27, 0x2d, 0xa6, 0x1c, 0x04, 0x0c, 0x45, 0x24,
    0x8d, 0x6e, 0x4c, 0x66, 0x2b, 0x56, 0x4c, 0x5e, 0x8d, 0x6e, 0xce, 0x7e, 0xef, 0x8e, 0x10, 0x97, 0x10, 0x97, 0x30, 0x9f,
    0x30, 0xa7, 0x50, 0xaf, 0x50, 0xaf, 0x71, 0xb7, 0x71, 0xb7, 0x71, 0xbf, 0x71, 0xbf, 0x91, 0xbf, 0x91, 0xbf, 0x91, 0xc7,
    0x91, 0xc7, 0x92, 0xc7, 0x92, 0xc7, 0x92, 0xc7, 0x92, 0xc7, 0x92, 0xc7, 0x92, 0xbf, 0x92, 0xbf, 0x71, 0xbf, 0x71, 0xb7,
    0x51, 0xaf, 0x30, 0xa7, 0x0f, 0x97, 0x4c, 0x66, 0xa5, 0x1c, 0x6d, 0x6e, 0xef, 0x86, 0xcf, 0x7e, 0xcf, 0x86, 0xf0, 0x8e,
    0x31, 0x9f, 0x72, 0xa7, 0x72, 0xaf, 0x72, 0xb7, 0x72, 0xb7, 0x92, 0xbf, 0x92, 0xc7, 0x92, 0xc7, 0x93, 0xcf, 0xb3, 0xcf,
    0xb3, 0xcf, 0xb3, 0xd7, 0xb3, 0xd7, 0xb4, 0xd7, 0xb4, 0xd7, 0xb4, 0xd7, 0xb4, 0xd7, 0xb4, 0xd7, 0xb4, 0xd7, 0xb4, 0xd7,
    0xb4, 0xd7, 0xb4, 0xd7, 0xb3, 0xcf, 0xb3, 0xcf, 0xb3, 0xc7, 0x92, 0xc7, 0x71, 0xbf, 0x50, 0xaf, 0x0f, 0x97, 0x4b, 0x76,
    0x2a, 0x6e, 0xf0, 0x86, 0xf0, 0x8e, 0x10, 0x8f, 0x31, 0x97, 0x52, 0xa7, 0x73, 0xb7, 0x93, 0xbf, 0xb3, 0xc7, 0xb4, 0xc7,
    0xb4, 0xcf, 0xb4, 0xd7, 0xd4, 0xd7, 0xd5, 0xdf, 0xd5, 0xdf, 0xd5, 0xdf, 0xd7, 0xe7, 0xd8, 0xef, 0xd9, 0xf7, 0xd9, 0xef,
    0xd9, 0xef, 0xd8, 0xef, 0xd6, 0xdf, 0xb4, 0xcf, 0xb4, 0xcf, 0x93, 0xbf, 0x93, 0xbf, 0x93, 0xbf, 0x73, 0xb7, 0xc7, 0x2c,
    0x89, 0x3d, 0xae, 0x76, 0x0f, 0x97, 0x0f, 0x9f, 0x2f, 0x9f, 0x2f, 0x9f, 0x2f, 0xa7, 0x2f, 0x9f, 0x2f, 0x9f, 0x0f, 0x9f,
    0xee, 0x8e, 0xce, 0x86, 0xee, 0x8e, 0x50, 0xaf, 0x27, 0x5d, 0x88, 0xad, 0xa4, 0xed, 0xe0, 0x20, 0x00, 0x00, 0x00, 0x00,
    0x00, 0x00, 0x00, 0x00, 0x00, 0x00, 0x00, 0x00, 0x00, 0x00, 0x00, 0x00, 0x00, 0x00, 0x00, 0x00, 0x00, 0x00, 0x00, 0x00,
    0x00, 0x00, 0x00, 0x00, 0x00, 0x00, 0x00, 0x00, 0x00, 0x00, 0x00, 0x00, 0x00, 0x00, 0x00, 0x00, 0x00, 0x00, 0x00, 0x00,
    0x00, 0x00, 0x00, 0x00, 0x00, 0x00, 0x00, 0x00, 0x00, 0x00, 0x00, 0x00, 0x00, 0x00, 0x00, 0x00, 0x00, 0x00, 0x00, 0x00,
    0x00, 0x00, 0x00, 0x00, 0x00, 0x00, 0x00, 0x00, 0x00, 0x00, 0x00, 0x00, 0x00, 0x00, 0x00, 0x00, 0x00, 0x00, 0x00, 0x00,
    0x00, 0x00, 0x00, 0x00, 0x00, 0x00, 0x00, 0x00, 0x00, 0x00, 0x00, 0x00, 0x00, 0x00, 0x00, 0x00, 0x00, 0x00, 0x00, 0x00,
    0x00, 0x00, 0x00, 0x00, 0x00, 0x00, 0x00, 0x00, 0x00, 0x00, 0x00, 0x00, 0x00, 0x00, 0x00, 0x00, 0x00, 0x00, 0x00, 0x00,
    0x00, 0x00, 0xa0, 0x18, 0xa1, 0xa3, 0x6c, 0xf6, 0x6b, 0xee, 0xef, 0xfe, 0x52, 0xff, 0x75, 0xff, 0xb8, 0xff, 0x74, 0xff,
    0x8d, 0xf6, 0xa5, 0x5c, 0xa8, 0x55, 0xc9, 0x55, 0x68, 0x3d, 0x68, 0x35, 0x27, 0x2d, 0xc7, 0x1c, 0xe4, 0x0b, 0xa6, 0x34,
    0x8d, 0x6e, 0x2b, 0x5e, 0x0b, 0x56, 0x4c, 0x5e, 0x8d, 0x6e, 0xce, 0x7e, 0xef, 0x86, 0x0f, 0x8f, 0x10, 0x97, 0x30, 0x9f,
    0x30, 0x9f, 0x50, 0xa7, 0x50, 0xaf, 0x70, 0xb7, 0x71, 0xb7, 0x71, 0xb7, 0x71, 0xbf, 0x71, 0xbf, 0x71, 0xbf, 0x71, 0xbf,
    0x71, 0xbf, 0x71, 0xbf, 0x91, 0xbf, 0x92, 0xbf, 0x92, 0xbf, 0x92, 0xbf, 0x72, 0xbf, 0x71, 0xbf, 0x71, 0xb7, 0x71, 0xb7,
    0x50, 0xaf, 0x10, 0x9f, 0xce, 0x86, 0x69, 0x45, 0xc6, 0x24, 0xae, 0x76, 0xcf, 0x7e, 0xce, 0x7e, 0xcf, 0x7e, 0x10, 0x8f,
    0x31, 0x9f, 0x51, 0xa7, 0x72, 0xaf, 0x72, 0xb7, 0x72, 0xb7, 0x92, 0xbf, 0x92, 0xbf, 0x92, 0xc7, 0x92, 0xc7, 0xb3, 0xcf,
    0xb3, 0xcf, 0xb3, 0xcf, 0xb3, 0xd7, 0xb3, 0xd7, 0xb3, 0xd7, 0xb3, 0xd7, 0xb3, 0xd7, 0xb3, 0xd7, 0xb3, 0xd7, 0xb3, 0xd7,
    0xb3, 0xd7, 0xb3, 0xcf, 0xb3, 0xcf, 0xb3, 0xcf, 0x92, 0xc7, 0x72, 0xbf, 0x71, 0xb7, 0x30, 0xaf, 0xee, 0x96, 0x09, 0x66,
    0x8d, 0x76, 0xef, 0x86, 0xef, 0x86, 0x10, 0x8f, 0x31, 0x97, 0x52, 0xa7, 0x72, 0xb7, 0x93, 0xbf, 0x93, 0xbf, 0xb4, 0xc7,
    0xb4, 0xcf, 0xb4, 0xcf, 0xb4, 0xd7, 0xb5, 0xd7, 0xd5, 0xdf, 0xd5, 0xdf, 0xd5, 0xdf, 0xd6, 0xe7, 0xd7, 0xef, 0xd8, 0xef,
    0xd7, 0xef, 0xd7, 0xe7, 0xd5, 0xdf, 0xb5, 0xd7, 0xb4, 0xcf, 0x93, 0xc7, 0x93, 0xbf, 0x73, 0xb7, 0xb4, 0xbf, 0x2d, 0x76,
    0x86, 0x1c, 0x4c, 0x5e, 0xce, 0x86, 0x0f, 0x8f, 0x0f, 0x97, 0x0f, 0x97, 0x0f, 0x97, 0x0f, 0x97, 0x0e, 0x97, 0xee, 0x8e,
    0xce, 0x86, 0xcd, 0x7e, 0xee, 0x8e, 0x30, 0xa7, 0xa5, 0x4c, 0x83, 0xcd, 0x61, 0x6a, 0x00, 0x00, 0x00, 0x00, 0x00, 0x00,
    0x00, 0x00, 0x00, 0x00, 0x00, 0x00, 0x00, 0x00, 0x00, 0x00, 0x00, 0x00, 0x00, 0x00, 0x00, 0x00, 0x00, 0x00, 0x00, 0x00,
    0x00, 0x00, 0x00, 0x00, 0x00, 0x00, 0x00, 0x00, 0x00, 0x00, 0x00, 0x00, 0x00, 0x00, 0x00, 0x00, 0x00, 0x00, 0x00, 0x00,
    0x00, 0x00, 0x00, 0x00, 0x00, 0x00, 0x00, 0x00, 0x00, 0x00, 0x00, 0x00, 0x00, 0x00, 0x00, 0x00, 0x00, 0x00, 0x00, 0x00,
    0x00, 0x00, 0x00, 0x00, 0x00, 0x00, 0x00, 0x00, 0x00, 0x00, 0x00, 0x00, 0x00, 0x00, 0x00, 0x00, 0x00, 0x00, 0x00, 0x00,
    0x00, 0x00, 0x00, 0x00, 0x00, 0x00, 0x00, 0x00, 0x00, 0x00, 0x00, 0x00, 0x00, 0x00, 0x00, 0x00, 0x00, 0x00, 0x00, 0x00,
    0x00, 0x00, 0x00, 0x00, 0x00, 0x00, 0x00, 0x00, 0x00, 0x00, 0x00, 0x00, 0x00, 0x00, 0x00, 0x00, 0x00, 0x00, 0x00, 0x00,
    0x00, 0x00, 0x00, 0x00, 0xc0, 0x7a, 0x0a, 0xee, 0x2a, 0xee, 0x6c, 0xf6, 0x10, 0xff, 0x52, 0xff, 0x52, 0xff, 0x11, 0xff,
    0xad, 0xfe, 0x88, 0xbd, 0x64, 0x34, 0xa8, 0x55, 0xa8, 0x4d, 0xa8, 0x45, 0x68, 0x3d, 0x47, 0x35, 0x04, 0x14, 0xc6, 0x3c,
    0x8c, 0x6e, 0x2b, 0x5e, 0x0b, 0x56, 0x2b, 0x56, 0x6d, 0x66, 0xae, 0x76, 0xce, 0x7e, 0xef, 0x86, 0x0f, 0x97, 0x30, 0x9f,
    0x30, 0x9f, 0x30, 0xa7, 0x50, 0xaf, 0x50, 0xaf, 0x70, 0xb7, 0x71, 0xb7, 0x71, 0xb7, 0x71, 0xb7, 0x71, 0xbf, 0x71, 0xbf,
    0x71, 0xbf, 0x71, 0xbf, 0x71, 0xbf, 0x71, 0xbf, 0x71, 0xbf, 0x71, 0xbf, 0x71, 0xb7, 0x71, 0xb7, 0x51, 0xaf, 0x51, 0xaf,
    0x30, 0xa7, 0x0f, 0x97, 0xad, 0x76, 0xc7, 0x24, 0x48, 0x3d, 0xce, 0x76, 0xae, 0x76, 0xae, 0x76, 0xcf, 0x7e, 0xf0, 0x8e,
    0x31, 0x97, 0x51, 0xa7, 0x51, 0xa7, 0x71, 0xaf, 0x71, 0xb7, 0x71, 0xbf, 0x92, 0xbf, 0x92, 0xc7, 0x92, 0xc7, 0x92, 0xc7,
    0x92, 0xcf, 0xb3, 0xcf, 0xb3, 0xcf, 0xb3, 0xcf, 0xb3, 0xcf, 0xb3, 0xcf, 0xb3, 0xcf, 0xb3, 0xcf, 0xb3, 0xcf, 0xb3, 0xcf,
    0xb3, 0xcf, 0x93, 0xcf, 0x92, 0xc7, 0x92, 0xc7, 0x92, 0xc7, 0x71, 0xbf, 0x71, 0xb7, 0x30, 0xa7, 0xad, 0x8e, 0xe8, 0x5d,
    0xae, 0x76, 0xcf, 0x7e, 0xcf, 0x7e, 0x10, 0x8f, 0x31, 0x97, 0x52, 0xa7, 0x72, 0xb7, 0x92, 0xb7, 0x93, 0xbf, 0x93, 0xc7,
    0xb3, 0xc7, 0xb4, 0xcf, 0xb4, 0xd7, 0xb4, 0xd7, 0xb4, 0xd7, 0xd5, 0xdf, 0xd5, 0xdf, 0xd5, 0xdf, 0xd5, 0xdf, 0xd5, 0xdf,
    0xd5, 0xdf, 0xd5, 0xd7, 0xb5, 0xd7, 0xb4, 0xd7, 0xb4, 0xcf, 0x93, 0xc7, 0x93, 0xbf, 0x72, 0xb7, 0x72, 0xb7, 0x52, 0xaf,
    0xa6, 0x24, 0xaa, 0x3d, 0xae, 0x6e, 0xce, 0x7e, 0xee, 0x86, 0xee, 0x8e, 0xee, 0x8e, 0xee, 0x8e, 0xce, 0x86, 0xce, 0x7e,
    0xad, 0x76, 0xad, 0x76, 0xee, 0x8e, 0xce, 0x96, 0x62, 0x4c, 0x02, 0xa4, 0x20, 0x00, 0x00, 0x00, 0x00, 0x00, 0x00, 0x00,
    0x00, 0x00, 0x00, 0x00, 0x00, 0x00, 0x00, 0x00, 0x00, 0x00, 0x00, 0x00, 0x00, 0x00, 0x00, 0x00, 0x00, 0x00, 0x00, 0x00,
    0x00, 0x00, 0x00, 0x00, 0x00, 0x00, 0x00, 0x00, 0x00, 0x00, 0x00, 0x00, 0x00, 0x00, 0x00, 0x00, 0x00, 0x00, 0x00, 0x00,
    0x00, 0x00, 0x00, 0x00, 0x00, 0x00, 0x00, 0x00, 0x00, 0x00, 0x00, 0x00, 0x00, 0x00, 0x00, 0x00, 0x00, 0x00, 0x00, 0x00,
    0x00, 0x00, 0x00, 0x00, 0x00, 0x00, 0x00, 0x00, 0x00, 0x00, 0x00, 0x00, 0x00, 0x00, 0x00, 0x00, 0x00, 0x00, 0x00, 0x00,
    0x00, 0x00, 0x00, 0x00, 0x00, 0x00, 0x00, 0x00, 0x00, 0x00, 0x00, 0x00, 0x00, 0x00, 0x00, 0x00, 0x00, 0x00, 0x00, 0x00,
    0x00, 0x00, 0x00, 0x00, 0x00, 0x00, 0x00, 0x00, 0x00, 0x00, 0x00, 0x00, 0x00, 0x00, 0x00, 0x00, 0x00, 0x00, 0x00, 0x00,
    0x00, 0x00, 0x00, 0x00, 0x60, 0x41, 0x83, 0xbc, 0x4a, 0xee, 0x09, 0xe6, 0x6c, 0xee, 0xce, 0xf6, 0xce, 0xf6, 0xad, 0xf6,
    0x4b, 0xee, 0x2a, 0xe6, 0xe3, 0x43, 0xa8, 0x55, 0x49, 0x6e, 0x09, 0x66, 0xc8, 0x55, 0xa8, 0x4d, 0x64, 0x24, 0xc6, 0x3c,
    0x8c, 0x76, 0x2b, 0x5e, 0x0b, 0x56, 0x0b, 0x56, 0x4c, 0x5e, 0x8d, 0x6e, 0xae, 0x76, 0xce, 0x7e, 0xef, 0x8e, 0x10, 0x97,
    0x30, 0x9f, 0x30, 0xa7, 0x50, 0xa7, 0x50, 0xaf, 0x50, 0xaf, 0x50, 0xaf, 0x50, 0xb7, 0x71, 0xb7, 0x71, 0xb7, 0x71, 0xb7,
    0x71, 0xb7, 0x71, 0xb7, 0x71, 0xb7, 0x71, 0xb7, 0x71, 0xb7, 0x71, 0xb7, 0x51, 0xb7, 0x51, 0xaf, 0x50, 0xaf, 0x30, 0xa7,
    0x30, 0x9f, 0xef, 0x8e, 0x4c, 0x66, 0x45, 0x14, 0xaa, 0x4d, 0xae, 0x76, 0x8e, 0x6e, 0xae, 0x6e, 0xcf, 0x7e, 0xf0, 0x8e,
    0x10, 0x97, 0x31, 0x9f, 0x51, 0xa7, 0x51, 0xaf, 0x71, 0xb7, 0x71, 0xb7, 0x71, 0xbf, 0x92, 0xbf, 0x92, 0xc7, 0x92, 0xc7,
    0x92, 0xc7, 0x92, 0xc7, 0x92, 0xcf, 0x92, 0xcf, 0x92, 0xcf, 0x92, 0xcf, 0x92, 0xcf, 0x92, 0xcf, 0x92, 0xcf, 0xb3, 0xcf,
    0x93, 0xcf, 0x92, 0xc7, 0x92, 0xc7, 0x92, 0xc7, 0x71, 0xbf, 0x71, 0xbf, 0x50, 0xb7, 0x0f, 0x9f, 0x4b, 0x76, 0xe9, 0x5d,
    0xaf, 0x7e, 0xaf, 0x76, 0xcf, 0x7e, 0x10, 0x87, 0x31, 0x9f, 0x52, 0xa7, 0x72, 0xaf, 0x72, 0xb7, 0x92, 0xbf, 0x93, 0xbf,
    0x93, 0xc7, 0xb3, 0xcf, 0xb3, 0xcf, 0xb4, 0xcf, 0xb4, 0xd7, 0xb4, 0xd7, 0xd5, 0xd7, 0xb4, 0xd7, 0xd5, 0xd7, 0xd5, 0xd7,
    0xb5, 0xd7, 0xb4, 0xd7, 0xb4, 0xd7, 0xb4, 0xcf, 0xb4, 0xc7, 0x93, 0xc7, 0x93, 0xbf, 0x72, 0xb7, 0x52, 0xaf, 0x93, 0xb7,
    0xab, 0x5d, 0xc7, 0x24, 0x6d, 0x5e, 0x8e, 0x76, 0xae, 0x76, 0xae, 0x7e, 0xce, 0x7e, 0xae, 0x7e, 0xad, 0x76, 0x8d, 0x6e,
    0x8d, 0x6e, 0x8d, 0x76, 0x0f, 0x97, 0x2b, 0x76, 0xc1, 0x4b, 0xc0, 0x20, 0x00, 0x00, 0x00, 0x00, 0x00, 0x00, 0x00, 0x00,
    0x00, 0x00, 0x00, 0x00, 0x00, 0x00, 0x00, 0x00, 0x00, 0x00, 0x00, 0x00, 0x00, 0x00, 0x00, 0x00, 0x00, 0x00, 0x00, 0x00,
    0x00, 0x00, 0x00, 0x00, 0x00, 0x00, 0x00, 0x00, 0x00, 0x00, 0x00, 0x00, 0x00, 0x00, 0x00, 0x00, 0x00, 0x00, 0x00, 0x00,
    0x00, 0x00, 0x00, 0x00, 0x00, 0x00, 0x00, 0x00, 0x00, 0x00, 0x00, 0x00, 0x00, 0x00, 0x00, 0x00, 0x00, 0x00, 0x00, 0x00,
    0x00, 0x00, 0x00, 0x00, 0x00, 0x00, 0x00, 0x00, 0x00, 0x00, 0x00, 0x00, 0x00, 0x00, 0x00, 0x00, 0x00, 0x00, 0x00, 0x00,
    0x00, 0x00, 0x00, 0x00, 0x00, 0x00, 0x00, 0x00, 0x00, 0x00, 0x00, 0x00, 0x00, 0x00, 0x00, 0x00, 0x00, 0x00, 0x00, 0x00,
    0x00, 0x00, 0x00, 0x00, 0x00, 0x00, 0x00, 0x00, 0x00, 0x00, 0x00, 0x00, 0x00, 0x00, 0x00, 0x00, 0x00, 0x00, 0x00, 0x00,
    0x00, 0x00, 0x00, 0x00, 0x00, 0x00, 0x20, 0x62, 0xe5, 0xcc, 0x8c, 0xf6, 0x4a, 0xee, 0x09, 0xe6, 0x0a, 0xe6, 0x2a, 0xe6,
    0x4b, 0xee, 0x27, 0xcd, 0xc0, 0x39, 0x43, 0x23, 0x26, 0x4d, 0xa7, 0x5d, 0xc8, 0x5d, 0x87, 0x4d, 0x44, 0x24, 0xc6, 0x34,
    0x8c, 0x76, 0x2b, 0x5e, 0x0b, 0x4e, 0x0b, 0x56, 0x2c, 0x5e, 0x6d, 0x66, 0xae, 0x6e, 0xce, 0x7e, 0xef, 0x86, 0x0f, 0x8f,
    0x10, 0x97, 0x30, 0x9f, 0x30, 0xa7, 0x50, 0xa7, 0x50, 0xa7, 0x50, 0xaf, 0x50, 0xaf, 0x51, 0xaf, 0x51, 0xb7, 0x51, 0xb7,
    0x51, 0xb7, 0x71, 0xb7, 0x51, 0xb7, 0x51, 0xb7, 0x51, 0xaf, 0x51, 0xaf, 0x50, 0xaf, 0x50, 0xa7, 0x30, 0xa7, 0x30, 0x9f,
    0x10, 0x97, 0xae, 0x7e, 0xca, 0x4d, 0xe4, 0x0b, 0x0c, 0x5e, 0x8e, 0x76, 0x8e, 0x6e, 0x8d, 0x6e, 0xae, 0x76, 0xef, 0x86,
    0x10, 0x97, 0x30, 0x9f, 0x51, 0xa7, 0x51, 0xaf, 0x71, 0xaf, 0x71, 0xb7, 0x71, 0xb7, 0x71, 0xbf, 0x91, 0xbf, 0x92, 0xc7,
    0x92, 0xc7, 0x92, 0xc7, 0x92, 0xc7, 0x92, 0xcf, 0x92, 0xcf, 0x92, 0xcf, 0x92, 0xcf, 0x92, 0xcf, 0x92, 0xcf, 0x92, 0xcf,
    0x92, 0xc7, 0x92, 0xc7, 0x92, 0xbf, 0x91, 0xbf, 0x71, 0xbf, 0x71, 0xb7, 0x50, 0xaf, 0xee, 0x96, 0xe9, 0x5d, 0x0a, 0x5e,
    0xaf, 0x76, 0xae, 0x76, 0xcf, 0x7e, 0x10, 0x87, 0x31, 0x9f, 0x52, 0xa7, 0x72, 0xaf, 0x72, 0xb7, 0x72, 0xb7, 0x92, 0xbf,
    0x93, 0xc7, 0xb3, 0xc7, 0xb3, 0xc7, 0xb3, 0xcf, 0xb3, 0xcf, 0xb4, 0xcf, 0xb4, 0xd7, 0xb4, 0xd7, 0xb4, 0xd7, 0xb4, 0xd7,
    0xb4, 0xcf, 0xb4, 0xcf, 0xb4, 0xcf, 0xb3, 0xcf, 0xb3, 0xc7, 0x93, 0xbf, 0x72, 0xbf, 0x51, 0xaf, 0x51, 0xa7, 0x72, 0xb7,
    0xaf, 0x8e, 0x66, 0x14, 0xcb, 0x45, 0x4c, 0x5e, 0x8d, 0x6e, 0x8d, 0x6e, 0x8d, 0x76, 0x8d, 0x6e, 0x8d, 0x6e, 0x6d, 0x66,
    0x6c, 0x66, 0xad, 0x7e, 0x0f, 0x9f, 0x06, 0x55, 0x80, 0x11, 0x00, 0x00, 0x00, 0x00, 0x00, 0x00, 0x00, 0x00, 0x00, 0x00,
    0x00, 0x00, 0x00, 0x00, 0x00, 0x00, 0x00, 0x00, 0x00, 0x00, 0x00, 0x00, 0x00, 0x00, 0x00, 0x00, 0x00, 0x00, 0x00, 0x00,
    0x00, 0x00, 0x00, 0x00, 0x00, 0x00, 0x00, 0x00, 0x00, 0x00, 0x00, 0x00, 0x00, 0x00, 0x00, 0x00, 0x00, 0x00, 0x00, 0x00,
    0x00, 0x00, 0x00, 0x00, 0x00, 0x00, 0x00, 0x00, 0x00, 0x00, 0x00, 0x00, 0x00, 0x00, 0x00, 0x00, 0x00, 0x00, 0x00, 0x00,
    0x00, 0x00, 0x00, 0x00, 0x00, 0x00, 0x00, 0x00, 0x00, 0x00, 0x00, 0x00, 0x00, 0x00, 0x00, 0x00, 0x00, 0x00, 0x00, 0x00,
    0x00, 0x00, 0x00, 0x00, 0x00, 0x00, 0x00, 0x00, 0x00, 0x00, 0x00, 0x00, 0x00, 0x00, 0x00, 0x00, 0x00, 0x00, 0x00, 0x00,
    0x00, 0x00, 0x00, 0x00, 0x00, 0x00, 0x00, 0x00, 0x00, 0x00, 0x00, 0x00, 0x00, 0x00, 0x00, 0x00, 0x00, 0x00, 0x00, 0x00,
    0x00, 0x00, 0x00, 0x00, 0x00, 0x00, 0x40, 0x08, 0x20, 0x62, 0x43, 0xb4, 0x07, 0xc5, 0x87, 0xd5, 0xea, 0xe5, 0xea, 0xe5,
    0xc5, 0xc4, 0x20, 0x93, 0xc2, 0x9b, 0x62, 0x6b, 0x61, 0x43, 0xa1, 0x33, 0xe2, 0x2b, 0xc1, 0x12, 0x20, 0x01, 0x25, 0x2c,
    0xac, 0x7e, 0x2b, 0x5e, 0xea, 0x4d, 0x0b, 0x4e, 0x2c, 0x56, 0x4c, 0x5e, 0x8d, 0x6e, 0xae, 0x76, 0xce, 0x7e, 0xef, 0x86,
    0x0f, 0x97, 0x30, 0x9f, 0x30, 0x9f, 0x30, 0x9f, 0x50, 0xa7, 0x50, 0xa7, 0x50, 0xaf, 0x50, 0xaf, 0x50, 0xaf, 0x51, 0xaf,
    0x51, 0xaf, 0x50, 0xaf, 0x50, 0xaf, 0x51, 0xaf, 0x51, 0xaf, 0x50, 0xaf, 0x50, 0xa7, 0x30, 0xa7, 0x30, 0x9f, 0x10, 0x97,
    0xef, 0x8e, 0x6d, 0x6e, 0x49, 0x3d, 0xc4, 0x0b, 0x4d, 0x66, 0x8e, 0x6e, 0x6d, 0x66, 0x8d, 0x66, 0xae, 0x76, 0xcf, 0x86,
    0x10, 0x8f, 0x30, 0x97, 0x30, 0x9f, 0x51, 0xa7, 0x51, 0xaf, 0x51, 0xb7, 0x71, 0xb7, 0x71, 0xbf, 0x71, 0xbf, 0x71, 0xbf,
    0x91, 0xc7, 0x92, 0xc7, 0x92, 0xc7, 0x92, 0xc7, 0x92, 0xc7, 0x92, 0xc7, 0x92, 0xc7, 0x92, 0xc7, 0x92, 0xc7, 0x92, 0xc7,
    0x92, 0xc7, 0x92, 0xc7, 0x72, 0xbf, 0x71, 0xbf, 0x71, 0xb7, 0x50, 0xb7, 0x2f, 0xa7, 0xad, 0x86, 0x87, 0x4d, 0x2b, 0x66,
    0xae, 0x76, 0x8e, 0x6e, 0xcf, 0x76, 0xf0, 0x86, 0x31, 0x97, 0x51, 0xa7, 0x52, 0xaf, 0x72, 0xb7, 0x72, 0xb7, 0x92, 0xbf,
    0x92, 0xbf, 0x92, 0xc7, 0x92, 0xc7, 0xb3, 0xc7, 0xb3, 0xcf, 0xb3, 0xcf, 0xb3, 0xcf, 0xb3, 0xcf, 0xb3, 0xcf, 0xb3, 0xcf,
    0xb3, 0xcf, 0xb3, 0xcf, 0xb3, 0xc7, 0x93, 0xc7, 0x93, 0xc7, 0x92, 0xbf, 0x72, 0xb7, 0x51, 0xaf, 0x31, 0xa7, 0x51, 0xaf,
    0x51, 0xaf, 0xa7, 0x24, 0x29, 0x2d, 0xeb, 0x4d, 0x4c, 0x5e, 0x6c, 0x66, 0x6d, 0x66, 0x6c, 0x66, 0x4c, 0x5e, 0x4c, 0x5e,
    0x6d, 0x6e, 0xef, 0x8e, 0x6d, 0x86, 0x62, 0x2b, 0x20, 0x00, 0x00, 0x00, 0x00, 0x00, 0x00, 0x00, 0x00, 0x00, 0x00, 0x00,
    0x00, 0x00, 0x00, 0x00, 0x00, 0x00, 0x00, 0x00, 0x00, 0x00, 0x00, 0x00, 0x00, 0x00, 0x00, 0x00, 0x00, 0x00, 0x00, 0x00,
    0x00, 0x00, 0x00, 0x00, 0x00, 0x00, 0x00, 0x00, 0x00, 0x00, 0x00, 0x00, 0x00, 0x00, 0x00, 0x00, 0x00, 0x00, 0x00, 0x00,
    0x00, 0x00, 0x00, 0x00, 0x00, 0x00, 0x00, 0x00, 0x00, 0x00, 0x00, 0x00, 0x00, 0x00, 0x00, 0x00, 0x00, 0x00, 0x00, 0x00,
    0x00, 0x00, 0x00, 0x00, 0x00, 0x00, 0x00, 0x00, 0x00, 0x00, 0x00, 0x00, 0x00, 0x00, 0x00, 0x00, 0x00, 0x00, 0x00, 0x00,
    0x00, 0x00, 0x00, 0x00, 0x00, 0x00, 0x00, 0x00, 0x00, 0x00, 0x00, 0x00, 0x00, 0x00, 0x00, 0x00, 0x00, 0x00, 0x00, 0x00,
    0x00, 0x00, 0x00, 0x00, 0x00, 0x00, 0x00, 0x00, 0x00, 0x00, 0x00, 0x00, 0x00, 0x00, 0x00, 0x00, 0x00, 0x00, 0x00, 0x00,
    0x00, 0x00, 0x00, 0x00, 0x00, 0x00, 0x00, 0x00, 0x00, 0x00, 0xa0, 0x7a, 0x21, 0xc4, 0xe2, 0xab, 0xe2, 0xab, 0x02, 0xb4,
    0x02, 0xb4, 0xa4, 0xc4, 0x26, 0xdd, 0x26, 0xdd, 0x05, 0xd5, 0x05, 0xcd, 0xc4, 0xbc, 0x43, 0xac, 0x22, 0x73, 0xc3, 0x23,
    0x6b, 0x76, 0x2b, 0x66, 0xea, 0x4d, 0xeb, 0x4d, 0x0b, 0x4e, 0x2c, 0x5e, 0x6d, 0x66, 0x8d, 0x6e, 0xae, 0x76, 0xcf, 0x86,
    0xef, 0x8e, 0x10, 0x97, 0x10, 0x97, 0x30, 0x9f, 0x30, 0x9f, 0x30, 0x9f, 0x30, 0xa7, 0x50, 0xa7, 0x50, 0xa7, 0x50, 0xa7,
    0x50, 0xaf, 0x50, 0xaf, 0x50, 0xaf, 0x50, 0xa7, 0x50, 0xa7, 0x30, 0xa7, 0x30, 0xa7, 0x30, 0x9f, 0x0f, 0x97, 0xef, 0x8e,
    0xce, 0x7e, 0x2c, 0x5e, 0x08, 0x2d, 0xe4, 0x13, 0x6d, 0x66, 0x8d, 0x6e, 0x6d, 0x66, 0x6d, 0x66, 0x8d, 0x6e, 0xcf, 0x7e,
    0xef, 0x8e, 0x10, 0x97, 0x30, 0x9f, 0x30, 0xa7, 0x50, 0xaf, 0x50, 0xaf, 0x51, 0xb7, 0x71, 0xb7, 0x71, 0xbf, 0x71, 0xbf,
    0x71, 0xbf, 0x91, 0xbf, 0x91, 0xc7, 0x92, 0xc7, 0x92, 0xc7, 0x92, 0xc7, 0x92, 0xc7, 0x92, 0xc7, 0x92, 0xc7, 0x92, 0xc7,
    0x71, 0xbf, 0x71, 0xbf, 0x71, 0xbf, 0x71, 0xb7, 0x50, 0xb7, 0x50, 0xaf, 0x0e, 0x9f, 0x8c, 0x7e, 0x67, 0x45, 0x4c, 0x6e,
    0xae, 0x76, 0x8e, 0x6e, 0xae, 0x76, 0xef, 0x86, 0x30, 0x97, 0x51, 0x9f, 0x51, 0xa7, 0x72, 0xaf, 0x72, 0xb7, 0x72, 0xb7,
    0x92, 0xbf, 0x92, 0xbf, 0x92, 0xbf, 0x92, 0xc7, 0x92, 0xc7, 0x92, 0xc7, 0x92, 0xc7, 0x93, 0xc7, 0x93, 0xc7, 0x93, 0xc7,
    0x93, 0xc7, 0x93, 0xc7, 0x92, 0xc7, 0x92, 0xbf, 0x92, 0xbf, 0x72, 0xb7, 0x71, 0xaf, 0x51, 0xa7, 0x30, 0x9f, 0x31, 0xa7,
    0x92, 0xb7, 0x28, 0x3d, 0x86, 0x14, 0xaa, 0x3d, 0x0b, 0x4e, 0x0c, 0x56, 0x2c, 0x56, 0x2c, 0x56, 0x2c, 0x56, 0x4c, 0x5e,
    0xad, 0x7e, 0xef, 0x96, 0xe6, 0x4c, 0x80, 0x09, 0x00, 0x00, 0x00, 0x00, 0x00, 0x00, 0x00, 0x00, 0x00, 0x00, 0x00, 0x00,
    0x00, 0x00, 0x00, 0x00, 0x00, 0x00, 0x00, 0x00, 0x00, 0x00, 0x00, 0x00, 0x00, 0x00, 0x00, 0x00, 0x00, 0x00, 0x00, 0x00,
    0x00, 0x00, 0x00, 0x00, 0x00, 0x00, 0x00, 0x00, 0x00, 0x00, 0x00, 0x00, 0x00, 0x00, 0x00, 0x00, 0x00, 0x00, 0x00, 0x00,
    0x00, 0x00, 0x00, 0x00, 0x00, 0x00, 0x00, 0x00, 0x00, 0x00, 0x00, 0x00, 0x00, 0x00, 0x00, 0x00, 0x00, 0x00, 0x00, 0x00,
    0x00, 0x00, 0x00, 0x00, 0x00, 0x00, 0x00, 0x00, 0x00, 0x00, 0x00, 0x00, 0x00, 0x00, 0x00, 0x00, 0x00, 0x00, 0x00, 0x00,
    0x00, 0x00, 0x00, 0x00, 0x00, 0x00, 0x00, 0x00, 0x00, 0x00, 0x00, 0x00, 0x00, 0x00, 0x00, 0x00, 0x00, 0x00, 0x00, 0x00,
    0x00, 0x00, 0x00, 0x00, 0x00, 0x00, 0x00, 0x00, 0x00, 0x00, 0x00, 0x00, 0x00, 0x00, 0x00, 0x00, 0x00, 0x00, 0x00, 0x00,
    0x00, 0x00, 0x00, 0x00, 0x00, 0x00, 0x00, 0x00, 0x00, 0x00, 0x40, 0x08, 0x61, 0xc4, 0x07, 0xfe, 0xe9, 0xed, 0xc8, 0xe5,
    0xa8, 0xe5, 0x87, 0xdd, 0x87, 0xdd, 0x87, 0xdd, 0x47, 0xdd, 0x26, 0xd5, 0xe5, 0xd4, 0xc5, 0xd4, 0xa4, 0xc4, 0xe3, 0x2b,
    0x2a, 0x6e, 0x4a, 0x6e, 0x0a, 0x56, 0xea, 0x45, 0xeb, 0x45, 0x0b, 0x56, 0x4c, 0x5e, 0x6d, 0x66, 0xad, 0x76, 0xce, 0x7e,
    0xce, 0x86, 0xef, 0x8e, 0x0f, 0x8f, 0x0f, 0x97, 0x0f, 0x97, 0x30, 0x9f, 0x30, 0x9f, 0x30, 0xa7, 0x30, 0xa7, 0x30, 0xa7,
    0x50, 0xa7, 0x30, 0xa7, 0x30, 0xa7, 0x30, 0xa7, 0x30, 0x9f, 0x30, 0x9f, 0x10, 0x9f, 0x0f, 0x97, 0xef, 0x8e, 0xcf, 0x7e,
    0x8d, 0x6e, 0xeb, 0x4d, 0xa7, 0x24, 0x04, 0x1c, 0x6d, 0x66, 0x6d, 0x66, 0x4d, 0x5e, 0x6d, 0x5e, 0x8d, 0x6e, 0xce, 0x7e,
    0xef, 0x8e, 0x10, 0x8f, 0x10, 0x97, 0x30, 0x9f, 0x50, 0xa7, 0x50, 0xaf, 0x50, 0xaf, 0x50, 0xb7, 0x70, 0xb7, 0x70, 0xb7,
    0x71, 0xbf, 0x71, 0xbf, 0x71, 0xbf, 0x91, 0xbf, 0x91, 0xc7, 0x91, 0xc7, 0x91, 0xc7, 0x91, 0xbf, 0x91, 0xbf, 0x71, 0xbf,
    0x71, 0xbf, 0x71, 0xbf, 0x71, 0xbf, 0x50, 0xb7, 0x50, 0xaf, 0x2f, 0xa7, 0xee, 0x96, 0x6c, 0x76, 0x26, 0x3d, 0x6d, 0x6e,
    0x8e, 0x6e, 0x6d, 0x66, 0xae, 0x6e, 0xef, 0x7e, 0x10, 0x8f, 0x31, 0x9f, 0x51, 0xa7, 0x51, 0xaf, 0x72, 0xaf, 0x72, 0xb7,
    0x71, 0xb7, 0x72, 0xbf, 0x92, 0xbf, 0x92, 0xbf, 0x92, 0xbf, 0x92, 0xc7, 0x92, 0xc7, 0x92, 0xc7, 0x92, 0xc7, 0x92, 0xc7,
    0x92, 0xc7, 0x92, 0xbf, 0x92, 0xbf, 0x92, 0xbf, 0x72, 0xb7, 0x71, 0xb7, 0x51, 0xaf, 0x30, 0xa7, 0x30, 0x9f, 0x30, 0x9f,
    0x92, 0xb7, 0x6a, 0x55, 0x25, 0x0c, 0x89, 0x35, 0xca, 0x3d, 0xeb, 0x45, 0xeb, 0x4d, 0x0b, 0x4e, 0x2b, 0x56, 0x6c, 0x6e,
    0xce, 0x8e, 0xa9, 0x65, 0xe1, 0x1a, 0x20, 0x00, 0x00, 0x00, 0x00, 0x00, 0x00, 0x00, 0x00, 0x00, 0x00, 0x00, 0x00, 0x00,
    0x00, 0x00, 0x00, 0x00, 0x00, 0x00, 0x00, 0x00, 0x00, 0x00, 0x00, 0x00, 0x00, 0x00, 0x00, 0x00, 0x00, 0x00, 0x00, 0x00,
    0x00, 0x00, 0x00, 0x00, 0x00, 0x00, 0x00, 0x00, 0x00, 0x00, 0x00, 0x00, 0x00, 0x00, 0x00, 0x00, 0x00, 0x00, 0x00, 0x00,
    0x00, 0x00, 0x00, 0x00, 0x00, 0x00, 0x00, 0x00, 0x00, 0x00, 0x00, 0x00, 0x00, 0x00, 0x00, 0x00, 0x00, 0x00, 0x00, 0x00,
    0x00, 0x00, 0x00, 0x00, 0x00, 0x00, 0x00, 0x00, 0x00, 0x00, 0x00, 0x00, 0x00, 0x00, 0x00, 0x00, 0x00, 0x00, 0x00, 0x00,
    0x00, 0x00, 0x00, 0x00, 0x00, 0x00, 0x00, 0x00, 0x00, 0x00, 0x00, 0x00, 0x00, 0x00, 0x00, 0x00, 0x00, 0x00, 0x00, 0x00,
    0x00, 0x00, 0x00, 0x00, 0x00, 0x00, 0x00, 0x00, 0x00, 0x00, 0x00, 0x00, 0x00, 0x00, 0x00, 0x00, 0x00, 0x00, 0x00, 0x00,
    0x00, 0x00, 0x00, 0x00, 0x00, 0x00, 0x00, 0x00, 0x00, 0x00, 0x00, 0x00, 0x00, 0x29, 0xe1, 0xdc, 0x29, 0xfe, 0x2b, 0xf6,
    0xe9, 0xed, 0xe9, 0xed, 0xe9, 0xed, 0xe9, 0xed, 0xc8, 0xe5, 0x88, 0xe5, 0x67, 0xdd, 0x26, 0xdd, 0x05, 0xdd, 0x22, 0x4c,
    0xa8, 0x55, 0x4a, 0x6e, 0x0a, 0x5e, 0xea, 0x45, 0xea, 0x45, 0xeb, 0x4d, 0x2c, 0x56, 0x4c, 0x5e, 0x8d, 0x6e, 0xad, 0x76,
    0xae, 0x7e, 0xcf, 0x86, 0xef, 0x8e, 0xef, 0x8e, 0x0f, 0x97, 0x0f, 0x97, 0x0f, 0x9f, 0x2f, 0x9f, 0x30, 0x9f, 0x30, 0x9f,
    0x30, 0x9f, 0x30, 0x9f, 0x30, 0x9f, 0x30, 0x9f, 0x10, 0x97, 0x10, 0x97, 0x0f, 0x97, 0xef, 0x8e, 0xcf, 0x7e, 0xae, 0x76,
    0x4d, 0x5e, 0xca, 0x3d, 0x86, 0x1c, 0x04, 0x1c, 0x4c, 0x66, 0x6d, 0x66, 0x4c, 0x56, 0x4d, 0x56, 0x8d, 0x66, 0xce, 0x76,
    0xef, 0x86, 0xef, 0x8e, 0x0f, 0x97, 0x30, 0x9f, 0x30, 0xa7, 0x50, 0xa7, 0x50, 0xaf, 0x50, 0xaf, 0x50, 0xb7, 0x50, 0xb7,
    0x70, 0xb7, 0x70, 0xbf, 0x71, 0xbf, 0x71, 0xbf, 0x71, 0xbf, 0x71, 0xbf, 0x71, 0xbf, 0x71, 0xbf, 0x71, 0xbf, 0x71, 0xbf,
    0x71, 0xbf, 0x71, 0xbf, 0x50, 0xb7, 0x50, 0xb7, 0x2f, 0xaf, 0x2f, 0xa7, 0xee, 0x8e, 0x2b, 0x66, 0xe6, 0x34, 0x6d, 0x6e,
    0x8e, 0x6e, 0x6d, 0x66, 0x8e, 0x6e, 0xce, 0x7e, 0xf0, 0x8e, 0x10, 0x97, 0x31, 0x9f, 0x51, 0xa7, 0x51, 0xaf, 0x51, 0xaf,
    0x71, 0xb7, 0x71, 0xb7, 0x71, 0xb7, 0x92, 0xbf, 0x92, 0xbf, 0x92, 0xbf, 0x92, 0xbf, 0x92, 0xbf, 0x92, 0xbf, 0x92, 0xbf,
    0x92, 0xbf, 0x72, 0xbf, 0x72, 0xbf, 0x71, 0xb7, 0x71, 0xb7, 0x51, 0xaf, 0x30, 0xa7, 0x30, 0x9f, 0x10, 0x97, 0x0f, 0x97,
    0x71, 0xaf, 0xab, 0x65, 0xe5, 0x0b, 0x49, 0x2d, 0xa9, 0x3d, 0xca, 0x3d, 0xea, 0x45, 0x0b, 0x56, 0x6c, 0x6e, 0xae, 0x86,
    0xea, 0x6d, 0x61, 0x23, 0x80, 0x00, 0x00, 0x00, 0x00, 0x00, 0x00, 0x00, 0x00, 0x00, 0x00, 0x00, 0x00, 0x00, 0x00, 0x00,
    0x00, 0x00, 0x00, 0x00, 0x00, 0x00, 0x00, 0x00, 0x00, 0x00, 0x00, 0x00, 0x00, 0x00, 0x00, 0x00, 0x00, 0x00, 0x00, 0x00,
    0x00, 0x00, 0x00, 0x00, 0x00, 0x00, 0x00, 0x00, 0x00, 0x00, 0x00, 0x00, 0x00, 0x00, 0x00, 0x00, 0x00, 0x00, 0x00, 0x00,
    0x00, 0x00, 0x00, 0x00, 0x00, 0x00, 0x00, 0x00, 0x00, 0x00, 0x00, 0x00, 0x00, 0x00, 0x00, 0x00, 0x00, 0x00, 0x00, 0x00,
    0x00, 0x00, 0x00, 0x00, 0x00, 0x00, 0x00, 0x00, 0x00, 0x00, 0x00, 0x00, 0x00, 0x00, 0x00, 0x00, 0x00, 0x00, 0x00, 0x00,
    0x00, 0x00, 0x00, 0x00, 0x00, 0x00, 0x00, 0x00, 0x00, 0x00, 0x00, 0x00, 0x00, 0x00, 0x00, 0x00, 0x00, 0x00, 0x00, 0x00,
    0x00, 0x00, 0x00, 0x00, 0x00, 0x00, 0x00, 0x00, 0x00, 0x00, 0x00, 0x00, 0x00, 0x00, 0x00, 0x00, 0x00, 0x00, 0x00, 0x00,
    0x00, 0x00, 0x00, 0x00, 0x00, 0x00, 0x00, 0x00, 0x00, 0x00, 0x00, 0x00, 0x00, 0x00, 0x80, 0x41, 0xa3, 0xf5, 0xad, 0xfe,
    0xae, 0xfe, 0x6c, 0xf6, 0x2b, 0xf6, 0x0a, 0xee, 0xe9, 0xed, 0xe9, 0xed, 0xc8, 0xed, 0x88, 0xe5, 0x87, 0xe5, 0x84, 0x84,
    0xc5, 0x3c, 0x4a, 0x76, 0x09, 0x66, 0xe9, 0x4d, 0xea, 0x45, 0xea, 0x45, 0x0b, 0x4e, 0x2c, 0x56, 0x6c, 0x66, 0x8d, 0x6e,
    0xad, 0x76, 0xce, 0x7e, 0xce, 0x86, 0xef, 0x8e, 0xef, 0x8e, 0xef, 0x8e, 0x0f, 0x97, 0x0f, 0x97, 0x0f, 0x97, 0x0f, 0x97,
    0x0f, 0x97, 0x10, 0x97, 0x10, 0x97, 0x10, 0x97, 0x10, 0x8f, 0xef, 0x8e, 0xef, 0x86, 0xcf, 0x7e, 0xae, 0x76, 0x8e, 0x6e,
    0x2c, 0x56, 0x8a, 0x35, 0x66, 0x14, 0xe4, 0x1b, 0x4c, 0x66, 0x4c, 0x5e, 0x2c, 0x56, 0x4c, 0x56, 0x6d, 0x66, 0xae, 0x76,
    0xcf, 0x7e, 0xef, 0x8e, 0x0f, 0x8f, 0x0f, 0x97, 0x30, 0x9f, 0x30, 0xa7, 0x30, 0xa7, 0x50, 0xaf, 0x50, 0xaf, 0x50, 0xaf,
    0x50, 0xb7, 0x70, 0xb7, 0x70, 0xb7, 0x50, 0xb7, 0x70, 0xb7, 0x70, 0xbf, 0x70, 0xbf, 0x70, 0xbf, 0x70, 0xbf, 0x70, 0xb7,
    0x70, 0xb7, 0x50, 0xb7, 0x50, 0xb7, 0x4f, 0xaf, 0x2f, 0xa7, 0x0e, 0x9f, 0xcd, 0x86, 0xea, 0x55, 0xa6, 0x24, 0x6c, 0x6e,
    0x8d, 0x6e, 0x6d, 0x5e, 0x6d, 0x66, 0xae, 0x76, 0xef, 0x86, 0x10, 0x8f, 0x30, 0x9f, 0x31, 0xa7, 0x51, 0xa7, 0x51, 0xaf,
    0x51, 0xaf, 0x51, 0xaf, 0x71, 0xb7, 0x71, 0xb7, 0x71, 0xb7, 0x71, 0xb7, 0x71, 0xb7, 0x71, 0xb7, 0x71, 0xb7, 0x71, 0xb7,
    0x71, 0xb7, 0x71, 0xb7, 0x71, 0xb7, 0x71, 0xaf, 0x51, 0xaf, 0x30, 0xa7, 0x30, 0x9f, 0x30, 0x97, 0x0f, 0x8f, 0x0f, 0x8f,
    0x51, 0xa7, 0xab, 0x65, 0xc4, 0x0b, 0x49, 0x2d, 0xa9, 0x35, 0xca, 0x45, 0x0a, 0x56, 0x4c, 0x6e, 0xad, 0x86, 0xc9, 0x65,
    0xa2, 0x23, 0xc0, 0x08, 0x00, 0x00, 0x00, 0x00, 0x00, 0x00, 0x00, 0x00, 0x00, 0x00, 0x00, 0x00, 0x00, 0x00, 0x00, 0x00,
    0x00, 0x00, 0x00, 0x00, 0x00, 0x00, 0x00, 0x00, 0x00, 0x00, 0x00, 0x00, 0x00, 0x00, 0x00, 0x00, 0x00, 0x00, 0x00, 0x00,
    0x00, 0x00, 0x00, 0x00, 0x00, 0x00, 0x00, 0x00, 0x00, 0x00, 0x00, 0x00, 0x00, 0x00, 0x00, 0x00, 0x00, 0x00, 0x00, 0x00,
    0x00, 0x00, 0x00, 0x00, 0x00, 0x00, 0x00, 0x00, 0x00, 0x00, 0x00, 0x00, 0x00, 0x00, 0x00, 0x00, 0x00, 0x00, 0x00, 0x00,
    0x00, 0x00, 0x00, 0x00, 0x00, 0x00, 0x00, 0x00, 0x00, 0x00, 0x00, 0x00, 0x00, 0x00, 0x00, 0x00, 0x00, 0x00, 0x00, 0x00,
    0x00, 0x00, 0x00, 0x00, 0x00, 0x00, 0x00, 0x00, 0x00, 0x00, 0x00, 0x00, 0x00, 0x00, 0x00, 0x00, 0x00, 0x00, 0x00, 0x00,
    0x00, 0x00, 0x00, 0x00, 0x00, 0x00, 0x00, 0x00, 0x00, 0x00, 0x00, 0x00, 0x00, 0x00, 0x00, 0x00, 0x00, 0x00, 0x00, 0x00,
    0x00, 0x00, 0x00, 0x00, 0x00, 0x00, 0x00, 0x00, 0x00, 0x00, 0x00, 0x00, 0x00, 0x00, 0x00, 0x00, 0x40, 0x62, 0x25, 0xfe,
    0xef, 0xfe, 0xd0, 0xfe, 0x8d, 0xfe, 0x6c, 0xf6, 0x4c, 0xf6, 0x2b, 0xf6, 0x0a, 0xf6, 0xe9, 0xed, 0xc8, 0xed, 0x26, 0xbd,
    0x02, 0x2c, 0x29, 0x76, 0x49, 0x76, 0x09, 0x5e, 0xe9, 0x4d, 0xca, 0x45, 0xea, 0x4d, 0x0b, 0x56, 0x4c, 0x5e, 0x6d, 0x66,
    0x8d, 0x6e, 0xae, 0x76, 0xce, 0x7e, 0xce, 0x86, 0xce, 0x86, 0xce, 0x86, 0xef, 0x8e, 0xef, 0x8e, 0xef, 0x8e, 0xef, 0x8e,
    0xef, 0x8e, 0x0f, 0x8f, 0x0f, 0x8f, 0xef, 0x86, 0xef, 0x86, 0xcf, 0x7e, 0xcf, 0x7e, 0xae, 0x76, 0x8e, 0x6e, 0x6d, 0x5e,
    0xeb, 0x45, 0x49, 0x2d, 0x46, 0x0c, 0xc3, 0x13, 0x2b, 0x66, 0x4c, 0x66, 0x2c, 0x56, 0x2c, 0x4e, 0x4d, 0x5e, 0x8d, 0x6e,
    0xce, 0x76, 0xef, 0x86, 0xef, 0x8e, 0x0f, 0x8f, 0x0f, 0x97, 0x2f, 0x9f, 0x2f, 0xa7, 0x30, 0xa7, 0x50, 0xaf, 0x50, 0xaf,
    0x50, 0xaf, 0x50, 0xb7, 0x50, 0xb7, 0x50, 0xb7, 0x50, 0xb7, 0x50, 0xb7, 0x50, 0xb7, 0x50, 0xb7, 0x50, 0xb7, 0x50, 0xb7,
    0x50, 0xb7, 0x50, 0xaf, 0x50, 0xaf, 0x2f, 0xaf, 0x2f, 0xa7, 0x0e, 0x97, 0x8c, 0x7e, 0xa9, 0x4d, 0x65, 0x1c, 0x2c, 0x66,
    0x6d, 0x6e, 0x2c, 0x5e, 0x4d, 0x5e, 0x8d, 0x66, 0xce, 0x7e, 0xef, 0x86, 0x10, 0x97, 0x30, 0x9f, 0x30, 0x9f, 0x31, 0xa7,
    0x51, 0xa7, 0x51, 0xaf, 0x51, 0xaf, 0x51, 0xaf, 0x71, 0xb7, 0x71, 0xb7, 0x71, 0xb7, 0x71, 0xb7, 0x71, 0xb7, 0x71, 0xb7,
    0x71, 0xb7, 0x51, 0xaf, 0x51, 0xaf, 0x51, 0xa7, 0x30, 0xa7, 0x30, 0x9f, 0x30, 0x9f, 0x0f, 0x8f, 0xef, 0x86, 0xef, 0x8e,
    0x51, 0xa7, 0xab, 0x65, 0xc4, 0x0b, 0x69, 0x35, 0xc9, 0x45, 0x2a, 0x5e, 0x6c, 0x76, 0x6c, 0x76, 0x47, 0x4d, 0x81, 0x2b,
    0xa0, 0x08, 0x00, 0x00, 0x00, 0x00, 0x00, 0x00, 0x00, 0x00, 0x00, 0x00, 0x00, 0x00, 0x00, 0x00, 0x00, 0x00, 0x00, 0x00,
    0x00, 0x00, 0x00, 0x00, 0x00, 0x00, 0x00, 0x00, 0x00, 0x00, 0x00, 0x00, 0x00, 0x00, 0x00, 0x00, 0x00, 0x00, 0x00, 0x00,
    0x00, 0x00, 0x00, 0x00, 0x00, 0x00, 0x00, 0x00, 0x00, 0x00, 0x00, 0x00, 0x00, 0x00, 0x00, 0x00, 0x00, 0x00, 0x00, 0x00,
    0x00, 0x00, 0x00, 0x00, 0x00, 0x00, 0x00, 0x00, 0x00, 0x00, 0x00, 0x00, 0x00, 0x00, 0x00, 0x00, 0x00, 0x00, 0x00, 0x00,
    0x00, 0x00, 0x00, 0x00, 0x00, 0x00, 0x00, 0x00, 0x00, 0x00, 0x00, 0x00, 0x00, 0x00, 0x00, 0x00, 0x00, 0x00, 0x00, 0x00,
    0x00, 0x00, 0x00, 0x00, 0x00, 0x00, 0x00, 0x00, 0x00, 0x00, 0x00, 0x00, 0x00, 0x00, 0x00, 0x00, 0x00, 0x00, 0x00, 0x00,
    0x00, 0x00, 0x00, 0x00, 0x00, 0x00, 0x00, 0x00, 0x00, 0x00, 0x00, 0x00, 0x00, 0x00, 0x00, 0x00, 0x00, 0x00, 0x00, 0x00,
    0x00, 0x00, 0x00, 0x00, 0x00, 0x00, 0x00, 0x00, 0x00, 0x00, 0x00, 0x00, 0x00, 0x00, 0x00, 0x00, 0x00, 0x00, 0xe1, 0x7a,
    0x26, 0xfe, 0xf0, 0xfe, 0xf0, 0xfe, 0xcf, 0xfe, 0xcf, 0xfe, 0xae, 0xfe, 0x6c, 0xfe, 0x2b, 0xf6, 0xe9, 0xed, 0xc8, 0xed,
    0x02, 0x54, 0x06, 0x4d, 0x6a, 0x7e, 0x29, 0x6e, 0xe9, 0x4d, 0xc9, 0x4d, 0xea, 0x4d, 0xea, 0x4d, 0x2b, 0x56, 0x4c, 0x5e,
    0x6d, 0x66, 0x8d, 0x6e, 0xad, 0x76, 0xae, 0x7e, 0xce, 0x7e, 0xce, 0x7e, 0xce, 0x86, 0xcf, 0x86, 0xef, 0x86, 0xef, 0x86,
    0xef, 0x86, 0xef, 0x86, 0xef, 0x86, 0xef, 0x7e, 0xcf, 0x7e, 0xae, 0x76, 0xae, 0x76, 0x8e, 0x6e, 0x6d, 0x66, 0x2c, 0x56,
    0xab, 0x3d, 0x08, 0x25, 0x46, 0x0c, 0xa3, 0x0b, 0x0a, 0x5e, 0x4b, 0x66, 0x0b, 0x56, 0x0b, 0x4e, 0x2c, 0x56, 0x6d, 0x66,
    0xae, 0x76, 0xce, 0x7e, 0xef, 0x86, 0xef, 0x8e, 0x0f, 0x97, 0x0f, 0x9f, 0x0f, 0x9f, 0x2f, 0xa7, 0x2f, 0xa7, 0x4f, 0xaf,
    0x4f, 0xaf, 0x2f, 0xaf, 0x4f, 0xaf, 0x2f, 0xaf, 0x2f, 0xaf, 0x2f, 0xaf, 0x4f, 0xaf, 0x50, 0xaf, 0x50, 0xaf, 0x50, 0xaf,
    0x4f, 0xaf, 0x4f, 0xaf, 0x2f, 0xa7, 0x2f, 0xa7, 0x0e, 0x9f, 0xee, 0x8e, 0x8c, 0x76, 0xa9, 0x45, 0x45, 0x14, 0xea, 0x55,
    0x8d, 0x6e, 0x2c, 0x56, 0x2c, 0x56, 0x6d, 0x5e, 0x8e, 0x6e, 0xcf, 0x7e, 0x10, 0x8f, 0x10, 0x97, 0x30, 0x9f, 0x30, 0x9f,
    0x30, 0xa7, 0x50, 0xa7, 0x50, 0xa7, 0x51, 0xaf, 0x51, 0xaf, 0x51, 0xaf, 0x51, 0xaf, 0x51, 0xaf, 0x51, 0xaf, 0x51, 0xaf,
    0x51, 0xaf, 0x51, 0xaf, 0x51, 0xa7, 0x30, 0xa7, 0x30, 0x9f, 0x10, 0x97, 0x0f, 0x97, 0xef, 0x8e, 0xce, 0x7e, 0xef, 0x86,
    0x51, 0xa7, 0x49, 0x55, 0x65, 0x14, 0xca, 0x4d, 0x0a, 0x5e, 0x0a, 0x66, 0x68, 0x4d, 0x43, 0x34, 0x00, 0x6c, 0x00, 0x29,
    0x00, 0x00, 0x00, 0x00, 0x00, 0x00, 0x00, 0x00, 0x00, 0x00, 0x00, 0x00, 0x00, 0x00, 0x00, 0x00, 0x00, 0x00, 0x00, 0x00,
    0x00, 0x00, 0x00, 0x00, 0x00, 0x00, 0x00, 0x00, 0x00, 0x00, 0x00, 0x00, 0x00, 0x00, 0x00, 0x00, 0x00, 0x00, 0x00, 0x00,
    0x00, 0x00, 0x00, 0x00, 0x00, 0x00, 0x00, 0x00, 0x00, 0x00, 0x00, 0x00, 0x00, 0x00, 0x00, 0x00, 0x00, 0x00, 0x00, 0x00,
    0x00, 0x00, 0x00, 0x00, 0x00, 0x00, 0x00, 0x00, 0x00, 0x00, 0x00, 0x00, 0x00, 0x00, 0x00, 0x00, 0x00, 0x00, 0x00, 0x00,
    0x00, 0x00, 0x00, 0x00, 0x00, 0x00, 0x00, 0x00, 0x00, 0x00, 0x00, 0x00, 0x00, 0x00, 0x00, 0x00, 0x00, 0x00, 0x00, 0x00,
    0x00, 0x00, 0x00, 0x00, 0x00, 0x00, 0x00, 0x00, 0x00, 0x00, 0x00, 0x00, 0x00, 0x00, 0x00, 0x00, 0x00, 0x00, 0x00, 0x00,
    0x00, 0x00, 0x00, 0x00, 0x00, 0x00, 0x00, 0x00, 0x00, 0x00, 0x00, 0x00, 0x00, 0x00, 0x00, 0x00, 0x00, 0x00, 0x00, 0x00,
    0x00, 0x00, 0x00, 0x00, 0x00, 0x00, 0x00, 0x00, 0x00, 0x00, 0x00, 0x00, 0x00, 0x00, 0x00, 0x00, 0x00, 0x00, 0x00, 0x00,
    0x21, 0x8b, 0x67, 0xfe, 0x31, 0xff, 0x11, 0xff, 0xf0, 0xfe, 0xcf, 0xfe, 0xae, 0xfe, 0x6c, 0xf6, 0x2a, 0xf6, 0x09, 0xf6,
    0x06, 0xad, 0xe2, 0x2b, 0x29, 0x76, 0x4a, 0x76, 0x09, 0x66, 0xe9, 0x4d, 0xe9, 0x4d, 0xea, 0x4d, 0x0a, 0x56, 0x0b, 0x56,
    0x4c, 0x5e, 0x4c, 0x66, 0x6c, 0x66, 0x8d, 0x6e, 0xad, 0x76, 0xae, 0x76, 0xae, 0x76, 0xce, 0x7e, 0xce, 0x7e, 0xce, 0x7e,
    0xce, 0x7e, 0xce, 0x76, 0xce, 0x76, 0xae, 0x76, 0xae, 0x76, 0x8e, 0x6e, 0x8e, 0x66, 0x6e, 0x66, 0x4d, 0x5e, 0x0c, 0x4e,
    0x8a, 0x35, 0xe8, 0x1c, 0x67, 0x0c, 0x83, 0x0b, 0xca, 0x5d, 0x4b, 0x66, 0x0b, 0x56, 0xea, 0x4d, 0x0b, 0x4e, 0x4c, 0x5e,
    0x6d, 0x66, 0xae, 0x76, 0xce, 0x7e, 0xee, 0x86, 0xee, 0x8e, 0x0e, 0x97, 0x0f, 0x9f, 0x0f, 0x9f, 0x2f, 0xa7, 0x2f, 0xa7,
    0x2f, 0xa7, 0x2f, 0xaf, 0x2f, 0xaf, 0x2f, 0xaf, 0x2f, 0xaf, 0x2f, 0xaf, 0x2f, 0xaf, 0x2f, 0xaf, 0x2f, 0xaf, 0x2f, 0xaf,
    0x2f, 0xa7, 0x2f, 0xa7, 0x2f, 0xa7, 0x0e, 0x9f, 0x0e, 0x97, 0xcd, 0x86, 0x6c, 0x6e, 0xa9, 0x45, 0x45, 0x14, 0x89, 0x4d,
    0x8c, 0x76, 0x2c, 0x5e, 0x2c, 0x56, 0x2c, 0x56, 0x6d, 0x66, 0xaf, 0x76, 0xcf, 0x86, 0x10, 0x8f, 0x10, 0x97, 0x10, 0x9f,
    0x30, 0x9f, 0x30, 0xa7, 0x30, 0xa7, 0x50, 0xa7, 0x50, 0xa7, 0x50, 0xa7, 0x50, 0xa7, 0x50, 0xa7, 0x51, 0xa7, 0x51, 0xa7,
    0x30, 0xa7, 0x30, 0x9f, 0x30, 0x9f, 0x10, 0x97, 0x10, 0x97, 0x10, 0x8f, 0xef, 0x8e, 0xcf, 0x86, 0xce, 0x7e, 0xef, 0x86,
    0x30, 0x9f, 0x86, 0x3c, 0x63, 0x0b, 0x45, 0x24, 0xe3, 0x1b, 0xe3, 0x23, 0x83, 0x64, 0xe0, 0xcc, 0x20, 0x62, 0x00, 0x00,
    0x00, 0x00, 0x00, 0x00, 0x00, 0x00, 0x00, 0x00, 0x00, 0x00, 0x00, 0x00, 0x00, 0x00, 0x00, 0x00, 0x00, 0x00, 0x00, 0x00,
    0x00, 0x00, 0x00, 0x00, 0x00, 0x00, 0x00, 0x00, 0x00, 0x00, 0x00, 0x00, 0x00, 0x00, 0x00, 0x00, 0x00, 0x00, 0x00, 0x00,
    0x00, 0x00, 0x00, 0x00, 0x00, 0x00, 0x00, 0x00, 0x00, 0x00, 0x00, 0x00, 0x00, 0x00, 0x00, 0x00, 0x00, 0x00, 0x00, 0x00,
    0x00, 0x00, 0x00, 0x00, 0x00, 0x00, 0x00, 0x00, 0x00, 0x00, 0x00, 0x00, 0x00, 0x00, 0x00, 0x00, 0x00, 0x00, 0x00, 0x00,
    0x00, 0x00, 0x00, 0x00, 0x00, 0x00, 0x00, 0x00, 0x00, 0x00, 0x00, 0x00, 0x00, 0x00, 0x00, 0x00, 0x00, 0x00, 0x00, 0x00,
    0x00, 0x00, 0x00, 0x00, 0x00, 0x00, 0x00, 0x00, 0x00, 0x00, 0x00, 0x00, 0x00, 0x00, 0x00, 0x00, 0x00, 0x00, 0x00, 0x00,
    0x00, 0x00, 0x00, 0x00, 0x00, 0x00, 0x00, 0x00, 0x00, 0x00, 0x00, 0x00, 0x00, 0x00, 0x00, 0x00, 0x00, 0x00, 0x00, 0x00,
    0x00, 0x00, 0x00, 0x00, 0x00, 0x00, 0x00, 0x00, 0x00, 0x00, 0x00, 0x00, 0x00, 0x00, 0x00, 0x00, 0x00, 0x00, 0x00, 0x00,
    0x00, 0x00, 0x81, 0x9b, 0x88, 0xfe, 0x32, 0xff, 0x32, 0xff, 0x11, 0xff, 0xef, 0xfe, 0xad, 0xfe, 0x4b, 0xf6, 0x0a, 0xf6,
    0xe9, 0xed, 0x43, 0x64, 0x05, 0x4d, 0x8b, 0x86, 0x49, 0x76, 0x09, 0x5e, 0xe9, 0x55, 0xe9, 0x4d, 0xe9, 0x4d, 0xea, 0x4d,
    0x0b, 0x56, 0x2b, 0x5e, 0x4c, 0x5e, 0x6c, 0x66, 0x6d, 0x66, 0x8d, 0x6e, 0x8d, 0x6e, 0x8d, 0x76, 0xae, 0x76, 0xae, 0x76,
    0xae, 0x6e, 0x8e, 0x6e, 0x8e, 0x6e, 0x8e, 0x6e, 0x6e, 0x66, 0x6e, 0x66, 0x6d, 0x5e, 0x4d, 0x56, 0x2c, 0x4e, 0xeb, 0x45,
    0x69, 0x2d, 0xe8, 0x1c, 0x87, 0x0c, 0x63, 0x03, 0x68, 0x4d, 0x4a, 0x66, 0x0a, 0x56, 0xea, 0x4d, 0x0b, 0x4e, 0x2b, 0x56,
    0x4c, 0x5e, 0x8d, 0x6e, 0xae, 0x76, 0xce, 0x7e, 0xee, 0x86, 0xee, 0x8e, 0xee, 0x96, 0x0e, 0x97, 0x0e, 0x9f, 0x2f, 0x9f,
    0x2f, 0xa7, 0x2f, 0xa7, 0x2f, 0xa7, 0x2f, 0xa7, 0x2f, 0xa7, 0x2f, 0xa7, 0x2f, 0xa7, 0x2f, 0xa7, 0x2f, 0xa7, 0x2f, 0xa7,
    0x2f, 0xa7, 0x0f, 0xa7, 0x0e, 0x9f, 0xee, 0x96, 0xee, 0x8e, 0xad, 0x7e, 0x4b, 0x66, 0x89, 0x3d, 0x45, 0x14, 0xe7, 0x34,
    0x6c, 0x6e, 0x2b, 0x5e, 0x0b, 0x4e, 0x0c, 0x4e, 0x4d, 0x56, 0x8e, 0x6e, 0xaf, 0x76, 0xef, 0x86, 0xef, 0x8e, 0x0f, 0x97,
    0x10, 0x97, 0x30, 0x9f, 0x30, 0x9f, 0x30, 0x9f, 0x30, 0x9f, 0x30, 0x9f, 0x30, 0xa7, 0x30, 0xa7, 0x30, 0x9f, 0x30, 0x9f,
    0x30, 0x9f, 0x10, 0x97, 0x10, 0x97, 0x0f, 0x8f, 0xef, 0x8e, 0xef, 0x86, 0xce, 0x7e, 0xae, 0x76, 0xae, 0x76, 0xef, 0x8e,
    0x0f, 0x97, 0xc4, 0x1b, 0xc0, 0x21, 0x61, 0x4b, 0x03, 0x7c, 0x26, 0xc5, 0x63, 0xf5, 0x80, 0x7a, 0x00, 0x00, 0x00, 0x00,
    0x00, 0x00, 0x00, 0x00, 0x00, 0x00, 0x00, 0x00, 0x00, 0x00, 0x00, 0x00, 0x00, 0x00, 0x00, 0x00, 0x00, 0x00, 0x00, 0x00,
    0x00, 0x00, 0x00, 0x00, 0x00, 0x00, 0x00, 0x00, 0x00, 0x00, 0x00, 0x00, 0x00, 0x00, 0x00, 0x00, 0x00, 0x00, 0x00, 0x00,
    0x00, 0x00, 0x00, 0x00, 0x00, 0x00, 0x00, 0x00, 0x00, 0x00, 0x00, 0x00, 0x00, 0x00, 0x00, 0x00, 0x00, 0x00, 0x00, 0x00,
    0x00, 0x00, 0x00, 0x00, 0x00, 0x00, 0x00, 0x00, 0x00, 0x00, 0x00, 0x00, 0x00, 0x00, 0x00, 0x00, 0x00, 0x00, 0x00, 0x00,
    0x00, 0x00, 0x00, 0x00, 0x00, 0x00, 0x00, 0x00, 0x00, 0x00, 0x00, 0x00, 0x00, 0x00, 0x00, 0x00, 0x00, 0x00, 0x00, 0x00,
    0x00, 0x00, 0x00, 0x00, 0x00, 0x00, 0x00, 0x00, 0x00, 0x00, 0x00, 0x00, 0x00, 0x00, 0x00, 0x00, 0x00, 0x00, 0x00, 0x00,
    0x00, 0x00, 0x00, 0x00, 0x00, 0x00, 0x00, 0x00, 0x00, 0x00, 0x00, 0x00, 0x00, 0x00, 0x00, 0x00, 0x00, 0x00, 0x00, 0x00,
    0x00, 0x00, 0x00, 0x00, 0x00, 0x00, 0x00, 0x00, 0x00, 0x00, 0x00, 0x00, 0x00, 0x00, 0x00, 0x00, 0x00, 0x00, 0x00, 0x00,
    0x00, 0x00, 0x20, 0x00, 0x81, 0x9b, 0x88, 0xfe, 0x32, 0xff, 0x32, 0xff, 0x11, 0xff, 0xcf, 0xfe, 0x8d, 0xfe, 0x4b, 0xf6,
    0x2a, 0xf6, 0x88, 0xcd, 0xe1, 0x33, 0xe8, 0x6d, 0x6a, 0x7e, 0x09, 0x6e, 0xe8, 0x5d, 0xe9, 0x55, 0xe9, 0x55, 0xe9, 0x4d,
    0xea, 0x55, 0x0b, 0x56, 0x2b, 0x56, 0x2c, 0x5e, 0x4c, 0x5e, 0x6c, 0x66, 0x6d, 0x66, 0x6d, 0x66, 0x6d, 0x66, 0x8d, 0x6e,
    0x8d, 0x6e, 0x8d, 0x66, 0x6d, 0x66, 0x6d, 0x5e, 0x6d, 0x5e, 0x4d, 0x5e, 0x4d, 0x56, 0x2c, 0x4e, 0xec, 0x45, 0xaa, 0x35,
    0x29, 0x25, 0xe8, 0x1c, 0xa7, 0x14, 0x83, 0x03, 0xe6, 0x3c, 0x4a, 0x6e, 0x2a, 0x5e, 0xea, 0x4d, 0xea, 0x4d, 0xea, 0x4d,
    0x2b, 0x56, 0x6d, 0x66, 0x8d, 0x6e, 0xad, 0x76, 0xcd, 0x7e, 0xcd, 0x86, 0xee, 0x8e, 0xee, 0x96, 0x0e, 0x97, 0x0e, 0x9f,
    0x0e, 0x9f, 0x2e, 0x9f, 0x2f, 0xa7, 0x2e, 0xa7, 0x0e, 0xa7, 0x0e, 0xa7, 0x0e, 0xa7, 0x2e, 0xa7, 0x2f, 0xa7, 0x2f, 0x9f,
    0x0f, 0x9f, 0x0e, 0x9f, 0xee, 0x96, 0xee, 0x8e, 0xcd, 0x86, 0x8c, 0x7e, 0x2b, 0x66, 0x89, 0x3d, 0x66, 0x14, 0x45, 0x1c,
    0x4b, 0x6e, 0x4b, 0x66, 0x0b, 0x4e, 0x0b, 0x4e, 0x2c, 0x56, 0x4d, 0x5e, 0x8e, 0x6e, 0xae, 0x76, 0xce, 0x7e, 0xef, 0x86,
    0xef, 0x8e, 0x0f, 0x97, 0x0f, 0x97, 0x10, 0x97, 0x10, 0x97, 0x30, 0x97, 0x30, 0x9f, 0x10, 0x9f, 0x10, 0x97, 0x10, 0x97,
    0x0f, 0x97, 0xef, 0x8e, 0xef, 0x8e, 0xef, 0x86, 0xef, 0x86, 0xce, 0x7e, 0xae, 0x76, 0x8e, 0x6e, 0xae, 0x76, 0x0f, 0x8f,
    0x4d, 0x7e, 0xa2, 0x33, 0xa4, 0xc4, 0x47, 0xdd, 0x88, 0xe5, 0x63, 0xf5, 0xc0, 0x7a, 0x00, 0x00, 0x00, 0x00, 0x00, 0x00,
    0x00, 0x00, 0x00, 0x00, 0x00, 0x00, 0x00, 0x00, 0x00, 0x00, 0x00, 0x00, 0x00, 0x00, 0x00, 0x00, 0x00, 0x00, 0x00, 0x00,
    0x00, 0x00, 0x00, 0x00, 0x00, 0x00, 0x00, 0x00, 0x00, 0x00, 0x00, 0x00, 0x00, 0x00, 0x00, 0x00, 0x00, 0x00, 0x00, 0x00,
    0x00, 0x00, 0x00, 0x00, 0x00, 0x00, 0x00, 0x00, 0x00, 0x00, 0x00, 0x00, 0x00, 0x00, 0x00, 0x00, 0x00, 0x00, 0x00, 0x00,
    0x00, 0x00, 0x00, 0x00, 0x00, 0x00, 0x00, 0x00, 0x00, 0x00, 0x00, 0x00, 0x00, 0x00, 0x00, 0x00, 0x00, 0x00, 0x00, 0x00,
    0x00, 0x00, 0x00, 0x00, 0x00, 0x00, 0x00, 0x00, 0x00, 0x00, 0x00, 0x00, 0x00, 0x00, 0x00, 0x00, 0x00, 0x00, 0x00, 0x00,
    0x00, 0x00, 0x00, 0x00, 0x00, 0x00, 0x00, 0x00, 0x00, 0x00, 0x00, 0x00, 0x00, 0x00, 0x00, 0x00, 0x00, 0x00, 0x00, 0x00,
    0x00, 0x00, 0x00, 0x00, 0x00, 0x00, 0x00, 0x00, 0x00, 0x00, 0x00, 0x00, 0x00, 0x00, 0x00, 0x00, 0x00, 0x00, 0x00, 0x00,
    0x00, 0x00, 0x00, 0x00, 0x00, 0x00, 0x00, 0x00, 0x00, 0x00, 0x00, 0x00, 0x00, 0x00, 0x00, 0x00, 0x00, 0x00, 0x00, 0x00,
    0x00, 0x00, 0x00, 0x00, 0x20, 0x00, 0x61, 0x93, 0x67, 0xfe, 0x31, 0xff, 0x32, 0xff, 0x11, 0xff, 0xce, 0xfe, 0x6c, 0xfe,
    0x2b, 0xf6, 0x2a, 0xfe, 0xe5, 0x9c, 0x22, 0x2c, 0x29, 0x7e, 0x49, 0x7e, 0x28, 0x6e, 0xe8, 0x65, 0xe8, 0x55, 0xe9, 0x55,
    0xe9, 0x55, 0xea, 0x55, 0x0a, 0x56, 0x0a, 0x56, 0x0b, 0x56, 0x2b, 0x56, 0x4c, 0x5e, 0x4c, 0x5e, 0x4c, 0x5e, 0x4c, 0x5e,
    0x4d, 0x5e, 0x4d, 0x5e, 0x4d, 0x5e, 0x2c, 0x56, 0x2c, 0x56, 0x2c, 0x4e, 0x0c, 0x4e, 0xeb, 0x45, 0xcb, 0x3d, 0x8a, 0x2d,
    0x29, 0x25, 0x08, 0x1d, 0xc7, 0x14, 0xc4, 0x03, 0x24, 0x24, 0x4a, 0x6e, 0x2a, 0x66, 0xe9, 0x55, 0xe9, 0x4d, 0xea, 0x45,
    0x0b, 0x4e, 0x2c, 0x56, 0x6c, 0x66, 0x8c, 0x6e, 0xad, 0x76, 0xad, 0x7e, 0xcd, 0x86, 0xce, 0x8e, 0xee, 0x96, 0x0e, 0x97,
    0x0e, 0x9f, 0x0e, 0x9f, 0x0e, 0x9f, 0x0e, 0x9f, 0x0e, 0x9f, 0x0e, 0x9f, 0x0e, 0x9f, 0x0e, 0x9f, 0x0e, 0x9f, 0x0e, 0x9f,
    0x0e, 0x97, 0x0e, 0x97, 0xee, 0x8e, 0xcd, 0x8e, 0xad, 0x7e, 0x6c, 0x76, 0x0b, 0x56, 0x68, 0x35, 0x86, 0x14, 0xa3, 0x0b,
    0xe9, 0x5d, 0x6b, 0x6e, 0x0b, 0x56, 0x0b, 0x4e, 0x0b, 0x4e, 0x2c, 0x56, 0x4d, 0x5e, 0x6d, 0x66, 0xae, 0x76, 0xce, 0x7e,
    0xce, 0x86, 0xef, 0x86, 0xef, 0x8e, 0xef, 0x8e, 0x0f, 0x8f, 0x0f, 0x97, 0x0f, 0x97, 0x0f, 0x97, 0xef, 0x8e, 0xef, 0x8e,
    0xef, 0x86, 0xcf, 0x86, 0xcf, 0x7e, 0xce, 0x7e, 0xae, 0x76, 0xae, 0x6e, 0x8d, 0x6e, 0x8d, 0x6e, 0xce, 0x86, 0x10, 0x9f,
    0x28, 0x4d, 0x03, 0x6c, 0x47, 0xdd, 0xa9, 0xe5, 0x84, 0xf5, 0x20, 0x93, 0x00, 0x00, 0x00, 0x00, 0x00, 0x00, 0x00, 0x00,
    0x00, 0x00, 0x00, 0x00, 0x00, 0x00, 0x00, 0x00, 0x00, 0x00, 0x00, 0x00, 0x00, 0x00, 0x00, 0x00, 0x00, 0x00, 0x00, 0x00,
    0x00, 0x00, 0x00, 0x00, 0x00, 0x00, 0x00, 0x00, 0x00, 0x00, 0x00, 0x00, 0x00, 0x00, 0x00, 0x00, 0x00, 0x00, 0x00, 0x00,
    0x00, 0x00, 0x00, 0x00, 0x00, 0x00, 0x00, 0x00, 0x00, 0x00, 0x00, 0x00, 0x00, 0x00, 0x00, 0x00, 0x00, 0x00, 0x00, 0x00,
    0x00, 0x00, 0x00, 0x00, 0x00, 0x00, 0x00, 0x00, 0x00, 0x00, 0x00, 0x00, 0x00, 0x00, 0x00, 0x00, 0x00, 0x00, 0x00, 0x00,
    0x00, 0x00, 0x00, 0x00, 0x00, 0x00, 0x00, 0x00, 0x00, 0x00, 0x00, 0x00, 0x00, 0x00, 0x00, 0x00, 0x00, 0x00, 0x00, 0x00,
    0x00, 0x00, 0x00, 0x00, 0x00, 0x00, 0x00, 0x00, 0x00, 0x00, 0x00, 0x00, 0x00, 0x00, 0x00, 0x00, 0x00, 0x00, 0x00, 0x00,
    0x00, 0x00, 0x00, 0x00, 0x00, 0x00, 0x00, 0x00, 0x00, 0x00, 0x00, 0x00, 0x00, 0x00, 0x00, 0x00, 0x00, 0x00, 0x00, 0x00,
    0x00, 0x00, 0x00, 0x00, 0x00, 0x00, 0x00, 0x00, 0x00, 0x00, 0x00, 0x00, 0x00, 0x00, 0x00, 0x00, 0x00, 0x00, 0x00, 0x00,
    0x00, 0x00, 0x00, 0x00, 0x00, 0x00, 0x00, 0x00, 0x00, 0x83, 0x47, 0xfe, 0x11, 0xff, 0x12, 0xff, 0xf0, 0xfe, 0xae, 0xfe,
    0x4b, 0xf6, 0x0a, 0xf6, 0xe9, 0xf5, 0x84, 0x74, 0x83, 0x34, 0x49, 0x7e, 0x49, 0x7e, 0x28, 0x76, 0x08, 0x66, 0xe8, 0x5d,
    0xe9, 0x55, 0xe9, 0x55, 0xe9, 0x4d, 0xea, 0x4d, 0x0a, 0x4e, 0x2b, 0x56, 0x2b, 0x5e, 0x4c, 0x5e, 0x4c, 0x5e, 0x4c, 0x5e,
    0x4c, 0x56, 0x2c, 0x56, 0x2c, 0x4e, 0x2c, 0x4e, 0x0b, 0x4e, 0x0b, 0x46, 0xeb, 0x45, 0xcb, 0x3d, 0x8a, 0x35, 0x69, 0x2d,
    0x28, 0x25, 0x08, 0x1d, 0xc7, 0x14, 0x46, 0x14, 0xa3, 0x13, 0x09, 0x66, 0x6a, 0x76, 0x09, 0x5e, 0xe9, 0x4d, 0xea, 0x45,
    0xea, 0x4d, 0x0b, 0x56, 0x4b, 0x5e, 0x6b, 0x66, 0x8c, 0x6e, 0x8c, 0x76, 0xad, 0x7e, 0xcd, 0x86, 0xcd, 0x8e, 0xee, 0x8e,
    0xee, 0x96, 0xee, 0x96, 0x0e, 0x97, 0x0e, 0x97, 0x0e, 0x97, 0x0e, 0x97, 0xee, 0x96, 0xee, 0x96, 0xee, 0x96, 0x0e, 0x97,
    0xee, 0x96, 0xee, 0x8e, 0xcd, 0x86, 0xad, 0x86, 0xad, 0x7e, 0x6c, 0x6e, 0xea, 0x4d, 0x68, 0x35, 0xc7, 0x1c, 0xa4, 0x03,
    0xe7, 0x3c, 0x8b, 0x76, 0x4b, 0x66, 0x0a, 0x4e, 0xeb, 0x45, 0xeb, 0x4d, 0x0b, 0x4e, 0x4c, 0x5e, 0x6d, 0x66, 0x8d, 0x76,
    0xae, 0x76, 0xce, 0x7e, 0xce, 0x86, 0xce, 0x86, 0xcf, 0x86, 0xef, 0x86, 0xef, 0x86, 0xef, 0x86, 0xcf, 0x86, 0xcf, 0x86,
    0xce, 0x7e, 0xae, 0x7e, 0xae, 0x76, 0xae, 0x76, 0x8e, 0x6e, 0x8d, 0x66, 0x6d, 0x66, 0x8d, 0x6e, 0xef, 0x8e, 0xce, 0x8e,
    0x64, 0x34, 0x47, 0xc5, 0xc9, 0xed, 0x84, 0xf5, 0x00, 0x8b, 0x20, 0x00, 0x00, 0x00, 0x00, 0x00, 0x00, 0x00, 0x00, 0x00,
    0x00, 0x00, 0x00, 0x00, 0x00, 0x00, 0x00, 0x00, 0x00, 0x00, 0x00, 0x00, 0x00, 0x00, 0x00, 0x00, 0x00, 0x00, 0x00, 0x00,
    0x00, 0x00, 0x00, 0x00, 0x00, 0x00, 0x00, 0x00, 0x00, 0x00, 0x00, 0x00, 0x00, 0x00, 0x00, 0x00, 0x00, 0x00, 0x00, 0x00,
    0x00, 0x00, 0x00, 0x00, 0x00, 0x00, 0x00, 0x00, 0x00, 0x00, 0x00, 0x00, 0x00, 0x00, 0x00, 0x00, 0x00, 0x00, 0x00, 0x00,
    0x00, 0x00, 0x00, 0x00, 0x00, 0x00, 0x00, 0x00, 0x00, 0x00, 0x00, 0x00, 0x00, 0x00, 0x00, 0x00, 0x00, 0x00, 0x00, 0x00,
    0x00, 0x00, 0x00, 0x00, 0x00, 0x00, 0x00, 0x00, 0x00, 0x00, 0x00, 0x00, 0x00, 0x00, 0x00, 0x00, 0x00, 0x00, 0x00, 0x00,
    0x00, 0x00, 0x00, 0x00, 0x00, 0x00, 0x00, 0x00, 0x00, 0x00, 0x00, 0x00, 0x00, 0x00, 0x00, 0x00, 0x00, 0x00, 0x00, 0x00,
    0x00, 0x00, 0x00, 0x00, 0x00, 0x00, 0x00, 0x00, 0x00, 0x00, 0x00, 0x00, 0x00, 0x00, 0x00, 0x00, 0x00, 0x00, 0x00, 0x00,
    0x00, 0x00, 0x00, 0x00, 0x00, 0x00, 0x00, 0x00, 0x00, 0x00, 0x00, 0x00, 0x00, 0x00, 0x00, 0x00, 0x00, 0x00, 0x00, 0x00,
    0x00, 0x00, 0x00, 0x00, 0x00, 0x00, 0x00, 0x00, 0x00, 0x00, 0xa1, 0x72, 0x26, 0xfe, 0x10, 0xff, 0x12, 0xff, 0xcf, 0xfe,
    0x8d, 0xfe, 0x4b, 0xf6, 0x0a, 0xf6, 0xe9, 0xed, 0x83, 0x6c, 0x83, 0x34, 0x29, 0x76, 0x49, 0x7e, 0x28, 0x76, 0x08, 0x6e,
    0xe8, 0x5d, 0xe8, 0x55, 0xe9, 0x55, 0x09, 0x5e, 0x4b, 0x6e, 0x8d, 0x76, 0xad, 0x7e, 0xce, 0x86, 0xce, 0x86, 0xae, 0x7e,
    0x8d, 0x6e, 0x4c, 0x5e, 0xeb, 0x45, 0xeb, 0x45, 0xeb, 0x45, 0xca, 0x3d, 0xca, 0x3d, 0xaa, 0x35, 0x89, 0x35, 0x69, 0x2d,
    0x28, 0x25, 0x07, 0x25, 0xe7, 0x24, 0xc6, 0x24, 0xe3, 0x13, 0x46, 0x4d, 0x6a, 0x7e, 0x29, 0x6e, 0xe9, 0x55, 0xe9, 0x4d,
    0xe9, 0x45, 0xea, 0x4d, 0x0a, 0x56, 0x2b, 0x5e, 0x4b, 0x66, 0x6c, 0x6e, 0x8c, 0x76, 0xad, 0x7e, 0xcd, 0x86, 0xcd, 0x86,
    0xcd, 0x8e, 0xcd, 0x8e, 0xee, 0x8e, 0xee, 0x8e, 0xed, 0x8e, 0xed, 0x8e, 0xcd, 0x8e, 0xcd, 0x8e, 0xcd, 0x8e, 0xcd, 0x8e,
    0xcd, 0x8e, 0xcd, 0x86, 0xad, 0x7e, 0xad, 0x7e, 0x8c, 0x6e, 0x2c, 0x5e, 0xea, 0x4d, 0x48, 0x35, 0xc7, 0x1c, 0xe5, 0x0b,
    0xc4, 0x13, 0x4a, 0x6e, 0x6b, 0x76, 0x0a, 0x5e, 0xea, 0x4d, 0xea, 0x45, 0xea, 0x45, 0x0b, 0x4e, 0x4c, 0x5e, 0x6d, 0x66,
    0x8d, 0x6e, 0xad, 0x76, 0xae, 0x76, 0xae, 0x7e, 0xae, 0x7e, 0xae, 0x7e, 0xce, 0x7e, 0xae, 0x7e, 0xae, 0x7e, 0xae, 0x76,
    0xae, 0x76, 0x8e, 0x6e, 0x8e, 0x6e, 0x8d, 0x66, 0x6d, 0x66, 0x6d, 0x5e, 0x6d, 0x66, 0xae, 0x7e, 0x0f, 0x9f, 0x28, 0x4d,
    0x84, 0x6c, 0x0a, 0xf6, 0xc4, 0xfd, 0x40, 0x93, 0x00, 0x00, 0x00, 0x00, 0x00, 0x00, 0x00, 0x00, 0x00, 0x00, 0x00, 0x00,
    0x00, 0x00, 0x00, 0x00, 0x00, 0x00, 0x00, 0x00, 0x00, 0x00, 0x00, 0x00, 0x00, 0x00, 0x00, 0x00, 0x00, 0x00, 0x00, 0x00,
    0x00, 0x00, 0x00, 0x00, 0x00, 0x00, 0x00, 0x00, 0x00, 0x00, 0x00, 0x00, 0x00, 0x00, 0x00, 0x00, 0x00, 0x00, 0x00, 0x00,
    0x00, 0x00, 0x00, 0x00, 0x00, 0x00, 0x00, 0x00, 0x00, 0x00, 0x00, 0x00, 0x00, 0x00, 0x00, 0x00, 0x00, 0x00, 0x00, 0x00,
    0x00, 0x00, 0x00, 0x00, 0x00, 0x00, 0x00, 0x00, 0x00, 0x00, 0x00, 0x00, 0x00, 0x00, 0x00, 0x00, 0x00, 0x00, 0x00, 0x00,
    0x00, 0x00, 0x00, 0x00, 0x00, 0x00, 0x00, 0x00, 0x00, 0x00, 0x00, 0x00, 0x00, 0x00, 0x00, 0x00, 0x00, 0x00, 0x00, 0x00,
    0x00, 0x00, 0x00, 0x00, 0x00, 0x00, 0x00, 0x00, 0x00, 0x00, 0x00, 0x00, 0x00, 0x00, 0x00, 0x00, 0x00, 0x00, 0x00, 0x00,
    0x00, 0x00, 0x00, 0x00, 0x00, 0x00, 0x00, 0x00, 0x00, 0x00, 0x00, 0x00, 0x00, 0x00, 0x00, 0x00, 0x00, 0x00, 0x00, 0x00,
    0x00, 0x00, 0x00, 0x00, 0x00, 0x00, 0x00, 0x00, 0x00, 0x00, 0x00, 0x00, 0x00, 0x00, 0x00, 0x00, 0x00, 0x00, 0x00, 0x00,
    0x00, 0x00, 0x00, 0x00, 0x00, 0x00, 0x00, 0x00, 0x00, 0x00, 0x00, 0x00, 0x41, 0x62, 0xe5, 0xf5, 0xef, 0xfe, 0x12, 0xff,
    0xcf, 0xfe, 0x8d, 0xfe, 0x4b, 0xf6, 0x0a, 0xf6, 0xe9, 0xed, 0xa4, 0x74, 0x63, 0x34, 0xc8, 0x6d, 0x49, 0x7e, 0x49, 0x76,
    0x08, 0x6e, 0xe8, 0x65, 0x09, 0x66, 0x6b, 0x76, 0x4b, 0x76, 0xa8, 0x5d, 0x67, 0x5d, 0x67, 0x65, 0xa8, 0x65, 0xa9, 0x65,
    0x0b, 0x6e, 0x8d, 0x76, 0x6c, 0x6e, 0xeb, 0x4d, 0xca, 0x3d, 0xca, 0x3d, 0xaa, 0x3d, 0xa9, 0x35, 0x69, 0x35, 0x68, 0x2d,
    0x48, 0x2d, 0x27, 0x2d, 0x27, 0x35, 0x27, 0x35, 0x24, 0x1c, 0xa2, 0x1b, 0x29, 0x76, 0x49, 0x76, 0x08, 0x5e, 0xc8, 0x4d,
    0xc9, 0x45, 0xe9, 0x4d, 0xea, 0x4d, 0x0a, 0x56, 0x2a, 0x5e, 0x4b, 0x66, 0x6c, 0x6e, 0x8c, 0x76, 0xad, 0x76, 0xad, 0x7e,
    0xcd, 0x86, 0xcd, 0x86, 0xcd, 0x86, 0xcd, 0x86, 0xcd, 0x86, 0xcd, 0x86, 0xcd, 0x86, 0xad, 0x86, 0xad, 0x86, 0xad, 0x86,
    0xad, 0x7e, 0xad, 0x7e, 0xad, 0x76, 0x8c, 0x6e, 0x4c, 0x66, 0x0b, 0x56, 0xca, 0x45, 0x28, 0x2d, 0xc7, 0x1c, 0x46, 0x0c,
    0x63, 0x03, 0x27, 0x45, 0x8b, 0x7e, 0x2a, 0x66, 0x0a, 0x56, 0xea, 0x4d, 0xea, 0x45, 0xea, 0x4d, 0x0b, 0x56, 0x4c, 0x5e,
    0x6c, 0x66, 0x6d, 0x66, 0x6d, 0x6e, 0x8d, 0x6e, 0x8d, 0x6e, 0x8e, 0x6e, 0x8e, 0x6e, 0x8d, 0x6e, 0x6d, 0x66, 0x6d, 0x66,
    0x6d, 0x66, 0x6d, 0x66, 0x6d, 0x5e, 0x6d, 0x5e, 0x4d, 0x5e, 0x6d, 0x66, 0x8d, 0x76, 0xef, 0x96, 0x6c, 0x7e, 0x23, 0x34,
    0xa8, 0xd5, 0xa4, 0xfd, 0x20, 0x93, 0x20, 0x08, 0x00, 0x00, 0x00, 0x00, 0x00, 0x00, 0x00, 0x00, 0x00, 0x00, 0x00, 0x00,
    0x00, 0x00, 0x00, 0x00, 0x00, 0x00, 0x00, 0x00, 0x00, 0x00, 0x00, 0x00, 0x00, 0x00, 0x00, 0x00, 0x00, 0x00, 0x00, 0x00,
    0x00, 0x00, 0x00, 0x00, 0x00, 0x00, 0x00, 0x00, 0x00, 0x00, 0x00, 0x00, 0x00, 0x00, 0x00, 0x00, 0x00, 0x00, 0x00, 0x00,
    0x00, 0x00, 0x00, 0x00, 0x00, 0x00, 0x00, 0x00, 0x00, 0x00, 0x00, 0x00, 0x00, 0x00, 0x00, 0x00, 0x00, 0x00, 0x00, 0x00,
    0x00, 0x00, 0x00, 0x00, 0x00, 0x00, 0x00, 0x00, 0x00, 0x00, 0x00, 0x00, 0x00, 0x00, 0x00, 0x00, 0x00, 0x00, 0x00, 0x00,
    0x00, 0x00, 0x00, 0x00, 0x00, 0x00, 0x00, 0x00, 0x00, 0x00, 0x00, 0x00, 0x00, 0x00, 0x00, 0x00, 0x00, 0x00, 0x00, 0x00,
    0x00, 0x00, 0x00, 0x00, 0x00, 0x00, 0x00, 0x00, 0x00, 0x00, 0x00, 0x00, 0x00, 0x00, 0x00, 0x00, 0x00, 0x00, 0x00, 0x00,
    0x00, 0x00, 0x00, 0x00, 0x00, 0x00, 0x00, 0x00, 0x00, 0x00, 0x00, 0x00, 0x00, 0x00, 0x00, 0x00, 0x00, 0x00, 0x00, 0x00,
    0x00, 0x00, 0x00, 0x00, 0x00, 0x00, 0x00, 0x00, 0x00, 0x00, 0x00, 0x00, 0x00, 0x00, 0x00, 0x00, 0x00, 0x00, 0x00, 0x00,
    0x00, 0x00, 0x00, 0x00, 0x00, 0x00, 0x00, 0x00, 0x00, 0x00, 0x00, 0x00, 0x00, 0x00, 0x80, 0x41, 0x43, 0xe5, 0xcd, 0xfe,
    0x11, 0xff, 0xcf, 0xfe, 0x8c, 0xfe, 0x4b, 0xf6, 0x2a, 0xf6, 0x09, 0xf6, 0x05, 0x9d, 0x02, 0x34, 0xe5, 0x44, 0x08, 0x6e,
    0x49, 0x76, 0x08, 0x6e, 0x08, 0x6e, 0x05, 0x45, 0x05, 0x65, 0xc9, 0xb5, 0x4b, 0xde, 0xae, 0xe6, 0xcf, 0xde, 0x4c, 0xbe,
    0x47, 0x85, 0xc5, 0x4c, 0xca, 0x5d, 0x4c, 0x6e, 0xaa, 0x45, 0xa9, 0x3d, 0xa9, 0x3d, 0xa9, 0x3d, 0x89, 0x3d, 0xa9, 0x45,
    0x88, 0x45, 0x87, 0x4d, 0xa7, 0x4d, 0x26, 0x3d, 0x62, 0x0a, 0x00, 0x02, 0x26, 0x4d, 0x69, 0x7e, 0x28, 0x6e, 0xe8, 0x55,
    0xc8, 0x4d, 0xc8, 0x4d, 0xe9, 0x4d, 0xe9, 0x4d, 0x0a, 0x56, 0x2b, 0x5e, 0x4b, 0x66, 0x6b, 0x66, 0x6c, 0x6e, 0x8c, 0x76,
    0xac, 0x76, 0xac, 0x7e, 0xac, 0x7e, 0xac, 0x7e, 0xac, 0x7e, 0xac, 0x7e, 0xac, 0x7e, 0xac, 0x7e, 0xac, 0x7e, 0x8c, 0x7e,
    0xac, 0x76, 0x8c, 0x76, 0x8c, 0x6e, 0x4c, 0x66, 0x2b, 0x56, 0xeb, 0x4d, 0xaa, 0x3d, 0x28, 0x25, 0xc7, 0x1c, 0x86, 0x14,
    0x05, 0x04, 0xa3, 0x0b, 0xe9, 0x65, 0x6a, 0x76, 0x2a, 0x66, 0xe9, 0x55, 0xe9, 0x4d, 0xea, 0x45, 0xea, 0x4d, 0x0b, 0x4e,
    0x2b, 0x56, 0x2b, 0x56, 0x2c, 0x5e, 0x6c, 0x66, 0xae, 0x7e, 0xef, 0x8e, 0xef, 0x8e, 0xce, 0x86, 0xae, 0x76, 0x6d, 0x66,
    0x4c, 0x5e, 0x4c, 0x5e, 0x4c, 0x5e, 0x4c, 0x5e, 0x6c, 0x5e, 0x8d, 0x76, 0xce, 0x8e, 0xae, 0x8e, 0x85, 0x34, 0x27, 0xa5,
    0x83, 0xfd, 0xa0, 0x7a, 0x00, 0x00, 0x00, 0x00, 0x00, 0x00, 0x00, 0x00, 0x00, 0x00, 0x00, 0x00, 0x00, 0x00, 0x00, 0x00,
    0x00, 0x00, 0x00, 0x00, 0x00, 0x00, 0x00, 0x00, 0x00, 0x00, 0x00, 0x00, 0x00, 0x00, 0x00, 0x00, 0x00, 0x00, 0x00, 0x00,
    0x00, 0x00, 0x00, 0x00, 0x00, 0x00, 0x00, 0x00, 0x00, 0x00, 0x00, 0x00, 0x00, 0x00, 0x00, 0x00, 0x00, 0x00, 0x00, 0x00,
    0x00, 0x00, 0x00, 0x00, 0x00, 0x00, 0x00, 0x00, 0x00, 0x00, 0x00, 0x00, 0x00, 0x00, 0x00, 0x00, 0x00, 0x00, 0x00, 0x00,
    0x00, 0x00, 0x00, 0x00, 0x00, 0x00, 0x00, 0x00, 0x00, 0x00, 0x00, 0x00, 0x00, 0x00, 0x00, 0x00, 0x00, 0x00, 0x00, 0x00,
    0x00, 0x00, 0x00, 0x00, 0x00, 0x00, 0x00, 0x00, 0x00, 0x00, 0x00, 0x00, 0x00, 0x00, 0x00, 0x00, 0x00, 0x00, 0x00, 0x00,
    0x00, 0x00, 0x00, 0x00, 0x00, 0x00, 0x00, 0x00, 0x00, 0x00, 0x00, 0x00, 0x00, 0x00, 0x00, 0x00, 0x00, 0x00, 0x00, 0x00,
    0x00, 0x00, 0x00, 0x00, 0x00, 0x00, 0x00, 0x00, 0x00, 0x00, 0x00, 0x00, 0x00, 0x00, 0x00, 0x00, 0x00, 0x00, 0x00, 0x00,
    0x00, 0x00, 0x00, 0x00, 0x00, 0x00, 0x00, 0x00, 0x00, 0x00, 0x00, 0x00, 0x00, 0x00, 0x00, 0x00, 0x00, 0x00, 0x00, 0x00,
    0x00, 0x00, 0x00, 0x00, 0x00, 0x00, 0x00, 0x00, 0x00, 0x00, 0x00, 0x00, 0x00, 0x00, 0x00, 0x00, 0x00, 0x29, 0xc2, 0xd4,
    0xaa, 0xfe, 0x11, 0xff, 0xcf, 0xfe, 0x8d, 0xfe, 0x4b, 0xf6, 0x0a, 0xf6, 0x09, 0xf6, 0x87, 0xcd, 0x43, 0x64, 0x22, 0x2c,
    0xc5, 0x3c, 0xa7, 0x5d, 0xe5, 0x3c, 0xa4, 0x6c, 0x6b, 0xf6, 0xae, 0xfe, 0x31, 0xff, 0x73, 0xff, 0x95, 0xff, 0xb8, 0xff,
    0x95, 0xff, 0xcf, 0xe6, 0x26, 0x7d, 0xa5, 0x34, 0xea, 0x55, 0xc9, 0x45, 0xc9, 0x4d, 0xc9, 0x4d, 0xe9, 0x55, 0xe9, 0x5d,
    0xe8, 0x65, 0x08, 0x66, 0x46, 0x45, 0xe1, 0x0a, 0x60, 0x21, 0x60, 0x4a, 0xc2, 0x1b, 0x29, 0x76, 0x48, 0x76, 0x08, 0x66,
    0xe8, 0x55, 0xc8, 0x4d, 0xc8, 0x4d, 0xe9, 0x4d, 0xe9, 0x4d, 0x0a, 0x56, 0x2a, 0x56, 0x4b, 0x5e, 0x4b, 0x66, 0x6b, 0x6e,
    0x6c, 0x6e, 0x6c, 0x76, 0x8c, 0x76, 0x8c, 0x76, 0x8c, 0x76, 0x8c, 0x76, 0x8c, 0x76, 0x8c, 0x76, 0x8c, 0x6e, 0x8c, 0x6e,
    0x8c, 0x6e, 0x6c, 0x6e, 0x4b, 0x66, 0x2b, 0x56, 0x0b, 0x4e, 0xea, 0x45, 0x89, 0x35, 0x08, 0x25, 0xc7, 0x1c, 0xc6, 0x14,
    0x86, 0x0c, 0x83, 0x03, 0xe4, 0x1b, 0x4a, 0x76, 0x6a, 0x76, 0x29, 0x66, 0x09, 0x56, 0xe9, 0x4d, 0xea, 0x4d, 0xea, 0x45,
    0xea, 0x45, 0xea, 0x4d, 0x4c, 0x66, 0x8d, 0x76, 0xea, 0x65, 0x88, 0x5d, 0x88, 0x5d, 0xa9, 0x5d, 0x0b, 0x66, 0x8d, 0x76,
    0x6d, 0x66, 0x4c, 0x56, 0x4c, 0x5e, 0x6c, 0x66, 0xad, 0x76, 0xee, 0x8e, 0xce, 0x8e, 0xc6, 0x3c, 0xa3, 0x7c, 0x62, 0xf5,
    0x80, 0x72, 0x00, 0x00, 0x00, 0x00, 0x00, 0x00, 0x00, 0x00, 0x00, 0x00, 0x00, 0x00, 0x00, 0x00, 0x00, 0x00, 0x00, 0x00,
    0x00, 0x00, 0x00, 0x00, 0x00, 0x00, 0x00, 0x00, 0x00, 0x00, 0x00, 0x00, 0x00, 0x00, 0x00, 0x00, 0x00, 0x00, 0x00, 0x00,
    0x00, 0x00, 0x00, 0x00, 0x00, 0x00, 0x00, 0x00, 0x00, 0x00, 0x00, 0x00, 0x00, 0x00, 0x00, 0x00, 0x00, 0x00, 0x00, 0x00,
    0x00, 0x00, 0x00, 0x00, 0x00, 0x00, 0x00, 0x00, 0x00, 0x00, 0x00, 0x00, 0x00, 0x00, 0x00, 0x00, 0x00, 0x00, 0x00, 0x00,
    0x00, 0x00, 0x00, 0x00, 0x00, 0x00, 0x00, 0x00, 0x00, 0x00, 0x00, 0x00, 0x00, 0x00, 0x00, 0x00, 0x00, 0x00, 0x00, 0x00,
    0x00, 0x00, 0x00, 0x00, 0x00, 0x00, 0x00, 0x00, 0x00, 0x00, 0x00, 0x00, 0x00, 0x00, 0x00, 0x00, 0x00, 0x00, 0x00, 0x00,
    0x00, 0x00, 0x00, 0x00, 0x00, 0x00, 0x00, 0x00, 0x00, 0x00, 0x00, 0x00, 0x00, 0x00, 0x00, 0x00, 0x00, 0x00, 0x00, 0x00,
    0x00, 0x00, 0x00, 0x00, 0x00, 0x00, 0x00, 0x00, 0x00, 0x00, 0x00, 0x00, 0x00, 0x00, 0x00, 0x00, 0x00, 0x00, 0x00, 0x00,
    0x00, 0x00, 0x00, 0x00, 0x00, 0x00, 0x00, 0x00, 0x00, 0x00, 0x00, 0x00, 0x00, 0x00, 0x00, 0x00, 0x00, 0x00, 0x00, 0x00,
    0x00, 0x00, 0x00, 0x00, 0x00, 0x00, 0x00, 0x00, 0x00, 0x00, 0x00, 0x00, 0x00, 0x00, 0x00, 0x00, 0x00, 0x00, 0x80, 0x18,
    0xc1, 0xa3, 0x67, 0xfe, 0xef, 0xfe, 0xcf, 0xfe, 0x8d, 0xfe, 0x4c, 0xf6, 0x2b, 0xf6, 0x09, 0xf6, 0xc8, 0xed, 0x26, 0xb5,
    0x02, 0x54, 0x01, 0x1b, 0xc0, 0x22, 0xa8, 0xd5, 0x8c, 0xf6, 0xef, 0xfe, 0x53, 0xff, 0x74, 0xff, 0x97, 0xff, 0xdc, 0xff,
    0xba, 0xff, 0x74, 0xff, 0xad, 0xfe, 0xc5, 0x7c, 0x06, 0x35, 0xe9, 0x55, 0x09, 0x66, 0x2a, 0x6e, 0x6a, 0x76, 0x49, 0x76,
    0xa7, 0x65, 0x64, 0x2c, 0xe0, 0x0a, 0xe1, 0x52, 0x02, 0xb4, 0x62, 0xcc, 0x81, 0x4b, 0x64, 0x34, 0x48, 0x7e, 0x28, 0x76,
    0x08, 0x66, 0xe8, 0x55, 0xe8, 0x55, 0xc8, 0x4d, 0xc8, 0x4d, 0xe9, 0x4d, 0xe9, 0x55, 0x0a, 0x56, 0x2a, 0x5e, 0x2a, 0x5e,
    0x4b, 0x66, 0x4b, 0x66, 0x6b, 0x6e, 0x6b, 0x6e, 0x6b, 0x6e, 0x6b, 0x66, 0x6b, 0x66, 0x6b, 0x66, 0x4b, 0x66, 0x4b, 0x66,
    0x4b, 0x66, 0x4b, 0x5e, 0x2b, 0x56, 0x0b, 0x4e, 0xeb, 0x45, 0xaa, 0x3d, 0x69, 0x2d, 0x28, 0x25, 0x07, 0x1d, 0xe7, 0x1c,
    0xc7, 0x1c, 0x66, 0x14, 0x83, 0x03, 0x65, 0x24, 0x2a, 0x76, 0x6a, 0x76, 0x2a, 0x66, 0x09, 0x56, 0xe9, 0x4d, 0xe9, 0x4d,
    0xc9, 0x45, 0x0a, 0x56, 0x2b, 0x66, 0x06, 0x4d, 0x68, 0x95, 0x6d, 0xd6, 0xf1, 0xde, 0xd0, 0xce, 0xca, 0x8d, 0x06, 0x45,
    0x2c, 0x5e, 0x4c, 0x5e, 0x6c, 0x66, 0xad, 0x7e, 0xee, 0x8e, 0x8d, 0x86, 0xc6, 0x34, 0xc2, 0x74, 0x01, 0xe5, 0xc0, 0x51,
    0x00, 0x00, 0x00, 0x00, 0x00, 0x00, 0x00, 0x00, 0x00, 0x00, 0x00, 0x00, 0x00, 0x00, 0x00, 0x00, 0x00, 0x00, 0x00, 0x00,
    0x00, 0x00, 0x00, 0x00, 0x00, 0x00, 0x00, 0x00, 0x00, 0x00, 0x00, 0x00, 0x00, 0x00, 0x00, 0x00, 0x00, 0x00, 0x00, 0x00,
    0x00, 0x00, 0x00, 0x00, 0x00, 0x00, 0x00, 0x00, 0x00, 0x00, 0x00, 0x00, 0x00, 0x00, 0x00, 0x00, 0x00, 0x00, 0x00, 0x00,
    0x00, 0x00, 0x00, 0x00, 0x00, 0x00, 0x00, 0x00, 0x00, 0x00, 0x00, 0x00, 0x00, 0x00, 0x00, 0x00, 0x00, 0x00, 0x00, 0x00,
    0x00, 0x00, 0x00, 0x00, 0x00, 0x00, 0x00, 0x00, 0x00, 0x00, 0x00, 0x00, 0x00, 0x00, 0x00, 0x00, 0x00, 0x00, 0x00, 0x00,
    0x00, 0x00, 0x00, 0x00, 0x00, 0x00, 0x00, 0x00, 0x00, 0x00, 0x00, 0x00, 0x00, 0x00, 0x00, 0x00, 0x00, 0x00, 0x00, 0x00,
    0x00, 0x00, 0x00, 0x00, 0x00, 0x00, 0x00, 0x00, 0x00, 0x00, 0x00, 0x00, 0x00, 0x00, 0x00, 0x00, 0x00, 0x00, 0x00, 0x00,
    0x00, 0x00, 0x00, 0x00, 0x00, 0x00, 0x00, 0x00, 0x00, 0x00, 0x00, 0x00, 0x00, 0x00, 0x00, 0x00, 0x00, 0x00, 0x00, 0x00,
    0x00, 0x00, 0x00, 0x00, 0x00, 0x00, 0x00, 0x00, 0x00, 0x00, 0x00, 0x00, 0x00, 0x00, 0x00, 0x00, 0x00, 0x00, 0x00, 0x00,
    0x00, 0x00, 0x00, 0x00, 0x00, 0x00, 0x00, 0x00, 0x00, 0x00, 0x00, 0x00, 0x00, 0x00, 0x00, 0x00, 0x00, 0x00, 0x00, 0x00,
    0x00, 0x00, 0x80, 0x72, 0xc4, 0xf5, 0xac, 0xfe, 0xd0, 0xfe, 0xae, 0xfe, 0x6c, 0xfe, 0x2b, 0xf6, 0x09, 0xee, 0xc8, 0xed,
    0xa7, 0xed, 0xc5, 0xbc, 0x81, 0x93, 0x2a, 0xee, 0x4b, 0xee, 0xce, 0xf6, 0x32, 0xff, 0x75, 0xff, 0x95, 0xff, 0x96, 0xff,
    0x75, 0xff, 0x53, 0xff, 0xce, 0xfe, 0x2a, 0xe6, 0x84, 0x34, 0x47, 0x45, 0xe9, 0x65, 0xe9, 0x65, 0x27, 0x4d, 0x23, 0x2c,
    0x81, 0x1b, 0xc2, 0x4b, 0x23, 0x9c, 0x84, 0xcc, 0xa4, 0xcc, 0x84, 0xcc, 0x43, 0xb4, 0x61, 0x23, 0x25, 0x4d, 0x69, 0x86,
    0x48, 0x76, 0x28, 0x6e, 0xe8, 0x5d, 0xe8, 0x55, 0xe8, 0x55, 0xe8, 0x4d, 0xe8, 0x4d, 0xe9, 0x55, 0xe9, 0x55, 0x09, 0x56,
    0x2a, 0x5e, 0x2a, 0x5e, 0x2a, 0x5e, 0x4a, 0x66, 0x4a, 0x66, 0x4a, 0x66, 0x4b, 0x5e, 0x4b, 0x5e, 0x2b, 0x5e, 0x2b, 0x5e,
    0x2b, 0x5e, 0x0b, 0x56, 0x0b, 0x4e, 0xea, 0x45, 0xca, 0x3d, 0x89, 0x35, 0x69, 0x2d, 0x48, 0x25, 0x28, 0x25, 0x07, 0x25,
    0x27, 0x2d, 0x27, 0x2d, 0x85, 0x1c, 0xc1, 0x01, 0xa3, 0x1b, 0x09, 0x6e, 0x8a, 0x7e, 0x49, 0x6e, 0x09, 0x5e, 0xe8, 0x55,
    0xe9, 0x4d, 0xe9, 0x55, 0x84, 0x34, 0xe9, 0xc5, 0xf0, 0xfe, 0x95, 0xff, 0xb8, 0xff, 0xdd, 0xff, 0x95, 0xff, 0x2c, 0xbe,
    0x06, 0x3d, 0x4c, 0x5e, 0xad, 0x7e, 0xee, 0x8e, 0xca, 0x65, 0x03, 0x24, 0xa1, 0x84, 0xa0, 0xd4, 0x20, 0x31, 0x00, 0x00,
    0x00, 0x00, 0x00, 0x00, 0x00, 0x00, 0x00, 0x00, 0x00, 0x00, 0x00, 0x00, 0x00, 0x00, 0x00, 0x00, 0x00, 0x00, 0x00, 0x00,
    0x00, 0x00, 0x00, 0x00, 0x00, 0x00, 0x00, 0x00, 0x00, 0x00, 0x00, 0x00, 0x00, 0x00, 0x00, 0x00, 0x00, 0x00, 0x00, 0x00,
    0x00, 0x00, 0x00, 0x00, 0x00, 0x00, 0x00, 0x00, 0x00, 0x00, 0x00, 0x00, 0x00, 0x00, 0x00, 0x00, 0x00, 0x00, 0x00, 0x00,
    0x00, 0x00, 0x00, 0x00, 0x00, 0x00, 0x00, 0x00, 0x00, 0x00, 0x00, 0x00, 0x00, 0x00, 0x00, 0x00, 0x00, 0x00, 0x00, 0x00,
    0x00, 0x00, 0x00, 0x00, 0x00, 0x00, 0x00, 0x00, 0x00, 0x00, 0x00, 0x00, 0x00, 0x00, 0x00, 0x00, 0x00, 0x00, 0x00, 0x00,
    0x00, 0x00, 0x00, 0x00, 0x00, 0x00, 0x00, 0x00, 0x00, 0x00, 0x00, 0x00, 0x00, 0x00, 0x00, 0x00, 0x00, 0x00, 0x00, 0x00,
    0x00, 0x00, 0x00, 0x00, 0x00, 0x00, 0x00, 0x00, 0x00, 0x00, 0x00, 0x00, 0x00, 0x00, 0x00, 0x00, 0x00, 0x00, 0x00, 0x00,
    0x00, 0x00, 0x00, 0x00, 0x00, 0x00, 0x00, 0x00, 0x00, 0x00, 0x00, 0x00, 0x00, 0x00, 0x00, 0x00, 0x00, 0x00, 0x00, 0x00,
    0x00, 0x00, 0x00, 0x00, 0x00, 0x00, 0x00, 0x00, 0x00, 0x00, 0x00, 0x00, 0x00, 0x00, 0x00, 0x00, 0x00, 0x00, 0x00, 0x00,
    0x00, 0x00, 0x00, 0x00, 0x00, 0x00, 0x00, 0x00, 0x00, 0x00, 0x00, 0x00, 0x00, 0x00, 0x00, 0x00, 0x00, 0x00, 0x00, 0x00,
    0x00, 0x00, 0x00, 0x00, 0x60, 0x39, 0xc2, 0xd4, 0x89, 0xfe, 0xf0, 0xfe, 0xcf, 0xfe, 0x6c, 0xfe, 0x4b, 0xf6, 0x0a, 0xf6,
    0xe9, 0xed, 0xc8, 0xed, 0xe2, 0xab, 0x0a, 0xe6, 0x2a, 0xee, 0x4b, 0xee, 0xef, 0xfe, 0x32, 0xff, 0x53, 0xff, 0x53, 0xff,
    0x53, 0xff, 0xf0, 0xfe, 0x8c, 0xf6, 0x6b, 0xf6, 0x42, 0x42, 0xa1, 0x01, 0x82, 0x1b, 0xa2, 0x2b, 0x81, 0x43, 0xe2, 0x73,
    0xc4, 0xb4, 0x26, 0xdd, 0x06, 0xd5, 0xe5, 0xd4, 0xc5, 0xcc, 0xc5, 0xcc, 0xc5, 0xd4, 0x64, 0xa4, 0xc1, 0x23, 0x86, 0x65,
    0x89, 0x8e, 0x48, 0x7e, 0x28, 0x6e, 0xe8, 0x65, 0xe7, 0x5d, 0xe8, 0x55, 0xe8, 0x55, 0xe8, 0x55, 0xe8, 0x55, 0xe8, 0x55,
    0x09, 0x56, 0x09, 0x56, 0x09, 0x56, 0x09, 0x56, 0x0a, 0x5e, 0x2a, 0x5e, 0x2a, 0x5e, 0x2a, 0x5e, 0x2a, 0x56, 0x0a, 0x56,
    0x0a, 0x4e, 0xea, 0x4d, 0xea, 0x45, 0xca, 0x3d, 0xa9, 0x3d, 0x89, 0x35, 0x68, 0x2d, 0x48, 0x2d, 0x68, 0x2d, 0x68, 0x3d,
    0x68, 0x3d, 0x88, 0x3d, 0xe3, 0x13, 0x20, 0x19, 0x40, 0x32, 0x82, 0x13, 0x06, 0x4d, 0x49, 0x76, 0x4a, 0x76, 0x09, 0x66,
    0x09, 0x5e, 0x06, 0x35, 0xa5, 0x74, 0x6b, 0xf6, 0x32, 0xff, 0x96, 0xff, 0xb7, 0xff, 0xdb, 0xff, 0x97, 0xff, 0x74, 0xff,
    0x89, 0x7d, 0x89, 0x4d, 0xeb, 0x65, 0xc6, 0x34, 0x42, 0x3c, 0xe1, 0xb4, 0x80, 0xab, 0x80, 0x18, 0x00, 0x00, 0x00, 0x00,
    0x00, 0x00, 0x00, 0x00, 0x00, 0x00, 0x00, 0x00, 0x00, 0x00, 0x00, 0x00, 0x00, 0x00, 0x00, 0x00, 0x00, 0x00, 0x00, 0x00,
    0x00, 0x00, 0x00, 0x00, 0x00, 0x00, 0x00, 0x00, 0x00, 0x00, 0x00, 0x00, 0x00, 0x00, 0x00, 0x00, 0x00, 0x00, 0x00, 0x00,
    0x00, 0x00, 0x00, 0x00, 0x00, 0x00, 0x00, 0x00, 0x00, 0x00, 0x00, 0x00, 0x00, 0x00, 0x00, 0x00, 0x00, 0x00, 0x00, 0x00,
    0x00, 0x00, 0x00, 0x00, 0x00, 0x00, 0x00, 0x00, 0x00, 0x00, 0x00, 0x00, 0x00, 0x00, 0x00, 0x00, 0x00, 0x00, 0x00, 0x00,
    0x00, 0x00, 0x00, 0x00, 0x00, 0x00, 0x00, 0x00, 0x00, 0x00, 0x00, 0x00, 0x00, 0x00, 0x00, 0x00, 0x00, 0x00, 0x00, 0x00,
    0x00, 0x00, 0x00, 0x00, 0x00, 0x00, 0x00, 0x00, 0x00, 0x00, 0x00, 0x00, 0x00, 0x00, 0x00, 0x00, 0x00, 0x00, 0x00, 0x00,
    0x00, 0x00, 0x00, 0x00, 0x00, 0x00, 0x00, 0x00, 0x00, 0x00, 0x00, 0x00, 0x00, 0x00, 0x00, 0x00, 0x00, 0x00, 0x00, 0x00,
    0x00, 0x00, 0x00, 0x00, 0x00, 0x00, 0x00, 0x00, 0x00, 0x00, 0x00, 0x00, 0x00, 0x00, 0x00, 0x00, 0x00, 0x00, 0x00, 0x00,
    0x00, 0x00, 0x00, 0x00, 0x00, 0x00, 0x00, 0x00, 0x00, 0x00, 0x00, 0x00, 0x00, 0x00, 0x00, 0x00, 0x00, 0x00, 0x00, 0x00,
    0x00, 0x00, 0x00, 0x00, 0x00, 0x00, 0x00, 0x00, 0x00, 0x00, 0x00, 0x00, 0x00, 0x00, 0x00, 0x00, 0x00, 0x00, 0x00, 0x00,
    0x00, 0x00, 0x00, 0x00, 0x00, 0x00, 0x60, 0x10, 0x41, 0x93, 0x06, 0xfe, 0xee, 0xfe, 0xf0, 0xfe, 0xad, 0xfe, 0x4c, 0xf6,
    0x2a, 0xf6, 0x0a, 0xf6, 0x64, 0xbc, 0xa5, 0xbc, 0xac, 0xf6, 0x2a, 0xee, 0x4b, 0xee, 0x8d, 0xf6, 0xce, 0xf6, 0xcf, 0xfe,
    0xae, 0xf6, 0x6c, 0xee, 0x6b, 0xee, 0x67, 0xd5, 0xe0, 0x8a, 0xe3, 0x93, 0xc4, 0xb4, 0xe5, 0xc4, 0x26, 0xdd, 0x67, 0xe5,
    0x67, 0xe5, 0x67, 0xdd, 0x67, 0xdd, 0x87, 0xe5, 0x67, 0xdd, 0x46, 0xdd, 0x26, 0xdd, 0x26, 0xdd, 0x84, 0x9c, 0xe1, 0x23,
    0xa7, 0x65, 0x89, 0x8e, 0x48, 0x7e, 0x28, 0x76, 0x07, 0x66, 0xe7, 0x5d, 0xe7, 0x55, 0xe8, 0x55, 0xe8, 0x55, 0xe8, 0x55,
    0xe8, 0x55, 0xe8, 0x55, 0xe8, 0x55, 0x09, 0x56, 0x09, 0x5e, 0x2a, 0x66, 0x6b, 0x6e, 0x6b, 0x6e, 0x4b, 0x6e, 0x2b, 0x5e,
    0x0a, 0x56, 0xea, 0x45, 0xca, 0x45, 0xa9, 0x3d, 0x89, 0x3d, 0x89, 0x35, 0x88, 0x35, 0x88, 0x3d, 0xc8, 0x45, 0xe8, 0x55,
    0xc8, 0x55, 0x24, 0x24, 0x80, 0x1a, 0xc1, 0xa3, 0xe1, 0xbb, 0xc2, 0x8b, 0x41, 0x2b, 0x03, 0x1c, 0x47, 0x4d, 0xc8, 0x5d,
    0xe8, 0x5d, 0xc4, 0x34, 0xa8, 0xbd, 0x6b, 0xf6, 0xf0, 0xfe, 0x74, 0xff, 0x96, 0xff, 0x96, 0xff, 0x75, 0xff, 0x52, 0xff,
    0x69, 0xb5, 0xe1, 0x12, 0xe4, 0x33, 0xe4, 0x94, 0x61, 0xe5, 0xc0, 0x82, 0x00, 0x00, 0x00, 0x00, 0x00, 0x00, 0x00, 0x00,
    0x00, 0x00, 0x00, 0x00, 0x00, 0x00, 0x00, 0x00, 0x00, 0x00, 0x00, 0x00, 0x00, 0x00, 0x00, 0x00, 0x00, 0x00, 0x00, 0x00,
    0x00, 0x00, 0x00, 0x00, 0x00, 0x00, 0x00, 0x00, 0x00, 0x00, 0x00, 0x00, 0x00, 0x00, 0x00, 0x00, 0x00, 0x00, 0x00, 0x00,
    0x00, 0x00, 0x00, 0x00, 0x00, 0x00, 0x00, 0x00, 0x00, 0x00, 0x00, 0x00, 0x00, 0x00, 0x00, 0x00, 0x00, 0x00, 0x00, 0x00,
    0x00, 0x00, 0x00, 0x00, 0x00, 0x00, 0x00, 0x00, 0x00, 0x00, 0x00, 0x00, 0x00, 0x00, 0x00, 0x00, 0x00, 0x00, 0x00, 0x00,
    0x00, 0x00, 0x00, 0x00, 0x00, 0x00, 0x00, 0x00, 0x00, 0x00, 0x00, 0x00, 0x00, 0x00, 0x00, 0x00, 0x00, 0x00, 0x00, 0x00,
    0x00, 0x00, 0x00, 0x00, 0x00, 0x00, 0x00, 0x00, 0x00, 0x00, 0x00, 0x00, 0x00, 0x00, 0x00, 0x00, 0x00, 0x00, 0x00, 0x00,
    0x00, 0x00, 0x00, 0x00, 0x00, 0x00, 0x00, 0x00, 0x00, 0x00, 0x00, 0x00, 0x00, 0x00, 0x00, 0x00, 0x00, 0x00, 0x00, 0x00,
    0x00, 0x00, 0x00, 0x00, 0x00, 0x00, 0x00, 0x00, 0x00, 0x00, 0x00, 0x00, 0x00, 0x00, 0x00, 0x00, 0x00, 0x00, 0x00, 0x00,
    0x00, 0x00, 0x00, 0x00, 0x00, 0x00, 0x00, 0x00, 0x00, 0x00, 0x00, 0x00, 0x00, 0x00, 0x00, 0x00, 0x00, 0x00, 0x00, 0x00,
    0x00, 0x00, 0x00, 0x00, 0x00, 0x00, 0x00, 0x00, 0x00, 0x00, 0x00, 0x00, 0x00, 0x00, 0x00, 0x00, 0x00, 0x00, 0x00, 0x00,
    0x00, 0x00, 0x00, 0x00, 0x00, 0x00, 0x00, 0x00, 0x00, 0x00, 0xc0, 0x51, 0x02, 0xdd, 0x89, 0xfe, 0xf0, 0xfe, 0xcf, 0xfe,
    0x6c, 0xfe, 0x2b, 0xf6, 0xc9, 0xed, 0xc1, 0xa3, 0x47, 0xcd, 0xad, 0xf6, 0x4a, 0xee, 0x09, 0xe6, 0x0a, 0xee, 0x2a, 0xee,
    0x4a, 0xee, 0x8c, 0xf6, 0x0a, 0xe6, 0x81, 0x9b, 0x84, 0xc4, 0x87, 0xe5, 0x87, 0xe5, 0x87, 0xe5, 0xa8, 0xe5, 0xc9, 0xed,
    0xc9, 0xed, 0xc9, 0xed, 0xc9, 0xed, 0xe9, 0xed, 0xe9, 0xed, 0xc8, 0xed, 0xa8, 0xe5, 0x87, 0xe5, 0x67, 0xe5, 0xc5, 0xa4,
    0x01, 0x2c, 0x46, 0x5d, 0x69, 0x86, 0x48, 0x86, 0x28, 0x7e, 0x27, 0x6e, 0x07, 0x66, 0xe7, 0x5d, 0xe7, 0x55, 0xe7, 0x55,
    0xc7, 0x55, 0xc7, 0x4d, 0x08, 0x56, 0x4a, 0x6e, 0x8c, 0x7e, 0x8c, 0x7e, 0x6c, 0x7e, 0x4b, 0x76, 0x4b, 0x76, 0x6c, 0x76,
    0x8d, 0x76, 0x6c, 0x6e, 0xea, 0x4d, 0xa9, 0x3d, 0x89, 0x3d, 0xa9, 0x3d, 0xc9, 0x45, 0xe8, 0x55, 0x09, 0x5e, 0x09, 0x66,
    0xa5, 0x2c, 0xe0, 0x1a, 0xe2, 0x9b, 0xa4, 0xd4, 0xa4, 0xcc, 0xa4, 0xcc, 0xc4, 0xcc, 0x63, 0x8c, 0x02, 0x44, 0xc2, 0x1b,
    0x42, 0x13, 0xe1, 0x12, 0xca, 0xbd, 0x6b, 0xf6, 0x8d, 0xf6, 0x32, 0xff, 0x54, 0xff, 0x74, 0xff, 0x32, 0xff, 0xef, 0xfe,
    0x48, 0xcd, 0x23, 0x9c, 0xa5, 0xed, 0x81, 0xd4, 0x60, 0x41, 0x00, 0x00, 0x00, 0x00, 0x00, 0x00, 0x00, 0x00, 0x00, 0x00,
    0x00, 0x00, 0x00, 0x00, 0x00, 0x00, 0x00, 0x00, 0x00, 0x00, 0x00, 0x00, 0x00, 0x00, 0x00, 0x00, 0x00, 0x00, 0x00, 0x00,
    0x00, 0x00, 0x00, 0x00, 0x00, 0x00, 0x00, 0x00, 0x00, 0x00, 0x00, 0x00, 0x00, 0x00, 0x00, 0x00, 0x00, 0x00, 0x00, 0x00,
    0x00, 0x00, 0x00, 0x00, 0x00, 0x00, 0x00, 0x00, 0x00, 0x00, 0x00, 0x00, 0x00, 0x00, 0x00, 0x00, 0x00, 0x00, 0x00, 0x00,
    0x00, 0x00, 0x00, 0x00, 0x00, 0x00, 0x00, 0x00, 0x00, 0x00, 0x00, 0x00, 0x00, 0x00, 0x00, 0x00, 0x00, 0x00, 0x00, 0x00,
    0x00, 0x00, 0x00, 0x00, 0x00, 0x00, 0x00, 0x00, 0x00, 0x00, 0x00, 0x00, 0x00, 0x00, 0x00, 0x00, 0x00, 0x00, 0x00, 0x00,
    0x00, 0x00, 0x00, 0x00, 0x00, 0x00, 0x00, 0x00, 0x00, 0x00, 0x00, 0x00, 0x00, 0x00, 0x00, 0x00, 0x00, 0x00, 0x00, 0x00,
    0x00, 0x00, 0x00, 0x00, 0x00, 0x00, 0x00, 0x00, 0x00, 0x00, 0x00, 0x00, 0x00, 0x00, 0x00, 0x00, 0x00, 0x00, 0x00, 0x00,
    0x00, 0x00, 0x00, 0x00, 0x00, 0x00, 0x00, 0x00, 0x00, 0x00, 0x00, 0x00, 0x00, 0x00, 0x00, 0x00, 0x00, 0x00, 0x00, 0x00,
    0x00, 0x00, 0x00, 0x00, 0x00, 0x00, 0x00, 0x00, 0x00, 0x00, 0x00, 0x00, 0x00, 0x00, 0x00, 0x00, 0x00, 0x00, 0x00, 0x00,
    0x00, 0x00, 0x00, 0x00, 0x00, 0x00, 0x00, 0x00, 0x00, 0x00, 0x00, 0x00, 0x00, 0x00, 0x00, 0x00, 0x00, 0x00, 0x00, 0x00,
    0x00, 0x00, 0x00, 0x00, 0x00, 0x00, 0x00, 0x00, 0x00, 0x00, 0x00, 0x00, 0x80, 0x18, 0x61, 0x93, 0xe5, 0xf5, 0xed, 0xfe,
    0xf0, 0xfe, 0x8d, 0xfe, 0x2b, 0xf6, 0xa8, 0xe5, 0x02, 0xb4, 0x44, 0xb4, 0x68, 0xd5, 0x0a, 0xe6, 0x4b, 0xee, 0x4b, 0xee,
    0xc9, 0xdd, 0xa6, 0xbc, 0xa1, 0xa3, 0xa4, 0xc4, 0xa8, 0xe5, 0xc8, 0xe5, 0xe9, 0xed, 0x0a, 0xee, 0x2a, 0xf6, 0x2b, 0xf6,
    0x2b, 0xf6, 0x2b, 0xf6, 0x2b, 0xf6, 0x2b, 0xf6, 0x2b, 0xf6, 0x0a, 0xf6, 0xe9, 0xed, 0xe9, 0xed, 0xc8, 0xe5, 0xa8, 0xed,
    0x05, 0xbd, 0xe1, 0x3b, 0xa4, 0x44, 0x28, 0x7e, 0x68, 0x86, 0x48, 0x7e, 0x27, 0x76, 0x07, 0x6e, 0xe7, 0x65, 0xe7, 0x5d,
    0xc7, 0x55, 0xc7, 0x55, 0x49, 0x6e, 0x2a, 0x6e, 0x26, 0x4d, 0xc5, 0x54, 0x06, 0x65, 0x68, 0x75, 0x88, 0x75, 0x67, 0x65,
    0x47, 0x55, 0xa9, 0x55, 0x2b, 0x66, 0xea, 0x55, 0xe9, 0x4d, 0xe9, 0x55, 0x09, 0x66, 0x29, 0x6e, 0xe9, 0x65, 0x24, 0x24,
    0x61, 0x2b, 0x63, 0xac, 0xe5, 0xd4, 0xe5, 0xd4, 0x06, 0xd5, 0x06, 0xd5, 0x26, 0xd5, 0x26, 0xdd, 0x05, 0xd5, 0xc4, 0xb4,
    0x03, 0x8c, 0xe1, 0x62, 0xa6, 0xac, 0x6b, 0xf6, 0x2a, 0xee, 0xae, 0xf6, 0xf0, 0xfe, 0xf0, 0xfe, 0xae, 0xf6, 0xae, 0xf6,
    0x85, 0xbc, 0xa1, 0xdc, 0x20, 0x93, 0x60, 0x10, 0x00, 0x00, 0x00, 0x00, 0x00, 0x00, 0x00, 0x00, 0x00, 0x00, 0x00, 0x00,
    0x00, 0x00, 0x00, 0x00, 0x00, 0x00, 0x00, 0x00, 0x00, 0x00, 0x00, 0x00, 0x00, 0x00, 0x00, 0x00, 0x00, 0x00, 0x00, 0x00,
    0x00, 0x00, 0x00, 0x00, 0x00, 0x00, 0x00, 0x00, 0x00, 0x00, 0x00, 0x00, 0x00, 0x00, 0x00, 0x00, 0x00, 0x00, 0x00, 0x00,
    0x00, 0x00, 0x00, 0x00, 0x00, 0x00, 0x00, 0x00, 0x00, 0x00, 0x00, 0x00, 0x00, 0x00, 0x00, 0x00, 0x00, 0x00, 0x00, 0x00,
    0x00, 0x00, 0x00, 0x00, 0x00, 0x00, 0x00, 0x00, 0x00, 0x00, 0x00, 0x00, 0x00, 0x00, 0x00, 0x00, 0x00, 0x00, 0x00, 0x00,
    0x00, 0x00, 0x00, 0x00, 0x00, 0x00, 0x00, 0x00, 0x00, 0x00, 0x00, 0x00, 0x00, 0x00, 0x00, 0x00, 0x00, 0x00, 0x00, 0x00,
    0x00, 0x00, 0x00, 0x00, 0x00, 0x00, 0x00, 0x00, 0x00, 0x00, 0x00, 0x00, 0x00, 0x00, 0x00, 0x00, 0x00, 0x00, 0x00, 0x00,
    0x00, 0x00, 0x00, 0x00, 0x00, 0x00, 0x00, 0x00, 0x00, 0x00, 0x00, 0x00, 0x00, 0x00, 0x00, 0x00, 0x00, 0x00, 0x00, 0x00,
    0x00, 0x00, 0x00, 0x00, 0x00, 0x00, 0x00, 0x00, 0x00, 0x00, 0x00, 0x00, 0x00, 0x00, 0x00, 0x00, 0x00, 0x00, 0x00, 0x00,
    0x00, 0x00, 0x00, 0x00, 0x00, 0x00, 0x00, 0x00, 0x00, 0x00, 0x00, 0x00, 0x00, 0x00, 0x00, 0x00, 0x00, 0x00, 0x00, 0x00,
    0x00, 0x00, 0x00, 0x00, 0x00, 0x00, 0x00, 0x00, 0x00, 0x00, 0x00, 0x00, 0x00, 0x00, 0x00, 0x00, 0x00, 0x00, 0x00, 0x00,
    0x00, 0x00, 0x00, 0x00, 0x00, 0x00, 0x00, 0x00, 0x00, 0x00, 0x00, 0x00, 0x00, 0x00, 0x00, 0x00, 0x60, 0x39, 0x82, 0xc4,
    0x67, 0xfe, 0xac, 0xfe, 0x8e, 0xfe, 0x4b, 0xf6, 0xe9, 0xed, 0x05, 0xd5, 0x03, 0xb4, 0xc2, 0xa3, 0xe2, 0xab, 0xe2, 0xab,
    0xa2, 0xa3, 0x03, 0xb4, 0x67, 0xdd, 0x0a, 0xee, 0x2a, 0xee, 0x4b, 0xf6, 0x4c, 0xf6, 0x6d, 0xf6, 0x8d, 0xfe, 0x8d, 0xfe,
    0x8e, 0xfe, 0xae, 0xfe, 0xae, 0xfe, 0x8e, 0xfe, 0x8d, 0xfe, 0x4c, 0xf6, 0x2b, 0xf6, 0x0a, 0xee, 0xea, 0xed, 0xe9, 0xed,
    0xc8, 0xed, 0x46, 0xd5, 0x43, 0x6c, 0x02, 0x34, 0x45, 0x5d, 0x28, 0x7e, 0x48, 0x86, 0x27, 0x7e, 0x07, 0x76, 0xe7, 0x6d,
    0xe7, 0x65, 0x07, 0x66, 0x25, 0x45, 0xa4, 0x4c, 0xc9, 0xad, 0x8d, 0xee, 0x10, 0xff, 0x74, 0xff, 0x96, 0xff, 0x74, 0xff,
    0x8e, 0xe6, 0x06, 0x8d, 0xc5, 0x3c, 0xe9, 0x55, 0x29, 0x66, 0x4a, 0x6e, 0x2a, 0x6e, 0x26, 0x4d, 0xc2, 0x1b, 0xc2, 0x53,
    0xe5, 0xc4, 0x26, 0xdd, 0x47, 0xdd, 0x47, 0xdd, 0x67, 0xdd, 0x87, 0xe5, 0x67, 0xdd, 0x67, 0xdd, 0x26, 0xdd, 0x26, 0xdd,
    0x46, 0xdd, 0x05, 0xdd, 0x81, 0x9b, 0x2b, 0xe6, 0x6b, 0xee, 0x2a, 0xe6, 0x2b, 0xee, 0x4b, 0xee, 0x8c, 0xf6, 0x0b, 0xe6,
    0x40, 0x93, 0x40, 0x39, 0x00, 0x00, 0x00, 0x00, 0x00, 0x00, 0x00, 0x00, 0x00, 0x00, 0x00, 0x00, 0x00, 0x00, 0x00, 0x00,
    0x00, 0x00, 0x00, 0x00, 0x00, 0x00, 0x00, 0x00, 0x00, 0x00, 0x00, 0x00, 0x00, 0x00, 0x00, 0x00, 0x00, 0x00, 0x00, 0x00,
    0x00, 0x00, 0x00, 0x00, 0x00, 0x00, 0x00, 0x00, 0x00, 0x00, 0x00, 0x00, 0x00, 0x00, 0x00, 0x00, 0x00, 0x00, 0x00, 0x00,
    0x00, 0x00, 0x00, 0x00, 0x00, 0x00, 0x00, 0x00, 0x00, 0x00, 0x00, 0x00, 0x00, 0x00, 0x00, 0x00, 0x00, 0x00, 0x00, 0x00,
    0x00, 0x00, 0x00, 0x00, 0x00, 0x00, 0x00, 0x00, 0x00, 0x00, 0x00, 0x00, 0x00, 0x00, 0x00, 0x00, 0x00, 0x00, 0x00, 0x00,
    0x00, 0x00, 0x00, 0x00, 0x00, 0x00, 0x00, 0x00, 0x00, 0x00, 0x00, 0x00, 0x00, 0x00, 0x00, 0x00, 0x00, 0x00, 0x00, 0x00,
    0x00, 0x00, 0x00, 0x00, 0x00, 0x00, 0x00, 0x00, 0x00, 0x00, 0x00, 0x00, 0x00, 0x00, 0x00, 0x00, 0x00, 0x00, 0x00, 0x00,
    0x00, 0x00, 0x00, 0x00, 0x00, 0x00, 0x00, 0x00, 0x00, 0x00, 0x00, 0x00, 0x00, 0x00, 0x00, 0x00, 0x00, 0x00, 0x00, 0x00,
    0x00, 0x00, 0x00, 0x00, 0x00, 0x00, 0x00, 0x00, 0x00, 0x00, 0x00, 0x00, 0x00, 0x00, 0x00, 0x00, 0x00, 0x00, 0x00, 0x00,
    0x00, 0x00, 0x00, 0x00, 0x00, 0x00, 0x00, 0x00, 0x00, 0x00, 0x00, 0x00, 0x00, 0x00, 0x00, 0x00, 0x00, 0x00, 0x00, 0x00,
    0x00, 0x00, 0x00, 0x00, 0x00, 0x00, 0x00, 0x00, 0x00, 0x00, 0x00, 0x00, 0x00, 0x00, 0x00, 0x00, 0x00, 0x00, 0x00, 0x00,
    0x00, 0x00, 0x00, 0x00, 0x00, 0x00, 0x00, 0x00, 0x00, 0x00, 0x00, 0x00, 0x00, 0x00, 0x00, 0x00, 0x00, 0x00, 0x20, 0x08,
    0x60, 0x6a, 0x22, 0xe5, 0x89, 0xfe, 0xad, 0xfe, 0x6c, 0xf6, 0x4b, 0xf6, 0x4b, 0xf6, 0xe9, 0xed, 0xa8, 0xe5, 0xa8, 0xe5,
    0xe9, 0xed, 0x0a, 0xf6, 0x2a, 0xf6, 0x4b, 0xf6, 0x8d, 0xfe, 0xae, 0xfe, 0xcf, 0xfe, 0xf0, 0xfe, 0xf0, 0xfe, 0xf1, 0xfe,
    0x11, 0xff, 0x11, 0xff, 0xf1, 0xfe, 0xf0, 0xfe, 0xcf, 0xfe, 0xae, 0xfe, 0x8d, 0xfe, 0x4c, 0xf6, 0x2b, 0xf6, 0x0a, 0xee,
    0xe9, 0xed, 0xc9, 0xed, 0xc8, 0xed, 0x25, 0xb5, 0x22, 0x54, 0x02, 0x34, 0x04, 0x55, 0xc7, 0x75, 0x27, 0x7e, 0x27, 0x7e,
    0x07, 0x6e, 0xa6, 0x55, 0x83, 0x4c, 0x09, 0xde, 0xce, 0xfe, 0x31, 0xff, 0x74, 0xff, 0x97, 0xff, 0xdc, 0xff, 0xb9, 0xff,
    0x53, 0xff, 0xad, 0xfe, 0xa8, 0xad, 0x25, 0x35, 0x47, 0x45, 0xe6, 0x3c, 0x03, 0x24, 0xc2, 0x3b, 0xc5, 0xa4, 0x87, 0xe5,
    0x87, 0xe5, 0xa8, 0xe5, 0xc9, 0xed, 0xe9, 0xed, 0xe9, 0xed, 0xe9, 0xed, 0xe9, 0xed, 0xc8, 0xe5, 0x87, 0xe5, 0x67, 0xdd,
    0x67, 0xdd, 0x87, 0xe5, 0x64, 0xbc, 0xe2, 0xa3, 0x0b, 0xe6, 0x8c, 0xf6, 0x4b, 0xee, 0x4b, 0xee, 0xea, 0xe5, 0xc2, 0xa3,
    0x00, 0x31, 0x00, 0x00, 0x00, 0x00, 0x00, 0x00, 0x00, 0x00, 0x00, 0x00, 0x00, 0x00, 0x00, 0x00, 0x00, 0x00, 0x00, 0x00,
    0x00, 0x00, 0x00, 0x00, 0x00, 0x00, 0x00, 0x00, 0x00, 0x00, 0x00, 0x00, 0x00, 0x00, 0x00, 0x00, 0x00, 0x00, 0x00, 0x00,
    0x00, 0x00, 0x00, 0x00, 0x00, 0x00, 0x00, 0x00, 0x00, 0x00, 0x00, 0x00, 0x00, 0x00, 0x00, 0x00, 0x00, 0x00, 0x00, 0x00,
    0x00, 0x00, 0x00, 0x00, 0x00, 0x00, 0x00, 0x00, 0x00, 0x00, 0x00, 0x00, 0x00, 0x00, 0x00, 0x00, 0x00, 0x00, 0x00, 0x00,
    0x00, 0x00, 0x00, 0x00, 0x00, 0x00, 0x00, 0x00, 0x00, 0x00, 0x00, 0x00, 0x00, 0x00, 0x00, 0x00, 0x00, 0x00, 0x00, 0x00,
    0x00, 0x00, 0x00, 0x00, 0x00, 0x00, 0x00, 0x00, 0x00, 0x00, 0x00, 0x00, 0x00, 0x00, 0x00, 0x00, 0x00, 0x00, 0x00, 0x00,
    0x00, 0x00, 0x00, 0x00, 0x00, 0x00, 0x00, 0x00, 0x00, 0x00, 0x00, 0x00, 0x00, 0x00, 0x00, 0x00, 0x00, 0x00, 0x00, 0x00,
    0x00, 0x00, 0x00, 0x00, 0x00, 0x00, 0x00, 0x00, 0x00, 0x00, 0x00, 0x00, 0x00, 0x00, 0x00, 0x00, 0x00, 0x00, 0x00, 0x00,
    0x00, 0x00, 0x00, 0x00, 0x00, 0x00, 0x00, 0x00, 0x00, 0x00, 0x00, 0x00, 0x00, 0x00, 0x00, 0x00, 0x00, 0x00, 0x00, 0x00,
    0x00, 0x00, 0x00, 0x00, 0x00, 0x00, 0x00, 0x00, 0x00, 0x00, 0x00, 0x00, 0x00, 0x00, 0x00, 0x00, 0x00, 0x00, 0x00, 0x00,
    0x00, 0x00, 0x00, 0x00, 0x00, 0x00, 0x00, 0x00, 0x00, 0x00, 0x00, 0x00, 0x00, 0x00, 0x00, 0x00, 0x00, 0x00, 0x00, 0x00,
    0x00, 0x00, 0x00, 0x00, 0x00, 0x00, 0x00, 0x00, 0x00, 0x00, 0x00, 0x00, 0x00, 0x00, 0x00, 0x00, 0x00, 0x00, 0x00, 0x00,
    0x00, 0x00, 0x80, 0x18, 0x01, 0x83, 0x63, 0xed, 0x89, 0xfe, 0xae, 0xfe, 0xaf, 0xfe, 0x8d, 0xfe, 0x6c, 0xf6, 0x6c, 0xf6,
    0x8d, 0xfe, 0x8d, 0xfe, 0xae, 0xfe, 0xcf, 0xfe, 0xf0, 0xfe, 0x11, 0xff, 0x31, 0xff, 0x32, 0xff, 0x32, 0xff, 0x32, 0xff,
    0x32, 0xff, 0x32, 0xff, 0x12, 0xff, 0x11, 0xff, 0x11, 0xff, 0xf0, 0xfe, 0xcf, 0xfe, 0x8e, 0xfe, 0x6c, 0xf6, 0x2b, 0xf6,
    0x2b, 0xf6, 0x0a, 0xee, 0xe9, 0xed, 0xe9, 0xed, 0xa7, 0xe5, 0xe5, 0xac, 0xe2, 0x5b, 0xc1, 0x33, 0x42, 0x34, 0xa4, 0x44,
    0xc4, 0x4c, 0x23, 0x2c, 0x87, 0xb5, 0x6a, 0xf6, 0xae, 0xf6, 0x53, 0xff, 0x75, 0xff, 0x95, 0xff, 0x97, 0xff, 0x96, 0xff,
    0x74, 0xff, 0x10, 0xff, 0x8c, 0xf6, 0x23, 0x33, 0x60, 0x0a, 0xc2, 0x4b, 0xc5, 0x9c, 0x87, 0xdd, 0xa8, 0xed, 0xc8, 0xe5,
    0xe9, 0xed, 0x0a, 0xf6, 0x2a, 0xf6, 0x2b, 0xf6, 0x2b, 0xf6, 0x2b, 0xf6, 0x2a, 0xf6, 0x0a, 0xf6, 0x0a, 0xee, 0xc9, 0xed,
    0xa8, 0xe5, 0xa8, 0xe5, 0xa8, 0xe5, 0xa4, 0xc4, 0xc2, 0xa3, 0x23, 0xb4, 0x84, 0xbc, 0xc2, 0xa3, 0x80, 0x72, 0xc0, 0x20,
    0x00, 0x00, 0x00, 0x00, 0x00, 0x00, 0x00, 0x00, 0x00, 0x00, 0x00, 0x00, 0x00, 0x00, 0x00, 0x00, 0x00, 0x00, 0x00, 0x00,
    0x00, 0x00, 0x00, 0x00, 0x00, 0x00, 0x00, 0x00, 0x00, 0x00, 0x00, 0x00, 0x00, 0x00, 0x00, 0x00, 0x00, 0x00, 0x00, 0x00,
    0x00, 0x00, 0x00, 0x00, 0x00, 0x00, 0x00, 0x00, 0x00, 0x00, 0x00, 0x00, 0x00, 0x00, 0x00, 0x00, 0x00, 0x00, 0x00, 0x00,
    0x00, 0x00, 0x00, 0x00, 0x00, 0x00, 0x00, 0x00, 0x00, 0x00, 0x00, 0x00, 0x00, 0x00, 0x00, 0x00, 0x00, 0x00, 0x00, 0x00,
    0x00, 0x00, 0x00, 0x00, 0x00, 0x00, 0x00, 0x00, 0x00, 0x00, 0x00, 0x00, 0x00, 0x00, 0x00, 0x00, 0x00, 0x00, 0x00, 0x00,
    0x00, 0x00, 0x00, 0x00, 0x00, 0x00, 0x00, 0x00, 0x00, 0x00, 0x00, 0x00, 0x00, 0x00, 0x00, 0x00, 0x00, 0x00, 0x00, 0x00,
    0x00, 0x00, 0x00, 0x00, 0x00, 0x00, 0x00, 0x00, 0x00, 0x00, 0x00, 0x00, 0x00, 0x00, 0x00, 0x00, 0x00, 0x00, 0x00, 0x00,
    0x00, 0x00, 0x00, 0x00, 0x00, 0x00, 0x00, 0x00, 0x00, 0x00, 0x00, 0x00, 0x00, 0x00, 0x00, 0x00, 0x00, 0x00, 0x00, 0x00,
    0x00, 0x00, 0x00, 0x00, 0x00, 0x00, 0x00, 0x00, 0x00, 0x00, 0x00, 0x00, 0x00, 0x00, 0x00, 0x00, 0x00, 0x00, 0x00, 0x00,
    0x00, 0x00, 0x00, 0x00, 0x00, 0x00, 0x00, 0x00, 0x00, 0x00, 0x00, 0x00, 0x00, 0x00, 0x00, 0x00, 0x00, 0x00, 0x00, 0x00,
    0x00, 0x00, 0x00, 0x00, 0x00, 0x00, 0x00, 0x00, 0x00, 0x00, 0x00, 0x00, 0x00, 0x00, 0x00, 0x00, 0x00, 0x00, 0x00, 0x00,
    0x00, 0x00, 0x00, 0x00, 0x00, 0x00, 0x00, 0x00, 0x00, 0x00, 0x00, 0x00, 0x00, 0x00, 0x00, 0x00, 0x00, 0x00, 0x00, 0x00,
    0x00, 0x00, 0x00, 0x00, 0x00, 0x00, 0xc0, 0x20, 0x81, 0x9b, 0xc5, 0xf5, 0xcb, 0xfe, 0x10, 0xff, 0x12, 0xff, 0x11, 0xff,
    0x11, 0xff, 0x12, 0xff, 0x32, 0xff, 0x32, 0xff, 0x32, 0xff, 0x32, 0xff, 0x32, 0xff, 0x33, 0xff, 0x33, 0xff, 0x33, 0xff,
    0x33, 0xff, 0x33, 0xff, 0x32, 0xff, 0x32, 0xff, 0x32, 0xff, 0x11, 0xff, 0xf1, 0xfe, 0xf0, 0xfe, 0xae, 0xfe, 0x6d, 0xf6,
    0x4c, 0xf6, 0x2b, 0xf6, 0x2b, 0xf6, 0x0a, 0xee, 0xe9, 0xed, 0xc8, 0xed, 0xa7, 0xed, 0x46, 0xcd, 0xa4, 0x94, 0xe2, 0x63,
    0xe1, 0x2a, 0x80, 0x21, 0x89, 0xd5, 0x6b, 0xee, 0x8d, 0xf6, 0x11, 0xff, 0x53, 0xff, 0x53, 0xff, 0x73, 0xff, 0x53, 0xff,
    0x53, 0xff, 0xcf, 0xf6, 0x6c, 0xee, 0x22, 0x83, 0x64, 0xb4, 0x87, 0xe5, 0xa7, 0xe5, 0xc8, 0xe5, 0xe9, 0xed, 0x0a, 0xf6,
    0x4b, 0xf6, 0x6c, 0xf6, 0x6c, 0xfe, 0x8d, 0xfe, 0xae, 0xfe, 0x8d, 0xfe, 0x8d, 0xfe, 0x6c, 0xf6, 0x4c, 0xf6, 0x2b, 0xf6,
    0x0a, 0xf6, 0x09, 0xee, 0xe9, 0xed, 0xc7, 0xed, 0x43, 0xed, 0x60, 0xd4, 0x40, 0x6a, 0x80, 0x18, 0x00, 0x00, 0x00, 0x00,
    0x00, 0x00, 0x00, 0x00, 0x00, 0x00, 0x00, 0x00, 0x00, 0x00, 0x00, 0x00, 0x00, 0x00, 0x00, 0x00, 0x00, 0x00, 0x00, 0x00,
    0x00, 0x00, 0x00, 0x00, 0x00, 0x00, 0x00, 0x00, 0x00, 0x00, 0x00, 0x00, 0x00, 0x00, 0x00, 0x00, 0x00, 0x00, 0x00, 0x00,
    0x00, 0x00, 0x00, 0x00, 0x00, 0x00, 0x00, 0x00, 0x00, 0x00, 0x00, 0x00, 0x00, 0x00, 0x00, 0x00, 0x00, 0x00, 0x00, 0x00,
    0x00, 0x00, 0x00, 0x00, 0x00, 0x00, 0x00, 0x00, 0x00, 0x00, 0x00, 0x00, 0x00, 0x00, 0x00, 0x00, 0x00, 0x00, 0x00, 0x00,
    0x00, 0x00, 0x00, 0x00, 0x00, 0x00, 0x00, 0x00, 0x00, 0x00, 0x00, 0x00, 0x00, 0x00, 0x00, 0x00, 0x00, 0x00, 0x00, 0x00,
    0x00, 0x00, 0x00, 0x00, 0x00, 0x00, 0x00, 0x00, 0x00, 0x00, 0x00, 0x00, 0x00, 0x00, 0x00, 0x00, 0x00, 0x00, 0x00, 0x00,
    0x00, 0x00, 0x00, 0x00, 0x00, 0x00, 0x00, 0x00, 0x00, 0x00, 0x00, 0x00, 0x00, 0x00, 0x00, 0x00, 0x00, 0x00, 0x00, 0x00,
    0x00, 0x00, 0x00, 0x00, 0x00, 0x00, 0x00, 0x00, 0x00, 0x00, 0x00, 0x00, 0x00, 0x00, 0x00, 0x00, 0x00, 0x00, 0x00, 0x00,
    0x00, 0x00, 0x00, 0x00, 0x00, 0x00, 0x00, 0x00, 0x00, 0x00, 0x00, 0x00, 0x00, 0x00, 0x00, 0x00, 0x00, 0x00, 0x00, 0x00,
    0x00, 0x00, 0x00, 0x00, 0x00, 0x00, 0x00, 0x00, 0x00, 0x00, 0x00, 0x00, 0x00, 0x00, 0x00, 0x00, 0x00, 0x00, 0x00, 0x00,
    0x00, 0x00, 0x00, 0x00, 0x00, 0x00, 0x00, 0x00, 0x00, 0x00, 0x00, 0x00, 0x00, 0x00, 0x00, 0x00, 0x00, 0x00, 0x00, 0x00,
    0x00, 0x00, 0x00, 0x00, 0x00, 0x00, 0x00, 0x00, 0x00, 0x00, 0x00, 0x00, 0x00, 0x00, 0x00, 0x00, 0x00, 0x00, 0x00, 0x00,
    0x00, 0x00, 0x00, 0x00, 0x00, 0x00, 0x00, 0x00, 0x00, 0x00, 0x00, 0x29, 0x61, 0x93, 0xa4, 0xed, 0xaa, 0xfe, 0x30, 0xff,
    0x53, 0xff, 0x53, 0xff, 0x33, 0xff, 0x33, 0xff, 0x33, 0xff, 0x53, 0xff, 0x53, 0xff, 0x53, 0xff, 0x53, 0xff, 0x33, 0xff,
    0x33, 0xff, 0x33, 0xff, 0x33, 0xff, 0x33, 0xff, 0x33, 0xff, 0x32, 0xff, 0x12, 0xff, 0x11, 0xff, 0xf1, 0xfe, 0xcf, 0xfe,
    0x8e, 0xfe, 0x6c, 0xf6, 0x4b, 0xf6, 0x2b, 0xf6, 0x2a, 0xf6, 0x0a, 0xee, 0xe9, 0xed, 0xc8, 0xed, 0xa8, 0xed, 0x87, 0xe5,
    0x45, 0xdd, 0x61, 0x9b, 0x07, 0xcd, 0x8c, 0xf6, 0x2a, 0xee, 0xad, 0xf6, 0xef, 0xfe, 0x10, 0xff, 0x10, 0xff, 0xf0, 0xfe,
    0xae, 0xf6, 0x6c, 0xf6, 0xc9, 0xdd, 0x81, 0xa3, 0x87, 0xe5, 0xc8, 0xe5, 0xe9, 0xed, 0x2b, 0xf6, 0x6c, 0xf6, 0x8d, 0xfe,
    0xae, 0xfe, 0xcf, 0xfe, 0xf0, 0xfe, 0xf1, 0xfe, 0x11, 0xff, 0x10, 0xff, 0xf0, 0xfe, 0xf0, 0xfe, 0xcf, 0xfe, 0xaf, 0xfe,
    0x8d, 0xfe, 0x4a, 0xfe, 0x06, 0xfe, 0x02, 0xe5, 0x00, 0x93, 0xe0, 0x28, 0x00, 0x00, 0x00, 0x00, 0x00, 0x00, 0x00, 0x00,
    0x00, 0x00, 0x00, 0x00, 0x00, 0x00, 0x00, 0x00, 0x00, 0x00, 0x00, 0x00, 0x00, 0x00, 0x00, 0x00, 0x00, 0x00, 0x00, 0x00,
    0x00, 0x00, 0x00, 0x00, 0x00, 0x00, 0x00, 0x00, 0x00, 0x00, 0x00, 0x00, 0x00, 0x00, 0x00, 0x00, 0x00, 0x00, 0x00, 0x00,
    0x00, 0x00, 0x00, 0x00, 0x00, 0x00, 0x00, 0x00, 0x00, 0x00, 0x00, 0x00, 0x00, 0x00, 0x00, 0x00, 0x00, 0x00, 0x00, 0x00,
    0x00, 0x00, 0x00, 0x00, 0x00, 0x00, 0x00, 0x00, 0x00, 0x00, 0x00, 0x00, 0x00, 0x00, 0x00, 0x00, 0x00, 0x00, 0x00, 0x00,
    0x00, 0x00, 0x00, 0x00, 0x00, 0x00, 0x00, 0x00, 0x00, 0x00, 0x00, 0x00, 0x00, 0x00, 0x00, 0x00, 0x00, 0x00, 0x00, 0x00,
    0x00, 0x00, 0x00, 0x00, 0x00, 0x00, 0x00, 0x00, 0x00, 0x00, 0x00, 0x00, 0x00, 0x00, 0x00, 0x00, 0x00, 0x00, 0x00, 0x00,
    0x00, 0x00, 0x00, 0x00, 0x00, 0x00, 0x00, 0x00, 0x00, 0x00, 0x00, 0x00, 0x00, 0x00, 0x00, 0x00, 0x00, 0x00, 0x00, 0x00,
    0x00, 0x00, 0x00, 0x00, 0x00, 0x00, 0x00, 0x00, 0x00, 0x00, 0x00, 0x00, 0x00, 0x00, 0x00, 0x00, 0x00, 0x00, 0x00, 0x00,
    0x00, 0x00, 0x00, 0x00, 0x00, 0x00, 0x00, 0x00, 0x00, 0x00, 0x00, 0x00, 0x00, 0x00, 0x00, 0x00, 0x00, 0x00, 0x00, 0x00,
    0x00, 0x00, 0x00, 0x00, 0x00, 0x00, 0x00, 0x00, 0x00, 0x00, 0x00, 0x00, 0x00, 0x00, 0x00, 0x00, 0x00, 0x00, 0x00, 0x00,
    0x00, 0x00, 0x00, 0x00, 0x00, 0x00, 0x00, 0x00, 0x00, 0x00, 0x00, 0x00, 0x00, 0x00, 0x00, 0x00, 0x00, 0x00, 0x00, 0x00,
    0x00, 0x00, 0x00, 0x00, 0x00, 0x00, 0x00, 0x00, 0x00, 0x00, 0x00, 0x00, 0x00, 0x00, 0x00, 0x00, 0x00, 0x00, 0x00, 0x00,
    0x00, 0x00, 0x00, 0x00, 0x00, 0x00, 0x00, 0x00, 0x00, 0x00, 0x00, 0x00, 0x00, 0x00, 0xa0, 0x18, 0xc1, 0x7a, 0x23, 0xdd,
    0x88, 0xfe, 0x0e, 0xff, 0x53, 0xff, 0x54, 0xff, 0x53, 0xff, 0x53, 0xff, 0x53, 0xff, 0x53, 0xff, 0x53, 0xff, 0x53, 0xff,
    0x53, 0xff, 0x53, 0xff, 0x53, 0xff, 0x53, 0xff, 0x33, 0xff, 0x33, 0xff, 0x32, 0xff, 0x32, 0xff, 0x32, 0xff, 0x12, 0xff,
    0x11, 0xff, 0xcf, 0xfe, 0xae, 0xfe, 0x8d, 0xfe, 0x6c, 0xf6, 0x4b, 0xf6, 0x4b, 0xf6, 0x0a, 0xf6, 0x0a, 0xee, 0xe9, 0xed,
    0xc8, 0xed, 0xc5, 0xcc, 0x02, 0xb4, 0x8c, 0xf6, 0x09, 0xee, 0x09, 0xe6, 0x4b, 0xee, 0x6b, 0xee, 0x6c, 0xee, 0x4b, 0xee,
    0x4a, 0xee, 0x4b, 0xee, 0xe3, 0xab, 0x84, 0xbc, 0x0a, 0xee, 0x2b, 0xf6, 0x6c, 0xf6, 0xae, 0xfe, 0xf0, 0xfe, 0xf1, 0xfe,
    0x11, 0xff, 0x12, 0xff, 0x32, 0xff, 0x32, 0xff, 0x32, 0xff, 0x32, 0xff, 0x32, 0xff, 0x32, 0xff, 0x12, 0xff, 0xee, 0xfe,
    0x68, 0xfe, 0x63, 0xed, 0x61, 0x9b, 0xe0, 0x28, 0x00, 0x00, 0x00, 0x00, 0x00, 0x00, 0x00, 0x00, 0x00, 0x00, 0x00, 0x00,
    0x00, 0x00, 0x00, 0x00, 0x00, 0x00, 0x00, 0x00, 0x00, 0x00, 0x00, 0x00, 0x00, 0x00, 0x00, 0x00, 0x00, 0x00, 0x00, 0x00,
    0x00, 0x00, 0x00, 0x00, 0x00, 0x00, 0x00, 0x00, 0x00, 0x00, 0x00, 0x00, 0x00, 0x00, 0x00, 0x00, 0x00, 0x00, 0x00, 0x00,
    0x00, 0x00, 0x00, 0x00, 0x00, 0x00, 0x00, 0x00, 0x00, 0x00, 0x00, 0x00, 0x00, 0x00, 0x00, 0x00, 0x00, 0x00, 0x00, 0x00,
    0x00, 0x00, 0x00, 0x00, 0x00, 0x00, 0x00, 0x00, 0x00, 0x00, 0x00, 0x00, 0x00, 0x00, 0x00, 0x00, 0x00, 0x00, 0x00, 0x00,
    0x00, 0x00, 0x00, 0x00, 0x00, 0x00, 0x00, 0x00, 0x00, 0x00, 0x00, 0x00, 0x00, 0x00, 0x00, 0x00, 0x00, 0x00, 0x00, 0x00,
    0x00, 0x00, 0x00, 0x00, 0x00, 0x00, 0x00, 0x00, 0x00, 0x00, 0x00, 0x00, 0x00, 0x00, 0x00, 0x00, 0x00, 0x00, 0x00, 0x00,
    0x00, 0x00, 0x00, 0x00, 0x00, 0x00, 0x00, 0x00, 0x00, 0x00, 0x00, 0x00, 0x00, 0x00, 0x00, 0x00, 0x00, 0x00, 0x00, 0x00,
    0x00, 0x00, 0x00, 0x00, 0x00, 0x00, 0x00, 0x00, 0x00, 0x00, 0x00, 0x00, 0x00, 0x00, 0x00, 0x00, 0x00, 0x00, 0x00, 0x00,
    0x00, 0x00, 0x00, 0x00, 0x00, 0x00, 0x00, 0x00, 0x00, 0x00, 0x00, 0x00, 0x00, 0x00, 0x00, 0x00, 0x00, 0x00, 0x00, 0x00,
    0x00, 0x00, 0x00, 0x00, 0x00, 0x00, 0x00, 0x00, 0x00, 0x00, 0x00, 0x00, 0x00, 0x00, 0x00, 0x00, 0x00, 0x00, 0x00, 0x00,
    0x00, 0x00, 0x00, 0x00, 0x00, 0x00, 0x00, 0x00, 0x00, 0x00, 0x00, 0x00, 0x00, 0x00, 0x00, 0x00, 0x00, 0x00, 0x00, 0x00,
    0x00, 0x00, 0x00, 0x00, 0x00, 0x00, 0x00, 0x00, 0x00, 0x00, 0x00, 0x00, 0x00, 0x00, 0x00, 0x00, 0x00, 0x00, 0x00, 0x00,
    0x00, 0x00, 0x00, 0x00, 0x00, 0x00, 0x00, 0x00, 0x00, 0x00, 0x00, 0x00, 0x00, 0x00, 0x00, 0x00, 0x00, 0x00, 0x60, 0x10,
    0x41, 0x62, 0x82, 0xbc, 0x06, 0xf6, 0xcb, 0xfe, 0x31, 0xff, 0x54, 0xff, 0x54, 0xff, 0x54, 0xff, 0x53, 0xff, 0x53, 0xff,
    0x53, 0xff, 0x53, 0xff, 0x53, 0xff, 0x53, 0xff, 0x53, 0xff, 0x53, 0xff, 0x53, 0xff, 0x53, 0xff, 0x33, 0xff, 0x32, 0xff,
    0x32, 0xff, 0x32, 0xff, 0x11, 0xff, 0x10, 0xff, 0xf0, 0xfe, 0xce, 0xfe, 0xae, 0xfe, 0x8d, 0xfe, 0x4c, 0xf6, 0x2b, 0xf6,
    0x0a, 0xee, 0xe9, 0xed, 0x43, 0xbc, 0x43, 0xb4, 0x0a, 0xee, 0x6b, 0xf6, 0x6b, 0xf6, 0x6b, 0xee, 0x6b, 0xee, 0x6c, 0xee,
    0xea, 0xe5, 0x63, 0xb4, 0x43, 0xbc, 0x0a, 0xee, 0x6c, 0xf6, 0xae, 0xfe, 0xf0, 0xfe, 0x11, 0xff, 0x32, 0xff, 0x32, 0xff,
    0x32, 0xff, 0x33, 0xff, 0x33, 0xff, 0x33, 0xff, 0x33, 0xff, 0x53, 0xff, 0x31, 0xff, 0xed, 0xfe, 0x47, 0xfe, 0x22, 0xdd,
    0x21, 0x8b, 0xe0, 0x20, 0x00, 0x00, 0x00, 0x00, 0x00, 0x00, 0x00, 0x00, 0x00, 0x00, 0x00, 0x00, 0x00, 0x00, 0x00, 0x00,
    0x00, 0x00, 0x00, 0x00, 0x00, 0x00, 0x00, 0x00, 0x00, 0x00, 0x00, 0x00, 0x00, 0x00, 0x00, 0x00, 0x00, 0x00, 0x00, 0x00,
    0x00, 0x00, 0x00, 0x00, 0x00, 0x00, 0x00, 0x00, 0x00, 0x00, 0x00, 0x00, 0x00, 0x00, 0x00, 0x00, 0x00, 0x00, 0x00, 0x00,
    0x00, 0x00, 0x00, 0x00, 0x00, 0x00, 0x00, 0x00, 0x00, 0x00, 0x00, 0x00, 0x00, 0x00, 0x00, 0x00, 0x00, 0x00, 0x00, 0x00,
    0x00, 0x00, 0x00, 0x00, 0x00, 0x00, 0x00, 0x00, 0x00, 0x00, 0x00, 0x00, 0x00, 0x00, 0x00, 0x00, 0x00, 0x00, 0x00, 0x00,
    0x00, 0x00, 0x00, 0x00, 0x00, 0x00, 0x00, 0x00, 0x00, 0x00, 0x00, 0x00, 0x00, 0x00, 0x00, 0x00, 0x00, 0x00, 0x00, 0x00,
    0x00, 0x00, 0x00, 0x00, 0x00, 0x00, 0x00, 0x00, 0x00, 0x00, 0x00, 0x00, 0x00, 0x00, 0x00, 0x00, 0x00, 0x00, 0x00, 0x00,
    0x00, 0x00, 0x00, 0x00, 0x00, 0x00, 0x00, 0x00, 0x00, 0x00, 0x00, 0x00, 0x00, 0x00, 0x00, 0x00, 0x00, 0x00, 0x00, 0x00,
    0x00, 0x00, 0x00, 0x00, 0x00, 0x00, 0x00, 0x00, 0x00, 0x00, 0x00, 0x00, 0x00, 0x00, 0x00, 0x00, 0x00, 0x00, 0x00, 0x00,
    0x00, 0x00, 0x00, 0x00, 0x00, 0x00, 0x00, 0x00, 0x00, 0x00, 0x00, 0x00, 0x00, 0x00, 0x00, 0x00, 0x00, 0x00, 0x00, 0x00,
    0x00, 0x00, 0x00, 0x00, 0x00, 0x00, 0x00, 0x00, 0x00, 0x00, 0x00, 0x00, 0x00, 0x00, 0x00, 0x00, 0x00, 0x00, 0x00, 0x00,
    0x00, 0x00, 0x00, 0x00, 0x00, 0x00, 0x00, 0x00, 0x00, 0x00, 0x00, 0x00, 0x00, 0x00, 0x00, 0x00, 0x00, 0x00, 0x00, 0x00,
    0x00, 0x00, 0x00, 0x00, 0x00, 0x00, 0x00, 0x00, 0x00, 0x00, 0x00, 0x00, 0x00, 0x00, 0x00, 0x00, 0x00, 0x00, 0x00, 0x00,
    0x00, 0x00, 0x00, 0x00, 0x00, 0x00, 0x00, 0x00, 0x00, 0x00, 0x00, 0x00, 0x00, 0x00, 0x00, 0x00, 0x00, 0x00, 0x00, 0x00,
    0x00, 0x00, 0x00, 0x00, 0x20, 0x31, 0x21, 0x83, 0x23, 0xd5, 0x67, 0xfe, 0xed, 0xfe, 0x31, 0xff, 0x53, 0xff, 0x54, 0xff,
    0x54, 0xff, 0x53, 0xff, 0x53, 0xff, 0x53, 0xff, 0x53, 0xff, 0x53, 0xff, 0x53, 0xff, 0x53, 0xff, 0x33, 0xff, 0x33, 0xff,
    0x33, 0xff, 0x33, 0xff, 0x32, 0xff, 0x32, 0xff, 0x32, 0xff, 0x31, 0xff, 0x11, 0xff, 0xf0, 0xfe, 0xef, 0xfe, 0xcf, 0xfe,
    0x8d, 0xfe, 0x2a, 0xf6, 0xe9, 0xed, 0x84, 0xbc, 0xc2, 0xa3, 0xa5, 0xbc, 0x47, 0xcd, 0x48, 0xcd, 0xc6, 0xc4, 0x03, 0xac,
    0xc1, 0xa3, 0xe5, 0xcc, 0x2b, 0xf6, 0xae, 0xfe, 0xf0, 0xfe, 0x31, 0xff, 0x32, 0xff, 0x33, 0xff, 0x32, 0xff, 0x33, 0xff,
    0x33, 0xff, 0x54, 0xff, 0x54, 0xff, 0x32, 0xff, 0x0e, 0xff, 0xa9, 0xfe, 0xc4, 0xf5, 0x01, 0xb4, 0xc0, 0x51, 0x60, 0x10,
    0x00, 0x00, 0x00, 0x00, 0x00, 0x00, 0x00, 0x00, 0x00, 0x00, 0x00, 0x00, 0x00, 0x00, 0x00, 0x00, 0x00, 0x00, 0x00, 0x00,
    0x00, 0x00, 0x00, 0x00, 0x00, 0x00, 0x00, 0x00, 0x00, 0x00, 0x00, 0x00, 0x00, 0x00, 0x00, 0x00, 0x00, 0x00, 0x00, 0x00,
    0x00, 0x00, 0x00, 0x00, 0x00, 0x00, 0x00, 0x00, 0x00, 0x00, 0x00, 0x00, 0x00, 0x00, 0x00, 0x00, 0x00, 0x00, 0x00, 0x00,
    0x00, 0x00, 0x00, 0x00, 0x00, 0x00, 0x00, 0x00, 0x00, 0x00, 0x00, 0x00, 0x00, 0x00, 0x00, 0x00, 0x00, 0x00, 0x00, 0x00,
    0x00, 0x00, 0x00, 0x00, 0x00, 0x00, 0x00, 0x00, 0x00, 0x00, 0x00, 0x00, 0x00, 0x00, 0x00, 0x00, 0x00, 0x00, 0x00, 0x00,
    0x00, 0x00, 0x00, 0x00, 0x00, 0x00, 0x00, 0x00, 0x00, 0x00, 0x00, 0x00, 0x00, 0x00, 0x00, 0x00, 0x00, 0x00, 0x00, 0x00,
    0x00, 0x00, 0x00, 0x00, 0x00, 0x00, 0x00, 0x00, 0x00, 0x00, 0x00, 0x00, 0x00, 0x00, 0x00, 0x00, 0x00, 0x00, 0x00, 0x00,
    0x00, 0x00, 0x00, 0x00, 0x00, 0x00, 0x00, 0x00, 0x00, 0x00, 0x00, 0x00, 0x00, 0x00, 0x00, 0x00, 0x00, 0x00, 0x00, 0x00,
    0x00, 0x00, 0x00, 0x00, 0x00, 0x00, 0x00, 0x00, 0x00, 0x00, 0x00, 0x00, 0x00, 0x00, 0x00, 0x00, 0x00, 0x00, 0x00, 0x00,
    0x00, 0x00, 0x00, 0x00, 0x00, 0x00, 0x00, 0x00, 0x00, 0x00, 0x00, 0x00, 0x00, 0x00, 0x00, 0x00, 0x00, 0x00, 0x00, 0x00,
    0x00, 0x00, 0x00, 0x00, 0x00, 0x00, 0x00, 0x00, 0x00, 0x00, 0x00, 0x00, 0x00, 0x00, 0x00, 0x00, 0x00, 0x00, 0x00, 0x00,
    0x00, 0x00, 0x00, 0x00, 0x00, 0x00, 0x00, 0x00, 0x00, 0x00, 0x00, 0x00, 0x00, 0x00, 0x00, 0x00, 0x00, 0x00, 0x00, 0x00,
    0x00, 0x00, 0x00, 0x00, 0x00, 0x00, 0x00, 0x00, 0x00, 0x00, 0x00, 0x00, 0x00, 0x00, 0x00, 0x00, 0x00, 0x00, 0x00, 0x00,
    0x00, 0x00, 0x00, 0x00, 0x00, 0x00, 0x00, 0x00, 0x00, 0x00, 0x00, 0x00, 0x00, 0x00, 0x00, 0x00, 0x00, 0x00, 0x00, 0x00,
    0x00, 0x00, 0x00, 0x00, 0x00, 0x00, 0x00, 0x00, 0x40, 0x08, 0xa0, 0x41, 0x61, 0x93, 0x23, 0xdd, 0x47, 0xfe, 0xeb, 0xfe,
    0x2f, 0xff, 0x52, 0xff, 0x54, 0xff, 0x54, 0xff, 0x54, 0xff, 0x53, 0xff, 0x53, 0xff, 0x53, 0xff, 0x33, 0xff, 0x33, 0xff,
    0x33, 0xff, 0x33, 0xff, 0x33, 0xff, 0x33, 0xff, 0x33, 0xff, 0x32, 0xff, 0x32, 0xff, 0x32, 0xff, 0x11, 0xff, 0x11, 0xff,
    0xef, 0xfe, 0x8d, 0xfe, 0x4b, 0xf6, 0x4b, 0xf6, 0xc9, 0xed, 0x06, 0xd5, 0x84, 0xc4, 0x63, 0xbc, 0xa4, 0xc4, 0x27, 0xd5,
    0xea, 0xed, 0x6c, 0xf6, 0xcf, 0xfe, 0x31, 0xff, 0x32, 0xff, 0x33, 0xff, 0x53, 0xff, 0x54, 0xff, 0x54, 0xff, 0x53, 0xff,
    0x31, 0xff, 0x0e, 0xff, 0xa9, 0xfe, 0xe5, 0xf5, 0x62, 0xbc, 0xa1, 0x72, 0xe0, 0x20, 0x00, 0x00, 0x00, 0x00, 0x00, 0x00,
    0x00, 0x00, 0x00, 0x00, 0x00, 0x00, 0x00, 0x00, 0x00, 0x00, 0x00, 0x00, 0x00, 0x00, 0x00, 0x00, 0x00, 0x00, 0x00, 0x00,
    0x00, 0x00, 0x00, 0x00, 0x00, 0x00, 0x00, 0x00, 0x00, 0x00, 0x00, 0x00, 0x00, 0x00, 0x00, 0x00, 0x00, 0x00, 0x00, 0x00,
    0x00, 0x00, 0x00, 0x00, 0x00, 0x00, 0x00, 0x00, 0x00, 0x00, 0x00, 0x00, 0x00, 0x00, 0x00, 0x00, 0x00, 0x00, 0x00, 0x00,
    0x00, 0x00, 0x00, 0x00, 0x00, 0x00, 0x00, 0x00, 0x00, 0x00, 0x00, 0x00, 0x00, 0x00, 0x00, 0x00, 0x00, 0x00, 0x00, 0x00,
    0x00, 0x00, 0x00, 0x00, 0x00, 0x00, 0x00, 0x00, 0x00, 0x00, 0x00, 0x00, 0x00, 0x00, 0x00, 0x00, 0x00, 0x00, 0x00, 0x00,
    0x00, 0x00, 0x00, 0x00, 0x00, 0x00, 0x00, 0x00, 0x00, 0x00, 0x00, 0x00, 0x00, 0x00, 0x00, 0x00, 0x00, 0x00, 0x00, 0x00,
    0x00, 0x00, 0x00, 0x00, 0x00, 0x00, 0x00, 0x00, 0x00, 0x00, 0x00, 0x00, 0x00, 0x00, 0x00, 0x00, 0x00, 0x00, 0x00, 0x00,
    0x00, 0x00, 0x00, 0x00, 0x00, 0x00, 0x00, 0x00, 0x00, 0x00, 0x00, 0x00, 0x00, 0x00, 0x00, 0x00, 0x00, 0x00, 0x00, 0x00,
    0x00, 0x00, 0x00, 0x00, 0x00, 0x00, 0x00, 0x00, 0x00, 0x00, 0x00, 0x00, 0x00, 0x00, 0x00, 0x00, 0x00, 0x00, 0x00, 0x00,
    0x00, 0x00, 0x00, 0x00, 0x00, 0x00, 0x00, 0x00, 0x00, 0x00, 0x00, 0x00, 0x00, 0x00, 0x00, 0x00, 0x00, 0x00, 0x00, 0x00,
    0x00, 0x00, 0x00, 0x00, 0x00, 0x00, 0x00, 0x00, 0x00, 0x00, 0x00, 0x00, 0x00, 0x00, 0x00, 0x00, 0x00, 0x00, 0x00, 0x00,
    0x00, 0x00, 0x00, 0x00, 0x00, 0x00, 0x00, 0x00, 0x00, 0x00, 0x00, 0x00, 0x00, 0x00, 0x00, 0x00, 0x00, 0x00, 0x00, 0x00,
    0x00, 0x00, 0x00, 0x00, 0x00, 0x00, 0x00, 0x00, 0x00, 0x00, 0x00, 0x00, 0x00, 0x00, 0x00, 0x00, 0x00, 0x00, 0x00, 0x00,
    0x00, 0x00, 0x00, 0x00, 0x00, 0x00, 0x00, 0x00, 0x00, 0x00, 0x00, 0x00, 0x00, 0x00, 0x00, 0x00, 0x00, 0x00, 0x00, 0x00,
    0x00, 0x00, 0x00, 0x00, 0x00, 0x00, 0x00, 0x00, 0x00, 0x00, 0x00, 0x00, 0x00, 0x00, 0x40, 0x08, 0x60, 0x39, 0x00, 0x83,
    0xa2, 0xc4, 0xc4, 0xed, 0x88, 0xfe, 0xec, 0xfe, 0x30, 0xff, 0x52, 0xff, 0x53, 0xff, 0x54, 0xff, 0x54, 0xff, 0x53, 0xff,
    0x53, 0xff, 0x53, 0xff, 0x33, 0xff, 0x33, 0xff, 0x33, 0xff, 0x33, 0xff, 0x32, 0xff, 0x32, 0xff, 0x32, 0xff, 0x32, 0xff,
    0x31, 0xff, 0x11, 0xff, 0xcf, 0xfe, 0x8d, 0xfe, 0x6c, 0xf6, 0x4b, 0xf6, 0x4b, 0xf6, 0x4b, 0xf6, 0x4b, 0xf6, 0x6c, 0xfe,
    0xcf, 0xfe, 0x11, 0xff, 0x33, 0xff, 0x53, 0xff, 0x53, 0xff, 0x53, 0xff, 0x31, 0xff, 0x0e, 0xff, 0xca, 0xfe, 0x47, 0xfe,
    0x43, 0xdd, 0x01, 0xac, 0x80, 0x6a, 0xe0, 0x28, 0x00, 0x00, 0x00, 0x00, 0x00, 0x00, 0x00, 0x00, 0x00, 0x00, 0x00, 0x00,
    0x00, 0x00, 0x00, 0x00, 0x00, 0x00, 0x00, 0x00, 0x00, 0x00, 0x00, 0x00, 0x00, 0x00, 0x00, 0x00, 0x00, 0x00, 0x00, 0x00,
    0x00, 0x00, 0x00, 0x00, 0x00, 0x00, 0x00, 0x00, 0x00, 0x00, 0x00, 0x00, 0x00, 0x00, 0x00, 0x00, 0x00, 0x00, 0x00, 0x00,
    0x00, 0x00, 0x00, 0x00, 0x00, 0x00, 0x00, 0x00, 0x00, 0x00, 0x00, 0x00, 0x00, 0x00, 0x00, 0x00, 0x00, 0x00, 0x00, 0x00,
    0x00, 0x00, 0x00, 0x00, 0x00, 0x00, 0x00, 0x00, 0x00, 0x00, 0x00, 0x00, 0x00, 0x00, 0x00, 0x00, 0x00, 0x00, 0x00, 0x00,
    0x00, 0x00, 0x00, 0x00, 0x00, 0x00, 0x00, 0x00, 0x00, 0x00, 0x00, 0x00, 0x00, 0x00, 0x00, 0x00, 0x00, 0x00, 0x00, 0x00,
    0x00, 0x00, 0x00, 0x00, 0x00, 0x00, 0x00, 0x00, 0x00, 0x00, 0x00, 0x00, 0x00, 0x00, 0x00, 0x00, 0x00, 0x00, 0x00, 0x00,
    0x00, 0x00, 0x00, 0x00, 0x00, 0x00, 0x00, 0x00, 0x00, 0x00, 0x00, 0x00, 0x00, 0x00, 0x00, 0x00, 0x00, 0x00, 0x00, 0x00,
    0x00, 0x00, 0x00, 0x00, 0x00, 0x00, 0x00, 0x00, 0x00, 0x00, 0x00, 0x00, 0x00, 0x00, 0x00, 0x00, 0x00, 0x00, 0x00, 0x00,
    0x00, 0x00, 0x00, 0x00, 0x00, 0x00, 0x00, 0x00, 0x00, 0x00, 0x00, 0x00, 0x00, 0x00, 0x00, 0x00, 0x00, 0x00, 0x00, 0x00,
    0x00, 0x00, 0x00, 0x00, 0x00, 0x00, 0x00, 0x00, 0x00, 0x00, 0x00, 0x00, 0x00, 0x00, 0x00, 0x00, 0x00, 0x00, 0x00, 0x00,
    0x00, 0x00, 0x00, 0x00, 0x00, 0x00, 0x00, 0x00, 0x00, 0x00, 0x00, 0x00, 0x00, 0x00, 0x00, 0x00, 0x00, 0x00, 0x00, 0x00,
    0x00, 0x00, 0x00, 0x00, 0x00, 0x00, 0x00, 0x00, 0x00, 0x00, 0x00, 0x00, 0x00, 0x00, 0x00, 0x00, 0x00, 0x00, 0x00, 0x00,
    0x00, 0x00, 0x00, 0x00, 0x00, 0x00, 0x00, 0x00, 0x00, 0x00, 0x00, 0x00, 0x00, 0x00, 0x00, 0x00, 0x00, 0x00, 0x00, 0x00,
    0x00, 0x00, 0x00, 0x00, 0x00, 0x00, 0x00, 0x00, 0x00, 0x00, 0x00, 0x00, 0x00, 0x00, 0x00, 0x00, 0x00, 0x00, 0x00, 0x00,
    0x00, 0x00, 0x00, 0x00, 0x00, 0x00, 0x00, 0x00, 0x00, 0x00, 0x00, 0x00, 0x00, 0x00, 0x00, 0x00, 0x00, 0x00, 0x00, 0x00,
    0x00, 0x00, 0xa0, 0x18, 0xc0, 0x49, 0x21, 0x8b, 0x62, 0xbc, 0x64, 0xe5, 0x26, 0xfe, 0xa9, 0xfe, 0xeb, 0xfe, 0x0e, 0xff,
    0x30, 0xff, 0x32, 0xff, 0x32, 0xff, 0x33, 0xff, 0x53, 0xff, 0x53, 0xff, 0x53, 0xff, 0x33, 0xff, 0x33, 0xff, 0x53, 0xff,
    0x53, 0xff, 0x53, 0xff, 0x33, 0xff, 0x12, 0xff, 0xf1, 0xfe, 0xf0, 0xfe, 0xd0, 0xfe, 0xf0, 0xfe, 0xf0, 0xfe, 0x11, 0xff,
    0x10, 0xff, 0x0f, 0xff, 0x0d, 0xff, 0xeb, 0xfe, 0x88, 0xfe, 0x05, 0xf6, 0x43, 0xdd, 0x22, 0xb4, 0xa0, 0x72, 0x60, 0x39,
    0x60, 0x10, 0x00, 0x00, 0x00, 0x00, 0x00, 0x00, 0x00, 0x00, 0x00, 0x00, 0x00, 0x00, 0x00, 0x00, 0x00, 0x00, 0x00, 0x00,
    0x00, 0x00, 0x00, 0x00, 0x00, 0x00, 0x00, 0x00, 0x00, 0x00, 0x00, 0x00, 0x00, 0x00, 0x00, 0x00, 0x00, 0x00, 0x00, 0x00,
    0x00, 0x00, 0x00, 0x00, 0x00, 0x00, 0x00, 0x00, 0x00, 0x00, 0x00, 0x00, 0x00, 0x00, 0x00, 0x00, 0x00, 0x00, 0x00, 0x00,
    0x00, 0x00, 0x00, 0x00, 0x00, 0x00, 0x00, 0x00, 0x00, 0x00, 0x00, 0x00, 0x00, 0x00, 0x00, 0x00, 0x00, 0x00, 0x00, 0x00,
    0x00, 0x00, 0x00, 0x00, 0x00, 0x00, 0x00, 0x00, 0x00, 0x00, 0x00, 0x00, 0x00, 0x00, 0x00, 0x00, 0x00, 0x00, 0x00, 0x00,
    0x00, 0x00, 0x00, 0x00, 0x00, 0x00, 0x00, 0x00, 0x00, 0x00, 0x00, 0x00, 0x00, 0x00, 0x00, 0x00, 0x00, 0x00, 0x00, 0x00,
    0x00, 0x00, 0x00, 0x00, 0x00, 0x00, 0x00, 0x00, 0x00, 0x00, 0x00, 0x00, 0x00, 0x00, 0x00, 0x00, 0x00, 0x00, 0x00, 0x00,
    0x00, 0x00, 0x00, 0x00, 0x00, 0x00, 0x00, 0x00, 0x00, 0x00, 0x00, 0x00, 0x00, 0x00, 0x00, 0x00, 0x00, 0x00, 0x00, 0x00,
    0x00, 0x00, 0x00, 0x00, 0x00, 0x00, 0x00, 0x00, 0x00, 0x00, 0x00, 0x00, 0x00, 0x00, 0x00, 0x00, 0x00, 0x00, 0x00, 0x00,
    0x00, 0x00, 0x00, 0x00, 0x00, 0x00, 0x00, 0x00, 0x00, 0x00, 0x00, 0x00, 0x00, 0x00, 0x00, 0x00, 0x00, 0x00, 0x00, 0x00,
    0x00, 0x00, 0x00, 0x00, 0x00, 0x00, 0x00, 0x00, 0x00, 0x00, 0x00, 0x00, 0x00, 0x00, 0x00, 0x00, 0x00, 0x00, 0x00, 0x00,
    0x00, 0x00, 0x00, 0x00, 0x00, 0x00, 0x00, 0x00, 0x00, 0x00, 0x00, 0x00, 0x00, 0x00, 0x00, 0x00, 0x00, 0x00, 0x00, 0x00,
    0x00, 0x00, 0x00, 0x00, 0x00, 0x00, 0x00, 0x00, 0x00, 0x00, 0x00, 0x00, 0x00, 0x00, 0x00, 0x00, 0x00, 0x00, 0x00, 0x00,
    0x00, 0x00, 0x00, 0x00, 0x00, 0x00, 0x00, 0x00, 0x00, 0x00, 0x00, 0x00, 0x00, 0x00, 0x00, 0x00, 0x00, 0x00, 0x00, 0x00,
    0x00, 0x00, 0x00, 0x00, 0x00, 0x00, 0x00, 0x00, 0x00, 0x00, 0x00, 0x00, 0x00, 0x00, 0x00, 0x00, 0x00, 0x00, 0x00, 0x00,
    0x00, 0x00, 0x00, 0x00, 0x00, 0x00, 0x00, 0x00, 0x00, 0x00, 0x00, 0x00, 0x00, 0x00, 0x00, 0x00, 0x00, 0x00, 0x00, 0x00,
    0x00, 0x00, 0x00, 0x00, 0x00, 0x00, 0x00, 0x00, 0x00, 0x00, 0x60, 0x10, 0x40, 0x31, 0x20, 0x5a, 0x01, 0x83, 0xe1, 0xa3,
    0xc2, 0xcc, 0x44, 0xdd, 0xc5, 0xed, 0x26, 0xf6, 0x68, 0xfe, 0x88, 0xfe, 0xa9, 0xfe, 0xaa, 0xfe, 0xca, 0xfe, 0xcb, 0xfe,
    0xcb, 0xfe, 0xcb, 0xfe, 0xcb, 0xfe, 0xaa, 0xfe, 0xa9, 0xfe, 0x89, 0xfe, 0x88, 0xfe, 0x47, 0xfe, 0x06, 0xf6, 0xa5, 0xed,
    0x43, 0xdd, 0xa2, 0xc4, 0xe1, 0xa3, 0x01, 0x83, 0x00, 0x52, 0x00, 0x29, 0x60, 0x10, 0x00, 0x00, 0x00, 0x00, 0x00, 0x00,
    0x00, 0x00, 0x00, 0x00, 0x00, 0x00, 0x00, 0x00, 0x00, 0x00, 0x00, 0x00, 0x00, 0x00, 0x00, 0x00, 0x00, 0x00, 0x00, 0x00,
    0x00, 0x00, 0x00, 0x00, 0x00, 0x00, 0x00, 0x00, 0x00, 0x00, 0x00, 0x00, 0x00, 0x00, 0x00, 0x00, 0x00, 0x00, 0x00, 0x00,
    0x00, 0x00, 0x00, 0x00, 0x00, 0x00, 0x00, 0x00, 0x00, 0x00, 0x00, 0x00, 0x00, 0x00, 0x00, 0x00, 0x00, 0x00, 0x00, 0x00,
    0x00, 0x00, 0x00, 0x00, 0x00, 0x00, 0x00, 0x00, 0x00, 0x00, 0x00, 0x00, 0x00, 0x00, 0x00, 0x00, 0x00, 0x00, 0x00, 0x00,
    0x00, 0x00, 0x00, 0x00, 0x00, 0x00, 0x00, 0x00, 0x00, 0x00, 0x00, 0x00, 0x00, 0x00, 0x00, 0x00, 0x00, 0x00, 0x00, 0x00,
    0x00, 0x00, 0x00, 0x00, 0x00, 0x00, 0x00, 0x00, 0x00, 0x00, 0x00, 0x00, 0x00, 0x00, 0x00, 0x00, 0x00, 0x00, 0x00, 0x00,
    0x00, 0x00, 0x00, 0x00, 0x00, 0x00, 0x00, 0x00, 0x00, 0x00, 0x00, 0x00, 0x00, 0x00, 0x00, 0x00, 0x00, 0x00, 0x00, 0x00,
    0x00, 0x00, 0x00, 0x00, 0x00, 0x00, 0x00, 0x00, 0x00, 0x00, 0x00, 0x00, 0x00, 0x00, 0x00, 0x00, 0x00, 0x00, 0x00, 0x00,
    0x00, 0x00, 0x00, 0x00, 0x00, 0x00, 0x00, 0x00, 0x00, 0x00, 0x00, 0x00, 0x00, 0x00, 0x00, 0x00, 0x00, 0x00, 0x00, 0x00,
    0x00, 0x00, 0x00, 0x00, 0x00, 0x00, 0x00, 0x00, 0x00, 0x00, 0x00, 0x00, 0x00, 0x00, 0x00, 0x00, 0x00, 0x00, 0x00, 0x00,
    0x00, 0x00, 0x00, 0x00, 0x00, 0x00, 0x00, 0x00, 0x00, 0x00, 0x00, 0x00, 0x00, 0x00, 0x00, 0x00, 0x00, 0x00, 0x00, 0x00,
    0x00, 0x00, 0x00, 0x00, 0x00, 0x00, 0x00, 0x00, 0x00, 0x00, 0x00, 0x00, 0x00, 0x00, 0x00, 0x00, 0x00, 0x00, 0x00, 0x00,
    0x00, 0x00, 0x00, 0x00, 0x00, 0x00, 0x00, 0x00, 0x00, 0x00, 0x00, 0x00, 0x00, 0x00, 0x00, 0x00, 0x00, 0x00, 0x00, 0x00,
    0x00, 0x00, 0x00, 0x00, 0x00, 0x00, 0x00, 0x00, 0x00, 0x00, 0x00, 0x00, 0x00, 0x00, 0x00, 0x00, 0x00, 0x00, 0x00, 0x00,
    0x00, 0x00, 0x00, 0x00, 0x00, 0x00, 0x00, 0x00, 0x00, 0x00, 0x00, 0x00, 0x00, 0x00, 0x00, 0x00, 0x00, 0x00, 0x00, 0x00,
    0x00, 0x00, 0x00, 0x00, 0x00, 0x00, 0x00, 0x00, 0x00, 0x00, 0x00, 0x00, 0x00, 0x00, 0x00, 0x00, 0x00, 0x00, 0x00, 0x00,
    0x00, 0x00, 0x00, 0x00, 0x00, 0x00, 0x00, 0x00, 0x00, 0x00, 0x00, 0x00, 0x00, 0x00, 0x00, 0x00, 0x00, 0x00, 0x00, 0x00,
    0x00, 0x00, 0x60, 0x10, 0xc0, 0x20, 0x20, 0x31, 0x60, 0x39, 0xe0, 0x49, 0x20, 0x5a, 0x60, 0x6a, 0xa0, 0x72, 0xc0, 0x72,
    0xc0, 0x7a, 0xc0, 0x7a, 0xa0, 0x72, 0x80, 0x72, 0x40, 0x62, 0x00, 0x5a, 0xc0, 0x49, 0x60, 0x39, 0x00, 0x29, 0xa0, 0x18,
    0x60, 0x10, 0x00, 0x00, 0x00, 0x00, 0x00, 0x00, 0x00, 0x00, 0x00, 0x00, 0x00, 0x00, 0x00, 0x00, 0x00, 0x00, 0x00, 0x00,
    0x00, 0x00, 0x00, 0x00, 0x00, 0x00, 0x00, 0x00, 0x00, 0x00, 0x00, 0x00, 0x00, 0x00, 0x00, 0x00, 0x00, 0x00, 0x00, 0x00,
    0x00, 0x00, 0x00, 0x00, 0x00, 0x00, 0x00, 0x00, 0x00, 0x00, 0x00, 0x00, 0x00, 0x00, 0x00, 0x00, 0x00, 0x00, 0x00, 0x00,
    0x00, 0x00, 0x00, 0x00, 0x00, 0x00, 0x00, 0x00, 0x00, 0x00, 0x00, 0x00, 0x00, 0x00, 0x00, 0x00, 0x00, 0x00, 0x00, 0x00,
    0x00, 0x00, 0x00, 0x00, 0x00, 0x00, 0x00, 0x00, 0x00, 0x00, 0x00, 0x00, 0x00, 0x00, 0x00, 0x00, 0x00, 0x00, 0x00, 0x00,
    0x00, 0x00, 0x00, 0x00, 0x00, 0x00, 0x00, 0x00, 0x00, 0x00, 0x00, 0x00, 0x00, 0x00, 0x00, 0x00, 0x00, 0x00, 0x00, 0x00,
    0x00, 0x00, 0x00, 0x00, 0x00, 0x00, 0x00, 0x00, 0x00, 0x00, 0x00, 0x00, 0x00, 0x00, 0x00, 0x00, 0x00, 0x00, 0x00, 0x00,
    0x00, 0x00, 0x00, 0x00, 0x00, 0x00, 0x00, 0x00, 0x00, 0x00, 0x00, 0x00, 0x00, 0x00, 0x00, 0x00, 0x00, 0x00, 0x00, 0x00,
    0x00, 0x00, 0x00, 0x00, 0x00, 0x00, 0x00, 0x00, 0x00, 0x00, 0x00, 0x00, 0x00, 0x00, 0x00, 0x00, 0x00, 0x00, 0x00, 0x00,
    0x00, 0x00, 0x00, 0x00, 0x00, 0x00, 0x00, 0x00, 0x00, 0x00, 0x00, 0x00, 0x00, 0x00, 0x00, 0x00, 0x00, 0x00, 0x00, 0x00,
    0x00, 0x00, 0x00, 0x00, 0x00, 0x00, 0x00, 0x00, 0x00, 0x00, 0x00, 0x00, 0x00, 0x00, 0x00, 0x00, 0x00, 0x00, 0x00, 0x00,
    0x00, 0x00, 0x00, 0x00, 0x00, 0x00, 0x00, 0x00, 0x00, 0x00, 0x00, 0x00, 0x00, 0x00, 0x00, 0x00, 0x00, 0x00, 0x00, 0x00,
    0x00, 0x00, 0x00, 0x00, 0x00, 0x00, 0x00, 0x00, 0x00, 0x00, 0x00, 0x00, 0x00, 0x00, 0x00, 0x00, 0x00, 0x00, 0x00, 0x00,
    0x00, 0x00, 0x00, 0x00, 0x00, 0x00, 0x00, 0x00, 0x00, 0x00, 0x00, 0x00, 0x00, 0x00, 0x00, 0x00, 0x00, 0x00, 0x00, 0x00,
    0x00, 0x00, 0x00, 0x00, 0x00, 0x00, 0x00, 0x00, 0x00, 0x00, 0x00, 0x00, 0x00, 0x00, 0x00, 0x00, 0x00, 0x00, 0x00, 0x00,
    0x00, 0x00, 0x00, 0x00, 0x00, 0x00, 0x00, 0x00, 0x00, 0x00, 0x00, 0x00, 0x00, 0x00, 0x00, 0x00, 0x00, 0x00, 0x00, 0x00,
    0x00, 0x00, 0x00, 0x00, 0x00, 0x00, 0x00, 0x00, 0x00, 0x00, 0x00, 0x00, 0x00, 0x00, 0x00, 0x00, 0x00, 0x00, 0x00, 0x00,
    0x00, 0x00, 0x00, 0x00, 0x00, 0x00, 0x00, 0x00, 0x00, 0x00, 0x00, 0x00, 0x00, 0x00, 0x00, 0x00, 0x00, 0x00, 0x00, 0x00,
    0x00, 0x00, 0x00, 0x00, 0x00, 0x00, 0x00, 0x00, 0x00, 0x00, 0x00, 0x00, 0x00, 0x00, 0x00, 0x00, 0x00, 0x00, 0x00, 0x00,
    0x00, 0x00, 0x00, 0x00, 0x00, 0x00, 0x00, 0x00, 0x00, 0x00, 0x00, 0x00, 0x00, 0x00, 0x00, 0x00, 0x00, 0x00, 0x00, 0x00,
    0x00, 0x00, 0x00, 0x00, 0x00, 0x00, 0x00, 0x00, 0x00, 0x00, 0x00, 0x00, 0x00, 0x00, 0x00, 0x00, 0x00, 0x00, 0x00, 0x00,
    0x00, 0x00, 0x00, 0x00, 0x00, 0x00, 0x00, 0x00, 0x00, 0x00, 0x00, 0x00, 0x00, 0x00, 0x00, 0x00, 0x00, 0x00, 0x00, 0x00,
    0x00, 0x00, 0x00, 0x00, 0x00, 0x00, 0x00, 0x00, 0x00, 0x00, 0x00, 0x00, 0x00, 0x00, 0x00, 0x00, 0x00, 0x00, 0x00, 0x00,
    0x00, 0x00, 0x00, 0x00, 0x00, 0x00, 0x00, 0x00, 0x00, 0x00, 0x00, 0x00, 0x00, 0x00, 0x00, 0x00, 0x00, 0x00, 0x00, 0x00,
    0x00, 0x00, 0x00, 0x00, 0x00, 0x00, 0x00, 0x00, 0x00, 0x00, 0x00, 0x00, 0x00, 0x00, 0x00, 0x00, 0x00, 0x00, 0x00, 0x00,
    0x00, 0x00, 0x00, 0x00, 0x00, 0x00, 0x00, 0x00, 0x00, 0x00, 0x00, 0x00, 0x00, 0x00, 0x00, 0x00, 0x00, 0x00, 0x00, 0x00,
    0x00, 0x00, 0x00, 0x00, 0x00, 0x00, 0x00, 0x00, 0x00, 0x00, 0x00, 0x00, 0x00, 0x00, 0x00, 0x00, 0x00, 0x00, 0x00, 0x00,
    0x00, 0x00, 0x00, 0x00, 0x00, 0x00, 0x00, 0x00, 0x00, 0x00, 0x00, 0x00, 0x00, 0x00, 0x00, 0x00, 0x00, 0x00, 0x00, 0x00,
    0x00, 0x00, 0x00, 0x00, 0x00, 0x00, 0x00, 0x00, 0x00, 0x00, 0x00, 0x00, 0x00, 0x00, 0x00, 0x00, 0x00, 0x00, 0x00, 0x00,
    0x00, 0x00, 0x00, 0x00, 0x00, 0x00, 0x00, 0x00, 0x00, 0x00, 0x00, 0x00, 0x00, 0x00, 0x00, 0x00, 0x00, 0x00, 0x00, 0x00,
    0x00, 0x00, 0x00, 0x00, 0x00, 0x00, 0x00, 0x00, 0x00, 0x00, 0x00, 0x00, 0x00, 0x00, 0x00, 0x00, 0x00, 0x00, 0x00, 0x00,
    0x00, 0x00, 0x00, 0x00, 0x00, 0x00, 0x00, 0x00, 0x00, 0x00, 0x00, 0x00, 0x00, 0x00, 0x00, 0x00, 0x00, 0x00, 0x00, 0x00,
    0x00, 0x00, 0x00, 0x00, 0x00, 0x00, 0x00, 0x00, 0x00, 0x00, 0x00, 0x00, 0x00, 0x00, 0x00, 0x00, 0x00, 0x00, 0x00, 0x00,
    0x00, 0x00, 0x00, 0x00, 0x00, 0x00, 0x00, 0x00, 0x00, 0x00, 0x00, 0x00, 0x00, 0x00, 0x00, 0x00, 0x00, 0x00, 0x00, 0x00,
    0x00, 0x00, 0x00, 0x00, 0x00, 0x00, 0x00, 0x00, 0x00, 0x00, 0x00, 0x00, 0x00, 0x00, 0x00, 0x00, 0x00, 0x00, 0x00, 0x00,
    0x00, 0x00, 0x00, 0x00, 0x00, 0x00, 0x00, 0x00, 0x00, 0x00, 0x00, 0x00, 0x00, 0x00, 0x00, 0x00, 0x00, 0x00, 0x00, 0x00,
    0x00, 0x00, 0x00, 0x00, 0x00, 0x00, 0x00, 0x00, 0x00, 0x00, 0x00, 0x00, 0x00, 0x00, 0x00, 0x00, 0x00, 0x00, 0x00, 0x00,
    0x00, 0x00, 0x00, 0x00, 0x00, 0x00, 0x00, 0x00, 0x00, 0x00, 0x00, 0x00, 0x00, 0x00, 0x00, 0x00, 0x00, 0x00, 0x00, 0x00,
    0x00, 0x00, 0x00, 0x00, 0x00, 0x00, 0x00, 0x00, 0x00, 0x00, 0x00, 0x00, 0x00, 0x00, 0x00, 0x00, 0x00, 0x00, 0x00, 0x00,
    0x00, 0x00, 0x00, 0x00, 0x00, 0x00, 0x00, 0x00, 0x00, 0x00, 0x00, 0x00, 0x00, 0x00, 0x00, 0x00, 0x00, 0x00, 0x00, 0x00,
    0x00, 0x00, 0x00, 0x00, 0x00, 0x00, 0x00, 0x00, 0x00, 0x00, 0x00, 0x00, 0x00, 0x00, 0x00, 0x00, 0x00, 0x00, 0x00, 0x00,
    0x00, 0x00, 0x00, 0x00, 0x00, 0x00, 0x00, 0x00, 0x00, 0x00, 0x00, 0x00, 0x00, 0x00, 0x00, 0x00, 0x00, 0x00, 0x00, 0x00,
    0x00, 0x00, 0x00, 0x00, 0x00, 0x00, 0x00, 0x00, 0x00, 0x00, 0x00, 0x00, 0x00, 0x00, 0x00, 0x00, 0x00, 0x00, 0x00, 0x00,
    0x00, 0x00, 0x00, 0x00, 0x00, 0x00, 0x00, 0x00, 0x00, 0x00, 0x00, 0x00, 0x00, 0x00, 0x00, 0x00, 0x00, 0x00, 0x00, 0x00,
    0x00, 0x00, 0x00, 0x00, 0x00, 0x00, 0x00, 0x00, 0x00, 0x00, 0x00, 0x00, 0x00, 0x00, 0x00, 0x00, 0x00, 0x00, 0x00, 0x00,
    0x00, 0x00, 0x00, 0x00, 0x00, 0x00, 0x00, 0x00, 0x00, 0x00, 0x00, 0x00, 0x00, 0x00, 0x00, 0x00, 0x00, 0x00, 0x00, 0x00,
    0x00, 0x00, 0x00, 0x00, 0x00, 0x00, 0x00, 0x00, 0x00, 0x00, 0x00, 0x00, 0x00, 0x00, 0x00, 0x00, 0x00, 0x00, 0x00, 0x00,
    0x00, 0x00, 0x00, 0x00, 0x00, 0x00, 0x00, 0x00, 0x00, 0x00, 0x00, 0x00, 0x00, 0x00, 0x00, 0x00, 0x00, 0x00, 0x00, 0x00,
    0x00, 0x00, 0x00, 0x00, 0x00, 0x00, 0x00, 0x00, 0x00, 0x00, 0x00, 0x00, 0x00, 0x00, 0x00, 0x00, 0x00, 0x00, 0x00, 0x00,
    0x00, 0x00, 0x00, 0x00, 0x00, 0x00, 0x00, 0x00, 0x00, 0x00, 0x00, 0x00, 0x00, 0x00, 0x00, 0x00, 0x00, 0x00, 0x00, 0x00,
    0x00, 0x00, 0x00, 0x00, 0x00, 0x00, 0x00, 0x00, 0x00, 0x00, 0x00, 0x00, 0x00, 0x00, 0x00, 0x00, 0x00, 0x00, 0x00, 0x00,
    0x00, 0x00, 0x00, 0x00, 0x00, 0x00, 0x00, 0x00, 0x00, 0x00, 0x00, 0x00, 0x00, 0x00, 0x00, 0x00, 0x00, 0x00, 0x00, 0x00,
    0x00, 0x00, 0x00, 0x00, 0x00, 0x00, 0x00, 0x00, 0x00, 0x00, 0x00, 0x00, 0x00, 0x00, 0x00, 0x00, 0x00, 0x00, 0x00, 0x00,
    0x00, 0x00, 0x00, 0x00, 0x00, 0x00, 0x00, 0x00, 0x00, 0x00, 0x00, 0x00, 0x00, 0x00, 0x00, 0x00, 0x00, 0x00, 0x00, 0x00,
    0x00, 0x00, 0x00, 0x00, 0x00, 0x00, 0x00, 0x00, 0x00, 0x00, 0x00, 0x00, 0x00, 0x00, 0x00, 0x00, 0x00, 0x00, 0x00, 0x00,
    0x00, 0x00, 0x00, 0x00, 0x00, 0x00, 0x00, 0x00, 0x00, 0x00, 0x00, 0x00, 0x00, 0x00, 0x00, 0x00, 0x00, 0x00, 0x00, 0x00,
    0x00, 0x00, 0x00, 0x00, 0x00, 0x00, 0x00, 0x00, 0x00, 0x00, 0x00, 0x00, 0x00, 0x00, 0x00, 0x00, 0x00, 0x00, 0x00, 0x00,
    0x00, 0x00, 0x00, 0x00, 0x00, 0x00, 0x00, 0x00, 0x00, 0x00, 0x00, 0x00, 0x00, 0x00, 0x00, 0x00, 0x00, 0x00, 0x00, 0x00,
    0x00, 0x00, 0x00, 0x00, 0x00, 0x00, 0x00, 0x00, 0x00, 0x00, 0x00, 0x00, 0x00, 0x00, 0x00, 0x00, 0x00, 0x00, 0x00, 0x00,
    0x00, 0x00, 0x00, 0x00, 0x00, 0x00, 0x00, 0x00, 0x00, 0x00, 0x00, 0x00, 0x00, 0x00, 0x00, 0x00, 0x00, 0x00, 0x00, 0x00,
    0x00, 0x00, 0x00, 0x00, 0x00, 0x00, 0x00, 0x00, 0x00, 0x00, 0x00, 0x00, 0x00, 0x00, 0x00, 0x00, 0x00, 0x00, 0x00, 0x00,
    0x00, 0x00, 0x00, 0x00, 0x00, 0x00, 0x00, 0x00, 0x00, 0x00, 0x00, 0x00, 0x00, 0x00, 0x00, 0x00, 0x00, 0x00, 0x00, 0x00,
    0x00, 0x00, 0x00, 0x00, 0x00, 0x00, 0x00, 0x00, 0x00, 0x00, 0x00, 0x00, 0x00, 0x00, 0x00, 0x00, 0x00, 0x00, 0x00, 0x00,
    0x00, 0x00, 0x00, 0x00, 0x00, 0x00, 0x00, 0x00, 0x00, 0x00, 0x00, 0x00, 0x00, 0x00, 0x00, 0x00, 0x00, 0x00, 0x00, 0x00,
    0x00, 0x00, 0x00, 0x00, 0x00, 0x00, 0x00, 0x00, 0x00, 0x00, 0x00, 0x00, 0x00, 0x00, 0x00, 0x00, 0x00, 0x00, 0x00, 0x00,
    0x00, 0x00, 0x00, 0x00, 0x00, 0x00, 0x00, 0x00, 0x00, 0x00, 0x00, 0x00, 0x00, 0x00, 0x00, 0x00, 0x00, 0x00, 0x00, 0x00,
    0x00, 0x00, 0x00, 0x00, 0x00, 0x00, 0x00, 0x00, 0x00, 0x00, 0x00, 0x00, 0x00, 0x00, 0x00, 0x00, 0x00, 0x00, 0x00, 0x00,
    0x00, 0x00, 0x00, 0x00, 0x00, 0x00, 0x00, 0x00, 0x00, 0x00, 0x00, 0x00, 0x00, 0x00, 0x00, 0x00, 0x00, 0x00, 0x00, 0x00,
    0x00, 0x00, 0x00, 0x00, 0x00, 0x00, 0x00, 0x00, 0x00, 0x00, 0x00, 0x00, 0x00, 0x00, 0x00, 0x00, 0x00, 0x00, 0x00, 0x00,
    0x00, 0x00, 0x00, 0x00, 0x00, 0x00, 0x00, 0x00, 0x00, 0x00, 0x00, 0x00, 0x00, 0x00, 0x00, 0x00, 0x00, 0x00, 0x00, 0x00,
    0x00, 0x00, 0x00, 0x00, 0x00, 0x00, 0x00, 0x00, 0x00, 0x00, 0x00, 0x00, 0x00, 0x00, 0x00, 0x00, 0x00, 0x00, 0x00, 0x00,
    0x00, 0x00, 0x00, 0x00, 0x00, 0x00, 0x00, 0x00, 0x00, 0x00, 0x00, 0x00, 0x00, 0x00, 0x00, 0x00, 0x00, 0x00, 0x00, 0x00,
    0x00, 0x00, 0x00, 0x00, 0x00, 0x00, 0x00, 0x00, 0x00, 0x00, 0x00, 0x00, 0x00, 0x00, 0x00, 0x00, 0x00, 0x00, 0x00, 0x00,
    0x00, 0x00, 0x00, 0x00, 0x00, 0x00, 0x00, 0x00, 0x00, 0x00, 0x00, 0x00, 0x00, 0x00, 0x00, 0x00, 0x00, 0x00, 0x00, 0x00,
    0x00, 0x00, 0x00, 0x00, 0x00, 0x00, 0x00, 0x00, 0x00, 0x00, 0x00, 0x00, 0x00, 0x00, 0x00, 0x00, 0x00, 0x00, 0x00, 0x00,
    0x00, 0x00, 0x00, 0x00, 0x00, 0x00, 0x00, 0x00, 0x00, 0x00, 0x00, 0x00, 0x00, 0x00, 0x00, 0x00, 0x00, 0x00, 0x00, 0x00,
    0x00, 0x00, 0x00, 0x00, 0x00, 0x00, 0x00, 0x00, 0x00, 0x00, 0x00, 0x00, 0x00, 0x00, 0x00, 0x00, 0x00, 0x00, 0x00, 0x00,
    0x00, 0x00, 0x00, 0x00, 0x00, 0x00, 0x00, 0x00, 0x00, 0x00, 0x00, 0x00, 0x00, 0x00, 0x00, 0x00, 0x00, 0x00, 0x00, 0x00,
    0x00, 0x00, 0x00, 0x00, 0x00, 0x00, 0x00, 0x00, 0x00, 0x00, 0x00, 0x00, 0x00, 0x00, 0x00, 0x00, 0x00, 0x00, 0x00, 0x00,
    0x00, 0x00, 0x00, 0x00, 0x00, 0x00, 0x00, 0x00, 0x00, 0x00, 0x00, 0x00, 0x00, 0x00, 0x00, 0x00, 0x00, 0x00, 0x00, 0x00,
    0x00, 0x00, 0x00, 0x00, 0x00, 0x00, 0x00, 0x00, 0x00, 0x00, 0x00, 0x00, 0x00, 0x00, 0x00, 0x00, 0x00, 0x00, 0x00, 0x00,
    0x00, 0x00, 0x00, 0x00, 0x00, 0x00, 0x00, 0x00, 0x00, 0x00, 0x00, 0x00, 0x00, 0x00, 0x00, 0x00, 0x00, 0x00, 0x00, 0x00,
    0x00, 0x00, 0x00, 0x00, 0x00, 0x00, 0x00, 0x00, 0x00, 0x00, 0x00, 0x00, 0x00, 0x00, 0x00, 0x00, 0x00, 0x00, 0x00, 0x00,
    0x00, 0x00, 0x00, 0x00, 0x00, 0x00, 0x00, 0x00, 0x00, 0x00, 0x00, 0x00, 0x00, 0x00, 0x00, 0x00, 0x00, 0x00, 0x00, 0x00,
    0x00, 0x00, 0x00, 0x00, 0x00, 0x00, 0x00, 0x00, 0x00, 0x00, 0x00, 0x00, 0x00, 0x00, 0x00, 0x00, 0x00, 0x00, 0x00, 0x00,
    0x00, 0x00, 0x00, 0x00, 0x00, 0x00, 0x00, 0x00, 0x00, 0x00, 0x00, 0x00, 0x00, 0x00, 0x00, 0x00, 0x00, 0x00, 0x00, 0x00,
    0x00, 0x00, 0x00, 0x00, 0x00, 0x00, 0x00, 0x00, 0x00, 0x00, 0x00, 0x00, 0x00, 0x00, 0x00, 0x00, 0x00, 0x00, 0x00, 0x00,
    0x00, 0x00, 0x00, 0x00, 0x00, 0x00, 0x00, 0x00, 0x00, 0x00, 0x00, 0x00, 0x00, 0x00, 0x00, 0x00, 0x00, 0x00, 0x00, 0x00,
    0x00, 0x00, 0x00, 0x00, 0x00, 0x00, 0x00, 0x00, 0x00, 0x00, 0x00, 0x00, 0x00, 0x00, 0x00, 0x00, 0x00, 0x00, 0x00, 0x00,
    0x00, 0x00, 0x00, 0x00, 0x00, 0x00, 0x00, 0x00, 0x00, 0x00, 0x00, 0x00, 0x00, 0x00, 0x00, 0x00, 0x00, 0x00, 0x00, 0x00,
    0x00, 0x00, 0x00, 0x00, 0x00, 0x00, 0x00, 0x00, 0x00, 0x00, 0x00, 0x00, 0x00, 0x00, 0x00, 0x00, 0x00, 0x00, 0x00, 0x00,
    0x00, 0x00, 0x00, 0x00, 0x00, 0x00, 0x00, 0x00, 0x00, 0x00, 0x00, 0x00, 0x00, 0x00, 0x00, 0x00, 0x00, 0x00, 0x00, 0x00,
    0x00, 0x00, 0x00, 0x00, 0x00, 0x00, 0x00, 0x00, 0x00, 0x00, 0x00, 0x00, 0x00, 0x00, 0x00, 0x00, 0x00, 0x00, 0x00, 0x00,
    0x00, 0x00, 0x00, 0x00, 0x00, 0x00, 0x00, 0x00, 0x00, 0x00, 0x00, 0x00, 0x00, 0x00, 0x00, 0x00, 0x00, 0x00, 0x00, 0x00,
    0x00, 0x00, 0x00, 0x00, 0x00, 0x00, 0x00, 0x00, 0x00, 0x00, 0x00, 0x00, 0x00, 0x00, 0x00, 0x00, 0x00, 0x00, 0x00, 0x00,
    0x00, 0x00, 0x00, 0x00, 0x00, 0x00, 0x00, 0x00, 0x00, 0x00, 0x00, 0x00, 0x00, 0x00, 0x00, 0x00, 0x00, 0x00, 0x00, 0x00,
    0x00, 0x00, 0x00, 0x00, 0x00, 0x00, 0x00, 0x00, 0x00, 0x00, 0x00, 0x00, 0x00, 0x00, 0x00, 0x00, 0x00, 0x00, 0x00, 0x00,
    0x00, 0x00, 0x00, 0x00, 0x00, 0x00, 0x00, 0x00, 0x00, 0x00, 0x00, 0x00, 0x00, 0x00, 0x00, 0x00, 0x00, 0x00, 0x00, 0x00,
    0x00, 0x00, 0x00, 0x00, 0x00, 0x00, 0x00, 0x00, 0x00, 0x00, 0x00, 0x00, 0x00, 0x00, 0x00, 0x00, 0x00, 0x00, 0x00, 0x00,
    0x00, 0x00, 0x00, 0x00, 0x00, 0x00, 0x00, 0x00, 0x00, 0x00, 0x00, 0x00, 0x00, 0x00, 0x00, 0x00, 0x00, 0x00, 0x00, 0x00,
    0x00, 0x00, 0x00, 0x00, 0x00, 0x00, 0x00, 0x00, 0x00, 0x00, 0x00, 0x00, 0x00, 0x00, 0x00, 0x00, 0x00, 0x00, 0x00, 0x00,
    0x00, 0x00, 0x00, 0x00, 0x00, 0x00, 0x00, 0x00, 0x00, 0x00, 0x00, 0x00, 0x00, 0x00, 0x00, 0x00, 0x00, 0x00, 0x00, 0x00,
    0x00, 0x00, 0x00, 0x00, 0x00, 0x00, 0x00, 0x00, 0x00, 0x00, 0x00, 0x00, 0x00, 0x00, 0x00, 0x00, 0x00, 0x00, 0x00, 0x00,
    0x00, 0x00, 0x00, 0x00, 0x00, 0x00, 0x00, 0x00, 0x00, 0x00, 0x00, 0x00, 0x00, 0x00, 0x00, 0x00, 0x00, 0x00, 0x00, 0x00,
    0x00, 0x00, 0x00, 0x00, 0x00, 0x00, 0x00, 0x00, 0x00, 0x00, 0x00, 0x00, 0x00, 0x00, 0x00, 0x00, 0x00, 0x00, 0x00, 0x00,
    0x00, 0x00, 0x00, 0x00, 0x00, 0x00, 0x00, 0x00, 0x00, 0x00, 0x00, 0x00, 0x00, 0x00, 0x00, 0x00, 0x00, 0x00, 0x00, 0x00,
    0x00, 0x00, 0x00, 0x00, 0x00, 0x00, 0x00, 0x00, 0x00, 0x00, 0x00, 0x00, 0x00, 0x00, 0x00, 0x00, 0x00, 0x00, 0x00, 0x00,
    0x00, 0x00, 0x00, 0x00, 0x00, 0x00, 0x00, 0x00, 0x00, 0x00, 0x00, 0x00, 0x00, 0x00, 0x00, 0x00, 0x00, 0x00, 0x00, 0x00,
    0x00, 0x00, 0x00, 0x00, 0x00, 0x00, 0x00, 0x00, 0x00, 0x00, 0x00, 0x00, 0x00, 0x00, 0x00, 0x00, 0x00, 0x00, 0x00, 0x00,
    0x00, 0x00, 0x00, 0x00, 0x00, 0x00, 0x00, 0x00, 0x00, 0x00, 0x00, 0x00, 0x00, 0x00, 0x00, 0x00, 0x00, 0x00, 0x00, 0x00,
    0x00, 0x00, 0x00, 0x00, 0x00, 0x00, 0x00, 0x00, 0x00, 0x00, 0x00, 0x00, 0x00, 0x00, 0x00, 0x00, 0x00, 0x00, 0x00, 0x00,
    0x00, 0x00, 0x00, 0x00, 0x00, 0x00, 0x00, 0x00, 0x00, 0x00, 0x00, 0x00, 0x00, 0x00, 0x00, 0x00, 0x00, 0x00, 0x00, 0x00,
    0x00, 0x00, 0x00, 0x00, 0x00, 0x00, 0x00, 0x00, 0x00, 0x00, 0x00, 0x00, 0x00, 0x00, 0x00, 0x00, 0x00, 0x00, 0x00, 0x00,
    0x00, 0x00, 0x00, 0x00, 0x00, 0x00, 0x00, 0x00, 0x00, 0x00, 0x00, 0x00, 0x00, 0x00, 0x00, 0x00, 0x00, 0x00, 0x00, 0x00,
    0x00, 0x00, 0x00, 0x00, 0x00, 0x00, 0x00, 0x00, 0x00, 0x00, 0x00, 0x00, 0x00, 0x00, 0x00, 0x00, 0x00, 0x00, 0x00, 0x00,
    0x00, 0x00, 0x00, 0x00, 0x00, 0x00, 0x00, 0x00, 0x00, 0x00, 0x00, 0x00, 0x00, 0x00, 0x00, 0x00, 0x00, 0x00, 0x00, 0x00,
    0x00, 0x00, 0x00, 0x00, 0x00, 0x00, 0x00, 0x00, 0x00, 0x00, 0x00, 0x00, 0x00, 0x00, 0x00, 0x00, 0x00, 0x00, 0x00, 0x00,
    0x00, 0x00, 0x00, 0x00, 0x00, 0x00, 0x00, 0x00, 0x00, 0x00, 0x00, 0x00, 0x00, 0x00, 0x00, 0x00, 0x00, 0x00, 0x00, 0x00,
    0x00, 0x00, 0x00, 0x00, 0x00, 0x00, 0x00, 0x00, 0x00, 0x00, 0x00, 0x00, 0x00, 0x00, 0x00, 0x00, 0x00, 0x00, 0x00, 0x00,
    0x00, 0x00, 0x00, 0x00, 0x00, 0x00, 0x00, 0x00, 0x00, 0x00, 0x00, 0x00, 0x00, 0x00, 0x00, 0x00, 0x00, 0x00, 0x00, 0x00,
    0x00, 0x00, 0x00, 0x00, 0x00, 0x00, 0x00, 0x00, 0x00, 0x00, 0x00, 0x00, 0x00, 0x00, 0x00, 0x00, 0x00, 0x00, 0x00, 0x00,
    0x00, 0x00, 0x00, 0x00, 0x00, 0x00, 0x00, 0x00, 0x00, 0x00, 0x00, 0x00, 0x00, 0x00, 0x00, 0x00, 0x00, 0x00, 0x00, 0x00,
    0x00, 0x00, 0x00, 0x00, 0x00, 0x00, 0x00, 0x00, 0x00, 0x00, 0x00, 0x00, 0x00, 0x00, 0x00, 0x00, 0x00, 0x00, 0x00, 0x00,
    0x00, 0x00, 0x00, 0x00, 0x00, 0x00, 0x00, 0x00, 0x00, 0x00, 0x00, 0x00, 0x00, 0x00, 0x00, 0x00, 0x00, 0x00, 0x00, 0x00,
    0x00, 0x00, 0x00, 0x00, 0x00, 0x00, 0x00, 0x00, 0x00, 0x00, 0x00, 0x00, 0x00, 0x00, 0x00, 0x00, 0x00, 0x00, 0x00, 0x00,
    0x00, 0x00, 0x00, 0x00, 0x00, 0x00, 0x00, 0x00, 0x00, 0x00, 0x00, 0x00, 0x00, 0x00, 0x00, 0x00, 0x00, 0x00, 0x00, 0x00,
    0x00, 0x00, 0x00, 0x00, 0x00, 0x00, 0x00, 0x00, 0x00, 0x00, 0x00, 0x00, 0x00, 0x00, 0x00, 0x00, 0x00, 0x00, 0x00, 0x00,
    0x00, 0x00, 0x00, 0x00, 0x00, 0x00, 0x00, 0x00, 0x00, 0x00, 0x00, 0x00, 0x00, 0x00, 0x00, 0x00, 0x00, 0x00, 0x00, 0x00,
    0x00, 0x00, 0x00, 0x00, 0x00, 0x00, 0x00, 0x00, 0x00, 0x00, 0x00, 0x00, 0x00, 0x00, 0x00, 0x00, 0x00, 0x00, 0x00, 0x00,
    0x00, 0x00, 0x00, 0x00, 0x00, 0x00, 0x00, 0x00, 0x00, 0x00, 0x00, 0x00, 0x00, 0x00, 0x00, 0x00, 0x00, 0x00, 0x00, 0x00,
    0x00, 0x00, 0x00, 0x00, 0x00, 0x00, 0x00, 0x00, 0x00, 0x00, 0x00, 0x00, 0x00, 0x00, 0x00, 0x00, 0x00, 0x00, 0x00, 0x00,
    0x00, 0x00, 0x00, 0x00, 0x00, 0x00, 0x00, 0x00, 0x00, 0x00, 0x00, 0x00, 0x00, 0x00, 0x00, 0x00, 0x00, 0x00, 0x00, 0x00,
    0x00, 0x00, 0x00, 0x00, 0x00, 0x00, 0x00, 0x00, 0x00, 0x00, 0x00, 0x00, 0x00, 0x00, 0x00, 0x00, 0x00, 0x00, 0x00, 0x00,
    0x00, 0x00, 0x00, 0x00, 0x00, 0x00, 0x00, 0x00, 0x00, 0x00, 0x00, 0x00, 0x00, 0x00, 0x00, 0x00, 0x00, 0x00, 0x00, 0x00,
    0x00, 0x00, 0x00, 0x00, 0x00, 0x00, 0x00, 0x00, 0x00, 0x00, 0x00, 0x00, 0x00, 0x00, 0x00, 0x00, 0x00, 0x00, 0x00, 0x00,
    0x00, 0x00, 0x00, 0x00, 0x00, 0x00, 0x00, 0x00, 0x00, 0x00, 0x00, 0x00, 0x00, 0x00, 0x00, 0x00, 0x00, 0x00, 0x00, 0x00,
    0x00, 0x00, 0x00, 0x00, 0x00, 0x00, 0x00, 0x00, 0x00, 0x00, 0x00, 0x00, 0x00, 0x00, 0x00, 0x00, 0x00, 0x00, 0x00, 0x00,
    0x00, 0x00, 0x00, 0x00, 0x00, 0x00, 0x00, 0x00, 0x00, 0x00, 0x00, 0x00, 0x00, 0x00, 0x00, 0x00, 0x00, 0x00, 0x00, 0x00,
    0x00, 0x00, 0x00, 0x00, 0x00, 0x00, 0x00, 0x00, 0x00, 0x00, 0x00, 0x00, 0x00, 0x00, 0x00, 0x00, 0x00, 0x00, 0x00, 0x00,
    0x00, 0x00, 0x00, 0x00, 0x00, 0x00, 0x00, 0x00, 0x00, 0x00, 0x00, 0x00, 0x00, 0x00, 0x00, 0x00, 0x00, 0x00, 0x00, 0x00,
    0x00, 0x00, 0x00, 0x00, 0x00, 0x00, 0x00, 0x00, 0x00, 0x00, 0x00, 0x00, 0x00, 0x00, 0x00, 0x00, 0x00, 0x00, 0x00, 0x00,
    0x00, 0x00, 0x00, 0x00, 0x00, 0x00, 0x00, 0x00, 0x00, 0x00, 0x00, 0x00, 0x00, 0x00, 0x00, 0x00, 0x00, 0x00, 0x00, 0x00,
    0x00, 0x00, 0x00, 0x00, 0x00, 0x00, 0x00, 0x00, 0x00, 0x00, 0x00, 0x00, 0x00, 0x00, 0x00, 0x00, 0x00, 0x00, 0x00, 0x00,
    0x00, 0x00, 0x00, 0x00, 0x00, 0x00, 0x00, 0x00, 0x00, 0x00, 0x00, 0x00, 0x00, 0x00, 0x00, 0x00, 0x00, 0x00, 0x00, 0x00,
    0x00, 0x00, 0x00, 0x00, 0x00, 0x00, 0x00, 0x00, 0x00, 0x00, 0x00, 0x00, 0x00, 0x00, 0x00, 0x00, 0x00, 0x00, 0x00, 0x00,
    0x00, 0x00, 0x00, 0x00, 0x00, 0x00, 0x00, 0x00, 0x00, 0x00, 0x00, 0x00, 0x00, 0x00, 0x00, 0x00, 0x00, 0x00, 0x00, 0x00,
    0x00, 0x00, 0x00, 0x00, 0x00, 0x00, 0x00, 0x00, 0x00, 0x00, 0x00, 0x00, 0x00, 0x00, 0x00, 0x00, 0x00, 0x00, 0x00, 0x00,
    0x00, 0x00, 0x00, 0x00, 0x00, 0x00, 0x00, 0x00, 0x00, 0x00, 0x00, 0x00, 0x00, 0x00, 0x00, 0x00, 0x00, 0x00, 0x00, 0x00,
    0x00, 0x00, 0x00, 0x00, 0x00, 0x00, 0x00, 0x00, 0x00, 0x00, 0x00, 0x00, 0x00, 0x00, 0x00, 0x00, 0x00, 0x00, 0x00, 0x00,
    0x00, 0x00, 0x00, 0x00, 0x00, 0x00, 0x00, 0x00, 0x00, 0x00, 0x00, 0x00, 0x00, 0x00, 0x00, 0x00, 0x00, 0x00, 0x00, 0x00,
    0x00, 0x00, 0x00, 0x00, 0x00, 0x00, 0x00, 0x00, 0x00, 0x00, 0x00, 0x00, 0x00, 0x00, 0x00, 0x00, 0x00, 0x00, 0x00, 0x00,
    0x00, 0x00, 0x00, 0x00, 0x00, 0x00, 0x00, 0x00, 0x00, 0x00, 0x00, 0x00, 0x00, 0x00, 0x00, 0x00, 0x00, 0x00, 0x00, 0x00,
    0x00, 0x00, 0x00, 0x00, 0x00, 0x00, 0x00, 0x00, 0x00, 0x00, 0x00, 0x00, 0x00, 0x00, 0x00, 0x00, 0x00, 0x00, 0x00, 0x00,
    0x00, 0x00, 0x00, 0x00, 0x00, 0x00, 0x00, 0x00, 0x00, 0x00, 0x00, 0x00, 0x00, 0x00, 0x00, 0x00, 0x00, 0x00, 0x00, 0x00,
    0x00, 0x00, 0x00, 0x00, 0x00, 0x00, 0x00, 0x00, 0x00, 0x00, 0x00, 0x00, 0x00, 0x00, 0x00, 0x00, 0x00, 0x00, 0x00, 0x00,
    0x00, 0x00, 0x00, 0x00, 0x00, 0x00, 0x00, 0x00, 0x00, 0x00, 0x00, 0x00, 0x00, 0x00, 0x00, 0x00, 0x00, 0x00, 0x00, 0x00,
    0x00, 0x00, 0x00, 0x00, 0x00, 0x00, 0x00, 0x00, 0x00, 0x00, 0x00, 0x00, 0x00, 0x00, 0x00, 0x00, 0x00, 0x00, 0x00, 0x00,
    0x00, 0x00, 0x00, 0x00, 0x00, 0x00, 0x00, 0x00, 0x00, 0x00, 0x00, 0x00, 0x00, 0x00, 0x00, 0x00, 0x00, 0x00, 0x00, 0x00,
    0x00, 0x00, 0x00, 0x00, 0x00, 0x00, 0x00, 0x00, 0x00, 0x00, 0x00, 0x00, 0x00, 0x00, 0x00, 0x00, 0x00, 0x00, 0x00, 0x00,
    0x00, 0x00, 0x00, 0x00, 0x00, 0x00, 0x00, 0x00, 0x00, 0x00, 0x00, 0x00, 0x00, 0x00, 0x00, 0x00, 0x00, 0x00, 0x00, 0x00,
    0x00, 0x00, 0x00, 0x00, 0x00, 0x00, 0x00, 0x00, 0x00, 0x00, 0x00, 0x00, 0x00, 0x00, 0x00, 0x00, 0x00, 0x00, 0x00, 0x00,
    0x00, 0x00, 0x00, 0x00, 0x00, 0x00, 0x00, 0x00, 0x00, 0x00, 0x00, 0x00, 0x00, 0x00, 0x00, 0x00, 0x00, 0x00, 0x00, 0x00,
    0x00, 0x00, 0x00, 0x00, 0x00, 0x00, 0x00, 0x00, 0x00, 0x00, 0x00, 0x00, 0x00, 0x00, 0x00, 0x00, 0x00, 0x00, 0x00, 0x00,
    0x00, 0x00, 0x00, 0x00, 0x00, 0x00, 0x00, 0x00, 0x00, 0x00, 0x00, 0x00, 0x00, 0x00, 0x00, 0x00, 0x00, 0x00, 0x00, 0x00,
    0x00, 0x00, 0x00, 0x00, 0x00, 0x00, 0x00, 0x00, 0x00, 0x00, 0x00, 0x00, 0x00, 0x00, 0x00, 0x00, 0x00, 0x00, 0x00, 0x00,
    0x00, 0x00, 0x00, 0x00, 0x00, 0x00, 0x00, 0x00, 0x00, 0x00, 0x00, 0x00, 0x00, 0x00, 0x00, 0x00, 0x00, 0x00, 0x00, 0x00,
    0x00, 0x00, 0x00, 0x00, 0x00, 0x00, 0x00, 0x00, 0x00, 0x00, 0x00, 0x00, 0x00, 0x00, 0x00, 0x00, 0x00, 0x00, 0x00, 0x00,
    0x00, 0x00, 0x00, 0x00, 0x00, 0x00, 0x00, 0x00, 0x00, 0x00, 0x00, 0x00, 0x00, 0x00, 0x00, 0x00, 0x00, 0x00, 0x00, 0x00,
    0x00, 0x00, 0x00, 0x00, 0x00, 0x00, 0x00, 0x00, 0x00, 0x00, 0x00, 0x00, 0x00, 0x00, 0x00, 0x00, 0x00, 0x00, 0x00, 0x00,
    0x00, 0x00, 0x00, 0x00, 0x00, 0x00, 0x00, 0x00, 0x00, 0x00, 0x00, 0x00, 0x00, 0x00, 0x00, 0x00, 0x00, 0x00, 0x00, 0x00,
    0x00, 0x00, 0x00, 0x00, 0x00, 0x00, 0x00, 0x00, 0x00, 0x00, 0x00, 0x00, 0x00, 0x00, 0x00, 0x00, 0x00, 0x00, 0x00, 0x00,
    0x00, 0x00, 0x00, 0x00, 0x00, 0x00, 0x00, 0x00, 0x00, 0x00, 0x00, 0x00, 0x00, 0x00, 0x00, 0x00, 0x00, 0x00, 0x00, 0x00,
    0x00, 0x00, 0x00, 0x00, 0x00, 0x00, 0x00, 0x00, 0x00, 0x00, 0x00, 0x00, 0x00, 0x00, 0x00, 0x00, 0x00, 0x00, 0x00, 0x00,
    0x00, 0x00, 0x00, 0x00, 0x00, 0x00, 0x00, 0x00, 0x00, 0x00, 0x00, 0x00, 0x00, 0x00, 0x00, 0x00, 0x00, 0x00, 0x00, 0x00,
    0x00, 0x00, 0x00, 0x00, 0x00, 0x00, 0x00, 0x00, 0x00, 0x00, 0x00, 0x00, 0x00, 0x00, 0x00, 0x00, 0x00, 0x00, 0x00, 0x00,
    0x00, 0x00, 0x00, 0x00, 0x00, 0x00, 0x00, 0x00, 0x00, 0x00, 0x00, 0x00, 0x00, 0x00, 0x00, 0x00, 0x00, 0x00, 0x00, 0x00,
    0x00, 0x00, 0x00, 0x00, 0x00, 0x00, 0x00, 0x00, 0x00, 0x00, 0x00, 0x00, 0x00, 0x00, 0x00, 0x00, 0x00, 0x00, 0x00, 0x00,
    0x00, 0x00, 0x00, 0x00, 0x00, 0x00, 0x00, 0x00, 0x00, 0x00, 0x00, 0x00, 0x00, 0x00, 0x00, 0x00, 0x00, 0x00, 0x00, 0x00,
    0x00, 0x00, 0x00, 0x00, 0x00, 0x00, 0x00, 0x00, 0x00, 0x00, 0x00, 0x00, 0x00, 0x00, 0x00, 0x00, 0x00, 0x00, 0x00, 0x00,
    0x00, 0x00, 0x00, 0x00, 0x00, 0x00, 0x00, 0x00, 0x00, 0x00, 0x00, 0x00, 0x00, 0x00, 0x00, 0x00, 0x00, 0x00, 0x00, 0x00,
    0x00, 0x00, 0x00, 0x00, 0x00, 0x00, 0x00, 0x00, 0x00, 0x00, 0x00, 0x00, 0x00, 0x00, 0x00, 0x00, 0x00, 0x00, 0x00, 0x00,
    0x00, 0x00, 0x00, 0x00, 0x00, 0x00, 0x00, 0x00, 0x00, 0x00, 0x00, 0x00, 0x00, 0x00, 0x00, 0x00, 0x00, 0x00, 0x00, 0x00,
    0x00, 0x00, 0x00, 0x00, 0x00, 0x00, 0x00, 0x00, 0x00, 0x00, 0x00, 0x00, 0x00, 0x00, 0x00, 0x00, 0x00, 0x00, 0x00, 0x00,
    0x00, 0x00, 0x00, 0x00, 0x00, 0x00, 0x00, 0x00, 0x00, 0x00, 0x00, 0x00, 0x00, 0x00, 0x00, 0x00, 0x00, 0x00, 0x00, 0x00,
    0x00, 0x00, 0x00, 0x00, 0x00, 0x00, 0x00, 0x00, 0x00, 0x00, 0x00, 0x00, 0x00, 0x00, 0x00, 0x00, 0x00, 0x00, 0x00, 0x00,
    0x00, 0x00, 0x00, 0x00, 0x00, 0x00, 0x00, 0x00, 0x00, 0x00, 0x00, 0x00, 0x00, 0x00, 0x00, 0x00, 0x00, 0x00, 0x00, 0x00,
    0x00, 0x00, 0x00, 0x00, 0x00, 0x00, 0x00, 0x00, 0x00, 0x00, 0x00, 0x00, 0x00, 0x00, 0x00, 0x00, 0x00, 0x00, 0x00, 0x00,
    0x00, 0x00, 0x00, 0x00, 0x00, 0x00, 0x00, 0x00, 0x00, 0x00, 0x00, 0x00, 0x00, 0x00, 0x00, 0x00, 0x00, 0x00, 0x00, 0x00,
    0x00, 0x00, 0x00, 0x00, 0x00, 0x00, 0x00, 0x00, 0x00, 0x00, 0x00, 0x00, 0x00, 0x00, 0x00, 0x00, 0x00, 0x00, 0x00, 0x00,
    0x00, 0x00, 0x00, 0x00, 0x00, 0x00, 0x00, 0x00, 0x00, 0x00, 0x00, 0x00, 0x00, 0x00, 0x00, 0x00, 0x00, 0x00, 0x00, 0x00,
    0x00, 0x00, 0x00, 0x00, 0x00, 0x00, 0x00, 0x00, 0x00, 0x00, 0x00, 0x00, 0x00, 0x00, 0x00, 0x00, 0x00, 0x00, 0x00, 0x00,
    0x00, 0x00, 0x00, 0x00, 0x00, 0x00, 0x00, 0x00, 0x00, 0x00, 0x00, 0x00, 0x00, 0x00, 0x00, 0x00, 0x00, 0x00, 0x00, 0x00,
    0x00, 0x00, 0x00, 0x00, 0x00, 0x00, 0x00, 0x00, 0x00, 0x00, 0x00, 0x00, 0x00, 0x00, 0x00, 0x00, 0x00, 0x00, 0x00, 0x00,
    0x00, 0x00, 0x00, 0x00, 0x00, 0x00, 0x00, 0x00, 0x00, 0x00, 0x00, 0x00, 0x00, 0x00, 0x00, 0x00, 0x00, 0x00, 0x00, 0x00,
    0x00, 0x00, 0x00, 0x00, 0x00, 0x00, 0x00, 0x00, 0x00, 0x00, 0x00, 0x00, 0x00, 0x00, 0x00, 0x00, 0x00, 0x00, 0x00, 0x00,
    0x00, 0x00, 0x00, 0x00, 0x00, 0x00, 0x00, 0x00, 0x00, 0x00, 0x00, 0x00, 0x00, 0x00, 0x00, 0x00, 0x00, 0x00, 0x00, 0x00,
    0x00, 0x00, 0x00, 0x00, 0x00, 0x00, 0x00, 0x00, 0x00, 0x00, 0x00, 0x00, 0x00, 0x00, 0x00, 0x00, 0x00, 0x00, 0x00, 0x00,
    0x00, 0x00, 0x00, 0x00, 0x00, 0x00, 0x00, 0x00, 0x00, 0x00, 0x00, 0x00, 0x00, 0x00, 0x00, 0x00, 0x00, 0x00, 0x00, 0x00,
    0x00, 0x00, 0x00, 0x00, 0x00, 0x00, 0x00, 0x00, 0x00, 0x00, 0x00, 0x00, 0x00, 0x00, 0x00, 0x00, 0x00, 0x00, 0x00, 0x00,
    0x00, 0x00, 0x00, 0x00, 0x00, 0x00, 0x00, 0x00, 0x00, 0x00, 0x00, 0x00, 0x00, 0x00, 0x00, 0x00, 0x00, 0x00, 0x00, 0x00,
    0x00, 0x00, 0x00, 0x00, 0x00, 0x00, 0x00, 0x00, 0x00, 0x00, 0x00, 0x00, 0x00, 0x00, 0x00, 0x00, 0x00, 0x00, 0x00, 0x00,
    0x00, 0x00, 0x00, 0x00, 0x00, 0x00, 0x00, 0x00, 0x00, 0x00, 0x00, 0x00, 0x00, 0x00, 0x00, 0x00, 0x00, 0x00, 0x00, 0x00,
    0x00, 0x00, 0x00, 0x00, 0x00, 0x00, 0x00, 0x00, 0x00, 0x00, 0x00, 0x00, 0x00, 0x00, 0x00, 0x00, 0x00, 0x00, 0x00, 0x00,
    0x00, 0x00, 0x00, 0x00, 0x00, 0x00, 0x00, 0x00, 0x00, 0x00, 0x00, 0x00, 0x00, 0x00, 0x00, 0x00, 0x00, 0x00, 0x00, 0x00,
    0x00, 0x00, 0x00, 0x00, 0x00, 0x00, 0x00, 0x00, 0x00, 0x00, 0x00, 0x00, 0x00, 0x00, 0x00, 0x00, 0x00, 0x00, 0x00, 0x00,
    0x00, 0x00, 0x00, 0x00, 0x00, 0x00, 0x00, 0x00, 0x00, 0x00, 0x00, 0x00, 0x00, 0x00, 0x00, 0x00, 0x00, 0x00, 0x00, 0x00,
    0x00, 0x00, 0x00, 0x00, 0x00, 0x00, 0x00, 0x00, 0x00, 0x00, 0x00, 0x00, 0x00, 0x00, 0x00, 0x00, 0x00, 0x00, 0x00, 0x00,
    0x00, 0x00, 0x00, 0x00, 0x00, 0x00, 0x00, 0x00, 0x00, 0x00, 0x00, 0x00, 0x00, 0x00, 0x00, 0x00, 0x00, 0x00, 0x00, 0x00,
    0x00, 0x00, 0x00, 0x00, 0x00, 0x00, 0x00, 0x00, 0x00, 0x00, 0x00, 0x00, 0x00, 0x00, 0x00, 0x00, 0x00, 0x00, 0x00, 0x00,
    0x00, 0x00, 0x00, 0x00, 0x00, 0x00, 0x00, 0x00, 0x00, 0x00, 0x00, 0x00, 0x00, 0x00, 0x00, 0x00, 0x00, 0x00, 0x00, 0x00,
    0x00, 0x00, 0x00, 0x00, 0x00, 0x00, 0x00, 0x00, 0x00, 0x00, 0x00, 0x00, 0x00, 0x00, 0x00, 0x00, 0x00, 0x00, 0x00, 0x00,
    0x00, 0x00, 0x00, 0x00, 0x00, 0x00, 0x00, 0x00, 0x00, 0x00, 0x00, 0x00, 0x00, 0x00, 0x00, 0x00, 0x00, 0x00, 0x00, 0x00,
    0x00, 0x00, 0x00, 0x00, 0x00, 0x00, 0x00, 0x00, 0x00, 0x00, 0x00, 0x00, 0x00, 0x00, 0x00, 0x00, 0x00, 0x00, 0x00, 0x00,
    0x00, 0x00, 0x00, 0x00, 0x00, 0x00, 0x00, 0x00, 0x00, 0x00, 0x00, 0x00, 0x00, 0x00, 0x00, 0x00, 0x00, 0x00, 0x00, 0x00,
    0x00, 0x00, 0x00, 0x00, 0x00, 0x00, 0x00, 0x00, 0x00, 0x00, 0x00, 0x00, 0x00, 0x00, 0x00, 0x00, 0x00, 0x00, 0x00, 0x00,
    0x00, 0x00, 0x00, 0x00, 0x00, 0x00, 0x00, 0x00, 0x00, 0x00, 0x00, 0x00, 0x00, 0x00, 0x00, 0x00, 0x00, 0x00, 0x00, 0x00,
    0x00, 0x00, 0x00, 0x00, 0x00, 0x00, 0x00, 0x00, 0x00, 0x00, 0x00, 0x00, 0x00, 0x00, 0x00, 0x00, 0x00, 0x00, 0x00, 0x00,
    0x00, 0x00, 0x00, 0x00, 0x00, 0x00, 0x00, 0x00, 0x00, 0x00, 0x00, 0x00, 0x00, 0x00, 0x00, 0x00, 0x00, 0x00, 0x00, 0x00,
    0x00, 0x00, 0x00, 0x00, 0x00, 0x00, 0x00, 0x00, 0x00, 0x00, 0x00, 0x00, 0x00, 0x00, 0x00, 0x00, 0x00, 0x00, 0x00, 0x00,
    0x00, 0x00, 0x00, 0x00, 0x00, 0x00, 0x00, 0x00, 0x00, 0x00, 0x00, 0x00, 0x00, 0x00, 0x00, 0x00, 0x00, 0x00, 0x00, 0x00,
    0x00, 0x00, 0x00, 0x00, 0x00, 0x00, 0x00, 0x00, 0x00, 0x00, 0x00, 0x00, 0x00, 0x00, 0x00, 0x00, 0x00, 0x00, 0x00, 0x00,
    0x00, 0x00, 0x00, 0x00, 0x00, 0x00, 0x00, 0x00, 0x00, 0x00, 0x00, 0x00, 0x00, 0x00, 0x00, 0x00, 0x00, 0x00, 0x00, 0x00,
    0x00, 0x00, 0x00, 0x00, 0x00, 0x00, 0x00, 0x00, 0x00, 0x00, 0x00, 0x00, 0x00, 0x00, 0x00, 0x00, 0x00, 0x00, 0x00, 0x00,
    0x00, 0x00, 0x00, 0x00, 0x00, 0x00, 0x00, 0x00, 0x00, 0x00, 0x00, 0x00, 0x00, 0x00, 0x00, 0x00, 0x00, 0x00, 0x00, 0x00,
    0x00, 0x00, 0x00, 0x00, 0x00, 0x00, 0x00, 0x00, 0x00, 0x00, 0x00, 0x00, 0x00, 0x00, 0x00, 0x00, 0x00, 0x00, 0x00, 0x00,
    0x00, 0x00, 0x00, 0x00, 0x00, 0x00, 0x00, 0x00, 0x00, 0x00, 0x00, 0x00, 0x00, 0x00, 0x00, 0x00, 0x00, 0x00, 0x00, 0x00,
    0x00, 0x00, 0x00, 0x00, 0x00, 0x00, 0x00, 0x00, 0x00, 0x00, 0x00, 0x00, 0x00, 0x00, 0x00, 0x00, 0x00, 0x00, 0x00, 0x00,
    0x00, 0x00, 0x00, 0x00, 0x00, 0x00, 0x00, 0x00, 0x00, 0x00, 0x00, 0x00, 0x00, 0x00, 0x00, 0x00, 0x00, 0x00, 0x00, 0x00,
    0x00, 0x00, 0x00, 0x00, 0x00, 0x00, 0x00, 0x00, 0x00, 0x00, 0x00, 0x00, 0x00, 0x00, 0x00, 0x00, 0x00, 0x00, 0x00, 0x00,
    0x00, 0x00, 0x00, 0x00, 0x00, 0x00, 0x00, 0x00, 0x00, 0x00, 0x00, 0x00, 0x00, 0x00, 0x00, 0x00, 0x00, 0x00, 0x00, 0x00,
    0x00, 0x00, 0x00, 0x00, 0x00, 0x00, 0x00, 0x00, 0x00, 0x00, 0x00, 0x00, 0x00, 0x00, 0x00, 0x00, 0x00, 0x00, 0x00, 0x00,
    0x00, 0x00, 0x00, 0x00, 0x00, 0x00, 0x00, 0x00, 0x00, 0x00, 0x00, 0x00, 0x00, 0x00, 0x00, 0x00, 0x00, 0x00, 0x00, 0x00,
    0x00, 0x00, 0x00, 0x00, 0x00, 0x00, 0x00, 0x00, 0x00, 0x00, 0x00, 0x00, 0x00, 0x00, 0x00, 0x00, 0x00, 0x00, 0x00, 0x00,
    0x00, 0x00, 0x00, 0x00, 0x00, 0x00, 0x00, 0x00, 0x00, 0x00, 0x00, 0x00, 0x00, 0x00, 0x00, 0x00, 0x00, 0x00, 0x00, 0x00,
    0x00, 0x00, 0x00, 0x00, 0x00, 0x00, 0x00, 0x00, 0x00, 0x00, 0x00, 0x00, 0x00, 0x00, 0x00, 0x00, 0x00, 0x00, 0x00, 0x00,
    0x00, 0x00, 0x00, 0x00, 0x00, 0x00, 0x00, 0x00, 0x00, 0x00, 0x00, 0x00, 0x00, 0x00, 0x00, 0x00, 0x00, 0x00, 0x00, 0x00,
    0x00, 0x00, 0x00, 0x00, 0x00, 0x00, 0x00, 0x00, 0x00, 0x00, 0x00, 0x00, 0x00, 0x00, 0x00, 0x00, 0x00, 0x00, 0x00, 0x00,
    0x00, 0x00, 0x00, 0x00, 0x00, 0x00, 0x00, 0x00, 0x00, 0x00, 0x00, 0x00, 0x00, 0x00, 0x00, 0x00, 0x00, 0x00, 0x00, 0x00,
    0x00, 0x00, 0x00, 0x00, 0x00, 0x00, 0x00, 0x00, 0x00, 0x00, 0x00, 0x00, 0x00, 0x00, 0x00, 0x00, 0x00, 0x00, 0x00, 0x00,
    0x00, 0x00, 0x00, 0x00, 0x00, 0x00, 0x00, 0x00, 0x00, 0x00, 0x00, 0x00, 0x00, 0x00, 0x00, 0x00, 0x00, 0x00, 0x00, 0x00,
    0x00, 0x00, 0x00, 0x00, 0x00, 0x00, 0x00, 0x00, 0x00, 0x00, 0x00, 0x00, 0x00, 0x00, 0x00, 0x00, 0x00, 0x00, 0x00, 0x00,
    0x00, 0x00, 0x00, 0x00, 0x00, 0x00, 0x00, 0x00, 0x00, 0x00, 0x00, 0x00, 0x00, 0x00, 0x00, 0x00, 0x00, 0x00, 0x00, 0x00,
    0x00, 0x00, 0x00, 0x00, 0x00, 0x00, 0x00, 0x00, 0x00, 0x00, 0x00, 0x00, 0x00, 0x00, 0x00, 0x00, 0x00, 0x00, 0x00, 0x00,
    0x00, 0x00, 0x00, 0x00, 0x00, 0x00, 0x00, 0x00, 0x00, 0x00, 0x00, 0x00, 0x00, 0x00, 0x00, 0x00, 0x00, 0x00, 0x00, 0x00,
    0x00, 0x00, 0x00, 0x00, 0x00, 0x00, 0x00, 0x00, 0x00, 0x00, 0x00, 0x00, 0x00, 0x00, 0x00, 0x00, 0x00, 0x00, 0x00, 0x00,
    0x00, 0x00, 0x00, 0x00, 0x00, 0x00, 0x00, 0x00, 0x00, 0x00, 0x00, 0x00, 0x00, 0x00, 0x00, 0x00, 0x00, 0x00, 0x00, 0x00,
    0x00, 0x00, 0x00, 0x00, 0x00, 0x00, 0x00, 0x00, 0x00, 0x00, 0x00, 0x00, 0x00, 0x00, 0x00, 0x00, 0x00, 0x00, 0x00, 0x00,
    0x00, 0x00, 0x00, 0x00, 0x00, 0x00, 0x00, 0x00, 0x00, 0x00, 0x00, 0x00, 0x00, 0x00, 0x00, 0x00, 0x00, 0x00, 0x00, 0x00,
    0x00, 0x00, 0x00, 0x00, 0x00, 0x00, 0x00, 0x00, 0x00, 0x00, 0x00, 0x00, 0x00, 0x00, 0x00, 0x00, 0x00, 0x00, 0x00, 0x00,
    0x00, 0x00, 0x00, 0x00, 0x00, 0x00, 0x00, 0x00, 0x00, 0x00, 0x00, 0x00, 0x00, 0x00, 0x00, 0x00, 0x00, 0x00, 0x00, 0x00,
    0x00, 0x00, 0x00, 0x00, 0x00, 0x00, 0x00, 0x00, 0x00, 0x00, 0x00, 0x00, 0x00, 0x00, 0x00, 0x00, 0x00, 0x00, 0x00, 0x00,
    0x00, 0x00, 0x00, 0x00, 0x00, 0x00, 0x00, 0x00, 0x00, 0x00, 0x00, 0x00, 0x00, 0x00, 0x00, 0x00, 0x00, 0x00, 0x00, 0x00,
    0x00, 0x00, 0x00, 0x00, 0x00, 0x00, 0x00, 0x00, 0x00, 0x00, 0x00, 0x00, 0x00, 0x00, 0x00, 0x00, 0x00, 0x00, 0x00, 0x00,
    0x00, 0x00, 0x00, 0x00, 0x00, 0x00, 0x00, 0x00, 0x00, 0x00, 0x00, 0x00, 0x00, 0x00, 0x00, 0x00, 0x00, 0x00, 0x00, 0x00,
    0x00, 0x00, 0x00, 0x00, 0x00, 0x00, 0x00, 0x00, 0x00, 0x00, 0x00, 0x00, 0x00, 0x00, 0x00, 0x00, 0x00, 0x00, 0x00, 0x00,
    0x00, 0x00, 0x00, 0x00, 0x00, 0x00, 0x00, 0x00, 0x00, 0x00, 0x00, 0x00, 0x00, 0x00, 0x00, 0x00, 0x00, 0x00, 0x00, 0x00,
    0x00, 0x00, 0x00, 0x00, 0x00, 0x00, 0x00, 0x00, 0x00, 0x00, 0x00, 0x00, 0x00, 0x00, 0x00, 0x00, 0x00, 0x00, 0x00, 0x00,
    0x00, 0x00, 0x00, 0x00, 0x00, 0x00, 0x00, 0x00, 0x00, 0x00, 0x00, 0x00, 0x00, 0x00, 0x00, 0x00, 0x00, 0x00, 0x00, 0x00,
    0x00, 0x00, 0x00, 0x00, 0x00, 0x00, 0x00, 0x00, 0x00, 0x00, 0x00, 0x00, 0x00, 0x00, 0x00, 0x00, 0x00, 0x00, 0x00, 0x00,
    0x00, 0x00, 0x00, 0x00, 0x00, 0x00, 0x00, 0x00, 0x00, 0x00, 0x00, 0x00, 0x00, 0x00, 0x00, 0x00, 0x00, 0x00, 0x00, 0x00,
    0x00, 0x00, 0x00, 0x00, 0x00, 0x00, 0x00, 0x00, 0x00, 0x00, 0x00, 0x00, 0x00, 0x00, 0x00, 0x00, 0x00, 0x00, 0x00, 0x00,
    0x00, 0x00, 0x00, 0x00, 0x00, 0x00, 0x00, 0x00, 0x00, 0x00, 0x00, 0x00, 0x00, 0x00, 0x00, 0x00, 0x00, 0x00, 0x00, 0x00,
    0x00, 0x00, 0x00, 0x00, 0x00, 0x00, 0x00, 0x00, 0x00, 0x00, 0x00, 0x00, 0x00, 0x00, 0x00, 0x00, 0x00, 0x00, 0x00, 0x00,
    0x00, 0x00, 0x00, 0x00, 0x00, 0x00, 0x00, 0x00, 0x00, 0x00, 0x00, 0x00, 0x00, 0x00, 0x00, 0x00, 0x00, 0x00, 0x00, 0x00,
    0x00, 0x00, 0x00, 0x00, 0x00, 0x00, 0x00, 0x00, 0x00, 0x00, 0x00, 0x00, 0x00, 0x00, 0x00, 0x00, 0x00, 0x00, 0x00, 0x00,
    0x00, 0x00, 0x00, 0x00, 0x00, 0x00, 0x00, 0x00, 0x00, 0x00, 0x00, 0x00, 0x00, 0x00, 0x00, 0x00, 0x00, 0x00, 0x00, 0x00,
    0x00, 0x00, 0x00, 0x00, 0x00, 0x00, 0x00, 0x00, 0x00, 0x00, 0x00, 0x00, 0x00, 0x00, 0x00, 0x00, 0x00, 0x00, 0x00, 0x00,
    0x00, 0x00, 0x00, 0x00, 0x00, 0x00, 0x00, 0x00, 0x00, 0x00, 0x00, 0x00, 0x00, 0x00, 0x00, 0x00, 0x00, 0x00, 0x00, 0x00,
    0x00, 0x00, 0x00, 0x00, 0x00, 0x00, 0x00, 0x00, 0x00, 0x00, 0x00, 0x00, 0x00, 0x00, 0x00, 0x00, 0x00, 0x00, 0x00, 0x00,
    0x00, 0x00, 0x00, 0x00, 0x00, 0x00, 0x00, 0x00, 0x00, 0x00, 0x00, 0x00, 0x00, 0x00, 0x00, 0x00, 0x00, 0x00, 0x00, 0x00,
    0x00, 0x00, 0x00, 0x00, 0x00, 0x00, 0x00, 0x00, 0x00, 0x00, 0x00, 0x00, 0x00, 0x00, 0x00, 0x00, 0x00, 0x00, 0x00, 0x00,
    0x00, 0x00, 0x00, 0x00, 0x00, 0x00, 0x00, 0x00, 0x00, 0x00, 0x00, 0x00, 0x00, 0x00, 0x00, 0x00, 0x00, 0x00, 0x00, 0x00,
    0x00, 0x00, 0x00, 0x00, 0x00, 0x00, 0x00, 0x00, 0x00, 0x00, 0x00, 0x00, 0x00, 0x00, 0x00, 0x00, 0x00, 0x00, 0x00, 0x00,
    0x00, 0x00, 0x00, 0x00, 0x00, 0x00, 0x00, 0x00, 0x00, 0x00, 0x00, 0x00, 0x00, 0x00, 0x00, 0x00, 0x00, 0x00, 0x00, 0x00,
    0x00, 0x00, 0x00, 0x00, 0x00, 0x00, 0x00, 0x00, 0x00, 0x00, 0x00, 0x00, 0x00, 0x00, 0x00, 0x00, 0x00, 0x00, 0x00, 0x00,
    0x00, 0x00, 0x00, 0x00, 0x00, 0x00, 0x00, 0x00, 0x00, 0x00, 0x00, 0x00, 0x00, 0x00, 0x00, 0x00, 0x00, 0x00, 0x00, 0x00,
    0x00, 0x00, 0x00, 0x00, 0x00, 0x00, 0x00, 0x00, 0x00, 0x00, 0x00, 0x00, 0x00, 0x00, 0x00, 0x00, 0x00, 0x00, 0x00, 0x00,
    0x00, 0x00, 0x00, 0x00, 0x00, 0x00, 0x00, 0x00, 0x00, 0x00, 0x00, 0x00, 0x00, 0x00, 0x00, 0x00, 0x00, 0x00, 0x00, 0x00,
    0x00, 0x00, 0x00, 0x00, 0x00, 0x00, 0x00, 0x00, 0x00, 0x00, 0x00, 0x00, 0x00, 0x00, 0x00, 0x00, 0x00, 0x00, 0x00, 0x00,
    0x00, 0x00, 0x00, 0x00, 0x00, 0x00, 0x00, 0x00, 0x00, 0x00, 0x00, 0x00, 0x00, 0x00, 0x00, 0x00, 0x00, 0x00, 0x00, 0x00,
    0x00, 0x00, 0x00, 0x00, 0x00, 0x00, 0x00, 0x00, 0x00, 0x00, 0x00, 0x00, 0x00, 0x00, 0x00, 0x00, 0x00, 0x00, 0x00, 0x00,
    0x00, 0x00, 0x00, 0x00, 0x00, 0x00, 0x00, 0x00, 0x00, 0x00, 0x00, 0x00, 0x00, 0x00, 0x00, 0x00, 0x00, 0x00, 0x00, 0x00,
    0x00, 0x00, 0x00, 0x00, 0x00, 0x00, 0x00, 0x00, 0x00, 0x00, 0x00, 0x00, 0x00, 0x00, 0x00, 0x00, 0x00, 0x00, 0x00, 0x00,
    0x00, 0x00, 0x00, 0x00, 0x00, 0x00, 0x00, 0x00, 0x00, 0x00, 0x00, 0x00, 0x00, 0x00, 0x00, 0x00, 0x00, 0x00, 0x00, 0x00,
    0x00, 0x00, 0x00, 0x00, 0x00, 0x00, 0x00, 0x00, 0x00, 0x00, 0x00, 0x00, 0x00, 0x00, 0x00, 0x00, 0x00, 0x00, 0x00, 0x00,
    0x00, 0x00, 0x00, 0x00, 0x00, 0x00, 0x00, 0x00, 0x00, 0x00, 0x00, 0x00, 0x00, 0x00, 0x00, 0x00, 0x00, 0x00, 0x00, 0x00,
    0x00, 0x00, 0x00, 0x00, 0x00, 0x00, 0x00, 0x00, 0x00, 0x00, 0x00, 0x00, 0x00, 0x00, 0x00, 0x00, 0x00, 0x00, 0x00, 0x00,
    0x00, 0x00, 0x00, 0x00, 0x00, 0x00, 0x00, 0x00, 0x00, 0x00, 0x00, 0x00, 0x00, 0x00, 0x00, 0x00, 0x00, 0x00, 0x00, 0x00,
    0x00, 0x00, 0x00, 0x00, 0x00, 0x00, 0x00, 0x00, 0x00, 0x00, 0x00, 0x00, 0x00, 0x00, 0x00, 0x00, 0x00, 0x00, 0x00, 0x00,
    0x00, 0x00, 0x00, 0x00, 0x00, 0x00, 0x00, 0x00, 0x00, 0x00, 0x00, 0x00, 0x00, 0x00, 0x00, 0x00, 0x00, 0x00, 0x00, 0x00,
    0x00, 0x00, 0x00, 0x00, 0x00, 0x00, 0x00, 0x00, 0x00, 0x00, 0x00, 0x00, 0x00, 0x00, 0x00, 0x00, 0x00, 0x00, 0x00, 0x00,
    0x00, 0x00, 0x00, 0x00, 0x00, 0x00, 0x00, 0x00, 0x00, 0x00, 0x00, 0x00, 0x00, 0x00, 0x00, 0x00, 0x00, 0x00, 0x00, 0x00,
    0x00, 0x00, 0x00, 0x00, 0x00, 0x00, 0x00, 0x00, 0x00, 0x00, 0x00, 0x00, 0x00, 0x00, 0x00, 0x00, 0x00, 0x00, 0x00, 0x00,
    0x00, 0x00, 0x00, 0x00, 0x00, 0x00, 0x00, 0x00, 0x00, 0x00, 0x00, 0x00, 0x00, 0x00, 0x00, 0x00, 0x00, 0x00, 0x00, 0x00,
    0x00, 0x00, 0x00, 0x00, 0x00, 0x00, 0x00, 0x00, 0x00, 0x00, 0x00, 0x00, 0x00, 0x00, 0x00, 0x00, 0x00, 0x00, 0x00, 0x00,
    0x00, 0x00, 0x00, 0x00, 0x00, 0x00, 0x00, 0x00, 0x00, 0x00, 0x00, 0x00, 0x00, 0x00, 0x00, 0x00, 0x00, 0x00, 0x00, 0x00,
    0x00, 0x00, 0x00, 0x00, 0x00, 0x00, 0x00, 0x00, 0x00, 0x00, 0x00, 0x00, 0x00, 0x00, 0x00, 0x00, 0x00, 0x00, 0x00, 0x00,
    0x00, 0x00, 0x00, 0x00, 0x00, 0x00, 0x00, 0x00, 0x00, 0x00, 0x00, 0x00, 0x00, 0x00, 0x00, 0x00, 0x00, 0x00, 0x00, 0x00,
    0x00, 0x00, 0x00, 0x00, 0x00, 0x00, 0x00, 0x00, 0x00, 0x00, 0x00, 0x00, 0x00, 0x00, 0x00, 0x00, 0x00, 0x00, 0x00, 0x00,
    0x00, 0x00, 0x00, 0x00, 0x00, 0x00, 0x00, 0x00, 0x00, 0x00, 0x00, 0x00, 0x00, 0x00, 0x00, 0x00, 0x00, 0x00, 0x00, 0x00,
    0x00, 0x00, 0x00, 0x00, 0x00, 0x00, 0x00, 0x00, 0x00, 0x00, 0x00, 0x00, 0x00, 0x00, 0x00, 0x00, 0x00, 0x00, 0x00, 0x00,
    0x00, 0x00, 0x00, 0x00, 0x00, 0x00, 0x00, 0x00, 0x00, 0x00, 0x00, 0x00, 0x00, 0x00, 0x00, 0x00, 0x00, 0x00, 0x00, 0x00,
    0x00, 0x00, 0x00, 0x00, 0x00, 0x00, 0x00, 0x00, 0x00, 0x00, 0x00, 0x00, 0x00, 0x00, 0x00, 0x00, 0x00, 0x00, 0x00, 0x00,
    0x00, 0x00, 0x00, 0x00, 0x00, 0x00, 0x00, 0x00, 0x00, 0x00, 0x00, 0x00, 0x00, 0x00, 0x00, 0x00, 0x00, 0x00, 0x00, 0x00,
    0x00, 0x00, 0x00, 0x00, 0x00, 0x00, 0x00, 0x00, 0x00, 0x00, 0x00, 0x00, 0x00, 0x00, 0x00, 0x00, 0x00, 0x00, 0x00, 0x00,
    0x00, 0x00, 0x00, 0x00, 0x00, 0x00, 0x00, 0x00, 0x00, 0x00, 0x00, 0x00, 0x00, 0x00, 0x00, 0x00, 0x00, 0x00, 0x00, 0x00,
    0x00, 0x00, 0x00, 0x00, 0x00, 0x00, 0x00, 0x00, 0x00, 0x00, 0x00, 0x00, 0x00, 0x00, 0x00, 0x00, 0x00, 0x00, 0x00, 0x00,
    0x00, 0x00, 0x00, 0x00, 0x00, 0x00, 0x00, 0x00, 0x00, 0x00, 0x00, 0x00, 0x00, 0x00, 0x00, 0x00, 0x00, 0x00, 0x00, 0x00,
    0x00, 0x00, 0x00, 0x00, 0x00, 0x00, 0x00, 0x00, 0x00, 0x00, 0x00, 0x00, 0x00, 0x00, 0x00, 0x00, 0x00, 0x00, 0x00, 0x00,
};

const lv_image_dsc_t icon_fruit_snake = {
    .header.cf    = LV_COLOR_FORMAT_RGB565,
    .header.magic = LV_IMAGE_HEADER_MAGIC,
    .header.w     = 200,
    .header.h     = 200,
    .data_size    = 40000 * 2,
    .data         = icon_fruit_snake_map,
};
