#ifdef __has_include
#if __has_include("lvgl.h")
#ifndef LV_LVGL_H_INCLUDE_SIMPLE
#define LV_LVGL_H_INCLUDE_SIMPLE
#endif
#endif
#endif

#if defined(LV_LVGL_H_INCLUDE_SIMPLE)
#include "lvgl.h"
#else
#include "lvgl/lvgl.h"
#endif


#ifndef LV_ATTRIBUTE_MEM_ALIGN
#define LV_ATTRIBUTE_MEM_ALIGN
#endif

#ifndef LV_ATTRIBUTE_IMAGE_ICON_RUVIEW
#define LV_ATTRIBUTE_IMAGE_ICON_RUVIEW
#endif

const LV_ATTRIBUTE_MEM_ALIGN LV_ATTRIBUTE_LARGE_CONST LV_ATTRIBUTE_IMAGE_ICON_RUVIEW uint8_t icon_ruview_map[] = {
    0x00, 0x00, 0x00, 0x00, 0x00, 0x00, 0x00, 0x00, 0x00, 0x00, 0x00, 0x00, 0x00, 0x00, 0x00, 0x00, 0x00, 0x00, 0x00, 0x00,
    0x00, 0x00, 0x00, 0x00, 0x00, 0x00, 0x00, 0x00, 0x00, 0x00, 0x00, 0x00, 0x00, 0x00, 0x00, 0x00, 0x00, 0x00, 0x00, 0x00,
    0x00, 0x00, 0x00, 0x00, 0x00, 0x00, 0x00, 0x00, 0x00, 0x00, 0x00, 0x00, 0x00, 0x00, 0x00, 0x00, 0x00, 0x00, 0x00, 0x00,
    0x00, 0x00, 0x00, 0x00, 0x00, 0x00, 0x00, 0x00, 0x00, 0x00, 0x00, 0x00, 0x00, 0x00, 0x00, 0x00, 0x00, 0x00, 0x00, 0x00,
    0x00, 0x00, 0x00, 0x00, 0x00, 0x00, 0x00, 0x00, 0x00, 0x00, 0x00, 0x00, 0x00, 0x00, 0x00, 0x00, 0x00, 0x00, 0x00, 0x00,
    0x00, 0x00, 0x00, 0x00, 0x00, 0x00, 0x00, 0x00, 0x00, 0x00, 0x00, 0x00, 0x00, 0x00, 0x00, 0x00, 0x00, 0x00, 0x00, 0x00,
    0x00, 0x00, 0x00, 0x00, 0x00, 0x00, 0x00, 0x00, 0x00, 0x00, 0x00, 0x00, 0x00, 0x00, 0x00, 0x00, 0x00, 0x00, 0x00, 0x00,
    0x00, 0x00, 0x00, 0x00, 0x00, 0x00, 0x00, 0x00, 0x00, 0x00, 0x00, 0x00, 0x00, 0x00, 0x00, 0x00, 0x00, 0x00, 0x00, 0x00,
    0x00, 0x00, 0x00, 0x00, 0x00, 0x00, 0x00, 0x00, 0x00, 0x00, 0x00, 0x00, 0x00, 0x00, 0x00, 0x00, 0x00, 0x00, 0x00, 0x00,
    0x00, 0x00, 0x00, 0x00, 0x00, 0x00, 0x00, 0x00, 0x00, 0x00, 0x00, 0x00, 0x00, 0x00, 0x00, 0x00, 0x00, 0x00, 0x00, 0x00,
    0x00, 0x00, 0x00, 0x00, 0x00, 0x00, 0x00, 0x00, 0x00, 0x00, 0x00, 0x00, 0x00, 0x00, 0x00, 0x00, 0x00, 0x00, 0x00, 0x00,
    0x00, 0x00, 0x00, 0x00, 0x00, 0x00, 0x00, 0x00, 0x00, 0x00, 0x00, 0x00, 0x00, 0x00, 0x00, 0x00, 0x00, 0x00, 0x00, 0x00,
    0x00, 0x00, 0x00, 0x00, 0x00, 0x00, 0x00, 0x00, 0x00, 0x00, 0x00, 0x00, 0x00, 0x00, 0x00, 0x00, 0x00, 0x00, 0x00, 0x00,
    0x00, 0x00, 0x00, 0x00, 0x00, 0x00, 0x00, 0x00, 0x00, 0x00, 0x00, 0x00, 0x00, 0x00, 0x00, 0x00, 0x00, 0x00, 0x00, 0x00,
    0x00, 0x00, 0x00, 0x00, 0x00, 0x00, 0x00, 0x00, 0x00, 0x00, 0x00, 0x00, 0x00, 0x00, 0x00, 0x00, 0x00, 0x00, 0x00, 0x00,
    0x00, 0x00, 0x00, 0x00, 0x00, 0x00, 0x00, 0x00, 0x00, 0x00, 0x00, 0x00, 0x00, 0x00, 0x00, 0x00, 0x00, 0x00, 0x00, 0x00,
    0x00, 0x00, 0x00, 0x00, 0x00, 0x00, 0x00, 0x00, 0x00, 0x00, 0x00, 0x00, 0x00, 0x00, 0x00, 0x00, 0x00, 0x00, 0x00, 0x00,
    0x00, 0x00, 0x00, 0x00, 0x00, 0x00, 0x00, 0x00, 0x00, 0x00, 0x00, 0x00, 0x00, 0x00, 0x00, 0x00, 0x00, 0x00, 0x00, 0x00,
    0x00, 0x00, 0x00, 0x00, 0x00, 0x00, 0x00, 0x00, 0x00, 0x00, 0x00, 0x00, 0x00, 0x00, 0x00, 0x00, 0x00, 0x00, 0x00, 0x00,
    0x00, 0x00, 0x00, 0x00, 0x00, 0x00, 0x00, 0x00, 0x00, 0x00, 0x00, 0x00, 0x00, 0x00, 0x00, 0x00, 0x00, 0x00, 0x00, 0x00,
    0x00, 0x00, 0x00, 0x00, 0x00, 0x00, 0x00, 0x00, 0x00, 0x00, 0x00, 0x00, 0x00, 0x00, 0x00, 0x00, 0x00, 0x00, 0x00, 0x00,
    0x00, 0x00, 0x00, 0x00, 0x00, 0x00, 0x00, 0x00, 0x00, 0x00, 0x00, 0x00, 0x00, 0x00, 0x00, 0x00, 0x00, 0x00, 0x00, 0x00,
    0x00, 0x00, 0x00, 0x00, 0x00, 0x00, 0x00, 0x00, 0x00, 0x00, 0x00, 0x00, 0x00, 0x00, 0x00, 0x00, 0x00, 0x00, 0x00, 0x00,
    0x00, 0x00, 0x00, 0x00, 0x00, 0x00, 0x00, 0x00, 0x00, 0x00, 0x00, 0x00, 0x00, 0x00, 0x00, 0x00, 0x00, 0x00, 0x00, 0x00,
    0x00, 0x00, 0x00, 0x00, 0x00, 0x00, 0x00, 0x00, 0x00, 0x00, 0x00, 0x00, 0x00, 0x00, 0x00, 0x00, 0x00, 0x00, 0x00, 0x00,
    0x00, 0x00, 0x00, 0x00, 0x00, 0x00, 0x00, 0x00, 0x00, 0x00, 0x00, 0x00, 0x00, 0x00, 0x00, 0x00, 0x00, 0x00, 0x00, 0x00,
    0x00, 0x00, 0x00, 0x00, 0x00, 0x00, 0x00, 0x00, 0x00, 0x00, 0x00, 0x00, 0x00, 0x00, 0x00, 0x00, 0x00, 0x00, 0x00, 0x00,
    0x00, 0x00, 0x00, 0x00, 0x00, 0x00, 0x00, 0x00, 0x00, 0x00, 0x00, 0x00, 0x00, 0x00, 0x00, 0x00, 0x00, 0x00, 0x00, 0x00,
    0x00, 0x00, 0x00, 0x00, 0x00, 0x00, 0x00, 0x00, 0x00, 0x00, 0x00, 0x00, 0x00, 0x00, 0x00, 0x00, 0x00, 0x00, 0x00, 0x00,
    0x00, 0x00, 0x00, 0x00, 0x00, 0x00, 0x00, 0x00, 0x00, 0x00, 0x00, 0x00, 0x00, 0x00, 0x00, 0x00, 0x00, 0x00, 0x00, 0x00,
    0x00, 0x00, 0x00, 0x00, 0x00, 0x00, 0x00, 0x00, 0x00, 0x00, 0x00, 0x00, 0x00, 0x00, 0x00, 0x00, 0x00, 0x00, 0x00, 0x00,
    0x00, 0x00, 0x00, 0x00, 0x00, 0x00, 0x00, 0x00, 0x00, 0x00, 0x00, 0x00, 0x00, 0x00, 0x00, 0x00, 0x00, 0x00, 0x00, 0x00,
    0x00, 0x00, 0x00, 0x00, 0x00, 0x00, 0x00, 0x00, 0x00, 0x00, 0x00, 0x00, 0x00, 0x00, 0x00, 0x00, 0x00, 0x00, 0x00, 0x00,
    0x00, 0x00, 0x00, 0x00, 0x00, 0x00, 0x00, 0x00, 0x00, 0x00, 0x00, 0x00, 0x00, 0x00, 0x00, 0x00, 0x00, 0x00, 0x00, 0x00,
    0x00, 0x00, 0x00, 0x00, 0x00, 0x00, 0x00, 0x00, 0x00, 0x00, 0x00, 0x00, 0x00, 0x00, 0x00, 0x00, 0x00, 0x00, 0x00, 0x00,
    0x00, 0x00, 0x00, 0x00, 0x00, 0x00, 0x00, 0x00, 0x00, 0x00, 0x00, 0x00, 0x00, 0x00, 0x00, 0x00, 0x00, 0x00, 0x00, 0x00,
    0x00, 0x00, 0x00, 0x00, 0x00, 0x00, 0x00, 0x00, 0x00, 0x00, 0x00, 0x00, 0x00, 0x00, 0x00, 0x00, 0x00, 0x00, 0x00, 0x00,
    0x00, 0x00, 0x00, 0x00, 0x00, 0x00, 0x00, 0x00, 0x00, 0x00, 0x00, 0x00, 0x00, 0x00, 0x00, 0x00, 0x00, 0x00, 0x00, 0x00,
    0x00, 0x00, 0x00, 0x00, 0x00, 0x00, 0x00, 0x00, 0x00, 0x00, 0x00, 0x00, 0x00, 0x00, 0x00, 0x00, 0x00, 0x00, 0x00, 0x00,
    0x00, 0x00, 0x00, 0x00, 0x00, 0x00, 0x00, 0x00, 0x00, 0x00, 0x00, 0x00, 0x00, 0x00, 0x00, 0x00, 0x00, 0x00, 0x00, 0x00,
    0x00, 0x00, 0x00, 0x00, 0x00, 0x00, 0x00, 0x00, 0x00, 0x00, 0x00, 0x00, 0x00, 0x00, 0x00, 0x00, 0x00, 0x00, 0x00, 0x00,
    0x00, 0x00, 0x00, 0x00, 0x00, 0x00, 0x00, 0x00, 0x00, 0x00, 0x00, 0x00, 0x00, 0x00, 0x00, 0x00, 0x00, 0x00, 0x00, 0x00,
    0x00, 0x00, 0x00, 0x00, 0x00, 0x00, 0x00, 0x00, 0x00, 0x00, 0x00, 0x00, 0x00, 0x00, 0x00, 0x00, 0x00, 0x00, 0x00, 0x00,
    0x00, 0x00, 0x00, 0x00, 0x00, 0x00, 0x00, 0x00, 0x00, 0x00, 0x00, 0x00, 0x00, 0x00, 0x00, 0x00, 0x00, 0x00, 0x00, 0x00,
    0x00, 0x00, 0x00, 0x00, 0x00, 0x00, 0x00, 0x00, 0x00, 0x00, 0x00, 0x00, 0x00, 0x00, 0x00, 0x00, 0x00, 0x00, 0x00, 0x00,
    0x00, 0x00, 0x00, 0x00, 0x00, 0x00, 0x00, 0x00, 0x00, 0x00, 0x00, 0x00, 0x00, 0x00, 0x00, 0x00, 0x00, 0x00, 0x00, 0x00,
    0x00, 0x00, 0x00, 0x00, 0x00, 0x00, 0x00, 0x00, 0x00, 0x00, 0x00, 0x00, 0x00, 0x00, 0x00, 0x00, 0x00, 0x00, 0x00, 0x00,
    0x00, 0x00, 0x00, 0x00, 0x00, 0x00, 0x00, 0x00, 0x00, 0x00, 0x00, 0x00, 0x00, 0x00, 0x00, 0x00, 0x00, 0x00, 0x00, 0x00,
    0x00, 0x00, 0x00, 0x00, 0x00, 0x00, 0x00, 0x00, 0x00, 0x00, 0x00, 0x00, 0x00, 0x00, 0x00, 0x00, 0x00, 0x00, 0x00, 0x00,
    0x00, 0x00, 0x00, 0x00, 0x00, 0x00, 0x00, 0x00, 0x00, 0x00, 0x00, 0x00, 0x00, 0x00, 0x00, 0x00, 0x00, 0x00, 0x00, 0x00,
    0x00, 0x00, 0x00, 0x00, 0x00, 0x00, 0x00, 0x00, 0x00, 0x00, 0x00, 0x00, 0x00, 0x00, 0x00, 0x00, 0x00, 0x00, 0x00, 0x00,
    0x00, 0x00, 0x00, 0x00, 0x00, 0x00, 0x00, 0x00, 0x00, 0x00, 0x00, 0x00, 0x00, 0x00, 0x00, 0x00, 0x00, 0x00, 0x00, 0x00,
    0x00, 0x00, 0x00, 0x00, 0x00, 0x00, 0x00, 0x00, 0x00, 0x00, 0x00, 0x00, 0x00, 0x00, 0x00, 0x00, 0x00, 0x00, 0x00, 0x00,
    0x00, 0x00, 0x00, 0x00, 0x00, 0x00, 0x00, 0x00, 0x00, 0x00, 0x00, 0x00, 0x00, 0x00, 0x00, 0x00, 0x00, 0x00, 0x00, 0x00,
    0x00, 0x00, 0x00, 0x00, 0x00, 0x00, 0x00, 0x00, 0x00, 0x00, 0x00, 0x00, 0x00, 0x00, 0x00, 0x00, 0x00, 0x00, 0x00, 0x00,
    0x00, 0x00, 0x00, 0x00, 0x00, 0x00, 0x00, 0x00, 0x00, 0x00, 0x00, 0x00, 0x00, 0x00, 0x00, 0x00, 0x00, 0x00, 0x00, 0x00,
    0x00, 0x00, 0x00, 0x00, 0x00, 0x00, 0x00, 0x00, 0x00, 0x00, 0x00, 0x00, 0x00, 0x00, 0x00, 0x00, 0x00, 0x00, 0x00, 0x00,
    0x00, 0x00, 0x00, 0x00, 0x00, 0x00, 0x00, 0x00, 0x00, 0x00, 0x00, 0x00, 0x00, 0x00, 0x00, 0x00, 0x00, 0x00, 0x00, 0x00,
    0x00, 0x00, 0x00, 0x00, 0x00, 0x00, 0x00, 0x00, 0x00, 0x00, 0x00, 0x00, 0x00, 0x00, 0x00, 0x00, 0x00, 0x00, 0x00, 0x00,
    0x00, 0x00, 0x00, 0x00, 0x00, 0x00, 0x00, 0x00, 0x00, 0x00, 0x00, 0x00, 0x00, 0x00, 0x00, 0x00, 0x00, 0x00, 0x00, 0x00,
    0x00, 0x00, 0x00, 0x00, 0x00, 0x00, 0x00, 0x00, 0x00, 0x00, 0x00, 0x00, 0x00, 0x00, 0x00, 0x00, 0x00, 0x00, 0x00, 0x00,
    0x00, 0x00, 0x00, 0x00, 0x00, 0x00, 0x00, 0x00, 0x00, 0x00, 0x00, 0x00, 0x00, 0x00, 0x00, 0x00, 0x00, 0x00, 0x00, 0x00,
    0x00, 0x00, 0x00, 0x00, 0x00, 0x00, 0x00, 0x00, 0x00, 0x00, 0x00, 0x00, 0x00, 0x00, 0x00, 0x00, 0x00, 0x00, 0x00, 0x00,
    0x00, 0x00, 0x00, 0x00, 0x00, 0x00, 0x00, 0x00, 0x00, 0x00, 0x00, 0x00, 0x00, 0x00, 0x00, 0x00, 0x00, 0x00, 0x00, 0x00,
    0x00, 0x00, 0x00, 0x00, 0x00, 0x00, 0x00, 0x00, 0x00, 0x00, 0x00, 0x00, 0x00, 0x00, 0x00, 0x00, 0x00, 0x00, 0x00, 0x00,
    0x00, 0x00, 0x00, 0x00, 0x00, 0x00, 0x00, 0x00, 0x00, 0x00, 0x00, 0x00, 0x00, 0x00, 0x00, 0x00, 0x00, 0x00, 0x00, 0x00,
    0x00, 0x00, 0x00, 0x00, 0x00, 0x00, 0x00, 0x00, 0x00, 0x00, 0x00, 0x00, 0x00, 0x00, 0x00, 0x00, 0x00, 0x00, 0x00, 0x00,
    0x00, 0x00, 0x00, 0x00, 0x00, 0x00, 0x00, 0x00, 0x00, 0x00, 0x00, 0x00, 0x00, 0x00, 0x00, 0x00, 0x00, 0x00, 0x00, 0x00,
    0x00, 0x00, 0x00, 0x00, 0x00, 0x00, 0x00, 0x00, 0x00, 0x00, 0x00, 0x00, 0x00, 0x00, 0x00, 0x00, 0x00, 0x00, 0x00, 0x00,
    0x00, 0x00, 0x00, 0x00, 0x00, 0x00, 0x00, 0x00, 0x00, 0x00, 0x00, 0x00, 0x00, 0x00, 0x00, 0x00, 0x00, 0x00, 0x00, 0x00,
    0x00, 0x00, 0x00, 0x00, 0x00, 0x00, 0x00, 0x00, 0x00, 0x00, 0x00, 0x00, 0x00, 0x00, 0x00, 0x00, 0x00, 0x00, 0x00, 0x00,
    0x00, 0x00, 0x00, 0x00, 0x00, 0x00, 0x00, 0x00, 0x00, 0x00, 0x00, 0x00, 0x00, 0x00, 0x00, 0x00, 0x00, 0x00, 0x00, 0x00,
    0x00, 0x00, 0x00, 0x00, 0x00, 0x00, 0x00, 0x00, 0x00, 0x00, 0x00, 0x00, 0x00, 0x00, 0x00, 0x00, 0x00, 0x00, 0x00, 0x00,
    0x00, 0x00, 0x00, 0x00, 0x00, 0x00, 0x00, 0x00, 0x00, 0x00, 0x00, 0x00, 0x00, 0x00, 0x00, 0x00, 0x00, 0x00, 0x00, 0x00,
    0x00, 0x00, 0x00, 0x00, 0x00, 0x00, 0x00, 0x00, 0x00, 0x00, 0x00, 0x00, 0x00, 0x00, 0x00, 0x00, 0x00, 0x00, 0x00, 0x00,
    0x00, 0x00, 0x00, 0x00, 0x00, 0x00, 0x00, 0x00, 0x00, 0x00, 0x00, 0x00, 0x00, 0x00, 0x00, 0x00, 0x00, 0x00, 0x00, 0x00,
    0x00, 0x00, 0x00, 0x00, 0x00, 0x00, 0x00, 0x00, 0x00, 0x00, 0x00, 0x00, 0x00, 0x00, 0x00, 0x00, 0x00, 0x00, 0x00, 0x00,
    0x00, 0x00, 0x00, 0x00, 0x00, 0x00, 0x00, 0x00, 0x00, 0x00, 0x00, 0x00, 0x00, 0x00, 0x00, 0x00, 0x00, 0x00, 0x00, 0x00,
    0x00, 0x00, 0x00, 0x00, 0x00, 0x00, 0x00, 0x00, 0x00, 0x00, 0x00, 0x00, 0x00, 0x00, 0x00, 0x00, 0x00, 0x00, 0x00, 0x00,
    0x00, 0x00, 0x00, 0x00, 0x00, 0x00, 0x00, 0x00, 0x00, 0x00, 0x00, 0x00, 0x00, 0x00, 0x00, 0x00, 0x00, 0x00, 0x00, 0x00,
    0x00, 0x00, 0x00, 0x00, 0x00, 0x00, 0x00, 0x00, 0x00, 0x00, 0x00, 0x00, 0x00, 0x00, 0x00, 0x00, 0x00, 0x00, 0x00, 0x00,
    0x00, 0x00, 0x00, 0x00, 0x00, 0x00, 0x00, 0x00, 0x00, 0x00, 0x00, 0x00, 0x00, 0x00, 0x00, 0x00, 0x00, 0x00, 0x00, 0x00,
    0x00, 0x00, 0x00, 0x00, 0x00, 0x00, 0x00, 0x00, 0x00, 0x00, 0x00, 0x00, 0x00, 0x00, 0x00, 0x00, 0x00, 0x00, 0x00, 0x00,
    0x00, 0x00, 0x00, 0x00, 0x00, 0x00, 0x00, 0x00, 0x00, 0x00, 0x00, 0x00, 0x00, 0x00, 0x00, 0x00, 0x00, 0x00, 0x00, 0x00,
    0x00, 0x00, 0x00, 0x00, 0x00, 0x00, 0x00, 0x00, 0x00, 0x00, 0x00, 0x00, 0x00, 0x00, 0x00, 0x00, 0x00, 0x00, 0x00, 0x00,
    0x00, 0x00, 0x00, 0x00, 0x00, 0x00, 0x00, 0x00, 0x00, 0x00, 0x00, 0x00, 0x00, 0x00, 0x00, 0x00, 0x00, 0x00, 0x00, 0x00,
    0x00, 0x00, 0x00, 0x00, 0x00, 0x00, 0x00, 0x00, 0x00, 0x00, 0x00, 0x00, 0x00, 0x00, 0x00, 0x00, 0x00, 0x00, 0x00, 0x00,
    0x00, 0x00, 0x00, 0x00, 0x00, 0x00, 0x00, 0x00, 0x00, 0x00, 0x00, 0x00, 0x00, 0x00, 0x00, 0x00, 0x00, 0x00, 0x00, 0x00,
    0x00, 0x00, 0x00, 0x00, 0x00, 0x00, 0x00, 0x00, 0x00, 0x00, 0x00, 0x00, 0x00, 0x00, 0x00, 0x00, 0x00, 0x00, 0x00, 0x00,
    0x00, 0x00, 0x00, 0x00, 0x00, 0x00, 0x00, 0x00, 0x00, 0x00, 0x00, 0x00, 0x00, 0x00, 0x00, 0x00, 0x00, 0x00, 0x00, 0x00,
    0x00, 0x00, 0x00, 0x00, 0x00, 0x00, 0x00, 0x00, 0x00, 0x00, 0x00, 0x00, 0x00, 0x00, 0x00, 0x00, 0x00, 0x00, 0x00, 0x00,
    0x00, 0x00, 0x00, 0x00, 0x00, 0x00, 0x00, 0x00, 0x00, 0x00, 0x00, 0x00, 0x00, 0x00, 0x00, 0x00, 0x00, 0x00, 0x00, 0x00,
    0x00, 0x00, 0x00, 0x00, 0x00, 0x00, 0x00, 0x00, 0x00, 0x00, 0x00, 0x00, 0x00, 0x00, 0x00, 0x00, 0x00, 0x00, 0x00, 0x00,
    0x00, 0x00, 0x00, 0x00, 0x00, 0x00, 0x00, 0x00, 0x00, 0x00, 0x00, 0x00, 0x00, 0x00, 0x00, 0x00, 0x00, 0x00, 0x00, 0x00,
    0x00, 0x00, 0x00, 0x00, 0x00, 0x00, 0x00, 0x00, 0x00, 0x00, 0x00, 0x00, 0x00, 0x00, 0x00, 0x00, 0x00, 0x00, 0x00, 0x00,
    0x00, 0x00, 0x00, 0x00, 0x00, 0x00, 0x00, 0x00, 0x00, 0x00, 0x00, 0x00, 0x00, 0x00, 0x00, 0x00, 0x00, 0x00, 0x00, 0x00,
    0x00, 0x00, 0x00, 0x00, 0x00, 0x00, 0x00, 0x00, 0x00, 0x00, 0x00, 0x00, 0x00, 0x00, 0x00, 0x00, 0x00, 0x00, 0x00, 0x00,
    0x00, 0x00, 0x00, 0x00, 0x00, 0x00, 0x00, 0x00, 0x00, 0x00, 0x00, 0x00, 0x00, 0x00, 0x00, 0x00, 0x00, 0x00, 0x00, 0x00,
    0x00, 0x00, 0x00, 0x00, 0x00, 0x00, 0x00, 0x00, 0x00, 0x00, 0x00, 0x00, 0x00, 0x00, 0x00, 0x00, 0x00, 0x00, 0x00, 0x00,
    0x00, 0x00, 0x00, 0x00, 0x00, 0x00, 0x00, 0x00, 0x00, 0x00, 0x00, 0x00, 0x00, 0x00, 0x00, 0x00, 0x00, 0x00, 0x00, 0x00,
    0x00, 0x00, 0x00, 0x00, 0x00, 0x00, 0x00, 0x00, 0x00, 0x00, 0x00, 0x00, 0x00, 0x00, 0x00, 0x00, 0x00, 0x00, 0x00, 0x00,
    0x00, 0x00, 0x00, 0x00, 0x00, 0x00, 0x00, 0x00, 0x00, 0x00, 0x00, 0x00, 0x00, 0x00, 0x00, 0x00, 0x00, 0x00, 0x00, 0x00,
    0x00, 0x00, 0x00, 0x00, 0x00, 0x00, 0x00, 0x00, 0x00, 0x00, 0x00, 0x00, 0x00, 0x00, 0x00, 0x00, 0x00, 0x00, 0x00, 0x00,
    0x00, 0x00, 0x00, 0x00, 0x00, 0x00, 0x00, 0x00, 0x00, 0x00, 0x00, 0x00, 0x00, 0x00, 0x00, 0x00, 0x00, 0x00, 0x00, 0x00,
    0x00, 0x00, 0x00, 0x00, 0x00, 0x00, 0x00, 0x00, 0x00, 0x00, 0x00, 0x00, 0x00, 0x00, 0x00, 0x00, 0x00, 0x00, 0x00, 0x00,
    0x00, 0x00, 0x00, 0x00, 0x00, 0x00, 0x00, 0x00, 0x00, 0x00, 0x00, 0x00, 0x00, 0x00, 0x00, 0x00, 0x00, 0x00, 0x00, 0x00,
    0x00, 0x00, 0x00, 0x00, 0x00, 0x00, 0x00, 0x00, 0x00, 0x00, 0x00, 0x00, 0x00, 0x00, 0x00, 0x00, 0x00, 0x00, 0x00, 0x00,
    0x00, 0x00, 0x00, 0x00, 0x00, 0x00, 0x00, 0x00, 0x00, 0x00, 0x00, 0x00, 0x00, 0x00, 0x00, 0x00, 0x00, 0x00, 0x00, 0x00,
    0x00, 0x00, 0x00, 0x00, 0x00, 0x00, 0x00, 0x00, 0x00, 0x00, 0x00, 0x00, 0x00, 0x00, 0x00, 0x00, 0x00, 0x00, 0x00, 0x00,
    0x00, 0x00, 0x00, 0x00, 0x00, 0x00, 0x00, 0x00, 0x00, 0x00, 0x00, 0x00, 0x00, 0x00, 0x00, 0x00, 0x00, 0x00, 0x00, 0x00,
    0x00, 0x00, 0x00, 0x00, 0x00, 0x00, 0x00, 0x00, 0x00, 0x00, 0x00, 0x00, 0x00, 0x00, 0x00, 0x00, 0x00, 0x00, 0x00, 0x00,
    0x00, 0x00, 0x00, 0x00, 0x00, 0x00, 0x00, 0x00, 0x00, 0x00, 0x00, 0x00, 0x00, 0x00, 0x00, 0x00, 0x00, 0x00, 0x00, 0x00,
    0x00, 0x00, 0x00, 0x00, 0x00, 0x00, 0x00, 0x00, 0x00, 0x00, 0x00, 0x00, 0x00, 0x00, 0x00, 0x00, 0x00, 0x00, 0x00, 0x00,
    0x00, 0x00, 0x00, 0x00, 0x00, 0x00, 0x00, 0x00, 0x00, 0x00, 0x00, 0x00, 0x00, 0x00, 0x00, 0x00, 0x00, 0x00, 0x00, 0x00,
    0x00, 0x00, 0x00, 0x00, 0x00, 0x00, 0x00, 0x00, 0x00, 0x00, 0x00, 0x00, 0x00, 0x00, 0x00, 0x00, 0x00, 0x00, 0x00, 0x00,
    0x00, 0x00, 0x00, 0x00, 0x00, 0x00, 0x00, 0x00, 0x00, 0x00, 0x00, 0x00, 0x00, 0x00, 0x00, 0x00, 0x00, 0x00, 0x00, 0x00,
    0x00, 0x00, 0x00, 0x00, 0x00, 0x00, 0x00, 0x00, 0x00, 0x00, 0x00, 0x00, 0x00, 0x00, 0x00, 0x00, 0x00, 0x00, 0x00, 0x00,
    0x00, 0x00, 0x00, 0x00, 0x00, 0x00, 0x00, 0x00, 0x00, 0x00, 0x00, 0x00, 0x00, 0x00, 0x00, 0x00, 0x00, 0x00, 0x00, 0x00,
    0x00, 0x00, 0x00, 0x00, 0x00, 0x00, 0x00, 0x00, 0x00, 0x00, 0x00, 0x00, 0x00, 0x00, 0x00, 0x00, 0x00, 0x00, 0x00, 0x00,
    0x00, 0x00, 0x00, 0x00, 0x00, 0x00, 0x00, 0x00, 0x00, 0x00, 0x00, 0x00, 0x00, 0x00, 0x00, 0x00, 0x00, 0x00, 0x00, 0x00,
    0x00, 0x00, 0x00, 0x00, 0x00, 0x00, 0x00, 0x00, 0x00, 0x00, 0x00, 0x00, 0x00, 0x00, 0x00, 0x00, 0x00, 0x00, 0x00, 0x00,
    0x00, 0x00, 0x00, 0x00, 0x00, 0x00, 0x00, 0x00, 0x00, 0x00, 0x00, 0x00, 0x00, 0x00, 0x00, 0x00, 0x00, 0x00, 0x00, 0x00,
    0x00, 0x00, 0x00, 0x00, 0x00, 0x00, 0x00, 0x00, 0x00, 0x00, 0x00, 0x00, 0x00, 0x00, 0x00, 0x00, 0x00, 0x00, 0x00, 0x00,
    0x00, 0x00, 0x00, 0x00, 0x00, 0x00, 0x00, 0x00, 0x00, 0x00, 0x00, 0x00, 0x00, 0x00, 0x00, 0x00, 0x00, 0x00, 0x00, 0x00,
    0x00, 0x00, 0x00, 0x00, 0x00, 0x00, 0x00, 0x00, 0x00, 0x00, 0x00, 0x00, 0x00, 0x00, 0x00, 0x00, 0x00, 0x00, 0x00, 0x00,
    0x00, 0x00, 0x00, 0x00, 0x00, 0x00, 0x00, 0x00, 0x00, 0x00, 0x00, 0x00, 0x00, 0x00, 0x00, 0x00, 0x00, 0x00, 0x00, 0x00,
    0x00, 0x00, 0x00, 0x00, 0x00, 0x00, 0x00, 0x00, 0x00, 0x00, 0x00, 0x00, 0x00, 0x00, 0x00, 0x00, 0x00, 0x00, 0x00, 0x00,
    0x00, 0x00, 0x00, 0x00, 0x00, 0x00, 0x00, 0x00, 0x00, 0x00, 0x00, 0x00, 0x00, 0x00, 0x00, 0x00, 0x00, 0x00, 0x00, 0x00,
    0x00, 0x00, 0x00, 0x00, 0x00, 0x00, 0x00, 0x00, 0x00, 0x00, 0x00, 0x00, 0x00, 0x00, 0x00, 0x00, 0x00, 0x00, 0x00, 0x00,
    0x00, 0x00, 0x00, 0x00, 0x00, 0x00, 0x00, 0x00, 0x00, 0x00, 0x00, 0x00, 0x00, 0x00, 0x00, 0x00, 0x00, 0x00, 0x00, 0x00,
    0x00, 0x00, 0x00, 0x00, 0x00, 0x00, 0x00, 0x00, 0x00, 0x00, 0x00, 0x00, 0x00, 0x00, 0x00, 0x00, 0x00, 0x00, 0x00, 0x00,
    0x00, 0x00, 0x00, 0x00, 0x00, 0x00, 0x00, 0x00, 0x00, 0x00, 0x00, 0x00, 0x00, 0x00, 0x00, 0x00, 0x00, 0x00, 0x00, 0x00,
    0x00, 0x00, 0x00, 0x00, 0x00, 0x00, 0x00, 0x00, 0x00, 0x00, 0x00, 0x00, 0x00, 0x00, 0x00, 0x00, 0x00, 0x00, 0x00, 0x00,
    0x00, 0x00, 0x00, 0x00, 0x00, 0x00, 0x00, 0x00, 0x00, 0x00, 0x00, 0x00, 0x00, 0x00, 0x00, 0x00, 0x00, 0x00, 0x00, 0x00,
    0x00, 0x00, 0x00, 0x00, 0x00, 0x00, 0x00, 0x00, 0x00, 0x00, 0x00, 0x00, 0x00, 0x00, 0x00, 0x00, 0x00, 0x00, 0x00, 0x00,
    0x00, 0x00, 0x00, 0x00, 0x00, 0x00, 0x00, 0x00, 0x00, 0x00, 0x00, 0x00, 0x00, 0x00, 0x00, 0x00, 0x00, 0x00, 0x00, 0x00,
    0x00, 0x00, 0x00, 0x00, 0x00, 0x00, 0x00, 0x00, 0x00, 0x00, 0x00, 0x00, 0x00, 0x00, 0x00, 0x00, 0x00, 0x00, 0x00, 0x00,
    0x00, 0x00, 0x00, 0x00, 0x00, 0x00, 0x00, 0x00, 0x00, 0x00, 0x00, 0x00, 0x00, 0x00, 0x00, 0x00, 0x00, 0x00, 0x00, 0x00,
    0x00, 0x00, 0x00, 0x00, 0x00, 0x00, 0x00, 0x00, 0x00, 0x00, 0x00, 0x00, 0x00, 0x00, 0x00, 0x00, 0x00, 0x00, 0x00, 0x00,
    0x00, 0x00, 0x00, 0x00, 0x00, 0x00, 0x00, 0x00, 0x00, 0x00, 0x00, 0x00, 0x00, 0x00, 0x00, 0x00, 0x00, 0x00, 0x00, 0x00,
    0x00, 0x00, 0x00, 0x00, 0x00, 0x00, 0x00, 0x00, 0x00, 0x00, 0x00, 0x00, 0x00, 0x00, 0x00, 0x00, 0x00, 0x00, 0x00, 0x00,
    0x00, 0x00, 0x00, 0x00, 0x00, 0x00, 0x00, 0x00, 0x00, 0x00, 0x00, 0x00, 0x00, 0x00, 0x00, 0x00, 0x00, 0x00, 0x00, 0x00,
    0x00, 0x00, 0x00, 0x00, 0x00, 0x00, 0x00, 0x00, 0x00, 0x00, 0x00, 0x00, 0x00, 0x00, 0x00, 0x00, 0x00, 0x00, 0x00, 0x00,
    0x00, 0x00, 0x00, 0x00, 0x00, 0x00, 0x00, 0x00, 0x00, 0x00, 0x00, 0x00, 0x00, 0x00, 0x00, 0x00, 0x00, 0x00, 0x00, 0x00,
    0x00, 0x00, 0x00, 0x00, 0x00, 0x00, 0x00, 0x00, 0x00, 0x00, 0x00, 0x00, 0x00, 0x00, 0x00, 0x00, 0x00, 0x00, 0x00, 0x00,
    0x00, 0x00, 0x00, 0x00, 0x00, 0x00, 0x00, 0x00, 0x00, 0x00, 0x00, 0x00, 0x00, 0x00, 0x00, 0x00, 0x00, 0x00, 0x00, 0x00,
    0x00, 0x00, 0x00, 0x00, 0x00, 0x00, 0x00, 0x00, 0x00, 0x00, 0x00, 0x00, 0x00, 0x00, 0x00, 0x00, 0x00, 0x00, 0x00, 0x00,
    0x00, 0x00, 0x00, 0x00, 0x00, 0x00, 0x00, 0x00, 0x00, 0x00, 0x00, 0x00, 0x00, 0x00, 0x00, 0x00, 0x00, 0x00, 0x00, 0x00,
    0x00, 0x00, 0x00, 0x00, 0x00, 0x00, 0x00, 0x00, 0x00, 0x00, 0x00, 0x00, 0x00, 0x00, 0x00, 0x00, 0x00, 0x00, 0x00, 0x00,
    0x00, 0x00, 0x00, 0x00, 0x00, 0x00, 0x00, 0x00, 0x00, 0x00, 0x00, 0x00, 0x00, 0x00, 0x00, 0x00, 0x00, 0x00, 0x00, 0x00,
    0x00, 0x00, 0x00, 0x00, 0x00, 0x00, 0x00, 0x00, 0x00, 0x00, 0x00, 0x00, 0x00, 0x00, 0x00, 0x00, 0x00, 0x00, 0x00, 0x00,
    0x00, 0x00, 0x00, 0x00, 0x00, 0x00, 0x00, 0x00, 0x00, 0x00, 0x00, 0x00, 0x00, 0x00, 0x00, 0x00, 0x00, 0x00, 0x00, 0x00,
    0x00, 0x00, 0x00, 0x00, 0x00, 0x00, 0x00, 0x00, 0x00, 0x00, 0x00, 0x00, 0x00, 0x00, 0x00, 0x00, 0x00, 0x00, 0x00, 0x00,
    0x00, 0x00, 0x00, 0x00, 0x00, 0x00, 0x00, 0x00, 0x00, 0x00, 0x00, 0x00, 0x00, 0x00, 0x00, 0x00, 0x00, 0x00, 0x00, 0x00,
    0x00, 0x00, 0x00, 0x00, 0x00, 0x00, 0x00, 0x00, 0x00, 0x00, 0x00, 0x00, 0x00, 0x00, 0x00, 0x00, 0x00, 0x00, 0x00, 0x00,
    0x00, 0x00, 0x00, 0x00, 0x00, 0x00, 0x00, 0x00, 0x00, 0x00, 0x00, 0x00, 0x00, 0x00, 0x00, 0x00, 0x00, 0x00, 0x00, 0x00,
    0x00, 0x00, 0x00, 0x00, 0x00, 0x00, 0x00, 0x00, 0x00, 0x00, 0x00, 0x00, 0x00, 0x00, 0x00, 0x00, 0x00, 0x00, 0x00, 0x00,
    0x00, 0x00, 0x00, 0x00, 0x00, 0x00, 0x00, 0x00, 0x00, 0x00, 0x00, 0x00, 0x00, 0x00, 0x00, 0x00, 0x00, 0x00, 0x00, 0x00,
    0x00, 0x00, 0x00, 0x00, 0x00, 0x00, 0x00, 0x00, 0x00, 0x00, 0x00, 0x00, 0x00, 0x00, 0x00, 0x00, 0x00, 0x00, 0x00, 0x00,
    0x00, 0x00, 0x00, 0x00, 0x00, 0x00, 0x00, 0x00, 0x00, 0x00, 0x00, 0x00, 0x00, 0x00, 0x00, 0x00, 0x00, 0x00, 0x00, 0x00,
    0x00, 0x00, 0x00, 0x00, 0x00, 0x00, 0x00, 0x00, 0x00, 0x00, 0x00, 0x00, 0x00, 0x00, 0x00, 0x00, 0x00, 0x00, 0x00, 0x00,
    0x00, 0x00, 0x00, 0x00, 0x00, 0x00, 0x00, 0x00, 0x00, 0x00, 0x00, 0x00, 0x00, 0x00, 0x00, 0x00, 0x00, 0x00, 0x00, 0x00,
    0x00, 0x00, 0x00, 0x00, 0x00, 0x00, 0x00, 0x00, 0x00, 0x00, 0x00, 0x00, 0x00, 0x00, 0x00, 0x00, 0x00, 0x00, 0x00, 0x00,
    0x00, 0x00, 0x00, 0x00, 0x00, 0x00, 0x00, 0x00, 0x00, 0x00, 0x00, 0x00, 0x00, 0x00, 0x00, 0x00, 0x00, 0x00, 0x00, 0x00,
    0x00, 0x00, 0x00, 0x00, 0x00, 0x00, 0x00, 0x00, 0x00, 0x00, 0x00, 0x00, 0x00, 0x00, 0x00, 0x00, 0x00, 0x00, 0x00, 0x00,
    0x00, 0x00, 0x00, 0x00, 0x00, 0x00, 0x00, 0x00, 0x00, 0x00, 0x00, 0x00, 0x00, 0x00, 0x00, 0x00, 0x00, 0x00, 0x00, 0x00,
    0x00, 0x00, 0x00, 0x00, 0x00, 0x00, 0x00, 0x00, 0x00, 0x00, 0x00, 0x00, 0x00, 0x00, 0x00, 0x00, 0x00, 0x00, 0x00, 0x00,
    0x00, 0x00, 0x00, 0x00, 0x00, 0x00, 0x00, 0x00, 0x00, 0x00, 0x00, 0x00, 0x00, 0x00, 0x00, 0x00, 0x00, 0x00, 0x00, 0x00,
    0x00, 0x00, 0x00, 0x00, 0x00, 0x00, 0x00, 0x00, 0x00, 0x00, 0x00, 0x00, 0x00, 0x00, 0x00, 0x00, 0x00, 0x00, 0x00, 0x00,
    0x00, 0x00, 0x00, 0x00, 0x00, 0x00, 0x00, 0x00, 0x00, 0x00, 0x00, 0x00, 0x00, 0x00, 0x00, 0x00, 0x00, 0x00, 0x00, 0x00,
    0x00, 0x00, 0x00, 0x00, 0x00, 0x00, 0x00, 0x00, 0x00, 0x00, 0x00, 0x00, 0x00, 0x00, 0x00, 0x00, 0x00, 0x00, 0x00, 0x00,
    0x00, 0x00, 0x00, 0x00, 0x00, 0x00, 0x00, 0x00, 0x00, 0x00, 0x00, 0x00, 0x00, 0x00, 0x00, 0x00, 0x00, 0x00, 0x00, 0x00,
    0x00, 0x00, 0x00, 0x00, 0x00, 0x00, 0x00, 0x00, 0x00, 0x00, 0x00, 0x00, 0x00, 0x00, 0x00, 0x00, 0x00, 0x00, 0x00, 0x00,
    0x00, 0x00, 0x00, 0x00, 0x00, 0x00, 0x00, 0x00, 0x00, 0x00, 0x00, 0x00, 0x00, 0x00, 0x00, 0x00, 0x00, 0x00, 0x00, 0x00,
    0x00, 0x00, 0x00, 0x00, 0x00, 0x00, 0x00, 0x00, 0x00, 0x00, 0x00, 0x00, 0x00, 0x00, 0x00, 0x00, 0x00, 0x00, 0x00, 0x00,
    0x00, 0x00, 0x00, 0x00, 0x00, 0x00, 0x00, 0x00, 0x00, 0x00, 0x00, 0x00, 0x00, 0x00, 0x00, 0x00, 0x00, 0x00, 0x00, 0x00,
    0x00, 0x00, 0x00, 0x00, 0x00, 0x00, 0x00, 0x00, 0x00, 0x00, 0x00, 0x00, 0x00, 0x00, 0x00, 0x00, 0x00, 0x00, 0x00, 0x00,
    0x00, 0x00, 0x00, 0x00, 0x00, 0x00, 0x00, 0x00, 0x00, 0x00, 0x00, 0x00, 0x00, 0x00, 0x00, 0x00, 0x00, 0x00, 0x00, 0x00,
    0x00, 0x00, 0x00, 0x00, 0x00, 0x00, 0x00, 0x00, 0x00, 0x00, 0x00, 0x00, 0x00, 0x00, 0x00, 0x00, 0x00, 0x00, 0x00, 0x00,
    0x00, 0x00, 0x00, 0x00, 0x00, 0x00, 0x00, 0x00, 0x00, 0x00, 0x00, 0x00, 0x00, 0x00, 0x00, 0x00, 0x00, 0x00, 0x00, 0x00,
    0x00, 0x00, 0x00, 0x00, 0x00, 0x00, 0x00, 0x00, 0x00, 0x00, 0x00, 0x00, 0x00, 0x00, 0x00, 0x00, 0x00, 0x00, 0x00, 0x00,
    0x00, 0x00, 0x00, 0x00, 0x00, 0x00, 0x00, 0x00, 0x00, 0x00, 0x00, 0x00, 0x00, 0x00, 0x00, 0x00, 0x00, 0x00, 0x00, 0x00,
    0x00, 0x00, 0x00, 0x00, 0x00, 0x00, 0x00, 0x00, 0x00, 0x00, 0x00, 0x00, 0x00, 0x00, 0x00, 0x00, 0x00, 0x00, 0x00, 0x00,
    0x00, 0x00, 0x00, 0x00, 0x00, 0x00, 0x00, 0x00, 0x00, 0x00, 0x00, 0x00, 0x00, 0x00, 0x00, 0x00, 0x00, 0x00, 0x00, 0x00,
    0x00, 0x00, 0x00, 0x00, 0x00, 0x00, 0x00, 0x00, 0x00, 0x00, 0x00, 0x00, 0x00, 0x00, 0x00, 0x00, 0x00, 0x00, 0x00, 0x00,
    0x00, 0x00, 0x00, 0x00, 0x00, 0x00, 0x00, 0x00, 0x00, 0x00, 0x00, 0x00, 0x00, 0x00, 0x00, 0x00, 0x00, 0x00, 0x00, 0x00,
    0x00, 0x00, 0x00, 0x00, 0x00, 0x00, 0x00, 0x00, 0x00, 0x00, 0x00, 0x00, 0x00, 0x00, 0x00, 0x00, 0x00, 0x00, 0x00, 0x00,
    0x00, 0x00, 0x00, 0x00, 0x00, 0x00, 0x00, 0x00, 0x00, 0x00, 0x00, 0x00, 0x00, 0x00, 0x00, 0x00, 0x00, 0x00, 0x00, 0x00,
    0x00, 0x00, 0x00, 0x00, 0x00, 0x00, 0x00, 0x00, 0x00, 0x00, 0x00, 0x00, 0x00, 0x00, 0x00, 0x00, 0x00, 0x00, 0x00, 0x00,
    0x00, 0x00, 0x00, 0x00, 0x00, 0x00, 0x00, 0x00, 0x00, 0x00, 0x00, 0x00, 0x00, 0x00, 0x00, 0x00, 0x00, 0x00, 0x00, 0x00,
    0x00, 0x00, 0x00, 0x00, 0x00, 0x00, 0x00, 0x00, 0x00, 0x00, 0x00, 0x00, 0x00, 0x00, 0x00, 0x00, 0x00, 0x00, 0x00, 0x00,
    0x00, 0x00, 0x00, 0x00, 0x00, 0x00, 0x00, 0x00, 0x00, 0x00, 0x00, 0x00, 0x00, 0x00, 0x00, 0x00, 0x00, 0x00, 0x00, 0x00,
    0x00, 0x00, 0x00, 0x00, 0x00, 0x00, 0x00, 0x00, 0x00, 0x00, 0x00, 0x00, 0x00, 0x00, 0x00, 0x00, 0x00, 0x00, 0x00, 0x00,
    0x00, 0x00, 0x00, 0x00, 0x00, 0x00, 0x00, 0x00, 0x00, 0x00, 0x00, 0x00, 0x00, 0x00, 0x00, 0x00, 0x00, 0x00, 0x00, 0x00,
    0x00, 0x00, 0x00, 0x00, 0x00, 0x00, 0x00, 0x00, 0x00, 0x00, 0x00, 0x00, 0x00, 0x00, 0x00, 0x00, 0x00, 0x00, 0x00, 0x00,
    0x00, 0x00, 0x00, 0x00, 0x00, 0x00, 0x00, 0x00, 0x00, 0x00, 0x00, 0x00, 0x00, 0x00, 0x00, 0x00, 0x00, 0x00, 0x00, 0x00,
    0x00, 0x00, 0x00, 0x00, 0x00, 0x00, 0x00, 0x00, 0x00, 0x00, 0x00, 0x00, 0x00, 0x00, 0x00, 0x00, 0x00, 0x00, 0x00, 0x00,
    0x00, 0x00, 0x00, 0x00, 0x00, 0x00, 0x00, 0x00, 0x00, 0x00, 0x00, 0x00, 0x00, 0x00, 0x00, 0x00, 0x00, 0x00, 0x00, 0x00,
    0x00, 0x00, 0x00, 0x00, 0x00, 0x00, 0x00, 0x00, 0x00, 0x00, 0x00, 0x00, 0x00, 0x00, 0x00, 0x00, 0x00, 0x00, 0x00, 0x00,
    0x00, 0x00, 0x00, 0x00, 0x00, 0x00, 0x00, 0x00, 0x00, 0x00, 0x00, 0x00, 0x00, 0x00, 0x00, 0x00, 0x00, 0x00, 0x00, 0x00,
    0x00, 0x00, 0x00, 0x00, 0x00, 0x00, 0x00, 0x00, 0x00, 0x00, 0x00, 0x00, 0x00, 0x00, 0x00, 0x00, 0x00, 0x00, 0x00, 0x00,
    0x00, 0x00, 0x00, 0x00, 0x00, 0x00, 0x00, 0x00, 0x00, 0x00, 0x00, 0x00, 0x00, 0x00, 0x00, 0x00, 0x00, 0x00, 0x00, 0x00,
    0x00, 0x00, 0x00, 0x00, 0x00, 0x00, 0x00, 0x00, 0x00, 0x00, 0x00, 0x00, 0x00, 0x00, 0x00, 0x00, 0x00, 0x00, 0x00, 0x00,
    0x00, 0x00, 0x00, 0x00, 0x00, 0x00, 0x00, 0x00, 0x00, 0x00, 0x00, 0x00, 0x00, 0x00, 0x00, 0x00, 0x00, 0x00, 0x00, 0x00,
    0x00, 0x00, 0x00, 0x00, 0x00, 0x00, 0x00, 0x00, 0x00, 0x00, 0x00, 0x00, 0x00, 0x00, 0x00, 0x00, 0x00, 0x00, 0x00, 0x00,
    0x00, 0x00, 0x00, 0x00, 0x00, 0x00, 0x00, 0x00, 0x00, 0x00, 0x00, 0x00, 0x00, 0x00, 0x00, 0x00, 0x00, 0x00, 0x00, 0x00,
    0x00, 0x00, 0x00, 0x00, 0x00, 0x00, 0x00, 0x00, 0x00, 0x00, 0x00, 0x00, 0x00, 0x00, 0x00, 0x00, 0x00, 0x00, 0x00, 0x00,
    0x00, 0x00, 0x00, 0x00, 0x00, 0x00, 0x00, 0x00, 0x00, 0x00, 0x00, 0x00, 0x00, 0x00, 0x00, 0x00, 0x00, 0x00, 0x00, 0x00,
    0x00, 0x00, 0x00, 0x00, 0x00, 0x00, 0x00, 0x00, 0x00, 0x00, 0x00, 0x00, 0x00, 0x00, 0x00, 0x00, 0x00, 0x00, 0x00, 0x00,
    0x00, 0x00, 0x00, 0x00, 0x00, 0x00, 0x00, 0x00, 0x00, 0x00, 0x00, 0x00, 0x00, 0x00, 0x00, 0x00, 0x00, 0x00, 0x00, 0x00,
    0x00, 0x00, 0x00, 0x00, 0x00, 0x00, 0x00, 0x00, 0x00, 0x00, 0x00, 0x00, 0x00, 0x00, 0x00, 0x00, 0x00, 0x00, 0x00, 0x00,
    0x00, 0x00, 0x00, 0x00, 0x00, 0x00, 0x00, 0x00, 0x00, 0x00, 0x00, 0x00, 0x00, 0x00, 0x00, 0x00, 0x00, 0x00, 0x00, 0x00,
    0x00, 0x00, 0x00, 0x00, 0x00, 0x00, 0x00, 0x00, 0x00, 0x00, 0x00, 0x00, 0x00, 0x00, 0x00, 0x00, 0x00, 0x00, 0x00, 0x00,
    0x00, 0x00, 0x00, 0x00, 0x00, 0x00, 0x00, 0x00, 0x00, 0x00, 0x00, 0x00, 0x00, 0x00, 0x00, 0x00, 0x00, 0x00, 0x00, 0x00,
    0x00, 0x00, 0x00, 0x00, 0x00, 0x00, 0x00, 0x00, 0x00, 0x00, 0x00, 0x00, 0x00, 0x00, 0x00, 0x00, 0x00, 0x00, 0x00, 0x00,
    0x00, 0x00, 0x00, 0x00, 0x00, 0x00, 0x00, 0x00, 0x00, 0x00, 0x00, 0x00, 0x00, 0x00, 0x00, 0x00, 0x00, 0x00, 0x00, 0x00,
    0x00, 0x00, 0x00, 0x00, 0x00, 0x00, 0x00, 0x00, 0x00, 0x00, 0x00, 0x00, 0x00, 0x00, 0x00, 0x00, 0x00, 0x00, 0x00, 0x00,
    0x00, 0x00, 0x00, 0x00, 0x00, 0x00, 0x00, 0x00, 0x00, 0x00, 0x00, 0x00, 0x00, 0x00, 0x00, 0x00, 0x00, 0x00, 0x00, 0x00,
    0x00, 0x00, 0x00, 0x00, 0x00, 0x00, 0x00, 0x00, 0x00, 0x00, 0x00, 0x00, 0x00, 0x00, 0x00, 0x00, 0x00, 0x00, 0x00, 0x00,
    0x00, 0x00, 0x00, 0x00, 0x00, 0x00, 0x00, 0x00, 0x00, 0x00, 0x00, 0x00, 0x00, 0x00, 0x00, 0x00, 0x00, 0x00, 0x00, 0x00,
    0x00, 0x00, 0x00, 0x00, 0x00, 0x00, 0x00, 0x00, 0x00, 0x00, 0x00, 0x00, 0x00, 0x00, 0x00, 0x00, 0x00, 0x00, 0x00, 0x00,
    0x00, 0x00, 0x00, 0x00, 0x00, 0x00, 0x00, 0x00, 0x00, 0x00, 0x00, 0x00, 0x00, 0x00, 0x00, 0x00, 0x00, 0x00, 0x00, 0x00,
    0x00, 0x00, 0x00, 0x00, 0x00, 0x00, 0x00, 0x00, 0x00, 0x00, 0x00, 0x00, 0x00, 0x00, 0x00, 0x00, 0x00, 0x00, 0x00, 0x00,
    0x00, 0x00, 0x00, 0x00, 0x00, 0x00, 0x00, 0x00, 0x00, 0x00, 0x00, 0x00, 0x00, 0x00, 0x00, 0x00, 0x00, 0x00, 0x00, 0x00,
    0x00, 0x00, 0x00, 0x00, 0x00, 0x00, 0x00, 0x00, 0x00, 0x00, 0x00, 0x00, 0x00, 0x00, 0x00, 0x00, 0x00, 0x00, 0x00, 0x00,
    0x00, 0x00, 0x00, 0x00, 0x00, 0x00, 0x00, 0x00, 0x00, 0x00, 0x00, 0x00, 0x00, 0x00, 0x00, 0x00, 0x00, 0x00, 0x00, 0x00,
    0x00, 0x00, 0x00, 0x00, 0x00, 0x00, 0x00, 0x00, 0x00, 0x00, 0x00, 0x00, 0x00, 0x00, 0x00, 0x00, 0x00, 0x00, 0x00, 0x00,
    0x00, 0x00, 0x00, 0x00, 0x00, 0x00, 0x00, 0x00, 0x00, 0x00, 0x00, 0x00, 0x00, 0x00, 0x00, 0x00, 0x00, 0x00, 0x00, 0x00,
    0x00, 0x00, 0x00, 0x00, 0x00, 0x00, 0x00, 0x00, 0x00, 0x00, 0x00, 0x00, 0x00, 0x00, 0x00, 0x00, 0x00, 0x00, 0x00, 0x00,
    0x00, 0x00, 0x00, 0x00, 0x00, 0x00, 0x00, 0x00, 0x00, 0x00, 0x00, 0x00, 0x00, 0x00, 0x00, 0x00, 0x00, 0x00, 0x00, 0x00,
    0x00, 0x00, 0x00, 0x00, 0x00, 0x00, 0x00, 0x00, 0x00, 0x00, 0x00, 0x00, 0x00, 0x00, 0x00, 0x00, 0x00, 0x00, 0x00, 0x00,
    0x00, 0x00, 0x00, 0x00, 0x00, 0x00, 0x00, 0x00, 0x00, 0x00, 0x00, 0x00, 0x00, 0x00, 0x00, 0x00, 0x00, 0x00, 0x00, 0x00,
    0x00, 0x00, 0x00, 0x00, 0x00, 0x00, 0x00, 0x00, 0x00, 0x00, 0x00, 0x00, 0x00, 0x00, 0x00, 0x00, 0x00, 0x00, 0x00, 0x00,
    0x00, 0x00, 0x00, 0x00, 0x00, 0x00, 0x00, 0x00, 0x00, 0x00, 0x00, 0x00, 0x00, 0x00, 0x00, 0x00, 0x00, 0x00, 0x00, 0x00,
    0x00, 0x00, 0x00, 0x00, 0x00, 0x00, 0x00, 0x00, 0x00, 0x00, 0x00, 0x00, 0x00, 0x00, 0x00, 0x00, 0x00, 0x00, 0x00, 0x00,
    0x00, 0x00, 0x00, 0x00, 0x00, 0x00, 0x00, 0x00, 0x00, 0x00, 0x00, 0x00, 0x00, 0x00, 0x00, 0x00, 0x00, 0x00, 0x00, 0x00,
    0x00, 0x00, 0x00, 0x00, 0x00, 0x00, 0x00, 0x00, 0x00, 0x00, 0x00, 0x00, 0x00, 0x00, 0x00, 0x00, 0x00, 0x00, 0x00, 0x00,
    0x00, 0x00, 0x00, 0x00, 0x00, 0x00, 0x00, 0x00, 0x00, 0x00, 0x00, 0x00, 0x00, 0x00, 0x00, 0x00, 0x00, 0x00, 0x00, 0x00,
    0x00, 0x00, 0x00, 0x00, 0x00, 0x00, 0x00, 0x00, 0x00, 0x00, 0x00, 0x00, 0x00, 0x00, 0x00, 0x00, 0x00, 0x00, 0x00, 0x00,
    0x00, 0x00, 0x00, 0x00, 0x00, 0x00, 0x00, 0x00, 0x00, 0x00, 0x00, 0x00, 0x00, 0x00, 0x00, 0x00, 0x00, 0x00, 0x00, 0x00,
    0x00, 0x00, 0x00, 0x00, 0x00, 0x00, 0x00, 0x00, 0x00, 0x00, 0x00, 0x00, 0x00, 0x00, 0x00, 0x00, 0x00, 0x00, 0x00, 0x00,
    0x00, 0x00, 0x00, 0x00, 0x00, 0x00, 0x00, 0x00, 0x00, 0x00, 0x00, 0x00, 0x00, 0x00, 0x00, 0x00, 0x00, 0x00, 0x00, 0x00,
    0x00, 0x00, 0x00, 0x00, 0x00, 0x00, 0x00, 0x00, 0x00, 0x00, 0x00, 0x00, 0x00, 0x00, 0x00, 0x00, 0x00, 0x00, 0x00, 0x00,
    0x00, 0x00, 0x00, 0x00, 0x00, 0x00, 0x00, 0x00, 0x00, 0x00, 0x00, 0x00, 0x00, 0x00, 0x00, 0x00, 0x00, 0x00, 0x00, 0x00,
    0x00, 0x00, 0x00, 0x00, 0x00, 0x00, 0x00, 0x00, 0x00, 0x00, 0x00, 0x00, 0x00, 0x00, 0x00, 0x00, 0x00, 0x00, 0x00, 0x00,
    0x00, 0x00, 0x00, 0x00, 0x00, 0x00, 0x00, 0x00, 0x00, 0x00, 0x00, 0x00, 0x00, 0x00, 0x00, 0x00, 0x00, 0x00, 0x00, 0x00,
    0x00, 0x00, 0x00, 0x00, 0x00, 0x00, 0x00, 0x00, 0x00, 0x00, 0x00, 0x00, 0x00, 0x00, 0x00, 0x00, 0x00, 0x00, 0x00, 0x00,
    0x00, 0x00, 0x00, 0x00, 0x00, 0x00, 0x00, 0x00, 0x00, 0x00, 0x00, 0x00, 0x00, 0x00, 0x00, 0x00, 0x00, 0x00, 0x00, 0x00,
    0x00, 0x00, 0x00, 0x00, 0x00, 0x00, 0x00, 0x00, 0x00, 0x00, 0x00, 0x00, 0x00, 0x00, 0x00, 0x00, 0x00, 0x00, 0x00, 0x00,
    0x00, 0x00, 0x00, 0x00, 0x00, 0x00, 0x00, 0x00, 0x00, 0x00, 0x00, 0x00, 0x00, 0x00, 0x00, 0x00, 0x00, 0x00, 0x00, 0x00,
    0x00, 0x00, 0x00, 0x00, 0x00, 0x00, 0x00, 0x00, 0x00, 0x00, 0x00, 0x00, 0x00, 0x00, 0x00, 0x00, 0x00, 0x00, 0x00, 0x00,
    0x00, 0x00, 0x00, 0x00, 0x00, 0x00, 0x00, 0x00, 0x00, 0x00, 0x00, 0x00, 0x00, 0x00, 0x00, 0x00, 0x00, 0x00, 0x00, 0x00,
    0x00, 0x00, 0x00, 0x00, 0x00, 0x00, 0x00, 0x00, 0x00, 0x00, 0x00, 0x00, 0x00, 0x00, 0x00, 0x00, 0x00, 0x00, 0x00, 0x00,
    0x00, 0x00, 0x00, 0x00, 0x00, 0x00, 0x00, 0x00, 0x00, 0x00, 0x00, 0x00, 0x00, 0x00, 0x00, 0x00, 0x00, 0x00, 0x00, 0x00,
    0x00, 0x00, 0x00, 0x00, 0x00, 0x00, 0x00, 0x00, 0x00, 0x00, 0x00, 0x00, 0x00, 0x00, 0x00, 0x00, 0x00, 0x00, 0x00, 0x00,
    0x00, 0x00, 0x00, 0x00, 0x00, 0x00, 0x00, 0x00, 0x00, 0x00, 0x00, 0x00, 0x00, 0x00, 0x00, 0x00, 0x00, 0x00, 0x00, 0x00,
    0x00, 0x00, 0x00, 0x00, 0x00, 0x00, 0x00, 0x00, 0x00, 0x00, 0x00, 0x00, 0x00, 0x00, 0x00, 0x00, 0x00, 0x00, 0x00, 0x00,
    0x00, 0x00, 0x00, 0x00, 0x00, 0x00, 0x00, 0x00, 0x00, 0x00, 0x00, 0x00, 0x00, 0x00, 0x00, 0x00, 0x00, 0x00, 0x00, 0x00,
    0x00, 0x00, 0x00, 0x00, 0x00, 0x00, 0x00, 0x00, 0x00, 0x00, 0x00, 0x00, 0x00, 0x00, 0x00, 0x00, 0x00, 0x00, 0x00, 0x00,
    0x00, 0x00, 0x00, 0x00, 0x00, 0x00, 0x00, 0x00, 0x00, 0x00, 0x00, 0x00, 0x00, 0x00, 0x00, 0x00, 0x00, 0x00, 0x00, 0x00,
    0x00, 0x00, 0x00, 0x00, 0x00, 0x00, 0x00, 0x00, 0x00, 0x00, 0x00, 0x00, 0x00, 0x00, 0x00, 0x00, 0x00, 0x00, 0x00, 0x00,
    0x00, 0x00, 0x00, 0x00, 0x00, 0x00, 0x00, 0x00, 0x00, 0x00, 0x00, 0x00, 0x00, 0x00, 0x00, 0x00, 0x00, 0x00, 0x00, 0x00,
    0x00, 0x00, 0x00, 0x00, 0x00, 0x00, 0x00, 0x00, 0x00, 0x00, 0x00, 0x00, 0x00, 0x00, 0x00, 0x00, 0x00, 0x00, 0x00, 0x00,
    0x00, 0x00, 0x00, 0x00, 0x00, 0x00, 0x00, 0x00, 0x00, 0x00, 0x00, 0x00, 0x00, 0x00, 0x00, 0x00, 0x00, 0x00, 0x00, 0x00,
    0x00, 0x00, 0x00, 0x00, 0x00, 0x00, 0x00, 0x00, 0x00, 0x00, 0x00, 0x00, 0x00, 0x00, 0x00, 0x00, 0x00, 0x00, 0x00, 0x00,
    0x00, 0x00, 0x00, 0x00, 0x00, 0x00, 0x00, 0x00, 0x00, 0x00, 0x00, 0x00, 0x00, 0x00, 0x00, 0x00, 0x00, 0x00, 0x00, 0x00,
    0x00, 0x00, 0x00, 0x00, 0x00, 0x00, 0x00, 0x00, 0x00, 0x00, 0x00, 0x00, 0x00, 0x00, 0x00, 0x00, 0x00, 0x00, 0x00, 0x00,
    0x00, 0x00, 0x00, 0x00, 0x00, 0x00, 0x00, 0x00, 0x00, 0x00, 0x00, 0x00, 0x00, 0x00, 0x00, 0x00, 0x00, 0x00, 0x00, 0x00,
    0x00, 0x00, 0x00, 0x00, 0x00, 0x00, 0x00, 0x00, 0x00, 0x00, 0x00, 0x00, 0x00, 0x00, 0x00, 0x00, 0x00, 0x00, 0x00, 0x00,
    0x00, 0x00, 0x00, 0x00, 0x00, 0x00, 0x00, 0x00, 0x00, 0x00, 0x00, 0x00, 0x00, 0x00, 0x00, 0x00, 0x00, 0x00, 0x00, 0x00,
    0x00, 0x00, 0x00, 0x00, 0x00, 0x00, 0x00, 0x00, 0x00, 0x00, 0x00, 0x00, 0x00, 0x00, 0x00, 0x00, 0x00, 0x00, 0x00, 0x00,
    0x00, 0x00, 0x00, 0x00, 0x00, 0x00, 0x00, 0x00, 0x00, 0x00, 0x00, 0x00, 0x00, 0x00, 0x00, 0x00, 0x00, 0x00, 0x00, 0x00,
    0x00, 0x00, 0x00, 0x00, 0x00, 0x00, 0x00, 0x00, 0x00, 0x00, 0x00, 0x00, 0x00, 0x00, 0x00, 0x00, 0x00, 0x00, 0x00, 0x00,
    0x00, 0x00, 0x00, 0x00, 0x00, 0x00, 0x00, 0x00, 0x00, 0x00, 0x00, 0x00, 0x00, 0x00, 0x00, 0x00, 0x00, 0x00, 0x00, 0x00,
    0x00, 0x00, 0x00, 0x00, 0x00, 0x00, 0x00, 0x00, 0x00, 0x00, 0x00, 0x00, 0x00, 0x00, 0x00, 0x00, 0x00, 0x00, 0x00, 0x00,
    0x00, 0x00, 0x00, 0x00, 0x00, 0x00, 0x00, 0x00, 0x00, 0x00, 0x00, 0x00, 0x00, 0x00, 0x00, 0x00, 0x00, 0x00, 0x00, 0x00,
    0x00, 0x00, 0x00, 0x00, 0x00, 0x00, 0x00, 0x00, 0x00, 0x00, 0x00, 0x00, 0x00, 0x00, 0x00, 0x00, 0x00, 0x00, 0x00, 0x00,
    0x00, 0x00, 0x00, 0x00, 0x00, 0x00, 0x00, 0x00, 0x00, 0x00, 0x00, 0x00, 0x00, 0x00, 0x00, 0x00, 0x00, 0x00, 0x00, 0x00,
    0x00, 0x00, 0x00, 0x00, 0x00, 0x00, 0x00, 0x00, 0x00, 0x00, 0x00, 0x00, 0x00, 0x00, 0x00, 0x00, 0x00, 0x00, 0x00, 0x00,
    0x00, 0x00, 0x00, 0x00, 0x00, 0x00, 0x00, 0x00, 0x00, 0x00, 0x00, 0x00, 0x00, 0x00, 0x00, 0x00, 0x00, 0x00, 0x00, 0x00,
    0x00, 0x00, 0x00, 0x00, 0x00, 0x00, 0x00, 0x00, 0x00, 0x00, 0x00, 0x00, 0x00, 0x00, 0x00, 0x00, 0x00, 0x00, 0x00, 0x00,
    0x00, 0x00, 0x00, 0x00, 0x00, 0x00, 0x00, 0x00, 0x00, 0x00, 0x00, 0x00, 0x00, 0x00, 0x00, 0x00, 0x00, 0x00, 0x00, 0x00,
    0x00, 0x00, 0x00, 0x00, 0x00, 0x00, 0x00, 0x00, 0x00, 0x00, 0x00, 0x00, 0x00, 0x00, 0x00, 0x00, 0x00, 0x00, 0x00, 0x00,
    0x00, 0x00, 0x00, 0x00, 0x00, 0x00, 0x00, 0x00, 0x00, 0x00, 0x00, 0x00, 0x00, 0x00, 0x00, 0x00, 0x00, 0x00, 0x00, 0x00,
    0x00, 0x00, 0x00, 0x00, 0x00, 0x00, 0x00, 0x00, 0x00, 0x00, 0x00, 0x00, 0x00, 0x00, 0x00, 0x00, 0x00, 0x00, 0x00, 0x00,
    0x00, 0x00, 0x00, 0x00, 0x00, 0x00, 0x00, 0x00, 0x00, 0x00, 0x00, 0x00, 0x00, 0x00, 0x00, 0x00, 0x00, 0x00, 0x00, 0x00,
    0x00, 0x00, 0x00, 0x00, 0x00, 0x00, 0x00, 0x00, 0x00, 0x00, 0x00, 0x00, 0x00, 0x00, 0x00, 0x00, 0x00, 0x00, 0x00, 0x00,
    0x00, 0x00, 0x00, 0x00, 0x00, 0x00, 0x00, 0x00, 0x00, 0x00, 0x00, 0x00, 0x00, 0x00, 0x00, 0x00, 0x00, 0x00, 0x00, 0x00,
    0x00, 0x00, 0x00, 0x00, 0x00, 0x00, 0x00, 0x00, 0x00, 0x00, 0x00, 0x00, 0x00, 0x00, 0x00, 0x00, 0x00, 0x00, 0x00, 0x00,
    0x00, 0x00, 0x00, 0x00, 0x00, 0x00, 0x00, 0x00, 0x00, 0x00, 0x00, 0x00, 0x00, 0x00, 0x00, 0x00, 0x00, 0x00, 0x00, 0x00,
    0x00, 0x00, 0x00, 0x00, 0x00, 0x00, 0x00, 0x00, 0x00, 0x00, 0x00, 0x00, 0x00, 0x00, 0x00, 0x00, 0x00, 0x00, 0x00, 0x00,
    0x00, 0x00, 0x00, 0x00, 0x00, 0x00, 0x00, 0x00, 0x00, 0x00, 0x00, 0x00, 0x00, 0x00, 0x00, 0x00, 0x00, 0x00, 0x00, 0x00,
    0x00, 0x00, 0x00, 0x00, 0x00, 0x00, 0x00, 0x00, 0x00, 0x00, 0x00, 0x00, 0x00, 0x00, 0x00, 0x00, 0x00, 0x00, 0x00, 0x00,
    0x00, 0x00, 0x00, 0x00, 0x00, 0x00, 0x00, 0x00, 0x00, 0x00, 0x00, 0x00, 0x00, 0x00, 0x00, 0x00, 0x00, 0x00, 0x00, 0x00,
    0x00, 0x00, 0x00, 0x00, 0x00, 0x00, 0x00, 0x00, 0x00, 0x00, 0x00, 0x00, 0x00, 0x00, 0x00, 0x00, 0x00, 0x00, 0x00, 0x00,
    0x00, 0x00, 0x00, 0x00, 0x00, 0x00, 0x00, 0x00, 0x00, 0x00, 0x00, 0x00, 0x00, 0x00, 0x00, 0x00, 0x00, 0x00, 0x00, 0x00,
    0x00, 0x00, 0x00, 0x00, 0x00, 0x00, 0x00, 0x00, 0x00, 0x00, 0x00, 0x00, 0x00, 0x00, 0x00, 0x00, 0x00, 0x00, 0x00, 0x00,
    0x00, 0x00, 0x00, 0x00, 0x00, 0x00, 0x00, 0x00, 0x00, 0x00, 0x00, 0x00, 0x00, 0x00, 0x00, 0x00, 0x00, 0x00, 0x00, 0x00,
    0x00, 0x00, 0x00, 0x00, 0x00, 0x00, 0x00, 0x00, 0x00, 0x00, 0x00, 0x00, 0x00, 0x00, 0x00, 0x00, 0x00, 0x00, 0x00, 0x00,
    0x00, 0x00, 0x00, 0x00, 0x00, 0x00, 0x00, 0x00, 0x00, 0x00, 0x00, 0x00, 0x00, 0x00, 0x00, 0x00, 0x00, 0x00, 0x00, 0x00,
    0x00, 0x00, 0x00, 0x00, 0x00, 0x00, 0x00, 0x00, 0x00, 0x00, 0x00, 0x00, 0x00, 0x00, 0x00, 0x00, 0x00, 0x00, 0x00, 0x00,
    0x00, 0x00, 0x00, 0x00, 0x00, 0x00, 0x00, 0x00, 0x00, 0x00, 0x00, 0x00, 0x00, 0x00, 0x00, 0x00, 0x00, 0x00, 0x00, 0x00,
    0x00, 0x00, 0x00, 0x00, 0x00, 0x00, 0x00, 0x00, 0x00, 0x00, 0x00, 0x00, 0x00, 0x00, 0x00, 0x00, 0x00, 0x00, 0x00, 0x00,
    0x00, 0x00, 0x00, 0x00, 0x00, 0x00, 0x00, 0x00, 0x00, 0x00, 0x00, 0x00, 0x00, 0x00, 0x00, 0x00, 0x00, 0x00, 0x00, 0x00,
    0x00, 0x00, 0x00, 0x00, 0x00, 0x00, 0x00, 0x00, 0x00, 0x00, 0x00, 0x00, 0x00, 0x00, 0x00, 0x00, 0x00, 0x00, 0x00, 0x00,
    0x00, 0x00, 0x00, 0x00, 0x00, 0x00, 0x00, 0x00, 0x00, 0x00, 0x00, 0x00, 0x00, 0x00, 0x00, 0x00, 0x00, 0x00, 0x00, 0x00,
    0x00, 0x00, 0x00, 0x00, 0x00, 0x00, 0x00, 0x00, 0x00, 0x00, 0x00, 0x00, 0x00, 0x00, 0x00, 0x00, 0x00, 0x00, 0x00, 0x00,
    0x00, 0x00, 0x00, 0x00, 0x00, 0x00, 0x00, 0x00, 0x00, 0x00, 0x00, 0x00, 0x00, 0x00, 0x00, 0x00, 0x00, 0x00, 0x00, 0x00,
    0x00, 0x00, 0x00, 0x00, 0x00, 0x00, 0x00, 0x00, 0x00, 0x00, 0x00, 0x00, 0x00, 0x00, 0x00, 0x00, 0x00, 0x00, 0x00, 0x00,
    0x00, 0x00, 0x00, 0x00, 0x00, 0x00, 0x00, 0x00, 0x00, 0x00, 0x00, 0x00, 0x00, 0x00, 0x00, 0x00, 0x00, 0x00, 0x00, 0x00,
    0x00, 0x00, 0x00, 0x00, 0x00, 0x00, 0x00, 0x00, 0x00, 0x00, 0x00, 0x00, 0x00, 0x00, 0x00, 0x00, 0x00, 0x00, 0x00, 0x00,
    0x00, 0x00, 0x00, 0x00, 0x00, 0x00, 0x00, 0x00, 0x00, 0x00, 0x00, 0x00, 0x00, 0x00, 0x00, 0x00, 0x00, 0x00, 0x00, 0x00,
    0x00, 0x00, 0x00, 0x00, 0x00, 0x00, 0x00, 0x00, 0x00, 0x00, 0x00, 0x00, 0x00, 0x00, 0x00, 0x00, 0x00, 0x00, 0x00, 0x00,
    0x00, 0x00, 0x00, 0x00, 0x00, 0x00, 0x00, 0x00, 0x00, 0x00, 0x00, 0x00, 0x00, 0x00, 0x00, 0x00, 0x00, 0x00, 0x00, 0x00,
    0x00, 0x00, 0x00, 0x00, 0x00, 0x00, 0x00, 0x00, 0x00, 0x00, 0x00, 0x00, 0x00, 0x00, 0x00, 0x00, 0x00, 0x00, 0x00, 0x00,
    0x00, 0x00, 0x00, 0x00, 0x00, 0x00, 0x00, 0x00, 0x00, 0x00, 0x00, 0x00, 0x00, 0x00, 0x00, 0x00, 0x00, 0x00, 0x00, 0x00,
    0x00, 0x00, 0x00, 0x00, 0x00, 0x00, 0x00, 0x00, 0x00, 0x00, 0x00, 0x00, 0x00, 0x00, 0x00, 0x00, 0x00, 0x00, 0x00, 0x00,
    0x00, 0x00, 0x00, 0x00, 0x00, 0x00, 0x00, 0x00, 0x00, 0x00, 0x00, 0x00, 0x00, 0x00, 0x00, 0x00, 0x00, 0x00, 0x00, 0x00,
    0x00, 0x00, 0x00, 0x00, 0x00, 0x00, 0x00, 0x00, 0x00, 0x00, 0x00, 0x00, 0x00, 0x00, 0x00, 0x00, 0x00, 0x00, 0x00, 0x00,
    0x00, 0x00, 0x00, 0x00, 0x00, 0x00, 0x00, 0x00, 0x00, 0x00, 0x00, 0x00, 0x00, 0x00, 0x00, 0x00, 0x00, 0x00, 0x00, 0x00,
    0x00, 0x00, 0x00, 0x00, 0x00, 0x00, 0x00, 0x00, 0x00, 0x00, 0x00, 0x00, 0x00, 0x00, 0x00, 0x00, 0x00, 0x00, 0x00, 0x00,
    0x00, 0x00, 0x00, 0x00, 0x00, 0x00, 0x00, 0x00, 0x00, 0x00, 0x00, 0x00, 0x00, 0x00, 0x00, 0x00, 0x00, 0x00, 0x00, 0x00,
    0x00, 0x00, 0x00, 0x00, 0x00, 0x00, 0x00, 0x00, 0x00, 0x00, 0x00, 0x00, 0x00, 0x00, 0x00, 0x00, 0x00, 0x00, 0x00, 0x00,
    0x00, 0x00, 0x00, 0x00, 0x00, 0x00, 0x00, 0x00, 0x00, 0x00, 0x00, 0x00, 0x00, 0x00, 0x00, 0x00, 0x00, 0x00, 0x00, 0x00,
    0x00, 0x00, 0x00, 0x00, 0x00, 0x00, 0x00, 0x00, 0x00, 0x00, 0x00, 0x00, 0x00, 0x00, 0x00, 0x00, 0x00, 0x00, 0x00, 0x00,
    0x00, 0x00, 0x00, 0x00, 0x00, 0x00, 0x00, 0x00, 0x00, 0x00, 0x00, 0x00, 0x00, 0x00, 0x00, 0x00, 0x00, 0x00, 0x00, 0x00,
    0x00, 0x00, 0x00, 0x00, 0x00, 0x00, 0x00, 0x00, 0x00, 0x00, 0x00, 0x00, 0x00, 0x00, 0x00, 0x00, 0x00, 0x00, 0x00, 0x00,
    0x00, 0x00, 0x00, 0x00, 0x00, 0x00, 0x00, 0x00, 0x00, 0x00, 0x00, 0x00, 0x00, 0x00, 0x00, 0x00, 0x00, 0x00, 0x00, 0x00,
    0x00, 0x00, 0x00, 0x00, 0x00, 0x00, 0x00, 0x00, 0x00, 0x00, 0x00, 0x00, 0x00, 0x00, 0x00, 0x00, 0x00, 0x00, 0x00, 0x00,
    0x00, 0x00, 0x00, 0x00, 0x00, 0x00, 0x00, 0x00, 0x00, 0x00, 0x00, 0x00, 0x00, 0x00, 0x00, 0x00, 0x00, 0x00, 0x00, 0x00,
    0x00, 0x00, 0x00, 0x00, 0x00, 0x00, 0x00, 0x00, 0x00, 0x00, 0x00, 0x00, 0x00, 0x00, 0x00, 0x00, 0x00, 0x00, 0x00, 0x00,
    0x00, 0x00, 0x00, 0x00, 0x00, 0x00, 0x00, 0x00, 0x00, 0x00, 0x00, 0x00, 0x00, 0x00, 0x00, 0x00, 0x00, 0x00, 0x00, 0x00,
    0x00, 0x00, 0x00, 0x00, 0x00, 0x00, 0x00, 0x00, 0x00, 0x00, 0x00, 0x00, 0x00, 0x00, 0x00, 0x00, 0x00, 0x00, 0x00, 0x00,
    0x00, 0x00, 0x00, 0x00, 0x00, 0x00, 0x00, 0x00, 0x00, 0x00, 0x00, 0x00, 0x00, 0x00, 0x00, 0x00, 0x00, 0x00, 0x00, 0x00,
    0x00, 0x00, 0x00, 0x00, 0x00, 0x00, 0x00, 0x00, 0x00, 0x00, 0x00, 0x00, 0x00, 0x00, 0x00, 0x00, 0x00, 0x00, 0x00, 0x00,
    0x00, 0x00, 0x00, 0x00, 0x00, 0x00, 0x00, 0x00, 0x00, 0x00, 0x00, 0x00, 0x00, 0x00, 0x00, 0x00, 0x00, 0x00, 0x00, 0x00,
    0x00, 0x00, 0x00, 0x00, 0x00, 0x00, 0x00, 0x00, 0x00, 0x00, 0x00, 0x00, 0x00, 0x00, 0x00, 0x00, 0x00, 0x00, 0x00, 0x00,
    0x00, 0x00, 0x00, 0x00, 0x00, 0x00, 0x00, 0x00, 0x00, 0x00, 0x00, 0x00, 0x00, 0x00, 0x00, 0x00, 0x00, 0x00, 0x00, 0x00,
    0x00, 0x00, 0x00, 0x00, 0x00, 0x00, 0x00, 0x00, 0x00, 0x00, 0x00, 0x00, 0x00, 0x00, 0x00, 0x00, 0x00, 0x00, 0x00, 0x00,
    0x00, 0x00, 0x00, 0x00, 0x00, 0x00, 0x00, 0x00, 0x00, 0x00, 0x00, 0x00, 0x00, 0x00, 0x00, 0x00, 0x00, 0x00, 0x00, 0x00,
    0x00, 0x00, 0x00, 0x00, 0x00, 0x00, 0x00, 0x00, 0x00, 0x00, 0x00, 0x00, 0x00, 0x00, 0x00, 0x00, 0x00, 0x00, 0x00, 0x00,
    0x00, 0x00, 0x00, 0x00, 0x00, 0x00, 0x00, 0x00, 0x00, 0x00, 0x00, 0x00, 0x00, 0x00, 0x00, 0x00, 0x00, 0x00, 0x00, 0x00,
    0x00, 0x00, 0x00, 0x00, 0x00, 0x00, 0x00, 0x00, 0x00, 0x00, 0x00, 0x00, 0x00, 0x00, 0x00, 0x00, 0x00, 0x00, 0x00, 0x00,
    0x00, 0x00, 0x00, 0x00, 0x00, 0x00, 0x00, 0x00, 0x00, 0x00, 0x00, 0x00, 0x00, 0x00, 0x00, 0x00, 0x00, 0x00, 0x00, 0x00,
    0x00, 0x00, 0x00, 0x00, 0x00, 0x00, 0x00, 0x00, 0x00, 0x00, 0x00, 0x00, 0x00, 0x00, 0x00, 0x00, 0x00, 0x00, 0x00, 0x00,
    0x00, 0x00, 0x00, 0x00, 0x00, 0x00, 0x00, 0x00, 0x00, 0x00, 0x00, 0x00, 0x00, 0x00, 0x00, 0x00, 0x00, 0x00, 0x00, 0x00,
    0x00, 0x00, 0x00, 0x00, 0x00, 0x00, 0x00, 0x00, 0x00, 0x00, 0x00, 0x00, 0x00, 0x00, 0x00, 0x00, 0x00, 0x00, 0x00, 0x00,
    0x00, 0x00, 0x00, 0x00, 0x00, 0x00, 0x00, 0x00, 0x00, 0x00, 0x00, 0x00, 0x00, 0x00, 0x00, 0x00, 0x00, 0x00, 0x00, 0x00,
    0x00, 0x00, 0x00, 0x00, 0x00, 0x00, 0x00, 0x00, 0x00, 0x00, 0x00, 0x00, 0x00, 0x00, 0x00, 0x00, 0x00, 0x00, 0x00, 0x00,
    0x00, 0x00, 0x00, 0x00, 0x00, 0x00, 0x00, 0x00, 0x00, 0x00, 0x00, 0x00, 0x00, 0x00, 0x00, 0x00, 0x00, 0x00, 0x00, 0x00,
    0x00, 0x00, 0x00, 0x00, 0x00, 0x00, 0x00, 0x00, 0x00, 0x00, 0x00, 0x00, 0x00, 0x00, 0x00, 0x00, 0x00, 0x00, 0x00, 0x00,
    0x00, 0x00, 0x00, 0x00, 0x00, 0x00, 0x00, 0x00, 0x00, 0x00, 0x00, 0x00, 0x00, 0x00, 0x00, 0x00, 0x00, 0x00, 0x00, 0x00,
    0x00, 0x00, 0x00, 0x00, 0x00, 0x00, 0x00, 0x00, 0x00, 0x00, 0x00, 0x00, 0x00, 0x00, 0x00, 0x00, 0x00, 0x00, 0x00, 0x00,
    0x00, 0x00, 0x00, 0x00, 0x00, 0x00, 0x00, 0x00, 0x00, 0x00, 0x00, 0x00, 0x00, 0x00, 0x00, 0x00, 0x00, 0x00, 0x00, 0x00,
    0x00, 0x00, 0x00, 0x00, 0x00, 0x00, 0x00, 0x00, 0x00, 0x00, 0x00, 0x00, 0x00, 0x00, 0x00, 0x00, 0x00, 0x00, 0x00, 0x00,
    0x00, 0x00, 0x00, 0x00, 0x00, 0x00, 0x00, 0x00, 0x00, 0x00, 0x00, 0x00, 0x00, 0x00, 0x00, 0x00, 0x00, 0x00, 0x00, 0x00,
    0x00, 0x00, 0x00, 0x00, 0x00, 0x00, 0x00, 0x00, 0x00, 0x00, 0x00, 0x00, 0x00, 0x00, 0x00, 0x00, 0x00, 0x00, 0x00, 0x00,
    0x00, 0x00, 0x00, 0x00, 0x00, 0x00, 0x00, 0x00, 0x00, 0x00, 0x00, 0x00, 0x00, 0x00, 0x00, 0x00, 0x00, 0x00, 0x00, 0x00,
    0x00, 0x00, 0x00, 0x00, 0x00, 0x00, 0x00, 0x00, 0x00, 0x00, 0x00, 0x00, 0x00, 0x00, 0x00, 0x00, 0x00, 0x00, 0x00, 0x00,
    0x00, 0x00, 0x00, 0x00, 0x00, 0x00, 0x00, 0x00, 0x00, 0x00, 0x00, 0x00, 0x00, 0x00, 0x00, 0x00, 0x00, 0x00, 0x00, 0x00,
    0x00, 0x00, 0x00, 0x00, 0x00, 0x00, 0x00, 0x00, 0x00, 0x00, 0x00, 0x00, 0x00, 0x00, 0x00, 0x00, 0x00, 0x00, 0x00, 0x00,
    0x00, 0x00, 0x00, 0x00, 0x00, 0x00, 0x00, 0x00, 0x00, 0x00, 0x00, 0x00, 0x00, 0x00, 0x00, 0x00, 0x00, 0x00, 0x00, 0x00,
    0x00, 0x00, 0x00, 0x00, 0x00, 0x00, 0x00, 0x00, 0x00, 0x00, 0x00, 0x00, 0x00, 0x00, 0x00, 0x00, 0x00, 0x00, 0x00, 0x00,
    0x00, 0x00, 0x00, 0x00, 0x00, 0x00, 0x00, 0x00, 0x00, 0x00, 0x00, 0x00, 0x00, 0x00, 0x00, 0x00, 0x00, 0x00, 0x00, 0x00,
    0x00, 0x00, 0x00, 0x00, 0x00, 0x00, 0x00, 0x00, 0x00, 0x00, 0x00, 0x00, 0x00, 0x00, 0x00, 0x00, 0x00, 0x00, 0x00, 0x00,
    0x00, 0x00, 0x00, 0x00, 0x00, 0x00, 0x00, 0x00, 0x00, 0x00, 0x00, 0x00, 0x00, 0x00, 0x00, 0x00, 0x00, 0x00, 0x00, 0x00,
    0x00, 0x00, 0x00, 0x00, 0x00, 0x00, 0x00, 0x00, 0x00, 0x00, 0x00, 0x00, 0x00, 0x00, 0x00, 0x00, 0x00, 0x00, 0x00, 0x00,
    0x00, 0x00, 0x00, 0x00, 0x00, 0x00, 0x00, 0x00, 0x00, 0x00, 0x00, 0x00, 0x00, 0x00, 0x00, 0x00, 0x00, 0x00, 0x00, 0x00,
    0x00, 0x00, 0x00, 0x00, 0x00, 0x00, 0x00, 0x00, 0x00, 0x00, 0x00, 0x00, 0x00, 0x00, 0x00, 0x00, 0x00, 0x00, 0x00, 0x00,
    0x00, 0x00, 0x00, 0x00, 0x00, 0x00, 0x00, 0x00, 0x00, 0x00, 0x00, 0x00, 0x00, 0x00, 0x00, 0x00, 0x00, 0x00, 0x00, 0x00,
    0x00, 0x00, 0x00, 0x00, 0x00, 0x00, 0x00, 0x00, 0x00, 0x00, 0x00, 0x00, 0x00, 0x00, 0x00, 0x00, 0x00, 0x00, 0x00, 0x00,
    0x00, 0x00, 0x00, 0x00, 0x00, 0x00, 0x00, 0x00, 0x00, 0x00, 0x00, 0x00, 0x00, 0x00, 0x00, 0x00, 0x00, 0x00, 0x00, 0x00,
    0x00, 0x00, 0x00, 0x00, 0x00, 0x00, 0x00, 0x00, 0x00, 0x00, 0x00, 0x00, 0x00, 0x00, 0x00, 0x00, 0x00, 0x00, 0x00, 0x00,
    0x00, 0x00, 0x00, 0x00, 0x00, 0x00, 0x00, 0x00, 0x00, 0x00, 0x00, 0x00, 0x00, 0x00, 0x00, 0x00, 0x00, 0x00, 0x00, 0x00,
    0x00, 0x00, 0x00, 0x00, 0x00, 0x00, 0x00, 0x00, 0x00, 0x00, 0x00, 0x00, 0x00, 0x00, 0x00, 0x00, 0x00, 0x00, 0x00, 0x00,
    0x00, 0x00, 0x00, 0x00, 0x00, 0x00, 0x00, 0x00, 0x00, 0x00, 0x00, 0x00, 0x00, 0x00, 0x00, 0x00, 0x00, 0x00, 0x00, 0x00,
    0x00, 0x00, 0x00, 0x00, 0x00, 0x00, 0x00, 0x00, 0x00, 0x00, 0x00, 0x00, 0x00, 0x00, 0x00, 0x00, 0x00, 0x00, 0x00, 0x00,
    0x00, 0x00, 0x00, 0x00, 0x00, 0x00, 0x00, 0x00, 0x00, 0x00, 0x00, 0x00, 0x00, 0x00, 0x00, 0x00, 0x00, 0x00, 0x00, 0x00,
    0x00, 0x00, 0x00, 0x00, 0x00, 0x00, 0x00, 0x00, 0x00, 0x00, 0x00, 0x00, 0x00, 0x00, 0x00, 0x00, 0x00, 0x00, 0x00, 0x00,
    0x00, 0x00, 0x00, 0x00, 0x00, 0x00, 0x00, 0x00, 0x00, 0x00, 0x00, 0x00, 0x00, 0x00, 0x00, 0x00, 0x00, 0x00, 0x00, 0x00,
    0x00, 0x00, 0x00, 0x00, 0x00, 0x00, 0x00, 0x00, 0x00, 0x00, 0x00, 0x00, 0x00, 0x00, 0x00, 0x00, 0x00, 0x00, 0x00, 0x00,
    0x00, 0x00, 0x00, 0x00, 0x00, 0x00, 0x00, 0x00, 0x00, 0x00, 0x00, 0x00, 0x00, 0x00, 0x00, 0x00, 0x00, 0x00, 0x00, 0x00,
    0x00, 0x00, 0x00, 0x00, 0x00, 0x00, 0x00, 0x00, 0x00, 0x00, 0x00, 0x00, 0x00, 0x00, 0x00, 0x00, 0x00, 0x00, 0x00, 0x00,
    0x00, 0x00, 0x00, 0x00, 0x00, 0x00, 0x00, 0x00, 0x00, 0x00, 0x00, 0x00, 0x00, 0x00, 0x00, 0x00, 0x00, 0x00, 0x00, 0x00,
    0x00, 0x00, 0x00, 0x00, 0x00, 0x00, 0x00, 0x00, 0x00, 0x00, 0x00, 0x00, 0x00, 0x00, 0x00, 0x00, 0x00, 0x00, 0x00, 0x00,
    0x00, 0x00, 0x00, 0x00, 0x00, 0x00, 0x00, 0x00, 0x00, 0x00, 0x00, 0x00, 0x00, 0x00, 0x00, 0x00, 0x00, 0x00, 0x00, 0x00,
    0x00, 0x00, 0x00, 0x00, 0x00, 0x00, 0x00, 0x00, 0x00, 0x00, 0x00, 0x00, 0x00, 0x00, 0x00, 0x00, 0x00, 0x00, 0x00, 0x00,
    0x00, 0x00, 0x00, 0x00, 0x00, 0x00, 0x00, 0x00, 0x00, 0x00, 0x00, 0x00, 0x00, 0x00, 0x00, 0x00, 0x00, 0x00, 0x00, 0x00,
    0x00, 0x00, 0x00, 0x00, 0x00, 0x00, 0x00, 0x00, 0x00, 0x00, 0x00, 0x00, 0x00, 0x00, 0x00, 0x00, 0x00, 0x00, 0x00, 0x00,
    0x00, 0x00, 0x00, 0x00, 0x00, 0x00, 0x00, 0x00, 0x00, 0x00, 0x00, 0x00, 0x00, 0x00, 0x00, 0x00, 0x00, 0x00, 0x00, 0x00,
    0x00, 0x00, 0x00, 0x00, 0x00, 0x00, 0x00, 0x00, 0x00, 0x00, 0x00, 0x00, 0x00, 0x00, 0x00, 0x00, 0x00, 0x00, 0x00, 0x00,
    0x00, 0x00, 0x00, 0x00, 0x00, 0x00, 0x00, 0x00, 0x00, 0x00, 0x00, 0x00, 0x00, 0x00, 0x00, 0x00, 0x00, 0x00, 0x00, 0x00,
    0x00, 0x00, 0x00, 0x00, 0x00, 0x00, 0x00, 0x00, 0x00, 0x00, 0x00, 0x00, 0x00, 0x00, 0x00, 0x00, 0x00, 0x00, 0x00, 0x00,
    0x00, 0x00, 0x00, 0x00, 0x00, 0x00, 0x00, 0x00, 0x00, 0x00, 0x00, 0x00, 0x00, 0x00, 0x00, 0x00, 0x00, 0x00, 0x00, 0x00,
    0x00, 0x00, 0x00, 0x00, 0x00, 0x00, 0x00, 0x00, 0x00, 0x00, 0x00, 0x00, 0x00, 0x00, 0x00, 0x00, 0x00, 0x00, 0x00, 0x00,
    0x00, 0x00, 0x00, 0x00, 0x00, 0x00, 0x00, 0x00, 0x00, 0x00, 0x00, 0x00, 0x00, 0x00, 0x00, 0x00, 0x00, 0x00, 0x00, 0x00,
    0x00, 0x00, 0x00, 0x00, 0x00, 0x00, 0x00, 0x00, 0x00, 0x00, 0x00, 0x00, 0x00, 0x00, 0x00, 0x00, 0x00, 0x00, 0x00, 0x00,
    0x00, 0x00, 0x00, 0x00, 0x00, 0x00, 0x00, 0x00, 0x00, 0x00, 0x00, 0x00, 0x00, 0x00, 0x00, 0x00, 0x00, 0x00, 0x00, 0x00,
    0x00, 0x00, 0x00, 0x00, 0x00, 0x00, 0x00, 0x00, 0x00, 0x00, 0x00, 0x00, 0x00, 0x00, 0x00, 0x00, 0x00, 0x00, 0x00, 0x00,
    0x00, 0x00, 0x00, 0x00, 0x00, 0x00, 0x00, 0x00, 0x00, 0x00, 0x00, 0x00, 0x00, 0x00, 0x00, 0x00, 0x00, 0x00, 0x00, 0x00,
    0x00, 0x00, 0x00, 0x00, 0x00, 0x00, 0x00, 0x00, 0x00, 0x00, 0x00, 0x00, 0x00, 0x00, 0x00, 0x00, 0x00, 0x00, 0x00, 0x00,
    0x00, 0x00, 0x00, 0x00, 0x00, 0x00, 0x00, 0x00, 0x00, 0x00, 0x00, 0x00, 0x00, 0x00, 0x00, 0x00, 0x00, 0x00, 0x00, 0x00,
    0x00, 0x00, 0x00, 0x00, 0x00, 0x00, 0x00, 0x00, 0x00, 0x00, 0x00, 0x00, 0x00, 0x00, 0x00, 0x00, 0x00, 0x00, 0x00, 0x00,
    0x00, 0x00, 0x00, 0x00, 0x00, 0x00, 0x00, 0x00, 0x00, 0x00, 0x00, 0x00, 0x00, 0x00, 0x00, 0x00, 0x00, 0x00, 0x00, 0x00,
    0x00, 0x00, 0x00, 0x00, 0x00, 0x00, 0x00, 0x00, 0x00, 0x00, 0x00, 0x00, 0x00, 0x00, 0x00, 0x00, 0x00, 0x00, 0x00, 0x00,
    0x00, 0x00, 0x00, 0x00, 0x00, 0x00, 0x00, 0x00, 0x00, 0x00, 0x00, 0x00, 0x00, 0x00, 0x00, 0x00, 0x00, 0x00, 0x00, 0x00,
    0x00, 0x00, 0x00, 0x00, 0x00, 0x00, 0x00, 0x00, 0x00, 0x00, 0x00, 0x00, 0x00, 0x00, 0x00, 0x00, 0x00, 0x00, 0x00, 0x00,
    0x00, 0x00, 0x00, 0x00, 0x00, 0x00, 0x00, 0x00, 0x00, 0x00, 0x00, 0x00, 0x00, 0x00, 0x00, 0x00, 0x00, 0x00, 0x00, 0x00,
    0x00, 0x00, 0x00, 0x00, 0x00, 0x00, 0x00, 0x00, 0x00, 0x00, 0x00, 0x00, 0x00, 0x00, 0x00, 0x00, 0x00, 0x00, 0x00, 0x00,
    0x00, 0x00, 0x00, 0x00, 0x00, 0x00, 0x00, 0x00, 0x00, 0x00, 0x00, 0x00, 0x00, 0x00, 0x00, 0x00, 0x00, 0x00, 0x00, 0x00,
    0x00, 0x00, 0x00, 0x00, 0x00, 0x00, 0x00, 0x00, 0x00, 0x00, 0x00, 0x00, 0x00, 0x00, 0x00, 0x00, 0x00, 0x00, 0x00, 0x00,
    0x00, 0x00, 0x00, 0x00, 0x00, 0x00, 0x00, 0x00, 0x00, 0x00, 0x00, 0x00, 0x00, 0x00, 0x00, 0x00, 0x00, 0x00, 0x00, 0x00,
    0x00, 0x00, 0x00, 0x00, 0x00, 0x00, 0x00, 0x00, 0x00, 0x00, 0x00, 0x00, 0x00, 0x00, 0x00, 0x00, 0x00, 0x00, 0x00, 0x00,
    0x00, 0x00, 0x00, 0x00, 0x00, 0x00, 0x00, 0x00, 0x00, 0x00, 0x00, 0x00, 0x00, 0x00, 0x00, 0x00, 0x00, 0x00, 0x00, 0x00,
    0x00, 0x00, 0x00, 0x00, 0x00, 0x00, 0x00, 0x00, 0x00, 0x00, 0x00, 0x00, 0x00, 0x00, 0x00, 0x00, 0x00, 0x00, 0x00, 0x00,
    0x00, 0x00, 0x00, 0x00, 0x00, 0x00, 0x00, 0x00, 0x00, 0x00, 0x00, 0x00, 0x00, 0x00, 0x00, 0x00, 0x00, 0x00, 0x00, 0x00,
    0x00, 0x00, 0x00, 0x00, 0x00, 0x00, 0x00, 0x00, 0x00, 0x00, 0x00, 0x00, 0x00, 0x00, 0x00, 0x00, 0x00, 0x00, 0x00, 0x00,
    0x00, 0x00, 0x00, 0x00, 0x00, 0x00, 0x00, 0x00, 0x00, 0x00, 0x00, 0x00, 0x00, 0x00, 0x00, 0x00, 0x00, 0x00, 0x00, 0x00,
    0x00, 0x00, 0x00, 0x00, 0x00, 0x00, 0x00, 0x00, 0x00, 0x00, 0x00, 0x00, 0x00, 0x00, 0x00, 0x00, 0x00, 0x00, 0x00, 0x00,
    0x00, 0x00, 0x00, 0x00, 0x00, 0x00, 0x00, 0x00, 0x00, 0x00, 0x00, 0x00, 0x00, 0x00, 0x00, 0x00, 0x00, 0x00, 0x00, 0x00,
    0x00, 0x00, 0x00, 0x00, 0x00, 0x00, 0x00, 0x00, 0x00, 0x00, 0x00, 0x00, 0x00, 0x00, 0x00, 0x00, 0x00, 0x00, 0x00, 0x00,
    0x00, 0x00, 0x00, 0x00, 0x00, 0x00, 0x00, 0x00, 0x00, 0x00, 0x00, 0x00, 0x00, 0x00, 0x00, 0x00, 0x00, 0x00, 0x00, 0x00,
    0x00, 0x00, 0x00, 0x00, 0x00, 0x00, 0x00, 0x00, 0x00, 0x00, 0x00, 0x00, 0x00, 0x00, 0x00, 0x00, 0x00, 0x00, 0x00, 0x00,
    0x00, 0x00, 0x00, 0x00, 0x00, 0x00, 0x00, 0x00, 0x00, 0x00, 0x00, 0x00, 0x00, 0x00, 0x00, 0x00, 0x00, 0x00, 0x00, 0x00,
    0x00, 0x00, 0x00, 0x00, 0x00, 0x00, 0x00, 0x00, 0x00, 0x00, 0x00, 0x00, 0x00, 0x00, 0x00, 0x00, 0x00, 0x00, 0x00, 0x00,
    0x00, 0x00, 0x00, 0x00, 0x00, 0x00, 0x00, 0x00, 0x00, 0x00, 0x00, 0x00, 0x00, 0x00, 0x00, 0x00, 0x00, 0x00, 0x00, 0x00,
    0x00, 0x00, 0x00, 0x00, 0x00, 0x00, 0x00, 0x00, 0x00, 0x00, 0x00, 0x00, 0x00, 0x00, 0x00, 0x00, 0x00, 0x00, 0x00, 0x00,
    0x00, 0x00, 0x00, 0x00, 0x00, 0x00, 0x00, 0x00, 0x00, 0x00, 0x00, 0x00, 0x00, 0x00, 0x00, 0x00, 0x00, 0x00, 0x00, 0x00,
    0x00, 0x00, 0x00, 0x00, 0x00, 0x00, 0x00, 0x00, 0x00, 0x00, 0x00, 0x00, 0x00, 0x00, 0x00, 0x00, 0x00, 0x00, 0x00, 0x00,
    0x00, 0x00, 0x00, 0x00, 0x00, 0x00, 0x00, 0x00, 0x00, 0x00, 0x00, 0x00, 0x00, 0x00, 0x00, 0x00, 0x00, 0x00, 0x00, 0x00,
    0x00, 0x00, 0x00, 0x00, 0x00, 0x00, 0x00, 0x00, 0x00, 0x00, 0x00, 0x00, 0x00, 0x00, 0x00, 0x00, 0x00, 0x00, 0x00, 0x00,
    0x00, 0x00, 0x00, 0x00, 0x00, 0x00, 0x00, 0x00, 0x00, 0x00, 0x00, 0x00, 0x00, 0x00, 0x00, 0x00, 0x00, 0x00, 0x00, 0x00,
    0x00, 0x00, 0x00, 0x00, 0x00, 0x00, 0x00, 0x00, 0x00, 0x00, 0x00, 0x00, 0x00, 0x00, 0x00, 0x00, 0x00, 0x00, 0x00, 0x00,
    0x00, 0x00, 0x00, 0x00, 0x00, 0x00, 0x00, 0x00, 0x00, 0x00, 0x00, 0x00, 0x00, 0x00, 0x00, 0x00, 0x00, 0x00, 0x00, 0x00,
    0x00, 0x00, 0x00, 0x00, 0x00, 0x00, 0x00, 0x00, 0x00, 0x00, 0x00, 0x00, 0x00, 0x00, 0x00, 0x00, 0x00, 0x00, 0x00, 0x00,
    0x00, 0x00, 0x00, 0x00, 0x00, 0x00, 0x00, 0x00, 0x00, 0x00, 0x00, 0x00, 0x00, 0x00, 0x00, 0x00, 0x00, 0x00, 0x00, 0x00,
    0x00, 0x00, 0x00, 0x00, 0x00, 0x00, 0x00, 0x00, 0x00, 0x00, 0x00, 0x00, 0x00, 0x00, 0x00, 0x00, 0x00, 0x00, 0x00, 0x00,
    0x00, 0x00, 0x00, 0x00, 0x00, 0x00, 0x00, 0x00, 0x00, 0x00, 0x00, 0x00, 0x00, 0x00, 0x00, 0x00, 0x00, 0x00, 0x00, 0x00,
    0x00, 0x00, 0x00, 0x00, 0x00, 0x00, 0x00, 0x00, 0x00, 0x00, 0x00, 0x00, 0x00, 0x00, 0x00, 0x00, 0x00, 0x00, 0x00, 0x00,
    0x00, 0x00, 0x00, 0x00, 0x00, 0x00, 0x00, 0x00, 0x00, 0x00, 0x00, 0x00, 0x00, 0x00, 0x00, 0x00, 0x00, 0x00, 0x00, 0x00,
    0x00, 0x00, 0x00, 0x00, 0x00, 0x00, 0x00, 0x00, 0x00, 0x00, 0x00, 0x00, 0x00, 0x00, 0x00, 0x00, 0x00, 0x00, 0x00, 0x00,
    0x00, 0x00, 0x00, 0x00, 0x00, 0x00, 0x00, 0x00, 0x00, 0x00, 0x00, 0x00, 0x00, 0x00, 0x00, 0x00, 0x00, 0x00, 0x00, 0x00,
    0x00, 0x00, 0x00, 0x00, 0x00, 0x00, 0x00, 0x00, 0x00, 0x00, 0x00, 0x00, 0x00, 0x00, 0x00, 0x00, 0x00, 0x00, 0x00, 0x00,
    0x00, 0x00, 0x00, 0x00, 0x00, 0x00, 0x00, 0x00, 0x00, 0x00, 0x00, 0x00, 0x00, 0x00, 0x00, 0x00, 0x00, 0x00, 0x00, 0x00,
    0x00, 0x00, 0x00, 0x00, 0x00, 0x00, 0x00, 0x00, 0x00, 0x00, 0x00, 0x00, 0x00, 0x00, 0x00, 0x00, 0x00, 0x00, 0x00, 0x00,
    0x00, 0x00, 0x00, 0x00, 0x00, 0x00, 0x00, 0x00, 0x00, 0x00, 0x00, 0x00, 0x00, 0x00, 0x00, 0x00, 0x00, 0x00, 0x00, 0x00,
    0x00, 0x00, 0x00, 0x00, 0x00, 0x00, 0x00, 0x00, 0x00, 0x00, 0x00, 0x00, 0x00, 0x00, 0x00, 0x00, 0x00, 0x00, 0x00, 0x00,
    0x00, 0x00, 0x00, 0x00, 0x00, 0x00, 0x00, 0x00, 0x00, 0x00, 0x00, 0x00, 0x00, 0x00, 0x00, 0x00, 0x00, 0x00, 0x00, 0x00,
    0x00, 0x00, 0x00, 0x00, 0x00, 0x00, 0x00, 0x00, 0x00, 0x00, 0x00, 0x00, 0x00, 0x00, 0x00, 0x00, 0x00, 0x00, 0x00, 0x00,
    0x00, 0x00, 0x00, 0x00, 0x00, 0x00, 0x00, 0x00, 0x00, 0x00, 0x00, 0x00, 0x00, 0x00, 0x00, 0x00, 0x00, 0x00, 0x00, 0x00,
    0x00, 0x00, 0x00, 0x00, 0x00, 0x00, 0x00, 0x00, 0x00, 0x00, 0x00, 0x00, 0x00, 0x00, 0x00, 0x00, 0x00, 0x00, 0x00, 0x00,
    0x00, 0x00, 0x00, 0x00, 0x00, 0x00, 0x00, 0x00, 0x00, 0x00, 0x00, 0x00, 0x00, 0x00, 0x00, 0x00, 0x00, 0x00, 0x00, 0x00,
    0x00, 0x00, 0x00, 0x00, 0x00, 0x00, 0x00, 0x00, 0x00, 0x00, 0x00, 0x00, 0x00, 0x00, 0x00, 0x00, 0x00, 0x00, 0x00, 0x00,
    0x00, 0x00, 0x00, 0x00, 0x00, 0x00, 0x00, 0x00, 0x00, 0x00, 0x00, 0x00, 0x00, 0x00, 0x00, 0x00, 0x00, 0x00, 0x00, 0x00,
    0x00, 0x00, 0x00, 0x00, 0x00, 0x00, 0x00, 0x00, 0x00, 0x00, 0x00, 0x00, 0x00, 0x00, 0x00, 0x00, 0x00, 0x00, 0x00, 0x00,
    0x00, 0x00, 0x00, 0x00, 0x00, 0x00, 0x00, 0x00, 0x00, 0x00, 0x00, 0x00, 0x00, 0x00, 0x00, 0x00, 0x00, 0x00, 0x00, 0x00,
    0x00, 0x00, 0x00, 0x00, 0x00, 0x00, 0x00, 0x00, 0x00, 0x00, 0x00, 0x00, 0x00, 0x00, 0x00, 0x00, 0x00, 0x00, 0x00, 0x00,
    0x00, 0x00, 0x00, 0x00, 0x00, 0x00, 0x00, 0x00, 0x00, 0x00, 0x00, 0x00, 0x00, 0x00, 0x00, 0x00, 0x00, 0x00, 0x00, 0x00,
    0x00, 0x00, 0x00, 0x00, 0x00, 0x00, 0x00, 0x00, 0x00, 0x00, 0x00, 0x00, 0x00, 0x00, 0x00, 0x00, 0x00, 0x00, 0x00, 0x00,
    0x00, 0x00, 0x00, 0x00, 0x00, 0x00, 0x00, 0x00, 0x00, 0x00, 0x00, 0x00, 0x00, 0x00, 0x00, 0x00, 0x00, 0x00, 0x00, 0x00,
    0x00, 0x00, 0x00, 0x00, 0x00, 0x00, 0x00, 0x00, 0x00, 0x00, 0x00, 0x00, 0x00, 0x00, 0x00, 0x00, 0x00, 0x00, 0x00, 0x00,
    0x00, 0x00, 0x00, 0x00, 0x00, 0x00, 0x00, 0x00, 0x00, 0x00, 0x00, 0x00, 0x00, 0x00, 0x00, 0x00, 0x00, 0x00, 0x00, 0x00,
    0x00, 0x00, 0x00, 0x00, 0x00, 0x00, 0x00, 0x00, 0x00, 0x00, 0x00, 0x00, 0x00, 0x00, 0x00, 0x00, 0x00, 0x00, 0x00, 0x00,
    0x00, 0x00, 0x00, 0x00, 0x00, 0x00, 0x00, 0x00, 0x00, 0x00, 0x00, 0x00, 0x00, 0x00, 0x00, 0x00, 0x00, 0x00, 0x00, 0x00,
    0x00, 0x00, 0x00, 0x00, 0x00, 0x00, 0x00, 0x00, 0x00, 0x00, 0x00, 0x00, 0x00, 0x00, 0x00, 0x00, 0x00, 0x00, 0x00, 0x00,
    0x00, 0x00, 0x00, 0x00, 0x00, 0x00, 0x00, 0x00, 0x00, 0x00, 0x00, 0x00, 0x00, 0x00, 0x00, 0x00, 0x00, 0x00, 0x00, 0x00,
    0x00, 0x00, 0x00, 0x00, 0x00, 0x00, 0x00, 0x00, 0x00, 0x00, 0x00, 0x00, 0x00, 0x00, 0x00, 0x00, 0x00, 0x00, 0x00, 0x00,
    0x00, 0x00, 0x00, 0x00, 0x00, 0x00, 0x00, 0x00, 0x00, 0x00, 0x00, 0x00, 0x00, 0x00, 0x00, 0x00, 0x00, 0x00, 0x00, 0x00,
    0x00, 0x00, 0x00, 0x00, 0x00, 0x00, 0x00, 0x00, 0x00, 0x00, 0x00, 0x00, 0x00, 0x00, 0x00, 0x00, 0x00, 0x00, 0x00, 0x00,
    0x00, 0x00, 0x00, 0x00, 0x00, 0x00, 0x00, 0x00, 0x00, 0x00, 0x00, 0x00, 0x00, 0x00, 0x00, 0x00, 0x00, 0x00, 0x00, 0x00,
    0x00, 0x00, 0x00, 0x00, 0x00, 0x00, 0x00, 0x00, 0x00, 0x00, 0x00, 0x00, 0x00, 0x00, 0x00, 0x00, 0x00, 0x00, 0x00, 0x00,
    0x00, 0x00, 0x00, 0x00, 0x00, 0x00, 0x00, 0x00, 0x00, 0x00, 0x00, 0x00, 0x00, 0x00, 0x00, 0x00, 0x00, 0x00, 0x00, 0x00,
    0x00, 0x00, 0x00, 0x00, 0x00, 0x00, 0x00, 0x00, 0x00, 0x00, 0x00, 0x00, 0x00, 0x00, 0x00, 0x00, 0x00, 0x00, 0x00, 0x00,
    0x00, 0x00, 0x00, 0x00, 0x00, 0x00, 0x00, 0x00, 0x00, 0x00, 0x00, 0x00, 0x00, 0x00, 0x00, 0x00, 0x00, 0x00, 0x00, 0x00,
    0x00, 0x00, 0x00, 0x00, 0x00, 0x00, 0x00, 0x00, 0x00, 0x00, 0x00, 0x00, 0x00, 0x00, 0x00, 0x00, 0x00, 0x00, 0x00, 0x00,
    0x00, 0x00, 0x00, 0x00, 0x00, 0x00, 0x00, 0x00, 0x00, 0x00, 0x00, 0x00, 0x00, 0x00, 0x00, 0x00, 0x00, 0x00, 0x00, 0x00,
    0x00, 0x00, 0x00, 0x00, 0x00, 0x00, 0x00, 0x00, 0x00, 0x00, 0x00, 0x00, 0x00, 0x00, 0x00, 0x00, 0x00, 0x00, 0x00, 0x00,
    0x00, 0x00, 0x00, 0x00, 0x00, 0x00, 0x00, 0x00, 0x00, 0x00, 0x00, 0x00, 0x00, 0x00, 0x00, 0x00, 0x00, 0x00, 0x00, 0x00,
    0x00, 0x00, 0x00, 0x00, 0x00, 0x00, 0x00, 0x00, 0x00, 0x00, 0x00, 0x00, 0x00, 0x00, 0x00, 0x00, 0x00, 0x00, 0x00, 0x00,
    0x00, 0x00, 0x00, 0x00, 0x00, 0x00, 0x00, 0x00, 0x00, 0x00, 0x00, 0x00, 0x00, 0x00, 0x00, 0x00, 0x00, 0x00, 0x00, 0x00,
    0x00, 0x00, 0x00, 0x00, 0x00, 0x00, 0x00, 0x00, 0x00, 0x00, 0x00, 0x00, 0x00, 0x00, 0x00, 0x00, 0x00, 0x00, 0x00, 0x00,
    0x00, 0x00, 0x00, 0x00, 0x00, 0x00, 0x00, 0x00, 0x00, 0x00, 0x00, 0x00, 0x00, 0x00, 0x00, 0x00, 0x00, 0x00, 0x00, 0x00,
    0x00, 0x00, 0x00, 0x00, 0x00, 0x00, 0x00, 0x00, 0x00, 0x00, 0x00, 0x00, 0x00, 0x00, 0x00, 0x00, 0x00, 0x00, 0x00, 0x00,
    0x00, 0x00, 0x00, 0x00, 0x00, 0x00, 0x00, 0x00, 0x00, 0x00, 0x00, 0x00, 0x00, 0x00, 0x00, 0x00, 0x00, 0x00, 0x00, 0x00,
    0x00, 0x00, 0x00, 0x00, 0x00, 0x00, 0x00, 0x00, 0x00, 0x00, 0x00, 0x00, 0x00, 0x00, 0x00, 0x00, 0x00, 0x00, 0x00, 0x00,
    0x00, 0x00, 0x00, 0x00, 0x00, 0x00, 0x00, 0x00, 0x00, 0x00, 0x00, 0x00, 0x00, 0x00, 0x00, 0x00, 0x00, 0x00, 0x00, 0x00,
    0x00, 0x00, 0x00, 0x00, 0x00, 0x00, 0x00, 0x00, 0x00, 0x00, 0x00, 0x00, 0x00, 0x00, 0x00, 0x00, 0x00, 0x00, 0x00, 0x00,
    0x00, 0x00, 0x00, 0x00, 0x00, 0x00, 0x00, 0x00, 0x00, 0x00, 0x00, 0x00, 0x00, 0x00, 0x00, 0x00, 0x00, 0x00, 0x00, 0x00,
    0x00, 0x00, 0x00, 0x00, 0x00, 0x00, 0x00, 0x00, 0x00, 0x00, 0x00, 0x00, 0x00, 0x00, 0x00, 0x00, 0x00, 0x00, 0x00, 0x00,
    0x00, 0x00, 0x00, 0x00, 0x00, 0x00, 0x00, 0x00, 0x00, 0x00, 0x00, 0x00, 0x00, 0x00, 0x00, 0x00, 0x00, 0x00, 0x00, 0x00,
    0x00, 0x00, 0x00, 0x00, 0x00, 0x00, 0x00, 0x00, 0x00, 0x00, 0x00, 0x00, 0x00, 0x00, 0x00, 0x00, 0x00, 0x00, 0x00, 0x00,
    0x00, 0x00, 0x00, 0x00, 0x00, 0x00, 0x00, 0x00, 0x00, 0x00, 0x00, 0x00, 0x00, 0x00, 0x00, 0x00, 0x00, 0x00, 0x00, 0x00,
    0x00, 0x00, 0x00, 0x00, 0x00, 0x00, 0x00, 0x00, 0x00, 0x00, 0x00, 0x00, 0x00, 0x00, 0x00, 0x00, 0x00, 0x00, 0x00, 0x00,
    0x00, 0x00, 0x00, 0x00, 0x00, 0x00, 0x00, 0x00, 0x00, 0x00, 0x00, 0x00, 0x00, 0x00, 0x00, 0x00, 0x00, 0x00, 0x00, 0x00,
    0x00, 0x00, 0x00, 0x00, 0x00, 0x00, 0x00, 0x00, 0x00, 0x00, 0x00, 0x00, 0x00, 0x00, 0x00, 0x00, 0x00, 0x00, 0x00, 0x00,
    0x00, 0x00, 0x00, 0x00, 0x00, 0x00, 0x00, 0x00, 0x00, 0x00, 0x00, 0x00, 0x00, 0x00, 0x00, 0x00, 0x00, 0x00, 0x00, 0x00,
    0x00, 0x00, 0x00, 0x00, 0x00, 0x00, 0x00, 0x00, 0x00, 0x00, 0x00, 0x00, 0x00, 0x00, 0x00, 0x00, 0x00, 0x00, 0x00, 0x00,
    0x00, 0x00, 0x00, 0x00, 0x00, 0x00, 0x00, 0x00, 0x00, 0x00, 0x00, 0x00, 0x00, 0x00, 0x00, 0x00, 0x00, 0x00, 0x00, 0x00,
    0x00, 0x00, 0x00, 0x00, 0x00, 0x00, 0x00, 0x00, 0x00, 0x00, 0x00, 0x00, 0x00, 0x00, 0x00, 0x00, 0x00, 0x00, 0x00, 0x00,
    0x00, 0x00, 0x00, 0x00, 0x00, 0x00, 0x00, 0x00, 0x00, 0x00, 0x00, 0x00, 0x00, 0x00, 0x00, 0x00, 0x00, 0x00, 0x00, 0x00,
    0x00, 0x00, 0x00, 0x00, 0x00, 0x00, 0x00, 0x00, 0x00, 0x00, 0x00, 0x00, 0x00, 0x00, 0x00, 0x00, 0x00, 0x00, 0x00, 0x00,
    0x00, 0x00, 0x00, 0x00, 0x00, 0x00, 0x00, 0x00, 0x00, 0x00, 0x00, 0x00, 0x00, 0x00, 0x00, 0x00, 0x00, 0x00, 0x00, 0x00,
    0x00, 0x00, 0x00, 0x00, 0x00, 0x00, 0x00, 0x00, 0x00, 0x00, 0x00, 0x00, 0x00, 0x00, 0x00, 0x00, 0x00, 0x00, 0x00, 0x00,
    0x00, 0x00, 0x00, 0x00, 0x00, 0x00, 0x00, 0x00, 0x00, 0x00, 0x00, 0x00, 0x00, 0x00, 0x00, 0x00, 0x00, 0x00, 0x00, 0x00,
    0x00, 0x00, 0x00, 0x00, 0x00, 0x00, 0x00, 0x00, 0x00, 0x00, 0x00, 0x00, 0x00, 0x00, 0x00, 0x00, 0x00, 0x00, 0x00, 0x00,
    0x00, 0x00, 0x00, 0x00, 0x00, 0x00, 0x00, 0x00, 0x00, 0x00, 0x00, 0x00, 0x00, 0x00, 0x00, 0x00, 0x00, 0x00, 0x00, 0x00,
    0x00, 0x00, 0x00, 0x00, 0x00, 0x00, 0x00, 0x00, 0x00, 0x00, 0x00, 0x00, 0x00, 0x00, 0x00, 0x00, 0x00, 0x00, 0x00, 0x00,
    0x00, 0x00, 0x00, 0x00, 0x00, 0x00, 0x00, 0x00, 0x00, 0x00, 0x00, 0x00, 0x00, 0x00, 0x00, 0x00, 0x00, 0x00, 0x00, 0x00,
    0x00, 0x00, 0x00, 0x00, 0x00, 0x00, 0x00, 0x00, 0x00, 0x00, 0x00, 0x00, 0x00, 0x00, 0x00, 0x00, 0x00, 0x00, 0x00, 0x00,
    0x00, 0x00, 0x00, 0x00, 0x00, 0x00, 0x00, 0x00, 0x00, 0x00, 0x00, 0x00, 0x00, 0x00, 0x00, 0x00, 0x00, 0x00, 0x00, 0x00,
    0x00, 0x00, 0x00, 0x00, 0x00, 0x00, 0x00, 0x00, 0x00, 0x00, 0x00, 0x00, 0x00, 0x00, 0x00, 0x00, 0x00, 0x00, 0x00, 0x00,
    0x00, 0x00, 0x00, 0x00, 0x00, 0x00, 0x00, 0x00, 0x00, 0x00, 0x00, 0x00, 0x00, 0x00, 0x00, 0x00, 0x00, 0x00, 0x00, 0x00,
    0x00, 0x00, 0x00, 0x00, 0x00, 0x00, 0x00, 0x00, 0x00, 0x00, 0x00, 0x00, 0x00, 0x00, 0x00, 0x00, 0x00, 0x00, 0x00, 0x00,
    0x00, 0x00, 0x00, 0x00, 0x00, 0x00, 0x00, 0x00, 0x00, 0x00, 0x00, 0x00, 0x00, 0x00, 0x00, 0x00, 0x00, 0x00, 0x00, 0x00,
    0x00, 0x00, 0x00, 0x00, 0x00, 0x00, 0x00, 0x00, 0x00, 0x00, 0x00, 0x00, 0x00, 0x00, 0x00, 0x00, 0x00, 0x00, 0x00, 0x00,
    0x00, 0x00, 0x00, 0x00, 0x00, 0x00, 0x00, 0x00, 0x00, 0x00, 0x00, 0x00, 0x00, 0x00, 0x00, 0x00, 0x00, 0x00, 0x00, 0x00,
    0x00, 0x00, 0x00, 0x00, 0x00, 0x00, 0x00, 0x00, 0x00, 0x00, 0x00, 0x00, 0x00, 0x00, 0x00, 0x00, 0x00, 0x00, 0x00, 0x00,
    0x00, 0x00, 0x00, 0x00, 0x00, 0x00, 0x00, 0x00, 0x00, 0x00, 0x00, 0x00, 0x00, 0x00, 0x00, 0x00, 0x00, 0x00, 0x00, 0x00,
    0x00, 0x00, 0x00, 0x00, 0x00, 0x00, 0x00, 0x00, 0x00, 0x00, 0x00, 0x00, 0x00, 0x00, 0x00, 0x00, 0x00, 0x00, 0x00, 0x00,
    0x00, 0x00, 0x00, 0x00, 0x00, 0x00, 0x00, 0x00, 0x00, 0x00, 0x00, 0x00, 0x00, 0x00, 0x00, 0x00, 0x00, 0x00, 0x00, 0x00,
    0x00, 0x00, 0x00, 0x00, 0x00, 0x00, 0x00, 0x00, 0x00, 0x00, 0x00, 0x00, 0x00, 0x00, 0x00, 0x00, 0x00, 0x00, 0x00, 0x00,
    0x00, 0x00, 0x00, 0x00, 0x00, 0x00, 0x00, 0x00, 0x00, 0x00, 0x00, 0x00, 0x00, 0x00, 0x00, 0x00, 0x00, 0x00, 0x00, 0x00,
    0x00, 0x00, 0x00, 0x00, 0x00, 0x00, 0x00, 0x00, 0x00, 0x00, 0x00, 0x00, 0x00, 0x00, 0x00, 0x00, 0x00, 0x00, 0x00, 0x00,
    0x00, 0x00, 0x00, 0x00, 0x00, 0x00, 0x00, 0x00, 0x00, 0x00, 0x00, 0x00, 0x00, 0x00, 0x00, 0x00, 0x00, 0x00, 0x00, 0x00,
    0x00, 0x00, 0x00, 0x00, 0x00, 0x00, 0x00, 0x00, 0x00, 0x00, 0x00, 0x00, 0x00, 0x00, 0x00, 0x00, 0x00, 0x00, 0x00, 0x00,
    0x00, 0x00, 0x00, 0x00, 0x00, 0x00, 0x00, 0x00, 0x00, 0x00, 0x00, 0x00, 0x00, 0x00, 0x00, 0x00, 0x00, 0x00, 0x00, 0x00,
    0x00, 0x00, 0x00, 0x00, 0x00, 0x00, 0x00, 0x00, 0x00, 0x00, 0x00, 0x00, 0x00, 0x00, 0x00, 0x00, 0x00, 0x00, 0x00, 0x00,
    0x00, 0x00, 0x00, 0x00, 0x00, 0x00, 0x00, 0x00, 0x00, 0x00, 0x00, 0x00, 0x00, 0x00, 0x00, 0x00, 0x00, 0x00, 0x00, 0x00,
    0x00, 0x00, 0x00, 0x00, 0x00, 0x00, 0x00, 0x00, 0x00, 0x00, 0x00, 0x00, 0x00, 0x00, 0x00, 0x00, 0x00, 0x00, 0x00, 0x00,
    0x61, 0x08, 0xc3, 0x18, 0x45, 0x29, 0xe7, 0x39, 0x49, 0x4a, 0xcb, 0x5a, 0x0c, 0x63, 0x4d, 0x6b, 0x8e, 0x73, 0x8e, 0x73,
    0x8e, 0x73, 0x8e, 0x73, 0x4d, 0x6b, 0x0c, 0x63, 0xcb, 0x5a, 0x49, 0x4a, 0xe7, 0x39, 0x45, 0x29, 0xc3, 0x18, 0x61, 0x08,
    0x00, 0x00, 0x00, 0x00, 0x00, 0x00, 0x00, 0x00, 0x00, 0x00, 0x00, 0x00, 0x00, 0x00, 0x00, 0x00, 0x00, 0x00, 0x00, 0x00,
    0x00, 0x00, 0x00, 0x00, 0x00, 0x00, 0x00, 0x00, 0x00, 0x00, 0x00, 0x00, 0x00, 0x00, 0x00, 0x00, 0x00, 0x00, 0x00, 0x00,
    0x00, 0x00, 0x00, 0x00, 0x00, 0x00, 0x00, 0x00, 0x00, 0x00, 0x00, 0x00, 0x00, 0x00, 0x00, 0x00, 0x00, 0x00, 0x00, 0x00,
    0x00, 0x00, 0x00, 0x00, 0x00, 0x00, 0x00, 0x00, 0x00, 0x00, 0x00, 0x00, 0x00, 0x00, 0x00, 0x00, 0x00, 0x00, 0x00, 0x00,
    0x00, 0x00, 0x00, 0x00, 0x00, 0x00, 0x00, 0x00, 0x00, 0x00, 0x00, 0x00, 0x00, 0x00, 0x00, 0x00, 0x00, 0x00, 0x00, 0x00,
    0x00, 0x00, 0x00, 0x00, 0x00, 0x00, 0x00, 0x00, 0x00, 0x00, 0x00, 0x00, 0x00, 0x00, 0x00, 0x00, 0x00, 0x00, 0x00, 0x00,
    0x00, 0x00, 0x00, 0x00, 0x00, 0x00, 0x00, 0x00, 0x00, 0x00, 0x00, 0x00, 0x00, 0x00, 0x00, 0x00, 0x00, 0x00, 0x00, 0x00,
    0x00, 0x00, 0x00, 0x00, 0x00, 0x00, 0x00, 0x00, 0x00, 0x00, 0x00, 0x00, 0x00, 0x00, 0x00, 0x00, 0x00, 0x00, 0x00, 0x00,
    0x00, 0x00, 0x00, 0x00, 0x00, 0x00, 0x00, 0x00, 0x00, 0x00, 0x00, 0x00, 0x00, 0x00, 0x00, 0x00, 0x00, 0x00, 0x00, 0x00,
    0x00, 0x00, 0x00, 0x00, 0x00, 0x00, 0x00, 0x00, 0x00, 0x00, 0x00, 0x00, 0x00, 0x00, 0x00, 0x00, 0x00, 0x00, 0x00, 0x00,
    0x00, 0x00, 0x00, 0x00, 0x00, 0x00, 0x00, 0x00, 0x00, 0x00, 0x00, 0x00, 0x00, 0x00, 0x00, 0x00, 0x00, 0x00, 0x00, 0x00,
    0x00, 0x00, 0x00, 0x00, 0x00, 0x00, 0x00, 0x00, 0x00, 0x00, 0x00, 0x00, 0x00, 0x00, 0x00, 0x00, 0x00, 0x00, 0x00, 0x00,
    0x00, 0x00, 0x00, 0x00, 0x00, 0x00, 0x00, 0x00, 0x00, 0x00, 0x00, 0x00, 0x00, 0x00, 0x00, 0x00, 0x00, 0x00, 0x00, 0x00,
    0x00, 0x00, 0x00, 0x00, 0x00, 0x00, 0x00, 0x00, 0x00, 0x00, 0x00, 0x00, 0x00, 0x00, 0x00, 0x00, 0x00, 0x00, 0x00, 0x00,
    0x00, 0x00, 0x00, 0x00, 0x00, 0x00, 0x00, 0x00, 0x00, 0x00, 0x00, 0x00, 0x00, 0x00, 0x00, 0x00, 0x00, 0x00, 0x00, 0x00,
    0x00, 0x00, 0x00, 0x00, 0x00, 0x00, 0x00, 0x00, 0x00, 0x00, 0x00, 0x00, 0x00, 0x00, 0x00, 0x00, 0x00, 0x00, 0x00, 0x00,
    0x00, 0x00, 0x00, 0x00, 0x00, 0x00, 0x00, 0x00, 0x00, 0x00, 0x00, 0x00, 0x00, 0x00, 0x00, 0x00, 0x00, 0x00, 0x00, 0x00,
    0x00, 0x00, 0x00, 0x00, 0x00, 0x00, 0x00, 0x00, 0x41, 0x08, 0x04, 0x21, 0x08, 0x42, 0x2c, 0x63, 0x31, 0x84, 0x34, 0xa5,
    0xf7, 0xbd, 0x7a, 0xce, 0xfc, 0xde, 0x3d, 0xe7, 0x7e, 0xef, 0x9e, 0xf7, 0xbf, 0xf7, 0xdf, 0xff, 0xdf, 0xff, 0xdf, 0xff,
    0xdf, 0xff, 0xdf, 0xff, 0xdf, 0xff, 0xbf, 0xf7, 0x9e, 0xf7, 0x7e, 0xef, 0x3d, 0xe7, 0xfc, 0xde, 0x7a, 0xce, 0xf7, 0xbd,
    0x34, 0xa5, 0x31, 0x84, 0x2c, 0x63, 0x08, 0x42, 0x04, 0x21, 0x41, 0x08, 0x00, 0x00, 0x00, 0x00, 0x00, 0x00, 0x00, 0x00,
    0x00, 0x00, 0x00, 0x00, 0x00, 0x00, 0x00, 0x00, 0x00, 0x00, 0x00, 0x00, 0x00, 0x00, 0x00, 0x00, 0x00, 0x00, 0x00, 0x00,
    0x00, 0x00, 0x00, 0x00, 0x00, 0x00, 0x00, 0x00, 0x00, 0x00, 0x00, 0x00, 0x00, 0x00, 0x00, 0x00, 0x00, 0x00, 0x00, 0x00,
    0x00, 0x00, 0x00, 0x00, 0x00, 0x00, 0x00, 0x00, 0x00, 0x00, 0x00, 0x00, 0x00, 0x00, 0x00, 0x00, 0x00, 0x00, 0x00, 0x00,
    0x00, 0x00, 0x00, 0x00, 0x00, 0x00, 0x00, 0x00, 0x00, 0x00, 0x00, 0x00, 0x00, 0x00, 0x00, 0x00, 0x00, 0x00, 0x00, 0x00,
    0x00, 0x00, 0x00, 0x00, 0x00, 0x00, 0x00, 0x00, 0x00, 0x00, 0x00, 0x00, 0x00, 0x00, 0x00, 0x00, 0x00, 0x00, 0x00, 0x00,
    0x00, 0x00, 0x00, 0x00, 0x00, 0x00, 0x00, 0x00, 0x00, 0x00, 0x00, 0x00, 0x00, 0x00, 0x00, 0x00, 0x00, 0x00, 0x00, 0x00,
    0x00, 0x00, 0x00, 0x00, 0x00, 0x00, 0x00, 0x00, 0x00, 0x00, 0x00, 0x00, 0x00, 0x00, 0x00, 0x00, 0x00, 0x00, 0x00, 0x00,
    0x00, 0x00, 0x00, 0x00, 0x00, 0x00, 0x00, 0x00, 0x00, 0x00, 0x00, 0x00, 0x00, 0x00, 0x00, 0x00, 0x00, 0x00, 0x00, 0x00,
    0x00, 0x00, 0x00, 0x00, 0x00, 0x00, 0x00, 0x00, 0x00, 0x00, 0x00, 0x00, 0x00, 0x00, 0x00, 0x00, 0x00, 0x00, 0x00, 0x00,
    0x00, 0x00, 0x00, 0x00, 0x00, 0x00, 0x00, 0x00, 0x00, 0x00, 0x00, 0x00, 0x00, 0x00, 0x00, 0x00, 0x00, 0x00, 0x00, 0x00,
    0x00, 0x00, 0x00, 0x00, 0x00, 0x00, 0x00, 0x00, 0x00, 0x00, 0x00, 0x00, 0x00, 0x00, 0x00, 0x00, 0x00, 0x00, 0x00, 0x00,
    0x00, 0x00, 0x00, 0x00, 0x00, 0x00, 0x00, 0x00, 0x00, 0x00, 0x00, 0x00, 0x00, 0x00, 0x00, 0x00, 0x00, 0x00, 0x00, 0x00,
    0x00, 0x00, 0x00, 0x00, 0x00, 0x00, 0x00, 0x00, 0x00, 0x00, 0x00, 0x00, 0x00, 0x00, 0x00, 0x00, 0x00, 0x00, 0x00, 0x00,
    0x00, 0x00, 0x00, 0x00, 0x00, 0x00, 0x00, 0x00, 0x00, 0x00, 0x00, 0x00, 0x00, 0x00, 0x00, 0x00, 0x00, 0x00, 0x00, 0x00,
    0x00, 0x00, 0x00, 0x00, 0x00, 0x00, 0x00, 0x00, 0x00, 0x00, 0x00, 0x00, 0x00, 0x00, 0x00, 0x00, 0x00, 0x00, 0x00, 0x00,
    0x00, 0x00, 0x00, 0x00, 0x00, 0x00, 0x00, 0x00, 0x00, 0x00, 0x00, 0x00, 0x00, 0x00, 0x00, 0x00, 0x00, 0x00, 0x00, 0x00,
    0x41, 0x08, 0x66, 0x29, 0xeb, 0x5a, 0x71, 0x8c, 0xb7, 0xb5, 0xbb, 0xd6, 0x5d, 0xef, 0xbf, 0xf7, 0xdf, 0xff, 0xdf, 0xff,
    0xbe, 0xf7, 0x5d, 0xef, 0x1c, 0xe7, 0xba, 0xd6, 0x59, 0xce, 0xf8, 0xbd, 0xb6, 0xb5, 0x75, 0xad, 0x55, 0xad, 0x34, 0xa5,
    0x34, 0xa5, 0x55, 0xad, 0x75, 0xad, 0xb6, 0xb5, 0xf8, 0xbd, 0x59, 0xce, 0xba, 0xd6, 0x1c, 0xe7, 0x5d, 0xef, 0xbe, 0xf7,
    0xdf, 0xff, 0xdf, 0xff, 0xbf, 0xf7, 0x5d, 0xef, 0xbb, 0xd6, 0xb7, 0xb5, 0x71, 0x8c, 0xeb, 0x5a, 0x66, 0x29, 0x41, 0x08,
    0x00, 0x00, 0x00, 0x00, 0x00, 0x00, 0x00, 0x00, 0x00, 0x00, 0x00, 0x00, 0x00, 0x00, 0x00, 0x00, 0x00, 0x00, 0x00, 0x00,
    0x00, 0x00, 0x00, 0x00, 0x00, 0x00, 0x00, 0x00, 0x00, 0x00, 0x00, 0x00, 0x00, 0x00, 0x00, 0x00, 0x00, 0x00, 0x00, 0x00,
    0x00, 0x00, 0x00, 0x00, 0x00, 0x00, 0x00, 0x00, 0x00, 0x00, 0x00, 0x00, 0x00, 0x00, 0x00, 0x00, 0x00, 0x00, 0x00, 0x00,
    0x00, 0x00, 0x00, 0x00, 0x00, 0x00, 0x00, 0x00, 0x00, 0x00, 0x00, 0x00, 0x00, 0x00, 0x00, 0x00, 0x00, 0x00, 0x00, 0x00,
    0x00, 0x00, 0x00, 0x00, 0x00, 0x00, 0x00, 0x00, 0x00, 0x00, 0x00, 0x00, 0x00, 0x00, 0x00, 0x00, 0x00, 0x00, 0x00, 0x00,
    0x00, 0x00, 0x00, 0x00, 0x00, 0x00, 0x00, 0x00, 0x00, 0x00, 0x00, 0x00, 0x00, 0x00, 0x00, 0x00, 0x00, 0x00, 0x00, 0x00,
    0x00, 0x00, 0x00, 0x00, 0x00, 0x00, 0x00, 0x00, 0x00, 0x00, 0x00, 0x00, 0x00, 0x00, 0x00, 0x00, 0x00, 0x00, 0x00, 0x00,
    0x00, 0x00, 0x00, 0x00, 0x00, 0x00, 0x00, 0x00, 0x00, 0x00, 0x00, 0x00, 0x00, 0x00, 0x00, 0x00, 0x00, 0x00, 0x00, 0x00,
    0x00, 0x00, 0x00, 0x00, 0x00, 0x00, 0x00, 0x00, 0x00, 0x00, 0x00, 0x00, 0x00, 0x00, 0x00, 0x00, 0x00, 0x00, 0x00, 0x00,
    0x00, 0x00, 0x00, 0x00, 0x00, 0x00, 0x00, 0x00, 0x00, 0x00, 0x00, 0x00, 0x00, 0x00, 0x00, 0x00, 0x00, 0x00, 0x00, 0x00,
    0x00, 0x00, 0x00, 0x00, 0x00, 0x00, 0x00, 0x00, 0x00, 0x00, 0x00, 0x00, 0x00, 0x00, 0x00, 0x00, 0x00, 0x00, 0x00, 0x00,
    0x00, 0x00, 0x00, 0x00, 0x00, 0x00, 0x00, 0x00, 0x00, 0x00, 0x00, 0x00, 0x00, 0x00, 0x00, 0x00, 0x00, 0x00, 0x00, 0x00,
    0x00, 0x00, 0x00, 0x00, 0x00, 0x00, 0x00, 0x00, 0x00, 0x00, 0x00, 0x00, 0x00, 0x00, 0x00, 0x00, 0x00, 0x00, 0x00, 0x00,
    0x00, 0x00, 0x00, 0x00, 0x00, 0x00, 0x00, 0x00, 0x00, 0x00, 0x00, 0x00, 0x00, 0x00, 0x00, 0x00, 0x00, 0x00, 0x00, 0x00,
    0x00, 0x00, 0x00, 0x00, 0x00, 0x00, 0x00, 0x00, 0x00, 0x00, 0x00, 0x00, 0x00, 0x00, 0x00, 0x00, 0x00, 0x00, 0x00, 0x00,
    0x00, 0x00, 0x00, 0x00, 0x00, 0x00, 0x00, 0x00, 0x00, 0x00, 0x00, 0x00, 0x00, 0x00, 0xa3, 0x10, 0x49, 0x4a, 0x30, 0x84,
    0xd7, 0xbd, 0xfc, 0xde, 0x9e, 0xf7, 0xdf, 0xff, 0xbf, 0xf7, 0x5d, 0xef, 0x9a, 0xd6, 0xb7, 0xb5, 0xd3, 0x9c, 0xcf, 0x7b,
    0xeb, 0x5a, 0x28, 0x42, 0x86, 0x31, 0x04, 0x21, 0xa2, 0x10, 0x61, 0x08, 0x41, 0x08, 0x20, 0x00, 0x00, 0x00, 0x00, 0x00,
    0x00, 0x00, 0x00, 0x00, 0x20, 0x00, 0x41, 0x08, 0x61, 0x08, 0xa2, 0x10, 0x04, 0x21, 0x86, 0x31, 0x28, 0x42, 0xeb, 0x5a,
    0xcf, 0x7b, 0xd3, 0x9c, 0xb7, 0xb5, 0x9a, 0xd6, 0x5d, 0xef, 0xbf, 0xf7, 0xdf, 0xff, 0x9e, 0xf7, 0xfc, 0xde, 0xd7, 0xbd,
    0x30, 0x84, 0x49, 0x4a, 0xa3, 0x10, 0x00, 0x00, 0x00, 0x00, 0x00, 0x00, 0x00, 0x00, 0x00, 0x00, 0x00, 0x00, 0x00, 0x00,
    0x00, 0x00, 0x00, 0x00, 0x00, 0x00, 0x00, 0x00, 0x00, 0x00, 0x00, 0x00, 0x00, 0x00, 0x00, 0x00, 0x00, 0x00, 0x00, 0x00,
    0x00, 0x00, 0x00, 0x00, 0x00, 0x00, 0x00, 0x00, 0x00, 0x00, 0x00, 0x00, 0x00, 0x00, 0x00, 0x00, 0x00, 0x00, 0x00, 0x00,
    0x00, 0x00, 0x00, 0x00, 0x00, 0x00, 0x00, 0x00, 0x00, 0x00, 0x00, 0x00, 0x00, 0x00, 0x00, 0x00, 0x00, 0x00, 0x00, 0x00,
    0x00, 0x00, 0x00, 0x00, 0x00, 0x00, 0x00, 0x00, 0x00, 0x00, 0x00, 0x00, 0x00, 0x00, 0x00, 0x00, 0x00, 0x00, 0x00, 0x00,
    0x00, 0x00, 0x00, 0x00, 0x00, 0x00, 0x00, 0x00, 0x00, 0x00, 0x00, 0x00, 0x00, 0x00, 0x00, 0x00, 0x00, 0x00, 0x00, 0x00,
    0x00, 0x00, 0x00, 0x00, 0x00, 0x00, 0x00, 0x00, 0x00, 0x00, 0x00, 0x00, 0x00, 0x00, 0x00, 0x00, 0x00, 0x00, 0x00, 0x00,
    0x00, 0x00, 0x00, 0x00, 0x00, 0x00, 0x00, 0x00, 0x00, 0x00, 0x00, 0x00, 0x00, 0x00, 0x00, 0x00, 0x00, 0x00, 0x00, 0x00,
    0x00, 0x00, 0x00, 0x00, 0x00, 0x00, 0x00, 0x00, 0x00, 0x00, 0x00, 0x00, 0x00, 0x00, 0x00, 0x00, 0x00, 0x00, 0x00, 0x00,
    0x00, 0x00, 0x00, 0x00, 0x00, 0x00, 0x00, 0x00, 0x00, 0x00, 0x00, 0x00, 0x00, 0x00, 0x00, 0x00, 0x00, 0x00, 0x00, 0x00,
    0x00, 0x00, 0x00, 0x00, 0x00, 0x00, 0x00, 0x00, 0x00, 0x00, 0x00, 0x00, 0x00, 0x00, 0x00, 0x00, 0x00, 0x00, 0x00, 0x00,
    0x00, 0x00, 0x00, 0x00, 0x00, 0x00, 0x00, 0x00, 0x00, 0x00, 0x00, 0x00, 0x00, 0x00, 0x00, 0x00, 0x00, 0x00, 0x00, 0x00,
    0x00, 0x00, 0x00, 0x00, 0x00, 0x00, 0x00, 0x00, 0x00, 0x00, 0x00, 0x00, 0x00, 0x00, 0x00, 0x00, 0x00, 0x00, 0x00, 0x00,
    0x00, 0x00, 0x00, 0x00, 0x00, 0x00, 0x00, 0x00, 0x00, 0x00, 0x00, 0x00, 0x00, 0x00, 0x00, 0x00, 0x00, 0x00, 0x00, 0x00,
    0x00, 0x00, 0x00, 0x00, 0x00, 0x00, 0x00, 0x00, 0x00, 0x00, 0x00, 0x00, 0x00, 0x00, 0x00, 0x00, 0x00, 0x00, 0x00, 0x00,
    0x00, 0x00, 0x00, 0x00, 0x00, 0x00, 0x00, 0x00, 0x82, 0x10, 0x69, 0x4a, 0x92, 0x94, 0x59, 0xce, 0x5d, 0xef, 0xdf, 0xff,
    0xbf, 0xf7, 0x1c, 0xe7, 0x18, 0xc6, 0xd3, 0x9c, 0x4d, 0x6b, 0x08, 0x42, 0x04, 0x21, 0x41, 0x08, 0x00, 0x00, 0x00, 0x00,
    0x00, 0x00, 0x00, 0x00, 0x00, 0x00, 0x00, 0x00, 0x00, 0x00, 0x00, 0x00, 0x20, 0x00, 0x20, 0x00, 0x21, 0x00, 0x21, 0x00,
    0x21, 0x00, 0x21, 0x00, 0x20, 0x00, 0x20, 0x00, 0x00, 0x00, 0x00, 0x00, 0x00, 0x00, 0x00, 0x00, 0x00, 0x00, 0x00, 0x00,
    0x00, 0x00, 0x00, 0x00, 0x41, 0x08, 0x04, 0x21, 0x08, 0x42, 0x4d, 0x6b, 0xd3, 0x9c, 0x18, 0xc6, 0x1c, 0xe7, 0xbf, 0xf7,
    0xbf, 0xf7, 0x5d, 0xef, 0x39, 0xc6, 0x72, 0x8c, 0x49, 0x4a, 0x82, 0x10, 0x00, 0x00, 0x00, 0x00, 0x00, 0x00, 0x00, 0x00,
    0x00, 0x00, 0x00, 0x00, 0x00, 0x00, 0x00, 0x00, 0x00, 0x00, 0x00, 0x00, 0x00, 0x00, 0x00, 0x00, 0x00, 0x00, 0x00, 0x00,
    0x00, 0x00, 0x00, 0x00, 0x00, 0x00, 0x00, 0x00, 0x00, 0x00, 0x00, 0x00, 0x00, 0x00, 0x00, 0x00, 0x00, 0x00, 0x00, 0x00,
    0x00, 0x00, 0x00, 0x00, 0x00, 0x00, 0x00, 0x00, 0x00, 0x00, 0x00, 0x00, 0x00, 0x00, 0x00, 0x00, 0x00, 0x00, 0x00, 0x00,
    0x00, 0x00, 0x00, 0x00, 0x00, 0x00, 0x00, 0x00, 0x00, 0x00, 0x00, 0x00, 0x00, 0x00, 0x00, 0x00, 0x00, 0x00, 0x00, 0x00,
    0x00, 0x00, 0x00, 0x00, 0x00, 0x00, 0x00, 0x00, 0x00, 0x00, 0x00, 0x00, 0x00, 0x00, 0x00, 0x00, 0x00, 0x00, 0x00, 0x00,
    0x00, 0x00, 0x00, 0x00, 0x00, 0x00, 0x00, 0x00, 0x00, 0x00, 0x00, 0x00, 0x00, 0x00, 0x00, 0x00, 0x00, 0x00, 0x00, 0x00,
    0x00, 0x00, 0x00, 0x00, 0x00, 0x00, 0x00, 0x00, 0x00, 0x00, 0x00, 0x00, 0x00, 0x00, 0x00, 0x00, 0x00, 0x00, 0x00, 0x00,
    0x00, 0x00, 0x00, 0x00, 0x00, 0x00, 0x00, 0x00, 0x00, 0x00, 0x00, 0x00, 0x00, 0x00, 0x00, 0x00, 0x00, 0x00, 0x00, 0x00,
    0x00, 0x00, 0x00, 0x00, 0x00, 0x00, 0x00, 0x00, 0x00, 0x00, 0x00, 0x00, 0x00, 0x00, 0x00, 0x00, 0x00, 0x00, 0x00, 0x00,
    0x00, 0x00, 0x00, 0x00, 0x00, 0x00, 0x00, 0x00, 0x00, 0x00, 0x00, 0x00, 0x00, 0x00, 0x00, 0x00, 0x00, 0x00, 0x00, 0x00,
    0x00, 0x00, 0x00, 0x00, 0x00, 0x00, 0x00, 0x00, 0x00, 0x00, 0x00, 0x00, 0x00, 0x00, 0x00, 0x00, 0x00, 0x00, 0x00, 0x00,
    0x00, 0x00, 0x00, 0x00, 0x00, 0x00, 0x00, 0x00, 0x00, 0x00, 0x00, 0x00, 0x00, 0x00, 0x00, 0x00, 0x00, 0x00, 0x00, 0x00,
    0x00, 0x00, 0x00, 0x00, 0x00, 0x00, 0x00, 0x00, 0x00, 0x00, 0x00, 0x00, 0x00, 0x00, 0x00, 0x00, 0x00, 0x00, 0x00, 0x00,
    0x00, 0x00, 0x00, 0x00, 0x00, 0x00, 0x00, 0x00, 0x00, 0x00, 0x00, 0x00, 0x00, 0x00, 0x00, 0x00, 0x00, 0x00, 0x00, 0x00,
    0x00, 0x00, 0x00, 0x00, 0xa6, 0x31, 0x10, 0x84, 0x18, 0xc6, 0x5d, 0xef, 0xdf, 0xff, 0x9e, 0xf7, 0xbb, 0xd6, 0x35, 0xa5,
    0x6e, 0x6b, 0xc7, 0x39, 0x82, 0x10, 0x00, 0x00, 0x00, 0x00, 0x00, 0x00, 0x00, 0x00, 0x20, 0x00, 0x21, 0x00, 0x41, 0x08,
    0x41, 0x08, 0x41, 0x08, 0x41, 0x08, 0x41, 0x08, 0x41, 0x08, 0x41, 0x08, 0x41, 0x08, 0x41, 0x08, 0x41, 0x08, 0x21, 0x00,
    0x21, 0x00, 0x41, 0x08, 0x41, 0x08, 0x41, 0x08, 0x41, 0x08, 0x41, 0x08, 0x41, 0x08, 0x41, 0x08, 0x41, 0x08, 0x41, 0x08,
    0x41, 0x08, 0x21, 0x00, 0x20, 0x00, 0x00, 0x00, 0x00, 0x00, 0x00, 0x00, 0x00, 0x00, 0x82, 0x10, 0xc7, 0x39, 0x6d, 0x6b,
    0x34, 0xa5, 0x9a, 0xd6, 0x7d, 0xef, 0x9e, 0xf7, 0x3c, 0xe7, 0xf8, 0xbd, 0xef, 0x7b, 0x86, 0x31, 0x00, 0x00, 0x00, 0x00,
    0x00, 0x00, 0x00, 0x00, 0x00, 0x00, 0x00, 0x00, 0x00, 0x00, 0x00, 0x00, 0x00, 0x00, 0x00, 0x00, 0x00, 0x00, 0x00, 0x00,
    0x00, 0x00, 0x00, 0x00, 0x00, 0x00, 0x00, 0x00, 0x00, 0x00, 0x00, 0x00, 0x00, 0x00, 0x00, 0x00, 0x00, 0x00, 0x00, 0x00,
    0x00, 0x00, 0x00, 0x00, 0x00, 0x00, 0x00, 0x00, 0x00, 0x00, 0x00, 0x00, 0x00, 0x00, 0x00, 0x00, 0x00, 0x00, 0x00, 0x00,
    0x00, 0x00, 0x00, 0x00, 0x00, 0x00, 0x00, 0x00, 0x00, 0x00, 0x00, 0x00, 0x00, 0x00, 0x00, 0x00, 0x00, 0x00, 0x00, 0x00,
    0x00, 0x00, 0x00, 0x00, 0x00, 0x00, 0x00, 0x00, 0x00, 0x00, 0x00, 0x00, 0x00, 0x00, 0x00, 0x00, 0x00, 0x00, 0x00, 0x00,
    0x00, 0x00, 0x00, 0x00, 0x00, 0x00, 0x00, 0x00, 0x00, 0x00, 0x00, 0x00, 0x00, 0x00, 0x00, 0x00, 0x00, 0x00, 0x00, 0x00,
    0x00, 0x00, 0x00, 0x00, 0x00, 0x00, 0x00, 0x00, 0x00, 0x00, 0x00, 0x00, 0x00, 0x00, 0x00, 0x00, 0x00, 0x00, 0x00, 0x00,
    0x00, 0x00, 0x00, 0x00, 0x00, 0x00, 0x00, 0x00, 0x00, 0x00, 0x00, 0x00, 0x00, 0x00, 0x00, 0x00, 0x00, 0x00, 0x00, 0x00,
    0x00, 0x00, 0x00, 0x00, 0x00, 0x00, 0x00, 0x00, 0x00, 0x00, 0x00, 0x00, 0x00, 0x00, 0x00, 0x00, 0x00, 0x00, 0x00, 0x00,
    0x00, 0x00, 0x00, 0x00, 0x00, 0x00, 0x00, 0x00, 0x00, 0x00, 0x00, 0x00, 0x00, 0x00, 0x00, 0x00, 0x00, 0x00, 0x00, 0x00,
    0x00, 0x00, 0x00, 0x00, 0x00, 0x00, 0x00, 0x00, 0x00, 0x00, 0x00, 0x00, 0x00, 0x00, 0x00, 0x00, 0x00, 0x00, 0x00, 0x00,
    0x00, 0x00, 0x00, 0x00, 0x00, 0x00, 0x00, 0x00, 0x00, 0x00, 0x00, 0x00, 0x00, 0x00, 0x00, 0x00, 0x00, 0x00, 0x00, 0x00,
    0x00, 0x00, 0x00, 0x00, 0x00, 0x00, 0x00, 0x00, 0x00, 0x00, 0x00, 0x00, 0x00, 0x00, 0x00, 0x00, 0x00, 0x00, 0x00, 0x00,
    0x00, 0x00, 0x00, 0x00, 0x00, 0x00, 0x00, 0x00, 0x00, 0x00, 0x00, 0x00, 0x00, 0x00, 0x00, 0x00, 0x00, 0x00, 0x61, 0x08,
    0x8a, 0x52, 0x34, 0xa5, 0xfc, 0xde, 0xbf, 0xf7, 0xbe, 0xf7, 0xbb, 0xd6, 0x14, 0xa5, 0x0c, 0x63, 0x24, 0x21, 0x00, 0x00,
    0x00, 0x00, 0x00, 0x00, 0x00, 0x00, 0x21, 0x00, 0x41, 0x08, 0x41, 0x08, 0x41, 0x08, 0x21, 0x00, 0x21, 0x00, 0x21, 0x00,
    0x41, 0x08, 0x41, 0x08, 0x41, 0x08, 0x41, 0x08, 0x41, 0x08, 0x41, 0x08, 0x41, 0x08, 0x41, 0x08, 0x21, 0x00, 0x61, 0x08,
    0x61, 0x08, 0x21, 0x00, 0x41, 0x08, 0x41, 0x08, 0x41, 0x08, 0x41, 0x08, 0x41, 0x08, 0x41, 0x08, 0x41, 0x08, 0x41, 0x08,
    0x21, 0x00, 0x21, 0x00, 0x21, 0x00, 0x41, 0x08, 0x41, 0x08, 0x41, 0x08, 0x21, 0x00, 0x00, 0x00, 0x00, 0x00, 0x00, 0x00,
    0x00, 0x00, 0x24, 0x21, 0xeb, 0x5a, 0xf3, 0x9c, 0x9a, 0xd6, 0x5d, 0xef, 0x7d, 0xef, 0xba, 0xd6, 0xf3, 0x9c, 0x69, 0x4a,
    0x61, 0x08, 0x00, 0x00, 0x00, 0x00, 0x00, 0x00, 0x00, 0x00, 0x00, 0x00, 0x00, 0x00, 0x00, 0x00, 0x00, 0x00, 0x00, 0x00,
    0x00, 0x00, 0x00, 0x00, 0x00, 0x00, 0x00, 0x00, 0x00, 0x00, 0x00, 0x00, 0x00, 0x00, 0x00, 0x00, 0x00, 0x00, 0x00, 0x00,
    0x00, 0x00, 0x00, 0x00, 0x00, 0x00, 0x00, 0x00, 0x00, 0x00, 0x00, 0x00, 0x00, 0x00, 0x00, 0x00, 0x00, 0x00, 0x00, 0x00,
    0x00, 0x00, 0x00, 0x00, 0x00, 0x00, 0x00, 0x00, 0x00, 0x00, 0x00, 0x00, 0x00, 0x00, 0x00, 0x00, 0x00, 0x00, 0x00, 0x00,
    0x00, 0x00, 0x00, 0x00, 0x00, 0x00, 0x00, 0x00, 0x00, 0x00, 0x00, 0x00, 0x00, 0x00, 0x00, 0x00, 0x00, 0x00, 0x00, 0x00,
    0x00, 0x00, 0x00, 0x00, 0x00, 0x00, 0x00, 0x00, 0x00, 0x00, 0x00, 0x00, 0x00, 0x00, 0x00, 0x00, 0x00, 0x00, 0x00, 0x00,
    0x00, 0x00, 0x00, 0x00, 0x00, 0x00, 0x00, 0x00, 0x00, 0x00, 0x00, 0x00, 0x00, 0x00, 0x00, 0x00, 0x00, 0x00, 0x00, 0x00,
    0x00, 0x00, 0x00, 0x00, 0x00, 0x00, 0x00, 0x00, 0x00, 0x00, 0x00, 0x00, 0x00, 0x00, 0x00, 0x00, 0x00, 0x00, 0x00, 0x00,
    0x00, 0x00, 0x00, 0x00, 0x00, 0x00, 0x00, 0x00, 0x00, 0x00, 0x00, 0x00, 0x00, 0x00, 0x00, 0x00, 0x00, 0x00, 0x00, 0x00,
    0x00, 0x00, 0x00, 0x00, 0x00, 0x00, 0x00, 0x00, 0x00, 0x00, 0x00, 0x00, 0x00, 0x00, 0x00, 0x00, 0x00, 0x00, 0x00, 0x00,
    0x00, 0x00, 0x00, 0x00, 0x00, 0x00, 0x00, 0x00, 0x00, 0x00, 0x00, 0x00, 0x00, 0x00, 0x00, 0x00, 0x00, 0x00, 0x00, 0x00,
    0x00, 0x00, 0x00, 0x00, 0x00, 0x00, 0x00, 0x00, 0x00, 0x00, 0x00, 0x00, 0x00, 0x00, 0x00, 0x00, 0x00, 0x00, 0x00, 0x00,
    0x00, 0x00, 0x00, 0x00, 0x00, 0x00, 0x00, 0x00, 0x00, 0x00, 0x00, 0x00, 0x00, 0x00, 0x00, 0x00, 0x00, 0x00, 0x00, 0x00,
    0x00, 0x00, 0x00, 0x00, 0x00, 0x00, 0x00, 0x00, 0x00, 0x00, 0x00, 0x00, 0x00, 0x00, 0xa2, 0x10, 0x0c, 0x63, 0xd7, 0xbd,
    0x5d, 0xef, 0xdf, 0xff, 0x5d, 0xef, 0xb7, 0xb5, 0x6e, 0x6b, 0x45, 0x29, 0x00, 0x00, 0x00, 0x00, 0x00, 0x00, 0x20, 0x00,
    0x41, 0x08, 0x41, 0x08, 0x21, 0x00, 0x21, 0x00, 0x21, 0x00, 0x41, 0x08, 0x41, 0x08, 0x41, 0x08, 0x41, 0x08, 0x21, 0x00,
    0x41, 0x08, 0x82, 0x10, 0x21, 0x00, 0x41, 0x08, 0x41, 0x08, 0x41, 0x08, 0x41, 0x08, 0x41, 0x08, 0x21, 0x00, 0x82, 0x10,
    0x82, 0x10, 0x21, 0x00, 0x41, 0x08, 0x41, 0x08, 0x41, 0x08, 0x41, 0x08, 0x41, 0x08, 0x21, 0x00, 0x82, 0x10, 0x41, 0x08,
    0x21, 0x00, 0x41, 0x08, 0x41, 0x08, 0x41, 0x08, 0x41, 0x08, 0x21, 0x00, 0x21, 0x00, 0x21, 0x00, 0x41, 0x08, 0x41, 0x08,
    0x20, 0x00, 0x00, 0x00, 0x00, 0x00, 0x00, 0x00, 0x45, 0x29, 0x4d, 0x6b, 0x76, 0xad, 0xdb, 0xde, 0x5d, 0xef, 0xfb, 0xde,
    0x76, 0xad, 0xeb, 0x5a, 0x82, 0x10, 0x00, 0x00, 0x00, 0x00, 0x00, 0x00, 0x00, 0x00, 0x00, 0x00, 0x00, 0x00, 0x00, 0x00,
    0x00, 0x00, 0x00, 0x00, 0x00, 0x00, 0x00, 0x00, 0x00, 0x00, 0x00, 0x00, 0x00, 0x00, 0x00, 0x00, 0x00, 0x00, 0x00, 0x00,
    0x00, 0x00, 0x00, 0x00, 0x00, 0x00, 0x00, 0x00, 0x00, 0x00, 0x00, 0x00, 0x00, 0x00, 0x00, 0x00, 0x00, 0x00, 0x00, 0x00,
    0x00, 0x00, 0x00, 0x00, 0x00, 0x00, 0x00, 0x00, 0x00, 0x00, 0x00, 0x00, 0x00, 0x00, 0x00, 0x00, 0x00, 0x00, 0x00, 0x00,
    0x00, 0x00, 0x00, 0x00, 0x00, 0x00, 0x00, 0x00, 0x00, 0x00, 0x00, 0x00, 0x00, 0x00, 0x00, 0x00, 0x00, 0x00, 0x00, 0x00,
    0x00, 0x00, 0x00, 0x00, 0x00, 0x00, 0x00, 0x00, 0x00, 0x00, 0x00, 0x00, 0x00, 0x00, 0x00, 0x00, 0x00, 0x00, 0x00, 0x00,
    0x00, 0x00, 0x00, 0x00, 0x00, 0x00, 0x00, 0x00, 0x00, 0x00, 0x00, 0x00, 0x00, 0x00, 0x00, 0x00, 0x00, 0x00, 0x00, 0x00,
    0x00, 0x00, 0x00, 0x00, 0x00, 0x00, 0x00, 0x00, 0x00, 0x00, 0x00, 0x00, 0x00, 0x00, 0x00, 0x00, 0x00, 0x00, 0x00, 0x00,
    0x00, 0x00, 0x00, 0x00, 0x00, 0x00, 0x00, 0x00, 0x00, 0x00, 0x00, 0x00, 0x00, 0x00, 0x00, 0x00, 0x00, 0x00, 0x00, 0x00,
    0x00, 0x00, 0x00, 0x00, 0x00, 0x00, 0x00, 0x00, 0x00, 0x00, 0x00, 0x00, 0x00, 0x00, 0x00, 0x00, 0x00, 0x00, 0x00, 0x00,
    0x00, 0x00, 0x00, 0x00, 0x00, 0x00, 0x00, 0x00, 0x00, 0x00, 0x00, 0x00, 0x00, 0x00, 0x00, 0x00, 0x00, 0x00, 0x00, 0x00,
    0x00, 0x00, 0x00, 0x00, 0x00, 0x00, 0x00, 0x00, 0x00, 0x00, 0x00, 0x00, 0x00, 0x00, 0x00, 0x00, 0x00, 0x00, 0x00, 0x00,
    0x00, 0x00, 0x00, 0x00, 0x00, 0x00, 0x00, 0x00, 0x00, 0x00, 0x00, 0x00, 0x00, 0x00, 0x00, 0x00, 0x00, 0x00, 0x00, 0x00,
    0x00, 0x00, 0x00, 0x00, 0x00, 0x00, 0x00, 0x00, 0x00, 0x00, 0x82, 0x10, 0x2d, 0x63, 0x18, 0xc6, 0x7e, 0xef, 0xbf, 0xf7,
    0xfb, 0xde, 0xd3, 0x9c, 0x49, 0x4a, 0x61, 0x08, 0x00, 0x00, 0x00, 0x00, 0x21, 0x00, 0x41, 0x08, 0x41, 0x08, 0x21, 0x00,
    0x21, 0x00, 0x41, 0x08, 0x41, 0x08, 0x41, 0x08, 0x41, 0x08, 0x41, 0x08, 0x41, 0x08, 0x41, 0x08, 0x41, 0x08, 0x21, 0x00,
    0x41, 0x08, 0xc3, 0x18, 0x21, 0x00, 0x41, 0x08, 0x41, 0x08, 0x41, 0x08, 0x41, 0x08, 0x41, 0x08, 0x21, 0x00, 0x82, 0x10,
    0x82, 0x10, 0x21, 0x00, 0x41, 0x08, 0x41, 0x08, 0x41, 0x08, 0x41, 0x08, 0x41, 0x08, 0x21, 0x00, 0xc3, 0x18, 0x41, 0x08,
    0x21, 0x00, 0x41, 0x08, 0x41, 0x08, 0x41, 0x08, 0x41, 0x08, 0x41, 0x08, 0x41, 0x08, 0x41, 0x08, 0x41, 0x08, 0x21, 0x00,
    0x21, 0x00, 0x41, 0x08, 0x41, 0x08, 0x21, 0x00, 0x00, 0x00, 0x00, 0x00, 0x61, 0x08, 0x28, 0x42, 0x92, 0x94, 0x79, 0xce,
    0x3c, 0xe7, 0xfc, 0xde, 0x96, 0xb5, 0xec, 0x5a, 0x82, 0x10, 0x00, 0x00, 0x00, 0x00, 0x00, 0x00, 0x00, 0x00, 0x00, 0x00,
    0x00, 0x00, 0x00, 0x00, 0x00, 0x00, 0x00, 0x00, 0x00, 0x00, 0x00, 0x00, 0x00, 0x00, 0x00, 0x00, 0x00, 0x00, 0x00, 0x00,
    0x00, 0x00, 0x00, 0x00, 0x00, 0x00, 0x00, 0x00, 0x00, 0x00, 0x00, 0x00, 0x00, 0x00, 0x00, 0x00, 0x00, 0x00, 0x00, 0x00,
    0x00, 0x00, 0x00, 0x00, 0x00, 0x00, 0x00, 0x00, 0x00, 0x00, 0x00, 0x00, 0x00, 0x00, 0x00, 0x00, 0x00, 0x00, 0x00, 0x00,
    0x00, 0x00, 0x00, 0x00, 0x00, 0x00, 0x00, 0x00, 0x00, 0x00, 0x00, 0x00, 0x00, 0x00, 0x00, 0x00, 0x00, 0x00, 0x00, 0x00,
    0x00, 0x00, 0x00, 0x00, 0x00, 0x00, 0x00, 0x00, 0x00, 0x00, 0x00, 0x00, 0x00, 0x00, 0x00, 0x00, 0x00, 0x00, 0x00, 0x00,
    0x00, 0x00, 0x00, 0x00, 0x00, 0x00, 0x00, 0x00, 0x00, 0x00, 0x00, 0x00, 0x00, 0x00, 0x00, 0x00, 0x00, 0x00, 0x00, 0x00,
    0x00, 0x00, 0x00, 0x00, 0x00, 0x00, 0x00, 0x00, 0x00, 0x00, 0x00, 0x00, 0x00, 0x00, 0x00, 0x00, 0x00, 0x00, 0x00, 0x00,
    0x00, 0x00, 0x00, 0x00, 0x00, 0x00, 0x00, 0x00, 0x00, 0x00, 0x00, 0x00, 0x00, 0x00, 0x00, 0x00, 0x00, 0x00, 0x00, 0x00,
    0x00, 0x00, 0x00, 0x00, 0x00, 0x00, 0x00, 0x00, 0x00, 0x00, 0x00, 0x00, 0x00, 0x00, 0x00, 0x00, 0x00, 0x00, 0x00, 0x00,
    0x00, 0x00, 0x00, 0x00, 0x00, 0x00, 0x00, 0x00, 0x00, 0x00, 0x00, 0x00, 0x00, 0x00, 0x00, 0x00, 0x00, 0x00, 0x00, 0x00,
    0x00, 0x00, 0x00, 0x00, 0x00, 0x00, 0x00, 0x00, 0x00, 0x00, 0x00, 0x00, 0x00, 0x00, 0x00, 0x00, 0x00, 0x00, 0x00, 0x00,
    0x00, 0x00, 0x00, 0x00, 0x00, 0x00, 0x00, 0x00, 0x00, 0x00, 0x00, 0x00, 0x00, 0x00, 0x00, 0x00, 0x00, 0x00, 0x00, 0x00,
    0x00, 0x00, 0x00, 0x00, 0x00, 0x00, 0x41, 0x08, 0xcb, 0x5a, 0xf8, 0xbd, 0x7e, 0xef, 0xbf, 0xf7, 0xbb, 0xd6, 0x51, 0x8c,
    0x86, 0x31, 0x00, 0x00, 0x00, 0x00, 0x20, 0x00, 0x41, 0x08, 0x41, 0x08, 0x21, 0x00, 0x21, 0x00, 0x41, 0x08, 0x41, 0x08,
    0x41, 0x08, 0x21, 0x00, 0xa3, 0x10, 0x61, 0x08, 0x21, 0x00, 0x41, 0x08, 0x41, 0x08, 0x41, 0x08, 0x41, 0x08, 0x41, 0x08,
    0x41, 0x08, 0xc3, 0x18, 0x41, 0x08, 0x41, 0x08, 0x41, 0x08, 0x41, 0x08, 0x41, 0x08, 0x41, 0x08, 0x21, 0x00, 0x82, 0x10,
    0x82, 0x10, 0x21, 0x00, 0x41, 0x08, 0x41, 0x08, 0x41, 0x08, 0x41, 0x08, 0x41, 0x08, 0x41, 0x08, 0xc3, 0x18, 0x41, 0x08,
    0x41, 0x08, 0x41, 0x08, 0x41, 0x08, 0x41, 0x08, 0x41, 0x08, 0x21, 0x00, 0x61, 0x08, 0xa3, 0x10, 0x21, 0x00, 0x41, 0x08,
    0x41, 0x08, 0x41, 0x08, 0x21, 0x00, 0x21, 0x00, 0x41, 0x08, 0x41, 0x08, 0x20, 0x00, 0x00, 0x00, 0x00, 0x00, 0x66, 0x29,
    0x10, 0x84, 0x38, 0xc6, 0xfc, 0xde, 0xdb, 0xde, 0x75, 0xad, 0x8a, 0x52, 0x20, 0x00, 0x00, 0x00, 0x00, 0x00, 0x00, 0x00,
    0x00, 0x00, 0x00, 0x00, 0x00, 0x00, 0x00, 0x00, 0x00, 0x00, 0x00, 0x00, 0x00, 0x00, 0x00, 0x00, 0x00, 0x00, 0x00, 0x00,
    0x00, 0x00, 0x00, 0x00, 0x00, 0x00, 0x00, 0x00, 0x00, 0x00, 0x00, 0x00, 0x00, 0x00, 0x00, 0x00, 0x00, 0x00, 0x00, 0x00,
    0x00, 0x00, 0x00, 0x00, 0x00, 0x00, 0x00, 0x00, 0x00, 0x00, 0x00, 0x00, 0x00, 0x00, 0x00, 0x00, 0x00, 0x00, 0x00, 0x00,
    0x00, 0x00, 0x00, 0x00, 0x00, 0x00, 0x00, 0x00, 0x00, 0x00, 0x00, 0x00, 0x00, 0x00, 0x00, 0x00, 0x00, 0x00, 0x00, 0x00,
    0x00, 0x00, 0x00, 0x00, 0x00, 0x00, 0x00, 0x00, 0x00, 0x00, 0x00, 0x00, 0x00, 0x00, 0x00, 0x00, 0x00, 0x00, 0x00, 0x00,
    0x00, 0x00, 0x00, 0x00, 0x00, 0x00, 0x00, 0x00, 0x00, 0x00, 0x00, 0x00, 0x00, 0x00, 0x00, 0x00, 0x00, 0x00, 0x00, 0x00,
    0x00, 0x00, 0x00, 0x00, 0x00, 0x00, 0x00, 0x00, 0x00, 0x00, 0x00, 0x00, 0x00, 0x00, 0x00, 0x00, 0x00, 0x00, 0x00, 0x00,
    0x00, 0x00, 0x00, 0x00, 0x00, 0x00, 0x00, 0x00, 0x00, 0x00, 0x00, 0x00, 0x00, 0x00, 0x00, 0x00, 0x00, 0x00, 0x00, 0x00,
    0x00, 0x00, 0x00, 0x00, 0x00, 0x00, 0x00, 0x00, 0x00, 0x00, 0x00, 0x00, 0x00, 0x00, 0x00, 0x00, 0x00, 0x00, 0x00, 0x00,
    0x00, 0x00, 0x00, 0x00, 0x00, 0x00, 0x00, 0x00, 0x00, 0x00, 0x00, 0x00, 0x00, 0x00, 0x00, 0x00, 0x00, 0x00, 0x00, 0x00,
    0x00, 0x00, 0x00, 0x00, 0x00, 0x00, 0x00, 0x00, 0x00, 0x00, 0x00, 0x00, 0x00, 0x00, 0x00, 0x00, 0x00, 0x00, 0x00, 0x00,
    0x00, 0x00, 0x00, 0x00, 0x00, 0x00, 0x00, 0x00, 0x00, 0x00, 0x00, 0x00, 0x00, 0x00, 0x00, 0x00, 0x00, 0x00, 0x00, 0x00,
    0x00, 0x00, 0x00, 0x00, 0x08, 0x42, 0x75, 0xad, 0x5d, 0xef, 0xbf, 0xf7, 0xdb, 0xde, 0x51, 0x8c, 0x45, 0x29, 0x00, 0x00,
    0x00, 0x00, 0x21, 0x00, 0x41, 0x08, 0x21, 0x00, 0x21, 0x00, 0x41, 0x08, 0x41, 0x08, 0x41, 0x08, 0x41, 0x08, 0x41, 0x08,
    0x41, 0x08, 0x21, 0x00, 0x82, 0x10, 0x82, 0x10, 0x21, 0x00, 0x41, 0x08, 0x41, 0x08, 0x41, 0x08, 0x41, 0x08, 0x41, 0x08,
    0x41, 0x08, 0xc3, 0x18, 0x61, 0x08, 0x41, 0x08, 0x41, 0x08, 0x41, 0x08, 0x41, 0x08, 0x41, 0x08, 0x21, 0x00, 0x82, 0x10,
    0x82, 0x10, 0x21, 0x00, 0x41, 0x08, 0x41, 0x08, 0x41, 0x08, 0x41, 0x08, 0x41, 0x08, 0x61, 0x08, 0xc3, 0x18, 0x41, 0x08,
    0x41, 0x08, 0x41, 0x08, 0x41, 0x08, 0x41, 0x08, 0x41, 0x08, 0x21, 0x00, 0x82, 0x10, 0x82, 0x10, 0x21, 0x00, 0x41, 0x08,
    0x41, 0x08, 0x41, 0x08, 0x41, 0x08, 0x41, 0x08, 0x41, 0x08, 0x21, 0x00, 0x21, 0x00, 0x41, 0x08, 0x21, 0x00, 0x00, 0x00,
    0x00, 0x00, 0x25, 0x21, 0xef, 0x7b, 0x18, 0xc6, 0xfb, 0xde, 0x9a, 0xd6, 0xd3, 0x9c, 0xc7, 0x39, 0x00, 0x00, 0x00, 0x00,
    0x00, 0x00, 0x00, 0x00, 0x00, 0x00, 0x00, 0x00, 0x00, 0x00, 0x00, 0x00, 0x00, 0x00, 0x00, 0x00, 0x00, 0x00, 0x00, 0x00,
    0x00, 0x00, 0x00, 0x00, 0x00, 0x00, 0x00, 0x00, 0x00, 0x00, 0x00, 0x00, 0x00, 0x00, 0x00, 0x00, 0x00, 0x00, 0x00, 0x00,
    0x00, 0x00, 0x00, 0x00, 0x00, 0x00, 0x00, 0x00, 0x00, 0x00, 0x00, 0x00, 0x00, 0x00, 0x00, 0x00, 0x00, 0x00, 0x00, 0x00,
    0x00, 0x00, 0x00, 0x00, 0x00, 0x00, 0x00, 0x00, 0x00, 0x00, 0x00, 0x00, 0x00, 0x00, 0x00, 0x00, 0x00, 0x00, 0x00, 0x00,
    0x00, 0x00, 0x00, 0x00, 0x00, 0x00, 0x00, 0x00, 0x00, 0x00, 0x00, 0x00, 0x00, 0x00, 0x00, 0x00, 0x00, 0x00, 0x00, 0x00,
    0x00, 0x00, 0x00, 0x00, 0x00, 0x00, 0x00, 0x00, 0x00, 0x00, 0x00, 0x00, 0x00, 0x00, 0x00, 0x00, 0x00, 0x00, 0x00, 0x00,
    0x00, 0x00, 0x00, 0x00, 0x00, 0x00, 0x00, 0x00, 0x00, 0x00, 0x00, 0x00, 0x00, 0x00, 0x00, 0x00, 0x00, 0x00, 0x00, 0x00,
    0x00, 0x00, 0x00, 0x00, 0x00, 0x00, 0x00, 0x00, 0x00, 0x00, 0x00, 0x00, 0x00, 0x00, 0x00, 0x00, 0x00, 0x00, 0x00, 0x00,
    0x00, 0x00, 0x00, 0x00, 0x00, 0x00, 0x00, 0x00, 0x00, 0x00, 0x00, 0x00, 0x00, 0x00, 0x00, 0x00, 0x00, 0x00, 0x00, 0x00,
    0x00, 0x00, 0x00, 0x00, 0x00, 0x00, 0x00, 0x00, 0x00, 0x00, 0x00, 0x00, 0x00, 0x00, 0x00, 0x00, 0x00, 0x00, 0x00, 0x00,
    0x00, 0x00, 0x00, 0x00, 0x00, 0x00, 0x00, 0x00, 0x00, 0x00, 0x00, 0x00, 0x00, 0x00, 0x00, 0x00, 0x00, 0x00, 0x00, 0x00,
    0x00, 0x00, 0x00, 0x00, 0x00, 0x00, 0x00, 0x00, 0x00, 0x00, 0x00, 0x00, 0x00, 0x00, 0x00, 0x00, 0x00, 0x00, 0x00, 0x00,
    0xe3, 0x18, 0x51, 0x8c, 0x1c, 0xe7, 0xbf, 0xf7, 0x1c, 0xe7, 0xb2, 0x94, 0x66, 0x29, 0x00, 0x00, 0x00, 0x00, 0x41, 0x08,
    0x41, 0x08, 0x21, 0x00, 0x21, 0x00, 0x41, 0x08, 0x61, 0x08, 0x21, 0x00, 0x41, 0x08, 0x41, 0x08, 0x41, 0x08, 0x41, 0x08,
    0x41, 0x08, 0x41, 0x08, 0x61, 0x08, 0xa3, 0x10, 0x21, 0x00, 0x41, 0x08, 0x41, 0x08, 0x41, 0x08, 0x41, 0x08, 0x41, 0x08,
    0x41, 0x08, 0xa3, 0x10, 0x62, 0x08, 0x41, 0x08, 0x41, 0x08, 0x41, 0x08, 0x41, 0x08, 0x41, 0x08, 0x41, 0x08, 0x62, 0x08,
    0x62, 0x08, 0x41, 0x08, 0x41, 0x08, 0x41, 0x08, 0x41, 0x08, 0x41, 0x08, 0x41, 0x08, 0x62, 0x08, 0xa3, 0x10, 0x41, 0x08,
    0x41, 0x08, 0x41, 0x08, 0x41, 0x08, 0x41, 0x08, 0x41, 0x08, 0x21, 0x00, 0xa3, 0x10, 0x61, 0x08, 0x41, 0x08, 0x41, 0x08,
    0x41, 0x08, 0x41, 0x08, 0x41, 0x08, 0x41, 0x08, 0x21, 0x00, 0x61, 0x08, 0x41, 0x08, 0x21, 0x00, 0x21, 0x00, 0x41, 0x08,
    0x41, 0x08, 0x00, 0x00, 0x00, 0x00, 0x45, 0x29, 0x30, 0x84, 0x39, 0xc6, 0xdb, 0xde, 0x39, 0xc6, 0xcf, 0x7b, 0xc3, 0x18,
    0x00, 0x00, 0x00, 0x00, 0x00, 0x00, 0x00, 0x00, 0x00, 0x00, 0x00, 0x00, 0x00, 0x00, 0x00, 0x00, 0x00, 0x00, 0x00, 0x00,
    0x00, 0x00, 0x00, 0x00, 0x00, 0x00, 0x00, 0x00, 0x00, 0x00, 0x00, 0x00, 0x00, 0x00, 0x00, 0x00, 0x00, 0x00, 0x00, 0x00,
    0x00, 0x00, 0x00, 0x00, 0x00, 0x00, 0x00, 0x00, 0x00, 0x00, 0x00, 0x00, 0x00, 0x00, 0x00, 0x00, 0x00, 0x00, 0x00, 0x00,
    0x00, 0x00, 0x00, 0x00, 0x00, 0x00, 0x00, 0x00, 0x00, 0x00, 0x00, 0x00, 0x00, 0x00, 0x00, 0x00, 0x00, 0x00, 0x00, 0x00,
    0x00, 0x00, 0x00, 0x00, 0x00, 0x00, 0x00, 0x00, 0x00, 0x00, 0x00, 0x00, 0x00, 0x00, 0x00, 0x00, 0x00, 0x00, 0x00, 0x00,
    0x00, 0x00, 0x00, 0x00, 0x00, 0x00, 0x00, 0x00, 0x00, 0x00, 0x00, 0x00, 0x00, 0x00, 0x00, 0x00, 0x00, 0x00, 0x00, 0x00,
    0x00, 0x00, 0x00, 0x00, 0x00, 0x00, 0x00, 0x00, 0x00, 0x00, 0x00, 0x00, 0x00, 0x00, 0x00, 0x00, 0x00, 0x00, 0x00, 0x00,
    0x00, 0x00, 0x00, 0x00, 0x00, 0x00, 0x00, 0x00, 0x00, 0x00, 0x00, 0x00, 0x00, 0x00, 0x00, 0x00, 0x00, 0x00, 0x00, 0x00,
    0x00, 0x00, 0x00, 0x00, 0x00, 0x00, 0x00, 0x00, 0x00, 0x00, 0x00, 0x00, 0x00, 0x00, 0x00, 0x00, 0x00, 0x00, 0x00, 0x00,
    0x00, 0x00, 0x00, 0x00, 0x00, 0x00, 0x00, 0x00, 0x00, 0x00, 0x00, 0x00, 0x00, 0x00, 0x00, 0x00, 0x00, 0x00, 0x00, 0x00,
    0x00, 0x00, 0x00, 0x00, 0x00, 0x00, 0x00, 0x00, 0x00, 0x00, 0x00, 0x00, 0x00, 0x00, 0x00, 0x00, 0x00, 0x00, 0x00, 0x00,
    0x00, 0x00, 0x00, 0x00, 0x00, 0x00, 0x00, 0x00, 0x00, 0x00, 0x00, 0x00, 0x00, 0x00, 0x00, 0x00, 0x00, 0x00, 0xab, 0x52,
    0x39, 0xc6, 0x9e, 0xf7, 0x7d, 0xef, 0x76, 0xad, 0x08, 0x42, 0x00, 0x00, 0x00, 0x00, 0x41, 0x08, 0x41, 0x08, 0x21, 0x00,
    0x41, 0x08, 0x41, 0x08, 0x41, 0x08, 0x41, 0x08, 0xc3, 0x18, 0x41, 0x08, 0x41, 0x08, 0x41, 0x08, 0x41, 0x08, 0x41, 0x08,
    0x41, 0x08, 0x41, 0x08, 0x41, 0x08, 0xc3, 0x18, 0x41, 0x08, 0x41, 0x08, 0x41, 0x08, 0x41, 0x08, 0x41, 0x08, 0x41, 0x08,
    0x41, 0x08, 0x41, 0x08, 0x41, 0x08, 0x41, 0x08, 0x41, 0x08, 0x41, 0x08, 0x41, 0x08, 0x41, 0x08, 0x41, 0x08, 0x41, 0x08,
    0x41, 0x08, 0x41, 0x08, 0x41, 0x08, 0x41, 0x08, 0x41, 0x08, 0x41, 0x08, 0x41, 0x08, 0x41, 0x08, 0x41, 0x08, 0x41, 0x08,
    0x41, 0x08, 0x41, 0x08, 0x41, 0x08, 0x41, 0x08, 0x41, 0x08, 0x41, 0x08, 0xc3, 0x18, 0x41, 0x08, 0x41, 0x08, 0x41, 0x08,
    0x41, 0x08, 0x41, 0x08, 0x41, 0x08, 0x41, 0x08, 0x41, 0x08, 0xc3, 0x18, 0x41, 0x08, 0x41, 0x08, 0x41, 0x08, 0x41, 0x08,
    0x21, 0x00, 0x41, 0x08, 0x41, 0x08, 0x00, 0x00, 0x00, 0x00, 0xc7, 0x39, 0xd3, 0x9c, 0x7a, 0xce, 0x9a, 0xd6, 0x76, 0xad,
    0x69, 0x4a, 0x00, 0x00, 0x00, 0x00, 0x00, 0x00, 0x00, 0x00, 0x00, 0x00, 0x00, 0x00, 0x00, 0x00, 0x00, 0x00, 0x00, 0x00,
    0x00, 0x00, 0x00, 0x00, 0x00, 0x00, 0x00, 0x00, 0x00, 0x00, 0x00, 0x00, 0x00, 0x00, 0x00, 0x00, 0x00, 0x00, 0x00, 0x00,
    0x00, 0x00, 0x00, 0x00, 0x00, 0x00, 0x00, 0x00, 0x00, 0x00, 0x00, 0x00, 0x00, 0x00, 0x00, 0x00, 0x00, 0x00, 0x00, 0x00,
    0x00, 0x00, 0x00, 0x00, 0x00, 0x00, 0x00, 0x00, 0x00, 0x00, 0x00, 0x00, 0x00, 0x00, 0x00, 0x00, 0x00, 0x00, 0x00, 0x00,
    0x00, 0x00, 0x00, 0x00, 0x00, 0x00, 0x00, 0x00, 0x00, 0x00, 0x00, 0x00, 0x00, 0x00, 0x00, 0x00, 0x00, 0x00, 0x00, 0x00,
    0x00, 0x00, 0x00, 0x00, 0x00, 0x00, 0x00, 0x00, 0x00, 0x00, 0x00, 0x00, 0x00, 0x00, 0x00, 0x00, 0x00, 0x00, 0x00, 0x00,
    0x00, 0x00, 0x00, 0x00, 0x00, 0x00, 0x00, 0x00, 0x00, 0x00, 0x00, 0x00, 0x00, 0x00, 0x00, 0x00, 0x00, 0x00, 0x00, 0x00,
    0x00, 0x00, 0x00, 0x00, 0x00, 0x00, 0x00, 0x00, 0x00, 0x00, 0x00, 0x00, 0x00, 0x00, 0x00, 0x00, 0x00, 0x00, 0x00, 0x00,
    0x00, 0x00, 0x00, 0x00, 0x00, 0x00, 0x00, 0x00, 0x00, 0x00, 0x00, 0x00, 0x00, 0x00, 0x00, 0x00, 0x00, 0x00, 0x00, 0x00,
    0x00, 0x00, 0x00, 0x00, 0x00, 0x00, 0x00, 0x00, 0x00, 0x00, 0x00, 0x00, 0x00, 0x00, 0x00, 0x00, 0x00, 0x00, 0x00, 0x00,
    0x00, 0x00, 0x00, 0x00, 0x00, 0x00, 0x00, 0x00, 0x00, 0x00, 0x00, 0x00, 0x00, 0x00, 0x00, 0x00, 0x00, 0x00, 0x00, 0x00,
    0x00, 0x00, 0x00, 0x00, 0x00, 0x00, 0x00, 0x00, 0x00, 0x00, 0x00, 0x00, 0x00, 0x00, 0xe3, 0x18, 0xb2, 0x94, 0x3d, 0xe7,
    0x9e, 0xf7, 0x7a, 0xce, 0x2d, 0x63, 0x41, 0x08, 0x00, 0x00, 0x21, 0x00, 0x41, 0x08, 0x21, 0x00, 0x41, 0x08, 0x41, 0x08,
    0x41, 0x08, 0x41, 0x08, 0x41, 0x08, 0x21, 0x00, 0xa2, 0x10, 0x82, 0x10, 0x21, 0x00, 0x41, 0x08, 0x41, 0x08, 0x41, 0x08,
    0x41, 0x08, 0x41, 0x08, 0x41, 0x08, 0x82, 0x10, 0x61, 0x08, 0x41, 0x08, 0x41, 0x08, 0x41, 0x08, 0x41, 0x08, 0x41, 0x08,
    0x41, 0x08, 0x41, 0x08, 0x41, 0x08, 0x41, 0x08, 0x41, 0x08, 0x41, 0x08, 0x41, 0x08, 0x41, 0x08, 0x41, 0x08, 0x41, 0x08,
    0x41, 0x08, 0x41, 0x08, 0x41, 0x08, 0x41, 0x08, 0x41, 0x08, 0x41, 0x08, 0x41, 0x08, 0x41, 0x08, 0x41, 0x08, 0x41, 0x08,
    0x41, 0x08, 0x41, 0x08, 0x41, 0x08, 0x41, 0x08, 0x41, 0x08, 0x61, 0x08, 0x82, 0x10, 0x41, 0x08, 0x41, 0x08, 0x41, 0x08,
    0x41, 0x08, 0x41, 0x08, 0x41, 0x08, 0x21, 0x00, 0x82, 0x10, 0xa2, 0x10, 0x21, 0x00, 0x41, 0x08, 0x41, 0x08, 0x41, 0x08,
    0x41, 0x08, 0x41, 0x08, 0x21, 0x00, 0x41, 0x08, 0x21, 0x00, 0x00, 0x00, 0x41, 0x08, 0xcb, 0x5a, 0x96, 0xb5, 0x9a, 0xd6,
    0x39, 0xc6, 0x10, 0x84, 0xc3, 0x18, 0x00, 0x00, 0x00, 0x00, 0x00, 0x00, 0x00, 0x00, 0x00, 0x00, 0x00, 0x00, 0x00, 0x00,
    0x00, 0x00, 0x00, 0x00, 0x00, 0x00, 0x00, 0x00, 0x00, 0x00, 0x00, 0x00, 0x00, 0x00, 0x00, 0x00, 0x00, 0x00, 0x00, 0x00,
    0x00, 0x00, 0x00, 0x00, 0x00, 0x00, 0x00, 0x00, 0x00, 0x00, 0x00, 0x00, 0x00, 0x00, 0x00, 0x00, 0x00, 0x00, 0x00, 0x00,
    0x00, 0x00, 0x00, 0x00, 0x00, 0x00, 0x00, 0x00, 0x00, 0x00, 0x00, 0x00, 0x00, 0x00, 0x00, 0x00, 0x00, 0x00, 0x00, 0x00,
    0x00, 0x00, 0x00, 0x00, 0x00, 0x00, 0x00, 0x00, 0x00, 0x00, 0x00, 0x00, 0x00, 0x00, 0x00, 0x00, 0x00, 0x00, 0x00, 0x00,
    0x00, 0x00, 0x00, 0x00, 0x00, 0x00, 0x00, 0x00, 0x00, 0x00, 0x00, 0x00, 0x00, 0x00, 0x00, 0x00, 0x00, 0x00, 0x00, 0x00,
    0x00, 0x00, 0x00, 0x00, 0x00, 0x00, 0x00, 0x00, 0x00, 0x00, 0x00, 0x00, 0x00, 0x00, 0x00, 0x00, 0x00, 0x00, 0x00, 0x00,
    0x00, 0x00, 0x00, 0x00, 0x00, 0x00, 0x00, 0x00, 0x00, 0x00, 0x00, 0x00, 0x00, 0x00, 0x00, 0x00, 0x00, 0x00, 0x00, 0x00,
    0x00, 0x00, 0x00, 0x00, 0x00, 0x00, 0x00, 0x00, 0x00, 0x00, 0x00, 0x00, 0x00, 0x00, 0x00, 0x00, 0x00, 0x00, 0x00, 0x00,
    0x00, 0x00, 0x00, 0x00, 0x00, 0x00, 0x00, 0x00, 0x00, 0x00, 0x00, 0x00, 0x00, 0x00, 0x00, 0x00, 0x00, 0x00, 0x00, 0x00,
    0x00, 0x00, 0x00, 0x00, 0x00, 0x00, 0x00, 0x00, 0x00, 0x00, 0x00, 0x00, 0x00, 0x00, 0x00, 0x00, 0x00, 0x00, 0x00, 0x00,
    0x00, 0x00, 0x00, 0x00, 0x00, 0x00, 0x00, 0x00, 0x00, 0x00, 0x00, 0x00, 0x29, 0x42, 0x38, 0xc6, 0x9e, 0xf7, 0x5d, 0xef,
    0xd3, 0x9c, 0x24, 0x21, 0x00, 0x00, 0x20, 0x00, 0x41, 0x08, 0x21, 0x00, 0x21, 0x00, 0x41, 0x08, 0x41, 0x08, 0x41, 0x08,
    0x41, 0x08, 0x41, 0x08, 0x41, 0x08, 0x41, 0x08, 0x61, 0x08, 0xc3, 0x18, 0x41, 0x08, 0x41, 0x08, 0x41, 0x08, 0x41, 0x08,
    0x41, 0x08, 0x41, 0x08, 0x41, 0x08, 0x41, 0x08, 0x41, 0x08, 0x41, 0x08, 0x41, 0x08, 0x41, 0x08, 0x41, 0x08, 0x41, 0x08,
    0x41, 0x08, 0x41, 0x08, 0x41, 0x08, 0x41, 0x08, 0x41, 0x08, 0x41, 0x08, 0x41, 0x08, 0x41, 0x08, 0x41, 0x08, 0x41, 0x08,
    0x41, 0x08, 0x41, 0x08, 0x41, 0x08, 0x41, 0x08, 0x41, 0x08, 0x41, 0x08, 0x41, 0x08, 0x41, 0x08, 0x41, 0x08, 0x41, 0x08,
    0x41, 0x08, 0x41, 0x08, 0x41, 0x08, 0x41, 0x08, 0x41, 0x08, 0x41, 0x08, 0x41, 0x08, 0x41, 0x08, 0x41, 0x08, 0x41, 0x08,
    0x41, 0x08, 0x41, 0x08, 0x41, 0x08, 0x41, 0x08, 0xc3, 0x18, 0x61, 0x08, 0x41, 0x08, 0x41, 0x08, 0x41, 0x08, 0x41, 0x08,
    0x41, 0x08, 0x41, 0x08, 0x41, 0x08, 0x21, 0x00, 0x21, 0x00, 0x41, 0x08, 0x20, 0x00, 0x00, 0x00, 0x04, 0x21, 0x31, 0x84,
    0x39, 0xc6, 0x7a, 0xce, 0x35, 0xa5, 0xe7, 0x39, 0x00, 0x00, 0x00, 0x00, 0x00, 0x00, 0x00, 0x00, 0x00, 0x00, 0x00, 0x00,
    0x00, 0x00, 0x00, 0x00, 0x00, 0x00, 0x00, 0x00, 0x00, 0x00, 0x00, 0x00, 0x00, 0x00, 0x00, 0x00, 0x00, 0x00, 0x00, 0x00,
    0x00, 0x00, 0x00, 0x00, 0x00, 0x00, 0x00, 0x00, 0x00, 0x00, 0x00, 0x00, 0x00, 0x00, 0x00, 0x00, 0x00, 0x00, 0x00, 0x00,
    0x00, 0x00, 0x00, 0x00, 0x00, 0x00, 0x00, 0x00, 0x00, 0x00, 0x00, 0x00, 0x00, 0x00, 0x00, 0x00, 0x00, 0x00, 0x00, 0x00,
    0x00, 0x00, 0x00, 0x00, 0x00, 0x00, 0x00, 0x00, 0x00, 0x00, 0x00, 0x00, 0x00, 0x00, 0x00, 0x00, 0x00, 0x00, 0x00, 0x00,
    0x00, 0x00, 0x00, 0x00, 0x00, 0x00, 0x00, 0x00, 0x00, 0x00, 0x00, 0x00, 0x00, 0x00, 0x00, 0x00, 0x00, 0x00, 0x00, 0x00,
    0x00, 0x00, 0x00, 0x00, 0x00, 0x00, 0x00, 0x00, 0x00, 0x00, 0x00, 0x00, 0x00, 0x00, 0x00, 0x00, 0x00, 0x00, 0x00, 0x00,
    0x00, 0x00, 0x00, 0x00, 0x00, 0x00, 0x00, 0x00, 0x00, 0x00, 0x00, 0x00, 0x00, 0x00, 0x00, 0x00, 0x00, 0x00, 0x00, 0x00,
    0x00, 0x00, 0x00, 0x00, 0x00, 0x00, 0x00, 0x00, 0x00, 0x00, 0x00, 0x00, 0x00, 0x00, 0x00, 0x00, 0x00, 0x00, 0x00, 0x00,
    0x00, 0x00, 0x00, 0x00, 0x00, 0x00, 0x00, 0x00, 0x00, 0x00, 0x00, 0x00, 0x00, 0x00, 0x00, 0x00, 0x00, 0x00, 0x00, 0x00,
    0x00, 0x00, 0x00, 0x00, 0x00, 0x00, 0x00, 0x00, 0x00, 0x00, 0x00, 0x00, 0x00, 0x00, 0x00, 0x00, 0x00, 0x00, 0x00, 0x00,
    0x00, 0x00, 0x00, 0x00, 0x00, 0x00, 0x00, 0x00, 0x20, 0x00, 0xae, 0x73, 0x1c, 0xe7, 0x9e, 0xf7, 0x9a, 0xd6, 0xec, 0x5a,
    0x00, 0x00, 0x00, 0x00, 0x41, 0x08, 0x21, 0x00, 0x21, 0x00, 0x41, 0x08, 0x62, 0x08, 0x21, 0x00, 0x41, 0x08, 0x41, 0x08,
    0x41, 0x08, 0x41, 0x08, 0x41, 0x08, 0x41, 0x08, 0x21, 0x00, 0xa3, 0x10, 0x62, 0x08, 0x41, 0x08, 0x41, 0x08, 0x41, 0x08,
    0x41, 0x08, 0x41, 0x08, 0x41, 0x08, 0x41, 0x08, 0x41, 0x08, 0x41, 0x08, 0x41, 0x08, 0x41, 0x08, 0x41, 0x08, 0x41, 0x08,
    0x41, 0x08, 0x41, 0x08, 0x41, 0x08, 0x41, 0x08, 0x41, 0x08, 0x41, 0x08, 0x41, 0x08, 0x41, 0x08, 0x41, 0x08, 0x41, 0x08,
    0x41, 0x08, 0x41, 0x08, 0x41, 0x08, 0x41, 0x08, 0x41, 0x08, 0x41, 0x08, 0x41, 0x08, 0x41, 0x08, 0x41, 0x08, 0x41, 0x08,
    0x41, 0x08, 0x41, 0x08, 0x41, 0x08, 0x41, 0x08, 0x41, 0x08, 0x41, 0x08, 0x41, 0x08, 0x41, 0x08, 0x41, 0x08, 0x41, 0x08,
    0x41, 0x08, 0x41, 0x08, 0x41, 0x08, 0x62, 0x08, 0xa3, 0x10, 0x21, 0x00, 0x41, 0x08, 0x41, 0x08, 0x41, 0x08, 0x41, 0x08,
    0x41, 0x08, 0x41, 0x08, 0x21, 0x00, 0x62, 0x08, 0x41, 0x08, 0x21, 0x00, 0x21, 0x00, 0x41, 0x08, 0x00, 0x00, 0x00, 0x00,
    0x8a, 0x52, 0x96, 0xb5, 0x59, 0xce, 0xd7, 0xbd, 0x0c, 0x63, 0x20, 0x00, 0x00, 0x00, 0x00, 0x00, 0x00, 0x00, 0x00, 0x00,
    0x00, 0x00, 0x00, 0x00, 0x00, 0x00, 0x00, 0x00, 0x00, 0x00, 0x00, 0x00, 0x00, 0x00, 0x00, 0x00, 0x00, 0x00, 0x00, 0x00,
    0x00, 0x00, 0x00, 0x00, 0x00, 0x00, 0x00, 0x00, 0x00, 0x00, 0x00, 0x00, 0x00, 0x00, 0x00, 0x00, 0x00, 0x00, 0x00, 0x00,
    0x00, 0x00, 0x00, 0x00, 0x00, 0x00, 0x00, 0x00, 0x00, 0x00, 0x00, 0x00, 0x00, 0x00, 0x00, 0x00, 0x00, 0x00, 0x00, 0x00,
    0x00, 0x00, 0x00, 0x00, 0x00, 0x00, 0x00, 0x00, 0x00, 0x00, 0x00, 0x00, 0x00, 0x00, 0x00, 0x00, 0x00, 0x00, 0x00, 0x00,
    0x00, 0x00, 0x00, 0x00, 0x00, 0x00, 0x00, 0x00, 0x00, 0x00, 0x00, 0x00, 0x00, 0x00, 0x00, 0x00, 0x00, 0x00, 0x00, 0x00,
    0x00, 0x00, 0x00, 0x00, 0x00, 0x00, 0x00, 0x00, 0x00, 0x00, 0x00, 0x00, 0x00, 0x00, 0x00, 0x00, 0x00, 0x00, 0x00, 0x00,
    0x00, 0x00, 0x00, 0x00, 0x00, 0x00, 0x00, 0x00, 0x00, 0x00, 0x00, 0x00, 0x00, 0x00, 0x00, 0x00, 0x00, 0x00, 0x00, 0x00,
    0x00, 0x00, 0x00, 0x00, 0x00, 0x00, 0x00, 0x00, 0x00, 0x00, 0x00, 0x00, 0x00, 0x00, 0x00, 0x00, 0x00, 0x00, 0x00, 0x00,
    0x00, 0x00, 0x00, 0x00, 0x00, 0x00, 0x00, 0x00, 0x00, 0x00, 0x00, 0x00, 0x00, 0x00, 0x00, 0x00, 0x00, 0x00, 0x00, 0x00,
    0x00, 0x00, 0x00, 0x00, 0x00, 0x00, 0x00, 0x00, 0x00, 0x00, 0x00, 0x00, 0x00, 0x00, 0x00, 0x00, 0x00, 0x00, 0x00, 0x00,
    0x00, 0x00, 0x00, 0x00, 0x00, 0x00, 0xc3, 0x18, 0xf4, 0x9c, 0x7e, 0xef, 0x7e, 0xef, 0x76, 0xad, 0x65, 0x29, 0x00, 0x00,
    0x21, 0x00, 0x41, 0x08, 0x21, 0x00, 0x41, 0x08, 0x41, 0x08, 0x21, 0x00, 0xc3, 0x18, 0x62, 0x08, 0x21, 0x00, 0x41, 0x08,
    0x41, 0x08, 0x41, 0x08, 0x41, 0x08, 0x41, 0x08, 0x41, 0x08, 0x61, 0x08, 0x61, 0x08, 0x41, 0x08, 0x41, 0x08, 0x41, 0x08,
    0x41, 0x08, 0x41, 0x08, 0x41, 0x08, 0x41, 0x08, 0x41, 0x08, 0x41, 0x08, 0x41, 0x08, 0x41, 0x08, 0x41, 0x08, 0x41, 0x08,
    0x41, 0x08, 0x41, 0x08, 0x41, 0x08, 0x41, 0x08, 0x41, 0x08, 0x41, 0x08, 0x41, 0x08, 0x41, 0x08, 0x61, 0x08, 0x61, 0x08,
    0x61, 0x08, 0x61, 0x08, 0x41, 0x08, 0x41, 0x08, 0x41, 0x08, 0x41, 0x08, 0x41, 0x08, 0x41, 0x08, 0x41, 0x08, 0x41, 0x08,
    0x41, 0x08, 0x41, 0x08, 0x41, 0x08, 0x41, 0x08, 0x41, 0x08, 0x41, 0x08, 0x41, 0x08, 0x41, 0x08, 0x41, 0x08, 0x41, 0x08,
    0x41, 0x08, 0x41, 0x08, 0x41, 0x08, 0x61, 0x08, 0x61, 0x08, 0x41, 0x08, 0x41, 0x08, 0x41, 0x08, 0x41, 0x08, 0x41, 0x08,
    0x41, 0x08, 0x21, 0x00, 0x62, 0x08, 0xc3, 0x18, 0x21, 0x00, 0x41, 0x08, 0x41, 0x08, 0x21, 0x00, 0x41, 0x08, 0x21, 0x00,
    0x00, 0x00, 0x24, 0x21, 0x92, 0x94, 0x39, 0xc6, 0x18, 0xc6, 0x10, 0x84, 0xa2, 0x10, 0x00, 0x00, 0x00, 0x00, 0x00, 0x00,
    0x00, 0x00, 0x00, 0x00, 0x00, 0x00, 0x00, 0x00, 0x00, 0x00, 0x00, 0x00, 0x00, 0x00, 0x00, 0x00, 0x00, 0x00, 0x00, 0x00,
    0x00, 0x00, 0x00, 0x00, 0x00, 0x00, 0x00, 0x00, 0x00, 0x00, 0x00, 0x00, 0x00, 0x00, 0x00, 0x00, 0x00, 0x00, 0x00, 0x00,
    0x00, 0x00, 0x00, 0x00, 0x00, 0x00, 0x00, 0x00, 0x00, 0x00, 0x00, 0x00, 0x00, 0x00, 0x00, 0x00, 0x00, 0x00, 0x00, 0x00,
    0x00, 0x00, 0x00, 0x00, 0x00, 0x00, 0x00, 0x00, 0x00, 0x00, 0x00, 0x00, 0x00, 0x00, 0x00, 0x00, 0x00, 0x00, 0x00, 0x00,
    0x00, 0x00, 0x00, 0x00, 0x00, 0x00, 0x00, 0x00, 0x00, 0x00, 0x00, 0x00, 0x00, 0x00, 0x00, 0x00, 0x00, 0x00, 0x00, 0x00,
    0x00, 0x00, 0x00, 0x00, 0x00, 0x00, 0x00, 0x00, 0x00, 0x00, 0x00, 0x00, 0x00, 0x00, 0x00, 0x00, 0x00, 0x00, 0x00, 0x00,
    0x00, 0x00, 0x00, 0x00, 0x00, 0x00, 0x00, 0x00, 0x00, 0x00, 0x00, 0x00, 0x00, 0x00, 0x00, 0x00, 0x00, 0x00, 0x00, 0x00,
    0x00, 0x00, 0x00, 0x00, 0x00, 0x00, 0x00, 0x00, 0x00, 0x00, 0x00, 0x00, 0x00, 0x00, 0x00, 0x00, 0x00, 0x00, 0x00, 0x00,
    0x00, 0x00, 0x00, 0x00, 0x00, 0x00, 0x00, 0x00, 0x00, 0x00, 0x00, 0x00, 0x00, 0x00, 0x00, 0x00, 0x00, 0x00, 0x00, 0x00,
    0x00, 0x00, 0x00, 0x00, 0x00, 0x00, 0x00, 0x00, 0x00, 0x00, 0x00, 0x00, 0x00, 0x00, 0x00, 0x00, 0x00, 0x00, 0x00, 0x00,
    0x00, 0x00, 0x00, 0x00, 0x86, 0x31, 0xf7, 0xbd, 0x9e, 0xf7, 0x3d, 0xe7, 0x10, 0x84, 0x61, 0x08, 0x00, 0x00, 0x41, 0x08,
    0x21, 0x00, 0x21, 0x00, 0x41, 0x08, 0x41, 0x08, 0x41, 0x08, 0x21, 0x00, 0x41, 0x08, 0xc3, 0x18, 0x41, 0x08, 0x41, 0x08,
    0x41, 0x08, 0x41, 0x08, 0x41, 0x08, 0x41, 0x08, 0x41, 0x08, 0x41, 0x08, 0x41, 0x08, 0x41, 0x08, 0x41, 0x08, 0x41, 0x08,
    0x41, 0x08, 0x41, 0x08, 0x41, 0x08, 0x41, 0x08, 0x41, 0x08, 0x41, 0x08, 0x41, 0x08, 0x41, 0x08, 0x61, 0x08, 0x61, 0x08,
    0x61, 0x08, 0x61, 0x08, 0x61, 0x08, 0x61, 0x08, 0x61, 0x08, 0x61, 0x08, 0x61, 0x08, 0x61, 0x08, 0x61, 0x08, 0x61, 0x08,
    0x61, 0x08, 0x61, 0x08, 0x61, 0x08, 0x61, 0x08, 0x61, 0x08, 0x61, 0x08, 0x61, 0x08, 0x61, 0x08, 0x61, 0x08, 0x61, 0x08,
    0x61, 0x08, 0x41, 0x08, 0x41, 0x08, 0x41, 0x08, 0x41, 0x08, 0x41, 0x08, 0x41, 0x08, 0x41, 0x08, 0x41, 0x08, 0x41, 0x08,
    0x41, 0x08, 0x41, 0x08, 0x41, 0x08, 0x41, 0x08, 0x41, 0x08, 0x41, 0x08, 0x41, 0x08, 0x41, 0x08, 0x41, 0x08, 0x41, 0x08,
    0x41, 0x08, 0x41, 0x08, 0xc3, 0x18, 0x41, 0x08, 0x21, 0x00, 0x41, 0x08, 0x41, 0x08, 0x41, 0x08, 0x21, 0x00, 0x21, 0x00,
    0x41, 0x08, 0x00, 0x00, 0x41, 0x08, 0x6d, 0x6b, 0xd7, 0xbd, 0x18, 0xc6, 0xd3, 0x9c, 0x45, 0x29, 0x00, 0x00, 0x00, 0x00,
    0x00, 0x00, 0x00, 0x00, 0x00, 0x00, 0x00, 0x00, 0x00, 0x00, 0x00, 0x00, 0x00, 0x00, 0x00, 0x00, 0x00, 0x00, 0x00, 0x00,
    0x00, 0x00, 0x00, 0x00, 0x00, 0x00, 0x00, 0x00, 0x00, 0x00, 0x00, 0x00, 0x00, 0x00, 0x00, 0x00, 0x00, 0x00, 0x00, 0x00,
    0x00, 0x00, 0x00, 0x00, 0x00, 0x00, 0x00, 0x00, 0x00, 0x00, 0x00, 0x00, 0x00, 0x00, 0x00, 0x00, 0x00, 0x00, 0x00, 0x00,
    0x00, 0x00, 0x00, 0x00, 0x00, 0x00, 0x00, 0x00, 0x00, 0x00, 0x00, 0x00, 0x00, 0x00, 0x00, 0x00, 0x00, 0x00, 0x00, 0x00,
    0x00, 0x00, 0x00, 0x00, 0x00, 0x00, 0x00, 0x00, 0x00, 0x00, 0x00, 0x00, 0x00, 0x00, 0x00, 0x00, 0x00, 0x00, 0x00, 0x00,
    0x00, 0x00, 0x00, 0x00, 0x00, 0x00, 0x00, 0x00, 0x00, 0x00, 0x00, 0x00, 0x00, 0x00, 0x00, 0x00, 0x00, 0x00, 0x00, 0x00,
    0x00, 0x00, 0x00, 0x00, 0x00, 0x00, 0x00, 0x00, 0x00, 0x00, 0x00, 0x00, 0x00, 0x00, 0x00, 0x00, 0x00, 0x00, 0x00, 0x00,
    0x00, 0x00, 0x00, 0x00, 0x00, 0x00, 0x00, 0x00, 0x00, 0x00, 0x00, 0x00, 0x00, 0x00, 0x00, 0x00, 0x00, 0x00, 0x00, 0x00,
    0x00, 0x00, 0x00, 0x00, 0x00, 0x00, 0x00, 0x00, 0x00, 0x00, 0x00, 0x00, 0x00, 0x00, 0x00, 0x00, 0x00, 0x00, 0x00, 0x00,
    0x00, 0x00, 0x00, 0x00, 0x00, 0x00, 0x00, 0x00, 0x00, 0x00, 0x00, 0x00, 0x00, 0x00, 0x00, 0x00, 0x00, 0x00, 0x00, 0x00,
    0x00, 0x00, 0x28, 0x42, 0x7a, 0xce, 0x9e, 0xf7, 0xdb, 0xde, 0xeb, 0x5a, 0x00, 0x00, 0x00, 0x00, 0x41, 0x08, 0x21, 0x00,
    0x41, 0x08, 0x41, 0x08, 0x41, 0x08, 0x41, 0x08, 0x41, 0x08, 0x41, 0x08, 0x21, 0x00, 0xa3, 0x10, 0xa2, 0x10, 0x21, 0x00,
    0x41, 0x08, 0x41, 0x08, 0x41, 0x08, 0x41, 0x08, 0x41, 0x08, 0x41, 0x08, 0x41, 0x08, 0x41, 0x08, 0x41, 0x08, 0x41, 0x08,
    0x41, 0x08, 0x41, 0x08, 0x41, 0x08, 0x41, 0x08, 0x41, 0x08, 0x61, 0x08, 0x61, 0x08, 0x61, 0x08, 0x61, 0x08, 0x61, 0x08,
    0x61, 0x08, 0x61, 0x08, 0x61, 0x08, 0x61, 0x08, 0x61, 0x08, 0x61, 0x08, 0x61, 0x08, 0x61, 0x08, 0x61, 0x08, 0x61, 0x08,
    0x61, 0x08, 0x61, 0x08, 0x61, 0x08, 0x61, 0x08, 0x61, 0x08, 0x61, 0x08, 0x61, 0x08, 0x61, 0x08, 0x61, 0x08, 0x61, 0x08,
    0x61, 0x08, 0x61, 0x08, 0x61, 0x08, 0x61, 0x08, 0x61, 0x08, 0x41, 0x08, 0x41, 0x08, 0x41, 0x08, 0x41, 0x08, 0x41, 0x08,
    0x41, 0x08, 0x41, 0x08, 0x41, 0x08, 0x41, 0x08, 0x41, 0x08, 0x41, 0x08, 0x41, 0x08, 0x41, 0x08, 0x41, 0x08, 0x41, 0x08,
    0x21, 0x00, 0xa2, 0x10, 0xa3, 0x10, 0x21, 0x00, 0x41, 0x08, 0x41, 0x08, 0x41, 0x08, 0x41, 0x08, 0x41, 0x08, 0x41, 0x08,
    0x21, 0x00, 0x41, 0x08, 0x00, 0x00, 0x00, 0x00, 0x69, 0x4a, 0x76, 0xad, 0x18, 0xc6, 0x35, 0xa5, 0xc7, 0x39, 0x00, 0x00,
    0x00, 0x00, 0x00, 0x00, 0x00, 0x00, 0x00, 0x00, 0x00, 0x00, 0x00, 0x00, 0x00, 0x00, 0x00, 0x00, 0x00, 0x00, 0x00, 0x00,
    0x00, 0x00, 0x00, 0x00, 0x00, 0x00, 0x00, 0x00, 0x00, 0x00, 0x00, 0x00, 0x00, 0x00, 0x00, 0x00, 0x00, 0x00, 0x00, 0x00,
    0x00, 0x00, 0x00, 0x00, 0x00, 0x00, 0x00, 0x00, 0x00, 0x00, 0x00, 0x00, 0x00, 0x00, 0x00, 0x00, 0x00, 0x00, 0x00, 0x00,
    0x00, 0x00, 0x00, 0x00, 0x00, 0x00, 0x00, 0x00, 0x00, 0x00, 0x00, 0x00, 0x00, 0x00, 0x00, 0x00, 0x00, 0x00, 0x00, 0x00,
    0x00, 0x00, 0x00, 0x00, 0x00, 0x00, 0x00, 0x00, 0x00, 0x00, 0x00, 0x00, 0x00, 0x00, 0x00, 0x00, 0x00, 0x00, 0x00, 0x00,
    0x00, 0x00, 0x00, 0x00, 0x00, 0x00, 0x00, 0x00, 0x00, 0x00, 0x00, 0x00, 0x00, 0x00, 0x00, 0x00, 0x00, 0x00, 0x00, 0x00,
    0x00, 0x00, 0x00, 0x00, 0x00, 0x00, 0x00, 0x00, 0x00, 0x00, 0x00, 0x00, 0x00, 0x00, 0x00, 0x00, 0x00, 0x00, 0x00, 0x00,
    0x00, 0x00, 0x00, 0x00, 0x00, 0x00, 0x00, 0x00, 0x00, 0x00, 0x00, 0x00, 0x00, 0x00, 0x00, 0x00, 0x00, 0x00, 0x00, 0x00,
    0x00, 0x00, 0x00, 0x00, 0x00, 0x00, 0x00, 0x00, 0x00, 0x00, 0x00, 0x00, 0x00, 0x00, 0x00, 0x00, 0x00, 0x00, 0x00, 0x00,
    0x00, 0x00, 0x00, 0x00, 0x00, 0x00, 0x00, 0x00, 0x00, 0x00, 0x00, 0x00, 0x00, 0x00, 0x00, 0x00, 0x00, 0x00, 0x00, 0x00,
    0xcb, 0x5a, 0xdb, 0xde, 0x9e, 0xf7, 0x39, 0xc6, 0xe7, 0x39, 0x00, 0x00, 0x21, 0x00, 0x41, 0x08, 0x21, 0x00, 0x21, 0x00,
    0x41, 0x08, 0x41, 0x08, 0x41, 0x08, 0x41, 0x08, 0x41, 0x08, 0x41, 0x08, 0x41, 0x08, 0x41, 0x08, 0xa3, 0x10, 0x41, 0x08,
    0x41, 0x08, 0x41, 0x08, 0x41, 0x08, 0x41, 0x08, 0x41, 0x08, 0x61, 0x08, 0x61, 0x08, 0x61, 0x08, 0x62, 0x08, 0x62, 0x08,
    0x62, 0x08, 0x62, 0x08, 0x62, 0x08, 0x62, 0x08, 0x62, 0x08, 0x62, 0x08, 0x62, 0x08, 0x62, 0x08, 0x61, 0x08, 0x61, 0x08,
    0x61, 0x08, 0x61, 0x08, 0x61, 0x08, 0x61, 0x08, 0x61, 0x08, 0x61, 0x08, 0x61, 0x08, 0x61, 0x08, 0x61, 0x08, 0x61, 0x08,
    0x61, 0x08, 0x61, 0x08, 0x61, 0x08, 0x61, 0x08, 0x61, 0x08, 0x61, 0x08, 0x61, 0x08, 0x61, 0x08, 0x61, 0x08, 0x61, 0x08,
    0x61, 0x08, 0x61, 0x08, 0x61, 0x08, 0x61, 0x08, 0x61, 0x08, 0x61, 0x08, 0x61, 0x08, 0x61, 0x08, 0x41, 0x08, 0x41, 0x08,
    0x41, 0x08, 0x41, 0x08, 0x41, 0x08, 0x41, 0x08, 0x41, 0x08, 0x41, 0x08, 0x41, 0x08, 0x41, 0x08, 0x41, 0x08, 0x41, 0x08,
    0x41, 0x08, 0xa3, 0x10, 0x41, 0x08, 0x41, 0x08, 0x41, 0x08, 0x41, 0x08, 0x41, 0x08, 0x41, 0x08, 0x41, 0x08, 0x41, 0x08,
    0x21, 0x00, 0x21, 0x00, 0x41, 0x08, 0x41, 0x08, 0x00, 0x00, 0x86, 0x31, 0xf4, 0x9c, 0xf8, 0xbd, 0x76, 0xad, 0x29, 0x42,
    0x00, 0x00, 0x00, 0x00, 0x00, 0x00, 0x00, 0x00, 0x00, 0x00, 0x00, 0x00, 0x00, 0x00, 0x00, 0x00, 0x00, 0x00, 0x00, 0x00,
    0x00, 0x00, 0x00, 0x00, 0x00, 0x00, 0x00, 0x00, 0x00, 0x00, 0x00, 0x00, 0x00, 0x00, 0x00, 0x00, 0x00, 0x00, 0x00, 0x00,
    0x00, 0x00, 0x00, 0x00, 0x00, 0x00, 0x00, 0x00, 0x00, 0x00, 0x00, 0x00, 0x00, 0x00, 0x00, 0x00, 0x00, 0x00, 0x00, 0x00,
    0x00, 0x00, 0x00, 0x00, 0x00, 0x00, 0x00, 0x00, 0x00, 0x00, 0x00, 0x00, 0x00, 0x00, 0x00, 0x00, 0x00, 0x00, 0x00, 0x00,
    0x00, 0x00, 0x00, 0x00, 0x00, 0x00, 0x00, 0x00, 0x00, 0x00, 0x00, 0x00, 0x00, 0x00, 0x00, 0x00, 0x00, 0x00, 0x00, 0x00,
    0x00, 0x00, 0x00, 0x00, 0x00, 0x00, 0x00, 0x00, 0x00, 0x00, 0x00, 0x00, 0x00, 0x00, 0x00, 0x00, 0x00, 0x00, 0x00, 0x00,
    0x00, 0x00, 0x00, 0x00, 0x00, 0x00, 0x00, 0x00, 0x00, 0x00, 0x00, 0x00, 0x00, 0x00, 0x00, 0x00, 0x00, 0x00, 0x00, 0x00,
    0x00, 0x00, 0x00, 0x00, 0x00, 0x00, 0x00, 0x00, 0x00, 0x00, 0x00, 0x00, 0x00, 0x00, 0x00, 0x00, 0x00, 0x00, 0x00, 0x00,
    0x00, 0x00, 0x00, 0x00, 0x00, 0x00, 0x00, 0x00, 0x00, 0x00, 0x00, 0x00, 0x00, 0x00, 0x00, 0x00, 0x00, 0x00, 0x00, 0x00,
    0x00, 0x00, 0x00, 0x00, 0x00, 0x00, 0x00, 0x00, 0x00, 0x00, 0x00, 0x00, 0x00, 0x00, 0x00, 0x00, 0x00, 0x00, 0x2c, 0x63,
    0x1c, 0xe7, 0x9e, 0xf7, 0xb7, 0xb5, 0x24, 0x21, 0x00, 0x00, 0x41, 0x08, 0x21, 0x00, 0x21, 0x00, 0x61, 0x08, 0x82, 0x10,
    0x21, 0x00, 0x41, 0x08, 0x41, 0x08, 0x41, 0x08, 0x41, 0x08, 0x41, 0x08, 0x41, 0x08, 0x41, 0x08, 0x41, 0x08, 0x41, 0x08,
    0x41, 0x08, 0x41, 0x08, 0x61, 0x08, 0x61, 0x08, 0x62, 0x08, 0x62, 0x08, 0x62, 0x08, 0x82, 0x10, 0x82, 0x10, 0x82, 0x10,
    0x82, 0x10, 0x82, 0x10, 0x82, 0x10, 0x82, 0x10, 0x82, 0x10, 0x82, 0x10, 0x82, 0x10, 0x82, 0x10, 0x82, 0x10, 0x62, 0x08,
    0x62, 0x08, 0x62, 0x08, 0x62, 0x08, 0x61, 0x08, 0x61, 0x08, 0x62, 0x08, 0x62, 0x08, 0x62, 0x08, 0x62, 0x08, 0x62, 0x08,
    0x62, 0x08, 0x62, 0x08, 0x62, 0x08, 0x62, 0x08, 0x62, 0x08, 0x61, 0x08, 0x61, 0x08, 0x61, 0x08, 0x61, 0x08, 0x61, 0x08,
    0x61, 0x08, 0x61, 0x08, 0x61, 0x08, 0x61, 0x08, 0x61, 0x08, 0x61, 0x08, 0x61, 0x08, 0x61, 0x08, 0x61, 0x08, 0x61, 0x08,
    0x61, 0x08, 0x41, 0x08, 0x41, 0x08, 0x41, 0x08, 0x41, 0x08, 0x41, 0x08, 0x41, 0x08, 0x41, 0x08, 0x41, 0x08, 0x41, 0x08,
    0x41, 0x08, 0x41, 0x08, 0x41, 0x08, 0x41, 0x08, 0x41, 0x08, 0x41, 0x08, 0x41, 0x08, 0x41, 0x08, 0x41, 0x08, 0x21, 0x00,
    0x82, 0x10, 0x61, 0x08, 0x21, 0x00, 0x00, 0x00, 0x41, 0x08, 0x00, 0x00, 0xe4, 0x18, 0x92, 0x94, 0xd7, 0xbd, 0x96, 0xb5,
    0x8a, 0x52, 0x00, 0x00, 0x00, 0x00, 0x00, 0x00, 0x00, 0x00, 0x00, 0x00, 0x00, 0x00, 0x00, 0x00, 0x00, 0x00, 0x00, 0x00,
    0x00, 0x00, 0x00, 0x00, 0x00, 0x00, 0x00, 0x00, 0x00, 0x00, 0x00, 0x00, 0x00, 0x00, 0x00, 0x00, 0x00, 0x00, 0x00, 0x00,
    0x00, 0x00, 0x00, 0x00, 0x00, 0x00, 0x00, 0x00, 0x00, 0x00, 0x00, 0x00, 0x00, 0x00, 0x00, 0x00, 0x00, 0x00, 0x00, 0x00,
    0x00, 0x00, 0x00, 0x00, 0x00, 0x00, 0x00, 0x00, 0x00, 0x00, 0x00, 0x00, 0x00, 0x00, 0x00, 0x00, 0x00, 0x00, 0x00, 0x00,
    0x00, 0x00, 0x00, 0x00, 0x00, 0x00, 0x00, 0x00, 0x00, 0x00, 0x00, 0x00, 0x00, 0x00, 0x00, 0x00, 0x00, 0x00, 0x00, 0x00,
    0x00, 0x00, 0x00, 0x00, 0x00, 0x00, 0x00, 0x00, 0x00, 0x00, 0x00, 0x00, 0x00, 0x00, 0x00, 0x00, 0x00, 0x00, 0x00, 0x00,
    0x00, 0x00, 0x00, 0x00, 0x00, 0x00, 0x00, 0x00, 0x00, 0x00, 0x00, 0x00, 0x00, 0x00, 0x00, 0x00, 0x00, 0x00, 0x00, 0x00,
    0x00, 0x00, 0x00, 0x00, 0x00, 0x00, 0x00, 0x00, 0x00, 0x00, 0x00, 0x00, 0x00, 0x00, 0x00, 0x00, 0x00, 0x00, 0x00, 0x00,
    0x00, 0x00, 0x00, 0x00, 0x00, 0x00, 0x00, 0x00, 0x00, 0x00, 0x00, 0x00, 0x00, 0x00, 0x00, 0x00, 0x00, 0x00, 0x00, 0x00,
    0x00, 0x00, 0x00, 0x00, 0x00, 0x00, 0x00, 0x00, 0x00, 0x00, 0x00, 0x00, 0x00, 0x00, 0x00, 0x00, 0x4d, 0x6b, 0x3d, 0xe7,
    0x7e, 0xef, 0x55, 0xad, 0xc3, 0x18, 0x00, 0x00, 0x41, 0x08, 0x21, 0x00, 0x41, 0x08, 0x41, 0x08, 0x41, 0x08, 0xc3, 0x18,
    0x62, 0x08, 0x21, 0x00, 0x41, 0x08, 0x41, 0x08, 0x41, 0x08, 0x41, 0x08, 0x41, 0x08, 0x41, 0x08, 0x41, 0x08, 0x61, 0x08,
    0x62, 0x08, 0x62, 0x08, 0x62, 0x08, 0x82, 0x10, 0x82, 0x10, 0x82, 0x10, 0x82, 0x10, 0x82, 0x10, 0xa2, 0x10, 0xa2, 0x10,
    0xa2, 0x10, 0xa2, 0x10, 0xa2, 0x10, 0xa2, 0x10, 0xa2, 0x10, 0xa2, 0x10, 0xa2, 0x10, 0x82, 0x10, 0x82, 0x10, 0x82, 0x10,
    0x82, 0x10, 0x82, 0x10, 0x82, 0x10, 0x62, 0x08, 0x62, 0x08, 0x62, 0x08, 0x62, 0x08, 0x62, 0x08, 0x62, 0x08, 0x62, 0x08,
    0x62, 0x08, 0x62, 0x08, 0x62, 0x08, 0x62, 0x08, 0x62, 0x08, 0x62, 0x08, 0x62, 0x08, 0x62, 0x08, 0x62, 0x08, 0x62, 0x08,
    0x62, 0x08, 0x61, 0x08, 0x61, 0x08, 0x61, 0x08, 0x61, 0x08, 0x61, 0x08, 0x61, 0x08, 0x61, 0x08, 0x61, 0x08, 0x61, 0x08,
    0x61, 0x08, 0x61, 0x08, 0x61, 0x08, 0x61, 0x08, 0x41, 0x08, 0x41, 0x08, 0x41, 0x08, 0x41, 0x08, 0x41, 0x08, 0x41, 0x08,
    0x41, 0x08, 0x41, 0x08, 0x41, 0x08, 0x41, 0x08, 0x41, 0x08, 0x41, 0x08, 0x41, 0x08, 0x41, 0x08, 0x21, 0x00, 0x62, 0x08,
    0xc3, 0x18, 0x41, 0x08, 0x20, 0x00, 0xe3, 0x18, 0x41, 0x08, 0x41, 0x08, 0x00, 0x00, 0xa2, 0x10, 0x31, 0x84, 0xd7, 0xbd,
    0x96, 0xb5, 0xaa, 0x52, 0x00, 0x00, 0x00, 0x00, 0x00, 0x00, 0x00, 0x00, 0x00, 0x00, 0x00, 0x00, 0x00, 0x00, 0x00, 0x00,
    0x00, 0x00, 0x00, 0x00, 0x00, 0x00, 0x00, 0x00, 0x00, 0x00, 0x00, 0x00, 0x00, 0x00, 0x00, 0x00, 0x00, 0x00, 0x00, 0x00,
    0x00, 0x00, 0x00, 0x00, 0x00, 0x00, 0x00, 0x00, 0x00, 0x00, 0x00, 0x00, 0x00, 0x00, 0x00, 0x00, 0x00, 0x00, 0x00, 0x00,
    0x00, 0x00, 0x00, 0x00, 0x00, 0x00, 0x00, 0x00, 0x00, 0x00, 0x00, 0x00, 0x00, 0x00, 0x00, 0x00, 0x00, 0x00, 0x00, 0x00,
    0x00, 0x00, 0x00, 0x00, 0x00, 0x00, 0x00, 0x00, 0x00, 0x00, 0x00, 0x00, 0x00, 0x00, 0x00, 0x00, 0x00, 0x00, 0x00, 0x00,
    0x00, 0x00, 0x00, 0x00, 0x00, 0x00, 0x00, 0x00, 0x00, 0x00, 0x00, 0x00, 0x00, 0x00, 0x00, 0x00, 0x00, 0x00, 0x00, 0x00,
    0x00, 0x00, 0x00, 0x00, 0x00, 0x00, 0x00, 0x00, 0x00, 0x00, 0x00, 0x00, 0x00, 0x00, 0x00, 0x00, 0x00, 0x00, 0x00, 0x00,
    0x00, 0x00, 0x00, 0x00, 0x00, 0x00, 0x00, 0x00, 0x00, 0x00, 0x00, 0x00, 0x00, 0x00, 0x00, 0x00, 0x00, 0x00, 0x00, 0x00,
    0x00, 0x00, 0x00, 0x00, 0x00, 0x00, 0x00, 0x00, 0x00, 0x00, 0x00, 0x00, 0x00, 0x00, 0x00, 0x00, 0x00, 0x00, 0x00, 0x00,
    0x00, 0x00, 0x00, 0x00, 0x00, 0x00, 0x00, 0x00, 0x00, 0x00, 0x00, 0x00, 0x00, 0x00, 0x4d, 0x6b, 0x3d, 0xe7, 0x7e, 0xef,
    0x14, 0xa5, 0x82, 0x10, 0x00, 0x00, 0x41, 0x08, 0x21, 0x00, 0x41, 0x08, 0x41, 0x08, 0x41, 0x08, 0x21, 0x00, 0x41, 0x08,
    0xe3, 0x18, 0x41, 0x08, 0x41, 0x08, 0x41, 0x08, 0x41, 0x08, 0x41, 0x08, 0x41, 0x08, 0x61, 0x08, 0x62, 0x08, 0x62, 0x08,
    0x82, 0x10, 0x82, 0x10, 0x82, 0x10, 0x82, 0x10, 0xa2, 0x10, 0xa2, 0x10, 0xa3, 0x10, 0xa3, 0x10, 0xa3, 0x10, 0xa3, 0x10,
    0xa3, 0x10, 0xc3, 0x18, 0xc3, 0x18, 0xc3, 0x18, 0xa3, 0x10, 0xa3, 0x10, 0xa3, 0x10, 0xa3, 0x10, 0xa3, 0x10, 0xa3, 0x10,
    0xa2, 0x10, 0xa2, 0x10, 0x82, 0x10, 0x82, 0x10, 0x82, 0x10, 0x62, 0x08, 0x62, 0x08, 0x62, 0x08, 0x62, 0x08, 0x62, 0x08,
    0x62, 0x08, 0x62, 0x08, 0x62, 0x08, 0x62, 0x08, 0x62, 0x08, 0x62, 0x08, 0x62, 0x08, 0x62, 0x08, 0x62, 0x08, 0x62, 0x08,
    0x62, 0x08, 0x62, 0x08, 0x62, 0x08, 0x62, 0x08, 0x62, 0x08, 0x61, 0x08, 0x61, 0x08, 0x61, 0x08, 0x61, 0x08, 0x61, 0x08,
    0x61, 0x08, 0x61, 0x08, 0x61, 0x08, 0x61, 0x08, 0x61, 0x08, 0x61, 0x08, 0x41, 0x08, 0x41, 0x08, 0x41, 0x08, 0x41, 0x08,
    0x41, 0x08, 0x41, 0x08, 0x41, 0x08, 0x41, 0x08, 0x41, 0x08, 0x41, 0x08, 0x41, 0x08, 0x41, 0x08, 0x41, 0x08, 0xe3, 0x18,
    0x61, 0x08, 0x00, 0x00, 0x65, 0x29, 0x49, 0x4a, 0x21, 0x00, 0x21, 0x00, 0x41, 0x08, 0x00, 0x00, 0x61, 0x08, 0xf0, 0x7b,
    0xb7, 0xb5, 0x76, 0xad, 0x8a, 0x52, 0x00, 0x00, 0x00, 0x00, 0x00, 0x00, 0x00, 0x00, 0x00, 0x00, 0x00, 0x00, 0x00, 0x00,
    0x00, 0x00, 0x00, 0x00, 0x00, 0x00, 0x00, 0x00, 0x00, 0x00, 0x00, 0x00, 0x00, 0x00, 0x00, 0x00, 0x00, 0x00, 0x00, 0x00,
    0x00, 0x00, 0x00, 0x00, 0x00, 0x00, 0x00, 0x00, 0x00, 0x00, 0x00, 0x00, 0x00, 0x00, 0x00, 0x00, 0x00, 0x00, 0x00, 0x00,
    0x00, 0x00, 0x00, 0x00, 0x00, 0x00, 0x00, 0x00, 0x00, 0x00, 0x00, 0x00, 0x00, 0x00, 0x00, 0x00, 0x00, 0x00, 0x00, 0x00,
    0x00, 0x00, 0x00, 0x00, 0x00, 0x00, 0x00, 0x00, 0x00, 0x00, 0x00, 0x00, 0x00, 0x00, 0x00, 0x00, 0x00, 0x00, 0x00, 0x00,
    0x00, 0x00, 0x00, 0x00, 0x00, 0x00, 0x00, 0x00, 0x00, 0x00, 0x00, 0x00, 0x00, 0x00, 0x00, 0x00, 0x00, 0x00, 0x00, 0x00,
    0x00, 0x00, 0x00, 0x00, 0x00, 0x00, 0x00, 0x00, 0x00, 0x00, 0x00, 0x00, 0x00, 0x00, 0x00, 0x00, 0x00, 0x00, 0x00, 0x00,
    0x00, 0x00, 0x00, 0x00, 0x00, 0x00, 0x00, 0x00, 0x00, 0x00, 0x00, 0x00, 0x00, 0x00, 0x00, 0x00, 0x00, 0x00, 0x00, 0x00,
    0x00, 0x00, 0x00, 0x00, 0x00, 0x00, 0x00, 0x00, 0x00, 0x00, 0x00, 0x00, 0x00, 0x00, 0x00, 0x00, 0x00, 0x00, 0x00, 0x00,
    0x00, 0x00, 0x00, 0x00, 0x00, 0x00, 0x00, 0x00, 0x00, 0x00, 0x00, 0x00, 0x2c, 0x63, 0x3d, 0xe7, 0x7e, 0xef, 0xf4, 0x9c,
    0x61, 0x08, 0x00, 0x00, 0x41, 0x08, 0x21, 0x00, 0x41, 0x08, 0x41, 0x08, 0x41, 0x08, 0x41, 0x08, 0x41, 0x08, 0x21, 0x00,
    0x62, 0x08, 0xc3, 0x18, 0x41, 0x08, 0x41, 0x08, 0x41, 0x08, 0x61, 0x08, 0x62, 0x08, 0x62, 0x08, 0x82, 0x10, 0x82, 0x10,
    0x82, 0x10, 0xa2, 0x10, 0xa3, 0x10, 0xa3, 0x10, 0xa3, 0x10, 0xc3, 0x18, 0xc3, 0x18, 0xc3, 0x18, 0xc3, 0x18, 0xc3, 0x18,
    0xc3, 0x18, 0xc3, 0x18, 0xc3, 0x18, 0xc3, 0x18, 0xc3, 0x18, 0xc3, 0x18, 0xc3, 0x18, 0xc3, 0x18, 0xc3, 0x18, 0xc3, 0x18,
    0xa3, 0x10, 0xa3, 0x10, 0xa3, 0x10, 0xa2, 0x10, 0xa2, 0x10, 0x82, 0x10, 0x82, 0x10, 0x82, 0x10, 0x62, 0x08, 0x62, 0x08,
    0x62, 0x08, 0x62, 0x08, 0x62, 0x08, 0x62, 0x08, 0x62, 0x08, 0x62, 0x08, 0x62, 0x08, 0x62, 0x08, 0x62, 0x08, 0x62, 0x08,
    0x62, 0x08, 0x62, 0x08, 0x62, 0x08, 0x62, 0x08, 0x62, 0x08, 0x62, 0x08, 0x62, 0x08, 0x62, 0x08, 0x61, 0x08, 0x61, 0x08,
    0x61, 0x08, 0x61, 0x08, 0x61, 0x08, 0x61, 0x08, 0x61, 0x08, 0x61, 0x08, 0x61, 0x08, 0x61, 0x08, 0x41, 0x08, 0x41, 0x08,
    0x41, 0x08, 0x41, 0x08, 0x41, 0x08, 0x41, 0x08, 0x41, 0x08, 0x41, 0x08, 0x41, 0x08, 0x41, 0x08, 0xc3, 0x18, 0x82, 0x10,
    0x00, 0x00, 0xe4, 0x18, 0xab, 0x52, 0x61, 0x08, 0x20, 0x00, 0x41, 0x08, 0x21, 0x00, 0x41, 0x08, 0x00, 0x00, 0x41, 0x08,
    0xcf, 0x7b, 0x96, 0xb5, 0x76, 0xad, 0x69, 0x4a, 0x00, 0x00, 0x00, 0x00, 0x00, 0x00, 0x00, 0x00, 0x00, 0x00, 0x00, 0x00,
    0x00, 0x00, 0x00, 0x00, 0x00, 0x00, 0x00, 0x00, 0x00, 0x00, 0x00, 0x00, 0x00, 0x00, 0x00, 0x00, 0x00, 0x00, 0x00, 0x00,
    0x00, 0x00, 0x00, 0x00, 0x00, 0x00, 0x00, 0x00, 0x00, 0x00, 0x00, 0x00, 0x00, 0x00, 0x00, 0x00, 0x00, 0x00, 0x00, 0x00,
    0x00, 0x00, 0x00, 0x00, 0x00, 0x00, 0x00, 0x00, 0x00, 0x00, 0x00, 0x00, 0x00, 0x00, 0x00, 0x00, 0x00, 0x00, 0x00, 0x00,
    0x00, 0x00, 0x00, 0x00, 0x00, 0x00, 0x00, 0x00, 0x00, 0x00, 0x00, 0x00, 0x00, 0x00, 0x00, 0x00, 0x00, 0x00, 0x00, 0x00,
    0x00, 0x00, 0x00, 0x00, 0x00, 0x00, 0x00, 0x00, 0x00, 0x00, 0x00, 0x00, 0x00, 0x00, 0x00, 0x00, 0x00, 0x00, 0x00, 0x00,
    0x00, 0x00, 0x00, 0x00, 0x00, 0x00, 0x00, 0x00, 0x00, 0x00, 0x00, 0x00, 0x00, 0x00, 0x00, 0x00, 0x00, 0x00, 0x00, 0x00,
    0x00, 0x00, 0x00, 0x00, 0x00, 0x00, 0x00, 0x00, 0x00, 0x00, 0x00, 0x00, 0x00, 0x00, 0x00, 0x00, 0x00, 0x00, 0x00, 0x00,
    0x00, 0x00, 0x00, 0x00, 0x00, 0x00, 0x00, 0x00, 0x00, 0x00, 0x00, 0x00, 0x00, 0x00, 0x00, 0x00, 0x00, 0x00, 0x00, 0x00,
    0x00, 0x00, 0x00, 0x00, 0x00, 0x00, 0x00, 0x00, 0x00, 0x00, 0xcb, 0x5a, 0x1c, 0xe7, 0x7e, 0xef, 0x14, 0xa5, 0x61, 0x08,
    0x00, 0x00, 0x41, 0x08, 0x21, 0x00, 0x41, 0x08, 0x41, 0x08, 0x41, 0x08, 0x41, 0x08, 0x41, 0x08, 0x41, 0x08, 0x41, 0x08,
    0x41, 0x08, 0x82, 0x10, 0x61, 0x08, 0x41, 0x08, 0x61, 0x08, 0x62, 0x08, 0x82, 0x10, 0x82, 0x10, 0x82, 0x10, 0xa2, 0x10,
    0xa3, 0x10, 0xa3, 0x10, 0xc3, 0x18, 0xc3, 0x18, 0xc3, 0x18, 0xc3, 0x18, 0xe3, 0x18, 0xe3, 0x18, 0xe3, 0x18, 0xe4, 0x18,
    0xe4, 0x18, 0xe4, 0x18, 0xe4, 0x18, 0xe4, 0x18, 0xe4, 0x18, 0xe4, 0x18, 0xe4, 0x18, 0xe3, 0x18, 0xe3, 0x18, 0xc3, 0x18,
    0xc3, 0x18, 0xc3, 0x18, 0xc3, 0x18, 0xc3, 0x18, 0xa3, 0x10, 0xa3, 0x10, 0xa2, 0x10, 0x82, 0x10, 0x82, 0x10, 0x62, 0x08,
    0x62, 0x08, 0x62, 0x08, 0x62, 0x08, 0x62, 0x08, 0x62, 0x08, 0x62, 0x08, 0x62, 0x08, 0x62, 0x08, 0x62, 0x08, 0x62, 0x08,
    0x62, 0x08, 0x62, 0x08, 0x62, 0x08, 0x62, 0x08, 0x62, 0x08, 0x62, 0x08, 0x62, 0x08, 0x62, 0x08, 0x62, 0x08, 0x62, 0x08,
    0x62, 0x08, 0x61, 0x08, 0x61, 0x08, 0x61, 0x08, 0x61, 0x08, 0x61, 0x08, 0x61, 0x08, 0x61, 0x08, 0x61, 0x08, 0x41, 0x08,
    0x41, 0x08, 0x41, 0x08, 0x41, 0x08, 0x41, 0x08, 0x41, 0x08, 0x41, 0x08, 0x41, 0x08, 0x61, 0x08, 0x82, 0x10, 0x20, 0x00,
    0x82, 0x10, 0xab, 0x52, 0xa3, 0x10, 0x00, 0x00, 0x41, 0x08, 0x41, 0x08, 0x41, 0x08, 0x21, 0x00, 0x41, 0x08, 0x00, 0x00,
    0x41, 0x08, 0xcf, 0x7b, 0x96, 0xb5, 0x35, 0xa5, 0x08, 0x42, 0x00, 0x00, 0x00, 0x00, 0x00, 0x00, 0x00, 0x00, 0x00, 0x00,
    0x00, 0x00, 0x00, 0x00, 0x00, 0x00, 0x00, 0x00, 0x00, 0x00, 0x00, 0x00, 0x00, 0x00, 0x00, 0x00, 0x00, 0x00, 0x00, 0x00,
    0x00, 0x00, 0x00, 0x00, 0x00, 0x00, 0x00, 0x00, 0x00, 0x00, 0x00, 0x00, 0x00, 0x00, 0x00, 0x00, 0x00, 0x00, 0x00, 0x00,
    0x00, 0x00, 0x00, 0x00, 0x00, 0x00, 0x00, 0x00, 0x00, 0x00, 0x00, 0x00, 0x00, 0x00, 0x00, 0x00, 0x00, 0x00, 0x00, 0x00,
    0x00, 0x00, 0x00, 0x00, 0x00, 0x00, 0x00, 0x00, 0x00, 0x00, 0x00, 0x00, 0x00, 0x00, 0x00, 0x00, 0x00, 0x00, 0x00, 0x00,
    0x00, 0x00, 0x00, 0x00, 0x00, 0x00, 0x00, 0x00, 0x00, 0x00, 0x00, 0x00, 0x00, 0x00, 0x00, 0x00, 0x00, 0x00, 0x00, 0x00,
    0x00, 0x00, 0x00, 0x00, 0x00, 0x00, 0x00, 0x00, 0x00, 0x00, 0x00, 0x00, 0x00, 0x00, 0x00, 0x00, 0x00, 0x00, 0x00, 0x00,
    0x00, 0x00, 0x00, 0x00, 0x00, 0x00, 0x00, 0x00, 0x00, 0x00, 0x00, 0x00, 0x00, 0x00, 0x00, 0x00, 0x00, 0x00, 0x00, 0x00,
    0x00, 0x00, 0x00, 0x00, 0x00, 0x00, 0x00, 0x00, 0x00, 0x00, 0x00, 0x00, 0x00, 0x00, 0x00, 0x00, 0x00, 0x00, 0x00, 0x00,
    0x00, 0x00, 0x00, 0x00, 0x00, 0x00, 0x00, 0x00, 0x28, 0x42, 0xfb, 0xde, 0x9e, 0xf7, 0x55, 0xad, 0x82, 0x10, 0x00, 0x00,
    0x41, 0x08, 0x21, 0x00, 0x21, 0x00, 0x21, 0x00, 0x41, 0x08, 0x41, 0x08, 0x41, 0x08, 0x41, 0x08, 0x41, 0x08, 0x41, 0x08,
    0x41, 0x08, 0x41, 0x08, 0x61, 0x08, 0x62, 0x08, 0x82, 0x10, 0x82, 0x10, 0x82, 0x10, 0xa2, 0x10, 0xa3, 0x10, 0xc3, 0x18,
    0xc3, 0x18, 0xc3, 0x18, 0xe3, 0x18, 0xe3, 0x18, 0xe4, 0x18, 0xe4, 0x18, 0xe4, 0x18, 0x04, 0x21, 0x04, 0x21, 0x04, 0x21,
    0x04, 0x21, 0x04, 0x21, 0x04, 0x21, 0x04, 0x21, 0x04, 0x21, 0x04, 0x21, 0x04, 0x21, 0x04, 0x21, 0xe4, 0x18, 0xe4, 0x18,
    0xe4, 0x18, 0xe3, 0x18, 0xc3, 0x18, 0xc3, 0x18, 0xc3, 0x18, 0xc3, 0x18, 0xa3, 0x10, 0xa3, 0x10, 0xa2, 0x10, 0x82, 0x10,
    0x82, 0x10, 0x62, 0x08, 0x62, 0x08, 0x62, 0x08, 0x62, 0x08, 0x62, 0x08, 0x62, 0x08, 0x62, 0x08, 0x62, 0x08, 0x62, 0x08,
    0x62, 0x08, 0x62, 0x08, 0x62, 0x08, 0x62, 0x08, 0x62, 0x08, 0x62, 0x08, 0x62, 0x08, 0x62, 0x08, 0x62, 0x08, 0x62, 0x08,
    0x62, 0x08, 0x62, 0x08, 0x62, 0x08, 0x61, 0x08, 0x61, 0x08, 0x61, 0x08, 0x61, 0x08, 0x61, 0x08, 0x61, 0x08, 0x61, 0x08,
    0x61, 0x08, 0x41, 0x08, 0x41, 0x08, 0x41, 0x08, 0x41, 0x08, 0x41, 0x08, 0x41, 0x08, 0x41, 0x08, 0x41, 0x08, 0x41, 0x08,
    0x8a, 0x52, 0x04, 0x21, 0x00, 0x00, 0x41, 0x08, 0x41, 0x08, 0x41, 0x08, 0x21, 0x00, 0x21, 0x00, 0x21, 0x00, 0x41, 0x08,
    0x00, 0x00, 0x61, 0x08, 0xf0, 0x7b, 0x76, 0xad, 0x14, 0xa5, 0xa6, 0x31, 0x00, 0x00, 0x00, 0x00, 0x00, 0x00, 0x00, 0x00,
    0x00, 0x00, 0x00, 0x00, 0x00, 0x00, 0x00, 0x00, 0x00, 0x00, 0x00, 0x00, 0x00, 0x00, 0x00, 0x00, 0x00, 0x00, 0x00, 0x00,
    0x00, 0x00, 0x00, 0x00, 0x00, 0x00, 0x00, 0x00, 0x00, 0x00, 0x00, 0x00, 0x00, 0x00, 0x00, 0x00, 0x00, 0x00, 0x00, 0x00,
    0x00, 0x00, 0x00, 0x00, 0x00, 0x00, 0x00, 0x00, 0x00, 0x00, 0x00, 0x00, 0x00, 0x00, 0x00, 0x00, 0x00, 0x00, 0x00, 0x00,
    0x00, 0x00, 0x00, 0x00, 0x00, 0x00, 0x00, 0x00, 0x00, 0x00, 0x00, 0x00, 0x00, 0x00, 0x00, 0x00, 0x00, 0x00, 0x00, 0x00,
    0x00, 0x00, 0x00, 0x00, 0x00, 0x00, 0x00, 0x00, 0x00, 0x00, 0x00, 0x00, 0x00, 0x00, 0x00, 0x00, 0x00, 0x00, 0x00, 0x00,
    0x00, 0x00, 0x00, 0x00, 0x00, 0x00, 0x00, 0x00, 0x00, 0x00, 0x00, 0x00, 0x00, 0x00, 0x00, 0x00, 0x00, 0x00, 0x00, 0x00,
    0x00, 0x00, 0x00, 0x00, 0x00, 0x00, 0x00, 0x00, 0x00, 0x00, 0x00, 0x00, 0x00, 0x00, 0x00, 0x00, 0x00, 0x00, 0x00, 0x00,
    0x00, 0x00, 0x00, 0x00, 0x00, 0x00, 0x00, 0x00, 0x00, 0x00, 0x00, 0x00, 0x00, 0x00, 0x00, 0x00, 0x00, 0x00, 0x00, 0x00,
    0x00, 0x00, 0x00, 0x00, 0x00, 0x00, 0x66, 0x29, 0x9a, 0xd6, 0x9e, 0xf7, 0xb7, 0xb5, 0xc3, 0x18, 0x00, 0x00, 0x41, 0x08,
    0x21, 0x00, 0x21, 0x00, 0xa2, 0x10, 0x61, 0x08, 0x21, 0x00, 0x41, 0x08, 0x41, 0x08, 0x41, 0x08, 0x41, 0x08, 0x41, 0x08,
    0x41, 0x08, 0x61, 0x08, 0x62, 0x08, 0x82, 0x10, 0x82, 0x10, 0xa2, 0x10, 0xa3, 0x10, 0xa3, 0x10, 0xc3, 0x18, 0xc3, 0x18,
    0xe3, 0x18, 0xe4, 0x18, 0xe4, 0x18, 0xe4, 0x18, 0x04, 0x21, 0x04, 0x21, 0x04, 0x21, 0x04, 0x21, 0x04, 0x21, 0x24, 0x21,
    0x24, 0x21, 0x24, 0x21, 0x24, 0x21, 0x24, 0x21, 0x24, 0x21, 0x24, 0x21, 0x04, 0x21, 0x04, 0x21, 0x04, 0x21, 0x04, 0x21,
    0x04, 0x21, 0x04, 0x21, 0xe4, 0x18, 0xe4, 0x18, 0xe3, 0x18, 0xc3, 0x18, 0xc3, 0x18, 0xc3, 0x18, 0xa3, 0x10, 0xa2, 0x10,
    0x82, 0x10, 0x82, 0x10, 0x82, 0x10, 0x62, 0x08, 0x62, 0x08, 0x62, 0x08, 0x62, 0x08, 0x62, 0x08, 0x62, 0x08, 0x62, 0x08,
    0x62, 0x08, 0x62, 0x08, 0x62, 0x08, 0x62, 0x08, 0x62, 0x08, 0x62, 0x08, 0x62, 0x08, 0x62, 0x08, 0x62, 0x08, 0x62, 0x08,
    0x62, 0x08, 0x62, 0x08, 0x62, 0x08, 0x62, 0x08, 0x62, 0x08, 0x61, 0x08, 0x61, 0x08, 0x61, 0x08, 0x61, 0x08, 0x61, 0x08,
    0x61, 0x08, 0x61, 0x08, 0x41, 0x08, 0x41, 0x08, 0x41, 0x08, 0x41, 0x08, 0x41, 0x08, 0x41, 0x08, 0x21, 0x00, 0x28, 0x42,
    0x86, 0x31, 0x00, 0x00, 0x41, 0x08, 0x41, 0x08, 0x41, 0x08, 0x21, 0x00, 0x61, 0x08, 0xa2, 0x10, 0x21, 0x00, 0x21, 0x00,
    0x41, 0x08, 0x00, 0x00, 0x82, 0x10, 0x31, 0x84, 0x76, 0xad, 0xb3, 0x94, 0x04, 0x21, 0x00, 0x00, 0x00, 0x00, 0x00, 0x00,
    0x00, 0x00, 0x00, 0x00, 0x00, 0x00, 0x00, 0x00, 0x00, 0x00, 0x00, 0x00, 0x00, 0x00, 0x00, 0x00, 0x00, 0x00, 0x00, 0x00,
    0x00, 0x00, 0x00, 0x00, 0x00, 0x00, 0x00, 0x00, 0x00, 0x00, 0x00, 0x00, 0x00, 0x00, 0x00, 0x00, 0x00, 0x00, 0x00, 0x00,
    0x00, 0x00, 0x00, 0x00, 0x00, 0x00, 0x00, 0x00, 0x00, 0x00, 0x00, 0x00, 0x00, 0x00, 0x00, 0x00, 0x00, 0x00, 0x00, 0x00,
    0x00, 0x00, 0x00, 0x00, 0x00, 0x00, 0x00, 0x00, 0x00, 0x00, 0x00, 0x00, 0x00, 0x00, 0x00, 0x00, 0x00, 0x00, 0x00, 0x00,
    0x00, 0x00, 0x00, 0x00, 0x00, 0x00, 0x00, 0x00, 0x00, 0x00, 0x00, 0x00, 0x00, 0x00, 0x00, 0x00, 0x00, 0x00, 0x00, 0x00,
    0x00, 0x00, 0x00, 0x00, 0x00, 0x00, 0x00, 0x00, 0x00, 0x00, 0x00, 0x00, 0x00, 0x00, 0x00, 0x00, 0x00, 0x00, 0x00, 0x00,
    0x00, 0x00, 0x00, 0x00, 0x00, 0x00, 0x00, 0x00, 0x00, 0x00, 0x00, 0x00, 0x00, 0x00, 0x00, 0x00, 0x00, 0x00, 0x00, 0x00,
    0x00, 0x00, 0x00, 0x00, 0x00, 0x00, 0x00, 0x00, 0x00, 0x00, 0x00, 0x00, 0x00, 0x00, 0x00, 0x00, 0x00, 0x00, 0x00, 0x00,
    0x00, 0x00, 0x00, 0x00, 0xc3, 0x18, 0xf7, 0xbd, 0x9e, 0xf7, 0x39, 0xc6, 0x24, 0x21, 0x00, 0x00, 0x41, 0x08, 0x21, 0x00,
    0x41, 0x08, 0x21, 0x00, 0x61, 0x08, 0xe3, 0x18, 0x61, 0x08, 0x21, 0x00, 0x41, 0x08, 0x41, 0x08, 0x41, 0x08, 0x41, 0x08,
    0x61, 0x08, 0x62, 0x08, 0x82, 0x10, 0x82, 0x10, 0xa2, 0x10, 0xa3, 0x10, 0xc3, 0x18, 0xc3, 0x18, 0xe3, 0x18, 0xe4, 0x18,
    0xe4, 0x18, 0x04, 0x21, 0x04, 0x21, 0x04, 0x21, 0x04, 0x21, 0x24, 0x21, 0x25, 0x21, 0x25, 0x21, 0x25, 0x21, 0x25, 0x21,
    0x25, 0x21, 0x25, 0x21, 0x25, 0x21, 0x25, 0x21, 0x25, 0x21, 0x25, 0x21, 0x25, 0x21, 0x25, 0x21, 0x25, 0x21, 0x24, 0x21,
    0x04, 0x21, 0x04, 0x21, 0x04, 0x21, 0x04, 0x21, 0xe4, 0x18, 0xe4, 0x18, 0xe3, 0x18, 0xc3, 0x18, 0xc3, 0x18, 0xa3, 0x10,
    0xa3, 0x10, 0xa2, 0x10, 0x82, 0x10, 0x82, 0x10, 0x62, 0x08, 0x62, 0x08, 0x62, 0x08, 0x62, 0x08, 0x62, 0x08, 0x62, 0x08,
    0x62, 0x08, 0x62, 0x08, 0x62, 0x08, 0x62, 0x08, 0x62, 0x08, 0x62, 0x08, 0x62, 0x08, 0x62, 0x08, 0x62, 0x08, 0x62, 0x08,
    0x62, 0x08, 0x62, 0x08, 0x62, 0x08, 0x62, 0x08, 0x62, 0x08, 0x62, 0x08, 0x62, 0x08, 0x61, 0x08, 0x61, 0x08, 0x61, 0x08,
    0x61, 0x08, 0x61, 0x08, 0x61, 0x08, 0x61, 0x08, 0x41, 0x08, 0x41, 0x08, 0x41, 0x08, 0x41, 0x08, 0x62, 0x08, 0xe4, 0x18,
    0x21, 0x00, 0x41, 0x08, 0x41, 0x08, 0x41, 0x08, 0x21, 0x00, 0x61, 0x08, 0xe3, 0x18, 0x61, 0x08, 0x21, 0x00, 0x41, 0x08,
    0x21, 0x00, 0x41, 0x08, 0x00, 0x00, 0xe3, 0x18, 0x92, 0x94, 0x56, 0xad, 0x31, 0x84, 0x82, 0x10, 0x00, 0x00, 0x00, 0x00,
    0x00, 0x00, 0x00, 0x00, 0x00, 0x00, 0x00, 0x00, 0x00, 0x00, 0x00, 0x00, 0x00, 0x00, 0x00, 0x00, 0x00, 0x00, 0x00, 0x00,
    0x00, 0x00, 0x00, 0x00, 0x00, 0x00, 0x00, 0x00, 0x00, 0x00, 0x00, 0x00, 0x00, 0x00, 0x00, 0x00, 0x00, 0x00, 0x00, 0x00,
    0x00, 0x00, 0x00, 0x00, 0x00, 0x00, 0x00, 0x00, 0x00, 0x00, 0x00, 0x00, 0x00, 0x00, 0x00, 0x00, 0x00, 0x00, 0x00, 0x00,
    0x00, 0x00, 0x00, 0x00, 0x00, 0x00, 0x00, 0x00, 0x00, 0x00, 0x00, 0x00, 0x00, 0x00, 0x00, 0x00, 0x00, 0x00, 0x00, 0x00,
    0x00, 0x00, 0x00, 0x00, 0x00, 0x00, 0x00, 0x00, 0x00, 0x00, 0x00, 0x00, 0x00, 0x00, 0x00, 0x00, 0x00, 0x00, 0x00, 0x00,
    0x00, 0x00, 0x00, 0x00, 0x00, 0x00, 0x00, 0x00, 0x00, 0x00, 0x00, 0x00, 0x00, 0x00, 0x00, 0x00, 0x00, 0x00, 0x00, 0x00,
    0x00, 0x00, 0x00, 0x00, 0x00, 0x00, 0x00, 0x00, 0x00, 0x00, 0x00, 0x00, 0x00, 0x00, 0x00, 0x00, 0x00, 0x00, 0x00, 0x00,
    0x00, 0x00, 0x00, 0x00, 0x00, 0x00, 0x00, 0x00, 0x00, 0x00, 0x00, 0x00, 0x00, 0x00, 0x00, 0x00, 0x00, 0x00, 0x00, 0x00,
    0x00, 0x00, 0x20, 0x00, 0xf4, 0x9c, 0x9e, 0xf7, 0xdb, 0xde, 0xe7, 0x39, 0x00, 0x00, 0x41, 0x08, 0x21, 0x00, 0x41, 0x08,
    0x41, 0x08, 0x41, 0x08, 0x21, 0x00, 0x61, 0x08, 0xe3, 0x18, 0x61, 0x08, 0x41, 0x08, 0x41, 0x08, 0x41, 0x08, 0x61, 0x08,
    0x62, 0x08, 0x82, 0x10, 0xa2, 0x10, 0xa3, 0x10, 0xa3, 0x10, 0xc3, 0x18, 0xc3, 0x18, 0xe3, 0x18, 0xe4, 0x18, 0x04, 0x21,
    0x04, 0x21, 0x04, 0x21, 0x24, 0x21, 0x25, 0x21, 0x25, 0x21, 0x25, 0x21, 0x45, 0x29, 0x45, 0x29, 0x45, 0x29, 0x45, 0x29,
    0x45, 0x29, 0x45, 0x29, 0x45, 0x29, 0x45, 0x29, 0x45, 0x29, 0x45, 0x29, 0x45, 0x29, 0x45, 0x29, 0x45, 0x29, 0x25, 0x21,
    0x25, 0x21, 0x25, 0x21, 0x24, 0x21, 0x04, 0x21, 0x04, 0x21, 0x04, 0x21, 0xe4, 0x18, 0xe4, 0x18, 0xc3, 0x18, 0xc3, 0x18,
    0xc3, 0x18, 0xa3, 0x10, 0xa2, 0x10, 0x82, 0x10, 0x82, 0x10, 0x62, 0x08, 0x62, 0x08, 0x62, 0x08, 0x62, 0x08, 0x62, 0x08,
    0x62, 0x08, 0x62, 0x08, 0x62, 0x08, 0x62, 0x08, 0x62, 0x08, 0x62, 0x08, 0x62, 0x08, 0x62, 0x08, 0x62, 0x08, 0x62, 0x08,
    0x62, 0x08, 0x62, 0x08, 0x62, 0x08, 0x62, 0x08, 0x62, 0x08, 0x62, 0x08, 0x62, 0x08, 0x62, 0x08, 0x61, 0x08, 0x61, 0x08,
    0x61, 0x08, 0x61, 0x08, 0x61, 0x08, 0x61, 0x08, 0x61, 0x08, 0x41, 0x08, 0x41, 0x08, 0x41, 0x08, 0x41, 0x08, 0x21, 0x00,
    0x41, 0x08, 0x41, 0x08, 0x41, 0x08, 0x41, 0x08, 0x61, 0x08, 0xe3, 0x18, 0x61, 0x08, 0x21, 0x00, 0x41, 0x08, 0x41, 0x08,
    0x41, 0x08, 0x21, 0x00, 0x41, 0x08, 0x00, 0x00, 0x65, 0x29, 0xd3, 0x9c, 0x55, 0xad, 0x8e, 0x73, 0x20, 0x00, 0x00, 0x00,
    0x00, 0x00, 0x00, 0x00, 0x00, 0x00, 0x00, 0x00, 0x00, 0x00, 0x00, 0x00, 0x00, 0x00, 0x00, 0x00, 0x00, 0x00, 0x00, 0x00,
    0x00, 0x00, 0x00, 0x00, 0x00, 0x00, 0x00, 0x00, 0x00, 0x00, 0x00, 0x00, 0x00, 0x00, 0x00, 0x00, 0x00, 0x00, 0x00, 0x00,
    0x00, 0x00, 0x00, 0x00, 0x00, 0x00, 0x00, 0x00, 0x00, 0x00, 0x00, 0x00, 0x00, 0x00, 0x00, 0x00, 0x00, 0x00, 0x00, 0x00,
    0x00, 0x00, 0x00, 0x00, 0x00, 0x00, 0x00, 0x00, 0x00, 0x00, 0x00, 0x00, 0x00, 0x00, 0x00, 0x00, 0x00, 0x00, 0x00, 0x00,
    0x00, 0x00, 0x00, 0x00, 0x00, 0x00, 0x00, 0x00, 0x00, 0x00, 0x00, 0x00, 0x00, 0x00, 0x00, 0x00, 0x00, 0x00, 0x00, 0x00,
    0x00, 0x00, 0x00, 0x00, 0x00, 0x00, 0x00, 0x00, 0x00, 0x00, 0x00, 0x00, 0x00, 0x00, 0x00, 0x00, 0x00, 0x00, 0x00, 0x00,
    0x00, 0x00, 0x00, 0x00, 0x00, 0x00, 0x00, 0x00, 0x00, 0x00, 0x00, 0x00, 0x00, 0x00, 0x00, 0x00, 0x00, 0x00, 0x00, 0x00,
    0x00, 0x00, 0x00, 0x00, 0x00, 0x00, 0x00, 0x00, 0x00, 0x00, 0x00, 0x00, 0x00, 0x00, 0x00, 0x00, 0x00, 0x00, 0x00, 0x00,
    0x00, 0x00, 0xae, 0x73, 0x7e, 0xef, 0x3d, 0xe7, 0xcb, 0x5a, 0x00, 0x00, 0x41, 0x08, 0x21, 0x00, 0x41, 0x08, 0x41, 0x08,
    0x41, 0x08, 0x41, 0x08, 0x41, 0x08, 0x21, 0x00, 0x61, 0x08, 0xc3, 0x18, 0x41, 0x08, 0x41, 0x08, 0x62, 0x08, 0x62, 0x08,
    0x82, 0x10, 0xa2, 0x10, 0xa3, 0x10, 0xc3, 0x18, 0xc3, 0x18, 0xe3, 0x18, 0xe4, 0x18, 0xe4, 0x18, 0x04, 0x21, 0x04, 0x21,
    0x24, 0x21, 0x25, 0x21, 0x25, 0x21, 0x45, 0x29, 0x45, 0x29, 0x45, 0x29, 0x45, 0x29, 0x65, 0x29, 0x65, 0x29, 0x65, 0x29,
    0x66, 0x29, 0x66, 0x29, 0x66, 0x29, 0x66, 0x29, 0x66, 0x29, 0x65, 0x29, 0x65, 0x29, 0x65, 0x29, 0x45, 0x29, 0x45, 0x29,
    0x45, 0x29, 0x45, 0x29, 0x25, 0x21, 0x25, 0x21, 0x24, 0x21, 0x04, 0x21, 0x04, 0x21, 0xe4, 0x18, 0xe4, 0x18, 0xe3, 0x18,
    0xc3, 0x18, 0xc3, 0x18, 0xa3, 0x10, 0xa2, 0x10, 0x82, 0x10, 0x82, 0x10, 0x62, 0x08, 0x62, 0x08, 0x62, 0x08, 0x62, 0x08,
    0x62, 0x08, 0x62, 0x08, 0x62, 0x08, 0x62, 0x08, 0x62, 0x08, 0x62, 0x08, 0x62, 0x08, 0x62, 0x08, 0x62, 0x08, 0x62, 0x08,
    0x62, 0x08, 0x62, 0x08, 0x62, 0x08, 0x62, 0x08, 0x62, 0x08, 0x62, 0x08, 0x62, 0x08, 0x62, 0x08, 0x62, 0x08, 0x62, 0x08,
    0x61, 0x08, 0x61, 0x08, 0x61, 0x08, 0x61, 0x08, 0x61, 0x08, 0x61, 0x08, 0x41, 0x08, 0x41, 0x08, 0x41, 0x08, 0x61, 0x08,
    0x41, 0x08, 0x41, 0x08, 0x41, 0x08, 0x41, 0x08, 0xc3, 0x18, 0x61, 0x08, 0x21, 0x00, 0x41, 0x08, 0x41, 0x08, 0x41, 0x08,
    0x41, 0x08, 0x41, 0x08, 0x21, 0x00, 0x41, 0x08, 0x00, 0x00, 0x08, 0x42, 0x14, 0xa5, 0x35, 0xa5, 0x8a, 0x52, 0x00, 0x00,
    0x00, 0x00, 0x00, 0x00, 0x00, 0x00, 0x00, 0x00, 0x00, 0x00, 0x00, 0x00, 0x00, 0x00, 0x00, 0x00, 0x00, 0x00, 0x00, 0x00,
    0x00, 0x00, 0x00, 0x00, 0x00, 0x00, 0x00, 0x00, 0x00, 0x00, 0x00, 0x00, 0x00, 0x00, 0x00, 0x00, 0x00, 0x00, 0x00, 0x00,
    0x00, 0x00, 0x00, 0x00, 0x00, 0x00, 0x00, 0x00, 0x00, 0x00, 0x00, 0x00, 0x00, 0x00, 0x00, 0x00, 0x00, 0x00, 0x00, 0x00,
    0x00, 0x00, 0x00, 0x00, 0x00, 0x00, 0x00, 0x00, 0x00, 0x00, 0x00, 0x00, 0x00, 0x00, 0x00, 0x00, 0x00, 0x00, 0x00, 0x00,
    0x00, 0x00, 0x00, 0x00, 0x00, 0x00, 0x00, 0x00, 0x00, 0x00, 0x00, 0x00, 0x00, 0x00, 0x00, 0x00, 0x00, 0x00, 0x00, 0x00,
    0x00, 0x00, 0x00, 0x00, 0x00, 0x00, 0x00, 0x00, 0x00, 0x00, 0x00, 0x00, 0x00, 0x00, 0x00, 0x00, 0x00, 0x00, 0x00, 0x00,
    0x00, 0x00, 0x00, 0x00, 0x00, 0x00, 0x00, 0x00, 0x00, 0x00, 0x00, 0x00, 0x00, 0x00, 0x00, 0x00, 0x00, 0x00, 0x00, 0x00,
    0x00, 0x00, 0x00, 0x00, 0x00, 0x00, 0x00, 0x00, 0x00, 0x00, 0x00, 0x00, 0x00, 0x00, 0x00, 0x00, 0x00, 0x00, 0x00, 0x00,
    0x28, 0x42, 0x1c, 0xe7, 0x7e, 0xef, 0x10, 0x84, 0x00, 0x00, 0x21, 0x00, 0x21, 0x00, 0x41, 0x08, 0x41, 0x08, 0x41, 0x08,
    0x41, 0x08, 0x41, 0x08, 0x41, 0x08, 0x41, 0x08, 0x41, 0x08, 0x41, 0x08, 0x41, 0x08, 0x61, 0x08, 0x62, 0x08, 0x82, 0x10,
    0xa2, 0x10, 0xa3, 0x10, 0xc3, 0x18, 0xc3, 0x18, 0xe3, 0x18, 0xe4, 0x18, 0x04, 0x21, 0x04, 0x21, 0x24, 0x21, 0x25, 0x21,
    0x25, 0x21, 0x45, 0x29, 0x45, 0x29, 0x45, 0x29, 0x65, 0x29, 0x66, 0x29, 0x66, 0x29, 0x66, 0x29, 0x66, 0x29, 0x86, 0x31,
    0x86, 0x31, 0x86, 0x31, 0x86, 0x31, 0x86, 0x31, 0x86, 0x31, 0x86, 0x31, 0x66, 0x29, 0x66, 0x29, 0x66, 0x29, 0x65, 0x29,
    0x45, 0x29, 0x45, 0x29, 0x45, 0x29, 0x45, 0x29, 0x25, 0x21, 0x25, 0x21, 0x04, 0x21, 0x04, 0x21, 0x04, 0x21, 0xe4, 0x18,
    0xe3, 0x18, 0xc3, 0x18, 0xc3, 0x18, 0xa3, 0x10, 0xa2, 0x10, 0x82, 0x10, 0x82, 0x10, 0x62, 0x08, 0x62, 0x08, 0x62, 0x08,
    0x62, 0x08, 0x62, 0x08, 0x62, 0x08, 0x62, 0x08, 0x62, 0x08, 0x62, 0x08, 0x62, 0x08, 0x62, 0x08, 0x62, 0x08, 0x62, 0x08,
    0x62, 0x08, 0x62, 0x08, 0x62, 0x08, 0x62, 0x08, 0x62, 0x08, 0x62, 0x08, 0x62, 0x08, 0x62, 0x08, 0x62, 0x08, 0x62, 0x08,
    0x62, 0x08, 0x61, 0x08, 0x61, 0x08, 0x61, 0x08, 0x61, 0x08, 0x61, 0x08, 0x61, 0x08, 0x61, 0x08, 0x41, 0x08, 0x41, 0x08,
    0x41, 0x08, 0x41, 0x08, 0x41, 0x08, 0x41, 0x08, 0x41, 0x08, 0x41, 0x08, 0x41, 0x08, 0x41, 0x08, 0x41, 0x08, 0x41, 0x08,
    0x41, 0x08, 0x41, 0x08, 0x41, 0x08, 0x21, 0x00, 0x21, 0x00, 0x00, 0x00, 0xec, 0x5a, 0x15, 0xa5, 0xd3, 0x9c, 0x86, 0x31,
    0x00, 0x00, 0x00, 0x00, 0x00, 0x00, 0x00, 0x00, 0x00, 0x00, 0x00, 0x00, 0x00, 0x00, 0x00, 0x00, 0x00, 0x00, 0x00, 0x00,
    0x00, 0x00, 0x00, 0x00, 0x00, 0x00, 0x00, 0x00, 0x00, 0x00, 0x00, 0x00, 0x00, 0x00, 0x00, 0x00, 0x00, 0x00, 0x00, 0x00,
    0x00, 0x00, 0x00, 0x00, 0x00, 0x00, 0x00, 0x00, 0x00, 0x00, 0x00, 0x00, 0x00, 0x00, 0x00, 0x00, 0x00, 0x00, 0x00, 0x00,
    0x00, 0x00, 0x00, 0x00, 0x00, 0x00, 0x00, 0x00, 0x00, 0x00, 0x00, 0x00, 0x00, 0x00, 0x00, 0x00, 0x00, 0x00, 0x00, 0x00,
    0x00, 0x00, 0x00, 0x00, 0x00, 0x00, 0x00, 0x00, 0x00, 0x00, 0x00, 0x00, 0x00, 0x00, 0x00, 0x00, 0x00, 0x00, 0x00, 0x00,
    0x00, 0x00, 0x00, 0x00, 0x00, 0x00, 0x00, 0x00, 0x00, 0x00, 0x00, 0x00, 0x00, 0x00, 0x00, 0x00, 0x00, 0x00, 0x00, 0x00,
    0x00, 0x00, 0x00, 0x00, 0x00, 0x00, 0x00, 0x00, 0x00, 0x00, 0x00, 0x00, 0x00, 0x00, 0x00, 0x00, 0x00, 0x00, 0x00, 0x00,
    0x00, 0x00, 0x00, 0x00, 0x00, 0x00, 0x00, 0x00, 0x00, 0x00, 0x00, 0x00, 0x00, 0x00, 0x00, 0x00, 0x00, 0x00, 0xc3, 0x18,
    0x38, 0xc6, 0x9e, 0xf7, 0x76, 0xad, 0x61, 0x08, 0x20, 0x00, 0x41, 0x08, 0x21, 0x00, 0x41, 0x08, 0x41, 0x08, 0x41, 0x08,
    0x41, 0x08, 0x41, 0x08, 0x41, 0x08, 0x41, 0x08, 0x41, 0x08, 0x41, 0x08, 0x61, 0x08, 0x62, 0x08, 0x82, 0x10, 0xa2, 0x10,
    0xa3, 0x10, 0xc3, 0x18, 0xc3, 0x18, 0xe3, 0x18, 0xe4, 0x18, 0x04, 0x21, 0x04, 0x21, 0x24, 0x21, 0x25, 0x21, 0x45, 0x29,
    0x45, 0x29, 0x45, 0x29, 0x65, 0x29, 0x66, 0x29, 0x66, 0x29, 0x86, 0x31, 0x86, 0x31, 0x86, 0x31, 0x86, 0x31, 0x86, 0x31,
    0x86, 0x31, 0x86, 0x31, 0x86, 0x31, 0x86, 0x31, 0x86, 0x31, 0x86, 0x31, 0x86, 0x31, 0x86, 0x31, 0x86, 0x31, 0x66, 0x29,
    0x66, 0x29, 0x65, 0x29, 0x45, 0x29, 0x45, 0x29, 0x25, 0x21, 0x24, 0x21, 0x04, 0x21, 0x04, 0x21, 0xe4, 0x18, 0xe4, 0x18,
    0xe3, 0x18, 0xc3, 0x18, 0xa3, 0x10, 0xa2, 0x10, 0x82, 0x10, 0x82, 0x10, 0x62, 0x08, 0x62, 0x08, 0x62, 0x08, 0x62, 0x08,
    0x62, 0x08, 0x62, 0x08, 0x62, 0x08, 0x62, 0x08, 0x62, 0x08, 0x62, 0x08, 0x62, 0x08, 0x62, 0x08, 0x62, 0x08, 0x62, 0x08,
    0x62, 0x08, 0x62, 0x08, 0x62, 0x08, 0x62, 0x08, 0x62, 0x08, 0x62, 0x08, 0x62, 0x08, 0x62, 0x08, 0x62, 0x08, 0x62, 0x08,
    0x62, 0x08, 0x62, 0x08, 0x62, 0x08, 0x61, 0x08, 0x61, 0x08, 0x61, 0x08, 0x61, 0x08, 0x61, 0x08, 0x61, 0x08, 0x41, 0x08,
    0x41, 0x08, 0x41, 0x08, 0x41, 0x08, 0x41, 0x08, 0x41, 0x08, 0x41, 0x08, 0x41, 0x08, 0x41, 0x08, 0x41, 0x08, 0x41, 0x08,
    0x41, 0x08, 0x41, 0x08, 0x41, 0x08, 0x21, 0x00, 0x21, 0x00, 0x20, 0x00, 0x41, 0x08, 0xcf, 0x7b, 0x15, 0xa5, 0x31, 0x84,
    0xa2, 0x10, 0x00, 0x00, 0x00, 0x00, 0x00, 0x00, 0x00, 0x00, 0x00, 0x00, 0x00, 0x00, 0x00, 0x00, 0x00, 0x00, 0x00, 0x00,
    0x00, 0x00, 0x00, 0x00, 0x00, 0x00, 0x00, 0x00, 0x00, 0x00, 0x00, 0x00, 0x00, 0x00, 0x00, 0x00, 0x00, 0x00, 0x00, 0x00,
    0x00, 0x00, 0x00, 0x00, 0x00, 0x00, 0x00, 0x00, 0x00, 0x00, 0x00, 0x00, 0x00, 0x00, 0x00, 0x00, 0x00, 0x00, 0x00, 0x00,
    0x00, 0x00, 0x00, 0x00, 0x00, 0x00, 0x00, 0x00, 0x00, 0x00, 0x00, 0x00, 0x00, 0x00, 0x00, 0x00, 0x00, 0x00, 0x00, 0x00,
    0x00, 0x00, 0x00, 0x00, 0x00, 0x00, 0x00, 0x00, 0x00, 0x00, 0x00, 0x00, 0x00, 0x00, 0x00, 0x00, 0x00, 0x00, 0x00, 0x00,
    0x00, 0x00, 0x00, 0x00, 0x00, 0x00, 0x00, 0x00, 0x00, 0x00, 0x00, 0x00, 0x00, 0x00, 0x00, 0x00, 0x00, 0x00, 0x00, 0x00,
    0x00, 0x00, 0x00, 0x00, 0x00, 0x00, 0x00, 0x00, 0x00, 0x00, 0x00, 0x00, 0x00, 0x00, 0x00, 0x00, 0x00, 0x00, 0x00, 0x00,
    0x00, 0x00, 0x00, 0x00, 0x00, 0x00, 0x00, 0x00, 0x00, 0x00, 0x00, 0x00, 0x00, 0x00, 0x00, 0x00, 0x00, 0x00, 0xb2, 0x94,
    0x9e, 0xf7, 0x9a, 0xd6, 0x65, 0x29, 0x00, 0x00, 0x41, 0x08, 0x21, 0x00, 0x61, 0x08, 0x21, 0x00, 0x21, 0x00, 0x41, 0x08,
    0x41, 0x08, 0x41, 0x08, 0x41, 0x08, 0x41, 0x08, 0x41, 0x08, 0x61, 0x08, 0x62, 0x08, 0x82, 0x10, 0xa2, 0x10, 0xa3, 0x10,
    0xc3, 0x18, 0xc3, 0x18, 0xe3, 0x18, 0xe4, 0x18, 0x04, 0x21, 0x24, 0x21, 0x25, 0x21, 0x25, 0x21, 0x45, 0x29, 0x45, 0x29,
    0x65, 0x29, 0x66, 0x29, 0x86, 0x31, 0x86, 0x31, 0x86, 0x31, 0x86, 0x31, 0x86, 0x31, 0x86, 0x31, 0x86, 0x31, 0x86, 0x31,
    0x86, 0x31, 0x86, 0x31, 0x86, 0x31, 0x86, 0x31, 0x86, 0x31, 0x86, 0x31, 0x86, 0x31, 0x86, 0x31, 0x66, 0x29, 0x66, 0x29,
    0x66, 0x29, 0x66, 0x29, 0x86, 0x31, 0x86, 0x31, 0xa6, 0x31, 0xa7, 0x31, 0xa7, 0x31, 0xa7, 0x31, 0xa7, 0x31, 0xa7, 0x31,
    0x86, 0x31, 0x86, 0x31, 0x66, 0x29, 0x45, 0x29, 0x25, 0x21, 0x04, 0x21, 0xc3, 0x18, 0x82, 0x10, 0x62, 0x08, 0x61, 0x08,
    0x61, 0x08, 0x62, 0x08, 0x62, 0x08, 0x62, 0x08, 0x62, 0x08, 0x62, 0x08, 0x62, 0x08, 0x62, 0x08, 0x62, 0x08, 0x62, 0x08,
    0x62, 0x08, 0x62, 0x08, 0x62, 0x08, 0x62, 0x08, 0x62, 0x08, 0x62, 0x08, 0x62, 0x08, 0x62, 0x08, 0x62, 0x08, 0x62, 0x08,
    0x62, 0x08, 0x62, 0x08, 0x62, 0x08, 0x62, 0x08, 0x61, 0x08, 0x61, 0x08, 0x61, 0x08, 0x61, 0x08, 0x61, 0x08, 0x61, 0x08,
    0x41, 0x08, 0x41, 0x08, 0x41, 0x08, 0x41, 0x08, 0x41, 0x08, 0x41, 0x08, 0x41, 0x08, 0x41, 0x08, 0x41, 0x08, 0x41, 0x08,
    0x41, 0x08, 0x21, 0x00, 0x21, 0x00, 0x61, 0x08, 0x21, 0x00, 0x21, 0x00, 0x00, 0x00, 0xe4, 0x18, 0x72, 0x8c, 0x14, 0xa5,
    0x2d, 0x63, 0x00, 0x00, 0x00, 0x00, 0x00, 0x00, 0x00, 0x00, 0x00, 0x00, 0x00, 0x00, 0x00, 0x00, 0x00, 0x00, 0x00, 0x00,
    0x00, 0x00, 0x00, 0x00, 0x00, 0x00, 0x00, 0x00, 0x00, 0x00, 0x00, 0x00, 0x00, 0x00, 0x00, 0x00, 0x00, 0x00, 0x00, 0x00,
    0x00, 0x00, 0x00, 0x00, 0x00, 0x00, 0x00, 0x00, 0x00, 0x00, 0x00, 0x00, 0x00, 0x00, 0x00, 0x00, 0x00, 0x00, 0x00, 0x00,
    0x00, 0x00, 0x00, 0x00, 0x00, 0x00, 0x00, 0x00, 0x00, 0x00, 0x00, 0x00, 0x00, 0x00, 0x00, 0x00, 0x00, 0x00, 0x00, 0x00,
    0x00, 0x00, 0x00, 0x00, 0x00, 0x00, 0x00, 0x00, 0x00, 0x00, 0x00, 0x00, 0x00, 0x00, 0x00, 0x00, 0x00, 0x00, 0x00, 0x00,
    0x00, 0x00, 0x00, 0x00, 0x00, 0x00, 0x00, 0x00, 0x00, 0x00, 0x00, 0x00, 0x00, 0x00, 0x00, 0x00, 0x00, 0x00, 0x00, 0x00,
    0x00, 0x00, 0x00, 0x00, 0x00, 0x00, 0x00, 0x00, 0x00, 0x00, 0x00, 0x00, 0x00, 0x00, 0x00, 0x00, 0x00, 0x00, 0x00, 0x00,
    0x00, 0x00, 0x00, 0x00, 0x00, 0x00, 0x00, 0x00, 0x00, 0x00, 0x00, 0x00, 0x00, 0x00, 0x00, 0x00, 0xaa, 0x52, 0x3d, 0xe7,
    0x3d, 0xe7, 0xeb, 0x5a, 0x00, 0x00, 0x41, 0x08, 0x21, 0x00, 0x21, 0x00, 0x82, 0x10, 0xc3, 0x18, 0x41, 0x08, 0x21, 0x00,
    0x41, 0x08, 0x41, 0x08, 0x41, 0x08, 0x41, 0x08, 0x41, 0x08, 0x62, 0x08, 0x82, 0x10, 0x82, 0x10, 0xa3, 0x10, 0xc3, 0x18,
    0xc3, 0x18, 0xe3, 0x18, 0xe4, 0x18, 0x04, 0x21, 0x24, 0x21, 0x25, 0x21, 0x45, 0x29, 0x45, 0x29, 0x65, 0x29, 0x66, 0x29,
    0x66, 0x29, 0x86, 0x31, 0x86, 0x31, 0x86, 0x31, 0x86, 0x31, 0x86, 0x31, 0x86, 0x31, 0x86, 0x31, 0x86, 0x31, 0x86, 0x31,
    0x86, 0x31, 0x86, 0x31, 0x86, 0x31, 0x86, 0x31, 0x86, 0x31, 0x66, 0x29, 0x66, 0x29, 0x66, 0x29, 0x86, 0x31, 0xc7, 0x39,
    0x08, 0x42, 0x28, 0x42, 0x29, 0x42, 0x08, 0x42, 0xe8, 0x39, 0xc7, 0x39, 0xa7, 0x31, 0x86, 0x31, 0x86, 0x31, 0x66, 0x29,
    0x45, 0x29, 0x45, 0x29, 0x45, 0x29, 0x45, 0x29, 0x45, 0x29, 0x65, 0x29, 0x66, 0x29, 0x65, 0x29, 0x45, 0x29, 0x04, 0x21,
    0xc3, 0x18, 0x82, 0x10, 0x61, 0x08, 0x41, 0x08, 0x62, 0x08, 0x62, 0x08, 0x62, 0x08, 0x62, 0x08, 0x62, 0x08, 0x62, 0x08,
    0x62, 0x08, 0x62, 0x08, 0x62, 0x08, 0x62, 0x08, 0x62, 0x08, 0x62, 0x08, 0x62, 0x08, 0x62, 0x08, 0x62, 0x08, 0x62, 0x08,
    0x62, 0x08, 0x62, 0x08, 0x62, 0x08, 0x62, 0x08, 0x62, 0x08, 0x61, 0x08, 0x61, 0x08, 0x61, 0x08, 0x61, 0x08, 0x61, 0x08,
    0x61, 0x08, 0x41, 0x08, 0x41, 0x08, 0x41, 0x08, 0x41, 0x08, 0x41, 0x08, 0x41, 0x08, 0x41, 0x08, 0x41, 0x08, 0x41, 0x08,
    0x21, 0x00, 0x41, 0x08, 0xe3, 0x18, 0x61, 0x08, 0x00, 0x00, 0x61, 0x08, 0x21, 0x00, 0x00, 0x00, 0x08, 0x42, 0xd3, 0x9c,
    0xd3, 0x9c, 0xc7, 0x39, 0x00, 0x00, 0x00, 0x00, 0x00, 0x00, 0x00, 0x00, 0x00, 0x00, 0x00, 0x00, 0x00, 0x00, 0x00, 0x00,
    0x00, 0x00, 0x00, 0x00, 0x00, 0x00, 0x00, 0x00, 0x00, 0x00, 0x00, 0x00, 0x00, 0x00, 0x00, 0x00, 0x00, 0x00, 0x00, 0x00,
    0x00, 0x00, 0x00, 0x00, 0x00, 0x00, 0x00, 0x00, 0x00, 0x00, 0x00, 0x00, 0x00, 0x00, 0x00, 0x00, 0x00, 0x00, 0x00, 0x00,
    0x00, 0x00, 0x00, 0x00, 0x00, 0x00, 0x00, 0x00, 0x00, 0x00, 0x00, 0x00, 0x00, 0x00, 0x00, 0x00, 0x00, 0x00, 0x00, 0x00,
    0x00, 0x00, 0x00, 0x00, 0x00, 0x00, 0x00, 0x00, 0x00, 0x00, 0x00, 0x00, 0x00, 0x00, 0x00, 0x00, 0x00, 0x00, 0x00, 0x00,
    0x00, 0x00, 0x00, 0x00, 0x00, 0x00, 0x00, 0x00, 0x00, 0x00, 0x00, 0x00, 0x00, 0x00, 0x00, 0x00, 0x00, 0x00, 0x00, 0x00,
    0x00, 0x00, 0x00, 0x00, 0x00, 0x00, 0x00, 0x00, 0x00, 0x00, 0x00, 0x00, 0x00, 0x00, 0x00, 0x00, 0x00, 0x00, 0x00, 0x00,
    0x00, 0x00, 0x00, 0x00, 0x00, 0x00, 0x00, 0x00, 0x00, 0x00, 0x00, 0x00, 0x00, 0x00, 0xe3, 0x18, 0x39, 0xc6, 0x9e, 0xf7,
    0xd3, 0x9c, 0x20, 0x00, 0x21, 0x00, 0x21, 0x00, 0x41, 0x08, 0x41, 0x08, 0x21, 0x00, 0x62, 0x08, 0xe3, 0x18, 0x62, 0x08,
    0x41, 0x08, 0x41, 0x08, 0x41, 0x08, 0x41, 0x08, 0x61, 0x08, 0x82, 0x10, 0x82, 0x10, 0xa2, 0x10, 0xa3, 0x10, 0xc3, 0x18,
    0xe3, 0x18, 0xe4, 0x18, 0x04, 0x21, 0x24, 0x21, 0x25, 0x21, 0x45, 0x29, 0x45, 0x29, 0x65, 0x29, 0x66, 0x29, 0x86, 0x31,
    0x86, 0x31, 0x86, 0x31, 0x86, 0x31, 0x86, 0x31, 0x86, 0x31, 0x86, 0x31, 0x86, 0x31, 0x86, 0x31, 0x86, 0x31, 0x86, 0x31,
    0x86, 0x31, 0x86, 0x31, 0x86, 0x31, 0x66, 0x29, 0x66, 0x29, 0x86, 0x31, 0xe7, 0x39, 0x08, 0x42, 0x29, 0x42, 0x08, 0x42,
    0xe7, 0x39, 0xa7, 0x31, 0x86, 0x31, 0x66, 0x29, 0x65, 0x29, 0x45, 0x29, 0x45, 0x29, 0x25, 0x21, 0x24, 0x21, 0x04, 0x21,
    0x04, 0x21, 0xe4, 0x18, 0xe3, 0x18, 0xc3, 0x18, 0xa3, 0x10, 0xa3, 0x10, 0xa2, 0x10, 0xa3, 0x10, 0xc3, 0x18, 0xe4, 0x18,
    0x25, 0x21, 0x45, 0x29, 0x25, 0x21, 0xe4, 0x18, 0x82, 0x10, 0x61, 0x08, 0x61, 0x08, 0x62, 0x08, 0x62, 0x08, 0x62, 0x08,
    0x62, 0x08, 0x62, 0x08, 0x62, 0x08, 0x62, 0x08, 0x62, 0x08, 0x62, 0x08, 0x62, 0x08, 0x62, 0x08, 0x62, 0x08, 0x62, 0x08,
    0x62, 0x08, 0x62, 0x08, 0x62, 0x08, 0x62, 0x08, 0x62, 0x08, 0x62, 0x08, 0x61, 0x08, 0x61, 0x08, 0x61, 0x08, 0x61, 0x08,
    0x61, 0x08, 0x61, 0x08, 0x41, 0x08, 0x41, 0x08, 0x41, 0x08, 0x41, 0x08, 0x41, 0x08, 0x41, 0x08, 0x41, 0x08, 0x41, 0x08,
    0x62, 0x08, 0xe4, 0x18, 0x21, 0x00, 0x62, 0x08, 0xcb, 0x5a, 0x25, 0x21, 0x00, 0x00, 0x21, 0x00, 0x00, 0x00, 0x4d, 0x6b,
    0xf4, 0x9c, 0x11, 0x84, 0xa2, 0x10, 0x00, 0x00, 0x00, 0x00, 0x00, 0x00, 0x00, 0x00, 0x00, 0x00, 0x00, 0x00, 0x00, 0x00,
    0x00, 0x00, 0x00, 0x00, 0x00, 0x00, 0x00, 0x00, 0x00, 0x00, 0x00, 0x00, 0x00, 0x00, 0x00, 0x00, 0x00, 0x00, 0x00, 0x00,
    0x00, 0x00, 0x00, 0x00, 0x00, 0x00, 0x00, 0x00, 0x00, 0x00, 0x00, 0x00, 0x00, 0x00, 0x00, 0x00, 0x00, 0x00, 0x00, 0x00,
    0x00, 0x00, 0x00, 0x00, 0x00, 0x00, 0x00, 0x00, 0x00, 0x00, 0x00, 0x00, 0x00, 0x00, 0x00, 0x00, 0x00, 0x00, 0x00, 0x00,
    0x00, 0x00, 0x00, 0x00, 0x00, 0x00, 0x00, 0x00, 0x00, 0x00, 0x00, 0x00, 0x00, 0x00, 0x00, 0x00, 0x00, 0x00, 0x00, 0x00,
    0x00, 0x00, 0x00, 0x00, 0x00, 0x00, 0x00, 0x00, 0x00, 0x00, 0x00, 0x00, 0x00, 0x00, 0x00, 0x00, 0x00, 0x00, 0x00, 0x00,
    0x00, 0x00, 0x00, 0x00, 0x00, 0x00, 0x00, 0x00, 0x00, 0x00, 0x00, 0x00, 0x00, 0x00, 0x00, 0x00, 0x00, 0x00, 0x00, 0x00,
    0x00, 0x00, 0x00, 0x00, 0x00, 0x00, 0x00, 0x00, 0x00, 0x00, 0x00, 0x00, 0x00, 0x00, 0x51, 0x8c, 0x7e, 0xef, 0x59, 0xce,
    0x24, 0x21, 0x00, 0x00, 0x41, 0x08, 0x21, 0x00, 0x41, 0x08, 0x41, 0x08, 0x41, 0x08, 0x21, 0x00, 0x41, 0x08, 0xc3, 0x18,
    0x82, 0x10, 0x41, 0x08, 0x41, 0x08, 0x61, 0x08, 0x62, 0x08, 0x82, 0x10, 0xa2, 0x10, 0xa3, 0x10, 0xc3, 0x18, 0xe3, 0x18,
    0xe4, 0x18, 0x04, 0x21, 0x24, 0x21, 0x25, 0x21, 0x45, 0x29, 0x45, 0x29, 0x65, 0x29, 0x66, 0x29, 0x86, 0x31, 0x86, 0x31,
    0x86, 0x31, 0x86, 0x31, 0x86, 0x31, 0x86, 0x31, 0x86, 0x31, 0x86, 0x31, 0x86, 0x31, 0x86, 0x31, 0x86, 0x31, 0x86, 0x31,
    0x86, 0x31, 0x66, 0x29, 0x66, 0x29, 0xc7, 0x39, 0x08, 0x42, 0x29, 0x42, 0x08, 0x42, 0xc7, 0x39, 0x86, 0x31, 0x65, 0x29,
    0x65, 0x29, 0x66, 0x29, 0x66, 0x29, 0x66, 0x29, 0x66, 0x29, 0x66, 0x29, 0x65, 0x29, 0x45, 0x29, 0x45, 0x29, 0x25, 0x21,
    0x24, 0x21, 0x04, 0x21, 0x04, 0x21, 0xe4, 0x18, 0xc3, 0x18, 0xc3, 0x18, 0xa3, 0x10, 0x82, 0x10, 0x82, 0x10, 0x61, 0x08,
    0x41, 0x08, 0x62, 0x08, 0xc3, 0x18, 0x04, 0x21, 0x45, 0x29, 0x25, 0x21, 0xc3, 0x18, 0x62, 0x08, 0x61, 0x08, 0x62, 0x08,
    0x62, 0x08, 0x62, 0x08, 0x62, 0x08, 0x62, 0x08, 0x62, 0x08, 0x62, 0x08, 0x62, 0x08, 0x62, 0x08, 0x62, 0x08, 0x62, 0x08,
    0x62, 0x08, 0x62, 0x08, 0x62, 0x08, 0x62, 0x08, 0x62, 0x08, 0x62, 0x08, 0x62, 0x08, 0x61, 0x08, 0x61, 0x08, 0x61, 0x08,
    0x61, 0x08, 0x61, 0x08, 0x61, 0x08, 0x41, 0x08, 0x41, 0x08, 0x41, 0x08, 0x41, 0x08, 0x41, 0x08, 0x41, 0x08, 0x82, 0x10,
    0xc3, 0x18, 0x00, 0x00, 0x45, 0x29, 0x2d, 0x63, 0x86, 0x31, 0x20, 0x00, 0x41, 0x08, 0x41, 0x08, 0x00, 0x00, 0xc3, 0x18,
    0x31, 0x84, 0xd4, 0x9c, 0xcb, 0x5a, 0x00, 0x00, 0x00, 0x00, 0x00, 0x00, 0x00, 0x00, 0x00, 0x00, 0x00, 0x00, 0x00, 0x00,
    0x00, 0x00, 0x00, 0x00, 0x00, 0x00, 0x00, 0x00, 0x00, 0x00, 0x00, 0x00, 0x00, 0x00, 0x00, 0x00, 0x00, 0x00, 0x00, 0x00,
    0x00, 0x00, 0x00, 0x00, 0x00, 0x00, 0x00, 0x00, 0x00, 0x00, 0x00, 0x00, 0x00, 0x00, 0x00, 0x00, 0x00, 0x00, 0x00, 0x00,
    0x00, 0x00, 0x00, 0x00, 0x00, 0x00, 0x00, 0x00, 0x00, 0x00, 0x00, 0x00, 0x00, 0x00, 0x00, 0x00, 0x00, 0x00, 0x00, 0x00,
    0x00, 0x00, 0x00, 0x00, 0x00, 0x00, 0x00, 0x00, 0x00, 0x00, 0x00, 0x00, 0x00, 0x00, 0x00, 0x00, 0x00, 0x00, 0x00, 0x00,
    0x00, 0x00, 0x00, 0x00, 0x00, 0x00, 0x00, 0x00, 0x00, 0x00, 0x00, 0x00, 0x00, 0x00, 0x00, 0x00, 0x00, 0x00, 0x00, 0x00,
    0x00, 0x00, 0x00, 0x00, 0x00, 0x00, 0x00, 0x00, 0x00, 0x00, 0x00, 0x00, 0x00, 0x00, 0x00, 0x00, 0x00, 0x00, 0x00, 0x00,
    0x00, 0x00, 0x00, 0x00, 0x00, 0x00, 0x00, 0x00, 0x00, 0x00, 0x00, 0x00, 0xe7, 0x39, 0xdb, 0xde, 0x3d, 0xe7, 0x0c, 0x63,
    0x00, 0x00, 0x41, 0x08, 0x21, 0x00, 0x41, 0x08, 0x41, 0x08, 0x41, 0x08, 0x41, 0x08, 0x41, 0x08, 0x41, 0x08, 0x41, 0x08,
    0x61, 0x08, 0x41, 0x08, 0x41, 0x08, 0x62, 0x08, 0x82, 0x10, 0x82, 0x10, 0xa3, 0x10, 0xc3, 0x18, 0xc3, 0x18, 0xe4, 0x18,
    0x04, 0x21, 0x04, 0x21, 0x25, 0x21, 0x45, 0x29, 0x45, 0x29, 0x65, 0x29, 0x66, 0x29, 0x86, 0x31, 0x86, 0x31, 0x86, 0x31,
    0x86, 0x31, 0x86, 0x31, 0x86, 0x31, 0x86, 0x31, 0x86, 0x31, 0x86, 0x31, 0x86, 0x31, 0x86, 0x31, 0x86, 0x31, 0x66, 0x29,
    0x66, 0x29, 0xc7, 0x39, 0x28, 0x42, 0x28, 0x42, 0xc7, 0x39, 0x86, 0x31, 0x65, 0x29, 0x65, 0x29, 0x66, 0x29, 0x66, 0x29,
    0x66, 0x29, 0x66, 0x29, 0x66, 0x29, 0x66, 0x29, 0x66, 0x29, 0x66, 0x29, 0x66, 0x29, 0x65, 0x29, 0x45, 0x29, 0x25, 0x21,
    0x24, 0x21, 0x04, 0x21, 0x04, 0x21, 0xe4, 0x18, 0xe3, 0x18, 0xc3, 0x18, 0xa3, 0x10, 0xa2, 0x10, 0x82, 0x10, 0x82, 0x10,
    0x62, 0x08, 0x61, 0x08, 0x41, 0x08, 0x41, 0x08, 0x62, 0x08, 0xc3, 0x18, 0x45, 0x29, 0x45, 0x29, 0xc3, 0x18, 0x61, 0x08,
    0x61, 0x08, 0x62, 0x08, 0x62, 0x08, 0x62, 0x08, 0x62, 0x08, 0x62, 0x08, 0x62, 0x08, 0x62, 0x08, 0x62, 0x08, 0x62, 0x08,
    0x62, 0x08, 0x62, 0x08, 0x62, 0x08, 0x62, 0x08, 0x62, 0x08, 0x62, 0x08, 0x62, 0x08, 0x62, 0x08, 0x61, 0x08, 0x61, 0x08,
    0x61, 0x08, 0x61, 0x08, 0x61, 0x08, 0x61, 0x08, 0x41, 0x08, 0x41, 0x08, 0x41, 0x08, 0x41, 0x08, 0x41, 0x08, 0x41, 0x08,
    0x21, 0x00, 0x29, 0x42, 0xeb, 0x5a, 0xa3, 0x10, 0x00, 0x00, 0x41, 0x08, 0x41, 0x08, 0x21, 0x00, 0x41, 0x08, 0x00, 0x00,
    0x08, 0x42, 0xb3, 0x94, 0x72, 0x8c, 0x45, 0x29, 0x00, 0x00, 0x00, 0x00, 0x00, 0x00, 0x00, 0x00, 0x00, 0x00, 0x00, 0x00,
    0x00, 0x00, 0x00, 0x00, 0x00, 0x00, 0x00, 0x00, 0x00, 0x00, 0x00, 0x00, 0x00, 0x00, 0x00, 0x00, 0x00, 0x00, 0x00, 0x00,
    0x00, 0x00, 0x00, 0x00, 0x00, 0x00, 0x00, 0x00, 0x00, 0x00, 0x00, 0x00, 0x00, 0x00, 0x00, 0x00, 0x00, 0x00, 0x00, 0x00,
    0x00, 0x00, 0x00, 0x00, 0x00, 0x00, 0x00, 0x00, 0x00, 0x00, 0x00, 0x00, 0x00, 0x00, 0x00, 0x00, 0x00, 0x00, 0x00, 0x00,
    0x00, 0x00, 0x00, 0x00, 0x00, 0x00, 0x00, 0x00, 0x00, 0x00, 0x00, 0x00, 0x00, 0x00, 0x00, 0x00, 0x00, 0x00, 0x00, 0x00,
    0x00, 0x00, 0x00, 0x00, 0x00, 0x00, 0x00, 0x00, 0x00, 0x00, 0x00, 0x00, 0x00, 0x00, 0x00, 0x00, 0x00, 0x00, 0x00, 0x00,
    0x00, 0x00, 0x00, 0x00, 0x00, 0x00, 0x00, 0x00, 0x00, 0x00, 0x00, 0x00, 0x00, 0x00, 0x00, 0x00, 0x00, 0x00, 0x00, 0x00,
    0x00, 0x00, 0x00, 0x00, 0x00, 0x00, 0x00, 0x00, 0x00, 0x00, 0x41, 0x08, 0x55, 0xad, 0x7e, 0xef, 0x55, 0xad, 0x41, 0x08,
    0x20, 0x00, 0x21, 0x00, 0x41, 0x08, 0x41, 0x08, 0x41, 0x08, 0x41, 0x08, 0x41, 0x08, 0x41, 0x08, 0x41, 0x08, 0x41, 0x08,
    0x41, 0x08, 0x41, 0x08, 0x61, 0x08, 0x62, 0x08, 0x82, 0x10, 0xa2, 0x10, 0xa3, 0x10, 0xc3, 0x18, 0xe3, 0x18, 0xe4, 0x18,
    0x04, 0x21, 0x24, 0x21, 0x25, 0x21, 0x45, 0x29, 0x65, 0x29, 0x66, 0x29, 0x86, 0x31, 0x86, 0x31, 0x86, 0x31, 0x86, 0x31,
    0x86, 0x31, 0x86, 0x31, 0x86, 0x31, 0x86, 0x31, 0x86, 0x31, 0x66, 0x29, 0x86, 0x31, 0x66, 0x29, 0x65, 0x29, 0xa7, 0x31,
    0x29, 0x42, 0x08, 0x42, 0xa7, 0x31, 0x66, 0x29, 0x65, 0x29, 0x66, 0x29, 0x66, 0x29, 0x66, 0x29, 0x66, 0x29, 0x66, 0x29,
    0x66, 0x29, 0x66, 0x29, 0x66, 0x29, 0x66, 0x29, 0x66, 0x29, 0x66, 0x29, 0x66, 0x29, 0x65, 0x29, 0x45, 0x29, 0x45, 0x29,
    0x25, 0x21, 0x24, 0x21, 0x04, 0x21, 0xe4, 0x18, 0xe3, 0x18, 0xc3, 0x18, 0xc3, 0x18, 0xa3, 0x10, 0x82, 0x10, 0x82, 0x10,
    0x62, 0x08, 0x61, 0x08, 0x61, 0x08, 0x61, 0x08, 0x61, 0x08, 0x41, 0x08, 0x61, 0x08, 0xc3, 0x18, 0x25, 0x21, 0x45, 0x29,
    0xc3, 0x18, 0x41, 0x08, 0x61, 0x08, 0x62, 0x08, 0x62, 0x08, 0x62, 0x08, 0x62, 0x08, 0x62, 0x08, 0x62, 0x08, 0x62, 0x08,
    0x62, 0x08, 0x62, 0x08, 0x62, 0x08, 0x62, 0x08, 0x62, 0x08, 0x62, 0x08, 0x62, 0x08, 0x62, 0x08, 0x62, 0x08, 0x61, 0x08,
    0x61, 0x08, 0x61, 0x08, 0x61, 0x08, 0x61, 0x08, 0x41, 0x08, 0x41, 0x08, 0x41, 0x08, 0x61, 0x08, 0x41, 0x08, 0xc3, 0x18,
    0xeb, 0x5a, 0x08, 0x42, 0x20, 0x00, 0x20, 0x00, 0x41, 0x08, 0x41, 0x08, 0x41, 0x08, 0x41, 0x08, 0x21, 0x00, 0x20, 0x00,
    0x41, 0x08, 0x8e, 0x73, 0xd3, 0x9c, 0x6e, 0x6b, 0x20, 0x00, 0x00, 0x00, 0x00, 0x00, 0x00, 0x00, 0x00, 0x00, 0x00, 0x00,
    0x00, 0x00, 0x00, 0x00, 0x00, 0x00, 0x00, 0x00, 0x00, 0x00, 0x00, 0x00, 0x00, 0x00, 0x00, 0x00, 0x00, 0x00, 0x00, 0x00,
    0x00, 0x00, 0x00, 0x00, 0x00, 0x00, 0x00, 0x00, 0x00, 0x00, 0x00, 0x00, 0x00, 0x00, 0x00, 0x00, 0x00, 0x00, 0x00, 0x00,
    0x00, 0x00, 0x00, 0x00, 0x00, 0x00, 0x00, 0x00, 0x00, 0x00, 0x00, 0x00, 0x00, 0x00, 0x00, 0x00, 0x00, 0x00, 0x00, 0x00,
    0x00, 0x00, 0x00, 0x00, 0x00, 0x00, 0x00, 0x00, 0x00, 0x00, 0x00, 0x00, 0x00, 0x00, 0x00, 0x00, 0x00, 0x00, 0x00, 0x00,
    0x00, 0x00, 0x00, 0x00, 0x00, 0x00, 0x00, 0x00, 0x00, 0x00, 0x00, 0x00, 0x00, 0x00, 0x00, 0x00, 0x00, 0x00, 0x00, 0x00,
    0x00, 0x00, 0x00, 0x00, 0x00, 0x00, 0x00, 0x00, 0x00, 0x00, 0x00, 0x00, 0x00, 0x00, 0x00, 0x00, 0x00, 0x00, 0x00, 0x00,
    0x00, 0x00, 0x00, 0x00, 0x00, 0x00, 0x00, 0x00, 0x00, 0x00, 0xab, 0x52, 0x1c, 0xe7, 0xdb, 0xde, 0xe7, 0x39, 0x00, 0x00,
    0x41, 0x08, 0x21, 0x00, 0x41, 0x08, 0x41, 0x08, 0x41, 0x08, 0x41, 0x08, 0x41, 0x08, 0x41, 0x08, 0x41, 0x08, 0x41, 0x08,
    0x41, 0x08, 0x41, 0x08, 0x62, 0x08, 0x82, 0x10, 0x82, 0x10, 0xa3, 0x10, 0xc3, 0x18, 0xe3, 0x18, 0xe4, 0x18, 0x04, 0x21,
    0x24, 0x21, 0x25, 0x21, 0x45, 0x29, 0x65, 0x29, 0x66, 0x29, 0x86, 0x31, 0x86, 0x31, 0x86, 0x31, 0x86, 0x31, 0x86, 0x31,
    0x86, 0x31, 0x86, 0x31, 0x66, 0x29, 0x66, 0x29, 0x66, 0x29, 0x66, 0x29, 0x65, 0x29, 0x86, 0x31, 0x08, 0x42, 0x29, 0x42,
    0xa7, 0x31, 0x65, 0x29, 0x65, 0x29, 0x66, 0x29, 0x66, 0x29, 0x66, 0x29, 0x66, 0x29, 0x66, 0x29, 0x66, 0x29, 0x66, 0x29,
    0x66, 0x29, 0x66, 0x29, 0x65, 0x29, 0x65, 0x29, 0x65, 0x29, 0x65, 0x29, 0x65, 0x29, 0x65, 0x29, 0x65, 0x29, 0x45, 0x29,
    0x45, 0x29, 0x24, 0x21, 0x04, 0x21, 0x04, 0x21, 0xe4, 0x18, 0xc3, 0x18, 0xc3, 0x18, 0xa3, 0x10, 0xa2, 0x10, 0x82, 0x10,
    0x62, 0x08, 0x61, 0x08, 0x61, 0x08, 0x61, 0x08, 0x61, 0x08, 0x61, 0x08, 0x61, 0x08, 0x41, 0x08, 0x61, 0x08, 0xc3, 0x18,
    0x45, 0x29, 0x25, 0x21, 0x82, 0x10, 0x41, 0x08, 0x62, 0x08, 0x62, 0x08, 0x62, 0x08, 0x62, 0x08, 0x62, 0x08, 0x62, 0x08,
    0x62, 0x08, 0x62, 0x08, 0x62, 0x08, 0x62, 0x08, 0x62, 0x08, 0x62, 0x08, 0x62, 0x08, 0x62, 0x08, 0x62, 0x08, 0x62, 0x08,
    0x61, 0x08, 0x61, 0x08, 0x61, 0x08, 0x61, 0x08, 0x61, 0x08, 0x41, 0x08, 0x41, 0x08, 0x61, 0x08, 0x21, 0x00, 0x25, 0x21,
    0x25, 0x21, 0x00, 0x00, 0x41, 0x08, 0x41, 0x08, 0x41, 0x08, 0x41, 0x08, 0x41, 0x08, 0x41, 0x08, 0x21, 0x00, 0x41, 0x08,
    0x00, 0x00, 0x45, 0x29, 0x72, 0x8c, 0x92, 0x94, 0xc7, 0x39, 0x00, 0x00, 0x00, 0x00, 0x00, 0x00, 0x00, 0x00, 0x00, 0x00,
    0x00, 0x00, 0x00, 0x00, 0x00, 0x00, 0x00, 0x00, 0x00, 0x00, 0x00, 0x00, 0x00, 0x00, 0x00, 0x00, 0x00, 0x00, 0x00, 0x00,
    0x00, 0x00, 0x00, 0x00, 0x00, 0x00, 0x00, 0x00, 0x00, 0x00, 0x00, 0x00, 0x00, 0x00, 0x00, 0x00, 0x00, 0x00, 0x00, 0x00,
    0x00, 0x00, 0x00, 0x00, 0x00, 0x00, 0x00, 0x00, 0x00, 0x00, 0x00, 0x00, 0x00, 0x00, 0x00, 0x00, 0x00, 0x00, 0x00, 0x00,
    0x00, 0x00, 0x00, 0x00, 0x00, 0x00, 0x00, 0x00, 0x00, 0x00, 0x00, 0x00, 0x00, 0x00, 0x00, 0x00, 0x00, 0x00, 0x00, 0x00,
    0x00, 0x00, 0x00, 0x00, 0x00, 0x00, 0x00, 0x00, 0x00, 0x00, 0x00, 0x00, 0x00, 0x00, 0x00, 0x00, 0x00, 0x00, 0x00, 0x00,
    0x00, 0x00, 0x00, 0x00, 0x00, 0x00, 0x00, 0x00, 0x00, 0x00, 0x00, 0x00, 0x00, 0x00, 0x00, 0x00, 0x00, 0x00, 0x00, 0x00,
    0x00, 0x00, 0x00, 0x00, 0x00, 0x00, 0x00, 0x00, 0x82, 0x10, 0xb7, 0xb5, 0x5d, 0xef, 0x72, 0x8c, 0x00, 0x00, 0x21, 0x00,
    0x21, 0x00, 0x41, 0x08, 0x21, 0x00, 0x21, 0x00, 0x41, 0x08, 0x41, 0x08, 0x41, 0x08, 0x41, 0x08, 0x41, 0x08, 0x41, 0x08,
    0x41, 0x08, 0x61, 0x08, 0x62, 0x08, 0x82, 0x10, 0xa2, 0x10, 0xc3, 0x18, 0xc3, 0x18, 0xe4, 0x18, 0x04, 0x21, 0x04, 0x21,
    0x25, 0x21, 0x45, 0x29, 0x45, 0x29, 0x66, 0x29, 0x86, 0x31, 0x86, 0x31, 0x86, 0x31, 0x86, 0x31, 0x86, 0x31, 0x66, 0x29,
    0x66, 0x29, 0x66, 0x29, 0x66, 0x29, 0x66, 0x29, 0x66, 0x29, 0x66, 0x29, 0xc7, 0x39, 0x29, 0x42, 0xe7, 0x39, 0x66, 0x29,
    0x65, 0x29, 0x66, 0x29, 0x66, 0x29, 0x66, 0x29, 0x66, 0x29, 0x66, 0x29, 0x65, 0x29, 0x65, 0x29, 0x65, 0x29, 0x65, 0x29,
    0x65, 0x29, 0x65, 0x29, 0x65, 0x29, 0x65, 0x29, 0x65, 0x29, 0x65, 0x29, 0x65, 0x29, 0x65, 0x29, 0x65, 0x29, 0x65, 0x29,
    0x45, 0x29, 0x25, 0x21, 0x24, 0x21, 0x04, 0x21, 0xe4, 0x18, 0xe3, 0x18, 0xc3, 0x18, 0xa3, 0x10, 0xa2, 0x10, 0x82, 0x10,
    0x62, 0x08, 0x61, 0x08, 0x41, 0x08, 0x61, 0x08, 0x61, 0x08, 0x61, 0x08, 0x61, 0x08, 0x61, 0x08, 0x61, 0x08, 0x41, 0x08,
    0x61, 0x08, 0xe4, 0x18, 0x45, 0x29, 0xe3, 0x18, 0x41, 0x08, 0x61, 0x08, 0x62, 0x08, 0x62, 0x08, 0x62, 0x08, 0x62, 0x08,
    0x62, 0x08, 0x62, 0x08, 0x62, 0x08, 0x62, 0x08, 0x62, 0x08, 0x62, 0x08, 0x62, 0x08, 0x62, 0x08, 0x62, 0x08, 0x62, 0x08,
    0x62, 0x08, 0x61, 0x08, 0x61, 0x08, 0x61, 0x08, 0x61, 0x08, 0x61, 0x08, 0x41, 0x08, 0x41, 0x08, 0x61, 0x08, 0x21, 0x00,
    0x20, 0x00, 0x61, 0x08, 0x41, 0x08, 0x41, 0x08, 0x41, 0x08, 0x41, 0x08, 0x21, 0x00, 0x21, 0x00, 0x41, 0x08, 0x21, 0x00,
    0x21, 0x00, 0x00, 0x00, 0xec, 0x5a, 0xb3, 0x94, 0xaf, 0x73, 0x41, 0x08, 0x00, 0x00, 0x00, 0x00, 0x00, 0x00, 0x00, 0x00,
    0x00, 0x00, 0x00, 0x00, 0x00, 0x00, 0x00, 0x00, 0x00, 0x00, 0x00, 0x00, 0x00, 0x00, 0x00, 0x00, 0x00, 0x00, 0x00, 0x00,
    0x00, 0x00, 0x00, 0x00, 0x00, 0x00, 0x00, 0x00, 0x00, 0x00, 0x00, 0x00, 0x00, 0x00, 0x00, 0x00, 0x00, 0x00, 0x00, 0x00,
    0x00, 0x00, 0x00, 0x00, 0x00, 0x00, 0x00, 0x00, 0x00, 0x00, 0x00, 0x00, 0x00, 0x00, 0x00, 0x00, 0x00, 0x00, 0x00, 0x00,
    0x00, 0x00, 0x00, 0x00, 0x00, 0x00, 0x00, 0x00, 0x00, 0x00, 0x00, 0x00, 0x00, 0x00, 0x00, 0x00, 0x00, 0x00, 0x00, 0x00,
    0x00, 0x00, 0x00, 0x00, 0x00, 0x00, 0x00, 0x00, 0x00, 0x00, 0x00, 0x00, 0x00, 0x00, 0x00, 0x00, 0x00, 0x00, 0x00, 0x00,
    0x00, 0x00, 0x00, 0x00, 0x00, 0x00, 0x00, 0x00, 0x00, 0x00, 0x00, 0x00, 0x00, 0x00, 0x00, 0x00, 0x00, 0x00, 0x00, 0x00,
    0x00, 0x00, 0x00, 0x00, 0x00, 0x00, 0x00, 0x00, 0x0c, 0x63, 0x1c, 0xe7, 0x79, 0xce, 0x45, 0x29, 0x00, 0x00, 0x41, 0x08,
    0x21, 0x00, 0x62, 0x08, 0xc3, 0x18, 0x41, 0x08, 0x21, 0x00, 0x41, 0x08, 0x41, 0x08, 0x41, 0x08, 0x41, 0x08, 0x41, 0x08,
    0x41, 0x08, 0x61, 0x08, 0x82, 0x10, 0x82, 0x10, 0xa3, 0x10, 0xc3, 0x18, 0xe3, 0x18, 0xe4, 0x18, 0x04, 0x21, 0x24, 0x21,
    0x25, 0x21, 0x45, 0x29, 0x65, 0x29, 0x66, 0x29, 0x86, 0x31, 0x86, 0x31, 0x86, 0x31, 0x66, 0x29, 0x66, 0x29, 0x66, 0x29,
    0x66, 0x29, 0x66, 0x29, 0x66, 0x29, 0x66, 0x29, 0x86, 0x31, 0x08, 0x42, 0x28, 0x42, 0x86, 0x31, 0x65, 0x29, 0x66, 0x29,
    0x66, 0x29, 0x66, 0x29, 0x65, 0x29, 0x65, 0x29, 0x65, 0x29, 0x65, 0x29, 0x65, 0x29, 0x65, 0x29, 0x65, 0x29, 0x65, 0x29,
    0x65, 0x29, 0x65, 0x29, 0x65, 0x29, 0x65, 0x29, 0x65, 0x29, 0x65, 0x29, 0x65, 0x29, 0x65, 0x29, 0x65, 0x29, 0x65, 0x29,
    0x45, 0x29, 0x45, 0x29, 0x25, 0x21, 0x04, 0x21, 0x04, 0x21, 0xe4, 0x18, 0xc3, 0x18, 0xc3, 0x18, 0xa3, 0x10, 0x82, 0x10,
    0x82, 0x10, 0x61, 0x08, 0x41, 0x08, 0x41, 0x08, 0x41, 0x08, 0x41, 0x08, 0x41, 0x08, 0x61, 0x08, 0x61, 0x08, 0x61, 0x08,
    0x61, 0x08, 0x41, 0x08, 0x82, 0x10, 0x25, 0x21, 0x25, 0x21, 0x62, 0x08, 0x41, 0x08, 0x62, 0x08, 0x62, 0x08, 0x62, 0x08,
    0x62, 0x08, 0x62, 0x08, 0x62, 0x08, 0x62, 0x08, 0x62, 0x08, 0x62, 0x08, 0x62, 0x08, 0x62, 0x08, 0x62, 0x08, 0x62, 0x08,
    0x62, 0x08, 0x62, 0x08, 0x61, 0x08, 0x61, 0x08, 0x61, 0x08, 0x61, 0x08, 0x61, 0x08, 0x41, 0x08, 0x41, 0x08, 0x61, 0x08,
    0x41, 0x08, 0x41, 0x08, 0x41, 0x08, 0x41, 0x08, 0x41, 0x08, 0x21, 0x00, 0x41, 0x08, 0xc3, 0x18, 0x62, 0x08, 0x21, 0x00,
    0x41, 0x08, 0x00, 0x00, 0xe3, 0x18, 0x31, 0x84, 0x92, 0x94, 0x08, 0x42, 0x00, 0x00, 0x00, 0x00, 0x00, 0x00, 0x00, 0x00,
    0x00, 0x00, 0x00, 0x00, 0x00, 0x00, 0x00, 0x00, 0x00, 0x00, 0x00, 0x00, 0x00, 0x00, 0x00, 0x00, 0x00, 0x00, 0x00, 0x00,
    0x00, 0x00, 0x00, 0x00, 0x00, 0x00, 0x00, 0x00, 0x00, 0x00, 0x00, 0x00, 0x00, 0x00, 0x00, 0x00, 0x00, 0x00, 0x00, 0x00,
    0x00, 0x00, 0x00, 0x00, 0x00, 0x00, 0x00, 0x00, 0x00, 0x00, 0x00, 0x00, 0x00, 0x00, 0x00, 0x00, 0x00, 0x00, 0x00, 0x00,
    0x00, 0x00, 0x00, 0x00, 0x00, 0x00, 0x00, 0x00, 0x00, 0x00, 0x00, 0x00, 0x00, 0x00, 0x00, 0x00, 0x00, 0x00, 0x00, 0x00,
    0x00, 0x00, 0x00, 0x00, 0x00, 0x00, 0x00, 0x00, 0x00, 0x00, 0x00, 0x00, 0x00, 0x00, 0x00, 0x00, 0x00, 0x00, 0x00, 0x00,
    0x00, 0x00, 0x00, 0x00, 0x00, 0x00, 0x00, 0x00, 0x00, 0x00, 0x00, 0x00, 0x00, 0x00, 0x00, 0x00, 0x00, 0x00, 0x00, 0x00,
    0x00, 0x00, 0x00, 0x00, 0x00, 0x00, 0x82, 0x10, 0xb7, 0xb5, 0x3d, 0xe7, 0x10, 0x84, 0x00, 0x00, 0x21, 0x00, 0x21, 0x00,
    0x41, 0x08, 0x21, 0x00, 0x62, 0x08, 0xc3, 0x18, 0xa2, 0x10, 0x41, 0x08, 0x41, 0x08, 0x41, 0x08, 0x41, 0x08, 0x41, 0x08,
    0x41, 0x08, 0x62, 0x08, 0x82, 0x10, 0xa2, 0x10, 0xa3, 0x10, 0xc3, 0x18, 0xe4, 0x18, 0x04, 0x21, 0x04, 0x21, 0x25, 0x21,
    0x45, 0x29, 0x45, 0x29, 0x66, 0x29, 0x86, 0x31, 0x86, 0x31, 0x66, 0x29, 0x66, 0x29, 0x66, 0x29, 0x66, 0x29, 0x66, 0x29,
    0x66, 0x29, 0x66, 0x29, 0x65, 0x29, 0xa6, 0x31, 0x29, 0x42, 0xe8, 0x39, 0x65, 0x29, 0x65, 0x29, 0x66, 0x29, 0x65, 0x29,
    0x65, 0x29, 0x65, 0x29, 0x65, 0x29, 0x65, 0x29, 0x65, 0x29, 0x65, 0x29, 0x65, 0x29, 0x65, 0x29, 0x65, 0x29, 0x65, 0x29,
    0x65, 0x29, 0x65, 0x29, 0x65, 0x29, 0x65, 0x29, 0x66, 0x29, 0x66, 0x29, 0x66, 0x29, 0x66, 0x29, 0x66, 0x29, 0x66, 0x29,
    0x65, 0x29, 0x45, 0x29, 0x25, 0x21, 0x24, 0x21, 0x04, 0x21, 0xe4, 0x18, 0xe3, 0x18, 0xc3, 0x18, 0xa3, 0x10, 0xa2, 0x10,
    0x82, 0x10, 0x62, 0x08, 0x61, 0x08, 0x41, 0x08, 0x41, 0x08, 0x41, 0x08, 0x41, 0x08, 0x41, 0x08, 0x41, 0x08, 0x41, 0x08,
    0x61, 0x08, 0x61, 0x08, 0x41, 0x08, 0x41, 0x08, 0xe4, 0x18, 0x45, 0x29, 0xa2, 0x10, 0x41, 0x08, 0x61, 0x08, 0x61, 0x08,
    0x62, 0x08, 0x62, 0x08, 0x62, 0x08, 0x62, 0x08, 0x62, 0x08, 0x62, 0x08, 0x62, 0x08, 0x62, 0x08, 0x62, 0x08, 0x62, 0x08,
    0x62, 0x08, 0x62, 0x08, 0x62, 0x08, 0x61, 0x08, 0x61, 0x08, 0x61, 0x08, 0x61, 0x08, 0x41, 0x08, 0x41, 0x08, 0x41, 0x08,
    0x41, 0x08, 0x41, 0x08, 0x41, 0x08, 0x41, 0x08, 0x41, 0x08, 0xa2, 0x10, 0xc3, 0x18, 0x62, 0x08, 0x21, 0x00, 0x41, 0x08,
    0x21, 0x00, 0x21, 0x00, 0x00, 0x00, 0xaa, 0x52, 0x93, 0x94, 0xaf, 0x73, 0x61, 0x08, 0x00, 0x00, 0x00, 0x00, 0x00, 0x00,
    0x00, 0x00, 0x00, 0x00, 0x00, 0x00, 0x00, 0x00, 0x00, 0x00, 0x00, 0x00, 0x00, 0x00, 0x00, 0x00, 0x00, 0x00, 0x00, 0x00,
    0x00, 0x00, 0x00, 0x00, 0x00, 0x00, 0x00, 0x00, 0x00, 0x00, 0x00, 0x00, 0x00, 0x00, 0x00, 0x00, 0x00, 0x00, 0x00, 0x00,
    0x00, 0x00, 0x00, 0x00, 0x00, 0x00, 0x00, 0x00, 0x00, 0x00, 0x00, 0x00, 0x00, 0x00, 0x00, 0x00, 0x00, 0x00, 0x00, 0x00,
    0x00, 0x00, 0x00, 0x00, 0x00, 0x00, 0x00, 0x00, 0x00, 0x00, 0x00, 0x00, 0x00, 0x00, 0x00, 0x00, 0x00, 0x00, 0x00, 0x00,
    0x00, 0x00, 0x00, 0x00, 0x00, 0x00, 0x00, 0x00, 0x00, 0x00, 0x00, 0x00, 0x00, 0x00, 0x00, 0x00, 0x00, 0x00, 0x00, 0x00,
    0x00, 0x00, 0x00, 0x00, 0x00, 0x00, 0x00, 0x00, 0x00, 0x00, 0x00, 0x00, 0x00, 0x00, 0x00, 0x00, 0x00, 0x00, 0x00, 0x00,
    0x00, 0x00, 0x00, 0x00, 0x00, 0x00, 0xeb, 0x5a, 0xfc, 0xde, 0x39, 0xc6, 0x25, 0x21, 0x00, 0x00, 0x41, 0x08, 0x41, 0x08,
    0x41, 0x08, 0x41, 0x08, 0x21, 0x00, 0x41, 0x08, 0xa2, 0x10, 0xa3, 0x10, 0x41, 0x08, 0x41, 0x08, 0x41, 0x08, 0x41, 0x08,
    0x61, 0x08, 0x62, 0x08, 0x82, 0x10, 0xa3, 0x10, 0xc3, 0x18, 0xc3, 0x18, 0xe4, 0x18, 0x04, 0x21, 0x24, 0x21, 0x25, 0x21,
    0x45, 0x29, 0x65, 0x29, 0x66, 0x29, 0x66, 0x29, 0x66, 0x29, 0x66, 0x29, 0x66, 0x29, 0x66, 0x29, 0x66, 0x29, 0x66, 0x29,
    0x66, 0x29, 0x65, 0x29, 0xa7, 0x31, 0x29, 0x42, 0xa7, 0x31, 0x65, 0x29, 0x65, 0x29, 0x65, 0x29, 0x65, 0x29, 0x65, 0x29,
    0x65, 0x29, 0x65, 0x29, 0x65, 0x29, 0x65, 0x29, 0x65, 0x29, 0x65, 0x29, 0x65, 0x29, 0x65, 0x29, 0x65, 0x29, 0x65, 0x29,
    0x66, 0x29, 0x66, 0x29, 0x66, 0x29, 0x66, 0x29, 0x66, 0x29, 0x66, 0x29, 0x66, 0x29, 0x66, 0x29, 0x66, 0x29, 0x66, 0x29,
    0x65, 0x29, 0x45, 0x29, 0x45, 0x29, 0x25, 0x21, 0x04, 0x21, 0x04, 0x21, 0xe3, 0x18, 0xc3, 0x18, 0xc3, 0x18, 0xa2, 0x10,
    0x82, 0x10, 0x82, 0x10, 0x61, 0x08, 0x61, 0x08, 0x41, 0x08, 0x41, 0x08, 0x41, 0x08, 0x41, 0x08, 0x41, 0x08, 0x41, 0x08,
    0x41, 0x08, 0x41, 0x08, 0x61, 0x08, 0x61, 0x08, 0x41, 0x08, 0xa3, 0x10, 0x45, 0x29, 0xc3, 0x18, 0x41, 0x08, 0x61, 0x08,
    0x61, 0x08, 0x61, 0x08, 0x62, 0x08, 0x62, 0x08, 0x62, 0x08, 0x62, 0x08, 0x62, 0x08, 0x62, 0x08, 0x62, 0x08, 0x62, 0x08,
    0x62, 0x08, 0x62, 0x08, 0x62, 0x08, 0x61, 0x08, 0x61, 0x08, 0x61, 0x08, 0x61, 0x08, 0x61, 0x08, 0x41, 0x08, 0x41, 0x08,
    0x41, 0x08, 0x41, 0x08, 0x41, 0x08, 0x41, 0x08, 0xa3, 0x10, 0xa2, 0x10, 0x41, 0x08, 0x21, 0x00, 0x41, 0x08, 0x41, 0x08,
    0x41, 0x08, 0x41, 0x08, 0x00, 0x00, 0xc3, 0x18, 0x10, 0x84, 0x72, 0x8c, 0xe7, 0x39, 0x00, 0x00, 0x00, 0x00, 0x00, 0x00,
    0x00, 0x00, 0x00, 0x00, 0x00, 0x00, 0x00, 0x00, 0x00, 0x00, 0x00, 0x00, 0x00, 0x00, 0x00, 0x00, 0x00, 0x00, 0x00, 0x00,
    0x00, 0x00, 0x00, 0x00, 0x00, 0x00, 0x00, 0x00, 0x00, 0x00, 0x00, 0x00, 0x00, 0x00, 0x00, 0x00, 0x00, 0x00, 0x00, 0x00,
    0x00, 0x00, 0x00, 0x00, 0x00, 0x00, 0x00, 0x00, 0x00, 0x00, 0x00, 0x00, 0x00, 0x00, 0x00, 0x00, 0x00, 0x00, 0x00, 0x00,
    0x00, 0x00, 0x00, 0x00, 0x00, 0x00, 0x00, 0x00, 0x00, 0x00, 0x00, 0x00, 0x00, 0x00, 0x00, 0x00, 0x00, 0x00, 0x00, 0x00,
    0x00, 0x00, 0x00, 0x00, 0x00, 0x00, 0x00, 0x00, 0x00, 0x00, 0x00, 0x00, 0x00, 0x00, 0x00, 0x00, 0x00, 0x00, 0x00, 0x00,
    0x00, 0x00, 0x00, 0x00, 0x00, 0x00, 0x00, 0x00, 0x00, 0x00, 0x00, 0x00, 0x00, 0x00, 0x00, 0x00, 0x00, 0x00, 0x00, 0x00,
    0x00, 0x00, 0x00, 0x00, 0x61, 0x08, 0x75, 0xad, 0x1c, 0xe7, 0x10, 0x84, 0x00, 0x00, 0x21, 0x00, 0x21, 0x00, 0x41, 0x08,
    0x41, 0x08, 0x41, 0x08, 0x41, 0x08, 0x41, 0x08, 0x21, 0x00, 0x41, 0x08, 0x41, 0x08, 0x41, 0x08, 0x41, 0x08, 0x41, 0x08,
    0x62, 0x08, 0x82, 0x10, 0x82, 0x10, 0xa3, 0x10, 0xc3, 0x18, 0xe3, 0x18, 0xe4, 0x18, 0x04, 0x21, 0x25, 0x21, 0x45, 0x29,
    0x45, 0x29, 0x66, 0x29, 0x66, 0x29, 0x66, 0x29, 0x66, 0x29, 0x66, 0x29, 0x66, 0x29, 0x66, 0x29, 0x66, 0x29, 0x66, 0x29,
    0x65, 0x29, 0xc7, 0x39, 0x29, 0x42, 0x86, 0x31, 0x45, 0x29, 0x65, 0x29, 0x65, 0x29, 0x65, 0x29, 0x65, 0x29, 0x65, 0x29,
    0x65, 0x29, 0x65, 0x29, 0x65, 0x29, 0x65, 0x29, 0x65, 0x29, 0x65, 0x29, 0x65, 0x29, 0x66, 0x29, 0x66, 0x29, 0x66, 0x29,
    0x66, 0x29, 0x66, 0x29, 0x66, 0x29, 0x66, 0x29, 0x66, 0x29, 0x66, 0x29, 0x66, 0x29, 0x66, 0x29, 0x66, 0x29, 0x66, 0x29,
    0x66, 0x29, 0x65, 0x29, 0x45, 0x29, 0x25, 0x21, 0x24, 0x21, 0x04, 0x21, 0xe4, 0x18, 0xe3, 0x18, 0xc3, 0x18, 0xa3, 0x10,
    0xa2, 0x10, 0x82, 0x10, 0x62, 0x08, 0x61, 0x08, 0x61, 0x08, 0x61, 0x08, 0x41, 0x08, 0x41, 0x08, 0x41, 0x08, 0x41, 0x08,
    0x41, 0x08, 0x41, 0x08, 0x41, 0x08, 0x41, 0x08, 0x61, 0x08, 0x41, 0x08, 0x82, 0x10, 0x45, 0x29, 0xc3, 0x18, 0x41, 0x08,
    0x61, 0x08, 0x61, 0x08, 0x61, 0x08, 0x61, 0x08, 0x62, 0x08, 0x62, 0x08, 0x62, 0x08, 0x62, 0x08, 0x62, 0x08, 0x62, 0x08,
    0x62, 0x08, 0x62, 0x08, 0x62, 0x08, 0x62, 0x08, 0x61, 0x08, 0x61, 0x08, 0x61, 0x08, 0x61, 0x08, 0x61, 0x08, 0x41, 0x08,
    0x41, 0x08, 0x41, 0x08, 0x41, 0x08, 0x41, 0x08, 0x41, 0x08, 0x21, 0x00, 0x41, 0x08, 0x41, 0x08, 0x41, 0x08, 0x41, 0x08,
    0x41, 0x08, 0x21, 0x00, 0x21, 0x00, 0x00, 0x00, 0x8a, 0x52, 0x72, 0x8c, 0x6e, 0x6b, 0x41, 0x08, 0x00, 0x00, 0x00, 0x00,
    0x00, 0x00, 0x00, 0x00, 0x00, 0x00, 0x00, 0x00, 0x00, 0x00, 0x00, 0x00, 0x00, 0x00, 0x00, 0x00, 0x00, 0x00, 0x00, 0x00,
    0x00, 0x00, 0x00, 0x00, 0x00, 0x00, 0x00, 0x00, 0x00, 0x00, 0x00, 0x00, 0x00, 0x00, 0x00, 0x00, 0x00, 0x00, 0x00, 0x00,
    0x00, 0x00, 0x00, 0x00, 0x00, 0x00, 0x00, 0x00, 0x00, 0x00, 0x00, 0x00, 0x00, 0x00, 0x00, 0x00, 0x00, 0x00, 0x00, 0x00,
    0x00, 0x00, 0x00, 0x00, 0x00, 0x00, 0x00, 0x00, 0x00, 0x00, 0x00, 0x00, 0x00, 0x00, 0x00, 0x00, 0x00, 0x00, 0x00, 0x00,
    0x00, 0x00, 0x00, 0x00, 0x00, 0x00, 0x00, 0x00, 0x00, 0x00, 0x00, 0x00, 0x00, 0x00, 0x00, 0x00, 0x00, 0x00, 0x00, 0x00,
    0x00, 0x00, 0x00, 0x00, 0x00, 0x00, 0x00, 0x00, 0x00, 0x00, 0x00, 0x00, 0x00, 0x00, 0x00, 0x00, 0x00, 0x00, 0x00, 0x00,
    0x00, 0x00, 0x00, 0x00, 0x69, 0x4a, 0xdb, 0xde, 0x59, 0xce, 0x65, 0x29, 0x00, 0x00, 0x41, 0x08, 0x41, 0x08, 0x41, 0x08,
    0x41, 0x08, 0x41, 0x08, 0x41, 0x08, 0x41, 0x08, 0x41, 0x08, 0x41, 0x08, 0x41, 0x08, 0x41, 0x08, 0x41, 0x08, 0x41, 0x08,
    0x62, 0x08, 0x82, 0x10, 0xa2, 0x10, 0xa3, 0x10, 0xc3, 0x18, 0xe4, 0x18, 0x04, 0x21, 0x04, 0x21, 0x25, 0x21, 0x45, 0x29,
    0x45, 0x29, 0x66, 0x29, 0x66, 0x29, 0x66, 0x29, 0x66, 0x29, 0x66, 0x29, 0x66, 0x29, 0x66, 0x29, 0x66, 0x29, 0x65, 0x29,
    0xc7, 0x39, 0x29, 0x42, 0x86, 0x31, 0x45, 0x29, 0x65, 0x29, 0x65, 0x29, 0x65, 0x29, 0x65, 0x29, 0x65, 0x29, 0x65, 0x29,
    0x65, 0x29, 0x65, 0x29, 0x65, 0x29, 0x65, 0x29, 0x65, 0x29, 0x66, 0x29, 0x66, 0x29, 0x66, 0x29, 0x66, 0x29, 0x66, 0x29,
    0x66, 0x29, 0x66, 0x29, 0x66, 0x29, 0x66, 0x29, 0x66, 0x29, 0x66, 0x29, 0x66, 0x29, 0x66, 0x29, 0x66, 0x29, 0x66, 0x29,
    0x66, 0x29, 0x65, 0x29, 0x45, 0x29, 0x45, 0x29, 0x24, 0x21, 0x04, 0x21, 0x04, 0x21, 0xe3, 0x18, 0xc3, 0x18, 0xa3, 0x10,
    0xa2, 0x10, 0x82, 0x10, 0x62, 0x08, 0x61, 0x08, 0x61, 0x08, 0x61, 0x08, 0x61, 0x08, 0x61, 0x08, 0x41, 0x08, 0x41, 0x08,
    0x41, 0x08, 0x41, 0x08, 0x41, 0x08, 0x41, 0x08, 0x41, 0x08, 0x41, 0x08, 0x41, 0x08, 0x62, 0x08, 0x45, 0x29, 0xe3, 0x18,
    0x41, 0x08, 0x61, 0x08, 0x61, 0x08, 0x61, 0x08, 0x61, 0x08, 0x61, 0x08, 0x62, 0x08, 0x62, 0x08, 0x62, 0x08, 0x62, 0x08,
    0x62, 0x08, 0x62, 0x08, 0x62, 0x08, 0x62, 0x08, 0x62, 0x08, 0x61, 0x08, 0x61, 0x08, 0x61, 0x08, 0x61, 0x08, 0x41, 0x08,
    0x41, 0x08, 0x41, 0x08, 0x41, 0x08, 0x41, 0x08, 0x41, 0x08, 0x41, 0x08, 0x41, 0x08, 0x41, 0x08, 0x41, 0x08, 0x41, 0x08,
    0x41, 0x08, 0x41, 0x08, 0x41, 0x08, 0x00, 0x00, 0xe4, 0x18, 0x10, 0x84, 0x31, 0x84, 0x86, 0x31, 0x00, 0x00, 0x00, 0x00,
    0x00, 0x00, 0x00, 0x00, 0x00, 0x00, 0x00, 0x00, 0x00, 0x00, 0x00, 0x00, 0x00, 0x00, 0x00, 0x00, 0x00, 0x00, 0x00, 0x00,
    0x00, 0x00, 0x00, 0x00, 0x00, 0x00, 0x00, 0x00, 0x00, 0x00, 0x00, 0x00, 0x00, 0x00, 0x00, 0x00, 0x00, 0x00, 0x00, 0x00,
    0x00, 0x00, 0x00, 0x00, 0x00, 0x00, 0x00, 0x00, 0x00, 0x00, 0x00, 0x00, 0x00, 0x00, 0x00, 0x00, 0x00, 0x00, 0x00, 0x00,
    0x00, 0x00, 0x00, 0x00, 0x00, 0x00, 0x00, 0x00, 0x00, 0x00, 0x00, 0x00, 0x00, 0x00, 0x00, 0x00, 0x00, 0x00, 0x00, 0x00,
    0x00, 0x00, 0x00, 0x00, 0x00, 0x00, 0x00, 0x00, 0x00, 0x00, 0x00, 0x00, 0x00, 0x00, 0x00, 0x00, 0x00, 0x00, 0x00, 0x00,
    0x00, 0x00, 0x00, 0x00, 0x00, 0x00, 0x00, 0x00, 0x00, 0x00, 0x00, 0x00, 0x00, 0x00, 0x00, 0x00, 0x00, 0x00, 0x00, 0x00,
    0x00, 0x00, 0x00, 0x00, 0xb3, 0x94, 0x1c, 0xe7, 0x72, 0x8c, 0x00, 0x00, 0x21, 0x00, 0x21, 0x00, 0x41, 0x08, 0x41, 0x08,
    0x41, 0x08, 0x41, 0x08, 0x41, 0x08, 0x41, 0x08, 0x41, 0x08, 0x41, 0x08, 0x41, 0x08, 0x41, 0x08, 0x41, 0x08, 0x61, 0x08,
    0x62, 0x08, 0x82, 0x10, 0xa3, 0x10, 0xc3, 0x18, 0xc3, 0x18, 0xe4, 0x18, 0x04, 0x21, 0x24, 0x21, 0x25, 0x21, 0x45, 0x29,
    0x65, 0x29, 0x66, 0x29, 0x66, 0x29, 0x66, 0x29, 0x66, 0x29, 0x66, 0x29, 0x66, 0x29, 0x66, 0x29, 0x65, 0x29, 0xc7, 0x39,
    0x29, 0x42, 0x66, 0x29, 0x65, 0x29, 0x65, 0x29, 0x65, 0x29, 0x65, 0x29, 0x65, 0x29, 0x65, 0x29, 0x65, 0x29, 0x65, 0x29,
    0x65, 0x29, 0x65, 0x29, 0x65, 0x29, 0x66, 0x29, 0x66, 0x29, 0x66, 0x29, 0x66, 0x29, 0x66, 0x29, 0x66, 0x29, 0x66, 0x29,
    0x66, 0x29, 0x66, 0x29, 0x66, 0x29, 0x66, 0x29, 0x66, 0x29, 0x66, 0x29, 0x66, 0x29, 0x66, 0x29, 0x66, 0x29, 0x66, 0x29,
    0x66, 0x29, 0x66, 0x29, 0x65, 0x29, 0x45, 0x29, 0x25, 0x21, 0x04, 0x21, 0x04, 0x21, 0xe4, 0x18, 0xc3, 0x18, 0xc3, 0x18,
    0xa2, 0x10, 0x82, 0x10, 0x62, 0x08, 0x61, 0x08, 0x61, 0x08, 0x61, 0x08, 0x61, 0x08, 0x61, 0x08, 0x61, 0x08, 0x41, 0x08,
    0x41, 0x08, 0x41, 0x08, 0x41, 0x08, 0x41, 0x08, 0x41, 0x08, 0x41, 0x08, 0x41, 0x08, 0x41, 0x08, 0x62, 0x08, 0x45, 0x29,
    0xc3, 0x18, 0x41, 0x08, 0x61, 0x08, 0x61, 0x08, 0x61, 0x08, 0x61, 0x08, 0x61, 0x08, 0x61, 0x08, 0x62, 0x08, 0x62, 0x08,
    0x62, 0x08, 0x62, 0x08, 0x62, 0x08, 0x62, 0x08, 0x62, 0x08, 0x61, 0x08, 0x61, 0x08, 0x61, 0x08, 0x61, 0x08, 0x61, 0x08,
    0x41, 0x08, 0x41, 0x08, 0x41, 0x08, 0x41, 0x08, 0x41, 0x08, 0x41, 0x08, 0x41, 0x08, 0x41, 0x08, 0x41, 0x08, 0x41, 0x08,
    0x41, 0x08, 0x41, 0x08, 0x21, 0x00, 0x21, 0x00, 0x00, 0x00, 0xcb, 0x5a, 0x72, 0x8c, 0x0c, 0x63, 0x00, 0x00, 0x00, 0x00,
    0x00, 0x00, 0x00, 0x00, 0x00, 0x00, 0x00, 0x00, 0x00, 0x00, 0x00, 0x00, 0x00, 0x00, 0x00, 0x00, 0x00, 0x00, 0x00, 0x00,
    0x00, 0x00, 0x00, 0x00, 0x00, 0x00, 0x00, 0x00, 0x00, 0x00, 0x00, 0x00, 0x00, 0x00, 0x00, 0x00, 0x00, 0x00, 0x00, 0x00,
    0x00, 0x00, 0x00, 0x00, 0x00, 0x00, 0x00, 0x00, 0x00, 0x00, 0x00, 0x00, 0x00, 0x00, 0x00, 0x00, 0x00, 0x00, 0x00, 0x00,
    0x00, 0x00, 0x00, 0x00, 0x00, 0x00, 0x00, 0x00, 0x00, 0x00, 0x00, 0x00, 0x00, 0x00, 0x00, 0x00, 0x00, 0x00, 0x00, 0x00,
    0x00, 0x00, 0x00, 0x00, 0x00, 0x00, 0x00, 0x00, 0x00, 0x00, 0x00, 0x00, 0x00, 0x00, 0x00, 0x00, 0x00, 0x00, 0x00, 0x00,
    0x00, 0x00, 0x00, 0x00, 0x00, 0x00, 0x00, 0x00, 0x00, 0x00, 0x00, 0x00, 0x00, 0x00, 0x00, 0x00, 0x00, 0x00, 0x00, 0x00,
    0x00, 0x00, 0x66, 0x29, 0x59, 0xce, 0x9a, 0xd6, 0x08, 0x42, 0x00, 0x00, 0x41, 0x08, 0x21, 0x00, 0x41, 0x08, 0x41, 0x08,
    0x41, 0x08, 0x41, 0x08, 0x41, 0x08, 0x41, 0x08, 0x41, 0x08, 0x41, 0x08, 0x41, 0x08, 0x41, 0x08, 0x41, 0x08, 0x61, 0x08,
    0x62, 0x08, 0x82, 0x10, 0xa3, 0x10, 0xc3, 0x18, 0xe3, 0x18, 0xe4, 0x18, 0x04, 0x21, 0x24, 0x21, 0x25, 0x21, 0x45, 0x29,
    0x65, 0x29, 0x66, 0x29, 0x66, 0x29, 0x66, 0x29, 0x66, 0x29, 0x66, 0x29, 0x66, 0x29, 0x65, 0x29, 0xa7, 0x31, 0x29, 0x42,
    0x86, 0x31, 0x65, 0x29, 0x65, 0x29, 0x65, 0x29, 0x65, 0x29, 0x65, 0x29, 0x65, 0x29, 0x65, 0x29, 0x65, 0x29, 0x65, 0x29,
    0x65, 0x29, 0x65, 0x29, 0x66, 0x29, 0x66, 0x29, 0x66, 0x29, 0x66, 0x29, 0x66, 0x29, 0x66, 0x29, 0x66, 0x29, 0x66, 0x29,
    0x66, 0x29, 0x66, 0x29, 0x66, 0x29, 0x66, 0x29, 0x66, 0x29, 0x66, 0x29, 0x66, 0x29, 0x66, 0x29, 0x66, 0x29, 0x66, 0x29,
    0x66, 0x29, 0x66, 0x29, 0x65, 0x29, 0x45, 0x29, 0x25, 0x21, 0x24, 0x21, 0x04, 0x21, 0xe4, 0x18, 0xe3, 0x18, 0xc3, 0x18,
    0xa3, 0x10, 0x82, 0x10, 0x82, 0x10, 0x61, 0x08, 0x61, 0x08, 0x61, 0x08, 0x61, 0x08, 0x61, 0x08, 0x61, 0x08, 0x61, 0x08,
    0x61, 0x08, 0x41, 0x08, 0x41, 0x08, 0x41, 0x08, 0x41, 0x08, 0x41, 0x08, 0x41, 0x08, 0x41, 0x08, 0x41, 0x08, 0x62, 0x08,
    0x45, 0x29, 0xa3, 0x10, 0x41, 0x08, 0x61, 0x08, 0x61, 0x08, 0x61, 0x08, 0x61, 0x08, 0x61, 0x08, 0x61, 0x08, 0x62, 0x08,
    0x62, 0x08, 0x62, 0x08, 0x62, 0x08, 0x62, 0x08, 0x62, 0x08, 0x62, 0x08, 0x61, 0x08, 0x61, 0x08, 0x61, 0x08, 0x61, 0x08,
    0x61, 0x08, 0x41, 0x08, 0x41, 0x08, 0x41, 0x08, 0x41, 0x08, 0x41, 0x08, 0x41, 0x08, 0x41, 0x08, 0x41, 0x08, 0x41, 0x08,
    0x41, 0x08, 0x41, 0x08, 0x41, 0x08, 0x41, 0x08, 0x00, 0x00, 0x45, 0x29, 0x11, 0x84, 0xf0, 0x7b, 0xe4, 0x18, 0x00, 0x00,
    0x00, 0x00, 0x00, 0x00, 0x00, 0x00, 0x00, 0x00, 0x00, 0x00, 0x00, 0x00, 0x00, 0x00, 0x00, 0x00, 0x00, 0x00, 0x00, 0x00,
    0x00, 0x00, 0x00, 0x00, 0x00, 0x00, 0x00, 0x00, 0x00, 0x00, 0x00, 0x00, 0x00, 0x00, 0x00, 0x00, 0x00, 0x00, 0x00, 0x00,
    0x00, 0x00, 0x00, 0x00, 0x00, 0x00, 0x00, 0x00, 0x00, 0x00, 0x00, 0x00, 0x00, 0x00, 0x00, 0x00, 0x00, 0x00, 0x00, 0x00,
    0x00, 0x00, 0x00, 0x00, 0x00, 0x00, 0x00, 0x00, 0x00, 0x00, 0x00, 0x00, 0x00, 0x00, 0x00, 0x00, 0x00, 0x00, 0x00, 0x00,
    0x00, 0x00, 0x00, 0x00, 0x00, 0x00, 0x00, 0x00, 0x00, 0x00, 0x00, 0x00, 0x00, 0x00, 0x00, 0x00, 0x00, 0x00, 0x00, 0x00,
    0x00, 0x00, 0x00, 0x00, 0x00, 0x00, 0x00, 0x00, 0x00, 0x00, 0x00, 0x00, 0x00, 0x00, 0x00, 0x00, 0x00, 0x00, 0x00, 0x00,
    0x00, 0x00, 0xae, 0x73, 0xfc, 0xde, 0x35, 0xa5, 0x41, 0x08, 0x20, 0x00, 0x21, 0x00, 0x41, 0x08, 0x41, 0x08, 0x21, 0x00,
    0x41, 0x08, 0x41, 0x08, 0x41, 0x08, 0x41, 0x08, 0x41, 0x08, 0x41, 0x08, 0x41, 0x08, 0x41, 0x08, 0x41, 0x08, 0x61, 0x08,
    0x82, 0x10, 0x82, 0x10, 0xa3, 0x10, 0xc3, 0x18, 0xe3, 0x18, 0xe4, 0x18, 0x04, 0x21, 0x24, 0x21, 0x25, 0x21, 0x45, 0x29,
    0x65, 0x29, 0x66, 0x29, 0x66, 0x29, 0x66, 0x29, 0x66, 0x29, 0x66, 0x29, 0x65, 0x29, 0x86, 0x31, 0x29, 0x42, 0x86, 0x31,
    0x45, 0x29, 0x65, 0x29, 0x65, 0x29, 0x65, 0x29, 0x65, 0x29, 0x65, 0x29, 0x65, 0x29, 0x65, 0x29, 0x65, 0x29, 0x65, 0x29,
    0x66, 0x29, 0x66, 0x29, 0x66, 0x29, 0x66, 0x29, 0x66, 0x29, 0x66, 0x29, 0x66, 0x29, 0x66, 0x29, 0x66, 0x29, 0x66, 0x29,
    0x66, 0x29, 0x66, 0x29, 0x66, 0x29, 0x65, 0x29, 0x65, 0x29, 0x65, 0x29, 0x66, 0x29, 0x66, 0x29, 0x86, 0x31, 0x86, 0x31,
    0x86, 0x31, 0x86, 0x31, 0x66, 0x29, 0x45, 0x29, 0x25, 0x21, 0x24, 0x21, 0x04, 0x21, 0xe4, 0x18, 0xe3, 0x18, 0xc3, 0x18,
    0xa3, 0x10, 0x82, 0x10, 0x82, 0x10, 0x62, 0x08, 0x61, 0x08, 0x61, 0x08, 0x61, 0x08, 0x61, 0x08, 0x61, 0x08, 0x61, 0x08,
    0x61, 0x08, 0x61, 0x08, 0x41, 0x08, 0x41, 0x08, 0x41, 0x08, 0x41, 0x08, 0x41, 0x08, 0x41, 0x08, 0x41, 0x08, 0x41, 0x08,
    0x82, 0x10, 0x45, 0x29, 0x82, 0x10, 0x41, 0x08, 0x61, 0x08, 0x61, 0x08, 0x61, 0x08, 0x61, 0x08, 0x61, 0x08, 0x61, 0x08,
    0x61, 0x08, 0x62, 0x08, 0x62, 0x08, 0x62, 0x08, 0x62, 0x08, 0x62, 0x08, 0x62, 0x08, 0x61, 0x08, 0x61, 0x08, 0x61, 0x08,
    0x61, 0x08, 0x41, 0x08, 0x41, 0x08, 0x41, 0x08, 0x41, 0x08, 0x41, 0x08, 0x41, 0x08, 0x41, 0x08, 0x41, 0x08, 0x41, 0x08,
    0x21, 0x00, 0x41, 0x08, 0x21, 0x00, 0x00, 0x00, 0x20, 0x00, 0x41, 0x08, 0x4d, 0x6b, 0x51, 0x8c, 0x49, 0x4a, 0x00, 0x00,
    0x00, 0x00, 0x00, 0x00, 0x00, 0x00, 0x00, 0x00, 0x00, 0x00, 0x00, 0x00, 0x00, 0x00, 0x00, 0x00, 0x00, 0x00, 0x00, 0x00,
    0x00, 0x00, 0x00, 0x00, 0x00, 0x00, 0x00, 0x00, 0x00, 0x00, 0x00, 0x00, 0x00, 0x00, 0x00, 0x00, 0x00, 0x00, 0x00, 0x00,
    0x00, 0x00, 0x00, 0x00, 0x00, 0x00, 0x00, 0x00, 0x00, 0x00, 0x00, 0x00, 0x00, 0x00, 0x00, 0x00, 0x00, 0x00, 0x00, 0x00,
    0x00, 0x00, 0x00, 0x00, 0x00, 0x00, 0x00, 0x00, 0x00, 0x00, 0x00, 0x00, 0x00, 0x00, 0x00, 0x00, 0x00, 0x00, 0x00, 0x00,
    0x00, 0x00, 0x00, 0x00, 0x00, 0x00, 0x00, 0x00, 0x00, 0x00, 0x00, 0x00, 0x00, 0x00, 0x00, 0x00, 0x00, 0x00, 0x00, 0x00,
    0x00, 0x00, 0x00, 0x00, 0x00, 0x00, 0x00, 0x00, 0x00, 0x00, 0x00, 0x00, 0x00, 0x00, 0x00, 0x00, 0x00, 0x00, 0x00, 0x00,
    0x82, 0x10, 0x76, 0xad, 0xdb, 0xde, 0x0c, 0x63, 0x00, 0x00, 0x41, 0x08, 0x21, 0x00, 0x61, 0x08, 0xc3, 0x18, 0xa2, 0x10,
    0x61, 0x08, 0x21, 0x00, 0x41, 0x08, 0x41, 0x08, 0x41, 0x08, 0x41, 0x08, 0x41, 0x08, 0x41, 0x08, 0x61, 0x08, 0x62, 0x08,
    0x82, 0x10, 0xa2, 0x10, 0xa3, 0x10, 0xc3, 0x18, 0xe3, 0x18, 0x04, 0x21, 0x04, 0x21, 0x24, 0x21, 0x45, 0x29, 0x45, 0x29,
    0x65, 0x29, 0x66, 0x29, 0x66, 0x29, 0x66, 0x29, 0x66, 0x29, 0x65, 0x29, 0x66, 0x29, 0x29, 0x42, 0xa7, 0x31, 0x45, 0x29,
    0x65, 0x29, 0x65, 0x29, 0x65, 0x29, 0x65, 0x29, 0x65, 0x29, 0x65, 0x29, 0x65, 0x29, 0x65, 0x29, 0x65, 0x29, 0x66, 0x29,
    0x66, 0x29, 0x66, 0x29, 0x66, 0x29, 0x66, 0x29, 0x66, 0x29, 0x66, 0x29, 0x66, 0x29, 0x66, 0x29, 0x66, 0x29, 0x66, 0x29,
    0x65, 0x29, 0x65, 0x29, 0x86, 0x31, 0x86, 0x31, 0xa7, 0x31, 0xc7, 0x39, 0xc7, 0x39, 0xc7, 0x39, 0xc7, 0x39, 0xc7, 0x39,
    0xc7, 0x39, 0xc7, 0x39, 0xc7, 0x39, 0xa7, 0x31, 0x86, 0x31, 0x65, 0x29, 0x25, 0x21, 0x04, 0x21, 0xc3, 0x18, 0xc3, 0x18,
    0xa3, 0x10, 0xa2, 0x10, 0x82, 0x10, 0x62, 0x08, 0x61, 0x08, 0x61, 0x08, 0x61, 0x08, 0x61, 0x08, 0x61, 0x08, 0x61, 0x08,
    0x61, 0x08, 0x61, 0x08, 0x61, 0x08, 0x41, 0x08, 0x41, 0x08, 0x41, 0x08, 0x41, 0x08, 0x41, 0x08, 0x41, 0x08, 0x41, 0x08,
    0x41, 0x08, 0xa3, 0x10, 0x45, 0x29, 0x61, 0x08, 0x41, 0x08, 0x61, 0x08, 0x61, 0x08, 0x61, 0x08, 0x61, 0x08, 0x61, 0x08,
    0x61, 0x08, 0x61, 0x08, 0x61, 0x08, 0x62, 0x08, 0x62, 0x08, 0x62, 0x08, 0x62, 0x08, 0x61, 0x08, 0x61, 0x08, 0x61, 0x08,
    0x61, 0x08, 0x61, 0x08, 0x41, 0x08, 0x41, 0x08, 0x41, 0x08, 0x41, 0x08, 0x41, 0x08, 0x41, 0x08, 0x41, 0x08, 0x61, 0x08,
    0x62, 0x08, 0x62, 0x08, 0xc3, 0x18, 0xa3, 0x10, 0x21, 0x00, 0x00, 0x00, 0xe8, 0x39, 0x31, 0x84, 0x6e, 0x6b, 0x41, 0x08,
    0x00, 0x00, 0x00, 0x00, 0x00, 0x00, 0x00, 0x00, 0x00, 0x00, 0x00, 0x00, 0x00, 0x00, 0x00, 0x00, 0x00, 0x00, 0x00, 0x00,
    0x00, 0x00, 0x00, 0x00, 0x00, 0x00, 0x00, 0x00, 0x00, 0x00, 0x00, 0x00, 0x00, 0x00, 0x00, 0x00, 0x00, 0x00, 0x00, 0x00,
    0x00, 0x00, 0x00, 0x00, 0x00, 0x00, 0x00, 0x00, 0x00, 0x00, 0x00, 0x00, 0x00, 0x00, 0x00, 0x00, 0x00, 0x00, 0x00, 0x00,
    0x00, 0x00, 0x00, 0x00, 0x00, 0x00, 0x00, 0x00, 0x00, 0x00, 0x00, 0x00, 0x00, 0x00, 0x00, 0x00, 0x00, 0x00, 0x00, 0x00,
    0x00, 0x00, 0x00, 0x00, 0x00, 0x00, 0x00, 0x00, 0x00, 0x00, 0x00, 0x00, 0x00, 0x00, 0x00, 0x00, 0x00, 0x00, 0x00, 0x00,
    0x00, 0x00, 0x00, 0x00, 0x00, 0x00, 0x00, 0x00, 0x00, 0x00, 0x00, 0x00, 0x00, 0x00, 0x00, 0x00, 0x00, 0x00, 0x00, 0x00,
    0x28, 0x42, 0x9a, 0xd6, 0xf8, 0xbd, 0x24, 0x21, 0x00, 0x00, 0x41, 0x08, 0x41, 0x08, 0x21, 0x00, 0x41, 0x08, 0x82, 0x10,
    0xc3, 0x18, 0xa3, 0x10, 0x61, 0x08, 0x41, 0x08, 0x41, 0x08, 0x41, 0x08, 0x41, 0x08, 0x41, 0x08, 0x61, 0x08, 0x62, 0x08,
    0x82, 0x10, 0xa2, 0x10, 0xa3, 0x10, 0xc3, 0x18, 0xe4, 0x18, 0x04, 0x21, 0x04, 0x21, 0x24, 0x21, 0x45, 0x29, 0x45, 0x29,
    0x65, 0x29, 0x66, 0x29, 0x66, 0x29, 0x65, 0x29, 0x65, 0x29, 0x45, 0x29, 0x08, 0x42, 0xe7, 0x39, 0x45, 0x29, 0x65, 0x29,
    0x65, 0x29, 0x65, 0x29, 0x65, 0x29, 0x65, 0x29, 0x65, 0x29, 0x65, 0x29, 0x65, 0x29, 0x65, 0x29, 0x66, 0x29, 0x66, 0x29,
    0x66, 0x29, 0x66, 0x29, 0x66, 0x29, 0x66, 0x29, 0x66, 0x29, 0x66, 0x29, 0x66, 0x29, 0x66, 0x29, 0x65, 0x29, 0x66, 0x29,
    0x86, 0x31, 0xc7, 0x39, 0xc7, 0x39, 0xc7, 0x39, 0xa7, 0x31, 0xa6, 0x31, 0x86, 0x31, 0x86, 0x31, 0x86, 0x31, 0x66, 0x29,
    0x66, 0x29, 0x86, 0x31, 0x86, 0x31, 0x66, 0x29, 0x66, 0x29, 0x66, 0x29, 0x66, 0x29, 0x66, 0x29, 0x45, 0x29, 0xe4, 0x18,
    0xa3, 0x10, 0x82, 0x10, 0x82, 0x10, 0x62, 0x08, 0x61, 0x08, 0x61, 0x08, 0x61, 0x08, 0x61, 0x08, 0x61, 0x08, 0x61, 0x08,
    0x61, 0x08, 0x61, 0x08, 0x61, 0x08, 0x61, 0x08, 0x41, 0x08, 0x41, 0x08, 0x41, 0x08, 0x41, 0x08, 0x41, 0x08, 0x41, 0x08,
    0x41, 0x08, 0x41, 0x08, 0xe4, 0x18, 0x24, 0x21, 0x41, 0x08, 0x41, 0x08, 0x61, 0x08, 0x61, 0x08, 0x61, 0x08, 0x61, 0x08,
    0x61, 0x08, 0x61, 0x08, 0x61, 0x08, 0x61, 0x08, 0x62, 0x08, 0x62, 0x08, 0x62, 0x08, 0x62, 0x08, 0x61, 0x08, 0x61, 0x08,
    0x61, 0x08, 0x61, 0x08, 0x41, 0x08, 0x41, 0x08, 0x41, 0x08, 0x41, 0x08, 0x41, 0x08, 0x41, 0x08, 0x61, 0x08, 0xa3, 0x10,
    0x86, 0x31, 0xcb, 0x5a, 0x8e, 0x73, 0x45, 0x29, 0x00, 0x00, 0x00, 0x00, 0xc3, 0x18, 0xaf, 0x73, 0x10, 0x84, 0x65, 0x29,
    0x00, 0x00, 0x00, 0x00, 0x00, 0x00, 0x00, 0x00, 0x00, 0x00, 0x00, 0x00, 0x00, 0x00, 0x00, 0x00, 0x00, 0x00, 0x00, 0x00,
    0x00, 0x00, 0x00, 0x00, 0x00, 0x00, 0x00, 0x00, 0x00, 0x00, 0x00, 0x00, 0x00, 0x00, 0x00, 0x00, 0x00, 0x00, 0x00, 0x00,
    0x00, 0x00, 0x00, 0x00, 0x00, 0x00, 0x00, 0x00, 0x00, 0x00, 0x00, 0x00, 0x00, 0x00, 0x00, 0x00, 0x00, 0x00, 0x00, 0x00,
    0x00, 0x00, 0x00, 0x00, 0x00, 0x00, 0x00, 0x00, 0x00, 0x00, 0x00, 0x00, 0x00, 0x00, 0x00, 0x00, 0x00, 0x00, 0x00, 0x00,
    0x00, 0x00, 0x00, 0x00, 0x00, 0x00, 0x00, 0x00, 0x00, 0x00, 0x00, 0x00, 0x00, 0x00, 0x00, 0x00, 0x00, 0x00, 0x00, 0x00,
    0x00, 0x00, 0x00, 0x00, 0x00, 0x00, 0x00, 0x00, 0x00, 0x00, 0x00, 0x00, 0x00, 0x00, 0x00, 0x00, 0x00, 0x00, 0x00, 0x00,
    0x10, 0x84, 0xdb, 0xde, 0x72, 0x8c, 0x00, 0x00, 0x21, 0x00, 0x21, 0x00, 0x41, 0x08, 0x41, 0x08, 0x41, 0x08, 0x21, 0x00,
    0x41, 0x08, 0x62, 0x08, 0x61, 0x08, 0x41, 0x08, 0x41, 0x08, 0x41, 0x08, 0x41, 0x08, 0x61, 0x08, 0x61, 0x08, 0x62, 0x08,
    0x82, 0x10, 0xa2, 0x10, 0xa3, 0x10, 0xc3, 0x18, 0xe3, 0x18, 0xe4, 0x18, 0x04, 0x21, 0x24, 0x21, 0x45, 0x29, 0x45, 0x29,
    0x65, 0x29, 0x66, 0x29, 0x65, 0x29, 0x65, 0x29, 0x45, 0x29, 0xc7, 0x39, 0x08, 0x42, 0x65, 0x29, 0x65, 0x29, 0x65, 0x29,
    0x65, 0x29, 0x65, 0x29, 0x65, 0x29, 0x65, 0x29, 0x65, 0x29, 0x65, 0x29, 0x65, 0x29, 0x66, 0x29, 0x66, 0x29, 0x66, 0x29,
    0x66, 0x29, 0x66, 0x29, 0x66, 0x29, 0x66, 0x29, 0x66, 0x29, 0x66, 0x29, 0x65, 0x29, 0x66, 0x29, 0xa6, 0x31, 0xc7, 0x39,
    0xc7, 0x39, 0xa7, 0x31, 0x86, 0x31, 0x66, 0x29, 0x66, 0x29, 0x66, 0x29, 0x66, 0x29, 0x86, 0x31, 0x86, 0x31, 0x86, 0x31,
    0x86, 0x31, 0x86, 0x31, 0x66, 0x29, 0x65, 0x29, 0x45, 0x29, 0x24, 0x21, 0x04, 0x21, 0x04, 0x21, 0x24, 0x21, 0x45, 0x29,
    0x25, 0x21, 0xc3, 0x18, 0x82, 0x10, 0x62, 0x08, 0x61, 0x08, 0x61, 0x08, 0x61, 0x08, 0x61, 0x08, 0x61, 0x08, 0x61, 0x08,
    0x61, 0x08, 0x61, 0x08, 0x61, 0x08, 0x61, 0x08, 0x61, 0x08, 0x41, 0x08, 0x41, 0x08, 0x41, 0x08, 0x41, 0x08, 0x41, 0x08,
    0x41, 0x08, 0x41, 0x08, 0x41, 0x08, 0x25, 0x21, 0xc3, 0x18, 0x41, 0x08, 0x41, 0x08, 0x41, 0x08, 0x61, 0x08, 0x61, 0x08,
    0x61, 0x08, 0x61, 0x08, 0x61, 0x08, 0x61, 0x08, 0x61, 0x08, 0x61, 0x08, 0x62, 0x08, 0x62, 0x08, 0x61, 0x08, 0x61, 0x08,
    0x61, 0x08, 0x61, 0x08, 0x61, 0x08, 0x41, 0x08, 0x41, 0x08, 0x41, 0x08, 0x41, 0x08, 0xc3, 0x18, 0x49, 0x4a, 0x2d, 0x63,
    0x0c, 0x63, 0xc7, 0x39, 0x61, 0x08, 0x20, 0x00, 0x41, 0x08, 0x21, 0x00, 0x00, 0x00, 0xcb, 0x5a, 0x31, 0x84, 0x8a, 0x52,
    0x00, 0x00, 0x00, 0x00, 0x00, 0x00, 0x00, 0x00, 0x00, 0x00, 0x00, 0x00, 0x00, 0x00, 0x00, 0x00, 0x00, 0x00, 0x00, 0x00,
    0x00, 0x00, 0x00, 0x00, 0x00, 0x00, 0x00, 0x00, 0x00, 0x00, 0x00, 0x00, 0x00, 0x00, 0x00, 0x00, 0x00, 0x00, 0x00, 0x00,
    0x00, 0x00, 0x00, 0x00, 0x00, 0x00, 0x00, 0x00, 0x00, 0x00, 0x00, 0x00, 0x00, 0x00, 0x00, 0x00, 0x00, 0x00, 0x00, 0x00,
    0x00, 0x00, 0x00, 0x00, 0x00, 0x00, 0x00, 0x00, 0x00, 0x00, 0x00, 0x00, 0x00, 0x00, 0x00, 0x00, 0x00, 0x00, 0x00, 0x00,
    0x00, 0x00, 0x00, 0x00, 0x00, 0x00, 0x00, 0x00, 0x00, 0x00, 0x00, 0x00, 0x00, 0x00, 0x00, 0x00, 0x00, 0x00, 0x00, 0x00,
    0x00, 0x00, 0x00, 0x00, 0x00, 0x00, 0x00, 0x00, 0x00, 0x00, 0x00, 0x00, 0x00, 0x00, 0x00, 0x00, 0x00, 0x00, 0xa2, 0x10,
    0x96, 0xb5, 0x9a, 0xd6, 0xaa, 0x52, 0x00, 0x00, 0x41, 0x08, 0x21, 0x00, 0x41, 0x08, 0x41, 0x08, 0x41, 0x08, 0x41, 0x08,
    0x41, 0x08, 0x41, 0x08, 0x41, 0x08, 0x41, 0x08, 0x41, 0x08, 0x41, 0x08, 0x41, 0x08, 0x61, 0x08, 0x61, 0x08, 0x62, 0x08,
    0x82, 0x10, 0xa2, 0x10, 0xa3, 0x10, 0xc3, 0x18, 0xe3, 0x18, 0xe4, 0x18, 0x04, 0x21, 0x24, 0x21, 0x25, 0x21, 0x45, 0x29,
    0x65, 0x29, 0x65, 0x29, 0x65, 0x29, 0x65, 0x29, 0x86, 0x31, 0x29, 0x42, 0x86, 0x31, 0x65, 0x29, 0x65, 0x29, 0x65, 0x29,
    0x65, 0x29, 0x65, 0x29, 0x65, 0x29, 0x65, 0x29, 0x65, 0x29, 0x65, 0x29, 0x66, 0x29, 0x66, 0x29, 0x66, 0x29, 0x66, 0x29,
    0x66, 0x29, 0x66, 0x29, 0x66, 0x29, 0x66, 0x29, 0x66, 0x29, 0x65, 0x29, 0x86, 0x31, 0xc7, 0x39, 0xc7, 0x39, 0x86, 0x31,
    0x66, 0x29, 0x66, 0x29, 0x86, 0x31, 0x86, 0x31, 0x86, 0x31, 0x86, 0x31, 0x86, 0x31, 0xa6, 0x31, 0xa6, 0x31, 0xa6, 0x31,
    0xa6, 0x31, 0xa6, 0x31, 0x86, 0x31, 0x86, 0x31, 0x65, 0x29, 0x45, 0x29, 0x25, 0x21, 0x04, 0x21, 0xe3, 0x18, 0xc3, 0x18,
    0xe3, 0x18, 0x04, 0x21, 0x04, 0x21, 0xa2, 0x10, 0x41, 0x08, 0x61, 0x08, 0x61, 0x08, 0x61, 0x08, 0x61, 0x08, 0x61, 0x08,
    0x61, 0x08, 0x61, 0x08, 0x61, 0x08, 0x61, 0x08, 0x61, 0x08, 0x61, 0x08, 0x41, 0x08, 0x41, 0x08, 0x41, 0x08, 0x41, 0x08,
    0x41, 0x08, 0x41, 0x08, 0x41, 0x08, 0x62, 0x08, 0x45, 0x29, 0x62, 0x08, 0x41, 0x08, 0x41, 0x08, 0x41, 0x08, 0x61, 0x08,
    0x61, 0x08, 0x61, 0x08, 0x61, 0x08, 0x61, 0x08, 0x61, 0x08, 0x61, 0x08, 0x61, 0x08, 0x62, 0x08, 0x62, 0x08, 0x61, 0x08,
    0x61, 0x08, 0x61, 0x08, 0x61, 0x08, 0x41, 0x08, 0x61, 0x08, 0x41, 0x08, 0xc3, 0x18, 0x0c, 0x63, 0x6a, 0x4a, 0xe4, 0x18,
    0x00, 0x00, 0x00, 0x00, 0x21, 0x00, 0x41, 0x08, 0x21, 0x00, 0x41, 0x08, 0x00, 0x00, 0xa7, 0x31, 0x10, 0x84, 0x6e, 0x6b,
    0x61, 0x08, 0x00, 0x00, 0x00, 0x00, 0x00, 0x00, 0x00, 0x00, 0x00, 0x00, 0x00, 0x00, 0x00, 0x00, 0x00, 0x00, 0x00, 0x00,
    0x00, 0x00, 0x00, 0x00, 0x00, 0x00, 0x00, 0x00, 0x00, 0x00, 0x00, 0x00, 0x00, 0x00, 0x00, 0x00, 0x00, 0x00, 0x00, 0x00,
    0x00, 0x00, 0x00, 0x00, 0x00, 0x00, 0x00, 0x00, 0x00, 0x00, 0x00, 0x00, 0x00, 0x00, 0x00, 0x00, 0x00, 0x00, 0x00, 0x00,
    0x00, 0x00, 0x00, 0x00, 0x00, 0x00, 0x00, 0x00, 0x00, 0x00, 0x00, 0x00, 0x00, 0x00, 0x00, 0x00, 0x00, 0x00, 0x00, 0x00,
    0x00, 0x00, 0x00, 0x00, 0x00, 0x00, 0x00, 0x00, 0x00, 0x00, 0x00, 0x00, 0x00, 0x00, 0x00, 0x00, 0x00, 0x00, 0x00, 0x00,
    0x00, 0x00, 0x00, 0x00, 0x00, 0x00, 0x00, 0x00, 0x00, 0x00, 0x00, 0x00, 0x00, 0x00, 0x00, 0x00, 0x00, 0x00, 0x08, 0x42,
    0x59, 0xce, 0xd7, 0xbd, 0x04, 0x21, 0x00, 0x00, 0x41, 0x08, 0x41, 0x08, 0x41, 0x08, 0x41, 0x08, 0x41, 0x08, 0x41, 0x08,
    0x41, 0x08, 0x41, 0x08, 0x41, 0x08, 0x41, 0x08, 0x41, 0x08, 0x41, 0x08, 0x41, 0x08, 0x61, 0x08, 0x61, 0x08, 0x62, 0x08,
    0x82, 0x10, 0xa2, 0x10, 0xa3, 0x10, 0xc3, 0x18, 0xe3, 0x18, 0xe4, 0x18, 0x04, 0x21, 0x24, 0x21, 0x25, 0x21, 0x45, 0x29,
    0x65, 0x29, 0x65, 0x29, 0x65, 0x29, 0x45, 0x29, 0x08, 0x42, 0xc7, 0x39, 0x45, 0x29, 0x65, 0x29, 0x65, 0x29, 0x65, 0x29,
    0x65, 0x29, 0x65, 0x29, 0x65, 0x29, 0x65, 0x29, 0x65, 0x29, 0x66, 0x29, 0x66, 0x29, 0x66, 0x29, 0x66, 0x29, 0x66, 0x29,
    0x66, 0x29, 0x66, 0x29, 0x66, 0x29, 0x65, 0x29, 0x66, 0x29, 0xc7, 0x39, 0xc7, 0x39, 0x86, 0x31, 0x66, 0x29, 0x66, 0x29,
    0x86, 0x31, 0x86, 0x31, 0x86, 0x31, 0xa6, 0x31, 0xa6, 0x31, 0xa7, 0x31, 0xa7, 0x31, 0xa7, 0x31, 0xa7, 0x31, 0xa7, 0x31,
    0xa7, 0x31, 0xa7, 0x31, 0xa7, 0x31, 0x86, 0x31, 0x86, 0x31, 0x65, 0x29, 0x45, 0x29, 0x24, 0x21, 0x04, 0x21, 0xe3, 0x18,
    0xa3, 0x10, 0xa2, 0x10, 0xa3, 0x10, 0xe4, 0x18, 0xc3, 0x18, 0x61, 0x08, 0x61, 0x08, 0x61, 0x08, 0x61, 0x08, 0x61, 0x08,
    0x61, 0x08, 0x61, 0x08, 0x61, 0x08, 0x61, 0x08, 0x61, 0x08, 0x61, 0x08, 0x61, 0x08, 0x41, 0x08, 0x41, 0x08, 0x41, 0x08,
    0x41, 0x08, 0x41, 0x08, 0x41, 0x08, 0x41, 0x08, 0xc3, 0x18, 0x04, 0x21, 0x41, 0x08, 0x41, 0x08, 0x41, 0x08, 0x41, 0x08,
    0x41, 0x08, 0x61, 0x08, 0x61, 0x08, 0x61, 0x08, 0x61, 0x08, 0x61, 0x08, 0x61, 0x08, 0x61, 0x08, 0x61, 0x08, 0x61, 0x08,
    0x61, 0x08, 0x61, 0x08, 0x61, 0x08, 0x41, 0x08, 0x41, 0x08, 0x41, 0x08, 0x62, 0x08, 0x41, 0x08, 0x00, 0x00, 0x20, 0x00,
    0x41, 0x08, 0x41, 0x08, 0x41, 0x08, 0x41, 0x08, 0x41, 0x08, 0x41, 0x08, 0x00, 0x00, 0xa2, 0x10, 0x8e, 0x73, 0xf0, 0x7b,
    0x45, 0x29, 0x00, 0x00, 0x00, 0x00, 0x00, 0x00, 0x00, 0x00, 0x00, 0x00, 0x00, 0x00, 0x00, 0x00, 0x00, 0x00, 0x00, 0x00,
    0x00, 0x00, 0x00, 0x00, 0x00, 0x00, 0x00, 0x00, 0x00, 0x00, 0x00, 0x00, 0x00, 0x00, 0x00, 0x00, 0x00, 0x00, 0x00, 0x00,
    0x00, 0x00, 0x00, 0x00, 0x00, 0x00, 0x00, 0x00, 0x00, 0x00, 0x00, 0x00, 0x00, 0x00, 0x00, 0x00, 0x00, 0x00, 0x00, 0x00,
    0x00, 0x00, 0x00, 0x00, 0x00, 0x00, 0x00, 0x00, 0x00, 0x00, 0x00, 0x00, 0x00, 0x00, 0x00, 0x00, 0x00, 0x00, 0x00, 0x00,
    0x00, 0x00, 0x00, 0x00, 0x00, 0x00, 0x00, 0x00, 0x00, 0x00, 0x00, 0x00, 0x00, 0x00, 0x00, 0x00, 0x00, 0x00, 0x00, 0x00,
    0x00, 0x00, 0x00, 0x00, 0x00, 0x00, 0x00, 0x00, 0x00, 0x00, 0x00, 0x00, 0x00, 0x00, 0x00, 0x00, 0x00, 0x00, 0x8e, 0x73,
    0xbb, 0xd6, 0x72, 0x8c, 0x20, 0x00, 0x20, 0x00, 0x21, 0x00, 0x41, 0x08, 0x41, 0x08, 0x41, 0x08, 0x41, 0x08, 0x41, 0x08,
    0x41, 0x08, 0x41, 0x08, 0x41, 0x08, 0x41, 0x08, 0x41, 0x08, 0x41, 0x08, 0x61, 0x08, 0x61, 0x08, 0x61, 0x08, 0x62, 0x08,
    0x82, 0x10, 0xa2, 0x10, 0xa3, 0x10, 0xc3, 0x18, 0xe3, 0x18, 0xe4, 0x18, 0x04, 0x21, 0x24, 0x21, 0x25, 0x21, 0x45, 0x29,
    0x65, 0x29, 0x65, 0x29, 0x45, 0x29, 0xa6, 0x31, 0x08, 0x42, 0x65, 0x29, 0x65, 0x29, 0x65, 0x29, 0x65, 0x29, 0x65, 0x29,
    0x65, 0x29, 0x65, 0x29, 0x65, 0x29, 0x65, 0x29, 0x66, 0x29, 0x66, 0x29, 0x66, 0x29, 0x66, 0x29, 0x66, 0x29, 0x66, 0x29,
    0x66, 0x29, 0x66, 0x29, 0x65, 0x29, 0x86, 0x31, 0xc7, 0x39, 0xa7, 0x31, 0x66, 0x29, 0x66, 0x29, 0x86, 0x31, 0x86, 0x31,
    0xa6, 0x31, 0xa6, 0x31, 0xa7, 0x31, 0xa7, 0x31, 0xc7, 0x39, 0xc7, 0x39, 0xc7, 0x39, 0xc7, 0x39, 0xc7, 0x39, 0xc7, 0x39,
    0xc7, 0x39, 0xc7, 0x39, 0xc7, 0x39, 0xa7, 0x31, 0x86, 0x31, 0x66, 0x29, 0x65, 0x29, 0x45, 0x29, 0x24, 0x21, 0x04, 0x21,
    0xe3, 0x18, 0xa3, 0x10, 0x82, 0x10, 0x62, 0x08, 0xc3, 0x18, 0xe4, 0x18, 0x82, 0x10, 0x61, 0x08, 0x61, 0x08, 0x61, 0x08,
    0x61, 0x08, 0x61, 0x08, 0x61, 0x08, 0x61, 0x08, 0x61, 0x08, 0x61, 0x08, 0x61, 0x08, 0x61, 0x08, 0x41, 0x08, 0x41, 0x08,
    0x41, 0x08, 0x41, 0x08, 0x41, 0x08, 0x41, 0x08, 0x41, 0x08, 0x25, 0x21, 0xa2, 0x10, 0x41, 0x08, 0x41, 0x08, 0x41, 0x08,
    0x41, 0x08, 0x41, 0x08, 0x61, 0x08, 0x61, 0x08, 0x61, 0x08, 0x61, 0x08, 0x61, 0x08, 0x61, 0x08, 0x61, 0x08, 0x61, 0x08,
    0x61, 0x08, 0x61, 0x08, 0x61, 0x08, 0x61, 0x08, 0x41, 0x08, 0x41, 0x08, 0x41, 0x08, 0x41, 0x08, 0x61, 0x08, 0x41, 0x08,
    0x41, 0x08, 0x41, 0x08, 0x41, 0x08, 0x41, 0x08, 0x41, 0x08, 0x21, 0x00, 0x20, 0x00, 0x20, 0x00, 0xcb, 0x5a, 0x10, 0x84,
    0x29, 0x42, 0x00, 0x00, 0x00, 0x00, 0x00, 0x00, 0x00, 0x00, 0x00, 0x00, 0x00, 0x00, 0x00, 0x00, 0x00, 0x00, 0x00, 0x00,
    0x00, 0x00, 0x00, 0x00, 0x00, 0x00, 0x00, 0x00, 0x00, 0x00, 0x00, 0x00, 0x00, 0x00, 0x00, 0x00, 0x00, 0x00, 0x00, 0x00,
    0x00, 0x00, 0x00, 0x00, 0x00, 0x00, 0x00, 0x00, 0x00, 0x00, 0x00, 0x00, 0x00, 0x00, 0x00, 0x00, 0x00, 0x00, 0x00, 0x00,
    0x00, 0x00, 0x00, 0x00, 0x00, 0x00, 0x00, 0x00, 0x00, 0x00, 0x00, 0x00, 0x00, 0x00, 0x00, 0x00, 0x00, 0x00, 0x00, 0x00,
    0x00, 0x00, 0x00, 0x00, 0x00, 0x00, 0x00, 0x00, 0x00, 0x00, 0x00, 0x00, 0x00, 0x00, 0x00, 0x00, 0x00, 0x00, 0x00, 0x00,
    0x00, 0x00, 0x00, 0x00, 0x00, 0x00, 0x00, 0x00, 0x00, 0x00, 0x00, 0x00, 0x00, 0x00, 0x00, 0x00, 0x41, 0x08, 0xf4, 0x9c,
    0x9a, 0xd6, 0xec, 0x5a, 0x00, 0x00, 0x41, 0x08, 0x21, 0x00, 0x41, 0x08, 0x41, 0x08, 0x41, 0x08, 0x41, 0x08, 0x41, 0x08,
    0x41, 0x08, 0x41, 0x08, 0x41, 0x08, 0x41, 0x08, 0x41, 0x08, 0x41, 0x08, 0x61, 0x08, 0x61, 0x08, 0x61, 0x08, 0x62, 0x08,
    0x82, 0x10, 0x82, 0x10, 0xa3, 0x10, 0xc3, 0x18, 0xc3, 0x18, 0xe4, 0x18, 0x04, 0x21, 0x04, 0x21, 0x25, 0x21, 0x45, 0x29,
    0x65, 0x29, 0x65, 0x29, 0x45, 0x29, 0x08, 0x42, 0xa6, 0x31, 0x45, 0x29, 0x65, 0x29, 0x65, 0x29, 0x65, 0x29, 0x65, 0x29,
    0x65, 0x29, 0x65, 0x29, 0x65, 0x29, 0x66, 0x29, 0x66, 0x29, 0x66, 0x29, 0x66, 0x29, 0x66, 0x29, 0x66, 0x29, 0x66, 0x29,
    0x66, 0x29, 0x65, 0x29, 0x86, 0x31, 0xe7, 0x39, 0x86, 0x31, 0x66, 0x29, 0x86, 0x31, 0x86, 0x31, 0xa6, 0x31, 0xa7, 0x31,
    0xa7, 0x31, 0xc7, 0x39, 0xc7, 0x39, 0xc7, 0x39, 0xe7, 0x39, 0xe7, 0x39, 0xe7, 0x39, 0xe8, 0x39, 0xe8, 0x39, 0xe8, 0x39,
    0xe8, 0x39, 0xe8, 0x39, 0xe7, 0x39, 0xc7, 0x39, 0xa7, 0x31, 0x86, 0x31, 0x66, 0x29, 0x45, 0x29, 0x25, 0x21, 0x04, 0x21,
    0xe4, 0x18, 0xc3, 0x18, 0xa3, 0x10, 0x82, 0x10, 0x41, 0x08, 0x82, 0x10, 0xe4, 0x18, 0x82, 0x10, 0x61, 0x08, 0x61, 0x08,
    0x61, 0x08, 0x61, 0x08, 0x61, 0x08, 0x61, 0x08, 0x61, 0x08, 0x61, 0x08, 0x61, 0x08, 0x61, 0x08, 0x41, 0x08, 0x41, 0x08,
    0x41, 0x08, 0x41, 0x08, 0x41, 0x08, 0x41, 0x08, 0x41, 0x08, 0xa3, 0x10, 0x25, 0x21, 0x41, 0x08, 0x41, 0x08, 0x41, 0x08,
    0x41, 0x08, 0x41, 0x08, 0x41, 0x08, 0x61, 0x08, 0x61, 0x08, 0x61, 0x08, 0x61, 0x08, 0x61, 0x08, 0x61, 0x08, 0x61, 0x08,
    0x61, 0x08, 0x61, 0x08, 0x61, 0x08, 0x61, 0x08, 0x41, 0x08, 0x41, 0x08, 0x41, 0x08, 0x41, 0x08, 0x41, 0x08, 0x41, 0x08,
    0x41, 0x08, 0x41, 0x08, 0x41, 0x08, 0x41, 0x08, 0x41, 0x08, 0x21, 0x00, 0x41, 0x08, 0x00, 0x00, 0xc7, 0x39, 0xf0, 0x7b,
    0x0c, 0x63, 0x20, 0x00, 0x00, 0x00, 0x00, 0x00, 0x00, 0x00, 0x00, 0x00, 0x00, 0x00, 0x00, 0x00, 0x00, 0x00, 0x00, 0x00,
    0x00, 0x00, 0x00, 0x00, 0x00, 0x00, 0x00, 0x00, 0x00, 0x00, 0x00, 0x00, 0x00, 0x00, 0x00, 0x00, 0x00, 0x00, 0x00, 0x00,
    0x00, 0x00, 0x00, 0x00, 0x00, 0x00, 0x00, 0x00, 0x00, 0x00, 0x00, 0x00, 0x00, 0x00, 0x00, 0x00, 0x00, 0x00, 0x00, 0x00,
    0x00, 0x00, 0x00, 0x00, 0x00, 0x00, 0x00, 0x00, 0x00, 0x00, 0x00, 0x00, 0x00, 0x00, 0x00, 0x00, 0x00, 0x00, 0x00, 0x00,
    0x00, 0x00, 0x00, 0x00, 0x00, 0x00, 0x00, 0x00, 0x00, 0x00, 0x00, 0x00, 0x00, 0x00, 0x00, 0x00, 0x00, 0x00, 0x00, 0x00,
    0x00, 0x00, 0x00, 0x00, 0x00, 0x00, 0x00, 0x00, 0x00, 0x00, 0x00, 0x00, 0x00, 0x00, 0x00, 0x00, 0x45, 0x29, 0xd7, 0xbd,
    0xf8, 0xbd, 0x86, 0x31, 0x00, 0x00, 0x41, 0x08, 0x41, 0x08, 0x21, 0x00, 0x21, 0x00, 0x41, 0x08, 0x41, 0x08, 0x41, 0x08,
    0x41, 0x08, 0x41, 0x08, 0x41, 0x08, 0x41, 0x08, 0x41, 0x08, 0x41, 0x08, 0x61, 0x08, 0x61, 0x08, 0x61, 0x08, 0x62, 0x08,
    0x82, 0x10, 0x82, 0x10, 0xa3, 0x10, 0xc3, 0x18, 0xc3, 0x18, 0xe4, 0x18, 0x04, 0x21, 0x04, 0x21, 0x24, 0x21, 0x45, 0x29,
    0x45, 0x29, 0x45, 0x29, 0xa7, 0x31, 0x08, 0x42, 0x65, 0x29, 0x65, 0x29, 0x65, 0x29, 0x65, 0x29, 0x65, 0x29, 0x65, 0x29,
    0x65, 0x29, 0x65, 0x29, 0x65, 0x29, 0x66, 0x29, 0x66, 0x29, 0x66, 0x29, 0x66, 0x29, 0x66, 0x29, 0x66, 0x29, 0x66, 0x29,
    0x65, 0x29, 0xa6, 0x31, 0xe7, 0x39, 0x86, 0x31, 0x66, 0x29, 0x86, 0x31, 0x86, 0x31, 0xa6, 0x31, 0xa7, 0x31, 0xc7, 0x39,
    0xc7, 0x39, 0xc7, 0x39, 0xe7, 0x39, 0xe8, 0x39, 0xe8, 0x39, 0xe8, 0x39, 0x08, 0x42, 0x08, 0x42, 0x08, 0x42, 0x08, 0x42,
    0x08, 0x42, 0x08, 0x42, 0xe8, 0x39, 0xe7, 0x39, 0xc7, 0x39, 0xa7, 0x31, 0x86, 0x31, 0x66, 0x29, 0x45, 0x29, 0x25, 0x21,
    0x04, 0x21, 0xe3, 0x18, 0xc3, 0x18, 0x82, 0x10, 0x82, 0x10, 0x61, 0x08, 0x82, 0x10, 0xe4, 0x18, 0xa2, 0x10, 0x61, 0x08,
    0x61, 0x08, 0x61, 0x08, 0x61, 0x08, 0x61, 0x08, 0x61, 0x08, 0x61, 0x08, 0x61, 0x08, 0x61, 0x08, 0x61, 0x08, 0x41, 0x08,
    0x41, 0x08, 0x41, 0x08, 0x41, 0x08, 0x41, 0x08, 0x41, 0x08, 0x41, 0x08, 0x25, 0x21, 0xa3, 0x10, 0x41, 0x08, 0x41, 0x08,
    0x41, 0x08, 0x41, 0x08, 0x41, 0x08, 0x41, 0x08, 0x41, 0x08, 0x61, 0x08, 0x61, 0x08, 0x61, 0x08, 0x61, 0x08, 0x61, 0x08,
    0x61, 0x08, 0x61, 0x08, 0x61, 0x08, 0x61, 0x08, 0x41, 0x08, 0x41, 0x08, 0x41, 0x08, 0x41, 0x08, 0x41, 0x08, 0x41, 0x08,
    0x41, 0x08, 0x41, 0x08, 0x41, 0x08, 0x21, 0x00, 0x21, 0x00, 0x41, 0x08, 0x41, 0x08, 0x00, 0x00, 0x04, 0x21, 0xaf, 0x73,
    0x8e, 0x73, 0xc3, 0x18, 0x00, 0x00, 0x00, 0x00, 0x00, 0x00, 0x00, 0x00, 0x00, 0x00, 0x00, 0x00, 0x00, 0x00, 0x00, 0x00,
    0x00, 0x00, 0x00, 0x00, 0x00, 0x00, 0x00, 0x00, 0x00, 0x00, 0x00, 0x00, 0x00, 0x00, 0x00, 0x00, 0x00, 0x00, 0x00, 0x00,
    0x00, 0x00, 0x00, 0x00, 0x00, 0x00, 0x00, 0x00, 0x00, 0x00, 0x00, 0x00, 0x00, 0x00, 0x00, 0x00, 0x00, 0x00, 0x00, 0x00,
    0x00, 0x00, 0x00, 0x00, 0x00, 0x00, 0x00, 0x00, 0x00, 0x00, 0x00, 0x00, 0x00, 0x00, 0x00, 0x00, 0x00, 0x00, 0x00, 0x00,
    0x00, 0x00, 0x00, 0x00, 0x00, 0x00, 0x00, 0x00, 0x00, 0x00, 0x00, 0x00, 0x00, 0x00, 0x00, 0x00, 0x00, 0x00, 0x00, 0x00,
    0x00, 0x00, 0x00, 0x00, 0x00, 0x00, 0x00, 0x00, 0x00, 0x00, 0x00, 0x00, 0x00, 0x00, 0x00, 0x00, 0x6a, 0x4a, 0x59, 0xce,
    0x14, 0xa5, 0x82, 0x10, 0x00, 0x00, 0x21, 0x00, 0x41, 0x08, 0xa3, 0x10, 0x82, 0x10, 0x62, 0x08, 0x41, 0x08, 0x41, 0x08,
    0x41, 0x08, 0x41, 0x08, 0x41, 0x08, 0x41, 0x08, 0x41, 0x08, 0x61, 0x08, 0x61, 0x08, 0x61, 0x08, 0x61, 0x08, 0x62, 0x08,
    0x82, 0x10, 0x82, 0x10, 0xa2, 0x10, 0xa3, 0x10, 0xc3, 0x18, 0xe3, 0x18, 0xe4, 0x18, 0x04, 0x21, 0x24, 0x21, 0x25, 0x21,
    0x45, 0x29, 0x45, 0x29, 0x08, 0x42, 0xa6, 0x31, 0x45, 0x29, 0x65, 0x29, 0x65, 0x29, 0x65, 0x29, 0x65, 0x29, 0x65, 0x29,
    0x65, 0x29, 0x65, 0x29, 0x66, 0x29, 0x66, 0x29, 0x66, 0x29, 0x66, 0x29, 0x66, 0x29, 0x66, 0x29, 0x66, 0x29, 0x65, 0x29,
    0x86, 0x31, 0xe7, 0x39, 0x86, 0x31, 0x66, 0x29, 0x86, 0x31, 0xa6, 0x31, 0xa7, 0x31, 0xa7, 0x31, 0xc7, 0x39, 0xc7, 0x39,
    0xe7, 0x39, 0xe8, 0x39, 0xe8, 0x39, 0x08, 0x42, 0x08, 0x42, 0x08, 0x42, 0x08, 0x42, 0x28, 0x42, 0x28, 0x42, 0x28, 0x42,
    0x28, 0x42, 0x28, 0x42, 0x08, 0x42, 0xe8, 0x39, 0xc7, 0x39, 0xc7, 0x39, 0xa6, 0x31, 0x86, 0x31, 0x65, 0x29, 0x45, 0x29,
    0x24, 0x21, 0x04, 0x21, 0xc3, 0x18, 0xa3, 0x10, 0x82, 0x10, 0x82, 0x10, 0x61, 0x08, 0x62, 0x08, 0xe4, 0x18, 0x82, 0x10,
    0x61, 0x08, 0x61, 0x08, 0x61, 0x08, 0x61, 0x08, 0x61, 0x08, 0x61, 0x08, 0x61, 0x08, 0x61, 0x08, 0x61, 0x08, 0x61, 0x08,
    0x41, 0x08, 0x41, 0x08, 0x41, 0x08, 0x41, 0x08, 0x41, 0x08, 0x41, 0x08, 0xa2, 0x10, 0x25, 0x21, 0x41, 0x08, 0x41, 0x08,
    0x41, 0x08, 0x41, 0x08, 0x41, 0x08, 0x41, 0x08, 0x41, 0x08, 0x41, 0x08, 0x61, 0x08, 0x61, 0x08, 0x61, 0x08, 0x61, 0x08,
    0x61, 0x08, 0x61, 0x08, 0x61, 0x08, 0x61, 0x08, 0x61, 0x08, 0x41, 0x08, 0x41, 0x08, 0x41, 0x08, 0x41, 0x08, 0x41, 0x08,
    0x41, 0x08, 0x41, 0x08, 0x62, 0x08, 0x82, 0x10, 0xa3, 0x10, 0x41, 0x08, 0x21, 0x00, 0x20, 0x00, 0x41, 0x08, 0x2d, 0x63,
    0xd0, 0x7b, 0x86, 0x31, 0x00, 0x00, 0x00, 0x00, 0x00, 0x00, 0x00, 0x00, 0x00, 0x00, 0x00, 0x00, 0x00, 0x00, 0x00, 0x00,
    0x00, 0x00, 0x00, 0x00, 0x00, 0x00, 0x00, 0x00, 0x00, 0x00, 0x00, 0x00, 0x00, 0x00, 0x00, 0x00, 0x00, 0x00, 0x00, 0x00,
    0x00, 0x00, 0x00, 0x00, 0x00, 0x00, 0x00, 0x00, 0x00, 0x00, 0x00, 0x00, 0x00, 0x00, 0x00, 0x00, 0x00, 0x00, 0x00, 0x00,
    0x00, 0x00, 0x00, 0x00, 0x00, 0x00, 0x00, 0x00, 0x00, 0x00, 0x00, 0x00, 0x00, 0x00, 0x00, 0x00, 0x00, 0x00, 0x00, 0x00,
    0x00, 0x00, 0x00, 0x00, 0x00, 0x00, 0x00, 0x00, 0x00, 0x00, 0x00, 0x00, 0x00, 0x00, 0x00, 0x00, 0x00, 0x00, 0x00, 0x00,
    0x00, 0x00, 0x00, 0x00, 0x00, 0x00, 0x00, 0x00, 0x00, 0x00, 0x00, 0x00, 0x00, 0x00, 0x00, 0x00, 0xaf, 0x73, 0x7a, 0xce,
    0xf0, 0x7b, 0x00, 0x00, 0x21, 0x00, 0x21, 0x00, 0x41, 0x08, 0x61, 0x08, 0x82, 0x10, 0xa3, 0x10, 0xc3, 0x18, 0x82, 0x10,
    0x41, 0x08, 0x41, 0x08, 0x41, 0x08, 0x41, 0x08, 0x41, 0x08, 0x61, 0x08, 0x61, 0x08, 0x61, 0x08, 0x61, 0x08, 0x61, 0x08,
    0x62, 0x08, 0x82, 0x10, 0xa2, 0x10, 0xa3, 0x10, 0xc3, 0x18, 0xe3, 0x18, 0xe4, 0x18, 0x04, 0x21, 0x24, 0x21, 0x25, 0x21,
    0x25, 0x21, 0xa6, 0x31, 0x08, 0x42, 0x65, 0x29, 0x65, 0x29, 0x65, 0x29, 0x65, 0x29, 0x65, 0x29, 0x65, 0x29, 0x65, 0x29,
    0x65, 0x29, 0x66, 0x29, 0x66, 0x29, 0x66, 0x29, 0x66, 0x29, 0x66, 0x29, 0x66, 0x29, 0x66, 0x29, 0x65, 0x29, 0x86, 0x31,
    0xe7, 0x39, 0x86, 0x31, 0x66, 0x29, 0x86, 0x31, 0xa6, 0x31, 0xa7, 0x31, 0xc7, 0x39, 0xc7, 0x39, 0xe7, 0x39, 0xe8, 0x39,
    0xe8, 0x39, 0x08, 0x42, 0x08, 0x42, 0x28, 0x42, 0x28, 0x42, 0x29, 0x42, 0x29, 0x42, 0x29, 0x42, 0x29, 0x42, 0x49, 0x4a,
    0x49, 0x4a, 0x29, 0x42, 0x28, 0x42, 0x08, 0x42, 0xe8, 0x39, 0xc7, 0x39, 0xa7, 0x31, 0xa6, 0x31, 0x86, 0x31, 0x45, 0x29,
    0x25, 0x21, 0x04, 0x21, 0xe4, 0x18, 0xc3, 0x18, 0xa3, 0x10, 0x82, 0x10, 0x82, 0x10, 0x61, 0x08, 0x82, 0x10, 0xe4, 0x18,
    0x82, 0x10, 0x61, 0x08, 0x61, 0x08, 0x61, 0x08, 0x61, 0x08, 0x61, 0x08, 0x61, 0x08, 0x61, 0x08, 0x61, 0x08, 0x61, 0x08,
    0x41, 0x08, 0x41, 0x08, 0x41, 0x08, 0x41, 0x08, 0x41, 0x08, 0x41, 0x08, 0x41, 0x08, 0x25, 0x21, 0xa2, 0x10, 0x41, 0x08,
    0x41, 0x08, 0x41, 0x08, 0x41, 0x08, 0x41, 0x08, 0x41, 0x08, 0x41, 0x08, 0x41, 0x08, 0x61, 0x08, 0x61, 0x08, 0x61, 0x08,
    0x61, 0x08, 0x61, 0x08, 0x61, 0x08, 0x61, 0x08, 0x61, 0x08, 0x41, 0x08, 0x41, 0x08, 0x41, 0x08, 0x41, 0x08, 0x41, 0x08,
    0x82, 0x10, 0xc3, 0x18, 0xa3, 0x10, 0x82, 0x10, 0x61, 0x08, 0x41, 0x08, 0x21, 0x00, 0x21, 0x00, 0x00, 0x00, 0x6a, 0x4a,
    0xf0, 0x7b, 0x49, 0x4a, 0x00, 0x00, 0x00, 0x00, 0x00, 0x00, 0x00, 0x00, 0x00, 0x00, 0x00, 0x00, 0x00, 0x00, 0x00, 0x00,
    0x00, 0x00, 0x00, 0x00, 0x00, 0x00, 0x00, 0x00, 0x00, 0x00, 0x00, 0x00, 0x00, 0x00, 0x00, 0x00, 0x00, 0x00, 0x00, 0x00,
    0x00, 0x00, 0x00, 0x00, 0x00, 0x00, 0x00, 0x00, 0x00, 0x00, 0x00, 0x00, 0x00, 0x00, 0x00, 0x00, 0x00, 0x00, 0x00, 0x00,
    0x00, 0x00, 0x00, 0x00, 0x00, 0x00, 0x00, 0x00, 0x00, 0x00, 0x00, 0x00, 0x00, 0x00, 0x00, 0x00, 0x00, 0x00, 0x00, 0x00,
    0x00, 0x00, 0x00, 0x00, 0x00, 0x00, 0x00, 0x00, 0x00, 0x00, 0x00, 0x00, 0x00, 0x00, 0x00, 0x00, 0x00, 0x00, 0x00, 0x00,
    0x00, 0x00, 0x00, 0x00, 0x00, 0x00, 0x00, 0x00, 0x00, 0x00, 0x00, 0x00, 0x00, 0x00, 0x20, 0x00, 0xb3, 0x94, 0x59, 0xce,
    0xcb, 0x5a, 0x00, 0x00, 0x41, 0x08, 0x21, 0x00, 0x41, 0x08, 0x21, 0x00, 0x21, 0x00, 0x21, 0x00, 0x41, 0x08, 0x61, 0x08,
    0x41, 0x08, 0x41, 0x08, 0x41, 0x08, 0x41, 0x08, 0x41, 0x08, 0x61, 0x08, 0x61, 0x08, 0x61, 0x08, 0x61, 0x08, 0x61, 0x08,
    0x62, 0x08, 0x82, 0x10, 0x82, 0x10, 0xa3, 0x10, 0xc3, 0x18, 0xc3, 0x18, 0xe3, 0x18, 0x04, 0x21, 0x04, 0x21, 0x24, 0x21,
    0x25, 0x21, 0xe8, 0x39, 0xc7, 0x39, 0x45, 0x29, 0x65, 0x29, 0x65, 0x29, 0x65, 0x29, 0x65, 0x29, 0x65, 0x29, 0x65, 0x29,
    0x65, 0x29, 0x66, 0x29, 0x66, 0x29, 0x66, 0x29, 0x66, 0x29, 0x66, 0x29, 0x66, 0x29, 0x66, 0x29, 0x66, 0x29, 0xc7, 0x39,
    0x86, 0x31, 0x66, 0x29, 0x86, 0x31, 0xa6, 0x31, 0xa7, 0x31, 0xc7, 0x39, 0xc7, 0x39, 0xe7, 0x39, 0xe8, 0x39, 0x08, 0x42,
    0x08, 0x42, 0x28, 0x42, 0x29, 0x42, 0x29, 0x42, 0x49, 0x4a, 0x49, 0x4a, 0x49, 0x4a, 0x49, 0x4a, 0x49, 0x4a, 0x49, 0x4a,
    0x49, 0x4a, 0x49, 0x4a, 0x29, 0x42, 0x28, 0x42, 0x08, 0x42, 0xe8, 0x39, 0xc7, 0x39, 0xa7, 0x31, 0x86, 0x31, 0x66, 0x29,
    0x45, 0x29, 0x24, 0x21, 0x04, 0x21, 0xc3, 0x18, 0xc3, 0x18, 0xa3, 0x10, 0x82, 0x10, 0x82, 0x10, 0x61, 0x08, 0x82, 0x10,
    0xe4, 0x18, 0x62, 0x08, 0x61, 0x08, 0x61, 0x08, 0x61, 0x08, 0x61, 0x08, 0x61, 0x08, 0x61, 0x08, 0x61, 0x08, 0x61, 0x08,
    0x61, 0x08, 0x41, 0x08, 0x41, 0x08, 0x41, 0x08, 0x41, 0x08, 0x41, 0x08, 0x41, 0x08, 0xc3, 0x18, 0x04, 0x21, 0x41, 0x08,
    0x41, 0x08, 0x41, 0x08, 0x41, 0x08, 0x41, 0x08, 0x41, 0x08, 0x41, 0x08, 0x41, 0x08, 0x41, 0x08, 0x61, 0x08, 0x61, 0x08,
    0x61, 0x08, 0x61, 0x08, 0x61, 0x08, 0x61, 0x08, 0x61, 0x08, 0x41, 0x08, 0x41, 0x08, 0x41, 0x08, 0x41, 0x08, 0x41, 0x08,
    0x61, 0x08, 0x41, 0x08, 0x21, 0x00, 0x21, 0x00, 0x21, 0x00, 0x41, 0x08, 0x21, 0x00, 0x41, 0x08, 0x00, 0x00, 0xa7, 0x31,
    0xcf, 0x7b, 0xcc, 0x5a, 0x20, 0x00, 0x00, 0x00, 0x00, 0x00, 0x00, 0x00, 0x00, 0x00, 0x00, 0x00, 0x00, 0x00, 0x00, 0x00,
    0x00, 0x00, 0x00, 0x00, 0x00, 0x00, 0x00, 0x00, 0x00, 0x00, 0x00, 0x00, 0x00, 0x00, 0x00, 0x00, 0x00, 0x00, 0x00, 0x00,
    0x00, 0x00, 0x00, 0x00, 0x00, 0x00, 0x00, 0x00, 0x00, 0x00, 0x00, 0x00, 0x00, 0x00, 0x00, 0x00, 0x00, 0x00, 0x00, 0x00,
    0x00, 0x00, 0x00, 0x00, 0x00, 0x00, 0x00, 0x00, 0x00, 0x00, 0x00, 0x00, 0x00, 0x00, 0x00, 0x00, 0x00, 0x00, 0x00, 0x00,
    0x00, 0x00, 0x00, 0x00, 0x00, 0x00, 0x00, 0x00, 0x00, 0x00, 0x00, 0x00, 0x00, 0x00, 0x00, 0x00, 0x00, 0x00, 0x00, 0x00,
    0x00, 0x00, 0x00, 0x00, 0x00, 0x00, 0x00, 0x00, 0x00, 0x00, 0x00, 0x00, 0x00, 0x00, 0xe3, 0x18, 0x76, 0xad, 0xf8, 0xbd,
    0xa7, 0x31, 0x00, 0x00, 0x41, 0x08, 0x41, 0x08, 0x41, 0x08, 0x41, 0x08, 0x41, 0x08, 0x41, 0x08, 0x41, 0x08, 0x41, 0x08,
    0x41, 0x08, 0x41, 0x08, 0x41, 0x08, 0x41, 0x08, 0x61, 0x08, 0x61, 0x08, 0x61, 0x08, 0x61, 0x08, 0x61, 0x08, 0x61, 0x08,
    0x61, 0x08, 0x82, 0x10, 0x82, 0x10, 0xa2, 0x10, 0xa3, 0x10, 0xc3, 0x18, 0xe3, 0x18, 0xe4, 0x18, 0x04, 0x21, 0x24, 0x21,
    0x45, 0x29, 0x08, 0x42, 0x66, 0x29, 0x65, 0x29, 0x65, 0x29, 0x65, 0x29, 0x65, 0x29, 0x65, 0x29, 0x65, 0x29, 0x65, 0x29,
    0x66, 0x29, 0x66, 0x29, 0x66, 0x29, 0x66, 0x29, 0x66, 0x29, 0x66, 0x29, 0x66, 0x29, 0x65, 0x29, 0xc7, 0x39, 0xa7, 0x31,
    0x66, 0x29, 0x86, 0x31, 0xa6, 0x31, 0xa7, 0x31, 0xc7, 0x39, 0xc7, 0x39, 0xe7, 0x39, 0xe8, 0x39, 0x08, 0x42, 0x08, 0x42,
    0x29, 0x42, 0x29, 0x42, 0x49, 0x4a, 0x49, 0x4a, 0x49, 0x4a, 0x49, 0x4a, 0x49, 0x4a, 0x49, 0x4a, 0x49, 0x4a, 0x49, 0x4a,
    0x49, 0x4a, 0x49, 0x4a, 0x29, 0x42, 0x29, 0x42, 0x08, 0x42, 0x08, 0x42, 0xe8, 0x39, 0xc7, 0x39, 0xa6, 0x31, 0x86, 0x31,
    0x65, 0x29, 0x25, 0x21, 0x04, 0x21, 0xe4, 0x18, 0xc3, 0x18, 0xc3, 0x18, 0xa3, 0x10, 0x82, 0x10, 0x82, 0x10, 0x41, 0x08,
    0xc3, 0x18, 0xc3, 0x18, 0x41, 0x08, 0x61, 0x08, 0x61, 0x08, 0x61, 0x08, 0x61, 0x08, 0x61, 0x08, 0x61, 0x08, 0x61, 0x08,
    0x61, 0x08, 0x41, 0x08, 0x41, 0x08, 0x41, 0x08, 0x41, 0x08, 0x41, 0x08, 0x41, 0x08, 0x61, 0x08, 0x25, 0x21, 0x62, 0x08,
    0x41, 0x08, 0x41, 0x08, 0x41, 0x08, 0x41, 0x08, 0x41, 0x08, 0x41, 0x08, 0x41, 0x08, 0x41, 0x08, 0x41, 0x08, 0x61, 0x08,
    0x61, 0x08, 0x61, 0x08, 0x61, 0x08, 0x61, 0x08, 0x61, 0x08, 0x61, 0x08, 0x41, 0x08, 0x41, 0x08, 0x41, 0x08, 0x41, 0x08,
    0x41, 0x08, 0x41, 0x08, 0x41, 0x08, 0x41, 0x08, 0x41, 0x08, 0x41, 0x08, 0x41, 0x08, 0x41, 0x08, 0x00, 0x00, 0x04, 0x21,
    0x8e, 0x73, 0x4d, 0x6b, 0x82, 0x10, 0x00, 0x00, 0x00, 0x00, 0x00, 0x00, 0x00, 0x00, 0x00, 0x00, 0x00, 0x00, 0x00, 0x00,
    0x00, 0x00, 0x00, 0x00, 0x00, 0x00, 0x00, 0x00, 0x00, 0x00, 0x00, 0x00, 0x00, 0x00, 0x00, 0x00, 0x00, 0x00, 0x00, 0x00,
    0x00, 0x00, 0x00, 0x00, 0x00, 0x00, 0x00, 0x00, 0x00, 0x00, 0x00, 0x00, 0x00, 0x00, 0x00, 0x00, 0x00, 0x00, 0x00, 0x00,
    0x00, 0x00, 0x00, 0x00, 0x00, 0x00, 0x00, 0x00, 0x00, 0x00, 0x00, 0x00, 0x00, 0x00, 0x00, 0x00, 0x00, 0x00, 0x00, 0x00,
    0x00, 0x00, 0x00, 0x00, 0x00, 0x00, 0x00, 0x00, 0x00, 0x00, 0x00, 0x00, 0x00, 0x00, 0x00, 0x00, 0x00, 0x00, 0x00, 0x00,
    0x00, 0x00, 0x00, 0x00, 0x00, 0x00, 0x00, 0x00, 0x00, 0x00, 0x00, 0x00, 0x00, 0x00, 0xa7, 0x31, 0xf8, 0xbd, 0x55, 0xad,
    0xc3, 0x18, 0x00, 0x00, 0x41, 0x08, 0x41, 0x08, 0x41, 0x08, 0x41, 0x08, 0x41, 0x08, 0x41, 0x08, 0x41, 0x08, 0x41, 0x08,
    0x41, 0x08, 0x41, 0x08, 0x41, 0x08, 0x41, 0x08, 0x61, 0x08, 0x61, 0x08, 0x61, 0x08, 0x61, 0x08, 0x61, 0x08, 0x41, 0x08,
    0x61, 0x08, 0x62, 0x08, 0x82, 0x10, 0xa2, 0x10, 0xa3, 0x10, 0xc3, 0x18, 0xc3, 0x18, 0xe3, 0x18, 0x04, 0x21, 0x04, 0x21,
    0x86, 0x31, 0xc7, 0x39, 0x45, 0x29, 0x65, 0x29, 0x65, 0x29, 0x65, 0x29, 0x65, 0x29, 0x65, 0x29, 0x65, 0x29, 0x65, 0x29,
    0x66, 0x29, 0x66, 0x29, 0x66, 0x29, 0x66, 0x29, 0x66, 0x29, 0x66, 0x29, 0x65, 0x29, 0x86, 0x31, 0xc7, 0x39, 0x66, 0x29,
    0x86, 0x31, 0x86, 0x31, 0xa7, 0x31, 0xc7, 0x39, 0xc7, 0x39, 0xe7, 0x39, 0xe8, 0x39, 0x08, 0x42, 0x28, 0x42, 0x29, 0x42,
    0x49, 0x4a, 0x49, 0x4a, 0x49, 0x4a, 0x49, 0x4a, 0x49, 0x4a, 0x69, 0x4a, 0x69, 0x4a, 0x69, 0x4a, 0x69, 0x4a, 0x69, 0x4a,
    0x49, 0x4a, 0x49, 0x4a, 0x29, 0x42, 0x28, 0x42, 0x08, 0x42, 0x08, 0x42, 0xe8, 0x39, 0xc7, 0x39, 0xa7, 0x31, 0x86, 0x31,
    0x66, 0x29, 0x45, 0x29, 0x24, 0x21, 0x04, 0x21, 0xe4, 0x18, 0xc3, 0x18, 0xc3, 0x18, 0xa2, 0x10, 0x82, 0x10, 0x62, 0x08,
    0x61, 0x08, 0xe4, 0x18, 0x82, 0x10, 0x61, 0x08, 0x61, 0x08, 0x61, 0x08, 0x61, 0x08, 0x61, 0x08, 0x61, 0x08, 0x61, 0x08,
    0x61, 0x08, 0x61, 0x08, 0x41, 0x08, 0x41, 0x08, 0x41, 0x08, 0x41, 0x08, 0x61, 0x08, 0x41, 0x08, 0x04, 0x21, 0xc3, 0x18,
    0x21, 0x00, 0x41, 0x08, 0x41, 0x08, 0x41, 0x08, 0x41, 0x08, 0x41, 0x08, 0x41, 0x08, 0x41, 0x08, 0x41, 0x08, 0x41, 0x08,
    0x41, 0x08, 0x61, 0x08, 0x61, 0x08, 0x61, 0x08, 0x61, 0x08, 0x61, 0x08, 0x41, 0x08, 0x41, 0x08, 0x41, 0x08, 0x41, 0x08,
    0x41, 0x08, 0x41, 0x08, 0x41, 0x08, 0x41, 0x08, 0x41, 0x08, 0x41, 0x08, 0x41, 0x08, 0x21, 0x00, 0x00, 0x00, 0x82, 0x10,
    0x2d, 0x63, 0x8e, 0x73, 0x04, 0x21, 0x00, 0x00, 0x00, 0x00, 0x00, 0x00, 0x00, 0x00, 0x00, 0x00, 0x00, 0x00, 0x00, 0x00,
    0x00, 0x00, 0x00, 0x00, 0x00, 0x00, 0x00, 0x00, 0x00, 0x00, 0x00, 0x00, 0x00, 0x00, 0x00, 0x00, 0x00, 0x00, 0x00, 0x00,
    0x00, 0x00, 0x00, 0x00, 0x00, 0x00, 0x00, 0x00, 0x00, 0x00, 0x00, 0x00, 0x00, 0x00, 0x00, 0x00, 0x00, 0x00, 0x00, 0x00,
    0x00, 0x00, 0x00, 0x00, 0x00, 0x00, 0x00, 0x00, 0x00, 0x00, 0x00, 0x00, 0x00, 0x00, 0x00, 0x00, 0x00, 0x00, 0x00, 0x00,
    0x00, 0x00, 0x00, 0x00, 0x00, 0x00, 0x00, 0x00, 0x00, 0x00, 0x00, 0x00, 0x00, 0x00, 0x00, 0x00, 0x00, 0x00, 0x00, 0x00,
    0x00, 0x00, 0x00, 0x00, 0x00, 0x00, 0x00, 0x00, 0x00, 0x00, 0x00, 0x00, 0x00, 0x00, 0x8a, 0x52, 0x39, 0xc6, 0x92, 0x94,
    0x41, 0x08, 0x20, 0x00, 0x41, 0x08, 0x41, 0x08, 0x41, 0x08, 0x41, 0x08, 0x41, 0x08, 0x41, 0x08, 0x41, 0x08, 0x41, 0x08,
    0x41, 0x08, 0x41, 0x08, 0x41, 0x08, 0x41, 0x08, 0x61, 0x08, 0x61, 0x08, 0x61, 0x08, 0x61, 0x08, 0x41, 0x08, 0x41, 0x08,
    0x41, 0x08, 0x62, 0x08, 0x82, 0x10, 0x82, 0x10, 0xa2, 0x10, 0xa3, 0x10, 0xc3, 0x18, 0xe3, 0x18, 0x04, 0x21, 0x04, 0x21,
    0xc7, 0x39, 0x86, 0x31, 0x45, 0x29, 0x65, 0x29, 0x65, 0x29, 0x65, 0x29, 0x65, 0x29, 0x65, 0x29, 0x65, 0x29, 0x66, 0x29,
    0x66, 0x29, 0x66, 0x29, 0x66, 0x29, 0x66, 0x29, 0x66, 0x29, 0x66, 0x29, 0x66, 0x29, 0xc7, 0x39, 0x86, 0x31, 0x66, 0x29,
    0x86, 0x31, 0xa6, 0x31, 0xa7, 0x31, 0xc7, 0x39, 0xe7, 0x39, 0xe8, 0x39, 0x08, 0x42, 0x28, 0x42, 0x29, 0x42, 0x49, 0x4a,
    0x49, 0x4a, 0x49, 0x4a, 0x49, 0x4a, 0x69, 0x4a, 0x69, 0x4a, 0x69, 0x4a, 0x69, 0x4a, 0x69, 0x4a, 0x69, 0x4a, 0x69, 0x4a,
    0x49, 0x4a, 0x49, 0x4a, 0x29, 0x42, 0x08, 0x42, 0x08, 0x42, 0xe8, 0x39, 0xe8, 0x39, 0xc7, 0x39, 0xc7, 0x39, 0xa7, 0x31,
    0x86, 0x31, 0x45, 0x29, 0x25, 0x21, 0x04, 0x21, 0x04, 0x21, 0xe4, 0x18, 0xc3, 0x18, 0xa3, 0x10, 0xa2, 0x10, 0x82, 0x10,
    0x61, 0x08, 0x82, 0x10, 0xe3, 0x18, 0x61, 0x08, 0x61, 0x08, 0x61, 0x08, 0x61, 0x08, 0x61, 0x08, 0x61, 0x08, 0x61, 0x08,
    0x61, 0x08, 0x61, 0x08, 0x41, 0x08, 0x41, 0x08, 0x41, 0x08, 0x41, 0x08, 0x41, 0x08, 0x41, 0x08, 0xa3, 0x10, 0x24, 0x21,
    0x41, 0x08, 0x41, 0x08, 0x41, 0x08, 0x41, 0x08, 0x41, 0x08, 0x41, 0x08, 0x41, 0x08, 0x41, 0x08, 0x41, 0x08, 0x41, 0x08,
    0x41, 0x08, 0x41, 0x08, 0x61, 0x08, 0x61, 0x08, 0x61, 0x08, 0x61, 0x08, 0x41, 0x08, 0x41, 0x08, 0x41, 0x08, 0x41, 0x08,
    0x41, 0x08, 0x41, 0x08, 0x41, 0x08, 0x41, 0x08, 0x41, 0x08, 0x41, 0x08, 0x41, 0x08, 0x21, 0x00, 0x20, 0x00, 0x20, 0x00,
    0xcb, 0x5a, 0xaf, 0x73, 0x86, 0x31, 0x00, 0x00, 0x00, 0x00, 0x00, 0x00, 0x00, 0x00, 0x00, 0x00, 0x00, 0x00, 0x00, 0x00,
    0x00, 0x00, 0x00, 0x00, 0x00, 0x00, 0x00, 0x00, 0x00, 0x00, 0x00, 0x00, 0x00, 0x00, 0x00, 0x00, 0x00, 0x00, 0x00, 0x00,
    0x00, 0x00, 0x00, 0x00, 0x00, 0x00, 0x00, 0x00, 0x00, 0x00, 0x00, 0x00, 0x00, 0x00, 0x00, 0x00, 0x00, 0x00, 0x00, 0x00,
    0x00, 0x00, 0x00, 0x00, 0x00, 0x00, 0x00, 0x00, 0x00, 0x00, 0x00, 0x00, 0x00, 0x00, 0x00, 0x00, 0x00, 0x00, 0x00, 0x00,
    0x00, 0x00, 0x00, 0x00, 0x00, 0x00, 0x00, 0x00, 0x00, 0x00, 0x00, 0x00, 0x00, 0x00, 0x00, 0x00, 0x00, 0x00, 0x00, 0x00,
    0x00, 0x00, 0x00, 0x00, 0x00, 0x00, 0x00, 0x00, 0x00, 0x00, 0x00, 0x00, 0x00, 0x00, 0x6d, 0x6b, 0x39, 0xc6, 0xcf, 0x7b,
    0x00, 0x00, 0x21, 0x00, 0x21, 0x00, 0x41, 0x08, 0x41, 0x08, 0x41, 0x08, 0x41, 0x08, 0x41, 0x08, 0x41, 0x08, 0x41, 0x08,
    0x41, 0x08, 0x41, 0x08, 0x41, 0x08, 0x41, 0x08, 0x61, 0x08, 0x61, 0x08, 0x61, 0x08, 0x41, 0x08, 0x41, 0x08, 0x41, 0x08,
    0x41, 0x08, 0x61, 0x08, 0x62, 0x08, 0x82, 0x10, 0xa2, 0x10, 0xa3, 0x10, 0xc3, 0x18, 0xe3, 0x18, 0xe3, 0x18, 0x24, 0x21,
    0xe7, 0x39, 0x45, 0x29, 0x45, 0x29, 0x65, 0x29, 0x65, 0x29, 0x65, 0x29, 0x65, 0x29, 0x65, 0x29, 0x65, 0x29, 0x66, 0x29,
    0x66, 0x29, 0x66, 0x29, 0x66, 0x29, 0x66, 0x29, 0x66, 0x29, 0x65, 0x29, 0xa6, 0x31, 0xc7, 0x39, 0x66, 0x29, 0x86, 0x31,
    0xa6, 0x31, 0xa7, 0x31, 0xc7, 0x39, 0xe7, 0x39, 0xe8, 0x39, 0x08, 0x42, 0x28, 0x42, 0x29, 0x42, 0x49, 0x4a, 0x49, 0x4a,
    0x49, 0x4a, 0x49, 0x4a, 0x69, 0x4a, 0x69, 0x4a, 0x69, 0x4a, 0x69, 0x4a, 0x69, 0x4a, 0x69, 0x4a, 0x49, 0x4a, 0x49, 0x4a,
    0x49, 0x4a, 0x29, 0x42, 0x29, 0x42, 0x08, 0x42, 0x08, 0x42, 0xe8, 0x39, 0xe7, 0x39, 0xc7, 0x39, 0xc7, 0x39, 0xa7, 0x31,
    0x86, 0x31, 0x66, 0x29, 0x45, 0x29, 0x25, 0x21, 0x04, 0x21, 0x04, 0x21, 0xe3, 0x18, 0xc3, 0x18, 0xa3, 0x10, 0x82, 0x10,
    0x62, 0x08, 0x61, 0x08, 0xc3, 0x18, 0xa2, 0x10, 0x61, 0x08, 0x61, 0x08, 0x61, 0x08, 0x61, 0x08, 0x61, 0x08, 0x61, 0x08,
    0x61, 0x08, 0x61, 0x08, 0x41, 0x08, 0x41, 0x08, 0x41, 0x08, 0x41, 0x08, 0x41, 0x08, 0x41, 0x08, 0x61, 0x08, 0x25, 0x21,
    0x62, 0x08, 0x41, 0x08, 0x41, 0x08, 0x41, 0x08, 0x41, 0x08, 0x41, 0x08, 0x41, 0x08, 0x41, 0x08, 0x41, 0x08, 0x41, 0x08,
    0x41, 0x08, 0x41, 0x08, 0x41, 0x08, 0x61, 0x08, 0x61, 0x08, 0x61, 0x08, 0x41, 0x08, 0x41, 0x08, 0x41, 0x08, 0x41, 0x08,
    0x41, 0x08, 0x41, 0x08, 0x41, 0x08, 0x41, 0x08, 0x41, 0x08, 0x41, 0x08, 0x41, 0x08, 0x21, 0x00, 0x21, 0x00, 0x00, 0x00,
    0x49, 0x4a, 0xaf, 0x73, 0x08, 0x42, 0x00, 0x00, 0x00, 0x00, 0x00, 0x00, 0x00, 0x00, 0x00, 0x00, 0x00, 0x00, 0x00, 0x00,
    0x00, 0x00, 0x00, 0x00, 0x00, 0x00, 0x00, 0x00, 0x00, 0x00, 0x00, 0x00, 0x00, 0x00, 0x00, 0x00, 0x00, 0x00, 0x00, 0x00,
    0x00, 0x00, 0x00, 0x00, 0x00, 0x00, 0x00, 0x00, 0x00, 0x00, 0x00, 0x00, 0x00, 0x00, 0x00, 0x00, 0x00, 0x00, 0x00, 0x00,
    0x00, 0x00, 0x00, 0x00, 0x00, 0x00, 0x00, 0x00, 0x00, 0x00, 0x00, 0x00, 0x00, 0x00, 0x00, 0x00, 0x00, 0x00, 0x00, 0x00,
    0x00, 0x00, 0x00, 0x00, 0x00, 0x00, 0x00, 0x00, 0x00, 0x00, 0x00, 0x00, 0x00, 0x00, 0x00, 0x00, 0x00, 0x00, 0x00, 0x00,
    0x00, 0x00, 0x00, 0x00, 0x00, 0x00, 0x00, 0x00, 0x00, 0x00, 0x00, 0x00, 0x00, 0x00, 0x10, 0x84, 0x19, 0xc6, 0x0c, 0x63,
    0x00, 0x00, 0x41, 0x08, 0x21, 0x00, 0x21, 0x00, 0x21, 0x00, 0x41, 0x08, 0x41, 0x08, 0x41, 0x08, 0x41, 0x08, 0x41, 0x08,
    0x41, 0x08, 0x41, 0x08, 0x41, 0x08, 0x61, 0x08, 0x61, 0x08, 0x61, 0x08, 0x41, 0x08, 0x41, 0x08, 0x41, 0x08, 0x41, 0x08,
    0x41, 0x08, 0x41, 0x08, 0x62, 0x08, 0x82, 0x10, 0x82, 0x10, 0xa2, 0x10, 0xa3, 0x10, 0xc3, 0x18, 0xc3, 0x18, 0x45, 0x29,
    0xa7, 0x31, 0x04, 0x21, 0x45, 0x29, 0x45, 0x29, 0x65, 0x29, 0x65, 0x29, 0x65, 0x29, 0x65, 0x29, 0x65, 0x29, 0x66, 0x29,
    0x66, 0x29, 0x66, 0x29, 0x66, 0x29, 0x66, 0x29, 0x66, 0x29, 0x66, 0x29, 0xc7, 0x39, 0x86, 0x31, 0x66, 0x29, 0x86, 0x31,
    0xa6, 0x31, 0xc7, 0x39, 0xc7, 0x39, 0xe8, 0x39, 0x08, 0x42, 0x08, 0x42, 0x29, 0x42, 0x49, 0x4a, 0x49, 0x4a, 0x49, 0x4a,
    0x69, 0x4a, 0x69, 0x4a, 0x69, 0x4a, 0x69, 0x4a, 0x69, 0x4a, 0x49, 0x4a, 0x49, 0x4a, 0x6a, 0x4a, 0x8a, 0x52, 0x6a, 0x4a,
    0x6a, 0x4a, 0x49, 0x4a, 0x29, 0x42, 0x08, 0x42, 0xe8, 0x39, 0xe8, 0x39, 0xc7, 0x39, 0xc7, 0x39, 0xa7, 0x31, 0xa7, 0x31,
    0x86, 0x31, 0x66, 0x29, 0x45, 0x29, 0x45, 0x29, 0x25, 0x21, 0x04, 0x21, 0xe4, 0x18, 0xe3, 0x18, 0xc3, 0x18, 0xa2, 0x10,
    0x82, 0x10, 0x61, 0x08, 0x82, 0x10, 0xe3, 0x18, 0x61, 0x08, 0x61, 0x08, 0x61, 0x08, 0x61, 0x08, 0x61, 0x08, 0x61, 0x08,
    0x61, 0x08, 0x61, 0x08, 0x61, 0x08, 0x41, 0x08, 0x41, 0x08, 0x41, 0x08, 0x41, 0x08, 0x41, 0x08, 0x41, 0x08, 0x04, 0x21,
    0xa3, 0x10, 0x41, 0x08, 0x41, 0x08, 0x41, 0x08, 0x41, 0x08, 0x41, 0x08, 0x41, 0x08, 0x41, 0x08, 0x41, 0x08, 0x41, 0x08,
    0x41, 0x08, 0x41, 0x08, 0x41, 0x08, 0x41, 0x08, 0x61, 0x08, 0x61, 0x08, 0x61, 0x08, 0x41, 0x08, 0x41, 0x08, 0x41, 0x08,
    0x41, 0x08, 0x41, 0x08, 0x41, 0x08, 0x41, 0x08, 0x41, 0x08, 0x41, 0x08, 0x41, 0x08, 0x21, 0x00, 0x21, 0x00, 0x00, 0x00,
    0xc7, 0x39, 0xaf, 0x73, 0x6a, 0x4a, 0x00, 0x00, 0x00, 0x00, 0x00, 0x00, 0x00, 0x00, 0x00, 0x00, 0x00, 0x00, 0x00, 0x00,
    0x00, 0x00, 0x00, 0x00, 0x00, 0x00, 0x00, 0x00, 0x00, 0x00, 0x00, 0x00, 0x00, 0x00, 0x00, 0x00, 0x00, 0x00, 0x00, 0x00,
    0x00, 0x00, 0x00, 0x00, 0x00, 0x00, 0x00, 0x00, 0x00, 0x00, 0x00, 0x00, 0x00, 0x00, 0x00, 0x00, 0x00, 0x00, 0x00, 0x00,
    0x00, 0x00, 0x00, 0x00, 0x00, 0x00, 0x00, 0x00, 0x00, 0x00, 0x00, 0x00, 0x00, 0x00, 0x00, 0x00, 0x00, 0x00, 0x00, 0x00,
    0x00, 0x00, 0x00, 0x00, 0x00, 0x00, 0x00, 0x00, 0x00, 0x00, 0x00, 0x00, 0x00, 0x00, 0x00, 0x00, 0x00, 0x00, 0x00, 0x00,
    0x00, 0x00, 0x00, 0x00, 0x00, 0x00, 0x00, 0x00, 0x00, 0x00, 0x00, 0x00, 0x41, 0x08, 0xb2, 0x94, 0xf8, 0xbd, 0x49, 0x4a,
    0x00, 0x00, 0x41, 0x08, 0x41, 0x08, 0x41, 0x08, 0x41, 0x08, 0x41, 0x08, 0x41, 0x08, 0x21, 0x00, 0x41, 0x08, 0x41, 0x08,
    0x41, 0x08, 0x41, 0x08, 0x41, 0x08, 0x61, 0x08, 0x61, 0x08, 0x41, 0x08, 0x41, 0x08, 0x41, 0x08, 0x41, 0x08, 0x41, 0x08,
    0x41, 0x08, 0x41, 0x08, 0x61, 0x08, 0x62, 0x08, 0x82, 0x10, 0x82, 0x10, 0xa3, 0x10, 0xc3, 0x18, 0xc3, 0x18, 0x86, 0x31,
    0x86, 0x31, 0x04, 0x21, 0x25, 0x21, 0x45, 0x29, 0x45, 0x29, 0x65, 0x29, 0x65, 0x29, 0x65, 0x29, 0x66, 0x29, 0x66, 0x29,
    0x66, 0x29, 0x66, 0x29, 0x66, 0x29, 0x66, 0x29, 0x65, 0x29, 0x86, 0x31, 0xc7, 0x39, 0x66, 0x29, 0x86, 0x31, 0xa6, 0x31,
    0xa7, 0x31, 0xc7, 0x39, 0xe7, 0x39, 0xe8, 0x39, 0x08, 0x42, 0x28, 0x42, 0x49, 0x4a, 0x49, 0x4a, 0x49, 0x4a, 0x69, 0x4a,
    0x69, 0x4a, 0x69, 0x4a, 0x69, 0x4a, 0x69, 0x4a, 0x49, 0x4a, 0x8a, 0x52, 0xab, 0x52, 0xab, 0x52, 0x8a, 0x52, 0x49, 0x4a,
    0x49, 0x4a, 0x49, 0x4a, 0x6a, 0x4a, 0x6a, 0x4a, 0x08, 0x42, 0xc7, 0x39, 0xc7, 0x39, 0xc7, 0x39, 0xa7, 0x31, 0x86, 0x31,
    0x86, 0x31, 0x66, 0x29, 0x66, 0x29, 0x45, 0x29, 0x25, 0x21, 0x24, 0x21, 0x04, 0x21, 0xe4, 0x18, 0xc3, 0x18, 0xa3, 0x10,
    0x82, 0x10, 0x62, 0x08, 0x61, 0x08, 0xe3, 0x18, 0x82, 0x10, 0x61, 0x08, 0x61, 0x08, 0x61, 0x08, 0x61, 0x08, 0x61, 0x08,
    0x61, 0x08, 0x61, 0x08, 0x61, 0x08, 0x41, 0x08, 0x41, 0x08, 0x41, 0x08, 0x41, 0x08, 0x61, 0x08, 0x41, 0x08, 0xc3, 0x18,
    0xe4, 0x18, 0x21, 0x00, 0x41, 0x08, 0x41, 0x08, 0x41, 0x08, 0x41, 0x08, 0x41, 0x08, 0x41, 0x08, 0x41, 0x08, 0x41, 0x08,
    0x41, 0x08, 0x41, 0x08, 0x41, 0x08, 0x41, 0x08, 0x41, 0x08, 0x61, 0x08, 0x61, 0x08, 0x41, 0x08, 0x41, 0x08, 0x41, 0x08,
    0x41, 0x08, 0x00, 0x00, 0x00, 0x00, 0x00, 0x00, 0x00, 0x00, 0x00, 0x00, 0x21, 0x00, 0x41, 0x08, 0x41, 0x08, 0x00, 0x00,
    0x66, 0x29, 0x8e, 0x73, 0xcb, 0x5a, 0x20, 0x00, 0x00, 0x00, 0x00, 0x00, 0x00, 0x00, 0x00, 0x00, 0x00, 0x00, 0x00, 0x00,
    0x00, 0x00, 0x00, 0x00, 0x00, 0x00, 0x00, 0x00, 0x00, 0x00, 0x00, 0x00, 0x00, 0x00, 0x00, 0x00, 0x00, 0x00, 0x00, 0x00,
    0x00, 0x00, 0x00, 0x00, 0x00, 0x00, 0x00, 0x00, 0x00, 0x00, 0x00, 0x00, 0x00, 0x00, 0x00, 0x00, 0x00, 0x00, 0x00, 0x00,
    0x00, 0x00, 0x00, 0x00, 0x00, 0x00, 0x00, 0x00, 0x00, 0x00, 0x00, 0x00, 0x00, 0x00, 0x00, 0x00, 0x00, 0x00, 0x00, 0x00,
    0x00, 0x00, 0x00, 0x00, 0x00, 0x00, 0x00, 0x00, 0x00, 0x00, 0x00, 0x00, 0x00, 0x00, 0x00, 0x00, 0x00, 0x00, 0x00, 0x00,
    0x00, 0x00, 0x00, 0x00, 0x00, 0x00, 0x00, 0x00, 0x00, 0x00, 0x00, 0x00, 0xa2, 0x10, 0x14, 0xa5, 0xb7, 0xb5, 0xa7, 0x31,
    0x00, 0x00, 0x41, 0x08, 0x41, 0x08, 0x82, 0x10, 0xc3, 0x18, 0xc3, 0x18, 0xc3, 0x18, 0xa3, 0x10, 0x41, 0x08, 0x41, 0x08,
    0x41, 0x08, 0x41, 0x08, 0x41, 0x08, 0x41, 0x08, 0x41, 0x08, 0x41, 0x08, 0x41, 0x08, 0x41, 0x08, 0x41, 0x08, 0x41, 0x08,
    0x41, 0x08, 0x41, 0x08, 0x41, 0x08, 0x61, 0x08, 0x62, 0x08, 0x82, 0x10, 0xa2, 0x10, 0xc3, 0x18, 0xc3, 0x18, 0xa6, 0x31,
    0x25, 0x21, 0x04, 0x21, 0x24, 0x21, 0x25, 0x21, 0x45, 0x29, 0x45, 0x29, 0x65, 0x29, 0x65, 0x29, 0x66, 0x29, 0x66, 0x29,
    0x66, 0x29, 0x66, 0x29, 0x66, 0x29, 0x66, 0x29, 0x65, 0x29, 0xc7, 0x39, 0xa6, 0x31, 0x66, 0x29, 0x86, 0x31, 0xa6, 0x31,
    0xc7, 0x39, 0xc7, 0x39, 0xe8, 0x39, 0x08, 0x42, 0x28, 0x42, 0x29, 0x42, 0x49, 0x4a, 0x49, 0x4a, 0x49, 0x4a, 0x69, 0x4a,
    0x69, 0x4a, 0x69, 0x4a, 0x49, 0x4a, 0x69, 0x4a, 0xab, 0x52, 0xab, 0x52, 0x49, 0x4a, 0x69, 0x4a, 0xeb, 0x5a, 0x4d, 0x6b,
    0x2d, 0x63, 0xab, 0x52, 0x08, 0x42, 0xc7, 0x39, 0x29, 0x42, 0x49, 0x4a, 0xc7, 0x39, 0xa7, 0x31, 0xa7, 0x31, 0x86, 0x31,
    0x86, 0x31, 0x66, 0x29, 0x66, 0x29, 0x66, 0x29, 0x45, 0x29, 0x25, 0x21, 0x04, 0x21, 0xe4, 0x18, 0xe3, 0x18, 0xc3, 0x18,
    0xa2, 0x10, 0x82, 0x10, 0x61, 0x08, 0xa3, 0x10, 0xc3, 0x18, 0x41, 0x08, 0x61, 0x08, 0x61, 0x08, 0x61, 0x08, 0x61, 0x08,
    0x61, 0x08, 0x61, 0x08, 0x61, 0x08, 0x41, 0x08, 0x41, 0x08, 0x41, 0x08, 0x41, 0x08, 0x41, 0x08, 0x41, 0x08, 0x82, 0x10,
    0x24, 0x21, 0x41, 0x08, 0x41, 0x08, 0x41, 0x08, 0x41, 0x08, 0x41, 0x08, 0x41, 0x08, 0x41, 0x08, 0x41, 0x08, 0x41, 0x08,
    0x41, 0x08, 0x41, 0x08, 0x41, 0x08, 0x41, 0x08, 0x41, 0x08, 0x41, 0x08, 0x41, 0x08, 0x41, 0x08, 0x41, 0x08, 0x41, 0x08,
    0x82, 0x10, 0x25, 0x21, 0x08, 0x42, 0xaa, 0x52, 0x2d, 0x63, 0xae, 0x73, 0x10, 0x84, 0x29, 0x42, 0x00, 0x00, 0x00, 0x00,
    0x04, 0x21, 0x6e, 0x6b, 0x0c, 0x63, 0x61, 0x08, 0x00, 0x00, 0x00, 0x00, 0x00, 0x00, 0x00, 0x00, 0x00, 0x00, 0x00, 0x00,
    0x00, 0x00, 0x00, 0x00, 0x00, 0x00, 0x00, 0x00, 0x00, 0x00, 0x00, 0x00, 0x00, 0x00, 0x00, 0x00, 0x00, 0x00, 0x00, 0x00,
    0x00, 0x00, 0x00, 0x00, 0x00, 0x00, 0x00, 0x00, 0x00, 0x00, 0x00, 0x00, 0x00, 0x00, 0x00, 0x00, 0x00, 0x00, 0x00, 0x00,
    0x00, 0x00, 0x00, 0x00, 0x00, 0x00, 0x00, 0x00, 0x00, 0x00, 0x00, 0x00, 0x00, 0x00, 0x00, 0x00, 0x00, 0x00, 0x00, 0x00,
    0x00, 0x00, 0x00, 0x00, 0x00, 0x00, 0x00, 0x00, 0x00, 0x00, 0x00, 0x00, 0x00, 0x00, 0x00, 0x00, 0x00, 0x00, 0x00, 0x00,
    0x00, 0x00, 0x00, 0x00, 0x00, 0x00, 0x00, 0x00, 0x00, 0x00, 0x00, 0x00, 0x04, 0x21, 0x55, 0xad, 0x55, 0xad, 0x25, 0x21,
    0x00, 0x00, 0x41, 0x08, 0x41, 0x08, 0x21, 0x00, 0x21, 0x00, 0x41, 0x08, 0x61, 0x08, 0x62, 0x08, 0x41, 0x08, 0x41, 0x08,
    0x41, 0x08, 0x41, 0x08, 0x41, 0x08, 0x41, 0x08, 0x41, 0x08, 0x41, 0x08, 0x41, 0x08, 0x41, 0x08, 0x41, 0x08, 0x41, 0x08,
    0x41, 0x08, 0x41, 0x08, 0x41, 0x08, 0x41, 0x08, 0x62, 0x08, 0x82, 0x10, 0xa2, 0x10, 0xa2, 0x10, 0xc3, 0x18, 0xa6, 0x31,
    0x04, 0x21, 0x04, 0x21, 0x04, 0x21, 0x24, 0x21, 0x25, 0x21, 0x45, 0x29, 0x65, 0x29, 0x65, 0x29, 0x66, 0x29, 0x66, 0x29,
    0x66, 0x29, 0x66, 0x29, 0x66, 0x29, 0x66, 0x29, 0x66, 0x29, 0xc7, 0x39, 0x86, 0x31, 0x86, 0x31, 0x86, 0x31, 0xa7, 0x31,
    0xc7, 0x39, 0xe7, 0x39, 0xe8, 0x39, 0x08, 0x42, 0x29, 0x42, 0x49, 0x4a, 0x49, 0x4a, 0x49, 0x4a, 0x69, 0x4a, 0x69, 0x4a,
    0x69, 0x4a, 0x49, 0x4a, 0x6a, 0x4a, 0xcb, 0x5a, 0x6a, 0x4a, 0x8a, 0x52, 0x51, 0x8c, 0x18, 0xc6, 0xfc, 0xde, 0x5d, 0xef,
    0x5d, 0xef, 0xfc, 0xde, 0xf8, 0xbd, 0x10, 0x84, 0x08, 0x42, 0xc7, 0x39, 0x29, 0x42, 0xa7, 0x31, 0x86, 0x31, 0x86, 0x31,
    0x66, 0x29, 0x66, 0x29, 0x66, 0x29, 0x66, 0x29, 0x45, 0x29, 0x45, 0x29, 0x24, 0x21, 0x04, 0x21, 0xe4, 0x18, 0xc3, 0x18,
    0xa3, 0x10, 0x82, 0x10, 0x62, 0x08, 0x62, 0x08, 0xe3, 0x18, 0x62, 0x08, 0x61, 0x08, 0x61, 0x08, 0x61, 0x08, 0x61, 0x08,
    0x61, 0x08, 0x61, 0x08, 0x61, 0x08, 0x61, 0x08, 0x41, 0x08, 0x41, 0x08, 0x41, 0x08, 0x41, 0x08, 0x41, 0x08, 0x61, 0x08,
    0x25, 0x21, 0x61, 0x08, 0x41, 0x08, 0x41, 0x08, 0x41, 0x08, 0x41, 0x08, 0x41, 0x08, 0x41, 0x08, 0x41, 0x08, 0x41, 0x08,
    0x41, 0x08, 0x41, 0x08, 0x41, 0x08, 0x41, 0x08, 0x41, 0x08, 0x41, 0x08, 0x41, 0x08, 0x41, 0x08, 0x61, 0x08, 0x21, 0x00,
    0x66, 0x29, 0x6e, 0x6b, 0x2c, 0x63, 0xab, 0x52, 0x28, 0x42, 0x86, 0x31, 0x04, 0x21, 0x82, 0x10, 0x21, 0x00, 0x00, 0x00,
    0xc3, 0x18, 0x2d, 0x63, 0x2d, 0x63, 0xa2, 0x10, 0x00, 0x00, 0x00, 0x00, 0x00, 0x00, 0x00, 0x00, 0x00, 0x00, 0x00, 0x00,
    0x00, 0x00, 0x00, 0x00, 0x00, 0x00, 0x00, 0x00, 0x00, 0x00, 0x00, 0x00, 0x00, 0x00, 0x00, 0x00, 0x00, 0x00, 0x00, 0x00,
    0x00, 0x00, 0x00, 0x00, 0x00, 0x00, 0x00, 0x00, 0x00, 0x00, 0x00, 0x00, 0x00, 0x00, 0x00, 0x00, 0x00, 0x00, 0x00, 0x00,
    0x00, 0x00, 0x00, 0x00, 0x00, 0x00, 0x00, 0x00, 0x00, 0x00, 0x00, 0x00, 0x00, 0x00, 0x00, 0x00, 0x00, 0x00, 0x00, 0x00,
    0x00, 0x00, 0x00, 0x00, 0x00, 0x00, 0x00, 0x00, 0x00, 0x00, 0x00, 0x00, 0x00, 0x00, 0x00, 0x00, 0x00, 0x00, 0x00, 0x00,
    0x00, 0x00, 0x00, 0x00, 0x00, 0x00, 0x00, 0x00, 0x00, 0x00, 0x00, 0x00, 0x66, 0x29, 0x76, 0xad, 0x14, 0xa5, 0xc3, 0x18,
    0x00, 0x00, 0x41, 0x08, 0x41, 0x08, 0x41, 0x08, 0x41, 0x08, 0x41, 0x08, 0x41, 0x08, 0x41, 0x08, 0x41, 0x08, 0x41, 0x08,
    0x41, 0x08, 0x41, 0x08, 0x41, 0x08, 0x41, 0x08, 0x41, 0x08, 0x41, 0x08, 0x41, 0x08, 0x41, 0x08, 0x41, 0x08, 0x41, 0x08,
    0x41, 0x08, 0x41, 0x08, 0x41, 0x08, 0x41, 0x08, 0x61, 0x08, 0x62, 0x08, 0x82, 0x10, 0x82, 0x10, 0xe4, 0x18, 0x86, 0x31,
    0xe3, 0x18, 0xe4, 0x18, 0x04, 0x21, 0x04, 0x21, 0x24, 0x21, 0x45, 0x29, 0x45, 0x29, 0x65, 0x29, 0x66, 0x29, 0x66, 0x29,
    0x66, 0x29, 0x66, 0x29, 0x66, 0x29, 0x65, 0x29, 0x86, 0x31, 0xc7, 0x39, 0x66, 0x29, 0x86, 0x31, 0xa6, 0x31, 0xa7, 0x31,
    0xc7, 0x39, 0xe8, 0x39, 0x08, 0x42, 0x28, 0x42, 0x29, 0x42, 0x49, 0x4a, 0x49, 0x4a, 0x69, 0x4a, 0x69, 0x4a, 0x69, 0x4a,
    0x69, 0x4a, 0x6a, 0x4a, 0xcb, 0x5a, 0x49, 0x4a, 0x2c, 0x63, 0x39, 0xc6, 0x9e, 0xf7, 0xbf, 0xf7, 0x9e, 0xf7, 0x7e, 0xef,
    0x7e, 0xef, 0x9e, 0xf7, 0xbf, 0xf7, 0xbf, 0xf7, 0x18, 0xc6, 0xaa, 0x52, 0xa7, 0x31, 0x29, 0x42, 0x86, 0x31, 0x86, 0x31,
    0x66, 0x29, 0x66, 0x29, 0x66, 0x29, 0x66, 0x29, 0x66, 0x29, 0x45, 0x29, 0x25, 0x21, 0x04, 0x21, 0xe4, 0x18, 0xc3, 0x18,
    0xa3, 0x10, 0xa2, 0x10, 0x82, 0x10, 0x61, 0x08, 0xc3, 0x18, 0x82, 0x10, 0x61, 0x08, 0x61, 0x08, 0x61, 0x08, 0x61, 0x08,
    0x61, 0x08, 0x61, 0x08, 0x61, 0x08, 0x61, 0x08, 0x41, 0x08, 0x41, 0x08, 0x41, 0x08, 0x41, 0x08, 0x41, 0x08, 0x41, 0x08,
    0x25, 0x21, 0x82, 0x10, 0x41, 0x08, 0x41, 0x08, 0x41, 0x08, 0x41, 0x08, 0x41, 0x08, 0x41, 0x08, 0x41, 0x08, 0x41, 0x08,
    0x41, 0x08, 0x41, 0x08, 0x41, 0x08, 0x41, 0x08, 0x41, 0x08, 0x41, 0x08, 0x41, 0x08, 0x41, 0x08, 0x41, 0x08, 0x41, 0x08,
    0x41, 0x08, 0x00, 0x00, 0x00, 0x00, 0x00, 0x00, 0x00, 0x00, 0x00, 0x00, 0x00, 0x00, 0x21, 0x00, 0x41, 0x08, 0x00, 0x00,
    0x82, 0x10, 0x0c, 0x63, 0x4e, 0x6b, 0xe3, 0x18, 0x00, 0x00, 0x00, 0x00, 0x00, 0x00, 0x00, 0x00, 0x00, 0x00, 0x00, 0x00,
    0x00, 0x00, 0x00, 0x00, 0x00, 0x00, 0x00, 0x00, 0x00, 0x00, 0x00, 0x00, 0x00, 0x00, 0x00, 0x00, 0x00, 0x00, 0x00, 0x00,
    0x00, 0x00, 0x00, 0x00, 0x00, 0x00, 0x00, 0x00, 0x00, 0x00, 0x00, 0x00, 0x00, 0x00, 0x00, 0x00, 0x00, 0x00, 0x00, 0x00,
    0x00, 0x00, 0x00, 0x00, 0x00, 0x00, 0x00, 0x00, 0x00, 0x00, 0x00, 0x00, 0x00, 0x00, 0x00, 0x00, 0x00, 0x00, 0x00, 0x00,
    0x00, 0x00, 0x00, 0x00, 0x00, 0x00, 0x00, 0x00, 0x00, 0x00, 0x00, 0x00, 0x00, 0x00, 0x00, 0x00, 0x00, 0x00, 0x00, 0x00,
    0x00, 0x00, 0x00, 0x00, 0x00, 0x00, 0x00, 0x00, 0x00, 0x00, 0x00, 0x00, 0xc7, 0x39, 0x96, 0xb5, 0xb3, 0x94, 0x82, 0x10,
    0x00, 0x00, 0x41, 0x08, 0x41, 0x08, 0x41, 0x08, 0x41, 0x08, 0x41, 0x08, 0x41, 0x08, 0x41, 0x08, 0x41, 0x08, 0x41, 0x08,
    0x41, 0x08, 0x41, 0x08, 0x41, 0x08, 0x41, 0x08, 0x41, 0x08, 0x41, 0x08, 0x41, 0x08, 0x41, 0x08, 0x41, 0x08, 0x41, 0x08,
    0x41, 0x08, 0x41, 0x08, 0x41, 0x08, 0x41, 0x08, 0x41, 0x08, 0x62, 0x08, 0x82, 0x10, 0x82, 0x10, 0x04, 0x21, 0x66, 0x29,
    0xc3, 0x18, 0xe3, 0x18, 0xe4, 0x18, 0x04, 0x21, 0x04, 0x21, 0x25, 0x21, 0x45, 0x29, 0x45, 0x29, 0x65, 0x29, 0x65, 0x29,
    0x66, 0x29, 0x66, 0x29, 0x66, 0x29, 0x65, 0x29, 0xa7, 0x31, 0xa7, 0x31, 0x66, 0x29, 0x86, 0x31, 0xa6, 0x31, 0xc7, 0x39,
    0xc7, 0x39, 0xe8, 0x39, 0x08, 0x42, 0x28, 0x42, 0x49, 0x4a, 0x49, 0x4a, 0x49, 0x4a, 0x69, 0x4a, 0x69, 0x4a, 0x69, 0x4a,
    0x49, 0x4a, 0xab, 0x52, 0x6a, 0x4a, 0x2c, 0x63, 0xbb, 0xd6, 0xbf, 0xf7, 0x7e, 0xef, 0x7e, 0xef, 0x7e, 0xef, 0x7e, 0xef,
    0x7e, 0xef, 0x7e, 0xef, 0x7e, 0xef, 0x7e, 0xef, 0xbf, 0xf7, 0xbb, 0xd6, 0x8a, 0x52, 0xa7, 0x31, 0xe8, 0x39, 0x66, 0x29,
    0x86, 0x31, 0x66, 0x29, 0x66, 0x29, 0x66, 0x29, 0x66, 0x29, 0x45, 0x29, 0x25, 0x21, 0x04, 0x21, 0x04, 0x21, 0xe3, 0x18,
    0xc3, 0x18, 0xa2, 0x10, 0x82, 0x10, 0x61, 0x08, 0xc3, 0x18, 0xa3, 0x10, 0x41, 0x08, 0x61, 0x08, 0x61, 0x08, 0x61, 0x08,
    0x61, 0x08, 0x61, 0x08, 0x61, 0x08, 0x61, 0x08, 0x41, 0x08, 0x41, 0x08, 0x41, 0x08, 0x41, 0x08, 0x41, 0x08, 0x41, 0x08,
    0x04, 0x21, 0xa3, 0x10, 0x41, 0x08, 0x41, 0x08, 0x41, 0x08, 0x41, 0x08, 0x41, 0x08, 0x41, 0x08, 0x41, 0x08, 0x41, 0x08,
    0x41, 0x08, 0x41, 0x08, 0x41, 0x08, 0x41, 0x08, 0x41, 0x08, 0x41, 0x08, 0x41, 0x08, 0x41, 0x08, 0x41, 0x08, 0x41, 0x08,
    0x41, 0x08, 0x61, 0x08, 0x61, 0x08, 0x41, 0x08, 0x41, 0x08, 0x41, 0x08, 0x41, 0x08, 0x41, 0x08, 0x21, 0x00, 0x00, 0x00,
    0x61, 0x08, 0xec, 0x5a, 0x6e, 0x6b, 0x24, 0x21, 0x00, 0x00, 0x00, 0x00, 0x00, 0x00, 0x00, 0x00, 0x00, 0x00, 0x00, 0x00,
    0x00, 0x00, 0x00, 0x00, 0x00, 0x00, 0x00, 0x00, 0x00, 0x00, 0x00, 0x00, 0x00, 0x00, 0x00, 0x00, 0x00, 0x00, 0x00, 0x00,
    0x00, 0x00, 0x00, 0x00, 0x00, 0x00, 0x00, 0x00, 0x00, 0x00, 0x00, 0x00, 0x00, 0x00, 0x00, 0x00, 0x00, 0x00, 0x00, 0x00,
    0x00, 0x00, 0x00, 0x00, 0x00, 0x00, 0x00, 0x00, 0x00, 0x00, 0x00, 0x00, 0x00, 0x00, 0x00, 0x00, 0x00, 0x00, 0x00, 0x00,
    0x00, 0x00, 0x00, 0x00, 0x00, 0x00, 0x00, 0x00, 0x00, 0x00, 0x00, 0x00, 0x00, 0x00, 0x00, 0x00, 0x00, 0x00, 0x00, 0x00,
    0x00, 0x00, 0x00, 0x00, 0x00, 0x00, 0x00, 0x00, 0x00, 0x00, 0x00, 0x00, 0x08, 0x42, 0xb7, 0xb5, 0x72, 0x8c, 0x61, 0x08,
    0x20, 0x00, 0x41, 0x08, 0x41, 0x08, 0x41, 0x08, 0x41, 0x08, 0x41, 0x08, 0x41, 0x08, 0x41, 0x08, 0x41, 0x08, 0x41, 0x08,
    0x41, 0x08, 0x41, 0x08, 0x41, 0x08, 0x41, 0x08, 0x41, 0x08, 0x41, 0x08, 0x41, 0x08, 0x41, 0x08, 0x41, 0x08, 0x41, 0x08,
    0x41, 0x08, 0x41, 0x08, 0x41, 0x08, 0x41, 0x08, 0x41, 0x08, 0x61, 0x08, 0x62, 0x08, 0x62, 0x08, 0x04, 0x21, 0x45, 0x29,
    0xa3, 0x10, 0xc3, 0x18, 0xe3, 0x18, 0xe4, 0x18, 0x04, 0x21, 0x04, 0x21, 0x24, 0x21, 0x25, 0x21, 0x45, 0x29, 0x45, 0x29,
    0x65, 0x29, 0x66, 0x29, 0x66, 0x29, 0x65, 0x29, 0xc7, 0x39, 0xa6, 0x31, 0x66, 0x29, 0x86, 0x31, 0xa7, 0x31, 0xc7, 0x39,
    0xe7, 0x39, 0xe8, 0x39, 0x08, 0x42, 0x29, 0x42, 0x49, 0x4a, 0x49, 0x4a, 0x69, 0x4a, 0x69, 0x4a, 0x69, 0x4a, 0x49, 0x4a,
    0x8a, 0x52, 0xab, 0x52, 0x6a, 0x4a, 0x39, 0xc6, 0xbf, 0xf7, 0x5d, 0xef, 0x9e, 0xf7, 0xbe, 0xf7, 0xbf, 0xf7, 0x9e, 0xf7,
    0x7e, 0xef, 0x7e, 0xef, 0x7e, 0xef, 0x7e, 0xef, 0x5d, 0xef, 0xbf, 0xf7, 0xf8, 0xbd, 0xa7, 0x31, 0xc7, 0x39, 0xa7, 0x31,
    0x66, 0x29, 0x66, 0x29, 0x66, 0x29, 0x66, 0x29, 0x66, 0x29, 0x65, 0x29, 0x45, 0x29, 0x25, 0x21, 0x04, 0x21, 0xe4, 0x18,
    0xc3, 0x18, 0xa3, 0x10, 0x82, 0x10, 0x61, 0x08, 0xa2, 0x10, 0xc3, 0x18, 0x61, 0x08, 0x61, 0x08, 0x61, 0x08, 0x61, 0x08,
    0x61, 0x08, 0x61, 0x08, 0x61, 0x08, 0x61, 0x08, 0x41, 0x08, 0x41, 0x08, 0x41, 0x08, 0x41, 0x08, 0x61, 0x08, 0x41, 0x08,
    0xe4, 0x18, 0xc3, 0x18, 0x21, 0x00, 0x41, 0x08, 0x41, 0x08, 0x41, 0x08, 0x41, 0x08, 0x41, 0x08, 0x41, 0x08, 0x41, 0x08,
    0x41, 0x08, 0x41, 0x08, 0x41, 0x08, 0x41, 0x08, 0x41, 0x08, 0x41, 0x08, 0x41, 0x08, 0x41, 0x08, 0x41, 0x08, 0x41, 0x08,
    0x41, 0x08, 0x41, 0x08, 0x41, 0x08, 0x41, 0x08, 0x41, 0x08, 0x41, 0x08, 0x41, 0x08, 0x41, 0x08, 0x21, 0x00, 0x20, 0x00,
    0x41, 0x08, 0xcb, 0x5a, 0x6e, 0x6b, 0x45, 0x29, 0x00, 0x00, 0x00, 0x00, 0x00, 0x00, 0x00, 0x00, 0x00, 0x00, 0x00, 0x00,
    0x00, 0x00, 0x00, 0x00, 0x00, 0x00, 0x00, 0x00, 0x00, 0x00, 0x00, 0x00, 0x00, 0x00, 0x00, 0x00, 0x00, 0x00, 0x00, 0x00,
    0x00, 0x00, 0x00, 0x00, 0x00, 0x00, 0x00, 0x00, 0x00, 0x00, 0x00, 0x00, 0x00, 0x00, 0x00, 0x00, 0x00, 0x00, 0x00, 0x00,
    0x00, 0x00, 0x00, 0x00, 0x00, 0x00, 0x00, 0x00, 0x00, 0x00, 0x00, 0x00, 0x00, 0x00, 0x00, 0x00, 0x00, 0x00, 0x00, 0x00,
    0x00, 0x00, 0x00, 0x00, 0x00, 0x00, 0x00, 0x00, 0x00, 0x00, 0x00, 0x00, 0x00, 0x00, 0x00, 0x00, 0x00, 0x00, 0x00, 0x00,
    0x00, 0x00, 0x00, 0x00, 0x00, 0x00, 0x00, 0x00, 0x00, 0x00, 0x00, 0x00, 0x49, 0x4a, 0xb7, 0xb5, 0x31, 0x84, 0x21, 0x00,
    0x20, 0x00, 0x41, 0x08, 0x41, 0x08, 0x41, 0x08, 0x41, 0x08, 0x41, 0x08, 0x41, 0x08, 0x41, 0x08, 0x41, 0x08, 0x41, 0x08,
    0x41, 0x08, 0x41, 0x08, 0x41, 0x08, 0x41, 0x08, 0x41, 0x08, 0x41, 0x08, 0x41, 0x08, 0x41, 0x08, 0x41, 0x08, 0x41, 0x08,
    0x41, 0x08, 0x41, 0x08, 0x41, 0x08, 0x41, 0x08, 0x41, 0x08, 0x41, 0x08, 0x61, 0x08, 0x61, 0x08, 0x24, 0x21, 0x24, 0x21,
    0xa2, 0x10, 0xc3, 0x18, 0xc3, 0x18, 0xe3, 0x18, 0xe4, 0x18, 0x04, 0x21, 0x04, 0x21, 0x24, 0x21, 0x25, 0x21, 0x45, 0x29,
    0x45, 0x29, 0x65, 0x29, 0x65, 0x29, 0x66, 0x29, 0xc7, 0x39, 0x86, 0x31, 0x66, 0x29, 0x86, 0x31, 0xa7, 0x31, 0xc7, 0x39,
    0xe7, 0x39, 0x08, 0x42, 0x08, 0x42, 0x29, 0x42, 0x49, 0x4a, 0x49, 0x4a, 0x69, 0x4a, 0x69, 0x4a, 0x69, 0x4a, 0x49, 0x4a,
    0xab, 0x52, 0x29, 0x42, 0x51, 0x8c, 0x9e, 0xf7, 0x7e, 0xef, 0x9e, 0xf7, 0xbf, 0xf7, 0xbf, 0xf7, 0xbf, 0xf7, 0xbf, 0xf7,
    0x9e, 0xf7, 0x7e, 0xef, 0x7e, 0xef, 0x7e, 0xef, 0x7e, 0xef, 0x7e, 0xef, 0xbf, 0xf7, 0xcf, 0x7b, 0x65, 0x29, 0xe8, 0x39,
    0x66, 0x29, 0x86, 0x31, 0x66, 0x29, 0x66, 0x29, 0x66, 0x29, 0x66, 0x29, 0x45, 0x29, 0x25, 0x21, 0x04, 0x21, 0xe4, 0x18,
    0xc3, 0x18, 0xa3, 0x10, 0x82, 0x10, 0x61, 0x08, 0x82, 0x10, 0xc3, 0x18, 0x61, 0x08, 0x61, 0x08, 0x61, 0x08, 0x61, 0x08,
    0x61, 0x08, 0x61, 0x08, 0x61, 0x08, 0x61, 0x08, 0x41, 0x08, 0x41, 0x08, 0x41, 0x08, 0x41, 0x08, 0x61, 0x08, 0x41, 0x08,
    0xe3, 0x18, 0xe4, 0x18, 0x21, 0x00, 0x41, 0x08, 0x41, 0x08, 0x41, 0x08, 0x41, 0x08, 0x41, 0x08, 0x41, 0x08, 0x41, 0x08,
    0x41, 0x08, 0x41, 0x08, 0x41, 0x08, 0x41, 0x08, 0x41, 0x08, 0x41, 0x08, 0x41, 0x08, 0x41, 0x08, 0x41, 0x08, 0x41, 0x08,
    0x41, 0x08, 0x41, 0x08, 0x41, 0x08, 0x41, 0x08, 0x41, 0x08, 0x41, 0x08, 0x41, 0x08, 0x41, 0x08, 0x21, 0x00, 0x20, 0x00,
    0x20, 0x00, 0xab, 0x52, 0x8e, 0x73, 0x66, 0x29, 0x00, 0x00, 0x00, 0x00, 0x00, 0x00, 0x00, 0x00, 0x00, 0x00, 0x00, 0x00,
    0x00, 0x00, 0x00, 0x00, 0x00, 0x00, 0x00, 0x00, 0x00, 0x00, 0x00, 0x00, 0x00, 0x00, 0x00, 0x00, 0x00, 0x00, 0x00, 0x00,
    0x00, 0x00, 0x00, 0x00, 0x00, 0x00, 0x00, 0x00, 0x00, 0x00, 0x00, 0x00, 0x00, 0x00, 0x00, 0x00, 0x00, 0x00, 0x00, 0x00,
    0x00, 0x00, 0x00, 0x00, 0x00, 0x00, 0x00, 0x00, 0x00, 0x00, 0x00, 0x00, 0x00, 0x00, 0x00, 0x00, 0x00, 0x00, 0x00, 0x00,
    0x00, 0x00, 0x00, 0x00, 0x00, 0x00, 0x00, 0x00, 0x00, 0x00, 0x00, 0x00, 0x00, 0x00, 0x00, 0x00, 0x00, 0x00, 0x00, 0x00,
    0x00, 0x00, 0x00, 0x00, 0x00, 0x00, 0x00, 0x00, 0x00, 0x00, 0x00, 0x00, 0x8a, 0x52, 0xb7, 0xb5, 0xf0, 0x7b, 0x20, 0x00,
    0x20, 0x00, 0x21, 0x00, 0x41, 0x08, 0x41, 0x08, 0x41, 0x08, 0x41, 0x08, 0x41, 0x08, 0x41, 0x08, 0x41, 0x08, 0x41, 0x08,
    0x41, 0x08, 0x41, 0x08, 0x41, 0x08, 0x41, 0x08, 0x41, 0x08, 0x41, 0x08, 0x41, 0x08, 0x41, 0x08, 0x41, 0x08, 0x41, 0x08,
    0x41, 0x08, 0x41, 0x08, 0x41, 0x08, 0x41, 0x08, 0x41, 0x08, 0x41, 0x08, 0x61, 0x08, 0x41, 0x08, 0x24, 0x21, 0x04, 0x21,
    0x82, 0x10, 0xa3, 0x10, 0xc3, 0x18, 0xc3, 0x18, 0xe3, 0x18, 0xe4, 0x18, 0x04, 0x21, 0x04, 0x21, 0x24, 0x21, 0x25, 0x21,
    0x45, 0x29, 0x45, 0x29, 0x45, 0x29, 0x65, 0x29, 0xc7, 0x39, 0x86, 0x31, 0x86, 0x31, 0xa6, 0x31, 0xa7, 0x31, 0xc7, 0x39,
    0xe8, 0x39, 0x08, 0x42, 0x28, 0x42, 0x29, 0x42, 0x49, 0x4a, 0x49, 0x4a, 0x49, 0x4a, 0x49, 0x4a, 0x49, 0x4a, 0x49, 0x4a,
    0x8a, 0x52, 0x49, 0x4a, 0x18, 0xc6, 0xbf, 0xf7, 0x7e, 0xef, 0x9e, 0xf7, 0xbf, 0xf7, 0xbf, 0xf7, 0xbf, 0xf7, 0xbf, 0xf7,
    0xbe, 0xf7, 0x7e, 0xef, 0x7e, 0xef, 0x7e, 0xef, 0x7e, 0xef, 0x7e, 0xef, 0xbf, 0xf7, 0xd7, 0xbd, 0x86, 0x31, 0xe8, 0x39,
    0x86, 0x31, 0x66, 0x29, 0x66, 0x29, 0x66, 0x29, 0x66, 0x29, 0x66, 0x29, 0x45, 0x29, 0x25, 0x21, 0x04, 0x21, 0xe4, 0x18,
    0xc3, 0x18, 0xa3, 0x10, 0x82, 0x10, 0x62, 0x08, 0x62, 0x08, 0xe3, 0x18, 0x62, 0x08, 0x61, 0x08, 0x61, 0x08, 0x61, 0x08,
    0x61, 0x08, 0x61, 0x08, 0x61, 0x08, 0x61, 0x08, 0x41, 0x08, 0x41, 0x08, 0x41, 0x08, 0x41, 0x08, 0x41, 0x08, 0x41, 0x08,
    0xc3, 0x18, 0x04, 0x21, 0x41, 0x08, 0x41, 0x08, 0x41, 0x08, 0x41, 0x08, 0x41, 0x08, 0x41, 0x08, 0x41, 0x08, 0x41, 0x08,
    0x41, 0x08, 0x41, 0x08, 0x41, 0x08, 0x41, 0x08, 0x41, 0x08, 0x41, 0x08, 0x41, 0x08, 0x41, 0x08, 0x41, 0x08, 0x41, 0x08,
    0x41, 0x08, 0x41, 0x08, 0x41, 0x08, 0x41, 0x08, 0x41, 0x08, 0x41, 0x08, 0x41, 0x08, 0x41, 0x08, 0x21, 0x00, 0x20, 0x00,
    0x20, 0x00, 0x8a, 0x52, 0x8f, 0x73, 0x86, 0x31, 0x00, 0x00, 0x00, 0x00, 0x00, 0x00, 0x00, 0x00, 0x00, 0x00, 0x00, 0x00,
    0x00, 0x00, 0x00, 0x00, 0x00, 0x00, 0x00, 0x00, 0x00, 0x00, 0x00, 0x00, 0x00, 0x00, 0x00, 0x00, 0x00, 0x00, 0x00, 0x00,
    0x00, 0x00, 0x00, 0x00, 0x00, 0x00, 0x00, 0x00, 0x00, 0x00, 0x00, 0x00, 0x00, 0x00, 0x00, 0x00, 0x00, 0x00, 0x00, 0x00,
    0x00, 0x00, 0x00, 0x00, 0x00, 0x00, 0x00, 0x00, 0x00, 0x00, 0x00, 0x00, 0x00, 0x00, 0x00, 0x00, 0x00, 0x00, 0x00, 0x00,
    0x00, 0x00, 0x00, 0x00, 0x00, 0x00, 0x00, 0x00, 0x00, 0x00, 0x00, 0x00, 0x00, 0x00, 0x00, 0x00, 0x00, 0x00, 0x00, 0x00,
    0x00, 0x00, 0x00, 0x00, 0x00, 0x00, 0x00, 0x00, 0x00, 0x00, 0x00, 0x00, 0xaa, 0x52, 0x97, 0xb5, 0xcf, 0x7b, 0x00, 0x00,
    0x21, 0x00, 0x21, 0x00, 0x21, 0x00, 0x21, 0x00, 0x21, 0x00, 0x21, 0x00, 0x21, 0x00, 0x41, 0x08, 0x41, 0x08, 0x41, 0x08,
    0x41, 0x08, 0x41, 0x08, 0x41, 0x08, 0x41, 0x08, 0x41, 0x08, 0x41, 0x08, 0x41, 0x08, 0x41, 0x08, 0x41, 0x08, 0x41, 0x08,
    0x41, 0x08, 0x41, 0x08, 0x41, 0x08, 0x41, 0x08, 0x41, 0x08, 0x41, 0x08, 0x41, 0x08, 0x41, 0x08, 0x24, 0x21, 0xe4, 0x18,
    0x82, 0x10, 0xa2, 0x10, 0xa3, 0x10, 0xc3, 0x18, 0xc3, 0x18, 0xe3, 0x18, 0xe4, 0x18, 0x04, 0x21, 0x04, 0x21, 0x24, 0x21,
    0x24, 0x21, 0x25, 0x21, 0x45, 0x29, 0x45, 0x29, 0xa7, 0x31, 0x65, 0x29, 0x66, 0x29, 0x86, 0x31, 0xa7, 0x31, 0xc7, 0x39,
    0xe7, 0x39, 0x08, 0x42, 0x08, 0x42, 0x29, 0x42, 0x49, 0x4a, 0x49, 0x4a, 0x49, 0x4a, 0x49, 0x4a, 0x29, 0x42, 0x69, 0x4a,
    0x6a, 0x4a, 0xcb, 0x5a, 0xfc, 0xde, 0x9e, 0xf7, 0x7e, 0xef, 0x9e, 0xf7, 0xbf, 0xf7, 0xbf, 0xf7, 0xbf, 0xf7, 0xbf, 0xf7,
    0x9e, 0xf7, 0x7e, 0xef, 0x7e, 0xef, 0x7e, 0xef, 0x7e, 0xef, 0x7e, 0xef, 0x9e, 0xf7, 0xfc, 0xde, 0x29, 0x42, 0xa7, 0x31,
    0xa7, 0x31, 0x66, 0x29, 0x66, 0x29, 0x66, 0x29, 0x66, 0x29, 0x66, 0x29, 0x45, 0x29, 0x25, 0x21, 0x04, 0x21, 0xe4, 0x18,
    0xc3, 0x18, 0xa3, 0x10, 0x82, 0x10, 0x62, 0x08, 0x62, 0x08, 0xe3, 0x18, 0x62, 0x08, 0x61, 0x08, 0x61, 0x08, 0x61, 0x08,
    0x61, 0x08, 0x61, 0x08, 0x61, 0x08, 0x61, 0x08, 0x41, 0x08, 0x41, 0x08, 0x41, 0x08, 0x41, 0x08, 0x41, 0x08, 0x41, 0x08,
    0xc3, 0x18, 0x04, 0x21, 0x41, 0x08, 0x41, 0x08, 0x41, 0x08, 0x41, 0x08, 0x41, 0x08, 0x41, 0x08, 0x41, 0x08, 0x41, 0x08,
    0x41, 0x08, 0x41, 0x08, 0x41, 0x08, 0x41, 0x08, 0x41, 0x08, 0x41, 0x08, 0x41, 0x08, 0x41, 0x08, 0x41, 0x08, 0x41, 0x08,
    0x41, 0x08, 0x41, 0x08, 0x41, 0x08, 0x21, 0x00, 0x21, 0x00, 0x21, 0x00, 0x21, 0x00, 0x21, 0x00, 0x21, 0x00, 0x21, 0x00,
    0x00, 0x00, 0x6a, 0x4a, 0x8f, 0x73, 0xa7, 0x31, 0x00, 0x00, 0x00, 0x00, 0x00, 0x00, 0x00, 0x00, 0x00, 0x00, 0x00, 0x00,
    0x00, 0x00, 0x00, 0x00, 0x00, 0x00, 0x00, 0x00, 0x00, 0x00, 0x00, 0x00, 0x00, 0x00, 0x00, 0x00, 0x00, 0x00, 0x00, 0x00,
    0x00, 0x00, 0x00, 0x00, 0x00, 0x00, 0x00, 0x00, 0x00, 0x00, 0x00, 0x00, 0x00, 0x00, 0x00, 0x00, 0x00, 0x00, 0x00, 0x00,
    0x00, 0x00, 0x00, 0x00, 0x00, 0x00, 0x00, 0x00, 0x00, 0x00, 0x00, 0x00, 0x00, 0x00, 0x00, 0x00, 0x00, 0x00, 0x00, 0x00,
    0x00, 0x00, 0x00, 0x00, 0x00, 0x00, 0x00, 0x00, 0x00, 0x00, 0x00, 0x00, 0x00, 0x00, 0x00, 0x00, 0x00, 0x00, 0x00, 0x00,
    0x00, 0x00, 0x00, 0x00, 0x00, 0x00, 0x00, 0x00, 0x00, 0x00, 0x00, 0x00, 0xaa, 0x52, 0x96, 0xb5, 0xaf, 0x73, 0x00, 0x00,
    0x21, 0x00, 0x21, 0x00, 0x61, 0x08, 0x82, 0x10, 0x82, 0x10, 0x82, 0x10, 0x82, 0x10, 0x62, 0x08, 0x41, 0x08, 0x41, 0x08,
    0x41, 0x08, 0x41, 0x08, 0x41, 0x08, 0x41, 0x08, 0x41, 0x08, 0x41, 0x08, 0x41, 0x08, 0x41, 0x08, 0x41, 0x08, 0x41, 0x08,
    0x41, 0x08, 0x41, 0x08, 0x41, 0x08, 0x41, 0x08, 0x41, 0x08, 0x41, 0x08, 0x41, 0x08, 0x41, 0x08, 0x04, 0x21, 0xc3, 0x18,
    0x62, 0x08, 0x82, 0x10, 0xa2, 0x10, 0xa3, 0x10, 0xc3, 0x18, 0xc3, 0x18, 0xe3, 0x18, 0xe4, 0x18, 0x04, 0x21, 0x04, 0x21,
    0x04, 0x21, 0x24, 0x21, 0x24, 0x21, 0x45, 0x29, 0xa6, 0x31, 0x45, 0x29, 0x45, 0x29, 0x66, 0x29, 0x86, 0x31, 0xa7, 0x31,
    0xc7, 0x39, 0xe8, 0x39, 0x08, 0x42, 0x28, 0x42, 0x29, 0x42, 0x29, 0x42, 0x29, 0x42, 0x29, 0x42, 0x29, 0x42, 0x49, 0x4a,
    0x29, 0x42, 0x2d, 0x63, 0x5d, 0xef, 0x7e, 0xef, 0x7e, 0xef, 0x7e, 0xef, 0x9e, 0xf7, 0xbf, 0xf7, 0xbf, 0xf7, 0xbe, 0xf7,
    0x7e, 0xef, 0x7e, 0xef, 0x7e, 0xef, 0x7e, 0xef, 0x7e, 0xef, 0x7e, 0xef, 0x7e, 0xef, 0x3d, 0xe7, 0xab, 0x52, 0x86, 0x31,
    0xa7, 0x31, 0x66, 0x29, 0x66, 0x29, 0x66, 0x29, 0x66, 0x29, 0x66, 0x29, 0x45, 0x29, 0x25, 0x21, 0x04, 0x21, 0xe4, 0x18,
    0xc3, 0x18, 0xa3, 0x10, 0xa2, 0x10, 0x62, 0x08, 0x62, 0x08, 0xe3, 0x18, 0x62, 0x08, 0x61, 0x08, 0x61, 0x08, 0x61, 0x08,
    0x61, 0x08, 0x61, 0x08, 0x61, 0x08, 0x61, 0x08, 0x41, 0x08, 0x41, 0x08, 0x41, 0x08, 0x41, 0x08, 0x41, 0x08, 0x41, 0x08,
    0xa3, 0x10, 0x04, 0x21, 0x41, 0x08, 0x41, 0x08, 0x41, 0x08, 0x41, 0x08, 0x41, 0x08, 0x41, 0x08, 0x41, 0x08, 0x41, 0x08,
    0x41, 0x08, 0x41, 0x08, 0x41, 0x08, 0x41, 0x08, 0x41, 0x08, 0x41, 0x08, 0x41, 0x08, 0x41, 0x08, 0x41, 0x08, 0x41, 0x08,
    0x41, 0x08, 0x41, 0x08, 0x62, 0x08, 0x82, 0x10, 0x82, 0x10, 0x82, 0x10, 0x82, 0x10, 0x61, 0x08, 0x21, 0x00, 0x21, 0x00,
    0x00, 0x00, 0x6a, 0x4a, 0x8f, 0x73, 0xa7, 0x31, 0x00, 0x00, 0x00, 0x00, 0x00, 0x00, 0x00, 0x00, 0x00, 0x00, 0x00, 0x00,
    0x00, 0x00, 0x00, 0x00, 0x00, 0x00, 0x00, 0x00, 0x00, 0x00, 0x00, 0x00, 0x00, 0x00, 0x00, 0x00, 0x00, 0x00, 0x00, 0x00,
    0x00, 0x00, 0x00, 0x00, 0x00, 0x00, 0x00, 0x00, 0x00, 0x00, 0x00, 0x00, 0x00, 0x00, 0x00, 0x00, 0x00, 0x00, 0x00, 0x00,
    0x00, 0x00, 0x00, 0x00, 0x00, 0x00, 0x00, 0x00, 0x00, 0x00, 0x00, 0x00, 0x00, 0x00, 0x00, 0x00, 0x00, 0x00, 0x00, 0x00,
    0x00, 0x00, 0x00, 0x00, 0x00, 0x00, 0x00, 0x00, 0x00, 0x00, 0x00, 0x00, 0x00, 0x00, 0x00, 0x00, 0x00, 0x00, 0x00, 0x00,
    0x00, 0x00, 0x00, 0x00, 0x00, 0x00, 0x00, 0x00, 0x00, 0x00, 0x00, 0x00, 0xaa, 0x52, 0x96, 0xb5, 0xaf, 0x73, 0x00, 0x00,
    0x21, 0x00, 0x21, 0x00, 0x61, 0x08, 0x82, 0x10, 0x82, 0x10, 0x82, 0x10, 0x82, 0x10, 0x62, 0x08, 0x41, 0x08, 0x41, 0x08,
    0x41, 0x08, 0x41, 0x08, 0x41, 0x08, 0x41, 0x08, 0x41, 0x08, 0x41, 0x08, 0x41, 0x08, 0x41, 0x08, 0x41, 0x08, 0x41, 0x08,
    0x41, 0x08, 0x41, 0x08, 0x41, 0x08, 0x41, 0x08, 0x41, 0x08, 0x41, 0x08, 0x41, 0x08, 0x41, 0x08, 0x04, 0x21, 0xc3, 0x18,
    0x61, 0x08, 0x82, 0x10, 0x82, 0x10, 0xa2, 0x10, 0xa3, 0x10, 0xc3, 0x18, 0xc3, 0x18, 0xe3, 0x18, 0xe3, 0x18, 0xe4, 0x18,
    0x04, 0x21, 0x04, 0x21, 0x04, 0x21, 0x25, 0x21, 0x86, 0x31, 0x25, 0x21, 0x45, 0x29, 0x65, 0x29, 0x86, 0x31, 0xa6, 0x31,
    0xc7, 0x39, 0xc7, 0x39, 0xe8, 0x39, 0x08, 0x42, 0x28, 0x42, 0x29, 0x42, 0x29, 0x42, 0x28, 0x42, 0x08, 0x42, 0x49, 0x4a,
    0x29, 0x42, 0x0c, 0x63, 0x5d, 0xef, 0x7e, 0xef, 0x7e, 0xef, 0x7e, 0xef, 0x7e, 0xef, 0x9e, 0xf7, 0x9e, 0xf7, 0x7e, 0xef,
    0x7e, 0xef, 0x7e, 0xef, 0x7e, 0xef, 0x7e, 0xef, 0x7e, 0xef, 0x7e, 0xef, 0x7e, 0xef, 0x3d, 0xe7, 0xab, 0x52, 0x86, 0x31,
    0xa7, 0x31, 0x66, 0x29, 0x66, 0x29, 0x66, 0x29, 0x66, 0x29, 0x66, 0x29, 0x45, 0x29, 0x25, 0x21, 0x04, 0x21, 0xe4, 0x18,
    0xc3, 0x18, 0xa3, 0x10, 0xa2, 0x10, 0x62, 0x08, 0x62, 0x08, 0xe3, 0x18, 0x62, 0x08, 0x61, 0x08, 0x61, 0x08, 0x61, 0x08,
    0x61, 0x08, 0x61, 0x08, 0x61, 0x08, 0x61, 0x08, 0x41, 0x08, 0x41, 0x08, 0x41, 0x08, 0x41, 0x08, 0x41, 0x08, 0x41, 0x08,
    0xa3, 0x10, 0x04, 0x21, 0x41, 0x08, 0x41, 0x08, 0x41, 0x08, 0x41, 0x08, 0x41, 0x08, 0x41, 0x08, 0x41, 0x08, 0x41, 0x08,
    0x41, 0x08, 0x41, 0x08, 0x41, 0x08, 0x41, 0x08, 0x41, 0x08, 0x41, 0x08, 0x41, 0x08, 0x41, 0x08, 0x41, 0x08, 0x41, 0x08,
    0x41, 0x08, 0x41, 0x08, 0x62, 0x08, 0x82, 0x10, 0x82, 0x10, 0x82, 0x10, 0x82, 0x10, 0x61, 0x08, 0x21, 0x00, 0x21, 0x00,
    0x00, 0x00, 0x6a, 0x4a, 0x8f, 0x73, 0xa7, 0x31, 0x00, 0x00, 0x00, 0x00, 0x00, 0x00, 0x00, 0x00, 0x00, 0x00, 0x00, 0x00,
    0x00, 0x00, 0x00, 0x00, 0x00, 0x00, 0x00, 0x00, 0x00, 0x00, 0x00, 0x00, 0x00, 0x00, 0x00, 0x00, 0x00, 0x00, 0x00, 0x00,
    0x00, 0x00, 0x00, 0x00, 0x00, 0x00, 0x00, 0x00, 0x00, 0x00, 0x00, 0x00, 0x00, 0x00, 0x00, 0x00, 0x00, 0x00, 0x00, 0x00,
    0x00, 0x00, 0x00, 0x00, 0x00, 0x00, 0x00, 0x00, 0x00, 0x00, 0x00, 0x00, 0x00, 0x00, 0x00, 0x00, 0x00, 0x00, 0x00, 0x00,
    0x00, 0x00, 0x00, 0x00, 0x00, 0x00, 0x00, 0x00, 0x00, 0x00, 0x00, 0x00, 0x00, 0x00, 0x00, 0x00, 0x00, 0x00, 0x00, 0x00,
    0x00, 0x00, 0x00, 0x00, 0x00, 0x00, 0x00, 0x00, 0x00, 0x00, 0x00, 0x00, 0x8a, 0x52, 0x76, 0xad, 0xaf, 0x73, 0x00, 0x00,
    0x21, 0x00, 0x21, 0x00, 0x21, 0x00, 0x21, 0x00, 0x21, 0x00, 0x21, 0x00, 0x21, 0x00, 0x41, 0x08, 0x41, 0x08, 0x41, 0x08,
    0x41, 0x08, 0x41, 0x08, 0x41, 0x08, 0x41, 0x08, 0x41, 0x08, 0x41, 0x08, 0x41, 0x08, 0x41, 0x08, 0x41, 0x08, 0x41, 0x08,
    0x41, 0x08, 0x41, 0x08, 0x41, 0x08, 0x41, 0x08, 0x41, 0x08, 0x41, 0x08, 0x41, 0x08, 0x41, 0x08, 0x04, 0x21, 0xc3, 0x18,
    0x41, 0x08, 0x62, 0x08, 0x82, 0x10, 0x82, 0x10, 0xa2, 0x10, 0xa3, 0x10, 0xc3, 0x18, 0xc3, 0x18, 0xc3, 0x18, 0xe3, 0x18,
    0xe3, 0x18, 0xe4, 0x18, 0x04, 0x21, 0x04, 0x21, 0x66, 0x29, 0x24, 0x21, 0x24, 0x21, 0x45, 0x29, 0x66, 0x29, 0x86, 0x31,
    0xa6, 0x31, 0xc7, 0x39, 0xe7, 0x39, 0xe8, 0x39, 0x08, 0x42, 0x08, 0x42, 0x08, 0x42, 0x08, 0x42, 0x08, 0x42, 0x29, 0x42,
    0x29, 0x42, 0xaa, 0x52, 0xfc, 0xde, 0x9e, 0xf7, 0x7e, 0xef, 0x7e, 0xef, 0x7e, 0xef, 0x7e, 0xef, 0x7e, 0xef, 0x7e, 0xef,
    0x7e, 0xef, 0x7e, 0xef, 0x7e, 0xef, 0x7e, 0xef, 0x7e, 0xef, 0x7e, 0xef, 0x9e, 0xf7, 0xfc, 0xde, 0x29, 0x42, 0xa7, 0x31,
    0xa7, 0x31, 0x66, 0x29, 0x66, 0x29, 0x66, 0x29, 0x66, 0x29, 0x66, 0x29, 0x45, 0x29, 0x25, 0x21, 0x04, 0x21, 0xe4, 0x18,
    0xc3, 0x18, 0xa3, 0x10, 0x82, 0x10, 0x62, 0x08, 0x62, 0x08, 0xe3, 0x18, 0x62, 0x08, 0x61, 0x08, 0x61, 0x08, 0x61, 0x08,
    0x61, 0x08, 0x61, 0x08, 0x61, 0x08, 0x61, 0x08, 0x41, 0x08, 0x41, 0x08, 0x41, 0x08, 0x41, 0x08, 0x41, 0x08, 0x41, 0x08,
    0xc3, 0x18, 0x04, 0x21, 0x41, 0x08, 0x41, 0x08, 0x41, 0x08, 0x41, 0x08, 0x41, 0x08, 0x41, 0x08, 0x41, 0x08, 0x41, 0x08,
    0x41, 0x08, 0x41, 0x08, 0x41, 0x08, 0x41, 0x08, 0x41, 0x08, 0x41, 0x08, 0x41, 0x08, 0x41, 0x08, 0x41, 0x08, 0x41, 0x08,
    0x41, 0x08, 0x41, 0x08, 0x41, 0x08, 0x21, 0x00, 0x21, 0x00, 0x21, 0x00, 0x21, 0x00, 0x21, 0x00, 0x21, 0x00, 0x21, 0x00,
    0x00, 0x00, 0x6a, 0x4a, 0x8f, 0x73, 0xa7, 0x31, 0x00, 0x00, 0x00, 0x00, 0x00, 0x00, 0x00, 0x00, 0x00, 0x00, 0x00, 0x00,
    0x00, 0x00, 0x00, 0x00, 0x00, 0x00, 0x00, 0x00, 0x00, 0x00, 0x00, 0x00, 0x00, 0x00, 0x00, 0x00, 0x00, 0x00, 0x00, 0x00,
    0x00, 0x00, 0x00, 0x00, 0x00, 0x00, 0x00, 0x00, 0x00, 0x00, 0x00, 0x00, 0x00, 0x00, 0x00, 0x00, 0x00, 0x00, 0x00, 0x00,
    0x00, 0x00, 0x00, 0x00, 0x00, 0x00, 0x00, 0x00, 0x00, 0x00, 0x00, 0x00, 0x00, 0x00, 0x00, 0x00, 0x00, 0x00, 0x00, 0x00,
    0x00, 0x00, 0x00, 0x00, 0x00, 0x00, 0x00, 0x00, 0x00, 0x00, 0x00, 0x00, 0x00, 0x00, 0x00, 0x00, 0x00, 0x00, 0x00, 0x00,
    0x00, 0x00, 0x00, 0x00, 0x00, 0x00, 0x00, 0x00, 0x00, 0x00, 0x00, 0x00, 0x69, 0x4a, 0x76, 0xad, 0xcf, 0x7b, 0x20, 0x00,
    0x20, 0x00, 0x21, 0x00, 0x41, 0x08, 0x41, 0x08, 0x41, 0x08, 0x41, 0x08, 0x41, 0x08, 0x41, 0x08, 0x41, 0x08, 0x41, 0x08,
    0x41, 0x08, 0x41, 0x08, 0x41, 0x08, 0x41, 0x08, 0x41, 0x08, 0x41, 0x08, 0x41, 0x08, 0x41, 0x08, 0x41, 0x08, 0x41, 0x08,
    0x41, 0x08, 0x41, 0x08, 0x41, 0x08, 0x41, 0x08, 0x41, 0x08, 0x41, 0x08, 0x41, 0x08, 0x41, 0x08, 0x04, 0x21, 0xc3, 0x18,
    0x41, 0x08, 0x61, 0x08, 0x62, 0x08, 0x82, 0x10, 0x82, 0x10, 0x82, 0x10, 0xa2, 0x10, 0xa3, 0x10, 0xc3, 0x18, 0xc3, 0x18,
    0xc3, 0x18, 0xe3, 0x18, 0xe3, 0x18, 0xe4, 0x18, 0x65, 0x29, 0x04, 0x21, 0x04, 0x21, 0x25, 0x21, 0x45, 0x29, 0x66, 0x29,
    0x86, 0x31, 0xa7, 0x31, 0xc7, 0x39, 0xe7, 0x39, 0xe8, 0x39, 0x08, 0x42, 0x08, 0x42, 0xe8, 0x39, 0xe8, 0x39, 0x08, 0x42,
    0x49, 0x4a, 0xe8, 0x39, 0xf8, 0xbd, 0xbf, 0xf7, 0x7e, 0xef, 0x7e, 0xef, 0x7e, 0xef, 0x7e, 0xef, 0x7e, 0xef, 0x7e, 0xef,
    0x7e, 0xef, 0x7e, 0xef, 0x7e, 0xef, 0x7e, 0xef, 0x7e, 0xef, 0x7e, 0xef, 0xbf, 0xf7, 0xd7, 0xbd, 0x86, 0x31, 0xe8, 0x39,
    0x86, 0x31, 0x66, 0x29, 0x66, 0x29, 0x66, 0x29, 0x66, 0x29, 0x66, 0x29, 0x45, 0x29, 0x25, 0x21, 0x04, 0x21, 0xe4, 0x18,
    0xc3, 0x18, 0xa3, 0x10, 0x82, 0x10, 0x62, 0x08, 0x62, 0x08, 0xe3, 0x18, 0x62, 0x08, 0x61, 0x08, 0x61, 0x08, 0x61, 0x08,
    0x61, 0x08, 0x61, 0x08, 0x61, 0x08, 0x61, 0x08, 0x41, 0x08, 0x41, 0x08, 0x41, 0x08, 0x41, 0x08, 0x41, 0x08, 0x41, 0x08,
    0xc3, 0x18, 0x04, 0x21, 0x41, 0x08, 0x41, 0x08, 0x41, 0x08, 0x41, 0x08, 0x41, 0x08, 0x41, 0x08, 0x41, 0x08, 0x41, 0x08,
    0x41, 0x08, 0x41, 0x08, 0x41, 0x08, 0x41, 0x08, 0x41, 0x08, 0x41, 0x08, 0x41, 0x08, 0x41, 0x08, 0x41, 0x08, 0x41, 0x08,
    0x41, 0x08, 0x41, 0x08, 0x41, 0x08, 0x41, 0x08, 0x41, 0x08, 0x41, 0x08, 0x41, 0x08, 0x41, 0x08, 0x21, 0x00, 0x20, 0x00,
    0x20, 0x00, 0x8a, 0x52, 0x8f, 0x73, 0x86, 0x31, 0x00, 0x00, 0x00, 0x00, 0x00, 0x00, 0x00, 0x00, 0x00, 0x00, 0x00, 0x00,
    0x00, 0x00, 0x00, 0x00, 0x00, 0x00, 0x00, 0x00, 0x00, 0x00, 0x00, 0x00, 0x00, 0x00, 0x00, 0x00, 0x00, 0x00, 0x00, 0x00,
    0x00, 0x00, 0x00, 0x00, 0x00, 0x00, 0x00, 0x00, 0x00, 0x00, 0x00, 0x00, 0x00, 0x00, 0x00, 0x00, 0x00, 0x00, 0x00, 0x00,
    0x00, 0x00, 0x00, 0x00, 0x00, 0x00, 0x00, 0x00, 0x00, 0x00, 0x00, 0x00, 0x00, 0x00, 0x00, 0x00, 0x00, 0x00, 0x00, 0x00,
    0x00, 0x00, 0x00, 0x00, 0x00, 0x00, 0x00, 0x00, 0x00, 0x00, 0x00, 0x00, 0x00, 0x00, 0x00, 0x00, 0x00, 0x00, 0x00, 0x00,
    0x00, 0x00, 0x00, 0x00, 0x00, 0x00, 0x00, 0x00, 0x00, 0x00, 0x00, 0x00, 0x29, 0x42, 0x55, 0xad, 0xf0, 0x7b, 0x21, 0x00,
    0x20, 0x00, 0x41, 0x08, 0x41, 0x08, 0x41, 0x08, 0x41, 0x08, 0x41, 0x08, 0x41, 0x08, 0x41, 0x08, 0x41, 0x08, 0x41, 0x08,
    0x41, 0x08, 0x41, 0x08, 0x41, 0x08, 0x41, 0x08, 0x41, 0x08, 0x41, 0x08, 0x41, 0x08, 0x41, 0x08, 0x41, 0x08, 0x41, 0x08,
    0x41, 0x08, 0x41, 0x08, 0x41, 0x08, 0x41, 0x08, 0x41, 0x08, 0x41, 0x08, 0x41, 0x08, 0x21, 0x00, 0xe4, 0x18, 0xe3, 0x18,
    0x41, 0x08, 0x41, 0x08, 0x61, 0x08, 0x61, 0x08, 0x62, 0x08, 0x82, 0x10, 0x82, 0x10, 0xa2, 0x10, 0xa3, 0x10, 0xa3, 0x10,
    0xc3, 0x18, 0xc3, 0x18, 0xc3, 0x18, 0xc3, 0x18, 0x45, 0x29, 0x04, 0x21, 0xe4, 0x18, 0x24, 0x21, 0x25, 0x21, 0x45, 0x29,
    0x66, 0x29, 0x86, 0x31, 0xa7, 0x31, 0xc7, 0x39, 0xe7, 0x39, 0xe8, 0x39, 0xe8, 0x39, 0xe8, 0x39, 0xe8, 0x39, 0xc7, 0x39,
    0x49, 0x4a, 0xa7, 0x31, 0xf0, 0x7b, 0xbf, 0xf7, 0x7e, 0xef, 0x7e, 0xef, 0x7e, 0xef, 0x7e, 0xef, 0x7e, 0xef, 0x7e, 0xef,
    0x7e, 0xef, 0x7e, 0xef, 0x7e, 0xef, 0x7e, 0xef, 0x7e, 0xef, 0x7e, 0xef, 0xbf, 0xf7, 0xcf, 0x7b, 0x65, 0x29, 0xe8, 0x39,
    0x66, 0x29, 0x86, 0x31, 0x66, 0x29, 0x66, 0x29, 0x66, 0x29, 0x66, 0x29, 0x45, 0x29, 0x25, 0x21, 0x04, 0x21, 0xe4, 0x18,
    0xc3, 0x18, 0xa3, 0x10, 0x82, 0x10, 0x61, 0x08, 0x82, 0x10, 0xc3, 0x18, 0x61, 0x08, 0x61, 0x08, 0x61, 0x08, 0x61, 0x08,
    0x61, 0x08, 0x61, 0x08, 0x61, 0x08, 0x61, 0x08, 0x41, 0x08, 0x41, 0x08, 0x41, 0x08, 0x41, 0x08, 0x61, 0x08, 0x41, 0x08,
    0xe3, 0x18, 0xe4, 0x18, 0x21, 0x00, 0x41, 0x08, 0x41, 0x08, 0x41, 0x08, 0x41, 0x08, 0x41, 0x08, 0x41, 0x08, 0x41, 0x08,
    0x41, 0x08, 0x41, 0x08, 0x41, 0x08, 0x41, 0x08, 0x41, 0x08, 0x41, 0x08, 0x41, 0x08, 0x41, 0x08, 0x41, 0x08, 0x41, 0x08,
    0x41, 0x08, 0x41, 0x08, 0x41, 0x08, 0x41, 0x08, 0x41, 0x08, 0x41, 0x08, 0x41, 0x08, 0x41, 0x08, 0x21, 0x00, 0x20, 0x00,
    0x20, 0x00, 0xab, 0x52, 0x8e, 0x73, 0x66, 0x29, 0x00, 0x00, 0x00, 0x00, 0x00, 0x00, 0x00, 0x00, 0x00, 0x00, 0x00, 0x00,
    0x00, 0x00, 0x00, 0x00, 0x00, 0x00, 0x00, 0x00, 0x00, 0x00, 0x00, 0x00, 0x00, 0x00, 0x00, 0x00, 0x00, 0x00, 0x00, 0x00,
    0x00, 0x00, 0x00, 0x00, 0x00, 0x00, 0x00, 0x00, 0x00, 0x00, 0x00, 0x00, 0x00, 0x00, 0x00, 0x00, 0x00, 0x00, 0x00, 0x00,
    0x00, 0x00, 0x00, 0x00, 0x00, 0x00, 0x00, 0x00, 0x00, 0x00, 0x00, 0x00, 0x00, 0x00, 0x00, 0x00, 0x00, 0x00, 0x00, 0x00,
    0x00, 0x00, 0x00, 0x00, 0x00, 0x00, 0x00, 0x00, 0x00, 0x00, 0x00, 0x00, 0x00, 0x00, 0x00, 0x00, 0x00, 0x00, 0x00, 0x00,
    0x00, 0x00, 0x00, 0x00, 0x00, 0x00, 0x00, 0x00, 0x00, 0x00, 0x00, 0x00, 0xe8, 0x39, 0x35, 0xa5, 0x10, 0x84, 0x41, 0x08,
    0x20, 0x00, 0x21, 0x00, 0x41, 0x08, 0x41, 0x08, 0x41, 0x08, 0x41, 0x08, 0x41, 0x08, 0x41, 0x08, 0x41, 0x08, 0x41, 0x08,
    0x41, 0x08, 0x41, 0x08, 0x41, 0x08, 0x41, 0x08, 0x41, 0x08, 0x41, 0x08, 0x41, 0x08, 0x41, 0x08, 0x41, 0x08, 0x41, 0x08,
    0x41, 0x08, 0x41, 0x08, 0x41, 0x08, 0x41, 0x08, 0x41, 0x08, 0x41, 0x08, 0x41, 0x08, 0x21, 0x00, 0xc3, 0x18, 0xe4, 0x18,
    0x41, 0x08, 0x61, 0x08, 0x41, 0x08, 0x41, 0x08, 0x61, 0x08, 0x62, 0x08, 0x82, 0x10, 0x82, 0x10, 0x82, 0x10, 0xa2, 0x10,
    0xa3, 0x10, 0xa3, 0x10, 0xc3, 0x18, 0xc3, 0x18, 0x25, 0x21, 0x04, 0x21, 0xc3, 0x18, 0x04, 0x21, 0x24, 0x21, 0x25, 0x21,
    0x45, 0x29, 0x66, 0x29, 0x86, 0x31, 0xa7, 0x31, 0xc7, 0x39, 0xc7, 0x39, 0xc7, 0x39, 0xc7, 0x39, 0xc7, 0x39, 0xc7, 0x39,
    0xe8, 0x39, 0x08, 0x42, 0xe8, 0x39, 0xf8, 0xbd, 0xbf, 0xf7, 0x5d, 0xef, 0x7e, 0xef, 0x7e, 0xef, 0x7e, 0xef, 0x7e, 0xef,
    0x7e, 0xef, 0x7e, 0xef, 0x7e, 0xef, 0x7e, 0xef, 0x5d, 0xef, 0xdf, 0xff, 0xf8, 0xbd, 0xa7, 0x31, 0xc7, 0x39, 0xa7, 0x31,
    0x66, 0x29, 0x66, 0x29, 0x66, 0x29, 0x66, 0x29, 0x66, 0x29, 0x65, 0x29, 0x45, 0x29, 0x25, 0x21, 0x04, 0x21, 0xe4, 0x18,
    0xc3, 0x18, 0xa3, 0x10, 0x82, 0x10, 0x61, 0x08, 0xa2, 0x10, 0xc3, 0x18, 0x61, 0x08, 0x61, 0x08, 0x61, 0x08, 0x61, 0x08,
    0x61, 0x08, 0x61, 0x08, 0x61, 0x08, 0x61, 0x08, 0x41, 0x08, 0x41, 0x08, 0x41, 0x08, 0x41, 0x08, 0x61, 0x08, 0x41, 0x08,
    0xe4, 0x18, 0xc3, 0x18, 0x21, 0x00, 0x41, 0x08, 0x41, 0x08, 0x41, 0x08, 0x41, 0x08, 0x41, 0x08, 0x41, 0x08, 0x41, 0x08,
    0x41, 0x08, 0x41, 0x08, 0x41, 0x08, 0x41, 0x08, 0x41, 0x08, 0x41, 0x08, 0x41, 0x08, 0x41, 0x08, 0x41, 0x08, 0x41, 0x08,
    0x41, 0x08, 0x41, 0x08, 0x41, 0x08, 0x41, 0x08, 0x41, 0x08, 0x41, 0x08, 0x41, 0x08, 0x41, 0x08, 0x21, 0x00, 0x20, 0x00,
    0x41, 0x08, 0xcb, 0x5a, 0x6e, 0x6b, 0x45, 0x29, 0x00, 0x00, 0x00, 0x00, 0x00, 0x00, 0x00, 0x00, 0x00, 0x00, 0x00, 0x00,
    0x00, 0x00, 0x00, 0x00, 0x00, 0x00, 0x00, 0x00, 0x00, 0x00, 0x00, 0x00, 0x00, 0x00, 0x00, 0x00, 0x00, 0x00, 0x00, 0x00,
    0x00, 0x00, 0x00, 0x00, 0x00, 0x00, 0x00, 0x00, 0x00, 0x00, 0x00, 0x00, 0x00, 0x00, 0x00, 0x00, 0x00, 0x00, 0x00, 0x00,
    0x00, 0x00, 0x00, 0x00, 0x00, 0x00, 0x00, 0x00, 0x00, 0x00, 0x00, 0x00, 0x00, 0x00, 0x00, 0x00, 0x00, 0x00, 0x00, 0x00,
    0x00, 0x00, 0x00, 0x00, 0x00, 0x00, 0x00, 0x00, 0x00, 0x00, 0x00, 0x00, 0x00, 0x00, 0x00, 0x00, 0x00, 0x00, 0x00, 0x00,
    0x00, 0x00, 0x00, 0x00, 0x00, 0x00, 0x00, 0x00, 0x00, 0x00, 0x00, 0x00, 0xa6, 0x31, 0x14, 0xa5, 0x51, 0x8c, 0x82, 0x10,
    0x00, 0x00, 0x41, 0x08, 0x41, 0x08, 0x41, 0x08, 0x41, 0x08, 0x41, 0x08, 0x41, 0x08, 0x41, 0x08, 0x41, 0x08, 0x41, 0x08,
    0x41, 0x08, 0x41, 0x08, 0x41, 0x08, 0x41, 0x08, 0x41, 0x08, 0x41, 0x08, 0x41, 0x08, 0x41, 0x08, 0x41, 0x08, 0x41, 0x08,
    0x41, 0x08, 0x41, 0x08, 0x41, 0x08, 0x41, 0x08, 0x41, 0x08, 0x41, 0x08, 0x41, 0x08, 0x41, 0x08, 0xa3, 0x10, 0x04, 0x21,
    0x41, 0x08, 0x41, 0x08, 0x41, 0x08, 0x41, 0x08, 0x41, 0x08, 0x61, 0x08, 0x61, 0x08, 0x62, 0x08, 0x82, 0x10, 0x82, 0x10,
    0x82, 0x10, 0xa2, 0x10, 0xa2, 0x10, 0xa2, 0x10, 0x04, 0x21, 0x04, 0x21, 0xa3, 0x10, 0xe3, 0x18, 0x04, 0x21, 0x24, 0x21,
    0x45, 0x29, 0x45, 0x29, 0x66, 0x29, 0x86, 0x31, 0xa7, 0x31, 0xc7, 0x39, 0xc7, 0x39, 0xc7, 0x39, 0xc7, 0x39, 0xc7, 0x39,
    0xa7, 0x31, 0x08, 0x42, 0xa7, 0x31, 0x8a, 0x52, 0xbb, 0xd6, 0xdf, 0xff, 0x7e, 0xef, 0x7e, 0xef, 0x7e, 0xef, 0x7e, 0xef,
    0x7e, 0xef, 0x7e, 0xef, 0x7e, 0xef, 0x7e, 0xef, 0xdf, 0xff, 0x9a, 0xd6, 0x6a, 0x4a, 0x86, 0x31, 0xe8, 0x39, 0x66, 0x29,
    0x86, 0x31, 0x66, 0x29, 0x66, 0x29, 0x66, 0x29, 0x66, 0x29, 0x45, 0x29, 0x25, 0x21, 0x04, 0x21, 0x04, 0x21, 0xe3, 0x18,
    0xc3, 0x18, 0xa2, 0x10, 0x82, 0x10, 0x61, 0x08, 0xc3, 0x18, 0xa3, 0x10, 0x41, 0x08, 0x61, 0x08, 0x61, 0x08, 0x61, 0x08,
    0x61, 0x08, 0x61, 0x08, 0x61, 0x08, 0x61, 0x08, 0x41, 0x08, 0x41, 0x08, 0x41, 0x08, 0x41, 0x08, 0x41, 0x08, 0x41, 0x08,
    0x04, 0x21, 0xa3, 0x10, 0x41, 0x08, 0x41, 0x08, 0x41, 0x08, 0x41, 0x08, 0x41, 0x08, 0x41, 0x08, 0x41, 0x08, 0x41, 0x08,
    0x41, 0x08, 0x41, 0x08, 0x41, 0x08, 0x41, 0x08, 0x41, 0x08, 0x41, 0x08, 0x41, 0x08, 0x41, 0x08, 0x41, 0x08, 0x41, 0x08,
    0x41, 0x08, 0x61, 0x08, 0x61, 0x08, 0x61, 0x08, 0x41, 0x08, 0x41, 0x08, 0x41, 0x08, 0x41, 0x08, 0x21, 0x00, 0x00, 0x00,
    0x61, 0x08, 0xec, 0x5a, 0x6e, 0x6b, 0x24, 0x21, 0x00, 0x00, 0x00, 0x00, 0x00, 0x00, 0x00, 0x00, 0x00, 0x00, 0x00, 0x00,
    0x00, 0x00, 0x00, 0x00, 0x00, 0x00, 0x00, 0x00, 0x00, 0x00, 0x00, 0x00, 0x00, 0x00, 0x00, 0x00, 0x00, 0x00, 0x00, 0x00,
    0x00, 0x00, 0x00, 0x00, 0x00, 0x00, 0x00, 0x00, 0x00, 0x00, 0x00, 0x00, 0x00, 0x00, 0x00, 0x00, 0x00, 0x00, 0x00, 0x00,
    0x00, 0x00, 0x00, 0x00, 0x00, 0x00, 0x00, 0x00, 0x00, 0x00, 0x00, 0x00, 0x00, 0x00, 0x00, 0x00, 0x00, 0x00, 0x00, 0x00,
    0x00, 0x00, 0x00, 0x00, 0x00, 0x00, 0x00, 0x00, 0x00, 0x00, 0x00, 0x00, 0x00, 0x00, 0x00, 0x00, 0x00, 0x00, 0x00, 0x00,
    0x00, 0x00, 0x00, 0x00, 0x00, 0x00, 0x00, 0x00, 0x00, 0x00, 0x00, 0x00, 0x45, 0x29, 0xd3, 0x9c, 0x72, 0x8c, 0xc3, 0x18,
    0x00, 0x00, 0x41, 0x08, 0x41, 0x08, 0x41, 0x08, 0x41, 0x08, 0x41, 0x08, 0x41, 0x08, 0x41, 0x08, 0x41, 0x08, 0x41, 0x08,
    0x41, 0x08, 0x41, 0x08, 0x41, 0x08, 0x41, 0x08, 0x41, 0x08, 0x41, 0x08, 0x41, 0x08, 0x41, 0x08, 0x41, 0x08, 0x41, 0x08,
    0x41, 0x08, 0x41, 0x08, 0x41, 0x08, 0x41, 0x08, 0x41, 0x08, 0x41, 0x08, 0x41, 0x08, 0x41, 0x08, 0x82, 0x10, 0x25, 0x21,
    0x41, 0x08, 0x41, 0x08, 0x41, 0x08, 0x41, 0x08, 0x41, 0x08, 0x41, 0x08, 0x61, 0x08, 0x61, 0x08, 0x62, 0x08, 0x62, 0x08,
    0x82, 0x10, 0x82, 0x10, 0x82, 0x10, 0x82, 0x10, 0xc3, 0x18, 0x04, 0x21, 0xa2, 0x10, 0xc3, 0x18, 0xe3, 0x18, 0x04, 0x21,
    0x24, 0x21, 0x45, 0x29, 0x45, 0x29, 0x66, 0x29, 0x86, 0x31, 0xa7, 0x31, 0xa7, 0x31, 0xa7, 0x31, 0xa7, 0x31, 0xa7, 0x31,
    0xa7, 0x31, 0xa7, 0x31, 0x08, 0x42, 0x86, 0x31, 0x6a, 0x4a, 0xf8, 0xbd, 0xbf, 0xf7, 0xbf, 0xf7, 0x9e, 0xf7, 0x9e, 0xf7,
    0x9e, 0xf7, 0x9e, 0xf7, 0xbf, 0xf7, 0xbf, 0xf7, 0xf8, 0xbd, 0x6a, 0x4a, 0x66, 0x29, 0x08, 0x42, 0x86, 0x31, 0x86, 0x31,
    0x66, 0x29, 0x66, 0x29, 0x66, 0x29, 0x66, 0x29, 0x66, 0x29, 0x45, 0x29, 0x25, 0x21, 0x04, 0x21, 0xe4, 0x18, 0xc3, 0x18,
    0xa3, 0x10, 0xa2, 0x10, 0x82, 0x10, 0x61, 0x08, 0xc3, 0x18, 0x82, 0x10, 0x61, 0x08, 0x61, 0x08, 0x61, 0x08, 0x61, 0x08,
    0x61, 0x08, 0x61, 0x08, 0x61, 0x08, 0x61, 0x08, 0x41, 0x08, 0x41, 0x08, 0x41, 0x08, 0x41, 0x08, 0x41, 0x08, 0x41, 0x08,
    0x25, 0x21, 0x82, 0x10, 0x41, 0x08, 0x41, 0x08, 0x41, 0x08, 0x41, 0x08, 0x41, 0x08, 0x41, 0x08, 0x41, 0x08, 0x41, 0x08,
    0x41, 0x08, 0x41, 0x08, 0x41, 0x08, 0x41, 0x08, 0x41, 0x08, 0x41, 0x08, 0x41, 0x08, 0x41, 0x08, 0x41, 0x08, 0x41, 0x08,
    0x41, 0x08, 0x00, 0x00, 0x00, 0x00, 0x00, 0x00, 0x00, 0x00, 0x00, 0x00, 0x00, 0x00, 0x21, 0x00, 0x41, 0x08, 0x00, 0x00,
    0x82, 0x10, 0x0c, 0x63, 0x4e, 0x6b, 0xe3, 0x18, 0x00, 0x00, 0x00, 0x00, 0x00, 0x00, 0x00, 0x00, 0x00, 0x00, 0x00, 0x00,
    0x00, 0x00, 0x00, 0x00, 0x00, 0x00, 0x00, 0x00, 0x00, 0x00, 0x00, 0x00, 0x00, 0x00, 0x00, 0x00, 0x00, 0x00, 0x00, 0x00,
    0x00, 0x00, 0x00, 0x00, 0x00, 0x00, 0x00, 0x00, 0x00, 0x00, 0x00, 0x00, 0x00, 0x00, 0x00, 0x00, 0x00, 0x00, 0x00, 0x00,
    0x00, 0x00, 0x00, 0x00, 0x00, 0x00, 0x00, 0x00, 0x00, 0x00, 0x00, 0x00, 0x00, 0x00, 0x00, 0x00, 0x00, 0x00, 0x00, 0x00,
    0x00, 0x00, 0x00, 0x00, 0x00, 0x00, 0x00, 0x00, 0x00, 0x00, 0x00, 0x00, 0x00, 0x00, 0x00, 0x00, 0x00, 0x00, 0x00, 0x00,
    0x00, 0x00, 0x00, 0x00, 0x00, 0x00, 0x00, 0x00, 0x00, 0x00, 0x00, 0x00, 0xe3, 0x18, 0x92, 0x94, 0xb3, 0x94, 0x04, 0x21,
    0x00, 0x00, 0x41, 0x08, 0x41, 0x08, 0x21, 0x00, 0x21, 0x00, 0x41, 0x08, 0x61, 0x08, 0x62, 0x08, 0x41, 0x08, 0x41, 0x08,
    0x41, 0x08, 0x41, 0x08, 0x41, 0x08, 0x41, 0x08, 0x41, 0x08, 0x41, 0x08, 0x41, 0x08, 0x41, 0x08, 0x41, 0x08, 0x41, 0x08,
    0x41, 0x08, 0x41, 0x08, 0x41, 0x08, 0x41, 0x08, 0x41, 0x08, 0x41, 0x08, 0x41, 0x08, 0x41, 0x08, 0x61, 0x08, 0x25, 0x21,
    0x61, 0x08, 0x41, 0x08, 0x41, 0x08, 0x41, 0x08, 0x41, 0x08, 0x41, 0x08, 0x61, 0x08, 0x61, 0x08, 0x61, 0x08, 0x61, 0x08,
    0x62, 0x08, 0x62, 0x08, 0x82, 0x10, 0x82, 0x10, 0x82, 0x10, 0x04, 0x21, 0xa2, 0x10, 0xa2, 0x10, 0xc3, 0x18, 0xe3, 0x18,
    0x04, 0x21, 0x04, 0x21, 0x25, 0x21, 0x45, 0x29, 0x66, 0x29, 0x86, 0x31, 0xa6, 0x31, 0xa6, 0x31, 0x86, 0x31, 0x86, 0x31,
    0x86, 0x31, 0x86, 0x31, 0x86, 0x31, 0x08, 0x42, 0x86, 0x31, 0xa7, 0x31, 0xcf, 0x7b, 0xd7, 0xbd, 0xfc, 0xde, 0x5d, 0xef,
    0x5d, 0xef, 0xfc, 0xde, 0xd7, 0xbd, 0xcf, 0x7b, 0xa7, 0x31, 0x86, 0x31, 0x08, 0x42, 0x86, 0x31, 0x66, 0x29, 0x66, 0x29,
    0x66, 0x29, 0x66, 0x29, 0x66, 0x29, 0x66, 0x29, 0x45, 0x29, 0x45, 0x29, 0x24, 0x21, 0x04, 0x21, 0xe4, 0x18, 0xc3, 0x18,
    0xa3, 0x10, 0x82, 0x10, 0x62, 0x08, 0x62, 0x08, 0xe3, 0x18, 0x62, 0x08, 0x61, 0x08, 0x61, 0x08, 0x61, 0x08, 0x61, 0x08,
    0x61, 0x08, 0x61, 0x08, 0x61, 0x08, 0x61, 0x08, 0x41, 0x08, 0x41, 0x08, 0x41, 0x08, 0x41, 0x08, 0x41, 0x08, 0x61, 0x08,
    0x25, 0x21, 0x61, 0x08, 0x41, 0x08, 0x41, 0x08, 0x41, 0x08, 0x41, 0x08, 0x41, 0x08, 0x41, 0x08, 0x41, 0x08, 0x41, 0x08,
    0x41, 0x08, 0x41, 0x08, 0x41, 0x08, 0x41, 0x08, 0x41, 0x08, 0x41, 0x08, 0x41, 0x08, 0x41, 0x08, 0x41, 0x08, 0x20, 0x00,
    0x86, 0x31, 0xcf, 0x7b, 0x6e, 0x6b, 0xec, 0x5a, 0x49, 0x4a, 0xa7, 0x31, 0x24, 0x21, 0x82, 0x10, 0x21, 0x00, 0x00, 0x00,
    0xc3, 0x18, 0x2d, 0x63, 0x2d, 0x63, 0xa2, 0x10, 0x00, 0x00, 0x00, 0x00, 0x00, 0x00, 0x00, 0x00, 0x00, 0x00, 0x00, 0x00,
    0x00, 0x00, 0x00, 0x00, 0x00, 0x00, 0x00, 0x00, 0x00, 0x00, 0x00, 0x00, 0x00, 0x00, 0x00, 0x00, 0x00, 0x00, 0x00, 0x00,
    0x00, 0x00, 0x00, 0x00, 0x00, 0x00, 0x00, 0x00, 0x00, 0x00, 0x00, 0x00, 0x00, 0x00, 0x00, 0x00, 0x00, 0x00, 0x00, 0x00,
    0x00, 0x00, 0x00, 0x00, 0x00, 0x00, 0x00, 0x00, 0x00, 0x00, 0x00, 0x00, 0x00, 0x00, 0x00, 0x00, 0x00, 0x00, 0x00, 0x00,
    0x00, 0x00, 0x00, 0x00, 0x00, 0x00, 0x00, 0x00, 0x00, 0x00, 0x00, 0x00, 0x00, 0x00, 0x00, 0x00, 0x00, 0x00, 0x00, 0x00,
    0x00, 0x00, 0x00, 0x00, 0x00, 0x00, 0x00, 0x00, 0x00, 0x00, 0x00, 0x00, 0x82, 0x10, 0x51, 0x8c, 0xd3, 0x9c, 0x66, 0x29,
    0x00, 0x00, 0x41, 0x08, 0x41, 0x08, 0x82, 0x10, 0xc3, 0x18, 0xc3, 0x18, 0xc3, 0x18, 0xa3, 0x10, 0x41, 0x08, 0x41, 0x08,
    0x41, 0x08, 0x41, 0x08, 0x41, 0x08, 0x41, 0x08, 0x41, 0x08, 0x41, 0x08, 0x41, 0x08, 0x41, 0x08, 0x41, 0x08, 0x41, 0x08,
    0x41, 0x08, 0x41, 0x08, 0x41, 0x08, 0x41, 0x08, 0x41, 0x08, 0x41, 0x08, 0x41, 0x08, 0x41, 0x08, 0x41, 0x08, 0x24, 0x21,
    0x82, 0x10, 0x41, 0x08, 0x41, 0x08, 0x41, 0x08, 0x41, 0x08, 0x41, 0x08, 0x41, 0x08, 0x61, 0x08, 0x61, 0x08, 0x61, 0x08,
    0x61, 0x08, 0x61, 0x08, 0x61, 0x08, 0x62, 0x08, 0x61, 0x08, 0xe3, 0x18, 0xc3, 0x18, 0x62, 0x08, 0xa2, 0x10, 0xc3, 0x18,
    0xe3, 0x18, 0x04, 0x21, 0x04, 0x21, 0x25, 0x21, 0x45, 0x29, 0x65, 0x29, 0x66, 0x29, 0x86, 0x31, 0x86, 0x31, 0x86, 0x31,
    0x86, 0x31, 0x86, 0x31, 0x66, 0x29, 0x86, 0x31, 0xe8, 0x39, 0xc7, 0x39, 0x65, 0x29, 0x86, 0x31, 0x29, 0x42, 0xab, 0x52,
    0xab, 0x52, 0x29, 0x42, 0x86, 0x31, 0x65, 0x29, 0xc7, 0x39, 0xe8, 0x39, 0x86, 0x31, 0x66, 0x29, 0x86, 0x31, 0x66, 0x29,
    0x66, 0x29, 0x66, 0x29, 0x66, 0x29, 0x66, 0x29, 0x45, 0x29, 0x25, 0x21, 0x04, 0x21, 0xe4, 0x18, 0xe3, 0x18, 0xc3, 0x18,
    0xa2, 0x10, 0x82, 0x10, 0x61, 0x08, 0xa3, 0x10, 0xc3, 0x18, 0x41, 0x08, 0x61, 0x08, 0x61, 0x08, 0x61, 0x08, 0x61, 0x08,
    0x61, 0x08, 0x61, 0x08, 0x61, 0x08, 0x41, 0x08, 0x41, 0x08, 0x41, 0x08, 0x41, 0x08, 0x41, 0x08, 0x41, 0x08, 0x82, 0x10,
    0x24, 0x21, 0x41, 0x08, 0x41, 0x08, 0x41, 0x08, 0x41, 0x08, 0x41, 0x08, 0x41, 0x08, 0x41, 0x08, 0x41, 0x08, 0x41, 0x08,
    0x41, 0x08, 0x41, 0x08, 0x41, 0x08, 0x41, 0x08, 0x41, 0x08, 0x41, 0x08, 0x41, 0x08, 0x41, 0x08, 0x41, 0x08, 0x41, 0x08,
    0x82, 0x10, 0x45, 0x29, 0x29, 0x42, 0xcb, 0x5a, 0x6e, 0x6b, 0xf0, 0x7b, 0x72, 0x8c, 0x6a, 0x4a, 0x00, 0x00, 0x00, 0x00,
    0x04, 0x21, 0x6e, 0x6b, 0x0c, 0x63, 0x61, 0x08, 0x00, 0x00, 0x00, 0x00, 0x00, 0x00, 0x00, 0x00, 0x00, 0x00, 0x00, 0x00,
    0x00, 0x00, 0x00, 0x00, 0x00, 0x00, 0x00, 0x00, 0x00, 0x00, 0x00, 0x00, 0x00, 0x00, 0x00, 0x00, 0x00, 0x00, 0x00, 0x00,
    0x00, 0x00, 0x00, 0x00, 0x00, 0x00, 0x00, 0x00, 0x00, 0x00, 0x00, 0x00, 0x00, 0x00, 0x00, 0x00, 0x00, 0x00, 0x00, 0x00,
    0x00, 0x00, 0x00, 0x00, 0x00, 0x00, 0x00, 0x00, 0x00, 0x00, 0x00, 0x00, 0x00, 0x00, 0x00, 0x00, 0x00, 0x00, 0x00, 0x00,
    0x00, 0x00, 0x00, 0x00, 0x00, 0x00, 0x00, 0x00, 0x00, 0x00, 0x00, 0x00, 0x00, 0x00, 0x00, 0x00, 0x00, 0x00, 0x00, 0x00,
    0x00, 0x00, 0x00, 0x00, 0x00, 0x00, 0x00, 0x00, 0x00, 0x00, 0x00, 0x00, 0x41, 0x08, 0xcf, 0x7b, 0xf4, 0x9c, 0xe8, 0x39,
    0x00, 0x00, 0x41, 0x08, 0x41, 0x08, 0x41, 0x08, 0x41, 0x08, 0x41, 0x08, 0x41, 0x08, 0x21, 0x00, 0x41, 0x08, 0x41, 0x08,
    0x41, 0x08, 0x41, 0x08, 0x41, 0x08, 0x41, 0x08, 0x41, 0x08, 0x41, 0x08, 0x41, 0x08, 0x41, 0x08, 0x41, 0x08, 0x41, 0x08,
    0x41, 0x08, 0x41, 0x08, 0x41, 0x08, 0x41, 0x08, 0x41, 0x08, 0x41, 0x08, 0x41, 0x08, 0x41, 0x08, 0x21, 0x00, 0xe4, 0x18,
    0xc3, 0x18, 0x41, 0x08, 0x61, 0x08, 0x41, 0x08, 0x41, 0x08, 0x41, 0x08, 0x41, 0x08, 0x61, 0x08, 0x61, 0x08, 0x61, 0x08,
    0x61, 0x08, 0x61, 0x08, 0x61, 0x08, 0x61, 0x08, 0x61, 0x08, 0x82, 0x10, 0xe3, 0x18, 0x61, 0x08, 0x82, 0x10, 0xa2, 0x10,
    0xc3, 0x18, 0xc3, 0x18, 0xe4, 0x18, 0x04, 0x21, 0x25, 0x21, 0x45, 0x29, 0x45, 0x29, 0x66, 0x29, 0x66, 0x29, 0x66, 0x29,
    0x66, 0x29, 0x66, 0x29, 0x66, 0x29, 0x86, 0x31, 0x66, 0x29, 0xa7, 0x31, 0xe8, 0x39, 0xe8, 0x39, 0xa7, 0x31, 0x86, 0x31,
    0x86, 0x31, 0xa7, 0x31, 0xe8, 0x39, 0xe8, 0x39, 0xa7, 0x31, 0x66, 0x29, 0x66, 0x29, 0x66, 0x29, 0x66, 0x29, 0x66, 0x29,
    0x66, 0x29, 0x66, 0x29, 0x66, 0x29, 0x45, 0x29, 0x25, 0x21, 0x24, 0x21, 0x04, 0x21, 0xe4, 0x18, 0xc3, 0x18, 0xa3, 0x10,
    0x82, 0x10, 0x62, 0x08, 0x61, 0x08, 0xe3, 0x18, 0x82, 0x10, 0x61, 0x08, 0x61, 0x08, 0x61, 0x08, 0x61, 0x08, 0x61, 0x08,
    0x61, 0x08, 0x61, 0x08, 0x61, 0x08, 0x41, 0x08, 0x41, 0x08, 0x41, 0x08, 0x41, 0x08, 0x61, 0x08, 0x41, 0x08, 0xc3, 0x18,
    0xe4, 0x18, 0x21, 0x00, 0x41, 0x08, 0x41, 0x08, 0x41, 0x08, 0x41, 0x08, 0x41, 0x08, 0x41, 0x08, 0x41, 0x08, 0x41, 0x08,
    0x41, 0x08, 0x41, 0x08, 0x41, 0x08, 0x41, 0x08, 0x41, 0x08, 0x41, 0x08, 0x41, 0x08, 0x41, 0x08, 0x41, 0x08, 0x41, 0x08,
    0x41, 0x08, 0x00, 0x00, 0x00, 0x00, 0x00, 0x00, 0x00, 0x00, 0x00, 0x00, 0x20, 0x00, 0x41, 0x08, 0x41, 0x08, 0x00, 0x00,
    0x65, 0x29, 0x6e, 0x6b, 0xab, 0x52, 0x20, 0x00, 0x00, 0x00, 0x00, 0x00, 0x00, 0x00, 0x00, 0x00, 0x00, 0x00, 0x00, 0x00,
    0x00, 0x00, 0x00, 0x00, 0x00, 0x00, 0x00, 0x00, 0x00, 0x00, 0x00, 0x00, 0x00, 0x00, 0x00, 0x00, 0x00, 0x00, 0x00, 0x00,
    0x00, 0x00, 0x00, 0x00, 0x00, 0x00, 0x00, 0x00, 0x00, 0x00, 0x00, 0x00, 0x00, 0x00, 0x00, 0x00, 0x00, 0x00, 0x00, 0x00,
    0x00, 0x00, 0x00, 0x00, 0x00, 0x00, 0x00, 0x00, 0x00, 0x00, 0x00, 0x00, 0x00, 0x00, 0x00, 0x00, 0x00, 0x00, 0x00, 0x00,
    0x00, 0x00, 0x00, 0x00, 0x00, 0x00, 0x00, 0x00, 0x00, 0x00, 0x00, 0x00, 0x00, 0x00, 0x00, 0x00, 0x00, 0x00, 0x00, 0x00,
    0x00, 0x00, 0x00, 0x00, 0x00, 0x00, 0x00, 0x00, 0x00, 0x00, 0x00, 0x00, 0x00, 0x00, 0x4d, 0x6b, 0xf4, 0x9c, 0x8a, 0x52,
    0x00, 0x00, 0x41, 0x08, 0x21, 0x00, 0x21, 0x00, 0x21, 0x00, 0x41, 0x08, 0x41, 0x08, 0x41, 0x08, 0x41, 0x08, 0x41, 0x08,
    0x41, 0x08, 0x41, 0x08, 0x41, 0x08, 0x41, 0x08, 0x41, 0x08, 0x41, 0x08, 0x41, 0x08, 0x41, 0x08, 0x41, 0x08, 0x41, 0x08,
    0x41, 0x08, 0x41, 0x08, 0x41, 0x08, 0x41, 0x08, 0x41, 0x08, 0x41, 0x08, 0x41, 0x08, 0x41, 0x08, 0x41, 0x08, 0xa3, 0x10,
    0x04, 0x21, 0x41, 0x08, 0x41, 0x08, 0x41, 0x08, 0x41, 0x08, 0x41, 0x08, 0x41, 0x08, 0x61, 0x08, 0x61, 0x08, 0x61, 0x08,
    0x61, 0x08, 0x61, 0x08, 0x61, 0x08, 0x61, 0x08, 0x61, 0x08, 0x61, 0x08, 0xe3, 0x18, 0x82, 0x10, 0x61, 0x08, 0x82, 0x10,
    0xa2, 0x10, 0xc3, 0x18, 0xc3, 0x18, 0xe4, 0x18, 0x04, 0x21, 0x25, 0x21, 0x45, 0x29, 0x45, 0x29, 0x66, 0x29, 0x66, 0x29,
    0x66, 0x29, 0x66, 0x29, 0x66, 0x29, 0x66, 0x29, 0x86, 0x31, 0x66, 0x29, 0x66, 0x29, 0x86, 0x31, 0xa7, 0x31, 0xa7, 0x31,
    0xa7, 0x31, 0xa7, 0x31, 0x86, 0x31, 0x66, 0x29, 0x66, 0x29, 0x86, 0x31, 0x66, 0x29, 0x66, 0x29, 0x66, 0x29, 0x66, 0x29,
    0x66, 0x29, 0x66, 0x29, 0x45, 0x29, 0x45, 0x29, 0x25, 0x21, 0x04, 0x21, 0xe4, 0x18, 0xe3, 0x18, 0xc3, 0x18, 0xa2, 0x10,
    0x82, 0x10, 0x61, 0x08, 0x82, 0x10, 0xe3, 0x18, 0x61, 0x08, 0x61, 0x08, 0x61, 0x08, 0x61, 0x08, 0x61, 0x08, 0x61, 0x08,
    0x61, 0x08, 0x61, 0x08, 0x61, 0x08, 0x41, 0x08, 0x41, 0x08, 0x41, 0x08, 0x41, 0x08, 0x41, 0x08, 0x41, 0x08, 0x04, 0x21,
    0xa3, 0x10, 0x41, 0x08, 0x41, 0x08, 0x41, 0x08, 0x41, 0x08, 0x41, 0x08, 0x41, 0x08, 0x41, 0x08, 0x41, 0x08, 0x41, 0x08,
    0x41, 0x08, 0x41, 0x08, 0x41, 0x08, 0x41, 0x08, 0x41, 0x08, 0x41, 0x08, 0x41, 0x08, 0x41, 0x08, 0x41, 0x08, 0x41, 0x08,
    0x41, 0x08, 0x41, 0x08, 0x41, 0x08, 0x61, 0x08, 0x61, 0x08, 0x41, 0x08, 0x41, 0x08, 0x21, 0x00, 0x21, 0x00, 0x00, 0x00,
    0xc7, 0x39, 0x8f, 0x73, 0x6a, 0x4a, 0x00, 0x00, 0x00, 0x00, 0x00, 0x00, 0x00, 0x00, 0x00, 0x00, 0x00, 0x00, 0x00, 0x00,
    0x00, 0x00, 0x00, 0x00, 0x00, 0x00, 0x00, 0x00, 0x00, 0x00, 0x00, 0x00, 0x00, 0x00, 0x00, 0x00, 0x00, 0x00, 0x00, 0x00,
    0x00, 0x00, 0x00, 0x00, 0x00, 0x00, 0x00, 0x00, 0x00, 0x00, 0x00, 0x00, 0x00, 0x00, 0x00, 0x00, 0x00, 0x00, 0x00, 0x00,
    0x00, 0x00, 0x00, 0x00, 0x00, 0x00, 0x00, 0x00, 0x00, 0x00, 0x00, 0x00, 0x00, 0x00, 0x00, 0x00, 0x00, 0x00, 0x00, 0x00,
    0x00, 0x00, 0x00, 0x00, 0x00, 0x00, 0x00, 0x00, 0x00, 0x00, 0x00, 0x00, 0x00, 0x00, 0x00, 0x00, 0x00, 0x00, 0x00, 0x00,
    0x00, 0x00, 0x00, 0x00, 0x00, 0x00, 0x00, 0x00, 0x00, 0x00, 0x00, 0x00, 0x00, 0x00, 0xcb, 0x5a, 0xf4, 0x9c, 0x0c, 0x63,
    0x00, 0x00, 0x21, 0x00, 0x21, 0x00, 0x41, 0x08, 0x41, 0x08, 0x41, 0x08, 0x41, 0x08, 0x41, 0x08, 0x41, 0x08, 0x41, 0x08,
    0x41, 0x08, 0x41, 0x08, 0x41, 0x08, 0x41, 0x08, 0x41, 0x08, 0x41, 0x08, 0x41, 0x08, 0x41, 0x08, 0x41, 0x08, 0x41, 0x08,
    0x41, 0x08, 0x41, 0x08, 0x41, 0x08, 0x41, 0x08, 0x41, 0x08, 0x41, 0x08, 0x41, 0x08, 0x41, 0x08, 0x41, 0x08, 0x62, 0x08,
    0x25, 0x21, 0x61, 0x08, 0x41, 0x08, 0x41, 0x08, 0x41, 0x08, 0x41, 0x08, 0x41, 0x08, 0x41, 0x08, 0x61, 0x08, 0x61, 0x08,
    0x61, 0x08, 0x61, 0x08, 0x61, 0x08, 0x61, 0x08, 0x61, 0x08, 0x61, 0x08, 0xa2, 0x10, 0xc3, 0x18, 0x61, 0x08, 0x82, 0x10,
    0x82, 0x10, 0xa3, 0x10, 0xc3, 0x18, 0xe3, 0x18, 0x04, 0x21, 0x04, 0x21, 0x25, 0x21, 0x45, 0x29, 0x65, 0x29, 0x66, 0x29,
    0x66, 0x29, 0x66, 0x29, 0x66, 0x29, 0x66, 0x29, 0x66, 0x29, 0x66, 0x29, 0x86, 0x31, 0x66, 0x29, 0x66, 0x29, 0x66, 0x29,
    0x66, 0x29, 0x66, 0x29, 0x66, 0x29, 0x86, 0x31, 0x66, 0x29, 0x66, 0x29, 0x66, 0x29, 0x66, 0x29, 0x66, 0x29, 0x66, 0x29,
    0x66, 0x29, 0x65, 0x29, 0x45, 0x29, 0x25, 0x21, 0x04, 0x21, 0x04, 0x21, 0xe3, 0x18, 0xc3, 0x18, 0xa3, 0x10, 0x82, 0x10,
    0x62, 0x08, 0x61, 0x08, 0xc3, 0x18, 0xa2, 0x10, 0x61, 0x08, 0x61, 0x08, 0x61, 0x08, 0x61, 0x08, 0x61, 0x08, 0x61, 0x08,
    0x61, 0x08, 0x61, 0x08, 0x41, 0x08, 0x41, 0x08, 0x41, 0x08, 0x41, 0x08, 0x41, 0x08, 0x41, 0x08, 0x61, 0x08, 0x25, 0x21,
    0x62, 0x08, 0x41, 0x08, 0x41, 0x08, 0x41, 0x08, 0x41, 0x08, 0x41, 0x08, 0x41, 0x08, 0x41, 0x08, 0x41, 0x08, 0x41, 0x08,
    0x41, 0x08, 0x41, 0x08, 0x41, 0x08, 0x41, 0x08, 0x41, 0x08, 0x41, 0x08, 0x41, 0x08, 0x41, 0x08, 0x41, 0x08, 0x41, 0x08,
    0x41, 0x08, 0x41, 0x08, 0x41, 0x08, 0x41, 0x08, 0x41, 0x08, 0x41, 0x08, 0x41, 0x08, 0x21, 0x00, 0x21, 0x00, 0x00, 0x00,
    0x49, 0x4a, 0x8f, 0x73, 0x08, 0x42, 0x00, 0x00, 0x00, 0x00, 0x00, 0x00, 0x00, 0x00, 0x00, 0x00, 0x00, 0x00, 0x00, 0x00,
    0x00, 0x00, 0x00, 0x00, 0x00, 0x00, 0x00, 0x00, 0x00, 0x00, 0x00, 0x00, 0x00, 0x00, 0x00, 0x00, 0x00, 0x00, 0x00, 0x00,
    0x00, 0x00, 0x00, 0x00, 0x00, 0x00, 0x00, 0x00, 0x00, 0x00, 0x00, 0x00, 0x00, 0x00, 0x00, 0x00, 0x00, 0x00, 0x00, 0x00,
    0x00, 0x00, 0x00, 0x00, 0x00, 0x00, 0x00, 0x00, 0x00, 0x00, 0x00, 0x00, 0x00, 0x00, 0x00, 0x00, 0x00, 0x00, 0x00, 0x00,
    0x00, 0x00, 0x00, 0x00, 0x00, 0x00, 0x00, 0x00, 0x00, 0x00, 0x00, 0x00, 0x00, 0x00, 0x00, 0x00, 0x00, 0x00, 0x00, 0x00,
    0x00, 0x00, 0x00, 0x00, 0x00, 0x00, 0x00, 0x00, 0x00, 0x00, 0x00, 0x00, 0x00, 0x00, 0x08, 0x42, 0xd3, 0x9c, 0xaf, 0x73,
    0x41, 0x08, 0x20, 0x00, 0x21, 0x00, 0x41, 0x08, 0x41, 0x08, 0x41, 0x08, 0x41, 0x08, 0x41, 0x08, 0x41, 0x08, 0x41, 0x08,
    0x41, 0x08, 0x41, 0x08, 0x41, 0x08, 0x41, 0x08, 0x41, 0x08, 0x41, 0x08, 0x41, 0x08, 0x41, 0x08, 0x41, 0x08, 0x41, 0x08,
    0x41, 0x08, 0x41, 0x08, 0x41, 0x08, 0x41, 0x08, 0x41, 0x08, 0x41, 0x08, 0x41, 0x08, 0x41, 0x08, 0x41, 0x08, 0x41, 0x08,
    0x24, 0x21, 0xa3, 0x10, 0x41, 0x08, 0x41, 0x08, 0x41, 0x08, 0x41, 0x08, 0x41, 0x08, 0x41, 0x08, 0x61, 0x08, 0x61, 0x08,
    0x61, 0x08, 0x61, 0x08, 0x61, 0x08, 0x61, 0x08, 0x61, 0x08, 0x61, 0x08, 0x61, 0x08, 0xe3, 0x18, 0x82, 0x10, 0x61, 0x08,
    0x82, 0x10, 0xa2, 0x10, 0xa3, 0x10, 0xc3, 0x18, 0xe4, 0x18, 0x04, 0x21, 0x04, 0x21, 0x25, 0x21, 0x45, 0x29, 0x45, 0x29,
    0x66, 0x29, 0x66, 0x29, 0x66, 0x29, 0x66, 0x29, 0x66, 0x29, 0x66, 0x29, 0x66, 0x29, 0x66, 0x29, 0x66, 0x29, 0x66, 0x29,
    0x66, 0x29, 0x66, 0x29, 0x66, 0x29, 0x66, 0x29, 0x66, 0x29, 0x66, 0x29, 0x66, 0x29, 0x66, 0x29, 0x66, 0x29, 0x66, 0x29,
    0x45, 0x29, 0x45, 0x29, 0x25, 0x21, 0x04, 0x21, 0x04, 0x21, 0xe4, 0x18, 0xc3, 0x18, 0xa3, 0x10, 0xa2, 0x10, 0x82, 0x10,
    0x61, 0x08, 0x82, 0x10, 0xe3, 0x18, 0x61, 0x08, 0x61, 0x08, 0x61, 0x08, 0x61, 0x08, 0x61, 0x08, 0x61, 0x08, 0x61, 0x08,
    0x61, 0x08, 0x61, 0x08, 0x41, 0x08, 0x41, 0x08, 0x41, 0x08, 0x41, 0x08, 0x41, 0x08, 0x41, 0x08, 0xa3, 0x10, 0x24, 0x21,
    0x41, 0x08, 0x41, 0x08, 0x41, 0x08, 0x41, 0x08, 0x41, 0x08, 0x41, 0x08, 0x41, 0x08, 0x41, 0x08, 0x41, 0x08, 0x41, 0x08,
    0x41, 0x08, 0x41, 0x08, 0x41, 0x08, 0x41, 0x08, 0x41, 0x08, 0x41, 0x08, 0x41, 0x08, 0x41, 0x08, 0x41, 0x08, 0x41, 0x08,
    0x41, 0x08, 0x41, 0x08, 0x41, 0x08, 0x41, 0x08, 0x41, 0x08, 0x41, 0x08, 0x41, 0x08, 0x21, 0x00, 0x20, 0x00, 0x20, 0x00,
    0xab, 0x52, 0x8e, 0x73, 0x86, 0x31, 0x00, 0x00, 0x00, 0x00, 0x00, 0x00, 0x00, 0x00, 0x00, 0x00, 0x00, 0x00, 0x00, 0x00,
    0x00, 0x00, 0x00, 0x00, 0x00, 0x00, 0x00, 0x00, 0x00, 0x00, 0x00, 0x00, 0x00, 0x00, 0x00, 0x00, 0x00, 0x00, 0x00, 0x00,
    0x00, 0x00, 0x00, 0x00, 0x00, 0x00, 0x00, 0x00, 0x00, 0x00, 0x00, 0x00, 0x00, 0x00, 0x00, 0x00, 0x00, 0x00, 0x00, 0x00,
    0x00, 0x00, 0x00, 0x00, 0x00, 0x00, 0x00, 0x00, 0x00, 0x00, 0x00, 0x00, 0x00, 0x00, 0x00, 0x00, 0x00, 0x00, 0x00, 0x00,
    0x00, 0x00, 0x00, 0x00, 0x00, 0x00, 0x00, 0x00, 0x00, 0x00, 0x00, 0x00, 0x00, 0x00, 0x00, 0x00, 0x00, 0x00, 0x00, 0x00,
    0x00, 0x00, 0x00, 0x00, 0x00, 0x00, 0x00, 0x00, 0x00, 0x00, 0x00, 0x00, 0x00, 0x00, 0x45, 0x29, 0x92, 0x94, 0x11, 0x84,
    0xa2, 0x10, 0x00, 0x00, 0x41, 0x08, 0x41, 0x08, 0x41, 0x08, 0x41, 0x08, 0x41, 0x08, 0x41, 0x08, 0x41, 0x08, 0x41, 0x08,
    0x41, 0x08, 0x41, 0x08, 0x41, 0x08, 0x41, 0x08, 0x41, 0x08, 0x41, 0x08, 0x41, 0x08, 0x41, 0x08, 0x41, 0x08, 0x41, 0x08,
    0x41, 0x08, 0x41, 0x08, 0x41, 0x08, 0x41, 0x08, 0x41, 0x08, 0x41, 0x08, 0x41, 0x08, 0x41, 0x08, 0x41, 0x08, 0x21, 0x00,
    0xc3, 0x18, 0x04, 0x21, 0x41, 0x08, 0x61, 0x08, 0x41, 0x08, 0x41, 0x08, 0x41, 0x08, 0x41, 0x08, 0x61, 0x08, 0x61, 0x08,
    0x61, 0x08, 0x61, 0x08, 0x61, 0x08, 0x61, 0x08, 0x61, 0x08, 0x61, 0x08, 0x61, 0x08, 0x82, 0x10, 0xe4, 0x18, 0x61, 0x08,
    0x62, 0x08, 0x82, 0x10, 0xa2, 0x10, 0xc3, 0x18, 0xc3, 0x18, 0xe4, 0x18, 0x04, 0x21, 0x04, 0x21, 0x25, 0x21, 0x45, 0x29,
    0x45, 0x29, 0x66, 0x29, 0x66, 0x29, 0x66, 0x29, 0x66, 0x29, 0x66, 0x29, 0x66, 0x29, 0x66, 0x29, 0x66, 0x29, 0x66, 0x29,
    0x66, 0x29, 0x66, 0x29, 0x66, 0x29, 0x66, 0x29, 0x66, 0x29, 0x66, 0x29, 0x66, 0x29, 0x66, 0x29, 0x66, 0x29, 0x45, 0x29,
    0x45, 0x29, 0x25, 0x21, 0x04, 0x21, 0x04, 0x21, 0xe4, 0x18, 0xc3, 0x18, 0xc3, 0x18, 0xa2, 0x10, 0x82, 0x10, 0x62, 0x08,
    0x61, 0x08, 0xe4, 0x18, 0x82, 0x10, 0x61, 0x08, 0x61, 0x08, 0x61, 0x08, 0x61, 0x08, 0x61, 0x08, 0x61, 0x08, 0x61, 0x08,
    0x61, 0x08, 0x61, 0x08, 0x41, 0x08, 0x41, 0x08, 0x41, 0x08, 0x41, 0x08, 0x61, 0x08, 0x41, 0x08, 0x04, 0x21, 0xc3, 0x18,
    0x21, 0x00, 0x41, 0x08, 0x41, 0x08, 0x41, 0x08, 0x41, 0x08, 0x41, 0x08, 0x41, 0x08, 0x41, 0x08, 0x41, 0x08, 0x41, 0x08,
    0x41, 0x08, 0x41, 0x08, 0x41, 0x08, 0x41, 0x08, 0x41, 0x08, 0x41, 0x08, 0x41, 0x08, 0x41, 0x08, 0x41, 0x08, 0x41, 0x08,
    0x41, 0x08, 0x41, 0x08, 0x41, 0x08, 0x41, 0x08, 0x41, 0x08, 0x41, 0x08, 0x41, 0x08, 0x21, 0x00, 0x00, 0x00, 0x82, 0x10,
    0x0c, 0x63, 0x4e, 0x6b, 0x04, 0x21, 0x00, 0x00, 0x00, 0x00, 0x00, 0x00, 0x00, 0x00, 0x00, 0x00, 0x00, 0x00, 0x00, 0x00,
    0x00, 0x00, 0x00, 0x00, 0x00, 0x00, 0x00, 0x00, 0x00, 0x00, 0x00, 0x00, 0x00, 0x00, 0x00, 0x00, 0x00, 0x00, 0x00, 0x00,
    0x00, 0x00, 0x00, 0x00, 0x00, 0x00, 0x00, 0x00, 0x00, 0x00, 0x00, 0x00, 0x00, 0x00, 0x00, 0x00, 0x00, 0x00, 0x00, 0x00,
    0x00, 0x00, 0x00, 0x00, 0x00, 0x00, 0x00, 0x00, 0x00, 0x00, 0x00, 0x00, 0x00, 0x00, 0x00, 0x00, 0x00, 0x00, 0x00, 0x00,
    0x00, 0x00, 0x00, 0x00, 0x00, 0x00, 0x00, 0x00, 0x00, 0x00, 0x00, 0x00, 0x00, 0x00, 0x00, 0x00, 0x00, 0x00, 0x00, 0x00,
    0x00, 0x00, 0x00, 0x00, 0x00, 0x00, 0x00, 0x00, 0x00, 0x00, 0x00, 0x00, 0x00, 0x00, 0xa2, 0x10, 0x11, 0x84, 0x72, 0x8c,
    0x45, 0x29, 0x00, 0x00, 0x41, 0x08, 0x41, 0x08, 0x41, 0x08, 0x41, 0x08, 0x41, 0x08, 0x41, 0x08, 0x41, 0x08, 0x41, 0x08,
    0x41, 0x08, 0x41, 0x08, 0x41, 0x08, 0x41, 0x08, 0x41, 0x08, 0x41, 0x08, 0x41, 0x08, 0x41, 0x08, 0x41, 0x08, 0x41, 0x08,
    0x41, 0x08, 0x41, 0x08, 0x41, 0x08, 0x41, 0x08, 0x41, 0x08, 0x41, 0x08, 0x41, 0x08, 0x41, 0x08, 0x41, 0x08, 0x41, 0x08,
    0x62, 0x08, 0x25, 0x21, 0x61, 0x08, 0x41, 0x08, 0x41, 0x08, 0x41, 0x08, 0x41, 0x08, 0x41, 0x08, 0x41, 0x08, 0x61, 0x08,
    0x61, 0x08, 0x61, 0x08, 0x61, 0x08, 0x61, 0x08, 0x61, 0x08, 0x61, 0x08, 0x61, 0x08, 0x41, 0x08, 0xc3, 0x18, 0xc3, 0x18,
    0x41, 0x08, 0x82, 0x10, 0x82, 0x10, 0xa3, 0x10, 0xc3, 0x18, 0xc3, 0x18, 0xe4, 0x18, 0x04, 0x21, 0x04, 0x21, 0x25, 0x21,
    0x25, 0x21, 0x45, 0x29, 0x45, 0x29, 0x66, 0x29, 0x66, 0x29, 0x66, 0x29, 0x66, 0x29, 0x66, 0x29, 0x66, 0x29, 0x66, 0x29,
    0x66, 0x29, 0x66, 0x29, 0x66, 0x29, 0x66, 0x29, 0x66, 0x29, 0x66, 0x29, 0x66, 0x29, 0x45, 0x29, 0x45, 0x29, 0x25, 0x21,
    0x25, 0x21, 0x04, 0x21, 0x04, 0x21, 0xe4, 0x18, 0xc3, 0x18, 0xc3, 0x18, 0xa3, 0x10, 0x82, 0x10, 0x82, 0x10, 0x41, 0x08,
    0xc3, 0x18, 0xc3, 0x18, 0x41, 0x08, 0x61, 0x08, 0x61, 0x08, 0x61, 0x08, 0x61, 0x08, 0x61, 0x08, 0x61, 0x08, 0x61, 0x08,
    0x61, 0x08, 0x41, 0x08, 0x41, 0x08, 0x41, 0x08, 0x41, 0x08, 0x41, 0x08, 0x41, 0x08, 0x61, 0x08, 0x25, 0x21, 0x62, 0x08,
    0x41, 0x08, 0x41, 0x08, 0x41, 0x08, 0x41, 0x08, 0x41, 0x08, 0x41, 0x08, 0x41, 0x08, 0x41, 0x08, 0x41, 0x08, 0x41, 0x08,
    0x41, 0x08, 0x41, 0x08, 0x41, 0x08, 0x41, 0x08, 0x41, 0x08, 0x41, 0x08, 0x41, 0x08, 0x41, 0x08, 0x41, 0x08, 0x41, 0x08,
    0x41, 0x08, 0x41, 0x08, 0x41, 0x08, 0x41, 0x08, 0x41, 0x08, 0x41, 0x08, 0x41, 0x08, 0x41, 0x08, 0x00, 0x00, 0x04, 0x21,
    0x4e, 0x6b, 0x0d, 0x63, 0x82, 0x10, 0x00, 0x00, 0x00, 0x00, 0x00, 0x00, 0x00, 0x00, 0x00, 0x00, 0x00, 0x00, 0x00, 0x00,
    0x00, 0x00, 0x00, 0x00, 0x00, 0x00, 0x00, 0x00, 0x00, 0x00, 0x00, 0x00, 0x00, 0x00, 0x00, 0x00, 0x00, 0x00, 0x00, 0x00,
    0x00, 0x00, 0x00, 0x00, 0x00, 0x00, 0x00, 0x00, 0x00, 0x00, 0x00, 0x00, 0x00, 0x00, 0x00, 0x00, 0x00, 0x00, 0x00, 0x00,
    0x00, 0x00, 0x00, 0x00, 0x00, 0x00, 0x00, 0x00, 0x00, 0x00, 0x00, 0x00, 0x00, 0x00, 0x00, 0x00, 0x00, 0x00, 0x00, 0x00,
    0x00, 0x00, 0x00, 0x00, 0x00, 0x00, 0x00, 0x00, 0x00, 0x00, 0x00, 0x00, 0x00, 0x00, 0x00, 0x00, 0x00, 0x00, 0x00, 0x00,
    0x00, 0x00, 0x00, 0x00, 0x00, 0x00, 0x00, 0x00, 0x00, 0x00, 0x00, 0x00, 0x00, 0x00, 0x20, 0x00, 0x8e, 0x73, 0xb3, 0x94,
    0x08, 0x42, 0x00, 0x00, 0x41, 0x08, 0x21, 0x00, 0x41, 0x08, 0x21, 0x00, 0x21, 0x00, 0x21, 0x00, 0x41, 0x08, 0x61, 0x08,
    0x41, 0x08, 0x41, 0x08, 0x41, 0x08, 0x41, 0x08, 0x41, 0x08, 0x41, 0x08, 0x41, 0x08, 0x41, 0x08, 0x41, 0x08, 0x41, 0x08,
    0x41, 0x08, 0x41, 0x08, 0x41, 0x08, 0x41, 0x08, 0x41, 0x08, 0x41, 0x08, 0x41, 0x08, 0x41, 0x08, 0x41, 0x08, 0x41, 0x08,
    0x41, 0x08, 0x04, 0x21, 0xc3, 0x18, 0x41, 0x08, 0x41, 0x08, 0x41, 0x08, 0x41, 0x08, 0x41, 0x08, 0x41, 0x08, 0x61, 0x08,
    0x61, 0x08, 0x61, 0x08, 0x61, 0x08, 0x61, 0x08, 0x61, 0x08, 0x61, 0x08, 0x61, 0x08, 0x61, 0x08, 0x62, 0x08, 0xe4, 0x18,
    0x82, 0x10, 0x61, 0x08, 0x82, 0x10, 0x82, 0x10, 0xa3, 0x10, 0xc3, 0x18, 0xc3, 0x18, 0xe4, 0x18, 0x04, 0x21, 0x04, 0x21,
    0x24, 0x21, 0x25, 0x21, 0x45, 0x29, 0x45, 0x29, 0x45, 0x29, 0x65, 0x29, 0x66, 0x29, 0x66, 0x29, 0x66, 0x29, 0x66, 0x29,
    0x66, 0x29, 0x66, 0x29, 0x66, 0x29, 0x66, 0x29, 0x65, 0x29, 0x45, 0x29, 0x45, 0x29, 0x45, 0x29, 0x25, 0x21, 0x24, 0x21,
    0x04, 0x21, 0x04, 0x21, 0xe4, 0x18, 0xc3, 0x18, 0xc3, 0x18, 0xa3, 0x10, 0x82, 0x10, 0x82, 0x10, 0x61, 0x08, 0x82, 0x10,
    0xe4, 0x18, 0x62, 0x08, 0x61, 0x08, 0x61, 0x08, 0x61, 0x08, 0x61, 0x08, 0x61, 0x08, 0x61, 0x08, 0x61, 0x08, 0x61, 0x08,
    0x61, 0x08, 0x41, 0x08, 0x41, 0x08, 0x41, 0x08, 0x41, 0x08, 0x41, 0x08, 0x41, 0x08, 0xc3, 0x18, 0x04, 0x21, 0x41, 0x08,
    0x41, 0x08, 0x41, 0x08, 0x41, 0x08, 0x41, 0x08, 0x41, 0x08, 0x41, 0x08, 0x41, 0x08, 0x41, 0x08, 0x41, 0x08, 0x41, 0x08,
    0x41, 0x08, 0x41, 0x08, 0x41, 0x08, 0x41, 0x08, 0x41, 0x08, 0x41, 0x08, 0x41, 0x08, 0x41, 0x08, 0x41, 0x08, 0x41, 0x08,
    0x61, 0x08, 0x41, 0x08, 0x21, 0x00, 0x21, 0x00, 0x21, 0x00, 0x41, 0x08, 0x21, 0x00, 0x41, 0x08, 0x00, 0x00, 0x86, 0x31,
    0x8e, 0x73, 0xab, 0x52, 0x20, 0x00, 0x00, 0x00, 0x00, 0x00, 0x00, 0x00, 0x00, 0x00, 0x00, 0x00, 0x00, 0x00, 0x00, 0x00,
    0x00, 0x00, 0x00, 0x00, 0x00, 0x00, 0x00, 0x00, 0x00, 0x00, 0x00, 0x00, 0x00, 0x00, 0x00, 0x00, 0x00, 0x00, 0x00, 0x00,
    0x00, 0x00, 0x00, 0x00, 0x00, 0x00, 0x00, 0x00, 0x00, 0x00, 0x00, 0x00, 0x00, 0x00, 0x00, 0x00, 0x00, 0x00, 0x00, 0x00,
    0x00, 0x00, 0x00, 0x00, 0x00, 0x00, 0x00, 0x00, 0x00, 0x00, 0x00, 0x00, 0x00, 0x00, 0x00, 0x00, 0x00, 0x00, 0x00, 0x00,
    0x00, 0x00, 0x00, 0x00, 0x00, 0x00, 0x00, 0x00, 0x00, 0x00, 0x00, 0x00, 0x00, 0x00, 0x00, 0x00, 0x00, 0x00, 0x00, 0x00,
    0x00, 0x00, 0x00, 0x00, 0x00, 0x00, 0x00, 0x00, 0x00, 0x00, 0x00, 0x00, 0x00, 0x00, 0x00, 0x00, 0xab, 0x52, 0xb3, 0x94,
    0xec, 0x5a, 0x00, 0x00, 0x21, 0x00, 0x21, 0x00, 0x41, 0x08, 0x61, 0x08, 0x82, 0x10, 0xa3, 0x10, 0xc3, 0x18, 0x82, 0x10,
    0x41, 0x08, 0x41, 0x08, 0x41, 0x08, 0x41, 0x08, 0x41, 0x08, 0x41, 0x08, 0x41, 0x08, 0x41, 0x08, 0x41, 0x08, 0x41, 0x08,
    0x41, 0x08, 0x41, 0x08, 0x41, 0x08, 0x41, 0x08, 0x41, 0x08, 0x41, 0x08, 0x41, 0x08, 0x41, 0x08, 0x41, 0x08, 0x41, 0x08,
    0x41, 0x08, 0xa2, 0x10, 0x25, 0x21, 0x41, 0x08, 0x41, 0x08, 0x41, 0x08, 0x41, 0x08, 0x41, 0x08, 0x41, 0x08, 0x41, 0x08,
    0x61, 0x08, 0x61, 0x08, 0x61, 0x08, 0x61, 0x08, 0x61, 0x08, 0x61, 0x08, 0x61, 0x08, 0x61, 0x08, 0x61, 0x08, 0x82, 0x10,
    0xe4, 0x18, 0x82, 0x10, 0x61, 0x08, 0x82, 0x10, 0x82, 0x10, 0xa3, 0x10, 0xc3, 0x18, 0xc3, 0x18, 0xe3, 0x18, 0xe4, 0x18,
    0x04, 0x21, 0x04, 0x21, 0x24, 0x21, 0x25, 0x21, 0x25, 0x21, 0x45, 0x29, 0x45, 0x29, 0x45, 0x29, 0x45, 0x29, 0x45, 0x29,
    0x45, 0x29, 0x45, 0x29, 0x45, 0x29, 0x45, 0x29, 0x45, 0x29, 0x25, 0x21, 0x25, 0x21, 0x24, 0x21, 0x04, 0x21, 0x04, 0x21,
    0xe4, 0x18, 0xe3, 0x18, 0xc3, 0x18, 0xc3, 0x18, 0xa3, 0x10, 0x82, 0x10, 0x82, 0x10, 0x61, 0x08, 0x82, 0x10, 0xe4, 0x18,
    0x82, 0x10, 0x61, 0x08, 0x61, 0x08, 0x61, 0x08, 0x61, 0x08, 0x61, 0x08, 0x61, 0x08, 0x61, 0x08, 0x61, 0x08, 0x61, 0x08,
    0x41, 0x08, 0x41, 0x08, 0x41, 0x08, 0x41, 0x08, 0x41, 0x08, 0x41, 0x08, 0x41, 0x08, 0x25, 0x21, 0xa2, 0x10, 0x41, 0x08,
    0x41, 0x08, 0x41, 0x08, 0x41, 0x08, 0x41, 0x08, 0x41, 0x08, 0x41, 0x08, 0x41, 0x08, 0x41, 0x08, 0x41, 0x08, 0x41, 0x08,
    0x41, 0x08, 0x41, 0x08, 0x41, 0x08, 0x41, 0x08, 0x41, 0x08, 0x41, 0x08, 0x41, 0x08, 0x41, 0x08, 0x41, 0x08, 0x41, 0x08,
    0x82, 0x10, 0xc3, 0x18, 0xa3, 0x10, 0x82, 0x10, 0x61, 0x08, 0x41, 0x08, 0x21, 0x00, 0x21, 0x00, 0x00, 0x00, 0x49, 0x4a,
    0x8f, 0x73, 0x08, 0x42, 0x00, 0x00, 0x00, 0x00, 0x00, 0x00, 0x00, 0x00, 0x00, 0x00, 0x00, 0x00, 0x00, 0x00, 0x00, 0x00,
    0x00, 0x00, 0x00, 0x00, 0x00, 0x00, 0x00, 0x00, 0x00, 0x00, 0x00, 0x00, 0x00, 0x00, 0x00, 0x00, 0x00, 0x00, 0x00, 0x00,
    0x00, 0x00, 0x00, 0x00, 0x00, 0x00, 0x00, 0x00, 0x00, 0x00, 0x00, 0x00, 0x00, 0x00, 0x00, 0x00, 0x00, 0x00, 0x00, 0x00,
    0x00, 0x00, 0x00, 0x00, 0x00, 0x00, 0x00, 0x00, 0x00, 0x00, 0x00, 0x00, 0x00, 0x00, 0x00, 0x00, 0x00, 0x00, 0x00, 0x00,
    0x00, 0x00, 0x00, 0x00, 0x00, 0x00, 0x00, 0x00, 0x00, 0x00, 0x00, 0x00, 0x00, 0x00, 0x00, 0x00, 0x00, 0x00, 0x00, 0x00,
    0x00, 0x00, 0x00, 0x00, 0x00, 0x00, 0x00, 0x00, 0x00, 0x00, 0x00, 0x00, 0x00, 0x00, 0x00, 0x00, 0xc7, 0x39, 0x92, 0x94,
    0xaf, 0x73, 0x61, 0x08, 0x00, 0x00, 0x21, 0x00, 0x41, 0x08, 0xa3, 0x10, 0x82, 0x10, 0x62, 0x08, 0x41, 0x08, 0x41, 0x08,
    0x41, 0x08, 0x41, 0x08, 0x41, 0x08, 0x41, 0x08, 0x41, 0x08, 0x41, 0x08, 0x41, 0x08, 0x21, 0x00, 0x41, 0x08, 0x41, 0x08,
    0x41, 0x08, 0x41, 0x08, 0x41, 0x08, 0x41, 0x08, 0x41, 0x08, 0x41, 0x08, 0x41, 0x08, 0x41, 0x08, 0x41, 0x08, 0x41, 0x08,
    0x41, 0x08, 0x41, 0x08, 0x25, 0x21, 0xa2, 0x10, 0x41, 0x08, 0x41, 0x08, 0x41, 0x08, 0x41, 0x08, 0x41, 0x08, 0x41, 0x08,
    0x61, 0x08, 0x61, 0x08, 0x61, 0x08, 0x61, 0x08, 0x61, 0x08, 0x61, 0x08, 0x61, 0x08, 0x61, 0x08, 0x61, 0x08, 0x61, 0x08,
    0x82, 0x10, 0xe4, 0x18, 0x62, 0x08, 0x61, 0x08, 0x82, 0x10, 0x82, 0x10, 0xa2, 0x10, 0xa3, 0x10, 0xc3, 0x18, 0xe3, 0x18,
    0xe4, 0x18, 0xe4, 0x18, 0x04, 0x21, 0x04, 0x21, 0x04, 0x21, 0x24, 0x21, 0x25, 0x21, 0x25, 0x21, 0x25, 0x21, 0x25, 0x21,
    0x25, 0x21, 0x25, 0x21, 0x25, 0x21, 0x25, 0x21, 0x24, 0x21, 0x04, 0x21, 0x04, 0x21, 0x04, 0x21, 0xe4, 0x18, 0xe4, 0x18,
    0xe3, 0x18, 0xc3, 0x18, 0xa3, 0x10, 0xa2, 0x10, 0x82, 0x10, 0x82, 0x10, 0x61, 0x08, 0x62, 0x08, 0xe4, 0x18, 0x82, 0x10,
    0x61, 0x08, 0x61, 0x08, 0x61, 0x08, 0x61, 0x08, 0x61, 0x08, 0x61, 0x08, 0x61, 0x08, 0x61, 0x08, 0x61, 0x08, 0x61, 0x08,
    0x41, 0x08, 0x41, 0x08, 0x41, 0x08, 0x41, 0x08, 0x41, 0x08, 0x41, 0x08, 0xa2, 0x10, 0x25, 0x21, 0x41, 0x08, 0x41, 0x08,
    0x41, 0x08, 0x41, 0x08, 0x41, 0x08, 0x41, 0x08, 0x41, 0x08, 0x41, 0x08, 0x41, 0x08, 0x41, 0x08, 0x41, 0x08, 0x41, 0x08,
    0x41, 0x08, 0x41, 0x08, 0x21, 0x00, 0x41, 0x08, 0x41, 0x08, 0x41, 0x08, 0x41, 0x08, 0x41, 0x08, 0x41, 0x08, 0x41, 0x08,
    0x41, 0x08, 0x41, 0x08, 0x62, 0x08, 0x82, 0x10, 0xa3, 0x10, 0x41, 0x08, 0x21, 0x00, 0x20, 0x00, 0x41, 0x08, 0xcc, 0x5a,
    0x6e, 0x6b, 0x65, 0x29, 0x00, 0x00, 0x00, 0x00, 0x00, 0x00, 0x00, 0x00, 0x00, 0x00, 0x00, 0x00, 0x00, 0x00, 0x00, 0x00,
    0x00, 0x00, 0x00, 0x00, 0x00, 0x00, 0x00, 0x00, 0x00, 0x00, 0x00, 0x00, 0x00, 0x00, 0x00, 0x00, 0x00, 0x00, 0x00, 0x00,
    0x00, 0x00, 0x00, 0x00, 0x00, 0x00, 0x00, 0x00, 0x00, 0x00, 0x00, 0x00, 0x00, 0x00, 0x00, 0x00, 0x00, 0x00, 0x00, 0x00,
    0x00, 0x00, 0x00, 0x00, 0x00, 0x00, 0x00, 0x00, 0x00, 0x00, 0x00, 0x00, 0x00, 0x00, 0x00, 0x00, 0x00, 0x00, 0x00, 0x00,
    0x00, 0x00, 0x00, 0x00, 0x00, 0x00, 0x00, 0x00, 0x00, 0x00, 0x00, 0x00, 0x00, 0x00, 0x00, 0x00, 0x00, 0x00, 0x00, 0x00,
    0x00, 0x00, 0x00, 0x00, 0x00, 0x00, 0x00, 0x00, 0x00, 0x00, 0x00, 0x00, 0x00, 0x00, 0x00, 0x00, 0xe3, 0x18, 0x11, 0x84,
    0x31, 0x84, 0x24, 0x21, 0x00, 0x00, 0x41, 0x08, 0x41, 0x08, 0x21, 0x00, 0x21, 0x00, 0x41, 0x08, 0x41, 0x08, 0x41, 0x08,
    0x41, 0x08, 0x41, 0x08, 0x41, 0x08, 0x41, 0x08, 0x41, 0x08, 0x41, 0x08, 0x41, 0x08, 0x21, 0x00, 0x41, 0x08, 0x41, 0x08,
    0x41, 0x08, 0x41, 0x08, 0x41, 0x08, 0x41, 0x08, 0x41, 0x08, 0x41, 0x08, 0x41, 0x08, 0x41, 0x08, 0x41, 0x08, 0x41, 0x08,
    0x41, 0x08, 0x41, 0x08, 0xa3, 0x10, 0x25, 0x21, 0x41, 0x08, 0x41, 0x08, 0x41, 0x08, 0x41, 0x08, 0x41, 0x08, 0x41, 0x08,
    0x41, 0x08, 0x61, 0x08, 0x61, 0x08, 0x61, 0x08, 0x61, 0x08, 0x61, 0x08, 0x61, 0x08, 0x61, 0x08, 0x61, 0x08, 0x61, 0x08,
    0x61, 0x08, 0xa2, 0x10, 0xe4, 0x18, 0x82, 0x10, 0x61, 0x08, 0x82, 0x10, 0x82, 0x10, 0xa2, 0x10, 0xa3, 0x10, 0xc3, 0x18,
    0xc3, 0x18, 0xe3, 0x18, 0xe4, 0x18, 0xe4, 0x18, 0x04, 0x21, 0x04, 0x21, 0x04, 0x21, 0x04, 0x21, 0x04, 0x21, 0x04, 0x21,
    0x04, 0x21, 0x04, 0x21, 0x04, 0x21, 0x04, 0x21, 0x04, 0x21, 0x04, 0x21, 0xe4, 0x18, 0xe4, 0x18, 0xe3, 0x18, 0xc3, 0x18,
    0xc3, 0x18, 0xa3, 0x10, 0xa2, 0x10, 0x82, 0x10, 0x82, 0x10, 0x61, 0x08, 0x82, 0x10, 0xe4, 0x18, 0xa2, 0x10, 0x61, 0x08,
    0x61, 0x08, 0x61, 0x08, 0x61, 0x08, 0x61, 0x08, 0x61, 0x08, 0x61, 0x08, 0x61, 0x08, 0x61, 0x08, 0x61, 0x08, 0x41, 0x08,
    0x41, 0x08, 0x41, 0x08, 0x41, 0x08, 0x41, 0x08, 0x41, 0x08, 0x41, 0x08, 0x25, 0x21, 0xa3, 0x10, 0x41, 0x08, 0x41, 0x08,
    0x41, 0x08, 0x41, 0x08, 0x41, 0x08, 0x41, 0x08, 0x41, 0x08, 0x41, 0x08, 0x41, 0x08, 0x41, 0x08, 0x41, 0x08, 0x41, 0x08,
    0x41, 0x08, 0x41, 0x08, 0x21, 0x00, 0x41, 0x08, 0x41, 0x08, 0x41, 0x08, 0x41, 0x08, 0x41, 0x08, 0x41, 0x08, 0x41, 0x08,
    0x41, 0x08, 0x41, 0x08, 0x41, 0x08, 0x21, 0x00, 0x21, 0x00, 0x41, 0x08, 0x41, 0x08, 0x00, 0x00, 0xe3, 0x18, 0x4d, 0x6b,
    0x2d, 0x63, 0xa3, 0x10, 0x00, 0x00, 0x00, 0x00, 0x00, 0x00, 0x00, 0x00, 0x00, 0x00, 0x00, 0x00, 0x00, 0x00, 0x00, 0x00,
    0x00, 0x00, 0x00, 0x00, 0x00, 0x00, 0x00, 0x00, 0x00, 0x00, 0x00, 0x00, 0x00, 0x00, 0x00, 0x00, 0x00, 0x00, 0x00, 0x00,
    0x00, 0x00, 0x00, 0x00, 0x00, 0x00, 0x00, 0x00, 0x00, 0x00, 0x00, 0x00, 0x00, 0x00, 0x00, 0x00, 0x00, 0x00, 0x00, 0x00,
    0x00, 0x00, 0x00, 0x00, 0x00, 0x00, 0x00, 0x00, 0x00, 0x00, 0x00, 0x00, 0x00, 0x00, 0x00, 0x00, 0x00, 0x00, 0x00, 0x00,
    0x00, 0x00, 0x00, 0x00, 0x00, 0x00, 0x00, 0x00, 0x00, 0x00, 0x00, 0x00, 0x00, 0x00, 0x00, 0x00, 0x00, 0x00, 0x00, 0x00,
    0x00, 0x00, 0x00, 0x00, 0x00, 0x00, 0x00, 0x00, 0x00, 0x00, 0x00, 0x00, 0x00, 0x00, 0x00, 0x00, 0x20, 0x00, 0x6e, 0x6b,
    0x72, 0x8c, 0x08, 0x42, 0x00, 0x00, 0x41, 0x08, 0x21, 0x00, 0x41, 0x08, 0x41, 0x08, 0x41, 0x08, 0x41, 0x08, 0x41, 0x08,
    0x41, 0x08, 0x41, 0x08, 0x41, 0x08, 0x41, 0x08, 0x41, 0x08, 0x41, 0x08, 0x41, 0x08, 0x21, 0x00, 0x21, 0x00, 0x41, 0x08,
    0x41, 0x08, 0x41, 0x08, 0x41, 0x08, 0x41, 0x08, 0x41, 0x08, 0x41, 0x08, 0x41, 0x08, 0x41, 0x08, 0x41, 0x08, 0x41, 0x08,
    0x41, 0x08, 0x41, 0x08, 0x41, 0x08, 0x25, 0x21, 0xa3, 0x10, 0x41, 0x08, 0x41, 0x08, 0x41, 0x08, 0x41, 0x08, 0x41, 0x08,
    0x41, 0x08, 0x41, 0x08, 0x61, 0x08, 0x61, 0x08, 0x61, 0x08, 0x61, 0x08, 0x61, 0x08, 0x61, 0x08, 0x61, 0x08, 0x61, 0x08,
    0x61, 0x08, 0x61, 0x08, 0x82, 0x10, 0xe4, 0x18, 0x82, 0x10, 0x41, 0x08, 0x62, 0x08, 0x82, 0x10, 0x82, 0x10, 0xa2, 0x10,
    0xa3, 0x10, 0xc3, 0x18, 0xc3, 0x18, 0xc3, 0x18, 0xe3, 0x18, 0xe4, 0x18, 0xe4, 0x18, 0xe4, 0x18, 0xe4, 0x18, 0xe4, 0x18,
    0xe4, 0x18, 0xe4, 0x18, 0xe4, 0x18, 0xe4, 0x18, 0xe4, 0x18, 0xe3, 0x18, 0xc3, 0x18, 0xc3, 0x18, 0xc3, 0x18, 0xa3, 0x10,
    0xa2, 0x10, 0x82, 0x10, 0x82, 0x10, 0x62, 0x08, 0x41, 0x08, 0x82, 0x10, 0xe4, 0x18, 0x82, 0x10, 0x61, 0x08, 0x61, 0x08,
    0x61, 0x08, 0x61, 0x08, 0x61, 0x08, 0x61, 0x08, 0x61, 0x08, 0x61, 0x08, 0x61, 0x08, 0x61, 0x08, 0x41, 0x08, 0x41, 0x08,
    0x41, 0x08, 0x41, 0x08, 0x41, 0x08, 0x41, 0x08, 0x41, 0x08, 0xa3, 0x10, 0x25, 0x21, 0x41, 0x08, 0x41, 0x08, 0x41, 0x08,
    0x41, 0x08, 0x41, 0x08, 0x41, 0x08, 0x41, 0x08, 0x41, 0x08, 0x41, 0x08, 0x41, 0x08, 0x41, 0x08, 0x41, 0x08, 0x41, 0x08,
    0x41, 0x08, 0x21, 0x00, 0x21, 0x00, 0x41, 0x08, 0x41, 0x08, 0x41, 0x08, 0x41, 0x08, 0x41, 0x08, 0x41, 0x08, 0x41, 0x08,
    0x41, 0x08, 0x41, 0x08, 0x41, 0x08, 0x41, 0x08, 0x41, 0x08, 0x21, 0x00, 0x41, 0x08, 0x00, 0x00, 0xa6, 0x31, 0x8e, 0x73,
    0xab, 0x52, 0x20, 0x00, 0x00, 0x00, 0x00, 0x00, 0x00, 0x00, 0x00, 0x00, 0x00, 0x00, 0x00, 0x00, 0x00, 0x00, 0x00, 0x00,
    0x00, 0x00, 0x00, 0x00, 0x00, 0x00, 0x00, 0x00, 0x00, 0x00, 0x00, 0x00, 0x00, 0x00, 0x00, 0x00, 0x00, 0x00, 0x00, 0x00,
    0x00, 0x00, 0x00, 0x00, 0x00, 0x00, 0x00, 0x00, 0x00, 0x00, 0x00, 0x00, 0x00, 0x00, 0x00, 0x00, 0x00, 0x00, 0x00, 0x00,
    0x00, 0x00, 0x00, 0x00, 0x00, 0x00, 0x00, 0x00, 0x00, 0x00, 0x00, 0x00, 0x00, 0x00, 0x00, 0x00, 0x00, 0x00, 0x00, 0x00,
    0x00, 0x00, 0x00, 0x00, 0x00, 0x00, 0x00, 0x00, 0x00, 0x00, 0x00, 0x00, 0x00, 0x00, 0x00, 0x00, 0x00, 0x00, 0x00, 0x00,
    0x00, 0x00, 0x00, 0x00, 0x00, 0x00, 0x00, 0x00, 0x00, 0x00, 0x00, 0x00, 0x00, 0x00, 0x00, 0x00, 0x00, 0x00, 0x6a, 0x4a,
    0x72, 0x8c, 0x0c, 0x63, 0x20, 0x00, 0x21, 0x00, 0x21, 0x00, 0x41, 0x08, 0x41, 0x08, 0x41, 0x08, 0x41, 0x08, 0x41, 0x08,
    0x41, 0x08, 0x41, 0x08, 0x41, 0x08, 0x41, 0x08, 0x41, 0x08, 0x41, 0x08, 0x41, 0x08, 0x21, 0x00, 0x21, 0x00, 0x41, 0x08,
    0x41, 0x08, 0x41, 0x08, 0x41, 0x08, 0x41, 0x08, 0x41, 0x08, 0x41, 0x08, 0x41, 0x08, 0x41, 0x08, 0x41, 0x08, 0x41, 0x08,
    0x41, 0x08, 0x41, 0x08, 0x41, 0x08, 0xa2, 0x10, 0x25, 0x21, 0x41, 0x08, 0x41, 0x08, 0x41, 0x08, 0x41, 0x08, 0x41, 0x08,
    0x41, 0x08, 0x41, 0x08, 0x61, 0x08, 0x61, 0x08, 0x61, 0x08, 0x61, 0x08, 0x61, 0x08, 0x61, 0x08, 0x61, 0x08, 0x61, 0x08,
    0x61, 0x08, 0x61, 0x08, 0x61, 0x08, 0x82, 0x10, 0xe4, 0x18, 0xc3, 0x18, 0x61, 0x08, 0x61, 0x08, 0x82, 0x10, 0x82, 0x10,
    0x82, 0x10, 0xa2, 0x10, 0xa3, 0x10, 0xa3, 0x10, 0xc3, 0x18, 0xc3, 0x18, 0xc3, 0x18, 0xc3, 0x18, 0xc3, 0x18, 0xc3, 0x18,
    0xc3, 0x18, 0xc3, 0x18, 0xc3, 0x18, 0xc3, 0x18, 0xc3, 0x18, 0xc3, 0x18, 0xa3, 0x10, 0xa3, 0x10, 0xa2, 0x10, 0x82, 0x10,
    0x82, 0x10, 0x82, 0x10, 0x61, 0x08, 0x61, 0x08, 0xc3, 0x18, 0xe4, 0x18, 0x82, 0x10, 0x61, 0x08, 0x61, 0x08, 0x61, 0x08,
    0x61, 0x08, 0x61, 0x08, 0x61, 0x08, 0x61, 0x08, 0x61, 0x08, 0x61, 0x08, 0x61, 0x08, 0x61, 0x08, 0x41, 0x08, 0x41, 0x08,
    0x41, 0x08, 0x41, 0x08, 0x41, 0x08, 0x41, 0x08, 0x41, 0x08, 0x25, 0x21, 0xa2, 0x10, 0x41, 0x08, 0x41, 0x08, 0x41, 0x08,
    0x41, 0x08, 0x41, 0x08, 0x41, 0x08, 0x41, 0x08, 0x41, 0x08, 0x41, 0x08, 0x41, 0x08, 0x41, 0x08, 0x41, 0x08, 0x41, 0x08,
    0x41, 0x08, 0x21, 0x00, 0x21, 0x00, 0x41, 0x08, 0x41, 0x08, 0x41, 0x08, 0x21, 0x00, 0x21, 0x00, 0x41, 0x08, 0x41, 0x08,
    0x41, 0x08, 0x41, 0x08, 0x41, 0x08, 0x41, 0x08, 0x41, 0x08, 0x21, 0x00, 0x21, 0x00, 0x00, 0x00, 0x6a, 0x4a, 0x8f, 0x73,
    0xe8, 0x39, 0x00, 0x00, 0x00, 0x00, 0x00, 0x00, 0x00, 0x00, 0x00, 0x00, 0x00, 0x00, 0x00, 0x00, 0x00, 0x00, 0x00, 0x00,
    0x00, 0x00, 0x00, 0x00, 0x00, 0x00, 0x00, 0x00, 0x00, 0x00, 0x00, 0x00, 0x00, 0x00, 0x00, 0x00, 0x00, 0x00, 0x00, 0x00,
    0x00, 0x00, 0x00, 0x00, 0x00, 0x00, 0x00, 0x00, 0x00, 0x00, 0x00, 0x00, 0x00, 0x00, 0x00, 0x00, 0x00, 0x00, 0x00, 0x00,
    0x00, 0x00, 0x00, 0x00, 0x00, 0x00, 0x00, 0x00, 0x00, 0x00, 0x00, 0x00, 0x00, 0x00, 0x00, 0x00, 0x00, 0x00, 0x00, 0x00,
    0x00, 0x00, 0x00, 0x00, 0x00, 0x00, 0x00, 0x00, 0x00, 0x00, 0x00, 0x00, 0x00, 0x00, 0x00, 0x00, 0x00, 0x00, 0x00, 0x00,
    0x00, 0x00, 0x00, 0x00, 0x00, 0x00, 0x00, 0x00, 0x00, 0x00, 0x00, 0x00, 0x00, 0x00, 0x00, 0x00, 0x00, 0x00, 0x65, 0x29,
    0x31, 0x84, 0xcf, 0x7b, 0xa3, 0x10, 0x00, 0x00, 0x41, 0x08, 0x41, 0x08, 0x41, 0x08, 0x41, 0x08, 0x41, 0x08, 0x41, 0x08,
    0x41, 0x08, 0x41, 0x08, 0x41, 0x08, 0x41, 0x08, 0x41, 0x08, 0x41, 0x08, 0x21, 0x00, 0x21, 0x00, 0x21, 0x00, 0x41, 0x08,
    0x41, 0x08, 0x41, 0x08, 0x41, 0x08, 0x41, 0x08, 0x41, 0x08, 0x41, 0x08, 0x41, 0x08, 0x41, 0x08, 0x41, 0x08, 0x41, 0x08,
    0x41, 0x08, 0x41, 0x08, 0x41, 0x08, 0x41, 0x08, 0x04, 0x21, 0xc3, 0x18, 0x41, 0x08, 0x41, 0x08, 0x41, 0x08, 0x41, 0x08,
    0x41, 0x08, 0x41, 0x08, 0x41, 0x08, 0x61, 0x08, 0x61, 0x08, 0x61, 0x08, 0x61, 0x08, 0x61, 0x08, 0x61, 0x08, 0x61, 0x08,
    0x61, 0x08, 0x61, 0x08, 0x61, 0x08, 0x61, 0x08, 0x61, 0x08, 0xc3, 0x18, 0xe4, 0x18, 0x82, 0x10, 0x61, 0x08, 0x61, 0x08,
    0x62, 0x08, 0x82, 0x10, 0x82, 0x10, 0xa2, 0x10, 0xa2, 0x10, 0xa3, 0x10, 0xa3, 0x10, 0xa3, 0x10, 0xa3, 0x10, 0xa3, 0x10,
    0xa3, 0x10, 0xa3, 0x10, 0xa3, 0x10, 0xa3, 0x10, 0xa3, 0x10, 0xa2, 0x10, 0xa2, 0x10, 0x82, 0x10, 0x82, 0x10, 0x62, 0x08,
    0x61, 0x08, 0x61, 0x08, 0x82, 0x10, 0xe4, 0x18, 0xc3, 0x18, 0x61, 0x08, 0x61, 0x08, 0x61, 0x08, 0x61, 0x08, 0x61, 0x08,
    0x61, 0x08, 0x61, 0x08, 0x61, 0x08, 0x61, 0x08, 0x61, 0x08, 0x61, 0x08, 0x61, 0x08, 0x41, 0x08, 0x41, 0x08, 0x41, 0x08,
    0x41, 0x08, 0x41, 0x08, 0x41, 0x08, 0x41, 0x08, 0xc3, 0x18, 0x04, 0x21, 0x41, 0x08, 0x41, 0x08, 0x41, 0x08, 0x41, 0x08,
    0x41, 0x08, 0x41, 0x08, 0x41, 0x08, 0x41, 0x08, 0x41, 0x08, 0x41, 0x08, 0x41, 0x08, 0x41, 0x08, 0x41, 0x08, 0x41, 0x08,
    0x41, 0x08, 0x21, 0x00, 0x21, 0x00, 0x21, 0x00, 0x41, 0x08, 0x21, 0x00, 0x61, 0x08, 0x41, 0x08, 0x00, 0x00, 0x00, 0x00,
    0x41, 0x08, 0x41, 0x08, 0x41, 0x08, 0x41, 0x08, 0x41, 0x08, 0x21, 0x00, 0x00, 0x00, 0x82, 0x10, 0x0d, 0x63, 0x6e, 0x6b,
    0x24, 0x21, 0x00, 0x00, 0x00, 0x00, 0x00, 0x00, 0x00, 0x00, 0x00, 0x00, 0x00, 0x00, 0x00, 0x00, 0x00, 0x00, 0x00, 0x00,
    0x00, 0x00, 0x00, 0x00, 0x00, 0x00, 0x00, 0x00, 0x00, 0x00, 0x00, 0x00, 0x00, 0x00, 0x00, 0x00, 0x00, 0x00, 0x00, 0x00,
    0x00, 0x00, 0x00, 0x00, 0x00, 0x00, 0x00, 0x00, 0x00, 0x00, 0x00, 0x00, 0x00, 0x00, 0x00, 0x00, 0x00, 0x00, 0x00, 0x00,
    0x00, 0x00, 0x00, 0x00, 0x00, 0x00, 0x00, 0x00, 0x00, 0x00, 0x00, 0x00, 0x00, 0x00, 0x00, 0x00, 0x00, 0x00, 0x00, 0x00,
    0x00, 0x00, 0x00, 0x00, 0x00, 0x00, 0x00, 0x00, 0x00, 0x00, 0x00, 0x00, 0x00, 0x00, 0x00, 0x00, 0x00, 0x00, 0x00, 0x00,
    0x00, 0x00, 0x00, 0x00, 0x00, 0x00, 0x00, 0x00, 0x00, 0x00, 0x00, 0x00, 0x00, 0x00, 0x00, 0x00, 0x00, 0x00, 0x61, 0x08,
    0x8e, 0x73, 0x31, 0x84, 0xc7, 0x39, 0x00, 0x00, 0x41, 0x08, 0x21, 0x00, 0x41, 0x08, 0x41, 0x08, 0x41, 0x08, 0x41, 0x08,
    0x41, 0x08, 0x21, 0x00, 0x21, 0x00, 0x41, 0x08, 0x41, 0x08, 0x41, 0x08, 0x21, 0x00, 0x21, 0x00, 0x21, 0x00, 0x21, 0x00,
    0x41, 0x08, 0x41, 0x08, 0x41, 0x08, 0x41, 0x08, 0x41, 0x08, 0x41, 0x08, 0x41, 0x08, 0x41, 0x08, 0x41, 0x08, 0x41, 0x08,
    0x41, 0x08, 0x41, 0x08, 0x41, 0x08, 0x41, 0x08, 0x62, 0x08, 0x45, 0x29, 0x62, 0x08, 0x41, 0x08, 0x41, 0x08, 0x41, 0x08,
    0x41, 0x08, 0x41, 0x08, 0x41, 0x08, 0x41, 0x08, 0x61, 0x08, 0x61, 0x08, 0x61, 0x08, 0x61, 0x08, 0x61, 0x08, 0x61, 0x08,
    0x61, 0x08, 0x61, 0x08, 0x61, 0x08, 0x61, 0x08, 0x61, 0x08, 0x41, 0x08, 0x82, 0x10, 0xe3, 0x18, 0xc3, 0x18, 0x82, 0x10,
    0x61, 0x08, 0x61, 0x08, 0x62, 0x08, 0x82, 0x10, 0x82, 0x10, 0x82, 0x10, 0x82, 0x10, 0x82, 0x10, 0x82, 0x10, 0xa2, 0x10,
    0xa2, 0x10, 0x82, 0x10, 0x82, 0x10, 0x82, 0x10, 0x82, 0x10, 0x82, 0x10, 0x82, 0x10, 0x62, 0x08, 0x61, 0x08, 0x61, 0x08,
    0x82, 0x10, 0xc3, 0x18, 0xe3, 0x18, 0x82, 0x10, 0x41, 0x08, 0x61, 0x08, 0x61, 0x08, 0x61, 0x08, 0x61, 0x08, 0x61, 0x08,
    0x61, 0x08, 0x61, 0x08, 0x61, 0x08, 0x61, 0x08, 0x61, 0x08, 0x61, 0x08, 0x41, 0x08, 0x41, 0x08, 0x41, 0x08, 0x41, 0x08,
    0x41, 0x08, 0x41, 0x08, 0x41, 0x08, 0x62, 0x08, 0x45, 0x29, 0x62, 0x08, 0x41, 0x08, 0x41, 0x08, 0x41, 0x08, 0x41, 0x08,
    0x41, 0x08, 0x41, 0x08, 0x41, 0x08, 0x41, 0x08, 0x41, 0x08, 0x41, 0x08, 0x41, 0x08, 0x41, 0x08, 0x41, 0x08, 0x41, 0x08,
    0x21, 0x00, 0x21, 0x00, 0x21, 0x00, 0x21, 0x00, 0x41, 0x08, 0x20, 0x00, 0xe3, 0x18, 0x10, 0x84, 0x2d, 0x63, 0x24, 0x21,
    0x00, 0x00, 0x00, 0x00, 0x21, 0x00, 0x41, 0x08, 0x21, 0x00, 0x41, 0x08, 0x00, 0x00, 0x66, 0x29, 0x6e, 0x6b, 0xec, 0x5a,
    0x41, 0x08, 0x00, 0x00, 0x00, 0x00, 0x00, 0x00, 0x00, 0x00, 0x00, 0x00, 0x00, 0x00, 0x00, 0x00, 0x00, 0x00, 0x00, 0x00,
    0x00, 0x00, 0x00, 0x00, 0x00, 0x00, 0x00, 0x00, 0x00, 0x00, 0x00, 0x00, 0x00, 0x00, 0x00, 0x00, 0x00, 0x00, 0x00, 0x00,
    0x00, 0x00, 0x00, 0x00, 0x00, 0x00, 0x00, 0x00, 0x00, 0x00, 0x00, 0x00, 0x00, 0x00, 0x00, 0x00, 0x00, 0x00, 0x00, 0x00,
    0x00, 0x00, 0x00, 0x00, 0x00, 0x00, 0x00, 0x00, 0x00, 0x00, 0x00, 0x00, 0x00, 0x00, 0x00, 0x00, 0x00, 0x00, 0x00, 0x00,
    0x00, 0x00, 0x00, 0x00, 0x00, 0x00, 0x00, 0x00, 0x00, 0x00, 0x00, 0x00, 0x00, 0x00, 0x00, 0x00, 0x00, 0x00, 0x00, 0x00,
    0x00, 0x00, 0x00, 0x00, 0x00, 0x00, 0x00, 0x00, 0x00, 0x00, 0x00, 0x00, 0x00, 0x00, 0x00, 0x00, 0x00, 0x00, 0x00, 0x00,
    0x8a, 0x52, 0x51, 0x8c, 0xec, 0x5a, 0x00, 0x00, 0x21, 0x00, 0x21, 0x00, 0x41, 0x08, 0x41, 0x08, 0x41, 0x08, 0x21, 0x00,
    0x21, 0x00, 0x61, 0x08, 0x41, 0x08, 0x41, 0x08, 0x41, 0x08, 0x41, 0x08, 0x21, 0x00, 0x21, 0x00, 0x21, 0x00, 0x21, 0x00,
    0x41, 0x08, 0x41, 0x08, 0x41, 0x08, 0x41, 0x08, 0x41, 0x08, 0x41, 0x08, 0x41, 0x08, 0x41, 0x08, 0x41, 0x08, 0x41, 0x08,
    0x41, 0x08, 0x41, 0x08, 0x41, 0x08, 0x41, 0x08, 0x21, 0x00, 0xc3, 0x18, 0x25, 0x21, 0x41, 0x08, 0x41, 0x08, 0x41, 0x08,
    0x41, 0x08, 0x41, 0x08, 0x41, 0x08, 0x41, 0x08, 0x41, 0x08, 0x61, 0x08, 0x61, 0x08, 0x61, 0x08, 0x61, 0x08, 0x61, 0x08,
    0x61, 0x08, 0x61, 0x08, 0x61, 0x08, 0x61, 0x08, 0x61, 0x08, 0x61, 0x08, 0x61, 0x08, 0x61, 0x08, 0xa2, 0x10, 0xe3, 0x18,
    0xe3, 0x18, 0xa3, 0x10, 0x62, 0x08, 0x61, 0x08, 0x61, 0x08, 0x61, 0x08, 0x61, 0x08, 0x62, 0x08, 0x62, 0x08, 0x62, 0x08,
    0x62, 0x08, 0x62, 0x08, 0x62, 0x08, 0x61, 0x08, 0x61, 0x08, 0x61, 0x08, 0x61, 0x08, 0x62, 0x08, 0xa3, 0x10, 0xe3, 0x18,
    0xe3, 0x18, 0xa2, 0x10, 0x61, 0x08, 0x61, 0x08, 0x61, 0x08, 0x61, 0x08, 0x61, 0x08, 0x61, 0x08, 0x61, 0x08, 0x61, 0x08,
    0x61, 0x08, 0x61, 0x08, 0x61, 0x08, 0x61, 0x08, 0x61, 0x08, 0x41, 0x08, 0x41, 0x08, 0x41, 0x08, 0x41, 0x08, 0x41, 0x08,
    0x41, 0x08, 0x41, 0x08, 0x41, 0x08, 0x25, 0x21, 0xc3, 0x18, 0x21, 0x00, 0x41, 0x08, 0x41, 0x08, 0x41, 0x08, 0x41, 0x08,
    0x41, 0x08, 0x41, 0x08, 0x41, 0x08, 0x41, 0x08, 0x41, 0x08, 0x41, 0x08, 0x41, 0x08, 0x41, 0x08, 0x41, 0x08, 0x41, 0x08,
    0x21, 0x00, 0x21, 0x00, 0x21, 0x00, 0x21, 0x00, 0x41, 0x08, 0x41, 0x08, 0x20, 0x00, 0xe3, 0x18, 0xec, 0x5a, 0x51, 0x8c,
    0x30, 0x84, 0x49, 0x4a, 0x62, 0x08, 0x00, 0x00, 0x41, 0x08, 0x21, 0x00, 0x00, 0x00, 0x6a, 0x4a, 0x8f, 0x73, 0x29, 0x42,
    0x00, 0x00, 0x00, 0x00, 0x00, 0x00, 0x00, 0x00, 0x00, 0x00, 0x00, 0x00, 0x00, 0x00, 0x00, 0x00, 0x00, 0x00, 0x00, 0x00,
    0x00, 0x00, 0x00, 0x00, 0x00, 0x00, 0x00, 0x00, 0x00, 0x00, 0x00, 0x00, 0x00, 0x00, 0x00, 0x00, 0x00, 0x00, 0x00, 0x00,
    0x00, 0x00, 0x00, 0x00, 0x00, 0x00, 0x00, 0x00, 0x00, 0x00, 0x00, 0x00, 0x00, 0x00, 0x00, 0x00, 0x00, 0x00, 0x00, 0x00,
    0x00, 0x00, 0x00, 0x00, 0x00, 0x00, 0x00, 0x00, 0x00, 0x00, 0x00, 0x00, 0x00, 0x00, 0x00, 0x00, 0x00, 0x00, 0x00, 0x00,
    0x00, 0x00, 0x00, 0x00, 0x00, 0x00, 0x00, 0x00, 0x00, 0x00, 0x00, 0x00, 0x00, 0x00, 0x00, 0x00, 0x00, 0x00, 0x00, 0x00,
    0x00, 0x00, 0x00, 0x00, 0x00, 0x00, 0x00, 0x00, 0x00, 0x00, 0x00, 0x00, 0x00, 0x00, 0x00, 0x00, 0x00, 0x00, 0x00, 0x00,
    0x65, 0x29, 0x10, 0x84, 0xaf, 0x73, 0xc3, 0x18, 0x00, 0x00, 0x41, 0x08, 0x41, 0x08, 0x21, 0x00, 0x41, 0x08, 0x82, 0x10,
    0xc3, 0x18, 0xa3, 0x10, 0x41, 0x08, 0x41, 0x08, 0x41, 0x08, 0x41, 0x08, 0x21, 0x00, 0x21, 0x00, 0x21, 0x00, 0x21, 0x00,
    0x21, 0x00, 0x41, 0x08, 0x41, 0x08, 0x41, 0x08, 0x41, 0x08, 0x41, 0x08, 0x41, 0x08, 0x41, 0x08, 0x41, 0x08, 0x41, 0x08,
    0x41, 0x08, 0x41, 0x08, 0x41, 0x08, 0x41, 0x08, 0x41, 0x08, 0x41, 0x08, 0x04, 0x21, 0xe4, 0x18, 0x41, 0x08, 0x41, 0x08,
    0x41, 0x08, 0x41, 0x08, 0x41, 0x08, 0x41, 0x08, 0x41, 0x08, 0x41, 0x08, 0x61, 0x08, 0x61, 0x08, 0x61, 0x08, 0x61, 0x08,
    0x61, 0x08, 0x61, 0x08, 0x61, 0x08, 0x61, 0x08, 0x61, 0x08, 0x61, 0x08, 0x61, 0x08, 0x61, 0x08, 0x61, 0x08, 0x61, 0x08,
    0x82, 0x10, 0xc3, 0x18, 0xe3, 0x18, 0xc3, 0x18, 0xc3, 0x18, 0xa2, 0x10, 0x82, 0x10, 0x62, 0x08, 0x62, 0x08, 0x62, 0x08,
    0x62, 0x08, 0x62, 0x08, 0x62, 0x08, 0x82, 0x10, 0xa2, 0x10, 0xc3, 0x18, 0xc3, 0x18, 0xe3, 0x18, 0xc3, 0x18, 0x82, 0x10,
    0x61, 0x08, 0x61, 0x08, 0x61, 0x08, 0x61, 0x08, 0x61, 0x08, 0x61, 0x08, 0x61, 0x08, 0x61, 0x08, 0x61, 0x08, 0x61, 0x08,
    0x61, 0x08, 0x61, 0x08, 0x61, 0x08, 0x61, 0x08, 0x41, 0x08, 0x41, 0x08, 0x41, 0x08, 0x41, 0x08, 0x41, 0x08, 0x41, 0x08,
    0x41, 0x08, 0x41, 0x08, 0xe4, 0x18, 0x04, 0x21, 0x41, 0x08, 0x41, 0x08, 0x41, 0x08, 0x41, 0x08, 0x41, 0x08, 0x41, 0x08,
    0x41, 0x08, 0x41, 0x08, 0x41, 0x08, 0x41, 0x08, 0x41, 0x08, 0x41, 0x08, 0x41, 0x08, 0x41, 0x08, 0x41, 0x08, 0x21, 0x00,
    0x21, 0x00, 0x21, 0x00, 0x21, 0x00, 0x21, 0x00, 0x41, 0x08, 0x41, 0x08, 0x41, 0x08, 0x21, 0x00, 0x21, 0x00, 0x82, 0x10,
    0xe8, 0x39, 0xcf, 0x7b, 0xd3, 0x9c, 0xc7, 0x39, 0x00, 0x00, 0x00, 0x00, 0xa2, 0x10, 0x2d, 0x63, 0x4e, 0x6b, 0x24, 0x21,
    0x00, 0x00, 0x00, 0x00, 0x00, 0x00, 0x00, 0x00, 0x00, 0x00, 0x00, 0x00, 0x00, 0x00, 0x00, 0x00, 0x00, 0x00, 0x00, 0x00,
    0x00, 0x00, 0x00, 0x00, 0x00, 0x00, 0x00, 0x00, 0x00, 0x00, 0x00, 0x00, 0x00, 0x00, 0x00, 0x00, 0x00, 0x00, 0x00, 0x00,
    0x00, 0x00, 0x00, 0x00, 0x00, 0x00, 0x00, 0x00, 0x00, 0x00, 0x00, 0x00, 0x00, 0x00, 0x00, 0x00, 0x00, 0x00, 0x00, 0x00,
    0x00, 0x00, 0x00, 0x00, 0x00, 0x00, 0x00, 0x00, 0x00, 0x00, 0x00, 0x00, 0x00, 0x00, 0x00, 0x00, 0x00, 0x00, 0x00, 0x00,
    0x00, 0x00, 0x00, 0x00, 0x00, 0x00, 0x00, 0x00, 0x00, 0x00, 0x00, 0x00, 0x00, 0x00, 0x00, 0x00, 0x00, 0x00, 0x00, 0x00,
    0x00, 0x00, 0x00, 0x00, 0x00, 0x00, 0x00, 0x00, 0x00, 0x00, 0x00, 0x00, 0x00, 0x00, 0x00, 0x00, 0x00, 0x00, 0x00, 0x00,
    0x41, 0x08, 0x6e, 0x6b, 0x31, 0x84, 0xe8, 0x39, 0x00, 0x00, 0x41, 0x08, 0x21, 0x00, 0x61, 0x08, 0xc3, 0x18, 0xa2, 0x10,
    0x41, 0x08, 0x21, 0x00, 0x21, 0x00, 0x41, 0x08, 0x41, 0x08, 0x21, 0x00, 0x21, 0x00, 0x21, 0x00, 0x21, 0x00, 0x21, 0x00,
    0x21, 0x00, 0x41, 0x08, 0x41, 0x08, 0x41, 0x08, 0x41, 0x08, 0x41, 0x08, 0x41, 0x08, 0x41, 0x08, 0x41, 0x08, 0x41, 0x08,
    0x41, 0x08, 0x41, 0x08, 0x41, 0x08, 0x41, 0x08, 0x41, 0x08, 0x41, 0x08, 0x61, 0x08, 0x45, 0x29, 0xa3, 0x10, 0x41, 0x08,
    0x41, 0x08, 0x41, 0x08, 0x41, 0x08, 0x41, 0x08, 0x41, 0x08, 0x41, 0x08, 0x41, 0x08, 0x61, 0x08, 0x61, 0x08, 0x61, 0x08,
    0x61, 0x08, 0x61, 0x08, 0x61, 0x08, 0x61, 0x08, 0x61, 0x08, 0x61, 0x08, 0x61, 0x08, 0x61, 0x08, 0x61, 0x08, 0x61, 0x08,
    0x61, 0x08, 0x61, 0x08, 0x62, 0x08, 0x82, 0x10, 0xa3, 0x10, 0xc3, 0x18, 0xc3, 0x18, 0xe3, 0x18, 0xe3, 0x18, 0xe3, 0x18,
    0xe3, 0x18, 0xe3, 0x18, 0xe3, 0x18, 0xc3, 0x18, 0xc3, 0x18, 0xa3, 0x10, 0x82, 0x10, 0x62, 0x08, 0x61, 0x08, 0x61, 0x08,
    0x61, 0x08, 0x61, 0x08, 0x61, 0x08, 0x61, 0x08, 0x61, 0x08, 0x61, 0x08, 0x61, 0x08, 0x61, 0x08, 0x61, 0x08, 0x61, 0x08,
    0x61, 0x08, 0x61, 0x08, 0x61, 0x08, 0x41, 0x08, 0x41, 0x08, 0x41, 0x08, 0x41, 0x08, 0x41, 0x08, 0x41, 0x08, 0x41, 0x08,
    0x41, 0x08, 0xa3, 0x10, 0x45, 0x29, 0x61, 0x08, 0x41, 0x08, 0x41, 0x08, 0x41, 0x08, 0x41, 0x08, 0x41, 0x08, 0x41, 0x08,
    0x41, 0x08, 0x41, 0x08, 0x41, 0x08, 0x41, 0x08, 0x41, 0x08, 0x41, 0x08, 0x41, 0x08, 0x41, 0x08, 0x41, 0x08, 0x21, 0x00,
    0x21, 0x00, 0x21, 0x00, 0x21, 0x00, 0x21, 0x00, 0x21, 0x00, 0x41, 0x08, 0x41, 0x08, 0x41, 0x08, 0x41, 0x08, 0x41, 0x08,
    0x41, 0x08, 0x41, 0x08, 0xe4, 0x18, 0xe3, 0x18, 0x20, 0x00, 0x00, 0x00, 0xa6, 0x31, 0x6e, 0x6b, 0xcc, 0x5a, 0x41, 0x08,
    0x00, 0x00, 0x00, 0x00, 0x00, 0x00, 0x00, 0x00, 0x00, 0x00, 0x00, 0x00, 0x00, 0x00, 0x00, 0x00, 0x00, 0x00, 0x00, 0x00,
    0x00, 0x00, 0x00, 0x00, 0x00, 0x00, 0x00, 0x00, 0x00, 0x00, 0x00, 0x00, 0x00, 0x00, 0x00, 0x00, 0x00, 0x00, 0x00, 0x00,
    0x00, 0x00, 0x00, 0x00, 0x00, 0x00, 0x00, 0x00, 0x00, 0x00, 0x00, 0x00, 0x00, 0x00, 0x00, 0x00, 0x00, 0x00, 0x00, 0x00,
    0x00, 0x00, 0x00, 0x00, 0x00, 0x00, 0x00, 0x00, 0x00, 0x00, 0x00, 0x00, 0x00, 0x00, 0x00, 0x00, 0x00, 0x00, 0x00, 0x00,
    0x00, 0x00, 0x00, 0x00, 0x00, 0x00, 0x00, 0x00, 0x00, 0x00, 0x00, 0x00, 0x00, 0x00, 0x00, 0x00, 0x00, 0x00, 0x00, 0x00,
    0x00, 0x00, 0x00, 0x00, 0x00, 0x00, 0x00, 0x00, 0x00, 0x00, 0x00, 0x00, 0x00, 0x00, 0x00, 0x00, 0x00, 0x00, 0x00, 0x00,
    0x00, 0x00, 0x29, 0x42, 0x11, 0x84, 0x2d, 0x63, 0x41, 0x08, 0x20, 0x00, 0x21, 0x00, 0x41, 0x08, 0x41, 0x08, 0x20, 0x00,
    0x21, 0x00, 0x41, 0x08, 0x41, 0x08, 0x41, 0x08, 0x41, 0x08, 0x21, 0x00, 0x21, 0x00, 0x21, 0x00, 0x21, 0x00, 0x21, 0x00,
    0x21, 0x00, 0x21, 0x00, 0x41, 0x08, 0x41, 0x08, 0x41, 0x08, 0x41, 0x08, 0x41, 0x08, 0x41, 0x08, 0x41, 0x08, 0x41, 0x08,
    0x41, 0x08, 0x41, 0x08, 0x41, 0x08, 0x41, 0x08, 0x41, 0x08, 0x41, 0x08, 0x41, 0x08, 0x82, 0x10, 0x45, 0x29, 0x82, 0x10,
    0x41, 0x08, 0x41, 0x08, 0x41, 0x08, 0x41, 0x08, 0x41, 0x08, 0x41, 0x08, 0x41, 0x08, 0x41, 0x08, 0x61, 0x08, 0x61, 0x08,
    0x61, 0x08, 0x61, 0x08, 0x61, 0x08, 0x61, 0x08, 0x61, 0x08, 0x61, 0x08, 0x61, 0x08, 0x61, 0x08, 0x61, 0x08, 0x61, 0x08,
    0x61, 0x08, 0x61, 0x08, 0x61, 0x08, 0x61, 0x08, 0x41, 0x08, 0x61, 0x08, 0x61, 0x08, 0x62, 0x08, 0x62, 0x08, 0x62, 0x08,
    0x62, 0x08, 0x62, 0x08, 0x62, 0x08, 0x61, 0x08, 0x61, 0x08, 0x41, 0x08, 0x61, 0x08, 0x61, 0x08, 0x61, 0x08, 0x61, 0x08,
    0x61, 0x08, 0x61, 0x08, 0x61, 0x08, 0x61, 0x08, 0x61, 0x08, 0x61, 0x08, 0x61, 0x08, 0x61, 0x08, 0x61, 0x08, 0x61, 0x08,
    0x61, 0x08, 0x61, 0x08, 0x41, 0x08, 0x41, 0x08, 0x41, 0x08, 0x41, 0x08, 0x41, 0x08, 0x41, 0x08, 0x41, 0x08, 0x41, 0x08,
    0x82, 0x10, 0x45, 0x29, 0x82, 0x10, 0x41, 0x08, 0x41, 0x08, 0x41, 0x08, 0x41, 0x08, 0x41, 0x08, 0x41, 0x08, 0x41, 0x08,
    0x41, 0x08, 0x41, 0x08, 0x41, 0x08, 0x41, 0x08, 0x41, 0x08, 0x41, 0x08, 0x41, 0x08, 0x41, 0x08, 0x21, 0x00, 0x21, 0x00,
    0x21, 0x00, 0x21, 0x00, 0x21, 0x00, 0x21, 0x00, 0x21, 0x00, 0x41, 0x08, 0x41, 0x08, 0x41, 0x08, 0x41, 0x08, 0x21, 0x00,
    0x21, 0x00, 0x41, 0x08, 0x20, 0x00, 0x00, 0x00, 0x20, 0x00, 0x21, 0x00, 0xab, 0x52, 0x8e, 0x73, 0xe8, 0x39, 0x00, 0x00,
    0x00, 0x00, 0x00, 0x00, 0x00, 0x00, 0x00, 0x00, 0x00, 0x00, 0x00, 0x00, 0x00, 0x00, 0x00, 0x00, 0x00, 0x00, 0x00, 0x00,
    0x00, 0x00, 0x00, 0x00, 0x00, 0x00, 0x00, 0x00, 0x00, 0x00, 0x00, 0x00, 0x00, 0x00, 0x00, 0x00, 0x00, 0x00, 0x00, 0x00,
    0x00, 0x00, 0x00, 0x00, 0x00, 0x00, 0x00, 0x00, 0x00, 0x00, 0x00, 0x00, 0x00, 0x00, 0x00, 0x00, 0x00, 0x00, 0x00, 0x00,
    0x00, 0x00, 0x00, 0x00, 0x00, 0x00, 0x00, 0x00, 0x00, 0x00, 0x00, 0x00, 0x00, 0x00, 0x00, 0x00, 0x00, 0x00, 0x00, 0x00,
    0x00, 0x00, 0x00, 0x00, 0x00, 0x00, 0x00, 0x00, 0x00, 0x00, 0x00, 0x00, 0x00, 0x00, 0x00, 0x00, 0x00, 0x00, 0x00, 0x00,
    0x00, 0x00, 0x00, 0x00, 0x00, 0x00, 0x00, 0x00, 0x00, 0x00, 0x00, 0x00, 0x00, 0x00, 0x00, 0x00, 0x00, 0x00, 0x00, 0x00,
    0x00, 0x00, 0xe3, 0x18, 0xaf, 0x73, 0xd0, 0x7b, 0x45, 0x29, 0x00, 0x00, 0x41, 0x08, 0x21, 0x00, 0x41, 0x08, 0x41, 0x08,
    0x41, 0x08, 0x41, 0x08, 0x41, 0x08, 0x41, 0x08, 0x41, 0x08, 0x21, 0x00, 0x21, 0x00, 0x21, 0x00, 0x21, 0x00, 0x21, 0x00,
    0x21, 0x00, 0x21, 0x00, 0x41, 0x08, 0x41, 0x08, 0x41, 0x08, 0x41, 0x08, 0x41, 0x08, 0x41, 0x08, 0x41, 0x08, 0x41, 0x08,
    0x41, 0x08, 0x41, 0x08, 0x41, 0x08, 0x41, 0x08, 0x41, 0x08, 0x41, 0x08, 0x41, 0x08, 0x41, 0x08, 0xa3, 0x10, 0x45, 0x29,
    0x62, 0x08, 0x41, 0x08, 0x41, 0x08, 0x41, 0x08, 0x41, 0x08, 0x41, 0x08, 0x41, 0x08, 0x41, 0x08, 0x41, 0x08, 0x61, 0x08,
    0x61, 0x08, 0x61, 0x08, 0x61, 0x08, 0x61, 0x08, 0x61, 0x08, 0x61, 0x08, 0x61, 0x08, 0x61, 0x08, 0x61, 0x08, 0x61, 0x08,
    0x61, 0x08, 0x61, 0x08, 0x61, 0x08, 0x61, 0x08, 0x61, 0x08, 0x61, 0x08, 0x61, 0x08, 0x61, 0x08, 0x61, 0x08, 0x61, 0x08,
    0x61, 0x08, 0x61, 0x08, 0x61, 0x08, 0x61, 0x08, 0x61, 0x08, 0x61, 0x08, 0x61, 0x08, 0x61, 0x08, 0x61, 0x08, 0x61, 0x08,
    0x61, 0x08, 0x61, 0x08, 0x61, 0x08, 0x61, 0x08, 0x61, 0x08, 0x61, 0x08, 0x61, 0x08, 0x61, 0x08, 0x61, 0x08, 0x61, 0x08,
    0x61, 0x08, 0x41, 0x08, 0x41, 0x08, 0x41, 0x08, 0x41, 0x08, 0x41, 0x08, 0x41, 0x08, 0x41, 0x08, 0x41, 0x08, 0x62, 0x08,
    0x45, 0x29, 0xa3, 0x10, 0x41, 0x08, 0x41, 0x08, 0x41, 0x08, 0x41, 0x08, 0x41, 0x08, 0x41, 0x08, 0x41, 0x08, 0x41, 0x08,
    0x41, 0x08, 0x41, 0x08, 0x41, 0x08, 0x41, 0x08, 0x41, 0x08, 0x41, 0x08, 0x41, 0x08, 0x41, 0x08, 0x21, 0x00, 0x21, 0x00,
    0x21, 0x00, 0x21, 0x00, 0x21, 0x00, 0x21, 0x00, 0x21, 0x00, 0x41, 0x08, 0x41, 0x08, 0x41, 0x08, 0x41, 0x08, 0x41, 0x08,
    0x41, 0x08, 0x41, 0x08, 0x41, 0x08, 0x41, 0x08, 0x00, 0x00, 0x04, 0x21, 0x4e, 0x6b, 0x2d, 0x63, 0xc3, 0x18, 0x00, 0x00,
    0x00, 0x00, 0x00, 0x00, 0x00, 0x00, 0x00, 0x00, 0x00, 0x00, 0x00, 0x00, 0x00, 0x00, 0x00, 0x00, 0x00, 0x00, 0x00, 0x00,
    0x00, 0x00, 0x00, 0x00, 0x00, 0x00, 0x00, 0x00, 0x00, 0x00, 0x00, 0x00, 0x00, 0x00, 0x00, 0x00, 0x00, 0x00, 0x00, 0x00,
    0x00, 0x00, 0x00, 0x00, 0x00, 0x00, 0x00, 0x00, 0x00, 0x00, 0x00, 0x00, 0x00, 0x00, 0x00, 0x00, 0x00, 0x00, 0x00, 0x00,
    0x00, 0x00, 0x00, 0x00, 0x00, 0x00, 0x00, 0x00, 0x00, 0x00, 0x00, 0x00, 0x00, 0x00, 0x00, 0x00, 0x00, 0x00, 0x00, 0x00,
    0x00, 0x00, 0x00, 0x00, 0x00, 0x00, 0x00, 0x00, 0x00, 0x00, 0x00, 0x00, 0x00, 0x00, 0x00, 0x00, 0x00, 0x00, 0x00, 0x00,
    0x00, 0x00, 0x00, 0x00, 0x00, 0x00, 0x00, 0x00, 0x00, 0x00, 0x00, 0x00, 0x00, 0x00, 0x00, 0x00, 0x00, 0x00, 0x00, 0x00,
    0x00, 0x00, 0x00, 0x00, 0xcb, 0x5a, 0x10, 0x84, 0x8a, 0x52, 0x00, 0x00, 0x21, 0x00, 0x21, 0x00, 0x41, 0x08, 0x41, 0x08,
    0x41, 0x08, 0x41, 0x08, 0x41, 0x08, 0x41, 0x08, 0x41, 0x08, 0x21, 0x00, 0x21, 0x00, 0x21, 0x00, 0x21, 0x00, 0x21, 0x00,
    0x21, 0x00, 0x21, 0x00, 0x21, 0x00, 0x41, 0x08, 0x41, 0x08, 0x41, 0x08, 0x41, 0x08, 0x41, 0x08, 0x41, 0x08, 0x41, 0x08,
    0x41, 0x08, 0x41, 0x08, 0x41, 0x08, 0x41, 0x08, 0x41, 0x08, 0x41, 0x08, 0x41, 0x08, 0x41, 0x08, 0x21, 0x00, 0xc3, 0x18,
    0x45, 0x29, 0x61, 0x08, 0x41, 0x08, 0x41, 0x08, 0x41, 0x08, 0x41, 0x08, 0x41, 0x08, 0x41, 0x08, 0x41, 0x08, 0x41, 0x08,
    0x41, 0x08, 0x61, 0x08, 0x61, 0x08, 0x61, 0x08, 0x61, 0x08, 0x61, 0x08, 0x61, 0x08, 0x61, 0x08, 0x61, 0x08, 0x61, 0x08,
    0x61, 0x08, 0x61, 0x08, 0x61, 0x08, 0x61, 0x08, 0x61, 0x08, 0x61, 0x08, 0x61, 0x08, 0x61, 0x08, 0x61, 0x08, 0x61, 0x08,
    0x61, 0x08, 0x61, 0x08, 0x61, 0x08, 0x61, 0x08, 0x61, 0x08, 0x61, 0x08, 0x61, 0x08, 0x61, 0x08, 0x61, 0x08, 0x61, 0x08,
    0x61, 0x08, 0x61, 0x08, 0x61, 0x08, 0x61, 0x08, 0x61, 0x08, 0x61, 0x08, 0x61, 0x08, 0x61, 0x08, 0x61, 0x08, 0x41, 0x08,
    0x41, 0x08, 0x41, 0x08, 0x41, 0x08, 0x41, 0x08, 0x41, 0x08, 0x41, 0x08, 0x41, 0x08, 0x41, 0x08, 0x61, 0x08, 0x45, 0x29,
    0xc3, 0x18, 0x21, 0x00, 0x41, 0x08, 0x41, 0x08, 0x41, 0x08, 0x41, 0x08, 0x41, 0x08, 0x41, 0x08, 0x41, 0x08, 0x41, 0x08,
    0x41, 0x08, 0x41, 0x08, 0x41, 0x08, 0x41, 0x08, 0x41, 0x08, 0x41, 0x08, 0x41, 0x08, 0x21, 0x00, 0x21, 0x00, 0x21, 0x00,
    0x21, 0x00, 0x21, 0x00, 0x21, 0x00, 0x21, 0x00, 0x21, 0x00, 0x41, 0x08, 0x41, 0x08, 0x41, 0x08, 0x41, 0x08, 0x41, 0x08,
    0x41, 0x08, 0x41, 0x08, 0x21, 0x00, 0x21, 0x00, 0x00, 0x00, 0x49, 0x4a, 0x8e, 0x73, 0x6a, 0x4a, 0x00, 0x00, 0x00, 0x00,
    0x00, 0x00, 0x00, 0x00, 0x00, 0x00, 0x00, 0x00, 0x00, 0x00, 0x00, 0x00, 0x00, 0x00, 0x00, 0x00, 0x00, 0x00, 0x00, 0x00,
    0x00, 0x00, 0x00, 0x00, 0x00, 0x00, 0x00, 0x00, 0x00, 0x00, 0x00, 0x00, 0x00, 0x00, 0x00, 0x00, 0x00, 0x00, 0x00, 0x00,
    0x00, 0x00, 0x00, 0x00, 0x00, 0x00, 0x00, 0x00, 0x00, 0x00, 0x00, 0x00, 0x00, 0x00, 0x00, 0x00, 0x00, 0x00, 0x00, 0x00,
    0x00, 0x00, 0x00, 0x00, 0x00, 0x00, 0x00, 0x00, 0x00, 0x00, 0x00, 0x00, 0x00, 0x00, 0x00, 0x00, 0x00, 0x00, 0x00, 0x00,
    0x00, 0x00, 0x00, 0x00, 0x00, 0x00, 0x00, 0x00, 0x00, 0x00, 0x00, 0x00, 0x00, 0x00, 0x00, 0x00, 0x00, 0x00, 0x00, 0x00,
    0x00, 0x00, 0x00, 0x00, 0x00, 0x00, 0x00, 0x00, 0x00, 0x00, 0x00, 0x00, 0x00, 0x00, 0x00, 0x00, 0x00, 0x00, 0x00, 0x00,
    0x00, 0x00, 0x00, 0x00, 0x65, 0x29, 0xcf, 0x7b, 0x8f, 0x73, 0xe3, 0x18, 0x00, 0x00, 0x41, 0x08, 0x41, 0x08, 0x41, 0x08,
    0x41, 0x08, 0x41, 0x08, 0x41, 0x08, 0x41, 0x08, 0x21, 0x00, 0x21, 0x00, 0x21, 0x00, 0x21, 0x00, 0x21, 0x00, 0x21, 0x00,
    0x21, 0x00, 0x21, 0x00, 0x21, 0x00, 0x21, 0x00, 0x41, 0x08, 0x41, 0x08, 0x41, 0x08, 0x41, 0x08, 0x41, 0x08, 0x41, 0x08,
    0x41, 0x08, 0x41, 0x08, 0x41, 0x08, 0x41, 0x08, 0x41, 0x08, 0x41, 0x08, 0x41, 0x08, 0x41, 0x08, 0x41, 0x08, 0x21, 0x00,
    0xc3, 0x18, 0x45, 0x29, 0x62, 0x08, 0x41, 0x08, 0x61, 0x08, 0x41, 0x08, 0x41, 0x08, 0x41, 0x08, 0x41, 0x08, 0x41, 0x08,
    0x41, 0x08, 0x41, 0x08, 0x61, 0x08, 0x61, 0x08, 0x61, 0x08, 0x61, 0x08, 0x61, 0x08, 0x61, 0x08, 0x61, 0x08, 0x61, 0x08,
    0x61, 0x08, 0x61, 0x08, 0x61, 0x08, 0x61, 0x08, 0x61, 0x08, 0x61, 0x08, 0x61, 0x08, 0x61, 0x08, 0x61, 0x08, 0x61, 0x08,
    0x61, 0x08, 0x61, 0x08, 0x61, 0x08, 0x61, 0x08, 0x61, 0x08, 0x61, 0x08, 0x61, 0x08, 0x61, 0x08, 0x61, 0x08, 0x61, 0x08,
    0x61, 0x08, 0x61, 0x08, 0x61, 0x08, 0x61, 0x08, 0x61, 0x08, 0x61, 0x08, 0x61, 0x08, 0x61, 0x08, 0x41, 0x08, 0x41, 0x08,
    0x41, 0x08, 0x41, 0x08, 0x41, 0x08, 0x41, 0x08, 0x41, 0x08, 0x61, 0x08, 0x41, 0x08, 0x62, 0x08, 0x45, 0x29, 0xc3, 0x18,
    0x21, 0x00, 0x41, 0x08, 0x41, 0x08, 0x41, 0x08, 0x41, 0x08, 0x41, 0x08, 0x41, 0x08, 0x41, 0x08, 0x41, 0x08, 0x41, 0x08,
    0x41, 0x08, 0x41, 0x08, 0x41, 0x08, 0x41, 0x08, 0x41, 0x08, 0x41, 0x08, 0x21, 0x00, 0x21, 0x00, 0x21, 0x00, 0x21, 0x00,
    0x21, 0x00, 0x21, 0x00, 0x21, 0x00, 0x21, 0x00, 0x21, 0x00, 0x21, 0x00, 0x41, 0x08, 0x41, 0x08, 0x41, 0x08, 0x41, 0x08,
    0x41, 0x08, 0x41, 0x08, 0x21, 0x00, 0x00, 0x00, 0xc3, 0x18, 0x2d, 0x63, 0x4e, 0x6b, 0x25, 0x21, 0x00, 0x00, 0x00, 0x00,
    0x00, 0x00, 0x00, 0x00, 0x00, 0x00, 0x00, 0x00, 0x00, 0x00, 0x00, 0x00, 0x00, 0x00, 0x00, 0x00, 0x00, 0x00, 0x00, 0x00,
    0x00, 0x00, 0x00, 0x00, 0x00, 0x00, 0x00, 0x00, 0x00, 0x00, 0x00, 0x00, 0x00, 0x00, 0x00, 0x00, 0x00, 0x00, 0x00, 0x00,
    0x00, 0x00, 0x00, 0x00, 0x00, 0x00, 0x00, 0x00, 0x00, 0x00, 0x00, 0x00, 0x00, 0x00, 0x00, 0x00, 0x00, 0x00, 0x00, 0x00,
    0x00, 0x00, 0x00, 0x00, 0x00, 0x00, 0x00, 0x00, 0x00, 0x00, 0x00, 0x00, 0x00, 0x00, 0x00, 0x00, 0x00, 0x00, 0x00, 0x00,
    0x00, 0x00, 0x00, 0x00, 0x00, 0x00, 0x00, 0x00, 0x00, 0x00, 0x00, 0x00, 0x00, 0x00, 0x00, 0x00, 0x00, 0x00, 0x00, 0x00,
    0x00, 0x00, 0x00, 0x00, 0x00, 0x00, 0x00, 0x00, 0x00, 0x00, 0x00, 0x00, 0x00, 0x00, 0x00, 0x00, 0x00, 0x00, 0x00, 0x00,
    0x00, 0x00, 0x00, 0x00, 0x41, 0x08, 0x0c, 0x63, 0xf0, 0x7b, 0x49, 0x4a, 0x00, 0x00, 0x21, 0x00, 0x21, 0x00, 0x41, 0x08,
    0x41, 0x08, 0x41, 0x08, 0x41, 0x08, 0x41, 0x08, 0x20, 0x00, 0x21, 0x00, 0x41, 0x08, 0x21, 0x00, 0x21, 0x00, 0x21, 0x00,
    0x21, 0x00, 0x21, 0x00, 0x21, 0x00, 0x21, 0x00, 0x41, 0x08, 0x41, 0x08, 0x41, 0x08, 0x41, 0x08, 0x41, 0x08, 0x41, 0x08,
    0x41, 0x08, 0x41, 0x08, 0x41, 0x08, 0x41, 0x08, 0x41, 0x08, 0x41, 0x08, 0x41, 0x08, 0x41, 0x08, 0x41, 0x08, 0x41, 0x08,
    0x21, 0x00, 0xc3, 0x18, 0x45, 0x29, 0x82, 0x10, 0x41, 0x08, 0x41, 0x08, 0x41, 0x08, 0x41, 0x08, 0x41, 0x08, 0x41, 0x08,
    0x41, 0x08, 0x41, 0x08, 0x41, 0x08, 0x41, 0x08, 0x61, 0x08, 0x61, 0x08, 0x61, 0x08, 0x61, 0x08, 0x61, 0x08, 0x61, 0x08,
    0x61, 0x08, 0x61, 0x08, 0x61, 0x08, 0x61, 0x08, 0x61, 0x08, 0x61, 0x08, 0x61, 0x08, 0x61, 0x08, 0x61, 0x08, 0x61, 0x08,
    0x61, 0x08, 0x61, 0x08, 0x61, 0x08, 0x61, 0x08, 0x61, 0x08, 0x61, 0x08, 0x61, 0x08, 0x61, 0x08, 0x61, 0x08, 0x61, 0x08,
    0x61, 0x08, 0x61, 0x08, 0x61, 0x08, 0x61, 0x08, 0x61, 0x08, 0x61, 0x08, 0x41, 0x08, 0x41, 0x08, 0x41, 0x08, 0x41, 0x08,
    0x41, 0x08, 0x41, 0x08, 0x41, 0x08, 0x41, 0x08, 0x41, 0x08, 0x41, 0x08, 0x82, 0x10, 0x45, 0x29, 0xc3, 0x18, 0x21, 0x00,
    0x41, 0x08, 0x41, 0x08, 0x41, 0x08, 0x41, 0x08, 0x41, 0x08, 0x41, 0x08, 0x41, 0x08, 0x41, 0x08, 0x41, 0x08, 0x41, 0x08,
    0x41, 0x08, 0x41, 0x08, 0x41, 0x08, 0x41, 0x08, 0x41, 0x08, 0x41, 0x08, 0x21, 0x00, 0x21, 0x00, 0x21, 0x00, 0x21, 0x00,
    0x21, 0x00, 0x21, 0x00, 0x21, 0x00, 0x41, 0x08, 0x21, 0x00, 0x20, 0x00, 0x41, 0x08, 0x41, 0x08, 0x41, 0x08, 0x41, 0x08,
    0x41, 0x08, 0x21, 0x00, 0x21, 0x00, 0x00, 0x00, 0x08, 0x42, 0x8e, 0x73, 0xab, 0x52, 0x20, 0x00, 0x00, 0x00, 0x00, 0x00,
    0x00, 0x00, 0x00, 0x00, 0x00, 0x00, 0x00, 0x00, 0x00, 0x00, 0x00, 0x00, 0x00, 0x00, 0x00, 0x00, 0x00, 0x00, 0x00, 0x00,
    0x00, 0x00, 0x00, 0x00, 0x00, 0x00, 0x00, 0x00, 0x00, 0x00, 0x00, 0x00, 0x00, 0x00, 0x00, 0x00, 0x00, 0x00, 0x00, 0x00,
    0x00, 0x00, 0x00, 0x00, 0x00, 0x00, 0x00, 0x00, 0x00, 0x00, 0x00, 0x00, 0x00, 0x00, 0x00, 0x00, 0x00, 0x00, 0x00, 0x00,
    0x00, 0x00, 0x00, 0x00, 0x00, 0x00, 0x00, 0x00, 0x00, 0x00, 0x00, 0x00, 0x00, 0x00, 0x00, 0x00, 0x00, 0x00, 0x00, 0x00,
    0x00, 0x00, 0x00, 0x00, 0x00, 0x00, 0x00, 0x00, 0x00, 0x00, 0x00, 0x00, 0x00, 0x00, 0x00, 0x00, 0x00, 0x00, 0x00, 0x00,
    0x00, 0x00, 0x00, 0x00, 0x00, 0x00, 0x00, 0x00, 0x00, 0x00, 0x00, 0x00, 0x00, 0x00, 0x00, 0x00, 0x00, 0x00, 0x00, 0x00,
    0x00, 0x00, 0x00, 0x00, 0x00, 0x00, 0xa6, 0x31, 0xcf, 0x7b, 0x6e, 0x6b, 0xa3, 0x10, 0x00, 0x00, 0x41, 0x08, 0x41, 0x08,
    0x41, 0x08, 0x41, 0x08, 0x20, 0x00, 0x21, 0x00, 0x82, 0x10, 0xa2, 0x10, 0x21, 0x00, 0x21, 0x00, 0x21, 0x00, 0x21, 0x00,
    0x21, 0x00, 0x21, 0x00, 0x21, 0x00, 0x21, 0x00, 0x21, 0x00, 0x41, 0x08, 0x41, 0x08, 0x41, 0x08, 0x41, 0x08, 0x41, 0x08,
    0x41, 0x08, 0x41, 0x08, 0x41, 0x08, 0x41, 0x08, 0x41, 0x08, 0x41, 0x08, 0x41, 0x08, 0x41, 0x08, 0x41, 0x08, 0x41, 0x08,
    0x41, 0x08, 0x21, 0x00, 0xa3, 0x10, 0x45, 0x29, 0xa3, 0x10, 0x41, 0x08, 0x41, 0x08, 0x41, 0x08, 0x41, 0x08, 0x41, 0x08,
    0x41, 0x08, 0x41, 0x08, 0x41, 0x08, 0x41, 0x08, 0x41, 0x08, 0x41, 0x08, 0x61, 0x08, 0x61, 0x08, 0x61, 0x08, 0x61, 0x08,
    0x61, 0x08, 0x61, 0x08, 0x61, 0x08, 0x61, 0x08, 0x61, 0x08, 0x61, 0x08, 0x61, 0x08, 0x61, 0x08, 0x61, 0x08, 0x61, 0x08,
    0x61, 0x08, 0x61, 0x08, 0x61, 0x08, 0x61, 0x08, 0x61, 0x08, 0x61, 0x08, 0x61, 0x08, 0x61, 0x08, 0x61, 0x08, 0x61, 0x08,
    0x61, 0x08, 0x61, 0x08, 0x61, 0x08, 0x61, 0x08, 0x41, 0x08, 0x41, 0x08, 0x41, 0x08, 0x41, 0x08, 0x41, 0x08, 0x41, 0x08,
    0x41, 0x08, 0x41, 0x08, 0x41, 0x08, 0x41, 0x08, 0x41, 0x08, 0xa3, 0x10, 0x45, 0x29, 0xa3, 0x10, 0x21, 0x00, 0x41, 0x08,
    0x41, 0x08, 0x41, 0x08, 0x41, 0x08, 0x41, 0x08, 0x41, 0x08, 0x41, 0x08, 0x41, 0x08, 0x41, 0x08, 0x41, 0x08, 0x41, 0x08,
    0x41, 0x08, 0x41, 0x08, 0x41, 0x08, 0x41, 0x08, 0x41, 0x08, 0x21, 0x00, 0x21, 0x00, 0x21, 0x00, 0x21, 0x00, 0x21, 0x00,
    0x21, 0x00, 0x21, 0x00, 0x21, 0x00, 0x21, 0x00, 0xa2, 0x10, 0x82, 0x10, 0x21, 0x00, 0x20, 0x00, 0x41, 0x08, 0x41, 0x08,
    0x41, 0x08, 0x21, 0x00, 0x00, 0x00, 0xa2, 0x10, 0x0d, 0x63, 0x6e, 0x6b, 0x66, 0x29, 0x00, 0x00, 0x00, 0x00, 0x00, 0x00,
    0x00, 0x00, 0x00, 0x00, 0x00, 0x00, 0x00, 0x00, 0x00, 0x00, 0x00, 0x00, 0x00, 0x00, 0x00, 0x00, 0x00, 0x00, 0x00, 0x00,
    0x00, 0x00, 0x00, 0x00, 0x00, 0x00, 0x00, 0x00, 0x00, 0x00, 0x00, 0x00, 0x00, 0x00, 0x00, 0x00, 0x00, 0x00, 0x00, 0x00,
    0x00, 0x00, 0x00, 0x00, 0x00, 0x00, 0x00, 0x00, 0x00, 0x00, 0x00, 0x00, 0x00, 0x00, 0x00, 0x00, 0x00, 0x00, 0x00, 0x00,
    0x00, 0x00, 0x00, 0x00, 0x00, 0x00, 0x00, 0x00, 0x00, 0x00, 0x00, 0x00, 0x00, 0x00, 0x00, 0x00, 0x00, 0x00, 0x00, 0x00,
    0x00, 0x00, 0x00, 0x00, 0x00, 0x00, 0x00, 0x00, 0x00, 0x00, 0x00, 0x00, 0x00, 0x00, 0x00, 0x00, 0x00, 0x00, 0x00, 0x00,
    0x00, 0x00, 0x00, 0x00, 0x00, 0x00, 0x00, 0x00, 0x00, 0x00, 0x00, 0x00, 0x00, 0x00, 0x00, 0x00, 0x00, 0x00, 0x00, 0x00,
    0x00, 0x00, 0x00, 0x00, 0x00, 0x00, 0x41, 0x08, 0x0c, 0x63, 0xcf, 0x7b, 0x29, 0x42, 0x00, 0x00, 0x21, 0x00, 0x21, 0x00,
    0x21, 0x00, 0x21, 0x00, 0x62, 0x08, 0xc3, 0x18, 0x82, 0x10, 0x41, 0x08, 0x21, 0x00, 0x21, 0x00, 0x21, 0x00, 0x21, 0x00,
    0x21, 0x00, 0x21, 0x00, 0x21, 0x00, 0x21, 0x00, 0x21, 0x00, 0x21, 0x00, 0x41, 0x08, 0x41, 0x08, 0x41, 0x08, 0x41, 0x08,
    0x41, 0x08, 0x41, 0x08, 0x41, 0x08, 0x41, 0x08, 0x41, 0x08, 0x41, 0x08, 0x41, 0x08, 0x41, 0x08, 0x41, 0x08, 0x41, 0x08,
    0x41, 0x08, 0x41, 0x08, 0x21, 0x00, 0x82, 0x10, 0x45, 0x29, 0xe4, 0x18, 0x41, 0x08, 0x41, 0x08, 0x61, 0x08, 0x41, 0x08,
    0x41, 0x08, 0x41, 0x08, 0x41, 0x08, 0x41, 0x08, 0x41, 0x08, 0x41, 0x08, 0x41, 0x08, 0x41, 0x08, 0x41, 0x08, 0x61, 0x08,
    0x61, 0x08, 0x61, 0x08, 0x61, 0x08, 0x61, 0x08, 0x61, 0x08, 0x61, 0x08, 0x61, 0x08, 0x61, 0x08, 0x61, 0x08, 0x61, 0x08,
    0x61, 0x08, 0x61, 0x08, 0x61, 0x08, 0x61, 0x08, 0x61, 0x08, 0x61, 0x08, 0x61, 0x08, 0x61, 0x08, 0x61, 0x08, 0x61, 0x08,
    0x61, 0x08, 0x41, 0x08, 0x41, 0x08, 0x41, 0x08, 0x41, 0x08, 0x41, 0x08, 0x41, 0x08, 0x41, 0x08, 0x41, 0x08, 0x41, 0x08,
    0x41, 0x08, 0x61, 0x08, 0x41, 0x08, 0x41, 0x08, 0xe4, 0x18, 0x45, 0x29, 0x82, 0x10, 0x21, 0x00, 0x41, 0x08, 0x41, 0x08,
    0x41, 0x08, 0x41, 0x08, 0x41, 0x08, 0x41, 0x08, 0x41, 0x08, 0x41, 0x08, 0x41, 0x08, 0x41, 0x08, 0x41, 0x08, 0x41, 0x08,
    0x41, 0x08, 0x41, 0x08, 0x41, 0x08, 0x41, 0x08, 0x21, 0x00, 0x21, 0x00, 0x21, 0x00, 0x21, 0x00, 0x21, 0x00, 0x21, 0x00,
    0x21, 0x00, 0x21, 0x00, 0x21, 0x00, 0x21, 0x00, 0x41, 0x08, 0x82, 0x10, 0xc3, 0x18, 0x62, 0x08, 0x21, 0x00, 0x21, 0x00,
    0x21, 0x00, 0x21, 0x00, 0x00, 0x00, 0x08, 0x42, 0x6e, 0x6b, 0xcb, 0x5a, 0x41, 0x08, 0x00, 0x00, 0x00, 0x00, 0x00, 0x00,
    0x00, 0x00, 0x00, 0x00, 0x00, 0x00, 0x00, 0x00, 0x00, 0x00, 0x00, 0x00, 0x00, 0x00, 0x00, 0x00, 0x00, 0x00, 0x00, 0x00,
    0x00, 0x00, 0x00, 0x00, 0x00, 0x00, 0x00, 0x00, 0x00, 0x00, 0x00, 0x00, 0x00, 0x00, 0x00, 0x00, 0x00, 0x00, 0x00, 0x00,
    0x00, 0x00, 0x00, 0x00, 0x00, 0x00, 0x00, 0x00, 0x00, 0x00, 0x00, 0x00, 0x00, 0x00, 0x00, 0x00, 0x00, 0x00, 0x00, 0x00,
    0x00, 0x00, 0x00, 0x00, 0x00, 0x00, 0x00, 0x00, 0x00, 0x00, 0x00, 0x00, 0x00, 0x00, 0x00, 0x00, 0x00, 0x00, 0x00, 0x00,
    0x00, 0x00, 0x00, 0x00, 0x00, 0x00, 0x00, 0x00, 0x00, 0x00, 0x00, 0x00, 0x00, 0x00, 0x00, 0x00, 0x00, 0x00, 0x00, 0x00,
    0x00, 0x00, 0x00, 0x00, 0x00, 0x00, 0x00, 0x00, 0x00, 0x00, 0x00, 0x00, 0x00, 0x00, 0x00, 0x00, 0x00, 0x00, 0x00, 0x00,
    0x00, 0x00, 0x00, 0x00, 0x00, 0x00, 0x00, 0x00, 0xa6, 0x31, 0xaf, 0x73, 0x4e, 0x6b, 0xc3, 0x18, 0x00, 0x00, 0x41, 0x08,
    0x20, 0x00, 0x62, 0x08, 0xa3, 0x10, 0x41, 0x08, 0x20, 0x00, 0x21, 0x00, 0x21, 0x00, 0x21, 0x00, 0x21, 0x00, 0x21, 0x00,
    0x21, 0x00, 0x21, 0x00, 0x21, 0x00, 0x21, 0x00, 0x21, 0x00, 0x21, 0x00, 0x41, 0x08, 0x41, 0x08, 0x41, 0x08, 0x41, 0x08,
    0x41, 0x08, 0x41, 0x08, 0x41, 0x08, 0x41, 0x08, 0x41, 0x08, 0x41, 0x08, 0x41, 0x08, 0x41, 0x08, 0x41, 0x08, 0x41, 0x08,
    0x41, 0x08, 0x41, 0x08, 0x41, 0x08, 0x41, 0x08, 0x61, 0x08, 0x04, 0x21, 0x25, 0x21, 0x62, 0x08, 0x41, 0x08, 0x41, 0x08,
    0x41, 0x08, 0x41, 0x08, 0x41, 0x08, 0x41, 0x08, 0x41, 0x08, 0x41, 0x08, 0x41, 0x08, 0x41, 0x08, 0x41, 0x08, 0x41, 0x08,
    0x41, 0x08, 0x41, 0x08, 0x61, 0x08, 0x61, 0x08, 0x61, 0x08, 0x61, 0x08, 0x61, 0x08, 0x61, 0x08, 0x61, 0x08, 0x61, 0x08,
    0x61, 0x08, 0x61, 0x08, 0x61, 0x08, 0x61, 0x08, 0x61, 0x08, 0x61, 0x08, 0x61, 0x08, 0x61, 0x08, 0x41, 0x08, 0x41, 0x08,
    0x41, 0x08, 0x41, 0x08, 0x41, 0x08, 0x41, 0x08, 0x41, 0x08, 0x41, 0x08, 0x41, 0x08, 0x41, 0x08, 0x41, 0x08, 0x41, 0x08,
    0x41, 0x08, 0x41, 0x08, 0x62, 0x08, 0x25, 0x21, 0x04, 0x21, 0x61, 0x08, 0x41, 0x08, 0x41, 0x08, 0x41, 0x08, 0x41, 0x08,
    0x41, 0x08, 0x41, 0x08, 0x41, 0x08, 0x41, 0x08, 0x41, 0x08, 0x41, 0x08, 0x41, 0x08, 0x41, 0x08, 0x41, 0x08, 0x41, 0x08,
    0x41, 0x08, 0x41, 0x08, 0x41, 0x08, 0x41, 0x08, 0x21, 0x00, 0x21, 0x00, 0x21, 0x00, 0x21, 0x00, 0x21, 0x00, 0x21, 0x00,
    0x41, 0x08, 0x21, 0x00, 0x21, 0x00, 0x21, 0x00, 0x21, 0x00, 0x20, 0x00, 0x41, 0x08, 0xa3, 0x10, 0x62, 0x08, 0x20, 0x00,
    0x41, 0x08, 0x00, 0x00, 0xa3, 0x10, 0x2d, 0x63, 0x6e, 0x6b, 0x86, 0x31, 0x00, 0x00, 0x00, 0x00, 0x00, 0x00, 0x00, 0x00,
    0x00, 0x00, 0x00, 0x00, 0x00, 0x00, 0x00, 0x00, 0x00, 0x00, 0x00, 0x00, 0x00, 0x00, 0x00, 0x00, 0x00, 0x00, 0x00, 0x00,
    0x00, 0x00, 0x00, 0x00, 0x00, 0x00, 0x00, 0x00, 0x00, 0x00, 0x00, 0x00, 0x00, 0x00, 0x00, 0x00, 0x00, 0x00, 0x00, 0x00,
    0x00, 0x00, 0x00, 0x00, 0x00, 0x00, 0x00, 0x00, 0x00, 0x00, 0x00, 0x00, 0x00, 0x00, 0x00, 0x00, 0x00, 0x00, 0x00, 0x00,
    0x00, 0x00, 0x00, 0x00, 0x00, 0x00, 0x00, 0x00, 0x00, 0x00, 0x00, 0x00, 0x00, 0x00, 0x00, 0x00, 0x00, 0x00, 0x00, 0x00,
    0x00, 0x00, 0x00, 0x00, 0x00, 0x00, 0x00, 0x00, 0x00, 0x00, 0x00, 0x00, 0x00, 0x00, 0x00, 0x00, 0x00, 0x00, 0x00, 0x00,
    0x00, 0x00, 0x00, 0x00, 0x00, 0x00, 0x00, 0x00, 0x00, 0x00, 0x00, 0x00, 0x00, 0x00, 0x00, 0x00, 0x00, 0x00, 0x00, 0x00,
    0x00, 0x00, 0x00, 0x00, 0x00, 0x00, 0x00, 0x00, 0x41, 0x08, 0xec, 0x5a, 0xaf, 0x73, 0x49, 0x4a, 0x00, 0x00, 0x21, 0x00,
    0x21, 0x00, 0x41, 0x08, 0x20, 0x00, 0x21, 0x00, 0x41, 0x08, 0x21, 0x00, 0x21, 0x00, 0x21, 0x00, 0x21, 0x00, 0x21, 0x00,
    0x21, 0x00, 0x21, 0x00, 0x21, 0x00, 0x21, 0x00, 0x21, 0x00, 0x21, 0x00, 0x21, 0x00, 0x41, 0x08, 0x41, 0x08, 0x41, 0x08,
    0x41, 0x08, 0x41, 0x08, 0x41, 0x08, 0x41, 0x08, 0x41, 0x08, 0x41, 0x08, 0x41, 0x08, 0x41, 0x08, 0x41, 0x08, 0x41, 0x08,
    0x41, 0x08, 0x41, 0x08, 0x41, 0x08, 0x41, 0x08, 0x41, 0x08, 0x41, 0x08, 0xc3, 0x18, 0x45, 0x29, 0xc3, 0x18, 0x41, 0x08,
    0x41, 0x08, 0x41, 0x08, 0x41, 0x08, 0x41, 0x08, 0x41, 0x08, 0x41, 0x08, 0x41, 0x08, 0x41, 0x08, 0x41, 0x08, 0x41, 0x08,
    0x41, 0x08, 0x41, 0x08, 0x41, 0x08, 0x41, 0x08, 0x41, 0x08, 0x41, 0x08, 0x41, 0x08, 0x41, 0x08, 0x41, 0x08, 0x41, 0x08,
    0x41, 0x08, 0x41, 0x08, 0x41, 0x08, 0x41, 0x08, 0x41, 0x08, 0x41, 0x08, 0x41, 0x08, 0x41, 0x08, 0x41, 0x08, 0x41, 0x08,
    0x41, 0x08, 0x41, 0x08, 0x41, 0x08, 0x41, 0x08, 0x41, 0x08, 0x41, 0x08, 0x41, 0x08, 0x41, 0x08, 0x41, 0x08, 0x41, 0x08,
    0x41, 0x08, 0xc3, 0x18, 0x45, 0x29, 0xc3, 0x18, 0x41, 0x08, 0x41, 0x08, 0x41, 0x08, 0x41, 0x08, 0x41, 0x08, 0x41, 0x08,
    0x41, 0x08, 0x41, 0x08, 0x41, 0x08, 0x41, 0x08, 0x41, 0x08, 0x41, 0x08, 0x41, 0x08, 0x41, 0x08, 0x41, 0x08, 0x41, 0x08,
    0x41, 0x08, 0x41, 0x08, 0x41, 0x08, 0x21, 0x00, 0x21, 0x00, 0x21, 0x00, 0x21, 0x00, 0x21, 0x00, 0x21, 0x00, 0x00, 0x00,
    0x00, 0x00, 0x41, 0x08, 0x21, 0x00, 0x21, 0x00, 0x21, 0x00, 0x41, 0x08, 0x21, 0x00, 0x20, 0x00, 0x41, 0x08, 0x21, 0x00,
    0x21, 0x00, 0x00, 0x00, 0x29, 0x42, 0x6e, 0x6b, 0xcb, 0x5a, 0x41, 0x08, 0x00, 0x00, 0x00, 0x00, 0x00, 0x00, 0x00, 0x00,
    0x00, 0x00, 0x00, 0x00, 0x00, 0x00, 0x00, 0x00, 0x00, 0x00, 0x00, 0x00, 0x00, 0x00, 0x00, 0x00, 0x00, 0x00, 0x00, 0x00,
    0x00, 0x00, 0x00, 0x00, 0x00, 0x00, 0x00, 0x00, 0x00, 0x00, 0x00, 0x00, 0x00, 0x00, 0x00, 0x00, 0x00, 0x00, 0x00, 0x00,
    0x00, 0x00, 0x00, 0x00, 0x00, 0x00, 0x00, 0x00, 0x00, 0x00, 0x00, 0x00, 0x00, 0x00, 0x00, 0x00, 0x00, 0x00, 0x00, 0x00,
    0x00, 0x00, 0x00, 0x00, 0x00, 0x00, 0x00, 0x00, 0x00, 0x00, 0x00, 0x00, 0x00, 0x00, 0x00, 0x00, 0x00, 0x00, 0x00, 0x00,
    0x00, 0x00, 0x00, 0x00, 0x00, 0x00, 0x00, 0x00, 0x00, 0x00, 0x00, 0x00, 0x00, 0x00, 0x00, 0x00, 0x00, 0x00, 0x00, 0x00,
    0x00, 0x00, 0x00, 0x00, 0x00, 0x00, 0x00, 0x00, 0x00, 0x00, 0x00, 0x00, 0x00, 0x00, 0x00, 0x00, 0x00, 0x00, 0x00, 0x00,
    0x00, 0x00, 0x00, 0x00, 0x00, 0x00, 0x00, 0x00, 0x00, 0x00, 0x66, 0x29, 0x8e, 0x73, 0x6e, 0x6b, 0x04, 0x21, 0x00, 0x00,
    0x41, 0x08, 0x21, 0x00, 0x21, 0x00, 0x21, 0x00, 0x21, 0x00, 0x21, 0x00, 0x21, 0x00, 0x21, 0x00, 0x21, 0x00, 0x21, 0x00,
    0x21, 0x00, 0x21, 0x00, 0x21, 0x00, 0x21, 0x00, 0x21, 0x00, 0x21, 0x00, 0x21, 0x00, 0x21, 0x00, 0x41, 0x08, 0x41, 0x08,
    0x41, 0x08, 0x41, 0x08, 0x41, 0x08, 0x41, 0x08, 0x41, 0x08, 0x41, 0x08, 0x41, 0x08, 0x41, 0x08, 0x41, 0x08, 0x41, 0x08,
    0x41, 0x08, 0x41, 0x08, 0x41, 0x08, 0x41, 0x08, 0x41, 0x08, 0x41, 0x08, 0x21, 0x00, 0x62, 0x08, 0x04, 0x21, 0x25, 0x21,
    0xa3, 0x10, 0x41, 0x08, 0x41, 0x08, 0x41, 0x08, 0x61, 0x08, 0x41, 0x08, 0x41, 0x08, 0x41, 0x08, 0x41, 0x08, 0x41, 0x08,
    0x41, 0x08, 0x41, 0x08, 0x41, 0x08, 0x41, 0x08, 0x41, 0x08, 0x41, 0x08, 0x41, 0x08, 0x41, 0x08, 0x41, 0x08, 0x41, 0x08,
    0x41, 0x08, 0x41, 0x08, 0x41, 0x08, 0x41, 0x08, 0x41, 0x08, 0x41, 0x08, 0x41, 0x08, 0x41, 0x08, 0x41, 0x08, 0x41, 0x08,
    0x41, 0x08, 0x41, 0x08, 0x41, 0x08, 0x41, 0x08, 0x41, 0x08, 0x61, 0x08, 0x41, 0x08, 0x41, 0x08, 0x41, 0x08, 0xa3, 0x10,
    0x25, 0x21, 0x04, 0x21, 0x62, 0x08, 0x21, 0x00, 0x41, 0x08, 0x41, 0x08, 0x41, 0x08, 0x41, 0x08, 0x41, 0x08, 0x41, 0x08,
    0x41, 0x08, 0x41, 0x08, 0x41, 0x08, 0x41, 0x08, 0x41, 0x08, 0x41, 0x08, 0x41, 0x08, 0x41, 0x08, 0x41, 0x08, 0x41, 0x08,
    0x41, 0x08, 0x41, 0x08, 0x21, 0x00, 0x21, 0x00, 0x21, 0x00, 0x21, 0x00, 0x21, 0x00, 0x41, 0x08, 0x00, 0x00, 0xa7, 0x31,
    0xc7, 0x39, 0x00, 0x00, 0x41, 0x08, 0x41, 0x08, 0x21, 0x00, 0x21, 0x00, 0x21, 0x00, 0x21, 0x00, 0x21, 0x00, 0x41, 0x08,
    0x00, 0x00, 0x04, 0x21, 0x2d, 0x63, 0x4e, 0x6b, 0x45, 0x29, 0x00, 0x00, 0x00, 0x00, 0x00, 0x00, 0x00, 0x00, 0x00, 0x00,
    0x00, 0x00, 0x00, 0x00, 0x00, 0x00, 0x00, 0x00, 0x00, 0x00, 0x00, 0x00, 0x00, 0x00, 0x00, 0x00, 0x00, 0x00, 0x00, 0x00,
    0x00, 0x00, 0x00, 0x00, 0x00, 0x00, 0x00, 0x00, 0x00, 0x00, 0x00, 0x00, 0x00, 0x00, 0x00, 0x00, 0x00, 0x00, 0x00, 0x00,
    0x00, 0x00, 0x00, 0x00, 0x00, 0x00, 0x00, 0x00, 0x00, 0x00, 0x00, 0x00, 0x00, 0x00, 0x00, 0x00, 0x00, 0x00, 0x00, 0x00,
    0x00, 0x00, 0x00, 0x00, 0x00, 0x00, 0x00, 0x00, 0x00, 0x00, 0x00, 0x00, 0x00, 0x00, 0x00, 0x00, 0x00, 0x00, 0x00, 0x00,
    0x00, 0x00, 0x00, 0x00, 0x00, 0x00, 0x00, 0x00, 0x00, 0x00, 0x00, 0x00, 0x00, 0x00, 0x00, 0x00, 0x00, 0x00, 0x00, 0x00,
    0x00, 0x00, 0x00, 0x00, 0x00, 0x00, 0x00, 0x00, 0x00, 0x00, 0x00, 0x00, 0x00, 0x00, 0x00, 0x00, 0x00, 0x00, 0x00, 0x00,
    0x00, 0x00, 0x00, 0x00, 0x00, 0x00, 0x00, 0x00, 0x00, 0x00, 0x20, 0x00, 0xab, 0x52, 0x8f, 0x73, 0xab, 0x52, 0x20, 0x00,
    0x20, 0x00, 0x21, 0x00, 0x21, 0x00, 0x21, 0x00, 0x21, 0x00, 0x21, 0x00, 0x21, 0x00, 0x21, 0x00, 0x21, 0x00, 0x21, 0x00,
    0x20, 0x00, 0x21, 0x00, 0x21, 0x00, 0x21, 0x00, 0x21, 0x00, 0x21, 0x00, 0x21, 0x00, 0x21, 0x00, 0x21, 0x00, 0x41, 0x08,
    0x41, 0x08, 0x41, 0x08, 0x41, 0x08, 0x41, 0x08, 0x41, 0x08, 0x41, 0x08, 0x41, 0x08, 0x41, 0x08, 0x41, 0x08, 0x41, 0x08,
    0x41, 0x08, 0x41, 0x08, 0x41, 0x08, 0x41, 0x08, 0x41, 0x08, 0x41, 0x08, 0x41, 0x08, 0x41, 0x08, 0x41, 0x08, 0xa2, 0x10,
    0x25, 0x21, 0x25, 0x21, 0xa2, 0x10, 0x41, 0x08, 0x41, 0x08, 0x41, 0x08, 0x61, 0x08, 0x41, 0x08, 0x41, 0x08, 0x41, 0x08,
    0x41, 0x08, 0x41, 0x08, 0x41, 0x08, 0x41, 0x08, 0x41, 0x08, 0x41, 0x08, 0x41, 0x08, 0x41, 0x08, 0x41, 0x08, 0x41, 0x08,
    0x41, 0x08, 0x41, 0x08, 0x41, 0x08, 0x41, 0x08, 0x41, 0x08, 0x41, 0x08, 0x41, 0x08, 0x41, 0x08, 0x41, 0x08, 0x41, 0x08,
    0x41, 0x08, 0x41, 0x08, 0x41, 0x08, 0x61, 0x08, 0x41, 0x08, 0x41, 0x08, 0x41, 0x08, 0xa2, 0x10, 0x25, 0x21, 0x25, 0x21,
    0xa2, 0x10, 0x41, 0x08, 0x41, 0x08, 0x41, 0x08, 0x41, 0x08, 0x41, 0x08, 0x41, 0x08, 0x41, 0x08, 0x41, 0x08, 0x41, 0x08,
    0x41, 0x08, 0x41, 0x08, 0x41, 0x08, 0x41, 0x08, 0x41, 0x08, 0x41, 0x08, 0x41, 0x08, 0x41, 0x08, 0x41, 0x08, 0x41, 0x08,
    0x41, 0x08, 0x21, 0x00, 0x21, 0x00, 0x21, 0x00, 0x21, 0x00, 0x21, 0x00, 0x21, 0x00, 0x21, 0x00, 0x20, 0x00, 0x04, 0x21,
    0x92, 0x94, 0x4d, 0x6b, 0x00, 0x00, 0x00, 0x00, 0x41, 0x08, 0x21, 0x00, 0x21, 0x00, 0x21, 0x00, 0x21, 0x00, 0x20, 0x00,
    0x20, 0x00, 0x8a, 0x52, 0x6e, 0x6b, 0x8a, 0x52, 0x20, 0x00, 0x00, 0x00, 0x00, 0x00, 0x00, 0x00, 0x00, 0x00, 0x00, 0x00,
    0x00, 0x00, 0x00, 0x00, 0x00, 0x00, 0x00, 0x00, 0x00, 0x00, 0x00, 0x00, 0x00, 0x00, 0x00, 0x00, 0x00, 0x00, 0x00, 0x00,
    0x00, 0x00, 0x00, 0x00, 0x00, 0x00, 0x00, 0x00, 0x00, 0x00, 0x00, 0x00, 0x00, 0x00, 0x00, 0x00, 0x00, 0x00, 0x00, 0x00,
    0x00, 0x00, 0x00, 0x00, 0x00, 0x00, 0x00, 0x00, 0x00, 0x00, 0x00, 0x00, 0x00, 0x00, 0x00, 0x00, 0x00, 0x00, 0x00, 0x00,
    0x00, 0x00, 0x00, 0x00, 0x00, 0x00, 0x00, 0x00, 0x00, 0x00, 0x00, 0x00, 0x00, 0x00, 0x00, 0x00, 0x00, 0x00, 0x00, 0x00,
    0x00, 0x00, 0x00, 0x00, 0x00, 0x00, 0x00, 0x00, 0x00, 0x00, 0x00, 0x00, 0x00, 0x00, 0x00, 0x00, 0x00, 0x00, 0x00, 0x00,
    0x00, 0x00, 0x00, 0x00, 0x00, 0x00, 0x00, 0x00, 0x00, 0x00, 0x00, 0x00, 0x00, 0x00, 0x00, 0x00, 0x00, 0x00, 0x00, 0x00,
    0x00, 0x00, 0x00, 0x00, 0x00, 0x00, 0x00, 0x00, 0x00, 0x00, 0x00, 0x00, 0x04, 0x21, 0x4e, 0x6b, 0x6e, 0x6b, 0x86, 0x31,
    0x00, 0x00, 0x21, 0x00, 0x21, 0x00, 0x21, 0x00, 0x21, 0x00, 0x21, 0x00, 0x21, 0x00, 0x21, 0x00, 0x20, 0x00, 0x20, 0x00,
    0x41, 0x08, 0x21, 0x00, 0x21, 0x00, 0x21, 0x00, 0x21, 0x00, 0x21, 0x00, 0x21, 0x00, 0x21, 0x00, 0x21, 0x00, 0x21, 0x00,
    0x41, 0x08, 0x41, 0x08, 0x41, 0x08, 0x41, 0x08, 0x41, 0x08, 0x41, 0x08, 0x41, 0x08, 0x41, 0x08, 0x41, 0x08, 0x41, 0x08,
    0x41, 0x08, 0x41, 0x08, 0x41, 0x08, 0x41, 0x08, 0x41, 0x08, 0x41, 0x08, 0x41, 0x08, 0x41, 0x08, 0x41, 0x08, 0x41, 0x08,
    0x41, 0x08, 0xa3, 0x10, 0x25, 0x21, 0x25, 0x21, 0xc3, 0x18, 0x61, 0x08, 0x41, 0x08, 0x41, 0x08, 0x41, 0x08, 0x41, 0x08,
    0x61, 0x08, 0x41, 0x08, 0x41, 0x08, 0x41, 0x08, 0x41, 0x08, 0x41, 0x08, 0x41, 0x08, 0x41, 0x08, 0x41, 0x08, 0x41, 0x08,
    0x41, 0x08, 0x41, 0x08, 0x41, 0x08, 0x41, 0x08, 0x41, 0x08, 0x41, 0x08, 0x41, 0x08, 0x41, 0x08, 0x41, 0x08, 0x61, 0x08,
    0x41, 0x08, 0x41, 0x08, 0x41, 0x08, 0x41, 0x08, 0x61, 0x08, 0xc3, 0x18, 0x25, 0x21, 0x25, 0x21, 0xa3, 0x10, 0x41, 0x08,
    0x41, 0x08, 0x41, 0x08, 0x41, 0x08, 0x41, 0x08, 0x41, 0x08, 0x41, 0x08, 0x41, 0x08, 0x41, 0x08, 0x41, 0x08, 0x41, 0x08,
    0x41, 0x08, 0x41, 0x08, 0x41, 0x08, 0x41, 0x08, 0x41, 0x08, 0x41, 0x08, 0x41, 0x08, 0x41, 0x08, 0x41, 0x08, 0x41, 0x08,
    0x21, 0x00, 0x21, 0x00, 0x21, 0x00, 0x21, 0x00, 0x21, 0x00, 0x21, 0x00, 0x21, 0x00, 0x21, 0x00, 0x21, 0x00, 0x00, 0x00,
    0x00, 0x00, 0x8e, 0x73, 0x92, 0x94, 0xe4, 0x18, 0x00, 0x00, 0x41, 0x08, 0x21, 0x00, 0x21, 0x00, 0x21, 0x00, 0x00, 0x00,
    0x86, 0x31, 0x6e, 0x6b, 0x2d, 0x63, 0xe4, 0x18, 0x00, 0x00, 0x00, 0x00, 0x00, 0x00, 0x00, 0x00, 0x00, 0x00, 0x00, 0x00,
    0x00, 0x00, 0x00, 0x00, 0x00, 0x00, 0x00, 0x00, 0x00, 0x00, 0x00, 0x00, 0x00, 0x00, 0x00, 0x00, 0x00, 0x00, 0x00, 0x00,
    0x00, 0x00, 0x00, 0x00, 0x00, 0x00, 0x00, 0x00, 0x00, 0x00, 0x00, 0x00, 0x00, 0x00, 0x00, 0x00, 0x00, 0x00, 0x00, 0x00,
    0x00, 0x00, 0x00, 0x00, 0x00, 0x00, 0x00, 0x00, 0x00, 0x00, 0x00, 0x00, 0x00, 0x00, 0x00, 0x00, 0x00, 0x00, 0x00, 0x00,
    0x00, 0x00, 0x00, 0x00, 0x00, 0x00, 0x00, 0x00, 0x00, 0x00, 0x00, 0x00, 0x00, 0x00, 0x00, 0x00, 0x00, 0x00, 0x00, 0x00,
    0x00, 0x00, 0x00, 0x00, 0x00, 0x00, 0x00, 0x00, 0x00, 0x00, 0x00, 0x00, 0x00, 0x00, 0x00, 0x00, 0x00, 0x00, 0x00, 0x00,
    0x00, 0x00, 0x00, 0x00, 0x00, 0x00, 0x00, 0x00, 0x00, 0x00, 0x00, 0x00, 0x00, 0x00, 0x00, 0x00, 0x00, 0x00, 0x00, 0x00,
    0x00, 0x00, 0x00, 0x00, 0x00, 0x00, 0x00, 0x00, 0x00, 0x00, 0x00, 0x00, 0x00, 0x00, 0x08, 0x42, 0x8e, 0x73, 0x0c, 0x63,
    0x82, 0x10, 0x00, 0x00, 0x21, 0x00, 0x21, 0x00, 0x21, 0x00, 0x21, 0x00, 0x21, 0x00, 0x20, 0x00, 0x41, 0x08, 0xa3, 0x10,
    0x61, 0x08, 0x20, 0x00, 0x21, 0x00, 0x21, 0x00, 0x21, 0x00, 0x21, 0x00, 0x21, 0x00, 0x21, 0x00, 0x21, 0x00, 0x21, 0x00,
    0x21, 0x00, 0x41, 0x08, 0x41, 0x08, 0x41, 0x08, 0x41, 0x08, 0x41, 0x08, 0x41, 0x08, 0x41, 0x08, 0x41, 0x08, 0x41, 0x08,
    0x41, 0x08, 0x41, 0x08, 0x41, 0x08, 0x41, 0x08, 0x41, 0x08, 0x41, 0x08, 0x41, 0x08, 0x41, 0x08, 0x41, 0x08, 0x41, 0x08,
    0x41, 0x08, 0x41, 0x08, 0x41, 0x08, 0xa2, 0x10, 0x04, 0x21, 0x25, 0x21, 0x04, 0x21, 0xa3, 0x10, 0x61, 0x08, 0x41, 0x08,
    0x41, 0x08, 0x41, 0x08, 0x41, 0x08, 0x41, 0x08, 0x41, 0x08, 0x61, 0x08, 0x61, 0x08, 0x41, 0x08, 0x41, 0x08, 0x41, 0x08,
    0x41, 0x08, 0x41, 0x08, 0x41, 0x08, 0x61, 0x08, 0x61, 0x08, 0x41, 0x08, 0x41, 0x08, 0x41, 0x08, 0x41, 0x08, 0x41, 0x08,
    0x41, 0x08, 0x61, 0x08, 0xa3, 0x10, 0x04, 0x21, 0x25, 0x21, 0x04, 0x21, 0xa2, 0x10, 0x41, 0x08, 0x41, 0x08, 0x41, 0x08,
    0x41, 0x08, 0x41, 0x08, 0x41, 0x08, 0x41, 0x08, 0x41, 0x08, 0x41, 0x08, 0x41, 0x08, 0x41, 0x08, 0x41, 0x08, 0x41, 0x08,
    0x41, 0x08, 0x41, 0x08, 0x41, 0x08, 0x41, 0x08, 0x41, 0x08, 0x41, 0x08, 0x41, 0x08, 0x41, 0x08, 0x41, 0x08, 0x21, 0x00,
    0x21, 0x00, 0x21, 0x00, 0x21, 0x00, 0x21, 0x00, 0x21, 0x00, 0x21, 0x00, 0x21, 0x00, 0x21, 0x00, 0x20, 0x00, 0x62, 0x08,
    0xc3, 0x18, 0x00, 0x00, 0xe8, 0x39, 0x14, 0xa5, 0x8a, 0x52, 0x20, 0x00, 0x21, 0x00, 0x21, 0x00, 0x00, 0x00, 0x82, 0x10,
    0x0c, 0x63, 0x6e, 0x6b, 0x08, 0x42, 0x00, 0x00, 0x00, 0x00, 0x00, 0x00, 0x00, 0x00, 0x00, 0x00, 0x00, 0x00, 0x00, 0x00,
    0x00, 0x00, 0x00, 0x00, 0x00, 0x00, 0x00, 0x00, 0x00, 0x00, 0x00, 0x00, 0x00, 0x00, 0x00, 0x00, 0x00, 0x00, 0x00, 0x00,
    0x00, 0x00, 0x00, 0x00, 0x00, 0x00, 0x00, 0x00, 0x00, 0x00, 0x00, 0x00, 0x00, 0x00, 0x00, 0x00, 0x00, 0x00, 0x00, 0x00,
    0x00, 0x00, 0x00, 0x00, 0x00, 0x00, 0x00, 0x00, 0x00, 0x00, 0x00, 0x00, 0x00, 0x00, 0x00, 0x00, 0x00, 0x00, 0x00, 0x00,
    0x00, 0x00, 0x00, 0x00, 0x00, 0x00, 0x00, 0x00, 0x00, 0x00, 0x00, 0x00, 0x00, 0x00, 0x00, 0x00, 0x00, 0x00, 0x00, 0x00,
    0x00, 0x00, 0x00, 0x00, 0x00, 0x00, 0x00, 0x00, 0x00, 0x00, 0x00, 0x00, 0x00, 0x00, 0x00, 0x00, 0x00, 0x00, 0x00, 0x00,
    0x00, 0x00, 0x00, 0x00, 0x00, 0x00, 0x00, 0x00, 0x00, 0x00, 0x00, 0x00, 0x00, 0x00, 0x00, 0x00, 0x00, 0x00, 0x00, 0x00,
    0x00, 0x00, 0x00, 0x00, 0x00, 0x00, 0x00, 0x00, 0x00, 0x00, 0x00, 0x00, 0x00, 0x00, 0x61, 0x08, 0xec, 0x5a, 0x6e, 0x6b,
    0x49, 0x4a, 0x00, 0x00, 0x20, 0x00, 0x21, 0x00, 0x21, 0x00, 0x21, 0x00, 0x20, 0x00, 0x61, 0x08, 0xc3, 0x18, 0x61, 0x08,
    0x20, 0x00, 0x21, 0x00, 0x21, 0x00, 0x21, 0x00, 0x21, 0x00, 0x21, 0x00, 0x21, 0x00, 0x21, 0x00, 0x21, 0x00, 0x21, 0x00,
    0x21, 0x00, 0x21, 0x00, 0x41, 0x08, 0x41, 0x08, 0x41, 0x08, 0x41, 0x08, 0x41, 0x08, 0x41, 0x08, 0x41, 0x08, 0x41, 0x08,
    0x41, 0x08, 0x41, 0x08, 0x41, 0x08, 0x41, 0x08, 0x41, 0x08, 0x41, 0x08, 0x41, 0x08, 0x41, 0x08, 0x41, 0x08, 0x41, 0x08,
    0x41, 0x08, 0x41, 0x08, 0x41, 0x08, 0x41, 0x08, 0x41, 0x08, 0x62, 0x08, 0xc3, 0x18, 0x24, 0x21, 0x25, 0x21, 0x04, 0x21,
    0xc3, 0x18, 0x82, 0x10, 0x62, 0x08, 0x41, 0x08, 0x41, 0x08, 0x41, 0x08, 0x41, 0x08, 0x41, 0x08, 0x41, 0x08, 0x41, 0x08,
    0x41, 0x08, 0x41, 0x08, 0x41, 0x08, 0x41, 0x08, 0x41, 0x08, 0x41, 0x08, 0x41, 0x08, 0x62, 0x08, 0x82, 0x10, 0xc3, 0x18,
    0x04, 0x21, 0x25, 0x21, 0x24, 0x21, 0xc3, 0x18, 0x62, 0x08, 0x41, 0x08, 0x41, 0x08, 0x41, 0x08, 0x41, 0x08, 0x41, 0x08,
    0x41, 0x08, 0x41, 0x08, 0x41, 0x08, 0x41, 0x08, 0x41, 0x08, 0x41, 0x08, 0x41, 0x08, 0x41, 0x08, 0x41, 0x08, 0x41, 0x08,
    0x41, 0x08, 0x41, 0x08, 0x41, 0x08, 0x41, 0x08, 0x41, 0x08, 0x41, 0x08, 0x41, 0x08, 0x41, 0x08, 0x21, 0x00, 0x21, 0x00,
    0x21, 0x00, 0x21, 0x00, 0x21, 0x00, 0x21, 0x00, 0x21, 0x00, 0x21, 0x00, 0x21, 0x00, 0x21, 0x00, 0x21, 0x00, 0x20, 0x00,
    0x61, 0x08, 0xe3, 0x18, 0x00, 0x00, 0xa2, 0x10, 0x71, 0x8c, 0xe7, 0x39, 0x00, 0x00, 0x21, 0x00, 0x00, 0x00, 0x49, 0x4a,
    0x6e, 0x6b, 0xec, 0x5a, 0x61, 0x08, 0x00, 0x00, 0x00, 0x00, 0x00, 0x00, 0x00, 0x00, 0x00, 0x00, 0x00, 0x00, 0x00, 0x00,
    0x00, 0x00, 0x00, 0x00, 0x00, 0x00, 0x00, 0x00, 0x00, 0x00, 0x00, 0x00, 0x00, 0x00, 0x00, 0x00, 0x00, 0x00, 0x00, 0x00,
    0x00, 0x00, 0x00, 0x00, 0x00, 0x00, 0x00, 0x00, 0x00, 0x00, 0x00, 0x00, 0x00, 0x00, 0x00, 0x00, 0x00, 0x00, 0x00, 0x00,
    0x00, 0x00, 0x00, 0x00, 0x00, 0x00, 0x00, 0x00, 0x00, 0x00, 0x00, 0x00, 0x00, 0x00, 0x00, 0x00, 0x00, 0x00, 0x00, 0x00,
    0x00, 0x00, 0x00, 0x00, 0x00, 0x00, 0x00, 0x00, 0x00, 0x00, 0x00, 0x00, 0x00, 0x00, 0x00, 0x00, 0x00, 0x00, 0x00, 0x00,
    0x00, 0x00, 0x00, 0x00, 0x00, 0x00, 0x00, 0x00, 0x00, 0x00, 0x00, 0x00, 0x00, 0x00, 0x00, 0x00, 0x00, 0x00, 0x00, 0x00,
    0x00, 0x00, 0x00, 0x00, 0x00, 0x00, 0x00, 0x00, 0x00, 0x00, 0x00, 0x00, 0x00, 0x00, 0x00, 0x00, 0x00, 0x00, 0x00, 0x00,
    0x00, 0x00, 0x00, 0x00, 0x00, 0x00, 0x00, 0x00, 0x00, 0x00, 0x00, 0x00, 0x00, 0x00, 0x00, 0x00, 0x45, 0x29, 0x4e, 0x6b,
    0x4e, 0x6b, 0x66, 0x29, 0x00, 0x00, 0x21, 0x00, 0x21, 0x00, 0x21, 0x00, 0x62, 0x08, 0xc3, 0x18, 0x41, 0x08, 0x20, 0x00,
    0x21, 0x00, 0x21, 0x00, 0x21, 0x00, 0x20, 0x00, 0x21, 0x00, 0x21, 0x00, 0x21, 0x00, 0x21, 0x00, 0x21, 0x00, 0x21, 0x00,
    0x21, 0x00, 0x21, 0x00, 0x21, 0x00, 0x41, 0x08, 0x41, 0x08, 0x41, 0x08, 0x41, 0x08, 0x41, 0x08, 0x41, 0x08, 0x41, 0x08,
    0x41, 0x08, 0x41, 0x08, 0x41, 0x08, 0x41, 0x08, 0x41, 0x08, 0x41, 0x08, 0x41, 0x08, 0x41, 0x08, 0x41, 0x08, 0x41, 0x08,
    0x41, 0x08, 0x41, 0x08, 0x41, 0x08, 0x41, 0x08, 0x41, 0x08, 0x41, 0x08, 0x21, 0x00, 0x41, 0x08, 0x62, 0x08, 0xa3, 0x10,
    0xe4, 0x18, 0x24, 0x21, 0x25, 0x21, 0x25, 0x21, 0x04, 0x21, 0xe4, 0x18, 0xe3, 0x18, 0xc3, 0x18, 0xc3, 0x18, 0xa3, 0x10,
    0xa3, 0x10, 0xc3, 0x18, 0xc3, 0x18, 0xe3, 0x18, 0xe4, 0x18, 0x04, 0x21, 0x25, 0x21, 0x25, 0x21, 0x24, 0x21, 0xe4, 0x18,
    0xa3, 0x10, 0x62, 0x08, 0x41, 0x08, 0x21, 0x00, 0x41, 0x08, 0x41, 0x08, 0x41, 0x08, 0x41, 0x08, 0x41, 0x08, 0x41, 0x08,
    0x41, 0x08, 0x41, 0x08, 0x41, 0x08, 0x41, 0x08, 0x41, 0x08, 0x41, 0x08, 0x41, 0x08, 0x41, 0x08, 0x41, 0x08, 0x41, 0x08,
    0x41, 0x08, 0x41, 0x08, 0x41, 0x08, 0x41, 0x08, 0x41, 0x08, 0x41, 0x08, 0x41, 0x08, 0x21, 0x00, 0x21, 0x00, 0x21, 0x00,
    0x21, 0x00, 0x21, 0x00, 0x21, 0x00, 0x21, 0x00, 0x21, 0x00, 0x21, 0x00, 0x20, 0x00, 0x21, 0x00, 0x21, 0x00, 0x21, 0x00,
    0x20, 0x00, 0x41, 0x08, 0xc3, 0x18, 0x41, 0x08, 0x00, 0x00, 0x62, 0x08, 0x21, 0x00, 0x00, 0x00, 0x66, 0x29, 0x4e, 0x6b,
    0x4e, 0x6b, 0x45, 0x29, 0x00, 0x00, 0x00, 0x00, 0x00, 0x00, 0x00, 0x00, 0x00, 0x00, 0x00, 0x00, 0x00, 0x00, 0x00, 0x00,
    0x00, 0x00, 0x00, 0x00, 0x00, 0x00, 0x00, 0x00, 0x00, 0x00, 0x00, 0x00, 0x00, 0x00, 0x00, 0x00, 0x00, 0x00, 0x00, 0x00,
    0x00, 0x00, 0x00, 0x00, 0x00, 0x00, 0x00, 0x00, 0x00, 0x00, 0x00, 0x00, 0x00, 0x00, 0x00, 0x00, 0x00, 0x00, 0x00, 0x00,
    0x00, 0x00, 0x00, 0x00, 0x00, 0x00, 0x00, 0x00, 0x00, 0x00, 0x00, 0x00, 0x00, 0x00, 0x00, 0x00, 0x00, 0x00, 0x00, 0x00,
    0x00, 0x00, 0x00, 0x00, 0x00, 0x00, 0x00, 0x00, 0x00, 0x00, 0x00, 0x00, 0x00, 0x00, 0x00, 0x00, 0x00, 0x00, 0x00, 0x00,
    0x00, 0x00, 0x00, 0x00, 0x00, 0x00, 0x00, 0x00, 0x00, 0x00, 0x00, 0x00, 0x00, 0x00, 0x00, 0x00, 0x00, 0x00, 0x00, 0x00,
    0x00, 0x00, 0x00, 0x00, 0x00, 0x00, 0x00, 0x00, 0x00, 0x00, 0x00, 0x00, 0x00, 0x00, 0x00, 0x00, 0x00, 0x00, 0x00, 0x00,
    0x00, 0x00, 0x00, 0x00, 0x00, 0x00, 0x00, 0x00, 0x00, 0x00, 0x00, 0x00, 0x00, 0x00, 0x00, 0x00, 0x00, 0x00, 0x29, 0x42,
    0x6e, 0x6b, 0x0c, 0x63, 0xa2, 0x10, 0x00, 0x00, 0x21, 0x00, 0x20, 0x00, 0x41, 0x08, 0x21, 0x00, 0x20, 0x00, 0x21, 0x00,
    0x21, 0x00, 0x21, 0x00, 0x21, 0x00, 0x20, 0x00, 0x21, 0x00, 0x21, 0x00, 0x21, 0x00, 0x21, 0x00, 0x21, 0x00, 0x21, 0x00,
    0x21, 0x00, 0x21, 0x00, 0x21, 0x00, 0x21, 0x00, 0x41, 0x08, 0x41, 0x08, 0x41, 0x08, 0x41, 0x08, 0x41, 0x08, 0x41, 0x08,
    0x41, 0x08, 0x41, 0x08, 0x41, 0x08, 0x41, 0x08, 0x41, 0x08, 0x41, 0x08, 0x41, 0x08, 0x41, 0x08, 0x41, 0x08, 0x41, 0x08,
    0x41, 0x08, 0x41, 0x08, 0x41, 0x08, 0x41, 0x08, 0x41, 0x08, 0x41, 0x08, 0x41, 0x08, 0x41, 0x08, 0x41, 0x08, 0x41, 0x08,
    0x21, 0x00, 0x41, 0x08, 0x61, 0x08, 0x82, 0x10, 0xa3, 0x10, 0xc3, 0x18, 0xe4, 0x18, 0x04, 0x21, 0x04, 0x21, 0x04, 0x21,
    0x04, 0x21, 0x04, 0x21, 0x04, 0x21, 0xe4, 0x18, 0xc3, 0x18, 0xa3, 0x10, 0x82, 0x10, 0x61, 0x08, 0x41, 0x08, 0x21, 0x00,
    0x41, 0x08, 0x41, 0x08, 0x41, 0x08, 0x41, 0x08, 0x41, 0x08, 0x41, 0x08, 0x41, 0x08, 0x41, 0x08, 0x41, 0x08, 0x41, 0x08,
    0x41, 0x08, 0x41, 0x08, 0x41, 0x08, 0x41, 0x08, 0x41, 0x08, 0x41, 0x08, 0x41, 0x08, 0x41, 0x08, 0x41, 0x08, 0x41, 0x08,
    0x41, 0x08, 0x41, 0x08, 0x41, 0x08, 0x41, 0x08, 0x41, 0x08, 0x41, 0x08, 0x21, 0x00, 0x21, 0x00, 0x21, 0x00, 0x21, 0x00,
    0x21, 0x00, 0x21, 0x00, 0x21, 0x00, 0x21, 0x00, 0x21, 0x00, 0x21, 0x00, 0x20, 0x00, 0x21, 0x00, 0x21, 0x00, 0x21, 0x00,
    0x21, 0x00, 0x20, 0x00, 0x20, 0x00, 0x61, 0x08, 0x21, 0x00, 0x20, 0x00, 0x00, 0x00, 0xa2, 0x10, 0x0c, 0x63, 0x6e, 0x6b,
    0x29, 0x42, 0x00, 0x00, 0x00, 0x00, 0x00, 0x00, 0x00, 0x00, 0x00, 0x00, 0x00, 0x00, 0x00, 0x00, 0x00, 0x00, 0x00, 0x00,
    0x00, 0x00, 0x00, 0x00, 0x00, 0x00, 0x00, 0x00, 0x00, 0x00, 0x00, 0x00, 0x00, 0x00, 0x00, 0x00, 0x00, 0x00, 0x00, 0x00,
    0x00, 0x00, 0x00, 0x00, 0x00, 0x00, 0x00, 0x00, 0x00, 0x00, 0x00, 0x00, 0x00, 0x00, 0x00, 0x00, 0x00, 0x00, 0x00, 0x00,
    0x00, 0x00, 0x00, 0x00, 0x00, 0x00, 0x00, 0x00, 0x00, 0x00, 0x00, 0x00, 0x00, 0x00, 0x00, 0x00, 0x00, 0x00, 0x00, 0x00,
    0x00, 0x00, 0x00, 0x00, 0x00, 0x00, 0x00, 0x00, 0x00, 0x00, 0x00, 0x00, 0x00, 0x00, 0x00, 0x00, 0x00, 0x00, 0x00, 0x00,
    0x00, 0x00, 0x00, 0x00, 0x00, 0x00, 0x00, 0x00, 0x00, 0x00, 0x00, 0x00, 0x00, 0x00, 0x00, 0x00, 0x00, 0x00, 0x00, 0x00,
    0x00, 0x00, 0x00, 0x00, 0x00, 0x00, 0x00, 0x00, 0x00, 0x00, 0x00, 0x00, 0x00, 0x00, 0x00, 0x00, 0x00, 0x00, 0x00, 0x00,
    0x00, 0x00, 0x00, 0x00, 0x00, 0x00, 0x00, 0x00, 0x00, 0x00, 0x00, 0x00, 0x00, 0x00, 0x00, 0x00, 0x00, 0x00, 0x61, 0x08,
    0xcc, 0x5a, 0x6e, 0x6b, 0x8a, 0x52, 0x20, 0x00, 0x20, 0x00, 0x21, 0x00, 0x20, 0x00, 0x21, 0x00, 0x21, 0x00, 0x21, 0x00,
    0x21, 0x00, 0x21, 0x00, 0x21, 0x00, 0x20, 0x00, 0x20, 0x00, 0x21, 0x00, 0x21, 0x00, 0x21, 0x00, 0x21, 0x00, 0x21, 0x00,
    0x21, 0x00, 0x21, 0x00, 0x21, 0x00, 0x21, 0x00, 0x21, 0x00, 0x41, 0x08, 0x41, 0x08, 0x41, 0x08, 0x41, 0x08, 0x41, 0x08,
    0x41, 0x08, 0x41, 0x08, 0x41, 0x08, 0x41, 0x08, 0x41, 0x08, 0x41, 0x08, 0x41, 0x08, 0x41, 0x08, 0x41, 0x08, 0x41, 0x08,
    0x41, 0x08, 0x41, 0x08, 0x41, 0x08, 0x41, 0x08, 0x41, 0x08, 0x41, 0x08, 0x41, 0x08, 0x41, 0x08, 0x41, 0x08, 0x41, 0x08,
    0x41, 0x08, 0x41, 0x08, 0x41, 0x08, 0x41, 0x08, 0x41, 0x08, 0x21, 0x00, 0x21, 0x00, 0x41, 0x08, 0x41, 0x08, 0x41, 0x08,
    0x41, 0x08, 0x41, 0x08, 0x41, 0x08, 0x21, 0x00, 0x21, 0x00, 0x41, 0x08, 0x41, 0x08, 0x41, 0x08, 0x41, 0x08, 0x41, 0x08,
    0x41, 0x08, 0x41, 0x08, 0x41, 0x08, 0x41, 0x08, 0x41, 0x08, 0x41, 0x08, 0x41, 0x08, 0x41, 0x08, 0x41, 0x08, 0x41, 0x08,
    0x41, 0x08, 0x41, 0x08, 0x41, 0x08, 0x41, 0x08, 0x41, 0x08, 0x41, 0x08, 0x41, 0x08, 0x41, 0x08, 0x41, 0x08, 0x41, 0x08,
    0x41, 0x08, 0x41, 0x08, 0x41, 0x08, 0x41, 0x08, 0x41, 0x08, 0x21, 0x00, 0x21, 0x00, 0x21, 0x00, 0x21, 0x00, 0x21, 0x00,
    0x21, 0x00, 0x21, 0x00, 0x21, 0x00, 0x21, 0x00, 0x21, 0x00, 0x20, 0x00, 0x20, 0x00, 0x21, 0x00, 0x21, 0x00, 0x21, 0x00,
    0x21, 0x00, 0x21, 0x00, 0x21, 0x00, 0x20, 0x00, 0x21, 0x00, 0x20, 0x00, 0x20, 0x00, 0x8a, 0x52, 0x6e, 0x6b, 0xcc, 0x5a,
    0x61, 0x08, 0x00, 0x00, 0x00, 0x00, 0x00, 0x00, 0x00, 0x00, 0x00, 0x00, 0x00, 0x00, 0x00, 0x00, 0x00, 0x00, 0x00, 0x00,
    0x00, 0x00, 0x00, 0x00, 0x00, 0x00, 0x00, 0x00, 0x00, 0x00, 0x00, 0x00, 0x00, 0x00, 0x00, 0x00, 0x00, 0x00, 0x00, 0x00,
    0x00, 0x00, 0x00, 0x00, 0x00, 0x00, 0x00, 0x00, 0x00, 0x00, 0x00, 0x00, 0x00, 0x00, 0x00, 0x00, 0x00, 0x00, 0x00, 0x00,
    0x00, 0x00, 0x00, 0x00, 0x00, 0x00, 0x00, 0x00, 0x00, 0x00, 0x00, 0x00, 0x00, 0x00, 0x00, 0x00, 0x00, 0x00, 0x00, 0x00,
    0x00, 0x00, 0x00, 0x00, 0x00, 0x00, 0x00, 0x00, 0x00, 0x00, 0x00, 0x00, 0x00, 0x00, 0x00, 0x00, 0x00, 0x00, 0x00, 0x00,
    0x00, 0x00, 0x00, 0x00, 0x00, 0x00, 0x00, 0x00, 0x00, 0x00, 0x00, 0x00, 0x00, 0x00, 0x00, 0x00, 0x00, 0x00, 0x00, 0x00,
    0x00, 0x00, 0x00, 0x00, 0x00, 0x00, 0x00, 0x00, 0x00, 0x00, 0x00, 0x00, 0x00, 0x00, 0x00, 0x00, 0x00, 0x00, 0x00, 0x00,
    0x00, 0x00, 0x00, 0x00, 0x00, 0x00, 0x00, 0x00, 0x00, 0x00, 0x00, 0x00, 0x00, 0x00, 0x00, 0x00, 0x00, 0x00, 0x00, 0x00,
    0x04, 0x21, 0x2d, 0x63, 0x6e, 0x6b, 0xe8, 0x39, 0x00, 0x00, 0x21, 0x00, 0x20, 0x00, 0x21, 0x00, 0x21, 0x00, 0x21, 0x00,
    0x21, 0x00, 0x21, 0x00, 0x21, 0x00, 0x21, 0x00, 0x20, 0x00, 0x20, 0x00, 0x21, 0x00, 0x21, 0x00, 0x21, 0x00, 0x21, 0x00,
    0x21, 0x00, 0x21, 0x00, 0x21, 0x00, 0x21, 0x00, 0x21, 0x00, 0x21, 0x00, 0x41, 0x08, 0x41, 0x08, 0x41, 0x08, 0x41, 0x08,
    0x41, 0x08, 0x41, 0x08, 0x41, 0x08, 0x41, 0x08, 0x41, 0x08, 0x41, 0x08, 0x41, 0x08, 0x41, 0x08, 0x41, 0x08, 0x41, 0x08,
    0x41, 0x08, 0x41, 0x08, 0x41, 0x08, 0x41, 0x08, 0x41, 0x08, 0x41, 0x08, 0x41, 0x08, 0x41, 0x08, 0x41, 0x08, 0x41, 0x08,
    0x41, 0x08, 0x41, 0x08, 0x41, 0x08, 0x41, 0x08, 0x41, 0x08, 0x41, 0x08, 0x41, 0x08, 0x41, 0x08, 0x41, 0x08, 0x41, 0x08,
    0x41, 0x08, 0x41, 0x08, 0x41, 0x08, 0x41, 0x08, 0x41, 0x08, 0x41, 0x08, 0x41, 0x08, 0x41, 0x08, 0x41, 0x08, 0x41, 0x08,
    0x41, 0x08, 0x41, 0x08, 0x41, 0x08, 0x41, 0x08, 0x41, 0x08, 0x41, 0x08, 0x41, 0x08, 0x41, 0x08, 0x41, 0x08, 0x41, 0x08,
    0x41, 0x08, 0x41, 0x08, 0x41, 0x08, 0x41, 0x08, 0x41, 0x08, 0x41, 0x08, 0x41, 0x08, 0x41, 0x08, 0x41, 0x08, 0x41, 0x08,
    0x41, 0x08, 0x41, 0x08, 0x41, 0x08, 0x41, 0x08, 0x21, 0x00, 0x21, 0x00, 0x21, 0x00, 0x21, 0x00, 0x21, 0x00, 0x21, 0x00,
    0x21, 0x00, 0x21, 0x00, 0x21, 0x00, 0x21, 0x00, 0x20, 0x00, 0x20, 0x00, 0x21, 0x00, 0x21, 0x00, 0x21, 0x00, 0x21, 0x00,
    0x21, 0x00, 0x21, 0x00, 0x21, 0x00, 0x20, 0x00, 0x21, 0x00, 0x00, 0x00, 0xe8, 0x39, 0x6e, 0x6b, 0x2d, 0x63, 0x04, 0x21,
    0x00, 0x00, 0x00, 0x00, 0x00, 0x00, 0x00, 0x00, 0x00, 0x00, 0x00, 0x00, 0x00, 0x00, 0x00, 0x00, 0x00, 0x00, 0x00, 0x00,
    0x00, 0x00, 0x00, 0x00, 0x00, 0x00, 0x00, 0x00, 0x00, 0x00, 0x00, 0x00, 0x00, 0x00, 0x00, 0x00, 0x00, 0x00, 0x00, 0x00,
    0x00, 0x00, 0x00, 0x00, 0x00, 0x00, 0x00, 0x00, 0x00, 0x00, 0x00, 0x00, 0x00, 0x00, 0x00, 0x00, 0x00, 0x00, 0x00, 0x00,
    0x00, 0x00, 0x00, 0x00, 0x00, 0x00, 0x00, 0x00, 0x00, 0x00, 0x00, 0x00, 0x00, 0x00, 0x00, 0x00, 0x00, 0x00, 0x00, 0x00,
    0x00, 0x00, 0x00, 0x00, 0x00, 0x00, 0x00, 0x00, 0x00, 0x00, 0x00, 0x00, 0x00, 0x00, 0x00, 0x00, 0x00, 0x00, 0x00, 0x00,
    0x00, 0x00, 0x00, 0x00, 0x00, 0x00, 0x00, 0x00, 0x00, 0x00, 0x00, 0x00, 0x00, 0x00, 0x00, 0x00, 0x00, 0x00, 0x00, 0x00,
    0x00, 0x00, 0x00, 0x00, 0x00, 0x00, 0x00, 0x00, 0x00, 0x00, 0x00, 0x00, 0x00, 0x00, 0x00, 0x00, 0x00, 0x00, 0x00, 0x00,
    0x00, 0x00, 0x00, 0x00, 0x00, 0x00, 0x00, 0x00, 0x00, 0x00, 0x00, 0x00, 0x00, 0x00, 0x00, 0x00, 0x00, 0x00, 0x00, 0x00,
    0x00, 0x00, 0xc7, 0x39, 0x6e, 0x6b, 0x4d, 0x6b, 0x65, 0x29, 0x00, 0x00, 0x21, 0x00, 0x20, 0x00, 0x21, 0x00, 0x21, 0x00,
    0x21, 0x00, 0x21, 0x00, 0x21, 0x00, 0x20, 0x00, 0x41, 0x08, 0xa2, 0x10, 0x20, 0x00, 0x21, 0x00, 0x21, 0x00, 0x21, 0x00,
    0x21, 0x00, 0x21, 0x00, 0x21, 0x00, 0x21, 0x00, 0x21, 0x00, 0x21, 0x00, 0x21, 0x00, 0x21, 0x00, 0x41, 0x08, 0x41, 0x08,
    0x41, 0x08, 0x41, 0x08, 0x41, 0x08, 0x41, 0x08, 0x41, 0x08, 0x41, 0x08, 0x41, 0x08, 0x41, 0x08, 0x41, 0x08, 0x41, 0x08,
    0x41, 0x08, 0x41, 0x08, 0x41, 0x08, 0x41, 0x08, 0x41, 0x08, 0x41, 0x08, 0x41, 0x08, 0x41, 0x08, 0x41, 0x08, 0x41, 0x08,
    0x41, 0x08, 0x41, 0x08, 0x41, 0x08, 0x41, 0x08, 0x41, 0x08, 0x41, 0x08, 0x41, 0x08, 0x41, 0x08, 0x41, 0x08, 0x41, 0x08,
    0x41, 0x08, 0x41, 0x08, 0x41, 0x08, 0x41, 0x08, 0x41, 0x08, 0x41, 0x08, 0x41, 0x08, 0x41, 0x08, 0x41, 0x08, 0x41, 0x08,
    0x41, 0x08, 0x41, 0x08, 0x41, 0x08, 0x41, 0x08, 0x41, 0x08, 0x41, 0x08, 0x41, 0x08, 0x41, 0x08, 0x41, 0x08, 0x41, 0x08,
    0x41, 0x08, 0x41, 0x08, 0x41, 0x08, 0x41, 0x08, 0x41, 0x08, 0x41, 0x08, 0x41, 0x08, 0x41, 0x08, 0x41, 0x08, 0x41, 0x08,
    0x41, 0x08, 0x41, 0x08, 0x21, 0x00, 0x21, 0x00, 0x21, 0x00, 0x21, 0x00, 0x21, 0x00, 0x21, 0x00, 0x21, 0x00, 0x41, 0x08,
    0x21, 0x00, 0x21, 0x00, 0x21, 0x00, 0x20, 0x00, 0xa2, 0x10, 0x41, 0x08, 0x20, 0x00, 0x21, 0x00, 0x21, 0x00, 0x21, 0x00,
    0x21, 0x00, 0x21, 0x00, 0x20, 0x00, 0x21, 0x00, 0x00, 0x00, 0x65, 0x29, 0x4d, 0x6b, 0x6e, 0x6b, 0xc7, 0x39, 0x00, 0x00,
    0x00, 0x00, 0x00, 0x00, 0x00, 0x00, 0x00, 0x00, 0x00, 0x00, 0x00, 0x00, 0x00, 0x00, 0x00, 0x00, 0x00, 0x00, 0x00, 0x00,
    0x00, 0x00, 0x00, 0x00, 0x00, 0x00, 0x00, 0x00, 0x00, 0x00, 0x00, 0x00, 0x00, 0x00, 0x00, 0x00, 0x00, 0x00, 0x00, 0x00,
    0x00, 0x00, 0x00, 0x00, 0x00, 0x00, 0x00, 0x00, 0x00, 0x00, 0x00, 0x00, 0x00, 0x00, 0x00, 0x00, 0x00, 0x00, 0x00, 0x00,
    0x00, 0x00, 0x00, 0x00, 0x00, 0x00, 0x00, 0x00, 0x00, 0x00, 0x00, 0x00, 0x00, 0x00, 0x00, 0x00, 0x00, 0x00, 0x00, 0x00,
    0x00, 0x00, 0x00, 0x00, 0x00, 0x00, 0x00, 0x00, 0x00, 0x00, 0x00, 0x00, 0x00, 0x00, 0x00, 0x00, 0x00, 0x00, 0x00, 0x00,
    0x00, 0x00, 0x00, 0x00, 0x00, 0x00, 0x00, 0x00, 0x00, 0x00, 0x00, 0x00, 0x00, 0x00, 0x00, 0x00, 0x00, 0x00, 0x00, 0x00,
    0x00, 0x00, 0x00, 0x00, 0x00, 0x00, 0x00, 0x00, 0x00, 0x00, 0x00, 0x00, 0x00, 0x00, 0x00, 0x00, 0x00, 0x00, 0x00, 0x00,
    0x00, 0x00, 0x00, 0x00, 0x00, 0x00, 0x00, 0x00, 0x00, 0x00, 0x00, 0x00, 0x00, 0x00, 0x00, 0x00, 0x00, 0x00, 0x00, 0x00,
    0x00, 0x00, 0x20, 0x00, 0x49, 0x4a, 0x6e, 0x6b, 0x2d, 0x63, 0xe3, 0x18, 0x00, 0x00, 0x21, 0x00, 0x20, 0x00, 0x21, 0x00,
    0x21, 0x00, 0x21, 0x00, 0x20, 0x00, 0x41, 0x08, 0xc3, 0x18, 0x41, 0x08, 0x20, 0x00, 0x20, 0x00, 0x21, 0x00, 0x21, 0x00,
    0x21, 0x00, 0x21, 0x00, 0x21, 0x00, 0x21, 0x00, 0x21, 0x00, 0x21, 0x00, 0x21, 0x00, 0x21, 0x00, 0x21, 0x00, 0x41, 0x08,
    0x41, 0x08, 0x41, 0x08, 0x41, 0x08, 0x41, 0x08, 0x41, 0x08, 0x41, 0x08, 0x41, 0x08, 0x41, 0x08, 0x41, 0x08, 0x41, 0x08,
    0x41, 0x08, 0x41, 0x08, 0x41, 0x08, 0x41, 0x08, 0x41, 0x08, 0x41, 0x08, 0x41, 0x08, 0x41, 0x08, 0x41, 0x08, 0x41, 0x08,
    0x41, 0x08, 0x41, 0x08, 0x41, 0x08, 0x41, 0x08, 0x41, 0x08, 0x41, 0x08, 0x41, 0x08, 0x41, 0x08, 0x41, 0x08, 0x41, 0x08,
    0x41, 0x08, 0x41, 0x08, 0x41, 0x08, 0x41, 0x08, 0x41, 0x08, 0x41, 0x08, 0x41, 0x08, 0x41, 0x08, 0x41, 0x08, 0x41, 0x08,
    0x41, 0x08, 0x41, 0x08, 0x41, 0x08, 0x41, 0x08, 0x41, 0x08, 0x41, 0x08, 0x41, 0x08, 0x41, 0x08, 0x41, 0x08, 0x41, 0x08,
    0x41, 0x08, 0x41, 0x08, 0x41, 0x08, 0x41, 0x08, 0x41, 0x08, 0x41, 0x08, 0x41, 0x08, 0x41, 0x08, 0x41, 0x08, 0x41, 0x08,
    0x41, 0x08, 0x21, 0x00, 0x21, 0x00, 0x21, 0x00, 0x21, 0x00, 0x21, 0x00, 0x21, 0x00, 0x21, 0x00, 0x20, 0x00, 0x00, 0x00,
    0x21, 0x00, 0x21, 0x00, 0x20, 0x00, 0x20, 0x00, 0x41, 0x08, 0xc3, 0x18, 0x41, 0x08, 0x20, 0x00, 0x21, 0x00, 0x21, 0x00,
    0x21, 0x00, 0x20, 0x00, 0x21, 0x00, 0x00, 0x00, 0xe3, 0x18, 0x2d, 0x63, 0x6e, 0x6b, 0x49, 0x4a, 0x20, 0x00, 0x00, 0x00,
    0x00, 0x00, 0x00, 0x00, 0x00, 0x00, 0x00, 0x00, 0x00, 0x00, 0x00, 0x00, 0x00, 0x00, 0x00, 0x00, 0x00, 0x00, 0x00, 0x00,
    0x00, 0x00, 0x00, 0x00, 0x00, 0x00, 0x00, 0x00, 0x00, 0x00, 0x00, 0x00, 0x00, 0x00, 0x00, 0x00, 0x00, 0x00, 0x00, 0x00,
    0x00, 0x00, 0x00, 0x00, 0x00, 0x00, 0x00, 0x00, 0x00, 0x00, 0x00, 0x00, 0x00, 0x00, 0x00, 0x00, 0x00, 0x00, 0x00, 0x00,
    0x00, 0x00, 0x00, 0x00, 0x00, 0x00, 0x00, 0x00, 0x00, 0x00, 0x00, 0x00, 0x00, 0x00, 0x00, 0x00, 0x00, 0x00, 0x00, 0x00,
    0x00, 0x00, 0x00, 0x00, 0x00, 0x00, 0x00, 0x00, 0x00, 0x00, 0x00, 0x00, 0x00, 0x00, 0x00, 0x00, 0x00, 0x00, 0x00, 0x00,
    0x00, 0x00, 0x00, 0x00, 0x00, 0x00, 0x00, 0x00, 0x00, 0x00, 0x00, 0x00, 0x00, 0x00, 0x00, 0x00, 0x00, 0x00, 0x00, 0x00,
    0x00, 0x00, 0x00, 0x00, 0x00, 0x00, 0x00, 0x00, 0x00, 0x00, 0x00, 0x00, 0x00, 0x00, 0x00, 0x00, 0x00, 0x00, 0x00, 0x00,
    0x00, 0x00, 0x00, 0x00, 0x00, 0x00, 0x00, 0x00, 0x00, 0x00, 0x00, 0x00, 0x00, 0x00, 0x00, 0x00, 0x00, 0x00, 0x00, 0x00,
    0x00, 0x00, 0x00, 0x00, 0x61, 0x08, 0xcb, 0x5a, 0x6e, 0x6b, 0xec, 0x5a, 0x82, 0x10, 0x00, 0x00, 0x21, 0x00, 0x20, 0x00,
    0x21, 0x00, 0x20, 0x00, 0x41, 0x08, 0xc3, 0x18, 0x41, 0x08, 0x20, 0x00, 0x20, 0x00, 0x20, 0x00, 0x20, 0x00, 0x20, 0x00,
    0x21, 0x00, 0x21, 0x00, 0x21, 0x00, 0x21, 0x00, 0x21, 0x00, 0x21, 0x00, 0x21, 0x00, 0x21, 0x00, 0x21, 0x00, 0x21, 0x00,
    0x21, 0x00, 0x41, 0x08, 0x41, 0x08, 0x41, 0x08, 0x41, 0x08, 0x41, 0x08, 0x41, 0x08, 0x41, 0x08, 0x41, 0x08, 0x41, 0x08,
    0x41, 0x08, 0x41, 0x08, 0x41, 0x08, 0x41, 0x08, 0x41, 0x08, 0x41, 0x08, 0x41, 0x08, 0x41, 0x08, 0x41, 0x08, 0x41, 0x08,
    0x41, 0x08, 0x41, 0x08, 0x41, 0x08, 0x41, 0x08, 0x41, 0x08, 0x41, 0x08, 0x41, 0x08, 0x41, 0x08, 0x41, 0x08, 0x41, 0x08,
    0x41, 0x08, 0x41, 0x08, 0x41, 0x08, 0x41, 0x08, 0x41, 0x08, 0x41, 0x08, 0x41, 0x08, 0x41, 0x08, 0x41, 0x08, 0x41, 0x08,
    0x41, 0x08, 0x41, 0x08, 0x41, 0x08, 0x41, 0x08, 0x41, 0x08, 0x41, 0x08, 0x41, 0x08, 0x41, 0x08, 0x41, 0x08, 0x41, 0x08,
    0x41, 0x08, 0x41, 0x08, 0x41, 0x08, 0x41, 0x08, 0x41, 0x08, 0x41, 0x08, 0x41, 0x08, 0x41, 0x08, 0x41, 0x08, 0x21, 0x00,
    0x21, 0x00, 0x21, 0x00, 0x21, 0x00, 0x21, 0x00, 0x21, 0x00, 0x21, 0x00, 0x21, 0x00, 0x20, 0x00, 0x41, 0x08, 0x45, 0x29,
    0x00, 0x00, 0x21, 0x00, 0x20, 0x00, 0x20, 0x00, 0x20, 0x00, 0x41, 0x08, 0xc3, 0x18, 0x41, 0x08, 0x20, 0x00, 0x21, 0x00,
    0x20, 0x00, 0x21, 0x00, 0x00, 0x00, 0x82, 0x10, 0xec, 0x5a, 0x6e, 0x6b, 0xcb, 0x5a, 0x61, 0x08, 0x00, 0x00, 0x00, 0x00,
    0x00, 0x00, 0x00, 0x00, 0x00, 0x00, 0x00, 0x00, 0x00, 0x00, 0x00, 0x00, 0x00, 0x00, 0x00, 0x00, 0x00, 0x00, 0x00, 0x00,
    0x00, 0x00, 0x00, 0x00, 0x00, 0x00, 0x00, 0x00, 0x00, 0x00, 0x00, 0x00, 0x00, 0x00, 0x00, 0x00, 0x00, 0x00, 0x00, 0x00,
    0x00, 0x00, 0x00, 0x00, 0x00, 0x00, 0x00, 0x00, 0x00, 0x00, 0x00, 0x00, 0x00, 0x00, 0x00, 0x00, 0x00, 0x00, 0x00, 0x00,
    0x00, 0x00, 0x00, 0x00, 0x00, 0x00, 0x00, 0x00, 0x00, 0x00, 0x00, 0x00, 0x00, 0x00, 0x00, 0x00, 0x00, 0x00, 0x00, 0x00,
    0x00, 0x00, 0x00, 0x00, 0x00, 0x00, 0x00, 0x00, 0x00, 0x00, 0x00, 0x00, 0x00, 0x00, 0x00, 0x00, 0x00, 0x00, 0x00, 0x00,
    0x00, 0x00, 0x00, 0x00, 0x00, 0x00, 0x00, 0x00, 0x00, 0x00, 0x00, 0x00, 0x00, 0x00, 0x00, 0x00, 0x00, 0x00, 0x00, 0x00,
    0x00, 0x00, 0x00, 0x00, 0x00, 0x00, 0x00, 0x00, 0x00, 0x00, 0x00, 0x00, 0x00, 0x00, 0x00, 0x00, 0x00, 0x00, 0x00, 0x00,
    0x00, 0x00, 0x00, 0x00, 0x00, 0x00, 0x00, 0x00, 0x00, 0x00, 0x00, 0x00, 0x00, 0x00, 0x00, 0x00, 0x00, 0x00, 0x00, 0x00,
    0x00, 0x00, 0x00, 0x00, 0x00, 0x00, 0xa3, 0x10, 0x0c, 0x63, 0x6e, 0x6b, 0xab, 0x52, 0x61, 0x08, 0x00, 0x00, 0x21, 0x00,
    0x20, 0x00, 0x20, 0x00, 0x82, 0x10, 0x41, 0x08, 0x20, 0x00, 0x20, 0x00, 0x20, 0x00, 0x20, 0x00, 0x20, 0x00, 0x20, 0x00,
    0x20, 0x00, 0x21, 0x00, 0x21, 0x00, 0x21, 0x00, 0x21, 0x00, 0x21, 0x00, 0x21, 0x00, 0x21, 0x00, 0x21, 0x00, 0x21, 0x00,
    0x21, 0x00, 0x21, 0x00, 0x41, 0x08, 0x41, 0x08, 0x41, 0x08, 0x41, 0x08, 0x41, 0x08, 0x41, 0x08, 0x41, 0x08, 0x41, 0x08,
    0x41, 0x08, 0x41, 0x08, 0x41, 0x08, 0x41, 0x08, 0x41, 0x08, 0x41, 0x08, 0x41, 0x08, 0x41, 0x08, 0x41, 0x08, 0x41, 0x08,
    0x41, 0x08, 0x41, 0x08, 0x41, 0x08, 0x41, 0x08, 0x41, 0x08, 0x41, 0x08, 0x41, 0x08, 0x41, 0x08, 0x41, 0x08, 0x41, 0x08,
    0x41, 0x08, 0x41, 0x08, 0x41, 0x08, 0x41, 0x08, 0x41, 0x08, 0x41, 0x08, 0x41, 0x08, 0x41, 0x08, 0x41, 0x08, 0x41, 0x08,
    0x41, 0x08, 0x41, 0x08, 0x41, 0x08, 0x41, 0x08, 0x41, 0x08, 0x41, 0x08, 0x41, 0x08, 0x41, 0x08, 0x41, 0x08, 0x41, 0x08,
    0x41, 0x08, 0x41, 0x08, 0x41, 0x08, 0x41, 0x08, 0x41, 0x08, 0x41, 0x08, 0x41, 0x08, 0x41, 0x08, 0x21, 0x00, 0x21, 0x00,
    0x21, 0x00, 0x21, 0x00, 0x21, 0x00, 0x21, 0x00, 0x21, 0x00, 0x21, 0x00, 0x21, 0x00, 0x21, 0x00, 0x00, 0x00, 0xae, 0x73,
    0x8a, 0x52, 0x00, 0x00, 0x41, 0x08, 0x20, 0x00, 0x21, 0x00, 0x20, 0x00, 0x41, 0x08, 0x82, 0x10, 0x20, 0x00, 0x20, 0x00,
    0x21, 0x00, 0x00, 0x00, 0x61, 0x08, 0xab, 0x52, 0x6e, 0x6b, 0x0c, 0x63, 0xa3, 0x10, 0x00, 0x00, 0x00, 0x00, 0x00, 0x00,
    0x00, 0x00, 0x00, 0x00, 0x00, 0x00, 0x00, 0x00, 0x00, 0x00, 0x00, 0x00, 0x00, 0x00, 0x00, 0x00, 0x00, 0x00, 0x00, 0x00,
    0x00, 0x00, 0x00, 0x00, 0x00, 0x00, 0x00, 0x00, 0x00, 0x00, 0x00, 0x00, 0x00, 0x00, 0x00, 0x00, 0x00, 0x00, 0x00, 0x00,
    0x00, 0x00, 0x00, 0x00, 0x00, 0x00, 0x00, 0x00, 0x00, 0x00, 0x00, 0x00, 0x00, 0x00, 0x00, 0x00, 0x00, 0x00, 0x00, 0x00,
    0x00, 0x00, 0x00, 0x00, 0x00, 0x00, 0x00, 0x00, 0x00, 0x00, 0x00, 0x00, 0x00, 0x00, 0x00, 0x00, 0x00, 0x00, 0x00, 0x00,
    0x00, 0x00, 0x00, 0x00, 0x00, 0x00, 0x00, 0x00, 0x00, 0x00, 0x00, 0x00, 0x00, 0x00, 0x00, 0x00, 0x00, 0x00, 0x00, 0x00,
    0x00, 0x00, 0x00, 0x00, 0x00, 0x00, 0x00, 0x00, 0x00, 0x00, 0x00, 0x00, 0x00, 0x00, 0x00, 0x00, 0x00, 0x00, 0x00, 0x00,
    0x00, 0x00, 0x00, 0x00, 0x00, 0x00, 0x00, 0x00, 0x00, 0x00, 0x00, 0x00, 0x00, 0x00, 0x00, 0x00, 0x00, 0x00, 0x00, 0x00,
    0x00, 0x00, 0x00, 0x00, 0x00, 0x00, 0x00, 0x00, 0x00, 0x00, 0x00, 0x00, 0x00, 0x00, 0x00, 0x00, 0x00, 0x00, 0x00, 0x00,
    0x00, 0x00, 0x00, 0x00, 0x00, 0x00, 0x00, 0x00, 0x04, 0x21, 0x2d, 0x63, 0x6e, 0x6b, 0x8a, 0x52, 0x41, 0x08, 0x00, 0x00,
    0x21, 0x00, 0x20, 0x00, 0x20, 0x00, 0x20, 0x00, 0x20, 0x00, 0x20, 0x00, 0x20, 0x00, 0x20, 0x00, 0x20, 0x00, 0x20, 0x00,
    0x20, 0x00, 0x20, 0x00, 0x21, 0x00, 0x21, 0x00, 0x21, 0x00, 0x21, 0x00, 0x21, 0x00, 0x21, 0x00, 0x21, 0x00, 0x21, 0x00,
    0x21, 0x00, 0x21, 0x00, 0x21, 0x00, 0x21, 0x00, 0x41, 0x08, 0x41, 0x08, 0x41, 0x08, 0x41, 0x08, 0x41, 0x08, 0x41, 0x08,
    0x41, 0x08, 0x41, 0x08, 0x41, 0x08, 0x41, 0x08, 0x41, 0x08, 0x41, 0x08, 0x41, 0x08, 0x41, 0x08, 0x41, 0x08, 0x41, 0x08,
    0x41, 0x08, 0x41, 0x08, 0x41, 0x08, 0x41, 0x08, 0x41, 0x08, 0x41, 0x08, 0x41, 0x08, 0x41, 0x08, 0x41, 0x08, 0x41, 0x08,
    0x41, 0x08, 0x41, 0x08, 0x41, 0x08, 0x41, 0x08, 0x41, 0x08, 0x41, 0x08, 0x41, 0x08, 0x41, 0x08, 0x41, 0x08, 0x41, 0x08,
    0x41, 0x08, 0x41, 0x08, 0x41, 0x08, 0x41, 0x08, 0x41, 0x08, 0x41, 0x08, 0x41, 0x08, 0x41, 0x08, 0x41, 0x08, 0x41, 0x08,
    0x41, 0x08, 0x41, 0x08, 0x41, 0x08, 0x41, 0x08, 0x41, 0x08, 0x41, 0x08, 0x21, 0x00, 0x21, 0x00, 0x21, 0x00, 0x21, 0x00,
    0x21, 0x00, 0x21, 0x00, 0x21, 0x00, 0x21, 0x00, 0x21, 0x00, 0x21, 0x00, 0x21, 0x00, 0x21, 0x00, 0x20, 0x00, 0x41, 0x08,
    0x92, 0x94, 0xc7, 0x39, 0x00, 0x00, 0x41, 0x08, 0x20, 0x00, 0x20, 0x00, 0x20, 0x00, 0x20, 0x00, 0x20, 0x00, 0x21, 0x00,
    0x00, 0x00, 0x41, 0x08, 0x8a, 0x52, 0x6e, 0x6b, 0x2d, 0x63, 0x04, 0x21, 0x00, 0x00, 0x00, 0x00, 0x00, 0x00, 0x00, 0x00,
    0x00, 0x00, 0x00, 0x00, 0x00, 0x00, 0x00, 0x00, 0x00, 0x00, 0x00, 0x00, 0x00, 0x00, 0x00, 0x00, 0x00, 0x00, 0x00, 0x00,
    0x00, 0x00, 0x00, 0x00, 0x00, 0x00, 0x00, 0x00, 0x00, 0x00, 0x00, 0x00, 0x00, 0x00, 0x00, 0x00, 0x00, 0x00, 0x00, 0x00,
    0x00, 0x00, 0x00, 0x00, 0x00, 0x00, 0x00, 0x00, 0x00, 0x00, 0x00, 0x00, 0x00, 0x00, 0x00, 0x00, 0x00, 0x00, 0x00, 0x00,
    0x00, 0x00, 0x00, 0x00, 0x00, 0x00, 0x00, 0x00, 0x00, 0x00, 0x00, 0x00, 0x00, 0x00, 0x00, 0x00, 0x00, 0x00, 0x00, 0x00,
    0x00, 0x00, 0x00, 0x00, 0x00, 0x00, 0x00, 0x00, 0x00, 0x00, 0x00, 0x00, 0x00, 0x00, 0x00, 0x00, 0x00, 0x00, 0x00, 0x00,
    0x00, 0x00, 0x00, 0x00, 0x00, 0x00, 0x00, 0x00, 0x00, 0x00, 0x00, 0x00, 0x00, 0x00, 0x00, 0x00, 0x00, 0x00, 0x00, 0x00,
    0x00, 0x00, 0x00, 0x00, 0x00, 0x00, 0x00, 0x00, 0x00, 0x00, 0x00, 0x00, 0x00, 0x00, 0x00, 0x00, 0x00, 0x00, 0x00, 0x00,
    0x00, 0x00, 0x00, 0x00, 0x00, 0x00, 0x00, 0x00, 0x00, 0x00, 0x00, 0x00, 0x00, 0x00, 0x00, 0x00, 0x00, 0x00, 0x00, 0x00,
    0x00, 0x00, 0x00, 0x00, 0x00, 0x00, 0x00, 0x00, 0x00, 0x00, 0x45, 0x29, 0x4d, 0x6b, 0x6e, 0x6b, 0x6a, 0x4a, 0x20, 0x00,
    0x00, 0x00, 0x21, 0x00, 0x20, 0x00, 0x21, 0x00, 0x20, 0x00, 0x20, 0x00, 0x20, 0x00, 0x20, 0x00, 0x20, 0x00, 0x20, 0x00,
    0x20, 0x00, 0x61, 0x08, 0x41, 0x08, 0x20, 0x00, 0x21, 0x00, 0x21, 0x00, 0x21, 0x00, 0x21, 0x00, 0x21, 0x00, 0x21, 0x00,
    0x21, 0x00, 0x21, 0x00, 0x21, 0x00, 0x21, 0x00, 0x21, 0x00, 0x21, 0x00, 0x41, 0x08, 0x41, 0x08, 0x41, 0x08, 0x41, 0x08,
    0x41, 0x08, 0x41, 0x08, 0x41, 0x08, 0x41, 0x08, 0x41, 0x08, 0x41, 0x08, 0x41, 0x08, 0x41, 0x08, 0x41, 0x08, 0x41, 0x08,
    0x41, 0x08, 0x41, 0x08, 0x41, 0x08, 0x41, 0x08, 0x41, 0x08, 0x41, 0x08, 0x41, 0x08, 0x41, 0x08, 0x41, 0x08, 0x41, 0x08,
    0x41, 0x08, 0x41, 0x08, 0x41, 0x08, 0x41, 0x08, 0x41, 0x08, 0x41, 0x08, 0x41, 0x08, 0x41, 0x08, 0x41, 0x08, 0x41, 0x08,
    0x41, 0x08, 0x41, 0x08, 0x41, 0x08, 0x41, 0x08, 0x41, 0x08, 0x41, 0x08, 0x41, 0x08, 0x41, 0x08, 0x41, 0x08, 0x41, 0x08,
    0x41, 0x08, 0x41, 0x08, 0x41, 0x08, 0x41, 0x08, 0x21, 0x00, 0x21, 0x00, 0x21, 0x00, 0x21, 0x00, 0x21, 0x00, 0x21, 0x00,
    0x21, 0x00, 0x21, 0x00, 0x21, 0x00, 0x21, 0x00, 0x21, 0x00, 0x21, 0x00, 0x20, 0x00, 0x41, 0x08, 0x62, 0x08, 0x00, 0x00,
    0xc3, 0x18, 0xd3, 0x9c, 0x04, 0x21, 0x00, 0x00, 0x41, 0x08, 0x20, 0x00, 0x21, 0x00, 0x20, 0x00, 0x21, 0x00, 0x00, 0x00,
    0x20, 0x00, 0x6a, 0x4a, 0x6e, 0x6b, 0x4d, 0x6b, 0x45, 0x29, 0x00, 0x00, 0x00, 0x00, 0x00, 0x00, 0x00, 0x00, 0x00, 0x00,
    0x00, 0x00, 0x00, 0x00, 0x00, 0x00, 0x00, 0x00, 0x00, 0x00, 0x00, 0x00, 0x00, 0x00, 0x00, 0x00, 0x00, 0x00, 0x00, 0x00,
    0x00, 0x00, 0x00, 0x00, 0x00, 0x00, 0x00, 0x00, 0x00, 0x00, 0x00, 0x00, 0x00, 0x00, 0x00, 0x00, 0x00, 0x00, 0x00, 0x00,
    0x00, 0x00, 0x00, 0x00, 0x00, 0x00, 0x00, 0x00, 0x00, 0x00, 0x00, 0x00, 0x00, 0x00, 0x00, 0x00, 0x00, 0x00, 0x00, 0x00,
    0x00, 0x00, 0x00, 0x00, 0x00, 0x00, 0x00, 0x00, 0x00, 0x00, 0x00, 0x00, 0x00, 0x00, 0x00, 0x00, 0x00, 0x00, 0x00, 0x00,
    0x00, 0x00, 0x00, 0x00, 0x00, 0x00, 0x00, 0x00, 0x00, 0x00, 0x00, 0x00, 0x00, 0x00, 0x00, 0x00, 0x00, 0x00, 0x00, 0x00,
    0x00, 0x00, 0x00, 0x00, 0x00, 0x00, 0x00, 0x00, 0x00, 0x00, 0x00, 0x00, 0x00, 0x00, 0x00, 0x00, 0x00, 0x00, 0x00, 0x00,
    0x00, 0x00, 0x00, 0x00, 0x00, 0x00, 0x00, 0x00, 0x00, 0x00, 0x00, 0x00, 0x00, 0x00, 0x00, 0x00, 0x00, 0x00, 0x00, 0x00,
    0x00, 0x00, 0x00, 0x00, 0x00, 0x00, 0x00, 0x00, 0x00, 0x00, 0x00, 0x00, 0x00, 0x00, 0x00, 0x00, 0x00, 0x00, 0x00, 0x00,
    0x00, 0x00, 0x00, 0x00, 0x00, 0x00, 0x00, 0x00, 0x00, 0x00, 0x00, 0x00, 0x86, 0x31, 0x4d, 0x6b, 0x6e, 0x6b, 0x49, 0x4a,
    0x21, 0x00, 0x00, 0x00, 0x21, 0x00, 0x20, 0x00, 0x20, 0x00, 0x20, 0x00, 0x20, 0x00, 0x20, 0x00, 0x20, 0x00, 0x00, 0x00,
    0x61, 0x08, 0xa3, 0x10, 0x20, 0x00, 0x20, 0x00, 0x20, 0x00, 0x21, 0x00, 0x21, 0x00, 0x21, 0x00, 0x21, 0x00, 0x21, 0x00,
    0x21, 0x00, 0x21, 0x00, 0x21, 0x00, 0x21, 0x00, 0x21, 0x00, 0x21, 0x00, 0x21, 0x00, 0x21, 0x00, 0x41, 0x08, 0x41, 0x08,
    0x41, 0x08, 0x41, 0x08, 0x41, 0x08, 0x41, 0x08, 0x41, 0x08, 0x41, 0x08, 0x41, 0x08, 0x41, 0x08, 0x41, 0x08, 0x41, 0x08,
    0x41, 0x08, 0x41, 0x08, 0x41, 0x08, 0x41, 0x08, 0x41, 0x08, 0x41, 0x08, 0x41, 0x08, 0x41, 0x08, 0x41, 0x08, 0x41, 0x08,
    0x41, 0x08, 0x41, 0x08, 0x41, 0x08, 0x41, 0x08, 0x41, 0x08, 0x41, 0x08, 0x41, 0x08, 0x41, 0x08, 0x41, 0x08, 0x41, 0x08,
    0x41, 0x08, 0x41, 0x08, 0x41, 0x08, 0x41, 0x08, 0x41, 0x08, 0x41, 0x08, 0x41, 0x08, 0x41, 0x08, 0x41, 0x08, 0x41, 0x08,
    0x41, 0x08, 0x41, 0x08, 0x21, 0x00, 0x21, 0x00, 0x21, 0x00, 0x21, 0x00, 0x21, 0x00, 0x21, 0x00, 0x21, 0x00, 0x21, 0x00,
    0x21, 0x00, 0x21, 0x00, 0x21, 0x00, 0x21, 0x00, 0x21, 0x00, 0x20, 0x00, 0x20, 0x00, 0x20, 0x00, 0xa3, 0x10, 0x62, 0x08,
    0x00, 0x00, 0x66, 0x29, 0xd3, 0x9c, 0x82, 0x10, 0x00, 0x00, 0x21, 0x00, 0x20, 0x00, 0x21, 0x00, 0x00, 0x00, 0x21, 0x00,
    0x49, 0x4a, 0x6e, 0x6b, 0x4d, 0x6b, 0x86, 0x31, 0x00, 0x00, 0x00, 0x00, 0x00, 0x00, 0x00, 0x00, 0x00, 0x00, 0x00, 0x00,
    0x00, 0x00, 0x00, 0x00, 0x00, 0x00, 0x00, 0x00, 0x00, 0x00, 0x00, 0x00, 0x00, 0x00, 0x00, 0x00, 0x00, 0x00, 0x00, 0x00,
    0x00, 0x00, 0x00, 0x00, 0x00, 0x00, 0x00, 0x00, 0x00, 0x00, 0x00, 0x00, 0x00, 0x00, 0x00, 0x00, 0x00, 0x00, 0x00, 0x00,
    0x00, 0x00, 0x00, 0x00, 0x00, 0x00, 0x00, 0x00, 0x00, 0x00, 0x00, 0x00, 0x00, 0x00, 0x00, 0x00, 0x00, 0x00, 0x00, 0x00,
    0x00, 0x00, 0x00, 0x00, 0x00, 0x00, 0x00, 0x00, 0x00, 0x00, 0x00, 0x00, 0x00, 0x00, 0x00, 0x00, 0x00, 0x00, 0x00, 0x00,
    0x00, 0x00, 0x00, 0x00, 0x00, 0x00, 0x00, 0x00, 0x00, 0x00, 0x00, 0x00, 0x00, 0x00, 0x00, 0x00, 0x00, 0x00, 0x00, 0x00,
    0x00, 0x00, 0x00, 0x00, 0x00, 0x00, 0x00, 0x00, 0x00, 0x00, 0x00, 0x00, 0x00, 0x00, 0x00, 0x00, 0x00, 0x00, 0x00, 0x00,
    0x00, 0x00, 0x00, 0x00, 0x00, 0x00, 0x00, 0x00, 0x00, 0x00, 0x00, 0x00, 0x00, 0x00, 0x00, 0x00, 0x00, 0x00, 0x00, 0x00,
    0x00, 0x00, 0x00, 0x00, 0x00, 0x00, 0x00, 0x00, 0x00, 0x00, 0x00, 0x00, 0x00, 0x00, 0x00, 0x00, 0x00, 0x00, 0x00, 0x00,
    0x00, 0x00, 0x00, 0x00, 0x00, 0x00, 0x00, 0x00, 0x00, 0x00, 0x00, 0x00, 0x00, 0x00, 0xa6, 0x31, 0x4e, 0x6b, 0x6e, 0x6b,
    0x6a, 0x4a, 0x41, 0x08, 0x00, 0x00, 0x21, 0x00, 0x20, 0x00, 0x20, 0x00, 0x20, 0x00, 0x20, 0x00, 0x20, 0x00, 0x21, 0x00,
    0xc3, 0x18, 0x21, 0x00, 0x20, 0x00, 0x20, 0x00, 0x20, 0x00, 0x20, 0x00, 0x21, 0x00, 0x21, 0x00, 0x21, 0x00, 0x21, 0x00,
    0x21, 0x00, 0x21, 0x00, 0x21, 0x00, 0x21, 0x00, 0x21, 0x00, 0x21, 0x00, 0x21, 0x00, 0x21, 0x00, 0x21, 0x00, 0x21, 0x00,
    0x21, 0x00, 0x41, 0x08, 0x41, 0x08, 0x41, 0x08, 0x41, 0x08, 0x41, 0x08, 0x41, 0x08, 0x41, 0x08, 0x41, 0x08, 0x41, 0x08,
    0x41, 0x08, 0x41, 0x08, 0x41, 0x08, 0x41, 0x08, 0x41, 0x08, 0x41, 0x08, 0x41, 0x08, 0x41, 0x08, 0x41, 0x08, 0x41, 0x08,
    0x41, 0x08, 0x41, 0x08, 0x41, 0x08, 0x41, 0x08, 0x41, 0x08, 0x41, 0x08, 0x41, 0x08, 0x41, 0x08, 0x41, 0x08, 0x41, 0x08,
    0x41, 0x08, 0x41, 0x08, 0x41, 0x08, 0x41, 0x08, 0x41, 0x08, 0x41, 0x08, 0x41, 0x08, 0x41, 0x08, 0x41, 0x08, 0x21, 0x00,
    0x21, 0x00, 0x21, 0x00, 0x21, 0x00, 0x21, 0x00, 0x21, 0x00, 0x21, 0x00, 0x21, 0x00, 0x21, 0x00, 0x21, 0x00, 0x21, 0x00,
    0x21, 0x00, 0x21, 0x00, 0x21, 0x00, 0x21, 0x00, 0x20, 0x00, 0x20, 0x00, 0x20, 0x00, 0x20, 0x00, 0x21, 0x00, 0xc3, 0x18,
    0x41, 0x08, 0x00, 0x00, 0x69, 0x4a, 0x31, 0x84, 0x20, 0x00, 0x20, 0x00, 0x21, 0x00, 0x00, 0x00, 0x41, 0x08, 0x6a, 0x4a,
    0x6e, 0x6b, 0x4e, 0x6b, 0xa6, 0x31, 0x00, 0x00, 0x00, 0x00, 0x00, 0x00, 0x00, 0x00, 0x00, 0x00, 0x00, 0x00, 0x00, 0x00,
    0x00, 0x00, 0x00, 0x00, 0x00, 0x00, 0x00, 0x00, 0x00, 0x00, 0x00, 0x00, 0x00, 0x00, 0x00, 0x00, 0x00, 0x00, 0x00, 0x00,
    0x00, 0x00, 0x00, 0x00, 0x00, 0x00, 0x00, 0x00, 0x00, 0x00, 0x00, 0x00, 0x00, 0x00, 0x00, 0x00, 0x00, 0x00, 0x00, 0x00,
    0x00, 0x00, 0x00, 0x00, 0x00, 0x00, 0x00, 0x00, 0x00, 0x00, 0x00, 0x00, 0x00, 0x00, 0x00, 0x00, 0x00, 0x00, 0x00, 0x00,
    0x00, 0x00, 0x00, 0x00, 0x00, 0x00, 0x00, 0x00, 0x00, 0x00, 0x00, 0x00, 0x00, 0x00, 0x00, 0x00, 0x00, 0x00, 0x00, 0x00,
    0x00, 0x00, 0x00, 0x00, 0x00, 0x00, 0x00, 0x00, 0x00, 0x00, 0x00, 0x00, 0x00, 0x00, 0x00, 0x00, 0x00, 0x00, 0x00, 0x00,
    0x00, 0x00, 0x00, 0x00, 0x00, 0x00, 0x00, 0x00, 0x00, 0x00, 0x00, 0x00, 0x00, 0x00, 0x00, 0x00, 0x00, 0x00, 0x00, 0x00,
    0x00, 0x00, 0x00, 0x00, 0x00, 0x00, 0x00, 0x00, 0x00, 0x00, 0x00, 0x00, 0x00, 0x00, 0x00, 0x00, 0x00, 0x00, 0x00, 0x00,
    0x00, 0x00, 0x00, 0x00, 0x00, 0x00, 0x00, 0x00, 0x00, 0x00, 0x00, 0x00, 0x00, 0x00, 0x00, 0x00, 0x00, 0x00, 0x00, 0x00,
    0x00, 0x00, 0x00, 0x00, 0x00, 0x00, 0x00, 0x00, 0x00, 0x00, 0x00, 0x00, 0x00, 0x00, 0x00, 0x00, 0xa6, 0x31, 0x4d, 0x6b,
    0x6e, 0x6b, 0x8a, 0x52, 0x61, 0x08, 0x00, 0x00, 0x21, 0x00, 0x20, 0x00, 0x20, 0x00, 0x20, 0x00, 0x20, 0x00, 0xa3, 0x10,
    0x41, 0x08, 0x00, 0x00, 0x20, 0x00, 0x20, 0x00, 0x20, 0x00, 0x20, 0x00, 0x20, 0x00, 0x20, 0x00, 0x21, 0x00, 0x21, 0x00,
    0x21, 0x00, 0x21, 0x00, 0x21, 0x00, 0x21, 0x00, 0x21, 0x00, 0x21, 0x00, 0x21, 0x00, 0x21, 0x00, 0x21, 0x00, 0x21, 0x00,
    0x21, 0x00, 0x21, 0x00, 0x21, 0x00, 0x21, 0x00, 0x41, 0x08, 0x41, 0x08, 0x41, 0x08, 0x41, 0x08, 0x41, 0x08, 0x41, 0x08,
    0x41, 0x08, 0x41, 0x08, 0x41, 0x08, 0x41, 0x08, 0x41, 0x08, 0x41, 0x08, 0x41, 0x08, 0x41, 0x08, 0x41, 0x08, 0x41, 0x08,
    0x41, 0x08, 0x41, 0x08, 0x41, 0x08, 0x41, 0x08, 0x41, 0x08, 0x41, 0x08, 0x41, 0x08, 0x41, 0x08, 0x41, 0x08, 0x41, 0x08,
    0x41, 0x08, 0x41, 0x08, 0x41, 0x08, 0x41, 0x08, 0x41, 0x08, 0x41, 0x08, 0x21, 0x00, 0x21, 0x00, 0x21, 0x00, 0x21, 0x00,
    0x21, 0x00, 0x21, 0x00, 0x21, 0x00, 0x21, 0x00, 0x21, 0x00, 0x21, 0x00, 0x21, 0x00, 0x21, 0x00, 0x21, 0x00, 0x21, 0x00,
    0x21, 0x00, 0x21, 0x00, 0x20, 0x00, 0x20, 0x00, 0x20, 0x00, 0x20, 0x00, 0x20, 0x00, 0x20, 0x00, 0x00, 0x00, 0x41, 0x08,
    0xa3, 0x10, 0x21, 0x00, 0x00, 0x00, 0x65, 0x29, 0x61, 0x08, 0x20, 0x00, 0x00, 0x00, 0x61, 0x08, 0x8a, 0x52, 0x6e, 0x6b,
    0x4d, 0x6b, 0xa6, 0x31, 0x00, 0x00, 0x00, 0x00, 0x00, 0x00, 0x00, 0x00, 0x00, 0x00, 0x00, 0x00, 0x00, 0x00, 0x00, 0x00,
    0x00, 0x00, 0x00, 0x00, 0x00, 0x00, 0x00, 0x00, 0x00, 0x00, 0x00, 0x00, 0x00, 0x00, 0x00, 0x00, 0x00, 0x00, 0x00, 0x00,
    0x00, 0x00, 0x00, 0x00, 0x00, 0x00, 0x00, 0x00, 0x00, 0x00, 0x00, 0x00, 0x00, 0x00, 0x00, 0x00, 0x00, 0x00, 0x00, 0x00,
    0x00, 0x00, 0x00, 0x00, 0x00, 0x00, 0x00, 0x00, 0x00, 0x00, 0x00, 0x00, 0x00, 0x00, 0x00, 0x00, 0x00, 0x00, 0x00, 0x00,
    0x00, 0x00, 0x00, 0x00, 0x00, 0x00, 0x00, 0x00, 0x00, 0x00, 0x00, 0x00, 0x00, 0x00, 0x00, 0x00, 0x00, 0x00, 0x00, 0x00,
    0x00, 0x00, 0x00, 0x00, 0x00, 0x00, 0x00, 0x00, 0x00, 0x00, 0x00, 0x00, 0x00, 0x00, 0x00, 0x00, 0x00, 0x00, 0x00, 0x00,
    0x00, 0x00, 0x00, 0x00, 0x00, 0x00, 0x00, 0x00, 0x00, 0x00, 0x00, 0x00, 0x00, 0x00, 0x00, 0x00, 0x00, 0x00, 0x00, 0x00,
    0x00, 0x00, 0x00, 0x00, 0x00, 0x00, 0x00, 0x00, 0x00, 0x00, 0x00, 0x00, 0x00, 0x00, 0x00, 0x00, 0x00, 0x00, 0x00, 0x00,
    0x00, 0x00, 0x00, 0x00, 0x00, 0x00, 0x00, 0x00, 0x00, 0x00, 0x00, 0x00, 0x00, 0x00, 0x00, 0x00, 0x00, 0x00, 0x00, 0x00,
    0x00, 0x00, 0x00, 0x00, 0x00, 0x00, 0x00, 0x00, 0x00, 0x00, 0x00, 0x00, 0x00, 0x00, 0x00, 0x00, 0x00, 0x00, 0x86, 0x31,
    0x4d, 0x6b, 0x6e, 0x6b, 0xab, 0x52, 0x82, 0x10, 0x00, 0x00, 0x21, 0x00, 0x20, 0x00, 0x20, 0x00, 0x41, 0x08, 0x61, 0x08,
    0x00, 0x00, 0x20, 0x00, 0x20, 0x00, 0x20, 0x00, 0x20, 0x00, 0x20, 0x00, 0x20, 0x00, 0x20, 0x00, 0x20, 0x00, 0x21, 0x00,
    0x21, 0x00, 0x21, 0x00, 0x21, 0x00, 0x21, 0x00, 0x21, 0x00, 0x21, 0x00, 0x21, 0x00, 0x21, 0x00, 0x21, 0x00, 0x21, 0x00,
    0x21, 0x00, 0x21, 0x00, 0x21, 0x00, 0x21, 0x00, 0x21, 0x00, 0x21, 0x00, 0x21, 0x00, 0x41, 0x08, 0x41, 0x08, 0x41, 0x08,
    0x41, 0x08, 0x41, 0x08, 0x41, 0x08, 0x41, 0x08, 0x41, 0x08, 0x41, 0x08, 0x41, 0x08, 0x41, 0x08, 0x41, 0x08, 0x41, 0x08,
    0x41, 0x08, 0x41, 0x08, 0x41, 0x08, 0x41, 0x08, 0x41, 0x08, 0x41, 0x08, 0x41, 0x08, 0x41, 0x08, 0x41, 0x08, 0x41, 0x08,
    0x41, 0x08, 0x41, 0x08, 0x41, 0x08, 0x21, 0x00, 0x21, 0x00, 0x21, 0x00, 0x21, 0x00, 0x21, 0x00, 0x21, 0x00, 0x21, 0x00,
    0x21, 0x00, 0x21, 0x00, 0x21, 0x00, 0x21, 0x00, 0x21, 0x00, 0x21, 0x00, 0x21, 0x00, 0x21, 0x00, 0x21, 0x00, 0x21, 0x00,
    0x21, 0x00, 0x20, 0x00, 0x20, 0x00, 0x20, 0x00, 0x20, 0x00, 0x20, 0x00, 0x20, 0x00, 0x20, 0x00, 0x20, 0x00, 0x00, 0x00,
    0x61, 0x08, 0x41, 0x08, 0x20, 0x00, 0x00, 0x00, 0x20, 0x00, 0x00, 0x00, 0x82, 0x10, 0xab, 0x52, 0x6e, 0x6b, 0x4d, 0x6b,
    0x86, 0x31, 0x00, 0x00, 0x00, 0x00, 0x00, 0x00, 0x00, 0x00, 0x00, 0x00, 0x00, 0x00, 0x00, 0x00, 0x00, 0x00, 0x00, 0x00,
    0x00, 0x00, 0x00, 0x00, 0x00, 0x00, 0x00, 0x00, 0x00, 0x00, 0x00, 0x00, 0x00, 0x00, 0x00, 0x00, 0x00, 0x00, 0x00, 0x00,
    0x00, 0x00, 0x00, 0x00, 0x00, 0x00, 0x00, 0x00, 0x00, 0x00, 0x00, 0x00, 0x00, 0x00, 0x00, 0x00, 0x00, 0x00, 0x00, 0x00,
    0x00, 0x00, 0x00, 0x00, 0x00, 0x00, 0x00, 0x00, 0x00, 0x00, 0x00, 0x00, 0x00, 0x00, 0x00, 0x00, 0x00, 0x00, 0x00, 0x00,
    0x00, 0x00, 0x00, 0x00, 0x00, 0x00, 0x00, 0x00, 0x00, 0x00, 0x00, 0x00, 0x00, 0x00, 0x00, 0x00, 0x00, 0x00, 0x00, 0x00,
    0x00, 0x00, 0x00, 0x00, 0x00, 0x00, 0x00, 0x00, 0x00, 0x00, 0x00, 0x00, 0x00, 0x00, 0x00, 0x00, 0x00, 0x00, 0x00, 0x00,
    0x00, 0x00, 0x00, 0x00, 0x00, 0x00, 0x00, 0x00, 0x00, 0x00, 0x00, 0x00, 0x00, 0x00, 0x00, 0x00, 0x00, 0x00, 0x00, 0x00,
    0x00, 0x00, 0x00, 0x00, 0x00, 0x00, 0x00, 0x00, 0x00, 0x00, 0x00, 0x00, 0x00, 0x00, 0x00, 0x00, 0x00, 0x00, 0x00, 0x00,
    0x00, 0x00, 0x00, 0x00, 0x00, 0x00, 0x00, 0x00, 0x00, 0x00, 0x00, 0x00, 0x00, 0x00, 0x00, 0x00, 0x00, 0x00, 0x00, 0x00,
    0x00, 0x00, 0x00, 0x00, 0x00, 0x00, 0x00, 0x00, 0x00, 0x00, 0x00, 0x00, 0x00, 0x00, 0x00, 0x00, 0x00, 0x00, 0x00, 0x00,
    0x45, 0x29, 0x2d, 0x63, 0x6e, 0x6b, 0xec, 0x5a, 0xe3, 0x18, 0x00, 0x00, 0x20, 0x00, 0x20, 0x00, 0x20, 0x00, 0x20, 0x00,
    0x20, 0x00, 0x20, 0x00, 0x20, 0x00, 0x20, 0x00, 0x20, 0x00, 0x20, 0x00, 0x20, 0x00, 0x21, 0x00, 0xa2, 0x10, 0x20, 0x00,
    0x20, 0x00, 0x21, 0x00, 0x21, 0x00, 0x21, 0x00, 0x21, 0x00, 0x21, 0x00, 0x21, 0x00, 0x21, 0x00, 0x21, 0x00, 0x21, 0x00,
    0x21, 0x00, 0x21, 0x00, 0x21, 0x00, 0x21, 0x00, 0x21, 0x00, 0x21, 0x00, 0x21, 0x00, 0x21, 0x00, 0x21, 0x00, 0x21, 0x00,
    0x21, 0x00, 0x21, 0x00, 0x21, 0x00, 0x41, 0x08, 0x41, 0x08, 0x41, 0x08, 0x41, 0x08, 0x41, 0x08, 0x41, 0x08, 0x41, 0x08,
    0x41, 0x08, 0x41, 0x08, 0x41, 0x08, 0x41, 0x08, 0x41, 0x08, 0x41, 0x08, 0x41, 0x08, 0x21, 0x00, 0x21, 0x00, 0x21, 0x00,
    0x21, 0x00, 0x21, 0x00, 0x21, 0x00, 0x21, 0x00, 0x21, 0x00, 0x21, 0x00, 0x21, 0x00, 0x21, 0x00, 0x21, 0x00, 0x21, 0x00,
    0x21, 0x00, 0x21, 0x00, 0x21, 0x00, 0x21, 0x00, 0x21, 0x00, 0x21, 0x00, 0x21, 0x00, 0x21, 0x00, 0x21, 0x00, 0x20, 0x00,
    0x20, 0x00, 0xa2, 0x10, 0x21, 0x00, 0x20, 0x00, 0x20, 0x00, 0x20, 0x00, 0x20, 0x00, 0x20, 0x00, 0x20, 0x00, 0x20, 0x00,
    0x20, 0x00, 0x20, 0x00, 0x20, 0x00, 0x21, 0x00, 0x00, 0x00, 0xe3, 0x18, 0xec, 0x5a, 0x6e, 0x6b, 0x2d, 0x63, 0x45, 0x29,
    0x00, 0x00, 0x00, 0x00, 0x00, 0x00, 0x00, 0x00, 0x00, 0x00, 0x00, 0x00, 0x00, 0x00, 0x00, 0x00, 0x00, 0x00, 0x00, 0x00,
    0x00, 0x00, 0x00, 0x00, 0x00, 0x00, 0x00, 0x00, 0x00, 0x00, 0x00, 0x00, 0x00, 0x00, 0x00, 0x00, 0x00, 0x00, 0x00, 0x00,
    0x00, 0x00, 0x00, 0x00, 0x00, 0x00, 0x00, 0x00, 0x00, 0x00, 0x00, 0x00, 0x00, 0x00, 0x00, 0x00, 0x00, 0x00, 0x00, 0x00,
    0x00, 0x00, 0x00, 0x00, 0x00, 0x00, 0x00, 0x00, 0x00, 0x00, 0x00, 0x00, 0x00, 0x00, 0x00, 0x00, 0x00, 0x00, 0x00, 0x00,
    0x00, 0x00, 0x00, 0x00, 0x00, 0x00, 0x00, 0x00, 0x00, 0x00, 0x00, 0x00, 0x00, 0x00, 0x00, 0x00, 0x00, 0x00, 0x00, 0x00,
    0x00, 0x00, 0x00, 0x00, 0x00, 0x00, 0x00, 0x00, 0x00, 0x00, 0x00, 0x00, 0x00, 0x00, 0x00, 0x00, 0x00, 0x00, 0x00, 0x00,
    0x00, 0x00, 0x00, 0x00, 0x00, 0x00, 0x00, 0x00, 0x00, 0x00, 0x00, 0x00, 0x00, 0x00, 0x00, 0x00, 0x00, 0x00, 0x00, 0x00,
    0x00, 0x00, 0x00, 0x00, 0x00, 0x00, 0x00, 0x00, 0x00, 0x00, 0x00, 0x00, 0x00, 0x00, 0x00, 0x00, 0x00, 0x00, 0x00, 0x00,
    0x00, 0x00, 0x00, 0x00, 0x00, 0x00, 0x00, 0x00, 0x00, 0x00, 0x00, 0x00, 0x00, 0x00, 0x00, 0x00, 0x00, 0x00, 0x00, 0x00,
    0x00, 0x00, 0x00, 0x00, 0x00, 0x00, 0x00, 0x00, 0x00, 0x00, 0x00, 0x00, 0x00, 0x00, 0x00, 0x00, 0x00, 0x00, 0x00, 0x00,
    0x00, 0x00, 0x04, 0x21, 0x0c, 0x63, 0x6e, 0x6b, 0x2d, 0x63, 0x65, 0x29, 0x00, 0x00, 0x00, 0x00, 0x21, 0x00, 0x20, 0x00,
    0x20, 0x00, 0x20, 0x00, 0x20, 0x00, 0x20, 0x00, 0x20, 0x00, 0x20, 0x00, 0x00, 0x00, 0x82, 0x10, 0x82, 0x10, 0x20, 0x00,
    0x20, 0x00, 0x20, 0x00, 0x20, 0x00, 0x21, 0x00, 0x21, 0x00, 0x21, 0x00, 0x21, 0x00, 0x21, 0x00, 0x21, 0x00, 0x21, 0x00,
    0x21, 0x00, 0x21, 0x00, 0x21, 0x00, 0x21, 0x00, 0x21, 0x00, 0x21, 0x00, 0x21, 0x00, 0x21, 0x00, 0x21, 0x00, 0x21, 0x00,
    0x21, 0x00, 0x21, 0x00, 0x21, 0x00, 0x21, 0x00, 0x21, 0x00, 0x21, 0x00, 0x21, 0x00, 0x21, 0x00, 0x21, 0x00, 0x21, 0x00,
    0x21, 0x00, 0x21, 0x00, 0x21, 0x00, 0x21, 0x00, 0x21, 0x00, 0x21, 0x00, 0x21, 0x00, 0x21, 0x00, 0x21, 0x00, 0x21, 0x00,
    0x21, 0x00, 0x21, 0x00, 0x21, 0x00, 0x21, 0x00, 0x21, 0x00, 0x21, 0x00, 0x21, 0x00, 0x21, 0x00, 0x21, 0x00, 0x21, 0x00,
    0x21, 0x00, 0x21, 0x00, 0x21, 0x00, 0x21, 0x00, 0x21, 0x00, 0x21, 0x00, 0x21, 0x00, 0x20, 0x00, 0x20, 0x00, 0x20, 0x00,
    0x20, 0x00, 0x82, 0x10, 0x82, 0x10, 0x00, 0x00, 0x20, 0x00, 0x20, 0x00, 0x20, 0x00, 0x20, 0x00, 0x20, 0x00, 0x20, 0x00,
    0x20, 0x00, 0x21, 0x00, 0x00, 0x00, 0x00, 0x00, 0x65, 0x29, 0x2d, 0x63, 0x6e, 0x6b, 0x0c, 0x63, 0x04, 0x21, 0x00, 0x00,
    0x00, 0x00, 0x00, 0x00, 0x00, 0x00, 0x00, 0x00, 0x00, 0x00, 0x00, 0x00, 0x00, 0x00, 0x00, 0x00, 0x00, 0x00, 0x00, 0x00,
    0x00, 0x00, 0x00, 0x00, 0x00, 0x00, 0x00, 0x00, 0x00, 0x00, 0x00, 0x00, 0x00, 0x00, 0x00, 0x00, 0x00, 0x00, 0x00, 0x00,
    0x00, 0x00, 0x00, 0x00, 0x00, 0x00, 0x00, 0x00, 0x00, 0x00, 0x00, 0x00, 0x00, 0x00, 0x00, 0x00, 0x00, 0x00, 0x00, 0x00,
    0x00, 0x00, 0x00, 0x00, 0x00, 0x00, 0x00, 0x00, 0x00, 0x00, 0x00, 0x00, 0x00, 0x00, 0x00, 0x00, 0x00, 0x00, 0x00, 0x00,
    0x00, 0x00, 0x00, 0x00, 0x00, 0x00, 0x00, 0x00, 0x00, 0x00, 0x00, 0x00, 0x00, 0x00, 0x00, 0x00, 0x00, 0x00, 0x00, 0x00,
    0x00, 0x00, 0x00, 0x00, 0x00, 0x00, 0x00, 0x00, 0x00, 0x00, 0x00, 0x00, 0x00, 0x00, 0x00, 0x00, 0x00, 0x00, 0x00, 0x00,
    0x00, 0x00, 0x00, 0x00, 0x00, 0x00, 0x00, 0x00, 0x00, 0x00, 0x00, 0x00, 0x00, 0x00, 0x00, 0x00, 0x00, 0x00, 0x00, 0x00,
    0x00, 0x00, 0x00, 0x00, 0x00, 0x00, 0x00, 0x00, 0x00, 0x00, 0x00, 0x00, 0x00, 0x00, 0x00, 0x00, 0x00, 0x00, 0x00, 0x00,
    0x00, 0x00, 0x00, 0x00, 0x00, 0x00, 0x00, 0x00, 0x00, 0x00, 0x00, 0x00, 0x00, 0x00, 0x00, 0x00, 0x00, 0x00, 0x00, 0x00,
    0x00, 0x00, 0x00, 0x00, 0x00, 0x00, 0x00, 0x00, 0x00, 0x00, 0x00, 0x00, 0x00, 0x00, 0x00, 0x00, 0x00, 0x00, 0x00, 0x00,
    0x00, 0x00, 0x00, 0x00, 0xc3, 0x18, 0xcb, 0x5a, 0x6e, 0x6b, 0x4d, 0x6b, 0xe8, 0x39, 0x21, 0x00, 0x00, 0x00, 0x21, 0x00,
    0x20, 0x00, 0x20, 0x00, 0x20, 0x00, 0x20, 0x00, 0x20, 0x00, 0x20, 0x00, 0x41, 0x08, 0xa3, 0x10, 0x20, 0x00, 0x20, 0x00,
    0x20, 0x00, 0x20, 0x00, 0x20, 0x00, 0x20, 0x00, 0x20, 0x00, 0x20, 0x00, 0x20, 0x00, 0x21, 0x00, 0x21, 0x00, 0x21, 0x00,
    0x21, 0x00, 0x21, 0x00, 0x21, 0x00, 0x21, 0x00, 0x21, 0x00, 0x21, 0x00, 0x21, 0x00, 0x21, 0x00, 0x21, 0x00, 0x21, 0x00,
    0x21, 0x00, 0x21, 0x00, 0x21, 0x00, 0x21, 0x00, 0x21, 0x00, 0x21, 0x00, 0x21, 0x00, 0x21, 0x00, 0x21, 0x00, 0x21, 0x00,
    0x21, 0x00, 0x21, 0x00, 0x21, 0x00, 0x21, 0x00, 0x21, 0x00, 0x21, 0x00, 0x21, 0x00, 0x21, 0x00, 0x21, 0x00, 0x21, 0x00,
    0x21, 0x00, 0x21, 0x00, 0x21, 0x00, 0x21, 0x00, 0x21, 0x00, 0x21, 0x00, 0x21, 0x00, 0x21, 0x00, 0x21, 0x00, 0x21, 0x00,
    0x21, 0x00, 0x21, 0x00, 0x21, 0x00, 0x20, 0x00, 0x20, 0x00, 0x20, 0x00, 0x20, 0x00, 0x20, 0x00, 0x20, 0x00, 0x20, 0x00,
    0x20, 0x00, 0x20, 0x00, 0xa3, 0x10, 0x41, 0x08, 0x20, 0x00, 0x20, 0x00, 0x20, 0x00, 0x20, 0x00, 0x20, 0x00, 0x20, 0x00,
    0x21, 0x00, 0x00, 0x00, 0x21, 0x00, 0xe8, 0x39, 0x4d, 0x6b, 0x6e, 0x6b, 0xcb, 0x5a, 0xc3, 0x18, 0x00, 0x00, 0x00, 0x00,
    0x00, 0x00, 0x00, 0x00, 0x00, 0x00, 0x00, 0x00, 0x00, 0x00, 0x00, 0x00, 0x00, 0x00, 0x00, 0x00, 0x00, 0x00, 0x00, 0x00,
    0x00, 0x00, 0x00, 0x00, 0x00, 0x00, 0x00, 0x00, 0x00, 0x00, 0x00, 0x00, 0x00, 0x00, 0x00, 0x00, 0x00, 0x00, 0x00, 0x00,
    0x00, 0x00, 0x00, 0x00, 0x00, 0x00, 0x00, 0x00, 0x00, 0x00, 0x00, 0x00, 0x00, 0x00, 0x00, 0x00, 0x00, 0x00, 0x00, 0x00,
    0x00, 0x00, 0x00, 0x00, 0x00, 0x00, 0x00, 0x00, 0x00, 0x00, 0x00, 0x00, 0x00, 0x00, 0x00, 0x00, 0x00, 0x00, 0x00, 0x00,
    0x00, 0x00, 0x00, 0x00, 0x00, 0x00, 0x00, 0x00, 0x00, 0x00, 0x00, 0x00, 0x00, 0x00, 0x00, 0x00, 0x00, 0x00, 0x00, 0x00,
    0x00, 0x00, 0x00, 0x00, 0x00, 0x00, 0x00, 0x00, 0x00, 0x00, 0x00, 0x00, 0x00, 0x00, 0x00, 0x00, 0x00, 0x00, 0x00, 0x00,
    0x00, 0x00, 0x00, 0x00, 0x00, 0x00, 0x00, 0x00, 0x00, 0x00, 0x00, 0x00, 0x00, 0x00, 0x00, 0x00, 0x00, 0x00, 0x00, 0x00,
    0x00, 0x00, 0x00, 0x00, 0x00, 0x00, 0x00, 0x00, 0x00, 0x00, 0x00, 0x00, 0x00, 0x00, 0x00, 0x00, 0x00, 0x00, 0x00, 0x00,
    0x00, 0x00, 0x00, 0x00, 0x00, 0x00, 0x00, 0x00, 0x00, 0x00, 0x00, 0x00, 0x00, 0x00, 0x00, 0x00, 0x00, 0x00, 0x00, 0x00,
    0x00, 0x00, 0x00, 0x00, 0x00, 0x00, 0x00, 0x00, 0x00, 0x00, 0x00, 0x00, 0x00, 0x00, 0x00, 0x00, 0x00, 0x00, 0x00, 0x00,
    0x00, 0x00, 0x00, 0x00, 0x00, 0x00, 0x61, 0x08, 0x49, 0x4a, 0x6e, 0x6b, 0x6e, 0x6b, 0x8a, 0x52, 0xa2, 0x10, 0x00, 0x00,
    0x20, 0x00, 0x20, 0x00, 0x20, 0x00, 0x20, 0x00, 0x20, 0x00, 0x00, 0x00, 0xa2, 0x10, 0x61, 0x08, 0x00, 0x00, 0x20, 0x00,
    0x20, 0x00, 0x20, 0x00, 0x20, 0x00, 0x20, 0x00, 0x20, 0x00, 0x41, 0x08, 0x41, 0x08, 0x20, 0x00, 0x21, 0x00, 0x21, 0x00,
    0x21, 0x00, 0x21, 0x00, 0x21, 0x00, 0x21, 0x00, 0x21, 0x00, 0x21, 0x00, 0x21, 0x00, 0x21, 0x00, 0x21, 0x00, 0x21, 0x00,
    0x21, 0x00, 0x21, 0x00, 0x21, 0x00, 0x21, 0x00, 0x21, 0x00, 0x21, 0x00, 0x21, 0x00, 0x21, 0x00, 0x21, 0x00, 0x21, 0x00,
    0x21, 0x00, 0x21, 0x00, 0x21, 0x00, 0x21, 0x00, 0x21, 0x00, 0x21, 0x00, 0x21, 0x00, 0x21, 0x00, 0x21, 0x00, 0x21, 0x00,
    0x21, 0x00, 0x21, 0x00, 0x21, 0x00, 0x21, 0x00, 0x21, 0x00, 0x21, 0x00, 0x21, 0x00, 0x21, 0x00, 0x21, 0x00, 0x21, 0x00,
    0x21, 0x00, 0x21, 0x00, 0x20, 0x00, 0x41, 0x08, 0x41, 0x08, 0x20, 0x00, 0x20, 0x00, 0x20, 0x00, 0x20, 0x00, 0x20, 0x00,
    0x20, 0x00, 0x00, 0x00, 0x61, 0x08, 0xa2, 0x10, 0x00, 0x00, 0x20, 0x00, 0x20, 0x00, 0x20, 0x00, 0x20, 0x00, 0x20, 0x00,
    0x00, 0x00, 0xa2, 0x10, 0x8a, 0x52, 0x6e, 0x6b, 0x6e, 0x6b, 0x49, 0x4a, 0x61, 0x08, 0x00, 0x00, 0x00, 0x00, 0x00, 0x00,
    0x00, 0x00, 0x00, 0x00, 0x00, 0x00, 0x00, 0x00, 0x00, 0x00, 0x00, 0x00, 0x00, 0x00, 0x00, 0x00, 0x00, 0x00, 0x00, 0x00,
    0x00, 0x00, 0x00, 0x00, 0x00, 0x00, 0x00, 0x00, 0x00, 0x00, 0x00, 0x00, 0x00, 0x00, 0x00, 0x00, 0x00, 0x00, 0x00, 0x00,
    0x00, 0x00, 0x00, 0x00, 0x00, 0x00, 0x00, 0x00, 0x00, 0x00, 0x00, 0x00, 0x00, 0x00, 0x00, 0x00, 0x00, 0x00, 0x00, 0x00,
    0x00, 0x00, 0x00, 0x00, 0x00, 0x00, 0x00, 0x00, 0x00, 0x00, 0x00, 0x00, 0x00, 0x00, 0x00, 0x00, 0x00, 0x00, 0x00, 0x00,
    0x00, 0x00, 0x00, 0x00, 0x00, 0x00, 0x00, 0x00, 0x00, 0x00, 0x00, 0x00, 0x00, 0x00, 0x00, 0x00, 0x00, 0x00, 0x00, 0x00,
    0x00, 0x00, 0x00, 0x00, 0x00, 0x00, 0x00, 0x00, 0x00, 0x00, 0x00, 0x00, 0x00, 0x00, 0x00, 0x00, 0x00, 0x00, 0x00, 0x00,
    0x00, 0x00, 0x00, 0x00, 0x00, 0x00, 0x00, 0x00, 0x00, 0x00, 0x00, 0x00, 0x00, 0x00, 0x00, 0x00, 0x00, 0x00, 0x00, 0x00,
    0x00, 0x00, 0x00, 0x00, 0x00, 0x00, 0x00, 0x00, 0x00, 0x00, 0x00, 0x00, 0x00, 0x00, 0x00, 0x00, 0x00, 0x00, 0x00, 0x00,
    0x00, 0x00, 0x00, 0x00, 0x00, 0x00, 0x00, 0x00, 0x00, 0x00, 0x00, 0x00, 0x00, 0x00, 0x00, 0x00, 0x00, 0x00, 0x00, 0x00,
    0x00, 0x00, 0x00, 0x00, 0x00, 0x00, 0x00, 0x00, 0x00, 0x00, 0x00, 0x00, 0x00, 0x00, 0x00, 0x00, 0x00, 0x00, 0x00, 0x00,
    0x00, 0x00, 0x00, 0x00, 0x00, 0x00, 0x00, 0x00, 0x00, 0x00, 0xc7, 0x39, 0x2d, 0x63, 0x6e, 0x6b, 0x0c, 0x63, 0x66, 0x29,
    0x00, 0x00, 0x00, 0x00, 0x21, 0x00, 0x20, 0x00, 0x20, 0x00, 0x20, 0x00, 0x61, 0x08, 0x20, 0x00, 0x20, 0x00, 0x20, 0x00,
    0x20, 0x00, 0x20, 0x00, 0x20, 0x00, 0x20, 0x00, 0x20, 0x00, 0xa2, 0x10, 0x61, 0x08, 0x20, 0x00, 0x20, 0x00, 0x20, 0x00,
    0x20, 0x00, 0x21, 0x00, 0x21, 0x00, 0x21, 0x00, 0x21, 0x00, 0x21, 0x00, 0x21, 0x00, 0x21, 0x00, 0x21, 0x00, 0x21, 0x00,
    0x21, 0x00, 0x21, 0x00, 0x21, 0x00, 0x21, 0x00, 0x21, 0x00, 0x21, 0x00, 0x21, 0x00, 0x21, 0x00, 0x21, 0x00, 0x21, 0x00,
    0x21, 0x00, 0x21, 0x00, 0x21, 0x00, 0x21, 0x00, 0x21, 0x00, 0x21, 0x00, 0x21, 0x00, 0x21, 0x00, 0x21, 0x00, 0x21, 0x00,
    0x21, 0x00, 0x21, 0x00, 0x21, 0x00, 0x21, 0x00, 0x21, 0x00, 0x21, 0x00, 0x21, 0x00, 0x21, 0x00, 0x21, 0x00, 0x20, 0x00,
    0x20, 0x00, 0x20, 0x00, 0x20, 0x00, 0x61, 0x08, 0xa2, 0x10, 0x20, 0x00, 0x20, 0x00, 0x20, 0x00, 0x20, 0x00, 0x20, 0x00,
    0x20, 0x00, 0x20, 0x00, 0x20, 0x00, 0x61, 0x08, 0x20, 0x00, 0x20, 0x00, 0x20, 0x00, 0x21, 0x00, 0x00, 0x00, 0x00, 0x00,
    0x66, 0x29, 0x0c, 0x63, 0x6e, 0x6b, 0x2d, 0x63, 0xc7, 0x39, 0x00, 0x00, 0x00, 0x00, 0x00, 0x00, 0x00, 0x00, 0x00, 0x00,
    0x00, 0x00, 0x00, 0x00, 0x00, 0x00, 0x00, 0x00, 0x00, 0x00, 0x00, 0x00, 0x00, 0x00, 0x00, 0x00, 0x00, 0x00, 0x00, 0x00,
    0x00, 0x00, 0x00, 0x00, 0x00, 0x00, 0x00, 0x00, 0x00, 0x00, 0x00, 0x00, 0x00, 0x00, 0x00, 0x00, 0x00, 0x00, 0x00, 0x00,
    0x00, 0x00, 0x00, 0x00, 0x00, 0x00, 0x00, 0x00, 0x00, 0x00, 0x00, 0x00, 0x00, 0x00, 0x00, 0x00, 0x00, 0x00, 0x00, 0x00,
    0x00, 0x00, 0x00, 0x00, 0x00, 0x00, 0x00, 0x00, 0x00, 0x00, 0x00, 0x00, 0x00, 0x00, 0x00, 0x00, 0x00, 0x00, 0x00, 0x00,
    0x00, 0x00, 0x00, 0x00, 0x00, 0x00, 0x00, 0x00, 0x00, 0x00, 0x00, 0x00, 0x00, 0x00, 0x00, 0x00, 0x00, 0x00, 0x00, 0x00,
    0x00, 0x00, 0x00, 0x00, 0x00, 0x00, 0x00, 0x00, 0x00, 0x00, 0x00, 0x00, 0x00, 0x00, 0x00, 0x00, 0x00, 0x00, 0x00, 0x00,
    0x00, 0x00, 0x00, 0x00, 0x00, 0x00, 0x00, 0x00, 0x00, 0x00, 0x00, 0x00, 0x00, 0x00, 0x00, 0x00, 0x00, 0x00, 0x00, 0x00,
    0x00, 0x00, 0x00, 0x00, 0x00, 0x00, 0x00, 0x00, 0x00, 0x00, 0x00, 0x00, 0x00, 0x00, 0x00, 0x00, 0x00, 0x00, 0x00, 0x00,
    0x00, 0x00, 0x00, 0x00, 0x00, 0x00, 0x00, 0x00, 0x00, 0x00, 0x00, 0x00, 0x00, 0x00, 0x00, 0x00, 0x00, 0x00, 0x00, 0x00,
    0x00, 0x00, 0x00, 0x00, 0x00, 0x00, 0x00, 0x00, 0x00, 0x00, 0x00, 0x00, 0x00, 0x00, 0x00, 0x00, 0x00, 0x00, 0x00, 0x00,
    0x00, 0x00, 0x00, 0x00, 0x00, 0x00, 0x00, 0x00, 0x00, 0x00, 0x00, 0x00, 0x04, 0x21, 0xcc, 0x5a, 0x6e, 0x6b, 0x4e, 0x6b,
    0x49, 0x4a, 0x82, 0x10, 0x00, 0x00, 0x00, 0x00, 0x20, 0x00, 0x20, 0x00, 0x20, 0x00, 0x20, 0x00, 0x20, 0x00, 0x20, 0x00,
    0x20, 0x00, 0x20, 0x00, 0x20, 0x00, 0x20, 0x00, 0x41, 0x08, 0xa3, 0x10, 0x20, 0x00, 0x20, 0x00, 0x20, 0x00, 0x20, 0x00,
    0x20, 0x00, 0x20, 0x00, 0x20, 0x00, 0x20, 0x00, 0x21, 0x00, 0x21, 0x00, 0x21, 0x00, 0x21, 0x00, 0x21, 0x00, 0x21, 0x00,
    0x21, 0x00, 0x21, 0x00, 0x21, 0x00, 0x21, 0x00, 0x21, 0x00, 0x21, 0x00, 0x21, 0x00, 0x21, 0x00, 0x21, 0x00, 0x21, 0x00,
    0x21, 0x00, 0x21, 0x00, 0x21, 0x00, 0x21, 0x00, 0x21, 0x00, 0x21, 0x00, 0x21, 0x00, 0x21, 0x00, 0x21, 0x00, 0x21, 0x00,
    0x21, 0x00, 0x21, 0x00, 0x21, 0x00, 0x21, 0x00, 0x21, 0x00, 0x21, 0x00, 0x20, 0x00, 0x20, 0x00, 0x20, 0x00, 0x20, 0x00,
    0x20, 0x00, 0x20, 0x00, 0x20, 0x00, 0x20, 0x00, 0xa3, 0x10, 0x41, 0x08, 0x20, 0x00, 0x20, 0x00, 0x20, 0x00, 0x20, 0x00,
    0x20, 0x00, 0x20, 0x00, 0x20, 0x00, 0x20, 0x00, 0x20, 0x00, 0x20, 0x00, 0x00, 0x00, 0x00, 0x00, 0x82, 0x10, 0x49, 0x4a,
    0x4e, 0x6b, 0x6e, 0x6b, 0xcc, 0x5a, 0x04, 0x21, 0x00, 0x00, 0x00, 0x00, 0x00, 0x00, 0x00, 0x00, 0x00, 0x00, 0x00, 0x00,
    0x00, 0x00, 0x00, 0x00, 0x00, 0x00, 0x00, 0x00, 0x00, 0x00, 0x00, 0x00, 0x00, 0x00, 0x00, 0x00, 0x00, 0x00, 0x00, 0x00,
    0x00, 0x00, 0x00, 0x00, 0x00, 0x00, 0x00, 0x00, 0x00, 0x00, 0x00, 0x00, 0x00, 0x00, 0x00, 0x00, 0x00, 0x00, 0x00, 0x00,
    0x00, 0x00, 0x00, 0x00, 0x00, 0x00, 0x00, 0x00, 0x00, 0x00, 0x00, 0x00, 0x00, 0x00, 0x00, 0x00, 0x00, 0x00, 0x00, 0x00,
    0x00, 0x00, 0x00, 0x00, 0x00, 0x00, 0x00, 0x00, 0x00, 0x00, 0x00, 0x00, 0x00, 0x00, 0x00, 0x00, 0x00, 0x00, 0x00, 0x00,
    0x00, 0x00, 0x00, 0x00, 0x00, 0x00, 0x00, 0x00, 0x00, 0x00, 0x00, 0x00, 0x00, 0x00, 0x00, 0x00, 0x00, 0x00, 0x00, 0x00,
    0x00, 0x00, 0x00, 0x00, 0x00, 0x00, 0x00, 0x00, 0x00, 0x00, 0x00, 0x00, 0x00, 0x00, 0x00, 0x00, 0x00, 0x00, 0x00, 0x00,
    0x00, 0x00, 0x00, 0x00, 0x00, 0x00, 0x00, 0x00, 0x00, 0x00, 0x00, 0x00, 0x00, 0x00, 0x00, 0x00, 0x00, 0x00, 0x00, 0x00,
    0x00, 0x00, 0x00, 0x00, 0x00, 0x00, 0x00, 0x00, 0x00, 0x00, 0x00, 0x00, 0x00, 0x00, 0x00, 0x00, 0x00, 0x00, 0x00, 0x00,
    0x00, 0x00, 0x00, 0x00, 0x00, 0x00, 0x00, 0x00, 0x00, 0x00, 0x00, 0x00, 0x00, 0x00, 0x00, 0x00, 0x00, 0x00, 0x00, 0x00,
    0x00, 0x00, 0x00, 0x00, 0x00, 0x00, 0x00, 0x00, 0x00, 0x00, 0x00, 0x00, 0x00, 0x00, 0x00, 0x00, 0x00, 0x00, 0x00, 0x00,
    0x00, 0x00, 0x00, 0x00, 0x00, 0x00, 0x00, 0x00, 0x00, 0x00, 0x00, 0x00, 0x00, 0x00, 0x61, 0x08, 0x29, 0x42, 0x4e, 0x6b,
    0x6e, 0x6b, 0x0c, 0x63, 0x86, 0x31, 0x20, 0x00, 0x00, 0x00, 0x20, 0x00, 0x20, 0x00, 0x20, 0x00, 0x20, 0x00, 0x20, 0x00,
    0x20, 0x00, 0x20, 0x00, 0x20, 0x00, 0x00, 0x00, 0x82, 0x10, 0x62, 0x08, 0x00, 0x00, 0x20, 0x00, 0x20, 0x00, 0x20, 0x00,
    0x20, 0x00, 0x20, 0x00, 0x20, 0x00, 0x61, 0x08, 0x41, 0x08, 0x20, 0x00, 0x20, 0x00, 0x20, 0x00, 0x21, 0x00, 0x21, 0x00,
    0x21, 0x00, 0x21, 0x00, 0x21, 0x00, 0x21, 0x00, 0x21, 0x00, 0x21, 0x00, 0x21, 0x00, 0x21, 0x00, 0x21, 0x00, 0x21, 0x00,
    0x21, 0x00, 0x21, 0x00, 0x21, 0x00, 0x21, 0x00, 0x21, 0x00, 0x21, 0x00, 0x21, 0x00, 0x21, 0x00, 0x21, 0x00, 0x21, 0x00,
    0x21, 0x00, 0x21, 0x00, 0x20, 0x00, 0x20, 0x00, 0x20, 0x00, 0x41, 0x08, 0x61, 0x08, 0x20, 0x00, 0x20, 0x00, 0x20, 0x00,
    0x20, 0x00, 0x20, 0x00, 0x20, 0x00, 0x00, 0x00, 0x62, 0x08, 0x82, 0x10, 0x00, 0x00, 0x20, 0x00, 0x20, 0x00, 0x20, 0x00,
    0x20, 0x00, 0x20, 0x00, 0x20, 0x00, 0x20, 0x00, 0x20, 0x00, 0x00, 0x00, 0x20, 0x00, 0x86, 0x31, 0x0c, 0x63, 0x6e, 0x6b,
    0x4e, 0x6b, 0x29, 0x42, 0x61, 0x08, 0x00, 0x00, 0x00, 0x00, 0x00, 0x00, 0x00, 0x00, 0x00, 0x00, 0x00, 0x00, 0x00, 0x00,
    0x00, 0x00, 0x00, 0x00, 0x00, 0x00, 0x00, 0x00, 0x00, 0x00, 0x00, 0x00, 0x00, 0x00, 0x00, 0x00, 0x00, 0x00, 0x00, 0x00,
    0x00, 0x00, 0x00, 0x00, 0x00, 0x00, 0x00, 0x00, 0x00, 0x00, 0x00, 0x00, 0x00, 0x00, 0x00, 0x00, 0x00, 0x00, 0x00, 0x00,
    0x00, 0x00, 0x00, 0x00, 0x00, 0x00, 0x00, 0x00, 0x00, 0x00, 0x00, 0x00, 0x00, 0x00, 0x00, 0x00, 0x00, 0x00, 0x00, 0x00,
    0x00, 0x00, 0x00, 0x00, 0x00, 0x00, 0x00, 0x00, 0x00, 0x00, 0x00, 0x00, 0x00, 0x00, 0x00, 0x00, 0x00, 0x00, 0x00, 0x00,
    0x00, 0x00, 0x00, 0x00, 0x00, 0x00, 0x00, 0x00, 0x00, 0x00, 0x00, 0x00, 0x00, 0x00, 0x00, 0x00, 0x00, 0x00, 0x00, 0x00,
    0x00, 0x00, 0x00, 0x00, 0x00, 0x00, 0x00, 0x00, 0x00, 0x00, 0x00, 0x00, 0x00, 0x00, 0x00, 0x00, 0x00, 0x00, 0x00, 0x00,
    0x00, 0x00, 0x00, 0x00, 0x00, 0x00, 0x00, 0x00, 0x00, 0x00, 0x00, 0x00, 0x00, 0x00, 0x00, 0x00, 0x00, 0x00, 0x00, 0x00,
    0x00, 0x00, 0x00, 0x00, 0x00, 0x00, 0x00, 0x00, 0x00, 0x00, 0x00, 0x00, 0x00, 0x00, 0x00, 0x00, 0x00, 0x00, 0x00, 0x00,
    0x00, 0x00, 0x00, 0x00, 0x00, 0x00, 0x00, 0x00, 0x00, 0x00, 0x00, 0x00, 0x00, 0x00, 0x00, 0x00, 0x00, 0x00, 0x00, 0x00,
    0x00, 0x00, 0x00, 0x00, 0x00, 0x00, 0x00, 0x00, 0x00, 0x00, 0x00, 0x00, 0x00, 0x00, 0x00, 0x00, 0x00, 0x00, 0x00, 0x00,
    0x00, 0x00, 0x00, 0x00, 0x00, 0x00, 0x00, 0x00, 0x00, 0x00, 0x00, 0x00, 0x00, 0x00, 0x00, 0x00, 0x00, 0x00, 0x45, 0x29,
    0xec, 0x5a, 0x6e, 0x6b, 0x6e, 0x6b, 0x8a, 0x52, 0x04, 0x21, 0x00, 0x00, 0x00, 0x00, 0x20, 0x00, 0x20, 0x00, 0x20, 0x00,
    0x20, 0x00, 0x20, 0x00, 0x20, 0x00, 0x20, 0x00, 0xa3, 0x10, 0x20, 0x00, 0x20, 0x00, 0x20, 0x00, 0x20, 0x00, 0x20, 0x00,
    0x20, 0x00, 0x20, 0x00, 0x20, 0x00, 0xa3, 0x10, 0x21, 0x00, 0x20, 0x00, 0x20, 0x00, 0x20, 0x00, 0x20, 0x00, 0x20, 0x00,
    0x20, 0x00, 0x21, 0x00, 0x21, 0x00, 0x20, 0x00, 0x20, 0x00, 0x20, 0x00, 0x21, 0x00, 0x21, 0x00, 0x21, 0x00, 0x20, 0x00,
    0x20, 0x00, 0x21, 0x00, 0x21, 0x00, 0x21, 0x00, 0x20, 0x00, 0x20, 0x00, 0x20, 0x00, 0x21, 0x00, 0x21, 0x00, 0x20, 0x00,
    0x20, 0x00, 0x20, 0x00, 0x20, 0x00, 0x20, 0x00, 0x20, 0x00, 0x21, 0x00, 0xa3, 0x10, 0x20, 0x00, 0x20, 0x00, 0x20, 0x00,
    0x20, 0x00, 0x20, 0x00, 0x20, 0x00, 0x20, 0x00, 0x20, 0x00, 0xa3, 0x10, 0x20, 0x00, 0x20, 0x00, 0x20, 0x00, 0x20, 0x00,
    0x20, 0x00, 0x20, 0x00, 0x20, 0x00, 0x00, 0x00, 0x00, 0x00, 0x04, 0x21, 0x8a, 0x52, 0x6e, 0x6b, 0x6e, 0x6b, 0xec, 0x5a,
    0x45, 0x29, 0x00, 0x00, 0x00, 0x00, 0x00, 0x00, 0x00, 0x00, 0x00, 0x00, 0x00, 0x00, 0x00, 0x00, 0x00, 0x00, 0x00, 0x00,
    0x00, 0x00, 0x00, 0x00, 0x00, 0x00, 0x00, 0x00, 0x00, 0x00, 0x00, 0x00, 0x00, 0x00, 0x00, 0x00, 0x00, 0x00, 0x00, 0x00,
    0x00, 0x00, 0x00, 0x00, 0x00, 0x00, 0x00, 0x00, 0x00, 0x00, 0x00, 0x00, 0x00, 0x00, 0x00, 0x00, 0x00, 0x00, 0x00, 0x00,
    0x00, 0x00, 0x00, 0x00, 0x00, 0x00, 0x00, 0x00, 0x00, 0x00, 0x00, 0x00, 0x00, 0x00, 0x00, 0x00, 0x00, 0x00, 0x00, 0x00,
    0x00, 0x00, 0x00, 0x00, 0x00, 0x00, 0x00, 0x00, 0x00, 0x00, 0x00, 0x00, 0x00, 0x00, 0x00, 0x00, 0x00, 0x00, 0x00, 0x00,
    0x00, 0x00, 0x00, 0x00, 0x00, 0x00, 0x00, 0x00, 0x00, 0x00, 0x00, 0x00, 0x00, 0x00, 0x00, 0x00, 0x00, 0x00, 0x00, 0x00,
    0x00, 0x00, 0x00, 0x00, 0x00, 0x00, 0x00, 0x00, 0x00, 0x00, 0x00, 0x00, 0x00, 0x00, 0x00, 0x00, 0x00, 0x00, 0x00, 0x00,
    0x00, 0x00, 0x00, 0x00, 0x00, 0x00, 0x00, 0x00, 0x00, 0x00, 0x00, 0x00, 0x00, 0x00, 0x00, 0x00, 0x00, 0x00, 0x00, 0x00,
    0x00, 0x00, 0x00, 0x00, 0x00, 0x00, 0x00, 0x00, 0x00, 0x00, 0x00, 0x00, 0x00, 0x00, 0x00, 0x00, 0x00, 0x00, 0x00, 0x00,
    0x00, 0x00, 0x00, 0x00, 0x00, 0x00, 0x00, 0x00, 0x00, 0x00, 0x00, 0x00, 0x00, 0x00, 0x00, 0x00, 0x00, 0x00, 0x00, 0x00,
    0x00, 0x00, 0x00, 0x00, 0x00, 0x00, 0x00, 0x00, 0x00, 0x00, 0x00, 0x00, 0x00, 0x00, 0x00, 0x00, 0x00, 0x00, 0x00, 0x00,
    0x00, 0x00, 0x00, 0x00, 0x00, 0x00, 0x00, 0x00, 0x00, 0x00, 0x00, 0x00, 0x00, 0x00, 0x00, 0x00, 0x00, 0x00, 0x00, 0x00,
    0x62, 0x08, 0x08, 0x42, 0x2d, 0x63, 0x6e, 0x6b, 0x2d, 0x63, 0x29, 0x42, 0xa3, 0x10, 0x00, 0x00, 0x00, 0x00, 0x20, 0x00,
    0x20, 0x00, 0x20, 0x00, 0x20, 0x00, 0x21, 0x00, 0x41, 0x08, 0x20, 0x00, 0x20, 0x00, 0x20, 0x00, 0x20, 0x00, 0x20, 0x00,
    0x20, 0x00, 0x20, 0x00, 0x41, 0x08, 0xa2, 0x10, 0x00, 0x00, 0x20, 0x00, 0x20, 0x00, 0x20, 0x00, 0x20, 0x00, 0x20, 0x00,
    0x20, 0x00, 0x82, 0x10, 0x41, 0x08, 0x20, 0x00, 0x20, 0x00, 0x20, 0x00, 0x20, 0x00, 0x20, 0x00, 0x20, 0x00, 0x41, 0x08,
    0x41, 0x08, 0x20, 0x00, 0x20, 0x00, 0x20, 0x00, 0x20, 0x00, 0x20, 0x00, 0x20, 0x00, 0x41, 0x08, 0x82, 0x10, 0x20, 0x00,
    0x20, 0x00, 0x20, 0x00, 0x20, 0x00, 0x20, 0x00, 0x20, 0x00, 0x00, 0x00, 0xa2, 0x10, 0x41, 0x08, 0x20, 0x00, 0x20, 0x00,
    0x20, 0x00, 0x20, 0x00, 0x20, 0x00, 0x20, 0x00, 0x20, 0x00, 0x41, 0x08, 0x21, 0x00, 0x20, 0x00, 0x20, 0x00, 0x20, 0x00,
    0x20, 0x00, 0x00, 0x00, 0x00, 0x00, 0xa3, 0x10, 0x29, 0x42, 0x2d, 0x63, 0x6e, 0x6b, 0x2d, 0x63, 0x08, 0x42, 0x62, 0x08,
    0x00, 0x00, 0x00, 0x00, 0x00, 0x00, 0x00, 0x00, 0x00, 0x00, 0x00, 0x00, 0x00, 0x00, 0x00, 0x00, 0x00, 0x00, 0x00, 0x00,
    0x00, 0x00, 0x00, 0x00, 0x00, 0x00, 0x00, 0x00, 0x00, 0x00, 0x00, 0x00, 0x00, 0x00, 0x00, 0x00, 0x00, 0x00, 0x00, 0x00,
    0x00, 0x00, 0x00, 0x00, 0x00, 0x00, 0x00, 0x00, 0x00, 0x00, 0x00, 0x00, 0x00, 0x00, 0x00, 0x00, 0x00, 0x00, 0x00, 0x00,
    0x00, 0x00, 0x00, 0x00, 0x00, 0x00, 0x00, 0x00, 0x00, 0x00, 0x00, 0x00, 0x00, 0x00, 0x00, 0x00, 0x00, 0x00, 0x00, 0x00,
    0x00, 0x00, 0x00, 0x00, 0x00, 0x00, 0x00, 0x00, 0x00, 0x00, 0x00, 0x00, 0x00, 0x00, 0x00, 0x00, 0x00, 0x00, 0x00, 0x00,
    0x00, 0x00, 0x00, 0x00, 0x00, 0x00, 0x00, 0x00, 0x00, 0x00, 0x00, 0x00, 0x00, 0x00, 0x00, 0x00, 0x00, 0x00, 0x00, 0x00,
    0x00, 0x00, 0x00, 0x00, 0x00, 0x00, 0x00, 0x00, 0x00, 0x00, 0x00, 0x00, 0x00, 0x00, 0x00, 0x00, 0x00, 0x00, 0x00, 0x00,
    0x00, 0x00, 0x00, 0x00, 0x00, 0x00, 0x00, 0x00, 0x00, 0x00, 0x00, 0x00, 0x00, 0x00, 0x00, 0x00, 0x00, 0x00, 0x00, 0x00,
    0x00, 0x00, 0x00, 0x00, 0x00, 0x00, 0x00, 0x00, 0x00, 0x00, 0x00, 0x00, 0x00, 0x00, 0x00, 0x00, 0x00, 0x00, 0x00, 0x00,
    0x00, 0x00, 0x00, 0x00, 0x00, 0x00, 0x00, 0x00, 0x00, 0x00, 0x00, 0x00, 0x00, 0x00, 0x00, 0x00, 0x00, 0x00, 0x00, 0x00,
    0x00, 0x00, 0x00, 0x00, 0x00, 0x00, 0x00, 0x00, 0x00, 0x00, 0x00, 0x00, 0x00, 0x00, 0x00, 0x00, 0x00, 0x00, 0x00, 0x00,
    0x00, 0x00, 0x00, 0x00, 0x00, 0x00, 0x00, 0x00, 0x00, 0x00, 0x00, 0x00, 0x00, 0x00, 0x00, 0x00, 0x00, 0x00, 0x00, 0x00,
    0x00, 0x00, 0x00, 0x00, 0x04, 0x21, 0x8a, 0x52, 0x4e, 0x6b, 0x6e, 0x6b, 0x2d, 0x63, 0x08, 0x42, 0xa2, 0x10, 0x00, 0x00,
    0x00, 0x00, 0x20, 0x00, 0x20, 0x00, 0x20, 0x00, 0x20, 0x00, 0x20, 0x00, 0x20, 0x00, 0x20, 0x00, 0x20, 0x00, 0x20, 0x00,
    0x20, 0x00, 0x00, 0x00, 0x82, 0x10, 0x62, 0x08, 0x00, 0x00, 0x20, 0x00, 0x20, 0x00, 0x20, 0x00, 0x20, 0x00, 0x20, 0x00,
    0x20, 0x00, 0xa2, 0x10, 0x41, 0x08, 0x20, 0x00, 0x20, 0x00, 0x20, 0x00, 0x20, 0x00, 0x20, 0x00, 0x20, 0x00, 0x62, 0x08,
    0x62, 0x08, 0x20, 0x00, 0x20, 0x00, 0x20, 0x00, 0x20, 0x00, 0x20, 0x00, 0x20, 0x00, 0x41, 0x08, 0xa2, 0x10, 0x20, 0x00,
    0x20, 0x00, 0x20, 0x00, 0x20, 0x00, 0x20, 0x00, 0x20, 0x00, 0x00, 0x00, 0x62, 0x08, 0x82, 0x10, 0x00, 0x00, 0x20, 0x00,
    0x20, 0x00, 0x20, 0x00, 0x20, 0x00, 0x20, 0x00, 0x20, 0x00, 0x20, 0x00, 0x20, 0x00, 0x20, 0x00, 0x20, 0x00, 0x00, 0x00,
    0x00, 0x00, 0xa2, 0x10, 0x08, 0x42, 0x2d, 0x63, 0x6e, 0x6b, 0x4e, 0x6b, 0x8a, 0x52, 0x04, 0x21, 0x00, 0x00, 0x00, 0x00,
    0x00, 0x00, 0x00, 0x00, 0x00, 0x00, 0x00, 0x00, 0x00, 0x00, 0x00, 0x00, 0x00, 0x00, 0x00, 0x00, 0x00, 0x00, 0x00, 0x00,
    0x00, 0x00, 0x00, 0x00, 0x00, 0x00, 0x00, 0x00, 0x00, 0x00, 0x00, 0x00, 0x00, 0x00, 0x00, 0x00, 0x00, 0x00, 0x00, 0x00,
    0x00, 0x00, 0x00, 0x00, 0x00, 0x00, 0x00, 0x00, 0x00, 0x00, 0x00, 0x00, 0x00, 0x00, 0x00, 0x00, 0x00, 0x00, 0x00, 0x00,
    0x00, 0x00, 0x00, 0x00, 0x00, 0x00, 0x00, 0x00, 0x00, 0x00, 0x00, 0x00, 0x00, 0x00, 0x00, 0x00, 0x00, 0x00, 0x00, 0x00,
    0x00, 0x00, 0x00, 0x00, 0x00, 0x00, 0x00, 0x00, 0x00, 0x00, 0x00, 0x00, 0x00, 0x00, 0x00, 0x00, 0x00, 0x00, 0x00, 0x00,
    0x00, 0x00, 0x00, 0x00, 0x00, 0x00, 0x00, 0x00, 0x00, 0x00, 0x00, 0x00, 0x00, 0x00, 0x00, 0x00, 0x00, 0x00, 0x00, 0x00,
    0x00, 0x00, 0x00, 0x00, 0x00, 0x00, 0x00, 0x00, 0x00, 0x00, 0x00, 0x00, 0x00, 0x00, 0x00, 0x00, 0x00, 0x00, 0x00, 0x00,
    0x00, 0x00, 0x00, 0x00, 0x00, 0x00, 0x00, 0x00, 0x00, 0x00, 0x00, 0x00, 0x00, 0x00, 0x00, 0x00, 0x00, 0x00, 0x00, 0x00,
    0x00, 0x00, 0x00, 0x00, 0x00, 0x00, 0x00, 0x00, 0x00, 0x00, 0x00, 0x00, 0x00, 0x00, 0x00, 0x00, 0x00, 0x00, 0x00, 0x00,
    0x00, 0x00, 0x00, 0x00, 0x00, 0x00, 0x00, 0x00, 0x00, 0x00, 0x00, 0x00, 0x00, 0x00, 0x00, 0x00, 0x00, 0x00, 0x00, 0x00,
    0x00, 0x00, 0x00, 0x00, 0x00, 0x00, 0x00, 0x00, 0x00, 0x00, 0x00, 0x00, 0x00, 0x00, 0x00, 0x00, 0x00, 0x00, 0x00, 0x00,
    0x00, 0x00, 0x00, 0x00, 0x00, 0x00, 0x00, 0x00, 0x00, 0x00, 0x00, 0x00, 0x00, 0x00, 0x00, 0x00, 0x00, 0x00, 0x00, 0x00,
    0x00, 0x00, 0x00, 0x00, 0x00, 0x00, 0x20, 0x00, 0x65, 0x29, 0xcb, 0x5a, 0x6e, 0x6b, 0x6e, 0x6b, 0x0d, 0x63, 0x08, 0x42,
    0xc3, 0x18, 0x00, 0x00, 0x00, 0x00, 0x00, 0x00, 0x20, 0x00, 0x20, 0x00, 0x20, 0x00, 0x20, 0x00, 0x20, 0x00, 0x20, 0x00,
    0x20, 0x00, 0x20, 0x00, 0x82, 0x10, 0x41, 0x08, 0x20, 0x00, 0x20, 0x00, 0x20, 0x00, 0x20, 0x00, 0x20, 0x00, 0x20, 0x00,
    0x20, 0x00, 0xa2, 0x10, 0x21, 0x00, 0x20, 0x00, 0x20, 0x00, 0x20, 0x00, 0x20, 0x00, 0x20, 0x00, 0x00, 0x00, 0x62, 0x08,
    0x62, 0x08, 0x00, 0x00, 0x20, 0x00, 0x20, 0x00, 0x20, 0x00, 0x20, 0x00, 0x20, 0x00, 0x21, 0x00, 0xa2, 0x10, 0x20, 0x00,
    0x20, 0x00, 0x20, 0x00, 0x20, 0x00, 0x20, 0x00, 0x20, 0x00, 0x20, 0x00, 0x41, 0x08, 0x82, 0x10, 0x20, 0x00, 0x20, 0x00,
    0x20, 0x00, 0x20, 0x00, 0x20, 0x00, 0x20, 0x00, 0x20, 0x00, 0x20, 0x00, 0x00, 0x00, 0x00, 0x00, 0x00, 0x00, 0xc3, 0x18,
    0x08, 0x42, 0x0d, 0x63, 0x6e, 0x6b, 0x6e, 0x6b, 0xcb, 0x5a, 0x65, 0x29, 0x20, 0x00, 0x00, 0x00, 0x00, 0x00, 0x00, 0x00,
    0x00, 0x00, 0x00, 0x00, 0x00, 0x00, 0x00, 0x00, 0x00, 0x00, 0x00, 0x00, 0x00, 0x00, 0x00, 0x00, 0x00, 0x00, 0x00, 0x00,
    0x00, 0x00, 0x00, 0x00, 0x00, 0x00, 0x00, 0x00, 0x00, 0x00, 0x00, 0x00, 0x00, 0x00, 0x00, 0x00, 0x00, 0x00, 0x00, 0x00,
    0x00, 0x00, 0x00, 0x00, 0x00, 0x00, 0x00, 0x00, 0x00, 0x00, 0x00, 0x00, 0x00, 0x00, 0x00, 0x00, 0x00, 0x00, 0x00, 0x00,
    0x00, 0x00, 0x00, 0x00, 0x00, 0x00, 0x00, 0x00, 0x00, 0x00, 0x00, 0x00, 0x00, 0x00, 0x00, 0x00, 0x00, 0x00, 0x00, 0x00,
    0x00, 0x00, 0x00, 0x00, 0x00, 0x00, 0x00, 0x00, 0x00, 0x00, 0x00, 0x00, 0x00, 0x00, 0x00, 0x00, 0x00, 0x00, 0x00, 0x00,
    0x00, 0x00, 0x00, 0x00, 0x00, 0x00, 0x00, 0x00, 0x00, 0x00, 0x00, 0x00, 0x00, 0x00, 0x00, 0x00, 0x00, 0x00, 0x00, 0x00,
    0x00, 0x00, 0x00, 0x00, 0x00, 0x00, 0x00, 0x00, 0x00, 0x00, 0x00, 0x00, 0x00, 0x00, 0x00, 0x00, 0x00, 0x00, 0x00, 0x00,
    0x00, 0x00, 0x00, 0x00, 0x00, 0x00, 0x00, 0x00, 0x00, 0x00, 0x00, 0x00, 0x00, 0x00, 0x00, 0x00, 0x00, 0x00, 0x00, 0x00,
    0x00, 0x00, 0x00, 0x00, 0x00, 0x00, 0x00, 0x00, 0x00, 0x00, 0x00, 0x00, 0x00, 0x00, 0x00, 0x00, 0x00, 0x00, 0x00, 0x00,
    0x00, 0x00, 0x00, 0x00, 0x00, 0x00, 0x00, 0x00, 0x00, 0x00, 0x00, 0x00, 0x00, 0x00, 0x00, 0x00, 0x00, 0x00, 0x00, 0x00,
    0x00, 0x00, 0x00, 0x00, 0x00, 0x00, 0x00, 0x00, 0x00, 0x00, 0x00, 0x00, 0x00, 0x00, 0x00, 0x00, 0x00, 0x00, 0x00, 0x00,
    0x00, 0x00, 0x00, 0x00, 0x00, 0x00, 0x00, 0x00, 0x00, 0x00, 0x00, 0x00, 0x00, 0x00, 0x00, 0x00, 0x00, 0x00, 0x00, 0x00,
    0x00, 0x00, 0x00, 0x00, 0x00, 0x00, 0x00, 0x00, 0x00, 0x00, 0x41, 0x08, 0x86, 0x31, 0xcb, 0x5a, 0x6e, 0x6b, 0x8e, 0x73,
    0x2d, 0x63, 0x49, 0x4a, 0x04, 0x21, 0x21, 0x00, 0x00, 0x00, 0x00, 0x00, 0x20, 0x00, 0x20, 0x00, 0x20, 0x00, 0x20, 0x00,
    0x20, 0x00, 0x20, 0x00, 0x21, 0x00, 0x20, 0x00, 0x20, 0x00, 0x20, 0x00, 0x20, 0x00, 0x20, 0x00, 0x20, 0x00, 0x20, 0x00,
    0x21, 0x00, 0xa2, 0x10, 0x20, 0x00, 0x20, 0x00, 0x20, 0x00, 0x20, 0x00, 0x20, 0x00, 0x20, 0x00, 0x00, 0x00, 0x62, 0x08,
    0x62, 0x08, 0x00, 0x00, 0x20, 0x00, 0x20, 0x00, 0x20, 0x00, 0x20, 0x00, 0x20, 0x00, 0x20, 0x00, 0xa2, 0x10, 0x21, 0x00,
    0x20, 0x00, 0x20, 0x00, 0x20, 0x00, 0x20, 0x00, 0x20, 0x00, 0x20, 0x00, 0x20, 0x00, 0x21, 0x00, 0x20, 0x00, 0x20, 0x00,
    0x20, 0x00, 0x20, 0x00, 0x20, 0x00, 0x20, 0x00, 0x00, 0x00, 0x00, 0x00, 0x21, 0x00, 0x04, 0x21, 0x49, 0x4a, 0x2d, 0x63,
    0x8e, 0x73, 0x6e, 0x6b, 0xcb, 0x5a, 0x86, 0x31, 0x41, 0x08, 0x00, 0x00, 0x00, 0x00, 0x00, 0x00, 0x00, 0x00, 0x00, 0x00,
    0x00, 0x00, 0x00, 0x00, 0x00, 0x00, 0x00, 0x00, 0x00, 0x00, 0x00, 0x00, 0x00, 0x00, 0x00, 0x00, 0x00, 0x00, 0x00, 0x00,
    0x00, 0x00, 0x00, 0x00, 0x00, 0x00, 0x00, 0x00, 0x00, 0x00, 0x00, 0x00, 0x00, 0x00, 0x00, 0x00, 0x00, 0x00, 0x00, 0x00,
    0x00, 0x00, 0x00, 0x00, 0x00, 0x00, 0x00, 0x00, 0x00, 0x00, 0x00, 0x00, 0x00, 0x00, 0x00, 0x00, 0x00, 0x00, 0x00, 0x00,
    0x00, 0x00, 0x00, 0x00, 0x00, 0x00, 0x00, 0x00, 0x00, 0x00, 0x00, 0x00, 0x00, 0x00, 0x00, 0x00, 0x00, 0x00, 0x00, 0x00,
    0x00, 0x00, 0x00, 0x00, 0x00, 0x00, 0x00, 0x00, 0x00, 0x00, 0x00, 0x00, 0x00, 0x00, 0x00, 0x00, 0x00, 0x00, 0x00, 0x00,
    0x00, 0x00, 0x00, 0x00, 0x00, 0x00, 0x00, 0x00, 0x00, 0x00, 0x00, 0x00, 0x00, 0x00, 0x00, 0x00, 0x00, 0x00, 0x00, 0x00,
    0x00, 0x00, 0x00, 0x00, 0x00, 0x00, 0x00, 0x00, 0x00, 0x00, 0x00, 0x00, 0x00, 0x00, 0x00, 0x00, 0x00, 0x00, 0x00, 0x00,
    0x00, 0x00, 0x00, 0x00, 0x00, 0x00, 0x00, 0x00, 0x00, 0x00, 0x00, 0x00, 0x00, 0x00, 0x00, 0x00, 0x00, 0x00, 0x00, 0x00,
    0x00, 0x00, 0x00, 0x00, 0x00, 0x00, 0x00, 0x00, 0x00, 0x00, 0x00, 0x00, 0x00, 0x00, 0x00, 0x00, 0x00, 0x00, 0x00, 0x00,
    0x00, 0x00, 0x00, 0x00, 0x00, 0x00, 0x00, 0x00, 0x00, 0x00, 0x00, 0x00, 0x00, 0x00, 0x00, 0x00, 0x00, 0x00, 0x00, 0x00,
    0x00, 0x00, 0x00, 0x00, 0x00, 0x00, 0x00, 0x00, 0x00, 0x00, 0x00, 0x00, 0x00, 0x00, 0x00, 0x00, 0x00, 0x00, 0x00, 0x00,
    0x00, 0x00, 0x00, 0x00, 0x00, 0x00, 0x00, 0x00, 0x00, 0x00, 0x00, 0x00, 0x00, 0x00, 0x00, 0x00, 0x00, 0x00, 0x00, 0x00,
    0x00, 0x00, 0x00, 0x00, 0x00, 0x00, 0x00, 0x00, 0x00, 0x00, 0x00, 0x00, 0x00, 0x00, 0x41, 0x08, 0x86, 0x31, 0xab, 0x52,
    0x4e, 0x6b, 0x8e, 0x73, 0x4e, 0x6b, 0xab, 0x52, 0xa7, 0x31, 0xa2, 0x10, 0x00, 0x00, 0x00, 0x00, 0x00, 0x00, 0x20, 0x00,
    0x20, 0x00, 0x20, 0x00, 0x20, 0x00, 0x20, 0x00, 0x20, 0x00, 0x20, 0x00, 0x20, 0x00, 0x20, 0x00, 0x20, 0x00, 0x20, 0x00,
    0x41, 0x08, 0x82, 0x10, 0x00, 0x00, 0x20, 0x00, 0x20, 0x00, 0x20, 0x00, 0x20, 0x00, 0x20, 0x00, 0x00, 0x00, 0x62, 0x08,
    0x62, 0x08, 0x00, 0x00, 0x20, 0x00, 0x20, 0x00, 0x20, 0x00, 0x20, 0x00, 0x20, 0x00, 0x00, 0x00, 0x82, 0x10, 0x41, 0x08,
    0x20, 0x00, 0x20, 0x00, 0x20, 0x00, 0x20, 0x00, 0x20, 0x00, 0x20, 0x00, 0x20, 0x00, 0x20, 0x00, 0x20, 0x00, 0x20, 0x00,
    0x20, 0x00, 0x00, 0x00, 0x00, 0x00, 0x00, 0x00, 0xa2, 0x10, 0xa7, 0x31, 0xab, 0x52, 0x4e, 0x6b, 0x8e, 0x73, 0x4e, 0x6b,
    0xab, 0x52, 0x86, 0x31, 0x41, 0x08, 0x00, 0x00, 0x00, 0x00, 0x00, 0x00, 0x00, 0x00, 0x00, 0x00, 0x00, 0x00, 0x00, 0x00,
    0x00, 0x00, 0x00, 0x00, 0x00, 0x00, 0x00, 0x00, 0x00, 0x00, 0x00, 0x00, 0x00, 0x00, 0x00, 0x00, 0x00, 0x00, 0x00, 0x00,
    0x00, 0x00, 0x00, 0x00, 0x00, 0x00, 0x00, 0x00, 0x00, 0x00, 0x00, 0x00, 0x00, 0x00, 0x00, 0x00, 0x00, 0x00, 0x00, 0x00,
    0x00, 0x00, 0x00, 0x00, 0x00, 0x00, 0x00, 0x00, 0x00, 0x00, 0x00, 0x00, 0x00, 0x00, 0x00, 0x00, 0x00, 0x00, 0x00, 0x00,
    0x00, 0x00, 0x00, 0x00, 0x00, 0x00, 0x00, 0x00, 0x00, 0x00, 0x00, 0x00, 0x00, 0x00, 0x00, 0x00, 0x00, 0x00, 0x00, 0x00,
    0x00, 0x00, 0x00, 0x00, 0x00, 0x00, 0x00, 0x00, 0x00, 0x00, 0x00, 0x00, 0x00, 0x00, 0x00, 0x00, 0x00, 0x00, 0x00, 0x00,
    0x00, 0x00, 0x00, 0x00, 0x00, 0x00, 0x00, 0x00, 0x00, 0x00, 0x00, 0x00, 0x00, 0x00, 0x00, 0x00, 0x00, 0x00, 0x00, 0x00,
    0x00, 0x00, 0x00, 0x00, 0x00, 0x00, 0x00, 0x00, 0x00, 0x00, 0x00, 0x00, 0x00, 0x00, 0x00, 0x00, 0x00, 0x00, 0x00, 0x00,
    0x00, 0x00, 0x00, 0x00, 0x00, 0x00, 0x00, 0x00, 0x00, 0x00, 0x00, 0x00, 0x00, 0x00, 0x00, 0x00, 0x00, 0x00, 0x00, 0x00,
    0x00, 0x00, 0x00, 0x00, 0x00, 0x00, 0x00, 0x00, 0x00, 0x00, 0x00, 0x00, 0x00, 0x00, 0x00, 0x00, 0x00, 0x00, 0x00, 0x00,
    0x00, 0x00, 0x00, 0x00, 0x00, 0x00, 0x00, 0x00, 0x00, 0x00, 0x00, 0x00, 0x00, 0x00, 0x00, 0x00, 0x00, 0x00, 0x00, 0x00,
    0x00, 0x00, 0x00, 0x00, 0x00, 0x00, 0x00, 0x00, 0x00, 0x00, 0x00, 0x00, 0x00, 0x00, 0x00, 0x00, 0x00, 0x00, 0x00, 0x00,
    0x00, 0x00, 0x00, 0x00, 0x00, 0x00, 0x00, 0x00, 0x00, 0x00, 0x00, 0x00, 0x00, 0x00, 0x00, 0x00, 0x00, 0x00, 0x00, 0x00,
    0x00, 0x00, 0x00, 0x00, 0x00, 0x00, 0x00, 0x00, 0x00, 0x00, 0x00, 0x00, 0x00, 0x00, 0x00, 0x00, 0x00, 0x00, 0x20, 0x00,
    0x45, 0x29, 0x6a, 0x4a, 0x2d, 0x63, 0x8e, 0x73, 0x6e, 0x6b, 0x0d, 0x63, 0x6a, 0x4a, 0x66, 0x29, 0x82, 0x10, 0x00, 0x00,
    0x00, 0x00, 0x00, 0x00, 0x00, 0x00, 0x20, 0x00, 0x20, 0x00, 0x20, 0x00, 0x20, 0x00, 0x20, 0x00, 0x20, 0x00, 0x20, 0x00,
    0x20, 0x00, 0x20, 0x00, 0x20, 0x00, 0x20, 0x00, 0x20, 0x00, 0x20, 0x00, 0x20, 0x00, 0x20, 0x00, 0x20, 0x00, 0x41, 0x08,
    0x41, 0x08, 0x20, 0x00, 0x20, 0x00, 0x20, 0x00, 0x20, 0x00, 0x20, 0x00, 0x20, 0x00, 0x20, 0x00, 0x20, 0x00, 0x20, 0x00,
    0x20, 0x00, 0x20, 0x00, 0x20, 0x00, 0x20, 0x00, 0x20, 0x00, 0x20, 0x00, 0x20, 0x00, 0x00, 0x00, 0x00, 0x00, 0x00, 0x00,
    0x00, 0x00, 0x82, 0x10, 0x66, 0x29, 0x6a, 0x4a, 0x0d, 0x63, 0x6e, 0x6b, 0x8e, 0x73, 0x2d, 0x63, 0x6a, 0x4a, 0x45, 0x29,
    0x20, 0x00, 0x00, 0x00, 0x00, 0x00, 0x00, 0x00, 0x00, 0x00, 0x00, 0x00, 0x00, 0x00, 0x00, 0x00, 0x00, 0x00, 0x00, 0x00,
    0x00, 0x00, 0x00, 0x00, 0x00, 0x00, 0x00, 0x00, 0x00, 0x00, 0x00, 0x00, 0x00, 0x00, 0x00, 0x00, 0x00, 0x00, 0x00, 0x00,
    0x00, 0x00, 0x00, 0x00, 0x00, 0x00, 0x00, 0x00, 0x00, 0x00, 0x00, 0x00, 0x00, 0x00, 0x00, 0x00, 0x00, 0x00, 0x00, 0x00,
    0x00, 0x00, 0x00, 0x00, 0x00, 0x00, 0x00, 0x00, 0x00, 0x00, 0x00, 0x00, 0x00, 0x00, 0x00, 0x00, 0x00, 0x00, 0x00, 0x00,
    0x00, 0x00, 0x00, 0x00, 0x00, 0x00, 0x00, 0x00, 0x00, 0x00, 0x00, 0x00, 0x00, 0x00, 0x00, 0x00, 0x00, 0x00, 0x00, 0x00,
    0x00, 0x00, 0x00, 0x00, 0x00, 0x00, 0x00, 0x00, 0x00, 0x00, 0x00, 0x00, 0x00, 0x00, 0x00, 0x00, 0x00, 0x00, 0x00, 0x00,
    0x00, 0x00, 0x00, 0x00, 0x00, 0x00, 0x00, 0x00, 0x00, 0x00, 0x00, 0x00, 0x00, 0x00, 0x00, 0x00, 0x00, 0x00, 0x00, 0x00,
    0x00, 0x00, 0x00, 0x00, 0x00, 0x00, 0x00, 0x00, 0x00, 0x00, 0x00, 0x00, 0x00, 0x00, 0x00, 0x00, 0x00, 0x00, 0x00, 0x00,
    0x00, 0x00, 0x00, 0x00, 0x00, 0x00, 0x00, 0x00, 0x00, 0x00, 0x00, 0x00, 0x00, 0x00, 0x00, 0x00, 0x00, 0x00, 0x00, 0x00,
    0x00, 0x00, 0x00, 0x00, 0x00, 0x00, 0x00, 0x00, 0x00, 0x00, 0x00, 0x00, 0x00, 0x00, 0x00, 0x00, 0x00, 0x00, 0x00, 0x00,
    0x00, 0x00, 0x00, 0x00, 0x00, 0x00, 0x00, 0x00, 0x00, 0x00, 0x00, 0x00, 0x00, 0x00, 0x00, 0x00, 0x00, 0x00, 0x00, 0x00,
    0x00, 0x00, 0x00, 0x00, 0x00, 0x00, 0x00, 0x00, 0x00, 0x00, 0x00, 0x00, 0x00, 0x00, 0x00, 0x00, 0x00, 0x00, 0x00, 0x00,
    0x00, 0x00, 0x00, 0x00, 0x00, 0x00, 0x00, 0x00, 0x00, 0x00, 0x00, 0x00, 0x00, 0x00, 0x00, 0x00, 0x00, 0x00, 0x00, 0x00,
    0x00, 0x00, 0x00, 0x00, 0x00, 0x00, 0x00, 0x00, 0x00, 0x00, 0x00, 0x00, 0x00, 0x00, 0x00, 0x00, 0x00, 0x00, 0x00, 0x00,
    0x00, 0x00, 0x00, 0x00, 0xc3, 0x18, 0xe8, 0x39, 0xcc, 0x5a, 0x6e, 0x6b, 0x8f, 0x73, 0x6e, 0x6b, 0x0d, 0x63, 0x6a, 0x4a,
    0xa6, 0x31, 0xe3, 0x18, 0x41, 0x08, 0x00, 0x00, 0x00, 0x00, 0x00, 0x00, 0x00, 0x00, 0x00, 0x00, 0x20, 0x00, 0x20, 0x00,
    0x20, 0x00, 0x20, 0x00, 0x20, 0x00, 0x20, 0x00, 0x20, 0x00, 0x20, 0x00, 0x20, 0x00, 0x20, 0x00, 0x20, 0x00, 0x20, 0x00,
    0x20, 0x00, 0x20, 0x00, 0x20, 0x00, 0x20, 0x00, 0x20, 0x00, 0x20, 0x00, 0x20, 0x00, 0x20, 0x00, 0x20, 0x00, 0x20, 0x00,
    0x20, 0x00, 0x20, 0x00, 0x00, 0x00, 0x00, 0x00, 0x00, 0x00, 0x00, 0x00, 0x00, 0x00, 0x41, 0x08, 0xe3, 0x18, 0xa6, 0x31,
    0x6a, 0x4a, 0x0d, 0x63, 0x6e, 0x6b, 0x8f, 0x73, 0x6e, 0x6b, 0xcc, 0x5a, 0xe8, 0x39, 0xc3, 0x18, 0x00, 0x00, 0x00, 0x00,
    0x00, 0x00, 0x00, 0x00, 0x00, 0x00, 0x00, 0x00, 0x00, 0x00, 0x00, 0x00, 0x00, 0x00, 0x00, 0x00, 0x00, 0x00, 0x00, 0x00,
    0x00, 0x00, 0x00, 0x00, 0x00, 0x00, 0x00, 0x00, 0x00, 0x00, 0x00, 0x00, 0x00, 0x00, 0x00, 0x00, 0x00, 0x00, 0x00, 0x00,
    0x00, 0x00, 0x00, 0x00, 0x00, 0x00, 0x00, 0x00, 0x00, 0x00, 0x00, 0x00, 0x00, 0x00, 0x00, 0x00, 0x00, 0x00, 0x00, 0x00,
    0x00, 0x00, 0x00, 0x00, 0x00, 0x00, 0x00, 0x00, 0x00, 0x00, 0x00, 0x00, 0x00, 0x00, 0x00, 0x00, 0x00, 0x00, 0x00, 0x00,
    0x00, 0x00, 0x00, 0x00, 0x00, 0x00, 0x00, 0x00, 0x00, 0x00, 0x00, 0x00, 0x00, 0x00, 0x00, 0x00, 0x00, 0x00, 0x00, 0x00,
    0x00, 0x00, 0x00, 0x00, 0x00, 0x00, 0x00, 0x00, 0x00, 0x00, 0x00, 0x00, 0x00, 0x00, 0x00, 0x00, 0x00, 0x00, 0x00, 0x00,
    0x00, 0x00, 0x00, 0x00, 0x00, 0x00, 0x00, 0x00, 0x00, 0x00, 0x00, 0x00, 0x00, 0x00, 0x00, 0x00, 0x00, 0x00, 0x00, 0x00,
    0x00, 0x00, 0x00, 0x00, 0x00, 0x00, 0x00, 0x00, 0x00, 0x00, 0x00, 0x00, 0x00, 0x00, 0x00, 0x00, 0x00, 0x00, 0x00, 0x00,
    0x00, 0x00, 0x00, 0x00, 0x00, 0x00, 0x00, 0x00, 0x00, 0x00, 0x00, 0x00, 0x00, 0x00, 0x00, 0x00, 0x00, 0x00, 0x00, 0x00,
    0x00, 0x00, 0x00, 0x00, 0x00, 0x00, 0x00, 0x00, 0x00, 0x00, 0x00, 0x00, 0x00, 0x00, 0x00, 0x00, 0x00, 0x00, 0x00, 0x00,
    0x00, 0x00, 0x00, 0x00, 0x00, 0x00, 0x00, 0x00, 0x00, 0x00, 0x00, 0x00, 0x00, 0x00, 0x00, 0x00, 0x00, 0x00, 0x00, 0x00,
    0x00, 0x00, 0x00, 0x00, 0x00, 0x00, 0x00, 0x00, 0x00, 0x00, 0x00, 0x00, 0x00, 0x00, 0x00, 0x00, 0x00, 0x00, 0x00, 0x00,
    0x00, 0x00, 0x00, 0x00, 0x00, 0x00, 0x00, 0x00, 0x00, 0x00, 0x00, 0x00, 0x00, 0x00, 0x00, 0x00, 0x00, 0x00, 0x00, 0x00,
    0x00, 0x00, 0x00, 0x00, 0x00, 0x00, 0x00, 0x00, 0x00, 0x00, 0x00, 0x00, 0x00, 0x00, 0x00, 0x00, 0x00, 0x00, 0x00, 0x00,
    0x00, 0x00, 0x00, 0x00, 0x00, 0x00, 0x00, 0x00, 0x41, 0x08, 0x24, 0x21, 0x29, 0x42, 0xec, 0x5a, 0x4e, 0x6b, 0x8f, 0x73,
    0x8e, 0x73, 0x4d, 0x6b, 0xcb, 0x5a, 0x49, 0x4a, 0x86, 0x31, 0x04, 0x21, 0x82, 0x10, 0x20, 0x00, 0x00, 0x00, 0x00, 0x00,
    0x00, 0x00, 0x00, 0x00, 0x00, 0x00, 0x00, 0x00, 0x00, 0x00, 0x00, 0x00, 0x00, 0x00, 0x00, 0x00, 0x00, 0x00, 0x20, 0x00,
    0x20, 0x00, 0x00, 0x00, 0x00, 0x00, 0x00, 0x00, 0x00, 0x00, 0x00, 0x00, 0x00, 0x00, 0x00, 0x00, 0x00, 0x00, 0x00, 0x00,
    0x00, 0x00, 0x00, 0x00, 0x20, 0x00, 0x82, 0x10, 0x04, 0x21, 0x86, 0x31, 0x49, 0x4a, 0xcb, 0x5a, 0x4d, 0x6b, 0x8e, 0x73,
    0x8f, 0x73, 0x4e, 0x6b, 0xec, 0x5a, 0x29, 0x42, 0x24, 0x21, 0x41, 0x08, 0x00, 0x00, 0x00, 0x00, 0x00, 0x00, 0x00, 0x00,
    0x00, 0x00, 0x00, 0x00, 0x00, 0x00, 0x00, 0x00, 0x00, 0x00, 0x00, 0x00, 0x00, 0x00, 0x00, 0x00, 0x00, 0x00, 0x00, 0x00,
    0x00, 0x00, 0x00, 0x00, 0x00, 0x00, 0x00, 0x00, 0x00, 0x00, 0x00, 0x00, 0x00, 0x00, 0x00, 0x00, 0x00, 0x00, 0x00, 0x00,
    0x00, 0x00, 0x00, 0x00, 0x00, 0x00, 0x00, 0x00, 0x00, 0x00, 0x00, 0x00, 0x00, 0x00, 0x00, 0x00, 0x00, 0x00, 0x00, 0x00,
    0x00, 0x00, 0x00, 0x00, 0x00, 0x00, 0x00, 0x00, 0x00, 0x00, 0x00, 0x00, 0x00, 0x00, 0x00, 0x00, 0x00, 0x00, 0x00, 0x00,
    0x00, 0x00, 0x00, 0x00, 0x00, 0x00, 0x00, 0x00, 0x00, 0x00, 0x00, 0x00, 0x00, 0x00, 0x00, 0x00, 0x00, 0x00, 0x00, 0x00,
    0x00, 0x00, 0x00, 0x00, 0x00, 0x00, 0x00, 0x00, 0x00, 0x00, 0x00, 0x00, 0x00, 0x00, 0x00, 0x00, 0x00, 0x00, 0x00, 0x00,
    0x00, 0x00, 0x00, 0x00, 0x00, 0x00, 0x00, 0x00, 0x00, 0x00, 0x00, 0x00, 0x00, 0x00, 0x00, 0x00, 0x00, 0x00, 0x00, 0x00,
    0x00, 0x00, 0x00, 0x00, 0x00, 0x00, 0x00, 0x00, 0x00, 0x00, 0x00, 0x00, 0x00, 0x00, 0x00, 0x00, 0x00, 0x00, 0x00, 0x00,
    0x00, 0x00, 0x00, 0x00, 0x00, 0x00, 0x00, 0x00, 0x00, 0x00, 0x00, 0x00, 0x00, 0x00, 0x00, 0x00, 0x00, 0x00, 0x00, 0x00,
    0x00, 0x00, 0x00, 0x00, 0x00, 0x00, 0x00, 0x00, 0x00, 0x00, 0x00, 0x00, 0x00, 0x00, 0x00, 0x00, 0x00, 0x00, 0x00, 0x00,
    0x00, 0x00, 0x00, 0x00, 0x00, 0x00, 0x00, 0x00, 0x00, 0x00, 0x00, 0x00, 0x00, 0x00, 0x00, 0x00, 0x00, 0x00, 0x00, 0x00,
    0x00, 0x00, 0x00, 0x00, 0x00, 0x00, 0x00, 0x00, 0x00, 0x00, 0x00, 0x00, 0x00, 0x00, 0x00, 0x00, 0x00, 0x00, 0x00, 0x00,
    0x00, 0x00, 0x00, 0x00, 0x00, 0x00, 0x00, 0x00, 0x00, 0x00, 0x00, 0x00, 0x00, 0x00, 0x00, 0x00, 0x00, 0x00, 0x00, 0x00,
    0x00, 0x00, 0x00, 0x00, 0x00, 0x00, 0x00, 0x00, 0x00, 0x00, 0x00, 0x00, 0x00, 0x00, 0x00, 0x00, 0x00, 0x00, 0x00, 0x00,
    0x00, 0x00, 0x00, 0x00, 0x00, 0x00, 0x00, 0x00, 0x00, 0x00, 0x00, 0x00, 0x00, 0x00, 0x61, 0x08, 0x24, 0x21, 0xe8, 0x39,
    0xab, 0x52, 0x2d, 0x63, 0x6e, 0x6b, 0x8f, 0x73, 0x8e, 0x73, 0x4e, 0x6b, 0x0c, 0x63, 0xab, 0x52, 0x29, 0x42, 0xc7, 0x39,
    0x65, 0x29, 0x04, 0x21, 0xc3, 0x18, 0x82, 0x10, 0x61, 0x08, 0x41, 0x08, 0x20, 0x00, 0x20, 0x00, 0x00, 0x00, 0x00, 0x00,
    0x00, 0x00, 0x00, 0x00, 0x20, 0x00, 0x20, 0x00, 0x41, 0x08, 0x61, 0x08, 0x82, 0x10, 0xc3, 0x18, 0x04, 0x21, 0x65, 0x29,
    0xc7, 0x39, 0x29, 0x42, 0xab, 0x52, 0x0c, 0x63, 0x4e, 0x6b, 0x8e, 0x73, 0x8f, 0x73, 0x6e, 0x6b, 0x2d, 0x63, 0xab, 0x52,
    0xe8, 0x39, 0x24, 0x21, 0x61, 0x08, 0x00, 0x00, 0x00, 0x00, 0x00, 0x00, 0x00, 0x00, 0x00, 0x00, 0x00, 0x00, 0x00, 0x00,
    0x00, 0x00, 0x00, 0x00, 0x00, 0x00, 0x00, 0x00, 0x00, 0x00, 0x00, 0x00, 0x00, 0x00, 0x00, 0x00, 0x00, 0x00, 0x00, 0x00,
    0x00, 0x00, 0x00, 0x00, 0x00, 0x00, 0x00, 0x00, 0x00, 0x00, 0x00, 0x00, 0x00, 0x00, 0x00, 0x00, 0x00, 0x00, 0x00, 0x00,
    0x00, 0x00, 0x00, 0x00, 0x00, 0x00, 0x00, 0x00, 0x00, 0x00, 0x00, 0x00, 0x00, 0x00, 0x00, 0x00, 0x00, 0x00, 0x00, 0x00,
    0x00, 0x00, 0x00, 0x00, 0x00, 0x00, 0x00, 0x00, 0x00, 0x00, 0x00, 0x00, 0x00, 0x00, 0x00, 0x00, 0x00, 0x00, 0x00, 0x00,
    0x00, 0x00, 0x00, 0x00, 0x00, 0x00, 0x00, 0x00, 0x00, 0x00, 0x00, 0x00, 0x00, 0x00, 0x00, 0x00, 0x00, 0x00, 0x00, 0x00,
    0x00, 0x00, 0x00, 0x00, 0x00, 0x00, 0x00, 0x00, 0x00, 0x00, 0x00, 0x00, 0x00, 0x00, 0x00, 0x00, 0x00, 0x00, 0x00, 0x00,
    0x00, 0x00, 0x00, 0x00, 0x00, 0x00, 0x00, 0x00, 0x00, 0x00, 0x00, 0x00, 0x00, 0x00, 0x00, 0x00, 0x00, 0x00, 0x00, 0x00,
    0x00, 0x00, 0x00, 0x00, 0x00, 0x00, 0x00, 0x00, 0x00, 0x00, 0x00, 0x00, 0x00, 0x00, 0x00, 0x00, 0x00, 0x00, 0x00, 0x00,
    0x00, 0x00, 0x00, 0x00, 0x00, 0x00, 0x00, 0x00, 0x00, 0x00, 0x00, 0x00, 0x00, 0x00, 0x00, 0x00, 0x00, 0x00, 0x00, 0x00,
    0x00, 0x00, 0x00, 0x00, 0x00, 0x00, 0x00, 0x00, 0x00, 0x00, 0x00, 0x00, 0x00, 0x00, 0x00, 0x00, 0x00, 0x00, 0x00, 0x00,
    0x00, 0x00, 0x00, 0x00, 0x00, 0x00, 0x00, 0x00, 0x00, 0x00, 0x00, 0x00, 0x00, 0x00, 0x00, 0x00, 0x00, 0x00, 0x00, 0x00,
    0x00, 0x00, 0x00, 0x00, 0x00, 0x00, 0x00, 0x00, 0x00, 0x00, 0x00, 0x00, 0x00, 0x00, 0x00, 0x00, 0x00, 0x00, 0x00, 0x00,
    0x00, 0x00, 0x00, 0x00, 0x00, 0x00, 0x00, 0x00, 0x00, 0x00, 0x00, 0x00, 0x00, 0x00, 0x00, 0x00, 0x00, 0x00, 0x00, 0x00,
    0x00, 0x00, 0x00, 0x00, 0x00, 0x00, 0x00, 0x00, 0x00, 0x00, 0x00, 0x00, 0x00, 0x00, 0x00, 0x00, 0x00, 0x00, 0x00, 0x00,
    0x00, 0x00, 0x00, 0x00, 0x00, 0x00, 0x00, 0x00, 0x00, 0x00, 0x00, 0x00, 0x00, 0x00, 0x00, 0x00, 0x00, 0x00, 0x00, 0x00,
    0x20, 0x00, 0xa3, 0x10, 0x65, 0x29, 0x08, 0x42, 0xab, 0x52, 0x0d, 0x63, 0x4e, 0x6b, 0x8e, 0x73, 0x8f, 0x73, 0x8f, 0x73,
    0x6e, 0x6b, 0x6e, 0x6b, 0x2d, 0x63, 0x0c, 0x63, 0xec, 0x5a, 0xcb, 0x5a, 0xab, 0x52, 0x8a, 0x52, 0x6a, 0x4a, 0x6a, 0x4a,
    0x6a, 0x4a, 0x6a, 0x4a, 0x8a, 0x52, 0xab, 0x52, 0xcb, 0x5a, 0xec, 0x5a, 0x0c, 0x63, 0x2d, 0x63, 0x6e, 0x6b, 0x6e, 0x6b,
    0x8f, 0x73, 0x8f, 0x73, 0x8e, 0x73, 0x4e, 0x6b, 0x0d, 0x63, 0xab, 0x52, 0x08, 0x42, 0x65, 0x29, 0xa3, 0x10, 0x20, 0x00,
    0x00, 0x00, 0x00, 0x00, 0x00, 0x00, 0x00, 0x00, 0x00, 0x00, 0x00, 0x00, 0x00, 0x00, 0x00, 0x00, 0x00, 0x00, 0x00, 0x00,
    0x00, 0x00, 0x00, 0x00, 0x00, 0x00, 0x00, 0x00, 0x00, 0x00, 0x00, 0x00, 0x00, 0x00, 0x00, 0x00, 0x00, 0x00, 0x00, 0x00,
    0x00, 0x00, 0x00, 0x00, 0x00, 0x00, 0x00, 0x00, 0x00, 0x00, 0x00, 0x00, 0x00, 0x00, 0x00, 0x00, 0x00, 0x00, 0x00, 0x00,
    0x00, 0x00, 0x00, 0x00, 0x00, 0x00, 0x00, 0x00, 0x00, 0x00, 0x00, 0x00, 0x00, 0x00, 0x00, 0x00, 0x00, 0x00, 0x00, 0x00,
    0x00, 0x00, 0x00, 0x00, 0x00, 0x00, 0x00, 0x00, 0x00, 0x00, 0x00, 0x00, 0x00, 0x00, 0x00, 0x00, 0x00, 0x00, 0x00, 0x00,
    0x00, 0x00, 0x00, 0x00, 0x00, 0x00, 0x00, 0x00, 0x00, 0x00, 0x00, 0x00, 0x00, 0x00, 0x00, 0x00, 0x00, 0x00, 0x00, 0x00,
    0x00, 0x00, 0x00, 0x00, 0x00, 0x00, 0x00, 0x00, 0x00, 0x00, 0x00, 0x00, 0x00, 0x00, 0x00, 0x00, 0x00, 0x00, 0x00, 0x00,
    0x00, 0x00, 0x00, 0x00, 0x00, 0x00, 0x00, 0x00, 0x00, 0x00, 0x00, 0x00, 0x00, 0x00, 0x00, 0x00, 0x00, 0x00, 0x00, 0x00,
    0x00, 0x00, 0x00, 0x00, 0x00, 0x00, 0x00, 0x00, 0x00, 0x00, 0x00, 0x00, 0x00, 0x00, 0x00, 0x00, 0x00, 0x00, 0x00, 0x00,
    0x00, 0x00, 0x00, 0x00, 0x00, 0x00, 0x00, 0x00, 0x00, 0x00, 0x00, 0x00, 0x00, 0x00, 0x00, 0x00, 0x00, 0x00, 0x00, 0x00,
    0x00, 0x00, 0x00, 0x00, 0x00, 0x00, 0x00, 0x00, 0x00, 0x00, 0x00, 0x00, 0x00, 0x00, 0x00, 0x00, 0x00, 0x00, 0x00, 0x00,
    0x00, 0x00, 0x00, 0x00, 0x00, 0x00, 0x00, 0x00, 0x00, 0x00, 0x00, 0x00, 0x00, 0x00, 0x00, 0x00, 0x00, 0x00, 0x00, 0x00,
    0x00, 0x00, 0x00, 0x00, 0x00, 0x00, 0x00, 0x00, 0x00, 0x00, 0x00, 0x00, 0x00, 0x00, 0x00, 0x00, 0x00, 0x00, 0x00, 0x00,
    0x00, 0x00, 0x00, 0x00, 0x00, 0x00, 0x00, 0x00, 0x00, 0x00, 0x00, 0x00, 0x00, 0x00, 0x00, 0x00, 0x00, 0x00, 0x00, 0x00,
    0x00, 0x00, 0x00, 0x00, 0x00, 0x00, 0x00, 0x00, 0x00, 0x00, 0x00, 0x00, 0x00, 0x00, 0x00, 0x00, 0x00, 0x00, 0x00, 0x00,
    0x00, 0x00, 0x00, 0x00, 0x00, 0x00, 0x00, 0x00, 0x00, 0x00, 0x00, 0x00, 0x00, 0x00, 0x00, 0x00, 0x00, 0x00, 0x00, 0x00,
    0x00, 0x00, 0x00, 0x00, 0x00, 0x00, 0x00, 0x00, 0x20, 0x00, 0x82, 0x10, 0x04, 0x21, 0x86, 0x31, 0x08, 0x42, 0x6a, 0x4a,
    0xab, 0x52, 0x0c, 0x63, 0x2d, 0x63, 0x4e, 0x6b, 0x6e, 0x6b, 0x6e, 0x6b, 0x8e, 0x73, 0x8f, 0x73, 0x8f, 0x73, 0x8f, 0x73,
    0x8f, 0x73, 0x8f, 0x73, 0x8f, 0x73, 0x8e, 0x73, 0x6e, 0x6b, 0x6e, 0x6b, 0x4e, 0x6b, 0x2d, 0x63, 0x0c, 0x63, 0xab, 0x52,
    0x6a, 0x4a, 0x08, 0x42, 0x86, 0x31, 0x04, 0x21, 0x82, 0x10, 0x20, 0x00, 0x00, 0x00, 0x00, 0x00, 0x00, 0x00, 0x00, 0x00,
    0x00, 0x00, 0x00, 0x00, 0x00, 0x00, 0x00, 0x00, 0x00, 0x00, 0x00, 0x00, 0x00, 0x00, 0x00, 0x00, 0x00, 0x00, 0x00, 0x00,
    0x00, 0x00, 0x00, 0x00, 0x00, 0x00, 0x00, 0x00, 0x00, 0x00, 0x00, 0x00, 0x00, 0x00, 0x00, 0x00, 0x00, 0x00, 0x00, 0x00,
    0x00, 0x00, 0x00, 0x00, 0x00, 0x00, 0x00, 0x00, 0x00, 0x00, 0x00, 0x00, 0x00, 0x00, 0x00, 0x00, 0x00, 0x00, 0x00, 0x00,
    0x00, 0x00, 0x00, 0x00, 0x00, 0x00, 0x00, 0x00, 0x00, 0x00, 0x00, 0x00, 0x00, 0x00, 0x00, 0x00, 0x00, 0x00, 0x00, 0x00,
    0x00, 0x00, 0x00, 0x00, 0x00, 0x00, 0x00, 0x00, 0x00, 0x00, 0x00, 0x00, 0x00, 0x00, 0x00, 0x00, 0x00, 0x00, 0x00, 0x00,
    0x00, 0x00, 0x00, 0x00, 0x00, 0x00, 0x00, 0x00, 0x00, 0x00, 0x00, 0x00, 0x00, 0x00, 0x00, 0x00, 0x00, 0x00, 0x00, 0x00,
    0x00, 0x00, 0x00, 0x00, 0x00, 0x00, 0x00, 0x00, 0x00, 0x00, 0x00, 0x00, 0x00, 0x00, 0x00, 0x00, 0x00, 0x00, 0x00, 0x00,
    0x00, 0x00, 0x00, 0x00, 0x00, 0x00, 0x00, 0x00, 0x00, 0x00, 0x00, 0x00, 0x00, 0x00, 0x00, 0x00, 0x00, 0x00, 0x00, 0x00,
    0x00, 0x00, 0x00, 0x00, 0x00, 0x00, 0x00, 0x00, 0x00, 0x00, 0x00, 0x00, 0x00, 0x00, 0x00, 0x00, 0x00, 0x00, 0x00, 0x00,
    0x00, 0x00, 0x00, 0x00, 0x00, 0x00, 0x00, 0x00, 0x00, 0x00, 0x00, 0x00, 0x00, 0x00, 0x00, 0x00, 0x00, 0x00, 0x00, 0x00,
    0x00, 0x00, 0x00, 0x00, 0x00, 0x00, 0x00, 0x00, 0x00, 0x00, 0x00, 0x00, 0x00, 0x00, 0x00, 0x00, 0x00, 0x00, 0x00, 0x00,
    0x00, 0x00, 0x00, 0x00, 0x00, 0x00, 0x00, 0x00, 0x00, 0x00, 0x00, 0x00, 0x00, 0x00, 0x00, 0x00, 0x00, 0x00, 0x00, 0x00,
    0x00, 0x00, 0x00, 0x00, 0x00, 0x00, 0x00, 0x00, 0x00, 0x00, 0x00, 0x00, 0x00, 0x00, 0x00, 0x00, 0x00, 0x00, 0x00, 0x00,
    0x00, 0x00, 0x00, 0x00, 0x00, 0x00, 0x00, 0x00, 0x00, 0x00, 0x00, 0x00, 0x00, 0x00, 0x00, 0x00, 0x00, 0x00, 0x00, 0x00,
    0x00, 0x00, 0x00, 0x00, 0x00, 0x00, 0x00, 0x00, 0x00, 0x00, 0x00, 0x00, 0x00, 0x00, 0x00, 0x00, 0x00, 0x00, 0x00, 0x00,
    0x00, 0x00, 0x00, 0x00, 0x00, 0x00, 0x00, 0x00, 0x00, 0x00, 0x00, 0x00, 0x00, 0x00, 0x00, 0x00, 0x00, 0x00, 0x00, 0x00,
    0x00, 0x00, 0x00, 0x00, 0x00, 0x00, 0x00, 0x00, 0x00, 0x00, 0x00, 0x00, 0x00, 0x00, 0x00, 0x00, 0x00, 0x00, 0x00, 0x00,
    0x20, 0x00, 0x61, 0x08, 0xa2, 0x10, 0xe3, 0x18, 0x24, 0x21, 0x45, 0x29, 0x66, 0x29, 0x86, 0x31, 0xa7, 0x31, 0xa7, 0x31,
    0xa7, 0x31, 0xa7, 0x31, 0x86, 0x31, 0x66, 0x29, 0x45, 0x29, 0x24, 0x21, 0xe3, 0x18, 0xa2, 0x10, 0x61, 0x08, 0x20, 0x00,
    0x00, 0x00, 0x00, 0x00, 0x00, 0x00, 0x00, 0x00, 0x00, 0x00, 0x00, 0x00, 0x00, 0x00, 0x00, 0x00, 0x00, 0x00, 0x00, 0x00,
    0x00, 0x00, 0x00, 0x00, 0x00, 0x00, 0x00, 0x00, 0x00, 0x00, 0x00, 0x00, 0x00, 0x00, 0x00, 0x00, 0x00, 0x00, 0x00, 0x00,
    0x00, 0x00, 0x00, 0x00, 0x00, 0x00, 0x00, 0x00, 0x00, 0x00, 0x00, 0x00, 0x00, 0x00, 0x00, 0x00, 0x00, 0x00, 0x00, 0x00,
    0x00, 0x00, 0x00, 0x00, 0x00, 0x00, 0x00, 0x00, 0x00, 0x00, 0x00, 0x00, 0x00, 0x00, 0x00, 0x00, 0x00, 0x00, 0x00, 0x00,
    0x00, 0x00, 0x00, 0x00, 0x00, 0x00, 0x00, 0x00, 0x00, 0x00, 0x00, 0x00, 0x00, 0x00, 0x00, 0x00, 0x00, 0x00, 0x00, 0x00,
    0x00, 0x00, 0x00, 0x00, 0x00, 0x00, 0x00, 0x00, 0x00, 0x00, 0x00, 0x00, 0x00, 0x00, 0x00, 0x00, 0x00, 0x00, 0x00, 0x00,
    0x00, 0x00, 0x00, 0x00, 0x00, 0x00, 0x00, 0x00, 0x00, 0x00, 0x00, 0x00, 0x00, 0x00, 0x00, 0x00, 0x00, 0x00, 0x00, 0x00,
    0x00, 0x00, 0x00, 0x00, 0x00, 0x00, 0x00, 0x00, 0x00, 0x00, 0x00, 0x00, 0x00, 0x00, 0x00, 0x00, 0x00, 0x00, 0x00, 0x00,
    0x00, 0x00, 0x00, 0x00, 0x00, 0x00, 0x00, 0x00, 0x00, 0x00, 0x00, 0x00, 0x00, 0x00, 0x00, 0x00, 0x00, 0x00, 0x00, 0x00,
    0x00, 0x00, 0x00, 0x00, 0x00, 0x00, 0x00, 0x00, 0x00, 0x00, 0x00, 0x00, 0x00, 0x00, 0x00, 0x00, 0x00, 0x00, 0x00, 0x00,
    0x00, 0x00, 0x00, 0x00, 0x00, 0x00, 0x00, 0x00, 0x00, 0x00, 0x00, 0x00, 0x00, 0x00, 0x00, 0x00, 0x00, 0x00, 0x00, 0x00,
    0x00, 0x00, 0x00, 0x00, 0x00, 0x00, 0x00, 0x00, 0x00, 0x00, 0x00, 0x00, 0x00, 0x00, 0x00, 0x00, 0x00, 0x00, 0x00, 0x00,
    0x00, 0x00, 0x00, 0x00, 0x00, 0x00, 0x00, 0x00, 0x00, 0x00, 0x00, 0x00, 0x00, 0x00, 0x00, 0x00, 0x00, 0x00, 0x00, 0x00,
    0x00, 0x00, 0x00, 0x00, 0x00, 0x00, 0x00, 0x00, 0x00, 0x00, 0x00, 0x00, 0x00, 0x00, 0x00, 0x00, 0x00, 0x00, 0x00, 0x00,
    0x00, 0x00, 0x00, 0x00, 0x00, 0x00, 0x00, 0x00, 0x00, 0x00, 0x00, 0x00, 0x00, 0x00, 0x00, 0x00, 0x00, 0x00, 0x00, 0x00,
    0x00, 0x00, 0x00, 0x00, 0x00, 0x00, 0x00, 0x00, 0x00, 0x00, 0x00, 0x00, 0x00, 0x00, 0x00, 0x00, 0x00, 0x00, 0x00, 0x00,
    0x00, 0x00, 0x00, 0x00, 0x00, 0x00, 0x00, 0x00, 0x00, 0x00, 0x00, 0x00, 0x00, 0x00, 0x00, 0x00, 0x00, 0x00, 0x00, 0x00,
    0x00, 0x00, 0x00, 0x00, 0x00, 0x00, 0x00, 0x00, 0x00, 0x00, 0x00, 0x00, 0x00, 0x00, 0x00, 0x00, 0x00, 0x00, 0x00, 0x00,
    0x00, 0x00, 0x00, 0x00, 0x00, 0x00, 0x00, 0x00, 0x00, 0x00, 0x00, 0x00, 0x00, 0x00, 0x00, 0x00, 0x00, 0x00, 0x00, 0x00,
    0x00, 0x00, 0x00, 0x00, 0x00, 0x00, 0x00, 0x00, 0x00, 0x00, 0x00, 0x00, 0x00, 0x00, 0x00, 0x00, 0x00, 0x00, 0x00, 0x00,
    0x00, 0x00, 0x00, 0x00, 0x00, 0x00, 0x00, 0x00, 0x00, 0x00, 0x00, 0x00, 0x00, 0x00, 0x00, 0x00, 0x00, 0x00, 0x00, 0x00,
    0x00, 0x00, 0x00, 0x00, 0x00, 0x00, 0x00, 0x00, 0x00, 0x00, 0x00, 0x00, 0x00, 0x00, 0x00, 0x00, 0x00, 0x00, 0x00, 0x00,
    0x00, 0x00, 0x00, 0x00, 0x00, 0x00, 0x00, 0x00, 0x00, 0x00, 0x00, 0x00, 0x00, 0x00, 0x00, 0x00, 0x00, 0x00, 0x00, 0x00,
    0x00, 0x00, 0x00, 0x00, 0x00, 0x00, 0x00, 0x00, 0x00, 0x00, 0x00, 0x00, 0x00, 0x00, 0x00, 0x00, 0x00, 0x00, 0x00, 0x00,
    0x00, 0x00, 0x00, 0x00, 0x00, 0x00, 0x00, 0x00, 0x00, 0x00, 0x00, 0x00, 0x00, 0x00, 0x00, 0x00, 0x00, 0x00, 0x00, 0x00,
    0x00, 0x00, 0x00, 0x00, 0x00, 0x00, 0x00, 0x00, 0x00, 0x00, 0x00, 0x00, 0x00, 0x00, 0x00, 0x00, 0x00, 0x00, 0x00, 0x00,
    0x00, 0x00, 0x00, 0x00, 0x00, 0x00, 0x00, 0x00, 0x00, 0x00, 0x00, 0x00, 0x00, 0x00, 0x00, 0x00, 0x00, 0x00, 0x00, 0x00,
    0x00, 0x00, 0x00, 0x00, 0x00, 0x00, 0x00, 0x00, 0x00, 0x00, 0x00, 0x00, 0x00, 0x00, 0x00, 0x00, 0x00, 0x00, 0x00, 0x00,
    0x00, 0x00, 0x00, 0x00, 0x00, 0x00, 0x00, 0x00, 0x00, 0x00, 0x00, 0x00, 0x00, 0x00, 0x00, 0x00, 0x00, 0x00, 0x00, 0x00,
    0x00, 0x00, 0x00, 0x00, 0x00, 0x00, 0x00, 0x00, 0x00, 0x00, 0x00, 0x00, 0x00, 0x00, 0x00, 0x00, 0x00, 0x00, 0x00, 0x00,
    0x00, 0x00, 0x00, 0x00, 0x00, 0x00, 0x00, 0x00, 0x00, 0x00, 0x00, 0x00, 0x00, 0x00, 0x00, 0x00, 0x00, 0x00, 0x00, 0x00,
    0x00, 0x00, 0x00, 0x00, 0x00, 0x00, 0x00, 0x00, 0x00, 0x00, 0x00, 0x00, 0x00, 0x00, 0x00, 0x00, 0x00, 0x00, 0x00, 0x00,
    0x00, 0x00, 0x00, 0x00, 0x00, 0x00, 0x00, 0x00, 0x00, 0x00, 0x00, 0x00, 0x00, 0x00, 0x00, 0x00, 0x00, 0x00, 0x00, 0x00,
    0x00, 0x00, 0x00, 0x00, 0x00, 0x00, 0x00, 0x00, 0x00, 0x00, 0x00, 0x00, 0x00, 0x00, 0x00, 0x00, 0x00, 0x00, 0x00, 0x00,
    0x00, 0x00, 0x00, 0x00, 0x00, 0x00, 0x00, 0x00, 0x00, 0x00, 0x00, 0x00, 0x00, 0x00, 0x00, 0x00, 0x00, 0x00, 0x00, 0x00,
    0x00, 0x00, 0x00, 0x00, 0x00, 0x00, 0x00, 0x00, 0x00, 0x00, 0x00, 0x00, 0x00, 0x00, 0x00, 0x00, 0x00, 0x00, 0x00, 0x00,
    0x00, 0x00, 0x00, 0x00, 0x00, 0x00, 0x00, 0x00, 0x00, 0x00, 0x00, 0x00, 0x00, 0x00, 0x00, 0x00, 0x00, 0x00, 0x00, 0x00,
    0x00, 0x00, 0x00, 0x00, 0x00, 0x00, 0x00, 0x00, 0x00, 0x00, 0x00, 0x00, 0x00, 0x00, 0x00, 0x00, 0x00, 0x00, 0x00, 0x00,
    0x00, 0x00, 0x00, 0x00, 0x00, 0x00, 0x00, 0x00, 0x00, 0x00, 0x00, 0x00, 0x00, 0x00, 0x00, 0x00, 0x00, 0x00, 0x00, 0x00,
    0x00, 0x00, 0x00, 0x00, 0x00, 0x00, 0x00, 0x00, 0x00, 0x00, 0x00, 0x00, 0x00, 0x00, 0x00, 0x00, 0x00, 0x00, 0x00, 0x00,
    0x00, 0x00, 0x00, 0x00, 0x00, 0x00, 0x00, 0x00, 0x00, 0x00, 0x00, 0x00, 0x00, 0x00, 0x00, 0x00, 0x00, 0x00, 0x00, 0x00,
    0x00, 0x00, 0x00, 0x00, 0x00, 0x00, 0x00, 0x00, 0x00, 0x00, 0x00, 0x00, 0x00, 0x00, 0x00, 0x00, 0x00, 0x00, 0x00, 0x00,
    0x00, 0x00, 0x00, 0x00, 0x00, 0x00, 0x00, 0x00, 0x00, 0x00, 0x00, 0x00, 0x00, 0x00, 0x00, 0x00, 0x00, 0x00, 0x00, 0x00,
    0x00, 0x00, 0x00, 0x00, 0x00, 0x00, 0x00, 0x00, 0x00, 0x00, 0x00, 0x00, 0x00, 0x00, 0x00, 0x00, 0x00, 0x00, 0x00, 0x00,
    0x00, 0x00, 0x00, 0x00, 0x00, 0x00, 0x00, 0x00, 0x00, 0x00, 0x00, 0x00, 0x00, 0x00, 0x00, 0x00, 0x00, 0x00, 0x00, 0x00,
    0x00, 0x00, 0x00, 0x00, 0x00, 0x00, 0x00, 0x00, 0x00, 0x00, 0x00, 0x00, 0x00, 0x00, 0x00, 0x00, 0x00, 0x00, 0x00, 0x00,
    0x00, 0x00, 0x00, 0x00, 0x00, 0x00, 0x00, 0x00, 0x00, 0x00, 0x00, 0x00, 0x00, 0x00, 0x00, 0x00, 0x00, 0x00, 0x00, 0x00,
    0x00, 0x00, 0x00, 0x00, 0x00, 0x00, 0x00, 0x00, 0x00, 0x00, 0x00, 0x00, 0x00, 0x00, 0x00, 0x00, 0x00, 0x00, 0x00, 0x00,
    0x00, 0x00, 0x00, 0x00, 0x00, 0x00, 0x00, 0x00, 0x00, 0x00, 0x00, 0x00, 0x00, 0x00, 0x00, 0x00, 0x00, 0x00, 0x00, 0x00,
    0x00, 0x00, 0x00, 0x00, 0x00, 0x00, 0x00, 0x00, 0x00, 0x00, 0x00, 0x00, 0x00, 0x00, 0x00, 0x00, 0x00, 0x00, 0x00, 0x00,
    0x00, 0x00, 0x00, 0x00, 0x00, 0x00, 0x00, 0x00, 0x00, 0x00, 0x00, 0x00, 0x00, 0x00, 0x00, 0x00, 0x00, 0x00, 0x00, 0x00,
    0x00, 0x00, 0x00, 0x00, 0x00, 0x00, 0x00, 0x00, 0x00, 0x00, 0x00, 0x00, 0x00, 0x00, 0x00, 0x00, 0x00, 0x00, 0x00, 0x00,
    0x00, 0x00, 0x00, 0x00, 0x00, 0x00, 0x00, 0x00, 0x00, 0x00, 0x00, 0x00, 0x00, 0x00, 0x00, 0x00, 0x00, 0x00, 0x00, 0x00,
    0x00, 0x00, 0x00, 0x00, 0x00, 0x00, 0x00, 0x00, 0x00, 0x00, 0x00, 0x00, 0x00, 0x00, 0x00, 0x00, 0x00, 0x00, 0x00, 0x00,
    0x00, 0x00, 0x00, 0x00, 0x00, 0x00, 0x00, 0x00, 0x00, 0x00, 0x00, 0x00, 0x00, 0x00, 0x00, 0x00, 0x00, 0x00, 0x00, 0x00,
    0x00, 0x00, 0x00, 0x00, 0x00, 0x00, 0x00, 0x00, 0x00, 0x00, 0x00, 0x00, 0x00, 0x00, 0x00, 0x00, 0x00, 0x00, 0x00, 0x00,
    0x00, 0x00, 0x00, 0x00, 0x00, 0x00, 0x00, 0x00, 0x00, 0x00, 0x00, 0x00, 0x00, 0x00, 0x00, 0x00, 0x00, 0x00, 0x00, 0x00,
    0x00, 0x00, 0x00, 0x00, 0x00, 0x00, 0x00, 0x00, 0x00, 0x00, 0x00, 0x00, 0x00, 0x00, 0x00, 0x00, 0x00, 0x00, 0x00, 0x00,
    0x00, 0x00, 0x00, 0x00, 0x00, 0x00, 0x00, 0x00, 0x00, 0x00, 0x00, 0x00, 0x00, 0x00, 0x00, 0x00, 0x00, 0x00, 0x00, 0x00,
    0x00, 0x00, 0x00, 0x00, 0x00, 0x00, 0x00, 0x00, 0x00, 0x00, 0x00, 0x00, 0x00, 0x00, 0x00, 0x00, 0x00, 0x00, 0x00, 0x00,
    0x00, 0x00, 0x00, 0x00, 0x00, 0x00, 0x00, 0x00, 0x00, 0x00, 0x00, 0x00, 0x00, 0x00, 0x00, 0x00, 0x00, 0x00, 0x00, 0x00,
    0x00, 0x00, 0x00, 0x00, 0x00, 0x00, 0x00, 0x00, 0x00, 0x00, 0x00, 0x00, 0x00, 0x00, 0x00, 0x00, 0x00, 0x00, 0x00, 0x00,
    0x00, 0x00, 0x00, 0x00, 0x00, 0x00, 0x00, 0x00, 0x00, 0x00, 0x00, 0x00, 0x00, 0x00, 0x00, 0x00, 0x00, 0x00, 0x00, 0x00,
    0x00, 0x00, 0x00, 0x00, 0x00, 0x00, 0x00, 0x00, 0x00, 0x00, 0x00, 0x00, 0x00, 0x00, 0x00, 0x00, 0x00, 0x00, 0x00, 0x00,
    0x00, 0x00, 0x00, 0x00, 0x00, 0x00, 0x00, 0x00, 0x00, 0x00, 0x00, 0x00, 0x00, 0x00, 0x00, 0x00, 0x00, 0x00, 0x00, 0x00,
    0x00, 0x00, 0x00, 0x00, 0x00, 0x00, 0x00, 0x00, 0x00, 0x00, 0x00, 0x00, 0x00, 0x00, 0x00, 0x00, 0x00, 0x00, 0x00, 0x00,
    0x00, 0x00, 0x00, 0x00, 0x00, 0x00, 0x00, 0x00, 0x00, 0x00, 0x00, 0x00, 0x00, 0x00, 0x00, 0x00, 0x00, 0x00, 0x00, 0x00,
    0x00, 0x00, 0x00, 0x00, 0x00, 0x00, 0x00, 0x00, 0x00, 0x00, 0x00, 0x00, 0x00, 0x00, 0x00, 0x00, 0x00, 0x00, 0x00, 0x00,
    0x00, 0x00, 0x00, 0x00, 0x00, 0x00, 0x00, 0x00, 0x00, 0x00, 0x00, 0x00, 0x00, 0x00, 0x00, 0x00, 0x00, 0x00, 0x00, 0x00,
    0x00, 0x00, 0x00, 0x00, 0x00, 0x00, 0x00, 0x00, 0x00, 0x00, 0x00, 0x00, 0x00, 0x00, 0x00, 0x00, 0x00, 0x00, 0x00, 0x00,
    0x00, 0x00, 0x00, 0x00, 0x00, 0x00, 0x00, 0x00, 0x00, 0x00, 0x00, 0x00, 0x00, 0x00, 0x00, 0x00, 0x00, 0x00, 0x00, 0x00,
    0x00, 0x00, 0x00, 0x00, 0x00, 0x00, 0x00, 0x00, 0x00, 0x00, 0x00, 0x00, 0x00, 0x00, 0x00, 0x00, 0x00, 0x00, 0x00, 0x00,
    0x00, 0x00, 0x00, 0x00, 0x00, 0x00, 0x00, 0x00, 0x00, 0x00, 0x00, 0x00, 0x00, 0x00, 0x00, 0x00, 0x00, 0x00, 0x00, 0x00,
    0x00, 0x00, 0x00, 0x00, 0x00, 0x00, 0x00, 0x00, 0x00, 0x00, 0x00, 0x00, 0x00, 0x00, 0x00, 0x00, 0x00, 0x00, 0x00, 0x00,
    0x00, 0x00, 0x00, 0x00, 0x00, 0x00, 0x00, 0x00, 0x00, 0x00, 0x00, 0x00, 0x00, 0x00, 0x00, 0x00, 0x00, 0x00, 0x00, 0x00,
    0x00, 0x00, 0x00, 0x00, 0x00, 0x00, 0x00, 0x00, 0x00, 0x00, 0x00, 0x00, 0x00, 0x00, 0x00, 0x00, 0x00, 0x00, 0x00, 0x00,
    0x00, 0x00, 0x00, 0x00, 0x00, 0x00, 0x00, 0x00, 0x00, 0x00, 0x00, 0x00, 0x00, 0x00, 0x00, 0x00, 0x00, 0x00, 0x00, 0x00,
    0x00, 0x00, 0x00, 0x00, 0x00, 0x00, 0x00, 0x00, 0x00, 0x00, 0x00, 0x00, 0x00, 0x00, 0x00, 0x00, 0x00, 0x00, 0x00, 0x00,
    0x00, 0x00, 0x00, 0x00, 0x00, 0x00, 0x00, 0x00, 0x00, 0x00, 0x00, 0x00, 0x00, 0x00, 0x00, 0x00, 0x00, 0x00, 0x00, 0x00,
    0x00, 0x00, 0x00, 0x00, 0x00, 0x00, 0x00, 0x00, 0x00, 0x00, 0x00, 0x00, 0x00, 0x00, 0x00, 0x00, 0x00, 0x00, 0x00, 0x00,
    0x00, 0x00, 0x00, 0x00, 0x00, 0x00, 0x00, 0x00, 0x00, 0x00, 0x00, 0x00, 0x00, 0x00, 0x00, 0x00, 0x00, 0x00, 0x00, 0x00,
    0x00, 0x00, 0x00, 0x00, 0x00, 0x00, 0x00, 0x00, 0x00, 0x00, 0x00, 0x00, 0x00, 0x00, 0x00, 0x00, 0x00, 0x00, 0x00, 0x00,
    0x00, 0x00, 0x00, 0x00, 0x00, 0x00, 0x00, 0x00, 0x00, 0x00, 0x00, 0x00, 0x00, 0x00, 0x00, 0x00, 0x00, 0x00, 0x00, 0x00,
    0x00, 0x00, 0x00, 0x00, 0x00, 0x00, 0x00, 0x00, 0x00, 0x00, 0x00, 0x00, 0x00, 0x00, 0x00, 0x00, 0x00, 0x00, 0x00, 0x00,
    0x00, 0x00, 0x00, 0x00, 0x00, 0x00, 0x00, 0x00, 0x00, 0x00, 0x00, 0x00, 0x00, 0x00, 0x00, 0x00, 0x00, 0x00, 0x00, 0x00,
    0x00, 0x00, 0x00, 0x00, 0x00, 0x00, 0x00, 0x00, 0x00, 0x00, 0x00, 0x00, 0x00, 0x00, 0x00, 0x00, 0x00, 0x00, 0x00, 0x00,
    0x00, 0x00, 0x00, 0x00, 0x00, 0x00, 0x00, 0x00, 0x00, 0x00, 0x00, 0x00, 0x00, 0x00, 0x00, 0x00, 0x00, 0x00, 0x00, 0x00,
    0x00, 0x00, 0x00, 0x00, 0x00, 0x00, 0x00, 0x00, 0x00, 0x00, 0x00, 0x00, 0x00, 0x00, 0x00, 0x00, 0x00, 0x00, 0x00, 0x00,
    0x00, 0x00, 0x00, 0x00, 0x00, 0x00, 0x00, 0x00, 0x00, 0x00, 0x00, 0x00, 0x00, 0x00, 0x00, 0x00, 0x00, 0x00, 0x00, 0x00,
    0x00, 0x00, 0x00, 0x00, 0x00, 0x00, 0x00, 0x00, 0x00, 0x00, 0x00, 0x00, 0x00, 0x00, 0x00, 0x00, 0x00, 0x00, 0x00, 0x00,
    0x00, 0x00, 0x00, 0x00, 0x00, 0x00, 0x00, 0x00, 0x00, 0x00, 0x00, 0x00, 0x00, 0x00, 0x00, 0x00, 0x00, 0x00, 0x00, 0x00,
    0x00, 0x00, 0x00, 0x00, 0x00, 0x00, 0x00, 0x00, 0x00, 0x00, 0x00, 0x00, 0x00, 0x00, 0x00, 0x00, 0x00, 0x00, 0x00, 0x00,
    0x00, 0x00, 0x00, 0x00, 0x00, 0x00, 0x00, 0x00, 0x00, 0x00, 0x00, 0x00, 0x00, 0x00, 0x00, 0x00, 0x00, 0x00, 0x00, 0x00,
    0x00, 0x00, 0x00, 0x00, 0x00, 0x00, 0x00, 0x00, 0x00, 0x00, 0x00, 0x00, 0x00, 0x00, 0x00, 0x00, 0x00, 0x00, 0x00, 0x00,
    0x00, 0x00, 0x00, 0x00, 0x00, 0x00, 0x00, 0x00, 0x00, 0x00, 0x00, 0x00, 0x00, 0x00, 0x00, 0x00, 0x00, 0x00, 0x00, 0x00,
    0x00, 0x00, 0x00, 0x00, 0x00, 0x00, 0x00, 0x00, 0x00, 0x00, 0x00, 0x00, 0x00, 0x00, 0x00, 0x00, 0x00, 0x00, 0x00, 0x00,
    0x00, 0x00, 0x00, 0x00, 0x00, 0x00, 0x00, 0x00, 0x00, 0x00, 0x00, 0x00, 0x00, 0x00, 0x00, 0x00, 0x00, 0x00, 0x00, 0x00,
    0x00, 0x00, 0x00, 0x00, 0x00, 0x00, 0x00, 0x00, 0x00, 0x00, 0x00, 0x00, 0x00, 0x00, 0x00, 0x00, 0x00, 0x00, 0x00, 0x00,
    0x00, 0x00, 0x00, 0x00, 0x00, 0x00, 0x00, 0x00, 0x00, 0x00, 0x00, 0x00, 0x00, 0x00, 0x00, 0x00, 0x00, 0x00, 0x00, 0x00,
    0x00, 0x00, 0x00, 0x00, 0x00, 0x00, 0x00, 0x00, 0x00, 0x00, 0x00, 0x00, 0x00, 0x00, 0x00, 0x00, 0x00, 0x00, 0x00, 0x00,
    0x00, 0x00, 0x00, 0x00, 0x00, 0x00, 0x00, 0x00, 0x00, 0x00, 0x00, 0x00, 0x00, 0x00, 0x00, 0x00, 0x00, 0x00, 0x00, 0x00,
    0x00, 0x00, 0x00, 0x00, 0x00, 0x00, 0x00, 0x00, 0x00, 0x00, 0x00, 0x00, 0x00, 0x00, 0x00, 0x00, 0x00, 0x00, 0x00, 0x00,
    0x00, 0x00, 0x00, 0x00, 0x00, 0x00, 0x00, 0x00, 0x00, 0x00, 0x00, 0x00, 0x00, 0x00, 0x00, 0x00, 0x00, 0x00, 0x00, 0x00,
    0x00, 0x00, 0x00, 0x00, 0x00, 0x00, 0x00, 0x00, 0x00, 0x00, 0x00, 0x00, 0x00, 0x00, 0x00, 0x00, 0x00, 0x00, 0x00, 0x00,
    0x00, 0x00, 0x00, 0x00, 0x00, 0x00, 0x00, 0x00, 0x00, 0x00, 0x00, 0x00, 0x00, 0x00, 0x00, 0x00, 0x00, 0x00, 0x00, 0x00,
    0x00, 0x00, 0x00, 0x00, 0x00, 0x00, 0x00, 0x00, 0x00, 0x00, 0x00, 0x00, 0x00, 0x00, 0x00, 0x00, 0x00, 0x00, 0x00, 0x00,
    0x00, 0x00, 0x00, 0x00, 0x00, 0x00, 0x00, 0x00, 0x00, 0x00, 0x00, 0x00, 0x00, 0x00, 0x00, 0x00, 0x00, 0x00, 0x00, 0x00,
    0x00, 0x00, 0x00, 0x00, 0x00, 0x00, 0x00, 0x00, 0x00, 0x00, 0x00, 0x00, 0x00, 0x00, 0x00, 0x00, 0x00, 0x00, 0x00, 0x00,
    0x00, 0x00, 0x00, 0x00, 0x00, 0x00, 0x00, 0x00, 0x00, 0x00, 0x00, 0x00, 0x00, 0x00, 0x00, 0x00, 0x00, 0x00, 0x00, 0x00,
    0x00, 0x00, 0x00, 0x00, 0x00, 0x00, 0x00, 0x00, 0x00, 0x00, 0x00, 0x00, 0x00, 0x00, 0x00, 0x00, 0x00, 0x00, 0x00, 0x00,
    0x00, 0x00, 0x00, 0x00, 0x00, 0x00, 0x00, 0x00, 0x00, 0x00, 0x00, 0x00, 0x00, 0x00, 0x00, 0x00, 0x00, 0x00, 0x00, 0x00,
    0x00, 0x00, 0x00, 0x00, 0x00, 0x00, 0x00, 0x00, 0x00, 0x00, 0x00, 0x00, 0x00, 0x00, 0x00, 0x00, 0x00, 0x00, 0x00, 0x00,
    0x00, 0x00, 0x00, 0x00, 0x00, 0x00, 0x00, 0x00, 0x00, 0x00, 0x00, 0x00, 0x00, 0x00, 0x00, 0x00, 0x00, 0x00, 0x00, 0x00,
    0x00, 0x00, 0x00, 0x00, 0x00, 0x00, 0x00, 0x00, 0x00, 0x00, 0x00, 0x00, 0x00, 0x00, 0x00, 0x00, 0x00, 0x00, 0x00, 0x00,
    0x00, 0x00, 0x00, 0x00, 0x00, 0x00, 0x00, 0x00, 0x00, 0x00, 0x00, 0x00, 0x00, 0x00, 0x00, 0x00, 0x00, 0x00, 0x00, 0x00,
    0x00, 0x00, 0x00, 0x00, 0x00, 0x00, 0x00, 0x00, 0x00, 0x00, 0x00, 0x00, 0x00, 0x00, 0x00, 0x00, 0x00, 0x00, 0x00, 0x00,
    0x00, 0x00, 0x00, 0x00, 0x00, 0x00, 0x00, 0x00, 0x00, 0x00, 0x00, 0x00, 0x00, 0x00, 0x00, 0x00, 0x00, 0x00, 0x00, 0x00,
    0x00, 0x00, 0x00, 0x00, 0x00, 0x00, 0x00, 0x00, 0x00, 0x00, 0x00, 0x00, 0x00, 0x00, 0x00, 0x00, 0x00, 0x00, 0x00, 0x00,
    0x00, 0x00, 0x00, 0x00, 0x00, 0x00, 0x00, 0x00, 0x00, 0x00, 0x00, 0x00, 0x00, 0x00, 0x00, 0x00, 0x00, 0x00, 0x00, 0x00,
    0x00, 0x00, 0x00, 0x00, 0x00, 0x00, 0x00, 0x00, 0x00, 0x00, 0x00, 0x00, 0x00, 0x00, 0x00, 0x00, 0x00, 0x00, 0x00, 0x00,
    0x00, 0x00, 0x00, 0x00, 0x00, 0x00, 0x00, 0x00, 0x00, 0x00, 0x00, 0x00, 0x00, 0x00, 0x00, 0x00, 0x00, 0x00, 0x00, 0x00,
    0x00, 0x00, 0x00, 0x00, 0x00, 0x00, 0x00, 0x00, 0x00, 0x00, 0x00, 0x00, 0x00, 0x00, 0x00, 0x00, 0x00, 0x00, 0x00, 0x00,
    0x00, 0x00, 0x00, 0x00, 0x00, 0x00, 0x00, 0x00, 0x00, 0x00, 0x00, 0x00, 0x00, 0x00, 0x00, 0x00, 0x00, 0x00, 0x00, 0x00,
    0x00, 0x00, 0x00, 0x00, 0x00, 0x00, 0x00, 0x00, 0x00, 0x00, 0x00, 0x00, 0x00, 0x00, 0x00, 0x00, 0x00, 0x00, 0x00, 0x00,
    0x00, 0x00, 0x00, 0x00, 0x00, 0x00, 0x00, 0x00, 0x00, 0x00, 0x00, 0x00, 0x00, 0x00, 0x00, 0x00, 0x00, 0x00, 0x00, 0x00,
    0x00, 0x00, 0x00, 0x00, 0x00, 0x00, 0x00, 0x00, 0x00, 0x00, 0x00, 0x00, 0x00, 0x00, 0x00, 0x00, 0x00, 0x00, 0x00, 0x00,
    0x00, 0x00, 0x00, 0x00, 0x00, 0x00, 0x00, 0x00, 0x00, 0x00, 0x00, 0x00, 0x00, 0x00, 0x00, 0x00, 0x00, 0x00, 0x00, 0x00,
    0x00, 0x00, 0x00, 0x00, 0x00, 0x00, 0x00, 0x00, 0x00, 0x00, 0x00, 0x00, 0x00, 0x00, 0x00, 0x00, 0x00, 0x00, 0x00, 0x00,
    0x00, 0x00, 0x00, 0x00, 0x00, 0x00, 0x00, 0x00, 0x00, 0x00, 0x00, 0x00, 0x00, 0x00, 0x00, 0x00, 0x00, 0x00, 0x00, 0x00,
    0x00, 0x00, 0x00, 0x00, 0x00, 0x00, 0x00, 0x00, 0x00, 0x00, 0x00, 0x00, 0x00, 0x00, 0x00, 0x00, 0x00, 0x00, 0x00, 0x00,
    0x00, 0x00, 0x00, 0x00, 0x00, 0x00, 0x00, 0x00, 0x00, 0x00, 0x00, 0x00, 0x00, 0x00, 0x00, 0x00, 0x00, 0x00, 0x00, 0x00,
    0x00, 0x00, 0x00, 0x00, 0x00, 0x00, 0x00, 0x00, 0x00, 0x00, 0x00, 0x00, 0x00, 0x00, 0x00, 0x00, 0x00, 0x00, 0x00, 0x00,
    0x00, 0x00, 0x00, 0x00, 0x00, 0x00, 0x00, 0x00, 0x00, 0x00, 0x00, 0x00, 0x00, 0x00, 0x00, 0x00, 0x00, 0x00, 0x00, 0x00,
    0x00, 0x00, 0x00, 0x00, 0x00, 0x00, 0x00, 0x00, 0x00, 0x00, 0x00, 0x00, 0x00, 0x00, 0x00, 0x00, 0x00, 0x00, 0x00, 0x00,
    0x00, 0x00, 0x00, 0x00, 0x00, 0x00, 0x00, 0x00, 0x00, 0x00, 0x00, 0x00, 0x00, 0x00, 0x00, 0x00, 0x00, 0x00, 0x00, 0x00,
    0x00, 0x00, 0x00, 0x00, 0x00, 0x00, 0x00, 0x00, 0x00, 0x00, 0x00, 0x00, 0x00, 0x00, 0x00, 0x00, 0x00, 0x00, 0x00, 0x00,
    0x00, 0x00, 0x00, 0x00, 0x00, 0x00, 0x00, 0x00, 0x00, 0x00, 0x00, 0x00, 0x00, 0x00, 0x00, 0x00, 0x00, 0x00, 0x00, 0x00,
    0x00, 0x00, 0x00, 0x00, 0x00, 0x00, 0x00, 0x00, 0x00, 0x00, 0x00, 0x00, 0x00, 0x00, 0x00, 0x00, 0x00, 0x00, 0x00, 0x00,
    0x00, 0x00, 0x00, 0x00, 0x00, 0x00, 0x00, 0x00, 0x00, 0x00, 0x00, 0x00, 0x00, 0x00, 0x00, 0x00, 0x00, 0x00, 0x00, 0x00,
    0x00, 0x00, 0x00, 0x00, 0x00, 0x00, 0x00, 0x00, 0x00, 0x00, 0x00, 0x00, 0x00, 0x00, 0x00, 0x00, 0x00, 0x00, 0x00, 0x00,
    0x00, 0x00, 0x00, 0x00, 0x00, 0x00, 0x00, 0x00, 0x00, 0x00, 0x00, 0x00, 0x00, 0x00, 0x00, 0x00, 0x00, 0x00, 0x00, 0x00,
    0x00, 0x00, 0x00, 0x00, 0x00, 0x00, 0x00, 0x00, 0x00, 0x00, 0x00, 0x00, 0x00, 0x00, 0x00, 0x00, 0x00, 0x00, 0x00, 0x00,
    0x00, 0x00, 0x00, 0x00, 0x00, 0x00, 0x00, 0x00, 0x00, 0x00, 0x00, 0x00, 0x00, 0x00, 0x00, 0x00, 0x00, 0x00, 0x00, 0x00,
    0x00, 0x00, 0x00, 0x00, 0x00, 0x00, 0x00, 0x00, 0x00, 0x00, 0x00, 0x00, 0x00, 0x00, 0x00, 0x00, 0x00, 0x00, 0x00, 0x00,
    0x00, 0x00, 0x00, 0x00, 0x00, 0x00, 0x00, 0x00, 0x00, 0x00, 0x00, 0x00, 0x00, 0x00, 0x00, 0x00, 0x00, 0x00, 0x00, 0x00,
    0x00, 0x00, 0x00, 0x00, 0x00, 0x00, 0x00, 0x00, 0x00, 0x00, 0x00, 0x00, 0x00, 0x00, 0x00, 0x00, 0x00, 0x00, 0x00, 0x00,
    0x00, 0x00, 0x00, 0x00, 0x00, 0x00, 0x00, 0x00, 0x00, 0x00, 0x00, 0x00, 0x00, 0x00, 0x00, 0x00, 0x00, 0x00, 0x00, 0x00,
    0x00, 0x00, 0x00, 0x00, 0x00, 0x00, 0x00, 0x00, 0x00, 0x00, 0x00, 0x00, 0x00, 0x00, 0x00, 0x00, 0x00, 0x00, 0x00, 0x00,
    0x00, 0x00, 0x00, 0x00, 0x00, 0x00, 0x00, 0x00, 0x00, 0x00, 0x00, 0x00, 0x00, 0x00, 0x00, 0x00, 0x00, 0x00, 0x00, 0x00,
    0x00, 0x00, 0x00, 0x00, 0x00, 0x00, 0x00, 0x00, 0x00, 0x00, 0x00, 0x00, 0x00, 0x00, 0x00, 0x00, 0x00, 0x00, 0x00, 0x00,
    0x00, 0x00, 0x00, 0x00, 0x00, 0x00, 0x00, 0x00, 0x00, 0x00, 0x00, 0x00, 0x00, 0x00, 0x00, 0x00, 0x00, 0x00, 0x00, 0x00,
    0x00, 0x00, 0x00, 0x00, 0x00, 0x00, 0x00, 0x00, 0x00, 0x00, 0x00, 0x00, 0x00, 0x00, 0x00, 0x00, 0x00, 0x00, 0x00, 0x00,
    0x00, 0x00, 0x00, 0x00, 0x00, 0x00, 0x00, 0x00, 0x00, 0x00, 0x00, 0x00, 0x00, 0x00, 0x00, 0x00, 0x00, 0x00, 0x00, 0x00,
    0x00, 0x00, 0x00, 0x00, 0x00, 0x00, 0x00, 0x00, 0x00, 0x00, 0x00, 0x00, 0x00, 0x00, 0x00, 0x00, 0x00, 0x00, 0x00, 0x00,
    0x00, 0x00, 0x00, 0x00, 0x00, 0x00, 0x00, 0x00, 0x00, 0x00, 0x00, 0x00, 0x00, 0x00, 0x00, 0x00, 0x00, 0x00, 0x00, 0x00,
    0x00, 0x00, 0x00, 0x00, 0x00, 0x00, 0x00, 0x00, 0x00, 0x00, 0x00, 0x00, 0x00, 0x00, 0x00, 0x00, 0x00, 0x00, 0x00, 0x00,
    0x00, 0x00, 0x00, 0x00, 0x00, 0x00, 0x00, 0x00, 0x00, 0x00, 0x00, 0x00, 0x00, 0x00, 0x00, 0x00, 0x00, 0x00, 0x00, 0x00,
    0x00, 0x00, 0x00, 0x00, 0x00, 0x00, 0x00, 0x00, 0x00, 0x00, 0x00, 0x00, 0x00, 0x00, 0x00, 0x00, 0x00, 0x00, 0x00, 0x00,
    0x00, 0x00, 0x00, 0x00, 0x00, 0x00, 0x00, 0x00, 0x00, 0x00, 0x00, 0x00, 0x00, 0x00, 0x00, 0x00, 0x00, 0x00, 0x00, 0x00,
    0x00, 0x00, 0x00, 0x00, 0x00, 0x00, 0x00, 0x00, 0x00, 0x00, 0x00, 0x00, 0x00, 0x00, 0x00, 0x00, 0x00, 0x00, 0x00, 0x00,
    0x00, 0x00, 0x00, 0x00, 0x00, 0x00, 0x00, 0x00, 0x00, 0x00, 0x00, 0x00, 0x00, 0x00, 0x00, 0x00, 0x00, 0x00, 0x00, 0x00,
    0x00, 0x00, 0x00, 0x00, 0x00, 0x00, 0x00, 0x00, 0x00, 0x00, 0x00, 0x00, 0x00, 0x00, 0x00, 0x00, 0x00, 0x00, 0x00, 0x00,
    0x00, 0x00, 0x00, 0x00, 0x00, 0x00, 0x00, 0x00, 0x00, 0x00, 0x00, 0x00, 0x00, 0x00, 0x00, 0x00, 0x00, 0x00, 0x00, 0x00,
    0x00, 0x00, 0x00, 0x00, 0x00, 0x00, 0x00, 0x00, 0x00, 0x00, 0x00, 0x00, 0x00, 0x00, 0x00, 0x00, 0x00, 0x00, 0x00, 0x00,
    0x00, 0x00, 0x00, 0x00, 0x00, 0x00, 0x00, 0x00, 0x00, 0x00, 0x00, 0x00, 0x00, 0x00, 0x00, 0x00, 0x00, 0x00, 0x00, 0x00,
    0x00, 0x00, 0x00, 0x00, 0x00, 0x00, 0x00, 0x00, 0x00, 0x00, 0x00, 0x00, 0x00, 0x00, 0x00, 0x00, 0x00, 0x00, 0x00, 0x00,
    0x00, 0x00, 0x00, 0x00, 0x00, 0x00, 0x00, 0x00, 0x00, 0x00, 0x00, 0x00, 0x00, 0x00, 0x00, 0x00, 0x00, 0x00, 0x00, 0x00,
    0x00, 0x00, 0x00, 0x00, 0x00, 0x00, 0x00, 0x00, 0x00, 0x00, 0x00, 0x00, 0x00, 0x00, 0x00, 0x00, 0x00, 0x00, 0x00, 0x00,
    0x00, 0x00, 0x00, 0x00, 0x00, 0x00, 0x00, 0x00, 0x00, 0x00, 0x00, 0x00, 0x00, 0x00, 0x00, 0x00, 0x00, 0x00, 0x00, 0x00,
    0x00, 0x00, 0x00, 0x00, 0x00, 0x00, 0x00, 0x00, 0x00, 0x00, 0x00, 0x00, 0x00, 0x00, 0x00, 0x00, 0x00, 0x00, 0x00, 0x00,
    0x00, 0x00, 0x00, 0x00, 0x00, 0x00, 0x00, 0x00, 0x00, 0x00, 0x00, 0x00, 0x00, 0x00, 0x00, 0x00, 0x00, 0x00, 0x00, 0x00,
    0x00, 0x00, 0x00, 0x00, 0x00, 0x00, 0x00, 0x00, 0x00, 0x00, 0x00, 0x00, 0x00, 0x00, 0x00, 0x00, 0x00, 0x00, 0x00, 0x00,
    0x00, 0x00, 0x00, 0x00, 0x00, 0x00, 0x00, 0x00, 0x00, 0x00, 0x00, 0x00, 0x00, 0x00, 0x00, 0x00, 0x00, 0x00, 0x00, 0x00,
    0x00, 0x00, 0x00, 0x00, 0x00, 0x00, 0x00, 0x00, 0x00, 0x00, 0x00, 0x00, 0x00, 0x00, 0x00, 0x00, 0x00, 0x00, 0x00, 0x00,
    0x00, 0x00, 0x00, 0x00, 0x00, 0x00, 0x00, 0x00, 0x00, 0x00, 0x00, 0x00, 0x00, 0x00, 0x00, 0x00, 0x00, 0x00, 0x00, 0x00,
    0x00, 0x00, 0x00, 0x00, 0x00, 0x00, 0x00, 0x00, 0x00, 0x00, 0x00, 0x00, 0x00, 0x00, 0x00, 0x00, 0x00, 0x00, 0x00, 0x00,
    0x00, 0x00, 0x00, 0x00, 0x00, 0x00, 0x00, 0x00, 0x00, 0x00, 0x00, 0x00, 0x00, 0x00, 0x00, 0x00, 0x00, 0x00, 0x00, 0x00,
    0x00, 0x00, 0x00, 0x00, 0x00, 0x00, 0x00, 0x00, 0x00, 0x00, 0x00, 0x00, 0x00, 0x00, 0x00, 0x00, 0x00, 0x00, 0x00, 0x00,
    0x00, 0x00, 0x00, 0x00, 0x00, 0x00, 0x00, 0x00, 0x00, 0x00, 0x00, 0x00, 0x00, 0x00, 0x00, 0x00, 0x00, 0x00, 0x00, 0x00,
    0x00, 0x00, 0x00, 0x00, 0x00, 0x00, 0x00, 0x00, 0x00, 0x00, 0x00, 0x00, 0x00, 0x00, 0x00, 0x00, 0x00, 0x00, 0x00, 0x00,
    0x00, 0x00, 0x00, 0x00, 0x00, 0x00, 0x00, 0x00, 0x00, 0x00, 0x00, 0x00, 0x00, 0x00, 0x00, 0x00, 0x00, 0x00, 0x00, 0x00,
    0x00, 0x00, 0x00, 0x00, 0x00, 0x00, 0x00, 0x00, 0x00, 0x00, 0x00, 0x00, 0x00, 0x00, 0x00, 0x00, 0x00, 0x00, 0x00, 0x00,
    0x00, 0x00, 0x00, 0x00, 0x00, 0x00, 0x00, 0x00, 0x00, 0x00, 0x00, 0x00, 0x00, 0x00, 0x00, 0x00, 0x00, 0x00, 0x00, 0x00,
    0x00, 0x00, 0x00, 0x00, 0x00, 0x00, 0x00, 0x00, 0x00, 0x00, 0x00, 0x00, 0x00, 0x00, 0x00, 0x00, 0x00, 0x00, 0x00, 0x00,
    0x00, 0x00, 0x00, 0x00, 0x00, 0x00, 0x00, 0x00, 0x00, 0x00, 0x00, 0x00, 0x00, 0x00, 0x00, 0x00, 0x00, 0x00, 0x00, 0x00,
    0x00, 0x00, 0x00, 0x00, 0x00, 0x00, 0x00, 0x00, 0x00, 0x00, 0x00, 0x00, 0x00, 0x00, 0x00, 0x00, 0x00, 0x00, 0x00, 0x00,
    0x00, 0x00, 0x00, 0x00, 0x00, 0x00, 0x00, 0x00, 0x00, 0x00, 0x00, 0x00, 0x00, 0x00, 0x00, 0x00, 0x00, 0x00, 0x00, 0x00,
    0x00, 0x00, 0x00, 0x00, 0x00, 0x00, 0x00, 0x00, 0x00, 0x00, 0x00, 0x00, 0x00, 0x00, 0x00, 0x00, 0x00, 0x00, 0x00, 0x00,
    0x00, 0x00, 0x00, 0x00, 0x00, 0x00, 0x00, 0x00, 0x00, 0x00, 0x00, 0x00, 0x00, 0x00, 0x00, 0x00, 0x00, 0x00, 0x00, 0x00,
    0x00, 0x00, 0x00, 0x00, 0x00, 0x00, 0x00, 0x00, 0x00, 0x00, 0x00, 0x00, 0x00, 0x00, 0x00, 0x00, 0x00, 0x00, 0x00, 0x00,
    0x00, 0x00, 0x00, 0x00, 0x00, 0x00, 0x00, 0x00, 0x00, 0x00, 0x00, 0x00, 0x00, 0x00, 0x00, 0x00, 0x00, 0x00, 0x00, 0x00,
    0x00, 0x00, 0x00, 0x00, 0x00, 0x00, 0x00, 0x00, 0x00, 0x00, 0x00, 0x00, 0x00, 0x00, 0x00, 0x00, 0x00, 0x00, 0x00, 0x00,
    0x00, 0x00, 0x00, 0x00, 0x00, 0x00, 0x00, 0x00, 0x00, 0x00, 0x00, 0x00, 0x00, 0x00, 0x00, 0x00, 0x00, 0x00, 0x00, 0x00,
    0x00, 0x00, 0x00, 0x00, 0x00, 0x00, 0x00, 0x00, 0x00, 0x00, 0x00, 0x00, 0x00, 0x00, 0x00, 0x00, 0x00, 0x00, 0x00, 0x00,
    0x00, 0x00, 0x00, 0x00, 0x00, 0x00, 0x00, 0x00, 0x00, 0x00, 0x00, 0x00, 0x00, 0x00, 0x00, 0x00, 0x00, 0x00, 0x00, 0x00,
    0x00, 0x00, 0x00, 0x00, 0x00, 0x00, 0x00, 0x00, 0x00, 0x00, 0x00, 0x00, 0x00, 0x00, 0x00, 0x00, 0x00, 0x00, 0x00, 0x00,
    0x00, 0x00, 0x00, 0x00, 0x00, 0x00, 0x00, 0x00, 0x00, 0x00, 0x00, 0x00, 0x00, 0x00, 0x00, 0x00, 0x00, 0x00, 0x00, 0x00,
    0x00, 0x00, 0x00, 0x00, 0x00, 0x00, 0x00, 0x00, 0x00, 0x00, 0x00, 0x00, 0x00, 0x00, 0x00, 0x00, 0x00, 0x00, 0x00, 0x00,
    0x00, 0x00, 0x00, 0x00, 0x00, 0x00, 0x00, 0x00, 0x00, 0x00, 0x00, 0x00, 0x00, 0x00, 0x00, 0x00, 0x00, 0x00, 0x00, 0x00,
    0x00, 0x00, 0x00, 0x00, 0x00, 0x00, 0x00, 0x00, 0x00, 0x00, 0x00, 0x00, 0x00, 0x00, 0x00, 0x00, 0x00, 0x00, 0x00, 0x00,
    0x00, 0x00, 0x00, 0x00, 0x00, 0x00, 0x00, 0x00, 0x00, 0x00, 0x00, 0x00, 0x00, 0x00, 0x00, 0x00, 0x00, 0x00, 0x00, 0x00,
    0x00, 0x00, 0x00, 0x00, 0x00, 0x00, 0x00, 0x00, 0x00, 0x00, 0x00, 0x00, 0x00, 0x00, 0x00, 0x00, 0x00, 0x00, 0x00, 0x00,
    0x00, 0x00, 0x00, 0x00, 0x00, 0x00, 0x00, 0x00, 0x00, 0x00, 0x00, 0x00, 0x00, 0x00, 0x00, 0x00, 0x00, 0x00, 0x00, 0x00,
    0x00, 0x00, 0x00, 0x00, 0x00, 0x00, 0x00, 0x00, 0x00, 0x00, 0x00, 0x00, 0x00, 0x00, 0x00, 0x00, 0x00, 0x00, 0x00, 0x00,
    0x00, 0x00, 0x00, 0x00, 0x00, 0x00, 0x00, 0x00, 0x00, 0x00, 0x00, 0x00, 0x00, 0x00, 0x00, 0x00, 0x00, 0x00, 0x00, 0x00,
    0x00, 0x00, 0x00, 0x00, 0x00, 0x00, 0x00, 0x00, 0x00, 0x00, 0x00, 0x00, 0x00, 0x00, 0x00, 0x00, 0x00, 0x00, 0x00, 0x00,
    0x00, 0x00, 0x00, 0x00, 0x00, 0x00, 0x00, 0x00, 0x00, 0x00, 0x00, 0x00, 0x00, 0x00, 0x00, 0x00, 0x00, 0x00, 0x00, 0x00,
    0x00, 0x00, 0x00, 0x00, 0x00, 0x00, 0x00, 0x00, 0x00, 0x00, 0x00, 0x00, 0x00, 0x00, 0x00, 0x00, 0x00, 0x00, 0x00, 0x00,
    0x00, 0x00, 0x00, 0x00, 0x00, 0x00, 0x00, 0x00, 0x00, 0x00, 0x00, 0x00, 0x00, 0x00, 0x00, 0x00, 0x00, 0x00, 0x00, 0x00,
    0x00, 0x00, 0x00, 0x00, 0x00, 0x00, 0x00, 0x00, 0x00, 0x00, 0x00, 0x00, 0x00, 0x00, 0x00, 0x00, 0x00, 0x00, 0x00, 0x00,
    0x00, 0x00, 0x00, 0x00, 0x00, 0x00, 0x00, 0x00, 0x00, 0x00, 0x00, 0x00, 0x00, 0x00, 0x00, 0x00, 0x00, 0x00, 0x00, 0x00,
    0x00, 0x00, 0x00, 0x00, 0x00, 0x00, 0x00, 0x00, 0x00, 0x00, 0x00, 0x00, 0x00, 0x00, 0x00, 0x00, 0x00, 0x00, 0x00, 0x00,
    0x00, 0x00, 0x00, 0x00, 0x00, 0x00, 0x00, 0x00, 0x00, 0x00, 0x00, 0x00, 0x00, 0x00, 0x00, 0x00, 0x00, 0x00, 0x00, 0x00,
    0x00, 0x00, 0x00, 0x00, 0x00, 0x00, 0x00, 0x00, 0x00, 0x00, 0x00, 0x00, 0x00, 0x00, 0x00, 0x00, 0x00, 0x00, 0x00, 0x00,
    0x00, 0x00, 0x00, 0x00, 0x00, 0x00, 0x00, 0x00, 0x00, 0x00, 0x00, 0x00, 0x00, 0x00, 0x00, 0x00, 0x00, 0x00, 0x00, 0x00,
    0x00, 0x00, 0x00, 0x00, 0x00, 0x00, 0x00, 0x00, 0x00, 0x00, 0x00, 0x00, 0x00, 0x00, 0x00, 0x00, 0x00, 0x00, 0x00, 0x00,
    0x00, 0x00, 0x00, 0x00, 0x00, 0x00, 0x00, 0x00, 0x00, 0x00, 0x00, 0x00, 0x00, 0x00, 0x00, 0x00, 0x00, 0x00, 0x00, 0x00,
    0x00, 0x00, 0x00, 0x00, 0x00, 0x00, 0x00, 0x00, 0x00, 0x00, 0x00, 0x00, 0x00, 0x00, 0x00, 0x00, 0x00, 0x00, 0x00, 0x00,
    0x00, 0x00, 0x00, 0x00, 0x00, 0x00, 0x00, 0x00, 0x00, 0x00, 0x00, 0x00, 0x00, 0x00, 0x00, 0x00, 0x00, 0x00, 0x00, 0x00,
    0x00, 0x00, 0x00, 0x00, 0x00, 0x00, 0x00, 0x00, 0x00, 0x00, 0x00, 0x00, 0x00, 0x00, 0x00, 0x00, 0x00, 0x00, 0x00, 0x00,
    0x00, 0x00, 0x00, 0x00, 0x00, 0x00, 0x00, 0x00, 0x00, 0x00, 0x00, 0x00, 0x00, 0x00, 0x00, 0x00, 0x00, 0x00, 0x00, 0x00,
    0x00, 0x00, 0x00, 0x00, 0x00, 0x00, 0x00, 0x00, 0x00, 0x00, 0x00, 0x00, 0x00, 0x00, 0x00, 0x00, 0x00, 0x00, 0x00, 0x00,
    0x00, 0x00, 0x00, 0x00, 0x00, 0x00, 0x00, 0x00, 0x00, 0x00, 0x00, 0x00, 0x00, 0x00, 0x00, 0x00, 0x00, 0x00, 0x00, 0x00,
    0x00, 0x00, 0x00, 0x00, 0x00, 0x00, 0x00, 0x00, 0x00, 0x00, 0x00, 0x00, 0x00, 0x00, 0x00, 0x00, 0x00, 0x00, 0x00, 0x00,
    0x00, 0x00, 0x00, 0x00, 0x00, 0x00, 0x00, 0x00, 0x00, 0x00, 0x00, 0x00, 0x00, 0x00, 0x00, 0x00, 0x00, 0x00, 0x00, 0x00,
    0x00, 0x00, 0x00, 0x00, 0x00, 0x00, 0x00, 0x00, 0x00, 0x00, 0x00, 0x00, 0x00, 0x00, 0x00, 0x00, 0x00, 0x00, 0x00, 0x00,
    0x00, 0x00, 0x00, 0x00, 0x00, 0x00, 0x00, 0x00, 0x00, 0x00, 0x00, 0x00, 0x00, 0x00, 0x00, 0x00, 0x00, 0x00, 0x00, 0x00,
    0x00, 0x00, 0x00, 0x00, 0x00, 0x00, 0x00, 0x00, 0x00, 0x00, 0x00, 0x00, 0x00, 0x00, 0x00, 0x00, 0x00, 0x00, 0x00, 0x00,
    0x00, 0x00, 0x00, 0x00, 0x00, 0x00, 0x00, 0x00, 0x00, 0x00, 0x00, 0x00, 0x00, 0x00, 0x00, 0x00, 0x00, 0x00, 0x00, 0x00,
    0x00, 0x00, 0x00, 0x00, 0x00, 0x00, 0x00, 0x00, 0x00, 0x00, 0x00, 0x00, 0x00, 0x00, 0x00, 0x00, 0x00, 0x00, 0x00, 0x00,
    0x00, 0x00, 0x00, 0x00, 0x00, 0x00, 0x00, 0x00, 0x00, 0x00, 0x00, 0x00, 0x00, 0x00, 0x00, 0x00, 0x00, 0x00, 0x00, 0x00,
    0x00, 0x00, 0x00, 0x00, 0x00, 0x00, 0x00, 0x00, 0x00, 0x00, 0x00, 0x00, 0x00, 0x00, 0x00, 0x00, 0x00, 0x00, 0x00, 0x00,
    0x00, 0x00, 0x00, 0x00, 0x00, 0x00, 0x00, 0x00, 0x00, 0x00, 0x00, 0x00, 0x00, 0x00, 0x00, 0x00, 0x00, 0x00, 0x00, 0x00,
    0x00, 0x00, 0x00, 0x00, 0x00, 0x00, 0x00, 0x00, 0x00, 0x00, 0x00, 0x00, 0x00, 0x00, 0x00, 0x00, 0x00, 0x00, 0x00, 0x00,
    0x00, 0x00, 0x00, 0x00, 0x00, 0x00, 0x00, 0x00, 0x00, 0x00, 0x00, 0x00, 0x00, 0x00, 0x00, 0x00, 0x00, 0x00, 0x00, 0x00,
    0x00, 0x00, 0x00, 0x00, 0x00, 0x00, 0x00, 0x00, 0x00, 0x00, 0x00, 0x00, 0x00, 0x00, 0x00, 0x00, 0x00, 0x00, 0x00, 0x00,
    0x00, 0x00, 0x00, 0x00, 0x00, 0x00, 0x00, 0x00, 0x00, 0x00, 0x00, 0x00, 0x00, 0x00, 0x00, 0x00, 0x00, 0x00, 0x00, 0x00,
    0x00, 0x00, 0x00, 0x00, 0x00, 0x00, 0x00, 0x00, 0x00, 0x00, 0x00, 0x00, 0x00, 0x00, 0x00, 0x00, 0x00, 0x00, 0x00, 0x00,
    0x00, 0x00, 0x00, 0x00, 0x00, 0x00, 0x00, 0x00, 0x00, 0x00, 0x00, 0x00, 0x00, 0x00, 0x00, 0x00, 0x00, 0x00, 0x00, 0x00,
    0x00, 0x00, 0x00, 0x00, 0x00, 0x00, 0x00, 0x00, 0x00, 0x00, 0x00, 0x00, 0x00, 0x00, 0x00, 0x00, 0x00, 0x00, 0x00, 0x00,
    0x00, 0x00, 0x00, 0x00, 0x00, 0x00, 0x00, 0x00, 0x00, 0x00, 0x00, 0x00, 0x00, 0x00, 0x00, 0x00, 0x00, 0x00, 0x00, 0x00,
    0x00, 0x00, 0x00, 0x00, 0x00, 0x00, 0x00, 0x00, 0x00, 0x00, 0x00, 0x00, 0x00, 0x00, 0x00, 0x00, 0x00, 0x00, 0x00, 0x00,
    0x00, 0x00, 0x00, 0x00, 0x00, 0x00, 0x00, 0x00, 0x00, 0x00, 0x00, 0x00, 0x00, 0x00, 0x00, 0x00, 0x00, 0x00, 0x00, 0x00,
    0x00, 0x00, 0x00, 0x00, 0x00, 0x00, 0x00, 0x00, 0x00, 0x00, 0x00, 0x00, 0x00, 0x00, 0x00, 0x00, 0x00, 0x00, 0x00, 0x00,
    0x00, 0x00, 0x00, 0x00, 0x00, 0x00, 0x00, 0x00, 0x00, 0x00, 0x00, 0x00, 0x00, 0x00, 0x00, 0x00, 0x00, 0x00, 0x00, 0x00,
    0x00, 0x00, 0x00, 0x00, 0x00, 0x00, 0x00, 0x00, 0x00, 0x00, 0x00, 0x00, 0x00, 0x00, 0x00, 0x00, 0x00, 0x00, 0x00, 0x00,
    0x00, 0x00, 0x00, 0x00, 0x00, 0x00, 0x00, 0x00, 0x00, 0x00, 0x00, 0x00, 0x00, 0x00, 0x00, 0x00, 0x00, 0x00, 0x00, 0x00,
    0x00, 0x00, 0x00, 0x00, 0x00, 0x00, 0x00, 0x00, 0x00, 0x00, 0x00, 0x00, 0x00, 0x00, 0x00, 0x00, 0x00, 0x00, 0x00, 0x00,
    0x00, 0x00, 0x00, 0x00, 0x00, 0x00, 0x00, 0x00, 0x00, 0x00, 0x00, 0x00, 0x00, 0x00, 0x00, 0x00, 0x00, 0x00, 0x00, 0x00,
    0x00, 0x00, 0x00, 0x00, 0x00, 0x00, 0x00, 0x00, 0x00, 0x00, 0x00, 0x00, 0x00, 0x00, 0x00, 0x00, 0x00, 0x00, 0x00, 0x00,
    0x00, 0x00, 0x00, 0x00, 0x00, 0x00, 0x00, 0x00, 0x00, 0x00, 0x00, 0x00, 0x00, 0x00, 0x00, 0x00, 0x00, 0x00, 0x00, 0x00,
    0x00, 0x00, 0x00, 0x00, 0x00, 0x00, 0x00, 0x00, 0x00, 0x00, 0x00, 0x00, 0x00, 0x00, 0x00, 0x00, 0x00, 0x00, 0x00, 0x00,
    0x00, 0x00, 0x00, 0x00, 0x00, 0x00, 0x00, 0x00, 0x00, 0x00, 0x00, 0x00, 0x00, 0x00, 0x00, 0x00, 0x00, 0x00, 0x00, 0x00,
    0x00, 0x00, 0x00, 0x00, 0x00, 0x00, 0x00, 0x00, 0x00, 0x00, 0x00, 0x00, 0x00, 0x00, 0x00, 0x00, 0x00, 0x00, 0x00, 0x00,
    0x00, 0x00, 0x00, 0x00, 0x00, 0x00, 0x00, 0x00, 0x00, 0x00, 0x00, 0x00, 0x00, 0x00, 0x00, 0x00, 0x00, 0x00, 0x00, 0x00,
    0x00, 0x00, 0x00, 0x00, 0x00, 0x00, 0x00, 0x00, 0x00, 0x00, 0x00, 0x00, 0x00, 0x00, 0x00, 0x00, 0x00, 0x00, 0x00, 0x00,
    0x00, 0x00, 0x00, 0x00, 0x00, 0x00, 0x00, 0x00, 0x00, 0x00, 0x00, 0x00, 0x00, 0x00, 0x00, 0x00, 0x00, 0x00, 0x00, 0x00,
    0x00, 0x00, 0x00, 0x00, 0x00, 0x00, 0x00, 0x00, 0x00, 0x00, 0x00, 0x00, 0x00, 0x00, 0x00, 0x00, 0x00, 0x00, 0x00, 0x00,
    0x00, 0x00, 0x00, 0x00, 0x00, 0x00, 0x00, 0x00, 0x00, 0x00, 0x00, 0x00, 0x00, 0x00, 0x00, 0x00, 0x00, 0x00, 0x00, 0x00,
    0x00, 0x00, 0x00, 0x00, 0x00, 0x00, 0x00, 0x00, 0x00, 0x00, 0x00, 0x00, 0x00, 0x00, 0x00, 0x00, 0x00, 0x00, 0x00, 0x00,
    0x00, 0x00, 0x00, 0x00, 0x00, 0x00, 0x00, 0x00, 0x00, 0x00, 0x00, 0x00, 0x00, 0x00, 0x00, 0x00, 0x00, 0x00, 0x00, 0x00,
    0x00, 0x00, 0x00, 0x00, 0x00, 0x00, 0x00, 0x00, 0x00, 0x00, 0x00, 0x00, 0x00, 0x00, 0x00, 0x00, 0x00, 0x00, 0x00, 0x00,
    0x00, 0x00, 0x00, 0x00, 0x00, 0x00, 0x00, 0x00, 0x00, 0x00, 0x00, 0x00, 0x00, 0x00, 0x00, 0x00, 0x00, 0x00, 0x00, 0x00,
    0x00, 0x00, 0x00, 0x00, 0x00, 0x00, 0x00, 0x00, 0x00, 0x00, 0x00, 0x00, 0x00, 0x00, 0x00, 0x00, 0x00, 0x00, 0x00, 0x00,
    0x00, 0x00, 0x00, 0x00, 0x00, 0x00, 0x00, 0x00, 0x00, 0x00, 0x00, 0x00, 0x00, 0x00, 0x00, 0x00, 0x00, 0x00, 0x00, 0x00,
    0x00, 0x00, 0x00, 0x00, 0x00, 0x00, 0x00, 0x00, 0x00, 0x00, 0x00, 0x00, 0x00, 0x00, 0x00, 0x00, 0x00, 0x00, 0x00, 0x00,
    0x00, 0x00, 0x00, 0x00, 0x00, 0x00, 0x00, 0x00, 0x00, 0x00, 0x00, 0x00, 0x00, 0x00, 0x00, 0x00, 0x00, 0x00, 0x00, 0x00,
    0x00, 0x00, 0x00, 0x00, 0x00, 0x00, 0x00, 0x00, 0x00, 0x00, 0x00, 0x00, 0x00, 0x00, 0x00, 0x00, 0x00, 0x00, 0x00, 0x00,
    0x00, 0x00, 0x00, 0x00, 0x00, 0x00, 0x00, 0x00, 0x00, 0x00, 0x00, 0x00, 0x00, 0x00, 0x00, 0x00, 0x00, 0x00, 0x00, 0x00,
    0x00, 0x00, 0x00, 0x00, 0x00, 0x00, 0x00, 0x00, 0x00, 0x00, 0x00, 0x00, 0x00, 0x00, 0x00, 0x00, 0x00, 0x00, 0x00, 0x00,
    0x00, 0x00, 0x00, 0x00, 0x00, 0x00, 0x00, 0x00, 0x00, 0x00, 0x00, 0x00, 0x00, 0x00, 0x00, 0x00, 0x00, 0x00, 0x00, 0x00,
    0x00, 0x00, 0x00, 0x00, 0x00, 0x00, 0x00, 0x00, 0x00, 0x00, 0x00, 0x00, 0x00, 0x00, 0x00, 0x00, 0x00, 0x00, 0x00, 0x00,
    0x00, 0x00, 0x00, 0x00, 0x00, 0x00, 0x00, 0x00, 0x00, 0x00, 0x00, 0x00, 0x00, 0x00, 0x00, 0x00, 0x00, 0x00, 0x00, 0x00,
    0x00, 0x00, 0x00, 0x00, 0x00, 0x00, 0x00, 0x00, 0x00, 0x00, 0x00, 0x00, 0x00, 0x00, 0x00, 0x00, 0x00, 0x00, 0x00, 0x00,
    0x00, 0x00, 0x00, 0x00, 0x00, 0x00, 0x00, 0x00, 0x00, 0x00, 0x00, 0x00, 0x00, 0x00, 0x00, 0x00, 0x00, 0x00, 0x00, 0x00,
    0x00, 0x00, 0x00, 0x00, 0x00, 0x00, 0x00, 0x00, 0x00, 0x00, 0x00, 0x00, 0x00, 0x00, 0x00, 0x00, 0x00, 0x00, 0x00, 0x00,
    0x00, 0x00, 0x00, 0x00, 0x00, 0x00, 0x00, 0x00, 0x00, 0x00, 0x00, 0x00, 0x00, 0x00, 0x00, 0x00, 0x00, 0x00, 0x00, 0x00,
    0x00, 0x00, 0x00, 0x00, 0x00, 0x00, 0x00, 0x00, 0x00, 0x00, 0x00, 0x00, 0x00, 0x00, 0x00, 0x00, 0x00, 0x00, 0x00, 0x00,
    0x00, 0x00, 0x00, 0x00, 0x00, 0x00, 0x00, 0x00, 0x00, 0x00, 0x00, 0x00, 0x00, 0x00, 0x00, 0x00, 0x00, 0x00, 0x00, 0x00,
    0x00, 0x00, 0x00, 0x00, 0x00, 0x00, 0x00, 0x00, 0x00, 0x00, 0x00, 0x00, 0x00, 0x00, 0x00, 0x00, 0x00, 0x00, 0x00, 0x00,
    0x00, 0x00, 0x00, 0x00, 0x00, 0x00, 0x00, 0x00, 0x00, 0x00, 0x00, 0x00, 0x00, 0x00, 0x00, 0x00, 0x00, 0x00, 0x00, 0x00,
    0x00, 0x00, 0x00, 0x00, 0x00, 0x00, 0x00, 0x00, 0x00, 0x00, 0x00, 0x00, 0x00, 0x00, 0x00, 0x00, 0x00, 0x00, 0x00, 0x00,
    0x00, 0x00, 0x00, 0x00, 0x00, 0x00, 0x00, 0x00, 0x00, 0x00, 0x00, 0x00, 0x00, 0x00, 0x00, 0x00, 0x00, 0x00, 0x00, 0x00,
    0x00, 0x00, 0x00, 0x00, 0x00, 0x00, 0x00, 0x00, 0x00, 0x00, 0x00, 0x00, 0x00, 0x00, 0x00, 0x00, 0x00, 0x00, 0x00, 0x00,
    0x00, 0x00, 0x00, 0x00, 0x00, 0x00, 0x00, 0x00, 0x00, 0x00, 0x00, 0x00, 0x00, 0x00, 0x00, 0x00, 0x00, 0x00, 0x00, 0x00,
    0x00, 0x00, 0x00, 0x00, 0x00, 0x00, 0x00, 0x00, 0x00, 0x00, 0x00, 0x00, 0x00, 0x00, 0x00, 0x00, 0x00, 0x00, 0x00, 0x00,
    0x00, 0x00, 0x00, 0x00, 0x00, 0x00, 0x00, 0x00, 0x00, 0x00, 0x00, 0x00, 0x00, 0x00, 0x00, 0x00, 0x00, 0x00, 0x00, 0x00,
    0x00, 0x00, 0x00, 0x00, 0x00, 0x00, 0x00, 0x00, 0x00, 0x00, 0x00, 0x00, 0x00, 0x00, 0x00, 0x00, 0x00, 0x00, 0x00, 0x00,
    0x00, 0x00, 0x00, 0x00, 0x00, 0x00, 0x00, 0x00, 0x00, 0x00, 0x00, 0x00, 0x00, 0x00, 0x00, 0x00, 0x00, 0x00, 0x00, 0x00,
    0x00, 0x00, 0x00, 0x00, 0x00, 0x00, 0x00, 0x00, 0x00, 0x00, 0x00, 0x00, 0x00, 0x00, 0x00, 0x00, 0x00, 0x00, 0x00, 0x00,
    0x00, 0x00, 0x00, 0x00, 0x00, 0x00, 0x00, 0x00, 0x00, 0x00, 0x00, 0x00, 0x00, 0x00, 0x00, 0x00, 0x00, 0x00, 0x00, 0x00,
    0x00, 0x00, 0x00, 0x00, 0x00, 0x00, 0x00, 0x00, 0x00, 0x00, 0x00, 0x00, 0x00, 0x00, 0x00, 0x00, 0x00, 0x00, 0x00, 0x00,
    0x00, 0x00, 0x00, 0x00, 0x00, 0x00, 0x00, 0x00, 0x00, 0x00, 0x00, 0x00, 0x00, 0x00, 0x00, 0x00, 0x00, 0x00, 0x00, 0x00,
    0x00, 0x00, 0x00, 0x00, 0x00, 0x00, 0x00, 0x00, 0x00, 0x00, 0x00, 0x00, 0x00, 0x00, 0x00, 0x00, 0x00, 0x00, 0x00, 0x00,
    0x00, 0x00, 0x00, 0x00, 0x00, 0x00, 0x00, 0x00, 0x00, 0x00, 0x00, 0x00, 0x00, 0x00, 0x00, 0x00, 0x00, 0x00, 0x00, 0x00,
    0x00, 0x00, 0x00, 0x00, 0x00, 0x00, 0x00, 0x00, 0x00, 0x00, 0x00, 0x00, 0x00, 0x00, 0x00, 0x00, 0x00, 0x00, 0x00, 0x00,
    0x00, 0x00, 0x00, 0x00, 0x00, 0x00, 0x00, 0x00, 0x00, 0x00, 0x00, 0x00, 0x00, 0x00, 0x00, 0x00, 0x00, 0x00, 0x00, 0x00,
    0x00, 0x00, 0x00, 0x00, 0x00, 0x00, 0x00, 0x00, 0x00, 0x00, 0x00, 0x00, 0x00, 0x00, 0x00, 0x00, 0x00, 0x00, 0x00, 0x00,
    0x00, 0x00, 0x00, 0x00, 0x00, 0x00, 0x00, 0x00, 0x00, 0x00, 0x00, 0x00, 0x00, 0x00, 0x00, 0x00, 0x00, 0x00, 0x00, 0x00,
    0x00, 0x00, 0x00, 0x00, 0x00, 0x00, 0x00, 0x00, 0x00, 0x00, 0x00, 0x00, 0x00, 0x00, 0x00, 0x00, 0x00, 0x00, 0x00, 0x00,
    0x00, 0x00, 0x00, 0x00, 0x00, 0x00, 0x00, 0x00, 0x00, 0x00, 0x00, 0x00, 0x00, 0x00, 0x00, 0x00, 0x00, 0x00, 0x00, 0x00,
    0x00, 0x00, 0x00, 0x00, 0x00, 0x00, 0x00, 0x00, 0x00, 0x00, 0x00, 0x00, 0x00, 0x00, 0x00, 0x00, 0x00, 0x00, 0x00, 0x00,
    0x00, 0x00, 0x00, 0x00, 0x00, 0x00, 0x00, 0x00, 0x00, 0x00, 0x00, 0x00, 0x00, 0x00, 0x00, 0x00, 0x00, 0x00, 0x00, 0x00,
    0x00, 0x00, 0x00, 0x00, 0x00, 0x00, 0x00, 0x00, 0x00, 0x00, 0x00, 0x00, 0x00, 0x00, 0x00, 0x00, 0x00, 0x00, 0x00, 0x00,
    0x00, 0x00, 0x00, 0x00, 0x00, 0x00, 0x00, 0x00, 0x00, 0x00, 0x00, 0x00, 0x00, 0x00, 0x00, 0x00, 0x00, 0x00, 0x00, 0x00,
    0x00, 0x00, 0x00, 0x00, 0x00, 0x00, 0x00, 0x00, 0x00, 0x00, 0x00, 0x00, 0x00, 0x00, 0x00, 0x00, 0x00, 0x00, 0x00, 0x00,
    0x00, 0x00, 0x00, 0x00, 0x00, 0x00, 0x00, 0x00, 0x00, 0x00, 0x00, 0x00, 0x00, 0x00, 0x00, 0x00, 0x00, 0x00, 0x00, 0x00,
    0x00, 0x00, 0x00, 0x00, 0x00, 0x00, 0x00, 0x00, 0x00, 0x00, 0x00, 0x00, 0x00, 0x00, 0x00, 0x00, 0x00, 0x00, 0x00, 0x00,
    0x00, 0x00, 0x00, 0x00, 0x00, 0x00, 0x00, 0x00, 0x00, 0x00, 0x00, 0x00, 0x00, 0x00, 0x00, 0x00, 0x00, 0x00, 0x00, 0x00,
    0x00, 0x00, 0x00, 0x00, 0x00, 0x00, 0x00, 0x00, 0x00, 0x00, 0x00, 0x00, 0x00, 0x00, 0x00, 0x00, 0x00, 0x00, 0x00, 0x00,
    0x00, 0x00, 0x00, 0x00, 0x00, 0x00, 0x00, 0x00, 0x00, 0x00, 0x00, 0x00, 0x00, 0x00, 0x00, 0x00, 0x00, 0x00, 0x00, 0x00,
    0x00, 0x00, 0x00, 0x00, 0x00, 0x00, 0x00, 0x00, 0x00, 0x00, 0x00, 0x00, 0x00, 0x00, 0x00, 0x00, 0x00, 0x00, 0x00, 0x00,
    0x00, 0x00, 0x00, 0x00, 0x00, 0x00, 0x00, 0x00, 0x00, 0x00, 0x00, 0x00, 0x00, 0x00, 0x00, 0x00, 0x00, 0x00, 0x00, 0x00,
    0x00, 0x00, 0x00, 0x00, 0x00, 0x00, 0x00, 0x00, 0x00, 0x00, 0x00, 0x00, 0x00, 0x00, 0x00, 0x00, 0x00, 0x00, 0x00, 0x00,
    0x00, 0x00, 0x00, 0x00, 0x00, 0x00, 0x00, 0x00, 0x00, 0x00, 0x00, 0x00, 0x00, 0x00, 0x00, 0x00, 0x00, 0x00, 0x00, 0x00,
    0x00, 0x00, 0x00, 0x00, 0x00, 0x00, 0x00, 0x00, 0x00, 0x00, 0x00, 0x00, 0x00, 0x00, 0x00, 0x00, 0x00, 0x00, 0x00, 0x00,
    0x00, 0x00, 0x00, 0x00, 0x00, 0x00, 0x00, 0x00, 0x00, 0x00, 0x00, 0x00, 0x00, 0x00, 0x00, 0x00, 0x00, 0x00, 0x00, 0x00,
    0x00, 0x00, 0x00, 0x00, 0x00, 0x00, 0x00, 0x00, 0x00, 0x00, 0x00, 0x00, 0x00, 0x00, 0x00, 0x00, 0x00, 0x00, 0x00, 0x00,
    0x00, 0x00, 0x00, 0x00, 0x00, 0x00, 0x00, 0x00, 0x00, 0x00, 0x00, 0x00, 0x00, 0x00, 0x00, 0x00, 0x00, 0x00, 0x00, 0x00,
    0x00, 0x00, 0x00, 0x00, 0x00, 0x00, 0x00, 0x00, 0x00, 0x00, 0x00, 0x00, 0x00, 0x00, 0x00, 0x00, 0x00, 0x00, 0x00, 0x00,
    0x00, 0x00, 0x00, 0x00, 0x00, 0x00, 0x00, 0x00, 0x00, 0x00, 0x00, 0x00, 0x00, 0x00, 0x00, 0x00, 0x00, 0x00, 0x00, 0x00,
    0x00, 0x00, 0x00, 0x00, 0x00, 0x00, 0x00, 0x00, 0x00, 0x00, 0x00, 0x00, 0x00, 0x00, 0x00, 0x00, 0x00, 0x00, 0x00, 0x00,
    0x00, 0x00, 0x00, 0x00, 0x00, 0x00, 0x00, 0x00, 0x00, 0x00, 0x00, 0x00, 0x00, 0x00, 0x00, 0x00, 0x00, 0x00, 0x00, 0x00,
    0x00, 0x00, 0x00, 0x00, 0x00, 0x00, 0x00, 0x00, 0x00, 0x00, 0x00, 0x00, 0x00, 0x00, 0x00, 0x00, 0x00, 0x00, 0x00, 0x00,
    0x00, 0x00, 0x00, 0x00, 0x00, 0x00, 0x00, 0x00, 0x00, 0x00, 0x00, 0x00, 0x00, 0x00, 0x00, 0x00, 0x00, 0x00, 0x00, 0x00,
    0x00, 0x00, 0x00, 0x00, 0x00, 0x00, 0x00, 0x00, 0x00, 0x00, 0x00, 0x00, 0x00, 0x00, 0x00, 0x00, 0x00, 0x00, 0x00, 0x00,
    0x00, 0x00, 0x00, 0x00, 0x00, 0x00, 0x00, 0x00, 0x00, 0x00, 0x00, 0x00, 0x00, 0x00, 0x00, 0x00, 0x00, 0x00, 0x00, 0x00,
    0x00, 0x00, 0x00, 0x00, 0x00, 0x00, 0x00, 0x00, 0x00, 0x00, 0x00, 0x00, 0x00, 0x00, 0x00, 0x00, 0x00, 0x00, 0x00, 0x00,
    0x00, 0x00, 0x00, 0x00, 0x00, 0x00, 0x00, 0x00, 0x00, 0x00, 0x00, 0x00, 0x00, 0x00, 0x00, 0x00, 0x00, 0x00, 0x00, 0x00,
    0x00, 0x00, 0x00, 0x00, 0x00, 0x00, 0x00, 0x00, 0x00, 0x00, 0x00, 0x00, 0x00, 0x00, 0x00, 0x00, 0x00, 0x00, 0x00, 0x00,
    0x00, 0x00, 0x00, 0x00, 0x00, 0x00, 0x00, 0x00, 0x00, 0x00, 0x00, 0x00, 0x00, 0x00, 0x00, 0x00, 0x00, 0x00, 0x00, 0x00,
    0x00, 0x00, 0x00, 0x00, 0x00, 0x00, 0x00, 0x00, 0x00, 0x00, 0x00, 0x00, 0x00, 0x00, 0x00, 0x00, 0x00, 0x00, 0x00, 0x00,
    0x00, 0x00, 0x00, 0x00, 0x00, 0x00, 0x00, 0x00, 0x00, 0x00, 0x00, 0x00, 0x00, 0x00, 0x00, 0x00, 0x00, 0x00, 0x00, 0x00,
    0x00, 0x00, 0x00, 0x00, 0x00, 0x00, 0x00, 0x00, 0x00, 0x00, 0x00, 0x00, 0x00, 0x00, 0x00, 0x00, 0x00, 0x00, 0x00, 0x00,
    0x00, 0x00, 0x00, 0x00, 0x00, 0x00, 0x00, 0x00, 0x00, 0x00, 0x00, 0x00, 0x00, 0x00, 0x00, 0x00, 0x00, 0x00, 0x00, 0x00,
    0x00, 0x00, 0x00, 0x00, 0x00, 0x00, 0x00, 0x00, 0x00, 0x00, 0x00, 0x00, 0x00, 0x00, 0x00, 0x00, 0x00, 0x00, 0x00, 0x00,
    0x00, 0x00, 0x00, 0x00, 0x00, 0x00, 0x00, 0x00, 0x00, 0x00, 0x00, 0x00, 0x00, 0x00, 0x00, 0x00, 0x00, 0x00, 0x00, 0x00,
    0x00, 0x00, 0x00, 0x00, 0x00, 0x00, 0x00, 0x00, 0x00, 0x00, 0x00, 0x00, 0x00, 0x00, 0x00, 0x00, 0x00, 0x00, 0x00, 0x00,
    0x00, 0x00, 0x00, 0x00, 0x00, 0x00, 0x00, 0x00, 0x00, 0x00, 0x00, 0x00, 0x00, 0x00, 0x00, 0x00, 0x00, 0x00, 0x00, 0x00,
    0x00, 0x00, 0x00, 0x00, 0x00, 0x00, 0x00, 0x00, 0x00, 0x00, 0x00, 0x00, 0x00, 0x00, 0x00, 0x00, 0x00, 0x00, 0x00, 0x00,
    0x00, 0x00, 0x00, 0x00, 0x00, 0x00, 0x00, 0x00, 0x00, 0x00, 0x00, 0x00, 0x00, 0x00, 0x00, 0x00, 0x00, 0x00, 0x00, 0x00,
    0x00, 0x00, 0x00, 0x00, 0x00, 0x00, 0x00, 0x00, 0x00, 0x00, 0x00, 0x00, 0x00, 0x00, 0x00, 0x00, 0x00, 0x00, 0x00, 0x00,
    0x00, 0x00, 0x00, 0x00, 0x00, 0x00, 0x00, 0x00, 0x00, 0x00, 0x00, 0x00, 0x00, 0x00, 0x00, 0x00, 0x00, 0x00, 0x00, 0x00,
    0x00, 0x00, 0x00, 0x00, 0x00, 0x00, 0x00, 0x00, 0x00, 0x00, 0x00, 0x00, 0x00, 0x00, 0x00, 0x00, 0x00, 0x00, 0x00, 0x00,
    0x00, 0x00, 0x00, 0x00, 0x00, 0x00, 0x00, 0x00, 0x00, 0x00, 0x00, 0x00, 0x00, 0x00, 0x00, 0x00, 0x00, 0x00, 0x00, 0x00,
    0x00, 0x00, 0x00, 0x00, 0x00, 0x00, 0x00, 0x00, 0x00, 0x00, 0x00, 0x00, 0x00, 0x00, 0x00, 0x00, 0x00, 0x00, 0x00, 0x00,
    0x00, 0x00, 0x00, 0x00, 0x00, 0x00, 0x00, 0x00, 0x00, 0x00, 0x00, 0x00, 0x00, 0x00, 0x00, 0x00, 0x00, 0x00, 0x00, 0x00,
    0x00, 0x00, 0x00, 0x00, 0x00, 0x00, 0x00, 0x00, 0x00, 0x00, 0x00, 0x00, 0x00, 0x00, 0x00, 0x00, 0x00, 0x00, 0x00, 0x00,
    0x00, 0x00, 0x00, 0x00, 0x00, 0x00, 0x00, 0x00, 0x00, 0x00, 0x00, 0x00, 0x00, 0x00, 0x00, 0x00, 0x00, 0x00, 0x00, 0x00,
    0x00, 0x00, 0x00, 0x00, 0x00, 0x00, 0x00, 0x00, 0x00, 0x00, 0x00, 0x00, 0x00, 0x00, 0x00, 0x00, 0x00, 0x00, 0x00, 0x00,
    0x00, 0x00, 0x00, 0x00, 0x00, 0x00, 0x00, 0x00, 0x00, 0x00, 0x00, 0x00, 0x00, 0x00, 0x00, 0x00, 0x00, 0x00, 0x00, 0x00,
    0x00, 0x00, 0x00, 0x00, 0x00, 0x00, 0x00, 0x00, 0x00, 0x00, 0x00, 0x00, 0x00, 0x00, 0x00, 0x00, 0x00, 0x00, 0x00, 0x00,
    0x00, 0x00, 0x00, 0x00, 0x00, 0x00, 0x00, 0x00, 0x00, 0x00, 0x00, 0x00, 0x00, 0x00, 0x00, 0x00, 0x00, 0x00, 0x00, 0x00,
    0x00, 0x00, 0x00, 0x00, 0x00, 0x00, 0x00, 0x00, 0x00, 0x00, 0x00, 0x00, 0x00, 0x00, 0x00, 0x00, 0x00, 0x00, 0x00, 0x00,
    0x00, 0x00, 0x00, 0x00, 0x00, 0x00, 0x00, 0x00, 0x00, 0x00, 0x00, 0x00, 0x00, 0x00, 0x00, 0x00, 0x00, 0x00, 0x00, 0x00,
    0x00, 0x00, 0x00, 0x00, 0x00, 0x00, 0x00, 0x00, 0x00, 0x00, 0x00, 0x00, 0x00, 0x00, 0x00, 0x00, 0x00, 0x00, 0x00, 0x00,
    0x00, 0x00, 0x00, 0x00, 0x00, 0x00, 0x00, 0x00, 0x00, 0x00, 0x00, 0x00, 0x00, 0x00, 0x00, 0x00, 0x00, 0x00, 0x00, 0x00,
    0x00, 0x00, 0x00, 0x00, 0x00, 0x00, 0x00, 0x00, 0x00, 0x00, 0x00, 0x00, 0x00, 0x00, 0x00, 0x00, 0x00, 0x00, 0x00, 0x00,
    0x00, 0x00, 0x00, 0x00, 0x00, 0x00, 0x00, 0x00, 0x00, 0x00, 0x00, 0x00, 0x00, 0x00, 0x00, 0x00, 0x00, 0x00, 0x00, 0x00,
    0x00, 0x00, 0x00, 0x00, 0x00, 0x00, 0x00, 0x00, 0x00, 0x00, 0x00, 0x00, 0x00, 0x00, 0x00, 0x00, 0x00, 0x00, 0x00, 0x00,
    0x00, 0x00, 0x00, 0x00, 0x00, 0x00, 0x00, 0x00, 0x00, 0x00, 0x00, 0x00, 0x00, 0x00, 0x00, 0x00, 0x00, 0x00, 0x00, 0x00,
    0x00, 0x00, 0x00, 0x00, 0x00, 0x00, 0x00, 0x00, 0x00, 0x00, 0x00, 0x00, 0x00, 0x00, 0x00, 0x00, 0x00, 0x00, 0x00, 0x00,
    0x00, 0x00, 0x00, 0x00, 0x00, 0x00, 0x00, 0x00, 0x00, 0x00, 0x00, 0x00, 0x00, 0x00, 0x00, 0x00, 0x00, 0x00, 0x00, 0x00,
    0x00, 0x00, 0x00, 0x00, 0x00, 0x00, 0x00, 0x00, 0x00, 0x00, 0x00, 0x00, 0x00, 0x00, 0x00, 0x00, 0x00, 0x00, 0x00, 0x00,
    0x00, 0x00, 0x00, 0x00, 0x00, 0x00, 0x00, 0x00, 0x00, 0x00, 0x00, 0x00, 0x00, 0x00, 0x00, 0x00, 0x00, 0x00, 0x00, 0x00,
    0x00, 0x00, 0x00, 0x00, 0x00, 0x00, 0x00, 0x00, 0x00, 0x00, 0x00, 0x00, 0x00, 0x00, 0x00, 0x00, 0x00, 0x00, 0x00, 0x00,
    0x00, 0x00, 0x00, 0x00, 0x00, 0x00, 0x00, 0x00, 0x00, 0x00, 0x00, 0x00, 0x00, 0x00, 0x00, 0x00, 0x00, 0x00, 0x00, 0x00,
    0x00, 0x00, 0x00, 0x00, 0x00, 0x00, 0x00, 0x00, 0x00, 0x00, 0x00, 0x00, 0x00, 0x00, 0x00, 0x00, 0x00, 0x00, 0x00, 0x00,
    0x00, 0x00, 0x00, 0x00, 0x00, 0x00, 0x00, 0x00, 0x00, 0x00, 0x00, 0x00, 0x00, 0x00, 0x00, 0x00, 0x00, 0x00, 0x00, 0x00,
    0x00, 0x00, 0x00, 0x00, 0x00, 0x00, 0x00, 0x00, 0x00, 0x00, 0x00, 0x00, 0x00, 0x00, 0x00, 0x00, 0x00, 0x00, 0x00, 0x00,
    0x00, 0x00, 0x00, 0x00, 0x00, 0x00, 0x00, 0x00, 0x00, 0x00, 0x00, 0x00, 0x00, 0x00, 0x00, 0x00, 0x00, 0x00, 0x00, 0x00,
    0x00, 0x00, 0x00, 0x00, 0x00, 0x00, 0x00, 0x00, 0x00, 0x00, 0x00, 0x00, 0x00, 0x00, 0x00, 0x00, 0x00, 0x00, 0x00, 0x00,
    0x00, 0x00, 0x00, 0x00, 0x00, 0x00, 0x00, 0x00, 0x00, 0x00, 0x00, 0x00, 0x00, 0x00, 0x00, 0x00, 0x00, 0x00, 0x00, 0x00,
    0x00, 0x00, 0x00, 0x00, 0x00, 0x00, 0x00, 0x00, 0x00, 0x00, 0x00, 0x00, 0x00, 0x00, 0x00, 0x00, 0x00, 0x00, 0x00, 0x00,
    0x00, 0x00, 0x00, 0x00, 0x00, 0x00, 0x00, 0x00, 0x00, 0x00, 0x00, 0x00, 0x00, 0x00, 0x00, 0x00, 0x00, 0x00, 0x00, 0x00,
    0x00, 0x00, 0x00, 0x00, 0x00, 0x00, 0x00, 0x00, 0x00, 0x00, 0x00, 0x00, 0x00, 0x00, 0x00, 0x00, 0x00, 0x00, 0x00, 0x00,
    0x00, 0x00, 0x00, 0x00, 0x00, 0x00, 0x00, 0x00, 0x00, 0x00, 0x00, 0x00, 0x00, 0x00, 0x00, 0x00, 0x00, 0x00, 0x00, 0x00,
    0x00, 0x00, 0x00, 0x00, 0x00, 0x00, 0x00, 0x00, 0x00, 0x00, 0x00, 0x00, 0x00, 0x00, 0x00, 0x00, 0x00, 0x00, 0x00, 0x00,
    0x00, 0x00, 0x00, 0x00, 0x00, 0x00, 0x00, 0x00, 0x00, 0x00, 0x00, 0x00, 0x00, 0x00, 0x00, 0x00, 0x00, 0x00, 0x00, 0x00,
    0x00, 0x00, 0x00, 0x00, 0x00, 0x00, 0x00, 0x00, 0x00, 0x00, 0x00, 0x00, 0x00, 0x00, 0x00, 0x00, 0x00, 0x00, 0x00, 0x00,
    0x00, 0x00, 0x00, 0x00, 0x00, 0x00, 0x00, 0x00, 0x00, 0x00, 0x00, 0x00, 0x00, 0x00, 0x00, 0x00, 0x00, 0x00, 0x00, 0x00,
    0x00, 0x00, 0x00, 0x00, 0x00, 0x00, 0x00, 0x00, 0x00, 0x00, 0x00, 0x00, 0x00, 0x00, 0x00, 0x00, 0x00, 0x00, 0x00, 0x00,
    0x00, 0x00, 0x00, 0x00, 0x00, 0x00, 0x00, 0x00, 0x00, 0x00, 0x00, 0x00, 0x00, 0x00, 0x00, 0x00, 0x00, 0x00, 0x00, 0x00,
    0x00, 0x00, 0x00, 0x00, 0x00, 0x00, 0x00, 0x00, 0x00, 0x00, 0x00, 0x00, 0x00, 0x00, 0x00, 0x00, 0x00, 0x00, 0x00, 0x00,
    0x00, 0x00, 0x00, 0x00, 0x00, 0x00, 0x00, 0x00, 0x00, 0x00, 0x00, 0x00, 0x00, 0x00, 0x00, 0x00, 0x00, 0x00, 0x00, 0x00,
    0x00, 0x00, 0x00, 0x00, 0x00, 0x00, 0x00, 0x00, 0x00, 0x00, 0x00, 0x00, 0x00, 0x00, 0x00, 0x00, 0x00, 0x00, 0x00, 0x00,
    0x00, 0x00, 0x00, 0x00, 0x00, 0x00, 0x00, 0x00, 0x00, 0x00, 0x00, 0x00, 0x00, 0x00, 0x00, 0x00, 0x00, 0x00, 0x00, 0x00,
    0x00, 0x00, 0x00, 0x00, 0x00, 0x00, 0x00, 0x00, 0x00, 0x00, 0x00, 0x00, 0x00, 0x00, 0x00, 0x00, 0x00, 0x00, 0x00, 0x00,
    0x00, 0x00, 0x00, 0x00, 0x00, 0x00, 0x00, 0x00, 0x00, 0x00, 0x00, 0x00, 0x00, 0x00, 0x00, 0x00, 0x00, 0x00, 0x00, 0x00,
    0x00, 0x00, 0x00, 0x00, 0x00, 0x00, 0x00, 0x00, 0x00, 0x00, 0x00, 0x00, 0x00, 0x00, 0x00, 0x00, 0x00, 0x00, 0x00, 0x00,
    0x00, 0x00, 0x00, 0x00, 0x00, 0x00, 0x00, 0x00, 0x00, 0x00, 0x00, 0x00, 0x00, 0x00, 0x00, 0x00, 0x00, 0x00, 0x00, 0x00,
    0x00, 0x00, 0x00, 0x00, 0x00, 0x00, 0x00, 0x00, 0x00, 0x00, 0x00, 0x00, 0x00, 0x00, 0x00, 0x00, 0x00, 0x00, 0x00, 0x00,
    0x00, 0x00, 0x00, 0x00, 0x00, 0x00, 0x00, 0x00, 0x00, 0x00, 0x00, 0x00, 0x00, 0x00, 0x00, 0x00, 0x00, 0x00, 0x00, 0x00,
    0x00, 0x00, 0x00, 0x00, 0x00, 0x00, 0x00, 0x00, 0x00, 0x00, 0x00, 0x00, 0x00, 0x00, 0x00, 0x00, 0x00, 0x00, 0x00, 0x00,
    0x00, 0x00, 0x00, 0x00, 0x00, 0x00, 0x00, 0x00, 0x00, 0x00, 0x00, 0x00, 0x00, 0x00, 0x00, 0x00, 0x00, 0x00, 0x00, 0x00,
    0x00, 0x00, 0x00, 0x00, 0x00, 0x00, 0x00, 0x00, 0x00, 0x00, 0x00, 0x00, 0x00, 0x00, 0x00, 0x00, 0x00, 0x00, 0x00, 0x00,
    0x00, 0x00, 0x00, 0x00, 0x00, 0x00, 0x00, 0x00, 0x00, 0x00, 0x00, 0x00, 0x00, 0x00, 0x00, 0x00, 0x00, 0x00, 0x00, 0x00,
    0x00, 0x00, 0x00, 0x00, 0x00, 0x00, 0x00, 0x00, 0x00, 0x00, 0x00, 0x00, 0x00, 0x00, 0x00, 0x00, 0x00, 0x00, 0x00, 0x00,
    0x00, 0x00, 0x00, 0x00, 0x00, 0x00, 0x00, 0x00, 0x00, 0x00, 0x00, 0x00, 0x00, 0x00, 0x00, 0x00, 0x00, 0x00, 0x00, 0x00,
    0x00, 0x00, 0x00, 0x00, 0x00, 0x00, 0x00, 0x00, 0x00, 0x00, 0x00, 0x00, 0x00, 0x00, 0x00, 0x00, 0x00, 0x00, 0x00, 0x00,
    0x00, 0x00, 0x00, 0x00, 0x00, 0x00, 0x00, 0x00, 0x00, 0x00, 0x00, 0x00, 0x00, 0x00, 0x00, 0x00, 0x00, 0x00, 0x00, 0x00,
    0x00, 0x00, 0x00, 0x00, 0x00, 0x00, 0x00, 0x00, 0x00, 0x00, 0x00, 0x00, 0x00, 0x00, 0x00, 0x00, 0x00, 0x00, 0x00, 0x00,
    0x00, 0x00, 0x00, 0x00, 0x00, 0x00, 0x00, 0x00, 0x00, 0x00, 0x00, 0x00, 0x00, 0x00, 0x00, 0x00, 0x00, 0x00, 0x00, 0x00,
    0x00, 0x00, 0x00, 0x00, 0x00, 0x00, 0x00, 0x00, 0x00, 0x00, 0x00, 0x00, 0x00, 0x00, 0x00, 0x00, 0x00, 0x00, 0x00, 0x00,
    0x00, 0x00, 0x00, 0x00, 0x00, 0x00, 0x00, 0x00, 0x00, 0x00, 0x00, 0x00, 0x00, 0x00, 0x00, 0x00, 0x00, 0x00, 0x00, 0x00,
    0x00, 0x00, 0x00, 0x00, 0x00, 0x00, 0x00, 0x00, 0x00, 0x00, 0x00, 0x00, 0x00, 0x00, 0x00, 0x00, 0x00, 0x00, 0x00, 0x00,
    0x00, 0x00, 0x00, 0x00, 0x00, 0x00, 0x00, 0x00, 0x00, 0x00, 0x00, 0x00, 0x00, 0x00, 0x00, 0x00, 0x00, 0x00, 0x00, 0x00,
    0x00, 0x00, 0x00, 0x00, 0x00, 0x00, 0x00, 0x00, 0x00, 0x00, 0x00, 0x00, 0x00, 0x00, 0x00, 0x00, 0x00, 0x00, 0x00, 0x00,
    0x00, 0x00, 0x00, 0x00, 0x00, 0x00, 0x00, 0x00, 0x00, 0x00, 0x00, 0x00, 0x00, 0x00, 0x00, 0x00, 0x00, 0x00, 0x00, 0x00,
    0x00, 0x00, 0x00, 0x00, 0x00, 0x00, 0x00, 0x00, 0x00, 0x00, 0x00, 0x00, 0x00, 0x00, 0x00, 0x00, 0x00, 0x00, 0x00, 0x00,
    0x00, 0x00, 0x00, 0x00, 0x00, 0x00, 0x00, 0x00, 0x00, 0x00, 0x00, 0x00, 0x00, 0x00, 0x00, 0x00, 0x00, 0x00, 0x00, 0x00,
    0x00, 0x00, 0x00, 0x00, 0x00, 0x00, 0x00, 0x00, 0x00, 0x00, 0x00, 0x00, 0x00, 0x00, 0x00, 0x00, 0x00, 0x00, 0x00, 0x00,
    0x00, 0x00, 0x00, 0x00, 0x00, 0x00, 0x00, 0x00, 0x00, 0x00, 0x00, 0x00, 0x00, 0x00, 0x00, 0x00, 0x00, 0x00, 0x00, 0x00,
    0x00, 0x00, 0x00, 0x00, 0x00, 0x00, 0x00, 0x00, 0x00, 0x00, 0x00, 0x00, 0x00, 0x00, 0x00, 0x00, 0x00, 0x00, 0x00, 0x00,
    0x00, 0x00, 0x00, 0x00, 0x00, 0x00, 0x00, 0x00, 0x00, 0x00, 0x00, 0x00, 0x00, 0x00, 0x00, 0x00, 0x00, 0x00, 0x00, 0x00,
    0x00, 0x00, 0x00, 0x00, 0x00, 0x00, 0x00, 0x00, 0x00, 0x00, 0x00, 0x00, 0x00, 0x00, 0x00, 0x00, 0x00, 0x00, 0x00, 0x00,
    0x00, 0x00, 0x00, 0x00, 0x00, 0x00, 0x00, 0x00, 0x00, 0x00, 0x00, 0x00, 0x00, 0x00, 0x00, 0x00, 0x00, 0x00, 0x00, 0x00,
    0x00, 0x00, 0x00, 0x00, 0x00, 0x00, 0x00, 0x00, 0x00, 0x00, 0x00, 0x00, 0x00, 0x00, 0x00, 0x00, 0x00, 0x00, 0x00, 0x00,
    0x00, 0x00, 0x00, 0x00, 0x00, 0x00, 0x00, 0x00, 0x00, 0x00, 0x00, 0x00, 0x00, 0x00, 0x00, 0x00, 0x00, 0x00, 0x00, 0x00,
    0x00, 0x00, 0x00, 0x00, 0x00, 0x00, 0x00, 0x00, 0x00, 0x00, 0x00, 0x00, 0x00, 0x00, 0x00, 0x00, 0x00, 0x00, 0x00, 0x00,
    0x00, 0x00, 0x00, 0x00, 0x00, 0x00, 0x00, 0x00, 0x00, 0x00, 0x00, 0x00, 0x00, 0x00, 0x00, 0x00, 0x00, 0x00, 0x00, 0x00,
    0x00, 0x00, 0x00, 0x00, 0x00, 0x00, 0x00, 0x00, 0x00, 0x00, 0x00, 0x00, 0x00, 0x00, 0x00, 0x00, 0x00, 0x00, 0x00, 0x00,
    0x00, 0x00, 0x00, 0x00, 0x00, 0x00, 0x00, 0x00, 0x00, 0x00, 0x00, 0x00, 0x00, 0x00, 0x00, 0x00, 0x00, 0x00, 0x00, 0x00,
    0x00, 0x00, 0x00, 0x00, 0x00, 0x00, 0x00, 0x00, 0x00, 0x00, 0x00, 0x00, 0x00, 0x00, 0x00, 0x00, 0x00, 0x00, 0x00, 0x00,
    0x00, 0x00, 0x00, 0x00, 0x00, 0x00, 0x00, 0x00, 0x00, 0x00, 0x00, 0x00, 0x00, 0x00, 0x00, 0x00, 0x00, 0x00, 0x00, 0x00,
    0x00, 0x00, 0x00, 0x00, 0x00, 0x00, 0x00, 0x00, 0x00, 0x00, 0x00, 0x00, 0x00, 0x00, 0x00, 0x00, 0x00, 0x00, 0x00, 0x00,
    0x00, 0x00, 0x00, 0x00, 0x00, 0x00, 0x00, 0x00, 0x00, 0x00, 0x00, 0x00, 0x00, 0x00, 0x00, 0x00, 0x00, 0x00, 0x00, 0x00,
    0x00, 0x00, 0x00, 0x00, 0x00, 0x00, 0x00, 0x00, 0x00, 0x00, 0x00, 0x00, 0x00, 0x00, 0x00, 0x00, 0x00, 0x00, 0x00, 0x00,
    0x00, 0x00, 0x00, 0x00, 0x00, 0x00, 0x00, 0x00, 0x00, 0x00, 0x00, 0x00, 0x00, 0x00, 0x00, 0x00, 0x00, 0x00, 0x00, 0x00,
    0x00, 0x00, 0x00, 0x00, 0x00, 0x00, 0x00, 0x00, 0x00, 0x00, 0x00, 0x00, 0x00, 0x00, 0x00, 0x00, 0x00, 0x00, 0x00, 0x00,
    0x00, 0x00, 0x00, 0x00, 0x00, 0x00, 0x00, 0x00, 0x00, 0x00, 0x00, 0x00, 0x00, 0x00, 0x00, 0x00, 0x00, 0x00, 0x00, 0x00,
    0x00, 0x00, 0x00, 0x00, 0x00, 0x00, 0x00, 0x00, 0x00, 0x00, 0x00, 0x00, 0x00, 0x00, 0x00, 0x00, 0x00, 0x00, 0x00, 0x00,
    0x00, 0x00, 0x00, 0x00, 0x00, 0x00, 0x00, 0x00, 0x00, 0x00, 0x00, 0x00, 0x00, 0x00, 0x00, 0x00, 0x00, 0x00, 0x00, 0x00,
    0x00, 0x00, 0x00, 0x00, 0x00, 0x00, 0x00, 0x00, 0x00, 0x00, 0x00, 0x00, 0x00, 0x00, 0x00, 0x00, 0x00, 0x00, 0x00, 0x00,
    0x00, 0x00, 0x00, 0x00, 0x00, 0x00, 0x00, 0x00, 0x00, 0x00, 0x00, 0x00, 0x00, 0x00, 0x00, 0x00, 0x00, 0x00, 0x00, 0x00,
    0x00, 0x00, 0x00, 0x00, 0x00, 0x00, 0x00, 0x00, 0x00, 0x00, 0x00, 0x00, 0x00, 0x00, 0x00, 0x00, 0x00, 0x00, 0x00, 0x00,
    0x00, 0x00, 0x00, 0x00, 0x00, 0x00, 0x00, 0x00, 0x00, 0x00, 0x00, 0x00, 0x00, 0x00, 0x00, 0x00, 0x00, 0x00, 0x00, 0x00,
    0x00, 0x00, 0x00, 0x00, 0x00, 0x00, 0x00, 0x00, 0x00, 0x00, 0x00, 0x00, 0x00, 0x00, 0x00, 0x00, 0x00, 0x00, 0x00, 0x00,
    0x00, 0x00, 0x00, 0x00, 0x00, 0x00, 0x00, 0x00, 0x00, 0x00, 0x00, 0x00, 0x00, 0x00, 0x00, 0x00, 0x00, 0x00, 0x00, 0x00,
    0x00, 0x00, 0x00, 0x00, 0x00, 0x00, 0x00, 0x00, 0x00, 0x00, 0x00, 0x00, 0x00, 0x00, 0x00, 0x00, 0x00, 0x00, 0x00, 0x00,
    0x00, 0x00, 0x00, 0x00, 0x00, 0x00, 0x00, 0x00, 0x00, 0x00, 0x00, 0x00, 0x00, 0x00, 0x00, 0x00, 0x00, 0x00, 0x00, 0x00,
    0x00, 0x00, 0x00, 0x00, 0x00, 0x00, 0x00, 0x00, 0x00, 0x00, 0x00, 0x00, 0x00, 0x00, 0x00, 0x00, 0x00, 0x00, 0x00, 0x00,
    0x00, 0x00, 0x00, 0x00, 0x00, 0x00, 0x00, 0x00, 0x00, 0x00, 0x00, 0x00, 0x00, 0x00, 0x00, 0x00, 0x00, 0x00, 0x00, 0x00,
    0x00, 0x00, 0x00, 0x00, 0x00, 0x00, 0x00, 0x00, 0x00, 0x00, 0x00, 0x00, 0x00, 0x00, 0x00, 0x00, 0x00, 0x00, 0x00, 0x00,
    0x00, 0x00, 0x00, 0x00, 0x00, 0x00, 0x00, 0x00, 0x00, 0x00, 0x00, 0x00, 0x00, 0x00, 0x00, 0x00, 0x00, 0x00, 0x00, 0x00,
    0x00, 0x00, 0x00, 0x00, 0x00, 0x00, 0x00, 0x00, 0x00, 0x00, 0x00, 0x00, 0x00, 0x00, 0x00, 0x00, 0x00, 0x00, 0x00, 0x00,
    0x00, 0x00, 0x00, 0x00, 0x00, 0x00, 0x00, 0x00, 0x00, 0x00, 0x00, 0x00, 0x00, 0x00, 0x00, 0x00, 0x00, 0x00, 0x00, 0x00,
    0x00, 0x00, 0x00, 0x00, 0x00, 0x00, 0x00, 0x00, 0x00, 0x00, 0x00, 0x00, 0x00, 0x00, 0x00, 0x00, 0x00, 0x00, 0x00, 0x00,
    0x00, 0x00, 0x00, 0x00, 0x00, 0x00, 0x00, 0x00, 0x00, 0x00, 0x00, 0x00, 0x00, 0x00, 0x00, 0x00, 0x00, 0x00, 0x00, 0x00,
    0x00, 0x00, 0x00, 0x00, 0x00, 0x00, 0x00, 0x00, 0x00, 0x00, 0x00, 0x00, 0x00, 0x00, 0x00, 0x00, 0x00, 0x00, 0x00, 0x00,
    0x00, 0x00, 0x00, 0x00, 0x00, 0x00, 0x00, 0x00, 0x00, 0x00, 0x00, 0x00, 0x00, 0x00, 0x00, 0x00, 0x00, 0x00, 0x00, 0x00,
    0x00, 0x00, 0x00, 0x00, 0x00, 0x00, 0x00, 0x00, 0x00, 0x00, 0x00, 0x00, 0x00, 0x00, 0x00, 0x00, 0x00, 0x00, 0x00, 0x00,
    0x00, 0x00, 0x00, 0x00, 0x00, 0x00, 0x00, 0x00, 0x00, 0x00, 0x00, 0x00, 0x00, 0x00, 0x00, 0x00, 0x00, 0x00, 0x00, 0x00,
    0x00, 0x00, 0x00, 0x00, 0x00, 0x00, 0x00, 0x00, 0x00, 0x00, 0x00, 0x00, 0x00, 0x00, 0x00, 0x00, 0x00, 0x00, 0x00, 0x00,
    0x00, 0x00, 0x00, 0x00, 0x00, 0x00, 0x00, 0x00, 0x00, 0x00, 0x00, 0x00, 0x00, 0x00, 0x00, 0x00, 0x00, 0x00, 0x00, 0x00,
    0x00, 0x00, 0x00, 0x00, 0x00, 0x00, 0x00, 0x00, 0x00, 0x00, 0x00, 0x00, 0x00, 0x00, 0x00, 0x00, 0x00, 0x00, 0x00, 0x00,
    0x00, 0x00, 0x00, 0x00, 0x00, 0x00, 0x00, 0x00, 0x00, 0x00, 0x00, 0x00, 0x00, 0x00, 0x00, 0x00, 0x00, 0x00, 0x00, 0x00,
    0x00, 0x00, 0x00, 0x00, 0x00, 0x00, 0x00, 0x00, 0x00, 0x00, 0x00, 0x00, 0x00, 0x00, 0x00, 0x00, 0x00, 0x00, 0x00, 0x00,
    0x00, 0x00, 0x00, 0x00, 0x00, 0x00, 0x00, 0x00, 0x00, 0x00, 0x00, 0x00, 0x00, 0x00, 0x00, 0x00, 0x00, 0x00, 0x00, 0x00,
    0x00, 0x00, 0x00, 0x00, 0x00, 0x00, 0x00, 0x00, 0x00, 0x00, 0x00, 0x00, 0x00, 0x00, 0x00, 0x00, 0x00, 0x00, 0x00, 0x00,
    0x00, 0x00, 0x00, 0x00, 0x00, 0x00, 0x00, 0x00, 0x00, 0x00, 0x00, 0x00, 0x00, 0x00, 0x00, 0x00, 0x00, 0x00, 0x00, 0x00,
    0x00, 0x00, 0x00, 0x00, 0x00, 0x00, 0x00, 0x00, 0x00, 0x00, 0x00, 0x00, 0x00, 0x00, 0x00, 0x00, 0x00, 0x00, 0x00, 0x00,
    0x00, 0x00, 0x00, 0x00, 0x00, 0x00, 0x00, 0x00, 0x00, 0x00, 0x00, 0x00, 0x00, 0x00, 0x00, 0x00, 0x00, 0x00, 0x00, 0x00,
    0x00, 0x00, 0x00, 0x00, 0x00, 0x00, 0x00, 0x00, 0x00, 0x00, 0x00, 0x00, 0x00, 0x00, 0x00, 0x00, 0x00, 0x00, 0x00, 0x00,
    0x00, 0x00, 0x00, 0x00, 0x00, 0x00, 0x00, 0x00, 0x00, 0x00, 0x00, 0x00, 0x00, 0x00, 0x00, 0x00, 0x00, 0x00, 0x00, 0x00,
    0x00, 0x00, 0x00, 0x00, 0x00, 0x00, 0x00, 0x00, 0x00, 0x00, 0x00, 0x00, 0x00, 0x00, 0x00, 0x00, 0x00, 0x00, 0x00, 0x00,
    0x00, 0x00, 0x00, 0x00, 0x00, 0x00, 0x00, 0x00, 0x00, 0x00, 0x00, 0x00, 0x00, 0x00, 0x00, 0x00, 0x00, 0x00, 0x00, 0x00,
    0x00, 0x00, 0x00, 0x00, 0x00, 0x00, 0x00, 0x00, 0x00, 0x00, 0x00, 0x00, 0x00, 0x00, 0x00, 0x00, 0x00, 0x00, 0x00, 0x00,
    0x00, 0x00, 0x00, 0x00, 0x00, 0x00, 0x00, 0x00, 0x00, 0x00, 0x00, 0x00, 0x00, 0x00, 0x00, 0x00, 0x00, 0x00, 0x00, 0x00,
    0x00, 0x00, 0x00, 0x00, 0x00, 0x00, 0x00, 0x00, 0x00, 0x00, 0x00, 0x00, 0x00, 0x00, 0x00, 0x00, 0x00, 0x00, 0x00, 0x00,
    0x00, 0x00, 0x00, 0x00, 0x00, 0x00, 0x00, 0x00, 0x00, 0x00, 0x00, 0x00, 0x00, 0x00, 0x00, 0x00, 0x00, 0x00, 0x00, 0x00,
    0x00, 0x00, 0x00, 0x00, 0x00, 0x00, 0x00, 0x00, 0x00, 0x00, 0x00, 0x00, 0x00, 0x00, 0x00, 0x00, 0x00, 0x00, 0x00, 0x00,
    0x00, 0x00, 0x00, 0x00, 0x00, 0x00, 0x00, 0x00, 0x00, 0x00, 0x00, 0x00, 0x00, 0x00, 0x00, 0x00, 0x00, 0x00, 0x00, 0x00,
    0x00, 0x00, 0x00, 0x00, 0x00, 0x00, 0x00, 0x00, 0x00, 0x00, 0x00, 0x00, 0x00, 0x00, 0x00, 0x00, 0x00, 0x00, 0x00, 0x00,
    0x00, 0x00, 0x00, 0x00, 0x00, 0x00, 0x00, 0x00, 0x00, 0x00, 0x00, 0x00, 0x00, 0x00, 0x00, 0x00, 0x00, 0x00, 0x00, 0x00,
    0x00, 0x00, 0x00, 0x00, 0x00, 0x00, 0x00, 0x00, 0x00, 0x00, 0x00, 0x00, 0x00, 0x00, 0x00, 0x00, 0x00, 0x00, 0x00, 0x00,
    0x00, 0x00, 0x00, 0x00, 0x00, 0x00, 0x00, 0x00, 0x00, 0x00, 0x00, 0x00, 0x00, 0x00, 0x00, 0x00, 0x00, 0x00, 0x00, 0x00,
    0x00, 0x00, 0x00, 0x00, 0x00, 0x00, 0x00, 0x00, 0x00, 0x00, 0x00, 0x00, 0x00, 0x00, 0x00, 0x00, 0x00, 0x00, 0x00, 0x00,
    0x00, 0x00, 0x00, 0x00, 0x00, 0x00, 0x00, 0x00, 0x00, 0x00, 0x00, 0x00, 0x00, 0x00, 0x00, 0x00, 0x00, 0x00, 0x00, 0x00,
    0x00, 0x00, 0x00, 0x00, 0x00, 0x00, 0x00, 0x00, 0x00, 0x00, 0x00, 0x00, 0x00, 0x00, 0x00, 0x00, 0x00, 0x00, 0x00, 0x00,
    0x00, 0x00, 0x00, 0x00, 0x00, 0x00, 0x00, 0x00, 0x00, 0x00, 0x00, 0x00, 0x00, 0x00, 0x00, 0x00, 0x00, 0x00, 0x00, 0x00,
    0x00, 0x00, 0x00, 0x00, 0x00, 0x00, 0x00, 0x00, 0x00, 0x00, 0x00, 0x00, 0x00, 0x00, 0x00, 0x00, 0x00, 0x00, 0x00, 0x00,
    0x00, 0x00, 0x00, 0x00, 0x00, 0x00, 0x00, 0x00, 0x00, 0x00, 0x00, 0x00, 0x00, 0x00, 0x00, 0x00, 0x00, 0x00, 0x00, 0x00,
    0x00, 0x00, 0x00, 0x00, 0x00, 0x00, 0x00, 0x00, 0x00, 0x00, 0x00, 0x00, 0x00, 0x00, 0x00, 0x00, 0x00, 0x00, 0x00, 0x00,
    0x00, 0x00, 0x00, 0x00, 0x00, 0x00, 0x00, 0x00, 0x00, 0x00, 0x00, 0x00, 0x00, 0x00, 0x00, 0x00, 0x00, 0x00, 0x00, 0x00,
    0x00, 0x00, 0x00, 0x00, 0x00, 0x00, 0x00, 0x00, 0x00, 0x00, 0x00, 0x00, 0x00, 0x00, 0x00, 0x00, 0x00, 0x00, 0x00, 0x00,
    0x00, 0x00, 0x00, 0x00, 0x00, 0x00, 0x00, 0x00, 0x00, 0x00, 0x00, 0x00, 0x00, 0x00, 0x00, 0x00, 0x00, 0x00, 0x00, 0x00,
    0x00, 0x00, 0x00, 0x00, 0x00, 0x00, 0x00, 0x00, 0x00, 0x00, 0x00, 0x00, 0x00, 0x00, 0x00, 0x00, 0x00, 0x00, 0x00, 0x00,
    0x00, 0x00, 0x00, 0x00, 0x00, 0x00, 0x00, 0x00, 0x00, 0x00, 0x00, 0x00, 0x00, 0x00, 0x00, 0x00, 0x00, 0x00, 0x00, 0x00,
    0x00, 0x00, 0x00, 0x00, 0x00, 0x00, 0x00, 0x00, 0x00, 0x00, 0x00, 0x00, 0x00, 0x00, 0x00, 0x00, 0x00, 0x00, 0x00, 0x00,
    0x00, 0x00, 0x00, 0x00, 0x00, 0x00, 0x00, 0x00, 0x00, 0x00, 0x00, 0x00, 0x00, 0x00, 0x00, 0x00, 0x00, 0x00, 0x00, 0x00,
    0x00, 0x00, 0x00, 0x00, 0x00, 0x00, 0x00, 0x00, 0x00, 0x00, 0x00, 0x00, 0x00, 0x00, 0x00, 0x00, 0x00, 0x00, 0x00, 0x00,
    0x00, 0x00, 0x00, 0x00, 0x00, 0x00, 0x00, 0x00, 0x00, 0x00, 0x00, 0x00, 0x00, 0x00, 0x00, 0x00, 0x00, 0x00, 0x00, 0x00,
    0x00, 0x00, 0x00, 0x00, 0x00, 0x00, 0x00, 0x00, 0x00, 0x00, 0x00, 0x00, 0x00, 0x00, 0x00, 0x00, 0x00, 0x00, 0x00, 0x00,
    0x00, 0x00, 0x00, 0x00, 0x00, 0x00, 0x00, 0x00, 0x00, 0x00, 0x00, 0x00, 0x00, 0x00, 0x00, 0x00, 0x00, 0x00, 0x00, 0x00,
    0x00, 0x00, 0x00, 0x00, 0x00, 0x00, 0x00, 0x00, 0x00, 0x00, 0x00, 0x00, 0x00, 0x00, 0x00, 0x00, 0x00, 0x00, 0x00, 0x00,
    0x00, 0x00, 0x00, 0x00, 0x00, 0x00, 0x00, 0x00, 0x00, 0x00, 0x00, 0x00, 0x00, 0x00, 0x00, 0x00, 0x00, 0x00, 0x00, 0x00,
    0x00, 0x00, 0x00, 0x00, 0x00, 0x00, 0x00, 0x00, 0x00, 0x00, 0x00, 0x00, 0x00, 0x00, 0x00, 0x00, 0x00, 0x00, 0x00, 0x00,
    0x00, 0x00, 0x00, 0x00, 0x00, 0x00, 0x00, 0x00, 0x00, 0x00, 0x00, 0x00, 0x00, 0x00, 0x00, 0x00, 0x00, 0x00, 0x00, 0x00,
    0x00, 0x00, 0x00, 0x00, 0x00, 0x00, 0x00, 0x00, 0x00, 0x00, 0x00, 0x00, 0x00, 0x00, 0x00, 0x00, 0x00, 0x00, 0x00, 0x00,
    0x00, 0x00, 0x00, 0x00, 0x00, 0x00, 0x00, 0x00, 0x00, 0x00, 0x00, 0x00, 0x00, 0x00, 0x00, 0x00, 0x00, 0x00, 0x00, 0x00,
    0x00, 0x00, 0x00, 0x00, 0x00, 0x00, 0x00, 0x00, 0x00, 0x00, 0x00, 0x00, 0x00, 0x00, 0x00, 0x00, 0x00, 0x00, 0x00, 0x00,
    0x00, 0x00, 0x00, 0x00, 0x00, 0x00, 0x00, 0x00, 0x00, 0x00, 0x00, 0x00, 0x00, 0x00, 0x00, 0x00, 0x00, 0x00, 0x00, 0x00,
    0x00, 0x00, 0x00, 0x00, 0x00, 0x00, 0x00, 0x00, 0x00, 0x00, 0x00, 0x00, 0x00, 0x00, 0x00, 0x00, 0x00, 0x00, 0x00, 0x00,
    0x00, 0x00, 0x00, 0x00, 0x00, 0x00, 0x00, 0x00, 0x00, 0x00, 0x00, 0x00, 0x00, 0x00, 0x00, 0x00, 0x00, 0x00, 0x00, 0x00,
    0x00, 0x00, 0x00, 0x00, 0x00, 0x00, 0x00, 0x00, 0x00, 0x00, 0x00, 0x00, 0x00, 0x00, 0x00, 0x00, 0x00, 0x00, 0x00, 0x00,
    0x00, 0x00, 0x00, 0x00, 0x00, 0x00, 0x00, 0x00, 0x00, 0x00, 0x00, 0x00, 0x00, 0x00, 0x00, 0x00, 0x00, 0x00, 0x00, 0x00,
    0x00, 0x00, 0x00, 0x00, 0x00, 0x00, 0x00, 0x00, 0x00, 0x00, 0x00, 0x00, 0x00, 0x00, 0x00, 0x00, 0x00, 0x00, 0x00, 0x00,
    0x00, 0x00, 0x00, 0x00, 0x00, 0x00, 0x00, 0x00, 0x00, 0x00, 0x00, 0x00, 0x00, 0x00, 0x00, 0x00, 0x00, 0x00, 0x00, 0x00,
    0x00, 0x00, 0x00, 0x00, 0x00, 0x00, 0x00, 0x00, 0x00, 0x00, 0x00, 0x00, 0x00, 0x00, 0x00, 0x00, 0x00, 0x00, 0x00, 0x00,
    0x00, 0x00, 0x00, 0x00, 0x00, 0x00, 0x00, 0x00, 0x00, 0x00, 0x00, 0x00, 0x00, 0x00, 0x00, 0x00, 0x00, 0x00, 0x00, 0x00,
    0x00, 0x00, 0x00, 0x00, 0x00, 0x00, 0x00, 0x00, 0x00, 0x00, 0x00, 0x00, 0x00, 0x00, 0x00, 0x00, 0x00, 0x00, 0x00, 0x00,
    0x00, 0x00, 0x00, 0x00, 0x00, 0x00, 0x00, 0x00, 0x00, 0x00, 0x00, 0x00, 0x00, 0x00, 0x00, 0x00, 0x00, 0x00, 0x00, 0x00,
    0x00, 0x00, 0x00, 0x00, 0x00, 0x00, 0x00, 0x00, 0x00, 0x00, 0x00, 0x00, 0x00, 0x00, 0x00, 0x00, 0x00, 0x00, 0x00, 0x00,
    0x00, 0x00, 0x00, 0x00, 0x00, 0x00, 0x00, 0x00, 0x00, 0x00, 0x00, 0x00, 0x00, 0x00, 0x00, 0x00, 0x00, 0x00, 0x00, 0x00,
    0x00, 0x00, 0x00, 0x00, 0x00, 0x00, 0x00, 0x00, 0x00, 0x00, 0x00, 0x00, 0x00, 0x00, 0x00, 0x00, 0x00, 0x00, 0x00, 0x00,
    0x00, 0x00, 0x00, 0x00, 0x00, 0x00, 0x00, 0x00, 0x00, 0x00, 0x00, 0x00, 0x00, 0x00, 0x00, 0x00, 0x00, 0x00, 0x00, 0x00,
    0x00, 0x00, 0x00, 0x00, 0x00, 0x00, 0x00, 0x00, 0x00, 0x00, 0x00, 0x00, 0x00, 0x00, 0x00, 0x00, 0x00, 0x00, 0x00, 0x00,
    0x00, 0x00, 0x00, 0x00, 0x00, 0x00, 0x00, 0x00, 0x00, 0x00, 0x00, 0x00, 0x00, 0x00, 0x00, 0x00, 0x00, 0x00, 0x00, 0x00,
    0x00, 0x00, 0x00, 0x00, 0x00, 0x00, 0x00, 0x00, 0x00, 0x00, 0x00, 0x00, 0x00, 0x00, 0x00, 0x00, 0x00, 0x00, 0x00, 0x00,
    0x00, 0x00, 0x00, 0x00, 0x00, 0x00, 0x00, 0x00, 0x00, 0x00, 0x00, 0x00, 0x00, 0x00, 0x00, 0x00, 0x00, 0x00, 0x00, 0x00,
    0x00, 0x00, 0x00, 0x00, 0x00, 0x00, 0x00, 0x00, 0x00, 0x00, 0x00, 0x00, 0x00, 0x00, 0x00, 0x00, 0x00, 0x00, 0x00, 0x00,
    0x00, 0x00, 0x00, 0x00, 0x00, 0x00, 0x00, 0x00, 0x00, 0x00, 0x00, 0x00, 0x00, 0x00, 0x00, 0x00, 0x00, 0x00, 0x00, 0x00,
    0x00, 0x00, 0x00, 0x00, 0x00, 0x00, 0x00, 0x00, 0x00, 0x00, 0x00, 0x00, 0x00, 0x00, 0x00, 0x00, 0x00, 0x00, 0x00, 0x00,
    0x00, 0x00, 0x00, 0x00, 0x00, 0x00, 0x00, 0x00, 0x00, 0x00, 0x00, 0x00, 0x00, 0x00, 0x00, 0x00, 0x00, 0x00, 0x00, 0x00,
    0x00, 0x00, 0x00, 0x00, 0x00, 0x00, 0x00, 0x00, 0x00, 0x00, 0x00, 0x00, 0x00, 0x00, 0x00, 0x00, 0x00, 0x00, 0x00, 0x00,
    0x00, 0x00, 0x00, 0x00, 0x00, 0x00, 0x00, 0x00, 0x00, 0x00, 0x00, 0x00, 0x00, 0x00, 0x00, 0x00, 0x00, 0x00, 0x00, 0x00,
    0x00, 0x00, 0x00, 0x00, 0x00, 0x00, 0x00, 0x00, 0x00, 0x00, 0x00, 0x00, 0x00, 0x00, 0x00, 0x00, 0x00, 0x00, 0x00, 0x00,
    0x00, 0x00, 0x00, 0x00, 0x00, 0x00, 0x00, 0x00, 0x00, 0x00, 0x00, 0x00, 0x00, 0x00, 0x00, 0x00, 0x00, 0x00, 0x00, 0x00,
};

const lv_image_dsc_t icon_ruview = {
    .header.cf    = LV_COLOR_FORMAT_RGB565,
    .header.magic = LV_IMAGE_HEADER_MAGIC,
    .header.w     = 200,
    .header.h     = 200,
    .data_size    = 40000 * 2,
    .data         = icon_ruview_map,
};
