#ifdef __has_include
#if __has_include("lvgl.h")
#ifndef LV_LVGL_H_INCLUDE_SIMPLE
#define LV_LVGL_H_INCLUDE_SIMPLE
#endif
#endif
#endif

#if defined(LV_LVGL_H_INCLUDE_SIMPLE)
#include "lvgl.h"
#else
#include "lvgl/lvgl.h"
#endif

#ifndef LV_ATTRIBUTE_MEM_ALIGN
#define LV_ATTRIBUTE_MEM_ALIGN
#endif

#ifndef LV_ATTRIBUTE_IMAGE_ICON_GLOW_FIELD
#define LV_ATTRIBUTE_IMAGE_ICON_GLOW_FIELD
#endif

const LV_ATTRIBUTE_MEM_ALIGN LV_ATTRIBUTE_LARGE_CONST LV_ATTRIBUTE_IMAGE_ICON_GLOW_FIELD uint8_t icon_glow_field_map[] = {
    0x00, 0x00, 0x00, 0x00, 0x00, 0x00, 0x00, 0x00, 0x00, 0x00, 0x00, 0x00, 0x00, 0x00, 0x00, 0x00, 0x00, 0x00, 0x00, 0x00,
    0x00, 0x00, 0x00, 0x00, 0x00, 0x00, 0x00, 0x00, 0x00, 0x00, 0x00, 0x00, 0x00, 0x00, 0x00, 0x00, 0x00, 0x00, 0x00, 0x00,
    0x00, 0x00, 0x00, 0x00, 0x00, 0x00, 0x00, 0x00, 0x00, 0x00, 0x00, 0x00, 0x00, 0x00, 0x00, 0x00, 0x00, 0x00, 0x00, 0x00,
    0x00, 0x00, 0x00, 0x00, 0x00, 0x00, 0x00, 0x00, 0x00, 0x00, 0x00, 0x00, 0x00, 0x00, 0x00, 0x00, 0x00, 0x00, 0x00, 0x00,
    0x00, 0x00, 0x00, 0x00, 0x00, 0x00, 0x00, 0x00, 0x00, 0x00, 0x00, 0x00, 0x00, 0x00, 0x00, 0x00, 0x00, 0x00, 0x00, 0x00,
    0x00, 0x00, 0x00, 0x00, 0x00, 0x00, 0x00, 0x00, 0x00, 0x00, 0x00, 0x00, 0x00, 0x00, 0x00, 0x00, 0x00, 0x00, 0x00, 0x00,
    0x00, 0x00, 0x00, 0x00, 0x00, 0x00, 0x00, 0x00, 0x00, 0x00, 0x00, 0x00, 0x00, 0x00, 0x00, 0x00, 0x00, 0x00, 0x00, 0x00,
    0x00, 0x00, 0x00, 0x00, 0x00, 0x00, 0x00, 0x00, 0x00, 0x00, 0x00, 0x00, 0x00, 0x00, 0x00, 0x00, 0x00, 0x00, 0x00, 0x00,
    0x00, 0x00, 0x00, 0x00, 0x00, 0x00, 0x00, 0x00, 0x00, 0x00, 0x00, 0x00, 0x00, 0x00, 0x00, 0x00, 0x00, 0x00, 0x00, 0x00,
    0x00, 0x00, 0x00, 0x00, 0x00, 0x00, 0x00, 0x00, 0x00, 0x00, 0x00, 0x00, 0x00, 0x00, 0x00, 0x00, 0x00, 0x00, 0x00, 0x00,
    0x00, 0x00, 0x00, 0x00, 0x00, 0x00, 0x00, 0x00, 0x00, 0x00, 0x00, 0x00, 0x00, 0x00, 0x00, 0x00, 0x00, 0x00, 0x00, 0x00,
    0x00, 0x00, 0x00, 0x00, 0x00, 0x00, 0x00, 0x00, 0x00, 0x00, 0x00, 0x00, 0x00, 0x00, 0x00, 0x00, 0x00, 0x00, 0x00, 0x00,
    0x00, 0x00, 0x00, 0x00, 0x00, 0x00, 0x00, 0x00, 0x00, 0x00, 0x00, 0x00, 0x00, 0x00, 0x00, 0x00, 0x00, 0x00, 0x00, 0x00,
    0x00, 0x00, 0x00, 0x00, 0x00, 0x00, 0x00, 0x00, 0x00, 0x00, 0x00, 0x00, 0x00, 0x00, 0x00, 0x00, 0x00, 0x00, 0x00, 0x00,
    0x00, 0x00, 0x00, 0x00, 0x00, 0x00, 0x00, 0x00, 0x00, 0x00, 0x00, 0x00, 0x00, 0x00, 0x00, 0x00, 0x00, 0x00, 0x00, 0x00,
    0x00, 0x00, 0x00, 0x00, 0x00, 0x00, 0x00, 0x00, 0x00, 0x00, 0x00, 0x00, 0x00, 0x00, 0x00, 0x00, 0x00, 0x00, 0x00, 0x00,
    0x00, 0x00, 0x00, 0x00, 0x00, 0x00, 0x00, 0x00, 0x00, 0x00, 0x00, 0x00, 0x00, 0x00, 0x00, 0x00, 0x00, 0x00, 0x00, 0x00,
    0x00, 0x00, 0x00, 0x00, 0x00, 0x00, 0x00, 0x00, 0x00, 0x00, 0x00, 0x00, 0x00, 0x00, 0x00, 0x00, 0x00, 0x00, 0x00, 0x00,
    0x00, 0x00, 0x00, 0x00, 0x00, 0x00, 0x00, 0x00, 0x00, 0x00, 0x00, 0x00, 0x00, 0x00, 0x00, 0x00, 0x00, 0x00, 0x00, 0x00,
    0x00, 0x00, 0x00, 0x00, 0x00, 0x00, 0x00, 0x00, 0x00, 0x00, 0x00, 0x00, 0x00, 0x00, 0x00, 0x00, 0x00, 0x00, 0x00, 0x00,
    0x00, 0x00, 0x00, 0x00, 0x00, 0x00, 0x00, 0x00, 0x00, 0x00, 0x00, 0x00, 0x00, 0x00, 0x00, 0x00, 0x00, 0x00, 0x00, 0x00,
    0x00, 0x00, 0x00, 0x00, 0x00, 0x00, 0x00, 0x00, 0x00, 0x00, 0x00, 0x00, 0x00, 0x00, 0x00, 0x00, 0x00, 0x00, 0x00, 0x00,
    0x00, 0x00, 0x00, 0x00, 0x00, 0x00, 0x00, 0x00, 0x00, 0x00, 0x00, 0x00, 0x00, 0x00, 0x00, 0x00, 0x00, 0x00, 0x00, 0x00,
    0x00, 0x00, 0x00, 0x00, 0x00, 0x00, 0x00, 0x00, 0x00, 0x00, 0x00, 0x00, 0x00, 0x00, 0x00, 0x00, 0x00, 0x00, 0x00, 0x00,
    0x00, 0x00, 0x00, 0x00, 0x00, 0x00, 0x00, 0x00, 0x00, 0x00, 0x00, 0x00, 0x00, 0x00, 0x00, 0x00, 0x00, 0x00, 0x00, 0x00,
    0x00, 0x00, 0x00, 0x00, 0x00, 0x00, 0x00, 0x00, 0x00, 0x00, 0x00, 0x00, 0x00, 0x00, 0x00, 0x00, 0x00, 0x00, 0x00, 0x00,
    0x00, 0x00, 0x00, 0x00, 0x00, 0x00, 0x00, 0x00, 0x00, 0x00, 0x00, 0x00, 0x00, 0x00, 0x00, 0x00, 0x00, 0x00, 0x00, 0x00,
    0x00, 0x00, 0x00, 0x00, 0x00, 0x00, 0x00, 0x00, 0x00, 0x00, 0x00, 0x00, 0x00, 0x00, 0x00, 0x00, 0x00, 0x00, 0x00, 0x00,
    0x00, 0x00, 0x00, 0x00, 0x00, 0x00, 0x00, 0x00, 0x00, 0x00, 0x00, 0x00, 0x00, 0x00, 0x00, 0x00, 0x00, 0x00, 0x00, 0x00,
    0x00, 0x00, 0x00, 0x00, 0x00, 0x00, 0x00, 0x00, 0x00, 0x00, 0x00, 0x00, 0x00, 0x00, 0x00, 0x00, 0x00, 0x00, 0x00, 0x00,
    0x00, 0x00, 0x00, 0x00, 0x00, 0x00, 0x00, 0x00, 0x00, 0x00, 0x00, 0x00, 0x00, 0x00, 0x00, 0x00, 0x00, 0x00, 0x00, 0x00,
    0x00, 0x00, 0x00, 0x00, 0x00, 0x00, 0x00, 0x00, 0x00, 0x00, 0x00, 0x00, 0x00, 0x00, 0x00, 0x00, 0x00, 0x00, 0x00, 0x00,
    0x00, 0x00, 0x00, 0x00, 0x00, 0x00, 0x00, 0x00, 0x00, 0x00, 0x00, 0x00, 0x00, 0x00, 0x00, 0x00, 0x00, 0x00, 0x00, 0x00,
    0x00, 0x00, 0x00, 0x00, 0x00, 0x00, 0x00, 0x00, 0x00, 0x00, 0x00, 0x00, 0x00, 0x00, 0x00, 0x00, 0x00, 0x00, 0x00, 0x00,
    0x00, 0x00, 0x00, 0x00, 0x00, 0x00, 0x00, 0x00, 0x00, 0x00, 0x00, 0x00, 0x00, 0x00, 0x00, 0x00, 0x00, 0x00, 0x00, 0x00,
    0x00, 0x00, 0x00, 0x00, 0x00, 0x00, 0x00, 0x00, 0x00, 0x00, 0x00, 0x00, 0x00, 0x00, 0x00, 0x00, 0x00, 0x00, 0x00, 0x00,
    0x00, 0x00, 0x00, 0x00, 0x00, 0x00, 0x00, 0x00, 0x00, 0x00, 0x00, 0x00, 0x00, 0x00, 0x00, 0x00, 0x00, 0x00, 0x00, 0x00,
    0x00, 0x00, 0x00, 0x00, 0x00, 0x00, 0x00, 0x00, 0x00, 0x00, 0x00, 0x00, 0x00, 0x00, 0x00, 0x00, 0x00, 0x00, 0x00, 0x00,
    0x00, 0x00, 0x00, 0x00, 0x00, 0x00, 0x00, 0x00, 0x00, 0x00, 0x00, 0x00, 0x00, 0x00, 0x00, 0x00, 0x00, 0x00, 0x00, 0x00,
    0x00, 0x00, 0x00, 0x00, 0x00, 0x00, 0x00, 0x00, 0x00, 0x00, 0x00, 0x00, 0x00, 0x00, 0x00, 0x00, 0x00, 0x00, 0x00, 0x00,
    0x00, 0x00, 0x00, 0x00, 0x00, 0x00, 0x00, 0x00, 0x00, 0x00, 0x00, 0x00, 0x00, 0x00, 0x00, 0x00, 0x00, 0x00, 0x00, 0x00,
    0x00, 0x00, 0x00, 0x00, 0x00, 0x00, 0x00, 0x00, 0x00, 0x00, 0x00, 0x00, 0x00, 0x00, 0x00, 0x00, 0x00, 0x00, 0x00, 0x00,
    0x00, 0x00, 0x00, 0x00, 0x00, 0x00, 0x00, 0x00, 0x00, 0x00, 0x00, 0x00, 0x00, 0x00, 0x00, 0x00, 0x00, 0x00, 0x00, 0x00,
    0x00, 0x00, 0x00, 0x00, 0x00, 0x00, 0x00, 0x00, 0x00, 0x00, 0x00, 0x00, 0x00, 0x00, 0x00, 0x00, 0x00, 0x00, 0x00, 0x00,
    0x00, 0x00, 0x00, 0x00, 0x00, 0x00, 0x00, 0x00, 0x00, 0x00, 0x00, 0x00, 0x00, 0x00, 0x00, 0x00, 0x00, 0x00, 0x00, 0x00,
    0x00, 0x00, 0x00, 0x00, 0x00, 0x00, 0x00, 0x00, 0x00, 0x00, 0x00, 0x00, 0x00, 0x00, 0x00, 0x00, 0x00, 0x00, 0x00, 0x00,
    0x00, 0x00, 0x00, 0x00, 0x00, 0x00, 0x00, 0x00, 0x00, 0x00, 0x00, 0x00, 0x00, 0x00, 0x00, 0x00, 0x00, 0x00, 0x00, 0x00,
    0x00, 0x00, 0x00, 0x00, 0x00, 0x00, 0x00, 0x00, 0x00, 0x00, 0x00, 0x00, 0x00, 0x00, 0x00, 0x00, 0x00, 0x00, 0x00, 0x00,
    0x00, 0x00, 0x00, 0x00, 0x00, 0x00, 0x00, 0x00, 0x00, 0x00, 0x00, 0x00, 0x00, 0x00, 0x00, 0x00, 0x00, 0x00, 0x00, 0x00,
    0x00, 0x00, 0x00, 0x00, 0x00, 0x00, 0x00, 0x00, 0x00, 0x00, 0x00, 0x00, 0x00, 0x00, 0x00, 0x00, 0x00, 0x00, 0x00, 0x00,
    0x00, 0x00, 0x00, 0x00, 0x00, 0x00, 0x00, 0x00, 0x00, 0x00, 0x00, 0x00, 0x00, 0x00, 0x00, 0x00, 0x00, 0x00, 0x00, 0x00,
    0x00, 0x00, 0x00, 0x00, 0x00, 0x00, 0x00, 0x00, 0x00, 0x00, 0x00, 0x00, 0x00, 0x00, 0x00, 0x00, 0x00, 0x00, 0x00, 0x00,
    0x00, 0x00, 0x00, 0x00, 0x00, 0x00, 0x00, 0x00, 0x00, 0x00, 0x00, 0x00, 0x00, 0x00, 0x00, 0x00, 0x00, 0x00, 0x00, 0x00,
    0x00, 0x00, 0x00, 0x00, 0x00, 0x00, 0x00, 0x00, 0x00, 0x00, 0x00, 0x00, 0x00, 0x00, 0x00, 0x00, 0x00, 0x00, 0x00, 0x00,
    0x00, 0x00, 0x00, 0x00, 0x00, 0x00, 0x00, 0x00, 0x00, 0x00, 0x00, 0x00, 0x00, 0x00, 0x00, 0x00, 0x00, 0x00, 0x00, 0x00,
    0x00, 0x00, 0x00, 0x00, 0x00, 0x00, 0x00, 0x00, 0x00, 0x00, 0x00, 0x00, 0x00, 0x00, 0x00, 0x00, 0x00, 0x00, 0x00, 0x00,
    0x00, 0x00, 0x00, 0x00, 0x00, 0x00, 0x00, 0x00, 0x00, 0x00, 0x00, 0x00, 0x00, 0x00, 0x00, 0x00, 0x00, 0x00, 0x00, 0x00,
    0x00, 0x00, 0x00, 0x00, 0x00, 0x00, 0x00, 0x00, 0x00, 0x00, 0x00, 0x00, 0x00, 0x00, 0x00, 0x00, 0x00, 0x00, 0x00, 0x00,
    0x00, 0x00, 0x00, 0x00, 0x00, 0x00, 0x00, 0x00, 0x00, 0x00, 0x00, 0x00, 0x00, 0x00, 0x00, 0x00, 0x00, 0x00, 0x00, 0x00,
    0x00, 0x00, 0x00, 0x00, 0x00, 0x00, 0x00, 0x00, 0x00, 0x00, 0x00, 0x00, 0x00, 0x00, 0x00, 0x00, 0x00, 0x00, 0x00, 0x00,
    0x00, 0x00, 0x00, 0x00, 0x00, 0x00, 0x00, 0x00, 0x00, 0x00, 0x00, 0x00, 0x00, 0x00, 0x00, 0x00, 0x00, 0x00, 0x00, 0x00,
    0x00, 0x00, 0x00, 0x00, 0x00, 0x00, 0x00, 0x00, 0x00, 0x00, 0x00, 0x00, 0x00, 0x00, 0x00, 0x00, 0x00, 0x00, 0x00, 0x00,
    0x00, 0x00, 0x00, 0x00, 0x00, 0x00, 0x00, 0x00, 0x00, 0x00, 0x00, 0x00, 0x00, 0x00, 0x00, 0x00, 0x00, 0x00, 0x00, 0x00,
    0x00, 0x00, 0x00, 0x00, 0x00, 0x00, 0x00, 0x00, 0x00, 0x00, 0x00, 0x00, 0x00, 0x00, 0x00, 0x00, 0x00, 0x00, 0x00, 0x00,
    0x00, 0x00, 0x00, 0x00, 0x00, 0x00, 0x00, 0x00, 0x00, 0x00, 0x00, 0x00, 0x00, 0x00, 0x00, 0x00, 0x00, 0x00, 0x00, 0x00,
    0x00, 0x00, 0x00, 0x00, 0x00, 0x00, 0x00, 0x00, 0x00, 0x00, 0x00, 0x00, 0x00, 0x00, 0x00, 0x00, 0x00, 0x00, 0x00, 0x00,
    0x00, 0x00, 0x00, 0x00, 0x00, 0x00, 0x00, 0x00, 0x00, 0x00, 0x00, 0x00, 0x00, 0x00, 0x00, 0x00, 0x00, 0x00, 0x00, 0x00,
    0x00, 0x00, 0x00, 0x00, 0x00, 0x00, 0x00, 0x00, 0x00, 0x00, 0x00, 0x00, 0x00, 0x00, 0x00, 0x00, 0x00, 0x00, 0x00, 0x00,
    0x00, 0x00, 0x00, 0x00, 0x00, 0x00, 0x00, 0x00, 0x00, 0x00, 0x00, 0x00, 0x00, 0x00, 0x00, 0x00, 0x00, 0x00, 0x00, 0x00,
    0x00, 0x00, 0x00, 0x00, 0x00, 0x00, 0x00, 0x00, 0x00, 0x00, 0x00, 0x00, 0x00, 0x00, 0x00, 0x00, 0x00, 0x00, 0x00, 0x00,
    0x00, 0x00, 0x00, 0x00, 0x00, 0x00, 0x00, 0x00, 0x00, 0x00, 0x00, 0x00, 0x00, 0x00, 0x00, 0x00, 0x00, 0x00, 0x00, 0x00,
    0x00, 0x00, 0x00, 0x00, 0x00, 0x00, 0x00, 0x00, 0x00, 0x00, 0x00, 0x00, 0x00, 0x00, 0x00, 0x00, 0x00, 0x00, 0x00, 0x00,
    0x00, 0x00, 0x00, 0x00, 0x00, 0x00, 0x00, 0x00, 0x00, 0x00, 0x00, 0x00, 0x00, 0x00, 0x00, 0x00, 0x00, 0x00, 0x00, 0x00,
    0x00, 0x00, 0x00, 0x00, 0x00, 0x00, 0x00, 0x00, 0x00, 0x00, 0x00, 0x00, 0x00, 0x00, 0x00, 0x00, 0x00, 0x00, 0x00, 0x00,
    0x00, 0x00, 0x00, 0x00, 0x00, 0x00, 0x00, 0x00, 0x00, 0x00, 0x00, 0x00, 0x00, 0x00, 0x00, 0x00, 0x00, 0x00, 0x00, 0x00,
    0x00, 0x00, 0x00, 0x00, 0x00, 0x00, 0x00, 0x00, 0x00, 0x00, 0x00, 0x00, 0x00, 0x00, 0x00, 0x00, 0x00, 0x00, 0x00, 0x00,
    0x00, 0x00, 0x00, 0x00, 0x00, 0x00, 0x00, 0x00, 0x00, 0x00, 0x00, 0x00, 0x00, 0x00, 0x00, 0x00, 0x00, 0x00, 0x00, 0x00,
    0x00, 0x00, 0x00, 0x00, 0x00, 0x00, 0x00, 0x00, 0x00, 0x00, 0x00, 0x00, 0x00, 0x00, 0x00, 0x00, 0x00, 0x00, 0x00, 0x00,
    0x00, 0x00, 0x00, 0x00, 0x00, 0x00, 0x00, 0x00, 0x00, 0x00, 0x00, 0x00, 0x00, 0x00, 0x00, 0x00, 0x00, 0x00, 0x00, 0x00,
    0x00, 0x00, 0x00, 0x00, 0x00, 0x00, 0x00, 0x00, 0x00, 0x00, 0x00, 0x00, 0x00, 0x00, 0x00, 0x00, 0x00, 0x00, 0x00, 0x00,
    0x00, 0x00, 0x00, 0x00, 0x00, 0x00, 0x00, 0x00, 0x00, 0x00, 0x00, 0x00, 0x00, 0x00, 0x00, 0x00, 0x00, 0x00, 0x00, 0x00,
    0x00, 0x00, 0x00, 0x00, 0x00, 0x00, 0x00, 0x00, 0x00, 0x00, 0x00, 0x00, 0x00, 0x00, 0x00, 0x00, 0x00, 0x00, 0x00, 0x00,
    0x00, 0x00, 0x00, 0x00, 0x00, 0x00, 0x00, 0x00, 0x00, 0x00, 0x00, 0x00, 0x00, 0x00, 0x00, 0x00, 0x00, 0x00, 0x00, 0x00,
    0x00, 0x00, 0x00, 0x00, 0x00, 0x00, 0x00, 0x00, 0x00, 0x00, 0x00, 0x00, 0x00, 0x00, 0x00, 0x00, 0x00, 0x00, 0x00, 0x00,
    0x00, 0x00, 0x00, 0x00, 0x00, 0x00, 0x00, 0x00, 0x00, 0x00, 0x00, 0x00, 0x00, 0x00, 0x00, 0x00, 0x00, 0x00, 0x00, 0x00,
    0x00, 0x00, 0x00, 0x00, 0x00, 0x00, 0x00, 0x00, 0x00, 0x00, 0x00, 0x00, 0x00, 0x00, 0x00, 0x00, 0x00, 0x00, 0x00, 0x00,
    0x00, 0x00, 0x00, 0x00, 0x00, 0x00, 0x00, 0x00, 0x00, 0x00, 0x00, 0x00, 0x00, 0x00, 0x00, 0x00, 0x00, 0x00, 0x00, 0x00,
    0x00, 0x00, 0x00, 0x00, 0x00, 0x00, 0x00, 0x00, 0x00, 0x00, 0x00, 0x00, 0x00, 0x00, 0x00, 0x00, 0x00, 0x00, 0x00, 0x00,
    0x00, 0x00, 0x00, 0x00, 0x00, 0x00, 0x00, 0x00, 0x00, 0x00, 0x00, 0x00, 0x00, 0x00, 0x00, 0x00, 0x00, 0x00, 0x00, 0x00,
    0x00, 0x00, 0x00, 0x00, 0x00, 0x00, 0x00, 0x00, 0x00, 0x00, 0x00, 0x00, 0x00, 0x00, 0x00, 0x00, 0x00, 0x00, 0x00, 0x00,
    0x00, 0x00, 0x00, 0x00, 0x00, 0x00, 0x00, 0x00, 0x00, 0x00, 0x00, 0x00, 0x00, 0x00, 0x00, 0x00, 0x00, 0x00, 0x00, 0x00,
    0x00, 0x00, 0x00, 0x00, 0x00, 0x00, 0x00, 0x00, 0x00, 0x00, 0x00, 0x00, 0x00, 0x00, 0x00, 0x00, 0x00, 0x00, 0x00, 0x00,
    0x00, 0x00, 0x00, 0x00, 0x00, 0x00, 0x00, 0x00, 0x00, 0x00, 0x00, 0x00, 0x00, 0x00, 0x00, 0x00, 0x00, 0x00, 0x00, 0x00,
    0x00, 0x00, 0x00, 0x00, 0x00, 0x00, 0x00, 0x00, 0x00, 0x00, 0x00, 0x00, 0x00, 0x00, 0x00, 0x00, 0x00, 0x00, 0x00, 0x00,
    0x00, 0x00, 0x00, 0x00, 0x00, 0x00, 0x00, 0x00, 0x00, 0x00, 0x00, 0x00, 0x00, 0x00, 0x00, 0x00, 0x00, 0x00, 0x00, 0x00,
    0x00, 0x00, 0x00, 0x00, 0x00, 0x00, 0x00, 0x00, 0x00, 0x00, 0x00, 0x00, 0x00, 0x00, 0x00, 0x00, 0x00, 0x00, 0x00, 0x00,
    0x00, 0x00, 0x00, 0x00, 0x00, 0x00, 0x00, 0x00, 0x00, 0x00, 0x00, 0x00, 0x00, 0x00, 0x00, 0x00, 0x00, 0x00, 0x00, 0x00,
    0x00, 0x00, 0x00, 0x00, 0x00, 0x00, 0x00, 0x00, 0x00, 0x00, 0x00, 0x00, 0x00, 0x00, 0x00, 0x00, 0x00, 0x00, 0x00, 0x00,
    0x00, 0x00, 0x00, 0x00, 0x00, 0x00, 0x00, 0x00, 0x00, 0x00, 0x00, 0x00, 0x00, 0x00, 0x00, 0x00, 0x00, 0x00, 0x00, 0x00,
    0x00, 0x00, 0x00, 0x00, 0x00, 0x00, 0x00, 0x00, 0x00, 0x00, 0x00, 0x00, 0x00, 0x00, 0x00, 0x00, 0x00, 0x00, 0x00, 0x00,
    0x00, 0x00, 0x00, 0x00, 0x00, 0x00, 0x00, 0x00, 0x00, 0x00, 0x00, 0x00, 0x00, 0x00, 0x00, 0x00, 0x00, 0x00, 0x00, 0x00,
    0x00, 0x00, 0x00, 0x00, 0x00, 0x00, 0x00, 0x00, 0x00, 0x00, 0x00, 0x00, 0x00, 0x00, 0x00, 0x00, 0x00, 0x00, 0x00, 0x00,
    0x00, 0x00, 0x00, 0x00, 0x00, 0x00, 0x00, 0x00, 0x00, 0x00, 0x00, 0x00, 0x00, 0x00, 0x00, 0x00, 0x00, 0x00, 0x00, 0x00,
    0x00, 0x00, 0x00, 0x00, 0x00, 0x00, 0x00, 0x00, 0x00, 0x00, 0x00, 0x00, 0x00, 0x00, 0x00, 0x00, 0x00, 0x00, 0x00, 0x00,
    0x00, 0x00, 0x00, 0x00, 0x00, 0x00, 0x00, 0x00, 0x00, 0x00, 0x00, 0x00, 0x00, 0x00, 0x00, 0x00, 0x00, 0x00, 0x00, 0x00,
    0x00, 0x00, 0x00, 0x00, 0x00, 0x00, 0x00, 0x00, 0x00, 0x00, 0x00, 0x00, 0x00, 0x00, 0x00, 0x00, 0x00, 0x00, 0x00, 0x00,
    0x00, 0x00, 0x00, 0x00, 0x00, 0x00, 0x00, 0x00, 0x00, 0x00, 0x00, 0x00, 0x00, 0x00, 0x00, 0x00, 0x00, 0x00, 0x00, 0x00,
    0x00, 0x00, 0x00, 0x00, 0x00, 0x00, 0x00, 0x00, 0x00, 0x00, 0x00, 0x00, 0x00, 0x00, 0x00, 0x00, 0x00, 0x00, 0x00, 0x00,
    0x00, 0x00, 0x00, 0x00, 0x00, 0x00, 0x00, 0x00, 0x00, 0x00, 0x00, 0x00, 0x00, 0x00, 0x00, 0x00, 0x00, 0x00, 0x00, 0x00,
    0x00, 0x00, 0x00, 0x00, 0x00, 0x00, 0x00, 0x00, 0x00, 0x00, 0x00, 0x00, 0x00, 0x00, 0x00, 0x00, 0x00, 0x00, 0x00, 0x00,
    0x00, 0x00, 0x00, 0x00, 0x00, 0x00, 0x00, 0x00, 0x00, 0x00, 0x00, 0x00, 0x00, 0x00, 0x00, 0x00, 0x00, 0x00, 0x00, 0x00,
    0x00, 0x00, 0x00, 0x00, 0x00, 0x00, 0x00, 0x00, 0x00, 0x00, 0x00, 0x00, 0x00, 0x00, 0x00, 0x00, 0x00, 0x00, 0x00, 0x00,
    0x00, 0x00, 0x00, 0x00, 0x00, 0x00, 0x00, 0x00, 0x00, 0x00, 0x00, 0x00, 0x00, 0x00, 0x00, 0x00, 0x00, 0x00, 0x00, 0x00,
    0x00, 0x00, 0x00, 0x00, 0x00, 0x00, 0x00, 0x00, 0x00, 0x00, 0x00, 0x00, 0x00, 0x00, 0x00, 0x00, 0x00, 0x00, 0x00, 0x00,
    0x00, 0x00, 0x00, 0x00, 0x00, 0x00, 0x00, 0x00, 0x00, 0x00, 0x00, 0x00, 0x00, 0x00, 0x00, 0x00, 0x00, 0x00, 0x00, 0x00,
    0x00, 0x00, 0x00, 0x00, 0x00, 0x00, 0x00, 0x00, 0x00, 0x00, 0x00, 0x00, 0x00, 0x00, 0x00, 0x00, 0x00, 0x00, 0x00, 0x00,
    0x00, 0x00, 0x00, 0x00, 0x00, 0x00, 0x00, 0x00, 0x00, 0x00, 0x00, 0x00, 0x00, 0x00, 0x00, 0x00, 0x00, 0x00, 0x00, 0x00,
    0x00, 0x00, 0x00, 0x00, 0x00, 0x00, 0x00, 0x00, 0x00, 0x00, 0x00, 0x00, 0x00, 0x00, 0x00, 0x00, 0x00, 0x00, 0x00, 0x00,
    0x00, 0x00, 0x00, 0x00, 0x00, 0x00, 0x00, 0x00, 0x00, 0x00, 0x00, 0x00, 0x00, 0x00, 0x00, 0x00, 0x00, 0x00, 0x00, 0x00,
    0x00, 0x00, 0x00, 0x00, 0x00, 0x00, 0x00, 0x00, 0x00, 0x00, 0x00, 0x00, 0x00, 0x00, 0x00, 0x00, 0x00, 0x00, 0x00, 0x00,
    0x00, 0x00, 0x00, 0x00, 0x00, 0x00, 0x00, 0x00, 0x00, 0x00, 0x00, 0x00, 0x00, 0x00, 0x00, 0x00, 0x00, 0x00, 0x00, 0x00,
    0x00, 0x00, 0x00, 0x00, 0x00, 0x00, 0x00, 0x00, 0x00, 0x00, 0x00, 0x00, 0x00, 0x00, 0x00, 0x00, 0x00, 0x00, 0x00, 0x00,
    0x00, 0x00, 0x00, 0x00, 0x00, 0x00, 0x00, 0x00, 0x00, 0x00, 0x00, 0x00, 0x00, 0x00, 0x00, 0x00, 0x00, 0x00, 0x00, 0x00,
    0x00, 0x00, 0x00, 0x00, 0x00, 0x00, 0x00, 0x00, 0x00, 0x00, 0x00, 0x00, 0x00, 0x00, 0x00, 0x00, 0x00, 0x00, 0x00, 0x00,
    0x00, 0x00, 0x00, 0x00, 0x00, 0x00, 0x00, 0x00, 0x00, 0x00, 0x00, 0x00, 0x00, 0x00, 0x00, 0x00, 0x00, 0x00, 0x00, 0x00,
    0x00, 0x00, 0x00, 0x00, 0x00, 0x00, 0x00, 0x00, 0x00, 0x00, 0x00, 0x00, 0x00, 0x00, 0x00, 0x00, 0x00, 0x00, 0x00, 0x00,
    0x00, 0x00, 0x00, 0x00, 0x00, 0x00, 0x00, 0x00, 0x00, 0x00, 0x00, 0x00, 0x00, 0x00, 0x00, 0x00, 0x00, 0x00, 0x00, 0x00,
    0x00, 0x00, 0x00, 0x00, 0x00, 0x00, 0x00, 0x00, 0x00, 0x00, 0x00, 0x00, 0x00, 0x00, 0x00, 0x00, 0x00, 0x00, 0x00, 0x00,
    0x00, 0x00, 0x00, 0x00, 0x00, 0x00, 0x00, 0x00, 0x00, 0x00, 0x00, 0x00, 0x00, 0x00, 0x00, 0x00, 0x00, 0x00, 0x00, 0x00,
    0x00, 0x00, 0x00, 0x00, 0x00, 0x00, 0x00, 0x00, 0x00, 0x00, 0x00, 0x00, 0x00, 0x00, 0x00, 0x00, 0x00, 0x00, 0x00, 0x00,
    0x00, 0x00, 0x00, 0x00, 0x00, 0x00, 0x00, 0x00, 0x00, 0x00, 0x00, 0x00, 0x00, 0x00, 0x00, 0x00, 0x00, 0x00, 0x00, 0x00,
    0x00, 0x00, 0x00, 0x00, 0x00, 0x00, 0x00, 0x00, 0x00, 0x00, 0x00, 0x00, 0x00, 0x00, 0x00, 0x00, 0x00, 0x00, 0x00, 0x00,
    0x00, 0x00, 0x00, 0x00, 0x00, 0x00, 0x00, 0x00, 0x00, 0x00, 0x00, 0x00, 0x00, 0x00, 0x00, 0x00, 0x00, 0x00, 0x00, 0x00,
    0x00, 0x00, 0x00, 0x00, 0x00, 0x00, 0x00, 0x00, 0x00, 0x00, 0x00, 0x00, 0x00, 0x00, 0x00, 0x00, 0x00, 0x00, 0x00, 0x00,
    0x00, 0x00, 0x00, 0x00, 0x00, 0x00, 0x00, 0x00, 0x00, 0x00, 0x00, 0x00, 0x00, 0x00, 0x00, 0x00, 0x00, 0x00, 0x00, 0x00,
    0x00, 0x00, 0x00, 0x00, 0x00, 0x00, 0x00, 0x00, 0x00, 0x00, 0x00, 0x00, 0x00, 0x00, 0x00, 0x00, 0x00, 0x00, 0x00, 0x00,
    0x00, 0x00, 0x00, 0x00, 0x00, 0x00, 0x00, 0x00, 0x00, 0x00, 0x00, 0x00, 0x00, 0x00, 0x00, 0x00, 0x00, 0x00, 0x00, 0x00,
    0x00, 0x00, 0x00, 0x00, 0x00, 0x00, 0x00, 0x00, 0x00, 0x00, 0x00, 0x00, 0x00, 0x00, 0x00, 0x00, 0x00, 0x00, 0x00, 0x00,
    0x00, 0x00, 0x00, 0x00, 0x00, 0x00, 0x00, 0x00, 0x00, 0x00, 0x00, 0x00, 0x00, 0x00, 0x00, 0x00, 0x00, 0x00, 0x00, 0x00,
    0x00, 0x00, 0x00, 0x00, 0x00, 0x00, 0x00, 0x00, 0x00, 0x00, 0x00, 0x00, 0x00, 0x00, 0x00, 0x00, 0x00, 0x00, 0x00, 0x00,
    0x00, 0x00, 0x00, 0x00, 0x00, 0x00, 0x00, 0x00, 0x00, 0x00, 0x00, 0x00, 0x00, 0x00, 0x00, 0x00, 0x00, 0x00, 0x00, 0x00,
    0x00, 0x00, 0x00, 0x00, 0x00, 0x00, 0x00, 0x00, 0x00, 0x00, 0x00, 0x00, 0x00, 0x00, 0x00, 0x00, 0x00, 0x00, 0x00, 0x00,
    0x00, 0x00, 0x00, 0x00, 0x00, 0x00, 0x00, 0x00, 0x00, 0x00, 0x00, 0x00, 0x00, 0x00, 0x00, 0x00, 0x00, 0x00, 0x00, 0x00,
    0x00, 0x00, 0x00, 0x00, 0x00, 0x00, 0x00, 0x00, 0x00, 0x00, 0x00, 0x00, 0x00, 0x00, 0x00, 0x00, 0x00, 0x00, 0x00, 0x00,
    0x00, 0x00, 0x00, 0x00, 0x00, 0x00, 0x00, 0x00, 0x00, 0x00, 0x00, 0x00, 0x00, 0x00, 0x00, 0x00, 0x00, 0x00, 0x00, 0x00,
    0x00, 0x00, 0x00, 0x00, 0x00, 0x00, 0x00, 0x00, 0x00, 0x00, 0x00, 0x00, 0x00, 0x00, 0x00, 0x00, 0x00, 0x00, 0x00, 0x00,
    0x00, 0x00, 0x00, 0x00, 0x00, 0x00, 0x00, 0x00, 0x00, 0x00, 0x00, 0x00, 0x00, 0x00, 0x00, 0x00, 0x00, 0x00, 0x00, 0x00,
    0x00, 0x00, 0x00, 0x00, 0x00, 0x00, 0x00, 0x00, 0x00, 0x00, 0x00, 0x00, 0x00, 0x00, 0x00, 0x00, 0x00, 0x00, 0x00, 0x00,
    0x00, 0x00, 0x00, 0x00, 0x00, 0x00, 0x00, 0x00, 0x00, 0x00, 0x00, 0x00, 0x00, 0x00, 0x00, 0x00, 0x00, 0x00, 0x00, 0x00,
    0x00, 0x00, 0x00, 0x00, 0x00, 0x00, 0x00, 0x00, 0x00, 0x00, 0x00, 0x00, 0x00, 0x00, 0x00, 0x00, 0x00, 0x00, 0x00, 0x00,
    0x00, 0x00, 0x00, 0x00, 0x00, 0x00, 0x00, 0x00, 0x00, 0x00, 0x00, 0x00, 0x00, 0x00, 0x00, 0x00, 0x00, 0x00, 0x00, 0x00,
    0x00, 0x00, 0x00, 0x00, 0x00, 0x00, 0x00, 0x00, 0x00, 0x00, 0x00, 0x00, 0x00, 0x00, 0x00, 0x00, 0x00, 0x00, 0x00, 0x00,
    0x00, 0x00, 0x00, 0x00, 0x00, 0x00, 0x00, 0x00, 0x00, 0x00, 0x00, 0x00, 0x00, 0x00, 0x00, 0x00, 0x00, 0x00, 0x00, 0x00,
    0x00, 0x00, 0x00, 0x00, 0x00, 0x00, 0x00, 0x00, 0x00, 0x00, 0x00, 0x00, 0x00, 0x00, 0x00, 0x00, 0x00, 0x00, 0x00, 0x00,
    0x00, 0x00, 0x00, 0x00, 0x00, 0x00, 0x00, 0x00, 0x00, 0x00, 0x00, 0x00, 0x00, 0x00, 0x00, 0x00, 0x00, 0x00, 0x00, 0x00,
    0x00, 0x00, 0x00, 0x00, 0x00, 0x00, 0x00, 0x00, 0x00, 0x00, 0x00, 0x00, 0x00, 0x00, 0x00, 0x00, 0x00, 0x00, 0x00, 0x00,
    0x00, 0x00, 0x00, 0x00, 0x00, 0x00, 0x00, 0x00, 0x00, 0x00, 0x00, 0x00, 0x00, 0x00, 0x00, 0x00, 0x00, 0x00, 0x00, 0x00,
    0x00, 0x00, 0x00, 0x00, 0x00, 0x00, 0x00, 0x00, 0x00, 0x00, 0x00, 0x00, 0x00, 0x00, 0x00, 0x00, 0x00, 0x00, 0x00, 0x00,
    0x00, 0x00, 0x00, 0x00, 0x00, 0x00, 0x00, 0x00, 0x00, 0x00, 0x00, 0x00, 0x00, 0x00, 0x00, 0x00, 0x00, 0x00, 0x00, 0x00,
    0x00, 0x00, 0x00, 0x00, 0x00, 0x00, 0x00, 0x00, 0x00, 0x00, 0x00, 0x00, 0x00, 0x00, 0x00, 0x00, 0x00, 0x00, 0x00, 0x00,
    0x00, 0x00, 0x00, 0x00, 0x00, 0x00, 0x00, 0x00, 0x00, 0x00, 0x00, 0x00, 0x00, 0x00, 0x00, 0x00, 0x00, 0x00, 0x00, 0x00,
    0x00, 0x00, 0x00, 0x00, 0x00, 0x00, 0x00, 0x00, 0x00, 0x00, 0x00, 0x00, 0x00, 0x00, 0x00, 0x00, 0x00, 0x00, 0x00, 0x00,
    0x00, 0x00, 0x00, 0x00, 0x00, 0x00, 0x00, 0x00, 0x00, 0x00, 0x00, 0x00, 0x00, 0x00, 0x00, 0x00, 0x00, 0x00, 0x00, 0x00,
    0x00, 0x00, 0x00, 0x00, 0x00, 0x00, 0x00, 0x00, 0x00, 0x00, 0x00, 0x00, 0x00, 0x00, 0x00, 0x00, 0x00, 0x00, 0x00, 0x00,
    0x00, 0x00, 0x00, 0x00, 0x00, 0x00, 0x00, 0x00, 0x00, 0x00, 0x00, 0x00, 0x00, 0x00, 0x00, 0x00, 0x00, 0x00, 0x00, 0x00,
    0x00, 0x00, 0x00, 0x00, 0x00, 0x00, 0x00, 0x00, 0x00, 0x00, 0x00, 0x00, 0x00, 0x00, 0x00, 0x00, 0x00, 0x00, 0x00, 0x00,
    0x00, 0x00, 0x00, 0x00, 0x00, 0x00, 0x00, 0x00, 0x00, 0x00, 0x00, 0x00, 0x00, 0x00, 0x00, 0x00, 0x00, 0x00, 0x00, 0x00,
    0x00, 0x00, 0x00, 0x00, 0x00, 0x00, 0x00, 0x00, 0x00, 0x00, 0x00, 0x00, 0x00, 0x00, 0x00, 0x00, 0x00, 0x00, 0x00, 0x00,
    0x00, 0x00, 0x00, 0x00, 0x00, 0x00, 0x00, 0x00, 0x00, 0x00, 0x00, 0x00, 0x00, 0x00, 0x00, 0x00, 0x00, 0x00, 0x00, 0x00,
    0x00, 0x00, 0x00, 0x00, 0x00, 0x00, 0x00, 0x00, 0x00, 0x00, 0x00, 0x00, 0x00, 0x00, 0x00, 0x00, 0x00, 0x00, 0x00, 0x00,
    0x00, 0x00, 0x00, 0x00, 0x00, 0x00, 0x00, 0x00, 0x00, 0x00, 0x00, 0x00, 0x00, 0x00, 0x00, 0x00, 0x00, 0x00, 0x00, 0x00,
    0x00, 0x00, 0x00, 0x00, 0x00, 0x00, 0x00, 0x00, 0x00, 0x00, 0x00, 0x00, 0x00, 0x00, 0x00, 0x00, 0x00, 0x00, 0x00, 0x00,
    0x00, 0x00, 0x00, 0x00, 0x00, 0x00, 0x00, 0x00, 0x00, 0x00, 0x00, 0x00, 0x00, 0x00, 0x00, 0x00, 0x00, 0x00, 0x00, 0x00,
    0x00, 0x00, 0x00, 0x00, 0x00, 0x00, 0x00, 0x00, 0x00, 0x00, 0x00, 0x00, 0x00, 0x00, 0x00, 0x00, 0x00, 0x00, 0x00, 0x00,
    0x00, 0x00, 0x00, 0x00, 0x00, 0x00, 0x00, 0x00, 0x00, 0x00, 0x00, 0x00, 0x00, 0x00, 0x00, 0x00, 0x00, 0x00, 0x00, 0x00,
    0x00, 0x00, 0x00, 0x00, 0x00, 0x00, 0x00, 0x00, 0x00, 0x00, 0x00, 0x00, 0x00, 0x00, 0x00, 0x00, 0x00, 0x00, 0x00, 0x00,
    0x00, 0x00, 0x00, 0x00, 0x00, 0x00, 0x00, 0x00, 0x00, 0x00, 0x00, 0x00, 0x00, 0x00, 0x00, 0x00, 0x00, 0x00, 0x00, 0x00,
    0x00, 0x00, 0x00, 0x00, 0x00, 0x00, 0x00, 0x00, 0x00, 0x00, 0x00, 0x00, 0x00, 0x00, 0x00, 0x00, 0x00, 0x00, 0x00, 0x00,
    0x00, 0x00, 0x00, 0x00, 0x00, 0x00, 0x00, 0x00, 0x00, 0x00, 0x00, 0x00, 0x00, 0x00, 0x00, 0x00, 0x00, 0x00, 0x00, 0x00,
    0x00, 0x00, 0x00, 0x00, 0x00, 0x00, 0x00, 0x00, 0x00, 0x00, 0x00, 0x00, 0x00, 0x00, 0x00, 0x00, 0x00, 0x00, 0x00, 0x00,
    0x00, 0x00, 0x00, 0x00, 0x00, 0x00, 0x00, 0x00, 0x00, 0x00, 0x00, 0x00, 0x00, 0x00, 0x00, 0x00, 0x00, 0x00, 0x00, 0x00,
    0x00, 0x00, 0x00, 0x00, 0x00, 0x00, 0x00, 0x00, 0x00, 0x00, 0x00, 0x00, 0x00, 0x00, 0x00, 0x00, 0x00, 0x00, 0x00, 0x00,
    0x00, 0x00, 0x00, 0x00, 0x00, 0x00, 0x00, 0x00, 0x00, 0x00, 0x00, 0x00, 0x00, 0x00, 0x00, 0x00, 0x00, 0x00, 0x00, 0x00,
    0x00, 0x00, 0x00, 0x00, 0x00, 0x00, 0x00, 0x00, 0x00, 0x00, 0x00, 0x00, 0x00, 0x00, 0x00, 0x00, 0x00, 0x00, 0x00, 0x00,
    0x00, 0x00, 0x00, 0x00, 0x00, 0x00, 0x00, 0x00, 0x00, 0x00, 0x00, 0x00, 0x00, 0x00, 0x00, 0x00, 0x00, 0x00, 0x00, 0x00,
    0x00, 0x00, 0x00, 0x00, 0x00, 0x00, 0x00, 0x00, 0x00, 0x00, 0x00, 0x00, 0x00, 0x00, 0x00, 0x00, 0x00, 0x00, 0x00, 0x00,
    0x00, 0x00, 0x00, 0x00, 0x00, 0x00, 0x00, 0x00, 0x00, 0x00, 0x00, 0x00, 0x00, 0x00, 0x00, 0x00, 0x00, 0x00, 0x00, 0x00,
    0x00, 0x00, 0x00, 0x00, 0x00, 0x00, 0x00, 0x00, 0x00, 0x00, 0x00, 0x00, 0x00, 0x00, 0x00, 0x00, 0x00, 0x00, 0x00, 0x00,
    0x00, 0x00, 0x00, 0x00, 0x00, 0x00, 0x00, 0x00, 0x00, 0x00, 0x00, 0x00, 0x00, 0x00, 0x00, 0x00, 0x00, 0x00, 0x00, 0x00,
    0x00, 0x00, 0x00, 0x00, 0x00, 0x00, 0x00, 0x00, 0x00, 0x00, 0x00, 0x00, 0x00, 0x00, 0x00, 0x00, 0x00, 0x00, 0x00, 0x00,
    0x00, 0x00, 0x00, 0x00, 0x00, 0x00, 0x00, 0x00, 0x00, 0x00, 0x00, 0x00, 0x00, 0x00, 0x00, 0x00, 0x00, 0x00, 0x00, 0x00,
    0x00, 0x00, 0x00, 0x00, 0x00, 0x00, 0x00, 0x00, 0x00, 0x00, 0x00, 0x00, 0x00, 0x00, 0x00, 0x00, 0x00, 0x00, 0x00, 0x00,
    0x00, 0x00, 0x00, 0x00, 0x00, 0x00, 0x00, 0x00, 0x00, 0x00, 0x00, 0x00, 0x00, 0x00, 0x00, 0x00, 0x00, 0x00, 0x00, 0x00,
    0x00, 0x00, 0x00, 0x00, 0x00, 0x00, 0x00, 0x00, 0x00, 0x00, 0x00, 0x00, 0x00, 0x00, 0x00, 0x00, 0x00, 0x00, 0x00, 0x00,
    0x00, 0x00, 0x00, 0x00, 0x00, 0x00, 0x00, 0x00, 0x00, 0x00, 0x00, 0x00, 0x00, 0x00, 0x00, 0x00, 0x00, 0x00, 0x00, 0x00,
    0x00, 0x00, 0x00, 0x00, 0x00, 0x00, 0x00, 0x00, 0x00, 0x00, 0x00, 0x00, 0x00, 0x00, 0x00, 0x00, 0x00, 0x00, 0x00, 0x00,
    0x00, 0x00, 0x00, 0x00, 0x00, 0x00, 0x00, 0x00, 0x00, 0x00, 0x00, 0x00, 0x00, 0x00, 0x00, 0x00, 0x00, 0x00, 0x00, 0x00,
    0x00, 0x00, 0x00, 0x00, 0x00, 0x00, 0x00, 0x00, 0x00, 0x00, 0x00, 0x00, 0x00, 0x00, 0x00, 0x00, 0x00, 0x00, 0x00, 0x00,
    0x00, 0x00, 0x00, 0x00, 0x00, 0x00, 0x00, 0x00, 0x00, 0x00, 0x00, 0x00, 0x00, 0x00, 0x00, 0x00, 0x00, 0x00, 0x00, 0x00,
    0x00, 0x00, 0x00, 0x00, 0x00, 0x00, 0x00, 0x00, 0x00, 0x00, 0x00, 0x00, 0x00, 0x00, 0x00, 0x00, 0x00, 0x00, 0x00, 0x00,
    0x00, 0x00, 0x00, 0x00, 0x00, 0x00, 0x00, 0x00, 0x00, 0x00, 0x00, 0x00, 0x00, 0x00, 0x00, 0x00, 0x00, 0x00, 0x00, 0x00,
    0x00, 0x00, 0x00, 0x00, 0x00, 0x00, 0x00, 0x00, 0x00, 0x00, 0x00, 0x00, 0x00, 0x00, 0x00, 0x00, 0x00, 0x00, 0x00, 0x00,
    0x00, 0x00, 0x00, 0x00, 0x00, 0x00, 0x00, 0x00, 0x00, 0x00, 0x00, 0x00, 0x00, 0x00, 0x00, 0x00, 0x00, 0x00, 0x00, 0x00,
    0x00, 0x00, 0x00, 0x00, 0x00, 0x00, 0x00, 0x00, 0x00, 0x00, 0x00, 0x00, 0x00, 0x00, 0x00, 0x00, 0x00, 0x00, 0x00, 0x00,
    0x00, 0x00, 0x00, 0x00, 0x00, 0x00, 0x00, 0x00, 0x00, 0x00, 0x00, 0x00, 0x00, 0x00, 0x00, 0x00, 0x00, 0x00, 0x00, 0x00,
    0x00, 0x00, 0x00, 0x00, 0x00, 0x00, 0x00, 0x00, 0x00, 0x00, 0x00, 0x00, 0x00, 0x00, 0x00, 0x00, 0x00, 0x00, 0x00, 0x00,
    0x00, 0x00, 0x00, 0x00, 0x00, 0x00, 0x00, 0x00, 0x00, 0x00, 0x00, 0x00, 0x00, 0x00, 0x00, 0x00, 0x00, 0x00, 0x00, 0x00,
    0x00, 0x00, 0x00, 0x00, 0x00, 0x00, 0x00, 0x00, 0x00, 0x00, 0x00, 0x00, 0x00, 0x00, 0x00, 0x00, 0x00, 0x00, 0x00, 0x00,
    0x00, 0x00, 0x00, 0x00, 0x00, 0x00, 0x00, 0x00, 0x00, 0x00, 0x00, 0x00, 0x00, 0x00, 0x00, 0x00, 0x00, 0x00, 0x00, 0x00,
    0x00, 0x00, 0x00, 0x00, 0x00, 0x00, 0x00, 0x00, 0x00, 0x00, 0x00, 0x00, 0x00, 0x00, 0x00, 0x00, 0x00, 0x00, 0x00, 0x00,
    0x00, 0x00, 0x00, 0x00, 0x00, 0x00, 0x00, 0x00, 0x00, 0x00, 0x00, 0x00, 0x00, 0x00, 0x00, 0x00, 0x00, 0x00, 0x00, 0x00,
    0x00, 0x00, 0x00, 0x00, 0x00, 0x00, 0x00, 0x00, 0x00, 0x00, 0x00, 0x00, 0x00, 0x00, 0x00, 0x00, 0x00, 0x00, 0x00, 0x00,
    0x00, 0x00, 0x00, 0x00, 0x00, 0x00, 0x00, 0x00, 0x00, 0x00, 0x00, 0x00, 0x00, 0x00, 0x00, 0x00, 0x00, 0x00, 0x00, 0x00,
    0x00, 0x00, 0x00, 0x00, 0x00, 0x00, 0x00, 0x00, 0x00, 0x00, 0x00, 0x00, 0x00, 0x00, 0x00, 0x00, 0x00, 0x00, 0x00, 0x00,
    0x00, 0x00, 0x00, 0x00, 0x00, 0x00, 0x00, 0x00, 0x00, 0x00, 0x00, 0x00, 0x00, 0x00, 0x00, 0x00, 0x00, 0x00, 0x00, 0x00,
    0x00, 0x00, 0x00, 0x00, 0x00, 0x00, 0x00, 0x00, 0x00, 0x00, 0x00, 0x00, 0x00, 0x00, 0x00, 0x00, 0x00, 0x00, 0x00, 0x00,
    0x00, 0x00, 0x00, 0x00, 0x00, 0x00, 0x00, 0x00, 0x00, 0x00, 0x00, 0x00, 0x00, 0x00, 0x00, 0x00, 0x00, 0x00, 0x00, 0x00,
    0x00, 0x00, 0x00, 0x00, 0x00, 0x00, 0x00, 0x00, 0x00, 0x00, 0x00, 0x00, 0x00, 0x00, 0x00, 0x00, 0x00, 0x00, 0x00, 0x00,
    0x00, 0x00, 0x00, 0x00, 0x00, 0x00, 0x00, 0x00, 0x00, 0x00, 0x00, 0x00, 0x00, 0x00, 0x00, 0x00, 0x00, 0x00, 0x00, 0x00,
    0x00, 0x00, 0x00, 0x00, 0x00, 0x00, 0x00, 0x00, 0x00, 0x00, 0x00, 0x00, 0x00, 0x00, 0x00, 0x00, 0x00, 0x00, 0x00, 0x00,
    0x00, 0x00, 0x00, 0x00, 0x00, 0x00, 0x00, 0x00, 0x00, 0x00, 0x00, 0x00, 0x00, 0x00, 0x00, 0x00, 0x00, 0x00, 0x00, 0x00,
    0x00, 0x00, 0x00, 0x00, 0x00, 0x00, 0x00, 0x00, 0x00, 0x00, 0x00, 0x00, 0x00, 0x00, 0x00, 0x00, 0x00, 0x00, 0x00, 0x00,
    0x00, 0x00, 0x00, 0x00, 0x00, 0x00, 0x00, 0x00, 0x00, 0x00, 0x00, 0x00, 0x00, 0x00, 0x00, 0x00, 0x00, 0x00, 0x00, 0x00,
    0x00, 0x00, 0x00, 0x00, 0x00, 0x00, 0x00, 0x00, 0x00, 0x00, 0x00, 0x00, 0x00, 0x00, 0x00, 0x00, 0x00, 0x00, 0x00, 0x00,
    0x00, 0x00, 0x00, 0x00, 0x00, 0x00, 0x00, 0x00, 0x00, 0x00, 0x00, 0x00, 0x00, 0x00, 0x00, 0x00, 0x00, 0x00, 0x00, 0x00,
    0x00, 0x00, 0x00, 0x00, 0x00, 0x00, 0x00, 0x00, 0x00, 0x00, 0x00, 0x00, 0x00, 0x00, 0x00, 0x00, 0x00, 0x00, 0x00, 0x00,
    0x00, 0x00, 0x00, 0x00, 0x00, 0x00, 0x00, 0x00, 0x00, 0x00, 0x00, 0x00, 0x00, 0x00, 0x00, 0x00, 0x00, 0x00, 0x00, 0x00,
    0x00, 0x00, 0x00, 0x00, 0x00, 0x00, 0x00, 0x00, 0x00, 0x00, 0x00, 0x00, 0x00, 0x00, 0x00, 0x00, 0x00, 0x00, 0x00, 0x00,
    0x00, 0x00, 0x00, 0x00, 0x00, 0x00, 0x00, 0x00, 0x00, 0x00, 0x00, 0x00, 0x00, 0x00, 0x00, 0x00, 0x00, 0x00, 0x00, 0x00,
    0x00, 0x00, 0x00, 0x00, 0x00, 0x00, 0x00, 0x00, 0x00, 0x00, 0x00, 0x00, 0x00, 0x00, 0x00, 0x00, 0x00, 0x00, 0x00, 0x00,
    0x00, 0x00, 0x00, 0x00, 0x00, 0x00, 0x00, 0x00, 0x00, 0x00, 0x00, 0x00, 0x00, 0x00, 0x00, 0x00, 0x00, 0x00, 0x00, 0x00,
    0x00, 0x00, 0x00, 0x00, 0x00, 0x00, 0x00, 0x00, 0x00, 0x00, 0x00, 0x00, 0x00, 0x00, 0x00, 0x00, 0x00, 0x00, 0x00, 0x00,
    0x00, 0x00, 0x00, 0x00, 0x00, 0x00, 0x00, 0x00, 0x00, 0x00, 0x00, 0x00, 0x00, 0x00, 0x00, 0x00, 0x00, 0x00, 0x00, 0x00,
    0x00, 0x00, 0x00, 0x00, 0x00, 0x00, 0x00, 0x00, 0x00, 0x00, 0x00, 0x00, 0x00, 0x00, 0x00, 0x00, 0x00, 0x00, 0x00, 0x00,
    0x00, 0x00, 0x00, 0x00, 0x00, 0x00, 0x00, 0x00, 0x00, 0x00, 0x00, 0x00, 0x00, 0x00, 0x00, 0x00, 0x00, 0x00, 0x00, 0x00,
    0x00, 0x00, 0x00, 0x00, 0x00, 0x00, 0x00, 0x00, 0x00, 0x00, 0x00, 0x00, 0x00, 0x00, 0x00, 0x00, 0x00, 0x00, 0x00, 0x00,
    0x00, 0x00, 0x00, 0x00, 0x00, 0x00, 0x00, 0x00, 0x00, 0x00, 0x00, 0x00, 0x00, 0x00, 0x00, 0x00, 0x00, 0x00, 0x00, 0x00,
    0x00, 0x00, 0x00, 0x00, 0x00, 0x00, 0x00, 0x00, 0x00, 0x00, 0x00, 0x00, 0x00, 0x00, 0x00, 0x00, 0x00, 0x00, 0x00, 0x00,
    0x00, 0x00, 0x00, 0x00, 0x00, 0x00, 0x00, 0x00, 0x00, 0x00, 0x00, 0x00, 0x00, 0x00, 0x00, 0x00, 0x00, 0x00, 0x00, 0x00,
    0x00, 0x00, 0x00, 0x00, 0x00, 0x00, 0x00, 0x00, 0x00, 0x00, 0x00, 0x00, 0x00, 0x00, 0x00, 0x00, 0x00, 0x00, 0x00, 0x00,
    0x00, 0x00, 0x00, 0x00, 0x00, 0x00, 0x00, 0x00, 0x00, 0x00, 0x00, 0x00, 0x00, 0x00, 0x00, 0x00, 0x00, 0x00, 0x00, 0x00,
    0x00, 0x00, 0x00, 0x00, 0x00, 0x00, 0x00, 0x00, 0x00, 0x00, 0x00, 0x00, 0x00, 0x00, 0x00, 0x00, 0x00, 0x00, 0x00, 0x00,
    0x00, 0x00, 0x00, 0x00, 0x00, 0x00, 0x00, 0x00, 0x00, 0x00, 0x00, 0x00, 0x00, 0x00, 0x00, 0x00, 0x00, 0x00, 0x00, 0x00,
    0x00, 0x00, 0x00, 0x00, 0x00, 0x00, 0x00, 0x00, 0x00, 0x00, 0x00, 0x00, 0x00, 0x00, 0x00, 0x00, 0x00, 0x00, 0x00, 0x00,
    0x00, 0x00, 0x00, 0x00, 0x00, 0x00, 0x00, 0x00, 0x00, 0x00, 0x00, 0x00, 0x00, 0x00, 0x00, 0x00, 0x00, 0x00, 0x00, 0x00,
    0x00, 0x00, 0x00, 0x00, 0x00, 0x00, 0x00, 0x00, 0x00, 0x00, 0x00, 0x00, 0x00, 0x00, 0x00, 0x00, 0x00, 0x00, 0x00, 0x00,
    0x00, 0x00, 0x00, 0x00, 0x00, 0x00, 0x00, 0x00, 0x00, 0x00, 0x00, 0x00, 0x00, 0x00, 0x00, 0x00, 0x00, 0x00, 0x00, 0x00,
    0x00, 0x00, 0x00, 0x00, 0x00, 0x00, 0x00, 0x00, 0x00, 0x00, 0x00, 0x00, 0x00, 0x00, 0x00, 0x00, 0x00, 0x00, 0x00, 0x00,
    0x00, 0x00, 0x00, 0x00, 0x00, 0x00, 0x00, 0x00, 0x00, 0x00, 0x00, 0x00, 0x00, 0x00, 0x00, 0x00, 0x00, 0x00, 0x00, 0x00,
    0x00, 0x00, 0x00, 0x00, 0x00, 0x00, 0x00, 0x00, 0x00, 0x00, 0x00, 0x00, 0x00, 0x00, 0x00, 0x00, 0x00, 0x00, 0x00, 0x00,
    0x00, 0x00, 0x00, 0x00, 0x00, 0x00, 0x00, 0x00, 0x00, 0x00, 0x00, 0x00, 0x00, 0x00, 0x00, 0x00, 0x00, 0x00, 0x00, 0x00,
    0x00, 0x00, 0x00, 0x00, 0x00, 0x00, 0x00, 0x00, 0x00, 0x00, 0x00, 0x00, 0x00, 0x00, 0x00, 0x00, 0x00, 0x00, 0x00, 0x00,
    0x00, 0x00, 0x00, 0x00, 0x00, 0x00, 0x00, 0x00, 0x00, 0x00, 0x00, 0x00, 0x00, 0x00, 0x00, 0x00, 0x00, 0x00, 0x00, 0x00,
    0x00, 0x00, 0x00, 0x00, 0x00, 0x00, 0x00, 0x00, 0x00, 0x00, 0x00, 0x00, 0x00, 0x00, 0x00, 0x00, 0x00, 0x00, 0x00, 0x00,
    0x00, 0x00, 0x00, 0x00, 0x00, 0x00, 0x00, 0x00, 0x00, 0x00, 0x00, 0x00, 0x00, 0x00, 0x00, 0x00, 0x00, 0x00, 0x00, 0x00,
    0x00, 0x00, 0x00, 0x00, 0x00, 0x00, 0x00, 0x00, 0x00, 0x00, 0x00, 0x00, 0x00, 0x00, 0x00, 0x00, 0x00, 0x00, 0x00, 0x00,
    0x00, 0x00, 0x00, 0x00, 0x00, 0x00, 0x00, 0x00, 0x00, 0x00, 0x00, 0x00, 0x00, 0x00, 0x00, 0x00, 0x00, 0x00, 0x00, 0x00,
    0x00, 0x00, 0x00, 0x00, 0x00, 0x00, 0x00, 0x00, 0x00, 0x00, 0x00, 0x00, 0x00, 0x00, 0x00, 0x00, 0x00, 0x00, 0x00, 0x00,
    0x00, 0x00, 0x00, 0x00, 0x00, 0x00, 0x00, 0x00, 0x00, 0x00, 0x00, 0x00, 0x00, 0x00, 0x00, 0x00, 0x00, 0x00, 0x00, 0x00,
    0x00, 0x00, 0x00, 0x00, 0x00, 0x00, 0x00, 0x00, 0x00, 0x00, 0x00, 0x00, 0x00, 0x00, 0x00, 0x00, 0x00, 0x00, 0x00, 0x00,
    0x00, 0x00, 0x00, 0x00, 0x00, 0x00, 0x00, 0x00, 0x00, 0x00, 0x00, 0x00, 0x00, 0x00, 0x00, 0x00, 0x00, 0x00, 0x00, 0x00,
    0x00, 0x00, 0x00, 0x00, 0x00, 0x00, 0x00, 0x00, 0x00, 0x00, 0x00, 0x00, 0x00, 0x00, 0x00, 0x00, 0x00, 0x00, 0x00, 0x00,
    0x00, 0x00, 0x00, 0x00, 0x00, 0x00, 0x00, 0x00, 0x00, 0x00, 0x00, 0x00, 0x00, 0x00, 0x00, 0x00, 0x00, 0x00, 0x00, 0x00,
    0x00, 0x00, 0x00, 0x00, 0x00, 0x00, 0x00, 0x00, 0x00, 0x00, 0x00, 0x00, 0x00, 0x00, 0x00, 0x00, 0x00, 0x00, 0x00, 0x00,
    0x00, 0x00, 0x00, 0x00, 0x00, 0x00, 0x00, 0x00, 0x00, 0x00, 0x00, 0x00, 0x00, 0x00, 0x00, 0x00, 0x00, 0x00, 0x00, 0x00,
    0x00, 0x00, 0x00, 0x00, 0x00, 0x00, 0x00, 0x00, 0x00, 0x00, 0x00, 0x00, 0x00, 0x00, 0x00, 0x00, 0x00, 0x00, 0x00, 0x00,
    0x00, 0x00, 0x00, 0x00, 0x00, 0x00, 0x00, 0x00, 0x00, 0x00, 0x00, 0x00, 0x00, 0x00, 0x00, 0x00, 0x00, 0x00, 0x00, 0x00,
    0x00, 0x00, 0x00, 0x00, 0x00, 0x00, 0x00, 0x00, 0x00, 0x00, 0x00, 0x00, 0x00, 0x00, 0x00, 0x00, 0x00, 0x00, 0x00, 0x00,
    0x00, 0x00, 0x00, 0x00, 0x00, 0x00, 0x00, 0x00, 0x00, 0x00, 0x00, 0x00, 0x00, 0x00, 0x00, 0x00, 0x00, 0x00, 0x00, 0x00,
    0x00, 0x00, 0x00, 0x00, 0x00, 0x00, 0x00, 0x00, 0x00, 0x00, 0x00, 0x00, 0x00, 0x00, 0x00, 0x00, 0x00, 0x00, 0x00, 0x00,
    0x00, 0x00, 0x00, 0x00, 0x00, 0x00, 0x00, 0x00, 0x00, 0x00, 0x00, 0x00, 0x00, 0x00, 0x00, 0x00, 0x00, 0x00, 0x00, 0x00,
    0x00, 0x00, 0x00, 0x00, 0x00, 0x00, 0x00, 0x00, 0x00, 0x00, 0x00, 0x00, 0x00, 0x00, 0x00, 0x00, 0x00, 0x00, 0x00, 0x00,
    0x00, 0x00, 0x00, 0x00, 0x00, 0x00, 0x00, 0x00, 0x00, 0x00, 0x00, 0x00, 0x00, 0x00, 0x00, 0x00, 0x00, 0x00, 0x00, 0x00,
    0x00, 0x00, 0x00, 0x00, 0x00, 0x00, 0x00, 0x00, 0x00, 0x00, 0x00, 0x00, 0x00, 0x00, 0x00, 0x00, 0x00, 0x00, 0x00, 0x00,
    0x00, 0x00, 0x00, 0x00, 0x00, 0x00, 0x00, 0x00, 0x00, 0x00, 0x00, 0x00, 0x00, 0x00, 0x00, 0x00, 0x00, 0x00, 0x00, 0x00,
    0x00, 0x00, 0x00, 0x00, 0x00, 0x00, 0x00, 0x00, 0x00, 0x00, 0x00, 0x00, 0x00, 0x00, 0x00, 0x00, 0x00, 0x00, 0x00, 0x00,
    0x00, 0x00, 0x00, 0x00, 0x00, 0x00, 0x00, 0x00, 0x00, 0x00, 0x00, 0x00, 0x00, 0x00, 0x00, 0x00, 0x00, 0x00, 0x00, 0x00,
    0x00, 0x00, 0x00, 0x00, 0x00, 0x00, 0x00, 0x00, 0x00, 0x00, 0x00, 0x00, 0x00, 0x00, 0x00, 0x00, 0x00, 0x00, 0x00, 0x00,
    0x00, 0x00, 0x00, 0x00, 0x00, 0x00, 0x00, 0x00, 0x00, 0x00, 0x00, 0x00, 0x00, 0x00, 0x00, 0x00, 0x00, 0x00, 0x00, 0x00,
    0x00, 0x00, 0x00, 0x00, 0x00, 0x00, 0x00, 0x00, 0x00, 0x00, 0x00, 0x00, 0x00, 0x00, 0x00, 0x00, 0x00, 0x00, 0x00, 0x00,
    0x00, 0x00, 0x00, 0x00, 0x00, 0x00, 0x00, 0x00, 0x00, 0x00, 0x00, 0x00, 0x00, 0x00, 0x00, 0x00, 0x00, 0x00, 0x00, 0x00,
    0x00, 0x00, 0x00, 0x00, 0x00, 0x00, 0x00, 0x00, 0x00, 0x00, 0x00, 0x00, 0x00, 0x00, 0x00, 0x00, 0x00, 0x00, 0x00, 0x00,
    0x00, 0x00, 0x00, 0x00, 0x00, 0x00, 0x00, 0x00, 0x00, 0x00, 0x00, 0x00, 0x00, 0x00, 0x00, 0x00, 0x00, 0x00, 0x00, 0x00,
    0x00, 0x00, 0x00, 0x00, 0x00, 0x00, 0x00, 0x00, 0x00, 0x00, 0x00, 0x00, 0x00, 0x00, 0x00, 0x00, 0x00, 0x00, 0x00, 0x00,
    0x00, 0x00, 0x00, 0x00, 0x00, 0x00, 0x00, 0x00, 0x00, 0x00, 0x00, 0x00, 0x00, 0x00, 0x00, 0x00, 0x00, 0x00, 0x00, 0x00,
    0x00, 0x00, 0x00, 0x00, 0x00, 0x00, 0x00, 0x00, 0x00, 0x00, 0x00, 0x00, 0x00, 0x08, 0x00, 0x08, 0x00, 0x00, 0x00, 0x00,
    0x00, 0x00, 0x00, 0x00, 0x00, 0x00, 0x00, 0x00, 0x00, 0x00, 0x00, 0x00, 0x00, 0x00, 0x00, 0x00, 0x00, 0x00, 0x00, 0x00,
    0x00, 0x00, 0x00, 0x00, 0x00, 0x00, 0x00, 0x00, 0x00, 0x00, 0x00, 0x00, 0x00, 0x00, 0x00, 0x00, 0x00, 0x00, 0x00, 0x00,
    0x00, 0x00, 0x00, 0x00, 0x00, 0x00, 0x00, 0x00, 0x00, 0x00, 0x00, 0x00, 0x00, 0x00, 0x00, 0x00, 0x00, 0x00, 0x00, 0x00,
    0x00, 0x00, 0x00, 0x00, 0x00, 0x00, 0x00, 0x00, 0x00, 0x00, 0x00, 0x00, 0x00, 0x00, 0x00, 0x00, 0x00, 0x00, 0x00, 0x00,
    0x00, 0x00, 0x00, 0x00, 0x00, 0x00, 0x00, 0x00, 0x00, 0x00, 0x00, 0x00, 0x00, 0x00, 0x00, 0x00, 0x00, 0x00, 0x00, 0x00,
    0x00, 0x00, 0x00, 0x00, 0x00, 0x00, 0x00, 0x00, 0x00, 0x00, 0x00, 0x00, 0x00, 0x00, 0x00, 0x00, 0x00, 0x00, 0x00, 0x00,
    0x00, 0x00, 0x00, 0x00, 0x00, 0x00, 0x00, 0x00, 0x00, 0x00, 0x00, 0x00, 0x00, 0x00, 0x00, 0x00, 0x00, 0x00, 0x00, 0x00,
    0x00, 0x00, 0x00, 0x00, 0x00, 0x00, 0x00, 0x00, 0x00, 0x00, 0x00, 0x00, 0x00, 0x00, 0x00, 0x00, 0x00, 0x00, 0x00, 0x00,
    0x00, 0x00, 0x00, 0x00, 0x00, 0x00, 0x00, 0x00, 0x00, 0x00, 0x00, 0x00, 0x00, 0x00, 0x00, 0x00, 0x00, 0x00, 0x00, 0x00,
    0x00, 0x00, 0x00, 0x00, 0x00, 0x00, 0x00, 0x00, 0x00, 0x00, 0x00, 0x00, 0x00, 0x00, 0x00, 0x00, 0x00, 0x00, 0x00, 0x00,
    0x00, 0x00, 0x00, 0x00, 0x00, 0x00, 0x00, 0x00, 0x00, 0x00, 0x00, 0x00, 0x00, 0x00, 0x00, 0x00, 0x00, 0x00, 0x00, 0x00,
    0x00, 0x00, 0x00, 0x00, 0x00, 0x00, 0x00, 0x00, 0x00, 0x00, 0x00, 0x00, 0x00, 0x00, 0x00, 0x00, 0x00, 0x00, 0x00, 0x00,
    0x00, 0x00, 0x00, 0x00, 0x00, 0x00, 0x00, 0x00, 0x00, 0x00, 0x00, 0x00, 0x00, 0x00, 0x00, 0x00, 0x00, 0x00, 0x00, 0x00,
    0x00, 0x00, 0x00, 0x00, 0x00, 0x00, 0x00, 0x00, 0x00, 0x00, 0x00, 0x00, 0x00, 0x00, 0x00, 0x00, 0x00, 0x00, 0x00, 0x00,
    0x00, 0x00, 0x00, 0x00, 0x00, 0x00, 0x00, 0x00, 0x00, 0x00, 0x00, 0x00, 0x00, 0x00, 0x00, 0x00, 0x00, 0x00, 0x00, 0x00,
    0x00, 0x00, 0x00, 0x00, 0x00, 0x00, 0x00, 0x00, 0x00, 0x00, 0x00, 0x00, 0x00, 0x00, 0x00, 0x00, 0x00, 0x00, 0x00, 0x00,
    0x00, 0x00, 0x00, 0x00, 0x00, 0x00, 0x00, 0x00, 0x00, 0x00, 0x00, 0x00, 0x00, 0x00, 0x00, 0x00, 0x00, 0x00, 0x00, 0x00,
    0x00, 0x00, 0x00, 0x00, 0x00, 0x00, 0x00, 0x00, 0x00, 0x00, 0x00, 0x00, 0x00, 0x00, 0x00, 0x00, 0x00, 0x00, 0x00, 0x00,
    0x00, 0x00, 0x00, 0x00, 0x00, 0x00, 0x00, 0x00, 0x00, 0x00, 0x00, 0x00, 0x00, 0x00, 0x00, 0x00, 0x00, 0x00, 0x00, 0x00,
    0x00, 0x00, 0x00, 0x00, 0x00, 0x08, 0x00, 0x08, 0x00, 0x08, 0x00, 0x08, 0x00, 0x08, 0x00, 0x08, 0x00, 0x08, 0x00, 0x08,
    0x00, 0x08, 0x00, 0x08, 0x00, 0x00, 0x00, 0x00, 0x00, 0x00, 0x00, 0x00, 0x00, 0x00, 0x00, 0x00, 0x00, 0x00, 0x00, 0x00,
    0x00, 0x00, 0x00, 0x00, 0x00, 0x00, 0x00, 0x00, 0x00, 0x00, 0x00, 0x00, 0x00, 0x00, 0x00, 0x00, 0x00, 0x00, 0x00, 0x00,
    0x00, 0x00, 0x00, 0x00, 0x00, 0x00, 0x00, 0x00, 0x00, 0x00, 0x00, 0x00, 0x00, 0x00, 0x00, 0x00, 0x00, 0x00, 0x00, 0x00,
    0x00, 0x00, 0x00, 0x00, 0x00, 0x00, 0x00, 0x00, 0x00, 0x00, 0x00, 0x00, 0x00, 0x00, 0x00, 0x00, 0x00, 0x00, 0x00, 0x00,
    0x00, 0x00, 0x00, 0x00, 0x00, 0x00, 0x00, 0x00, 0x00, 0x00, 0x00, 0x00, 0x00, 0x00, 0x00, 0x00, 0x00, 0x00, 0x00, 0x00,
    0x00, 0x00, 0x00, 0x00, 0x00, 0x00, 0x00, 0x00, 0x00, 0x00, 0x00, 0x00, 0x00, 0x00, 0x00, 0x00, 0x00, 0x00, 0x00, 0x00,
    0x00, 0x00, 0x00, 0x00, 0x00, 0x00, 0x00, 0x00, 0x00, 0x00, 0x00, 0x00, 0x00, 0x00, 0x00, 0x00, 0x00, 0x00, 0x00, 0x00,
    0x00, 0x00, 0x00, 0x00, 0x00, 0x00, 0x00, 0x00, 0x00, 0x00, 0x00, 0x00, 0x00, 0x00, 0x00, 0x00, 0x00, 0x00, 0x20, 0x00,
    0x20, 0x00, 0x20, 0x00, 0x20, 0x00, 0x20, 0x00, 0x20, 0x00, 0x20, 0x00, 0x20, 0x00, 0x20, 0x00, 0x20, 0x00, 0x20, 0x00,
    0x20, 0x00, 0x20, 0x00, 0x20, 0x00, 0x20, 0x00, 0x20, 0x00, 0x00, 0x00, 0x00, 0x00, 0x00, 0x00, 0x00, 0x00, 0x00, 0x00,
    0x00, 0x00, 0x00, 0x00, 0x00, 0x00, 0x00, 0x00, 0x00, 0x00, 0x00, 0x00, 0x00, 0x00, 0x00, 0x00, 0x00, 0x00, 0x00, 0x00,
    0x00, 0x00, 0x00, 0x00, 0x00, 0x00, 0x00, 0x00, 0x00, 0x00, 0x00, 0x00, 0x00, 0x00, 0x00, 0x00, 0x00, 0x00, 0x00, 0x00,
    0x00, 0x00, 0x00, 0x00, 0x00, 0x00, 0x00, 0x00, 0x00, 0x00, 0x00, 0x00, 0x00, 0x00, 0x00, 0x00, 0x00, 0x00, 0x00, 0x00,
    0x00, 0x00, 0x00, 0x00, 0x00, 0x00, 0x00, 0x00, 0x00, 0x00, 0x00, 0x00, 0x00, 0x00, 0x00, 0x00, 0x00, 0x00, 0x00, 0x00,
    0x00, 0x00, 0x00, 0x00, 0x00, 0x00, 0x00, 0x00, 0x00, 0x00, 0x00, 0x00, 0x00, 0x00, 0x00, 0x00, 0x00, 0x00, 0x00, 0x00,
    0x00, 0x00, 0x00, 0x00, 0x00, 0x00, 0x00, 0x00, 0x00, 0x00, 0x00, 0x00, 0x00, 0x00, 0x00, 0x00, 0x00, 0x00, 0x00, 0x00,
    0x00, 0x00, 0x00, 0x00, 0x00, 0x00, 0x00, 0x00, 0x00, 0x00, 0x00, 0x00, 0x00, 0x00, 0x00, 0x00, 0x00, 0x00, 0x00, 0x00,
    0x00, 0x00, 0x00, 0x00, 0x00, 0x00, 0x00, 0x00, 0x00, 0x00, 0x00, 0x00, 0x00, 0x00, 0x00, 0x00, 0x00, 0x00, 0x00, 0x00,
    0x00, 0x00, 0x00, 0x00, 0x00, 0x00, 0x00, 0x00, 0x00, 0x00, 0x00, 0x00, 0x00, 0x00, 0x00, 0x00, 0x00, 0x00, 0x00, 0x08,
    0x00, 0x08, 0x00, 0x08, 0x00, 0x08, 0x00, 0x08, 0x00, 0x10, 0x01, 0x10, 0x01, 0x10, 0x01, 0x10, 0x01, 0x10, 0x01, 0x10,
    0x00, 0x08, 0x00, 0x08, 0x00, 0x08, 0x00, 0x08, 0x00, 0x00, 0x00, 0x00, 0x00, 0x00, 0x00, 0x00, 0x00, 0x00, 0x00, 0x00,
    0x00, 0x00, 0x00, 0x00, 0x00, 0x00, 0x00, 0x00, 0x00, 0x00, 0x00, 0x00, 0x00, 0x00, 0x00, 0x00, 0x00, 0x00, 0x00, 0x00,
    0x00, 0x00, 0x00, 0x00, 0x00, 0x00, 0x00, 0x00, 0x00, 0x00, 0x00, 0x00, 0x00, 0x00, 0x00, 0x00, 0x00, 0x00, 0x00, 0x00,
    0x00, 0x00, 0x00, 0x00, 0x00, 0x00, 0x00, 0x00, 0x00, 0x00, 0x00, 0x00, 0x00, 0x00, 0x00, 0x00, 0x00, 0x00, 0x00, 0x00,
    0x00, 0x00, 0x00, 0x00, 0x00, 0x00, 0x00, 0x00, 0x00, 0x00, 0x00, 0x00, 0x00, 0x00, 0x00, 0x00, 0x00, 0x00, 0x00, 0x00,
    0x00, 0x00, 0x00, 0x00, 0x00, 0x00, 0x00, 0x00, 0x00, 0x00, 0x00, 0x00, 0x00, 0x00, 0x00, 0x00, 0x00, 0x00, 0x00, 0x00,
    0x00, 0x00, 0x00, 0x00, 0x00, 0x00, 0x00, 0x00, 0x00, 0x00, 0x00, 0x00, 0x00, 0x00, 0x00, 0x00, 0x00, 0x00, 0x00, 0x00,
    0x00, 0x00, 0x00, 0x00, 0x00, 0x00, 0x00, 0x00, 0x00, 0x00, 0x00, 0x00, 0x20, 0x00, 0x20, 0x00, 0x21, 0x00, 0x41, 0x00,
    0x41, 0x00, 0x41, 0x00, 0x41, 0x00, 0x41, 0x00, 0x61, 0x00, 0x41, 0x00, 0x61, 0x00, 0x61, 0x00, 0x61, 0x00, 0x41, 0x00,
    0x41, 0x00, 0x61, 0x00, 0x41, 0x00, 0x41, 0x00, 0x41, 0x00, 0x41, 0x00, 0x21, 0x00, 0x20, 0x00, 0x20, 0x00, 0x00, 0x00,
    0x00, 0x00, 0x00, 0x00, 0x00, 0x00, 0x00, 0x00, 0x00, 0x00, 0x00, 0x00, 0x00, 0x00, 0x00, 0x00, 0x00, 0x00, 0x00, 0x00,
    0x00, 0x00, 0x00, 0x00, 0x00, 0x00, 0x00, 0x00, 0x00, 0x00, 0x00, 0x00, 0x00, 0x00, 0x00, 0x00, 0x00, 0x00, 0x00, 0x00,
    0x00, 0x00, 0x00, 0x00, 0x00, 0x00, 0x00, 0x00, 0x00, 0x00, 0x00, 0x00, 0x00, 0x00, 0x00, 0x00, 0x00, 0x00, 0x00, 0x00,
    0x00, 0x00, 0x00, 0x00, 0x00, 0x00, 0x00, 0x00, 0x00, 0x00, 0x00, 0x00, 0x00, 0x00, 0x00, 0x00, 0x00, 0x00, 0x00, 0x00,
    0x00, 0x00, 0x00, 0x00, 0x00, 0x00, 0x00, 0x00, 0x00, 0x00, 0x00, 0x00, 0x00, 0x00, 0x00, 0x00, 0x00, 0x00, 0x00, 0x00,
    0x00, 0x00, 0x00, 0x00, 0x00, 0x00, 0x00, 0x00, 0x00, 0x00, 0x00, 0x00, 0x00, 0x00, 0x00, 0x00, 0x00, 0x00, 0x00, 0x00,
    0x00, 0x00, 0x00, 0x00, 0x00, 0x00, 0x00, 0x00, 0x00, 0x00, 0x00, 0x00, 0x00, 0x00, 0x00, 0x00, 0x00, 0x00, 0x00, 0x00,
    0x00, 0x00, 0x00, 0x00, 0x00, 0x00, 0x00, 0x00, 0x00, 0x00, 0x00, 0x00, 0x00, 0x00, 0x00, 0x00, 0x00, 0x00, 0x00, 0x00,
    0x00, 0x00, 0x00, 0x00, 0x00, 0x00, 0x00, 0x00, 0x00, 0x00, 0x00, 0x00, 0x00, 0x00, 0x00, 0x08, 0x00, 0x08, 0x00, 0x08,
    0x00, 0x10, 0x01, 0x10, 0x01, 0x10, 0x01, 0x10, 0x01, 0x18, 0x01, 0x18, 0x01, 0x18, 0x01, 0x18, 0x01, 0x18, 0x01, 0x18,
    0x01, 0x10, 0x01, 0x10, 0x00, 0x10, 0x00, 0x08, 0x00, 0x08, 0x00, 0x00, 0x00, 0x00, 0x00, 0x00, 0x00, 0x00, 0x00, 0x00,
    0x00, 0x00, 0x00, 0x00, 0x00, 0x00, 0x00, 0x00, 0x00, 0x00, 0x00, 0x00, 0x00, 0x00, 0x00, 0x00, 0x00, 0x00, 0x00, 0x00,
    0x00, 0x00, 0x00, 0x00, 0x00, 0x00, 0x00, 0x00, 0x00, 0x00, 0x00, 0x00, 0x00, 0x00, 0x00, 0x00, 0x00, 0x00, 0x00, 0x00,
    0x00, 0x00, 0x00, 0x00, 0x00, 0x00, 0x00, 0x00, 0x00, 0x00, 0x00, 0x00, 0x00, 0x00, 0x00, 0x00, 0x00, 0x00, 0x00, 0x00,
    0x00, 0x00, 0x00, 0x00, 0x00, 0x00, 0x00, 0x00, 0x00, 0x00, 0x00, 0x00, 0x00, 0x00, 0x00, 0x00, 0x00, 0x00, 0x00, 0x00,
    0x00, 0x00, 0x00, 0x00, 0x00, 0x00, 0x00, 0x00, 0x00, 0x00, 0x00, 0x00, 0x00, 0x00, 0x00, 0x00, 0x00, 0x00, 0x00, 0x00,
    0x00, 0x00, 0x00, 0x00, 0x00, 0x00, 0x00, 0x00, 0x00, 0x00, 0x00, 0x00, 0x00, 0x00, 0x00, 0x00, 0x00, 0x00, 0x00, 0x00,
    0x00, 0x00, 0x00, 0x00, 0x00, 0x00, 0x20, 0x00, 0x20, 0x00, 0x21, 0x00, 0x41, 0x00, 0x41, 0x00, 0x61, 0x00, 0x61, 0x00,
    0x62, 0x00, 0x82, 0x00, 0x82, 0x00, 0x82, 0x00, 0xa2, 0x00, 0xa2, 0x00, 0xa2, 0x00, 0xa2, 0x00, 0xa2, 0x00, 0x82, 0x00,
    0x82, 0x00, 0x82, 0x00, 0x82, 0x00, 0x82, 0x00, 0x82, 0x00, 0x62, 0x00, 0x61, 0x00, 0x41, 0x00, 0x41, 0x00, 0x20, 0x00,
    0x20, 0x00, 0x00, 0x00, 0x00, 0x00, 0x00, 0x00, 0x00, 0x00, 0x00, 0x00, 0x00, 0x00, 0x00, 0x00, 0x00, 0x00, 0x00, 0x00,
    0x00, 0x00, 0x00, 0x00, 0x00, 0x00, 0x00, 0x00, 0x00, 0x00, 0x00, 0x00, 0x00, 0x00, 0x00, 0x00, 0x00, 0x00, 0x00, 0x00,
    0x00, 0x00, 0x00, 0x00, 0x00, 0x00, 0x00, 0x00, 0x00, 0x00, 0x00, 0x00, 0x00, 0x00, 0x00, 0x00, 0x00, 0x00, 0x00, 0x00,
    0x00, 0x00, 0x00, 0x00, 0x00, 0x00, 0x00, 0x00, 0x00, 0x00, 0x00, 0x00, 0x00, 0x00, 0x00, 0x00, 0x00, 0x00, 0x00, 0x00,
    0x00, 0x00, 0x00, 0x00, 0x00, 0x00, 0x00, 0x00, 0x00, 0x00, 0x00, 0x00, 0x00, 0x00, 0x00, 0x00, 0x00, 0x00, 0x00, 0x00,
    0x00, 0x00, 0x00, 0x00, 0x00, 0x00, 0x00, 0x00, 0x00, 0x00, 0x00, 0x00, 0x00, 0x00, 0x00, 0x00, 0x00, 0x00, 0x00, 0x00,
    0x00, 0x00, 0x00, 0x00, 0x00, 0x00, 0x00, 0x00, 0x00, 0x00, 0x00, 0x00, 0x00, 0x00, 0x00, 0x00, 0x00, 0x00, 0x00, 0x00,
    0x00, 0x00, 0x00, 0x00, 0x00, 0x00, 0x00, 0x00, 0x00, 0x00, 0x00, 0x00, 0x00, 0x00, 0x00, 0x00, 0x00, 0x00, 0x00, 0x00,
    0x00, 0x00, 0x00, 0x00, 0x00, 0x00, 0x00, 0x00, 0x00, 0x00, 0x00, 0x00, 0x00, 0x08, 0x00, 0x08, 0x00, 0x10, 0x01, 0x10,
    0x01, 0x18, 0x01, 0x20, 0x02, 0x20, 0x02, 0x28, 0x02, 0x28, 0x02, 0x30, 0x02, 0x30, 0x03, 0x30, 0x02, 0x30, 0x02, 0x28,
    0x02, 0x20, 0x01, 0x18, 0x01, 0x18, 0x01, 0x10, 0x00, 0x08, 0x00, 0x08, 0x00, 0x08, 0x00, 0x00, 0x00, 0x00, 0x00, 0x00,
    0x00, 0x00, 0x00, 0x00, 0x00, 0x00, 0x00, 0x00, 0x00, 0x00, 0x00, 0x00, 0x00, 0x00, 0x00, 0x00, 0x00, 0x00, 0x00, 0x00,
    0x00, 0x00, 0x00, 0x00, 0x00, 0x00, 0x00, 0x00, 0x00, 0x00, 0x00, 0x00, 0x00, 0x00, 0x00, 0x00, 0x00, 0x00, 0x00, 0x00,
    0x00, 0x00, 0x00, 0x00, 0x00, 0x00, 0x00, 0x00, 0x00, 0x00, 0x00, 0x00, 0x00, 0x00, 0x00, 0x00, 0x00, 0x00, 0x00, 0x00,
    0x00, 0x00, 0x00, 0x00, 0x00, 0x00, 0x00, 0x00, 0x00, 0x00, 0x00, 0x00, 0x00, 0x00, 0x00, 0x00, 0x00, 0x00, 0x00, 0x00,
    0x00, 0x00, 0x00, 0x00, 0x00, 0x00, 0x00, 0x00, 0x00, 0x00, 0x00, 0x00, 0x00, 0x00, 0x00, 0x00, 0x00, 0x00, 0x00, 0x00,
    0x00, 0x00, 0x00, 0x00, 0x00, 0x00, 0x00, 0x00, 0x00, 0x00, 0x00, 0x00, 0x00, 0x00, 0x00, 0x00, 0x00, 0x00, 0x00, 0x00,
    0x20, 0x00, 0x20, 0x00, 0x21, 0x00, 0x41, 0x00, 0x41, 0x00, 0x61, 0x00, 0x82, 0x00, 0x82, 0x00, 0xa2, 0x00, 0xa3, 0x00,
    0xc3, 0x00, 0xc3, 0x00, 0xe4, 0x00, 0x04, 0x01, 0x25, 0x01, 0x25, 0x01, 0x25, 0x01, 0x25, 0x01, 0x05, 0x01, 0x04, 0x01,
    0x04, 0x01, 0x04, 0x01, 0xe4, 0x00, 0xe4, 0x00, 0xc3, 0x00, 0xc3, 0x00, 0xa3, 0x00, 0x82, 0x00, 0x82, 0x00, 0x61, 0x00,
    0x41, 0x00, 0x41, 0x00, 0x20, 0x00, 0x20, 0x00, 0x00, 0x00, 0x00, 0x00, 0x00, 0x00, 0x00, 0x00, 0x00, 0x00, 0x00, 0x00,
    0x00, 0x00, 0x00, 0x00, 0x00, 0x00, 0x00, 0x00, 0x00, 0x00, 0x00, 0x00, 0x00, 0x00, 0x00, 0x00, 0x00, 0x00, 0x00, 0x00,
    0x00, 0x00, 0x00, 0x00, 0x00, 0x00, 0x00, 0x00, 0x00, 0x00, 0x00, 0x00, 0x00, 0x00, 0x00, 0x00, 0x00, 0x00, 0x00, 0x00,
    0x00, 0x00, 0x00, 0x00, 0x00, 0x00, 0x00, 0x00, 0x00, 0x00, 0x00, 0x00, 0x00, 0x00, 0x00, 0x00, 0x00, 0x00, 0x00, 0x00,
    0x00, 0x00, 0x00, 0x00, 0x00, 0x00, 0x00, 0x00, 0x00, 0x00, 0x00, 0x00, 0x00, 0x00, 0x00, 0x00, 0x00, 0x00, 0x00, 0x00,
    0x00, 0x00, 0x00, 0x00, 0x00, 0x00, 0x00, 0x00, 0x00, 0x00, 0x00, 0x00, 0x00, 0x00, 0x00, 0x00, 0x00, 0x00, 0x00, 0x00,
    0x00, 0x00, 0x00, 0x00, 0x00, 0x00, 0x00, 0x00, 0x00, 0x00, 0x00, 0x00, 0x00, 0x00, 0x00, 0x00, 0x00, 0x00, 0x00, 0x00,
    0x00, 0x00, 0x00, 0x00, 0x00, 0x00, 0x00, 0x00, 0x00, 0x00, 0x00, 0x00, 0x00, 0x00, 0x00, 0x00, 0x00, 0x00, 0x00, 0x00,
    0x00, 0x00, 0x00, 0x00, 0x00, 0x00, 0x00, 0x00, 0x00, 0x00, 0x00, 0x08, 0x00, 0x08, 0x01, 0x10, 0x01, 0x18, 0x01, 0x18,
    0x02, 0x20, 0x02, 0x28, 0x03, 0x30, 0x03, 0x38, 0x03, 0x38, 0x03, 0x40, 0x04, 0x40, 0x04, 0x40, 0x03, 0x40, 0x03, 0x38,
    0x03, 0x30, 0x02, 0x28, 0x02, 0x20, 0x01, 0x18, 0x01, 0x10, 0x00, 0x10, 0x00, 0x08, 0x00, 0x08, 0x00, 0x00, 0x00, 0x00,
    0x00, 0x00, 0x00, 0x00, 0x00, 0x00, 0x00, 0x00, 0x00, 0x00, 0x00, 0x00, 0x00, 0x00, 0x00, 0x00, 0x00, 0x00, 0x00, 0x00,
    0x00, 0x00, 0x00, 0x00, 0x00, 0x00, 0x00, 0x00, 0x00, 0x00, 0x00, 0x00, 0x00, 0x00, 0x00, 0x00, 0x00, 0x00, 0x00, 0x00,
    0x00, 0x00, 0x00, 0x00, 0x00, 0x00, 0x00, 0x00, 0x00, 0x00, 0x00, 0x00, 0x00, 0x00, 0x00, 0x00, 0x00, 0x00, 0x00, 0x00,
    0x00, 0x00, 0x00, 0x00, 0x00, 0x00, 0x00, 0x00, 0x00, 0x00, 0x00, 0x00, 0x00, 0x00, 0x00, 0x00, 0x00, 0x00, 0x00, 0x00,
    0x00, 0x00, 0x00, 0x00, 0x00, 0x00, 0x00, 0x00, 0x00, 0x00, 0x00, 0x00, 0x00, 0x00, 0x00, 0x00, 0x00, 0x00, 0x00, 0x00,
    0x00, 0x00, 0x00, 0x00, 0x00, 0x00, 0x00, 0x00, 0x00, 0x00, 0x00, 0x00, 0x00, 0x00, 0x00, 0x00, 0x20, 0x00, 0x20, 0x00,
    0x41, 0x00, 0x41, 0x00, 0x61, 0x00, 0x82, 0x00, 0x82, 0x00, 0xa3, 0x00, 0xc3, 0x00, 0xc3, 0x00, 0xe4, 0x00, 0x04, 0x01,
    0x25, 0x01, 0x45, 0x01, 0x46, 0x01, 0x67, 0x01, 0x87, 0x01, 0xa7, 0x01, 0x87, 0x01, 0xa7, 0x01, 0x87, 0x01, 0x87, 0x01,
    0x87, 0x01, 0x66, 0x01, 0x66, 0x01, 0x46, 0x01, 0x25, 0x01, 0x05, 0x01, 0x04, 0x01, 0xe4, 0x00, 0xc3, 0x00, 0xa2, 0x00,
    0x82, 0x00, 0x62, 0x00, 0x61, 0x00, 0x41, 0x00, 0x21, 0x00, 0x20, 0x00, 0x00, 0x00, 0x00, 0x00, 0x00, 0x00, 0x00, 0x00,
    0x00, 0x00, 0x00, 0x00, 0x00, 0x00, 0x00, 0x00, 0x00, 0x00, 0x00, 0x00, 0x00, 0x00, 0x00, 0x00, 0x00, 0x00, 0x00, 0x00,
    0x00, 0x00, 0x00, 0x00, 0x00, 0x00, 0x00, 0x00, 0x00, 0x00, 0x00, 0x00, 0x00, 0x00, 0x00, 0x00, 0x00, 0x00, 0x00, 0x00,
    0x00, 0x00, 0x00, 0x00, 0x00, 0x00, 0x00, 0x00, 0x00, 0x00, 0x00, 0x00, 0x00, 0x00, 0x00, 0x00, 0x00, 0x00, 0x00, 0x00,
    0x00, 0x00, 0x00, 0x00, 0x00, 0x00, 0x00, 0x00, 0x00, 0x00, 0x00, 0x00, 0x00, 0x00, 0x00, 0x00, 0x00, 0x00, 0x00, 0x00,
    0x00, 0x00, 0x00, 0x00, 0x00, 0x00, 0x00, 0x00, 0x00, 0x00, 0x00, 0x00, 0x00, 0x00, 0x00, 0x00, 0x00, 0x00, 0x00, 0x00,
    0x00, 0x00, 0x00, 0x00, 0x00, 0x00, 0x00, 0x00, 0x00, 0x00, 0x00, 0x00, 0x00, 0x00, 0x00, 0x00, 0x00, 0x00, 0x00, 0x00,
    0x00, 0x00, 0x00, 0x00, 0x00, 0x00, 0x00, 0x00, 0x00, 0x00, 0x00, 0x00, 0x00, 0x00, 0x00, 0x00, 0x00, 0x00, 0x00, 0x00,
    0x00, 0x00, 0x00, 0x00, 0x00, 0x00, 0x00, 0x00, 0x00, 0x08, 0x00, 0x08, 0x01, 0x10, 0x01, 0x18, 0x01, 0x20, 0x02, 0x28,
    0x03, 0x30, 0x03, 0x38, 0x04, 0x40, 0x04, 0x48, 0x05, 0x50, 0x05, 0x58, 0x05, 0x60, 0x06, 0x60, 0x05, 0x58, 0x05, 0x50,
    0x04, 0x48, 0x03, 0x38, 0x03, 0x30, 0x02, 0x28, 0x01, 0x20, 0x01, 0x18, 0x00, 0x10, 0x00, 0x08, 0x00, 0x08, 0x00, 0x00,
    0x00, 0x00, 0x00, 0x00, 0x00, 0x00, 0x00, 0x00, 0x00, 0x00, 0x00, 0x00, 0x00, 0x00, 0x00, 0x00, 0x00, 0x00, 0x00, 0x00,
    0x00, 0x00, 0x00, 0x00, 0x00, 0x00, 0x00, 0x00, 0x00, 0x00, 0x00, 0x00, 0x00, 0x00, 0x00, 0x00, 0x00, 0x00, 0x00, 0x00,
    0x00, 0x00, 0x00, 0x00, 0x00, 0x00, 0x00, 0x00, 0x00, 0x00, 0x00, 0x00, 0x00, 0x00, 0x00, 0x00, 0x00, 0x00, 0x00, 0x00,
    0x00, 0x00, 0x00, 0x00, 0x00, 0x00, 0x00, 0x00, 0x00, 0x00, 0x00, 0x00, 0x00, 0x00, 0x00, 0x00, 0x00, 0x00, 0x00, 0x00,
    0x00, 0x00, 0x00, 0x00, 0x00, 0x00, 0x00, 0x00, 0x00, 0x00, 0x00, 0x00, 0x00, 0x00, 0x00, 0x00, 0x00, 0x00, 0x00, 0x00,
    0x00, 0x00, 0x00, 0x00, 0x00, 0x00, 0x00, 0x00, 0x00, 0x00, 0x00, 0x00, 0x20, 0x00, 0x20, 0x00, 0x41, 0x00, 0x41, 0x00,
    0x62, 0x00, 0xa3, 0x00, 0xc3, 0x00, 0xe4, 0x00, 0x05, 0x01, 0x25, 0x01, 0x66, 0x01, 0x87, 0x01, 0xa7, 0x01, 0xc8, 0x01,
    0xe9, 0x01, 0x0a, 0x02, 0x2a, 0x02, 0x4b, 0x02, 0x6b, 0x02, 0x8c, 0x02, 0x8c, 0x02, 0x8c, 0x02, 0x8c, 0x02, 0x6b, 0x02,
    0x6b, 0x02, 0x4a, 0x02, 0x2a, 0x02, 0x0a, 0x02, 0xe9, 0x01, 0xc8, 0x01, 0xa7, 0x01, 0x87, 0x01, 0x66, 0x01, 0x05, 0x01,
    0xe4, 0x00, 0xc3, 0x00, 0xa3, 0x00, 0x82, 0x00, 0x61, 0x00, 0x41, 0x00, 0x20, 0x00, 0x20, 0x00, 0x00, 0x00, 0x00, 0x00,
    0x00, 0x00, 0x00, 0x00, 0x00, 0x00, 0x00, 0x00, 0x00, 0x00, 0x00, 0x00, 0x00, 0x00, 0x00, 0x00, 0x00, 0x00, 0x00, 0x00,
    0x00, 0x00, 0x00, 0x00, 0x00, 0x00, 0x00, 0x00, 0x00, 0x00, 0x00, 0x00, 0x00, 0x00, 0x00, 0x00, 0x00, 0x00, 0x00, 0x00,
    0x00, 0x00, 0x00, 0x00, 0x00, 0x00, 0x00, 0x00, 0x00, 0x00, 0x00, 0x00, 0x00, 0x00, 0x00, 0x00, 0x00, 0x00, 0x00, 0x00,
    0x00, 0x00, 0x00, 0x00, 0x00, 0x00, 0x00, 0x00, 0x00, 0x00, 0x00, 0x00, 0x00, 0x00, 0x00, 0x00, 0x00, 0x00, 0x00, 0x00,
    0x00, 0x00, 0x00, 0x00, 0x00, 0x00, 0x00, 0x00, 0x00, 0x00, 0x00, 0x00, 0x00, 0x00, 0x00, 0x00, 0x00, 0x00, 0x00, 0x00,
    0x00, 0x00, 0x00, 0x00, 0x00, 0x00, 0x00, 0x00, 0x00, 0x00, 0x00, 0x00, 0x00, 0x00, 0x00, 0x00, 0x00, 0x00, 0x00, 0x00,
    0x00, 0x00, 0x00, 0x00, 0x00, 0x00, 0x00, 0x00, 0x00, 0x00, 0x00, 0x00, 0x00, 0x00, 0x00, 0x00, 0x00, 0x00, 0x00, 0x00,
    0x00, 0x00, 0x00, 0x00, 0x00, 0x00, 0x00, 0x08, 0x00, 0x08, 0x01, 0x10, 0x01, 0x18, 0x02, 0x20, 0x02, 0x28, 0x03, 0x38,
    0x04, 0x40, 0x04, 0x48, 0x05, 0x58, 0x06, 0x68, 0x06, 0x68, 0x07, 0x78, 0x07, 0x80, 0x07, 0x80, 0x07, 0x78, 0x07, 0x70,
    0x06, 0x60, 0x05, 0x50, 0x04, 0x40, 0x03, 0x38, 0x02, 0x28, 0x01, 0x20, 0x01, 0x18, 0x00, 0x08, 0x00, 0x08, 0x00, 0x00,
    0x00, 0x00, 0x00, 0x00, 0x00, 0x00, 0x00, 0x00, 0x00, 0x00, 0x00, 0x00, 0x00, 0x00, 0x00, 0x00, 0x00, 0x00, 0x00, 0x00,
    0x00, 0x00, 0x00, 0x00, 0x00, 0x00, 0x00, 0x00, 0x00, 0x00, 0x00, 0x00, 0x00, 0x00, 0x00, 0x00, 0x00, 0x00, 0x00, 0x00,
    0x00, 0x00, 0x00, 0x00, 0x00, 0x00, 0x00, 0x00, 0x00, 0x00, 0x00, 0x00, 0x00, 0x00, 0x00, 0x00, 0x00, 0x00, 0x00, 0x00,
    0x00, 0x00, 0x00, 0x00, 0x00, 0x00, 0x00, 0x00, 0x00, 0x00, 0x00, 0x00, 0x00, 0x00, 0x00, 0x00, 0x00, 0x00, 0x00, 0x00,
    0x00, 0x00, 0x00, 0x00, 0x00, 0x00, 0x00, 0x00, 0x00, 0x00, 0x00, 0x00, 0x00, 0x00, 0x00, 0x00, 0x00, 0x00, 0x00, 0x00,
    0x00, 0x00, 0x00, 0x00, 0x00, 0x00, 0x00, 0x00, 0x20, 0x00, 0x20, 0x00, 0x41, 0x00, 0x41, 0x00, 0x62, 0x00, 0x82, 0x00,
    0xc3, 0x00, 0x05, 0x01, 0x46, 0x01, 0x87, 0x01, 0xa8, 0x01, 0xe9, 0x01, 0x2a, 0x02, 0x4b, 0x02, 0x8c, 0x02, 0xcd, 0x02,
    0xee, 0x02, 0x0e, 0x03, 0x2f, 0x03, 0x2f, 0x03, 0x50, 0x03, 0x71, 0x03, 0x71, 0x03, 0x91, 0x03, 0x71, 0x03, 0x50, 0x03,
    0x50, 0x03, 0x2f, 0x03, 0x2f, 0x03, 0x0e, 0x03, 0xed, 0x02, 0xad, 0x02, 0x6b, 0x02, 0x2a, 0x02, 0x09, 0x02, 0xa7, 0x01,
    0x66, 0x01, 0x45, 0x01, 0x05, 0x01, 0xe4, 0x00, 0xa3, 0x00, 0x82, 0x00, 0x61, 0x00, 0x41, 0x00, 0x20, 0x00, 0x20, 0x00,
    0x00, 0x00, 0x00, 0x00, 0x00, 0x00, 0x00, 0x00, 0x00, 0x00, 0x00, 0x00, 0x00, 0x00, 0x00, 0x00, 0x00, 0x00, 0x00, 0x00,
    0x00, 0x00, 0x00, 0x00, 0x00, 0x00, 0x00, 0x00, 0x00, 0x00, 0x00, 0x00, 0x00, 0x00, 0x00, 0x00, 0x00, 0x00, 0x00, 0x00,
    0x00, 0x00, 0x00, 0x00, 0x00, 0x00, 0x00, 0x00, 0x00, 0x00, 0x00, 0x00, 0x00, 0x00, 0x00, 0x00, 0x00, 0x00, 0x00, 0x00,
    0x00, 0x00, 0x00, 0x00, 0x00, 0x00, 0x00, 0x00, 0x00, 0x00, 0x00, 0x00, 0x00, 0x00, 0x00, 0x00, 0x00, 0x00, 0x00, 0x00,
    0x00, 0x00, 0x00, 0x00, 0x00, 0x00, 0x00, 0x00, 0x00, 0x00, 0x00, 0x00, 0x00, 0x00, 0x00, 0x00, 0x00, 0x00, 0x00, 0x00,
    0x00, 0x00, 0x00, 0x00, 0x00, 0x00, 0x00, 0x00, 0x00, 0x00, 0x00, 0x00, 0x00, 0x00, 0x00, 0x00, 0x00, 0x00, 0x00, 0x00,
    0x00, 0x00, 0x00, 0x00, 0x00, 0x00, 0x00, 0x00, 0x00, 0x00, 0x00, 0x00, 0x00, 0x00, 0x00, 0x00, 0x00, 0x00, 0x00, 0x00,
    0x00, 0x00, 0x00, 0x00, 0x00, 0x08, 0x00, 0x08, 0x01, 0x10, 0x01, 0x18, 0x02, 0x20, 0x02, 0x30, 0x03, 0x38, 0x04, 0x40,
    0x04, 0x50, 0x05, 0x60, 0x06, 0x70, 0x08, 0x80, 0x09, 0xa0, 0x0b, 0xc0, 0x0d, 0xd8, 0x0d, 0xd8, 0x0b, 0xc0, 0x09, 0xa0,
    0x08, 0x80, 0x06, 0x68, 0x05, 0x58, 0x04, 0x48, 0x03, 0x38, 0x02, 0x28, 0x01, 0x20, 0x01, 0x10, 0x00, 0x10, 0x00, 0x08,
    0x00, 0x00, 0x00, 0x00, 0x00, 0x00, 0x00, 0x00, 0x00, 0x00, 0x00, 0x00, 0x00, 0x00, 0x00, 0x00, 0x00, 0x00, 0x00, 0x00,
    0x00, 0x00, 0x00, 0x00, 0x00, 0x00, 0x00, 0x00, 0x00, 0x00, 0x00, 0x00, 0x00, 0x00, 0x00, 0x00, 0x00, 0x00, 0x00, 0x00,
    0x00, 0x00, 0x00, 0x00, 0x00, 0x00, 0x00, 0x00, 0x00, 0x00, 0x00, 0x00, 0x00, 0x00, 0x00, 0x00, 0x00, 0x00, 0x00, 0x00,
    0x00, 0x00, 0x00, 0x00, 0x00, 0x00, 0x00, 0x00, 0x00, 0x00, 0x00, 0x00, 0x00, 0x00, 0x00, 0x00, 0x00, 0x00, 0x00, 0x00,
    0x00, 0x00, 0x00, 0x00, 0x00, 0x00, 0x00, 0x00, 0x00, 0x00, 0x00, 0x00, 0x00, 0x00, 0x00, 0x00, 0x00, 0x00, 0x00, 0x00,
    0x00, 0x00, 0x00, 0x00, 0x20, 0x00, 0x20, 0x00, 0x41, 0x00, 0x41, 0x00, 0x62, 0x00, 0x82, 0x00, 0xc3, 0x00, 0xe4, 0x00,
    0x25, 0x01, 0x87, 0x01, 0xc8, 0x01, 0x0a, 0x02, 0x4b, 0x02, 0x8c, 0x02, 0xcd, 0x02, 0x2f, 0x03, 0x50, 0x03, 0x91, 0x03,
    0xb3, 0x03, 0x15, 0x04, 0x56, 0x04, 0xb7, 0x04, 0x19, 0x05, 0x5a, 0x05, 0x9a, 0x05, 0x9a, 0x05, 0x7a, 0x05, 0x39, 0x05,
    0xf8, 0x04, 0xb7, 0x04, 0x56, 0x04, 0xf4, 0x03, 0xb2, 0x03, 0x71, 0x03, 0x2f, 0x03, 0xee, 0x02, 0xad, 0x02, 0x4b, 0x02,
    0x09, 0x02, 0xc8, 0x01, 0x87, 0x01, 0x46, 0x01, 0x04, 0x01, 0xc3, 0x00, 0xa2, 0x00, 0x62, 0x00, 0x61, 0x00, 0x41, 0x00,
    0x20, 0x00, 0x00, 0x00, 0x00, 0x00, 0x00, 0x00, 0x00, 0x00, 0x00, 0x00, 0x00, 0x00, 0x00, 0x00, 0x00, 0x00, 0x00, 0x00,
    0x00, 0x00, 0x00, 0x00, 0x00, 0x00, 0x00, 0x00, 0x00, 0x00, 0x00, 0x00, 0x00, 0x00, 0x00, 0x00, 0x00, 0x00, 0x00, 0x00,
    0x00, 0x00, 0x00, 0x00, 0x00, 0x00, 0x00, 0x00, 0x00, 0x00, 0x00, 0x00, 0x00, 0x00, 0x00, 0x00, 0x00, 0x00, 0x00, 0x00,
    0x00, 0x00, 0x00, 0x00, 0x00, 0x00, 0x00, 0x00, 0x00, 0x00, 0x00, 0x00, 0x00, 0x00, 0x00, 0x00, 0x00, 0x00, 0x00, 0x00,
    0x00, 0x00, 0x00, 0x00, 0x00, 0x00, 0x00, 0x00, 0x00, 0x00, 0x00, 0x00, 0x00, 0x00, 0x00, 0x00, 0x00, 0x00, 0x00, 0x00,
    0x00, 0x00, 0x00, 0x00, 0x00, 0x00, 0x00, 0x00, 0x00, 0x00, 0x00, 0x00, 0x00, 0x00, 0x00, 0x00, 0x00, 0x00, 0x00, 0x00,
    0x00, 0x00, 0x00, 0x00, 0x00, 0x00, 0x00, 0x00, 0x00, 0x00, 0x00, 0x00, 0x00, 0x00, 0x00, 0x00, 0x00, 0x00, 0x00, 0x00,
    0x00, 0x00, 0x00, 0x00, 0x00, 0x08, 0x01, 0x10, 0x01, 0x18, 0x02, 0x20, 0x02, 0x30, 0x03, 0x38, 0x04, 0x48, 0x05, 0x58,
    0x06, 0x60, 0x07, 0x78, 0x08, 0x90, 0x0c, 0xc8, 0x11, 0xf0, 0x17, 0xf8, 0xda, 0xf8, 0xf9, 0xf8, 0x17, 0xf8, 0x11, 0xf8,
    0x0c, 0xc8, 0x08, 0x90, 0x06, 0x70, 0x05, 0x58, 0x04, 0x48, 0x03, 0x38, 0x02, 0x28, 0x01, 0x20, 0x01, 0x10, 0x00, 0x08,
    0x00, 0x08, 0x00, 0x00, 0x00, 0x00, 0x00, 0x00, 0x00, 0x00, 0x00, 0x00, 0x00, 0x00, 0x00, 0x00, 0x00, 0x00, 0x00, 0x00,
    0x00, 0x00, 0x00, 0x00, 0x00, 0x00, 0x00, 0x00, 0x00, 0x00, 0x00, 0x00, 0x00, 0x00, 0x00, 0x00, 0x00, 0x00, 0x00, 0x00,
    0x00, 0x00, 0x00, 0x00, 0x00, 0x00, 0x00, 0x00, 0x00, 0x00, 0x00, 0x00, 0x00, 0x00, 0x00, 0x00, 0x00, 0x00, 0x00, 0x00,
    0x00, 0x00, 0x00, 0x00, 0x00, 0x00, 0x00, 0x00, 0x00, 0x00, 0x00, 0x00, 0x00, 0x00, 0x00, 0x00, 0x00, 0x00, 0x00, 0x00,
    0x00, 0x00, 0x00, 0x00, 0x00, 0x00, 0x00, 0x00, 0x00, 0x00, 0x00, 0x00, 0x00, 0x00, 0x00, 0x00, 0x00, 0x00, 0x00, 0x00,
    0x00, 0x00, 0x20, 0x00, 0x20, 0x00, 0x41, 0x00, 0x61, 0x00, 0x82, 0x00, 0xc3, 0x00, 0x04, 0x01, 0x25, 0x01, 0x87, 0x01,
    0xe9, 0x01, 0x4b, 0x02, 0x8c, 0x02, 0xee, 0x02, 0x2f, 0x03, 0x71, 0x03, 0xb3, 0x03, 0x36, 0x04, 0xf9, 0x04, 0xdb, 0x05,
    0x7d, 0x06, 0xfe, 0x06, 0x7f, 0x07, 0x9f, 0x07, 0xbf, 0x07, 0xdf, 0x07, 0xdf, 0x07, 0xdf, 0x07, 0xdf, 0x07, 0xdf, 0x07,
    0xbf, 0x07, 0x9f, 0x07, 0x5f, 0x07, 0xfe, 0x06, 0x5c, 0x06, 0x9a, 0x05, 0xd8, 0x04, 0x15, 0x04, 0xb2, 0x03, 0x50, 0x03,
    0x0e, 0x03, 0xad, 0x02, 0x6b, 0x02, 0x09, 0x02, 0xa8, 0x01, 0x66, 0x01, 0x05, 0x01, 0xc4, 0x00, 0xa3, 0x00, 0x62, 0x00,
    0x41, 0x00, 0x20, 0x00, 0x20, 0x00, 0x00, 0x00, 0x00, 0x00, 0x00, 0x00, 0x00, 0x00, 0x00, 0x00, 0x00, 0x00, 0x00, 0x00,
    0x00, 0x00, 0x00, 0x00, 0x00, 0x00, 0x00, 0x00, 0x00, 0x00, 0x00, 0x00, 0x00, 0x00, 0x00, 0x00, 0x00, 0x00, 0x00, 0x00,
    0x00, 0x00, 0x00, 0x00, 0x00, 0x00, 0x00, 0x00, 0x00, 0x00, 0x00, 0x00, 0x00, 0x00, 0x00, 0x00, 0x00, 0x00, 0x00, 0x00,
    0x00, 0x00, 0x00, 0x00, 0x00, 0x00, 0x00, 0x00, 0x00, 0x00, 0x00, 0x00, 0x00, 0x00, 0x00, 0x00, 0x00, 0x00, 0x00, 0x00,
    0x00, 0x00, 0x00, 0x00, 0x00, 0x00, 0x00, 0x00, 0x00, 0x00, 0x00, 0x00, 0x00, 0x00, 0x00, 0x00, 0x00, 0x00, 0x00, 0x00,
    0x00, 0x00, 0x00, 0x00, 0x00, 0x00, 0x00, 0x00, 0x00, 0x00, 0x00, 0x00, 0x00, 0x00, 0x00, 0x00, 0x00, 0x00, 0x00, 0x00,
    0x00, 0x00, 0x00, 0x00, 0x00, 0x00, 0x00, 0x00, 0x00, 0x00, 0x00, 0x00, 0x00, 0x00, 0x00, 0x00, 0x00, 0x00, 0x00, 0x00,
    0x00, 0x00, 0x00, 0x08, 0x00, 0x08, 0x01, 0x10, 0x02, 0x20, 0x02, 0x28, 0x03, 0x38, 0x04, 0x48, 0x05, 0x58, 0x06, 0x68,
    0x07, 0x80, 0x08, 0x90, 0x0c, 0xd0, 0x13, 0xf8, 0x9c, 0xf9, 0xbf, 0xfd, 0x7f, 0xff, 0x9f, 0xff, 0x3f, 0xfe, 0x3c, 0xfa,
    0x14, 0xf8, 0x0c, 0xd0, 0x08, 0x90, 0x07, 0x70, 0x05, 0x58, 0x04, 0x48, 0x03, 0x30, 0x02, 0x28, 0x01, 0x18, 0x01, 0x10,
    0x00, 0x08, 0x00, 0x08, 0x00, 0x00, 0x00, 0x00, 0x00, 0x00, 0x00, 0x00, 0x00, 0x00, 0x00, 0x00, 0x00, 0x00, 0x00, 0x00,
    0x00, 0x00, 0x00, 0x00, 0x00, 0x00, 0x00, 0x00, 0x00, 0x00, 0x00, 0x00, 0x00, 0x00, 0x00, 0x00, 0x00, 0x00, 0x00, 0x00,
    0x00, 0x00, 0x00, 0x00, 0x00, 0x00, 0x00, 0x00, 0x00, 0x00, 0x00, 0x00, 0x00, 0x00, 0x00, 0x00, 0x00, 0x00, 0x00, 0x00,
    0x00, 0x00, 0x00, 0x00, 0x00, 0x00, 0x00, 0x00, 0x00, 0x00, 0x00, 0x00, 0x00, 0x00, 0x00, 0x00, 0x00, 0x00, 0x00, 0x00,
    0x00, 0x00, 0x00, 0x00, 0x00, 0x00, 0x00, 0x00, 0x00, 0x00, 0x00, 0x00, 0x00, 0x00, 0x00, 0x00, 0x00, 0x00, 0x20, 0x00,
    0x20, 0x00, 0x21, 0x00, 0x41, 0x00, 0x61, 0x00, 0x82, 0x00, 0xc3, 0x00, 0x25, 0x01, 0x66, 0x01, 0xc8, 0x01, 0x2a, 0x02,
    0xac, 0x02, 0x2f, 0x03, 0x70, 0x03, 0xb2, 0x03, 0x56, 0x04, 0x3a, 0x05, 0x3d, 0x06, 0x1e, 0x07, 0xbf, 0x07, 0xff, 0x07,
    0xff, 0x17, 0xff, 0x37, 0xff, 0x57, 0xdf, 0x77, 0xdf, 0x8f, 0xdf, 0xa7, 0xdf, 0xaf, 0xdf, 0xb7, 0xdf, 0xaf, 0xdf, 0x9f,
    0xdf, 0x8f, 0xdf, 0x6f, 0xdf, 0x4f, 0xff, 0x27, 0xff, 0x07, 0xff, 0x07, 0x9f, 0x07, 0xfe, 0x06, 0xfc, 0x05, 0xd8, 0x04,
    0xf4, 0x03, 0x91, 0x03, 0x2f, 0x03, 0xcd, 0x02, 0x4b, 0x02, 0xe9, 0x01, 0x87, 0x01, 0x45, 0x01, 0x04, 0x01, 0xa3, 0x00,
    0x62, 0x00, 0x41, 0x00, 0x20, 0x00, 0x20, 0x00, 0x00, 0x00, 0x00, 0x00, 0x00, 0x00, 0x00, 0x00, 0x00, 0x00, 0x00, 0x00,
    0x00, 0x00, 0x00, 0x00, 0x00, 0x00, 0x00, 0x00, 0x00, 0x00, 0x00, 0x00, 0x00, 0x00, 0x00, 0x00, 0x00, 0x00, 0x00, 0x00,
    0x00, 0x00, 0x00, 0x00, 0x00, 0x00, 0x00, 0x00, 0x00, 0x00, 0x00, 0x00, 0x00, 0x00, 0x00, 0x00, 0x00, 0x00, 0x00, 0x00,
    0x00, 0x00, 0x00, 0x00, 0x00, 0x00, 0x00, 0x00, 0x00, 0x00, 0x00, 0x00, 0x00, 0x00, 0x00, 0x00, 0x00, 0x00, 0x00, 0x00,
    0x00, 0x00, 0x00, 0x00, 0x00, 0x00, 0x00, 0x00, 0x00, 0x00, 0x00, 0x00, 0x00, 0x00, 0x00, 0x00, 0x00, 0x00, 0x00, 0x00,
    0x00, 0x00, 0x00, 0x00, 0x00, 0x00, 0x00, 0x00, 0x00, 0x00, 0x00, 0x00, 0x00, 0x00, 0x00, 0x00, 0x00, 0x00, 0x00, 0x00,
    0x00, 0x00, 0x00, 0x00, 0x00, 0x00, 0x00, 0x00, 0x00, 0x00, 0x00, 0x00, 0x00, 0x00, 0x00, 0x00, 0x00, 0x00, 0x00, 0x00,
    0x00, 0x00, 0x00, 0x08, 0x01, 0x10, 0x01, 0x18, 0x02, 0x28, 0x03, 0x38, 0x04, 0x40, 0x05, 0x50, 0x06, 0x60, 0x07, 0x78,
    0x08, 0x90, 0x0b, 0xb8, 0x11, 0xf0, 0x3b, 0xf1, 0x7f, 0xff, 0xff, 0xff, 0xdf, 0xfe, 0xbf, 0xfe, 0xbf, 0xff, 0xff, 0xff,
    0xbc, 0xfa, 0x13, 0xf8, 0x0b, 0xc0, 0x08, 0x88, 0x06, 0x68, 0x05, 0x50, 0x03, 0x40, 0x02, 0x30, 0x02, 0x28, 0x01, 0x18,
    0x01, 0x10, 0x00, 0x08, 0x00, 0x08, 0x00, 0x00, 0x00, 0x00, 0x00, 0x00, 0x00, 0x00, 0x00, 0x00, 0x00, 0x00, 0x00, 0x00,
    0x00, 0x00, 0x00, 0x00, 0x00, 0x00, 0x00, 0x00, 0x00, 0x00, 0x00, 0x00, 0x00, 0x00, 0x00, 0x00, 0x00, 0x00, 0x00, 0x00,
    0x00, 0x00, 0x00, 0x00, 0x00, 0x00, 0x00, 0x00, 0x00, 0x00, 0x00, 0x00, 0x00, 0x00, 0x00, 0x00, 0x00, 0x00, 0x00, 0x00,
    0x00, 0x00, 0x00, 0x00, 0x00, 0x00, 0x00, 0x00, 0x00, 0x00, 0x00, 0x00, 0x00, 0x00, 0x00, 0x00, 0x00, 0x00, 0x00, 0x00,
    0x00, 0x00, 0x00, 0x00, 0x00, 0x00, 0x00, 0x00, 0x00, 0x00, 0x00, 0x00, 0x00, 0x00, 0x00, 0x00, 0x20, 0x00, 0x41, 0x00,
    0x41, 0x00, 0x61, 0x00, 0x82, 0x00, 0xc3, 0x00, 0x05, 0x01, 0x66, 0x01, 0xc8, 0x01, 0x2a, 0x02, 0x8c, 0x02, 0xee, 0x02,
    0x70, 0x03, 0xf4, 0x03, 0xb8, 0x04, 0xdb, 0x05, 0x1e, 0x07, 0xdf, 0x07, 0xff, 0x07, 0xdf, 0x37, 0xdf, 0x7f, 0xbf, 0xbf,
    0xbf, 0xe7, 0xdf, 0xff, 0xdf, 0xff, 0xdf, 0xff, 0xdf, 0xff, 0xdf, 0xff, 0xdf, 0xff, 0xdf, 0xff, 0xdf, 0xff, 0xdf, 0xff,
    0xdf, 0xff, 0xdf, 0xff, 0xdf, 0xff, 0xdf, 0xff, 0xdf, 0xdf, 0xdf, 0xa7, 0xdf, 0x5f, 0xff, 0x1f, 0xff, 0x07, 0x9f, 0x07,
    0x9d, 0x06, 0x39, 0x05, 0x35, 0x04, 0x91, 0x03, 0x0e, 0x03, 0xac, 0x02, 0x4a, 0x02, 0xc8, 0x01, 0x87, 0x01, 0x05, 0x01,
    0xc3, 0x00, 0x82, 0x00, 0x41, 0x00, 0x21, 0x00, 0x20, 0x00, 0x00, 0x00, 0x00, 0x00, 0x00, 0x00, 0x00, 0x00, 0x00, 0x00,
    0x00, 0x00, 0x00, 0x00, 0x00, 0x00, 0x00, 0x00, 0x00, 0x00, 0x00, 0x00, 0x00, 0x00, 0x00, 0x00, 0x00, 0x00, 0x00, 0x00,
    0x00, 0x00, 0x00, 0x00, 0x00, 0x00, 0x00, 0x00, 0x00, 0x00, 0x00, 0x00, 0x00, 0x00, 0x00, 0x00, 0x00, 0x00, 0x00, 0x00,
    0x00, 0x00, 0x00, 0x00, 0x00, 0x00, 0x00, 0x00, 0x00, 0x00, 0x00, 0x00, 0x00, 0x00, 0x00, 0x00, 0x00, 0x00, 0x00, 0x00,
    0x00, 0x00, 0x00, 0x00, 0x00, 0x00, 0x00, 0x00, 0x00, 0x00, 0x00, 0x00, 0x00, 0x00, 0x00, 0x00, 0x00, 0x00, 0x00, 0x00,
    0x00, 0x00, 0x00, 0x00, 0x00, 0x00, 0x00, 0x00, 0x00, 0x00, 0x00, 0x00, 0x00, 0x00, 0x00, 0x00, 0x00, 0x00, 0x00, 0x00,
    0x00, 0x00, 0x00, 0x00, 0x00, 0x00, 0x00, 0x00, 0x00, 0x00, 0x00, 0x00, 0x00, 0x00, 0x00, 0x00, 0x00, 0x00, 0x00, 0x00,
    0x00, 0x08, 0x01, 0x10, 0x01, 0x18, 0x02, 0x20, 0x03, 0x30, 0x03, 0x40, 0x04, 0x50, 0x05, 0x60, 0x07, 0x70, 0x08, 0x90,
    0x0a, 0xb0, 0x10, 0xe8, 0x17, 0xf0, 0x9f, 0xf5, 0x5f, 0xff, 0xbf, 0xfc, 0x9f, 0xfb, 0x7f, 0xfb, 0xbf, 0xfc, 0x5f, 0xff,
    0x9f, 0xff, 0xfa, 0xf8, 0x0e, 0xf0, 0x0a, 0xa8, 0x07, 0x80, 0x06, 0x68, 0x04, 0x50, 0x03, 0x38, 0x02, 0x30, 0x02, 0x20,
    0x01, 0x18, 0x01, 0x10, 0x00, 0x08, 0x00, 0x08, 0x00, 0x00, 0x00, 0x00, 0x00, 0x00, 0x00, 0x00, 0x00, 0x00, 0x00, 0x00,
    0x00, 0x00, 0x00, 0x00, 0x00, 0x00, 0x00, 0x00, 0x00, 0x00, 0x00, 0x00, 0x00, 0x00, 0x00, 0x00, 0x00, 0x00, 0x00, 0x00,
    0x00, 0x00, 0x00, 0x00, 0x00, 0x00, 0x00, 0x00, 0x00, 0x00, 0x00, 0x00, 0x00, 0x00, 0x00, 0x00, 0x00, 0x00, 0x00, 0x00,
    0x00, 0x00, 0x00, 0x00, 0x00, 0x00, 0x00, 0x00, 0x00, 0x00, 0x00, 0x00, 0x00, 0x00, 0x00, 0x00, 0x00, 0x00, 0x00, 0x00,
    0x00, 0x00, 0x00, 0x00, 0x00, 0x00, 0x00, 0x00, 0x00, 0x00, 0x00, 0x00, 0x00, 0x00, 0x20, 0x00, 0x41, 0x00, 0x61, 0x00,
    0x82, 0x00, 0xa3, 0x00, 0xe4, 0x00, 0x66, 0x01, 0xc8, 0x01, 0x2a, 0x02, 0x8c, 0x02, 0xee, 0x02, 0x50, 0x03, 0xb3, 0x03,
    0xb8, 0x04, 0x5d, 0x06, 0x7f, 0x07, 0xff, 0x07, 0xdf, 0x2f, 0xdf, 0x87, 0xdf, 0xdf, 0xdf, 0xff, 0xdf, 0xff, 0xdf, 0xf7,
    0xdf, 0xdf, 0xdf, 0xbf, 0xdf, 0xa7, 0xdf, 0x8f, 0xbf, 0x87, 0xbf, 0x77, 0xbf, 0x77, 0xbf, 0x77, 0xdf, 0x77, 0xdf, 0x7f,
    0xbf, 0x87, 0xdf, 0x9f, 0xdf, 0xb7, 0xdf, 0xcf, 0xdf, 0xef, 0xff, 0xff, 0xdf, 0xff, 0xdf, 0xf7, 0xdf, 0xaf, 0xdf, 0x4f,
    0xff, 0x07, 0xdf, 0x07, 0xbe, 0x06, 0x19, 0x05, 0xf4, 0x03, 0x91, 0x03, 0x0e, 0x03, 0x8c, 0x02, 0x2a, 0x02, 0x87, 0x01,
    0x25, 0x01, 0xc3, 0x00, 0x82, 0x00, 0x61, 0x00, 0x41, 0x00, 0x20, 0x00, 0x00, 0x00, 0x00, 0x00, 0x00, 0x00, 0x00, 0x00,
    0x00, 0x00, 0x00, 0x00, 0x00, 0x00, 0x00, 0x00, 0x00, 0x00, 0x00, 0x00, 0x00, 0x00, 0x00, 0x00, 0x00, 0x00, 0x00, 0x00,
    0x00, 0x00, 0x00, 0x00, 0x00, 0x00, 0x00, 0x00, 0x00, 0x00, 0x00, 0x00, 0x00, 0x00, 0x00, 0x00, 0x00, 0x00, 0x00, 0x00,
    0x00, 0x00, 0x00, 0x00, 0x00, 0x00, 0x00, 0x00, 0x00, 0x00, 0x00, 0x00, 0x00, 0x00, 0x00, 0x00, 0x00, 0x00, 0x00, 0x00,
    0x00, 0x00, 0x00, 0x00, 0x00, 0x00, 0x00, 0x00, 0x00, 0x00, 0x00, 0x00, 0x00, 0x00, 0x00, 0x00, 0x00, 0x00, 0x00, 0x00,
    0x00, 0x00, 0x00, 0x00, 0x00, 0x00, 0x00, 0x00, 0x00, 0x00, 0x00, 0x00, 0x00, 0x00, 0x00, 0x00, 0x00, 0x00, 0x00, 0x00,
    0x00, 0x00, 0x00, 0x00, 0x00, 0x00, 0x00, 0x00, 0x00, 0x00, 0x00, 0x00, 0x00, 0x00, 0x00, 0x00, 0x00, 0x00, 0x00, 0x08,
    0x00, 0x08, 0x01, 0x10, 0x01, 0x18, 0x02, 0x28, 0x03, 0x38, 0x04, 0x48, 0x05, 0x58, 0x06, 0x68, 0x07, 0x80, 0x09, 0xa0,
    0x2e, 0xd8, 0x14, 0xf8, 0x9d, 0xfb, 0x7f, 0xff, 0x7f, 0xfc, 0x7f, 0xfa, 0x3f, 0xf9, 0x3f, 0xf9, 0x9f, 0xfa, 0xbf, 0xfc,
    0xbf, 0xff, 0x5e, 0xf5, 0x15, 0xf8, 0x0c, 0xd8, 0x08, 0x90, 0x07, 0x78, 0x06, 0x60, 0x04, 0x48, 0x03, 0x38, 0x02, 0x28,
    0x01, 0x20, 0x01, 0x18, 0x00, 0x08, 0x00, 0x08, 0x00, 0x00, 0x00, 0x00, 0x00, 0x00, 0x00, 0x00, 0x00, 0x00, 0x00, 0x00,
    0x00, 0x00, 0x00, 0x00, 0x00, 0x00, 0x00, 0x00, 0x00, 0x00, 0x00, 0x00, 0x00, 0x00, 0x00, 0x00, 0x00, 0x00, 0x00, 0x00,
    0x00, 0x00, 0x00, 0x00, 0x00, 0x00, 0x00, 0x00, 0x00, 0x00, 0x00, 0x00, 0x00, 0x00, 0x00, 0x00, 0x00, 0x00, 0x00, 0x00,
    0x00, 0x00, 0x00, 0x00, 0x00, 0x00, 0x00, 0x00, 0x00, 0x00, 0x00, 0x00, 0x00, 0x00, 0x00, 0x00, 0x00, 0x00, 0x00, 0x00,
    0x00, 0x00, 0x00, 0x00, 0x00, 0x00, 0x00, 0x00, 0x00, 0x00, 0x20, 0x00, 0x20, 0x00, 0x41, 0x00, 0x61, 0x00, 0x82, 0x00,
    0xa3, 0x00, 0xe4, 0x00, 0x46, 0x01, 0xc8, 0x01, 0x4b, 0x02, 0xcd, 0x02, 0x4f, 0x03, 0x92, 0x03, 0x57, 0x04, 0x1c, 0x06,
    0x9f, 0x07, 0xdf, 0x07, 0xdf, 0x4f, 0xdf, 0xbf, 0xdf, 0xff, 0xdf, 0xff, 0xdf, 0xe7, 0xdf, 0xbf, 0xdf, 0x97, 0xbf, 0x77,
    0xbf, 0x57, 0xbf, 0x37, 0xbf, 0x27, 0xbf, 0x1f, 0xbf, 0x17, 0xbf, 0x0f, 0xbf, 0x0f, 0xbf, 0x0f, 0xbf, 0x0f, 0xbf, 0x17,
    0xbf, 0x17, 0xbf, 0x27, 0xbf, 0x37, 0xdf, 0x4f, 0xdf, 0x6f, 0xdf, 0x8f, 0xdf, 0xb7, 0xdf, 0xdf, 0xdf, 0xff, 0xdf, 0xff,
    0xdf, 0xd7, 0xdf, 0x67, 0xff, 0x07, 0xbf, 0x07, 0x5d, 0x06, 0xb8, 0x04, 0xd3, 0x03, 0x2f, 0x03, 0xad, 0x02, 0x09, 0x02,
    0x87, 0x01, 0x25, 0x01, 0xc3, 0x00, 0x82, 0x00, 0x61, 0x00, 0x41, 0x00, 0x20, 0x00, 0x00, 0x00, 0x00, 0x00, 0x00, 0x00,
    0x00, 0x00, 0x00, 0x00, 0x00, 0x00, 0x00, 0x00, 0x00, 0x00, 0x00, 0x00, 0x00, 0x00, 0x00, 0x00, 0x00, 0x00, 0x00, 0x00,
    0x00, 0x00, 0x00, 0x00, 0x00, 0x00, 0x00, 0x00, 0x00, 0x00, 0x00, 0x00, 0x00, 0x00, 0x00, 0x00, 0x00, 0x00, 0x00, 0x00,
    0x00, 0x00, 0x00, 0x00, 0x00, 0x00, 0x00, 0x00, 0x00, 0x00, 0x00, 0x00, 0x00, 0x00, 0x00, 0x00, 0x00, 0x00, 0x00, 0x00,
    0x00, 0x00, 0x00, 0x00, 0x00, 0x00, 0x00, 0x00, 0x00, 0x00, 0x00, 0x00, 0x00, 0x00, 0x00, 0x00, 0x00, 0x00, 0x00, 0x00,
    0x00, 0x00, 0x00, 0x00, 0x00, 0x00, 0x00, 0x00, 0x00, 0x00, 0x00, 0x00, 0x00, 0x00, 0x00, 0x00, 0x00, 0x00, 0x00, 0x00,
    0x00, 0x00, 0x00, 0x00, 0x00, 0x00, 0x00, 0x00, 0x00, 0x00, 0x00, 0x00, 0x00, 0x00, 0x00, 0x00, 0x00, 0x08, 0x00, 0x08,
    0x01, 0x10, 0x01, 0x20, 0x02, 0x28, 0x03, 0x30, 0x04, 0x40, 0x05, 0x50, 0x06, 0x68, 0x07, 0x78, 0x08, 0x90, 0x0b, 0xb8,
    0x11, 0xf0, 0x5a, 0xf9, 0x1f, 0xff, 0x9f, 0xfd, 0xbf, 0xfa, 0x1f, 0xf9, 0x3e, 0xf8, 0x3e, 0xf8, 0x1f, 0xf9, 0x9f, 0xfa,
    0xbf, 0xfd, 0xff, 0xff, 0x9c, 0xfa, 0x12, 0xf8, 0x2b, 0xc0, 0x08, 0x88, 0x06, 0x70, 0x05, 0x50, 0x04, 0x40, 0x03, 0x30,
    0x02, 0x28, 0x01, 0x20, 0x01, 0x10, 0x00, 0x08, 0x00, 0x08, 0x00, 0x00, 0x00, 0x00, 0x00, 0x00, 0x00, 0x00, 0x00, 0x00,
    0x00, 0x00, 0x00, 0x00, 0x00, 0x00, 0x00, 0x00, 0x00, 0x00, 0x00, 0x00, 0x00, 0x00, 0x00, 0x00, 0x00, 0x00, 0x00, 0x00,
    0x00, 0x00, 0x00, 0x00, 0x00, 0x00, 0x00, 0x00, 0x00, 0x00, 0x00, 0x00, 0x00, 0x00, 0x00, 0x00, 0x00, 0x00, 0x00, 0x00,
    0x00, 0x00, 0x00, 0x00, 0x00, 0x00, 0x00, 0x00, 0x00, 0x00, 0x00, 0x00, 0x00, 0x00, 0x00, 0x00, 0x00, 0x00, 0x00, 0x00,
    0x00, 0x00, 0x00, 0x00, 0x00, 0x00, 0x00, 0x00, 0x00, 0x00, 0x20, 0x00, 0x41, 0x00, 0x61, 0x00, 0x82, 0x00, 0xc3, 0x00,
    0x25, 0x01, 0x87, 0x01, 0xe9, 0x01, 0x8c, 0x02, 0x0e, 0x03, 0x91, 0x03, 0x15, 0x04, 0x7b, 0x05, 0x3e, 0x07, 0xff, 0x07,
    0xdf, 0x4f, 0xdf, 0xc7, 0xdf, 0xff, 0xdf, 0xff, 0xdf, 0xcf, 0xdf, 0x97, 0xbf, 0x67, 0xbf, 0x3f, 0xbf, 0x27, 0xbf, 0x0f,
    0xdf, 0x07, 0xbf, 0x07, 0xbf, 0x07, 0xbf, 0x07, 0xbf, 0x07, 0xbf, 0x07, 0xbf, 0x07, 0xbf, 0x07, 0xbf, 0x07, 0xbf, 0x07,
    0xbf, 0x07, 0xbf, 0x07, 0xdf, 0x07, 0xbf, 0x07, 0xbf, 0x0f, 0xbf, 0x1f, 0xbf, 0x37, 0xdf, 0x5f, 0xdf, 0x8f, 0xdf, 0xc7,
    0xdf, 0xf7, 0xdf, 0xff, 0xdf, 0xcf, 0xdf, 0x47, 0xff, 0x07, 0x7f, 0x07, 0xbb, 0x05, 0x15, 0x04, 0x91, 0x03, 0xcd, 0x02,
    0x4b, 0x02, 0xe8, 0x01, 0x45, 0x01, 0xe4, 0x00, 0x82, 0x00, 0x61, 0x00, 0x41, 0x00, 0x20, 0x00, 0x00, 0x00, 0x00, 0x00,
    0x00, 0x00, 0x00, 0x00, 0x00, 0x00, 0x00, 0x00, 0x00, 0x00, 0x00, 0x00, 0x00, 0x00, 0x00, 0x00, 0x00, 0x00, 0x00, 0x00,
    0x00, 0x00, 0x00, 0x00, 0x00, 0x00, 0x00, 0x00, 0x00, 0x00, 0x00, 0x00, 0x00, 0x00, 0x00, 0x00, 0x00, 0x00, 0x00, 0x00,
    0x00, 0x00, 0x00, 0x00, 0x00, 0x00, 0x00, 0x00, 0x00, 0x00, 0x00, 0x00, 0x00, 0x00, 0x00, 0x00, 0x00, 0x00, 0x00, 0x00,
    0x00, 0x00, 0x00, 0x00, 0x00, 0x00, 0x00, 0x00, 0x00, 0x00, 0x00, 0x00, 0x00, 0x00, 0x00, 0x00, 0x00, 0x00, 0x00, 0x00,
    0x00, 0x00, 0x00, 0x00, 0x00, 0x00, 0x00, 0x00, 0x00, 0x00, 0x00, 0x00, 0x00, 0x00, 0x00, 0x00, 0x00, 0x00, 0x00, 0x00,
    0x00, 0x00, 0x00, 0x00, 0x00, 0x00, 0x00, 0x00, 0x00, 0x00, 0x00, 0x00, 0x00, 0x00, 0x00, 0x08, 0x00, 0x08, 0x01, 0x10,
    0x01, 0x18, 0x02, 0x28, 0x02, 0x30, 0x03, 0x40, 0x04, 0x50, 0x05, 0x60, 0x07, 0x70, 0x08, 0x88, 0x0a, 0xb0, 0x0e, 0xe8,
    0x16, 0xf8, 0x3f, 0xfd, 0xbf, 0xfe, 0x9f, 0xfb, 0x7f, 0xf9, 0x5f, 0xf8, 0x1d, 0xf8, 0x1d, 0xf8, 0x3e, 0xf8, 0x5f, 0xf9,
    0xdf, 0xfb, 0x5f, 0xff, 0xff, 0xfe, 0x79, 0xf8, 0x0f, 0xf0, 0x09, 0xa8, 0x07, 0x78, 0x06, 0x60, 0x04, 0x50, 0x03, 0x38,
    0x02, 0x30, 0x02, 0x20, 0x01, 0x18, 0x01, 0x10, 0x00, 0x08, 0x00, 0x00, 0x00, 0x00, 0x00, 0x00, 0x00, 0x00, 0x00, 0x00,
    0x00, 0x00, 0x00, 0x00, 0x00, 0x00, 0x00, 0x00, 0x00, 0x00, 0x00, 0x00, 0x00, 0x00, 0x00, 0x00, 0x00, 0x00, 0x00, 0x00,
    0x00, 0x00, 0x00, 0x00, 0x00, 0x00, 0x00, 0x00, 0x00, 0x00, 0x00, 0x00, 0x00, 0x00, 0x00, 0x00, 0x00, 0x00, 0x00, 0x00,
    0x00, 0x00, 0x00, 0x00, 0x00, 0x00, 0x00, 0x00, 0x00, 0x00, 0x00, 0x00, 0x00, 0x00, 0x00, 0x00, 0x00, 0x00, 0x00, 0x00,
    0x00, 0x00, 0x00, 0x00, 0x00, 0x00, 0x00, 0x00, 0x20, 0x00, 0x41, 0x00, 0x61, 0x00, 0x82, 0x00, 0xe4, 0x00, 0x25, 0x01,
    0xa7, 0x01, 0x0a, 0x02, 0x8c, 0x02, 0x2f, 0x03, 0xb2, 0x03, 0x97, 0x04, 0x9d, 0x06, 0xdf, 0x07, 0xdf, 0x27, 0xbf, 0xaf,
    0xdf, 0xff, 0xdf, 0xff, 0xdf, 0xbf, 0xdf, 0x87, 0xbf, 0x4f, 0xbf, 0x27, 0xbf, 0x0f, 0xbf, 0x07, 0xbf, 0x07, 0xbf, 0x07,
    0xbf, 0x07, 0xbf, 0x07, 0xbf, 0x07, 0xdf, 0x07, 0xdf, 0x07, 0xff, 0x07, 0xff, 0x07, 0xdf, 0x07, 0xdf, 0x07, 0xdf, 0x07,
    0xdf, 0x07, 0xdf, 0x07, 0xbf, 0x07, 0xbf, 0x07, 0xbf, 0x07, 0xbf, 0x07, 0xbf, 0x07, 0xbf, 0x07, 0xbf, 0x1f, 0xdf, 0x4f,
    0xdf, 0x7f, 0xdf, 0xbf, 0xdf, 0xff, 0xdf, 0xff, 0xdf, 0xa7, 0xdf, 0x1f, 0xff, 0x07, 0x5d, 0x06, 0x77, 0x04, 0xb1, 0x03,
    0x0e, 0x03, 0x6b, 0x02, 0xc8, 0x01, 0x46, 0x01, 0xe4, 0x00, 0x82, 0x00, 0x61, 0x00, 0x41, 0x00, 0x20, 0x00, 0x00, 0x00,
    0x00, 0x00, 0x00, 0x00, 0x00, 0x00, 0x00, 0x00, 0x00, 0x00, 0x00, 0x00, 0x00, 0x00, 0x00, 0x00, 0x00, 0x00, 0x00, 0x00,
    0x00, 0x00, 0x00, 0x00, 0x00, 0x00, 0x00, 0x00, 0x00, 0x00, 0x00, 0x00, 0x00, 0x00, 0x00, 0x00, 0x00, 0x00, 0x00, 0x00,
    0x00, 0x00, 0x00, 0x00, 0x00, 0x00, 0x00, 0x00, 0x00, 0x00, 0x00, 0x00, 0x00, 0x00, 0x00, 0x00, 0x00, 0x00, 0x00, 0x00,
    0x00, 0x00, 0x00, 0x00, 0x00, 0x00, 0x00, 0x00, 0x00, 0x00, 0x00, 0x00, 0x00, 0x00, 0x00, 0x00, 0x00, 0x00, 0x00, 0x00,
    0x00, 0x00, 0x00, 0x00, 0x00, 0x00, 0x00, 0x00, 0x00, 0x00, 0x00, 0x00, 0x00, 0x00, 0x00, 0x00, 0x00, 0x00, 0x00, 0x00,
    0x00, 0x00, 0x00, 0x00, 0x00, 0x00, 0x00, 0x00, 0x00, 0x00, 0x00, 0x00, 0x00, 0x00, 0x00, 0x08, 0x00, 0x10, 0x01, 0x18,
    0x01, 0x20, 0x02, 0x30, 0x03, 0x38, 0x04, 0x48, 0x05, 0x58, 0x06, 0x68, 0x07, 0x80, 0x09, 0xa0, 0x2d, 0xd8, 0x13, 0xf8,
    0xdd, 0xf2, 0x1f, 0xff, 0x7f, 0xfc, 0x3f, 0xfa, 0x9f, 0xf8, 0x1d, 0xf8, 0x1d, 0xf8, 0x1d, 0xf8, 0x1d, 0xf8, 0x9f, 0xf8,
    0x5f, 0xfa, 0xff, 0xfc, 0xff, 0xff, 0x7d, 0xfc, 0x15, 0xf8, 0x0c, 0xd0, 0x08, 0x90, 0x07, 0x70, 0x05, 0x58, 0x04, 0x48,
    0x03, 0x38, 0x02, 0x28, 0x01, 0x20, 0x01, 0x18, 0x00, 0x08, 0x00, 0x08, 0x00, 0x00, 0x00, 0x00, 0x00, 0x00, 0x00, 0x00,
    0x00, 0x00, 0x00, 0x00, 0x00, 0x00, 0x00, 0x00, 0x00, 0x00, 0x00, 0x00, 0x00, 0x00, 0x00, 0x00, 0x00, 0x00, 0x00, 0x00,
    0x00, 0x00, 0x00, 0x00, 0x00, 0x00, 0x00, 0x00, 0x00, 0x00, 0x00, 0x00, 0x00, 0x00, 0x00, 0x00, 0x00, 0x00, 0x00, 0x00,
    0x00, 0x00, 0x00, 0x00, 0x00, 0x00, 0x00, 0x00, 0x00, 0x00, 0x00, 0x00, 0x00, 0x00, 0x00, 0x00, 0x00, 0x00, 0x00, 0x00,
    0x00, 0x00, 0x00, 0x00, 0x00, 0x00, 0x20, 0x00, 0x41, 0x00, 0x62, 0x00, 0xa3, 0x00, 0xe4, 0x00, 0x46, 0x01, 0xa8, 0x01,
    0x2a, 0x02, 0xad, 0x02, 0x50, 0x03, 0xf4, 0x03, 0x3a, 0x05, 0x3e, 0x07, 0xdf, 0x07, 0xbf, 0x6f, 0xdf, 0xf7, 0xdf, 0xff,
    0xdf, 0xc7, 0xdf, 0x87, 0xdf, 0x47, 0xbf, 0x1f, 0xbf, 0x07, 0xdf, 0x07, 0xbf, 0x07, 0xbf, 0x07, 0xdf, 0x07, 0xdf, 0x07,
    0xff, 0x07, 0xdf, 0x07, 0xbf, 0x07, 0x7f, 0x07, 0x3e, 0x07, 0x1e, 0x07, 0xfe, 0x06, 0xfe, 0x06, 0x1e, 0x07, 0x5e, 0x07,
    0x7f, 0x07, 0xbf, 0x07, 0xdf, 0x07, 0xff, 0x07, 0xdf, 0x07, 0xbf, 0x07, 0xbf, 0x07, 0xbf, 0x07, 0xdf, 0x07, 0xbf, 0x07,
    0xdf, 0x1f, 0xdf, 0x4f, 0xdf, 0x97, 0xdf, 0xd7, 0xdf, 0xff, 0xdf, 0xef, 0xdf, 0x57, 0xff, 0x07, 0xfe, 0x06, 0xb8, 0x04,
    0xb2, 0x03, 0x0e, 0x03, 0x4b, 0x02, 0xc8, 0x01, 0x46, 0x01, 0xe4, 0x00, 0x82, 0x00, 0x61, 0x00, 0x41, 0x00, 0x20, 0x00,
    0x00, 0x00, 0x00, 0x00, 0x00, 0x00, 0x00, 0x00, 0x00, 0x00, 0x00, 0x00, 0x00, 0x00, 0x00, 0x00, 0x00, 0x00, 0x00, 0x00,
    0x00, 0x00, 0x00, 0x00, 0x00, 0x00, 0x00, 0x00, 0x00, 0x00, 0x00, 0x00, 0x00, 0x00, 0x00, 0x00, 0x00, 0x00, 0x00, 0x00,
    0x00, 0x00, 0x00, 0x00, 0x00, 0x00, 0x00, 0x00, 0x00, 0x00, 0x00, 0x00, 0x00, 0x00, 0x00, 0x00, 0x00, 0x00, 0x00, 0x00,
    0x00, 0x00, 0x00, 0x00, 0x00, 0x00, 0x00, 0x00, 0x00, 0x00, 0x00, 0x00, 0x00, 0x00, 0x00, 0x00, 0x00, 0x00, 0x00, 0x00,
    0x00, 0x00, 0x00, 0x00, 0x00, 0x00, 0x00, 0x00, 0x00, 0x00, 0x00, 0x00, 0x00, 0x00, 0x00, 0x00, 0x00, 0x00, 0x00, 0x00,
    0x00, 0x00, 0x00, 0x00, 0x00, 0x00, 0x00, 0x00, 0x00, 0x00, 0x00, 0x00, 0x00, 0x08, 0x00, 0x08, 0x01, 0x10, 0x01, 0x20,
    0x02, 0x28, 0x03, 0x38, 0x04, 0x40, 0x05, 0x50, 0x06, 0x60, 0x07, 0x78, 0x08, 0x90, 0x0b, 0xc0, 0x12, 0xf8, 0xfa, 0xf8,
    0x9f, 0xfe, 0x9f, 0xfd, 0xdf, 0xfa, 0xff, 0xf8, 0x3e, 0xf8, 0x1d, 0xf8, 0x7e, 0xf8, 0x7e, 0xf8, 0x1e, 0xf8, 0x3e, 0xf8,
    0x1f, 0xf9, 0xff, 0xfa, 0x5f, 0xfe, 0xff, 0xff, 0xdb, 0xf9, 0x11, 0xf0, 0x0a, 0xb8, 0x08, 0x88, 0x06, 0x68, 0x05, 0x50,
    0x04, 0x40, 0x03, 0x38, 0x02, 0x28, 0x01, 0x18, 0x01, 0x10, 0x00, 0x08, 0x00, 0x08, 0x00, 0x00, 0x00, 0x00, 0x00, 0x00,
    0x00, 0x00, 0x00, 0x00, 0x00, 0x00, 0x00, 0x00, 0x00, 0x00, 0x00, 0x00, 0x00, 0x00, 0x00, 0x00, 0x00, 0x00, 0x00, 0x00,
    0x00, 0x00, 0x00, 0x00, 0x00, 0x00, 0x00, 0x00, 0x00, 0x00, 0x00, 0x00, 0x00, 0x00, 0x00, 0x00, 0x00, 0x00, 0x00, 0x00,
    0x00, 0x00, 0x00, 0x00, 0x00, 0x00, 0x00, 0x00, 0x00, 0x00, 0x00, 0x00, 0x00, 0x00, 0x00, 0x00, 0x00, 0x00, 0x00, 0x00,
    0x00, 0x00, 0x00, 0x00, 0x20, 0x00, 0x41, 0x00, 0x62, 0x00, 0xa3, 0x00, 0x04, 0x01, 0x46, 0x01, 0xc8, 0x01, 0x2a, 0x02,
    0xce, 0x02, 0x91, 0x03, 0x15, 0x04, 0xdc, 0x05, 0xdf, 0x07, 0xdf, 0x17, 0xbf, 0xaf, 0xdf, 0xff, 0xdf, 0xe7, 0xdf, 0x9f,
    0xbf, 0x4f, 0xbf, 0x1f, 0xbf, 0x07, 0xbf, 0x07, 0xbf, 0x07, 0xbf, 0x07, 0xdf, 0x07, 0xff, 0x07, 0xbf, 0x07, 0x1e, 0x07,
    0x5d, 0x06, 0xbc, 0x05, 0x3a, 0x05, 0xd9, 0x04, 0x98, 0x04, 0x77, 0x04, 0x57, 0x04, 0x77, 0x04, 0x97, 0x04, 0xb8, 0x04,
    0xf9, 0x04, 0x5b, 0x05, 0xdc, 0x05, 0x7d, 0x06, 0x3e, 0x07, 0xbf, 0x07, 0xff, 0x07, 0xdf, 0x07, 0xbf, 0x07, 0xbf, 0x07,
    0xbf, 0x07, 0xbf, 0x07, 0xbf, 0x27, 0xbf, 0x67, 0xdf, 0xaf, 0xdf, 0xf7, 0xdf, 0xff, 0xbf, 0x87, 0xff, 0x07, 0x3f, 0x07,
    0xd9, 0x04, 0xb2, 0x03, 0x0f, 0x03, 0x8c, 0x02, 0xe9, 0x01, 0x46, 0x01, 0xe4, 0x00, 0x82, 0x00, 0x41, 0x00, 0x20, 0x00,
    0x00, 0x00, 0x00, 0x00, 0x00, 0x00, 0x00, 0x00, 0x00, 0x00, 0x00, 0x00, 0x00, 0x00, 0x00, 0x00, 0x00, 0x00, 0x00, 0x00,
    0x00, 0x00, 0x00, 0x00, 0x00, 0x00, 0x00, 0x00, 0x00, 0x00, 0x00, 0x00, 0x00, 0x00, 0x00, 0x00, 0x00, 0x00, 0x00, 0x00,
    0x00, 0x00, 0x00, 0x00, 0x00, 0x00, 0x00, 0x00, 0x00, 0x00, 0x00, 0x00, 0x00, 0x00, 0x00, 0x00, 0x00, 0x00, 0x00, 0x00,
    0x00, 0x00, 0x00, 0x00, 0x00, 0x00, 0x00, 0x00, 0x00, 0x00, 0x00, 0x00, 0x00, 0x00, 0x00, 0x00, 0x00, 0x00, 0x00, 0x00,
    0x00, 0x00, 0x00, 0x00, 0x00, 0x00, 0x00, 0x00, 0x00, 0x00, 0x00, 0x00, 0x00, 0x00, 0x00, 0x00, 0x00, 0x00, 0x00, 0x00,
    0x00, 0x00, 0x00, 0x00, 0x00, 0x00, 0x00, 0x00, 0x00, 0x00, 0x00, 0x00, 0x00, 0x08, 0x00, 0x10, 0x01, 0x18, 0x02, 0x20,
    0x02, 0x30, 0x03, 0x40, 0x04, 0x50, 0x05, 0x58, 0x06, 0x70, 0x08, 0x88, 0x09, 0xa8, 0x0f, 0xe8, 0x17, 0xf8, 0xdf, 0xfc,
    0xdf, 0xfe, 0xdf, 0xfb, 0xbf, 0xf9, 0x5f, 0xf8, 0x1d, 0xf8, 0x9e, 0xf8, 0xbe, 0xf9, 0x5e, 0xfa, 0xff, 0xf8, 0x1e, 0xf8,
    0x5e, 0xf8, 0xbf, 0xf9, 0x7f, 0xfc, 0xbf, 0xff, 0x3f, 0xfe, 0x18, 0xf8, 0x0e, 0xe8, 0x09, 0xa0, 0x07, 0x78, 0x05, 0x60,
    0x04, 0x50, 0x03, 0x40, 0x02, 0x30, 0x02, 0x20, 0x01, 0x18, 0x01, 0x10, 0x00, 0x08, 0x00, 0x00, 0x00, 0x00, 0x00, 0x00,
    0x00, 0x00, 0x00, 0x00, 0x00, 0x00, 0x00, 0x00, 0x00, 0x00, 0x00, 0x00, 0x00, 0x00, 0x00, 0x00, 0x00, 0x00, 0x00, 0x00,
    0x00, 0x00, 0x00, 0x00, 0x00, 0x00, 0x00, 0x00, 0x00, 0x00, 0x00, 0x00, 0x00, 0x00, 0x00, 0x00, 0x00, 0x00, 0x00, 0x00,
    0x00, 0x00, 0x00, 0x00, 0x00, 0x00, 0x00, 0x00, 0x00, 0x00, 0x00, 0x00, 0x00, 0x00, 0x00, 0x00, 0x00, 0x00, 0x00, 0x00,
    0x00, 0x00, 0x20, 0x00, 0x41, 0x00, 0x62, 0x00, 0xa3, 0x00, 0xe4, 0x00, 0x46, 0x01, 0xa8, 0x01, 0x4b, 0x02, 0xcd, 0x02,
    0x91, 0x03, 0x56, 0x04, 0x3d, 0x06, 0xff, 0x07, 0xdf, 0x3f, 0xdf, 0xdf, 0xdf, 0xff, 0xdf, 0xc7, 0xbf, 0x77, 0xbf, 0x37,
    0xbf, 0x07, 0xbf, 0x07, 0xbf, 0x07, 0xbf, 0x07, 0xdf, 0x07, 0xdf, 0x07, 0x3e, 0x07, 0x1c, 0x06, 0x3a, 0x05, 0x98, 0x04,
    0x56, 0x04, 0x15, 0x04, 0xd3, 0x03, 0xb3, 0x03, 0xb2, 0x03, 0x92, 0x03, 0x91, 0x03, 0x92, 0x03, 0xb2, 0x03, 0xb2, 0x03,
    0xb3, 0x03, 0xd3, 0x03, 0x15, 0x04, 0x36, 0x04, 0x98, 0x04, 0x5a, 0x05, 0x5d, 0x06, 0x7f, 0x07, 0xff, 0x07, 0xdf, 0x07,
    0xbf, 0x07, 0xbf, 0x07, 0xbf, 0x07, 0xbf, 0x17, 0xbf, 0x47, 0xdf, 0x8f, 0xdf, 0xdf, 0xdf, 0xff, 0xdf, 0xaf, 0xff, 0x07,
    0x5f, 0x07, 0xf9, 0x04, 0xb2, 0x03, 0x2f, 0x03, 0x4b, 0x02, 0xa7, 0x01, 0x25, 0x01, 0xa3, 0x00, 0x62, 0x00, 0x41, 0x00,
    0x20, 0x00, 0x00, 0x00, 0x00, 0x00, 0x00, 0x00, 0x00, 0x00, 0x00, 0x00, 0x00, 0x00, 0x00, 0x00, 0x00, 0x00, 0x00, 0x00,
    0x00, 0x00, 0x00, 0x00, 0x00, 0x00, 0x00, 0x00, 0x00, 0x00, 0x00, 0x00, 0x00, 0x00, 0x00, 0x00, 0x00, 0x00, 0x00, 0x00,
    0x00, 0x00, 0x00, 0x00, 0x00, 0x00, 0x00, 0x00, 0x00, 0x00, 0x00, 0x00, 0x00, 0x00, 0x00, 0x00, 0x00, 0x00, 0x00, 0x00,
    0x00, 0x00, 0x00, 0x00, 0x00, 0x00, 0x00, 0x00, 0x00, 0x00, 0x00, 0x00, 0x00, 0x00, 0x00, 0x00, 0x00, 0x00, 0x00, 0x00,
    0x00, 0x00, 0x00, 0x00, 0x00, 0x00, 0x00, 0x00, 0x00, 0x00, 0x00, 0x00, 0x00, 0x00, 0x00, 0x00, 0x00, 0x00, 0x00, 0x00,
    0x00, 0x00, 0x00, 0x00, 0x00, 0x00, 0x00, 0x00, 0x00, 0x00, 0x00, 0x08, 0x00, 0x10, 0x01, 0x10, 0x01, 0x20, 0x02, 0x30,
    0x03, 0x38, 0x04, 0x48, 0x05, 0x58, 0x06, 0x68, 0x07, 0x80, 0x09, 0xa0, 0x2e, 0xd0, 0x14, 0xf8, 0x5c, 0xf2, 0x1f, 0xff,
    0xde, 0xfc, 0x9f, 0xfa, 0xdf, 0xf8, 0x1e, 0xf8, 0x1e, 0xf8, 0xdf, 0xf9, 0xf8, 0xf8, 0x79, 0xf1, 0xbf, 0xfa, 0x7e, 0xf8,
    0x1e, 0xf8, 0xdf, 0xf8, 0xbf, 0xfa, 0x7f, 0xfd, 0xff, 0xff, 0x7d, 0xf3, 0x13, 0xf8, 0x0b, 0xc8, 0x08, 0x88, 0x07, 0x70,
    0x05, 0x58, 0x04, 0x48, 0x03, 0x38, 0x02, 0x28, 0x01, 0x20, 0x01, 0x10, 0x00, 0x10, 0x00, 0x08, 0x00, 0x00, 0x00, 0x00,
    0x00, 0x00, 0x00, 0x00, 0x00, 0x00, 0x00, 0x00, 0x00, 0x00, 0x00, 0x00, 0x00, 0x00, 0x00, 0x00, 0x00, 0x00, 0x00, 0x00,
    0x00, 0x00, 0x00, 0x00, 0x00, 0x00, 0x00, 0x00, 0x00, 0x00, 0x00, 0x00, 0x00, 0x00, 0x00, 0x00, 0x00, 0x00, 0x00, 0x00,
    0x00, 0x00, 0x00, 0x00, 0x00, 0x00, 0x00, 0x00, 0x00, 0x00, 0x00, 0x00, 0x00, 0x00, 0x00, 0x00, 0x00, 0x00, 0x00, 0x00,
    0x20, 0x00, 0x41, 0x00, 0x62, 0x00, 0xa3, 0x00, 0xe4, 0x00, 0x67, 0x01, 0xe9, 0x01, 0x6b, 0x02, 0xee, 0x02, 0xb2, 0x03,
    0x77, 0x04, 0x9d, 0x06, 0xff, 0x07, 0xdf, 0x57, 0xdf, 0xff, 0xdf, 0xf7, 0xdf, 0xaf, 0xbf, 0x57, 0xbf, 0x1f, 0xbf, 0x07,
    0xbf, 0x07, 0xbf, 0x07, 0xdf, 0x07, 0xdf, 0x07, 0xfe, 0x06, 0xbb, 0x05, 0x98, 0x04, 0x15, 0x04, 0xd3, 0x03, 0x91, 0x03,
    0x70, 0x03, 0x30, 0x03, 0x0f, 0x03, 0xce, 0x02, 0xcd, 0x02, 0xcd, 0x02, 0xcd, 0x02, 0xce, 0x02, 0xce, 0x02, 0xcd, 0x02,
    0xce, 0x02, 0x0f, 0x03, 0x50, 0x03, 0x71, 0x03, 0x92, 0x03, 0xd3, 0x03, 0x36, 0x04, 0xd9, 0x04, 0x1c, 0x06, 0x7f, 0x07,
    0xff, 0x07, 0xbf, 0x07, 0xbf, 0x07, 0xdf, 0x07, 0xbf, 0x07, 0xbf, 0x2f, 0xdf, 0x77, 0xdf, 0xcf, 0xdf, 0xff, 0xdf, 0xb7,
    0xdf, 0x07, 0x5f, 0x07, 0xf9, 0x04, 0xd2, 0x03, 0xee, 0x02, 0x4a, 0x02, 0xc8, 0x01, 0x05, 0x01, 0xc3, 0x00, 0x62, 0x00,
    0x41, 0x00, 0x20, 0x00, 0x00, 0x00, 0x00, 0x00, 0x00, 0x00, 0x00, 0x00, 0x00, 0x00, 0x00, 0x00, 0x00, 0x00, 0x00, 0x00,
    0x00, 0x00, 0x00, 0x00, 0x00, 0x00, 0x00, 0x00, 0x00, 0x00, 0x00, 0x00, 0x00, 0x00, 0x00, 0x00, 0x00, 0x00, 0x00, 0x00,
    0x00, 0x00, 0x00, 0x00, 0x00, 0x00, 0x00, 0x00, 0x00, 0x00, 0x00, 0x00, 0x00, 0x00, 0x00, 0x00, 0x00, 0x00, 0x00, 0x00,
    0x00, 0x00, 0x00, 0x00, 0x00, 0x00, 0x00, 0x00, 0x00, 0x00, 0x00, 0x00, 0x00, 0x00, 0x00, 0x00, 0x00, 0x00, 0x00, 0x00,
    0x00, 0x00, 0x00, 0x00, 0x00, 0x00, 0x00, 0x00, 0x00, 0x00, 0x00, 0x00, 0x00, 0x00, 0x00, 0x00, 0x00, 0x00, 0x00, 0x00,
    0x00, 0x00, 0x00, 0x00, 0x00, 0x00, 0x00, 0x00, 0x00, 0x00, 0x00, 0x08, 0x01, 0x10, 0x01, 0x18, 0x02, 0x28, 0x03, 0x38,
    0x04, 0x40, 0x05, 0x50, 0x06, 0x60, 0x07, 0x78, 0x08, 0x90, 0x0b, 0xc0, 0x12, 0xf8, 0x99, 0xf8, 0x1f, 0xfe, 0xbe, 0xfd,
    0x1f, 0xfb, 0x3f, 0xf9, 0x3e, 0xf8, 0x1d, 0xf8, 0x3f, 0xf9, 0xbc, 0xf1, 0x12, 0xf0, 0x14, 0xf8, 0xbe, 0xfa, 0xff, 0xf9,
    0x3e, 0xf8, 0x3e, 0xf8, 0x5f, 0xf9, 0x9f, 0xfb, 0xdf, 0xfe, 0x9f, 0xff, 0xf9, 0xf8, 0x0f, 0xf0, 0x0a, 0xb0, 0x08, 0x80,
    0x06, 0x68, 0x05, 0x50, 0x03, 0x40, 0x03, 0x30, 0x02, 0x28, 0x01, 0x18, 0x01, 0x10, 0x00, 0x08, 0x00, 0x08, 0x00, 0x00,
    0x00, 0x00, 0x00, 0x00, 0x00, 0x00, 0x00, 0x00, 0x00, 0x00, 0x00, 0x00, 0x00, 0x00, 0x00, 0x00, 0x00, 0x00, 0x00, 0x00,
    0x00, 0x00, 0x00, 0x00, 0x00, 0x00, 0x00, 0x00, 0x00, 0x00, 0x00, 0x00, 0x00, 0x00, 0x00, 0x00, 0x00, 0x00, 0x00, 0x00,
    0x00, 0x00, 0x00, 0x00, 0x00, 0x00, 0x00, 0x00, 0x00, 0x00, 0x00, 0x00, 0x00, 0x00, 0x00, 0x00, 0x00, 0x00, 0x20, 0x00,
    0x41, 0x00, 0x62, 0x00, 0xa3, 0x00, 0xe4, 0x00, 0x46, 0x01, 0xe9, 0x01, 0x8c, 0x02, 0xee, 0x02, 0x91, 0x03, 0x57, 0x04,
    0x9d, 0x06, 0xff, 0x07, 0xbf, 0x67, 0xdf, 0xff, 0xdf, 0xe7, 0xdf, 0x97, 0xbf, 0x47, 0xbf, 0x0f, 0xbf, 0x07, 0x9f, 0x07,
    0xbf, 0x07, 0xff, 0x07, 0x3e, 0x07, 0xbc, 0x05, 0x98, 0x04, 0x15, 0x04, 0xb2, 0x03, 0x71, 0x03, 0x0f, 0x03, 0xad, 0x02,
    0x8c, 0x02, 0x6b, 0x02, 0x2b, 0x02, 0x2a, 0x02, 0x0a, 0x02, 0x0a, 0x02, 0x2a, 0x02, 0x2a, 0x02, 0x2a, 0x02, 0x0a, 0x02,
    0x2a, 0x02, 0x4b, 0x02, 0x8c, 0x02, 0xcd, 0x02, 0xee, 0x02, 0x0f, 0x03, 0x71, 0x03, 0xf3, 0x03, 0x36, 0x04, 0xfa, 0x04,
    0x7d, 0x06, 0xbf, 0x07, 0xdf, 0x07, 0xbf, 0x07, 0xbf, 0x07, 0xbf, 0x07, 0xbf, 0x1f, 0xdf, 0x6f, 0xdf, 0xc7, 0xdf, 0xff,
    0xdf, 0xb7, 0xff, 0x07, 0x3f, 0x07, 0xb8, 0x04, 0x91, 0x03, 0xcd, 0x02, 0x2a, 0x02, 0x87, 0x01, 0x05, 0x01, 0xa3, 0x00,
    0x61, 0x00, 0x41, 0x00, 0x20, 0x00, 0x00, 0x00, 0x00, 0x00, 0x00, 0x00, 0x00, 0x00, 0x00, 0x00, 0x00, 0x00, 0x00, 0x00,
    0x00, 0x00, 0x00, 0x00, 0x00, 0x00, 0x00, 0x00, 0x00, 0x00, 0x00, 0x00, 0x00, 0x00, 0x00, 0x00, 0x00, 0x00, 0x00, 0x00,
    0x00, 0x00, 0x00, 0x00, 0x00, 0x00, 0x00, 0x00, 0x00, 0x00, 0x00, 0x00, 0x00, 0x00, 0x00, 0x00, 0x00, 0x00, 0x00, 0x00,
    0x00, 0x00, 0x00, 0x00, 0x00, 0x00, 0x00, 0x00, 0x00, 0x00, 0x00, 0x00, 0x00, 0x00, 0x00, 0x00, 0x00, 0x00, 0x00, 0x00,
    0x00, 0x00, 0x00, 0x00, 0x00, 0x00, 0x00, 0x00, 0x00, 0x00, 0x00, 0x00, 0x00, 0x00, 0x00, 0x00, 0x00, 0x00, 0x00, 0x00,
    0x00, 0x00, 0x00, 0x00, 0x00, 0x00, 0x00, 0x00, 0x00, 0x08, 0x00, 0x08, 0x01, 0x18, 0x01, 0x20, 0x02, 0x30, 0x03, 0x40,
    0x04, 0x48, 0x05, 0x60, 0x07, 0x70, 0x08, 0x88, 0x0a, 0xa8, 0x31, 0xe8, 0x16, 0xf8, 0x7e, 0xfc, 0x9f, 0xfe, 0xde, 0xfb,
    0x7f, 0xf9, 0x5e, 0xf8, 0x1d, 0xf8, 0x7e, 0xf8, 0x1e, 0xfa, 0x55, 0xf8, 0x0f, 0xf8, 0x0f, 0xf8, 0xb7, 0xf8, 0xdf, 0xfa,
    0xff, 0xf8, 0x1e, 0xf8, 0x7e, 0xf8, 0xff, 0xf9, 0xbf, 0xfc, 0xff, 0xff, 0x5e, 0xfd, 0x16, 0xf8, 0x0d, 0xe0, 0x08, 0x98,
    0x07, 0x78, 0x05, 0x60, 0x04, 0x48, 0x03, 0x38, 0x02, 0x28, 0x01, 0x20, 0x01, 0x18, 0x00, 0x10, 0x00, 0x08, 0x00, 0x00,
    0x00, 0x00, 0x00, 0x00, 0x00, 0x00, 0x00, 0x00, 0x00, 0x00, 0x00, 0x00, 0x00, 0x00, 0x00, 0x00, 0x00, 0x00, 0x00, 0x00,
    0x00, 0x00, 0x00, 0x00, 0x00, 0x00, 0x00, 0x00, 0x00, 0x00, 0x00, 0x00, 0x00, 0x00, 0x00, 0x00, 0x00, 0x00, 0x00, 0x00,
    0x00, 0x00, 0x00, 0x00, 0x00, 0x00, 0x00, 0x00, 0x00, 0x00, 0x00, 0x00, 0x00, 0x00, 0x00, 0x00, 0x20, 0x00, 0x41, 0x00,
    0x61, 0x00, 0x82, 0x00, 0xe4, 0x00, 0x46, 0x01, 0xa8, 0x01, 0x4b, 0x02, 0xee, 0x02, 0x91, 0x03, 0x16, 0x04, 0x3d, 0x06,
    0xff, 0x07, 0xbf, 0x67, 0xdf, 0xff, 0xdf, 0xdf, 0xdf, 0x87, 0xbf, 0x37, 0xbf, 0x07, 0xbf, 0x07, 0xbf, 0x07, 0xdf, 0x07,
    0x9f, 0x07, 0x3d, 0x06, 0xd9, 0x04, 0x36, 0x04, 0xb3, 0x03, 0x50, 0x03, 0x0f, 0x03, 0xcd, 0x02, 0x6c, 0x02, 0x2a, 0x02,
    0xe9, 0x01, 0xc8, 0x01, 0xa8, 0x01, 0xa8, 0x01, 0x87, 0x01, 0x87, 0x01, 0xa7, 0x01, 0xa8, 0x01, 0xa7, 0x01, 0x87, 0x01,
    0xa8, 0x01, 0xc8, 0x01, 0xe9, 0x01, 0x2a, 0x02, 0x4b, 0x02, 0x8c, 0x02, 0xce, 0x02, 0x2f, 0x03, 0x91, 0x03, 0xf3, 0x03,
    0x57, 0x04, 0x7b, 0x05, 0x3e, 0x07, 0xff, 0x07, 0xbf, 0x07, 0xbf, 0x07, 0xbf, 0x07, 0xbf, 0x1f, 0xbf, 0x67, 0xdf, 0xbf,
    0xff, 0xff, 0xdf, 0xa7, 0xff, 0x07, 0xde, 0x06, 0x36, 0x04, 0x70, 0x03, 0xad, 0x02, 0xe9, 0x01, 0x67, 0x01, 0xe4, 0x00,
    0x82, 0x00, 0x41, 0x00, 0x20, 0x00, 0x00, 0x00, 0x00, 0x00, 0x00, 0x00, 0x00, 0x00, 0x00, 0x00, 0x00, 0x00, 0x00, 0x00,
    0x00, 0x00, 0x00, 0x00, 0x00, 0x00, 0x00, 0x00, 0x00, 0x00, 0x00, 0x00, 0x00, 0x00, 0x00, 0x00, 0x00, 0x00, 0x00, 0x00,
    0x00, 0x00, 0x00, 0x00, 0x00, 0x00, 0x00, 0x00, 0x00, 0x00, 0x00, 0x00, 0x00, 0x00, 0x00, 0x00, 0x00, 0x00, 0x00, 0x00,
    0x00, 0x00, 0x00, 0x00, 0x00, 0x00, 0x00, 0x00, 0x00, 0x00, 0x00, 0x00, 0x00, 0x00, 0x00, 0x00, 0x00, 0x00, 0x00, 0x00,
    0x00, 0x00, 0x00, 0x00, 0x00, 0x00, 0x00, 0x00, 0x00, 0x00, 0x00, 0x00, 0x00, 0x00, 0x00, 0x00, 0x00, 0x00, 0x00, 0x00,
    0x00, 0x00, 0x00, 0x00, 0x00, 0x00, 0x00, 0x08, 0x00, 0x08, 0x01, 0x10, 0x01, 0x20, 0x02, 0x28, 0x03, 0x38, 0x04, 0x48,
    0x05, 0x58, 0x06, 0x68, 0x08, 0x80, 0x09, 0x98, 0x0d, 0xd0, 0x13, 0xf8, 0x7c, 0xfa, 0x1f, 0xff, 0xbe, 0xfc, 0x3f, 0xfa,
    0xbf, 0xf8, 0x1d, 0xf8, 0x1e, 0xf8, 0x9f, 0xf9, 0x18, 0xf9, 0x0f, 0xf8, 0x0d, 0xe0, 0x0d, 0xe0, 0x11, 0xf8, 0xdc, 0xf9,
    0x9f, 0xfa, 0x7e, 0xf8, 0x1e, 0xf8, 0xdf, 0xf8, 0xff, 0xfa, 0x1f, 0xfe, 0xff, 0xff, 0x9d, 0xf2, 0x12, 0xf8, 0x2b, 0xc0,
    0x08, 0x88, 0x06, 0x70, 0x05, 0x58, 0x04, 0x48, 0x03, 0x38, 0x02, 0x28, 0x01, 0x18, 0x01, 0x10, 0x00, 0x08, 0x00, 0x08,
    0x00, 0x00, 0x00, 0x00, 0x00, 0x00, 0x00, 0x00, 0x00, 0x00, 0x00, 0x00, 0x00, 0x00, 0x00, 0x00, 0x00, 0x00, 0x00, 0x00,
    0x00, 0x00, 0x00, 0x00, 0x00, 0x00, 0x00, 0x00, 0x00, 0x00, 0x00, 0x00, 0x00, 0x00, 0x00, 0x00, 0x00, 0x00, 0x00, 0x00,
    0x00, 0x00, 0x00, 0x00, 0x00, 0x00, 0x00, 0x00, 0x00, 0x00, 0x00, 0x00, 0x00, 0x00, 0x00, 0x00, 0x20, 0x00, 0x61, 0x00,
    0x82, 0x00, 0xc3, 0x00, 0x25, 0x01, 0xc8, 0x01, 0x4b, 0x02, 0xcd, 0x02, 0x71, 0x03, 0x15, 0x04, 0xfc, 0x05, 0xff, 0x07,
    0xbf, 0x57, 0xdf, 0xff, 0xdf, 0xdf, 0xbf, 0x7f, 0xbf, 0x2f, 0xbf, 0x07, 0xbf, 0x07, 0x9f, 0x07, 0xdf, 0x07, 0x3f, 0x07,
    0x7b, 0x05, 0x57, 0x04, 0xf4, 0x03, 0x71, 0x03, 0x0f, 0x03, 0xad, 0x02, 0x4b, 0x02, 0x09, 0x02, 0xa8, 0x01, 0x87, 0x01,
    0x66, 0x01, 0x46, 0x01, 0x25, 0x01, 0x25, 0x01, 0x25, 0x01, 0x25, 0x01, 0x05, 0x01, 0x05, 0x01, 0x05, 0x01, 0x05, 0x01,
    0x05, 0x01, 0x46, 0x01, 0x66, 0x01, 0x87, 0x01, 0xa8, 0x01, 0xe9, 0x01, 0x2b, 0x02, 0x8c, 0x02, 0xcd, 0x02, 0x30, 0x03,
    0xb2, 0x03, 0x15, 0x04, 0xd9, 0x04, 0xbe, 0x06, 0xff, 0x07, 0xbf, 0x07, 0xbf, 0x07, 0xbf, 0x07, 0xbf, 0x17, 0xdf, 0x67,
    0xdf, 0xcf, 0xdf, 0xff, 0xbf, 0x7f, 0xdf, 0x07, 0x3c, 0x06, 0x15, 0x04, 0x50, 0x03, 0x8c, 0x02, 0x09, 0x02, 0x46, 0x01,
    0xc3, 0x00, 0x82, 0x00, 0x41, 0x00, 0x20, 0x00, 0x00, 0x00, 0x00, 0x00, 0x00, 0x00, 0x00, 0x00, 0x00, 0x00, 0x00, 0x00,
    0x00, 0x00, 0x00, 0x00, 0x00, 0x00, 0x00, 0x00, 0x00, 0x00, 0x00, 0x00, 0x00, 0x00, 0x00, 0x00, 0x00, 0x00, 0x00, 0x00,
    0x00, 0x00, 0x00, 0x00, 0x00, 0x00, 0x00, 0x00, 0x00, 0x00, 0x00, 0x00, 0x00, 0x00, 0x00, 0x00, 0x00, 0x00, 0x00, 0x00,
    0x00, 0x00, 0x00, 0x00, 0x00, 0x00, 0x00, 0x00, 0x00, 0x00, 0x00, 0x00, 0x00, 0x00, 0x00, 0x00, 0x00, 0x00, 0x00, 0x00,
    0x00, 0x00, 0x00, 0x00, 0x00, 0x00, 0x00, 0x00, 0x00, 0x00, 0x00, 0x00, 0x00, 0x00, 0x00, 0x00, 0x00, 0x00, 0x00, 0x00,
    0x00, 0x00, 0x00, 0x00, 0x00, 0x00, 0x00, 0x08, 0x01, 0x10, 0x01, 0x18, 0x02, 0x28, 0x02, 0x30, 0x03, 0x40, 0x05, 0x50,
    0x06, 0x60, 0x07, 0x78, 0x08, 0x90, 0x0b, 0xb8, 0x11, 0xf0, 0x98, 0xf8, 0x3f, 0xfe, 0xbf, 0xfd, 0xff, 0xfa, 0x1f, 0xf9,
    0x3e, 0xf8, 0x1d, 0xf8, 0xdf, 0xf8, 0xbd, 0xf9, 0x11, 0xf8, 0x0d, 0xe0, 0x0b, 0xc0, 0x0c, 0xc0, 0x0d, 0xe8, 0x34, 0xf8,
    0xde, 0xfa, 0x9f, 0xf9, 0x1e, 0xf8, 0x5e, 0xf8, 0x9f, 0xf9, 0xff, 0xfb, 0x5f, 0xff, 0xff, 0xfe, 0x78, 0xf8, 0x10, 0xf0,
    0x09, 0xa8, 0x07, 0x80, 0x06, 0x68, 0x05, 0x50, 0x03, 0x40, 0x02, 0x30, 0x02, 0x20, 0x01, 0x18, 0x01, 0x10, 0x00, 0x08,
    0x00, 0x00, 0x00, 0x00, 0x00, 0x00, 0x00, 0x00, 0x00, 0x00, 0x00, 0x00, 0x00, 0x00, 0x00, 0x00, 0x00, 0x00, 0x00, 0x00,
    0x00, 0x00, 0x00, 0x00, 0x00, 0x00, 0x00, 0x00, 0x00, 0x00, 0x00, 0x00, 0x00, 0x00, 0x00, 0x00, 0x00, 0x00, 0x00, 0x00,
    0x00, 0x00, 0x00, 0x00, 0x00, 0x00, 0x00, 0x00, 0x00, 0x00, 0x00, 0x00, 0x00, 0x00, 0x20, 0x00, 0x41, 0x00, 0x62, 0x00,
    0xc3, 0x00, 0x04, 0x01, 0x87, 0x01, 0x2a, 0x02, 0xad, 0x02, 0x50, 0x03, 0xf4, 0x03, 0x5b, 0x05, 0xdf, 0x07, 0xbf, 0x37,
    0xdf, 0xff, 0xdf, 0xe7, 0xdf, 0x7f, 0xbf, 0x2f, 0xbf, 0x07, 0xbf, 0x07, 0xbf, 0x07, 0xdf, 0x07, 0xde, 0x06, 0xfa, 0x04,
    0x56, 0x04, 0xd3, 0x03, 0x50, 0x03, 0xee, 0x02, 0x8c, 0x02, 0x2a, 0x02, 0xc8, 0x01, 0x87, 0x01, 0x46, 0x01, 0x05, 0x01,
    0xe4, 0x00, 0xe4, 0x00, 0xc4, 0x00, 0xc3, 0x00, 0xc3, 0x00, 0xc3, 0x00, 0xc3, 0x00, 0xc3, 0x00, 0xc3, 0x00, 0xc3, 0x00,
    0xc3, 0x00, 0xe4, 0x00, 0x04, 0x01, 0x25, 0x01, 0x46, 0x01, 0x87, 0x01, 0xc8, 0x01, 0x0a, 0x02, 0x4b, 0x02, 0xad, 0x02,
    0x0f, 0x03, 0x91, 0x03, 0x14, 0x04, 0x98, 0x04, 0x7d, 0x06, 0xff, 0x07, 0xbf, 0x07, 0xbf, 0x07, 0xbf, 0x07, 0xbf, 0x27,
    0xdf, 0x77, 0xdf, 0xdf, 0xdf, 0xff, 0xdf, 0x47, 0xdf, 0x07, 0x7b, 0x05, 0xd3, 0x03, 0x0e, 0x03, 0x6b, 0x02, 0xa8, 0x01,
    0x04, 0x01, 0xa3, 0x00, 0x61, 0x00, 0x41, 0x00, 0x20, 0x00, 0x00, 0x00, 0x00, 0x00, 0x00, 0x00, 0x00, 0x00, 0x00, 0x00,
    0x00, 0x00, 0x00, 0x00, 0x00, 0x00, 0x00, 0x00, 0x00, 0x00, 0x00, 0x00, 0x00, 0x00, 0x00, 0x00, 0x00, 0x00, 0x00, 0x00,
    0x00, 0x00, 0x00, 0x00, 0x00, 0x00, 0x00, 0x00, 0x00, 0x00, 0x00, 0x00, 0x00, 0x00, 0x00, 0x00, 0x00, 0x00, 0x00, 0x00,
    0x00, 0x00, 0x00, 0x00, 0x00, 0x00, 0x00, 0x00, 0x00, 0x00, 0x00, 0x00, 0x00, 0x00, 0x00, 0x00, 0x00, 0x00, 0x00, 0x00,
    0x00, 0x00, 0x00, 0x00, 0x00, 0x00, 0x00, 0x00, 0x00, 0x00, 0x00, 0x00, 0x00, 0x00, 0x00, 0x00, 0x00, 0x00, 0x00, 0x00,
    0x00, 0x00, 0x00, 0x00, 0x00, 0x08, 0x01, 0x10, 0x01, 0x18, 0x02, 0x20, 0x03, 0x30, 0x03, 0x40, 0x04, 0x48, 0x05, 0x60,
    0x07, 0x70, 0x08, 0x88, 0x09, 0xa8, 0x30, 0xe8, 0x16, 0xf8, 0x5e, 0xfc, 0xff, 0xfe, 0xdf, 0xfb, 0xbf, 0xf9, 0x5e, 0xf8,
    0x1d, 0xf8, 0x7e, 0xf8, 0xff, 0xf9, 0x75, 0xf8, 0x0e, 0xf0, 0x0b, 0xb8, 0x0a, 0xa0, 0x0a, 0xa8, 0x0b, 0xc0, 0x0e, 0xf0,
    0xf8, 0xf8, 0xff, 0xfa, 0xde, 0xf8, 0x1e, 0xf8, 0x9f, 0xf8, 0x5f, 0xfa, 0x3f, 0xfd, 0xff, 0xff, 0x7d, 0xfc, 0x15, 0xf8,
    0x2d, 0xd0, 0x09, 0x90, 0x07, 0x78, 0x05, 0x60, 0x04, 0x48, 0x03, 0x38, 0x02, 0x28, 0x01, 0x18, 0x01, 0x18, 0x00, 0x08,
    0x00, 0x08, 0x00, 0x00, 0x00, 0x00, 0x00, 0x00, 0x00, 0x00, 0x00, 0x00, 0x00, 0x00, 0x00, 0x00, 0x00, 0x00, 0x00, 0x00,
    0x00, 0x00, 0x00, 0x00, 0x00, 0x00, 0x00, 0x00, 0x00, 0x00, 0x00, 0x00, 0x00, 0x00, 0x00, 0x00, 0x00, 0x00, 0x00, 0x00,
    0x00, 0x00, 0x00, 0x00, 0x00, 0x00, 0x00, 0x00, 0x00, 0x00, 0x00, 0x00, 0x00, 0x00, 0x20, 0x00, 0x61, 0x00, 0x82, 0x00,
    0x05, 0x01, 0x87, 0x01, 0x09, 0x02, 0x8c, 0x02, 0x2f, 0x03, 0xd3, 0x03, 0xb9, 0x04, 0x5f, 0x07, 0xdf, 0x17, 0xdf, 0xdf,
    0xdf, 0xf7, 0xdf, 0x97, 0xbf, 0x37, 0xbf, 0x07, 0xbf, 0x07, 0xbf, 0x07, 0xff, 0x07, 0xbe, 0x06, 0xb9, 0x04, 0x35, 0x04,
    0xb2, 0x03, 0x2f, 0x03, 0xcd, 0x02, 0x4b, 0x02, 0xe9, 0x01, 0xa8, 0x01, 0x46, 0x01, 0x05, 0x01, 0xe4, 0x00, 0xc3, 0x00,
    0xa3, 0x00, 0x82, 0x00, 0x82, 0x00, 0x82, 0x00, 0x82, 0x00, 0x82, 0x00, 0x82, 0x00, 0x82, 0x00, 0x82, 0x00, 0x82, 0x00,
    0x82, 0x00, 0x82, 0x00, 0xa3, 0x00, 0xa3, 0x00, 0xe4, 0x00, 0x05, 0x01, 0x46, 0x01, 0x87, 0x01, 0xc8, 0x01, 0x0a, 0x02,
    0x6c, 0x02, 0xee, 0x02, 0x70, 0x03, 0xf3, 0x03, 0x98, 0x04, 0x5d, 0x06, 0xdf, 0x07, 0xbf, 0x07, 0xdf, 0x07, 0xdf, 0x07,
    0xbf, 0x2f, 0xdf, 0x87, 0xdf, 0xef, 0xdf, 0xdf, 0xff, 0x0f, 0x5f, 0x07, 0x97, 0x04, 0x71, 0x03, 0xcd, 0x02, 0x0a, 0x02,
    0x66, 0x01, 0x04, 0x01, 0x82, 0x00, 0x41, 0x00, 0x20, 0x00, 0x00, 0x00, 0x00, 0x00, 0x00, 0x00, 0x00, 0x00, 0x00, 0x00,
    0x00, 0x00, 0x00, 0x00, 0x00, 0x00, 0x00, 0x00, 0x00, 0x00, 0x00, 0x00, 0x00, 0x00, 0x00, 0x00, 0x00, 0x00, 0x00, 0x00,
    0x00, 0x00, 0x00, 0x00, 0x00, 0x00, 0x00, 0x00, 0x00, 0x00, 0x00, 0x00, 0x00, 0x00, 0x00, 0x00, 0x00, 0x00, 0x00, 0x00,
    0x00, 0x00, 0x00, 0x00, 0x00, 0x00, 0x00, 0x00, 0x00, 0x00, 0x00, 0x00, 0x00, 0x00, 0x00, 0x00, 0x00, 0x00, 0x00, 0x00,
    0x00, 0x00, 0x00, 0x00, 0x00, 0x00, 0x00, 0x00, 0x00, 0x00, 0x00, 0x00, 0x00, 0x00, 0x00, 0x00, 0x00, 0x00, 0x00, 0x00,
    0x00, 0x00, 0x00, 0x08, 0x00, 0x08, 0x01, 0x18, 0x01, 0x20, 0x02, 0x28, 0x03, 0x40, 0x04, 0x48, 0x05, 0x58, 0x06, 0x68,
    0x08, 0x80, 0x08, 0x98, 0x0d, 0xd0, 0x14, 0xf8, 0xfc, 0xf9, 0x1f, 0xff, 0x3f, 0xfd, 0x9f, 0xfa, 0x9f, 0xf8, 0x1d, 0xf8,
    0x1d, 0xf8, 0x9f, 0xf9, 0x19, 0xf9, 0x0f, 0xf8, 0x0b, 0xc8, 0x09, 0x98, 0x08, 0x90, 0x08, 0x90, 0x09, 0xa0, 0x0b, 0xc8,
    0x10, 0xf8, 0x3c, 0xfa, 0x5f, 0xfa, 0x5e, 0xf8, 0x1e, 0xf8, 0x1f, 0xf9, 0x5f, 0xfb, 0x7f, 0xfe, 0xff, 0xff, 0x9a, 0xf1,
    0x11, 0xf8, 0x0a, 0xb8, 0x08, 0x88, 0x06, 0x68, 0x05, 0x50, 0x04, 0x40, 0x03, 0x30, 0x02, 0x20, 0x01, 0x18, 0x01, 0x10,
    0x00, 0x08, 0x00, 0x00, 0x00, 0x00, 0x00, 0x00, 0x00, 0x00, 0x00, 0x00, 0x00, 0x00, 0x00, 0x00, 0x00, 0x00, 0x00, 0x00,
    0x00, 0x00, 0x00, 0x00, 0x00, 0x00, 0x00, 0x00, 0x00, 0x00, 0x00, 0x00, 0x00, 0x00, 0x00, 0x00, 0x00, 0x00, 0x00, 0x00,
    0x00, 0x00, 0x00, 0x00, 0x00, 0x00, 0x00, 0x00, 0x00, 0x00, 0x00, 0x00, 0x20, 0x00, 0x41, 0x00, 0x82, 0x00, 0xa3, 0x00,
    0x66, 0x01, 0x09, 0x02, 0x8c, 0x02, 0x0f, 0x03, 0xb2, 0x03, 0x57, 0x04, 0xbe, 0x06, 0xff, 0x07, 0xbf, 0xaf, 0xdf, 0xff,
    0xdf, 0xaf, 0xbf, 0x47, 0xbf, 0x07, 0xbf, 0x07, 0xbf, 0x07, 0xff, 0x07, 0x9e, 0x06, 0xd9, 0x04, 0x14, 0x04, 0x71, 0x03,
    0x0f, 0x03, 0xad, 0x02, 0x4b, 0x02, 0xc9, 0x01, 0x87, 0x01, 0x25, 0x01, 0xe4, 0x00, 0xa3, 0x00, 0xa2, 0x00, 0x82, 0x00,
    0x62, 0x00, 0x61, 0x00, 0x61, 0x00, 0x41, 0x00, 0x41, 0x00, 0x41, 0x00, 0x41, 0x00, 0x41, 0x00, 0x41, 0x00, 0x41, 0x00,
    0x41, 0x00, 0x61, 0x00, 0x61, 0x00, 0x62, 0x00, 0x82, 0x00, 0xa3, 0x00, 0xe4, 0x00, 0x25, 0x01, 0x46, 0x01, 0x87, 0x01,
    0xe9, 0x01, 0x4b, 0x02, 0xce, 0x02, 0x50, 0x03, 0xf4, 0x03, 0x98, 0x04, 0x7d, 0x06, 0xff, 0x07, 0xbf, 0x07, 0xbf, 0x07,
    0xbf, 0x07, 0xbf, 0x47, 0xdf, 0xaf, 0xdf, 0xff, 0xdf, 0x9f, 0xff, 0x07, 0x1d, 0x06, 0xf4, 0x03, 0x50, 0x03, 0x8c, 0x02,
    0xe9, 0x01, 0x66, 0x01, 0xa3, 0x00, 0x62, 0x00, 0x41, 0x00, 0x20, 0x00, 0x00, 0x00, 0x00, 0x00, 0x00, 0x00, 0x00, 0x00,
    0x00, 0x00, 0x00, 0x00, 0x00, 0x00, 0x00, 0x00, 0x00, 0x00, 0x00, 0x00, 0x00, 0x00, 0x00, 0x00, 0x00, 0x00, 0x00, 0x00,
    0x00, 0x00, 0x00, 0x00, 0x00, 0x00, 0x00, 0x00, 0x00, 0x00, 0x00, 0x00, 0x00, 0x00, 0x00, 0x00, 0x00, 0x00, 0x00, 0x00,
    0x00, 0x00, 0x00, 0x00, 0x00, 0x00, 0x00, 0x00, 0x00, 0x00, 0x00, 0x00, 0x00, 0x00, 0x00, 0x00, 0x00, 0x00, 0x00, 0x00,
    0x00, 0x00, 0x00, 0x00, 0x00, 0x00, 0x00, 0x00, 0x00, 0x00, 0x00, 0x00, 0x00, 0x00, 0x00, 0x00, 0x00, 0x00, 0x00, 0x00,
    0x00, 0x08, 0x00, 0x08, 0x01, 0x10, 0x01, 0x18, 0x02, 0x28, 0x03, 0x38, 0x04, 0x48, 0x05, 0x50, 0x06, 0x60, 0x07, 0x78,
    0x09, 0x90, 0x0b, 0xb8, 0x12, 0xf0, 0x79, 0xf8, 0x1f, 0xfe, 0xfe, 0xfd, 0x5f, 0xfb, 0x3f, 0xf9, 0x1e, 0xf8, 0x1d, 0xf8,
    0xff, 0xf8, 0xdd, 0xf9, 0x11, 0xf8, 0x0c, 0xd8, 0x09, 0xa0, 0x08, 0x88, 0x07, 0x78, 0x07, 0x80, 0x08, 0x88, 0x0a, 0xa0,
    0x0c, 0xe0, 0x54, 0xf8, 0xdf, 0xfa, 0x5f, 0xf9, 0x1e, 0xf8, 0x5e, 0xf8, 0xdf, 0xf9, 0x3f, 0xfc, 0x9f, 0xff, 0x3e, 0xfe,
    0x37, 0xf8, 0x0e, 0xe8, 0x09, 0xa0, 0x07, 0x78, 0x06, 0x60, 0x04, 0x50, 0x03, 0x38, 0x02, 0x28, 0x02, 0x20, 0x01, 0x10,
    0x00, 0x08, 0x00, 0x08, 0x00, 0x00, 0x00, 0x00, 0x00, 0x00, 0x00, 0x00, 0x00, 0x00, 0x00, 0x00, 0x00, 0x00, 0x00, 0x00,
    0x00, 0x00, 0x00, 0x00, 0x00, 0x00, 0x00, 0x00, 0x00, 0x00, 0x00, 0x00, 0x00, 0x00, 0x00, 0x00, 0x00, 0x00, 0x00, 0x00,
    0x00, 0x00, 0x00, 0x00, 0x00, 0x00, 0x00, 0x00, 0x00, 0x00, 0x00, 0x00, 0x20, 0x00, 0x61, 0x00, 0xa2, 0x00, 0xe4, 0x00,
    0xa7, 0x01, 0x4b, 0x02, 0xcd, 0x02, 0x71, 0x03, 0x15, 0x04, 0xbc, 0x05, 0xdf, 0x07, 0xbf, 0x67, 0xdf, 0xff, 0xdf, 0xc7,
    0xbf, 0x5f, 0xbf, 0x0f, 0xbf, 0x07, 0x9f, 0x07, 0xdf, 0x07, 0xbe, 0x06, 0xb9, 0x04, 0x14, 0x04, 0x71, 0x03, 0xee, 0x02,
    0x8c, 0x02, 0x2a, 0x02, 0xc8, 0x01, 0x66, 0x01, 0x25, 0x01, 0xe4, 0x00, 0xa3, 0x00, 0x82, 0x00, 0x62, 0x00, 0x41, 0x00,
    0x41, 0x00, 0x21, 0x00, 0x20, 0x00, 0x20, 0x00, 0x20, 0x00, 0x20, 0x00, 0x20, 0x00, 0x20, 0x00, 0x20, 0x00, 0x20, 0x00,
    0x21, 0x00, 0x21, 0x00, 0x41, 0x00, 0x41, 0x00, 0x61, 0x00, 0x82, 0x00, 0xa3, 0x00, 0xe4, 0x00, 0x05, 0x01, 0x46, 0x01,
    0x87, 0x01, 0xe9, 0x01, 0x4b, 0x02, 0xce, 0x02, 0x71, 0x03, 0x14, 0x04, 0xb9, 0x04, 0xde, 0x06, 0xdf, 0x07, 0xbf, 0x07,
    0xbf, 0x07, 0xbf, 0x0f, 0xbf, 0x5f, 0xdf, 0xcf, 0xdf, 0xff, 0xdf, 0x3f, 0x9f, 0x07, 0x19, 0x05, 0xb2, 0x03, 0xee, 0x02,
    0x2a, 0x02, 0xa7, 0x01, 0xe4, 0x00, 0x82, 0x00, 0x41, 0x00, 0x20, 0x00, 0x00, 0x00, 0x00, 0x00, 0x00, 0x00, 0x00, 0x00,
    0x00, 0x00, 0x00, 0x00, 0x00, 0x00, 0x00, 0x00, 0x00, 0x00, 0x00, 0x00, 0x00, 0x00, 0x00, 0x00, 0x00, 0x00, 0x00, 0x00,
    0x00, 0x00, 0x00, 0x00, 0x00, 0x00, 0x00, 0x00, 0x00, 0x00, 0x00, 0x00, 0x00, 0x00, 0x00, 0x00, 0x00, 0x00, 0x00, 0x00,
    0x00, 0x00, 0x00, 0x00, 0x00, 0x00, 0x00, 0x00, 0x00, 0x00, 0x00, 0x00, 0x00, 0x00, 0x00, 0x00, 0x00, 0x00, 0x00, 0x00,
    0x00, 0x00, 0x00, 0x00, 0x00, 0x00, 0x00, 0x00, 0x00, 0x00, 0x00, 0x00, 0x00, 0x00, 0x00, 0x00, 0x00, 0x00, 0x00, 0x00,
    0x00, 0x08, 0x01, 0x10, 0x01, 0x18, 0x02, 0x28, 0x03, 0x38, 0x04, 0x40, 0x04, 0x50, 0x05, 0x60, 0x07, 0x70, 0x08, 0x88,
    0x09, 0xa8, 0x30, 0xe0, 0x16, 0xf8, 0x1e, 0xfc, 0xff, 0xfe, 0xfe, 0xfb, 0xff, 0xf9, 0x7e, 0xf8, 0x1d, 0xf8, 0x5e, 0xf8,
    0xdf, 0xf9, 0x75, 0xf8, 0x0d, 0xe8, 0x0a, 0xa8, 0x08, 0x88, 0x07, 0x78, 0x06, 0x70, 0x06, 0x70, 0x07, 0x78, 0x08, 0x88,
    0x0a, 0xb0, 0x0e, 0xf0, 0x3a, 0xf9, 0xdf, 0xfa, 0x9e, 0xf8, 0x1e, 0xf8, 0xbf, 0xf8, 0x7f, 0xfa, 0x9f, 0xfd, 0xff, 0xff,
    0x9d, 0xfb, 0x14, 0xf8, 0x0c, 0xc8, 0x08, 0x90, 0x07, 0x78, 0x05, 0x60, 0x04, 0x48, 0x03, 0x38, 0x02, 0x28, 0x01, 0x18,
    0x01, 0x10, 0x00, 0x08, 0x00, 0x00, 0x00, 0x00, 0x00, 0x00, 0x00, 0x00, 0x00, 0x00, 0x00, 0x00, 0x00, 0x00, 0x00, 0x00,
    0x00, 0x00, 0x00, 0x00, 0x00, 0x00, 0x00, 0x00, 0x00, 0x00, 0x00, 0x00, 0x00, 0x00, 0x00, 0x00, 0x00, 0x00, 0x00, 0x00,
    0x00, 0x00, 0x00, 0x00, 0x00, 0x00, 0x00, 0x00, 0x00, 0x00, 0x20, 0x00, 0x41, 0x00, 0x82, 0x00, 0xc3, 0x00, 0x25, 0x01,
    0xe9, 0x01, 0x8c, 0x02, 0x0f, 0x03, 0xd3, 0x03, 0xd9, 0x04, 0x5f, 0x07, 0xdf, 0x1f, 0xdf, 0xef, 0xdf, 0xef, 0xdf, 0x7f,
    0xbf, 0x1f, 0xbf, 0x07, 0x9f, 0x07, 0xdf, 0x07, 0x1e, 0x07, 0xfa, 0x04, 0x35, 0x04, 0x71, 0x03, 0xee, 0x02, 0x8c, 0x02,
    0x0a, 0x02, 0xa7, 0x01, 0x46, 0x01, 0xe4, 0x00, 0xa3, 0x00, 0x82, 0x00, 0x61, 0x00, 0x41, 0x00, 0x41, 0x00, 0x20, 0x00,
    0x20, 0x00, 0x00, 0x00, 0x00, 0x00, 0x00, 0x00, 0x00, 0x00, 0x00, 0x00, 0x00, 0x00, 0x00, 0x00, 0x00, 0x00, 0x00, 0x00,
    0x00, 0x00, 0x00, 0x00, 0x20, 0x00, 0x20, 0x00, 0x20, 0x00, 0x41, 0x00, 0x61, 0x00, 0x82, 0x00, 0xa3, 0x00, 0xe4, 0x00,
    0x05, 0x01, 0x67, 0x01, 0xe9, 0x01, 0x6b, 0x02, 0xee, 0x02, 0x91, 0x03, 0x35, 0x04, 0x1a, 0x05, 0x5f, 0x07, 0xdf, 0x07,
    0xbf, 0x07, 0xdf, 0x07, 0xbf, 0x27, 0xdf, 0x87, 0xdf, 0xf7, 0xdf, 0xbf, 0xff, 0x07, 0x7d, 0x06, 0x15, 0x04, 0x50, 0x03,
    0x8c, 0x02, 0xe9, 0x01, 0x25, 0x01, 0xc3, 0x00, 0x82, 0x00, 0x41, 0x00, 0x20, 0x00, 0x00, 0x00, 0x00, 0x00, 0x00, 0x00,
    0x00, 0x00, 0x00, 0x00, 0x00, 0x00, 0x00, 0x00, 0x00, 0x00, 0x00, 0x00, 0x00, 0x00, 0x00, 0x00, 0x00, 0x00, 0x00, 0x00,
    0x00, 0x00, 0x00, 0x00, 0x00, 0x00, 0x00, 0x00, 0x00, 0x00, 0x00, 0x00, 0x00, 0x00, 0x00, 0x00, 0x00, 0x00, 0x00, 0x00,
    0x00, 0x00, 0x00, 0x00, 0x00, 0x00, 0x00, 0x00, 0x00, 0x00, 0x00, 0x00, 0x00, 0x00, 0x00, 0x00, 0x00, 0x00, 0x00, 0x00,
    0x00, 0x00, 0x00, 0x00, 0x00, 0x00, 0x00, 0x00, 0x00, 0x00, 0x00, 0x00, 0x00, 0x00, 0x00, 0x00, 0x00, 0x00, 0x00, 0x08,
    0x00, 0x08, 0x01, 0x18, 0x01, 0x20, 0x02, 0x30, 0x03, 0x40, 0x04, 0x48, 0x05, 0x58, 0x06, 0x68, 0x08, 0x80, 0x09, 0x98,
    0x0d, 0xd0, 0x13, 0xf8, 0xdb, 0xf9, 0x1f, 0xff, 0xfe, 0xfc, 0x5f, 0xfa, 0xbf, 0xf8, 0x1d, 0xf8, 0x1d, 0xf8, 0x9f, 0xf9,
    0x3a, 0xf9, 0x0f, 0xf8, 0x0b, 0xc0, 0x08, 0x90, 0x07, 0x78, 0x06, 0x68, 0x05, 0x60, 0x05, 0x60, 0x06, 0x68, 0x07, 0x78,
    0x09, 0x98, 0x0c, 0xd0, 0x13, 0xf8, 0x7e, 0xfa, 0xff, 0xf9, 0x3e, 0xf8, 0x1e, 0xf8, 0x5f, 0xf9, 0xdf, 0xfb, 0xff, 0xfe,
    0x9f, 0xff, 0xfa, 0xf8, 0x10, 0xf0, 0x0a, 0xb0, 0x08, 0x88, 0x06, 0x68, 0x05, 0x50, 0x03, 0x40, 0x02, 0x30, 0x02, 0x20,
    0x01, 0x10, 0x00, 0x08, 0x00, 0x08, 0x00, 0x00, 0x00, 0x00, 0x00, 0x00, 0x00, 0x00, 0x00, 0x00, 0x00, 0x00, 0x00, 0x00,
    0x00, 0x00, 0x00, 0x00, 0x00, 0x00, 0x00, 0x00, 0x00, 0x00, 0x00, 0x00, 0x00, 0x00, 0x00, 0x00, 0x00, 0x00, 0x00, 0x00,
    0x00, 0x00, 0x00, 0x00, 0x00, 0x00, 0x00, 0x00, 0x00, 0x00, 0x20, 0x00, 0x41, 0x00, 0xa2, 0x00, 0x04, 0x01, 0x67, 0x01,
    0x2a, 0x02, 0xce, 0x02, 0x91, 0x03, 0x36, 0x04, 0x3d, 0x06, 0xff, 0x07, 0xbf, 0x9f, 0xdf, 0xff, 0xdf, 0xaf, 0xbf, 0x37,
    0xbf, 0x07, 0xbf, 0x07, 0xbf, 0x07, 0x7f, 0x07, 0x5b, 0x05, 0x56, 0x04, 0x91, 0x03, 0x0f, 0x03, 0x8c, 0x02, 0x2a, 0x02,
    0xa8, 0x01, 0x46, 0x01, 0xe4, 0x00, 0xa3, 0x00, 0x62, 0x00, 0x61, 0x00, 0x41, 0x00, 0x21, 0x00, 0x20, 0x00, 0x00, 0x00,
    0x00, 0x00, 0x00, 0x00, 0x00, 0x00, 0x00, 0x00, 0x00, 0x00, 0x00, 0x00, 0x00, 0x00, 0x00, 0x00, 0x00, 0x00, 0x00, 0x00,
    0x00, 0x00, 0x00, 0x00, 0x00, 0x00, 0x00, 0x00, 0x00, 0x00, 0x20, 0x00, 0x21, 0x00, 0x61, 0x00, 0x82, 0x00, 0xa3, 0x00,
    0xc3, 0x00, 0x25, 0x01, 0x87, 0x01, 0xe9, 0x01, 0x8c, 0x02, 0x0f, 0x03, 0xb2, 0x03, 0x56, 0x04, 0xbc, 0x05, 0xdf, 0x07,
    0xbf, 0x07, 0xbf, 0x07, 0xbf, 0x07, 0xbf, 0x4f, 0xdf, 0xb7, 0xdf, 0xff, 0xdf, 0x4f, 0x9f, 0x07, 0xf9, 0x04, 0xb2, 0x03,
    0xee, 0x02, 0x4a, 0x02, 0x66, 0x01, 0xe4, 0x00, 0x82, 0x00, 0x41, 0x00, 0x20, 0x00, 0x00, 0x00, 0x00, 0x00, 0x00, 0x00,
    0x00, 0x00, 0x00, 0x00, 0x00, 0x00, 0x00, 0x00, 0x00, 0x00, 0x00, 0x00, 0x00, 0x00, 0x00, 0x00, 0x00, 0x00, 0x00, 0x00,
    0x00, 0x00, 0x00, 0x00, 0x00, 0x00, 0x00, 0x00, 0x00, 0x00, 0x00, 0x00, 0x00, 0x00, 0x00, 0x00, 0x00, 0x00, 0x00, 0x00,
    0x00, 0x00, 0x00, 0x00, 0x00, 0x00, 0x00, 0x00, 0x00, 0x00, 0x00, 0x00, 0x00, 0x00, 0x00, 0x00, 0x00, 0x00, 0x00, 0x00,
    0x00, 0x00, 0x00, 0x00, 0x00, 0x00, 0x00, 0x00, 0x00, 0x00, 0x00, 0x00, 0x00, 0x00, 0x00, 0x00, 0x00, 0x08, 0x00, 0x08,
    0x01, 0x10, 0x01, 0x20, 0x02, 0x28, 0x03, 0x38, 0x04, 0x48, 0x05, 0x58, 0x06, 0x68, 0x07, 0x78, 0x08, 0x90, 0x0b, 0xb8,
    0x12, 0xf0, 0x58, 0xf8, 0xff, 0xfd, 0x3f, 0xfe, 0x5f, 0xfb, 0x1f, 0xf9, 0x3e, 0xf8, 0x1d, 0xf8, 0xff, 0xf8, 0xfd, 0xf9,
    0x11, 0xf8, 0x0c, 0xd8, 0x09, 0x98, 0x07, 0x80, 0x06, 0x68, 0x05, 0x58, 0x05, 0x50, 0x05, 0x58, 0x05, 0x58, 0x06, 0x68,
    0x08, 0x80, 0x0a, 0xa8, 0x0d, 0xe0, 0x96, 0xf8, 0xdf, 0xfa, 0xff, 0xf8, 0x1e, 0xf8, 0x9e, 0xf8, 0x5f, 0xfa, 0xdf, 0xfc,
    0xdf, 0xff, 0x5e, 0xfd, 0x16, 0xf8, 0x2d, 0xe0, 0x09, 0x98, 0x07, 0x78, 0x05, 0x60, 0x04, 0x48, 0x03, 0x38, 0x02, 0x28,
    0x01, 0x18, 0x01, 0x10, 0x00, 0x08, 0x00, 0x08, 0x00, 0x00, 0x00, 0x00, 0x00, 0x00, 0x00, 0x00, 0x00, 0x00, 0x00, 0x00,
    0x00, 0x00, 0x00, 0x00, 0x00, 0x00, 0x00, 0x00, 0x00, 0x00, 0x00, 0x00, 0x00, 0x00, 0x00, 0x00, 0x00, 0x00, 0x00, 0x00,
    0x00, 0x00, 0x00, 0x00, 0x00, 0x00, 0x00, 0x00, 0x20, 0x00, 0x41, 0x00, 0x62, 0x00, 0xc3, 0x00, 0x46, 0x01, 0xa8, 0x01,
    0x6c, 0x02, 0x2f, 0x03, 0xf3, 0x03, 0xf9, 0x04, 0x7f, 0x07, 0xdf, 0x37, 0xdf, 0xff, 0xdf, 0xd7, 0xbf, 0x67, 0xbf, 0x0f,
    0xbf, 0x07, 0xbf, 0x07, 0xdf, 0x07, 0xfd, 0x05, 0x57, 0x04, 0xb2, 0x03, 0x0f, 0x03, 0x8c, 0x02, 0x0a, 0x02, 0xa8, 0x01,
    0x46, 0x01, 0xe4, 0x00, 0xa3, 0x00, 0x62, 0x00, 0x41, 0x00, 0x41, 0x00, 0x20, 0x00, 0x00, 0x00, 0x00, 0x00, 0x00, 0x00,
    0x00, 0x00, 0x00, 0x00, 0x00, 0x00, 0x00, 0x00, 0x00, 0x00, 0x00, 0x00, 0x00, 0x00, 0x00, 0x00, 0x00, 0x00, 0x00, 0x00,
    0x00, 0x00, 0x00, 0x00, 0x00, 0x00, 0x00, 0x00, 0x00, 0x00, 0x00, 0x00, 0x20, 0x00, 0x21, 0x00, 0x41, 0x00, 0x62, 0x00,
    0x82, 0x00, 0xe4, 0x00, 0x46, 0x01, 0x87, 0x01, 0x0a, 0x02, 0xac, 0x02, 0x2f, 0x03, 0xf3, 0x03, 0x98, 0x04, 0xbe, 0x06,
    0xff, 0x07, 0xbf, 0x07, 0xbf, 0x07, 0xbf, 0x17, 0xdf, 0x7f, 0xdf, 0xf7, 0xdf, 0xbf, 0xdf, 0x07, 0x5d, 0x06, 0xf5, 0x03,
    0x50, 0x03, 0x8c, 0x02, 0xa8, 0x01, 0x25, 0x01, 0xc3, 0x00, 0x61, 0x00, 0x21, 0x00, 0x00, 0x00, 0x00, 0x00, 0x00, 0x00,
    0x00, 0x00, 0x00, 0x00, 0x00, 0x00, 0x00, 0x00, 0x00, 0x00, 0x00, 0x00, 0x00, 0x00, 0x00, 0x00, 0x00, 0x00, 0x00, 0x00,
    0x00, 0x00, 0x00, 0x00, 0x00, 0x00, 0x00, 0x00, 0x00, 0x00, 0x00, 0x00, 0x00, 0x00, 0x00, 0x00, 0x00, 0x00, 0x00, 0x00,
    0x00, 0x00, 0x00, 0x00, 0x00, 0x00, 0x00, 0x00, 0x00, 0x00, 0x00, 0x00, 0x00, 0x00, 0x00, 0x00, 0x00, 0x00, 0x00, 0x00,
    0x00, 0x00, 0x00, 0x00, 0x00, 0x00, 0x00, 0x00, 0x00, 0x00, 0x00, 0x00, 0x00, 0x00, 0x00, 0x00, 0x00, 0x08, 0x01, 0x10,
    0x01, 0x18, 0x02, 0x28, 0x02, 0x30, 0x03, 0x40, 0x04, 0x50, 0x06, 0x60, 0x07, 0x70, 0x08, 0x88, 0x09, 0xa0, 0x0f, 0xe0,
    0x14, 0xf8, 0xde, 0xfb, 0xff, 0xfe, 0x1f, 0xfc, 0xff, 0xf9, 0x7e, 0xf8, 0x1d, 0xf8, 0x5e, 0xf0, 0xff, 0xf9, 0x95, 0xf8,
    0x0c, 0xe8, 0x09, 0xa8, 0x08, 0x80, 0x06, 0x70, 0x05, 0x58, 0x04, 0x50, 0x04, 0x48, 0x04, 0x48, 0x04, 0x50, 0x05, 0x60,
    0x06, 0x70, 0x08, 0x88, 0x0b, 0xb8, 0x0f, 0xf8, 0x9b, 0xf9, 0x9f, 0xfa, 0x7e, 0xf8, 0x3e, 0xf8, 0xff, 0xf8, 0xdf, 0xfa,
    0xff, 0xfd, 0xff, 0xff, 0x9d, 0xf2, 0x12, 0xf8, 0x0b, 0xc0, 0x08, 0x88, 0x06, 0x70, 0x05, 0x58, 0x04, 0x48, 0x03, 0x30,
    0x02, 0x20, 0x01, 0x18, 0x01, 0x10, 0x00, 0x08, 0x00, 0x08, 0x00, 0x00, 0x00, 0x00, 0x00, 0x00, 0x00, 0x00, 0x00, 0x00,
    0x00, 0x00, 0x00, 0x00, 0x00, 0x00, 0x00, 0x00, 0x00, 0x00, 0x00, 0x00, 0x00, 0x00, 0x00, 0x00, 0x00, 0x00, 0x00, 0x00,
    0x00, 0x00, 0x00, 0x00, 0x00, 0x00, 0x00, 0x00, 0x20, 0x00, 0x41, 0x00, 0x82, 0x00, 0x04, 0x01, 0x87, 0x01, 0x09, 0x02,
    0xcd, 0x02, 0x91, 0x03, 0x36, 0x04, 0x3d, 0x06, 0xff, 0x07, 0xdf, 0xaf, 0xdf, 0xff, 0xdf, 0x97, 0xbf, 0x2f, 0xbf, 0x07,
    0xbf, 0x07, 0xff, 0x07, 0xfe, 0x06, 0xb9, 0x04, 0xf3, 0x03, 0x30, 0x03, 0xad, 0x02, 0x2a, 0x02, 0xa8, 0x01, 0x46, 0x01,
    0xe4, 0x00, 0x82, 0x00, 0x62, 0x00, 0x41, 0x00, 0x20, 0x00, 0x20, 0x00, 0x00, 0x00, 0x00, 0x00, 0x00, 0x00, 0x00, 0x00,
    0x00, 0x00, 0x00, 0x00, 0x00, 0x00, 0x00, 0x00, 0x00, 0x00, 0x00, 0x00, 0x00, 0x00, 0x00, 0x00, 0x00, 0x00, 0x00, 0x00,
    0x00, 0x00, 0x00, 0x00, 0x00, 0x00, 0x00, 0x00, 0x00, 0x00, 0x00, 0x00, 0x00, 0x00, 0x20, 0x00, 0x20, 0x00, 0x41, 0x00,
    0x61, 0x00, 0xa3, 0x00, 0xe4, 0x00, 0x46, 0x01, 0xc8, 0x01, 0x2a, 0x02, 0xcd, 0x02, 0x71, 0x03, 0x35, 0x04, 0x3b, 0x05,
    0x9f, 0x07, 0xdf, 0x07, 0xbf, 0x07, 0xbf, 0x07, 0xdf, 0x47, 0xdf, 0xbf, 0xdf, 0xff, 0xdf, 0x3f, 0x5f, 0x07, 0xb8, 0x04,
    0x91, 0x03, 0xad, 0x02, 0xe9, 0x01, 0x66, 0x01, 0xe4, 0x00, 0x62, 0x00, 0x41, 0x00, 0x00, 0x00, 0x00, 0x00, 0x00, 0x00,
    0x00, 0x00, 0x00, 0x00, 0x00, 0x00, 0x00, 0x00, 0x00, 0x00, 0x00, 0x00, 0x00, 0x00, 0x00, 0x00, 0x00, 0x00, 0x00, 0x00,
    0x00, 0x00, 0x00, 0x00, 0x00, 0x00, 0x00, 0x00, 0x00, 0x00, 0x00, 0x00, 0x00, 0x00, 0x00, 0x00, 0x00, 0x00, 0x00, 0x00,
    0x00, 0x00, 0x00, 0x00, 0x00, 0x00, 0x00, 0x00, 0x00, 0x00, 0x00, 0x00, 0x00, 0x00, 0x00, 0x00, 0x00, 0x00, 0x00, 0x00,
    0x00, 0x00, 0x00, 0x00, 0x00, 0x00, 0x00, 0x00, 0x00, 0x00, 0x00, 0x00, 0x00, 0x00, 0x00, 0x08, 0x00, 0x08, 0x01, 0x10,
    0x01, 0x20, 0x02, 0x28, 0x03, 0x38, 0x04, 0x48, 0x05, 0x58, 0x06, 0x68, 0x08, 0x80, 0x09, 0x98, 0x0c, 0xc8, 0x12, 0xf8,
    0x9a, 0xf1, 0xff, 0xfe, 0xfe, 0xfc, 0x5f, 0xfa, 0xbf, 0xf8, 0x1d, 0xf8, 0x1d, 0xf8, 0x7f, 0xf9, 0x3a, 0xf9, 0x0f, 0xf8,
    0x0a, 0xb8, 0x08, 0x88, 0x06, 0x70, 0x05, 0x58, 0x04, 0x50, 0x04, 0x48, 0x03, 0x40, 0x04, 0x40, 0x04, 0x48, 0x04, 0x50,
    0x05, 0x60, 0x07, 0x78, 0x09, 0x98, 0x0c, 0xd8, 0x13, 0xf8, 0x9e, 0xf2, 0xbf, 0xf9, 0x3e, 0xf8, 0x3e, 0xf8, 0x7f, 0xf9,
    0xff, 0xfb, 0x5f, 0xff, 0x1f, 0xff, 0x79, 0xf8, 0x0f, 0xf0, 0x09, 0xa0, 0x07, 0x80, 0x06, 0x60, 0x04, 0x50, 0x03, 0x38,
    0x02, 0x28, 0x01, 0x20, 0x01, 0x10, 0x00, 0x08, 0x00, 0x08, 0x00, 0x08, 0x00, 0x00, 0x00, 0x00, 0x00, 0x00, 0x00, 0x00,
    0x00, 0x00, 0x00, 0x00, 0x00, 0x00, 0x00, 0x00, 0x00, 0x00, 0x00, 0x00, 0x00, 0x00, 0x00, 0x00, 0x00, 0x00, 0x00, 0x00,
    0x00, 0x00, 0x00, 0x00, 0x00, 0x00, 0x00, 0x00, 0x21, 0x00, 0x62, 0x00, 0xa3, 0x00, 0x25, 0x01, 0xa8, 0x01, 0x4b, 0x02,
    0xee, 0x02, 0xd2, 0x03, 0xd9, 0x04, 0x5f, 0x07, 0xdf, 0x2f, 0xdf, 0xff, 0xdf, 0xd7, 0xbf, 0x5f, 0xbf, 0x0f, 0xbf, 0x07,
    0xbf, 0x07, 0xbf, 0x07, 0x5b, 0x05, 0x35, 0x04, 0x71, 0x03, 0xee, 0x02, 0x4b, 0x02, 0xe9, 0x01, 0x66, 0x01, 0xe4, 0x00,
    0xa3, 0x00, 0x62, 0x00, 0x41, 0x00, 0x20, 0x00, 0x20, 0x00, 0x00, 0x00, 0x00, 0x00, 0x00, 0x00, 0x00, 0x00, 0x00, 0x00,
    0x00, 0x00, 0x00, 0x00, 0x00, 0x00, 0x00, 0x00, 0x00, 0x00, 0x00, 0x00, 0x00, 0x00, 0x00, 0x00, 0x00, 0x00, 0x00, 0x00,
    0x00, 0x00, 0x00, 0x00, 0x00, 0x00, 0x00, 0x00, 0x00, 0x00, 0x00, 0x00, 0x00, 0x00, 0x00, 0x00, 0x20, 0x00, 0x20, 0x00,
    0x41, 0x00, 0x62, 0x00, 0xc3, 0x00, 0x05, 0x01, 0x87, 0x01, 0xe9, 0x01, 0x6c, 0x02, 0x2f, 0x03, 0xf3, 0x03, 0x77, 0x04,
    0x5d, 0x06, 0xff, 0x07, 0xbf, 0x07, 0xbf, 0x07, 0xbf, 0x1f, 0xdf, 0x87, 0xdf, 0xff, 0xdf, 0x9f, 0xdf, 0x07, 0xbb, 0x05,
    0xd3, 0x03, 0xee, 0x02, 0x2a, 0x02, 0x87, 0x01, 0x04, 0x01, 0x82, 0x00, 0x41, 0x00, 0x20, 0x00, 0x00, 0x00, 0x00, 0x00,
    0x00, 0x00, 0x00, 0x00, 0x00, 0x00, 0x00, 0x00, 0x00, 0x00, 0x00, 0x00, 0x00, 0x00, 0x00, 0x00, 0x00, 0x00, 0x00, 0x00,
    0x00, 0x00, 0x00, 0x00, 0x00, 0x00, 0x00, 0x00, 0x00, 0x00, 0x00, 0x00, 0x00, 0x00, 0x00, 0x00, 0x00, 0x00, 0x00, 0x00,
    0x00, 0x00, 0x00, 0x00, 0x00, 0x00, 0x00, 0x00, 0x00, 0x00, 0x00, 0x00, 0x00, 0x00, 0x00, 0x00, 0x00, 0x00, 0x00, 0x00,
    0x00, 0x00, 0x00, 0x00, 0x00, 0x00, 0x00, 0x00, 0x00, 0x00, 0x00, 0x00, 0x00, 0x00, 0x00, 0x08, 0x01, 0x10, 0x01, 0x18,
    0x02, 0x28, 0x03, 0x38, 0x04, 0x40, 0x05, 0x50, 0x06, 0x60, 0x07, 0x78, 0x09, 0x90, 0x0b, 0xb0, 0x11, 0xf0, 0x38, 0xf8,
    0x9f, 0xfd, 0x5e, 0xfe, 0x5f, 0xfb, 0x3f, 0xf9, 0x3e, 0xf8, 0x1d, 0xf8, 0xff, 0xf8, 0xdd, 0xf9, 0x12, 0xf8, 0x0c, 0xd8,
    0x08, 0x98, 0x07, 0x78, 0x05, 0x58, 0x04, 0x48, 0x04, 0x40, 0x03, 0x38, 0x03, 0x38, 0x03, 0x38, 0x03, 0x40, 0x04, 0x48,
    0x05, 0x50, 0x06, 0x68, 0x08, 0x80, 0x0a, 0xa8, 0x0d, 0xe8, 0xd8, 0xf8, 0xff, 0xfa, 0xbe, 0xf8, 0x1e, 0xf8, 0x7f, 0xf8,
    0x7f, 0xfa, 0x3f, 0xfd, 0xff, 0xff, 0x9d, 0xf4, 0x15, 0xf8, 0x2c, 0xd0, 0x08, 0x90, 0x07, 0x70, 0x05, 0x58, 0x04, 0x48,
    0x03, 0x38, 0x02, 0x28, 0x01, 0x18, 0x01, 0x10, 0x00, 0x08, 0x00, 0x08, 0x00, 0x00, 0x00, 0x00, 0x00, 0x00, 0x00, 0x00,
    0x00, 0x00, 0x00, 0x00, 0x00, 0x00, 0x00, 0x00, 0x00, 0x00, 0x00, 0x00, 0x00, 0x00, 0x00, 0x00, 0x00, 0x00, 0x00, 0x00,
    0x00, 0x00, 0x00, 0x00, 0x00, 0x00, 0x20, 0x00, 0x41, 0x00, 0x82, 0x00, 0xc4, 0x00, 0x46, 0x01, 0xe9, 0x01, 0x8c, 0x02,
    0x50, 0x03, 0x14, 0x04, 0xdc, 0x05, 0xdf, 0x07, 0xbf, 0x8f, 0xdf, 0xff, 0xdf, 0x9f, 0xbf, 0x2f, 0xbf, 0x07, 0xbf, 0x07,
    0xff, 0x07, 0x9e, 0x06, 0x98, 0x04, 0xd3, 0x03, 0x0f, 0x03, 0x6c, 0x02, 0xc9, 0x01, 0x67, 0x01, 0x04, 0x01, 0xa3, 0x00,
    0x62, 0x00, 0x41, 0x00, 0x21, 0x00, 0x00, 0x00, 0x00, 0x00, 0x00, 0x00, 0x00, 0x00, 0x00, 0x00, 0x00, 0x00, 0x00, 0x00,
    0x00, 0x00, 0x00, 0x00, 0x00, 0x00, 0x00, 0x00, 0x00, 0x00, 0x00, 0x00, 0x00, 0x00, 0x00, 0x00, 0x00, 0x00, 0x00, 0x00,
    0x00, 0x00, 0x00, 0x00, 0x00, 0x00, 0x00, 0x00, 0x00, 0x00, 0x00, 0x00, 0x00, 0x00, 0x00, 0x00, 0x00, 0x00, 0x20, 0x00,
    0x21, 0x00, 0x61, 0x00, 0x82, 0x00, 0xc4, 0x00, 0x46, 0x01, 0xa8, 0x01, 0x2a, 0x02, 0xce, 0x02, 0x71, 0x03, 0x35, 0x04,
    0x3a, 0x05, 0x9f, 0x07, 0xdf, 0x07, 0xbf, 0x07, 0xbf, 0x07, 0xbf, 0x57, 0xdf, 0xd7, 0xdf, 0xe7, 0xff, 0x0f, 0xbe, 0x06,
    0x15, 0x04, 0x50, 0x03, 0x6b, 0x02, 0xc8, 0x01, 0x25, 0x01, 0x82, 0x00, 0x61, 0x00, 0x20, 0x00, 0x00, 0x00, 0x00, 0x00,
    0x00, 0x00, 0x00, 0x00, 0x00, 0x00, 0x00, 0x00, 0x00, 0x00, 0x00, 0x00, 0x00, 0x00, 0x00, 0x00, 0x00, 0x00, 0x00, 0x00,
    0x00, 0x00, 0x00, 0x00, 0x00, 0x00, 0x00, 0x00, 0x00, 0x00, 0x00, 0x00, 0x00, 0x00, 0x00, 0x00, 0x00, 0x00, 0x00, 0x00,
    0x00, 0x00, 0x00, 0x00, 0x00, 0x00, 0x00, 0x00, 0x00, 0x00, 0x00, 0x00, 0x00, 0x00, 0x00, 0x00, 0x00, 0x00, 0x00, 0x00,
    0x00, 0x00, 0x00, 0x00, 0x00, 0x00, 0x00, 0x00, 0x00, 0x00, 0x00, 0x00, 0x00, 0x08, 0x00, 0x08, 0x01, 0x18, 0x01, 0x20,
    0x02, 0x28, 0x03, 0x40, 0x04, 0x48, 0x05, 0x58, 0x06, 0x70, 0x08, 0x88, 0x09, 0xa0, 0x2f, 0xe0, 0x15, 0xf8, 0x3d, 0xf3,
    0xdf, 0xfe, 0x5e, 0xfc, 0x1f, 0xfa, 0x7e, 0xf8, 0x1d, 0xf8, 0x5e, 0xf8, 0xdf, 0xf9, 0x96, 0xf8, 0x0d, 0xf0, 0x0a, 0xa8,
    0x07, 0x80, 0x06, 0x60, 0x04, 0x50, 0x04, 0x40, 0x03, 0x38, 0x03, 0x30, 0x02, 0x30, 0x03, 0x30, 0x03, 0x38, 0x03, 0x38,
    0x04, 0x48, 0x05, 0x58, 0x06, 0x70, 0x08, 0x88, 0x0a, 0xc0, 0x10, 0xf8, 0xfc, 0xf9, 0x3f, 0xfa, 0x3e, 0xf8, 0x1e, 0xf8,
    0x3f, 0xf9, 0x3f, 0xfb, 0x3f, 0xfe, 0xff, 0xff, 0xbb, 0xf9, 0x11, 0xf8, 0x0a, 0xb8, 0x08, 0x88, 0x06, 0x68, 0x05, 0x50,
    0x03, 0x40, 0x02, 0x30, 0x01, 0x20, 0x01, 0x10, 0x01, 0x10, 0x00, 0x08, 0x00, 0x08, 0x00, 0x00, 0x00, 0x00, 0x00, 0x00,
    0x00, 0x00, 0x00, 0x00, 0x00, 0x00, 0x00, 0x00, 0x00, 0x00, 0x00, 0x00, 0x00, 0x00, 0x00, 0x00, 0x00, 0x00, 0x00, 0x00,
    0x00, 0x00, 0x00, 0x00, 0x00, 0x00, 0x20, 0x00, 0x61, 0x00, 0x82, 0x00, 0xe4, 0x00, 0x67, 0x01, 0x0a, 0x02, 0xad, 0x02,
    0x91, 0x03, 0x57, 0x04, 0xde, 0x06, 0xdf, 0x0f, 0xdf, 0xe7, 0xdf, 0xef, 0xbf, 0x6f, 0xbf, 0x0f, 0xbf, 0x07, 0xbf, 0x07,
    0xbf, 0x07, 0x5b, 0x05, 0x35, 0x04, 0x71, 0x03, 0xcd, 0x02, 0x2a, 0x02, 0x87, 0x01, 0x25, 0x01, 0xc3, 0x00, 0x82, 0x00,
    0x41, 0x00, 0x41, 0x00, 0x20, 0x00, 0x00, 0x00, 0x00, 0x00, 0x00, 0x00, 0x00, 0x00, 0x00, 0x00, 0x00, 0x00, 0x00, 0x00,
    0x00, 0x00, 0x00, 0x00, 0x00, 0x00, 0x00, 0x00, 0x00, 0x00, 0x00, 0x00, 0x00, 0x00, 0x00, 0x00, 0x00, 0x00, 0x00, 0x00,
    0x00, 0x00, 0x00, 0x00, 0x00, 0x00, 0x00, 0x00, 0x00, 0x00, 0x00, 0x00, 0x00, 0x00, 0x00, 0x00, 0x00, 0x00, 0x00, 0x00,
    0x20, 0x00, 0x41, 0x00, 0x62, 0x00, 0xa3, 0x00, 0x05, 0x01, 0x66, 0x01, 0xe9, 0x01, 0x8c, 0x02, 0x2f, 0x03, 0xf3, 0x03,
    0x78, 0x04, 0xbe, 0x06, 0xff, 0x07, 0xbf, 0x07, 0xbf, 0x07, 0xbf, 0x37, 0xdf, 0xa7, 0xdf, 0xff, 0xdf, 0x4f, 0x7f, 0x07,
    0xb8, 0x04, 0x71, 0x03, 0x8c, 0x02, 0x09, 0x02, 0x46, 0x01, 0x82, 0x00, 0x61, 0x00, 0x21, 0x00, 0x00, 0x00, 0x00, 0x00,
    0x00, 0x00, 0x00, 0x00, 0x00, 0x00, 0x00, 0x00, 0x00, 0x00, 0x00, 0x00, 0x00, 0x00, 0x00, 0x00, 0x00, 0x00, 0x00, 0x00,
    0x00, 0x00, 0x00, 0x00, 0x00, 0x00, 0x00, 0x00, 0x00, 0x00, 0x00, 0x00, 0x00, 0x00, 0x00, 0x00, 0x00, 0x00, 0x00, 0x00,
    0x00, 0x00, 0x00, 0x00, 0x00, 0x00, 0x00, 0x00, 0x00, 0x00, 0x00, 0x00, 0x00, 0x00, 0x00, 0x00, 0x00, 0x00, 0x00, 0x00,
    0x00, 0x00, 0x00, 0x00, 0x00, 0x00, 0x00, 0x00, 0x00, 0x00, 0x00, 0x08, 0x00, 0x08, 0x01, 0x10, 0x01, 0x20, 0x02, 0x28,
    0x03, 0x30, 0x04, 0x48, 0x05, 0x58, 0x06, 0x68, 0x07, 0x78, 0x09, 0x98, 0x0c, 0xc8, 0x13, 0xf8, 0x5a, 0xf9, 0xbf, 0xfe,
    0x5e, 0xfd, 0xbf, 0xfa, 0xdf, 0xf8, 0x1e, 0xf8, 0x1d, 0xf8, 0x7f, 0xf9, 0x5b, 0xf9, 0x0f, 0xf8, 0x0b, 0xc0, 0x08, 0x88,
    0x06, 0x70, 0x05, 0x50, 0x04, 0x40, 0x03, 0x38, 0x02, 0x30, 0x02, 0x28, 0x02, 0x28, 0x02, 0x28, 0x02, 0x30, 0x03, 0x30,
    0x03, 0x40, 0x04, 0x50, 0x05, 0x60, 0x07, 0x78, 0x09, 0x98, 0x0c, 0xe0, 0x34, 0xf8, 0xbe, 0xfa, 0x5f, 0xf9, 0x1e, 0xf8,
    0x5e, 0xf8, 0xbf, 0xf9, 0x3f, 0xfc, 0x9f, 0xff, 0x7f, 0xfe, 0x38, 0xf8, 0x0e, 0xe8, 0x09, 0xa0, 0x07, 0x78, 0x05, 0x60,
    0x04, 0x48, 0x03, 0x38, 0x02, 0x28, 0x01, 0x18, 0x01, 0x10, 0x00, 0x08, 0x00, 0x08, 0x00, 0x00, 0x00, 0x00, 0x00, 0x00,
    0x00, 0x00, 0x00, 0x00, 0x00, 0x00, 0x00, 0x00, 0x00, 0x00, 0x00, 0x00, 0x00, 0x00, 0x00, 0x00, 0x00, 0x00, 0x00, 0x00,
    0x00, 0x00, 0x00, 0x00, 0x00, 0x00, 0x21, 0x00, 0x62, 0x00, 0xa3, 0x00, 0x04, 0x01, 0x87, 0x01, 0x4b, 0x02, 0x0e, 0x03,
    0xb2, 0x03, 0xd9, 0x04, 0x7f, 0x07, 0xdf, 0x4f, 0xdf, 0xff, 0xdf, 0xbf, 0xbf, 0x3f, 0xbf, 0x07, 0x9f, 0x07, 0xdf, 0x07,
    0xde, 0x06, 0x98, 0x04, 0xf3, 0x03, 0x0f, 0x03, 0x6c, 0x02, 0xc9, 0x01, 0x46, 0x01, 0xe4, 0x00, 0x82, 0x00, 0x61, 0x00,
    0x41, 0x00, 0x20, 0x00, 0x00, 0x00, 0x00, 0x00, 0x00, 0x00, 0x00, 0x00, 0x00, 0x00, 0x00, 0x00, 0x00, 0x00, 0x00, 0x00,
    0x00, 0x00, 0x00, 0x00, 0x00, 0x00, 0x00, 0x00, 0x00, 0x00, 0x00, 0x00, 0x00, 0x00, 0x00, 0x00, 0x00, 0x00, 0x00, 0x00,
    0x00, 0x00, 0x00, 0x00, 0x00, 0x00, 0x00, 0x00, 0x00, 0x00, 0x00, 0x00, 0x00, 0x00, 0x00, 0x00, 0x00, 0x00, 0x00, 0x00,
    0x00, 0x00, 0x20, 0x00, 0x41, 0x00, 0x82, 0x00, 0xe4, 0x00, 0x25, 0x01, 0xa8, 0x01, 0x4b, 0x02, 0xee, 0x02, 0x92, 0x03,
    0x35, 0x04, 0xbc, 0x05, 0xdf, 0x07, 0xbf, 0x07, 0xbf, 0x07, 0xbf, 0x17, 0xdf, 0x7f, 0xdf, 0xff, 0xdf, 0x97, 0xdf, 0x07,
    0x7b, 0x05, 0xb2, 0x03, 0xcd, 0x02, 0x2a, 0x02, 0x67, 0x01, 0xa3, 0x00, 0x62, 0x00, 0x41, 0x00, 0x20, 0x00, 0x00, 0x00,
    0x00, 0x00, 0x00, 0x00, 0x00, 0x00, 0x00, 0x00, 0x00, 0x00, 0x00, 0x00, 0x00, 0x00, 0x00, 0x00, 0x00, 0x00, 0x00, 0x00,
    0x00, 0x00, 0x00, 0x00, 0x00, 0x00, 0x00, 0x00, 0x00, 0x00, 0x00, 0x00, 0x00, 0x00, 0x00, 0x00, 0x00, 0x00, 0x00, 0x00,
    0x00, 0x00, 0x00, 0x00, 0x00, 0x00, 0x00, 0x00, 0x00, 0x00, 0x00, 0x00, 0x00, 0x00, 0x00, 0x00, 0x00, 0x00, 0x00, 0x00,
    0x00, 0x00, 0x00, 0x00, 0x00, 0x00, 0x00, 0x00, 0x00, 0x08, 0x00, 0x08, 0x01, 0x10, 0x01, 0x18, 0x02, 0x28, 0x03, 0x30,
    0x03, 0x40, 0x05, 0x50, 0x06, 0x60, 0x07, 0x78, 0x08, 0x90, 0x0a, 0xb0, 0x11, 0xf0, 0x18, 0xf8, 0x7f, 0xfd, 0x9e, 0xfe,
    0x7f, 0xfb, 0x5f, 0xf9, 0x3e, 0xf8, 0x1d, 0xf8, 0xde, 0xf8, 0xde, 0xf9, 0x33, 0xf8, 0x0c, 0xd8, 0x09, 0x98, 0x07, 0x78,
    0x05, 0x60, 0x04, 0x48, 0x03, 0x38, 0x02, 0x30, 0x02, 0x28, 0x02, 0x20, 0x01, 0x20, 0x02, 0x20, 0x02, 0x28, 0x02, 0x30,
    0x03, 0x38, 0x04, 0x40, 0x05, 0x50, 0x06, 0x68, 0x08, 0x80, 0x0a, 0xb0, 0x0e, 0xf0, 0x19, 0xf9, 0xbf, 0xfa, 0x7e, 0xf8,
    0x1e, 0xf8, 0xbe, 0xf8, 0xbf, 0xfa, 0x9f, 0xfd, 0xff, 0xff, 0x9d, 0xf3, 0x15, 0xf8, 0x2c, 0xc8, 0x08, 0x90, 0x06, 0x70,
    0x05, 0x58, 0x04, 0x40, 0x02, 0x30, 0x02, 0x20, 0x01, 0x18, 0x01, 0x10, 0x00, 0x08, 0x00, 0x08, 0x00, 0x00, 0x00, 0x00,
    0x00, 0x00, 0x00, 0x00, 0x00, 0x00, 0x00, 0x00, 0x00, 0x00, 0x00, 0x00, 0x00, 0x00, 0x00, 0x00, 0x00, 0x00, 0x00, 0x00,
    0x00, 0x00, 0x00, 0x00, 0x20, 0x00, 0x41, 0x00, 0x62, 0x00, 0xc3, 0x00, 0x05, 0x01, 0xa8, 0x01, 0x8c, 0x02, 0x50, 0x03,
    0xf4, 0x03, 0xbb, 0x05, 0xdf, 0x07, 0xbf, 0x97, 0xdf, 0xff, 0xbf, 0x97, 0xbf, 0x1f, 0xbf, 0x07, 0xbf, 0x07, 0xdf, 0x07,
    0xbc, 0x05, 0x36, 0x04, 0x91, 0x03, 0xce, 0x02, 0x2a, 0x02, 0x87, 0x01, 0x05, 0x01, 0xc3, 0x00, 0x62, 0x00, 0x41, 0x00,
    0x20, 0x00, 0x00, 0x00, 0x00, 0x00, 0x00, 0x00, 0x00, 0x00, 0x00, 0x00, 0x00, 0x00, 0x00, 0x00, 0x00, 0x00, 0x00, 0x00,
    0x00, 0x00, 0x00, 0x00, 0x00, 0x00, 0x00, 0x00, 0x00, 0x00, 0x00, 0x00, 0x00, 0x00, 0x00, 0x00, 0x00, 0x00, 0x00, 0x00,
    0x00, 0x00, 0x00, 0x00, 0x00, 0x00, 0x00, 0x00, 0x00, 0x00, 0x00, 0x00, 0x00, 0x00, 0x00, 0x00, 0x00, 0x00, 0x00, 0x00,
    0x00, 0x00, 0x20, 0x00, 0x41, 0x00, 0x62, 0x00, 0xa3, 0x00, 0x04, 0x01, 0x67, 0x01, 0x0a, 0x02, 0xad, 0x02, 0x50, 0x03,
    0x14, 0x04, 0x1a, 0x05, 0x7f, 0x07, 0xdf, 0x07, 0xbf, 0x07, 0xbf, 0x0f, 0xdf, 0x57, 0xdf, 0xdf, 0xdf, 0xcf, 0xff, 0x07,
    0x5d, 0x06, 0xf4, 0x03, 0x0e, 0x03, 0x4b, 0x02, 0xa7, 0x01, 0xc4, 0x00, 0x82, 0x00, 0x41, 0x00, 0x20, 0x00, 0x00, 0x00,
    0x00, 0x00, 0x00, 0x00, 0x00, 0x00, 0x00, 0x00, 0x00, 0x00, 0x00, 0x00, 0x00, 0x00, 0x00, 0x00, 0x00, 0x00, 0x00, 0x00,
    0x00, 0x00, 0x00, 0x00, 0x00, 0x00, 0x00, 0x00, 0x00, 0x00, 0x00, 0x00, 0x00, 0x00, 0x00, 0x00, 0x00, 0x00, 0x00, 0x00,
    0x00, 0x00, 0x00, 0x00, 0x00, 0x00, 0x00, 0x00, 0x00, 0x00, 0x00, 0x00, 0x00, 0x00, 0x00, 0x00, 0x00, 0x00, 0x00, 0x00,
    0x00, 0x00, 0x00, 0x00, 0x00, 0x00, 0x00, 0x00, 0x00, 0x08, 0x00, 0x10, 0x01, 0x18, 0x02, 0x20, 0x02, 0x30, 0x03, 0x38,
    0x04, 0x48, 0x05, 0x58, 0x07, 0x70, 0x08, 0x80, 0x09, 0xa0, 0x0f, 0xd8, 0x15, 0xf8, 0xdd, 0xfa, 0x1f, 0xff, 0x7e, 0xfc,
    0xff, 0xf9, 0x9e, 0xf8, 0x1d, 0xf8, 0x3e, 0xf8, 0xff, 0xf9, 0xb7, 0xf8, 0x0d, 0xf0, 0x0a, 0xa8, 0x08, 0x80, 0x06, 0x60,
    0x05, 0x50, 0x03, 0x40, 0x02, 0x30, 0x02, 0x28, 0x02, 0x20, 0x01, 0x20, 0x01, 0x18, 0x01, 0x20, 0x02, 0x20, 0x02, 0x28,
    0x02, 0x30, 0x03, 0x38, 0x04, 0x48, 0x05, 0x58, 0x07, 0x78, 0x09, 0x90, 0x0b, 0xc8, 0x12, 0xf8, 0x3d, 0xfa, 0xff, 0xf9,
    0x1e, 0xf8, 0x3e, 0xf8, 0x7f, 0xf9, 0x9f, 0xfb, 0xbf, 0xfe, 0x9f, 0xff, 0x1a, 0xf9, 0x10, 0xf0, 0x0a, 0xb0, 0x07, 0x80,
    0x06, 0x60, 0x04, 0x50, 0x03, 0x38, 0x02, 0x28, 0x01, 0x20, 0x01, 0x10, 0x01, 0x10, 0x00, 0x08, 0x00, 0x08, 0x00, 0x00,
    0x00, 0x00, 0x00, 0x00, 0x00, 0x00, 0x00, 0x00, 0x00, 0x00, 0x00, 0x00, 0x00, 0x00, 0x00, 0x00, 0x00, 0x00, 0x00, 0x00,
    0x00, 0x00, 0x00, 0x00, 0x20, 0x00, 0x41, 0x00, 0x62, 0x00, 0xc3, 0x00, 0x25, 0x01, 0xc9, 0x01, 0xad, 0x02, 0x71, 0x03,
    0x36, 0x04, 0x7d, 0x06, 0xdf, 0x07, 0xdf, 0xd7, 0xdf, 0xf7, 0xbf, 0x6f, 0xbf, 0x0f, 0xbf, 0x07, 0xdf, 0x07, 0x7f, 0x07,
    0xfa, 0x04, 0xf4, 0x03, 0x30, 0x03, 0x6c, 0x02, 0xe9, 0x01, 0x67, 0x01, 0xe4, 0x00, 0xa3, 0x00, 0x61, 0x00, 0x41, 0x00,
    0x20, 0x00, 0x00, 0x00, 0x00, 0x00, 0x00, 0x00, 0x00, 0x00, 0x00, 0x00, 0x00, 0x00, 0x00, 0x00, 0x00, 0x00, 0x00, 0x00,
    0x00, 0x00, 0x00, 0x00, 0x00, 0x00, 0x00, 0x00, 0x00, 0x00, 0x00, 0x00, 0x00, 0x00, 0x00, 0x00, 0x00, 0x00, 0x00, 0x00,
    0x00, 0x00, 0x00, 0x00, 0x00, 0x00, 0x00, 0x00, 0x00, 0x00, 0x00, 0x00, 0x00, 0x00, 0x00, 0x00, 0x00, 0x00, 0x00, 0x00,
    0x00, 0x00, 0x00, 0x00, 0x20, 0x00, 0x61, 0x00, 0xa2, 0x00, 0xe4, 0x00, 0x46, 0x01, 0x09, 0x02, 0x8c, 0x02, 0x0f, 0x03,
    0xd3, 0x03, 0xb8, 0x04, 0xde, 0x06, 0xdf, 0x07, 0xbf, 0x07, 0xbf, 0x07, 0xbf, 0x3f, 0xdf, 0xbf, 0xdf, 0xf7, 0xff, 0x1f,
    0xde, 0x06, 0x36, 0x04, 0x2f, 0x03, 0x6c, 0x02, 0xc8, 0x01, 0xe4, 0x00, 0xa2, 0x00, 0x41, 0x00, 0x20, 0x00, 0x00, 0x00,
    0x00, 0x00, 0x00, 0x00, 0x00, 0x00, 0x00, 0x00, 0x00, 0x00, 0x00, 0x00, 0x00, 0x00, 0x00, 0x00, 0x00, 0x00, 0x00, 0x00,
    0x00, 0x00, 0x00, 0x00, 0x00, 0x00, 0x00, 0x00, 0x00, 0x00, 0x00, 0x00, 0x00, 0x00, 0x00, 0x00, 0x00, 0x00, 0x00, 0x00,
    0x00, 0x00, 0x00, 0x00, 0x00, 0x00, 0x00, 0x00, 0x00, 0x00, 0x00, 0x00, 0x00, 0x00, 0x00, 0x00, 0x00, 0x00, 0x00, 0x00,
    0x00, 0x00, 0x00, 0x00, 0x00, 0x00, 0x00, 0x08, 0x00, 0x08, 0x01, 0x10, 0x01, 0x20, 0x02, 0x28, 0x03, 0x38, 0x04, 0x48,
    0x05, 0x50, 0x06, 0x68, 0x07, 0x78, 0x08, 0x90, 0x0c, 0xc0, 0x13, 0xf8, 0xfa, 0xf8, 0x7f, 0xfe, 0xbe, 0xfd, 0xdf, 0xfa,
    0xff, 0xf8, 0x3e, 0xf8, 0x1d, 0xf8, 0x5f, 0xf9, 0x7b, 0xf9, 0x0f, 0xf8, 0x0b, 0xc0, 0x08, 0x88, 0x06, 0x70, 0x05, 0x58,
    0x04, 0x40, 0x03, 0x30, 0x02, 0x28, 0x01, 0x20, 0x01, 0x18, 0x01, 0x18, 0x01, 0x18, 0x01, 0x18, 0x01, 0x18, 0x01, 0x20,
    0x02, 0x28, 0x02, 0x30, 0x03, 0x40, 0x04, 0x50, 0x06, 0x68, 0x07, 0x80, 0x0a, 0xa0, 0x0d, 0xe0, 0x76, 0xf8, 0xbf, 0xfa,
    0x1f, 0xf9, 0x1e, 0xf8, 0x7e, 0xf8, 0xff, 0xf9, 0x9f, 0xfc, 0xff, 0xff, 0x9e, 0xfd, 0x16, 0xf8, 0x0d, 0xe0, 0x09, 0x98,
    0x07, 0x78, 0x05, 0x58, 0x04, 0x48, 0x03, 0x38, 0x02, 0x28, 0x01, 0x18, 0x01, 0x10, 0x01, 0x10, 0x00, 0x08, 0x00, 0x00,
    0x00, 0x00, 0x00, 0x00, 0x00, 0x00, 0x00, 0x00, 0x00, 0x00, 0x00, 0x00, 0x00, 0x00, 0x00, 0x00, 0x00, 0x00, 0x00, 0x00,
    0x00, 0x00, 0x00, 0x00, 0x20, 0x00, 0x41, 0x00, 0x82, 0x00, 0xc4, 0x00, 0x46, 0x01, 0x09, 0x02, 0xce, 0x02, 0xb1, 0x03,
    0x98, 0x04, 0x1e, 0x07, 0xdf, 0x27, 0xdf, 0xff, 0xdf, 0xcf, 0xbf, 0x4f, 0xbf, 0x07, 0xbf, 0x07, 0xff, 0x07, 0xde, 0x06,
    0x78, 0x04, 0xb2, 0x03, 0xee, 0x02, 0x4b, 0x02, 0xc8, 0x01, 0x46, 0x01, 0xa3, 0x00, 0x82, 0x00, 0x41, 0x00, 0x20, 0x00,
    0x20, 0x00, 0x00, 0x00, 0x00, 0x00, 0x00, 0x00, 0x00, 0x00, 0x00, 0x00, 0x00, 0x00, 0x00, 0x00, 0x00, 0x00, 0x00, 0x00,
    0x00, 0x00, 0x00, 0x00, 0x00, 0x00, 0x00, 0x00, 0x00, 0x00, 0x00, 0x00, 0x00, 0x00, 0x00, 0x00, 0x00, 0x00, 0x00, 0x00,
    0x00, 0x00, 0x00, 0x00, 0x00, 0x00, 0x00, 0x00, 0x00, 0x00, 0x00, 0x00, 0x00, 0x00, 0x00, 0x00, 0x00, 0x00, 0x00, 0x00,
    0x00, 0x00, 0x00, 0x00, 0x20, 0x00, 0x41, 0x00, 0x82, 0x00, 0xa3, 0x00, 0x25, 0x01, 0xc8, 0x01, 0x4b, 0x02, 0xee, 0x02,
    0xb2, 0x03, 0x77, 0x04, 0x3d, 0x06, 0xff, 0x07, 0xbf, 0x07, 0xbf, 0x07, 0xbf, 0x27, 0xdf, 0x9f, 0xdf, 0xff, 0xdf, 0x47,
    0x5f, 0x07, 0x98, 0x04, 0x50, 0x03, 0xac, 0x02, 0xc8, 0x01, 0x04, 0x01, 0xa3, 0x00, 0x61, 0x00, 0x20, 0x00, 0x00, 0x00,
    0x00, 0x00, 0x00, 0x00, 0x00, 0x00, 0x00, 0x00, 0x00, 0x00, 0x00, 0x00, 0x00, 0x00, 0x00, 0x00, 0x00, 0x00, 0x00, 0x00,
    0x00, 0x00, 0x00, 0x00, 0x00, 0x00, 0x00, 0x00, 0x00, 0x00, 0x00, 0x00, 0x00, 0x00, 0x00, 0x00, 0x00, 0x00, 0x00, 0x00,
    0x00, 0x00, 0x00, 0x00, 0x00, 0x00, 0x00, 0x00, 0x00, 0x00, 0x00, 0x00, 0x00, 0x00, 0x00, 0x00, 0x00, 0x00, 0x00, 0x00,
    0x00, 0x00, 0x00, 0x00, 0x00, 0x00, 0x00, 0x08, 0x00, 0x10, 0x01, 0x18, 0x02, 0x28, 0x03, 0x30, 0x03, 0x40, 0x04, 0x50,
    0x05, 0x60, 0x06, 0x70, 0x08, 0x88, 0x0a, 0xb0, 0x10, 0xe8, 0x16, 0xf8, 0xde, 0xfc, 0x9f, 0xfe, 0xbf, 0xfb, 0x9f, 0xf9,
    0x5e, 0xf8, 0x1d, 0xf8, 0x9e, 0xf8, 0xde, 0xf1, 0x33, 0xf8, 0x0c, 0xe0, 0x09, 0x98, 0x07, 0x78, 0x05, 0x60, 0x04, 0x48,
    0x03, 0x38, 0x02, 0x28, 0x01, 0x20, 0x01, 0x18, 0x01, 0x10, 0x01, 0x10, 0x01, 0x10, 0x01, 0x10, 0x01, 0x10, 0x01, 0x18,
    0x01, 0x20, 0x02, 0x28, 0x03, 0x38, 0x04, 0x48, 0x05, 0x58, 0x06, 0x70, 0x08, 0x88, 0x0a, 0xb8, 0x0f, 0xf0, 0x7b, 0xf9,
    0x9f, 0xfa, 0x5e, 0xf8, 0x1e, 0xf8, 0xff, 0xf8, 0xff, 0xfa, 0xff, 0xfd, 0xff, 0xff, 0xbc, 0xf2, 0x13, 0xf8, 0x2b, 0xc0,
    0x08, 0x88, 0x06, 0x68, 0x05, 0x50, 0x04, 0x40, 0x03, 0x30, 0x02, 0x20, 0x01, 0x18, 0x01, 0x10, 0x00, 0x08, 0x00, 0x08,
    0x00, 0x00, 0x00, 0x00, 0x00, 0x00, 0x00, 0x00, 0x00, 0x00, 0x00, 0x00, 0x00, 0x00, 0x00, 0x00, 0x00, 0x00, 0x00, 0x00,
    0x00, 0x00, 0x00, 0x00, 0x20, 0x00, 0x41, 0x00, 0x82, 0x00, 0xe4, 0x00, 0x46, 0x01, 0x0a, 0x02, 0xee, 0x02, 0xb2, 0x03,
    0xf9, 0x04, 0x7f, 0x07, 0xdf, 0x57, 0xdf, 0xff, 0xdf, 0xaf, 0xbf, 0x2f, 0xbf, 0x07, 0x9f, 0x07, 0xff, 0x07, 0x1d, 0x06,
    0x36, 0x04, 0x91, 0x03, 0xce, 0x02, 0x2a, 0x02, 0xa8, 0x01, 0x25, 0x01, 0xa2, 0x00, 0x62, 0x00, 0x41, 0x00, 0x20, 0x00,
    0x00, 0x00, 0x00, 0x00, 0x00, 0x00, 0x00, 0x00, 0x00, 0x00, 0x00, 0x00, 0x00, 0x00, 0x00, 0x00, 0x00, 0x00, 0x00, 0x00,
    0x00, 0x00, 0x00, 0x00, 0x00, 0x00, 0x00, 0x00, 0x00, 0x00, 0x00, 0x00, 0x00, 0x00, 0x00, 0x00, 0x00, 0x00, 0x00, 0x00,
    0x00, 0x00, 0x00, 0x00, 0x00, 0x00, 0x00, 0x00, 0x00, 0x00, 0x00, 0x00, 0x00, 0x00, 0x00, 0x00, 0x00, 0x00, 0x00, 0x00,
    0x00, 0x00, 0x00, 0x00, 0x20, 0x00, 0x41, 0x00, 0x61, 0x00, 0xa2, 0x00, 0x05, 0x01, 0xa8, 0x01, 0x2a, 0x02, 0xce, 0x02,
    0x91, 0x03, 0x36, 0x04, 0xbc, 0x05, 0xdf, 0x07, 0xbf, 0x07, 0xbf, 0x07, 0xbf, 0x1f, 0xdf, 0x87, 0xdf, 0xff, 0xdf, 0x6f,
    0x9f, 0x07, 0xf9, 0x04, 0x71, 0x03, 0xad, 0x02, 0xc8, 0x01, 0x05, 0x01, 0xc3, 0x00, 0x61, 0x00, 0x20, 0x00, 0x00, 0x00,
    0x00, 0x00, 0x00, 0x00, 0x00, 0x00, 0x00, 0x00, 0x00, 0x00, 0x00, 0x00, 0x00, 0x00, 0x00, 0x00, 0x00, 0x00, 0x00, 0x00,
    0x00, 0x00, 0x00, 0x00, 0x00, 0x00, 0x00, 0x00, 0x00, 0x00, 0x00, 0x00, 0x00, 0x00, 0x00, 0x00, 0x00, 0x00, 0x00, 0x00,
    0x00, 0x00, 0x00, 0x00, 0x00, 0x00, 0x00, 0x00, 0x00, 0x00, 0x00, 0x00, 0x00, 0x00, 0x00, 0x00, 0x00, 0x00, 0x00, 0x00,
    0x00, 0x00, 0x00, 0x00, 0x00, 0x08, 0x00, 0x10, 0x01, 0x10, 0x01, 0x20, 0x02, 0x30, 0x03, 0x38, 0x04, 0x48, 0x05, 0x58,
    0x06, 0x68, 0x07, 0x80, 0x09, 0xa0, 0x0e, 0xd8, 0x14, 0xf8, 0x9c, 0xf2, 0x1f, 0xff, 0x9e, 0xfc, 0x3f, 0xfa, 0x9f, 0xf8,
    0x1e, 0xf8, 0x3e, 0xf8, 0xdf, 0xf9, 0xd8, 0xf8, 0x0e, 0xf0, 0x0a, 0xb0, 0x08, 0x88, 0x06, 0x68, 0x04, 0x50, 0x03, 0x38,
    0x02, 0x30, 0x02, 0x20, 0x01, 0x18, 0x01, 0x10, 0x00, 0x10, 0x00, 0x08, 0x00, 0x08, 0x00, 0x08, 0x00, 0x10, 0x01, 0x10,
    0x01, 0x18, 0x02, 0x20, 0x03, 0x30, 0x03, 0x40, 0x04, 0x50, 0x05, 0x60, 0x07, 0x78, 0x09, 0x90, 0x0c, 0xd8, 0x13, 0xf8,
    0x7e, 0xfa, 0x9f, 0xf9, 0x1e, 0xf8, 0x5e, 0xf8, 0x9f, 0xf9, 0xff, 0xfb, 0x3f, 0xff, 0x1f, 0xff, 0x79, 0xf8, 0x0f, 0xf0,
    0x09, 0xa8, 0x07, 0x78, 0x05, 0x60, 0x04, 0x50, 0x03, 0x38, 0x02, 0x28, 0x02, 0x20, 0x01, 0x18, 0x01, 0x10, 0x00, 0x08,
    0x00, 0x08, 0x00, 0x00, 0x00, 0x00, 0x00, 0x00, 0x00, 0x00, 0x00, 0x00, 0x00, 0x00, 0x00, 0x00, 0x00, 0x00, 0x00, 0x00,
    0x00, 0x00, 0x00, 0x00, 0x20, 0x00, 0x41, 0x00, 0x82, 0x00, 0xe4, 0x00, 0x66, 0x01, 0x0a, 0x02, 0x0f, 0x03, 0xd3, 0x03,
    0x7b, 0x05, 0xbf, 0x07, 0xdf, 0x7f, 0xdf, 0xff, 0xbf, 0x97, 0xbf, 0x1f, 0xbf, 0x07, 0xbf, 0x07, 0xdf, 0x07, 0x7c, 0x05,
    0x15, 0x04, 0x50, 0x03, 0xad, 0x02, 0x0a, 0x02, 0x87, 0x01, 0x04, 0x01, 0x82, 0x00, 0x61, 0x00, 0x41, 0x00, 0x20, 0x00,
    0x00, 0x00, 0x00, 0x00, 0x00, 0x00, 0x00, 0x00, 0x00, 0x00, 0x00, 0x00, 0x00, 0x00, 0x00, 0x00, 0x00, 0x00, 0x00, 0x00,
    0x00, 0x00, 0x00, 0x00, 0x00, 0x00, 0x00, 0x00, 0x00, 0x00, 0x00, 0x00, 0x00, 0x00, 0x00, 0x00, 0x00, 0x00, 0x00, 0x00,
    0x00, 0x00, 0x00, 0x00, 0x00, 0x00, 0x00, 0x00, 0x00, 0x00, 0x00, 0x00, 0x00, 0x00, 0x00, 0x00, 0x00, 0x00, 0x00, 0x00,
    0x00, 0x00, 0x00, 0x00, 0x20, 0x00, 0x41, 0x00, 0x61, 0x00, 0x82, 0x00, 0x04, 0x01, 0x87, 0x01, 0x0a, 0x02, 0xad, 0x02,
    0x71, 0x03, 0x15, 0x04, 0x3b, 0x05, 0xbf, 0x07, 0xdf, 0x07, 0xbf, 0x07, 0xbf, 0x17, 0xdf, 0x77, 0xdf, 0xff, 0xdf, 0x8f,
    0xbf, 0x07, 0x1a, 0x05, 0x92, 0x03, 0xcd, 0x02, 0xe9, 0x01, 0x25, 0x01, 0xc3, 0x00, 0x62, 0x00, 0x20, 0x00, 0x00, 0x00,
    0x00, 0x00, 0x00, 0x00, 0x00, 0x00, 0x00, 0x00, 0x00, 0x00, 0x00, 0x00, 0x00, 0x00, 0x00, 0x00, 0x00, 0x00, 0x00, 0x00,
    0x00, 0x00, 0x00, 0x00, 0x00, 0x00, 0x00, 0x00, 0x00, 0x00, 0x00, 0x00, 0x00, 0x00, 0x00, 0x00, 0x00, 0x00, 0x00, 0x00,
    0x00, 0x00, 0x00, 0x00, 0x00, 0x00, 0x00, 0x00, 0x00, 0x00, 0x00, 0x00, 0x00, 0x00, 0x00, 0x00, 0x00, 0x00, 0x00, 0x00,
    0x00, 0x00, 0x00, 0x00, 0x00, 0x08, 0x01, 0x10, 0x01, 0x18, 0x02, 0x28, 0x03, 0x38, 0x04, 0x48, 0x05, 0x58, 0x06, 0x68,
    0x07, 0x78, 0x08, 0x98, 0x0b, 0xc0, 0x13, 0xf0, 0x9a, 0xf8, 0x5f, 0xfe, 0xff, 0xfd, 0x1f, 0xfb, 0x1f, 0xf9, 0x3e, 0xf8,
    0x1d, 0xf8, 0x5f, 0xf9, 0xbc, 0xf9, 0x11, 0xf8, 0x0c, 0xd0, 0x08, 0x90, 0x07, 0x70, 0x05, 0x58, 0x04, 0x40, 0x02, 0x30,
    0x02, 0x28, 0x01, 0x18, 0x01, 0x10, 0x00, 0x10, 0x00, 0x08, 0x00, 0x08, 0x00, 0x08, 0x00, 0x08, 0x00, 0x08, 0x00, 0x10,
    0x01, 0x10, 0x01, 0x20, 0x02, 0x28, 0x03, 0x38, 0x04, 0x40, 0x05, 0x58, 0x06, 0x68, 0x08, 0x80, 0x0a, 0xa8, 0x0d, 0xe8,
    0x97, 0xf8, 0xbf, 0xfa, 0xde, 0xf8, 0x1e, 0xf8, 0x9e, 0xf8, 0x5f, 0xfa, 0x1f, 0xfd, 0xff, 0xff, 0x7e, 0xf4, 0x15, 0xf8,
    0x2c, 0xd8, 0x08, 0x90, 0x07, 0x70, 0x05, 0x58, 0x04, 0x48, 0x03, 0x30, 0x02, 0x28, 0x01, 0x18, 0x01, 0x10, 0x00, 0x08,
    0x00, 0x08, 0x00, 0x00, 0x00, 0x00, 0x00, 0x00, 0x00, 0x00, 0x00, 0x00, 0x00, 0x00, 0x00, 0x00, 0x00, 0x00, 0x00, 0x00,
    0x00, 0x00, 0x00, 0x00, 0x20, 0x00, 0x41, 0x00, 0x82, 0x00, 0x04, 0x01, 0x67, 0x01, 0x2a, 0x02, 0x0f, 0x03, 0xf4, 0x03,
    0xdc, 0x05, 0xdf, 0x07, 0xdf, 0x9f, 0xdf, 0xff, 0xbf, 0x87, 0xbf, 0x17, 0xbf, 0x07, 0xdf, 0x07, 0x9f, 0x07, 0x1b, 0x05,
    0xf4, 0x03, 0x30, 0x03, 0x8c, 0x02, 0xe9, 0x01, 0x66, 0x01, 0xe4, 0x00, 0x82, 0x00, 0x61, 0x00, 0x21, 0x00, 0x20, 0x00,
    0x00, 0x00, 0x00, 0x00, 0x00, 0x00, 0x00, 0x00, 0x00, 0x00, 0x00, 0x00, 0x00, 0x00, 0x00, 0x00, 0x00, 0x00, 0x00, 0x00,
    0x00, 0x00, 0x00, 0x00, 0x00, 0x00, 0x00, 0x00, 0x00, 0x00, 0x00, 0x00, 0x00, 0x00, 0x00, 0x00, 0x00, 0x00, 0x00, 0x00,
    0x00, 0x00, 0x00, 0x00, 0x00, 0x00, 0x00, 0x00, 0x00, 0x00, 0x00, 0x00, 0x00, 0x00, 0x00, 0x00, 0x00, 0x00, 0x00, 0x00,
    0x00, 0x00, 0x00, 0x00, 0x00, 0x00, 0x21, 0x00, 0x61, 0x00, 0xa2, 0x00, 0x04, 0x01, 0x87, 0x01, 0x09, 0x02, 0xad, 0x02,
    0x50, 0x03, 0xf4, 0x03, 0xfa, 0x04, 0x7f, 0x07, 0xdf, 0x07, 0xbf, 0x07, 0xbf, 0x0f, 0xdf, 0x67, 0xdf, 0xf7, 0xdf, 0xa7,
    0xdf, 0x07, 0x5b, 0x05, 0x92, 0x03, 0xce, 0x02, 0xe9, 0x01, 0x25, 0x01, 0xe4, 0x00, 0x62, 0x00, 0x21, 0x00, 0x00, 0x00,
    0x00, 0x00, 0x00, 0x00, 0x00, 0x00, 0x00, 0x00, 0x00, 0x00, 0x00, 0x00, 0x00, 0x00, 0x00, 0x00, 0x00, 0x00, 0x00, 0x00,
    0x00, 0x00, 0x00, 0x00, 0x00, 0x00, 0x00, 0x00, 0x00, 0x00, 0x00, 0x00, 0x00, 0x00, 0x00, 0x00, 0x00, 0x00, 0x00, 0x00,
    0x00, 0x00, 0x00, 0x00, 0x00, 0x00, 0x00, 0x00, 0x00, 0x00, 0x00, 0x00, 0x00, 0x00, 0x00, 0x00, 0x00, 0x00, 0x00, 0x00,
    0x00, 0x00, 0x00, 0x08, 0x00, 0x08, 0x01, 0x18, 0x02, 0x20, 0x03, 0x30, 0x03, 0x40, 0x04, 0x50, 0x05, 0x60, 0x07, 0x70,
    0x08, 0x88, 0x0a, 0xa8, 0x30, 0xe8, 0x16, 0xf8, 0x3e, 0xf4, 0x9e, 0xfe, 0xff, 0xfb, 0xbf, 0xf9, 0x5e, 0xf8, 0x1d, 0xf8,
    0x9e, 0xf8, 0xff, 0xf9, 0x54, 0xf8, 0x0d, 0xe0, 0x09, 0xa0, 0x07, 0x80, 0x05, 0x60, 0x04, 0x48, 0x03, 0x38, 0x02, 0x28,
    0x01, 0x20, 0x01, 0x10, 0x00, 0x10, 0x00, 0x08, 0x00, 0x08, 0x00, 0x00, 0x00, 0x00, 0x00, 0x00, 0x00, 0x08, 0x00, 0x08,
    0x00, 0x10, 0x01, 0x18, 0x02, 0x20, 0x02, 0x30, 0x03, 0x38, 0x04, 0x48, 0x05, 0x60, 0x06, 0x70, 0x08, 0x90, 0x0a, 0xc0,
    0x0f, 0xf8, 0xdc, 0xf9, 0x5f, 0xfa, 0x3e, 0xf8, 0x1e, 0xf8, 0x1f, 0xf9, 0x3f, 0xfb, 0x7f, 0xfe, 0xff, 0xff, 0xbb, 0xf9,
    0x11, 0xf8, 0x0a, 0xb8, 0x08, 0x88, 0x06, 0x68, 0x05, 0x50, 0x03, 0x40, 0x02, 0x30, 0x02, 0x20, 0x01, 0x18, 0x01, 0x10,
    0x00, 0x08, 0x00, 0x08, 0x00, 0x00, 0x00, 0x00, 0x00, 0x00, 0x00, 0x00, 0x00, 0x00, 0x00, 0x00, 0x00, 0x00, 0x00, 0x00,
    0x00, 0x00, 0x00, 0x00, 0x20, 0x00, 0x41, 0x00, 0x82, 0x00, 0x04, 0x01, 0x87, 0x01, 0x2b, 0x02, 0x0f, 0x03, 0xf4, 0x03,
    0x1c, 0x06, 0xff, 0x07, 0xdf, 0xbf, 0xdf, 0xff, 0xbf, 0x77, 0xbf, 0x0f, 0xbf, 0x07, 0xdf, 0x07, 0x5f, 0x07, 0xda, 0x04,
    0xf3, 0x03, 0x2f, 0x03, 0x8c, 0x02, 0xc9, 0x01, 0x66, 0x01, 0xe4, 0x00, 0x82, 0x00, 0x41, 0x00, 0x21, 0x00, 0x00, 0x00,
    0x00, 0x00, 0x00, 0x00, 0x00, 0x00, 0x00, 0x00, 0x00, 0x00, 0x00, 0x00, 0x00, 0x00, 0x00, 0x00, 0x00, 0x00, 0x00, 0x00,
    0x00, 0x00, 0x00, 0x00, 0x00, 0x00, 0x00, 0x00, 0x00, 0x00, 0x00, 0x00, 0x00, 0x00, 0x00, 0x00, 0x00, 0x00, 0x00, 0x00,
    0x00, 0x00, 0x00, 0x00, 0x00, 0x00, 0x00, 0x00, 0x00, 0x00, 0x00, 0x00, 0x00, 0x00, 0x00, 0x00, 0x00, 0x00, 0x00, 0x00,
    0x00, 0x00, 0x00, 0x00, 0x00, 0x00, 0x21, 0x00, 0x61, 0x00, 0xa2, 0x00, 0x04, 0x01, 0x87, 0x01, 0xe9, 0x01, 0x8c, 0x02,
    0x50, 0x03, 0xf4, 0x03, 0xf9, 0x04, 0x5f, 0x07, 0xdf, 0x07, 0xbf, 0x07, 0xbf, 0x07, 0xdf, 0x5f, 0xdf, 0xef, 0xdf, 0xb7,
    0xdf, 0x07, 0xbc, 0x05, 0xb3, 0x03, 0xee, 0x02, 0x09, 0x02, 0x46, 0x01, 0xe4, 0x00, 0x82, 0x00, 0x21, 0x00, 0x00, 0x00,
    0x00, 0x00, 0x00, 0x00, 0x00, 0x00, 0x00, 0x00, 0x00, 0x00, 0x00, 0x00, 0x00, 0x00, 0x00, 0x00, 0x00, 0x00, 0x00, 0x00,
    0x00, 0x00, 0x00, 0x00, 0x00, 0x00, 0x00, 0x00, 0x00, 0x00, 0x00, 0x00, 0x00, 0x00, 0x00, 0x00, 0x00, 0x00, 0x00, 0x00,
    0x00, 0x00, 0x00, 0x00, 0x00, 0x00, 0x00, 0x00, 0x00, 0x00, 0x00, 0x00, 0x00, 0x00, 0x00, 0x00, 0x00, 0x00, 0x00, 0x00,
    0x00, 0x08, 0x00, 0x08, 0x01, 0x10, 0x02, 0x20, 0x02, 0x30, 0x03, 0x38, 0x04, 0x48, 0x05, 0x58, 0x06, 0x68, 0x08, 0x80,
    0x09, 0xa0, 0x0d, 0xd0, 0x14, 0xf8, 0x1b, 0xf2, 0xff, 0xfe, 0xde, 0xfc, 0x9f, 0xfa, 0xbf, 0xf8, 0x1d, 0xf8, 0x3e, 0xf8,
    0x1f, 0xfa, 0x19, 0xf9, 0x0e, 0xf0, 0x0a, 0xb0, 0x08, 0x88, 0x06, 0x68, 0x05, 0x50, 0x03, 0x40, 0x02, 0x30, 0x02, 0x20,
    0x01, 0x18, 0x01, 0x10, 0x00, 0x08, 0x00, 0x08, 0x00, 0x00, 0x00, 0x00, 0x00, 0x00, 0x00, 0x00, 0x00, 0x00, 0x00, 0x08,
    0x00, 0x08, 0x01, 0x10, 0x01, 0x18, 0x02, 0x20, 0x03, 0x30, 0x04, 0x40, 0x05, 0x50, 0x06, 0x60, 0x07, 0x78, 0x09, 0x98,
    0x0c, 0xe0, 0x34, 0xf8, 0x9f, 0xfa, 0x5f, 0xf9, 0x1e, 0xf8, 0x5e, 0xf8, 0xdf, 0xf9, 0x5f, 0xfc, 0xbf, 0xff, 0x5f, 0xfe,
    0x37, 0xf8, 0x0e, 0xe8, 0x09, 0xa0, 0x07, 0x80, 0x05, 0x60, 0x04, 0x48, 0x03, 0x38, 0x02, 0x28, 0x01, 0x20, 0x01, 0x18,
    0x01, 0x10, 0x00, 0x08, 0x00, 0x00, 0x00, 0x00, 0x00, 0x00, 0x00, 0x00, 0x00, 0x00, 0x00, 0x00, 0x00, 0x00, 0x00, 0x00,
    0x00, 0x00, 0x00, 0x00, 0x21, 0x00, 0x41, 0x00, 0x82, 0x00, 0x05, 0x01, 0x87, 0x01, 0x4b, 0x02, 0x2f, 0x03, 0xf4, 0x03,
    0x3d, 0x06, 0xff, 0x07, 0xdf, 0xcf, 0xdf, 0xf7, 0xbf, 0x67, 0xbf, 0x07, 0xbf, 0x07, 0xdf, 0x07, 0x1f, 0x07, 0xb9, 0x04,
    0xf3, 0x03, 0x0f, 0x03, 0x6c, 0x02, 0xc8, 0x01, 0x46, 0x01, 0xe4, 0x00, 0x62, 0x00, 0x41, 0x00, 0x20, 0x00, 0x00, 0x00,
    0x00, 0x00, 0x00, 0x00, 0x00, 0x00, 0x00, 0x00, 0x00, 0x00, 0x00, 0x00, 0x00, 0x00, 0x00, 0x00, 0x00, 0x00, 0x00, 0x00,
    0x00, 0x00, 0x00, 0x00, 0x00, 0x00, 0x00, 0x00, 0x00, 0x00, 0x00, 0x00, 0x00, 0x00, 0x00, 0x00, 0x00, 0x00, 0x00, 0x00,
    0x00, 0x00, 0x00, 0x00, 0x00, 0x00, 0x00, 0x00, 0x00, 0x00, 0x00, 0x00, 0x00, 0x00, 0x00, 0x00, 0x00, 0x00, 0x00, 0x00,
    0x00, 0x00, 0x00, 0x00, 0x00, 0x00, 0x21, 0x00, 0x61, 0x00, 0x82, 0x00, 0xe4, 0x00, 0x66, 0x01, 0xc9, 0x01, 0x8c, 0x02,
    0x50, 0x03, 0x14, 0x04, 0xd9, 0x04, 0x3e, 0x07, 0xdf, 0x07, 0xbf, 0x07, 0xbf, 0x07, 0xbf, 0x57, 0xdf, 0xe7, 0xdf, 0xc7,
    0xff, 0x07, 0xbc, 0x05, 0xb3, 0x03, 0xee, 0x02, 0x09, 0x02, 0x46, 0x01, 0xe4, 0x00, 0x82, 0x00, 0x41, 0x00, 0x20, 0x00,
    0x00, 0x00, 0x00, 0x00, 0x00, 0x00, 0x00, 0x00, 0x00, 0x00, 0x00, 0x00, 0x00, 0x00, 0x00, 0x00, 0x00, 0x00, 0x00, 0x00,
    0x00, 0x00, 0x00, 0x00, 0x00, 0x00, 0x00, 0x00, 0x00, 0x00, 0x00, 0x00, 0x00, 0x00, 0x00, 0x00, 0x00, 0x00, 0x00, 0x00,
    0x00, 0x00, 0x00, 0x00, 0x00, 0x00, 0x00, 0x00, 0x00, 0x00, 0x00, 0x00, 0x00, 0x00, 0x00, 0x00, 0x00, 0x00, 0x00, 0x00,
    0x00, 0x08, 0x01, 0x10, 0x01, 0x18, 0x02, 0x28, 0x03, 0x38, 0x04, 0x40, 0x05, 0x50, 0x06, 0x68, 0x07, 0x78, 0x08, 0x90,
    0x0b, 0xc0, 0x12, 0xf0, 0x79, 0xf8, 0x3f, 0xfe, 0xfe, 0xfd, 0x3f, 0xfb, 0x5f, 0xf9, 0x3e, 0xf8, 0x1d, 0xf8, 0x3f, 0xf9,
    0xdd, 0xf9, 0x11, 0xf8, 0x0c, 0xd0, 0x08, 0x90, 0x07, 0x78, 0x05, 0x58, 0x04, 0x48, 0x03, 0x38, 0x02, 0x28, 0x01, 0x18,
    0x01, 0x10, 0x00, 0x08, 0x00, 0x08, 0x00, 0x00, 0x00, 0x00, 0x00, 0x00, 0x00, 0x00, 0x00, 0x00, 0x00, 0x00, 0x00, 0x00,
    0x00, 0x08, 0x00, 0x08, 0x01, 0x10, 0x01, 0x20, 0x02, 0x28, 0x03, 0x38, 0x04, 0x48, 0x05, 0x58, 0x06, 0x70, 0x08, 0x88,
    0x0a, 0xb0, 0x0e, 0xf0, 0xf9, 0xf8, 0x9f, 0xfa, 0x9e, 0xf8, 0x1e, 0xf8, 0xdf, 0xf8, 0x9f, 0xfa, 0x9f, 0xfd, 0xff, 0xff,
    0x5d, 0xfb, 0x14, 0xf8, 0x2c, 0xd0, 0x08, 0x90, 0x06, 0x70, 0x05, 0x58, 0x04, 0x48, 0x03, 0x30, 0x02, 0x20, 0x01, 0x18,
    0x01, 0x10, 0x01, 0x08, 0x00, 0x08, 0x00, 0x00, 0x00, 0x00, 0x00, 0x00, 0x00, 0x00, 0x00, 0x00, 0x00, 0x00, 0x00, 0x00,
    0x00, 0x00, 0x00, 0x00, 0x21, 0x00, 0x41, 0x00, 0x82, 0x00, 0x05, 0x01, 0x87, 0x01, 0x4b, 0x02, 0x2f, 0x03, 0x15, 0x04,
    0x5d, 0x06, 0xff, 0x07, 0xdf, 0xcf, 0xdf, 0xef, 0xbf, 0x5f, 0xbf, 0x07, 0xbf, 0x07, 0xff, 0x07, 0x1f, 0x07, 0x99, 0x04,
    0xd3, 0x03, 0x0f, 0x03, 0x6c, 0x02, 0xc8, 0x01, 0x46, 0x01, 0xc3, 0x00, 0x62, 0x00, 0x41, 0x00, 0x20, 0x00, 0x00, 0x00,
    0x00, 0x00, 0x00, 0x00, 0x00, 0x00, 0x00, 0x00, 0x00, 0x00, 0x00, 0x00, 0x00, 0x00, 0x00, 0x00, 0x00, 0x00, 0x00, 0x00,
    0x00, 0x00, 0x00, 0x00, 0x00, 0x00, 0x00, 0x00, 0x00, 0x00, 0x00, 0x00, 0x00, 0x00, 0x00, 0x00, 0x00, 0x00, 0x00, 0x00,
    0x00, 0x00, 0x00, 0x00, 0x00, 0x00, 0x00, 0x00, 0x00, 0x00, 0x00, 0x00, 0x00, 0x00, 0x00, 0x00, 0x00, 0x00, 0x00, 0x00,
    0x00, 0x00, 0x00, 0x00, 0x00, 0x00, 0x21, 0x00, 0x61, 0x00, 0x82, 0x00, 0xe4, 0x00, 0x66, 0x01, 0xe9, 0x01, 0x8c, 0x02,
    0x30, 0x03, 0x14, 0x04, 0xd9, 0x04, 0x3e, 0x07, 0xdf, 0x07, 0xbf, 0x07, 0xbf, 0x07, 0xbf, 0x57, 0xdf, 0xe7, 0xdf, 0xc7,
    0xff, 0x07, 0xbc, 0x05, 0xb3, 0x03, 0xee, 0x02, 0x0a, 0x02, 0x46, 0x01, 0xe4, 0x00, 0x82, 0x00, 0x41, 0x00, 0x20, 0x00,
    0x00, 0x00, 0x00, 0x00, 0x00, 0x00, 0x00, 0x00, 0x00, 0x00, 0x00, 0x00, 0x00, 0x00, 0x00, 0x00, 0x00, 0x00, 0x00, 0x00,
    0x00, 0x00, 0x00, 0x00, 0x00, 0x00, 0x00, 0x00, 0x00, 0x00, 0x00, 0x00, 0x00, 0x00, 0x00, 0x00, 0x00, 0x00, 0x00, 0x00,
    0x00, 0x00, 0x00, 0x00, 0x00, 0x00, 0x00, 0x00, 0x00, 0x00, 0x00, 0x00, 0x00, 0x00, 0x00, 0x00, 0x00, 0x00, 0x00, 0x08,
    0x00, 0x10, 0x01, 0x18, 0x02, 0x20, 0x02, 0x30, 0x03, 0x40, 0x04, 0x50, 0x05, 0x60, 0x07, 0x70, 0x08, 0x88, 0x09, 0xa8,
    0x10, 0xe8, 0x15, 0xf8, 0x1e, 0xfc, 0xde, 0xfe, 0xfe, 0xfb, 0xdf, 0xf9, 0x7e, 0xf8, 0x1d, 0xf8, 0x7e, 0xf8, 0x1f, 0xfa,
    0x75, 0xf8, 0x0d, 0xe8, 0x0a, 0xa8, 0x08, 0x80, 0x06, 0x60, 0x04, 0x50, 0x03, 0x38, 0x02, 0x30, 0x01, 0x20, 0x01, 0x10,
    0x00, 0x10, 0x00, 0x08, 0x00, 0x00, 0x00, 0x00, 0x00, 0x00, 0x00, 0x00, 0x00, 0x00, 0x00, 0x00, 0x00, 0x00, 0x00, 0x00,
    0x00, 0x00, 0x00, 0x08, 0x01, 0x10, 0x01, 0x18, 0x02, 0x28, 0x03, 0x30, 0x03, 0x40, 0x04, 0x50, 0x06, 0x60, 0x07, 0x78,
    0x09, 0x90, 0x0b, 0xc8, 0x11, 0xf8, 0x1d, 0xfa, 0xff, 0xf9, 0x3e, 0xf8, 0x3e, 0xf8, 0x3f, 0xf9, 0x7f, 0xfb, 0xdf, 0xfe,
    0x7f, 0xff, 0x1a, 0xf9, 0x10, 0xf0, 0x0a, 0xb0, 0x07, 0x80, 0x06, 0x68, 0x04, 0x50, 0x03, 0x38, 0x02, 0x28, 0x02, 0x20,
    0x01, 0x18, 0x01, 0x10, 0x00, 0x08, 0x00, 0x00, 0x00, 0x00, 0x00, 0x00, 0x00, 0x00, 0x00, 0x00, 0x00, 0x00, 0x00, 0x00,
    0x00, 0x00, 0x00, 0x00, 0x21, 0x00, 0x41, 0x00, 0x82, 0x00, 0x05, 0x01, 0x87, 0x01, 0x4b, 0x02, 0x2f, 0x03, 0x15, 0x04,
    0x7d, 0x06, 0xff, 0x07, 0xdf, 0xd7, 0xdf, 0xef, 0xbf, 0x5f, 0xbf, 0x07, 0xbf, 0x07, 0xff, 0x07, 0x1f, 0x07, 0x99, 0x04,
    0xd3, 0x03, 0x0f, 0x03, 0x6c, 0x02, 0xc8, 0x01, 0x46, 0x01, 0xc3, 0x00, 0x62, 0x00, 0x41, 0x00, 0x20, 0x00, 0x00, 0x00,
    0x00, 0x00, 0x00, 0x00, 0x00, 0x00, 0x00, 0x00, 0x00, 0x00, 0x00, 0x00, 0x00, 0x00, 0x00, 0x00, 0x00, 0x00, 0x00, 0x00,
    0x00, 0x00, 0x00, 0x00, 0x00, 0x00, 0x00, 0x00, 0x00, 0x00, 0x00, 0x00, 0x00, 0x00, 0x00, 0x00, 0x00, 0x00, 0x00, 0x00,
    0x00, 0x00, 0x00, 0x00, 0x00, 0x00, 0x00, 0x00, 0x00, 0x00, 0x00, 0x00, 0x00, 0x00, 0x00, 0x00, 0x00, 0x00, 0x00, 0x00,
    0x00, 0x00, 0x00, 0x00, 0x00, 0x00, 0x20, 0x00, 0x61, 0x00, 0x82, 0x00, 0xe4, 0x00, 0x66, 0x01, 0xe9, 0x01, 0x8c, 0x02,
    0x30, 0x03, 0xf4, 0x03, 0xf9, 0x04, 0x3e, 0x07, 0xdf, 0x07, 0xbf, 0x07, 0xbf, 0x07, 0xbf, 0x57, 0xdf, 0xe7, 0xbf, 0xbf,
    0xdf, 0x07, 0xbc, 0x05, 0x93, 0x03, 0xee, 0x02, 0x0a, 0x02, 0x46, 0x01, 0xe4, 0x00, 0x82, 0x00, 0x41, 0x00, 0x20, 0x00,
    0x00, 0x00, 0x00, 0x00, 0x00, 0x00, 0x00, 0x00, 0x00, 0x00, 0x00, 0x00, 0x00, 0x00, 0x00, 0x00, 0x00, 0x00, 0x00, 0x00,
    0x00, 0x00, 0x00, 0x00, 0x00, 0x00, 0x00, 0x00, 0x00, 0x00, 0x00, 0x00, 0x00, 0x00, 0x00, 0x00, 0x00, 0x00, 0x00, 0x00,
    0x00, 0x00, 0x00, 0x00, 0x00, 0x00, 0x00, 0x00, 0x00, 0x00, 0x00, 0x00, 0x00, 0x00, 0x00, 0x00, 0x00, 0x08, 0x00, 0x08,
    0x01, 0x10, 0x01, 0x20, 0x02, 0x28, 0x03, 0x38, 0x04, 0x48, 0x05, 0x58, 0x06, 0x68, 0x07, 0x80, 0x09, 0x98, 0x0d, 0xd0,
    0x13, 0xf8, 0xdb, 0xf1, 0xff, 0xfe, 0x3e, 0xfd, 0x9f, 0xfa, 0xdf, 0xf8, 0x1d, 0xf8, 0x3d, 0xf8, 0xdf, 0xf9, 0x39, 0xf9,
    0x0e, 0xf8, 0x0a, 0xb8, 0x08, 0x88, 0x06, 0x70, 0x05, 0x58, 0x04, 0x40, 0x02, 0x30, 0x02, 0x20, 0x01, 0x18, 0x01, 0x10,
    0x00, 0x08, 0x00, 0x00, 0x00, 0x00, 0x00, 0x00, 0x00, 0x00, 0x00, 0x00, 0x00, 0x00, 0x00, 0x00, 0x00, 0x00, 0x00, 0x00,
    0x00, 0x00, 0x00, 0x08, 0x00, 0x08, 0x01, 0x10, 0x01, 0x20, 0x02, 0x28, 0x03, 0x38, 0x04, 0x48, 0x05, 0x58, 0x06, 0x68,
    0x08, 0x80, 0x0a, 0xa0, 0x0c, 0xe0, 0x75, 0xf8, 0xbf, 0xfa, 0x1e, 0xf9, 0x1e, 0xf8, 0x7f, 0xf8, 0x1f, 0xfa, 0xbf, 0xfc,
    0xff, 0xff, 0x7e, 0xfd, 0x16, 0xf8, 0x2d, 0xe0, 0x08, 0x98, 0x07, 0x78, 0x05, 0x58, 0x04, 0x48, 0x03, 0x30, 0x02, 0x28,
    0x01, 0x18, 0x01, 0x10, 0x00, 0x08, 0x00, 0x08, 0x00, 0x00, 0x00, 0x00, 0x00, 0x00, 0x00, 0x00, 0x00, 0x00, 0x00, 0x00,
    0x00, 0x00, 0x00, 0x00, 0x20, 0x00, 0x41, 0x00, 0x82, 0x00, 0x05, 0x01, 0x67, 0x01, 0x4b, 0x02, 0x2f, 0x03, 0x15, 0x04,
    0x3d, 0x06, 0xff, 0x07, 0xdf, 0xcf, 0xdf, 0xf7, 0xbf, 0x67, 0xbf, 0x07, 0xbf, 0x07, 0xdf, 0x07, 0x1e, 0x07, 0x99, 0x04,
    0xd3, 0x03, 0x0f, 0x03, 0x6c, 0x02, 0xc8, 0x01, 0x46, 0x01, 0xc3, 0x00, 0x62, 0x00, 0x41, 0x00, 0x20, 0x00, 0x00, 0x00,
    0x00, 0x00, 0x00, 0x00, 0x00, 0x00, 0x00, 0x00, 0x00, 0x00, 0x00, 0x00, 0x00, 0x00, 0x00, 0x00, 0x00, 0x00, 0x00, 0x00,
    0x00, 0x00, 0x00, 0x00, 0x00, 0x00, 0x00, 0x00, 0x00, 0x00, 0x00, 0x00, 0x00, 0x00, 0x00, 0x00, 0x00, 0x00, 0x00, 0x00,
    0x00, 0x00, 0x00, 0x00, 0x00, 0x00, 0x00, 0x00, 0x00, 0x00, 0x00, 0x00, 0x00, 0x00, 0x00, 0x00, 0x00, 0x00, 0x00, 0x00,
    0x00, 0x00, 0x00, 0x00, 0x00, 0x00, 0x21, 0x00, 0x61, 0x00, 0x82, 0x00, 0x04, 0x01, 0x87, 0x01, 0x09, 0x02, 0xad, 0x02,
    0x50, 0x03, 0xf4, 0x03, 0xfa, 0x04, 0x7f, 0x07, 0xdf, 0x07, 0xbf, 0x07, 0xbf, 0x07, 0xbf, 0x5f, 0xdf, 0xef, 0xbf, 0xaf,
    0xdf, 0x07, 0x9b, 0x05, 0x92, 0x03, 0xee, 0x02, 0x0a, 0x02, 0x46, 0x01, 0xe4, 0x00, 0x62, 0x00, 0x41, 0x00, 0x00, 0x00,
    0x00, 0x00, 0x00, 0x00, 0x00, 0x00, 0x00, 0x00, 0x00, 0x00, 0x00, 0x00, 0x00, 0x00, 0x00, 0x00, 0x00, 0x00, 0x00, 0x00,
    0x00, 0x00, 0x00, 0x00, 0x00, 0x00, 0x00, 0x00, 0x00, 0x00, 0x00, 0x00, 0x00, 0x00, 0x00, 0x00, 0x00, 0x00, 0x00, 0x00,
    0x00, 0x00, 0x00, 0x00, 0x00, 0x00, 0x00, 0x00, 0x00, 0x00, 0x00, 0x00, 0x00, 0x00, 0x00, 0x00, 0x00, 0x08, 0x00, 0x10,
    0x01, 0x18, 0x02, 0x20, 0x02, 0x30, 0x04, 0x40, 0x04, 0x50, 0x06, 0x60, 0x07, 0x78, 0x08, 0x90, 0x0b, 0xb8, 0x11, 0xf0,
    0x58, 0xf8, 0xdf, 0xfd, 0x1e, 0xfe, 0x7f, 0xfb, 0x5f, 0xf9, 0x3e, 0xf8, 0x1d, 0xf8, 0xff, 0xf8, 0xbd, 0xf9, 0x11, 0xf8,
    0x0b, 0xd8, 0x09, 0x98, 0x07, 0x78, 0x05, 0x60, 0x04, 0x48, 0x03, 0x38, 0x02, 0x28, 0x01, 0x18, 0x01, 0x10, 0x00, 0x08,
    0x00, 0x08, 0x00, 0x00, 0x00, 0x00, 0x00, 0x00, 0x00, 0x00, 0x00, 0x00, 0x00, 0x00, 0x00, 0x00, 0x00, 0x00, 0x00, 0x00,
    0x00, 0x00, 0x00, 0x00, 0x00, 0x08, 0x01, 0x10, 0x01, 0x18, 0x02, 0x20, 0x02, 0x30, 0x03, 0x40, 0x04, 0x48, 0x05, 0x58,
    0x06, 0x70, 0x08, 0x88, 0x0b, 0xb8, 0x0f, 0xf8, 0x5a, 0xf9, 0x5f, 0xfa, 0x3e, 0xf8, 0x1e, 0xf8, 0xff, 0xf8, 0xff, 0xfa,
    0xdf, 0xfd, 0xff, 0xff, 0x9c, 0xf2, 0x12, 0xf8, 0x0a, 0xc0, 0x08, 0x88, 0x06, 0x68, 0x05, 0x50, 0x03, 0x40, 0x02, 0x30,
    0x01, 0x20, 0x01, 0x18, 0x01, 0x10, 0x00, 0x08, 0x00, 0x08, 0x00, 0x00, 0x00, 0x00, 0x00, 0x00, 0x00, 0x00, 0x00, 0x00,
    0x00, 0x00, 0x00, 0x00, 0x20, 0x00, 0x41, 0x00, 0x82, 0x00, 0xe4, 0x00, 0x66, 0x01, 0x2a, 0x02, 0x2f, 0x03, 0xf4, 0x03,
    0x1c, 0x06, 0xff, 0x07, 0xdf, 0xbf, 0xdf, 0xff, 0xbf, 0x6f, 0xbf, 0x0f, 0xbf, 0x07, 0xdf, 0x07, 0x3f, 0x07, 0xda, 0x04,
    0xd3, 0x03, 0x0f, 0x03, 0x6c, 0x02, 0xc8, 0x01, 0x46, 0x01, 0xc3, 0x00, 0x62, 0x00, 0x41, 0x00, 0x20, 0x00, 0x00, 0x00,
    0x00, 0x00, 0x00, 0x00, 0x00, 0x00, 0x00, 0x00, 0x00, 0x00, 0x00, 0x00, 0x00, 0x00, 0x00, 0x00, 0x00, 0x00, 0x00, 0x00,
    0x00, 0x00, 0x00, 0x00, 0x00, 0x00, 0x00, 0x00, 0x00, 0x00, 0x00, 0x00, 0x00, 0x00, 0x00, 0x00, 0x00, 0x00, 0x00, 0x00,
    0x00, 0x00, 0x00, 0x00, 0x00, 0x00, 0x00, 0x00, 0x00, 0x00, 0x00, 0x00, 0x00, 0x00, 0x00, 0x00, 0x00, 0x00, 0x00, 0x00,
    0x00, 0x00, 0x00, 0x00, 0x00, 0x00, 0x21, 0x00, 0x61, 0x00, 0xa2, 0x00, 0x04, 0x01, 0x87, 0x01, 0x0a, 0x02, 0xad, 0x02,
    0x50, 0x03, 0x14, 0x04, 0x3b, 0x05, 0x9f, 0x07, 0xdf, 0x07, 0xbf, 0x07, 0xbf, 0x0f, 0xbf, 0x6f, 0xdf, 0xf7, 0xbf, 0xa7,
    0xdf, 0x07, 0x7b, 0x05, 0x92, 0x03, 0xce, 0x02, 0xe9, 0x01, 0x25, 0x01, 0xc4, 0x00, 0x62, 0x00, 0x21, 0x00, 0x00, 0x00,
    0x00, 0x00, 0x00, 0x00, 0x00, 0x00, 0x00, 0x00, 0x00, 0x00, 0x00, 0x00, 0x00, 0x00, 0x00, 0x00, 0x00, 0x00, 0x00, 0x00,
    0x00, 0x00, 0x00, 0x00, 0x00, 0x00, 0x00, 0x00, 0x00, 0x00, 0x00, 0x00, 0x00, 0x00, 0x00, 0x00, 0x00, 0x00, 0x00, 0x00,
    0x00, 0x00, 0x00, 0x00, 0x00, 0x00, 0x00, 0x00, 0x00, 0x00, 0x00, 0x00, 0x00, 0x00, 0x00, 0x08, 0x00, 0x10, 0x01, 0x10,
    0x01, 0x20, 0x02, 0x30, 0x03, 0x38, 0x04, 0x48, 0x05, 0x58, 0x07, 0x70, 0x08, 0x88, 0x09, 0xa8, 0x2f, 0xe0, 0x15, 0xf8,
    0xde, 0xfb, 0xff, 0xfe, 0x3e, 0xfc, 0xff, 0xf9, 0x7e, 0xf8, 0x1d, 0xf8, 0x5e, 0xf8, 0xdf, 0xf9, 0x76, 0xf8, 0x0d, 0xe8,
    0x0a, 0xa8, 0x07, 0x80, 0x06, 0x68, 0x05, 0x50, 0x03, 0x40, 0x02, 0x30, 0x01, 0x20, 0x01, 0x10, 0x00, 0x08, 0x00, 0x08,
    0x00, 0x00, 0x00, 0x00, 0x00, 0x00, 0x00, 0x00, 0x00, 0x00, 0x00, 0x00, 0x00, 0x00, 0x00, 0x00, 0x00, 0x00, 0x00, 0x00,
    0x00, 0x00, 0x00, 0x00, 0x00, 0x08, 0x00, 0x08, 0x01, 0x10, 0x01, 0x18, 0x02, 0x28, 0x03, 0x30, 0x03, 0x40, 0x04, 0x50,
    0x06, 0x60, 0x07, 0x78, 0x09, 0x98, 0x0b, 0xd0, 0x13, 0xf8, 0x3e, 0xf2, 0x5f, 0xf9, 0x1e, 0xf8, 0x5e, 0xf8, 0x7f, 0xf9,
    0xbf, 0xfb, 0x5f, 0xff, 0xff, 0xfe, 0x79, 0xf8, 0x10, 0xf0, 0x09, 0xa8, 0x07, 0x80, 0x06, 0x60, 0x04, 0x48, 0x03, 0x38,
    0x02, 0x28, 0x01, 0x18, 0x01, 0x10, 0x01, 0x08, 0x00, 0x08, 0x00, 0x00, 0x00, 0x00, 0x00, 0x00, 0x00, 0x00, 0x00, 0x00,
    0x00, 0x00, 0x00, 0x00, 0x20, 0x00, 0x41, 0x00, 0x82, 0x00, 0xe4, 0x00, 0x46, 0x01, 0x0a, 0x02, 0x0f, 0x03, 0xd4, 0x03,
    0xdc, 0x05, 0xdf, 0x07, 0xdf, 0xa7, 0xdf, 0xff, 0xdf, 0x7f, 0xbf, 0x0f, 0xbf, 0x07, 0xdf, 0x07, 0x7f, 0x07, 0x1a, 0x05,
    0xf4, 0x03, 0x30, 0x03, 0x8c, 0x02, 0xc8, 0x01, 0x46, 0x01, 0xe4, 0x00, 0x82, 0x00, 0x61, 0x00, 0x21, 0x00, 0x20, 0x00,
    0x00, 0x00, 0x00, 0x00, 0x00, 0x00, 0x00, 0x00, 0x00, 0x00, 0x00, 0x00, 0x00, 0x00, 0x00, 0x00, 0x00, 0x00, 0x00, 0x00,
    0x00, 0x00, 0x00, 0x00, 0x00, 0x00, 0x00, 0x00, 0x00, 0x00, 0x00, 0x00, 0x00, 0x00, 0x00, 0x00, 0x00, 0x00, 0x00, 0x00,
    0x00, 0x00, 0x00, 0x00, 0x00, 0x00, 0x00, 0x00, 0x00, 0x00, 0x00, 0x00, 0x00, 0x00, 0x00, 0x00, 0x00, 0x00, 0x00, 0x00,
    0x00, 0x00, 0x00, 0x00, 0x20, 0x00, 0x41, 0x00, 0x62, 0x00, 0xa3, 0x00, 0x25, 0x01, 0xa8, 0x01, 0x2a, 0x02, 0xcd, 0x02,
    0x71, 0x03, 0x35, 0x04, 0x9c, 0x05, 0xdf, 0x07, 0xbf, 0x07, 0xbf, 0x07, 0xbf, 0x17, 0xdf, 0x7f, 0xdf, 0xff, 0xdf, 0x87,
    0xbf, 0x07, 0x3a, 0x05, 0x92, 0x03, 0xcd, 0x02, 0xe9, 0x01, 0x25, 0x01, 0xc3, 0x00, 0x61, 0x00, 0x21, 0x00, 0x00, 0x00,
    0x00, 0x00, 0x00, 0x00, 0x00, 0x00, 0x00, 0x00, 0x00, 0x00, 0x00, 0x00, 0x00, 0x00, 0x00, 0x00, 0x00, 0x00, 0x00, 0x00,
    0x00, 0x00, 0x00, 0x00, 0x00, 0x00, 0x00, 0x00, 0x00, 0x00, 0x00, 0x00, 0x00, 0x00, 0x00, 0x00, 0x00, 0x00, 0x00, 0x00,
    0x00, 0x00, 0x00, 0x00, 0x00, 0x00, 0x00, 0x00, 0x00, 0x00, 0x00, 0x00, 0x00, 0x00, 0x00, 0x08, 0x01, 0x10, 0x01, 0x18,
    0x02, 0x28, 0x03, 0x38, 0x04, 0x48, 0x05, 0x58, 0x06, 0x68, 0x08, 0x80, 0x09, 0x98, 0x0d, 0xc8, 0x13, 0xf8, 0x7b, 0xf9,
    0xdf, 0xfe, 0x5f, 0xfd, 0xbf, 0xfa, 0xdf, 0xf8, 0x1d, 0xf8, 0x1d, 0xf8, 0x9f, 0xf9, 0x3b, 0xf9, 0x0f, 0xf8, 0x0b, 0xc0,
    0x08, 0x88, 0x06, 0x68, 0x05, 0x58, 0x04, 0x40, 0x03, 0x30, 0x02, 0x28, 0x01, 0x18, 0x01, 0x10, 0x00, 0x08, 0x00, 0x08,
    0x00, 0x00, 0x00, 0x00, 0x00, 0x00, 0x00, 0x00, 0x00, 0x00, 0x00, 0x00, 0x00, 0x00, 0x00, 0x00, 0x00, 0x00, 0x00, 0x00,
    0x00, 0x00, 0x00, 0x00, 0x00, 0x00, 0x00, 0x08, 0x00, 0x08, 0x01, 0x10, 0x01, 0x20, 0x02, 0x28, 0x03, 0x38, 0x04, 0x40,
    0x05, 0x58, 0x06, 0x68, 0x08, 0x80, 0x0a, 0xa0, 0x0d, 0xe8, 0x98, 0xf8, 0x7f, 0xfa, 0xbe, 0xf8, 0x1e, 0xf8, 0x7e, 0xf8,
    0x3f, 0xfa, 0x5f, 0xfd, 0xff, 0xff, 0x7e, 0xfc, 0x16, 0xf8, 0x2c, 0xd8, 0x08, 0x90, 0x07, 0x78, 0x05, 0x58, 0x04, 0x48,
    0x03, 0x30, 0x02, 0x20, 0x01, 0x18, 0x01, 0x10, 0x00, 0x08, 0x00, 0x08, 0x00, 0x00, 0x00, 0x00, 0x00, 0x00, 0x00, 0x00,
    0x00, 0x00, 0x00, 0x00, 0x20, 0x00, 0x41, 0x00, 0x82, 0x00, 0xc4, 0x00, 0x46, 0x01, 0xe9, 0x01, 0xee, 0x02, 0xb3, 0x03,
    0x5b, 0x05, 0xbf, 0x07, 0xbf, 0x87, 0xdf, 0xff, 0xdf, 0x97, 0xbf, 0x1f, 0xbf, 0x07, 0xbf, 0x07, 0xbf, 0x07, 0x5b, 0x05,
    0x14, 0x04, 0x50, 0x03, 0x8d, 0x02, 0xe9, 0x01, 0x66, 0x01, 0xe4, 0x00, 0x82, 0x00, 0x61, 0x00, 0x41, 0x00, 0x20, 0x00,
    0x00, 0x00, 0x00, 0x00, 0x00, 0x00, 0x00, 0x00, 0x00, 0x00, 0x00, 0x00, 0x00, 0x00, 0x00, 0x00, 0x00, 0x00, 0x00, 0x00,
    0x00, 0x00, 0x00, 0x00, 0x00, 0x00, 0x00, 0x00, 0x00, 0x00, 0x00, 0x00, 0x00, 0x00, 0x00, 0x00, 0x00, 0x00, 0x00, 0x00,
    0x00, 0x00, 0x00, 0x00, 0x00, 0x00, 0x00, 0x00, 0x00, 0x00, 0x00, 0x00, 0x00, 0x00, 0x00, 0x00, 0x00, 0x00, 0x00, 0x00,
    0x00, 0x00, 0x00, 0x00, 0x20, 0x00, 0x41, 0x00, 0x82, 0x00, 0xc3, 0x00, 0x46, 0x01, 0xe8, 0x01, 0x4b, 0x02, 0xee, 0x02,
    0xb2, 0x03, 0x56, 0x04, 0x1d, 0x06, 0xdf, 0x07, 0xbf, 0x07, 0xbf, 0x07, 0xbf, 0x1f, 0xdf, 0x97, 0xdf, 0xff, 0xdf, 0x5f,
    0x9f, 0x07, 0xd9, 0x04, 0x71, 0x03, 0xad, 0x02, 0xc8, 0x01, 0x05, 0x01, 0xa3, 0x00, 0x61, 0x00, 0x21, 0x00, 0x00, 0x00,
    0x00, 0x00, 0x00, 0x00, 0x00, 0x00, 0x00, 0x00, 0x00, 0x00, 0x00, 0x00, 0x00, 0x00, 0x00, 0x00, 0x00, 0x00, 0x00, 0x00,
    0x00, 0x00, 0x00, 0x00, 0x00, 0x00, 0x00, 0x00, 0x00, 0x00, 0x00, 0x00, 0x00, 0x00, 0x00, 0x00, 0x00, 0x00, 0x00, 0x00,
    0x00, 0x00, 0x00, 0x00, 0x00, 0x00, 0x00, 0x00, 0x00, 0x00, 0x00, 0x00, 0x00, 0x08, 0x00, 0x08, 0x01, 0x18, 0x02, 0x20,
    0x02, 0x30, 0x04, 0x40, 0x04, 0x50, 0x06, 0x60, 0x07, 0x78, 0x08, 0x90, 0x0a, 0xb0, 0x11, 0xf0, 0x36, 0xf8, 0x7e, 0xf5,
    0x5e, 0xfe, 0x9f, 0xfb, 0x5f, 0xf9, 0x3e, 0xf8, 0x1d, 0xf8, 0x1f, 0xf9, 0xde, 0xf9, 0x12, 0xf8, 0x0c, 0xd8, 0x09, 0x98,
    0x07, 0x78, 0x05, 0x60, 0x04, 0x48, 0x03, 0x38, 0x02, 0x28, 0x02, 0x20, 0x01, 0x10, 0x00, 0x08, 0x00, 0x08, 0x00, 0x00,
    0x00, 0x00, 0x00, 0x00, 0x00, 0x00, 0x00, 0x00, 0x00, 0x00, 0x00, 0x00, 0x00, 0x00, 0x00, 0x00, 0x00, 0x00, 0x00, 0x00,
    0x00, 0x00, 0x00, 0x00, 0x00, 0x00, 0x00, 0x00, 0x00, 0x08, 0x00, 0x10, 0x01, 0x18, 0x02, 0x20, 0x02, 0x30, 0x03, 0x38,
    0x04, 0x48, 0x05, 0x58, 0x07, 0x70, 0x09, 0x90, 0x0a, 0xc0, 0x10, 0xf8, 0xdc, 0xf9, 0x1f, 0xfa, 0x3e, 0xf8, 0x1e, 0xf8,
    0x1f, 0xf9, 0x5f, 0xfb, 0x7f, 0xfe, 0xff, 0xff, 0xbb, 0xf9, 0x11, 0xf8, 0x2a, 0xb8, 0x08, 0x88, 0x06, 0x68, 0x04, 0x50,
    0x03, 0x38, 0x02, 0x28, 0x02, 0x20, 0x01, 0x10, 0x01, 0x10, 0x00, 0x08, 0x00, 0x00, 0x00, 0x00, 0x00, 0x00, 0x00, 0x00,
    0x00, 0x00, 0x00, 0x00, 0x20, 0x00, 0x41, 0x00, 0x82, 0x00, 0xc4, 0x00, 0x25, 0x01, 0xe9, 0x01, 0xce, 0x02, 0x92, 0x03,
    0xda, 0x04, 0x9f, 0x07, 0xdf, 0x5f, 0xdf, 0xff, 0xdf, 0xaf, 0xbf, 0x2f, 0xbf, 0x07, 0xbf, 0x07, 0xff, 0x07, 0xdc, 0x05,
    0x15, 0x04, 0x71, 0x03, 0xcd, 0x02, 0x09, 0x02, 0x87, 0x01, 0x05, 0x01, 0xa3, 0x00, 0x62, 0x00, 0x41, 0x00, 0x20, 0x00,
    0x00, 0x00, 0x00, 0x00, 0x00, 0x00, 0x00, 0x00, 0x00, 0x00, 0x00, 0x00, 0x00, 0x00, 0x00, 0x00, 0x00, 0x00, 0x00, 0x00,
    0x00, 0x00, 0x00, 0x00, 0x00, 0x00, 0x00, 0x00, 0x00, 0x00, 0x00, 0x00, 0x00, 0x00, 0x00, 0x00, 0x00, 0x00, 0x00, 0x00,
    0x00, 0x00, 0x00, 0x00, 0x00, 0x00, 0x00, 0x00, 0x00, 0x00, 0x00, 0x00, 0x00, 0x00, 0x00, 0x00, 0x00, 0x00, 0x00, 0x00,
    0x00, 0x00, 0x00, 0x00, 0x20, 0x00, 0x61, 0x00, 0x82, 0x00, 0xe4, 0x00, 0x66, 0x01, 0x09, 0x02, 0x6c, 0x02, 0x0f, 0x03,
    0xd3, 0x03, 0x98, 0x04, 0xbe, 0x06, 0xdf, 0x07, 0xbf, 0x07, 0xbf, 0x07, 0xbf, 0x2f, 0xdf, 0xaf, 0xdf, 0xff, 0xdf, 0x37,
    0x3f, 0x07, 0x77, 0x04, 0x50, 0x03, 0x8c, 0x02, 0xa8, 0x01, 0xe4, 0x00, 0xa3, 0x00, 0x61, 0x00, 0x20, 0x00, 0x00, 0x00,
    0x00, 0x00, 0x00, 0x00, 0x00, 0x00, 0x00, 0x00, 0x00, 0x00, 0x00, 0x00, 0x00, 0x00, 0x00, 0x00, 0x00, 0x00, 0x00, 0x00,
    0x00, 0x00, 0x00, 0x00, 0x00, 0x00, 0x00, 0x00, 0x00, 0x00, 0x00, 0x00, 0x00, 0x00, 0x00, 0x00, 0x00, 0x00, 0x00, 0x00,
    0x00, 0x00, 0x00, 0x00, 0x00, 0x00, 0x00, 0x00, 0x00, 0x00, 0x00, 0x08, 0x00, 0x08, 0x01, 0x10, 0x01, 0x20, 0x02, 0x28,
    0x03, 0x38, 0x04, 0x48, 0x05, 0x58, 0x06, 0x70, 0x08, 0x88, 0x09, 0xa0, 0x0f, 0xe0, 0x13, 0xf8, 0x3d, 0xf3, 0xdf, 0xfe,
    0x3e, 0xfc, 0xff, 0xf9, 0x7e, 0xf8, 0x1d, 0xf8, 0x7e, 0xf8, 0x1f, 0xfa, 0x97, 0xf8, 0x0e, 0xf0, 0x0a, 0xb0, 0x08, 0x88,
    0x06, 0x68, 0x05, 0x50, 0x03, 0x40, 0x03, 0x30, 0x02, 0x20, 0x01, 0x18, 0x01, 0x10, 0x00, 0x08, 0x00, 0x00, 0x00, 0x00,
    0x00, 0x00, 0x00, 0x00, 0x00, 0x00, 0x00, 0x00, 0x00, 0x00, 0x00, 0x00, 0x00, 0x00, 0x00, 0x00, 0x00, 0x00, 0x00, 0x00,
    0x00, 0x00, 0x00, 0x00, 0x00, 0x00, 0x00, 0x00, 0x00, 0x08, 0x00, 0x08, 0x01, 0x10, 0x01, 0x20, 0x02, 0x28, 0x03, 0x30,
    0x03, 0x40, 0x04, 0x50, 0x06, 0x68, 0x08, 0x80, 0x09, 0xa0, 0x0c, 0xe0, 0x34, 0xf8, 0x9f, 0xfa, 0x3f, 0xf9, 0x1e, 0xf8,
    0x7e, 0xf8, 0xbf, 0xf9, 0x1f, 0xfc, 0x9f, 0xff, 0x5f, 0xfe, 0x38, 0xf8, 0x2e, 0xe8, 0x09, 0xa0, 0x07, 0x78, 0x05, 0x60,
    0x04, 0x48, 0x03, 0x38, 0x02, 0x28, 0x01, 0x18, 0x01, 0x10, 0x00, 0x08, 0x00, 0x08, 0x00, 0x00, 0x00, 0x00, 0x00, 0x00,
    0x00, 0x00, 0x00, 0x00, 0x20, 0x00, 0x41, 0x00, 0x62, 0x00, 0xc3, 0x00, 0x25, 0x01, 0xc8, 0x01, 0xad, 0x02, 0x71, 0x03,
    0x78, 0x04, 0x3f, 0x07, 0xdf, 0x2f, 0xdf, 0xff, 0xdf, 0xc7, 0xbf, 0x3f, 0xbf, 0x07, 0xbf, 0x07, 0xff, 0x07, 0x9e, 0x06,
    0x57, 0x04, 0xb2, 0x03, 0xee, 0x02, 0x2b, 0x02, 0xa8, 0x01, 0x25, 0x01, 0xc3, 0x00, 0x82, 0x00, 0x41, 0x00, 0x20, 0x00,
    0x00, 0x00, 0x00, 0x00, 0x00, 0x00, 0x00, 0x00, 0x00, 0x00, 0x00, 0x00, 0x00, 0x00, 0x00, 0x00, 0x00, 0x00, 0x00, 0x00,
    0x00, 0x00, 0x00, 0x00, 0x00, 0x00, 0x00, 0x00, 0x00, 0x00, 0x00, 0x00, 0x00, 0x00, 0x00, 0x00, 0x00, 0x00, 0x00, 0x00,
    0x00, 0x00, 0x00, 0x00, 0x00, 0x00, 0x00, 0x00, 0x00, 0x00, 0x00, 0x00, 0x00, 0x00, 0x00, 0x00, 0x00, 0x00, 0x00, 0x00,
    0x00, 0x00, 0x20, 0x00, 0x21, 0x00, 0x61, 0x00, 0xa3, 0x00, 0x04, 0x01, 0x87, 0x01, 0x2a, 0x02, 0xac, 0x02, 0x30, 0x03,
    0xf4, 0x03, 0xfa, 0x04, 0x5f, 0x07, 0xdf, 0x07, 0xbf, 0x07, 0xbf, 0x07, 0xbf, 0x47, 0xdf, 0xcf, 0xdf, 0xef, 0xff, 0x0f,
    0xbe, 0x06, 0x36, 0x04, 0x2f, 0x03, 0x6c, 0x02, 0x87, 0x01, 0xc3, 0x00, 0x82, 0x00, 0x61, 0x00, 0x20, 0x00, 0x00, 0x00,
    0x00, 0x00, 0x00, 0x00, 0x00, 0x00, 0x00, 0x00, 0x00, 0x00, 0x00, 0x00, 0x00, 0x00, 0x00, 0x00, 0x00, 0x00, 0x00, 0x00,
    0x00, 0x00, 0x00, 0x00, 0x00, 0x00, 0x00, 0x00, 0x00, 0x00, 0x00, 0x00, 0x00, 0x00, 0x00, 0x00, 0x00, 0x00, 0x00, 0x00,
    0x00, 0x00, 0x00, 0x00, 0x00, 0x00, 0x00, 0x00, 0x00, 0x00, 0x00, 0x08, 0x01, 0x10, 0x01, 0x18, 0x02, 0x28, 0x03, 0x30,
    0x04, 0x40, 0x05, 0x50, 0x06, 0x68, 0x07, 0x78, 0x09, 0x90, 0x0c, 0xc8, 0x13, 0xf8, 0x5a, 0xf9, 0xbf, 0xfe, 0x3e, 0xfd,
    0x9f, 0xfa, 0xdf, 0xf8, 0x1d, 0xf8, 0x1d, 0xf8, 0x7f, 0xf9, 0x5b, 0xf9, 0x10, 0xf8, 0x0b, 0xc8, 0x08, 0x90, 0x07, 0x70,
    0x05, 0x58, 0x04, 0x48, 0x03, 0x38, 0x02, 0x28, 0x01, 0x18, 0x01, 0x18, 0x00, 0x08, 0x00, 0x08, 0x00, 0x00, 0x00, 0x00,
    0x00, 0x00, 0x00, 0x00, 0x00, 0x00, 0x00, 0x00, 0x00, 0x00, 0x00, 0x00, 0x00, 0x00, 0x00, 0x00, 0x00, 0x00, 0x00, 0x00,
    0x00, 0x00, 0x00, 0x00, 0x00, 0x00, 0x00, 0x00, 0x00, 0x08, 0x00, 0x08, 0x01, 0x10, 0x01, 0x18, 0x02, 0x20, 0x02, 0x30,
    0x03, 0x38, 0x04, 0x48, 0x05, 0x58, 0x07, 0x70, 0x08, 0x88, 0x0a, 0xb0, 0x0d, 0xf0, 0x19, 0xf9, 0x9f, 0xfa, 0x9e, 0xf8,
    0x1e, 0xf8, 0xbe, 0xf8, 0x9f, 0xfa, 0xbf, 0xfd, 0xff, 0xff, 0x5d, 0xf3, 0x14, 0xf8, 0x2c, 0xd0, 0x08, 0x90, 0x06, 0x70,
    0x05, 0x58, 0x04, 0x40, 0x02, 0x30, 0x02, 0x20, 0x01, 0x18, 0x01, 0x10, 0x00, 0x08, 0x00, 0x00, 0x00, 0x00, 0x00, 0x00,
    0x00, 0x00, 0x00, 0x00, 0x20, 0x00, 0x41, 0x00, 0x62, 0x00, 0xa3, 0x00, 0x05, 0x01, 0xa8, 0x01, 0x6c, 0x02, 0x30, 0x03,
    0x36, 0x04, 0xbe, 0x06, 0xff, 0x0f, 0xdf, 0xe7, 0xdf, 0xe7, 0xbf, 0x5f, 0xbf, 0x07, 0xbf, 0x07, 0xdf, 0x07, 0x3f, 0x07,
    0xb9, 0x04, 0xd3, 0x03, 0x2f, 0x03, 0x6c, 0x02, 0xe9, 0x01, 0x66, 0x01, 0xc3, 0x00, 0x82, 0x00, 0x61, 0x00, 0x21, 0x00,
    0x20, 0x00, 0x00, 0x00, 0x00, 0x00, 0x00, 0x00, 0x00, 0x00, 0x00, 0x00, 0x00, 0x00, 0x00, 0x00, 0x00, 0x00, 0x00, 0x00,
    0x00, 0x00, 0x00, 0x00, 0x00, 0x00, 0x00, 0x00, 0x00, 0x00, 0x00, 0x00, 0x00, 0x00, 0x00, 0x00, 0x00, 0x00, 0x00, 0x00,
    0x00, 0x00, 0x00, 0x00, 0x00, 0x00, 0x00, 0x00, 0x00, 0x00, 0x00, 0x00, 0x00, 0x00, 0x00, 0x00, 0x00, 0x00, 0x00, 0x00,
    0x00, 0x00, 0x20, 0x00, 0x41, 0x00, 0x82, 0x00, 0xc3, 0x00, 0x25, 0x01, 0xa8, 0x01, 0x4b, 0x02, 0xcd, 0x02, 0x71, 0x03,
    0x15, 0x04, 0x7b, 0x05, 0xdf, 0x07, 0xbf, 0x07, 0xbf, 0x07, 0xbf, 0x0f, 0xbf, 0x67, 0xdf, 0xf7, 0xdf, 0xbf, 0xff, 0x07,
    0xfd, 0x05, 0xf4, 0x03, 0x0e, 0x03, 0x4b, 0x02, 0x67, 0x01, 0xa3, 0x00, 0x82, 0x00, 0x41, 0x00, 0x20, 0x00, 0x00, 0x00,
    0x00, 0x00, 0x00, 0x00, 0x00, 0x00, 0x00, 0x00, 0x00, 0x00, 0x00, 0x00, 0x00, 0x00, 0x00, 0x00, 0x00, 0x00, 0x00, 0x00,
    0x00, 0x00, 0x00, 0x00, 0x00, 0x00, 0x00, 0x00, 0x00, 0x00, 0x00, 0x00, 0x00, 0x00, 0x00, 0x00, 0x00, 0x00, 0x00, 0x00,
    0x00, 0x00, 0x00, 0x00, 0x00, 0x00, 0x00, 0x00, 0x00, 0x08, 0x00, 0x10, 0x01, 0x18, 0x01, 0x20, 0x02, 0x30, 0x03, 0x40,
    0x04, 0x50, 0x05, 0x60, 0x07, 0x78, 0x08, 0x88, 0x0a, 0xb0, 0x11, 0xe8, 0x17, 0xf8, 0x7f, 0xfd, 0x9e, 0xfe, 0x7e, 0xfb,
    0x3f, 0xf9, 0x3e, 0xf8, 0x1d, 0xf8, 0xdf, 0xf8, 0xde, 0xf9, 0x13, 0xf8, 0x0d, 0xe0, 0x09, 0xa0, 0x07, 0x78, 0x05, 0x60,
    0x04, 0x50, 0x03, 0x40, 0x02, 0x30, 0x02, 0x20, 0x01, 0x18, 0x01, 0x10, 0x00, 0x08, 0x00, 0x08, 0x00, 0x00, 0x00, 0x00,
    0x00, 0x00, 0x00, 0x00, 0x00, 0x00, 0x00, 0x00, 0x00, 0x00, 0x00, 0x00, 0x00, 0x00, 0x00, 0x00, 0x00, 0x00, 0x00, 0x00,
    0x00, 0x00, 0x00, 0x00, 0x00, 0x00, 0x00, 0x00, 0x00, 0x08, 0x00, 0x08, 0x01, 0x10, 0x01, 0x18, 0x01, 0x20, 0x02, 0x28,
    0x03, 0x30, 0x03, 0x40, 0x04, 0x50, 0x06, 0x60, 0x07, 0x78, 0x09, 0x90, 0x0b, 0xc8, 0x11, 0xf8, 0x3d, 0xfa, 0xff, 0xf9,
    0x3e, 0xf8, 0x3e, 0xf8, 0x7f, 0xf9, 0xdf, 0xfb, 0xdf, 0xfe, 0x7f, 0xff, 0xfa, 0xf8, 0x11, 0xf0, 0x0a, 0xb0, 0x07, 0x80,
    0x06, 0x68, 0x04, 0x50, 0x03, 0x38, 0x02, 0x28, 0x01, 0x18, 0x01, 0x10, 0x00, 0x08, 0x00, 0x08, 0x00, 0x00, 0x00, 0x00,
    0x00, 0x00, 0x00, 0x00, 0x20, 0x00, 0x41, 0x00, 0x62, 0x00, 0xa3, 0x00, 0xe4, 0x00, 0x87, 0x01, 0x4b, 0x02, 0x0f, 0x03,
    0xf4, 0x03, 0xfc, 0x05, 0xdf, 0x07, 0xdf, 0xaf, 0xdf, 0xff, 0xbf, 0x87, 0xbf, 0x17, 0xbf, 0x07, 0xbf, 0x07, 0xdf, 0x07,
    0x7c, 0x05, 0x15, 0x04, 0x50, 0x03, 0xad, 0x02, 0x2a, 0x02, 0x87, 0x01, 0x04, 0x01, 0xa3, 0x00, 0x62, 0x00, 0x41, 0x00,
    0x20, 0x00, 0x00, 0x00, 0x00, 0x00, 0x00, 0x00, 0x00, 0x00, 0x00, 0x00, 0x00, 0x00, 0x00, 0x00, 0x00, 0x00, 0x00, 0x00,
    0x00, 0x00, 0x00, 0x00, 0x00, 0x00, 0x00, 0x00, 0x00, 0x00, 0x00, 0x00, 0x00, 0x00, 0x00, 0x00, 0x00, 0x00, 0x00, 0x00,
    0x00, 0x00, 0x00, 0x00, 0x00, 0x00, 0x00, 0x00, 0x00, 0x00, 0x00, 0x00, 0x00, 0x00, 0x00, 0x00, 0x00, 0x00, 0x00, 0x00,
    0x20, 0x00, 0x41, 0x00, 0x61, 0x00, 0xa2, 0x00, 0x04, 0x01, 0x66, 0x01, 0xe9, 0x01, 0x6c, 0x02, 0x0f, 0x03, 0xd2, 0x03,
    0x57, 0x04, 0x5d, 0x06, 0xff, 0x07, 0xbf, 0x07, 0xbf, 0x07, 0xbf, 0x27, 0xdf, 0x8f, 0xff, 0xff, 0xdf, 0x77, 0xbf, 0x07,
    0x3a, 0x05, 0xb2, 0x03, 0xcd, 0x02, 0x0a, 0x02, 0x46, 0x01, 0xa3, 0x00, 0x62, 0x00, 0x41, 0x00, 0x20, 0x00, 0x00, 0x00,
    0x00, 0x00, 0x00, 0x00, 0x00, 0x00, 0x00, 0x00, 0x00, 0x00, 0x00, 0x00, 0x00, 0x00, 0x00, 0x00, 0x00, 0x00, 0x00, 0x00,
    0x00, 0x00, 0x00, 0x00, 0x00, 0x00, 0x00, 0x00, 0x00, 0x00, 0x00, 0x00, 0x00, 0x00, 0x00, 0x00, 0x00, 0x00, 0x00, 0x00,
    0x00, 0x00, 0x00, 0x00, 0x00, 0x00, 0x00, 0x00, 0x00, 0x08, 0x01, 0x10, 0x01, 0x18, 0x02, 0x28, 0x03, 0x38, 0x04, 0x48,
    0x05, 0x58, 0x06, 0x70, 0x08, 0x88, 0x09, 0xa0, 0x0e, 0xd8, 0x14, 0xf8, 0xfc, 0xf2, 0x1f, 0xff, 0xbf, 0xfc, 0x3f, 0xfa,
    0x5e, 0xf8, 0x1d, 0xf0, 0x3e, 0xf8, 0xff, 0xf9, 0xb8, 0xf8, 0x0e, 0xf0, 0x0a, 0xb8, 0x08, 0x88, 0x06, 0x68, 0x05, 0x58,
    0x04, 0x48, 0x03, 0x38, 0x02, 0x28, 0x01, 0x20, 0x01, 0x18, 0x01, 0x10, 0x00, 0x08, 0x00, 0x08, 0x00, 0x08, 0x00, 0x00,
    0x00, 0x00, 0x00, 0x00, 0x00, 0x00, 0x00, 0x00, 0x00, 0x00, 0x00, 0x00, 0x00, 0x00, 0x00, 0x00, 0x00, 0x00, 0x00, 0x00,
    0x00, 0x00, 0x00, 0x00, 0x00, 0x00, 0x00, 0x00, 0x00, 0x08, 0x00, 0x08, 0x01, 0x10, 0x01, 0x10, 0x01, 0x18, 0x02, 0x20,
    0x02, 0x30, 0x03, 0x38, 0x04, 0x48, 0x05, 0x58, 0x06, 0x68, 0x08, 0x80, 0x0a, 0xa0, 0x0c, 0xe0, 0x76, 0xf8, 0xbf, 0xfa,
    0x1e, 0xf9, 0x1e, 0xf8, 0x7e, 0xf8, 0x1f, 0xfa, 0x9f, 0xfc, 0xff, 0xff, 0x7e, 0xfd, 0x16, 0xf8, 0x0d, 0xe0, 0x08, 0x98,
    0x07, 0x78, 0x05, 0x60, 0x04, 0x48, 0x03, 0x30, 0x02, 0x20, 0x01, 0x18, 0x01, 0x10, 0x00, 0x08, 0x00, 0x08, 0x00, 0x00,
    0x00, 0x00, 0x00, 0x00, 0x20, 0x00, 0x21, 0x00, 0x41, 0x00, 0x82, 0x00, 0xe4, 0x00, 0x66, 0x01, 0x2a, 0x02, 0xee, 0x02,
    0xb2, 0x03, 0x3a, 0x05, 0xbf, 0x07, 0xdf, 0x67, 0xdf, 0xff, 0xdf, 0xaf, 0xbf, 0x2f, 0xbf, 0x07, 0xbf, 0x07, 0xff, 0x07,
    0x9e, 0x06, 0x57, 0x04, 0xb2, 0x03, 0xee, 0x02, 0x6b, 0x02, 0xc9, 0x01, 0x25, 0x01, 0xe4, 0x00, 0x82, 0x00, 0x41, 0x00,
    0x41, 0x00, 0x20, 0x00, 0x00, 0x00, 0x00, 0x00, 0x00, 0x00, 0x00, 0x00, 0x00, 0x00, 0x00, 0x00, 0x00, 0x00, 0x00, 0x00,
    0x00, 0x00, 0x00, 0x00, 0x00, 0x00, 0x00, 0x00, 0x00, 0x00, 0x00, 0x00, 0x00, 0x00, 0x00, 0x00, 0x00, 0x00, 0x00, 0x00,
    0x00, 0x00, 0x00, 0x00, 0x00, 0x00, 0x00, 0x00, 0x00, 0x00, 0x00, 0x00, 0x00, 0x00, 0x00, 0x00, 0x00, 0x00, 0x20, 0x00,
    0x21, 0x00, 0x61, 0x00, 0x82, 0x00, 0xc3, 0x00, 0x46, 0x01, 0xc8, 0x01, 0x2a, 0x02, 0xad, 0x02, 0x50, 0x03, 0x14, 0x04,
    0xda, 0x04, 0x5f, 0x07, 0xdf, 0x07, 0xbf, 0x07, 0xbf, 0x07, 0xdf, 0x3f, 0xdf, 0xbf, 0xdf, 0xff, 0xdf, 0x27, 0x3f, 0x07,
    0x78, 0x04, 0x91, 0x03, 0x8c, 0x02, 0xa8, 0x01, 0x25, 0x01, 0xa3, 0x00, 0x61, 0x00, 0x41, 0x00, 0x20, 0x00, 0x00, 0x00,
    0x00, 0x00, 0x00, 0x00, 0x00, 0x00, 0x00, 0x00, 0x00, 0x00, 0x00, 0x00, 0x00, 0x00, 0x00, 0x00, 0x00, 0x00, 0x00, 0x00,
    0x00, 0x00, 0x00, 0x00, 0x00, 0x00, 0x00, 0x00, 0x00, 0x00, 0x00, 0x00, 0x00, 0x00, 0x00, 0x00, 0x00, 0x00, 0x00, 0x00,
    0x00, 0x00, 0x00, 0x00, 0x00, 0x00, 0x00, 0x08, 0x00, 0x10, 0x01, 0x18, 0x02, 0x20, 0x03, 0x30, 0x04, 0x40, 0x04, 0x50,
    0x06, 0x68, 0x07, 0x78, 0x08, 0x90, 0x0c, 0xc0, 0x12, 0xf8, 0xf9, 0xf8, 0x7f, 0xfe, 0x5e, 0xfd, 0xff, 0xfa, 0xff, 0xf8,
    0x1e, 0xf8, 0x1d, 0xf8, 0x7f, 0xf9, 0x7c, 0xf9, 0x10, 0xf8, 0x0b, 0xd0, 0x09, 0x90, 0x07, 0x78, 0x05, 0x60, 0x04, 0x50,
    0x03, 0x40, 0x03, 0x30, 0x02, 0x28, 0x01, 0x20, 0x01, 0x18, 0x01, 0x10, 0x00, 0x08, 0x00, 0x08, 0x00, 0x08, 0x00, 0x08,
    0x00, 0x00, 0x00, 0x00, 0x00, 0x00, 0x00, 0x00, 0x00, 0x00, 0x00, 0x00, 0x00, 0x00, 0x00, 0x00, 0x00, 0x00, 0x00, 0x00,
    0x00, 0x00, 0x00, 0x08, 0x00, 0x08, 0x00, 0x08, 0x00, 0x08, 0x00, 0x08, 0x01, 0x10, 0x01, 0x10, 0x01, 0x18, 0x02, 0x20,
    0x02, 0x28, 0x03, 0x30, 0x03, 0x40, 0x04, 0x50, 0x05, 0x60, 0x07, 0x70, 0x08, 0x88, 0x0a, 0xb0, 0x0e, 0xf0, 0x7a, 0xf9,
    0x9f, 0xfa, 0x7e, 0xf8, 0x1e, 0xf8, 0xff, 0xf8, 0x3f, 0xfb, 0x3f, 0xfe, 0xff, 0xff, 0x7b, 0xf2, 0x12, 0xf8, 0x2a, 0xc0,
    0x08, 0x88, 0x06, 0x68, 0x04, 0x50, 0x03, 0x40, 0x02, 0x30, 0x02, 0x20, 0x01, 0x18, 0x01, 0x10, 0x00, 0x08, 0x00, 0x00,
    0x00, 0x00, 0x20, 0x00, 0x20, 0x00, 0x21, 0x00, 0x41, 0x00, 0x82, 0x00, 0xc3, 0x00, 0x46, 0x01, 0x09, 0x02, 0xad, 0x02,
    0x71, 0x03, 0x77, 0x04, 0x1e, 0x07, 0xdf, 0x1f, 0xdf, 0xf7, 0xdf, 0xdf, 0xbf, 0x5f, 0xbf, 0x07, 0xbf, 0x07, 0xbf, 0x07,
    0x9f, 0x07, 0x1a, 0x05, 0xf4, 0x03, 0x50, 0x03, 0x8d, 0x02, 0x09, 0x02, 0x87, 0x01, 0x25, 0x01, 0xa3, 0x00, 0x61, 0x00,
    0x41, 0x00, 0x21, 0x00, 0x20, 0x00, 0x00, 0x00, 0x00, 0x00, 0x00, 0x00, 0x00, 0x00, 0x00, 0x00, 0x00, 0x00, 0x00, 0x00,
    0x00, 0x00, 0x00, 0x00, 0x00, 0x00, 0x00, 0x00, 0x00, 0x00, 0x00, 0x00, 0x00, 0x00, 0x00, 0x00, 0x00, 0x00, 0x00, 0x00,
    0x00, 0x00, 0x00, 0x00, 0x00, 0x00, 0x00, 0x00, 0x00, 0x00, 0x00, 0x00, 0x00, 0x00, 0x00, 0x00, 0x00, 0x00, 0x20, 0x00,
    0x41, 0x00, 0x82, 0x00, 0xa3, 0x00, 0xe4, 0x00, 0x67, 0x01, 0xe9, 0x01, 0x6c, 0x02, 0xee, 0x02, 0xb2, 0x03, 0x56, 0x04,
    0xfd, 0x05, 0xff, 0x07, 0xbf, 0x07, 0xbf, 0x07, 0xbf, 0x17, 0xdf, 0x6f, 0xdf, 0xef, 0xbf, 0xc7, 0xdf, 0x07, 0x5d, 0x06,
    0x15, 0x04, 0x2f, 0x03, 0x2b, 0x02, 0x87, 0x01, 0x04, 0x01, 0x82, 0x00, 0x61, 0x00, 0x20, 0x00, 0x00, 0x00, 0x00, 0x00,
    0x00, 0x00, 0x00, 0x00, 0x00, 0x00, 0x00, 0x00, 0x00, 0x00, 0x00, 0x00, 0x00, 0x00, 0x00, 0x00, 0x00, 0x00, 0x00, 0x00,
    0x00, 0x00, 0x00, 0x00, 0x00, 0x00, 0x00, 0x00, 0x00, 0x00, 0x00, 0x00, 0x00, 0x00, 0x00, 0x00, 0x00, 0x00, 0x00, 0x00,
    0x00, 0x00, 0x00, 0x00, 0x00, 0x08, 0x00, 0x08, 0x01, 0x18, 0x02, 0x20, 0x02, 0x30, 0x03, 0x40, 0x04, 0x50, 0x05, 0x60,
    0x07, 0x70, 0x08, 0x90, 0x0a, 0xb0, 0x10, 0xe8, 0x17, 0xf8, 0x1e, 0xfd, 0x9e, 0xfe, 0x7e, 0xfb, 0x9f, 0xf9, 0x5e, 0xf8,
    0x1d, 0xf8, 0xbe, 0xf8, 0x1f, 0xfa, 0x34, 0xf8, 0x0c, 0xe0, 0x0a, 0xa0, 0x07, 0x80, 0x06, 0x68, 0x05, 0x58, 0x04, 0x48,
    0x03, 0x38, 0x02, 0x30, 0x02, 0x28, 0x01, 0x20, 0x01, 0x18, 0x01, 0x10, 0x01, 0x10, 0x00, 0x10, 0x00, 0x08, 0x00, 0x08,
    0x00, 0x08, 0x00, 0x08, 0x00, 0x08, 0x00, 0x08, 0x00, 0x08, 0x00, 0x08, 0x00, 0x08, 0x00, 0x08, 0x00, 0x08, 0x00, 0x08,
    0x00, 0x08, 0x00, 0x08, 0x00, 0x08, 0x00, 0x08, 0x00, 0x10, 0x01, 0x10, 0x01, 0x10, 0x01, 0x18, 0x01, 0x18, 0x02, 0x20,
    0x02, 0x28, 0x02, 0x30, 0x03, 0x38, 0x04, 0x48, 0x05, 0x58, 0x06, 0x68, 0x07, 0x78, 0x09, 0x90, 0x0b, 0xd8, 0x12, 0xf8,
    0x7e, 0xf2, 0x9f, 0xf9, 0x1e, 0xf8, 0x5e, 0xf8, 0xff, 0xf9, 0x1f, 0xfc, 0x3f, 0xff, 0xff, 0xfe, 0x78, 0xf8, 0x0f, 0xf0,
    0x09, 0xa8, 0x07, 0x80, 0x05, 0x60, 0x04, 0x48, 0x03, 0x38, 0x02, 0x28, 0x01, 0x20, 0x01, 0x10, 0x01, 0x08, 0x00, 0x08,
    0x00, 0x00, 0x20, 0x00, 0x20, 0x00, 0x21, 0x00, 0x41, 0x00, 0x62, 0x00, 0xa3, 0x00, 0x25, 0x01, 0xa8, 0x01, 0x4b, 0x02,
    0x2f, 0x03, 0xf4, 0x03, 0xfc, 0x05, 0xdf, 0x07, 0xdf, 0xaf, 0xdf, 0xff, 0xdf, 0x8f, 0xbf, 0x1f, 0xbf, 0x07, 0xbf, 0x07,
    0xff, 0x07, 0x5d, 0x06, 0x57, 0x04, 0x92, 0x03, 0xee, 0x02, 0x4b, 0x02, 0xe9, 0x01, 0x87, 0x01, 0xe4, 0x00, 0x82, 0x00,
    0x61, 0x00, 0x41, 0x00, 0x21, 0x00, 0x20, 0x00, 0x00, 0x00, 0x00, 0x00, 0x00, 0x00, 0x00, 0x00, 0x00, 0x00, 0x00, 0x00,
    0x00, 0x00, 0x00, 0x00, 0x00, 0x00, 0x00, 0x00, 0x00, 0x00, 0x00, 0x00, 0x00, 0x00, 0x00, 0x00, 0x00, 0x00, 0x00, 0x00,
    0x00, 0x00, 0x00, 0x00, 0x00, 0x00, 0x00, 0x00, 0x00, 0x00, 0x00, 0x00, 0x00, 0x00, 0x00, 0x00, 0x20, 0x00, 0x41, 0x00,
    0x61, 0x00, 0xa3, 0x00, 0xe4, 0x00, 0x46, 0x01, 0xc8, 0x01, 0x2b, 0x02, 0xcd, 0x02, 0x50, 0x03, 0x14, 0x04, 0xd9, 0x04,
    0x3e, 0x07, 0xdf, 0x07, 0xbf, 0x07, 0xbf, 0x07, 0xbf, 0x37, 0xdf, 0xa7, 0xdf, 0xff, 0xdf, 0x67, 0xbf, 0x07, 0x1a, 0x05,
    0xb2, 0x03, 0xee, 0x02, 0x09, 0x02, 0x66, 0x01, 0xe4, 0x00, 0x62, 0x00, 0x41, 0x00, 0x20, 0x00, 0x00, 0x00, 0x00, 0x00,
    0x00, 0x00, 0x00, 0x00, 0x00, 0x00, 0x00, 0x00, 0x00, 0x00, 0x00, 0x00, 0x00, 0x00, 0x00, 0x00, 0x00, 0x00, 0x00, 0x00,
    0x00, 0x00, 0x00, 0x00, 0x00, 0x00, 0x00, 0x00, 0x00, 0x00, 0x00, 0x00, 0x00, 0x00, 0x00, 0x00, 0x00, 0x00, 0x00, 0x00,
    0x00, 0x00, 0x00, 0x00, 0x00, 0x08, 0x01, 0x10, 0x01, 0x18, 0x02, 0x28, 0x03, 0x38, 0x04, 0x48, 0x05, 0x58, 0x06, 0x68,
    0x08, 0x80, 0x09, 0xa0, 0x2e, 0xd8, 0x14, 0xf8, 0x7c, 0xf2, 0x3f, 0xff, 0xbf, 0xfc, 0x5f, 0xfa, 0x9e, 0xf8, 0x1d, 0xf8,
    0x3d, 0xf0, 0xbf, 0xf9, 0xf8, 0xf8, 0x0e, 0xf0, 0x0b, 0xb8, 0x08, 0x88, 0x07, 0x78, 0x05, 0x60, 0x04, 0x50, 0x04, 0x40,
    0x03, 0x38, 0x02, 0x30, 0x02, 0x28, 0x02, 0x20, 0x01, 0x18, 0x01, 0x18, 0x01, 0x10, 0x01, 0x10, 0x01, 0x10, 0x01, 0x10,
    0x01, 0x10, 0x01, 0x10, 0x01, 0x10, 0x01, 0x10, 0x01, 0x10, 0x01, 0x10, 0x00, 0x10, 0x00, 0x10, 0x00, 0x10, 0x00, 0x10,
    0x00, 0x10, 0x00, 0x10, 0x00, 0x10, 0x01, 0x10, 0x01, 0x10, 0x01, 0x18, 0x01, 0x18, 0x01, 0x18, 0x01, 0x20, 0x02, 0x20,
    0x02, 0x28, 0x02, 0x30, 0x03, 0x38, 0x04, 0x40, 0x04, 0x50, 0x05, 0x60, 0x07, 0x70, 0x08, 0x88, 0x0a, 0xa8, 0x0d, 0xe8,
    0x98, 0xf8, 0xbf, 0xfa, 0xde, 0xf8, 0x1e, 0xf8, 0xbf, 0xf8, 0x3f, 0xfa, 0x1f, 0xfd, 0xff, 0xff, 0x7e, 0xfc, 0x15, 0xf8,
    0x0c, 0xd0, 0x08, 0x90, 0x07, 0x70, 0x05, 0x58, 0x04, 0x48, 0x03, 0x30, 0x02, 0x20, 0x01, 0x18, 0x01, 0x10, 0x01, 0x08,
    0x00, 0x08, 0x00, 0x00, 0x20, 0x00, 0x21, 0x00, 0x41, 0x00, 0x61, 0x00, 0xa3, 0x00, 0xe4, 0x00, 0x46, 0x01, 0xe9, 0x01,
    0xce, 0x02, 0xb2, 0x03, 0xf9, 0x04, 0x9f, 0x07, 0xdf, 0x4f, 0xdf, 0xff, 0xdf, 0xbf, 0xdf, 0x47, 0xbf, 0x07, 0xbf, 0x07,
    0xbf, 0x07, 0x9f, 0x07, 0x1b, 0x05, 0xf4, 0x03, 0x50, 0x03, 0xcd, 0x02, 0x4b, 0x02, 0xc8, 0x01, 0x45, 0x01, 0xc3, 0x00,
    0x82, 0x00, 0x61, 0x00, 0x41, 0x00, 0x20, 0x00, 0x20, 0x00, 0x00, 0x00, 0x00, 0x00, 0x00, 0x00, 0x00, 0x00, 0x00, 0x00,
    0x00, 0x00, 0x00, 0x00, 0x00, 0x00, 0x00, 0x00, 0x00, 0x00, 0x00, 0x00, 0x00, 0x00, 0x00, 0x00, 0x00, 0x00, 0x00, 0x00,
    0x00, 0x00, 0x00, 0x00, 0x00, 0x00, 0x00, 0x00, 0x00, 0x00, 0x00, 0x00, 0x20, 0x00, 0x20, 0x00, 0x41, 0x00, 0x61, 0x00,
    0x82, 0x00, 0xc3, 0x00, 0x25, 0x01, 0x87, 0x01, 0x0a, 0x02, 0x6c, 0x02, 0x0f, 0x03, 0xd2, 0x03, 0x57, 0x04, 0x1d, 0x06,
    0xdf, 0x07, 0xbf, 0x07, 0xbf, 0x07, 0xbf, 0x17, 0xbf, 0x67, 0xdf, 0xdf, 0xdf, 0xe7, 0xff, 0x0f, 0xde, 0x06, 0x37, 0x04,
    0x70, 0x03, 0xad, 0x02, 0xc8, 0x01, 0x25, 0x01, 0xc3, 0x00, 0x61, 0x00, 0x41, 0x00, 0x20, 0x00, 0x00, 0x00, 0x00, 0x00,
    0x00, 0x00, 0x00, 0x00, 0x00, 0x00, 0x00, 0x00, 0x00, 0x00, 0x00, 0x00, 0x00, 0x00, 0x00, 0x00, 0x00, 0x00, 0x00, 0x00,
    0x00, 0x00, 0x00, 0x00, 0x00, 0x00, 0x00, 0x00, 0x00, 0x00, 0x00, 0x00, 0x00, 0x00, 0x00, 0x00, 0x00, 0x00, 0x00, 0x00,
    0x00, 0x00, 0x00, 0x08, 0x01, 0x10, 0x01, 0x18, 0x02, 0x28, 0x03, 0x38, 0x04, 0x40, 0x05, 0x50, 0x06, 0x60, 0x07, 0x78,
    0x09, 0x90, 0x0c, 0xc0, 0x12, 0xf8, 0xd9, 0xf8, 0x7f, 0xfe, 0x9e, 0xfd, 0xff, 0xfa, 0x1f, 0xf9, 0x3e, 0xf8, 0x1d, 0xf8,
    0x5f, 0xf9, 0x7c, 0xf1, 0x11, 0xf8, 0x0c, 0xd8, 0x09, 0x98, 0x07, 0x80, 0x06, 0x68, 0x05, 0x58, 0x04, 0x50, 0x04, 0x40,
    0x03, 0x38, 0x03, 0x30, 0x02, 0x30, 0x02, 0x28, 0x02, 0x20, 0x01, 0x20, 0x01, 0x20, 0x01, 0x18, 0x01, 0x18, 0x01, 0x18,
    0x01, 0x18, 0x01, 0x18, 0x01, 0x18, 0x01, 0x18, 0x01, 0x18, 0x01, 0x18, 0x01, 0x18, 0x01, 0x18, 0x01, 0x18, 0x01, 0x18,
    0x01, 0x18, 0x01, 0x18, 0x01, 0x18, 0x01, 0x18, 0x01, 0x18, 0x01, 0x18, 0x01, 0x20, 0x02, 0x20, 0x02, 0x20, 0x02, 0x28,
    0x02, 0x30, 0x03, 0x38, 0x03, 0x38, 0x03, 0x40, 0x04, 0x48, 0x05, 0x58, 0x06, 0x68, 0x08, 0x80, 0x09, 0x90, 0x0b, 0xc0,
    0x10, 0xf8, 0xbc, 0xf9, 0x1f, 0xfa, 0x3e, 0xf8, 0x1e, 0xf8, 0x3f, 0xf9, 0x9f, 0xfb, 0x9f, 0xfe, 0xff, 0xff, 0xbb, 0xf1,
    0x10, 0xf0, 0x0a, 0xb8, 0x08, 0x80, 0x06, 0x68, 0x05, 0x50, 0x03, 0x40, 0x03, 0x30, 0x02, 0x20, 0x01, 0x10, 0x01, 0x10,
    0x00, 0x08, 0x00, 0x00, 0x20, 0x00, 0x21, 0x00, 0x41, 0x00, 0x41, 0x00, 0x82, 0x00, 0xc4, 0x00, 0x25, 0x01, 0xa7, 0x01,
    0x6c, 0x02, 0x50, 0x03, 0x36, 0x04, 0xbe, 0x06, 0xff, 0x07, 0xbf, 0xcf, 0xdf, 0xf7, 0xdf, 0x87, 0xbf, 0x1f, 0xbf, 0x07,
    0xbf, 0x07, 0xff, 0x07, 0xbe, 0x06, 0x98, 0x04, 0xf3, 0x03, 0x30, 0x03, 0xac, 0x02, 0x0a, 0x02, 0x87, 0x01, 0x25, 0x01,
    0xc3, 0x00, 0x82, 0x00, 0x62, 0x00, 0x41, 0x00, 0x21, 0x00, 0x20, 0x00, 0x00, 0x00, 0x00, 0x00, 0x00, 0x00, 0x00, 0x00,
    0x00, 0x00, 0x00, 0x00, 0x00, 0x00, 0x00, 0x00, 0x00, 0x00, 0x00, 0x00, 0x00, 0x00, 0x00, 0x00, 0x00, 0x00, 0x00, 0x00,
    0x00, 0x00, 0x00, 0x00, 0x00, 0x00, 0x00, 0x00, 0x00, 0x00, 0x20, 0x00, 0x20, 0x00, 0x41, 0x00, 0x61, 0x00, 0x82, 0x00,
    0xa3, 0x00, 0x04, 0x01, 0x66, 0x01, 0xc8, 0x01, 0x6b, 0x02, 0xce, 0x02, 0x71, 0x03, 0x35, 0x04, 0x3b, 0x05, 0x9f, 0x07,
    0xbf, 0x07, 0xbf, 0x07, 0xbf, 0x07, 0xdf, 0x37, 0xdf, 0xa7, 0xdf, 0xff, 0xdf, 0x7f, 0xdf, 0x07, 0x9c, 0x05, 0xd3, 0x03,
    0x0f, 0x03, 0x6b, 0x02, 0x87, 0x01, 0x04, 0x01, 0xa3, 0x00, 0x41, 0x00, 0x20, 0x00, 0x00, 0x00, 0x00, 0x00, 0x00, 0x00,
    0x00, 0x00, 0x00, 0x00, 0x00, 0x00, 0x00, 0x00, 0x00, 0x00, 0x00, 0x00, 0x00, 0x00, 0x00, 0x00, 0x00, 0x00, 0x00, 0x00,
    0x00, 0x00, 0x00, 0x00, 0x00, 0x00, 0x00, 0x00, 0x00, 0x00, 0x00, 0x00, 0x00, 0x00, 0x00, 0x00, 0x00, 0x00, 0x00, 0x00,
    0x00, 0x00, 0x00, 0x08, 0x01, 0x10, 0x02, 0x20, 0x02, 0x30, 0x03, 0x40, 0x04, 0x50, 0x06, 0x60, 0x07, 0x70, 0x08, 0x88,
    0x0a, 0xa8, 0x0f, 0xe8, 0x16, 0xf8, 0xdf, 0xfc, 0xdf, 0xfe, 0xbf, 0xfb, 0x9f, 0xf9, 0x5e, 0xf8, 0x1d, 0xf8, 0xbe, 0xf8,
    0x3f, 0xfa, 0x54, 0xf8, 0x0d, 0xe0, 0x0a, 0xa8, 0x08, 0x90, 0x07, 0x78, 0x06, 0x68, 0x05, 0x58, 0x05, 0x50, 0x04, 0x48,
    0x03, 0x40, 0x03, 0x38, 0x03, 0x38, 0x02, 0x30, 0x02, 0x28, 0x02, 0x28, 0x02, 0x28, 0x02, 0x28, 0x02, 0x28, 0x02, 0x28,
    0x02, 0x28, 0x02, 0x28, 0x02, 0x28, 0x02, 0x28, 0x02, 0x28, 0x02, 0x28, 0x02, 0x28, 0x02, 0x28, 0x02, 0x28, 0x02, 0x28,
    0x02, 0x28, 0x02, 0x20, 0x02, 0x28, 0x02, 0x28, 0x02, 0x28, 0x02, 0x28, 0x02, 0x28, 0x02, 0x28, 0x02, 0x30, 0x02, 0x30,
    0x03, 0x38, 0x03, 0x38, 0x04, 0x40, 0x04, 0x48, 0x04, 0x50, 0x05, 0x58, 0x06, 0x68, 0x07, 0x78, 0x08, 0x88, 0x0a, 0xa8,
    0x0c, 0xe0, 0x33, 0xf8, 0x9f, 0xfa, 0x5f, 0xf9, 0x1e, 0xf8, 0x7e, 0xf8, 0x1f, 0xfa, 0x7f, 0xfc, 0x9f, 0xff, 0x1e, 0xf6,
    0x17, 0xf8, 0x0e, 0xe8, 0x09, 0xa0, 0x07, 0x80, 0x06, 0x60, 0x04, 0x48, 0x03, 0x40, 0x02, 0x28, 0x01, 0x18, 0x01, 0x10,
    0x01, 0x08, 0x00, 0x08, 0x20, 0x00, 0x20, 0x00, 0x21, 0x00, 0x41, 0x00, 0x62, 0x00, 0xa3, 0x00, 0xe4, 0x00, 0x46, 0x01,
    0x0a, 0x02, 0xee, 0x02, 0xd3, 0x03, 0x3a, 0x05, 0xbf, 0x07, 0xdf, 0x57, 0xff, 0xff, 0xdf, 0xc7, 0xdf, 0x4f, 0xbf, 0x07,
    0xbf, 0x07, 0xbf, 0x07, 0xdf, 0x07, 0xfd, 0x05, 0x56, 0x04, 0xb2, 0x03, 0x0f, 0x03, 0x8c, 0x02, 0xe9, 0x01, 0x66, 0x01,
    0x25, 0x01, 0xc3, 0x00, 0xa2, 0x00, 0x62, 0x00, 0x41, 0x00, 0x41, 0x00, 0x20, 0x00, 0x20, 0x00, 0x00, 0x00, 0x00, 0x00,
    0x00, 0x00, 0x00, 0x00, 0x00, 0x00, 0x00, 0x00, 0x00, 0x00, 0x00, 0x00, 0x00, 0x00, 0x00, 0x00, 0x00, 0x00, 0x00, 0x00,
    0x00, 0x00, 0x00, 0x00, 0x00, 0x00, 0x20, 0x00, 0x20, 0x00, 0x41, 0x00, 0x41, 0x00, 0x61, 0x00, 0x82, 0x00, 0xc3, 0x00,
    0xe4, 0x00, 0x66, 0x01, 0xe8, 0x01, 0x2a, 0x02, 0xad, 0x02, 0x50, 0x03, 0xf3, 0x03, 0x98, 0x04, 0xde, 0x06, 0xff, 0x07,
    0xbf, 0x07, 0xbf, 0x07, 0xbf, 0x17, 0xdf, 0x6f, 0xdf, 0xe7, 0xdf, 0xe7, 0xdf, 0x17, 0xfe, 0x06, 0x78, 0x04, 0x91, 0x03,
    0xad, 0x02, 0x0a, 0x02, 0x46, 0x01, 0xc3, 0x00, 0x62, 0x00, 0x41, 0x00, 0x20, 0x00, 0x00, 0x00, 0x00, 0x00, 0x00, 0x00,
    0x00, 0x00, 0x00, 0x00, 0x00, 0x00, 0x00, 0x00, 0x00, 0x00, 0x00, 0x00, 0x00, 0x00, 0x00, 0x00, 0x00, 0x00, 0x00, 0x00,
    0x00, 0x00, 0x00, 0x00, 0x00, 0x00, 0x00, 0x00, 0x00, 0x00, 0x00, 0x00, 0x00, 0x00, 0x00, 0x00, 0x00, 0x00, 0x00, 0x00,
    0x00, 0x08, 0x00, 0x10, 0x01, 0x18, 0x02, 0x28, 0x03, 0x38, 0x04, 0x48, 0x05, 0x58, 0x06, 0x68, 0x08, 0x80, 0x09, 0x98,
    0x0d, 0xd0, 0x13, 0xf8, 0x5c, 0xfa, 0x1f, 0xff, 0xbe, 0xfc, 0x3f, 0xfa, 0xbf, 0xf8, 0x1d, 0xf8, 0x3e, 0xf8, 0xbf, 0xf9,
    0xf8, 0xf8, 0x0f, 0xf8, 0x0b, 0xc0, 0x09, 0x98, 0x08, 0x88, 0x07, 0x78, 0x06, 0x68, 0x05, 0x60, 0x05, 0x58, 0x04, 0x50,
    0x04, 0x48, 0x04, 0x40, 0x03, 0x40, 0x03, 0x38, 0x03, 0x38, 0x03, 0x38, 0x03, 0x38, 0x03, 0x30, 0x03, 0x30, 0x03, 0x30,
    0x03, 0x38, 0x03, 0x38, 0x03, 0x38, 0x03, 0x38, 0x03, 0x30, 0x03, 0x30, 0x03, 0x38, 0x03, 0x38, 0x03, 0x30, 0x03, 0x30,
    0x03, 0x30, 0x03, 0x30, 0x03, 0x30, 0x03, 0x30, 0x03, 0x38, 0x03, 0x38, 0x03, 0x38, 0x03, 0x38, 0x03, 0x38, 0x03, 0x38,
    0x03, 0x40, 0x04, 0x40, 0x04, 0x48, 0x04, 0x50, 0x05, 0x50, 0x05, 0x58, 0x06, 0x68, 0x07, 0x78, 0x08, 0x88, 0x09, 0x98,
    0x0b, 0xc0, 0x0d, 0xf0, 0x19, 0xf1, 0xbf, 0xfa, 0xbe, 0xf8, 0x3e, 0xf8, 0xdf, 0xf8, 0x7f, 0xfa, 0x5f, 0xfd, 0xff, 0xff,
    0x7d, 0xf3, 0x14, 0xf8, 0x2c, 0xd0, 0x08, 0x90, 0x07, 0x70, 0x05, 0x58, 0x04, 0x48, 0x03, 0x30, 0x02, 0x20, 0x01, 0x10,
    0x01, 0x08, 0x00, 0x08, 0x00, 0x00, 0x20, 0x00, 0x21, 0x00, 0x41, 0x00, 0x61, 0x00, 0x82, 0x00, 0xc3, 0x00, 0x25, 0x01,
    0xe9, 0x01, 0x8c, 0x02, 0x50, 0x03, 0x36, 0x04, 0xbd, 0x06, 0xff, 0x07, 0xdf, 0xc7, 0xdf, 0xf7, 0xdf, 0x8f, 0xbf, 0x2f,
    0xbf, 0x07, 0xbf, 0x07, 0xdf, 0x07, 0x9f, 0x07, 0x3b, 0x05, 0x14, 0x04, 0x71, 0x03, 0x0f, 0x03, 0x4b, 0x02, 0xc8, 0x01,
    0x66, 0x01, 0x04, 0x01, 0xc3, 0x00, 0xa2, 0x00, 0x82, 0x00, 0x61, 0x00, 0x41, 0x00, 0x41, 0x00, 0x20, 0x00, 0x20, 0x00,
    0x20, 0x00, 0x00, 0x00, 0x00, 0x00, 0x00, 0x00, 0x00, 0x00, 0x00, 0x00, 0x00, 0x00, 0x00, 0x00, 0x00, 0x00, 0x00, 0x00,
    0x20, 0x00, 0x20, 0x00, 0x20, 0x00, 0x21, 0x00, 0x41, 0x00, 0x41, 0x00, 0x62, 0x00, 0x82, 0x00, 0xa3, 0x00, 0x04, 0x01,
    0x25, 0x01, 0xa8, 0x01, 0x2a, 0x02, 0x8c, 0x02, 0x0f, 0x03, 0xd2, 0x03, 0x57, 0x04, 0x1d, 0x06, 0xdf, 0x07, 0xbf, 0x07,
    0xbf, 0x07, 0xbf, 0x07, 0xbf, 0x47, 0xdf, 0xb7, 0xdf, 0xff, 0xdf, 0x67, 0xdf, 0x07, 0x9b, 0x05, 0xf4, 0x03, 0x2f, 0x03,
    0x4b, 0x02, 0xc8, 0x01, 0x04, 0x01, 0x82, 0x00, 0x61, 0x00, 0x21, 0x00, 0x20, 0x00, 0x00, 0x00, 0x00, 0x00, 0x00, 0x00,
    0x00, 0x00, 0x00, 0x00, 0x00, 0x00, 0x00, 0x00, 0x00, 0x00, 0x00, 0x00, 0x00, 0x00, 0x00, 0x00, 0x00, 0x00, 0x00, 0x00,
    0x00, 0x00, 0x00, 0x00, 0x00, 0x00, 0x00, 0x00, 0x00, 0x00, 0x00, 0x00, 0x00, 0x00, 0x00, 0x00, 0x00, 0x00, 0x00, 0x00,
    0x00, 0x08, 0x01, 0x10, 0x02, 0x20, 0x03, 0x30, 0x04, 0x40, 0x05, 0x50, 0x06, 0x68, 0x07, 0x78, 0x08, 0x90, 0x0b, 0xc0,
    0x11, 0xf8, 0x98, 0xf8, 0x7f, 0xfe, 0xff, 0xfd, 0xff, 0xfa, 0x1f, 0xf9, 0x3e, 0xf8, 0x1d, 0xf8, 0x5f, 0xf9, 0xbc, 0xf1,
    0x11, 0xf8, 0x0d, 0xe0, 0x0a, 0xb0, 0x09, 0x98, 0x08, 0x88, 0x07, 0x78, 0x06, 0x70, 0x06, 0x68, 0x06, 0x60, 0x05, 0x58,
    0x05, 0x58, 0x05, 0x58, 0x05, 0x50, 0x04, 0x50, 0x04, 0x50, 0x04, 0x48, 0x04, 0x48, 0x04, 0x48, 0x04, 0x48, 0x04, 0x48,
    0x04, 0x48, 0x04, 0x48, 0x04, 0x48, 0x04, 0x48, 0x04, 0x48, 0x04, 0x48, 0x04, 0x48, 0x04, 0x48, 0x04, 0x48, 0x04, 0x48,
    0x04, 0x48, 0x04, 0x48, 0x04, 0x48, 0x04, 0x48, 0x04, 0x48, 0x04, 0x48, 0x04, 0x48, 0x04, 0x48, 0x04, 0x48, 0x04, 0x50,
    0x04, 0x50, 0x05, 0x50, 0x05, 0x50, 0x05, 0x58, 0x05, 0x60, 0x06, 0x68, 0x06, 0x68, 0x07, 0x78, 0x08, 0x88, 0x09, 0x98,
    0x0a, 0xa8, 0x0c, 0xd8, 0x11, 0xf0, 0x3d, 0xfa, 0x1f, 0xfa, 0x5e, 0xf8, 0x3e, 0xf8, 0x1f, 0xf9, 0x7f, 0xfb, 0x1f, 0xff,
    0x9f, 0xff, 0x1a, 0xf9, 0x10, 0xf0, 0x09, 0xb0, 0x08, 0x80, 0x06, 0x68, 0x05, 0x58, 0x03, 0x38, 0x02, 0x28, 0x01, 0x18,
    0x01, 0x10, 0x01, 0x08, 0x00, 0x00, 0x20, 0x00, 0x20, 0x00, 0x21, 0x00, 0x41, 0x00, 0x62, 0x00, 0xa3, 0x00, 0xe4, 0x00,
    0x87, 0x01, 0x2a, 0x02, 0xce, 0x02, 0xb3, 0x03, 0x3a, 0x05, 0xbf, 0x07, 0xbf, 0x3f, 0xdf, 0xff, 0xdf, 0xdf, 0xdf, 0x6f,
    0xbf, 0x17, 0xbf, 0x07, 0xbf, 0x07, 0xdf, 0x07, 0x3f, 0x07, 0xb9, 0x04, 0xf4, 0x03, 0x91, 0x03, 0xee, 0x02, 0x6b, 0x02,
    0xe9, 0x01, 0xa7, 0x01, 0x46, 0x01, 0x04, 0x01, 0xc3, 0x00, 0xa3, 0x00, 0x82, 0x00, 0x61, 0x00, 0x41, 0x00, 0x41, 0x00,
    0x41, 0x00, 0x21, 0x00, 0x20, 0x00, 0x20, 0x00, 0x20, 0x00, 0x20, 0x00, 0x20, 0x00, 0x20, 0x00, 0x20, 0x00, 0x21, 0x00,
    0x21, 0x00, 0x41, 0x00, 0x41, 0x00, 0x61, 0x00, 0x62, 0x00, 0x82, 0x00, 0xa3, 0x00, 0xe4, 0x00, 0x05, 0x01, 0x87, 0x01,
    0xc8, 0x01, 0x2a, 0x02, 0xad, 0x02, 0x2f, 0x03, 0xb2, 0x03, 0x36, 0x04, 0x9c, 0x05, 0xbf, 0x07, 0xbf, 0x07, 0xbf, 0x07,
    0xbf, 0x07, 0xbf, 0x2f, 0xdf, 0x87, 0xdf, 0xf7, 0xdf, 0xc7, 0xff, 0x07, 0xbe, 0x06, 0x57, 0x04, 0x91, 0x03, 0xad, 0x02,
    0xe9, 0x01, 0x67, 0x01, 0xc3, 0x00, 0x82, 0x00, 0x41, 0x00, 0x20, 0x00, 0x00, 0x00, 0x00, 0x00, 0x00, 0x00, 0x00, 0x00,
    0x00, 0x00, 0x00, 0x00, 0x00, 0x00, 0x00, 0x00, 0x00, 0x00, 0x00, 0x00, 0x00, 0x00, 0x00, 0x00, 0x00, 0x00, 0x00, 0x00,
    0x00, 0x00, 0x00, 0x00, 0x00, 0x00, 0x00, 0x00, 0x00, 0x00, 0x00, 0x00, 0x00, 0x00, 0x00, 0x00, 0x00, 0x00, 0x00, 0x00,
    0x00, 0x08, 0x01, 0x18, 0x02, 0x20, 0x03, 0x38, 0x04, 0x48, 0x05, 0x60, 0x07, 0x70, 0x08, 0x88, 0x0a, 0xa8, 0x0f, 0xe8,
    0x15, 0xf8, 0x7e, 0xfc, 0x1f, 0xff, 0x1f, 0xfc, 0xbf, 0xf9, 0x5e, 0xf8, 0x1d, 0xf8, 0x7e, 0xf8, 0x3f, 0xfa, 0x75, 0xf8,
    0x0e, 0xf0, 0x0c, 0xc8, 0x0a, 0xb0, 0x09, 0xa0, 0x08, 0x90, 0x08, 0x88, 0x07, 0x80, 0x07, 0x78, 0x07, 0x70, 0x06, 0x70,
    0x06, 0x70, 0x06, 0x68, 0x06, 0x68, 0x06, 0x68, 0x06, 0x68, 0x06, 0x60, 0x06, 0x60, 0x06, 0x60, 0x06, 0x68, 0x06, 0x68,
    0x06, 0x68, 0x06, 0x68, 0x06, 0x68, 0x06, 0x60, 0x06, 0x68, 0x06, 0x68, 0x06, 0x68, 0x06, 0x60, 0x06, 0x60, 0x06, 0x60,
    0x06, 0x60, 0x06, 0x60, 0x06, 0x60, 0x06, 0x60, 0x06, 0x60, 0x06, 0x60, 0x06, 0x60, 0x06, 0x60, 0x06, 0x60, 0x06, 0x60,
    0x06, 0x68, 0x06, 0x68, 0x06, 0x68, 0x06, 0x68, 0x06, 0x70, 0x07, 0x78, 0x07, 0x78, 0x07, 0x80, 0x08, 0x90, 0x09, 0x98,
    0x0a, 0xb0, 0x0c, 0xc8, 0x0d, 0xf0, 0x76, 0xf8, 0xdf, 0xfa, 0x1f, 0xf9, 0x1e, 0xf8, 0x5f, 0xf8, 0x3f, 0xfa, 0x3f, 0xfd,
    0xff, 0xff, 0x7e, 0xfd, 0x16, 0xf8, 0x2d, 0xe0, 0x09, 0x98, 0x07, 0x78, 0x06, 0x60, 0x04, 0x48, 0x03, 0x30, 0x02, 0x20,
    0x01, 0x10, 0x01, 0x08, 0x00, 0x00, 0x00, 0x00, 0x20, 0x00, 0x21, 0x00, 0x21, 0x00, 0x41, 0x00, 0x82, 0x00, 0xc4, 0x00,
    0x46, 0x01, 0xc8, 0x01, 0x6c, 0x02, 0x70, 0x03, 0x15, 0x04, 0x1c, 0x06, 0xdf, 0x07, 0xdf, 0x9f, 0xdf, 0xff, 0xdf, 0xb7,
    0xbf, 0x4f, 0xbf, 0x0f, 0xbf, 0x07, 0xbf, 0x07, 0xdf, 0x07, 0xfe, 0x06, 0xb9, 0x04, 0xf4, 0x03, 0x91, 0x03, 0x0f, 0x03,
    0x8c, 0x02, 0x2a, 0x02, 0xc8, 0x01, 0x66, 0x01, 0x25, 0x01, 0xe4, 0x00, 0xc3, 0x00, 0xa2, 0x00, 0x82, 0x00, 0x62, 0x00,
    0x61, 0x00, 0x41, 0x00, 0x41, 0x00, 0x41, 0x00, 0x41, 0x00, 0x41, 0x00, 0x41, 0x00, 0x41, 0x00, 0x41, 0x00, 0x41, 0x00,
    0x61, 0x00, 0x62, 0x00, 0x82, 0x00, 0x82, 0x00, 0xa3, 0x00, 0xc3, 0x00, 0x04, 0x01, 0x46, 0x01, 0x87, 0x01, 0x09, 0x02,
    0x6b, 0x02, 0xcd, 0x02, 0x2f, 0x03, 0xb2, 0x03, 0x36, 0x04, 0x5b, 0x05, 0x9f, 0x07, 0xdf, 0x07, 0xbf, 0x07, 0xbf, 0x07,
    0xbf, 0x1f, 0xbf, 0x6f, 0xdf, 0xd7, 0xdf, 0xff, 0xdf, 0x37, 0x9f, 0x07, 0xfa, 0x04, 0xb3, 0x03, 0x0f, 0x03, 0x2b, 0x02,
    0x87, 0x01, 0x25, 0x01, 0xa3, 0x00, 0x61, 0x00, 0x41, 0x00, 0x20, 0x00, 0x00, 0x00, 0x00, 0x00, 0x00, 0x00, 0x00, 0x00,
    0x00, 0x00, 0x00, 0x00, 0x00, 0x00, 0x00, 0x00, 0x00, 0x00, 0x00, 0x00, 0x00, 0x00, 0x00, 0x00, 0x00, 0x00, 0x00, 0x00,
    0x00, 0x00, 0x00, 0x00, 0x00, 0x00, 0x00, 0x00, 0x00, 0x00, 0x00, 0x00, 0x00, 0x00, 0x00, 0x00, 0x00, 0x00, 0x00, 0x08,
    0x01, 0x10, 0x01, 0x18, 0x02, 0x28, 0x04, 0x40, 0x05, 0x50, 0x06, 0x68, 0x08, 0x80, 0x09, 0x98, 0x2d, 0xd0, 0x12, 0xf8,
    0x1b, 0xfa, 0x7f, 0xff, 0x1e, 0xfd, 0x9f, 0xfa, 0xbf, 0xf8, 0x1e, 0xf8, 0x3e, 0xf8, 0x9f, 0xf9, 0x1a, 0xf9, 0x11, 0xf8,
    0x0e, 0xe8, 0x0c, 0xc8, 0x0b, 0xb8, 0x0a, 0xa8, 0x09, 0xa0, 0x09, 0x98, 0x09, 0x90, 0x08, 0x90, 0x08, 0x88, 0x08, 0x88,
    0x08, 0x88, 0x08, 0x80, 0x07, 0x80, 0x07, 0x80, 0x07, 0x80, 0x07, 0x80, 0x07, 0x80, 0x07, 0x80, 0x08, 0x80, 0x07, 0x80,
    0x07, 0x80, 0x07, 0x80, 0x07, 0x80, 0x07, 0x80, 0x08, 0x80, 0x08, 0x80, 0x08, 0x80, 0x07, 0x80, 0x07, 0x80, 0x07, 0x78,
    0x07, 0x80, 0x07, 0x80, 0x07, 0x80, 0x07, 0x80, 0x07, 0x80, 0x07, 0x80, 0x07, 0x80, 0x07, 0x80, 0x07, 0x80, 0x07, 0x80,
    0x07, 0x80, 0x07, 0x80, 0x07, 0x80, 0x07, 0x80, 0x08, 0x88, 0x08, 0x88, 0x08, 0x90, 0x09, 0x90, 0x09, 0x98, 0x0a, 0xa8,
    0x0b, 0xb8, 0x0c, 0xc8, 0x0d, 0xe0, 0x10, 0xf8, 0x9a, 0xf9, 0x9f, 0xfa, 0x7e, 0xf8, 0x1e, 0xf8, 0x1f, 0xf9, 0x3f, 0xfb,
    0xff, 0xfd, 0xff, 0xff, 0x7c, 0xfa, 0x12, 0xf8, 0x2b, 0xc0, 0x08, 0x88, 0x06, 0x70, 0x05, 0x50, 0x03, 0x38, 0x02, 0x28,
    0x01, 0x18, 0x01, 0x08, 0x00, 0x08, 0x00, 0x00, 0x20, 0x00, 0x20, 0x00, 0x21, 0x00, 0x41, 0x00, 0x61, 0x00, 0xa3, 0x00,
    0xe4, 0x00, 0x66, 0x01, 0x0a, 0x02, 0xee, 0x02, 0x92, 0x03, 0x78, 0x04, 0x5e, 0x07, 0xff, 0x17, 0xdf, 0xdf, 0xdf, 0xf7,
    0xdf, 0x9f, 0xbf, 0x3f, 0xbf, 0x07, 0xbf, 0x07, 0xbf, 0x07, 0xff, 0x07, 0xde, 0x06, 0x99, 0x04, 0x14, 0x04, 0x91, 0x03,
    0x0f, 0x03, 0x8c, 0x02, 0x4a, 0x02, 0xe9, 0x01, 0x87, 0x01, 0x46, 0x01, 0x05, 0x01, 0xe4, 0x00, 0xc3, 0x00, 0xa3, 0x00,
    0x82, 0x00, 0x82, 0x00, 0x82, 0x00, 0x62, 0x00, 0x62, 0x00, 0x62, 0x00, 0x62, 0x00, 0x82, 0x00, 0x82, 0x00, 0x82, 0x00,
    0x82, 0x00, 0xa2, 0x00, 0xa3, 0x00, 0xe4, 0x00, 0x04, 0x01, 0x25, 0x01, 0x66, 0x01, 0xa8, 0x01, 0x09, 0x02, 0x6b, 0x02,
    0xce, 0x02, 0x50, 0x03, 0xd3, 0x03, 0x36, 0x04, 0x5b, 0x05, 0x9f, 0x07, 0xdf, 0x07, 0xbf, 0x07, 0xbf, 0x07, 0xbf, 0x17,
    0xbf, 0x5f, 0xdf, 0xbf, 0xdf, 0xff, 0xbf, 0x77, 0xdf, 0x07, 0xfc, 0x05, 0x15, 0x04, 0x50, 0x03, 0x8c, 0x02, 0xc9, 0x01,
    0x26, 0x01, 0xe4, 0x00, 0x82, 0x00, 0x41, 0x00, 0x20, 0x00, 0x00, 0x00, 0x00, 0x00, 0x00, 0x00, 0x00, 0x00, 0x00, 0x00,
    0x00, 0x00, 0x00, 0x00, 0x00, 0x00, 0x00, 0x00, 0x00, 0x00, 0x00, 0x00, 0x00, 0x00, 0x00, 0x00, 0x00, 0x00, 0x00, 0x00,
    0x00, 0x00, 0x00, 0x00, 0x00, 0x00, 0x00, 0x00, 0x00, 0x00, 0x00, 0x00, 0x00, 0x00, 0x00, 0x00, 0x00, 0x00, 0x00, 0x08,
    0x01, 0x10, 0x01, 0x20, 0x03, 0x30, 0x04, 0x48, 0x05, 0x58, 0x07, 0x70, 0x08, 0x90, 0x0b, 0xc0, 0x10, 0xf0, 0x58, 0xf8,
    0x3f, 0xfe, 0x3f, 0xfe, 0x3f, 0xfb, 0x5f, 0xf9, 0x3e, 0xf8, 0x1d, 0xf8, 0x3f, 0xf9, 0xfd, 0xf9, 0x13, 0xf0, 0x2f, 0xf8,
    0x2e, 0xf0, 0x2d, 0xe0, 0x0c, 0xd0, 0x0c, 0xc8, 0x0b, 0xc8, 0x0b, 0xc0, 0x0b, 0xc0, 0x0b, 0xc0, 0x2b, 0xb8, 0x0a, 0xb8,
    0x0a, 0xb8, 0x0a, 0xb8, 0x0a, 0xb8, 0x0a, 0xb0, 0x0a, 0xb0, 0x0a, 0xb0, 0x0a, 0xb8, 0x0a, 0xb8, 0x2a, 0xb8, 0x2a, 0xb8,
    0x0a, 0xb0, 0x0a, 0xb8, 0x0a, 0xb8, 0x2a, 0xb8, 0x2a, 0xb8, 0x2a, 0xb8, 0x0a, 0xb8, 0x0a, 0xb8, 0x0a, 0xb0, 0x0a, 0xb8,
    0x0a, 0xb8, 0x0a, 0xb0, 0x0a, 0xb0, 0x0a, 0xb8, 0x0a, 0xb8, 0x0a, 0xb8, 0x0a, 0xb8, 0x0a, 0xb8, 0x0a, 0xb8, 0x0a, 0xb0,
    0x0a, 0xb0, 0x0a, 0xb0, 0x0a, 0xb0, 0x0a, 0xb8, 0x0a, 0xb8, 0x0a, 0xb8, 0x0b, 0xb8, 0x0b, 0xc0, 0x0b, 0xc0, 0x0c, 0xc8,
    0x0d, 0xd8, 0x2d, 0xe0, 0x2e, 0xf0, 0x2e, 0xf8, 0x34, 0xf8, 0xbe, 0xfa, 0xbf, 0xf9, 0x1e, 0xf8, 0x5e, 0xf8, 0x7f, 0xf9,
    0x9f, 0xfb, 0x3f, 0xff, 0x1f, 0xff, 0x79, 0xf8, 0x0f, 0xf0, 0x09, 0xa8, 0x08, 0x78, 0x05, 0x58, 0x04, 0x40, 0x03, 0x30,
    0x01, 0x18, 0x01, 0x08, 0x00, 0x08, 0x00, 0x00, 0x00, 0x00, 0x00, 0x00, 0x20, 0x00, 0x20, 0x00, 0x41, 0x00, 0x62, 0x00,
    0xa3, 0x00, 0x05, 0x01, 0xa7, 0x01, 0x4b, 0x02, 0x0e, 0x03, 0xd3, 0x03, 0x5a, 0x05, 0xbf, 0x07, 0xbf, 0x37, 0xdf, 0xff,
    0xdf, 0xe7, 0xdf, 0x87, 0xbf, 0x2f, 0xbf, 0x07, 0xbf, 0x07, 0xbf, 0x07, 0xff, 0x07, 0xfe, 0x06, 0xd9, 0x04, 0x15, 0x04,
    0xb2, 0x03, 0x2f, 0x03, 0xce, 0x02, 0x8c, 0x02, 0x2a, 0x02, 0xe9, 0x01, 0xa7, 0x01, 0x66, 0x01, 0x25, 0x01, 0x04, 0x01,
    0xe4, 0x00, 0xe4, 0x00, 0xe4, 0x00, 0xc3, 0x00, 0xc3, 0x00, 0xc3, 0x00, 0xc3, 0x00, 0xc3, 0x00, 0xc3, 0x00, 0xe4, 0x00,
    0xe4, 0x00, 0x04, 0x01, 0x05, 0x01, 0x46, 0x01, 0x87, 0x01, 0xc8, 0x01, 0x0a, 0x02, 0x4b, 0x02, 0x8d, 0x02, 0xee, 0x02,
    0x91, 0x03, 0xf4, 0x03, 0x57, 0x04, 0x9c, 0x05, 0x9f, 0x07, 0xdf, 0x07, 0xbf, 0x07, 0xbf, 0x07, 0xbf, 0x0f, 0xbf, 0x4f,
    0xdf, 0xaf, 0xdf, 0xff, 0xdf, 0xb7, 0xdf, 0x07, 0xbe, 0x06, 0x57, 0x04, 0xb2, 0x03, 0xad, 0x02, 0x2a, 0x02, 0x66, 0x01,
    0xc4, 0x00, 0x82, 0x00, 0x61, 0x00, 0x41, 0x00, 0x20, 0x00, 0x00, 0x00, 0x00, 0x00, 0x00, 0x00, 0x00, 0x00, 0x00, 0x00,
    0x00, 0x00, 0x00, 0x00, 0x00, 0x00, 0x00, 0x00, 0x00, 0x00, 0x00, 0x00, 0x00, 0x00, 0x00, 0x00, 0x00, 0x00, 0x00, 0x00,
    0x00, 0x00, 0x00, 0x00, 0x00, 0x00, 0x00, 0x00, 0x00, 0x00, 0x00, 0x00, 0x00, 0x00, 0x00, 0x00, 0x00, 0x00, 0x00, 0x08,
    0x01, 0x10, 0x02, 0x20, 0x03, 0x30, 0x04, 0x48, 0x06, 0x60, 0x07, 0x78, 0x09, 0xa0, 0x0e, 0xe0, 0x13, 0xf8, 0xfe, 0xf3,
    0x1f, 0xff, 0x1e, 0xfc, 0xff, 0xf9, 0x9e, 0xf8, 0x1d, 0xf8, 0x7e, 0xf8, 0x1e, 0xfa, 0x58, 0xf8, 0x14, 0xf8, 0x12, 0xf0,
    0x12, 0xf0, 0x12, 0xf8, 0x11, 0xf0, 0x11, 0xf0, 0x11, 0xf8, 0x12, 0xf0, 0x12, 0xf0, 0x11, 0xf0, 0x11, 0xf0, 0x12, 0xf0,
    0x12, 0xf8, 0x11, 0xf0, 0x12, 0xf0, 0x12, 0xf0, 0x11, 0xf0, 0x11, 0xf0, 0x11, 0xf0, 0x11, 0xf0, 0x11, 0xf0, 0x11, 0xf0,
    0x11, 0xf0, 0x11, 0xf0, 0x11, 0xf0, 0x11, 0xf0, 0x12, 0xf0, 0x12, 0xf0, 0x11, 0xf0, 0x12, 0xf0, 0x12, 0xf0, 0x12, 0xf0,
    0x11, 0xf0, 0x11, 0xf0, 0x12, 0xf0, 0x11, 0xf0, 0x11, 0xf0, 0x11, 0xf0, 0x11, 0xf0, 0x11, 0xf0, 0x11, 0xf0, 0x11, 0xf0,
    0x11, 0xf0, 0x11, 0xf0, 0x11, 0xf0, 0x10, 0xf0, 0x10, 0xf0, 0x11, 0xf0, 0x11, 0xf0, 0x11, 0xf0, 0x11, 0xf0, 0x11, 0xf0,
    0x11, 0xf0, 0x11, 0xf0, 0x12, 0xf8, 0x12, 0xf8, 0x13, 0xf0, 0x78, 0xf0, 0xbf, 0xfa, 0xbe, 0xf8, 0x1e, 0xf8, 0x9e, 0xf8,
    0x3f, 0xfa, 0x3f, 0xfd, 0xff, 0xff, 0x3e, 0xf4, 0x15, 0xf8, 0x2d, 0xd0, 0x08, 0x88, 0x06, 0x68, 0x04, 0x48, 0x03, 0x30,
    0x01, 0x18, 0x01, 0x10, 0x00, 0x08, 0x00, 0x00, 0x00, 0x00, 0x00, 0x00, 0x00, 0x00, 0x20, 0x00, 0x21, 0x00, 0x41, 0x00,
    0x82, 0x00, 0xc3, 0x00, 0x26, 0x01, 0xe9, 0x01, 0x6c, 0x02, 0x50, 0x03, 0x15, 0x04, 0xfc, 0x05, 0xff, 0x07, 0xdf, 0x67,
    0xdf, 0xff, 0xdf, 0xd7, 0xdf, 0x7f, 0xbf, 0x2f, 0xbf, 0x07, 0xbf, 0x07, 0xbf, 0x07, 0xff, 0x07, 0x5f, 0x07, 0x5b, 0x05,
    0x36, 0x04, 0xf3, 0x03, 0x71, 0x03, 0x0f, 0x03, 0xcd, 0x02, 0x6b, 0x02, 0x0a, 0x02, 0xe9, 0x01, 0xa7, 0x01, 0x66, 0x01,
    0x46, 0x01, 0x46, 0x01, 0x46, 0x01, 0x25, 0x01, 0x25, 0x01, 0x25, 0x01, 0x25, 0x01, 0x25, 0x01, 0x25, 0x01, 0x25, 0x01,
    0x46, 0x01, 0x66, 0x01, 0x87, 0x01, 0xc8, 0x01, 0x0a, 0x02, 0x4b, 0x02, 0x8c, 0x02, 0xce, 0x02, 0x30, 0x03, 0xb2, 0x03,
    0x15, 0x04, 0x99, 0x04, 0x1d, 0x06, 0xdf, 0x07, 0xdf, 0x07, 0xbf, 0x07, 0xbf, 0x07, 0xbf, 0x0f, 0xbf, 0x47, 0xbf, 0x9f,
    0xdf, 0xff, 0xdf, 0xcf, 0xdf, 0x0f, 0x5f, 0x07, 0xb9, 0x04, 0xb2, 0x03, 0x0f, 0x03, 0x4b, 0x02, 0xa8, 0x01, 0x25, 0x01,
    0xa3, 0x00, 0x62, 0x00, 0x41, 0x00, 0x20, 0x00, 0x00, 0x00, 0x00, 0x00, 0x00, 0x00, 0x00, 0x00, 0x00, 0x00, 0x00, 0x00,
    0x00, 0x00, 0x00, 0x00, 0x00, 0x00, 0x00, 0x00, 0x00, 0x00, 0x00, 0x00, 0x00, 0x00, 0x00, 0x00, 0x00, 0x00, 0x00, 0x00,
    0x00, 0x00, 0x00, 0x00, 0x00, 0x00, 0x00, 0x00, 0x00, 0x00, 0x00, 0x00, 0x00, 0x00, 0x00, 0x00, 0x00, 0x00, 0x00, 0x08,
    0x01, 0x18, 0x02, 0x20, 0x03, 0x38, 0x04, 0x50, 0x06, 0x68, 0x08, 0x80, 0x0b, 0xb8, 0x10, 0xf8, 0xda, 0xf9, 0x5f, 0xff,
    0x7e, 0xfd, 0xbe, 0xfa, 0xff, 0xf8, 0x3e, 0xf8, 0x1d, 0xf8, 0xdf, 0xf8, 0x3e, 0xfb, 0x1d, 0xfd, 0x9d, 0xfd, 0x7d, 0xfd,
    0x7d, 0xfd, 0x9d, 0xfd, 0x7d, 0xfd, 0x7d, 0xfd, 0x7d, 0xfd, 0x9d, 0xfd, 0x9d, 0xfd, 0x7d, 0xfd, 0x7d, 0xfd, 0x7d, 0xfd,
    0x9e, 0xfd, 0x7d, 0xfd, 0x7d, 0xfd, 0x7d, 0xfd, 0x7d, 0xfd, 0x7d, 0xfd, 0x7d, 0xfd, 0x9d, 0xfd, 0x9d, 0xfd, 0x7d, 0xfd,
    0x7d, 0xfd, 0x7d, 0xfd, 0x7d, 0xfd, 0x7d, 0xfd, 0x7d, 0xfd, 0x7d, 0xfd, 0x7d, 0xfd, 0x7d, 0xfd, 0x7e, 0xfd, 0x7d, 0xfd,
    0x7d, 0xfd, 0x7d, 0xfd, 0x7d, 0xfd, 0x7d, 0xfd, 0x7d, 0xfd, 0x7d, 0xfd, 0x7d, 0xfd, 0x7d, 0xfd, 0x7d, 0xfd, 0x7d, 0xfd,
    0x7d, 0xfd, 0x7d, 0xfd, 0x7d, 0xfd, 0x7d, 0xfd, 0x7d, 0xfd, 0x7d, 0xfd, 0x7d, 0xfd, 0x7d, 0xfd, 0x7d, 0xfd, 0x7d, 0xfd,
    0x7d, 0xfd, 0x7d, 0xfd, 0x9d, 0xfd, 0x7d, 0xfd, 0x5d, 0xf5, 0x3d, 0xfd, 0x3e, 0xfc, 0x5f, 0xf9, 0x1e, 0xf8, 0x1e, 0xf8,
    0x1f, 0xf9, 0x5f, 0xfb, 0x9f, 0xfe, 0xdf, 0xff, 0xbb, 0xf9, 0x10, 0xf0, 0x09, 0xa0, 0x07, 0x70, 0x05, 0x50, 0x03, 0x38,
    0x02, 0x20, 0x01, 0x10, 0x01, 0x08, 0x00, 0x00, 0x00, 0x00, 0x00, 0x00, 0x00, 0x00, 0x00, 0x00, 0x20, 0x00, 0x41, 0x00,
    0x61, 0x00, 0x82, 0x00, 0xe4, 0x00, 0x66, 0x01, 0xe9, 0x01, 0xad, 0x02, 0x70, 0x03, 0x36, 0x04, 0x9d, 0x06, 0xff, 0x07,
    0xbf, 0x7f, 0xdf, 0xff, 0xdf, 0xd7, 0xbf, 0x7f, 0xbf, 0x2f, 0xdf, 0x07, 0xbf, 0x07, 0xbf, 0x07, 0xdf, 0x07, 0xbf, 0x07,
    0x1d, 0x06, 0xb9, 0x04, 0x35, 0x04, 0xb2, 0x03, 0x50, 0x03, 0x0f, 0x03, 0xad, 0x02, 0x8c, 0x02, 0x6b, 0x02, 0x2a, 0x02,
    0x0a, 0x02, 0xe9, 0x01, 0xe9, 0x01, 0xc8, 0x01, 0xc8, 0x01, 0xa8, 0x01, 0xa8, 0x01, 0xa8, 0x01, 0xc8, 0x01, 0xc8, 0x01,
    0xe9, 0x01, 0x0a, 0x02, 0x2a, 0x02, 0x6b, 0x02, 0xad, 0x02, 0xee, 0x02, 0x30, 0x03, 0x91, 0x03, 0xf3, 0x03, 0x57, 0x04,
    0x3b, 0x05, 0xde, 0x06, 0xff, 0x07, 0xbf, 0x07, 0xbf, 0x07, 0xbf, 0x07, 0xbf, 0x0f, 0xdf, 0x47, 0xdf, 0x9f, 0xdf, 0xf7,
    0xdf, 0xe7, 0xdf, 0x27, 0x9f, 0x07, 0x3b, 0x05, 0xd3, 0x03, 0x2f, 0x03, 0x6c, 0x02, 0xc8, 0x01, 0x46, 0x01, 0xe4, 0x00,
    0x82, 0x00, 0x41, 0x00, 0x20, 0x00, 0x20, 0x00, 0x00, 0x00, 0x00, 0x00, 0x00, 0x00, 0x00, 0x00, 0x00, 0x00, 0x00, 0x00,
    0x00, 0x00, 0x00, 0x00, 0x00, 0x00, 0x00, 0x00, 0x00, 0x00, 0x00, 0x00, 0x00, 0x00, 0x00, 0x00, 0x00, 0x00, 0x00, 0x00,
    0x00, 0x00, 0x00, 0x00, 0x00, 0x00, 0x00, 0x00, 0x00, 0x00, 0x00, 0x00, 0x00, 0x00, 0x00, 0x00, 0x00, 0x08, 0x00, 0x08,
    0x01, 0x18, 0x02, 0x28, 0x03, 0x38, 0x05, 0x50, 0x06, 0x68, 0x08, 0x88, 0x0c, 0xd0, 0x14, 0xf8, 0x1f, 0xf5, 0xff, 0xfe,
    0xdf, 0xfb, 0x9f, 0xf9, 0x5e, 0xf8, 0x1d, 0xf8, 0x3d, 0xf8, 0x9e, 0xf8, 0x5f, 0xfa, 0x1f, 0xfd, 0x5f, 0xfe, 0x5f, 0xfe,
    0x7f, 0xfe, 0x7f, 0xfe, 0x7f, 0xfe, 0x7f, 0xfe, 0x7f, 0xfe, 0x7f, 0xfe, 0x7f, 0xfe, 0x7f, 0xfe, 0x7f, 0xfe, 0x7f, 0xfe,
    0x7f, 0xfe, 0x7f, 0xfe, 0x7f, 0xfe, 0x7f, 0xfe, 0x5f, 0xfe, 0x5f, 0xfe, 0x7f, 0xfe, 0x7f, 0xfe, 0x9f, 0xfe, 0x7f, 0xfe,
    0x7f, 0xfe, 0x7f, 0xfe, 0x7f, 0xfe, 0x9f, 0xfe, 0x9f, 0xfe, 0x9f, 0xfe, 0x9f, 0xfe, 0x9f, 0xfe, 0x9f, 0xfe, 0x9f, 0xfe,
    0x9f, 0xfe, 0x9f, 0xfe, 0x9f, 0xfe, 0x9f, 0xfe, 0x9f, 0xfe, 0x9f, 0xfe, 0x9f, 0xfe, 0x9f, 0xfe, 0x9f, 0xfe, 0x9f, 0xfe,
    0xbf, 0xfe, 0xbf, 0xfe, 0x9f, 0xfe, 0x9f, 0xfe, 0x9f, 0xfe, 0x9f, 0xfe, 0xbf, 0xfe, 0xbf, 0xfe, 0xbf, 0xfe, 0xbf, 0xfe,
    0xbf, 0xfe, 0xbf, 0xfe, 0xdf, 0xfe, 0x9f, 0xfe, 0x7f, 0xfe, 0xdf, 0xfd, 0x7f, 0xfb, 0xff, 0xf8, 0x1d, 0xf8, 0x1d, 0xf8,
    0x7e, 0xf8, 0x1f, 0xfa, 0x7f, 0xfc, 0xdf, 0xff, 0x1e, 0xfd, 0x14, 0xf8, 0x0b, 0xc0, 0x07, 0x78, 0x05, 0x58, 0x03, 0x40,
    0x02, 0x20, 0x01, 0x10, 0x00, 0x08, 0x00, 0x00, 0x00, 0x00, 0x00, 0x00, 0x00, 0x00, 0x00, 0x00, 0x00, 0x00, 0x20, 0x00,
    0x41, 0x00, 0x62, 0x00, 0xa3, 0x00, 0xe4, 0x00, 0x46, 0x01, 0x09, 0x02, 0xad, 0x02, 0x71, 0x03, 0x77, 0x04, 0xde, 0x06,
    0xff, 0x07, 0xdf, 0x97, 0xdf, 0xff, 0xdf, 0xd7, 0xdf, 0x87, 0xbf, 0x37, 0xbf, 0x07, 0xbf, 0x07, 0xbf, 0x07, 0xbf, 0x07,
    0xff, 0x07, 0x1e, 0x07, 0x7b, 0x05, 0x77, 0x04, 0xf4, 0x03, 0xd2, 0x03, 0x71, 0x03, 0x30, 0x03, 0x0f, 0x03, 0xee, 0x02,
    0xcd, 0x02, 0xad, 0x02, 0x8c, 0x02, 0x8c, 0x02, 0x6b, 0x02, 0x6b, 0x02, 0x6b, 0x02, 0x6b, 0x02, 0x6c, 0x02, 0x6c, 0x02,
    0x8c, 0x02, 0xad, 0x02, 0xee, 0x02, 0x0f, 0x03, 0x50, 0x03, 0x92, 0x03, 0xf4, 0x03, 0x36, 0x04, 0xd9, 0x04, 0x3d, 0x06,
    0x9f, 0x07, 0xff, 0x07, 0xbf, 0x07, 0xbf, 0x07, 0xbf, 0x07, 0xbf, 0x17, 0xbf, 0x4f, 0xdf, 0xa7, 0xdf, 0xf7, 0xdf, 0xe7,
    0xbf, 0x2f, 0xbf, 0x07, 0x9b, 0x05, 0xf4, 0x03, 0x30, 0x03, 0x8c, 0x02, 0x09, 0x02, 0x66, 0x01, 0x05, 0x01, 0xa3, 0x00,
    0x41, 0x00, 0x21, 0x00, 0x20, 0x00, 0x00, 0x00, 0x00, 0x00, 0x00, 0x00, 0x00, 0x00, 0x00, 0x00, 0x00, 0x00, 0x00, 0x00,
    0x00, 0x00, 0x00, 0x00, 0x00, 0x00, 0x00, 0x00, 0x00, 0x00, 0x00, 0x00, 0x00, 0x00, 0x00, 0x00, 0x00, 0x00, 0x00, 0x00,
    0x00, 0x00, 0x00, 0x00, 0x00, 0x00, 0x00, 0x00, 0x00, 0x00, 0x00, 0x00, 0x00, 0x00, 0x00, 0x00, 0x00, 0x08, 0x00, 0x08,
    0x01, 0x18, 0x02, 0x28, 0x03, 0x38, 0x05, 0x50, 0x06, 0x68, 0x08, 0x88, 0x0c, 0xd8, 0x58, 0xf8, 0x5f, 0xfe, 0xff, 0xfd,
    0xff, 0xfa, 0xff, 0xf8, 0x3d, 0xf8, 0x1c, 0xf8, 0x1c, 0xf8, 0x3e, 0xf8, 0x9e, 0xf8, 0x1e, 0xf9, 0x7e, 0xf9, 0xbe, 0xf9,
    0xbe, 0xf9, 0xde, 0xf9, 0xde, 0xf9, 0xde, 0xf9, 0xff, 0xf9, 0xff, 0xf9, 0xff, 0xf9, 0xff, 0xf9, 0xff, 0xf9, 0x1f, 0xfa,
    0xfe, 0xf9, 0xff, 0xf9, 0xff, 0xf9, 0xff, 0xf9, 0xff, 0xf9, 0xff, 0xf9, 0xff, 0xf9, 0xff, 0xf9, 0xff, 0xf9, 0x1f, 0xfa,
    0xff, 0xf9, 0xff, 0xf9, 0xff, 0xf9, 0x1f, 0xfa, 0x1f, 0xfa, 0x1f, 0xfa, 0xff, 0xf9, 0x1f, 0xfa, 0x3f, 0xfa, 0x3f, 0xfa,
    0x1f, 0xfa, 0xfe, 0xf9, 0x1f, 0xfa, 0x1f, 0xfa, 0x3f, 0xfa, 0x1f, 0xfa, 0xff, 0xf9, 0x1f, 0xfa, 0x1f, 0xfa, 0x1f, 0xfa,
    0x1f, 0xfa, 0x1e, 0xfa, 0x1f, 0xfa, 0x1f, 0xfa, 0x1f, 0xfa, 0x1f, 0xfa, 0x3f, 0xfa, 0x3f, 0xfa, 0x3f, 0xfa, 0x5f, 0xfa,
    0x5f, 0xfa, 0x5f, 0xfa, 0x3f, 0xfa, 0x1e, 0xfa, 0xfe, 0xf9, 0xbe, 0xf9, 0xff, 0xf8, 0x5e, 0xf8, 0x3d, 0xf8, 0x3c, 0xf8,
    0x3e, 0xf8, 0x3f, 0xf9, 0x3f, 0xfb, 0xdf, 0xfe, 0xdf, 0xfe, 0x37, 0xf8, 0x0c, 0xd0, 0x07, 0x80, 0x05, 0x58, 0x04, 0x40,
    0x02, 0x20, 0x01, 0x10, 0x01, 0x08, 0x00, 0x00, 0x00, 0x00, 0x00, 0x00, 0x00, 0x00, 0x00, 0x00, 0x00, 0x00, 0x00, 0x00,
    0x21, 0x00, 0x41, 0x00, 0x82, 0x00, 0xa3, 0x00, 0x04, 0x01, 0x87, 0x01, 0x0a, 0x02, 0xcd, 0x02, 0xb2, 0x03, 0x98, 0x04,
    0x1e, 0x07, 0xff, 0x07, 0xbf, 0x8f, 0xdf, 0xff, 0xdf, 0xdf, 0xbf, 0x8f, 0xbf, 0x3f, 0xbf, 0x0f, 0xbf, 0x07, 0xbf, 0x07,
    0xbf, 0x07, 0xdf, 0x07, 0xdf, 0x07, 0xbe, 0x06, 0x7b, 0x05, 0xb8, 0x04, 0x36, 0x04, 0xf4, 0x03, 0xb2, 0x03, 0x91, 0x03,
    0x70, 0x03, 0x50, 0x03, 0x2f, 0x03, 0x0f, 0x03, 0x0f, 0x03, 0x0f, 0x03, 0xee, 0x02, 0xee, 0x02, 0x0f, 0x03, 0x0f, 0x03,
    0x30, 0x03, 0x70, 0x03, 0x91, 0x03, 0xd3, 0x03, 0x14, 0x04, 0x57, 0x04, 0xfa, 0x04, 0x1d, 0x06, 0x5f, 0x07, 0xff, 0x07,
    0xdf, 0x07, 0xbf, 0x07, 0xbf, 0x07, 0xbf, 0x07, 0xdf, 0x27, 0xdf, 0x67, 0xdf, 0xb7, 0xdf, 0xff, 0xdf, 0xdf, 0xde, 0x27,
    0xbf, 0x07, 0x9c, 0x05, 0x15, 0x04, 0x71, 0x03, 0xad, 0x02, 0x0a, 0x02, 0x87, 0x01, 0x05, 0x01, 0xc3, 0x00, 0x82, 0x00,
    0x41, 0x00, 0x20, 0x00, 0x00, 0x00, 0x00, 0x00, 0x00, 0x00, 0x00, 0x00, 0x00, 0x00, 0x00, 0x00, 0x00, 0x00, 0x00, 0x00,
    0x00, 0x00, 0x00, 0x00, 0x00, 0x00, 0x00, 0x00, 0x00, 0x00, 0x00, 0x00, 0x00, 0x00, 0x00, 0x00, 0x00, 0x00, 0x00, 0x00,
    0x00, 0x00, 0x00, 0x00, 0x00, 0x00, 0x00, 0x00, 0x00, 0x00, 0x00, 0x00, 0x00, 0x00, 0x00, 0x00, 0x00, 0x08, 0x00, 0x08,
    0x01, 0x18, 0x02, 0x20, 0x03, 0x38, 0x04, 0x50, 0x06, 0x68, 0x08, 0x88, 0x0c, 0xd8, 0x77, 0xf8, 0x9f, 0xfe, 0x3f, 0xfe,
    0xff, 0xfa, 0x1f, 0xf9, 0x5e, 0xf8, 0x1d, 0xf8, 0x1d, 0xf8, 0x1d, 0xf8, 0x1e, 0xf8, 0x3e, 0xf8, 0x3e, 0xf8, 0x5e, 0xf8,
    0x5e, 0xf8, 0x5e, 0xf8, 0x5e, 0xf8, 0x5e, 0xf8, 0x7e, 0xf8, 0x5e, 0xf8, 0x7e, 0xf8, 0x7e, 0xf8, 0x5e, 0xf8, 0x5e, 0xf8,
    0x5e, 0xf8, 0x5e, 0xf8, 0x7e, 0xf8, 0x7e, 0xf8, 0x7f, 0xf8, 0x5e, 0xf8, 0x5e, 0xf8, 0x7e, 0xf8, 0x7e, 0xf8, 0x7e, 0xf8,
    0x5e, 0xf8, 0x5e, 0xf8, 0x5e, 0xf8, 0x7e, 0xf8, 0x7e, 0xf8, 0x7e, 0xf8, 0x7e, 0xf8, 0x7e, 0xf8, 0x7e, 0xf8, 0x7e, 0xf8,
    0x5e, 0xf8, 0x7e, 0xf8, 0x7f, 0xf8, 0x7e, 0xf8, 0x7e, 0xf8, 0x7e, 0xf8, 0x5e, 0xf8, 0x5e, 0xf8, 0x7e, 0xf8, 0x7e, 0xf8,
    0x5e, 0xf8, 0x7e, 0xf8, 0x7e, 0xf8, 0x7e, 0xf8, 0x7e, 0xf8, 0x5e, 0xf8, 0x7e, 0xf8, 0x7e, 0xf8, 0x7e, 0xf8, 0x7e, 0xf8,
    0x5e, 0xf8, 0x7e, 0xf8, 0x7e, 0xf8, 0x7e, 0xf8, 0x7e, 0xf8, 0x5e, 0xf8, 0x1e, 0xf8, 0x1d, 0xf8, 0x3d, 0xf8, 0x3d, 0xf8,
    0x3e, 0xf8, 0x3f, 0xf9, 0x7f, 0xfb, 0x1f, 0xff, 0xdf, 0xfe, 0x38, 0xf8, 0x0c, 0xd0, 0x07, 0x78, 0x05, 0x58, 0x04, 0x40,
    0x02, 0x20, 0x01, 0x10, 0x00, 0x08, 0x00, 0x00, 0x00, 0x00, 0x00, 0x00, 0x00, 0x00, 0x00, 0x00, 0x00, 0x00, 0x00, 0x00,
    0x20, 0x00, 0x41, 0x00, 0x61, 0x00, 0x82, 0x00, 0xa3, 0x00, 0x05, 0x01, 0x67, 0x01, 0x0a, 0x02, 0xee, 0x02, 0x91, 0x03,
    0x97, 0x04, 0xfe, 0x06, 0xff, 0x07, 0xdf, 0x7f, 0xdf, 0xff, 0xdf, 0xef, 0xdf, 0x9f, 0xbf, 0x57, 0xbf, 0x1f, 0xdf, 0x07,
    0xdf, 0x07, 0xbf, 0x07, 0xbf, 0x07, 0xdf, 0x07, 0xbf, 0x07, 0x1e, 0x07, 0x1d, 0x06, 0x3a, 0x05, 0x98, 0x04, 0x56, 0x04,
    0x15, 0x04, 0x14, 0x04, 0xf3, 0x03, 0xd2, 0x03, 0xd2, 0x03, 0xb2, 0x03, 0xb2, 0x03, 0xb2, 0x03, 0xd3, 0x03, 0xd3, 0x03,
    0xf4, 0x03, 0x15, 0x04, 0x77, 0x04, 0xd9, 0x04, 0x9b, 0x05, 0x9d, 0x06, 0x7f, 0x07, 0xff, 0x07, 0xdf, 0x07, 0xbf, 0x07,
    0xbf, 0x07, 0xdf, 0x07, 0xdf, 0x0f, 0xdf, 0x37, 0xdf, 0x7f, 0xdf, 0xc7, 0xdf, 0xff, 0xdf, 0xc7, 0xdf, 0x1f, 0xbf, 0x07,
    0xbc, 0x05, 0x15, 0x04, 0x71, 0x03, 0xce, 0x02, 0x09, 0x02, 0x46, 0x01, 0x04, 0x01, 0xa3, 0x00, 0x82, 0x00, 0x41, 0x00,
    0x20, 0x00, 0x00, 0x00, 0x00, 0x00, 0x00, 0x00, 0x00, 0x00, 0x00, 0x00, 0x00, 0x00, 0x00, 0x00, 0x00, 0x00, 0x00, 0x00,
    0x00, 0x00, 0x00, 0x00, 0x00, 0x00, 0x00, 0x00, 0x00, 0x00, 0x00, 0x00, 0x00, 0x00, 0x00, 0x00, 0x00, 0x00, 0x00, 0x00,
    0x00, 0x00, 0x00, 0x00, 0x00, 0x00, 0x00, 0x00, 0x00, 0x00, 0x00, 0x00, 0x00, 0x00, 0x00, 0x00, 0x00, 0x00, 0x00, 0x08,
    0x01, 0x10, 0x02, 0x20, 0x03, 0x30, 0x04, 0x48, 0x06, 0x60, 0x08, 0x80, 0x0b, 0xc8, 0x14, 0xf8, 0x1f, 0xf5, 0x3f, 0xff,
    0xbf, 0xfb, 0xff, 0xf9, 0x1f, 0xf9, 0x7e, 0xf8, 0x7e, 0xf8, 0x7e, 0xf8, 0x7e, 0xf8, 0x7e, 0xf8, 0x7e, 0xf8, 0x5e, 0xf8,
    0x7e, 0xf8, 0x7e, 0xf8, 0x7f, 0xf8, 0x7f, 0xf8, 0x7f, 0xf8, 0x7f, 0xf8, 0x7e, 0xf8, 0x7e, 0xf8, 0x7e, 0xf8, 0x7e, 0xf8,
    0x7f, 0xf8, 0x7f, 0xf8, 0x7f, 0xf8, 0x9f, 0xf8, 0x9f, 0xf8, 0x7f, 0xf8, 0x7f, 0xf8, 0x7f, 0xf8, 0x7f, 0xf8, 0x7f, 0xf8,
    0x7f, 0xf8, 0x7f, 0xf8, 0x7e, 0xf8, 0x7f, 0xf8, 0x9f, 0xf8, 0x7f, 0xf8, 0x7f, 0xf8, 0x7e, 0xf8, 0x7f, 0xf8, 0x7f, 0xf8,
    0x7f, 0xf8, 0x9f, 0xf8, 0x9f, 0xf8, 0x9f, 0xf8, 0x9f, 0xf8, 0x7e, 0xf8, 0x7e, 0xf8, 0x7e, 0xf8, 0x7f, 0xf8, 0x7f, 0xf8,
    0x7e, 0xf8, 0x7e, 0xf8, 0x7f, 0xf8, 0x7e, 0xf8, 0x7e, 0xf8, 0x7e, 0xf8, 0x7e, 0xf8, 0x7f, 0xf8, 0x7e, 0xf8, 0x5e, 0xf8,
    0x5f, 0xf8, 0x7f, 0xf8, 0x7f, 0xf8, 0x7e, 0xf8, 0x7e, 0xf8, 0x7e, 0xf8, 0x7e, 0xf8, 0x7e, 0xf8, 0x7e, 0xf8, 0x7e, 0xf8,
    0xdf, 0xf8, 0x3f, 0xfa, 0x7f, 0xfc, 0xff, 0xff, 0x9e, 0xfc, 0x14, 0xf8, 0x0a, 0xc0, 0x06, 0x70, 0x05, 0x50, 0x03, 0x38,
    0x02, 0x20, 0x01, 0x10, 0x00, 0x08, 0x00, 0x00, 0x00, 0x00, 0x00, 0x00, 0x00, 0x00, 0x00, 0x00, 0x00, 0x00, 0x00, 0x00,
    0x00, 0x00, 0x20, 0x00, 0x41, 0x00, 0x61, 0x00, 0x82, 0x00, 0xc3, 0x00, 0x05, 0x01, 0x87, 0x01, 0x4b, 0x02, 0xee, 0x02,
    0x92, 0x03, 0x77, 0x04, 0xde, 0x06, 0xff, 0x07, 0xbf, 0x57, 0xdf, 0xef, 0xdf, 0xff, 0xdf, 0xbf, 0xdf, 0x77, 0xbf, 0x37,
    0xbf, 0x0f, 0xbf, 0x07, 0xbf, 0x07, 0xbf, 0x07, 0xbf, 0x07, 0xdf, 0x07, 0xff, 0x07, 0x9f, 0x07, 0x1e, 0x07, 0x5d, 0x06,
    0xdc, 0x05, 0x5b, 0x05, 0xf9, 0x04, 0xb8, 0x04, 0xb8, 0x04, 0x98, 0x04, 0x98, 0x04, 0xb8, 0x04, 0xd9, 0x04, 0x1a, 0x05,
    0x7b, 0x05, 0x1d, 0x06, 0xbe, 0x06, 0x5f, 0x07, 0xdf, 0x07, 0xff, 0x07, 0xdf, 0x07, 0xbf, 0x07, 0xbf, 0x07, 0xdf, 0x07,
    0xbf, 0x07, 0xdf, 0x1f, 0xdf, 0x57, 0xdf, 0x9f, 0xdf, 0xe7, 0xdf, 0xff, 0xbf, 0x9f, 0xff, 0x0f, 0x9f, 0x07, 0x7b, 0x05,
    0xf5, 0x03, 0x71, 0x03, 0xce, 0x02, 0x4b, 0x02, 0x87, 0x01, 0xe4, 0x00, 0xa3, 0x00, 0x82, 0x00, 0x41, 0x00, 0x21, 0x00,
    0x20, 0x00, 0x00, 0x00, 0x00, 0x00, 0x00, 0x00, 0x00, 0x00, 0x00, 0x00, 0x00, 0x00, 0x00, 0x00, 0x00, 0x00, 0x00, 0x00,
    0x00, 0x00, 0x00, 0x00, 0x00, 0x00, 0x00, 0x00, 0x00, 0x00, 0x00, 0x00, 0x00, 0x00, 0x00, 0x00, 0x00, 0x00, 0x00, 0x00,
    0x00, 0x00, 0x00, 0x00, 0x00, 0x00, 0x00, 0x00, 0x00, 0x00, 0x00, 0x00, 0x00, 0x00, 0x00, 0x00, 0x00, 0x00, 0x00, 0x08,
    0x01, 0x10, 0x01, 0x18, 0x02, 0x28, 0x04, 0x40, 0x05, 0x58, 0x07, 0x70, 0x09, 0xa0, 0x0f, 0xf0, 0x3c, 0xf9, 0x5f, 0xfe,
    0x9f, 0xfe, 0x9e, 0xfc, 0x7e, 0xfb, 0xfe, 0xfa, 0xde, 0xfa, 0xdf, 0xfa, 0xbf, 0xfa, 0xbf, 0xfa, 0xbf, 0xfa, 0x9f, 0xfa,
    0x9f, 0xfa, 0xbf, 0xfa, 0xbf, 0xfa, 0xbf, 0xfa, 0xbf, 0xfa, 0xbf, 0xfa, 0xdf, 0xfa, 0xbf, 0xfa, 0xbf, 0xfa, 0xdf, 0xfa,
    0xdf, 0xfa, 0xdf, 0xfa, 0xdf, 0xfa, 0xdf, 0xfa, 0xdf, 0xfa, 0xff, 0xfa, 0xdf, 0xfa, 0xbf, 0xfa, 0xbf, 0xfa, 0xdf, 0xfa,
    0xdf, 0xfa, 0xdf, 0xfa, 0xbe, 0xfa, 0xbf, 0xfa, 0xbf, 0xfa, 0xbf, 0xfa, 0xbf, 0xfa, 0xdf, 0xfa, 0xbf, 0xfa, 0xbf, 0xfa,
    0xdf, 0xfa, 0xdf, 0xfa, 0xdf, 0xfa, 0xbf, 0xfa, 0xbf, 0xfa, 0xbf, 0xfa, 0xbf, 0xfa, 0xbf, 0xfa, 0xbf, 0xfa, 0xbf, 0xfa,
    0xbf, 0xfa, 0xbf, 0xfa, 0xbf, 0xfa, 0xdf, 0xfa, 0xbf, 0xfa, 0xbf, 0xfa, 0xbf, 0xfa, 0xbf, 0xfa, 0x9f, 0xfa, 0x9f, 0xfa,
    0x9f, 0xfa, 0xdf, 0xfa, 0x9f, 0xfa, 0xbf, 0xfa, 0xbf, 0xfa, 0x9f, 0xfa, 0xbf, 0xfa, 0xbf, 0xfa, 0x9f, 0xfa, 0xbf, 0xfa,
    0x5f, 0xfb, 0xdf, 0xfc, 0x1f, 0xff, 0x7f, 0xfe, 0xda, 0xf8, 0x10, 0xf0, 0x08, 0x98, 0x06, 0x68, 0x04, 0x48, 0x03, 0x30,
    0x01, 0x18, 0x01, 0x10, 0x00, 0x08, 0x00, 0x00, 0x00, 0x00, 0x00, 0x00, 0x00, 0x00, 0x00, 0x00, 0x00, 0x00, 0x00, 0x00,
    0x00, 0x00, 0x20, 0x00, 0x20, 0x00, 0x41, 0x00, 0x61, 0x00, 0x82, 0x00, 0xc3, 0x00, 0x25, 0x01, 0xa7, 0x01, 0x2a, 0x02,
    0xce, 0x02, 0x71, 0x03, 0x36, 0x04, 0x7d, 0x06, 0xff, 0x07, 0xdf, 0x27, 0xdf, 0xbf, 0xdf, 0xff, 0xdf, 0xe7, 0xdf, 0x9f,
    0xbf, 0x5f, 0xbf, 0x2f, 0xbf, 0x0f, 0xbf, 0x07, 0xbf, 0x07, 0xbf, 0x07, 0xbf, 0x07, 0xdf, 0x07, 0xdf, 0x07, 0xdf, 0x07,
    0xff, 0x07, 0xbf, 0x07, 0x7f, 0x07, 0x5f, 0x07, 0x3e, 0x07, 0x1e, 0x07, 0x3e, 0x07, 0x3f, 0x07, 0x7f, 0x07, 0x9f, 0x07,
    0xdf, 0x07, 0xff, 0x07, 0xff, 0x07, 0xdf, 0x07, 0xbf, 0x07, 0xbf, 0x07, 0xbf, 0x07, 0xdf, 0x07, 0xdf, 0x07, 0xdf, 0x17,
    0xdf, 0x47, 0xdf, 0x7f, 0xdf, 0xc7, 0xdf, 0xff, 0xdf, 0xef, 0xbf, 0x5f, 0xff, 0x07, 0x1e, 0x07, 0x1a, 0x05, 0xd3, 0x03,
    0x50, 0x03, 0xad, 0x02, 0x0a, 0x02, 0xa7, 0x01, 0x25, 0x01, 0xc3, 0x00, 0x82, 0x00, 0x61, 0x00, 0x41, 0x00, 0x20, 0x00,
    0x00, 0x00, 0x00, 0x00, 0x00, 0x00, 0x00, 0x00, 0x00, 0x00, 0x00, 0x00, 0x00, 0x00, 0x00, 0x00, 0x00, 0x00, 0x00, 0x00,
    0x00, 0x00, 0x00, 0x00, 0x00, 0x00, 0x00, 0x00, 0x00, 0x00, 0x00, 0x00, 0x00, 0x00, 0x00, 0x00, 0x00, 0x00, 0x00, 0x00,
    0x00, 0x00, 0x00, 0x00, 0x00, 0x00, 0x00, 0x00, 0x00, 0x00, 0x00, 0x00, 0x00, 0x00, 0x00, 0x00, 0x00, 0x00, 0x00, 0x08,
    0x00, 0x08, 0x01, 0x10, 0x02, 0x20, 0x03, 0x38, 0x04, 0x48, 0x06, 0x60, 0x08, 0x80, 0x0b, 0xc8, 0x12, 0xf8, 0xdb, 0xf0,
    0x1e, 0xfc, 0x3f, 0xfd, 0xdf, 0xfc, 0xdf, 0xfc, 0xdf, 0xfc, 0xdf, 0xfc, 0xff, 0xfc, 0xff, 0xfc, 0xff, 0xfc, 0xff, 0xfc,
    0xdf, 0xfc, 0xff, 0xfc, 0x1f, 0xfd, 0x1f, 0xfd, 0xff, 0xfc, 0xff, 0xfc, 0x1f, 0xfd, 0x1f, 0xfd, 0xff, 0xfc, 0xff, 0xfc,
    0xdf, 0xfc, 0xdf, 0xfc, 0xff, 0xfc, 0xff, 0xfc, 0x1f, 0xfd, 0x3f, 0xfd, 0x3f, 0xfd, 0x1f, 0xfd, 0x1f, 0xfd, 0x1f, 0xfd,
    0x3f, 0xfd, 0x1f, 0xfd, 0xff, 0xfc, 0xff, 0xfc, 0xff, 0xfc, 0xff, 0xfc, 0x1f, 0xfd, 0x3f, 0xfd, 0x1f, 0xfd, 0x1f, 0xfd,
    0x1f, 0xfd, 0x1f, 0xfd, 0x1f, 0xfd, 0x1f, 0xfd, 0x1f, 0xfd, 0x1f, 0xfd, 0xff, 0xfc, 0xff, 0xfc, 0x1f, 0xfd, 0x1f, 0xfd,
    0x1f, 0xfd, 0x1f, 0xfd, 0xff, 0xfc, 0xff, 0xfc, 0xff, 0xfc, 0xff, 0xfc, 0xff, 0xfc, 0xff, 0xfc, 0xff, 0xfc, 0xdf, 0xfc,
    0xff, 0xfc, 0xff, 0xfc, 0xdf, 0xfc, 0xff, 0xfc, 0xdf, 0xfc, 0xbf, 0xfc, 0xdf, 0xfc, 0xbf, 0xfc, 0x9f, 0xfc, 0xbf, 0xfc,
    0x1f, 0xfd, 0x3f, 0xfd, 0xfe, 0xf3, 0xd9, 0xf8, 0x12, 0xf8, 0x0b, 0xc0, 0x07, 0x78, 0x05, 0x58, 0x03, 0x40, 0x02, 0x28,
    0x01, 0x18, 0x01, 0x08, 0x00, 0x08, 0x00, 0x00, 0x00, 0x00, 0x00, 0x00, 0x00, 0x00, 0x00, 0x00, 0x00, 0x00, 0x00, 0x00,
    0x00, 0x00, 0x00, 0x00, 0x00, 0x00, 0x20, 0x00, 0x41, 0x00, 0x62, 0x00, 0x82, 0x00, 0xc3, 0x00, 0x04, 0x01, 0x66, 0x01,
    0x09, 0x02, 0xad, 0x02, 0x50, 0x03, 0x15, 0x04, 0xbb, 0x05, 0x9f, 0x07, 0xff, 0x07, 0xdf, 0x7f, 0xdf, 0xf7, 0xdf, 0xff,
    0xdf, 0xd7, 0xdf, 0x97, 0xbf, 0x5f, 0xbf, 0x2f, 0xbf, 0x17, 0xbf, 0x07, 0xbf, 0x07, 0xbf, 0x07, 0xbf, 0x07, 0xbf, 0x07,
    0xbf, 0x07, 0xbf, 0x07, 0xbf, 0x07, 0xdf, 0x07, 0xdf, 0x07, 0xdf, 0x07, 0xdf, 0x07, 0xdf, 0x07, 0xdf, 0x07, 0xbf, 0x07,
    0xbf, 0x07, 0xbf, 0x07, 0xbf, 0x07, 0xbf, 0x07, 0xdf, 0x07, 0xdf, 0x07, 0xdf, 0x0f, 0xdf, 0x1f, 0xdf, 0x3f, 0xdf, 0x6f,
    0xdf, 0xb7, 0xdf, 0xf7, 0xdf, 0xff, 0xdf, 0xaf, 0xdf, 0x27, 0xff, 0x07, 0x9d, 0x06, 0x98, 0x04, 0xd3, 0x03, 0x2f, 0x03,
    0x8c, 0x02, 0x0a, 0x02, 0x66, 0x01, 0x05, 0x01, 0xc3, 0x00, 0x82, 0x00, 0x61, 0x00, 0x41, 0x00, 0x20, 0x00, 0x00, 0x00,
    0x00, 0x00, 0x00, 0x00, 0x00, 0x00, 0x00, 0x00, 0x00, 0x00, 0x00, 0x00, 0x00, 0x00, 0x00, 0x00, 0x00, 0x00, 0x00, 0x00,
    0x00, 0x00, 0x00, 0x00, 0x00, 0x00, 0x00, 0x00, 0x00, 0x00, 0x00, 0x00, 0x00, 0x00, 0x00, 0x00, 0x00, 0x00, 0x00, 0x00,
    0x00, 0x00, 0x00, 0x00, 0x00, 0x00, 0x00, 0x00, 0x00, 0x00, 0x00, 0x00, 0x00, 0x00, 0x00, 0x00, 0x00, 0x00, 0x00, 0x00,
    0x00, 0x08, 0x01, 0x10, 0x01, 0x18, 0x02, 0x30, 0x03, 0x40, 0x05, 0x50, 0x07, 0x70, 0x09, 0x88, 0x0b, 0xb8, 0x0f, 0xe8,
    0x15, 0xf8, 0x38, 0xf8, 0x58, 0xf8, 0x78, 0xf8, 0x78, 0xf8, 0x78, 0xf8, 0x78, 0xf8, 0x78, 0xf8, 0x78, 0xf8, 0x79, 0xf8,
    0x79, 0xf8, 0x79, 0xf8, 0x78, 0xf8, 0x78, 0xf8, 0x79, 0xf8, 0x79, 0xf8, 0x78, 0xf8, 0x78, 0xf8, 0x78, 0xf8, 0x79, 0xf8,
    0x79, 0xf8, 0x78, 0xf8, 0x78, 0xf8, 0x78, 0xf8, 0x78, 0xf8, 0x78, 0xf8, 0x78, 0xf8, 0x78, 0xf8, 0x78, 0xf8, 0x78, 0xf8,
    0x78, 0xf8, 0x78, 0xf8, 0x79, 0xf8, 0x79, 0xf8, 0x79, 0xf8, 0x79, 0xf8, 0x78, 0xf8, 0x78, 0xf8, 0x78, 0xf8, 0x98, 0xf8,
    0x78, 0xf8, 0x78, 0xf8, 0x78, 0xf8, 0x99, 0xf8, 0x79, 0xf8, 0x99, 0xf8, 0x79, 0xf8, 0x78, 0xf8, 0x78, 0xf8, 0x78, 0xf8,
    0x78, 0xf8, 0x78, 0xf8, 0x78, 0xf8, 0x78, 0xf8, 0x78, 0xf8, 0x78, 0xf8, 0x78, 0xf8, 0x78, 0xf8, 0x78, 0xf8, 0x78, 0xf8,
    0x78, 0xf8, 0x78, 0xf8, 0x78, 0xf8, 0x78, 0xf8, 0x78, 0xf8, 0x78, 0xf8, 0x78, 0xf8, 0x78, 0xf8, 0x77, 0xf8, 0x78, 0xf8,
    0x78, 0xf8, 0x37, 0xf8, 0x14, 0xf8, 0x0f, 0xe8, 0x0a, 0xb8, 0x08, 0x80, 0x06, 0x68, 0x04, 0x48, 0x03, 0x30, 0x02, 0x20,
    0x01, 0x10, 0x00, 0x08, 0x00, 0x08, 0x00, 0x00, 0x00, 0x00, 0x00, 0x00, 0x00, 0x00, 0x00, 0x00, 0x00, 0x00, 0x00, 0x00,
    0x00, 0x00, 0x00, 0x00, 0x00, 0x00, 0x20, 0x00, 0x20, 0x00, 0x41, 0x00, 0x61, 0x00, 0x82, 0x00, 0xc3, 0x00, 0x04, 0x01,
    0x66, 0x01, 0x09, 0x02, 0x8c, 0x02, 0x50, 0x03, 0xd3, 0x03, 0xf9, 0x04, 0xfe, 0x06, 0xff, 0x07, 0xdf, 0x2f, 0xdf, 0xaf,
    0xdf, 0xff, 0xdf, 0xff, 0xdf, 0xd7, 0xdf, 0x9f, 0xbf, 0x6f, 0xdf, 0x47, 0xbf, 0x27, 0xbf, 0x17, 0xbf, 0x07, 0xbf, 0x07,
    0xbf, 0x07, 0xbf, 0x07, 0xbf, 0x07, 0xbf, 0x07, 0xbf, 0x07, 0xbf, 0x07, 0xbf, 0x07, 0xbf, 0x07, 0xbf, 0x07, 0xbf, 0x07,
    0xbf, 0x07, 0xbf, 0x07, 0xbf, 0x07, 0xbf, 0x0f, 0xdf, 0x1f, 0xdf, 0x37, 0xdf, 0x57, 0xdf, 0x87, 0xdf, 0xb7, 0xdf, 0xef,
    0xdf, 0xff, 0xdf, 0xcf, 0xbf, 0x4f, 0xff, 0x07, 0x7f, 0x07, 0xbc, 0x05, 0x56, 0x04, 0x92, 0x03, 0x0f, 0x03, 0x8c, 0x02,
    0x0a, 0x02, 0x87, 0x01, 0x04, 0x01, 0xc3, 0x00, 0x82, 0x00, 0x61, 0x00, 0x41, 0x00, 0x20, 0x00, 0x00, 0x00, 0x00, 0x00,
    0x00, 0x00, 0x00, 0x00, 0x00, 0x00, 0x00, 0x00, 0x00, 0x00, 0x00, 0x00, 0x00, 0x00, 0x00, 0x00, 0x00, 0x00, 0x00, 0x00,
    0x00, 0x00, 0x00, 0x00, 0x00, 0x00, 0x00, 0x00, 0x00, 0x00, 0x00, 0x00, 0x00, 0x00, 0x00, 0x00, 0x00, 0x00, 0x00, 0x00,
    0x00, 0x00, 0x00, 0x00, 0x00, 0x00, 0x00, 0x00, 0x00, 0x00, 0x00, 0x00, 0x00, 0x00, 0x00, 0x00, 0x00, 0x00, 0x00, 0x00,
    0x00, 0x08, 0x00, 0x08, 0x01, 0x10, 0x02, 0x20, 0x02, 0x30, 0x04, 0x40, 0x05, 0x50, 0x06, 0x68, 0x08, 0x80, 0x09, 0x98,
    0x0b, 0xc0, 0x0d, 0xd0, 0x0e, 0xd8, 0x0f, 0xe0, 0x0f, 0xe0, 0x0f, 0xe0, 0x0f, 0xe0, 0x0e, 0xe0, 0x0f, 0xe0, 0x0f, 0xe0,
    0x0f, 0xe0, 0x0f, 0xe0, 0x0f, 0xe0, 0x0f, 0xe0, 0x0e, 0xe0, 0x0e, 0xe0, 0x0e, 0xe0, 0x0e, 0xe0, 0x0e, 0xe0, 0x0f, 0xe0,
    0x0f, 0xe0, 0x0f, 0xe0, 0x0f, 0xe0, 0x0f, 0xe0, 0x0e, 0xe0, 0x0e, 0xe0, 0x0f, 0xe0, 0x0f, 0xe0, 0x0f, 0xe0, 0x0f, 0xe0,
    0x0f, 0xe0, 0x0f, 0xe0, 0x0f, 0xe0, 0x0f, 0xe0, 0x0f, 0xe8, 0x0f, 0xe0, 0x0f, 0xe0, 0x0e, 0xe0, 0x0e, 0xe0, 0x0e, 0xe0,
    0x0e, 0xe0, 0x0f, 0xe0, 0x0f, 0xe0, 0x0f, 0xe0, 0x0f, 0xe0, 0x0f, 0xe0, 0x0f, 0xe0, 0x0f, 0xe0, 0x0f, 0xe0, 0x0e, 0xe0,
    0x0e, 0xe0, 0x0e, 0xe0, 0x0f, 0xe0, 0x0f, 0xe0, 0x0f, 0xe0, 0x0f, 0xe0, 0x0f, 0xe0, 0x0e, 0xe0, 0x0e, 0xe0, 0x0e, 0xe0,
    0x0e, 0xe0, 0x0e, 0xe0, 0x0f, 0xe0, 0x0f, 0xe0, 0x0e, 0xe0, 0x0e, 0xe0, 0x0e, 0xe0, 0x0e, 0xe0, 0x0e, 0xe0, 0x0e, 0xe0,
    0x0e, 0xd8, 0x0c, 0xd0, 0x2b, 0xc0, 0x09, 0x98, 0x07, 0x78, 0x06, 0x60, 0x04, 0x50, 0x03, 0x38, 0x02, 0x28, 0x01, 0x18,
    0x01, 0x10, 0x00, 0x08, 0x00, 0x00, 0x00, 0x00, 0x00, 0x00, 0x00, 0x00, 0x00, 0x00, 0x00, 0x00, 0x00, 0x00, 0x00, 0x00,
    0x00, 0x00, 0x00, 0x00, 0x00, 0x00, 0x00, 0x00, 0x00, 0x00, 0x20, 0x00, 0x41, 0x00, 0x61, 0x00, 0x82, 0x00, 0xa2, 0x00,
    0xc3, 0x00, 0x25, 0x01, 0x87, 0x01, 0x4b, 0x02, 0xee, 0x02, 0x91, 0x03, 0x56, 0x04, 0xfc, 0x05, 0x7f, 0x07, 0xff, 0x07,
    0xdf, 0x37, 0xbf, 0xa7, 0xdf, 0xff, 0xdf, 0xff, 0xdf, 0xef, 0xdf, 0xbf, 0xdf, 0x97, 0xbf, 0x6f, 0xbf, 0x57, 0xdf, 0x3f,
    0xbf, 0x2f, 0xbf, 0x1f, 0xdf, 0x17, 0xbf, 0x17, 0xbf, 0x0f, 0xbf, 0x17, 0xbf, 0x0f, 0xdf, 0x17, 0xbf, 0x17, 0xdf, 0x1f,
    0xdf, 0x27, 0xdf, 0x37, 0xbf, 0x47, 0xdf, 0x5f, 0xdf, 0x7f, 0xdf, 0xa7, 0xdf, 0xd7, 0xdf, 0xff, 0xdf, 0xff, 0xbf, 0xc7,
    0xdf, 0x57, 0xff, 0x07, 0xbf, 0x07, 0x7d, 0x06, 0xb8, 0x04, 0xd3, 0x03, 0x50, 0x03, 0xad, 0x02, 0x2a, 0x02, 0xa7, 0x01,
    0x46, 0x01, 0xe4, 0x00, 0xa2, 0x00, 0x82, 0x00, 0x61, 0x00, 0x41, 0x00, 0x20, 0x00, 0x00, 0x00, 0x00, 0x00, 0x00, 0x00,
    0x00, 0x00, 0x00, 0x00, 0x00, 0x00, 0x00, 0x00, 0x00, 0x00, 0x00, 0x00, 0x00, 0x00, 0x00, 0x00, 0x00, 0x00, 0x00, 0x00,
    0x00, 0x00, 0x00, 0x00, 0x00, 0x00, 0x00, 0x00, 0x00, 0x00, 0x00, 0x00, 0x00, 0x00, 0x00, 0x00, 0x00, 0x00, 0x00, 0x00,
    0x00, 0x00, 0x00, 0x00, 0x00, 0x00, 0x00, 0x00, 0x00, 0x00, 0x00, 0x00, 0x00, 0x00, 0x00, 0x00, 0x00, 0x00, 0x00, 0x00,
    0x00, 0x00, 0x00, 0x08, 0x01, 0x10, 0x01, 0x18, 0x02, 0x20, 0x03, 0x30, 0x04, 0x40, 0x04, 0x48, 0x06, 0x60, 0x07, 0x70,
    0x07, 0x78, 0x07, 0x80, 0x08, 0x88, 0x08, 0x90, 0x09, 0x98, 0x09, 0x98, 0x09, 0x98, 0x09, 0x98, 0x09, 0x98, 0x09, 0x98,
    0x09, 0x98, 0x09, 0x98, 0x09, 0x98, 0x09, 0x98, 0x09, 0x98, 0x09, 0x98, 0x09, 0x98, 0x09, 0x98, 0x08, 0x98, 0x09, 0x98,
    0x09, 0x98, 0x09, 0x98, 0x09, 0x98, 0x09, 0x98, 0x09, 0x98, 0x09, 0x98, 0x09, 0x98, 0x09, 0x98, 0x09, 0x98, 0x09, 0x98,
    0x09, 0x98, 0x09, 0x98, 0x09, 0x98, 0x09, 0x98, 0x09, 0x98, 0x09, 0x98, 0x09, 0x98, 0x09, 0x98, 0x09, 0x98, 0x08, 0x98,
    0x09, 0x98, 0x09, 0x98, 0x09, 0x98, 0x09, 0x98, 0x09, 0x98, 0x09, 0x98, 0x09, 0x98, 0x09, 0x98, 0x09, 0x98, 0x09, 0x98,
    0x09, 0x98, 0x09, 0x98, 0x09, 0x98, 0x09, 0x98, 0x09, 0x98, 0x09, 0x98, 0x09, 0x98, 0x09, 0x98, 0x09, 0x98, 0x09, 0x98,
    0x09, 0x98, 0x09, 0x98, 0x09, 0x98, 0x09, 0x98, 0x08, 0x98, 0x08, 0x98, 0x09, 0x98, 0x09, 0x98, 0x08, 0x90, 0x08, 0x90,
    0x08, 0x88, 0x07, 0x80, 0x07, 0x78, 0x06, 0x68, 0x05, 0x60, 0x04, 0x50, 0x03, 0x40, 0x03, 0x30, 0x02, 0x20, 0x01, 0x10,
    0x00, 0x08, 0x00, 0x08, 0x00, 0x00, 0x00, 0x00, 0x00, 0x00, 0x00, 0x00, 0x00, 0x00, 0x00, 0x00, 0x00, 0x00, 0x00, 0x00,
    0x00, 0x00, 0x00, 0x00, 0x00, 0x00, 0x00, 0x00, 0x00, 0x00, 0x00, 0x00, 0x20, 0x00, 0x41, 0x00, 0x41, 0x00, 0x61, 0x00,
    0x82, 0x00, 0xc3, 0x00, 0x04, 0x01, 0xa7, 0x01, 0x2a, 0x02, 0xcd, 0x02, 0x90, 0x03, 0xf4, 0x03, 0xb8, 0x04, 0x3c, 0x06,
    0x7f, 0x07, 0xff, 0x07, 0xff, 0x2f, 0xdf, 0x8f, 0xdf, 0xdf, 0xdf, 0xff, 0xdf, 0xff, 0xdf, 0xf7, 0xdf, 0xd7, 0xdf, 0xbf,
    0xdf, 0x9f, 0xdf, 0x8f, 0xdf, 0x87, 0xdf, 0x77, 0xbf, 0x77, 0xdf, 0x6f, 0xdf, 0x6f, 0xbf, 0x77, 0xdf, 0x7f, 0xdf, 0x87,
    0xdf, 0x97, 0xdf, 0xaf, 0xdf, 0xc7, 0xdf, 0xe7, 0xdf, 0xff, 0xdf, 0xff, 0xdf, 0xe7, 0xdf, 0x9f, 0xdf, 0x47, 0xff, 0x07,
    0xbf, 0x07, 0xbd, 0x06, 0x3a, 0x05, 0x15, 0x04, 0x91, 0x03, 0x0f, 0x03, 0x8c, 0x02, 0xe9, 0x01, 0x87, 0x01, 0x05, 0x01,
    0xc3, 0x00, 0x82, 0x00, 0x61, 0x00, 0x41, 0x00, 0x40, 0x00, 0x20, 0x00, 0x00, 0x00, 0x00, 0x00, 0x00, 0x00, 0x00, 0x00,
    0x00, 0x00, 0x00, 0x00, 0x00, 0x00, 0x00, 0x00, 0x00, 0x00, 0x00, 0x00, 0x00, 0x00, 0x00, 0x00, 0x00, 0x00, 0x00, 0x00,
    0x00, 0x00, 0x00, 0x00, 0x00, 0x00, 0x00, 0x00, 0x00, 0x00, 0x00, 0x00, 0x00, 0x00, 0x00, 0x00, 0x00, 0x00, 0x00, 0x00,
    0x00, 0x00, 0x00, 0x00, 0x00, 0x00, 0x00, 0x00, 0x00, 0x00, 0x00, 0x00, 0x00, 0x00, 0x00, 0x00, 0x00, 0x00, 0x00, 0x00,
    0x00, 0x00, 0x00, 0x08, 0x00, 0x08, 0x01, 0x10, 0x01, 0x18, 0x02, 0x20, 0x02, 0x30, 0x03, 0x38, 0x04, 0x48, 0x05, 0x50,
    0x05, 0x58, 0x06, 0x60, 0x06, 0x68, 0x06, 0x68, 0x06, 0x70, 0x06, 0x70, 0x07, 0x70, 0x07, 0x78, 0x07, 0x78, 0x07, 0x70,
    0x07, 0x70, 0x07, 0x70, 0x07, 0x70, 0x06, 0x70, 0x07, 0x70, 0x07, 0x70, 0x06, 0x70, 0x06, 0x70, 0x06, 0x70, 0x06, 0x70,
    0x07, 0x70, 0x06, 0x70, 0x06, 0x70, 0x06, 0x70, 0x07, 0x70, 0x07, 0x70, 0x07, 0x70, 0x07, 0x70, 0x07, 0x70, 0x07, 0x70,
    0x07, 0x70, 0x07, 0x70, 0x07, 0x70, 0x07, 0x70, 0x07, 0x70, 0x07, 0x70, 0x07, 0x70, 0x07, 0x70, 0x07, 0x70, 0x06, 0x70,
    0x06, 0x70, 0x06, 0x70, 0x06, 0x70, 0x06, 0x70, 0x06, 0x70, 0x07, 0x70, 0x06, 0x70, 0x06, 0x70, 0x06, 0x70, 0x06, 0x70,
    0x06, 0x70, 0x06, 0x70, 0x06, 0x70, 0x06, 0x70, 0x07, 0x70, 0x07, 0x70, 0x07, 0x70, 0x07, 0x70, 0x07, 0x70, 0x07, 0x70,
    0x07, 0x70, 0x07, 0x70, 0x07, 0x70, 0x06, 0x70, 0x06, 0x70, 0x06, 0x70, 0x06, 0x70, 0x06, 0x70, 0x06, 0x70, 0x06, 0x68,
    0x06, 0x60, 0x05, 0x60, 0x05, 0x58, 0x04, 0x50, 0x04, 0x48, 0x03, 0x38, 0x02, 0x28, 0x02, 0x20, 0x01, 0x10, 0x00, 0x08,
    0x00, 0x08, 0x00, 0x00, 0x00, 0x00, 0x00, 0x00, 0x00, 0x00, 0x00, 0x00, 0x00, 0x00, 0x00, 0x00, 0x00, 0x00, 0x00, 0x00,
    0x00, 0x00, 0x00, 0x00, 0x00, 0x00, 0x00, 0x00, 0x00, 0x00, 0x00, 0x00, 0x20, 0x00, 0x20, 0x00, 0x40, 0x00, 0x41, 0x00,
    0x61, 0x00, 0x82, 0x00, 0xa3, 0x00, 0x25, 0x01, 0x66, 0x01, 0x09, 0x02, 0xac, 0x02, 0x0e, 0x03, 0x70, 0x03, 0xd3, 0x03,
    0xb8, 0x04, 0x1c, 0x06, 0x5f, 0x07, 0xff, 0x07, 0xff, 0x0f, 0xdf, 0x3f, 0xdf, 0x87, 0xdf, 0xc7, 0xdf, 0xef, 0xdf, 0xff,
    0xdf, 0xff, 0xdf, 0xff, 0xdf, 0xff, 0xdf, 0xff, 0xdf, 0xf7, 0xdf, 0xf7, 0xdf, 0xf7, 0xdf, 0xf7, 0xdf, 0xff, 0xdf, 0xff,
    0xdf, 0xff, 0xdf, 0xff, 0xdf, 0xef, 0xbf, 0xcf, 0xdf, 0x8f, 0xdf, 0x4f, 0xff, 0x0f, 0xff, 0x07, 0x7f, 0x07, 0x7d, 0x06,
    0x19, 0x05, 0x15, 0x04, 0x92, 0x03, 0x2f, 0x03, 0xad, 0x02, 0x4b, 0x02, 0xc8, 0x01, 0x46, 0x01, 0x05, 0x01, 0xc3, 0x00,
    0x82, 0x00, 0x61, 0x00, 0x41, 0x00, 0x20, 0x00, 0x20, 0x00, 0x00, 0x00, 0x00, 0x00, 0x00, 0x00, 0x00, 0x00, 0x00, 0x00,
    0x00, 0x00, 0x00, 0x00, 0x00, 0x00, 0x00, 0x00, 0x00, 0x00, 0x00, 0x00, 0x00, 0x00, 0x00, 0x00, 0x00, 0x00, 0x00, 0x00,
    0x00, 0x00, 0x00, 0x00, 0x00, 0x00, 0x00, 0x00, 0x00, 0x00, 0x00, 0x00, 0x00, 0x00, 0x00, 0x00, 0x00, 0x00, 0x00, 0x00,
    0x00, 0x00, 0x00, 0x00, 0x00, 0x00, 0x00, 0x00, 0x00, 0x00, 0x00, 0x00, 0x00, 0x00, 0x00, 0x00, 0x00, 0x00, 0x00, 0x00,
    0x00, 0x00, 0x00, 0x00, 0x00, 0x08, 0x00, 0x08, 0x00, 0x08, 0x01, 0x10, 0x01, 0x18, 0x02, 0x20, 0x02, 0x30, 0x03, 0x38,
    0x03, 0x40, 0x04, 0x40, 0x04, 0x48, 0x04, 0x48, 0x04, 0x48, 0x05, 0x50, 0x05, 0x50, 0x05, 0x50, 0x05, 0x50, 0x05, 0x50,
    0x04, 0x50, 0x04, 0x50, 0x04, 0x50, 0x05, 0x50, 0x05, 0x50, 0x05, 0x50, 0x04, 0x50, 0x04, 0x50, 0x04, 0x50, 0x05, 0x50,
    0x04, 0x50, 0x04, 0x50, 0x04, 0x50, 0x04, 0x50, 0x04, 0x50, 0x05, 0x50, 0x04, 0x50, 0x04, 0x50, 0x04, 0x50, 0x04, 0x50,
    0x04, 0x50, 0x05, 0x50, 0x05, 0x50, 0x05, 0x50, 0x05, 0x50, 0x05, 0x50, 0x05, 0x50, 0x05, 0x50, 0x05, 0x50, 0x04, 0x50,
    0x04, 0x50, 0x04, 0x50, 0x04, 0x50, 0x04, 0x50, 0x04, 0x50, 0x04, 0x50, 0x04, 0x50, 0x04, 0x48, 0x04, 0x48, 0x04, 0x50,
    0x04, 0x50, 0x04, 0x50, 0x04, 0x50, 0x04, 0x50, 0x04, 0x50, 0x04, 0x50, 0x04, 0x50, 0x04, 0x50, 0x04, 0x50, 0x05, 0x50,
    0x04, 0x50, 0x05, 0x50, 0x05, 0x50, 0x04, 0x50, 0x04, 0x50, 0x04, 0x50, 0x04, 0x50, 0x04, 0x50, 0x04, 0x48, 0x04, 0x48,
    0x04, 0x48, 0x04, 0x48, 0x03, 0x40, 0x03, 0x38, 0x02, 0x30, 0x02, 0x20, 0x01, 0x18, 0x01, 0x10, 0x00, 0x08, 0x00, 0x08,
    0x00, 0x00, 0x00, 0x00, 0x00, 0x00, 0x00, 0x00, 0x00, 0x00, 0x00, 0x00, 0x00, 0x00, 0x00, 0x00, 0x00, 0x00, 0x00, 0x00,
    0x00, 0x00, 0x00, 0x00, 0x00, 0x00, 0x00, 0x00, 0x00, 0x00, 0x00, 0x00, 0x00, 0x00, 0x00, 0x00, 0x20, 0x00, 0x20, 0x00,
    0x41, 0x00, 0x61, 0x00, 0x82, 0x00, 0xa3, 0x00, 0xe4, 0x00, 0x25, 0x01, 0xa7, 0x01, 0xe9, 0x01, 0x6b, 0x02, 0xee, 0x02,
    0x50, 0x03, 0xd3, 0x03, 0x97, 0x04, 0x7a, 0x05, 0x9d, 0x06, 0x5e, 0x07, 0xdf, 0x07, 0xff, 0x07, 0xff, 0x17, 0xdf, 0x37,
    0xff, 0x5f, 0xdf, 0x7f, 0xdf, 0x97, 0xdf, 0xaf, 0xdf, 0xbf, 0xdf, 0xbf, 0xdf, 0xbf, 0xdf, 0xb7, 0xdf, 0x9f, 0xdf, 0x87,
    0xdf, 0x67, 0xdf, 0x3f, 0xff, 0x1f, 0xff, 0x07, 0xdf, 0x07, 0x7f, 0x07, 0xdd, 0x06, 0xbb, 0x05, 0xb8, 0x04, 0xf4, 0x03,
    0x91, 0x03, 0x2f, 0x03, 0xac, 0x02, 0x4b, 0x02, 0xe9, 0x01, 0x87, 0x01, 0x25, 0x01, 0xc3, 0x00, 0xa2, 0x00, 0x82, 0x00,
    0x41, 0x00, 0x40, 0x00, 0x20, 0x00, 0x20, 0x00, 0x00, 0x00, 0x00, 0x00, 0x00, 0x00, 0x00, 0x00, 0x00, 0x00, 0x00, 0x00,
    0x00, 0x00, 0x00, 0x00, 0x00, 0x00, 0x00, 0x00, 0x00, 0x00, 0x00, 0x00, 0x00, 0x00, 0x00, 0x00, 0x00, 0x00, 0x00, 0x00,
    0x00, 0x00, 0x00, 0x00, 0x00, 0x00, 0x00, 0x00, 0x00, 0x00, 0x00, 0x00, 0x00, 0x00, 0x00, 0x00, 0x00, 0x00, 0x00, 0x00,
    0x00, 0x00, 0x00, 0x00, 0x00, 0x00, 0x00, 0x00, 0x00, 0x00, 0x00, 0x00, 0x00, 0x00, 0x00, 0x00, 0x00, 0x00, 0x00, 0x00,
    0x00, 0x00, 0x00, 0x00, 0x00, 0x00, 0x00, 0x00, 0x00, 0x08, 0x00, 0x08, 0x01, 0x10, 0x01, 0x18, 0x01, 0x20, 0x02, 0x20,
    0x02, 0x28, 0x02, 0x30, 0x03, 0x30, 0x03, 0x30, 0x03, 0x30, 0x03, 0x38, 0x03, 0x40, 0x03, 0x40, 0x03, 0x38, 0x03, 0x38,
    0x03, 0x38, 0x03, 0x38, 0x03, 0x38, 0x03, 0x38, 0x03, 0x38, 0x03, 0x38, 0x03, 0x38, 0x03, 0x38, 0x03, 0x38, 0x03, 0x38,
    0x03, 0x38, 0x03, 0x38, 0x03, 0x38, 0x03, 0x38, 0x03, 0x38, 0x03, 0x38, 0x03, 0x38, 0x03, 0x38, 0x03, 0x38, 0x03, 0x38,
    0x03, 0x38, 0x03, 0x38, 0x03, 0x38, 0x03, 0x38, 0x03, 0x38, 0x03, 0x38, 0x03, 0x38, 0x03, 0x38, 0x03, 0x38, 0x03, 0x38,
    0x03, 0x38, 0x03, 0x38, 0x03, 0x38, 0x03, 0x38, 0x03, 0x38, 0x03, 0x38, 0x03, 0x38, 0x03, 0x38, 0x03, 0x38, 0x03, 0x38,
    0x03, 0x38, 0x03, 0x38, 0x03, 0x38, 0x03, 0x38, 0x03, 0x38, 0x03, 0x38, 0x03, 0x38, 0x03, 0x38, 0x03, 0x38, 0x03, 0x38,
    0x03, 0x38, 0x03, 0x38, 0x03, 0x38, 0x03, 0x38, 0x03, 0x38, 0x03, 0x38, 0x03, 0x38, 0x03, 0x38, 0x03, 0x38, 0x03, 0x38,
    0x03, 0x38, 0x03, 0x30, 0x02, 0x28, 0x02, 0x20, 0x01, 0x18, 0x01, 0x10, 0x01, 0x10, 0x00, 0x08, 0x00, 0x08, 0x00, 0x00,
    0x00, 0x00, 0x00, 0x00, 0x00, 0x00, 0x00, 0x00, 0x00, 0x00, 0x00, 0x00, 0x00, 0x00, 0x00, 0x00, 0x00, 0x00, 0x00, 0x00,
    0x00, 0x00, 0x00, 0x00, 0x00, 0x00, 0x00, 0x00, 0x00, 0x00, 0x00, 0x00, 0x00, 0x00, 0x00, 0x00, 0x00, 0x00, 0x20, 0x00,
    0x20, 0x00, 0x41, 0x00, 0x41, 0x00, 0x82, 0x00, 0xa2, 0x00, 0xc3, 0x00, 0x05, 0x01, 0x46, 0x01, 0xc8, 0x01, 0x2a, 0x02,
    0x8c, 0x02, 0x0e, 0x03, 0x50, 0x03, 0x92, 0x03, 0xf4, 0x03, 0x97, 0x04, 0x5a, 0x05, 0x1c, 0x06, 0xbd, 0x06, 0x3e, 0x07,
    0x9f, 0x07, 0xbf, 0x07, 0xdf, 0x07, 0xff, 0x07, 0xff, 0x07, 0xff, 0x07, 0xff, 0x07, 0xff, 0x07, 0xff, 0x07, 0xdf, 0x07,
    0x9f, 0x07, 0x5e, 0x07, 0xdd, 0x06, 0x3c, 0x06, 0x5a, 0x05, 0xb7, 0x04, 0x15, 0x04, 0xb3, 0x03, 0x71, 0x03, 0x0f, 0x03,
    0xcd, 0x02, 0x6b, 0x02, 0xe9, 0x01, 0xa7, 0x01, 0x46, 0x01, 0x04, 0x01, 0xc3, 0x00, 0xa2, 0x00, 0x61, 0x00, 0x41, 0x00,
    0x40, 0x00, 0x20, 0x00, 0x00, 0x00, 0x00, 0x00, 0x00, 0x00, 0x00, 0x00, 0x00, 0x00, 0x00, 0x00, 0x00, 0x00, 0x00, 0x00,
    0x00, 0x00, 0x00, 0x00, 0x00, 0x00, 0x00, 0x00, 0x00, 0x00, 0x00, 0x00, 0x00, 0x00, 0x00, 0x00, 0x00, 0x00, 0x00, 0x00,
    0x00, 0x00, 0x00, 0x00, 0x00, 0x00, 0x00, 0x00, 0x00, 0x00, 0x00, 0x00, 0x00, 0x00, 0x00, 0x00, 0x00, 0x00, 0x00, 0x00,
    0x00, 0x00, 0x00, 0x00, 0x00, 0x00, 0x00, 0x00, 0x00, 0x00, 0x00, 0x00, 0x00, 0x00, 0x00, 0x00, 0x00, 0x00, 0x00, 0x00,
    0x00, 0x00, 0x00, 0x00, 0x00, 0x00, 0x00, 0x00, 0x00, 0x00, 0x00, 0x08, 0x00, 0x08, 0x00, 0x10, 0x01, 0x10, 0x01, 0x10,
    0x01, 0x18, 0x01, 0x18, 0x01, 0x20, 0x02, 0x20, 0x02, 0x20, 0x02, 0x20, 0x02, 0x20, 0x02, 0x28, 0x02, 0x20, 0x02, 0x20,
    0x02, 0x20, 0x02, 0x28, 0x02, 0x28, 0x02, 0x28, 0x02, 0x28, 0x02, 0x28, 0x02, 0x20, 0x02, 0x20, 0x02, 0x20, 0x02, 0x20,
    0x02, 0x20, 0x02, 0x20, 0x02, 0x20, 0x02, 0x20, 0x02, 0x20, 0x02, 0x20, 0x02, 0x20, 0x02, 0x20, 0x02, 0x20, 0x02, 0x20,
    0x02, 0x20, 0x02, 0x20, 0x02, 0x20, 0x02, 0x20, 0x02, 0x20, 0x02, 0x20, 0x02, 0x20, 0x02, 0x20, 0x02, 0x20, 0x02, 0x20,
    0x02, 0x20, 0x02, 0x20, 0x02, 0x20, 0x02, 0x20, 0x02, 0x20, 0x02, 0x20, 0x02, 0x20, 0x02, 0x20, 0x02, 0x20, 0x02, 0x20,
    0x02, 0x20, 0x02, 0x20, 0x02, 0x20, 0x02, 0x20, 0x02, 0x20, 0x02, 0x28, 0x02, 0x20, 0x02, 0x20, 0x02, 0x20, 0x02, 0x20,
    0x02, 0x20, 0x02, 0x20, 0x02, 0x20, 0x02, 0x28, 0x02, 0x28, 0x02, 0x28, 0x02, 0x28, 0x02, 0x28, 0x02, 0x20, 0x02, 0x20,
    0x02, 0x20, 0x01, 0x20, 0x01, 0x18, 0x01, 0x18, 0x01, 0x10, 0x00, 0x08, 0x00, 0x08, 0x00, 0x08, 0x00, 0x00, 0x00, 0x00,
    0x00, 0x00, 0x00, 0x00, 0x00, 0x00, 0x00, 0x00, 0x00, 0x00, 0x00, 0x00, 0x00, 0x00, 0x00, 0x00, 0x00, 0x00, 0x00, 0x00,
    0x00, 0x00, 0x00, 0x00, 0x00, 0x00, 0x00, 0x00, 0x00, 0x00, 0x00, 0x00, 0x00, 0x00, 0x00, 0x00, 0x00, 0x00, 0x00, 0x00,
    0x20, 0x00, 0x20, 0x00, 0x40, 0x00, 0x41, 0x00, 0x61, 0x00, 0x82, 0x00, 0xa3, 0x00, 0xc3, 0x00, 0x25, 0x01, 0x66, 0x01,
    0xa8, 0x01, 0x09, 0x02, 0x4a, 0x02, 0xac, 0x02, 0xee, 0x02, 0x2f, 0x03, 0x71, 0x03, 0x92, 0x03, 0xf4, 0x03, 0x36, 0x04,
    0x97, 0x04, 0xf8, 0x04, 0x59, 0x05, 0x7a, 0x05, 0xba, 0x05, 0xbb, 0x05, 0xba, 0x05, 0x7a, 0x05, 0x39, 0x05, 0x19, 0x05,
    0xd8, 0x04, 0x56, 0x04, 0xf5, 0x03, 0x93, 0x03, 0x71, 0x03, 0x50, 0x03, 0x0e, 0x03, 0xcd, 0x02, 0x8c, 0x02, 0x2a, 0x02,
    0xe9, 0x01, 0xa7, 0x01, 0x46, 0x01, 0x04, 0x01, 0xc3, 0x00, 0xa3, 0x00, 0x82, 0x00, 0x61, 0x00, 0x41, 0x00, 0x20, 0x00,
    0x20, 0x00, 0x00, 0x00, 0x00, 0x00, 0x00, 0x00, 0x00, 0x00, 0x00, 0x00, 0x00, 0x00, 0x00, 0x00, 0x00, 0x00, 0x00, 0x00,
    0x00, 0x00, 0x00, 0x00, 0x00, 0x00, 0x00, 0x00, 0x00, 0x00, 0x00, 0x00, 0x00, 0x00, 0x00, 0x00, 0x00, 0x00, 0x00, 0x00,
    0x00, 0x00, 0x00, 0x00, 0x00, 0x00, 0x00, 0x00, 0x00, 0x00, 0x00, 0x00, 0x00, 0x00, 0x00, 0x00, 0x00, 0x00, 0x00, 0x00,
    0x00, 0x00, 0x00, 0x00, 0x00, 0x00, 0x00, 0x00, 0x00, 0x00, 0x00, 0x00, 0x00, 0x00, 0x00, 0x00, 0x00, 0x00, 0x00, 0x00,
    0x00, 0x00, 0x00, 0x00, 0x00, 0x00, 0x00, 0x00, 0x00, 0x00, 0x00, 0x00, 0x00, 0x08, 0x00, 0x08, 0x00, 0x08, 0x00, 0x08,
    0x00, 0x08, 0x00, 0x10, 0x01, 0x10, 0x01, 0x10, 0x01, 0x10, 0x01, 0x10, 0x01, 0x10, 0x01, 0x10, 0x01, 0x10, 0x01, 0x18,
    0x01, 0x18, 0x01, 0x18, 0x01, 0x18, 0x01, 0x18, 0x01, 0x18, 0x01, 0x18, 0x01, 0x18, 0x01, 0x18, 0x01, 0x18, 0x01, 0x18,
    0x01, 0x18, 0x01, 0x18, 0x01, 0x18, 0x01, 0x18, 0x01, 0x18, 0x01, 0x18, 0x01, 0x18, 0x01, 0x18, 0x01, 0x10, 0x01, 0x10,
    0x01, 0x10, 0x01, 0x10, 0x01, 0x18, 0x01, 0x18, 0x01, 0x18, 0x01, 0x18, 0x01, 0x18, 0x01, 0x10, 0x01, 0x10, 0x01, 0x10,
    0x01, 0x10, 0x01, 0x10, 0x01, 0x18, 0x01, 0x18, 0x01, 0x18, 0x01, 0x18, 0x01, 0x18, 0x01, 0x10, 0x01, 0x10, 0x01, 0x10,
    0x01, 0x10, 0x01, 0x10, 0x01, 0x10, 0x01, 0x10, 0x01, 0x18, 0x01, 0x18, 0x01, 0x18, 0x01, 0x18, 0x01, 0x18, 0x01, 0x18,
    0x01, 0x18, 0x01, 0x18, 0x01, 0x18, 0x01, 0x18, 0x01, 0x18, 0x01, 0x18, 0x01, 0x18, 0x01, 0x18, 0x01, 0x18, 0x01, 0x18,
    0x01, 0x10, 0x01, 0x10, 0x01, 0x10, 0x00, 0x08, 0x00, 0x08, 0x00, 0x08, 0x00, 0x00, 0x00, 0x00, 0x00, 0x00, 0x00, 0x00,
    0x00, 0x00, 0x00, 0x00, 0x00, 0x00, 0x00, 0x00, 0x00, 0x00, 0x00, 0x00, 0x00, 0x00, 0x00, 0x00, 0x00, 0x00, 0x00, 0x00,
    0x00, 0x00, 0x00, 0x00, 0x00, 0x00, 0x00, 0x00, 0x00, 0x00, 0x00, 0x00, 0x00, 0x00, 0x00, 0x00, 0x00, 0x00, 0x00, 0x00,
    0x00, 0x00, 0x00, 0x00, 0x20, 0x00, 0x20, 0x00, 0x40, 0x00, 0x41, 0x00, 0x61, 0x00, 0x82, 0x00, 0xc3, 0x00, 0xe4, 0x00,
    0x04, 0x01, 0x66, 0x01, 0x87, 0x01, 0xe9, 0x01, 0x2a, 0x02, 0x6b, 0x02, 0xac, 0x02, 0xed, 0x02, 0x0e, 0x03, 0x2f, 0x03,
    0x30, 0x03, 0x50, 0x03, 0x50, 0x03, 0x71, 0x03, 0x72, 0x03, 0x72, 0x03, 0x72, 0x03, 0x72, 0x03, 0x71, 0x03, 0x71, 0x03,
    0x50, 0x03, 0x50, 0x03, 0x0f, 0x03, 0xee, 0x02, 0xad, 0x02, 0x6c, 0x02, 0x2a, 0x02, 0xe9, 0x01, 0xc8, 0x01, 0x87, 0x01,
    0x46, 0x01, 0x04, 0x01, 0xc3, 0x00, 0xa2, 0x00, 0x82, 0x00, 0x61, 0x00, 0x61, 0x00, 0x41, 0x00, 0x20, 0x00, 0x20, 0x00,
    0x00, 0x00, 0x00, 0x00, 0x00, 0x00, 0x00, 0x00, 0x00, 0x00, 0x00, 0x00, 0x00, 0x00, 0x00, 0x00, 0x00, 0x00, 0x00, 0x00,
    0x00, 0x00, 0x00, 0x00, 0x00, 0x00, 0x00, 0x00, 0x00, 0x00, 0x00, 0x00, 0x00, 0x00, 0x00, 0x00, 0x00, 0x00, 0x00, 0x00,
    0x00, 0x00, 0x00, 0x00, 0x00, 0x00, 0x00, 0x00, 0x00, 0x00, 0x00, 0x00, 0x00, 0x00, 0x00, 0x00, 0x00, 0x00, 0x00, 0x00,
    0x00, 0x00, 0x00, 0x00, 0x00, 0x00, 0x00, 0x00, 0x00, 0x00, 0x00, 0x00, 0x00, 0x00, 0x00, 0x00, 0x00, 0x00, 0x00, 0x00,
    0x00, 0x00, 0x00, 0x00, 0x00, 0x00, 0x00, 0x00, 0x00, 0x00, 0x00, 0x00, 0x00, 0x00, 0x00, 0x00, 0x00, 0x00, 0x00, 0x08,
    0x00, 0x08, 0x00, 0x08, 0x00, 0x08, 0x00, 0x08, 0x00, 0x08, 0x00, 0x08, 0x00, 0x08, 0x00, 0x08, 0x00, 0x08, 0x00, 0x10,
    0x00, 0x10, 0x00, 0x10, 0x00, 0x10, 0x00, 0x10, 0x01, 0x10, 0x01, 0x10, 0x01, 0x10, 0x00, 0x10, 0x00, 0x10, 0x00, 0x10,
    0x00, 0x10, 0x00, 0x10, 0x00, 0x10, 0x00, 0x10, 0x00, 0x10, 0x00, 0x10, 0x00, 0x10, 0x00, 0x10, 0x00, 0x10, 0x00, 0x10,
    0x00, 0x10, 0x00, 0x10, 0x00, 0x10, 0x00, 0x10, 0x00, 0x10, 0x00, 0x10, 0x00, 0x10, 0x00, 0x10, 0x00, 0x10, 0x00, 0x10,
    0x00, 0x10, 0x00, 0x10, 0x00, 0x10, 0x00, 0x10, 0x00, 0x10, 0x00, 0x10, 0x00, 0x10, 0x00, 0x10, 0x00, 0x08, 0x00, 0x08,
    0x00, 0x08, 0x00, 0x08, 0x00, 0x08, 0x00, 0x10, 0x00, 0x10, 0x00, 0x10, 0x00, 0x10, 0x00, 0x10, 0x00, 0x10, 0x00, 0x10,
    0x00, 0x10, 0x00, 0x10, 0x00, 0x10, 0x00, 0x10, 0x00, 0x10, 0x00, 0x10, 0x00, 0x10, 0x00, 0x10, 0x00, 0x10, 0x00, 0x10,
    0x00, 0x08, 0x00, 0x08, 0x00, 0x08, 0x00, 0x08, 0x00, 0x08, 0x00, 0x00, 0x00, 0x00, 0x00, 0x00, 0x00, 0x00, 0x00, 0x00,
    0x00, 0x00, 0x00, 0x00, 0x00, 0x00, 0x00, 0x00, 0x00, 0x00, 0x00, 0x00, 0x00, 0x00, 0x00, 0x00, 0x00, 0x00, 0x00, 0x00,
    0x00, 0x00, 0x00, 0x00, 0x00, 0x00, 0x00, 0x00, 0x00, 0x00, 0x00, 0x00, 0x00, 0x00, 0x00, 0x00, 0x00, 0x00, 0x00, 0x00,
    0x00, 0x00, 0x00, 0x00, 0x00, 0x00, 0x20, 0x00, 0x20, 0x00, 0x20, 0x00, 0x41, 0x00, 0x61, 0x00, 0x82, 0x00, 0xa2, 0x00,
    0xc3, 0x00, 0xe4, 0x00, 0x24, 0x01, 0x66, 0x01, 0x87, 0x01, 0xa7, 0x01, 0xe9, 0x01, 0x09, 0x02, 0x4a, 0x02, 0x4b, 0x02,
    0x6b, 0x02, 0x6b, 0x02, 0x8c, 0x02, 0x8c, 0x02, 0xac, 0x02, 0xac, 0x02, 0xad, 0x02, 0xcd, 0x02, 0xcd, 0x02, 0xad, 0x02,
    0x8c, 0x02, 0x6b, 0x02, 0x4b, 0x02, 0x4a, 0x02, 0x09, 0x02, 0xc8, 0x01, 0x87, 0x01, 0x66, 0x01, 0x45, 0x01, 0x04, 0x01,
    0xe3, 0x00, 0xa2, 0x00, 0x82, 0x00, 0x81, 0x00, 0x61, 0x00, 0x41, 0x00, 0x40, 0x00, 0x20, 0x00, 0x20, 0x00, 0x00, 0x00,
    0x00, 0x00, 0x00, 0x00, 0x00, 0x00, 0x00, 0x00, 0x00, 0x00, 0x00, 0x00, 0x00, 0x00, 0x00, 0x00, 0x00, 0x00, 0x00, 0x00,
    0x00, 0x00, 0x00, 0x00, 0x00, 0x00, 0x00, 0x00, 0x00, 0x00, 0x00, 0x00, 0x00, 0x00, 0x00, 0x00, 0x00, 0x00, 0x00, 0x00,
    0x00, 0x00, 0x00, 0x00, 0x00, 0x00, 0x00, 0x00, 0x00, 0x00, 0x00, 0x00, 0x00, 0x00, 0x00, 0x00, 0x00, 0x00, 0x00, 0x00,
    0x00, 0x00, 0x00, 0x00, 0x00, 0x00, 0x00, 0x00, 0x00, 0x00, 0x00, 0x00, 0x00, 0x00, 0x00, 0x00, 0x00, 0x00, 0x00, 0x00,
    0x00, 0x00, 0x00, 0x00, 0x00, 0x00, 0x00, 0x00, 0x00, 0x00, 0x00, 0x00, 0x00, 0x00, 0x00, 0x00, 0x00, 0x00, 0x00, 0x00,
    0x00, 0x00, 0x00, 0x08, 0x00, 0x08, 0x00, 0x08, 0x00, 0x08, 0x00, 0x08, 0x00, 0x08, 0x00, 0x08, 0x00, 0x08, 0x00, 0x08,
    0x00, 0x08, 0x00, 0x08, 0x00, 0x08, 0x00, 0x08, 0x00, 0x08, 0x00, 0x08, 0x00, 0x08, 0x00, 0x08, 0x00, 0x08, 0x00, 0x08,
    0x00, 0x08, 0x00, 0x08, 0x00, 0x08, 0x00, 0x08, 0x00, 0x08, 0x00, 0x08, 0x00, 0x08, 0x00, 0x08, 0x00, 0x08, 0x00, 0x08,
    0x00, 0x08, 0x00, 0x08, 0x00, 0x08, 0x00, 0x08, 0x00, 0x08, 0x00, 0x08, 0x00, 0x08, 0x00, 0x08, 0x00, 0x08, 0x00, 0x08,
    0x00, 0x08, 0x00, 0x08, 0x00, 0x08, 0x00, 0x08, 0x00, 0x08, 0x00, 0x08, 0x00, 0x08, 0x00, 0x08, 0x00, 0x08, 0x00, 0x08,
    0x00, 0x08, 0x00, 0x08, 0x00, 0x08, 0x00, 0x08, 0x00, 0x08, 0x00, 0x08, 0x00, 0x08, 0x00, 0x08, 0x00, 0x08, 0x00, 0x08,
    0x00, 0x08, 0x00, 0x08, 0x00, 0x08, 0x00, 0x08, 0x00, 0x08, 0x00, 0x08, 0x00, 0x08, 0x00, 0x08, 0x00, 0x08, 0x00, 0x08,
    0x00, 0x08, 0x00, 0x08, 0x00, 0x00, 0x00, 0x00, 0x00, 0x00, 0x00, 0x00, 0x00, 0x00, 0x00, 0x00, 0x00, 0x00, 0x00, 0x00,
    0x00, 0x00, 0x00, 0x00, 0x00, 0x00, 0x00, 0x00, 0x00, 0x00, 0x00, 0x00, 0x00, 0x00, 0x00, 0x00, 0x00, 0x00, 0x00, 0x00,
    0x00, 0x00, 0x00, 0x00, 0x00, 0x00, 0x00, 0x00, 0x00, 0x00, 0x00, 0x00, 0x00, 0x00, 0x00, 0x00, 0x00, 0x00, 0x00, 0x00,
    0x00, 0x00, 0x00, 0x00, 0x00, 0x00, 0x00, 0x00, 0x00, 0x00, 0x20, 0x00, 0x40, 0x00, 0x40, 0x00, 0x41, 0x00, 0x61, 0x00,
    0x81, 0x00, 0xa2, 0x00, 0xc2, 0x00, 0xe3, 0x00, 0xe4, 0x00, 0x04, 0x01, 0x25, 0x01, 0x45, 0x01, 0x66, 0x01, 0x86, 0x01,
    0x86, 0x01, 0x87, 0x01, 0xa7, 0x01, 0xa7, 0x01, 0xc8, 0x01, 0xc8, 0x01, 0xc8, 0x01, 0xc8, 0x01, 0xc8, 0x01, 0xe8, 0x01,
    0xc8, 0x01, 0xa7, 0x01, 0x87, 0x01, 0x86, 0x01, 0x45, 0x01, 0x25, 0x01, 0x04, 0x01, 0xe3, 0x00, 0xc3, 0x00, 0xa2, 0x00,
    0x82, 0x00, 0x61, 0x00, 0x61, 0x00, 0x41, 0x00, 0x40, 0x00, 0x20, 0x00, 0x20, 0x00, 0x00, 0x00, 0x00, 0x00, 0x00, 0x00,
    0x00, 0x00, 0x00, 0x00, 0x00, 0x00, 0x00, 0x00, 0x00, 0x00, 0x00, 0x00, 0x00, 0x00, 0x00, 0x00, 0x00, 0x00, 0x00, 0x00,
    0x00, 0x00, 0x00, 0x00, 0x00, 0x00, 0x00, 0x00, 0x00, 0x00, 0x00, 0x00, 0x00, 0x00, 0x00, 0x00, 0x00, 0x00, 0x00, 0x00,
    0x00, 0x00, 0x00, 0x00, 0x00, 0x00, 0x00, 0x00, 0x00, 0x00, 0x00, 0x00, 0x00, 0x00, 0x00, 0x00, 0x00, 0x00, 0x00, 0x00,
    0x00, 0x00, 0x00, 0x00, 0x00, 0x00, 0x00, 0x00, 0x00, 0x00, 0x00, 0x00, 0x00, 0x00, 0x00, 0x00, 0x00, 0x00, 0x00, 0x00,
    0x00, 0x00, 0x00, 0x00, 0x00, 0x00, 0x00, 0x00, 0x00, 0x00, 0x00, 0x00, 0x00, 0x00, 0x00, 0x00, 0x00, 0x00, 0x00, 0x00,
    0x00, 0x00, 0x00, 0x00, 0x00, 0x00, 0x00, 0x00, 0x00, 0x00, 0x00, 0x08, 0x00, 0x00, 0x00, 0x08, 0x00, 0x08, 0x00, 0x08,
    0x00, 0x08, 0x00, 0x08, 0x00, 0x08, 0x00, 0x08, 0x00, 0x08, 0x00, 0x08, 0x00, 0x08, 0x00, 0x08, 0x00, 0x00, 0x00, 0x00,
    0x00, 0x00, 0x00, 0x00, 0x00, 0x00, 0x00, 0x00, 0x00, 0x00, 0x00, 0x00, 0x00, 0x00, 0x00, 0x00, 0x00, 0x00, 0x00, 0x00,
    0x00, 0x00, 0x00, 0x08, 0x00, 0x00, 0x00, 0x00, 0x00, 0x00, 0x00, 0x00, 0x00, 0x00, 0x00, 0x00, 0x00, 0x00, 0x00, 0x00,
    0x00, 0x00, 0x00, 0x00, 0x00, 0x00, 0x00, 0x00, 0x00, 0x00, 0x00, 0x00, 0x00, 0x00, 0x00, 0x00, 0x00, 0x00, 0x00, 0x00,
    0x00, 0x00, 0x00, 0x00, 0x00, 0x00, 0x00, 0x08, 0x00, 0x08, 0x00, 0x08, 0x00, 0x08, 0x00, 0x08, 0x00, 0x08, 0x00, 0x08,
    0x00, 0x08, 0x00, 0x08, 0x00, 0x08, 0x00, 0x08, 0x00, 0x08, 0x00, 0x08, 0x00, 0x08, 0x00, 0x08, 0x00, 0x08, 0x00, 0x00,
    0x00, 0x00, 0x00, 0x00, 0x00, 0x00, 0x00, 0x00, 0x00, 0x00, 0x00, 0x00, 0x00, 0x00, 0x00, 0x00, 0x00, 0x00, 0x00, 0x00,
    0x00, 0x00, 0x00, 0x00, 0x00, 0x00, 0x00, 0x00, 0x00, 0x00, 0x00, 0x00, 0x00, 0x00, 0x00, 0x00, 0x00, 0x00, 0x00, 0x00,
    0x00, 0x00, 0x00, 0x00, 0x00, 0x00, 0x00, 0x00, 0x00, 0x00, 0x00, 0x00, 0x00, 0x00, 0x00, 0x00, 0x00, 0x00, 0x00, 0x00,
    0x00, 0x00, 0x00, 0x00, 0x00, 0x00, 0x00, 0x00, 0x00, 0x00, 0x20, 0x00, 0x20, 0x00, 0x40, 0x00, 0x40, 0x00, 0x40, 0x00,
    0x61, 0x00, 0x81, 0x00, 0x82, 0x00, 0xa2, 0x00, 0xa2, 0x00, 0xc2, 0x00, 0xe3, 0x00, 0xe3, 0x00, 0x04, 0x01, 0x24, 0x01,
    0x24, 0x01, 0x24, 0x01, 0x45, 0x01, 0x45, 0x01, 0x45, 0x01, 0x45, 0x01, 0x45, 0x01, 0x45, 0x01, 0x65, 0x01, 0x65, 0x01,
    0x65, 0x01, 0x45, 0x01, 0x24, 0x01, 0x24, 0x01, 0x03, 0x01, 0xe3, 0x00, 0xc3, 0x00, 0xa2, 0x00, 0xa2, 0x00, 0x81, 0x00,
    0x61, 0x00, 0x61, 0x00, 0x40, 0x00, 0x40, 0x00, 0x20, 0x00, 0x20, 0x00, 0x20, 0x00, 0x00, 0x00, 0x00, 0x00, 0x00, 0x00,
    0x00, 0x00, 0x00, 0x00, 0x00, 0x00, 0x00, 0x00, 0x00, 0x00, 0x00, 0x00, 0x00, 0x00, 0x00, 0x00, 0x00, 0x00, 0x00, 0x00,
    0x00, 0x00, 0x00, 0x00, 0x00, 0x00, 0x00, 0x00, 0x00, 0x00, 0x00, 0x00, 0x00, 0x00, 0x00, 0x00, 0x00, 0x00, 0x00, 0x00,
    0x00, 0x00, 0x00, 0x00, 0x00, 0x00, 0x00, 0x00, 0x00, 0x00, 0x00, 0x00, 0x00, 0x00, 0x00, 0x00, 0x00, 0x00, 0x00, 0x00,
    0x00, 0x00, 0x00, 0x00, 0x00, 0x00, 0x00, 0x00, 0x00, 0x00, 0x00, 0x00, 0x00, 0x00, 0x00, 0x00, 0x00, 0x00, 0x00, 0x00,
    0x00, 0x00, 0x00, 0x00, 0x00, 0x00, 0x00, 0x00, 0x00, 0x00, 0x00, 0x00, 0x00, 0x00, 0x00, 0x00, 0x00, 0x00, 0x00, 0x00,
    0x00, 0x00, 0x00, 0x00, 0x00, 0x00, 0x00, 0x00, 0x00, 0x00, 0x00, 0x00, 0x00, 0x00, 0x00, 0x00, 0x00, 0x00, 0x00, 0x08,
    0x00, 0x08, 0x00, 0x08, 0x00, 0x08, 0x00, 0x00, 0x00, 0x00, 0x00, 0x00, 0x00, 0x00, 0x00, 0x00, 0x00, 0x00, 0x00, 0x00,
    0x00, 0x00, 0x00, 0x00, 0x00, 0x00, 0x00, 0x00, 0x00, 0x00, 0x00, 0x00, 0x00, 0x00, 0x00, 0x00, 0x00, 0x00, 0x00, 0x00,
    0x00, 0x00, 0x00, 0x00, 0x00, 0x00, 0x00, 0x00, 0x00, 0x00, 0x00, 0x00, 0x00, 0x00, 0x00, 0x00, 0x00, 0x00, 0x00, 0x00,
    0x00, 0x00, 0x00, 0x00, 0x00, 0x00, 0x00, 0x00, 0x00, 0x00, 0x00, 0x00, 0x00, 0x00, 0x00, 0x00, 0x00, 0x00, 0x00, 0x00,
    0x00, 0x00, 0x00, 0x00, 0x00, 0x00, 0x00, 0x00, 0x00, 0x00, 0x00, 0x00, 0x00, 0x00, 0x00, 0x00, 0x00, 0x00, 0x00, 0x08,
    0x00, 0x08, 0x20, 0x08, 0x20, 0x08, 0x20, 0x08, 0x20, 0x08, 0x20, 0x08, 0x20, 0x08, 0x00, 0x08, 0x00, 0x00, 0x00, 0x00,
    0x00, 0x00, 0x00, 0x00, 0x00, 0x00, 0x00, 0x00, 0x00, 0x00, 0x00, 0x00, 0x00, 0x00, 0x00, 0x00, 0x00, 0x00, 0x00, 0x00,
    0x00, 0x00, 0x00, 0x00, 0x00, 0x00, 0x00, 0x00, 0x00, 0x00, 0x00, 0x00, 0x00, 0x00, 0x00, 0x00, 0x00, 0x00, 0x00, 0x00,
    0x00, 0x00, 0x00, 0x00, 0x00, 0x00, 0x00, 0x00, 0x00, 0x00, 0x00, 0x00, 0x00, 0x00, 0x00, 0x00, 0x00, 0x00, 0x00, 0x00,
    0x00, 0x00, 0x00, 0x00, 0x00, 0x00, 0x00, 0x00, 0x20, 0x00, 0x20, 0x00, 0x20, 0x00, 0x40, 0x00, 0x40, 0x00, 0x40, 0x00,
    0x60, 0x00, 0x61, 0x00, 0x81, 0x00, 0x81, 0x00, 0x81, 0x00, 0xa1, 0x00, 0xa2, 0x00, 0xc2, 0x00, 0xc2, 0x00, 0xe2, 0x00,
    0xe3, 0x00, 0xe3, 0x00, 0xe3, 0x00, 0x03, 0x01, 0x03, 0x01, 0x03, 0x01, 0x03, 0x01, 0x03, 0x01, 0x03, 0x01, 0x23, 0x01,
    0x03, 0x01, 0x03, 0x01, 0xe3, 0x00, 0xe3, 0x00, 0xe2, 0x00, 0xc2, 0x00, 0xa2, 0x00, 0xa1, 0x00, 0x81, 0x00, 0x81, 0x00,
    0x61, 0x00, 0x40, 0x00, 0x40, 0x00, 0x40, 0x00, 0x40, 0x00, 0x20, 0x00, 0x20, 0x00, 0x20, 0x00, 0x20, 0x00, 0x20, 0x00,
    0x20, 0x00, 0x00, 0x00, 0x00, 0x00, 0x00, 0x00, 0x00, 0x00, 0x00, 0x00, 0x00, 0x00, 0x00, 0x00, 0x00, 0x00, 0x00, 0x00,
    0x00, 0x00, 0x00, 0x00, 0x00, 0x00, 0x00, 0x00, 0x00, 0x00, 0x00, 0x00, 0x00, 0x00, 0x00, 0x00, 0x00, 0x00, 0x00, 0x00,
    0x00, 0x00, 0x00, 0x00, 0x00, 0x00, 0x00, 0x00, 0x00, 0x00, 0x00, 0x00, 0x00, 0x00, 0x00, 0x00, 0x00, 0x00, 0x00, 0x00,
    0x00, 0x00, 0x00, 0x00, 0x00, 0x00, 0x00, 0x00, 0x00, 0x00, 0x00, 0x00, 0x00, 0x00, 0x00, 0x00, 0x00, 0x00, 0x00, 0x00,
    0x00, 0x00, 0x00, 0x00, 0x00, 0x00, 0x00, 0x00, 0x00, 0x00, 0x00, 0x00, 0x00, 0x00, 0x00, 0x00, 0x00, 0x00, 0x00, 0x00,
    0x00, 0x00, 0x00, 0x00, 0x00, 0x00, 0x00, 0x00, 0x00, 0x00, 0x00, 0x00, 0x00, 0x00, 0x20, 0x08, 0x20, 0x08, 0x20, 0x08,
    0x20, 0x08, 0x20, 0x08, 0x20, 0x08, 0x00, 0x00, 0x00, 0x00, 0x00, 0x00, 0x00, 0x00, 0x00, 0x00, 0x00, 0x00, 0x00, 0x00,
    0x00, 0x00, 0x00, 0x00, 0x00, 0x00, 0x00, 0x00, 0x00, 0x00, 0x00, 0x00, 0x00, 0x00, 0x00, 0x00, 0x00, 0x00, 0x00, 0x00,
    0x00, 0x00, 0x00, 0x00, 0x00, 0x00, 0x00, 0x00, 0x00, 0x00, 0x00, 0x00, 0x00, 0x00, 0x00, 0x00, 0x00, 0x00, 0x00, 0x00,
    0x00, 0x00, 0x00, 0x00, 0x00, 0x00, 0x00, 0x00, 0x00, 0x00, 0x00, 0x00, 0x00, 0x00, 0x00, 0x00, 0x00, 0x00, 0x00, 0x00,
    0x00, 0x00, 0x00, 0x00, 0x00, 0x00, 0x00, 0x00, 0x00, 0x00, 0x00, 0x00, 0x00, 0x00, 0x00, 0x00, 0x00, 0x00, 0x20, 0x00,
    0x20, 0x08, 0x20, 0x08, 0x20, 0x08, 0x20, 0x08, 0x20, 0x08, 0x20, 0x08, 0x20, 0x08, 0x20, 0x08, 0x20, 0x00, 0x00, 0x00,
    0x00, 0x00, 0x00, 0x00, 0x00, 0x00, 0x00, 0x00, 0x00, 0x00, 0x00, 0x00, 0x00, 0x00, 0x00, 0x00, 0x00, 0x00, 0x00, 0x00,
    0x00, 0x00, 0x00, 0x00, 0x00, 0x00, 0x00, 0x00, 0x00, 0x00, 0x00, 0x00, 0x00, 0x00, 0x00, 0x00, 0x00, 0x00, 0x00, 0x00,
    0x00, 0x00, 0x00, 0x00, 0x00, 0x00, 0x00, 0x00, 0x00, 0x00, 0x20, 0x00, 0x20, 0x00, 0x20, 0x00, 0x20, 0x00, 0x20, 0x00,
    0x20, 0x00, 0x20, 0x00, 0x20, 0x00, 0x20, 0x00, 0x20, 0x00, 0x20, 0x00, 0x40, 0x00, 0x40, 0x00, 0x40, 0x00, 0x40, 0x00,
    0x60, 0x00, 0x60, 0x00, 0x81, 0x00, 0x81, 0x00, 0x81, 0x00, 0x81, 0x00, 0xa1, 0x00, 0xa1, 0x00, 0xa1, 0x00, 0xa1, 0x00,
    0xc2, 0x00, 0xc2, 0x00, 0xc2, 0x00, 0xc2, 0x00, 0xc2, 0x00, 0xc2, 0x00, 0xc2, 0x00, 0xc2, 0x00, 0xe2, 0x00, 0xe2, 0x00,
    0xe2, 0x00, 0xc2, 0x00, 0xc2, 0x00, 0xc2, 0x00, 0xc1, 0x00, 0xc1, 0x00, 0xa1, 0x00, 0x81, 0x00, 0x81, 0x00, 0x80, 0x00,
    0x60, 0x00, 0x60, 0x00, 0x60, 0x00, 0x40, 0x00, 0x40, 0x00, 0x40, 0x00, 0x40, 0x00, 0x40, 0x00, 0x40, 0x00, 0x40, 0x00,
    0x40, 0x00, 0x40, 0x00, 0x40, 0x00, 0x40, 0x00, 0x40, 0x00, 0x20, 0x00, 0x20, 0x00, 0x20, 0x00, 0x00, 0x00, 0x00, 0x00,
    0x00, 0x00, 0x00, 0x00, 0x00, 0x00, 0x00, 0x00, 0x00, 0x00, 0x00, 0x00, 0x00, 0x00, 0x00, 0x00, 0x00, 0x00, 0x00, 0x00,
    0x00, 0x00, 0x00, 0x00, 0x00, 0x00, 0x00, 0x00, 0x00, 0x00, 0x00, 0x00, 0x00, 0x00, 0x00, 0x00, 0x00, 0x00, 0x00, 0x00,
    0x00, 0x00, 0x00, 0x00, 0x00, 0x00, 0x00, 0x00, 0x00, 0x00, 0x00, 0x00, 0x00, 0x00, 0x00, 0x00, 0x00, 0x00, 0x00, 0x00,
    0x00, 0x00, 0x00, 0x00, 0x00, 0x00, 0x00, 0x00, 0x00, 0x00, 0x00, 0x00, 0x00, 0x00, 0x00, 0x00, 0x00, 0x00, 0x00, 0x00,
    0x00, 0x00, 0x00, 0x00, 0x00, 0x00, 0x00, 0x00, 0x20, 0x00, 0x20, 0x08, 0x20, 0x08, 0x20, 0x08, 0x20, 0x08, 0x20, 0x08,
    0x20, 0x08, 0x20, 0x08, 0x20, 0x08, 0x20, 0x08, 0x20, 0x08, 0x20, 0x00, 0x00, 0x00, 0x00, 0x00, 0x00, 0x00, 0x00, 0x00,
    0x00, 0x00, 0x00, 0x00, 0x00, 0x00, 0x00, 0x00, 0x00, 0x00, 0x00, 0x00, 0x00, 0x00, 0x00, 0x00, 0x00, 0x00, 0x00, 0x00,
    0x00, 0x00, 0x00, 0x00, 0x00, 0x00, 0x00, 0x00, 0x00, 0x00, 0x00, 0x00, 0x00, 0x00, 0x00, 0x00, 0x00, 0x00, 0x00, 0x00,
    0x00, 0x00, 0x00, 0x00, 0x00, 0x00, 0x00, 0x00, 0x00, 0x00, 0x00, 0x00, 0x00, 0x00, 0x00, 0x00, 0x00, 0x00, 0x00, 0x00,
    0x00, 0x00, 0x00, 0x00, 0x00, 0x00, 0x00, 0x00, 0x00, 0x00, 0x00, 0x00, 0x20, 0x00, 0x20, 0x08, 0x20, 0x08, 0x20, 0x08,
    0x20, 0x08, 0x40, 0x08, 0x40, 0x08, 0x40, 0x08, 0x40, 0x08, 0x40, 0x08, 0x40, 0x08, 0x40, 0x08, 0x20, 0x08, 0x20, 0x08,
    0x20, 0x00, 0x00, 0x00, 0x00, 0x00, 0x00, 0x00, 0x00, 0x00, 0x00, 0x00, 0x00, 0x00, 0x00, 0x00, 0x00, 0x00, 0x00, 0x00,
    0x00, 0x00, 0x00, 0x00, 0x00, 0x00, 0x00, 0x00, 0x00, 0x00, 0x00, 0x00, 0x00, 0x00, 0x00, 0x00, 0x00, 0x00, 0x00, 0x00,
    0x00, 0x00, 0x00, 0x00, 0x00, 0x00, 0x20, 0x00, 0x20, 0x00, 0x40, 0x00, 0x40, 0x00, 0x40, 0x00, 0x60, 0x00, 0x60, 0x00,
    0x60, 0x00, 0x60, 0x00, 0x60, 0x00, 0x60, 0x00, 0x60, 0x00, 0x60, 0x00, 0x60, 0x00, 0x60, 0x00, 0x60, 0x00, 0x60, 0x00,
    0x60, 0x00, 0x80, 0x00, 0x80, 0x00, 0x80, 0x00, 0xa1, 0x00, 0xa1, 0x00, 0xa1, 0x00, 0xa1, 0x00, 0xa1, 0x00, 0xc1, 0x00,
    0xc1, 0x00, 0xc1, 0x00, 0xc1, 0x00, 0xc1, 0x00, 0xc1, 0x00, 0xc1, 0x00, 0xc1, 0x00, 0xc1, 0x00, 0xe1, 0x00, 0xe1, 0x00,
    0xe1, 0x00, 0xe1, 0x00, 0xc1, 0x00, 0xe1, 0x00, 0xe1, 0x00, 0xc1, 0x00, 0xc1, 0x00, 0xa1, 0x00, 0xa0, 0x00, 0x80, 0x00,
    0x80, 0x00, 0x80, 0x00, 0x80, 0x00, 0x80, 0x00, 0x80, 0x00, 0x80, 0x00, 0x80, 0x00, 0x80, 0x00, 0x80, 0x00, 0x80, 0x00,
    0x80, 0x00, 0x80, 0x00, 0x60, 0x00, 0x60, 0x00, 0x60, 0x00, 0x60, 0x00, 0x40, 0x00, 0x40, 0x00, 0x20, 0x00, 0x20, 0x00,
    0x00, 0x00, 0x00, 0x00, 0x00, 0x00, 0x00, 0x00, 0x00, 0x00, 0x00, 0x00, 0x00, 0x00, 0x00, 0x00, 0x00, 0x00, 0x00, 0x00,
    0x00, 0x00, 0x00, 0x00, 0x00, 0x00, 0x00, 0x00, 0x00, 0x00, 0x00, 0x00, 0x00, 0x00, 0x00, 0x00, 0x00, 0x00, 0x00, 0x00,
    0x00, 0x00, 0x00, 0x00, 0x00, 0x00, 0x00, 0x00, 0x00, 0x00, 0x00, 0x00, 0x00, 0x00, 0x00, 0x00, 0x00, 0x00, 0x00, 0x00,
    0x00, 0x00, 0x00, 0x00, 0x00, 0x00, 0x00, 0x00, 0x00, 0x00, 0x00, 0x00, 0x00, 0x00, 0x00, 0x00, 0x00, 0x00, 0x00, 0x00,
    0x00, 0x00, 0x20, 0x00, 0x20, 0x08, 0x20, 0x08, 0x20, 0x08, 0x40, 0x08, 0x40, 0x08, 0x40, 0x10, 0x60, 0x10, 0x60, 0x10,
    0x40, 0x10, 0x40, 0x10, 0x40, 0x08, 0x40, 0x08, 0x20, 0x08, 0x20, 0x08, 0x20, 0x00, 0x00, 0x00, 0x00, 0x00, 0x00, 0x00,
    0x00, 0x00, 0x00, 0x00, 0x00, 0x00, 0x00, 0x00, 0x00, 0x00, 0x00, 0x00, 0x00, 0x00, 0x00, 0x00, 0x00, 0x00, 0x00, 0x00,
    0x00, 0x00, 0x00, 0x00, 0x00, 0x00, 0x00, 0x00, 0x00, 0x00, 0x00, 0x00, 0x00, 0x00, 0x00, 0x00, 0x00, 0x00, 0x00, 0x00,
    0x00, 0x00, 0x00, 0x00, 0x00, 0x00, 0x00, 0x00, 0x00, 0x00, 0x00, 0x00, 0x00, 0x00, 0x00, 0x00, 0x00, 0x00, 0x00, 0x00,
    0x00, 0x00, 0x00, 0x00, 0x00, 0x00, 0x00, 0x00, 0x20, 0x00, 0x20, 0x08, 0x20, 0x08, 0x20, 0x08, 0x40, 0x08, 0x40, 0x08,
    0x60, 0x10, 0x60, 0x10, 0x60, 0x10, 0x60, 0x10, 0x80, 0x10, 0x80, 0x18, 0x80, 0x10, 0x60, 0x10, 0x60, 0x10, 0x40, 0x08,
    0x20, 0x08, 0x20, 0x00, 0x20, 0x00, 0x00, 0x00, 0x00, 0x00, 0x00, 0x00, 0x00, 0x00, 0x00, 0x00, 0x00, 0x00, 0x00, 0x00,
    0x00, 0x00, 0x00, 0x00, 0x00, 0x00, 0x00, 0x00, 0x00, 0x00, 0x00, 0x00, 0x00, 0x00, 0x00, 0x00, 0x00, 0x00, 0x00, 0x00,
    0x00, 0x00, 0x20, 0x00, 0x20, 0x00, 0x40, 0x00, 0x40, 0x00, 0x60, 0x00, 0x80, 0x00, 0x80, 0x00, 0x80, 0x00, 0xa0, 0x00,
    0xa0, 0x00, 0xa0, 0x00, 0xa0, 0x00, 0xa0, 0x00, 0xa0, 0x00, 0xa0, 0x00, 0xa0, 0x00, 0xa0, 0x00, 0xa0, 0x00, 0xa0, 0x00,
    0xa0, 0x00, 0xa0, 0x00, 0xc0, 0x00, 0xc0, 0x00, 0xc0, 0x00, 0xc1, 0x00, 0xc1, 0x00, 0xc1, 0x00, 0xc1, 0x00, 0xe1, 0x00,
    0xe1, 0x00, 0xc1, 0x00, 0xe1, 0x00, 0xe1, 0x00, 0xe1, 0x00, 0xe1, 0x00, 0xe1, 0x00, 0xe1, 0x00, 0xe1, 0x00, 0xe1, 0x00,
    0xe1, 0x00, 0xe1, 0x00, 0xe1, 0x00, 0xe1, 0x00, 0xe1, 0x00, 0xe1, 0x00, 0xe1, 0x00, 0xc0, 0x00, 0xc0, 0x00, 0xc0, 0x00,
    0xc0, 0x00, 0xc0, 0x00, 0xc0, 0x00, 0xc0, 0x00, 0xc0, 0x00, 0xc0, 0x00, 0xc0, 0x00, 0xc0, 0x00, 0xc0, 0x00, 0xa0, 0x00,
    0xc0, 0x00, 0xc0, 0x00, 0xc0, 0x00, 0xc0, 0x00, 0xa0, 0x00, 0xa0, 0x00, 0x80, 0x00, 0x60, 0x00, 0x60, 0x00, 0x20, 0x00,
    0x20, 0x00, 0x00, 0x00, 0x00, 0x00, 0x00, 0x00, 0x00, 0x00, 0x00, 0x00, 0x00, 0x00, 0x00, 0x00, 0x00, 0x00, 0x00, 0x00,
    0x00, 0x00, 0x00, 0x00, 0x00, 0x00, 0x00, 0x00, 0x00, 0x00, 0x00, 0x00, 0x00, 0x00, 0x00, 0x00, 0x00, 0x00, 0x00, 0x00,
    0x00, 0x00, 0x00, 0x00, 0x00, 0x00, 0x00, 0x00, 0x00, 0x00, 0x00, 0x00, 0x00, 0x00, 0x00, 0x00, 0x00, 0x00, 0x00, 0x00,
    0x00, 0x00, 0x00, 0x00, 0x00, 0x00, 0x00, 0x00, 0x00, 0x00, 0x00, 0x00, 0x00, 0x00, 0x00, 0x00, 0x00, 0x00, 0x20, 0x00,
    0x20, 0x08, 0x20, 0x08, 0x40, 0x08, 0x40, 0x08, 0x60, 0x10, 0x60, 0x10, 0x80, 0x10, 0x80, 0x18, 0xa0, 0x18, 0xa0, 0x18,
    0xa0, 0x18, 0x80, 0x18, 0x60, 0x10, 0x60, 0x10, 0x40, 0x08, 0x40, 0x08, 0x20, 0x08, 0x20, 0x00, 0x20, 0x00, 0x00, 0x00,
    0x00, 0x00, 0x00, 0x00, 0x00, 0x00, 0x00, 0x00, 0x00, 0x00, 0x00, 0x00, 0x00, 0x00, 0x00, 0x00, 0x00, 0x00, 0x00, 0x00,
    0x00, 0x00, 0x00, 0x00, 0x00, 0x00, 0x00, 0x00, 0x00, 0x00, 0x00, 0x00, 0x00, 0x00, 0x00, 0x00, 0x00, 0x00, 0x00, 0x00,
    0x00, 0x00, 0x00, 0x00, 0x00, 0x00, 0x00, 0x00, 0x00, 0x00, 0x00, 0x00, 0x00, 0x00, 0x00, 0x00, 0x00, 0x00, 0x00, 0x00,
    0x00, 0x00, 0x00, 0x00, 0x20, 0x00, 0x20, 0x08, 0x20, 0x08, 0x40, 0x08, 0x40, 0x08, 0x60, 0x10, 0x60, 0x10, 0x80, 0x10,
    0x80, 0x18, 0xa0, 0x18, 0xa0, 0x18, 0xc0, 0x20, 0xc0, 0x20, 0xc0, 0x20, 0xc0, 0x20, 0xc0, 0x18, 0x80, 0x18, 0x60, 0x10,
    0x60, 0x10, 0x40, 0x08, 0x20, 0x08, 0x20, 0x00, 0x00, 0x00, 0x00, 0x00, 0x00, 0x00, 0x00, 0x00, 0x00, 0x00, 0x00, 0x00,
    0x00, 0x00, 0x00, 0x00, 0x00, 0x00, 0x00, 0x00, 0x00, 0x00, 0x00, 0x00, 0x00, 0x00, 0x00, 0x00, 0x00, 0x00, 0x20, 0x00,
    0x20, 0x00, 0x40, 0x00, 0x40, 0x00, 0x60, 0x00, 0x80, 0x00, 0xa0, 0x00, 0xa0, 0x00, 0xc0, 0x00, 0xc0, 0x00, 0xe0, 0x00,
    0xe0, 0x00, 0xe0, 0x00, 0xe0, 0x00, 0xe0, 0x00, 0xe0, 0x00, 0xe0, 0x00, 0xe0, 0x00, 0xe0, 0x00, 0xe0, 0x00, 0xe0, 0x00,
    0xe0, 0x00, 0x00, 0x01, 0x00, 0x01, 0x01, 0x01, 0x00, 0x01, 0x00, 0x01, 0xe0, 0x00, 0xe1, 0x00, 0x01, 0x01, 0x01, 0x01,
    0x01, 0x01, 0x01, 0x01, 0x01, 0x01, 0x21, 0x01, 0x21, 0x01, 0x21, 0x01, 0x21, 0x01, 0x21, 0x01, 0x21, 0x01, 0x21, 0x01,
    0x21, 0x01, 0x21, 0x01, 0x01, 0x01, 0x21, 0x01, 0x21, 0x01, 0x21, 0x01, 0x01, 0x01, 0x01, 0x01, 0x21, 0x01, 0x00, 0x01,
    0x00, 0x01, 0x00, 0x01, 0x00, 0x01, 0x00, 0x01, 0x20, 0x01, 0x21, 0x01, 0x20, 0x01, 0x20, 0x01, 0x00, 0x01, 0x00, 0x01,
    0x00, 0x01, 0x20, 0x01, 0x20, 0x01, 0x20, 0x01, 0x00, 0x01, 0xe0, 0x00, 0xc0, 0x00, 0xa0, 0x00, 0x80, 0x00, 0x60, 0x00,
    0x40, 0x00, 0x20, 0x00, 0x20, 0x00, 0x00, 0x00, 0x00, 0x00, 0x00, 0x00, 0x00, 0x00, 0x00, 0x00, 0x00, 0x00, 0x00, 0x00,
    0x00, 0x00, 0x00, 0x00, 0x00, 0x00, 0x00, 0x00, 0x00, 0x00, 0x00, 0x00, 0x00, 0x00, 0x00, 0x00, 0x00, 0x00, 0x00, 0x00,
    0x00, 0x00, 0x00, 0x00, 0x00, 0x00, 0x00, 0x00, 0x00, 0x00, 0x00, 0x00, 0x00, 0x00, 0x00, 0x00, 0x00, 0x00, 0x00, 0x00,
    0x00, 0x00, 0x00, 0x00, 0x00, 0x00, 0x00, 0x00, 0x00, 0x00, 0x00, 0x00, 0x00, 0x00, 0x00, 0x00, 0x20, 0x00, 0x20, 0x08,
    0x40, 0x08, 0x40, 0x08, 0x60, 0x10, 0x80, 0x18, 0xa0, 0x18, 0xc0, 0x20, 0xe0, 0x20, 0x00, 0x29, 0x20, 0x29, 0x20, 0x29,
    0x20, 0x29, 0x00, 0x29, 0xe0, 0x20, 0xc0, 0x18, 0x80, 0x18, 0x80, 0x10, 0x60, 0x10, 0x40, 0x08, 0x20, 0x08, 0x20, 0x08,
    0x20, 0x00, 0x00, 0x00, 0x00, 0x00, 0x00, 0x00, 0x00, 0x00, 0x00, 0x00, 0x00, 0x00, 0x00, 0x00, 0x00, 0x00, 0x00, 0x00,
    0x00, 0x00, 0x00, 0x00, 0x00, 0x00, 0x00, 0x00, 0x00, 0x00, 0x00, 0x00, 0x00, 0x00, 0x00, 0x00, 0x00, 0x00, 0x00, 0x00,
    0x00, 0x00, 0x00, 0x00, 0x00, 0x00, 0x00, 0x00, 0x00, 0x00, 0x00, 0x00, 0x00, 0x00, 0x00, 0x00, 0x00, 0x00, 0x00, 0x00,
    0x00, 0x00, 0x20, 0x00, 0x20, 0x08, 0x40, 0x08, 0x40, 0x08, 0x60, 0x10, 0x80, 0x18, 0xa0, 0x18, 0xc0, 0x18, 0xe0, 0x20,
    0x00, 0x29, 0x20, 0x29, 0x40, 0x31, 0x60, 0x39, 0x80, 0x39, 0x80, 0x39, 0x60, 0x39, 0x40, 0x31, 0x20, 0x29, 0xe0, 0x20,
    0xa0, 0x18, 0x60, 0x10, 0x40, 0x08, 0x20, 0x08, 0x20, 0x00, 0x00, 0x00, 0x00, 0x00, 0x00, 0x00, 0x00, 0x00, 0x00, 0x00,
    0x00, 0x00, 0x00, 0x00, 0x00, 0x00, 0x00, 0x00, 0x00, 0x00, 0x00, 0x00, 0x00, 0x00, 0x00, 0x00, 0x20, 0x00, 0x20, 0x00,
    0x40, 0x00, 0x60, 0x00, 0x80, 0x00, 0xc0, 0x00, 0xe0, 0x00, 0x20, 0x01, 0x41, 0x01, 0x61, 0x01, 0xa1, 0x01, 0xa1, 0x01,
    0xc1, 0x01, 0xc1, 0x01, 0xc1, 0x01, 0xc1, 0x01, 0xc1, 0x01, 0xc1, 0x01, 0xe1, 0x01, 0xe1, 0x01, 0xe1, 0x01, 0xc1, 0x01,
    0xc1, 0x01, 0xc1, 0x01, 0xc1, 0x01, 0xc1, 0x01, 0xc1, 0x01, 0xc1, 0x01, 0xc1, 0x01, 0xc1, 0x01, 0xc1, 0x01, 0xc1, 0x01,
    0xc1, 0x01, 0xa1, 0x01, 0xa1, 0x01, 0xc1, 0x01, 0xc1, 0x01, 0xe1, 0x01, 0xe1, 0x01, 0xe1, 0x01, 0xe1, 0x01, 0xe1, 0x01,
    0xe1, 0x01, 0xe1, 0x01, 0xe1, 0x01, 0xe1, 0x01, 0xe1, 0x01, 0xe1, 0x01, 0xe1, 0x01, 0x01, 0x02, 0x01, 0x02, 0x01, 0x02,
    0x01, 0x02, 0x01, 0x02, 0x01, 0x02, 0x21, 0x02, 0x21, 0x02, 0x21, 0x02, 0x21, 0x02, 0x01, 0x02, 0x01, 0x02, 0x01, 0x02,
    0x01, 0x02, 0x01, 0x02, 0x01, 0x02, 0x01, 0x02, 0xe1, 0x01, 0xa1, 0x01, 0x81, 0x01, 0x41, 0x01, 0x00, 0x01, 0xc0, 0x00,
    0x80, 0x00, 0x40, 0x00, 0x40, 0x00, 0x20, 0x00, 0x00, 0x00, 0x00, 0x00, 0x00, 0x00, 0x00, 0x00, 0x00, 0x00, 0x00, 0x00,
    0x00, 0x00, 0x00, 0x00, 0x00, 0x00, 0x00, 0x00, 0x00, 0x00, 0x00, 0x00, 0x00, 0x00, 0x00, 0x00, 0x00, 0x00, 0x00, 0x00,
    0x00, 0x00, 0x00, 0x00, 0x00, 0x00, 0x00, 0x00, 0x00, 0x00, 0x00, 0x00, 0x00, 0x00, 0x00, 0x00, 0x00, 0x00, 0x00, 0x00,
    0x00, 0x00, 0x00, 0x00, 0x00, 0x00, 0x00, 0x00, 0x00, 0x00, 0x00, 0x00, 0x00, 0x00, 0x20, 0x00, 0x20, 0x08, 0x40, 0x08,
    0x60, 0x10, 0x80, 0x10, 0xa0, 0x18, 0xe0, 0x20, 0x20, 0x29, 0x60, 0x31, 0x80, 0x39, 0xc0, 0x41, 0xe0, 0x49, 0xe0, 0x49,
    0xc0, 0x41, 0xa0, 0x39, 0x60, 0x39, 0x40, 0x31, 0x00, 0x29, 0xc0, 0x20, 0xa0, 0x18, 0x60, 0x10, 0x60, 0x08, 0x40, 0x08,
    0x20, 0x08, 0x00, 0x00, 0x00, 0x00, 0x00, 0x00, 0x00, 0x00, 0x00, 0x00, 0x00, 0x00, 0x00, 0x00, 0x00, 0x00, 0x00, 0x00,
    0x00, 0x00, 0x00, 0x00, 0x00, 0x00, 0x00, 0x00, 0x00, 0x00, 0x00, 0x00, 0x00, 0x00, 0x00, 0x00, 0x00, 0x00, 0x00, 0x00,
    0x00, 0x00, 0x00, 0x00, 0x00, 0x00, 0x00, 0x00, 0x00, 0x00, 0x00, 0x00, 0x00, 0x00, 0x00, 0x00, 0x00, 0x00, 0x00, 0x00,
    0x20, 0x00, 0x20, 0x08, 0x40, 0x08, 0x60, 0x10, 0x80, 0x10, 0xa0, 0x18, 0xe0, 0x20, 0x00, 0x29, 0x40, 0x31, 0x60, 0x39,
    0xa0, 0x41, 0xe0, 0x49, 0x20, 0x52, 0x40, 0x5a, 0x40, 0x5a, 0x40, 0x5a, 0x20, 0x52, 0x00, 0x4a, 0xc0, 0x41, 0x60, 0x31,
    0xe0, 0x20, 0xa0, 0x18, 0x60, 0x10, 0x40, 0x08, 0x20, 0x08, 0x00, 0x00, 0x00, 0x00, 0x00, 0x00, 0x00, 0x00, 0x00, 0x00,
    0x00, 0x00, 0x00, 0x00, 0x00, 0x00, 0x00, 0x00, 0x00, 0x00, 0x00, 0x00, 0x00, 0x00, 0x20, 0x00, 0x20, 0x00, 0x40, 0x00,
    0x80, 0x00, 0xa0, 0x00, 0xe0, 0x00, 0x40, 0x01, 0x81, 0x01, 0xe1, 0x01, 0x21, 0x02, 0x61, 0x02, 0xc2, 0x02, 0xe2, 0x02,
    0xe2, 0x02, 0xe2, 0x02, 0xe2, 0x02, 0x02, 0x03, 0x02, 0x03, 0x22, 0x03, 0x22, 0x03, 0x22, 0x03, 0x22, 0x03, 0x22, 0x03,
    0x22, 0x03, 0xe2, 0x02, 0xe2, 0x02, 0xe2, 0x02, 0xe2, 0x02, 0xe2, 0x02, 0x02, 0x03, 0x22, 0x03, 0x22, 0x03, 0x02, 0x03,
    0x02, 0x03, 0xc2, 0x02, 0xa2, 0x02, 0xc2, 0x02, 0xe2, 0x02, 0xe2, 0x02, 0x02, 0x03, 0x02, 0x03, 0x02, 0x03, 0xe2, 0x02,
    0x02, 0x03, 0x02, 0x03, 0x22, 0x03, 0x22, 0x03, 0x02, 0x03, 0x02, 0x03, 0x22, 0x03, 0x42, 0x03, 0x22, 0x03, 0x22, 0x03,
    0x42, 0x03, 0x42, 0x03, 0x62, 0x03, 0x62, 0x03, 0x62, 0x03, 0x62, 0x03, 0x42, 0x03, 0x42, 0x03, 0x42, 0x03, 0x62, 0x03,
    0x62, 0x03, 0x42, 0x03, 0x42, 0x03, 0x22, 0x03, 0x02, 0x03, 0xe2, 0x02, 0x82, 0x02, 0x01, 0x02, 0xa1, 0x01, 0x20, 0x01,
    0xc0, 0x00, 0xa0, 0x00, 0x60, 0x00, 0x20, 0x00, 0x20, 0x00, 0x00, 0x00, 0x00, 0x00, 0x00, 0x00, 0x00, 0x00, 0x00, 0x00,
    0x00, 0x00, 0x00, 0x00, 0x00, 0x00, 0x00, 0x00, 0x00, 0x00, 0x00, 0x00, 0x00, 0x00, 0x00, 0x00, 0x00, 0x00, 0x00, 0x00,
    0x00, 0x00, 0x00, 0x00, 0x00, 0x00, 0x00, 0x00, 0x00, 0x00, 0x00, 0x00, 0x00, 0x00, 0x00, 0x00, 0x00, 0x00, 0x00, 0x00,
    0x00, 0x00, 0x00, 0x00, 0x00, 0x00, 0x00, 0x00, 0x00, 0x00, 0x00, 0x00, 0x20, 0x00, 0x20, 0x08, 0x40, 0x08, 0x60, 0x10,
    0x80, 0x18, 0xc0, 0x18, 0x00, 0x29, 0x60, 0x31, 0xa0, 0x39, 0x00, 0x4a, 0x40, 0x52, 0x60, 0x5a, 0x80, 0x62, 0xa0, 0x62,
    0x80, 0x5a, 0x40, 0x52, 0x00, 0x4a, 0xc0, 0x41, 0x80, 0x39, 0x40, 0x31, 0xe0, 0x20, 0xa0, 0x18, 0x80, 0x10, 0x60, 0x10,
    0x40, 0x08, 0x20, 0x00, 0x20, 0x00, 0x00, 0x00, 0x00, 0x00, 0x00, 0x00, 0x00, 0x00, 0x00, 0x00, 0x00, 0x00, 0x00, 0x00,
    0x00, 0x00, 0x00, 0x00, 0x00, 0x00, 0x00, 0x00, 0x00, 0x00, 0x00, 0x00, 0x00, 0x00, 0x00, 0x00, 0x00, 0x00, 0x00, 0x00,
    0x00, 0x00, 0x00, 0x00, 0x00, 0x00, 0x00, 0x00, 0x00, 0x00, 0x00, 0x00, 0x00, 0x00, 0x00, 0x00, 0x00, 0x00, 0x20, 0x08,
    0x20, 0x08, 0x40, 0x08, 0x60, 0x10, 0x80, 0x10, 0xc0, 0x18, 0xe0, 0x20, 0x20, 0x29, 0x60, 0x31, 0xa0, 0x41, 0x00, 0x4a,
    0x40, 0x5a, 0x80, 0x62, 0xe0, 0x6a, 0xe0, 0x72, 0x00, 0x73, 0x00, 0x73, 0xe0, 0x6a, 0xa0, 0x62, 0x40, 0x52, 0xe0, 0x41,
    0x60, 0x31, 0x00, 0x21, 0xa0, 0x18, 0x60, 0x08, 0x40, 0x08, 0x20, 0x00, 0x00, 0x00, 0x00, 0x00, 0x00, 0x00, 0x00, 0x00,
    0x00, 0x00, 0x00, 0x00, 0x00, 0x00, 0x00, 0x00, 0x00, 0x00, 0x00, 0x00, 0x20, 0x00, 0x40, 0x00, 0x60, 0x00, 0x80, 0x00,
    0xc0, 0x00, 0x00, 0x01, 0x61, 0x01, 0xc1, 0x01, 0x21, 0x02, 0xa2, 0x02, 0x02, 0x03, 0x42, 0x03, 0xa2, 0x03, 0xc2, 0x03,
    0xc3, 0x03, 0xe3, 0x03, 0x03, 0x04, 0x03, 0x04, 0x03, 0x04, 0x03, 0x04, 0x03, 0x04, 0x03, 0x04, 0x23, 0x04, 0x23, 0x04,
    0x03, 0x04, 0xe3, 0x03, 0xc2, 0x03, 0xc2, 0x03, 0xe3, 0x03, 0x03, 0x04, 0x03, 0x04, 0xe3, 0x03, 0x03, 0x04, 0xe3, 0x03,
    0xe3, 0x03, 0xc3, 0x03, 0xa3, 0x03, 0xa2, 0x03, 0xe3, 0x03, 0xe3, 0x03, 0xe3, 0x03, 0x03, 0x04, 0x03, 0x04, 0x03, 0x04,
    0x03, 0x04, 0x03, 0x04, 0xe3, 0x03, 0x03, 0x04, 0x03, 0x04, 0xe3, 0x03, 0x03, 0x04, 0x23, 0x04, 0x23, 0x04, 0x03, 0x04,
    0x23, 0x04, 0x23, 0x04, 0x23, 0x04, 0x23, 0x04, 0x43, 0x04, 0x43, 0x04, 0x43, 0x04, 0x23, 0x04, 0x43, 0x04, 0x43, 0x04,
    0x43, 0x04, 0x43, 0x04, 0x23, 0x04, 0x03, 0x04, 0xe2, 0x03, 0xa3, 0x03, 0x62, 0x03, 0xc2, 0x02, 0x41, 0x02, 0xa1, 0x01,
    0x20, 0x01, 0xe0, 0x00, 0x80, 0x00, 0x40, 0x00, 0x40, 0x00, 0x20, 0x00, 0x00, 0x00, 0x00, 0x00, 0x00, 0x00, 0x00, 0x00,
    0x00, 0x00, 0x00, 0x00, 0x00, 0x00, 0x00, 0x00, 0x00, 0x00, 0x00, 0x00, 0x00, 0x00, 0x00, 0x00, 0x00, 0x00, 0x00, 0x00,
    0x00, 0x00, 0x00, 0x00, 0x00, 0x00, 0x00, 0x00, 0x00, 0x00, 0x00, 0x00, 0x00, 0x00, 0x00, 0x00, 0x00, 0x00, 0x00, 0x00,
    0x00, 0x00, 0x00, 0x00, 0x00, 0x00, 0x00, 0x00, 0x00, 0x00, 0x00, 0x00, 0x20, 0x00, 0x40, 0x08, 0x60, 0x10, 0xa0, 0x18,
    0xe0, 0x20, 0x20, 0x31, 0xa0, 0x39, 0x20, 0x52, 0x80, 0x5a, 0xe0, 0x6a, 0x60, 0x7b, 0x00, 0x9c, 0x40, 0xa4, 0x20, 0xa4,
    0xe0, 0x93, 0x60, 0x83, 0x00, 0x73, 0xc0, 0x6a, 0x60, 0x5a, 0xe0, 0x49, 0x60, 0x39, 0x00, 0x29, 0xc0, 0x20, 0x80, 0x10,
    0x60, 0x10, 0x40, 0x08, 0x20, 0x08, 0x20, 0x00, 0x00, 0x00, 0x00, 0x00, 0x00, 0x00, 0x00, 0x00, 0x00, 0x00, 0x00, 0x00,
    0x00, 0x00, 0x00, 0x00, 0x00, 0x00, 0x00, 0x00, 0x00, 0x00, 0x00, 0x00, 0x00, 0x00, 0x00, 0x00, 0x00, 0x00, 0x00, 0x00,
    0x00, 0x00, 0x00, 0x00, 0x00, 0x00, 0x00, 0x00, 0x00, 0x00, 0x00, 0x00, 0x00, 0x00, 0x20, 0x00, 0x20, 0x08, 0x40, 0x08,
    0x60, 0x08, 0x80, 0x10, 0xa0, 0x18, 0xc0, 0x20, 0x20, 0x29, 0x60, 0x39, 0xa0, 0x41, 0x00, 0x4a, 0x40, 0x5a, 0xc0, 0x6a,
    0x20, 0x73, 0x80, 0x8b, 0x40, 0xa4, 0xc0, 0xbc, 0x00, 0xc5, 0x00, 0xc5, 0x60, 0xac, 0x40, 0x83, 0xe0, 0x6a, 0xa0, 0x62,
    0x00, 0x4a, 0xa0, 0x39, 0x00, 0x21, 0x80, 0x10, 0x60, 0x10, 0x40, 0x08, 0x20, 0x00, 0x00, 0x00, 0x00, 0x00, 0x00, 0x00,
    0x00, 0x00, 0x00, 0x00, 0x00, 0x00, 0x00, 0x00, 0x00, 0x00, 0x00, 0x00, 0x20, 0x00, 0x60, 0x00, 0x80, 0x00, 0xc0, 0x00,
    0x40, 0x01, 0xa1, 0x01, 0x21, 0x02, 0xe2, 0x02, 0x42, 0x03, 0xc3, 0x03, 0x63, 0x04, 0x04, 0x05, 0x44, 0x05, 0x84, 0x05,
    0xc5, 0x05, 0xc4, 0x05, 0xc4, 0x05, 0xc4, 0x05, 0xc4, 0x05, 0xc5, 0x05, 0xc5, 0x05, 0xc4, 0x05, 0xc4, 0x05, 0xc4, 0x05,
    0xc4, 0x05, 0xc4, 0x05, 0xa4, 0x05, 0xa4, 0x05, 0xa5, 0x05, 0xc5, 0x05, 0xe4, 0x05, 0xc4, 0x05, 0xa4, 0x05, 0xa4, 0x05,
    0xc4, 0x05, 0xa4, 0x05, 0xa4, 0x05, 0xc4, 0x05, 0xc4, 0x05, 0xc4, 0x05, 0xc4, 0x05, 0xc5, 0x05, 0xa4, 0x05, 0xa4, 0x05,
    0xc4, 0x05, 0xc4, 0x05, 0xc4, 0x05, 0xa4, 0x05, 0xa4, 0x05, 0xc5, 0x05, 0xc4, 0x05, 0xc4, 0x05, 0xe5, 0x05, 0xe4, 0x05,
    0xc4, 0x05, 0xe4, 0x05, 0xe4, 0x05, 0xc4, 0x05, 0xc4, 0x05, 0xc4, 0x05, 0xe4, 0x05, 0xe4, 0x05, 0xe4, 0x05, 0xe4, 0x05,
    0xe5, 0x05, 0xe5, 0x05, 0xc5, 0x05, 0xc5, 0x05, 0xa5, 0x05, 0x04, 0x05, 0x43, 0x04, 0xc3, 0x03, 0x62, 0x03, 0x82, 0x02,
    0xc1, 0x01, 0x61, 0x01, 0xc0, 0x00, 0x80, 0x00, 0x60, 0x00, 0x40, 0x00, 0x20, 0x00, 0x00, 0x00, 0x00, 0x00, 0x00, 0x00,
    0x00, 0x00, 0x00, 0x00, 0x00, 0x00, 0x00, 0x00, 0x00, 0x00, 0x00, 0x00, 0x00, 0x00, 0x00, 0x00, 0x00, 0x00, 0x00, 0x00,
    0x00, 0x00, 0x00, 0x00, 0x00, 0x00, 0x00, 0x00, 0x00, 0x00, 0x00, 0x00, 0x00, 0x00, 0x00, 0x00, 0x00, 0x00, 0x00, 0x00,
    0x00, 0x00, 0x00, 0x00, 0x00, 0x00, 0x00, 0x00, 0x00, 0x00, 0x20, 0x00, 0x20, 0x08, 0x40, 0x08, 0x80, 0x10, 0xc0, 0x20,
    0x20, 0x31, 0xa0, 0x41, 0x20, 0x52, 0xa0, 0x62, 0x40, 0x7b, 0x40, 0xa4, 0xa0, 0xd5, 0x80, 0xf6, 0xe0, 0xfe, 0xc0, 0xf6,
    0x80, 0xf6, 0x00, 0xe6, 0xe0, 0xc4, 0xa0, 0x93, 0x00, 0x73, 0x80, 0x62, 0xe0, 0x49, 0x80, 0x39, 0x20, 0x29, 0xc0, 0x18,
    0x80, 0x18, 0x60, 0x10, 0x40, 0x08, 0x20, 0x08, 0x20, 0x00, 0x00, 0x00, 0x00, 0x00, 0x00, 0x00, 0x00, 0x00, 0x00, 0x00,
    0x00, 0x00, 0x00, 0x00, 0x00, 0x00, 0x00, 0x00, 0x00, 0x00, 0x00, 0x00, 0x00, 0x00, 0x00, 0x00, 0x00, 0x00, 0x00, 0x00,
    0x00, 0x00, 0x00, 0x00, 0x00, 0x00, 0x00, 0x00, 0x00, 0x00, 0x00, 0x00, 0x20, 0x00, 0x20, 0x08, 0x40, 0x08, 0x60, 0x08,
    0x80, 0x10, 0xa0, 0x18, 0xe0, 0x20, 0x20, 0x29, 0x80, 0x39, 0xe0, 0x49, 0x40, 0x52, 0xa0, 0x62, 0x00, 0x73, 0x80, 0x83,
    0x60, 0xac, 0xe0, 0xdd, 0xc0, 0xf6, 0x40, 0xff, 0x62, 0xff, 0x20, 0xff, 0xa0, 0xf6, 0xa0, 0xdd, 0x40, 0xa4, 0x40, 0x7b,
    0xa0, 0x62, 0x00, 0x4a, 0x40, 0x31, 0xc0, 0x18, 0x80, 0x10, 0x40, 0x08, 0x40, 0x08, 0x20, 0x00, 0x00, 0x00, 0x00, 0x00,
    0x00, 0x00, 0x00, 0x00, 0x00, 0x00, 0x00, 0x00, 0x00, 0x00, 0x20, 0x00, 0x40, 0x00, 0x80, 0x00, 0xa0, 0x00, 0x00, 0x01,
    0xa1, 0x01, 0x41, 0x02, 0xc2, 0x02, 0xc3, 0x03, 0x43, 0x04, 0x85, 0x05, 0xe7, 0x0e, 0x66, 0x07, 0x65, 0x07, 0xa5, 0x07,
    0xa5, 0x07, 0x85, 0x07, 0x85, 0x07, 0x85, 0x07, 0x85, 0x07, 0x85, 0x07, 0x85, 0x07, 0x85, 0x07, 0x85, 0x07, 0x85, 0x07,
    0x84, 0x07, 0x85, 0x07, 0xa5, 0x07, 0xa5, 0x07, 0xa5, 0x07, 0xa5, 0x07, 0xa5, 0x07, 0xa5, 0x07, 0x85, 0x07, 0x85, 0x07,
    0xa5, 0x07, 0x85, 0x07, 0xa5, 0x07, 0xa5, 0x07, 0xa5, 0x07, 0xa5, 0x07, 0xa5, 0x07, 0xa5, 0x07, 0x85, 0x07, 0x85, 0x07,
    0x85, 0x07, 0x85, 0x07, 0xa5, 0x07, 0x85, 0x07, 0x85, 0x07, 0x85, 0x07, 0xa5, 0x07, 0xa5, 0x07, 0xa5, 0x07, 0xa5, 0x07,
    0xa5, 0x07, 0xa5, 0x07, 0x85, 0x07, 0x85, 0x07, 0x85, 0x07, 0xa5, 0x07, 0xa5, 0x07, 0xa5, 0x07, 0xa5, 0x07, 0x85, 0x07,
    0x85, 0x07, 0x85, 0x07, 0xa5, 0x07, 0xa5, 0x07, 0xa6, 0x07, 0x66, 0x07, 0xa6, 0x0e, 0x44, 0x05, 0x23, 0x04, 0x42, 0x03,
    0x41, 0x02, 0xc1, 0x01, 0x20, 0x01, 0xa0, 0x00, 0x80, 0x00, 0x40, 0x00, 0x20, 0x00, 0x00, 0x00, 0x00, 0x00, 0x00, 0x00,
    0x00, 0x00, 0x00, 0x00, 0x00, 0x00, 0x00, 0x00, 0x00, 0x00, 0x00, 0x00, 0x00, 0x00, 0x00, 0x00, 0x00, 0x00, 0x00, 0x00,
    0x00, 0x00, 0x00, 0x00, 0x00, 0x00, 0x00, 0x00, 0x00, 0x00, 0x00, 0x00, 0x00, 0x00, 0x00, 0x00, 0x00, 0x00, 0x00, 0x00,
    0x00, 0x00, 0x00, 0x00, 0x00, 0x00, 0x00, 0x00, 0x00, 0x00, 0x20, 0x00, 0x40, 0x08, 0x60, 0x10, 0xc0, 0x18, 0x00, 0x29,
    0x80, 0x39, 0x00, 0x4a, 0xa0, 0x62, 0x60, 0x7b, 0x80, 0xac, 0x80, 0xf6, 0x60, 0xff, 0x8a, 0xff, 0xb3, 0xf7, 0xb5, 0xff,
    0xaf, 0xff, 0xa5, 0xff, 0x20, 0xff, 0xc0, 0xdd, 0xc0, 0x9b, 0x20, 0x7b, 0xa0, 0x62, 0x20, 0x52, 0xa0, 0x41, 0x40, 0x31,
    0xe0, 0x20, 0xa0, 0x18, 0x80, 0x10, 0x40, 0x08, 0x20, 0x08, 0x20, 0x08, 0x20, 0x00, 0x00, 0x00, 0x00, 0x00, 0x00, 0x00,
    0x00, 0x00, 0x00, 0x00, 0x00, 0x00, 0x00, 0x00, 0x00, 0x00, 0x00, 0x00, 0x00, 0x00, 0x00, 0x00, 0x00, 0x00, 0x00, 0x00,
    0x00, 0x00, 0x00, 0x00, 0x00, 0x00, 0x00, 0x00, 0x00, 0x00, 0x00, 0x00, 0x20, 0x08, 0x40, 0x08, 0x60, 0x10, 0x80, 0x10,
    0xa0, 0x18, 0xe0, 0x20, 0x40, 0x31, 0x80, 0x39, 0x00, 0x4a, 0x40, 0x5a, 0xa0, 0x62, 0x40, 0x7b, 0xc0, 0x8b, 0xc0, 0xbc,
    0xa0, 0xf6, 0x80, 0xff, 0xac, 0xff, 0xd9, 0xff, 0xdc, 0xff, 0xda, 0xff, 0x8f, 0xf7, 0x81, 0xff, 0xc0, 0xf6, 0x80, 0xac,
    0x20, 0x73, 0x60, 0x5a, 0x80, 0x39, 0x00, 0x21, 0xc0, 0x18, 0x60, 0x08, 0x40, 0x08, 0x20, 0x00, 0x00, 0x00, 0x00, 0x00,
    0x00, 0x00, 0x00, 0x00, 0x00, 0x00, 0x00, 0x00, 0x00, 0x00, 0x20, 0x00, 0x60, 0x00, 0xa0, 0x00, 0xe0, 0x00, 0x41, 0x01,
    0x21, 0x02, 0xe2, 0x02, 0xa3, 0x03, 0x83, 0x04, 0x46, 0x0e, 0xc7, 0x07, 0xe6, 0x07, 0xa9, 0x27, 0xae, 0x57, 0xcf, 0x5f,
    0xaf, 0x5f, 0xaf, 0x5f, 0xaf, 0x5f, 0xaf, 0x57, 0xaf, 0x57, 0xaf, 0x57, 0xaf, 0x57, 0xaf, 0x57, 0x8f, 0x57, 0xaf, 0x57,
    0xaf, 0x5f, 0xaf, 0x5f, 0xaf, 0x5f, 0xcf, 0x5f, 0xaf, 0x57, 0xaf, 0x57, 0xaf, 0x57, 0xaf, 0x57, 0xaf, 0x5f, 0xaf, 0x5f,
    0xaf, 0x5f, 0xaf, 0x5f, 0xaf, 0x5f, 0xaf, 0x5f, 0xaf, 0x57, 0xaf, 0x5f, 0xaf, 0x5f, 0xaf, 0x5f, 0xaf, 0x57, 0xaf, 0x5f,
    0xaf, 0x5f, 0xaf, 0x5f, 0xaf, 0x5f, 0xaf, 0x5f, 0xaf, 0x57, 0xaf, 0x57, 0xaf, 0x57, 0xaf, 0x5f, 0xaf, 0x5f, 0xaf, 0x57,
    0xaf, 0x57, 0xaf, 0x5f, 0xaf, 0x5f, 0xaf, 0x5f, 0xaf, 0x5f, 0xaf, 0x5f, 0xaf, 0x57, 0xaf, 0x5f, 0xaf, 0x5f, 0xaf, 0x5f,
    0x8f, 0x57, 0xaf, 0x5f, 0xb0, 0x5f, 0xb0, 0x67, 0xaf, 0x57, 0xca, 0x27, 0xa5, 0x07, 0x46, 0x07, 0xc5, 0x05, 0x23, 0x04,
    0x22, 0x03, 0x61, 0x02, 0x81, 0x01, 0x00, 0x01, 0xa0, 0x00, 0x60, 0x00, 0x40, 0x00, 0x20, 0x00, 0x00, 0x00, 0x00, 0x00,
    0x00, 0x00, 0x00, 0x00, 0x00, 0x00, 0x00, 0x00, 0x00, 0x00, 0x00, 0x00, 0x00, 0x00, 0x00, 0x00, 0x00, 0x00, 0x00, 0x00,
    0x00, 0x00, 0x00, 0x00, 0x00, 0x00, 0x00, 0x00, 0x00, 0x00, 0x00, 0x00, 0x00, 0x00, 0x00, 0x00, 0x00, 0x00, 0x00, 0x00,
    0x00, 0x00, 0x00, 0x00, 0x00, 0x00, 0x00, 0x00, 0x00, 0x00, 0x20, 0x08, 0x40, 0x08, 0x80, 0x10, 0xe0, 0x20, 0x20, 0x31,
    0xc0, 0x41, 0x80, 0x62, 0x40, 0x7b, 0x40, 0xa4, 0x60, 0xf6, 0x62, 0xff, 0xb6, 0xf7, 0xdf, 0xff, 0xde, 0xff, 0xdd, 0xff,
    0xdf, 0xff, 0xde, 0xff, 0x8e, 0xf7, 0x00, 0xf7, 0xc0, 0xe5, 0x20, 0xa4, 0x80, 0x8b, 0xe0, 0x72, 0x60, 0x5a, 0xe0, 0x49,
    0x80, 0x39, 0x20, 0x29, 0xe0, 0x20, 0x80, 0x18, 0x40, 0x08, 0x40, 0x08, 0x20, 0x08, 0x20, 0x00, 0x00, 0x00, 0x00, 0x00,
    0x00, 0x00, 0x00, 0x00, 0x00, 0x00, 0x00, 0x00, 0x00, 0x00, 0x00, 0x00, 0x00, 0x00, 0x00, 0x00, 0x00, 0x00, 0x00, 0x00,
    0x00, 0x00, 0x00, 0x00, 0x00, 0x00, 0x00, 0x00, 0x20, 0x00, 0x20, 0x00, 0x40, 0x08, 0x60, 0x10, 0x80, 0x10, 0xc0, 0x18,
    0xe0, 0x20, 0x40, 0x31, 0xa0, 0x41, 0x00, 0x4a, 0x80, 0x5a, 0xe0, 0x6a, 0x60, 0x83, 0xe0, 0x93, 0x00, 0xc5, 0xc0, 0xfe,
    0x82, 0xff, 0xd8, 0xff, 0xdf, 0xff, 0xdc, 0xff, 0xd8, 0xff, 0xda, 0xff, 0xdf, 0xff, 0xd8, 0xff, 0xa2, 0xff, 0x20, 0xe6,
    0x80, 0x8b, 0xc0, 0x6a, 0x00, 0x4a, 0x60, 0x31, 0xe0, 0x20, 0x80, 0x10, 0x40, 0x08, 0x20, 0x00, 0x20, 0x00, 0x00, 0x00,
    0x00, 0x00, 0x00, 0x00, 0x00, 0x00, 0x00, 0x00, 0x20, 0x00, 0x40, 0x00, 0x80, 0x00, 0xc0, 0x00, 0x20, 0x01, 0xc1, 0x01,
    0xe2, 0x02, 0xc3, 0x03, 0x83, 0x04, 0x46, 0x0e, 0xc6, 0x07, 0xa9, 0x1f, 0xd7, 0xaf, 0xde, 0xf7, 0xff, 0xff, 0xdf, 0xff,
    0xdf, 0xff, 0xdf, 0xff, 0xdf, 0xff, 0xdf, 0xff, 0xdf, 0xff, 0xdf, 0xff, 0xdf, 0xff, 0xdf, 0xff, 0xdf, 0xff, 0xdf, 0xff,
    0xdf, 0xff, 0xdf, 0xff, 0xdf, 0xff, 0xdf, 0xff, 0xdf, 0xff, 0xdf, 0xff, 0xdf, 0xff, 0xdf, 0xff, 0xdf, 0xff, 0xdf, 0xff,
    0xdf, 0xff, 0xdf, 0xff, 0xdf, 0xff, 0xdf, 0xff, 0xdf, 0xff, 0xdf, 0xff, 0xdf, 0xff, 0xdf, 0xff, 0xdf, 0xff, 0xdf, 0xff,
    0xdf, 0xff, 0xdf, 0xff, 0xdf, 0xff, 0xdf, 0xff, 0xdf, 0xff, 0xdf, 0xff, 0xdf, 0xff, 0xdf, 0xff, 0xdf, 0xff, 0xdf, 0xff,
    0xdf, 0xff, 0xdf, 0xff, 0xdf, 0xff, 0xdf, 0xff, 0xdf, 0xff, 0xdf, 0xff, 0xdf, 0xff, 0xdf, 0xff, 0xdf, 0xff, 0xdf, 0xff,
    0xdf, 0xff, 0xdf, 0xff, 0xdf, 0xff, 0xdf, 0xff, 0xdf, 0xff, 0xde, 0xf7, 0x94, 0x97, 0x87, 0x0f, 0xa6, 0x07, 0xc5, 0x05,
    0x23, 0x04, 0x42, 0x03, 0x01, 0x02, 0x60, 0x01, 0xe0, 0x00, 0x80, 0x00, 0x40, 0x00, 0x20, 0x00, 0x00, 0x00, 0x00, 0x00,
    0x00, 0x00, 0x00, 0x00, 0x00, 0x00, 0x00, 0x00, 0x00, 0x00, 0x00, 0x00, 0x00, 0x00, 0x00, 0x00, 0x00, 0x00, 0x00, 0x00,
    0x00, 0x00, 0x00, 0x00, 0x00, 0x00, 0x00, 0x00, 0x00, 0x00, 0x00, 0x00, 0x00, 0x00, 0x00, 0x00, 0x00, 0x00, 0x00, 0x00,
    0x00, 0x00, 0x00, 0x00, 0x00, 0x00, 0x00, 0x00, 0x00, 0x00, 0x20, 0x08, 0x40, 0x08, 0x80, 0x10, 0xe0, 0x20, 0x40, 0x31,
    0x00, 0x4a, 0xe0, 0x6a, 0xa0, 0x8b, 0x40, 0xcd, 0x60, 0xff, 0xd4, 0xff, 0xdf, 0xff, 0xd3, 0xff, 0xcc, 0xff, 0xa9, 0xff,
    0xac, 0xff, 0xd5, 0xff, 0xdf, 0xff, 0x91, 0xf7, 0x40, 0xff, 0x00, 0xe6, 0x60, 0xac, 0xa0, 0x8b, 0x00, 0x73, 0x60, 0x5a,
    0xe0, 0x49, 0x80, 0x39, 0x20, 0x29, 0xc0, 0x20, 0x80, 0x10, 0x60, 0x10, 0x40, 0x08, 0x20, 0x08, 0x20, 0x00, 0x00, 0x00,
    0x00, 0x00, 0x00, 0x00, 0x00, 0x00, 0x00, 0x00, 0x00, 0x00, 0x00, 0x00, 0x00, 0x00, 0x00, 0x00, 0x00, 0x00, 0x00, 0x00,
    0x00, 0x00, 0x00, 0x00, 0x00, 0x00, 0x20, 0x00, 0x20, 0x08, 0x20, 0x08, 0x40, 0x08, 0x80, 0x10, 0xa0, 0x18, 0xe0, 0x20,
    0x20, 0x31, 0x80, 0x39, 0x00, 0x4a, 0x60, 0x5a, 0xe0, 0x6a, 0x60, 0x83, 0x00, 0x9c, 0x20, 0xcd, 0xe0, 0xfe, 0x83, 0xff,
    0xda, 0xff, 0xdf, 0xff, 0xd3, 0xff, 0xaa, 0xff, 0xa5, 0xff, 0xa8, 0xff, 0xd2, 0xff, 0xdf, 0xff, 0xd0, 0xff, 0x00, 0xf7,
    0x60, 0xac, 0x20, 0x73, 0x40, 0x52, 0x80, 0x39, 0x00, 0x21, 0x80, 0x10, 0x60, 0x08, 0x40, 0x08, 0x20, 0x00, 0x00, 0x00,
    0x00, 0x00, 0x00, 0x00, 0x00, 0x00, 0x00, 0x00, 0x20, 0x00, 0x40, 0x00, 0x80, 0x00, 0xe0, 0x00, 0x61, 0x01, 0x01, 0x02,
    0x42, 0x03, 0x43, 0x04, 0xc5, 0x0d, 0xc7, 0x07, 0x88, 0x17, 0xbb, 0xd7, 0xdf, 0xff, 0xdf, 0xff, 0xdc, 0xe7, 0xda, 0xcf,
    0xba, 0xc7, 0xda, 0xc7, 0xda, 0xc7, 0xba, 0xc7, 0xda, 0xc7, 0xda, 0xc7, 0xda, 0xc7, 0xda, 0xc7, 0xda, 0xc7, 0xba, 0xc7,
    0xba, 0xc7, 0xba, 0xc7, 0xda, 0xc7, 0xda, 0xc7, 0xda, 0xc7, 0xda, 0xc7, 0xda, 0xc7, 0xda, 0xc7, 0xda, 0xc7, 0xda, 0xc7,
    0xda, 0xc7, 0xba, 0xc7, 0xb9, 0xc7, 0xba, 0xc7, 0xda, 0xc7, 0xda, 0xc7, 0xba, 0xc7, 0xba, 0xc7, 0xda, 0xc7, 0xda, 0xc7,
    0xda, 0xc7, 0xda, 0xc7, 0xda, 0xc7, 0xda, 0xc7, 0xda, 0xc7, 0xda, 0xc7, 0xda, 0xc7, 0xda, 0xc7, 0xda, 0xc7, 0xba, 0xc7,
    0xda, 0xc7, 0xda, 0xc7, 0xda, 0xc7, 0xda, 0xc7, 0xda, 0xc7, 0xda, 0xc7, 0xba, 0xc7, 0xd9, 0xc7, 0xb9, 0xc7, 0xb9, 0xc7,
    0xba, 0xc7, 0xda, 0xc7, 0xda, 0xc7, 0xda, 0xc7, 0xdb, 0xd7, 0xde, 0xef, 0xdf, 0xff, 0xd9, 0xbf, 0xc7, 0x0f, 0x46, 0x07,
    0xe4, 0x04, 0xc3, 0x03, 0x62, 0x02, 0xa1, 0x01, 0x00, 0x01, 0x80, 0x00, 0x60, 0x00, 0x20, 0x00, 0x00, 0x00, 0x00, 0x00,
    0x00, 0x00, 0x00, 0x00, 0x00, 0x00, 0x00, 0x00, 0x00, 0x00, 0x00, 0x00, 0x00, 0x00, 0x00, 0x00, 0x00, 0x00, 0x00, 0x00,
    0x00, 0x00, 0x00, 0x00, 0x00, 0x00, 0x00, 0x00, 0x00, 0x00, 0x00, 0x00, 0x00, 0x00, 0x00, 0x00, 0x00, 0x00, 0x00, 0x00,
    0x00, 0x00, 0x00, 0x00, 0x00, 0x00, 0x00, 0x00, 0x20, 0x00, 0x40, 0x08, 0x60, 0x10, 0xa0, 0x18, 0x00, 0x29, 0x60, 0x39,
    0x40, 0x52, 0x00, 0x73, 0xc0, 0x93, 0x00, 0xe6, 0xa3, 0xff, 0xde, 0xff, 0xd7, 0xff, 0xa7, 0xff, 0x81, 0xff, 0x80, 0xff,
    0x81, 0xff, 0xa5, 0xff, 0xb1, 0xff, 0xdf, 0xff, 0xb2, 0xff, 0x40, 0xff, 0x20, 0xee, 0x40, 0xac, 0x80, 0x8b, 0x00, 0x73,
    0x60, 0x62, 0xe0, 0x49, 0xa0, 0x41, 0x40, 0x31, 0xe0, 0x20, 0xa0, 0x18, 0x60, 0x10, 0x40, 0x08, 0x20, 0x08, 0x20, 0x00,
    0x00, 0x00, 0x00, 0x00, 0x00, 0x00, 0x00, 0x00, 0x00, 0x00, 0x00, 0x00, 0x00, 0x00, 0x00, 0x00, 0x00, 0x00, 0x00, 0x00,
    0x00, 0x00, 0x00, 0x00, 0x20, 0x00, 0x20, 0x08, 0x40, 0x08, 0x40, 0x08, 0x80, 0x10, 0xc0, 0x20, 0x00, 0x29, 0x60, 0x31,
    0xc0, 0x41, 0x00, 0x52, 0x80, 0x62, 0xe0, 0x72, 0x60, 0x83, 0x00, 0x9c, 0x20, 0xcd, 0xe0, 0xfe, 0xa3, 0xff, 0xdb, 0xff,
    0xde, 0xff, 0xd0, 0xff, 0xa5, 0xff, 0x81, 0xff, 0x80, 0xff, 0xa0, 0xff, 0xa6, 0xff, 0xd6, 0xff, 0xd8, 0xff, 0x40, 0xff,
    0x40, 0xcd, 0x60, 0x83, 0x60, 0x5a, 0x80, 0x39, 0x00, 0x21, 0x80, 0x10, 0x60, 0x08, 0x40, 0x08, 0x20, 0x00, 0x00, 0x00,
    0x00, 0x00, 0x00, 0x00, 0x00, 0x00, 0x20, 0x00, 0x40, 0x00, 0x60, 0x00, 0xa0, 0x00, 0x20, 0x01, 0xe1, 0x01, 0xa1, 0x02,
    0xa2, 0x03, 0xc3, 0x04, 0xe6, 0x0e, 0xc5, 0x07, 0xb4, 0x8f, 0xdf, 0xff, 0xdd, 0xef, 0xd8, 0xbf, 0xb3, 0x87, 0xb0, 0x6f,
    0xb0, 0x67, 0xb0, 0x67, 0xb0, 0x67, 0xb0, 0x67, 0xb0, 0x67, 0xb0, 0x5f, 0xb0, 0x5f, 0xb0, 0x5f, 0xaf, 0x5f, 0xaf, 0x5f,
    0xaf, 0x5f, 0xaf, 0x5f, 0xaf, 0x5f, 0xaf, 0x5f, 0xaf, 0x5f, 0xb0, 0x67, 0xb0, 0x5f, 0xaf, 0x5f, 0xaf, 0x5f, 0xaf, 0x5f,
    0xaf, 0x5f, 0xaf, 0x5f, 0xaf, 0x5f, 0xb0, 0x5f, 0xb0, 0x5f, 0xb0, 0x5f, 0xb0, 0x5f, 0xb0, 0x5f, 0xaf, 0x5f, 0xb0, 0x5f,
    0xb0, 0x5f, 0xb0, 0x5f, 0xb0, 0x5f, 0xb0, 0x5f, 0xaf, 0x5f, 0xaf, 0x5f, 0xb0, 0x5f, 0xb0, 0x5f, 0xb0, 0x5f, 0xaf, 0x5f,
    0xb0, 0x5f, 0xb0, 0x5f, 0xb0, 0x5f, 0xb0, 0x67, 0xb0, 0x67, 0xb0, 0x5f, 0xaf, 0x5f, 0xb0, 0x5f, 0xb0, 0x5f, 0xb0, 0x5f,
    0xaf, 0x67, 0xaf, 0x67, 0xaf, 0x5f, 0xb0, 0x67, 0xb2, 0x7f, 0xd8, 0xaf, 0xdd, 0xef, 0xff, 0xff, 0xb1, 0x67, 0xc5, 0x07,
    0x05, 0x0e, 0x23, 0x04, 0xe2, 0x02, 0x21, 0x02, 0x61, 0x01, 0xa0, 0x00, 0x60, 0x00, 0x40, 0x00, 0x20, 0x00, 0x00, 0x00,
    0x00, 0x00, 0x00, 0x00, 0x00, 0x00, 0x00, 0x00, 0x00, 0x00, 0x00, 0x00, 0x00, 0x00, 0x00, 0x00, 0x00, 0x00, 0x00, 0x00,
    0x00, 0x00, 0x00, 0x00, 0x00, 0x00, 0x00, 0x00, 0x00, 0x00, 0x00, 0x00, 0x00, 0x00, 0x00, 0x00, 0x00, 0x00, 0x00, 0x00,
    0x00, 0x00, 0x00, 0x00, 0x00, 0x00, 0x00, 0x00, 0x20, 0x00, 0x40, 0x08, 0x60, 0x10, 0xa0, 0x18, 0x00, 0x29, 0x80, 0x39,
    0x40, 0x5a, 0x20, 0x73, 0x00, 0x9c, 0x60, 0xee, 0xa7, 0xff, 0xde, 0xff, 0xb0, 0xff, 0x82, 0xff, 0x80, 0xff, 0x60, 0xff,
    0x60, 0xff, 0x80, 0xff, 0xa5, 0xff, 0xb1, 0xff, 0xff, 0xff, 0xb2, 0xff, 0x40, 0xff, 0x00, 0xe6, 0x40, 0xac, 0xa0, 0x8b,
    0x00, 0x73, 0x60, 0x62, 0x20, 0x52, 0xa0, 0x41, 0x20, 0x31, 0xe0, 0x20, 0x80, 0x18, 0x60, 0x10, 0x40, 0x08, 0x20, 0x08,
    0x20, 0x00, 0x00, 0x00, 0x00, 0x00, 0x00, 0x00, 0x00, 0x00, 0x00, 0x00, 0x00, 0x00, 0x00, 0x00, 0x00, 0x00, 0x00, 0x00,
    0x00, 0x00, 0x20, 0x00, 0x20, 0x08, 0x40, 0x08, 0x60, 0x10, 0x80, 0x10, 0xc0, 0x18, 0x00, 0x29, 0x60, 0x31, 0xc0, 0x41,
    0x20, 0x52, 0x80, 0x62, 0x00, 0x73, 0x80, 0x83, 0x00, 0x9c, 0x20, 0xcd, 0xe0, 0xfe, 0x84, 0xff, 0xdb, 0xff, 0xde, 0xff,
    0xd0, 0xff, 0xa4, 0xff, 0x80, 0xff, 0x60, 0xff, 0x61, 0xff, 0x80, 0xff, 0x82, 0xff, 0xb1, 0xff, 0xd9, 0xff, 0x61, 0xff,
    0xa0, 0xd5, 0x60, 0x83, 0x60, 0x5a, 0x80, 0x39, 0x00, 0x29, 0x80, 0x10, 0x60, 0x08, 0x40, 0x08, 0x20, 0x00, 0x00, 0x00,
    0x00, 0x00, 0x00, 0x00, 0x00, 0x00, 0x20, 0x00, 0x40, 0x00, 0x80, 0x00, 0xc0, 0x00, 0x61, 0x01, 0x61, 0x02, 0x02, 0x03,
    0x03, 0x04, 0x44, 0x05, 0x66, 0x07, 0xa7, 0x0f, 0xdc, 0xdf, 0xdf, 0xff, 0xd9, 0xbf, 0xb1, 0x77, 0xac, 0x3f, 0xaa, 0x27,
    0xa9, 0x1f, 0xa9, 0x1f, 0xa9, 0x1f, 0x89, 0x1f, 0x89, 0x1f, 0x89, 0x1f, 0x89, 0x1f, 0x89, 0x1f, 0x8a, 0x1f, 0x89, 0x1f,
    0x89, 0x1f, 0x89, 0x1f, 0x89, 0x1f, 0x89, 0x1f, 0x89, 0x1f, 0x89, 0x1f, 0x89, 0x1f, 0x89, 0x1f, 0x89, 0x1f, 0x89, 0x1f,
    0x89, 0x1f, 0x89, 0x1f, 0x89, 0x1f, 0x89, 0x1f, 0x89, 0x1f, 0x89, 0x1f, 0x89, 0x1f, 0x89, 0x1f, 0x89, 0x1f, 0x89, 0x1f,
    0x89, 0x1f, 0x89, 0x1f, 0x89, 0x1f, 0x89, 0x1f, 0x89, 0x1f, 0x89, 0x1f, 0x8a, 0x1f, 0x8a, 0x1f, 0x8a, 0x1f, 0x89, 0x1f,
    0x89, 0x1f, 0x89, 0x1f, 0x89, 0x1f, 0x89, 0x1f, 0x89, 0x1f, 0x89, 0x1f, 0x89, 0x1f, 0x89, 0x1f, 0x8a, 0x1f, 0x8a, 0x1f,
    0x89, 0x1f, 0x89, 0x1f, 0x89, 0x17, 0xa9, 0x1f, 0xac, 0x37, 0xb2, 0x77, 0xd9, 0xbf, 0xdf, 0xff, 0xb9, 0xbf, 0xc6, 0x07,
    0xc6, 0x0e, 0x84, 0x04, 0x42, 0x03, 0x81, 0x02, 0xa1, 0x01, 0xc0, 0x00, 0x80, 0x00, 0x40, 0x00, 0x20, 0x00, 0x00, 0x00,
    0x00, 0x00, 0x00, 0x00, 0x00, 0x00, 0x00, 0x00, 0x00, 0x00, 0x00, 0x00, 0x00, 0x00, 0x00, 0x00, 0x00, 0x00, 0x00, 0x00,
    0x00, 0x00, 0x00, 0x00, 0x00, 0x00, 0x00, 0x00, 0x00, 0x00, 0x00, 0x00, 0x00, 0x00, 0x00, 0x00, 0x00, 0x00, 0x00, 0x00,
    0x00, 0x00, 0x00, 0x00, 0x00, 0x00, 0x00, 0x00, 0x20, 0x00, 0x40, 0x08, 0x60, 0x10, 0xa0, 0x18, 0x20, 0x29, 0x80, 0x39,
    0x40, 0x5a, 0x00, 0x73, 0xe0, 0x9b, 0x20, 0xe6, 0x83, 0xff, 0xdd, 0xff, 0xb1, 0xff, 0xa2, 0xff, 0x80, 0xff, 0x60, 0xff,
    0x60, 0xff, 0x60, 0xff, 0x80, 0xff, 0xa5, 0xff, 0xd1, 0xff, 0xff, 0xff, 0xb2, 0xff, 0x20, 0xff, 0x20, 0xe6, 0x60, 0xac,
    0xa0, 0x8b, 0x00, 0x73, 0xa0, 0x62, 0x00, 0x52, 0x80, 0x39, 0x40, 0x31, 0xc0, 0x20, 0x80, 0x18, 0x60, 0x10, 0x40, 0x08,
    0x40, 0x08, 0x20, 0x00, 0x00, 0x00, 0x00, 0x00, 0x00, 0x00, 0x00, 0x00, 0x00, 0x00, 0x00, 0x00, 0x00, 0x00, 0x00, 0x00,
    0x20, 0x00, 0x20, 0x08, 0x40, 0x08, 0x60, 0x10, 0x80, 0x10, 0xa0, 0x18, 0xe0, 0x20, 0x40, 0x31, 0xa0, 0x41, 0x20, 0x52,
    0x80, 0x62, 0x00, 0x73, 0xa0, 0x8b, 0x00, 0x9c, 0x40, 0xcd, 0x00, 0xff, 0x84, 0xff, 0xdb, 0xff, 0xde, 0xff, 0xd0, 0xff,
    0xa5, 0xff, 0x80, 0xff, 0x60, 0xff, 0x60, 0xff, 0x60, 0xff, 0x80, 0xff, 0x83, 0xff, 0xb4, 0xff, 0xd5, 0xff, 0x60, 0xff,
    0x20, 0xc5, 0x20, 0x7b, 0x40, 0x52, 0x80, 0x39, 0x00, 0x29, 0x80, 0x10, 0x60, 0x08, 0x40, 0x08, 0x20, 0x00, 0x00, 0x00,
    0x00, 0x00, 0x00, 0x00, 0x00, 0x00, 0x20, 0x00, 0x60, 0x00, 0x80, 0x00, 0xe0, 0x00, 0x81, 0x01, 0x81, 0x02, 0x62, 0x03,
    0x43, 0x04, 0xa4, 0x05, 0x85, 0x07, 0xa9, 0x27, 0xde, 0xf7, 0xde, 0xef, 0xb4, 0x97, 0xad, 0x47, 0xa9, 0x1f, 0xa7, 0x0f,
    0xa7, 0x07, 0xa7, 0x07, 0xa7, 0x07, 0xa7, 0x0f, 0xa7, 0x0f, 0xa7, 0x0f, 0x87, 0x0f, 0x88, 0x0f, 0x88, 0x0f, 0x87, 0x0f,
    0x87, 0x07, 0x87, 0x07, 0x87, 0x0f, 0x87, 0x0f, 0x87, 0x0f, 0x87, 0x07, 0x87, 0x07, 0x87, 0x0f, 0x87, 0x0f, 0x87, 0x0f,
    0x87, 0x0f, 0x87, 0x0f, 0x87, 0x07, 0x87, 0x07, 0x87, 0x07, 0xa7, 0x0f, 0xa7, 0x0f, 0xa7, 0x0f, 0x87, 0x0f, 0x87, 0x0f,
    0x87, 0x0f, 0x87, 0x0f, 0x87, 0x0f, 0x88, 0x0f, 0x88, 0x0f, 0x87, 0x0f, 0x87, 0x0f, 0x87, 0x0f, 0x88, 0x0f, 0x87, 0x0f,
    0x87, 0x0f, 0x87, 0x0f, 0x87, 0x0f, 0x87, 0x07, 0x87, 0x07, 0x87, 0x07, 0x87, 0x0f, 0x88, 0x0f, 0x88, 0x0f, 0x88, 0x0f,
    0x87, 0x07, 0x87, 0x07, 0x87, 0x07, 0xa7, 0x07, 0xa8, 0x17, 0xad, 0x47, 0xd4, 0x8f, 0xde, 0xef, 0xdc, 0xdf, 0xe7, 0x0f,
    0x06, 0x07, 0xc4, 0x04, 0x82, 0x03, 0xc2, 0x02, 0xc1, 0x01, 0xe0, 0x00, 0xa0, 0x00, 0x60, 0x00, 0x20, 0x00, 0x00, 0x00,
    0x00, 0x00, 0x00, 0x00, 0x00, 0x00, 0x00, 0x00, 0x00, 0x00, 0x00, 0x00, 0x00, 0x00, 0x00, 0x00, 0x00, 0x00, 0x00, 0x00,
    0x00, 0x00, 0x00, 0x00, 0x00, 0x00, 0x00, 0x00, 0x00, 0x00, 0x00, 0x00, 0x00, 0x00, 0x00, 0x00, 0x00, 0x00, 0x00, 0x00,
    0x00, 0x00, 0x00, 0x00, 0x00, 0x00, 0x00, 0x00, 0x20, 0x00, 0x40, 0x08, 0x60, 0x08, 0xa0, 0x18, 0x00, 0x29, 0x80, 0x39,
    0x20, 0x52, 0xe0, 0x72, 0xa0, 0x8b, 0x40, 0xcd, 0x20, 0xff, 0xb4, 0xff, 0xda, 0xff, 0xa7, 0xff, 0x80, 0xff, 0x60, 0xff,
    0x60, 0xff, 0x40, 0xff, 0x60, 0xff, 0x80, 0xff, 0xa5, 0xff, 0xb1, 0xff, 0xdf, 0xff, 0xb1, 0xff, 0x40, 0xff, 0x00, 0xe6,
    0x40, 0xac, 0xc0, 0x93, 0x20, 0x7b, 0x80, 0x62, 0x20, 0x52, 0xc0, 0x41, 0x20, 0x31, 0xe0, 0x20, 0xa0, 0x18, 0x80, 0x10,
    0x60, 0x10, 0x40, 0x08, 0x20, 0x00, 0x20, 0x00, 0x00, 0x00, 0x00, 0x00, 0x00, 0x00, 0x00, 0x00, 0x00, 0x00, 0x20, 0x08,
    0x40, 0x08, 0x40, 0x08, 0x60, 0x10, 0xa0, 0x18, 0xc0, 0x20, 0x00, 0x29, 0x40, 0x31, 0xc0, 0x41, 0x00, 0x4a, 0x80, 0x62,
    0x00, 0x73, 0x80, 0x83, 0x20, 0x9c, 0x60, 0xd5, 0x00, 0xff, 0x84, 0xff, 0xdc, 0xff, 0xde, 0xff, 0xaf, 0xff, 0x84, 0xff,
    0x80, 0xff, 0x60, 0xff, 0x60, 0xff, 0x60, 0xff, 0x60, 0xff, 0x81, 0xff, 0xaa, 0xff, 0xdb, 0xff, 0xa9, 0xff, 0xc0, 0xf6,
    0x40, 0xa4, 0x00, 0x73, 0x20, 0x52, 0x80, 0x39, 0x00, 0x21, 0x80, 0x10, 0x60, 0x08, 0x40, 0x08, 0x20, 0x00, 0x00, 0x00,
    0x00, 0x00, 0x00, 0x00, 0x00, 0x00, 0x20, 0x00, 0x60, 0x00, 0xa0, 0x00, 0x00, 0x01, 0xc1, 0x01, 0xc2, 0x02, 0xa2, 0x03,
    0x83, 0x04, 0xe5, 0x05, 0x85, 0x07, 0x89, 0x27, 0xde, 0xf7, 0xdc, 0xe7, 0xb3, 0x87, 0xab, 0x37, 0xa8, 0x0f, 0xa7, 0x0f,
    0xa8, 0x0f, 0xaa, 0x27, 0xac, 0x37, 0xad, 0x3f, 0xad, 0x3f, 0xad, 0x3f, 0xad, 0x3f, 0xad, 0x3f, 0xad, 0x3f, 0xad, 0x3f,
    0xad, 0x3f, 0xad, 0x3f, 0xad, 0x3f, 0xad, 0x3f, 0xad, 0x3f, 0xad, 0x3f, 0xad, 0x3f, 0xac, 0x3f, 0xac, 0x3f, 0xad, 0x3f,
    0xad, 0x3f, 0xac, 0x37, 0xac, 0x3f, 0xac, 0x3f, 0xad, 0x3f, 0xad, 0x3f, 0xad, 0x3f, 0xad, 0x3f, 0xad, 0x3f, 0xad, 0x3f,
    0xad, 0x3f, 0xad, 0x3f, 0xad, 0x3f, 0xad, 0x3f, 0xad, 0x3f, 0xad, 0x3f, 0xad, 0x3f, 0xad, 0x3f, 0xad, 0x3f, 0xad, 0x3f,
    0xad, 0x3f, 0xad, 0x3f, 0xad, 0x3f, 0xac, 0x37, 0xac, 0x3f, 0xac, 0x37, 0xad, 0x3f, 0xad, 0x3f, 0xad, 0x3f, 0xac, 0x37,
    0xac, 0x37, 0xab, 0x2f, 0xa8, 0x0f, 0xa7, 0x0f, 0xa7, 0x0f, 0xab, 0x2f, 0xd3, 0x7f, 0xdd, 0xe7, 0xdc, 0xdf, 0xc8, 0x0f,
    0x26, 0x07, 0xe4, 0x04, 0xe2, 0x03, 0x02, 0x03, 0x01, 0x02, 0x00, 0x01, 0xc0, 0x00, 0x60, 0x00, 0x20, 0x00, 0x00, 0x00,
    0x00, 0x00, 0x00, 0x00, 0x00, 0x00, 0x00, 0x00, 0x00, 0x00, 0x00, 0x00, 0x00, 0x00, 0x00, 0x00, 0x00, 0x00, 0x00, 0x00,
    0x00, 0x00, 0x00, 0x00, 0x00, 0x00, 0x00, 0x00, 0x00, 0x00, 0x00, 0x00, 0x00, 0x00, 0x00, 0x00, 0x00, 0x00, 0x00, 0x00,
    0x00, 0x00, 0x00, 0x00, 0x00, 0x00, 0x00, 0x00, 0x20, 0x00, 0x20, 0x08, 0x40, 0x08, 0x80, 0x10, 0x00, 0x29, 0x60, 0x31,
    0x00, 0x4a, 0xc0, 0x6a, 0x60, 0x83, 0x40, 0xac, 0x80, 0xf6, 0x83, 0xff, 0xda, 0xff, 0xd2, 0xff, 0xa5, 0xff, 0x80, 0xff,
    0x60, 0xff, 0x60, 0xff, 0x40, 0xff, 0x60, 0xff, 0x80, 0xff, 0xa6, 0xff, 0xd2, 0xff, 0xff, 0xff, 0xb2, 0xff, 0x40, 0xff,
    0x00, 0xe6, 0x80, 0xac, 0xc0, 0x93, 0x00, 0x73, 0x80, 0x62, 0x20, 0x52, 0x80, 0x39, 0x20, 0x29, 0xe0, 0x20, 0xa0, 0x18,
    0x80, 0x10, 0x60, 0x08, 0x40, 0x08, 0x20, 0x08, 0x20, 0x00, 0x20, 0x00, 0x20, 0x00, 0x20, 0x00, 0x20, 0x08, 0x40, 0x08,
    0x60, 0x08, 0x60, 0x10, 0xa0, 0x18, 0xc0, 0x20, 0x00, 0x29, 0x40, 0x31, 0xa0, 0x41, 0x20, 0x52, 0x80, 0x5a, 0x00, 0x73,
    0x80, 0x83, 0x20, 0x9c, 0x40, 0xcd, 0xe0, 0xfe, 0x85, 0xff, 0xdc, 0xff, 0xdd, 0xff, 0xcf, 0xff, 0x84, 0xff, 0x60, 0xff,
    0x60, 0xff, 0x60, 0xff, 0x60, 0xff, 0x60, 0xff, 0x81, 0xff, 0xa8, 0xff, 0xd8, 0xff, 0xd0, 0xff, 0x60, 0xff, 0x80, 0xd5,
    0x80, 0x8b, 0xe0, 0x6a, 0x00, 0x4a, 0x60, 0x31, 0xe0, 0x20, 0x80, 0x10, 0x60, 0x08, 0x40, 0x08, 0x20, 0x00, 0x00, 0x00,
    0x00, 0x00, 0x00, 0x00, 0x00, 0x00, 0x20, 0x00, 0x60, 0x00, 0xa0, 0x00, 0x20, 0x01, 0xe1, 0x01, 0xe2, 0x02, 0xa2, 0x03,
    0x83, 0x04, 0xe5, 0x05, 0x85, 0x07, 0xa9, 0x27, 0xdf, 0xf7, 0xdd, 0xe7, 0xb3, 0x87, 0xab, 0x37, 0xa7, 0x0f, 0xa8, 0x0f,
    0xac, 0x37, 0xac, 0x3f, 0xad, 0x47, 0xad, 0x4f, 0xad, 0x4f, 0xad, 0x4f, 0xae, 0x4f, 0xad, 0x4f, 0xad, 0x4f, 0xae, 0x4f,
    0xad, 0x4f, 0xae, 0x4f, 0xae, 0x4f, 0xae, 0x4f, 0xae, 0x4f, 0xae, 0x4f, 0x8d, 0x4f, 0xad, 0x47, 0xad, 0x4f, 0x8d, 0x4f,
    0x8d, 0x47, 0xad, 0x47, 0xad, 0x47, 0xae, 0x4f, 0xad, 0x4f, 0xad, 0x4f, 0xad, 0x4f, 0xad, 0x4f, 0xad, 0x4f, 0xad, 0x4f,
    0xad, 0x4f, 0xae, 0x4f, 0xad, 0x4f, 0xad, 0x4f, 0xad, 0x4f, 0xad, 0x4f, 0xae, 0x4f, 0xae, 0x4f, 0xae, 0x4f, 0xad, 0x4f,
    0xae, 0x4f, 0xae, 0x4f, 0xae, 0x4f, 0xad, 0x4f, 0xad, 0x4f, 0xad, 0x47, 0xad, 0x47, 0xad, 0x47, 0x8c, 0x47, 0x8c, 0x3f,
    0xac, 0x47, 0xae, 0x4f, 0xae, 0x3f, 0xa9, 0x17, 0xa7, 0x0f, 0xab, 0x2f, 0xb3, 0x77, 0xdd, 0xe7, 0xdc, 0xdf, 0xc7, 0x0f,
    0x26, 0x07, 0x24, 0x05, 0x03, 0x04, 0x02, 0x03, 0x01, 0x02, 0x20, 0x01, 0xc0, 0x00, 0x60, 0x00, 0x20, 0x00, 0x00, 0x00,
    0x00, 0x00, 0x00, 0x00, 0x00, 0x00, 0x00, 0x00, 0x00, 0x00, 0x00, 0x00, 0x00, 0x00, 0x00, 0x00, 0x00, 0x00, 0x00, 0x00,
    0x00, 0x00, 0x00, 0x00, 0x00, 0x00, 0x00, 0x00, 0x00, 0x00, 0x00, 0x00, 0x00, 0x00, 0x00, 0x00, 0x00, 0x00, 0x00, 0x00,
    0x00, 0x00, 0x00, 0x00, 0x00, 0x00, 0x00, 0x00, 0x00, 0x00, 0x20, 0x08, 0x40, 0x08, 0x80, 0x10, 0xc0, 0x20, 0x20, 0x31,
    0xc0, 0x41, 0x80, 0x62, 0x20, 0x7b, 0xc0, 0x93, 0x20, 0xc5, 0x00, 0xff, 0x85, 0xff, 0xda, 0xff, 0xd1, 0xff, 0xa4, 0xff,
    0x80, 0xff, 0x60, 0xff, 0x60, 0xff, 0x40, 0xff, 0x60, 0xff, 0x80, 0xff, 0xa6, 0xff, 0xd3, 0xff, 0xff, 0xff, 0xb1, 0xff,
    0x60, 0xff, 0x20, 0xe6, 0x40, 0xac, 0xa0, 0x8b, 0x20, 0x7b, 0x80, 0x62, 0x00, 0x52, 0xa0, 0x41, 0x40, 0x31, 0x00, 0x21,
    0xc0, 0x18, 0x80, 0x10, 0x60, 0x10, 0x40, 0x08, 0x40, 0x08, 0x20, 0x08, 0x20, 0x08, 0x40, 0x08, 0x40, 0x08, 0x60, 0x10,
    0x80, 0x10, 0xa0, 0x18, 0xc0, 0x20, 0x00, 0x29, 0x60, 0x31, 0xc0, 0x41, 0x00, 0x52, 0x80, 0x62, 0x00, 0x73, 0x80, 0x83,
    0x20, 0x9c, 0x60, 0xd5, 0x00, 0xff, 0x85, 0xff, 0xdc, 0xff, 0xdd, 0xff, 0xcf, 0xff, 0x85, 0xff, 0x80, 0xff, 0x60, 0xff,
    0x60, 0xff, 0x60, 0xff, 0x80, 0xff, 0x81, 0xff, 0xa8, 0xff, 0xd6, 0xff, 0xae, 0xff, 0x60, 0xff, 0x20, 0xee, 0x40, 0xa4,
    0x40, 0x7b, 0x80, 0x62, 0xc0, 0x41, 0x40, 0x29, 0xc0, 0x18, 0x60, 0x10, 0x40, 0x08, 0x40, 0x00, 0x20, 0x00, 0x00, 0x00,
    0x00, 0x00, 0x00, 0x00, 0x00, 0x00, 0x40, 0x00, 0x60, 0x00, 0xa0, 0x00, 0x00, 0x01, 0xe1, 0x01, 0xe2, 0x02, 0xa2, 0x03,
    0x83, 0x04, 0x05, 0x06, 0xa5, 0x07, 0xa9, 0x27, 0xdf, 0xf7, 0xdc, 0xe7, 0xb2, 0x87, 0xab, 0x37, 0xa7, 0x0f, 0xaa, 0x1f,
    0xaf, 0x57, 0xa6, 0x0f, 0xa5, 0x07, 0xa5, 0x07, 0x85, 0x07, 0x85, 0x07, 0x85, 0x07, 0xa5, 0x07, 0xa5, 0x07, 0xa5, 0x07,
    0xa5, 0x07, 0xa5, 0x07, 0xa5, 0x07, 0xa5, 0x07, 0xa5, 0x07, 0xa5, 0x07, 0x85, 0x07, 0x85, 0x07, 0x85, 0x07, 0x85, 0x07,
    0x85, 0x07, 0x85, 0x07, 0x85, 0x07, 0x85, 0x07, 0x85, 0x07, 0x85, 0x07, 0x85, 0x07, 0x85, 0x07, 0x85, 0x07, 0x85, 0x07,
    0x85, 0x07, 0x85, 0x07, 0x85, 0x07, 0x85, 0x07, 0x85, 0x07, 0x85, 0x07, 0xa5, 0x07, 0xa5, 0x07, 0xa5, 0x07, 0xa5, 0x07,
    0xa5, 0x07, 0xa5, 0x07, 0xa5, 0x07, 0xa5, 0x07, 0x85, 0x07, 0x85, 0x07, 0x85, 0x07, 0x85, 0x07, 0x85, 0x07, 0x84, 0x07,
    0x84, 0x07, 0x87, 0x0f, 0xd1, 0x67, 0xaa, 0x27, 0xa7, 0x0f, 0xab, 0x2f, 0xb2, 0x77, 0xdd, 0xe7, 0xdc, 0xdf, 0xa8, 0x0f,
    0x46, 0x07, 0x24, 0x05, 0x03, 0x04, 0x02, 0x03, 0x01, 0x02, 0x20, 0x01, 0xc0, 0x00, 0x60, 0x00, 0x40, 0x00, 0x00, 0x00,
    0x00, 0x00, 0x00, 0x00, 0x00, 0x00, 0x00, 0x00, 0x00, 0x00, 0x00, 0x00, 0x00, 0x00, 0x00, 0x00, 0x00, 0x00, 0x00, 0x00,
    0x00, 0x00, 0x00, 0x00, 0x00, 0x00, 0x00, 0x00, 0x00, 0x00, 0x00, 0x00, 0x00, 0x00, 0x00, 0x00, 0x00, 0x00, 0x00, 0x00,
    0x00, 0x00, 0x00, 0x00, 0x00, 0x00, 0x00, 0x00, 0x00, 0x00, 0x20, 0x00, 0x40, 0x08, 0x60, 0x10, 0xa0, 0x18, 0xe0, 0x20,
    0x80, 0x39, 0x40, 0x52, 0xa0, 0x6a, 0x60, 0x83, 0x20, 0x9c, 0x80, 0xd5, 0x00, 0xff, 0x86, 0xff, 0xd9, 0xff, 0xd1, 0xff,
    0xa4, 0xff, 0x80, 0xff, 0x60, 0xff, 0x40, 0xff, 0x40, 0xff, 0x60, 0xff, 0x80, 0xff, 0xa6, 0xff, 0xb3, 0xff, 0xdf, 0xff,
    0xb1, 0xff, 0x40, 0xff, 0xe0, 0xe5, 0x60, 0xac, 0xc0, 0x93, 0x00, 0x7b, 0xa0, 0x62, 0x20, 0x52, 0xc0, 0x41, 0x40, 0x31,
    0x00, 0x29, 0xc0, 0x18, 0x80, 0x18, 0x60, 0x10, 0x60, 0x10, 0x40, 0x08, 0x40, 0x08, 0x40, 0x08, 0x60, 0x10, 0x80, 0x10,
    0xa0, 0x18, 0xe0, 0x20, 0x20, 0x29, 0x60, 0x31, 0xc0, 0x41, 0x20, 0x52, 0x80, 0x62, 0x00, 0x73, 0xa0, 0x8b, 0x20, 0xa4,
    0x60, 0xd5, 0x00, 0xff, 0x85, 0xff, 0xdd, 0xff, 0xdd, 0xff, 0xcf, 0xff, 0xa4, 0xff, 0x60, 0xff, 0x60, 0xff, 0x60, 0xff,
    0x60, 0xff, 0x60, 0xff, 0x81, 0xff, 0xa8, 0xff, 0xd7, 0xff, 0xae, 0xff, 0x60, 0xff, 0x40, 0xee, 0x60, 0xac, 0x80, 0x83,
    0xc0, 0x6a, 0x40, 0x52, 0x80, 0x39, 0x00, 0x21, 0xa0, 0x18, 0x60, 0x08, 0x40, 0x08, 0x40, 0x00, 0x20, 0x00, 0x00, 0x00,
    0x00, 0x00, 0x00, 0x00, 0x20, 0x00, 0x40, 0x00, 0x60, 0x00, 0xa0, 0x00, 0x00, 0x01, 0xc1, 0x01, 0xe2, 0x02, 0xa2, 0x03,
    0x83, 0x04, 0x05, 0x06, 0xa5, 0x07, 0xa9, 0x27, 0xdf, 0xf7, 0xdc, 0xe7, 0xb2, 0x87, 0x8b, 0x37, 0xa7, 0x0f, 0xab, 0x27,
    0xaf, 0x4f, 0x86, 0x07, 0x86, 0x07, 0x46, 0x07, 0xc5, 0x06, 0x85, 0x06, 0x65, 0x06, 0x44, 0x06, 0x24, 0x06, 0x24, 0x06,
    0x24, 0x06, 0x04, 0x06, 0x04, 0x06, 0x04, 0x06, 0x04, 0x06, 0x04, 0x06, 0x04, 0x06, 0x04, 0x06, 0x04, 0x06, 0x04, 0x06,
    0x04, 0x06, 0x04, 0x06, 0x04, 0x06, 0x04, 0x06, 0x04, 0x06, 0x04, 0x06, 0x04, 0x06, 0x04, 0x06, 0x04, 0x06, 0x04, 0x06,
    0x04, 0x06, 0x04, 0x06, 0x04, 0x06, 0x04, 0x06, 0x04, 0x06, 0x24, 0x06, 0x24, 0x06, 0x04, 0x06, 0x04, 0x06, 0x04, 0x06,
    0x24, 0x06, 0x24, 0x06, 0x04, 0x06, 0x24, 0x06, 0x24, 0x06, 0x44, 0x06, 0x65, 0x06, 0x85, 0x06, 0xc5, 0x06, 0x25, 0x07,
    0x65, 0x07, 0x87, 0x0f, 0xb2, 0x67, 0xab, 0x27, 0xa8, 0x0f, 0xab, 0x2f, 0xb2, 0x77, 0xdd, 0xe7, 0xdc, 0xdf, 0xa8, 0x0f,
    0x46, 0x07, 0x24, 0x05, 0xe3, 0x03, 0x02, 0x03, 0x21, 0x02, 0x20, 0x01, 0xc0, 0x00, 0x80, 0x00, 0x40, 0x00, 0x00, 0x00,
    0x00, 0x00, 0x00, 0x00, 0x00, 0x00, 0x00, 0x00, 0x00, 0x00, 0x00, 0x00, 0x00, 0x00, 0x00, 0x00, 0x00, 0x00, 0x00, 0x00,
    0x00, 0x00, 0x00, 0x00, 0x00, 0x00, 0x00, 0x00, 0x00, 0x00, 0x00, 0x00, 0x00, 0x00, 0x00, 0x00, 0x00, 0x00, 0x00, 0x00,
    0x00, 0x00, 0x00, 0x00, 0x00, 0x00, 0x00, 0x00, 0x00, 0x00, 0x20, 0x00, 0x20, 0x08, 0x40, 0x08, 0x80, 0x10, 0xc0, 0x20,
    0x60, 0x31, 0xe0, 0x49, 0x60, 0x5a, 0x00, 0x73, 0xa0, 0x8b, 0x60, 0xa4, 0xa0, 0xd5, 0x00, 0xff, 0x85, 0xff, 0xd9, 0xff,
    0xb1, 0xff, 0xa4, 0xff, 0x80, 0xff, 0x60, 0xff, 0x60, 0xff, 0x40, 0xff, 0x60, 0xff, 0x81, 0xff, 0xa6, 0xff, 0xb3, 0xff,
    0xdf, 0xff, 0xb1, 0xff, 0x40, 0xff, 0x20, 0xee, 0x60, 0xac, 0xa0, 0x8b, 0x20, 0x7b, 0xa0, 0x62, 0x20, 0x52, 0xa0, 0x41,
    0x40, 0x31, 0x00, 0x29, 0xc0, 0x20, 0xa0, 0x18, 0x80, 0x10, 0x80, 0x10, 0x80, 0x10, 0x80, 0x10, 0x80, 0x18, 0xc0, 0x18,
    0xe0, 0x20, 0x00, 0x29, 0x60, 0x31, 0xa0, 0x41, 0x20, 0x52, 0x80, 0x62, 0x00, 0x73, 0x80, 0x83, 0x20, 0x9c, 0x60, 0xd5,
    0x00, 0xff, 0x86, 0xff, 0xdd, 0xff, 0xdd, 0xff, 0xcf, 0xff, 0xa4, 0xff, 0x80, 0xff, 0x60, 0xff, 0x60, 0xff, 0x60, 0xff,
    0x60, 0xff, 0x81, 0xff, 0xa8, 0xff, 0xd6, 0xff, 0xce, 0xff, 0x60, 0xff, 0x40, 0xee, 0xa0, 0xb4, 0xc0, 0x8b, 0x00, 0x73,
    0x60, 0x5a, 0xe0, 0x49, 0x40, 0x31, 0xe0, 0x20, 0xa0, 0x10, 0x60, 0x08, 0x40, 0x00, 0x20, 0x00, 0x20, 0x00, 0x00, 0x00,
    0x00, 0x00, 0x00, 0x00, 0x20, 0x00, 0x40, 0x00, 0x60, 0x00, 0xa0, 0x00, 0xe0, 0x00, 0xc1, 0x01, 0xe2, 0x02, 0xa2, 0x03,
    0xa3, 0x04, 0x05, 0x06, 0x85, 0x07, 0xa9, 0x27, 0xde, 0xf7, 0xdc, 0xe7, 0xb3, 0x87, 0xab, 0x2f, 0xa7, 0x0f, 0xaa, 0x27,
    0xaf, 0x4f, 0xa6, 0x07, 0x25, 0x07, 0x45, 0x06, 0xa4, 0x05, 0x64, 0x05, 0x24, 0x05, 0xe3, 0x04, 0xc3, 0x04, 0xa3, 0x04,
    0x83, 0x04, 0x83, 0x04, 0x83, 0x04, 0x83, 0x04, 0x83, 0x04, 0xa3, 0x04, 0xa3, 0x04, 0xa3, 0x04, 0xa3, 0x04, 0xa3, 0x04,
    0xa3, 0x04, 0xa3, 0x04, 0xa3, 0x04, 0xa3, 0x04, 0xa3, 0x04, 0xa3, 0x04, 0xa3, 0x04, 0xa3, 0x04, 0xa3, 0x04, 0xa3, 0x04,
    0xa3, 0x04, 0xa3, 0x04, 0xa3, 0x04, 0xa3, 0x04, 0xa3, 0x04, 0xc3, 0x04, 0xc3, 0x04, 0xa3, 0x04, 0xa3, 0x04, 0x83, 0x04,
    0x83, 0x04, 0x83, 0x04, 0xa3, 0x04, 0xa3, 0x04, 0xc3, 0x04, 0xe3, 0x04, 0x24, 0x05, 0x64, 0x05, 0xa4, 0x05, 0x64, 0x06,
    0x45, 0x07, 0x87, 0x0f, 0xb1, 0x67, 0xab, 0x2f, 0xa7, 0x0f, 0xab, 0x2f, 0xb2, 0x77, 0xdd, 0xe7, 0xdc, 0xdf, 0xa7, 0x0f,
    0x26, 0x07, 0x24, 0x05, 0x03, 0x04, 0x22, 0x03, 0x21, 0x02, 0x40, 0x01, 0xc0, 0x00, 0x80, 0x00, 0x40, 0x00, 0x00, 0x00,
    0x00, 0x00, 0x00, 0x00, 0x00, 0x00, 0x00, 0x00, 0x00, 0x00, 0x00, 0x00, 0x00, 0x00, 0x00, 0x00, 0x00, 0x00, 0x00, 0x00,
    0x00, 0x00, 0x00, 0x00, 0x00, 0x00, 0x00, 0x00, 0x00, 0x00, 0x00, 0x00, 0x00, 0x00, 0x00, 0x00, 0x00, 0x00, 0x00, 0x00,
    0x00, 0x00, 0x00, 0x00, 0x00, 0x00, 0x00, 0x00, 0x00, 0x00, 0x00, 0x00, 0x20, 0x00, 0x40, 0x08, 0x60, 0x10, 0xa0, 0x18,
    0x20, 0x29, 0xa0, 0x41, 0x20, 0x52, 0x80, 0x62, 0x20, 0x73, 0xc0, 0x8b, 0x40, 0xa4, 0x80, 0xd5, 0x20, 0xff, 0x86, 0xff,
    0xd9, 0xff, 0xb1, 0xff, 0xa4, 0xff, 0x60, 0xff, 0x60, 0xff, 0x60, 0xff, 0x60, 0xff, 0x60, 0xff, 0x81, 0xff, 0xa7, 0xff,
    0xd3, 0xff, 0xdf, 0xff, 0xb1, 0xff, 0x40, 0xff, 0x00, 0xe6, 0x60, 0xac, 0xa0, 0x93, 0x20, 0x7b, 0xa0, 0x62, 0x20, 0x52,
    0xc0, 0x49, 0x60, 0x39, 0x20, 0x29, 0xe0, 0x20, 0xc0, 0x20, 0xc0, 0x20, 0xc0, 0x20, 0xc0, 0x20, 0xe0, 0x20, 0x00, 0x29,
    0x20, 0x31, 0x60, 0x39, 0xc0, 0x41, 0x20, 0x52, 0x80, 0x62, 0x00, 0x73, 0xa0, 0x8b, 0x20, 0xa4, 0x60, 0xd5, 0x00, 0xff,
    0x86, 0xff, 0xdd, 0xff, 0xdd, 0xff, 0xce, 0xff, 0x84, 0xff, 0x60, 0xff, 0x60, 0xff, 0x60, 0xff, 0x60, 0xff, 0x60, 0xff,
    0x81, 0xff, 0xa9, 0xff, 0xd6, 0xff, 0xad, 0xff, 0x60, 0xff, 0x60, 0xee, 0xa0, 0xb4, 0xc0, 0x93, 0x20, 0x7b, 0x80, 0x62,
    0xe0, 0x49, 0x80, 0x39, 0x00, 0x29, 0xc0, 0x18, 0x80, 0x10, 0x40, 0x08, 0x20, 0x00, 0x20, 0x00, 0x00, 0x00, 0x00, 0x00,
    0x00, 0x00, 0x00, 0x00, 0x00, 0x00, 0x20, 0x00, 0x60, 0x00, 0xa0, 0x00, 0xe0, 0x00, 0xc1, 0x01, 0xe2, 0x02, 0xc2, 0x03,
    0xa3, 0x04, 0x25, 0x0e, 0x85, 0x07, 0xa9, 0x27, 0xde, 0xf7, 0xdc, 0xe7, 0xb2, 0x7f, 0x8b, 0x2f, 0xa7, 0x0f, 0xab, 0x27,
    0xaf, 0x4f, 0xa6, 0x07, 0xc5, 0x06, 0xc4, 0x05, 0x23, 0x05, 0xa3, 0x04, 0x43, 0x04, 0x02, 0x04, 0xc2, 0x03, 0xa2, 0x03,
    0x82, 0x03, 0x62, 0x03, 0x82, 0x03, 0x82, 0x03, 0x82, 0x03, 0x82, 0x03, 0xa2, 0x03, 0xa2, 0x03, 0xc2, 0x03, 0xc2, 0x03,
    0xc2, 0x03, 0xa2, 0x03, 0xc2, 0x03, 0xc2, 0x03, 0xa2, 0x03, 0xc2, 0x03, 0xa2, 0x03, 0xa2, 0x03, 0xa2, 0x03, 0xa2, 0x03,
    0xc2, 0x03, 0xc2, 0x03, 0xc2, 0x03, 0xc2, 0x03, 0xc2, 0x03, 0xc2, 0x03, 0xc2, 0x03, 0xc2, 0x03, 0xa2, 0x03, 0xa2, 0x03,
    0xa2, 0x03, 0xa2, 0x03, 0xa2, 0x03, 0xc2, 0x03, 0xe2, 0x03, 0x23, 0x04, 0x63, 0x04, 0xc3, 0x04, 0x23, 0x05, 0xc4, 0x05,
    0x25, 0x07, 0xa7, 0x0f, 0xb1, 0x67, 0xab, 0x2f, 0xa8, 0x0f, 0xab, 0x2f, 0xb2, 0x77, 0xdd, 0xdf, 0xdc, 0xdf, 0xc8, 0x0f,
    0x46, 0x07, 0x44, 0x05, 0x03, 0x04, 0x22, 0x03, 0x21, 0x02, 0x40, 0x01, 0xe0, 0x00, 0x80, 0x00, 0x40, 0x00, 0x00, 0x00,
    0x00, 0x00, 0x00, 0x00, 0x00, 0x00, 0x00, 0x00, 0x00, 0x00, 0x00, 0x00, 0x00, 0x00, 0x00, 0x00, 0x00, 0x00, 0x00, 0x00,
    0x00, 0x00, 0x00, 0x00, 0x00, 0x00, 0x00, 0x00, 0x00, 0x00, 0x00, 0x00, 0x00, 0x00, 0x00, 0x00, 0x00, 0x00, 0x00, 0x00,
    0x00, 0x00, 0x00, 0x00, 0x00, 0x00, 0x00, 0x00, 0x00, 0x00, 0x00, 0x00, 0x20, 0x00, 0x20, 0x08, 0x40, 0x08, 0x80, 0x10,
    0xe0, 0x20, 0x60, 0x31, 0xa0, 0x41, 0x20, 0x52, 0xa0, 0x62, 0x20, 0x7b, 0xc0, 0x93, 0x60, 0xac, 0xa0, 0xdd, 0x20, 0xff,
    0x86, 0xff, 0xd9, 0xff, 0xd1, 0xff, 0xa4, 0xff, 0x80, 0xff, 0x60, 0xff, 0x60, 0xff, 0x60, 0xff, 0x60, 0xff, 0x81, 0xff,
    0xa7, 0xff, 0xd3, 0xff, 0xff, 0xff, 0xb1, 0xff, 0x20, 0xff, 0xe0, 0xe5, 0x40, 0xac, 0xa0, 0x8b, 0x20, 0x7b, 0xa0, 0x62,
    0x40, 0x5a, 0xc0, 0x41, 0x60, 0x39, 0x40, 0x31, 0x00, 0x29, 0x00, 0x29, 0x00, 0x29, 0x00, 0x29, 0x20, 0x31, 0x40, 0x31,
    0x80, 0x39, 0xc0, 0x41, 0x20, 0x52, 0xa0, 0x62, 0x00, 0x73, 0xa0, 0x8b, 0x40, 0xa4, 0x80, 0xd5, 0x00, 0xff, 0x86, 0xff,
    0xdd, 0xff, 0xdc, 0xff, 0xce, 0xff, 0xa4, 0xff, 0x60, 0xff, 0x60, 0xff, 0x60, 0xff, 0x60, 0xff, 0x60, 0xff, 0x81, 0xff,
    0xa9, 0xff, 0xd6, 0xff, 0xcd, 0xff, 0x60, 0xff, 0x60, 0xee, 0xa0, 0xbc, 0xc0, 0x93, 0x20, 0x73, 0x80, 0x62, 0x00, 0x52,
    0xa0, 0x39, 0x40, 0x31, 0xe0, 0x20, 0x80, 0x10, 0x60, 0x08, 0x40, 0x08, 0x20, 0x00, 0x20, 0x00, 0x00, 0x00, 0x00, 0x00,
    0x00, 0x00, 0x00, 0x00, 0x00, 0x00, 0x20, 0x00, 0x60, 0x00, 0xa0, 0x00, 0xe0, 0x00, 0xc1, 0x01, 0xe2, 0x02, 0xc2, 0x03,
    0xa3, 0x04, 0x05, 0x06, 0x85, 0x07, 0xa9, 0x27, 0xdf, 0xf7, 0xdc, 0xe7, 0xb2, 0x7f, 0x8b, 0x2f, 0x87, 0x0f, 0xaa, 0x27,
    0xaf, 0x4f, 0x86, 0x07, 0x64, 0x06, 0x64, 0x05, 0xa3, 0x04, 0x02, 0x04, 0xa2, 0x03, 0x62, 0x03, 0x22, 0x03, 0xe1, 0x02,
    0xc1, 0x02, 0xa1, 0x02, 0xa1, 0x02, 0xa1, 0x02, 0xc1, 0x02, 0xc1, 0x02, 0xe1, 0x02, 0xe1, 0x02, 0xe1, 0x02, 0xe1, 0x02,
    0xe1, 0x02, 0xe1, 0x02, 0xe1, 0x02, 0xe1, 0x02, 0xe1, 0x02, 0xe1, 0x02, 0xe1, 0x02, 0xe1, 0x02, 0xe1, 0x02, 0xe1, 0x02,
    0xe1, 0x02, 0x01, 0x03, 0x01, 0x03, 0x01, 0x03, 0x01, 0x03, 0x01, 0x03, 0x01, 0x03, 0xe1, 0x02, 0xe1, 0x02, 0xe1, 0x02,
    0xe1, 0x02, 0xe1, 0x02, 0x02, 0x03, 0x22, 0x03, 0x42, 0x03, 0x82, 0x03, 0xc2, 0x03, 0x43, 0x04, 0xc3, 0x04, 0x84, 0x05,
    0xe5, 0x06, 0xa7, 0x0f, 0xb1, 0x67, 0xab, 0x2f, 0xa8, 0x0f, 0xab, 0x2f, 0xb2, 0x77, 0xdd, 0xe7, 0xdc, 0xdf, 0xa7, 0x0f,
    0x46, 0x07, 0x24, 0x05, 0xe3, 0x03, 0x22, 0x03, 0x21, 0x02, 0x40, 0x01, 0xe0, 0x00, 0x80, 0x00, 0x40, 0x00, 0x00, 0x00,
    0x00, 0x00, 0x00, 0x00, 0x00, 0x00, 0x00, 0x00, 0x00, 0x00, 0x00, 0x00, 0x00, 0x00, 0x00, 0x00, 0x00, 0x00, 0x00, 0x00,
    0x00, 0x00, 0x00, 0x00, 0x00, 0x00, 0x00, 0x00, 0x00, 0x00, 0x00, 0x00, 0x00, 0x00, 0x00, 0x00, 0x00, 0x00, 0x00, 0x00,
    0x00, 0x00, 0x00, 0x00, 0x00, 0x00, 0x00, 0x00, 0x00, 0x00, 0x00, 0x00, 0x00, 0x00, 0x20, 0x00, 0x40, 0x08, 0x40, 0x08,
    0xa0, 0x18, 0x00, 0x29, 0x40, 0x31, 0xc0, 0x41, 0x20, 0x52, 0x80, 0x62, 0x20, 0x7b, 0xe0, 0x93, 0x60, 0xac, 0xa0, 0xdd,
    0x20, 0xff, 0x86, 0xff, 0xd9, 0xff, 0xd1, 0xff, 0xa5, 0xff, 0x80, 0xff, 0x60, 0xff, 0x60, 0xff, 0x60, 0xff, 0x60, 0xff,
    0x80, 0xff, 0xa7, 0xff, 0xd3, 0xff, 0xff, 0xff, 0x90, 0xff, 0x20, 0xff, 0xc0, 0xe5, 0x40, 0xac, 0xc0, 0x93, 0x40, 0x7b,
    0xc0, 0x6a, 0x40, 0x5a, 0xe0, 0x49, 0xa0, 0x41, 0x60, 0x39, 0x60, 0x39, 0x60, 0x31, 0x60, 0x39, 0x80, 0x39, 0xc0, 0x41,
    0xe0, 0x49, 0x40, 0x52, 0xa0, 0x62, 0x20, 0x73, 0xa0, 0x8b, 0x20, 0xa4, 0x80, 0xd5, 0x20, 0xff, 0x86, 0xff, 0xdd, 0xff,
    0xdd, 0xff, 0xce, 0xff, 0xa4, 0xff, 0x60, 0xff, 0x60, 0xff, 0x60, 0xff, 0x60, 0xff, 0x60, 0xff, 0x81, 0xff, 0xa9, 0xff,
    0xd7, 0xff, 0xac, 0xff, 0x60, 0xff, 0x40, 0xee, 0xa0, 0xbc, 0xc0, 0x93, 0x20, 0x7b, 0x80, 0x62, 0x00, 0x52, 0xa0, 0x41,
    0x40, 0x31, 0xe0, 0x20, 0xa0, 0x10, 0x60, 0x08, 0x40, 0x08, 0x20, 0x00, 0x20, 0x00, 0x00, 0x00, 0x00, 0x00, 0x00, 0x00,
    0x00, 0x00, 0x00, 0x00, 0x00, 0x00, 0x20, 0x00, 0x60, 0x00, 0xa0, 0x00, 0xe0, 0x00, 0xc1, 0x01, 0x01, 0x03, 0xc2, 0x03,
    0xa3, 0x04, 0x25, 0x06, 0xa5, 0x07, 0xa9, 0x27, 0xdf, 0xf7, 0xdc, 0xe7, 0xb2, 0x7f, 0x8a, 0x2f, 0x87, 0x0f, 0xaa, 0x27,
    0xaf, 0x57, 0xa6, 0x07, 0x44, 0x06, 0x03, 0x05, 0x43, 0x04, 0xa2, 0x03, 0x22, 0x03, 0xe1, 0x02, 0x61, 0x02, 0x01, 0x02,
    0x01, 0x02, 0xe1, 0x01, 0xe1, 0x01, 0xe1, 0x01, 0xe1, 0x01, 0xe1, 0x01, 0xe1, 0x01, 0x01, 0x02, 0x01, 0x02, 0x01, 0x02,
    0x01, 0x02, 0x01, 0x02, 0x01, 0x02, 0x01, 0x02, 0x21, 0x02, 0x21, 0x02, 0x21, 0x02, 0x01, 0x02, 0x01, 0x02, 0x21, 0x02,
    0x01, 0x02, 0x01, 0x02, 0x01, 0x02, 0x01, 0x02, 0x21, 0x02, 0x21, 0x02, 0x01, 0x02, 0x01, 0x02, 0x01, 0x02, 0xe1, 0x01,
    0x01, 0x02, 0x21, 0x02, 0x41, 0x02, 0x61, 0x02, 0xa1, 0x02, 0xe1, 0x02, 0x62, 0x03, 0xe2, 0x03, 0x83, 0x04, 0x43, 0x05,
    0xc4, 0x06, 0xa7, 0x0f, 0xb1, 0x67, 0xab, 0x2f, 0x88, 0x0f, 0xab, 0x2f, 0xb2, 0x77, 0xdd, 0xe7, 0xdc, 0xdf, 0xa7, 0x0f,
    0x26, 0x07, 0x24, 0x05, 0x02, 0x04, 0x22, 0x03, 0x21, 0x02, 0x40, 0x01, 0xe0, 0x00, 0x80, 0x00, 0x40, 0x00, 0x00, 0x00,
    0x00, 0x00, 0x00, 0x00, 0x00, 0x00, 0x00, 0x00, 0x00, 0x00, 0x00, 0x00, 0x00, 0x00, 0x00, 0x00, 0x00, 0x00, 0x00, 0x00,
    0x00, 0x00, 0x00, 0x00, 0x00, 0x00, 0x00, 0x00, 0x00, 0x00, 0x00, 0x00, 0x00, 0x00, 0x00, 0x00, 0x00, 0x00, 0x00, 0x00,
    0x00, 0x00, 0x00, 0x00, 0x00, 0x00, 0x00, 0x00, 0x00, 0x00, 0x00, 0x00, 0x00, 0x00, 0x00, 0x00, 0x20, 0x00, 0x40, 0x08,
    0x60, 0x10, 0xa0, 0x18, 0x00, 0x21, 0x60, 0x39, 0xc0, 0x49, 0x20, 0x52, 0xa0, 0x6a, 0x20, 0x7b, 0xe0, 0x93, 0x80, 0xac,
    0xa0, 0xdd, 0x00, 0xff, 0x86, 0xff, 0xda, 0xff, 0xb1, 0xff, 0x84, 0xff, 0x80, 0xff, 0x60, 0xff, 0x60, 0xff, 0x60, 0xff,
    0x60, 0xff, 0x80, 0xff, 0xa7, 0xff, 0xd3, 0xff, 0xff, 0xff, 0xb0, 0xff, 0x20, 0xff, 0xe0, 0xe5, 0x60, 0xac, 0xc0, 0x93,
    0x40, 0x83, 0xc0, 0x6a, 0x60, 0x5a, 0x00, 0x52, 0xe0, 0x49, 0xe0, 0x49, 0xc0, 0x41, 0xe0, 0x49, 0x00, 0x4a, 0x20, 0x52,
    0x60, 0x5a, 0xc0, 0x6a, 0x20, 0x7b, 0xa0, 0x8b, 0x40, 0xa4, 0x80, 0xd5, 0x00, 0xff, 0xa7, 0xff, 0xdd, 0xff, 0xdc, 0xff,
    0xce, 0xff, 0x84, 0xff, 0x60, 0xff, 0x60, 0xff, 0x60, 0xff, 0x60, 0xff, 0x60, 0xff, 0x81, 0xff, 0xa9, 0xff, 0xd7, 0xff,
    0xac, 0xff, 0x60, 0xff, 0x20, 0xee, 0xa0, 0xbc, 0xc0, 0x93, 0x20, 0x7b, 0xa0, 0x62, 0x20, 0x52, 0xa0, 0x41, 0x40, 0x31,
    0xe0, 0x20, 0xa0, 0x10, 0x60, 0x08, 0x40, 0x08, 0x40, 0x00, 0x20, 0x00, 0x00, 0x00, 0x00, 0x00, 0x00, 0x00, 0x00, 0x00,
    0x00, 0x00, 0x00, 0x00, 0x00, 0x00, 0x20, 0x00, 0x60, 0x00, 0xa0, 0x00, 0xe0, 0x00, 0xc1, 0x01, 0x01, 0x03, 0xc2, 0x03,
    0xa3, 0x04, 0x45, 0x06, 0xa5, 0x07, 0xa9, 0x27, 0xdf, 0xf7, 0xdc, 0xe7, 0xb2, 0x7f, 0x8a, 0x2f, 0x87, 0x0f, 0xaa, 0x27,
    0xaf, 0x57, 0x86, 0x07, 0x24, 0x06, 0xc3, 0x04, 0x02, 0x04, 0x62, 0x03, 0xc1, 0x02, 0x61, 0x02, 0xc1, 0x01, 0x60, 0x01,
    0x40, 0x01, 0x20, 0x01, 0x20, 0x01, 0x20, 0x01, 0x20, 0x01, 0x20, 0x01, 0x20, 0x01, 0x20, 0x01, 0x20, 0x01, 0x20, 0x01,
    0x20, 0x01, 0x20, 0x01, 0x40, 0x01, 0x40, 0x01, 0x40, 0x01, 0x40, 0x01, 0x40, 0x01, 0x40, 0x01, 0x40, 0x01, 0x40, 0x01,
    0x40, 0x01, 0x40, 0x01, 0x20, 0x01, 0x40, 0x01, 0x40, 0x01, 0x40, 0x01, 0x40, 0x01, 0x20, 0x01, 0x20, 0x01, 0x20, 0x01,
    0x40, 0x01, 0x60, 0x01, 0x80, 0x01, 0xc0, 0x01, 0x21, 0x02, 0x81, 0x02, 0x01, 0x03, 0xa2, 0x03, 0x43, 0x04, 0x23, 0x05,
    0xa4, 0x06, 0xa7, 0x0f, 0xb2, 0x67, 0xab, 0x2f, 0xa8, 0x0f, 0xab, 0x2f, 0xb2, 0x77, 0xdd, 0xe7, 0xdc, 0xdf, 0xc8, 0x0f,
    0x26, 0x07, 0x24, 0x05, 0x03, 0x04, 0x22, 0x03, 0x21, 0x02, 0x40, 0x01, 0xe0, 0x00, 0x60, 0x00, 0x40, 0x00, 0x00, 0x00,
    0x00, 0x00, 0x00, 0x00, 0x00, 0x00, 0x00, 0x00, 0x00, 0x00, 0x00, 0x00, 0x00, 0x00, 0x00, 0x00, 0x00, 0x00, 0x00, 0x00,
    0x00, 0x00, 0x00, 0x00, 0x00, 0x00, 0x00, 0x00, 0x00, 0x00, 0x00, 0x00, 0x00, 0x00, 0x00, 0x00, 0x00, 0x00, 0x00, 0x00,
    0x00, 0x00, 0x00, 0x00, 0x00, 0x00, 0x00, 0x00, 0x00, 0x00, 0x00, 0x00, 0x00, 0x00, 0x00, 0x00, 0x20, 0x00, 0x20, 0x00,
    0x40, 0x08, 0x80, 0x10, 0xc0, 0x18, 0x20, 0x31, 0x60, 0x39, 0xc0, 0x49, 0x40, 0x5a, 0xa0, 0x6a, 0x20, 0x7b, 0xe0, 0x93,
    0x60, 0xac, 0xa0, 0xdd, 0x20, 0xff, 0x86, 0xff, 0xd9, 0xff, 0xb0, 0xff, 0xa4, 0xff, 0x80, 0xff, 0x60, 0xff, 0x60, 0xff,
    0x60, 0xff, 0x60, 0xff, 0x81, 0xff, 0xa7, 0xff, 0xd3, 0xff, 0xdf, 0xff, 0xb0, 0xff, 0x40, 0xff, 0x00, 0xe6, 0x60, 0xac,
    0xc0, 0x93, 0x40, 0x7b, 0xc0, 0x6a, 0x80, 0x62, 0x60, 0x5a, 0x40, 0x5a, 0x20, 0x52, 0x40, 0x52, 0x60, 0x5a, 0x80, 0x62,
    0xc0, 0x6a, 0x20, 0x7b, 0xc0, 0x8b, 0x40, 0xa4, 0x80, 0xd5, 0x00, 0xff, 0x87, 0xff, 0xde, 0xff, 0xdd, 0xff, 0xce, 0xff,
    0xa3, 0xff, 0x60, 0xff, 0x60, 0xff, 0x60, 0xff, 0x60, 0xff, 0x60, 0xff, 0x81, 0xff, 0xaa, 0xff, 0xd7, 0xff, 0xab, 0xff,
    0x40, 0xff, 0x20, 0xee, 0xa0, 0xb4, 0xe0, 0x93, 0x20, 0x7b, 0xa0, 0x62, 0x20, 0x52, 0xa0, 0x41, 0x40, 0x31, 0x00, 0x21,
    0xa0, 0x18, 0x60, 0x10, 0x40, 0x08, 0x20, 0x00, 0x20, 0x00, 0x00, 0x00, 0x00, 0x00, 0x00, 0x00, 0x00, 0x00, 0x00, 0x00,
    0x00, 0x00, 0x00, 0x00, 0x00, 0x00, 0x20, 0x00, 0x40, 0x00, 0xa0, 0x00, 0x00, 0x01, 0xc1, 0x01, 0xe2, 0x02, 0xc2, 0x03,
    0xa3, 0x04, 0x45, 0x06, 0xa5, 0x07, 0xa9, 0x27, 0xde, 0xf7, 0xdc, 0xe7, 0xb2, 0x7f, 0x8b, 0x2f, 0xa7, 0x0f, 0xab, 0x27,
    0xaf, 0x57, 0x86, 0x07, 0x24, 0x06, 0xc3, 0x04, 0xc2, 0x03, 0x21, 0x03, 0x81, 0x02, 0x01, 0x02, 0x60, 0x01, 0x00, 0x01,
    0xe0, 0x00, 0xe0, 0x00, 0xc0, 0x00, 0xc0, 0x00, 0xc0, 0x00, 0xc0, 0x00, 0xc0, 0x00, 0xe0, 0x00, 0xc0, 0x00, 0xc0, 0x00,
    0xe0, 0x00, 0xc0, 0x00, 0xc0, 0x00, 0xe0, 0x00, 0xe0, 0x00, 0xe0, 0x00, 0xc0, 0x00, 0xc0, 0x00, 0xc0, 0x00, 0xc0, 0x00,
    0xc0, 0x00, 0xc0, 0x00, 0xc0, 0x00, 0xc0, 0x00, 0xc0, 0x00, 0xe0, 0x00, 0xe0, 0x00, 0xe0, 0x00, 0xe0, 0x00, 0xe0, 0x00,
    0xe0, 0x00, 0x00, 0x01, 0x20, 0x01, 0x60, 0x01, 0xc0, 0x01, 0x21, 0x02, 0xc1, 0x02, 0x82, 0x03, 0x22, 0x04, 0x03, 0x05,
    0x84, 0x06, 0x87, 0x0f, 0xd2, 0x67, 0xab, 0x2f, 0xa8, 0x0f, 0xab, 0x2f, 0xd2, 0x77, 0xdd, 0xe7, 0xdc, 0xdf, 0xc8, 0x0f,
    0x46, 0x07, 0x24, 0x05, 0x03, 0x04, 0x22, 0x03, 0x21, 0x02, 0x40, 0x01, 0xe0, 0x00, 0x60, 0x00, 0x40, 0x00, 0x20, 0x00,
    0x00, 0x00, 0x00, 0x00, 0x00, 0x00, 0x00, 0x00, 0x00, 0x00, 0x00, 0x00, 0x00, 0x00, 0x00, 0x00, 0x00, 0x00, 0x00, 0x00,
    0x00, 0x00, 0x00, 0x00, 0x00, 0x00, 0x00, 0x00, 0x00, 0x00, 0x00, 0x00, 0x00, 0x00, 0x00, 0x00, 0x00, 0x00, 0x00, 0x00,
    0x00, 0x00, 0x00, 0x00, 0x00, 0x00, 0x00, 0x00, 0x00, 0x00, 0x00, 0x00, 0x00, 0x00, 0x00, 0x00, 0x00, 0x00, 0x20, 0x00,
    0x20, 0x08, 0x40, 0x08, 0x80, 0x10, 0xc0, 0x18, 0x00, 0x29, 0x60, 0x39, 0xc0, 0x49, 0x20, 0x52, 0xa0, 0x6a, 0x20, 0x7b,
    0xc0, 0x93, 0x80, 0xac, 0xc0, 0xdd, 0x40, 0xff, 0x86, 0xff, 0xda, 0xff, 0xb0, 0xff, 0xa4, 0xff, 0x80, 0xff, 0x60, 0xff,
    0x60, 0xff, 0x60, 0xff, 0x60, 0xff, 0x81, 0xff, 0xa6, 0xff, 0xd3, 0xff, 0xdf, 0xff, 0xb0, 0xff, 0x40, 0xff, 0xc0, 0xdd,
    0x40, 0xac, 0xc0, 0x93, 0x60, 0x83, 0x00, 0x73, 0xc0, 0x6a, 0xa0, 0x6a, 0xa0, 0x62, 0xa0, 0x62, 0xc0, 0x6a, 0xe0, 0x72,
    0x40, 0x7b, 0xc0, 0x8b, 0x40, 0xa4, 0xa0, 0xd5, 0x00, 0xff, 0x87, 0xff, 0xde, 0xff, 0xdc, 0xff, 0xce, 0xff, 0xa4, 0xff,
    0x80, 0xff, 0x60, 0xff, 0x60, 0xff, 0x60, 0xff, 0x80, 0xff, 0x81, 0xff, 0xaa, 0xff, 0xd7, 0xff, 0xab, 0xff, 0x40, 0xff,
    0x00, 0xee, 0xa0, 0xb4, 0xe0, 0x93, 0x20, 0x7b, 0x80, 0x62, 0x20, 0x52, 0xa0, 0x41, 0x40, 0x31, 0xe0, 0x20, 0xa0, 0x18,
    0x60, 0x10, 0x40, 0x08, 0x20, 0x00, 0x20, 0x00, 0x20, 0x00, 0x00, 0x00, 0x00, 0x00, 0x00, 0x00, 0x00, 0x00, 0x00, 0x00,
    0x00, 0x00, 0x00, 0x00, 0x00, 0x00, 0x20, 0x00, 0x60, 0x00, 0xa0, 0x00, 0x00, 0x01, 0xc1, 0x01, 0xe1, 0x02, 0xc2, 0x03,
    0xa3, 0x04, 0x45, 0x06, 0xa5, 0x07, 0xa9, 0x27, 0xde, 0xf7, 0xdc, 0xe7, 0xb2, 0x7f, 0x8b, 0x2f, 0xa7, 0x0f, 0xab, 0x27,
    0xaf, 0x57, 0x86, 0x0f, 0x04, 0x06, 0xa3, 0x04, 0xc2, 0x03, 0xe1, 0x02, 0x01, 0x02, 0x80, 0x01, 0x00, 0x01, 0xc0, 0x00,
    0xa0, 0x00, 0x80, 0x00, 0x80, 0x00, 0x80, 0x00, 0x80, 0x00, 0x80, 0x00, 0x60, 0x00, 0x60, 0x00, 0x60, 0x00, 0x60, 0x00,
    0x60, 0x00, 0x60, 0x00, 0x60, 0x00, 0x60, 0x00, 0x60, 0x00, 0x60, 0x00, 0x60, 0x00, 0x60, 0x00, 0x60, 0x00, 0x60, 0x00,
    0x60, 0x00, 0x60, 0x00, 0x60, 0x00, 0x60, 0x00, 0x60, 0x00, 0x60, 0x00, 0x60, 0x00, 0x60, 0x00, 0x60, 0x00, 0x60, 0x00,
    0x60, 0x00, 0x80, 0x00, 0xc0, 0x00, 0xe0, 0x00, 0x40, 0x01, 0xc0, 0x01, 0x61, 0x02, 0x42, 0x03, 0x02, 0x04, 0xe3, 0x04,
    0x64, 0x06, 0x87, 0x0f, 0xd2, 0x67, 0xab, 0x2f, 0xa8, 0x0f, 0xab, 0x2f, 0xb2, 0x77, 0xdd, 0xe7, 0xdc, 0xdf, 0xc8, 0x0f,
    0x46, 0x07, 0x24, 0x05, 0x03, 0x04, 0x22, 0x03, 0x41, 0x02, 0x40, 0x01, 0xe0, 0x00, 0x80, 0x00, 0x40, 0x00, 0x00, 0x00,
    0x00, 0x00, 0x00, 0x00, 0x00, 0x00, 0x00, 0x00, 0x00, 0x00, 0x00, 0x00, 0x00, 0x00, 0x00, 0x00, 0x00, 0x00, 0x00, 0x00,
    0x00, 0x00, 0x00, 0x00, 0x00, 0x00, 0x00, 0x00, 0x00, 0x00, 0x00, 0x00, 0x00, 0x00, 0x00, 0x00, 0x00, 0x00, 0x00, 0x00,
    0x00, 0x00, 0x00, 0x00, 0x00, 0x00, 0x00, 0x00, 0x00, 0x00, 0x00, 0x00, 0x00, 0x00, 0x00, 0x00, 0x00, 0x00, 0x00, 0x00,
    0x20, 0x00, 0x40, 0x08, 0x60, 0x08, 0x80, 0x10, 0xc0, 0x18, 0x00, 0x29, 0x80, 0x39, 0xc0, 0x49, 0x40, 0x5a, 0xc0, 0x6a,
    0x40, 0x7b, 0x00, 0x9c, 0x60, 0xac, 0xa0, 0xdd, 0x40, 0xff, 0xa7, 0xff, 0xda, 0xff, 0xaf, 0xff, 0xa4, 0xff, 0x80, 0xff,
    0x60, 0xff, 0x60, 0xff, 0x40, 0xff, 0x60, 0xff, 0x80, 0xff, 0xa7, 0xff, 0xd3, 0xff, 0xff, 0xff, 0x8f, 0xf7, 0x20, 0xff,
    0xe0, 0xe5, 0x80, 0xb4, 0x00, 0x9c, 0xa0, 0x8b, 0x40, 0x7b, 0x00, 0x73, 0x00, 0x73, 0x00, 0x73, 0x20, 0x7b, 0x60, 0x83,
    0xe0, 0x93, 0x80, 0xac, 0xc0, 0xdd, 0x00, 0xff, 0x87, 0xff, 0xde, 0xff, 0xdc, 0xff, 0xcd, 0xff, 0xa3, 0xff, 0x60, 0xff,
    0x60, 0xff, 0x60, 0xff, 0x60, 0xff, 0x60, 0xff, 0x82, 0xff, 0xaa, 0xff, 0xd7, 0xff, 0xaa, 0xff, 0x40, 0xff, 0x20, 0xee,
    0xa0, 0xb4, 0xe0, 0x93, 0x20, 0x7b, 0x80, 0x62, 0x20, 0x52, 0xa0, 0x41, 0x60, 0x31, 0xe0, 0x20, 0xa0, 0x18, 0x80, 0x10,
    0x40, 0x08, 0x40, 0x08, 0x20, 0x00, 0x00, 0x00, 0x00, 0x00, 0x00, 0x00, 0x00, 0x00, 0x00, 0x00, 0x00, 0x00, 0x00, 0x00,
    0x00, 0x00, 0x00, 0x00, 0x00, 0x00, 0x20, 0x00, 0x60, 0x00, 0xc0, 0x00, 0x00, 0x01, 0xc1, 0x01, 0xe1, 0x02, 0xc2, 0x03,
    0xa3, 0x04, 0x45, 0x06, 0xa5, 0x07, 0xa9, 0x27, 0xdf, 0xf7, 0xdc, 0xe7, 0xb2, 0x7f, 0xab, 0x2f, 0xa7, 0x0f, 0xab, 0x27,
    0xaf, 0x57, 0x86, 0x07, 0x04, 0x06, 0x83, 0x04, 0xa2, 0x03, 0xa1, 0x02, 0xc0, 0x01, 0x40, 0x01, 0xe0, 0x00, 0xa0, 0x00,
    0x60, 0x00, 0x40, 0x00, 0x40, 0x00, 0x40, 0x00, 0x40, 0x00, 0x40, 0x00, 0x40, 0x00, 0x20, 0x00, 0x40, 0x00, 0x40, 0x00,
    0x40, 0x00, 0x40, 0x00, 0x40, 0x00, 0x40, 0x00, 0x20, 0x00, 0x20, 0x00, 0x20, 0x00, 0x20, 0x00, 0x20, 0x00, 0x20, 0x00,
    0x20, 0x00, 0x20, 0x00, 0x20, 0x00, 0x20, 0x00, 0x20, 0x00, 0x20, 0x00, 0x20, 0x00, 0x20, 0x00, 0x40, 0x00, 0x40, 0x00,
    0x40, 0x00, 0x60, 0x00, 0x80, 0x00, 0xa0, 0x00, 0x20, 0x01, 0x80, 0x01, 0x41, 0x02, 0x22, 0x03, 0xe2, 0x03, 0xc3, 0x04,
    0x64, 0x06, 0x87, 0x0f, 0xb1, 0x67, 0xab, 0x2f, 0xa8, 0x0f, 0xab, 0x2f, 0xb2, 0x77, 0xdd, 0xe7, 0xdc, 0xdf, 0xc8, 0x0f,
    0x46, 0x07, 0x24, 0x05, 0x03, 0x04, 0x42, 0x03, 0x41, 0x02, 0x40, 0x01, 0xe0, 0x00, 0x80, 0x00, 0x40, 0x00, 0x00, 0x00,
    0x00, 0x00, 0x00, 0x00, 0x00, 0x00, 0x00, 0x00, 0x00, 0x00, 0x00, 0x00, 0x00, 0x00, 0x00, 0x00, 0x00, 0x00, 0x00, 0x00,
    0x00, 0x00, 0x00, 0x00, 0x00, 0x00, 0x00, 0x00, 0x00, 0x00, 0x00, 0x00, 0x00, 0x00, 0x00, 0x00, 0x00, 0x00, 0x00, 0x00,
    0x00, 0x00, 0x00, 0x00, 0x00, 0x00, 0x00, 0x00, 0x00, 0x00, 0x00, 0x00, 0x00, 0x00, 0x00, 0x00, 0x00, 0x00, 0x00, 0x00,
    0x00, 0x00, 0x20, 0x00, 0x40, 0x08, 0x60, 0x10, 0x80, 0x10, 0xc0, 0x20, 0x20, 0x29, 0x60, 0x39, 0xe0, 0x49, 0x40, 0x5a,
    0xc0, 0x6a, 0x60, 0x83, 0xe0, 0x93, 0x60, 0xac, 0xc0, 0xdd, 0x40, 0xff, 0x87, 0xff, 0xda, 0xff, 0xb0, 0xff, 0xa4, 0xff,
    0x80, 0xff, 0x60, 0xff, 0x40, 0xff, 0x40, 0xff, 0x60, 0xff, 0x81, 0xff, 0xa7, 0xff, 0xd3, 0xff, 0xdf, 0xff, 0x8e, 0xff,
    0x40, 0xff, 0x20, 0xee, 0xc0, 0xbc, 0x20, 0x9c, 0xa0, 0x93, 0x80, 0x83, 0x60, 0x83, 0x80, 0x8b, 0xc0, 0x93, 0x00, 0x9c,
    0x80, 0xb4, 0xe0, 0xdd, 0x20, 0xff, 0x87, 0xff, 0xde, 0xff, 0xdb, 0xff, 0xce, 0xff, 0xa4, 0xff, 0x80, 0xff, 0x60, 0xff,
    0x60, 0xff, 0x60, 0xff, 0x80, 0xff, 0x82, 0xff, 0xab, 0xff, 0xd7, 0xff, 0xaa, 0xff, 0x40, 0xff, 0x00, 0xe6, 0x80, 0xb4,
    0xc0, 0x8b, 0x20, 0x7b, 0x80, 0x62, 0x20, 0x52, 0xc0, 0x41, 0x40, 0x31, 0x00, 0x21, 0xa0, 0x18, 0x80, 0x10, 0x60, 0x08,
    0x40, 0x08, 0x20, 0x00, 0x20, 0x00, 0x00, 0x00, 0x00, 0x00, 0x00, 0x00, 0x00, 0x00, 0x00, 0x00, 0x00, 0x00, 0x00, 0x00,
    0x00, 0x00, 0x00, 0x00, 0x00, 0x00, 0x20, 0x00, 0x60, 0x00, 0xc0, 0x00, 0x20, 0x01, 0xe1, 0x01, 0x02, 0x03, 0xc2, 0x03,
    0xc3, 0x04, 0x45, 0x06, 0xa5, 0x07, 0xa9, 0x27, 0xdf, 0xf7, 0xdc, 0xe7, 0xb2, 0x7f, 0xab, 0x37, 0xa7, 0x0f, 0xaa, 0x27,
    0xaf, 0x57, 0x86, 0x0f, 0xe4, 0x05, 0x63, 0x04, 0xa2, 0x03, 0xa1, 0x02, 0xa0, 0x01, 0x40, 0x01, 0xc0, 0x00, 0x80, 0x00,
    0x40, 0x00, 0x20, 0x00, 0x20, 0x00, 0x20, 0x00, 0x00, 0x00, 0x00, 0x00, 0x00, 0x00, 0x00, 0x00, 0x00, 0x00, 0x00, 0x00,
    0x00, 0x00, 0x00, 0x00, 0x20, 0x00, 0x00, 0x00, 0x00, 0x00, 0x00, 0x00, 0x00, 0x00, 0x00, 0x00, 0x00, 0x00, 0x00, 0x00,
    0x00, 0x00, 0x00, 0x00, 0x00, 0x00, 0x00, 0x00, 0x00, 0x00, 0x00, 0x00, 0x00, 0x00, 0x00, 0x00, 0x20, 0x00, 0x20, 0x00,
    0x20, 0x00, 0x40, 0x00, 0x60, 0x00, 0xa0, 0x00, 0xe0, 0x00, 0x60, 0x01, 0x21, 0x02, 0x22, 0x03, 0xc2, 0x03, 0xa3, 0x04,
    0x64, 0x06, 0xa7, 0x0f, 0xb1, 0x67, 0xab, 0x2f, 0xa8, 0x0f, 0xaa, 0x2f, 0xb2, 0x77, 0xdd, 0xe7, 0xdc, 0xdf, 0xc7, 0x0f,
    0x46, 0x07, 0x24, 0x05, 0x03, 0x04, 0x42, 0x03, 0x41, 0x02, 0x60, 0x01, 0xe0, 0x00, 0x80, 0x00, 0x40, 0x00, 0x00, 0x00,
    0x00, 0x00, 0x00, 0x00, 0x00, 0x00, 0x00, 0x00, 0x00, 0x00, 0x00, 0x00, 0x00, 0x00, 0x00, 0x00, 0x00, 0x00, 0x00, 0x00,
    0x00, 0x00, 0x00, 0x00, 0x00, 0x00, 0x00, 0x00, 0x00, 0x00, 0x00, 0x00, 0x00, 0x00, 0x00, 0x00, 0x00, 0x00, 0x00, 0x00,
    0x00, 0x00, 0x00, 0x00, 0x00, 0x00, 0x00, 0x00, 0x00, 0x00, 0x00, 0x00, 0x00, 0x00, 0x00, 0x00, 0x00, 0x00, 0x00, 0x00,
    0x00, 0x00, 0x20, 0x00, 0x20, 0x00, 0x40, 0x08, 0x60, 0x10, 0x80, 0x10, 0xc0, 0x20, 0x00, 0x29, 0x60, 0x39, 0xe0, 0x49,
    0x40, 0x5a, 0xc0, 0x6a, 0x40, 0x7b, 0xe0, 0x93, 0x60, 0xac, 0xa0, 0xd5, 0x20, 0xff, 0x87, 0xff, 0xda, 0xff, 0xaf, 0xff,
    0xa4, 0xff, 0x60, 0xff, 0x60, 0xff, 0x60, 0xff, 0x60, 0xff, 0x60, 0xff, 0x81, 0xff, 0xa7, 0xff, 0xb3, 0xff, 0xdf, 0xff,
    0xaf, 0xff, 0x40, 0xff, 0x00, 0xe6, 0xa0, 0xb4, 0x40, 0xa4, 0x20, 0x9c, 0x00, 0x9c, 0x20, 0x9c, 0x60, 0xa4, 0xc0, 0xbc,
    0xe0, 0xe5, 0x20, 0xff, 0xa7, 0xff, 0xfe, 0xff, 0xdc, 0xff, 0xcd, 0xff, 0xa3, 0xff, 0x80, 0xff, 0x60, 0xff, 0x60, 0xff,
    0x60, 0xff, 0x80, 0xff, 0xa2, 0xff, 0xab, 0xff, 0xd7, 0xff, 0xaa, 0xff, 0x40, 0xff, 0x00, 0xe6, 0x80, 0xb4, 0xc0, 0x8b,
    0x00, 0x73, 0x80, 0x62, 0x00, 0x52, 0xc0, 0x41, 0x60, 0x31, 0xe0, 0x20, 0xa0, 0x18, 0x80, 0x10, 0x40, 0x08, 0x40, 0x08,
    0x20, 0x00, 0x20, 0x00, 0x00, 0x00, 0x00, 0x00, 0x00, 0x00, 0x00, 0x00, 0x00, 0x00, 0x00, 0x00, 0x00, 0x00, 0x00, 0x00,
    0x00, 0x00, 0x00, 0x00, 0x00, 0x00, 0x20, 0x00, 0x60, 0x00, 0xc0, 0x00, 0x20, 0x01, 0xe1, 0x01, 0x02, 0x03, 0xe2, 0x03,
    0xc3, 0x04, 0x45, 0x0e, 0xa5, 0x07, 0xa9, 0x27, 0xdf, 0xf7, 0xdc, 0xe7, 0xb2, 0x7f, 0xab, 0x37, 0xa7, 0x0f, 0xaa, 0x27,
    0xaf, 0x57, 0xa6, 0x0f, 0xe4, 0x05, 0x63, 0x04, 0x82, 0x03, 0xa1, 0x02, 0xa0, 0x01, 0x20, 0x01, 0xa0, 0x00, 0x60, 0x00,
    0x40, 0x00, 0x20, 0x00, 0x00, 0x00, 0x00, 0x00, 0x00, 0x00, 0x00, 0x00, 0x00, 0x00, 0x00, 0x00, 0x00, 0x00, 0x00, 0x00,
    0x00, 0x00, 0x00, 0x00, 0x00, 0x00, 0x00, 0x00, 0x00, 0x00, 0x00, 0x00, 0x00, 0x00, 0x00, 0x00, 0x00, 0x00, 0x00, 0x00,
    0x00, 0x00, 0x00, 0x00, 0x00, 0x00, 0x00, 0x00, 0x00, 0x00, 0x00, 0x00, 0x00, 0x00, 0x00, 0x00, 0x00, 0x00, 0x00, 0x00,
    0x00, 0x00, 0x20, 0x00, 0x40, 0x00, 0x80, 0x00, 0xe0, 0x00, 0x20, 0x01, 0xe1, 0x01, 0x22, 0x03, 0xc2, 0x03, 0xa3, 0x04,
    0x44, 0x06, 0x87, 0x0f, 0xb2, 0x67, 0xab, 0x2f, 0xa8, 0x0f, 0xab, 0x2f, 0xb2, 0x77, 0xdd, 0xe7, 0xdc, 0xdf, 0xc8, 0x0f,
    0x46, 0x07, 0x24, 0x05, 0x03, 0x04, 0x42, 0x03, 0x41, 0x02, 0x60, 0x01, 0xe0, 0x00, 0x80, 0x00, 0x40, 0x00, 0x00, 0x00,
    0x00, 0x00, 0x00, 0x00, 0x00, 0x00, 0x00, 0x00, 0x00, 0x00, 0x00, 0x00, 0x00, 0x00, 0x00, 0x00, 0x00, 0x00, 0x00, 0x00,
    0x00, 0x00, 0x00, 0x00, 0x00, 0x00, 0x00, 0x00, 0x00, 0x00, 0x00, 0x00, 0x00, 0x00, 0x00, 0x00, 0x00, 0x00, 0x00, 0x00,
    0x00, 0x00, 0x00, 0x00, 0x00, 0x00, 0x00, 0x00, 0x00, 0x00, 0x00, 0x00, 0x00, 0x00, 0x00, 0x00, 0x00, 0x00, 0x00, 0x00,
    0x00, 0x00, 0x00, 0x00, 0x00, 0x00, 0x20, 0x08, 0x40, 0x08, 0x60, 0x10, 0x80, 0x18, 0xc0, 0x20, 0x20, 0x31, 0x80, 0x39,
    0xe0, 0x49, 0x40, 0x5a, 0xc0, 0x6a, 0x40, 0x83, 0xe0, 0x93, 0x60, 0xac, 0xa0, 0xdd, 0x40, 0xff, 0x87, 0xff, 0xd9, 0xff,
    0xcf, 0xff, 0x83, 0xff, 0x60, 0xff, 0x60, 0xff, 0x60, 0xff, 0x60, 0xff, 0x60, 0xff, 0x81, 0xff, 0xa7, 0xff, 0xd4, 0xff,
    0xff, 0xff, 0xae, 0xff, 0x00, 0xff, 0xe0, 0xe5, 0x00, 0xc5, 0xe0, 0xbc, 0xc0, 0xb4, 0xc0, 0xbc, 0x00, 0xc5, 0x20, 0xee,
    0x40, 0xff, 0xa8, 0xff, 0xde, 0xff, 0xdb, 0xff, 0xcd, 0xff, 0xa3, 0xff, 0x60, 0xff, 0x60, 0xff, 0x60, 0xff, 0x60, 0xff,
    0x80, 0xff, 0x82, 0xff, 0xac, 0xff, 0xd6, 0xff, 0xa9, 0xff, 0x40, 0xff, 0x00, 0xe6, 0x80, 0xac, 0xa0, 0x8b, 0x00, 0x73,
    0x80, 0x62, 0x00, 0x4a, 0xa0, 0x41, 0x60, 0x31, 0x00, 0x29, 0xa0, 0x18, 0x80, 0x10, 0x60, 0x08, 0x40, 0x08, 0x20, 0x00,
    0x20, 0x00, 0x00, 0x00, 0x00, 0x00, 0x00, 0x00, 0x00, 0x00, 0x00, 0x00, 0x00, 0x00, 0x00, 0x00, 0x00, 0x00, 0x00, 0x00,
    0x00, 0x00, 0x00, 0x00, 0x00, 0x00, 0x20, 0x00, 0x60, 0x00, 0xc0, 0x00, 0x20, 0x01, 0xe1, 0x01, 0x22, 0x03, 0xe3, 0x03,
    0xc3, 0x04, 0x65, 0x0e, 0xa5, 0x07, 0xa9, 0x27, 0xde, 0xf7, 0xdc, 0xe7, 0xb2, 0x7f, 0xab, 0x2f, 0xa7, 0x0f, 0xaa, 0x27,
    0xaf, 0x57, 0xa6, 0x0f, 0xe4, 0x05, 0x63, 0x04, 0x82, 0x03, 0x81, 0x02, 0xa0, 0x01, 0x20, 0x01, 0xa0, 0x00, 0x40, 0x00,
    0x20, 0x00, 0x00, 0x00, 0x00, 0x00, 0x00, 0x00, 0x00, 0x00, 0x00, 0x00, 0x00, 0x00, 0x00, 0x00, 0x00, 0x00, 0x00, 0x00,
    0x00, 0x00, 0x00, 0x00, 0x00, 0x00, 0x00, 0x00, 0x00, 0x00, 0x00, 0x00, 0x00, 0x00, 0x00, 0x00, 0x00, 0x00, 0x00, 0x00,
    0x00, 0x00, 0x00, 0x00, 0x00, 0x00, 0x00, 0x00, 0x00, 0x00, 0x00, 0x00, 0x00, 0x00, 0x00, 0x00, 0x00, 0x00, 0x00, 0x00,
    0x00, 0x00, 0x20, 0x00, 0x40, 0x00, 0x80, 0x00, 0xc0, 0x00, 0x00, 0x01, 0xe1, 0x01, 0x02, 0x03, 0xc2, 0x03, 0xa3, 0x04,
    0x44, 0x06, 0x87, 0x0f, 0xb2, 0x6f, 0xab, 0x2f, 0xa8, 0x0f, 0xab, 0x2f, 0xb2, 0x77, 0xdd, 0xe7, 0xdc, 0xdf, 0xc8, 0x0f,
    0x46, 0x07, 0x24, 0x05, 0x23, 0x04, 0x42, 0x03, 0x41, 0x02, 0x60, 0x01, 0xe0, 0x00, 0x80, 0x00, 0x40, 0x00, 0x00, 0x00,
    0x00, 0x00, 0x00, 0x00, 0x00, 0x00, 0x00, 0x00, 0x00, 0x00, 0x00, 0x00, 0x00, 0x00, 0x00, 0x00, 0x00, 0x00, 0x00, 0x00,
    0x00, 0x00, 0x00, 0x00, 0x00, 0x00, 0x00, 0x00, 0x00, 0x00, 0x00, 0x00, 0x00, 0x00, 0x00, 0x00, 0x00, 0x00, 0x00, 0x00,
    0x00, 0x00, 0x00, 0x00, 0x00, 0x00, 0x00, 0x00, 0x00, 0x00, 0x00, 0x00, 0x00, 0x00, 0x00, 0x00, 0x00, 0x00, 0x00, 0x00,
    0x00, 0x00, 0x00, 0x00, 0x00, 0x00, 0x20, 0x00, 0x20, 0x08, 0x40, 0x08, 0x60, 0x10, 0x80, 0x10, 0xc0, 0x20, 0x20, 0x29,
    0x80, 0x39, 0x00, 0x4a, 0x60, 0x5a, 0xc0, 0x6a, 0x40, 0x83, 0xe0, 0x93, 0x60, 0xac, 0xa0, 0xdd, 0x20, 0xff, 0x87, 0xff,
    0xda, 0xff, 0xaf, 0xff, 0xa4, 0xff, 0x80, 0xff, 0x60, 0xff, 0x60, 0xff, 0x60, 0xff, 0x60, 0xff, 0x81, 0xff, 0xa7, 0xff,
    0xd4, 0xff, 0xdf, 0xff, 0x8c, 0xf7, 0x20, 0xff, 0x40, 0xee, 0xc0, 0xdd, 0x80, 0xd5, 0x80, 0xdd, 0x40, 0xee, 0x40, 0xff,
    0xa8, 0xff, 0xff, 0xff, 0xdb, 0xff, 0xcc, 0xff, 0x83, 0xff, 0x80, 0xff, 0x60, 0xff, 0x60, 0xff, 0x60, 0xff, 0x80, 0xff,
    0x82, 0xff, 0xab, 0xff, 0xd7, 0xff, 0xa9, 0xff, 0x40, 0xff, 0xe0, 0xe5, 0x80, 0xb4, 0xa0, 0x8b, 0x00, 0x73, 0x60, 0x5a,
    0xe0, 0x49, 0xa0, 0x39, 0x20, 0x29, 0xe0, 0x20, 0xa0, 0x18, 0x60, 0x10, 0x60, 0x08, 0x40, 0x08, 0x20, 0x00, 0x20, 0x00,
    0x00, 0x00, 0x00, 0x00, 0x00, 0x00, 0x00, 0x00, 0x00, 0x00, 0x00, 0x00, 0x00, 0x00, 0x00, 0x00, 0x00, 0x00, 0x00, 0x00,
    0x00, 0x00, 0x00, 0x00, 0x00, 0x00, 0x20, 0x00, 0x60, 0x00, 0xc0, 0x00, 0x20, 0x01, 0xe1, 0x01, 0x02, 0x03, 0xe3, 0x03,
    0xe3, 0x04, 0x65, 0x0e, 0xa5, 0x07, 0xa9, 0x27, 0xdf, 0xf7, 0xdc, 0xe7, 0xb2, 0x7f, 0x8b, 0x2f, 0xa7, 0x0f, 0xab, 0x27,
    0xaf, 0x57, 0x86, 0x0f, 0xe4, 0x05, 0x83, 0x04, 0x82, 0x03, 0x81, 0x02, 0x80, 0x01, 0x20, 0x01, 0xa0, 0x00, 0x40, 0x00,
    0x20, 0x00, 0x00, 0x00, 0x00, 0x00, 0x00, 0x00, 0x00, 0x00, 0x00, 0x00, 0x00, 0x00, 0x00, 0x00, 0x00, 0x00, 0x00, 0x00,
    0x00, 0x00, 0x00, 0x00, 0x00, 0x00, 0x00, 0x00, 0x00, 0x00, 0x00, 0x00, 0x00, 0x00, 0x00, 0x00, 0x00, 0x00, 0x00, 0x00,
    0x00, 0x00, 0x00, 0x00, 0x00, 0x00, 0x00, 0x00, 0x00, 0x00, 0x00, 0x00, 0x00, 0x00, 0x00, 0x00, 0x00, 0x00, 0x00, 0x00,
    0x00, 0x00, 0x20, 0x00, 0x40, 0x00, 0x80, 0x00, 0xc0, 0x00, 0x00, 0x01, 0xe1, 0x01, 0x01, 0x03, 0xc2, 0x03, 0xc3, 0x04,
    0x64, 0x06, 0x87, 0x0f, 0xb2, 0x67, 0xab, 0x2f, 0xa8, 0x0f, 0xab, 0x2f, 0xb2, 0x77, 0xdd, 0xe7, 0xdc, 0xdf, 0xc8, 0x0f,
    0x46, 0x07, 0x24, 0x05, 0x03, 0x04, 0x42, 0x03, 0x61, 0x02, 0x80, 0x01, 0x00, 0x01, 0x80, 0x00, 0x40, 0x00, 0x00, 0x00,
    0x00, 0x00, 0x00, 0x00, 0x00, 0x00, 0x00, 0x00, 0x00, 0x00, 0x00, 0x00, 0x00, 0x00, 0x00, 0x00, 0x00, 0x00, 0x00, 0x00,
    0x00, 0x00, 0x00, 0x00, 0x00, 0x00, 0x00, 0x00, 0x00, 0x00, 0x00, 0x00, 0x00, 0x00, 0x00, 0x00, 0x00, 0x00, 0x00, 0x00,
    0x00, 0x00, 0x00, 0x00, 0x00, 0x00, 0x00, 0x00, 0x00, 0x00, 0x00, 0x00, 0x00, 0x00, 0x00, 0x00, 0x00, 0x00, 0x00, 0x00,
    0x00, 0x00, 0x00, 0x00, 0x00, 0x00, 0x00, 0x00, 0x20, 0x00, 0x20, 0x08, 0x40, 0x08, 0x60, 0x10, 0x80, 0x18, 0xc0, 0x20,
    0x40, 0x31, 0xa0, 0x41, 0x00, 0x52, 0x60, 0x5a, 0xc0, 0x6a, 0x60, 0x83, 0xe0, 0x93, 0x80, 0xac, 0xc0, 0xdd, 0x20, 0xff,
    0x87, 0xff, 0xda, 0xff, 0xaf, 0xff, 0xa4, 0xff, 0x60, 0xff, 0x60, 0xff, 0x60, 0xff, 0x60, 0xff, 0x60, 0xff, 0x81, 0xff,
    0xa7, 0xff, 0xb3, 0xff, 0xdf, 0xff, 0xad, 0xff, 0x20, 0xff, 0xa0, 0xf6, 0x40, 0xee, 0x80, 0xf6, 0x40, 0xff, 0xa9, 0xff,
    0xdf, 0xff, 0xda, 0xff, 0xcc, 0xff, 0xa3, 0xff, 0x60, 0xff, 0x60, 0xff, 0x60, 0xff, 0x60, 0xff, 0x80, 0xff, 0xa3, 0xff,
    0xac, 0xff, 0xd6, 0xff, 0xa8, 0xff, 0x40, 0xff, 0xe0, 0xe5, 0x60, 0xac, 0xa0, 0x8b, 0x00, 0x73, 0x80, 0x62, 0x00, 0x4a,
    0xa0, 0x39, 0x40, 0x31, 0xe0, 0x20, 0x80, 0x10, 0x60, 0x10, 0x40, 0x08, 0x40, 0x08, 0x20, 0x00, 0x20, 0x00, 0x00, 0x00,
    0x00, 0x00, 0x00, 0x00, 0x00, 0x00, 0x00, 0x00, 0x00, 0x00, 0x00, 0x00, 0x00, 0x00, 0x00, 0x00, 0x00, 0x00, 0x00, 0x00,
    0x00, 0x00, 0x00, 0x00, 0x00, 0x00, 0x20, 0x00, 0x60, 0x00, 0xc0, 0x00, 0x20, 0x01, 0xe1, 0x01, 0x02, 0x03, 0xe2, 0x03,
    0xc3, 0x04, 0x45, 0x0e, 0xc5, 0x07, 0xaa, 0x27, 0xdf, 0xf7, 0xdd, 0xe7, 0xb2, 0x7f, 0x8b, 0x2f, 0xa8, 0x0f, 0xab, 0x27,
    0xaf, 0x57, 0x86, 0x07, 0xe4, 0x05, 0x63, 0x04, 0x82, 0x03, 0x81, 0x02, 0x80, 0x01, 0x00, 0x01, 0x80, 0x00, 0x40, 0x00,
    0x20, 0x00, 0x00, 0x00, 0x00, 0x00, 0x00, 0x00, 0x00, 0x00, 0x00, 0x00, 0x00, 0x00, 0x00, 0x00, 0x00, 0x00, 0x00, 0x00,
    0x00, 0x00, 0x00, 0x00, 0x00, 0x00, 0x00, 0x00, 0x00, 0x00, 0x00, 0x00, 0x00, 0x00, 0x00, 0x00, 0x00, 0x00, 0x00, 0x00,
    0x00, 0x00, 0x00, 0x00, 0x00, 0x00, 0x00, 0x00, 0x00, 0x00, 0x00, 0x00, 0x00, 0x00, 0x00, 0x00, 0x00, 0x00, 0x00, 0x00,
    0x00, 0x00, 0x20, 0x00, 0x40, 0x00, 0x60, 0x00, 0xc0, 0x00, 0x00, 0x01, 0xe1, 0x01, 0x01, 0x03, 0xc2, 0x03, 0xc3, 0x04,
    0x64, 0x06, 0x87, 0x0f, 0xb2, 0x67, 0xac, 0x2f, 0xa8, 0x17, 0xab, 0x37, 0xb2, 0x77, 0xdd, 0xe7, 0xdc, 0xdf, 0xc8, 0x0f,
    0x46, 0x07, 0x24, 0x05, 0x03, 0x04, 0x42, 0x03, 0x61, 0x02, 0x80, 0x01, 0x00, 0x01, 0x80, 0x00, 0x40, 0x00, 0x00, 0x00,
    0x00, 0x00, 0x00, 0x00, 0x00, 0x00, 0x00, 0x00, 0x00, 0x00, 0x00, 0x00, 0x00, 0x00, 0x00, 0x00, 0x00, 0x00, 0x00, 0x00,
    0x00, 0x00, 0x00, 0x00, 0x00, 0x00, 0x00, 0x00, 0x00, 0x00, 0x00, 0x00, 0x00, 0x00, 0x00, 0x00, 0x00, 0x00, 0x00, 0x00,
    0x00, 0x00, 0x00, 0x00, 0x00, 0x00, 0x00, 0x00, 0x00, 0x00, 0x00, 0x00, 0x00, 0x00, 0x00, 0x00, 0x00, 0x00, 0x00, 0x00,
    0x00, 0x00, 0x00, 0x00, 0x00, 0x00, 0x00, 0x00, 0x00, 0x00, 0x20, 0x00, 0x20, 0x08, 0x40, 0x08, 0x60, 0x10, 0xa0, 0x18,
    0xe0, 0x20, 0x60, 0x31, 0xa0, 0x41, 0x00, 0x52, 0x60, 0x62, 0xe0, 0x72, 0x60, 0x83, 0x00, 0x9c, 0xa0, 0xb4, 0xc0, 0xdd,
    0x20, 0xff, 0xa7, 0xff, 0xda, 0xff, 0xaf, 0xff, 0x83, 0xff, 0x80, 0xff, 0x60, 0xff, 0x60, 0xff, 0x60, 0xff, 0x60, 0xff,
    0x81, 0xff, 0xa7, 0xff, 0xd5, 0xff, 0xff, 0xff, 0xad, 0xff, 0x40, 0xff, 0x00, 0xff, 0x40, 0xff, 0xaa, 0xff, 0xff, 0xff,
    0xda, 0xff, 0xac, 0xff, 0x82, 0xff, 0x80, 0xff, 0x60, 0xff, 0x60, 0xff, 0x60, 0xff, 0x80, 0xff, 0xa3, 0xff, 0xad, 0xff,
    0xd7, 0xff, 0xa7, 0xff, 0x40, 0xff, 0xe0, 0xe5, 0x80, 0xac, 0xc0, 0x8b, 0x00, 0x73, 0x80, 0x62, 0x20, 0x52, 0xa0, 0x41,
    0x40, 0x31, 0xe0, 0x20, 0xa0, 0x18, 0x60, 0x10, 0x40, 0x08, 0x40, 0x08, 0x20, 0x00, 0x00, 0x00, 0x00, 0x00, 0x00, 0x00,
    0x00, 0x00, 0x00, 0x00, 0x00, 0x00, 0x00, 0x00, 0x00, 0x00, 0x00, 0x00, 0x00, 0x00, 0x00, 0x00, 0x00, 0x00, 0x00, 0x00,
    0x00, 0x00, 0x00, 0x00, 0x00, 0x00, 0x20, 0x00, 0x60, 0x00, 0xa0, 0x00, 0x00, 0x01, 0xe1, 0x01, 0x02, 0x03, 0xc2, 0x03,
    0xa3, 0x04, 0x45, 0x0e, 0xc5, 0x07, 0xa9, 0x27, 0xdf, 0xf7, 0xdd, 0xe7, 0xd3, 0x7f, 0xab, 0x2f, 0xa8, 0x0f, 0xab, 0x27,
    0xaf, 0x57, 0x86, 0x07, 0xe4, 0x05, 0x63, 0x04, 0x82, 0x03, 0x81, 0x02, 0x80, 0x01, 0x20, 0x01, 0xa0, 0x00, 0x40, 0x00,
    0x20, 0x00, 0x00, 0x00, 0x00, 0x00, 0x00, 0x00, 0x00, 0x00, 0x00, 0x00, 0x00, 0x00, 0x00, 0x00, 0x00, 0x00, 0x00, 0x00,
    0x00, 0x00, 0x00, 0x00, 0x00, 0x00, 0x00, 0x00, 0x00, 0x00, 0x00, 0x00, 0x00, 0x00, 0x00, 0x00, 0x00, 0x00, 0x00, 0x00,
    0x00, 0x00, 0x00, 0x00, 0x00, 0x00, 0x00, 0x00, 0x00, 0x00, 0x00, 0x00, 0x00, 0x00, 0x00, 0x00, 0x00, 0x00, 0x00, 0x00,
    0x00, 0x00, 0x20, 0x00, 0x40, 0x00, 0x60, 0x00, 0xc0, 0x00, 0x00, 0x01, 0xe1, 0x01, 0x01, 0x03, 0xc2, 0x03, 0xc3, 0x04,
    0x64, 0x06, 0x87, 0x0f, 0xb2, 0x67, 0xac, 0x2f, 0xa8, 0x17, 0xab, 0x37, 0xd2, 0x77, 0xdd, 0xe7, 0xdc, 0xdf, 0xc8, 0x0f,
    0x46, 0x07, 0x24, 0x05, 0x03, 0x04, 0x42, 0x03, 0x41, 0x02, 0x60, 0x01, 0x00, 0x01, 0x80, 0x00, 0x40, 0x00, 0x00, 0x00,
    0x00, 0x00, 0x00, 0x00, 0x00, 0x00, 0x00, 0x00, 0x00, 0x00, 0x00, 0x00, 0x00, 0x00, 0x00, 0x00, 0x00, 0x00, 0x00, 0x00,
    0x00, 0x00, 0x00, 0x00, 0x00, 0x00, 0x00, 0x00, 0x00, 0x00, 0x00, 0x00, 0x00, 0x00, 0x00, 0x00, 0x00, 0x00, 0x00, 0x00,
    0x00, 0x00, 0x00, 0x00, 0x00, 0x00, 0x00, 0x00, 0x00, 0x00, 0x00, 0x00, 0x00, 0x00, 0x00, 0x00, 0x00, 0x00, 0x00, 0x00,
    0x00, 0x00, 0x00, 0x00, 0x00, 0x00, 0x00, 0x00, 0x00, 0x00, 0x00, 0x00, 0x20, 0x00, 0x20, 0x08, 0x40, 0x08, 0x60, 0x10,
    0xa0, 0x18, 0x00, 0x29, 0x40, 0x31, 0xc0, 0x41, 0x20, 0x52, 0x60, 0x5a, 0xe0, 0x72, 0x60, 0x83, 0xe0, 0x93, 0x80, 0xb4,
    0xc0, 0xdd, 0x20, 0xff, 0x87, 0xff, 0xd9, 0xff, 0xaf, 0xff, 0xa4, 0xff, 0x80, 0xff, 0x60, 0xff, 0x60, 0xff, 0x60, 0xff,
    0x60, 0xff, 0x81, 0xff, 0xa8, 0xff, 0xd5, 0xff, 0xdf, 0xff, 0xac, 0xff, 0x80, 0xff, 0xab, 0xff, 0xdf, 0xff, 0xda, 0xff,
    0xcc, 0xff, 0x82, 0xff, 0x60, 0xff, 0x60, 0xff, 0x60, 0xff, 0x60, 0xff, 0x80, 0xff, 0xa3, 0xff, 0xad, 0xff, 0xd7, 0xff,
    0xa7, 0xff, 0x40, 0xff, 0xc0, 0xdd, 0x60, 0xac, 0xc0, 0x8b, 0x20, 0x7b, 0x80, 0x62, 0xe0, 0x49, 0x80, 0x39, 0x40, 0x31,
    0xe0, 0x20, 0xa0, 0x18, 0x80, 0x10, 0x60, 0x08, 0x40, 0x08, 0x20, 0x00, 0x00, 0x00, 0x00, 0x00, 0x00, 0x00, 0x00, 0x00,
    0x00, 0x00, 0x00, 0x00, 0x00, 0x00, 0x00, 0x00, 0x00, 0x00, 0x00, 0x00, 0x00, 0x00, 0x00, 0x00, 0x00, 0x00, 0x00, 0x00,
    0x00, 0x00, 0x00, 0x00, 0x00, 0x00, 0x20, 0x00, 0x60, 0x00, 0xa0, 0x00, 0x00, 0x01, 0xc1, 0x01, 0xe2, 0x02, 0xa2, 0x03,
    0xa3, 0x04, 0x65, 0x06, 0xa5, 0x07, 0xa9, 0x27, 0xdf, 0xf7, 0xdd, 0xe7, 0xb3, 0x7f, 0xab, 0x2f, 0xa7, 0x0f, 0xab, 0x27,
    0xaf, 0x57, 0x86, 0x07, 0xc4, 0x05, 0x63, 0x04, 0xa2, 0x03, 0xa1, 0x02, 0xa0, 0x01, 0x40, 0x01, 0xa0, 0x00, 0x40, 0x00,
    0x20, 0x00, 0x00, 0x00, 0x00, 0x00, 0x00, 0x00, 0x00, 0x00, 0x00, 0x00, 0x00, 0x00, 0x00, 0x00, 0x00, 0x00, 0x00, 0x00,
    0x00, 0x00, 0x00, 0x00, 0x00, 0x00, 0x00, 0x00, 0x00, 0x00, 0x00, 0x00, 0x00, 0x00, 0x00, 0x00, 0x00, 0x00, 0x00, 0x00,
    0x00, 0x00, 0x00, 0x00, 0x00, 0x00, 0x00, 0x00, 0x00, 0x00, 0x00, 0x00, 0x00, 0x00, 0x00, 0x00, 0x00, 0x00, 0x00, 0x00,
    0x00, 0x00, 0x20, 0x00, 0x40, 0x00, 0x60, 0x00, 0xc0, 0x00, 0x00, 0x01, 0xe1, 0x01, 0x01, 0x03, 0xe2, 0x03, 0xc3, 0x04,
    0x64, 0x06, 0x87, 0x0f, 0xb2, 0x6f, 0xac, 0x2f, 0xa8, 0x17, 0xab, 0x2f, 0xd2, 0x77, 0xdd, 0xe7, 0xdc, 0xdf, 0xc8, 0x0f,
    0x46, 0x07, 0x24, 0x05, 0x03, 0x04, 0x42, 0x03, 0x41, 0x02, 0x60, 0x01, 0xe0, 0x00, 0x80, 0x00, 0x40, 0x00, 0x00, 0x00,
    0x00, 0x00, 0x00, 0x00, 0x00, 0x00, 0x00, 0x00, 0x00, 0x00, 0x00, 0x00, 0x00, 0x00, 0x00, 0x00, 0x00, 0x00, 0x00, 0x00,
    0x00, 0x00, 0x00, 0x00, 0x00, 0x00, 0x00, 0x00, 0x00, 0x00, 0x00, 0x00, 0x00, 0x00, 0x00, 0x00, 0x00, 0x00, 0x00, 0x00,
    0x00, 0x00, 0x00, 0x00, 0x00, 0x00, 0x00, 0x00, 0x00, 0x00, 0x00, 0x00, 0x00, 0x00, 0x00, 0x00, 0x00, 0x00, 0x00, 0x00,
    0x00, 0x00, 0x00, 0x00, 0x00, 0x00, 0x00, 0x00, 0x00, 0x00, 0x00, 0x00, 0x00, 0x00, 0x20, 0x00, 0x20, 0x08, 0x40, 0x08,
    0x80, 0x10, 0xc0, 0x20, 0x00, 0x29, 0x60, 0x39, 0xc0, 0x49, 0x20, 0x52, 0x80, 0x62, 0xe0, 0x72, 0x40, 0x83, 0x00, 0x9c,
    0x80, 0xac, 0xc1, 0xdd, 0x20, 0xff, 0x88, 0xff, 0xd9, 0xff, 0xaf, 0xff, 0xa4, 0xff, 0x80, 0xff, 0x60, 0xff, 0x60, 0xff,
    0x60, 0xff, 0x60, 0xff, 0x81, 0xff, 0xa8, 0xff, 0xd4, 0xff, 0xde, 0xff, 0xd3, 0xff, 0xdf, 0xff, 0xda, 0xff, 0xcb, 0xff,
    0xa2, 0xff, 0x60, 0xff, 0x60, 0xff, 0x60, 0xff, 0x60, 0xff, 0x80, 0xff, 0x83, 0xff, 0xad, 0xff, 0xd7, 0xff, 0xa6, 0xff,
    0x40, 0xff, 0xe0, 0xe5, 0x80, 0xac, 0xa0, 0x8b, 0x00, 0x73, 0x80, 0x62, 0x20, 0x52, 0xa0, 0x41, 0x40, 0x31, 0xe0, 0x20,
    0xa0, 0x18, 0x80, 0x10, 0x40, 0x08, 0x40, 0x08, 0x20, 0x00, 0x00, 0x00, 0x00, 0x00, 0x00, 0x00, 0x00, 0x00, 0x00, 0x00,
    0x00, 0x00, 0x00, 0x00, 0x00, 0x00, 0x00, 0x00, 0x00, 0x00, 0x00, 0x00, 0x00, 0x00, 0x00, 0x00, 0x00, 0x00, 0x00, 0x00,
    0x00, 0x00, 0x00, 0x00, 0x00, 0x00, 0x20, 0x00, 0x40, 0x00, 0xa0, 0x00, 0x00, 0x01, 0xc1, 0x01, 0xe2, 0x02, 0xa2, 0x03,
    0xa3, 0x04, 0x45, 0x0e, 0xa5, 0x07, 0xa9, 0x27, 0xdf, 0xf7, 0xdc, 0xe7, 0xd2, 0x7f, 0xab, 0x2f, 0xa7, 0x0f, 0xab, 0x27,
    0xaf, 0x57, 0x86, 0x07, 0xc4, 0x05, 0x83, 0x04, 0xa2, 0x03, 0xa1, 0x02, 0xc0, 0x01, 0x40, 0x01, 0xa0, 0x00, 0x40, 0x00,
    0x20, 0x00, 0x00, 0x00, 0x00, 0x00, 0x00, 0x00, 0x00, 0x00, 0x00, 0x00, 0x00, 0x00, 0x00, 0x00, 0x00, 0x00, 0x00, 0x00,
    0x00, 0x00, 0x00, 0x00, 0x00, 0x00, 0x00, 0x00, 0x00, 0x00, 0x00, 0x00, 0x00, 0x00, 0x00, 0x00, 0x00, 0x00, 0x00, 0x00,
    0x00, 0x00, 0x00, 0x00, 0x00, 0x00, 0x00, 0x00, 0x00, 0x00, 0x00, 0x00, 0x00, 0x00, 0x00, 0x00, 0x00, 0x00, 0x00, 0x00,
    0x00, 0x00, 0x20, 0x00, 0x40, 0x00, 0x60, 0x00, 0xc0, 0x00, 0x20, 0x01, 0xe1, 0x01, 0x21, 0x03, 0xe2, 0x03, 0xc3, 0x04,
    0x64, 0x06, 0x87, 0x0f, 0xb2, 0x6f, 0xac, 0x2f, 0xa8, 0x17, 0xab, 0x2f, 0xd2, 0x77, 0xdd, 0xe7, 0xdc, 0xdf, 0xc8, 0x0f,
    0x46, 0x07, 0x24, 0x05, 0x03, 0x04, 0x42, 0x03, 0x41, 0x02, 0x60, 0x01, 0xe0, 0x00, 0x60, 0x00, 0x40, 0x00, 0x00, 0x00,
    0x00, 0x00, 0x00, 0x00, 0x00, 0x00, 0x00, 0x00, 0x00, 0x00, 0x00, 0x00, 0x00, 0x00, 0x00, 0x00, 0x00, 0x00, 0x00, 0x00,
    0x00, 0x00, 0x00, 0x00, 0x00, 0x00, 0x00, 0x00, 0x00, 0x00, 0x00, 0x00, 0x00, 0x00, 0x00, 0x00, 0x00, 0x00, 0x00, 0x00,
    0x00, 0x00, 0x00, 0x00, 0x00, 0x00, 0x00, 0x00, 0x00, 0x00, 0x00, 0x00, 0x00, 0x00, 0x00, 0x00, 0x00, 0x00, 0x00, 0x00,
    0x00, 0x00, 0x00, 0x00, 0x00, 0x00, 0x00, 0x00, 0x00, 0x00, 0x00, 0x00, 0x00, 0x00, 0x00, 0x00, 0x20, 0x00, 0x40, 0x08,
    0x60, 0x10, 0x80, 0x10, 0xc0, 0x18, 0x20, 0x29, 0x80, 0x39, 0xc0, 0x41, 0x20, 0x52, 0x80, 0x62, 0xe0, 0x72, 0x60, 0x83,
    0x00, 0x9c, 0xa0, 0xb4, 0xc0, 0xdd, 0x20, 0xff, 0x87, 0xff, 0xda, 0xff, 0xaf, 0xff, 0xa4, 0xff, 0x80, 0xff, 0x60, 0xff,
    0x60, 0xff, 0x60, 0xff, 0x60, 0xff, 0x81, 0xff, 0xa7, 0xff, 0xd4, 0xff, 0xde, 0xff, 0xd8, 0xff, 0xac, 0xff, 0x83, 0xff,
    0x60, 0xff, 0x60, 0xff, 0x60, 0xff, 0x60, 0xff, 0x80, 0xff, 0x83, 0xff, 0xae, 0xff, 0xd7, 0xff, 0xa6, 0xff, 0x40, 0xff,
    0xc0, 0xdd, 0x60, 0xac, 0xc0, 0x93, 0x00, 0x73, 0x80, 0x62, 0x20, 0x52, 0xc0, 0x41, 0x40, 0x31, 0x00, 0x21, 0xa0, 0x18,
    0x60, 0x10, 0x40, 0x08, 0x20, 0x08, 0x20, 0x00, 0x00, 0x00, 0x00, 0x00, 0x00, 0x00, 0x00, 0x00, 0x00, 0x00, 0x00, 0x00,
    0x00, 0x00, 0x00, 0x00, 0x00, 0x00, 0x00, 0x00, 0x00, 0x00, 0x00, 0x00, 0x00, 0x00, 0x00, 0x00, 0x00, 0x00, 0x00, 0x00,
    0x00, 0x00, 0x00, 0x00, 0x00, 0x00, 0x20, 0x00, 0x40, 0x00, 0xa0, 0x00, 0xe0, 0x00, 0xc1, 0x01, 0xe1, 0x02, 0xa2, 0x03,
    0xa3, 0x04, 0x65, 0x0e, 0xa5, 0x07, 0xa9, 0x27, 0xdf, 0xf7, 0xdc, 0xe7, 0xb2, 0x7f, 0xab, 0x37, 0xa8, 0x0f, 0xab, 0x27,
    0xaf, 0x57, 0x86, 0x07, 0xc4, 0x05, 0x83, 0x04, 0xa2, 0x03, 0xa1, 0x02, 0xc0, 0x01, 0x40, 0x01, 0xa0, 0x00, 0x40, 0x00,
    0x20, 0x00, 0x00, 0x00, 0x00, 0x00, 0x00, 0x00, 0x00, 0x00, 0x00, 0x00, 0x00, 0x00, 0x00, 0x00, 0x00, 0x00, 0x00, 0x00,
    0x00, 0x00, 0x00, 0x00, 0x00, 0x00, 0x00, 0x00, 0x00, 0x00, 0x00, 0x00, 0x00, 0x00, 0x00, 0x00, 0x00, 0x00, 0x00, 0x00,
    0x00, 0x00, 0x00, 0x00, 0x00, 0x00, 0x00, 0x00, 0x00, 0x00, 0x00, 0x00, 0x00, 0x00, 0x00, 0x00, 0x00, 0x00, 0x00, 0x00,
    0x00, 0x00, 0x20, 0x00, 0x40, 0x00, 0x60, 0x00, 0xc0, 0x00, 0x20, 0x01, 0x01, 0x02, 0x02, 0x03, 0xe2, 0x03, 0xc3, 0x04,
    0x64, 0x06, 0xa7, 0x0f, 0xb2, 0x6f, 0xac, 0x2f, 0xa8, 0x17, 0xab, 0x2f, 0xb2, 0x77, 0xdd, 0xe7, 0xdc, 0xdf, 0xa8, 0x0f,
    0x46, 0x07, 0x24, 0x05, 0x03, 0x04, 0x42, 0x03, 0x41, 0x02, 0x60, 0x01, 0xe0, 0x00, 0x60, 0x00, 0x40, 0x00, 0x00, 0x00,
    0x00, 0x00, 0x00, 0x00, 0x00, 0x00, 0x00, 0x00, 0x00, 0x00, 0x00, 0x00, 0x00, 0x00, 0x00, 0x00, 0x00, 0x00, 0x00, 0x00,
    0x00, 0x00, 0x00, 0x00, 0x00, 0x00, 0x00, 0x00, 0x00, 0x00, 0x00, 0x00, 0x00, 0x00, 0x00, 0x00, 0x00, 0x00, 0x00, 0x00,
    0x00, 0x00, 0x00, 0x00, 0x00, 0x00, 0x00, 0x00, 0x00, 0x00, 0x00, 0x00, 0x00, 0x00, 0x00, 0x00, 0x00, 0x00, 0x00, 0x00,
    0x00, 0x00, 0x00, 0x00, 0x00, 0x00, 0x00, 0x00, 0x00, 0x00, 0x00, 0x00, 0x00, 0x00, 0x00, 0x00, 0x00, 0x00, 0x20, 0x00,
    0x40, 0x08, 0x60, 0x08, 0x80, 0x10, 0xe0, 0x20, 0x40, 0x31, 0x80, 0x39, 0xe0, 0x49, 0x40, 0x5a, 0xa0, 0x62, 0x00, 0x73,
    0x80, 0x8b, 0x20, 0x9c, 0xa0, 0xb4, 0xe0, 0xe5, 0x20, 0xff, 0x87, 0xff, 0xd9, 0xff, 0xaf, 0xff, 0xa4, 0xff, 0x80, 0xff,
    0x60, 0xff, 0x60, 0xff, 0x60, 0xff, 0x60, 0xff, 0x81, 0xff, 0x86, 0xff, 0xaa, 0xff, 0xa8, 0xff, 0x82, 0xff, 0x60, 0xff,
    0x60, 0xff, 0x60, 0xff, 0x60, 0xff, 0x80, 0xff, 0xa3, 0xff, 0xad, 0xff, 0xd7, 0xff, 0xa6, 0xff, 0x40, 0xff, 0xe0, 0xe5,
    0x80, 0xac, 0xa0, 0x8b, 0x20, 0x7b, 0xa0, 0x62, 0x20, 0x52, 0xc0, 0x41, 0x60, 0x39, 0x00, 0x21, 0xa0, 0x18, 0x80, 0x10,
    0x40, 0x08, 0x20, 0x08, 0x20, 0x00, 0x00, 0x00, 0x00, 0x00, 0x00, 0x00, 0x00, 0x00, 0x00, 0x00, 0x00, 0x00, 0x00, 0x00,
    0x00, 0x00, 0x00, 0x00, 0x00, 0x00, 0x00, 0x00, 0x00, 0x00, 0x00, 0x00, 0x00, 0x00, 0x00, 0x00, 0x00, 0x00, 0x00, 0x00,
    0x00, 0x00, 0x00, 0x00, 0x00, 0x00, 0x20, 0x00, 0x40, 0x00, 0x80, 0x00, 0xe0, 0x00, 0xa1, 0x01, 0xe1, 0x02, 0xc2, 0x03,
    0xc3, 0x04, 0x65, 0x0e, 0xa5, 0x07, 0xa9, 0x27, 0xdf, 0xf7, 0xdc, 0xe7, 0xb2, 0x87, 0xab, 0x37, 0xa7, 0x0f, 0xab, 0x27,
    0xaf, 0x57, 0x86, 0x0f, 0xc4, 0x05, 0x63, 0x04, 0xa2, 0x03, 0xa1, 0x02, 0xc1, 0x01, 0x40, 0x01, 0xa0, 0x00, 0x40, 0x00,
    0x20, 0x00, 0x00, 0x00, 0x00, 0x00, 0x00, 0x00, 0x00, 0x00, 0x00, 0x00, 0x00, 0x00, 0x00, 0x00, 0x00, 0x00, 0x00, 0x00,
    0x00, 0x00, 0x00, 0x00, 0x00, 0x00, 0x00, 0x00, 0x00, 0x00, 0x00, 0x00, 0x00, 0x00, 0x00, 0x00, 0x00, 0x00, 0x00, 0x00,
    0x00, 0x00, 0x00, 0x00, 0x00, 0x00, 0x00, 0x00, 0x00, 0x00, 0x00, 0x00, 0x00, 0x00, 0x00, 0x00, 0x00, 0x00, 0x00, 0x00,
    0x00, 0x00, 0x20, 0x00, 0x20, 0x00, 0x60, 0x00, 0xc0, 0x00, 0x20, 0x01, 0x01, 0x02, 0x01, 0x03, 0xc2, 0x03, 0xc3, 0x04,
    0x64, 0x06, 0xa7, 0x0f, 0xb2, 0x67, 0xab, 0x2f, 0xa8, 0x17, 0x8b, 0x2f, 0xb2, 0x77, 0xdd, 0xe7, 0xdc, 0xdf, 0xa7, 0x0f,
    0x46, 0x07, 0x24, 0x05, 0x03, 0x04, 0x42, 0x03, 0x41, 0x02, 0x40, 0x01, 0xe0, 0x00, 0x60, 0x00, 0x40, 0x00, 0x00, 0x00,
    0x00, 0x00, 0x00, 0x00, 0x00, 0x00, 0x00, 0x00, 0x00, 0x00, 0x00, 0x00, 0x00, 0x00, 0x00, 0x00, 0x00, 0x00, 0x00, 0x00,
    0x00, 0x00, 0x00, 0x00, 0x00, 0x00, 0x00, 0x00, 0x00, 0x00, 0x00, 0x00, 0x00, 0x00, 0x00, 0x00, 0x00, 0x00, 0x00, 0x00,
    0x00, 0x00, 0x00, 0x00, 0x00, 0x00, 0x00, 0x00, 0x00, 0x00, 0x00, 0x00, 0x00, 0x00, 0x00, 0x00, 0x00, 0x00, 0x00, 0x00,
    0x00, 0x00, 0x00, 0x00, 0x00, 0x00, 0x00, 0x00, 0x00, 0x00, 0x00, 0x00, 0x00, 0x00, 0x00, 0x00, 0x00, 0x00, 0x00, 0x00,
    0x20, 0x08, 0x40, 0x08, 0x60, 0x10, 0xa0, 0x18, 0x00, 0x29, 0x40, 0x31, 0xa0, 0x41, 0x00, 0x4a, 0x40, 0x5a, 0xc0, 0x6a,
    0x20, 0x7b, 0xa0, 0x8b, 0x40, 0xa4, 0xc0, 0xbc, 0xe0, 0xe5, 0x20, 0xff, 0x88, 0xff, 0xda, 0xff, 0xd0, 0xff, 0xa4, 0xff,
    0x80, 0xff, 0x60, 0xff, 0x60, 0xff, 0x60, 0xff, 0x60, 0xff, 0x80, 0xff, 0x80, 0xff, 0x80, 0xff, 0x60, 0xff, 0x60, 0xff,
    0x60, 0xff, 0x60, 0xff, 0x80, 0xff, 0x83, 0xff, 0xae, 0xff, 0xd7, 0xff, 0x86, 0xff, 0x20, 0xff, 0xe0, 0xe5, 0xa0, 0xb4,
    0xe0, 0x93, 0x20, 0x7b, 0xa0, 0x62, 0x40, 0x5a, 0xc0, 0x49, 0x60, 0x39, 0x20, 0x29, 0xc0, 0x18, 0x80, 0x10, 0x60, 0x08,
    0x40, 0x08, 0x20, 0x00, 0x00, 0x00, 0x00, 0x00, 0x00, 0x00, 0x00, 0x00, 0x00, 0x00, 0x00, 0x00, 0x00, 0x00, 0x00, 0x00,
    0x00, 0x00, 0x00, 0x00, 0x00, 0x00, 0x00, 0x00, 0x00, 0x00, 0x00, 0x00, 0x00, 0x00, 0x00, 0x00, 0x00, 0x00, 0x00, 0x00,
    0x00, 0x00, 0x00, 0x00, 0x00, 0x00, 0x20, 0x00, 0x40, 0x00, 0x80, 0x00, 0xe0, 0x00, 0xc1, 0x01, 0xe1, 0x02, 0xc2, 0x03,
    0xc3, 0x04, 0x65, 0x0e, 0xa5, 0x07, 0xa9, 0x27, 0xdf, 0xf7, 0xdc, 0xe7, 0xb2, 0x87, 0x8b, 0x2f, 0xa7, 0x0f, 0xab, 0x27,
    0xaf, 0x57, 0x86, 0x0f, 0xc4, 0x05, 0x63, 0x04, 0xa2, 0x03, 0xa1, 0x02, 0xc0, 0x01, 0x40, 0x01, 0xa0, 0x00, 0x40, 0x00,
    0x20, 0x00, 0x00, 0x00, 0x00, 0x00, 0x00, 0x00, 0x00, 0x00, 0x00, 0x00, 0x00, 0x00, 0x00, 0x00, 0x00, 0x00, 0x00, 0x00,
    0x00, 0x00, 0x00, 0x00, 0x00, 0x00, 0x00, 0x00, 0x00, 0x00, 0x00, 0x00, 0x00, 0x00, 0x00, 0x00, 0x00, 0x00, 0x00, 0x00,
    0x00, 0x00, 0x00, 0x00, 0x00, 0x00, 0x00, 0x00, 0x00, 0x00, 0x00, 0x00, 0x00, 0x00, 0x00, 0x00, 0x00, 0x00, 0x00, 0x00,
    0x00, 0x00, 0x20, 0x00, 0x20, 0x00, 0x60, 0x00, 0xa0, 0x00, 0x20, 0x01, 0x01, 0x02, 0x01, 0x03, 0xc2, 0x03, 0xc3, 0x04,
    0x64, 0x06, 0x87, 0x0f, 0xb2, 0x67, 0xab, 0x2f, 0xa8, 0x0f, 0x8b, 0x2f, 0xb2, 0x6f, 0xdd, 0xdf, 0xdc, 0xdf, 0xc7, 0x0f,
    0x46, 0x07, 0x24, 0x05, 0x03, 0x04, 0x42, 0x03, 0x41, 0x02, 0x40, 0x01, 0xe0, 0x00, 0x60, 0x00, 0x40, 0x00, 0x00, 0x00,
    0x00, 0x00, 0x00, 0x00, 0x00, 0x00, 0x00, 0x00, 0x00, 0x00, 0x00, 0x00, 0x00, 0x00, 0x00, 0x00, 0x00, 0x00, 0x00, 0x00,
    0x00, 0x00, 0x00, 0x00, 0x00, 0x00, 0x00, 0x00, 0x00, 0x00, 0x00, 0x00, 0x00, 0x00, 0x00, 0x00, 0x00, 0x00, 0x00, 0x00,
    0x00, 0x00, 0x00, 0x00, 0x00, 0x00, 0x00, 0x00, 0x00, 0x00, 0x00, 0x00, 0x00, 0x00, 0x00, 0x00, 0x00, 0x00, 0x00, 0x00,
    0x00, 0x00, 0x00, 0x00, 0x00, 0x00, 0x00, 0x00, 0x00, 0x00, 0x00, 0x00, 0x00, 0x00, 0x00, 0x00, 0x00, 0x00, 0x00, 0x00,
    0x00, 0x00, 0x20, 0x00, 0x40, 0x08, 0x80, 0x10, 0xa0, 0x18, 0x00, 0x29, 0x80, 0x39, 0xc0, 0x49, 0x20, 0x52, 0x80, 0x62,
    0xe0, 0x72, 0x60, 0x83, 0xc0, 0x93, 0x40, 0xa4, 0xc0, 0xbc, 0x20, 0xee, 0x20, 0xff, 0x88, 0xff, 0xd9, 0xff, 0xaf, 0xff,
    0xa4, 0xff, 0x80, 0xff, 0x60, 0xff, 0x60, 0xff, 0x60, 0xff, 0x60, 0xff, 0x60, 0xff, 0x60, 0xff, 0x60, 0xff, 0x60, 0xff,
    0x60, 0xff, 0x80, 0xff, 0xa3, 0xff, 0xaf, 0xff, 0xd7, 0xff, 0x86, 0xff, 0x20, 0xff, 0xe0, 0xe5, 0xe0, 0xbc, 0x00, 0x9c,
    0x60, 0x83, 0xe0, 0x6a, 0x40, 0x5a, 0xe0, 0x49, 0x80, 0x39, 0x20, 0x29, 0xc0, 0x20, 0x80, 0x10, 0x60, 0x08, 0x40, 0x08,
    0x20, 0x00, 0x00, 0x00, 0x00, 0x00, 0x00, 0x00, 0x00, 0x00, 0x00, 0x00, 0x00, 0x00, 0x00, 0x00, 0x00, 0x00, 0x00, 0x00,
    0x00, 0x00, 0x00, 0x00, 0x00, 0x00, 0x00, 0x00, 0x00, 0x00, 0x00, 0x00, 0x00, 0x00, 0x00, 0x00, 0x00, 0x00, 0x00, 0x00,
    0x00, 0x00, 0x00, 0x00, 0x00, 0x00, 0x20, 0x00, 0x40, 0x00, 0x80, 0x00, 0xe0, 0x00, 0xc1, 0x01, 0x02, 0x03, 0xc2, 0x03,
    0xc3, 0x04, 0x65, 0x0e, 0xa5, 0x07, 0xa9, 0x27, 0xde, 0xf7, 0xdc, 0xe7, 0xb2, 0x7f, 0x8b, 0x2f, 0xa7, 0x0f, 0xab, 0x27,
    0xaf, 0x57, 0x86, 0x07, 0xc4, 0x05, 0x63, 0x04, 0xa2, 0x03, 0xa1, 0x02, 0xa0, 0x01, 0x20, 0x01, 0x80, 0x00, 0x40, 0x00,
    0x20, 0x00, 0x00, 0x00, 0x00, 0x00, 0x00, 0x00, 0x00, 0x00, 0x00, 0x00, 0x00, 0x00, 0x00, 0x00, 0x00, 0x00, 0x00, 0x00,
    0x00, 0x00, 0x00, 0x00, 0x00, 0x00, 0x00, 0x00, 0x00, 0x00, 0x00, 0x00, 0x00, 0x00, 0x00, 0x00, 0x00, 0x00, 0x00, 0x00,
    0x00, 0x00, 0x00, 0x00, 0x00, 0x00, 0x00, 0x00, 0x00, 0x00, 0x00, 0x00, 0x00, 0x00, 0x00, 0x00, 0x00, 0x00, 0x00, 0x00,
    0x00, 0x00, 0x20, 0x00, 0x20, 0x00, 0x60, 0x00, 0xa0, 0x00, 0x00, 0x01, 0xe1, 0x01, 0x21, 0x03, 0xe2, 0x03, 0xc3, 0x04,
    0x44, 0x06, 0x87, 0x0f, 0xb2, 0x67, 0xab, 0x2f, 0xa8, 0x0f, 0x8b, 0x2f, 0xb2, 0x6f, 0xdd, 0xdf, 0xdc, 0xdf, 0xc8, 0x0f,
    0x46, 0x07, 0x24, 0x05, 0x03, 0x04, 0x42, 0x03, 0x41, 0x02, 0x40, 0x01, 0xe0, 0x00, 0x80, 0x00, 0x40, 0x00, 0x20, 0x00,
    0x00, 0x00, 0x00, 0x00, 0x00, 0x00, 0x00, 0x00, 0x00, 0x00, 0x00, 0x00, 0x00, 0x00, 0x00, 0x00, 0x00, 0x00, 0x00, 0x00,
    0x00, 0x00, 0x00, 0x00, 0x00, 0x00, 0x00, 0x00, 0x00, 0x00, 0x00, 0x00, 0x00, 0x00, 0x00, 0x00, 0x00, 0x00, 0x00, 0x00,
    0x00, 0x00, 0x00, 0x00, 0x00, 0x00, 0x00, 0x00, 0x00, 0x00, 0x00, 0x00, 0x00, 0x00, 0x00, 0x00, 0x00, 0x00, 0x00, 0x00,
    0x00, 0x00, 0x00, 0x00, 0x00, 0x00, 0x00, 0x00, 0x00, 0x00, 0x00, 0x00, 0x00, 0x00, 0x00, 0x00, 0x00, 0x00, 0x00, 0x00,
    0x00, 0x00, 0x20, 0x00, 0x40, 0x08, 0x60, 0x10, 0xa0, 0x18, 0xe0, 0x20, 0x60, 0x39, 0xa0, 0x41, 0x00, 0x52, 0x60, 0x5a,
    0xc0, 0x6a, 0x20, 0x7b, 0x80, 0x8b, 0x00, 0x9c, 0xa0, 0xb4, 0x60, 0xcd, 0x60, 0xf6, 0x20, 0xff, 0x88, 0xf7, 0xda, 0xff,
    0xae, 0xff, 0x84, 0xff, 0x60, 0xff, 0x60, 0xff, 0x60, 0xff, 0x60, 0xff, 0x60, 0xff, 0x60, 0xff, 0x60, 0xff, 0x60, 0xff,
    0x60, 0xff, 0x84, 0xff, 0xd0, 0xff, 0xd7, 0xff, 0x85, 0xff, 0x20, 0xff, 0x20, 0xee, 0x20, 0xc5, 0x60, 0xa4, 0xa0, 0x8b,
    0x20, 0x7b, 0xa0, 0x62, 0x20, 0x52, 0xc0, 0x41, 0x40, 0x31, 0xe0, 0x20, 0xa0, 0x18, 0x60, 0x10, 0x40, 0x08, 0x20, 0x00,
    0x20, 0x00, 0x00, 0x00, 0x00, 0x00, 0x00, 0x00, 0x00, 0x00, 0x00, 0x00, 0x00, 0x00, 0x00, 0x00, 0x00, 0x00, 0x00, 0x00,
    0x00, 0x00, 0x00, 0x00, 0x00, 0x00, 0x00, 0x00, 0x00, 0x00, 0x00, 0x00, 0x00, 0x00, 0x00, 0x00, 0x00, 0x00, 0x00, 0x00,
    0x00, 0x00, 0x00, 0x00, 0x00, 0x00, 0x20, 0x00, 0x40, 0x00, 0xa0, 0x00, 0x00, 0x01, 0xe1, 0x01, 0x22, 0x03, 0xe2, 0x03,
    0xc3, 0x04, 0x65, 0x0e, 0xa5, 0x07, 0xa9, 0x27, 0xde, 0xf7, 0xdc, 0xe7, 0xb2, 0x7f, 0x8b, 0x2f, 0xa7, 0x0f, 0xab, 0x27,
    0xb0, 0x57, 0xa6, 0x07, 0xe4, 0x05, 0x63, 0x04, 0x82, 0x03, 0xa1, 0x02, 0xa0, 0x01, 0x20, 0x01, 0x80, 0x00, 0x40, 0x00,
    0x20, 0x00, 0x00, 0x00, 0x00, 0x00, 0x00, 0x00, 0x00, 0x00, 0x00, 0x00, 0x00, 0x00, 0x00, 0x00, 0x00, 0x00, 0x00, 0x00,
    0x00, 0x00, 0x00, 0x00, 0x00, 0x00, 0x00, 0x00, 0x00, 0x00, 0x00, 0x00, 0x00, 0x00, 0x00, 0x00, 0x00, 0x00, 0x00, 0x00,
    0x00, 0x00, 0x00, 0x00, 0x00, 0x00, 0x00, 0x00, 0x00, 0x00, 0x00, 0x00, 0x00, 0x00, 0x00, 0x00, 0x00, 0x00, 0x00, 0x00,
    0x00, 0x00, 0x20, 0x00, 0x20, 0x00, 0x60, 0x00, 0xa0, 0x00, 0x00, 0x01, 0xe1, 0x01, 0x21, 0x03, 0xe2, 0x03, 0xc3, 0x04,
    0x44, 0x06, 0x87, 0x0f, 0xb2, 0x6f, 0xab, 0x2f, 0xa8, 0x0f, 0xab, 0x2f, 0xb2, 0x77, 0xdd, 0xe7, 0xdc, 0xdf, 0xa7, 0x0f,
    0x46, 0x07, 0x24, 0x05, 0x03, 0x04, 0x42, 0x03, 0x41, 0x02, 0x40, 0x01, 0xe0, 0x00, 0x80, 0x00, 0x40, 0x00, 0x20, 0x00,
    0x00, 0x00, 0x00, 0x00, 0x00, 0x00, 0x00, 0x00, 0x00, 0x00, 0x00, 0x00, 0x00, 0x00, 0x00, 0x00, 0x00, 0x00, 0x00, 0x00,
    0x00, 0x00, 0x00, 0x00, 0x00, 0x00, 0x00, 0x00, 0x00, 0x00, 0x00, 0x00, 0x00, 0x00, 0x00, 0x00, 0x00, 0x00, 0x00, 0x00,
    0x00, 0x00, 0x00, 0x00, 0x00, 0x00, 0x00, 0x00, 0x00, 0x00, 0x00, 0x00, 0x00, 0x00, 0x00, 0x00, 0x00, 0x00, 0x00, 0x00,
    0x00, 0x00, 0x00, 0x00, 0x00, 0x00, 0x00, 0x00, 0x00, 0x00, 0x00, 0x00, 0x00, 0x00, 0x00, 0x00, 0x00, 0x00, 0x00, 0x00,
    0x00, 0x00, 0x20, 0x00, 0x40, 0x08, 0x60, 0x10, 0xa0, 0x18, 0xe0, 0x20, 0x60, 0x31, 0xa0, 0x41, 0x00, 0x4a, 0x40, 0x5a,
    0xa0, 0x6a, 0x00, 0x7b, 0x80, 0x8b, 0x00, 0x9c, 0x80, 0xac, 0x40, 0xcd, 0x00, 0xe6, 0xa0, 0xfe, 0x40, 0xff, 0x87, 0xff,
    0xda, 0xff, 0xab, 0xff, 0x81, 0xff, 0x60, 0xff, 0x60, 0xff, 0x60, 0xff, 0x60, 0xff, 0x60, 0xff, 0x60, 0xff, 0x60, 0xff,
    0x81, 0xff, 0xac, 0xff, 0xd6, 0xff, 0x64, 0xff, 0x20, 0xff, 0x60, 0xf6, 0x80, 0xd5, 0xc0, 0xb4, 0x20, 0x9c, 0x80, 0x8b,
    0x00, 0x73, 0x80, 0x62, 0x00, 0x4a, 0xa0, 0x41, 0x20, 0x29, 0xc0, 0x20, 0x80, 0x10, 0x60, 0x08, 0x40, 0x08, 0x20, 0x00,
    0x00, 0x00, 0x00, 0x00, 0x00, 0x00, 0x00, 0x00, 0x00, 0x00, 0x00, 0x00, 0x00, 0x00, 0x00, 0x00, 0x00, 0x00, 0x00, 0x00,
    0x00, 0x00, 0x00, 0x00, 0x00, 0x00, 0x00, 0x00, 0x00, 0x00, 0x00, 0x00, 0x00, 0x00, 0x00, 0x00, 0x00, 0x00, 0x00, 0x00,
    0x00, 0x00, 0x00, 0x00, 0x00, 0x00, 0x20, 0x00, 0x40, 0x00, 0xa0, 0x00, 0x00, 0x01, 0xc1, 0x01, 0x02, 0x03, 0xe2, 0x03,
    0xc3, 0x04, 0x65, 0x0e, 0xa5, 0x07, 0xa9, 0x27, 0xde, 0xf7, 0xdc, 0xe7, 0xb2, 0x7f, 0xab, 0x2f, 0xa7, 0x0f, 0xab, 0x27,
    0xb0, 0x57, 0xa6, 0x07, 0xe4, 0x05, 0x63, 0x04, 0x82, 0x03, 0xa1, 0x02, 0xa1, 0x01, 0x20, 0x01, 0xa0, 0x00, 0x40, 0x00,
    0x20, 0x00, 0x00, 0x00, 0x00, 0x00, 0x00, 0x00, 0x00, 0x00, 0x00, 0x00, 0x00, 0x00, 0x00, 0x00, 0x00, 0x00, 0x00, 0x00,
    0x00, 0x00, 0x00, 0x00, 0x00, 0x00, 0x00, 0x00, 0x00, 0x00, 0x00, 0x00, 0x00, 0x00, 0x00, 0x00, 0x00, 0x00, 0x00, 0x00,
    0x00, 0x00, 0x00, 0x00, 0x00, 0x00, 0x00, 0x00, 0x00, 0x00, 0x00, 0x00, 0x00, 0x00, 0x00, 0x00, 0x00, 0x00, 0x00, 0x00,
    0x00, 0x00, 0x20, 0x00, 0x20, 0x00, 0x60, 0x00, 0xa0, 0x00, 0x00, 0x01, 0xe1, 0x01, 0x21, 0x03, 0xe2, 0x03, 0xc3, 0x04,
    0x44, 0x06, 0x87, 0x0f, 0xb2, 0x6f, 0xab, 0x2f, 0xa8, 0x0f, 0xab, 0x2f, 0xb2, 0x77, 0xdd, 0xe7, 0xdc, 0xdf, 0xa7, 0x0f,
    0x46, 0x07, 0x24, 0x05, 0x03, 0x04, 0x42, 0x03, 0x41, 0x02, 0x40, 0x01, 0xe0, 0x00, 0x80, 0x00, 0x40, 0x00, 0x00, 0x00,
    0x00, 0x00, 0x00, 0x00, 0x00, 0x00, 0x00, 0x00, 0x00, 0x00, 0x00, 0x00, 0x00, 0x00, 0x00, 0x00, 0x00, 0x00, 0x00, 0x00,
    0x00, 0x00, 0x00, 0x00, 0x00, 0x00, 0x00, 0x00, 0x00, 0x00, 0x00, 0x00, 0x00, 0x00, 0x00, 0x00, 0x00, 0x00, 0x00, 0x00,
    0x00, 0x00, 0x00, 0x00, 0x00, 0x00, 0x00, 0x00, 0x00, 0x00, 0x00, 0x00, 0x00, 0x00, 0x00, 0x00, 0x00, 0x00, 0x00, 0x00,
    0x00, 0x00, 0x00, 0x00, 0x00, 0x00, 0x00, 0x00, 0x00, 0x00, 0x00, 0x00, 0x00, 0x00, 0x00, 0x00, 0x00, 0x00, 0x00, 0x00,
    0x00, 0x00, 0x20, 0x00, 0x40, 0x08, 0x60, 0x10, 0xa0, 0x18, 0xe0, 0x20, 0x60, 0x31, 0xa0, 0x41, 0x00, 0x52, 0x60, 0x5a,
    0xc0, 0x6a, 0x20, 0x7b, 0xa0, 0x8b, 0x00, 0x9c, 0xa0, 0xb4, 0x40, 0xcd, 0x40, 0xee, 0x00, 0xff, 0x60, 0xff, 0xd3, 0xff,
    0xdd, 0xff, 0xac, 0xff, 0x82, 0xff, 0x60, 0xff, 0x60, 0xff, 0x60, 0xff, 0x60, 0xff, 0x60, 0xff, 0x60, 0xff, 0x60, 0xff,
    0x82, 0xff, 0xae, 0xff, 0xd9, 0xff, 0x64, 0xff, 0x20, 0xff, 0x80, 0xf6, 0x60, 0xd5, 0xa0, 0xb4, 0x20, 0x9c, 0x80, 0x8b,
    0x00, 0x73, 0x80, 0x62, 0x00, 0x4a, 0xa0, 0x41, 0x20, 0x29, 0xc0, 0x18, 0x80, 0x10, 0x40, 0x08, 0x40, 0x08, 0x20, 0x00,
    0x00, 0x00, 0x00, 0x00, 0x00, 0x00, 0x00, 0x00, 0x00, 0x00, 0x00, 0x00, 0x00, 0x00, 0x00, 0x00, 0x00, 0x00, 0x00, 0x00,
    0x00, 0x00, 0x00, 0x00, 0x00, 0x00, 0x00, 0x00, 0x00, 0x00, 0x00, 0x00, 0x00, 0x00, 0x00, 0x00, 0x00, 0x00, 0x00, 0x00,
    0x00, 0x00, 0x00, 0x00, 0x00, 0x00, 0x20, 0x00, 0x40, 0x00, 0xa0, 0x00, 0x00, 0x01, 0xc1, 0x01, 0x02, 0x03, 0xe2, 0x03,
    0xc3, 0x04, 0x65, 0x0e, 0xa5, 0x07, 0xa9, 0x27, 0xde, 0xf7, 0xdc, 0xe7, 0xb2, 0x7f, 0x8b, 0x2f, 0xa7, 0x0f, 0xab, 0x27,
    0xaf, 0x57, 0xa6, 0x07, 0xe4, 0x05, 0x63, 0x04, 0x82, 0x03, 0x81, 0x02, 0xa1, 0x01, 0x20, 0x01, 0xa0, 0x00, 0x40, 0x00,
    0x20, 0x00, 0x00, 0x00, 0x00, 0x00, 0x00, 0x00, 0x00, 0x00, 0x00, 0x00, 0x00, 0x00, 0x00, 0x00, 0x00, 0x00, 0x00, 0x00,
    0x00, 0x00, 0x00, 0x00, 0x00, 0x00, 0x00, 0x00, 0x00, 0x00, 0x00, 0x00, 0x00, 0x00, 0x00, 0x00, 0x00, 0x00, 0x00, 0x00,
    0x00, 0x00, 0x00, 0x00, 0x00, 0x00, 0x00, 0x00, 0x00, 0x00, 0x00, 0x00, 0x00, 0x00, 0x00, 0x00, 0x00, 0x00, 0x00, 0x00,
    0x00, 0x00, 0x20, 0x00, 0x20, 0x00, 0x60, 0x00, 0xa0, 0x00, 0x00, 0x01, 0xe1, 0x01, 0x21, 0x03, 0xe2, 0x03, 0xc3, 0x04,
    0x64, 0x06, 0x87, 0x0f, 0xd2, 0x6f, 0xab, 0x2f, 0xa8, 0x0f, 0xab, 0x2f, 0xb2, 0x77, 0xdd, 0xdf, 0xdc, 0xdf, 0xc8, 0x0f,
    0x46, 0x07, 0x24, 0x05, 0x03, 0x04, 0x42, 0x03, 0x41, 0x02, 0x40, 0x01, 0xe0, 0x00, 0x80, 0x00, 0x40, 0x00, 0x00, 0x00,
    0x00, 0x00, 0x00, 0x00, 0x00, 0x00, 0x00, 0x00, 0x00, 0x00, 0x00, 0x00, 0x00, 0x00, 0x00, 0x00, 0x00, 0x00, 0x00, 0x00,
    0x00, 0x00, 0x00, 0x00, 0x00, 0x00, 0x00, 0x00, 0x00, 0x00, 0x00, 0x00, 0x00, 0x00, 0x00, 0x00, 0x00, 0x00, 0x00, 0x00,
    0x00, 0x00, 0x00, 0x00, 0x00, 0x00, 0x00, 0x00, 0x00, 0x00, 0x00, 0x00, 0x00, 0x00, 0x00, 0x00, 0x00, 0x00, 0x00, 0x00,
    0x00, 0x00, 0x00, 0x00, 0x00, 0x00, 0x00, 0x00, 0x00, 0x00, 0x00, 0x00, 0x00, 0x00, 0x00, 0x00, 0x00, 0x00, 0x00, 0x00,
    0x20, 0x00, 0x20, 0x08, 0x40, 0x08, 0x80, 0x10, 0xa0, 0x18, 0x00, 0x29, 0x60, 0x39, 0xc0, 0x41, 0x20, 0x52, 0x80, 0x62,
    0xe0, 0x72, 0x60, 0x83, 0xe0, 0x93, 0x60, 0xa4, 0xe0, 0xbc, 0xc0, 0xdd, 0xe0, 0xfe, 0x61, 0xff, 0xd6, 0xff, 0xff, 0xff,
    0xd2, 0xff, 0x86, 0xff, 0x60, 0xff, 0x60, 0xff, 0x60, 0xff, 0x60, 0xff, 0x60, 0xff, 0x60, 0xff, 0x60, 0xff, 0x60, 0xff,
    0x81, 0xff, 0xa8, 0xff, 0xd8, 0xff, 0xdd, 0xff, 0x86, 0xff, 0x20, 0xff, 0xe0, 0xe5, 0xe0, 0xbc, 0x60, 0xa4, 0xa0, 0x8b,
    0x00, 0x73, 0x80, 0x62, 0x20, 0x52, 0xc0, 0x41, 0x40, 0x31, 0xe0, 0x20, 0xa0, 0x18, 0x60, 0x08, 0x40, 0x08, 0x20, 0x00,
    0x00, 0x00, 0x00, 0x00, 0x00, 0x00, 0x00, 0x00, 0x00, 0x00, 0x00, 0x00, 0x00, 0x00, 0x00, 0x00, 0x00, 0x00, 0x00, 0x00,
    0x00, 0x00, 0x00, 0x00, 0x00, 0x00, 0x00, 0x00, 0x00, 0x00, 0x00, 0x00, 0x00, 0x00, 0x00, 0x00, 0x00, 0x00, 0x00, 0x00,
    0x00, 0x00, 0x00, 0x00, 0x00, 0x00, 0x20, 0x00, 0x40, 0x00, 0xa0, 0x00, 0x00, 0x01, 0xe1, 0x01, 0x02, 0x03, 0xc2, 0x03,
    0xc3, 0x04, 0x45, 0x06, 0x85, 0x07, 0xa9, 0x27, 0xde, 0xf7, 0xdc, 0xe7, 0xb2, 0x7f, 0x8b, 0x2f, 0xa7, 0x0f, 0xab, 0x27,
    0xaf, 0x57, 0x86, 0x07, 0xe4, 0x05, 0x63, 0x04, 0x82, 0x03, 0xa1, 0x02, 0xa1, 0x01, 0x20, 0x01, 0xa0, 0x00, 0x40, 0x00,
    0x20, 0x00, 0x00, 0x00, 0x00, 0x00, 0x00, 0x00, 0x00, 0x00, 0x00, 0x00, 0x00, 0x00, 0x00, 0x00, 0x00, 0x00, 0x00, 0x00,
    0x00, 0x00, 0x00, 0x00, 0x00, 0x00, 0x00, 0x00, 0x00, 0x00, 0x00, 0x00, 0x00, 0x00, 0x00, 0x00, 0x00, 0x00, 0x00, 0x00,
    0x00, 0x00, 0x00, 0x00, 0x00, 0x00, 0x00, 0x00, 0x00, 0x00, 0x00, 0x00, 0x00, 0x00, 0x00, 0x00, 0x00, 0x00, 0x00, 0x00,
    0x00, 0x00, 0x20, 0x00, 0x40, 0x00, 0x60, 0x00, 0xa0, 0x00, 0x00, 0x01, 0x01, 0x02, 0x21, 0x03, 0xc2, 0x03, 0xc3, 0x04,
    0x64, 0x06, 0xa7, 0x0f, 0xd2, 0x6f, 0xab, 0x2f, 0xa8, 0x0f, 0xab, 0x2f, 0xd2, 0x77, 0xdd, 0xdf, 0xdc, 0xdf, 0xc8, 0x0f,
    0x46, 0x07, 0x24, 0x05, 0x03, 0x04, 0x42, 0x03, 0x41, 0x02, 0x60, 0x01, 0xe0, 0x00, 0x80, 0x00, 0x40, 0x00, 0x00, 0x00,
    0x00, 0x00, 0x00, 0x00, 0x00, 0x00, 0x00, 0x00, 0x00, 0x00, 0x00, 0x00, 0x00, 0x00, 0x00, 0x00, 0x00, 0x00, 0x00, 0x00,
    0x00, 0x00, 0x00, 0x00, 0x00, 0x00, 0x00, 0x00, 0x00, 0x00, 0x00, 0x00, 0x00, 0x00, 0x00, 0x00, 0x00, 0x00, 0x00, 0x00,
    0x00, 0x00, 0x00, 0x00, 0x00, 0x00, 0x00, 0x00, 0x00, 0x00, 0x00, 0x00, 0x00, 0x00, 0x00, 0x00, 0x00, 0x00, 0x00, 0x00,
    0x00, 0x00, 0x00, 0x00, 0x00, 0x00, 0x00, 0x00, 0x00, 0x00, 0x00, 0x00, 0x00, 0x00, 0x00, 0x00, 0x00, 0x00, 0x20, 0x00,
    0x20, 0x08, 0x60, 0x08, 0x80, 0x10, 0xa0, 0x18, 0xe0, 0x20, 0x20, 0x31, 0x80, 0x39, 0xe0, 0x49, 0x40, 0x5a, 0xc0, 0x6a,
    0x20, 0x7b, 0xa0, 0x8b, 0x40, 0xa4, 0xc0, 0xbc, 0xe1, 0xe5, 0x00, 0xff, 0x82, 0xff, 0xd8, 0xff, 0xde, 0xff, 0xcf, 0xff,
    0xa5, 0xff, 0x80, 0xff, 0x60, 0xff, 0x60, 0xff, 0x60, 0xff, 0x60, 0xff, 0x60, 0xff, 0x60, 0xff, 0x60, 0xff, 0x60, 0xff,
    0x60, 0xff, 0x82, 0xff, 0xa9, 0xff, 0xd8, 0xff, 0xdd, 0xff, 0x64, 0xff, 0xc0, 0xfe, 0xa0, 0xdd, 0xa0, 0xb4, 0xe0, 0x93,
    0x40, 0x7b, 0xc0, 0x6a, 0x60, 0x5a, 0x00, 0x4a, 0x80, 0x39, 0x00, 0x29, 0xc0, 0x20, 0x60, 0x10, 0x40, 0x08, 0x20, 0x08,
    0x20, 0x00, 0x00, 0x00, 0x00, 0x00, 0x00, 0x00, 0x00, 0x00, 0x00, 0x00, 0x00, 0x00, 0x00, 0x00, 0x00, 0x00, 0x00, 0x00,
    0x00, 0x00, 0x00, 0x00, 0x00, 0x00, 0x00, 0x00, 0x00, 0x00, 0x00, 0x00, 0x00, 0x00, 0x00, 0x00, 0x00, 0x00, 0x00, 0x00,
    0x00, 0x00, 0x00, 0x00, 0x00, 0x00, 0x20, 0x00, 0x40, 0x00, 0xa0, 0x00, 0x00, 0x01, 0xe1, 0x01, 0x02, 0x03, 0xc2, 0x03,
    0xc3, 0x04, 0x45, 0x06, 0x85, 0x07, 0xa9, 0x27, 0xde, 0xf7, 0xdc, 0xe7, 0xb2, 0x7f, 0x8b, 0x37, 0xa7, 0x0f, 0xab, 0x27,
    0xaf, 0x57, 0x86, 0x07, 0xe4, 0x05, 0x63, 0x04, 0x82, 0x03, 0xa1, 0x02, 0xc1, 0x01, 0x40, 0x01, 0xa0, 0x00, 0x40, 0x00,
    0x20, 0x00, 0x00, 0x00, 0x00, 0x00, 0x00, 0x00, 0x00, 0x00, 0x00, 0x00, 0x00, 0x00, 0x00, 0x00, 0x00, 0x00, 0x00, 0x00,
    0x00, 0x00, 0x00, 0x00, 0x00, 0x00, 0x00, 0x00, 0x00, 0x00, 0x00, 0x00, 0x00, 0x00, 0x00, 0x00, 0x00, 0x00, 0x00, 0x00,
    0x00, 0x00, 0x00, 0x00, 0x00, 0x00, 0x00, 0x00, 0x00, 0x00, 0x00, 0x00, 0x00, 0x00, 0x00, 0x00, 0x00, 0x00, 0x00, 0x00,
    0x00, 0x00, 0x20, 0x00, 0x40, 0x00, 0x60, 0x00, 0xc0, 0x00, 0x00, 0x01, 0x01, 0x02, 0x22, 0x03, 0xe2, 0x03, 0xc3, 0x04,
    0x64, 0x06, 0xa7, 0x0f, 0xd2, 0x6f, 0xab, 0x2f, 0xa8, 0x0f, 0xab, 0x2f, 0xb2, 0x77, 0xdd, 0xe7, 0xdc, 0xdf, 0xa8, 0x0f,
    0x46, 0x07, 0x24, 0x05, 0x03, 0x04, 0x42, 0x03, 0x41, 0x02, 0x60, 0x01, 0xe0, 0x00, 0x80, 0x00, 0x40, 0x00, 0x20, 0x00,
    0x00, 0x00, 0x00, 0x00, 0x00, 0x00, 0x00, 0x00, 0x00, 0x00, 0x00, 0x00, 0x00, 0x00, 0x00, 0x00, 0x00, 0x00, 0x00, 0x00,
    0x00, 0x00, 0x00, 0x00, 0x00, 0x00, 0x00, 0x00, 0x00, 0x00, 0x00, 0x00, 0x00, 0x00, 0x00, 0x00, 0x00, 0x00, 0x00, 0x00,
    0x00, 0x00, 0x00, 0x00, 0x00, 0x00, 0x00, 0x00, 0x00, 0x00, 0x00, 0x00, 0x00, 0x00, 0x00, 0x00, 0x00, 0x00, 0x00, 0x00,
    0x00, 0x00, 0x00, 0x00, 0x00, 0x00, 0x00, 0x00, 0x00, 0x00, 0x00, 0x00, 0x00, 0x00, 0x00, 0x00, 0x20, 0x00, 0x20, 0x08,
    0x40, 0x08, 0x80, 0x10, 0xa0, 0x18, 0xe0, 0x20, 0x20, 0x29, 0x60, 0x39, 0xc0, 0x41, 0x20, 0x52, 0xa0, 0x62, 0x20, 0x73,
    0x80, 0x8b, 0x20, 0x9c, 0xa0, 0xb4, 0xc0, 0xe5, 0x20, 0xff, 0xa4, 0xff, 0xdb, 0xff, 0xdd, 0xff, 0xcf, 0xff, 0xa4, 0xff,
    0x80, 0xff, 0x60, 0xff, 0x60, 0xff, 0x60, 0xff, 0x60, 0xff, 0x80, 0xff, 0x60, 0xff, 0x60, 0xff, 0x60, 0xff, 0x60, 0xff,
    0x60, 0xff, 0x60, 0xff, 0x82, 0xff, 0xa9, 0xff, 0xd8, 0xff, 0xdc, 0xff, 0x65, 0xff, 0xe0, 0xfe, 0x60, 0xd5, 0x40, 0xa4,
    0xc0, 0x93, 0x20, 0x7b, 0xa0, 0x6a, 0x20, 0x52, 0xa0, 0x41, 0x40, 0x31, 0x00, 0x21, 0xa0, 0x18, 0x60, 0x10, 0x40, 0x08,
    0x20, 0x00, 0x20, 0x00, 0x00, 0x00, 0x00, 0x00, 0x00, 0x00, 0x00, 0x00, 0x00, 0x00, 0x00, 0x00, 0x00, 0x00, 0x00, 0x00,
    0x00, 0x00, 0x00, 0x00, 0x00, 0x00, 0x00, 0x00, 0x00, 0x00, 0x00, 0x00, 0x00, 0x00, 0x00, 0x00, 0x00, 0x00, 0x00, 0x00,
    0x00, 0x00, 0x00, 0x00, 0x00, 0x00, 0x20, 0x00, 0x40, 0x00, 0xa0, 0x00, 0x00, 0x01, 0xe1, 0x01, 0x02, 0x03, 0xe2, 0x03,
    0xc3, 0x04, 0x45, 0x06, 0xa5, 0x07, 0xa9, 0x27, 0xde, 0xf7, 0xdc, 0xe7, 0xb2, 0x7f, 0x8b, 0x2f, 0xa7, 0x0f, 0xab, 0x27,
    0xaf, 0x57, 0xa6, 0x07, 0xe4, 0x05, 0x63, 0x04, 0x82, 0x03, 0xa1, 0x02, 0xe1, 0x01, 0x60, 0x01, 0xa0, 0x00, 0x40, 0x00,
    0x20, 0x00, 0x00, 0x00, 0x00, 0x00, 0x00, 0x00, 0x00, 0x00, 0x00, 0x00, 0x00, 0x00, 0x00, 0x00, 0x00, 0x00, 0x00, 0x00,
    0x00, 0x00, 0x00, 0x00, 0x00, 0x00, 0x00, 0x00, 0x00, 0x00, 0x00, 0x00, 0x00, 0x00, 0x00, 0x00, 0x00, 0x00, 0x00, 0x00,
    0x00, 0x00, 0x00, 0x00, 0x00, 0x00, 0x00, 0x00, 0x00, 0x00, 0x00, 0x00, 0x00, 0x00, 0x00, 0x00, 0x00, 0x00, 0x00, 0x00,
    0x00, 0x00, 0x20, 0x00, 0x40, 0x00, 0x60, 0x00, 0xc0, 0x00, 0x00, 0x01, 0xe1, 0x01, 0x21, 0x03, 0xe2, 0x03, 0xc3, 0x04,
    0x44, 0x06, 0x87, 0x0f, 0xd2, 0x67, 0xab, 0x2f, 0xa8, 0x0f, 0xab, 0x2f, 0xb2, 0x77, 0xdd, 0xe7, 0xdc, 0xdf, 0xc8, 0x0f,
    0x47, 0x07, 0x24, 0x05, 0x03, 0x04, 0x42, 0x03, 0x41, 0x02, 0x60, 0x01, 0xe0, 0x00, 0x80, 0x00, 0x40, 0x00, 0x20, 0x00,
    0x00, 0x00, 0x00, 0x00, 0x00, 0x00, 0x00, 0x00, 0x00, 0x00, 0x00, 0x00, 0x00, 0x00, 0x00, 0x00, 0x00, 0x00, 0x00, 0x00,
    0x00, 0x00, 0x00, 0x00, 0x00, 0x00, 0x00, 0x00, 0x00, 0x00, 0x00, 0x00, 0x00, 0x00, 0x00, 0x00, 0x00, 0x00, 0x00, 0x00,
    0x00, 0x00, 0x00, 0x00, 0x00, 0x00, 0x00, 0x00, 0x00, 0x00, 0x00, 0x00, 0x00, 0x00, 0x00, 0x00, 0x00, 0x00, 0x00, 0x00,
    0x00, 0x00, 0x00, 0x00, 0x00, 0x00, 0x00, 0x00, 0x00, 0x00, 0x00, 0x00, 0x00, 0x00, 0x20, 0x00, 0x40, 0x08, 0x40, 0x08,
    0x60, 0x10, 0xa0, 0x18, 0xc0, 0x20, 0x20, 0x29, 0x60, 0x39, 0xc0, 0x41, 0x20, 0x52, 0x80, 0x62, 0x00, 0x73, 0x80, 0x83,
    0x00, 0x9c, 0xa0, 0xb4, 0xe0, 0xe5, 0x20, 0xff, 0xa7, 0xff, 0xdd, 0xff, 0xdb, 0xff, 0xcd, 0xff, 0xa4, 0xff, 0x80, 0xff,
    0x60, 0xff, 0x60, 0xff, 0x60, 0xff, 0x60, 0xff, 0x81, 0xff, 0xa7, 0xff, 0xa9, 0xff, 0x84, 0xff, 0x80, 0xff, 0x60, 0xff,
    0x60, 0xff, 0x60, 0xff, 0x60, 0xff, 0x82, 0xff, 0xa9, 0xff, 0xd9, 0xff, 0xdd, 0xff, 0x65, 0xff, 0xc0, 0xfe, 0x40, 0xcd,
    0x40, 0xa4, 0xa0, 0x8b, 0x00, 0x73, 0x80, 0x62, 0x00, 0x4a, 0x80, 0x39, 0x40, 0x31, 0xc0, 0x20, 0xa0, 0x10, 0x60, 0x08,
    0x40, 0x08, 0x20, 0x00, 0x20, 0x00, 0x00, 0x00, 0x00, 0x00, 0x00, 0x00, 0x00, 0x00, 0x00, 0x00, 0x00, 0x00, 0x00, 0x00,
    0x00, 0x00, 0x00, 0x00, 0x00, 0x00, 0x00, 0x00, 0x00, 0x00, 0x00, 0x00, 0x00, 0x00, 0x00, 0x00, 0x00, 0x00, 0x00, 0x00,
    0x00, 0x00, 0x00, 0x00, 0x00, 0x00, 0x20, 0x00, 0x40, 0x00, 0xa0, 0x00, 0x00, 0x01, 0xe1, 0x01, 0x22, 0x03, 0xc2, 0x03,
    0xc3, 0x04, 0x65, 0x06, 0xa5, 0x07, 0xa9, 0x27, 0xde, 0xf7, 0xdc, 0xe7, 0xb2, 0x7f, 0x8b, 0x2f, 0x87, 0x0f, 0xab, 0x27,
    0xb0, 0x57, 0xa6, 0x0f, 0xc4, 0x05, 0x63, 0x04, 0x82, 0x03, 0xa1, 0x02, 0xe1, 0x01, 0x60, 0x01, 0xa0, 0x00, 0x40, 0x00,
    0x20, 0x00, 0x00, 0x00, 0x00, 0x00, 0x00, 0x00, 0x00, 0x00, 0x00, 0x00, 0x00, 0x00, 0x00, 0x00, 0x00, 0x00, 0x00, 0x00,
    0x00, 0x00, 0x00, 0x00, 0x00, 0x00, 0x00, 0x00, 0x00, 0x00, 0x00, 0x00, 0x00, 0x00, 0x00, 0x00, 0x00, 0x00, 0x00, 0x00,
    0x00, 0x00, 0x00, 0x00, 0x00, 0x00, 0x00, 0x00, 0x00, 0x00, 0x00, 0x00, 0x00, 0x00, 0x00, 0x00, 0x00, 0x00, 0x00, 0x00,
    0x00, 0x00, 0x20, 0x00, 0x40, 0x00, 0x60, 0x00, 0xc0, 0x00, 0x00, 0x01, 0xe1, 0x01, 0x22, 0x03, 0xe2, 0x03, 0xc3, 0x04,
    0x44, 0x06, 0x87, 0x0f, 0xb1, 0x67, 0xab, 0x2f, 0xa8, 0x0f, 0xab, 0x2f, 0xd2, 0x77, 0xdd, 0xe7, 0xdc, 0xdf, 0xc8, 0x0f,
    0x46, 0x07, 0x24, 0x05, 0x03, 0x04, 0x42, 0x03, 0x41, 0x02, 0x60, 0x01, 0xe0, 0x00, 0x80, 0x00, 0x40, 0x00, 0x20, 0x00,
    0x00, 0x00, 0x00, 0x00, 0x00, 0x00, 0x00, 0x00, 0x00, 0x00, 0x00, 0x00, 0x00, 0x00, 0x00, 0x00, 0x00, 0x00, 0x00, 0x00,
    0x00, 0x00, 0x00, 0x00, 0x00, 0x00, 0x00, 0x00, 0x00, 0x00, 0x00, 0x00, 0x00, 0x00, 0x00, 0x00, 0x00, 0x00, 0x00, 0x00,
    0x00, 0x00, 0x00, 0x00, 0x00, 0x00, 0x00, 0x00, 0x00, 0x00, 0x00, 0x00, 0x00, 0x00, 0x00, 0x00, 0x00, 0x00, 0x00, 0x00,
    0x00, 0x00, 0x00, 0x00, 0x00, 0x00, 0x00, 0x00, 0x00, 0x00, 0x00, 0x00, 0x20, 0x00, 0x20, 0x08, 0x40, 0x08, 0x80, 0x10,
    0xa0, 0x18, 0xc0, 0x20, 0x00, 0x29, 0x60, 0x39, 0xc0, 0x41, 0x20, 0x52, 0xa0, 0x62, 0x00, 0x73, 0x80, 0x83, 0x00, 0x9c,
    0xc0, 0xb4, 0x20, 0xe6, 0x60, 0xff, 0xaa, 0xff, 0xde, 0xff, 0xda, 0xff, 0xac, 0xff, 0x83, 0xff, 0x60, 0xff, 0x60, 0xff,
    0x60, 0xff, 0x60, 0xff, 0x60, 0xff, 0x82, 0xff, 0xaa, 0xff, 0xd6, 0xff, 0xda, 0xff, 0xd0, 0xff, 0xa4, 0xff, 0x80, 0xff,
    0x60, 0xff, 0x60, 0xff, 0x60, 0xff, 0x60, 0xff, 0x82, 0xff, 0xa9, 0xff, 0xd9, 0xff, 0xdc, 0xff, 0x65, 0xff, 0xe0, 0xfe,
    0x60, 0xcd, 0x20, 0xa4, 0x80, 0x8b, 0x00, 0x73, 0x80, 0x62, 0x00, 0x52, 0xa0, 0x41, 0x20, 0x29, 0xe0, 0x20, 0x80, 0x10,
    0x60, 0x08, 0x40, 0x08, 0x20, 0x00, 0x20, 0x00, 0x00, 0x00, 0x00, 0x00, 0x00, 0x00, 0x00, 0x00, 0x00, 0x00, 0x00, 0x00,
    0x00, 0x00, 0x00, 0x00, 0x00, 0x00, 0x00, 0x00, 0x00, 0x00, 0x00, 0x00, 0x00, 0x00, 0x00, 0x00, 0x00, 0x00, 0x00, 0x00,
    0x00, 0x00, 0x00, 0x00, 0x00, 0x00, 0x20, 0x00, 0x40, 0x00, 0xa0, 0x00, 0x00, 0x01, 0xe1, 0x01, 0x02, 0x03, 0xe2, 0x03,
    0xc3, 0x04, 0x65, 0x0e, 0xa5, 0x07, 0xa9, 0x27, 0xde, 0xf7, 0xdc, 0xe7, 0xb2, 0x7f, 0x8b, 0x2f, 0xa7, 0x0f, 0xab, 0x27,
    0xb0, 0x57, 0x86, 0x0f, 0xc4, 0x05, 0x83, 0x04, 0x82, 0x03, 0xa1, 0x02, 0xe1, 0x01, 0x60, 0x01, 0xa0, 0x00, 0x40, 0x00,
    0x20, 0x00, 0x00, 0x00, 0x00, 0x00, 0x00, 0x00, 0x00, 0x00, 0x00, 0x00, 0x00, 0x00, 0x00, 0x00, 0x00, 0x00, 0x00, 0x00,
    0x00, 0x00, 0x00, 0x00, 0x00, 0x00, 0x00, 0x00, 0x00, 0x00, 0x00, 0x00, 0x00, 0x00, 0x00, 0x00, 0x00, 0x00, 0x00, 0x00,
    0x00, 0x00, 0x00, 0x00, 0x00, 0x00, 0x00, 0x00, 0x00, 0x00, 0x00, 0x00, 0x00, 0x00, 0x00, 0x00, 0x00, 0x00, 0x00, 0x00,
    0x00, 0x00, 0x20, 0x00, 0x40, 0x00, 0x60, 0x00, 0xc0, 0x00, 0x00, 0x01, 0xe1, 0x01, 0x42, 0x03, 0x02, 0x04, 0xc3, 0x04,
    0x44, 0x06, 0x87, 0x0f, 0xb2, 0x6f, 0xab, 0x2f, 0xa8, 0x0f, 0xab, 0x2f, 0xb2, 0x77, 0xdd, 0xe7, 0xdc, 0xdf, 0xc8, 0x0f,
    0x46, 0x07, 0x04, 0x05, 0x03, 0x04, 0x42, 0x03, 0x41, 0x02, 0x60, 0x01, 0xe0, 0x00, 0x60, 0x00, 0x40, 0x00, 0x20, 0x00,
    0x00, 0x00, 0x00, 0x00, 0x00, 0x00, 0x00, 0x00, 0x00, 0x00, 0x00, 0x00, 0x00, 0x00, 0x00, 0x00, 0x00, 0x00, 0x00, 0x00,
    0x00, 0x00, 0x00, 0x00, 0x00, 0x00, 0x00, 0x00, 0x00, 0x00, 0x00, 0x00, 0x00, 0x00, 0x00, 0x00, 0x00, 0x00, 0x00, 0x00,
    0x00, 0x00, 0x00, 0x00, 0x00, 0x00, 0x00, 0x00, 0x00, 0x00, 0x00, 0x00, 0x00, 0x00, 0x00, 0x00, 0x00, 0x00, 0x00, 0x00,
    0x00, 0x00, 0x00, 0x00, 0x00, 0x00, 0x00, 0x00, 0x00, 0x00, 0x20, 0x00, 0x40, 0x08, 0x40, 0x08, 0x60, 0x10, 0xa0, 0x18,
    0xc0, 0x20, 0x00, 0x29, 0x40, 0x31, 0xc0, 0x41, 0x20, 0x52, 0xa0, 0x62, 0x00, 0x73, 0x80, 0x83, 0x00, 0x9c, 0xc0, 0xbc,
    0x40, 0xee, 0x60, 0xff, 0xcd, 0xff, 0xdf, 0xff, 0xd8, 0xff, 0xaa, 0xff, 0x82, 0xff, 0x60, 0xff, 0x60, 0xff, 0x60, 0xff,
    0x60, 0xff, 0x80, 0xff, 0x82, 0xff, 0xab, 0xff, 0xd8, 0xff, 0xac, 0xff, 0xa8, 0xff, 0xda, 0xff, 0xaf, 0xff, 0x84, 0xff,
    0x60, 0xff, 0x60, 0xff, 0x60, 0xff, 0x60, 0xff, 0x60, 0xff, 0x82, 0xff, 0xaa, 0xff, 0xd9, 0xff, 0xdd, 0xff, 0x85, 0xff,
    0xc0, 0xfe, 0x20, 0xcd, 0x20, 0x9c, 0xa0, 0x8b, 0x00, 0x73, 0x80, 0x5a, 0xe0, 0x49, 0x60, 0x31, 0x00, 0x29, 0xc0, 0x18,
    0x80, 0x10, 0x60, 0x08, 0x40, 0x08, 0x20, 0x00, 0x20, 0x00, 0x00, 0x00, 0x00, 0x00, 0x00, 0x00, 0x00, 0x00, 0x00, 0x00,
    0x00, 0x00, 0x00, 0x00, 0x00, 0x00, 0x00, 0x00, 0x00, 0x00, 0x00, 0x00, 0x00, 0x00, 0x00, 0x00, 0x00, 0x00, 0x00, 0x00,
    0x00, 0x00, 0x00, 0x00, 0x00, 0x00, 0x20, 0x00, 0x40, 0x00, 0xa0, 0x00, 0x00, 0x01, 0xc1, 0x01, 0x02, 0x03, 0xe2, 0x03,
    0xa3, 0x04, 0x45, 0x0e, 0xa5, 0x07, 0xa9, 0x27, 0xdf, 0xf7, 0xdc, 0xe7, 0xb2, 0x7f, 0xaa, 0x2f, 0xa7, 0x0f, 0xab, 0x2f,
    0xb0, 0x57, 0x86, 0x0f, 0xe4, 0x05, 0x83, 0x04, 0xa2, 0x03, 0xa1, 0x02, 0xe1, 0x01, 0x60, 0x01, 0xa0, 0x00, 0x60, 0x00,
    0x20, 0x00, 0x00, 0x00, 0x00, 0x00, 0x00, 0x00, 0x00, 0x00, 0x00, 0x00, 0x00, 0x00, 0x00, 0x00, 0x00, 0x00, 0x00, 0x00,
    0x00, 0x00, 0x00, 0x00, 0x00, 0x00, 0x00, 0x00, 0x00, 0x00, 0x00, 0x00, 0x00, 0x00, 0x00, 0x00, 0x00, 0x00, 0x00, 0x00,
    0x00, 0x00, 0x00, 0x00, 0x00, 0x00, 0x00, 0x00, 0x00, 0x00, 0x00, 0x00, 0x00, 0x00, 0x00, 0x00, 0x00, 0x00, 0x00, 0x00,
    0x00, 0x00, 0x20, 0x00, 0x40, 0x00, 0x60, 0x00, 0xa0, 0x00, 0x00, 0x01, 0xe1, 0x01, 0x42, 0x03, 0xe2, 0x03, 0xa3, 0x04,
    0x44, 0x06, 0x87, 0x0f, 0xb2, 0x67, 0xab, 0x2f, 0xa8, 0x0f, 0xab, 0x2f, 0xb2, 0x77, 0xdd, 0xe7, 0xdc, 0xdf, 0xc8, 0x0f,
    0x26, 0x07, 0x04, 0x05, 0x03, 0x04, 0x42, 0x03, 0x41, 0x02, 0x60, 0x01, 0xe0, 0x00, 0x80, 0x00, 0x40, 0x00, 0x20, 0x00,
    0x00, 0x00, 0x00, 0x00, 0x00, 0x00, 0x00, 0x00, 0x00, 0x00, 0x00, 0x00, 0x00, 0x00, 0x00, 0x00, 0x00, 0x00, 0x00, 0x00,
    0x00, 0x00, 0x00, 0x00, 0x00, 0x00, 0x00, 0x00, 0x00, 0x00, 0x00, 0x00, 0x00, 0x00, 0x00, 0x00, 0x00, 0x00, 0x00, 0x00,
    0x00, 0x00, 0x00, 0x00, 0x00, 0x00, 0x00, 0x00, 0x00, 0x00, 0x00, 0x00, 0x00, 0x00, 0x00, 0x00, 0x00, 0x00, 0x00, 0x00,
    0x00, 0x00, 0x00, 0x00, 0x00, 0x00, 0x20, 0x00, 0x20, 0x00, 0x40, 0x08, 0x60, 0x08, 0x80, 0x10, 0xc0, 0x18, 0xe0, 0x20,
    0x20, 0x29, 0x80, 0x39, 0xc0, 0x41, 0x20, 0x52, 0xa0, 0x62, 0x20, 0x73, 0x80, 0x83, 0x20, 0x9c, 0xe0, 0xbc, 0x80, 0xf6,
    0x80, 0xff, 0xd0, 0xff, 0xdf, 0xff, 0xd6, 0xff, 0xaa, 0xff, 0x82, 0xff, 0x60, 0xff, 0x60, 0xff, 0x60, 0xff, 0x60, 0xff,
    0x80, 0xff, 0xa2, 0xff, 0xad, 0xff, 0xd9, 0xff, 0xab, 0xff, 0x60, 0xff, 0x40, 0xff, 0x88, 0xff, 0xda, 0xff, 0xd0, 0xff,
    0xa4, 0xff, 0x80, 0xff, 0x60, 0xff, 0x60, 0xff, 0x60, 0xff, 0x60, 0xff, 0x82, 0xff, 0xaa, 0xff, 0xda, 0xff, 0xdd, 0xff,
    0x85, 0xff, 0xe0, 0xfe, 0x60, 0xcd, 0x40, 0xa4, 0x80, 0x8b, 0xe0, 0x6a, 0x60, 0x5a, 0xe0, 0x49, 0x60, 0x39, 0x20, 0x29,
    0xc0, 0x18, 0x80, 0x10, 0x40, 0x08, 0x40, 0x08, 0x20, 0x08, 0x20, 0x00, 0x00, 0x00, 0x00, 0x00, 0x00, 0x00, 0x00, 0x00,
    0x00, 0x00, 0x00, 0x00, 0x00, 0x00, 0x00, 0x00, 0x00, 0x00, 0x00, 0x00, 0x00, 0x00, 0x00, 0x00, 0x00, 0x00, 0x00, 0x00,
    0x00, 0x00, 0x00, 0x00, 0x00, 0x00, 0x20, 0x00, 0x40, 0x00, 0xa0, 0x00, 0x00, 0x01, 0xc1, 0x01, 0x02, 0x03, 0xc2, 0x03,
    0xa3, 0x04, 0x45, 0x0e, 0xa5, 0x07, 0xa9, 0x27, 0xdf, 0xf7, 0xdc, 0xe7, 0xb2, 0x7f, 0xaa, 0x2f, 0xa7, 0x0f, 0xab, 0x2f,
    0xaf, 0x57, 0x86, 0x0f, 0xe4, 0x05, 0x83, 0x04, 0xa2, 0x03, 0xa1, 0x02, 0xc1, 0x01, 0x60, 0x01, 0xc0, 0x00, 0x60, 0x00,
    0x20, 0x00, 0x00, 0x00, 0x00, 0x00, 0x00, 0x00, 0x00, 0x00, 0x00, 0x00, 0x00, 0x00, 0x00, 0x00, 0x00, 0x00, 0x00, 0x00,
    0x00, 0x00, 0x00, 0x00, 0x00, 0x00, 0x00, 0x00, 0x00, 0x00, 0x00, 0x00, 0x00, 0x00, 0x00, 0x00, 0x00, 0x00, 0x00, 0x00,
    0x00, 0x00, 0x00, 0x00, 0x00, 0x00, 0x00, 0x00, 0x00, 0x00, 0x00, 0x00, 0x00, 0x00, 0x00, 0x00, 0x00, 0x00, 0x00, 0x00,
    0x00, 0x00, 0x20, 0x00, 0x40, 0x00, 0x60, 0x00, 0xa0, 0x00, 0xe0, 0x00, 0xe1, 0x01, 0x21, 0x03, 0xc2, 0x03, 0xa3, 0x04,
    0x44, 0x06, 0x87, 0x0f, 0xb1, 0x67, 0xab, 0x2f, 0xa8, 0x0f, 0xab, 0x2f, 0xb2, 0x77, 0xdd, 0xdf, 0xdc, 0xdf, 0xa7, 0x0f,
    0x46, 0x07, 0x04, 0x05, 0x03, 0x04, 0x42, 0x03, 0x41, 0x02, 0x60, 0x01, 0x00, 0x01, 0x80, 0x00, 0x40, 0x00, 0x20, 0x00,
    0x00, 0x00, 0x00, 0x00, 0x00, 0x00, 0x00, 0x00, 0x00, 0x00, 0x00, 0x00, 0x00, 0x00, 0x00, 0x00, 0x00, 0x00, 0x00, 0x00,
    0x00, 0x00, 0x00, 0x00, 0x00, 0x00, 0x00, 0x00, 0x00, 0x00, 0x00, 0x00, 0x00, 0x00, 0x00, 0x00, 0x00, 0x00, 0x00, 0x00,
    0x00, 0x00, 0x00, 0x00, 0x00, 0x00, 0x00, 0x00, 0x00, 0x00, 0x00, 0x00, 0x00, 0x00, 0x00, 0x00, 0x00, 0x00, 0x00, 0x00,
    0x00, 0x00, 0x00, 0x00, 0x00, 0x00, 0x20, 0x00, 0x40, 0x08, 0x40, 0x08, 0x80, 0x10, 0xa0, 0x18, 0xe0, 0x20, 0x40, 0x31,
    0x80, 0x39, 0xc0, 0x49, 0x20, 0x52, 0xa0, 0x62, 0x00, 0x73, 0xa0, 0x8b, 0x20, 0x9c, 0x00, 0xc5, 0xa0, 0xf6, 0x80, 0xff,
    0xd3, 0xff, 0xdf, 0xff, 0xd5, 0xff, 0xa8, 0xff, 0x81, 0xff, 0x60, 0xff, 0x60, 0xff, 0x60, 0xff, 0x60, 0xff, 0x80, 0xff,
    0xa3, 0xff, 0xae, 0xff, 0xd8, 0xff, 0xa8, 0xff, 0x60, 0xff, 0xc0, 0xfe, 0xa0, 0xfe, 0x20, 0xff, 0xa8, 0xff, 0xdb, 0xff,
    0xcf, 0xff, 0x83, 0xff, 0x60, 0xff, 0x60, 0xff, 0x60, 0xff, 0x60, 0xff, 0x60, 0xff, 0xa2, 0xff, 0xaa, 0xff, 0xd9, 0xff,
    0xdc, 0xff, 0x85, 0xff, 0xe0, 0xfe, 0x40, 0xcd, 0x00, 0x9c, 0x60, 0x83, 0xe0, 0x72, 0x60, 0x5a, 0xe0, 0x49, 0x60, 0x31,
    0x00, 0x29, 0xc0, 0x18, 0x80, 0x10, 0x40, 0x08, 0x40, 0x08, 0x20, 0x08, 0x20, 0x00, 0x00, 0x00, 0x00, 0x00, 0x00, 0x00,
    0x00, 0x00, 0x00, 0x00, 0x00, 0x00, 0x00, 0x00, 0x00, 0x00, 0x00, 0x00, 0x00, 0x00, 0x00, 0x00, 0x00, 0x00, 0x00, 0x00,
    0x00, 0x00, 0x00, 0x00, 0x00, 0x00, 0x20, 0x00, 0x40, 0x00, 0xa0, 0x00, 0x20, 0x01, 0xc1, 0x01, 0xe2, 0x02, 0xa2, 0x03,
    0xa3, 0x04, 0x45, 0x06, 0xa5, 0x07, 0xa9, 0x27, 0xdf, 0xf7, 0xdc, 0xe7, 0xb2, 0x7f, 0xab, 0x2f, 0xa7, 0x0f, 0xab, 0x2f,
    0xaf, 0x57, 0x86, 0x0f, 0xc4, 0x05, 0x83, 0x04, 0xa2, 0x03, 0xa1, 0x02, 0xc1, 0x01, 0x60, 0x01, 0xc0, 0x00, 0x60, 0x00,
    0x20, 0x00, 0x00, 0x00, 0x00, 0x00, 0x00, 0x00, 0x00, 0x00, 0x00, 0x00, 0x00, 0x00, 0x00, 0x00, 0x00, 0x00, 0x00, 0x00,
    0x00, 0x00, 0x00, 0x00, 0x00, 0x00, 0x00, 0x00, 0x00, 0x00, 0x00, 0x00, 0x00, 0x00, 0x00, 0x00, 0x00, 0x00, 0x00, 0x00,
    0x00, 0x00, 0x00, 0x00, 0x00, 0x00, 0x00, 0x00, 0x00, 0x00, 0x00, 0x00, 0x00, 0x00, 0x00, 0x00, 0x00, 0x00, 0x00, 0x00,
    0x00, 0x00, 0x20, 0x00, 0x40, 0x00, 0x60, 0x00, 0xa0, 0x00, 0xe0, 0x00, 0xe1, 0x01, 0x21, 0x03, 0xc2, 0x03, 0xa3, 0x04,
    0x64, 0x06, 0xa7, 0x0f, 0xb1, 0x67, 0xab, 0x2f, 0xa8, 0x0f, 0xab, 0x2f, 0xb2, 0x77, 0xdd, 0xdf, 0xdc, 0xdf, 0xa8, 0x0f,
    0x46, 0x07, 0x04, 0x05, 0x03, 0x04, 0x42, 0x03, 0x41, 0x02, 0x60, 0x01, 0x00, 0x01, 0x80, 0x00, 0x40, 0x00, 0x20, 0x00,
    0x00, 0x00, 0x00, 0x00, 0x00, 0x00, 0x00, 0x00, 0x00, 0x00, 0x00, 0x00, 0x00, 0x00, 0x00, 0x00, 0x00, 0x00, 0x00, 0x00,
    0x00, 0x00, 0x00, 0x00, 0x00, 0x00, 0x00, 0x00, 0x00, 0x00, 0x00, 0x00, 0x00, 0x00, 0x00, 0x00, 0x00, 0x00, 0x00, 0x00,
    0x00, 0x00, 0x00, 0x00, 0x00, 0x00, 0x00, 0x00, 0x00, 0x00, 0x00, 0x00, 0x00, 0x00, 0x00, 0x00, 0x00, 0x00, 0x00, 0x00,
    0x00, 0x00, 0x20, 0x00, 0x20, 0x00, 0x40, 0x08, 0x40, 0x08, 0x80, 0x10, 0xa0, 0x18, 0xe0, 0x20, 0x20, 0x31, 0x80, 0x39,
    0xe0, 0x49, 0x20, 0x52, 0x80, 0x62, 0x00, 0x73, 0xa0, 0x8b, 0x20, 0xa4, 0x20, 0xcd, 0xc0, 0xfe, 0x81, 0xff, 0xd6, 0xff,
    0xdf, 0xff, 0xd3, 0xff, 0xa7, 0xff, 0x81, 0xff, 0x60, 0xff, 0x60, 0xff, 0x60, 0xff, 0x60, 0xff, 0x81, 0xff, 0xa4, 0xff,
    0xb0, 0xff, 0xd8, 0xff, 0xa6, 0xff, 0x40, 0xff, 0x60, 0xee, 0xe0, 0xdd, 0xc0, 0xdd, 0x40, 0xee, 0x40, 0xff, 0xa8, 0xff,
    0xda, 0xff, 0xaf, 0xff, 0xa4, 0xff, 0x80, 0xff, 0x60, 0xff, 0x60, 0xff, 0x40, 0xff, 0x60, 0xff, 0x82, 0xff, 0xaa, 0xff,
    0xd9, 0xff, 0xdd, 0xff, 0x65, 0xff, 0xc0, 0xf6, 0x20, 0xcd, 0x00, 0x9c, 0x80, 0x83, 0xc0, 0x6a, 0x60, 0x5a, 0xc0, 0x41,
    0x60, 0x31, 0x20, 0x29, 0xc0, 0x18, 0x80, 0x10, 0x60, 0x08, 0x40, 0x08, 0x20, 0x00, 0x20, 0x00, 0x00, 0x00, 0x00, 0x00,
    0x00, 0x00, 0x00, 0x00, 0x00, 0x00, 0x00, 0x00, 0x00, 0x00, 0x00, 0x00, 0x00, 0x00, 0x00, 0x00, 0x00, 0x00, 0x00, 0x00,
    0x00, 0x00, 0x00, 0x00, 0x00, 0x00, 0x20, 0x00, 0x40, 0x00, 0xa0, 0x00, 0x20, 0x01, 0xc1, 0x01, 0xe1, 0x02, 0xc2, 0x03,
    0xa3, 0x04, 0x45, 0x06, 0xa5, 0x07, 0xa9, 0x27, 0xde, 0xf7, 0xdc, 0xe7, 0xb2, 0x7f, 0xab, 0x2f, 0xa7, 0x0f, 0xab, 0x2f,
    0xaf, 0x57, 0x86, 0x0f, 0xc4, 0x05, 0x83, 0x04, 0xa2, 0x03, 0xa1, 0x02, 0xc1, 0x01, 0x40, 0x01, 0xc0, 0x00, 0x60, 0x00,
    0x20, 0x00, 0x00, 0x00, 0x00, 0x00, 0x00, 0x00, 0x00, 0x00, 0x00, 0x00, 0x00, 0x00, 0x00, 0x00, 0x00, 0x00, 0x00, 0x00,
    0x00, 0x00, 0x00, 0x00, 0x00, 0x00, 0x00, 0x00, 0x00, 0x00, 0x00, 0x00, 0x00, 0x00, 0x00, 0x00, 0x00, 0x00, 0x00, 0x00,
    0x00, 0x00, 0x00, 0x00, 0x00, 0x00, 0x00, 0x00, 0x00, 0x00, 0x00, 0x00, 0x00, 0x00, 0x00, 0x00, 0x00, 0x00, 0x00, 0x00,
    0x00, 0x00, 0x20, 0x00, 0x40, 0x00, 0x60, 0x00, 0xa0, 0x00, 0xe0, 0x00, 0xc1, 0x01, 0x01, 0x03, 0xc2, 0x03, 0xc3, 0x04,
    0x64, 0x06, 0xa7, 0x0f, 0xb1, 0x67, 0xab, 0x2f, 0xa8, 0x0f, 0xab, 0x2f, 0xb2, 0x77, 0xdd, 0xe7, 0xdc, 0xdf, 0xa8, 0x0f,
    0x26, 0x07, 0x24, 0x05, 0x03, 0x04, 0x22, 0x03, 0x41, 0x02, 0x80, 0x01, 0x20, 0x01, 0x80, 0x00, 0x40, 0x00, 0x20, 0x00,
    0x00, 0x00, 0x00, 0x00, 0x00, 0x00, 0x00, 0x00, 0x00, 0x00, 0x00, 0x00, 0x00, 0x00, 0x00, 0x00, 0x00, 0x00, 0x00, 0x00,
    0x00, 0x00, 0x00, 0x00, 0x00, 0x00, 0x00, 0x00, 0x00, 0x00, 0x00, 0x00, 0x00, 0x00, 0x00, 0x00, 0x00, 0x00, 0x00, 0x00,
    0x00, 0x00, 0x00, 0x00, 0x00, 0x00, 0x00, 0x00, 0x00, 0x00, 0x00, 0x00, 0x00, 0x00, 0x00, 0x00, 0x00, 0x00, 0x00, 0x00,
    0x00, 0x00, 0x20, 0x00, 0x20, 0x08, 0x60, 0x08, 0x80, 0x10, 0xa0, 0x18, 0xe0, 0x20, 0x20, 0x29, 0x80, 0x39, 0xe0, 0x49,
    0x40, 0x5a, 0xa0, 0x62, 0x20, 0x7b, 0xa0, 0x8b, 0x20, 0xa4, 0x60, 0xd5, 0xe0, 0xfe, 0x82, 0xff, 0xd8, 0xff, 0xdf, 0xff,
    0xd2, 0xff, 0xa6, 0xff, 0x80, 0xff, 0x60, 0xff, 0x60, 0xff, 0x60, 0xff, 0x60, 0xff, 0x81, 0xff, 0xa5, 0xff, 0xd2, 0xff,
    0xd6, 0xff, 0x84, 0xff, 0x00, 0xff, 0x00, 0xe6, 0x20, 0xc5, 0xe0, 0xbc, 0x00, 0xbd, 0x40, 0xcd, 0x20, 0xee, 0x40, 0xff,
    0x88, 0xff, 0xda, 0xff, 0xaf, 0xff, 0xa3, 0xff, 0x80, 0xff, 0x60, 0xff, 0x40, 0xff, 0x40, 0xff, 0x60, 0xff, 0x82, 0xff,
    0xaa, 0xff, 0xda, 0xff, 0xdd, 0xff, 0x65, 0xff, 0xe0, 0xfe, 0x40, 0xcd, 0x20, 0x9c, 0x60, 0x83, 0xe0, 0x72, 0x60, 0x5a,
    0xe0, 0x49, 0x80, 0x39, 0x00, 0x29, 0xc0, 0x18, 0x80, 0x10, 0x60, 0x08, 0x40, 0x08, 0x20, 0x00, 0x20, 0x00, 0x00, 0x00,
    0x00, 0x00, 0x00, 0x00, 0x00, 0x00, 0x00, 0x00, 0x00, 0x00, 0x00, 0x00, 0x00, 0x00, 0x00, 0x00, 0x00, 0x00, 0x00, 0x00,
    0x00, 0x00, 0x00, 0x00, 0x00, 0x00, 0x20, 0x00, 0x60, 0x00, 0xa0, 0x00, 0x00, 0x01, 0xc1, 0x01, 0xe1, 0x02, 0xc2, 0x03,
    0xa3, 0x04, 0x45, 0x06, 0xa5, 0x07, 0xaa, 0x27, 0xdf, 0xf7, 0xdc, 0xe7, 0xb2, 0x7f, 0x8a, 0x2f, 0xa7, 0x0f, 0xab, 0x27,
    0xaf, 0x57, 0x86, 0x0f, 0xe4, 0x05, 0x83, 0x04, 0xa2, 0x03, 0xa1, 0x02, 0xa1, 0x01, 0x40, 0x01, 0xc0, 0x00, 0x60, 0x00,
    0x40, 0x00, 0x00, 0x00, 0x00, 0x00, 0x00, 0x00, 0x00, 0x00, 0x00, 0x00, 0x00, 0x00, 0x00, 0x00, 0x00, 0x00, 0x00, 0x00,
    0x00, 0x00, 0x00, 0x00, 0x00, 0x00, 0x00, 0x00, 0x00, 0x00, 0x00, 0x00, 0x00, 0x00, 0x00, 0x00, 0x00, 0x00, 0x00, 0x00,
    0x00, 0x00, 0x00, 0x00, 0x00, 0x00, 0x00, 0x00, 0x00, 0x00, 0x00, 0x00, 0x00, 0x00, 0x00, 0x00, 0x00, 0x00, 0x00, 0x00,
    0x00, 0x00, 0x20, 0x00, 0x40, 0x00, 0x60, 0x00, 0xa0, 0x00, 0xe0, 0x00, 0xc1, 0x01, 0x02, 0x03, 0xc2, 0x03, 0xc3, 0x04,
    0x64, 0x06, 0x87, 0x0f, 0xb1, 0x5f, 0xac, 0x2f, 0xa8, 0x0f, 0xab, 0x2f, 0xb2, 0x77, 0xdd, 0xe7, 0xdc, 0xdf, 0xa7, 0x0f,
    0x46, 0x07, 0x24, 0x05, 0x03, 0x04, 0x22, 0x03, 0x61, 0x02, 0xa1, 0x01, 0x20, 0x01, 0xa0, 0x00, 0x40, 0x00, 0x20, 0x00,
    0x00, 0x00, 0x00, 0x00, 0x00, 0x00, 0x00, 0x00, 0x00, 0x00, 0x00, 0x00, 0x00, 0x00, 0x00, 0x00, 0x00, 0x00, 0x00, 0x00,
    0x00, 0x00, 0x00, 0x00, 0x00, 0x00, 0x00, 0x00, 0x00, 0x00, 0x00, 0x00, 0x00, 0x00, 0x00, 0x00, 0x00, 0x00, 0x00, 0x00,
    0x00, 0x00, 0x00, 0x00, 0x00, 0x00, 0x00, 0x00, 0x00, 0x00, 0x00, 0x00, 0x00, 0x00, 0x00, 0x00, 0x00, 0x00, 0x00, 0x00,
    0x20, 0x00, 0x40, 0x08, 0x40, 0x08, 0x60, 0x10, 0xa0, 0x18, 0xe0, 0x20, 0x20, 0x29, 0x60, 0x39, 0xe0, 0x49, 0x40, 0x5a,
    0xa0, 0x62, 0x20, 0x7b, 0xc0, 0x8b, 0x20, 0xa4, 0x60, 0xd5, 0x00, 0xff, 0x84, 0xff, 0xda, 0xff, 0xde, 0xff, 0xd1, 0xff,
    0xa6, 0xff, 0x80, 0xff, 0x60, 0xff, 0x60, 0xff, 0x60, 0xff, 0x60, 0xff, 0x81, 0xff, 0xa6, 0xff, 0xd3, 0xff, 0xd4, 0xff,
    0xa3, 0xff, 0x00, 0xff, 0xa0, 0xdd, 0xc0, 0xbc, 0x60, 0xac, 0x40, 0xa4, 0x40, 0xa4, 0x80, 0xac, 0xc0, 0xbc, 0xe0, 0xe5,
    0x40, 0xff, 0xa9, 0xff, 0xd9, 0xff, 0xaf, 0xff, 0xa3, 0xff, 0x80, 0xff, 0x60, 0xff, 0x40, 0xff, 0x60, 0xff, 0x80, 0xff,
    0x82, 0xff, 0xab, 0xff, 0xda, 0xff, 0xdd, 0xff, 0x85, 0xff, 0xe0, 0xfe, 0x40, 0xcd, 0x20, 0x9c, 0x80, 0x83, 0xe0, 0x6a,
    0x40, 0x5a, 0xe0, 0x49, 0x60, 0x31, 0x00, 0x29, 0xc0, 0x18, 0x80, 0x10, 0x60, 0x08, 0x40, 0x08, 0x20, 0x00, 0x20, 0x00,
    0x00, 0x00, 0x00, 0x00, 0x00, 0x00, 0x00, 0x00, 0x00, 0x00, 0x00, 0x00, 0x00, 0x00, 0x00, 0x00, 0x00, 0x00, 0x00, 0x00,
    0x00, 0x00, 0x00, 0x00, 0x00, 0x00, 0x20, 0x00, 0x60, 0x00, 0xa0, 0x00, 0x00, 0x01, 0xc1, 0x01, 0xe2, 0x02, 0xc2, 0x03,
    0xa3, 0x04, 0x45, 0x0e, 0xa5, 0x07, 0xaa, 0x27, 0xdf, 0xf7, 0xdc, 0xe7, 0xb2, 0x7f, 0x8a, 0x27, 0x87, 0x0f, 0xaa, 0x27,
    0xaf, 0x57, 0x86, 0x0f, 0xe4, 0x05, 0x63, 0x04, 0x82, 0x03, 0x81, 0x02, 0xa1, 0x01, 0x40, 0x01, 0xc0, 0x00, 0x60, 0x00,
    0x40, 0x00, 0x00, 0x00, 0x00, 0x00, 0x00, 0x00, 0x00, 0x00, 0x00, 0x00, 0x00, 0x00, 0x00, 0x00, 0x00, 0x00, 0x00, 0x00,
    0x00, 0x00, 0x00, 0x00, 0x00, 0x00, 0x00, 0x00, 0x00, 0x00, 0x00, 0x00, 0x00, 0x00, 0x00, 0x00, 0x00, 0x00, 0x00, 0x00,
    0x00, 0x00, 0x00, 0x00, 0x00, 0x00, 0x00, 0x00, 0x00, 0x00, 0x00, 0x00, 0x00, 0x00, 0x00, 0x00, 0x00, 0x00, 0x00, 0x00,
    0x00, 0x00, 0x20, 0x00, 0x40, 0x00, 0x80, 0x00, 0xc0, 0x00, 0x00, 0x01, 0xc1, 0x01, 0x02, 0x03, 0xc2, 0x03, 0xa3, 0x04,
    0x44, 0x06, 0x87, 0x0f, 0xb1, 0x67, 0xac, 0x2f, 0xa8, 0x0f, 0xab, 0x2f, 0xb2, 0x77, 0xdd, 0xe7, 0xdc, 0xdf, 0xa7, 0x0f,
    0x46, 0x07, 0x24, 0x05, 0x03, 0x04, 0x22, 0x03, 0x61, 0x02, 0xa1, 0x01, 0x20, 0x01, 0x80, 0x00, 0x40, 0x00, 0x20, 0x00,
    0x00, 0x00, 0x00, 0x00, 0x00, 0x00, 0x00, 0x00, 0x00, 0x00, 0x00, 0x00, 0x00, 0x00, 0x00, 0x00, 0x00, 0x00, 0x00, 0x00,
    0x00, 0x00, 0x00, 0x00, 0x00, 0x00, 0x00, 0x00, 0x00, 0x00, 0x00, 0x00, 0x00, 0x00, 0x00, 0x00, 0x00, 0x00, 0x00, 0x00,
    0x00, 0x00, 0x00, 0x00, 0x00, 0x00, 0x00, 0x00, 0x00, 0x00, 0x00, 0x00, 0x00, 0x00, 0x00, 0x00, 0x00, 0x00, 0x20, 0x00,
    0x40, 0x08, 0x40, 0x08, 0x60, 0x10, 0xa0, 0x18, 0xe0, 0x20, 0x40, 0x31, 0xa0, 0x41, 0xe0, 0x49, 0x60, 0x5a, 0xc0, 0x6a,
    0x20, 0x7b, 0xc0, 0x93, 0x60, 0xac, 0x80, 0xdd, 0x00, 0xff, 0x86, 0xff, 0xdc, 0xff, 0xdd, 0xff, 0xaf, 0xff, 0xa5, 0xff,
    0x80, 0xff, 0x60, 0xff, 0x60, 0xff, 0x60, 0xff, 0x60, 0xff, 0x81, 0xff, 0xa7, 0xff, 0xd4, 0xff, 0xd3, 0xff, 0x81, 0xff,
    0xe0, 0xfe, 0x60, 0xd5, 0x80, 0xb4, 0x20, 0x9c, 0xc0, 0x93, 0xa0, 0x8b, 0xc0, 0x93, 0xe0, 0x93, 0x40, 0xa4, 0xa0, 0xb4,
    0xe0, 0xe5, 0x40, 0xff, 0x88, 0xff, 0xda, 0xff, 0xae, 0xff, 0xa3, 0xff, 0x60, 0xff, 0x60, 0xff, 0x60, 0xff, 0x60, 0xff,
    0x60, 0xff, 0xa2, 0xff, 0xab, 0xff, 0xda, 0xff, 0xdd, 0xff, 0x85, 0xff, 0xe0, 0xfe, 0x40, 0xcd, 0x20, 0x9c, 0x80, 0x83,
    0xe0, 0x6a, 0x60, 0x5a, 0xe0, 0x49, 0x80, 0x39, 0x00, 0x29, 0xa0, 0x18, 0x80, 0x10, 0x60, 0x08, 0x40, 0x08, 0x20, 0x00,
    0x20, 0x00, 0x00, 0x00, 0x00, 0x00, 0x00, 0x00, 0x00, 0x00, 0x00, 0x00, 0x00, 0x00, 0x00, 0x00, 0x00, 0x00, 0x00, 0x00,
    0x00, 0x00, 0x00, 0x00, 0x00, 0x00, 0x20, 0x00, 0x60, 0x00, 0xa0, 0x00, 0x00, 0x01, 0xc1, 0x01, 0x02, 0x03, 0xc2, 0x03,
    0xa3, 0x04, 0x45, 0x06, 0xa5, 0x07, 0xaa, 0x27, 0xdf, 0xf7, 0xdc, 0xe7, 0xb2, 0x7f, 0x8a, 0x2f, 0xa7, 0x0f, 0xaa, 0x27,
    0xaf, 0x57, 0x86, 0x07, 0xc4, 0x05, 0x63, 0x04, 0x82, 0x03, 0x81, 0x02, 0xc1, 0x01, 0x40, 0x01, 0xc0, 0x00, 0x60, 0x00,
    0x40, 0x00, 0x00, 0x00, 0x00, 0x00, 0x00, 0x00, 0x00, 0x00, 0x00, 0x00, 0x00, 0x00, 0x00, 0x00, 0x00, 0x00, 0x00, 0x00,
    0x00, 0x00, 0x00, 0x00, 0x00, 0x00, 0x00, 0x00, 0x00, 0x00, 0x00, 0x00, 0x00, 0x00, 0x00, 0x00, 0x00, 0x00, 0x00, 0x00,
    0x00, 0x00, 0x00, 0x00, 0x00, 0x00, 0x00, 0x00, 0x00, 0x00, 0x00, 0x00, 0x00, 0x00, 0x00, 0x00, 0x00, 0x00, 0x00, 0x00,
    0x00, 0x00, 0x20, 0x00, 0x40, 0x00, 0x80, 0x00, 0xc0, 0x00, 0x00, 0x01, 0xe1, 0x01, 0x22, 0x03, 0xe2, 0x03, 0xc3, 0x04,
    0x44, 0x06, 0x86, 0x0f, 0xb1, 0x67, 0xab, 0x2f, 0xa8, 0x0f, 0xab, 0x2f, 0xb2, 0x6f, 0xdd, 0xe7, 0xdc, 0xdf, 0xa7, 0x0f,
    0x46, 0x07, 0x24, 0x05, 0x03, 0x04, 0x22, 0x03, 0x41, 0x02, 0x81, 0x01, 0x20, 0x01, 0x80, 0x00, 0x40, 0x00, 0x20, 0x00,
    0x00, 0x00, 0x00, 0x00, 0x00, 0x00, 0x00, 0x00, 0x00, 0x00, 0x00, 0x00, 0x00, 0x00, 0x00, 0x00, 0x00, 0x00, 0x00, 0x00,
    0x00, 0x00, 0x00, 0x00, 0x00, 0x00, 0x00, 0x00, 0x00, 0x00, 0x00, 0x00, 0x00, 0x00, 0x00, 0x00, 0x00, 0x00, 0x00, 0x00,
    0x00, 0x00, 0x00, 0x00, 0x00, 0x00, 0x00, 0x00, 0x00, 0x00, 0x00, 0x00, 0x00, 0x00, 0x20, 0x00, 0x20, 0x00, 0x40, 0x08,
    0x40, 0x08, 0x60, 0x10, 0xa0, 0x18, 0xe0, 0x20, 0x20, 0x29, 0x80, 0x39, 0x00, 0x4a, 0x60, 0x5a, 0xc0, 0x6a, 0x40, 0x7b,
    0xc0, 0x93, 0x60, 0xac, 0xc0, 0xdd, 0x20, 0xff, 0xa7, 0xff, 0xdd, 0xff, 0xdc, 0xff, 0xae, 0xff, 0xa4, 0xff, 0x80, 0xff,
    0x60, 0xff, 0x60, 0xff, 0x60, 0xff, 0x60, 0xff, 0x81, 0xff, 0xa9, 0xff, 0xd6, 0xff, 0xb1, 0xff, 0x60, 0xff, 0xa0, 0xf6,
    0x40, 0xcd, 0x40, 0xa4, 0xc0, 0x93, 0x80, 0x8b, 0x20, 0x7b, 0x20, 0x7b, 0x20, 0x7b, 0x60, 0x83, 0xa0, 0x8b, 0x20, 0xa4,
    0xa0, 0xb4, 0xe0, 0xe5, 0x20, 0xff, 0x88, 0xff, 0xd9, 0xff, 0xae, 0xff, 0x83, 0xff, 0x60, 0xff, 0x60, 0xff, 0x60, 0xff,
    0x60, 0xff, 0x80, 0xff, 0xa2, 0xff, 0xaa, 0xff, 0xd9, 0xff, 0xdd, 0xff, 0x86, 0xff, 0xe0, 0xfe, 0x20, 0xcd, 0x20, 0x9c,
    0x80, 0x83, 0xe0, 0x72, 0x60, 0x5a, 0xe0, 0x49, 0x60, 0x39, 0xe0, 0x20, 0xa0, 0x18, 0x80, 0x10, 0x40, 0x08, 0x20, 0x08,
    0x20, 0x00, 0x20, 0x00, 0x00, 0x00, 0x00, 0x00, 0x00, 0x00, 0x00, 0x00, 0x00, 0x00, 0x00, 0x00, 0x00, 0x00, 0x00, 0x00,
    0x00, 0x00, 0x00, 0x00, 0x00, 0x00, 0x20, 0x00, 0x40, 0x00, 0xa0, 0x00, 0x00, 0x01, 0xc1, 0x01, 0x02, 0x03, 0xc2, 0x03,
    0xa3, 0x04, 0x45, 0x0e, 0xa5, 0x07, 0xaa, 0x27, 0xdf, 0xf7, 0xdc, 0xe7, 0xb2, 0x7f, 0x8a, 0x2f, 0xa7, 0x0f, 0xab, 0x27,
    0xaf, 0x4f, 0x86, 0x07, 0xe4, 0x05, 0x83, 0x04, 0x82, 0x03, 0x81, 0x02, 0xc1, 0x01, 0x40, 0x01, 0xc0, 0x00, 0x80, 0x00,
    0x40, 0x00, 0x20, 0x00, 0x00, 0x00, 0x00, 0x00, 0x00, 0x00, 0x00, 0x00, 0x00, 0x00, 0x00, 0x00, 0x00, 0x00, 0x00, 0x00,
    0x00, 0x00, 0x00, 0x00, 0x00, 0x00, 0x00, 0x00, 0x00, 0x00, 0x00, 0x00, 0x00, 0x00, 0x00, 0x00, 0x00, 0x00, 0x00, 0x00,
    0x00, 0x00, 0x00, 0x00, 0x00, 0x00, 0x00, 0x00, 0x00, 0x00, 0x00, 0x00, 0x00, 0x00, 0x00, 0x00, 0x00, 0x00, 0x00, 0x00,
    0x20, 0x00, 0x40, 0x00, 0x60, 0x00, 0x80, 0x00, 0xc0, 0x00, 0x20, 0x01, 0x01, 0x02, 0x21, 0x03, 0xe2, 0x03, 0xc3, 0x04,
    0x64, 0x06, 0x86, 0x0f, 0xd2, 0x67, 0xab, 0x2f, 0xa8, 0x0f, 0xab, 0x2f, 0xb2, 0x6f, 0xdd, 0xe7, 0xdc, 0xdf, 0xa7, 0x0f,
    0x46, 0x07, 0x24, 0x05, 0x03, 0x04, 0x22, 0x03, 0x41, 0x02, 0x80, 0x01, 0x00, 0x01, 0x80, 0x00, 0x40, 0x00, 0x00, 0x00,
    0x00, 0x00, 0x00, 0x00, 0x00, 0x00, 0x00, 0x00, 0x00, 0x00, 0x00, 0x00, 0x00, 0x00, 0x00, 0x00, 0x00, 0x00, 0x00, 0x00,
    0x00, 0x00, 0x00, 0x00, 0x00, 0x00, 0x00, 0x00, 0x00, 0x00, 0x00, 0x00, 0x00, 0x00, 0x00, 0x00, 0x00, 0x00, 0x00, 0x00,
    0x00, 0x00, 0x00, 0x00, 0x00, 0x00, 0x00, 0x00, 0x00, 0x00, 0x00, 0x00, 0x20, 0x00, 0x20, 0x08, 0x40, 0x08, 0x40, 0x08,
    0x80, 0x10, 0xa0, 0x18, 0xe0, 0x20, 0x20, 0x31, 0x80, 0x39, 0xe0, 0x49, 0x60, 0x5a, 0xc0, 0x6a, 0x40, 0x7b, 0xe0, 0x93,
    0x80, 0xb4, 0xe0, 0xe5, 0x40, 0xff, 0xaa, 0xff, 0xdf, 0xff, 0xda, 0xff, 0xcd, 0xff, 0xa3, 0xff, 0x80, 0xff, 0x60, 0xff,
    0x60, 0xff, 0x60, 0xff, 0x80, 0xff, 0x82, 0xff, 0xa9, 0xff, 0xd7, 0xff, 0xcf, 0xff, 0x40, 0xff, 0x60, 0xf6, 0x00, 0xc5,
    0x40, 0xa4, 0xa0, 0x8b, 0x40, 0x7b, 0xe0, 0x72, 0xc0, 0x6a, 0xa0, 0x62, 0xa0, 0x6a, 0xc0, 0x6a, 0x20, 0x7b, 0x80, 0x8b,
    0x00, 0x9c, 0x80, 0xb4, 0xc0, 0xdd, 0x20, 0xff, 0x88, 0xff, 0xda, 0xff, 0xae, 0xff, 0xa3, 0xff, 0x80, 0xff, 0x60, 0xff,
    0x60, 0xff, 0x60, 0xff, 0x60, 0xff, 0xa2, 0xff, 0xaa, 0xff, 0xd9, 0xff, 0xdd, 0xff, 0x66, 0xff, 0xe0, 0xfe, 0x20, 0xcd,
    0x00, 0x9c, 0x60, 0x83, 0xc0, 0x6a, 0x60, 0x5a, 0xc0, 0x41, 0x40, 0x31, 0x00, 0x21, 0xa0, 0x18, 0x60, 0x10, 0x40, 0x08,
    0x40, 0x08, 0x20, 0x00, 0x20, 0x00, 0x00, 0x00, 0x00, 0x00, 0x00, 0x00, 0x00, 0x00, 0x00, 0x00, 0x00, 0x00, 0x00, 0x00,
    0x00, 0x00, 0x00, 0x00, 0x00, 0x00, 0x20, 0x00, 0x40, 0x00, 0xa0, 0x00, 0x00, 0x01, 0xc1, 0x01, 0x02, 0x03, 0xa2, 0x03,
    0x83, 0x04, 0x45, 0x06, 0xa5, 0x07, 0xaa, 0x27, 0xdf, 0xf7, 0xdc, 0xe7, 0xb2, 0x7f, 0x8a, 0x2f, 0xa7, 0x0f, 0xab, 0x27,
    0xaf, 0x4f, 0x86, 0x07, 0xe4, 0x05, 0x83, 0x04, 0x82, 0x03, 0xa1, 0x02, 0xc1, 0x01, 0x60, 0x01, 0xe0, 0x00, 0x80, 0x00,
    0x60, 0x00, 0x40, 0x00, 0x20, 0x00, 0x20, 0x00, 0x20, 0x00, 0x20, 0x00, 0x20, 0x00, 0x20, 0x00, 0x20, 0x00, 0x20, 0x00,
    0x20, 0x00, 0x20, 0x00, 0x20, 0x00, 0x20, 0x00, 0x20, 0x00, 0x20, 0x00, 0x20, 0x00, 0x20, 0x00, 0x20, 0x00, 0x20, 0x00,
    0x20, 0x00, 0x20, 0x00, 0x20, 0x00, 0x20, 0x00, 0x20, 0x00, 0x20, 0x00, 0x20, 0x00, 0x20, 0x00, 0x20, 0x00, 0x20, 0x00,
    0x40, 0x00, 0x40, 0x00, 0x80, 0x00, 0xa0, 0x00, 0x00, 0x01, 0x60, 0x01, 0x21, 0x02, 0x41, 0x03, 0x02, 0x04, 0xe3, 0x04,
    0x64, 0x06, 0x87, 0x0f, 0xd2, 0x67, 0xab, 0x2f, 0xa8, 0x0f, 0xab, 0x2f, 0xb2, 0x77, 0xdd, 0xdf, 0xdc, 0xdf, 0xa7, 0x0f,
    0x46, 0x07, 0x24, 0x05, 0x03, 0x04, 0x22, 0x03, 0x21, 0x02, 0x60, 0x01, 0xe0, 0x00, 0x80, 0x00, 0x40, 0x00, 0x00, 0x00,
    0x00, 0x00, 0x00, 0x00, 0x00, 0x00, 0x00, 0x00, 0x00, 0x00, 0x00, 0x00, 0x00, 0x00, 0x00, 0x00, 0x00, 0x00, 0x00, 0x00,
    0x00, 0x00, 0x00, 0x00, 0x00, 0x00, 0x00, 0x00, 0x00, 0x00, 0x00, 0x00, 0x00, 0x00, 0x00, 0x00, 0x00, 0x00, 0x00, 0x00,
    0x00, 0x00, 0x00, 0x00, 0x00, 0x00, 0x00, 0x00, 0x00, 0x00, 0x20, 0x00, 0x20, 0x08, 0x40, 0x08, 0x60, 0x10, 0x80, 0x10,
    0xc0, 0x20, 0x20, 0x29, 0x60, 0x39, 0xa0, 0x41, 0x00, 0x52, 0x60, 0x5a, 0xe0, 0x6a, 0x60, 0x83, 0xe0, 0x93, 0xc0, 0xb4,
    0x20, 0xee, 0x40, 0xff, 0xac, 0xff, 0xdf, 0xff, 0xd9, 0xff, 0xab, 0xff, 0x83, 0xff, 0x80, 0xff, 0x60, 0xff, 0x60, 0xff,
    0x60, 0xff, 0x80, 0xff, 0xa2, 0xff, 0xab, 0xff, 0xd8, 0xff, 0xcc, 0xff, 0x60, 0xff, 0x40, 0xee, 0xc0, 0xbc, 0x20, 0x9c,
    0x80, 0x83, 0x00, 0x73, 0xa0, 0x6a, 0x60, 0x62, 0x40, 0x5a, 0x20, 0x52, 0x20, 0x52, 0x40, 0x5a, 0x80, 0x62, 0xe0, 0x72,
    0x40, 0x83, 0xe0, 0x93, 0x80, 0xb4, 0xe0, 0xe5, 0x40, 0xff, 0x89, 0xff, 0xda, 0xff, 0xae, 0xff, 0x82, 0xff, 0x60, 0xff,
    0x60, 0xff, 0x60, 0xff, 0x60, 0xff, 0x60, 0xff, 0xa2, 0xff, 0xaa, 0xff, 0xd9, 0xff, 0xdd, 0xff, 0x85, 0xff, 0xe0, 0xfe,
    0x20, 0xc5, 0x00, 0x9c, 0x60, 0x83, 0xe0, 0x6a, 0x60, 0x5a, 0x00, 0x4a, 0xa0, 0x39, 0x00, 0x29, 0xa0, 0x18, 0x80, 0x10,
    0x40, 0x08, 0x40, 0x08, 0x20, 0x00, 0x20, 0x00, 0x00, 0x00, 0x00, 0x00, 0x00, 0x00, 0x00, 0x00, 0x00, 0x00, 0x00, 0x00,
    0x00, 0x00, 0x00, 0x00, 0x00, 0x00, 0x20, 0x00, 0x40, 0x00, 0xa0, 0x00, 0x00, 0x01, 0xe1, 0x01, 0xe2, 0x02, 0xc2, 0x03,
    0xa3, 0x04, 0x65, 0x06, 0xa5, 0x07, 0xaa, 0x27, 0xdf, 0xf7, 0xdc, 0xdf, 0xb1, 0x77, 0x8a, 0x2f, 0xa7, 0x0f, 0xab, 0x27,
    0xaf, 0x4f, 0x86, 0x07, 0xe4, 0x05, 0x83, 0x04, 0xa2, 0x03, 0xa1, 0x02, 0xc1, 0x01, 0x60, 0x01, 0x00, 0x01, 0xc0, 0x00,
    0xa0, 0x00, 0x60, 0x00, 0x60, 0x00, 0x60, 0x00, 0x60, 0x00, 0x60, 0x00, 0x60, 0x00, 0x60, 0x00, 0x40, 0x00, 0x40, 0x00,
    0x40, 0x00, 0x40, 0x00, 0x40, 0x00, 0x40, 0x00, 0x40, 0x00, 0x40, 0x00, 0x40, 0x00, 0x40, 0x00, 0x40, 0x00, 0x40, 0x00,
    0x40, 0x00, 0x40, 0x00, 0x40, 0x00, 0x40, 0x00, 0x40, 0x00, 0x40, 0x00, 0x40, 0x00, 0x40, 0x00, 0x60, 0x00, 0x60, 0x00,
    0x60, 0x00, 0x80, 0x00, 0xa0, 0x00, 0xe0, 0x00, 0x40, 0x01, 0xa0, 0x01, 0x61, 0x02, 0x62, 0x03, 0x22, 0x04, 0xe3, 0x04,
    0x64, 0x06, 0x87, 0x0f, 0xb2, 0x67, 0xab, 0x2f, 0xa8, 0x0f, 0xaa, 0x2f, 0xb2, 0x6f, 0xdd, 0xdf, 0xdc, 0xdf, 0xc7, 0x0f,
    0x46, 0x07, 0x24, 0x05, 0x03, 0x04, 0x22, 0x03, 0x21, 0x02, 0x40, 0x01, 0xe0, 0x00, 0x80, 0x00, 0x40, 0x00, 0x00, 0x00,
    0x00, 0x00, 0x00, 0x00, 0x00, 0x00, 0x00, 0x00, 0x00, 0x00, 0x00, 0x00, 0x00, 0x00, 0x00, 0x00, 0x00, 0x00, 0x00, 0x00,
    0x00, 0x00, 0x00, 0x00, 0x00, 0x00, 0x00, 0x00, 0x00, 0x00, 0x00, 0x00, 0x00, 0x00, 0x00, 0x00, 0x00, 0x00, 0x00, 0x00,
    0x00, 0x00, 0x00, 0x00, 0x00, 0x00, 0x00, 0x00, 0x00, 0x00, 0x20, 0x08, 0x40, 0x08, 0x60, 0x08, 0x80, 0x10, 0xa0, 0x18,
    0x00, 0x29, 0x60, 0x39, 0xc0, 0x41, 0x00, 0x52, 0x60, 0x5a, 0xe0, 0x6a, 0x60, 0x83, 0xe0, 0x93, 0xa0, 0xb4, 0x60, 0xee,
    0x60, 0xff, 0xaf, 0xff, 0xdf, 0xff, 0xd8, 0xff, 0xaa, 0xff, 0x82, 0xff, 0x60, 0xff, 0x60, 0xff, 0x60, 0xff, 0x60, 0xff,
    0x60, 0xff, 0xa2, 0xff, 0xad, 0xff, 0xd8, 0xff, 0xab, 0xff, 0x40, 0xff, 0x20, 0xee, 0xa0, 0xbc, 0x00, 0x9c, 0x80, 0x83,
    0xe0, 0x72, 0x80, 0x62, 0x40, 0x5a, 0x00, 0x52, 0xc0, 0x49, 0xc0, 0x41, 0xc0, 0x49, 0xe0, 0x49, 0x20, 0x52, 0x60, 0x62,
    0xc0, 0x72, 0x60, 0x83, 0x00, 0x94, 0x80, 0xac, 0xc0, 0xdd, 0x20, 0xff, 0xa9, 0xff, 0xd9, 0xff, 0xad, 0xff, 0x83, 0xff,
    0x60, 0xff, 0x60, 0xff, 0x60, 0xff, 0x60, 0xff, 0x60, 0xff, 0x82, 0xff, 0xaa, 0xff, 0xd9, 0xff, 0xdd, 0xff, 0x66, 0xff,
    0xc0, 0xfe, 0x20, 0xcd, 0x00, 0x9c, 0x60, 0x83, 0xc0, 0x6a, 0x60, 0x5a, 0x00, 0x4a, 0x60, 0x31, 0xe0, 0x20, 0xa0, 0x18,
    0x60, 0x08, 0x40, 0x08, 0x40, 0x08, 0x20, 0x00, 0x20, 0x00, 0x00, 0x00, 0x00, 0x00, 0x00, 0x00, 0x00, 0x00, 0x00, 0x00,
    0x00, 0x00, 0x00, 0x00, 0x00, 0x00, 0x20, 0x00, 0x60, 0x00, 0xa0, 0x00, 0x00, 0x01, 0xc1, 0x01, 0xe1, 0x02, 0xc2, 0x03,
    0xa3, 0x04, 0x65, 0x06, 0xa5, 0x07, 0xa9, 0x27, 0xdf, 0xf7, 0xdc, 0xdf, 0xb1, 0x77, 0x8a, 0x2f, 0xa7, 0x0f, 0xaa, 0x27,
    0xaf, 0x4f, 0x86, 0x07, 0xe4, 0x05, 0x83, 0x04, 0xa2, 0x03, 0xc1, 0x02, 0xe1, 0x01, 0x80, 0x01, 0x20, 0x01, 0xe0, 0x00,
    0xc0, 0x00, 0xa0, 0x00, 0xa0, 0x00, 0xa0, 0x00, 0xa0, 0x00, 0xa0, 0x00, 0xa0, 0x00, 0xa0, 0x00, 0x80, 0x00, 0x80, 0x00,
    0x80, 0x00, 0x80, 0x00, 0x80, 0x00, 0x80, 0x00, 0x80, 0x00, 0x80, 0x00, 0x80, 0x00, 0x80, 0x00, 0x80, 0x00, 0x80, 0x00,
    0x80, 0x00, 0x80, 0x00, 0x60, 0x00, 0x80, 0x00, 0x80, 0x00, 0x80, 0x00, 0x80, 0x00, 0x80, 0x00, 0x80, 0x00, 0x80, 0x00,
    0x80, 0x00, 0xa0, 0x00, 0xe0, 0x00, 0x00, 0x01, 0x80, 0x01, 0xe1, 0x01, 0x81, 0x02, 0x82, 0x03, 0x22, 0x04, 0x03, 0x05,
    0x64, 0x06, 0x87, 0x0f, 0xb1, 0x67, 0xab, 0x2f, 0xa7, 0x0f, 0xaa, 0x2f, 0xb2, 0x6f, 0xdd, 0xdf, 0xdc, 0xdf, 0xc7, 0x0f,
    0x46, 0x07, 0x24, 0x05, 0x03, 0x04, 0x22, 0x03, 0x21, 0x02, 0x40, 0x01, 0xc0, 0x00, 0x80, 0x00, 0x40, 0x00, 0x00, 0x00,
    0x00, 0x00, 0x00, 0x00, 0x00, 0x00, 0x00, 0x00, 0x00, 0x00, 0x00, 0x00, 0x00, 0x00, 0x00, 0x00, 0x00, 0x00, 0x00, 0x00,
    0x00, 0x00, 0x00, 0x00, 0x00, 0x00, 0x00, 0x00, 0x00, 0x00, 0x00, 0x00, 0x00, 0x00, 0x00, 0x00, 0x00, 0x00, 0x00, 0x00,
    0x00, 0x00, 0x00, 0x00, 0x00, 0x00, 0x00, 0x00, 0x20, 0x00, 0x40, 0x08, 0x60, 0x10, 0x80, 0x10, 0xc0, 0x20, 0x00, 0x29,
    0x60, 0x39, 0xc0, 0x49, 0x20, 0x52, 0x80, 0x62, 0xe0, 0x6a, 0x60, 0x83, 0x00, 0x9c, 0xe0, 0xbc, 0x60, 0xee, 0x60, 0xff,
    0xd2, 0xff, 0xdf, 0xff, 0xd6, 0xff, 0xa9, 0xff, 0x81, 0xff, 0x60, 0xff, 0x60, 0xff, 0x60, 0xff, 0x60, 0xff, 0x80, 0xff,
    0x83, 0xff, 0xad, 0xff, 0xd7, 0xff, 0xa8, 0xff, 0x40, 0xff, 0x00, 0xe6, 0x80, 0xb4, 0xe0, 0x93, 0x40, 0x83, 0xc0, 0x6a,
    0x60, 0x5a, 0xe0, 0x49, 0xc0, 0x41, 0x80, 0x39, 0x60, 0x31, 0x40, 0x31, 0x60, 0x39, 0x80, 0x39, 0xa0, 0x41, 0xe0, 0x49,
    0x40, 0x5a, 0xc0, 0x6a, 0x40, 0x7b, 0xc0, 0x93, 0x60, 0xac, 0xc0, 0xdd, 0x40, 0xff, 0xa9, 0xff, 0xda, 0xff, 0xce, 0xff,
    0x83, 0xff, 0x60, 0xff, 0x60, 0xff, 0x60, 0xff, 0x60, 0xff, 0x60, 0xff, 0x82, 0xff, 0xaa, 0xff, 0xd9, 0xff, 0xdd, 0xff,
    0x65, 0xff, 0xe0, 0xfe, 0x20, 0xcd, 0xe0, 0x93, 0x40, 0x83, 0xc0, 0x6a, 0x60, 0x5a, 0xe0, 0x49, 0x80, 0x39, 0x00, 0x29,
    0xa0, 0x18, 0x80, 0x10, 0x40, 0x08, 0x20, 0x00, 0x20, 0x00, 0x00, 0x00, 0x00, 0x00, 0x00, 0x00, 0x00, 0x00, 0x00, 0x00,
    0x00, 0x00, 0x00, 0x00, 0x00, 0x00, 0x20, 0x00, 0x60, 0x00, 0xa0, 0x00, 0x00, 0x01, 0xc1, 0x01, 0xe2, 0x02, 0xc2, 0x03,
    0xa3, 0x04, 0x65, 0x06, 0xa5, 0x07, 0xa9, 0x27, 0xdf, 0xf7, 0xdc, 0xdf, 0xb1, 0x77, 0xaa, 0x2f, 0xa7, 0x0f, 0xaa, 0x27,
    0xaf, 0x4f, 0x86, 0x07, 0x04, 0x06, 0xa3, 0x04, 0xc2, 0x03, 0x01, 0x03, 0x41, 0x02, 0xe1, 0x01, 0x60, 0x01, 0x40, 0x01,
    0x20, 0x01, 0x00, 0x01, 0x00, 0x01, 0x00, 0x01, 0x00, 0x01, 0x00, 0x01, 0x00, 0x01, 0x20, 0x01, 0x00, 0x01, 0x00, 0x01,
    0x00, 0x01, 0x00, 0x01, 0x00, 0x01, 0x00, 0x01, 0x00, 0x01, 0x00, 0x01, 0x00, 0x01, 0x00, 0x01, 0x00, 0x01, 0xe0, 0x00,
    0xe0, 0x00, 0xe0, 0x00, 0xe0, 0x00, 0xe0, 0x00, 0xe0, 0x00, 0xe0, 0x00, 0xe0, 0x00, 0xe0, 0x00, 0xe0, 0x00, 0xe0, 0x00,
    0x00, 0x01, 0x20, 0x01, 0x40, 0x01, 0x60, 0x01, 0xe1, 0x01, 0x61, 0x02, 0xe1, 0x02, 0xa2, 0x03, 0x62, 0x04, 0x23, 0x05,
    0x84, 0x06, 0x86, 0x0f, 0xb1, 0x67, 0xab, 0x2f, 0xa8, 0x0f, 0xaa, 0x2f, 0xb2, 0x6f, 0xdd, 0xdf, 0xdc, 0xdf, 0xc7, 0x0f,
    0x46, 0x07, 0x24, 0x05, 0x03, 0x04, 0x22, 0x03, 0x21, 0x02, 0x20, 0x01, 0xc0, 0x00, 0x80, 0x00, 0x40, 0x00, 0x00, 0x00,
    0x00, 0x00, 0x00, 0x00, 0x00, 0x00, 0x00, 0x00, 0x00, 0x00, 0x00, 0x00, 0x00, 0x00, 0x00, 0x00, 0x00, 0x00, 0x00, 0x00,
    0x00, 0x00, 0x00, 0x00, 0x00, 0x00, 0x00, 0x00, 0x00, 0x00, 0x00, 0x00, 0x00, 0x00, 0x00, 0x00, 0x00, 0x00, 0x00, 0x00,
    0x00, 0x00, 0x00, 0x00, 0x00, 0x00, 0x20, 0x00, 0x20, 0x00, 0x40, 0x08, 0x80, 0x10, 0xc0, 0x18, 0x20, 0x29, 0x80, 0x39,
    0xc0, 0x49, 0x40, 0x52, 0x80, 0x62, 0x00, 0x73, 0x80, 0x83, 0x20, 0x9c, 0x00, 0xc5, 0xa0, 0xf6, 0x60, 0xff, 0xb4, 0xff,
    0xdf, 0xff, 0xd4, 0xff, 0xa8, 0xff, 0x81, 0xff, 0x80, 0xff, 0x60, 0xff, 0x60, 0xff, 0x60, 0xff, 0x80, 0xff, 0xa3, 0xff,
    0xaf, 0xff, 0xd7, 0xff, 0xa6, 0xff, 0x20, 0xff, 0xc0, 0xe5, 0x80, 0xb4, 0xc0, 0x93, 0x20, 0x7b, 0xa0, 0x6a, 0x40, 0x5a,
    0xe0, 0x49, 0x60, 0x39, 0x20, 0x31, 0x00, 0x29, 0x00, 0x29, 0xe0, 0x20, 0x00, 0x29, 0x20, 0x29, 0x40, 0x31, 0x80, 0x39,
    0xc0, 0x49, 0x40, 0x52, 0xa0, 0x6a, 0x20, 0x7b, 0xe0, 0x93, 0x80, 0xb4, 0xe0, 0xe5, 0x40, 0xff, 0xa9, 0xff, 0xda, 0xff,
    0xae, 0xff, 0x83, 0xff, 0x60, 0xff, 0x60, 0xff, 0x60, 0xff, 0x60, 0xff, 0x60, 0xff, 0xa2, 0xff, 0xaa, 0xff, 0xd9, 0xff,
    0xdd, 0xff, 0x85, 0xff, 0xe0, 0xfe, 0x20, 0xcd, 0x00, 0x9c, 0x60, 0x83, 0xe0, 0x6a, 0x60, 0x5a, 0x00, 0x4a, 0x80, 0x39,
    0xe0, 0x20, 0xa0, 0x18, 0x60, 0x08, 0x40, 0x08, 0x20, 0x00, 0x20, 0x00, 0x00, 0x00, 0x00, 0x00, 0x00, 0x00, 0x00, 0x00,
    0x00, 0x00, 0x00, 0x00, 0x00, 0x00, 0x20, 0x00, 0x60, 0x00, 0xc0, 0x00, 0x00, 0x01, 0xc1, 0x01, 0xe1, 0x02, 0xc2, 0x03,
    0xa3, 0x04, 0x65, 0x0e, 0xa5, 0x07, 0xa9, 0x27, 0xdf, 0xf7, 0xdc, 0xdf, 0xb1, 0x77, 0xaa, 0x2f, 0xa7, 0x0f, 0xaa, 0x27,
    0xaf, 0x4f, 0xa6, 0x07, 0x24, 0x06, 0xc3, 0x04, 0x02, 0x04, 0x42, 0x03, 0xa1, 0x02, 0x41, 0x02, 0xc1, 0x01, 0xa0, 0x01,
    0xa0, 0x01, 0xa0, 0x01, 0x80, 0x01, 0x80, 0x01, 0xa0, 0x01, 0xa0, 0x01, 0xa0, 0x01, 0xa0, 0x01, 0xa0, 0x01, 0xa0, 0x01,
    0xa0, 0x01, 0xa0, 0x01, 0xa0, 0x01, 0xa0, 0x01, 0xa0, 0x01, 0xa0, 0x01, 0xa0, 0x01, 0xa0, 0x01, 0x80, 0x01, 0x80, 0x01,
    0x80, 0x01, 0x80, 0x01, 0x80, 0x01, 0x80, 0x01, 0x80, 0x01, 0x60, 0x01, 0x60, 0x01, 0x40, 0x01, 0x40, 0x01, 0x80, 0x01,
    0x80, 0x01, 0x80, 0x01, 0xa0, 0x01, 0xe1, 0x01, 0x61, 0x02, 0xc1, 0x02, 0x41, 0x03, 0xe2, 0x03, 0x83, 0x04, 0x43, 0x05,
    0xa4, 0x06, 0x87, 0x0f, 0xb1, 0x67, 0xab, 0x2f, 0xa8, 0x0f, 0xaa, 0x2f, 0xb2, 0x77, 0xdd, 0xe7, 0xdc, 0xdf, 0xc7, 0x0f,
    0x46, 0x07, 0x24, 0x05, 0xe3, 0x03, 0x22, 0x03, 0x21, 0x02, 0x20, 0x01, 0xc0, 0x00, 0x80, 0x00, 0x40, 0x00, 0x00, 0x00,
    0x00, 0x00, 0x00, 0x00, 0x00, 0x00, 0x00, 0x00, 0x00, 0x00, 0x00, 0x00, 0x00, 0x00, 0x00, 0x00, 0x00, 0x00, 0x00, 0x00,
    0x00, 0x00, 0x00, 0x00, 0x00, 0x00, 0x00, 0x00, 0x00, 0x00, 0x00, 0x00, 0x00, 0x00, 0x00, 0x00, 0x00, 0x00, 0x00, 0x00,
    0x00, 0x00, 0x00, 0x00, 0x00, 0x00, 0x20, 0x00, 0x40, 0x08, 0x60, 0x10, 0xa0, 0x18, 0xe0, 0x20, 0x60, 0x39, 0xc0, 0x41,
    0x20, 0x52, 0xa0, 0x62, 0x20, 0x7b, 0x80, 0x8b, 0x20, 0x9c, 0x40, 0xcd, 0xc0, 0xf6, 0x61, 0xff, 0xd6, 0xff, 0xff, 0xff,
    0xd3, 0xff, 0xa7, 0xff, 0x80, 0xff, 0x60, 0xff, 0x60, 0xff, 0x60, 0xff, 0x60, 0xff, 0x80, 0xff, 0xa4, 0xff, 0xb1, 0xff,
    0xd7, 0xff, 0xa5, 0xff, 0x20, 0xff, 0xa0, 0xdd, 0x60, 0xac, 0xc0, 0x93, 0x00, 0x7b, 0xa0, 0x62, 0x40, 0x52, 0xc0, 0x49,
    0x80, 0x39, 0x20, 0x29, 0xe0, 0x20, 0xc0, 0x20, 0xc0, 0x18, 0xc0, 0x18, 0xc0, 0x20, 0xe0, 0x20, 0x00, 0x29, 0x20, 0x31,
    0x60, 0x39, 0xc0, 0x41, 0x40, 0x5a, 0xa0, 0x6a, 0x40, 0x7b, 0xe0, 0x93, 0x60, 0xac, 0xc0, 0xdd, 0x40, 0xff, 0xa9, 0xff,
    0xda, 0xff, 0xae, 0xff, 0x83, 0xff, 0x60, 0xff, 0x60, 0xff, 0x60, 0xff, 0x60, 0xff, 0x80, 0xff, 0xa2, 0xff, 0xaa, 0xff,
    0xd9, 0xff, 0xdd, 0xff, 0x86, 0xff, 0xe0, 0xfe, 0x20, 0xc5, 0x00, 0x9c, 0x60, 0x83, 0xc0, 0x6a, 0x60, 0x5a, 0xc0, 0x41,
    0x40, 0x31, 0xe0, 0x20, 0x80, 0x10, 0x40, 0x08, 0x40, 0x08, 0x20, 0x00, 0x00, 0x00, 0x00, 0x00, 0x00, 0x00, 0x00, 0x00,
    0x00, 0x00, 0x00, 0x00, 0x00, 0x00, 0x20, 0x00, 0x60, 0x00, 0xc0, 0x00, 0x00, 0x01, 0xc1, 0x01, 0xe2, 0x02, 0xc2, 0x03,
    0xa3, 0x04, 0x45, 0x06, 0xa5, 0x07, 0xa9, 0x27, 0xdf, 0xf7, 0xdc, 0xe7, 0xb1, 0x77, 0xaa, 0x27, 0xa7, 0x0f, 0xaa, 0x27,
    0xaf, 0x4f, 0xa6, 0x07, 0x44, 0x06, 0xe3, 0x04, 0x43, 0x04, 0xa2, 0x03, 0x01, 0x03, 0xc1, 0x02, 0x61, 0x02, 0x41, 0x02,
    0x21, 0x02, 0x21, 0x02, 0x21, 0x02, 0x21, 0x02, 0x21, 0x02, 0x41, 0x02, 0x41, 0x02, 0x41, 0x02, 0x41, 0x02, 0x41, 0x02,
    0x41, 0x02, 0x41, 0x02, 0x41, 0x02, 0x41, 0x02, 0x41, 0x02, 0x41, 0x02, 0x41, 0x02, 0x21, 0x02, 0x21, 0x02, 0x01, 0x02,
    0x01, 0x02, 0x01, 0x02, 0x01, 0x02, 0x21, 0x02, 0x21, 0x02, 0x21, 0x02, 0x01, 0x02, 0xe1, 0x01, 0xe1, 0x01, 0x21, 0x02,
    0x21, 0x02, 0x21, 0x02, 0x21, 0x02, 0x61, 0x02, 0xc1, 0x02, 0x21, 0x03, 0x82, 0x03, 0x02, 0x04, 0xa3, 0x04, 0x64, 0x05,
    0xc4, 0x06, 0x87, 0x0f, 0xb1, 0x67, 0xab, 0x2f, 0x88, 0x0f, 0xaa, 0x2f, 0xb2, 0x6f, 0xdd, 0xe7, 0xdc, 0xdf, 0xa7, 0x0f,
    0x46, 0x07, 0x04, 0x05, 0xe3, 0x03, 0x22, 0x03, 0x21, 0x02, 0x20, 0x01, 0xc0, 0x00, 0x60, 0x00, 0x40, 0x00, 0x20, 0x00,
    0x00, 0x00, 0x00, 0x00, 0x00, 0x00, 0x00, 0x00, 0x00, 0x00, 0x00, 0x00, 0x00, 0x00, 0x00, 0x00, 0x00, 0x00, 0x00, 0x00,
    0x00, 0x00, 0x00, 0x00, 0x00, 0x00, 0x00, 0x00, 0x00, 0x00, 0x00, 0x00, 0x00, 0x00, 0x00, 0x00, 0x00, 0x00, 0x00, 0x00,
    0x00, 0x00, 0x00, 0x00, 0x00, 0x00, 0x20, 0x08, 0x40, 0x08, 0x80, 0x10, 0xc0, 0x18, 0x20, 0x29, 0xc0, 0x41, 0x20, 0x52,
    0x80, 0x62, 0x20, 0x73, 0xa0, 0x8b, 0x20, 0x9c, 0x40, 0xcd, 0xe0, 0xfe, 0x62, 0xff, 0xd8, 0xff, 0xff, 0xff, 0xd1, 0xff,
    0xa6, 0xff, 0x60, 0xff, 0x60, 0xff, 0x60, 0xff, 0x60, 0xff, 0x60, 0xff, 0x80, 0xff, 0xa5, 0xff, 0xb2, 0xff, 0xd6, 0xff,
    0xa3, 0xff, 0x00, 0xff, 0x80, 0xd5, 0x60, 0xac, 0xa0, 0x8b, 0x00, 0x73, 0x80, 0x62, 0x20, 0x52, 0xa0, 0x41, 0x40, 0x31,
    0x00, 0x29, 0xc0, 0x20, 0xa0, 0x18, 0x80, 0x10, 0x80, 0x10, 0x80, 0x10, 0x80, 0x10, 0x80, 0x18, 0xa0, 0x18, 0xc0, 0x18,
    0xe0, 0x20, 0x60, 0x31, 0xe0, 0x49, 0x40, 0x5a, 0xa0, 0x6a, 0x20, 0x7b, 0xc0, 0x93, 0x60, 0xac, 0xe1, 0xdd, 0x40, 0xff,
    0xa9, 0xff, 0xda, 0xff, 0xae, 0xff, 0x83, 0xff, 0x60, 0xff, 0x60, 0xff, 0x60, 0xff, 0x60, 0xff, 0x80, 0xff, 0x82, 0xff,
    0xaa, 0xff, 0xd9, 0xff, 0xdd, 0xff, 0x65, 0xff, 0xc0, 0xfe, 0x00, 0xc5, 0x00, 0x9c, 0x60, 0x83, 0xc0, 0x6a, 0x40, 0x52,
    0xc0, 0x41, 0x60, 0x31, 0xe0, 0x18, 0x80, 0x10, 0x60, 0x08, 0x20, 0x00, 0x20, 0x00, 0x00, 0x00, 0x00, 0x00, 0x00, 0x00,
    0x00, 0x00, 0x00, 0x00, 0x00, 0x00, 0x20, 0x00, 0x60, 0x00, 0xc0, 0x00, 0x00, 0x01, 0xc1, 0x01, 0xc1, 0x02, 0xa2, 0x03,
    0xc3, 0x04, 0x65, 0x0e, 0xa5, 0x07, 0xa9, 0x27, 0xdf, 0xf7, 0xdc, 0xdf, 0xb1, 0x77, 0xaa, 0x2f, 0xa7, 0x0f, 0xaa, 0x27,
    0xaf, 0x4f, 0xa6, 0x0f, 0x84, 0x06, 0x43, 0x05, 0xa3, 0x04, 0x02, 0x04, 0xa2, 0x03, 0x82, 0x03, 0x62, 0x03, 0x42, 0x03,
    0x21, 0x03, 0x01, 0x03, 0x01, 0x03, 0x21, 0x03, 0x22, 0x03, 0x22, 0x03, 0x22, 0x03, 0x22, 0x03, 0x21, 0x03, 0x21, 0x03,
    0x22, 0x03, 0x21, 0x03, 0x21, 0x03, 0x42, 0x03, 0x42, 0x03, 0x22, 0x03, 0x22, 0x03, 0x22, 0x03, 0x01, 0x03, 0x01, 0x03,
    0x01, 0x03, 0x01, 0x03, 0x01, 0x03, 0x21, 0x03, 0x22, 0x03, 0x22, 0x03, 0x01, 0x03, 0x01, 0x03, 0x01, 0x03, 0x21, 0x03,
    0x21, 0x03, 0x21, 0x03, 0x42, 0x03, 0x62, 0x03, 0x82, 0x03, 0xa2, 0x03, 0x02, 0x04, 0x62, 0x04, 0xe3, 0x04, 0xc4, 0x05,
    0xe4, 0x06, 0x87, 0x0f, 0xb1, 0x67, 0xab, 0x2f, 0xa7, 0x0f, 0xaa, 0x27, 0xb2, 0x6f, 0xdd, 0xdf, 0xdc, 0xdf, 0xa7, 0x0f,
    0x46, 0x07, 0x04, 0x05, 0xc2, 0x03, 0x22, 0x03, 0x21, 0x02, 0x20, 0x01, 0xc0, 0x00, 0x60, 0x00, 0x40, 0x00, 0x00, 0x00,
    0x00, 0x00, 0x00, 0x00, 0x00, 0x00, 0x00, 0x00, 0x00, 0x00, 0x00, 0x00, 0x00, 0x00, 0x00, 0x00, 0x00, 0x00, 0x00, 0x00,
    0x00, 0x00, 0x00, 0x00, 0x00, 0x00, 0x00, 0x00, 0x00, 0x00, 0x00, 0x00, 0x00, 0x00, 0x00, 0x00, 0x00, 0x00, 0x00, 0x00,
    0x00, 0x00, 0x00, 0x00, 0x20, 0x00, 0x20, 0x08, 0x40, 0x08, 0xa0, 0x18, 0xe0, 0x20, 0x60, 0x31, 0x00, 0x52, 0x80, 0x62,
    0x00, 0x73, 0xa0, 0x8b, 0x20, 0xa4, 0x80, 0xd5, 0x00, 0xff, 0x84, 0xff, 0xda, 0xff, 0xde, 0xff, 0xd0, 0xff, 0xa5, 0xff,
    0x80, 0xff, 0x60, 0xff, 0x60, 0xff, 0x60, 0xff, 0x60, 0xff, 0x81, 0xff, 0xa6, 0xff, 0xd3, 0xff, 0xd5, 0xff, 0xa2, 0xff,
    0xe0, 0xfe, 0x60, 0xd5, 0x40, 0xa4, 0x80, 0x8b, 0xe0, 0x72, 0x80, 0x62, 0x00, 0x52, 0xa0, 0x41, 0x60, 0x31, 0x00, 0x29,
    0xc0, 0x20, 0x80, 0x18, 0x60, 0x10, 0x60, 0x10, 0x60, 0x08, 0x60, 0x08, 0x60, 0x08, 0x60, 0x10, 0x80, 0x10, 0x80, 0x10,
    0xa0, 0x18, 0x00, 0x29, 0x60, 0x39, 0xe0, 0x49, 0x40, 0x5a, 0xa0, 0x6a, 0x20, 0x7b, 0xc0, 0x93, 0x60, 0xac, 0xc0, 0xdd,
    0x40, 0xff, 0xa9, 0xff, 0xda, 0xff, 0xae, 0xff, 0x83, 0xff, 0x60, 0xff, 0x60, 0xff, 0x60, 0xff, 0x60, 0xff, 0x60, 0xff,
    0x82, 0xff, 0xaa, 0xff, 0xd9, 0xff, 0xdd, 0xff, 0x66, 0xff, 0xc0, 0xfe, 0x20, 0xc5, 0xe0, 0x93, 0x40, 0x7b, 0xa0, 0x62,
    0x20, 0x52, 0xc0, 0x41, 0x00, 0x29, 0xa0, 0x10, 0x60, 0x08, 0x20, 0x00, 0x20, 0x00, 0x20, 0x00, 0x00, 0x00, 0x00, 0x00,
    0x00, 0x00, 0x00, 0x00, 0x00, 0x00, 0x20, 0x00, 0x60, 0x00, 0xa0, 0x00, 0x00, 0x01, 0xa1, 0x01, 0xc1, 0x02, 0xa2, 0x03,
    0xc3, 0x04, 0x65, 0x0e, 0xa5, 0x07, 0xa9, 0x27, 0xdf, 0xf7, 0xdc, 0xdf, 0xb1, 0x77, 0xaa, 0x2f, 0xa7, 0x0f, 0xaa, 0x27,
    0xaf, 0x4f, 0xa6, 0x07, 0xe5, 0x06, 0xc4, 0x05, 0x23, 0x05, 0xc3, 0x04, 0x63, 0x04, 0x42, 0x04, 0x22, 0x04, 0x02, 0x04,
    0xe2, 0x03, 0xe2, 0x03, 0xe2, 0x03, 0x02, 0x04, 0x02, 0x04, 0x02, 0x04, 0x02, 0x04, 0x02, 0x04, 0x02, 0x04, 0x02, 0x04,
    0xe2, 0x03, 0xe2, 0x03, 0x02, 0x04, 0x22, 0x04, 0x22, 0x04, 0x02, 0x04, 0x02, 0x04, 0x02, 0x04, 0xe2, 0x03, 0xe2, 0x03,
    0xe2, 0x03, 0xe2, 0x03, 0xe2, 0x03, 0xe2, 0x03, 0xe2, 0x03, 0xe2, 0x03, 0xe2, 0x03, 0xe2, 0x03, 0xe2, 0x03, 0x02, 0x04,
    0x02, 0x04, 0x02, 0x04, 0x02, 0x04, 0x22, 0x04, 0x42, 0x04, 0x62, 0x04, 0xa3, 0x04, 0x03, 0x05, 0x63, 0x05, 0x24, 0x06,
    0x25, 0x07, 0x87, 0x0f, 0xb1, 0x5f, 0xab, 0x2f, 0xa7, 0x0f, 0xaa, 0x27, 0xb2, 0x6f, 0xdd, 0xe7, 0xdc, 0xdf, 0xa7, 0x0f,
    0x46, 0x07, 0x04, 0x05, 0xe2, 0x03, 0x02, 0x03, 0x01, 0x02, 0x00, 0x01, 0xc0, 0x00, 0x60, 0x00, 0x40, 0x00, 0x00, 0x00,
    0x00, 0x00, 0x00, 0x00, 0x00, 0x00, 0x00, 0x00, 0x00, 0x00, 0x00, 0x00, 0x00, 0x00, 0x00, 0x00, 0x00, 0x00, 0x00, 0x00,
    0x00, 0x00, 0x00, 0x00, 0x00, 0x00, 0x00, 0x00, 0x00, 0x00, 0x00, 0x00, 0x00, 0x00, 0x00, 0x00, 0x00, 0x00, 0x00, 0x00,
    0x00, 0x00, 0x00, 0x00, 0x20, 0x00, 0x40, 0x08, 0x60, 0x10, 0xc0, 0x20, 0x40, 0x31, 0xa0, 0x41, 0x60, 0x5a, 0xe0, 0x6a,
    0x60, 0x83, 0x20, 0x9c, 0x80, 0xd5, 0x20, 0xff, 0xa5, 0xff, 0xdc, 0xff, 0xdd, 0xff, 0xaf, 0xff, 0x84, 0xff, 0x80, 0xff,
    0x60, 0xff, 0x60, 0xff, 0x60, 0xff, 0x60, 0xff, 0x81, 0xff, 0xa7, 0xff, 0xd5, 0xff, 0xd2, 0xff, 0xa1, 0xff, 0xe0, 0xfe,
    0x20, 0xcd, 0x20, 0xa4, 0x80, 0x83, 0xe0, 0x72, 0x60, 0x62, 0x00, 0x52, 0xa0, 0x41, 0x40, 0x31, 0x00, 0x29, 0xc0, 0x18,
    0x80, 0x10, 0x60, 0x10, 0x40, 0x08, 0x40, 0x08, 0x40, 0x08, 0x40, 0x08, 0x40, 0x08, 0x40, 0x08, 0x60, 0x08, 0x60, 0x10,
    0x80, 0x10, 0xc0, 0x18, 0x00, 0x29, 0x60, 0x39, 0xc0, 0x49, 0x20, 0x52, 0xa0, 0x6a, 0x20, 0x7b, 0xc0, 0x93, 0x80, 0xac,
    0xe0, 0xdd, 0x40, 0xff, 0x89, 0xff, 0xda, 0xff, 0xad, 0xff, 0x83, 0xff, 0x80, 0xff, 0x60, 0xff, 0x40, 0xff, 0x40, 0xff,
    0x60, 0xff, 0x82, 0xff, 0xaa, 0xff, 0xd9, 0xff, 0xdd, 0xff, 0x66, 0xff, 0xc0, 0xfe, 0xe0, 0xc4, 0xc0, 0x93, 0x40, 0x7b,
    0x80, 0x62, 0x00, 0x4a, 0x40, 0x31, 0xc0, 0x18, 0x80, 0x10, 0x40, 0x08, 0x20, 0x00, 0x20, 0x00, 0x00, 0x00, 0x00, 0x00,
    0x00, 0x00, 0x00, 0x00, 0x00, 0x00, 0x40, 0x00, 0x60, 0x00, 0xa0, 0x00, 0x00, 0x01, 0xa1, 0x01, 0xc1, 0x02, 0xa2, 0x03,
    0xa3, 0x04, 0x65, 0x0e, 0xa5, 0x07, 0xa9, 0x27, 0xdf, 0xf7, 0xdc, 0xe7, 0xb1, 0x77, 0x8a, 0x27, 0xa7, 0x07, 0xaa, 0x27,
    0xaf, 0x4f, 0xa6, 0x0f, 0x65, 0x07, 0x85, 0x06, 0x04, 0x06, 0xa4, 0x05, 0x64, 0x05, 0x43, 0x05, 0x03, 0x05, 0xe3, 0x04,
    0xe3, 0x04, 0xe3, 0x04, 0x03, 0x05, 0x03, 0x05, 0x03, 0x05, 0x03, 0x05, 0x03, 0x05, 0x03, 0x05, 0x03, 0x05, 0x03, 0x05,
    0x03, 0x05, 0x03, 0x05, 0x03, 0x05, 0x03, 0x05, 0x03, 0x05, 0x03, 0x05, 0xe3, 0x04, 0xe3, 0x04, 0xe3, 0x04, 0xe3, 0x04,
    0x03, 0x05, 0x03, 0x05, 0x03, 0x05, 0xe3, 0x04, 0xe3, 0x04, 0xe3, 0x04, 0xc3, 0x04, 0xe3, 0x04, 0xe3, 0x04, 0xe3, 0x04,
    0x03, 0x05, 0x03, 0x05, 0x03, 0x05, 0x23, 0x05, 0x43, 0x05, 0x63, 0x05, 0xa4, 0x05, 0x04, 0x06, 0x64, 0x06, 0xe5, 0x06,
    0x65, 0x07, 0x87, 0x0f, 0xb1, 0x67, 0xab, 0x2f, 0xa7, 0x0f, 0xaa, 0x27, 0xb2, 0x6f, 0xdd, 0xe7, 0xdc, 0xdf, 0xa7, 0x0f,
    0x46, 0x07, 0x04, 0x05, 0xc2, 0x03, 0x02, 0x03, 0x01, 0x02, 0x20, 0x01, 0xc0, 0x00, 0x60, 0x00, 0x20, 0x00, 0x00, 0x00,
    0x00, 0x00, 0x00, 0x00, 0x00, 0x00, 0x00, 0x00, 0x00, 0x00, 0x00, 0x00, 0x00, 0x00, 0x00, 0x00, 0x00, 0x00, 0x00, 0x00,
    0x00, 0x00, 0x00, 0x00, 0x00, 0x00, 0x00, 0x00, 0x00, 0x00, 0x00, 0x00, 0x00, 0x00, 0x00, 0x00, 0x00, 0x00, 0x00, 0x00,
    0x00, 0x00, 0x00, 0x00, 0x20, 0x00, 0x40, 0x08, 0x80, 0x10, 0x00, 0x29, 0x60, 0x39, 0x00, 0x4a, 0xa0, 0x62, 0x40, 0x7b,
    0xe0, 0x93, 0x60, 0xd5, 0x20, 0xff, 0x88, 0xff, 0xdd, 0xff, 0xdb, 0xff, 0xce, 0xff, 0xa3, 0xff, 0x80, 0xff, 0x60, 0xff,
    0x60, 0xff, 0x60, 0xff, 0x60, 0xff, 0x81, 0xff, 0xa7, 0xff, 0xd6, 0xff, 0xd1, 0xff, 0x80, 0xff, 0xc0, 0xf6, 0x20, 0xcd,
    0x00, 0x9c, 0x60, 0x83, 0xc0, 0x6a, 0x60, 0x5a, 0x00, 0x52, 0xa0, 0x41, 0x20, 0x31, 0xe0, 0x20, 0xc0, 0x18, 0x80, 0x10,
    0x60, 0x10, 0x40, 0x08, 0x20, 0x08, 0x20, 0x00, 0x20, 0x00, 0x20, 0x00, 0x20, 0x00, 0x20, 0x00, 0x20, 0x08, 0x40, 0x08,
    0x60, 0x08, 0x80, 0x10, 0xc0, 0x18, 0x00, 0x29, 0x60, 0x39, 0xc0, 0x41, 0x20, 0x52, 0xa0, 0x6a, 0x20, 0x7b, 0xe0, 0x93,
    0x80, 0xac, 0xc0, 0xdd, 0x20, 0xff, 0x89, 0xff, 0xda, 0xff, 0xad, 0xff, 0x83, 0xff, 0x60, 0xff, 0x60, 0xff, 0x40, 0xff,
    0x60, 0xff, 0x60, 0xff, 0xa2, 0xff, 0xaa, 0xff, 0xd9, 0xff, 0xdd, 0xff, 0x86, 0xff, 0xc0, 0xfe, 0xe0, 0xbc, 0xa0, 0x8b,
    0x00, 0x73, 0x60, 0x5a, 0x80, 0x39, 0x00, 0x21, 0xa0, 0x18, 0x60, 0x08, 0x40, 0x00, 0x20, 0x00, 0x00, 0x00, 0x00, 0x00,
    0x00, 0x00, 0x00, 0x00, 0x20, 0x00, 0x40, 0x00, 0x60, 0x00, 0xa0, 0x00, 0x00, 0x01, 0xa1, 0x01, 0xa1, 0x02, 0x82, 0x03,
    0xa3, 0x04, 0x45, 0x0e, 0xa5, 0x07, 0xa9, 0x27, 0xdf, 0xf7, 0xdc, 0xe7, 0xb2, 0x77, 0x8a, 0x27, 0xa7, 0x07, 0xaa, 0x1f,
    0xaf, 0x4f, 0x85, 0x07, 0x85, 0x07, 0x65, 0x07, 0x24, 0x07, 0x04, 0x07, 0xe4, 0x06, 0xe4, 0x06, 0xc4, 0x06, 0xc4, 0x06,
    0xc4, 0x06, 0xc4, 0x06, 0xc4, 0x06, 0xc4, 0x06, 0xc4, 0x06, 0xc4, 0x06, 0xc4, 0x06, 0xc4, 0x06, 0xc4, 0x06, 0xc4, 0x06,
    0xc4, 0x06, 0xc4, 0x06, 0xc4, 0x06, 0xc4, 0x06, 0xc4, 0x06, 0xc4, 0x06, 0xc4, 0x06, 0xc4, 0x06, 0xc4, 0x06, 0xc4, 0x06,
    0xe4, 0x06, 0xe4, 0x06, 0xc4, 0x06, 0xc4, 0x06, 0xc4, 0x06, 0xc4, 0x06, 0xc4, 0x06, 0xc4, 0x06, 0xc4, 0x06, 0xc4, 0x06,
    0xc4, 0x06, 0xc4, 0x06, 0xe4, 0x06, 0xe4, 0x06, 0x04, 0x07, 0x04, 0x07, 0x04, 0x07, 0x24, 0x07, 0x65, 0x07, 0x65, 0x07,
    0x64, 0x07, 0x86, 0x07, 0xd1, 0x67, 0xab, 0x2f, 0xa7, 0x0f, 0xaa, 0x2f, 0xd2, 0x77, 0xdd, 0xe7, 0xdc, 0xdf, 0xa7, 0x0f,
    0x46, 0x07, 0x04, 0x05, 0xe2, 0x03, 0x02, 0x03, 0x01, 0x02, 0x20, 0x01, 0xc0, 0x00, 0x60, 0x00, 0x20, 0x00, 0x00, 0x00,
    0x00, 0x00, 0x00, 0x00, 0x00, 0x00, 0x00, 0x00, 0x00, 0x00, 0x00, 0x00, 0x00, 0x00, 0x00, 0x00, 0x00, 0x00, 0x00, 0x00,
    0x00, 0x00, 0x00, 0x00, 0x00, 0x00, 0x00, 0x00, 0x00, 0x00, 0x00, 0x00, 0x00, 0x00, 0x00, 0x00, 0x00, 0x00, 0x00, 0x00,
    0x00, 0x00, 0x00, 0x00, 0x20, 0x08, 0x60, 0x10, 0xa0, 0x18, 0x20, 0x29, 0xa0, 0x39, 0x20, 0x52, 0xe0, 0x6a, 0xa0, 0x8b,
    0xc0, 0xbc, 0xe0, 0xfe, 0xa7, 0xff, 0xde, 0xff, 0xda, 0xff, 0xcc, 0xff, 0xa3, 0xff, 0x80, 0xff, 0x60, 0xff, 0x60, 0xff,
    0x60, 0xff, 0x60, 0xff, 0x82, 0xff, 0xa9, 0xff, 0xd6, 0xff, 0xaf, 0xff, 0x80, 0xff, 0xa0, 0xf6, 0x00, 0xc5, 0x00, 0x9c,
    0x60, 0x83, 0xc0, 0x6a, 0x40, 0x5a, 0xe0, 0x49, 0xa0, 0x41, 0x40, 0x31, 0xe0, 0x20, 0xa0, 0x18, 0x80, 0x10, 0x60, 0x10,
    0x40, 0x08, 0x20, 0x00, 0x20, 0x00, 0x00, 0x00, 0x00, 0x00, 0x00, 0x00, 0x00, 0x00, 0x00, 0x00, 0x20, 0x00, 0x20, 0x08,
    0x40, 0x08, 0x60, 0x10, 0x80, 0x18, 0xc0, 0x18, 0x00, 0x29, 0x60, 0x39, 0xc0, 0x41, 0x40, 0x5a, 0xa0, 0x6a, 0x20, 0x7b,
    0xc0, 0x93, 0x60, 0xac, 0xc0, 0xdd, 0x20, 0xff, 0xa9, 0xff, 0xd9, 0xff, 0xad, 0xff, 0xa3, 0xff, 0x60, 0xff, 0x60, 0xff,
    0x60, 0xff, 0x60, 0xff, 0x60, 0xff, 0x82, 0xff, 0xa9, 0xff, 0xd9, 0xff, 0xdd, 0xff, 0x85, 0xff, 0x80, 0xf6, 0x40, 0xa4,
    0x40, 0x7b, 0xa0, 0x62, 0xc0, 0x41, 0x20, 0x29, 0xc0, 0x18, 0x60, 0x08, 0x40, 0x08, 0x20, 0x00, 0x20, 0x00, 0x00, 0x00,
    0x00, 0x00, 0x00, 0x00, 0x20, 0x00, 0x40, 0x00, 0x60, 0x00, 0xa0, 0x00, 0x00, 0x01, 0xa1, 0x01, 0xa1, 0x02, 0x62, 0x03,
    0x83, 0x04, 0x45, 0x06, 0xa5, 0x07, 0xa9, 0x27, 0xdf, 0xf7, 0xdc, 0xe7, 0xb2, 0x77, 0xaa, 0x27, 0xa7, 0x07, 0xa9, 0x17,
    0xb0, 0x5f, 0xaa, 0x2f, 0x88, 0x1f, 0x89, 0x1f, 0xa9, 0x1f, 0xa9, 0x1f, 0xa9, 0x1f, 0xa9, 0x1f, 0xa9, 0x1f, 0xa9, 0x1f,
    0xa9, 0x1f, 0xa8, 0x1f, 0x88, 0x1f, 0xa8, 0x1f, 0xa9, 0x1f, 0xa9, 0x1f, 0xa9, 0x1f, 0xa9, 0x1f, 0xa9, 0x1f, 0xa9, 0x1f,
    0xa9, 0x1f, 0xa9, 0x1f, 0xa9, 0x1f, 0xa9, 0x1f, 0xa9, 0x1f, 0xa8, 0x1f, 0xa9, 0x1f, 0xa9, 0x1f, 0xa8, 0x1f, 0xa8, 0x1f,
    0xa8, 0x1f, 0x88, 0x1f, 0x88, 0x1f, 0x88, 0x1f, 0xa8, 0x1f, 0xa8, 0x1f, 0xa8, 0x1f, 0xa9, 0x1f, 0xa8, 0x1f, 0xa8, 0x1f,
    0xa9, 0x1f, 0xa9, 0x1f, 0xa9, 0x1f, 0xa9, 0x1f, 0xa8, 0x1f, 0xa8, 0x1f, 0xa8, 0x1f, 0x89, 0x1f, 0x89, 0x1f, 0x89, 0x1f,
    0x68, 0x1f, 0x8c, 0x3f, 0xd3, 0x7f, 0xaa, 0x27, 0xa7, 0x0f, 0xaa, 0x27, 0xd2, 0x77, 0xdd, 0xe7, 0xdc, 0xdf, 0xc7, 0x0f,
    0x26, 0x07, 0x04, 0x05, 0xc2, 0x03, 0x02, 0x03, 0x01, 0x02, 0x20, 0x01, 0xc0, 0x00, 0x60, 0x00, 0x40, 0x00, 0x00, 0x00,
    0x00, 0x00, 0x00, 0x00, 0x00, 0x00, 0x00, 0x00, 0x00, 0x00, 0x00, 0x00, 0x00, 0x00, 0x00, 0x00, 0x00, 0x00, 0x00, 0x00,
    0x00, 0x00, 0x00, 0x00, 0x00, 0x00, 0x00, 0x00, 0x00, 0x00, 0x00, 0x00, 0x00, 0x00, 0x00, 0x00, 0x00, 0x00, 0x00, 0x00,
    0x00, 0x00, 0x20, 0x00, 0x40, 0x08, 0x60, 0x10, 0xa0, 0x18, 0x20, 0x29, 0xc0, 0x41, 0x40, 0x5a, 0x20, 0x73, 0xe0, 0x93,
    0xe0, 0xdd, 0x80, 0xff, 0xda, 0xff, 0xdc, 0xff, 0xac, 0xff, 0xa2, 0xff, 0x80, 0xff, 0x60, 0xff, 0x60, 0xff, 0x60, 0xff,
    0x60, 0xff, 0x82, 0xff, 0xab, 0xff, 0xd8, 0xff, 0xae, 0xff, 0x60, 0xff, 0x60, 0xee, 0xe0, 0xbc, 0x00, 0x9c, 0x60, 0x83,
    0xc0, 0x6a, 0x40, 0x5a, 0xe0, 0x49, 0x80, 0x41, 0x40, 0x31, 0x00, 0x29, 0xa0, 0x18, 0x80, 0x10, 0x60, 0x10, 0x40, 0x08,
    0x20, 0x08, 0x20, 0x00, 0x00, 0x00, 0x00, 0x00, 0x00, 0x00, 0x00, 0x00, 0x00, 0x00, 0x00, 0x00, 0x00, 0x00, 0x20, 0x00,
    0x20, 0x00, 0x40, 0x08, 0x60, 0x10, 0x80, 0x10, 0xa0, 0x18, 0xe0, 0x20, 0x40, 0x31, 0xc0, 0x41, 0x20, 0x52, 0xa0, 0x6a,
    0x20, 0x7b, 0xa0, 0x8b, 0x60, 0xac, 0xc0, 0xdd, 0x20, 0xff, 0x89, 0xff, 0xd9, 0xff, 0xae, 0xff, 0x83, 0xff, 0x80, 0xff,
    0x60, 0xff, 0x60, 0xff, 0x60, 0xff, 0x60, 0xff, 0x81, 0xff, 0xaa, 0xff, 0xdc, 0xff, 0xda, 0xff, 0x40, 0xff, 0x60, 0xd5,
    0xa0, 0x8b, 0x00, 0x73, 0x00, 0x4a, 0x40, 0x31, 0xe0, 0x20, 0x80, 0x10, 0x40, 0x08, 0x40, 0x00, 0x20, 0x00, 0x00, 0x00,
    0x00, 0x00, 0x00, 0x00, 0x00, 0x00, 0x20, 0x00, 0x60, 0x00, 0xa0, 0x00, 0xe0, 0x00, 0x81, 0x01, 0x81, 0x02, 0x62, 0x03,
    0x83, 0x04, 0x25, 0x0e, 0xa5, 0x07, 0xa9, 0x27, 0xdf, 0xf7, 0xdd, 0xe7, 0xb2, 0x7f, 0xaa, 0x27, 0xa7, 0x07, 0xa7, 0x0f,
    0xad, 0x37, 0xd4, 0x87, 0xb8, 0xaf, 0xd9, 0xb7, 0xd9, 0xbf, 0xd9, 0xbf, 0xb9, 0xbf, 0xb9, 0xbf, 0xb9, 0xbf, 0xd9, 0xbf,
    0xd9, 0xbf, 0xd9, 0xbf, 0xb9, 0xbf, 0xb9, 0xbf, 0xb9, 0xbf, 0xb9, 0xbf, 0xd9, 0xbf, 0xd9, 0xbf, 0xd9, 0xbf, 0xd9, 0xbf,
    0xda, 0xc7, 0xda, 0xc7, 0xb9, 0xc7, 0xb9, 0xc7, 0xd9, 0xc7, 0xb9, 0xc7, 0xda, 0xc7, 0xda, 0xc7, 0xda, 0xc7, 0xda, 0xc7,
    0xda, 0xbf, 0xb9, 0xbf, 0xb9, 0xbf, 0xd9, 0xc7, 0xda, 0xc7, 0xba, 0xc7, 0xb9, 0xbf, 0xd9, 0xbf, 0xd9, 0xbf, 0xb9, 0xbf,
    0xb9, 0xbf, 0xd9, 0xbf, 0xd9, 0xbf, 0xd9, 0xbf, 0xb9, 0xbf, 0xb9, 0xbf, 0xd9, 0xbf, 0xd9, 0xbf, 0xd9, 0xbf, 0xda, 0xbf,
    0xd9, 0xb7, 0xb5, 0x97, 0xae, 0x4f, 0xa9, 0x17, 0xa7, 0x0f, 0xaa, 0x2f, 0xb2, 0x77, 0xdd, 0xe7, 0xdc, 0xdf, 0xa7, 0x0f,
    0x26, 0x07, 0xe4, 0x04, 0xc3, 0x03, 0xe2, 0x02, 0xe1, 0x01, 0x00, 0x01, 0xa0, 0x00, 0x60, 0x00, 0x20, 0x00, 0x00, 0x00,
    0x00, 0x00, 0x00, 0x00, 0x00, 0x00, 0x00, 0x00, 0x00, 0x00, 0x00, 0x00, 0x00, 0x00, 0x00, 0x00, 0x00, 0x00, 0x00, 0x00,
    0x00, 0x00, 0x00, 0x00, 0x00, 0x00, 0x00, 0x00, 0x00, 0x00, 0x00, 0x00, 0x00, 0x00, 0x00, 0x00, 0x00, 0x00, 0x00, 0x00,
    0x00, 0x00, 0x20, 0x00, 0x40, 0x08, 0x60, 0x10, 0xa0, 0x18, 0x20, 0x31, 0xc0, 0x49, 0x60, 0x5a, 0x40, 0x7b, 0x40, 0xa4,
    0xa0, 0xf6, 0xa8, 0xff, 0xdf, 0xff, 0xb2, 0xff, 0xa4, 0xff, 0x80, 0xff, 0x60, 0xff, 0x60, 0xff, 0x60, 0xff, 0x60, 0xff,
    0x82, 0xff, 0xac, 0xff, 0xd8, 0xff, 0xac, 0xff, 0x60, 0xff, 0x40, 0xee, 0xa0, 0xbc, 0xe0, 0x9b, 0x60, 0x83, 0xc0, 0x6a,
    0x40, 0x5a, 0xe0, 0x49, 0xa0, 0x41, 0x40, 0x31, 0x00, 0x29, 0xc0, 0x20, 0x80, 0x10, 0x60, 0x10, 0x40, 0x08, 0x20, 0x08,
    0x20, 0x00, 0x00, 0x00, 0x00, 0x00, 0x00, 0x00, 0x00, 0x00, 0x00, 0x00, 0x00, 0x00, 0x00, 0x00, 0x00, 0x00, 0x00, 0x00,
    0x20, 0x00, 0x20, 0x00, 0x40, 0x08, 0x40, 0x08, 0x60, 0x10, 0xa0, 0x18, 0xe0, 0x20, 0x60, 0x31, 0xa0, 0x41, 0x20, 0x52,
    0xa0, 0x62, 0x20, 0x7b, 0xc0, 0x93, 0x60, 0xac, 0xc0, 0xdd, 0x20, 0xff, 0xa9, 0xff, 0xd9, 0xff, 0xad, 0xff, 0x83, 0xff,
    0x80, 0xff, 0x60, 0xff, 0x60, 0xff, 0x60, 0xff, 0x60, 0xff, 0xa3, 0xff, 0xaf, 0xff, 0xdf, 0xff, 0x89, 0xff, 0x80, 0xf6,
    0x20, 0xa4, 0x20, 0x73, 0x20, 0x52, 0x60, 0x31, 0xe0, 0x20, 0x80, 0x10, 0x60, 0x08, 0x40, 0x08, 0x20, 0x00, 0x00, 0x00,
    0x00, 0x00, 0x00, 0x00, 0x00, 0x00, 0x20, 0x00, 0x40, 0x00, 0x80, 0x00, 0xe0, 0x00, 0x81, 0x01, 0x81, 0x02, 0x62, 0x03,
    0x83, 0x04, 0x05, 0x06, 0xa5, 0x07, 0xa9, 0x27, 0xdf, 0xf7, 0xdd, 0xe7, 0xb3, 0x7f, 0xab, 0x27, 0xa7, 0x07, 0xa7, 0x07,
    0xa8, 0x0f, 0xab, 0x27, 0xad, 0x3f, 0xae, 0x4f, 0xaf, 0x4f, 0xaf, 0x4f, 0xaf, 0x4f, 0xaf, 0x4f, 0xaf, 0x4f, 0xaf, 0x4f,
    0xaf, 0x4f, 0xaf, 0x4f, 0xaf, 0x4f, 0xaf, 0x57, 0xaf, 0x57, 0xaf, 0x57, 0xaf, 0x57, 0xaf, 0x57, 0xaf, 0x57, 0xaf, 0x57,
    0xaf, 0x57, 0xaf, 0x57, 0xaf, 0x57, 0xaf, 0x57, 0xaf, 0x57, 0xaf, 0x57, 0xaf, 0x57, 0xd0, 0x57, 0xb0, 0x57, 0xb0, 0x57,
    0xb0, 0x57, 0xaf, 0x57, 0xaf, 0x57, 0xaf, 0x57, 0xaf, 0x57, 0xaf, 0x57, 0xaf, 0x57, 0xaf, 0x57, 0xaf, 0x57, 0xaf, 0x57,
    0xaf, 0x4f, 0xaf, 0x57, 0xaf, 0x57, 0xaf, 0x57, 0xaf, 0x4f, 0xaf, 0x4f, 0xaf, 0x4f, 0xaf, 0x4f, 0xaf, 0x4f, 0xaf, 0x4f,
    0xae, 0x4f, 0xab, 0x2f, 0x89, 0x17, 0xa7, 0x07, 0xa8, 0x0f, 0xab, 0x2f, 0xb2, 0x77, 0xdd, 0xe7, 0xdc, 0xdf, 0xc8, 0x0f,
    0x06, 0x07, 0xc4, 0x04, 0xa2, 0x03, 0xc2, 0x02, 0xc1, 0x01, 0xe0, 0x00, 0xa0, 0x00, 0x60, 0x00, 0x20, 0x00, 0x00, 0x00,
    0x00, 0x00, 0x00, 0x00, 0x00, 0x00, 0x00, 0x00, 0x00, 0x00, 0x00, 0x00, 0x00, 0x00, 0x00, 0x00, 0x00, 0x00, 0x00, 0x00,
    0x00, 0x00, 0x00, 0x00, 0x00, 0x00, 0x00, 0x00, 0x00, 0x00, 0x00, 0x00, 0x00, 0x00, 0x00, 0x00, 0x00, 0x00, 0x00, 0x00,
    0x00, 0x00, 0x20, 0x00, 0x40, 0x08, 0x60, 0x10, 0xa0, 0x18, 0x20, 0x31, 0xc0, 0x49, 0x60, 0x62, 0x40, 0x7b, 0x60, 0xac,
    0xe0, 0xf6, 0xae, 0xff, 0xde, 0xff, 0xac, 0xff, 0x80, 0xff, 0x60, 0xff, 0x60, 0xff, 0x60, 0xff, 0x80, 0xff, 0x83, 0xff,
    0xae, 0xff, 0xd8, 0xff, 0xaa, 0xff, 0x60, 0xff, 0x00, 0xe6, 0xa0, 0xb4, 0xc0, 0x93, 0x20, 0x7b, 0xc0, 0x6a, 0x40, 0x5a,
    0xe0, 0x49, 0x80, 0x39, 0x40, 0x31, 0x00, 0x29, 0xa0, 0x18, 0x80, 0x18, 0x60, 0x10, 0x40, 0x08, 0x20, 0x08, 0x00, 0x00,
    0x00, 0x00, 0x00, 0x00, 0x00, 0x00, 0x00, 0x00, 0x00, 0x00, 0x00, 0x00, 0x00, 0x00, 0x00, 0x00, 0x00, 0x00, 0x00, 0x00,
    0x00, 0x00, 0x00, 0x00, 0x20, 0x00, 0x20, 0x08, 0x40, 0x08, 0x60, 0x10, 0xa0, 0x18, 0x00, 0x29, 0x40, 0x31, 0xa0, 0x41,
    0x20, 0x52, 0x80, 0x62, 0x20, 0x7b, 0xa0, 0x8b, 0x60, 0xac, 0xc0, 0xdd, 0x40, 0xff, 0xa9, 0xff, 0xd9, 0xff, 0xae, 0xff,
    0xa3, 0xff, 0x80, 0xff, 0x60, 0xff, 0x60, 0xff, 0x60, 0xff, 0x80, 0xff, 0xa7, 0xff, 0xda, 0xff, 0xd2, 0xff, 0x20, 0xff,
    0x80, 0xb4, 0x20, 0x73, 0x40, 0x52, 0x80, 0x39, 0x00, 0x21, 0x80, 0x10, 0x60, 0x08, 0x40, 0x08, 0x20, 0x00, 0x00, 0x00,
    0x00, 0x00, 0x00, 0x00, 0x00, 0x00, 0x20, 0x00, 0x40, 0x00, 0x80, 0x00, 0xe0, 0x00, 0x81, 0x01, 0x61, 0x02, 0x42, 0x03,
    0x43, 0x04, 0xc4, 0x0d, 0x85, 0x07, 0xa9, 0x1f, 0xde, 0xf7, 0xde, 0xef, 0xb5, 0x97, 0xad, 0x3f, 0xa9, 0x17, 0xa7, 0x0f,
    0xa7, 0x07, 0xa7, 0x07, 0xa8, 0x0f, 0xa8, 0x0f, 0xa8, 0x0f, 0xa8, 0x0f, 0xa8, 0x0f, 0xa8, 0x17, 0xa8, 0x0f, 0xa8, 0x0f,
    0xa8, 0x0f, 0xa8, 0x17, 0xa8, 0x17, 0xa8, 0x17, 0xa9, 0x17, 0xa9, 0x17, 0xa8, 0x17, 0xa8, 0x17, 0xa8, 0x17, 0xa8, 0x17,
    0xa8, 0x17, 0xa9, 0x17, 0xa8, 0x17, 0xa8, 0x17, 0xa8, 0x17, 0xa8, 0x17, 0xa8, 0x17, 0xa8, 0x17, 0xa8, 0x17, 0xa8, 0x17,
    0xa9, 0x17, 0xa9, 0x17, 0xa9, 0x17, 0xa8, 0x17, 0xa8, 0x17, 0xa8, 0x17, 0xa8, 0x17, 0xa8, 0x17, 0xa8, 0x17, 0xa8, 0x17,
    0xa8, 0x17, 0xa8, 0x17, 0xa8, 0x17, 0xa8, 0x17, 0xa8, 0x17, 0xa8, 0x17, 0xa8, 0x17, 0xa8, 0x0f, 0xa8, 0x0f, 0xa8, 0x0f,
    0xa8, 0x0f, 0xa7, 0x0f, 0xa7, 0x07, 0xa7, 0x0f, 0xa9, 0x1f, 0xad, 0x47, 0xb4, 0x87, 0xde, 0xef, 0xdb, 0xdf, 0xc7, 0x07,
    0xc6, 0x06, 0x83, 0x04, 0x82, 0x03, 0xa1, 0x02, 0xc1, 0x01, 0xe0, 0x00, 0x80, 0x00, 0x60, 0x00, 0x20, 0x00, 0x00, 0x00,
    0x00, 0x00, 0x00, 0x00, 0x00, 0x00, 0x00, 0x00, 0x00, 0x00, 0x00, 0x00, 0x00, 0x00, 0x00, 0x00, 0x00, 0x00, 0x00, 0x00,
    0x00, 0x00, 0x00, 0x00, 0x00, 0x00, 0x00, 0x00, 0x00, 0x00, 0x00, 0x00, 0x00, 0x00, 0x00, 0x00, 0x00, 0x00, 0x00, 0x00,
    0x00, 0x00, 0x20, 0x00, 0x20, 0x08, 0x60, 0x10, 0xa0, 0x18, 0x20, 0x31, 0xc0, 0x49, 0x60, 0x5a, 0x20, 0x7b, 0x40, 0xac,
    0xe0, 0xf6, 0xac, 0xff, 0xde, 0xff, 0xac, 0xff, 0x81, 0xff, 0x80, 0xff, 0x60, 0xff, 0x80, 0xff, 0xa3, 0xff, 0xaf, 0xff,
    0xd8, 0xff, 0xa8, 0xff, 0x60, 0xff, 0xe0, 0xe5, 0x60, 0xac, 0xc0, 0x8b, 0x00, 0x73, 0xa0, 0x62, 0x20, 0x52, 0xc0, 0x41,
    0x80, 0x39, 0x20, 0x29, 0xe0, 0x20, 0xa0, 0x18, 0x80, 0x10, 0x40, 0x08, 0x40, 0x08, 0x20, 0x00, 0x00, 0x00, 0x00, 0x00,
    0x00, 0x00, 0x00, 0x00, 0x00, 0x00, 0x00, 0x00, 0x00, 0x00, 0x00, 0x00, 0x00, 0x00, 0x00, 0x00, 0x00, 0x00, 0x00, 0x00,
    0x00, 0x00, 0x00, 0x00, 0x00, 0x00, 0x20, 0x00, 0x20, 0x08, 0x40, 0x08, 0x60, 0x10, 0xa0, 0x18, 0xe0, 0x20, 0x40, 0x31,
    0xa0, 0x41, 0x00, 0x4a, 0x80, 0x62, 0x00, 0x73, 0xc0, 0x8b, 0x80, 0xac, 0xc1, 0xdd, 0x20, 0xff, 0x89, 0xff, 0xda, 0xff,
    0xae, 0xff, 0x82, 0xff, 0x60, 0xff, 0x60, 0xff, 0x60, 0xff, 0x80, 0xff, 0xa7, 0xff, 0xda, 0xff, 0xd4, 0xff, 0x20, 0xff,
    0x80, 0xb4, 0x00, 0x73, 0x20, 0x52, 0x80, 0x39, 0x00, 0x29, 0x80, 0x10, 0x60, 0x08, 0x40, 0x08, 0x20, 0x00, 0x00, 0x00,
    0x00, 0x00, 0x00, 0x00, 0x00, 0x00, 0x20, 0x00, 0x40, 0x00, 0x80, 0x00, 0xe0, 0x00, 0x81, 0x01, 0x61, 0x02, 0x22, 0x03,
    0x23, 0x04, 0x44, 0x05, 0x46, 0x07, 0xa6, 0x07, 0xbb, 0xcf, 0xdf, 0xff, 0xd9, 0xc7, 0xb3, 0x7f, 0xae, 0x47, 0xab, 0x27,
    0xaa, 0x1f, 0xaa, 0x1f, 0xaa, 0x1f, 0xaa, 0x1f, 0xaa, 0x1f, 0xaa, 0x1f, 0xaa, 0x27, 0xaa, 0x27, 0xaa, 0x1f, 0xaa, 0x27,
    0xaa, 0x27, 0xaa, 0x27, 0xaa, 0x27, 0xaa, 0x27, 0xaa, 0x27, 0xaa, 0x27, 0xaa, 0x27, 0xaa, 0x27, 0xaa, 0x27, 0xaa, 0x27,
    0xaa, 0x27, 0xaa, 0x27, 0xaa, 0x27, 0xaa, 0x27, 0xaa, 0x27, 0xaa, 0x27, 0xaa, 0x1f, 0xaa, 0x1f, 0xaa, 0x1f, 0xaa, 0x27,
    0xaa, 0x27, 0xaa, 0x27, 0xaa, 0x27, 0xaa, 0x27, 0xaa, 0x27, 0xaa, 0x27, 0xaa, 0x27, 0xaa, 0x27, 0xaa, 0x27, 0xaa, 0x27,
    0xaa, 0x27, 0xaa, 0x27, 0xaa, 0x1f, 0xaa, 0x1f, 0xaa, 0x1f, 0xaa, 0x1f, 0xaa, 0x1f, 0xaa, 0x1f, 0xaa, 0x1f, 0xaa, 0x1f,
    0xaa, 0x1f, 0xaa, 0x1f, 0xaa, 0x1f, 0xaa, 0x27, 0xad, 0x3f, 0xb2, 0x77, 0xd9, 0xb7, 0xdf, 0xff, 0xd7, 0xa7, 0xc6, 0x07,
    0x66, 0x0e, 0x43, 0x04, 0x42, 0x03, 0x81, 0x02, 0xa1, 0x01, 0xc0, 0x00, 0x80, 0x00, 0x40, 0x00, 0x20, 0x00, 0x00, 0x00,
    0x00, 0x00, 0x00, 0x00, 0x00, 0x00, 0x00, 0x00, 0x00, 0x00, 0x00, 0x00, 0x00, 0x00, 0x00, 0x00, 0x00, 0x00, 0x00, 0x00,
    0x00, 0x00, 0x00, 0x00, 0x00, 0x00, 0x00, 0x00, 0x00, 0x00, 0x00, 0x00, 0x00, 0x00, 0x00, 0x00, 0x00, 0x00, 0x00, 0x00,
    0x00, 0x00, 0x20, 0x00, 0x20, 0x08, 0x60, 0x08, 0x80, 0x18, 0x20, 0x29, 0xa0, 0x41, 0x20, 0x52, 0x00, 0x73, 0xe0, 0x9b,
    0x60, 0xee, 0x84, 0xff, 0xdd, 0xff, 0xd5, 0xff, 0xa7, 0xff, 0xa1, 0xff, 0x81, 0xff, 0xa5, 0xff, 0xd1, 0xff, 0xd9, 0xff,
    0xa6, 0xff, 0x20, 0xff, 0xc0, 0xdd, 0x60, 0xac, 0xa0, 0x8b, 0x00, 0x73, 0x80, 0x62, 0x20, 0x52, 0xc0, 0x41, 0x60, 0x39,
    0x20, 0x29, 0xe0, 0x20, 0xa0, 0x18, 0x80, 0x10, 0x40, 0x08, 0x40, 0x08, 0x20, 0x00, 0x00, 0x00, 0x00, 0x00, 0x00, 0x00,
    0x00, 0x00, 0x00, 0x00, 0x00, 0x00, 0x00, 0x00, 0x00, 0x00, 0x00, 0x00, 0x00, 0x00, 0x00, 0x00, 0x00, 0x00, 0x00, 0x00,
    0x00, 0x00, 0x00, 0x00, 0x00, 0x00, 0x00, 0x00, 0x20, 0x00, 0x40, 0x08, 0x40, 0x08, 0x60, 0x10, 0xa0, 0x18, 0x00, 0x21,
    0x40, 0x31, 0xa0, 0x41, 0x20, 0x52, 0x80, 0x62, 0x00, 0x73, 0xa0, 0x8b, 0x40, 0xa4, 0xc0, 0xdd, 0x40, 0xff, 0x89, 0xff,
    0xd8, 0xff, 0xae, 0xff, 0x84, 0xff, 0x80, 0xff, 0x80, 0xff, 0x82, 0xff, 0xad, 0xff, 0xdf, 0xff, 0xcc, 0xff, 0xa0, 0xf6,
    0x20, 0xa4, 0x00, 0x73, 0x20, 0x52, 0x60, 0x39, 0x00, 0x21, 0x80, 0x10, 0x60, 0x08, 0x40, 0x08, 0x20, 0x00, 0x00, 0x00,
    0x00, 0x00, 0x00, 0x00, 0x00, 0x00, 0x20, 0x00, 0x40, 0x00, 0x80, 0x00, 0xe0, 0x00, 0x60, 0x01, 0x21, 0x02, 0xe2, 0x02,
    0xe3, 0x03, 0xc3, 0x04, 0x86, 0x0e, 0x85, 0x07, 0x90, 0x67, 0xdf, 0xff, 0xde, 0xf7, 0xda, 0xc7, 0xb4, 0x8f, 0xb1, 0x6f,
    0xb0, 0x67, 0xb0, 0x67, 0xb0, 0x67, 0xb0, 0x67, 0xb0, 0x67, 0xb0, 0x67, 0xb1, 0x67, 0xb1, 0x67, 0xb1, 0x67, 0xb1, 0x67,
    0xb1, 0x67, 0xb0, 0x67, 0x90, 0x67, 0xb0, 0x67, 0xb0, 0x67, 0xb0, 0x67, 0xb0, 0x67, 0xb0, 0x67, 0xb0, 0x67, 0xb1, 0x67,
    0xb1, 0x67, 0xb1, 0x67, 0xb0, 0x67, 0xb0, 0x67, 0xb0, 0x67, 0x90, 0x5f, 0xb0, 0x5f, 0xb0, 0x5f, 0xb0, 0x67, 0xb0, 0x67,
    0xb0, 0x67, 0xb0, 0x67, 0xb0, 0x67, 0xb0, 0x67, 0xb0, 0x67, 0xb0, 0x67, 0xb0, 0x67, 0xb0, 0x67, 0xb0, 0x67, 0xb0, 0x67,
    0x90, 0x5f, 0xb0, 0x5f, 0xb0, 0x67, 0xb0, 0x5f, 0xb0, 0x5f, 0xb0, 0x5f, 0xb0, 0x67, 0xb0, 0x67, 0xb0, 0x67, 0xb0, 0x67,
    0xb0, 0x5f, 0xb1, 0x67, 0xb1, 0x67, 0xb1, 0x6f, 0xb3, 0x7f, 0xd8, 0xb7, 0xde, 0xf7, 0xdf, 0xff, 0xac, 0x37, 0xa6, 0x07,
    0x85, 0x0d, 0x03, 0x04, 0x02, 0x03, 0x41, 0x02, 0x61, 0x01, 0xa0, 0x00, 0x80, 0x00, 0x40, 0x00, 0x20, 0x00, 0x00, 0x00,
    0x00, 0x00, 0x00, 0x00, 0x00, 0x00, 0x00, 0x00, 0x00, 0x00, 0x00, 0x00, 0x00, 0x00, 0x00, 0x00, 0x00, 0x00, 0x00, 0x00,
    0x00, 0x00, 0x00, 0x00, 0x00, 0x00, 0x00, 0x00, 0x00, 0x00, 0x00, 0x00, 0x00, 0x00, 0x00, 0x00, 0x00, 0x00, 0x00, 0x00,
    0x00, 0x00, 0x00, 0x00, 0x20, 0x08, 0x40, 0x08, 0x80, 0x10, 0x00, 0x29, 0x60, 0x39, 0xe0, 0x49, 0xa0, 0x62, 0x60, 0x83,
    0x00, 0xc5, 0x00, 0xff, 0x8c, 0xf7, 0xff, 0xff, 0xd7, 0xff, 0xd0, 0xff, 0xb0, 0xff, 0xd6, 0xff, 0xd6, 0xff, 0xa5, 0xff,
    0x20, 0xff, 0x80, 0xd5, 0x20, 0xa4, 0xa0, 0x8b, 0x00, 0x73, 0x80, 0x62, 0x00, 0x52, 0xa0, 0x41, 0x40, 0x31, 0x00, 0x29,
    0xc0, 0x20, 0x80, 0x18, 0x60, 0x10, 0x40, 0x08, 0x20, 0x08, 0x20, 0x00, 0x00, 0x00, 0x00, 0x00, 0x00, 0x00, 0x00, 0x00,
    0x00, 0x00, 0x00, 0x00, 0x00, 0x00, 0x00, 0x00, 0x00, 0x00, 0x00, 0x00, 0x00, 0x00, 0x00, 0x00, 0x00, 0x00, 0x00, 0x00,
    0x00, 0x00, 0x00, 0x00, 0x00, 0x00, 0x00, 0x00, 0x00, 0x00, 0x20, 0x00, 0x20, 0x08, 0x40, 0x08, 0x60, 0x10, 0xa0, 0x18,
    0xe0, 0x20, 0x40, 0x31, 0xc0, 0x41, 0x00, 0x52, 0x80, 0x62, 0xe0, 0x72, 0xa0, 0x8b, 0x60, 0xa4, 0xc0, 0xdd, 0x20, 0xff,
    0x88, 0xff, 0xda, 0xff, 0xd3, 0xff, 0xa9, 0xff, 0xa7, 0xff, 0xad, 0xff, 0xdb, 0xff, 0xd9, 0xff, 0x81, 0xff, 0xe0, 0xdd,
    0x80, 0x8b, 0xe0, 0x6a, 0xe0, 0x49, 0x40, 0x31, 0xe0, 0x20, 0x80, 0x10, 0x40, 0x08, 0x40, 0x00, 0x20, 0x00, 0x00, 0x00,
    0x00, 0x00, 0x00, 0x00, 0x00, 0x00, 0x20, 0x00, 0x40, 0x00, 0x60, 0x00, 0xc0, 0x00, 0x40, 0x01, 0xc1, 0x01, 0x61, 0x02,
    0x42, 0x03, 0x23, 0x04, 0x44, 0x05, 0x46, 0x07, 0xc6, 0x07, 0xd5, 0x97, 0xdf, 0xff, 0xdf, 0xff, 0xde, 0xef, 0xdc, 0xdf,
    0xdb, 0xd7, 0xdb, 0xd7, 0xdb, 0xd7, 0xdb, 0xd7, 0xdb, 0xd7, 0xdb, 0xd7, 0xdb, 0xd7, 0xdb, 0xd7, 0xdb, 0xd7, 0xdb, 0xd7,
    0xdb, 0xd7, 0xdb, 0xd7, 0xdb, 0xd7, 0xdb, 0xcf, 0xdb, 0xcf, 0xdb, 0xcf, 0xdb, 0xcf, 0xdb, 0xcf, 0xdb, 0xcf, 0xdb, 0xcf,
    0xdb, 0xd7, 0xdb, 0xd7, 0xdb, 0xd7, 0xdb, 0xcf, 0xdb, 0xcf, 0xdb, 0xcf, 0xdb, 0xcf, 0xdb, 0xcf, 0xdb, 0xcf, 0xdb, 0xcf,
    0xdb, 0xcf, 0xdb, 0xcf, 0xdb, 0xd7, 0xdb, 0xcf, 0xdb, 0xcf, 0xdb, 0xcf, 0xdb, 0xcf, 0xdb, 0xcf, 0xdb, 0xcf, 0xdb, 0xcf,
    0xdb, 0xcf, 0xdb, 0xcf, 0xdb, 0xcf, 0xdb, 0xd7, 0xdb, 0xcf, 0xdb, 0xcf, 0xdb, 0xd7, 0xdb, 0xd7, 0xdb, 0xd7, 0xdb, 0xd7,
    0xdb, 0xd7, 0xdb, 0xd7, 0xdb, 0xd7, 0xdc, 0xdf, 0xdd, 0xe7, 0xdf, 0xff, 0xdf, 0xff, 0xb1, 0x6f, 0xe6, 0x07, 0xa6, 0x06,
    0x83, 0x04, 0xa3, 0x03, 0xa2, 0x02, 0xe1, 0x01, 0x20, 0x01, 0xa0, 0x00, 0x60, 0x00, 0x40, 0x00, 0x20, 0x00, 0x00, 0x00,
    0x00, 0x00, 0x00, 0x00, 0x00, 0x00, 0x00, 0x00, 0x00, 0x00, 0x00, 0x00, 0x00, 0x00, 0x00, 0x00, 0x00, 0x00, 0x00, 0x00,
    0x00, 0x00, 0x00, 0x00, 0x00, 0x00, 0x00, 0x00, 0x00, 0x00, 0x00, 0x00, 0x00, 0x00, 0x00, 0x00, 0x00, 0x00, 0x00, 0x00,
    0x00, 0x00, 0x00, 0x00, 0x20, 0x00, 0x40, 0x08, 0x60, 0x10, 0xc0, 0x20, 0x40, 0x31, 0xa0, 0x41, 0x40, 0x5a, 0xe0, 0x6a,
    0x80, 0x8b, 0xa0, 0xdd, 0x80, 0xff, 0xa8, 0xff, 0xb5, 0xff, 0xd8, 0xff, 0xd7, 0xff, 0xae, 0xff, 0x61, 0xff, 0xe0, 0xf6,
    0x60, 0xd5, 0x40, 0xa4, 0x80, 0x83, 0xe0, 0x72, 0x80, 0x62, 0x00, 0x52, 0xa0, 0x41, 0x60, 0x31, 0x00, 0x29, 0xc0, 0x18,
    0x80, 0x10, 0x60, 0x10, 0x40, 0x08, 0x20, 0x08, 0x20, 0x00, 0x00, 0x00, 0x00, 0x00, 0x00, 0x00, 0x00, 0x00, 0x00, 0x00,
    0x00, 0x00, 0x00, 0x00, 0x00, 0x00, 0x00, 0x00, 0x00, 0x00, 0x00, 0x00, 0x00, 0x00, 0x00, 0x00, 0x00, 0x00, 0x00, 0x00,
    0x00, 0x00, 0x00, 0x00, 0x00, 0x00, 0x00, 0x00, 0x00, 0x00, 0x00, 0x00, 0x20, 0x00, 0x20, 0x08, 0x40, 0x08, 0x80, 0x10,
    0xa0, 0x18, 0xe0, 0x20, 0x60, 0x39, 0xa0, 0x41, 0x00, 0x4a, 0x60, 0x5a, 0xe0, 0x72, 0xa0, 0x8b, 0x20, 0xa4, 0xa0, 0xd5,
    0x40, 0xff, 0xa6, 0xff, 0xb4, 0xff, 0xd9, 0xff, 0xda, 0xff, 0xdb, 0xff, 0xb5, 0xf7, 0x83, 0xff, 0xe0, 0xfe, 0xa0, 0xb4,
    0x20, 0x7b, 0x80, 0x5a, 0xa0, 0x41, 0x20, 0x29, 0xc0, 0x18, 0x60, 0x10, 0x40, 0x08, 0x20, 0x00, 0x00, 0x00, 0x00, 0x00,
    0x00, 0x00, 0x00, 0x00, 0x00, 0x00, 0x00, 0x00, 0x20, 0x00, 0x40, 0x00, 0xa0, 0x00, 0x00, 0x01, 0x60, 0x01, 0xe1, 0x01,
    0xc2, 0x02, 0xa2, 0x03, 0x63, 0x04, 0xc5, 0x05, 0xa7, 0x0f, 0xc6, 0x07, 0xad, 0x4f, 0xb8, 0xb7, 0xdc, 0xdf, 0xdc, 0xdf,
    0xdc, 0xdf, 0xdc, 0xdf, 0xdc, 0xdf, 0xdc, 0xdf, 0xdc, 0xdf, 0xdc, 0xdf, 0xdc, 0xdf, 0xdc, 0xdf, 0xdc, 0xdf, 0xdc, 0xdf,
    0xdc, 0xdf, 0xdc, 0xdf, 0xdc, 0xdf, 0xdc, 0xdf, 0xdc, 0xdf, 0xdc, 0xdf, 0xdc, 0xdf, 0xdc, 0xdf, 0xdc, 0xdf, 0xdc, 0xdf,
    0xdc, 0xdf, 0xdc, 0xdf, 0xdc, 0xdf, 0xdc, 0xdf, 0xdc, 0xdf, 0xdc, 0xdf, 0xdc, 0xdf, 0xdc, 0xdf, 0xdc, 0xdf, 0xdc, 0xdf,
    0xdc, 0xdf, 0xdc, 0xdf, 0xdc, 0xdf, 0xdc, 0xdf, 0xdc, 0xdf, 0xdc, 0xdf, 0xdc, 0xdf, 0xdc, 0xdf, 0xdc, 0xdf, 0xdc, 0xdf,
    0xdc, 0xdf, 0xdc, 0xdf, 0xdc, 0xdf, 0xdc, 0xdf, 0xdc, 0xdf, 0xdc, 0xdf, 0xdc, 0xdf, 0xdc, 0xdf, 0xdc, 0xdf, 0xdc, 0xdf,
    0xdc, 0xdf, 0xdc, 0xdf, 0xdc, 0xdf, 0xdc, 0xdf, 0xdc, 0xd7, 0xb7, 0xa7, 0x8c, 0x3f, 0xe6, 0x07, 0x27, 0x0f, 0xe4, 0x04,
    0xe3, 0x03, 0x22, 0x03, 0x41, 0x02, 0xa1, 0x01, 0x00, 0x01, 0x80, 0x00, 0x40, 0x00, 0x20, 0x00, 0x00, 0x00, 0x00, 0x00,
    0x00, 0x00, 0x00, 0x00, 0x00, 0x00, 0x00, 0x00, 0x00, 0x00, 0x00, 0x00, 0x00, 0x00, 0x00, 0x00, 0x00, 0x00, 0x00, 0x00,
    0x00, 0x00, 0x00, 0x00, 0x00, 0x00, 0x00, 0x00, 0x00, 0x00, 0x00, 0x00, 0x00, 0x00, 0x00, 0x00, 0x00, 0x00, 0x00, 0x00,
    0x00, 0x00, 0x00, 0x00, 0x20, 0x00, 0x20, 0x08, 0x60, 0x08, 0xa0, 0x18, 0x00, 0x29, 0x60, 0x39, 0xe0, 0x49, 0x40, 0x5a,
    0x00, 0x73, 0xe0, 0x93, 0x60, 0xcd, 0xa0, 0xf6, 0x40, 0xff, 0x80, 0xff, 0x80, 0xff, 0x20, 0xff, 0x20, 0xe6, 0xa0, 0xb4,
    0x00, 0x94, 0x80, 0x83, 0xe0, 0x72, 0x60, 0x5a, 0x00, 0x52, 0xa0, 0x41, 0x40, 0x31, 0x00, 0x29, 0xc0, 0x20, 0x80, 0x10,
    0x60, 0x10, 0x40, 0x08, 0x20, 0x08, 0x20, 0x00, 0x00, 0x00, 0x00, 0x00, 0x00, 0x00, 0x00, 0x00, 0x00, 0x00, 0x00, 0x00,
    0x00, 0x00, 0x00, 0x00, 0x00, 0x00, 0x00, 0x00, 0x00, 0x00, 0x00, 0x00, 0x00, 0x00, 0x00, 0x00, 0x00, 0x00, 0x00, 0x00,
    0x00, 0x00, 0x00, 0x00, 0x00, 0x00, 0x00, 0x00, 0x00, 0x00, 0x00, 0x00, 0x00, 0x00, 0x20, 0x00, 0x20, 0x08, 0x40, 0x08,
    0x80, 0x10, 0xa0, 0x18, 0x00, 0x29, 0x40, 0x31, 0x80, 0x41, 0xe0, 0x49, 0x60, 0x5a, 0xe0, 0x6a, 0x60, 0x83, 0x00, 0x9c,
    0x40, 0xcd, 0xc0, 0xf6, 0x40, 0xff, 0xa5, 0xff, 0xa8, 0xff, 0x84, 0xff, 0x40, 0xff, 0xa0, 0xf6, 0xc0, 0xbc, 0x80, 0x83,
    0xc0, 0x6a, 0x00, 0x52, 0x60, 0x31, 0xe0, 0x20, 0xa0, 0x10, 0x60, 0x08, 0x40, 0x08, 0x20, 0x00, 0x00, 0x00, 0x00, 0x00,
    0x00, 0x00, 0x00, 0x00, 0x00, 0x00, 0x00, 0x00, 0x20, 0x00, 0x40, 0x00, 0x80, 0x00, 0xc0, 0x00, 0x20, 0x01, 0x81, 0x01,
    0x41, 0x02, 0xe2, 0x02, 0xa3, 0x03, 0x63, 0x04, 0x64, 0x05, 0x06, 0x07, 0xc5, 0x07, 0xe6, 0x07, 0xc7, 0x0f, 0xc7, 0x0f,
    0xc7, 0x0f, 0xc7, 0x0f, 0xc7, 0x0f, 0xc7, 0x0f, 0xc7, 0x0f, 0xc7, 0x0f, 0xc7, 0x0f, 0xc7, 0x0f, 0xc7, 0x0f, 0xc7, 0x0f,
    0xc7, 0x0f, 0xc7, 0x0f, 0xc7, 0x0f, 0xa7, 0x0f, 0xc7, 0x0f, 0xc7, 0x0f, 0xc7, 0x0f, 0xc7, 0x0f, 0xc7, 0x0f, 0xc7, 0x0f,
    0xc7, 0x0f, 0xc7, 0x0f, 0xc7, 0x0f, 0xc7, 0x0f, 0xc7, 0x0f, 0xc7, 0x0f, 0xc7, 0x0f, 0xc7, 0x0f, 0xc7, 0x0f, 0xc7, 0x0f,
    0xc7, 0x0f, 0xc7, 0x0f, 0xc7, 0x0f, 0xc7, 0x0f, 0xc7, 0x0f, 0xc7, 0x0f, 0xc7, 0x0f, 0xc7, 0x0f, 0xc7, 0x0f, 0xc7, 0x0f,
    0xc7, 0x0f, 0xc7, 0x0f, 0xa7, 0x0f, 0xa7, 0x0f, 0xc7, 0x0f, 0xc7, 0x0f, 0xc7, 0x0f, 0xc7, 0x0f, 0xc7, 0x0f, 0xc7, 0x0f,
    0xc7, 0x0f, 0xc7, 0x07, 0xc7, 0x0f, 0xc7, 0x0f, 0xc7, 0x0f, 0xc6, 0x07, 0xa5, 0x07, 0xa6, 0x0e, 0xe4, 0x04, 0x03, 0x04,
    0x42, 0x03, 0x81, 0x02, 0xa1, 0x01, 0x20, 0x01, 0xc0, 0x00, 0x60, 0x00, 0x40, 0x00, 0x20, 0x00, 0x00, 0x00, 0x00, 0x00,
    0x00, 0x00, 0x00, 0x00, 0x00, 0x00, 0x00, 0x00, 0x00, 0x00, 0x00, 0x00, 0x00, 0x00, 0x00, 0x00, 0x00, 0x00, 0x00, 0x00,
    0x00, 0x00, 0x00, 0x00, 0x00, 0x00, 0x00, 0x00, 0x00, 0x00, 0x00, 0x00, 0x00, 0x00, 0x00, 0x00, 0x00, 0x00, 0x00, 0x00,
    0x00, 0x00, 0x00, 0x00, 0x00, 0x00, 0x20, 0x00, 0x40, 0x08, 0x60, 0x10, 0xa0, 0x18, 0x00, 0x29, 0x80, 0x39, 0xe0, 0x49,
    0x60, 0x5a, 0x00, 0x73, 0x40, 0x83, 0x00, 0xa4, 0x00, 0xc5, 0x60, 0xcd, 0x20, 0xc5, 0xa0, 0xb4, 0x00, 0x9c, 0x80, 0x8b,
    0x20, 0x7b, 0xa0, 0x6a, 0x60, 0x5a, 0xe0, 0x49, 0x80, 0x41, 0x40, 0x31, 0xe0, 0x20, 0xa0, 0x18, 0x60, 0x10, 0x40, 0x08,
    0x40, 0x08, 0x20, 0x08, 0x20, 0x00, 0x00, 0x00, 0x00, 0x00, 0x00, 0x00, 0x00, 0x00, 0x00, 0x00, 0x00, 0x00, 0x00, 0x00,
    0x00, 0x00, 0x00, 0x00, 0x00, 0x00, 0x00, 0x00, 0x00, 0x00, 0x00, 0x00, 0x00, 0x00, 0x00, 0x00, 0x00, 0x00, 0x00, 0x00,
    0x00, 0x00, 0x00, 0x00, 0x00, 0x00, 0x00, 0x00, 0x00, 0x00, 0x00, 0x00, 0x00, 0x00, 0x00, 0x00, 0x20, 0x00, 0x40, 0x08,
    0x60, 0x08, 0x80, 0x10, 0xa0, 0x18, 0xe0, 0x20, 0x20, 0x29, 0x60, 0x39, 0xc0, 0x41, 0x40, 0x52, 0xa0, 0x6a, 0x40, 0x7b,
    0xa0, 0x8b, 0x60, 0xac, 0x80, 0xd5, 0x40, 0xe6, 0x60, 0xee, 0x00, 0xe6, 0x60, 0xcd, 0x20, 0xa4, 0x40, 0x83, 0xa0, 0x6a,
    0x20, 0x52, 0xa0, 0x41, 0x20, 0x29, 0xa0, 0x18, 0x60, 0x10, 0x40, 0x08, 0x20, 0x00, 0x20, 0x00, 0x00, 0x00, 0x00, 0x00,
    0x00, 0x00, 0x00, 0x00, 0x00, 0x00, 0x00, 0x00, 0x00, 0x00, 0x20, 0x00, 0x60, 0x00, 0x80, 0x00, 0xe0, 0x00, 0x20, 0x01,
    0xa1, 0x01, 0x21, 0x02, 0xa2, 0x02, 0x42, 0x03, 0xe2, 0x03, 0xa3, 0x04, 0xe5, 0x0d, 0xa6, 0x0e, 0xe5, 0x06, 0x05, 0x07,
    0x26, 0x07, 0x26, 0x07, 0x25, 0x07, 0x46, 0x07, 0x46, 0x07, 0x46, 0x07, 0x46, 0x07, 0x46, 0x07, 0x45, 0x07, 0x45, 0x07,
    0x46, 0x07, 0x46, 0x07, 0x46, 0x07, 0x25, 0x07, 0x25, 0x07, 0x25, 0x07, 0x46, 0x07, 0x46, 0x07, 0x46, 0x07, 0x46, 0x07,
    0x46, 0x07, 0x46, 0x07, 0x46, 0x07, 0x46, 0x07, 0x46, 0x07, 0x46, 0x07, 0x46, 0x07, 0x46, 0x07, 0x46, 0x07, 0x46, 0x07,
    0x46, 0x07, 0x46, 0x07, 0x46, 0x07, 0x45, 0x07, 0x46, 0x07, 0x46, 0x07, 0x46, 0x07, 0x46, 0x07, 0x46, 0x07, 0x45, 0x07,
    0x46, 0x07, 0x26, 0x07, 0x25, 0x07, 0x25, 0x07, 0x25, 0x07, 0x46, 0x07, 0x46, 0x07, 0x46, 0x07, 0x26, 0x07, 0x26, 0x07,
    0x25, 0x07, 0x26, 0x07, 0x26, 0x07, 0x06, 0x07, 0xe6, 0x06, 0x66, 0x0e, 0x64, 0x05, 0x63, 0x04, 0xc3, 0x03, 0x22, 0x03,
    0x81, 0x02, 0xc1, 0x01, 0x00, 0x01, 0xa0, 0x00, 0x80, 0x00, 0x40, 0x00, 0x20, 0x00, 0x00, 0x00, 0x00, 0x00, 0x00, 0x00,
    0x00, 0x00, 0x00, 0x00, 0x00, 0x00, 0x00, 0x00, 0x00, 0x00, 0x00, 0x00, 0x00, 0x00, 0x00, 0x00, 0x00, 0x00, 0x00, 0x00,
    0x00, 0x00, 0x00, 0x00, 0x00, 0x00, 0x00, 0x00, 0x00, 0x00, 0x00, 0x00, 0x00, 0x00, 0x00, 0x00, 0x00, 0x00, 0x00, 0x00,
    0x00, 0x00, 0x00, 0x00, 0x00, 0x00, 0x20, 0x00, 0x20, 0x08, 0x40, 0x08, 0x80, 0x10, 0xc0, 0x20, 0x20, 0x31, 0x80, 0x39,
    0xe0, 0x49, 0x40, 0x5a, 0xa0, 0x6a, 0x00, 0x73, 0x40, 0x7b, 0x40, 0x83, 0x40, 0x83, 0x20, 0x7b, 0x20, 0x7b, 0xe0, 0x6a,
    0x80, 0x62, 0x20, 0x52, 0xe0, 0x49, 0x80, 0x41, 0x40, 0x31, 0x00, 0x29, 0xa0, 0x18, 0x60, 0x10, 0x40, 0x08, 0x40, 0x08,
    0x20, 0x00, 0x20, 0x00, 0x00, 0x00, 0x00, 0x00, 0x00, 0x00, 0x00, 0x00, 0x00, 0x00, 0x00, 0x00, 0x00, 0x00, 0x00, 0x00,
    0x00, 0x00, 0x00, 0x00, 0x00, 0x00, 0x00, 0x00, 0x00, 0x00, 0x00, 0x00, 0x00, 0x00, 0x00, 0x00, 0x00, 0x00, 0x00, 0x00,
    0x00, 0x00, 0x00, 0x00, 0x00, 0x00, 0x00, 0x00, 0x00, 0x00, 0x00, 0x00, 0x00, 0x00, 0x00, 0x00, 0x00, 0x00, 0x20, 0x00,
    0x40, 0x08, 0x60, 0x08, 0x80, 0x10, 0xa0, 0x18, 0xc0, 0x20, 0x00, 0x29, 0x60, 0x31, 0xc0, 0x41, 0x20, 0x52, 0x80, 0x62,
    0x00, 0x73, 0x40, 0x7b, 0x60, 0x83, 0xa0, 0x93, 0xa0, 0x93, 0x80, 0x8b, 0x60, 0x83, 0x00, 0x73, 0x80, 0x62, 0x20, 0x52,
    0xa0, 0x41, 0x60, 0x31, 0xe0, 0x20, 0x80, 0x10, 0x60, 0x08, 0x40, 0x08, 0x20, 0x00, 0x00, 0x00, 0x00, 0x00, 0x00, 0x00,
    0x00, 0x00, 0x00, 0x00, 0x00, 0x00, 0x00, 0x00, 0x00, 0x00, 0x20, 0x00, 0x40, 0x00, 0x60, 0x00, 0xa0, 0x00, 0xe0, 0x00,
    0x40, 0x01, 0xa1, 0x01, 0x01, 0x02, 0x81, 0x02, 0x02, 0x03, 0xc2, 0x03, 0x23, 0x04, 0x63, 0x04, 0xc4, 0x04, 0xe4, 0x04,
    0xe4, 0x04, 0x04, 0x05, 0x44, 0x05, 0x44, 0x05, 0x44, 0x05, 0x44, 0x05, 0x44, 0x05, 0x44, 0x05, 0x64, 0x05, 0x64, 0x05,
    0x64, 0x05, 0x64, 0x05, 0x44, 0x05, 0x64, 0x05, 0x64, 0x05, 0x64, 0x05, 0x64, 0x05, 0x44, 0x05, 0x44, 0x05, 0x64, 0x05,
    0x64, 0x05, 0x64, 0x05, 0x44, 0x05, 0x64, 0x05, 0x64, 0x05, 0x64, 0x05, 0x64, 0x05, 0x64, 0x05, 0x64, 0x05, 0x64, 0x05,
    0x64, 0x05, 0x64, 0x05, 0x64, 0x05, 0x64, 0x05, 0x64, 0x05, 0x64, 0x05, 0x64, 0x05, 0x44, 0x05, 0x44, 0x05, 0x24, 0x05,
    0x24, 0x05, 0x24, 0x05, 0x24, 0x05, 0x44, 0x05, 0x44, 0x05, 0x44, 0x05, 0x44, 0x05, 0x44, 0x05, 0x24, 0x05, 0x24, 0x05,
    0x24, 0x05, 0x04, 0x05, 0xe4, 0x04, 0xa4, 0x04, 0x63, 0x04, 0x23, 0x04, 0xe3, 0x03, 0x83, 0x03, 0x02, 0x03, 0x61, 0x02,
    0xe1, 0x01, 0x60, 0x01, 0xc0, 0x00, 0x80, 0x00, 0x40, 0x00, 0x40, 0x00, 0x20, 0x00, 0x00, 0x00, 0x00, 0x00, 0x00, 0x00,
    0x00, 0x00, 0x00, 0x00, 0x00, 0x00, 0x00, 0x00, 0x00, 0x00, 0x00, 0x00, 0x00, 0x00, 0x00, 0x00, 0x00, 0x00, 0x00, 0x00,
    0x00, 0x00, 0x00, 0x00, 0x00, 0x00, 0x00, 0x00, 0x00, 0x00, 0x00, 0x00, 0x00, 0x00, 0x00, 0x00, 0x00, 0x00, 0x00, 0x00,
    0x00, 0x00, 0x00, 0x00, 0x00, 0x00, 0x00, 0x00, 0x20, 0x00, 0x40, 0x08, 0x40, 0x08, 0x80, 0x10, 0xc0, 0x18, 0x00, 0x29,
    0x40, 0x31, 0xa0, 0x41, 0xe0, 0x49, 0x40, 0x5a, 0x80, 0x62, 0x80, 0x62, 0x80, 0x62, 0x60, 0x5a, 0x40, 0x5a, 0x20, 0x52,
    0xe0, 0x49, 0xa0, 0x41, 0x40, 0x31, 0x00, 0x29, 0xc0, 0x20, 0xa0, 0x18, 0x60, 0x10, 0x40, 0x08, 0x20, 0x08, 0x20, 0x00,
    0x00, 0x00, 0x00, 0x00, 0x00, 0x00, 0x00, 0x00, 0x00, 0x00, 0x00, 0x00, 0x00, 0x00, 0x00, 0x00, 0x00, 0x00, 0x00, 0x00,
    0x00, 0x00, 0x00, 0x00, 0x00, 0x00, 0x00, 0x00, 0x00, 0x00, 0x00, 0x00, 0x00, 0x00, 0x00, 0x00, 0x00, 0x00, 0x00, 0x00,
    0x00, 0x00, 0x00, 0x00, 0x00, 0x00, 0x00, 0x00, 0x00, 0x00, 0x00, 0x00, 0x00, 0x00, 0x00, 0x00, 0x00, 0x00, 0x00, 0x00,
    0x20, 0x00, 0x40, 0x08, 0x40, 0x08, 0x60, 0x10, 0x80, 0x10, 0xa0, 0x18, 0xe0, 0x20, 0x20, 0x31, 0x60, 0x39, 0xc0, 0x41,
    0x20, 0x52, 0x60, 0x5a, 0x80, 0x62, 0xa0, 0x6a, 0xa0, 0x6a, 0xa0, 0x62, 0x80, 0x62, 0x20, 0x52, 0xc0, 0x49, 0x80, 0x39,
    0x20, 0x29, 0xe0, 0x20, 0x80, 0x10, 0x60, 0x08, 0x40, 0x08, 0x20, 0x00, 0x20, 0x00, 0x00, 0x00, 0x00, 0x00, 0x00, 0x00,
    0x00, 0x00, 0x00, 0x00, 0x00, 0x00, 0x00, 0x00, 0x00, 0x00, 0x00, 0x00, 0x20, 0x00, 0x40, 0x00, 0x60, 0x00, 0x80, 0x00,
    0xe0, 0x00, 0x20, 0x01, 0x60, 0x01, 0xa1, 0x01, 0x01, 0x02, 0x81, 0x02, 0xe2, 0x02, 0x22, 0x03, 0x82, 0x03, 0xa2, 0x03,
    0xa2, 0x03, 0xe3, 0x03, 0xe3, 0x03, 0x03, 0x04, 0x03, 0x04, 0x03, 0x04, 0x23, 0x04, 0x23, 0x04, 0x23, 0x04, 0x23, 0x04,
    0x43, 0x04, 0x23, 0x04, 0x23, 0x04, 0x23, 0x04, 0x43, 0x04, 0x43, 0x04, 0x43, 0x04, 0x43, 0x04, 0x43, 0x04, 0x23, 0x04,
    0x23, 0x04, 0x43, 0x04, 0x43, 0x04, 0x43, 0x04, 0x43, 0x04, 0x23, 0x04, 0x23, 0x04, 0x23, 0x04, 0x23, 0x04, 0x43, 0x04,
    0x23, 0x04, 0x23, 0x04, 0x43, 0x04, 0x43, 0x04, 0x43, 0x04, 0x43, 0x04, 0x23, 0x04, 0x23, 0x04, 0x03, 0x04, 0x03, 0x04,
    0x03, 0x04, 0x03, 0x04, 0x03, 0x04, 0x03, 0x04, 0x03, 0x04, 0x03, 0x04, 0x03, 0x04, 0x03, 0x04, 0x03, 0x04, 0xe3, 0x03,
    0xe3, 0x03, 0xc3, 0x03, 0xa2, 0x03, 0x62, 0x03, 0x42, 0x03, 0x22, 0x03, 0xc2, 0x02, 0x61, 0x02, 0x01, 0x02, 0x81, 0x01,
    0x40, 0x01, 0xe0, 0x00, 0x80, 0x00, 0x40, 0x00, 0x40, 0x00, 0x20, 0x00, 0x00, 0x00, 0x00, 0x00, 0x00, 0x00, 0x00, 0x00,
    0x00, 0x00, 0x00, 0x00, 0x00, 0x00, 0x00, 0x00, 0x00, 0x00, 0x00, 0x00, 0x00, 0x00, 0x00, 0x00, 0x00, 0x00, 0x00, 0x00,
    0x00, 0x00, 0x00, 0x00, 0x00, 0x00, 0x00, 0x00, 0x00, 0x00, 0x00, 0x00, 0x00, 0x00, 0x00, 0x00, 0x00, 0x00, 0x00, 0x00,
    0x00, 0x00, 0x00, 0x00, 0x00, 0x00, 0x00, 0x00, 0x00, 0x00, 0x20, 0x00, 0x20, 0x08, 0x40, 0x08, 0x60, 0x10, 0xa0, 0x18,
    0xe0, 0x20, 0x20, 0x29, 0x60, 0x31, 0xa0, 0x41, 0xc0, 0x41, 0xc0, 0x49, 0xc0, 0x49, 0xc0, 0x41, 0xa0, 0x41, 0x80, 0x39,
    0x60, 0x39, 0x20, 0x29, 0xe0, 0x20, 0xa0, 0x18, 0x80, 0x10, 0x60, 0x08, 0x40, 0x08, 0x20, 0x08, 0x20, 0x00, 0x00, 0x00,
    0x00, 0x00, 0x00, 0x00, 0x00, 0x00, 0x00, 0x00, 0x00, 0x00, 0x00, 0x00, 0x00, 0x00, 0x00, 0x00, 0x00, 0x00, 0x00, 0x00,
    0x00, 0x00, 0x00, 0x00, 0x00, 0x00, 0x00, 0x00, 0x00, 0x00, 0x00, 0x00, 0x00, 0x00, 0x00, 0x00, 0x00, 0x00, 0x00, 0x00,
    0x00, 0x00, 0x00, 0x00, 0x00, 0x00, 0x00, 0x00, 0x00, 0x00, 0x00, 0x00, 0x00, 0x00, 0x00, 0x00, 0x00, 0x00, 0x00, 0x00,
    0x00, 0x00, 0x20, 0x00, 0x20, 0x00, 0x40, 0x08, 0x40, 0x08, 0x60, 0x10, 0x80, 0x18, 0xc0, 0x18, 0xe0, 0x20, 0x20, 0x29,
    0x60, 0x39, 0xa0, 0x41, 0xc0, 0x41, 0xe0, 0x49, 0xe0, 0x49, 0xe0, 0x49, 0xc0, 0x41, 0x80, 0x39, 0x40, 0x31, 0x00, 0x29,
    0xa0, 0x18, 0x80, 0x10, 0x60, 0x10, 0x40, 0x08, 0x20, 0x00, 0x20, 0x00, 0x00, 0x00, 0x00, 0x00, 0x00, 0x00, 0x00, 0x00,
    0x00, 0x00, 0x00, 0x00, 0x00, 0x00, 0x00, 0x00, 0x00, 0x00, 0x00, 0x00, 0x20, 0x00, 0x20, 0x00, 0x40, 0x00, 0x60, 0x00,
    0x80, 0x00, 0xa0, 0x00, 0xe0, 0x00, 0x00, 0x01, 0x40, 0x01, 0x81, 0x01, 0xe1, 0x01, 0x21, 0x02, 0x61, 0x02, 0x61, 0x02,
    0xa1, 0x02, 0xe2, 0x02, 0xe2, 0x02, 0x02, 0x03, 0x02, 0x03, 0x22, 0x03, 0x22, 0x03, 0x42, 0x03, 0x42, 0x03, 0x42, 0x03,
    0x42, 0x03, 0x42, 0x03, 0x42, 0x03, 0x42, 0x03, 0x62, 0x03, 0x62, 0x03, 0x62, 0x03, 0x62, 0x03, 0x62, 0x03, 0x42, 0x03,
    0x42, 0x03, 0x62, 0x03, 0x62, 0x03, 0x62, 0x03, 0x62, 0x03, 0x42, 0x03, 0x42, 0x03, 0x42, 0x03, 0x42, 0x03, 0x42, 0x03,
    0x42, 0x03, 0x42, 0x03, 0x42, 0x03, 0x62, 0x03, 0x62, 0x03, 0x42, 0x03, 0x42, 0x03, 0x42, 0x03, 0x22, 0x03, 0x22, 0x03,
    0x42, 0x03, 0x42, 0x03, 0x22, 0x03, 0x22, 0x03, 0x22, 0x03, 0x22, 0x03, 0x22, 0x03, 0x22, 0x03, 0x22, 0x03, 0x02, 0x03,
    0xe2, 0x02, 0xc2, 0x02, 0xa2, 0x02, 0x81, 0x02, 0x41, 0x02, 0x21, 0x02, 0xe1, 0x01, 0x61, 0x01, 0x20, 0x01, 0xe0, 0x00,
    0xc0, 0x00, 0x80, 0x00, 0x40, 0x00, 0x20, 0x00, 0x20, 0x00, 0x00, 0x00, 0x00, 0x00, 0x00, 0x00, 0x00, 0x00, 0x00, 0x00,
    0x00, 0x00, 0x00, 0x00, 0x00, 0x00, 0x00, 0x00, 0x00, 0x00, 0x00, 0x00, 0x00, 0x00, 0x00, 0x00, 0x00, 0x00, 0x00, 0x00,
    0x00, 0x00, 0x00, 0x00, 0x00, 0x00, 0x00, 0x00, 0x00, 0x00, 0x00, 0x00, 0x00, 0x00, 0x00, 0x00, 0x00, 0x00, 0x00, 0x00,
    0x00, 0x00, 0x00, 0x00, 0x00, 0x00, 0x00, 0x00, 0x00, 0x00, 0x00, 0x00, 0x20, 0x00, 0x20, 0x08, 0x40, 0x08, 0x60, 0x10,
    0x80, 0x18, 0xc0, 0x18, 0xe0, 0x20, 0x20, 0x29, 0x40, 0x31, 0x40, 0x31, 0x40, 0x31, 0x40, 0x31, 0x20, 0x31, 0x20, 0x29,
    0x00, 0x29, 0xc0, 0x20, 0xa0, 0x18, 0x60, 0x10, 0x40, 0x08, 0x40, 0x08, 0x20, 0x00, 0x20, 0x00, 0x00, 0x00, 0x00, 0x00,
    0x00, 0x00, 0x00, 0x00, 0x00, 0x00, 0x00, 0x00, 0x00, 0x00, 0x00, 0x00, 0x00, 0x00, 0x00, 0x00, 0x00, 0x00, 0x00, 0x00,
    0x00, 0x00, 0x00, 0x00, 0x00, 0x00, 0x00, 0x00, 0x00, 0x00, 0x00, 0x00, 0x00, 0x00, 0x00, 0x00, 0x00, 0x00, 0x00, 0x00,
    0x00, 0x00, 0x00, 0x00, 0x00, 0x00, 0x00, 0x00, 0x00, 0x00, 0x00, 0x00, 0x00, 0x00, 0x00, 0x00, 0x00, 0x00, 0x00, 0x00,
    0x00, 0x00, 0x00, 0x00, 0x00, 0x00, 0x20, 0x00, 0x20, 0x08, 0x40, 0x08, 0x60, 0x10, 0x80, 0x10, 0xa0, 0x18, 0xc0, 0x20,
    0x00, 0x29, 0x00, 0x29, 0x40, 0x31, 0x40, 0x31, 0x40, 0x31, 0x40, 0x31, 0x20, 0x31, 0x00, 0x29, 0xe0, 0x20, 0xa0, 0x18,
    0x80, 0x10, 0x60, 0x08, 0x40, 0x08, 0x20, 0x00, 0x20, 0x00, 0x00, 0x00, 0x00, 0x00, 0x00, 0x00, 0x00, 0x00, 0x00, 0x00,
    0x00, 0x00, 0x00, 0x00, 0x00, 0x00, 0x00, 0x00, 0x00, 0x00, 0x00, 0x00, 0x00, 0x00, 0x20, 0x00, 0x20, 0x00, 0x40, 0x00,
    0x60, 0x00, 0x60, 0x00, 0xa0, 0x00, 0xc0, 0x00, 0xe0, 0x00, 0x00, 0x01, 0x40, 0x01, 0x60, 0x01, 0x81, 0x01, 0xa1, 0x01,
    0xe1, 0x01, 0x01, 0x02, 0x01, 0x02, 0x21, 0x02, 0x21, 0x02, 0x41, 0x02, 0x41, 0x02, 0x61, 0x02, 0x81, 0x02, 0x81, 0x02,
    0x81, 0x02, 0x81, 0x02, 0x81, 0x02, 0x81, 0x02, 0x81, 0x02, 0x81, 0x02, 0x81, 0x02, 0x81, 0x02, 0x81, 0x02, 0x81, 0x02,
    0x81, 0x02, 0xa1, 0x02, 0xa1, 0x02, 0xa1, 0x02, 0x81, 0x02, 0x81, 0x02, 0x81, 0x02, 0x61, 0x02, 0x61, 0x02, 0x81, 0x02,
    0x81, 0x02, 0x81, 0x02, 0x81, 0x02, 0x81, 0x02, 0x61, 0x02, 0x61, 0x02, 0x61, 0x02, 0x61, 0x02, 0x61, 0x02, 0x61, 0x02,
    0x61, 0x02, 0x61, 0x02, 0x61, 0x02, 0x61, 0x02, 0x61, 0x02, 0x61, 0x02, 0x41, 0x02, 0x41, 0x02, 0x41, 0x02, 0x21, 0x02,
    0x01, 0x02, 0xe1, 0x01, 0xe1, 0x01, 0xc1, 0x01, 0xa1, 0x01, 0x61, 0x01, 0x40, 0x01, 0xe0, 0x00, 0xc0, 0x00, 0xa0, 0x00,
    0x80, 0x00, 0x60, 0x00, 0x20, 0x00, 0x20, 0x00, 0x00, 0x00, 0x00, 0x00, 0x00, 0x00, 0x00, 0x00, 0x00, 0x00, 0x00, 0x00,
    0x00, 0x00, 0x00, 0x00, 0x00, 0x00, 0x00, 0x00, 0x00, 0x00, 0x00, 0x00, 0x00, 0x00, 0x00, 0x00, 0x00, 0x00, 0x00, 0x00,
    0x00, 0x00, 0x00, 0x00, 0x00, 0x00, 0x00, 0x00, 0x00, 0x00, 0x00, 0x00, 0x00, 0x00, 0x00, 0x00, 0x00, 0x00, 0x00, 0x00,
    0x00, 0x00, 0x00, 0x00, 0x00, 0x00, 0x00, 0x00, 0x00, 0x00, 0x00, 0x00, 0x00, 0x00, 0x20, 0x00, 0x20, 0x08, 0x40, 0x08,
    0x40, 0x08, 0x60, 0x08, 0x60, 0x10, 0x80, 0x10, 0xa0, 0x18, 0xc0, 0x18, 0xc0, 0x20, 0xc0, 0x18, 0xa0, 0x18, 0xa0, 0x18,
    0x80, 0x10, 0x60, 0x10, 0x60, 0x08, 0x40, 0x08, 0x20, 0x08, 0x20, 0x00, 0x00, 0x00, 0x00, 0x00, 0x00, 0x00, 0x00, 0x00,
    0x00, 0x00, 0x00, 0x00, 0x00, 0x00, 0x00, 0x00, 0x00, 0x00, 0x00, 0x00, 0x00, 0x00, 0x00, 0x00, 0x00, 0x00, 0x00, 0x00,
    0x00, 0x00, 0x00, 0x00, 0x00, 0x00, 0x00, 0x00, 0x00, 0x00, 0x00, 0x00, 0x00, 0x00, 0x00, 0x00, 0x00, 0x00, 0x00, 0x00,
    0x00, 0x00, 0x00, 0x00, 0x00, 0x00, 0x00, 0x00, 0x00, 0x00, 0x00, 0x00, 0x00, 0x00, 0x00, 0x00, 0x00, 0x00, 0x00, 0x00,
    0x00, 0x00, 0x00, 0x00, 0x00, 0x00, 0x00, 0x00, 0x20, 0x00, 0x20, 0x00, 0x40, 0x08, 0x40, 0x08, 0x60, 0x10, 0x80, 0x10,
    0x80, 0x18, 0xa0, 0x18, 0xa0, 0x18, 0xc0, 0x18, 0xc0, 0x18, 0xc0, 0x18, 0xa0, 0x18, 0x80, 0x18, 0x80, 0x10, 0x60, 0x10,
    0x40, 0x08, 0x40, 0x08, 0x20, 0x00, 0x20, 0x00, 0x00, 0x00, 0x00, 0x00, 0x00, 0x00, 0x00, 0x00, 0x00, 0x00, 0x00, 0x00,
    0x00, 0x00, 0x00, 0x00, 0x00, 0x00, 0x00, 0x00, 0x00, 0x00, 0x00, 0x00, 0x00, 0x00, 0x00, 0x00, 0x00, 0x00, 0x20, 0x00,
    0x40, 0x00, 0x40, 0x00, 0x60, 0x00, 0x60, 0x00, 0x80, 0x00, 0xa0, 0x00, 0xc0, 0x00, 0xc0, 0x00, 0xe0, 0x00, 0x00, 0x01,
    0x00, 0x01, 0x20, 0x01, 0x20, 0x01, 0x20, 0x01, 0x40, 0x01, 0x40, 0x01, 0x40, 0x01, 0x60, 0x01, 0x60, 0x01, 0x80, 0x01,
    0x80, 0x01, 0x80, 0x01, 0x80, 0x01, 0x80, 0x01, 0x80, 0x01, 0x80, 0x01, 0x80, 0x01, 0x80, 0x01, 0x80, 0x01, 0x80, 0x01,
    0xa0, 0x01, 0xa0, 0x01, 0xa1, 0x01, 0xa1, 0x01, 0x80, 0x01, 0x80, 0x01, 0x80, 0x01, 0x80, 0x01, 0x60, 0x01, 0x60, 0x01,
    0x60, 0x01, 0x80, 0x01, 0x80, 0x01, 0x80, 0x01, 0x60, 0x01, 0x60, 0x01, 0x60, 0x01, 0x60, 0x01, 0x60, 0x01, 0x60, 0x01,
    0x60, 0x01, 0x60, 0x01, 0x60, 0x01, 0x60, 0x01, 0x40, 0x01, 0x40, 0x01, 0x40, 0x01, 0x20, 0x01, 0x20, 0x01, 0x20, 0x01,
    0x20, 0x01, 0x00, 0x01, 0x00, 0x01, 0xe0, 0x00, 0xe0, 0x00, 0xc0, 0x00, 0xa0, 0x00, 0x80, 0x00, 0x60, 0x00, 0x60, 0x00,
    0x40, 0x00, 0x20, 0x00, 0x20, 0x00, 0x00, 0x00, 0x00, 0x00, 0x00, 0x00, 0x00, 0x00, 0x00, 0x00, 0x00, 0x00, 0x00, 0x00,
    0x00, 0x00, 0x00, 0x00, 0x00, 0x00, 0x00, 0x00, 0x00, 0x00, 0x00, 0x00, 0x00, 0x00, 0x00, 0x00, 0x00, 0x00, 0x00, 0x00,
    0x00, 0x00, 0x00, 0x00, 0x00, 0x00, 0x00, 0x00, 0x00, 0x00, 0x00, 0x00, 0x00, 0x00, 0x00, 0x00, 0x00, 0x00, 0x00, 0x00,
    0x00, 0x00, 0x00, 0x00, 0x00, 0x00, 0x00, 0x00, 0x00, 0x00, 0x00, 0x00, 0x00, 0x00, 0x00, 0x00, 0x20, 0x00, 0x20, 0x00,
    0x20, 0x08, 0x40, 0x08, 0x40, 0x08, 0x40, 0x08, 0x60, 0x08, 0x60, 0x10, 0x60, 0x10, 0x60, 0x10, 0x60, 0x10, 0x60, 0x10,
    0x40, 0x08, 0x40, 0x08, 0x20, 0x08, 0x20, 0x00, 0x20, 0x00, 0x00, 0x00, 0x00, 0x00, 0x00, 0x00, 0x00, 0x00, 0x00, 0x00,
    0x00, 0x00, 0x00, 0x00, 0x00, 0x00, 0x00, 0x00, 0x00, 0x00, 0x00, 0x00, 0x00, 0x00, 0x00, 0x00, 0x00, 0x00, 0x00, 0x00,
    0x00, 0x00, 0x00, 0x00, 0x00, 0x00, 0x00, 0x00, 0x00, 0x00, 0x00, 0x00, 0x00, 0x00, 0x00, 0x00, 0x00, 0x00, 0x00, 0x00,
    0x00, 0x00, 0x00, 0x00, 0x00, 0x00, 0x00, 0x00, 0x00, 0x00, 0x00, 0x00, 0x00, 0x00, 0x00, 0x00, 0x00, 0x00, 0x00, 0x00,
    0x00, 0x00, 0x00, 0x00, 0x00, 0x00, 0x00, 0x00, 0x00, 0x00, 0x00, 0x00, 0x20, 0x00, 0x20, 0x08, 0x40, 0x08, 0x40, 0x08,
    0x40, 0x08, 0x60, 0x10, 0x60, 0x10, 0x60, 0x10, 0x80, 0x10, 0x60, 0x10, 0x60, 0x10, 0x40, 0x08, 0x40, 0x08, 0x40, 0x08,
    0x20, 0x08, 0x20, 0x00, 0x00, 0x00, 0x00, 0x00, 0x00, 0x00, 0x00, 0x00, 0x00, 0x00, 0x00, 0x00, 0x00, 0x00, 0x00, 0x00,
    0x00, 0x00, 0x00, 0x00, 0x00, 0x00, 0x00, 0x00, 0x00, 0x00, 0x00, 0x00, 0x00, 0x00, 0x00, 0x00, 0x00, 0x00, 0x00, 0x00,
    0x20, 0x00, 0x20, 0x00, 0x40, 0x00, 0x40, 0x00, 0x40, 0x00, 0x60, 0x00, 0x60, 0x00, 0x80, 0x00, 0x80, 0x00, 0xa0, 0x00,
    0xa0, 0x00, 0xc0, 0x00, 0xc0, 0x00, 0xc0, 0x00, 0xc0, 0x00, 0xc0, 0x00, 0xc0, 0x00, 0xe0, 0x00, 0xe0, 0x00, 0x00, 0x01,
    0x00, 0x01, 0x00, 0x01, 0x00, 0x01, 0x00, 0x01, 0x00, 0x01, 0x00, 0x01, 0x00, 0x01, 0x00, 0x01, 0x00, 0x01, 0x00, 0x01,
    0x20, 0x01, 0x20, 0x01, 0x20, 0x01, 0x20, 0x01, 0x00, 0x01, 0x00, 0x01, 0x00, 0x01, 0x00, 0x01, 0xe0, 0x00, 0xe0, 0x00,
    0x00, 0x01, 0x00, 0x01, 0x00, 0x01, 0x00, 0x01, 0xe0, 0x00, 0xe0, 0x00, 0xe0, 0x00, 0xe0, 0x00, 0xe0, 0x00, 0xe0, 0x00,
    0xe0, 0x00, 0xe0, 0x00, 0xe0, 0x00, 0xe0, 0x00, 0xc0, 0x00, 0xc0, 0x00, 0xc0, 0x00, 0xc0, 0x00, 0xa0, 0x00, 0xa0, 0x00,
    0xa0, 0x00, 0xa0, 0x00, 0xa0, 0x00, 0xa0, 0x00, 0x80, 0x00, 0x60, 0x00, 0x60, 0x00, 0x40, 0x00, 0x40, 0x00, 0x20, 0x00,
    0x20, 0x00, 0x20, 0x00, 0x00, 0x00, 0x00, 0x00, 0x00, 0x00, 0x00, 0x00, 0x00, 0x00, 0x00, 0x00, 0x00, 0x00, 0x00, 0x00,
    0x00, 0x00, 0x00, 0x00, 0x00, 0x00, 0x00, 0x00, 0x00, 0x00, 0x00, 0x00, 0x00, 0x00, 0x00, 0x00, 0x00, 0x00, 0x00, 0x00,
    0x00, 0x00, 0x00, 0x00, 0x00, 0x00, 0x00, 0x00, 0x00, 0x00, 0x00, 0x00, 0x00, 0x00, 0x00, 0x00, 0x00, 0x00, 0x00, 0x00,
    0x00, 0x00, 0x00, 0x00, 0x00, 0x00, 0x00, 0x00, 0x00, 0x00, 0x00, 0x00, 0x00, 0x00, 0x00, 0x00, 0x00, 0x00, 0x00, 0x00,
    0x20, 0x00, 0x20, 0x00, 0x20, 0x00, 0x20, 0x08, 0x20, 0x08, 0x40, 0x08, 0x40, 0x08, 0x40, 0x08, 0x20, 0x08, 0x20, 0x08,
    0x20, 0x00, 0x20, 0x00, 0x00, 0x00, 0x00, 0x00, 0x00, 0x00, 0x00, 0x00, 0x00, 0x00, 0x00, 0x00, 0x00, 0x00, 0x00, 0x00,
    0x00, 0x00, 0x00, 0x00, 0x00, 0x00, 0x00, 0x00, 0x00, 0x00, 0x00, 0x00, 0x00, 0x00, 0x00, 0x00, 0x00, 0x00, 0x00, 0x00,
    0x00, 0x00, 0x00, 0x00, 0x00, 0x00, 0x00, 0x00, 0x00, 0x00, 0x00, 0x00, 0x00, 0x00, 0x00, 0x00, 0x00, 0x00, 0x00, 0x00,
    0x00, 0x00, 0x00, 0x00, 0x00, 0x00, 0x00, 0x00, 0x00, 0x00, 0x00, 0x00, 0x00, 0x00, 0x00, 0x00, 0x00, 0x00, 0x00, 0x00,
    0x00, 0x00, 0x00, 0x00, 0x00, 0x00, 0x00, 0x00, 0x00, 0x00, 0x00, 0x00, 0x00, 0x00, 0x20, 0x00, 0x20, 0x00, 0x20, 0x08,
    0x20, 0x08, 0x40, 0x08, 0x40, 0x08, 0x40, 0x08, 0x40, 0x08, 0x40, 0x08, 0x40, 0x08, 0x20, 0x08, 0x20, 0x00, 0x20, 0x00,
    0x20, 0x00, 0x00, 0x00, 0x00, 0x00, 0x00, 0x00, 0x00, 0x00, 0x00, 0x00, 0x00, 0x00, 0x00, 0x00, 0x00, 0x00, 0x00, 0x00,
    0x00, 0x00, 0x00, 0x00, 0x00, 0x00, 0x00, 0x00, 0x00, 0x00, 0x00, 0x00, 0x00, 0x00, 0x00, 0x00, 0x00, 0x00, 0x00, 0x00,
    0x00, 0x00, 0x20, 0x00, 0x20, 0x00, 0x20, 0x00, 0x20, 0x00, 0x40, 0x00, 0x40, 0x00, 0x40, 0x00, 0x60, 0x00, 0x60, 0x00,
    0x60, 0x00, 0x60, 0x00, 0x80, 0x00, 0x60, 0x00, 0x80, 0x00, 0x80, 0x00, 0x60, 0x00, 0x80, 0x00, 0x80, 0x00, 0x80, 0x00,
    0x80, 0x00, 0x80, 0x00, 0xa0, 0x00, 0xa0, 0x00, 0x80, 0x00, 0x80, 0x00, 0x80, 0x00, 0x80, 0x00, 0x80, 0x00, 0xa0, 0x00,
    0xa0, 0x00, 0xa0, 0x00, 0xa0, 0x00, 0xa0, 0x00, 0x80, 0x00, 0x80, 0x00, 0x80, 0x00, 0x80, 0x00, 0x80, 0x00, 0x80, 0x00,
    0x80, 0x00, 0x80, 0x00, 0x80, 0x00, 0x80, 0x00, 0x80, 0x00, 0x80, 0x00, 0x80, 0x00, 0x80, 0x00, 0x80, 0x00, 0x80, 0x00,
    0x80, 0x00, 0x60, 0x00, 0x60, 0x00, 0x60, 0x00, 0x80, 0x00, 0x60, 0x00, 0x60, 0x00, 0x60, 0x00, 0x60, 0x00, 0x60, 0x00,
    0x60, 0x00, 0x60, 0x00, 0x60, 0x00, 0x60, 0x00, 0x40, 0x00, 0x40, 0x00, 0x40, 0x00, 0x20, 0x00, 0x20, 0x00, 0x00, 0x00,
    0x00, 0x00, 0x00, 0x00, 0x00, 0x00, 0x00, 0x00, 0x00, 0x00, 0x00, 0x00, 0x00, 0x00, 0x00, 0x00, 0x00, 0x00, 0x00, 0x00,
    0x00, 0x00, 0x00, 0x00, 0x00, 0x00, 0x00, 0x00, 0x00, 0x00, 0x00, 0x00, 0x00, 0x00, 0x00, 0x00, 0x00, 0x00, 0x00, 0x00,
    0x00, 0x00, 0x00, 0x00, 0x00, 0x00, 0x00, 0x00, 0x00, 0x00, 0x00, 0x00, 0x00, 0x00, 0x00, 0x00, 0x00, 0x00, 0x00, 0x00,
    0x00, 0x00, 0x00, 0x00, 0x00, 0x00, 0x00, 0x00, 0x00, 0x00, 0x00, 0x00, 0x00, 0x00, 0x00, 0x00, 0x00, 0x00, 0x00, 0x00,
    0x00, 0x00, 0x00, 0x00, 0x00, 0x00, 0x00, 0x00, 0x20, 0x00, 0x20, 0x00, 0x20, 0x00, 0x20, 0x00, 0x20, 0x00, 0x00, 0x00,
    0x00, 0x00, 0x00, 0x00, 0x00, 0x00, 0x00, 0x00, 0x00, 0x00, 0x00, 0x00, 0x00, 0x00, 0x00, 0x00, 0x00, 0x00, 0x00, 0x00,
    0x00, 0x00, 0x00, 0x00, 0x00, 0x00, 0x00, 0x00, 0x00, 0x00, 0x00, 0x00, 0x00, 0x00, 0x00, 0x00, 0x00, 0x00, 0x00, 0x00,
    0x00, 0x00, 0x00, 0x00, 0x00, 0x00, 0x00, 0x00, 0x00, 0x00, 0x00, 0x00, 0x00, 0x00, 0x00, 0x00, 0x00, 0x00, 0x00, 0x00,
    0x00, 0x00, 0x00, 0x00, 0x00, 0x00, 0x00, 0x00, 0x00, 0x00, 0x00, 0x00, 0x00, 0x00, 0x00, 0x00, 0x00, 0x00, 0x00, 0x00,
    0x00, 0x00, 0x00, 0x00, 0x00, 0x00, 0x00, 0x00, 0x00, 0x00, 0x00, 0x00, 0x00, 0x00, 0x00, 0x00, 0x00, 0x00, 0x00, 0x00,
    0x20, 0x00, 0x20, 0x00, 0x20, 0x00, 0x20, 0x00, 0x20, 0x00, 0x20, 0x00, 0x20, 0x00, 0x00, 0x00, 0x00, 0x00, 0x00, 0x00,
    0x00, 0x00, 0x00, 0x00, 0x00, 0x00, 0x00, 0x00, 0x00, 0x00, 0x00, 0x00, 0x00, 0x00, 0x00, 0x00, 0x00, 0x00, 0x00, 0x00,
    0x00, 0x00, 0x00, 0x00, 0x00, 0x00, 0x00, 0x00, 0x00, 0x00, 0x00, 0x00, 0x00, 0x00, 0x00, 0x00, 0x00, 0x00, 0x00, 0x00,
    0x00, 0x00, 0x00, 0x00, 0x00, 0x00, 0x00, 0x00, 0x00, 0x00, 0x20, 0x00, 0x20, 0x00, 0x20, 0x00, 0x20, 0x00, 0x20, 0x00,
    0x40, 0x00, 0x40, 0x00, 0x40, 0x00, 0x40, 0x00, 0x40, 0x00, 0x40, 0x00, 0x40, 0x00, 0x40, 0x00, 0x20, 0x00, 0x20, 0x00,
    0x40, 0x00, 0x40, 0x00, 0x40, 0x00, 0x40, 0x00, 0x40, 0x00, 0x40, 0x00, 0x40, 0x00, 0x40, 0x00, 0x40, 0x00, 0x40, 0x00,
    0x40, 0x00, 0x40, 0x00, 0x40, 0x00, 0x40, 0x00, 0x40, 0x00, 0x40, 0x00, 0x40, 0x00, 0x40, 0x00, 0x40, 0x00, 0x40, 0x00,
    0x40, 0x00, 0x20, 0x00, 0x20, 0x00, 0x20, 0x00, 0x20, 0x00, 0x20, 0x00, 0x20, 0x00, 0x20, 0x00, 0x20, 0x00, 0x20, 0x00,
    0x20, 0x00, 0x20, 0x00, 0x20, 0x00, 0x20, 0x00, 0x40, 0x00, 0x40, 0x00, 0x20, 0x00, 0x20, 0x00, 0x20, 0x00, 0x40, 0x00,
    0x20, 0x00, 0x20, 0x00, 0x20, 0x00, 0x20, 0x00, 0x20, 0x00, 0x20, 0x00, 0x20, 0x00, 0x00, 0x00, 0x00, 0x00, 0x00, 0x00,
    0x00, 0x00, 0x00, 0x00, 0x00, 0x00, 0x00, 0x00, 0x00, 0x00, 0x00, 0x00, 0x00, 0x00, 0x00, 0x00, 0x00, 0x00, 0x00, 0x00,
    0x00, 0x00, 0x00, 0x00, 0x00, 0x00, 0x00, 0x00, 0x00, 0x00, 0x00, 0x00, 0x00, 0x00, 0x00, 0x00, 0x00, 0x00, 0x00, 0x00,
    0x00, 0x00, 0x00, 0x00, 0x00, 0x00, 0x00, 0x00, 0x00, 0x00, 0x00, 0x00, 0x00, 0x00, 0x00, 0x00, 0x00, 0x00, 0x00, 0x00,
    0x00, 0x00, 0x00, 0x00, 0x00, 0x00, 0x00, 0x00, 0x00, 0x00, 0x00, 0x00, 0x00, 0x00, 0x00, 0x00, 0x00, 0x00, 0x00, 0x00,
    0x00, 0x00, 0x00, 0x00, 0x00, 0x00, 0x00, 0x00, 0x00, 0x00, 0x00, 0x00, 0x00, 0x00, 0x00, 0x00, 0x00, 0x00, 0x00, 0x00,
    0x00, 0x00, 0x00, 0x00, 0x00, 0x00, 0x00, 0x00, 0x00, 0x00, 0x00, 0x00, 0x00, 0x00, 0x00, 0x00, 0x00, 0x00, 0x00, 0x00,
    0x00, 0x00, 0x00, 0x00, 0x00, 0x00, 0x00, 0x00, 0x00, 0x00, 0x00, 0x00, 0x00, 0x00, 0x00, 0x00, 0x00, 0x00, 0x00, 0x00,
    0x00, 0x00, 0x00, 0x00, 0x00, 0x00, 0x00, 0x00, 0x00, 0x00, 0x00, 0x00, 0x00, 0x00, 0x00, 0x00, 0x00, 0x00, 0x00, 0x00,
    0x00, 0x00, 0x00, 0x00, 0x00, 0x00, 0x00, 0x00, 0x00, 0x00, 0x00, 0x00, 0x00, 0x00, 0x00, 0x00, 0x00, 0x00, 0x00, 0x00,
    0x00, 0x00, 0x00, 0x00, 0x00, 0x00, 0x00, 0x00, 0x00, 0x00, 0x00, 0x00, 0x00, 0x00, 0x00, 0x00, 0x00, 0x00, 0x00, 0x00,
    0x00, 0x00, 0x00, 0x00, 0x00, 0x00, 0x00, 0x00, 0x00, 0x00, 0x00, 0x00, 0x00, 0x00, 0x00, 0x00, 0x00, 0x00, 0x00, 0x00,
    0x00, 0x00, 0x00, 0x00, 0x00, 0x00, 0x00, 0x00, 0x00, 0x00, 0x00, 0x00, 0x00, 0x00, 0x00, 0x00, 0x00, 0x00, 0x00, 0x00,
    0x00, 0x00, 0x00, 0x00, 0x00, 0x00, 0x00, 0x00, 0x00, 0x00, 0x00, 0x00, 0x00, 0x00, 0x00, 0x00, 0x00, 0x00, 0x00, 0x00,
    0x00, 0x00, 0x00, 0x00, 0x00, 0x00, 0x00, 0x00, 0x00, 0x00, 0x00, 0x00, 0x00, 0x00, 0x00, 0x00, 0x00, 0x00, 0x00, 0x00,
    0x20, 0x00, 0x20, 0x00, 0x20, 0x00, 0x20, 0x00, 0x20, 0x00, 0x20, 0x00, 0x20, 0x00, 0x20, 0x00, 0x20, 0x00, 0x20, 0x00,
    0x20, 0x00, 0x20, 0x00, 0x20, 0x00, 0x20, 0x00, 0x20, 0x00, 0x20, 0x00, 0x20, 0x00, 0x20, 0x00, 0x20, 0x00, 0x20, 0x00,
    0x20, 0x00, 0x20, 0x00, 0x20, 0x00, 0x20, 0x00, 0x20, 0x00, 0x20, 0x00, 0x20, 0x00, 0x20, 0x00, 0x20, 0x00, 0x20, 0x00,
    0x20, 0x00, 0x20, 0x00, 0x20, 0x00, 0x20, 0x00, 0x20, 0x00, 0x20, 0x00, 0x20, 0x00, 0x20, 0x00, 0x20, 0x00, 0x20, 0x00,
    0x20, 0x00, 0x20, 0x00, 0x20, 0x00, 0x20, 0x00, 0x20, 0x00, 0x20, 0x00, 0x20, 0x00, 0x20, 0x00, 0x00, 0x00, 0x20, 0x00,
    0x20, 0x00, 0x00, 0x00, 0x00, 0x00, 0x00, 0x00, 0x00, 0x00, 0x00, 0x00, 0x00, 0x00, 0x00, 0x00, 0x00, 0x00, 0x00, 0x00,
    0x00, 0x00, 0x00, 0x00, 0x00, 0x00, 0x00, 0x00, 0x00, 0x00, 0x00, 0x00, 0x00, 0x00, 0x00, 0x00, 0x00, 0x00, 0x00, 0x00,
    0x00, 0x00, 0x00, 0x00, 0x00, 0x00, 0x00, 0x00, 0x00, 0x00, 0x00, 0x00, 0x00, 0x00, 0x00, 0x00, 0x00, 0x00, 0x00, 0x00,
    0x00, 0x00, 0x00, 0x00, 0x00, 0x00, 0x00, 0x00, 0x00, 0x00, 0x00, 0x00, 0x00, 0x00, 0x00, 0x00, 0x00, 0x00, 0x00, 0x00,
    0x00, 0x00, 0x00, 0x00, 0x00, 0x00, 0x00, 0x00, 0x00, 0x00, 0x00, 0x00, 0x00, 0x00, 0x00, 0x00, 0x00, 0x00, 0x00, 0x00,
    0x00, 0x00, 0x00, 0x00, 0x00, 0x00, 0x00, 0x00, 0x00, 0x00, 0x00, 0x00, 0x00, 0x00, 0x00, 0x00, 0x00, 0x00, 0x00, 0x00,
    0x00, 0x00, 0x00, 0x00, 0x00, 0x00, 0x00, 0x00, 0x00, 0x00, 0x00, 0x00, 0x00, 0x00, 0x00, 0x00, 0x00, 0x00, 0x00, 0x00,
    0x00, 0x00, 0x00, 0x00, 0x00, 0x00, 0x00, 0x00, 0x00, 0x00, 0x00, 0x00, 0x00, 0x00, 0x00, 0x00, 0x00, 0x00, 0x00, 0x00,
    0x00, 0x00, 0x00, 0x00, 0x00, 0x00, 0x00, 0x00, 0x00, 0x00, 0x00, 0x00, 0x00, 0x00, 0x00, 0x00, 0x00, 0x00, 0x00, 0x00,
    0x00, 0x00, 0x00, 0x00, 0x00, 0x00, 0x00, 0x00, 0x00, 0x00, 0x00, 0x00, 0x00, 0x00, 0x00, 0x00, 0x00, 0x00, 0x00, 0x00,
    0x00, 0x00, 0x00, 0x00, 0x00, 0x00, 0x00, 0x00, 0x00, 0x00, 0x00, 0x00, 0x00, 0x00, 0x00, 0x00, 0x00, 0x00, 0x00, 0x00,
    0x00, 0x00, 0x00, 0x00, 0x00, 0x00, 0x00, 0x00, 0x00, 0x00, 0x00, 0x00, 0x00, 0x00, 0x00, 0x00, 0x00, 0x00, 0x00, 0x00,
    0x00, 0x00, 0x00, 0x00, 0x00, 0x00, 0x00, 0x00, 0x00, 0x00, 0x00, 0x00, 0x00, 0x00, 0x00, 0x00, 0x00, 0x00, 0x00, 0x00,
    0x00, 0x00, 0x00, 0x00, 0x00, 0x00, 0x00, 0x00, 0x00, 0x00, 0x00, 0x00, 0x00, 0x00, 0x00, 0x00, 0x00, 0x00, 0x00, 0x00,
    0x00, 0x00, 0x00, 0x00, 0x00, 0x00, 0x00, 0x00, 0x00, 0x00, 0x00, 0x00, 0x00, 0x00, 0x00, 0x00, 0x00, 0x00, 0x00, 0x00,
    0x00, 0x00, 0x00, 0x00, 0x00, 0x00, 0x00, 0x00, 0x00, 0x00, 0x00, 0x00, 0x00, 0x00, 0x00, 0x00, 0x00, 0x00, 0x00, 0x00,
    0x00, 0x00, 0x00, 0x00, 0x00, 0x00, 0x00, 0x00, 0x00, 0x00, 0x00, 0x00, 0x00, 0x00, 0x00, 0x00, 0x00, 0x00, 0x00, 0x00,
    0x00, 0x00, 0x00, 0x00, 0x00, 0x00, 0x00, 0x00, 0x00, 0x00, 0x00, 0x00, 0x00, 0x00, 0x00, 0x00, 0x00, 0x00, 0x00, 0x00,
    0x00, 0x00, 0x00, 0x00, 0x00, 0x00, 0x00, 0x00, 0x00, 0x00, 0x00, 0x00, 0x00, 0x00, 0x00, 0x00, 0x00, 0x00, 0x00, 0x00,
    0x00, 0x00, 0x00, 0x00, 0x00, 0x00, 0x00, 0x00, 0x00, 0x00, 0x00, 0x00, 0x00, 0x00, 0x00, 0x00, 0x00, 0x00, 0x00, 0x00,
    0x00, 0x00, 0x00, 0x00, 0x00, 0x00, 0x00, 0x00, 0x00, 0x00, 0x00, 0x00, 0x00, 0x00, 0x00, 0x00, 0x00, 0x00, 0x00, 0x00,
    0x00, 0x00, 0x00, 0x00, 0x00, 0x00, 0x00, 0x00, 0x00, 0x00, 0x00, 0x00, 0x00, 0x00, 0x00, 0x00, 0x00, 0x00, 0x00, 0x00,
    0x00, 0x00, 0x00, 0x00, 0x00, 0x00, 0x00, 0x00, 0x00, 0x00, 0x00, 0x00, 0x00, 0x00, 0x00, 0x00, 0x00, 0x00, 0x00, 0x00,
    0x00, 0x00, 0x00, 0x00, 0x00, 0x00, 0x00, 0x00, 0x00, 0x00, 0x00, 0x00, 0x00, 0x00, 0x00, 0x00, 0x00, 0x00, 0x00, 0x00,
    0x00, 0x00, 0x00, 0x00, 0x00, 0x00, 0x00, 0x00, 0x00, 0x00, 0x00, 0x00, 0x00, 0x00, 0x00, 0x00, 0x00, 0x00, 0x00, 0x00,
    0x00, 0x00, 0x00, 0x00, 0x00, 0x00, 0x00, 0x00, 0x00, 0x00, 0x00, 0x00, 0x00, 0x00, 0x00, 0x00, 0x00, 0x00, 0x00, 0x00,
    0x00, 0x00, 0x00, 0x00, 0x00, 0x00, 0x00, 0x00, 0x00, 0x00, 0x00, 0x00, 0x00, 0x00, 0x00, 0x00, 0x00, 0x00, 0x00, 0x00,
    0x00, 0x00, 0x00, 0x00, 0x00, 0x00, 0x00, 0x00, 0x00, 0x00, 0x00, 0x00, 0x00, 0x00, 0x00, 0x00, 0x00, 0x00, 0x00, 0x00,
    0x00, 0x00, 0x00, 0x00, 0x00, 0x00, 0x00, 0x00, 0x00, 0x00, 0x00, 0x00, 0x00, 0x00, 0x00, 0x00, 0x00, 0x00, 0x00, 0x00,
    0x00, 0x00, 0x00, 0x00, 0x00, 0x00, 0x00, 0x00, 0x00, 0x00, 0x00, 0x00, 0x00, 0x00, 0x00, 0x00, 0x00, 0x00, 0x00, 0x00,
    0x00, 0x00, 0x00, 0x00, 0x00, 0x00, 0x00, 0x00, 0x00, 0x00, 0x00, 0x00, 0x00, 0x00, 0x00, 0x00, 0x00, 0x00, 0x00, 0x00,
    0x00, 0x00, 0x00, 0x00, 0x00, 0x00, 0x00, 0x00, 0x00, 0x00, 0x00, 0x00, 0x00, 0x00, 0x00, 0x00, 0x00, 0x00, 0x00, 0x00,
    0x00, 0x00, 0x00, 0x00, 0x00, 0x00, 0x00, 0x00, 0x00, 0x00, 0x00, 0x00, 0x00, 0x00, 0x00, 0x00, 0x00, 0x00, 0x00, 0x00,
    0x00, 0x00, 0x00, 0x00, 0x00, 0x00, 0x00, 0x00, 0x00, 0x00, 0x00, 0x00, 0x00, 0x00, 0x00, 0x00, 0x00, 0x00, 0x00, 0x00,
    0x00, 0x00, 0x00, 0x00, 0x00, 0x00, 0x00, 0x00, 0x00, 0x00, 0x00, 0x00, 0x00, 0x00, 0x00, 0x00, 0x00, 0x00, 0x00, 0x00,
    0x00, 0x00, 0x00, 0x00, 0x00, 0x00, 0x00, 0x00, 0x00, 0x00, 0x00, 0x00, 0x00, 0x00, 0x00, 0x00, 0x00, 0x00, 0x00, 0x00,
    0x00, 0x00, 0x00, 0x00, 0x00, 0x00, 0x00, 0x00, 0x00, 0x00, 0x00, 0x00, 0x00, 0x00, 0x00, 0x00, 0x00, 0x00, 0x00, 0x00,
    0x00, 0x00, 0x00, 0x00, 0x00, 0x00, 0x00, 0x00, 0x00, 0x00, 0x00, 0x00, 0x00, 0x00, 0x00, 0x00, 0x00, 0x00, 0x00, 0x00,
    0x00, 0x00, 0x00, 0x00, 0x00, 0x00, 0x00, 0x00, 0x00, 0x00, 0x00, 0x00, 0x00, 0x00, 0x00, 0x00, 0x00, 0x00, 0x00, 0x00,
    0x00, 0x00, 0x00, 0x00, 0x00, 0x00, 0x00, 0x00, 0x00, 0x00, 0x00, 0x00, 0x00, 0x00, 0x00, 0x00, 0x00, 0x00, 0x00, 0x00,
    0x00, 0x00, 0x00, 0x00, 0x00, 0x00, 0x00, 0x00, 0x00, 0x00, 0x00, 0x00, 0x00, 0x00, 0x00, 0x00, 0x00, 0x00, 0x00, 0x00,
    0x00, 0x00, 0x00, 0x00, 0x00, 0x00, 0x00, 0x00, 0x00, 0x00, 0x00, 0x00, 0x00, 0x00, 0x00, 0x00, 0x00, 0x00, 0x00, 0x00,
    0x00, 0x00, 0x00, 0x00, 0x00, 0x00, 0x00, 0x00, 0x00, 0x00, 0x00, 0x00, 0x00, 0x00, 0x00, 0x00, 0x00, 0x00, 0x00, 0x00,
    0x00, 0x00, 0x00, 0x00, 0x00, 0x00, 0x00, 0x00, 0x00, 0x00, 0x00, 0x00, 0x00, 0x00, 0x00, 0x00, 0x00, 0x00, 0x00, 0x00,
    0x00, 0x00, 0x00, 0x00, 0x00, 0x00, 0x00, 0x00, 0x00, 0x00, 0x00, 0x00, 0x00, 0x00, 0x00, 0x00, 0x00, 0x00, 0x00, 0x00,
    0x00, 0x00, 0x00, 0x00, 0x00, 0x00, 0x00, 0x00, 0x00, 0x00, 0x00, 0x00, 0x00, 0x00, 0x00, 0x00, 0x00, 0x00, 0x00, 0x00,
    0x00, 0x00, 0x00, 0x00, 0x00, 0x00, 0x00, 0x00, 0x00, 0x00, 0x00, 0x00, 0x00, 0x00, 0x00, 0x00, 0x00, 0x00, 0x00, 0x00,
    0x00, 0x00, 0x00, 0x00, 0x00, 0x00, 0x00, 0x00, 0x00, 0x00, 0x00, 0x00, 0x00, 0x00, 0x00, 0x00, 0x00, 0x00, 0x00, 0x00,
    0x00, 0x00, 0x00, 0x00, 0x00, 0x00, 0x00, 0x00, 0x00, 0x00, 0x00, 0x00, 0x00, 0x00, 0x00, 0x00, 0x00, 0x00, 0x00, 0x00,
    0x00, 0x00, 0x00, 0x00, 0x00, 0x00, 0x00, 0x00, 0x00, 0x00, 0x00, 0x00, 0x00, 0x00, 0x00, 0x00, 0x00, 0x00, 0x00, 0x00,
    0x00, 0x00, 0x00, 0x00, 0x00, 0x00, 0x00, 0x00, 0x00, 0x00, 0x00, 0x00, 0x00, 0x00, 0x00, 0x00, 0x00, 0x00, 0x00, 0x00,
    0x00, 0x00, 0x00, 0x00, 0x00, 0x00, 0x00, 0x00, 0x00, 0x00, 0x00, 0x00, 0x00, 0x00, 0x00, 0x00, 0x00, 0x00, 0x00, 0x00,
    0x00, 0x00, 0x00, 0x00, 0x00, 0x00, 0x00, 0x00, 0x00, 0x00, 0x00, 0x00, 0x00, 0x00, 0x00, 0x00, 0x00, 0x00, 0x00, 0x00,
    0x00, 0x00, 0x00, 0x00, 0x00, 0x00, 0x00, 0x00, 0x00, 0x00, 0x00, 0x00, 0x00, 0x00, 0x00, 0x00, 0x00, 0x00, 0x00, 0x00,
    0x00, 0x00, 0x00, 0x00, 0x00, 0x00, 0x00, 0x00, 0x00, 0x00, 0x00, 0x00, 0x00, 0x00, 0x00, 0x00, 0x00, 0x00, 0x00, 0x00,
    0x00, 0x00, 0x00, 0x00, 0x00, 0x00, 0x00, 0x00, 0x00, 0x00, 0x00, 0x00, 0x00, 0x00, 0x00, 0x00, 0x00, 0x00, 0x00, 0x00,
    0x00, 0x00, 0x00, 0x00, 0x00, 0x00, 0x00, 0x00, 0x00, 0x00, 0x00, 0x00, 0x00, 0x00, 0x00, 0x00, 0x00, 0x00, 0x00, 0x00,
    0x00, 0x00, 0x00, 0x00, 0x00, 0x00, 0x00, 0x00, 0x00, 0x00, 0x00, 0x00, 0x00, 0x00, 0x00, 0x00, 0x00, 0x00, 0x00, 0x00,
    0x00, 0x00, 0x00, 0x00, 0x00, 0x00, 0x00, 0x00, 0x00, 0x00, 0x00, 0x00, 0x00, 0x00, 0x00, 0x00, 0x00, 0x00, 0x00, 0x00,
    0x00, 0x00, 0x00, 0x00, 0x00, 0x00, 0x00, 0x00, 0x00, 0x00, 0x00, 0x00, 0x00, 0x00, 0x00, 0x00, 0x00, 0x00, 0x00, 0x00,
    0x00, 0x00, 0x00, 0x00, 0x00, 0x00, 0x00, 0x00, 0x00, 0x00, 0x00, 0x00, 0x00, 0x00, 0x00, 0x00, 0x00, 0x00, 0x00, 0x00,
    0x00, 0x00, 0x00, 0x00, 0x00, 0x00, 0x00, 0x00, 0x00, 0x00, 0x00, 0x00, 0x00, 0x00, 0x00, 0x00, 0x00, 0x00, 0x00, 0x00,
    0x00, 0x00, 0x00, 0x00, 0x00, 0x00, 0x00, 0x00, 0x00, 0x00, 0x00, 0x00, 0x00, 0x00, 0x00, 0x00, 0x00, 0x00, 0x00, 0x00,
    0x00, 0x00, 0x00, 0x00, 0x00, 0x00, 0x00, 0x00, 0x00, 0x00, 0x00, 0x00, 0x00, 0x00, 0x00, 0x00, 0x00, 0x00, 0x00, 0x00,
    0x00, 0x00, 0x00, 0x00, 0x00, 0x00, 0x00, 0x00, 0x00, 0x00, 0x00, 0x00, 0x00, 0x00, 0x00, 0x00, 0x00, 0x00, 0x00, 0x00,
    0x00, 0x00, 0x00, 0x00, 0x00, 0x00, 0x00, 0x00, 0x00, 0x00, 0x00, 0x00, 0x00, 0x00, 0x00, 0x00, 0x00, 0x00, 0x00, 0x00,
    0x00, 0x00, 0x00, 0x00, 0x00, 0x00, 0x00, 0x00, 0x00, 0x00, 0x00, 0x00, 0x00, 0x00, 0x00, 0x00, 0x00, 0x00, 0x00, 0x00,
    0x00, 0x00, 0x00, 0x00, 0x00, 0x00, 0x00, 0x00, 0x00, 0x00, 0x00, 0x00, 0x00, 0x00, 0x00, 0x00, 0x00, 0x00, 0x00, 0x00,
    0x00, 0x00, 0x00, 0x00, 0x00, 0x00, 0x00, 0x00, 0x00, 0x00, 0x00, 0x00, 0x00, 0x00, 0x00, 0x00, 0x00, 0x00, 0x00, 0x00,
    0x00, 0x00, 0x00, 0x00, 0x00, 0x00, 0x00, 0x00, 0x00, 0x00, 0x00, 0x00, 0x00, 0x00, 0x00, 0x00, 0x00, 0x00, 0x00, 0x00,
    0x00, 0x00, 0x00, 0x00, 0x00, 0x00, 0x00, 0x00, 0x00, 0x00, 0x00, 0x00, 0x00, 0x00, 0x00, 0x00, 0x00, 0x00, 0x00, 0x00,
    0x00, 0x00, 0x00, 0x00, 0x00, 0x00, 0x00, 0x00, 0x00, 0x00, 0x00, 0x00, 0x00, 0x00, 0x00, 0x00, 0x00, 0x00, 0x00, 0x00,
    0x00, 0x00, 0x00, 0x00, 0x00, 0x00, 0x00, 0x00, 0x00, 0x00, 0x00, 0x00, 0x00, 0x00, 0x00, 0x00, 0x00, 0x00, 0x00, 0x00,
    0x00, 0x00, 0x00, 0x00, 0x00, 0x00, 0x00, 0x00, 0x00, 0x00, 0x00, 0x00, 0x00, 0x00, 0x00, 0x00, 0x00, 0x00, 0x00, 0x00,
    0x00, 0x00, 0x00, 0x00, 0x00, 0x00, 0x00, 0x00, 0x00, 0x00, 0x00, 0x00, 0x00, 0x00, 0x00, 0x00, 0x00, 0x00, 0x00, 0x00,
    0x00, 0x00, 0x00, 0x00, 0x00, 0x00, 0x00, 0x00, 0x00, 0x00, 0x00, 0x00, 0x00, 0x00, 0x00, 0x00, 0x00, 0x00, 0x00, 0x00,
    0x00, 0x00, 0x00, 0x00, 0x00, 0x00, 0x00, 0x00, 0x00, 0x00, 0x00, 0x00, 0x00, 0x00, 0x00, 0x00, 0x00, 0x00, 0x00, 0x00,
    0x00, 0x00, 0x00, 0x00, 0x00, 0x00, 0x00, 0x00, 0x00, 0x00, 0x00, 0x00, 0x00, 0x00, 0x00, 0x00, 0x00, 0x00, 0x00, 0x00,
    0x00, 0x00, 0x00, 0x00, 0x00, 0x00, 0x00, 0x00, 0x00, 0x00, 0x00, 0x00, 0x00, 0x00, 0x00, 0x00, 0x00, 0x00, 0x00, 0x00,
    0x00, 0x00, 0x00, 0x00, 0x00, 0x00, 0x00, 0x00, 0x00, 0x00, 0x00, 0x00, 0x00, 0x00, 0x00, 0x00, 0x00, 0x00, 0x00, 0x00,
    0x00, 0x00, 0x00, 0x00, 0x00, 0x00, 0x00, 0x00, 0x00, 0x00, 0x00, 0x00, 0x00, 0x00, 0x00, 0x00, 0x00, 0x00, 0x00, 0x00,
    0x00, 0x00, 0x00, 0x00, 0x00, 0x00, 0x00, 0x00, 0x00, 0x00, 0x00, 0x00, 0x00, 0x00, 0x00, 0x00, 0x00, 0x00, 0x00, 0x00,
    0x00, 0x00, 0x00, 0x00, 0x00, 0x00, 0x00, 0x00, 0x00, 0x00, 0x00, 0x00, 0x00, 0x00, 0x00, 0x00, 0x00, 0x00, 0x00, 0x00,
    0x00, 0x00, 0x00, 0x00, 0x00, 0x00, 0x00, 0x00, 0x00, 0x00, 0x00, 0x00, 0x00, 0x00, 0x00, 0x00, 0x00, 0x00, 0x00, 0x00,
    0x00, 0x00, 0x00, 0x00, 0x00, 0x00, 0x00, 0x00, 0x00, 0x00, 0x00, 0x00, 0x00, 0x00, 0x00, 0x00, 0x00, 0x00, 0x00, 0x00,
    0x00, 0x00, 0x00, 0x00, 0x00, 0x00, 0x00, 0x00, 0x00, 0x00, 0x00, 0x00, 0x00, 0x00, 0x00, 0x00, 0x00, 0x00, 0x00, 0x00,
    0x00, 0x00, 0x00, 0x00, 0x00, 0x00, 0x00, 0x00, 0x00, 0x00, 0x00, 0x00, 0x00, 0x00, 0x00, 0x00, 0x00, 0x00, 0x00, 0x00,
    0x00, 0x00, 0x00, 0x00, 0x00, 0x00, 0x00, 0x00, 0x00, 0x00, 0x00, 0x00, 0x00, 0x00, 0x00, 0x00, 0x00, 0x00, 0x00, 0x00,
    0x00, 0x00, 0x00, 0x00, 0x00, 0x00, 0x00, 0x00, 0x00, 0x00, 0x00, 0x00, 0x00, 0x00, 0x00, 0x00, 0x00, 0x00, 0x00, 0x00,
    0x00, 0x00, 0x00, 0x00, 0x00, 0x00, 0x00, 0x00, 0x00, 0x00, 0x00, 0x00, 0x00, 0x00, 0x00, 0x00, 0x00, 0x00, 0x00, 0x00,
    0x00, 0x00, 0x00, 0x00, 0x00, 0x00, 0x00, 0x00, 0x00, 0x00, 0x00, 0x00, 0x00, 0x00, 0x00, 0x00, 0x00, 0x00, 0x00, 0x00,
    0x00, 0x00, 0x00, 0x00, 0x00, 0x00, 0x00, 0x00, 0x00, 0x00, 0x00, 0x00, 0x00, 0x00, 0x00, 0x00, 0x00, 0x00, 0x00, 0x00,
    0x00, 0x00, 0x00, 0x00, 0x00, 0x00, 0x00, 0x00, 0x00, 0x00, 0x00, 0x00, 0x00, 0x00, 0x00, 0x00, 0x00, 0x00, 0x00, 0x00,
    0x00, 0x00, 0x00, 0x00, 0x00, 0x00, 0x00, 0x00, 0x00, 0x00, 0x00, 0x00, 0x00, 0x00, 0x00, 0x00, 0x00, 0x00, 0x00, 0x00,
    0x00, 0x00, 0x00, 0x00, 0x00, 0x00, 0x00, 0x00, 0x00, 0x00, 0x00, 0x00, 0x00, 0x00, 0x00, 0x00, 0x00, 0x00, 0x00, 0x00,
    0x00, 0x00, 0x00, 0x00, 0x00, 0x00, 0x00, 0x00, 0x00, 0x00, 0x00, 0x00, 0x00, 0x00, 0x00, 0x00, 0x00, 0x00, 0x00, 0x00,
    0x00, 0x00, 0x00, 0x00, 0x00, 0x00, 0x00, 0x00, 0x00, 0x00, 0x00, 0x00, 0x00, 0x00, 0x00, 0x00, 0x00, 0x00, 0x00, 0x00,
    0x00, 0x00, 0x00, 0x00, 0x00, 0x00, 0x00, 0x00, 0x00, 0x00, 0x00, 0x00, 0x00, 0x00, 0x00, 0x00, 0x00, 0x00, 0x00, 0x00,
    0x00, 0x00, 0x00, 0x00, 0x00, 0x00, 0x00, 0x00, 0x00, 0x00, 0x00, 0x00, 0x00, 0x00, 0x00, 0x00, 0x00, 0x00, 0x00, 0x00,
    0x00, 0x00, 0x00, 0x00, 0x00, 0x00, 0x00, 0x00, 0x00, 0x00, 0x00, 0x00, 0x00, 0x00, 0x00, 0x00, 0x00, 0x00, 0x00, 0x00,
    0x00, 0x00, 0x00, 0x00, 0x00, 0x00, 0x00, 0x00, 0x00, 0x00, 0x00, 0x00, 0x00, 0x00, 0x00, 0x00, 0x00, 0x00, 0x00, 0x00,
    0x00, 0x00, 0x00, 0x00, 0x00, 0x00, 0x00, 0x00, 0x00, 0x00, 0x00, 0x00, 0x00, 0x00, 0x00, 0x00, 0x00, 0x00, 0x00, 0x00,
    0x00, 0x00, 0x00, 0x00, 0x00, 0x00, 0x00, 0x00, 0x00, 0x00, 0x00, 0x00, 0x00, 0x00, 0x00, 0x00, 0x00, 0x00, 0x00, 0x00,
    0x00, 0x00, 0x00, 0x00, 0x00, 0x00, 0x00, 0x00, 0x00, 0x00, 0x00, 0x00, 0x00, 0x00, 0x00, 0x00, 0x00, 0x00, 0x00, 0x00,
    0x00, 0x00, 0x00, 0x00, 0x00, 0x00, 0x00, 0x00, 0x00, 0x00, 0x00, 0x00, 0x00, 0x00, 0x00, 0x00, 0x00, 0x00, 0x00, 0x00,
    0x00, 0x00, 0x00, 0x00, 0x00, 0x00, 0x00, 0x00, 0x00, 0x00, 0x00, 0x00, 0x00, 0x00, 0x00, 0x00, 0x00, 0x00, 0x00, 0x00,
    0x00, 0x00, 0x00, 0x00, 0x00, 0x00, 0x00, 0x00, 0x00, 0x00, 0x00, 0x00, 0x00, 0x00, 0x00, 0x00, 0x00, 0x00, 0x00, 0x00,
    0x00, 0x00, 0x00, 0x00, 0x00, 0x00, 0x00, 0x00, 0x00, 0x00, 0x00, 0x00, 0x00, 0x00, 0x00, 0x00, 0x00, 0x00, 0x00, 0x00,
    0x00, 0x00, 0x00, 0x00, 0x00, 0x00, 0x00, 0x00, 0x00, 0x00, 0x00, 0x00, 0x00, 0x00, 0x00, 0x00, 0x00, 0x00, 0x00, 0x00,
    0x00, 0x00, 0x00, 0x00, 0x00, 0x00, 0x00, 0x00, 0x00, 0x00, 0x00, 0x00, 0x00, 0x00, 0x00, 0x00, 0x00, 0x00, 0x00, 0x00,
    0x00, 0x00, 0x00, 0x00, 0x00, 0x00, 0x00, 0x00, 0x00, 0x00, 0x00, 0x00, 0x00, 0x00, 0x00, 0x00, 0x00, 0x00, 0x00, 0x00,
    0x00, 0x00, 0x00, 0x00, 0x00, 0x00, 0x00, 0x00, 0x00, 0x00, 0x00, 0x00, 0x00, 0x00, 0x00, 0x00, 0x00, 0x00, 0x00, 0x00,
    0x00, 0x00, 0x00, 0x00, 0x00, 0x00, 0x00, 0x00, 0x00, 0x00, 0x00, 0x00, 0x00, 0x00, 0x00, 0x00, 0x00, 0x00, 0x00, 0x00,
    0x00, 0x00, 0x00, 0x00, 0x00, 0x00, 0x00, 0x00, 0x00, 0x00, 0x00, 0x00, 0x00, 0x00, 0x00, 0x00, 0x00, 0x00, 0x00, 0x00,
    0x00, 0x00, 0x00, 0x00, 0x00, 0x00, 0x00, 0x00, 0x00, 0x00, 0x00, 0x00, 0x00, 0x00, 0x00, 0x00, 0x00, 0x00, 0x00, 0x00,
    0x00, 0x00, 0x00, 0x00, 0x00, 0x00, 0x00, 0x00, 0x00, 0x00, 0x00, 0x00, 0x00, 0x00, 0x00, 0x00, 0x00, 0x00, 0x00, 0x00,
    0x00, 0x00, 0x00, 0x00, 0x00, 0x00, 0x00, 0x00, 0x00, 0x00, 0x00, 0x00, 0x00, 0x00, 0x00, 0x00, 0x00, 0x00, 0x00, 0x00,
    0x00, 0x00, 0x00, 0x00, 0x00, 0x00, 0x00, 0x00, 0x00, 0x00, 0x00, 0x00, 0x00, 0x00, 0x00, 0x00, 0x00, 0x00, 0x00, 0x00,
    0x00, 0x00, 0x00, 0x00, 0x00, 0x00, 0x00, 0x00, 0x00, 0x00, 0x00, 0x00, 0x00, 0x00, 0x00, 0x00, 0x00, 0x00, 0x00, 0x00,
    0x00, 0x00, 0x00, 0x00, 0x00, 0x00, 0x00, 0x00, 0x00, 0x00, 0x00, 0x00, 0x00, 0x00, 0x00, 0x00, 0x00, 0x00, 0x00, 0x00,
    0x00, 0x00, 0x00, 0x00, 0x00, 0x00, 0x00, 0x00, 0x00, 0x00, 0x00, 0x00, 0x00, 0x00, 0x00, 0x00, 0x00, 0x00, 0x00, 0x00,
    0x00, 0x00, 0x00, 0x00, 0x00, 0x00, 0x00, 0x00, 0x00, 0x00, 0x00, 0x00, 0x00, 0x00, 0x00, 0x00, 0x00, 0x00, 0x00, 0x00,
    0x00, 0x00, 0x00, 0x00, 0x00, 0x00, 0x00, 0x00, 0x00, 0x00, 0x00, 0x00, 0x00, 0x00, 0x00, 0x00, 0x00, 0x00, 0x00, 0x00,
    0x00, 0x00, 0x00, 0x00, 0x00, 0x00, 0x00, 0x00, 0x00, 0x00, 0x00, 0x00, 0x00, 0x00, 0x00, 0x00, 0x00, 0x00, 0x00, 0x00,
    0x00, 0x00, 0x00, 0x00, 0x00, 0x00, 0x00, 0x00, 0x00, 0x00, 0x00, 0x00, 0x00, 0x00, 0x00, 0x00, 0x00, 0x00, 0x00, 0x00,
    0x00, 0x00, 0x00, 0x00, 0x00, 0x00, 0x00, 0x00, 0x00, 0x00, 0x00, 0x00, 0x00, 0x00, 0x00, 0x00, 0x00, 0x00, 0x00, 0x00,
    0x00, 0x00, 0x00, 0x00, 0x00, 0x00, 0x00, 0x00, 0x00, 0x00, 0x00, 0x00, 0x00, 0x00, 0x00, 0x00, 0x00, 0x00, 0x00, 0x00,
    0x00, 0x00, 0x00, 0x00, 0x00, 0x00, 0x00, 0x00, 0x00, 0x00, 0x00, 0x00, 0x00, 0x00, 0x00, 0x00, 0x00, 0x00, 0x00, 0x00,
    0x00, 0x00, 0x00, 0x00, 0x00, 0x00, 0x00, 0x00, 0x00, 0x00, 0x00, 0x00, 0x00, 0x00, 0x00, 0x00, 0x00, 0x00, 0x00, 0x00,
    0x00, 0x00, 0x00, 0x00, 0x00, 0x00, 0x00, 0x00, 0x00, 0x00, 0x00, 0x00, 0x00, 0x00, 0x00, 0x00, 0x00, 0x00, 0x00, 0x00,
    0x00, 0x00, 0x00, 0x00, 0x00, 0x00, 0x00, 0x00, 0x00, 0x00, 0x00, 0x00, 0x00, 0x00, 0x00, 0x00, 0x00, 0x00, 0x00, 0x00,
    0x00, 0x00, 0x00, 0x00, 0x00, 0x00, 0x00, 0x00, 0x00, 0x00, 0x00, 0x00, 0x00, 0x00, 0x00, 0x00, 0x00, 0x00, 0x00, 0x00,
    0x00, 0x00, 0x00, 0x00, 0x00, 0x00, 0x00, 0x00, 0x00, 0x00, 0x00, 0x00, 0x00, 0x00, 0x00, 0x00, 0x00, 0x00, 0x00, 0x00,
    0x00, 0x00, 0x00, 0x00, 0x00, 0x00, 0x00, 0x00, 0x00, 0x00, 0x00, 0x00, 0x00, 0x00, 0x00, 0x00, 0x00, 0x00, 0x00, 0x00,
    0x00, 0x00, 0x00, 0x00, 0x00, 0x00, 0x00, 0x00, 0x00, 0x00, 0x00, 0x00, 0x00, 0x00, 0x00, 0x00, 0x00, 0x00, 0x00, 0x00,
    0x00, 0x00, 0x00, 0x00, 0x00, 0x00, 0x00, 0x00, 0x00, 0x00, 0x00, 0x00, 0x00, 0x00, 0x00, 0x00, 0x00, 0x00, 0x00, 0x00,
    0x00, 0x00, 0x00, 0x00, 0x00, 0x00, 0x00, 0x00, 0x00, 0x00, 0x00, 0x00, 0x00, 0x00, 0x00, 0x00, 0x00, 0x00, 0x00, 0x00,
    0x00, 0x00, 0x00, 0x00, 0x00, 0x00, 0x00, 0x00, 0x00, 0x00, 0x00, 0x00, 0x00, 0x00, 0x00, 0x00, 0x00, 0x00, 0x00, 0x00,
    0x00, 0x00, 0x00, 0x00, 0x00, 0x00, 0x00, 0x00, 0x00, 0x00, 0x00, 0x00, 0x00, 0x00, 0x00, 0x00, 0x00, 0x00, 0x00, 0x00,
    0x00, 0x00, 0x00, 0x00, 0x00, 0x00, 0x00, 0x00, 0x00, 0x00, 0x00, 0x00, 0x00, 0x00, 0x00, 0x00, 0x00, 0x00, 0x00, 0x00,
    0x00, 0x00, 0x00, 0x00, 0x00, 0x00, 0x00, 0x00, 0x00, 0x00, 0x00, 0x00, 0x00, 0x00, 0x00, 0x00, 0x00, 0x00, 0x00, 0x00,
    0x00, 0x00, 0x00, 0x00, 0x00, 0x00, 0x00, 0x00, 0x00, 0x00, 0x00, 0x00, 0x00, 0x00, 0x00, 0x00, 0x00, 0x00, 0x00, 0x00,
    0x00, 0x00, 0x00, 0x00, 0x00, 0x00, 0x00, 0x00, 0x00, 0x00, 0x00, 0x00, 0x00, 0x00, 0x00, 0x00, 0x00, 0x00, 0x00, 0x00,
    0x00, 0x00, 0x00, 0x00, 0x00, 0x00, 0x00, 0x00, 0x00, 0x00, 0x00, 0x00, 0x00, 0x00, 0x00, 0x00, 0x00, 0x00, 0x00, 0x00,
    0x00, 0x00, 0x00, 0x00, 0x00, 0x00, 0x00, 0x00, 0x00, 0x00, 0x00, 0x00, 0x00, 0x00, 0x00, 0x00, 0x00, 0x00, 0x00, 0x00,
    0x00, 0x00, 0x00, 0x00, 0x00, 0x00, 0x00, 0x00, 0x00, 0x00, 0x00, 0x00, 0x00, 0x00, 0x00, 0x00, 0x00, 0x00, 0x00, 0x00,
    0x00, 0x00, 0x00, 0x00, 0x00, 0x00, 0x00, 0x00, 0x00, 0x00, 0x00, 0x00, 0x00, 0x00, 0x00, 0x00, 0x00, 0x00, 0x00, 0x00,
    0x00, 0x00, 0x00, 0x00, 0x00, 0x00, 0x00, 0x00, 0x00, 0x00, 0x00, 0x00, 0x00, 0x00, 0x00, 0x00, 0x00, 0x00, 0x00, 0x00,
    0x00, 0x00, 0x00, 0x00, 0x00, 0x00, 0x00, 0x00, 0x00, 0x00, 0x00, 0x00, 0x00, 0x00, 0x00, 0x00, 0x00, 0x00, 0x00, 0x00,
    0x00, 0x00, 0x00, 0x00, 0x00, 0x00, 0x00, 0x00, 0x00, 0x00, 0x00, 0x00, 0x00, 0x00, 0x00, 0x00, 0x00, 0x00, 0x00, 0x00,
    0x00, 0x00, 0x00, 0x00, 0x00, 0x00, 0x00, 0x00, 0x00, 0x00, 0x00, 0x00, 0x00, 0x00, 0x00, 0x00, 0x00, 0x00, 0x00, 0x00,
    0x00, 0x00, 0x00, 0x00, 0x00, 0x00, 0x00, 0x00, 0x00, 0x00, 0x00, 0x00, 0x00, 0x00, 0x00, 0x00, 0x00, 0x00, 0x00, 0x00,
    0x00, 0x00, 0x00, 0x00, 0x00, 0x00, 0x00, 0x00, 0x00, 0x00, 0x00, 0x00, 0x00, 0x00, 0x00, 0x00, 0x00, 0x00, 0x00, 0x00,
    0x00, 0x00, 0x00, 0x00, 0x00, 0x00, 0x00, 0x00, 0x00, 0x00, 0x00, 0x00, 0x00, 0x00, 0x00, 0x00, 0x00, 0x00, 0x00, 0x00,
    0x00, 0x00, 0x00, 0x00, 0x00, 0x00, 0x00, 0x00, 0x00, 0x00, 0x00, 0x00, 0x00, 0x00, 0x00, 0x00, 0x00, 0x00, 0x00, 0x00,
    0x00, 0x00, 0x00, 0x00, 0x00, 0x00, 0x00, 0x00, 0x00, 0x00, 0x00, 0x00, 0x00, 0x00, 0x00, 0x00, 0x00, 0x00, 0x00, 0x00,
    0x00, 0x00, 0x00, 0x00, 0x00, 0x00, 0x00, 0x00, 0x00, 0x00, 0x00, 0x00, 0x00, 0x00, 0x00, 0x00, 0x00, 0x00, 0x00, 0x00,
    0x00, 0x00, 0x00, 0x00, 0x00, 0x00, 0x00, 0x00, 0x00, 0x00, 0x00, 0x00, 0x00, 0x00, 0x00, 0x00, 0x00, 0x00, 0x00, 0x00,
    0x00, 0x00, 0x00, 0x00, 0x00, 0x00, 0x00, 0x00, 0x00, 0x00, 0x00, 0x00, 0x00, 0x00, 0x00, 0x00, 0x00, 0x00, 0x00, 0x00,
    0x00, 0x00, 0x00, 0x00, 0x00, 0x00, 0x00, 0x00, 0x00, 0x00, 0x00, 0x00, 0x00, 0x00, 0x00, 0x00, 0x00, 0x00, 0x00, 0x00,
    0x00, 0x00, 0x00, 0x00, 0x00, 0x00, 0x00, 0x00, 0x00, 0x00, 0x00, 0x00, 0x00, 0x00, 0x00, 0x00, 0x00, 0x00, 0x00, 0x00,
    0x00, 0x00, 0x00, 0x00, 0x00, 0x00, 0x00, 0x00, 0x00, 0x00, 0x00, 0x00, 0x00, 0x00, 0x00, 0x00, 0x00, 0x00, 0x00, 0x00,
    0x00, 0x00, 0x00, 0x00, 0x00, 0x00, 0x00, 0x00, 0x00, 0x00, 0x00, 0x00, 0x00, 0x00, 0x00, 0x00, 0x00, 0x00, 0x00, 0x00,
    0x00, 0x00, 0x00, 0x00, 0x00, 0x00, 0x00, 0x00, 0x00, 0x00, 0x00, 0x00, 0x00, 0x00, 0x00, 0x00, 0x00, 0x00, 0x00, 0x00,
    0x00, 0x00, 0x00, 0x00, 0x00, 0x00, 0x00, 0x00, 0x00, 0x00, 0x00, 0x00, 0x00, 0x00, 0x00, 0x00, 0x00, 0x00, 0x00, 0x00,
    0x00, 0x00, 0x00, 0x00, 0x00, 0x00, 0x00, 0x00, 0x00, 0x00, 0x00, 0x00, 0x00, 0x00, 0x00, 0x00, 0x00, 0x00, 0x00, 0x00,
    0x00, 0x00, 0x00, 0x00, 0x00, 0x00, 0x00, 0x00, 0x00, 0x00, 0x00, 0x00, 0x00, 0x00, 0x00, 0x00, 0x00, 0x00, 0x00, 0x00,
    0x00, 0x00, 0x00, 0x00, 0x00, 0x00, 0x00, 0x00, 0x00, 0x00, 0x00, 0x00, 0x00, 0x00, 0x00, 0x00, 0x00, 0x00, 0x00, 0x00,
    0x00, 0x00, 0x00, 0x00, 0x00, 0x00, 0x00, 0x00, 0x00, 0x00, 0x00, 0x00, 0x00, 0x00, 0x00, 0x00, 0x00, 0x00, 0x00, 0x00,
    0x00, 0x00, 0x00, 0x00, 0x00, 0x00, 0x00, 0x00, 0x00, 0x00, 0x00, 0x00, 0x00, 0x00, 0x00, 0x00, 0x00, 0x00, 0x00, 0x00,
    0x00, 0x00, 0x00, 0x00, 0x00, 0x00, 0x00, 0x00, 0x00, 0x00, 0x00, 0x00, 0x00, 0x00, 0x00, 0x00, 0x00, 0x00, 0x00, 0x00,
    0x00, 0x00, 0x00, 0x00, 0x00, 0x00, 0x00, 0x00, 0x00, 0x00, 0x00, 0x00, 0x00, 0x00, 0x00, 0x00, 0x00, 0x00, 0x00, 0x00,
    0x00, 0x00, 0x00, 0x00, 0x00, 0x00, 0x00, 0x00, 0x00, 0x00, 0x00, 0x00, 0x00, 0x00, 0x00, 0x00, 0x00, 0x00, 0x00, 0x00,
    0x00, 0x00, 0x00, 0x00, 0x00, 0x00, 0x00, 0x00, 0x00, 0x00, 0x00, 0x00, 0x00, 0x00, 0x00, 0x00, 0x00, 0x00, 0x00, 0x00,
    0x00, 0x00, 0x00, 0x00, 0x00, 0x00, 0x00, 0x00, 0x00, 0x00, 0x00, 0x00, 0x00, 0x00, 0x00, 0x00, 0x00, 0x00, 0x00, 0x00,
    0x00, 0x00, 0x00, 0x00, 0x00, 0x00, 0x00, 0x00, 0x00, 0x00, 0x00, 0x00, 0x00, 0x00, 0x00, 0x00, 0x00, 0x00, 0x00, 0x00,
    0x00, 0x00, 0x00, 0x00, 0x00, 0x00, 0x00, 0x00, 0x00, 0x00, 0x00, 0x00, 0x00, 0x00, 0x00, 0x00, 0x00, 0x00, 0x00, 0x00,
    0x00, 0x00, 0x00, 0x00, 0x00, 0x00, 0x00, 0x00, 0x00, 0x00, 0x00, 0x00, 0x00, 0x00, 0x00, 0x00, 0x00, 0x00, 0x00, 0x00,
    0x00, 0x00, 0x00, 0x00, 0x00, 0x00, 0x00, 0x00, 0x00, 0x00, 0x00, 0x00, 0x00, 0x00, 0x00, 0x00, 0x00, 0x00, 0x00, 0x00,
    0x00, 0x00, 0x00, 0x00, 0x00, 0x00, 0x00, 0x00, 0x00, 0x00, 0x00, 0x00, 0x00, 0x00, 0x00, 0x00, 0x00, 0x00, 0x00, 0x00,
    0x00, 0x00, 0x00, 0x00, 0x00, 0x00, 0x00, 0x00, 0x00, 0x00, 0x00, 0x00, 0x00, 0x00, 0x00, 0x00, 0x00, 0x00, 0x00, 0x00,
    0x00, 0x00, 0x00, 0x00, 0x00, 0x00, 0x00, 0x00, 0x00, 0x00, 0x00, 0x00, 0x00, 0x00, 0x00, 0x00, 0x00, 0x00, 0x00, 0x00,
    0x00, 0x00, 0x00, 0x00, 0x00, 0x00, 0x00, 0x00, 0x00, 0x00, 0x00, 0x00, 0x00, 0x00, 0x00, 0x00, 0x00, 0x00, 0x00, 0x00,
    0x00, 0x00, 0x00, 0x00, 0x00, 0x00, 0x00, 0x00, 0x00, 0x00, 0x00, 0x00, 0x00, 0x00, 0x00, 0x00, 0x00, 0x00, 0x00, 0x00,
    0x00, 0x00, 0x00, 0x00, 0x00, 0x00, 0x00, 0x00, 0x00, 0x00, 0x00, 0x00, 0x00, 0x00, 0x00, 0x00, 0x00, 0x00, 0x00, 0x00,
    0x00, 0x00, 0x00, 0x00, 0x00, 0x00, 0x00, 0x00, 0x00, 0x00, 0x00, 0x00, 0x00, 0x00, 0x00, 0x00, 0x00, 0x00, 0x00, 0x00,
    0x00, 0x00, 0x00, 0x00, 0x00, 0x00, 0x00, 0x00, 0x00, 0x00, 0x00, 0x00, 0x00, 0x00, 0x00, 0x00, 0x00, 0x00, 0x00, 0x00,
    0x00, 0x00, 0x00, 0x00, 0x00, 0x00, 0x00, 0x00, 0x00, 0x00, 0x00, 0x00, 0x00, 0x00, 0x00, 0x00, 0x00, 0x00, 0x00, 0x00,
    0x00, 0x00, 0x00, 0x00, 0x00, 0x00, 0x00, 0x00, 0x00, 0x00, 0x00, 0x00, 0x00, 0x00, 0x00, 0x00, 0x00, 0x00, 0x00, 0x00,
    0x00, 0x00, 0x00, 0x00, 0x00, 0x00, 0x00, 0x00, 0x00, 0x00, 0x00, 0x00, 0x00, 0x00, 0x00, 0x00, 0x00, 0x00, 0x00, 0x00,
    0x00, 0x00, 0x00, 0x00, 0x00, 0x00, 0x00, 0x00, 0x00, 0x00, 0x00, 0x00, 0x00, 0x00, 0x00, 0x00, 0x00, 0x00, 0x00, 0x00,
    0x00, 0x00, 0x00, 0x00, 0x00, 0x00, 0x00, 0x00, 0x00, 0x00, 0x00, 0x00, 0x00, 0x00, 0x00, 0x00, 0x00, 0x00, 0x00, 0x00,
    0x00, 0x00, 0x00, 0x00, 0x00, 0x00, 0x00, 0x00, 0x00, 0x00, 0x00, 0x00, 0x00, 0x00, 0x00, 0x00, 0x00, 0x00, 0x00, 0x00,
    0x00, 0x00, 0x00, 0x00, 0x00, 0x00, 0x00, 0x00, 0x00, 0x00, 0x00, 0x00, 0x00, 0x00, 0x00, 0x00, 0x00, 0x00, 0x00, 0x00,
    0x00, 0x00, 0x00, 0x00, 0x00, 0x00, 0x00, 0x00, 0x00, 0x00, 0x00, 0x00, 0x00, 0x00, 0x00, 0x00, 0x00, 0x00, 0x00, 0x00,
    0x00, 0x00, 0x00, 0x00, 0x00, 0x00, 0x00, 0x00, 0x00, 0x00, 0x00, 0x00, 0x00, 0x00, 0x00, 0x00, 0x00, 0x00, 0x00, 0x00,
    0x00, 0x00, 0x00, 0x00, 0x00, 0x00, 0x00, 0x00, 0x00, 0x00, 0x00, 0x00, 0x00, 0x00, 0x00, 0x00, 0x00, 0x00, 0x00, 0x00,
    0x00, 0x00, 0x00, 0x00, 0x00, 0x00, 0x00, 0x00, 0x00, 0x00, 0x00, 0x00, 0x00, 0x00, 0x00, 0x00, 0x00, 0x00, 0x00, 0x00,
    0x00, 0x00, 0x00, 0x00, 0x00, 0x00, 0x00, 0x00, 0x00, 0x00, 0x00, 0x00, 0x00, 0x00, 0x00, 0x00, 0x00, 0x00, 0x00, 0x00,
    0x00, 0x00, 0x00, 0x00, 0x00, 0x00, 0x00, 0x00, 0x00, 0x00, 0x00, 0x00, 0x00, 0x00, 0x00, 0x00, 0x00, 0x00, 0x00, 0x00,
    0x00, 0x00, 0x00, 0x00, 0x00, 0x00, 0x00, 0x00, 0x00, 0x00, 0x00, 0x00, 0x00, 0x00, 0x00, 0x00, 0x00, 0x00, 0x00, 0x00,
    0x00, 0x00, 0x00, 0x00, 0x00, 0x00, 0x00, 0x00, 0x00, 0x00, 0x00, 0x00, 0x00, 0x00, 0x00, 0x00, 0x00, 0x00, 0x00, 0x00,
    0x00, 0x00, 0x00, 0x00, 0x00, 0x00, 0x00, 0x00, 0x00, 0x00, 0x00, 0x00, 0x00, 0x00, 0x00, 0x00, 0x00, 0x00, 0x00, 0x00,
    0x00, 0x00, 0x00, 0x00, 0x00, 0x00, 0x00, 0x00, 0x00, 0x00, 0x00, 0x00, 0x00, 0x00, 0x00, 0x00, 0x00, 0x00, 0x00, 0x00,
    0x00, 0x00, 0x00, 0x00, 0x00, 0x00, 0x00, 0x00, 0x00, 0x00, 0x00, 0x00, 0x00, 0x00, 0x00, 0x00, 0x00, 0x00, 0x00, 0x00,
    0x00, 0x00, 0x00, 0x00, 0x00, 0x00, 0x00, 0x00, 0x00, 0x00, 0x00, 0x00, 0x00, 0x00, 0x00, 0x00, 0x00, 0x00, 0x00, 0x00,
    0x00, 0x00, 0x00, 0x00, 0x00, 0x00, 0x00, 0x00, 0x00, 0x00, 0x00, 0x00, 0x00, 0x00, 0x00, 0x00, 0x00, 0x00, 0x00, 0x00,
    0x00, 0x00, 0x00, 0x00, 0x00, 0x00, 0x00, 0x00, 0x00, 0x00, 0x00, 0x00, 0x00, 0x00, 0x00, 0x00, 0x00, 0x00, 0x00, 0x00,
    0x00, 0x00, 0x00, 0x00, 0x00, 0x00, 0x00, 0x00, 0x00, 0x00, 0x00, 0x00, 0x00, 0x00, 0x00, 0x00, 0x00, 0x00, 0x00, 0x00,
    0x00, 0x00, 0x00, 0x00, 0x00, 0x00, 0x00, 0x00, 0x00, 0x00, 0x00, 0x00, 0x00, 0x00, 0x00, 0x00, 0x00, 0x00, 0x00, 0x00,
    0x00, 0x00, 0x00, 0x00, 0x00, 0x00, 0x00, 0x00, 0x00, 0x00, 0x00, 0x00, 0x00, 0x00, 0x00, 0x00, 0x00, 0x00, 0x00, 0x00,
    0x00, 0x00, 0x00, 0x00, 0x00, 0x00, 0x00, 0x00, 0x00, 0x00, 0x00, 0x00, 0x00, 0x00, 0x00, 0x00, 0x00, 0x00, 0x00, 0x00,
    0x00, 0x00, 0x00, 0x00, 0x00, 0x00, 0x00, 0x00, 0x00, 0x00, 0x00, 0x00, 0x00, 0x00, 0x00, 0x00, 0x00, 0x00, 0x00, 0x00,
    0x00, 0x00, 0x00, 0x00, 0x00, 0x00, 0x00, 0x00, 0x00, 0x00, 0x00, 0x00, 0x00, 0x00, 0x00, 0x00, 0x00, 0x00, 0x00, 0x00,
    0x00, 0x00, 0x00, 0x00, 0x00, 0x00, 0x00, 0x00, 0x00, 0x00, 0x00, 0x00, 0x00, 0x00, 0x00, 0x00, 0x00, 0x00, 0x00, 0x00,
    0x00, 0x00, 0x00, 0x00, 0x00, 0x00, 0x00, 0x00, 0x00, 0x00, 0x00, 0x00, 0x00, 0x00, 0x00, 0x00, 0x00, 0x00, 0x00, 0x00,
    0x00, 0x00, 0x00, 0x00, 0x00, 0x00, 0x00, 0x00, 0x00, 0x00, 0x00, 0x00, 0x00, 0x00, 0x00, 0x00, 0x00, 0x00, 0x00, 0x00,
    0x00, 0x00, 0x00, 0x00, 0x00, 0x00, 0x00, 0x00, 0x00, 0x00, 0x00, 0x00, 0x00, 0x00, 0x00, 0x00, 0x00, 0x00, 0x00, 0x00,
    0x00, 0x00, 0x00, 0x00, 0x00, 0x00, 0x00, 0x00, 0x00, 0x00, 0x00, 0x00, 0x00, 0x00, 0x00, 0x00, 0x00, 0x00, 0x00, 0x00,
    0x00, 0x00, 0x00, 0x00, 0x00, 0x00, 0x00, 0x00, 0x00, 0x00, 0x00, 0x00, 0x00, 0x00, 0x00, 0x00, 0x00, 0x00, 0x00, 0x00,
    0x00, 0x00, 0x00, 0x00, 0x00, 0x00, 0x00, 0x00, 0x00, 0x00, 0x00, 0x00, 0x00, 0x00, 0x00, 0x00, 0x00, 0x00, 0x00, 0x00,
    0x00, 0x00, 0x00, 0x00, 0x00, 0x00, 0x00, 0x00, 0x00, 0x00, 0x00, 0x00, 0x00, 0x00, 0x00, 0x00, 0x00, 0x00, 0x00, 0x00,
    0x00, 0x00, 0x00, 0x00, 0x00, 0x00, 0x00, 0x00, 0x00, 0x00, 0x00, 0x00, 0x00, 0x00, 0x00, 0x00, 0x00, 0x00, 0x00, 0x00,
    0x00, 0x00, 0x00, 0x00, 0x00, 0x00, 0x00, 0x00, 0x00, 0x00, 0x00, 0x00, 0x00, 0x00, 0x00, 0x00, 0x00, 0x00, 0x00, 0x00,
    0x00, 0x00, 0x00, 0x00, 0x00, 0x00, 0x00, 0x00, 0x00, 0x00, 0x00, 0x00, 0x00, 0x00, 0x00, 0x00, 0x00, 0x00, 0x00, 0x00,
    0x00, 0x00, 0x00, 0x00, 0x00, 0x00, 0x00, 0x00, 0x00, 0x00, 0x00, 0x00, 0x00, 0x00, 0x00, 0x00, 0x00, 0x00, 0x00, 0x00,
    0x00, 0x00, 0x00, 0x00, 0x00, 0x00, 0x00, 0x00, 0x00, 0x00, 0x00, 0x00, 0x00, 0x00, 0x00, 0x00, 0x00, 0x00, 0x00, 0x00,
    0x00, 0x00, 0x00, 0x00, 0x00, 0x00, 0x00, 0x00, 0x00, 0x00, 0x00, 0x00, 0x00, 0x00, 0x00, 0x00, 0x00, 0x00, 0x00, 0x00,
    0x00, 0x00, 0x00, 0x00, 0x00, 0x00, 0x00, 0x00, 0x00, 0x00, 0x00, 0x00, 0x00, 0x00, 0x00, 0x00, 0x00, 0x00, 0x00, 0x00,
    0x00, 0x00, 0x00, 0x00, 0x00, 0x00, 0x00, 0x00, 0x00, 0x00, 0x00, 0x00, 0x00, 0x00, 0x00, 0x00, 0x00, 0x00, 0x00, 0x00,
    0x00, 0x00, 0x00, 0x00, 0x00, 0x00, 0x00, 0x00, 0x00, 0x00, 0x00, 0x00, 0x00, 0x00, 0x00, 0x00, 0x00, 0x00, 0x00, 0x00,
    0x00, 0x00, 0x00, 0x00, 0x00, 0x00, 0x00, 0x00, 0x00, 0x00, 0x00, 0x00, 0x00, 0x00, 0x00, 0x00, 0x00, 0x00, 0x00, 0x00,
    0x00, 0x00, 0x00, 0x00, 0x00, 0x00, 0x00, 0x00, 0x00, 0x00, 0x00, 0x00, 0x00, 0x00, 0x00, 0x00, 0x00, 0x00, 0x00, 0x00,
    0x00, 0x00, 0x00, 0x00, 0x00, 0x00, 0x00, 0x00, 0x00, 0x00, 0x00, 0x00, 0x00, 0x00, 0x00, 0x00, 0x00, 0x00, 0x00, 0x00,
    0x00, 0x00, 0x00, 0x00, 0x00, 0x00, 0x00, 0x00, 0x00, 0x00, 0x00, 0x00, 0x00, 0x00, 0x00, 0x00, 0x00, 0x00, 0x00, 0x00,
    0x00, 0x00, 0x00, 0x00, 0x00, 0x00, 0x00, 0x00, 0x00, 0x00, 0x00, 0x00, 0x00, 0x00, 0x00, 0x00, 0x00, 0x00, 0x00, 0x00,
    0x00, 0x00, 0x00, 0x00, 0x00, 0x00, 0x00, 0x00, 0x00, 0x00, 0x00, 0x00, 0x00, 0x00, 0x00, 0x00, 0x00, 0x00, 0x00, 0x00,
    0x00, 0x00, 0x00, 0x00, 0x00, 0x00, 0x00, 0x00, 0x00, 0x00, 0x00, 0x00, 0x00, 0x00, 0x00, 0x00, 0x00, 0x00, 0x00, 0x00,
    0x00, 0x00, 0x00, 0x00, 0x00, 0x00, 0x00, 0x00, 0x00, 0x00, 0x00, 0x00, 0x00, 0x00, 0x00, 0x00, 0x00, 0x00, 0x00, 0x00,
    0x00, 0x00, 0x00, 0x00, 0x00, 0x00, 0x00, 0x00, 0x00, 0x00, 0x00, 0x00, 0x00, 0x00, 0x00, 0x00, 0x00, 0x00, 0x00, 0x00,
    0x00, 0x00, 0x00, 0x00, 0x00, 0x00, 0x00, 0x00, 0x00, 0x00, 0x00, 0x00, 0x00, 0x00, 0x00, 0x00, 0x00, 0x00, 0x00, 0x00,
    0x00, 0x00, 0x00, 0x00, 0x00, 0x00, 0x00, 0x00, 0x00, 0x00, 0x00, 0x00, 0x00, 0x00, 0x00, 0x00, 0x00, 0x00, 0x00, 0x00,
    0x00, 0x00, 0x00, 0x00, 0x00, 0x00, 0x00, 0x00, 0x00, 0x00, 0x00, 0x00, 0x00, 0x00, 0x00, 0x00, 0x00, 0x00, 0x00, 0x00,
    0x00, 0x00, 0x00, 0x00, 0x00, 0x00, 0x00, 0x00, 0x00, 0x00, 0x00, 0x00, 0x00, 0x00, 0x00, 0x00, 0x00, 0x00, 0x00, 0x00,
    0x00, 0x00, 0x00, 0x00, 0x00, 0x00, 0x00, 0x00, 0x00, 0x00, 0x00, 0x00, 0x00, 0x00, 0x00, 0x00, 0x00, 0x00, 0x00, 0x00,
    0x00, 0x00, 0x00, 0x00, 0x00, 0x00, 0x00, 0x00, 0x00, 0x00, 0x00, 0x00, 0x00, 0x00, 0x00, 0x00, 0x00, 0x00, 0x00, 0x00,
    0x00, 0x00, 0x00, 0x00, 0x00, 0x00, 0x00, 0x00, 0x00, 0x00, 0x00, 0x00, 0x00, 0x00, 0x00, 0x00, 0x00, 0x00, 0x00, 0x00,
    0x00, 0x00, 0x00, 0x00, 0x00, 0x00, 0x00, 0x00, 0x00, 0x00, 0x00, 0x00, 0x00, 0x00, 0x00, 0x00, 0x00, 0x00, 0x00, 0x00,
    0x00, 0x00, 0x00, 0x00, 0x00, 0x00, 0x00, 0x00, 0x00, 0x00, 0x00, 0x00, 0x00, 0x00, 0x00, 0x00, 0x00, 0x00, 0x00, 0x00,
    0x00, 0x00, 0x00, 0x00, 0x00, 0x00, 0x00, 0x00, 0x00, 0x00, 0x00, 0x00, 0x00, 0x00, 0x00, 0x00, 0x00, 0x00, 0x00, 0x00,
    0x00, 0x00, 0x00, 0x00, 0x00, 0x00, 0x00, 0x00, 0x00, 0x00, 0x00, 0x00, 0x00, 0x00, 0x00, 0x00, 0x00, 0x00, 0x00, 0x00,
    0x00, 0x00, 0x00, 0x00, 0x00, 0x00, 0x00, 0x00, 0x00, 0x00, 0x00, 0x00, 0x00, 0x00, 0x00, 0x00, 0x00, 0x00, 0x00, 0x00,
    0x00, 0x00, 0x00, 0x00, 0x00, 0x00, 0x00, 0x00, 0x00, 0x00, 0x00, 0x00, 0x00, 0x00, 0x00, 0x00, 0x00, 0x00, 0x00, 0x00,
    0x00, 0x00, 0x00, 0x00, 0x00, 0x00, 0x00, 0x00, 0x00, 0x00, 0x00, 0x00, 0x00, 0x00, 0x00, 0x00, 0x00, 0x00, 0x00, 0x00,
    0x00, 0x00, 0x00, 0x00, 0x00, 0x00, 0x00, 0x00, 0x00, 0x00, 0x00, 0x00, 0x00, 0x00, 0x00, 0x00, 0x00, 0x00, 0x00, 0x00,
    0x00, 0x00, 0x00, 0x00, 0x00, 0x00, 0x00, 0x00, 0x00, 0x00, 0x00, 0x00, 0x00, 0x00, 0x00, 0x00, 0x00, 0x00, 0x00, 0x00,
    0x00, 0x00, 0x00, 0x00, 0x00, 0x00, 0x00, 0x00, 0x00, 0x00, 0x00, 0x00, 0x00, 0x00, 0x00, 0x00, 0x00, 0x00, 0x00, 0x00,
    0x00, 0x00, 0x00, 0x00, 0x00, 0x00, 0x00, 0x00, 0x00, 0x00, 0x00, 0x00, 0x00, 0x00, 0x00, 0x00, 0x00, 0x00, 0x00, 0x00,
    0x00, 0x00, 0x00, 0x00, 0x00, 0x00, 0x00, 0x00, 0x00, 0x00, 0x00, 0x00, 0x00, 0x00, 0x00, 0x00, 0x00, 0x00, 0x00, 0x00,
    0x00, 0x00, 0x00, 0x00, 0x00, 0x00, 0x00, 0x00, 0x00, 0x00, 0x00, 0x00, 0x00, 0x00, 0x00, 0x00, 0x00, 0x00, 0x00, 0x00,
    0x00, 0x00, 0x00, 0x00, 0x00, 0x00, 0x00, 0x00, 0x00, 0x00, 0x00, 0x00, 0x00, 0x00, 0x00, 0x00, 0x00, 0x00, 0x00, 0x00,
    0x00, 0x00, 0x00, 0x00, 0x00, 0x00, 0x00, 0x00, 0x00, 0x00, 0x00, 0x00, 0x00, 0x00, 0x00, 0x00, 0x00, 0x00, 0x00, 0x00,
    0x00, 0x00, 0x00, 0x00, 0x00, 0x00, 0x00, 0x00, 0x00, 0x00, 0x00, 0x00, 0x00, 0x00, 0x00, 0x00, 0x00, 0x00, 0x00, 0x00,
    0x00, 0x00, 0x00, 0x00, 0x00, 0x00, 0x00, 0x00, 0x00, 0x00, 0x00, 0x00, 0x00, 0x00, 0x00, 0x00, 0x00, 0x00, 0x00, 0x00,
    0x00, 0x00, 0x00, 0x00, 0x00, 0x00, 0x00, 0x00, 0x00, 0x00, 0x00, 0x00, 0x00, 0x00, 0x00, 0x00, 0x00, 0x00, 0x00, 0x00,
    0x00, 0x00, 0x00, 0x00, 0x00, 0x00, 0x00, 0x00, 0x00, 0x00, 0x00, 0x00, 0x00, 0x00, 0x00, 0x00, 0x00, 0x00, 0x00, 0x00,
    0x00, 0x00, 0x00, 0x00, 0x00, 0x00, 0x00, 0x00, 0x00, 0x00, 0x00, 0x00, 0x00, 0x00, 0x00, 0x00, 0x00, 0x00, 0x00, 0x00,
    0x00, 0x00, 0x00, 0x00, 0x00, 0x00, 0x00, 0x00, 0x00, 0x00, 0x00, 0x00, 0x00, 0x00, 0x00, 0x00, 0x00, 0x00, 0x00, 0x00,
    0x00, 0x00, 0x00, 0x00, 0x00, 0x00, 0x00, 0x00, 0x00, 0x00, 0x00, 0x00, 0x00, 0x00, 0x00, 0x00, 0x00, 0x00, 0x00, 0x00,
    0x00, 0x00, 0x00, 0x00, 0x00, 0x00, 0x00, 0x00, 0x00, 0x00, 0x00, 0x00, 0x00, 0x00, 0x00, 0x00, 0x00, 0x00, 0x00, 0x00,
    0x00, 0x00, 0x00, 0x00, 0x00, 0x00, 0x00, 0x00, 0x00, 0x00, 0x00, 0x00, 0x00, 0x00, 0x00, 0x00, 0x00, 0x00, 0x00, 0x00,
    0x00, 0x00, 0x00, 0x00, 0x00, 0x00, 0x00, 0x00, 0x00, 0x00, 0x00, 0x00, 0x00, 0x00, 0x00, 0x00, 0x00, 0x00, 0x00, 0x00,
    0x00, 0x00, 0x00, 0x00, 0x00, 0x00, 0x00, 0x00, 0x00, 0x00, 0x00, 0x00, 0x00, 0x00, 0x00, 0x00, 0x00, 0x00, 0x00, 0x00,
    0x00, 0x00, 0x00, 0x00, 0x00, 0x00, 0x00, 0x00, 0x00, 0x00, 0x00, 0x00, 0x00, 0x00, 0x00, 0x00, 0x00, 0x00, 0x00, 0x00,
    0x00, 0x00, 0x00, 0x00, 0x00, 0x00, 0x00, 0x00, 0x00, 0x00, 0x00, 0x00, 0x00, 0x00, 0x00, 0x00, 0x00, 0x00, 0x00, 0x00,
    0x00, 0x00, 0x00, 0x00, 0x00, 0x00, 0x00, 0x00, 0x00, 0x00, 0x00, 0x00, 0x00, 0x00, 0x00, 0x00, 0x00, 0x00, 0x00, 0x00,
    0x00, 0x00, 0x00, 0x00, 0x00, 0x00, 0x00, 0x00, 0x00, 0x00, 0x00, 0x00, 0x00, 0x00, 0x00, 0x00, 0x00, 0x00, 0x00, 0x00,
    0x00, 0x00, 0x00, 0x00, 0x00, 0x00, 0x00, 0x00, 0x00, 0x00, 0x00, 0x00, 0x00, 0x00, 0x00, 0x00, 0x00, 0x00, 0x00, 0x00,
    0x00, 0x00, 0x00, 0x00, 0x00, 0x00, 0x00, 0x00, 0x00, 0x00, 0x00, 0x00, 0x00, 0x00, 0x00, 0x00, 0x00, 0x00, 0x00, 0x00,
    0x00, 0x00, 0x00, 0x00, 0x00, 0x00, 0x00, 0x00, 0x00, 0x00, 0x00, 0x00, 0x00, 0x00, 0x00, 0x00, 0x00, 0x00, 0x00, 0x00,
    0x00, 0x00, 0x00, 0x00, 0x00, 0x00, 0x00, 0x00, 0x00, 0x00, 0x00, 0x00, 0x00, 0x00, 0x00, 0x00, 0x00, 0x00, 0x00, 0x00,
    0x00, 0x00, 0x00, 0x00, 0x00, 0x00, 0x00, 0x00, 0x00, 0x00, 0x00, 0x00, 0x00, 0x00, 0x00, 0x00, 0x00, 0x00, 0x00, 0x00,
    0x00, 0x00, 0x00, 0x00, 0x00, 0x00, 0x00, 0x00, 0x00, 0x00, 0x00, 0x00, 0x00, 0x00, 0x00, 0x00, 0x00, 0x00, 0x00, 0x00,
    0x00, 0x00, 0x00, 0x00, 0x00, 0x00, 0x00, 0x00, 0x00, 0x00, 0x00, 0x00, 0x00, 0x00, 0x00, 0x00, 0x00, 0x00, 0x00, 0x00,
    0x00, 0x00, 0x00, 0x00, 0x00, 0x00, 0x00, 0x00, 0x00, 0x00, 0x00, 0x00, 0x00, 0x00, 0x00, 0x00, 0x00, 0x00, 0x00, 0x00,
    0x00, 0x00, 0x00, 0x00, 0x00, 0x00, 0x00, 0x00, 0x00, 0x00, 0x00, 0x00, 0x00, 0x00, 0x00, 0x00, 0x00, 0x00, 0x00, 0x00,
    0x00, 0x00, 0x00, 0x00, 0x00, 0x00, 0x00, 0x00, 0x00, 0x00, 0x00, 0x00, 0x00, 0x00, 0x00, 0x00, 0x00, 0x00, 0x00, 0x00,
    0x00, 0x00, 0x00, 0x00, 0x00, 0x00, 0x00, 0x00, 0x00, 0x00, 0x00, 0x00, 0x00, 0x00, 0x00, 0x00, 0x00, 0x00, 0x00, 0x00,
    0x00, 0x00, 0x00, 0x00, 0x00, 0x00, 0x00, 0x00, 0x00, 0x00, 0x00, 0x00, 0x00, 0x00, 0x00, 0x00, 0x00, 0x00, 0x00, 0x00,
    0x00, 0x00, 0x00, 0x00, 0x00, 0x00, 0x00, 0x00, 0x00, 0x00, 0x00, 0x00, 0x00, 0x00, 0x00, 0x00, 0x00, 0x00, 0x00, 0x00,
    0x00, 0x00, 0x00, 0x00, 0x00, 0x00, 0x00, 0x00, 0x00, 0x00, 0x00, 0x00, 0x00, 0x00, 0x00, 0x00, 0x00, 0x00, 0x00, 0x00,
    0x00, 0x00, 0x00, 0x00, 0x00, 0x00, 0x00, 0x00, 0x00, 0x00, 0x00, 0x00, 0x00, 0x00, 0x00, 0x00, 0x00, 0x00, 0x00, 0x00,
    0x00, 0x00, 0x00, 0x00, 0x00, 0x00, 0x00, 0x00, 0x00, 0x00, 0x00, 0x00, 0x00, 0x00, 0x00, 0x00, 0x00, 0x00, 0x00, 0x00,
    0x00, 0x00, 0x00, 0x00, 0x00, 0x00, 0x00, 0x00, 0x00, 0x00, 0x00, 0x00, 0x00, 0x00, 0x00, 0x00, 0x00, 0x00, 0x00, 0x00,
    0x00, 0x00, 0x00, 0x00, 0x00, 0x00, 0x00, 0x00, 0x00, 0x00, 0x00, 0x00, 0x00, 0x00, 0x00, 0x00, 0x00, 0x00, 0x00, 0x00,
    0x00, 0x00, 0x00, 0x00, 0x00, 0x00, 0x00, 0x00, 0x00, 0x00, 0x00, 0x00, 0x00, 0x00, 0x00, 0x00, 0x00, 0x00, 0x00, 0x00,
    0x00, 0x00, 0x00, 0x00, 0x00, 0x00, 0x00, 0x00, 0x00, 0x00, 0x00, 0x00, 0x00, 0x00, 0x00, 0x00, 0x00, 0x00, 0x00, 0x00,
    0x00, 0x00, 0x00, 0x00, 0x00, 0x00, 0x00, 0x00, 0x00, 0x00, 0x00, 0x00, 0x00, 0x00, 0x00, 0x00, 0x00, 0x00, 0x00, 0x00,
    0x00, 0x00, 0x00, 0x00, 0x00, 0x00, 0x00, 0x00, 0x00, 0x00, 0x00, 0x00, 0x00, 0x00, 0x00, 0x00, 0x00, 0x00, 0x00, 0x00,
    0x00, 0x00, 0x00, 0x00, 0x00, 0x00, 0x00, 0x00, 0x00, 0x00, 0x00, 0x00, 0x00, 0x00, 0x00, 0x00, 0x00, 0x00, 0x00, 0x00,
    0x00, 0x00, 0x00, 0x00, 0x00, 0x00, 0x00, 0x00, 0x00, 0x00, 0x00, 0x00, 0x00, 0x00, 0x00, 0x00, 0x00, 0x00, 0x00, 0x00,
    0x00, 0x00, 0x00, 0x00, 0x00, 0x00, 0x00, 0x00, 0x00, 0x00, 0x00, 0x00, 0x00, 0x00, 0x00, 0x00, 0x00, 0x00, 0x00, 0x00,
    0x00, 0x00, 0x00, 0x00, 0x00, 0x00, 0x00, 0x00, 0x00, 0x00, 0x00, 0x00, 0x00, 0x00, 0x00, 0x00, 0x00, 0x00, 0x00, 0x00,
    0x00, 0x00, 0x00, 0x00, 0x00, 0x00, 0x00, 0x00, 0x00, 0x00, 0x00, 0x00, 0x00, 0x00, 0x00, 0x00, 0x00, 0x00, 0x00, 0x00,
    0x00, 0x00, 0x00, 0x00, 0x00, 0x00, 0x00, 0x00, 0x00, 0x00, 0x00, 0x00, 0x00, 0x00, 0x00, 0x00, 0x00, 0x00, 0x00, 0x00,
    0x00, 0x00, 0x00, 0x00, 0x00, 0x00, 0x00, 0x00, 0x00, 0x00, 0x00, 0x00, 0x00, 0x00, 0x00, 0x00, 0x00, 0x00, 0x00, 0x00,
    0x00, 0x00, 0x00, 0x00, 0x00, 0x00, 0x00, 0x00, 0x00, 0x00, 0x00, 0x00, 0x00, 0x00, 0x00, 0x00, 0x00, 0x00, 0x00, 0x00,
    0x00, 0x00, 0x00, 0x00, 0x00, 0x00, 0x00, 0x00, 0x00, 0x00, 0x00, 0x00, 0x00, 0x00, 0x00, 0x00, 0x00, 0x00, 0x00, 0x00,
    0x00, 0x00, 0x00, 0x00, 0x00, 0x00, 0x00, 0x00, 0x00, 0x00, 0x00, 0x00, 0x00, 0x00, 0x00, 0x00, 0x00, 0x00, 0x00, 0x00,
    0x00, 0x00, 0x00, 0x00, 0x00, 0x00, 0x00, 0x00, 0x00, 0x00, 0x00, 0x00, 0x00, 0x00, 0x00, 0x00, 0x00, 0x00, 0x00, 0x00,
    0x00, 0x00, 0x00, 0x00, 0x00, 0x00, 0x00, 0x00, 0x00, 0x00, 0x00, 0x00, 0x00, 0x00, 0x00, 0x00, 0x00, 0x00, 0x00, 0x00,
    0x00, 0x00, 0x00, 0x00, 0x00, 0x00, 0x00, 0x00, 0x00, 0x00, 0x00, 0x00, 0x00, 0x00, 0x00, 0x00, 0x00, 0x00, 0x00, 0x00,
    0x00, 0x00, 0x00, 0x00, 0x00, 0x00, 0x00, 0x00, 0x00, 0x00, 0x00, 0x00, 0x00, 0x00, 0x00, 0x00, 0x00, 0x00, 0x00, 0x00,
    0x00, 0x00, 0x00, 0x00, 0x00, 0x00, 0x00, 0x00, 0x00, 0x00, 0x00, 0x00, 0x00, 0x00, 0x00, 0x00, 0x00, 0x00, 0x00, 0x00,
    0x00, 0x00, 0x00, 0x00, 0x00, 0x00, 0x00, 0x00, 0x00, 0x00, 0x00, 0x00, 0x00, 0x00, 0x00, 0x00, 0x00, 0x00, 0x00, 0x00,
    0x00, 0x00, 0x00, 0x00, 0x00, 0x00, 0x00, 0x00, 0x00, 0x00, 0x00, 0x00, 0x00, 0x00, 0x00, 0x00, 0x00, 0x00, 0x00, 0x00,
    0x00, 0x00, 0x00, 0x00, 0x00, 0x00, 0x00, 0x00, 0x00, 0x00, 0x00, 0x00, 0x00, 0x00, 0x00, 0x00, 0x00, 0x00, 0x00, 0x00,
    0x00, 0x00, 0x00, 0x00, 0x00, 0x00, 0x00, 0x00, 0x00, 0x00, 0x00, 0x00, 0x00, 0x00, 0x00, 0x00, 0x00, 0x00, 0x00, 0x00,
    0x00, 0x00, 0x00, 0x00, 0x00, 0x00, 0x00, 0x00, 0x00, 0x00, 0x00, 0x00, 0x00, 0x00, 0x00, 0x00, 0x00, 0x00, 0x00, 0x00,
    0x00, 0x00, 0x00, 0x00, 0x00, 0x00, 0x00, 0x00, 0x00, 0x00, 0x00, 0x00, 0x00, 0x00, 0x00, 0x00, 0x00, 0x00, 0x00, 0x00,
    0x00, 0x00, 0x00, 0x00, 0x00, 0x00, 0x00, 0x00, 0x00, 0x00, 0x00, 0x00, 0x00, 0x00, 0x00, 0x00, 0x00, 0x00, 0x00, 0x00,
    0x00, 0x00, 0x00, 0x00, 0x00, 0x00, 0x00, 0x00, 0x00, 0x00, 0x00, 0x00, 0x00, 0x00, 0x00, 0x00, 0x00, 0x00, 0x00, 0x00,
    0x00, 0x00, 0x00, 0x00, 0x00, 0x00, 0x00, 0x00, 0x00, 0x00, 0x00, 0x00, 0x00, 0x00, 0x00, 0x00, 0x00, 0x00, 0x00, 0x00,
    0x00, 0x00, 0x00, 0x00, 0x00, 0x00, 0x00, 0x00, 0x00, 0x00, 0x00, 0x00, 0x00, 0x00, 0x00, 0x00, 0x00, 0x00, 0x00, 0x00,
    0x00, 0x00, 0x00, 0x00, 0x00, 0x00, 0x00, 0x00, 0x00, 0x00, 0x00, 0x00, 0x00, 0x00, 0x00, 0x00, 0x00, 0x00, 0x00, 0x00,
    0x00, 0x00, 0x00, 0x00, 0x00, 0x00, 0x00, 0x00, 0x00, 0x00, 0x00, 0x00, 0x00, 0x00, 0x00, 0x00, 0x00, 0x00, 0x00, 0x00,
    0x00, 0x00, 0x00, 0x00, 0x00, 0x00, 0x00, 0x00, 0x00, 0x00, 0x00, 0x00, 0x00, 0x00, 0x00, 0x00, 0x00, 0x00, 0x00, 0x00,
    0x00, 0x00, 0x00, 0x00, 0x00, 0x00, 0x00, 0x00, 0x00, 0x00, 0x00, 0x00, 0x00, 0x00, 0x00, 0x00, 0x00, 0x00, 0x00, 0x00,
    0x00, 0x00, 0x00, 0x00, 0x00, 0x00, 0x00, 0x00, 0x00, 0x00, 0x00, 0x00, 0x00, 0x00, 0x00, 0x00, 0x00, 0x00, 0x00, 0x00,
    0x00, 0x00, 0x00, 0x00, 0x00, 0x00, 0x00, 0x00, 0x00, 0x00, 0x00, 0x00, 0x00, 0x00, 0x00, 0x00, 0x00, 0x00, 0x00, 0x00,
    0x00, 0x00, 0x00, 0x00, 0x00, 0x00, 0x00, 0x00, 0x00, 0x00, 0x00, 0x00, 0x00, 0x00, 0x00, 0x00, 0x00, 0x00, 0x00, 0x00,
    0x00, 0x00, 0x00, 0x00, 0x00, 0x00, 0x00, 0x00, 0x00, 0x00, 0x00, 0x00, 0x00, 0x00, 0x00, 0x00, 0x00, 0x00, 0x00, 0x00,
    0x00, 0x00, 0x00, 0x00, 0x00, 0x00, 0x00, 0x00, 0x00, 0x00, 0x00, 0x00, 0x00, 0x00, 0x00, 0x00, 0x00, 0x00, 0x00, 0x00,
    0x00, 0x00, 0x00, 0x00, 0x00, 0x00, 0x00, 0x00, 0x00, 0x00, 0x00, 0x00, 0x00, 0x00, 0x00, 0x00, 0x00, 0x00, 0x00, 0x00,
    0x00, 0x00, 0x00, 0x00, 0x00, 0x00, 0x00, 0x00, 0x00, 0x00, 0x00, 0x00, 0x00, 0x00, 0x00, 0x00, 0x00, 0x00, 0x00, 0x00,
    0x00, 0x00, 0x00, 0x00, 0x00, 0x00, 0x00, 0x00, 0x00, 0x00, 0x00, 0x00, 0x00, 0x00, 0x00, 0x00, 0x00, 0x00, 0x00, 0x00,
    0x00, 0x00, 0x00, 0x00, 0x00, 0x00, 0x00, 0x00, 0x00, 0x00, 0x00, 0x00, 0x00, 0x00, 0x00, 0x00, 0x00, 0x00, 0x00, 0x00,
    0x00, 0x00, 0x00, 0x00, 0x00, 0x00, 0x00, 0x00, 0x00, 0x00, 0x00, 0x00, 0x00, 0x00, 0x00, 0x00, 0x00, 0x00, 0x00, 0x00,
    0x00, 0x00, 0x00, 0x00, 0x00, 0x00, 0x00, 0x00, 0x00, 0x00, 0x00, 0x00, 0x00, 0x00, 0x00, 0x00, 0x00, 0x00, 0x00, 0x00,
    0x00, 0x00, 0x00, 0x00, 0x00, 0x00, 0x00, 0x00, 0x00, 0x00, 0x00, 0x00, 0x00, 0x00, 0x00, 0x00, 0x00, 0x00, 0x00, 0x00,
    0x00, 0x00, 0x00, 0x00, 0x00, 0x00, 0x00, 0x00, 0x00, 0x00, 0x00, 0x00, 0x00, 0x00, 0x00, 0x00, 0x00, 0x00, 0x00, 0x00,
    0x00, 0x00, 0x00, 0x00, 0x00, 0x00, 0x00, 0x00, 0x00, 0x00, 0x00, 0x00, 0x00, 0x00, 0x00, 0x00, 0x00, 0x00, 0x00, 0x00,
    0x00, 0x00, 0x00, 0x00, 0x00, 0x00, 0x00, 0x00, 0x00, 0x00, 0x00, 0x00, 0x00, 0x00, 0x00, 0x00, 0x00, 0x00, 0x00, 0x00,
    0x00, 0x00, 0x00, 0x00, 0x00, 0x00, 0x00, 0x00, 0x00, 0x00, 0x00, 0x00, 0x00, 0x00, 0x00, 0x00, 0x00, 0x00, 0x00, 0x00,
    0x00, 0x00, 0x00, 0x00, 0x00, 0x00, 0x00, 0x00, 0x00, 0x00, 0x00, 0x00, 0x00, 0x00, 0x00, 0x00, 0x00, 0x00, 0x00, 0x00,
    0x00, 0x00, 0x00, 0x00, 0x00, 0x00, 0x00, 0x00, 0x00, 0x00, 0x00, 0x00, 0x00, 0x00, 0x00, 0x00, 0x00, 0x00, 0x00, 0x00,
    0x00, 0x00, 0x00, 0x00, 0x00, 0x00, 0x00, 0x00, 0x00, 0x00, 0x00, 0x00, 0x00, 0x00, 0x00, 0x00, 0x00, 0x00, 0x00, 0x00,
    0x00, 0x00, 0x00, 0x00, 0x00, 0x00, 0x00, 0x00, 0x00, 0x00, 0x00, 0x00, 0x00, 0x00, 0x00, 0x00, 0x00, 0x00, 0x00, 0x00,
    0x00, 0x00, 0x00, 0x00, 0x00, 0x00, 0x00, 0x00, 0x00, 0x00, 0x00, 0x00, 0x00, 0x00, 0x00, 0x00, 0x00, 0x00, 0x00, 0x00,
    0x00, 0x00, 0x00, 0x00, 0x00, 0x00, 0x00, 0x00, 0x00, 0x00, 0x00, 0x00, 0x00, 0x00, 0x00, 0x00, 0x00, 0x00, 0x00, 0x00,
    0x00, 0x00, 0x00, 0x00, 0x00, 0x00, 0x00, 0x00, 0x00, 0x00, 0x00, 0x00, 0x00, 0x00, 0x00, 0x00, 0x00, 0x00, 0x00, 0x00,
    0x00, 0x00, 0x00, 0x00, 0x00, 0x00, 0x00, 0x00, 0x00, 0x00, 0x00, 0x00, 0x00, 0x00, 0x00, 0x00, 0x00, 0x00, 0x00, 0x00,
    0x00, 0x00, 0x00, 0x00, 0x00, 0x00, 0x00, 0x00, 0x00, 0x00, 0x00, 0x00, 0x00, 0x00, 0x00, 0x00, 0x00, 0x00, 0x00, 0x00,
    0x00, 0x00, 0x00, 0x00, 0x00, 0x00, 0x00, 0x00, 0x00, 0x00, 0x00, 0x00, 0x00, 0x00, 0x00, 0x00, 0x00, 0x00, 0x00, 0x00,
    0x00, 0x00, 0x00, 0x00, 0x00, 0x00, 0x00, 0x00, 0x00, 0x00, 0x00, 0x00, 0x00, 0x00, 0x00, 0x00, 0x00, 0x00, 0x00, 0x00,
    0x00, 0x00, 0x00, 0x00, 0x00, 0x00, 0x00, 0x00, 0x00, 0x00, 0x00, 0x00, 0x00, 0x00, 0x00, 0x00, 0x00, 0x00, 0x00, 0x00,
    0x00, 0x00, 0x00, 0x00, 0x00, 0x00, 0x00, 0x00, 0x00, 0x00, 0x00, 0x00, 0x00, 0x00, 0x00, 0x00, 0x00, 0x00, 0x00, 0x00,
    0x00, 0x00, 0x00, 0x00, 0x00, 0x00, 0x00, 0x00, 0x00, 0x00, 0x00, 0x00, 0x00, 0x00, 0x00, 0x00, 0x00, 0x00, 0x00, 0x00,
    0x00, 0x00, 0x00, 0x00, 0x00, 0x00, 0x00, 0x00, 0x00, 0x00, 0x00, 0x00, 0x00, 0x00, 0x00, 0x00, 0x00, 0x00, 0x00, 0x00,
    0x00, 0x00, 0x00, 0x00, 0x00, 0x00, 0x00, 0x00, 0x00, 0x00, 0x00, 0x00, 0x00, 0x00, 0x00, 0x00, 0x00, 0x00, 0x00, 0x00,
    0x00, 0x00, 0x00, 0x00, 0x00, 0x00, 0x00, 0x00, 0x00, 0x00, 0x00, 0x00, 0x00, 0x00, 0x00, 0x00, 0x00, 0x00, 0x00, 0x00,
    0x00, 0x00, 0x00, 0x00, 0x00, 0x00, 0x00, 0x00, 0x00, 0x00, 0x00, 0x00, 0x00, 0x00, 0x00, 0x00, 0x00, 0x00, 0x00, 0x00,
    0x00, 0x00, 0x00, 0x00, 0x00, 0x00, 0x00, 0x00, 0x00, 0x00, 0x00, 0x00, 0x00, 0x00, 0x00, 0x00, 0x00, 0x00, 0x00, 0x00,
};

const lv_image_dsc_t icon_glow_field = {
    .header.cf    = LV_COLOR_FORMAT_RGB565,
    .header.magic = LV_IMAGE_HEADER_MAGIC,
    .header.w     = 200,
    .header.h     = 200,
    .data_size    = 40000 * 2,
    .data         = icon_glow_field_map,
};
