/*
 * SPDX-FileCopyrightText: 2026 M5Stack Technology CO LTD
 *
 * SPDX-License-Identifier: MIT
 */
#include "icon_bot_lab.h"

// 200×200 RGB565 static launcher artwork. This matches the asset format used
// by the existing Stopwatch applications; no runtime icon rasterization occurs.
const LV_ATTRIBUTE_MEM_ALIGN LV_ATTRIBUTE_LARGE_CONST uint16_t bot_lab_icon_map[] = {
    0x0841, 0x0841, 0x0841, 0x0841, 0x0841, 0x0841, 0x0841, 0x0841, 0x0841, 0x0841, 0x0841, 0x0841,
    0x0841, 0x0841, 0x0841, 0x0841, 0x0841, 0x0841, 0x0841, 0x0841, 0x0841, 0x0841, 0x0841, 0x0841,
    0x0841, 0x0841, 0x0841, 0x0841, 0x0841, 0x0841, 0x0841, 0x0841, 0x0841, 0x0841, 0x0841, 0x0841,
    0x0841, 0x0841, 0x0841, 0x0841, 0x0841, 0x0841, 0x0841, 0x0841, 0x0841, 0x0841, 0x0841, 0x0841,
    0x0841, 0x0841, 0x0841, 0x0841, 0x0841, 0x0841, 0x0841, 0x0841, 0x0841, 0x0841, 0x0841, 0x0841,
    0x0841, 0x0841, 0x0841, 0x0841, 0x0841, 0x0841, 0x0841, 0x0841, 0x0841, 0x0841, 0x0841, 0x0841,
    0x0841, 0x0841, 0x0841, 0x0841, 0x0841, 0x0841, 0x0841, 0x0841, 0x0841, 0x0841, 0x0841, 0x0841,
    0x0841, 0x0841, 0x0841, 0x0841, 0x0841, 0x0841, 0x0841, 0x0841, 0x0841, 0x0841, 0x0841, 0x0841,
    0x0841, 0x0841, 0x0841, 0x0841, 0x0841, 0x0841, 0x0841, 0x0841, 0x0841, 0x0841, 0x0841, 0x0841,
    0x0841, 0x0841, 0x0841, 0x0841, 0x0841, 0x0841, 0x0841, 0x0841, 0x0841, 0x0841, 0x0841, 0x0841,
    0x0841, 0x0841, 0x0841, 0x0841, 0x0841, 0x0841, 0x0841, 0x0841, 0x0841, 0x0841, 0x0841, 0x0841,
    0x0841, 0x0841, 0x0841, 0x0841, 0x0841, 0x0841, 0x0841, 0x0841, 0x0841, 0x0841, 0x0841, 0x0841,
    0x0841, 0x0841, 0x0841, 0x0841, 0x0841, 0x0841, 0x0841, 0x0841, 0x0841, 0x0841, 0x0841, 0x0841,
    0x0841, 0x0841, 0x0841, 0x0841, 0x0841, 0x0841, 0x0841, 0x0841, 0x0841, 0x0841, 0x0841, 0x0841,
    0x0841, 0x0841, 0x0841, 0x0841, 0x0841, 0x0841, 0x0841, 0x0841, 0x0841, 0x0841, 0x0841, 0x0841,
    0x0841, 0x0841, 0x0841, 0x0841, 0x0841, 0x0841, 0x0841, 0x0841, 0x0841, 0x0841, 0x0841, 0x0841,
    0x0841, 0x0841, 0x0841, 0x0841, 0x0841, 0x0841, 0x0841, 0x0841, 0x0841, 0x0841, 0x0841, 0x0841,
    0x0841, 0x0841, 0x0841, 0x0841, 0x0841, 0x0841, 0x0841, 0x0841, 0x0841, 0x0841, 0x0841, 0x0841,
    0x0841, 0x0841, 0x0841, 0x0841, 0x0841, 0x0841, 0x0841, 0x0841, 0x0841, 0x0841, 0x0841, 0x0841,
    0x0841, 0x0841, 0x0841, 0x0841, 0x0841, 0x0841, 0x0841, 0x0841, 0x0841, 0x0841, 0x0841, 0x0841,
    0x0841, 0x0841, 0x0841, 0x0841, 0x0841, 0x0841, 0x0841, 0x0841, 0x0841, 0x0841, 0x0841, 0x0841,
    0x0841, 0x0841, 0x0841, 0x0841, 0x0841, 0x0841, 0x0841, 0x0841, 0x0841, 0x0841, 0x0841, 0x0841,
    0x0841, 0x0841, 0x0841, 0x0841, 0x0841, 0x0841, 0x0841, 0x0841, 0x0841, 0x0841, 0x0841, 0x0841,
    0x0841, 0x0841, 0x0841, 0x0841, 0x0841, 0x0841, 0x0841, 0x0841, 0x0841, 0x0841, 0x0841, 0x0841,
    0x0841, 0x0841, 0x0841, 0x0841, 0x0841, 0x0841, 0x0841, 0x0841, 0x0841, 0x0841, 0x0841, 0x0841,
    0x0841, 0x0841, 0x0841, 0x0841, 0x0841, 0x0841, 0x0841, 0x0841, 0x0841, 0x0841, 0x0841, 0x0841,
    0x0841, 0x0841, 0x0841, 0x0841, 0x0841, 0x0841, 0x0841, 0x0841, 0x0841, 0x0841, 0x0841, 0x0841,
    0x0841, 0x0841, 0x0841, 0x0841, 0x0841, 0x0841, 0x0841, 0x0841, 0x0841, 0x0841, 0x0841, 0x0841,
    0x0841, 0x0841, 0x0841, 0x0841, 0x0841, 0x0841, 0x0841, 0x0841, 0x0841, 0x0841, 0x0841, 0x0841,
    0x0841, 0x0841, 0x0841, 0x0841, 0x0841, 0x0841, 0x0841, 0x0841, 0x0841, 0x0841, 0x0841, 0x0841,
    0x0841, 0x0841, 0x0841, 0x0841, 0x0841, 0x0841, 0x0841, 0x0841, 0x0841, 0x0841, 0x0841, 0x0841,
    0x0841, 0x0841, 0x0841, 0x0841, 0x0841, 0x0841, 0x0841, 0x0841, 0x0841, 0x0841, 0x0841, 0x0841,
    0x0841, 0x0841, 0x0841, 0x0841, 0x0841, 0x0841, 0x0841, 0x0841, 0x0841, 0x0841, 0x0841, 0x0841,
    0x0841, 0x0841, 0x0841, 0x0841, 0x0841, 0x0841, 0x0841, 0x0841, 0x0841, 0x0841, 0x0841, 0x0841,
    0x0841, 0x0841, 0x0841, 0x0841, 0x0841, 0x0841, 0x0841, 0x0841, 0x0841, 0x0841, 0x0841, 0x0841,
    0x0841, 0x0841, 0x0841, 0x0841, 0x0841, 0x0841, 0x0841, 0x0841, 0x0841, 0x0841, 0x0841, 0x0841,
    0x0841, 0x0841, 0x0841, 0x0841, 0x0841, 0x0841, 0x0841, 0x0841, 0x0841, 0x0841, 0x0841, 0x0841,
    0x0841, 0x0841, 0x0841, 0x0841, 0x0841, 0x0841, 0x0841, 0x0841, 0x0841, 0x0841, 0x0841, 0x0841,
    0x0841, 0x0841, 0x0841, 0x0841, 0x0841, 0x0841, 0x0841, 0x0841, 0x0841, 0x0841, 0x0841, 0x0841,
    0x0841, 0x0841, 0x0841, 0x0841, 0x0841, 0x0841, 0x0841, 0x0841, 0x0841, 0x0841, 0x0841, 0x0841,
    0x0841, 0x0841, 0x0841, 0x0841, 0x0841, 0x0841, 0x0841, 0x0841, 0x0841, 0x0841, 0x0841, 0x0841,
    0x0841, 0x0841, 0x0841, 0x0841, 0x0841, 0x0841, 0x0841, 0x0841, 0x0841, 0x0841, 0x0841, 0x0841,
    0x0841, 0x0841, 0x0841, 0x0841, 0x0841, 0x0841, 0x0841, 0x0841, 0x0841, 0x0841, 0x0841, 0x0841,
    0x0841, 0x0841, 0x0841, 0x0841, 0x0841, 0x0841, 0x0841, 0x0841, 0x0841, 0x0841, 0x0841, 0x0841,
    0x0841, 0x0841, 0x0841, 0x0841, 0x0841, 0x0841, 0x0841, 0x0841, 0x0841, 0x0841, 0x0841, 0x0841,
    0x0841, 0x0841, 0x0841, 0x0841, 0x0841, 0x0841, 0x0841, 0x0841, 0x0841, 0x0841, 0x0841, 0x0841,
    0x0841, 0x0841, 0x0841, 0x0841, 0x0841, 0x0841, 0x0841, 0x0841, 0x0841, 0x0841, 0x0841, 0x0841,
    0x0841, 0x0841, 0x0841, 0x0841, 0x0841, 0x0841, 0x0841, 0x0841, 0x0841, 0x0841, 0x0841, 0x0841,
    0x0841, 0x0841, 0x0841, 0x0841, 0x0841, 0x0841, 0x0841, 0x0841, 0x0841, 0x0841, 0x0841, 0x0841,
    0x0841, 0x0841, 0x0841, 0x0841, 0x0841, 0x0841, 0x0841, 0x0841, 0x0841, 0x0841, 0x0841, 0x0841,
    0x0841, 0x0841, 0x0841, 0x0841, 0x0841, 0x0841, 0x0841, 0x0841, 0x0841, 0x0841, 0x0841, 0x0841,
    0x0841, 0x0841, 0x0841, 0x0841, 0x0841, 0x0841, 0x0841, 0x0841, 0x0841, 0x0841, 0x0841, 0x0841,
    0x0841, 0x0841, 0x0841, 0x0841, 0x0841, 0x0841, 0x0841, 0x0841, 0x0841, 0x0841, 0x0841, 0x0841,
    0x0841, 0x0841, 0x0841, 0x0841, 0x0841, 0x0841, 0x0841, 0x0841, 0x0841, 0x0841, 0x0841, 0x0841,
    0x0841, 0x0841, 0x0841, 0x0841, 0x0841, 0x0841, 0x0841, 0x0841, 0x0841, 0x0841, 0x0841, 0x0841,
    0x0841, 0x0841, 0x0841, 0x0841, 0x0841, 0x0841, 0x0841, 0x0841, 0x0841, 0x0841, 0x0841, 0x0841,
    0x0841, 0x0841, 0x0841, 0x0841, 0x0841, 0x0841, 0x0841, 0x0841, 0x0841, 0x0841, 0x0841, 0x0841,
    0x0841, 0x0841, 0x0841, 0x0841, 0x0841, 0x0841, 0x0841, 0x0841, 0x0841, 0x0841, 0x0841, 0x0841,
    0x0841, 0x0841, 0x0841, 0x0841, 0x0841, 0x0841, 0x0841, 0x0841, 0x0841, 0x0841, 0x0841, 0x0841,
    0x0841, 0x0841, 0x0841, 0x0841, 0x0841, 0x0841, 0x0841, 0x0841, 0x0841, 0x0841, 0x0841, 0x0841,
    0x0841, 0x0841, 0x0841, 0x0841, 0x0841, 0x0841, 0x0841, 0x0841, 0x0841, 0x0841, 0x0841, 0x0841,
    0x0841, 0x0841, 0x0841, 0x0841, 0x0841, 0x0841, 0x0841, 0x0841, 0x0841, 0x0841, 0x0841, 0x0841,
    0x0841, 0x0841, 0x0841, 0x0841, 0x0841, 0x0841, 0x0841, 0x0841, 0x0841, 0x0841, 0x0841, 0x0841,
    0x0841, 0x0841, 0x0841, 0x0841, 0x0841, 0x0841, 0x0841, 0x0841, 0x0841, 0x0841, 0x0841, 0x0841,
    0x0841, 0x0841, 0x0841, 0x0841, 0x0841, 0x0841, 0x0841, 0x0841, 0x0841, 0x0841, 0x0841, 0x0841,
    0x0841, 0x0841, 0x0841, 0x0841, 0x0841, 0x0841, 0x0841, 0x0841, 0x0841, 0x0841, 0x0841, 0x0841,
    0x0841, 0x0841, 0x0841, 0x0841, 0x0841, 0x0841, 0x0841, 0x0841, 0x0841, 0x0841, 0x0841, 0x0841,
    0x0841, 0x0841, 0x0841, 0x0841, 0x0841, 0x0841, 0x0841, 0x0841, 0x0841, 0x0841, 0x0841, 0x0841,
    0x0841, 0x0841, 0x0841, 0x0841, 0x0841, 0x0841, 0x0841, 0x0841, 0x0841, 0x0841, 0x0841, 0x0841,
    0x0841, 0x0841, 0x0841, 0x0841, 0x0841, 0x0841, 0x0841, 0x0841, 0x0841, 0x0841, 0x0841, 0x0841,
    0x0841, 0x0841, 0x0841, 0x0841, 0x0841, 0x0841, 0x0841, 0x0841, 0x0841, 0x0841, 0x0841, 0x0841,
    0x0841, 0x0841, 0x0841, 0x0841, 0x0841, 0x0841, 0x0841, 0x0841, 0x0841, 0x0841, 0x0841, 0x0841,
    0x0841, 0x0841, 0x0841, 0x0841, 0x0841, 0x0841, 0x0841, 0x0841, 0x0841, 0x0841, 0x0841, 0x0841,
    0x0841, 0x0841, 0x0841, 0x0841, 0x0841, 0x0841, 0x0841, 0x0841, 0x0841, 0x0841, 0x0841, 0x0841,
    0x0841, 0x0841, 0x0841, 0x0841, 0x0841, 0x0841, 0x0841, 0x0841, 0x0841, 0x0841, 0x0841, 0x0841,
    0x0841, 0x0841, 0x0841, 0x0841, 0x0841, 0x0841, 0x0841, 0x0841, 0x0841, 0x0841, 0x0841, 0x0841,
    0x0841, 0x0841, 0x0841, 0x0841, 0x0841, 0x0841, 0x0841, 0x0841, 0x0841, 0x0841, 0x0841, 0x0841,
    0x0841, 0x0841, 0x0841, 0x0841, 0x0841, 0x0841, 0x0841, 0x0841, 0x0841, 0x0841, 0x0841, 0x0841,
    0x0841, 0x0841, 0x0841, 0x0841, 0x0841, 0x0841, 0x0841, 0x0841, 0x0841, 0x0841, 0x0841, 0x0841,
    0x0841, 0x0841, 0x0841, 0x0841, 0x0841, 0x0841, 0x0841, 0x0841, 0x0841, 0x0841, 0x0841, 0x0841,
    0x0841, 0x0841, 0x0841, 0x0841, 0x0841, 0x0841, 0x0841, 0x0841, 0x0841, 0x0841, 0x0841, 0x0841,
    0x0841, 0x0841, 0x0841, 0x0841, 0x0841, 0x0841, 0x0841, 0x0841, 0x0841, 0x0841, 0x0841, 0x0841,
    0x0841, 0x0841, 0x0841, 0x0841, 0x0841, 0x0841, 0x0841, 0x0841, 0x0841, 0x0841, 0x0841, 0x0841,
    0x0841, 0x0841, 0x0841, 0x0841, 0x0841, 0x0841, 0x0841, 0x0841, 0x0841, 0x0841, 0x0841, 0x0841,
    0x0841, 0x0841, 0x0841, 0x0841, 0x0841, 0x0841, 0x0841, 0x0841, 0x0841, 0x0841, 0x0841, 0x0841,
    0x0841, 0x0841, 0x0841, 0x0841, 0x0841, 0x0841, 0x0841, 0x0841, 0x0841, 0x0841, 0x0841, 0x0841,
    0x0841, 0x0841, 0x0841, 0x0841, 0x0841, 0x0841, 0x0841, 0x0841, 0x0841, 0x0841, 0x0841, 0x0841,
    0x0841, 0x0841, 0x0841, 0x0841, 0x0841, 0x0841, 0x0841, 0x0841, 0x0841, 0x0841, 0x0841, 0x0841,
    0x0841, 0x0841, 0x0841, 0x0841, 0x0841, 0x0841, 0x0841, 0x0841, 0x0841, 0x0841, 0x0841, 0x0841,
    0x0841, 0x0841, 0x0841, 0x0841, 0x0841, 0x0841, 0x0841, 0x0841, 0x0841, 0x0841, 0x0841, 0x0841,
    0x0841, 0x0841, 0x0841, 0x0841, 0x0841, 0x0841, 0x0841, 0x0841, 0x0841, 0x0841, 0x0841, 0x0841,
    0x0841, 0x0841, 0x0841, 0x0841, 0x0841, 0x0841, 0x0841, 0x0841, 0x0841, 0x0841, 0x0841, 0x0841,
    0x0841, 0x0841, 0x0841, 0x0841, 0x0841, 0x0841, 0x0841, 0x0841, 0x0841, 0x0841, 0x0841, 0x0841,
    0x0841, 0x0841, 0x0841, 0x0841, 0x0841, 0x0841, 0x0841, 0x0841, 0x0841, 0x0841, 0x0841, 0x0841,
    0x0841, 0x0841, 0x0841, 0x0841, 0x0841, 0x0841, 0x0841, 0x0841, 0x0841, 0x0841, 0x0841, 0x0841,
    0x0841, 0x0841, 0x0841, 0x0841, 0x0841, 0x0841, 0x0841, 0x0841, 0x0841, 0x0841, 0x0841, 0x0841,
    0x0841, 0x0841, 0x0841, 0x0841, 0x0841, 0x0841, 0x0841, 0x0841, 0x0841, 0x0841, 0x0841, 0x0841,
    0x0841, 0x0841, 0x0841, 0x0841, 0x0841, 0x0841, 0x0841, 0x0841, 0x0841, 0x0841, 0x0841, 0x0841,
    0x0841, 0x0841, 0x0841, 0x0841, 0x0841, 0x0841, 0x0841, 0x0841, 0x0841, 0x0841, 0x0841, 0x0841,
    0x0841, 0x0841, 0x0841, 0x0841, 0x0841, 0x0841, 0x0841, 0x0841, 0x0841, 0x0841, 0x0841, 0x0841,
    0x0841, 0x0841, 0x0841, 0x0841, 0x0841, 0x0841, 0x0841, 0x0841, 0x0841, 0x0841, 0x0841, 0x0841,
    0x0841, 0x0841, 0x0841, 0x0841, 0x0841, 0x0841, 0x0841, 0x0841, 0x0841, 0x0841, 0x0841, 0x0841,
    0x0841, 0x0841, 0x0841, 0x0841, 0x0841, 0x0841, 0x0841, 0x0841, 0x0841, 0x0841, 0x0841, 0x0841,
    0x0841, 0x0841, 0x0841, 0x0841, 0x0841, 0x0841, 0x0841, 0x0841, 0x0841, 0x0841, 0x0841, 0x0841,
    0x0841, 0x0841, 0x0841, 0x0841, 0x0841, 0x0841, 0x0841, 0x0841, 0x0841, 0x0841, 0x0841, 0x0841,
    0x0841, 0x0841, 0x0841, 0x0841, 0x0841, 0x0841, 0x0841, 0x0841, 0x0841, 0x0841, 0x0841, 0x0841,
    0x0841, 0x0841, 0x0841, 0x0841, 0x0841, 0x0841, 0x0841, 0x0841, 0x0841, 0x0841, 0x0841, 0x0841,
    0x0841, 0x0841, 0x0841, 0x0841, 0x0841, 0x0841, 0x0841, 0x0841, 0x0841, 0x0841, 0x0841, 0x0841,
    0x0841, 0x0841, 0x0841, 0x0841, 0x0841, 0x0841, 0x0841, 0x0841, 0x0841, 0x0841, 0x0841, 0x0841,
    0x0841, 0x0841, 0x0841, 0x0841, 0x0841, 0x0841, 0x0841, 0x0841, 0x0841, 0x0841, 0x0841, 0x0841,
    0x0841, 0x0841, 0x0841, 0x0841, 0x0841, 0x0841, 0x0841, 0x0841, 0x0841, 0x0841, 0x0841, 0x0841,
    0x0841, 0x0841, 0x0841, 0x0841, 0x0841, 0x0841, 0x0841, 0x0841, 0x0841, 0x0841, 0x0841, 0x0841,
    0x0841, 0x0841, 0x0841, 0x0841, 0x0841, 0x0841, 0x0841, 0x0841, 0x0841, 0x0841, 0x0841, 0x0841,
    0x0841, 0x0841, 0x0841, 0x0841, 0x0841, 0x0841, 0x0841, 0x0841, 0x0841, 0x0841, 0x0841, 0x0841,
    0x0841, 0x0841, 0x0841, 0x0841, 0x0841, 0x0841, 0x0841, 0x0841, 0x0841, 0x0841, 0x0841, 0x0841,
    0x0841, 0x0841, 0x0841, 0x0841, 0x0841, 0x0841, 0x0841, 0x0841, 0x0841, 0x0841, 0x0841, 0x0841,
    0x0841, 0x0841, 0x0841, 0x0841, 0x0841, 0x0841, 0x0841, 0x0841, 0x0841, 0x0841, 0x0841, 0x0841,
    0x0841, 0x0841, 0x0841, 0x0841, 0x0841, 0x0841, 0x0841, 0x0841, 0x0841, 0x0841, 0x0841, 0x0841,
    0x0841, 0x0841, 0x0841, 0x0841, 0x0841, 0x0841, 0x0841, 0x0841, 0x0841, 0x0841, 0x0841, 0x0841,
    0x0841, 0x0841, 0x0841, 0x0841, 0x0841, 0x0841, 0x0841, 0x0841, 0x0841, 0x0841, 0x0841, 0x0841,
    0x0841, 0x0841, 0x0841, 0x0841, 0x0841, 0x0841, 0x0841, 0x0841, 0x0841, 0x0841, 0x0841, 0x0841,
    0x0841, 0x0841, 0x0841, 0x0841, 0x0841, 0x0841, 0x0841, 0x0841, 0x0841, 0x0841, 0x0841, 0x0841,
    0x0841, 0x0841, 0x0841, 0x0841, 0x0841, 0x0841, 0x0841, 0x0841, 0x0841, 0x0841, 0x0841, 0x0841,
    0x0841, 0x0841, 0x0841, 0x0841, 0x0841, 0x0841, 0x0841, 0x0841, 0x0841, 0x0841, 0x0841, 0x0841,
    0x0841, 0x0841, 0x0841, 0x0841, 0x0841, 0x0841, 0x0841, 0x0841, 0x0841, 0x0841, 0x0841, 0x0841,
    0x0841, 0x0841, 0x0841, 0x0841, 0x0841, 0x0841, 0x0841, 0x0841, 0x0841, 0x0841, 0x0841, 0x0841,
    0x0841, 0x0841, 0x0841, 0x0841, 0x0841, 0x0841, 0x0841, 0x0841, 0x0841, 0x0841, 0x0841, 0x0841,
    0x0841, 0x0841, 0x0841, 0x0841, 0x0841, 0x0841, 0x0841, 0x0841, 0x0841, 0x0841, 0x0841, 0x0841,
    0x0841, 0x0841, 0x0841, 0x0841, 0x0841, 0x0841, 0x0841, 0x0841, 0x0841, 0x0841, 0x0841, 0x0841,
    0x0841, 0x0841, 0x0841, 0x0841, 0x0841, 0x0841, 0x0841, 0x0841, 0x0841, 0x0841, 0x0841, 0x0841,
    0x0841, 0x0841, 0x0841, 0x0841, 0x0841, 0x0841, 0x0841, 0x0841, 0x0841, 0x0841, 0x0841, 0x0841,
    0x0841, 0x0841, 0x0841, 0x0841, 0x0841, 0x0841, 0x0841, 0x0841, 0x0841, 0x0841, 0x0841, 0x0841,
    0x0841, 0x0841, 0x0841, 0x0841, 0x0841, 0x0841, 0x0841, 0x0841, 0x0841, 0x0841, 0x0841, 0x0841,
    0x0841, 0x0841, 0x0841, 0x0841, 0x0841, 0x0841, 0x0841, 0x0841, 0x0841, 0x0841, 0x0841, 0x0841,
    0x0841, 0x0841, 0x0841, 0x0841, 0x0841, 0x0841, 0x0841, 0x0841, 0x0841, 0x0841, 0x0841, 0x0841,
    0x0841, 0x0841, 0x0841, 0x0841, 0x0841, 0x0841, 0x0841, 0x0841, 0x0841, 0x0841, 0x0841, 0x0841,
    0x0841, 0x0841, 0x0841, 0x0841, 0x0841, 0x0841, 0x0841, 0x0841, 0x0841, 0x0841, 0x0841, 0x0841,
    0x0841, 0x0841, 0x0841, 0x0841, 0x0841, 0x0841, 0x0841, 0x0841, 0x0841, 0x0841, 0x0841, 0x0841,
    0x0841, 0x0841, 0x0841, 0x0841, 0x0841, 0x0841, 0x0841, 0x0841, 0x0841, 0x0841, 0x0841, 0x0841,
    0x0841, 0x0841, 0x0841, 0x0841, 0x0841, 0x0841, 0x0841, 0x0841, 0x0841, 0x0841, 0x0841, 0x0841,
    0x0841, 0x0841, 0x0841, 0x0841, 0x0841, 0x0841, 0x0841, 0x0841, 0x0841, 0x0841, 0x0841, 0x0841,
    0x0841, 0x0841, 0x0841, 0x0841, 0x0841, 0x0841, 0x0841, 0x0841, 0x0841, 0x0841, 0x0841, 0x0841,
    0x0841, 0x0841, 0x0841, 0x0841, 0x0841, 0x0841, 0x0841, 0x0841, 0x0841, 0x0841, 0x0841, 0x0841,
    0x0841, 0x0841, 0x0841, 0x0841, 0x0841, 0x0841, 0x0841, 0x0841, 0x0841, 0x0841, 0x0841, 0x0841,
    0x0841, 0x0841, 0x0841, 0x0841, 0x0841, 0x0841, 0x0841, 0x0841, 0x0841, 0x0841, 0x0841, 0x0841,
    0x0841, 0x0841, 0x0841, 0x0841, 0x0841, 0x0841, 0x0841, 0x0841, 0x0841, 0x0841, 0x0841, 0x0841,
    0x0841, 0x0841, 0x0841, 0x0841, 0x0841, 0x0841, 0x0841, 0x0841, 0x0841, 0x0841, 0x0841, 0x0841,
    0x0841, 0x0841, 0x0841, 0x0841, 0x0841, 0x0841, 0x0841, 0x0841, 0x0841, 0x0841, 0x0841, 0x0841,
    0x0841, 0x0841, 0x0841, 0x0841, 0x0841, 0x0841, 0x0841, 0x0841, 0x0841, 0x0841, 0x0841, 0x0841,
    0x0841, 0x0841, 0x0841, 0x0841, 0x0841, 0x0841, 0x0841, 0x0841, 0x0841, 0x0841, 0x0841, 0x0841,
    0x0841, 0x0841, 0x0841, 0x0841, 0x0841, 0x0841, 0x0841, 0x0841, 0x0841, 0x0841, 0x0841, 0x0841,
    0x0841, 0x0841, 0x0841, 0x0841, 0x0841, 0x0841, 0x0841, 0x0841, 0x0841, 0x0841, 0x0841, 0x0841,
    0x0841, 0x0841, 0x0841, 0x0841, 0x0841, 0x0841, 0x0841, 0x0841, 0x0841, 0x0841, 0x0841, 0x0841,
    0x0841, 0x0841, 0x0841, 0x0841, 0x0841, 0x0841, 0x0841, 0x0841, 0x0841, 0x0841, 0x0841, 0x0841,
    0x0841, 0x0841, 0x0841, 0x0841, 0x0841, 0x0841, 0x0841, 0x0841, 0x0841, 0x0841, 0x0841, 0x0841,
    0x0841, 0x0841, 0x0841, 0x0841, 0x0841, 0x0841, 0x0841, 0x0841, 0x0841, 0x0841, 0x0841, 0x0841,
    0x0841, 0x0841, 0x0841, 0x0841, 0x0841, 0x0841, 0x0841, 0x0841, 0x0841, 0x0841, 0x0841, 0x0841,
    0x0841, 0x0841, 0x0841, 0x0841, 0x0841, 0x0841, 0x0841, 0x0841, 0x0841, 0x0841, 0x0841, 0x0841,
    0x0841, 0x0841, 0x0841, 0x0841, 0x0841, 0x0841, 0x0841, 0x0841, 0x0841, 0x0841, 0x0841, 0x0841,
    0x0841, 0x0841, 0x0841, 0x0841, 0x0841, 0x0841, 0x0841, 0x0841, 0x0841, 0x0841, 0x0841, 0x0841,
    0x0841, 0x0841, 0x0841, 0x0841, 0x0841, 0x0841, 0x0841, 0x0841, 0x0841, 0x0841, 0x0841, 0x0841,
    0x0841, 0x0841, 0x0841, 0x0841, 0x0841, 0x0841, 0x0841, 0x0841, 0x0841, 0x0841, 0x0841, 0x0841,
    0x0841, 0x0841, 0x0841, 0x0841, 0x0841, 0x0841, 0x0841, 0x0841, 0x0841, 0x0841, 0x0841, 0x0841,
    0x0841, 0x0841, 0x0841, 0x0841, 0x0841, 0x0841, 0x0841, 0x0841, 0x0841, 0x0841, 0x0841, 0x0841,
    0x0841, 0x0841, 0x0841, 0x0841, 0x0841, 0x0841, 0x0841, 0x0841, 0x0841, 0x0841, 0x0841, 0x0841,
    0x0841, 0x0841, 0x0841, 0x0841, 0x0841, 0x0841, 0x0841, 0x0841, 0x0841, 0x0841, 0x0841, 0x0841,
    0x0841, 0x0841, 0x0841, 0x0841, 0x0841, 0x0841, 0x0841, 0x0841, 0x0841, 0x0841, 0x0841, 0x0841,
    0x0841, 0x0841, 0x0841, 0x0841, 0x0841, 0x0841, 0x0841, 0x0841, 0x0841, 0x0841, 0x0841, 0x0841,
    0x0841, 0x0841, 0x0841, 0x0841, 0x0841, 0x0841, 0x0841, 0x0841, 0x0841, 0x0841, 0x0841, 0x0841,
    0x0841, 0x0841, 0x0841, 0x0841, 0x0841, 0x0841, 0x0841, 0x0841, 0x0841, 0x0841, 0x0841, 0x0841,
    0x0841, 0x0841, 0x0841, 0x0841, 0x0841, 0x0841, 0x0841, 0x0841, 0x0841, 0x0841, 0x0841, 0x0841,
    0x0841, 0x0841, 0x0841, 0x0841, 0x0841, 0x0841, 0x0841, 0x0841, 0x0841, 0x0841, 0x0841, 0x0841,
    0x0841, 0x0841, 0x0841, 0x0841, 0x0841, 0x0841, 0x0841, 0x0841, 0x0841, 0x0841, 0x0841, 0x0841,
    0x0841, 0x0841, 0x0841, 0x0841, 0x0841, 0x0841, 0x0841, 0x0841, 0x0841, 0x0841, 0x0841, 0x0841,
    0x0841, 0x0841, 0x0841, 0x0841, 0x0841, 0x0841, 0x0841, 0x0841, 0x0841, 0x0841, 0x0841, 0x0841,
    0x0841, 0x0841, 0x0841, 0x0841, 0x0841, 0x0841, 0x0841, 0x0841, 0x0841, 0x0841, 0x0841, 0x0841,
    0x0841, 0x0841, 0x0841, 0x0841, 0x0841, 0x0841, 0x0841, 0x0841, 0x0841, 0x0841, 0x0841, 0x0841,
    0x0841, 0x0841, 0x0841, 0x0841, 0x0841, 0x0841, 0x0841, 0x0841, 0x0841, 0x0841, 0x0841, 0x0841,
    0x0841, 0x0841, 0x0841, 0x0841, 0x0841, 0x0841, 0x0841, 0x0841, 0x0841, 0x0841, 0x0841, 0x0841,
    0x0841, 0x0841, 0x0841, 0x0841, 0x0841, 0x0841, 0x0841, 0x0841, 0x0841, 0x0841, 0x0841, 0x0841,
    0x0841, 0x0841, 0x0841, 0x0841, 0x0841, 0x0841, 0x0841, 0x0841, 0x0841, 0x0841, 0x0841, 0x0841,
    0x0841, 0x0841, 0x0841, 0x0841, 0x0841, 0x0841, 0x0841, 0x0841, 0x0841, 0x0841, 0x0841, 0x0841,
    0x0841, 0x0841, 0x0841, 0x0841, 0x0841, 0x0841, 0x0841, 0x0841, 0x0841, 0x0841, 0x0841, 0x0841,
    0x0841, 0x0841, 0x0841, 0x0841, 0x0841, 0x0841, 0x0841, 0x0841, 0x0841, 0x0841, 0x0841, 0x0841,
    0x0841, 0x0841, 0x0841, 0x0841, 0x0841, 0x0841, 0x0841, 0x0841, 0x0841, 0x0841, 0x0841, 0x0841,
    0x0841, 0x0841, 0x0841, 0x0841, 0x0841, 0x0841, 0x0841, 0x0841, 0x0841, 0x0841, 0x0841, 0x0841,
    0x0841, 0x0841, 0x0841, 0x0841, 0x0841, 0x0841, 0x0841, 0x0841, 0x0841, 0x0841, 0x0841, 0x0841,
    0x0841, 0x0841, 0x0841, 0x0841, 0x0841, 0x0841, 0x0841, 0x0841, 0x0841, 0x0841, 0x0841, 0x0841,
    0x0841, 0x0841, 0x0841, 0x0841, 0x0841, 0x0841, 0x0841, 0x0841, 0x0841, 0x0841, 0x0841, 0x0841,
    0x0841, 0x0841, 0x0841, 0x0841, 0x0841, 0x0841, 0x0841, 0x0841, 0x0841, 0x0841, 0x0841, 0x0841,
    0x0841, 0x0841, 0x0841, 0x0841, 0x0841, 0x0841, 0x0841, 0x0841, 0x0841, 0x0841, 0x0841, 0x0841,
    0x0841, 0x0841, 0x0841, 0x0841, 0x0841, 0x0841, 0x0841, 0x0841, 0x0841, 0x0841, 0x0841, 0x0841,
    0x0841, 0x0841, 0x0841, 0x0841, 0x0841, 0x0841, 0x0841, 0x0841, 0x0841, 0x0841, 0x0841, 0x0841,
    0x0841, 0x0841, 0x0841, 0x0841, 0x0841, 0x0841, 0x0841, 0x0841, 0x0841, 0x0841, 0x0841, 0x0841,
    0x0841, 0x0841, 0x0841, 0x0841, 0x0841, 0x0841, 0x0841, 0x0841, 0x0841, 0x0841, 0x0841, 0x0841,
    0x0841, 0x0841, 0x0841, 0x0841, 0x0841, 0x0841, 0x0841, 0x0841, 0x0841, 0x0841, 0x0841, 0x0841,
    0x0841, 0x0841, 0x0841, 0x0841, 0x0841, 0x0841, 0x0841, 0x0841, 0x0841, 0x0841, 0x0841, 0x0841,
    0x0841, 0x0841, 0x0841, 0x0841, 0x0841, 0x0841, 0x0841, 0x0841, 0x0841, 0x0841, 0x0841, 0x0841,
    0x0841, 0x0841, 0x0841, 0x0841, 0x0841, 0x0841, 0x0841, 0x0841, 0x0841, 0x0841, 0x0841, 0x0841,
    0x0841, 0x0841, 0x0841, 0x0841, 0x0841, 0x0841, 0x0841, 0x0841, 0x0841, 0x0841, 0x0841, 0x0841,
    0x0841, 0x0841, 0x0841, 0x0841, 0x0841, 0x0841, 0x0841, 0x0841, 0x0841, 0x0841, 0x0841, 0x0841,
    0x0841, 0x0841, 0x0841, 0x0841, 0x0841, 0x0841, 0x0841, 0x0841, 0x0841, 0x0841, 0x0841, 0x0841,
    0x0841, 0x0841, 0x0841, 0x0841, 0x0841, 0x0841, 0x0841, 0x0841, 0x0841, 0x0841, 0x0841, 0x0841,
    0x0841, 0x0841, 0x0841, 0x0841, 0x0841, 0x0841, 0x0841, 0x0841, 0x0841, 0x0841, 0x0841, 0x0841,
    0x0841, 0x0841, 0x0841, 0x0841, 0x0841, 0x0841, 0x0841, 0x0841, 0x0841, 0x0841, 0x0841, 0x0841,
    0x0841, 0x0841, 0x0841, 0x0841, 0x0841, 0x0841, 0x0841, 0x0841, 0x0841, 0x0841, 0x0841, 0x0841,
    0x0841, 0x0841, 0x0841, 0x0841, 0x0841, 0x0841, 0x0841, 0x0841, 0x0841, 0x0841, 0x0841, 0x0841,
    0x0841, 0x0841, 0x0841, 0x0841, 0x0841, 0x0841, 0x0841, 0x0841, 0x0841, 0x0841, 0x0841, 0x0841,
    0x0841, 0x0841, 0x0841, 0x0841, 0x0841, 0x0841, 0x0841, 0x0841, 0x0841, 0x0841, 0x0841, 0x0841,
    0x0841, 0x0841, 0x0841, 0x0841, 0x0841, 0x0841, 0x0841, 0x0841, 0x0841, 0x0841, 0x0841, 0x0841,
    0x0841, 0x0841, 0x0841, 0x0841, 0x0841, 0x0841, 0x0841, 0x0841, 0x0841, 0x0841, 0x0841, 0x0841,
    0x0841, 0x0841, 0x0841, 0x0841, 0x0841, 0x0841, 0x0841, 0x0841, 0x0841, 0x0841, 0x0841, 0x0841,
    0x0841, 0x0841, 0x0841, 0x0841, 0x0841, 0x0841, 0x0841, 0x0841, 0x0841, 0x0841, 0x0841, 0x0841,
    0x0841, 0x0841, 0x0841, 0x0841, 0x0841, 0x0841, 0x0841, 0x0841, 0x0841, 0x0841, 0x0841, 0x0841,
    0x0841, 0x0841, 0x0841, 0x0841, 0x0841, 0x0841, 0x0841, 0x0841, 0x0841, 0x0841, 0x0841, 0x0841,
    0x0841, 0x0841, 0x0841, 0x0841, 0x0841, 0x0841, 0x0841, 0x0841, 0x0841, 0x0841, 0x0841, 0x0841,
    0x0841, 0x0841, 0x0841, 0x0841, 0x0841, 0x0841, 0x0841, 0x0841, 0x0841, 0x0841, 0x0841, 0x0841,
    0x0841, 0x0841, 0x0841, 0x0841, 0x0841, 0x0841, 0x0841, 0x0841, 0x0841, 0x0841, 0x0841, 0x0841,
    0x0841, 0x0841, 0x0841, 0x0841, 0x0841, 0x0841, 0x0841, 0x0841, 0x0841, 0x0841, 0x0841, 0x0841,
    0x0841, 0x0841, 0x0841, 0x0841, 0x0841, 0x0841, 0x0841, 0x0841, 0x0841, 0x0841, 0x0841, 0x0841,
    0x0841, 0x0841, 0x0841, 0x0841, 0x0841, 0x0841, 0x0841, 0x0841, 0x0841, 0x0841, 0x0841, 0x0841,
    0x0841, 0x0841, 0x0841, 0x0841, 0x0841, 0x0841, 0x0841, 0x0841, 0x0841, 0x0841, 0x0841, 0x0841,
    0x0841, 0x0841, 0x0841, 0x0841, 0x0841, 0x0841, 0x0841, 0x0841, 0x0841, 0x0841, 0x0841, 0x0841,
    0x0841, 0x0841, 0x0841, 0x0841, 0x0841, 0x0841, 0x0841, 0x0841, 0x0841, 0x0841, 0x0841, 0x0841,
    0x0841, 0x0841, 0x0841, 0x0841, 0x0841, 0x0841, 0x0841, 0x0841, 0x0841, 0x0841, 0x0841, 0x0841,
    0x0841, 0x0841, 0x0841, 0x0841, 0x0841, 0x0841, 0x0841, 0x0841, 0x0841, 0x0841, 0x0841, 0x0841,
    0x0841, 0x0841, 0x0841, 0x0841, 0x0841, 0x0841, 0x0841, 0x0841, 0x0841, 0x0841, 0x0841, 0x0841,
    0x0841, 0x0841, 0x0841, 0x0841, 0x0841, 0x0841, 0x0841, 0x0841, 0x0841, 0x0841, 0x0841, 0x0841,
    0x0841, 0x0841, 0x0841, 0x0841, 0x0841, 0x0841, 0x0841, 0x0841, 0x0841, 0x0841, 0x0841, 0x0841,
    0x0841, 0x0841, 0x0841, 0x0841, 0x0841, 0x0841, 0x0841, 0x0841, 0x0841, 0x0841, 0x0841, 0x0841,
    0x0841, 0x0841, 0x0841, 0x0841, 0x0841, 0x0841, 0x0841, 0x0841, 0x0841, 0x0841, 0x0841, 0x0841,
    0x0841, 0x0841, 0x0841, 0x0841, 0x0841, 0x0841, 0x0841, 0x0841, 0x0841, 0x0841, 0x0841, 0x0841,
    0x0841, 0x0841, 0x0841, 0x0841, 0x0841, 0x0841, 0x0841, 0x0841, 0x0841, 0x0841, 0x0841, 0x0841,
    0x0841, 0x0841, 0x0841, 0x0841, 0x0841, 0x0841, 0x0841, 0x0841, 0x0841, 0x0841, 0x0841, 0x0841,
    0x0841, 0x0841, 0x0841, 0x0841, 0x0841, 0x0841, 0x0841, 0x0841, 0x0841, 0x0841, 0x0841, 0x0841,
    0x0841, 0x0841, 0x0841, 0x0841, 0x0841, 0x0841, 0x0841, 0x0841, 0x0841, 0x0841, 0x0841, 0x0841,
    0x0841, 0x0841, 0x0841, 0x0841, 0x0841, 0x0841, 0x0841, 0x0841, 0x0841, 0x0841, 0x0841, 0x0841,
    0x0841, 0x0841, 0x0841, 0x0841, 0x0841, 0x0841, 0x0841, 0x0841, 0x0841, 0x0841, 0x0841, 0x0841,
    0x0841, 0x0841, 0x0841, 0x0841, 0x0841, 0x0841, 0x0841, 0x0841, 0x0841, 0x0841, 0x0841, 0x0841,
    0x0841, 0x0841, 0x0841, 0x0841, 0x0841, 0x0841, 0x0841, 0x0841, 0x0841, 0x0841, 0x0841, 0x0841,
    0x0841, 0x0841, 0x0841, 0x0841, 0x0841, 0x0841, 0x0841, 0x0841, 0x0841, 0x0841, 0x0841, 0x0841,
    0x0841, 0x0841, 0x0841, 0x0841, 0x0841, 0x0841, 0x0841, 0x0841, 0x0841, 0x0841, 0x0841, 0x0841,
    0x0841, 0x0841, 0x0841, 0x0841, 0x0841, 0x0841, 0x0841, 0x0841, 0x0841, 0x0841, 0x0841, 0x0841,
    0x0841, 0x0841, 0x0841, 0x0841, 0x0841, 0x0841, 0x0841, 0x0841, 0x0841, 0x0841, 0x0841, 0x0841,
    0x0841, 0x0841, 0x0841, 0x0841, 0x0841, 0x0841, 0x0841, 0x0841, 0x0841, 0x0841, 0x0841, 0x0841,
    0x0841, 0x0841, 0x0841, 0x0841, 0x0841, 0x0841, 0x0841, 0x0841, 0x0841, 0x0841, 0x0841, 0x0841,
    0x0841, 0x0841, 0x0841, 0x0841, 0x0841, 0x0841, 0x0841, 0x0841, 0x0841, 0x0841, 0x0841, 0x0841,
    0x0841, 0x0841, 0x0841, 0x0841, 0x0841, 0x0841, 0x0841, 0x0841, 0x0841, 0x0841, 0x0841, 0x0841,
    0x0841, 0x0841, 0x0841, 0x0841, 0x0841, 0x0841, 0x0841, 0x0841, 0x0841, 0x0841, 0x0841, 0x0841,
    0x0841, 0x0841, 0x0841, 0x0841, 0x0841, 0x0841, 0x0841, 0x0841, 0x0841, 0x0841, 0x0841, 0x0841,
    0x0841, 0x0841, 0x0841, 0x0841, 0x0841, 0x0841, 0x0841, 0x0841, 0x0841, 0x0841, 0x0841, 0x0841,
    0x0841, 0x0841, 0x0841, 0x0841, 0x0841, 0x0841, 0x0841, 0x0841, 0x0841, 0x0841, 0x0841, 0x0841,
    0x0841, 0x0841, 0x0841, 0x0841, 0x0841, 0x0841, 0x0841, 0x0841, 0x0841, 0x0841, 0x0841, 0x0841,
    0x0841, 0x0841, 0x0841, 0x0841, 0x0841, 0x0841, 0x0841, 0x0841, 0x0841, 0x0841, 0x0841, 0x0841,
    0x0841, 0x0841, 0x0841, 0x0841, 0x0841, 0x0841, 0x0841, 0x0841, 0x0862, 0x0862, 0x0862, 0x0862,
    0x0862, 0x0862, 0x0862, 0x0862, 0x0862, 0x0862, 0x0862, 0x0862, 0x0862, 0x0862, 0x0862, 0x0862,
    0x0862, 0x0862, 0x0862, 0x0862, 0x0862, 0x0862, 0x0862, 0x0862, 0x0862, 0x0862, 0x0862, 0x0862,
    0x0862, 0x0862, 0x0862, 0x0862, 0x0862, 0x0862, 0x0862, 0x0862, 0x0862, 0x0862, 0x0862, 0x0862,
    0x0862, 0x0862, 0x0862, 0x0862, 0x0862, 0x0862, 0x0862, 0x0862, 0x0862, 0x0862, 0x0862, 0x0862,
    0x0862, 0x0862, 0x0862, 0x0862, 0x0862, 0x0862, 0x0862, 0x0862, 0x0862, 0x0862, 0x0862, 0x0862,
    0x0862, 0x0862, 0x0862, 0x0862, 0x0862, 0x0862, 0x0862, 0x0862, 0x0862, 0x0862, 0x0862, 0x0862,
    0x0862, 0x0862, 0x0862, 0x0862, 0x0862, 0x0862, 0x0862, 0x0862, 0x0862, 0x0862, 0x0862, 0x0862,
    0x0841, 0x0841, 0x0841, 0x0841, 0x0841, 0x0841, 0x0841, 0x0841, 0x0841, 0x0841, 0x0841, 0x0841,
    0x0841, 0x0841, 0x0841, 0x0841, 0x0841, 0x0841, 0x0841, 0x0841, 0x0841, 0x0841, 0x0841, 0x0841,
    0x0841, 0x0841, 0x0841, 0x0841, 0x0841, 0x0841, 0x0841, 0x0841, 0x0841, 0x0841, 0x0841, 0x0841,
    0x0841, 0x0841, 0x0841, 0x0841, 0x0841, 0x0841, 0x0841, 0x0841, 0x0841, 0x0841, 0x0841, 0x0841,
    0x0841, 0x0841, 0x0841, 0x0841, 0x0841, 0x0841, 0x0841, 0x0841, 0x0841, 0x0841, 0x0841, 0x0841,
    0x0841, 0x0841, 0x0841, 0x0841, 0x0841, 0x0841, 0x0841, 0x0841, 0x0841, 0x0841, 0x0841, 0x0841,
    0x0841, 0x0841, 0x0841, 0x0841, 0x0841, 0x0841, 0x0841, 0x0841, 0x0841, 0x0841, 0x0841, 0x0841,
    0x0841, 0x0841, 0x0841, 0x0841, 0x0841, 0x0841, 0x0841, 0x0841, 0x0841, 0x0841, 0x0841, 0x0841,
    0x0841, 0x0841, 0x0841, 0x0841, 0x0841, 0x0841, 0x0841, 0x0841, 0x0841, 0x0841, 0x0862, 0x1083,
    0x10a3, 0x18c4, 0x18e4, 0x18e4, 0x18e4, 0x18e4, 0x18e4, 0x18e4, 0x18e4, 0x18e4, 0x18e4, 0x18e4,
    0x18e4, 0x18e4, 0x18e4, 0x18e4, 0x18e4, 0x18e4, 0x18e4, 0x18e4, 0x18e4, 0x18e4, 0x18e4, 0x18e4,
    0x18e4, 0x18e4, 0x18e4, 0x18e4, 0x18e4, 0x18e4, 0x18e4, 0x18e4, 0x18e4, 0x18e4, 0x18e4, 0x18e4,
    0x18e4, 0x18e4, 0x18e4, 0x18e4, 0x18e4, 0x18e4, 0x18e4, 0x18e4, 0x18e4, 0x18e4, 0x18e4, 0x18e4,
    0x18e4, 0x18e4, 0x18e4, 0x18e4, 0x18e4, 0x18e4, 0x18e4, 0x18e4, 0x18e4, 0x18e4, 0x18e4, 0x18e4,
    0x18e4, 0x18e4, 0x18e4, 0x18e4, 0x18e4, 0x18e4, 0x18e4, 0x18e4, 0x18e4, 0x18e4, 0x18e4, 0x18e4,
    0x18e4, 0x18e4, 0x18e4, 0x18e4, 0x18e4, 0x18e4, 0x18e4, 0x18e4, 0x18e4, 0x18e4, 0x18e4, 0x18e4,
    0x18e4, 0x18e4, 0x18e4, 0x18e4, 0x18e4, 0x18e4, 0x18e4, 0x18e4, 0x18e4, 0x18e4, 0x18c4, 0x10a3,
    0x1083, 0x0862, 0x0841, 0x0841, 0x0841, 0x0841, 0x0841, 0x0841, 0x0841, 0x0841, 0x0841, 0x0841,
    0x0841, 0x0841, 0x0841, 0x0841, 0x0841, 0x0841, 0x0841, 0x0841, 0x0841, 0x0841, 0x0841, 0x0841,
    0x0841, 0x0841, 0x0841, 0x0841, 0x0841, 0x0841, 0x0841, 0x0841, 0x0841, 0x0841, 0x0841, 0x0841,
    0x0841, 0x0841, 0x0841, 0x0841, 0x0841, 0x0841, 0x0841, 0x0841, 0x0841, 0x0841, 0x0841, 0x0841,
    0x0841, 0x0841, 0x0841, 0x0841, 0x0841, 0x0841, 0x0841, 0x0841, 0x0841, 0x0841, 0x0841, 0x0841,
    0x0841, 0x0841, 0x0841, 0x0841, 0x0841, 0x0841, 0x0841, 0x0841, 0x0841, 0x0841, 0x0841, 0x0841,
    0x0841, 0x0841, 0x0841, 0x0841, 0x0841, 0x0841, 0x0841, 0x0841, 0x0841, 0x0841, 0x0841, 0x0841,
    0x0841, 0x0841, 0x0841, 0x0841, 0x0841, 0x0841, 0x0841, 0x0841, 0x0841, 0x0841, 0x0841, 0x0841,
    0x0841, 0x0841, 0x0862, 0x1083, 0x10c3, 0x18e4, 0x18e4, 0x18e4, 0x18e4, 0x18e4, 0x18e4, 0x18e4,
    0x18e4, 0x18e4, 0x18e4, 0x18e4, 0x18e4, 0x18e4, 0x18e4, 0x18e4, 0x18e4, 0x18e4, 0x18e4, 0x18e4,
    0x18e4, 0x18e4, 0x18e4, 0x18e4, 0x18e4, 0x18e4, 0x18e4, 0x18e4, 0x18e4, 0x18e4, 0x18e4, 0x18e4,
    0x18e4, 0x18e4, 0x18e4, 0x18e4, 0x18e4, 0x18e4, 0x18e4, 0x18e4, 0x18e4, 0x18e4, 0x18e4, 0x18e4,
    0x18e4, 0x18e4, 0x18e4, 0x18e4, 0x18e4, 0x18e4, 0x18e4, 0x18e4, 0x18e4, 0x18e4, 0x18e4, 0x18e4,
    0x18e4, 0x18e4, 0x18e4, 0x18e4, 0x18e4, 0x18e4, 0x18e4, 0x18e4, 0x18e4, 0x18e4, 0x18e4, 0x18e4,
    0x18e4, 0x18e4, 0x18e4, 0x18e4, 0x18e4, 0x18e4, 0x18e4, 0x18e4, 0x18e4, 0x18e4, 0x18e4, 0x18e4,
    0x18e4, 0x18e4, 0x18e4, 0x18e4, 0x18e4, 0x18e4, 0x18e4, 0x18e4, 0x18e4, 0x18e4, 0x18e4, 0x18e4,
    0x18e4, 0x18e4, 0x18e4, 0x18e4, 0x18e4, 0x18e4, 0x18e4, 0x18e4, 0x18e4, 0x18e4, 0x18e4, 0x10c3,
    0x1083, 0x0862, 0x0841, 0x0841, 0x0841, 0x0841, 0x0841, 0x0841, 0x0841, 0x0841, 0x0841, 0x0841,
    0x0841, 0x0841, 0x0841, 0x0841, 0x0841, 0x0841, 0x0841, 0x0841, 0x0841, 0x0841, 0x0841, 0x0841,
    0x0841, 0x0841, 0x0841, 0x0841, 0x0841, 0x0841, 0x0841, 0x0841, 0x0841, 0x0841, 0x0841, 0x0841,
    0x0841, 0x0841, 0x0841, 0x0841, 0x0841, 0x0841, 0x0841, 0x0841, 0x0841, 0x0841, 0x0841, 0x0841,
    0x0841, 0x0841, 0x0841, 0x0841, 0x0841, 0x0841, 0x0841, 0x0841, 0x0841, 0x0841, 0x0841, 0x0841,
    0x0841, 0x0841, 0x0841, 0x0841, 0x0841, 0x0841, 0x0841, 0x0841, 0x0841, 0x0841, 0x0841, 0x0841,
    0x0841, 0x0841, 0x0841, 0x0841, 0x0841, 0x0841, 0x0841, 0x0841, 0x0841, 0x0841, 0x0841, 0x0841,
    0x0841, 0x0841, 0x0841, 0x0841, 0x0841, 0x0841, 0x0841, 0x0862, 0x1083, 0x18c4, 0x18e4, 0x18e4,
    0x18e4, 0x18e4, 0x18e4, 0x18e4, 0x18e4, 0x18e4, 0x18e4, 0x18e4, 0x18e4, 0x18e4, 0x18e4, 0x18e4,
    0x18e4, 0x18e4, 0x18e4, 0x18e4, 0x18e4, 0x18e4, 0x18e4, 0x18e4, 0x18e4, 0x18e4, 0x18e4, 0x18e4,
    0x18e4, 0x18e4, 0x18e4, 0x18e4, 0x18e4, 0x18e4, 0x18e4, 0x18e4, 0x18e4, 0x18e4, 0x18e4, 0x18e4,
    0x18e4, 0x18e4, 0x18e4, 0x18e4, 0x18e4, 0x18e4, 0x18e4, 0x18e4, 0x18e4, 0x18e4, 0x18e4, 0x18e4,
    0x18e4, 0x18e4, 0x18e4, 0x18e4, 0x18e4, 0x18e4, 0x18e4, 0x18e4, 0x18e4, 0x18e4, 0x18e4, 0x18e4,
    0x18e4, 0x18e4, 0x18e4, 0x18e4, 0x18e4, 0x18e4, 0x18e4, 0x18e4, 0x18e4, 0x18e4, 0x18e4, 0x18e4,
    0x18e4, 0x18e4, 0x18e4, 0x18e4, 0x18e4, 0x18e4, 0x18e4, 0x18e4, 0x18e4, 0x18e4, 0x18e4, 0x18e4,
    0x18e4, 0x18e4, 0x18e4, 0x18e4, 0x18e4, 0x18e4, 0x18e4, 0x18e4, 0x18e4, 0x18e4, 0x18e4, 0x18e4,
    0x18e4, 0x18e4, 0x18e4, 0x18e4, 0x18e4, 0x18e4, 0x18e4, 0x18e4, 0x18e4, 0x18e4, 0x18c4, 0x1083,
    0x0862, 0x0841, 0x0841, 0x0841, 0x0841, 0x0841, 0x0841, 0x0841, 0x0841, 0x0841, 0x0841, 0x0841,
    0x0841, 0x0841, 0x0841, 0x0841, 0x0841, 0x0841, 0x0841, 0x0841, 0x0841, 0x0841, 0x0841, 0x0841,
    0x0841, 0x0841, 0x0841, 0x0841, 0x0841, 0x0841, 0x0841, 0x0841, 0x0841, 0x0841, 0x0841, 0x0841,
    0x0841, 0x0841, 0x0841, 0x0841, 0x0841, 0x0841, 0x0841, 0x0841, 0x0841, 0x0841, 0x0841, 0x0841,
    0x0841, 0x0841, 0x0841, 0x0841, 0x0841, 0x0841, 0x0841, 0x0841, 0x0841, 0x0841, 0x0841, 0x0841,
    0x0841, 0x0841, 0x0841, 0x0841, 0x0841, 0x0841, 0x0841, 0x0841, 0x0841, 0x0841, 0x0841, 0x0841,
    0x0841, 0x0841, 0x0841, 0x0841, 0x0841, 0x0841, 0x0841, 0x0841, 0x0841, 0x0841, 0x0841, 0x0841,
    0x0841, 0x0862, 0x10a3, 0x18e4, 0x18e4, 0x18e4, 0x18e4, 0x18e4, 0x18e4, 0x18e4, 0x18e4, 0x18e4,
    0x18e4, 0x18e4, 0x18e4, 0x18e4, 0x18e4, 0x18e4, 0x18e4, 0x18e4, 0x18e4, 0x18e4, 0x18e4, 0x18e4,
    0x18e4, 0x18e4, 0x18e4, 0x18e4, 0x18e4, 0x18e4, 0x18e4, 0x18e4, 0x18e4, 0x18e4, 0x18e4, 0x18e4,
    0x18e4, 0x18e4, 0x18e4, 0x18e4, 0x18e4, 0x18e4, 0x18e4, 0x18e4, 0x18e4, 0x18e4, 0x18e4, 0x18e4,
    0x18e4, 0x18e4, 0x18e4, 0x18e4, 0x18e4, 0x18e4, 0x18e4, 0x18e4, 0x18e4, 0x18e4, 0x18e4, 0x18e4,
    0x18e4, 0x18e4, 0x18e4, 0x18e4, 0x18e4, 0x18e4, 0x18e4, 0x18e4, 0x18e4, 0x18e4, 0x18e4, 0x18e4,
    0x18e4, 0x18e4, 0x18e4, 0x18e4, 0x18e4, 0x18e4, 0x18e4, 0x18e4, 0x18e4, 0x18e4, 0x18e4, 0x18e4,
    0x18e4, 0x18e4, 0x18e4, 0x18e4, 0x18e4, 0x18e4, 0x18e4, 0x18e4, 0x18e4, 0x18e4, 0x18e4, 0x18e4,
    0x18e4, 0x18e4, 0x18e4, 0x18e4, 0x18e4, 0x18e4, 0x18e4, 0x18e4, 0x18e4, 0x18e4, 0x18e4, 0x18e4,
    0x18e4, 0x18e4, 0x18e4, 0x18e4, 0x18e4, 0x18e4, 0x18e4, 0x18e4, 0x18e4, 0x10a3, 0x0862, 0x0841,
    0x0841, 0x0841, 0x0841, 0x0841, 0x0841, 0x0841, 0x0841, 0x0841, 0x0841, 0x0841, 0x0841, 0x0841,
    0x0841, 0x0841, 0x0841, 0x0841, 0x0841, 0x0841, 0x0841, 0x0841, 0x0841, 0x0841, 0x0841, 0x0841,
    0x0841, 0x0841, 0x0841, 0x0841, 0x0841, 0x0841, 0x0841, 0x0841, 0x0841, 0x0841, 0x0841, 0x0841,
    0x0841, 0x0841, 0x0841, 0x0841, 0x0841, 0x0841, 0x0841, 0x0841, 0x0841, 0x0841, 0x0841, 0x0841,
    0x0841, 0x0841, 0x0841, 0x0841, 0x0841, 0x0841, 0x0841, 0x0841, 0x0841, 0x0841, 0x0841, 0x0841,
    0x0841, 0x0841, 0x0841, 0x0841, 0x0841, 0x0841, 0x0841, 0x0841, 0x0841, 0x0841, 0x0841, 0x0841,
    0x0841, 0x0841, 0x0841, 0x0841, 0x0841, 0x0841, 0x0841, 0x0862, 0x10c3, 0x18e4, 0x18e4, 0x18e4,
    0x18e4, 0x18e4, 0x18e4, 0x18e4, 0x18e4, 0x18e4, 0x18e4, 0x18e4, 0x18e4, 0x18e4, 0x18e4, 0x18e4,
    0x18e4, 0x18e4, 0x18e4, 0x18e4, 0x18e4, 0x18e4, 0x18e4, 0x18e4, 0x18e4, 0x18e4, 0x18e4, 0x18e4,
    0x18e4, 0x18e4, 0x18e4, 0x18e4, 0x18e4, 0x18e4, 0x18e4, 0x18e4, 0x18e4, 0x18e4, 0x18e4, 0x18e4,
    0x18e4, 0x18e4, 0x18e4, 0x18e4, 0x18e4, 0x18e4, 0x18e4, 0x18e4, 0x18e4, 0x18e4, 0x18e4, 0x18e4,
    0x18e4, 0x18e4, 0x18e4, 0x18e4, 0x18e4, 0x18e4, 0x18e4, 0x18e4, 0x18e4, 0x18e4, 0x18e4, 0x18e4,
    0x18e4, 0x18e4, 0x18e4, 0x18e4, 0x18e4, 0x18e4, 0x18e4, 0x18e4, 0x18e4, 0x18e4, 0x18e4, 0x18e4,
    0x18e4, 0x18e4, 0x18e4, 0x18e4, 0x18e4, 0x18e4, 0x18e4, 0x18e4, 0x18e4, 0x18e4, 0x18e4, 0x18e4,
    0x18e4, 0x18e4, 0x18e4, 0x18e4, 0x18e4, 0x18e4, 0x18e4, 0x18e4, 0x18e4, 0x18e4, 0x18e4, 0x18e4,
    0x18e4, 0x18e4, 0x18e4, 0x18e4, 0x18e4, 0x18e4, 0x18e4, 0x18e4, 0x18e4, 0x18e4, 0x18e4, 0x18e4,
    0x18e4, 0x18e4, 0x18e4, 0x18e4, 0x18e4, 0x18e4, 0x18e4, 0x10c3, 0x0862, 0x0841, 0x0841, 0x0841,
    0x0841, 0x0841, 0x0841, 0x0841, 0x0841, 0x0841, 0x0841, 0x0841, 0x0841, 0x0841, 0x0841, 0x0841,
    0x0841, 0x0841, 0x0841, 0x0841, 0x0841, 0x0841, 0x0841, 0x0841, 0x0841, 0x0841, 0x0841, 0x0841,
    0x0841, 0x0841, 0x0841, 0x0841, 0x0841, 0x0841, 0x0841, 0x0841, 0x0841, 0x0841, 0x0841, 0x0841,
    0x0841, 0x0841, 0x0841, 0x0841, 0x0841, 0x0841, 0x0841, 0x0841, 0x0841, 0x0841, 0x0841, 0x0841,
    0x0841, 0x0841, 0x0841, 0x0841, 0x0841, 0x0841, 0x0841, 0x0841, 0x0841, 0x0841, 0x0841, 0x0841,
    0x0841, 0x0841, 0x0841, 0x0841, 0x0841, 0x0841, 0x0841, 0x0841, 0x0841, 0x0841, 0x0841, 0x0841,
    0x0841, 0x0862, 0x10c3, 0x18e4, 0x18e4, 0x18e4, 0x18e4, 0x18e4, 0x18e4, 0x18e4, 0x18e4, 0x18e4,
    0x18e4, 0x18e4, 0x18e4, 0x18e4, 0x18e4, 0x18e4, 0x18e4, 0x18e4, 0x18e4, 0x18e4, 0x18e4, 0x18e4,
    0x18e4, 0x18e4, 0x18e4, 0x18e4, 0x18e4, 0x18e4, 0x18e4, 0x18e4, 0x18e4, 0x18e4, 0x18e4, 0x18e4,
    0x18e4, 0x18e4, 0x18e4, 0x18e4, 0x18e4, 0x18e4, 0x18e4, 0x18e4, 0x18e4, 0x18e4, 0x18e4, 0x18e4,
    0x18e4, 0x18e4, 0x18e4, 0x18e4, 0x18e4, 0x18e4, 0x18e4, 0x18e4, 0x18e4, 0x18e4, 0x18e4, 0x18e4,
    0x18e4, 0x18e4, 0x18e4, 0x18e4, 0x18e4, 0x18e4, 0x18e4, 0x18e4, 0x18e4, 0x18e4, 0x18e4, 0x18e4,
    0x18e4, 0x18e4, 0x18e4, 0x18e4, 0x18e4, 0x18e4, 0x18e4, 0x18e4, 0x18e4, 0x18e4, 0x18e4, 0x18e4,
    0x18e4, 0x18e4, 0x18e4, 0x18e4, 0x18e4, 0x18e4, 0x18e4, 0x18e4, 0x18e4, 0x18e4, 0x18e4, 0x18e4,
    0x18e4, 0x18e4, 0x18e4, 0x18e4, 0x18e4, 0x18e4, 0x18e4, 0x18e4, 0x18e4, 0x18e4, 0x18e4, 0x18e4,
    0x18e4, 0x18e4, 0x18e4, 0x18e4, 0x18e4, 0x18e4, 0x18e4, 0x18e4, 0x18e4, 0x18e4, 0x18e4, 0x18e4,
    0x18e4, 0x18e4, 0x18e4, 0x18e4, 0x18e4, 0x10c3, 0x0862, 0x0841, 0x0841, 0x0841, 0x0841, 0x0841,
    0x0841, 0x0841, 0x0841, 0x0841, 0x0841, 0x0841, 0x0841, 0x0841, 0x0841, 0x0841, 0x0841, 0x0841,
    0x0841, 0x0841, 0x0841, 0x0841, 0x0841, 0x0841, 0x0841, 0x0841, 0x0841, 0x0841, 0x0841, 0x0841,
    0x0841, 0x0841, 0x0841, 0x0841, 0x0841, 0x0841, 0x0841, 0x0841, 0x0841, 0x0841, 0x0841, 0x0841,
    0x0841, 0x0841, 0x0841, 0x0841, 0x0841, 0x0841, 0x0841, 0x0841, 0x0841, 0x0841, 0x0841, 0x0841,
    0x0841, 0x0841, 0x0841, 0x0841, 0x0841, 0x0841, 0x0841, 0x0841, 0x0841, 0x0841, 0x0841, 0x0841,
    0x0841, 0x0841, 0x0841, 0x0841, 0x0841, 0x0841, 0x0841, 0x0841, 0x10a3, 0x18e4, 0x18e4, 0x18e4,
    0x18e4, 0x18e4, 0x18e4, 0x18e4, 0x18e4, 0x18e4, 0x18e4, 0x18e4, 0x18e4, 0x18e4, 0x18e4, 0x18e4,
    0x18e4, 0x18e4, 0x18e4, 0x18e4, 0x18e4, 0x18e4, 0x18e4, 0x18e4, 0x18e4, 0x18e4, 0x18e4, 0x18e4,
    0x18e4, 0x18e4, 0x18e4, 0x18e4, 0x18e4, 0x18e4, 0x18e4, 0x18e4, 0x18e4, 0x18e4, 0x18e4, 0x18e4,
    0x18e4, 0x18e4, 0x18e4, 0x18e4, 0x18e4, 0x18e4, 0x18e4, 0x18e4, 0x18e4, 0x18e4, 0x18e4, 0x18e4,
    0x18e4, 0x18e4, 0x18e4, 0x18e4, 0x18e4, 0x18e4, 0x18e4, 0x18e4, 0x18e4, 0x18e4, 0x18e4, 0x18e4,
    0x18e4, 0x18e4, 0x18e4, 0x18e4, 0x18e4, 0x18e4, 0x18e4, 0x18e4, 0x18e4, 0x18e4, 0x18e4, 0x18e4,
    0x18e4, 0x18e4, 0x18e4, 0x18e4, 0x18e4, 0x18e4, 0x18e4, 0x18e4, 0x18e4, 0x18e4, 0x18e4, 0x18e4,
    0x18e4, 0x18e4, 0x18e4, 0x18e4, 0x18e4, 0x18e4, 0x18e4, 0x18e4, 0x18e4, 0x18e4, 0x18e4, 0x18e4,
    0x18e4, 0x18e4, 0x18e4, 0x18e4, 0x18e4, 0x18e4, 0x18e4, 0x18e4, 0x18e4, 0x18e4, 0x18e4, 0x18e4,
    0x18e4, 0x18e4, 0x18e4, 0x18e4, 0x18e4, 0x18e4, 0x18e4, 0x18e4, 0x18e4, 0x18e4, 0x18e4, 0x18e4,
    0x18e4, 0x18e4, 0x18e4, 0x10a3, 0x0841, 0x0841, 0x0841, 0x0841, 0x0841, 0x0841, 0x0841, 0x0841,
    0x0841, 0x0841, 0x0841, 0x0841, 0x0841, 0x0841, 0x0841, 0x0841, 0x0841, 0x0841, 0x0841, 0x0841,
    0x0841, 0x0841, 0x0841, 0x0841, 0x0841, 0x0841, 0x0841, 0x0841, 0x0841, 0x0841, 0x0841, 0x0841,
    0x0841, 0x0841, 0x0841, 0x0841, 0x0841, 0x0841, 0x0841, 0x0841, 0x0841, 0x0841, 0x0841, 0x0841,
    0x0841, 0x0841, 0x0841, 0x0841, 0x0841, 0x0841, 0x0841, 0x0841, 0x0841, 0x0841, 0x0841, 0x0841,
    0x0841, 0x0841, 0x0841, 0x0841, 0x0841, 0x0841, 0x0841, 0x0841, 0x0841, 0x0841, 0x0841, 0x0841,
    0x0841, 0x0841, 0x0862, 0x18c4, 0x18e4, 0x18e4, 0x18e4, 0x18e4, 0x18e4, 0x18e4, 0x18e4, 0x18e4,
    0x18e4, 0x18e4, 0x18e4, 0x18e4, 0x18e4, 0x18e4, 0x18e4, 0x18e4, 0x18e4, 0x18e4, 0x18e4, 0x18e4,
    0x18e4, 0x18e4, 0x18e4, 0x18e4, 0x1904, 0x1905, 0x1905, 0x1905, 0x1905, 0x1905, 0x1905, 0x1905,
    0x1905, 0x1905, 0x1905, 0x1905, 0x1905, 0x1905, 0x1905, 0x1905, 0x1905, 0x1905, 0x1905, 0x1905,
    0x1905, 0x1905, 0x1905, 0x1905, 0x1905, 0x1905, 0x1905, 0x1905, 0x1905, 0x1905, 0x1905, 0x1905,
    0x1905, 0x1905, 0x1905, 0x1905, 0x1905, 0x1905, 0x1905, 0x1905, 0x1905, 0x1905, 0x1905, 0x1905,
    0x1905, 0x1905, 0x1905, 0x1905, 0x1905, 0x1905, 0x1905, 0x1905, 0x1905, 0x1905, 0x1905, 0x1905,
    0x1905, 0x1905, 0x1905, 0x1905, 0x1905, 0x1905, 0x1905, 0x1905, 0x1905, 0x1905, 0x1905, 0x1905,
    0x1905, 0x1905, 0x1905, 0x1905, 0x1905, 0x1905, 0x1905, 0x1905, 0x1905, 0x1905, 0x1905, 0x1904,
    0x18e4, 0x18e4, 0x18e4, 0x18e4, 0x18e4, 0x18e4, 0x18e4, 0x18e4, 0x18e4, 0x18e4, 0x18e4, 0x18e4,
    0x18e4, 0x18e4, 0x18e4, 0x18e4, 0x18e4, 0x18e4, 0x18e4, 0x18e4, 0x18e4, 0x18e4, 0x18e4, 0x18e4,
    0x18c4, 0x0862, 0x0841, 0x0841, 0x0841, 0x0841, 0x0841, 0x0841, 0x0841, 0x0841, 0x0841, 0x0841,
    0x0841, 0x0841, 0x0841, 0x0841, 0x0841, 0x0841, 0x0841, 0x0841, 0x0841, 0x0841, 0x0841, 0x0841,
    0x0841, 0x0841, 0x0841, 0x0841, 0x0841, 0x0841, 0x0841, 0x0841, 0x0841, 0x0841, 0x0841, 0x0841,
    0x0841, 0x0841, 0x0841, 0x0841, 0x0841, 0x0841, 0x0841, 0x0841, 0x0841, 0x0841, 0x0841, 0x0841,
    0x0841, 0x0841, 0x0841, 0x0841, 0x0841, 0x0841, 0x0841, 0x0841, 0x0841, 0x0841, 0x0841, 0x0841,
    0x0841, 0x0841, 0x0841, 0x0841, 0x0841, 0x0841, 0x0841, 0x0841, 0x0841, 0x1083, 0x18e4, 0x18e4,
    0x18e4, 0x18e4, 0x18e4, 0x18e4, 0x18e4, 0x18e4, 0x18e4, 0x18e4, 0x18e4, 0x18e4, 0x18e4, 0x18e4,
    0x18e4, 0x18e4, 0x18e4, 0x18e4, 0x18e4, 0x18e4, 0x1905, 0x2105, 0x2125, 0x2125, 0x2125, 0x2125,
    0x2125, 0x2125, 0x2125, 0x2125, 0x2125, 0x2125, 0x2125, 0x2125, 0x2125, 0x2125, 0x2125, 0x2125,
    0x2125, 0x2125, 0x2125, 0x2125, 0x2125, 0x2125, 0x2125, 0x2125, 0x2125, 0x2125, 0x2125, 0x2125,
    0x2125, 0x2125, 0x2125, 0x2125, 0x2125, 0x2125, 0x2125, 0x2125, 0x2125, 0x2125, 0x2125, 0x2125,
    0x2125, 0x2125, 0x2125, 0x2125, 0x2125, 0x2125, 0x2125, 0x2125, 0x2125, 0x2125, 0x2125, 0x2125,
    0x2125, 0x2125, 0x2125, 0x2125, 0x2125, 0x2125, 0x2125, 0x2125, 0x2125, 0x2125, 0x2125, 0x2125,
    0x2125, 0x2125, 0x2125, 0x2125, 0x2125, 0x2125, 0x2125, 0x2125, 0x2125, 0x2125, 0x2125, 0x2125,
    0x2125, 0x2125, 0x2125, 0x2125, 0x2125, 0x2125, 0x2125, 0x2125, 0x2125, 0x2125, 0x2125, 0x2125,
    0x2105, 0x1905, 0x18e4, 0x18e4, 0x18e4, 0x18e4, 0x18e4, 0x18e4, 0x18e4, 0x18e4, 0x18e4, 0x18e4,
    0x18e4, 0x18e4, 0x18e4, 0x18e4, 0x18e4, 0x18e4, 0x18e4, 0x18e4, 0x18e4, 0x18e4, 0x1083, 0x0841,
    0x0841, 0x0841, 0x0841, 0x0841, 0x0841, 0x0841, 0x0841, 0x0841, 0x0841, 0x0841, 0x0841, 0x0841,
    0x0841, 0x0841, 0x0841, 0x0841, 0x0841, 0x0841, 0x0841, 0x0841, 0x0841, 0x0841, 0x0841, 0x0841,
    0x0841, 0x0841, 0x0841, 0x0841, 0x0841, 0x0841, 0x0841, 0x0841, 0x0841, 0x0841, 0x0841, 0x0841,
    0x0841, 0x0841, 0x0841, 0x0841, 0x0841, 0x0841, 0x0841, 0x0841, 0x0841, 0x0841, 0x0841, 0x0841,
    0x0841, 0x0841, 0x0841, 0x0841, 0x0841, 0x0841, 0x0841, 0x0841, 0x0841, 0x0841, 0x0841, 0x0841,
    0x0841, 0x0841, 0x0841, 0x0841, 0x10a3, 0x18e4, 0x18e4, 0x18e4, 0x18e4, 0x18e4, 0x18e4, 0x18e4,
    0x18e4, 0x18e4, 0x18e4, 0x18e4, 0x18e4, 0x18e4, 0x18e4, 0x18e4, 0x18e4, 0x18e4, 0x18e4, 0x2105,
    0x2125, 0x2125, 0x2125, 0x2125, 0x2125, 0x2125, 0x2125, 0x2125, 0x2125, 0x2125, 0x2125, 0x2125,
    0x2125, 0x2125, 0x2125, 0x2125, 0x2125, 0x2125, 0x2125, 0x2125, 0x2125, 0x2125, 0x2125, 0x2125,
    0x2125, 0x2125, 0x2125, 0x2125, 0x2125, 0x2125, 0x2125, 0x2125, 0x2125, 0x2125, 0x2125, 0x2125,
    0x2125, 0x2125, 0x2125, 0x2125, 0x2125, 0x2125, 0x2125, 0x2125, 0x2125, 0x2125, 0x2125, 0x2125,
    0x2125, 0x2125, 0x2125, 0x2125, 0x2125, 0x2125, 0x2125, 0x2125, 0x2125, 0x2125, 0x2125, 0x2125,
    0x2125, 0x2125, 0x2125, 0x2125, 0x2125, 0x2125, 0x2125, 0x2125, 0x2125, 0x2125, 0x2125, 0x2125,
    0x2125, 0x2125, 0x2125, 0x2125, 0x2125, 0x2125, 0x2125, 0x2125, 0x2125, 0x2125, 0x2125, 0x2125,
    0x2125, 0x2125, 0x2125, 0x2125, 0x2125, 0x2125, 0x2125, 0x2125, 0x2125, 0x2125, 0x2125, 0x2125,
    0x2105, 0x18e4, 0x18e4, 0x18e4, 0x18e4, 0x18e4, 0x18e4, 0x18e4, 0x18e4, 0x18e4, 0x18e4, 0x18e4,
    0x18e4, 0x18e4, 0x18e4, 0x18e4, 0x18e4, 0x18e4, 0x18e4, 0x10a3, 0x0841, 0x0841, 0x0841, 0x0841,
    0x0841, 0x0841, 0x0841, 0x0841, 0x0841, 0x0841, 0x0841, 0x0841, 0x0841, 0x0841, 0x0841, 0x0841,
    0x0841, 0x0841, 0x0841, 0x0841, 0x0841, 0x0841, 0x0841, 0x0841, 0x0841, 0x0841, 0x0841, 0x0841,
    0x0841, 0x0841, 0x0841, 0x0841, 0x0841, 0x0841, 0x0841, 0x0841, 0x0841, 0x0841, 0x0841, 0x0841,
    0x0841, 0x0841, 0x0841, 0x0841, 0x0841, 0x0841, 0x0841, 0x0841, 0x0841, 0x0841, 0x0841, 0x0841,
    0x0841, 0x0841, 0x0841, 0x0841, 0x0841, 0x0841, 0x0841, 0x0841, 0x0841, 0x0841, 0x0862, 0x18c4,
    0x18e4, 0x18e4, 0x18e4, 0x18e4, 0x18e4, 0x18e4, 0x18e4, 0x18e4, 0x18e4, 0x18e4, 0x18e4, 0x18e4,
    0x18e4, 0x18e4, 0x18e4, 0x18e4, 0x1905, 0x2125, 0x2125, 0x2125, 0x2125, 0x2125, 0x2125, 0x2125,
    0x2125, 0x2125, 0x2125, 0x2125, 0x2125, 0x2125, 0x2125, 0x2125, 0x2125, 0x2125, 0x2125, 0x2125,
    0x2125, 0x2125, 0x2125, 0x2125, 0x2125, 0x2125, 0x2125, 0x2125, 0x2125, 0x2125, 0x2125, 0x2125,
    0x2125, 0x2125, 0x2125, 0x2125, 0x2125, 0x2125, 0x2125, 0x2125, 0x2125, 0x2125, 0x2125, 0x2125,
    0x2125, 0x2125, 0x2125, 0x2125, 0x2125, 0x2125, 0x2125, 0x2125, 0x2125, 0x2125, 0x2125, 0x2125,
    0x2125, 0x2125, 0x2125, 0x2125, 0x2125, 0x2125, 0x2125, 0x2125, 0x2125, 0x2125, 0x2125, 0x2125,
    0x2125, 0x2125, 0x2125, 0x2125, 0x2125, 0x2125, 0x2125, 0x2125, 0x2125, 0x2125, 0x2125, 0x2125,
    0x2125, 0x2125, 0x2125, 0x2125, 0x2125, 0x2125, 0x2125, 0x2125, 0x2125, 0x2125, 0x2125, 0x2125,
    0x2125, 0x2125, 0x2125, 0x2125, 0x2125, 0x2125, 0x2125, 0x2125, 0x2125, 0x2125, 0x2125, 0x1905,
    0x18e4, 0x18e4, 0x18e4, 0x18e4, 0x18e4, 0x18e4, 0x18e4, 0x18e4, 0x18e4, 0x18e4, 0x18e4, 0x18e4,
    0x18e4, 0x18e4, 0x18e4, 0x18e4, 0x18c4, 0x0862, 0x0841, 0x0841, 0x0841, 0x0841, 0x0841, 0x0841,
    0x0841, 0x0841, 0x0841, 0x0841, 0x0841, 0x0841, 0x0841, 0x0841, 0x0841, 0x0841, 0x0841, 0x0841,
    0x0841, 0x0841, 0x0841, 0x0841, 0x0841, 0x0841, 0x0841, 0x0841, 0x0841, 0x0841, 0x0841, 0x0841,
    0x0841, 0x0841, 0x0841, 0x0841, 0x0841, 0x0841, 0x0841, 0x0841, 0x0841, 0x0841, 0x0841, 0x0841,
    0x0841, 0x0841, 0x0841, 0x0841, 0x0841, 0x0841, 0x0841, 0x0841, 0x0841, 0x0841, 0x0841, 0x0841,
    0x0841, 0x0841, 0x0841, 0x0841, 0x0841, 0x0862, 0x18e4, 0x18e4, 0x18e4, 0x18e4, 0x18e4, 0x18e4,
    0x18e4, 0x18e4, 0x18e4, 0x18e4, 0x18e4, 0x18e4, 0x18e4, 0x18e4, 0x18e4, 0x18e4, 0x2105, 0x2125,
    0x2125, 0x2125, 0x2125, 0x2125, 0x2125, 0x2125, 0x2125, 0x2125, 0x2125, 0x2125, 0x2125, 0x2125,
    0x2125, 0x2125, 0x2125, 0x2125, 0x2125, 0x2125, 0x2125, 0x2125, 0x2125, 0x2125, 0x2125, 0x2125,
    0x2125, 0x2125, 0x2125, 0x2125, 0x2125, 0x2125, 0x2125, 0x2125, 0x2125, 0x2125, 0x2125, 0x2125,
    0x2125, 0x2125, 0x2125, 0x2125, 0x2125, 0x2125, 0x2125, 0x2125, 0x2125, 0x2125, 0x2125, 0x2125,
    0x2125, 0x2125, 0x2125, 0x2125, 0x2125, 0x2125, 0x2125, 0x2125, 0x2125, 0x2125, 0x2125, 0x2125,
    0x2125, 0x2125, 0x2125, 0x2125, 0x2125, 0x2125, 0x2125, 0x2125, 0x2125, 0x2125, 0x2125, 0x2125,
    0x2125, 0x2125, 0x2125, 0x2125, 0x2125, 0x2125, 0x2125, 0x2125, 0x2125, 0x2125, 0x2125, 0x2125,
    0x2125, 0x2125, 0x2125, 0x2125, 0x2125, 0x2125, 0x2125, 0x2125, 0x2125, 0x2125, 0x2125, 0x2125,
    0x2125, 0x2125, 0x2125, 0x2125, 0x2125, 0x2125, 0x2125, 0x2125, 0x2125, 0x2105, 0x18e4, 0x18e4,
    0x18e4, 0x18e4, 0x18e4, 0x18e4, 0x18e4, 0x18e4, 0x18e4, 0x18e4, 0x18e4, 0x18e4, 0x18e4, 0x18e4,
    0x18e4, 0x18e4, 0x0862, 0x0841, 0x0841, 0x0841, 0x0841, 0x0841, 0x0841, 0x0841, 0x0841, 0x0841,
    0x0841, 0x0841, 0x0841, 0x0841, 0x0841, 0x0841, 0x0841, 0x0841, 0x0841, 0x0841, 0x0841, 0x0841,
    0x0841, 0x0841, 0x0841, 0x0841, 0x0841, 0x0841, 0x0841, 0x0841, 0x0841, 0x0841, 0x0841, 0x0841,
    0x0841, 0x0841, 0x0841, 0x0841, 0x0841, 0x0841, 0x0841, 0x0841, 0x0841, 0x0841, 0x0841, 0x0841,
    0x0841, 0x0841, 0x0841, 0x0841, 0x0841, 0x0841, 0x0841, 0x0841, 0x0841, 0x0841, 0x0841, 0x0841,
    0x0862, 0x18e4, 0x18e4, 0x18e4, 0x18e4, 0x18e4, 0x18e4, 0x18e4, 0x18e4, 0x18e4, 0x18e4, 0x18e4,
    0x18e4, 0x18e4, 0x18e4, 0x18e4, 0x1905, 0x2125, 0x2125, 0x2125, 0x2125, 0x2125, 0x2125, 0x2125,
    0x2125, 0x2125, 0x2125, 0x2125, 0x2125, 0x2125, 0x2125, 0x2125, 0x2125, 0x2125, 0x2125, 0x2125,
    0x2125, 0x2125, 0x2125, 0x2125, 0x2125, 0x2125, 0x2125, 0x2125, 0x2125, 0x2125, 0x2125, 0x2125,
    0x2125, 0x2125, 0x2125, 0x2125, 0x2125, 0x2125, 0x2125, 0x2125, 0x2125, 0x2125, 0x2125, 0x2125,
    0x2125, 0x2125, 0x2125, 0x2125, 0x2125, 0x2125, 0x2125, 0x2125, 0x2125, 0x2125, 0x2125, 0x2125,
    0x2125, 0x2125, 0x2125, 0x2125, 0x2125, 0x2125, 0x2125, 0x2125, 0x2125, 0x2125, 0x2125, 0x2125,
    0x2125, 0x2125, 0x2125, 0x2125, 0x2125, 0x2125, 0x2125, 0x2125, 0x2125, 0x2125, 0x2125, 0x2125,
    0x2125, 0x2125, 0x2125, 0x2125, 0x2125, 0x2125, 0x2125, 0x2125, 0x2125, 0x2125, 0x2125, 0x2125,
    0x2125, 0x2125, 0x2125, 0x2125, 0x2125, 0x2125, 0x2125, 0x2125, 0x2125, 0x2125, 0x2125, 0x2125,
    0x2125, 0x2125, 0x2125, 0x2125, 0x2125, 0x2125, 0x2125, 0x1905, 0x18e4, 0x18e4, 0x18e4, 0x18e4,
    0x18e4, 0x18e4, 0x18e4, 0x18e4, 0x18e4, 0x18e4, 0x18e4, 0x18e4, 0x18e4, 0x18e4, 0x18e4, 0x0862,
    0x0841, 0x0841, 0x0841, 0x0841, 0x0841, 0x0841, 0x0841, 0x0841, 0x0841, 0x0841, 0x0841, 0x0841,
    0x0841, 0x0841, 0x0841, 0x0841, 0x0841, 0x0841, 0x0841, 0x0841, 0x0841, 0x0841, 0x0841, 0x0841,
    0x0841, 0x0841, 0x0841, 0x0841, 0x0841, 0x0841, 0x0841, 0x0841, 0x0841, 0x0841, 0x0841, 0x0841,
    0x0841, 0x0841, 0x0841, 0x0841, 0x0841, 0x0841, 0x0841, 0x0841, 0x0841, 0x0841, 0x0841, 0x0841,
    0x0841, 0x0841, 0x0841, 0x0841, 0x0841, 0x0841, 0x0841, 0x0862, 0x18e4, 0x18e4, 0x18e4, 0x18e4,
    0x18e4, 0x18e4, 0x18e4, 0x18e4, 0x18e4, 0x18e4, 0x18e4, 0x18e4, 0x18e4, 0x18e4, 0x1904, 0x2125,
    0x2125, 0x2125, 0x2125, 0x2125, 0x2125, 0x2125, 0x2125, 0x2125, 0x2125, 0x2125, 0x2125, 0x2125,
    0x2125, 0x2125, 0x2125, 0x2125, 0x2125, 0x2125, 0x2125, 0x2125, 0x2125, 0x2125, 0x2125, 0x2125,
    0x2125, 0x2125, 0x2125, 0x2125, 0x2125, 0x2125, 0x2125, 0x2125, 0x2125, 0x2125, 0x2125, 0x2125,
    0x2125, 0x2125, 0x2125, 0x2125, 0x2125, 0x2125, 0x2125, 0x2125, 0x2125, 0x2125, 0x2125, 0x2125,
    0x2125, 0x2125, 0x2125, 0x2125, 0x2125, 0x2125, 0x2125, 0x2125, 0x2125, 0x2125, 0x2125, 0x2125,
    0x2125, 0x2125, 0x2125, 0x2125, 0x2125, 0x2125, 0x2125, 0x2125, 0x2125, 0x2125, 0x2125, 0x2125,
    0x2125, 0x2125, 0x2125, 0x2125, 0x2125, 0x2125, 0x2125, 0x2125, 0x2125, 0x2125, 0x2125, 0x2125,
    0x2125, 0x2125, 0x2125, 0x2125, 0x2125, 0x2125, 0x2125, 0x2125, 0x2125, 0x2125, 0x2125, 0x2125,
    0x2125, 0x2125, 0x2125, 0x2125, 0x2125, 0x2125, 0x2125, 0x2125, 0x2125, 0x2125, 0x2125, 0x2125,
    0x2125, 0x2125, 0x2125, 0x2125, 0x2125, 0x1904, 0x18e4, 0x18e4, 0x18e4, 0x18e4, 0x18e4, 0x18e4,
    0x18e4, 0x18e4, 0x18e4, 0x18e4, 0x18e4, 0x18e4, 0x18e4, 0x18e4, 0x0862, 0x0841, 0x0841, 0x0841,
    0x0841, 0x0841, 0x0841, 0x0841, 0x0841, 0x0841, 0x0841, 0x0841, 0x0841, 0x0841, 0x0841, 0x0841,
    0x0841, 0x0841, 0x0841, 0x0841, 0x0841, 0x0841, 0x0841, 0x0841, 0x0841, 0x0841, 0x0841, 0x0841,
    0x0841, 0x0841, 0x0841, 0x0841, 0x0841, 0x0841, 0x0841, 0x0841, 0x0841, 0x0841, 0x0841, 0x0841,
    0x0841, 0x0841, 0x0841, 0x0841, 0x0841, 0x0841, 0x0841, 0x0841, 0x0841, 0x0841, 0x0841, 0x0841,
    0x0841, 0x0841, 0x0862, 0x18e4, 0x18e4, 0x18e4, 0x18e4, 0x18e4, 0x18e4, 0x18e4, 0x18e4, 0x18e4,
    0x18e4, 0x18e4, 0x18e4, 0x18e4, 0x18e4, 0x2105, 0x2125, 0x2125, 0x2125, 0x2125, 0x2125, 0x2125,
    0x2125, 0x2125, 0x2125, 0x2125, 0x2125, 0x2125, 0x2125, 0x2125, 0x2125, 0x2125, 0x2125, 0x2125,
    0x2125, 0x2125, 0x2125, 0x2125, 0x2125, 0x2125, 0x2125, 0x2125, 0x2125, 0x2125, 0x2125, 0x2125,
    0x2125, 0x2125, 0x2125, 0x2125, 0x2125, 0x2125, 0x2125, 0x2125, 0x2125, 0x2125, 0x2125, 0x2125,
    0x2125, 0x2125, 0x2125, 0x2125, 0x2125, 0x2125, 0x2125, 0x2125, 0x2125, 0x2125, 0x2125, 0x2125,
    0x2125, 0x2125, 0x2125, 0x2125, 0x2125, 0x2125, 0x2125, 0x2125, 0x2125, 0x2125, 0x2125, 0x2125,
    0x2125, 0x2125, 0x2125, 0x2125, 0x2125, 0x2125, 0x2125, 0x2125, 0x2125, 0x2125, 0x2125, 0x2125,
    0x2125, 0x2125, 0x2125, 0x2125, 0x2125, 0x2125, 0x2125, 0x2125, 0x2125, 0x2125, 0x2125, 0x2125,
    0x2125, 0x2125, 0x2125, 0x2125, 0x2125, 0x2125, 0x2125, 0x2125, 0x2125, 0x2125, 0x2125, 0x2125,
    0x2125, 0x2125, 0x2125, 0x2125, 0x2125, 0x2125, 0x2125, 0x2125, 0x2125, 0x2125, 0x2125, 0x2125,
    0x2125, 0x2125, 0x2105, 0x18e4, 0x18e4, 0x18e4, 0x18e4, 0x18e4, 0x18e4, 0x18e4, 0x18e4, 0x18e4,
    0x18e4, 0x18e4, 0x18e4, 0x18e4, 0x18e4, 0x0862, 0x0841, 0x0841, 0x0841, 0x0841, 0x0841, 0x0841,
    0x0841, 0x0841, 0x0841, 0x0841, 0x0841, 0x0841, 0x0841, 0x0841, 0x0841, 0x0841, 0x0841, 0x0841,
    0x0841, 0x0841, 0x0841, 0x0841, 0x0841, 0x0841, 0x0841, 0x0841, 0x0841, 0x0841, 0x0841, 0x0841,
    0x0841, 0x0841, 0x0841, 0x0841, 0x0841, 0x0841, 0x0841, 0x0841, 0x0841, 0x0841, 0x0841, 0x0841,
    0x0841, 0x0841, 0x0841, 0x0841, 0x0841, 0x0841, 0x0841, 0x0841, 0x0841, 0x0841, 0x18c4, 0x18e4,
    0x18e4, 0x18e4, 0x18e4, 0x18e4, 0x18e4, 0x18e4, 0x18e4, 0x18e4, 0x18e4, 0x18e4, 0x18e4, 0x18e4,
    0x2125, 0x2125, 0x2125, 0x2125, 0x2125, 0x2125, 0x2125, 0x2125, 0x2125, 0x2125, 0x2125, 0x2125,
    0x2125, 0x2125, 0x2125, 0x2125, 0x2125, 0x2125, 0x2125, 0x2125, 0x2125, 0x2125, 0x2125, 0x2125,
    0x2125, 0x2125, 0x2125, 0x2125, 0x2125, 0x2125, 0x2125, 0x2125, 0x2125, 0x2125, 0x2125, 0x2125,
    0x2125, 0x2125, 0x2125, 0x2125, 0x2125, 0x2125, 0x2125, 0x2125, 0x2125, 0x2125, 0x2125, 0x2125,
    0x2125, 0x2125, 0x2125, 0x2125, 0x2125, 0x2125, 0x2125, 0x2125, 0x2125, 0x2125, 0x2125, 0x2125,
    0x2125, 0x2125, 0x2125, 0x2125, 0x2125, 0x2125, 0x2125, 0x2125, 0x2125, 0x2125, 0x2125, 0x2125,
    0x2125, 0x2125, 0x2125, 0x2125, 0x2125, 0x2125, 0x2125, 0x2125, 0x2125, 0x2125, 0x2125, 0x2125,
    0x2125, 0x2125, 0x2125, 0x2125, 0x2125, 0x2125, 0x2125, 0x2125, 0x2125, 0x2125, 0x2125, 0x2125,
    0x2125, 0x2125, 0x2125, 0x2125, 0x2125, 0x2125, 0x2125, 0x2125, 0x2125, 0x2125, 0x2125, 0x2125,
    0x2125, 0x2125, 0x2125, 0x2125, 0x2125, 0x2125, 0x2125, 0x2125, 0x2125, 0x2125, 0x2125, 0x2125,
    0x18e4, 0x18e4, 0x18e4, 0x18e4, 0x18e4, 0x18e4, 0x18e4, 0x18e4, 0x18e4, 0x18e4, 0x18e4, 0x18e4,
    0x18e4, 0x18c4, 0x0841, 0x0841, 0x0841, 0x0841, 0x0841, 0x0841, 0x0841, 0x0841, 0x0841, 0x0841,
    0x0841, 0x0841, 0x0841, 0x0841, 0x0841, 0x0841, 0x0841, 0x0841, 0x0841, 0x0841, 0x0841, 0x0841,
    0x0841, 0x0841, 0x0841, 0x0841, 0x0841, 0x0841, 0x0841, 0x0841, 0x0841, 0x0841, 0x0841, 0x0841,
    0x0841, 0x0841, 0x0841, 0x0841, 0x0841, 0x0841, 0x0841, 0x0841, 0x0841, 0x0841, 0x0841, 0x0841,
    0x0841, 0x0841, 0x0841, 0x0841, 0x0841, 0x10a3, 0x18e4, 0x18e4, 0x18e4, 0x18e4, 0x18e4, 0x18e4,
    0x18e4, 0x18e4, 0x18e4, 0x18e4, 0x18e4, 0x18e4, 0x1904, 0x2125, 0x2125, 0x2125, 0x2125, 0x2125,
    0x2125, 0x2125, 0x2125, 0x2125, 0x2125, 0x2125, 0x2125, 0x2125, 0x2125, 0x2125, 0x2125, 0x2125,
    0x2125, 0x2125, 0x2125, 0x2125, 0x2125, 0x2125, 0x2125, 0x2125, 0x2125, 0x2125, 0x2125, 0x2125,
    0x2125, 0x2125, 0x2125, 0x2125, 0x2125, 0x2125, 0x2125, 0x2125, 0x2125, 0x2125, 0x2125, 0x2125,
    0x2125, 0x2125, 0x2125, 0x2125, 0x2125, 0x2125, 0x2125, 0x2125, 0x2125, 0x2125, 0x2125, 0x2125,
    0x2125, 0x2125, 0x2125, 0x2125, 0x2125, 0x2125, 0x2125, 0x2125, 0x2125, 0x2125, 0x2125, 0x2125,
    0x2125, 0x2125, 0x2125, 0x2125, 0x2125, 0x2125, 0x2125, 0x2125, 0x2125, 0x2125, 0x2125, 0x2125,
    0x2125, 0x2125, 0x2125, 0x2125, 0x2125, 0x2125, 0x2125, 0x2125, 0x2125, 0x2125, 0x2125, 0x2125,
    0x2125, 0x2125, 0x2125, 0x2125, 0x2125, 0x2125, 0x2125, 0x2125, 0x2125, 0x2125, 0x2125, 0x2125,
    0x2125, 0x2125, 0x2125, 0x2125, 0x2125, 0x2125, 0x2125, 0x2125, 0x2125, 0x2125, 0x2125, 0x2125,
    0x2125, 0x2125, 0x2125, 0x2125, 0x2125, 0x2125, 0x2125, 0x2125, 0x2125, 0x1904, 0x18e4, 0x18e4,
    0x18e4, 0x18e4, 0x18e4, 0x18e4, 0x18e4, 0x18e4, 0x18e4, 0x18e4, 0x18e4, 0x18e4, 0x10a3, 0x0841,
    0x0841, 0x0841, 0x0841, 0x0841, 0x0841, 0x0841, 0x0841, 0x0841, 0x0841, 0x0841, 0x0841, 0x0841,
    0x0841, 0x0841, 0x0841, 0x0841, 0x0841, 0x0841, 0x0841, 0x0841, 0x0841, 0x0841, 0x0841, 0x0841,
    0x0841, 0x0841, 0x0841, 0x0841, 0x0841, 0x0841, 0x0841, 0x0841, 0x0841, 0x0841, 0x0841, 0x0841,
    0x0841, 0x0841, 0x0841, 0x0841, 0x0841, 0x0841, 0x0841, 0x0841, 0x0841, 0x0841, 0x0841, 0x0841,
    0x1083, 0x18e4, 0x18e4, 0x18e4, 0x18e4, 0x18e4, 0x18e4, 0x18e4, 0x18e4, 0x18e4, 0x18e4, 0x18e4,
    0x18e4, 0x1905, 0x2125, 0x2125, 0x2125, 0x2125, 0x2125, 0x2125, 0x2125, 0x2125, 0x2125, 0x2125,
    0x2125, 0x2125, 0x2125, 0x2125, 0x2125, 0x2125, 0x2125, 0x2125, 0x2125, 0x2125, 0x2125, 0x2125,
    0x2125, 0x2125, 0x2125, 0x2125, 0x2125, 0x2125, 0x2125, 0x2125, 0x2125, 0x2125, 0x2125, 0x2125,
    0x2125, 0x2125, 0x2125, 0x2125, 0x2125, 0x2125, 0x2125, 0x2125, 0x2125, 0x2125, 0x2125, 0x2125,
    0x2125, 0x2125, 0x2125, 0x2125, 0x2125, 0x2125, 0x2125, 0x2125, 0x2125, 0x2125, 0x2125, 0x2125,
    0x2125, 0x2125, 0x2125, 0x2125, 0x2125, 0x2125, 0x2125, 0x2125, 0x2125, 0x2125, 0x2125, 0x2125,
    0x2125, 0x2125, 0x2125, 0x2125, 0x2125, 0x2125, 0x2125, 0x2125, 0x2125, 0x2125, 0x2125, 0x2125,
    0x2125, 0x2125, 0x2125, 0x2125, 0x2125, 0x2125, 0x2125, 0x2125, 0x2125, 0x2125, 0x2125, 0x2125,
    0x2125, 0x2125, 0x2125, 0x2125, 0x2125, 0x2125, 0x2125, 0x2125, 0x2125, 0x2125, 0x2125, 0x2125,
    0x2125, 0x2125, 0x2125, 0x2125, 0x2125, 0x2125, 0x2125, 0x2125, 0x2125, 0x2125, 0x2125, 0x2125,
    0x2125, 0x2125, 0x2125, 0x2125, 0x2125, 0x2125, 0x1905, 0x18e4, 0x18e4, 0x18e4, 0x18e4, 0x18e4,
    0x18e4, 0x18e4, 0x18e4, 0x18e4, 0x18e4, 0x18e4, 0x18e4, 0x1083, 0x0841, 0x0841, 0x0841, 0x0841,
    0x0841, 0x0841, 0x0841, 0x0841, 0x0841, 0x0841, 0x0841, 0x0841, 0x0841, 0x0841, 0x0841, 0x0841,
    0x0841, 0x0841, 0x0841, 0x0841, 0x0841, 0x0841, 0x0841, 0x0841, 0x0841, 0x0841, 0x0841, 0x0841,
    0x0841, 0x0841, 0x0841, 0x0841, 0x0841, 0x0841, 0x0841, 0x0841, 0x0841, 0x0841, 0x0841, 0x0841,
    0x0841, 0x0841, 0x0841, 0x0841, 0x0841, 0x0841, 0x0841, 0x0862, 0x18e4, 0x18e4, 0x18e4, 0x18e4,
    0x18e4, 0x18e4, 0x18e4, 0x18e4, 0x18e4, 0x18e4, 0x18e4, 0x18e4, 0x1905, 0x2125, 0x2125, 0x2125,
    0x2125, 0x2125, 0x2125, 0x2125, 0x2125, 0x2125, 0x2125, 0x2125, 0x2125, 0x2125, 0x2125, 0x2125,
    0x2125, 0x2125, 0x2125, 0x2125, 0x2125, 0x2125, 0x2125, 0x2125, 0x2125, 0x2125, 0x2125, 0x2125,
    0x2125, 0x2125, 0x2125, 0x2125, 0x2125, 0x2125, 0x2125, 0x2125, 0x2125, 0x2125, 0x2125, 0x2125,
    0x2125, 0x2125, 0x2125, 0x2125, 0x2125, 0x2125, 0x2125, 0x2125, 0x2126, 0x2126, 0x2126, 0x2126,
    0x2126, 0x2126, 0x2125, 0x2125, 0x2125, 0x2125, 0x2125, 0x2125, 0x2125, 0x2125, 0x2125, 0x2125,
    0x2125, 0x2125, 0x2125, 0x2125, 0x2125, 0x2125, 0x2125, 0x2125, 0x2125, 0x2125, 0x2125, 0x2125,
    0x2125, 0x2125, 0x2125, 0x2125, 0x2125, 0x2125, 0x2125, 0x2125, 0x2125, 0x2125, 0x2125, 0x2125,
    0x2125, 0x2125, 0x2125, 0x2125, 0x2125, 0x2125, 0x2125, 0x2125, 0x2125, 0x2125, 0x2125, 0x2125,
    0x2125, 0x2125, 0x2125, 0x2125, 0x2125, 0x2125, 0x2125, 0x2125, 0x2125, 0x2125, 0x2125, 0x2125,
    0x2125, 0x2125, 0x2125, 0x2125, 0x2125, 0x2125, 0x2125, 0x2125, 0x2125, 0x2125, 0x2125, 0x2125,
    0x2125, 0x2125, 0x2125, 0x1905, 0x18e4, 0x18e4, 0x18e4, 0x18e4, 0x18e4, 0x18e4, 0x18e4, 0x18e4,
    0x18e4, 0x18e4, 0x18e4, 0x18e4, 0x0862, 0x0841, 0x0841, 0x0841, 0x0841, 0x0841, 0x0841, 0x0841,
    0x0841, 0x0841, 0x0841, 0x0841, 0x0841, 0x0841, 0x0841, 0x0841, 0x0841, 0x0841, 0x0841, 0x0841,
    0x0841, 0x0841, 0x0841, 0x0841, 0x0841, 0x0841, 0x0841, 0x0841, 0x0841, 0x0841, 0x0841, 0x0841,
    0x0841, 0x0841, 0x0841, 0x0841, 0x0841, 0x0841, 0x0841, 0x0841, 0x0841, 0x0841, 0x0841, 0x0841,
    0x0841, 0x0841, 0x0841, 0x18c4, 0x18e4, 0x18e4, 0x18e4, 0x18e4, 0x18e4, 0x18e4, 0x18e4, 0x18e4,
    0x18e4, 0x18e4, 0x18e4, 0x1905, 0x2125, 0x2125, 0x2125, 0x2125, 0x2125, 0x2125, 0x2125, 0x2125,
    0x2125, 0x2125, 0x2125, 0x2125, 0x2125, 0x2125, 0x2125, 0x2125, 0x2125, 0x2125, 0x2125, 0x2125,
    0x2125, 0x2125, 0x2125, 0x2125, 0x2125, 0x2125, 0x2125, 0x2125, 0x2125, 0x2125, 0x2125, 0x2125,
    0x2125, 0x2125, 0x2125, 0x2125, 0x2125, 0x2125, 0x2125, 0x2125, 0x2126, 0x2126, 0x2126, 0x2126,
    0x2126, 0x2126, 0x2126, 0x2126, 0x2126, 0x2126, 0x2126, 0x2126, 0x2126, 0x2126, 0x2126, 0x2126,
    0x2126, 0x2126, 0x2126, 0x2126, 0x2126, 0x2126, 0x2125, 0x2125, 0x2125, 0x2125, 0x2125, 0x2125,
    0x2125, 0x2125, 0x2125, 0x2125, 0x2125, 0x2125, 0x2125, 0x2125, 0x2125, 0x2125, 0x2125, 0x2125,
    0x2125, 0x2125, 0x2125, 0x2125, 0x2125, 0x2125, 0x2125, 0x2125, 0x2125, 0x2125, 0x2125, 0x2125,
    0x2125, 0x2125, 0x2125, 0x2125, 0x2125, 0x2125, 0x2125, 0x2125, 0x2125, 0x2125, 0x2125, 0x2125,
    0x2125, 0x2125, 0x2125, 0x2125, 0x2125, 0x2125, 0x2125, 0x2125, 0x2125, 0x2125, 0x2125, 0x2125,
    0x2125, 0x2125, 0x2125, 0x2125, 0x2125, 0x2125, 0x2125, 0x2125, 0x2125, 0x2125, 0x2125, 0x2125,
    0x1905, 0x18e4, 0x18e4, 0x18e4, 0x18e4, 0x18e4, 0x18e4, 0x18e4, 0x18e4, 0x18e4, 0x18e4, 0x18e4,
    0x18c4, 0x0841, 0x0841, 0x0841, 0x0841, 0x0841, 0x0841, 0x0841, 0x0841, 0x0841, 0x0841, 0x0841,
    0x0841, 0x0841, 0x0841, 0x0841, 0x0841, 0x0841, 0x0841, 0x0841, 0x0841, 0x0841, 0x0841, 0x0841,
    0x0841, 0x0841, 0x0841, 0x0841, 0x0841, 0x0841, 0x0841, 0x0841, 0x0841, 0x0841, 0x0841, 0x0841,
    0x0841, 0x0841, 0x0841, 0x0841, 0x0841, 0x0841, 0x0841, 0x0841, 0x0841, 0x0841, 0x10a3, 0x18e4,
    0x18e4, 0x18e4, 0x18e4, 0x18e4, 0x18e4, 0x18e4, 0x18e4, 0x18e4, 0x18e4, 0x18e4, 0x1904, 0x2125,
    0x2125, 0x2125, 0x2125, 0x2125, 0x2125, 0x2125, 0x2125, 0x2125, 0x2125, 0x2125, 0x2125, 0x2125,
    0x2125, 0x2125, 0x2125, 0x2125, 0x2125, 0x2125, 0x2125, 0x2125, 0x2125, 0x2125, 0x2125, 0x2125,
    0x2125, 0x2125, 0x2125, 0x2125, 0x2125, 0x2125, 0x2125, 0x2125, 0x2125, 0x2125, 0x2125, 0x2125,
    0x2126, 0x2126, 0x2126, 0x2126, 0x2126, 0x2126, 0x2126, 0x2126, 0x2126, 0x2126, 0x2126, 0x2126,
    0x2126, 0x2126, 0x2126, 0x2126, 0x2126, 0x2126, 0x2126, 0x2126, 0x2126, 0x2126, 0x2126, 0x2126,
    0x2126, 0x2126, 0x2126, 0x2126, 0x2126, 0x2126, 0x2125, 0x2125, 0x2125, 0x2125, 0x2125, 0x2125,
    0x2125, 0x2125, 0x2125, 0x2125, 0x2125, 0x2125, 0x2125, 0x2125, 0x2125, 0x2125, 0x2125, 0x2125,
    0x2125, 0x2125, 0x2125, 0x2125, 0x2125, 0x2125, 0x2125, 0x2125, 0x2125, 0x2125, 0x2125, 0x2125,
    0x2125, 0x2125, 0x2125, 0x2125, 0x2125, 0x2125, 0x2125, 0x2125, 0x2125, 0x2125, 0x2125, 0x2125,
    0x2125, 0x2125, 0x2125, 0x2125, 0x2125, 0x2125, 0x2125, 0x2125, 0x2125, 0x2125, 0x2125, 0x2125,
    0x2125, 0x2125, 0x2125, 0x2125, 0x2125, 0x2125, 0x2125, 0x2125, 0x2125, 0x1904, 0x18e4, 0x18e4,
    0x18e4, 0x18e4, 0x18e4, 0x18e4, 0x18e4, 0x18e4, 0x18e4, 0x18e4, 0x18e4, 0x10a3, 0x0841, 0x0841,
    0x0841, 0x0841, 0x0841, 0x0841, 0x0841, 0x0841, 0x0841, 0x0841, 0x0841, 0x0841, 0x0841, 0x0841,
    0x0841, 0x0841, 0x0841, 0x0841, 0x0841, 0x0841, 0x0841, 0x0841, 0x0841, 0x0841, 0x0841, 0x0841,
    0x0841, 0x0841, 0x0841, 0x0841, 0x0841, 0x0841, 0x0841, 0x0841, 0x0841, 0x0841, 0x0841, 0x0841,
    0x0841, 0x0841, 0x0841, 0x0841, 0x0841, 0x0862, 0x18e4, 0x18e4, 0x18e4, 0x18e4, 0x18e4, 0x18e4,
    0x18e4, 0x18e4, 0x18e4, 0x18e4, 0x18e4, 0x18e4, 0x2125, 0x2125, 0x2125, 0x2125, 0x2125, 0x2125,
    0x2125, 0x2125, 0x2125, 0x2125, 0x2125, 0x2125, 0x2125, 0x2125, 0x2125, 0x2125, 0x2125, 0x2125,
    0x2125, 0x2125, 0x2125, 0x2125, 0x2125, 0x2125, 0x2125, 0x2125, 0x2125, 0x2125, 0x2125, 0x2125,
    0x2125, 0x2125, 0x2125, 0x2125, 0x2125, 0x2126, 0x2126, 0x2126, 0x2126, 0x2126, 0x2126, 0x2126,
    0x2126, 0x2126, 0x2126, 0x2126, 0x2126, 0x2126, 0x2126, 0x2126, 0x2126, 0x2126, 0x2126, 0x2126,
    0x2126, 0x2126, 0x2126, 0x2126, 0x2126, 0x2126, 0x2125, 0x2125, 0x2105, 0x2105, 0x1905, 0x1905,
    0x1905, 0x1905, 0x1905, 0x2105, 0x2125, 0x2125, 0x2125, 0x2125, 0x2125, 0x2125, 0x2125, 0x2125,
    0x2125, 0x2125, 0x2125, 0x2125, 0x2125, 0x2125, 0x2125, 0x2125, 0x2125, 0x2125, 0x2125, 0x2125,
    0x2125, 0x2125, 0x2125, 0x2125, 0x2125, 0x2125, 0x2125, 0x2125, 0x2125, 0x2125, 0x2125, 0x2125,
    0x2125, 0x2125, 0x2125, 0x2125, 0x2125, 0x2125, 0x2125, 0x2125, 0x2125, 0x2125, 0x2125, 0x2125,
    0x2125, 0x2125, 0x2125, 0x2125, 0x2125, 0x2125, 0x2125, 0x2125, 0x2125, 0x2125, 0x2125, 0x2125,
    0x2125, 0x2125, 0x2125, 0x2125, 0x2125, 0x2125, 0x18e4, 0x18e4, 0x18e4, 0x18e4, 0x18e4, 0x18e4,
    0x18e4, 0x18e4, 0x18e4, 0x18e4, 0x18e4, 0x18e4, 0x0862, 0x0841, 0x0841, 0x0841, 0x0841, 0x0841,
    0x0841, 0x0841, 0x0841, 0x0841, 0x0841, 0x0841, 0x0841, 0x0841, 0x0841, 0x0841, 0x0841, 0x0841,
    0x0841, 0x0841, 0x0841, 0x0841, 0x0841, 0x0841, 0x0841, 0x0841, 0x0841, 0x0841, 0x0841, 0x0841,
    0x0841, 0x0841, 0x0841, 0x0841, 0x0841, 0x0841, 0x0841, 0x0841, 0x0841, 0x0841, 0x0841, 0x0841,
    0x0841, 0x10c3, 0x18e4, 0x18e4, 0x18e4, 0x18e4, 0x18e4, 0x18e4, 0x18e4, 0x18e4, 0x18e4, 0x18e4,
    0x18e4, 0x2125, 0x2125, 0x2125, 0x2125, 0x2125, 0x2125, 0x2125, 0x2125, 0x2125, 0x2125, 0x2125,
    0x2125, 0x2125, 0x2125, 0x2125, 0x2125, 0x2125, 0x2125, 0x2125, 0x2125, 0x2125, 0x2125, 0x2125,
    0x2125, 0x2125, 0x2125, 0x2125, 0x2125, 0x2125, 0x2125, 0x2125, 0x2125, 0x2125, 0x2126, 0x2126,
    0x2126, 0x2126, 0x2126, 0x2126, 0x2126, 0x2126, 0x2126, 0x2126, 0x2126, 0x2126, 0x2126, 0x2126,
    0x2146, 0x2146, 0x2146, 0x2146, 0x2146, 0x2146, 0x2146, 0x2125, 0x2105, 0x18e4, 0x18e4, 0x10c3,
    0x10a3, 0x1082, 0x1082, 0x1082, 0x1082, 0x1082, 0x1082, 0x1082, 0x1082, 0x1082, 0x1082, 0x1082,
    0x1082, 0x1082, 0x1082, 0x1083, 0x10a3, 0x18c4, 0x18e4, 0x1905, 0x2125, 0x2125, 0x2125, 0x2125,
    0x2125, 0x2125, 0x2125, 0x2125, 0x2125, 0x2125, 0x2125, 0x2125, 0x2125, 0x2125, 0x2125, 0x2125,
    0x2125, 0x2125, 0x2125, 0x2125, 0x2125, 0x2125, 0x2125, 0x2125, 0x2125, 0x2125, 0x2125, 0x2125,
    0x2125, 0x2125, 0x2125, 0x2125, 0x2125, 0x2125, 0x2125, 0x2125, 0x2125, 0x2125, 0x2125, 0x2125,
    0x2125, 0x2125, 0x2125, 0x2125, 0x2125, 0x2125, 0x2125, 0x2125, 0x2125, 0x2125, 0x2125, 0x2125,
    0x2125, 0x2125, 0x2125, 0x18e4, 0x18e4, 0x18e4, 0x18e4, 0x18e4, 0x18e4, 0x18e4, 0x18e4, 0x18e4,
    0x18e4, 0x18e4, 0x10c3, 0x0841, 0x0841, 0x0841, 0x0841, 0x0841, 0x0841, 0x0841, 0x0841, 0x0841,
    0x0841, 0x0841, 0x0841, 0x0841, 0x0841, 0x0841, 0x0841, 0x0841, 0x0841, 0x0841, 0x0841, 0x0841,
    0x0841, 0x0841, 0x0841, 0x0841, 0x0841, 0x0841, 0x0841, 0x0841, 0x0841, 0x0841, 0x0841, 0x0841,
    0x0841, 0x0841, 0x0841, 0x0841, 0x0841, 0x0841, 0x0841, 0x0841, 0x0862, 0x18e4, 0x18e4, 0x18e4,
    0x18e4, 0x18e4, 0x18e4, 0x18e4, 0x18e4, 0x18e4, 0x18e4, 0x18e4, 0x2105, 0x2125, 0x2125, 0x2125,
    0x2125, 0x2125, 0x2125, 0x2125, 0x2125, 0x2125, 0x2125, 0x2125, 0x2125, 0x2125, 0x2125, 0x2125,
    0x2125, 0x2125, 0x2125, 0x2125, 0x2125, 0x2125, 0x2125, 0x2125, 0x2125, 0x2125, 0x2125, 0x2125,
    0x2125, 0x2125, 0x2125, 0x2125, 0x2126, 0x2126, 0x2126, 0x2126, 0x2126, 0x2126, 0x2126, 0x2126,
    0x2126, 0x2126, 0x2126, 0x2146, 0x2146, 0x2146, 0x2146, 0x2146, 0x2146, 0x2146, 0x2146, 0x2125,
    0x1904, 0x18c4, 0x10a3, 0x1082, 0x1082, 0x1082, 0x1082, 0x1082, 0x1082, 0x1082, 0x1082, 0x1082,
    0x1082, 0x1082, 0x1082, 0x1082, 0x1082, 0x1082, 0x1082, 0x1082, 0x1082, 0x1082, 0x1082, 0x1082,
    0x1082, 0x0882, 0x0882, 0x0882, 0x0882, 0x1083, 0x10c3, 0x18e4, 0x2105, 0x2125, 0x2125, 0x2125,
    0x2125, 0x2125, 0x2125, 0x2125, 0x2125, 0x2125, 0x2125, 0x2125, 0x2125, 0x2125, 0x2125, 0x2125,
    0x2125, 0x2125, 0x2125, 0x2125, 0x2125, 0x2125, 0x2125, 0x2125, 0x2125, 0x2125, 0x2125, 0x2125,
    0x2125, 0x2125, 0x2125, 0x2125, 0x2125, 0x2125, 0x2125, 0x2125, 0x2125, 0x2125, 0x2125, 0x2125,
    0x2125, 0x2125, 0x2125, 0x2125, 0x2125, 0x2125, 0x2125, 0x2125, 0x2125, 0x2125, 0x2125, 0x2105,
    0x18e4, 0x18e4, 0x18e4, 0x18e4, 0x18e4, 0x18e4, 0x18e4, 0x18e4, 0x18e4, 0x18e4, 0x18e4, 0x0862,
    0x0841, 0x0841, 0x0841, 0x0841, 0x0841, 0x0841, 0x0841, 0x0841, 0x0841, 0x0841, 0x0841, 0x0841,
    0x0841, 0x0841, 0x0841, 0x0841, 0x0841, 0x0841, 0x0841, 0x0841, 0x0841, 0x0841, 0x0841, 0x0841,
    0x0841, 0x0841, 0x0841, 0x0841, 0x0841, 0x0841, 0x0841, 0x0841, 0x0841, 0x0841, 0x0841, 0x0841,
    0x0841, 0x0841, 0x0841, 0x0841, 0x10c3, 0x18e4, 0x18e4, 0x18e4, 0x18e4, 0x18e4, 0x18e4, 0x18e4,
    0x18e4, 0x18e4, 0x18e4, 0x1904, 0x2125, 0x2125, 0x2125, 0x2125, 0x2125, 0x2125, 0x2125, 0x2125,
    0x2125, 0x2125, 0x2125, 0x2125, 0x2125, 0x2125, 0x2125, 0x2125, 0x2125, 0x2125, 0x2125, 0x2125,
    0x2125, 0x2125, 0x2125, 0x2125, 0x2125, 0x2125, 0x2125, 0x2125, 0x2125, 0x2125, 0x2126, 0x2126,
    0x2126, 0x2126, 0x2126, 0x2126, 0x2126, 0x2126, 0x2126, 0x2146, 0x2146, 0x2146, 0x2146, 0x2146,
    0x2146, 0x2146, 0x2146, 0x2146, 0x2125, 0x18e4, 0x10a3, 0x10a3, 0x10a3, 0x10a3, 0x10a3, 0x10a3,
    0x10a3, 0x10a2, 0x10a2, 0x10a2, 0x1082, 0x1082, 0x1082, 0x1082, 0x1082, 0x1082, 0x1082, 0x1082,
    0x1082, 0x1082, 0x1082, 0x1082, 0x1082, 0x1082, 0x1082, 0x1082, 0x1082, 0x1082, 0x1082, 0x0882,
    0x0882, 0x0882, 0x0882, 0x0862, 0x0862, 0x1083, 0x18c4, 0x1905, 0x2125, 0x2125, 0x2125, 0x2125,
    0x2125, 0x2125, 0x2125, 0x2125, 0x2125, 0x2125, 0x2125, 0x2125, 0x2125, 0x2125, 0x2125, 0x2125,
    0x2125, 0x2125, 0x2125, 0x2125, 0x2125, 0x2125, 0x2125, 0x2125, 0x2125, 0x2125, 0x2125, 0x2125,
    0x2125, 0x2125, 0x2125, 0x2125, 0x2125, 0x2125, 0x2125, 0x2125, 0x2125, 0x2125, 0x2125, 0x2125,
    0x2125, 0x2125, 0x2125, 0x2125, 0x2125, 0x2125, 0x2125, 0x2125, 0x1904, 0x18e4, 0x18e4, 0x18e4,
    0x18e4, 0x18e4, 0x18e4, 0x18e4, 0x18e4, 0x18e4, 0x18e4, 0x10c3, 0x0841, 0x0841, 0x0841, 0x0841,
    0x0841, 0x0841, 0x0841, 0x0841, 0x0841, 0x0841, 0x0841, 0x0841, 0x0841, 0x0841, 0x0841, 0x0841,
    0x0841, 0x0841, 0x0841, 0x0841, 0x0841, 0x0841, 0x0841, 0x0841, 0x0841, 0x0841, 0x0841, 0x0841,
    0x0841, 0x0841, 0x0841, 0x0841, 0x0841, 0x0841, 0x0841, 0x0841, 0x0841, 0x0841, 0x0841, 0x0862,
    0x18e4, 0x18e4, 0x18e4, 0x18e4, 0x18e4, 0x18e4, 0x18e4, 0x18e4, 0x18e4, 0x18e4, 0x18e4, 0x2125,
    0x2125, 0x2125, 0x2125, 0x2125, 0x2125, 0x2125, 0x2125, 0x2125, 0x2125, 0x2125, 0x2125, 0x2125,
    0x2125, 0x2125, 0x2125, 0x2125, 0x2125, 0x2125, 0x2125, 0x2125, 0x2125, 0x2125, 0x2125, 0x2125,
    0x2125, 0x2125, 0x2125, 0x2125, 0x2126, 0x2126, 0x2126, 0x2126, 0x2126, 0x2126, 0x2126, 0x2126,
    0x2126, 0x2146, 0x2146, 0x2146, 0x2146, 0x2146, 0x2146, 0x2146, 0x2146, 0x2125, 0x18e4, 0x10a3,
    0x10a3, 0x10a3, 0x10a3, 0x10a3, 0x10a3, 0x10a3, 0x10a3, 0x10a3, 0x10a3, 0x10a3, 0x10a3, 0x10a2,
    0x10a2, 0x10a2, 0x10a2, 0x10a2, 0x10a2, 0x10a2, 0x1082, 0x1082, 0x1082, 0x1082, 0x1082, 0x1082,
    0x1082, 0x1082, 0x1082, 0x1082, 0x1082, 0x1082, 0x1082, 0x1082, 0x1082, 0x0882, 0x0882, 0x0882,
    0x0882, 0x0862, 0x0862, 0x0862, 0x1082, 0x18c4, 0x2105, 0x2125, 0x2125, 0x2125, 0x2125, 0x2125,
    0x2125, 0x2125, 0x2125, 0x2125, 0x2125, 0x2125, 0x2125, 0x2125, 0x2125, 0x2125, 0x2125, 0x2125,
    0x2125, 0x2125, 0x2125, 0x2125, 0x2125, 0x2125, 0x2125, 0x2125, 0x2125, 0x2125, 0x2125, 0x2125,
    0x2125, 0x2125, 0x2125, 0x2125, 0x2125, 0x2125, 0x2125, 0x2125, 0x2125, 0x2125, 0x2125, 0x2125,
    0x2125, 0x2125, 0x2125, 0x2125, 0x2125, 0x18e4, 0x18e4, 0x18e4, 0x18e4, 0x18e4, 0x18e4, 0x18e4,
    0x18e4, 0x18e4, 0x18e4, 0x18e4, 0x0862, 0x0841, 0x0841, 0x0841, 0x0841, 0x0841, 0x0841, 0x0841,
    0x0841, 0x0841, 0x0841, 0x0841, 0x0841, 0x0841, 0x0841, 0x0841, 0x0841, 0x0841, 0x0841, 0x0841,
    0x0841, 0x0841, 0x0841, 0x0841, 0x0841, 0x0841, 0x0841, 0x0841, 0x0841, 0x0841, 0x0841, 0x0841,
    0x0841, 0x0841, 0x0841, 0x0841, 0x0841, 0x0841, 0x0841, 0x10a3, 0x18e4, 0x18e4, 0x18e4, 0x18e4,
    0x18e4, 0x18e4, 0x18e4, 0x18e4, 0x18e4, 0x18e4, 0x1905, 0x2125, 0x2125, 0x2125, 0x2125, 0x2125,
    0x2125, 0x2125, 0x2125, 0x2125, 0x2125, 0x2125, 0x2125, 0x2125, 0x2125, 0x2125, 0x2125, 0x2125,
    0x2125, 0x2125, 0x2125, 0x2125, 0x2125, 0x2125, 0x2125, 0x2125, 0x2125, 0x2125, 0x2126, 0x2126,
    0x2126, 0x2126, 0x2126, 0x2126, 0x2126, 0x2126, 0x2146, 0x2146, 0x2146, 0x2146, 0x2146, 0x2146,
    0x2146, 0x2146, 0x2146, 0x1904, 0x18c3, 0x10a3, 0x10a3, 0x10a3, 0x10a3, 0x10a3, 0x10a3, 0x10a3,
    0x10a3, 0x10a3, 0x10a3, 0x10a3, 0x10a3, 0x10a3, 0x10a3, 0x10a3, 0x10a3, 0x10a3, 0x10a3, 0x10a3,
    0x10a3, 0x10a2, 0x10a2, 0x10a2, 0x10a2, 0x10a2, 0x1082, 0x1082, 0x1082, 0x1082, 0x1082, 0x1082,
    0x1082, 0x1082, 0x1082, 0x1082, 0x1082, 0x1082, 0x1082, 0x0882, 0x0882, 0x0882, 0x0862, 0x0862,
    0x0862, 0x0862, 0x0862, 0x10a3, 0x18e4, 0x2125, 0x2125, 0x2125, 0x2125, 0x2125, 0x2125, 0x2125,
    0x2125, 0x2125, 0x2125, 0x2125, 0x2125, 0x2125, 0x2125, 0x2125, 0x2125, 0x2125, 0x2125, 0x2125,
    0x2125, 0x2125, 0x2125, 0x2125, 0x2125, 0x2125, 0x2125, 0x2125, 0x2125, 0x2125, 0x2125, 0x2125,
    0x2125, 0x2125, 0x2125, 0x2125, 0x2125, 0x2125, 0x2125, 0x2125, 0x2125, 0x2125, 0x2125, 0x2125,
    0x2125, 0x1905, 0x18e4, 0x18e4, 0x18e4, 0x18e4, 0x18e4, 0x18e4, 0x18e4, 0x18e4, 0x18e4, 0x18e4,
    0x10a3, 0x0841, 0x0841, 0x0841, 0x0841, 0x0841, 0x0841, 0x0841, 0x0841, 0x0841, 0x0841, 0x0841,
    0x0841, 0x0841, 0x0841, 0x0841, 0x0841, 0x0841, 0x0841, 0x0841, 0x0841, 0x0841, 0x0841, 0x0841,
    0x0841, 0x0841, 0x0841, 0x0841, 0x0841, 0x0841, 0x0841, 0x0841, 0x0841, 0x0841, 0x0841, 0x0841,
    0x0841, 0x0841, 0x0862, 0x18e4, 0x18e4, 0x18e4, 0x18e4, 0x18e4, 0x18e4, 0x18e4, 0x18e4, 0x18e4,
    0x18e4, 0x18e4, 0x2125, 0x2125, 0x2125, 0x2125, 0x2125, 0x2125, 0x2125, 0x2125, 0x2125, 0x2125,
    0x2125, 0x2125, 0x2125, 0x2125, 0x2125, 0x2125, 0x2125, 0x2125, 0x2125, 0x2125, 0x2125, 0x2125,
    0x2125, 0x2125, 0x2125, 0x2125, 0x2125, 0x2126, 0x2126, 0x2126, 0x2126, 0x2126, 0x2126, 0x2126,
    0x2146, 0x2146, 0x2146, 0x2146, 0x2146, 0x2146, 0x2146, 0x2146, 0x2125, 0x18e4, 0x10a3, 0x10a3,
    0x10a3, 0x10a3, 0x10a3, 0x10a3, 0x10a3, 0x10a3, 0x10a3, 0x10a3, 0x10a3, 0x10a3, 0x10a3, 0x10a3,
    0x10a3, 0x10a3, 0x10a3, 0x10a3, 0x10a3, 0x10a3, 0x10a3, 0x10a3, 0x10a3, 0x10a3, 0x10a3, 0x10a3,
    0x10a3, 0x10a2, 0x10a2, 0x10a2, 0x10a2, 0x1082, 0x1082, 0x1082, 0x1082, 0x1082, 0x1082, 0x1082,
    0x1082, 0x1082, 0x1082, 0x1082, 0x1082, 0x0882, 0x0882, 0x0882, 0x0862, 0x0862, 0x0862, 0x0862,
    0x0862, 0x1082, 0x18c4, 0x2125, 0x2125, 0x2125, 0x2125, 0x2125, 0x2125, 0x2125, 0x2125, 0x2125,
    0x2125, 0x2125, 0x2125, 0x2125, 0x2125, 0x2125, 0x2125, 0x2125, 0x2125, 0x2125, 0x2125, 0x2125,
    0x2125, 0x2125, 0x2125, 0x2125, 0x2125, 0x2125, 0x2125, 0x2125, 0x2125, 0x2125, 0x2125, 0x2125,
    0x2125, 0x2125, 0x2125, 0x2125, 0x2125, 0x2125, 0x2125, 0x2125, 0x2125, 0x2125, 0x18e4, 0x18e4,
    0x18e4, 0x18e4, 0x18e4, 0x18e4, 0x18e4, 0x18e4, 0x18e4, 0x18e4, 0x18e4, 0x0862, 0x0841, 0x0841,
    0x0841, 0x0841, 0x0841, 0x0841, 0x0841, 0x0841, 0x0841, 0x0841, 0x0841, 0x0841, 0x0841, 0x0841,
    0x0841, 0x0841, 0x0841, 0x0841, 0x0841, 0x0841, 0x0841, 0x0841, 0x0841, 0x0841, 0x0841, 0x0841,
    0x0841, 0x0841, 0x0841, 0x0841, 0x0841, 0x0841, 0x0841, 0x0841, 0x0841, 0x0841, 0x1083, 0x18e4,
    0x18e4, 0x18e4, 0x18e4, 0x18e4, 0x18e4, 0x18e4, 0x18e4, 0x18e4, 0x18e4, 0x2105, 0x2125, 0x2125,
    0x2125, 0x2125, 0x2125, 0x2125, 0x2125, 0x2125, 0x2125, 0x2125, 0x2125, 0x2125, 0x2125, 0x2125,
    0x2125, 0x2125, 0x2125, 0x2125, 0x2125, 0x2125, 0x2125, 0x2125, 0x2125, 0x2125, 0x2125, 0x2126,
    0x2126, 0x2126, 0x2126, 0x2126, 0x2126, 0x2126, 0x2146, 0x2146, 0x2146, 0x2146, 0x2146, 0x2146,
    0x2146, 0x2146, 0x2125, 0x18e4, 0x10a3, 0x10a3, 0x10a3, 0x10a3, 0x10a3, 0x10a3, 0x10a3, 0x10a3,
    0x10a3, 0x10a3, 0x10a3, 0x10a3, 0x10a3, 0x10a3, 0x10a3, 0x10a3, 0x10a3, 0x10a3, 0x10a3, 0x10a3,
    0x10a3, 0x10a3, 0x10a3, 0x10a3, 0x10a3, 0x10a3, 0x10a3, 0x10a3, 0x10a3, 0x10a3, 0x10a3, 0x10a3,
    0x10a2, 0x10a2, 0x10a2, 0x1082, 0x1082, 0x1082, 0x1082, 0x1082, 0x1082, 0x1082, 0x1082, 0x1082,
    0x1082, 0x1082, 0x0882, 0x0882, 0x0882, 0x0862, 0x0862, 0x0862, 0x0862, 0x0862, 0x0862, 0x0882,
    0x18c4, 0x2125, 0x2125, 0x2125, 0x2125, 0x2125, 0x2125, 0x2125, 0x2125, 0x2125, 0x2125, 0x2125,
    0x2125, 0x2125, 0x2125, 0x2125, 0x2125, 0x2125, 0x2125, 0x2125, 0x2125, 0x2125, 0x2125, 0x2125,
    0x2125, 0x2125, 0x2125, 0x2125, 0x2125, 0x2125, 0x2125, 0x2125, 0x2125, 0x2125, 0x2125, 0x2125,
    0x2125, 0x2125, 0x2125, 0x2125, 0x2125, 0x2125, 0x2105, 0x18e4, 0x18e4, 0x18e4, 0x18e4, 0x18e4,
    0x18e4, 0x18e4, 0x18e4, 0x18e4, 0x18e4, 0x1083, 0x0841, 0x0841, 0x0841, 0x0841, 0x0841, 0x0841,
    0x0841, 0x0841, 0x0841, 0x0841, 0x0841, 0x0841, 0x0841, 0x0841, 0x0841, 0x0841, 0x0841, 0x0841,
    0x0841, 0x0841, 0x0841, 0x0841, 0x0841, 0x0841, 0x0841, 0x0841, 0x0841, 0x0841, 0x0841, 0x0841,
    0x0841, 0x0841, 0x0841, 0x0841, 0x0841, 0x0841, 0x18c4, 0x18e4, 0x18e4, 0x18e4, 0x18e4, 0x18e4,
    0x18e4, 0x18e4, 0x18e4, 0x18e4, 0x18e4, 0x2125, 0x2125, 0x2125, 0x2125, 0x2125, 0x2125, 0x2125,
    0x2125, 0x2125, 0x2125, 0x2125, 0x2125, 0x2125, 0x2125, 0x2125, 0x2125, 0x2125, 0x2125, 0x2125,
    0x2125, 0x2125, 0x2125, 0x2125, 0x2125, 0x2125, 0x2126, 0x2126, 0x2126, 0x2126, 0x2126, 0x2126,
    0x2146, 0x2146, 0x2146, 0x2146, 0x2146, 0x2146, 0x2146, 0x2146, 0x2146, 0x18e4, 0x10a3, 0x10a3,
    0x10a3, 0x10a3, 0x10a3, 0x10a3, 0x10a3, 0x10a3, 0x10a3, 0x10a3, 0x10a3, 0x10a3, 0x10a3, 0x10a3,
    0x10a3, 0x10a3, 0x10a3, 0x10a3, 0x10a3, 0x10a3, 0x10a3, 0x10a3, 0x10a3, 0x10a3, 0x10a3, 0x10a3,
    0x10a3, 0x10a3, 0x10a3, 0x10a3, 0x10a3, 0x10a3, 0x10a3, 0x10a3, 0x10a3, 0x10a3, 0x10a2, 0x10a2,
    0x10a2, 0x1082, 0x1082, 0x1082, 0x1082, 0x1082, 0x1082, 0x1082, 0x1082, 0x1082, 0x1082, 0x0882,
    0x0882, 0x0882, 0x0862, 0x0862, 0x0862, 0x0862, 0x0862, 0x0862, 0x0862, 0x0882, 0x18c4, 0x2125,
    0x2125, 0x2125, 0x2125, 0x2125, 0x2125, 0x2125, 0x2125, 0x2125, 0x2125, 0x2125, 0x2125, 0x2125,
    0x2125, 0x2125, 0x2125, 0x2125, 0x2125, 0x2125, 0x2125, 0x2125, 0x2125, 0x2125, 0x2125, 0x2125,
    0x2125, 0x2125, 0x2125, 0x2125, 0x2125, 0x2125, 0x2125, 0x2125, 0x2125, 0x2125, 0x2125, 0x2125,
    0x2125, 0x2125, 0x2125, 0x18e4, 0x18e4, 0x18e4, 0x18e4, 0x18e4, 0x18e4, 0x18e4, 0x18e4, 0x18e4,
    0x18e4, 0x18c4, 0x0841, 0x0841, 0x0841, 0x0841, 0x0841, 0x0841, 0x0841, 0x0841, 0x0841, 0x0841,
    0x0841, 0x0841, 0x0841, 0x0841, 0x0841, 0x0841, 0x0841, 0x0841, 0x0841, 0x0841, 0x0841, 0x0841,
    0x0841, 0x0841, 0x0841, 0x0841, 0x0841, 0x0841, 0x0841, 0x0841, 0x0841, 0x0841, 0x0841, 0x0841,
    0x0841, 0x0862, 0x18e4, 0x18e4, 0x18e4, 0x18e4, 0x18e4, 0x18e4, 0x18e4, 0x18e4, 0x18e4, 0x18e4,
    0x1905, 0x2125, 0x2125, 0x2125, 0x2125, 0x2125, 0x2125, 0x2125, 0x2125, 0x2125, 0x2125, 0x2125,
    0x2125, 0x2125, 0x2125, 0x2125, 0x2125, 0x2125, 0x2125, 0x2125, 0x2125, 0x2125, 0x2125, 0x2125,
    0x2125, 0x2126, 0x2126, 0x2126, 0x2126, 0x2126, 0x2126, 0x2146, 0x2146, 0x2146, 0x2146, 0x2146,
    0x2146, 0x2146, 0x2146, 0x2105, 0x10a3, 0x10a3, 0x10a3, 0x10a3, 0x10a3, 0x10a3, 0x10a3, 0x10a3,
    0x10a3, 0x10a3, 0x10a3, 0x10a3, 0x10a3, 0x10a3, 0x10a3, 0x10a3, 0x10a3, 0x10a3, 0x10a3, 0x10a3,
    0x10a3, 0x10a3, 0x10a3, 0x10a3, 0x10a3, 0x10a3, 0x10a3, 0x10a3, 0x10a3, 0x10a3, 0x10a3, 0x10a3,
    0x10a3, 0x10a3, 0x10a3, 0x10a3, 0x10a3, 0x10a3, 0x10a3, 0x10a3, 0x10a3, 0x10a2, 0x10a2, 0x1082,
    0x1082, 0x1082, 0x1082, 0x1082, 0x1082, 0x1082, 0x1082, 0x1082, 0x1082, 0x0882, 0x0882, 0x0882,
    0x0862, 0x0862, 0x0862, 0x0862, 0x0862, 0x0862, 0x0862, 0x1082, 0x18e4, 0x2125, 0x2125, 0x2125,
    0x2125, 0x2125, 0x2125, 0x2125, 0x2125, 0x2125, 0x2125, 0x2125, 0x2125, 0x2125, 0x2125, 0x2125,
    0x2125, 0x2125, 0x2125, 0x2125, 0x2125, 0x2125, 0x2125, 0x2125, 0x2125, 0x2125, 0x2125, 0x2125,
    0x2125, 0x2125, 0x2125, 0x2125, 0x2125, 0x2125, 0x2125, 0x2125, 0x2125, 0x2125, 0x2125, 0x1905,
    0x18e4, 0x18e4, 0x18e4, 0x18e4, 0x18e4, 0x18e4, 0x18e4, 0x18e4, 0x18e4, 0x18e4, 0x0862, 0x0841,
    0x0841, 0x0841, 0x0841, 0x0841, 0x0841, 0x0841, 0x0841, 0x0841, 0x0841, 0x0841, 0x0841, 0x0841,
    0x0841, 0x0841, 0x0841, 0x0841, 0x0841, 0x0841, 0x0841, 0x0841, 0x0841, 0x0841, 0x0841, 0x0841,
    0x0841, 0x0841, 0x0841, 0x0841, 0x0841, 0x0841, 0x0841, 0x0841, 0x0841, 0x1083, 0x18e4, 0x18e4,
    0x18e4, 0x18e4, 0x18e4, 0x18e4, 0x18e4, 0x18e4, 0x18e4, 0x18e4, 0x2125, 0x2125, 0x2125, 0x2125,
    0x2125, 0x2125, 0x2125, 0x2125, 0x2125, 0x2125, 0x2125, 0x2125, 0x2125, 0x2125, 0x2125, 0x2125,
    0x2125, 0x2125, 0x2125, 0x2125, 0x2125, 0x2125, 0x2125, 0x2125, 0x2126, 0x2126, 0x2126, 0x2126,
    0x2126, 0x2146, 0x2146, 0x2146, 0x2146, 0x2146, 0x2146, 0x2146, 0x2146, 0x2125, 0x18c4, 0x10a3,
    0x10a3, 0x10a3, 0x10a3, 0x10a3, 0x10a3, 0x10a3, 0x10a3, 0x10a3, 0x10a3, 0x10a3, 0x10a3, 0x10a3,
    0x10a3, 0x10a3, 0x10a3, 0x10a3, 0x10a3, 0x10a3, 0x10a3, 0x10a3, 0x10a3, 0x10a3, 0x10a3, 0x10a3,
    0x10a3, 0x10a3, 0x10a3, 0x10a3, 0x10a3, 0x10a3, 0x10a3, 0x10a3, 0x10a3, 0x10a3, 0x10a3, 0x10a3,
    0x10a3, 0x10a3, 0x10a3, 0x10a3, 0x10a3, 0x10a3, 0x10a2, 0x10a2, 0x10a2, 0x1082, 0x1082, 0x1082,
    0x1082, 0x1082, 0x1082, 0x1082, 0x1082, 0x1082, 0x0882, 0x0882, 0x0882, 0x0862, 0x0862, 0x0862,
    0x0862, 0x0862, 0x0862, 0x0862, 0x0862, 0x10a3, 0x2105, 0x2125, 0x2125, 0x2125, 0x2125, 0x2125,
    0x2125, 0x2125, 0x2125, 0x2125, 0x2125, 0x2125, 0x2125, 0x2125, 0x2125, 0x2125, 0x2125, 0x2125,
    0x2125, 0x2125, 0x2125, 0x2125, 0x2125, 0x2125, 0x2125, 0x2125, 0x2125, 0x2125, 0x2125, 0x2125,
    0x2125, 0x2125, 0x2125, 0x2125, 0x2125, 0x2125, 0x2125, 0x2125, 0x18e4, 0x18e4, 0x18e4, 0x18e4,
    0x18e4, 0x18e4, 0x18e4, 0x18e4, 0x18e4, 0x18e4, 0x1083, 0x0841, 0x0841, 0x0841, 0x0841, 0x0841,
    0x0841, 0x0841, 0x0841, 0x0841, 0x0841, 0x0841, 0x0841, 0x0841, 0x0841, 0x0841, 0x0841, 0x0841,
    0x0841, 0x0841, 0x0841, 0x0841, 0x0841, 0x0841, 0x0841, 0x0841, 0x0841, 0x0841, 0x0841, 0x0841,
    0x0841, 0x0841, 0x0841, 0x0841, 0x0841, 0x10c3, 0x18e4, 0x18e4, 0x18e4, 0x18e4, 0x18e4, 0x18e4,
    0x18e4, 0x18e4, 0x18e4, 0x18e4, 0x2125, 0x2125, 0x2125, 0x2125, 0x2125, 0x2125, 0x2125, 0x2125,
    0x2125, 0x2125, 0x2125, 0x2125, 0x2125, 0x2125, 0x2125, 0x2125, 0x2125, 0x2125, 0x2125, 0x2125,
    0x2125, 0x2125, 0x2126, 0x2126, 0x2126, 0x2126, 0x2126, 0x2126, 0x2146, 0x2146, 0x2146, 0x2146,
    0x2146, 0x2146, 0x2146, 0x2146, 0x1904, 0x10a3, 0x10a3, 0x10a3, 0x10a3, 0x10a3, 0x10a3, 0x10a3,
    0x10a3, 0x10a3, 0x10a3, 0x10a3, 0x10a3, 0x10a3, 0x10a3, 0x10a3, 0x10a3, 0x10a3, 0x10a3, 0x10a3,
    0x10a3, 0x10a3, 0x10a3, 0x10a3, 0x10a3, 0x10a3, 0x10a3, 0x10a3, 0x10a3, 0x10a3, 0x10a3, 0x10a3,
    0x10a3, 0x10a3, 0x10a3, 0x10a3, 0x10a3, 0x10a3, 0x10a3, 0x10a3, 0x10a3, 0x10a3, 0x10a3, 0x10a3,
    0x10a3, 0x10a3, 0x10a3, 0x10a3, 0x10a2, 0x10a2, 0x1082, 0x1082, 0x1082, 0x1082, 0x1082, 0x1082,
    0x1082, 0x1082, 0x1082, 0x0882, 0x0882, 0x0882, 0x0862, 0x0862, 0x0862, 0x0862, 0x0862, 0x0862,
    0x0862, 0x0862, 0x0862, 0x18e4, 0x2125, 0x2125, 0x2125, 0x2125, 0x2125, 0x2125, 0x2125, 0x2125,
    0x2125, 0x2125, 0x2125, 0x2125, 0x2125, 0x2125, 0x2125, 0x2125, 0x2125, 0x2125, 0x2125, 0x2125,
    0x2125, 0x2125, 0x2125, 0x2125, 0x2125, 0x2125, 0x2125, 0x2125, 0x2125, 0x2125, 0x2125, 0x2125,
    0x2125, 0x2125, 0x2125, 0x2125, 0x18e4, 0x18e4, 0x18e4, 0x18e4, 0x18e4, 0x18e4, 0x18e4, 0x18e4,
    0x18e4, 0x18e4, 0x10c3, 0x0841, 0x0841, 0x0841, 0x0841, 0x0841, 0x0841, 0x0841, 0x0841, 0x0841,
    0x0841, 0x0841, 0x0841, 0x0841, 0x0841, 0x0841, 0x0841, 0x0841, 0x0841, 0x0841, 0x0841, 0x0841,
    0x0841, 0x0841, 0x0841, 0x0841, 0x0841, 0x0841, 0x0841, 0x0841, 0x0841, 0x0841, 0x0841, 0x0841,
    0x0841, 0x18e4, 0x18e4, 0x18e4, 0x18e4, 0x18e4, 0x18e4, 0x18e4, 0x18e4, 0x18e4, 0x18e4, 0x2105,
    0x2125, 0x2125, 0x2125, 0x2125, 0x2125, 0x2125, 0x2125, 0x2125, 0x2125, 0x2125, 0x2125, 0x2125,
    0x2125, 0x2125, 0x2125, 0x2125, 0x2125, 0x2125, 0x2125, 0x2125, 0x2125, 0x2126, 0x2126, 0x2126,
    0x2126, 0x2126, 0x2126, 0x2146, 0x2146, 0x2146, 0x2146, 0x2146, 0x2146, 0x2146, 0x2125, 0x18c4,
    0x10a3, 0x10a3, 0x10a3, 0x10a3, 0x10a3, 0x10a3, 0x10a3, 0x10a3, 0x10a3, 0x10a3, 0x10a3, 0x10a3,
    0x10a3, 0x10a3, 0x10a3, 0x10a3, 0x10a3, 0x10a3, 0x10a3, 0x10a3, 0x10a3, 0x10a3, 0x10a3, 0x10a3,
    0x10a3, 0x10a3, 0x10a3, 0x10a3, 0x10a3, 0x10a3, 0x10a3, 0x10a3, 0x10a3, 0x10a3, 0x10a3, 0x10a3,
    0x10a3, 0x10a3, 0x10a3, 0x10a3, 0x10a3, 0x10a3, 0x10a3, 0x10a3, 0x10a3, 0x10a3, 0x10a3, 0x10a3,
    0x10a3, 0x10a3, 0x10a2, 0x10a2, 0x1082, 0x1082, 0x1082, 0x1082, 0x1082, 0x1082, 0x1082, 0x1082,
    0x0882, 0x0882, 0x0882, 0x0862, 0x0862, 0x0862, 0x0862, 0x0862, 0x0862, 0x0862, 0x0862, 0x0862,
    0x10a3, 0x2125, 0x2125, 0x2125, 0x2125, 0x2125, 0x2125, 0x2125, 0x2125, 0x2125, 0x2125, 0x2125,
    0x2125, 0x2125, 0x2125, 0x2125, 0x2125, 0x2125, 0x2125, 0x2125, 0x2125, 0x2125, 0x2125, 0x2125,
    0x2125, 0x2125, 0x2125, 0x2125, 0x2125, 0x2125, 0x2125, 0x2125, 0x2125, 0x2125, 0x2125, 0x2125,
    0x2105, 0x18e4, 0x18e4, 0x18e4, 0x18e4, 0x18e4, 0x18e4, 0x18e4, 0x18e4, 0x18e4, 0x18e4, 0x0841,
    0x0841, 0x0841, 0x0841, 0x0841, 0x0841, 0x0841, 0x0841, 0x0841, 0x0841, 0x0841, 0x0841, 0x0841,
    0x0841, 0x0841, 0x0841, 0x0841, 0x0841, 0x0841, 0x0841, 0x0841, 0x0841, 0x0841, 0x0841, 0x0841,
    0x0841, 0x0841, 0x0841, 0x0841, 0x0841, 0x0841, 0x0841, 0x0841, 0x0862, 0x18e4, 0x18e4, 0x18e4,
    0x18e4, 0x18e4, 0x18e4, 0x18e4, 0x18e4, 0x18e4, 0x18e4, 0x2125, 0x2125, 0x2125, 0x2125, 0x2125,
    0x2125, 0x2125, 0x2125, 0x2125, 0x2125, 0x2125, 0x2125, 0x2125, 0x2125, 0x2125, 0x2125, 0x2125,
    0x2125, 0x2125, 0x2125, 0x2125, 0x2126, 0x2126, 0x2126, 0x2126, 0x2126, 0x2126, 0x2146, 0x2146,
    0x2146, 0x2146, 0x2146, 0x2146, 0x2146, 0x2105, 0x10a3, 0x10a3, 0x10a3, 0x10a3, 0x10a3, 0x10a3,
    0x10a3, 0x10a3, 0x10a3, 0x10a3, 0x10a3, 0x10a3, 0x10a3, 0x10a3, 0x10a3, 0x10a3, 0x10a3, 0x10a3,
    0x10a3, 0x10a3, 0x10a3, 0x10a3, 0x10a3, 0x10a3, 0x10a3, 0x10a3, 0x10a3, 0x10a3, 0x10a3, 0x10a3,
    0x10a3, 0x10a3, 0x10a3, 0x10a3, 0x10a3, 0x10a3, 0x10a3, 0x10a3, 0x10a3, 0x10a3, 0x10a3, 0x10a3,
    0x10a3, 0x10a3, 0x10a3, 0x10a3, 0x10a3, 0x10a3, 0x10a3, 0x10a3, 0x10a3, 0x10a3, 0x10a3, 0x10a2,
    0x10a2, 0x1082, 0x1082, 0x1082, 0x1082, 0x1082, 0x1082, 0x1082, 0x1082, 0x0882, 0x0882, 0x0882,
    0x0862, 0x0862, 0x0862, 0x0862, 0x0862, 0x0862, 0x0862, 0x0862, 0x0862, 0x1082, 0x18e4, 0x2125,
    0x2125, 0x2125, 0x2125, 0x2125, 0x2125, 0x2125, 0x2125, 0x2125, 0x2125, 0x2125, 0x2125, 0x2125,
    0x2125, 0x2125, 0x2125, 0x2125, 0x2125, 0x2125, 0x2125, 0x2125, 0x2125, 0x2125, 0x2125, 0x2125,
    0x2125, 0x2125, 0x2125, 0x2125, 0x2125, 0x2125, 0x2125, 0x2125, 0x2125, 0x18e4, 0x18e4, 0x18e4,
    0x18e4, 0x18e4, 0x18e4, 0x18e4, 0x18e4, 0x18e4, 0x18e4, 0x0862, 0x0841, 0x0841, 0x0841, 0x0841,
    0x0841, 0x0841, 0x0841, 0x0841, 0x0841, 0x0841, 0x0841, 0x0841, 0x0841, 0x0841, 0x0841, 0x0841,
    0x0841, 0x0841, 0x0841, 0x0841, 0x0841, 0x0841, 0x0841, 0x0841, 0x0841, 0x0841, 0x0841, 0x0841,
    0x0841, 0x0841, 0x0841, 0x0841, 0x1083, 0x18e4, 0x18e4, 0x18e4, 0x18e4, 0x18e4, 0x18e4, 0x18e4,
    0x18e4, 0x18e4, 0x18e4, 0x2125, 0x2125, 0x2125, 0x2125, 0x2125, 0x2125, 0x2125, 0x2125, 0x2125,
    0x2125, 0x2125, 0x2125, 0x2125, 0x2125, 0x2125, 0x2125, 0x2125, 0x2125, 0x2125, 0x2125, 0x2126,
    0x2126, 0x2126, 0x2126, 0x2126, 0x2146, 0x2146, 0x2146, 0x2146, 0x2146, 0x2146, 0x2146, 0x2146,
    0x18e4, 0x10a3, 0x10a3, 0x10a3, 0x10a3, 0x10a3, 0x10a3, 0x10a3, 0x10a3, 0x10a3, 0x10a3, 0x10a3,
    0x10a3, 0x10a3, 0x10a3, 0x10a3, 0x10a3, 0x10a3, 0x10a3, 0x10a3, 0x10a3, 0x10a3, 0x10a3, 0x10a3,
    0x10a3, 0x10a3, 0x10a3, 0x10a3, 0x10a3, 0x10a3, 0x10a3, 0x10a3, 0x10a3, 0x10a3, 0x10a3, 0x10a3,
    0x10a3, 0x10a3, 0x10a3, 0x10a3, 0x10a3, 0x10a3, 0x10a3, 0x10a3, 0x10a3, 0x10a3, 0x10a3, 0x10a3,
    0x10a3, 0x10a3, 0x10a3, 0x10a3, 0x10a3, 0x10a3, 0x10a3, 0x10a3, 0x10a2, 0x10a2, 0x1082, 0x1082,
    0x1082, 0x1082, 0x1082, 0x1082, 0x1082, 0x1082, 0x0882, 0x0882, 0x0882, 0x0862, 0x0862, 0x0862,
    0x0862, 0x0862, 0x0862, 0x0862, 0x0862, 0x0862, 0x0862, 0x18c4, 0x2125, 0x2125, 0x2125, 0x2125,
    0x2125, 0x2125, 0x2125, 0x2125, 0x2125, 0x2125, 0x2125, 0x2125, 0x2125, 0x2125, 0x2125, 0x2125,
    0x2125, 0x2125, 0x2125, 0x2125, 0x2125, 0x2125, 0x2125, 0x2125, 0x2125, 0x2125, 0x2125, 0x2125,
    0x2125, 0x2125, 0x2125, 0x2125, 0x2125, 0x18e4, 0x18e4, 0x18e4, 0x18e4, 0x18e4, 0x18e4, 0x18e4,
    0x18e4, 0x18e4, 0x18e4, 0x1083, 0x0841, 0x0841, 0x0841, 0x0841, 0x0841, 0x0841, 0x0841, 0x0841,
    0x0841, 0x0841, 0x0841, 0x0841, 0x0841, 0x0841, 0x0841, 0x0841, 0x0841, 0x0841, 0x0841, 0x0841,
    0x0841, 0x0841, 0x0841, 0x0841, 0x0841, 0x0841, 0x0841, 0x0841, 0x0841, 0x0841, 0x0841, 0x0841,
    0x10a3, 0x18e4, 0x18e4, 0x18e4, 0x18e4, 0x18e4, 0x18e4, 0x18e4, 0x18e4, 0x18e4, 0x1905, 0x2125,
    0x2125, 0x2125, 0x2125, 0x2125, 0x2125, 0x2125, 0x2125, 0x2125, 0x2125, 0x2125, 0x2125, 0x2125,
    0x2125, 0x2125, 0x2125, 0x2125, 0x2125, 0x2125, 0x2126, 0x2126, 0x2126, 0x2126, 0x2126, 0x2146,
    0x2146, 0x2146, 0x2146, 0x2146, 0x2146, 0x2146, 0x2146, 0x18e4, 0x10a3, 0x10a3, 0x10a3, 0x10a3,
    0x10a3, 0x10a3, 0x10a3, 0x10a3, 0x10a3, 0x10a3, 0x10a3, 0x10a3, 0x10a3, 0x10a3, 0x10a3, 0x10a3,
    0x10a3, 0x10a3, 0x10a3, 0x10a3, 0x10a3, 0x10a3, 0x10a3, 0x10a3, 0x10a3, 0x10a3, 0x10a3, 0x10a3,
    0x10a3, 0x10a3, 0x10a3, 0x10a3, 0x10a3, 0x10a3, 0x10a3, 0x10a3, 0x10a3, 0x10a3, 0x10a3, 0x10a3,
    0x10a3, 0x10a3, 0x10a3, 0x10a3, 0x10a3, 0x10a3, 0x10a3, 0x10a3, 0x10a3, 0x10a3, 0x10a3, 0x10a3,
    0x10a3, 0x10a3, 0x10a3, 0x10a3, 0x10a3, 0x10a3, 0x10a2, 0x1082, 0x1082, 0x1082, 0x1082, 0x1082,
    0x1082, 0x1082, 0x1082, 0x0882, 0x0882, 0x0882, 0x0862, 0x0862, 0x0862, 0x0862, 0x0862, 0x0862,
    0x0862, 0x0862, 0x0862, 0x0862, 0x10c3, 0x2125, 0x2125, 0x2125, 0x2125, 0x2125, 0x2125, 0x2125,
    0x2125, 0x2125, 0x2125, 0x2125, 0x2125, 0x2125, 0x2125, 0x2125, 0x2125, 0x2125, 0x2125, 0x2125,
    0x2125, 0x2125, 0x2125, 0x2125, 0x2125, 0x2125, 0x2125, 0x2125, 0x2125, 0x2125, 0x2125, 0x2125,
    0x2125, 0x1905, 0x18e4, 0x18e4, 0x18e4, 0x18e4, 0x18e4, 0x18e4, 0x18e4, 0x18e4, 0x18e4, 0x10a3,
    0x0841, 0x0841, 0x0841, 0x0841, 0x0841, 0x0841, 0x0841, 0x0841, 0x0841, 0x0841, 0x0841, 0x0841,
    0x0841, 0x0841, 0x0841, 0x0841, 0x0841, 0x0841, 0x0841, 0x0841, 0x0841, 0x0841, 0x0841, 0x0841,
    0x0841, 0x0841, 0x0841, 0x0841, 0x0841, 0x0841, 0x0841, 0x0841, 0x18c4, 0x18e4, 0x18e4, 0x18e4,
    0x18e4, 0x18e4, 0x18e4, 0x18e4, 0x18e4, 0x18e4, 0x2105, 0x2125, 0x2125, 0x2125, 0x2125, 0x2125,
    0x2125, 0x2125, 0x2125, 0x2125, 0x2125, 0x2125, 0x2125, 0x2125, 0x2125, 0x2125, 0x2125, 0x2125,
    0x2125, 0x2125, 0x2126, 0x2126, 0x2126, 0x2126, 0x2146, 0x2146, 0x2146, 0x2146, 0x2146, 0x2146,
    0x2146, 0x2146, 0x18c4, 0x10a3, 0x10a3, 0x10a3, 0x10a3, 0x10a3, 0x10a3, 0x10a3, 0x10a3, 0x10a3,
    0x10a3, 0x10a3, 0x10a3, 0x10a3, 0x10a3, 0x10a3, 0x10a3, 0x10a3, 0x10a3, 0x10a3, 0x10a3, 0x10a3,
    0x10a3, 0x10a3, 0x10a3, 0x10a3, 0x10a3, 0x10a3, 0x10a3, 0x10a3, 0x10a3, 0x10a3, 0x10a3, 0x10a3,
    0x10a3, 0x10a3, 0x10a3, 0x10a3, 0x10a3, 0x10a3, 0x10a3, 0x10a3, 0x10a3, 0x10a3, 0x10a3, 0x10a3,
    0x10a3, 0x10a3, 0x10a3, 0x10a3, 0x10a3, 0x10a3, 0x10a3, 0x10a3, 0x10a3, 0x10a3, 0x10a3, 0x10a3,
    0x10a3, 0x10a3, 0x10a3, 0x10a2, 0x1082, 0x1082, 0x1082, 0x1082, 0x1082, 0x1082, 0x1082, 0x1082,
    0x0882, 0x0882, 0x0862, 0x0862, 0x0862, 0x0862, 0x0862, 0x0862, 0x0862, 0x0862, 0x0862, 0x0862,
    0x0862, 0x10a3, 0x2125, 0x2125, 0x2125, 0x2125, 0x2125, 0x2125, 0x2125, 0x2125, 0x2125, 0x2125,
    0x2125, 0x2125, 0x2125, 0x2125, 0x2125, 0x2125, 0x2125, 0x2125, 0x2125, 0x2125, 0x2125, 0x2125,
    0x2125, 0x2125, 0x2125, 0x2125, 0x2125, 0x2125, 0x2125, 0x2125, 0x2125, 0x2105, 0x18e4, 0x18e4,
    0x18e4, 0x18e4, 0x18e4, 0x18e4, 0x18e4, 0x18e4, 0x18e4, 0x18c4, 0x0841, 0x0841, 0x0841, 0x0841,
    0x0841, 0x0841, 0x0841, 0x0841, 0x0841, 0x0841, 0x0841, 0x0841, 0x0841, 0x0841, 0x0841, 0x0841,
    0x0841, 0x0841, 0x0841, 0x0841, 0x0841, 0x0841, 0x0841, 0x0841, 0x0841, 0x0841, 0x0841, 0x0841,
    0x0841, 0x0841, 0x0841, 0x0841, 0x18e4, 0x18e4, 0x18e4, 0x18e4, 0x18e4, 0x18e4, 0x18e4, 0x18e4,
    0x18e4, 0x18e4, 0x2125, 0x2125, 0x2125, 0x2125, 0x2125, 0x2125, 0x2125, 0x2125, 0x2125, 0x2125,
    0x2125, 0x2125, 0x2125, 0x2125, 0x2125, 0x2125, 0x2125, 0x2125, 0x2125, 0x2126, 0x2126, 0x2126,
    0x2126, 0x2146, 0x2146, 0x2146, 0x2146, 0x2146, 0x2146, 0x2146, 0x2125, 0x10c3, 0x10a3, 0x10a3,
    0x10a3, 0x10a3, 0x10a3, 0x10a3, 0x10a3, 0x10a3, 0x10a3, 0x10a3, 0x10a3, 0x10a3, 0x10a3, 0x10a3,
    0x10a3, 0x10a3, 0x10a3, 0x10a3, 0x10a3, 0x10a3, 0x10a3, 0x10a3, 0x10a3, 0x10a3, 0x10a3, 0x10a3,
    0x10a3, 0x10a3, 0x10a3, 0x10a3, 0x10a3, 0x10a3, 0x10a3, 0x10a3, 0x10a3, 0x10a3, 0x10a3, 0x10a3,
    0x10a3, 0x10a3, 0x10a3, 0x10a3, 0x10a3, 0x10a3, 0x10a3, 0x10a3, 0x10a3, 0x10a3, 0x10a3, 0x10a3,
    0x10a3, 0x10a3, 0x10a3, 0x10a3, 0x10a3, 0x10a3, 0x10a3, 0x10a3, 0x10a3, 0x10a3, 0x10a3, 0x10a3,
    0x10a2, 0x10a2, 0x1082, 0x1082, 0x1082, 0x1082, 0x1082, 0x1082, 0x1082, 0x0882, 0x0882, 0x0862,
    0x0862, 0x0862, 0x0862, 0x0862, 0x0862, 0x0862, 0x0862, 0x0862, 0x0862, 0x0862, 0x1082, 0x2105,
    0x2125, 0x2125, 0x2125, 0x2125, 0x2125, 0x2125, 0x2125, 0x2125, 0x2125, 0x2125, 0x2125, 0x2125,
    0x2125, 0x2125, 0x2125, 0x2125, 0x2125, 0x2125, 0x2125, 0x2125, 0x2125, 0x2125, 0x2125, 0x2125,
    0x2125, 0x2125, 0x2125, 0x2125, 0x2125, 0x2125, 0x18e4, 0x18e4, 0x18e4, 0x18e4, 0x18e4, 0x18e4,
    0x18e4, 0x18e4, 0x18e4, 0x18e4, 0x0841, 0x0841, 0x0841, 0x0841, 0x0841, 0x0841, 0x0841, 0x0841,
    0x0841, 0x0841, 0x0841, 0x0841, 0x0841, 0x0841, 0x0841, 0x0841, 0x0841, 0x0841, 0x0841, 0x0841,
    0x0841, 0x0841, 0x0841, 0x0841, 0x0841, 0x0841, 0x0841, 0x0841, 0x0841, 0x0841, 0x0841, 0x0841,
    0x18e4, 0x18e4, 0x18e4, 0x18e4, 0x18e4, 0x18e4, 0x18e4, 0x18e4, 0x18e4, 0x18e4, 0x2125, 0x2125,
    0x2125, 0x2125, 0x2125, 0x2125, 0x2125, 0x2125, 0x2125, 0x2125, 0x2125, 0x2125, 0x2125, 0x2125,
    0x2125, 0x2125, 0x2125, 0x2125, 0x2126, 0x2126, 0x2126, 0x2126, 0x2126, 0x2146, 0x2146, 0x2146,
    0x2146, 0x2146, 0x2146, 0x2125, 0x10a3, 0x10a3, 0x10a3, 0x10a3, 0x10a3, 0x10a3, 0x10a3, 0x10a3,
    0x10a3, 0x10a3, 0x10a3, 0x10a3, 0x10a3, 0x10a3, 0x10a3, 0x10a3, 0x10a3, 0x10a3, 0x10a3, 0x10a3,
    0x10a3, 0x10a3, 0x10a3, 0x10a3, 0x10a3, 0x10a3, 0x10a3, 0x10a3, 0x10a3, 0x10a3, 0x10a3, 0x10a3,
    0x10a3, 0x10a3, 0x10a3, 0x10a3, 0x10a3, 0x10a3, 0x10a3, 0x10a3, 0x10a3, 0x10a3, 0x10a3, 0x10a3,
    0x10a3, 0x10a3, 0x10a3, 0x10a3, 0x10a3, 0x10a3, 0x10a3, 0x10a3, 0x10a3, 0x10a3, 0x10a3, 0x10a3,
    0x10a3, 0x10a3, 0x10a3, 0x10a3, 0x10a3, 0x10a3, 0x10a3, 0x10a3, 0x10a3, 0x10a2, 0x1082, 0x1082,
    0x1082, 0x1082, 0x1082, 0x1082, 0x1082, 0x1082, 0x0882, 0x0882, 0x0862, 0x0862, 0x0862, 0x0862,
    0x0862, 0x0862, 0x0862, 0x0862, 0x0862, 0x0862, 0x0862, 0x1082, 0x2105, 0x2125, 0x2125, 0x2125,
    0x2125, 0x2125, 0x2125, 0x2125, 0x2125, 0x2125, 0x2125, 0x2125, 0x2125, 0x2125, 0x2125, 0x2125,
    0x2125, 0x2125, 0x2125, 0x2125, 0x2125, 0x2125, 0x2125, 0x2125, 0x2125, 0x2125, 0x2125, 0x2125,
    0x2125, 0x2125, 0x18e4, 0x18e4, 0x18e4, 0x18e4, 0x18e4, 0x18e4, 0x18e4, 0x18e4, 0x18e4, 0x18e4,
    0x0841, 0x0841, 0x0841, 0x0841, 0x0841, 0x0841, 0x0841, 0x0841, 0x0841, 0x0841, 0x0841, 0x0841,
    0x0841, 0x0841, 0x0841, 0x0841, 0x0841, 0x0841, 0x0841, 0x0841, 0x0841, 0x0841, 0x0841, 0x0841,
    0x0841, 0x0841, 0x0841, 0x0841, 0x0841, 0x0841, 0x0841, 0x0862, 0x18e4, 0x18e4, 0x18e4, 0x18e4,
    0x18e4, 0x18e4, 0x18e4, 0x18e4, 0x18e4, 0x18e4, 0x2125, 0x2125, 0x2125, 0x2125, 0x2125, 0x2125,
    0x2125, 0x2125, 0x2125, 0x2125, 0x2125, 0x2125, 0x2125, 0x2125, 0x2125, 0x2125, 0x2125, 0x2126,
    0x2126, 0x2126, 0x2126, 0x2126, 0x2146, 0x2146, 0x2146, 0x2146, 0x2146, 0x2146, 0x2125, 0x10a3,
    0x10a3, 0x10a3, 0x10a3, 0x10a3, 0x10a3, 0x10a3, 0x10a3, 0x10a3, 0x10a3, 0x10a3, 0x10a3, 0x10a3,
    0x10a3, 0x10a3, 0x10a3, 0x10a3, 0x10a3, 0x10a3, 0x10a3, 0x10a3, 0x10a3, 0x10a3, 0x10a3, 0x10a3,
    0x10a3, 0x10a3, 0x10a3, 0x10a3, 0x10a3, 0x10a3, 0x10a3, 0x10a3, 0x10a3, 0x10a3, 0x10a3, 0x10a3,
    0x10a3, 0x10a3, 0x10a3, 0x10a3, 0x10a3, 0x10a3, 0x10a3, 0x10a3, 0x10a3, 0x10a3, 0x10a3, 0x10a3,
    0x10a3, 0x10a3, 0x10a3, 0x10a3, 0x10a3, 0x10a3, 0x10a3, 0x10a3, 0x10a3, 0x10a3, 0x10a3, 0x10a3,
    0x10a3, 0x10a3, 0x10a3, 0x10a3, 0x10a3, 0x10a3, 0x10a2, 0x1082, 0x1082, 0x1082, 0x1082, 0x1082,
    0x1082, 0x1082, 0x0882, 0x0882, 0x0882, 0x0862, 0x0862, 0x0862, 0x0862, 0x0862, 0x0862, 0x0862,
    0x0862, 0x0862, 0x0862, 0x0862, 0x1082, 0x2105, 0x2125, 0x2125, 0x2125, 0x2125, 0x2125, 0x2125,
    0x2125, 0x2125, 0x2125, 0x2125, 0x2125, 0x2125, 0x2125, 0x2125, 0x2125, 0x2125, 0x2125, 0x2125,
    0x2125, 0x2125, 0x2125, 0x2125, 0x2125, 0x2125, 0x2125, 0x2125, 0x2125, 0x2125, 0x18e4, 0x18e4,
    0x18e4, 0x18e4, 0x18e4, 0x18e4, 0x18e4, 0x18e4, 0x18e4, 0x18e4, 0x0862, 0x0841, 0x0841, 0x0841,
    0x0841, 0x0841, 0x0841, 0x0841, 0x0841, 0x0841, 0x0841, 0x0841, 0x0841, 0x0841, 0x0841, 0x0841,
    0x0841, 0x0841, 0x0841, 0x0841, 0x0841, 0x0841, 0x0841, 0x0841, 0x0841, 0x0841, 0x0841, 0x0841,
    0x0841, 0x0841, 0x0841, 0x0862, 0x18e4, 0x18e4, 0x18e4, 0x18e4, 0x18e4, 0x18e4, 0x18e4, 0x18e4,
    0x18e4, 0x18e4, 0x2125, 0x2125, 0x2125, 0x2125, 0x2125, 0x2125, 0x2125, 0x2125, 0x2125, 0x2125,
    0x2125, 0x2125, 0x2125, 0x2125, 0x2125, 0x2125, 0x2126, 0x2126, 0x2126, 0x2126, 0x2126, 0x2146,
    0x2146, 0x2146, 0x2146, 0x2146, 0x2146, 0x2125, 0x10a3, 0x10a3, 0x10a3, 0x10a3, 0x10a3, 0x10a3,
    0x10a3, 0x10a3, 0x10a3, 0x10a3, 0x10a3, 0x10a3, 0x10a3, 0x10a3, 0x10a3, 0x10a3, 0x10a3, 0x10a3,
    0x10a3, 0x10a3, 0x10a3, 0x10a3, 0x10a3, 0x10a3, 0x10a3, 0x10a3, 0x10a3, 0x10a3, 0x10a3, 0x10a3,
    0x10a3, 0x10a3, 0x10a3, 0x10a3, 0x10a3, 0x10a3, 0x10a3, 0x10a3, 0x10a3, 0x10a3, 0x10a3, 0x10a3,
    0x10a3, 0x10a3, 0x10a3, 0x10a3, 0x10a3, 0x10a3, 0x10a3, 0x10a3, 0x10a3, 0x10a3, 0x10a3, 0x10a3,
    0x10a3, 0x10a3, 0x10a3, 0x10a3, 0x10a3, 0x10a3, 0x10a3, 0x10a3, 0x10a3, 0x10a3, 0x10a3, 0x10a3,
    0x10a3, 0x10a3, 0x10a3, 0x10a2, 0x1082, 0x1082, 0x1082, 0x1082, 0x1082, 0x1082, 0x1082, 0x0882,
    0x0882, 0x0862, 0x0862, 0x0862, 0x0862, 0x0862, 0x0862, 0x0862, 0x0862, 0x0862, 0x0862, 0x0862,
    0x0862, 0x1082, 0x2105, 0x2125, 0x2125, 0x2125, 0x2125, 0x2125, 0x2125, 0x2125, 0x2125, 0x2125,
    0x2125, 0x2125, 0x2125, 0x2125, 0x2125, 0x2125, 0x2125, 0x2125, 0x2125, 0x2125, 0x2125, 0x2125,
    0x2125, 0x2125, 0x2125, 0x2125, 0x2125, 0x2125, 0x18e4, 0x18e4, 0x18e4, 0x18e4, 0x18e4, 0x18e4,
    0x18e4, 0x18e4, 0x18e4, 0x18e4, 0x0862, 0x0841, 0x0841, 0x0841, 0x0841, 0x0841, 0x0841, 0x0841,
    0x0841, 0x0841, 0x0841, 0x0841, 0x0841, 0x0841, 0x0841, 0x0841, 0x0841, 0x0841, 0x0841, 0x0841,
    0x0841, 0x0841, 0x0841, 0x0841, 0x0841, 0x0841, 0x0841, 0x0841, 0x0841, 0x0841, 0x0841, 0x0862,
    0x18e4, 0x18e4, 0x18e4, 0x18e4, 0x18e4, 0x18e4, 0x18e4, 0x18e4, 0x18e4, 0x1904, 0x2125, 0x2125,
    0x2125, 0x2125, 0x2125, 0x2125, 0x2125, 0x2125, 0x2125, 0x2125, 0x2125, 0x2125, 0x2125, 0x2125,
    0x2125, 0x2125, 0x2126, 0x2126, 0x2126, 0x2126, 0x2146, 0x2146, 0x2146, 0x2146, 0x2146, 0x2146,
    0x2146, 0x10c3, 0x10a3, 0x10a3, 0x10a3, 0x10a3, 0x10a3, 0x10a3, 0x10a3, 0x10a3, 0x10a3, 0x10a3,
    0x10a3, 0x10a3, 0x10a3, 0x10a3, 0x10a3, 0x10a3, 0x10a3, 0x10a3, 0x10a3, 0x10a3, 0x10a3, 0x10a3,
    0x10a3, 0x10a3, 0x10a3, 0x10a3, 0x10a3, 0x10a3, 0x10a3, 0x10a3, 0x10a3, 0x10a3, 0x10a3, 0x10a3,
    0x10a3, 0x10a3, 0x10a3, 0x10a3, 0x10a3, 0x10a3, 0x10a3, 0x10a3, 0x10a3, 0x10a3, 0x10a3, 0x10a3,
    0x10a3, 0x10a3, 0x10a3, 0x10a3, 0x10a3, 0x10a3, 0x10a3, 0x10a3, 0x10a3, 0x10a3, 0x10a3, 0x10a3,
    0x10a3, 0x10a3, 0x10a3, 0x10a3, 0x10a3, 0x10a3, 0x10a3, 0x10a3, 0x10a3, 0x10a3, 0x10a3, 0x10a3,
    0x10a2, 0x1082, 0x1082, 0x1082, 0x1082, 0x1082, 0x1082, 0x1082, 0x0882, 0x0882, 0x0862, 0x0862,
    0x0862, 0x0862, 0x0862, 0x0862, 0x0862, 0x0862, 0x0862, 0x0862, 0x0862, 0x0862, 0x1082, 0x2125,
    0x2125, 0x2125, 0x2125, 0x2125, 0x2125, 0x2125, 0x2125, 0x2125, 0x2125, 0x2125, 0x2125, 0x2125,
    0x2125, 0x2125, 0x2125, 0x2125, 0x2125, 0x2125, 0x2125, 0x2125, 0x2125, 0x2125, 0x2125, 0x2125,
    0x2125, 0x2125, 0x1904, 0x18e4, 0x18e4, 0x18e4, 0x18e4, 0x18e4, 0x18e4, 0x18e4, 0x18e4, 0x18e4,
    0x0862, 0x0841, 0x0841, 0x0841, 0x0841, 0x0841, 0x0841, 0x0841, 0x0841, 0x0841, 0x0841, 0x0841,
    0x0841, 0x0841, 0x0841, 0x0841, 0x0841, 0x0841, 0x0841, 0x0841, 0x0841, 0x0841, 0x0841, 0x0841,
    0x0841, 0x0841, 0x0841, 0x0841, 0x0841, 0x0841, 0x0841, 0x0862, 0x18e4, 0x18e4, 0x18e4, 0x18e4,
    0x18e4, 0x18e4, 0x18e4, 0x18e4, 0x18e4, 0x1905, 0x2125, 0x2125, 0x2125, 0x2125, 0x2125, 0x2125,
    0x2125, 0x2125, 0x2125, 0x2125, 0x2125, 0x2125, 0x2125, 0x2125, 0x2125, 0x2126, 0x2126, 0x2126,
    0x2126, 0x2146, 0x2146, 0x2146, 0x2146, 0x2146, 0x2146, 0x2146, 0x10c3, 0x10a3, 0x10a3, 0x10a3,
    0x10a3, 0x10a3, 0x10a3, 0x10a3, 0x10a3, 0x10a3, 0x10a3, 0x10a3, 0x10a3, 0x10a3, 0x10a3, 0x10a3,
    0x10a3, 0x10a3, 0x10a3, 0x10a3, 0x10a3, 0x10a3, 0x10a3, 0x10a3, 0x10a3, 0x10a3, 0x10a3, 0x10a3,
    0x10a3, 0x10a3, 0x10a3, 0x10a3, 0x10a3, 0x10a3, 0x10a3, 0x10a3, 0x10a3, 0x10a3, 0x10a3, 0x10a3,
    0x10a3, 0x10a3, 0x10a3, 0x10a3, 0x10a3, 0x10a3, 0x10a3, 0x10a3, 0x10a3, 0x10a3, 0x10a3, 0x10a3,
    0x10a3, 0x10a3, 0x10a3, 0x10a3, 0x10a3, 0x10a3, 0x10a3, 0x10a3, 0x10a3, 0x10a3, 0x10a3, 0x10a3,
    0x10a3, 0x10a3, 0x10a3, 0x10a3, 0x10a3, 0x10a3, 0x10a3, 0x10a3, 0x10a2, 0x10a2, 0x1082, 0x1082,
    0x1082, 0x1082, 0x1082, 0x1082, 0x1082, 0x0882, 0x0882, 0x0862, 0x0862, 0x0862, 0x0862, 0x0862,
    0x0862, 0x0862, 0x0862, 0x0862, 0x0862, 0x0862, 0x0862, 0x1082, 0x2125, 0x2125, 0x2125, 0x2125,
    0x2125, 0x2125, 0x2125, 0x2125, 0x2125, 0x2125, 0x2125, 0x2125, 0x2125, 0x2125, 0x2125, 0x2125,
    0x2125, 0x2125, 0x2125, 0x2125, 0x2125, 0x2125, 0x2125, 0x2125, 0x2125, 0x2125, 0x1905, 0x18e4,
    0x18e4, 0x18e4, 0x18e4, 0x18e4, 0x18e4, 0x18e4, 0x18e4, 0x18e4, 0x0862, 0x0841, 0x0841, 0x0841,
    0x0841, 0x0841, 0x0841, 0x0841, 0x0841, 0x0841, 0x0841, 0x0841, 0x0841, 0x0841, 0x0841, 0x0841,
    0x0841, 0x0841, 0x0841, 0x0841, 0x0841, 0x0841, 0x0841, 0x0841, 0x0841, 0x0841, 0x0841, 0x0841,
    0x0841, 0x0841, 0x0841, 0x0862, 0x18e4, 0x18e4, 0x18e4, 0x18e4, 0x18e4, 0x18e4, 0x18e4, 0x18e4,
    0x18e4, 0x1905, 0x2125, 0x2125, 0x2125, 0x2125, 0x2125, 0x2125, 0x2125, 0x2125, 0x2125, 0x2125,
    0x2125, 0x2125, 0x2125, 0x2125, 0x2126, 0x2126, 0x2126, 0x2126, 0x2126, 0x2146, 0x2146, 0x2146,
    0x2146, 0x2146, 0x2146, 0x18c3, 0x10a3, 0x10a3, 0x10a3, 0x10a3, 0x10a3, 0x10a3, 0x10a3, 0x10a3,
    0x10a3, 0x10a3, 0x10a3, 0x10a3, 0x10a3, 0x10a3, 0x10a3, 0x10a3, 0x10a3, 0x10a3, 0x10a3, 0x10a3,
    0x10a3, 0x10a3, 0x10a3, 0x10a3, 0x10a3, 0x10a3, 0x10a3, 0x10a3, 0x10a3, 0x10a3, 0x10a3, 0x10a3,
    0x10a3, 0x10a3, 0x10a3, 0x10a3, 0x10a3, 0x10a3, 0x10a3, 0x10a3, 0x10a3, 0x10a3, 0x10a3, 0x10a3,
    0x10a3, 0x10a3, 0x10a3, 0x10a3, 0x10a3, 0x10a3, 0x10a3, 0x10a3, 0x10a3, 0x10a3, 0x10a3, 0x10a3,
    0x10a3, 0x10a3, 0x10a3, 0x10a3, 0x10a3, 0x10a3, 0x10a3, 0x10a3, 0x10a3, 0x10a3, 0x10a3, 0x10a3,
    0x10a3, 0x10a3, 0x10a3, 0x10a3, 0x10a3, 0x10a2, 0x10a2, 0x1082, 0x1082, 0x1082, 0x1082, 0x1082,
    0x1082, 0x0882, 0x0882, 0x0862, 0x0862, 0x0862, 0x0862, 0x0862, 0x0862, 0x0862, 0x0862, 0x0862,
    0x0862, 0x0862, 0x0862, 0x0862, 0x10a3, 0x2125, 0x2125, 0x2125, 0x2125, 0x2125, 0x2125, 0x2125,
    0x2125, 0x2125, 0x2125, 0x2125, 0x2125, 0x2125, 0x2125, 0x2125, 0x2125, 0x2125, 0x2125, 0x2125,
    0x2125, 0x2125, 0x2125, 0x2125, 0x2125, 0x2125, 0x1905, 0x18e4, 0x18e4, 0x18e4, 0x18e4, 0x18e4,
    0x18e4, 0x18e4, 0x18e4, 0x18e4, 0x0862, 0x0841, 0x0841, 0x0841, 0x0841, 0x0841, 0x0841, 0x0841,
    0x0841, 0x0841, 0x0841, 0x0841, 0x0841, 0x0841, 0x0841, 0x0841, 0x0841, 0x0841, 0x0841, 0x0841,
    0x0841, 0x0841, 0x0841, 0x0841, 0x0841, 0x0841, 0x0841, 0x0841, 0x0841, 0x0841, 0x0841, 0x0862,
    0x18e4, 0x18e4, 0x18e4, 0x18e4, 0x18e4, 0x18e4, 0x18e4, 0x18e4, 0x18e4, 0x1905, 0x2125, 0x2125,
    0x2125, 0x2125, 0x2125, 0x2125, 0x2125, 0x2125, 0x2125, 0x2125, 0x2125, 0x2125, 0x2125, 0x2125,
    0x2126, 0x2126, 0x2126, 0x2126, 0x2146, 0x2146, 0x2146, 0x2146, 0x2146, 0x2146, 0x18e4, 0x10a3,
    0x10a3, 0x10a3, 0x10a3, 0x10a3, 0x10a3, 0x10a3, 0x10a3, 0x10a3, 0x10a3, 0x10a3, 0x10a3, 0x10a3,
    0x10a3, 0x10a3, 0x10a3, 0x10a3, 0x10a3, 0x10a3, 0x10a3, 0x10a3, 0x10a3, 0x10a3, 0x10a3, 0x10a3,
    0x10a3, 0x10a3, 0x10a3, 0x10a3, 0x10a3, 0x10a3, 0x10a3, 0x10a3, 0x10a3, 0x10a3, 0x10a3, 0x10a3,
    0x10a3, 0x10a3, 0x10a3, 0x10a3, 0x10a3, 0x10a3, 0x10a3, 0x10a3, 0x10a3, 0x10a3, 0x10a3, 0x10a3,
    0x10a3, 0x10a3, 0x10a3, 0x10a3, 0x10a3, 0x10a3, 0x10a3, 0x10a3, 0x10a3, 0x10a3, 0x10a3, 0x10a3,
    0x10a3, 0x10a3, 0x10a3, 0x10a3, 0x10a3, 0x10a3, 0x10a3, 0x10a3, 0x10a3, 0x10a3, 0x10a3, 0x10a3,
    0x10a3, 0x10a3, 0x10a2, 0x1082, 0x1082, 0x1082, 0x1082, 0x1082, 0x1082, 0x1082, 0x0882, 0x0882,
    0x0862, 0x0862, 0x0862, 0x0862, 0x0862, 0x0862, 0x0862, 0x0862, 0x0862, 0x0862, 0x0862, 0x0862,
    0x0862, 0x10a3, 0x2125, 0x2125, 0x2125, 0x2125, 0x2125, 0x2125, 0x2125, 0x2125, 0x2125, 0x2125,
    0x2125, 0x2125, 0x2125, 0x2125, 0x2125, 0x2125, 0x2125, 0x2125, 0x2125, 0x2125, 0x2125, 0x2125,
    0x2125, 0x2125, 0x1905, 0x18e4, 0x18e4, 0x18e4, 0x18e4, 0x18e4, 0x18e4, 0x18e4, 0x18e4, 0x18e4,
    0x0862, 0x0841, 0x0841, 0x0841, 0x0841, 0x0841, 0x0841, 0x0841, 0x0841, 0x0841, 0x0841, 0x0841,
    0x0841, 0x0841, 0x0841, 0x0841, 0x0841, 0x0841, 0x0841, 0x0841, 0x0841, 0x0841, 0x0841, 0x0841,
    0x0841, 0x0841, 0x0841, 0x0841, 0x0841, 0x0841, 0x0841, 0x0862, 0x18e4, 0x18e4, 0x18e4, 0x18e4,
    0x18e4, 0x18e4, 0x18e4, 0x18e4, 0x18e4, 0x1905, 0x2125, 0x2125, 0x2125, 0x2125, 0x2125, 0x2125,
    0x2125, 0x2125, 0x2125, 0x2125, 0x2125, 0x2125, 0x2125, 0x2126, 0x2126, 0x2126, 0x2126, 0x2146,
    0x2146, 0x2146, 0x2146, 0x2146, 0x2146, 0x18e4, 0x10a3, 0x10a3, 0x10a3, 0x10a3, 0x10a3, 0x10a3,
    0x10a3, 0x10a3, 0x10a3, 0x10a3, 0x10a3, 0x10a3, 0x10a3, 0x10a3, 0x10a3, 0x10a3, 0x10a3, 0x10a3,
    0x10a3, 0x10a3, 0x10a3, 0x10a3, 0x10a3, 0x10a3, 0x10a3, 0x10a3, 0x10a3, 0x10a3, 0x10a3, 0x10a3,
    0x10a3, 0x10a3, 0x10a3, 0x10a3, 0x10a3, 0x10a3, 0x10a3, 0x10a3, 0x10a3, 0x10a3, 0x10a3, 0x10a3,
    0x10a3, 0x10a3, 0x10a3, 0x10a3, 0x10a3, 0x10a3, 0x10a3, 0x10a3, 0x10a3, 0x10a3, 0x10a3, 0x10a3,
    0x10a3, 0x10a3, 0x10a3, 0x10a3, 0x10a3, 0x10a3, 0x10a3, 0x10a3, 0x10a3, 0x10a3, 0x10a3, 0x10a3,
    0x10a3, 0x10a3, 0x10a3, 0x10a3, 0x10a3, 0x10a3, 0x10a3, 0x10a3, 0x10a3, 0x10a3, 0x10a3, 0x10a2,
    0x1082, 0x1082, 0x1082, 0x1082, 0x1082, 0x1082, 0x0882, 0x0882, 0x0862, 0x0862, 0x0862, 0x0862,
    0x0862, 0x0862, 0x0862, 0x0862, 0x0862, 0x0862, 0x0862, 0x0862, 0x0862, 0x0862, 0x18c4, 0x2125,
    0x2125, 0x2125, 0x2125, 0x2125, 0x2125, 0x2125, 0x2125, 0x2125, 0x2125, 0x2125, 0x2125, 0x2125,
    0x2125, 0x2125, 0x2125, 0x2125, 0x2125, 0x2125, 0x2125, 0x2125, 0x2125, 0x2125, 0x1905, 0x18e4,
    0x18e4, 0x18e4, 0x18e4, 0x18e4, 0x18e4, 0x18e4, 0x18e4, 0x18e4, 0x0862, 0x0841, 0x0841, 0x0841,
    0x0841, 0x0841, 0x0841, 0x0841, 0x0841, 0x0841, 0x0841, 0x0841, 0x0841, 0x0841, 0x0841, 0x0841,
    0x0841, 0x0841, 0x0841, 0x0841, 0x0841, 0x0841, 0x0841, 0x0841, 0x0841, 0x0841, 0x0841, 0x0841,
    0x0841, 0x0841, 0x0841, 0x0862, 0x18e4, 0x18e4, 0x18e4, 0x18e4, 0x18e4, 0x18e4, 0x18e4, 0x18e4,
    0x18e4, 0x1905, 0x2125, 0x2125, 0x2125, 0x2125, 0x2125, 0x2125, 0x2125, 0x2125, 0x2125, 0x2125,
    0x2125, 0x2125, 0x2125, 0x2126, 0x2126, 0x2126, 0x2126, 0x2146, 0x2146, 0x2146, 0x2146, 0x2146,
    0x2125, 0x10a3, 0x10a3, 0x10a3, 0x10a3, 0x10a3, 0x10a3, 0x10a3, 0x10a3, 0x10a3, 0x10a3, 0x10a3,
    0x10a3, 0x10a3, 0x10a3, 0x10a3, 0x10a3, 0x10a3, 0x10a3, 0x10a3, 0x10a3, 0x10a3, 0x10a3, 0x10a3,
    0x10a3, 0x10a3, 0x10a3, 0x10a3, 0x10a3, 0x10a3, 0x10a3, 0x10a3, 0x10a3, 0x10a3, 0x10a3, 0x10a3,
    0x10a3, 0x10a3, 0x10a3, 0x10a3, 0x10a3, 0x10a3, 0x10a3, 0x10a3, 0x10a3, 0x10a3, 0x10a3, 0x10a3,
    0x10a3, 0x10a3, 0x10a3, 0x10a3, 0x10a3, 0x10a3, 0x10a3, 0x10a3, 0x10a3, 0x10a3, 0x10a3, 0x10a3,
    0x10a3, 0x10a3, 0x10a3, 0x10a3, 0x10a3, 0x10a3, 0x10a3, 0x10a3, 0x10a3, 0x10a3, 0x10a3, 0x10a3,
    0x10a3, 0x10a3, 0x10a3, 0x10a3, 0x10a3, 0x10a3, 0x10a3, 0x10a2, 0x10a2, 0x1082, 0x1082, 0x1082,
    0x1082, 0x1082, 0x1082, 0x0882, 0x0882, 0x0862, 0x0862, 0x0862, 0x0862, 0x0862, 0x0862, 0x0862,
    0x0862, 0x0862, 0x0862, 0x0862, 0x0862, 0x0862, 0x0862, 0x1904, 0x2125, 0x2125, 0x2125, 0x2125,
    0x2125, 0x2125, 0x2125, 0x2125, 0x2125, 0x2125, 0x2125, 0x2125, 0x2125, 0x2125, 0x2125, 0x2125,
    0x2125, 0x2125, 0x2125, 0x2125, 0x2125, 0x2125, 0x1905, 0x18e4, 0x18e4, 0x18e4, 0x18e4, 0x18e4,
    0x18e4, 0x18e4, 0x18e4, 0x18e4, 0x0862, 0x0841, 0x0841, 0x0841, 0x0841, 0x0841, 0x0841, 0x0841,
    0x0841, 0x0841, 0x0841, 0x0841, 0x0841, 0x0841, 0x0841, 0x0841, 0x0841, 0x0841, 0x0841, 0x0841,
    0x0841, 0x0841, 0x0841, 0x0841, 0x0841, 0x0841, 0x0841, 0x0841, 0x0841, 0x0841, 0x0841, 0x0862,
    0x18e4, 0x18e4, 0x18e4, 0x18e4, 0x18e4, 0x18e4, 0x18e4, 0x18e4, 0x18e4, 0x1905, 0x2125, 0x2125,
    0x2125, 0x2125, 0x2125, 0x2125, 0x2125, 0x2125, 0x2125, 0x2125, 0x2125, 0x2125, 0x2126, 0x2126,
    0x2126, 0x2126, 0x2146, 0x2146, 0x2146, 0x2146, 0x2146, 0x2125, 0x10a3, 0x10a3, 0x10a3, 0x10a3,
    0x10a3, 0x10a3, 0x10a3, 0x10a3, 0x10a3, 0x10a3, 0x10a3, 0x10a3, 0x10a3, 0x10a3, 0x10a3, 0x10a3,
    0x10a3, 0x10a3, 0x10a3, 0x10a3, 0x10a3, 0x10a3, 0x10a3, 0x10a3, 0x10a3, 0x10a3, 0x10a3, 0x10a3,
    0x10a3, 0x10a3, 0x10a3, 0x10a3, 0x10a3, 0x10a3, 0x10a3, 0x10a3, 0x10a3, 0x10a3, 0x10a3, 0x10a3,
    0x10a3, 0x10a3, 0x10a3, 0x10a3, 0x10a3, 0x10a3, 0x10a3, 0x10a3, 0x10a3, 0x10a3, 0x10a3, 0x10a3,
    0x10a3, 0x10a3, 0x10a3, 0x10a3, 0x10a3, 0x10a3, 0x10a3, 0x10a3, 0x10a3, 0x10a3, 0x10a3, 0x10a3,
    0x10a3, 0x10a3, 0x10a3, 0x10a3, 0x10a3, 0x10a3, 0x10a3, 0x10a3, 0x10a3, 0x10a3, 0x10a3, 0x10a3,
    0x10a3, 0x10a3, 0x10a3, 0x10a3, 0x10a2, 0x1082, 0x1082, 0x1082, 0x1082, 0x1082, 0x1082, 0x0882,
    0x0882, 0x0862, 0x0862, 0x0862, 0x0862, 0x0862, 0x0862, 0x0862, 0x0862, 0x0862, 0x0862, 0x0862,
    0x0862, 0x0862, 0x0862, 0x1082, 0x2125, 0x2125, 0x2125, 0x2125, 0x2125, 0x2125, 0x2125, 0x2125,
    0x2125, 0x2125, 0x2125, 0x2125, 0x2125, 0x2125, 0x2125, 0x2125, 0x2125, 0x2125, 0x2125, 0x2125,
    0x2125, 0x2125, 0x1905, 0x18e4, 0x18e4, 0x18e4, 0x18e4, 0x18e4, 0x18e4, 0x18e4, 0x18e4, 0x18e4,
    0x0862, 0x0841, 0x0841, 0x0841, 0x0841, 0x0841, 0x0841, 0x0841, 0x0841, 0x0841, 0x0841, 0x0841,
    0x0841, 0x0841, 0x0841, 0x0841, 0x0841, 0x0841, 0x0841, 0x0841, 0x0841, 0x0841, 0x0841, 0x0841,
    0x0841, 0x0841, 0x0841, 0x0841, 0x0841, 0x0841, 0x0841, 0x0862, 0x18e4, 0x18e4, 0x18e4, 0x18e4,
    0x18e4, 0x18e4, 0x18e4, 0x18e4, 0x18e4, 0x1905, 0x2125, 0x2125, 0x2125, 0x2125, 0x2125, 0x2125,
    0x2125, 0x2125, 0x2125, 0x2125, 0x2125, 0x2125, 0x2126, 0x2126, 0x2126, 0x2126, 0x2146, 0x2146,
    0x2146, 0x2146, 0x2146, 0x18c3, 0x10a3, 0x10a3, 0x10a3, 0x10a3, 0x10a3, 0x10a3, 0x10a3, 0x10a3,
    0x10a3, 0x10a3, 0x10a3, 0x10a3, 0x10a3, 0x10a3, 0x10a3, 0x10a3, 0x10a3, 0x10a3, 0x10a3, 0x10a3,
    0x10a3, 0x10a3, 0x10a3, 0x10a3, 0x10a3, 0x10a3, 0x10a3, 0x10a3, 0x10a3, 0x10a3, 0x10a3, 0x10a3,
    0x10a3, 0x10a3, 0x10a3, 0x10a3, 0x10a3, 0x10a3, 0x10a3, 0x10a3, 0x10a3, 0x10a3, 0x10a3, 0x10a3,
    0x10a3, 0x10a3, 0x10a3, 0x10a3, 0x10a3, 0x10a3, 0x10a3, 0x10a3, 0x10a3, 0x10a3, 0x10a3, 0x10a3,
    0x10a3, 0x10a3, 0x10a3, 0x10a3, 0x10a3, 0x10a3, 0x10a3, 0x10a3, 0x10a3, 0x10a3, 0x10a3, 0x10a3,
    0x10a3, 0x10a3, 0x10a3, 0x10a3, 0x10a3, 0x10a3, 0x10a3, 0x10a3, 0x10a3, 0x10a3, 0x10a3, 0x10a3,
    0x10a2, 0x10a2, 0x1082, 0x1082, 0x1082, 0x1082, 0x1082, 0x1082, 0x0882, 0x0882, 0x0862, 0x0862,
    0x0862, 0x0862, 0x0862, 0x0862, 0x0862, 0x0862, 0x0862, 0x0862, 0x0862, 0x0862, 0x0862, 0x0862,
    0x10a3, 0x2125, 0x2125, 0x2125, 0x2125, 0x2125, 0x2125, 0x2125, 0x2125, 0x2125, 0x2125, 0x2125,
    0x2125, 0x2125, 0x2125, 0x2125, 0x2125, 0x2125, 0x2125, 0x2125, 0x2125, 0x2125, 0x1905, 0x18e4,
    0x18e4, 0x18e4, 0x18e4, 0x18e4, 0x18e4, 0x18e4, 0x18e4, 0x18e4, 0x0862, 0x0841, 0x0841, 0x0841,
    0x0841, 0x0841, 0x0841, 0x0841, 0x0841, 0x0841, 0x0841, 0x0841, 0x0841, 0x0841, 0x0841, 0x0841,
    0x0841, 0x0841, 0x0841, 0x0841, 0x0841, 0x0841, 0x0841, 0x0841, 0x0841, 0x0841, 0x0841, 0x0841,
    0x0841, 0x0841, 0x0841, 0x0862, 0x18e4, 0x18e4, 0x18e4, 0x18e4, 0x18e4, 0x18e4, 0x18e4, 0x18e4,
    0x18e4, 0x1905, 0x2125, 0x2125, 0x2125, 0x2125, 0x2125, 0x2125, 0x2125, 0x2125, 0x2125, 0x2125,
    0x2125, 0x2126, 0x2126, 0x2126, 0x2126, 0x2146, 0x2146, 0x2146, 0x2146, 0x2146, 0x18e4, 0x10a3,
    0x10a3, 0x10a3, 0x10a3, 0x10a3, 0x10a3, 0x10a3, 0x10a3, 0x10a3, 0x10a3, 0x10a3, 0x10a3, 0x10a3,
    0x10a3, 0x10a3, 0x10a3, 0x10a3, 0x10a3, 0x10a3, 0x10a3, 0x10a3, 0x10a3, 0x10a3, 0x10a3, 0x10a3,
    0x10a3, 0x10a3, 0x10a3, 0x10a3, 0x10a3, 0x10a3, 0x10a3, 0x10a3, 0x10a3, 0x10a3, 0x10a3, 0x10a3,
    0x10a3, 0x10a3, 0x10a3, 0x10a3, 0x10a3, 0x10a3, 0x10a3, 0x10a3, 0x10a3, 0x10a3, 0x10a3, 0x10a3,
    0x10a3, 0x10a3, 0x10a3, 0x10a3, 0x10a3, 0x10a3, 0x10a3, 0x10a3, 0x10a3, 0x10a3, 0x10a3, 0x10a3,
    0x10a3, 0x10a3, 0x10a3, 0x10a3, 0x10a3, 0x10a3, 0x10a3, 0x10a3, 0x10a3, 0x10a3, 0x10a3, 0x10a3,
    0x10a3, 0x10a3, 0x10a3, 0x10a3, 0x10a3, 0x10a3, 0x10a3, 0x10a3, 0x10a3, 0x10a2, 0x1082, 0x1082,
    0x1082, 0x1082, 0x1082, 0x1082, 0x0882, 0x0882, 0x0862, 0x0862, 0x0862, 0x0862, 0x0862, 0x0862,
    0x0862, 0x0862, 0x0862, 0x0862, 0x0862, 0x0862, 0x0862, 0x0862, 0x0862, 0x18c4, 0x2125, 0x2125,
    0x2125, 0x2125, 0x2125, 0x2125, 0x2125, 0x2125, 0x2125, 0x2125, 0x2125, 0x2125, 0x2125, 0x2125,
    0x2125, 0x2125, 0x2125, 0x2125, 0x2125, 0x2125, 0x1905, 0x18e4, 0x18e4, 0x18e4, 0x18e4, 0x18e4,
    0x18e4, 0x18e4, 0x18e4, 0x18e4, 0x0862, 0x0841, 0x0841, 0x0841, 0x0841, 0x0841, 0x0841, 0x0841,
    0x0841, 0x0841, 0x0841, 0x0841, 0x0841, 0x0841, 0x0841, 0x0841, 0x0841, 0x0841, 0x0841, 0x0841,
    0x0841, 0x0841, 0x0841, 0x0841, 0x0841, 0x0841, 0x0841, 0x0841, 0x0841, 0x0841, 0x0841, 0x0862,
    0x18e4, 0x18e4, 0x18e4, 0x18e4, 0x18e4, 0x18e4, 0x18e4, 0x18e4, 0x18e4, 0x1905, 0x2125, 0x2125,
    0x2125, 0x2125, 0x2125, 0x2125, 0x2125, 0x2125, 0x2125, 0x2125, 0x2125, 0x2126, 0x2126, 0x2126,
    0x2126, 0x2146, 0x2146, 0x2146, 0x2146, 0x2125, 0x10a3, 0x10a3, 0x10a3, 0x10a3, 0x10a3, 0x10a3,
    0x10a3, 0x10a3, 0x10a3, 0x10a3, 0x10a3, 0x10a3, 0x10a3, 0x10a3, 0x10a3, 0x10a3, 0x10a3, 0x10a3,
    0x10a3, 0x10a3, 0x10a3, 0x10a3, 0x10a3, 0x10a3, 0x10a3, 0x10a3, 0x10a3, 0x10a3, 0x10a3, 0x10a3,
    0x10a3, 0x10a3, 0x10a3, 0x10a3, 0x10a3, 0x10a3, 0x10a3, 0x10a3, 0x10a3, 0x10a3, 0x10a3, 0x10a3,
    0x10a3, 0x10a3, 0x10a3, 0x10a3, 0x10a3, 0x10a3, 0x10a3, 0x10a3, 0x10a3, 0x10a3, 0x10a3, 0x10a3,
    0x10a3, 0x10a3, 0x10a3, 0x10a3, 0x10a3, 0x10a3, 0x10a3, 0x10a3, 0x10a3, 0x10a3, 0x10a3, 0x10a3,
    0x10a3, 0x10a3, 0x10a3, 0x10a3, 0x10a3, 0x10a3, 0x10a3, 0x10a3, 0x10a3, 0x10a3, 0x10a3, 0x10a3,
    0x10a3, 0x10a3, 0x10a3, 0x10a3, 0x10a3, 0x10a3, 0x10a2, 0x1082, 0x1082, 0x1082, 0x1082, 0x1082,
    0x1082, 0x0882, 0x0882, 0x0862, 0x0862, 0x0862, 0x0862, 0x0862, 0x0862, 0x0862, 0x0862, 0x0862,
    0x0862, 0x0862, 0x0862, 0x0862, 0x0862, 0x0882, 0x1905, 0x2125, 0x2125, 0x2125, 0x2125, 0x2125,
    0x2125, 0x2125, 0x2125, 0x2125, 0x2125, 0x2125, 0x2125, 0x2125, 0x2125, 0x2125, 0x2125, 0x2125,
    0x2125, 0x2125, 0x1905, 0x18e4, 0x18e4, 0x18e4, 0x18e4, 0x18e4, 0x18e4, 0x18e4, 0x18e4, 0x18e4,
    0x0862, 0x0841, 0x0841, 0x0841, 0x0841, 0x0841, 0x0841, 0x0841, 0x0841, 0x0841, 0x0841, 0x0841,
    0x0841, 0x0841, 0x0841, 0x0841, 0x0841, 0x0841, 0x0841, 0x0841, 0x0841, 0x0841, 0x0841, 0x0841,
    0x0841, 0x0841, 0x0841, 0x0841, 0x0841, 0x0841, 0x0841, 0x0862, 0x18e4, 0x18e4, 0x18e4, 0x18e4,
    0x18e4, 0x18e4, 0x18e4, 0x18e4, 0x18e4, 0x1905, 0x2125, 0x2125, 0x2125, 0x2125, 0x2125, 0x2125,
    0x2125, 0x2125, 0x2125, 0x2125, 0x2126, 0x2126, 0x2126, 0x2126, 0x2146, 0x2146, 0x2146, 0x2146,
    0x2146, 0x10c3, 0x10a3, 0x10a3, 0x10a3, 0x10a3, 0x10a3, 0x10a3, 0x10a3, 0x10a3, 0x10a3, 0x10a3,
    0x10a3, 0x10a3, 0x10a3, 0x10a3, 0x10a3, 0x10a3, 0x10a3, 0x10a3, 0x10a3, 0x10a3, 0x10a3, 0x10a3,
    0x10a3, 0x10a3, 0x10a3, 0x10a3, 0x10a3, 0x10a3, 0x10a3, 0x10a3, 0x10a3, 0x10a3, 0x10a3, 0x10a3,
    0x10a3, 0x10a3, 0x10a3, 0x10a3, 0x10a3, 0x10a3, 0x10a3, 0x10a3, 0x10a3, 0x10a3, 0x10a3, 0x10a3,
    0x10a3, 0x10a3, 0x10a3, 0x10a3, 0x10a3, 0x10a3, 0x10a3, 0x10a3, 0x10a3, 0x10a3, 0x10a3, 0x10a3,
    0x10a3, 0x10a3, 0x10a3, 0x10a3, 0x10a3, 0x10a3, 0x10a3, 0x10a3, 0x10a3, 0x10a3, 0x10a3, 0x10a3,
    0x10a3, 0x10a3, 0x10a3, 0x10a3, 0x10a3, 0x10a3, 0x10a3, 0x10a3, 0x10a3, 0x10a3, 0x10a3, 0x10a3,
    0x10a3, 0x10a3, 0x10a2, 0x1082, 0x1082, 0x1082, 0x1082, 0x1082, 0x1082, 0x0882, 0x0882, 0x0862,
    0x0862, 0x0862, 0x0862, 0x0862, 0x0862, 0x0862, 0x0862, 0x0862, 0x0862, 0x0862, 0x0862, 0x0862,
    0x0862, 0x0862, 0x1083, 0x2125, 0x2125, 0x2125, 0x2125, 0x2125, 0x2125, 0x2125, 0x2125, 0x2125,
    0x2125, 0x2125, 0x2125, 0x2125, 0x2125, 0x2125, 0x2125, 0x2125, 0x2125, 0x2125, 0x1905, 0x18e4,
    0x18e4, 0x18e4, 0x18e4, 0x18e4, 0x18e4, 0x18e4, 0x18e4, 0x18e4, 0x0862, 0x0841, 0x0841, 0x0841,
    0x0841, 0x0841, 0x0841, 0x0841, 0x0841, 0x0841, 0x0841, 0x0841, 0x0841, 0x0841, 0x0841, 0x0841,
    0x0841, 0x0841, 0x0841, 0x0841, 0x0841, 0x0841, 0x0841, 0x0841, 0x0841, 0x0841, 0x0841, 0x0841,
    0x0841, 0x0841, 0x0841, 0x0862, 0x18e4, 0x18e4, 0x18e4, 0x18e4, 0x18e4, 0x18e4, 0x18e4, 0x18e4,
    0x18e4, 0x1905, 0x2125, 0x2125, 0x2125, 0x2125, 0x2125, 0x2125, 0x2125, 0x2125, 0x2125, 0x2125,
    0x2126, 0x2126, 0x2126, 0x2126, 0x2146, 0x2146, 0x2146, 0x2146, 0x18e4, 0x10a3, 0x10a3, 0x10a3,
    0x10a3, 0x10a3, 0x10a3, 0x10a3, 0x10a3, 0x10a3, 0x10a3, 0x10a3, 0x10a3, 0x10a3, 0x10a3, 0x10a3,
    0x10a3, 0x10a3, 0x10a3, 0x10a3, 0x10a3, 0x10a3, 0x10a3, 0x10a3, 0x10a3, 0x10a3, 0x10a3, 0x10a3,
    0x10a3, 0x10a3, 0x10a3, 0x10a3, 0x10a3, 0x10a3, 0x10a3, 0x10a3, 0x10a3, 0x10a3, 0x10a3, 0x10a3,
    0x10a3, 0x10a3, 0x10a3, 0x10a3, 0x10a3, 0x10a3, 0x10a3, 0x10a3, 0x10a3, 0x10a3, 0x10a3, 0x10a3,
    0x10a3, 0x10a3, 0x10a3, 0x10a3, 0x10a3, 0x10a3, 0x10a3, 0x10a3, 0x10a3, 0x10a3, 0x10a3, 0x10a3,
    0x10a3, 0x10a3, 0x10a3, 0x10a3, 0x10a3, 0x10a3, 0x10a3, 0x10a3, 0x10a3, 0x10a3, 0x10a3, 0x10a3,
    0x10a3, 0x10a3, 0x10a3, 0x10a3, 0x10a3, 0x10a3, 0x10a3, 0x10a3, 0x10a3, 0x10a3, 0x10a2, 0x10a2,
    0x1082, 0x1082, 0x1082, 0x1082, 0x1082, 0x1082, 0x0882, 0x0882, 0x0862, 0x0862, 0x0862, 0x0862,
    0x0862, 0x0862, 0x0862, 0x0862, 0x0862, 0x0862, 0x0862, 0x0862, 0x0862, 0x0862, 0x0862, 0x18c4,
    0x2125, 0x2125, 0x2125, 0x2125, 0x2125, 0x2125, 0x2125, 0x2125, 0x2125, 0x2125, 0x2125, 0x2125,
    0x2125, 0x2125, 0x2125, 0x2125, 0x2125, 0x2125, 0x1905, 0x18e4, 0x18e4, 0x18e4, 0x18e4, 0x18e4,
    0x18e4, 0x18e4, 0x18e4, 0x18e4, 0x0862, 0x0841, 0x0841, 0x0841, 0x0841, 0x0841, 0x0841, 0x0841,
    0x0841, 0x0841, 0x0841, 0x0841, 0x0841, 0x0841, 0x0841, 0x0841, 0x0841, 0x0841, 0x0841, 0x0841,
    0x0841, 0x0841, 0x0841, 0x0841, 0x0841, 0x0841, 0x0841, 0x0841, 0x0841, 0x0841, 0x0841, 0x0862,
    0x18e4, 0x18e4, 0x18e4, 0x18e4, 0x18e4, 0x18e4, 0x18e4, 0x18e4, 0x18e4, 0x1905, 0x2125, 0x2125,
    0x2125, 0x2125, 0x2125, 0x2125, 0x2125, 0x2125, 0x2125, 0x2125, 0x2126, 0x2126, 0x2126, 0x2126,
    0x2146, 0x2146, 0x2146, 0x2125, 0x10a3, 0x10a3, 0x10a3, 0x10a3, 0x10a3, 0x10a3, 0x10a3, 0x10a3,
    0x10a3, 0x10a3, 0x10a3, 0x10a3, 0x10a3, 0x10a3, 0x10a3, 0x10a3, 0x10a3, 0x10a3, 0x10a3, 0x10a3,
    0x10a3, 0x10a3, 0x10a3, 0x10a3, 0x10a3, 0x10a3, 0x10a3, 0x10a3, 0x10a3, 0x10a3, 0x10a3, 0x10a3,
    0x10a3, 0x10a3, 0x10a3, 0x10a3, 0x10a3, 0x10a3, 0x10a3, 0x10a3, 0x10a3, 0x10a3, 0x10a3, 0x10a3,
    0x10a3, 0x10a3, 0x10a3, 0x10a3, 0x10a3, 0x10a3, 0x10a3, 0x10a3, 0x10a3, 0x10a3, 0x10a3, 0x10a3,
    0x10a3, 0x10a3, 0x10a3, 0x10a3, 0x10a3, 0x10a3, 0x10a3, 0x10a3, 0x10a3, 0x10a3, 0x10a3, 0x10a3,
    0x10a3, 0x10a3, 0x10a3, 0x10a3, 0x10a3, 0x10a3, 0x10a3, 0x10a3, 0x10a3, 0x10a3, 0x10a3, 0x10a3,
    0x10a3, 0x10a3, 0x10a3, 0x10a3, 0x10a3, 0x10a3, 0x10a3, 0x10a2, 0x1082, 0x1082, 0x1082, 0x1082,
    0x1082, 0x1082, 0x0882, 0x0882, 0x0862, 0x0862, 0x0862, 0x0862, 0x0862, 0x0862, 0x0862, 0x0862,
    0x0862, 0x0862, 0x0862, 0x0862, 0x0862, 0x0862, 0x0862, 0x0882, 0x1905, 0x2125, 0x2125, 0x2125,
    0x2125, 0x2125, 0x2125, 0x2125, 0x2125, 0x2125, 0x2125, 0x2125, 0x2125, 0x2125, 0x2125, 0x2125,
    0x2125, 0x2125, 0x1905, 0x18e4, 0x18e4, 0x18e4, 0x18e4, 0x18e4, 0x18e4, 0x18e4, 0x18e4, 0x18e4,
    0x0862, 0x0841, 0x0841, 0x0841, 0x0841, 0x0841, 0x0841, 0x0841, 0x0841, 0x0841, 0x0841, 0x0841,
    0x0841, 0x0841, 0x0841, 0x0841, 0x0841, 0x0841, 0x0841, 0x0841, 0x0841, 0x0841, 0x0841, 0x0841,
    0x0841, 0x0841, 0x0841, 0x0841, 0x0841, 0x0841, 0x0841, 0x0862, 0x18e4, 0x18e4, 0x18e4, 0x18e4,
    0x18e4, 0x18e4, 0x18e4, 0x18e4, 0x18e4, 0x1905, 0x2125, 0x2125, 0x2125, 0x2125, 0x2125, 0x2125,
    0x2125, 0x2125, 0x2125, 0x2126, 0x2126, 0x2126, 0x2126, 0x2146, 0x2146, 0x2146, 0x2146, 0x18c4,
    0x10a3, 0x10a3, 0x10a3, 0x10a3, 0x10a3, 0x10a3, 0x10a3, 0x10a3, 0x10a3, 0x10a3, 0x10a3, 0x10a3,
    0x10a3, 0x10a3, 0x10a3, 0x10a3, 0x10a3, 0x10a3, 0x10a3, 0x10a3, 0x10a3, 0x10a3, 0x10a3, 0x10a3,
    0x10a3, 0x10a3, 0x10a3, 0x10a3, 0x10a3, 0x10a3, 0x10a3, 0x10a3, 0x10a3, 0x10a3, 0x10a3, 0x10a3,
    0x10a3, 0x10a3, 0x10a3, 0x10a3, 0x10a3, 0x10a3, 0x10a3, 0x10a3, 0x10a3, 0x10a3, 0x10a3, 0x10a3,
    0x10a3, 0x10a3, 0x10a3, 0x10a3, 0x10a3, 0x10a3, 0x10a3, 0x10a3, 0x10a3, 0x10a3, 0x10a3, 0x10a3,
    0x10a3, 0x10a3, 0x10a3, 0x10a3, 0x10a3, 0x10a3, 0x10a3, 0x10a3, 0x10a3, 0x10a3, 0x10a3, 0x10a3,
    0x10a3, 0x10a3, 0x10a3, 0x10a3, 0x10a3, 0x10a3, 0x10a3, 0x10a3, 0x10a3, 0x10a3, 0x10a3, 0x10a3,
    0x10a3, 0x10a3, 0x10a3, 0x10a2, 0x10a2, 0x1082, 0x1082, 0x1082, 0x1082, 0x1082, 0x0882, 0x0882,
    0x0862, 0x0862, 0x0862, 0x0862, 0x0862, 0x0862, 0x0862, 0x0862, 0x0862, 0x0862, 0x0862, 0x0862,
    0x0862, 0x0862, 0x0862, 0x0862, 0x10a3, 0x2125, 0x2125, 0x2125, 0x2125, 0x2125, 0x2125, 0x2125,
    0x2125, 0x2125, 0x2125, 0x2125, 0x2125, 0x2125, 0x2125, 0x2125, 0x2125, 0x2125, 0x1905, 0x18e4,
    0x18e4, 0x18e4, 0x18e4, 0x18e4, 0x18e4, 0x18e4, 0x18e4, 0x18e4, 0x0862, 0x0841, 0x0841, 0x0841,
    0x0841, 0x0841, 0x0841, 0x0841, 0x0841, 0x0841, 0x0841, 0x0841, 0x0841, 0x0841, 0x0841, 0x0841,
    0x0841, 0x0841, 0x0841, 0x0841, 0x0841, 0x0841, 0x0841, 0x0841, 0x0841, 0x0841, 0x0841, 0x0841,
    0x0841, 0x0841, 0x0841, 0x0862, 0x18e4, 0x18e4, 0x18e4, 0x18e4, 0x18e4, 0x18e4, 0x18e4, 0x18e4,
    0x18e4, 0x1905, 0x2125, 0x2125, 0x2125, 0x2125, 0x2125, 0x2125, 0x2125, 0x2125, 0x2125, 0x2126,
    0x2126, 0x2126, 0x2126, 0x2146, 0x2146, 0x2146, 0x1904, 0x10a3, 0x10a3, 0x10a3, 0x10a3, 0x10a3,
    0x10a3, 0x10a3, 0x10a3, 0x10a3, 0x10a3, 0x10a3, 0x10a3, 0x10a3, 0x10a3, 0x10a3, 0x10a3, 0x10a3,
    0x10a3, 0x10a3, 0x10a3, 0x10a3, 0x10a3, 0x10a3, 0x10a3, 0x10a3, 0x10a3, 0x10a3, 0x10a3, 0x10a3,
    0x10a3, 0x10a3, 0x10a3, 0x10a3, 0x10a3, 0x10a3, 0x10a3, 0x10a3, 0x10a3, 0x10a3, 0x10a3, 0x10a3,
    0x10a3, 0x10a3, 0x10a3, 0x10a3, 0x10a3, 0x10a3, 0x10a3, 0x10a3, 0x10a3, 0x10a3, 0x10a3, 0x10a3,
    0x10a3, 0x10a3, 0x10a3, 0x10a3, 0x10a3, 0x10a3, 0x10a3, 0x10a3, 0x10a3, 0x10a3, 0x10a3, 0x10a3,
    0x10a3, 0x10a3, 0x10a3, 0x10a3, 0x10a3, 0x10a3, 0x10a3, 0x10a3, 0x10a3, 0x10a3, 0x10a3, 0x10a3,
    0x10a3, 0x10a3, 0x10a3, 0x10a3, 0x10a3, 0x10a3, 0x10a3, 0x10a3, 0x10a3, 0x10a3, 0x10a3, 0x10a3,
    0x10a2, 0x1082, 0x1082, 0x1082, 0x1082, 0x1082, 0x1082, 0x0882, 0x0882, 0x0862, 0x0862, 0x0862,
    0x0862, 0x0862, 0x0862, 0x0862, 0x0862, 0x0862, 0x0862, 0x0862, 0x0862, 0x0862, 0x0862, 0x0862,
    0x0862, 0x18e4, 0x2125, 0x2125, 0x2125, 0x2125, 0x2125, 0x2125, 0x2125, 0x2125, 0x2125, 0x2125,
    0x2125, 0x2125, 0x2125, 0x2125, 0x2125, 0x2125, 0x1905, 0x18e4, 0x18e4, 0x18e4, 0x18e4, 0x18e4,
    0x18e4, 0x18e4, 0x18e4, 0x18e4, 0x0862, 0x0841, 0x0841, 0x0841, 0x0841, 0x0841, 0x0841, 0x0841,
    0x0841, 0x0841, 0x0841, 0x0841, 0x0841, 0x0841, 0x0841, 0x0841, 0x0841, 0x0841, 0x0841, 0x0841,
    0x0841, 0x0841, 0x0841, 0x0841, 0x0841, 0x0841, 0x0841, 0x0841, 0x0841, 0x0841, 0x0841, 0x0862,
    0x18e4, 0x18e4, 0x18e4, 0x18e4, 0x18e4, 0x18e4, 0x18e4, 0x18e4, 0x18e4, 0x1905, 0x2125, 0x2125,
    0x2125, 0x2125, 0x2125, 0x2125, 0x2125, 0x2125, 0x2125, 0x2126, 0x2126, 0x2126, 0x2146, 0x2146,
    0x2146, 0x2125, 0x10c3, 0x10a3, 0x10a3, 0x10a3, 0x10a3, 0x10a3, 0x10a3, 0x10a3, 0x10a3, 0x10a3,
    0x10a3, 0x10a3, 0x10a3, 0x10a3, 0x10a3, 0x10a3, 0x10a3, 0x10a3, 0x10a3, 0x10a3, 0x10a3, 0x10a3,
    0x10a3, 0x10a3, 0x10a3, 0x10a3, 0x10a3, 0x10a3, 0x10a3, 0x10a3, 0x10a3, 0x10a3, 0x10a3, 0x10a3,
    0x10a3, 0x10a3, 0x10a3, 0x10a3, 0x10a3, 0x10a3, 0x10a3, 0x10a3, 0x10a3, 0x10a3, 0x10a3, 0x10a3,
    0x10a3, 0x10a3, 0x10a3, 0x10a3, 0x10a3, 0x10a3, 0x10a3, 0x10a3, 0x10a3, 0x10a3, 0x10a3, 0x10a3,
    0x10a3, 0x10a3, 0x10a3, 0x10a3, 0x10a3, 0x10a3, 0x10a3, 0x10a3, 0x10a3, 0x10a3, 0x10a3, 0x10a3,
    0x10a3, 0x10a3, 0x10a3, 0x10a3, 0x10a3, 0x10a3, 0x10a3, 0x10a3, 0x10a3, 0x10a3, 0x10a3, 0x10a3,
    0x10a3, 0x10a3, 0x10a3, 0x10a3, 0x10a3, 0x10a3, 0x10a3, 0x10a3, 0x10a2, 0x1082, 0x1082, 0x1082,
    0x1082, 0x1082, 0x1082, 0x0882, 0x0882, 0x0862, 0x0862, 0x0862, 0x0862, 0x0862, 0x0862, 0x0862,
    0x0862, 0x0862, 0x0862, 0x0862, 0x0862, 0x0862, 0x0862, 0x0862, 0x0862, 0x10a3, 0x2125, 0x2125,
    0x2125, 0x2125, 0x2125, 0x2125, 0x2125, 0x2125, 0x2125, 0x2125, 0x2125, 0x2125, 0x2125, 0x2125,
    0x2125, 0x2125, 0x1905, 0x18e4, 0x18e4, 0x18e4, 0x18e4, 0x18e4, 0x18e4, 0x18e4, 0x18e4, 0x18e4,
    0x0862, 0x0841, 0x0841, 0x0841, 0x0841, 0x0841, 0x0841, 0x0841, 0x0841, 0x0841, 0x0841, 0x0841,
    0x0841, 0x0841, 0x0841, 0x0841, 0x0841, 0x0841, 0x0841, 0x0841, 0x0841, 0x0841, 0x0841, 0x0841,
    0x0841, 0x0841, 0x0841, 0x0841, 0x0841, 0x0841, 0x0841, 0x0862, 0x18e4, 0x18e4, 0x18e4, 0x18e4,
    0x18e4, 0x18e4, 0x18e4, 0x18e4, 0x18e4, 0x1905, 0x2125, 0x2125, 0x2125, 0x2125, 0x2125, 0x2125,
    0x2125, 0x2125, 0x2126, 0x2126, 0x2126, 0x2126, 0x2146, 0x2146, 0x2146, 0x18e4, 0x10a3, 0x10a3,
    0x10a3, 0x10a3, 0x10a3, 0x10a3, 0x10a3, 0x10a3, 0x10a3, 0x10a3, 0x10a3, 0x10a3, 0x10a3, 0x10a3,
    0x10a3, 0x10a3, 0x10a3, 0x10a3, 0x10a3, 0x10a3, 0x10a3, 0x10a3, 0x10a3, 0x10a3, 0x10a3, 0x10a3,
    0x10a3, 0x10a3, 0x10a3, 0x10a3, 0x10a3, 0x10a3, 0x10a3, 0x10a3, 0x10a3, 0x10a3, 0x10a3, 0x10a3,
    0x10a3, 0x10a3, 0x10a3, 0x10a3, 0x10a3, 0x10a3, 0x10a3, 0x10a3, 0x10a3, 0x10a3, 0x10a3, 0x10a3,
    0x10a3, 0x10a3, 0x10a3, 0x10a3, 0x10a3, 0x10a3, 0x10a3, 0x10a3, 0x10a3, 0x10a3, 0x10a3, 0x10a3,
    0x10a3, 0x10a3, 0x10a3, 0x10a3, 0x10a3, 0x10a3, 0x10a3, 0x10a3, 0x10a3, 0x10a3, 0x10a3, 0x10a3,
    0x10a3, 0x10a3, 0x10a3, 0x10a3, 0x10a3, 0x10a3, 0x10a3, 0x10a3, 0x10a3, 0x10a3, 0x10a3, 0x10a3,
    0x10a3, 0x10a3, 0x10a3, 0x10a3, 0x10a2, 0x10a2, 0x1082, 0x1082, 0x1082, 0x1082, 0x1082, 0x0882,
    0x0882, 0x0862, 0x0862, 0x0862, 0x0862, 0x0862, 0x0862, 0x0862, 0x0862, 0x0862, 0x0862, 0x0862,
    0x0862, 0x0862, 0x0862, 0x0862, 0x0862, 0x0862, 0x18c4, 0x2125, 0x2125, 0x2125, 0x2125, 0x2125,
    0x2125, 0x2125, 0x2125, 0x2125, 0x2125, 0x2125, 0x2125, 0x2125, 0x2125, 0x2125, 0x1905, 0x18e4,
    0x18e4, 0x18e4, 0x18e4, 0x18e4, 0x18e4, 0x18e4, 0x18e4, 0x18e4, 0x0862, 0x0841, 0x0841, 0x0841,
    0x0841, 0x0841, 0x0841, 0x0841, 0x0841, 0x0841, 0x0841, 0x0841, 0x0841, 0x0841, 0x0841, 0x0841,
    0x0841, 0x0841, 0x0841, 0x0841, 0x0841, 0x0841, 0x0841, 0x0841, 0x0841, 0x0841, 0x0841, 0x0841,
    0x0841, 0x0841, 0x0841, 0x0862, 0x18e4, 0x18e4, 0x18e4, 0x18e4, 0x18e4, 0x18e4, 0x18e4, 0x18e4,
    0x18e4, 0x1905, 0x2125, 0x2125, 0x2125, 0x2125, 0x2125, 0x2125, 0x2125, 0x2125, 0x2126, 0x2126,
    0x2126, 0x2126, 0x2146, 0x2146, 0x2125, 0x10a3, 0x10a3, 0x10a3, 0x10a3, 0x10a3, 0x10a3, 0x10a3,
    0x10a3, 0x10a3, 0x10a3, 0x10a3, 0x10a3, 0x10a3, 0x10a3, 0x10a3, 0x10a3, 0x10a3, 0x10a3, 0x10a3,
    0x10a3, 0x10a3, 0x10a3, 0x10a3, 0x10a3, 0x10a3, 0x10a3, 0x10a3, 0x10a3, 0x10a3, 0x10a3, 0x10a3,
    0x10a3, 0x10a3, 0x10a3, 0x10a3, 0x10a3, 0x10a3, 0x10a3, 0x10a3, 0x10a3, 0x10a3, 0x10a3, 0x10a3,
    0x10a3, 0x10a3, 0x10a3, 0x10a3, 0x10a3, 0x10a3, 0x10a3, 0x10a3, 0x10a3, 0x10a3, 0x10a3, 0x10a3,
    0x10a3, 0x10a3, 0x10a3, 0x10a3, 0x10a3, 0x10a3, 0x10a3, 0x10a3, 0x10a3, 0x10a3, 0x10a3, 0x10a3,
    0x10a3, 0x10a3, 0x10a3, 0x10a3, 0x10a3, 0x10a3, 0x10a3, 0x10a3, 0x10a3, 0x10a3, 0x10a3, 0x10a3,
    0x10a3, 0x10a3, 0x10a3, 0x10a3, 0x10a3, 0x10a3, 0x10a3, 0x10a3, 0x10a3, 0x10a3, 0x10a3, 0x10a3,
    0x10a3, 0x10a2, 0x1082, 0x1082, 0x1082, 0x1082, 0x1082, 0x1082, 0x0882, 0x0862, 0x0862, 0x0862,
    0x0862, 0x0862, 0x0862, 0x0862, 0x0862, 0x0862, 0x0862, 0x0862, 0x0862, 0x0862, 0x0862, 0x0862,
    0x0862, 0x0862, 0x1082, 0x2105, 0x2125, 0x2125, 0x2125, 0x2125, 0x2125, 0x2125, 0x2125, 0x2125,
    0x2125, 0x2125, 0x2125, 0x2125, 0x2125, 0x2125, 0x1905, 0x18e4, 0x18e4, 0x18e4, 0x18e4, 0x18e4,
    0x18e4, 0x18e4, 0x18e4, 0x18e4, 0x0862, 0x0841, 0x0841, 0x0841, 0x0841, 0x0841, 0x0841, 0x0841,
    0x0841, 0x0841, 0x0841, 0x0841, 0x0841, 0x0841, 0x0841, 0x0841, 0x0841, 0x0841, 0x0841, 0x0841,
    0x0841, 0x0841, 0x0841, 0x0841, 0x0841, 0x0841, 0x0841, 0x0841, 0x0841, 0x0841, 0x0841, 0x0862,
    0x18e4, 0x18e4, 0x18e4, 0x18e4, 0x18e4, 0x18e4, 0x18e4, 0x18e4, 0x18e4, 0x1905, 0x2125, 0x2125,
    0x2125, 0x2125, 0x2125, 0x2125, 0x2125, 0x2125, 0x2126, 0x2126, 0x2126, 0x2126, 0x2146, 0x2146,
    0x18e4, 0x10a3, 0x10a3, 0x10a3, 0x10a3, 0x10a3, 0x10a3, 0x10a3, 0x10a3, 0x10a3, 0x10a3, 0x10a3,
    0x10a3, 0x10a3, 0x10a3, 0x10a3, 0x10a3, 0x10a3, 0x10a3, 0x10a3, 0x10a3, 0x10a3, 0x10a3, 0x10a3,
    0x10a3, 0x10a3, 0x10a3, 0x10a3, 0x10a3, 0x10a3, 0x10a3, 0x10a3, 0x10a3, 0x10a3, 0x10a3, 0x10a3,
    0x10a3, 0x10a3, 0x10a3, 0x10a3, 0x10a3, 0x10a3, 0x10a3, 0x10a3, 0x10a3, 0x10a3, 0x10a3, 0x10a3,
    0x10a3, 0x10a3, 0x10a3, 0x10a3, 0x10a3, 0x10a3, 0x10a3, 0x10a3, 0x10a3, 0x10a3, 0x10a3, 0x10a3,
    0x10a3, 0x10a3, 0x10a3, 0x10a3, 0x10a3, 0x10a3, 0x10a3, 0x10a3, 0x10a3, 0x10a3, 0x10a3, 0x10a3,
    0x10a3, 0x10a3, 0x10a3, 0x10a3, 0x10a3, 0x10a3, 0x10a3, 0x10a3, 0x10a3, 0x10a3, 0x10a3, 0x10a3,
    0x10a3, 0x10a3, 0x10a3, 0x10a3, 0x10a3, 0x10a3, 0x10a3, 0x10a3, 0x10a3, 0x10a2, 0x1082, 0x1082,
    0x1082, 0x1082, 0x1082, 0x1082, 0x0882, 0x0882, 0x0862, 0x0862, 0x0862, 0x0862, 0x0862, 0x0862,
    0x0862, 0x0862, 0x0862, 0x0862, 0x0862, 0x0862, 0x0862, 0x0862, 0x0862, 0x0862, 0x0862, 0x18c4,
    0x2125, 0x2125, 0x2125, 0x2125, 0x2125, 0x2125, 0x2125, 0x2125, 0x2125, 0x2125, 0x2125, 0x2125,
    0x2125, 0x2125, 0x1905, 0x18e4, 0x18e4, 0x18e4, 0x18e4, 0x18e4, 0x18e4, 0x18e4, 0x18e4, 0x18e4,
    0x0862, 0x0841, 0x0841, 0x0841, 0x0841, 0x0841, 0x0841, 0x0841, 0x0841, 0x0841, 0x0841, 0x0841,
    0x0841, 0x0841, 0x0841, 0x0841, 0x0841, 0x0841, 0x0841, 0x0841, 0x0841, 0x0841, 0x0841, 0x0841,
    0x0841, 0x0841, 0x0841, 0x0841, 0x0841, 0x0841, 0x0841, 0x0862, 0x18e4, 0x18e4, 0x18e4, 0x18e4,
    0x18e4, 0x18e4, 0x18e4, 0x18e4, 0x18e4, 0x1905, 0x2125, 0x2125, 0x2125, 0x2125, 0x2125, 0x2125,
    0x2125, 0x2125, 0x2126, 0x2126, 0x2126, 0x2146, 0x2146, 0x2125, 0x10a3, 0x10a3, 0x10a3, 0x10a3,
    0x10a3, 0x10a3, 0x10a3, 0x10a3, 0x10a3, 0x10a3, 0x10a3, 0x10a3, 0x10a3, 0x10a3, 0x10a3, 0x10a3,
    0x10a3, 0x10a3, 0x10a3, 0x10a3, 0x10a3, 0x10a3, 0x10a3, 0x10a3, 0x10a3, 0x10a3, 0x10a3, 0x10a3,
    0x10a3, 0x10a3, 0x10a3, 0x10a3, 0x10a3, 0x10a3, 0x10a3, 0x10a3, 0x10a3, 0x10a3, 0x10a3, 0x10a3,
    0x10a3, 0x10a3, 0x10a3, 0x10a3, 0x10a3, 0x10a3, 0x10a3, 0x10a3, 0x10a3, 0x10a3, 0x10a3, 0x10a3,
    0x10a3, 0x10a3, 0x10a3, 0x10a3, 0x10a3, 0x10a3, 0x10a3, 0x10a3, 0x10a3, 0x10a3, 0x10a3, 0x10a3,
    0x10a3, 0x10a3, 0x10a3, 0x10a3, 0x10a3, 0x10a3, 0x10a3, 0x10a3, 0x10a3, 0x10a3, 0x10a3, 0x10a3,
    0x10a3, 0x10a3, 0x10a3, 0x10a3, 0x10a3, 0x10a3, 0x10a3, 0x10a3, 0x10a3, 0x10a3, 0x10a3, 0x10a3,
    0x10a3, 0x10a3, 0x10a3, 0x10a3, 0x10a3, 0x10a2, 0x1082, 0x1082, 0x1082, 0x1082, 0x1082, 0x1082,
    0x0882, 0x0882, 0x0862, 0x0862, 0x0862, 0x0862, 0x0862, 0x0862, 0x0862, 0x0862, 0x0862, 0x0862,
    0x0862, 0x0862, 0x0862, 0x0862, 0x0862, 0x0862, 0x0862, 0x1082, 0x2125, 0x2125, 0x2125, 0x2125,
    0x2125, 0x2125, 0x2125, 0x2125, 0x2125, 0x2125, 0x2125, 0x2125, 0x2125, 0x2125, 0x1905, 0x18e4,
    0x18e4, 0x18e4, 0x18e4, 0x18e4, 0x18e4, 0x18e4, 0x18e4, 0x18e4, 0x0862, 0x0841, 0x0841, 0x0841,
    0x0841, 0x0841, 0x0841, 0x0841, 0x0841, 0x0841, 0x0841, 0x0841, 0x0841, 0x0841, 0x0841, 0x0841,
    0x0841, 0x0841, 0x0841, 0x0841, 0x0841, 0x0841, 0x0841, 0x0841, 0x0841, 0x0841, 0x0841, 0x0841,
    0x0841, 0x0841, 0x0841, 0x0862, 0x18e4, 0x18e4, 0x18e4, 0x18e4, 0x18e4, 0x18e4, 0x18e4, 0x18e4,
    0x18e4, 0x1905, 0x2125, 0x2125, 0x2125, 0x2125, 0x2125, 0x2125, 0x2125, 0x2126, 0x2126, 0x2126,
    0x2126, 0x2146, 0x2146, 0x18e4, 0x10a2, 0x10a3, 0x10a3, 0x10a3, 0x10a3, 0x10a3, 0x10a3, 0x10a3,
    0x10a3, 0x10a3, 0x10a3, 0x10a3, 0x10a3, 0x10a3, 0x10a3, 0x10a3, 0x10a3, 0x10a3, 0x10a3, 0x10a3,
    0x10a3, 0x10a3, 0x10a3, 0x10a3, 0x10a3, 0x10a3, 0x10a3, 0x10a3, 0x10a3, 0x10a3, 0x10a3, 0x10a3,
    0x10a3, 0x10a3, 0x10a3, 0x10a3, 0x10a3, 0x10a3, 0x10a3, 0x10a3, 0x10a3, 0x10a3, 0x10a3, 0x10a3,
    0x10a3, 0x10a3, 0x10a3, 0x10a3, 0x10a3, 0x10a3, 0x10a3, 0x10a3, 0x10a3, 0x10a3, 0x10a3, 0x10a3,
    0x10a3, 0x10a3, 0x10a3, 0x10a3, 0x10a3, 0x10a3, 0x10a3, 0x10a3, 0x10a3, 0x10a3, 0x10a3, 0x10a3,
    0x10a3, 0x10a3, 0x10a3, 0x10a3, 0x10a3, 0x10a3, 0x10a3, 0x10a3, 0x10a3, 0x10a3, 0x10a3, 0x10a3,
    0x10a3, 0x10a3, 0x10a3, 0x10a3, 0x10a3, 0x10a3, 0x10a3, 0x10a3, 0x10a3, 0x10a3, 0x10a3, 0x10a3,
    0x10a3, 0x10a2, 0x10a2, 0x1082, 0x1082, 0x1082, 0x1082, 0x1082, 0x0882, 0x0882, 0x0862, 0x0862,
    0x0862, 0x0862, 0x0862, 0x0862, 0x0862, 0x0862, 0x0862, 0x0862, 0x0862, 0x0862, 0x0862, 0x0862,
    0x0862, 0x0862, 0x0862, 0x0862, 0x18e4, 0x2125, 0x2125, 0x2125, 0x2125, 0x2125, 0x2125, 0x2125,
    0x2125, 0x2125, 0x2125, 0x2125, 0x2125, 0x2125, 0x1905, 0x18e4, 0x18e4, 0x18e4, 0x18e4, 0x18e4,
    0x18e4, 0x18e4, 0x18e4, 0x18e4, 0x0862, 0x0841, 0x0841, 0x0841, 0x0841, 0x0841, 0x0841, 0x0841,
    0x0841, 0x0841, 0x0841, 0x0841, 0x0841, 0x0841, 0x0841, 0x0841, 0x0841, 0x0841, 0x0841, 0x0841,
    0x0841, 0x0841, 0x0841, 0x0841, 0x0841, 0x0841, 0x0841, 0x0841, 0x0841, 0x0841, 0x0841, 0x0862,
    0x18e4, 0x18e4, 0x18e4, 0x18e4, 0x18e4, 0x18e4, 0x18e4, 0x18e4, 0x18e4, 0x1905, 0x2125, 0x2125,
    0x2125, 0x2125, 0x2125, 0x2125, 0x2125, 0x2126, 0x2126, 0x2126, 0x2126, 0x2146, 0x2126, 0x10c3,
    0x10a3, 0x10a3, 0x10a3, 0x10a3, 0x10a3, 0x10a3, 0x10a3, 0x10a3, 0x10a3, 0x10a3, 0x10a3, 0x10a3,
    0x10a3, 0x10a3, 0x10a3, 0x10a3, 0x10a3, 0x10a3, 0x10a3, 0x10a3, 0x10a3, 0x10a3, 0x10a3, 0x10a3,
    0x10a3, 0x10a3, 0x10a3, 0x10a3, 0x10a3, 0x10a3, 0x10a3, 0x10a3, 0x10a3, 0x10a3, 0x10a3, 0x10a3,
    0x10a3, 0x10a3, 0x10a3, 0x10a3, 0x10a3, 0x10a3, 0x10a3, 0x10a3, 0x10a3, 0x10a3, 0x10a3, 0x10a3,
    0x10a3, 0x10a3, 0x10a3, 0x10a3, 0x10a3, 0x10a3, 0x10a3, 0x10a3, 0x10a3, 0x10a3, 0x10a3, 0x10a3,
    0x10a3, 0x10a3, 0x10a3, 0x10a3, 0x10a3, 0x10a3, 0x10a3, 0x10a3, 0x10a3, 0x10a3, 0x10a3, 0x10a3,
    0x10a3, 0x10a3, 0x10a3, 0x10a3, 0x10a3, 0x10a3, 0x10a3, 0x10a3, 0x10a3, 0x10a3, 0x10a3, 0x10a3,
    0x10a3, 0x10a3, 0x10a3, 0x10a3, 0x10a3, 0x10a3, 0x10a3, 0x10a3, 0x10a3, 0x10a3, 0x10a2, 0x1082,
    0x1082, 0x1082, 0x1082, 0x1082, 0x0882, 0x0882, 0x0862, 0x0862, 0x0862, 0x0862, 0x0862, 0x0862,
    0x0862, 0x0862, 0x0862, 0x0862, 0x0862, 0x0862, 0x0862, 0x0862, 0x0862, 0x0862, 0x0862, 0x0862,
    0x10a3, 0x2125, 0x2125, 0x2125, 0x2125, 0x2125, 0x2125, 0x2125, 0x2125, 0x2125, 0x2125, 0x2125,
    0x2125, 0x2125, 0x1905, 0x18e4, 0x18e4, 0x18e4, 0x18e4, 0x18e4, 0x18e4, 0x18e4, 0x18e4, 0x18e4,
    0x0862, 0x0841, 0x0841, 0x0841, 0x0841, 0x0841, 0x0841, 0x0841, 0x0841, 0x0841, 0x0841, 0x0841,
    0x0841, 0x0841, 0x0841, 0x0841, 0x0841, 0x0841, 0x0841, 0x0841, 0x0841, 0x0841, 0x0841, 0x0841,
    0x0841, 0x0841, 0x0841, 0x0841, 0x0841, 0x0841, 0x0841, 0x0862, 0x18e4, 0x18e4, 0x18e4, 0x18e4,
    0x18e4, 0x18e4, 0x18e4, 0x18e4, 0x18e4, 0x1905, 0x2125, 0x2125, 0x2125, 0x2125, 0x2125, 0x2125,
    0x2125, 0x2126, 0x2126, 0x2126, 0x2126, 0x2146, 0x1905, 0x10a2, 0x10a3, 0x10a3, 0x10a3, 0x10a3,
    0x10a3, 0x10a3, 0x10a3, 0x10a3, 0x10a3, 0x10a3, 0x10a3, 0x10a3, 0x10a3, 0x10a3, 0x10a3, 0x10a3,
    0x10a3, 0x10a3, 0x10a3, 0x10a3, 0x10a3, 0x10a3, 0x10a3, 0x10a3, 0x10a3, 0x10a3, 0x10a3, 0x10a3,
    0x10a3, 0x10a3, 0x10a3, 0x10a3, 0x10a3, 0x10a3, 0x10a3, 0x10a3, 0x10a3, 0x10a3, 0x10a3, 0x10a3,
    0x10a3, 0x10a3, 0x10a3, 0x10a3, 0x10a3, 0x10a3, 0x10a3, 0x10a3, 0x10a3, 0x10a3, 0x10a3, 0x10a3,
    0x10a3, 0x10a3, 0x10a3, 0x10a3, 0x10a3, 0x10a3, 0x10a3, 0x10a3, 0x10a3, 0x10a3, 0x10a3, 0x10a3,
    0x10a3, 0x10a3, 0x10a3, 0x10a3, 0x10a3, 0x10a3, 0x10a3, 0x10a3, 0x10a3, 0x10a3, 0x10a3, 0x10a3,
    0x10a3, 0x10a3, 0x10a3, 0x10a3, 0x10a3, 0x10a3, 0x10a3, 0x10a3, 0x10a3, 0x10a3, 0x10a3, 0x10a3,
    0x10a3, 0x10a3, 0x10a3, 0x10a3, 0x10a3, 0x10a3, 0x10a2, 0x1082, 0x1082, 0x1082, 0x1082, 0x1082,
    0x1082, 0x0882, 0x0862, 0x0862, 0x0862, 0x0862, 0x0862, 0x0862, 0x0862, 0x0862, 0x0862, 0x0862,
    0x0862, 0x0862, 0x0862, 0x0862, 0x0862, 0x0862, 0x0862, 0x0862, 0x0862, 0x18e4, 0x2125, 0x2125,
    0x2125, 0x2125, 0x2125, 0x2125, 0x2125, 0x2125, 0x2125, 0x2125, 0x2125, 0x2125, 0x1905, 0x18e4,
    0x18e4, 0x18e4, 0x18e4, 0x18e4, 0x18e4, 0x18e4, 0x18e4, 0x18e4, 0x0862, 0x0841, 0x0841, 0x0841,
    0x0841, 0x0841, 0x0841, 0x0841, 0x0841, 0x0841, 0x0841, 0x0841, 0x0841, 0x0841, 0x0841, 0x0841,
    0x0841, 0x0841, 0x0841, 0x0841, 0x0841, 0x0841, 0x0841, 0x0841, 0x0841, 0x0841, 0x0841, 0x0841,
    0x0841, 0x0841, 0x0841, 0x0862, 0x18e4, 0x18e4, 0x18e4, 0x18e4, 0x18e4, 0x18e4, 0x18e4, 0x18e4,
    0x18e4, 0x1905, 0x2125, 0x2125, 0x2125, 0x2125, 0x2125, 0x2125, 0x2125, 0x2126, 0x2126, 0x2126,
    0x2126, 0x2146, 0x18c4, 0x10a2, 0x10a3, 0x10a3, 0x10a3, 0x10a3, 0x10a3, 0x10a3, 0x10a3, 0x10a3,
    0x10a3, 0x10a3, 0x10a3, 0x10a3, 0x10a3, 0x10a3, 0x10a3, 0x10a3, 0x10a3, 0x10a3, 0x10a3, 0x10a3,
    0x10a3, 0x10a3, 0x10a3, 0x10a3, 0x10a3, 0x10a3, 0x10a3, 0x10a3, 0x10a3, 0x10a3, 0x10a3, 0x10a3,
    0x10a3, 0x10a3, 0x10a3, 0x10a3, 0x10a3, 0x10a3, 0x10a3, 0x10a3, 0x10a3, 0x10a3, 0x10a3, 0x10a3,
    0x10a3, 0x10a3, 0x10a3, 0x10a3, 0x10a3, 0x10a3, 0x10a3, 0x10a3, 0x10a3, 0x10a3, 0x10a3, 0x10a3,
    0x10a3, 0x10a3, 0x10a3, 0x10a3, 0x10a3, 0x10a3, 0x10a3, 0x10a3, 0x10a3, 0x10a3, 0x10a3, 0x10a3,
    0x10a3, 0x10a3, 0x10a3, 0x10a3, 0x10a3, 0x10a3, 0x10a3, 0x10a3, 0x10a3, 0x10a3, 0x10a3, 0x10a3,
    0x10a3, 0x10a3, 0x10a3, 0x10a3, 0x10a3, 0x10a3, 0x10a3, 0x10a3, 0x10a3, 0x10a3, 0x10a3, 0x10a3,
    0x10a3, 0x10a3, 0x10a2, 0x1082, 0x1082, 0x1082, 0x1082, 0x1082, 0x1082, 0x0882, 0x0882, 0x0862,
    0x0862, 0x0862, 0x0862, 0x0862, 0x0862, 0x0862, 0x0862, 0x0862, 0x0862, 0x0862, 0x0862, 0x0862,
    0x0862, 0x0862, 0x0862, 0x0862, 0x0862, 0x10a3, 0x2125, 0x2125, 0x2125, 0x2125, 0x2125, 0x2125,
    0x2125, 0x2125, 0x2125, 0x2125, 0x2125, 0x2125, 0x1905, 0x18e4, 0x18e4, 0x18e4, 0x18e4, 0x18e4,
    0x18e4, 0x18e4, 0x18e4, 0x18e4, 0x0862, 0x0841, 0x0841, 0x0841, 0x0841, 0x0841, 0x0841, 0x0841,
    0x0841, 0x0841, 0x0841, 0x0841, 0x0841, 0x0841, 0x0841, 0x0841, 0x0841, 0x0841, 0x0841, 0x0841,
    0x0841, 0x0841, 0x0841, 0x0841, 0x0841, 0x0841, 0x0841, 0x0841, 0x0841, 0x0841, 0x0841, 0x0862,
    0x18e4, 0x18e4, 0x18e4, 0x18e4, 0x18e4, 0x18e4, 0x18e4, 0x18e4, 0x18e4, 0x1905, 0x2125, 0x2125,
    0x2125, 0x2125, 0x2125, 0x2125, 0x2125, 0x2126, 0x2126, 0x2126, 0x2146, 0x2125, 0x10a3, 0x10a2,
    0x10a3, 0x10a3, 0x10a3, 0x10a3, 0x10a3, 0x10a3, 0x10a3, 0x10a3, 0x10a3, 0x10a3, 0x10a3, 0x10a3,
    0x10a3, 0x10a3, 0x10a3, 0x10a3, 0x10a3, 0x10a3, 0x10a3, 0x10a3, 0x10a3, 0x10a3, 0x10a3, 0x10a3,
    0x10a3, 0x10a3, 0x10a3, 0x10a3, 0x10a3, 0x10a3, 0x10a3, 0x10a3, 0x10a3, 0x10a3, 0x10a3, 0x10a3,
    0x10a3, 0x10a3, 0x10a3, 0x10a3, 0x10a3, 0x10a3, 0x10a3, 0x10a3, 0x10a3, 0x10a3, 0x10a3, 0x10a3,
    0x10a3, 0x10a3, 0x10a3, 0x10a3, 0x10a3, 0x10a3, 0x10a3, 0x10a3, 0x10a3, 0x10a3, 0x10a3, 0x10a3,
    0x10a3, 0x10a3, 0x10a3, 0x10a3, 0x10a3, 0x10a3, 0x10a3, 0x10a3, 0x10a3, 0x10a3, 0x10a3, 0x10a3,
    0x10a3, 0x10a3, 0x10a3, 0x10a3, 0x10a3, 0x10a3, 0x10a3, 0x10a3, 0x10a3, 0x10a3, 0x10a3, 0x10a3,
    0x10a3, 0x10a3, 0x10a3, 0x10a3, 0x10a3, 0x10a3, 0x10a3, 0x10a3, 0x10a3, 0x10a3, 0x10a2, 0x1082,
    0x1082, 0x1082, 0x1082, 0x1082, 0x1082, 0x0882, 0x0882, 0x0862, 0x0862, 0x0862, 0x0862, 0x0862,
    0x0862, 0x0862, 0x0862, 0x0862, 0x0862, 0x0862, 0x0862, 0x0862, 0x0862, 0x0862, 0x0862, 0x0862,
    0x0862, 0x0882, 0x2105, 0x2125, 0x2125, 0x2125, 0x2125, 0x2125, 0x2125, 0x2125, 0x2125, 0x2125,
    0x2125, 0x2125, 0x1905, 0x18e4, 0x18e4, 0x18e4, 0x18e4, 0x18e4, 0x18e4, 0x18e4, 0x18e4, 0x18e4,
    0x0862, 0x0841, 0x0841, 0x0841, 0x0841, 0x0841, 0x0841, 0x0841, 0x0841, 0x0841, 0x0841, 0x0841,
    0x0841, 0x0841, 0x0841, 0x0841, 0x0841, 0x0841, 0x0841, 0x0841, 0x0841, 0x0841, 0x0841, 0x0841,
    0x0841, 0x0841, 0x0841, 0x0841, 0x0841, 0x0841, 0x0841, 0x0862, 0x18e4, 0x18e4, 0x18e4, 0x18e4,
    0x18e4, 0x18e4, 0x18e4, 0x18e4, 0x18e4, 0x1905, 0x2125, 0x2125, 0x2125, 0x2125, 0x2125, 0x2125,
    0x2125, 0x2126, 0x2126, 0x2126, 0x2146, 0x18e4, 0x1082, 0x10a2, 0x10a3, 0x10a3, 0x10a3, 0x10a3,
    0x10a3, 0x10a3, 0x10a3, 0x10a3, 0x10a3, 0x10a3, 0x10a3, 0x10a3, 0x10a3, 0x10a3, 0x10a3, 0x10a3,
    0x10a3, 0x10a3, 0x10a3, 0x10a3, 0x10a3, 0x10a3, 0x10a3, 0x10a3, 0x10a3, 0x10a3, 0x10a3, 0x10a3,
    0x10a3, 0x10a3, 0x10a3, 0x10a3, 0x10a3, 0x10a3, 0x10a3, 0x10a3, 0x10a3, 0x10a3, 0x10a3, 0x10a3,
    0x10a3, 0x10a3, 0x10a3, 0x10a3, 0x10a3, 0x10a3, 0x10a3, 0x10a3, 0x10a3, 0x10a3, 0x10a3, 0x10a3,
    0x10a3, 0x10a3, 0x10a3, 0x10a3, 0x10a3, 0x10a3, 0x10a3, 0x10a3, 0x10a3, 0x10a3, 0x10a3, 0x10a3,
    0x10a3, 0x10a3, 0x10a3, 0x10a3, 0x10a3, 0x10a3, 0x10a3, 0x2104, 0x4228, 0x4a69, 0x31a7, 0x10a3,
    0x10a3, 0x10a3, 0x10a3, 0x10a3, 0x10a3, 0x10a3, 0x10a3, 0x10a3, 0x10a3, 0x10a3, 0x10a3, 0x10a3,
    0x10a3, 0x10a3, 0x10a3, 0x10a3, 0x10a3, 0x10a3, 0x10a2, 0x1082, 0x1082, 0x1082, 0x1082, 0x1082,
    0x1082, 0x0882, 0x0882, 0x0862, 0x0862, 0x0862, 0x0862, 0x0862, 0x0862, 0x0862, 0x0862, 0x0862,
    0x0862, 0x0862, 0x0862, 0x0862, 0x0862, 0x0862, 0x0862, 0x0862, 0x0862, 0x0862, 0x18c4, 0x2125,
    0x2125, 0x2125, 0x2125, 0x2125, 0x2125, 0x2125, 0x2125, 0x2125, 0x2125, 0x2125, 0x1905, 0x18e4,
    0x18e4, 0x18e4, 0x18e4, 0x18e4, 0x18e4, 0x18e4, 0x18e4, 0x18e4, 0x0862, 0x0841, 0x0841, 0x0841,
    0x0841, 0x0841, 0x0841, 0x0841, 0x0841, 0x0841, 0x0841, 0x0841, 0x0841, 0x0841, 0x0841, 0x0841,
    0x0841, 0x0841, 0x0841, 0x0841, 0x0841, 0x0841, 0x0841, 0x0841, 0x0841, 0x0841, 0x0841, 0x0841,
    0x0841, 0x0841, 0x0841, 0x0862, 0x18e4, 0x18e4, 0x18e4, 0x18e4, 0x18e4, 0x18e4, 0x18e4, 0x18e4,
    0x18e4, 0x1905, 0x2125, 0x2125, 0x2125, 0x2125, 0x2125, 0x2125, 0x2125, 0x2126, 0x2126, 0x2126,
    0x2146, 0x10c3, 0x10a2, 0x10a2, 0x10a3, 0x10a3, 0x10a3, 0x10a3, 0x10a3, 0x10a3, 0x10a3, 0x10a3,
    0x10a3, 0x10a3, 0x10a3, 0x10a3, 0x10a3, 0x10a3, 0x10a3, 0x10a3, 0x10a3, 0x10a3, 0x10a3, 0x10a3,
    0x10a3, 0x10a3, 0x10a3, 0x10a3, 0x10a3, 0x10a3, 0x10a3, 0x10a3, 0x10a3, 0x10a3, 0x10a3, 0x10a3,
    0x10a3, 0x10a3, 0x10a3, 0x10a3, 0x10a3, 0x10a3, 0x10a3, 0x10a3, 0x10a3, 0x10a3, 0x10a3, 0x10a3,
    0x10a3, 0x10a3, 0x10a3, 0x10a3, 0x10a3, 0x10a3, 0x10a3, 0x10a3, 0x10a3, 0x10a3, 0x10a3, 0x10a3,
    0x10a3, 0x10a3, 0x10a3, 0x10a3, 0x10a3, 0x10a3, 0x10a3, 0x10a3, 0x10a3, 0x10a3, 0x10a3, 0x10a3,
    0x10a3, 0x2966, 0x94b2, 0xe71b, 0xf79d, 0xf79d, 0xf79d, 0xe6fb, 0x9471, 0x2125, 0x10a3, 0x10a3,
    0x10a3, 0x10a3, 0x10a3, 0x10a3, 0x10a3, 0x10a3, 0x10a3, 0x10a3, 0x10a3, 0x10a3, 0x10a3, 0x10a3,
    0x10a3, 0x10a3, 0x10a2, 0x10a2, 0x1082, 0x1082, 0x1082, 0x1082, 0x1082, 0x0882, 0x0882, 0x0862,
    0x0862, 0x0862, 0x0862, 0x0862, 0x0862, 0x0862, 0x0862, 0x0862, 0x0862, 0x0862, 0x0862, 0x0862,
    0x0862, 0x0862, 0x0862, 0x0862, 0x0862, 0x0862, 0x10a3, 0x2125, 0x2125, 0x2125, 0x2125, 0x2125,
    0x2125, 0x2125, 0x2125, 0x2125, 0x2125, 0x2125, 0x1905, 0x18e4, 0x18e4, 0x18e4, 0x18e4, 0x18e4,
    0x18e4, 0x18e4, 0x18e4, 0x18e4, 0x0862, 0x0841, 0x0841, 0x0841, 0x0841, 0x0841, 0x0841, 0x0841,
    0x0841, 0x0841, 0x0841, 0x0841, 0x0841, 0x0841, 0x0841, 0x0841, 0x0841, 0x0841, 0x0841, 0x0841,
    0x0841, 0x0841, 0x0841, 0x0841, 0x0841, 0x0841, 0x0841, 0x0841, 0x0841, 0x0841, 0x0841, 0x0862,
    0x18e4, 0x18e4, 0x18e4, 0x18e4, 0x18e4, 0x18e4, 0x18e4, 0x18e4, 0x18e4, 0x1905, 0x2125, 0x2125,
    0x2125, 0x2125, 0x2125, 0x2125, 0x2125, 0x2126, 0x2126, 0x2126, 0x2105, 0x1082, 0x10a2, 0x10a3,
    0x10a3, 0x10a3, 0x10a3, 0x10a3, 0x10a3, 0x10a3, 0x10a3, 0x10a3, 0x10a3, 0x10a3, 0x10a3, 0x10a3,
    0x10a3, 0x10a3, 0x10a3, 0x10a3, 0x10a3, 0x10a3, 0x10a3, 0x10a3, 0x10a3, 0x10a3, 0x10a3, 0x10a3,
    0x10a3, 0x10a3, 0x10a3, 0x10a3, 0x10a3, 0x10a3, 0x10a3, 0x10a3, 0x10a3, 0x10a3, 0x10a3, 0x10a3,
    0x10a3, 0x10a3, 0x10a3, 0x10a3, 0x10a3, 0x10a3, 0x10a3, 0x10a3, 0x10a3, 0x10a3, 0x10a3, 0x10a3,
    0x10a3, 0x10a3, 0x10a3, 0x10a3, 0x10a3, 0x10a3, 0x10a3, 0x10a3, 0x10a3, 0x10a3, 0x10a3, 0x10a3,
    0x10a3, 0x10a3, 0x10a3, 0x10a3, 0x10a3, 0x10a3, 0x10a3, 0x10a3, 0x31a7, 0xc638, 0xf79d, 0xf79d,
    0xf79d, 0xf79d, 0xf79d, 0xf79d, 0xf79d, 0xf79d, 0x6b6d, 0x10a3, 0x10a3, 0x10a3, 0x10a3, 0x10a3,
    0x10a3, 0x10a3, 0x10a3, 0x10a3, 0x10a3, 0x10a3, 0x10a3, 0x10a3, 0x10a3, 0x10a3, 0x10a3, 0x10a2,
    0x1082, 0x1082, 0x1082, 0x1082, 0x1082, 0x0882, 0x0882, 0x0862, 0x0862, 0x0862, 0x0862, 0x0862,
    0x0862, 0x0862, 0x0862, 0x0862, 0x0862, 0x0862, 0x0862, 0x0862, 0x0862, 0x0862, 0x0862, 0x0862,
    0x0862, 0x0862, 0x0862, 0x1905, 0x2125, 0x2125, 0x2125, 0x2125, 0x2125, 0x2125, 0x2125, 0x2125,
    0x2125, 0x2125, 0x1905, 0x18e4, 0x18e4, 0x18e4, 0x18e4, 0x18e4, 0x18e4, 0x18e4, 0x18e4, 0x18e4,
    0x0862, 0x0841, 0x0841, 0x0841, 0x0841, 0x0841, 0x0841, 0x0841, 0x0841, 0x0841, 0x0841, 0x0841,
    0x0841, 0x0841, 0x0841, 0x0841, 0x0841, 0x0841, 0x0841, 0x0841, 0x0841, 0x0841, 0x0841, 0x0841,
    0x0841, 0x0841, 0x0841, 0x0841, 0x0841, 0x0841, 0x0841, 0x0862, 0x18e4, 0x18e4, 0x18e4, 0x18e4,
    0x18e4, 0x18e4, 0x18e4, 0x18e4, 0x18e4, 0x1905, 0x2125, 0x2125, 0x2125, 0x2125, 0x2125, 0x2125,
    0x2126, 0x2126, 0x2126, 0x2126, 0x18e4, 0x1082, 0x10a2, 0x10a3, 0x10a3, 0x10a3, 0x10a3, 0x10a3,
    0x10a3, 0x10a3, 0x10a3, 0x10a3, 0x10a3, 0x10a3, 0x10a3, 0x10a3, 0x10a3, 0x10a3, 0x10a3, 0x10a3,
    0x10a3, 0x10a3, 0x10a3, 0x10a3, 0x10a3, 0x10a3, 0x10a3, 0x10a3, 0x10a3, 0x10a3, 0x10a3, 0x10a3,
    0x10a3, 0x10a3, 0x10a3, 0x10a3, 0x10a3, 0x10a3, 0x10a3, 0x10a3, 0x10a3, 0x10a3, 0x2104, 0x4228,
    0x4a69, 0x31a7, 0x10a3, 0x10a3, 0x10a3, 0x10a3, 0x10a3, 0x10a3, 0x10a3, 0x10a3, 0x10a3, 0x10a3,
    0x10a3, 0x10a3, 0x10a3, 0x10a3, 0x10a3, 0x10a3, 0x10a3, 0x10a3, 0x10a3, 0x10a3, 0x10a3, 0x10a3,
    0x10a3, 0x10a3, 0x10a3, 0x10a3, 0xad54, 0xf79d, 0xf79d, 0xf79d, 0xf79d, 0xf79d, 0xf79d, 0xf79d,
    0xf79d, 0xf79d, 0xf79d, 0x8c50, 0x10a3, 0x10a3, 0x10a3, 0x10a3, 0x10a3, 0x10a3, 0x10a3, 0x10a3,
    0x10a3, 0x10a3, 0x10a3, 0x10a3, 0x10a3, 0x10a3, 0x10a3, 0x10a2, 0x1082, 0x1082, 0x1082, 0x1082,
    0x1082, 0x0882, 0x0882, 0x0862, 0x0862, 0x0862, 0x0862, 0x0862, 0x0862, 0x0862, 0x0862, 0x0862,
    0x0862, 0x0862, 0x0862, 0x0862, 0x0862, 0x0862, 0x0862, 0x0862, 0x0862, 0x0862, 0x0862, 0x18c4,
    0x2125, 0x2125, 0x2125, 0x2125, 0x2125, 0x2125, 0x2125, 0x2125, 0x2125, 0x2125, 0x1905, 0x18e4,
    0x18e4, 0x18e4, 0x18e4, 0x18e4, 0x18e4, 0x18e4, 0x18e4, 0x18e4, 0x0862, 0x0841, 0x0841, 0x0841,
    0x0841, 0x0841, 0x0841, 0x0841, 0x0841, 0x0841, 0x0841, 0x0841, 0x0841, 0x0841, 0x0841, 0x0841,
    0x0841, 0x0841, 0x0841, 0x0841, 0x0841, 0x0841, 0x0841, 0x0841, 0x0841, 0x0841, 0x0841, 0x0841,
    0x0841, 0x0841, 0x0841, 0x0862, 0x18e4, 0x18e4, 0x18e4, 0x18e4, 0x18e4, 0x18e4, 0x18e4, 0x18e4,
    0x18e4, 0x1905, 0x2125, 0x2125, 0x2125, 0x2125, 0x2125, 0x2125, 0x2126, 0x2126, 0x2126, 0x2126,
    0x10c3, 0x1082, 0x10a2, 0x10a3, 0x10a3, 0x10a3, 0x10a3, 0x10a3, 0x10a3, 0x10a3, 0x10a3, 0x10a3,
    0x10a3, 0x10a3, 0x10a3, 0x10a3, 0x10a3, 0x10a3, 0x10a3, 0x10a3, 0x10a3, 0x10a3, 0x10a3, 0x10a3,
    0x10a3, 0x10a3, 0x10a3, 0x10a3, 0x10a3, 0x10a3, 0x10a3, 0x10a3, 0x10a3, 0x10a3, 0x10a3, 0x10a3,
    0x10a3, 0x10a3, 0x10a3, 0x10a3, 0x2966, 0x94b2, 0xe71b, 0xf79d, 0xf79d, 0xf79d, 0xe6fb, 0x9471,
    0x2125, 0x10a3, 0x10a3, 0x10a3, 0x10a3, 0x10a3, 0x10a3, 0x10a3, 0x10a3, 0x10a3, 0x10a3, 0x10a3,
    0x10a3, 0x10a3, 0x10a3, 0x10a3, 0x10a3, 0x10a3, 0x10a3, 0x10a3, 0x10a3, 0x10a3, 0x10a3, 0x4228,
    0xf79d, 0xf79d, 0xf79d, 0xf79d, 0xf79d, 0xf79d, 0xf79d, 0xf79d, 0xf79d, 0xf79d, 0xf79d, 0xf79d,
    0x73ae, 0x10a3, 0x10a3, 0x10a3, 0x10a3, 0x10a3, 0x10a3, 0x10a3, 0x10a3, 0x10a3, 0x10a3, 0x10a3,
    0x10a3, 0x10a3, 0x10a3, 0x10a2, 0x1082, 0x1082, 0x1082, 0x1082, 0x1082, 0x0882, 0x0882, 0x0862,
    0x0862, 0x0862, 0x0862, 0x0862, 0x0862, 0x0862, 0x0862, 0x0862, 0x0862, 0x0862, 0x0862, 0x0862,
    0x0862, 0x0862, 0x0862, 0x0862, 0x0862, 0x0862, 0x0862, 0x10a3, 0x2125, 0x2125, 0x2125, 0x2125,
    0x2125, 0x2125, 0x2125, 0x2125, 0x2125, 0x2125, 0x1905, 0x18e4, 0x18e4, 0x18e4, 0x18e4, 0x18e4,
    0x18e4, 0x18e4, 0x18e4, 0x18e4, 0x0862, 0x0841, 0x0841, 0x0841, 0x0841, 0x0841, 0x0841, 0x0841,
    0x0841, 0x0841, 0x0841, 0x0841, 0x0841, 0x0841, 0x0841, 0x0841, 0x0841, 0x0841, 0x0841, 0x0841,
    0x0841, 0x0841, 0x0841, 0x0841, 0x0841, 0x0841, 0x0841, 0x0841, 0x0841, 0x0841, 0x0841, 0x0862,
    0x18e4, 0x18e4, 0x18e4, 0x18e4, 0x18e4, 0x18e4, 0x18e4, 0x18e4, 0x18e4, 0x1905, 0x2125, 0x2125,
    0x2125, 0x2125, 0x2125, 0x2125, 0x2126, 0x2126, 0x2126, 0x2125, 0x1083, 0x1082, 0x10a2, 0x10a3,
    0x10a3, 0x10a3, 0x10a3, 0x10a3, 0x10a3, 0x10a3, 0x10a3, 0x10a3, 0x10a3, 0x10a3, 0x10a3, 0x10a3,
    0x10a3, 0x10a3, 0x10a3, 0x10a3, 0x10a3, 0x10a3, 0x10a3, 0x10a3, 0x10a3, 0x10a3, 0x10a3, 0x10a3,
    0x10a3, 0x10a3, 0x10a3, 0x10a3, 0x10a3, 0x10a3, 0x10a3, 0x10a3, 0x10a3, 0x10a3, 0x10a3, 0x31a7,
    0xc638, 0xf79d, 0xf79d, 0xf79d, 0xf79d, 0xf79d, 0xf79d, 0xf79d, 0xf79d, 0x6b6d, 0x10a3, 0x10a3,
    0x10a3, 0x10a3, 0x10a3, 0x10a3, 0x10a3, 0x10a3, 0x10a3, 0x10a3, 0x10a3, 0x10a3, 0x10a3, 0x10a3,
    0x10a3, 0x10a3, 0x10a3, 0x10a3, 0x10a3, 0x10a3, 0x10a3, 0x7bae, 0xf79d, 0xf79d, 0xf79d, 0xf79d,
    0xf79d, 0xf79d, 0xf79d, 0xf79d, 0xf79d, 0xf79d, 0xf79d, 0xf79d, 0xf79d, 0x31a7, 0x10a3, 0x10a3,
    0x10a3, 0x10a3, 0x10a3, 0x10a3, 0x10a3, 0x10a3, 0x10a3, 0x10a3, 0x10a3, 0x10a3, 0x10a3, 0x10a2,
    0x1082, 0x1082, 0x1082, 0x1082, 0x1082, 0x0882, 0x0882, 0x0862, 0x0862, 0x0862, 0x0862, 0x0862,
    0x0862, 0x0862, 0x0862, 0x0862, 0x0862, 0x0862, 0x0862, 0x0862, 0x0862, 0x0862, 0x0862, 0x0862,
    0x0862, 0x0862, 0x0862, 0x0882, 0x2105, 0x2125, 0x2125, 0x2125, 0x2125, 0x2125, 0x2125, 0x2125,
    0x2125, 0x2125, 0x1905, 0x18e4, 0x18e4, 0x18e4, 0x18e4, 0x18e4, 0x18e4, 0x18e4, 0x18e4, 0x18e4,
    0x0862, 0x0841, 0x0841, 0x0841, 0x0841, 0x0841, 0x0841, 0x0841, 0x0841, 0x0841, 0x0841, 0x0841,
    0x0841, 0x0841, 0x0841, 0x0841, 0x0841, 0x0841, 0x0841, 0x0841, 0x0841, 0x0841, 0x0841, 0x0841,
    0x0841, 0x0841, 0x0841, 0x0841, 0x0841, 0x0841, 0x0841, 0x0862, 0x18e4, 0x18e4, 0x18e4, 0x18e4,
    0x18e4, 0x18e4, 0x18e4, 0x18e4, 0x18e4, 0x1905, 0x2125, 0x2125, 0x2125, 0x2125, 0x2125, 0x2125,
    0x2126, 0x2126, 0x2126, 0x1904, 0x1082, 0x1082, 0x10a2, 0x10a3, 0x10a3, 0x10a3, 0x10a3, 0x10a3,
    0x10a3, 0x10a3, 0x10a3, 0x10a3, 0x10a3, 0x10a3, 0x10a3, 0x10a3, 0x10a3, 0x10a3, 0x10a3, 0x10a3,
    0x10a3, 0x10a3, 0x10a3, 0x10a3, 0x10a3, 0x10a3, 0x10a3, 0x10a3, 0x10a3, 0x10a3, 0x10a3, 0x10a3,
    0x10a3, 0x10a3, 0x10a3, 0x10a3, 0x10a3, 0x10a3, 0x10a3, 0xad54, 0xf79d, 0xf79d, 0xf79d, 0xf79d,
    0xf79d, 0xf79d, 0xf79d, 0xf79d, 0xf79d, 0xf79d, 0x8c50, 0x10a3, 0x10a3, 0x10a3, 0x10a3, 0x10a3,
    0x10a3, 0x10a3, 0x10a3, 0x10a3, 0x10a3, 0x10a3, 0x10a3, 0x10a3, 0x10a3, 0x10a3, 0x10a3, 0x10a3,
    0x10a3, 0x10a3, 0x10a3, 0x8c71, 0xf79d, 0xf79d, 0xf79d, 0xf79d, 0xf79d, 0xf79d, 0xf79d, 0xf79d,
    0xf79d, 0xf79d, 0xf79d, 0xf79d, 0xf79d, 0xad54, 0x10a3, 0x10a3, 0x10a3, 0x10a3, 0x10a3, 0x10a3,
    0x10a3, 0x10a3, 0x10a3, 0x10a3, 0x10a3, 0x10a3, 0x10a3, 0x10a2, 0x1082, 0x1082, 0x1082, 0x1082,
    0x1082, 0x0882, 0x0882, 0x0862, 0x0862, 0x0862, 0x0862, 0x0862, 0x0862, 0x0862, 0x0862, 0x0862,
    0x0862, 0x0862, 0x0862, 0x0862, 0x0862, 0x0862, 0x0862, 0x0862, 0x0862, 0x0862, 0x0862, 0x0862,
    0x18e4, 0x2125, 0x2125, 0x2125, 0x2125, 0x2125, 0x2125, 0x2125, 0x2125, 0x2125, 0x1905, 0x18e4,
    0x18e4, 0x18e4, 0x18e4, 0x18e4, 0x18e4, 0x18e4, 0x18e4, 0x18e4, 0x0862, 0x0841, 0x0841, 0x0841,
    0x0841, 0x0841, 0x0841, 0x0841, 0x0841, 0x0841, 0x0841, 0x0841, 0x0841, 0x0841, 0x0841, 0x0841,
    0x0841, 0x0841, 0x0841, 0x0841, 0x0841, 0x0841, 0x0841, 0x0841, 0x0841, 0x0841, 0x0841, 0x0841,
    0x0841, 0x0841, 0x0841, 0x0862, 0x18e4, 0x18e4, 0x18e4, 0x18e4, 0x18e4, 0x18e4, 0x18e4, 0x18e4,
    0x18e4, 0x1905, 0x2125, 0x2125, 0x2125, 0x2125, 0x2125, 0x2125, 0x2126, 0x2126, 0x2126, 0x18c4,
    0x1082, 0x1082, 0x10a2, 0x10a3, 0x10a3, 0x10a3, 0x10a3, 0x10a3, 0x10a3, 0x10a3, 0x10a3, 0x10a3,
    0x10a3, 0x10a3, 0x10a3, 0x10a3, 0x10a3, 0x10a3, 0x10a3, 0x10a3, 0x10a3, 0x10a3, 0x10a3, 0x10a3,
    0x10a3, 0x10a3, 0x10a3, 0x10a3, 0x10a3, 0x10a3, 0x10a3, 0x10a3, 0x10a3, 0x10a3, 0x10a3, 0x10a3,
    0x10a3, 0x10a3, 0x4228, 0xf79d, 0xf79d, 0xf79d, 0xf79d, 0xf79d, 0xf79d, 0xf79d, 0xf79d, 0xf79d,
    0xf79d, 0xf79d, 0xf79d, 0x73ae, 0x10a3, 0x10a3, 0x10a3, 0x10a3, 0x10a3, 0x10a3, 0x10a3, 0x10a3,
    0x10a3, 0x10a3, 0x10a3, 0x10a3, 0x10a3, 0x10a3, 0x10a3, 0x10a3, 0x10a3, 0x10a3, 0x10a3, 0x9471,
    0xf79d, 0xf79d, 0xf79d, 0xf79d, 0xf79d, 0xf79d, 0xf79d, 0xf79d, 0xf79d, 0xf79d, 0xf79d, 0xf79d,
    0xf79d, 0xf79d, 0x2125, 0x10a3, 0x10a3, 0x10a3, 0x10a3, 0x10a3, 0x10a3, 0x10a3, 0x10a3, 0x10a3,
    0x10a3, 0x10a3, 0x10a3, 0x10a2, 0x1082, 0x1082, 0x1082, 0x1082, 0x1082, 0x0882, 0x0882, 0x0862,
    0x0862, 0x0862, 0x0862, 0x0862, 0x0862, 0x0862, 0x0862, 0x0862, 0x0862, 0x0862, 0x0862, 0x0862,
    0x0862, 0x0862, 0x0862, 0x0862, 0x0862, 0x0862, 0x0862, 0x0862, 0x18c3, 0x2125, 0x2125, 0x2125,
    0x2125, 0x2125, 0x2125, 0x2125, 0x2125, 0x2125, 0x1905, 0x18e4, 0x18e4, 0x18e4, 0x18e4, 0x18e4,
    0x18e4, 0x18e4, 0x18e4, 0x18e4, 0x0862, 0x0841, 0x0841, 0x0841, 0x0841, 0x0841, 0x0841, 0x0841,
    0x0841, 0x0841, 0x0841, 0x0841, 0x0841, 0x0841, 0x0841, 0x0841, 0x0841, 0x0841, 0x0841, 0x0841,
    0x0841, 0x0841, 0x0841, 0x0841, 0x0841, 0x0841, 0x0841, 0x0841, 0x0841, 0x0841, 0x0841, 0x0862,
    0x18e4, 0x18e4, 0x18e4, 0x18e4, 0x18e4, 0x18e4, 0x18e4, 0x18e4, 0x18e4, 0x1905, 0x2125, 0x2125,
    0x2125, 0x2125, 0x2125, 0x2125, 0x2126, 0x2126, 0x2126, 0x10c3, 0x1082, 0x1082, 0x10a2, 0x10a3,
    0x10a3, 0x10a3, 0x10a3, 0x10a3, 0x10a3, 0x10a3, 0x10a3, 0x10a3, 0x10a3, 0x10a3, 0x10a3, 0x10a3,
    0x10a3, 0x10a3, 0x10a3, 0x10a3, 0x10a3, 0x10a3, 0x10a3, 0x10a3, 0x10a3, 0x10a3, 0x10a3, 0x10a3,
    0x10a3, 0x10a3, 0x10a3, 0x10a3, 0x10a3, 0x10a3, 0x10a3, 0x10a3, 0x10a3, 0x10a3, 0x7bae, 0xf79d,
    0xf79d, 0xf79d, 0xf79d, 0xf79d, 0xf79d, 0xf79d, 0xf79d, 0xf79d, 0xf79d, 0xf79d, 0xf79d, 0xf79d,
    0x31a7, 0x10a3, 0x10a3, 0x10a3, 0x10a3, 0x10a3, 0x10a3, 0x10a3, 0x10a3, 0x10a3, 0x10a3, 0x10a3,
    0x10a3, 0x10a3, 0x10a3, 0x10a3, 0x10a3, 0x10a3, 0x10a3, 0x9471, 0xf79d, 0xf79d, 0xf79d, 0xf79d,
    0xf79d, 0xf79d, 0xf79d, 0xf79d, 0xf79d, 0xf79d, 0xf79d, 0xf79d, 0xf79d, 0xf79d, 0x632c, 0x10a3,
    0x10a3, 0x10a3, 0x10a3, 0x10a3, 0x10a3, 0x10a3, 0x10a3, 0x10a3, 0x10a3, 0x10a3, 0x10a3, 0x10a2,
    0x1082, 0x1082, 0x1082, 0x1082, 0x1082, 0x0882, 0x0882, 0x0862, 0x0862, 0x0862, 0x0862, 0x0862,
    0x0862, 0x0862, 0x0862, 0x0862, 0x0862, 0x0862, 0x0862, 0x0862, 0x0862, 0x0862, 0x0862, 0x0862,
    0x0862, 0x0862, 0x0862, 0x0862, 0x10a3, 0x2125, 0x2125, 0x2125, 0x2125, 0x2125, 0x2125, 0x2125,
    0x2125, 0x2125, 0x1905, 0x18e4, 0x18e4, 0x18e4, 0x18e4, 0x18e4, 0x18e4, 0x18e4, 0x18e4, 0x18e4,
    0x0862, 0x0841, 0x0841, 0x0841, 0x0841, 0x0841, 0x0841, 0x0841, 0x0841, 0x0841, 0x0841, 0x0841,
    0x0841, 0x0841, 0x0841, 0x0841, 0x0841, 0x0841, 0x0841, 0x0841, 0x0841, 0x0841, 0x0841, 0x0841,
    0x0841, 0x0841, 0x0841, 0x0841, 0x0841, 0x0841, 0x0841, 0x0862, 0x18e4, 0x18e4, 0x18e4, 0x18e4,
    0x18e4, 0x18e4, 0x18e4, 0x18e4, 0x18e4, 0x1905, 0x2125, 0x2125, 0x2125, 0x2125, 0x2125, 0x2125,
    0x2125, 0x2126, 0x2125, 0x10a2, 0x1082, 0x1082, 0x10a2, 0x10a3, 0x10a3, 0x10a3, 0x10a3, 0x10a3,
    0x10a3, 0x10a3, 0x10a3, 0x10a3, 0x10a3, 0x10a3, 0x10a3, 0x10a3, 0x10a3, 0x10a3, 0x10a3, 0x10a3,
    0x10a3, 0x10a3, 0x10a3, 0x10a3, 0x10a3, 0x10a3, 0x10a3, 0x10a3, 0x10a3, 0x10a3, 0x10a3, 0x10a3,
    0x10a3, 0x10a3, 0x10a3, 0x10a3, 0x10a3, 0x10a3, 0x8c71, 0xf79d, 0xf79d, 0xf79d, 0xf79d, 0xf79d,
    0xf79d, 0xf79d, 0xf79d, 0xf79d, 0xf79d, 0xf79d, 0xf79d, 0xf79d, 0xad54, 0x10a3, 0x10a3, 0x10a3,
    0x10a3, 0x10a3, 0x10a3, 0x10a3, 0x10a3, 0x10a3, 0x10a3, 0x10a3, 0x10a3, 0x10a3, 0x10a3, 0x10a3,
    0x10a3, 0x10a3, 0x10a3, 0x9471, 0xf79d, 0xf79d, 0xf79d, 0xf79d, 0xf79d, 0xf79d, 0xf79d, 0xf79d,
    0xf79d, 0xf79d, 0xf79d, 0xf79d, 0xf79d, 0xf79d, 0x8c30, 0x10a3, 0x10a3, 0x10a3, 0x10a3, 0x10a3,
    0x10a3, 0x10a3, 0x10a3, 0x10a3, 0x10a3, 0x10a3, 0x10a3, 0x10a2, 0x1082, 0x1082, 0x1082, 0x1082,
    0x1082, 0x0882, 0x0882, 0x0862, 0x0862, 0x0862, 0x0862, 0x0862, 0x0862, 0x0862, 0x0862, 0x0862,
    0x0862, 0x0862, 0x0862, 0x0862, 0x0862, 0x0862, 0x0862, 0x0862, 0x0862, 0x0862, 0x0862, 0x0862,
    0x1082, 0x2125, 0x2125, 0x2125, 0x2125, 0x2125, 0x2125, 0x2125, 0x2125, 0x2125, 0x1905, 0x18e4,
    0x18e4, 0x18e4, 0x18e4, 0x18e4, 0x18e4, 0x18e4, 0x18e4, 0x18e4, 0x0862, 0x0841, 0x0841, 0x0841,
    0x0841, 0x0841, 0x0841, 0x0841, 0x0841, 0x0841, 0x0841, 0x0841, 0x0841, 0x0841, 0x0841, 0x0841,
    0x0841, 0x0841, 0x0841, 0x0841, 0x0841, 0x0841, 0x0841, 0x0841, 0x0841, 0x0841, 0x0841, 0x0841,
    0x0841, 0x0841, 0x0841, 0x0862, 0x18e4, 0x18e4, 0x18e4, 0x18e4, 0x18e4, 0x18e4, 0x18e4, 0x18e4,
    0x18e4, 0x1905, 0x2125, 0x2125, 0x2125, 0x2125, 0x2125, 0x2125, 0x2125, 0x2126, 0x1905, 0x1082,
    0x1082, 0x1082, 0x10a2, 0x10a2, 0x10a3, 0x10a3, 0x10a3, 0x10a3, 0x10a3, 0x10a3, 0x10a3, 0x10a3,
    0x10a3, 0x10a3, 0x10a3, 0x10a3, 0x10a3, 0x10a3, 0x10a3, 0x10a3, 0x10a3, 0x10a3, 0x10a3, 0x10a3,
    0x10a3, 0x10a3, 0x10a3, 0x10a3, 0x10a3, 0x10a3, 0x10a3, 0x10a3, 0x10a3, 0x10a3, 0x10a3, 0x10a3,
    0x10a3, 0x10a3, 0x9471, 0xf79d, 0xf79d, 0xf79d, 0xf79d, 0xf79d, 0xf79d, 0xf79d, 0xf79d, 0xf79d,
    0xf79d, 0xf79d, 0xf79d, 0xf79d, 0xf79d, 0x2125, 0x10a3, 0x10a3, 0x10a3, 0x10a3, 0x10a3, 0x10a3,
    0x10a3, 0x10a3, 0x10a3, 0x10a3, 0x10a3, 0x10a3, 0x10a3, 0x10a3, 0x10a3, 0x10a3, 0x10a3, 0x9471,
    0xf79d, 0xf79d, 0xf79d, 0xf79d, 0xf79d, 0xf79d, 0xf79d, 0xf79d, 0xf79d, 0xf79d, 0xf79d, 0xf79d,
    0xf79d, 0xf79d, 0x9471, 0x10a3, 0x10a3, 0x10a3, 0x10a3, 0x10a3, 0x10a3, 0x10a3, 0x10a3, 0x10a3,
    0x10a3, 0x10a3, 0x10a2, 0x10a2, 0x1082, 0x1082, 0x1082, 0x1082, 0x1082, 0x0882, 0x0882, 0x0862,
    0x0862, 0x0862, 0x0862, 0x0862, 0x0862, 0x0862, 0x0862, 0x0862, 0x0862, 0x0862, 0x0862, 0x0862,
    0x0862, 0x0862, 0x0862, 0x0862, 0x0862, 0x0862, 0x0862, 0x0862, 0x0862, 0x1904, 0x2125, 0x2125,
    0x2125, 0x2125, 0x2125, 0x2125, 0x2125, 0x2125, 0x1905, 0x18e4, 0x18e4, 0x18e4, 0x18e4, 0x18e4,
    0x18e4, 0x18e4, 0x18e4, 0x18e4, 0x0862, 0x0841, 0x0841, 0x0841, 0x0841, 0x0841, 0x0841, 0x0841,
    0x0841, 0x0841, 0x0841, 0x0841, 0x0841, 0x0841, 0x0841, 0x0841, 0x0841, 0x0841, 0x0841, 0x0841,
    0x0841, 0x0841, 0x0841, 0x0841, 0x0841, 0x0841, 0x0841, 0x0841, 0x0841, 0x0841, 0x0841, 0x0862,
    0x18e4, 0x18e4, 0x18e4, 0x18e4, 0x18e4, 0x18e4, 0x18e4, 0x18e4, 0x18e4, 0x1905, 0x2125, 0x2125,
    0x2125, 0x2125, 0x2125, 0x2125, 0x2125, 0x2126, 0x18e4, 0x1082, 0x1082, 0x1082, 0x1082, 0x10a2,
    0x10a3, 0x10a3, 0x10a3, 0x10a3, 0x10a3, 0x10a3, 0x10a3, 0x10a3, 0x10a3, 0x10a3, 0x10a3, 0x10a3,
    0x10a3, 0x10a3, 0x10a3, 0x10a3, 0x10a3, 0x10a3, 0x10a3, 0x10a3, 0x10a3, 0x10a3, 0x10a3, 0x10a3,
    0x10a3, 0x10a3, 0x10a3, 0x10a3, 0x10a3, 0x10a3, 0x10a3, 0x10a3, 0x10a3, 0x10a3, 0x9471, 0xf79d,
    0xf79d, 0xf79d, 0xf79d, 0xf79d, 0xf79d, 0xf79d, 0xf79d, 0xf79d, 0xf79d, 0xf79d, 0xf79d, 0xf79d,
    0xf79d, 0x632c, 0x10a3, 0x10a3, 0x10a3, 0x10a3, 0x10a3, 0x10a3, 0x10a3, 0x10a3, 0x10a3, 0x10a3,
    0x10a3, 0x10a3, 0x10a3, 0x10a3, 0x10a3, 0x10a3, 0x10a3, 0x9471, 0xf79d, 0xf79d, 0xf79d, 0xf79d,
    0xf79d, 0xf79d, 0xf79d, 0xf79d, 0xf79d, 0xf79d, 0xf79d, 0xf79d, 0xf79d, 0xf79d, 0x9471, 0x10a3,
    0x10a3, 0x10a3, 0x10a3, 0x10a3, 0x10a3, 0x10a3, 0x10a3, 0x10a3, 0x10a3, 0x10a3, 0x10a2, 0x1082,
    0x1082, 0x1082, 0x1082, 0x1082, 0x1082, 0x0882, 0x0882, 0x0862, 0x0862, 0x0862, 0x0862, 0x0862,
    0x0862, 0x0862, 0x0862, 0x0862, 0x0862, 0x0862, 0x0862, 0x0862, 0x0862, 0x0862, 0x0862, 0x0862,
    0x0862, 0x0862, 0x0862, 0x0862, 0x0862, 0x18e4, 0x2125, 0x2125, 0x2125, 0x2125, 0x2125, 0x2125,
    0x2125, 0x2125, 0x1905, 0x18e4, 0x18e4, 0x18e4, 0x18e4, 0x18e4, 0x18e4, 0x18e4, 0x18e4, 0x18e4,
    0x0862, 0x0841, 0x0841, 0x0841, 0x0841, 0x0841, 0x0841, 0x0841, 0x0841, 0x0841, 0x0841, 0x0841,
    0x0841, 0x0841, 0x0841, 0x0841, 0x0841, 0x0841, 0x0841, 0x0841, 0x0841, 0x0841, 0x0841, 0x0841,
    0x0841, 0x0841, 0x0841, 0x0841, 0x0841, 0x0841, 0x0841, 0x0862, 0x18e4, 0x18e4, 0x18e4, 0x18e4,
    0x18e4, 0x18e4, 0x18e4, 0x18e4, 0x18e4, 0x1905, 0x2125, 0x2125, 0x2125, 0x2125, 0x2125, 0x2125,
    0x2125, 0x2126, 0x18c4, 0x1082, 0x1082, 0x1082, 0x1082, 0x10a2, 0x10a3, 0x10a3, 0x10a3, 0x10a3,
    0x10a3, 0x10a3, 0x10a3, 0x10a3, 0x10a3, 0x10a3, 0x10a3, 0x10a3, 0x10a3, 0x10a3, 0x10a3, 0x10a3,
    0x10a3, 0x10a3, 0x10a3, 0x10a3, 0x10a3, 0x10a3, 0x10a3, 0x10a3, 0x10a3, 0x10a3, 0x10a3, 0x10a3,
    0x10a3, 0x10a3, 0x10a3, 0x10a3, 0x10a3, 0x10a3, 0x9471, 0xf79d, 0xf79d, 0xf79d, 0xf79d, 0xf79d,
    0xf79d, 0xf79d, 0xf79d, 0xf79d, 0xf79d, 0xf79d, 0xf79d, 0xf79d, 0xf79d, 0x8c30, 0x10a3, 0x10a3,
    0x10a3, 0x10a3, 0x10a3, 0x10a3, 0x10a3, 0x10a3, 0x10a3, 0x10a3, 0x10a3, 0x10a3, 0x10a3, 0x10a3,
    0x10a3, 0x10a3, 0x10a3, 0x9471, 0xf79d, 0xf79d, 0xf79d, 0xf79d, 0xf79d, 0xf79d, 0xf79d, 0xf79d,
    0xf79d, 0xf79d, 0xf79d, 0xf79d, 0xf79d, 0xf79d, 0x9471, 0x10a3, 0x10a3, 0x10a3, 0x10a3, 0x10a3,
    0x10a3, 0x10a3, 0x10a3, 0x10a3, 0x10a3, 0x10a3, 0x10a2, 0x1082, 0x1082, 0x1082, 0x1082, 0x1082,
    0x1082, 0x0882, 0x0882, 0x0862, 0x0862, 0x0862, 0x0862, 0x0862, 0x0862, 0x0862, 0x0862, 0x0862,
    0x0862, 0x0862, 0x0862, 0x0862, 0x0862, 0x0862, 0x0862, 0x0862, 0x0862, 0x0862, 0x0862, 0x0862,
    0x0862, 0x18c3, 0x2125, 0x2125, 0x2125, 0x2125, 0x2125, 0x2125, 0x2125, 0x2125, 0x1905, 0x18e4,
    0x18e4, 0x18e4, 0x18e4, 0x18e4, 0x18e4, 0x18e4, 0x18e4, 0x18e4, 0x0862, 0x0841, 0x0841, 0x0841,
    0x0841, 0x0841, 0x0841, 0x0841, 0x0841, 0x0841, 0x0841, 0x0841, 0x0841, 0x0841, 0x0841, 0x0841,
    0x0841, 0x0841, 0x0841, 0x0841, 0x0841, 0x0841, 0x0841, 0x0841, 0x0841, 0x0841, 0x0841, 0x0841,
    0x0841, 0x0841, 0x0841, 0x0862, 0x18e4, 0x18e4, 0x18e4, 0x18e4, 0x18e4, 0x18e4, 0x18e4, 0x18e4,
    0x18e4, 0x1905, 0x2125, 0x2125, 0x2125, 0x2125, 0x2125, 0x2125, 0x2125, 0x2126, 0x10c3, 0x1082,
    0x1082, 0x1082, 0x1082, 0x10a2, 0x10a3, 0x10a3, 0x10a3, 0x10a3, 0x10a3, 0x10a3, 0x10a3, 0x10a3,
    0x10a3, 0x10a3, 0x10a3, 0x10a3, 0x10a3, 0x10a3, 0x10a3, 0x10a3, 0x10a3, 0x10a3, 0x10a3, 0x10a3,
    0x10a3, 0x10a3, 0x10a3, 0x10a3, 0x10a3, 0x10a3, 0x10a3, 0x10a3, 0x10a3, 0x10a3, 0x10a3, 0x10a3,
    0x10a3, 0x10a3, 0x9471, 0xf79d, 0xf79d, 0xf79d, 0xf79d, 0xf79d, 0xf79d, 0xf79d, 0xf79d, 0xf79d,
    0xf79d, 0xf79d, 0xf79d, 0xf79d, 0xf79d, 0x9471, 0x10a3, 0x10a3, 0x10a3, 0x10a3, 0x10a3, 0x10a3,
    0x10a3, 0x10a3, 0x10a3, 0x10a3, 0x10a3, 0x10a3, 0x10a3, 0x10a3, 0x10a3, 0x10a3, 0x10a3, 0x9471,
    0xf79d, 0xf79d, 0xf79d, 0xf79d, 0xf79d, 0xf79d, 0xf79d, 0xf79d, 0xf79d, 0xf79d, 0xf79d, 0xf79d,
    0xf79d, 0xf79d, 0x9471, 0x10a3, 0x10a3, 0x10a3, 0x10a3, 0x10a3, 0x10a3, 0x10a3, 0x10a3, 0x10a3,
    0x10a3, 0x10a3, 0x10a2, 0x1082, 0x1082, 0x1082, 0x1082, 0x1082, 0x1082, 0x0882, 0x0882, 0x0862,
    0x0862, 0x0862, 0x0862, 0x0862, 0x0862, 0x0862, 0x0862, 0x0862, 0x0862, 0x0862, 0x0862, 0x0862,
    0x0862, 0x0862, 0x0862, 0x0862, 0x0862, 0x0862, 0x0862, 0x0862, 0x0862, 0x10a3, 0x2125, 0x2125,
    0x2125, 0x2125, 0x2125, 0x2125, 0x2125, 0x2125, 0x1905, 0x18e4, 0x18e4, 0x18e4, 0x18e4, 0x18e4,
    0x18e4, 0x18e4, 0x18e4, 0x18e4, 0x0862, 0x0841, 0x0841, 0x0841, 0x0841, 0x0841, 0x0841, 0x0841,
    0x0841, 0x0841, 0x0841, 0x0841, 0x0841, 0x0841, 0x0841, 0x0841, 0x0841, 0x0841, 0x0841, 0x0841,
    0x0841, 0x0841, 0x0841, 0x0841, 0x0841, 0x0841, 0x0841, 0x0841, 0x0841, 0x0841, 0x0841, 0x0862,
    0x18e4, 0x18e4, 0x18e4, 0x18e4, 0x18e4, 0x18e4, 0x18e4, 0x18e4, 0x18e4, 0x1905, 0x2125, 0x2125,
    0x2125, 0x2125, 0x2125, 0x2125, 0x2125, 0x2126, 0x10a3, 0x1082, 0x1082, 0x1082, 0x1082, 0x10a2,
    0x10a3, 0x10a3, 0x10a3, 0x10a3, 0x10a3, 0x10a3, 0x10a3, 0x10a3, 0x10a3, 0x10a3, 0x10a3, 0x10a3,
    0x10a3, 0x10a3, 0x10a3, 0x10a3, 0x10a3, 0x10a3, 0x10a3, 0x10a3, 0x10a3, 0x10a3, 0x10a3, 0x10a3,
    0x10a3, 0x10a3, 0x10a3, 0x10a3, 0x10a3, 0x10a3, 0x10a3, 0x10a3, 0x10a3, 0x10a3, 0x9471, 0xf79d,
    0xf79d, 0xf79d, 0xf79d, 0xf79d, 0xf79d, 0xf79d, 0xf79d, 0xf79d, 0xf79d, 0xf79d, 0xf79d, 0xf79d,
    0xf79d, 0x9471, 0x10a3, 0x10a3, 0x10a3, 0x10a3, 0x10a3, 0x10a3, 0x10a3, 0x10a3, 0x10a3, 0x10a3,
    0x10a3, 0x10a3, 0x10a3, 0x10a3, 0x10a3, 0x10a3, 0x10a3, 0x9471, 0xf79d, 0xf79d, 0xf79d, 0xf79d,
    0xf79d, 0xf79d, 0xf79d, 0xf79d, 0xf79d, 0xf79d, 0xf79d, 0xf79d, 0xf79d, 0xf79d, 0x9471, 0x10a3,
    0x10a3, 0x10a3, 0x10a3, 0x10a3, 0x10a3, 0x10a3, 0x10a3, 0x10a3, 0x10a3, 0x10a3, 0x10a2, 0x1082,
    0x1082, 0x1082, 0x1082, 0x1082, 0x1082, 0x0882, 0x0862, 0x0862, 0x0862, 0x0862, 0x0862, 0x0862,
    0x0862, 0x0862, 0x0862, 0x0862, 0x0862, 0x0862, 0x0862, 0x0862, 0x0862, 0x0862, 0x0862, 0x0862,
    0x0862, 0x0862, 0x0862, 0x0862, 0x0862, 0x10a3, 0x2125, 0x2125, 0x2125, 0x2125, 0x2125, 0x2125,
    0x2125, 0x2125, 0x1905, 0x18e4, 0x18e4, 0x18e4, 0x18e4, 0x18e4, 0x18e4, 0x18e4, 0x18e4, 0x18e4,
    0x0862, 0x0841, 0x0841, 0x0841, 0x0841, 0x0841, 0x0841, 0x0841, 0x0841, 0x0841, 0x0841, 0x0841,
    0x0841, 0x0841, 0x0841, 0x0841, 0x0841, 0x0841, 0x0841, 0x0841, 0x0841, 0x0841, 0x0841, 0x0841,
    0x0841, 0x0841, 0x0841, 0x0841, 0x0841, 0x0841, 0x0841, 0x0862, 0x18e4, 0x18e4, 0x18e4, 0x18e4,
    0x18e4, 0x18e4, 0x18e4, 0x18e4, 0x18e4, 0x1905, 0x2125, 0x2125, 0x2125, 0x2125, 0x2125, 0x2125,
    0x2125, 0x2125, 0x1082, 0x1082, 0x1082, 0x1082, 0x1082, 0x10a2, 0x10a3, 0x10a3, 0x10a3, 0x10a3,
    0x10a3, 0x10a3, 0x10a3, 0x10a3, 0x10a3, 0x10a3, 0x10a3, 0x10a3, 0x10a3, 0x10a3, 0x10a3, 0x10a3,
    0x10a3, 0x10a3, 0x10a3, 0x10a3, 0x10a3, 0x10a3, 0x10a3, 0x10a3, 0x10a3, 0x10a3, 0x10a3, 0x10a3,
    0x10a3, 0x10a3, 0x10a3, 0x10a3, 0x10a3, 0x10a3, 0x9471, 0xf79d, 0xf79d, 0xf79d, 0xf79d, 0xf79d,
    0xf79d, 0xf79d, 0xf79d, 0xf79d, 0xf79d, 0xf79d, 0xf79d, 0xf79d, 0xf79d, 0x9471, 0x10a3, 0x10a3,
    0x10a3, 0x10a3, 0x10a3, 0x10a3, 0x10a3, 0x10a3, 0x10a3, 0x10a3, 0x10a3, 0x10a3, 0x10a3, 0x10a3,
    0x10a3, 0x10a3, 0x10a3, 0x9471, 0xf79d, 0xf79d, 0xf79d, 0xf79d, 0xf79d, 0xf79d, 0xf79d, 0xf79d,
    0xf79d, 0xf79d, 0xf79d, 0xf79d, 0xf79d, 0xf79d, 0x9471, 0x10a3, 0x10a3, 0x10a3, 0x10a3, 0x10a3,
    0x10a3, 0x10a3, 0x10a3, 0x10a3, 0x10a3, 0x10a3, 0x10a2, 0x1082, 0x1082, 0x1082, 0x1082, 0x1082,
    0x0882, 0x0882, 0x0862, 0x0862, 0x0862, 0x0862, 0x0862, 0x0862, 0x0862, 0x0862, 0x0862, 0x0862,
    0x0862, 0x0862, 0x0862, 0x0862, 0x0862, 0x0862, 0x0862, 0x0862, 0x0862, 0x0862, 0x0862, 0x0862,
    0x0862, 0x1082, 0x2125, 0x2125, 0x2125, 0x2125, 0x2125, 0x2125, 0x2125, 0x2125, 0x1905, 0x18e4,
    0x18e4, 0x18e4, 0x18e4, 0x18e4, 0x18e4, 0x18e4, 0x18e4, 0x18e4, 0x0862, 0x0841, 0x0841, 0x0841,
    0x0841, 0x0841, 0x0841, 0x0841, 0x0841, 0x0841, 0x0841, 0x0841, 0x0841, 0x0841, 0x0841, 0x0841,
    0x0841, 0x0841, 0x0841, 0x0841, 0x0841, 0x0841, 0x0841, 0x0841, 0x0841, 0x0841, 0x0841, 0x0841,
    0x0841, 0x0841, 0x0841, 0x0862, 0x18e4, 0x18e4, 0x18e4, 0x18e4, 0x18e4, 0x18e4, 0x18e4, 0x18e4,
    0x18e4, 0x1905, 0x2125, 0x2125, 0x2125, 0x2125, 0x2125, 0x2125, 0x2125, 0x2105, 0x1082, 0x1082,
    0x1082, 0x1082, 0x1082, 0x10a2, 0x10a2, 0x10a3, 0x10a3, 0x10a3, 0x10a3, 0x10a3, 0x10a3, 0x10a3,
    0x10a3, 0x10a3, 0x10a3, 0x10a3, 0x10a3, 0x10a3, 0x10a3, 0x10a3, 0x10a3, 0x10a3, 0x10a3, 0x10a3,
    0x10a3, 0x10a3, 0x10a3, 0x10a3, 0x10a3, 0x10a3, 0x10a3, 0x10a3, 0x10a3, 0x10a3, 0x10a3, 0x10a3,
    0x10a3, 0x10a3, 0x9471, 0xf79d, 0xf79d, 0xf79d, 0xf79d, 0xf79d, 0xf79d, 0xf79d, 0xf79d, 0xf79d,
    0xf79d, 0xf79d, 0xf79d, 0xf79d, 0xf79d, 0x9471, 0x10a3, 0x10a3, 0x10a3, 0x10a3, 0x10a3, 0x10a3,
    0x10a3, 0x10a3, 0x10a3, 0x10a3, 0x10a3, 0x10a3, 0x10a3, 0x10a3, 0x10a3, 0x10a3, 0x10a3, 0x9471,
    0xf79d, 0xf79d, 0xf79d, 0xf79d, 0xf79d, 0xf79d, 0xf79d, 0xf79d, 0xf79d, 0xf79d, 0xf79d, 0xf79d,
    0xf79d, 0xf79d, 0x9471, 0x10a3, 0x10a3, 0x10a3, 0x10a3, 0x10a3, 0x10a3, 0x10a3, 0x10a3, 0x10a3,
    0x10a3, 0x10a2, 0x10a2, 0x1082, 0x1082, 0x1082, 0x1082, 0x1082, 0x0882, 0x0882, 0x0862, 0x0862,
    0x0862, 0x0862, 0x0862, 0x0862, 0x0862, 0x0862, 0x0862, 0x0862, 0x0862, 0x0862, 0x0862, 0x0862,
    0x0862, 0x0862, 0x0862, 0x0862, 0x0862, 0x0862, 0x0862, 0x0862, 0x0862, 0x0862, 0x2105, 0x2125,
    0x2125, 0x2125, 0x2125, 0x2125, 0x2125, 0x2125, 0x1905, 0x18e4, 0x18e4, 0x18e4, 0x18e4, 0x18e4,
    0x18e4, 0x18e4, 0x18e4, 0x18e4, 0x0862, 0x0841, 0x0841, 0x0841, 0x0841, 0x0841, 0x0841, 0x0841,
    0x0841, 0x0841, 0x0841, 0x0841, 0x0841, 0x0841, 0x0841, 0x0841, 0x0841, 0x0841, 0x0841, 0x0841,
    0x0841, 0x0841, 0x0841, 0x0841, 0x0841, 0x0841, 0x0841, 0x0841, 0x0841, 0x0841, 0x0841, 0x0862,
    0x18e4, 0x18e4, 0x18e4, 0x18e4, 0x18e4, 0x18e4, 0x18e4, 0x18e4, 0x18e4, 0x1905, 0x2125, 0x2125,
    0x2125, 0x2125, 0x2125, 0x2125, 0x2125, 0x2105, 0x1082, 0x1082, 0x1082, 0x1082, 0x1082, 0x1082,
    0x10a2, 0x10a3, 0x10a3, 0x10a3, 0x10a3, 0x10a3, 0x10a3, 0x10a3, 0x10a3, 0x10a3, 0x10a3, 0x10a3,
    0x10a3, 0x10a3, 0x10a3, 0x10a3, 0x10a3, 0x10a3, 0x10a3, 0x10a3, 0x10a3, 0x10a3, 0x10a3, 0x10a3,
    0x10a3, 0x10a3, 0x10a3, 0x10a3, 0x10a3, 0x10a3, 0x10a3, 0x10a3, 0x10a3, 0x10a3, 0x9471, 0xf79d,
    0xf79d, 0xf79d, 0xf79d, 0xf79d, 0xf79d, 0xf79d, 0xf79d, 0xf79d, 0xf79d, 0xf79d, 0xf79d, 0xf79d,
    0xf79d, 0x9471, 0x10a3, 0x10a3, 0x10a3, 0x10a3, 0x10a3, 0x10a3, 0x10a3, 0x10a3, 0x10a3, 0x10a3,
    0x10a3, 0x10a3, 0x10a3, 0x10a3, 0x10a3, 0x10a3, 0x10a3, 0x9471, 0xf79d, 0xf79d, 0xf79d, 0xf79d,
    0xf79d, 0xf79d, 0xf79d, 0xf79d, 0xf79d, 0xf79d, 0xf79d, 0xf79d, 0xf79d, 0xf79d, 0x9471, 0x10a3,
    0x10a3, 0x10a3, 0x10a3, 0x10a3, 0x10a3, 0x10a3, 0x10a3, 0x10a3, 0x10a3, 0x10a2, 0x1082, 0x1082,
    0x1082, 0x1082, 0x1082, 0x1082, 0x0882, 0x0882, 0x0862, 0x0862, 0x0862, 0x0862, 0x0862, 0x0862,
    0x0862, 0x0862, 0x0862, 0x0862, 0x0862, 0x0862, 0x0862, 0x0862, 0x0862, 0x0862, 0x0862, 0x0862,
    0x0862, 0x0862, 0x0862, 0x0862, 0x0862, 0x0862, 0x1905, 0x2125, 0x2125, 0x2125, 0x2125, 0x2125,
    0x2125, 0x2125, 0x1905, 0x18e4, 0x18e4, 0x18e4, 0x18e4, 0x18e4, 0x18e4, 0x18e4, 0x18e4, 0x18e4,
    0x0862, 0x0841, 0x0841, 0x0841, 0x0841, 0x0841, 0x0841, 0x0841, 0x0841, 0x0841, 0x0841, 0x0841,
    0x0841, 0x0841, 0x0841, 0x0841, 0x0841, 0x0841, 0x0841, 0x0841, 0x0841, 0x0841, 0x0841, 0x0841,
    0x0841, 0x0841, 0x0841, 0x0841, 0x0841, 0x0841, 0x0841, 0x0862, 0x18e4, 0x18e4, 0x18e4, 0x18e4,
    0x18e4, 0x18e4, 0x18e4, 0x18e4, 0x18e4, 0x1905, 0x2125, 0x2125, 0x2125, 0x2125, 0x2125, 0x2125,
    0x2125, 0x1905, 0x1082, 0x1082, 0x1082, 0x1082, 0x1082, 0x1082, 0x10a2, 0x10a3, 0x10a3, 0x10a3,
    0x10a3, 0x10a3, 0x10a3, 0x10a3, 0x10a3, 0x10a3, 0x10a3, 0x10a3, 0x10a3, 0x10a3, 0x10a3, 0x10a3,
    0x10a3, 0x10a3, 0x10a3, 0x10a3, 0x10a3, 0x10a3, 0x10a3, 0x10a3, 0x10a3, 0x10a3, 0x10a3, 0x10a3,
    0x10a3, 0x10a3, 0x10a3, 0x10a3, 0x10a3, 0x10a3, 0x9471, 0xf79d, 0xf79d, 0xf79d, 0xf79d, 0xf79d,
    0xf79d, 0xf79d, 0xf79d, 0xf79d, 0xf79d, 0xf79d, 0xf79d, 0xf79d, 0xf79d, 0x9471, 0x10a3, 0x10a3,
    0x10a3, 0x10a3, 0x10a3, 0x10a3, 0x10a3, 0x10a3, 0x10a3, 0x10a3, 0x10a3, 0x10a3, 0x10a3, 0x10a3,
    0x10a3, 0x10a3, 0x10a3, 0x9471, 0xf79d, 0xf79d, 0xf79d, 0xf79d, 0xf79d, 0xf79d, 0xf79d, 0xf79d,
    0xf79d, 0xf79d, 0xf79d, 0xf79d, 0xf79d, 0xf79d, 0x9471, 0x10a3, 0x10a3, 0x10a3, 0x10a3, 0x10a3,
    0x10a3, 0x10a3, 0x10a3, 0x10a3, 0x10a3, 0x10a2, 0x1082, 0x1082, 0x1082, 0x1082, 0x1082, 0x1082,
    0x0882, 0x0882, 0x0862, 0x0862, 0x0862, 0x0862, 0x0862, 0x0862, 0x0862, 0x0862, 0x0862, 0x0862,
    0x0862, 0x0862, 0x0862, 0x0862, 0x0862, 0x0862, 0x0862, 0x0862, 0x0862, 0x0862, 0x0862, 0x0862,
    0x0862, 0x0862, 0x18e4, 0x2125, 0x2125, 0x2125, 0x2125, 0x2125, 0x2125, 0x2125, 0x1905, 0x18e4,
    0x18e4, 0x18e4, 0x18e4, 0x18e4, 0x18e4, 0x18e4, 0x18e4, 0x18e4, 0x0862, 0x0841, 0x0841, 0x0841,
    0x0841, 0x0841, 0x0841, 0x0841, 0x0841, 0x0841, 0x0841, 0x0841, 0x0841, 0x0841, 0x0841, 0x0841,
    0x0841, 0x0841, 0x0841, 0x0841, 0x0841, 0x0841, 0x0841, 0x0841, 0x0841, 0x0841, 0x0841, 0x0841,
    0x0841, 0x0841, 0x0841, 0x0862, 0x18e4, 0x18e4, 0x18e4, 0x18e4, 0x18e4, 0x18e4, 0x18e4, 0x18e4,
    0x18e4, 0x1905, 0x2125, 0x2125, 0x2125, 0x2125, 0x2125, 0x2125, 0x2125, 0x18e4, 0x1082, 0x1082,
    0x1082, 0x1082, 0x1082, 0x1082, 0x10a2, 0x10a3, 0x10a3, 0x10a3, 0x10a3, 0x10a3, 0x10a3, 0x10a3,
    0x10a3, 0x10a3, 0x10a3, 0x10a3, 0x10a3, 0x10a3, 0x10a3, 0x10a3, 0x10a3, 0x10a3, 0x10a3, 0x10a3,
    0x10a3, 0x10a3, 0x10a3, 0x10a3, 0x10a3, 0x10a3, 0x10a3, 0x10a3, 0x10a3, 0x10a3, 0x10a3, 0x10a3,
    0x10a3, 0x10a3, 0x9471, 0xf79d, 0xf79d, 0xf79d, 0xf79d, 0xf79d, 0xf79d, 0xf79d, 0xf79d, 0xf79d,
    0xf79d, 0xf79d, 0xf79d, 0xf79d, 0xf79d, 0x9471, 0x10a3, 0x10a3, 0x10a3, 0x10a3, 0x10a3, 0x10a3,
    0x10a3, 0x10a3, 0x10a3, 0x10a3, 0x10a3, 0x10a3, 0x10a3, 0x10a3, 0x10a3, 0x10a3, 0x10a3, 0x9471,
    0xf79d, 0xf79d, 0xf79d, 0xf79d, 0xf79d, 0xf79d, 0xf79d, 0xf79d, 0xf79d, 0xf79d, 0xf79d, 0xf79d,
    0xf79d, 0xf79d, 0x9471, 0x10a3, 0x10a3, 0x10a3, 0x10a3, 0x10a3, 0x10a3, 0x10a3, 0x10a3, 0x10a3,
    0x10a3, 0x10a2, 0x1082, 0x1082, 0x1082, 0x1082, 0x1082, 0x1082, 0x0882, 0x0862, 0x0862, 0x0862,
    0x0862, 0x0862, 0x0862, 0x0862, 0x0862, 0x0862, 0x0862, 0x0862, 0x0862, 0x0862, 0x0862, 0x0862,
    0x0862, 0x0862, 0x0862, 0x0862, 0x0862, 0x0862, 0x0862, 0x0862, 0x0862, 0x0862, 0x18e4, 0x2125,
    0x2125, 0x2125, 0x2125, 0x2125, 0x2125, 0x2125, 0x1905, 0x18e4, 0x18e4, 0x18e4, 0x18e4, 0x18e4,
    0x18e4, 0x18e4, 0x18e4, 0x18e4, 0x0862, 0x0841, 0x0841, 0x0841, 0x0841, 0x0841, 0x0841, 0x0841,
    0x0841, 0x0841, 0x0841, 0x0841, 0x0841, 0x0841, 0x0841, 0x0841, 0x0841, 0x0841, 0x0841, 0x0841,
    0x0841, 0x0841, 0x0841, 0x0841, 0x0841, 0x0841, 0x0841, 0x0841, 0x0841, 0x0841, 0x0841, 0x0862,
    0x18e4, 0x18e4, 0x18e4, 0x18e4, 0x18e4, 0x18e4, 0x18e4, 0x18e4, 0x18e4, 0x1905, 0x2125, 0x2125,
    0x2125, 0x2125, 0x2125, 0x2125, 0x2125, 0x18e4, 0x0882, 0x1082, 0x1082, 0x1082, 0x1082, 0x1082,
    0x10a2, 0x10a2, 0x10a3, 0x10a3, 0x10a3, 0x10a3, 0x10a3, 0x10a3, 0x10a3, 0x10a3, 0x10a3, 0x10a3,
    0x10a3, 0x10a3, 0x10a3, 0x10a3, 0x10a3, 0x10a3, 0x10a3, 0x10a3, 0x10a3, 0x10a3, 0x10a3, 0x10a3,
    0x10a3, 0x10a3, 0x10a3, 0x10a3, 0x10a3, 0x10a3, 0x10a3, 0x10a3, 0x10a3, 0x10a3, 0x9471, 0xf79d,
    0xf79d, 0xf79d, 0xf79d, 0xf79d, 0xf79d, 0xf79d, 0xf79d, 0xf79d, 0xf79d, 0xf79d, 0xf79d, 0xf79d,
    0xf79d, 0x9471, 0x10a3, 0x10a3, 0x10a3, 0x10a3, 0x10a3, 0x10a3, 0x10a3, 0x10a3, 0x10a3, 0x10a3,
    0x10a3, 0x10a3, 0x10a3, 0x10a3, 0x10a3, 0x10a3, 0x10a3, 0x9471, 0xf79d, 0xf79d, 0xf79d, 0xf79d,
    0xf79d, 0xf79d, 0xf79d, 0xf79d, 0xf79d, 0xf79d, 0xf79d, 0xf79d, 0xf79d, 0xf79d, 0x9471, 0x10a3,
    0x10a3, 0x10a3, 0x10a3, 0x10a3, 0x10a3, 0x10a3, 0x10a3, 0x10a3, 0x10a2, 0x10a2, 0x1082, 0x1082,
    0x1082, 0x1082, 0x1082, 0x0882, 0x0882, 0x0862, 0x0862, 0x0862, 0x0862, 0x0862, 0x0862, 0x0862,
    0x0862, 0x0862, 0x0862, 0x0862, 0x0862, 0x0862, 0x0862, 0x0862, 0x0862, 0x0862, 0x0862, 0x0862,
    0x0862, 0x0862, 0x0862, 0x0862, 0x0862, 0x0862, 0x18e4, 0x2125, 0x2125, 0x2125, 0x2125, 0x2125,
    0x2125, 0x2125, 0x1905, 0x18e4, 0x18e4, 0x18e4, 0x18e4, 0x18e4, 0x18e4, 0x18e4, 0x18e4, 0x18e4,
    0x0862, 0x0841, 0x0841, 0x0841, 0x0841, 0x0841, 0x0841, 0x0841, 0x0841, 0x0841, 0x0841, 0x0841,
    0x0841, 0x0841, 0x0841, 0x0841, 0x0841, 0x0841, 0x0841, 0x0841, 0x0841, 0x0841, 0x0841, 0x0841,
    0x0841, 0x0841, 0x0841, 0x0841, 0x0841, 0x0841, 0x0841, 0x0862, 0x18e4, 0x18e4, 0x18e4, 0x18e4,
    0x18e4, 0x18e4, 0x18e4, 0x18e4, 0x18e4, 0x1905, 0x2125, 0x2125, 0x2125, 0x2125, 0x2125, 0x2125,
    0x2125, 0x18e4, 0x0882, 0x1082, 0x1082, 0x1082, 0x1082, 0x1082, 0x1082, 0x10a2, 0x10a3, 0x10a3,
    0x10a3, 0x10a3, 0x10a3, 0x10a3, 0x10a3, 0x10a3, 0x10a3, 0x10a3, 0x10a3, 0x10a3, 0x10a3, 0x10a3,
    0x10a3, 0x10a3, 0x10a3, 0x10a3, 0x10a3, 0x10a3, 0x10a3, 0x10a3, 0x10a3, 0x10a3, 0x10a3, 0x10a3,
    0x10a3, 0x10a3, 0x10a3, 0x10a3, 0x10a3, 0x10a3, 0x9471, 0xf79d, 0xf79d, 0xf79d, 0xf79d, 0xf79d,
    0xf79d, 0xf79d, 0xf79d, 0xf79d, 0xf79d, 0xf79d, 0xf79d, 0xf79d, 0xf79d, 0x9471, 0x10a3, 0x10a3,
    0x10a3, 0x10a3, 0x10a3, 0x10a3, 0x10a3, 0x10a3, 0x10a3, 0x10a3, 0x10a3, 0x10a3, 0x10a3, 0x10a3,
    0x10a3, 0x10a3, 0x10a3, 0x9471, 0xf79d, 0xf79d, 0xf79d, 0xf79d, 0xf79d, 0xf79d, 0xf79d, 0xf79d,
    0xf79d, 0xf79d, 0xf79d, 0xf79d, 0xf79d, 0xf79d, 0x9471, 0x10a3, 0x10a3, 0x10a3, 0x10a3, 0x10a3,
    0x10a3, 0x10a3, 0x10a3, 0x10a3, 0x10a2, 0x1082, 0x1082, 0x1082, 0x1082, 0x1082, 0x1082, 0x0882,
    0x0882, 0x0862, 0x0862, 0x0862, 0x0862, 0x0862, 0x0862, 0x0862, 0x0862, 0x0862, 0x0862, 0x0862,
    0x0862, 0x0862, 0x0862, 0x0862, 0x0862, 0x0862, 0x0862, 0x0862, 0x0862, 0x0862, 0x0862, 0x0862,
    0x0862, 0x0862, 0x18e4, 0x2125, 0x2125, 0x2125, 0x2125, 0x2125, 0x2125, 0x2125, 0x1905, 0x18e4,
    0x18e4, 0x18e4, 0x18e4, 0x18e4, 0x18e4, 0x18e4, 0x18e4, 0x18e4, 0x0862, 0x0841, 0x0841, 0x0841,
    0x0841, 0x0841, 0x0841, 0x0841, 0x0841, 0x0841, 0x0841, 0x0841, 0x0841, 0x0841, 0x0841, 0x0841,
    0x0841, 0x0841, 0x0841, 0x0841, 0x0841, 0x0841, 0x0841, 0x0841, 0x0841, 0x0841, 0x0841, 0x0841,
    0x0841, 0x0841, 0x0841, 0x0862, 0x18e4, 0x18e4, 0x18e4, 0x18e4, 0x18e4, 0x18e4, 0x18e4, 0x18e4,
    0x18e4, 0x1905, 0x2125, 0x2125, 0x2125, 0x2125, 0x2125, 0x2125, 0x2125, 0x18e4, 0x0882, 0x1082,
    0x1082, 0x1082, 0x1082, 0x1082, 0x1082, 0x10a2, 0x10a3, 0x10a3, 0x10a3, 0x10a3, 0x10a3, 0x10a3,
    0x10a3, 0x10a3, 0x10a3, 0x10a3, 0x10a3, 0x10a3, 0x10a3, 0x10a3, 0x10a3, 0x10a3, 0x10a3, 0x10a3,
    0x10a3, 0x10a3, 0x10a3, 0x10a3, 0x10a3, 0x10a3, 0x10a3, 0x10a3, 0x10a3, 0x10a3, 0x10a3, 0x10a3,
    0x10a3, 0x10a3, 0x9471, 0xf79d, 0xf79d, 0xf79d, 0xf79d, 0xf79d, 0xf79d, 0xf79d, 0xf79d, 0xf79d,
    0xf79d, 0xf79d, 0xf79d, 0xf79d, 0xf79d, 0x9471, 0x10a3, 0x10a3, 0x10a3, 0x10a3, 0x10a3, 0x10a3,
    0x10a3, 0x10a3, 0x10a3, 0x10a3, 0x10a3, 0x10a3, 0x10a3, 0x10a3, 0x10a3, 0x10a3, 0x10a3, 0x9471,
    0xf79d, 0xf79d, 0xf79d, 0xf79d, 0xf79d, 0xf79d, 0xf79d, 0xf79d, 0xf79d, 0xf79d, 0xf79d, 0xf79d,
    0xf79d, 0xf79d, 0x9471, 0x10a3, 0x10a3, 0x10a3, 0x10a3, 0x10a3, 0x10a3, 0x10a3, 0x10a3, 0x10a3,
    0x10a2, 0x1082, 0x1082, 0x1082, 0x1082, 0x1082, 0x1082, 0x0882, 0x0882, 0x0862, 0x0862, 0x0862,
    0x0862, 0x0862, 0x0862, 0x0862, 0x0862, 0x0862, 0x0862, 0x0862, 0x0862, 0x0862, 0x0862, 0x0862,
    0x0862, 0x0862, 0x0862, 0x0862, 0x0862, 0x0862, 0x0862, 0x0862, 0x0862, 0x0862, 0x18e4, 0x2125,
    0x2125, 0x2125, 0x2125, 0x2125, 0x2125, 0x2125, 0x1905, 0x18e4, 0x18e4, 0x18e4, 0x18e4, 0x18e4,
    0x18e4, 0x18e4, 0x18e4, 0x18e4, 0x0862, 0x0841, 0x0841, 0x0841, 0x0841, 0x0841, 0x0841, 0x0841,
    0x0841, 0x0841, 0x0841, 0x0841, 0x0841, 0x0841, 0x0841, 0x0841, 0x0841, 0x0841, 0x0841, 0x0841,
    0x0841, 0x0841, 0x0841, 0x0841, 0x0841, 0x0841, 0x0841, 0x0841, 0x0841, 0x0841, 0x0841, 0x0862,
    0x18e4, 0x18e4, 0x18e4, 0x18e4, 0x18e4, 0x18e4, 0x18e4, 0x18e4, 0x18e4, 0x1905, 0x2125, 0x2125,
    0x2125, 0x2125, 0x2125, 0x2125, 0x2125, 0x18e4, 0x0882, 0x0882, 0x1082, 0x1082, 0x1082, 0x1082,
    0x1082, 0x10a2, 0x10a2, 0x10a3, 0x10a3, 0x10a3, 0x10a3, 0x10a3, 0x10a3, 0x10a3, 0x10a3, 0x10a3,
    0x10a3, 0x10a3, 0x10a3, 0x10a3, 0x10a3, 0x10a3, 0x10a3, 0x10a3, 0x10a3, 0x10a3, 0x10a3, 0x10a3,
    0x10a3, 0x10a3, 0x10a3, 0x10a3, 0x10a3, 0x10a3, 0x10a3, 0x10a3, 0x10a3, 0x10a3, 0x9471, 0xf79d,
    0xf79d, 0xf79d, 0xf79d, 0xf79d, 0xf79d, 0xf79d, 0xf79d, 0xf79d, 0xf79d, 0xf79d, 0xf79d, 0xf79d,
    0xf79d, 0x9471, 0x10a3, 0x10a3, 0x10a3, 0x10a3, 0x10a3, 0x10a3, 0x10a3, 0x10a3, 0x10a3, 0x10a3,
    0x10a3, 0x10a3, 0x10a3, 0x10a3, 0x10a3, 0x10a3, 0x10a3, 0x9471, 0xf79d, 0xf79d, 0xf79d, 0xf79d,
    0xf79d, 0xf79d, 0xf79d, 0xf79d, 0xf79d, 0xf79d, 0xf79d, 0xf79d, 0xf79d, 0xf79d, 0x9471, 0x10a3,
    0x10a3, 0x10a3, 0x10a3, 0x10a3, 0x10a3, 0x10a3, 0x10a3, 0x10a2, 0x10a2, 0x1082, 0x1082, 0x1082,
    0x1082, 0x1082, 0x0882, 0x0882, 0x0862, 0x0862, 0x0862, 0x0862, 0x0862, 0x0862, 0x0862, 0x0862,
    0x0862, 0x0862, 0x0862, 0x0862, 0x0862, 0x0862, 0x0862, 0x0862, 0x0862, 0x0862, 0x0862, 0x0862,
    0x0862, 0x0862, 0x0862, 0x0862, 0x0862, 0x0862, 0x18e4, 0x2125, 0x2125, 0x2125, 0x2125, 0x2125,
    0x2125, 0x2125, 0x1905, 0x18e4, 0x18e4, 0x18e4, 0x18e4, 0x18e4, 0x18e4, 0x18e4, 0x18e4, 0x18e4,
    0x0862, 0x0841, 0x0841, 0x0841, 0x0841, 0x0841, 0x0841, 0x0841, 0x0841, 0x0841, 0x0841, 0x0841,
    0x0841, 0x0841, 0x0841, 0x0841, 0x0841, 0x0841, 0x0841, 0x0841, 0x0841, 0x0841, 0x0841, 0x0841,
    0x0841, 0x0841, 0x0841, 0x0841, 0x0841, 0x0841, 0x0841, 0x0862, 0x18e4, 0x18e4, 0x18e4, 0x18e4,
    0x18e4, 0x18e4, 0x18e4, 0x18e4, 0x18e4, 0x1905, 0x2125, 0x2125, 0x2125, 0x2125, 0x2125, 0x2125,
    0x2125, 0x18e4, 0x0882, 0x0882, 0x1082, 0x1082, 0x1082, 0x1082, 0x1082, 0x1082, 0x10a2, 0x10a3,
    0x10a3, 0x10a3, 0x10a3, 0x10a3, 0x10a3, 0x10a3, 0x10a3, 0x10a3, 0x10a3, 0x10a3, 0x10a3, 0x10a3,
    0x10a3, 0x10a3, 0x10a3, 0x10a3, 0x10a3, 0x10a3, 0x10a3, 0x10a3, 0x10a3, 0x10a3, 0x10a3, 0x10a3,
    0x10a3, 0x10a3, 0x10a3, 0x10a3, 0x10a3, 0x10a3, 0x9471, 0xf79d, 0xf79d, 0xf79d, 0xf79d, 0xf79d,
    0xf79d, 0xf79d, 0xf79d, 0xf79d, 0xf79d, 0xf79d, 0xf79d, 0xf79d, 0xf79d, 0x9471, 0x10a3, 0x10a3,
    0x10a3, 0x10a3, 0x10a3, 0x10a3, 0x10a3, 0x10a3, 0x10a3, 0x10a3, 0x10a3, 0x10a3, 0x10a3, 0x10a3,
    0x10a3, 0x10a3, 0x10a3, 0x9471, 0xf79d, 0xf79d, 0xf79d, 0xf79d, 0xf79d, 0xf79d, 0xf79d, 0xf79d,
    0xf79d, 0xf79d, 0xf79d, 0xf79d, 0xf79d, 0xf79d, 0x9471, 0x10a3, 0x10a3, 0x10a3, 0x10a3, 0x10a3,
    0x10a3, 0x10a3, 0x10a3, 0x10a2, 0x1082, 0x1082, 0x1082, 0x1082, 0x1082, 0x1082, 0x0882, 0x0882,
    0x0862, 0x0862, 0x0862, 0x0862, 0x0862, 0x0862, 0x0862, 0x0862, 0x0862, 0x0862, 0x0862, 0x0862,
    0x0862, 0x0862, 0x0862, 0x0862, 0x0862, 0x0862, 0x0862, 0x0862, 0x0862, 0x0862, 0x0862, 0x0862,
    0x0862, 0x0862, 0x18e4, 0x2125, 0x2125, 0x2125, 0x2125, 0x2125, 0x2125, 0x2125, 0x1905, 0x18e4,
    0x18e4, 0x18e4, 0x18e4, 0x18e4, 0x18e4, 0x18e4, 0x18e4, 0x18e4, 0x0862, 0x0841, 0x0841, 0x0841,
    0x0841, 0x0841, 0x0841, 0x0841, 0x0841, 0x0841, 0x0841, 0x0841, 0x0841, 0x0841, 0x0841, 0x0841,
    0x0841, 0x0841, 0x0841, 0x0841, 0x0841, 0x0841, 0x0841, 0x0841, 0x0841, 0x0841, 0x0841, 0x0841,
    0x0841, 0x0841, 0x0841, 0x0862, 0x18e4, 0x18e4, 0x18e4, 0x18e4, 0x18e4, 0x18e4, 0x18e4, 0x18e4,
    0x18e4, 0x1905, 0x2125, 0x2125, 0x2125, 0x2125, 0x2125, 0x2125, 0x2125, 0x18e4, 0x0882, 0x0882,
    0x1082, 0x1082, 0x1082, 0x1082, 0x1082, 0x1082, 0x10a2, 0x10a2, 0x10a3, 0x10a3, 0x10a3, 0x10a3,
    0x10a3, 0x10a3, 0x10a3, 0x10a3, 0x10a3, 0x10a3, 0x10a3, 0x10a3, 0x10a3, 0x10a3, 0x10a3, 0x10a3,
    0x10a3, 0x10a3, 0x10a3, 0x10a3, 0x10a3, 0x10a3, 0x10a3, 0x10a3, 0x10a3, 0x10a3, 0x10a3, 0x10a3,
    0x10a3, 0x10a3, 0x9471, 0xf79d, 0xf79d, 0xf79d, 0xf79d, 0xf79d, 0xf79d, 0xf79d, 0xf79d, 0xf79d,
    0xf79d, 0xf79d, 0xf79d, 0xf79d, 0xf79d, 0x9471, 0x10a3, 0x10a3, 0x10a3, 0x10a3, 0x10a3, 0x10a3,
    0x10a3, 0x10a3, 0x10a3, 0x10a3, 0x10a3, 0x10a3, 0x10a3, 0x10a3, 0x10a3, 0x10a3, 0x10a3, 0x9471,
    0xf79d, 0xf79d, 0xf79d, 0xf79d, 0xf79d, 0xf79d, 0xf79d, 0xf79d, 0xf79d, 0xf79d, 0xf79d, 0xf79d,
    0xf79d, 0xf79d, 0x9471, 0x10a3, 0x10a3, 0x10a3, 0x10a3, 0x10a3, 0x10a3, 0x10a3, 0x10a2, 0x10a2,
    0x1082, 0x1082, 0x1082, 0x1082, 0x1082, 0x1082, 0x0882, 0x0882, 0x0862, 0x0862, 0x0862, 0x0862,
    0x0862, 0x0862, 0x0862, 0x0862, 0x0862, 0x0862, 0x0862, 0x0862, 0x0862, 0x0862, 0x0862, 0x0862,
    0x0862, 0x0862, 0x0862, 0x0862, 0x0862, 0x0862, 0x0862, 0x0862, 0x0862, 0x0862, 0x18e4, 0x2125,
    0x2125, 0x2125, 0x2125, 0x2125, 0x2125, 0x2125, 0x1905, 0x18e4, 0x18e4, 0x18e4, 0x18e4, 0x18e4,
    0x18e4, 0x18e4, 0x18e4, 0x18e4, 0x0862, 0x0841, 0x0841, 0x0841, 0x0841, 0x0841, 0x0841, 0x0841,
    0x0841, 0x0841, 0x0841, 0x0841, 0x0841, 0x0841, 0x0841, 0x0841, 0x0841, 0x0841, 0x0841, 0x0841,
    0x0841, 0x0841, 0x0841, 0x0841, 0x0841, 0x0841, 0x0841, 0x0841, 0x0841, 0x0841, 0x0841, 0x0862,
    0x18e4, 0x18e4, 0x18e4, 0x18e4, 0x18e4, 0x18e4, 0x18e4, 0x18e4, 0x18e4, 0x1905, 0x2125, 0x2125,
    0x2125, 0x2125, 0x2125, 0x2125, 0x2125, 0x18e4, 0x0862, 0x0882, 0x0882, 0x1082, 0x1082, 0x1082,
    0x1082, 0x1082, 0x1082, 0x10a2, 0x10a3, 0x10a3, 0x10a3, 0x10a3, 0x10a3, 0x10a3, 0x10a3, 0x10a3,
    0x10a3, 0x10a3, 0x10a3, 0x10a3, 0x10a3, 0x10a3, 0x10a3, 0x10a3, 0x10a3, 0x10a3, 0x10a3, 0x10a3,
    0x10a3, 0x10a3, 0x10a3, 0x10a3, 0x10a3, 0x10a3, 0x10a3, 0x10a3, 0x10a3, 0x10a3, 0x9471, 0xf79d,
    0xf79d, 0xf79d, 0xf79d, 0xf79d, 0xf79d, 0xf79d, 0xf79d, 0xf79d, 0xf79d, 0xf79d, 0xf79d, 0xf79d,
    0xf79d, 0x9471, 0x10a3, 0x10a3, 0x10a3, 0x10a3, 0x10a3, 0x10a3, 0x10a3, 0x10a3, 0x10a3, 0x10a3,
    0x10a3, 0x10a3, 0x10a3, 0x10a3, 0x10a3, 0x10a3, 0x10a3, 0x8c30, 0xf79d, 0xf79d, 0xf79d, 0xf79d,
    0xf79d, 0xf79d, 0xf79d, 0xf79d, 0xf79d, 0xf79d, 0xf79d, 0xf79d, 0xf79d, 0xf79d, 0x9471, 0x10a3,
    0x10a3, 0x10a3, 0x10a3, 0x10a3, 0x10a3, 0x10a3, 0x10a2, 0x1082, 0x1082, 0x1082, 0x1082, 0x1082,
    0x1082, 0x0882, 0x0882, 0x0862, 0x0862, 0x0862, 0x0862, 0x0862, 0x0862, 0x0862, 0x0862, 0x0862,
    0x0862, 0x0862, 0x0862, 0x0862, 0x0862, 0x0862, 0x0862, 0x0862, 0x0862, 0x0862, 0x0862, 0x0862,
    0x0862, 0x0862, 0x0862, 0x0862, 0x0862, 0x0862, 0x18e4, 0x2125, 0x2125, 0x2125, 0x2125, 0x2125,
    0x2125, 0x2125, 0x1905, 0x18e4, 0x18e4, 0x18e4, 0x18e4, 0x18e4, 0x18e4, 0x18e4, 0x18e4, 0x18e4,
    0x0862, 0x0841, 0x0841, 0x0841, 0x0841, 0x0841, 0x0841, 0x0841, 0x0841, 0x0841, 0x0841, 0x0841,
    0x0841, 0x0841, 0x0841, 0x0841, 0x0841, 0x0841, 0x0841, 0x0841, 0x0841, 0x0841, 0x0841, 0x0841,
    0x0841, 0x0841, 0x0841, 0x0841, 0x0841, 0x0841, 0x0841, 0x0862, 0x18e4, 0x18e4, 0x18e4, 0x18e4,
    0x18e4, 0x18e4, 0x18e4, 0x18e4, 0x18e4, 0x1905, 0x2125, 0x2125, 0x2125, 0x2125, 0x2125, 0x2125,
    0x2125, 0x18e4, 0x0862, 0x0882, 0x0882, 0x1082, 0x1082, 0x1082, 0x1082, 0x1082, 0x1082, 0x10a2,
    0x10a3, 0x10a3, 0x10a3, 0x10a3, 0x10a3, 0x10a3, 0x10a3, 0x10a3, 0x10a3, 0x10a3, 0x10a3, 0x10a3,
    0x10a3, 0x10a3, 0x10a3, 0x10a3, 0x10a3, 0x10a3, 0x10a3, 0x10a3, 0x10a3, 0x10a3, 0x10a3, 0x10a3,
    0x10a3, 0x10a3, 0x10a3, 0x10a3, 0x10a3, 0x10a3, 0x9471, 0xf79d, 0xf79d, 0xf79d, 0xf79d, 0xf79d,
    0xf79d, 0xf79d, 0xf79d, 0xf79d, 0xf79d, 0xf79d, 0xf79d, 0xf79d, 0xf79d, 0x9471, 0x10a3, 0x10a3,
    0x10a3, 0x10a3, 0x10a3, 0x10a3, 0x10a3, 0x10a3, 0x10a3, 0x10a3, 0x10a3, 0x10a3, 0x10a3, 0x10a3,
    0x10a3, 0x10a3, 0x10a3, 0x632c, 0xf79d, 0xf79d, 0xf79d, 0xf79d, 0xf79d, 0xf79d, 0xf79d, 0xf79d,
    0xf79d, 0xf79d, 0xf79d, 0xf79d, 0xf79d, 0xf79d, 0x9471, 0x10a3, 0x10a3, 0x10a3, 0x10a3, 0x10a3,
    0x10a3, 0x10a3, 0x10a2, 0x1082, 0x1082, 0x1082, 0x1082, 0x1082, 0x1082, 0x0882, 0x0882, 0x0862,
    0x0862, 0x0862, 0x0862, 0x0862, 0x0862, 0x0862, 0x0862, 0x0862, 0x0862, 0x0862, 0x0862, 0x0862,
    0x0862, 0x0862, 0x0862, 0x0862, 0x0862, 0x0862, 0x0862, 0x0862, 0x0862, 0x0862, 0x0862, 0x0862,
    0x0862, 0x0862, 0x18e4, 0x2125, 0x2125, 0x2125, 0x2125, 0x2125, 0x2125, 0x2125, 0x1905, 0x18e4,
    0x18e4, 0x18e4, 0x18e4, 0x18e4, 0x18e4, 0x18e4, 0x18e4, 0x18e4, 0x0862, 0x0841, 0x0841, 0x0841,
    0x0841, 0x0841, 0x0841, 0x0841, 0x0841, 0x0841, 0x0841, 0x0841, 0x0841, 0x0841, 0x0841, 0x0841,
    0x0841, 0x0841, 0x0841, 0x0841, 0x0841, 0x0841, 0x0841, 0x0841, 0x0841, 0x0841, 0x0841, 0x0841,
    0x0841, 0x0841, 0x0841, 0x0862, 0x18e4, 0x18e4, 0x18e4, 0x18e4, 0x18e4, 0x18e4, 0x18e4, 0x18e4,
    0x18e4, 0x1905, 0x2125, 0x2125, 0x2125, 0x2125, 0x2125, 0x2125, 0x2125, 0x1905, 0x0862, 0x0862,
    0x0882, 0x0882, 0x1082, 0x1082, 0x1082, 0x1082, 0x1082, 0x1082, 0x10a2, 0x10a3, 0x10a3, 0x10a3,
    0x10a3, 0x10a3, 0x10a3, 0x10a3, 0x10a3, 0x10a3, 0x10a3, 0x10a3, 0x10a3, 0x10a3, 0x10a3, 0x10a3,
    0x10a3, 0x10a3, 0x10a3, 0x10a3, 0x10a3, 0x10a3, 0x10a3, 0x10a3, 0x10a3, 0x10a3, 0x10a3, 0x10a3,
    0x10a3, 0x10a3, 0x9471, 0xf79d, 0xf79d, 0xf79d, 0xf79d, 0xf79d, 0xf79d, 0xf79d, 0xf79d, 0xf79d,
    0xf79d, 0xf79d, 0xf79d, 0xf79d, 0xf79d, 0x9471, 0x10a3, 0x10a3, 0x10a3, 0x10a3, 0x10a3, 0x10a3,
    0x10a3, 0x10a3, 0x10a3, 0x10a3, 0x10a3, 0x10a3, 0x10a3, 0x10a3, 0x10a3, 0x10a3, 0x10a3, 0x2125,
    0xf79d, 0xf79d, 0xf79d, 0xf79d, 0xf79d, 0xf79d, 0xf79d, 0xf79d, 0xf79d, 0xf79d, 0xf79d, 0xf79d,
    0xf79d, 0xf79d, 0x9471, 0x10a3, 0x10a3, 0x10a3, 0x10a3, 0x10a3, 0x10a3, 0x10a2, 0x1082, 0x1082,
    0x1082, 0x1082, 0x1082, 0x1082, 0x0882, 0x0882, 0x0862, 0x0862, 0x0862, 0x0862, 0x0862, 0x0862,
    0x0862, 0x0862, 0x0862, 0x0862, 0x0862, 0x0862, 0x0862, 0x0862, 0x0862, 0x0862, 0x0862, 0x0862,
    0x0862, 0x0862, 0x0862, 0x0862, 0x0862, 0x0862, 0x0862, 0x0862, 0x0862, 0x0862, 0x1905, 0x2125,
    0x2125, 0x2125, 0x2125, 0x2125, 0x2125, 0x2125, 0x1905, 0x18e4, 0x18e4, 0x18e4, 0x18e4, 0x18e4,
    0x18e4, 0x18e4, 0x18e4, 0x18e4, 0x0862, 0x0841, 0x0841, 0x0841, 0x0841, 0x0841, 0x0841, 0x0841,
    0x0841, 0x0841, 0x0841, 0x0841, 0x0841, 0x0841, 0x0841, 0x0841, 0x0841, 0x0841, 0x0841, 0x0841,
    0x0841, 0x0841, 0x0841, 0x0841, 0x0841, 0x0841, 0x0841, 0x0841, 0x0841, 0x0841, 0x0841, 0x0862,
    0x18e4, 0x18e4, 0x18e4, 0x18e4, 0x18e4, 0x18e4, 0x18e4, 0x18e4, 0x18e4, 0x1905, 0x2125, 0x2125,
    0x2125, 0x2125, 0x2125, 0x2125, 0x2125, 0x2105, 0x0862, 0x0862, 0x0882, 0x0882, 0x1082, 0x1082,
    0x1082, 0x1082, 0x1082, 0x1082, 0x10a2, 0x10a2, 0x10a3, 0x10a3, 0x10a3, 0x10a3, 0x10a3, 0x10a3,
    0x10a3, 0x10a3, 0x10a3, 0x10a3, 0x10a3, 0x10a3, 0x10a3, 0x10a3, 0x10a3, 0x10a3, 0x10a3, 0x10a3,
    0x10a3, 0x10a3, 0x10a3, 0x10a3, 0x10a3, 0x10a3, 0x10a3, 0x10a3, 0x10a3, 0x10a3, 0x8c30, 0xf79d,
    0xf79d, 0xf79d, 0xf79d, 0xf79d, 0xf79d, 0xf79d, 0xf79d, 0xf79d, 0xf79d, 0xf79d, 0xf79d, 0xf79d,
    0xf79d, 0x9471, 0x10a3, 0x10a3, 0x10a3, 0x10a3, 0x10a3, 0x10a3, 0x10a3, 0x10a3, 0x10a3, 0x10a3,
    0x10a3, 0x10a3, 0x10a3, 0x10a3, 0x10a3, 0x10a3, 0x10a3, 0x10a3, 0xad54, 0xf79d, 0xf79d, 0xf79d,
    0xf79d, 0xf79d, 0xf79d, 0xf79d, 0xf79d, 0xf79d, 0xf79d, 0xf79d, 0xf79d, 0xf79d, 0x8c71, 0x10a3,
    0x10a3, 0x10a3, 0x10a3, 0x10a3, 0x10a2, 0x10a2, 0x1082, 0x1082, 0x1082, 0x1082, 0x1082, 0x1082,
    0x0882, 0x0882, 0x0862, 0x0862, 0x0862, 0x0862, 0x0862, 0x0862, 0x0862, 0x0862, 0x0862, 0x0862,
    0x0862, 0x0862, 0x0862, 0x0862, 0x0862, 0x0862, 0x0862, 0x0862, 0x0862, 0x0862, 0x0862, 0x0862,
    0x0862, 0x0862, 0x0862, 0x0862, 0x0862, 0x0862, 0x2105, 0x2125, 0x2125, 0x2125, 0x2125, 0x2125,
    0x2125, 0x2125, 0x1905, 0x18e4, 0x18e4, 0x18e4, 0x18e4, 0x18e4, 0x18e4, 0x18e4, 0x18e4, 0x18e4,
    0x0862, 0x0841, 0x0841, 0x0841, 0x0841, 0x0841, 0x0841, 0x0841, 0x0841, 0x0841, 0x0841, 0x0841,
    0x0841, 0x0841, 0x0841, 0x0841, 0x0841, 0x0841, 0x0841, 0x0841, 0x0841, 0x0841, 0x0841, 0x0841,
    0x0841, 0x0841, 0x0841, 0x0841, 0x0841, 0x0841, 0x0841, 0x0862, 0x18e4, 0x18e4, 0x18e4, 0x18e4,
    0x18e4, 0x18e4, 0x18e4, 0x18e4, 0x18e4, 0x1905, 0x2125, 0x2125, 0x2125, 0x2125, 0x2125, 0x2125,
    0x2125, 0x2125, 0x1082, 0x0862, 0x0862, 0x0882, 0x0882, 0x1082, 0x1082, 0x1082, 0x1082, 0x1082,
    0x1082, 0x10a2, 0x10a3, 0x10a3, 0x10a3, 0x10a3, 0x10a3, 0x10a3, 0x10a3, 0x10a3, 0x10a3, 0x10a3,
    0x10a3, 0x10a3, 0x10a3, 0x10a3, 0x10a3, 0x10a3, 0x10a3, 0x10a3, 0x10a3, 0x10a3, 0x10a3, 0x10a3,
    0x10a3, 0x10a3, 0x10a3, 0x10a3, 0x10a3, 0x10a3, 0x632c, 0xf79d, 0xf79d, 0xf79d, 0xf79d, 0xf79d,
    0xf79d, 0xf79d, 0xf79d, 0xf79d, 0xf79d, 0xf79d, 0xf79d, 0xf79d, 0xf79d, 0x9471, 0x10a3, 0x10a3,
    0x10a3, 0x10a3, 0x10a3, 0x10a3, 0x10a3, 0x10a3, 0x10a3, 0x10a3, 0x10a3, 0x10a3, 0x10a3, 0x10a3,
    0x10a3, 0x10a3, 0x10a3, 0x10a3, 0x31a7, 0xf79d, 0xf79d, 0xf79d, 0xf79d, 0xf79d, 0xf79d, 0xf79d,
    0xf79d, 0xf79d, 0xf79d, 0xf79d, 0xf79d, 0xf79d, 0x7bae, 0x10a3, 0x10a3, 0x10a3, 0x10a3, 0x10a3,
    0x10a2, 0x1082, 0x1082, 0x1082, 0x1082, 0x1082, 0x1082, 0x0882, 0x0882, 0x0862, 0x0862, 0x0862,
    0x0862, 0x0862, 0x0862, 0x0862, 0x0862, 0x0862, 0x0862, 0x0862, 0x0862, 0x0862, 0x0862, 0x0862,
    0x0862, 0x0862, 0x0862, 0x0862, 0x0862, 0x0862, 0x0862, 0x0862, 0x0862, 0x0862, 0x0862, 0x0862,
    0x0862, 0x1082, 0x2125, 0x2125, 0x2125, 0x2125, 0x2125, 0x2125, 0x2125, 0x2125, 0x1905, 0x18e4,
    0x18e4, 0x18e4, 0x18e4, 0x18e4, 0x18e4, 0x18e4, 0x18e4, 0x18e4, 0x0862, 0x0841, 0x0841, 0x0841,
    0x0841, 0x0841, 0x0841, 0x0841, 0x0841, 0x0841, 0x0841, 0x0841, 0x0841, 0x0841, 0x0841, 0x0841,
    0x0841, 0x0841, 0x0841, 0x0841, 0x0841, 0x0841, 0x0841, 0x0841, 0x0841, 0x0841, 0x0841, 0x0841,
    0x0841, 0x0841, 0x0841, 0x0862, 0x18e4, 0x18e4, 0x18e4, 0x18e4, 0x18e4, 0x18e4, 0x18e4, 0x18e4,
    0x18e4, 0x1905, 0x2125, 0x2125, 0x2125, 0x2125, 0x2125, 0x2125, 0x2125, 0x2125, 0x10a3, 0x0862,
    0x0862, 0x0882, 0x0882, 0x1082, 0x1082, 0x1082, 0x1082, 0x1082, 0x1082, 0x10a2, 0x10a2, 0x10a3,
    0x10a3, 0x10a3, 0x10a3, 0x10a3, 0x10a3, 0x10a3, 0x10a3, 0x10a3, 0x10a3, 0x10a3, 0x10a3, 0x10a3,
    0x10a3, 0x10a3, 0x10a3, 0x10a3, 0x10a3, 0x10a3, 0x10a3, 0x10a3, 0x10a3, 0x10a3, 0x10a3, 0x10a3,
    0x10a3, 0x10a3, 0x2125, 0xf79d, 0xf79d, 0xf79d, 0xf79d, 0xf79d, 0xf79d, 0xf79d, 0xf79d, 0xf79d,
    0xf79d, 0xf79d, 0xf79d, 0xf79d, 0xf79d, 0x9471, 0x10a3, 0x10a3, 0x10a3, 0x10a3, 0x10a3, 0x10a3,
    0x10a3, 0x10a3, 0x10a3, 0x10a3, 0x10a3, 0x10a3, 0x10a3, 0x10a3, 0x10a3, 0x10a3, 0x10a3, 0x10a3,
    0x10a3, 0x73ae, 0xf79d, 0xf79d, 0xf79d, 0xf79d, 0xf79d, 0xf79d, 0xf79d, 0xf79d, 0xf79d, 0xf79d,
    0xf79d, 0xf79d, 0x4228, 0x10a3, 0x10a3, 0x10a3, 0x10a3, 0x10a2, 0x10a2, 0x1082, 0x1082, 0x1082,
    0x1082, 0x1082, 0x1082, 0x0882, 0x0882, 0x0862, 0x0862, 0x0862, 0x0862, 0x0862, 0x0862, 0x0862,
    0x0862, 0x0862, 0x0862, 0x0862, 0x0862, 0x0862, 0x0862, 0x0862, 0x0862, 0x0862, 0x0862, 0x0862,
    0x0862, 0x0862, 0x0862, 0x0862, 0x0862, 0x0862, 0x0862, 0x0862, 0x0862, 0x10a3, 0x2125, 0x2125,
    0x2125, 0x2125, 0x2125, 0x2125, 0x2125, 0x2125, 0x1905, 0x18e4, 0x18e4, 0x18e4, 0x18e4, 0x18e4,
    0x18e4, 0x18e4, 0x18e4, 0x18e4, 0x0862, 0x0841, 0x0841, 0x0841, 0x0841, 0x0841, 0x0841, 0x0841,
    0x0841, 0x0841, 0x0841, 0x0841, 0x0841, 0x0841, 0x0841, 0x0841, 0x0841, 0x0841, 0x0841, 0x0841,
    0x0841, 0x0841, 0x0841, 0x0841, 0x0841, 0x0841, 0x0841, 0x0841, 0x0841, 0x0841, 0x0841, 0x0862,
    0x18e4, 0x18e4, 0x18e4, 0x18e4, 0x18e4, 0x18e4, 0x18e4, 0x18e4, 0x18e4, 0x1905, 0x2125, 0x2125,
    0x2125, 0x2125, 0x2125, 0x2125, 0x2125, 0x2125, 0x10a3, 0x0862, 0x0862, 0x0862, 0x0882, 0x0882,
    0x1082, 0x1082, 0x1082, 0x1082, 0x1082, 0x1082, 0x10a2, 0x10a3, 0x10a3, 0x10a3, 0x10a3, 0x10a3,
    0x10a3, 0x10a3, 0x10a3, 0x10a3, 0x10a3, 0x10a3, 0x10a3, 0x10a3, 0x10a3, 0x10a3, 0x10a3, 0x10a3,
    0x10a3, 0x10a3, 0x10a3, 0x10a3, 0x10a3, 0x10a3, 0x10a3, 0x10a3, 0x10a3, 0x10a3, 0x10a3, 0xad54,
    0xf79d, 0xf79d, 0xf79d, 0xf79d, 0xf79d, 0xf79d, 0xf79d, 0xf79d, 0xf79d, 0xf79d, 0xf79d, 0xf79d,
    0xf79d, 0x8c71, 0x10a3, 0x10a3, 0x10a3, 0x10a3, 0x10a3, 0x10a3, 0x10a3, 0x10a3, 0x10a3, 0x10a3,
    0x10a3, 0x10a3, 0x10a3, 0x10a3, 0x10a3, 0x10a3, 0x10a3, 0x10a3, 0x10a3, 0x10a3, 0x8c50, 0xf79d,
    0xf79d, 0xf79d, 0xf79d, 0xf79d, 0xf79d, 0xf79d, 0xf79d, 0xf79d, 0xf79d, 0xad54, 0x10a3, 0x10a3,
    0x10a3, 0x10a3, 0x10a3, 0x10a2, 0x1082, 0x1082, 0x1082, 0x1082, 0x1082, 0x1082, 0x0882, 0x0882,
    0x0862, 0x0862, 0x0862, 0x0862, 0x0862, 0x0862, 0x0862, 0x0862, 0x0862, 0x0862, 0x0862, 0x0862,
    0x0862, 0x0862, 0x0862, 0x0862, 0x0862, 0x0862, 0x0862, 0x0862, 0x0862, 0x0862, 0x0862, 0x0862,
    0x0862, 0x0862, 0x0862, 0x0862, 0x0862, 0x10a3, 0x2125, 0x2125, 0x2125, 0x2125, 0x2125, 0x2125,
    0x2125, 0x2125, 0x1905, 0x18e4, 0x18e4, 0x18e4, 0x18e4, 0x18e4, 0x18e4, 0x18e4, 0x18e4, 0x18e4,
    0x0862, 0x0841, 0x0841, 0x0841, 0x0841, 0x0841, 0x0841, 0x0841, 0x0841, 0x0841, 0x0841, 0x0841,
    0x0841, 0x0841, 0x0841, 0x0841, 0x0841, 0x0841, 0x0841, 0x0841, 0x0841, 0x0841, 0x0841, 0x0841,
    0x0841, 0x0841, 0x0841, 0x0841, 0x0841, 0x0841, 0x0841, 0x0862, 0x18e4, 0x18e4, 0x18e4, 0x18e4,
    0x18e4, 0x18e4, 0x18e4, 0x18e4, 0x18e4, 0x1905, 0x2125, 0x2125, 0x2125, 0x2125, 0x2125, 0x2125,
    0x2125, 0x2125, 0x18c3, 0x0862, 0x0862, 0x0862, 0x0882, 0x0882, 0x1082, 0x1082, 0x1082, 0x1082,
    0x1082, 0x1082, 0x1082, 0x10a2, 0x10a3, 0x10a3, 0x10a3, 0x10a3, 0x10a3, 0x10a3, 0x10a3, 0x10a3,
    0x10a3, 0x10a3, 0x10a3, 0x10a3, 0x10a3, 0x10a3, 0x10a3, 0x10a3, 0x10a3, 0x10a3, 0x10a3, 0x10a3,
    0x10a3, 0x10a3, 0x10a3, 0x10a3, 0x10a3, 0x10a3, 0x10a3, 0x31a7, 0xf79d, 0xf79d, 0xf79d, 0xf79d,
    0xf79d, 0xf79d, 0xf79d, 0xf79d, 0xf79d, 0xf79d, 0xf79d, 0xf79d, 0xf79d, 0x7bae, 0x10a3, 0x10a3,
    0x10a3, 0x10a3, 0x10a3, 0x10a3, 0x10a3, 0x10a3, 0x10a3, 0x10a3, 0x10a3, 0x10a3, 0x10a3, 0x10a3,
    0x10a3, 0x10a3, 0x10a3, 0x10a3, 0x10a3, 0x10a3, 0x10a3, 0x6b6d, 0xf79d, 0xf79d, 0xf79d, 0xf79d,
    0xf79d, 0xf79d, 0xf79d, 0xf79d, 0xc638, 0x31a7, 0x10a3, 0x10a3, 0x10a3, 0x10a3, 0x10a2, 0x1082,
    0x1082, 0x1082, 0x1082, 0x1082, 0x1082, 0x1082, 0x0882, 0x0882, 0x0862, 0x0862, 0x0862, 0x0862,
    0x0862, 0x0862, 0x0862, 0x0862, 0x0862, 0x0862, 0x0862, 0x0862, 0x0862, 0x0862, 0x0862, 0x0862,
    0x0862, 0x0862, 0x0862, 0x0862, 0x0862, 0x0862, 0x0862, 0x0862, 0x0862, 0x0862, 0x0862, 0x0862,
    0x0862, 0x18c3, 0x2125, 0x2125, 0x2125, 0x2125, 0x2125, 0x2125, 0x2125, 0x2125, 0x1905, 0x18e4,
    0x18e4, 0x18e4, 0x18e4, 0x18e4, 0x18e4, 0x18e4, 0x18e4, 0x18e4, 0x0862, 0x0841, 0x0841, 0x0841,
    0x0841, 0x0841, 0x0841, 0x0841, 0x0841, 0x0841, 0x0841, 0x0841, 0x0841, 0x0841, 0x0841, 0x0841,
    0x0841, 0x0841, 0x0841, 0x0841, 0x0841, 0x0841, 0x0841, 0x0841, 0x0841, 0x0841, 0x0841, 0x0841,
    0x0841, 0x0841, 0x0841, 0x0862, 0x18e4, 0x18e4, 0x18e4, 0x18e4, 0x18e4, 0x18e4, 0x18e4, 0x18e4,
    0x18e4, 0x1904, 0x2125, 0x2125, 0x2125, 0x2125, 0x2125, 0x2125, 0x2125, 0x2125, 0x18e4, 0x0862,
    0x0862, 0x0862, 0x0862, 0x0882, 0x0882, 0x1082, 0x1082, 0x1082, 0x1082, 0x1082, 0x1082, 0x10a2,
    0x10a2, 0x10a3, 0x10a3, 0x10a3, 0x10a3, 0x10a3, 0x10a3, 0x10a3, 0x10a3, 0x10a3, 0x10a3, 0x10a3,
    0x10a3, 0x10a3, 0x10a3, 0x10a3, 0x10a3, 0x10a3, 0x10a3, 0x10a3, 0x10a3, 0x10a3, 0x10a3, 0x10a3,
    0x10a3, 0x10a3, 0x10a3, 0x10a3, 0x73ae, 0xf79d, 0xf79d, 0xf79d, 0xf79d, 0xf79d, 0xf79d, 0xf79d,
    0xf79d, 0xf79d, 0xf79d, 0xf79d, 0xf79d, 0x4228, 0x10a3, 0x10a3, 0x10a3, 0x10a3, 0x10a3, 0x10a3,
    0x10a3, 0x10a3, 0x10a3, 0x10a3, 0x10a3, 0x10a3, 0x10a3, 0x10a3, 0x10a3, 0x10a3, 0x10a3, 0x10a3,
    0x10a3, 0x10a3, 0x10a3, 0x10a3, 0x2125, 0x9471, 0xe6fb, 0xf79d, 0xf79d, 0xf79d, 0xe71b, 0x94b2,
    0x2966, 0x10a3, 0x10a3, 0x10a3, 0x10a3, 0x10a2, 0x10a2, 0x1082, 0x1082, 0x1082, 0x1082, 0x1082,
    0x1082, 0x0882, 0x0882, 0x0862, 0x0862, 0x0862, 0x0862, 0x0862, 0x0862, 0x0862, 0x0862, 0x0862,
    0x0862, 0x0862, 0x0862, 0x0862, 0x0862, 0x0862, 0x0862, 0x0862, 0x0862, 0x0862, 0x0862, 0x0862,
    0x0862, 0x0862, 0x0862, 0x0862, 0x0862, 0x0862, 0x0862, 0x0862, 0x0862, 0x18e4, 0x2125, 0x2125,
    0x2125, 0x2125, 0x2125, 0x2125, 0x2125, 0x2125, 0x1904, 0x18e4, 0x18e4, 0x18e4, 0x18e4, 0x18e4,
    0x18e4, 0x18e4, 0x18e4, 0x18e4, 0x0862, 0x0841, 0x0841, 0x0841, 0x0841, 0x0841, 0x0841, 0x0841,
    0x0841, 0x0841, 0x0841, 0x0841, 0x0841, 0x0841, 0x0841, 0x0841, 0x0841, 0x0841, 0x0841, 0x0841,
    0x0841, 0x0841, 0x0841, 0x0841, 0x0841, 0x0841, 0x0841, 0x0841, 0x0841, 0x0841, 0x0841, 0x0862,
    0x18e4, 0x18e4, 0x18e4, 0x18e4, 0x18e4, 0x18e4, 0x18e4, 0x18e4, 0x18e4, 0x18e4, 0x2125, 0x2125,
    0x2125, 0x2125, 0x2125, 0x2125, 0x2125, 0x2125, 0x1904, 0x0862, 0x0862, 0x0862, 0x0862, 0x0882,
    0x0882, 0x1082, 0x1082, 0x1082, 0x1082, 0x1082, 0x1082, 0x1082, 0x10a2, 0x10a2, 0x10a3, 0x10a3,
    0x10a3, 0x10a3, 0x10a3, 0x10a3, 0x10a3, 0x10a3, 0x10a3, 0x10a3, 0x10a3, 0x10a3, 0x10a3, 0x10a3,
    0x10a3, 0x10a3, 0x10a3, 0x10a3, 0x10a3, 0x10a3, 0x10a3, 0x10a3, 0x10a3, 0x10a3, 0x10a3, 0x10a3,
    0x10a3, 0x8c50, 0xf79d, 0xf79d, 0xf79d, 0xf79d, 0xf79d, 0xf79d, 0xf79d, 0xf79d, 0xf79d, 0xf79d,
    0xad54, 0x10a3, 0x10a3, 0x10a3, 0x10a3, 0x10a3, 0x10a3, 0x10a3, 0x10a3, 0x10a3, 0x10a3, 0x10a3,
    0x10a3, 0x10a3, 0x10a3, 0x10a3, 0x10a3, 0x10a3, 0x10a3, 0x10a3, 0x10a3, 0x10a3, 0x10a3, 0x10a3,
    0x10a3, 0x10a3, 0x10a3, 0x31a7, 0x4a69, 0x4228, 0x2104, 0x10a3, 0x10a3, 0x10a3, 0x10a3, 0x10a3,
    0x10a2, 0x10a2, 0x1082, 0x1082, 0x1082, 0x1082, 0x1082, 0x1082, 0x1082, 0x0882, 0x0882, 0x0862,
    0x0862, 0x0862, 0x0862, 0x0862, 0x0862, 0x0862, 0x0862, 0x0862, 0x0862, 0x0862, 0x0862, 0x0862,
    0x0862, 0x0862, 0x0862, 0x0862, 0x0862, 0x0862, 0x0862, 0x0862, 0x0862, 0x0862, 0x0862, 0x0862,
    0x0862, 0x0862, 0x0862, 0x0862, 0x0862, 0x1904, 0x2125, 0x2125, 0x2125, 0x2125, 0x2125, 0x2125,
    0x2125, 0x2125, 0x18e4, 0x18e4, 0x18e4, 0x18e4, 0x18e4, 0x18e4, 0x18e4, 0x18e4, 0x18e4, 0x18e4,
    0x0862, 0x0841, 0x0841, 0x0841, 0x0841, 0x0841, 0x0841, 0x0841, 0x0841, 0x0841, 0x0841, 0x0841,
    0x0841, 0x0841, 0x0841, 0x0841, 0x0841, 0x0841, 0x0841, 0x0841, 0x0841, 0x0841, 0x0841, 0x0841,
    0x0841, 0x0841, 0x0841, 0x0841, 0x0841, 0x0841, 0x0841, 0x0862, 0x18e4, 0x18e4, 0x18e4, 0x18e4,
    0x18e4, 0x18e4, 0x18e4, 0x18e4, 0x18e4, 0x18e4, 0x2125, 0x2125, 0x2125, 0x2125, 0x2125, 0x2125,
    0x2125, 0x2125, 0x2125, 0x1082, 0x0862, 0x0862, 0x0862, 0x0862, 0x0882, 0x0882, 0x1082, 0x1082,
    0x1082, 0x1082, 0x1082, 0x1082, 0x1082, 0x10a2, 0x10a3, 0x10a3, 0x10a3, 0x10a3, 0x10a3, 0x10a3,
    0x10a3, 0x10a3, 0x10a3, 0x10a3, 0x10a3, 0x10a3, 0x10a3, 0x10a3, 0x10a3, 0x10a3, 0x10a3, 0x10a3,
    0x10a3, 0x10a3, 0x10a3, 0x10a3, 0x10a3, 0x10a3, 0x10a3, 0x10a3, 0x10a3, 0x10a3, 0x6b6d, 0xf79d,
    0xf79d, 0xf79d, 0xf79d, 0xf79d, 0xf79d, 0xf79d, 0xf79d, 0xc638, 0x31a7, 0x10a3, 0x10a3, 0x10a3,
    0x10a3, 0x10a3, 0x10a3, 0x10a3, 0x10a3, 0x10a3, 0x10a3, 0x10a3, 0x10a3, 0x10a3, 0x10a3, 0x10a3,
    0x10a3, 0x10a3, 0x10a3, 0x10a3, 0x10a3, 0x10a3, 0x10a3, 0x10a3, 0x10a3, 0x10a3, 0x10a3, 0x10a3,
    0x10a3, 0x10a3, 0x10a3, 0x10a3, 0x10a3, 0x10a3, 0x10a3, 0x10a3, 0x10a2, 0x1082, 0x1082, 0x1082,
    0x1082, 0x1082, 0x1082, 0x1082, 0x0882, 0x0882, 0x0862, 0x0862, 0x0862, 0x0862, 0x0862, 0x0862,
    0x0862, 0x0862, 0x0862, 0x0862, 0x0862, 0x0862, 0x0862, 0x0862, 0x0862, 0x0862, 0x0862, 0x0862,
    0x0862, 0x0862, 0x0862, 0x0862, 0x0862, 0x0862, 0x0862, 0x0862, 0x0862, 0x0862, 0x0862, 0x0862,
    0x1082, 0x2125, 0x2125, 0x2125, 0x2125, 0x2125, 0x2125, 0x2125, 0x2125, 0x2125, 0x18e4, 0x18e4,
    0x18e4, 0x18e4, 0x18e4, 0x18e4, 0x18e4, 0x18e4, 0x18e4, 0x18e4, 0x0862, 0x0841, 0x0841, 0x0841,
    0x0841, 0x0841, 0x0841, 0x0841, 0x0841, 0x0841, 0x0841, 0x0841, 0x0841, 0x0841, 0x0841, 0x0841,
    0x0841, 0x0841, 0x0841, 0x0841, 0x0841, 0x0841, 0x0841, 0x0841, 0x0841, 0x0841, 0x0841, 0x0841,
    0x0841, 0x0841, 0x0841, 0x0862, 0x18e4, 0x18e4, 0x18e4, 0x18e4, 0x18e4, 0x18e4, 0x18e4, 0x18e4,
    0x18e4, 0x18e4, 0x2125, 0x2125, 0x2125, 0x2125, 0x2125, 0x2125, 0x2125, 0x2125, 0x2125, 0x10a3,
    0x0862, 0x0862, 0x0862, 0x0862, 0x0862, 0x0882, 0x0882, 0x1082, 0x1082, 0x1082, 0x1082, 0x1082,
    0x1082, 0x1082, 0x10a2, 0x10a3, 0x10a3, 0x10a3, 0x10a3, 0x10a3, 0x10a3, 0x10a3, 0x10a3, 0x10a3,
    0x10a3, 0x10a3, 0x10a3, 0x10a3, 0x10a3, 0x10a3, 0x10a3, 0x10a3, 0x10a3, 0x10a3, 0x10a3, 0x10a3,
    0x10a3, 0x10a3, 0x10a3, 0x10a3, 0x10a3, 0x10a3, 0x10a3, 0x2125, 0x9471, 0xe6fb, 0xf79d, 0xf79d,
    0xf79d, 0xe71b, 0x94b2, 0x2966, 0x10a3, 0x10a3, 0x10a3, 0x10a3, 0x10a3, 0x10a3, 0x10a3, 0x10a3,
    0x10a3, 0x10a3, 0x10a3, 0x10a3, 0x10a3, 0x10a3, 0x10a3, 0x10a3, 0x10a3, 0x10a3, 0x10a3, 0x10a3,
    0x10a3, 0x10a3, 0x10a3, 0x10a3, 0x10a3, 0x10a3, 0x10a3, 0x10a3, 0x10a3, 0x10a3, 0x10a3, 0x10a3,
    0x10a3, 0x10a3, 0x10a3, 0x10a2, 0x1082, 0x1082, 0x1082, 0x1082, 0x1082, 0x1082, 0x1082, 0x0882,
    0x0882, 0x0862, 0x0862, 0x0862, 0x0862, 0x0862, 0x0862, 0x0862, 0x0862, 0x0862, 0x0862, 0x0862,
    0x0862, 0x0862, 0x0862, 0x0862, 0x0862, 0x0862, 0x0862, 0x0862, 0x0862, 0x0862, 0x0862, 0x0862,
    0x0862, 0x0862, 0x0862, 0x0862, 0x0862, 0x0862, 0x0862, 0x0862, 0x10a3, 0x2125, 0x2125, 0x2125,
    0x2125, 0x2125, 0x2125, 0x2125, 0x2125, 0x2125, 0x18e4, 0x18e4, 0x18e4, 0x18e4, 0x18e4, 0x18e4,
    0x18e4, 0x18e4, 0x18e4, 0x18e4, 0x0862, 0x0841, 0x0841, 0x0841, 0x0841, 0x0841, 0x0841, 0x0841,
    0x0841, 0x0841, 0x0841, 0x0841, 0x0841, 0x0841, 0x0841, 0x0841, 0x0841, 0x0841, 0x0841, 0x0841,
    0x0841, 0x0841, 0x0841, 0x0841, 0x0841, 0x0841, 0x0841, 0x0841, 0x0841, 0x0841, 0x0841, 0x0862,
    0x18e4, 0x18e4, 0x18e4, 0x18e4, 0x18e4, 0x18e4, 0x18e4, 0x18e4, 0x18e4, 0x18e4, 0x2125, 0x2125,
    0x2125, 0x2125, 0x2125, 0x2125, 0x2125, 0x2125, 0x2125, 0x18c3, 0x0862, 0x0862, 0x0862, 0x0862,
    0x0862, 0x0882, 0x0882, 0x0882, 0x1082, 0x1082, 0x1082, 0x1082, 0x1082, 0x1082, 0x1082, 0x10a2,
    0x10a3, 0x10a3, 0x10a3, 0x10a3, 0x10a3, 0x10a3, 0x10a3, 0x10a3, 0x10a3, 0x10a3, 0x10a3, 0x10a3,
    0x10a3, 0x10a3, 0x10a3, 0x10a3, 0x10a3, 0x10a3, 0x10a3, 0x10a3, 0x10a3, 0x10a3, 0x10a3, 0x10a3,
    0x10a3, 0x10a3, 0x10a3, 0x10a3, 0x10a3, 0x10a3, 0x31a7, 0x4a69, 0x4228, 0x2104, 0x10a3, 0x10a3,
    0x10a3, 0x10a3, 0x10a3, 0x10a3, 0x10a3, 0x10a3, 0x10a3, 0x10a3, 0x10a3, 0x10a3, 0x10a3, 0x10a3,
    0x10a3, 0x10a3, 0x10a3, 0x10a3, 0x10a3, 0x10a3, 0x10a3, 0x10a3, 0x10a3, 0x10a3, 0x10a3, 0x10a3,
    0x10a3, 0x10a3, 0x10a3, 0x10a3, 0x10a3, 0x10a3, 0x10a3, 0x10a3, 0x10a3, 0x10a3, 0x10a2, 0x1082,
    0x1082, 0x1082, 0x1082, 0x1082, 0x1082, 0x1082, 0x0882, 0x0882, 0x0882, 0x0862, 0x0862, 0x0862,
    0x0862, 0x0862, 0x0862, 0x0862, 0x0862, 0x0862, 0x0862, 0x0862, 0x0862, 0x0862, 0x0862, 0x0862,
    0x0862, 0x0862, 0x0862, 0x0862, 0x0862, 0x0862, 0x0862, 0x0862, 0x0862, 0x0862, 0x0862, 0x0862,
    0x0862, 0x0862, 0x0862, 0x0862, 0x18c3, 0x2125, 0x2125, 0x2125, 0x2125, 0x2125, 0x2125, 0x2125,
    0x2125, 0x2125, 0x18e4, 0x18e4, 0x18e4, 0x18e4, 0x18e4, 0x18e4, 0x18e4, 0x18e4, 0x18e4, 0x18e4,
    0x0862, 0x0841, 0x0841, 0x0841, 0x0841, 0x0841, 0x0841, 0x0841, 0x0841, 0x0841, 0x0841, 0x0841,
    0x0841, 0x0841, 0x0841, 0x0841, 0x0841, 0x0841, 0x0841, 0x0841, 0x0841, 0x0841, 0x0841, 0x0841,
    0x0841, 0x0841, 0x0841, 0x0841, 0x0841, 0x0841, 0x0841, 0x0862, 0x18e4, 0x18e4, 0x18e4, 0x18e4,
    0x18e4, 0x18e4, 0x18e4, 0x18e4, 0x18e4, 0x18e4, 0x2105, 0x2125, 0x2125, 0x2125, 0x2125, 0x2125,
    0x2125, 0x2125, 0x2125, 0x18e4, 0x0862, 0x0862, 0x0862, 0x0862, 0x0862, 0x0862, 0x0882, 0x0882,
    0x1082, 0x1082, 0x1082, 0x1082, 0x1082, 0x1082, 0x1082, 0x1082, 0x10a2, 0x10a3, 0x10a3, 0x10a3,
    0x10a3, 0x10a3, 0x10a3, 0x10a3, 0x10a3, 0x10a3, 0x10a3, 0x10a3, 0x10a3, 0x10a3, 0x10a3, 0x10a3,
    0x10a3, 0x10a3, 0x10a3, 0x10a3, 0x10a3, 0x10a3, 0x10a3, 0x10a3, 0x10a3, 0x10a3, 0x10a3, 0x10a3,
    0x10a3, 0x10a3, 0x10a3, 0x10a3, 0x10a3, 0x10a3, 0x10a3, 0x10a3, 0x10a3, 0x10a3, 0x10a3, 0x10a3,
    0x10a3, 0x10a3, 0x10a3, 0x10a3, 0x10a3, 0x10a3, 0x10a3, 0x10a3, 0x10a3, 0x10a3, 0x10a3, 0x10a3,
    0x10a3, 0x10a3, 0x10a3, 0x10a3, 0x10a3, 0x10a3, 0x10a3, 0x10a3, 0x10a3, 0x10a3, 0x10a3, 0x10a3,
    0x10a3, 0x10a3, 0x10a3, 0x10a3, 0x10a3, 0x10a2, 0x1082, 0x1082, 0x1082, 0x1082, 0x1082, 0x1082,
    0x1082, 0x1082, 0x0882, 0x0882, 0x0862, 0x0862, 0x0862, 0x0862, 0x0862, 0x0862, 0x0862, 0x0862,
    0x0862, 0x0862, 0x0862, 0x0862, 0x0862, 0x0862, 0x0862, 0x0862, 0x0862, 0x0862, 0x0862, 0x0862,
    0x0862, 0x0862, 0x0862, 0x0862, 0x0862, 0x0862, 0x0862, 0x0862, 0x0862, 0x0862, 0x0862, 0x0862,
    0x18e4, 0x2125, 0x2125, 0x2125, 0x2125, 0x2125, 0x2125, 0x2125, 0x2125, 0x2105, 0x18e4, 0x18e4,
    0x18e4, 0x18e4, 0x18e4, 0x18e4, 0x18e4, 0x18e4, 0x18e4, 0x18e4, 0x0862, 0x0841, 0x0841, 0x0841,
    0x0841, 0x0841, 0x0841, 0x0841, 0x0841, 0x0841, 0x0841, 0x0841, 0x0841, 0x0841, 0x0841, 0x0841,
    0x0841, 0x0841, 0x0841, 0x0841, 0x0841, 0x0841, 0x0841, 0x0841, 0x0841, 0x0841, 0x0841, 0x0841,
    0x0841, 0x0841, 0x0841, 0x0862, 0x18e4, 0x18e4, 0x18e4, 0x18e4, 0x18e4, 0x18e4, 0x18e4, 0x18e4,
    0x18e4, 0x18e4, 0x1905, 0x2125, 0x2125, 0x2125, 0x2125, 0x2125, 0x2125, 0x2125, 0x2125, 0x2105,
    0x0882, 0x0862, 0x0862, 0x0862, 0x0862, 0x0862, 0x0862, 0x0882, 0x0882, 0x1082, 0x1082, 0x1082,
    0x1082, 0x1082, 0x1082, 0x1082, 0x10a2, 0x10a2, 0x10a3, 0x10a3, 0x10a3, 0x10a3, 0x10a3, 0x10a3,
    0x10a3, 0x10a3, 0x10a3, 0x10a3, 0x10a3, 0x10a3, 0x10a3, 0x10a3, 0x10a3, 0x10a3, 0x10a3, 0x10a3,
    0x10a3, 0x10a3, 0x10a3, 0x10a3, 0x10a3, 0x10a3, 0x10a3, 0x10a3, 0x10a3, 0x10a3, 0x10a3, 0x10a3,
    0x10a3, 0x10a3, 0x10a3, 0x10a3, 0x10a3, 0x10a3, 0x10a3, 0x10a3, 0x10a3, 0x10a3, 0x10a3, 0x10a3,
    0x10a3, 0x10a3, 0x10a3, 0x10a3, 0x10a3, 0x10a3, 0x10a3, 0x10a3, 0x10a3, 0x10a3, 0x10a3, 0x10a3,
    0x10a3, 0x10a3, 0x10a3, 0x10a3, 0x10a3, 0x10a3, 0x10a3, 0x10a3, 0x10a3, 0x10a3, 0x10a3, 0x10a3,
    0x10a2, 0x10a2, 0x1082, 0x1082, 0x1082, 0x1082, 0x1082, 0x1082, 0x1082, 0x0882, 0x0882, 0x0862,
    0x0862, 0x0862, 0x0862, 0x0862, 0x0862, 0x0862, 0x0862, 0x0862, 0x0862, 0x0862, 0x0862, 0x0862,
    0x0862, 0x0862, 0x0862, 0x0862, 0x0862, 0x0862, 0x0862, 0x0862, 0x0862, 0x0862, 0x0862, 0x0862,
    0x0862, 0x0862, 0x0862, 0x0862, 0x0862, 0x0862, 0x0862, 0x0882, 0x2105, 0x2125, 0x2125, 0x2125,
    0x2125, 0x2125, 0x2125, 0x2125, 0x2125, 0x1905, 0x18e4, 0x18e4, 0x18e4, 0x18e4, 0x18e4, 0x18e4,
    0x18e4, 0x18e4, 0x18e4, 0x18e4, 0x0862, 0x0841, 0x0841, 0x0841, 0x0841, 0x0841, 0x0841, 0x0841,
    0x0841, 0x0841, 0x0841, 0x0841, 0x0841, 0x0841, 0x0841, 0x0841, 0x0841, 0x0841, 0x0841, 0x0841,
    0x0841, 0x0841, 0x0841, 0x0841, 0x0841, 0x0841, 0x0841, 0x0841, 0x0841, 0x0841, 0x0841, 0x0862,
    0x18e4, 0x18e4, 0x18e4, 0x18e4, 0x18e4, 0x18e4, 0x18e4, 0x18e4, 0x18e4, 0x18e4, 0x18e4, 0x2125,
    0x2125, 0x2125, 0x2125, 0x2125, 0x2125, 0x2125, 0x2125, 0x2125, 0x10a3, 0x0862, 0x0862, 0x0862,
    0x0862, 0x0862, 0x0862, 0x0862, 0x0882, 0x0882, 0x1082, 0x1082, 0x1082, 0x1082, 0x1082, 0x1082,
    0x1082, 0x1082, 0x10a2, 0x10a3, 0x10a3, 0x10a3, 0x10a3, 0x10a3, 0x10a3, 0x10a3, 0x10a3, 0x10a3,
    0x10a3, 0x10a3, 0x10a3, 0x10a3, 0x10a3, 0x10a3, 0x10a3, 0x10a3, 0x10a3, 0x10a3, 0x10a3, 0x10a3,
    0x10a3, 0x10a3, 0x10a3, 0x10a3, 0x10a3, 0x10a3, 0x10a3, 0x10a3, 0x10a3, 0x10a3, 0x10a3, 0x10a3,
    0x10a3, 0x10a3, 0x10a3, 0x10a3, 0x10a3, 0x10a3, 0x10a3, 0x10a3, 0x10a3, 0x10a3, 0x10a3, 0x10a3,
    0x10a3, 0x10a3, 0x10a3, 0x10a3, 0x10a3, 0x10a3, 0x10a3, 0x10a3, 0x10a3, 0x10a3, 0x10a3, 0x10a3,
    0x10a3, 0x10a3, 0x10a3, 0x10a3, 0x10a3, 0x10a3, 0x10a3, 0x10a2, 0x1082, 0x1082, 0x1082, 0x1082,
    0x1082, 0x1082, 0x1082, 0x1082, 0x0882, 0x0882, 0x0862, 0x0862, 0x0862, 0x0862, 0x0862, 0x0862,
    0x0862, 0x0862, 0x0862, 0x0862, 0x0862, 0x0862, 0x0862, 0x0862, 0x0862, 0x0862, 0x0862, 0x0862,
    0x0862, 0x0862, 0x0862, 0x0862, 0x0862, 0x0862, 0x0862, 0x0862, 0x0862, 0x0862, 0x0862, 0x0862,
    0x0862, 0x0862, 0x0862, 0x10a3, 0x2125, 0x2125, 0x2125, 0x2125, 0x2125, 0x2125, 0x2125, 0x2125,
    0x2125, 0x18e4, 0x18e4, 0x18e4, 0x18e4, 0x18e4, 0x18e4, 0x18e4, 0x18e4, 0x18e4, 0x18e4, 0x18e4,
    0x0862, 0x0841, 0x0841, 0x0841, 0x0841, 0x0841, 0x0841, 0x0841, 0x0841, 0x0841, 0x0841, 0x0841,
    0x0841, 0x0841, 0x0841, 0x0841, 0x0841, 0x0841, 0x0841, 0x0841, 0x0841, 0x0841, 0x0841, 0x0841,
    0x0841, 0x0841, 0x0841, 0x0841, 0x0841, 0x0841, 0x0841, 0x0862, 0x18e4, 0x18e4, 0x18e4, 0x18e4,
    0x18e4, 0x18e4, 0x18e4, 0x18e4, 0x18e4, 0x18e4, 0x18e4, 0x2125, 0x2125, 0x2125, 0x2125, 0x2125,
    0x2125, 0x2125, 0x2125, 0x2125, 0x18c4, 0x0862, 0x0862, 0x0862, 0x0862, 0x0862, 0x0862, 0x0862,
    0x0882, 0x0882, 0x0882, 0x1082, 0x1082, 0x1082, 0x1082, 0x1082, 0x1082, 0x1082, 0x1082, 0x10a2,
    0x10a3, 0x10a3, 0x10a3, 0x10a3, 0x10a3, 0x10a3, 0x10a3, 0x10a3, 0x10a3, 0x10a3, 0x10a3, 0x10a3,
    0x10a3, 0x10a3, 0x10a3, 0x10a3, 0x10a3, 0x10a3, 0x10a3, 0x10a3, 0x10a3, 0x10a3, 0x10a3, 0x10a3,
    0x10a3, 0x10a3, 0x10a3, 0x10a3, 0x10a3, 0x10a3, 0x10a3, 0x10a3, 0x10a3, 0x10a3, 0x10a3, 0x10a3,
    0x10a3, 0x10a3, 0x10a3, 0x10a3, 0x10a3, 0x10a3, 0x10a3, 0x10a3, 0x10a3, 0x10a3, 0x10a3, 0x10a3,
    0x10a3, 0x10a3, 0x10a3, 0x10a3, 0x10a3, 0x10a3, 0x10a3, 0x10a3, 0x10a3, 0x10a3, 0x10a3, 0x10a3,
    0x10a3, 0x10a3, 0x10a2, 0x1082, 0x1082, 0x1082, 0x1082, 0x1082, 0x1082, 0x1082, 0x1082, 0x0882,
    0x0882, 0x0882, 0x0862, 0x0862, 0x0862, 0x0862, 0x0862, 0x0862, 0x0862, 0x0862, 0x0862, 0x0862,
    0x0862, 0x0862, 0x0862, 0x0862, 0x0862, 0x0862, 0x0862, 0x0862, 0x0862, 0x0862, 0x0862, 0x0862,
    0x0862, 0x0862, 0x0862, 0x0862, 0x0862, 0x0862, 0x0862, 0x0862, 0x0862, 0x0862, 0x0862, 0x18c4,
    0x2125, 0x2125, 0x2125, 0x2125, 0x2125, 0x2125, 0x2125, 0x2125, 0x2125, 0x18e4, 0x18e4, 0x18e4,
    0x18e4, 0x18e4, 0x18e4, 0x18e4, 0x18e4, 0x18e4, 0x18e4, 0x18e4, 0x0862, 0x0841, 0x0841, 0x0841,
    0x0841, 0x0841, 0x0841, 0x0841, 0x0841, 0x0841, 0x0841, 0x0841, 0x0841, 0x0841, 0x0841, 0x0841,
    0x0841, 0x0841, 0x0841, 0x0841, 0x0841, 0x0841, 0x0841, 0x0841, 0x0841, 0x0841, 0x0841, 0x0841,
    0x0841, 0x0841, 0x0841, 0x0862, 0x18e4, 0x18e4, 0x18e4, 0x18e4, 0x18e4, 0x18e4, 0x18e4, 0x18e4,
    0x18e4, 0x18e4, 0x18e4, 0x2105, 0x2125, 0x2125, 0x2125, 0x2125, 0x2125, 0x2125, 0x2125, 0x2125,
    0x1905, 0x0862, 0x0862, 0x0862, 0x0862, 0x0862, 0x0862, 0x0862, 0x0862, 0x0882, 0x0882, 0x0882,
    0x1082, 0x1082, 0x1082, 0x1082, 0x1082, 0x1082, 0x1082, 0x1082, 0x10a2, 0x10a2, 0x10a3, 0x10a3,
    0x10a3, 0x10a3, 0x10a3, 0x10a3, 0x10a3, 0x10a3, 0x10a3, 0x10a3, 0x10a3, 0x10a3, 0x10a3, 0x10a3,
    0x10a3, 0x10a3, 0x10a3, 0x10a3, 0x10a3, 0x10a3, 0x10a3, 0x10a3, 0x10a3, 0x10a3, 0x10a3, 0x10a3,
    0x10a3, 0x10a3, 0x10a3, 0x10a3, 0x10a3, 0x10a3, 0x10a3, 0x10a3, 0x10a3, 0x10a3, 0x10a3, 0x10a3,
    0x10a3, 0x10a3, 0x10a3, 0x10a3, 0x10a3, 0x10a3, 0x10a3, 0x10a3, 0x10a3, 0x10a3, 0x10a3, 0x10a3,
    0x10a3, 0x10a3, 0x10a3, 0x10a3, 0x10a3, 0x10a3, 0x10a3, 0x10a3, 0x10a2, 0x10a2, 0x1082, 0x1082,
    0x1082, 0x1082, 0x1082, 0x1082, 0x1082, 0x1082, 0x0882, 0x0882, 0x0882, 0x0862, 0x0862, 0x0862,
    0x0862, 0x0862, 0x0862, 0x0862, 0x0862, 0x0862, 0x0862, 0x0862, 0x0862, 0x0862, 0x0862, 0x0862,
    0x0862, 0x0862, 0x0862, 0x0862, 0x0862, 0x0862, 0x0862, 0x0862, 0x0862, 0x0862, 0x0862, 0x0862,
    0x0862, 0x0862, 0x0862, 0x0862, 0x0862, 0x0862, 0x0862, 0x1905, 0x2125, 0x2125, 0x2125, 0x2125,
    0x2125, 0x2125, 0x2125, 0x2125, 0x2105, 0x18e4, 0x18e4, 0x18e4, 0x18e4, 0x18e4, 0x18e4, 0x18e4,
    0x18e4, 0x18e4, 0x18e4, 0x18e4, 0x0862, 0x0841, 0x0841, 0x0841, 0x0841, 0x0841, 0x0841, 0x0841,
    0x0841, 0x0841, 0x0841, 0x0841, 0x0841, 0x0841, 0x0841, 0x0841, 0x0841, 0x0841, 0x0841, 0x0841,
    0x0841, 0x0841, 0x0841, 0x0841, 0x0841, 0x0841, 0x0841, 0x0841, 0x0841, 0x0841, 0x0841, 0x0862,
    0x18e4, 0x18e4, 0x18e4, 0x18e4, 0x18e4, 0x18e4, 0x18e4, 0x18e4, 0x18e4, 0x18e4, 0x18e4, 0x18e4,
    0x2125, 0x2125, 0x2125, 0x2125, 0x2125, 0x2125, 0x2125, 0x2125, 0x2125, 0x10a3, 0x0862, 0x0862,
    0x0862, 0x0862, 0x0862, 0x0862, 0x0862, 0x0862, 0x0882, 0x0882, 0x0882, 0x1082, 0x1082, 0x1082,
    0x1082, 0x1082, 0x1082, 0x1082, 0x1082, 0x10a2, 0x10a2, 0x10a3, 0x10a3, 0x10a3, 0x10a3, 0x10a3,
    0x10a3, 0x10a3, 0x10a3, 0x10a3, 0x10a3, 0x10a3, 0x10a3, 0x10a3, 0x10a3, 0x10a3, 0x10a3, 0x10a3,
    0x10a3, 0x10a3, 0x10a3, 0x10a3, 0x10a3, 0x10a3, 0x10a3, 0x10a3, 0x10a3, 0x10a3, 0x10a3, 0x10a3,
    0x10a3, 0x10a3, 0x10a3, 0x10a3, 0x10a3, 0x10a3, 0x10a3, 0x10a3, 0x10a3, 0x10a3, 0x10a3, 0x10a3,
    0x10a3, 0x10a3, 0x10a3, 0x10a3, 0x10a3, 0x10a3, 0x10a3, 0x10a3, 0x10a3, 0x10a3, 0x10a3, 0x10a3,
    0x10a3, 0x10a3, 0x10a3, 0x10a2, 0x10a2, 0x1082, 0x1082, 0x1082, 0x1082, 0x1082, 0x1082, 0x1082,
    0x1082, 0x0882, 0x0882, 0x0882, 0x0862, 0x0862, 0x0862, 0x0862, 0x0862, 0x0862, 0x0862, 0x0862,
    0x0862, 0x0862, 0x0862, 0x0862, 0x0862, 0x0862, 0x0862, 0x0862, 0x0862, 0x0862, 0x0862, 0x0862,
    0x0862, 0x0862, 0x0862, 0x0862, 0x0862, 0x0862, 0x0862, 0x0862, 0x0862, 0x0862, 0x0862, 0x0862,
    0x0862, 0x0862, 0x10a3, 0x2125, 0x2125, 0x2125, 0x2125, 0x2125, 0x2125, 0x2125, 0x2125, 0x2125,
    0x18e4, 0x18e4, 0x18e4, 0x18e4, 0x18e4, 0x18e4, 0x18e4, 0x18e4, 0x18e4, 0x18e4, 0x18e4, 0x18e4,
    0x0862, 0x0841, 0x0841, 0x0841, 0x0841, 0x0841, 0x0841, 0x0841, 0x0841, 0x0841, 0x0841, 0x0841,
    0x0841, 0x0841, 0x0841, 0x0841, 0x0841, 0x0841, 0x0841, 0x0841, 0x0841, 0x0841, 0x0841, 0x0841,
    0x0841, 0x0841, 0x0841, 0x0841, 0x0841, 0x0841, 0x0841, 0x0862, 0x18e4, 0x18e4, 0x18e4, 0x18e4,
    0x18e4, 0x18e4, 0x18e4, 0x18e4, 0x18e4, 0x18e4, 0x18e4, 0x18e4, 0x2125, 0x2125, 0x2125, 0x2125,
    0x2125, 0x2125, 0x2125, 0x2125, 0x2125, 0x18c4, 0x0862, 0x0862, 0x0862, 0x0862, 0x0862, 0x0862,
    0x0862, 0x0862, 0x0862, 0x0882, 0x0882, 0x0882, 0x1082, 0x1082, 0x1082, 0x1082, 0x1082, 0x1082,
    0x1082, 0x1082, 0x10a2, 0x10a2, 0x10a3, 0x10a3, 0x10a3, 0x10a3, 0x10a3, 0x10a3, 0x10a3, 0x10a3,
    0x10a3, 0x10a3, 0x10a3, 0x10a3, 0x10a3, 0x10a3, 0x10a3, 0x10a3, 0x10a3, 0x10a3, 0x10a3, 0x10a3,
    0x10a3, 0x10a3, 0x10a3, 0x10a3, 0x10a3, 0x10a3, 0x10a3, 0x10a3, 0x10a3, 0x10a3, 0x10a3, 0x10a3,
    0x10a3, 0x10a3, 0x10a3, 0x10a3, 0x10a3, 0x10a3, 0x10a3, 0x10a3, 0x10a3, 0x10a3, 0x10a3, 0x10a3,
    0x10a3, 0x10a3, 0x10a3, 0x10a3, 0x10a3, 0x10a3, 0x10a3, 0x10a3, 0x10a3, 0x10a3, 0x10a2, 0x10a2,
    0x1082, 0x1082, 0x1082, 0x1082, 0x1082, 0x1082, 0x1082, 0x1082, 0x0882, 0x0882, 0x0882, 0x0862,
    0x0862, 0x0862, 0x0862, 0x0862, 0x0862, 0x0862, 0x0862, 0x0862, 0x0862, 0x0862, 0x0862, 0x0862,
    0x0862, 0x0862, 0x0862, 0x0862, 0x0862, 0x0862, 0x0862, 0x0862, 0x0862, 0x0862, 0x0862, 0x0862,
    0x0862, 0x0862, 0x0862, 0x0862, 0x0862, 0x0862, 0x0862, 0x0862, 0x0862, 0x0862, 0x18c4, 0x2125,
    0x2125, 0x2125, 0x2125, 0x2125, 0x2125, 0x2125, 0x2125, 0x2125, 0x18e4, 0x18e4, 0x18e4, 0x18e4,
    0x18e4, 0x18e4, 0x18e4, 0x18e4, 0x18e4, 0x18e4, 0x18e4, 0x18e4, 0x0862, 0x0841, 0x0841, 0x0841,
    0x0841, 0x0841, 0x0841, 0x0841, 0x0841, 0x0841, 0x0841, 0x0841, 0x0841, 0x0841, 0x0841, 0x0841,
    0x0841, 0x0841, 0x0841, 0x0841, 0x0841, 0x0841, 0x0841, 0x0841, 0x0841, 0x0841, 0x0841, 0x0841,
    0x0841, 0x0841, 0x0841, 0x0862, 0x18e4, 0x18e4, 0x18e4, 0x18e4, 0x18e4, 0x18e4, 0x18e4, 0x18e4,
    0x18e4, 0x18e4, 0x18e4, 0x18e4, 0x1905, 0x2125, 0x2125, 0x2125, 0x2125, 0x2125, 0x2125, 0x2125,
    0x2125, 0x2105, 0x0882, 0x0862, 0x0862, 0x0862, 0x0862, 0x0862, 0x0862, 0x0862, 0x0862, 0x0862,
    0x0882, 0x0882, 0x0882, 0x1082, 0x1082, 0x1082, 0x1082, 0x1082, 0x1082, 0x1082, 0x1082, 0x1082,
    0x10a2, 0x10a2, 0x10a3, 0x10a3, 0x10a3, 0x10a3, 0x10a3, 0x10a3, 0x10a3, 0x10a3, 0x10a3, 0x10a3,
    0x10a3, 0x10a3, 0x10a3, 0x10a3, 0x10a3, 0x10a3, 0x10a3, 0x10a3, 0x10a3, 0x10a3, 0x10a3, 0x10a3,
    0x10a3, 0x10a3, 0x10a3, 0x10a3, 0x10a3, 0x10a3, 0x10a3, 0x10a3, 0x10a3, 0x10a3, 0x10a3, 0x10a3,
    0x10a3, 0x10a3, 0x10a3, 0x10a3, 0x10a3, 0x10a3, 0x10a3, 0x10a3, 0x10a3, 0x10a3, 0x10a3, 0x10a3,
    0x10a3, 0x10a3, 0x10a3, 0x10a3, 0x10a2, 0x10a2, 0x1082, 0x1082, 0x1082, 0x1082, 0x1082, 0x1082,
    0x1082, 0x1082, 0x1082, 0x0882, 0x0882, 0x0882, 0x0862, 0x0862, 0x0862, 0x0862, 0x0862, 0x0862,
    0x0862, 0x0862, 0x0862, 0x0862, 0x0862, 0x0862, 0x0862, 0x0862, 0x0862, 0x0862, 0x0862, 0x0862,
    0x0862, 0x0862, 0x0862, 0x0862, 0x0862, 0x0862, 0x0862, 0x0862, 0x0862, 0x0862, 0x0862, 0x0862,
    0x0862, 0x0862, 0x0862, 0x0862, 0x0862, 0x0882, 0x2105, 0x2125, 0x2125, 0x2125, 0x2125, 0x2125,
    0x2125, 0x2125, 0x2125, 0x1905, 0x18e4, 0x18e4, 0x18e4, 0x18e4, 0x18e4, 0x18e4, 0x18e4, 0x18e4,
    0x18e4, 0x18e4, 0x18e4, 0x18e4, 0x0862, 0x0841, 0x0841, 0x0841, 0x0841, 0x0841, 0x0841, 0x0841,
    0x0841, 0x0841, 0x0841, 0x0841, 0x0841, 0x0841, 0x0841, 0x0841, 0x0841, 0x0841, 0x0841, 0x0841,
    0x0841, 0x0841, 0x0841, 0x0841, 0x0841, 0x0841, 0x0841, 0x0841, 0x0841, 0x0841, 0x0841, 0x0862,
    0x18e4, 0x18e4, 0x18e4, 0x18e4, 0x18e4, 0x18e4, 0x18e4, 0x18e4, 0x18e4, 0x18e4, 0x18e4, 0x18e4,
    0x18e4, 0x2125, 0x2125, 0x2125, 0x2125, 0x2125, 0x2125, 0x2125, 0x2125, 0x2125, 0x10a3, 0x0862,
    0x0862, 0x0862, 0x0862, 0x0862, 0x0862, 0x0862, 0x0862, 0x0862, 0x0862, 0x0882, 0x0882, 0x0882,
    0x1082, 0x1082, 0x1082, 0x1082, 0x1082, 0x1082, 0x1082, 0x1082, 0x1082, 0x10a2, 0x10a2, 0x10a2,
    0x10a3, 0x10a3, 0x10a3, 0x10a3, 0x10a3, 0x10a3, 0x10a3, 0x10a3, 0x10a3, 0x10a3, 0x10a3, 0x10a3,
    0x10a3, 0x10a3, 0x10a3, 0x10a3, 0x10a3, 0x10a3, 0x10a3, 0x10a3, 0x10a3, 0x10a3, 0x10a3, 0x10a3,
    0x10a3, 0x10a3, 0x10a3, 0x10a3, 0x10a3, 0x10a3, 0x10a3, 0x10a3, 0x10a3, 0x10a3, 0x10a3, 0x10a3,
    0x10a3, 0x10a3, 0x10a3, 0x10a3, 0x10a3, 0x10a3, 0x10a3, 0x10a3, 0x10a3, 0x10a3, 0x10a2, 0x10a2,
    0x10a2, 0x1082, 0x1082, 0x1082, 0x1082, 0x1082, 0x1082, 0x1082, 0x1082, 0x1082, 0x0882, 0x0882,
    0x0882, 0x0862, 0x0862, 0x0862, 0x0862, 0x0862, 0x0862, 0x0862, 0x0862, 0x0862, 0x0862, 0x0862,
    0x0862, 0x0862, 0x0862, 0x0862, 0x0862, 0x0862, 0x0862, 0x0862, 0x0862, 0x0862, 0x0862, 0x0862,
    0x0862, 0x0862, 0x0862, 0x0862, 0x0862, 0x0862, 0x0862, 0x0862, 0x0862, 0x0862, 0x0862, 0x0862,
    0x0862, 0x10a3, 0x2125, 0x2125, 0x2125, 0x2125, 0x2125, 0x2125, 0x2125, 0x2125, 0x2125, 0x18e4,
    0x18e4, 0x18e4, 0x18e4, 0x18e4, 0x18e4, 0x18e4, 0x18e4, 0x18e4, 0x18e4, 0x18e4, 0x18e4, 0x18e4,
    0x0862, 0x0841, 0x0841, 0x0841, 0x0841, 0x0841, 0x0841, 0x0841, 0x0841, 0x0841, 0x0841, 0x0841,
    0x0841, 0x0841, 0x0841, 0x0841, 0x0841, 0x0841, 0x0841, 0x0841, 0x0841, 0x0841, 0x0841, 0x0841,
    0x0841, 0x0841, 0x0841, 0x0841, 0x0841, 0x0841, 0x0841, 0x0862, 0x18e4, 0x18e4, 0x18e4, 0x18e4,
    0x18e4, 0x18e4, 0x18e4, 0x18e4, 0x18e4, 0x18e4, 0x18e4, 0x18e4, 0x18e4, 0x2105, 0x2125, 0x2125,
    0x2125, 0x2125, 0x2125, 0x2125, 0x2125, 0x2125, 0x18e4, 0x0862, 0x0862, 0x0862, 0x0862, 0x0862,
    0x0862, 0x0862, 0x0862, 0x0862, 0x0862, 0x0862, 0x0882, 0x0882, 0x0882, 0x1082, 0x1082, 0x1082,
    0x1082, 0x1082, 0x1082, 0x1082, 0x1082, 0x1082, 0x1082, 0x10a2, 0x10a2, 0x10a3, 0x10a3, 0x10a3,
    0x10a3, 0x10a3, 0x10a3, 0x10a3, 0x10a3, 0x10a3, 0x10a3, 0x10a3, 0x10a3, 0x10a3, 0x10a3, 0x10a3,
    0x10a3, 0x10a3, 0x10a3, 0x10a3, 0x10a3, 0x10a3, 0x10a3, 0x10a3, 0x10a3, 0x10a3, 0x10a3, 0x10a3,
    0x10a3, 0x10a3, 0x10a3, 0x10a3, 0x10a3, 0x10a3, 0x10a3, 0x10a3, 0x10a3, 0x10a3, 0x10a3, 0x10a3,
    0x10a3, 0x10a3, 0x10a3, 0x10a3, 0x10a3, 0x10a2, 0x10a2, 0x1082, 0x1082, 0x1082, 0x1082, 0x1082,
    0x1082, 0x1082, 0x1082, 0x1082, 0x1082, 0x0882, 0x0882, 0x0882, 0x0862, 0x0862, 0x0862, 0x0862,
    0x0862, 0x0862, 0x0862, 0x0862, 0x0862, 0x0862, 0x0862, 0x0862, 0x0862, 0x0862, 0x0862, 0x0862,
    0x0862, 0x0862, 0x0862, 0x0862, 0x0862, 0x0862, 0x0862, 0x0862, 0x0862, 0x0862, 0x0862, 0x0862,
    0x0862, 0x0862, 0x0862, 0x0862, 0x0862, 0x0862, 0x0862, 0x0862, 0x0862, 0x18e4, 0x2125, 0x2125,
    0x2125, 0x2125, 0x2125, 0x2125, 0x2125, 0x2125, 0x2105, 0x18e4, 0x18e4, 0x18e4, 0x18e4, 0x18e4,
    0x18e4, 0x18e4, 0x18e4, 0x18e4, 0x18e4, 0x18e4, 0x18e4, 0x18e4, 0x0862, 0x0841, 0x0841, 0x0841,
    0x0841, 0x0841, 0x0841, 0x0841, 0x0841, 0x0841, 0x0841, 0x0841, 0x0841, 0x0841, 0x0841, 0x0841,
    0x0841, 0x0841, 0x0841, 0x0841, 0x0841, 0x0841, 0x0841, 0x0841, 0x0841, 0x0841, 0x0841, 0x0841,
    0x0841, 0x0841, 0x0841, 0x0862, 0x18e4, 0x18e4, 0x18e4, 0x18e4, 0x18e4, 0x18e4, 0x18e4, 0x18e4,
    0x18e4, 0x18e4, 0x18e4, 0x18e4, 0x18e4, 0x18e4, 0x2125, 0x2125, 0x2125, 0x2125, 0x2125, 0x2125,
    0x2125, 0x2125, 0x2125, 0x10a3, 0x0862, 0x0862, 0x0862, 0x0862, 0x0862, 0x0862, 0x0862, 0x0862,
    0x0862, 0x0862, 0x0862, 0x0862, 0x0882, 0x0882, 0x0882, 0x1082, 0x1082, 0x1082, 0x1082, 0x1082,
    0x1082, 0x1082, 0x1082, 0x1082, 0x1082, 0x10a2, 0x10a2, 0x10a2, 0x10a3, 0x10a3, 0x10a3, 0x10a3,
    0x10a3, 0x10a3, 0x10a3, 0x10a3, 0x10a3, 0x10a3, 0x10a3, 0x10a3, 0x10a3, 0x10a3, 0x10a3, 0x10a3,
    0x10a3, 0x10a3, 0x10a3, 0x10a3, 0x10a3, 0x10a3, 0x10a3, 0x10a3, 0x10a3, 0x10a3, 0x10a3, 0x10a3,
    0x10a3, 0x10a3, 0x10a3, 0x10a3, 0x10a3, 0x10a3, 0x10a3, 0x10a3, 0x10a3, 0x10a3, 0x10a2, 0x10a2,
    0x10a2, 0x1082, 0x1082, 0x1082, 0x1082, 0x1082, 0x1082, 0x1082, 0x1082, 0x1082, 0x1082, 0x0882,
    0x0882, 0x0882, 0x0862, 0x0862, 0x0862, 0x0862, 0x0862, 0x0862, 0x0862, 0x0862, 0x0862, 0x0862,
    0x0862, 0x0862, 0x0862, 0x0862, 0x0862, 0x0862, 0x0862, 0x0862, 0x0862, 0x0862, 0x0862, 0x0862,
    0x0862, 0x0862, 0x0862, 0x0862, 0x0862, 0x0862, 0x0862, 0x0862, 0x0862, 0x0862, 0x0862, 0x0862,
    0x0862, 0x0862, 0x0862, 0x0862, 0x10a3, 0x2125, 0x2125, 0x2125, 0x2125, 0x2125, 0x2125, 0x2125,
    0x2125, 0x2125, 0x18e4, 0x18e4, 0x18e4, 0x18e4, 0x18e4, 0x18e4, 0x18e4, 0x18e4, 0x18e4, 0x18e4,
    0x18e4, 0x18e4, 0x18e4, 0x18e4, 0x0862, 0x0841, 0x0841, 0x0841, 0x0841, 0x0841, 0x0841, 0x0841,
    0x0841, 0x0841, 0x0841, 0x0841, 0x0841, 0x0841, 0x0841, 0x0841, 0x0841, 0x0841, 0x0841, 0x0841,
    0x0841, 0x0841, 0x0841, 0x0841, 0x0841, 0x0841, 0x0841, 0x0841, 0x0841, 0x0841, 0x0841, 0x0862,
    0x18e4, 0x18e4, 0x18e4, 0x18e4, 0x18e4, 0x18e4, 0x18e4, 0x18e4, 0x18e4, 0x18e4, 0x18e4, 0x18e4,
    0x18e4, 0x18e4, 0x1905, 0x2125, 0x2125, 0x2125, 0x2125, 0x2125, 0x2125, 0x2125, 0x2125, 0x18e4,
    0x0862, 0x0862, 0x0862, 0x0862, 0x0862, 0x0862, 0x0862, 0x0862, 0x0862, 0x0862, 0x0862, 0x0862,
    0x0862, 0x0882, 0x0882, 0x0882, 0x1082, 0x1082, 0x1082, 0x1082, 0x1082, 0x1082, 0x1082, 0x1082,
    0x1082, 0x1082, 0x1082, 0x10a2, 0x10a2, 0x10a2, 0x10a3, 0x10a3, 0x10a3, 0x10a3, 0x10a3, 0x10a3,
    0x10a3, 0x10a3, 0x10a3, 0x10a3, 0x10a3, 0x10a3, 0x10a3, 0x10a3, 0x10a3, 0x10a3, 0x10a3, 0x10a3,
    0x10a3, 0x10a3, 0x10a3, 0x10a3, 0x10a3, 0x10a3, 0x10a3, 0x10a3, 0x10a3, 0x10a3, 0x10a3, 0x10a3,
    0x10a3, 0x10a3, 0x10a3, 0x10a3, 0x10a2, 0x10a2, 0x10a2, 0x1082, 0x1082, 0x1082, 0x1082, 0x1082,
    0x1082, 0x1082, 0x1082, 0x1082, 0x1082, 0x1082, 0x0882, 0x0882, 0x0882, 0x0862, 0x0862, 0x0862,
    0x0862, 0x0862, 0x0862, 0x0862, 0x0862, 0x0862, 0x0862, 0x0862, 0x0862, 0x0862, 0x0862, 0x0862,
    0x0862, 0x0862, 0x0862, 0x0862, 0x0862, 0x0862, 0x0862, 0x0862, 0x0862, 0x0862, 0x0862, 0x0862,
    0x0862, 0x0862, 0x0862, 0x0862, 0x0862, 0x0862, 0x0862, 0x0862, 0x0862, 0x0862, 0x0862, 0x0862,
    0x18e4, 0x2125, 0x2125, 0x2125, 0x2125, 0x2125, 0x2125, 0x2125, 0x2125, 0x1905, 0x18e4, 0x18e4,
    0x18e4, 0x18e4, 0x18e4, 0x18e4, 0x18e4, 0x18e4, 0x18e4, 0x18e4, 0x18e4, 0x18e4, 0x18e4, 0x18e4,
    0x0862, 0x0841, 0x0841, 0x0841, 0x0841, 0x0841, 0x0841, 0x0841, 0x0841, 0x0841, 0x0841, 0x0841,
    0x0841, 0x0841, 0x0841, 0x0841, 0x0841, 0x0841, 0x0841, 0x0841, 0x0841, 0x0841, 0x0841, 0x0841,
    0x0841, 0x0841, 0x0841, 0x0841, 0x0841, 0x0841, 0x0841, 0x0862, 0x18e4, 0x18e4, 0x18e4, 0x18e4,
    0x18e4, 0x18e4, 0x18e4, 0x18e4, 0x18e4, 0x18e4, 0x18e4, 0x18e4, 0x18e4, 0x18e4, 0x18e4, 0x2125,
    0x2125, 0x2125, 0x2125, 0x2125, 0x2125, 0x2125, 0x2125, 0x2125, 0x1082, 0x0862, 0x0862, 0x0862,
    0x0862, 0x0862, 0x0862, 0x0862, 0x0862, 0x0862, 0x0862, 0x0862, 0x0862, 0x0862, 0x0882, 0x0882,
    0x0882, 0x1082, 0x1082, 0x1082, 0x1082, 0x1082, 0x1082, 0x1082, 0x1082, 0x1082, 0x1082, 0x1082,
    0x1082, 0x10a2, 0x10a2, 0x10a2, 0x10a2, 0x10a3, 0x10a3, 0x10a3, 0x10a3, 0x10a3, 0x10a3, 0x10a3,
    0x10a3, 0x10a3, 0x10a3, 0x10a3, 0x10a3, 0x10a3, 0x10a3, 0x10a3, 0x10a3, 0x10a3, 0x10a3, 0x10a3,
    0x10a3, 0x10a3, 0x10a3, 0x10a3, 0x10a3, 0x10a3, 0x10a3, 0x10a3, 0x10a3, 0x10a2, 0x10a2, 0x10a2,
    0x10a2, 0x1082, 0x1082, 0x1082, 0x1082, 0x1082, 0x1082, 0x1082, 0x1082, 0x1082, 0x1082, 0x1082,
    0x1082, 0x0882, 0x0882, 0x0882, 0x0862, 0x0862, 0x0862, 0x0862, 0x0862, 0x0862, 0x0862, 0x0862,
    0x0862, 0x0862, 0x0862, 0x0862, 0x0862, 0x0862, 0x0862, 0x0862, 0x0862, 0x0862, 0x0862, 0x0862,
    0x0862, 0x0862, 0x0862, 0x0862, 0x0862, 0x0862, 0x0862, 0x0862, 0x0862, 0x0862, 0x0862, 0x0862,
    0x0862, 0x0862, 0x0862, 0x0862, 0x0862, 0x0862, 0x0862, 0x1082, 0x2125, 0x2125, 0x2125, 0x2125,
    0x2125, 0x2125, 0x2125, 0x2125, 0x2125, 0x18e4, 0x18e4, 0x18e4, 0x18e4, 0x18e4, 0x18e4, 0x18e4,
    0x18e4, 0x18e4, 0x18e4, 0x18e4, 0x18e4, 0x18e4, 0x18e4, 0x18e4, 0x0862, 0x0841, 0x0841, 0x0841,
    0x0841, 0x0841, 0x0841, 0x0841, 0x0841, 0x0841, 0x0841, 0x0841, 0x0841, 0x0841, 0x0841, 0x0841,
    0x0841, 0x0841, 0x0841, 0x0841, 0x0841, 0x0841, 0x0841, 0x0841, 0x0841, 0x0841, 0x0841, 0x0841,
    0x0841, 0x0841, 0x0841, 0x0862, 0x18e4, 0x18e4, 0x18e4, 0x18e4, 0x18e4, 0x18e4, 0x18e4, 0x18e4,
    0x18e4, 0x18e4, 0x18e4, 0x18e4, 0x18e4, 0x18e4, 0x18e4, 0x1904, 0x2125, 0x2125, 0x2125, 0x2125,
    0x2125, 0x2125, 0x2125, 0x2125, 0x18c4, 0x0862, 0x0862, 0x0862, 0x0862, 0x0862, 0x0862, 0x0862,
    0x0862, 0x0862, 0x0862, 0x0862, 0x0862, 0x0862, 0x0862, 0x0862, 0x0882, 0x0882, 0x0882, 0x1082,
    0x1082, 0x1082, 0x1082, 0x1082, 0x1082, 0x1082, 0x1082, 0x1082, 0x1082, 0x1082, 0x1082, 0x1082,
    0x10a2, 0x10a2, 0x10a2, 0x10a2, 0x10a2, 0x10a3, 0x10a3, 0x10a3, 0x10a3, 0x10a3, 0x10a3, 0x10a3,
    0x10a3, 0x10a3, 0x10a3, 0x10a3, 0x10a3, 0x10a3, 0x10a3, 0x10a3, 0x10a3, 0x10a3, 0x10a3, 0x10a3,
    0x10a3, 0x10a2, 0x10a2, 0x10a2, 0x10a2, 0x10a2, 0x1082, 0x1082, 0x1082, 0x1082, 0x1082, 0x1082,
    0x1082, 0x1082, 0x1082, 0x1082, 0x1082, 0x1082, 0x1082, 0x0882, 0x0882, 0x0882, 0x0862, 0x0862,
    0x0862, 0x0862, 0x0862, 0x0862, 0x0862, 0x0862, 0x0862, 0x0862, 0x0862, 0x0862, 0x0862, 0x0862,
    0x0862, 0x0862, 0x0862, 0x0862, 0x0862, 0x0862, 0x0862, 0x0862, 0x0862, 0x0862, 0x0862, 0x0862,
    0x0862, 0x0862, 0x0862, 0x0862, 0x0862, 0x0862, 0x0862, 0x0862, 0x0862, 0x0862, 0x0862, 0x0862,
    0x0862, 0x0862, 0x0862, 0x18c4, 0x2125, 0x2125, 0x2125, 0x2125, 0x2125, 0x2125, 0x2125, 0x2125,
    0x1904, 0x18e4, 0x18e4, 0x18e4, 0x18e4, 0x18e4, 0x18e4, 0x18e4, 0x18e4, 0x18e4, 0x18e4, 0x18e4,
    0x18e4, 0x18e4, 0x18e4, 0x18e4, 0x0862, 0x0841, 0x0841, 0x0841, 0x0841, 0x0841, 0x0841, 0x0841,
    0x0841, 0x0841, 0x0841, 0x0841, 0x0841, 0x0841, 0x0841, 0x0841, 0x0841, 0x0841, 0x0841, 0x0841,
    0x0841, 0x0841, 0x0841, 0x0841, 0x0841, 0x0841, 0x0841, 0x0841, 0x0841, 0x0841, 0x0841, 0x0862,
    0x18e4, 0x18e4, 0x18e4, 0x18e4, 0x18e4, 0x18e4, 0x18e4, 0x18e4, 0x18e4, 0x18e4, 0x18e4, 0x18e4,
    0x18e4, 0x18e4, 0x18e4, 0x18e4, 0x2105, 0x2125, 0x2125, 0x2125, 0x2125, 0x2125, 0x2125, 0x2125,
    0x2105, 0x1082, 0x0862, 0x0862, 0x0862, 0x0862, 0x0862, 0x0862, 0x0862, 0x0862, 0x0862, 0x0862,
    0x0862, 0x0862, 0x0862, 0x0862, 0x0862, 0x0882, 0x0882, 0x0882, 0x0882, 0x1082, 0x1082, 0x1082,
    0x1082, 0x1082, 0x1082, 0x1082, 0x1082, 0x1082, 0x1082, 0x1082, 0x1082, 0x1082, 0x1082, 0x1082,
    0x10a2, 0x10a2, 0x10a2, 0x10a2, 0x10a2, 0x10a2, 0x10a2, 0x10a3, 0x10a3, 0x10a3, 0x10a3, 0x10a3,
    0x10a3, 0x10a3, 0x10a3, 0x10a2, 0x10a2, 0x10a2, 0x10a2, 0x10a2, 0x10a2, 0x10a2, 0x1082, 0x1082,
    0x1082, 0x1082, 0x1082, 0x1082, 0x1082, 0x1082, 0x1082, 0x1082, 0x1082, 0x1082, 0x1082, 0x1082,
    0x1082, 0x0882, 0x0882, 0x0882, 0x0882, 0x0862, 0x0862, 0x0862, 0x0862, 0x0862, 0x0862, 0x0862,
    0x0862, 0x0862, 0x0862, 0x0862, 0x0862, 0x0862, 0x0862, 0x0862, 0x0862, 0x0862, 0x0862, 0x0862,
    0x0862, 0x0862, 0x0862, 0x0862, 0x0862, 0x0862, 0x0862, 0x0862, 0x0862, 0x0862, 0x0862, 0x0862,
    0x0862, 0x0862, 0x0862, 0x0862, 0x0862, 0x0862, 0x0862, 0x0862, 0x0862, 0x0862, 0x1082, 0x2105,
    0x2125, 0x2125, 0x2125, 0x2125, 0x2125, 0x2125, 0x2125, 0x2105, 0x18e4, 0x18e4, 0x18e4, 0x18e4,
    0x18e4, 0x18e4, 0x18e4, 0x18e4, 0x18e4, 0x18e4, 0x18e4, 0x18e4, 0x18e4, 0x18e4, 0x18e4, 0x18e4,
    0x0862, 0x0841, 0x0841, 0x0841, 0x0841, 0x0841, 0x0841, 0x0841, 0x0841, 0x0841, 0x0841, 0x0841,
    0x0841, 0x0841, 0x0841, 0x0841, 0x0841, 0x0841, 0x0841, 0x0841, 0x0841, 0x0841, 0x0841, 0x0841,
    0x0841, 0x0841, 0x0841, 0x0841, 0x0841, 0x0841, 0x0841, 0x0862, 0x18e4, 0x18e4, 0x18e4, 0x18e4,
    0x18e4, 0x18e4, 0x18e4, 0x18e4, 0x18e4, 0x18e4, 0x18e4, 0x18e4, 0x18e4, 0x18e4, 0x18e4, 0x18e4,
    0x18e4, 0x2125, 0x2125, 0x2125, 0x2125, 0x2125, 0x2125, 0x2125, 0x2125, 0x18c4, 0x0862, 0x0862,
    0x0862, 0x0862, 0x0862, 0x0862, 0x0862, 0x0862, 0x0862, 0x0862, 0x0862, 0x0862, 0x0862, 0x0862,
    0x0862, 0x0862, 0x0862, 0x0882, 0x0882, 0x0882, 0x0882, 0x1082, 0x1082, 0x1082, 0x1082, 0x1082,
    0x1082, 0x1082, 0x1082, 0x1082, 0x1082, 0x1082, 0x1082, 0x1082, 0x1082, 0x1082, 0x1082, 0x1082,
    0x1082, 0x1082, 0x10a2, 0x10a2, 0x10a2, 0x10a2, 0x10a2, 0x10a2, 0x10a2, 0x10a2, 0x10a2, 0x10a2,
    0x1082, 0x1082, 0x1082, 0x1082, 0x1082, 0x1082, 0x1082, 0x1082, 0x1082, 0x1082, 0x1082, 0x1082,
    0x1082, 0x1082, 0x1082, 0x1082, 0x1082, 0x1082, 0x1082, 0x0882, 0x0882, 0x0882, 0x0882, 0x0862,
    0x0862, 0x0862, 0x0862, 0x0862, 0x0862, 0x0862, 0x0862, 0x0862, 0x0862, 0x0862, 0x0862, 0x0862,
    0x0862, 0x0862, 0x0862, 0x0862, 0x0862, 0x0862, 0x0862, 0x0862, 0x0862, 0x0862, 0x0862, 0x0862,
    0x0862, 0x0862, 0x0862, 0x0862, 0x0862, 0x0862, 0x0862, 0x0862, 0x0862, 0x0862, 0x0862, 0x0862,
    0x0862, 0x0862, 0x0862, 0x0862, 0x0862, 0x0862, 0x18c4, 0x2125, 0x2125, 0x2125, 0x2125, 0x2125,
    0x2125, 0x2125, 0x2125, 0x18e4, 0x18e4, 0x18e4, 0x18e4, 0x18e4, 0x18e4, 0x18e4, 0x18e4, 0x18e4,
    0x18e4, 0x18e4, 0x18e4, 0x18e4, 0x18e4, 0x18e4, 0x18e4, 0x18e4, 0x0862, 0x0841, 0x0841, 0x0841,
    0x0841, 0x0841, 0x0841, 0x0841, 0x0841, 0x0841, 0x0841, 0x0841, 0x0841, 0x0841, 0x0841, 0x0841,
    0x0841, 0x0841, 0x0841, 0x0841, 0x0841, 0x0841, 0x0841, 0x0841, 0x0841, 0x0841, 0x0841, 0x0841,
    0x0841, 0x0841, 0x0841, 0x0862, 0x18e4, 0x18e4, 0x18e4, 0x18e4, 0x18e4, 0x18e4, 0x18e4, 0x18e4,
    0x18e4, 0x18e4, 0x18e4, 0x18e4, 0x18e4, 0x18e4, 0x18e4, 0x18e4, 0x18e4, 0x18e4, 0x2125, 0x2125,
    0x2125, 0x2125, 0x2125, 0x2125, 0x2125, 0x2125, 0x10a3, 0x0862, 0x0862, 0x0862, 0x0862, 0x0862,
    0x0862, 0x0862, 0x0862, 0x0862, 0x0862, 0x0862, 0x0862, 0x0862, 0x0862, 0x0862, 0x0862, 0x0862,
    0x0862, 0x0882, 0x0882, 0x0882, 0x0882, 0x1082, 0x1082, 0x1082, 0x1082, 0x1082, 0x1082, 0x1082,
    0x1082, 0x1082, 0x1082, 0x1082, 0x1082, 0x1082, 0x1082, 0x1082, 0x1082, 0x1082, 0x1082, 0x1082,
    0x1082, 0x1082, 0x1082, 0x1082, 0x1082, 0x1082, 0x1082, 0x1082, 0x1082, 0x1082, 0x1082, 0x1082,
    0x1082, 0x1082, 0x1082, 0x1082, 0x1082, 0x1082, 0x1082, 0x1082, 0x1082, 0x1082, 0x1082, 0x1082,
    0x1082, 0x0882, 0x0882, 0x0882, 0x0882, 0x0862, 0x0862, 0x0862, 0x0862, 0x0862, 0x0862, 0x0862,
    0x0862, 0x0862, 0x0862, 0x0862, 0x0862, 0x0862, 0x0862, 0x0862, 0x0862, 0x0862, 0x0862, 0x0862,
    0x0862, 0x0862, 0x0862, 0x0862, 0x0862, 0x0862, 0x0862, 0x0862, 0x0862, 0x0862, 0x0862, 0x0862,
    0x0862, 0x0862, 0x0862, 0x0862, 0x0862, 0x0862, 0x0862, 0x0862, 0x0862, 0x0862, 0x0862, 0x0862,
    0x0862, 0x10a3, 0x2125, 0x2125, 0x2125, 0x2125, 0x2125, 0x2125, 0x2125, 0x2125, 0x18e4, 0x18e4,
    0x18e4, 0x18e4, 0x18e4, 0x18e4, 0x18e4, 0x18e4, 0x18e4, 0x18e4, 0x18e4, 0x18e4, 0x18e4, 0x18e4,
    0x18e4, 0x18e4, 0x18e4, 0x18e4, 0x0862, 0x0841, 0x0841, 0x0841, 0x0841, 0x0841, 0x0841, 0x0841,
    0x0841, 0x0841, 0x0841, 0x0841, 0x0841, 0x0841, 0x0841, 0x0841, 0x0841, 0x0841, 0x0841, 0x0841,
    0x0841, 0x0841, 0x0841, 0x0841, 0x0841, 0x0841, 0x0841, 0x0841, 0x0841, 0x0841, 0x0841, 0x0862,
    0x18e4, 0x18e4, 0x18e4, 0x18e4, 0x18e4, 0x18e4, 0x18e4, 0x18e4, 0x18e4, 0x18e4, 0x18e4, 0x18e4,
    0x18e4, 0x18e4, 0x18e4, 0x18e4, 0x18e4, 0x18e4, 0x1904, 0x2125, 0x2125, 0x2125, 0x2125, 0x2125,
    0x2125, 0x2125, 0x18e4, 0x0862, 0x0862, 0x0862, 0x0862, 0x0862, 0x0862, 0x0862, 0x0862, 0x0862,
    0x0862, 0x0862, 0x0862, 0x0862, 0x0862, 0x0862, 0x0862, 0x0862, 0x0862, 0x0862, 0x0862, 0x0882,
    0x0882, 0x0882, 0x0882, 0x1082, 0x1082, 0x1082, 0x1082, 0x1082, 0x1082, 0x1082, 0x1082, 0x1082,
    0x1082, 0x1082, 0x1082, 0x1082, 0x1082, 0x1082, 0x1082, 0x1082, 0x1082, 0x1082, 0x1082, 0x1082,
    0x1082, 0x1082, 0x1082, 0x1082, 0x1082, 0x1082, 0x1082, 0x1082, 0x1082, 0x1082, 0x1082, 0x1082,
    0x1082, 0x1082, 0x1082, 0x1082, 0x1082, 0x1082, 0x1082, 0x0882, 0x0882, 0x0882, 0x0882, 0x0862,
    0x0862, 0x0862, 0x0862, 0x0862, 0x0862, 0x0862, 0x0862, 0x0862, 0x0862, 0x0862, 0x0862, 0x0862,
    0x0862, 0x0862, 0x0862, 0x0862, 0x0862, 0x0862, 0x0862, 0x0862, 0x0862, 0x0862, 0x0862, 0x0862,
    0x0862, 0x0862, 0x0862, 0x0862, 0x0862, 0x0862, 0x0862, 0x0862, 0x0862, 0x0862, 0x0862, 0x0862,
    0x0862, 0x0862, 0x0862, 0x0862, 0x0862, 0x0862, 0x0862, 0x0862, 0x0862, 0x18e4, 0x2125, 0x2125,
    0x2125, 0x2125, 0x2125, 0x2125, 0x2125, 0x1904, 0x18e4, 0x18e4, 0x18e4, 0x18e4, 0x18e4, 0x18e4,
    0x18e4, 0x18e4, 0x18e4, 0x18e4, 0x18e4, 0x18e4, 0x18e4, 0x18e4, 0x18e4, 0x18e4, 0x18e4, 0x18e4,
    0x0862, 0x0841, 0x0841, 0x0841, 0x0841, 0x0841, 0x0841, 0x0841, 0x0841, 0x0841, 0x0841, 0x0841,
    0x0841, 0x0841, 0x0841, 0x0841, 0x0841, 0x0841, 0x0841, 0x0841, 0x0841, 0x0841, 0x0841, 0x0841,
    0x0841, 0x0841, 0x0841, 0x0841, 0x0841, 0x0841, 0x0841, 0x0862, 0x18e4, 0x18e4, 0x18e4, 0x18e4,
    0x18e4, 0x18e4, 0x18e4, 0x18e4, 0x18e4, 0x18e4, 0x18e4, 0x18e4, 0x18e4, 0x18e4, 0x18e4, 0x18e4,
    0x18e4, 0x18e4, 0x18e4, 0x1905, 0x2125, 0x2125, 0x2125, 0x2125, 0x2125, 0x2125, 0x2125, 0x10a3,
    0x0862, 0x0862, 0x0862, 0x0862, 0x0862, 0x0862, 0x0862, 0x0862, 0x0862, 0x0862, 0x0862, 0x0862,
    0x0862, 0x0862, 0x0862, 0x0862, 0x0862, 0x0862, 0x0862, 0x0862, 0x0862, 0x0882, 0x0882, 0x0882,
    0x0882, 0x0882, 0x1082, 0x1082, 0x1082, 0x1082, 0x1082, 0x1082, 0x1082, 0x1082, 0x1082, 0x1082,
    0x1082, 0x1082, 0x1082, 0x1082, 0x1082, 0x1082, 0x1082, 0x1082, 0x1082, 0x1082, 0x1082, 0x1082,
    0x1082, 0x1082, 0x1082, 0x1082, 0x1082, 0x1082, 0x1082, 0x1082, 0x1082, 0x1082, 0x1082, 0x1082,
    0x0882, 0x0882, 0x0882, 0x0882, 0x0882, 0x0862, 0x0862, 0x0862, 0x0862, 0x0862, 0x0862, 0x0862,
    0x0862, 0x0862, 0x0862, 0x0862, 0x0862, 0x0862, 0x0862, 0x0862, 0x0862, 0x0862, 0x0862, 0x0862,
    0x0862, 0x0862, 0x0862, 0x0862, 0x0862, 0x0862, 0x0862, 0x0862, 0x0862, 0x0862, 0x0862, 0x0862,
    0x0862, 0x0862, 0x0862, 0x0862, 0x0862, 0x0862, 0x0862, 0x0862, 0x0862, 0x0862, 0x0862, 0x0862,
    0x0862, 0x0862, 0x0862, 0x0862, 0x10a3, 0x2125, 0x2125, 0x2125, 0x2125, 0x2125, 0x2125, 0x2125,
    0x1905, 0x18e4, 0x18e4, 0x18e4, 0x18e4, 0x18e4, 0x18e4, 0x18e4, 0x18e4, 0x18e4, 0x18e4, 0x18e4,
    0x18e4, 0x18e4, 0x18e4, 0x18e4, 0x18e4, 0x18e4, 0x18e4, 0x18e4, 0x0862, 0x0841, 0x0841, 0x0841,
    0x0841, 0x0841, 0x0841, 0x0841, 0x0841, 0x0841, 0x0841, 0x0841, 0x0841, 0x0841, 0x0841, 0x0841,
    0x0841, 0x0841, 0x0841, 0x0841, 0x0841, 0x0841, 0x0841, 0x0841, 0x0841, 0x0841, 0x0841, 0x0841,
    0x0841, 0x0841, 0x0841, 0x0862, 0x18e4, 0x18e4, 0x18e4, 0x18e4, 0x18e4, 0x18e4, 0x18e4, 0x18e4,
    0x18e4, 0x18e4, 0x18e4, 0x18e4, 0x18e4, 0x18e4, 0x18e4, 0x18e4, 0x18e4, 0x18e4, 0x18e4, 0x18e4,
    0x1905, 0x2125, 0x2125, 0x2125, 0x2125, 0x2125, 0x2125, 0x1905, 0x1082, 0x0862, 0x0862, 0x0862,
    0x0862, 0x0862, 0x0862, 0x0862, 0x0862, 0x0862, 0x0862, 0x0862, 0x0862, 0x0862, 0x0862, 0x0862,
    0x0862, 0x0862, 0x0862, 0x0862, 0x0862, 0x0862, 0x0862, 0x0882, 0x0882, 0x0882, 0x0882, 0x0882,
    0x0882, 0x1082, 0x1082, 0x1082, 0x1082, 0x1082, 0x1082, 0x1082, 0x1082, 0x1082, 0x1082, 0x1082,
    0x1082, 0x1082, 0x1082, 0x1082, 0x1082, 0x1082, 0x1082, 0x1082, 0x1082, 0x1082, 0x1082, 0x1082,
    0x1082, 0x1082, 0x1082, 0x1082, 0x1082, 0x0882, 0x0882, 0x0882, 0x0882, 0x0882, 0x0882, 0x0862,
    0x0862, 0x0862, 0x0862, 0x0862, 0x0862, 0x0862, 0x0862, 0x0862, 0x0862, 0x0862, 0x0862, 0x0862,
    0x0862, 0x0862, 0x0862, 0x0862, 0x0862, 0x0862, 0x0862, 0x0862, 0x0862, 0x0862, 0x0862, 0x0862,
    0x0862, 0x0862, 0x0862, 0x0862, 0x0862, 0x0862, 0x0862, 0x0862, 0x0862, 0x0862, 0x0862, 0x0862,
    0x0862, 0x0862, 0x0862, 0x0862, 0x0862, 0x0862, 0x0862, 0x0862, 0x0862, 0x0862, 0x0862, 0x1082,
    0x1905, 0x2125, 0x2125, 0x2125, 0x2125, 0x2125, 0x2125, 0x1905, 0x18e4, 0x18e4, 0x18e4, 0x18e4,
    0x18e4, 0x18e4, 0x18e4, 0x18e4, 0x18e4, 0x18e4, 0x18e4, 0x18e4, 0x18e4, 0x18e4, 0x18e4, 0x18e4,
    0x18e4, 0x18e4, 0x18e4, 0x18e4, 0x0862, 0x0841, 0x0841, 0x0841, 0x0841, 0x0841, 0x0841, 0x0841,
    0x0841, 0x0841, 0x0841, 0x0841, 0x0841, 0x0841, 0x0841, 0x0841, 0x0841, 0x0841, 0x0841, 0x0841,
    0x0841, 0x0841, 0x0841, 0x0841, 0x0841, 0x0841, 0x0841, 0x0841, 0x0841, 0x0841, 0x0841, 0x0862,
    0x18e4, 0x18e4, 0x18e4, 0x18e4, 0x18e4, 0x18e4, 0x18e4, 0x18e4, 0x18e4, 0x18e4, 0x18e4, 0x18e4,
    0x18e4, 0x18e4, 0x18e4, 0x18e4, 0x18e4, 0x18e4, 0x18e4, 0x18e4, 0x18e4, 0x1905, 0x2125, 0x2125,
    0x2125, 0x2125, 0x2125, 0x2125, 0x18c4, 0x0862, 0x0862, 0x0862, 0x0862, 0x0862, 0x0862, 0x0862,
    0x0862, 0x0862, 0x0862, 0x0862, 0x0862, 0x0862, 0x0862, 0x0862, 0x0862, 0x0862, 0x0862, 0x0862,
    0x0862, 0x0862, 0x0862, 0x0862, 0x0862, 0x0862, 0x0882, 0x0882, 0x0882, 0x0882, 0x0882, 0x0882,
    0x0882, 0x0882, 0x1082, 0x1082, 0x1082, 0x1082, 0x1082, 0x1082, 0x1082, 0x1082, 0x1082, 0x1082,
    0x1082, 0x1082, 0x1082, 0x1082, 0x1082, 0x1082, 0x1082, 0x1082, 0x0882, 0x0882, 0x0882, 0x0882,
    0x0882, 0x0882, 0x0882, 0x0882, 0x0862, 0x0862, 0x0862, 0x0862, 0x0862, 0x0862, 0x0862, 0x0862,
    0x0862, 0x0862, 0x0862, 0x0862, 0x0862, 0x0862, 0x0862, 0x0862, 0x0862, 0x0862, 0x0862, 0x0862,
    0x0862, 0x0862, 0x0862, 0x0862, 0x0862, 0x0862, 0x0862, 0x0862, 0x0862, 0x0862, 0x0862, 0x0862,
    0x0862, 0x0862, 0x0862, 0x0862, 0x0862, 0x0862, 0x0862, 0x0862, 0x0862, 0x0862, 0x0862, 0x0862,
    0x0862, 0x0862, 0x0862, 0x0862, 0x0862, 0x0862, 0x0862, 0x18c4, 0x2125, 0x2125, 0x2125, 0x2125,
    0x2125, 0x2125, 0x1905, 0x18e4, 0x18e4, 0x18e4, 0x18e4, 0x18e4, 0x18e4, 0x18e4, 0x18e4, 0x18e4,
    0x18e4, 0x18e4, 0x18e4, 0x18e4, 0x18e4, 0x18e4, 0x18e4, 0x18e4, 0x18e4, 0x18e4, 0x18e4, 0x18e4,
    0x0862, 0x0841, 0x0841, 0x0841, 0x0841, 0x0841, 0x0841, 0x0841, 0x0841, 0x0841, 0x0841, 0x0841,
    0x0841, 0x0841, 0x0841, 0x0841, 0x0841, 0x0841, 0x0841, 0x0841, 0x0841, 0x0841, 0x0841, 0x0841,
    0x0841, 0x0841, 0x0841, 0x0841, 0x0841, 0x0841, 0x0841, 0x0862, 0x18e4, 0x18e4, 0x18e4, 0x18e4,
    0x18e4, 0x18e4, 0x18e4, 0x18e4, 0x18e4, 0x18e4, 0x18e4, 0x18e4, 0x18e4, 0x18e4, 0x18e4, 0x18e4,
    0x18e4, 0x18e4, 0x18e4, 0x18e4, 0x18e4, 0x18e4, 0x1904, 0x2125, 0x2125, 0x2125, 0x2125, 0x2125,
    0x2125, 0x10a3, 0x0862, 0x0862, 0x0862, 0x0862, 0x0862, 0x0862, 0x0862, 0x0862, 0x0862, 0x0862,
    0x0862, 0x0862, 0x0862, 0x0862, 0x0862, 0x0862, 0x0862, 0x0862, 0x0862, 0x0862, 0x0862, 0x0862,
    0x0862, 0x0862, 0x0862, 0x0862, 0x0862, 0x0862, 0x0882, 0x0882, 0x0882, 0x0882, 0x0882, 0x0882,
    0x0882, 0x0882, 0x0882, 0x0882, 0x0882, 0x0882, 0x0882, 0x0882, 0x0882, 0x0882, 0x0882, 0x0882,
    0x0882, 0x0882, 0x0882, 0x0882, 0x0882, 0x0882, 0x0882, 0x0882, 0x0862, 0x0862, 0x0862, 0x0862,
    0x0862, 0x0862, 0x0862, 0x0862, 0x0862, 0x0862, 0x0862, 0x0862, 0x0862, 0x0862, 0x0862, 0x0862,
    0x0862, 0x0862, 0x0862, 0x0862, 0x0862, 0x0862, 0x0862, 0x0862, 0x0862, 0x0862, 0x0862, 0x0862,
    0x0862, 0x0862, 0x0862, 0x0862, 0x0862, 0x0862, 0x0862, 0x0862, 0x0862, 0x0862, 0x0862, 0x0862,
    0x0862, 0x0862, 0x0862, 0x0862, 0x0862, 0x0862, 0x0862, 0x0862, 0x0862, 0x0862, 0x0862, 0x0862,
    0x0862, 0x0862, 0x10a3, 0x2125, 0x2125, 0x2125, 0x2125, 0x2125, 0x2125, 0x1904, 0x18e4, 0x18e4,
    0x18e4, 0x18e4, 0x18e4, 0x18e4, 0x18e4, 0x18e4, 0x18e4, 0x18e4, 0x18e4, 0x18e4, 0x18e4, 0x18e4,
    0x18e4, 0x18e4, 0x18e4, 0x18e4, 0x18e4, 0x18e4, 0x18e4, 0x18e4, 0x0862, 0x0841, 0x0841, 0x0841,
    0x0841, 0x0841, 0x0841, 0x0841, 0x0841, 0x0841, 0x0841, 0x0841, 0x0841, 0x0841, 0x0841, 0x0841,
    0x0841, 0x0841, 0x0841, 0x0841, 0x0841, 0x0841, 0x0841, 0x0841, 0x0841, 0x0841, 0x0841, 0x0841,
    0x0841, 0x0841, 0x0841, 0x0841, 0x18e4, 0x18e4, 0x18e4, 0x18e4, 0x18e4, 0x18e4, 0x18e4, 0x18e4,
    0x18e4, 0x18e4, 0x18e4, 0x18e4, 0x18e4, 0x18e4, 0x18e4, 0x18e4, 0x18e4, 0x18e4, 0x18e4, 0x18e4,
    0x18e4, 0x18e4, 0x18e4, 0x18e4, 0x2125, 0x2125, 0x2125, 0x2125, 0x2125, 0x1905, 0x1082, 0x0862,
    0x0862, 0x0862, 0x0862, 0x0862, 0x0862, 0x0862, 0x0862, 0x0862, 0x0862, 0x0862, 0x0862, 0x0862,
    0x0862, 0x0862, 0x0862, 0x0862, 0x0862, 0x0862, 0x0862, 0x0862, 0x0862, 0x0862, 0x0862, 0x0862,
    0x0862, 0x0862, 0x0862, 0x0862, 0x0862, 0x0862, 0x0862, 0x0882, 0x0882, 0x0882, 0x0882, 0x0882,
    0x0882, 0x0882, 0x0882, 0x0882, 0x0882, 0x0882, 0x0882, 0x0882, 0x0882, 0x0882, 0x0882, 0x0862,
    0x0862, 0x0862, 0x0862, 0x0862, 0x0862, 0x0862, 0x0862, 0x0862, 0x0862, 0x0862, 0x0862, 0x0862,
    0x0862, 0x0862, 0x0862, 0x0862, 0x0862, 0x0862, 0x0862, 0x0862, 0x0862, 0x0862, 0x0862, 0x0862,
    0x0862, 0x0862, 0x0862, 0x0862, 0x0862, 0x0862, 0x0862, 0x0862, 0x0862, 0x0862, 0x0862, 0x0862,
    0x0862, 0x0862, 0x0862, 0x0862, 0x0862, 0x0862, 0x0862, 0x0862, 0x0862, 0x0862, 0x0862, 0x0862,
    0x0862, 0x0862, 0x0862, 0x0862, 0x0862, 0x0862, 0x0862, 0x0862, 0x0862, 0x1082, 0x1905, 0x2125,
    0x2125, 0x2125, 0x2125, 0x2125, 0x18e4, 0x18e4, 0x18e4, 0x18e4, 0x18e4, 0x18e4, 0x18e4, 0x18e4,
    0x18e4, 0x18e4, 0x18e4, 0x18e4, 0x18e4, 0x18e4, 0x18e4, 0x18e4, 0x18e4, 0x18e4, 0x18e4, 0x18e4,
    0x18e4, 0x18e4, 0x18e4, 0x18e4, 0x0841, 0x0841, 0x0841, 0x0841, 0x0841, 0x0841, 0x0841, 0x0841,
    0x0841, 0x0841, 0x0841, 0x0841, 0x0841, 0x0841, 0x0841, 0x0841, 0x0841, 0x0841, 0x0841, 0x0841,
    0x0841, 0x0841, 0x0841, 0x0841, 0x0841, 0x0841, 0x0841, 0x0841, 0x0841, 0x0841, 0x0841, 0x0841,
    0x18e4, 0x18e4, 0x18e4, 0x18e4, 0x18e4, 0x18e4, 0x18e4, 0x18e4, 0x18e4, 0x18e4, 0x18e4, 0x18e4,
    0x18e4, 0x18e4, 0x18e4, 0x18e4, 0x18e4, 0x18e4, 0x18e4, 0x18e4, 0x18e4, 0x18e4, 0x18e4, 0x18e4,
    0x18e4, 0x2105, 0x2125, 0x2125, 0x2125, 0x2125, 0x18e4, 0x0862, 0x0862, 0x0862, 0x0862, 0x0862,
    0x0862, 0x0862, 0x0862, 0x0862, 0x0862, 0x0862, 0x0862, 0x0862, 0x0862, 0x0862, 0x0862, 0x0862,
    0x0862, 0x0862, 0x0862, 0x0862, 0x0862, 0x0862, 0x0862, 0x0862, 0x0862, 0x0862, 0x0862, 0x0862,
    0x0862, 0x0862, 0x0862, 0x0862, 0x0862, 0x0862, 0x0862, 0x0862, 0x0862, 0x0862, 0x0862, 0x0862,
    0x0862, 0x0862, 0x0862, 0x0862, 0x0862, 0x0862, 0x0862, 0x0862, 0x0862, 0x0862, 0x0862, 0x0862,
    0x0862, 0x0862, 0x0862, 0x0862, 0x0862, 0x0862, 0x0862, 0x0862, 0x0862, 0x0862, 0x0862, 0x0862,
    0x0862, 0x0862, 0x0862, 0x0862, 0x0862, 0x0862, 0x0862, 0x0862, 0x0862, 0x0862, 0x0862, 0x0862,
    0x0862, 0x0862, 0x0862, 0x0862, 0x0862, 0x0862, 0x0862, 0x0862, 0x0862, 0x0862, 0x0862, 0x0862,
    0x0862, 0x0862, 0x0862, 0x0862, 0x0862, 0x0862, 0x0862, 0x0862, 0x0862, 0x0862, 0x0862, 0x0862,
    0x0862, 0x0862, 0x0862, 0x0862, 0x0862, 0x18e4, 0x2125, 0x2125, 0x2125, 0x2125, 0x2105, 0x18e4,
    0x18e4, 0x18e4, 0x18e4, 0x18e4, 0x18e4, 0x18e4, 0x18e4, 0x18e4, 0x18e4, 0x18e4, 0x18e4, 0x18e4,
    0x18e4, 0x18e4, 0x18e4, 0x18e4, 0x18e4, 0x18e4, 0x18e4, 0x18e4, 0x18e4, 0x18e4, 0x18e4, 0x18e4,
    0x0841, 0x0841, 0x0841, 0x0841, 0x0841, 0x0841, 0x0841, 0x0841, 0x0841, 0x0841, 0x0841, 0x0841,
    0x0841, 0x0841, 0x0841, 0x0841, 0x0841, 0x0841, 0x0841, 0x0841, 0x0841, 0x0841, 0x0841, 0x0841,
    0x0841, 0x0841, 0x0841, 0x0841, 0x0841, 0x0841, 0x0841, 0x0841, 0x18c4, 0x18e4, 0x18e4, 0x18e4,
    0x18e4, 0x18e4, 0x18e4, 0x18e4, 0x18e4, 0x18e4, 0x18e4, 0x18e4, 0x18e4, 0x18e4, 0x18e4, 0x18e4,
    0x18e4, 0x18e4, 0x18e4, 0x18e4, 0x18e4, 0x18e4, 0x18e4, 0x18e4, 0x18e4, 0x18e4, 0x1904, 0x2125,
    0x2125, 0x2125, 0x2125, 0x10c3, 0x0862, 0x0862, 0x0862, 0x0862, 0x0862, 0x0862, 0x0862, 0x0862,
    0x0862, 0x0862, 0x0862, 0x0862, 0x0862, 0x0862, 0x0862, 0x0862, 0x0862, 0x0862, 0x0862, 0x0862,
    0x0862, 0x0862, 0x0862, 0x0862, 0x0862, 0x0862, 0x0862, 0x0862, 0x0862, 0x0862, 0x0862, 0x0862,
    0x0862, 0x0862, 0x0862, 0x0862, 0x0862, 0x0862, 0x0862, 0x0862, 0x0862, 0x0862, 0x0862, 0x0862,
    0x0862, 0x0862, 0x0862, 0x0862, 0x0862, 0x0862, 0x0862, 0x0862, 0x0862, 0x0862, 0x0862, 0x0862,
    0x0862, 0x0862, 0x0862, 0x0862, 0x0862, 0x0862, 0x0862, 0x0862, 0x0862, 0x0862, 0x0862, 0x0862,
    0x0862, 0x0862, 0x0862, 0x0862, 0x0862, 0x0862, 0x0862, 0x0862, 0x0862, 0x0862, 0x0862, 0x0862,
    0x0862, 0x0862, 0x0862, 0x0862, 0x0862, 0x0862, 0x0862, 0x0862, 0x0862, 0x0862, 0x0862, 0x0862,
    0x0862, 0x0862, 0x0862, 0x0862, 0x0862, 0x0862, 0x0862, 0x0862, 0x0862, 0x0862, 0x0862, 0x0862,
    0x10c3, 0x2125, 0x2125, 0x2125, 0x2125, 0x1904, 0x18e4, 0x18e4, 0x18e4, 0x18e4, 0x18e4, 0x18e4,
    0x18e4, 0x18e4, 0x18e4, 0x18e4, 0x18e4, 0x18e4, 0x18e4, 0x18e4, 0x18e4, 0x18e4, 0x18e4, 0x18e4,
    0x18e4, 0x18e4, 0x18e4, 0x18e4, 0x18e4, 0x18e4, 0x18e4, 0x18c4, 0x0841, 0x0841, 0x0841, 0x0841,
    0x0841, 0x0841, 0x0841, 0x0841, 0x0841, 0x0841, 0x0841, 0x0841, 0x0841, 0x0841, 0x0841, 0x0841,
    0x0841, 0x0841, 0x0841, 0x0841, 0x0841, 0x0841, 0x0841, 0x0841, 0x0841, 0x0841, 0x0841, 0x0841,
    0x0841, 0x0841, 0x0841, 0x0841, 0x10a3, 0x18e4, 0x18e4, 0x18e4, 0x18e4, 0x18e4, 0x18e4, 0x18e4,
    0x18e4, 0x18e4, 0x18e4, 0x18e4, 0x18e4, 0x18e4, 0x18e4, 0x18e4, 0x18e4, 0x18e4, 0x18e4, 0x18e4,
    0x18e4, 0x18e4, 0x18e4, 0x18e4, 0x18e4, 0x18e4, 0x18e4, 0x18e4, 0x1905, 0x2125, 0x2125, 0x2125,
    0x10a3, 0x0862, 0x0862, 0x0862, 0x0862, 0x0862, 0x0862, 0x0862, 0x0862, 0x0862, 0x0862, 0x0862,
    0x0862, 0x0862, 0x0862, 0x0862, 0x0862, 0x0862, 0x0862, 0x0862, 0x0862, 0x0862, 0x0862, 0x0862,
    0x0862, 0x0862, 0x0862, 0x0862, 0x0862, 0x0862, 0x0862, 0x0862, 0x0862, 0x0862, 0x0862, 0x0862,
    0x0862, 0x0862, 0x0862, 0x0862, 0x0862, 0x0862, 0x0862, 0x0862, 0x0862, 0x0862, 0x0862, 0x0862,
    0x0862, 0x0862, 0x0862, 0x0862, 0x0862, 0x0862, 0x0862, 0x0862, 0x0862, 0x0862, 0x0862, 0x0862,
    0x0862, 0x0862, 0x0862, 0x0862, 0x0862, 0x0862, 0x0862, 0x0862, 0x0862, 0x0862, 0x0862, 0x0862,
    0x0862, 0x0862, 0x0862, 0x0862, 0x0862, 0x0862, 0x0862, 0x0862, 0x0862, 0x0862, 0x0862, 0x0862,
    0x0862, 0x0862, 0x0862, 0x0862, 0x0862, 0x0862, 0x0862, 0x0862, 0x0862, 0x0862, 0x0862, 0x0862,
    0x0862, 0x0862, 0x0862, 0x0862, 0x0862, 0x0862, 0x0862, 0x10a3, 0x2125, 0x2125, 0x2125, 0x1905,
    0x18e4, 0x18e4, 0x18e4, 0x18e4, 0x18e4, 0x18e4, 0x18e4, 0x18e4, 0x18e4, 0x18e4, 0x18e4, 0x18e4,
    0x18e4, 0x18e4, 0x18e4, 0x18e4, 0x18e4, 0x18e4, 0x18e4, 0x18e4, 0x18e4, 0x18e4, 0x18e4, 0x18e4,
    0x18e4, 0x18e4, 0x18e4, 0x10a3, 0x0841, 0x0841, 0x0841, 0x0841, 0x0841, 0x0841, 0x0841, 0x0841,
    0x0841, 0x0841, 0x0841, 0x0841, 0x0841, 0x0841, 0x0841, 0x0841, 0x0841, 0x0841, 0x0841, 0x0841,
    0x0841, 0x0841, 0x0841, 0x0841, 0x0841, 0x0841, 0x0841, 0x0841, 0x0841, 0x0841, 0x0841, 0x0841,
    0x1083, 0x18e4, 0x18e4, 0x18e4, 0x18e4, 0x18e4, 0x18e4, 0x18e4, 0x18e4, 0x18e4, 0x18e4, 0x18e4,
    0x18e4, 0x18e4, 0x18e4, 0x18e4, 0x18e4, 0x18e4, 0x18e4, 0x18e4, 0x18e4, 0x18e4, 0x18e4, 0x18e4,
    0x18e4, 0x18e4, 0x18e4, 0x18e4, 0x18e4, 0x18e4, 0x2105, 0x2125, 0x2105, 0x1082, 0x0862, 0x0862,
    0x0862, 0x0862, 0x0862, 0x0862, 0x0862, 0x0862, 0x0862, 0x0862, 0x0862, 0x0862, 0x0862, 0x0862,
    0x0862, 0x0862, 0x0862, 0x0862, 0x0862, 0x0862, 0x0862, 0x0862, 0x0862, 0x0862, 0x0862, 0x0862,
    0x0862, 0x0862, 0x0862, 0x0862, 0x0862, 0x0862, 0x0862, 0x0862, 0x0862, 0x0862, 0x0862, 0x0862,
    0x0862, 0x0862, 0x0862, 0x0862, 0x0862, 0x0862, 0x0862, 0x0862, 0x0862, 0x0862, 0x0862, 0x0862,
    0x0862, 0x0862, 0x0862, 0x0862, 0x0862, 0x0862, 0x0862, 0x0862, 0x0862, 0x0862, 0x0862, 0x0862,
    0x0862, 0x0862, 0x0862, 0x0862, 0x0862, 0x0862, 0x0862, 0x0862, 0x0862, 0x0862, 0x0862, 0x0862,
    0x0862, 0x0862, 0x0862, 0x0862, 0x0862, 0x0862, 0x0862, 0x0862, 0x0862, 0x0862, 0x0862, 0x0862,
    0x0862, 0x0862, 0x0862, 0x0862, 0x0862, 0x0862, 0x0862, 0x0862, 0x0862, 0x0862, 0x0862, 0x0862,
    0x0862, 0x0862, 0x1082, 0x2105, 0x2125, 0x2105, 0x18e4, 0x18e4, 0x18e4, 0x18e4, 0x18e4, 0x18e4,
    0x18e4, 0x18e4, 0x18e4, 0x18e4, 0x18e4, 0x18e4, 0x18e4, 0x18e4, 0x18e4, 0x18e4, 0x18e4, 0x18e4,
    0x18e4, 0x18e4, 0x18e4, 0x18e4, 0x18e4, 0x18e4, 0x18e4, 0x18e4, 0x18e4, 0x18e4, 0x18e4, 0x1083,
    0x0841, 0x0841, 0x0841, 0x0841, 0x0841, 0x0841, 0x0841, 0x0841, 0x0841, 0x0841, 0x0841, 0x0841,
    0x0841, 0x0841, 0x0841, 0x0841, 0x0841, 0x0841, 0x0841, 0x0841, 0x0841, 0x0841, 0x0841, 0x0841,
    0x0841, 0x0841, 0x0841, 0x0841, 0x0841, 0x0841, 0x0841, 0x0841, 0x0862, 0x18e4, 0x18e4, 0x18e4,
    0x18e4, 0x18e4, 0x18e4, 0x18e4, 0x18e4, 0x18e4, 0x18e4, 0x18e4, 0x18e4, 0x18e4, 0x18e4, 0x18e4,
    0x18e4, 0x18e4, 0x18e4, 0x18e4, 0x18e4, 0x18e4, 0x18e4, 0x18e4, 0x18e4, 0x18e4, 0x18e4, 0x18e4,
    0x18e4, 0x18e4, 0x18e4, 0x18e4, 0x1905, 0x18e4, 0x1082, 0x0862, 0x0862, 0x0862, 0x0862, 0x0862,
    0x0862, 0x0862, 0x0862, 0x0862, 0x0862, 0x0862, 0x0862, 0x0862, 0x0862, 0x0862, 0x0862, 0x0862,
    0x0862, 0x0862, 0x0862, 0x0862, 0x0862, 0x0862, 0x0862, 0x0862, 0x0862, 0x0862, 0x0862, 0x0862,
    0x0862, 0x0862, 0x0862, 0x0862, 0x0862, 0x0862, 0x0862, 0x0862, 0x0862, 0x0862, 0x0862, 0x0862,
    0x0862, 0x0862, 0x0862, 0x0862, 0x0862, 0x0862, 0x0862, 0x0862, 0x0862, 0x0862, 0x0862, 0x0862,
    0x0862, 0x0862, 0x0862, 0x0862, 0x0862, 0x0862, 0x0862, 0x0862, 0x0862, 0x0862, 0x0862, 0x0862,
    0x0862, 0x0862, 0x0862, 0x0862, 0x0862, 0x0862, 0x0862, 0x0862, 0x0862, 0x0862, 0x0862, 0x0862,
    0x0862, 0x0862, 0x0862, 0x0862, 0x0862, 0x0862, 0x0862, 0x0862, 0x0862, 0x0862, 0x0862, 0x0862,
    0x0862, 0x0862, 0x0862, 0x0862, 0x0862, 0x0862, 0x0862, 0x0862, 0x0862, 0x1082, 0x18e4, 0x1905,
    0x18e4, 0x18e4, 0x18e4, 0x18e4, 0x18e4, 0x18e4, 0x18e4, 0x18e4, 0x18e4, 0x18e4, 0x18e4, 0x18e4,
    0x18e4, 0x18e4, 0x18e4, 0x18e4, 0x18e4, 0x18e4, 0x18e4, 0x18e4, 0x18e4, 0x18e4, 0x18e4, 0x18e4,
    0x18e4, 0x18e4, 0x18e4, 0x18e4, 0x18e4, 0x18e4, 0x18e4, 0x0862, 0x0841, 0x0841, 0x0841, 0x0841,
    0x0841, 0x0841, 0x0841, 0x0841, 0x0841, 0x0841, 0x0841, 0x0841, 0x0841, 0x0841, 0x0841, 0x0841,
    0x0841, 0x0841, 0x0841, 0x0841, 0x0841, 0x0841, 0x0841, 0x0841, 0x0841, 0x0841, 0x0841, 0x0841,
    0x0841, 0x0841, 0x0841, 0x0841, 0x0841, 0x18e4, 0x18e4, 0x18e4, 0x18e4, 0x18e4, 0x18e4, 0x18e4,
    0x18e4, 0x18e4, 0x18e4, 0x18e4, 0x18e4, 0x18e4, 0x18e4, 0x18e4, 0x18e4, 0x18e4, 0x18e4, 0x18e4,
    0x18e4, 0x18e4, 0x18e4, 0x18e4, 0x18e4, 0x18e4, 0x18e4, 0x18e4, 0x18e4, 0x18e4, 0x18e4, 0x18e4,
    0x18e4, 0x18e4, 0x18c3, 0x0862, 0x0862, 0x0862, 0x0862, 0x0862, 0x0862, 0x0862, 0x0862, 0x0862,
    0x0862, 0x0862, 0x0862, 0x0862, 0x0862, 0x0862, 0x0862, 0x0862, 0x0862, 0x0862, 0x0862, 0x0862,
    0x0862, 0x0862, 0x0862, 0x0862, 0x0862, 0x0862, 0x0862, 0x0862, 0x0862, 0x0862, 0x0862, 0x0862,
    0x0862, 0x0862, 0x0862, 0x0862, 0x0862, 0x0862, 0x0862, 0x0862, 0x0862, 0x0862, 0x0862, 0x0862,
    0x0862, 0x0862, 0x0862, 0x0862, 0x0862, 0x0862, 0x0862, 0x0862, 0x0862, 0x0862, 0x0862, 0x0862,
    0x0862, 0x0862, 0x0862, 0x0862, 0x0862, 0x0862, 0x0862, 0x0862, 0x0862, 0x0862, 0x0862, 0x0862,
    0x0862, 0x0862, 0x0862, 0x0862, 0x0862, 0x0862, 0x0862, 0x0862, 0x0862, 0x0862, 0x0862, 0x0862,
    0x0862, 0x0862, 0x0862, 0x0862, 0x0862, 0x0862, 0x0862, 0x0862, 0x0862, 0x0862, 0x0862, 0x0862,
    0x0862, 0x0862, 0x0862, 0x0862, 0x0862, 0x18c3, 0x18e4, 0x18e4, 0x18e4, 0x18e4, 0x18e4, 0x18e4,
    0x18e4, 0x18e4, 0x18e4, 0x18e4, 0x18e4, 0x18e4, 0x18e4, 0x18e4, 0x18e4, 0x18e4, 0x18e4, 0x18e4,
    0x18e4, 0x18e4, 0x18e4, 0x18e4, 0x18e4, 0x18e4, 0x18e4, 0x18e4, 0x18e4, 0x18e4, 0x18e4, 0x18e4,
    0x18e4, 0x18e4, 0x18e4, 0x0841, 0x0841, 0x0841, 0x0841, 0x0841, 0x0841, 0x0841, 0x0841, 0x0841,
    0x0841, 0x0841, 0x0841, 0x0841, 0x0841, 0x0841, 0x0841, 0x0841, 0x0841, 0x0841, 0x0841, 0x0841,
    0x0841, 0x0841, 0x0841, 0x0841, 0x0841, 0x0841, 0x0841, 0x0841, 0x0841, 0x0841, 0x0841, 0x0841,
    0x0841, 0x10c3, 0x18e4, 0x18e4, 0x18e4, 0x18e4, 0x18e4, 0x18e4, 0x18e4, 0x18e4, 0x18e4, 0x18e4,
    0x18e4, 0x18e4, 0x18e4, 0x18e4, 0x18e4, 0x18e4, 0x18e4, 0x18e4, 0x18e4, 0x18e4, 0x18e4, 0x18e4,
    0x18e4, 0x18e4, 0x18e4, 0x18e4, 0x18e4, 0x18e4, 0x18e4, 0x18e4, 0x18e4, 0x18e4, 0x18e4, 0x10c3,
    0x0862, 0x0862, 0x0862, 0x0862, 0x0862, 0x0862, 0x0862, 0x0862, 0x0862, 0x0862, 0x0862, 0x0862,
    0x0862, 0x0862, 0x0862, 0x0862, 0x0862, 0x0862, 0x0862, 0x0862, 0x0862, 0x0862, 0x0862, 0x0862,
    0x0862, 0x0862, 0x0862, 0x0862, 0x0862, 0x0862, 0x0862, 0x0862, 0x0862, 0x0862, 0x0862, 0x0862,
    0x0862, 0x0862, 0x0862, 0x0862, 0x0862, 0x0862, 0x0862, 0x0862, 0x0862, 0x0862, 0x0862, 0x0862,
    0x0862, 0x0862, 0x0862, 0x0862, 0x0862, 0x0862, 0x0862, 0x0862, 0x0862, 0x0862, 0x0862, 0x0862,
    0x0862, 0x0862, 0x0862, 0x0862, 0x0862, 0x0862, 0x0862, 0x0862, 0x0862, 0x0862, 0x0862, 0x0862,
    0x0862, 0x0862, 0x0862, 0x0862, 0x0862, 0x0862, 0x0862, 0x0862, 0x0862, 0x0862, 0x0862, 0x0862,
    0x0862, 0x0862, 0x0862, 0x0862, 0x0862, 0x0862, 0x0862, 0x0862, 0x0862, 0x0862, 0x0862, 0x0862,
    0x10c3, 0x18e4, 0x18e4, 0x18e4, 0x18e4, 0x18e4, 0x18e4, 0x18e4, 0x18e4, 0x18e4, 0x18e4, 0x18e4,
    0x18e4, 0x18e4, 0x18e4, 0x18e4, 0x18e4, 0x18e4, 0x18e4, 0x18e4, 0x18e4, 0x18e4, 0x18e4, 0x18e4,
    0x18e4, 0x18e4, 0x18e4, 0x18e4, 0x18e4, 0x18e4, 0x18e4, 0x18e4, 0x18e4, 0x18e4, 0x10c3, 0x0841,
    0x0841, 0x0841, 0x0841, 0x0841, 0x0841, 0x0841, 0x0841, 0x0841, 0x0841, 0x0841, 0x0841, 0x0841,
    0x0841, 0x0841, 0x0841, 0x0841, 0x0841, 0x0841, 0x0841, 0x0841, 0x0841, 0x0841, 0x0841, 0x0841,
    0x0841, 0x0841, 0x0841, 0x0841, 0x0841, 0x0841, 0x0841, 0x0841, 0x0841, 0x1083, 0x18e4, 0x18e4,
    0x18e4, 0x18e4, 0x18e4, 0x18e4, 0x18e4, 0x18e4, 0x18e4, 0x18e4, 0x18e4, 0x18e4, 0x18e4, 0x18e4,
    0x18e4, 0x18e4, 0x18e4, 0x18e4, 0x18e4, 0x18e4, 0x18e4, 0x18e4, 0x18e4, 0x18e4, 0x18e4, 0x18e4,
    0x18e4, 0x18e4, 0x18e4, 0x18e4, 0x18e4, 0x18e4, 0x18e4, 0x18e4, 0x10a3, 0x0862, 0x0862, 0x0862,
    0x0862, 0x0862, 0x0862, 0x0862, 0x0862, 0x0862, 0x0862, 0x0862, 0x0862, 0x0862, 0x0862, 0x0862,
    0x0862, 0x0862, 0x0862, 0x0862, 0x0862, 0x0862, 0x0862, 0x0862, 0x0862, 0x0862, 0x0862, 0x0862,
    0x0862, 0x0862, 0x0862, 0x0862, 0x0862, 0x0862, 0x0862, 0x0862, 0x0862, 0x0862, 0x0862, 0x0862,
    0x0862, 0x0862, 0x0862, 0x0862, 0x0862, 0x0862, 0x0862, 0x0862, 0x0862, 0x0862, 0x0862, 0x0862,
    0x0862, 0x0862, 0x0862, 0x0862, 0x0862, 0x0862, 0x0862, 0x0862, 0x0862, 0x0862, 0x0862, 0x0862,
    0x0862, 0x0862, 0x0862, 0x0862, 0x0862, 0x0862, 0x0862, 0x0862, 0x0862, 0x0862, 0x0862, 0x0862,
    0x0862, 0x0862, 0x0862, 0x0862, 0x0862, 0x0862, 0x0862, 0x0862, 0x0862, 0x0862, 0x0862, 0x0862,
    0x0862, 0x0862, 0x0862, 0x0862, 0x0862, 0x0862, 0x0862, 0x10a3, 0x18e4, 0x18e4, 0x18e4, 0x18e4,
    0x18e4, 0x18e4, 0x18e4, 0x18e4, 0x18e4, 0x18e4, 0x18e4, 0x18e4, 0x18e4, 0x18e4, 0x18e4, 0x18e4,
    0x18e4, 0x18e4, 0x18e4, 0x18e4, 0x18e4, 0x18e4, 0x18e4, 0x18e4, 0x18e4, 0x18e4, 0x18e4, 0x18e4,
    0x18e4, 0x18e4, 0x18e4, 0x18e4, 0x18e4, 0x18e4, 0x1083, 0x0841, 0x0841, 0x0841, 0x0841, 0x0841,
    0x0841, 0x0841, 0x0841, 0x0841, 0x0841, 0x0841, 0x0841, 0x0841, 0x0841, 0x0841, 0x0841, 0x0841,
    0x0841, 0x0841, 0x0841, 0x0841, 0x0841, 0x0841, 0x0841, 0x0841, 0x0841, 0x0841, 0x0841, 0x0841,
    0x0841, 0x0841, 0x0841, 0x0841, 0x0841, 0x0862, 0x18e4, 0x18e4, 0x18e4, 0x18e4, 0x18e4, 0x18e4,
    0x18e4, 0x18e4, 0x18e4, 0x18e4, 0x18e4, 0x18e4, 0x18e4, 0x18e4, 0x18e4, 0x18e4, 0x18e4, 0x18e4,
    0x18e4, 0x18e4, 0x18e4, 0x18e4, 0x18e4, 0x18e4, 0x18e4, 0x18e4, 0x18e4, 0x18e4, 0x18e4, 0x18e4,
    0x18e4, 0x18e4, 0x18e4, 0x18e4, 0x18e4, 0x10a3, 0x0862, 0x0862, 0x0862, 0x0862, 0x0862, 0x0862,
    0x0862, 0x0862, 0x0862, 0x0862, 0x0862, 0x0862, 0x0862, 0x0862, 0x0862, 0x0862, 0x0862, 0x0862,
    0x0862, 0x0862, 0x0862, 0x0862, 0x0862, 0x0862, 0x0862, 0x0862, 0x0862, 0x0862, 0x0862, 0x0862,
    0x0862, 0x0862, 0x0862, 0x0862, 0x0862, 0x0862, 0x0862, 0x0862, 0x0862, 0x0862, 0x0862, 0x0862,
    0x0862, 0x0862, 0x0862, 0x0862, 0x0862, 0x0862, 0x0862, 0x0862, 0x0862, 0x0862, 0x0862, 0x0862,
    0x0862, 0x0862, 0x0862, 0x0862, 0x0862, 0x0862, 0x0862, 0x0862, 0x0862, 0x0862, 0x0862, 0x0862,
    0x0862, 0x0862, 0x0862, 0x0862, 0x0862, 0x0862, 0x0862, 0x0862, 0x0862, 0x0862, 0x0862, 0x0862,
    0x0862, 0x0862, 0x0862, 0x0862, 0x0862, 0x0862, 0x0862, 0x0862, 0x0862, 0x0862, 0x0862, 0x0862,
    0x0862, 0x0862, 0x10a3, 0x18e4, 0x18e4, 0x18e4, 0x18e4, 0x18e4, 0x18e4, 0x18e4, 0x18e4, 0x18e4,
    0x18e4, 0x18e4, 0x18e4, 0x18e4, 0x18e4, 0x18e4, 0x18e4, 0x18e4, 0x18e4, 0x18e4, 0x18e4, 0x18e4,
    0x18e4, 0x18e4, 0x18e4, 0x18e4, 0x18e4, 0x18e4, 0x18e4, 0x18e4, 0x18e4, 0x18e4, 0x18e4, 0x18e4,
    0x18e4, 0x18e4, 0x0862, 0x0841, 0x0841, 0x0841, 0x0841, 0x0841, 0x0841, 0x0841, 0x0841, 0x0841,
    0x0841, 0x0841, 0x0841, 0x0841, 0x0841, 0x0841, 0x0841, 0x0841, 0x0841, 0x0841, 0x0841, 0x0841,
    0x0841, 0x0841, 0x0841, 0x0841, 0x0841, 0x0841, 0x0841, 0x0841, 0x0841, 0x0841, 0x0841, 0x0841,
    0x0841, 0x0841, 0x18c4, 0x18e4, 0x18e4, 0x18e4, 0x18e4, 0x18e4, 0x18e4, 0x18e4, 0x18e4, 0x18e4,
    0x18e4, 0x18e4, 0x18e4, 0x18e4, 0x18e4, 0x18e4, 0x18e4, 0x18e4, 0x18e4, 0x18e4, 0x18e4, 0x18e4,
    0x18e4, 0x18e4, 0x18e4, 0x18e4, 0x18e4, 0x18e4, 0x18e4, 0x18e4, 0x18e4, 0x18e4, 0x18e4, 0x18e4,
    0x18e4, 0x18e4, 0x10c3, 0x0862, 0x0862, 0x0862, 0x0862, 0x0862, 0x0862, 0x0862, 0x0862, 0x0862,
    0x0862, 0x0862, 0x0862, 0x0862, 0x0862, 0x0862, 0x0862, 0x0862, 0x0862, 0x0862, 0x0862, 0x0862,
    0x0862, 0x0862, 0x0862, 0x0862, 0x0862, 0x0862, 0x0862, 0x0862, 0x0862, 0x0862, 0x0862, 0x0862,
    0x0862, 0x0862, 0x0862, 0x0862, 0x0862, 0x0862, 0x0862, 0x0862, 0x0862, 0x0862, 0x0862, 0x0862,
    0x0862, 0x0862, 0x0862, 0x0862, 0x0862, 0x0862, 0x0862, 0x0862, 0x0862, 0x0862, 0x0862, 0x0862,
    0x0862, 0x0862, 0x0862, 0x0862, 0x0862, 0x0862, 0x0862, 0x0862, 0x0862, 0x0862, 0x0862, 0x0862,
    0x0862, 0x0862, 0x0862, 0x0862, 0x0862, 0x0862, 0x0862, 0x0862, 0x0862, 0x0862, 0x0862, 0x0862,
    0x0862, 0x0862, 0x0862, 0x0862, 0x0862, 0x0862, 0x0862, 0x0862, 0x0862, 0x10c3, 0x18e4, 0x18e4,
    0x18e4, 0x18e4, 0x18e4, 0x18e4, 0x18e4, 0x18e4, 0x18e4, 0x18e4, 0x18e4, 0x18e4, 0x18e4, 0x18e4,
    0x18e4, 0x18e4, 0x18e4, 0x18e4, 0x18e4, 0x18e4, 0x18e4, 0x18e4, 0x18e4, 0x18e4, 0x18e4, 0x18e4,
    0x18e4, 0x18e4, 0x18e4, 0x18e4, 0x18e4, 0x18e4, 0x18e4, 0x18e4, 0x18e4, 0x18c4, 0x0841, 0x0841,
    0x0841, 0x0841, 0x0841, 0x0841, 0x0841, 0x0841, 0x0841, 0x0841, 0x0841, 0x0841, 0x0841, 0x0841,
    0x0841, 0x0841, 0x0841, 0x0841, 0x0841, 0x0841, 0x0841, 0x0841, 0x0841, 0x0841, 0x0841, 0x0841,
    0x0841, 0x0841, 0x0841, 0x0841, 0x0841, 0x0841, 0x0841, 0x0841, 0x0841, 0x0841, 0x1083, 0x18e4,
    0x18e4, 0x18e4, 0x18e4, 0x18e4, 0x18e4, 0x18e4, 0x18e4, 0x18e4, 0x18e4, 0x18e4, 0x18e4, 0x18e4,
    0x18e4, 0x18e4, 0x18e4, 0x18e4, 0x18e4, 0x18e4, 0x18e4, 0x18e4, 0x18e4, 0x18e4, 0x18e4, 0x18e4,
    0x18e4, 0x18e4, 0x18e4, 0x18e4, 0x18e4, 0x18e4, 0x18e4, 0x18e4, 0x18e4, 0x18e4, 0x18e4, 0x10c3,
    0x0882, 0x0862, 0x0862, 0x0862, 0x0862, 0x0862, 0x0862, 0x0862, 0x0862, 0x0862, 0x0862, 0x0862,
    0x0862, 0x0862, 0x0862, 0x0862, 0x0862, 0x0862, 0x0862, 0x0862, 0x0862, 0x0862, 0x0862, 0x0862,
    0x0862, 0x0862, 0x0862, 0x0862, 0x0862, 0x0862, 0x0862, 0x0862, 0x0862, 0x0862, 0x0862, 0x0862,
    0x0862, 0x0862, 0x0862, 0x0862, 0x0862, 0x0862, 0x0862, 0x0862, 0x0862, 0x0862, 0x0862, 0x0862,
    0x0862, 0x0862, 0x0862, 0x0862, 0x0862, 0x0862, 0x0862, 0x0862, 0x0862, 0x0862, 0x0862, 0x0862,
    0x0862, 0x0862, 0x0862, 0x0862, 0x0862, 0x0862, 0x0862, 0x0862, 0x0862, 0x0862, 0x0862, 0x0862,
    0x0862, 0x0862, 0x0862, 0x0862, 0x0862, 0x0862, 0x0862, 0x0862, 0x0862, 0x0862, 0x0862, 0x0862,
    0x0862, 0x0862, 0x0862, 0x0882, 0x10c3, 0x18e4, 0x18e4, 0x18e4, 0x18e4, 0x18e4, 0x18e4, 0x18e4,
    0x18e4, 0x18e4, 0x18e4, 0x18e4, 0x18e4, 0x18e4, 0x18e4, 0x18e4, 0x18e4, 0x18e4, 0x18e4, 0x18e4,
    0x18e4, 0x18e4, 0x18e4, 0x18e4, 0x18e4, 0x18e4, 0x18e4, 0x18e4, 0x18e4, 0x18e4, 0x18e4, 0x18e4,
    0x18e4, 0x18e4, 0x18e4, 0x18e4, 0x18e4, 0x1083, 0x0841, 0x0841, 0x0841, 0x0841, 0x0841, 0x0841,
    0x0841, 0x0841, 0x0841, 0x0841, 0x0841, 0x0841, 0x0841, 0x0841, 0x0841, 0x0841, 0x0841, 0x0841,
    0x0841, 0x0841, 0x0841, 0x0841, 0x0841, 0x0841, 0x0841, 0x0841, 0x0841, 0x0841, 0x0841, 0x0841,
    0x0841, 0x0841, 0x0841, 0x0841, 0x0841, 0x0841, 0x0862, 0x18e4, 0x18e4, 0x18e4, 0x18e4, 0x18e4,
    0x18e4, 0x18e4, 0x18e4, 0x18e4, 0x18e4, 0x18e4, 0x18e4, 0x18e4, 0x18e4, 0x18e4, 0x18e4, 0x18e4,
    0x18e4, 0x18e4, 0x18e4, 0x18e4, 0x18e4, 0x18e4, 0x18e4, 0x18e4, 0x18e4, 0x18e4, 0x18e4, 0x18e4,
    0x18e4, 0x18e4, 0x18e4, 0x18e4, 0x18e4, 0x18e4, 0x18e4, 0x18e4, 0x18c3, 0x1082, 0x0862, 0x0862,
    0x0862, 0x0862, 0x0862, 0x0862, 0x0862, 0x0862, 0x0862, 0x0862, 0x0862, 0x0862, 0x0862, 0x0862,
    0x0862, 0x0862, 0x0862, 0x0862, 0x0862, 0x0862, 0x0862, 0x0862, 0x0862, 0x0862, 0x0862, 0x0862,
    0x0862, 0x0862, 0x0862, 0x0862, 0x0862, 0x0862, 0x0862, 0x0862, 0x0862, 0x0862, 0x0862, 0x0862,
    0x0862, 0x0862, 0x0862, 0x0862, 0x0862, 0x0862, 0x0862, 0x0862, 0x0862, 0x0862, 0x0862, 0x0862,
    0x0862, 0x0862, 0x0862, 0x0862, 0x0862, 0x0862, 0x0862, 0x0862, 0x0862, 0x0862, 0x0862, 0x0862,
    0x0862, 0x0862, 0x0862, 0x0862, 0x0862, 0x0862, 0x0862, 0x0862, 0x0862, 0x0862, 0x0862, 0x0862,
    0x0862, 0x0862, 0x0862, 0x0862, 0x0862, 0x0862, 0x0862, 0x0862, 0x0862, 0x0862, 0x1082, 0x18c3,
    0x18e4, 0x18e4, 0x18e4, 0x18e4, 0x18e4, 0x18e4, 0x18e4, 0x18e4, 0x18e4, 0x18e4, 0x18e4, 0x18e4,
    0x18e4, 0x18e4, 0x18e4, 0x18e4, 0x18e4, 0x18e4, 0x18e4, 0x18e4, 0x18e4, 0x18e4, 0x18e4, 0x18e4,
    0x18e4, 0x18e4, 0x18e4, 0x18e4, 0x18e4, 0x18e4, 0x18e4, 0x18e4, 0x18e4, 0x18e4, 0x18e4, 0x18e4,
    0x18e4, 0x0862, 0x0841, 0x0841, 0x0841, 0x0841, 0x0841, 0x0841, 0x0841, 0x0841, 0x0841, 0x0841,
    0x0841, 0x0841, 0x0841, 0x0841, 0x0841, 0x0841, 0x0841, 0x0841, 0x0841, 0x0841, 0x0841, 0x0841,
    0x0841, 0x0841, 0x0841, 0x0841, 0x0841, 0x0841, 0x0841, 0x0841, 0x0841, 0x0841, 0x0841, 0x0841,
    0x0841, 0x0841, 0x0841, 0x10a3, 0x18e4, 0x18e4, 0x18e4, 0x18e4, 0x18e4, 0x18e4, 0x18e4, 0x18e4,
    0x18e4, 0x18e4, 0x18e4, 0x18e4, 0x18e4, 0x18e4, 0x18e4, 0x18e4, 0x18e4, 0x18e4, 0x18e4, 0x18e4,
    0x18e4, 0x18e4, 0x18e4, 0x18e4, 0x18e4, 0x18e4, 0x18e4, 0x18e4, 0x18e4, 0x18e4, 0x18e4, 0x18e4,
    0x18e4, 0x18e4, 0x18e4, 0x18e4, 0x18e4, 0x18c4, 0x1082, 0x0862, 0x0862, 0x0862, 0x0862, 0x0862,
    0x0862, 0x0862, 0x0862, 0x0862, 0x0862, 0x0862, 0x0862, 0x0862, 0x0862, 0x0862, 0x0862, 0x0862,
    0x0862, 0x0862, 0x0862, 0x0862, 0x0862, 0x0862, 0x0862, 0x0862, 0x0862, 0x0862, 0x0862, 0x0862,
    0x0862, 0x0862, 0x0862, 0x0862, 0x0862, 0x0862, 0x0862, 0x0862, 0x0862, 0x0862, 0x0862, 0x0862,
    0x0862, 0x0862, 0x0862, 0x0862, 0x0862, 0x0862, 0x0862, 0x0862, 0x0862, 0x0862, 0x0862, 0x0862,
    0x0862, 0x0862, 0x0862, 0x0862, 0x0862, 0x0862, 0x0862, 0x0862, 0x0862, 0x0862, 0x0862, 0x0862,
    0x0862, 0x0862, 0x0862, 0x0862, 0x0862, 0x0862, 0x0862, 0x0862, 0x0862, 0x0862, 0x0862, 0x0862,
    0x0862, 0x0862, 0x0862, 0x0862, 0x0862, 0x1082, 0x18c4, 0x18e4, 0x18e4, 0x18e4, 0x18e4, 0x18e4,
    0x18e4, 0x18e4, 0x18e4, 0x18e4, 0x18e4, 0x18e4, 0x18e4, 0x18e4, 0x18e4, 0x18e4, 0x18e4, 0x18e4,
    0x18e4, 0x18e4, 0x18e4, 0x18e4, 0x18e4, 0x18e4, 0x18e4, 0x18e4, 0x18e4, 0x18e4, 0x18e4, 0x18e4,
    0x18e4, 0x18e4, 0x18e4, 0x18e4, 0x18e4, 0x18e4, 0x18e4, 0x18e4, 0x10a3, 0x0841, 0x0841, 0x0841,
    0x0841, 0x0841, 0x0841, 0x0841, 0x0841, 0x0841, 0x0841, 0x0841, 0x0841, 0x0841, 0x0841, 0x0841,
    0x0841, 0x0841, 0x0841, 0x0841, 0x0841, 0x0841, 0x0841, 0x0841, 0x0841, 0x0841, 0x0841, 0x0841,
    0x0841, 0x0841, 0x0841, 0x0841, 0x0841, 0x0841, 0x0841, 0x0841, 0x0841, 0x0841, 0x0841, 0x0862,
    0x18e4, 0x18e4, 0x18e4, 0x18e4, 0x18e4, 0x18e4, 0x18e4, 0x18e4, 0x18e4, 0x18e4, 0x18e4, 0x18e4,
    0x18e4, 0x18e4, 0x18e4, 0x18e4, 0x18e4, 0x18e4, 0x18e4, 0x18e4, 0x18e4, 0x18e4, 0x18e4, 0x18e4,
    0x18e4, 0x18e4, 0x18e4, 0x18e4, 0x18e4, 0x18e4, 0x18e4, 0x18e4, 0x18e4, 0x18e4, 0x18e4, 0x18e4,
    0x18e4, 0x18e4, 0x18e4, 0x10a3, 0x0862, 0x0862, 0x0862, 0x0862, 0x0862, 0x0862, 0x0862, 0x0862,
    0x0862, 0x0862, 0x0862, 0x0862, 0x0862, 0x0862, 0x0862, 0x0862, 0x0862, 0x0862, 0x0862, 0x0862,
    0x0862, 0x0862, 0x0862, 0x0862, 0x0862, 0x0862, 0x0862, 0x0862, 0x0862, 0x0862, 0x0862, 0x0862,
    0x0862, 0x0862, 0x0862, 0x0862, 0x0862, 0x0862, 0x0862, 0x0862, 0x0862, 0x0862, 0x0862, 0x0862,
    0x0862, 0x0862, 0x0862, 0x0862, 0x0862, 0x0862, 0x0862, 0x0862, 0x0862, 0x0862, 0x0862, 0x0862,
    0x0862, 0x0862, 0x0862, 0x0862, 0x0862, 0x0862, 0x0862, 0x0862, 0x0862, 0x0862, 0x0862, 0x0862,
    0x0862, 0x0862, 0x0862, 0x0862, 0x0862, 0x0862, 0x0862, 0x0862, 0x0862, 0x0862, 0x0862, 0x0862,
    0x10a3, 0x18e4, 0x18e4, 0x18e4, 0x18e4, 0x18e4, 0x18e4, 0x18e4, 0x18e4, 0x18e4, 0x18e4, 0x18e4,
    0x18e4, 0x18e4, 0x18e4, 0x18e4, 0x18e4, 0x18e4, 0x18e4, 0x18e4, 0x18e4, 0x18e4, 0x18e4, 0x18e4,
    0x18e4, 0x18e4, 0x18e4, 0x18e4, 0x18e4, 0x18e4, 0x18e4, 0x18e4, 0x18e4, 0x18e4, 0x18e4, 0x18e4,
    0x18e4, 0x18e4, 0x18e4, 0x18e4, 0x0862, 0x0841, 0x0841, 0x0841, 0x0841, 0x0841, 0x0841, 0x0841,
    0x0841, 0x0841, 0x0841, 0x0841, 0x0841, 0x0841, 0x0841, 0x0841, 0x0841, 0x0841, 0x0841, 0x0841,
    0x0841, 0x0841, 0x0841, 0x0841, 0x0841, 0x0841, 0x0841, 0x0841, 0x0841, 0x0841, 0x0841, 0x0841,
    0x0841, 0x0841, 0x0841, 0x0841, 0x0841, 0x0841, 0x0841, 0x0841, 0x10c3, 0x18e4, 0x18e4, 0x18e4,
    0x18e4, 0x18e4, 0x18e4, 0x18e4, 0x18e4, 0x18e4, 0x18e4, 0x18e4, 0x18e4, 0x18e4, 0x18e4, 0x18e4,
    0x18e4, 0x18e4, 0x18e4, 0x18e4, 0x18e4, 0x18e4, 0x18e4, 0x18e4, 0x18e4, 0x18e4, 0x18e4, 0x18e4,
    0x18e4, 0x18e4, 0x18e4, 0x18e4, 0x18e4, 0x18e4, 0x18e4, 0x18e4, 0x18e4, 0x18e4, 0x18e4, 0x18e4,
    0x10c3, 0x0882, 0x0862, 0x0862, 0x0862, 0x0862, 0x0862, 0x0862, 0x0862, 0x0862, 0x0862, 0x0862,
    0x0862, 0x0862, 0x0862, 0x0862, 0x0862, 0x0862, 0x0862, 0x0862, 0x0862, 0x0862, 0x0862, 0x0862,
    0x0862, 0x0862, 0x0862, 0x0862, 0x0862, 0x0862, 0x0862, 0x0862, 0x0862, 0x0862, 0x0862, 0x0862,
    0x0862, 0x0862, 0x0862, 0x0862, 0x0862, 0x0862, 0x0862, 0x0862, 0x0862, 0x0862, 0x0862, 0x0862,
    0x0862, 0x0862, 0x0862, 0x0862, 0x0862, 0x0862, 0x0862, 0x0862, 0x0862, 0x0862, 0x0862, 0x0862,
    0x0862, 0x0862, 0x0862, 0x0862, 0x0862, 0x0862, 0x0862, 0x0862, 0x0862, 0x0862, 0x0862, 0x0862,
    0x0862, 0x0862, 0x0862, 0x0862, 0x0862, 0x0862, 0x0882, 0x10c3, 0x18e4, 0x18e4, 0x18e4, 0x18e4,
    0x18e4, 0x18e4, 0x18e4, 0x18e4, 0x18e4, 0x18e4, 0x18e4, 0x18e4, 0x18e4, 0x18e4, 0x18e4, 0x18e4,
    0x18e4, 0x18e4, 0x18e4, 0x18e4, 0x18e4, 0x18e4, 0x18e4, 0x18e4, 0x18e4, 0x18e4, 0x18e4, 0x18e4,
    0x18e4, 0x18e4, 0x18e4, 0x18e4, 0x18e4, 0x18e4, 0x18e4, 0x18e4, 0x18e4, 0x18e4, 0x18e4, 0x10c3,
    0x0841, 0x0841, 0x0841, 0x0841, 0x0841, 0x0841, 0x0841, 0x0841, 0x0841, 0x0841, 0x0841, 0x0841,
    0x0841, 0x0841, 0x0841, 0x0841, 0x0841, 0x0841, 0x0841, 0x0841, 0x0841, 0x0841, 0x0841, 0x0841,
    0x0841, 0x0841, 0x0841, 0x0841, 0x0841, 0x0841, 0x0841, 0x0841, 0x0841, 0x0841, 0x0841, 0x0841,
    0x0841, 0x0841, 0x0841, 0x0841, 0x0862, 0x18e4, 0x18e4, 0x18e4, 0x18e4, 0x18e4, 0x18e4, 0x18e4,
    0x18e4, 0x18e4, 0x18e4, 0x18e4, 0x18e4, 0x18e4, 0x18e4, 0x18e4, 0x18e4, 0x18e4, 0x18e4, 0x18e4,
    0x18e4, 0x18e4, 0x18e4, 0x18e4, 0x18e4, 0x18e4, 0x18e4, 0x18e4, 0x18e4, 0x18e4, 0x18e4, 0x18e4,
    0x18e4, 0x18e4, 0x18e4, 0x18e4, 0x18e4, 0x18e4, 0x18e4, 0x18e4, 0x18e4, 0x18c4, 0x1083, 0x0862,
    0x0862, 0x0862, 0x0862, 0x0862, 0x0862, 0x0862, 0x0862, 0x0862, 0x0862, 0x0862, 0x0862, 0x0862,
    0x0862, 0x0862, 0x0862, 0x0862, 0x0862, 0x0862, 0x0862, 0x0862, 0x0862, 0x0862, 0x0862, 0x0862,
    0x0862, 0x0862, 0x0862, 0x0862, 0x0862, 0x0862, 0x0862, 0x0862, 0x0862, 0x0862, 0x0862, 0x0862,
    0x0862, 0x0862, 0x0862, 0x0862, 0x0862, 0x0862, 0x0862, 0x0862, 0x0862, 0x0862, 0x0862, 0x0862,
    0x0862, 0x0862, 0x0862, 0x0862, 0x0862, 0x0862, 0x0862, 0x0862, 0x0862, 0x0862, 0x0862, 0x0862,
    0x0862, 0x0862, 0x0862, 0x0862, 0x0862, 0x0862, 0x0862, 0x0862, 0x0862, 0x0862, 0x0862, 0x0862,
    0x0862, 0x1083, 0x18c4, 0x18e4, 0x18e4, 0x18e4, 0x18e4, 0x18e4, 0x18e4, 0x18e4, 0x18e4, 0x18e4,
    0x18e4, 0x18e4, 0x18e4, 0x18e4, 0x18e4, 0x18e4, 0x18e4, 0x18e4, 0x18e4, 0x18e4, 0x18e4, 0x18e4,
    0x18e4, 0x18e4, 0x18e4, 0x18e4, 0x18e4, 0x18e4, 0x18e4, 0x18e4, 0x18e4, 0x18e4, 0x18e4, 0x18e4,
    0x18e4, 0x18e4, 0x18e4, 0x18e4, 0x18e4, 0x18e4, 0x18e4, 0x0862, 0x0841, 0x0841, 0x0841, 0x0841,
    0x0841, 0x0841, 0x0841, 0x0841, 0x0841, 0x0841, 0x0841, 0x0841, 0x0841, 0x0841, 0x0841, 0x0841,
    0x0841, 0x0841, 0x0841, 0x0841, 0x0841, 0x0841, 0x0841, 0x0841, 0x0841, 0x0841, 0x0841, 0x0841,
    0x0841, 0x0841, 0x0841, 0x0841, 0x0841, 0x0841, 0x0841, 0x0841, 0x0841, 0x0841, 0x0841, 0x0841,
    0x0841, 0x10c3, 0x18e4, 0x18e4, 0x18e4, 0x18e4, 0x18e4, 0x18e4, 0x18e4, 0x18e4, 0x18e4, 0x18e4,
    0x18e4, 0x18e4, 0x18e4, 0x18e4, 0x18e4, 0x18e4, 0x18e4, 0x18e4, 0x18e4, 0x18e4, 0x18e4, 0x18e4,
    0x18e4, 0x18e4, 0x18e4, 0x18e4, 0x18e4, 0x18e4, 0x18e4, 0x18e4, 0x18e4, 0x18e4, 0x18e4, 0x18e4,
    0x18e4, 0x18e4, 0x18e4, 0x18e4, 0x18e4, 0x18e4, 0x18e4, 0x10a3, 0x0882, 0x0862, 0x0862, 0x0862,
    0x0862, 0x0862, 0x0862, 0x0862, 0x0862, 0x0862, 0x0862, 0x0862, 0x0862, 0x0862, 0x0862, 0x0862,
    0x0862, 0x0862, 0x0862, 0x0862, 0x0862, 0x0862, 0x0862, 0x0862, 0x0862, 0x0862, 0x0862, 0x0862,
    0x0862, 0x0862, 0x0862, 0x0862, 0x0862, 0x0862, 0x0862, 0x0862, 0x0862, 0x0862, 0x0862, 0x0862,
    0x0862, 0x0862, 0x0862, 0x0862, 0x0862, 0x0862, 0x0862, 0x0862, 0x0862, 0x0862, 0x0862, 0x0862,
    0x0862, 0x0862, 0x0862, 0x0862, 0x0862, 0x0862, 0x0862, 0x0862, 0x0862, 0x0862, 0x0862, 0x0862,
    0x0862, 0x0862, 0x0862, 0x0862, 0x0862, 0x0862, 0x0862, 0x0882, 0x10a3, 0x18e4, 0x18e4, 0x18e4,
    0x18e4, 0x18e4, 0x18e4, 0x18e4, 0x18e4, 0x18e4, 0x18e4, 0x18e4, 0x18e4, 0x18e4, 0x18e4, 0x18e4,
    0x18e4, 0x18e4, 0x18e4, 0x18e4, 0x18e4, 0x18e4, 0x18e4, 0x18e4, 0x18e4, 0x18e4, 0x18e4, 0x18e4,
    0x18e4, 0x18e4, 0x18e4, 0x18e4, 0x18e4, 0x18e4, 0x18e4, 0x18e4, 0x18e4, 0x18e4, 0x18e4, 0x18e4,
    0x18e4, 0x18e4, 0x10c3, 0x0841, 0x0841, 0x0841, 0x0841, 0x0841, 0x0841, 0x0841, 0x0841, 0x0841,
    0x0841, 0x0841, 0x0841, 0x0841, 0x0841, 0x0841, 0x0841, 0x0841, 0x0841, 0x0841, 0x0841, 0x0841,
    0x0841, 0x0841, 0x0841, 0x0841, 0x0841, 0x0841, 0x0841, 0x0841, 0x0841, 0x0841, 0x0841, 0x0841,
    0x0841, 0x0841, 0x0841, 0x0841, 0x0841, 0x0841, 0x0841, 0x0841, 0x0841, 0x0862, 0x18e4, 0x18e4,
    0x18e4, 0x18e4, 0x18e4, 0x18e4, 0x18e4, 0x18e4, 0x18e4, 0x18e4, 0x18e4, 0x18e4, 0x18e4, 0x18e4,
    0x18e4, 0x18e4, 0x18e4, 0x18e4, 0x18e4, 0x18e4, 0x18e4, 0x18e4, 0x18e4, 0x18e4, 0x18e4, 0x18e4,
    0x18e4, 0x18e4, 0x18e4, 0x18e4, 0x18e4, 0x18e4, 0x18e4, 0x18e4, 0x18e4, 0x18e4, 0x18e4, 0x18e4,
    0x18e4, 0x18e4, 0x18e4, 0x18e4, 0x18c4, 0x10a3, 0x0862, 0x0862, 0x0862, 0x0862, 0x0862, 0x0862,
    0x0862, 0x0862, 0x0862, 0x0862, 0x0862, 0x0862, 0x0862, 0x0862, 0x0862, 0x0862, 0x0862, 0x0862,
    0x0862, 0x0862, 0x0862, 0x0862, 0x0862, 0x0862, 0x0862, 0x0862, 0x0862, 0x0862, 0x0862, 0x0862,
    0x0862, 0x0862, 0x0862, 0x0862, 0x0862, 0x0862, 0x0862, 0x0862, 0x0862, 0x0862, 0x0862, 0x0862,
    0x0862, 0x0862, 0x0862, 0x0862, 0x0862, 0x0862, 0x0862, 0x0862, 0x0862, 0x0862, 0x0862, 0x0862,
    0x0862, 0x0862, 0x0862, 0x0862, 0x0862, 0x0862, 0x0862, 0x0862, 0x0862, 0x0862, 0x0862, 0x0862,
    0x0862, 0x0862, 0x10a3, 0x18c4, 0x18e4, 0x18e4, 0x18e4, 0x18e4, 0x18e4, 0x18e4, 0x18e4, 0x18e4,
    0x18e4, 0x18e4, 0x18e4, 0x18e4, 0x18e4, 0x18e4, 0x18e4, 0x18e4, 0x18e4, 0x18e4, 0x18e4, 0x18e4,
    0x18e4, 0x18e4, 0x18e4, 0x18e4, 0x18e4, 0x18e4, 0x18e4, 0x18e4, 0x18e4, 0x18e4, 0x18e4, 0x18e4,
    0x18e4, 0x18e4, 0x18e4, 0x18e4, 0x18e4, 0x18e4, 0x18e4, 0x18e4, 0x18e4, 0x18e4, 0x0862, 0x0841,
    0x0841, 0x0841, 0x0841, 0x0841, 0x0841, 0x0841, 0x0841, 0x0841, 0x0841, 0x0841, 0x0841, 0x0841,
    0x0841, 0x0841, 0x0841, 0x0841, 0x0841, 0x0841, 0x0841, 0x0841, 0x0841, 0x0841, 0x0841, 0x0841,
    0x0841, 0x0841, 0x0841, 0x0841, 0x0841, 0x0841, 0x0841, 0x0841, 0x0841, 0x0841, 0x0841, 0x0841,
    0x0841, 0x0841, 0x0841, 0x0841, 0x0841, 0x0841, 0x10a3, 0x18e4, 0x18e4, 0x18e4, 0x18e4, 0x18e4,
    0x18e4, 0x18e4, 0x18e4, 0x18e4, 0x18e4, 0x18e4, 0x18e4, 0x18e4, 0x18e4, 0x18e4, 0x18e4, 0x18e4,
    0x18e4, 0x18e4, 0x18e4, 0x18e4, 0x18e4, 0x18e4, 0x18e4, 0x18e4, 0x18e4, 0x18e4, 0x18e4, 0x18e4,
    0x18e4, 0x18e4, 0x18e4, 0x18e4, 0x18e4, 0x18e4, 0x18e4, 0x18e4, 0x18e4, 0x18e4, 0x18e4, 0x18e4,
    0x18e4, 0x18e4, 0x10c3, 0x1082, 0x0862, 0x0862, 0x0862, 0x0862, 0x0862, 0x0862, 0x0862, 0x0862,
    0x0862, 0x0862, 0x0862, 0x0862, 0x0862, 0x0862, 0x0862, 0x0862, 0x0862, 0x0862, 0x0862, 0x0862,
    0x0862, 0x0862, 0x0862, 0x0862, 0x0862, 0x0862, 0x0862, 0x0862, 0x0862, 0x0862, 0x0862, 0x0862,
    0x0862, 0x0862, 0x0862, 0x0862, 0x0862, 0x0862, 0x0862, 0x0862, 0x0862, 0x0862, 0x0862, 0x0862,
    0x0862, 0x0862, 0x0862, 0x0862, 0x0862, 0x0862, 0x0862, 0x0862, 0x0862, 0x0862, 0x0862, 0x0862,
    0x0862, 0x0862, 0x0862, 0x0862, 0x0862, 0x0862, 0x0862, 0x0862, 0x1082, 0x10c3, 0x18e4, 0x18e4,
    0x18e4, 0x18e4, 0x18e4, 0x18e4, 0x18e4, 0x18e4, 0x18e4, 0x18e4, 0x18e4, 0x18e4, 0x18e4, 0x18e4,
    0x18e4, 0x18e4, 0x18e4, 0x18e4, 0x18e4, 0x18e4, 0x18e4, 0x18e4, 0x18e4, 0x18e4, 0x18e4, 0x18e4,
    0x18e4, 0x18e4, 0x18e4, 0x18e4, 0x18e4, 0x18e4, 0x18e4, 0x18e4, 0x18e4, 0x18e4, 0x18e4, 0x18e4,
    0x18e4, 0x18e4, 0x18e4, 0x18e4, 0x18e4, 0x10a3, 0x0841, 0x0841, 0x0841, 0x0841, 0x0841, 0x0841,
    0x0841, 0x0841, 0x0841, 0x0841, 0x0841, 0x0841, 0x0841, 0x0841, 0x0841, 0x0841, 0x0841, 0x0841,
    0x0841, 0x0841, 0x0841, 0x0841, 0x0841, 0x0841, 0x0841, 0x0841, 0x0841, 0x0841, 0x0841, 0x0841,
    0x0841, 0x0841, 0x0841, 0x0841, 0x0841, 0x0841, 0x0841, 0x0841, 0x0841, 0x0841, 0x0841, 0x0841,
    0x0841, 0x0841, 0x0841, 0x18c4, 0x18e4, 0x18e4, 0x18e4, 0x18e4, 0x18e4, 0x18e4, 0x18e4, 0x18e4,
    0x18e4, 0x18e4, 0x18e4, 0x18e4, 0x18e4, 0x18e4, 0x18e4, 0x18e4, 0x18e4, 0x18e4, 0x18e4, 0x18e4,
    0x18e4, 0x18e4, 0x18e4, 0x18e4, 0x18e4, 0x18e4, 0x18e4, 0x18e4, 0x18e4, 0x18e4, 0x18e4, 0x18e4,
    0x18e4, 0x18e4, 0x18e4, 0x18e4, 0x18e4, 0x18e4, 0x18e4, 0x18e4, 0x18e4, 0x18e4, 0x18e4, 0x18e4,
    0x10a3, 0x1082, 0x0862, 0x0862, 0x0862, 0x0862, 0x0862, 0x0862, 0x0862, 0x0862, 0x0862, 0x0862,
    0x0862, 0x0862, 0x0862, 0x0862, 0x0862, 0x0862, 0x0862, 0x0862, 0x0862, 0x0862, 0x0862, 0x0862,
    0x0862, 0x0862, 0x0862, 0x0862, 0x0862, 0x0862, 0x0862, 0x0862, 0x0862, 0x0862, 0x0862, 0x0862,
    0x0862, 0x0862, 0x0862, 0x0862, 0x0862, 0x0862, 0x0862, 0x0862, 0x0862, 0x0862, 0x0862, 0x0862,
    0x0862, 0x0862, 0x0862, 0x0862, 0x0862, 0x0862, 0x0862, 0x0862, 0x0862, 0x0862, 0x0862, 0x0862,
    0x0862, 0x0862, 0x1082, 0x10a3, 0x18e4, 0x18e4, 0x18e4, 0x18e4, 0x18e4, 0x18e4, 0x18e4, 0x18e4,
    0x18e4, 0x18e4, 0x18e4, 0x18e4, 0x18e4, 0x18e4, 0x18e4, 0x18e4, 0x18e4, 0x18e4, 0x18e4, 0x18e4,
    0x18e4, 0x18e4, 0x18e4, 0x18e4, 0x18e4, 0x18e4, 0x18e4, 0x18e4, 0x18e4, 0x18e4, 0x18e4, 0x18e4,
    0x18e4, 0x18e4, 0x18e4, 0x18e4, 0x18e4, 0x18e4, 0x18e4, 0x18e4, 0x18e4, 0x18e4, 0x18e4, 0x18e4,
    0x18c4, 0x0841, 0x0841, 0x0841, 0x0841, 0x0841, 0x0841, 0x0841, 0x0841, 0x0841, 0x0841, 0x0841,
    0x0841, 0x0841, 0x0841, 0x0841, 0x0841, 0x0841, 0x0841, 0x0841, 0x0841, 0x0841, 0x0841, 0x0841,
    0x0841, 0x0841, 0x0841, 0x0841, 0x0841, 0x0841, 0x0841, 0x0841, 0x0841, 0x0841, 0x0841, 0x0841,
    0x0841, 0x0841, 0x0841, 0x0841, 0x0841, 0x0841, 0x0841, 0x0841, 0x0841, 0x0841, 0x0841, 0x0862,
    0x18e4, 0x18e4, 0x18e4, 0x18e4, 0x18e4, 0x18e4, 0x18e4, 0x18e4, 0x18e4, 0x18e4, 0x18e4, 0x18e4,
    0x18e4, 0x18e4, 0x18e4, 0x18e4, 0x18e4, 0x18e4, 0x18e4, 0x18e4, 0x18e4, 0x18e4, 0x18e4, 0x18e4,
    0x18e4, 0x18e4, 0x18e4, 0x18e4, 0x18e4, 0x18e4, 0x18e4, 0x18e4, 0x18e4, 0x18e4, 0x18e4, 0x18e4,
    0x18e4, 0x18e4, 0x18e4, 0x18e4, 0x18e4, 0x18e4, 0x18e4, 0x18e4, 0x18e4, 0x18e4, 0x10a3, 0x1082,
    0x0862, 0x0862, 0x0862, 0x0862, 0x0862, 0x0862, 0x0862, 0x0862, 0x0862, 0x0862, 0x0862, 0x0862,
    0x0862, 0x0862, 0x0862, 0x0862, 0x0862, 0x0862, 0x0862, 0x0862, 0x0862, 0x0862, 0x0862, 0x0862,
    0x0862, 0x0862, 0x0862, 0x0862, 0x0862, 0x0862, 0x0862, 0x0862, 0x0862, 0x0862, 0x0862, 0x0862,
    0x0862, 0x0862, 0x0862, 0x0862, 0x0862, 0x0862, 0x0862, 0x0862, 0x0862, 0x0862, 0x0862, 0x0862,
    0x0862, 0x0862, 0x0862, 0x0862, 0x0862, 0x0862, 0x0862, 0x0862, 0x1082, 0x10a3, 0x18e4, 0x18e4,
    0x18e4, 0x18e4, 0x18e4, 0x18e4, 0x18e4, 0x18e4, 0x18e4, 0x18e4, 0x18e4, 0x18e4, 0x18e4, 0x18e4,
    0x18e4, 0x18e4, 0x18e4, 0x18e4, 0x18e4, 0x18e4, 0x18e4, 0x18e4, 0x18e4, 0x18e4, 0x18e4, 0x18e4,
    0x18e4, 0x18e4, 0x18e4, 0x18e4, 0x18e4, 0x18e4, 0x18e4, 0x18e4, 0x18e4, 0x18e4, 0x18e4, 0x18e4,
    0x18e4, 0x18e4, 0x18e4, 0x18e4, 0x18e4, 0x18e4, 0x18e4, 0x18e4, 0x0862, 0x0841, 0x0841, 0x0841,
    0x0841, 0x0841, 0x0841, 0x0841, 0x0841, 0x0841, 0x0841, 0x0841, 0x0841, 0x0841, 0x0841, 0x0841,
    0x0841, 0x0841, 0x0841, 0x0841, 0x0841, 0x0841, 0x0841, 0x0841, 0x0841, 0x0841, 0x0841, 0x0841,
    0x0841, 0x0841, 0x0841, 0x0841, 0x0841, 0x0841, 0x0841, 0x0841, 0x0841, 0x0841, 0x0841, 0x0841,
    0x0841, 0x0841, 0x0841, 0x0841, 0x0841, 0x0841, 0x0841, 0x0841, 0x1083, 0x18e4, 0x18e4, 0x18e4,
    0x18e4, 0x18e4, 0x18e4, 0x18e4, 0x18e4, 0x18e4, 0x18e4, 0x18e4, 0x18e4, 0x18e4, 0x18e4, 0x18e4,
    0x18e4, 0x18e4, 0x18e4, 0x18e4, 0x18e4, 0x18e4, 0x18e4, 0x18e4, 0x18e4, 0x18e4, 0x18e4, 0x18e4,
    0x18e4, 0x18e4, 0x18e4, 0x18e4, 0x18e4, 0x18e4, 0x18e4, 0x18e4, 0x18e4, 0x18e4, 0x18e4, 0x18e4,
    0x18e4, 0x18e4, 0x18e4, 0x18e4, 0x18e4, 0x18e4, 0x18e4, 0x18e4, 0x10a3, 0x1082, 0x0862, 0x0862,
    0x0862, 0x0862, 0x0862, 0x0862, 0x0862, 0x0862, 0x0862, 0x0862, 0x0862, 0x0862, 0x0862, 0x0862,
    0x0862, 0x0862, 0x0862, 0x0862, 0x0862, 0x0862, 0x0862, 0x0862, 0x0862, 0x0862, 0x0862, 0x0862,
    0x0862, 0x0862, 0x0862, 0x0862, 0x0862, 0x0862, 0x0862, 0x0862, 0x0862, 0x0862, 0x0862, 0x0862,
    0x0862, 0x0862, 0x0862, 0x0862, 0x0862, 0x0862, 0x0862, 0x0862, 0x0862, 0x0862, 0x0862, 0x0862,
    0x0862, 0x0862, 0x1082, 0x10a3, 0x18e4, 0x18e4, 0x18e4, 0x18e4, 0x18e4, 0x18e4, 0x18e4, 0x18e4,
    0x18e4, 0x18e4, 0x18e4, 0x18e4, 0x18e4, 0x18e4, 0x18e4, 0x18e4, 0x18e4, 0x18e4, 0x18e4, 0x18e4,
    0x18e4, 0x18e4, 0x18e4, 0x18e4, 0x18e4, 0x18e4, 0x18e4, 0x18e4, 0x18e4, 0x18e4, 0x18e4, 0x18e4,
    0x18e4, 0x18e4, 0x18e4, 0x18e4, 0x18e4, 0x18e4, 0x18e4, 0x18e4, 0x18e4, 0x18e4, 0x18e4, 0x18e4,
    0x18e4, 0x18e4, 0x18e4, 0x1083, 0x0841, 0x0841, 0x0841, 0x0841, 0x0841, 0x0841, 0x0841, 0x0841,
    0x0841, 0x0841, 0x0841, 0x0841, 0x0841, 0x0841, 0x0841, 0x0841, 0x0841, 0x0841, 0x0841, 0x0841,
    0x0841, 0x0841, 0x0841, 0x0841, 0x0841, 0x0841, 0x0841, 0x0841, 0x0841, 0x0841, 0x0841, 0x0841,
    0x0841, 0x0841, 0x0841, 0x0841, 0x0841, 0x0841, 0x0841, 0x0841, 0x0841, 0x0841, 0x0841, 0x0841,
    0x0841, 0x0841, 0x0841, 0x0841, 0x0841, 0x10a3, 0x18e4, 0x18e4, 0x18e4, 0x18e4, 0x18e4, 0x18e4,
    0x18e4, 0x18e4, 0x18e4, 0x18e4, 0x18e4, 0x18e4, 0x18e4, 0x18e4, 0x18e4, 0x18e4, 0x18e4, 0x18e4,
    0x18e4, 0x18e4, 0x18e4, 0x18e4, 0x18e4, 0x18e4, 0x18e4, 0x18e4, 0x18e4, 0x18e4, 0x18e4, 0x18e4,
    0x18e4, 0x18e4, 0x18e4, 0x18e4, 0x18e4, 0x18e4, 0x18e4, 0x18e4, 0x18e4, 0x18e4, 0x18e4, 0x18e4,
    0x18e4, 0x18e4, 0x18e4, 0x18e4, 0x18e4, 0x18e4, 0x10c3, 0x10a3, 0x0862, 0x0862, 0x0862, 0x0862,
    0x0862, 0x0862, 0x0862, 0x0862, 0x0862, 0x0862, 0x0862, 0x0862, 0x0862, 0x0862, 0x0862, 0x0862,
    0x0862, 0x0862, 0x0862, 0x0862, 0x0862, 0x0862, 0x0862, 0x0862, 0x0862, 0x0862, 0x0862, 0x0862,
    0x0862, 0x0862, 0x0862, 0x0862, 0x0862, 0x0862, 0x0862, 0x0862, 0x0862, 0x0862, 0x0862, 0x0862,
    0x0862, 0x0862, 0x0862, 0x0862, 0x0862, 0x0862, 0x0862, 0x0862, 0x10a3, 0x10c3, 0x18e4, 0x18e4,
    0x18e4, 0x18e4, 0x18e4, 0x18e4, 0x18e4, 0x18e4, 0x18e4, 0x18e4, 0x18e4, 0x18e4, 0x18e4, 0x18e4,
    0x18e4, 0x18e4, 0x18e4, 0x18e4, 0x18e4, 0x18e4, 0x18e4, 0x18e4, 0x18e4, 0x18e4, 0x18e4, 0x18e4,
    0x18e4, 0x18e4, 0x18e4, 0x18e4, 0x18e4, 0x18e4, 0x18e4, 0x18e4, 0x18e4, 0x18e4, 0x18e4, 0x18e4,
    0x18e4, 0x18e4, 0x18e4, 0x18e4, 0x18e4, 0x18e4, 0x18e4, 0x18e4, 0x18e4, 0x18e4, 0x10a3, 0x0841,
    0x0841, 0x0841, 0x0841, 0x0841, 0x0841, 0x0841, 0x0841, 0x0841, 0x0841, 0x0841, 0x0841, 0x0841,
    0x0841, 0x0841, 0x0841, 0x0841, 0x0841, 0x0841, 0x0841, 0x0841, 0x0841, 0x0841, 0x0841, 0x0841,
    0x0841, 0x0841, 0x0841, 0x0841, 0x0841, 0x0841, 0x0841, 0x0841, 0x0841, 0x0841, 0x0841, 0x0841,
    0x0841, 0x0841, 0x0841, 0x0841, 0x0841, 0x0841, 0x0841, 0x0841, 0x0841, 0x0841, 0x0841, 0x0841,
    0x0841, 0x0841, 0x18c4, 0x18e4, 0x18e4, 0x18e4, 0x18e4, 0x18e4, 0x18e4, 0x18e4, 0x18e4, 0x18e4,
    0x18e4, 0x18e4, 0x18e4, 0x18e4, 0x18e4, 0x18e4, 0x18e4, 0x18e4, 0x18e4, 0x18e4, 0x18e4, 0x18e4,
    0x18e4, 0x18e4, 0x18e4, 0x18e4, 0x18e4, 0x18e4, 0x18e4, 0x18e4, 0x18e4, 0x18e4, 0x18e4, 0x18e4,
    0x18e4, 0x18e4, 0x18e4, 0x18e4, 0x18e4, 0x18e4, 0x18e4, 0x18e4, 0x18e4, 0x18e4, 0x18e4, 0x18e4,
    0x18e4, 0x18e4, 0x18e4, 0x18e4, 0x18c4, 0x10a3, 0x1082, 0x0862, 0x0862, 0x0862, 0x0862, 0x0862,
    0x0862, 0x0862, 0x0862, 0x0862, 0x0862, 0x0862, 0x0862, 0x0862, 0x0862, 0x0862, 0x0862, 0x0862,
    0x0862, 0x0862, 0x0862, 0x0862, 0x0862, 0x0862, 0x0862, 0x0862, 0x0862, 0x0862, 0x0862, 0x0862,
    0x0862, 0x0862, 0x0862, 0x0862, 0x0862, 0x0862, 0x0862, 0x0862, 0x0862, 0x0862, 0x0862, 0x0862,
    0x0862, 0x1082, 0x10a3, 0x18c4, 0x18e4, 0x18e4, 0x18e4, 0x18e4, 0x18e4, 0x18e4, 0x18e4, 0x18e4,
    0x18e4, 0x18e4, 0x18e4, 0x18e4, 0x18e4, 0x18e4, 0x18e4, 0x18e4, 0x18e4, 0x18e4, 0x18e4, 0x18e4,
    0x18e4, 0x18e4, 0x18e4, 0x18e4, 0x18e4, 0x18e4, 0x18e4, 0x18e4, 0x18e4, 0x18e4, 0x18e4, 0x18e4,
    0x18e4, 0x18e4, 0x18e4, 0x18e4, 0x18e4, 0x18e4, 0x18e4, 0x18e4, 0x18e4, 0x18e4, 0x18e4, 0x18e4,
    0x18e4, 0x18e4, 0x18e4, 0x18e4, 0x18e4, 0x18c4, 0x0841, 0x0841, 0x0841, 0x0841, 0x0841, 0x0841,
    0x0841, 0x0841, 0x0841, 0x0841, 0x0841, 0x0841, 0x0841, 0x0841, 0x0841, 0x0841, 0x0841, 0x0841,
    0x0841, 0x0841, 0x0841, 0x0841, 0x0841, 0x0841, 0x0841, 0x0841, 0x0841, 0x0841, 0x0841, 0x0841,
    0x0841, 0x0841, 0x0841, 0x0841, 0x0841, 0x0841, 0x0841, 0x0841, 0x0841, 0x0841, 0x0841, 0x0841,
    0x0841, 0x0841, 0x0841, 0x0841, 0x0841, 0x0841, 0x0841, 0x0841, 0x0841, 0x0841, 0x0862, 0x18e4,
    0x18e4, 0x18e4, 0x18e4, 0x18e4, 0x18e4, 0x18e4, 0x18e4, 0x18e4, 0x18e4, 0x18e4, 0x18e4, 0x18e4,
    0x18e4, 0x18e4, 0x18e4, 0x18e4, 0x18e4, 0x18e4, 0x18e4, 0x18e4, 0x18e4, 0x18e4, 0x18e4, 0x18e4,
    0x18e4, 0x18e4, 0x18e4, 0x18e4, 0x18e4, 0x18e4, 0x18e4, 0x18e4, 0x18e4, 0x18e4, 0x18e4, 0x18e4,
    0x18e4, 0x18e4, 0x18e4, 0x18e4, 0x18e4, 0x18e4, 0x18e4, 0x18e4, 0x18e4, 0x18e4, 0x18e4, 0x18e4,
    0x18e4, 0x18e4, 0x18e4, 0x18c4, 0x10a3, 0x1082, 0x0882, 0x0862, 0x0862, 0x0862, 0x0862, 0x0862,
    0x0862, 0x0862, 0x0862, 0x0862, 0x0862, 0x0862, 0x0862, 0x0862, 0x0862, 0x0862, 0x0862, 0x0862,
    0x0862, 0x0862, 0x0862, 0x0862, 0x0862, 0x0862, 0x0862, 0x0862, 0x0862, 0x0862, 0x0862, 0x0862,
    0x0862, 0x0862, 0x0862, 0x0862, 0x0862, 0x0882, 0x1082, 0x10a3, 0x18c4, 0x18e4, 0x18e4, 0x18e4,
    0x18e4, 0x18e4, 0x18e4, 0x18e4, 0x18e4, 0x18e4, 0x18e4, 0x18e4, 0x18e4, 0x18e4, 0x18e4, 0x18e4,
    0x18e4, 0x18e4, 0x18e4, 0x18e4, 0x18e4, 0x18e4, 0x18e4, 0x18e4, 0x18e4, 0x18e4, 0x18e4, 0x18e4,
    0x18e4, 0x18e4, 0x18e4, 0x18e4, 0x18e4, 0x18e4, 0x18e4, 0x18e4, 0x18e4, 0x18e4, 0x18e4, 0x18e4,
    0x18e4, 0x18e4, 0x18e4, 0x18e4, 0x18e4, 0x18e4, 0x18e4, 0x18e4, 0x18e4, 0x18e4, 0x18e4, 0x18e4,
    0x18e4, 0x0862, 0x0841, 0x0841, 0x0841, 0x0841, 0x0841, 0x0841, 0x0841, 0x0841, 0x0841, 0x0841,
    0x0841, 0x0841, 0x0841, 0x0841, 0x0841, 0x0841, 0x0841, 0x0841, 0x0841, 0x0841, 0x0841, 0x0841,
    0x0841, 0x0841, 0x0841, 0x0841, 0x0841, 0x0841, 0x0841, 0x0841, 0x0841, 0x0841, 0x0841, 0x0841,
    0x0841, 0x0841, 0x0841, 0x0841, 0x0841, 0x0841, 0x0841, 0x0841, 0x0841, 0x0841, 0x0841, 0x0841,
    0x0841, 0x0841, 0x0841, 0x0841, 0x0841, 0x0841, 0x0841, 0x0862, 0x18e4, 0x18e4, 0x18e4, 0x18e4,
    0x18e4, 0x18e4, 0x18e4, 0x18e4, 0x18e4, 0x18e4, 0x18e4, 0x18e4, 0x18e4, 0x18e4, 0x18e4, 0x18e4,
    0x18e4, 0x18e4, 0x18e4, 0x18e4, 0x18e4, 0x18e4, 0x18e4, 0x18e4, 0x18e4, 0x18e4, 0x18e4, 0x18e4,
    0x18e4, 0x18e4, 0x18e4, 0x18e4, 0x18e4, 0x18e4, 0x18e4, 0x18e4, 0x18e4, 0x18e4, 0x18e4, 0x18e4,
    0x18e4, 0x18e4, 0x18e4, 0x18e4, 0x18e4, 0x18e4, 0x18e4, 0x18e4, 0x18e4, 0x18e4, 0x18e4, 0x18e4,
    0x18e4, 0x18e4, 0x18e4, 0x10c3, 0x10a3, 0x1082, 0x0882, 0x0862, 0x0862, 0x0862, 0x0862, 0x0862,
    0x0862, 0x0862, 0x0862, 0x0862, 0x0862, 0x0862, 0x0862, 0x0862, 0x0862, 0x0862, 0x0862, 0x0862,
    0x0862, 0x0862, 0x0862, 0x0862, 0x0862, 0x0862, 0x0862, 0x0862, 0x0862, 0x0882, 0x1082, 0x10a3,
    0x10c3, 0x18e4, 0x18e4, 0x18e4, 0x18e4, 0x18e4, 0x18e4, 0x18e4, 0x18e4, 0x18e4, 0x18e4, 0x18e4,
    0x18e4, 0x18e4, 0x18e4, 0x18e4, 0x18e4, 0x18e4, 0x18e4, 0x18e4, 0x18e4, 0x18e4, 0x18e4, 0x18e4,
    0x18e4, 0x18e4, 0x18e4, 0x18e4, 0x18e4, 0x18e4, 0x18e4, 0x18e4, 0x18e4, 0x18e4, 0x18e4, 0x18e4,
    0x18e4, 0x18e4, 0x18e4, 0x18e4, 0x18e4, 0x18e4, 0x18e4, 0x18e4, 0x18e4, 0x18e4, 0x18e4, 0x18e4,
    0x18e4, 0x18e4, 0x18e4, 0x18e4, 0x18e4, 0x18e4, 0x18e4, 0x18e4, 0x0862, 0x0841, 0x0841, 0x0841,
    0x0841, 0x0841, 0x0841, 0x0841, 0x0841, 0x0841, 0x0841, 0x0841, 0x0841, 0x0841, 0x0841, 0x0841,
    0x0841, 0x0841, 0x0841, 0x0841, 0x0841, 0x0841, 0x0841, 0x0841, 0x0841, 0x0841, 0x0841, 0x0841,
    0x0841, 0x0841, 0x0841, 0x0841, 0x0841, 0x0841, 0x0841, 0x0841, 0x0841, 0x0841, 0x0841, 0x0841,
    0x0841, 0x0841, 0x0841, 0x0841, 0x0841, 0x0841, 0x0841, 0x0841, 0x0841, 0x0841, 0x0841, 0x0841,
    0x0841, 0x0841, 0x0841, 0x0841, 0x0862, 0x18e4, 0x18e4, 0x18e4, 0x18e4, 0x18e4, 0x18e4, 0x18e4,
    0x18e4, 0x18e4, 0x18e4, 0x18e4, 0x18e4, 0x18e4, 0x18e4, 0x18e4, 0x18e4, 0x18e4, 0x18e4, 0x18e4,
    0x18e4, 0x18e4, 0x18e4, 0x18e4, 0x18e4, 0x18e4, 0x18e4, 0x18e4, 0x18e4, 0x18e4, 0x18e4, 0x18e4,
    0x18e4, 0x18e4, 0x18e4, 0x18e4, 0x18e4, 0x18e4, 0x18e4, 0x18e4, 0x18e4, 0x18e4, 0x18e4, 0x18e4,
    0x18e4, 0x18e4, 0x18e4, 0x18e4, 0x18e4, 0x18e4, 0x18e4, 0x18e4, 0x18e4, 0x18e4, 0x18e4, 0x18e4,
    0x18e4, 0x18e4, 0x18e4, 0x18c4, 0x10c3, 0x10a3, 0x10a3, 0x1082, 0x0882, 0x0862, 0x0862, 0x0862,
    0x0862, 0x0862, 0x0862, 0x0862, 0x0862, 0x0862, 0x0862, 0x0862, 0x0862, 0x0862, 0x0862, 0x0882,
    0x1082, 0x10a3, 0x10a3, 0x10c3, 0x18c4, 0x18e4, 0x18e4, 0x18e4, 0x18e4, 0x18e4, 0x18e4, 0x18e4,
    0x18e4, 0x18e4, 0x18e4, 0x18e4, 0x18e4, 0x18e4, 0x18e4, 0x18e4, 0x18e4, 0x18e4, 0x18e4, 0x18e4,
    0x18e4, 0x18e4, 0x18e4, 0x18e4, 0x18e4, 0x18e4, 0x18e4, 0x18e4, 0x18e4, 0x18e4, 0x18e4, 0x18e4,
    0x18e4, 0x18e4, 0x18e4, 0x18e4, 0x18e4, 0x18e4, 0x18e4, 0x18e4, 0x18e4, 0x18e4, 0x18e4, 0x18e4,
    0x18e4, 0x18e4, 0x18e4, 0x18e4, 0x18e4, 0x18e4, 0x18e4, 0x18e4, 0x18e4, 0x18e4, 0x18e4, 0x18e4,
    0x18e4, 0x18e4, 0x18e4, 0x0862, 0x0841, 0x0841, 0x0841, 0x0841, 0x0841, 0x0841, 0x0841, 0x0841,
    0x0841, 0x0841, 0x0841, 0x0841, 0x0841, 0x0841, 0x0841, 0x0841, 0x0841, 0x0841, 0x0841, 0x0841,
    0x0841, 0x0841, 0x0841, 0x0841, 0x0841, 0x0841, 0x0841, 0x0841, 0x0841, 0x0841, 0x0841, 0x0841,
    0x0841, 0x0841, 0x0841, 0x0841, 0x0841, 0x0841, 0x0841, 0x0841, 0x0841, 0x0841, 0x0841, 0x0841,
    0x0841, 0x0841, 0x0841, 0x0841, 0x0841, 0x0841, 0x0841, 0x0841, 0x0841, 0x0841, 0x0841, 0x0841,
    0x0841, 0x0862, 0x18e4, 0x18e4, 0x18e4, 0x18e4, 0x18e4, 0x18e4, 0x18e4, 0x18e4, 0x18e4, 0x18e4,
    0x18e4, 0x18e4, 0x18e4, 0x18e4, 0x18e4, 0x18e4, 0x18e4, 0x18e4, 0x18e4, 0x18e4, 0x18e4, 0x18e4,
    0x18e4, 0x18e4, 0x18e4, 0x18e4, 0x18e4, 0x18e4, 0x18e4, 0x18e4, 0x18e4, 0x18e4, 0x18e4, 0x18e4,
    0x18e4, 0x18e4, 0x18e4, 0x18e4, 0x18e4, 0x18e4, 0x18e4, 0x18e4, 0x18e4, 0x18e4, 0x18e4, 0x18e4,
    0x18e4, 0x18e4, 0x18e4, 0x18e4, 0x18e4, 0x18e4, 0x18e4, 0x18e4, 0x18e4, 0x18e4, 0x18e4, 0x18e4,
    0x18e4, 0x18e4, 0x18e4, 0x18e4, 0x18e4, 0x18e4, 0x18c4, 0x18c3, 0x10c3, 0x10c3, 0x10c3, 0x10c3,
    0x10c3, 0x10c3, 0x10c3, 0x10c3, 0x18c3, 0x18c4, 0x18e4, 0x18e4, 0x18e4, 0x18e4, 0x18e4, 0x18e4,
    0x18e4, 0x18e4, 0x18e4, 0x18e4, 0x18e4, 0x18e4, 0x18e4, 0x18e4, 0x18e4, 0x18e4, 0x18e4, 0x18e4,
    0x18e4, 0x18e4, 0x18e4, 0x18e4, 0x18e4, 0x18e4, 0x18e4, 0x18e4, 0x18e4, 0x18e4, 0x18e4, 0x18e4,
    0x18e4, 0x18e4, 0x18e4, 0x18e4, 0x18e4, 0x18e4, 0x18e4, 0x18e4, 0x18e4, 0x18e4, 0x18e4, 0x18e4,
    0x18e4, 0x18e4, 0x18e4, 0x18e4, 0x18e4, 0x18e4, 0x18e4, 0x18e4, 0x18e4, 0x18e4, 0x18e4, 0x18e4,
    0x18e4, 0x18e4, 0x18e4, 0x18e4, 0x18e4, 0x18e4, 0x18e4, 0x18e4, 0x18e4, 0x18e4, 0x0862, 0x0841,
    0x0841, 0x0841, 0x0841, 0x0841, 0x0841, 0x0841, 0x0841, 0x0841, 0x0841, 0x0841, 0x0841, 0x0841,
    0x0841, 0x0841, 0x0841, 0x0841, 0x0841, 0x0841, 0x0841, 0x0841, 0x0841, 0x0841, 0x0841, 0x0841,
    0x0841, 0x0841, 0x0841, 0x0841, 0x0841, 0x0841, 0x0841, 0x0841, 0x0841, 0x0841, 0x0841, 0x0841,
    0x0841, 0x0841, 0x0841, 0x0841, 0x0841, 0x0841, 0x0841, 0x0841, 0x0841, 0x0841, 0x0841, 0x0841,
    0x0841, 0x0841, 0x0841, 0x0841, 0x0841, 0x0841, 0x0841, 0x0841, 0x0841, 0x0841, 0x0862, 0x18c4,
    0x18e4, 0x18e4, 0x18e4, 0x18e4, 0x18e4, 0x18e4, 0x18e4, 0x18e4, 0x18e4, 0x18e4, 0x18e4, 0x18e4,
    0x18e4, 0x18e4, 0x18e4, 0x18e4, 0x18e4, 0x18e4, 0x18e4, 0x18e4, 0x18e4, 0x18e4, 0x18e4, 0x18e4,
    0x18e4, 0x18e4, 0x18e4, 0x18e4, 0x18e4, 0x18e4, 0x18e4, 0x18e4, 0x18e4, 0x18e4, 0x18e4, 0x18e4,
    0x18e4, 0x18e4, 0x18e4, 0x18e4, 0x18e4, 0x18e4, 0x18e4, 0x18e4, 0x18e4, 0x18e4, 0x18e4, 0x18e4,
    0x18e4, 0x18e4, 0x18e4, 0x18e4, 0x18e4, 0x18e4, 0x18e4, 0x18e4, 0x18e4, 0x18e4, 0x18e4, 0x18e4,
    0x18e4, 0x18e4, 0x18e4, 0x18e4, 0x18e4, 0x18e4, 0x18e4, 0x18e4, 0x18e4, 0x18e4, 0x18e4, 0x18e4,
    0x18e4, 0x18e4, 0x18e4, 0x18e4, 0x18e4, 0x18e4, 0x18e4, 0x18e4, 0x18e4, 0x18e4, 0x18e4, 0x18e4,
    0x18e4, 0x18e4, 0x18e4, 0x18e4, 0x18e4, 0x18e4, 0x18e4, 0x18e4, 0x18e4, 0x18e4, 0x18e4, 0x18e4,
    0x18e4, 0x18e4, 0x18e4, 0x18e4, 0x18e4, 0x18e4, 0x18e4, 0x18e4, 0x18e4, 0x18e4, 0x18e4, 0x18e4,
    0x18e4, 0x18e4, 0x18e4, 0x18e4, 0x18e4, 0x18e4, 0x18e4, 0x18e4, 0x18e4, 0x18e4, 0x18e4, 0x18e4,
    0x18e4, 0x18e4, 0x18e4, 0x18e4, 0x18e4, 0x18e4, 0x18e4, 0x18e4, 0x18e4, 0x18e4, 0x18e4, 0x18e4,
    0x18e4, 0x18e4, 0x18e4, 0x18e4, 0x18c4, 0x0862, 0x0841, 0x0841, 0x0841, 0x0841, 0x0841, 0x0841,
    0x0841, 0x0841, 0x0841, 0x0841, 0x0841, 0x0841, 0x0841, 0x0841, 0x0841, 0x0841, 0x0841, 0x0841,
    0x0841, 0x0841, 0x0841, 0x0841, 0x0841, 0x0841, 0x0841, 0x0841, 0x0841, 0x0841, 0x0841, 0x0841,
    0x0841, 0x0841, 0x0841, 0x0841, 0x0841, 0x0841, 0x0841, 0x0841, 0x0841, 0x0841, 0x0841, 0x0841,
    0x0841, 0x0841, 0x0841, 0x0841, 0x0841, 0x0841, 0x0841, 0x0841, 0x0841, 0x0841, 0x0841, 0x0841,
    0x0841, 0x0841, 0x0841, 0x0841, 0x0841, 0x0841, 0x0841, 0x0841, 0x10a3, 0x18e4, 0x18e4, 0x18e4,
    0x18e4, 0x18e4, 0x18e4, 0x18e4, 0x18e4, 0x18e4, 0x18e4, 0x18e4, 0x18e4, 0x18e4, 0x18e4, 0x18e4,
    0x18e4, 0x18e4, 0x18e4, 0x18e4, 0x18e4, 0x18e4, 0x18e4, 0x18e4, 0x18e4, 0x18e4, 0x18e4, 0x18e4,
    0x18e4, 0x18e4, 0x18e4, 0x18e4, 0x18e4, 0x18e4, 0x18e4, 0x18e4, 0x18e4, 0x18e4, 0x18e4, 0x18e4,
    0x18e4, 0x18e4, 0x18e4, 0x18e4, 0x18e4, 0x18e4, 0x18e4, 0x18e4, 0x18e4, 0x18e4, 0x18e4, 0x18e4,
    0x18e4, 0x18e4, 0x18e4, 0x18e4, 0x18e4, 0x18e4, 0x18e4, 0x18e4, 0x18e4, 0x18e4, 0x18e4, 0x18e4,
    0x18e4, 0x18e4, 0x18e4, 0x18e4, 0x18e4, 0x18e4, 0x18e4, 0x18e4, 0x18e4, 0x18e4, 0x18e4, 0x18e4,
    0x18e4, 0x18e4, 0x18e4, 0x18e4, 0x18e4, 0x18e4, 0x18e4, 0x18e4, 0x18e4, 0x18e4, 0x18e4, 0x18e4,
    0x18e4, 0x18e4, 0x18e4, 0x18e4, 0x18e4, 0x18e4, 0x18e4, 0x18e4, 0x18e4, 0x18e4, 0x18e4, 0x18e4,
    0x18e4, 0x18e4, 0x18e4, 0x18e4, 0x18e4, 0x18e4, 0x18e4, 0x18e4, 0x18e4, 0x18e4, 0x18e4, 0x18e4,
    0x18e4, 0x18e4, 0x18e4, 0x18e4, 0x18e4, 0x18e4, 0x18e4, 0x18e4, 0x18e4, 0x18e4, 0x18e4, 0x18e4,
    0x18e4, 0x18e4, 0x18e4, 0x18e4, 0x18e4, 0x18e4, 0x18e4, 0x18e4, 0x18e4, 0x18e4, 0x18e4, 0x10a3,
    0x0841, 0x0841, 0x0841, 0x0841, 0x0841, 0x0841, 0x0841, 0x0841, 0x0841, 0x0841, 0x0841, 0x0841,
    0x0841, 0x0841, 0x0841, 0x0841, 0x0841, 0x0841, 0x0841, 0x0841, 0x0841, 0x0841, 0x0841, 0x0841,
    0x0841, 0x0841, 0x0841, 0x0841, 0x0841, 0x0841, 0x0841, 0x0841, 0x0841, 0x0841, 0x0841, 0x0841,
    0x0841, 0x0841, 0x0841, 0x0841, 0x0841, 0x0841, 0x0841, 0x0841, 0x0841, 0x0841, 0x0841, 0x0841,
    0x0841, 0x0841, 0x0841, 0x0841, 0x0841, 0x0841, 0x0841, 0x0841, 0x0841, 0x0841, 0x0841, 0x0841,
    0x0841, 0x0841, 0x0841, 0x0841, 0x0841, 0x1083, 0x18e4, 0x18e4, 0x18e4, 0x18e4, 0x18e4, 0x18e4,
    0x18e4, 0x18e4, 0x18e4, 0x18e4, 0x18e4, 0x18e4, 0x18e4, 0x18e4, 0x18e4, 0x18e4, 0x18e4, 0x18e4,
    0x18e4, 0x18e4, 0x18e4, 0x18e4, 0x18e4, 0x18e4, 0x18e4, 0x18e4, 0x18e4, 0x18e4, 0x18e4, 0x18e4,
    0x18e4, 0x18e4, 0x18e4, 0x18e4, 0x18e4, 0x18e4, 0x18e4, 0x18e4, 0x18e4, 0x18e4, 0x18e4, 0x18e4,
    0x18e4, 0x18e4, 0x18e4, 0x18e4, 0x18e4, 0x18e4, 0x18e4, 0x18e4, 0x18e4, 0x18e4, 0x18e4, 0x18e4,
    0x18e4, 0x18e4, 0x18e4, 0x18e4, 0x18e4, 0x18e4, 0x18e4, 0x18e4, 0x18e4, 0x18e4, 0x18e4, 0x18e4,
    0x18e4, 0x18e4, 0x18e4, 0x18e4, 0x18e4, 0x18e4, 0x18e4, 0x18e4, 0x18e4, 0x18e4, 0x18e4, 0x18e4,
    0x18e4, 0x18e4, 0x18e4, 0x18e4, 0x18e4, 0x18e4, 0x18e4, 0x18e4, 0x18e4, 0x18e4, 0x18e4, 0x18e4,
    0x18e4, 0x18e4, 0x18e4, 0x18e4, 0x18e4, 0x18e4, 0x18e4, 0x18e4, 0x18e4, 0x18e4, 0x18e4, 0x18e4,
    0x18e4, 0x18e4, 0x18e4, 0x18e4, 0x18e4, 0x18e4, 0x18e4, 0x18e4, 0x18e4, 0x18e4, 0x18e4, 0x18e4,
    0x18e4, 0x18e4, 0x18e4, 0x18e4, 0x18e4, 0x18e4, 0x18e4, 0x18e4, 0x18e4, 0x18e4, 0x18e4, 0x18e4,
    0x18e4, 0x18e4, 0x18e4, 0x18e4, 0x18e4, 0x18e4, 0x1083, 0x0841, 0x0841, 0x0841, 0x0841, 0x0841,
    0x0841, 0x0841, 0x0841, 0x0841, 0x0841, 0x0841, 0x0841, 0x0841, 0x0841, 0x0841, 0x0841, 0x0841,
    0x0841, 0x0841, 0x0841, 0x0841, 0x0841, 0x0841, 0x0841, 0x0841, 0x0841, 0x0841, 0x0841, 0x0841,
    0x0841, 0x0841, 0x0841, 0x0841, 0x0841, 0x0841, 0x0841, 0x0841, 0x0841, 0x0841, 0x0841, 0x0841,
    0x0841, 0x0841, 0x0841, 0x0841, 0x0841, 0x0841, 0x0841, 0x0841, 0x0841, 0x0841, 0x0841, 0x0841,
    0x0841, 0x0841, 0x0841, 0x0841, 0x0841, 0x0841, 0x0841, 0x0841, 0x0841, 0x0841, 0x0841, 0x0841,
    0x0841, 0x0841, 0x0862, 0x18c4, 0x18e4, 0x18e4, 0x18e4, 0x18e4, 0x18e4, 0x18e4, 0x18e4, 0x18e4,
    0x18e4, 0x18e4, 0x18e4, 0x18e4, 0x18e4, 0x18e4, 0x18e4, 0x18e4, 0x18e4, 0x18e4, 0x18e4, 0x18e4,
    0x18e4, 0x18e4, 0x18e4, 0x18e4, 0x18e4, 0x18e4, 0x18e4, 0x18e4, 0x18e4, 0x18e4, 0x18e4, 0x18e4,
    0x18e4, 0x18e4, 0x18e4, 0x18e4, 0x18e4, 0x18e4, 0x18e4, 0x18e4, 0x18e4, 0x18e4, 0x18e4, 0x18e4,
    0x18e4, 0x18e4, 0x18e4, 0x18e4, 0x18e4, 0x18e4, 0x18e4, 0x18e4, 0x18e4, 0x18e4, 0x18e4, 0x18e4,
    0x18e4, 0x18e4, 0x18e4, 0x18e4, 0x18e4, 0x18e4, 0x18e4, 0x18e4, 0x18e4, 0x18e4, 0x18e4, 0x18e4,
    0x18e4, 0x18e4, 0x18e4, 0x18e4, 0x18e4, 0x18e4, 0x18e4, 0x18e4, 0x18e4, 0x18e4, 0x18e4, 0x18e4,
    0x18e4, 0x18e4, 0x18e4, 0x18e4, 0x18e4, 0x18e4, 0x18e4, 0x18e4, 0x18e4, 0x18e4, 0x18e4, 0x18e4,
    0x18e4, 0x18e4, 0x18e4, 0x18e4, 0x18e4, 0x18e4, 0x18e4, 0x18e4, 0x18e4, 0x18e4, 0x18e4, 0x18e4,
    0x18e4, 0x18e4, 0x18e4, 0x18e4, 0x18e4, 0x18e4, 0x18e4, 0x18e4, 0x18e4, 0x18e4, 0x18e4, 0x18e4,
    0x18e4, 0x18e4, 0x18e4, 0x18e4, 0x18e4, 0x18e4, 0x18e4, 0x18e4, 0x18e4, 0x18e4, 0x18e4, 0x18e4,
    0x18c4, 0x0862, 0x0841, 0x0841, 0x0841, 0x0841, 0x0841, 0x0841, 0x0841, 0x0841, 0x0841, 0x0841,
    0x0841, 0x0841, 0x0841, 0x0841, 0x0841, 0x0841, 0x0841, 0x0841, 0x0841, 0x0841, 0x0841, 0x0841,
    0x0841, 0x0841, 0x0841, 0x0841, 0x0841, 0x0841, 0x0841, 0x0841, 0x0841, 0x0841, 0x0841, 0x0841,
    0x0841, 0x0841, 0x0841, 0x0841, 0x0841, 0x0841, 0x0841, 0x0841, 0x0841, 0x0841, 0x0841, 0x0841,
    0x0841, 0x0841, 0x0841, 0x0841, 0x0841, 0x0841, 0x0841, 0x0841, 0x0841, 0x0841, 0x0841, 0x0841,
    0x0841, 0x0841, 0x0841, 0x0841, 0x0841, 0x0841, 0x0841, 0x0841, 0x0841, 0x0841, 0x0841, 0x0841,
    0x10a3, 0x18e4, 0x18e4, 0x18e4, 0x18e4, 0x18e4, 0x18e4, 0x18e4, 0x18e4, 0x18e4, 0x18e4, 0x18e4,
    0x18e4, 0x18e4, 0x18e4, 0x18e4, 0x18e4, 0x18e4, 0x18e4, 0x18e4, 0x18e4, 0x18e4, 0x18e4, 0x18e4,
    0x18e4, 0x18e4, 0x18e4, 0x18e4, 0x18e4, 0x18e4, 0x18e4, 0x18e4, 0x18e4, 0x18e4, 0x18e4, 0x18e4,
    0x18e4, 0x18e4, 0x18e4, 0x18e4, 0x18e4, 0x18e4, 0x18e4, 0x18e4, 0x18e4, 0x18e4, 0x18e4, 0x18e4,
    0x18e4, 0x18e4, 0x18e4, 0x18e4, 0x18e4, 0x18e4, 0x18e4, 0x18e4, 0x18e4, 0x18e4, 0x18e4, 0x18e4,
    0x18e4, 0x18e4, 0x18e4, 0x18e4, 0x18e4, 0x18e4, 0x18e4, 0x18e4, 0x18e4, 0x18e4, 0x18e4, 0x18e4,
    0x18e4, 0x18e4, 0x18e4, 0x18e4, 0x18e4, 0x18e4, 0x18e4, 0x18e4, 0x18e4, 0x18e4, 0x18e4, 0x18e4,
    0x18e4, 0x18e4, 0x18e4, 0x18e4, 0x18e4, 0x18e4, 0x18e4, 0x18e4, 0x18e4, 0x18e4, 0x18e4, 0x18e4,
    0x18e4, 0x18e4, 0x18e4, 0x18e4, 0x18e4, 0x18e4, 0x18e4, 0x18e4, 0x18e4, 0x18e4, 0x18e4, 0x18e4,
    0x18e4, 0x18e4, 0x18e4, 0x18e4, 0x18e4, 0x18e4, 0x18e4, 0x18e4, 0x18e4, 0x18e4, 0x18e4, 0x18e4,
    0x18e4, 0x18e4, 0x18e4, 0x18e4, 0x18e4, 0x18e4, 0x18e4, 0x10a3, 0x0841, 0x0841, 0x0841, 0x0841,
    0x0841, 0x0841, 0x0841, 0x0841, 0x0841, 0x0841, 0x0841, 0x0841, 0x0841, 0x0841, 0x0841, 0x0841,
    0x0841, 0x0841, 0x0841, 0x0841, 0x0841, 0x0841, 0x0841, 0x0841, 0x0841, 0x0841, 0x0841, 0x0841,
    0x0841, 0x0841, 0x0841, 0x0841, 0x0841, 0x0841, 0x0841, 0x0841, 0x0841, 0x0841, 0x0841, 0x0841,
    0x0841, 0x0841, 0x0841, 0x0841, 0x0841, 0x0841, 0x0841, 0x0841, 0x0841, 0x0841, 0x0841, 0x0841,
    0x0841, 0x0841, 0x0841, 0x0841, 0x0841, 0x0841, 0x0841, 0x0841, 0x0841, 0x0841, 0x0841, 0x0841,
    0x0841, 0x0841, 0x0841, 0x0841, 0x0841, 0x0841, 0x0841, 0x0841, 0x0841, 0x0862, 0x10c3, 0x18e4,
    0x18e4, 0x18e4, 0x18e4, 0x18e4, 0x18e4, 0x18e4, 0x18e4, 0x18e4, 0x18e4, 0x18e4, 0x18e4, 0x18e4,
    0x18e4, 0x18e4, 0x18e4, 0x18e4, 0x18e4, 0x18e4, 0x18e4, 0x18e4, 0x18e4, 0x18e4, 0x18e4, 0x18e4,
    0x18e4, 0x18e4, 0x18e4, 0x18e4, 0x18e4, 0x18e4, 0x18e4, 0x18e4, 0x18e4, 0x18e4, 0x18e4, 0x18e4,
    0x18e4, 0x18e4, 0x18e4, 0x18e4, 0x18e4, 0x18e4, 0x18e4, 0x18e4, 0x18e4, 0x18e4, 0x18e4, 0x18e4,
    0x18e4, 0x18e4, 0x18e4, 0x18e4, 0x18e4, 0x18e4, 0x18e4, 0x18e4, 0x18e4, 0x18e4, 0x18e4, 0x18e4,
    0x18e4, 0x18e4, 0x18e4, 0x18e4, 0x18e4, 0x18e4, 0x18e4, 0x18e4, 0x18e4, 0x18e4, 0x18e4, 0x18e4,
    0x18e4, 0x18e4, 0x18e4, 0x18e4, 0x18e4, 0x18e4, 0x18e4, 0x18e4, 0x18e4, 0x18e4, 0x18e4, 0x18e4,
    0x18e4, 0x18e4, 0x18e4, 0x18e4, 0x18e4, 0x18e4, 0x18e4, 0x18e4, 0x18e4, 0x18e4, 0x18e4, 0x18e4,
    0x18e4, 0x18e4, 0x18e4, 0x18e4, 0x18e4, 0x18e4, 0x18e4, 0x18e4, 0x18e4, 0x18e4, 0x18e4, 0x18e4,
    0x18e4, 0x18e4, 0x18e4, 0x18e4, 0x18e4, 0x18e4, 0x18e4, 0x18e4, 0x18e4, 0x18e4, 0x18e4, 0x18e4,
    0x18e4, 0x10c3, 0x0862, 0x0841, 0x0841, 0x0841, 0x0841, 0x0841, 0x0841, 0x0841, 0x0841, 0x0841,
    0x0841, 0x0841, 0x0841, 0x0841, 0x0841, 0x0841, 0x0841, 0x0841, 0x0841, 0x0841, 0x0841, 0x0841,
    0x0841, 0x0841, 0x0841, 0x0841, 0x0841, 0x0841, 0x0841, 0x0841, 0x0841, 0x0841, 0x0841, 0x0841,
    0x0841, 0x0841, 0x0841, 0x0841, 0x0841, 0x0841, 0x0841, 0x0841, 0x0841, 0x0841, 0x0841, 0x0841,
    0x0841, 0x0841, 0x0841, 0x0841, 0x0841, 0x0841, 0x0841, 0x0841, 0x0841, 0x0841, 0x0841, 0x0841,
    0x0841, 0x0841, 0x0841, 0x0841, 0x0841, 0x0841, 0x0841, 0x0841, 0x0841, 0x0841, 0x0841, 0x0841,
    0x0841, 0x0841, 0x0841, 0x0841, 0x0841, 0x0841, 0x0841, 0x0862, 0x10c3, 0x18e4, 0x18e4, 0x18e4,
    0x18e4, 0x18e4, 0x18e4, 0x18e4, 0x18e4, 0x18e4, 0x18e4, 0x18e4, 0x18e4, 0x18e4, 0x18e4, 0x18e4,
    0x18e4, 0x18e4, 0x18e4, 0x18e4, 0x18e4, 0x18e4, 0x18e4, 0x18e4, 0x18e4, 0x18e4, 0x18e4, 0x18e4,
    0x18e4, 0x18e4, 0x18e4, 0x18e4, 0x18e4, 0x18e4, 0x18e4, 0x18e4, 0x18e4, 0x18e4, 0x18e4, 0x18e4,
    0x18e4, 0x18e4, 0x18e4, 0x18e4, 0x18e4, 0x18e4, 0x18e4, 0x18e4, 0x18e4, 0x18e4, 0x18e4, 0x18e4,
    0x18e4, 0x18e4, 0x18e4, 0x18e4, 0x18e4, 0x18e4, 0x18e4, 0x18e4, 0x18e4, 0x18e4, 0x18e4, 0x18e4,
    0x18e4, 0x18e4, 0x18e4, 0x18e4, 0x18e4, 0x18e4, 0x18e4, 0x18e4, 0x18e4, 0x18e4, 0x18e4, 0x18e4,
    0x18e4, 0x18e4, 0x18e4, 0x18e4, 0x18e4, 0x18e4, 0x18e4, 0x18e4, 0x18e4, 0x18e4, 0x18e4, 0x18e4,
    0x18e4, 0x18e4, 0x18e4, 0x18e4, 0x18e4, 0x18e4, 0x18e4, 0x18e4, 0x18e4, 0x18e4, 0x18e4, 0x18e4,
    0x18e4, 0x18e4, 0x18e4, 0x18e4, 0x18e4, 0x18e4, 0x18e4, 0x18e4, 0x18e4, 0x18e4, 0x18e4, 0x18e4,
    0x18e4, 0x18e4, 0x18e4, 0x18e4, 0x18e4, 0x18e4, 0x18e4, 0x10c3, 0x0862, 0x0841, 0x0841, 0x0841,
    0x0841, 0x0841, 0x0841, 0x0841, 0x0841, 0x0841, 0x0841, 0x0841, 0x0841, 0x0841, 0x0841, 0x0841,
    0x0841, 0x0841, 0x0841, 0x0841, 0x0841, 0x0841, 0x0841, 0x0841, 0x0841, 0x0841, 0x0841, 0x0841,
    0x0841, 0x0841, 0x0841, 0x0841, 0x0841, 0x0841, 0x0841, 0x0841, 0x0841, 0x0841, 0x0841, 0x0841,
    0x0841, 0x0841, 0x0841, 0x0841, 0x0841, 0x0841, 0x0841, 0x0841, 0x0841, 0x0841, 0x0841, 0x0841,
    0x0841, 0x0841, 0x0841, 0x0841, 0x0841, 0x0841, 0x0841, 0x0841, 0x0841, 0x0841, 0x0841, 0x0841,
    0x0841, 0x0841, 0x0841, 0x0841, 0x0841, 0x0841, 0x0841, 0x0841, 0x0841, 0x0841, 0x0841, 0x0841,
    0x0841, 0x0841, 0x0841, 0x0841, 0x0841, 0x0862, 0x10a3, 0x18e4, 0x18e4, 0x18e4, 0x18e4, 0x18e4,
    0x18e4, 0x18e4, 0x18e4, 0x18e4, 0x18e4, 0x18e4, 0x18e4, 0x18e4, 0x18e4, 0x18e4, 0x18e4, 0x18e4,
    0x18e4, 0x18e4, 0x18e4, 0x18e4, 0x18e4, 0x18e4, 0x18e4, 0x18e4, 0x18e4, 0x18e4, 0x18e4, 0x18e4,
    0x18e4, 0x18e4, 0x18e4, 0x18e4, 0x18e4, 0x18e4, 0x18e4, 0x18e4, 0x18e4, 0x18e4, 0x18e4, 0x18e4,
    0x18e4, 0x18e4, 0x18e4, 0x18e4, 0x18e4, 0x18e4, 0x18e4, 0x18e4, 0x18e4, 0x18e4, 0x18e4, 0x18e4,
    0x18e4, 0x18e4, 0x18e4, 0x18e4, 0x18e4, 0x18e4, 0x18e4, 0x18e4, 0x18e4, 0x18e4, 0x18e4, 0x18e4,
    0x18e4, 0x18e4, 0x18e4, 0x18e4, 0x18e4, 0x18e4, 0x18e4, 0x18e4, 0x18e4, 0x18e4, 0x18e4, 0x18e4,
    0x18e4, 0x18e4, 0x18e4, 0x18e4, 0x18e4, 0x18e4, 0x18e4, 0x18e4, 0x18e4, 0x18e4, 0x18e4, 0x18e4,
    0x18e4, 0x18e4, 0x18e4, 0x18e4, 0x18e4, 0x18e4, 0x18e4, 0x18e4, 0x18e4, 0x18e4, 0x18e4, 0x18e4,
    0x18e4, 0x18e4, 0x18e4, 0x18e4, 0x18e4, 0x18e4, 0x18e4, 0x18e4, 0x18e4, 0x18e4, 0x18e4, 0x18e4,
    0x18e4, 0x10a3, 0x0862, 0x0841, 0x0841, 0x0841, 0x0841, 0x0841, 0x0841, 0x0841, 0x0841, 0x0841,
    0x0841, 0x0841, 0x0841, 0x0841, 0x0841, 0x0841, 0x0841, 0x0841, 0x0841, 0x0841, 0x0841, 0x0841,
    0x0841, 0x0841, 0x0841, 0x0841, 0x0841, 0x0841, 0x0841, 0x0841, 0x0841, 0x0841, 0x0841, 0x0841,
    0x0841, 0x0841, 0x0841, 0x0841, 0x0841, 0x0841, 0x0841, 0x0841, 0x0841, 0x0841, 0x0841, 0x0841,
    0x0841, 0x0841, 0x0841, 0x0841, 0x0841, 0x0841, 0x0841, 0x0841, 0x0841, 0x0841, 0x0841, 0x0841,
    0x0841, 0x0841, 0x0841, 0x0841, 0x0841, 0x0841, 0x0841, 0x0841, 0x0841, 0x0841, 0x0841, 0x0841,
    0x0841, 0x0841, 0x0841, 0x0841, 0x0841, 0x0841, 0x0841, 0x0841, 0x0841, 0x0841, 0x0841, 0x0841,
    0x0841, 0x0841, 0x0841, 0x0862, 0x1083, 0x18c4, 0x18e4, 0x18e4, 0x18e4, 0x18e4, 0x18e4, 0x18e4,
    0x18e4, 0x18e4, 0x18e4, 0x18e4, 0x18e4, 0x18e4, 0x18e4, 0x18e4, 0x18e4, 0x18e4, 0x18e4, 0x18e4,
    0x18e4, 0x18e4, 0x18e4, 0x18e4, 0x18e4, 0x18e4, 0x18e4, 0x18e4, 0x18e4, 0x18e4, 0x18e4, 0x18e4,
    0x18e4, 0x18e4, 0x18e4, 0x18e4, 0x18e4, 0x18e4, 0x18e4, 0x18e4, 0x18e4, 0x18e4, 0x18e4, 0x18e4,
    0x18e4, 0x18e4, 0x18e4, 0x18e4, 0x18e4, 0x18e4, 0x18e4, 0x18e4, 0x18e4, 0x18e4, 0x18e4, 0x18e4,
    0x18e4, 0x18e4, 0x18e4, 0x18e4, 0x18e4, 0x18e4, 0x18e4, 0x18e4, 0x18e4, 0x18e4, 0x18e4, 0x18e4,
    0x18e4, 0x18e4, 0x18e4, 0x18e4, 0x18e4, 0x18e4, 0x18e4, 0x18e4, 0x18e4, 0x18e4, 0x18e4, 0x18e4,
    0x18e4, 0x18e4, 0x18e4, 0x18e4, 0x18e4, 0x18e4, 0x18e4, 0x18e4, 0x18e4, 0x18e4, 0x18e4, 0x18e4,
    0x18e4, 0x18e4, 0x18e4, 0x18e4, 0x18e4, 0x18e4, 0x18e4, 0x18e4, 0x18e4, 0x18e4, 0x18e4, 0x18e4,
    0x18e4, 0x18e4, 0x18e4, 0x18e4, 0x18e4, 0x18e4, 0x18c4, 0x1083, 0x0862, 0x0841, 0x0841, 0x0841,
    0x0841, 0x0841, 0x0841, 0x0841, 0x0841, 0x0841, 0x0841, 0x0841, 0x0841, 0x0841, 0x0841, 0x0841,
    0x0841, 0x0841, 0x0841, 0x0841, 0x0841, 0x0841, 0x0841, 0x0841, 0x0841, 0x0841, 0x0841, 0x0841,
    0x0841, 0x0841, 0x0841, 0x0841, 0x0841, 0x0841, 0x0841, 0x0841, 0x0841, 0x0841, 0x0841, 0x0841,
    0x0841, 0x0841, 0x0841, 0x0841, 0x0841, 0x0841, 0x0841, 0x0841, 0x0841, 0x0841, 0x0841, 0x0841,
    0x0841, 0x0841, 0x0841, 0x0841, 0x0841, 0x0841, 0x0841, 0x0841, 0x0841, 0x0841, 0x0841, 0x0841,
    0x0841, 0x0841, 0x0841, 0x0841, 0x0841, 0x0841, 0x0841, 0x0841, 0x0841, 0x0841, 0x0841, 0x0841,
    0x0841, 0x0841, 0x0841, 0x0841, 0x0841, 0x0841, 0x0841, 0x0841, 0x0841, 0x0841, 0x0841, 0x0841,
    0x0841, 0x0841, 0x0862, 0x1083, 0x10c3, 0x18e4, 0x18e4, 0x18e4, 0x18e4, 0x18e4, 0x18e4, 0x18e4,
    0x18e4, 0x18e4, 0x18e4, 0x18e4, 0x18e4, 0x18e4, 0x18e4, 0x18e4, 0x18e4, 0x18e4, 0x18e4, 0x18e4,
    0x18e4, 0x18e4, 0x18e4, 0x18e4, 0x18e4, 0x18e4, 0x18e4, 0x18e4, 0x18e4, 0x18e4, 0x18e4, 0x18e4,
    0x18e4, 0x18e4, 0x18e4, 0x18e4, 0x18e4, 0x18e4, 0x18e4, 0x18e4, 0x18e4, 0x18e4, 0x18e4, 0x18e4,
    0x18e4, 0x18e4, 0x18e4, 0x18e4, 0x18e4, 0x18e4, 0x18e4, 0x18e4, 0x18e4, 0x18e4, 0x18e4, 0x18e4,
    0x18e4, 0x18e4, 0x18e4, 0x18e4, 0x18e4, 0x18e4, 0x18e4, 0x18e4, 0x18e4, 0x18e4, 0x18e4, 0x18e4,
    0x18e4, 0x18e4, 0x18e4, 0x18e4, 0x18e4, 0x18e4, 0x18e4, 0x18e4, 0x18e4, 0x18e4, 0x18e4, 0x18e4,
    0x18e4, 0x18e4, 0x18e4, 0x18e4, 0x18e4, 0x18e4, 0x18e4, 0x18e4, 0x18e4, 0x18e4, 0x18e4, 0x18e4,
    0x18e4, 0x18e4, 0x18e4, 0x18e4, 0x18e4, 0x18e4, 0x18e4, 0x18e4, 0x18e4, 0x18e4, 0x18e4, 0x10c3,
    0x1083, 0x0862, 0x0841, 0x0841, 0x0841, 0x0841, 0x0841, 0x0841, 0x0841, 0x0841, 0x0841, 0x0841,
    0x0841, 0x0841, 0x0841, 0x0841, 0x0841, 0x0841, 0x0841, 0x0841, 0x0841, 0x0841, 0x0841, 0x0841,
    0x0841, 0x0841, 0x0841, 0x0841, 0x0841, 0x0841, 0x0841, 0x0841, 0x0841, 0x0841, 0x0841, 0x0841,
    0x0841, 0x0841, 0x0841, 0x0841, 0x0841, 0x0841, 0x0841, 0x0841, 0x0841, 0x0841, 0x0841, 0x0841,
    0x0841, 0x0841, 0x0841, 0x0841, 0x0841, 0x0841, 0x0841, 0x0841, 0x0841, 0x0841, 0x0841, 0x0841,
    0x0841, 0x0841, 0x0841, 0x0841, 0x0841, 0x0841, 0x0841, 0x0841, 0x0841, 0x0841, 0x0841, 0x0841,
    0x0841, 0x0841, 0x0841, 0x0841, 0x0841, 0x0841, 0x0841, 0x0841, 0x0841, 0x0841, 0x0841, 0x0841,
    0x0841, 0x0841, 0x0841, 0x0841, 0x0841, 0x0841, 0x0841, 0x0841, 0x0841, 0x0841, 0x0841, 0x0841,
    0x0841, 0x0841, 0x0862, 0x1083, 0x10a3, 0x18c4, 0x18e4, 0x18e4, 0x18e4, 0x18e4, 0x18e4, 0x18e4,
    0x18e4, 0x18e4, 0x18e4, 0x18e4, 0x18e4, 0x18e4, 0x18e4, 0x18e4, 0x18e4, 0x18e4, 0x18e4, 0x18e4,
    0x18e4, 0x18e4, 0x18e4, 0x18e4, 0x18e4, 0x18e4, 0x18e4, 0x18e4, 0x18e4, 0x18e4, 0x18e4, 0x18e4,
    0x18e4, 0x18e4, 0x18e4, 0x18e4, 0x18e4, 0x18e4, 0x18e4, 0x18e4, 0x18e4, 0x18e4, 0x18e4, 0x18e4,
    0x18e4, 0x18e4, 0x18e4, 0x18e4, 0x18e4, 0x18e4, 0x18e4, 0x18e4, 0x18e4, 0x18e4, 0x18e4, 0x18e4,
    0x18e4, 0x18e4, 0x18e4, 0x18e4, 0x18e4, 0x18e4, 0x18e4, 0x18e4, 0x18e4, 0x18e4, 0x18e4, 0x18e4,
    0x18e4, 0x18e4, 0x18e4, 0x18e4, 0x18e4, 0x18e4, 0x18e4, 0x18e4, 0x18e4, 0x18e4, 0x18e4, 0x18e4,
    0x18e4, 0x18e4, 0x18e4, 0x18e4, 0x18e4, 0x18e4, 0x18e4, 0x18e4, 0x18e4, 0x18e4, 0x18e4, 0x18e4,
    0x18e4, 0x18e4, 0x18c4, 0x10a3, 0x1083, 0x0862, 0x0841, 0x0841, 0x0841, 0x0841, 0x0841, 0x0841,
    0x0841, 0x0841, 0x0841, 0x0841, 0x0841, 0x0841, 0x0841, 0x0841, 0x0841, 0x0841, 0x0841, 0x0841,
    0x0841, 0x0841, 0x0841, 0x0841, 0x0841, 0x0841, 0x0841, 0x0841, 0x0841, 0x0841, 0x0841, 0x0841,
    0x0841, 0x0841, 0x0841, 0x0841, 0x0841, 0x0841, 0x0841, 0x0841, 0x0841, 0x0841, 0x0841, 0x0841,
    0x0841, 0x0841, 0x0841, 0x0841, 0x0841, 0x0841, 0x0841, 0x0841, 0x0841, 0x0841, 0x0841, 0x0841,
    0x0841, 0x0841, 0x0841, 0x0841, 0x0841, 0x0841, 0x0841, 0x0841, 0x0841, 0x0841, 0x0841, 0x0841,
    0x0841, 0x0841, 0x0841, 0x0841, 0x0841, 0x0841, 0x0841, 0x0841, 0x0841, 0x0841, 0x0841, 0x0841,
    0x0841, 0x0841, 0x0841, 0x0841, 0x0841, 0x0841, 0x0841, 0x0841, 0x0841, 0x0841, 0x0841, 0x0841,
    0x0841, 0x0841, 0x0841, 0x0841, 0x0841, 0x0841, 0x0841, 0x0841, 0x0841, 0x0841, 0x0841, 0x0841,
    0x0841, 0x0841, 0x0841, 0x0841, 0x0862, 0x0862, 0x0862, 0x0862, 0x0862, 0x0862, 0x0862, 0x0862,
    0x0862, 0x0862, 0x0862, 0x0862, 0x0862, 0x0862, 0x0862, 0x0862, 0x0862, 0x0862, 0x0862, 0x0862,
    0x0862, 0x0862, 0x0862, 0x0862, 0x0862, 0x0862, 0x0862, 0x0862, 0x0862, 0x0862, 0x0862, 0x0862,
    0x0862, 0x0862, 0x0862, 0x0862, 0x0862, 0x0862, 0x0862, 0x0862, 0x0862, 0x0862, 0x0862, 0x0862,
    0x0862, 0x0862, 0x0862, 0x0862, 0x0862, 0x0862, 0x0862, 0x0862, 0x0862, 0x0862, 0x0862, 0x0862,
    0x0862, 0x0862, 0x0862, 0x0862, 0x0862, 0x0862, 0x0862, 0x0862, 0x0862, 0x0862, 0x0862, 0x0862,
    0x0862, 0x0862, 0x0862, 0x0862, 0x0862, 0x0862, 0x0862, 0x0862, 0x0862, 0x0862, 0x0862, 0x0862,
    0x0862, 0x0862, 0x0862, 0x0862, 0x0862, 0x0862, 0x0862, 0x0862, 0x0841, 0x0841, 0x0841, 0x0841,
    0x0841, 0x0841, 0x0841, 0x0841, 0x0841, 0x0841, 0x0841, 0x0841, 0x0841, 0x0841, 0x0841, 0x0841,
    0x0841, 0x0841, 0x0841, 0x0841, 0x0841, 0x0841, 0x0841, 0x0841, 0x0841, 0x0841, 0x0841, 0x0841,
    0x0841, 0x0841, 0x0841, 0x0841, 0x0841, 0x0841, 0x0841, 0x0841, 0x0841, 0x0841, 0x0841, 0x0841,
    0x0841, 0x0841, 0x0841, 0x0841, 0x0841, 0x0841, 0x0841, 0x0841, 0x0841, 0x0841, 0x0841, 0x0841,
    0x0841, 0x0841, 0x0841, 0x0841, 0x0841, 0x0841, 0x0841, 0x0841, 0x0841, 0x0841, 0x0841, 0x0841,
    0x0841, 0x0841, 0x0841, 0x0841, 0x0841, 0x0841, 0x0841, 0x0841, 0x0841, 0x0841, 0x0841, 0x0841,
    0x0841, 0x0841, 0x0841, 0x0841, 0x0841, 0x0841, 0x0841, 0x0841, 0x0841, 0x0841, 0x0841, 0x0841,
    0x0841, 0x0841, 0x0841, 0x0841, 0x0841, 0x0841, 0x0841, 0x0841, 0x0841, 0x0841, 0x0841, 0x0841,
    0x0841, 0x0841, 0x0841, 0x0841, 0x0841, 0x0841, 0x0841, 0x0841, 0x0841, 0x0841, 0x0841, 0x0841,
    0x0841, 0x0841, 0x0841, 0x0841, 0x0841, 0x0841, 0x0841, 0x0841, 0x0841, 0x0841, 0x0841, 0x0841,
    0x0841, 0x0841, 0x0841, 0x0841, 0x0841, 0x0841, 0x0841, 0x0841, 0x0841, 0x0841, 0x0841, 0x0841,
    0x0841, 0x0841, 0x0841, 0x0841, 0x0841, 0x0841, 0x0841, 0x0841, 0x0841, 0x0841, 0x0841, 0x0841,
    0x0841, 0x0841, 0x0841, 0x0841, 0x0841, 0x0841, 0x0841, 0x0841, 0x0841, 0x0841, 0x0841, 0x0841,
    0x0841, 0x0841, 0x0841, 0x0841, 0x0841, 0x0841, 0x0841, 0x0841, 0x0841, 0x0841, 0x0841, 0x0841,
    0x0841, 0x0841, 0x0841, 0x0841, 0x0841, 0x0841, 0x0841, 0x0841, 0x0841, 0x0841, 0x0841, 0x0841,
    0x0841, 0x0841, 0x0841, 0x0841, 0x0841, 0x0841, 0x0841, 0x0841, 0x0841, 0x0841, 0x0841, 0x0841,
    0x0841, 0x0841, 0x0841, 0x0841, 0x0841, 0x0841, 0x0841, 0x0841, 0x0841, 0x0841, 0x0841, 0x0841,
    0x0841, 0x0841, 0x0841, 0x0841, 0x0841, 0x0841, 0x0841, 0x0841, 0x0841, 0x0841, 0x0841, 0x0841,
    0x0841, 0x0841, 0x0841, 0x0841, 0x0841, 0x0841, 0x0841, 0x0841, 0x0841, 0x0841, 0x0841, 0x0841,
    0x0841, 0x0841, 0x0841, 0x0841, 0x0841, 0x0841, 0x0841, 0x0841, 0x0841, 0x0841, 0x0841, 0x0841,
    0x0841, 0x0841, 0x0841, 0x0841, 0x0841, 0x0841, 0x0841, 0x0841, 0x0841, 0x0841, 0x0841, 0x0841,
    0x0841, 0x0841, 0x0841, 0x0841, 0x0841, 0x0841, 0x0841, 0x0841, 0x0841, 0x0841, 0x0841, 0x0841,
    0x0841, 0x0841, 0x0841, 0x0841, 0x0841, 0x0841, 0x0841, 0x0841, 0x0841, 0x0841, 0x0841, 0x0841,
    0x0841, 0x0841, 0x0841, 0x0841, 0x0841, 0x0841, 0x0841, 0x0841, 0x0841, 0x0841, 0x0841, 0x0841,
    0x0841, 0x0841, 0x0841, 0x0841, 0x0841, 0x0841, 0x0841, 0x0841, 0x0841, 0x0841, 0x0841, 0x0841,
    0x0841, 0x0841, 0x0841, 0x0841, 0x0841, 0x0841, 0x0841, 0x0841, 0x0841, 0x0841, 0x0841, 0x0841,
    0x0841, 0x0841, 0x0841, 0x0841, 0x0841, 0x0841, 0x0841, 0x0841, 0x0841, 0x0841, 0x0841, 0x0841,
    0x0841, 0x0841, 0x0841, 0x0841, 0x0841, 0x0841, 0x0841, 0x0841, 0x0841, 0x0841, 0x0841, 0x0841,
    0x0841, 0x0841, 0x0841, 0x0841, 0x0841, 0x0841, 0x0841, 0x0841, 0x0841, 0x0841, 0x0841, 0x0841,
    0x0841, 0x0841, 0x0841, 0x0841, 0x0841, 0x0841, 0x0841, 0x0841, 0x0841, 0x0841, 0x0841, 0x0841,
    0x0841, 0x0841, 0x0841, 0x0841, 0x0841, 0x0841, 0x0841, 0x0841, 0x0841, 0x0841, 0x0841, 0x0841,
    0x0841, 0x0841, 0x0841, 0x0841, 0x0841, 0x0841, 0x0841, 0x0841, 0x0841, 0x0841, 0x0841, 0x0841,
    0x0841, 0x0841, 0x0841, 0x0841, 0x0841, 0x0841, 0x0841, 0x0841, 0x0841, 0x0841, 0x0841, 0x0841,
    0x0841, 0x0841, 0x0841, 0x0841, 0x0841, 0x0841, 0x0841, 0x0841, 0x0841, 0x0841, 0x0841, 0x0841,
    0x0841, 0x0841, 0x0841, 0x0841, 0x0841, 0x0841, 0x0841, 0x0841, 0x0841, 0x0841, 0x0841, 0x0841,
    0x0841, 0x0841, 0x0841, 0x0841, 0x0841, 0x0841, 0x0841, 0x0841, 0x0841, 0x0841, 0x0841, 0x0841,
    0x0841, 0x0841, 0x0841, 0x0841, 0x0841, 0x0841, 0x0841, 0x0841, 0x0841, 0x0841, 0x0841, 0x0841,
    0x0841, 0x0841, 0x0841, 0x0841, 0x0841, 0x0841, 0x0841, 0x0841, 0x0841, 0x0841, 0x0841, 0x0841,
    0x0841, 0x0841, 0x0841, 0x0841, 0x0841, 0x0841, 0x0841, 0x0841, 0x0841, 0x0841, 0x0841, 0x0841,
    0x0841, 0x0841, 0x0841, 0x0841, 0x0841, 0x0841, 0x0841, 0x0841, 0x0841, 0x0841, 0x0841, 0x0841,
    0x0841, 0x0841, 0x0841, 0x0841, 0x0841, 0x0841, 0x0841, 0x0841, 0x0841, 0x0841, 0x0841, 0x0841,
    0x0841, 0x0841, 0x0841, 0x0841, 0x0841, 0x0841, 0x0841, 0x0841, 0x0841, 0x0841, 0x0841, 0x0841,
    0x0841, 0x0841, 0x0841, 0x0841, 0x0841, 0x0841, 0x0841, 0x0841, 0x0841, 0x0841, 0x0841, 0x0841,
    0x0841, 0x0841, 0x0841, 0x0841, 0x0841, 0x0841, 0x0841, 0x0841, 0x0841, 0x0841, 0x0841, 0x0841,
    0x0841, 0x0841, 0x0841, 0x0841, 0x0841, 0x0841, 0x0841, 0x0841, 0x0841, 0x0841, 0x0841, 0x0841,
    0x0841, 0x0841, 0x0841, 0x0841, 0x0841, 0x0841, 0x0841, 0x0841, 0x0841, 0x0841, 0x0841, 0x0841,
    0x0841, 0x0841, 0x0841, 0x0841, 0x0841, 0x0841, 0x0841, 0x0841, 0x0841, 0x0841, 0x0841, 0x0841,
    0x0841, 0x0841, 0x0841, 0x0841, 0x0841, 0x0841, 0x0841, 0x0841, 0x0841, 0x0841, 0x0841, 0x0841,
    0x0841, 0x0841, 0x0841, 0x0841, 0x0841, 0x0841, 0x0841, 0x0841, 0x0841, 0x0841, 0x0841, 0x0841,
    0x0841, 0x0841, 0x0841, 0x0841, 0x0841, 0x0841, 0x0841, 0x0841, 0x0841, 0x0841, 0x0841, 0x0841,
    0x0841, 0x0841, 0x0841, 0x0841, 0x0841, 0x0841, 0x0841, 0x0841, 0x0841, 0x0841, 0x0841, 0x0841,
    0x0841, 0x0841, 0x0841, 0x0841, 0x0841, 0x0841, 0x0841, 0x0841, 0x0841, 0x0841, 0x0841, 0x0841,
    0x0841, 0x0841, 0x0841, 0x0841, 0x0841, 0x0841, 0x0841, 0x0841, 0x0841, 0x0841, 0x0841, 0x0841,
    0x0841, 0x0841, 0x0841, 0x0841, 0x0841, 0x0841, 0x0841, 0x0841, 0x0841, 0x0841, 0x0841, 0x0841,
    0x0841, 0x0841, 0x0841, 0x0841, 0x0841, 0x0841, 0x0841, 0x0841, 0x0841, 0x0841, 0x0841, 0x0841,
    0x0841, 0x0841, 0x0841, 0x0841, 0x0841, 0x0841, 0x0841, 0x0841, 0x0841, 0x0841, 0x0841, 0x0841,
    0x0841, 0x0841, 0x0841, 0x0841, 0x0841, 0x0841, 0x0841, 0x0841, 0x0841, 0x0841, 0x0841, 0x0841,
    0x0841, 0x0841, 0x0841, 0x0841, 0x0841, 0x0841, 0x0841, 0x0841, 0x0841, 0x0841, 0x0841, 0x0841,
    0x0841, 0x0841, 0x0841, 0x0841, 0x0841, 0x0841, 0x0841, 0x0841, 0x0841, 0x0841, 0x0841, 0x0841,
    0x0841, 0x0841, 0x0841, 0x0841, 0x0841, 0x0841, 0x0841, 0x0841, 0x0841, 0x0841, 0x0841, 0x0841,
    0x0841, 0x0841, 0x0841, 0x0841, 0x0841, 0x0841, 0x0841, 0x0841, 0x0841, 0x0841, 0x0841, 0x0841,
    0x0841, 0x0841, 0x0841, 0x0841, 0x0841, 0x0841, 0x0841, 0x0841, 0x0841, 0x0841, 0x0841, 0x0841,
    0x0841, 0x0841, 0x0841, 0x0841, 0x0841, 0x0841, 0x0841, 0x0841, 0x0841, 0x0841, 0x0841, 0x0841,
    0x0841, 0x0841, 0x0841, 0x0841, 0x0841, 0x0841, 0x0841, 0x0841, 0x0841, 0x0841, 0x0841, 0x0841,
    0x0841, 0x0841, 0x0841, 0x0841, 0x0841, 0x0841, 0x0841, 0x0841, 0x0841, 0x0841, 0x0841, 0x0841,
    0x0841, 0x0841, 0x0841, 0x0841, 0x0841, 0x0841, 0x0841, 0x0841, 0x0841, 0x0841, 0x0841, 0x0841,
    0x0841, 0x0841, 0x0841, 0x0841, 0x0841, 0x0841, 0x0841, 0x0841, 0x0841, 0x0841, 0x0841, 0x0841,
    0x0841, 0x0841, 0x0841, 0x0841, 0x0841, 0x0841, 0x0841, 0x0841, 0x0841, 0x0841, 0x0841, 0x0841,
    0x0841, 0x0841, 0x0841, 0x0841, 0x0841, 0x0841, 0x0841, 0x0841, 0x0841, 0x0841, 0x0841, 0x0841,
    0x0841, 0x0841, 0x0841, 0x0841, 0x0841, 0x0841, 0x0841, 0x0841, 0x0841, 0x0841, 0x0841, 0x0841,
    0x0841, 0x0841, 0x0841, 0x0841, 0x0841, 0x0841, 0x0841, 0x0841, 0x0841, 0x0841, 0x0841, 0x0841,
    0x0841, 0x0841, 0x0841, 0x0841, 0x0841, 0x0841, 0x0841, 0x0841, 0x0841, 0x0841, 0x0841, 0x0841,
    0x0841, 0x0841, 0x0841, 0x0841, 0x0841, 0x0841, 0x0841, 0x0841, 0x0841, 0x0841, 0x0841, 0x0841,
    0x0841, 0x0841, 0x0841, 0x0841, 0x0841, 0x0841, 0x0841, 0x0841, 0x0841, 0x0841, 0x0841, 0x0841,
    0x0841, 0x0841, 0x0841, 0x0841, 0x0841, 0x0841, 0x0841, 0x0841, 0x0841, 0x0841, 0x0841, 0x0841,
    0x0841, 0x0841, 0x0841, 0x0841, 0x0841, 0x0841, 0x0841, 0x0841, 0x0841, 0x0841, 0x0841, 0x0841,
    0x0841, 0x0841, 0x0841, 0x0841, 0x0841, 0x0841, 0x0841, 0x0841, 0x0841, 0x0841, 0x0841, 0x0841,
    0x0841, 0x0841, 0x0841, 0x0841, 0x0841, 0x0841, 0x0841, 0x0841, 0x0841, 0x0841, 0x0841, 0x0841,
    0x0841, 0x0841, 0x0841, 0x0841, 0x0841, 0x0841, 0x0841, 0x0841, 0x0841, 0x0841, 0x0841, 0x0841,
    0x0841, 0x0841, 0x0841, 0x0841, 0x0841, 0x0841, 0x0841, 0x0841, 0x0841, 0x0841, 0x0841, 0x0841,
    0x0841, 0x0841, 0x0841, 0x0841, 0x0841, 0x0841, 0x0841, 0x0841, 0x0841, 0x0841, 0x0841, 0x0841,
    0x0841, 0x0841, 0x0841, 0x0841, 0x0841, 0x0841, 0x0841, 0x0841, 0x0841, 0x0841, 0x0841, 0x0841,
    0x0841, 0x0841, 0x0841, 0x0841, 0x0841, 0x0841, 0x0841, 0x0841, 0x0841, 0x0841, 0x0841, 0x0841,
    0x0841, 0x0841, 0x0841, 0x0841, 0x0841, 0x0841, 0x0841, 0x0841, 0x0841, 0x0841, 0x0841, 0x0841,
    0x0841, 0x0841, 0x0841, 0x0841, 0x0841, 0x0841, 0x0841, 0x0841, 0x0841, 0x0841, 0x0841, 0x0841,
    0x0841, 0x0841, 0x0841, 0x0841, 0x0841, 0x0841, 0x0841, 0x0841, 0x0841, 0x0841, 0x0841, 0x0841,
    0x0841, 0x0841, 0x0841, 0x0841, 0x0841, 0x0841, 0x0841, 0x0841, 0x0841, 0x0841, 0x0841, 0x0841,
    0x0841, 0x0841, 0x0841, 0x0841, 0x0841, 0x0841, 0x0841, 0x0841, 0x0841, 0x0841, 0x0841, 0x0841,
    0x0841, 0x0841, 0x0841, 0x0841, 0x0841, 0x0841, 0x0841, 0x0841, 0x0841, 0x0841, 0x0841, 0x0841,
    0x0841, 0x0841, 0x0841, 0x0841, 0x0841, 0x0841, 0x0841, 0x0841, 0x0841, 0x0841, 0x0841, 0x0841,
    0x0841, 0x0841, 0x0841, 0x0841, 0x0841, 0x0841, 0x0841, 0x0841, 0x0841, 0x0841, 0x0841, 0x0841,
    0x0841, 0x0841, 0x0841, 0x0841, 0x0841, 0x0841, 0x0841, 0x0841, 0x0841, 0x0841, 0x0841, 0x0841,
    0x0841, 0x0841, 0x0841, 0x0841, 0x0841, 0x0841, 0x0841, 0x0841, 0x0841, 0x0841, 0x0841, 0x0841,
    0x0841, 0x0841, 0x0841, 0x0841, 0x0841, 0x0841, 0x0841, 0x0841, 0x0841, 0x0841, 0x0841, 0x0841,
    0x0841, 0x0841, 0x0841, 0x0841, 0x0841, 0x0841, 0x0841, 0x0841, 0x0841, 0x0841, 0x0841, 0x0841,
    0x0841, 0x0841, 0x0841, 0x0841, 0x0841, 0x0841, 0x0841, 0x0841, 0x0841, 0x0841, 0x0841, 0x0841,
    0x0841, 0x0841, 0x0841, 0x0841, 0x0841, 0x0841, 0x0841, 0x0841, 0x0841, 0x0841, 0x0841, 0x0841,
    0x0841, 0x0841, 0x0841, 0x0841, 0x0841, 0x0841, 0x0841, 0x0841, 0x0841, 0x0841, 0x0841, 0x0841,
    0x0841, 0x0841, 0x0841, 0x0841, 0x0841, 0x0841, 0x0841, 0x0841, 0x0841, 0x0841, 0x0841, 0x0841,
    0x0841, 0x0841, 0x0841, 0x0841, 0x0841, 0x0841, 0x0841, 0x0841, 0x0841, 0x0841, 0x0841, 0x0841,
    0x0841, 0x0841, 0x0841, 0x0841, 0x0841, 0x0841, 0x0841, 0x0841, 0x0841, 0x0841, 0x0841, 0x0841,
    0x0841, 0x0841, 0x0841, 0x0841, 0x0841, 0x0841, 0x0841, 0x0841, 0x0841, 0x0841, 0x0841, 0x0841,
    0x0841, 0x0841, 0x0841, 0x0841, 0x0841, 0x0841, 0x0841, 0x0841, 0x0841, 0x0841, 0x0841, 0x0841,
    0x0841, 0x0841, 0x0841, 0x0841, 0x0841, 0x0841, 0x0841, 0x0841, 0x0841, 0x0841, 0x0841, 0x0841,
    0x0841, 0x0841, 0x0841, 0x0841, 0x0841, 0x0841, 0x0841, 0x0841, 0x0841, 0x0841, 0x0841, 0x0841,
    0x0841, 0x0841, 0x0841, 0x0841, 0x0841, 0x0841, 0x0841, 0x0841, 0x0841, 0x0841, 0x0841, 0x0841,
    0x0841, 0x0841, 0x0841, 0x0841, 0x0841, 0x0841, 0x0841, 0x0841, 0x0841, 0x0841, 0x0841, 0x0841,
    0x0841, 0x0841, 0x0841, 0x0841, 0x0841, 0x0841, 0x0841, 0x0841, 0x0841, 0x0841, 0x0841, 0x0841,
    0x0841, 0x0841, 0x0841, 0x0841, 0x0841, 0x0841, 0x0841, 0x0841, 0x0841, 0x0841, 0x0841, 0x0841,
    0x0841, 0x0841, 0x0841, 0x0841, 0x0841, 0x0841, 0x0841, 0x0841, 0x0841, 0x0841, 0x0841, 0x0841,
    0x0841, 0x0841, 0x0841, 0x0841, 0x0841, 0x0841, 0x0841, 0x0841, 0x0841, 0x0841, 0x0841, 0x0841,
    0x0841, 0x0841, 0x0841, 0x0841, 0x0841, 0x0841, 0x0841, 0x0841, 0x0841, 0x0841, 0x0841, 0x0841,
    0x0841, 0x0841, 0x0841, 0x0841, 0x0841, 0x0841, 0x0841, 0x0841, 0x0841, 0x0841, 0x0841, 0x0841,
    0x0841, 0x0841, 0x0841, 0x0841, 0x0841, 0x0841, 0x0841, 0x0841, 0x0841, 0x0841, 0x0841, 0x0841,
    0x0841, 0x0841, 0x0841, 0x0841, 0x0841, 0x0841, 0x0841, 0x0841, 0x0841, 0x0841, 0x0841, 0x0841,
    0x0841, 0x0841, 0x0841, 0x0841, 0x0841, 0x0841, 0x0841, 0x0841, 0x0841, 0x0841, 0x0841, 0x0841,
    0x0841, 0x0841, 0x0841, 0x0841, 0x0841, 0x0841, 0x0841, 0x0841, 0x0841, 0x0841, 0x0841, 0x0841,
    0x0841, 0x0841, 0x0841, 0x0841, 0x0841, 0x0841, 0x0841, 0x0841, 0x0841, 0x0841, 0x0841, 0x0841,
    0x0841, 0x0841, 0x0841, 0x0841, 0x0841, 0x0841, 0x0841, 0x0841, 0x0841, 0x0841, 0x0841, 0x0841,
    0x0841, 0x0841, 0x0841, 0x0841, 0x0841, 0x0841, 0x0841, 0x0841, 0x0841, 0x0841, 0x0841, 0x0841,
    0x0841, 0x0841, 0x0841, 0x0841, 0x0841, 0x0841, 0x0841, 0x0841, 0x0841, 0x0841, 0x0841, 0x0841,
    0x0841, 0x0841, 0x0841, 0x0841, 0x0841, 0x0841, 0x0841, 0x0841, 0x0841, 0x0841, 0x0841, 0x0841,
    0x0841, 0x0841, 0x0841, 0x0841, 0x0841, 0x0841, 0x0841, 0x0841, 0x0841, 0x0841, 0x0841, 0x0841,
    0x0841, 0x0841, 0x0841, 0x0841, 0x0841, 0x0841, 0x0841, 0x0841, 0x0841, 0x0841, 0x0841, 0x0841,
    0x0841, 0x0841, 0x0841, 0x0841, 0x0841, 0x0841, 0x0841, 0x0841, 0x0841, 0x0841, 0x0841, 0x0841,
    0x0841, 0x0841, 0x0841, 0x0841, 0x0841, 0x0841, 0x0841, 0x0841, 0x0841, 0x0841, 0x0841, 0x0841,
    0x0841, 0x0841, 0x0841, 0x0841, 0x0841, 0x0841, 0x0841, 0x0841, 0x0841, 0x0841, 0x0841, 0x0841,
    0x0841, 0x0841, 0x0841, 0x0841, 0x0841, 0x0841, 0x0841, 0x0841, 0x0841, 0x0841, 0x0841, 0x0841,
    0x0841, 0x0841, 0x0841, 0x0841, 0x0841, 0x0841, 0x0841, 0x0841, 0x0841, 0x0841, 0x0841, 0x0841,
    0x0841, 0x0841, 0x0841, 0x0841, 0x0841, 0x0841, 0x0841, 0x0841, 0x0841, 0x0841, 0x0841, 0x0841,
    0x0841, 0x0841, 0x0841, 0x0841, 0x0841, 0x0841, 0x0841, 0x0841, 0x0841, 0x0841, 0x0841, 0x0841,
    0x0841, 0x0841, 0x0841, 0x0841, 0x0841, 0x0841, 0x0841, 0x0841, 0x0841, 0x0841, 0x0841, 0x0841,
    0x0841, 0x0841, 0x0841, 0x0841, 0x0841, 0x0841, 0x0841, 0x0841, 0x0841, 0x0841, 0x0841, 0x0841,
    0x0841, 0x0841, 0x0841, 0x0841, 0x0841, 0x0841, 0x0841, 0x0841, 0x0841, 0x0841, 0x0841, 0x0841,
    0x0841, 0x0841, 0x0841, 0x0841, 0x0841, 0x0841, 0x0841, 0x0841, 0x0841, 0x0841, 0x0841, 0x0841,
    0x0841, 0x0841, 0x0841, 0x0841, 0x0841, 0x0841, 0x0841, 0x0841, 0x0841, 0x0841, 0x0841, 0x0841,
    0x0841, 0x0841, 0x0841, 0x0841, 0x0841, 0x0841, 0x0841, 0x0841, 0x0841, 0x0841, 0x0841, 0x0841,
    0x0841, 0x0841, 0x0841, 0x0841, 0x0841, 0x0841, 0x0841, 0x0841, 0x0841, 0x0841, 0x0841, 0x0841,
    0x0841, 0x0841, 0x0841, 0x0841, 0x0841, 0x0841, 0x0841, 0x0841, 0x0841, 0x0841, 0x0841, 0x0841,
    0x0841, 0x0841, 0x0841, 0x0841, 0x0841, 0x0841, 0x0841, 0x0841, 0x0841, 0x0841, 0x0841, 0x0841,
    0x0841, 0x0841, 0x0841, 0x0841, 0x0841, 0x0841, 0x0841, 0x0841, 0x0841, 0x0841, 0x0841, 0x0841,
    0x0841, 0x0841, 0x0841, 0x0841, 0x0841, 0x0841, 0x0841, 0x0841, 0x0841, 0x0841, 0x0841, 0x0841,
    0x0841, 0x0841, 0x0841, 0x0841, 0x0841, 0x0841, 0x0841, 0x0841, 0x0841, 0x0841, 0x0841, 0x0841,
    0x0841, 0x0841, 0x0841, 0x0841, 0x0841, 0x0841, 0x0841, 0x0841, 0x0841, 0x0841, 0x0841, 0x0841,
    0x0841, 0x0841, 0x0841, 0x0841, 0x0841, 0x0841, 0x0841, 0x0841, 0x0841, 0x0841, 0x0841, 0x0841,
    0x0841, 0x0841, 0x0841, 0x0841, 0x0841, 0x0841, 0x0841, 0x0841, 0x0841, 0x0841, 0x0841, 0x0841,
    0x0841, 0x0841, 0x0841, 0x0841, 0x0841, 0x0841, 0x0841, 0x0841, 0x0841, 0x0841, 0x0841, 0x0841,
    0x0841, 0x0841, 0x0841, 0x0841, 0x0841, 0x0841, 0x0841, 0x0841, 0x0841, 0x0841, 0x0841, 0x0841,
    0x0841, 0x0841, 0x0841, 0x0841, 0x0841, 0x0841, 0x0841, 0x0841, 0x0841, 0x0841, 0x0841, 0x0841,
    0x0841, 0x0841, 0x0841, 0x0841, 0x0841, 0x0841, 0x0841, 0x0841, 0x0841, 0x0841, 0x0841, 0x0841,
    0x0841, 0x0841, 0x0841, 0x0841, 0x0841, 0x0841, 0x0841, 0x0841, 0x0841, 0x0841, 0x0841, 0x0841,
    0x0841, 0x0841, 0x0841, 0x0841, 0x0841, 0x0841, 0x0841, 0x0841, 0x0841, 0x0841, 0x0841, 0x0841,
    0x0841, 0x0841, 0x0841, 0x0841, 0x0841, 0x0841, 0x0841, 0x0841, 0x0841, 0x0841, 0x0841, 0x0841,
    0x0841, 0x0841, 0x0841, 0x0841, 0x0841, 0x0841, 0x0841, 0x0841, 0x0841, 0x0841, 0x0841, 0x0841,
    0x0841, 0x0841, 0x0841, 0x0841, 0x0841, 0x0841, 0x0841, 0x0841, 0x0841, 0x0841, 0x0841, 0x0841,
    0x0841, 0x0841, 0x0841, 0x0841, 0x0841, 0x0841, 0x0841, 0x0841, 0x0841, 0x0841, 0x0841, 0x0841,
    0x0841, 0x0841, 0x0841, 0x0841, 0x0841, 0x0841, 0x0841, 0x0841, 0x0841, 0x0841, 0x0841, 0x0841,
    0x0841, 0x0841, 0x0841, 0x0841, 0x0841, 0x0841, 0x0841, 0x0841, 0x0841, 0x0841, 0x0841, 0x0841,
    0x0841, 0x0841, 0x0841, 0x0841, 0x0841, 0x0841, 0x0841, 0x0841, 0x0841, 0x0841, 0x0841, 0x0841,
    0x0841, 0x0841, 0x0841, 0x0841, 0x0841, 0x0841, 0x0841, 0x0841, 0x0841, 0x0841, 0x0841, 0x0841,
    0x0841, 0x0841, 0x0841, 0x0841, 0x0841, 0x0841, 0x0841, 0x0841, 0x0841, 0x0841, 0x0841, 0x0841,
    0x0841, 0x0841, 0x0841, 0x0841, 0x0841, 0x0841, 0x0841, 0x0841, 0x0841, 0x0841, 0x0841, 0x0841,
    0x0841, 0x0841, 0x0841, 0x0841, 0x0841, 0x0841, 0x0841, 0x0841, 0x0841, 0x0841, 0x0841, 0x0841,
    0x0841, 0x0841, 0x0841, 0x0841, 0x0841, 0x0841, 0x0841, 0x0841, 0x0841, 0x0841, 0x0841, 0x0841,
    0x0841, 0x0841, 0x0841, 0x0841, 0x0841, 0x0841, 0x0841, 0x0841, 0x0841, 0x0841, 0x0841, 0x0841,
    0x0841, 0x0841, 0x0841, 0x0841, 0x0841, 0x0841, 0x0841, 0x0841, 0x0841, 0x0841, 0x0841, 0x0841,
    0x0841, 0x0841, 0x0841, 0x0841, 0x0841, 0x0841, 0x0841, 0x0841, 0x0841, 0x0841, 0x0841, 0x0841,
    0x0841, 0x0841, 0x0841, 0x0841, 0x0841, 0x0841, 0x0841, 0x0841, 0x0841, 0x0841, 0x0841, 0x0841,
    0x0841, 0x0841, 0x0841, 0x0841, 0x0841, 0x0841, 0x0841, 0x0841, 0x0841, 0x0841, 0x0841, 0x0841,
    0x0841, 0x0841, 0x0841, 0x0841, 0x0841, 0x0841, 0x0841, 0x0841, 0x0841, 0x0841, 0x0841, 0x0841,
    0x0841, 0x0841, 0x0841, 0x0841, 0x0841, 0x0841, 0x0841, 0x0841, 0x0841, 0x0841, 0x0841, 0x0841,
    0x0841, 0x0841, 0x0841, 0x0841, 0x0841, 0x0841, 0x0841, 0x0841, 0x0841, 0x0841, 0x0841, 0x0841,
    0x0841, 0x0841, 0x0841, 0x0841, 0x0841, 0x0841, 0x0841, 0x0841, 0x0841, 0x0841, 0x0841, 0x0841,
    0x0841, 0x0841, 0x0841, 0x0841, 0x0841, 0x0841, 0x0841, 0x0841, 0x0841, 0x0841, 0x0841, 0x0841,
    0x0841, 0x0841, 0x0841, 0x0841, 0x0841, 0x0841, 0x0841, 0x0841, 0x0841, 0x0841, 0x0841, 0x0841,
    0x0841, 0x0841, 0x0841, 0x0841, 0x0841, 0x0841, 0x0841, 0x0841, 0x0841, 0x0841, 0x0841, 0x0841,
    0x0841, 0x0841, 0x0841, 0x0841, 0x0841, 0x0841, 0x0841, 0x0841, 0x0841, 0x0841, 0x0841, 0x0841,
    0x0841, 0x0841, 0x0841, 0x0841, 0x0841, 0x0841, 0x0841, 0x0841, 0x0841, 0x0841, 0x0841, 0x0841,
    0x0841, 0x0841, 0x0841, 0x0841, 0x0841, 0x0841, 0x0841, 0x0841, 0x0841, 0x0841, 0x0841, 0x0841,
    0x0841, 0x0841, 0x0841, 0x0841, 0x0841, 0x0841, 0x0841, 0x0841, 0x0841, 0x0841, 0x0841, 0x0841,
    0x0841, 0x0841, 0x0841, 0x0841, 0x0841, 0x0841, 0x0841, 0x0841, 0x0841, 0x0841, 0x0841, 0x0841,
    0x0841, 0x0841, 0x0841, 0x0841, 0x0841, 0x0841, 0x0841, 0x0841, 0x0841, 0x0841, 0x0841, 0x0841,
    0x0841, 0x0841, 0x0841, 0x0841, 0x0841, 0x0841, 0x0841, 0x0841, 0x0841, 0x0841, 0x0841, 0x0841,
    0x0841, 0x0841, 0x0841, 0x0841, 0x0841, 0x0841, 0x0841, 0x0841, 0x0841, 0x0841, 0x0841, 0x0841,
    0x0841, 0x0841, 0x0841, 0x0841, 0x0841, 0x0841, 0x0841, 0x0841, 0x0841, 0x0841, 0x0841, 0x0841,
    0x0841, 0x0841, 0x0841, 0x0841, 0x0841, 0x0841, 0x0841, 0x0841, 0x0841, 0x0841, 0x0841, 0x0841,
    0x0841, 0x0841, 0x0841, 0x0841, 0x0841, 0x0841, 0x0841, 0x0841, 0x0841, 0x0841, 0x0841, 0x0841,
    0x0841, 0x0841, 0x0841, 0x0841, 0x0841, 0x0841, 0x0841, 0x0841, 0x0841, 0x0841, 0x0841, 0x0841,
    0x0841, 0x0841, 0x0841, 0x0841, 0x0841, 0x0841, 0x0841, 0x0841, 0x0841, 0x0841, 0x0841, 0x0841,
    0x0841, 0x0841, 0x0841, 0x0841, 0x0841, 0x0841, 0x0841, 0x0841, 0x0841, 0x0841, 0x0841, 0x0841,
    0x0841, 0x0841, 0x0841, 0x0841, 0x0841, 0x0841, 0x0841, 0x0841, 0x0841, 0x0841, 0x0841, 0x0841,
    0x0841, 0x0841, 0x0841, 0x0841, 0x0841, 0x0841, 0x0841, 0x0841, 0x0841, 0x0841, 0x0841, 0x0841,
    0x0841, 0x0841, 0x0841, 0x0841, 0x0841, 0x0841, 0x0841, 0x0841, 0x0841, 0x0841, 0x0841, 0x0841,
    0x0841, 0x0841, 0x0841, 0x0841, 0x0841, 0x0841, 0x0841, 0x0841, 0x0841, 0x0841, 0x0841, 0x0841,
    0x0841, 0x0841, 0x0841, 0x0841, 0x0841, 0x0841, 0x0841, 0x0841, 0x0841, 0x0841, 0x0841, 0x0841,
    0x0841, 0x0841, 0x0841, 0x0841, 0x0841, 0x0841, 0x0841, 0x0841, 0x0841, 0x0841, 0x0841, 0x0841,
    0x0841, 0x0841, 0x0841, 0x0841, 0x0841, 0x0841, 0x0841, 0x0841, 0x0841, 0x0841, 0x0841, 0x0841,
    0x0841, 0x0841, 0x0841, 0x0841, 0x0841, 0x0841, 0x0841, 0x0841, 0x0841, 0x0841, 0x0841, 0x0841,
    0x0841, 0x0841, 0x0841, 0x0841, 0x0841, 0x0841, 0x0841, 0x0841, 0x0841, 0x0841, 0x0841, 0x0841,
    0x0841, 0x0841, 0x0841, 0x0841, 0x0841, 0x0841, 0x0841, 0x0841, 0x0841, 0x0841, 0x0841, 0x0841,
    0x0841, 0x0841, 0x0841, 0x0841, 0x0841, 0x0841, 0x0841, 0x0841, 0x0841, 0x0841, 0x0841, 0x0841,
    0x0841, 0x0841, 0x0841, 0x0841, 0x0841, 0x0841, 0x0841, 0x0841, 0x0841, 0x0841, 0x0841, 0x0841,
    0x0841, 0x0841, 0x0841, 0x0841, 0x0841, 0x0841, 0x0841, 0x0841, 0x0841, 0x0841, 0x0841, 0x0841,
    0x0841, 0x0841, 0x0841, 0x0841, 0x0841, 0x0841, 0x0841, 0x0841, 0x0841, 0x0841, 0x0841, 0x0841,
    0x0841, 0x0841, 0x0841, 0x0841, 0x0841, 0x0841, 0x0841, 0x0841, 0x0841, 0x0841, 0x0841, 0x0841,
    0x0841, 0x0841, 0x0841, 0x0841, 0x0841, 0x0841, 0x0841, 0x0841, 0x0841, 0x0841, 0x0841, 0x0841,
    0x0841, 0x0841, 0x0841, 0x0841, 0x0841, 0x0841, 0x0841, 0x0841, 0x0841, 0x0841, 0x0841, 0x0841,
    0x0841, 0x0841, 0x0841, 0x0841, 0x0841, 0x0841, 0x0841, 0x0841, 0x0841, 0x0841, 0x0841, 0x0841,
    0x0841, 0x0841, 0x0841, 0x0841, 0x0841, 0x0841, 0x0841, 0x0841, 0x0841, 0x0841, 0x0841, 0x0841,
    0x0841, 0x0841, 0x0841, 0x0841, 0x0841, 0x0841, 0x0841, 0x0841, 0x0841, 0x0841, 0x0841, 0x0841,
    0x0841, 0x0841, 0x0841, 0x0841, 0x0841, 0x0841, 0x0841, 0x0841, 0x0841, 0x0841, 0x0841, 0x0841,
    0x0841, 0x0841, 0x0841, 0x0841, 0x0841, 0x0841, 0x0841, 0x0841, 0x0841, 0x0841, 0x0841, 0x0841,
    0x0841, 0x0841, 0x0841, 0x0841, 0x0841, 0x0841, 0x0841, 0x0841, 0x0841, 0x0841, 0x0841, 0x0841,
    0x0841, 0x0841, 0x0841, 0x0841, 0x0841, 0x0841, 0x0841, 0x0841, 0x0841, 0x0841, 0x0841, 0x0841,
    0x0841, 0x0841, 0x0841, 0x0841, 0x0841, 0x0841, 0x0841, 0x0841, 0x0841, 0x0841, 0x0841, 0x0841,
    0x0841, 0x0841, 0x0841, 0x0841, 0x0841, 0x0841, 0x0841, 0x0841, 0x0841, 0x0841, 0x0841, 0x0841,
    0x0841, 0x0841, 0x0841, 0x0841, 0x0841, 0x0841, 0x0841, 0x0841, 0x0841, 0x0841, 0x0841, 0x0841,
    0x0841, 0x0841, 0x0841, 0x0841, 0x0841, 0x0841, 0x0841, 0x0841, 0x0841, 0x0841, 0x0841, 0x0841,
    0x0841, 0x0841, 0x0841, 0x0841, 0x0841, 0x0841, 0x0841, 0x0841, 0x0841, 0x0841, 0x0841, 0x0841,
    0x0841, 0x0841, 0x0841, 0x0841, 0x0841, 0x0841, 0x0841, 0x0841, 0x0841, 0x0841, 0x0841, 0x0841,
    0x0841, 0x0841, 0x0841, 0x0841, 0x0841, 0x0841, 0x0841, 0x0841, 0x0841, 0x0841, 0x0841, 0x0841,
    0x0841, 0x0841, 0x0841, 0x0841, 0x0841, 0x0841, 0x0841, 0x0841, 0x0841, 0x0841, 0x0841, 0x0841,
    0x0841, 0x0841, 0x0841, 0x0841, 0x0841, 0x0841, 0x0841, 0x0841, 0x0841, 0x0841, 0x0841, 0x0841,
    0x0841, 0x0841, 0x0841, 0x0841, 0x0841, 0x0841, 0x0841, 0x0841, 0x0841, 0x0841, 0x0841, 0x0841,
    0x0841, 0x0841, 0x0841, 0x0841, 0x0841, 0x0841, 0x0841, 0x0841, 0x0841, 0x0841, 0x0841, 0x0841,
    0x0841, 0x0841, 0x0841, 0x0841, 0x0841, 0x0841, 0x0841, 0x0841, 0x0841, 0x0841, 0x0841, 0x0841,
    0x0841, 0x0841, 0x0841, 0x0841, 0x0841, 0x0841, 0x0841, 0x0841, 0x0841, 0x0841, 0x0841, 0x0841,
    0x0841, 0x0841, 0x0841, 0x0841, 0x0841, 0x0841, 0x0841, 0x0841, 0x0841, 0x0841, 0x0841, 0x0841,
    0x0841, 0x0841, 0x0841, 0x0841, 0x0841, 0x0841, 0x0841, 0x0841, 0x0841, 0x0841, 0x0841, 0x0841,
    0x0841, 0x0841, 0x0841, 0x0841, 0x0841, 0x0841, 0x0841, 0x0841, 0x0841, 0x0841, 0x0841, 0x0841,
    0x0841, 0x0841, 0x0841, 0x0841, 0x0841, 0x0841, 0x0841, 0x0841, 0x0841, 0x0841, 0x0841, 0x0841,
    0x0841, 0x0841, 0x0841, 0x0841, 0x0841, 0x0841, 0x0841, 0x0841, 0x0841, 0x0841, 0x0841, 0x0841,
    0x0841, 0x0841, 0x0841, 0x0841, 0x0841, 0x0841, 0x0841, 0x0841, 0x0841, 0x0841, 0x0841, 0x0841,
    0x0841, 0x0841, 0x0841, 0x0841, 0x0841, 0x0841, 0x0841, 0x0841, 0x0841, 0x0841, 0x0841, 0x0841,
    0x0841, 0x0841, 0x0841, 0x0841, 0x0841, 0x0841, 0x0841, 0x0841, 0x0841, 0x0841, 0x0841, 0x0841,
    0x0841, 0x0841, 0x0841, 0x0841, 0x0841, 0x0841, 0x0841, 0x0841, 0x0841, 0x0841, 0x0841, 0x0841,
    0x0841, 0x0841, 0x0841, 0x0841, 0x0841, 0x0841, 0x0841, 0x0841, 0x0841, 0x0841, 0x0841, 0x0841,
    0x0841, 0x0841, 0x0841, 0x0841, 0x0841, 0x0841, 0x0841, 0x0841, 0x0841, 0x0841, 0x0841, 0x0841,
    0x0841, 0x0841, 0x0841, 0x0841, 0x0841, 0x0841, 0x0841, 0x0841, 0x0841, 0x0841, 0x0841, 0x0841,
    0x0841, 0x0841, 0x0841, 0x0841, 0x0841, 0x0841, 0x0841, 0x0841, 0x0841, 0x0841, 0x0841, 0x0841,
    0x0841, 0x0841, 0x0841, 0x0841, 0x0841, 0x0841, 0x0841, 0x0841, 0x0841, 0x0841, 0x0841, 0x0841,
    0x0841, 0x0841, 0x0841, 0x0841, 0x0841, 0x0841, 0x0841, 0x0841, 0x0841, 0x0841, 0x0841, 0x0841,
    0x0841, 0x0841, 0x0841, 0x0841, 0x0841, 0x0841, 0x0841, 0x0841, 0x0841, 0x0841, 0x0841, 0x0841,
    0x0841, 0x0841, 0x0841, 0x0841, 0x0841, 0x0841, 0x0841, 0x0841, 0x0841, 0x0841, 0x0841, 0x0841,
    0x0841, 0x0841, 0x0841, 0x0841, 0x0841, 0x0841, 0x0841, 0x0841, 0x0841, 0x0841, 0x0841, 0x0841,
    0x0841, 0x0841, 0x0841, 0x0841, 0x0841, 0x0841, 0x0841, 0x0841, 0x0841, 0x0841, 0x0841, 0x0841,
    0x0841, 0x0841, 0x0841, 0x0841, 0x0841, 0x0841, 0x0841, 0x0841, 0x0841, 0x0841, 0x0841, 0x0841,
    0x0841, 0x0841, 0x0841, 0x0841, 0x0841, 0x0841, 0x0841, 0x0841, 0x0841, 0x0841, 0x0841, 0x0841,
    0x0841, 0x0841, 0x0841, 0x0841, 0x0841, 0x0841, 0x0841, 0x0841, 0x0841, 0x0841, 0x0841, 0x0841,
    0x0841, 0x0841, 0x0841, 0x0841, 0x0841, 0x0841, 0x0841, 0x0841, 0x0841, 0x0841, 0x0841, 0x0841,
    0x0841, 0x0841, 0x0841, 0x0841, 0x0841, 0x0841, 0x0841, 0x0841, 0x0841, 0x0841, 0x0841, 0x0841,
    0x0841, 0x0841, 0x0841, 0x0841, 0x0841, 0x0841, 0x0841, 0x0841, 0x0841, 0x0841, 0x0841, 0x0841,
    0x0841, 0x0841, 0x0841, 0x0841, 0x0841, 0x0841, 0x0841, 0x0841, 0x0841, 0x0841, 0x0841, 0x0841,
    0x0841, 0x0841, 0x0841, 0x0841, 0x0841, 0x0841, 0x0841, 0x0841, 0x0841, 0x0841, 0x0841, 0x0841,
    0x0841, 0x0841, 0x0841, 0x0841,
};

const lv_image_dsc_t bot_lab_icon = {
    .header = {.magic = LV_IMAGE_HEADER_MAGIC,
               .cf = LV_COLOR_FORMAT_RGB565,
               .flags = 0,
               .w = 200,
               .h = 200,
               .stride = 400,
               .reserved_2 = 0},
    .data_size = 200 * 200 * sizeof(uint16_t),
    .data = reinterpret_cast<const uint8_t*>(bot_lab_icon_map),
    .reserved = nullptr,
    .reserved_2 = nullptr,
};

