ESP-ROM:esp32s3-20210327
Build:Mar 27 2021
rst:0x15 (USB_UART_CHIP_RESET),boot:0xb (SPI_FAST_FLASH_BOOT)
Saved PC:0x40056f60
SPIWP:0xee
mode:DIO, clock div:1
load:0x3fce2820,len:0x14f0
load:0x403c8700,len:0xd24
load:0x403cb700,len:0x2ef0
entry 0x403c8924
I (24) boot: ESP-IDF v5.5.4 2nd stage bootloader
I (24) boot: compile time Aug 20 2026 22:56:47
I (25) boot: Multicore bootloader
I (25) boot: chip revision: v0.2
I (27) boot: efuse block revision: v1.4
I (31) boot.esp32s3: Boot SPI Speed : 80MHz
I (35) boot.esp32s3: SPI Mode       : DIO
I (39) boot.esp32s3: SPI Flash Size : 16MB
I (43) boot: Enabling RNG early entropy source...
I (47) boot: Partition Table:
I (50) boot: ## Label            Usage          Type ST Offset   Length
I (56) boot:  0 nvs              WiFi data        01 02 00009000 00004000
I (62) boot:  1 otadata          OTA data         01 00 0000d000 00002000
I (69) boot:  2 phy_init         RF data          01 01 0000f000 00001000
I (75) boot:  3 ota_0            OTA app          00 10 00020000 004f0000
I (82) boot:  4 ota_1            OTA app          00 11 00510000 004f0000
I (89) boot:  5 storage          Unknown data     01 81 00a00000 00400000
I (95) boot:  6 coredump         Unknown data     01 03 00e00000 00010000
I (102) boot: End of partition table
I (105) esp_image: segment 0: paddr=00020020 vaddr=3c1d0020 size=2cadf4h (2928116) map
I (628) esp_image: segment 1: paddr=002eae1c vaddr=3fc9e900 size=051fch ( 20988) load
I (633) esp_image: segment 2: paddr=002f0020 vaddr=42000020 size=1cd484h (1889412) map
I (966) esp_image: segment 3: paddr=004bd4ac vaddr=3fca3afc size=007c0h (  1984) load
I (967) esp_image: segment 4: paddr=004bdc74 vaddr=40374000 size=1a87ch (108668) load
I (994) esp_image: segment 5: paddr=004d84f8 vaddr=50000000 size=00020h (    32) load
I (1005) boot: Loaded app from partition at offset 0x20000
I (1005) boot: Disabling RNG early entropy source...
I (1015) octal_psram: vendor id    : 0x0d (AP)
I (1015) octal_psram: dev id       : 0x02 (generation 3)
I (1016) octal_psram: density      : 0x03 (64 Mbit)
I (1018) octal_psram: good-die     : 0x01 (Pass)
I (1022) octal_psram: Latency      : 0x01 (Fixed)
I (1026) octal_psram: VCC          : 0x01 (3V)
I (1031) octal_psram: SRF          : 0x01 (Fast Refresh)
I (1036) octal_psram: BurstType    : 0x01 (Hybrid Wrap)
I (1041) octal_psram: BurstLen     : 0x01 (32 Byte)
I (1045) octal_psram: Readlatency  : 0x02 (10 cycles@Fixed)
I (1051) octal_psram: DriveStrength: 0x00 (1/1)
I (1055) MSPI Timing: Enter psram timing tuning
I (1060) esp_psram: Found 8MB PSRAM device
I (1063) esp_psram: Speed: 80MHz
I (1066) cpu_start: Multicore app
I (1502) esp_psram: SPI SRAM memory test OK
I (1510) cpu_start: GPIO 44 and 43 are used as console UART I/O pins
I (1511) cpu_start: Pro cpu start user code
I (1511) cpu_start: cpu freq: 240000000 Hz
I (1512) app_init: Application information:
I (1516) app_init: Project name:     StopWatch-UserDemo
I (1521) app_init: App version:      V0.5-146-g7b9aaaa-dirty
I (1527) app_init: Compile time:     Sep 10 2026 09:50:20
I (1532) app_init: ELF file SHA256:  ed83f0d67...
I (1536) app_init: ESP-IDF:          v5.5.4
I (1540) efuse_init: Min chip rev:     v0.0
I (1544) efuse_init: Max chip rev:     v0.99 
I (1548) efuse_init: Chip rev:         v0.2
I (1552) heap_init: Initializing. RAM available for dynamic allocation:
I (1558) heap_init: At 3FCADF68 len 0003B7A8 (237 KiB): RAM
I (1564) heap_init: At 3FCE9710 len 00005724 (21 KiB): RAM
I (1569) heap_init: At 3FCF0000 len 00008000 (32 KiB): DRAM
I (1574) heap_init: At 600FE000 len 00001FE8 (7 KiB): RTCRAM
I (1580) esp_psram: Adding pool of 8192K of PSRAM memory to heap allocator
I (1587) spi_flash: detected chip: generic
I (1590) spi_flash: flash io: dio
I (1594) sleep_gpio: Configure to isolate all GPIO pins in sleep state
I (1600) sleep_gpio: Enable automatic switching of GPIO sleep configuration
I (1606) main_task: Started on CPU0
I (1609) esp_psram: Reserving pool of 32K of internal memory for DMA/internal allocations
I (1617) main_task: Calling app_main()
[1789024917354] [[32minfo[0m] [HAL] creating hal instance
[1789024917360] [[32minfo[0m] [HAL] init
[1789024917372] [[32minfo[0m] [HAL] i2c init
E (1639) i2c.master: this port has not been initialized, please initialize it first
I (1642) i2c_bus: i2c0 bus inited
I (1644) i2c_bus: I2C Bus V2 Config Succeed, Version: 1.5.0
E (1702) i2c.master: I2C transaction timeout detected
E (1702) i2c.master: probe device timeout. Please check if xfer_timeout_ms and pull-ups are correctly set up
E (1754) i2c.master: I2C transaction timeout detected
E (1755) i2c.master: probe device timeout. Please check if xfer_timeout_ms and pull-ups are correctly set up
E (1807) i2c.master: I2C transaction timeout detected
E (1807) i2c.master: probe device timeout. Please check if xfer_timeout_ms and pull-ups are correctly set up
E (1859) i2c.master: I2C transaction timeout detected
E (1859) i2c.master: probe device timeout. Please check if xfer_timeout_ms and pull-ups are correctly set up
E (1912) i2c.master: I2C transaction timeout detected
E (1912) i2c.master: probe device timeout. Please check if xfer_timeout_ms and pull-ups are correctly set up
E (1964) i2c.master: I2C transaction timeout detected
E (1964) i2c.master: probe device timeout. Please check if xfer_timeout_ms and pull-ups are correctly set up
E (2017) i2c.master: I2C transaction timeout detected
E (2017) i2c.master: probe device timeout. Please check if xfer_timeout_ms and pull-ups are correctly set up
E (2069) i2c.master: I2C transaction timeout detected
E (2069) i2c.master: probe device timeout. Please check if xfer_timeout_ms and pull-ups are correctly set up
E (2121) i2c.master: I2C transaction timeout detected
E (2122) i2c.master: probe device timeout. Please check if xfer_timeout_ms and pull-ups are correctly set up
E (2174) i2c.master: I2C transaction timeout detected
E (2174) i2c.master: probe device timeout. Please check if xfer_timeout_ms and pull-ups are correctly set up
E (2226) i2c.master: I2C transaction timeout detected
E (2226) i2c.master: probe device timeout. Please check if xfer_timeout_ms and pull-ups are correctly set up
E (2279) i2c.master: I2C transaction timeout detected
E (2279) i2c.master: probe device timeout. Please check if xfer_timeout_ms and pull-ups are correctly set up
E (2331) i2c.master: I2C transaction timeout detected
E (2331) i2c.master: probe device timeout. Please check if xfer_timeout_ms and pull-ups are correctly set up
E (2384) i2c.master: I2C transaction timeout detected
E (2384) i2c.master: probe device timeout. Please check if xfer_timeout_ms and pull-ups are correctly set up
E (2436) i2c.master: I2C transaction timeout detected
E (2436) i2c.master: probe device timeout. Please check if xfer_timeout_ms and pull-ups are correctly set up
E (2488) i2c.master: I2C transaction timeout detected
E (2489) i2c.master: probe device timeout. Please check if xfer_timeout_ms and pull-ups are correctly set up
E (2541) i2c.master: I2C transaction timeout detected
E (2541) i2c.master: probe device timeout. Please check if xfer_timeout_ms and pull-ups are correctly set up
E (2593) i2c.master: I2C transaction timeout detected
E (2593) i2c.master: probe device timeout. Please check if xfer_timeout_ms and pull-ups are correctly set up
E (2646) i2c.master: I2C transaction timeout detected
E (2646) i2c.master: probe device timeout. Please check if xfer_timeout_ms and pull-ups are correctly set up
E (2698) i2c.master: I2C transaction timeout detected
E (2698) i2c.master: probe device timeout. Please check if xfer_timeout_ms and pull-ups are correctly set up
E (2751) i2c.master: I2C transaction timeout detected
E (2751) i2c.master: probe device timeout. Please check if xfer_timeout_ms and pull-ups are correctly set up
E (2803) i2c.master: I2C transaction timeout detected
E (2803) i2c.master: probe device timeout. Please check if xfer_timeout_ms and pull-ups are correctly set up
E (2855) i2c.master: I2C transaction timeout detected
E (2856) i2c.master: probe device timeout. Please check if xfer_timeout_ms and pull-ups are correctly set up
E (2908) i2c.master: I2C transaction timeout detected
E (2908) i2c.master: probe device timeout. Please check if xfer_timeout_ms and pull-ups are correctly set up
E (2960) i2c.master: I2C transaction timeout detected
E (2960) i2c.master: probe device timeout. Please check if xfer_timeout_ms and pull-ups are correctly set up
E (3013) i2c.master: I2C transaction timeout detected
E (3013) i2c.master: probe device timeout. Please check if xfer_timeout_ms and pull-ups are correctly set up
E (3065) i2c.master: I2C transaction timeout detected
E (3065) i2c.master: probe device timeout. Please check if xfer_timeout_ms and pull-ups are correctly set up
E (3118) i2c.master: I2C transaction timeout detected
E (3118) i2c.master: probe device timeout. Please check if xfer_timeout_ms and pull-ups are correctly set up
E (3170) i2c.master: I2C transaction timeout detected
E (3170) i2c.master: probe device timeout. Please check if xfer_timeout_ms and pull-ups are correctly set up
E (3222) i2c.master: I2C transaction timeout detected
E (3223) i2c.master: probe device timeout. Please check if xfer_timeout_ms and pull-ups are correctly set up
E (3275) i2c.master: I2C transaction timeout detected
E (3275) i2c.master: probe device timeout. Please check if xfer_timeout_ms and pull-ups are correctly set up
E (3327) i2c.master: I2C transaction timeout detected
E (3327) i2c.master: probe device timeout. Please check if xfer_timeout_ms and pull-ups are correctly set up
E (3380) i2c.master: I2C transaction timeout detected
E (3380) i2c.master: probe device timeout. Please check if xfer_timeout_ms and pull-ups are correctly set up
E (3432) i2c.master: I2C transaction timeout detected
E (3432) i2c.master: probe device timeout. Please check if xfer_timeout_ms and pull-ups are correctly set up
E (3485) i2c.master: I2C transaction timeout detected
E (3485) i2c.master: probe device timeout. Please check if xfer_timeout_ms and pull-ups are correctly set up
E (3537) i2c.master: I2C transaction timeout detected
E (3537) i2c.master: probe device timeout. Please check if xfer_timeout_ms and pull-ups are correctly set up
E (3589) i2c.master: I2C transaction timeout detected
E (3590) i2c.master: probe device timeout. Please check if xfer_timeout_ms and pull-ups are correctly set up
E (3642) i2c.master: I2C transaction timeout detected
E (3642) i2c.master: probe device timeout. Please check if xfer_timeout_ms and pull-ups are correctly set up
E (3694) i2c.master: I2C transaction timeout detected
E (3694) i2c.master: probe device timeout. Please check if xfer_timeout_ms and pull-ups are correctly set up
E (3747) i2c.master: I2C transaction timeout detected
E (3747) i2c.master: probe device timeout. Please check if xfer_timeout_ms and pull-ups are correctly set up
E (3799) i2c.master: I2C transaction timeout detected
E (3799) i2c.master: probe device timeout. Please check if xfer_timeout_ms and pull-ups are correctly set up
E (3852) i2c.master: I2C transaction timeout detected
E (3852) i2c.master: probe device timeout. Please check if xfer_timeout_ms and pull-ups are correctly set up
E (3904) i2c.master: I2C transaction timeout detected
E (3904) i2c.master: probe device timeout. Please check if xfer_timeout_ms and pull-ups are correctly set up
E (3956) i2c.master: I2C transaction timeout detected
E (3957) i2c.master: probe device timeout. Please check if xfer_timeout_ms and pull-ups are correctly set up
E (4009) i2c.master: I2C transaction timeout detected
E (4009) i2c.master: probe device timeout. Please check if xfer_timeout_ms and pull-ups are correctly set up
E (4061) i2c.master: I2C transaction timeout detected
E (4061) i2c.master: probe device timeout. Please check if xfer_timeout_ms and pull-ups are correctly set up
E (4114) i2c.master: I2C transaction timeout detected
E (4114) i2c.master: probe device timeout. Please check if xfer_timeout_ms and pull-ups are correctly set up
E (4166) i2c.master: I2C transaction timeout detected
E (4166) i2c.master: probe device timeout. Please check if xfer_timeout_ms and pull-ups are correctly set up
E (4219) i2c.master: I2C transaction timeout detected
E (4219) i2c.master: probe device timeout. Please check if xfer_timeout_ms and pull-ups are correctly set up
E (4271) i2c.master: I2C transaction timeout detected
E (4271) i2c.master: probe device timeout. Please check if xfer_timeout_ms and pull-ups are correctly set up
E (4323) i2c.master: I2C transaction timeout detected
E (4324) i2c.master: probe device timeout. Please check if xfer_timeout_ms and pull-ups are correctly set up
E (4376) i2c.master: I2C transaction timeout detected
E (4376) i2c.master: probe device timeout. Please check if xfer_timeout_ms and pull-ups are correctly set up
E (4428) i2c.master: I2C transaction timeout detected
E (4428) i2c.master: probe device timeout. Please check if xfer_timeout_ms and pull-ups are correctly set up
E (4481) i2c.master: I2C transaction timeout detected
E (4481) i2c.master: probe device timeout. Please check if xfer_timeout_ms and pull-ups are correctly set up
E (4533) i2c.master: I2C transaction timeout detected
E (4533) i2c.master: probe device timeout. Please check if xfer_timeout_ms and pull-ups are correctly set up
E (4586) i2c.master: I2C transaction timeout detected
E (4586) i2c.master: probe device timeout. Please check if xfer_timeout_ms and pull-ups are correctly set up
E (4638) i2c.master: I2C transaction timeout detected
E (4638) i2c.master: probe device timeout. Please check if xfer_timeout_ms and pull-ups are correctly set up
E (4690) i2c.master: I2C transaction timeout detected
E (4691) i2c.master: probe device timeout. Please check if xfer_timeout_ms and pull-ups are correctly set up
E (4743) i2c.master: I2C transaction timeout detected
E (4743) i2c.master: probe device timeout. Please check if xfer_timeout_ms and pull-ups are correctly set up
E (4795) i2c.master: I2C transaction timeout detected
E (4795) i2c.master: probe device timeout. Please check if xfer_timeout_ms and pull-ups are correctly set up
E (4848) i2c.master: I2C transaction timeout detected
E (4848) i2c.master: probe device timeout. Please check if xfer_timeout_ms and pull-ups are correctly set up
E (4900) i2c.master: I2C transaction timeout detected
E (4900) i2c.master: probe device timeout. Please check if xfer_timeout_ms and pull-ups are correctly set up
E (4953) i2c.master: I2C transaction timeout detected
E (4953) i2c.master: probe device timeout. Please check if xfer_timeout_ms and pull-ups are correctly set up
E (5005) i2c.master: I2C transaction timeout detected
E (5005) i2c.master: probe device timeout. Please check if xfer_timeout_ms and pull-ups are correctly set up
E (5057) i2c.master: I2C transaction timeout detected
E (5058) i2c.master: probe device timeout. Please check if xfer_timeout_ms and pull-ups are correctly set up
E (5110) i2c.master: I2C transaction timeout detected
E (5110) i2c.master: probe device timeout. Please check if xfer_timeout_ms and pull-ups are correctly set up
E (5162) i2c.master: I2C transaction timeout detected
E (5162) i2c.master: probe device timeout. Please check if xfer_timeout_ms and pull-ups are correctly set up
E (5215) i2c.master: I2C transaction timeout detected
E (5215) i2c.master: probe device timeout. Please check if xfer_timeout_ms and pull-ups are correctly set up
E (5267) i2c.master: I2C transaction timeout detected
E (5267) i2c.master: probe device timeout. Please check if xfer_timeout_ms and pull-ups are correctly set up
E (5320) i2c.master: I2C transaction timeout detected
E (5320) i2c.master: probe device timeout. Please check if xfer_timeout_ms and pull-ups are correctly set up
E (5372) i2c.master: I2C transaction timeout detected
E (5372) i2c.master: probe device timeout. Please check if xfer_timeout_ms and pull-ups are correctly set up
E (5424) i2c.master: I2C transaction timeout detected
E (5425) i2c.master: probe device timeout. Please check if xfer_timeout_ms and pull-ups are correctly set up
E (5477) i2c.master: I2C transaction timeout detected
E (5477) i2c.master: probe device timeout. Please check if xfer_timeout_ms and pull-ups are correctly set up
E (5529) i2c.master: I2C transaction timeout detected
E (5529) i2c.master: probe device timeout. Please check if xfer_timeout_ms and pull-ups are correctly set up
E (5582) i2c.master: I2C transaction timeout detected
E (5582) i2c.master: probe device timeout. Please check if xfer_timeout_ms and pull-ups are correctly set up
E (5634) i2c.master: I2C transaction timeout detected
E (5634) i2c.master: probe device timeout. Please check if xfer_timeout_ms and pull-ups are correctly set up
E (5687) i2c.master: I2C transaction timeout detected
E (5687) i2c.master: probe device timeout. Please check if xfer_timeout_ms and pull-ups are correctly set up
E (5739) i2c.master: I2C transaction timeout detected
E (5739) i2c.master: probe device timeout. Please check if xfer_timeout_ms and pull-ups are correctly set up
E (5791) i2c.master: I2C transaction timeout detected
E (5792) i2c.master: probe device timeout. Please check if xfer_timeout_ms and pull-ups are correctly set up
E (5844) i2c.master: I2C transaction timeout detected
E (5844) i2c.master: probe device timeout. Please check if xfer_timeout_ms and pull-ups are correctly set up
E (5896) i2c.master: I2C transaction timeout detected
E (5896) i2c.master: probe device timeout. Please check if xfer_timeout_ms and pull-ups are correctly set up
E (5949) i2c.master: I2C transaction timeout detected
E (5949) i2c.master: probe device timeout. Please check if xfer_timeout_ms and pull-ups are correctly set up
E (6001) i2c.master: I2C transaction timeout detected
E (6001) i2c.master: probe device timeout. Please check if xfer_timeout_ms and pull-ups are correctly set up
E (6054) i2c.master: I2C transaction timeout detected
E (6054) i2c.master: probe device timeout. Please check if xfer_timeout_ms and pull-ups are correctly set up
E (6106) i2c.master: I2C transaction timeout detected
E (6106) i2c.master: probe device timeout. Please check if xfer_timeout_ms and pull-ups are correctly set up
E (6158) i2c.master: I2C transaction timeout detected
E (6159) i2c.master: probe device timeout. Please check if xfer_timeout_ms and pull-ups are correctly set up
E (6211) i2c.master: I2C transaction timeout detected
E (6211) i2c.master: probe device timeout. Please check if xfer_timeout_ms and pull-ups are correctly set up
E (6263) i2c.master: I2C transaction timeout detected
E (6263) i2c.master: probe device timeout. Please check if xfer_timeout_ms and pull-ups are correctly set up
E (6316) i2c.master: I2C transaction timeout detected
E (6316) i2c.master: probe device timeout. Please check if xfer_timeout_ms and pull-ups are correctly set up
E (6368) i2c.master: I2C transaction timeout detected
E (6368) i2c.master: probe device timeout. Please check if xfer_timeout_ms and pull-ups are correctly set up
E (6421) i2c.master: I2C transaction timeout detected
E (6421) i2c.master: probe device timeout. Please check if xfer_timeout_ms and pull-ups are correctly set up
E (6473) i2c.master: I2C transaction timeout detected
E (6473) i2c.master: probe device timeout. Please check if xfer_timeout_ms and pull-ups are correctly set up
E (6525) i2c.master: I2C transaction timeout detected
E (6526) i2c.master: probe device timeout. Please check if xfer_timeout_ms and pull-ups are correctly set up
E (6578) i2c.master: I2C transaction timeout detected
E (6578) i2c.master: probe device timeout. Please check if xfer_timeout_ms and pull-ups are correctly set up
E (6630) i2c.master: I2C transaction timeout detected
E (6630) i2c.master: probe device timeout. Please check if xfer_timeout_ms and pull-ups are correctly set up
E (6683) i2c.master: I2C transaction timeout detected
E (6683) i2c.master: probe device timeout. Please check if xfer_timeout_ms and pull-ups are correctly set up
E (6735) i2c.master: I2C transaction timeout detected
E (6735) i2c.master: probe device timeout. Please check if xfer_timeout_ms and pull-ups are correctly set up
E (6788) i2c.master: I2C transaction timeout detected
E (6788) i2c.master: probe device timeout. Please check if xfer_timeout_ms and pull-ups are correctly set up
E (6840) i2c.master: I2C transaction timeout detected
E (6840) i2c.master: probe device timeout. Please check if xfer_timeout_ms and pull-ups are correctly set up
E (6892) i2c.master: I2C transaction timeout detected
E (6893) i2c.master: probe device timeout. Please check if xfer_timeout_ms and pull-ups are correctly set up
E (6945) i2c.master: I2C transaction timeout detected
E (6945) i2c.master: probe device timeout. Please check if xfer_timeout_ms and pull-ups are correctly set up
E (6997) i2c.master: I2C transaction timeout detected
E (6997) i2c.master: probe device timeout. Please check if xfer_timeout_ms and pull-ups are correctly set up
E (7050) i2c.master: I2C transaction timeout detected
E (7050) i2c.master: probe device timeout. Please check if xfer_timeout_ms and pull-ups are correctly set up
E (7102) i2c.master: I2C transaction timeout detected
E (7102) i2c.master: probe device timeout. Please check if xfer_timeout_ms and pull-ups are correctly set up
E (7155) i2c.master: I2C transaction timeout detected
E (7155) i2c.master: probe device timeout. Please check if xfer_timeout_ms and pull-ups are correctly set up
E (7207) i2c.master: I2C transaction timeout detected
E (7207) i2c.master: probe device timeout. Please check if xfer_timeout_ms and pull-ups are correctly set up
E (7259) i2c.master: I2C transaction timeout detected
E (7260) i2c.master: probe device timeout. Please check if xfer_timeout_ms and pull-ups are correctly set up
E (7312) i2c.master: I2C transaction timeout detected
E (7312) i2c.master: probe device timeout. Please check if xfer_timeout_ms and pull-ups are correctly set up
E (7364) i2c.master: I2C transaction timeout detected
E (7364) i2c.master: probe device timeout. Please check if xfer_timeout_ms and pull-ups are correctly set up
E (7417) i2c.master: I2C transaction timeout detected
E (7417) i2c.master: probe device timeout. Please check if xfer_timeout_ms and pull-ups are correctly set up
E (7469) i2c.master: I2C transaction timeout detected
E (7469) i2c.master: probe device timeout. Please check if xfer_timeout_ms and pull-ups are correctly set up
E (7522) i2c.master: I2C transaction timeout detected
E (7522) i2c.master: probe device timeout. Please check if xfer_timeout_ms and pull-ups are correctly set up
E (7574) i2c.master: I2C transaction timeout detected
E (7574) i2c.master: probe device timeout. Please check if xfer_timeout_ms and pull-ups are correctly set up
E (7626) i2c.master: I2C transaction timeout detected
E (7627) i2c.master: probe device timeout. Please check if xfer_timeout_ms and pull-ups are correctly set up
E (7679) i2c.master: I2C transaction timeout detected
E (7679) i2c.master: probe device timeout. Please check if xfer_timeout_ms and pull-ups are correctly set up
E (7731) i2c.master: I2C transaction timeout detected
E (7731) i2c.master: probe device timeout. Please check if xfer_timeout_ms and pull-ups are correctly set up
E (7784) i2c.master: I2C transaction timeout detected
E (7784) i2c.master: probe device timeout. Please check if xfer_timeout_ms and pull-ups are correctly set up
E (7836) i2c.master: I2C transaction timeout detected
E (7836) i2c.master: probe device timeout. Please check if xfer_timeout_ms and pull-ups are correctly set up
E (7889) i2c.master: I2C transaction timeout detected
E (7889) i2c.master: probe device timeout. Please check if xfer_timeout_ms and pull-ups are correctly set up
E (7941) i2c.master: I2C transaction timeout detected
E (7941) i2c.master: probe device timeout. Please check if xfer_timeout_ms and pull-ups are correctly set up
E (7993) i2c.master: I2C transaction timeout detected
E (7994) i2c.master: probe device timeout. Please check if xfer_timeout_ms and pull-ups are correctly set up
E (8046) i2c.master: I2C transaction timeout detected
E (8046) i2c.master: probe device timeout. Please check if xfer_timeout_ms and pull-ups are correctly set up
E (8098) i2c.master: I2C transaction timeout detected
E (8098) i2c.master: probe device timeout. Please check if xfer_timeout_ms and pull-ups are correctly set up
E (8151) i2c.master: I2C transaction timeout detected
E (8151) i2c.master: probe device timeout. Please check if xfer_timeout_ms and pull-ups are correctly set up
E (8203) i2c.master: I2C transaction timeout detected
E (8203) i2c.master: probe device timeout. Please check if xfer_timeout_ms and pull-ups are correctly set up
E (8256) i2c.master: I2C transaction timeout detected
E (8256) i2c.master: probe device timeout. Please check if xfer_timeout_ms and pull-ups are correctly set up
     0  1  2  3  4  5  6  7  8  9  a  b  c  d  e  f
00: -- -- -- -- -- -- -- -- -- -- -- -- -- -- -- -- 
10: -- -- -- -- -- -- -- -- -- -- -- -- -- -- -- -- 
20: -- -- -- -- -- -- -- -- -- -- -- -- -- -- -- -- 
30: -- -- -- -- -- -- -- -- -- -- -- -- -- -- -- -- 
40: -- -- -- -- -- -- -- -- -- -- -- -- -- -- -- -- 
50: -- -- -- -- -- -- -- -- -- -- -- -- -- -- -- -- 
60: -- -- -- -- -- -- -- -- -- -- -- -- -- -- -- -- 
70: -- -- -- -- -- -- -- -- -- -- -- -- -- -- -- -- 
[1789024924036] [[32minfo[0m] [HAL-PMIC] pmic init
E (8308) i2c.master: I2C transaction timeout detected
E (8311) i2c.master: probe device timeout. Please check if xfer_timeout_ms and pull-ups are correctly set up
I (8384) M5PM1_SYS: Device: ID=0x50 MODEL=0x20 HW=0x05 SW=0x53(S)
I (8387) M5PM1_I2C: I2C config set and verified: sleep=0, speed=100K
I (8411) M5PM1_I2C: M5PM1 initialized at address 0x6E (I2C: 100000 Hz)
I (8414) M5PM1_I2C: I2C sleep time set and verified to 0
I (8417) M5PM1_I2C: I2C sleep time set and verified to 0
I (8421) M5PM1_SYS: Watchdog set to 0 sec
I (8425) M5PM1_PWR: Charge Enabled
I (8508) M5PM1_SYS: Single Reset: Disabled
[1789024924247] [1789024924247] [[32minfo[0m] [HAL-PMIC] start bat reading task
[[32minfo[0m] [HAL-IOE] init
I (8515) M5IOE1_I2C: Initializing M5IOE1 with 100KHz (device default)
I (8530) M5IOE1_SYS: Device UID: 0x2BF0, FW Version: 57
I (8531) M5IOE1_I2C: Current I2C speed matches user request (400K)
I (8532) M5IOE1_I2C: I2C config set and verified: sleep=0, speed=400K, wake=falling, pull=on
I (8549) M5IOE1_I2C: M5IOE1 initialized at address 0x4F (I2C: 400000 Hz)
I (8550) M5IOE1_IRQ: Interrupt mode -> POLLING (pause if I2C sleep on; resume when off)
[1789024924287] [[32minfo[0m] [HAL-IOE] init success, addr: 0x4F
I (8561) M5IOE1_I2C: I2C sleep time set and verified to 0
I (8565) M5IOE1_I2C: I2C sleep time set and verified to 0
I (8583) M5IOE1_GPIO: Pin 8 mode set and verified: OUTPUT (0x03)
I (8597) M5IOE1_GPIO: Pin 7 mode set and verified: OUTPUT (0x03)
I (8611) M5IOE1_GPIO: Pin 9 mode set and verified: OUTPUT (0x03)
I (8624) M5IOE1_GPIO: Pin 3 mode set and verified: OUTPUT (0x03)
I (8637) M5IOE1_GPIO: Pin 4 mode set and verified: OUTPUT (0x03)
I (8651) M5IOE1_GPIO: Pin 0 mode set and verified: OUTPUT (0x03)
I (8664) M5IOE1_GPIO: Pin 2 mode set and verified: OUTPUT (0x03)
I (8666) M5IOE1_GPIO: Pin 7 digital write and verified: 1
I (8668) M5IOE1_GPIO: Pin 3 digital write and verified: 1
I (8671) M5IOE1_GPIO: Pin 9 digital write and verified: 0
I (8676) M5IOE1_GPIO: Pin 4 digital write and verified: 1
I (8681) M5IOE1_GPIO: Pin 0 digital write and verified: 0
I (8686) M5IOE1_GPIO: Pin 2 digital write and verified: 1
I (8694) M5IOE1_PWM: PWM frequency set and verified: 5000 Hz
[1789024924429] [[32minfo[0m] [HAL-IOE] start vibrator task
I (8712) M5IOE1_PWM: PWM ch0 verified: duty=0 pol=Norm en=On
[1789024924564] [[32minfo[0m] [HAL-Display] display init
[1789024924800] [[32minfo[0m] [HAL-Display] create full screen canvas
[1789024924813] [[32minfo[0m] [HAL-Display] brightness loaded from settings: 40
[1789024924814] [[32minfo[0m] [HAL-Display] touchpad init
[1789024924815] [[32minfo[0m] [HAL-IOE] touchpad reset
I (9089) M5IOE1_GPIO: Pin 3 digital write and verified: 0
I (9102) M5IOE1_GPIO: Pin 3 digital write and verified: 1
I (9154) CST820: Chip ID: 0xb7, Soft Ver: 0x02
[1789024924888] [[32minfo[0m] [HAL-Display] lvgl init
[1789024924896] [[32minfo[0m] [HAL-Audio] init
[1789024924899] [[32minfo[0m] [HAL-Audio] start audio play task
[1789024924899] [[32minfo[0m] [HAL-Audio] i2s init
I (9177) ES8311: Work in Slave mode
I (9182) I2S_IF: channel mode 0 bits:16/16 channel:2 mask:1
I (9184) I2S_IF: STD Mode 1 bits:16/16 channel:2 sample_rate:44100 mask:1
I (9185) I2S_IF: channel mode 0 bits:16/16 channel:2 mask:1
I (9190) I2S_IF: STD Mode 0 bits:16/16 channel:2 sample_rate:44100 mask:1
I (9215) Adev_Codec: Open codec device OK
[1789024924950] [[32minfo[0m] [HAL-IOE] set speaker enable
I (9220) M5IOE1_GPIO: Pin 9 digital write and verified: 1
[1789024924964] [[32minfo[0m] [HAL-Audio] volume loaded from settings: 0
[1789024924966] [[32minfo[0m] [HAL-Audio] set speaker volume to 0
[1789024924968] [[32minfo[0m] [HAL-IMU] init
[1789024926022] [[32minfo[0m] [HAL-RTC] init
[1789024926024] [[32minfo[0m] [HAL-RTC] load timezone from nvs: UTC-8
[1789024927000] [[32minfo[0m] [HAL-RTC] rtc synced to system (UTC): 2026-09-10 07:22:07
[1789024927002] [[32minfo[0m] [HAL-BTN] init
[1789024927007] [[32minfo[0m] [HAL-BTN] config loaded from settings: sfx=true, vibrate=true
[1789024927015] [[32minfo[0m] [HAL-FS] init
I (10312) wear_levelling: Mounting FAT filesystem
I (10318) wear_levelling: Done
I (10319) WifiManager: Initializing...
I (10324) pp: pp rom version: e7ae62f
I (10326) net80211: net80211 rom version: e7ae62f
I (10332) wifi:wifi driver task: 3fccc774, prio:23, stack:6656, core=0
I (10338) wifi:wifi firmware version: 0947e8b
I (10341) wifi:wifi certification version: v7.0
I (10345) wifi:config NVS flash: disabled
I (10349) wifi:config nano formatting: disabled
I (10353) wifi:Init data frame dynamic rx buffer num: 32
I (10358) wifi:Init static rx mgmt buffer num: 5
I (10362) wifi:Init management short buffer num: 32
I (10367) wifi:Init dynamic tx buffer num: 32
I (10371) wifi:Init static tx FG buffer num: 2
I (10375) wifi:Init static rx buffer size: 1600
I (10380) wifi:Init static rx buffer num: 10
I (10384) wifi:Init dynamic rx buffer num: 32
I (10388) wifi_init: rx ba win: 6
I (10391) wifi_init: accept mbox: 6
I (10394) wifi_init: tcpip mbox: 32
I (10397) wifi_init: udp mbox: 6
I (10400) wifi_init: tcp mbox: 6
I (10403) wifi_init: tcp tx win: 5760
I (10406) wifi_init: tcp rx win: 5760
I (10410) wifi_init: tcp mss: 1440
I (10413) wifi_init: WiFi IRAM OP enabled
I (10417) wifi_init: WiFi RX IRAM OP enabled
I (10421) WifiManager: Initialized
[1789024927174] [[32minfo[0m] [RacerMemory] scene=234x233 requested_half=true
[1789024927206] [[32minfo[0m] [RacerMemory] track_rows_internal=true car_planes_internal=2 free_internal=98575 largest_internal=31744
[1789024927208] [[32minfo[0m] [OcclusionAB] BEGIN internal=97547 psram=5559444
[1789024927264] [[32minfo[0m] [RacerMaterial] texture_side=32 entries=20 fallback_panels=0 map_cached=true
[1789024927296] [[32minfo[0m] [PaintStage] rows=138 clear_us=484 fill_us=7029 copy_us=3639
[1789024927297] [[32minfo[0m] [TrackStage] project_us=5668 paint_us=12334 lines_us=4 wireframe=false
[1789024927322] [[32minfo[0m] [CarStage] car=1 panels=661 vertices=954 tiles=1 prepare_us=6661 raster_us=8613 blit_us=3351
[1789024927413] [[32minfo[0m] [RaceStage] track_us=23982 cars_us=96244 upscale_us=14337 scene_width=234 surfaces=194 cars=3 track_id=0 player_car=0 submitted=3 player_us=38981 opponents_us=56832 player_native=true
[1789024927426] [[32minfo[0m] [HudStage] map_us=1446 total_us=3395 map_cached=true
[1789024928008] [[32minfo[0m] [OcclusionAB] car=0 track=0 frame=1 mode=0 draw=116861 present=31460 prepare=22206 raster=45161 blit=12461 player=32852 opponents=47064 candidates=24 before=2688 after=2688 rows=336
[1789024928016] [[32minfo[0m] [OcclusionAB] car=0 track=0 frame=1 mode=1 draw=114871 present=31448 prepare=22217 raster=45216 blit=10422 player=32302 opponents=45645 candidates=24 before=2688 after=764 rows=336
[1789024928378] [[32minfo[0m] [OcclusionAB] car=0 track=0 frame=2 mode=0 draw=117174 present=31447 prepare=22263 raster=45115 blit=13828 player=33616 opponents=47673 candidates=41 before=4592 after=4592 rows=336
[1789024928386] [[32minfo[0m] [OcclusionAB] car=0 track=0 frame=2 mode=1 draw=114325 present=31459 prepare=22470 raster=45141 blit=10596 player=32527 opponents=45776 candidates=41 before=4592 after=879 rows=336
[1789024928707] [[32minfo[0m] [OcclusionAB] car=0 track=0 frame=3 mode=0 draw=95332 present=31461 prepare=16298 raster=27404 blit=10602 player=35775 opponents=24559 candidates=38 before=4256 after=4256 rows=224
[1789024928715] [[32minfo[0m] [OcclusionAB] car=0 track=0 frame=3 mode=1 draw=94814 present=31435 prepare=16296 raster=27413 blit=9969 player=35355 opponents=24324 candidates=38 before=4256 after=1273 rows=224
[1789024929079] [[32minfo[0m] [OcclusionAB] car=0 track=0 frame=4 mode=0 draw=117904 present=31484 prepare=22667 raster=42879 blit=13478 player=33398 opponents=45716 candidates=35 before=3920 after=3920 rows=336
[1789024929087] [[32minfo[0m] [OcclusionAB] car=0 track=0 frame=4 mode=1 draw=115356 present=31693 prepare=22701 raster=42890 blit=11018 player=32168 opponents=44534 candidates=35 before=3920 after=1106 rows=336
[1789024929297] [[32minfo[0m] [PaintStage] rows=143 clear_us=513 fill_us=5906 copy_us=3779
[1789024929298] [[32minfo[0m] [TrackStage] project_us=4717 paint_us=11396 lines_us=4 wireframe=false
[1789024929322] [[32minfo[0m] [CarStage] car=1 panels=661 vertices=954 tiles=1 prepare_us=6803 raster_us=8523 blit_us=2438
[1789024929399] [[32minfo[0m] [RaceStage] track_us=22103 cars_us=80294 upscale_us=14371 scene_width=234 surfaces=123 cars=3 track_id=0 player_car=0 submitted=3 player_us=33059 opponents_us=46796 player_native=true
[1789024929467] [[32minfo[0m] [OcclusionAB] car=0 track=0 frame=5 mode=0 draw=134103 present=31468 prepare=22832 raster=43295 blit=12548 player=33059 opponents=46796 candidates=27 before=3024 after=3024 rows=336
[1789024929475] [[32minfo[0m] [OcclusionAB] car=0 track=0 frame=5 mode=1 draw=114189 present=32013 prepare=22646 raster=43263 blit=9865 player=31733 opponents=44136 candidates=27 before=3024 after=837 rows=336
[1789024929609] [[32minfo[0m] [HudStage] map_us=1385 total_us=3335 map_cached=true
[1789024929835] [[32minfo[0m] [OcclusionAB] car=0 track=0 frame=6 mode=0 draw=116254 present=31485 prepare=22619 raster=43118 blit=12036 player=32648 opponents=45221 candidates=26 before=2912 after=2912 rows=336
[1789024929843] [[32minfo[0m] [OcclusionAB] car=0 track=0 frame=6 mode=1 draw=112870 present=31463 prepare=22608 raster=43158 blit=9712 player=31578 opponents=44000 candidates=26 before=2912 after=804 rows=336
[1789024930160] [[32minfo[0m] [OcclusionAB] car=0 track=0 frame=7 mode=0 draw=93803 present=31430 prepare=16846 raster=26939 blit=7484 player=32845 opponents=24574 candidates=33 before=3696 after=3696 rows=224
[1789024930168] [[32minfo[0m] [OcclusionAB] car=0 track=0 frame=7 mode=1 draw=92230 present=31465 prepare=16603 raster=26934 blit=6099 player=31834 opponents=23922 candidates=33 before=3696 after=687 rows=224
[1789024930537] [[32minfo[0m] [OcclusionAB] car=0 track=0 frame=8 mode=0 draw=120758 present=31435 prepare=22853 raster=43606 blit=17862 player=36352 opponents=48081 candidates=47 before=5264 after=5264 rows=336
[1789024930545] [[32minfo[0m] [OcclusionAB] car=0 track=0 frame=8 mode=1 draw=117779 present=31463 prepare=22672 raster=42996 blit=16418 player=35129 opponents=47056 candidates=47 before=5264 after=1607 rows=336
[1789024930937] [[32minfo[0m] [OcclusionAB] car=0 track=0 frame=9 mode=0 draw=131614 present=31462 prepare=22665 raster=43952 blit=14110 player=33716 opponents=47110 candidates=31 before=3472 after=3472 rows=336
[1789024930945] [[32minfo[0m] [OcclusionAB] car=0 track=0 frame=9 mode=1 draw=129726 present=31474 prepare=22606 raster=44029 blit=12043 player=33019 opponents=45752 candidates=31 before=3472 after=1110 rows=336
[1789024931333] [[32minfo[0m] [OcclusionAB] car=0 track=0 frame=10 mode=0 draw=129982 present=31507 prepare=22978 raster=45191 blit=13454 player=34266 opponents=47458 candidates=25 before=2800 after=2800 rows=336
[1789024931342] [[32minfo[0m] [OcclusionAB] car=0 track=0 frame=10 mode=1 draw=127635 present=31460 prepare=22758 raster=45685 blit=10990 player=33359 opponents=46178 candidates=25 before=2800 after=780 rows=336
[1789024931388] [[32minfo[0m] [PaintStage] rows=232 clear_us=810 fill_us=9931 copy_us=5404
[1789024931389] [[32minfo[0m] [TrackStage] project_us=5608 paint_us=17461 lines_us=4 wireframe=false
[1789024931413] [[32minfo[0m] [CarStage] car=1 panels=661 vertices=954 tiles=1 prepare_us=6774 raster_us=8663 blit_us=2311
[1789024931467] [[32minfo[0m] [RaceStage] track_us=29052 cars_us=58362 upscale_us=14358 scene_width=234 surfaces=224 cars=3 track_id=0 player_car=0 submitted=3 player_us=32949 opponents_us=24983 player_native=true
[1789024931638] [[32minfo[0m] [HudStage] map_us=1334 total_us=3467 map_cached=true
[1789024931695] [[32minfo[0m] [OcclusionAB] car=0 track=0 frame=11 mode=0 draw=103864 present=31459 prepare=16540 raster=27582 blit=7295 player=33559 opponents=24012 candidates=18 before=2016 after=2016 rows=224
[1789024931703] [[32minfo[0m] [OcclusionAB] car=0 track=0 frame=11 mode=1 draw=119320 present=31444 prepare=16706 raster=27666 blit=6278 player=32949 opponents=24983 candidates=18 before=2016 after=543 rows=224
[1789024932072] [[32minfo[0m] [OcclusionAB] car=0 track=0 frame=12 mode=0 draw=119987 present=31466 prepare=22607 raster=45525 blit=12804 player=33244 opponents=47786 candidates=23 before=2576 after=2576 rows=336
[1789024932081] [[32minfo[0m] [OcclusionAB] car=0 track=0 frame=12 mode=1 draw=117737 present=32085 prepare=22725 raster=45468 blit=10677 player=32593 opponents=46372 candidates=23 before=2576 after=751 rows=336
[1789024932450] [[32minfo[0m] [OcclusionAB] car=0 track=0 frame=13 mode=0 draw=119953 present=31485 prepare=22684 raster=46211 blit=13484 player=33883 opponents=48592 candidates=23 before=2576 after=2576 rows=336
[1789024932459] [[32minfo[0m] [OcclusionAB] car=0 track=0 frame=13 mode=1 draw=118519 present=31998 prepare=22707 raster=46233 blit=11941 player=33607 opponents=47371 candidates=23 before=2576 after=867 rows=336
[1789024932832] [[32minfo[0m] [OcclusionAB] car=0 track=0 frame=14 mode=0 draw=122381 present=31483 prepare=22649 raster=47646 blit=15664 player=35980 opponents=50077 candidates=27 before=3024 after=3024 rows=336
[1789024932841] [[32minfo[0m] [OcclusionAB] car=0 track=0 frame=14 mode=1 draw=120580 present=31422 prepare=22693 raster=47655 blit=13913 player=35288 opponents=49071 candidates=27 before=3024 after=1068 rows=336
[1789024933166] [[32minfo[0m] [OcclusionAB] car=0 track=0 frame=15 mode=0 draw=98556 present=31471 prepare=16628 raster=30424 blit=10109 player=38559 opponents=24806 candidates=22 before=2464 after=2464 rows=224
[1789024933174] [[32minfo[0m] [OcclusionAB] car=0 track=0 frame=15 mode=1 draw=97274 present=31437 prepare=16583 raster=30417 blit=9022 player=37648 opponents=24497 candidates=22 before=2464 after=958 rows=224
[1789024933399] [[32minfo[0m] [PaintStage] rows=145 clear_us=506 fill_us=5923 copy_us=3742
[1789024933400] [[32minfo[0m] [TrackStage] project_us=4075 paint_us=11350 lines_us=4 wireframe=false
[1789024933426] [[32minfo[0m] [CarStage] car=1 panels=661 vertices=954 tiles=1 prepare_us=6786 raster_us=9169 blit_us=2805
[1789024933514] [[32minfo[0m] [RaceStage] track_us=21404 cars_us=93380 upscale_us=14307 scene_width=234 surfaces=111 cars=3 track_id=0 player_car=0 submitted=3 player_us=38533 opponents_us=54401 player_native=true
[1789024933582] [[32minfo[0m] [OcclusionAB] car=0 track=0 frame=16 mode=0 draw=130860 present=31466 prepare=22821 raster=52833 blit=17399 player=38982 opponents=54176 candidates=25 before=2800 after=2800 rows=336
[1789024933591] [[32minfo[0m] [OcclusionAB] car=0 track=0 frame=16 mode=1 draw=146362 present=31435 prepare=22885 raster=52811 blit=16034 player=38533 opponents=54401 candidates=25 before=2800 after=1237 rows=336
[1789024933735] [[32minfo[0m] [HudStage] map_us=1415 total_us=3409 map_cached=true
[1789024933975] [[32minfo[0m] [OcclusionAB] car=0 track=0 frame=17 mode=0 draw=127534 present=31440 prepare=22646 raster=50786 blit=15944 player=37411 opponents=52058 candidates=25 before=2800 after=2800 rows=336
[1789024933984] [[32minfo[0m] [OcclusionAB] car=0 track=0 frame=17 mode=1 draw=127079 present=31499 prepare=22681 raster=50755 blit=14392 player=36616 opponents=51310 candidates=25 before=2800 after=1081 rows=336
[1789024934366] [[32minfo[0m] [OcclusionAB] car=0 track=0 frame=18 mode=0 draw=126532 present=31460 prepare=22794 raster=50424 blit=15968 player=37275 opponents=52010 candidates=26 before=2912 after=2912 rows=336
[1789024934375] [[32minfo[0m] [OcclusionAB] car=0 track=0 frame=18 mode=1 draw=124846 present=31460 prepare=22860 raster=50232 blit=13971 player=36523 opponents=50650 candidates=26 before=2912 after=1037 rows=336
[1789024934702] [[32minfo[0m] [OcclusionAB] car=0 track=0 frame=19 mode=0 draw=98909 present=31423 prepare=16560 raster=30058 blit=9447 player=37493 opponents=24766 candidates=21 before=2352 after=2352 rows=224
[1789024934710] [[32minfo[0m] [OcclusionAB] car=0 track=0 frame=19 mode=1 draw=98119 present=31445 prepare=16606 raster=30124 blit=8485 player=36842 opponents=24576 candidates=21 before=2352 after=809 rows=224
[1789024935097] [[32minfo[0m] [OcclusionAB] car=0 track=0 frame=20 mode=0 draw=129346 present=31478 prepare=22611 raster=52603 blit=18666 player=39546 opponents=54428 candidates=27 before=3024 after=3024 rows=336
[1789024935106] [[32minfo[0m] [OcclusionAB] car=0 track=0 frame=20 mode=1 draw=126759 present=31458 prepare=22689 raster=52810 blit=15935 player=38386 opponents=53143 candidates=27 before=3024 after=1280 rows=336
[1789024935430] [[32minfo[0m] [CarStage] car=0 panels=988 vertices=1313 tiles=1 prepare_us=9752 raster_us=21306 blit_us=12330
[1789024935528] [[32minfo[0m] [OcclusionAB] car=0 track=0 frame=21 mode=0 draw=150740 present=31478 prepare=22795 raster=50953 blit=27909 player=44601 opponents=58344 candidates=97 before=10864 after=10864 rows=336
[1789024935537] [[32minfo[0m] [OcclusionAB] car=0 track=0 frame=21 mode=1 draw=140813 present=31458 prepare=23098 raster=50975 blit=18532 player=38262 opponents=54438 candidates=97 before=10864 after=1634 rows=336
[1789024935585] [[32minfo[0m] [PaintStage] rows=138 clear_us=480 fill_us=11984 copy_us=3655
[1789024935586] [[32minfo[0m] [TrackStage] project_us=7579 paint_us=17345 lines_us=4 wireframe=false
[1789024935710] [[32minfo[0m] [RaceStage] track_us=31002 cars_us=104360 upscale_us=14295 scene_width=234 surfaces=370 cars=3 track_id=0 player_car=0 submitted=3 player_us=44050 opponents_us=59863 player_native=true
[1789024935919] [[32minfo[0m] [HudStage] map_us=1362 total_us=3366 map_cached=true
[1789024935975] [[32minfo[0m] [OcclusionAB] car=0 track=0 frame=22 mode=0 draw=167158 present=31465 prepare=22660 raster=47725 blit=33436 player=44050 opponents=59863 candidates=115 before=12880 after=12880 rows=336
[1789024935984] [[32minfo[0m] [OcclusionAB] car=0 track=0 frame=22 mode=1 draw=140621 present=31505 prepare=22643 raster=47730 blit=22120 player=38855 opponents=53732 candidates=115 before=12880 after=3087 rows=336
[1789024936326] [[32minfo[0m] [OcclusionAB] car=0 track=0 frame=23 mode=0 draw=108141 present=31436 prepare=16479 raster=28507 blit=12437 player=38543 opponents=25157 candidates=53 before=5936 after=5936 rows=224
[1789024936335] [[32minfo[0m] [OcclusionAB] car=0 track=0 frame=23 mode=1 draw=103597 present=31433 prepare=16584 raster=28018 blit=7530 player=33987 opponents=24322 candidates=53 before=5936 after=1555 rows=224
[1789024936722] [[32minfo[0m] [OcclusionAB] car=0 track=0 frame=24 mode=0 draw=135184 present=31458 prepare=22612 raster=45598 blit=26605 player=38789 opponents=56117 candidates=83 before=9296 after=9296 rows=336
[1789024936731] [[32minfo[0m] [OcclusionAB] car=0 track=0 frame=24 mode=1 draw=122535 present=31435 prepare=22651 raster=45592 blit=14074 player=34334 opponents=48080 candidates=83 before=9296 after=1207 rows=336
[1789024936749] [[32minfo[0m] [OcclusionAB] GROUP car=0 track=0 mismatches=0 stack_free=1276
[1789024937454] [[32minfo[0m] [CarStage] car=0 panels=988 vertices=1313 tiles=1 prepare_us=9677 raster_us=22502 blit_us=6987
[1789024937562] [[32minfo[0m] [OcclusionAB] car=0 track=1 frame=1 mode=0 draw=145060 present=31428 prepare=22509 raster=54284 blit=28167 player=40329 opponents=65882 candidates=36 before=4032 after=4032 rows=336
[1789024937570] [[32minfo[0m] [OcclusionAB] car=0 track=1 frame=1 mode=1 draw=136776 present=31471 prepare=22549 raster=54687 blit=20674 player=38911 opponents=59107 candidates=36 before=4032 after=1695 rows=336
[1789024937613] [[32minfo[0m] [PaintStage] rows=134 clear_us=453 fill_us=8524 copy_us=3580
[1789024937614] [[32minfo[0m] [TrackStage] project_us=5509 paint_us=13748 lines_us=4 wireframe=false
[1789024937730] [[32minfo[0m] [RaceStage] track_us=25239 cars_us=96525 upscale_us=14299 scene_width=234 surfaces=196 cars=3 track_id=1 player_car=0 submitted=3 player_us=42732 opponents_us=53331 player_native=true
[1789024937929] [[32minfo[0m] [HudStage] map_us=1370 total_us=3327 map_cached=true
[1789024937986] [[32minfo[0m] [OcclusionAB] car=0 track=1 frame=2 mode=0 draw=153557 present=31456 prepare=22522 raster=49651 blit=23793 player=42732 opponents=53331 candidates=75 before=8400 after=8400 rows=336
[1789024937994] [[32minfo[0m] [OcclusionAB] car=0 track=1 frame=2 mode=1 draw=131577 present=31498 prepare=22544 raster=49688 blit=16799 player=37815 opponents=51315 candidates=75 before=8400 after=2351 rows=336
[1789024938326] [[32minfo[0m] [OcclusionAB] car=0 track=1 frame=3 mode=0 draw=100742 present=31441 prepare=17078 raster=26357 blit=7823 player=33421 opponents=24160 candidates=29 before=3248 after=3248 rows=224
[1789024938334] [[32minfo[0m] [OcclusionAB] car=0 track=1 frame=3 mode=1 draw=99861 present=31447 prepare=16667 raster=26303 blit=7143 player=32370 opponents=23952 candidates=29 before=3248 after=803 rows=224
[1789024938684] [[32minfo[0m] [OcclusionAB] car=0 track=1 frame=4 mode=0 draw=110115 present=31459 prepare=22724 raster=36151 blit=8873 player=28661 opponents=39192 candidates=23 before=2576 after=2576 rows=336
[1789024938692] [[32minfo[0m] [OcclusionAB] car=0 track=1 frame=4 mode=1 draw=108869 present=31447 prepare=22776 raster=36150 blit=7728 player=28164 opponents=38589 candidates=23 before=2576 after=803 rows=336
[1789024939055] [[32minfo[0m] [OcclusionAB] car=0 track=1 frame=5 mode=0 draw=116076 present=31712 prepare=22792 raster=42643 blit=13138 player=33281 opponents=45393 candidates=20 before=2240 after=2240 rows=336
[1789024939063] [[32minfo[0m] [OcclusionAB] car=0 track=1 frame=5 mode=1 draw=115756 present=31463 prepare=22760 raster=42662 blit=12557 player=32796 opponents=45276 candidates=20 before=2240 after=1018 rows=336
[1789024939441] [[32minfo[0m] [OcclusionAB] car=0 track=1 frame=6 mode=0 draw=123394 present=31910 prepare=22854 raster=49484 blit=13948 player=35922 opponents=50462 candidates=18 before=2016 after=2016 rows=336
[1789024939449] [[32minfo[0m] [OcclusionAB] car=0 track=1 frame=6 mode=1 draw=123077 present=31482 prepare=22853 raster=49505 blit=13711 player=35995 opponents=50171 candidates=18 before=2016 after=1091 rows=336
[1789024939505] [[32minfo[0m] [CarStage] car=1 panels=661 vertices=954 tiles=1 prepare_us=6811 raster_us=9253 blit_us=2380
[1789024939643] [[32minfo[0m] [PaintStage] rows=154 clear_us=525 fill_us=4567 copy_us=3964
[1789024939644] [[32minfo[0m] [TrackStage] project_us=3583 paint_us=10335 lines_us=4 wireframe=false
[1789024939728] [[32minfo[0m] [RaceStage] track_us=19843 cars_us=63582 upscale_us=14303 scene_width=234 surfaces=55 cars=3 track_id=1 player_car=0 submitted=3 player_us=38317 opponents_us=24782 player_native=true
[1789024939796] [[32minfo[0m] [OcclusionAB] car=0 track=1 frame=7 mode=0 draw=115098 present=31453 prepare=16636 raster=31743 blit=8386 player=38317 opponents=24782 candidates=12 before=1344 after=1344 rows=224
[1789024939804] [[32minfo[0m] [OcclusionAB] car=0 track=1 frame=7 mode=1 draw=100964 present=31423 prepare=16792 raster=31803 blit=8485 player=38682 opponents=25897 candidates=12 before=1344 after=761 rows=224
[1789024939953] [[32minfo[0m] [HudStage] map_us=1422 total_us=3425 map_cached=true
[1789024940196] [[32minfo[0m] [OcclusionAB] car=0 track=1 frame=8 mode=0 draw=131660 present=31499 prepare=22853 raster=55940 blit=15740 player=39426 opponents=55206 candidates=16 before=1792 after=1792 rows=336
[1789024940204] [[32minfo[0m] [OcclusionAB] car=0 track=1 frame=8 mode=1 draw=130468 present=31461 prepare=23154 raster=55930 blit=15360 player=39562 opponents=54997 candidates=16 before=1792 after=1066 rows=336
[1789024940619] [[32minfo[0m] [OcclusionAB] car=0 track=1 frame=9 mode=0 draw=145453 present=31481 prepare=22823 raster=54253 blit=28212 player=39380 opponents=66017 candidates=36 before=4032 after=4032 rows=336
[1789024940627] [[32minfo[0m] [OcclusionAB] car=0 track=1 frame=9 mode=1 draw=139437 present=31448 prepare=22937 raster=54763 blit=20739 player=38710 opponents=59831 candidates=36 before=4032 after=1695 rows=336
[1789024941029] [[32minfo[0m] [OcclusionAB] car=0 track=1 frame=10 mode=0 draw=139376 present=31447 prepare=22790 raster=49664 blit=23947 player=42940 opponents=53553 candidates=75 before=8400 after=8400 rows=336
[1789024941038] [[32minfo[0m] [OcclusionAB] car=0 track=1 frame=10 mode=1 draw=132318 present=31450 prepare=22764 raster=49703 blit=17047 player=38058 opponents=51549 candidates=75 before=8400 after=2353 rows=336
[1789024941370] [[32minfo[0m] [OcclusionAB] car=0 track=1 frame=11 mode=0 draw=101383 present=31473 prepare=16714 raster=26274 blit=7846 player=32969 opponents=24106 candidates=29 before=3248 after=3248 rows=224
[1789024941378] [[32minfo[0m] [OcclusionAB] car=0 track=1 frame=11 mode=1 draw=100273 present=31431 prepare=16656 raster=26299 blit=7154 player=32426 opponents=23856 candidates=29 before=3248 after=803 rows=224
[1789024941604] [[32minfo[0m] [CarStage] car=1 panels=661 vertices=954 tiles=1 prepare_us=6784 raster_us=7953 blit_us=2005
[1789024941729] [[32minfo[0m] [OcclusionAB] car=0 track=1 frame=12 mode=0 draw=110284 present=31463 prepare=22804 raster=36175 blit=8791 player=28640 opponents=39225 candidates=23 before=2576 after=2576 rows=336
[1789024941737] [[32minfo[0m] [OcclusionAB] car=0 track=1 frame=12 mode=1 draw=110433 present=31458 prepare=22879 raster=36279 blit=7769 player=28466 opponents=39726 candidates=23 before=2576 after=804 rows=336
[1789024941776] [[32minfo[0m] [PaintStage] rows=180 clear_us=624 fill_us=5189 copy_us=4558
[1789024941777] [[32minfo[0m] [TrackStage] project_us=3702 paint_us=11568 lines_us=4 wireframe=false
[1789024941875] [[32minfo[0m] [RaceStage] track_us=21261 cars_us=78543 upscale_us=14278 scene_width=234 surfaces=61 cars=3 track_id=1 player_car=0 submitted=3 player_us=32810 opponents_us=45243 player_native=true
[1789024942059] [[32minfo[0m] [HudStage] map_us=1428 total_us=3369 map_cached=true
[1789024942116] [[32minfo[0m] [OcclusionAB] car=0 track=1 frame=13 mode=0 draw=117294 present=31505 prepare=23011 raster=42543 blit=13150 player=33295 opponents=45510 candidates=20 before=2240 after=2240 rows=336
[1789024942124] [[32minfo[0m] [OcclusionAB] car=0 track=1 frame=13 mode=1 draw=131552 present=31432 prepare=22812 raster=42549 blit=12588 player=32810 opponents=45243 candidates=20 before=2240 after=1018 rows=336
[1789024942502] [[32minfo[0m] [OcclusionAB] car=0 track=1 frame=14 mode=0 draw=123733 present=31452 prepare=22852 raster=50070 blit=13996 player=35973 opponents=51049 candidates=18 before=2016 after=2016 rows=336
[1789024942511] [[32minfo[0m] [OcclusionAB] car=0 track=1 frame=14 mode=1 draw=122846 present=31461 prepare=22879 raster=49586 blit=13754 player=36028 opponents=50293 candidates=18 before=2016 after=1091 rows=336
[1789024942839] [[32minfo[0m] [OcclusionAB] car=0 track=1 frame=15 mode=0 draw=98905 present=31436 prepare=16680 raster=31702 blit=8391 player=38303 opponents=24786 candidates=12 before=1344 after=1344 rows=224
[1789024942847] [[32minfo[0m] [OcclusionAB] car=0 track=1 frame=15 mode=1 draw=99104 present=31438 prepare=16672 raster=31716 blit=8454 player=38402 opponents=24681 candidates=12 before=1344 after=761 rows=224
[1789024943239] [[32minfo[0m] [OcclusionAB] car=0 track=1 frame=16 mode=0 draw=130560 present=31456 prepare=22789 raster=55974 blit=15762 player=39434 opponents=55189 candidates=16 before=1792 after=1792 rows=336
[1789024943248] [[32minfo[0m] [OcclusionAB] car=0 track=1 frame=16 mode=1 draw=129949 present=31448 prepare=22830 raster=55970 blit=15304 player=39494 opponents=54707 candidates=16 before=1792 after=1066 rows=336
[1789024943659] [[32minfo[0m] [OcclusionAB] car=0 track=1 frame=17 mode=0 draw=144292 present=31469 prepare=22841 raster=54234 blit=28115 player=39348 opponents=65945 candidates=36 before=4032 after=4032 rows=336
[1789024943668] [[32minfo[0m] [OcclusionAB] car=0 track=1 frame=17 mode=1 draw=136963 present=31473 prepare=22797 raster=54239 blit=20629 player=38479 opponents=59321 candidates=36 before=4032 after=1695 rows=336
[1789024943730] [[32minfo[0m] [CarStage] car=1 panels=661 vertices=954 tiles=1 prepare_us=6821 raster_us=8875 blit_us=4135
[1789024943905] [[32minfo[0m] [PaintStage] rows=135 clear_us=471 fill_us=8632 copy_us=3585
[1789024943906] [[32minfo[0m] [TrackStage] project_us=5524 paint_us=13883 lines_us=8 wireframe=false
[1789024944017] [[32minfo[0m] [RaceStage] track_us=25388 cars_us=89968 upscale_us=14327 scene_width=234 surfaces=196 cars=3 track_id=1 player_car=0 submitted=3 player_us=37950 opponents_us=51541 player_native=true
[1789024944085] [[32minfo[0m] [OcclusionAB] car=0 track=1 frame=18 mode=0 draw=139600 present=31451 prepare=22967 raster=49757 blit=23786 player=43125 opponents=54608 candidates=75 before=8400 after=8400 rows=336
[1789024944094] [[32minfo[0m] [OcclusionAB] car=0 track=1 frame=18 mode=1 draw=147218 present=31467 prepare=22841 raster=49690 blit=16859 player=37950 opponents=51541 candidates=75 before=8400 after=2351 rows=336
[1789024944212] [[32minfo[0m] [HudStage] map_us=1407 total_us=3515 map_cached=true
[1789024944425] [[32minfo[0m] [OcclusionAB] car=0 track=1 frame=19 mode=0 draw=100320 present=31443 prepare=16664 raster=26312 blit=7767 player=32898 opponents=24028 candidates=29 before=3248 after=3248 rows=224
[1789024944433] [[32minfo[0m] [OcclusionAB] car=0 track=1 frame=19 mode=1 draw=100727 present=31931 prepare=16651 raster=26338 blit=7125 player=32391 opponents=23905 candidates=29 before=3248 after=820 rows=224
[1789024944783] [[32minfo[0m] [OcclusionAB] car=0 track=1 frame=20 mode=0 draw=110180 present=31482 prepare=22756 raster=36143 blit=8862 player=28663 opponents=39196 candidates=23 before=2576 after=2576 rows=336
[1789024944791] [[32minfo[0m] [OcclusionAB] car=0 track=1 frame=20 mode=1 draw=108921 present=31474 prepare=22788 raster=36135 blit=7726 player=28148 opponents=38599 candidates=23 before=2576 after=804 rows=336
[1789024945154] [[32minfo[0m] [OcclusionAB] car=0 track=1 frame=21 mode=0 draw=116425 present=31455 prepare=22897 raster=42561 blit=13126 player=33456 opponents=45228 candidates=20 before=2240 after=2240 rows=336
[1789024945163] [[32minfo[0m] [OcclusionAB] car=0 track=1 frame=21 mode=1 draw=115698 present=31453 prepare=22848 raster=42542 blit=12523 player=32796 opponents=45212 candidates=20 before=2240 after=1020 rows=336
[1789024945543] [[32minfo[0m] [OcclusionAB] car=0 track=1 frame=22 mode=0 draw=125439 present=31458 prepare=23477 raster=49960 blit=13961 player=36916 opponents=50585 candidates=18 before=2016 after=2016 rows=336
[1789024945552] [[32minfo[0m] [OcclusionAB] car=0 track=1 frame=22 mode=1 draw=124070 present=31474 prepare=22880 raster=49585 blit=13753 player=36020 opponents=50298 candidates=18 before=2016 after=1091 rows=336
[1789024945765] [[32minfo[0m] [CarStage] car=1 panels=661 vertices=954 tiles=1 prepare_us=6803 raster_us=9250 blit_us=2428
[1789024945885] [[32minfo[0m] [OcclusionAB] car=0 track=1 frame=23 mode=0 draw=102047 present=31446 prepare=16794 raster=31798 blit=8507 player=38663 opponents=25922 candidates=12 before=1344 after=1344 rows=224
[1789024945893] [[32minfo[0m] [OcclusionAB] car=0 track=1 frame=23 mode=1 draw=100775 present=31461 prepare=16683 raster=31752 blit=8468 player=38432 opponents=24770 candidates=12 before=1344 after=761 rows=224
[1789024945932] [[32minfo[0m] [PaintStage] rows=139 clear_us=495 fill_us=5868 copy_us=3707
[1789024945933] [[32minfo[0m] [TrackStage] project_us=4312 paint_us=11253 lines_us=4 wireframe=false
[1789024946067] [[32minfo[0m] [RaceStage] track_us=21574 cars_us=114180 upscale_us=14306 scene_width=234 surfaces=110 cars=3 track_id=1 player_car=0 submitted=3 player_us=47167 opponents_us=66530 player_native=true
[1789024946274] [[32minfo[0m] [HudStage] map_us=1453 total_us=3478 map_cached=true
[1789024946331] [[32minfo[0m] [OcclusionAB] car=0 track=1 frame=24 mode=0 draw=167680 present=31459 prepare=22819 raster=56156 blit=34617 player=47167 opponents=66530 candidates=75 before=8400 after=8400 rows=336
[1789024946339] [[32minfo[0m] [OcclusionAB] car=0 track=1 frame=24 mode=1 draw=139463 present=31473 prepare=22790 raster=56446 blit=21182 player=42554 opponents=57969 candidates=75 before=8400 after=2034 rows=336
[1789024946358] [[32minfo[0m] [OcclusionAB] GROUP car=0 track=1 mismatches=0 stack_free=1276
[1789024946416] [[32minfo[0m] [RacerMaterial] texture_side=32 entries=17 fallback_panels=0 map_cached=true
[1789024947164] [[32minfo[0m] [OcclusionAB] car=1 track=0 frame=1 mode=0 draw=123912 present=31462 prepare=24065 raster=49576 blit=12965 player=33448 opponents=53272 candidates=24 before=2688 after=2688 rows=336
[1789024947172] [[32minfo[0m] [OcclusionAB] car=1 track=0 frame=1 mode=1 draw=121295 present=31464 prepare=23976 raster=49560 blit=10681 player=32641 opponents=51674 candidates=24 before=2688 after=756 rows=336
[1789024947547] [[32minfo[0m] [OcclusionAB] car=1 track=0 frame=2 mode=0 draw=124413 present=31422 prepare=24542 raster=49434 blit=14495 player=34728 opponents=53837 candidates=41 before=4592 after=4592 rows=336
[1789024947555] [[32minfo[0m] [OcclusionAB] car=1 track=0 frame=2 mode=1 draw=119977 present=31473 prepare=23920 raster=49327 blit=10980 player=32802 opponents=51514 candidates=41 before=4592 after=879 rows=336
[1789024947811] [[32minfo[0m] [CarStage] car=1 panels=1021 vertices=1354 tiles=1 prepare_us=9863 raster_us=18866 blit_us=7452
[1789024947880] [[32minfo[0m] [OcclusionAB] car=1 track=0 frame=3 mode=0 draw=98063 present=31450 prepare=15893 raster=27066 blit=10633 player=37408 opponents=25606 candidates=38 before=4256 after=4256 rows=224
[1789024947888] [[32minfo[0m] [OcclusionAB] car=1 track=0 frame=3 mode=1 draw=96190 present=31450 prepare=15959 raster=27054 blit=9994 player=35791 opponents=25302 candidates=38 before=4256 after=1270 rows=224
[1789024948108] [[32minfo[0m] [PaintStage] rows=146 clear_us=515 fill_us=6147 copy_us=3801
[1789024948109] [[32minfo[0m] [TrackStage] project_us=4972 paint_us=11667 lines_us=4 wireframe=false
[1789024948212] [[32minfo[0m] [RaceStage] track_us=22637 cars_us=82925 upscale_us=14330 scene_width=234 surfaces=118 cars=3 track_id=0 player_car=1 submitted=3 player_us=32569 opponents_us=49955 player_native=true
[1789024948280] [[32minfo[0m] [OcclusionAB] car=1 track=0 frame=4 mode=0 draw=124212 present=31456 prepare=24341 raster=46564 blit=14132 player=33882 opponents=51256 candidates=35 before=3920 after=3920 rows=336
[1789024948288] [[32minfo[0m] [OcclusionAB] car=1 track=0 frame=4 mode=1 draw=137093 present=31870 prepare=24405 raster=46514 blit=11511 player=32569 opponents=49955 candidates=35 before=3920 after=1109 rows=336
[1789024948427] [[32minfo[0m] [HudStage] map_us=1366 total_us=3361 map_cached=true
[1789024948663] [[32minfo[0m] [OcclusionAB] car=1 track=0 frame=5 mode=0 draw=123016 present=31452 prepare=24346 raster=47188 blit=13055 player=33180 opponents=51501 candidates=27 before=3024 after=3024 rows=336
[1789024948671] [[32minfo[0m] [OcclusionAB] car=1 track=0 frame=5 mode=1 draw=121256 present=31496 prepare=24333 raster=47206 blit=10200 player=32113 opponents=49723 candidates=27 before=3024 after=833 rows=336
[1789024949042] [[32minfo[0m] [OcclusionAB] car=1 track=0 frame=6 mode=0 draw=121321 present=31492 prepare=24364 raster=47092 blit=12504 player=33030 opponents=51025 candidates=26 before=2912 after=2912 rows=336
[1789024949051] [[32minfo[0m] [OcclusionAB] car=1 track=0 frame=6 mode=1 draw=118854 present=31452 prepare=24385 raster=47141 blit=10004 player=31927 opponents=49699 candidates=26 before=2912 after=796 rows=336
[1789024949370] [[32minfo[0m] [OcclusionAB] car=1 track=0 frame=7 mode=0 draw=95636 present=31468 prepare=16336 raster=27154 blit=7525 player=33454 opponents=25798 candidates=33 before=3696 after=3696 rows=224
[1789024949378] [[32minfo[0m] [OcclusionAB] car=1 track=0 frame=7 mode=1 draw=93611 present=31416 prepare=16166 raster=26618 blit=6105 player=32203 opponents=24905 candidates=33 before=3696 after=687 rows=224
[1789024949758] [[32minfo[0m] [OcclusionAB] car=1 track=0 frame=8 mode=0 draw=125796 present=31439 prepare=24321 raster=46821 blit=18798 player=36014 opponents=54019 candidates=47 before=5264 after=5264 rows=336
[1789024949766] [[32minfo[0m] [OcclusionAB] car=1 track=0 frame=8 mode=1 draw=124066 present=31438 prepare=24303 raster=46881 blit=17150 player=35531 opponents=52900 candidates=47 before=5264 after=1613 rows=336
[1789024949835] [[32minfo[0m] [CarStage] car=2 panels=607 vertices=801 tiles=1 prepare_us=6074 raster_us=8276 blit_us=2681
[1789024950173] [[32minfo[0m] [OcclusionAB] car=1 track=0 frame=9 mode=0 draw=138819 present=31452 prepare=24448 raster=47827 blit=15409 player=35012 opponents=52767 candidates=33 before=3696 after=3696 rows=336
[1789024950181] [[32minfo[0m] [OcclusionAB] car=1 track=0 frame=9 mode=1 draw=137176 present=31467 prepare=24484 raster=47881 blit=12610 player=33763 opponents=52421 candidates=33 before=3696 after=1105 rows=336
[1789024950230] [[32minfo[0m] [PaintStage] rows=227 clear_us=794 fill_us=11925 copy_us=5394
[1789024950231] [[32minfo[0m] [TrackStage] project_us=6687 paint_us=19403 lines_us=4 wireframe=false
[1789024950341] [[32minfo[0m] [RaceStage] track_us=32134 cars_us=88974 upscale_us=14524 scene_width=234 surfaces=312 cars=3 track_id=0 player_car=1 submitted=3 player_us=34608 opponents_us=53934 player_native=true
[1789024950542] [[32minfo[0m] [HudStage] map_us=1384 total_us=3356 map_cached=true
[1789024950599] [[32minfo[0m] [OcclusionAB] car=1 track=0 frame=10 mode=0 draw=153051 present=31426 prepare=24473 raster=49880 blit=14082 player=34608 opponents=53934 candidates=25 before=2800 after=2800 rows=336
[1789024950607] [[32minfo[0m] [OcclusionAB] car=1 track=0 frame=10 mode=1 draw=134293 present=31520 prepare=24333 raster=49352 blit=11328 player=33108 opponents=51999 candidates=25 before=2800 after=780 rows=336
[1789024950945] [[32minfo[0m] [OcclusionAB] car=1 track=0 frame=11 mode=0 draw=104116 present=31426 prepare=16168 raster=27241 blit=7295 player=33950 opponents=24971 candidates=18 before=2016 after=2016 rows=224
[1789024950954] [[32minfo[0m] [OcclusionAB] car=1 track=0 frame=11 mode=1 draw=103117 present=31456 prepare=16195 raster=27231 blit=6201 player=33046 opponents=24794 candidates=18 before=2016 after=537 rows=224
[1789024951335] [[32minfo[0m] [OcclusionAB] car=1 track=0 frame=12 mode=0 draw=126877 present=31454 prepare=24648 raster=49912 blit=13331 player=33927 opponents=54065 candidates=23 before=2576 after=2576 rows=336
[1789024951344] [[32minfo[0m] [OcclusionAB] car=1 track=0 frame=12 mode=1 draw=124674 present=31436 prepare=24783 raster=49971 blit=11055 player=32947 opponents=52961 candidates=23 before=2576 after=745 rows=336
[1789024951725] [[32minfo[0m] [OcclusionAB] car=1 track=0 frame=13 mode=0 draw=126651 present=31454 prepare=24368 raster=50778 blit=14102 player=34324 opponents=55018 candidates=23 before=2576 after=2576 rows=336
[1789024951734] [[32minfo[0m] [OcclusionAB] car=1 track=0 frame=13 mode=1 draw=125148 present=31450 prepare=24401 raster=50766 blit=12346 player=33994 opponents=53631 candidates=23 before=2576 after=861 rows=336
[1789024951839] [[32minfo[0m] [CarStage] car=1 panels=1021 vertices=1354 tiles=1 prepare_us=10036 raster_us=19935 blit_us=6408
[1789024952123] [[32minfo[0m] [OcclusionAB] car=1 track=0 frame=14 mode=0 draw=130880 present=31478 prepare=24514 raster=52430 blit=16325 player=37607 opponents=56965 candidates=27 before=3024 after=3024 rows=336
[1789024952132] [[32minfo[0m] [OcclusionAB] car=1 track=0 frame=14 mode=1 draw=127831 present=31466 prepare=24619 raster=52426 blit=14460 player=35702 opponents=55901 candidates=27 before=3024 after=1068 rows=336
[1789024952322] [[32minfo[0m] [PaintStage] rows=141 clear_us=484 fill_us=4424 copy_us=3750
[1789024952323] [[32minfo[0m] [TrackStage] project_us=2924 paint_us=9851 lines_us=4 wireframe=false
[1789024952408] [[32minfo[0m] [RaceStage] track_us=18683 cars_us=65235 upscale_us=14274 scene_width=234 surfaces=42 cars=3 track_id=0 player_car=1 submitted=3 player_us=38979 opponents_us=25836 player_native=true
[1789024952476] [[32minfo[0m] [OcclusionAB] car=1 track=0 frame=15 mode=0 draw=115591 present=31465 prepare=16212 raster=30071 blit=10243 player=38979 opponents=25836 candidates=22 before=2464 after=2464 rows=224
[1789024952485] [[32minfo[0m] [OcclusionAB] car=1 track=0 frame=15 mode=1 draw=99077 present=31601 prepare=16191 raster=30082 blit=9116 player=38066 opponents=25532 candidates=22 before=2464 after=958 rows=224
[1789024952641] [[32minfo[0m] [HudStage] map_us=1380 total_us=3359 map_cached=true
[1789024952891] [[32minfo[0m] [OcclusionAB] car=1 track=0 frame=16 mode=0 draw=138751 present=31490 prepare=24410 raster=58173 blit=17369 player=39118 opponents=60928 candidates=25 before=2800 after=2800 rows=336
[1789024952900] [[32minfo[0m] [OcclusionAB] car=1 track=0 frame=16 mode=1 draw=136713 present=31490 prepare=24386 raster=58158 blit=16477 player=38650 opponents=60466 candidates=25 before=2800 after=1224 rows=336
[1789024953299] [[32minfo[0m] [OcclusionAB] car=1 track=0 frame=17 mode=0 draw=134769 present=31997 prepare=24360 raster=55803 blit=16591 player=37769 opponents=59078 candidates=25 before=2800 after=2800 rows=336
[1789024953308] [[32minfo[0m] [OcclusionAB] car=1 track=0 frame=17 mode=1 draw=133585 present=31490 prepare=24373 raster=56009 blit=15072 player=37048 opponents=58501 candidates=25 before=2800 after=1081 rows=336
[1789024953703] [[32minfo[0m] [OcclusionAB] car=1 track=0 frame=18 mode=0 draw=133323 present=31457 prepare=24338 raster=55085 blit=16535 player=37439 opponents=58611 candidates=26 before=2912 after=2912 rows=336
[1789024953712] [[32minfo[0m] [OcclusionAB] car=1 track=0 frame=18 mode=1 draw=131166 present=31462 prepare=24340 raster=55092 blit=14421 player=36526 opponents=57424 candidates=26 before=2912 after=1027 rows=336
[1789024953922] [[32minfo[0m] [CarStage] car=2 panels=607 vertices=801 tiles=1 prepare_us=6129 raster_us=8621 blit_us=2780
[1789024954044] [[32minfo[0m] [OcclusionAB] car=1 track=0 frame=19 mode=0 draw=101782 present=31441 prepare=16366 raster=29823 blit=9585 player=38290 opponents=26804 candidates=21 before=2352 after=2352 rows=224
[1789024954052] [[32minfo[0m] [OcclusionAB] car=1 track=0 frame=19 mode=1 draw=99458 present=31443 prepare=16228 raster=29726 blit=8628 player=37262 opponents=25564 candidates=21 before=2352 after=809 rows=224
[1789024954454] [[32minfo[0m] [OcclusionAB] car=1 track=0 frame=20 mode=0 draw=137100 present=31459 prepare=24366 raster=57930 blit=19326 player=39972 opponents=61746 candidates=27 before=3024 after=3024 rows=336
[1789024954463] [[32minfo[0m] [OcclusionAB] car=1 track=0 frame=20 mode=1 draw=134194 present=31441 prepare=24413 raster=57979 blit=16352 player=38813 opponents=60030 candidates=27 before=3024 after=1280 rows=336
[1789024954511] [[32minfo[0m] [PaintStage] rows=130 clear_us=463 fill_us=12276 copy_us=3461
[1789024954512] [[32minfo[0m] [TrackStage] project_us=8229 paint_us=17505 lines_us=4 wireframe=false
[1789024954633] [[32minfo[0m] [RaceStage] track_us=31792 cars_us=99910 upscale_us=14300 scene_width=234 surfaces=442 cars=3 track_id=0 player_car=1 submitted=3 player_us=38735 opponents_us=60751 player_native=true
[1789024954645] [[32minfo[0m] [HudStage] map_us=1417 total_us=3421 map_cached=true
[1789024954918] [[32minfo[0m] [OcclusionAB] car=1 track=0 frame=21 mode=0 draw=157254 present=31440 prepare=24315 raster=56216 blit=28686 player=43963 opponents=65346 candidates=97 before=10864 after=10864 rows=336
[1789024954927] [[32minfo[0m] [OcclusionAB] car=1 track=0 frame=21 mode=1 draw=167488 present=31444 prepare=24343 raster=56202 blit=18836 player=38735 opponents=60751 candidates=97 before=10864 after=1634 rows=336
[1789024955365] [[32minfo[0m] [OcclusionAB] car=1 track=0 frame=22 mode=0 draw=159177 present=31469 prepare=24361 raster=52739 blit=34829 player=44830 opponents=67207 candidates=115 before=12880 after=12880 rows=336
[1789024955374] [[32minfo[0m] [OcclusionAB] car=1 track=0 frame=22 mode=1 draw=147937 present=31443 prepare=24541 raster=52902 blit=23247 player=39949 opponents=61018 candidates=115 before=12880 after=3079 rows=336
[1789024955718] [[32minfo[0m] [OcclusionAB] car=1 track=0 frame=23 mode=0 draw=108858 present=31443 prepare=16108 raster=27597 blit=12499 player=38413 opponents=26038 candidates=53 before=5936 after=5936 rows=224
[1789024955727] [[32minfo[0m] [OcclusionAB] car=1 track=0 frame=23 mode=1 draw=104104 present=31431 prepare=16199 raster=27585 blit=7576 player=34348 opponents=25209 candidates=53 before=5936 after=1542 rows=224
[1789024955983] [[32minfo[0m] [CarStage] car=2 panels=607 vertices=801 tiles=1 prepare_us=6100 raster_us=8269 blit_us=2591
[1789024956131] [[32minfo[0m] [OcclusionAB] car=1 track=0 frame=24 mode=0 draw=142665 present=31476 prepare=24354 raster=50039 blit=27969 player=39223 opponents=63239 candidates=83 before=9296 after=9296 rows=336
[1789024956140] [[32minfo[0m] [OcclusionAB] car=1 track=0 frame=24 mode=1 draw=130985 present=31482 prepare=24627 raster=50075 blit=14917 player=35230 opponents=55599 candidates=83 before=9296 after=1201 rows=336
[1789024956158] [[32minfo[0m] [OcclusionAB] GROUP car=1 track=0 mismatches=0 stack_free=1276
[1789024956615] [[32minfo[0m] [PaintStage] rows=128 clear_us=428 fill_us=6884 copy_us=3549
[1789024956616] [[32minfo[0m] [TrackStage] project_us=4622 paint_us=12091 lines_us=4 wireframe=false
[1789024956742] [[32minfo[0m] [RaceStage] track_us=22669 cars_us=105936 upscale_us=14305 scene_width=234 surfaces=134 cars=3 track_id=1 player_car=1 submitted=3 player_us=38683 opponents_us=66795 player_native=true
[1789024956754] [[32minfo[0m] [HudStage] map_us=1442 total_us=3443 map_cached=true
[1789024957022] [[32minfo[0m] [OcclusionAB] car=1 track=1 frame=1 mode=0 draw=152462 present=31443 prepare=24087 raster=59582 blit=29755 player=39611 opponents=73918 candidates=36 before=4032 after=4032 rows=336
[1789024957030] [[32minfo[0m] [OcclusionAB] car=1 track=1 frame=1 mode=1 draw=164322 present=31459 prepare=24169 raster=59632 blit=21579 player=38683 opponents=66795 candidates=36 before=4032 after=1689 rows=336
[1789024957444] [[32minfo[0m] [OcclusionAB] car=1 track=1 frame=2 mode=0 draw=144887 present=31489 prepare=24286 raster=54630 blit=24295 player=43202 opponents=60103 candidates=75 before=8400 after=8400 rows=336
[1789024957452] [[32minfo[0m] [OcclusionAB] car=1 track=1 frame=2 mode=1 draw=138222 present=31475 prepare=24272 raster=54657 blit=17183 player=38218 opponents=57992 candidates=75 before=8400 after=2332 rows=336
[1789024957785] [[32minfo[0m] [OcclusionAB] car=1 track=1 frame=3 mode=0 draw=101462 present=31452 prepare=16259 raster=25989 blit=7797 player=33303 opponents=25060 candidates=29 before=3248 after=3248 rows=224
[1789024957793] [[32minfo[0m] [OcclusionAB] car=1 track=1 frame=3 mode=1 draw=100950 present=31410 prepare=16230 raster=25994 blit=7101 player=32738 opponents=24868 candidates=29 before=3248 after=803 rows=224
[1789024958023] [[32minfo[0m] [CarStage] car=2 panels=607 vertices=801 tiles=1 prepare_us=6119 raster_us=7518 blit_us=2004
[1789024958154] [[32minfo[0m] [OcclusionAB] car=1 track=1 frame=4 mode=0 draw=115400 present=31473 prepare=24450 raster=39321 blit=9180 player=29073 opponents=43976 candidates=23 before=2576 after=2576 rows=336
[1789024958162] [[32minfo[0m] [OcclusionAB] car=1 track=1 frame=4 mode=1 draw=115646 present=31435 prepare=24620 raster=39310 blit=8085 player=28902 opponents=44341 candidates=23 before=2576 after=802 rows=336
[1789024958537] [[32minfo[0m] [OcclusionAB] car=1 track=1 frame=5 mode=0 draw=122417 present=31471 prepare=24474 raster=46993 blit=13401 player=33679 opponents=51288 candidates=20 before=2240 after=2240 rows=336
[1789024958545] [[32minfo[0m] [OcclusionAB] car=1 track=1 frame=5 mode=1 draw=122628 present=31450 prepare=24607 raster=47403 blit=12925 player=33760 opponents=51272 candidates=20 before=2240 after=1012 rows=336
[1789024958770] [[32minfo[0m] [PaintStage] rows=167 clear_us=577 fill_us=4961 copy_us=4229
[1789024958771] [[32minfo[0m] [TrackStage] project_us=3565 paint_us=11001 lines_us=4 wireframe=false
[1789024958885] [[32minfo[0m] [RaceStage] track_us=20550 cars_us=93975 upscale_us=14311 scene_width=234 surfaces=61 cars=3 track_id=1 player_car=1 submitted=3 player_us=36412 opponents_us=57084 player_native=true
[1789024958897] [[32minfo[0m] [HudStage] map_us=1473 total_us=3484 map_cached=true
[1789024958957] [[32minfo[0m] [OcclusionAB] car=1 track=1 frame=6 mode=0 draw=130656 present=31496 prepare=24535 raster=54670 blit=14366 player=36346 opponents=57331 candidates=18 before=2016 after=2016 rows=336
[1789024958965] [[32minfo[0m] [OcclusionAB] car=1 track=1 frame=6 mode=1 draw=150113 present=31497 prepare=24514 raster=54722 blit=14149 player=36412 opponents=57084 candidates=18 before=2016 after=1091 rows=336
[1789024959298] [[32minfo[0m] [OcclusionAB] car=1 track=1 frame=7 mode=0 draw=100712 present=31980 prepare=16294 raster=31323 blit=8520 player=38688 opponents=25878 candidates=12 before=1344 after=1344 rows=224
[1789024959306] [[32minfo[0m] [OcclusionAB] car=1 track=1 frame=7 mode=1 draw=101335 present=31424 prepare=16368 raster=31412 blit=8519 player=38907 opponents=25816 candidates=12 before=1344 after=755 rows=224
[1789024959713] [[32minfo[0m] [OcclusionAB] car=1 track=1 frame=8 mode=0 draw=138451 present=31467 prepare=24546 raster=61499 blit=16305 player=39726 opponents=62726 candidates=16 before=1792 after=1792 rows=336
[1789024959721] [[32minfo[0m] [OcclusionAB] car=1 track=1 frame=8 mode=1 draw=137779 present=31453 prepare=24540 raster=61462 blit=15834 player=39768 opponents=62166 candidates=16 before=1792 after=1066 rows=336
[1789024960036] [[32minfo[0m] [CarStage] car=1 panels=1021 vertices=1354 tiles=1 prepare_us=10125 raster_us=22465 blit_us=7404
[1789024960154] [[32minfo[0m] [OcclusionAB] car=1 track=1 frame=9 mode=0 draw=155740 present=31469 prepare=24628 raster=59578 blit=30131 player=41215 opponents=74421 candidates=36 before=4032 after=4032 rows=336
[1789024960162] [[32minfo[0m] [OcclusionAB] car=1 track=1 frame=9 mode=1 draw=146203 present=31480 prepare=24520 raster=59612 blit=21685 player=38869 opponents=67047 candidates=36 before=4032 after=1689 rows=336
[1789024960580] [[32minfo[0m] [OcclusionAB] car=1 track=1 frame=10 mode=0 draw=147519 present=31467 prepare=24544 raster=55429 blit=24557 player=44219 opponents=60413 candidates=75 before=8400 after=8400 rows=336
[1789024960589] [[32minfo[0m] [OcclusionAB] car=1 track=1 frame=10 mode=1 draw=139446 present=31506 prepare=24566 raster=54644 blit=17484 player=38463 opponents=58336 candidates=75 before=8400 after=2334 rows=336
[1789024960790] [[32minfo[0m] [PaintStage] rows=171 clear_us=597 fill_us=9104 copy_us=4548
[1789024960791] [[32minfo[0m] [TrackStage] project_us=5991 paint_us=15465 lines_us=5 wireframe=false
[1789024960871] [[32minfo[0m] [RaceStage] track_us=27439 cars_us=58846 upscale_us=14298 scene_width=234 surfaces=223 cars=3 track_id=1 player_car=1 submitted=3 player_us=33318 opponents_us=25042 player_native=true
[1789024960939] [[32minfo[0m] [OcclusionAB] car=1 track=1 frame=11 mode=0 draw=118056 present=31438 prepare=16220 raster=25945 blit=7855 player=33318 opponents=25042 candidates=29 before=3248 after=3248 rows=224
[1789024960947] [[32minfo[0m] [OcclusionAB] car=1 track=1 frame=11 mode=1 draw=101572 present=31442 prepare=16281 raster=25964 blit=7181 player=32822 opponents=24898 candidates=29 before=3248 after=803 rows=224
[1789024961082] [[32minfo[0m] [HudStage] map_us=1438 total_us=3373 map_cached=true
[1789024961310] [[32minfo[0m] [OcclusionAB] car=1 track=1 frame=12 mode=0 draw=116873 present=31487 prepare=24793 raster=39318 blit=9247 player=29390 opponents=44074 candidates=23 before=2576 after=2576 rows=336
[1789024961318] [[32minfo[0m] [OcclusionAB] car=1 track=1 frame=12 mode=1 draw=114278 present=32016 prepare=24498 raster=39328 blit=7979 player=28609 opponents=43293 candidates=23 before=2576 after=803 rows=336
[1789024961693] [[32minfo[0m] [OcclusionAB] car=1 track=1 frame=13 mode=0 draw=122336 present=31456 prepare=24495 raster=46804 blit=13402 player=33670 opponents=51127 candidates=20 before=2240 after=2240 rows=336
[1789024961702] [[32minfo[0m] [OcclusionAB] car=1 track=1 frame=13 mode=1 draw=121828 present=31462 prepare=24503 raster=46811 blit=12809 player=33174 opponents=51049 candidates=20 before=2240 after=1012 rows=336
[1789024962093] [[32minfo[0m] [OcclusionAB] car=1 track=1 frame=14 mode=0 draw=130325 present=31489 prepare=24518 raster=54556 blit=14479 player=36370 opponents=57280 candidates=18 before=2016 after=2016 rows=336
[1789024962102] [[32minfo[0m] [OcclusionAB] car=1 track=1 frame=14 mode=1 draw=130210 present=31484 prepare=24475 raster=54649 blit=14379 player=36366 opponents=57237 candidates=18 before=2016 after=1091 rows=336
[1789024962156] [[32minfo[0m] [CarStage] car=2 panels=607 vertices=801 tiles=1 prepare_us=6156 raster_us=8917 blit_us=2372
[1789024962435] [[32minfo[0m] [OcclusionAB] car=1 track=1 frame=15 mode=0 draw=100397 present=31441 prepare=16317 raster=31352 blit=8437 player=38705 opponents=25760 candidates=12 before=1344 after=1344 rows=224
[1789024962444] [[32minfo[0m] [OcclusionAB] car=1 track=1 frame=15 mode=1 draw=101972 present=31462 prepare=16425 raster=31442 blit=8572 player=39041 opponents=26942 candidates=12 before=1344 after=755 rows=224
[1789024962850] [[32minfo[0m] [OcclusionAB] car=1 track=1 frame=16 mode=0 draw=138389 present=31424 prepare=24539 raster=61499 blit=16315 player=39727 opponents=62728 candidates=16 before=1792 after=1792 rows=336
[1789024962859] [[32minfo[0m] [OcclusionAB] car=1 track=1 frame=16 mode=1 draw=137739 present=31463 prepare=24527 raster=61475 blit=15886 player=39776 opponents=62213 candidates=16 before=1792 after=1066 rows=336
[1789024962898] [[32minfo[0m] [PaintStage] rows=128 clear_us=444 fill_us=7014 copy_us=3460
[1789024962899] [[32minfo[0m] [TrackStage] project_us=4710 paint_us=12083 lines_us=4 wireframe=false
[1789024963026] [[32minfo[0m] [RaceStage] track_us=22824 cars_us=106357 upscale_us=14307 scene_width=234 surfaces=134 cars=3 track_id=1 player_car=1 submitted=3 player_us=38847 opponents_us=67032 player_native=true
[1789024963247] [[32minfo[0m] [HudStage] map_us=1445 total_us=3460 map_cached=true
[1789024963304] [[32minfo[0m] [OcclusionAB] car=1 track=1 frame=17 mode=0 draw=154052 present=31977 prepare=24501 raster=59565 blit=29760 player=39736 opponents=74199 candidates=36 before=4032 after=4032 rows=336
[1789024963312] [[32minfo[0m] [OcclusionAB] car=1 track=1 frame=17 mode=1 draw=161189 present=31431 prepare=24481 raster=59619 blit=21672 player=38847 opponents=67032 candidates=36 before=4032 after=1689 rows=336
[1789024963726] [[32minfo[0m] [OcclusionAB] car=1 track=1 frame=18 mode=0 draw=145391 present=31453 prepare=24472 raster=54653 blit=24338 player=43309 opponents=60260 candidates=75 before=8400 after=8400 rows=336
[1789024963735] [[32minfo[0m] [OcclusionAB] car=1 track=1 frame=18 mode=1 draw=138139 present=31470 prepare=24453 raster=54672 blit=17329 player=38373 opponents=58178 candidates=75 before=8400 after=2332 rows=336
[1789024964068] [[32minfo[0m] [OcclusionAB] car=1 track=1 frame=19 mode=0 draw=101529 present=31689 prepare=16196 raster=25940 blit=7792 player=33268 opponents=24980 candidates=29 before=3248 after=3248 rows=224
[1789024964076] [[32minfo[0m] [OcclusionAB] car=1 track=1 frame=19 mode=1 draw=101003 present=31472 prepare=16283 raster=25972 blit=7128 player=32798 opponents=24861 candidates=29 before=3248 after=803 rows=224
[1789024964179] [[32minfo[0m] [CarStage] car=1 panels=1021 vertices=1354 tiles=1 prepare_us=10152 raster_us=15680 blit_us=3230
[1789024964438] [[32minfo[0m] [OcclusionAB] car=1 track=1 frame=20 mode=0 draw=116791 present=31479 prepare=24665 raster=39308 blit=9251 player=30264 opponents=44237 candidates=23 before=2576 after=2576 rows=336
[1789024964446] [[32minfo[0m] [OcclusionAB] car=1 track=1 frame=20 mode=1 draw=114210 present=31487 prepare=24504 raster=39354 blit=7964 player=28620 opponents=43303 candidates=23 before=2576 after=803 rows=336
[1789024964821] [[32minfo[0m] [OcclusionAB] car=1 track=1 frame=21 mode=0 draw=122434 present=31427 prepare=24501 raster=46885 blit=13403 player=33707 opponents=51180 candidates=20 before=2240 after=2240 rows=336
[1789024964830] [[32minfo[0m] [OcclusionAB] car=1 track=1 frame=21 mode=1 draw=122018 present=31443 prepare=24500 raster=46863 blit=12787 player=33167 opponents=51092 candidates=20 before=2240 after=1014 rows=336
[1789024965056] [[32minfo[0m] [PaintStage] rows=167 clear_us=582 fill_us=5398 copy_us=4289
[1789024965057] [[32minfo[0m] [TrackStage] project_us=4024 paint_us=11479 lines_us=4 wireframe=false
[1789024965171] [[32minfo[0m] [RaceStage] track_us=21504 cars_us=94044 upscale_us=14293 scene_width=234 surfaces=93 cars=3 track_id=1 player_car=1 submitted=3 player_us=36465 opponents_us=57097 player_native=true
[1789024965239] [[32minfo[0m] [OcclusionAB] car=1 track=1 frame=22 mode=0 draw=131592 present=31471 prepare=24500 raster=54671 blit=14498 player=36422 opponents=57350 candidates=18 before=2016 after=2016 rows=336
[1789024965248] [[32minfo[0m] [OcclusionAB] car=1 track=1 frame=22 mode=1 draw=147086 present=31446 prepare=24595 raster=54688 blit=14167 player=36465 opponents=57097 candidates=18 before=2016 after=1091 rows=336
[1789024965368] [[32minfo[0m] [HudStage] map_us=1391 total_us=3502 map_cached=true
[1789024965583] [[32minfo[0m] [OcclusionAB] car=1 track=1 frame=23 mode=0 draw=102133 present=31433 prepare=16307 raster=31347 blit=8511 player=38718 opponents=25830 candidates=12 before=1344 after=1344 rows=224
[1789024965591] [[32minfo[0m] [OcclusionAB] car=1 track=1 frame=23 mode=1 draw=103246 present=31469 prepare=16315 raster=31333 blit=8567 player=38801 opponents=25781 candidates=12 before=1344 after=755 rows=224
[1789024966028] [[32minfo[0m] [OcclusionAB] car=1 track=1 frame=24 mode=0 draw=160253 present=31484 prepare=24512 raster=61509 blit=36191 player=47596 opponents=74716 candidates=75 before=8400 after=8400 rows=336
[1789024966037] [[32minfo[0m] [OcclusionAB] car=1 track=1 frame=24 mode=1 draw=145980 present=31462 prepare=24520 raster=61489 blit=22101 player=42905 opponents=65303 candidates=75 before=8400 after=2034 rows=336
[1789024966055] [[32minfo[0m] [OcclusionAB] GROUP car=1 track=1 mismatches=0 stack_free=1276
[1789024966114] [[32minfo[0m] [RacerMaterial] texture_side=32 entries=17 fallback_panels=0 map_cached=true
[1789024966220] [[32minfo[0m] [CarStage] car=2 panels=967 vertices=1181 tiles=1 prepare_us=9157 raster_us=19314 blit_us=9553
[1789024966854] [[32minfo[0m] [OcclusionAB] car=2 track=0 frame=1 mode=0 draw=121438 present=31445 prepare=23543 raster=47874 blit=12994 player=33033 opponents=51466 candidates=25 before=2800 after=2800 rows=336
[1789024966862] [[32minfo[0m] [OcclusionAB] car=2 track=0 frame=1 mode=1 draw=118911 present=31444 prepare=23493 raster=47879 blit=10519 player=32116 opponents=49863 candidates=25 before=2800 after=756 rows=336
[1789024967076] [[32minfo[0m] [PaintStage] rows=131 clear_us=457 fill_us=4848 copy_us=3583
[1789024967077] [[32minfo[0m] [TrackStage] project_us=3598 paint_us=10061 lines_us=4 wireframe=false
[1789024967179] [[32minfo[0m] [RaceStage] track_us=19635 cars_us=82455 upscale_us=14314 scene_width=234 surfaces=68 cars=3 track_id=0 player_car=2 submitted=3 player_us=32144 opponents_us=49932 player_native=true
[1789024967247] [[32minfo[0m] [OcclusionAB] car=2 track=0 frame=2 mode=0 draw=121311 present=31680 prepare=23518 raster=47776 blit=14073 player=33379 opponents=52074 candidates=41 before=4592 after=4592 rows=336
[1789024967255] [[32minfo[0m] [OcclusionAB] car=2 track=0 frame=2 mode=1 draw=133517 present=31445 prepare=23520 raster=47732 blit=10727 player=32144 opponents=49932 candidates=41 before=4592 after=879 rows=336
[1789024967372] [[32minfo[0m] [HudStage] map_us=1327 total_us=3401 map_cached=true
[1789024967584] [[32minfo[0m] [OcclusionAB] car=2 track=0 frame=3 mode=0 draw=98920 present=31450 prepare=17353 raster=29570 blit=10670 player=35518 opponents=28305 candidates=38 before=4256 after=4256 rows=224
[1789024967592] [[32minfo[0m] [OcclusionAB] car=2 track=0 frame=3 mode=1 draw=99316 present=31495 prepare=17357 raster=29592 blit=9963 player=35065 opponents=28080 candidates=38 before=4256 after=1263 rows=224
[1789024967965] [[32minfo[0m] [OcclusionAB] car=2 track=0 frame=4 mode=0 draw=122774 present=31463 prepare=23989 raster=45335 blit=14508 player=33103 opponents=50829 candidates=37 before=4144 after=4144 rows=336
[1789024967974] [[32minfo[0m] [OcclusionAB] car=2 track=0 frame=4 mode=1 draw=119314 present=31473 prepare=23944 raster=45372 blit=11275 player=31875 opponents=48809 candidates=37 before=4144 after=1110 rows=336
[1789024968255] [[32minfo[0m] [CarStage] car=2 panels=967 vertices=1181 tiles=1 prepare_us=9318 raster_us=18528 blit_us=4576
[1789024968345] [[32minfo[0m] [OcclusionAB] car=2 track=0 frame=5 mode=0 draw=122424 present=31468 prepare=24031 raster=46249 blit=12785 player=33556 opponents=50720 candidates=27 before=3024 after=3024 rows=336
[1789024968354] [[32minfo[0m] [OcclusionAB] car=2 track=0 frame=5 mode=1 draw=118603 present=31468 prepare=24066 raster=46107 blit=10019 player=31620 opponents=48672 candidates=27 before=3024 after=839 rows=336
[1789024968721] [[32minfo[0m] [OcclusionAB] car=2 track=0 frame=6 mode=0 draw=119621 present=31484 prepare=23943 raster=45686 blit=12603 player=32363 opponents=49963 candidates=27 before=3024 after=3024 rows=336
[1789024968730] [[32minfo[0m] [OcclusionAB] car=2 track=0 frame=6 mode=1 draw=116748 present=31482 prepare=23966 raster=45749 blit=9762 player=31263 opponents=48309 candidates=27 before=3024 after=804 rows=336
[1789024969053] [[32minfo[0m] [OcclusionAB] car=2 track=0 frame=7 mode=0 draw=96944 present=31431 prepare=17551 raster=29090 blit=7503 player=32495 opponents=28057 candidates=33 before=3696 after=3696 rows=224
[1789024969061] [[32minfo[0m] [OcclusionAB] car=2 track=0 frame=7 mode=1 draw=95670 present=31472 prepare=17549 raster=29123 blit=6104 player=31549 opponents=27632 candidates=33 before=3696 after=687 rows=224
[1789024969098] [[32minfo[0m] [PaintStage] rows=132 clear_us=463 fill_us=4459 copy_us=3605
[1789024969099] [[32minfo[0m] [TrackStage] project_us=3892 paint_us=9705 lines_us=4 wireframe=false
[1789024969207] [[32minfo[0m] [RaceStage] track_us=19493 cars_us=88594 upscale_us=14295 scene_width=234 surfaces=46 cars=3 track_id=0 player_car=2 submitted=3 player_us=35527 opponents_us=52651 player_native=true
[1789024969398] [[32minfo[0m] [HudStage] map_us=1359 total_us=3357 map_cached=true
[1789024969455] [[32minfo[0m] [OcclusionAB] car=2 track=0 frame=8 mode=0 draw=139709 present=31442 prepare=23845 raster=45569 blit=18673 player=35527 opponents=52651 candidates=49 before=5488 after=5488 rows=336
[1789024969463] [[32minfo[0m] [OcclusionAB] car=2 track=0 frame=8 mode=1 draw=123315 present=31520 prepare=23857 raster=45582 blit=17017 player=35125 opponents=51427 candidates=49 before=5488 after=1689 rows=336
[1789024969864] [[32minfo[0m] [OcclusionAB] car=2 track=0 frame=9 mode=0 draw=135772 present=31440 prepare=23885 raster=46639 blit=14354 player=33425 opponents=51552 candidates=31 before=3472 after=3472 rows=336
[1789024969872] [[32minfo[0m] [OcclusionAB] car=2 track=0 frame=9 mode=1 draw=133844 present=31432 prepare=23879 raster=46650 blit=12226 player=32745 opponents=50103 candidates=31 before=3472 after=1105 rows=336
[1789024970268] [[32minfo[0m] [OcclusionAB] car=2 track=0 frame=10 mode=0 draw=133657 present=31720 prepare=23907 raster=47785 blit=13590 player=33691 opponents=51687 candidates=25 before=2800 after=2800 rows=336
[1789024970277] [[32minfo[0m] [OcclusionAB] car=2 track=0 frame=10 mode=1 draw=130982 present=31495 prepare=23977 raster=47779 blit=11025 player=32499 opponents=50381 candidates=25 before=2800 after=780 rows=336
[1789024970344] [[32minfo[0m] [CarStage] car=3 panels=793 vertices=1226 tiles=1 prepare_us=8207 raster_us=10640 blit_us=2316
[1789024970620] [[32minfo[0m] [OcclusionAB] car=2 track=0 frame=11 mode=0 draw=106301 present=31461 prepare=17492 raster=29905 blit=7295 player=33353 opponents=27767 candidates=18 before=2016 after=2016 rows=224
[1789024970628] [[32minfo[0m] [OcclusionAB] car=2 track=0 frame=11 mode=1 draw=106891 present=31449 prepare=17717 raster=29977 blit=6269 player=32854 opponents=28695 candidates=18 before=2016 after=543 rows=224
[1789024971005] [[32minfo[0m] [OcclusionAB] car=2 track=0 frame=12 mode=0 draw=124169 present=31478 prepare=23950 raster=48210 blit=13018 player=33122 opponents=52157 candidates=23 before=2576 after=2576 rows=336
[1789024971014] [[32minfo[0m] [OcclusionAB] car=2 track=0 frame=12 mode=1 draw=121830 present=31448 prepare=23956 raster=48235 blit=10815 player=32496 opponents=50604 candidates=23 before=2576 after=751 rows=336
[1789024971230] [[32minfo[0m] [PaintStage] rows=158 clear_us=537 fill_us=5665 copy_us=4037
[1789024971231] [[32minfo[0m] [TrackStage] project_us=3786 paint_us=11459 lines_us=4 wireframe=false
[1789024971340] [[32minfo[0m] [RaceStage] track_us=21224 cars_us=87690 upscale_us=14815 scene_width=234 surfaces=98 cars=3 track_id=0 player_car=2 submitted=3 player_us=34153 opponents_us=53095 player_native=true
[1789024971408] [[32minfo[0m] [OcclusionAB] car=2 track=0 frame=13 mode=0 draw=140872 present=31436 prepare=24086 raster=49204 blit=13853 player=34153 opponents=53095 candidates=23 before=2576 after=2576 rows=336
[1789024971417] [[32minfo[0m] [OcclusionAB] car=2 track=0 frame=13 mode=1 draw=122751 present=31462 prepare=23977 raster=49098 blit=12067 player=33518 opponents=51718 candidates=23 before=2576 after=867 rows=336
[1789024971562] [[32minfo[0m] [HudStage] map_us=1399 total_us=3353 map_cached=true
[1789024971800] [[32minfo[0m] [OcclusionAB] car=2 track=0 frame=14 mode=0 draw=128260 present=31496 prepare=23892 raster=50520 blit=16359 player=36217 opponents=54669 candidates=28 before=3136 after=3136 rows=336
[1789024971809] [[32minfo[0m] [OcclusionAB] car=2 track=0 frame=14 mode=1 draw=125113 present=31473 prepare=24028 raster=50466 blit=14212 player=35241 opponents=53558 candidates=28 before=3136 after=1067 rows=336
[1789024972142] [[32minfo[0m] [OcclusionAB] car=2 track=0 frame=15 mode=0 draw=102646 present=31400 prepare=17712 raster=33020 blit=10205 player=38589 opponents=28804 candidates=22 before=2464 after=2464 rows=224
[1789024972151] [[32minfo[0m] [OcclusionAB] car=2 track=0 frame=15 mode=1 draw=101145 present=31452 prepare=17635 raster=32993 blit=9066 player=37527 opponents=28565 candidates=22 before=2464 after=958 rows=224
[1789024972402] [[32minfo[0m] [CarStage] car=3 panels=793 vertices=1226 tiles=1 prepare_us=8243 raster_us=11450 blit_us=2848
[1789024972551] [[32minfo[0m] [OcclusionAB] car=2 track=0 frame=16 mode=0 draw=135257 present=31472 prepare=24476 raster=55749 blit=17238 player=38596 opponents=58961 candidates=25 before=2800 after=2800 rows=336
[1789024972560] [[32minfo[0m] [OcclusionAB] car=2 track=0 frame=16 mode=1 draw=135057 present=31461 prepare=24094 raster=55803 blit=16362 player=38494 opponents=58988 candidates=25 before=2800 after=1224 rows=336
[1789024972953] [[32minfo[0m] [OcclusionAB] car=2 track=0 frame=17 mode=0 draw=131934 present=31455 prepare=23944 raster=53622 blit=16316 player=37294 opponents=56686 candidates=25 before=2800 after=2800 rows=336
[1789024972962] [[32minfo[0m] [OcclusionAB] car=2 track=0 frame=17 mode=1 draw=130441 present=31459 prepare=23941 raster=53634 blit=14695 player=36531 opponents=55830 candidates=25 before=2800 after=1081 rows=336
[1789024973352] [[32minfo[0m] [OcclusionAB] car=2 track=0 frame=18 mode=0 draw=131023 present=31496 prepare=24045 raster=53063 blit=16313 player=37154 opponents=56371 candidates=26 before=2912 after=2912 rows=336
[1789024973361] [[32minfo[0m] [OcclusionAB] car=2 track=0 frame=18 mode=1 draw=129047 present=31456 prepare=23881 raster=53604 blit=14242 player=36138 opponents=55687 candidates=26 before=2912 after=1038 rows=336
[1789024973398] [[32minfo[0m] [PaintStage] rows=145 clear_us=500 fill_us=5153 copy_us=3784
[1789024973399] [[32minfo[0m] [TrackStage] project_us=3821 paint_us=10625 lines_us=4 wireframe=false
[1789024973485] [[32minfo[0m] [RaceStage] track_us=20420 cars_us=65691 upscale_us=14282 scene_width=234 surfaces=67 cars=3 track_id=0 player_car=2 submitted=3 player_us=36761 opponents_us=28475 player_native=true
[1789024973656] [[32minfo[0m] [HudStage] map_us=1390 total_us=3460 map_cached=true
[1789024973713] [[32minfo[0m] [OcclusionAB] car=2 track=0 frame=19 mode=0 draw=103846 present=31486 prepare=17541 raster=32665 blit=9490 player=37419 opponents=28700 candidates=21 before=2352 after=2352 rows=224
[1789024973721] [[32minfo[0m] [OcclusionAB] car=2 track=0 frame=19 mode=1 draw=117910 present=31453 prepare=17540 raster=32681 blit=8580 player=36761 opponents=28475 candidates=21 before=2352 after=809 rows=224
[1789024974117] [[32minfo[0m] [OcclusionAB] car=2 track=0 frame=20 mode=0 draw=134062 present=31488 prepare=23934 raster=55650 blit=19045 player=39442 opponents=59279 candidates=27 before=3024 after=3024 rows=336
[1789024974126] [[32minfo[0m] [OcclusionAB] car=2 track=0 frame=20 mode=1 draw=131359 present=31471 prepare=23954 raster=55866 blit=16229 player=38310 opponents=57836 candidates=27 before=3024 after=1280 rows=336
[1789024974458] [[32minfo[0m] [CarStage] car=2 panels=967 vertices=1181 tiles=1 prepare_us=9332 raster_us=21645 blit_us=12233
[1789024974556] [[32minfo[0m] [OcclusionAB] car=2 track=0 frame=21 mode=0 draw=155557 present=31464 prepare=24048 raster=53864 blit=28592 player=44415 opponents=63366 candidates=97 before=10864 after=10864 rows=336
[1789024974565] [[32minfo[0m] [OcclusionAB] car=2 track=0 frame=21 mode=1 draw=145030 present=31441 prepare=23930 raster=54304 blit=18737 player=38128 opponents=58937 candidates=97 before=10864 after=1634 rows=336
[1789024974995] [[32minfo[0m] [OcclusionAB] car=2 track=0 frame=22 mode=0 draw=155929 present=31464 prepare=23891 raster=50605 blit=34234 player=43877 opponents=64943 candidates=115 before=12880 after=12880 rows=336
[1789024975004] [[32minfo[0m] [OcclusionAB] car=2 track=0 frame=22 mode=1 draw=144132 present=31464 prepare=23933 raster=50566 blit=22585 player=38718 opponents=58462 candidates=115 before=12880 after=3080 rows=336
[1789024975353] [[32minfo[0m] [OcclusionAB] car=2 track=0 frame=23 mode=0 draw=112532 present=31438 prepare=17528 raster=31182 blit=12817 player=39008 opponents=29042 candidates=54 before=6048 after=6048 rows=224
[1789024975362] [[32minfo[0m] [OcclusionAB] car=2 track=0 frame=23 mode=1 draw=106702 present=31445 prepare=17534 raster=30440 blit=7489 player=33850 opponents=28045 candidates=54 before=6048 after=1563 rows=224
[1789024975402] [[32minfo[0m] [PaintStage] rows=138 clear_us=468 fill_us=7007 copy_us=3667
[1789024975403] [[32minfo[0m] [TrackStage] project_us=5657 paint_us=12315 lines_us=8 wireframe=false
[1789024975523] [[32minfo[0m] [RaceStage] track_us=23965 cars_us=99562 upscale_us=14298 scene_width=234 surfaces=194 cars=3 track_id=0 player_car=2 submitted=3 player_us=38199 opponents_us=60934 player_native=true
[1789024975718] [[32minfo[0m] [HudStage] map_us=1380 total_us=3391 map_cached=true
[1789024975775] [[32minfo[0m] [OcclusionAB] car=2 track=0 frame=24 mode=0 draw=155299 present=31424 prepare=23934 raster=48279 blit=26826 player=38199 opponents=60934 candidates=82 before=9184 after=9184 rows=336
[1789024975783] [[32minfo[0m] [OcclusionAB] car=2 track=0 frame=24 mode=1 draw=127712 present=31493 prepare=23916 raster=48298 blit=14223 player=34143 opponents=52388 candidates=82 before=9184 after=1205 rows=336
[1789024975802] [[32minfo[0m] [OcclusionAB] GROUP car=2 track=0 mismatches=0 stack_free=1276
[1789024976470] [[32minfo[0m] [CarStage] car=3 panels=793 vertices=1226 tiles=1 prepare_us=8157 raster_us=11486 blit_us=2502
[1789024976633] [[32minfo[0m] [OcclusionAB] car=2 track=1 frame=1 mode=0 draw=150383 present=31472 prepare=23795 raster=57363 blit=29125 player=39578 opponents=71910 candidates=36 before=4032 after=4032 rows=336
[1789024976641] [[32minfo[0m] [OcclusionAB] car=2 track=1 frame=1 mode=1 draw=141852 present=31488 prepare=23781 raster=57329 blit=21287 player=38590 opponents=63911 candidates=36 before=4032 after=1689 rows=336
[1789024977049] [[32minfo[0m] [OcclusionAB] car=2 track=1 frame=2 mode=0 draw=142053 present=31466 prepare=23758 raster=52472 blit=24145 player=42448 opponents=58018 candidates=75 before=8400 after=8400 rows=336
[1789024977057] [[32minfo[0m] [OcclusionAB] car=2 track=1 frame=2 mode=1 draw=134820 present=31455 prepare=23764 raster=52465 blit=17099 player=37609 opponents=55809 candidates=75 before=8400 after=2332 rows=336
[1789024977395] [[32minfo[0m] [OcclusionAB] car=2 track=1 frame=3 mode=0 draw=104367 present=31449 prepare=17782 raster=29021 blit=7913 player=32825 opponents=28422 candidates=29 before=3248 after=3248 rows=224
[1789024977403] [[32minfo[0m] [OcclusionAB] car=2 track=1 frame=3 mode=1 draw=103035 present=31457 prepare=17668 raster=28500 blit=7129 player=32061 opponents=27713 candidates=29 before=3248 after=799 rows=224
[1789024977446] [[32minfo[0m] [PaintStage] rows=232 clear_us=797 fill_us=7595 copy_us=5672
[1789024977447] [[32minfo[0m] [TrackStage] project_us=4626 paint_us=15329 lines_us=4 wireframe=false
[1789024977539] [[32minfo[0m] [RaceStage] track_us=25934 cars_us=72021 upscale_us=14295 scene_width=234 surfaces=123 cars=3 track_id=1 player_car=2 submitted=3 player_us=28212 opponents_us=43328 player_native=true
[1789024977720] [[32minfo[0m] [HudStage] map_us=1394 total_us=3341 map_cached=true
[1789024977777] [[32minfo[0m] [OcclusionAB] car=2 track=1 frame=4 mode=0 draw=129769 present=31460 prepare=24044 raster=38377 blit=9019 player=28212 opponents=43328 candidates=23 before=2576 after=2576 rows=336
[1789024977785] [[32minfo[0m] [OcclusionAB] car=2 track=1 frame=4 mode=1 draw=113499 present=31505 prepare=24039 raster=38379 blit=7855 player=27713 opponents=42656 candidates=23 before=2576 after=803 rows=336
[1789024978155] [[32minfo[0m] [OcclusionAB] car=2 track=1 frame=5 mode=0 draw=119860 present=31442 prepare=24175 raster=45214 blit=12707 player=32543 opponents=49655 candidates=18 before=2016 after=2016 rows=336
[1789024978163] [[32minfo[0m] [OcclusionAB] car=2 track=1 frame=5 mode=1 draw=119538 present=31478 prepare=24112 raster=45117 blit=12600 player=32362 opponents=49559 candidates=18 before=2016 after=1016 rows=336
[1789024978490] [[32minfo[0m] [CarStage] car=4 panels=627 vertices=869 tiles=1 prepare_us=6440 raster_us=20162 blit_us=6240
[1789024978550] [[32minfo[0m] [OcclusionAB] car=2 track=1 frame=6 mode=0 draw=128353 present=31466 prepare=24641 raster=52388 blit=14268 player=35767 opponents=55629 candidates=18 before=2016 after=2016 rows=336
[1789024978558] [[32minfo[0m] [OcclusionAB] car=2 track=1 frame=6 mode=1 draw=128466 present=31486 prepare=24129 raster=52338 blit=14016 player=35821 opponents=55863 candidates=18 before=2016 after=1091 rows=336
[1789024978896] [[32minfo[0m] [OcclusionAB] car=2 track=1 frame=7 mode=0 draw=103400 present=31441 prepare=17618 raster=34487 blit=8453 player=38356 opponents=28893 candidates=12 before=1344 after=1344 rows=224
[1789024978904] [[32minfo[0m] [OcclusionAB] car=2 track=1 frame=7 mode=1 draw=103550 present=31465 prepare=17618 raster=34547 blit=8455 player=38434 opponents=28809 candidates=12 before=1344 after=761 rows=224
[1789024979305] [[32minfo[0m] [OcclusionAB] car=2 track=1 frame=8 mode=0 draw=135546 present=31472 prepare=24148 raster=59253 blit=16058 player=39384 opponents=60172 candidates=16 before=1792 after=1792 rows=336
[1789024979314] [[32minfo[0m] [OcclusionAB] car=2 track=1 frame=8 mode=1 draw=134631 present=31941 prepare=24131 raster=59031 blit=15602 player=39426 opponents=59432 candidates=16 before=1792 after=1066 rows=336
[1789024979553] [[32minfo[0m] [PaintStage] rows=128 clear_us=451 fill_us=7471 copy_us=3509
[1789024979554] [[32minfo[0m] [TrackStage] project_us=5224 paint_us=12618 lines_us=4 wireframe=false
[1789024979685] [[32minfo[0m] [RaceStage] track_us=23823 cars_us=111205 upscale_us=14312 scene_width=234 surfaces=182 cars=3 track_id=1 player_car=2 submitted=3 player_us=39447 opponents_us=71269 player_native=true
[1789024979754] [[32minfo[0m] [OcclusionAB] car=2 track=1 frame=9 mode=0 draw=166804 present=31439 prepare=24095 raster=57332 blit=29186 player=39447 opponents=71269 candidates=36 before=4032 after=4032 rows=336
[1789024979762] [[32minfo[0m] [OcclusionAB] car=2 track=1 frame=9 mode=1 draw=143117 present=31439 prepare=24127 raster=57308 blit=21320 player=38547 opponents=64300 candidates=36 before=4032 after=1689 rows=336
[1789024979925] [[32minfo[0m] [HudStage] map_us=1429 total_us=3406 map_cached=true
[1789024980175] [[32minfo[0m] [OcclusionAB] car=2 track=1 frame=10 mode=0 draw=144904 present=31480 prepare=24026 raster=52494 blit=24308 player=42689 opponents=58233 candidates=75 before=8400 after=8400 rows=336
[1789024980184] [[32minfo[0m] [OcclusionAB] car=2 track=1 frame=10 mode=1 draw=137111 present=31447 prepare=24175 raster=52523 blit=17464 player=37964 opponents=56301 candidates=75 before=8400 after=2334 rows=336
[1789024980523] [[32minfo[0m] [OcclusionAB] car=2 track=1 frame=11 mode=0 draw=104334 present=31434 prepare=17648 raster=28517 blit=7867 player=32650 opponents=27849 candidates=29 before=3248 after=3248 rows=224
[1789024980531] [[32minfo[0m] [OcclusionAB] car=2 track=1 frame=11 mode=1 draw=104860 present=31447 prepare=18255 raster=28863 blit=7231 player=33149 opponents=27755 candidates=29 before=3248 after=799 rows=224
[1789024980595] [[32minfo[0m] [CarStage] car=3 panels=793 vertices=1226 tiles=1 prepare_us=8246 raster_us=9823 blit_us=2054
[1789024980889] [[32minfo[0m] [OcclusionAB] car=2 track=1 frame=12 mode=0 draw=115373 present=31453 prepare=24276 raster=38468 blit=8947 player=28481 opponents=44452 candidates=23 before=2576 after=2576 rows=336
[1789024980897] [[32minfo[0m] [OcclusionAB] car=2 track=1 frame=12 mode=1 draw=112652 present=31459 prepare=24037 raster=38429 blit=7855 player=27747 opponents=42669 candidates=23 before=2576 after=804 rows=336
[1789024981267] [[32minfo[0m] [OcclusionAB] car=2 track=1 frame=13 mode=0 draw=119325 present=31471 prepare=24082 raster=45054 blit=12673 player=32341 opponents=49569 candidates=18 before=2016 after=2016 rows=336
[1789024981276] [[32minfo[0m] [OcclusionAB] car=2 track=1 frame=13 mode=1 draw=119768 present=31439 prepare=24070 raster=45085 blit=12862 player=32391 opponents=49721 candidates=18 before=2016 after=1018 rows=336
[1789024981661] [[32minfo[0m] [OcclusionAB] car=2 track=1 frame=14 mode=0 draw=127474 present=31495 prepare=24058 raster=52376 blit=14248 player=35791 opponents=54997 candidates=18 before=2016 after=2016 rows=336
[1789024981670] [[32minfo[0m] [OcclusionAB] car=2 track=1 frame=14 mode=1 draw=127053 present=31486 prepare=24018 raster=52461 blit=13949 player=35790 opponents=54730 candidates=18 before=2016 after=1091 rows=336
[1789024981706] [[32minfo[0m] [PaintStage] rows=154 clear_us=523 fill_us=4543 copy_us=3978
[1789024981707] [[32minfo[0m] [TrackStage] project_us=3307 paint_us=10269 lines_us=4 wireframe=false
[1789024981795] [[32minfo[0m] [RaceStage] track_us=19553 cars_us=67797 upscale_us=14286 scene_width=234 surfaces=55 cars=3 track_id=1 player_car=2 submitted=3 player_us=38440 opponents_us=28875 player_native=true
[1789024981966] [[32minfo[0m] [HudStage] map_us=1465 total_us=3539 map_cached=true
[1789024982023] [[32minfo[0m] [OcclusionAB] car=2 track=1 frame=15 mode=0 draw=104124 present=31480 prepare=17667 raster=34468 blit=8467 player=38385 opponents=28843 candidates=12 before=1344 after=1344 rows=224
[1789024982031] [[32minfo[0m] [OcclusionAB] car=2 track=1 frame=15 mode=1 draw=119244 present=31446 prepare=17617 raster=34493 blit=8531 player=38440 opponents=28875 candidates=12 before=1344 after=761 rows=224
[1789024982432] [[32minfo[0m] [OcclusionAB] car=2 track=1 frame=16 mode=0 draw=135153 present=31494 prepare=24085 raster=59079 blit=16031 player=39371 opponents=59919 candidates=16 before=1792 after=1792 rows=336
[1789024982441] [[32minfo[0m] [OcclusionAB] car=2 track=1 frame=16 mode=1 draw=135344 present=31438 prepare=24252 raster=59137 blit=16028 player=39684 opponents=59839 candidates=16 before=1792 after=1066 rows=336
[1789024982598] [[32minfo[0m] [CarStage] car=4 panels=627 vertices=869 tiles=1 prepare_us=6402 raster_us=22860 blit_us=12633
[1789024982863] [[32minfo[0m] [OcclusionAB] car=2 track=1 frame=17 mode=0 draw=149643 present=31433 prepare=24082 raster=57343 blit=29010 player=39379 opponents=71187 candidates=36 before=4032 after=4032 rows=336
[1789024982872] [[32minfo[0m] [OcclusionAB] car=2 track=1 frame=17 mode=1 draw=143103 present=31439 prepare=24067 raster=57306 blit=21251 player=38527 opponents=65310 candidates=36 before=4032 after=1689 rows=336
[1789024983280] [[32minfo[0m] [OcclusionAB] car=2 track=1 frame=18 mode=0 draw=142763 present=31446 prepare=24036 raster=52459 blit=24407 player=42566 opponents=58428 candidates=75 before=8400 after=8400 rows=336
[1789024983289] [[32minfo[0m] [OcclusionAB] car=2 track=1 frame=18 mode=1 draw=135296 present=31491 prepare=24020 raster=52448 blit=17179 player=37742 opponents=55999 candidates=75 before=8400 after=2332 rows=336
[1789024983627] [[32minfo[0m] [OcclusionAB] car=2 track=1 frame=19 mode=0 draw=103714 present=31455 prepare=17607 raster=28515 blit=7808 player=32594 opponents=27841 candidates=29 before=3248 after=3248 rows=224
[1789024983635] [[32minfo[0m] [OcclusionAB] car=2 track=1 frame=19 mode=1 draw=103096 present=31446 prepare=17672 raster=28494 blit=7076 player=32066 opponents=27661 candidates=29 before=3248 after=799 rows=224
[1789024983848] [[32minfo[0m] [PaintStage] rows=232 clear_us=788 fill_us=7623 copy_us=5610
[1789024983849] [[32minfo[0m] [TrackStage] project_us=4669 paint_us=15309 lines_us=4 wireframe=false
[1789024983940] [[32minfo[0m] [RaceStage] track_us=25958 cars_us=70932 upscale_us=14280 scene_width=234 surfaces=123 cars=3 track_id=1 player_car=2 submitted=3 player_us=27765 opponents_us=42646 player_native=true
[1789024984008] [[32minfo[0m] [OcclusionAB] car=2 track=1 frame=20 mode=0 draw=113801 present=31470 prepare=24075 raster=38375 blit=8926 player=28176 opponents=43293 candidates=23 before=2576 after=2576 rows=336
[1789024984016] [[32minfo[0m] [OcclusionAB] car=2 track=1 frame=20 mode=1 draw=128454 present=31428 prepare=24010 raster=38419 blit=7881 player=27765 opponents=42646 candidates=23 before=2576 after=804 rows=336
[1789024984155] [[32minfo[0m] [HudStage] map_us=1422 total_us=3380 map_cached=true
[1789024984387] [[32minfo[0m] [OcclusionAB] car=2 track=1 frame=21 mode=0 draw=120213 present=31482 prepare=24237 raster=45526 blit=12685 player=32925 opponents=49623 candidates=18 before=2016 after=2016 rows=336
[1789024984396] [[32minfo[0m] [OcclusionAB] car=2 track=1 frame=21 mode=1 draw=120604 present=31439 prepare=24094 raster=45014 blit=12607 player=32348 opponents=49463 candidates=18 before=2016 after=1018 rows=336
[1789024984641] [[32minfo[0m] [CarStage] car=3 panels=793 vertices=1226 tiles=1 prepare_us=8240 raster_us=11137 blit_us=2450
[1789024984785] [[32minfo[0m] [OcclusionAB] car=2 track=1 frame=22 mode=0 draw=128711 present=31465 prepare=24077 raster=52358 blit=14327 player=35832 opponents=55020 candidates=18 before=2016 after=2016 rows=336
[1789024984794] [[32minfo[0m] [OcclusionAB] car=2 track=1 frame=22 mode=1 draw=129707 present=31467 prepare=24251 raster=52422 blit=14029 player=36130 opponents=55798 candidates=18 before=2016 after=1091 rows=336
[1789024985134] [[32minfo[0m] [OcclusionAB] car=2 track=1 frame=23 mode=0 draw=105141 present=31450 prepare=17754 raster=34516 blit=8536 player=38592 opponents=28870 candidates=12 before=1344 after=1344 rows=224
[1789024985142] [[32minfo[0m] [OcclusionAB] car=2 track=1 frame=23 mode=1 draw=104887 present=31436 prepare=17664 raster=34462 blit=8558 player=38485 opponents=28775 candidates=12 before=1344 after=761 rows=224
[1789024985571] [[32minfo[0m] [OcclusionAB] car=2 track=1 frame=24 mode=0 draw=156226 present=31471 prepare=24587 raster=59446 blit=34036 player=45639 opponents=72530 candidates=71 before=7952 after=7952 rows=336
[1789024985580] [[32minfo[0m] [OcclusionAB] car=2 track=1 frame=24 mode=1 draw=142115 present=31483 prepare=24099 raster=59072 blit=21082 player=41888 opponents=62463 candidates=71 before=7952 after=1938 rows=336
[1789024985598] [[32minfo[0m] [OcclusionAB] GROUP car=2 track=1 mismatches=0 stack_free=1276
[1789024985662] [[32minfo[0m] [RacerMaterial] texture_side=32 entries=18 fallback_panels=0 map_cached=true
[1789024985890] [[32minfo[0m] [PaintStage] rows=138 clear_us=469 fill_us=6971 copy_us=3668
[1789024985891] [[32minfo[0m] [TrackStage] project_us=5680 paint_us=12314 lines_us=4 wireframe=false
[1789024985999] [[32minfo[0m] [RaceStage] track_us=23977 cars_us=87933 upscale_us=14302 scene_width=234 surfaces=194 cars=3 track_id=0 player_car=3 submitted=3 player_us=40218 opponents_us=47301 player_native=true
[1789024986187] [[32minfo[0m] [HudStage] map_us=1320 total_us=3342 map_cached=true
[1789024986423] [[32minfo[0m] [OcclusionAB] car=3 track=0 frame=1 mode=0 draw=123680 present=31463 prepare=23650 raster=49124 blit=13160 player=39537 opponents=46496 candidates=25 before=2800 after=2800 rows=336
[1789024986431] [[32minfo[0m] [OcclusionAB] car=3 track=0 frame=1 mode=1 draw=121380 present=31513 prepare=23479 raster=49069 blit=10693 player=38272 opponents=45055 candidates=25 before=2800 after=763 rows=336
[1789024986664] [[32minfo[0m] [CarStage] car=4 panels=627 vertices=869 tiles=1 prepare_us=6312 raster_us=8473 blit_us=2515
[1789024986806] [[32minfo[0m] [OcclusionAB] car=3 track=0 frame=2 mode=0 draw=123016 present=31453 prepare=23546 raster=49282 blit=14314 player=39768 opponents=47460 candidates=43 before=4816 after=4816 rows=336
[1789024986814] [[32minfo[0m] [OcclusionAB] car=3 track=0 frame=2 mode=1 draw=120905 present=31445 prepare=23678 raster=49417 blit=10925 player=38844 opponents=46432 candidates=43 before=4816 after=898 rows=336
[1789024987146] [[32minfo[0m] [OcclusionAB] car=3 track=0 frame=3 mode=0 draw=101452 present=31445 prepare=17671 raster=31283 blit=11280 player=42302 opponents=23938 candidates=38 before=4256 after=4256 rows=224
[1789024987154] [[32minfo[0m] [OcclusionAB] car=3 track=0 frame=3 mode=1 draw=100489 present=31445 prepare=17639 raster=31219 blit=10539 player=41642 opponents=23705 candidates=38 before=4256 after=1273 rows=224
[1789024987530] [[32minfo[0m] [OcclusionAB] car=3 track=0 frame=4 mode=0 draw=124312 present=31435 prepare=23882 raster=47438 blit=13996 player=39457 opponents=45954 candidates=35 before=3920 after=3920 rows=336
[1789024987538] [[32minfo[0m] [OcclusionAB] car=3 track=0 frame=4 mode=1 draw=121001 present=31487 prepare=23918 raster=46971 blit=11336 player=38018 opponents=44298 candidates=35 before=3920 after=1105 rows=336
[1789024987911] [[32minfo[0m] [OcclusionAB] car=3 track=0 frame=5 mode=0 draw=122437 present=31451 prepare=23975 raster=47312 blit=12884 player=38665 opponents=45600 candidates=27 before=3024 after=3024 rows=336
[1789024987919] [[32minfo[0m] [OcclusionAB] car=3 track=0 frame=5 mode=1 draw=119861 present=31454 prepare=23911 raster=47321 blit=10159 player=37533 opponents=43950 candidates=27 before=3024 after=839 rows=336
[1789024987957] [[32minfo[0m] [PaintStage] rows=139 clear_us=485 fill_us=5402 copy_us=3757
[1789024987958] [[32minfo[0m] [TrackStage] project_us=4308 paint_us=10830 lines_us=4 wireframe=false
[1789024988063] [[32minfo[0m] [RaceStage] track_us=21118 cars_us=84394 upscale_us=14312 scene_width=234 surfaces=95 cars=3 track_id=0 player_car=3 submitted=3 player_us=38824 opponents_us=45140 player_native=true
[1789024988249] [[32minfo[0m] [HudStage] map_us=1371 total_us=3313 map_cached=true
[1789024988307] [[32minfo[0m] [OcclusionAB] car=3 track=0 frame=6 mode=0 draw=137218 present=31421 prepare=23946 raster=47492 blit=12425 player=38824 opponents=45140 candidates=26 before=2912 after=2912 rows=336
[1789024988315] [[32minfo[0m] [OcclusionAB] car=3 track=0 frame=6 mode=1 draw=119416 present=31505 prepare=23918 raster=47242 blit=9966 player=37368 opponents=43847 candidates=26 before=2912 after=804 rows=336
[1789024988642] [[32minfo[0m] [OcclusionAB] car=3 track=0 frame=7 mode=0 draw=98809 present=31414 prepare=17804 raster=30610 blit=7861 player=38685 opponents=23696 candidates=33 before=3696 after=3696 rows=224
[1789024988650] [[32minfo[0m] [OcclusionAB] car=3 track=0 frame=7 mode=1 draw=97445 present=31479 prepare=17920 raster=30561 blit=6360 player=37636 opponents=23330 candidates=33 before=3696 after=687 rows=224
[1789024988705] [[32minfo[0m] [CarStage] car=4 panels=627 vertices=869 tiles=1 prepare_us=6422 raster_us=8343 blit_us=3190
[1789024989032] [[32minfo[0m] [OcclusionAB] car=3 track=0 frame=8 mode=0 draw=127032 present=31442 prepare=24101 raster=47194 blit=18673 player=42214 opponents=49011 candidates=47 before=5264 after=5264 rows=336
[1789024989040] [[32minfo[0m] [OcclusionAB] car=3 track=0 frame=8 mode=1 draw=123915 present=31446 prepare=23900 raster=47100 blit=17133 player=41310 opponents=46919 candidates=47 before=5264 after=1615 rows=336
[1789024989445] [[32minfo[0m] [OcclusionAB] car=3 track=0 frame=9 mode=0 draw=138387 present=31468 prepare=24533 raster=48393 blit=14559 player=40045 opponents=47542 candidates=31 before=3472 after=3472 rows=336
[1789024989454] [[32minfo[0m] [OcclusionAB] car=3 track=0 frame=9 mode=1 draw=135635 present=31471 prepare=23900 raster=48314 blit=12347 player=39028 opponents=45633 candidates=31 before=3472 after=1112 rows=336
[1789024989853] [[32minfo[0m] [OcclusionAB] car=3 track=0 frame=10 mode=0 draw=135544 present=31484 prepare=23948 raster=49372 blit=13845 player=40104 opponents=47157 candidates=25 before=2800 after=2800 rows=336
[1789024989862] [[32minfo[0m] [OcclusionAB] car=3 track=0 frame=10 mode=1 draw=132734 present=31445 prepare=23891 raster=49383 blit=11176 player=38673 opponents=45881 candidates=25 before=2800 after=780 rows=336
[1789024990070] [[32minfo[0m] [PaintStage] rows=232 clear_us=836 fill_us=9923 copy_us=5388
[1789024990071] [[32minfo[0m] [TrackStage] project_us=5621 paint_us=17435 lines_us=5 wireframe=false
[1789024990155] [[32minfo[0m] [RaceStage] track_us=29025 cars_us=63410 upscale_us=14307 scene_width=234 surfaces=224 cars=3 track_id=0 player_car=3 submitted=3 player_us=39594 opponents_us=23393 player_native=true
[1789024990223] [[32minfo[0m] [OcclusionAB] car=3 track=0 frame=11 mode=0 draw=124234 present=31452 prepare=17792 raster=31391 blit=7714 player=39594 opponents=23393 candidates=18 before=2016 after=2016 rows=224
[1789024990231] [[32minfo[0m] [OcclusionAB] car=3 track=0 frame=11 mode=1 draw=107146 present=31448 prepare=17854 raster=31384 blit=6455 player=38570 opponents=23207 candidates=18 before=2016 after=543 rows=224
[1789024990377] [[32minfo[0m] [HudStage] map_us=1397 total_us=3400 map_cached=true
[1789024990613] [[32minfo[0m] [OcclusionAB] car=3 track=0 frame=12 mode=0 draw=127830 present=31477 prepare=24187 raster=49370 blit=13538 player=39502 opponents=47702 candidates=23 before=2576 after=2576 rows=336
[1789024990622] [[32minfo[0m] [OcclusionAB] car=3 track=0 frame=12 mode=1 draw=123217 present=31428 prepare=23950 raster=49358 blit=10878 player=38534 opponents=45745 candidates=23 before=2576 after=752 rows=336
[1789024990731] [[32minfo[0m] [CarStage] car=3 panels=1151 vertices=1642 tiles=1 prepare_us=11475 raster_us=23492 blit_us=4761
[1789024991003] [[32minfo[0m] [OcclusionAB] car=3 track=0 frame=13 mode=0 draw=125640 present=31446 prepare=23938 raster=50278 blit=13950 player=40118 opponents=48142 candidates=23 before=2576 after=2576 rows=336
[1789024991012] [[32minfo[0m] [OcclusionAB] car=3 track=0 frame=13 mode=1 draw=125609 present=31444 prepare=24107 raster=50277 blit=12428 player=40951 opponents=47162 candidates=23 before=2576 after=867 rows=336
[1789024991398] [[32minfo[0m] [OcclusionAB] car=3 track=0 frame=14 mode=0 draw=128997 present=31462 prepare=23965 raster=51942 blit=16677 player=42896 opponents=49785 candidates=28 before=3136 after=3136 rows=336
[1789024991407] [[32minfo[0m] [OcclusionAB] car=3 track=0 frame=14 mode=1 draw=127394 present=31459 prepare=24024 raster=52492 blit=14562 player=42337 opponents=48847 candidates=28 before=3136 after=1075 rows=336
[1789024991745] [[32minfo[0m] [OcclusionAB] car=3 track=0 frame=15 mode=0 draw=104621 present=31438 prepare=17911 raster=34737 blit=10837 player=45494 opponents=24152 candidates=22 before=2464 after=2464 rows=224
[1789024991754] [[32minfo[0m] [OcclusionAB] car=3 track=0 frame=15 mode=1 draw=103474 present=31451 prepare=17954 raster=34703 blit=9665 player=44510 opponents=23954 candidates=22 before=2464 after=969 rows=224
[1789024992157] [[32minfo[0m] [OcclusionAB] car=3 track=0 frame=16 mode=0 draw=137002 present=31466 prepare=24006 raster=57699 blit=17555 player=45824 opponents=53529 candidates=25 before=2800 after=2800 rows=336
[1789024992166] [[32minfo[0m] [OcclusionAB] car=3 track=0 frame=16 mode=1 draw=136260 present=31459 prepare=24053 raster=57977 blit=16617 player=45515 opponents=53241 candidates=25 before=2800 after=1237 rows=336
[1789024992204] [[32minfo[0m] [PaintStage] rows=152 clear_us=533 fill_us=6071 copy_us=3872
[1789024992205] [[32minfo[0m] [TrackStage] project_us=4192 paint_us=11726 lines_us=4 wireframe=false
[1789024992321] [[32minfo[0m] [RaceStage] track_us=21852 cars_us=95540 upscale_us=14313 scene_width=234 surfaces=119 cars=3 track_id=0 player_car=3 submitted=3 player_us=43385 opponents_us=51725 player_native=true
[1789024992523] [[32minfo[0m] [HudStage] map_us=1375 total_us=3355 map_cached=true
[1789024992580] [[32minfo[0m] [OcclusionAB] car=3 track=0 frame=17 mode=0 draw=135077 present=31511 prepare=23906 raster=55445 blit=16635 player=44250 opponents=51833 candidates=25 before=2800 after=2800 rows=336
[1789024992588] [[32minfo[0m] [OcclusionAB] car=3 track=0 frame=17 mode=1 draw=149169 present=31439 prepare=24478 raster=55488 blit=15046 player=43385 opponents=51725 candidates=25 before=2800 after=1091 rows=336
[1789024992736] [[32minfo[0m] [CarStage] car=5 panels=607 vertices=790 tiles=1 prepare_us=6053 raster_us=20485 blit_us=6883
[1789024992983] [[32minfo[0m] [OcclusionAB] car=3 track=0 frame=18 mode=0 draw=133685 present=31464 prepare=23925 raster=54598 blit=16588 player=43864 opponents=52438 candidates=26 before=2912 after=2912 rows=336
[1789024992992] [[32minfo[0m] [OcclusionAB] car=3 track=0 frame=18 mode=1 draw=130302 present=31455 prepare=23949 raster=54611 blit=14456 player=42842 opponents=50272 candidates=26 before=2912 after=1037 rows=336
[1789024993332] [[32minfo[0m] [OcclusionAB] car=3 track=0 frame=19 mode=0 draw=105138 present=31962 prepare=17859 raster=34429 blit=10099 player=44345 opponents=24142 candidates=21 before=2352 after=2352 rows=224
[1789024993341] [[32minfo[0m] [OcclusionAB] car=3 track=0 frame=19 mode=1 draw=104558 present=31450 prepare=17914 raster=34483 blit=9115 player=43645 opponents=23947 candidates=21 before=2352 after=819 rows=224
[1789024993741] [[32minfo[0m] [OcclusionAB] car=3 track=0 frame=20 mode=0 draw=136524 present=31426 prepare=23935 raster=57625 blit=19440 player=46804 opponents=54288 candidates=27 before=3024 after=3024 rows=336
[1789024993750] [[32minfo[0m] [OcclusionAB] car=3 track=0 frame=20 mode=1 draw=133553 present=31399 prepare=23966 raster=57577 blit=16684 player=45537 opponents=52784 candidates=27 before=3024 after=1280 rows=336
[1789024994184] [[32minfo[0m] [OcclusionAB] car=3 track=0 frame=21 mode=0 draw=157231 present=31458 prepare=24041 raster=55638 blit=29386 player=51103 opponents=58067 candidates=101 before=11312 after=11312 rows=336
[1789024994193] [[32minfo[0m] [OcclusionAB] car=3 track=0 frame=21 mode=1 draw=146735 present=31467 prepare=23897 raster=55604 blit=19167 player=45238 opponents=53519 candidates=101 before=11312 after=1655 rows=336
[1789024994241] [[32minfo[0m] [PaintStage] rows=138 clear_us=475 fill_us=11995 copy_us=3683
[1789024994242] [[32minfo[0m] [TrackStage] project_us=7540 paint_us=17360 lines_us=4 wireframe=false
[1789024994375] [[32minfo[0m] [RaceStage] track_us=30984 cars_us=112341 upscale_us=14280 scene_width=234 surfaces=370 cars=3 track_id=0 player_car=3 submitted=3 player_us=52294 opponents_us=59615 player_native=true
[1789024994589] [[32minfo[0m] [HudStage] map_us=1398 total_us=3353 map_cached=true
[1789024994646] [[32minfo[0m] [OcclusionAB] car=3 track=0 frame=22 mode=0 draw=175257 present=31414 prepare=24463 raster=52249 blit=35079 player=52294 opponents=59615 candidates=115 before=12880 after=12880 rows=336
[1789024994655] [[32minfo[0m] [OcclusionAB] car=3 track=0 frame=22 mode=1 draw=147335 present=31498 prepare=23938 raster=52115 blit=23149 player=45782 opponents=53525 candidates=115 before=12880 after=3080 rows=336
[1789024994772] [[32minfo[0m] [CarStage] car=3 panels=1151 vertices=1642 tiles=1 prepare_us=11431 raster_us=23496 blit_us=5149
[1789024995008] [[32minfo[0m] [OcclusionAB] car=3 track=0 frame=23 mode=0 draw=113559 present=31439 prepare=17780 raster=31931 blit=13291 player=44701 opponents=24436 candidates=53 before=5936 after=5936 rows=224
[1789024995017] [[32minfo[0m] [OcclusionAB] car=3 track=0 frame=23 mode=1 draw=109657 present=31442 prepare=17851 raster=31926 blit=7833 player=41302 opponents=23773 candidates=53 before=5936 after=1555 rows=224
[1789024995417] [[32minfo[0m] [OcclusionAB] car=3 track=0 frame=24 mode=0 draw=141302 present=31412 prepare=23874 raster=49434 blit=27632 player=45446 opponents=55586 candidates=83 before=9296 after=9296 rows=336
[1789024995426] [[32minfo[0m] [OcclusionAB] car=3 track=0 frame=24 mode=1 draw=129434 present=31436 prepare=24563 raster=49962 blit=14704 player=41144 opponents=48192 candidates=83 before=9296 after=1218 rows=336
[1789024995444] [[32minfo[0m] [OcclusionAB] GROUP car=3 track=0 mismatches=0 stack_free=1276
[1789024996284] [[32minfo[0m] [OcclusionAB] car=3 track=1 frame=1 mode=0 draw=150680 present=31464 prepare=23705 raster=59284 blit=28772 player=46378 opponents=65485 candidates=36 before=4032 after=4032 rows=336
[1789024996292] [[32minfo[0m] [OcclusionAB] car=3 track=1 frame=1 mode=1 draw=143095 present=31693 prepare=23704 raster=59277 blit=21214 player=45311 opponents=58994 candidates=36 before=4032 after=1685 rows=336
[1789024996335] [[32minfo[0m] [PaintStage] rows=134 clear_us=464 fill_us=8522 copy_us=3572
[1789024996336] [[32minfo[0m] [TrackStage] project_us=5449 paint_us=13818 lines_us=4 wireframe=false
[1789024996460] [[32minfo[0m] [RaceStage] track_us=25250 cars_us=103687 upscale_us=14326 scene_width=234 surfaces=196 cars=3 track_id=1 player_car=3 submitted=3 player_us=50089 opponents_us=53120 player_native=true
[1789024996665] [[32minfo[0m] [HudStage] map_us=1389 total_us=3369 map_cached=true
[1789024996722] [[32minfo[0m] [OcclusionAB] car=3 track=1 frame=2 mode=0 draw=160908 present=31423 prepare=23751 raster=54340 blit=25013 player=50089 opponents=53120 candidates=75 before=8400 after=8400 rows=336
[1789024996730] [[32minfo[0m] [OcclusionAB] car=3 track=1 frame=2 mode=1 draw=138229 present=31481 prepare=23824 raster=54305 blit=17528 player=44653 opponents=51104 candidates=75 before=8400 after=2351 rows=336
[1789024996791] [[32minfo[0m] [CarStage] car=4 panels=627 vertices=869 tiles=1 prepare_us=6442 raster_us=8137 blit_us=2609
[1789024997073] [[32minfo[0m] [OcclusionAB] car=3 track=1 frame=3 mode=0 draw=105666 present=31664 prepare=17885 raster=30141 blit=8204 player=38954 opponents=23447 candidates=29 before=3248 after=3248 rows=224
[1789024997081] [[32minfo[0m] [OcclusionAB] car=3 track=1 frame=3 mode=1 draw=106491 present=31443 prepare=18097 raster=30215 blit=7526 player=38696 opponents=24448 candidates=29 before=3248 after=820 rows=224
[1789024997441] [[32minfo[0m] [OcclusionAB] car=3 track=1 frame=4 mode=0 draw=115143 present=31503 prepare=24028 raster=39720 blit=9045 player=33913 opponents=38978 candidates=23 before=2576 after=2576 rows=336
[1789024997449] [[32minfo[0m] [OcclusionAB] car=3 track=1 frame=4 mode=1 draw=114492 present=31444 prepare=24061 raster=39683 blit=7941 player=33395 opponents=38394 candidates=23 before=2576 after=803 rows=336
[1789024997823] [[32minfo[0m] [OcclusionAB] car=3 track=1 frame=5 mode=0 draw=121771 present=31427 prepare=24052 raster=46695 blit=13384 player=39176 opponents=45053 candidates=20 before=2240 after=2240 rows=336
[1789024997831] [[32minfo[0m] [OcclusionAB] car=3 track=1 frame=5 mode=1 draw=121166 present=31460 prepare=24027 raster=46670 blit=12771 player=38636 opponents=44928 candidates=20 before=2240 after=1020 rows=336
[1789024998221] [[32minfo[0m] [OcclusionAB] car=3 track=1 frame=6 mode=0 draw=129840 present=31438 prepare=24130 raster=54262 blit=14443 player=42523 opponents=50405 candidates=18 before=2016 after=2016 rows=336
[1789024998229] [[32minfo[0m] [OcclusionAB] car=3 track=1 frame=6 mode=1 draw=129559 present=31434 prepare=24118 raster=54256 blit=14243 player=42576 opponents=50149 candidates=18 before=2016 after=1099 rows=336
[1789024998429] [[32minfo[0m] [PaintStage] rows=154 clear_us=519 fill_us=4582 copy_us=3931
[1789024998430] [[32minfo[0m] [TrackStage] project_us=3569 paint_us=10272 lines_us=4 wireframe=false
[1789024998520] [[32minfo[0m] [RaceStage] track_us=19851 cars_us=70042 upscale_us=14313 scene_width=234 surfaces=55 cars=3 track_id=1 player_car=3 submitted=3 player_us=45348 opponents_us=24211 player_native=true
[1789024998588] [[32minfo[0m] [OcclusionAB] car=3 track=1 frame=7 mode=0 draw=121595 present=31432 prepare=17921 raster=36339 blit=8998 player=45348 opponents=24211 candidates=12 before=1344 after=1344 rows=224
[1789024998596] [[32minfo[0m] [OcclusionAB] car=3 track=1 frame=7 mode=1 draw=106691 present=31455 prepare=18141 raster=36380 blit=9037 player=45672 opponents=24179 candidates=12 before=1344 after=761 rows=224
[1789024998753] [[32minfo[0m] [HudStage] map_us=1473 total_us=3454 map_cached=true
[1789024998846] [[32minfo[0m] [CarStage] car=4 panels=627 vertices=869 tiles=1 prepare_us=6419 raster_us=9178 blit_us=2490
[1789024999005] [[32minfo[0m] [OcclusionAB] car=3 track=1 frame=8 mode=0 draw=138902 present=31504 prepare=24124 raster=61316 blit=16305 player=46625 opponents=55223 candidates=16 before=1792 after=1792 rows=336
[1789024999013] [[32minfo[0m] [OcclusionAB] car=3 track=1 frame=8 mode=1 draw=138827 present=31451 prepare=24244 raster=61362 blit=16005 player=46978 opponents=55851 candidates=16 before=1792 after=1072 rows=336
[1789024999442] [[32minfo[0m] [OcclusionAB] car=3 track=1 frame=9 mode=0 draw=153138 present=31462 prepare=24634 raster=59436 blit=28858 player=47111 opponents=65927 candidates=36 before=4032 after=4032 rows=336
[1789024999450] [[32minfo[0m] [OcclusionAB] car=3 track=1 frame=9 mode=1 draw=145151 present=31452 prepare=24113 raster=59323 blit=21310 player=45497 opponents=59345 candidates=36 before=4032 after=1685 rows=336
[1789024999867] [[32minfo[0m] [OcclusionAB] car=3 track=1 frame=10 mode=0 draw=146667 present=31457 prepare=24046 raster=54399 blit=25241 player=50341 opponents=53443 candidates=75 before=8400 after=8400 rows=336
[1789024999876] [[32minfo[0m] [OcclusionAB] car=3 track=1 frame=10 mode=1 draw=138964 present=31480 prepare=24040 raster=54430 blit=17785 player=44852 opponents=51502 candidates=75 before=8400 after=2353 rows=336
[1789025000218] [[32minfo[0m] [OcclusionAB] car=3 track=1 frame=11 mode=0 draw=106284 present=31426 prepare=17952 raster=30156 blit=8196 player=39009 opponents=23474 candidates=29 before=3248 after=3248 rows=224
[1789025000226] [[32minfo[0m] [OcclusionAB] car=3 track=1 frame=11 mode=1 draw=105679 present=31655 prepare=17984 raster=30124 blit=7476 player=38445 opponents=23339 candidates=29 before=3248 after=820 rows=224
[1789025000442] [[32minfo[0m] [PaintStage] rows=232 clear_us=792 fill_us=7563 copy_us=5633
[1789025000443] [[32minfo[0m] [TrackStage] project_us=4762 paint_us=15261 lines_us=4 wireframe=false
[1789025000536] [[32minfo[0m] [RaceStage] track_us=26016 cars_us=72355 upscale_us=14274 scene_width=234 surfaces=123 cars=3 track_id=1 player_car=3 submitted=3 player_us=33426 opponents_us=38434 player_native=true
[1789025000604] [[32minfo[0m] [OcclusionAB] car=3 track=1 frame=12 mode=0 draw=116756 present=31462 prepare=24236 raster=39724 blit=9204 player=34210 opponents=39067 candidates=23 before=2576 after=2576 rows=336
[1789025000612] [[32minfo[0m] [OcclusionAB] car=3 track=1 frame=12 mode=1 draw=130020 present=31417 prepare=24076 raster=39701 blit=7980 player=33426 opponents=38434 candidates=23 before=2576 after=804 rows=336
[1789025000898] [[32minfo[0m] [CarStage] car=3 panels=1151 vertices=1642 tiles=1 prepare_us=11509 raster_us=22027 blit_us=5657
[1789025000931] [[32minfo[0m] [HudStage] map_us=1400 total_us=3361 map_cached=true
[1789025000988] [[32minfo[0m] [OcclusionAB] car=3 track=1 frame=13 mode=0 draw=124029 present=31477 prepare=24188 raster=46579 blit=13453 player=40371 opponents=45101 candidates=20 before=2240 after=2240 rows=336
[1789025000996] [[32minfo[0m] [OcclusionAB] car=3 track=1 frame=13 mode=1 draw=121048 present=31467 prepare=24118 raster=46538 blit=12707 player=38635 opponents=44833 candidates=20 before=2240 after=1018 rows=336
[1789025001387] [[32minfo[0m] [OcclusionAB] car=3 track=1 frame=14 mode=0 draw=129840 present=31475 prepare=24060 raster=54332 blit=14386 player=42523 opponents=50353 candidates=18 before=2016 after=2016 rows=336
[1789025001396] [[32minfo[0m] [OcclusionAB] car=3 track=1 frame=14 mode=1 draw=129848 present=31470 prepare=24618 raster=54333 blit=14300 player=42583 opponents=50767 candidates=18 before=2016 after=1089 rows=336
[1789025001737] [[32minfo[0m] [OcclusionAB] car=3 track=1 frame=15 mode=0 draw=105382 present=31447 prepare=17952 raster=36303 blit=8945 player=45303 opponents=24204 candidates=12 before=1344 after=1344 rows=224
[1789025001745] [[32minfo[0m] [OcclusionAB] car=3 track=1 frame=15 mode=1 draw=105538 present=31459 prepare=18017 raster=36288 blit=8977 player=45402 opponents=24179 candidates=12 before=1344 after=761 rows=224
[1789025002151] [[32minfo[0m] [OcclusionAB] car=3 track=1 frame=16 mode=0 draw=137754 present=31489 prepare=24188 raster=61236 blit=16358 player=46648 opponents=55237 candidates=16 before=1792 after=1792 rows=336
[1789025002160] [[32minfo[0m] [OcclusionAB] car=3 track=1 frame=16 mode=1 draw=137511 present=31428 prepare=24073 raster=61595 blit=15907 player=46945 opponents=54764 candidates=16 before=1792 after=1072 rows=336
[1789025002586] [[32minfo[0m] [OcclusionAB] car=3 track=1 frame=17 mode=0 draw=151246 present=31478 prepare=24067 raster=59327 blit=28721 player=46469 opponents=65751 candidates=36 before=4032 after=4032 rows=336
[1789025002595] [[32minfo[0m] [OcclusionAB] car=3 track=1 frame=17 mode=1 draw=144460 present=31449 prepare=24093 raster=59757 blit=21278 player=45467 opponents=59757 candidates=36 before=4032 after=1685 rows=336
[1789025002637] [[32minfo[0m] [PaintStage] rows=135 clear_us=470 fill_us=8595 copy_us=3601
[1789025002638] [[32minfo[0m] [TrackStage] project_us=5541 paint_us=13852 lines_us=4 wireframe=false
[1789025002763] [[32minfo[0m] [RaceStage] track_us=25399 cars_us=104161 upscale_us=14313 scene_width=234 surfaces=196 cars=3 track_id=1 player_car=3 submitted=3 player_us=50245 opponents_us=53438 player_native=true
[1789025002932] [[32minfo[0m] [CarStage] car=3 panels=1151 vertices=1642 tiles=1 prepare_us=11515 raster_us=25203 blit_us=7997
[1789025002970] [[32minfo[0m] [HudStage] map_us=1426 total_us=3389 map_cached=true
[1789025003027] [[32minfo[0m] [OcclusionAB] car=3 track=1 frame=18 mode=0 draw=161523 present=31460 prepare=24043 raster=54420 blit=25118 player=50245 opponents=53438 candidates=75 before=8400 after=8400 rows=336
[1789025003035] [[32minfo[0m] [OcclusionAB] car=3 track=1 frame=18 mode=1 draw=140195 present=31515 prepare=24156 raster=54410 blit=17666 player=45960 opponents=51588 candidates=75 before=8400 after=2351 rows=336
[1789025003377] [[32minfo[0m] [OcclusionAB] car=3 track=1 frame=19 mode=0 draw=106339 present=31467 prepare=17925 raster=30625 blit=8232 player=39506 opponents=23610 candidates=29 before=3248 after=3248 rows=224
[1789025003385] [[32minfo[0m] [OcclusionAB] car=3 track=1 frame=19 mode=1 draw=105119 present=31449 prepare=17991 raster=30082 blit=7470 player=38395 opponents=23343 candidates=29 before=3248 after=820 rows=224
[1789025003745] [[32minfo[0m] [OcclusionAB] car=3 track=1 frame=20 mode=0 draw=115231 present=31469 prepare=24016 raster=39691 blit=9089 player=33908 opponents=38988 candidates=23 before=2576 after=2576 rows=336
[1789025003753] [[32minfo[0m] [OcclusionAB] car=3 track=1 frame=20 mode=1 draw=113950 present=31469 prepare=24076 raster=39722 blit=7951 player=33407 opponents=38441 candidates=23 before=2576 after=804 rows=336
[1789025004127] [[32minfo[0m] [OcclusionAB] car=3 track=1 frame=21 mode=0 draw=121914 present=31474 prepare=24115 raster=46757 blit=13457 player=39463 opponents=44968 candidates=20 before=2240 after=2240 rows=336
[1789025004136] [[32minfo[0m] [OcclusionAB] car=3 track=1 frame=21 mode=1 draw=121093 present=31478 prepare=24090 raster=46508 blit=12740 player=38658 opponents=44775 candidates=20 before=2240 after=1020 rows=336
[1789025004528] [[32minfo[0m] [OcclusionAB] car=3 track=1 frame=22 mode=0 draw=130808 present=32020 prepare=24098 raster=54286 blit=14453 player=42568 opponents=50367 candidates=18 before=2016 after=2016 rows=336
[1789025004537] [[32minfo[0m] [OcclusionAB] car=3 track=1 frame=22 mode=1 draw=130579 present=31451 prepare=24142 raster=54249 blit=14296 player=42637 opponents=50145 candidates=18 before=2016 after=1091 rows=336
[1789025004737] [[32minfo[0m] [PaintStage] rows=154 clear_us=534 fill_us=5215 copy_us=3987
[1789025004738] [[32minfo[0m] [TrackStage] project_us=4155 paint_us=10959 lines_us=5 wireframe=false
[1789025004829] [[32minfo[0m] [RaceStage] track_us=21103 cars_us=70072 upscale_us=14312 scene_width=234 surfaces=103 cars=3 track_id=1 player_car=3 submitted=3 player_us=45352 opponents_us=24237 player_native=true
[1789025004897] [[32minfo[0m] [OcclusionAB] car=3 track=1 frame=23 mode=0 draw=122892 present=31463 prepare=17934 raster=36344 blit=9009 player=45352 opponents=24237 candidates=12 before=1344 after=1344 rows=224
[1789025004905] [[32minfo[0m] [OcclusionAB] car=3 track=1 frame=23 mode=1 draw=107173 present=31429 prepare=17953 raster=36321 blit=9043 player=45402 opponents=24191 candidates=12 before=1344 after=761 rows=224
[1789025004963] [[32minfo[0m] [CarStage] car=4 panels=627 vertices=869 tiles=1 prepare_us=6436 raster_us=9180 blit_us=3733
[1789025005085] [[32minfo[0m] [HudStage] map_us=1469 total_us=3459 map_cached=true
[1789025005345] [[32minfo[0m] [OcclusionAB] car=3 track=1 frame=24 mode=0 draw=162465 present=31468 prepare=24274 raster=61418 blit=36434 player=55835 opponents=67510 candidates=75 before=8400 after=8400 rows=336
[1789025005354] [[32minfo[0m] [OcclusionAB] car=3 track=1 frame=24 mode=1 draw=146444 present=31948 prepare=24034 raster=61832 blit=22473 player=50259 opponents=58201 candidates=75 before=8400 after=2040 rows=336
[1789025005372] [[32minfo[0m] [OcclusionAB] GROUP car=3 track=1 mismatches=0 stack_free=1276
[1789025005435] [[32minfo[0m] [RacerMaterial] texture_side=32 entries=14 fallback_panels=0 map_cached=true
[1789025006179] [[32minfo[0m] [OcclusionAB] car=4 track=0 frame=1 mode=0 draw=122785 present=31461 prepare=24086 raster=48942 blit=12701 player=33877 opponents=51948 candidates=24 before=2688 after=2688 rows=336
[1789025006187] [[32minfo[0m] [OcclusionAB] car=4 track=0 frame=1 mode=1 draw=120241 present=31486 prepare=24004 raster=48724 blit=10505 player=33109 opponents=50205 candidates=24 before=2688 after=756 rows=336
[1789025006560] [[32minfo[0m] [OcclusionAB] car=4 track=0 frame=2 mode=0 draw=122980 present=31463 prepare=23997 raster=48947 blit=14120 player=34417 opponents=52734 candidates=41 before=4592 after=4592 rows=336
[1789025006568] [[32minfo[0m] [OcclusionAB] car=4 track=0 frame=2 mode=1 draw=119012 present=31476 prepare=24023 raster=48481 blit=10735 player=33204 opponents=50121 candidates=41 before=4592 after=879 rows=336
[1789025006757] [[32minfo[0m] [PaintStage] rows=128 clear_us=436 fill_us=4375 copy_us=3494
[1789025006758] [[32minfo[0m] [TrackStage] project_us=3401 paint_us=9491 lines_us=4 wireframe=false
[1789025006841] [[32minfo[0m] [RaceStage] track_us=18798 cars_us=62868 upscale_us=14334 scene_width=234 surfaces=46 cars=3 track_id=0 player_car=4 submitted=3 player_us=36503 opponents_us=25976 player_native=true
[1789025006909] [[32minfo[0m] [OcclusionAB] car=4 track=0 frame=3 mode=0 draw=113236 present=31458 prepare=15684 raster=27689 blit=10767 player=36503 opponents=25976 candidates=38 before=4256 after=4256 rows=224
[1789025006917] [[32minfo[0m] [OcclusionAB] car=4 track=0 frame=3 mode=1 draw=97005 present=31465 prepare=15799 raster=27714 blit=10071 player=36140 opponents=25733 candidates=38 before=4256 after=1280 rows=224
[1789025006974] [[32minfo[0m] [CarStage] car=5 panels=607 vertices=790 tiles=1 prepare_us=6130 raster_us=8358 blit_us=2678
[1789025007237] [[32minfo[0m] [HudStage] map_us=1340 total_us=3343 map_cached=true
[1789025007294] [[32minfo[0m] [OcclusionAB] car=4 track=0 frame=4 mode=0 draw=124764 present=31462 prepare=24780 raster=46094 blit=13881 player=34520 opponents=51454 candidates=35 before=3920 after=3920 rows=336
[1789025007302] [[32minfo[0m] [OcclusionAB] car=4 track=0 frame=4 mode=1 draw=121467 present=31499 prepare=24391 raster=46012 blit=11240 player=32901 opponents=48835 candidates=35 before=3920 after=1113 rows=336
[1789025007674] [[32minfo[0m] [OcclusionAB] car=4 track=0 frame=5 mode=0 draw=121867 present=31447 prepare=24357 raster=46469 blit=12750 player=33505 opponents=50172 candidates=27 before=3024 after=3024 rows=336
[1789025007682] [[32minfo[0m] [OcclusionAB] car=4 track=0 frame=5 mode=1 draw=119327 present=31482 prepare=24359 raster=46501 blit=10052 player=32472 opponents=48534 candidates=27 before=3024 after=839 rows=336
[1789025008052] [[32minfo[0m] [OcclusionAB] car=4 track=0 frame=6 mode=0 draw=120554 present=31478 prepare=24358 raster=46518 blit=12274 player=33448 opponents=49793 candidates=26 before=2912 after=2912 rows=336
[1789025008060] [[32minfo[0m] [OcclusionAB] car=4 track=0 frame=6 mode=1 draw=118047 present=31463 prepare=24392 raster=46530 blit=9844 player=32282 opponents=48575 candidates=26 before=2912 after=804 rows=336
[1789025008381] [[32minfo[0m] [OcclusionAB] car=4 track=0 frame=7 mode=0 draw=96235 present=31456 prepare=15986 raster=27696 blit=7604 player=34036 opponents=25837 candidates=33 before=3696 after=3696 rows=224
[1789025008389] [[32minfo[0m] [OcclusionAB] car=4 track=0 frame=7 mode=1 draw=94351 present=31449 prepare=15964 raster=27295 blit=6162 player=32564 opponents=25286 candidates=33 before=3696 after=687 rows=224
[1789025008767] [[32minfo[0m] [OcclusionAB] car=4 track=0 frame=8 mode=0 draw=124715 present=31458 prepare=24353 raster=46156 blit=18338 player=36401 opponents=52532 candidates=47 before=5264 after=5264 rows=336
[1789025008775] [[32minfo[0m] [OcclusionAB] car=4 track=0 frame=8 mode=1 draw=123005 present=31448 prepare=24344 raster=46162 blit=16803 player=35888 opponents=51515 candidates=47 before=5264 after=1621 rows=336
[1789025008827] [[32minfo[0m] [PaintStage] rows=211 clear_us=743 fill_us=13958 copy_us=5150
[1789025008828] [[32minfo[0m] [TrackStage] project_us=7640 paint_us=21144 lines_us=4 wireframe=false
[1789025008933] [[32minfo[0m] [RaceStage] track_us=34859 cars_us=84392 upscale_us=14318 scene_width=234 surfaces=392 cars=3 track_id=0 player_car=4 submitted=3 player_us=33702 opponents_us=50275 player_native=true
[1789025009052] [[32minfo[0m] [CarStage] car=5 panels=607 vertices=790 tiles=1 prepare_us=6046 raster_us=8484 blit_us=2932
[1789025009196] [[32minfo[0m] [OcclusionAB] car=4 track=0 frame=9 mode=0 draw=139210 present=31457 prepare=24439 raster=47342 blit=15096 player=35463 opponents=52648 candidates=33 before=3696 after=3696 rows=336
[1789025009204] [[32minfo[0m] [OcclusionAB] car=4 track=0 frame=9 mode=1 draw=151017 present=31439 prepare=24362 raster=47226 blit=12291 player=33702 opponents=50275 candidates=33 before=3696 after=1115 rows=336
[1789025009359] [[32minfo[0m] [HudStage] map_us=1379 total_us=3331 map_cached=true
[1789025009604] [[32minfo[0m] [OcclusionAB] car=4 track=0 frame=10 mode=0 draw=136680 present=31484 prepare=24462 raster=49011 blit=13775 player=35382 opponents=51969 candidates=25 before=2800 after=2800 rows=336
[1789025009613] [[32minfo[0m] [OcclusionAB] car=4 track=0 frame=10 mode=1 draw=132202 present=31462 prepare=24362 raster=48441 blit=11084 player=33542 opponents=50435 candidates=25 before=2800 after=780 rows=336
[1789025009952] [[32minfo[0m] [OcclusionAB] car=4 track=0 frame=11 mode=0 draw=105028 present=31411 prepare=15929 raster=27995 blit=7376 player=34393 opponents=25375 candidates=18 before=2016 after=2016 rows=224
[1789025009960] [[32minfo[0m] [OcclusionAB] car=4 track=0 frame=11 mode=1 draw=104013 present=31407 prepare=15983 raster=27986 blit=6271 player=33509 opponents=25141 candidates=18 before=2016 after=543 rows=224
[1789025010341] [[32minfo[0m] [OcclusionAB] car=4 track=0 frame=12 mode=0 draw=125903 present=31485 prepare=24534 raster=49146 blit=13076 player=34356 opponents=52499 candidates=23 before=2576 after=2576 rows=336
[1789025010350] [[32minfo[0m] [OcclusionAB] car=4 track=0 frame=12 mode=1 draw=123728 present=31919 prepare=24363 raster=49629 blit=10860 player=33451 opponents=51496 candidates=23 before=2576 after=753 rows=336
[1789025010729] [[32minfo[0m] [OcclusionAB] car=4 track=0 frame=13 mode=0 draw=125611 present=31470 prepare=24388 raster=50077 blit=13742 player=34834 opponents=53468 candidates=23 before=2576 after=2576 rows=336
[1789025010738] [[32minfo[0m] [OcclusionAB] car=4 track=0 frame=13 mode=1 draw=124137 present=31456 prepare=24420 raster=50069 blit=12083 player=34491 opponents=52169 candidates=23 before=2576 after=867 rows=336
[1789025010959] [[32minfo[0m] [PaintStage] rows=152 clear_us=539 fill_us=5187 copy_us=3954
[1789025010960] [[32minfo[0m] [TrackStage] project_us=3202 paint_us=10884 lines_us=4 wireframe=false
[1789025011071] [[32minfo[0m] [CarStage] car=6 panels=833 vertices=1215 tiles=1 prepare_us=8475 raster_us=22538 blit_us=5951
[1789025011073] [[32minfo[0m] [RaceStage] track_us=20062 cars_us=92170 upscale_us=14320 scene_width=234 surfaces=68 cars=3 track_id=0 player_car=4 submitted=3 player_us=36379 opponents_us=55363 player_native=true
[1789025011150] [[32minfo[0m] [OcclusionAB] car=4 track=0 frame=14 mode=0 draw=128386 present=31488 prepare=24365 raster=51614 blit=15989 player=36872 opponents=55187 candidates=27 before=3024 after=3024 rows=336
[1789025011159] [[32minfo[0m] [OcclusionAB] car=4 track=0 frame=14 mode=1 draw=153600 present=31450 prepare=24419 raster=51631 blit=14471 player=36379 opponents=55363 candidates=27 before=3024 after=1066 rows=336
[1789025011434] [[32minfo[0m] [HudStage] map_us=1338 total_us=3460 map_cached=true
[1789025011491] [[32minfo[0m] [OcclusionAB] car=4 track=0 frame=15 mode=0 draw=101666 present=31509 prepare=16077 raster=30722 blit=10324 player=39449 opponents=26119 candidates=22 before=2464 after=2464 rows=224
[1789025011499] [[32minfo[0m] [OcclusionAB] car=4 track=0 frame=15 mode=1 draw=99505 present=31803 prepare=16047 raster=30768 blit=9155 player=38467 opponents=25941 candidates=22 before=2464 after=958 rows=224
[1789025011901] [[32minfo[0m] [OcclusionAB] car=4 track=0 frame=16 mode=0 draw=136559 present=31501 prepare=24430 raster=57147 blit=17261 player=39664 opponents=59263 candidates=25 before=2800 after=2800 rows=336
[1789025011910] [[32minfo[0m] [OcclusionAB] car=4 track=0 frame=16 mode=1 draw=135585 present=31425 prepare=24494 raster=57137 blit=16350 player=39164 opponents=58914 candidates=25 before=2800 after=1237 rows=336
[1789025012306] [[32minfo[0m] [OcclusionAB] car=4 track=0 frame=17 mode=0 draw=133605 present=31475 prepare=24386 raster=54851 blit=16337 player=38372 opponents=57287 candidates=25 before=2800 after=2800 rows=336
[1789025012315] [[32minfo[0m] [OcclusionAB] car=4 track=0 frame=17 mode=1 draw=132385 present=31480 prepare=24388 raster=55091 blit=14781 player=37607 opponents=56742 candidates=25 before=2800 after=1083 rows=336
[1789025012707] [[32minfo[0m] [OcclusionAB] car=4 track=0 frame=18 mode=0 draw=132332 present=31426 prepare=24374 raster=54230 blit=16290 player=38040 opponents=56943 candidates=26 before=2912 after=2912 rows=336
[1789025012716] [[32minfo[0m] [OcclusionAB] car=4 track=0 frame=18 mode=1 draw=130061 present=31461 prepare=24391 raster=54205 blit=14256 player=37126 opponents=55819 candidates=26 before=2912 after=1039 rows=336
[1789025013048] [[32minfo[0m] [OcclusionAB] car=4 track=0 frame=19 mode=0 draw=101163 present=31427 prepare=15983 raster=30553 blit=9552 player=38462 opponents=26096 candidates=21 before=2352 after=2352 rows=224
[1789025013057] [[32minfo[0m] [OcclusionAB] car=4 track=0 frame=19 mode=1 draw=100369 present=31466 prepare=16020 raster=30598 blit=8616 player=37812 opponents=25862 candidates=21 before=2352 after=811 rows=224
[1789025013092] [[32minfo[0m] [PaintStage] rows=132 clear_us=482 fill_us=4225 copy_us=3627
[1789025013093] [[32minfo[0m] [TrackStage] project_us=3633 paint_us=9489 lines_us=8 wireframe=false
[1789025013118] [[32minfo[0m] [CarStage] car=5 panels=607 vertices=790 tiles=1 prepare_us=6133 raster_us=8959 blit_us=2703
[1789025013216] [[32minfo[0m] [RaceStage] track_us=19023 cars_us=102385 upscale_us=14334 scene_width=234 surfaces=42 cars=3 track_id=0 player_car=4 submitted=3 player_us=40846 opponents_us=61092 player_native=true
[1789025013474] [[32minfo[0m] [OcclusionAB] car=4 track=0 frame=20 mode=0 draw=153278 present=31425 prepare=24560 raster=57023 blit=19144 player=40846 opponents=61092 candidates=27 before=3024 after=3024 rows=336
[1789025013483] [[32minfo[0m] [OcclusionAB] car=4 track=0 frame=20 mode=1 draw=133700 present=31474 prepare=24611 raster=57540 blit=16230 player=39617 opponents=58862 candidates=27 before=3024 after=1280 rows=336
[1789025013648] [[32minfo[0m] [HudStage] map_us=1395 total_us=3384 map_cached=true
[1789025013915] [[32minfo[0m] [OcclusionAB] car=4 track=0 frame=21 mode=0 draw=155113 present=31434 prepare=24364 raster=55084 blit=27622 player=44471 opponents=62696 candidates=95 before=10640 after=10640 rows=336
[1789025013924] [[32minfo[0m] [OcclusionAB] car=4 track=0 frame=21 mode=1 draw=147251 present=31492 prepare=24353 raster=55121 blit=18633 player=39210 opponents=58988 candidates=95 before=10640 after=1620 rows=336
[1789025014358] [[32minfo[0m] [OcclusionAB] car=4 track=0 frame=22 mode=0 draw=157962 present=31475 prepare=24410 raster=52009 blit=34318 player=45595 opponents=65239 candidates=115 before=12880 after=12880 rows=336
[1789025014367] [[32minfo[0m] [OcclusionAB] car=4 track=0 frame=22 mode=1 draw=145837 present=32003 prepare=24370 raster=51722 blit=22732 player=39896 opponents=59023 candidates=115 before=12880 after=3087 rows=336
[1789025014712] [[32minfo[0m] [OcclusionAB] car=4 track=0 frame=23 mode=0 draw=109805 present=31418 prepare=15919 raster=28408 blit=12542 player=39049 opponents=26282 candidates=53 before=5936 after=5936 rows=224
[1789025014721] [[32minfo[0m] [OcclusionAB] car=4 track=0 frame=23 mode=1 draw=104885 present=31435 prepare=15975 raster=28400 blit=7518 player=34843 opponents=25515 candidates=53 before=5936 after=1548 rows=224
[1789025015120] [[32minfo[0m] [OcclusionAB] car=4 track=0 frame=24 mode=0 draw=141266 present=31478 prepare=24399 raster=49302 blit=27301 player=39894 opponents=61200 candidates=83 before=9296 after=9296 rows=336
[1789025015129] [[32minfo[0m] [OcclusionAB] car=4 track=0 frame=24 mode=1 draw=128396 present=31488 prepare=24621 raster=49330 blit=14314 player=35212 opponents=53146 candidates=83 before=9296 after=1219 rows=336
[1789025015147] [[32minfo[0m] [OcclusionAB] GROUP car=4 track=0 mismatches=0 stack_free=1276
[1789025015186] [[32minfo[0m] [PaintStage] rows=139 clear_us=487 fill_us=5881 copy_us=3677
[1789025015187] [[32minfo[0m] [TrackStage] project_us=4329 paint_us=11258 lines_us=4 wireframe=false
[1789025015212] [[32minfo[0m] [CarStage] car=5 panels=607 vertices=790 tiles=1 prepare_us=6006 raster_us=9101 blit_us=3649
[1789025015330] [[32minfo[0m] [RaceStage] track_us=21559 cars_us=123357 upscale_us=14354 scene_width=234 surfaces=110 cars=3 track_id=1 player_car=4 submitted=3 player_us=49095 opponents_us=73763 player_native=true
[1789025015742] [[32minfo[0m] [HudStage] map_us=1376 total_us=3353 map_cached=true
[1789025016005] [[32minfo[0m] [OcclusionAB] car=4 track=1 frame=1 mode=0 draw=150689 present=31439 prepare=24133 raster=58582 blit=28917 player=40227 opponents=71507 candidates=36 before=4032 after=4032 rows=336
[1789025016014] [[32minfo[0m] [OcclusionAB] car=4 track=1 frame=1 mode=1 draw=143897 present=31475 prepare=24187 raster=58622 blit=21122 player=39272 opponents=64749 candidates=36 before=4032 after=1685 rows=336
[1789025016425] [[32minfo[0m] [OcclusionAB] car=4 track=1 frame=2 mode=0 draw=143915 present=31452 prepare=24240 raster=53731 blit=24264 player=43814 opponents=58509 candidates=75 before=8400 after=8400 rows=336
[1789025016434] [[32minfo[0m] [OcclusionAB] car=4 track=1 frame=2 mode=1 draw=137380 present=31445 prepare=24377 raster=54302 blit=17183 player=39292 opponents=56668 candidates=75 before=8400 after=2351 rows=336
[1789025016768] [[32minfo[0m] [OcclusionAB] car=4 track=1 frame=3 mode=0 draw=102265 present=31426 prepare=16003 raster=26651 blit=7882 player=33717 opponents=25368 candidates=29 before=3248 after=3248 rows=224
[1789025016776] [[32minfo[0m] [OcclusionAB] car=4 track=1 frame=3 mode=1 draw=101668 present=31473 prepare=16055 raster=26654 blit=7158 player=33164 opponents=25196 candidates=29 before=3248 after=807 rows=224
[1789025017136] [[32minfo[0m] [OcclusionAB] car=4 track=1 frame=4 mode=0 draw=114922 present=31463 prepare=24542 raster=39015 blit=9006 player=29275 opponents=43388 candidates=23 before=2576 after=2576 rows=336
[1789025017144] [[32minfo[0m] [OcclusionAB] car=4 track=1 frame=4 mode=1 draw=113947 present=31467 prepare=24834 raster=39044 blit=7942 player=29076 opponents=42848 candidates=23 before=2576 after=802 rows=336
[1789025017247] [[32minfo[0m] [CarStage] car=4 panels=1011 vertices=1293 tiles=1 prepare_us=9948 raster_us=18623 blit_us=4933
[1789025017361] [[32minfo[0m] [PaintStage] rows=180 clear_us=614 fill_us=5221 copy_us=4523
[1789025017362] [[32minfo[0m] [TrackStage] project_us=3678 paint_us=11588 lines_us=8 wireframe=false
[1789025017467] [[32minfo[0m] [RaceStage] track_us=21260 cars_us=84770 upscale_us=14267 scene_width=234 surfaces=61 cars=3 track_id=1 player_car=4 submitted=3 player_us=34045 opponents_us=50245 player_native=true
[1789025017535] [[32minfo[0m] [OcclusionAB] car=4 track=1 frame=5 mode=0 draw=137657 present=31445 prepare=24575 raster=46308 blit=13310 player=34045 opponents=50245 candidates=20 before=2240 after=2240 rows=336
[1789025017544] [[32minfo[0m] [OcclusionAB] car=4 track=1 frame=5 mode=1 draw=122660 present=31926 prepare=24733 raster=46295 blit=12733 player=34698 opponents=50333 candidates=20 before=2240 after=1024 rows=336
[1789025017877] [[32minfo[0m] [HudStage] map_us=1419 total_us=3446 map_cached=true
[1789025017934] [[32minfo[0m] [OcclusionAB] car=4 track=1 frame=6 mode=0 draw=129513 present=31468 prepare=24587 raster=53656 blit=14254 player=36803 opponents=55790 candidates=18 before=2016 after=2016 rows=336
[1789025017942] [[32minfo[0m] [OcclusionAB] car=4 track=1 frame=6 mode=1 draw=130240 present=31500 prepare=24510 raster=53712 blit=14035 player=36867 opponents=55484 candidates=18 before=2016 after=1091 rows=336
[1789025018276] [[32minfo[0m] [OcclusionAB] car=4 track=1 frame=7 mode=0 draw=101605 present=31460 prepare=16025 raster=32220 blit=8540 player=39280 opponents=26127 candidates=12 before=1344 after=1344 rows=224
[1789025018284] [[32minfo[0m] [OcclusionAB] car=4 track=1 frame=7 mode=1 draw=102141 present=31433 prepare=16111 raster=32409 blit=8622 player=39608 opponents=26175 candidates=12 before=1344 after=761 rows=224
[1789025018689] [[32minfo[0m] [OcclusionAB] car=4 track=1 frame=8 mode=0 draw=137789 present=31473 prepare=24592 raster=60552 blit=16111 player=40420 opponents=60946 candidates=16 before=1792 after=1792 rows=336
[1789025018698] [[32minfo[0m] [OcclusionAB] car=4 track=1 frame=8 mode=1 draw=136614 present=31446 prepare=24582 raster=60523 blit=15647 player=40415 opponents=60432 candidates=16 before=1792 after=1066 rows=336
[1789025019125] [[32minfo[0m] [OcclusionAB] car=4 track=1 frame=9 mode=0 draw=152641 present=31468 prepare=24577 raster=58865 blit=29029 player=40381 opponents=72186 candidates=36 before=4032 after=4032 rows=336
[1789025019134] [[32minfo[0m] [OcclusionAB] car=4 track=1 frame=9 mode=1 draw=144770 present=31478 prepare=24548 raster=58650 blit=21271 player=39471 opponents=65093 candidates=36 before=4032 after=1685 rows=336
[1789025019255] [[32minfo[0m] [CarStage] car=4 panels=1011 vertices=1293 tiles=1 prepare_us=9963 raster_us=21376 blit_us=12651
[1789025019381] [[32minfo[0m] [PaintStage] rows=134 clear_us=472 fill_us=9121 copy_us=3562
[1789025019382] [[32minfo[0m] [TrackStage] project_us=6117 paint_us=14338 lines_us=4 wireframe=false
[1789025019498] [[32minfo[0m] [RaceStage] track_us=26439 cars_us=96346 upscale_us=14267 scene_width=234 surfaces=244 cars=3 track_id=1 player_car=4 submitted=3 player_us=38994 opponents_us=56870 player_native=true
[1789025019566] [[32minfo[0m] [OcclusionAB] car=4 track=1 frame=10 mode=0 draw=147169 present=31985 prepare=24614 raster=53891 blit=24522 player=45225 opponents=59111 candidates=75 before=8400 after=8400 rows=336
[1789025019575] [[32minfo[0m] [OcclusionAB] car=4 track=1 frame=10 mode=1 draw=154541 present=31435 prepare=24522 raster=53834 blit=17411 player=38994 opponents=56870 candidates=75 before=8400 after=2353 rows=336
[1789025019910] [[32minfo[0m] [OcclusionAB] car=4 track=1 frame=11 mode=0 draw=102916 present=31472 prepare=16002 raster=26633 blit=7886 player=33709 opponents=25338 candidates=29 before=3248 after=3248 rows=224
[1789025019919] [[32minfo[0m] [OcclusionAB] car=4 track=1 frame=11 mode=1 draw=102372 present=31431 prepare=16105 raster=26598 blit=7226 player=33207 opponents=25216 candidates=29 before=3248 after=807 rows=224
[1789025020052] [[32minfo[0m] [HudStage] map_us=1452 total_us=3387 map_cached=true
[1789025020279] [[32minfo[0m] [OcclusionAB] car=4 track=1 frame=12 mode=0 draw=116397 present=31477 prepare=24767 raster=39049 blit=9008 player=29289 opponents=43654 candidates=23 before=2576 after=2576 rows=336
[1789025020288] [[32minfo[0m] [OcclusionAB] car=4 track=1 frame=12 mode=1 draw=113919 present=31456 prepare=24559 raster=39061 blit=7819 player=28786 opponents=42749 candidates=23 before=2576 after=803 rows=336
[1789025020661] [[32minfo[0m] [OcclusionAB] car=4 track=1 frame=13 mode=0 draw=121544 present=31440 prepare=24560 raster=46153 blit=13272 player=34024 opponents=50053 candidates=20 before=2240 after=2240 rows=336
[1789025020670] [[32minfo[0m] [OcclusionAB] car=4 track=1 frame=13 mode=1 draw=121800 present=31445 prepare=24530 raster=46194 blit=12687 player=33555 opponents=49974 candidates=20 before=2240 after=1022 rows=336
[1789025021058] [[32minfo[0m] [OcclusionAB] car=4 track=1 frame=14 mode=0 draw=129242 present=31478 prepare=24485 raster=53741 blit=14216 player=36787 opponents=55746 candidates=18 before=2016 after=2016 rows=336
[1789025021067] [[32minfo[0m] [OcclusionAB] car=4 track=1 frame=14 mode=1 draw=128858 present=31679 prepare=24549 raster=53706 blit=14022 player=36829 opponents=55541 candidates=18 before=2016 after=1089 rows=336
[1789025021278] [[32minfo[0m] [CarStage] car=5 panels=607 vertices=790 tiles=1 prepare_us=6179 raster_us=9011 blit_us=2388
[1789025021402] [[32minfo[0m] [OcclusionAB] car=4 track=1 frame=15 mode=0 draw=103411 present=31435 prepare=16263 raster=32786 blit=8579 player=40099 opponents=27381 candidates=12 before=1344 after=1344 rows=224
[1789025021411] [[32minfo[0m] [OcclusionAB] car=4 track=1 frame=15 mode=1 draw=101468 present=31437 prepare=16102 raster=32191 blit=8545 player=39316 opponents=26099 candidates=12 before=1344 after=761 rows=224
[1789025021447] [[32minfo[0m] [PaintStage] rows=139 clear_us=512 fill_us=4376 copy_us=3700
[1789025021448] [[32minfo[0m] [TrackStage] project_us=3742 paint_us=9769 lines_us=4 wireframe=false
[1789025021570] [[32minfo[0m] [RaceStage] track_us=19416 cars_us=101788 upscale_us=14325 scene_width=234 surfaces=62 cars=3 track_id=1 player_car=4 submitted=3 player_us=40388 opponents_us=60916 player_native=true
[1789025021830] [[32minfo[0m] [OcclusionAB] car=4 track=1 frame=16 mode=0 draw=153133 present=31429 prepare=24528 raster=60574 blit=16102 player=40388 opponents=60916 candidates=16 before=1792 after=1792 rows=336
[1789025021839] [[32minfo[0m] [OcclusionAB] car=4 track=1 frame=16 mode=1 draw=136536 present=31472 prepare=24497 raster=60551 blit=15654 player=40412 opponents=60381 candidates=16 before=1792 after=1066 rows=336
[1789025022208] [[32minfo[0m] [HudStage] map_us=1442 total_us=3438 map_cached=true
[1789025022265] [[32minfo[0m] [OcclusionAB] car=4 track=1 frame=17 mode=0 draw=152313 present=31502 prepare=24533 raster=58681 blit=28891 player=40345 opponents=71856 candidates=36 before=4032 after=4032 rows=336
[1789025022273] [[32minfo[0m] [OcclusionAB] car=4 track=1 frame=17 mode=1 draw=143651 present=31683 prepare=24548 raster=58680 blit=21169 player=39434 opponents=65060 candidates=36 before=4032 after=1685 rows=336
[1789025022686] [[32minfo[0m] [OcclusionAB] car=4 track=1 frame=18 mode=0 draw=145317 present=31454 prepare=25170 raster=53885 blit=24340 player=44130 opponents=59367 candidates=75 before=8400 after=8400 rows=336
[1789025022695] [[32minfo[0m] [OcclusionAB] car=4 track=1 frame=18 mode=1 draw=137258 present=31483 prepare=24516 raster=53863 blit=17216 player=38889 opponents=56797 candidates=75 before=8400 after=2351 rows=336
[1789025023029] [[32minfo[0m] [OcclusionAB] car=4 track=1 frame=19 mode=0 draw=102335 present=31452 prepare=16019 raster=26640 blit=7845 player=33701 opponents=25343 candidates=29 before=3248 after=3248 rows=224
[1789025023038] [[32minfo[0m] [OcclusionAB] car=4 track=1 frame=19 mode=1 draw=101765 present=31464 prepare=16088 raster=26644 blit=7186 player=33206 opponents=25205 candidates=29 before=3248 after=824 rows=224
[1789025023310] [[32minfo[0m] [CarStage] car=4 panels=1011 vertices=1293 tiles=1 prepare_us=9949 raster_us=16028 blit_us=2772
[1789025023398] [[32minfo[0m] [OcclusionAB] car=4 track=1 frame=20 mode=0 draw=114978 present=31469 prepare=24556 raster=39021 blit=9031 player=29264 opponents=43440 candidates=23 before=2576 after=2576 rows=336
[1789025023406] [[32minfo[0m] [OcclusionAB] car=4 track=1 frame=20 mode=1 draw=115614 present=31462 prepare=25061 raster=39167 blit=7900 player=30024 opponents=43455 candidates=23 before=2576 after=803 rows=336
[1789025023621] [[32minfo[0m] [PaintStage] rows=180 clear_us=632 fill_us=5245 copy_us=4473
[1789025023622] [[32minfo[0m] [TrackStage] project_us=3712 paint_us=11597 lines_us=4 wireframe=false
[1789025023727] [[32minfo[0m] [RaceStage] track_us=21281 cars_us=84672 upscale_us=14263 scene_width=234 surfaces=61 cars=3 track_id=1 player_car=4 submitted=3 player_us=34065 opponents_us=50127 player_native=true
[1789025023795] [[32minfo[0m] [OcclusionAB] car=4 track=1 frame=21 mode=0 draw=137398 present=31457 prepare=24544 raster=46226 blit=13322 player=34065 opponents=50127 candidates=20 before=2240 after=2240 rows=336
[1789025023804] [[32minfo[0m] [OcclusionAB] car=4 track=1 frame=21 mode=1 draw=121210 present=31458 prepare=24529 raster=46182 blit=12655 player=33499 opponents=49962 candidates=20 before=2240 after=1024 rows=336
[1789025024195] [[32minfo[0m] [OcclusionAB] car=4 track=1 frame=22 mode=0 draw=130487 present=31457 prepare=24553 raster=53727 blit=14236 player=36807 opponents=55808 candidates=18 before=2016 after=2016 rows=336
[1789025024204] [[32minfo[0m] [OcclusionAB] car=4 track=1 frame=22 mode=1 draw=130411 present=31482 prepare=24827 raster=53750 blit=14094 player=36990 opponents=55780 candidates=18 before=2016 after=1091 rows=336
[1789025024326] [[32minfo[0m] [HudStage] map_us=1527 total_us=3633 map_cached=true
[1789025024542] [[32minfo[0m] [OcclusionAB] car=4 track=1 frame=23 mode=0 draw=103067 present=31433 prepare=16089 raster=32221 blit=8556 player=39329 opponents=26140 candidates=12 before=1344 after=1344 rows=224
[1789025024550] [[32minfo[0m] [OcclusionAB] car=4 track=1 frame=23 mode=1 draw=104765 present=31492 prepare=16142 raster=32202 blit=8609 player=39401 opponents=26643 candidates=12 before=1344 after=761 rows=224
[1789025024985] [[32minfo[0m] [OcclusionAB] car=4 track=1 frame=24 mode=0 draw=158708 present=31474 prepare=24545 raster=60570 blit=35543 player=48470 opponents=72287 candidates=75 before=8400 after=8400 rows=336
[1789025024994] [[32minfo[0m] [OcclusionAB] car=4 track=1 frame=24 mode=1 draw=144736 present=31441 prepare=24513 raster=60547 blit=21735 player=43676 opponents=63214 candidates=75 before=8400 after=2034 rows=336
[1789025025012] [[32minfo[0m] [OcclusionAB] GROUP car=4 track=1 mismatches=0 stack_free=1276
[1789025025071] [[32minfo[0m] [RacerMaterial] texture_side=32 entries=13 fallback_panels=0 map_cached=true
[1789025025323] [[32minfo[0m] [CarStage] car=6 panels=833 vertices=1215 tiles=1 prepare_us=8361 raster_us=10630 blit_us=2984
[1789025025663] [[32minfo[0m] [PaintStage] rows=135 clear_us=465 fill_us=5345 copy_us=3664
[1789025025664] [[32minfo[0m] [TrackStage] project_us=4288 paint_us=10694 lines_us=4 wireframe=false
[1789025025772] [[32minfo[0m] [RaceStage] track_us=20956 cars_us=87949 upscale_us=14315 scene_width=234 surfaces=101 cars=3 track_id=0 player_car=5 submitted=3 player_us=33218 opponents_us=54361 player_native=true
[1789025025840] [[32minfo[0m] [OcclusionAB] car=5 track=0 frame=1 mode=0 draw=140408 present=31448 prepare=24577 raster=50322 blit=12596 player=33218 opponents=54361 candidates=24 before=2688 after=2688 rows=336
[1789025025848] [[32minfo[0m] [OcclusionAB] car=5 track=0 frame=1 mode=1 draw=122405 present=31451 prepare=24641 raster=50317 blit=10451 player=32647 opponents=52846 candidates=24 before=2688 after=757 rows=336
[1789025026225] [[32minfo[0m] [OcclusionAB] car=5 track=0 frame=2 mode=0 draw=124772 present=31488 prepare=24653 raster=50305 blit=13988 player=34073 opponents=54958 candidates=41 before=4592 after=4592 rows=336
[1789025026233] [[32minfo[0m] [OcclusionAB] car=5 track=0 frame=2 mode=1 draw=121351 present=31455 prepare=24608 raster=50317 blit=10699 player=32893 opponents=52813 candidates=41 before=4592 after=879 rows=336
[1789025026353] [[32minfo[0m] [HudStage] map_us=1324 total_us=3428 map_cached=true
[1789025026567] [[32minfo[0m] [OcclusionAB] car=5 track=0 frame=3 mode=0 draw=100751 present=31456 prepare=17467 raster=30411 blit=10541 player=36288 opponents=29332 candidates=38 before=4256 after=4256 rows=224
[1789025026575] [[32minfo[0m] [OcclusionAB] car=5 track=0 frame=3 mode=1 draw=101910 present=31496 prepare=17444 raster=30966 blit=9949 player=36450 opponents=29224 candidates=38 before=4256 after=1280 rows=224
[1789025026955] [[32minfo[0m] [OcclusionAB] car=5 track=0 frame=4 mode=0 draw=126398 present=31427 prepare=25050 raster=47943 blit=14547 player=33903 opponents=53727 candidates=37 before=4144 after=4144 rows=336
[1789025026963] [[32minfo[0m] [OcclusionAB] car=5 track=0 frame=4 mode=1 draw=123026 present=31440 prepare=25054 raster=47939 blit=11303 player=32726 opponents=51661 candidates=37 before=4144 after=1114 rows=336
[1789025027341] [[32minfo[0m] [OcclusionAB] car=5 track=0 frame=5 mode=0 draw=124250 present=31506 prepare=25056 raster=48273 blit=12668 player=33160 opponents=52934 candidates=27 before=3024 after=3024 rows=336
[1789025027349] [[32minfo[0m] [OcclusionAB] car=5 track=0 frame=5 mode=1 draw=122133 present=31488 prepare=25132 raster=48372 blit=9979 player=32352 opponents=51237 candidates=27 before=3024 after=839 rows=336
[1789025027409] [[32minfo[0m] [CarStage] car=6 panels=833 vertices=1215 tiles=1 prepare_us=8518 raster_us=10462 blit_us=2323
[1789025027725] [[32minfo[0m] [OcclusionAB] car=5 track=0 frame=6 mode=0 draw=124652 present=31454 prepare=25214 raster=48277 blit=12601 player=33333 opponents=53973 candidates=27 before=3024 after=3024 rows=336
[1789025027734] [[32minfo[0m] [OcclusionAB] car=5 track=0 frame=6 mode=1 draw=120295 present=31467 prepare=25002 raster=48217 blit=9830 player=31902 opponents=51238 candidates=27 before=3024 after=804 rows=336
[1789025027770] [[32minfo[0m] [PaintStage] rows=135 clear_us=462 fill_us=4952 copy_us=3701
[1789025027771] [[32minfo[0m] [TrackStage] project_us=3918 paint_us=10327 lines_us=4 wireframe=false
[1789025027853] [[32minfo[0m] [RaceStage] track_us=20241 cars_us=61476 upscale_us=14306 scene_width=234 surfaces=68 cars=3 track_id=0 player_car=5 submitted=3 player_us=32319 opponents_us=28745 player_native=true
[1789025028076] [[32minfo[0m] [OcclusionAB] car=5 track=0 frame=7 mode=0 draw=98724 present=31651 prepare=17669 raster=29850 blit=7439 player=33193 opponents=29149 candidates=33 before=3696 after=3696 rows=224
[1789025028084] [[32minfo[0m] [OcclusionAB] car=5 track=0 frame=7 mode=1 draw=113547 present=31417 prepare=17711 raster=29846 blit=6159 player=32319 opponents=28745 candidates=33 before=3696 after=687 rows=224
[1789025028412] [[32minfo[0m] [HudStage] map_us=1408 total_us=3356 map_cached=true
[1789025028469] [[32minfo[0m] [OcclusionAB] car=5 track=0 frame=8 mode=0 draw=127392 present=31470 prepare=25034 raster=48006 blit=18508 player=36370 opponents=55272 candidates=49 before=5488 after=5488 rows=336
[1789025028477] [[32minfo[0m] [OcclusionAB] car=5 track=0 frame=8 mode=1 draw=127576 present=31487 prepare=25183 raster=48090 blit=17353 player=36258 opponents=54468 candidates=49 before=5488 after=1699 rows=336
[1789025028885] [[32minfo[0m] [OcclusionAB] car=5 track=0 frame=9 mode=0 draw=139992 present=31452 prepare=24950 raster=49190 blit=14994 player=34874 opponents=54354 candidates=33 before=3696 after=3696 rows=336
[1789025028894] [[32minfo[0m] [OcclusionAB] car=5 track=0 frame=9 mode=1 draw=137434 present=31466 prepare=24956 raster=49158 blit=12260 player=33572 opponents=52895 candidates=33 before=3696 after=1108 rows=336
[1789025029296] [[32minfo[0m] [OcclusionAB] car=5 track=0 frame=10 mode=0 draw=137504 present=31438 prepare=24947 raster=50588 blit=13598 player=34383 opponents=54845 candidates=25 before=2800 after=2800 rows=336
[1789025029305] [[32minfo[0m] [OcclusionAB] car=5 track=0 frame=10 mode=1 draw=134601 present=31445 prepare=24942 raster=50414 blit=11051 player=33175 opponents=53327 candidates=25 before=2800 after=780 rows=336
[1789025029420] [[32minfo[0m] [CarStage] car=5 panels=967 vertices=1150 tiles=1 prepare_us=9264 raster_us=19880 blit_us=3852
[1789025029652] [[32minfo[0m] [OcclusionAB] car=5 track=0 frame=11 mode=0 draw=108090 present=31422 prepare=17673 raster=30522 blit=7223 player=33906 opponents=28897 candidates=18 before=2016 after=2016 rows=224
[1789025029661] [[32minfo[0m] [OcclusionAB] car=5 track=0 frame=11 mode=1 draw=108907 present=31438 prepare=17763 raster=30500 blit=6114 player=34155 opponents=28858 candidates=18 before=2016 after=543 rows=224
[1789025029883] [[32minfo[0m] [PaintStage] rows=161 clear_us=554 fill_us=6326 copy_us=4018
[1789025029884] [[32minfo[0m] [TrackStage] project_us=4558 paint_us=12108 lines_us=4 wireframe=false
[1789025029991] [[32minfo[0m] [RaceStage] track_us=22674 cars_us=86881 upscale_us=14317 scene_width=234 surfaces=138 cars=3 track_id=0 player_car=5 submitted=3 player_us=32858 opponents_us=53599 player_native=true
[1789025030059] [[32minfo[0m] [OcclusionAB] car=5 track=0 frame=12 mode=0 draw=127501 present=31440 prepare=25060 raster=50538 blit=12859 player=33475 opponents=55075 candidates=23 before=2576 after=2576 rows=336
[1789025030068] [[32minfo[0m] [OcclusionAB] car=5 track=0 frame=12 mode=1 draw=141116 present=31639 prepare=25061 raster=50558 blit=10746 player=32858 opponents=53599 candidates=23 before=2576 after=752 rows=336
[1789025030453] [[32minfo[0m] [OcclusionAB] car=5 track=0 frame=13 mode=0 draw=128862 present=31440 prepare=25632 raster=51492 blit=13657 player=34798 opponents=56085 candidates=23 before=2576 after=2576 rows=336
[1789025030462] [[32minfo[0m] [OcclusionAB] car=5 track=0 frame=13 mode=1 draw=126083 present=31482 prepare=24998 raster=51429 blit=12092 player=33939 opponents=54676 candidates=23 before=2576 after=867 rows=336
[1789025030610] [[32minfo[0m] [HudStage] map_us=1385 total_us=3343 map_cached=true
[1789025030851] [[32minfo[0m] [OcclusionAB] car=5 track=0 frame=14 mode=0 draw=131285 present=31506 prepare=25018 raster=52960 blit=15830 player=36280 opponents=57620 candidates=27 before=3024 after=3024 rows=336
[1789025030860] [[32minfo[0m] [OcclusionAB] car=5 track=0 frame=14 mode=1 draw=128565 present=31428 prepare=25007 raster=53000 blit=14146 player=35722 opponents=56524 candidates=27 before=3024 after=1068 rows=336
[1789025031197] [[32minfo[0m] [OcclusionAB] car=5 track=0 frame=15 mode=0 draw=103717 present=31465 prepare=17792 raster=33595 blit=10016 player=39107 opponents=29651 candidates=22 before=2464 after=2464 rows=224
[1789025031206] [[32minfo[0m] [OcclusionAB] car=5 track=0 frame=15 mode=1 draw=102785 present=31456 prepare=17732 raster=33622 blit=8987 player=38259 opponents=29417 candidates=22 before=2464 after=958 rows=224
[1789025031461] [[32minfo[0m] [CarStage] car=6 panels=833 vertices=1215 tiles=1 prepare_us=8510 raster_us=11158 blit_us=2773
[1789025031614] [[32minfo[0m] [OcclusionAB] car=5 track=0 frame=16 mode=0 draw=139064 present=31439 prepare=25045 raster=59099 blit=17142 player=39433 opponents=61947 candidates=25 before=2800 after=2800 rows=336
[1789025031623] [[32minfo[0m] [OcclusionAB] car=5 track=0 frame=16 mode=1 draw=139046 present=31442 prepare=25216 raster=58686 blit=16263 player=39339 opponents=62073 candidates=25 before=2800 after=1237 rows=336
[1789025032022] [[32minfo[0m] [OcclusionAB] car=5 track=0 frame=17 mode=0 draw=135613 present=31434 prepare=25006 raster=56395 blit=16142 player=37900 opponents=59736 candidates=25 before=2800 after=2800 rows=336
[1789025032031] [[32minfo[0m] [OcclusionAB] car=5 track=0 frame=17 mode=1 draw=134183 present=31431 prepare=25018 raster=56376 blit=14552 player=37116 opponents=58923 candidates=25 before=2800 after=1081 rows=336
[1789025032069] [[32minfo[0m] [PaintStage] rows=151 clear_us=518 fill_us=5623 copy_us=3886
[1789025032070] [[32minfo[0m] [TrackStage] project_us=3872 paint_us=11241 lines_us=4 wireframe=false
[1789025032187] [[32minfo[0m] [RaceStage] track_us=21095 cars_us=97293 upscale_us=14305 scene_width=234 surfaces=95 cars=3 track_id=0 player_car=5 submitted=3 player_us=37399 opponents_us=59466 player_native=true
[1789025032443] [[32minfo[0m] [OcclusionAB] car=5 track=0 frame=18 mode=0 draw=150028 present=31414 prepare=24925 raster=55666 blit=16183 player=37399 opponents=59466 candidates=26 before=2912 after=2912 rows=336
[1789025032452] [[32minfo[0m] [OcclusionAB] car=5 track=0 frame=18 mode=1 draw=132701 present=31447 prepare=25146 raster=56186 blit=14112 player=37185 opponents=58356 candidates=26 before=2912 after=1038 rows=336
[1789025032734] [[32minfo[0m] [HudStage] map_us=1337 total_us=3482 map_cached=true
[1789025032791] [[32minfo[0m] [OcclusionAB] car=5 track=0 frame=19 mode=0 draw=105342 present=31483 prepare=17730 raster=33237 blit=9276 player=37981 opponents=29591 candidates=21 before=2352 after=2352 rows=224
[1789025032799] [[32minfo[0m] [OcclusionAB] car=5 track=0 frame=19 mode=1 draw=103474 present=31459 prepare=17702 raster=33245 blit=8428 player=37341 opponents=29367 candidates=21 before=2352 after=809 rows=224
[1789025033203] [[32minfo[0m] [OcclusionAB] car=5 track=0 frame=20 mode=0 draw=137939 present=31431 prepare=25005 raster=58484 blit=18975 player=40268 opponents=62287 candidates=27 before=3024 after=3024 rows=336
[1789025033212] [[32minfo[0m] [OcclusionAB] car=5 track=0 frame=20 mode=1 draw=135300 present=31456 prepare=25055 raster=58492 blit=16137 player=39178 opponents=60603 candidates=27 before=3024 after=1280 rows=336
[1789025033490] [[32minfo[0m] [CarStage] car=6 panels=833 vertices=1215 tiles=1 prepare_us=8455 raster_us=10951 blit_us=5732
[1789025033649] [[32minfo[0m] [OcclusionAB] car=5 track=0 frame=21 mode=0 draw=158347 present=31445 prepare=25158 raster=56606 blit=27450 player=44267 opponents=66156 candidates=95 before=10640 after=10640 rows=336
[1789025033658] [[32minfo[0m] [OcclusionAB] car=5 track=0 frame=21 mode=1 draw=149000 present=31451 prepare=25124 raster=56924 blit=18887 player=39618 opponents=61415 candidates=95 before=10640 after=1625 rows=336
[1789025034095] [[32minfo[0m] [OcclusionAB] car=5 track=0 frame=22 mode=0 draw=158985 present=31451 prepare=24979 raster=53004 blit=33764 player=44215 opponents=67622 candidates=115 before=12880 after=12880 rows=336
[1789025034104] [[32minfo[0m] [OcclusionAB] car=5 track=0 frame=22 mode=1 draw=147741 present=31433 prepare=24966 raster=53032 blit=22622 player=39152 opponents=61565 candidates=115 before=12880 after=3087 rows=336
[1789025034149] [[32minfo[0m] [PaintStage] rows=139 clear_us=472 fill_us=10279 copy_us=3678
[1789025034150] [[32minfo[0m] [TrackStage] project_us=6622 paint_us=15619 lines_us=4 wireframe=false
[1789025034234] [[32minfo[0m] [RaceStage] track_us=28298 cars_us=63739 upscale_us=14308 scene_width=234 surfaces=280 cars=3 track_id=0 player_car=5 submitted=3 player_us=34207 opponents_us=29115 player_native=true
[1789025034472] [[32minfo[0m] [OcclusionAB] car=5 track=0 frame=23 mode=0 draw=113285 present=31423 prepare=18384 raster=30825 blit=12257 player=38308 opponents=30480 candidates=53 before=5936 after=5936 rows=224
[1789025034481] [[32minfo[0m] [OcclusionAB] car=5 track=0 frame=23 mode=1 draw=124000 present=31437 prepare=17658 raster=30860 blit=7432 player=34207 opponents=29115 candidates=53 before=5936 after=1555 rows=224
[1789025034828] [[32minfo[0m] [HudStage] map_us=1391 total_us=3377 map_cached=true
[1789025034885] [[32minfo[0m] [OcclusionAB] car=5 track=0 frame=24 mode=0 draw=142599 present=31480 prepare=25035 raster=50608 blit=26662 player=38555 opponents=63839 candidates=82 before=9184 after=9184 rows=336
[1789025034893] [[32minfo[0m] [OcclusionAB] car=5 track=0 frame=24 mode=1 draw=131050 present=31478 prepare=25046 raster=50647 blit=14117 player=34451 opponents=55468 candidates=82 before=9184 after=1206 rows=336
[1789025034912] [[32minfo[0m] [OcclusionAB] GROUP car=5 track=0 mismatches=0 stack_free=1276
[1789025035591] [[32minfo[0m] [CarStage] car=6 panels=833 vertices=1215 tiles=1 prepare_us=8383 raster_us=11229 blit_us=2470
[1789025035758] [[32minfo[0m] [OcclusionAB] car=5 track=1 frame=1 mode=0 draw=154462 present=31459 prepare=24899 raster=60507 blit=28954 player=40388 opponents=75206 candidates=36 before=4032 after=4032 rows=336
[1789025035766] [[32minfo[0m] [OcclusionAB] car=5 track=1 frame=1 mode=1 draw=145304 present=31451 prepare=24796 raster=60482 blit=21007 player=39237 opponents=67145 candidates=36 before=4032 after=1695 rows=336
[1789025036181] [[32minfo[0m] [OcclusionAB] car=5 track=1 frame=2 mode=0 draw=145441 present=31486 prepare=24911 raster=55090 blit=23787 player=43058 opponents=60816 candidates=75 before=8400 after=8400 rows=336
[1789025036189] [[32minfo[0m] [OcclusionAB] car=5 track=1 frame=2 mode=1 draw=138761 present=31469 prepare=24941 raster=55137 blit=17167 player=38404 opponents=58938 candidates=75 before=8400 after=2351 rows=336
[1789025036233] [[32minfo[0m] [PaintStage] rows=171 clear_us=592 fill_us=8912 copy_us=4497
[1789025036234] [[32minfo[0m] [TrackStage] project_us=5699 paint_us=15200 lines_us=4 wireframe=false
[1789025036317] [[32minfo[0m] [RaceStage] track_us=26880 cars_us=61859 upscale_us=14311 scene_width=234 surfaces=207 cars=3 track_id=1 player_car=5 submitted=3 player_us=32663 opponents_us=28742 player_native=true
[1789025036546] [[32minfo[0m] [OcclusionAB] car=5 track=1 frame=3 mode=0 draw=105225 present=31470 prepare=17816 raster=28996 blit=7741 player=33128 opponents=28829 candidates=29 before=3248 after=3248 rows=224
[1789025036554] [[32minfo[0m] [OcclusionAB] car=5 track=1 frame=3 mode=1 draw=120693 present=31956 prepare=17805 raster=29016 blit=7134 player=32663 opponents=28742 candidates=29 before=3248 after=803 rows=224
[1789025036862] [[32minfo[0m] [HudStage] map_us=1421 total_us=3356 map_cached=true
[1789025036919] [[32minfo[0m] [OcclusionAB] car=5 track=1 frame=4 mode=0 draw=117164 present=31462 prepare=25147 raster=40624 blit=9002 player=28815 opponents=46053 candidates=23 before=2576 after=2576 rows=336
[1789025036927] [[32minfo[0m] [OcclusionAB] car=5 track=1 frame=4 mode=1 draw=116891 present=31486 prepare=25126 raster=40685 blit=7848 player=28367 opponents=45391 candidates=23 before=2576 after=801 rows=336
[1789025037304] [[32minfo[0m] [OcclusionAB] car=5 track=1 frame=5 mode=0 draw=123388 present=31472 prepare=25162 raster=47542 blit=13159 player=33432 opponents=52529 candidates=20 before=2240 after=2240 rows=336
[1789025037312] [[32minfo[0m] [OcclusionAB] car=5 track=1 frame=5 mode=1 draw=123262 present=31481 prepare=25194 raster=47774 blit=12645 player=33185 opponents=52528 candidates=20 before=2240 after=1020 rows=336
[1789025037611] [[32minfo[0m] [CarStage] car=5 panels=967 vertices=1150 tiles=1 prepare_us=9316 raster_us=21903 blit_us=5247
[1789025037707] [[32minfo[0m] [OcclusionAB] car=5 track=1 frame=6 mode=0 draw=131923 present=31457 prepare=25194 raster=55095 blit=14086 player=36415 opponents=58065 candidates=18 before=2016 after=2016 rows=336
[1789025037715] [[32minfo[0m] [OcclusionAB] car=5 track=1 frame=6 mode=1 draw=132368 present=31487 prepare=25311 raster=55161 blit=13920 player=37611 opponents=58009 candidates=18 before=2016 after=1091 rows=336
[1789025038056] [[32minfo[0m] [OcclusionAB] car=5 track=1 frame=7 mode=0 draw=105133 present=31656 prepare=17803 raster=35248 blit=8350 player=39209 opponents=29785 candidates=12 before=1344 after=1344 rows=224
[1789025038064] [[32minfo[0m] [OcclusionAB] car=5 track=1 frame=7 mode=1 draw=105331 present=31430 prepare=17847 raster=35244 blit=8339 player=39292 opponents=29679 candidates=12 before=1344 after=761 rows=224
[1789025038296] [[32minfo[0m] [PaintStage] rows=139 clear_us=473 fill_us=4426 copy_us=3690
[1789025038297] [[32minfo[0m] [TrackStage] project_us=3780 paint_us=9779 lines_us=4 wireframe=false
[1789025038421] [[32minfo[0m] [RaceStage] track_us=19464 cars_us=103596 upscale_us=14812 scene_width=234 surfaces=62 cars=3 track_id=1 player_car=5 submitted=3 player_us=40474 opponents_us=62625 player_native=true
[1789025038489] [[32minfo[0m] [OcclusionAB] car=5 track=1 frame=8 mode=0 draw=139252 present=31479 prepare=25195 raster=62060 blit=15943 player=40164 opponents=63137 candidates=16 before=1792 after=1792 rows=336
[1789025038497] [[32minfo[0m] [OcclusionAB] car=5 track=1 frame=8 mode=1 draw=155234 present=31434 prepare=25405 raster=62123 blit=15464 player=40474 opponents=62625 candidates=16 before=1792 after=1066 rows=336
[1789025038874] [[32minfo[0m] [HudStage] map_us=1428 total_us=3458 map_cached=true
[1789025038931] [[32minfo[0m] [OcclusionAB] car=5 track=1 frame=9 mode=0 draw=155827 present=31519 prepare=25182 raster=60378 blit=29020 player=40283 opponents=74400 candidates=36 before=4032 after=4032 rows=336
[1789025038939] [[32minfo[0m] [OcclusionAB] car=5 track=1 frame=9 mode=1 draw=147074 present=31481 prepare=25173 raster=60453 blit=21122 player=39386 opponents=67455 candidates=36 before=4032 after=1695 rows=336
[1789025039358] [[32minfo[0m] [OcclusionAB] car=5 track=1 frame=10 mode=0 draw=147616 present=31430 prepare=25422 raster=55270 blit=23951 player=43563 opponents=61180 candidates=75 before=8400 after=8400 rows=336
[1789025039367] [[32minfo[0m] [OcclusionAB] car=5 track=1 frame=10 mode=1 draw=140224 present=31483 prepare=25167 raster=55186 blit=17073 player=38464 opponents=59058 candidates=75 before=8400 after=2353 rows=336
[1789025039641] [[32minfo[0m] [CarStage] car=5 panels=967 vertices=1150 tiles=1 prepare_us=9325 raster_us=18828 blit_us=4982
[1789025039709] [[32minfo[0m] [OcclusionAB] car=5 track=1 frame=11 mode=0 draw=107145 present=31430 prepare=17831 raster=29020 blit=7774 player=34299 opponents=29033 candidates=29 before=3248 after=3248 rows=224
[1789025039717] [[32minfo[0m] [OcclusionAB] car=5 track=1 frame=11 mode=1 draw=105262 present=31457 prepare=17805 raster=29026 blit=7097 player=32627 opponents=28730 candidates=29 before=3248 after=803 rows=224
[1789025040081] [[32minfo[0m] [OcclusionAB] car=5 track=1 frame=12 mode=0 draw=117257 present=31478 prepare=25104 raster=40666 blit=8993 player=28826 opponents=46041 candidates=23 before=2576 after=2576 rows=336
[1789025040089] [[32minfo[0m] [OcclusionAB] car=5 track=1 frame=12 mode=1 draw=115953 present=31714 prepare=25113 raster=40647 blit=7874 player=28370 opponents=45356 candidates=23 before=2576 after=802 rows=336
[1789025040306] [[32minfo[0m] [PaintStage] rows=180 clear_us=616 fill_us=5205 copy_us=4503
[1789025040307] [[32minfo[0m] [TrackStage] project_us=3704 paint_us=11576 lines_us=4 wireframe=false
[1789025040415] [[32minfo[0m] [RaceStage] track_us=21287 cars_us=86629 upscale_us=14851 scene_width=234 surfaces=61 cars=3 track_id=1 player_car=5 submitted=3 player_us=33689 opponents_us=52449 player_native=true
[1789025040483] [[32minfo[0m] [OcclusionAB] car=5 track=1 frame=13 mode=0 draw=140178 present=31464 prepare=25339 raster=47503 blit=13186 player=33689 opponents=52449 candidates=20 before=2240 after=2240 rows=336
[1789025040492] [[32minfo[0m] [OcclusionAB] car=5 track=1 frame=13 mode=1 draw=122923 present=31468 prepare=25168 raster=47463 blit=12611 player=32960 opponents=52378 candidates=20 before=2240 after=1020 rows=336
[1789025040884] [[32minfo[0m] [OcclusionAB] car=5 track=1 frame=14 mode=0 draw=131200 present=31454 prepare=25158 raster=55164 blit=14097 player=36419 opponents=58097 candidates=18 before=2016 after=2016 rows=336
[1789025040893] [[32minfo[0m] [OcclusionAB] car=5 track=1 frame=14 mode=1 draw=130826 present=31466 prepare=25180 raster=55158 blit=13889 player=36513 opponents=57806 candidates=18 before=2016 after=1091 rows=336
[1789025041016] [[32minfo[0m] [HudStage] map_us=1467 total_us=3555 map_cached=true
[1789025041235] [[32minfo[0m] [OcclusionAB] car=5 track=1 frame=15 mode=0 draw=104934 present=31441 prepare=17865 raster=35203 blit=8355 player=39275 opponents=29695 candidates=12 before=1344 after=1344 rows=224
[1789025041243] [[32minfo[0m] [OcclusionAB] car=5 track=1 frame=15 mode=1 draw=106098 present=31730 prepare=17856 raster=35225 blit=8356 player=39308 opponents=29634 candidates=12 before=1344 after=761 rows=224
[1789025041652] [[32minfo[0m] [OcclusionAB] car=5 track=1 frame=16 mode=0 draw=139888 present=31443 prepare=25313 raster=62628 blit=15927 player=40776 opponents=63193 candidates=16 before=1792 after=1792 rows=336
[1789025041661] [[32minfo[0m] [OcclusionAB] car=5 track=1 frame=16 mode=1 draw=138579 present=31443 prepare=25179 raster=62152 blit=15381 player=40206 opponents=62604 candidates=16 before=1792 after=1066 rows=336
[1789025041723] [[32minfo[0m] [CarStage] car=6 panels=833 vertices=1215 tiles=1 prepare_us=8519 raster_us=11221 blit_us=2460
[1789025042093] [[32minfo[0m] [OcclusionAB] car=5 track=1 frame=17 mode=0 draw=153928 present=31447 prepare=25160 raster=60431 blit=29141 player=40217 opponents=74618 candidates=36 before=4032 after=4032 rows=336
[1789025042102] [[32minfo[0m] [OcclusionAB] car=5 track=1 frame=17 mode=1 draw=147470 present=31442 prepare=25353 raster=60510 blit=21113 player=39677 opponents=68531 candidates=36 before=4032 after=1695 rows=336
[1789025042346] [[32minfo[0m] [PaintStage] rows=135 clear_us=454 fill_us=9022 copy_us=3689
[1789025042347] [[32minfo[0m] [TrackStage] project_us=5525 paint_us=14346 lines_us=4 wireframe=false
[1789025042465] [[32minfo[0m] [RaceStage] track_us=25882 cars_us=97912 upscale_us=14271 scene_width=234 surfaces=196 cars=3 track_id=1 player_car=5 submitted=3 player_us=38434 opponents_us=58997 player_native=true
[1789025042533] [[32minfo[0m] [OcclusionAB] car=5 track=1 frame=18 mode=0 draw=145988 present=31467 prepare=25083 raster=55144 blit=23879 player=43187 opponents=61013 candidates=75 before=8400 after=8400 rows=336
[1789025042542] [[32minfo[0m] [OcclusionAB] car=5 track=1 frame=18 mode=1 draw=155432 present=31444 prepare=25222 raster=55146 blit=16964 player=38434 opponents=58997 candidates=75 before=8400 after=2351 rows=336
[1789025042882] [[32minfo[0m] [OcclusionAB] car=5 track=1 frame=19 mode=0 draw=105335 present=31446 prepare=17729 raster=29048 blit=7801 player=33167 opponents=28831 candidates=29 before=3248 after=3248 rows=224
[1789025042890] [[32minfo[0m] [OcclusionAB] car=5 track=1 frame=19 mode=1 draw=104746 present=31458 prepare=17790 raster=29053 blit=7102 player=32650 opponents=28673 candidates=29 before=3248 after=820 rows=224
[1789025043026] [[32minfo[0m] [HudStage] map_us=1468 total_us=3420 map_cached=true
[1789025043256] [[32minfo[0m] [OcclusionAB] car=5 track=1 frame=20 mode=0 draw=118326 present=31718 prepare=25114 raster=40611 blit=9035 player=28840 opponents=46016 candidates=23 before=2576 after=2576 rows=336
[1789025043264] [[32minfo[0m] [OcclusionAB] car=5 track=1 frame=20 mode=1 draw=116009 present=31467 prepare=25150 raster=40624 blit=7844 player=28348 opponents=45375 candidates=23 before=2576 after=802 rows=336
[1789025043642] [[32minfo[0m] [OcclusionAB] car=5 track=1 frame=21 mode=0 draw=123437 present=31467 prepare=25183 raster=47473 blit=13139 player=33438 opponents=52450 candidates=20 before=2240 after=2240 rows=336
[1789025043651] [[32minfo[0m] [OcclusionAB] car=5 track=1 frame=21 mode=1 draw=123844 present=31433 prepare=25846 raster=47536 blit=12637 player=33669 opponents=52453 candidates=20 before=2240 after=1022 rows=336
[1789025043762] [[32minfo[0m] [CarStage] car=5 panels=967 vertices=1150 tiles=1 prepare_us=9295 raster_us=21902 blit_us=5231
[1789025044047] [[32minfo[0m] [OcclusionAB] car=5 track=1 frame=22 mode=0 draw=133796 present=31452 prepare=25279 raster=55177 blit=14222 player=37576 opponents=58325 candidates=18 before=2016 after=2016 rows=336
[1789025044056] [[32minfo[0m] [OcclusionAB] car=5 track=1 frame=22 mode=1 draw=132031 present=31482 prepare=25205 raster=55151 blit=13911 player=36554 opponents=57817 candidates=18 before=2016 after=1091 rows=336
[1789025044400] [[32minfo[0m] [OcclusionAB] car=5 track=1 frame=23 mode=0 draw=106974 present=31462 prepare=17745 raster=35300 blit=8339 player=39218 opponents=29741 candidates=12 before=1344 after=1344 rows=224
[1789025044409] [[32minfo[0m] [OcclusionAB] car=5 track=1 frame=23 mode=1 draw=106601 present=31462 prepare=17868 raster=35226 blit=8418 player=39309 opponents=29782 candidates=12 before=1344 after=761 rows=224
[1789025044447] [[32minfo[0m] [PaintStage] rows=139 clear_us=484 fill_us=5913 copy_us=3659
[1789025044448] [[32minfo[0m] [TrackStage] project_us=4355 paint_us=11214 lines_us=4 wireframe=false
[1789025044590] [[32minfo[0m] [RaceStage] track_us=21568 cars_us=121490 upscale_us=14286 scene_width=234 surfaces=110 cars=3 track_id=1 player_car=5 submitted=3 player_us=46324 opponents_us=74687 player_native=true
[1789025044860] [[32minfo[0m] [OcclusionAB] car=5 track=1 frame=24 mode=0 draw=174984 present=31435 prepare=25138 raster=62108 blit=33660 player=46324 opponents=74687 candidates=71 before=7952 after=7952 rows=336
[1789025044869] [[32minfo[0m] [OcclusionAB] car=5 track=1 frame=24 mode=1 draw=146095 present=31490 prepare=25168 raster=62100 blit=20904 player=42728 opponents=65553 candidates=71 before=7952 after=1938 rows=336
[1789025044887] [[32minfo[0m] [OcclusionAB] GROUP car=5 track=1 mismatches=0 stack_free=1276
[1789025044941] [[32minfo[0m] [RacerMaterial] texture_side=32 entries=19 fallback_panels=0 map_cached=true
[1789025045096] [[32minfo[0m] [HudStage] map_us=1389 total_us=3346 map_cached=true
[1789025045706] [[32minfo[0m] [OcclusionAB] car=6 track=0 frame=1 mode=0 draw=126844 present=31481 prepare=25867 raster=51302 blit=12652 player=39894 opponents=50020 candidates=24 before=2688 after=2688 rows=336
[1789025045715] [[32minfo[0m] [OcclusionAB] car=6 track=0 frame=1 mode=1 draw=125070 present=31429 prepare=25945 raster=51327 blit=10510 player=39324 opponents=48544 candidates=24 before=2688 after=757 rows=336
[1789025045769] [[32minfo[0m] [CarStage] car=0 panels=628 vertices=913 tiles=1 prepare_us=6437 raster_us=8427 blit_us=2919
[1789025046098] [[32minfo[0m] [OcclusionAB] car=6 track=0 frame=2 mode=0 draw=128569 present=31479 prepare=26053 raster=51315 blit=14149 player=40996 opponents=51708 candidates=41 before=4592 after=4592 rows=336
[1789025046106] [[32minfo[0m] [OcclusionAB] car=6 track=0 frame=2 mode=1 draw=123824 present=31468 prepare=25799 raster=51471 blit=10767 player=39367 opponents=48752 candidates=41 before=4592 after=879 rows=336
[1789025046442] [[32minfo[0m] [OcclusionAB] car=6 track=0 frame=3 mode=0 draw=103673 present=31427 prepare=19269 raster=31232 blit=10792 player=43331 opponents=25271 candidates=38 before=4256 after=4256 rows=224
[1789025046450] [[32minfo[0m] [OcclusionAB] car=6 track=0 frame=3 mode=1 draw=102325 present=31438 prepare=18769 raster=31187 blit=10051 player=42241 opponents=24923 candidates=38 before=4256 after=1270 rows=224
[1789025046490] [[32minfo[0m] [PaintStage] rows=146 clear_us=518 fill_us=6091 copy_us=3836
[1789025046491] [[32minfo[0m] [TrackStage] project_us=4986 paint_us=11671 lines_us=5 wireframe=false
[1789025046602] [[32minfo[0m] [RaceStage] track_us=22639 cars_us=90161 upscale_us=14319 scene_width=234 surfaces=118 cars=3 track_id=0 player_car=6 submitted=3 player_us=40287 opponents_us=49479 player_native=true
[1789025046851] [[32minfo[0m] [OcclusionAB] car=6 track=0 frame=4 mode=0 draw=144519 present=31443 prepare=26223 raster=48824 blit=14626 player=40287 opponents=49479 candidates=37 before=4144 after=4144 rows=336
[1789025046859] [[32minfo[0m] [OcclusionAB] car=6 track=0 frame=4 mode=1 draw=125123 present=31468 prepare=26351 raster=48819 blit=11233 player=39001 opponents=47489 candidates=37 before=4144 after=1114 rows=336
[1789025047184] [[32minfo[0m] [HudStage] map_us=1345 total_us=3318 map_cached=true
[1789025047241] [[32minfo[0m] [OcclusionAB] car=6 track=0 frame=5 mode=0 draw=127583 present=31448 prepare=26251 raster=49186 blit=12808 player=39659 opponents=48682 candidates=27 before=3024 after=3024 rows=336
[1789025047249] [[32minfo[0m] [OcclusionAB] car=6 track=0 frame=5 mode=1 draw=123970 present=31692 prepare=26340 raster=49120 blit=10088 player=38593 opponents=47050 candidates=27 before=3024 after=839 rows=336
[1789025047628] [[32minfo[0m] [OcclusionAB] car=6 track=0 frame=6 mode=0 draw=126325 present=31464 prepare=26393 raster=49764 blit=12697 player=40186 opponents=48770 candidates=27 before=3024 after=3024 rows=336
[1789025047636] [[32minfo[0m] [OcclusionAB] car=6 track=0 frame=6 mode=1 draw=122603 present=31453 prepare=26345 raster=49169 blit=9880 player=38427 opponents=47058 candidates=27 before=3024 after=804 rows=336
[1789025047847] [[32minfo[0m] [CarStage] car=0 panels=628 vertices=913 tiles=1 prepare_us=6550 raster_us=8270 blit_us=2835
[1789025047969] [[32minfo[0m] [OcclusionAB] car=6 track=0 frame=7 mode=0 draw=102538 present=31427 prepare=19202 raster=30788 blit=7625 player=40006 opponents=26054 candidates=33 before=3696 after=3696 rows=224
[1789025047977] [[32minfo[0m] [OcclusionAB] car=6 track=0 frame=7 mode=1 draw=99717 present=31471 prepare=18995 raster=30766 blit=6130 player=38672 opponents=24525 candidates=33 before=3696 after=687 rows=224
[1789025048365] [[32minfo[0m] [OcclusionAB] car=6 track=0 frame=8 mode=0 draw=129847 present=31447 prepare=26433 raster=48875 blit=18621 player=42691 opponents=51341 candidates=47 before=5264 after=5264 rows=336
[1789025048373] [[32minfo[0m] [OcclusionAB] car=6 track=0 frame=8 mode=1 draw=127671 present=31434 prepare=26300 raster=48863 blit=16824 player=42051 opponents=50027 candidates=47 before=5264 after=1619 rows=336
[1789025048621] [[32minfo[0m] [PaintStage] rows=211 clear_us=733 fill_us=14006 copy_us=5112
[1789025048622] [[32minfo[0m] [TrackStage] project_us=7597 paint_us=21148 lines_us=4 wireframe=false
[1789025048734] [[32minfo[0m] [RaceStage] track_us=34824 cars_us=91769 upscale_us=14274 scene_width=234 surfaces=392 cars=3 track_id=0 player_car=6 submitted=3 player_us=41214 opponents_us=50133 player_native=true
[1789025048802] [[32minfo[0m] [OcclusionAB] car=6 track=0 frame=9 mode=0 draw=158119 present=31411 prepare=26176 raster=49995 blit=15085 player=41214 opponents=50133 candidates=33 before=3696 after=3696 rows=336
[1789025048810] [[32minfo[0m] [OcclusionAB] car=6 track=0 frame=9 mode=1 draw=139527 present=31460 prepare=26163 raster=49978 blit=12310 player=39855 opponents=48690 candidates=33 before=3696 after=1108 rows=336
[1789025049218] [[32minfo[0m] [OcclusionAB] car=6 track=0 frame=10 mode=0 draw=139564 present=31472 prepare=26269 raster=51245 blit=13713 player=40953 opponents=50369 candidates=25 before=2800 after=2800 rows=336
[1789025049227] [[32minfo[0m] [OcclusionAB] car=6 track=0 frame=10 mode=1 draw=137115 present=31463 prepare=26202 raster=51309 blit=11100 player=39693 opponents=49011 candidates=25 before=2800 after=780 rows=336
[1789025049355] [[32minfo[0m] [HudStage] map_us=1439 total_us=3561 map_cached=true
[1789025049578] [[32minfo[0m] [OcclusionAB] car=6 track=0 frame=11 mode=0 draw=110558 present=31415 prepare=19056 raster=31544 blit=7344 player=40601 opponents=24675 candidates=18 before=2016 after=2016 rows=224
[1789025049586] [[32minfo[0m] [OcclusionAB] car=6 track=0 frame=11 mode=1 draw=111154 present=31497 prepare=19000 raster=31574 blit=6201 player=39654 opponents=24965 candidates=18 before=2016 after=543 rows=224
[1789025049883] [[32minfo[0m] [CarStage] car=6 panels=1277 vertices=1711 tiles=1 prepare_us=12485 raster_us=23309 blit_us=3872
[1789025049976] [[32minfo[0m] [OcclusionAB] car=6 track=0 frame=12 mode=0 draw=130184 present=31444 prepare=26261 raster=51838 blit=12999 player=40355 opponents=50832 candidates=23 before=2576 after=2576 rows=336
[1789025049985] [[32minfo[0m] [OcclusionAB] car=6 track=0 frame=12 mode=1 draw=129260 present=31458 prepare=26511 raster=51879 blit=10849 player=40884 opponents=49645 candidates=23 before=2576 after=752 rows=336
[1789025050375] [[32minfo[0m] [OcclusionAB] car=6 track=0 frame=13 mode=0 draw=130898 present=31939 prepare=26392 raster=52765 blit=14303 player=41587 opponents=51977 candidates=23 before=2576 after=2576 rows=336
[1789025050384] [[32minfo[0m] [OcclusionAB] car=6 track=0 frame=13 mode=1 draw=129134 present=31453 prepare=26662 raster=52698 blit=12180 player=40944 opponents=50690 candidates=23 before=2576 after=867 rows=336
[1789025050778] [[32minfo[0m] [OcclusionAB] car=6 track=0 frame=14 mode=0 draw=132876 present=31488 prepare=26308 raster=54119 blit=16021 player=43204 opponents=53338 candidates=27 before=3024 after=3024 rows=336
[1789025050787] [[32minfo[0m] [OcclusionAB] car=6 track=0 frame=14 mode=1 draw=130918 present=31452 prepare=26351 raster=54130 blit=14240 player=42465 opponents=52356 candidates=27 before=3024 after=1068 rows=336
[1789025050822] [[32minfo[0m] [PaintStage] rows=141 clear_us=486 fill_us=4441 copy_us=3764
[1789025050823] [[32minfo[0m] [TrackStage] project_us=2939 paint_us=9866 lines_us=4 wireframe=false
[1789025050914] [[32minfo[0m] [RaceStage] track_us=18686 cars_us=70580 upscale_us=14285 scene_width=234 surfaces=42 cars=3 track_id=0 player_car=6 submitted=3 player_us=44950 opponents_us=25209 player_native=true
[1789025051144] [[32minfo[0m] [OcclusionAB] car=6 track=0 frame=15 mode=0 draw=106662 present=31454 prepare=19117 raster=34625 blit=10336 player=46056 opponents=25399 candidates=22 before=2464 after=2464 rows=224
[1789025051153] [[32minfo[0m] [OcclusionAB] car=6 track=0 frame=15 mode=1 draw=121027 present=31430 prepare=19008 raster=34593 blit=9223 player=44950 opponents=25209 candidates=22 before=2464 after=952 rows=224
[1789025051508] [[32minfo[0m] [HudStage] map_us=1372 total_us=3375 map_cached=true
[1789025051565] [[32minfo[0m] [OcclusionAB] car=6 track=0 frame=16 mode=0 draw=140988 present=31453 prepare=26344 raster=59548 blit=17349 player=46173 opponents=57162 candidates=25 before=2800 after=2800 rows=336
[1789025051573] [[32minfo[0m] [OcclusionAB] car=6 track=0 frame=16 mode=1 draw=141087 present=31489 prepare=26305 raster=59630 blit=16395 player=45703 opponents=56718 candidates=25 before=2800 after=1224 rows=336
[1789025051920] [[32minfo[0m] [CarStage] car=7 panels=723 vertices=1016 tiles=1 prepare_us=7301 raster_us=23188 blit_us=6949
[1789025051980] [[32minfo[0m] [OcclusionAB] car=6 track=0 frame=17 mode=0 draw=139399 present=31480 prepare=26238 raster=57578 blit=16350 player=44792 opponents=56575 candidates=25 before=2800 after=2800 rows=336
[1789025051989] [[32minfo[0m] [OcclusionAB] car=6 track=0 frame=17 mode=1 draw=136754 present=31480 prepare=26262 raster=57519 blit=14780 player=44045 opponents=54611 candidates=25 before=2800 after=1081 rows=336
[1789025052391] [[32minfo[0m] [OcclusionAB] car=6 track=0 frame=18 mode=0 draw=137293 present=31476 prepare=26600 raster=56964 blit=16305 player=44605 opponents=55361 candidates=26 before=2912 after=2912 rows=336
[1789025052400] [[32minfo[0m] [OcclusionAB] car=6 track=0 frame=18 mode=1 draw=134639 present=32028 prepare=26308 raster=56870 blit=14271 player=43527 opponents=54012 candidates=26 before=2912 after=1038 rows=336
[1789025052743] [[32minfo[0m] [OcclusionAB] car=6 track=0 frame=19 mode=0 draw=106888 present=31436 prepare=18986 raster=34387 blit=9545 player=44935 opponents=25291 candidates=21 before=2352 after=2352 rows=224
[1789025052751] [[32minfo[0m] [OcclusionAB] car=6 track=0 frame=19 mode=1 draw=106034 present=31461 prepare=18984 raster=34424 blit=8586 player=44224 opponents=25105 candidates=21 before=2352 after=809 rows=224
[1789025052983] [[32minfo[0m] [PaintStage] rows=132 clear_us=452 fill_us=4293 copy_us=3573
[1789025052984] [[32minfo[0m] [TrackStage] project_us=3612 paint_us=9530 lines_us=4 wireframe=false
[1789025053107] [[32minfo[0m] [RaceStage] track_us=19026 cars_us=103073 upscale_us=14304 scene_width=234 surfaces=42 cars=3 track_id=0 player_car=6 submitted=3 player_us=46151 opponents_us=56495 player_native=true
[1789025053175] [[32minfo[0m] [OcclusionAB] car=6 track=0 frame=20 mode=0 draw=140399 present=31476 prepare=26272 raster=59473 blit=19247 player=47030 opponents=58047 candidates=27 before=3024 after=3024 rows=336
[1789025053184] [[32minfo[0m] [OcclusionAB] car=6 track=0 frame=20 mode=1 draw=153652 present=31407 prepare=26668 raster=59453 blit=16419 player=46151 opponents=56495 candidates=27 before=3024 after=1280 rows=336
[1789025053568] [[32minfo[0m] [HudStage] map_us=1354 total_us=3353 map_cached=true
[1789025053625] [[32minfo[0m] [OcclusionAB] car=6 track=0 frame=21 mode=0 draw=160507 present=31502 prepare=26305 raster=57539 blit=27707 player=50877 opponents=60762 candidates=95 before=10640 after=10640 rows=336
[1789025053633] [[32minfo[0m] [OcclusionAB] car=6 track=0 frame=21 mode=1 draw=151168 present=31412 prepare=26296 raster=57549 blit=18712 player=45622 opponents=57020 candidates=95 before=10640 after=1608 rows=336
[1789025053978] [[32minfo[0m] [CarStage] car=6 panels=1277 vertices=1711 tiles=1 prepare_us=12478 raster_us=24297 blit_us=9371
[1789025054078] [[32minfo[0m] [OcclusionAB] car=6 track=0 frame=22 mode=0 draw=162100 present=31481 prepare=26242 raster=54217 blit=34431 player=51597 opponents=63378 candidates=115 before=12880 after=12880 rows=336
[1789025054087] [[32minfo[0m] [OcclusionAB] car=6 track=0 frame=22 mode=1 draw=151643 present=31689 prepare=26449 raster=54218 blit=22772 player=47346 opponents=57366 candidates=115 before=12880 after=3087 rows=336
[1789025054444] [[32minfo[0m] [OcclusionAB] car=6 track=0 frame=23 mode=0 draw=116154 present=31433 prepare=18924 raster=32667 blit=12657 player=45925 opponents=25770 candidates=53 before=5936 after=5936 rows=224
[1789025054453] [[32minfo[0m] [OcclusionAB] car=6 track=0 frame=23 mode=1 draw=110538 present=31453 prepare=18972 raster=32088 blit=7560 player=41115 opponents=24833 candidates=53 before=5936 after=1555 rows=224
[1789025054862] [[32minfo[0m] [OcclusionAB] car=6 track=0 frame=24 mode=0 draw=145919 present=31445 prepare=26220 raster=51963 blit=27330 player=46138 opponents=59464 candidates=83 before=9296 after=9296 rows=336
[1789025054871] [[32minfo[0m] [OcclusionAB] car=6 track=0 frame=24 mode=1 draw=132864 present=31426 prepare=26239 raster=51984 blit=14409 player=41545 opponents=51175 candidates=83 before=9296 after=1218 rows=336
[1789025054889] [[32minfo[0m] [OcclusionAB] GROUP car=6 track=0 mismatches=0 stack_free=1276
[1789025055147] [[32minfo[0m] [PaintStage] rows=139 clear_us=483 fill_us=5848 copy_us=3717
[1789025055148] [[32minfo[0m] [TrackStage] project_us=4328 paint_us=11243 lines_us=4 wireframe=false
[1789025055279] [[32minfo[0m] [RaceStage] track_us=21565 cars_us=111560 upscale_us=14306 scene_width=234 surfaces=110 cars=3 track_id=1 player_car=6 submitted=3 player_us=50059 opponents_us=61033 player_native=true
[1789025055707] [[32minfo[0m] [HudStage] map_us=1387 total_us=3407 map_cached=true
[1789025055764] [[32minfo[0m] [OcclusionAB] car=6 track=1 frame=1 mode=0 draw=156405 present=31497 prepare=26033 raster=61239 blit=29127 player=46704 opponents=69812 candidates=36 before=4032 after=4032 rows=336
[1789025055772] [[32minfo[0m] [OcclusionAB] car=6 track=1 frame=1 mode=1 draw=148136 present=31464 prepare=26034 raster=61254 blit=21291 player=45823 opponents=62851 candidates=36 before=4032 after=1695 rows=336
[1789025056037] [[32minfo[0m] [CarStage] car=0 panels=628 vertices=913 tiles=1 prepare_us=6511 raster_us=8872 blit_us=3364
[1789025056193] [[32minfo[0m] [OcclusionAB] car=6 track=1 frame=2 mode=0 draw=148297 present=31472 prepare=26133 raster=56240 blit=24301 player=50189 opponents=56571 candidates=75 before=8400 after=8400 rows=336
[1789025056201] [[32minfo[0m] [OcclusionAB] car=6 track=1 frame=2 mode=1 draw=142676 present=31477 prepare=26247 raster=56475 blit=17269 player=45411 opponents=55790 candidates=75 before=8400 after=2351 rows=336
[1789025056548] [[32minfo[0m] [OcclusionAB] car=6 track=1 frame=3 mode=0 draw=107824 present=31460 prepare=19087 raster=30251 blit=7829 player=39860 opponents=24708 candidates=29 before=3248 after=3248 rows=224
[1789025056556] [[32minfo[0m] [OcclusionAB] car=6 track=1 frame=3 mode=1 draw=107212 present=31921 prepare=19038 raster=30241 blit=7182 player=39330 opponents=24468 candidates=29 before=3248 after=803 rows=224
[1789025056924] [[32minfo[0m] [OcclusionAB] car=6 track=1 frame=4 mode=0 draw=119245 present=31508 prepare=26386 raster=41507 blit=8990 player=35096 opponents=41885 candidates=23 before=2576 after=2576 rows=336
[1789025056932] [[32minfo[0m] [OcclusionAB] car=6 track=1 frame=4 mode=1 draw=117933 present=31462 prepare=26421 raster=41512 blit=7820 player=34625 opponents=41222 candidates=23 before=2576 after=801 rows=336
[1789025057152] [[32minfo[0m] [PaintStage] rows=180 clear_us=620 fill_us=5207 copy_us=4522
[1789025057153] [[32minfo[0m] [TrackStage] project_us=3671 paint_us=11586 lines_us=4 wireframe=false
[1789025057263] [[32minfo[0m] [RaceStage] track_us=21237 cars_us=89002 upscale_us=14286 scene_width=234 surfaces=61 cars=3 track_id=1 player_car=6 submitted=3 player_us=40184 opponents_us=48330 player_native=true
[1789025057331] [[32minfo[0m] [OcclusionAB] car=6 track=1 frame=5 mode=0 draw=141738 present=31463 prepare=26421 raster=48678 blit=13309 player=40184 opponents=48330 candidates=20 before=2240 after=2240 rows=336
[1789025057339] [[32minfo[0m] [OcclusionAB] car=6 track=1 frame=5 mode=1 draw=125925 present=31441 prepare=26492 raster=48975 blit=12686 player=39939 opponents=48316 candidates=20 before=2240 after=1020 rows=336
[1789025057737] [[32minfo[0m] [OcclusionAB] car=6 track=1 frame=6 mode=0 draw=133912 present=31462 prepare=26354 raster=56222 blit=14243 player=43170 opponents=53742 candidates=18 before=2016 after=2016 rows=336
[1789025057745] [[32minfo[0m] [OcclusionAB] car=6 track=1 frame=6 mode=1 draw=133515 present=31469 prepare=26373 raster=56211 blit=14026 player=43209 opponents=53497 candidates=18 before=2016 after=1091 rows=336
[1789025057872] [[32minfo[0m] [HudStage] map_us=1397 total_us=3506 map_cached=true
[1789025058093] [[32minfo[0m] [OcclusionAB] car=6 track=1 frame=7 mode=0 draw=107905 present=31445 prepare=19109 raster=36101 blit=8570 player=45831 opponents=25675 candidates=12 before=1344 after=1344 rows=224
[1789025058101] [[32minfo[0m] [OcclusionAB] car=6 track=1 frame=7 mode=1 draw=108721 present=31498 prepare=19174 raster=36052 blit=8580 player=45881 opponents=25456 candidates=12 before=1344 after=761 rows=224
[1789025058156] [[32minfo[0m] [CarStage] car=0 panels=628 vertices=913 tiles=1 prepare_us=6516 raster_us=9127 blit_us=2455
[1789025058517] [[32minfo[0m] [OcclusionAB] car=6 track=1 frame=8 mode=0 draw=143187 present=31460 prepare=26567 raster=63197 blit=16208 player=47226 opponents=59939 candidates=16 before=1792 after=1792 rows=336
[1789025058526] [[32minfo[0m] [OcclusionAB] car=6 track=1 frame=8 mode=1 draw=141876 present=31488 prepare=26565 raster=63197 blit=15743 player=47280 opponents=58602 candidates=16 before=1792 after=1066 rows=336
[1789025058963] [[32minfo[0m] [OcclusionAB] car=6 track=1 frame=9 mode=0 draw=157113 present=31473 prepare=26448 raster=61238 blit=29240 player=46883 opponents=70149 candidates=36 before=4032 after=4032 rows=336
[1789025058971] [[32minfo[0m] [OcclusionAB] car=6 track=1 frame=9 mode=1 draw=149455 present=31459 prepare=26421 raster=61297 blit=21331 player=45950 opponents=63192 candidates=36 before=4032 after=1695 rows=336
[1789025059221] [[32minfo[0m] [PaintStage] rows=134 clear_us=456 fill_us=9184 copy_us=3532
[1789025059222] [[32minfo[0m] [TrackStage] project_us=6087 paint_us=14381 lines_us=8 wireframe=false
[1789025059343] [[32minfo[0m] [RaceStage] track_us=26442 cars_us=100681 upscale_us=14267 scene_width=234 surfaces=244 cars=3 track_id=1 player_car=6 submitted=3 player_us=45386 opponents_us=54813 player_native=true
[1789025059412] [[32minfo[0m] [OcclusionAB] car=6 track=1 frame=10 mode=0 draw=150503 present=31482 prepare=26493 raster=56533 blit=24505 player=50526 opponents=57105 candidates=75 before=8400 after=8400 rows=336
[1789025059421] [[32minfo[0m] [OcclusionAB] car=6 track=1 frame=10 mode=1 draw=158821 present=31952 prepare=26383 raster=56300 blit=17420 player=45386 opponents=54813 candidates=75 before=8400 after=2353 rows=336
[1789025059767] [[32minfo[0m] [OcclusionAB] car=6 track=1 frame=11 mode=0 draw=108356 present=31464 prepare=19079 raster=30208 blit=7874 player=39864 opponents=24710 candidates=29 before=3248 after=3248 rows=224
[1789025059775] [[32minfo[0m] [OcclusionAB] car=6 track=1 frame=11 mode=1 draw=107882 present=31443 prepare=19043 raster=30204 blit=7240 player=39366 opponents=24479 candidates=29 before=3248 after=803 rows=224
[1789025059913] [[32minfo[0m] [HudStage] map_us=1398 total_us=3368 map_cached=true
[1789025060144] [[32minfo[0m] [OcclusionAB] car=6 track=1 frame=12 mode=0 draw=120475 present=31514 prepare=26407 raster=41514 blit=8968 player=35122 opponents=41871 candidates=23 before=2576 after=2576 rows=336
[1789025060152] [[32minfo[0m] [OcclusionAB] car=6 track=1 frame=12 mode=1 draw=118577 present=31455 prepare=26689 raster=41550 blit=7838 player=34890 opponents=41284 candidates=23 before=2576 after=802 rows=336
[1789025060208] [[32minfo[0m] [CarStage] car=0 panels=628 vertices=913 tiles=1 prepare_us=6572 raster_us=8209 blit_us=2223
[1789025060536] [[32minfo[0m] [OcclusionAB] car=6 track=1 frame=13 mode=0 draw=126432 present=31481 prepare=26359 raster=48623 blit=13310 player=40180 opponents=48211 candidates=20 before=2240 after=2240 rows=336
[1789025060545] [[32minfo[0m] [OcclusionAB] car=6 track=1 frame=13 mode=1 draw=127503 present=31445 prepare=26620 raster=49193 blit=12731 player=39954 opponents=49819 candidates=20 before=2240 after=1020 rows=336
[1789025060942] [[32minfo[0m] [OcclusionAB] car=6 track=1 frame=14 mode=0 draw=133773 present=31480 prepare=26401 raster=56268 blit=14263 player=43215 opponents=53811 candidates=18 before=2016 after=2016 rows=336
[1789025060951] [[32minfo[0m] [OcclusionAB] car=6 track=1 frame=14 mode=1 draw=133377 present=31442 prepare=26448 raster=56239 blit=14044 player=43253 opponents=53569 candidates=18 before=2016 after=1091 rows=336
[1789025061296] [[32minfo[0m] [OcclusionAB] car=6 track=1 frame=15 mode=0 draw=107114 present=31433 prepare=19149 raster=36040 blit=8544 player=45801 opponents=25473 candidates=12 before=1344 after=1344 rows=224
[1789025061304] [[32minfo[0m] [OcclusionAB] car=6 track=1 frame=15 mode=1 draw=107643 present=31413 prepare=19356 raster=36079 blit=8618 player=46144 opponents=25465 candidates=12 before=1344 after=761 rows=224
[1789025061341] [[32minfo[0m] [PaintStage] rows=139 clear_us=478 fill_us=4422 copy_us=3670
[1789025061342] [[32minfo[0m] [TrackStage] project_us=3736 paint_us=9745 lines_us=4 wireframe=false
[1789025061469] [[32minfo[0m] [RaceStage] track_us=19372 cars_us=107019 upscale_us=14298 scene_width=234 surfaces=62 cars=3 track_id=1 player_car=6 submitted=3 player_us=47151 opponents_us=59367 player_native=true
[1789025061734] [[32minfo[0m] [OcclusionAB] car=6 track=1 frame=16 mode=0 draw=158271 present=31462 prepare=26551 raster=63634 blit=16234 player=47151 opponents=59367 candidates=16 before=1792 after=1792 rows=336
[1789025061743] [[32minfo[0m] [OcclusionAB] car=6 track=1 frame=16 mode=1 draw=141060 present=31457 prepare=26405 raster=63158 blit=15663 player=46939 opponents=58382 candidates=16 before=1792 after=1066 rows=336
[1789025062121] [[32minfo[0m] [HudStage] map_us=1447 total_us=3424 map_cached=true
[1789025062178] [[32minfo[0m] [OcclusionAB] car=6 track=1 frame=17 mode=0 draw=157381 present=31501 prepare=26639 raster=61323 blit=29164 player=47099 opponents=70137 candidates=36 before=4032 after=4032 rows=336
[1789025062186] [[32minfo[0m] [OcclusionAB] car=6 track=1 frame=17 mode=1 draw=148262 present=31476 prepare=26456 raster=61253 blit=21290 player=45948 opponents=63143 candidates=36 before=4032 after=1695 rows=336
[1789025062248] [[32minfo[0m] [CarStage] car=0 panels=628 vertices=913 tiles=1 prepare_us=6533 raster_us=8608 blit_us=4155
[1789025062610] [[32minfo[0m] [OcclusionAB] car=6 track=1 frame=18 mode=0 draw=150423 present=31934 prepare=26585 raster=56294 blit=24441 player=50592 opponents=57926 candidates=75 before=8400 after=8400 rows=336
[1789025062619] [[32minfo[0m] [OcclusionAB] car=6 track=1 frame=18 mode=1 draw=141722 present=31463 prepare=26356 raster=56292 blit=17211 player=45240 opponents=54713 candidates=75 before=8400 after=2332 rows=336
[1789025062964] [[32minfo[0m] [OcclusionAB] car=6 track=1 frame=19 mode=0 draw=107841 present=31455 prepare=18991 raster=30249 blit=7844 player=39849 opponents=24625 candidates=29 before=3248 after=3248 rows=224
[1789025062972] [[32minfo[0m] [OcclusionAB] car=6 track=1 frame=19 mode=1 draw=107253 present=31469 prepare=19119 raster=30245 blit=7122 player=39346 opponents=24525 candidates=29 before=3248 after=803 rows=224
[1789025063341] [[32minfo[0m] [OcclusionAB] car=6 track=1 frame=20 mode=0 draw=119701 present=31459 prepare=26481 raster=41775 blit=8988 player=35216 opponents=42128 candidates=23 before=2576 after=2576 rows=336
[1789025063349] [[32minfo[0m] [OcclusionAB] car=6 track=1 frame=20 mode=1 draw=118005 present=31487 prepare=26412 raster=41549 blit=7837 player=34658 opponents=41235 candidates=23 before=2576 after=802 rows=336
[1789025063388] [[32minfo[0m] [PaintStage] rows=180 clear_us=654 fill_us=5190 copy_us=4497
[1789025063389] [[32minfo[0m] [TrackStage] project_us=3767 paint_us=11586 lines_us=4 wireframe=false
[1789025063497] [[32minfo[0m] [RaceStage] track_us=21338 cars_us=88402 upscale_us=14308 scene_width=234 surfaces=61 cars=3 track_id=1 player_car=6 submitted=3 player_us=39711 opponents_us=48210 player_native=true
[1789025063747] [[32minfo[0m] [OcclusionAB] car=6 track=1 frame=21 mode=0 draw=125914 present=31476 prepare=26376 raster=48605 blit=13332 player=40174 opponents=48231 candidates=20 before=2240 after=2240 rows=336
[1789025063756] [[32minfo[0m] [OcclusionAB] car=6 track=1 frame=21 mode=1 draw=141477 present=31436 prepare=26402 raster=48623 blit=12800 player=39711 opponents=48210 candidates=20 before=2240 after=1022 rows=336
[1789025064156] [[32minfo[0m] [OcclusionAB] car=6 track=1 frame=22 mode=0 draw=134909 present=31484 prepare=26442 raster=56170 blit=14354 player=43210 opponents=53849 candidates=18 before=2016 after=2016 rows=336
[1789025064165] [[32minfo[0m] [OcclusionAB] car=6 track=1 frame=22 mode=1 draw=134882 present=31468 prepare=26730 raster=56224 blit=14136 player=43526 opponents=53667 candidates=18 before=2016 after=1091 rows=336
[1789025064281] [[32minfo[0m] [CarStage] car=6 panels=1277 vertices=1711 tiles=1 prepare_us=12556 raster_us=27047 blit_us=6230
[1789025064294] [[32minfo[0m] [HudStage] map_us=1420 total_us=3551 map_cached=true
[1789025064516] [[32minfo[0m] [OcclusionAB] car=6 track=1 frame=23 mode=0 draw=109555 present=31449 prepare=19115 raster=36079 blit=8613 player=45859 opponents=25521 candidates=12 before=1344 after=1344 rows=224
[1789025064524] [[32minfo[0m] [OcclusionAB] car=6 track=1 frame=23 mode=1 draw=111351 present=31508 prepare=19110 raster=36061 blit=8635 player=47059 opponents=25654 candidates=12 before=1344 after=761 rows=224
[1789025064967] [[32minfo[0m] [OcclusionAB] car=6 track=1 frame=24 mode=0 draw=163398 present=31456 prepare=26411 raster=63129 blit=35761 player=54989 opponents=70405 candidates=75 before=8400 after=8400 rows=336
[1789025064976] [[32minfo[0m] [OcclusionAB] car=6 track=1 frame=24 mode=1 draw=149348 present=31485 prepare=26382 raster=63141 blit=21964 player=50309 opponents=61272 candidates=75 before=8400 after=2034 rows=336
[1789025064994] [[32minfo[0m] [OcclusionAB] GROUP car=6 track=1 mismatches=0 stack_free=1148
[1789025065047] [[32minfo[0m] [RacerMaterial] texture_side=32 entries=22 fallback_panels=0 map_cached=true
[1789025065452] [[32minfo[0m] [PaintStage] rows=135 clear_us=467 fill_us=5380 copy_us=3619
[1789025065453] [[32minfo[0m] [TrackStage] project_us=4285 paint_us=10686 lines_us=4 wireframe=false
[1789025065555] [[32minfo[0m] [RaceStage] track_us=20958 cars_us=81558 upscale_us=14281 scene_width=234 surfaces=101 cars=3 track_id=0 player_car=7 submitted=3 player_us=35598 opponents_us=45592 player_native=true
[1789025065799] [[32minfo[0m] [OcclusionAB] car=7 track=0 frame=1 mode=0 draw=120176 present=31462 prepare=23679 raster=46824 blit=12637 player=36218 opponents=47009 candidates=24 before=2688 after=2688 rows=336
[1789025065807] [[32minfo[0m] [OcclusionAB] car=7 track=0 frame=1 mode=1 draw=134075 present=31427 prepare=23705 raster=46826 blit=10568 player=35598 opponents=45592 candidates=24 before=2688 after=756 rows=336
[1789025066175] [[32minfo[0m] [OcclusionAB] car=7 track=0 frame=2 mode=0 draw=120466 present=31421 prepare=23694 raster=46861 blit=13953 player=36885 opponents=47706 candidates=41 before=4592 after=4592 rows=336
[1789025066183] [[32minfo[0m] [OcclusionAB] car=7 track=0 frame=2 mode=1 draw=117387 present=31469 prepare=23784 raster=47071 blit=10795 player=35839 opponents=45905 candidates=41 before=4592 after=879 rows=336
[1789025066290] [[32minfo[0m] [CarStage] car=7 panels=1113 vertices=1446 tiles=1 prepare_us=10733 raster_us=20802 blit_us=7116
[1789025066302] [[32minfo[0m] [HudStage] map_us=1334 total_us=3406 map_cached=true
[1789025066514] [[32minfo[0m] [OcclusionAB] car=7 track=0 frame=3 mode=0 draw=99314 present=31464 prepare=17132 raster=29133 blit=10807 player=39126 opponents=24528 candidates=38 before=4256 after=4256 rows=224
[1789025066522] [[32minfo[0m] [OcclusionAB] car=7 track=0 frame=3 mode=1 draw=100624 present=31476 prepare=17168 raster=29128 blit=10157 player=39832 opponents=24618 candidates=38 before=4256 after=1270 rows=224
[1789025066894] [[32minfo[0m] [OcclusionAB] car=7 track=0 frame=4 mode=0 draw=122238 present=31487 prepare=24147 raster=44709 blit=14470 player=36681 opponents=46735 candidates=37 before=4144 after=4144 rows=336
[1789025066902] [[32minfo[0m] [OcclusionAB] car=7 track=0 frame=4 mode=1 draw=118841 present=31449 prepare=24143 raster=44719 blit=11280 player=35439 opponents=44793 candidates=37 before=4144 after=1118 rows=336
[1789025067271] [[32minfo[0m] [OcclusionAB] car=7 track=0 frame=5 mode=0 draw=120158 present=31482 prepare=24058 raster=45128 blit=12709 player=36022 opponents=45972 candidates=27 before=3024 after=3024 rows=336
[1789025067279] [[32minfo[0m] [OcclusionAB] car=7 track=0 frame=5 mode=1 draw=117902 present=31457 prepare=24081 raster=45328 blit=10087 player=34997 opponents=44592 candidates=27 before=3024 after=839 rows=336
[1789025067492] [[32minfo[0m] [PaintStage] rows=139 clear_us=478 fill_us=5444 copy_us=3714
[1789025067493] [[32minfo[0m] [TrackStage] project_us=4276 paint_us=10846 lines_us=4 wireframe=false
[1789025067593] [[32minfo[0m] [RaceStage] track_us=21101 cars_us=79354 upscale_us=14283 scene_width=234 surfaces=95 cars=3 track_id=0 player_car=7 submitted=3 player_us=34780 opponents_us=44154 player_native=true
[1789025067661] [[32minfo[0m] [OcclusionAB] car=7 track=0 frame=6 mode=0 draw=119374 present=31454 prepare=24189 raster=45440 blit=12268 player=36541 opponents=45451 candidates=26 before=2912 after=2912 rows=336
[1789025067669] [[32minfo[0m] [OcclusionAB] car=7 track=0 frame=6 mode=1 draw=131888 present=31456 prepare=24063 raster=44884 blit=9893 player=34780 opponents=44154 candidates=26 before=2912 after=804 rows=336
[1789025067992] [[32minfo[0m] [OcclusionAB] car=7 track=0 frame=7 mode=0 draw=96848 present=31449 prepare=17334 raster=28762 blit=7564 player=36068 opponents=24349 candidates=33 before=3696 after=3696 rows=224
[1789025068000] [[32minfo[0m] [OcclusionAB] car=7 track=0 frame=7 mode=1 draw=95545 present=31425 prepare=17374 raster=28777 blit=6154 player=35092 opponents=23984 candidates=33 before=3696 after=687 rows=224
[1789025068316] [[32minfo[0m] [CarStage] car=1 panels=661 vertices=954 tiles=1 prepare_us=6707 raster_us=16092 blit_us=6528
[1789025068320] [[32minfo[0m] [HudStage] map_us=1403 total_us=3375 map_cached=true
[1789025068380] [[32minfo[0m] [OcclusionAB] car=7 track=0 frame=8 mode=0 draw=123286 present=31456 prepare=24030 raster=44761 blit=18321 player=38957 opponents=48247 candidates=47 before=5264 after=5264 rows=336
[1789025068388] [[32minfo[0m] [OcclusionAB] car=7 track=0 frame=8 mode=1 draw=126264 present=31476 prepare=24036 raster=44777 blit=16743 player=38442 opponents=48323 candidates=47 before=5264 after=1621 rows=336
[1789025068788] [[32minfo[0m] [OcclusionAB] car=7 track=0 frame=9 mode=0 draw=135693 present=31480 prepare=24117 raster=45697 blit=15017 player=37623 opponents=47307 candidates=33 before=3696 after=3696 rows=336
[1789025068796] [[32minfo[0m] [OcclusionAB] car=7 track=0 frame=9 mode=1 draw=133116 present=31479 prepare=24104 raster=45740 blit=12227 player=36249 opponents=45918 candidates=33 before=3696 after=1107 rows=336
[1789025069190] [[32minfo[0m] [OcclusionAB] car=7 track=0 frame=10 mode=0 draw=133027 present=31491 prepare=24067 raster=46886 blit=13674 player=37260 opponents=47466 candidates=25 before=2800 after=2800 rows=336
[1789025069199] [[32minfo[0m] [OcclusionAB] car=7 track=0 frame=10 mode=1 draw=130462 present=31492 prepare=24085 raster=46887 blit=11025 player=35959 opponents=46130 candidates=25 before=2800 after=780 rows=336
[1789025069541] [[32minfo[0m] [OcclusionAB] car=7 track=0 frame=11 mode=0 draw=106348 present=31413 prepare=17379 raster=29475 blit=7379 player=36919 opponents=24047 candidates=18 before=2016 after=2016 rows=224
[1789025069549] [[32minfo[0m] [OcclusionAB] car=7 track=0 frame=11 mode=1 draw=105176 present=31458 prepare=17367 raster=29484 blit=6242 player=35961 opponents=23890 candidates=18 before=2016 after=543 rows=224
[1789025069589] [[32minfo[0m] [PaintStage] rows=161 clear_us=559 fill_us=6281 copy_us=4042
[1789025069590] [[32minfo[0m] [TrackStage] project_us=4620 paint_us=12092 lines_us=4 wireframe=false
[1789025069695] [[32minfo[0m] [RaceStage] track_us=22692 cars_us=84782 upscale_us=14318 scene_width=234 surfaces=138 cars=3 track_id=0 player_car=7 submitted=3 player_us=36529 opponents_us=47834 player_native=true
[1789025069940] [[32minfo[0m] [OcclusionAB] car=7 track=0 frame=12 mode=0 draw=139326 present=31416 prepare=24023 raster=47208 blit=13036 player=36529 opponents=47834 candidates=23 before=2576 after=2576 rows=336
[1789025069949] [[32minfo[0m] [OcclusionAB] car=7 track=0 frame=12 mode=1 draw=120941 present=31479 prepare=24145 raster=47161 blit=10770 player=35854 opponents=46312 candidates=23 before=2576 after=753 rows=336
[1789025070325] [[32minfo[0m] [OcclusionAB] car=7 track=0 frame=13 mode=0 draw=123313 present=31942 prepare=24097 raster=47995 blit=13746 player=37251 opponents=48684 candidates=23 before=2576 after=2576 rows=336
[1789025070334] [[32minfo[0m] [OcclusionAB] car=7 track=0 frame=13 mode=1 draw=122220 present=31448 prepare=24362 raster=48043 blit=12187 player=37249 opponents=47440 candidates=23 before=2576 after=867 rows=336
[1789025070389] [[32minfo[0m] [CarStage] car=0 panels=628 vertices=913 tiles=1 prepare_us=6554 raster_us=8456 blit_us=2780
[1789025070480] [[32minfo[0m] [HudStage] map_us=1384 total_us=3341 map_cached=true
[1789025070717] [[32minfo[0m] [OcclusionAB] car=7 track=0 frame=14 mode=0 draw=129049 present=31505 prepare=24291 raster=49387 blit=16134 player=39728 opponents=51315 candidates=27 before=3024 after=3024 rows=336
[1789025070726] [[32minfo[0m] [OcclusionAB] car=7 track=0 frame=14 mode=1 draw=124138 present=31484 prepare=24110 raster=49316 blit=14332 player=38740 opponents=49118 candidates=27 before=3024 after=1068 rows=336
[1789025071059] [[32minfo[0m] [OcclusionAB] car=7 track=0 frame=15 mode=0 draw=101783 present=31656 prepare=17361 raster=32331 blit=10346 player=42003 opponents=24826 candidates=22 before=2464 after=2464 rows=224
[1789025071068] [[32minfo[0m] [OcclusionAB] car=7 track=0 frame=15 mode=1 draw=100758 present=31451 prepare=17442 raster=32320 blit=9167 player=41067 opponents=24632 candidates=22 before=2464 after=958 rows=224
[1789025071465] [[32minfo[0m] [OcclusionAB] car=7 track=0 frame=16 mode=0 draw=133555 present=31442 prepare=24150 raster=54352 blit=17270 player=42146 opponents=53722 candidates=25 before=2800 after=2800 rows=336
[1789025071474] [[32minfo[0m] [OcclusionAB] car=7 track=0 frame=16 mode=1 draw=133130 present=31461 prepare=24302 raster=54384 blit=16837 player=42118 opponents=53507 candidates=25 before=2800 after=1224 rows=336
[1789025071698] [[32minfo[0m] [PaintStage] rows=152 clear_us=520 fill_us=6059 copy_us=3879
[1789025071699] [[32minfo[0m] [TrackStage] project_us=4178 paint_us=11698 lines_us=5 wireframe=false
[1789025071813] [[32minfo[0m] [RaceStage] track_us=21854 cars_us=93332 upscale_us=14312 scene_width=234 surfaces=119 cars=3 track_id=0 player_car=7 submitted=3 player_us=40854 opponents_us=52055 player_native=true
[1789025071881] [[32minfo[0m] [OcclusionAB] car=7 track=0 frame=17 mode=0 draw=146781 present=31446 prepare=24006 raster=52449 blit=16366 player=40854 opponents=52055 candidates=25 before=2800 after=2800 rows=336
[1789025071889] [[32minfo[0m] [OcclusionAB] car=7 track=0 frame=17 mode=1 draw=129414 present=31490 prepare=24121 raster=52447 blit=14713 player=40110 opponents=51265 candidates=25 before=2800 after=1083 rows=336
[1789025072277] [[32minfo[0m] [OcclusionAB] car=7 track=0 frame=18 mode=0 draw=129912 present=31476 prepare=24093 raster=51851 blit=16529 player=40541 opponents=52028 candidates=26 before=2912 after=2912 rows=336
[1789025072286] [[32minfo[0m] [OcclusionAB] car=7 track=0 frame=18 mode=1 draw=127359 present=31457 prepare=24084 raster=51859 blit=14163 player=39585 opponents=50616 candidates=26 before=2912 after=1039 rows=336
[1789025072396] [[32minfo[0m] [CarStage] car=7 panels=1113 vertices=1446 tiles=1 prepare_us=10879 raster_us=23875 blit_us=6130
[1789025072566] [[32minfo[0m] [HudStage] map_us=1391 total_us=3474 map_cached=true
[1789025072623] [[32minfo[0m] [OcclusionAB] car=7 track=0 frame=19 mode=0 draw=103426 present=31497 prepare=17393 raster=32002 blit=9562 player=40988 opponents=24727 candidates=21 before=2352 after=2352 rows=224
[1789025072631] [[32minfo[0m] [OcclusionAB] car=7 track=0 frame=19 mode=1 draw=103580 present=31416 prepare=17418 raster=32578 blit=8702 player=42091 opponents=24711 candidates=21 before=2352 after=811 rows=224
[1789025073025] [[32minfo[0m] [OcclusionAB] car=7 track=0 frame=20 mode=0 draw=132979 present=31425 prepare=24095 raster=54221 blit=19179 player=43041 opponents=54549 candidates=27 before=3024 after=3024 rows=336
[1789025073034] [[32minfo[0m] [OcclusionAB] car=7 track=0 frame=20 mode=1 draw=129958 present=31470 prepare=24116 raster=54244 blit=16305 player=41851 opponents=52909 candidates=27 before=3024 after=1280 rows=336
[1789025073462] [[32minfo[0m] [OcclusionAB] car=7 track=0 frame=21 mode=0 draw=153759 present=31442 prepare=24583 raster=52640 blit=28568 player=47070 opponents=58842 candidates=97 before=10864 after=10864 rows=336
[1789025073471] [[32minfo[0m] [OcclusionAB] car=7 track=0 frame=21 mode=1 draw=143518 present=31447 prepare=24074 raster=52610 blit=18702 player=41786 opponents=53691 candidates=97 before=10864 after=1634 rows=336
[1789025073730] [[32minfo[0m] [PaintStage] rows=138 clear_us=468 fill_us=12011 copy_us=3654
[1789025073731] [[32minfo[0m] [TrackStage] project_us=7527 paint_us=17370 lines_us=4 wireframe=false
[1789025073848] [[32minfo[0m] [RaceStage] track_us=30986 cars_us=96692 upscale_us=14281 scene_width=234 surfaces=370 cars=3 track_id=0 player_car=7 submitted=3 player_us=42446 opponents_us=53828 player_native=true
[1789025073916] [[32minfo[0m] [OcclusionAB] car=7 track=0 frame=22 mode=0 draw=155124 present=31496 prepare=24107 raster=49453 blit=34369 player=47880 opponents=60139 candidates=115 before=12880 after=12880 rows=336
[1789025073925] [[32minfo[0m] [OcclusionAB] car=7 track=0 frame=22 mode=1 draw=159209 present=31439 prepare=24041 raster=49496 blit=22640 player=42446 opponents=53828 candidates=115 before=12880 after=3087 rows=336
[1789025074273] [[32minfo[0m] [OcclusionAB] car=7 track=0 frame=23 mode=0 draw=111099 present=31451 prepare=17328 raster=29923 blit=12603 player=41556 opponents=25072 candidates=53 before=5936 after=5936 rows=224
[1789025074282] [[32minfo[0m] [OcclusionAB] car=7 track=0 frame=23 mode=1 draw=106450 present=31434 prepare=17373 raster=30176 blit=7544 player=37582 opponents=24356 candidates=53 before=5936 after=1548 rows=224
[1789025074398] [[32minfo[0m] [CarStage] car=7 panels=1113 vertices=1446 tiles=1 prepare_us=10867 raster_us=21628 blit_us=10409
[1789025074623] [[32minfo[0m] [HudStage] map_us=1395 total_us=3378 map_cached=true
[1789025074680] [[32minfo[0m] [OcclusionAB] car=7 track=0 frame=24 mode=0 draw=140919 present=31487 prepare=24315 raster=47762 blit=27364 player=44083 opponents=56612 candidates=83 before=9296 after=9296 rows=336
[1789025074688] [[32minfo[0m] [OcclusionAB] car=7 track=0 frame=24 mode=1 draw=126890 present=31507 prepare=24144 raster=47199 blit=14294 player=37661 opponents=48068 candidates=83 before=9296 after=1219 rows=336
[1789025074707] [[32minfo[0m] [OcclusionAB] GROUP car=7 track=0 mismatches=0 stack_free=1148
[1789025075534] [[32minfo[0m] [OcclusionAB] car=7 track=1 frame=1 mode=0 draw=148503 present=31454 prepare=23973 raster=56043 blit=28927 player=43018 opponents=66026 candidates=36 before=4032 after=4032 rows=336
[1789025075542] [[32minfo[0m] [OcclusionAB] car=7 track=1 frame=1 mode=1 draw=139791 present=31969 prepare=23848 raster=55939 blit=21071 player=41767 opponents=59197 candidates=36 before=4032 after=1695 rows=336
[1789025075781] [[32minfo[0m] [PaintStage] rows=134 clear_us=474 fill_us=8507 copy_us=3572
[1789025075782] [[32minfo[0m] [TrackStage] project_us=5491 paint_us=13778 lines_us=4 wireframe=false
[1789025075896] [[32minfo[0m] [RaceStage] track_us=25253 cars_us=93006 upscale_us=14270 scene_width=234 surfaces=196 cars=3 track_id=1 player_car=7 submitted=3 player_us=41217 opponents_us=51333 player_native=true
[1789025075964] [[32minfo[0m] [OcclusionAB] car=7 track=1 frame=2 mode=0 draw=141273 present=31460 prepare=23991 raster=51343 blit=24288 player=46330 opponents=53380 candidates=75 before=8400 after=8400 rows=336
[1789025075972] [[32minfo[0m] [OcclusionAB] car=7 track=1 frame=2 mode=1 draw=149873 present=31443 prepare=23961 raster=51366 blit=17126 player=41217 opponents=51333 candidates=75 before=8400 after=2351 rows=336
[1789025076309] [[32minfo[0m] [OcclusionAB] car=7 track=1 frame=3 mode=0 draw=103395 present=31460 prepare=17418 raster=28140 blit=7881 player=36148 opponents=24121 candidates=29 before=3248 after=3248 rows=224
[1789025076317] [[32minfo[0m] [OcclusionAB] car=7 track=1 frame=3 mode=1 draw=103303 present=31487 prepare=17519 raster=28407 blit=7215 player=35776 opponents=24232 candidates=29 before=3248 after=807 rows=224
[1789025076423] [[32minfo[0m] [CarStage] car=7 panels=1113 vertices=1446 tiles=1 prepare_us=11071 raster_us=17481 blit_us=3311
[1789025076675] [[32minfo[0m] [OcclusionAB] car=7 track=1 frame=4 mode=0 draw=115600 present=31458 prepare=24534 raster=38466 blit=9114 player=33065 opponents=40322 candidates=23 before=2576 after=2576 rows=336
[1789025076683] [[32minfo[0m] [OcclusionAB] car=7 track=1 frame=4 mode=1 draw=112168 present=31480 prepare=24241 raster=37919 blit=7864 player=31209 opponents=38911 candidates=23 before=2576 after=801 rows=336
[1789025076821] [[32minfo[0m] [HudStage] map_us=1421 total_us=3371 map_cached=true
[1789025077054] [[32minfo[0m] [OcclusionAB] car=7 track=1 frame=5 mode=0 draw=119714 present=31670 prepare=24217 raster=44403 blit=13338 player=36495 opponents=45557 candidates=20 before=2240 after=2240 rows=336
[1789025077062] [[32minfo[0m] [OcclusionAB] car=7 track=1 frame=5 mode=1 draw=120158 present=31484 prepare=24254 raster=44374 blit=12745 player=35961 opponents=45503 candidates=20 before=2240 after=1024 rows=336
[1789025077447] [[32minfo[0m] [OcclusionAB] car=7 track=1 frame=6 mode=0 draw=126835 present=31460 prepare=24281 raster=51298 blit=14161 player=39235 opponents=50600 candidates=18 before=2016 after=2016 rows=336
[1789025077455] [[32minfo[0m] [OcclusionAB] car=7 track=1 frame=6 mode=1 draw=126894 present=31465 prepare=24281 raster=51717 blit=14002 player=39294 opponents=50802 candidates=18 before=2016 after=1091 rows=336
[1789025077792] [[32minfo[0m] [OcclusionAB] car=7 track=1 frame=7 mode=0 draw=102926 present=31439 prepare=17463 raster=33737 blit=8561 player=41819 opponents=24923 candidates=12 before=1344 after=1344 rows=224
[1789025077800] [[32minfo[0m] [OcclusionAB] car=7 track=1 frame=7 mode=1 draw=103182 present=31421 prepare=17525 raster=33723 blit=8595 player=41912 opponents=24887 candidates=12 before=1344 after=761 rows=224
[1789025077837] [[32minfo[0m] [PaintStage] rows=139 clear_us=478 fill_us=4374 copy_us=3726
[1789025077838] [[32minfo[0m] [TrackStage] project_us=3810 paint_us=9786 lines_us=4 wireframe=false
[1789025077957] [[32minfo[0m] [RaceStage] track_us=19507 cars_us=98744 upscale_us=14313 scene_width=234 surfaces=62 cars=3 track_id=1 player_car=7 submitted=3 player_us=42889 opponents_us=55370 player_native=true
[1789025078215] [[32minfo[0m] [OcclusionAB] car=7 track=1 frame=8 mode=0 draw=150093 present=31427 prepare=24284 raster=57725 blit=16149 player=42889 opponents=55370 candidates=16 before=1792 after=1792 rows=336
[1789025078224] [[32minfo[0m] [OcclusionAB] car=7 track=1 frame=8 mode=1 draw=133848 present=31447 prepare=24318 raster=57729 blit=15640 player=42947 opponents=54841 candidates=16 before=1792 after=1066 rows=336
[1789025078480] [[32minfo[0m] [CarStage] car=0 panels=628 vertices=913 tiles=1 prepare_us=6541 raster_us=8972 blit_us=2484
[1789025078647] [[32minfo[0m] [OcclusionAB] car=7 track=1 frame=9 mode=0 draw=150796 present=31484 prepare=24384 raster=56016 blit=29039 player=43202 opponents=67446 candidates=36 before=4032 after=4032 rows=336
[1789025078655] [[32minfo[0m] [OcclusionAB] car=7 track=1 frame=9 mode=1 draw=142240 present=31474 prepare=24270 raster=56005 blit=21543 player=42005 opponents=59906 candidates=36 before=4032 after=1695 rows=336
[1789025079009] [[32minfo[0m] [HudStage] map_us=1448 total_us=3417 map_cached=true
[1789025079066] [[32minfo[0m] [OcclusionAB] car=7 track=1 frame=10 mode=0 draw=143135 present=31457 prepare=24242 raster=51422 blit=24455 player=46540 opponents=53670 candidates=75 before=8400 after=8400 rows=336
[1789025079074] [[32minfo[0m] [OcclusionAB] car=7 track=1 frame=10 mode=1 draw=136814 present=31715 prepare=24232 raster=51453 blit=17346 player=41437 opponents=51689 candidates=75 before=8400 after=2353 rows=336
[1789025079413] [[32minfo[0m] [OcclusionAB] car=7 track=1 frame=11 mode=0 draw=104165 present=31949 prepare=17462 raster=28069 blit=7986 player=36209 opponents=24150 candidates=29 before=3248 after=3248 rows=224
[1789025079421] [[32minfo[0m] [OcclusionAB] car=7 track=1 frame=11 mode=1 draw=103612 present=31440 prepare=17495 raster=28076 blit=7270 player=35669 opponents=24009 candidates=29 before=3248 after=807 rows=224
[1789025079778] [[32minfo[0m] [OcclusionAB] car=7 track=1 frame=12 mode=0 draw=113639 present=31485 prepare=24198 raster=37930 blit=8970 player=31666 opponents=39525 candidates=23 before=2576 after=2576 rows=336
[1789025079786] [[32minfo[0m] [OcclusionAB] car=7 track=1 frame=12 mode=1 draw=112300 present=31480 prepare=24206 raster=37958 blit=7828 player=31207 opponents=38881 candidates=23 before=2576 after=802 rows=336
[1789025079999] [[32minfo[0m] [PaintStage] rows=180 clear_us=645 fill_us=5197 copy_us=4460
[1789025080000] [[32minfo[0m] [TrackStage] project_us=3698 paint_us=11582 lines_us=4 wireframe=false
[1789025080103] [[32minfo[0m] [RaceStage] track_us=21262 cars_us=82526 upscale_us=14537 scene_width=234 surfaces=61 cars=3 track_id=1 player_car=7 submitted=3 player_us=36627 opponents_us=45413 player_native=true
[1789025080171] [[32minfo[0m] [OcclusionAB] car=7 track=1 frame=13 mode=0 draw=135541 present=31419 prepare=24315 raster=44284 blit=13335 player=36627 opponents=45413 candidates=20 before=2240 after=2240 rows=336
[1789025080180] [[32minfo[0m] [OcclusionAB] car=7 track=1 frame=13 mode=1 draw=118872 present=31502 prepare=24253 raster=44165 blit=12708 player=35904 opponents=45316 candidates=20 before=2240 after=1022 rows=336
[1789025080505] [[32minfo[0m] [CarStage] car=1 panels=661 vertices=954 tiles=1 prepare_us=6785 raster_us=19698 blit_us=6127
[1789025080565] [[32minfo[0m] [OcclusionAB] car=7 track=1 frame=14 mode=0 draw=127316 present=31437 prepare=24342 raster=51357 blit=14759 player=39808 opponents=50753 candidates=18 before=2016 after=2016 rows=336
[1789025080574] [[32minfo[0m] [OcclusionAB] car=7 track=1 frame=14 mode=1 draw=127475 present=31426 prepare=24274 raster=51318 blit=13936 player=39339 opponents=51435 candidates=18 before=2016 after=1091 rows=336
[1789025080909] [[32minfo[0m] [OcclusionAB] car=7 track=1 frame=15 mode=0 draw=102581 present=31441 prepare=17495 raster=33694 blit=8574 player=41832 opponents=24921 candidates=12 before=1344 after=1344 rows=224
[1789025080917] [[32minfo[0m] [OcclusionAB] car=7 track=1 frame=15 mode=1 draw=102745 present=31463 prepare=17506 raster=33744 blit=8553 player=41901 opponents=24872 candidates=12 before=1344 after=761 rows=224
[1789025081070] [[32minfo[0m] [HudStage] map_us=1437 total_us=3423 map_cached=true
[1789025081317] [[32minfo[0m] [OcclusionAB] car=7 track=1 frame=16 mode=0 draw=135474 present=31493 prepare=24323 raster=57780 blit=16368 player=43141 opponents=55431 candidates=16 before=1792 after=1792 rows=336
[1789025081326] [[32minfo[0m] [OcclusionAB] car=7 track=1 frame=16 mode=1 draw=133698 present=31480 prepare=24325 raster=57747 blit=15674 player=42977 opponents=54870 candidates=16 before=1792 after=1066 rows=336
[1789025081746] [[32minfo[0m] [OcclusionAB] car=7 track=1 frame=17 mode=0 draw=148275 present=31457 prepare=24208 raster=56003 blit=28891 player=42897 opponents=66341 candidates=36 before=4032 after=4032 rows=336
[1789025081755] [[32minfo[0m] [OcclusionAB] car=7 track=1 frame=17 mode=1 draw=141438 present=31472 prepare=24414 raster=56509 blit=21130 player=42193 opponents=59966 candidates=36 before=4032 after=1695 rows=336
[1789025082162] [[32minfo[0m] [OcclusionAB] car=7 track=1 frame=18 mode=0 draw=141921 present=31439 prepare=24193 raster=51476 blit=24368 player=46467 opponents=53660 candidates=75 before=8400 after=8400 rows=336
[1789025082171] [[32minfo[0m] [OcclusionAB] car=7 track=1 frame=18 mode=1 draw=134909 present=31444 prepare=24548 raster=51429 blit=17183 player=41604 opponents=51656 candidates=75 before=8400 after=2332 rows=336
[1789025082215] [[32minfo[0m] [PaintStage] rows=171 clear_us=598 fill_us=8914 copy_us=4491
[1789025082216] [[32minfo[0m] [TrackStage] project_us=5733 paint_us=15235 lines_us=4 wireframe=false
[1789025082296] [[32minfo[0m] [RaceStage] track_us=26949 cars_us=60203 upscale_us=14291 scene_width=234 surfaces=207 cars=3 track_id=1 player_car=7 submitted=3 player_us=35675 opponents_us=24026 player_native=true
[1789025082524] [[32minfo[0m] [OcclusionAB] car=7 track=1 frame=19 mode=0 draw=104114 present=31447 prepare=17452 raster=28126 blit=7930 player=36212 opponents=24118 candidates=29 before=3248 after=3248 rows=224
[1789025082532] [[32minfo[0m] [OcclusionAB] car=7 track=1 frame=19 mode=1 draw=119146 present=31429 prepare=17435 raster=28158 blit=7219 player=35675 opponents=24026 candidates=29 before=3248 after=807 rows=224
[1789025082592] [[32minfo[0m] [CarStage] car=0 panels=628 vertices=913 tiles=1 prepare_us=6509 raster_us=7687 blit_us=2017
[1789025082890] [[32minfo[0m] [OcclusionAB] car=7 track=1 frame=20 mode=0 draw=114946 present=31442 prepare=24372 raster=37960 blit=8958 player=31962 opponents=40567 candidates=23 before=2576 after=2576 rows=336
[1789025082898] [[32minfo[0m] [OcclusionAB] car=7 track=1 frame=20 mode=1 draw=112239 present=31508 prepare=24169 raster=37958 blit=7824 player=31201 opponents=38847 candidates=23 before=2576 after=802 rows=336
[1789025083211] [[32minfo[0m] [HudStage] map_us=1399 total_us=3356 map_cached=true
[1789025083268] [[32minfo[0m] [OcclusionAB] car=7 track=1 frame=21 mode=0 draw=120523 present=31492 prepare=24261 raster=44256 blit=13347 player=36462 opponents=45500 candidates=20 before=2240 after=2240 rows=336
[1789025083276] [[32minfo[0m] [OcclusionAB] car=7 track=1 frame=21 mode=1 draw=119311 present=31432 prepare=24229 raster=44280 blit=12942 player=35946 opponents=45601 candidates=20 before=2240 after=1024 rows=336
[1789025083662] [[32minfo[0m] [OcclusionAB] car=7 track=1 frame=22 mode=0 draw=128530 present=31442 prepare=24372 raster=51793 blit=14345 player=39841 opponents=50764 candidates=18 before=2016 after=2016 rows=336
[1789025083671] [[32minfo[0m] [OcclusionAB] car=7 track=1 frame=22 mode=1 draw=127452 present=31442 prepare=24338 raster=51281 blit=14027 player=39363 opponents=50381 candidates=18 before=2016 after=1091 rows=336
[1789025084010] [[32minfo[0m] [OcclusionAB] car=7 track=1 frame=23 mode=0 draw=104208 present=31456 prepare=17473 raster=33707 blit=8613 player=41844 opponents=24941 candidates=12 before=1344 after=1344 rows=224
[1789025084018] [[32minfo[0m] [OcclusionAB] car=7 track=1 frame=23 mode=1 draw=104405 present=31487 prepare=17519 raster=33700 blit=8661 player=41915 opponents=24942 candidates=12 before=1344 after=761 rows=224
[1789025084269] [[32minfo[0m] [PaintStage] rows=139 clear_us=480 fill_us=5867 copy_us=3699
[1789025084270] [[32minfo[0m] [TrackStage] project_us=4306 paint_us=11227 lines_us=4 wireframe=false
[1789025084395] [[32minfo[0m] [RaceStage] track_us=21542 cars_us=104856 upscale_us=14314 scene_width=234 surfaces=110 cars=3 track_id=1 player_car=7 submitted=3 player_us=46250 opponents_us=58126 player_native=true
[1789025084463] [[32minfo[0m] [OcclusionAB] car=7 track=1 frame=24 mode=0 draw=155657 present=31473 prepare=24219 raster=57754 blit=35653 player=50996 opponents=66729 candidates=75 before=8400 after=8400 rows=336
[1789025084472] [[32minfo[0m] [OcclusionAB] car=7 track=1 frame=24 mode=1 draw=158235 present=31449 prepare=24186 raster=58272 blit=21816 player=46250 opponents=58126 candidates=75 before=8400 after=2034 rows=336
[1789025084490] [[32minfo[0m] [OcclusionAB] GROUP car=7 track=1 mismatches=0 stack_free=1148
[1789025084499] [[32minfo[0m] [OcclusionAB] END mismatches=0 internal=97539 psram=5559444 stack_free=1148

 _____ _____ _____ _____ _____ _____ _____ _____
|     |     |     |   | |     |  _  |  |  |   __|
| | | |  |  |  |  | | | |   --|     |    -|   __|
|_|_|_|_____|_____|_|___|_____|__|__|__|__|_____|

- @author Forairaaaaa
- @version 2.3.3
- @build at 17:29:29 Aug 31 2026

[1789025084535] [[32minfo[0m] [Launcher] on create
[1789025084537] [[32minfo[0m] [Launcher] on open
[1789025084542] [[32minfo[0m] [HAL] skip guide, launch count: 5
[1789025084548] [[32minfo[0m] [LauncherView] init
I (167846) M5PM1_PWR: Boost Enabled
[1789025084559] [[32minfo[0m] [HAL-PMIC] Grove 5V enabled
E (167874) i2c.master: this port has not been initialized, please initialize it first
I (167875) i2c_bus: i2c1 bus inited
I (167875) i2c_bus: I2C Bus V2 Config Succeed, Version: 1.5.0
[1789025084819] [[32minfo[0m] [HAL-Audio] play boot sfx
[1789025084878] [[32minfo[0m] [Typhoon] on create
[1789025084880] [[32minfo[0m] [Bot Lab] on create
[1789025084882] [[32minfo[0m] [Glow Field] on create
[1789025084883] [[32minfo[0m] [Vector Run] on create
[1789025084887] [[32minfo[0m] [Let's & Go!!] on create
[1789025084892] [[32minfo[0m] [RuView] on create
[1789025084897] [[32minfo[0m] [AlarmClock] on create
[1789025084902] [[32minfo[0m] [AlarmClockModel] init
[1789025084907] [[32minfo[0m] [HAL-Alarm] alarm storage missing, using defaults
[1789025084914] [[32minfo[0m] [AlarmClockModel] loaded storage snapshot, count: 0
[1789025084921] [[32minfo[0m] [AlarmClockModel] import storage, count: 0, persist: false
[1789025084930] [[32minfo[0m] [WatchFace] on create
[1789025084934] [[32minfo[0m] [Stopwatch] on create
[1789025084939] [[32minfo[0m] [Badge] on create
[1789025084943] [[32minfo[0m] [IMU] on create
[1789025084947] [[32minfo[0m] [Audio.FFT] on create
[1789025084952] [[32minfo[0m] [LuckyWheel] on create
[1789025084957] [[32minfo[0m] [Settings] on create
