Executing action: monitor
Running idf_monitor in directory /Users/xudanyang/Documents/stopwatch/userdemo
Executing "/Users/xudanyang/.espressif/python_env/idf5.5_py3.12_env/bin/python /Users/xudanyang/Documents/stopwatch/esp-idf/tools/idf_monitor.py -p /dev/cu.usbmodem83401 -b 115200 --toolchain-prefix xtensa-esp32s3-elf- --target esp32s3 --revision 0 /Users/xudanyang/Documents/stopwatch/userdemo/build/StopWatch-UserDemo.elf /Users/xudanyang/Documents/stopwatch/userdemo/build/bootloader/bootloader.elf --no-reset -m '/Users/xudanyang/.espressif/python_env/idf5.5_py3.12_env/bin/python' '/Users/xudanyang/Documents/stopwatch/esp-idf/tools/idf.py' '-p' '/dev/cu.usbmodem83401'"...
[1789104184232] [[32minfo[0m] [HudStage] map_us=1455 total_us=3395 map_cached=true
[1789104184293] [[32minfo[0m] [RasterAB] car=0 track=1 frame=18 mode=0 draw=141145 present=31696 track_us=17058 prepare=23511 raster=53579 blit=17672 player=39841 opponents=55055 upscale=20197 hud=3360 crc=2573386823
[1789104184302] [[32minfo[0m] [RasterAB] car=0 track=1 frame=18 mode=1 draw=160616 present=31942 track_us=24064 prepare=23427 raster=44488 blit=17709 player=35998 opponents=49755 upscale=20190 hud=7589 crc=2573386823
[1789104184642] [[32minfo[0m] [RasterAB] car=0 track=1 frame=19 mode=0 draw=106606 present=31392 track_us=19820 prepare=17109 raster=28041 blit=5951 player=32978 opponents=24522 upscale=20223 hud=3550 crc=84341912
[1789104184651] [[32minfo[0m] [RasterAB] car=0 track=1 frame=19 mode=1 draw=102941 present=31442 track_us=19834 prepare=17112 raster=24226 blit=5937 player=30107 opponents=23579 upscale=20211 hud=3538 crc=84341912
[1789104185014] [[32minfo[0m] [RasterAB] car=0 track=1 frame=20 mode=0 draw=119610 present=31470 track_us=19385 prepare=23476 raster=40273 blit=7174 player=30316 opponents=40743 upscale=20197 hud=3343 crc=1617570956
[1789104185023] [[32minfo[0m] [RasterAB] car=0 track=1 frame=20 mode=1 draw=113369 present=31478 track_us=19369 prepare=23467 raster=34125 blit=7219 player=27678 opponents=37262 upscale=20180 hud=3342 crc=1617570956
[1789104185392] [[32minfo[0m] [RasterAB] car=0 track=1 frame=21 mode=0 draw=123303 present=31441 track_us=13521 prepare=23618 raster=46264 blit=10407 player=34716 opponents=45711 upscale=20412 hud=3390 crc=1793532867
[1789104185401] [[32minfo[0m] [RasterAB] car=0 track=1 frame=21 mode=1 draw=115261 present=31465 track_us=13561 prepare=23511 raster=38468 blit=10351 player=31453 opponents=41009 upscale=20207 hud=3364 crc=1793532867
[1789104185724] [[32minfo[0m] [CarStage] car=2 panels=607 vertices=801 tiles=1 prepare_us=6300 raster_us=16208 blit_us=5274
[1789104185785] [[32minfo[0m] [RasterAB] car=0 track=1 frame=22 mode=0 draw=130333 present=31461 track_us=14385 prepare=23517 raster=51302 blit=11814 player=36380 opponents=50385 upscale=20201 hud=3355 crc=432370343
[1789104185794] [[32minfo[0m] [RasterAB] car=0 track=1 frame=22 mode=1 draw=122845 present=31438 track_us=14351 prepare=23412 raster=42802 blit=11840 player=32968 opponents=46303 upscale=20198 hud=3482 crc=432370343
[1789104186132] [[32minfo[0m] [RasterAB] car=0 track=1 frame=23 mode=0 draw=105851 present=31490 track_us=13832 prepare=17425 raster=31466 blit=7464 player=38089 opponents=24747 upscale=20175 hud=3490 crc=2035647717
[1789104186141] [[32minfo[0m] [RasterAB] car=0 track=1 frame=23 mode=1 draw=101014 present=31417 track_us=13846 prepare=17162 raster=26780 blit=7408 player=34155 opponents=23647 upscale=20182 hud=3530 crc=2035647717
[1789104186179] [[32minfo[0m] [PaintStage] rows=141 clear_us=485 fill_us=5543 copy_us=3555
[1789104186180] [[32minfo[0m] [TrackStage] project_us=4012 paint_us=10738 lines_us=14 wireframe=false
[1789104186309] [[32minfo[0m] [RaceStage] track_us=20835 cars_us=102701 upscale_us=20220 scene_width=234 surfaces=98 cars=3 track_id=1 player_car=0 submitted=3 player_us=44904 opponents_us=57281 player_native=true prepare_us=23484 raster_us=60917 blit_us=17652 candidate_rows_before=7616 candidate_rows_after=1720
[1789104186330] [[32minfo[0m] [HudStage] map_us=1461 total_us=3445 map_cached=true
[1789104186580] [[32minfo[0m] [RasterAB] car=0 track=1 frame=24 mode=0 draw=173974 present=31450 track_us=20835 prepare=23484 raster=60917 blit=17652 player=44904 opponents=57281 upscale=20220 hud=7556 crc=1911769815
[1789104186589] [[32minfo[0m] [RasterAB] car=0 track=1 frame=24 mode=1 draw=133925 present=31448 track_us=13791 prepare=23453 raster=49690 blit=17648 player=39838 opponents=51086 upscale=20216 hud=3417 crc=1911769815
[1789104186608] [[32minfo[0m] [RasterAB] GROUP car=0 track=1 mismatches=0 stack_free=2516
[1789104187342] [[32minfo[0m] [RasterAB] car=0 track=2 frame=1 mode=0 draw=125500 present=31418 track_us=12344 prepare=23103 raster=51107 blit=10086 player=35415 opponents=49003 upscale=20200 hud=3246 crc=3204803875
[1789104187351] [[32minfo[0m] [RasterAB] car=0 track=2 frame=1 mode=1 draw=116899 present=31442 track_us=12318 prepare=23118 raster=42296 blit=10047 player=31634 opponents=43950 upscale=20458 hud=3213 crc=3204803875
[1789104187729] [[32minfo[0m] [RasterAB] car=0 track=2 frame=2 mode=0 draw=128124 present=31439 track_us=12257 prepare=23506 raster=51946 blit=11454 player=38326 opponents=48707 upscale=20198 hud=3247 crc=3170726287
[1789104187738] [[32minfo[0m] [RasterAB] car=0 track=2 frame=2 mode=1 draw=118695 present=31450 track_us=12205 prepare=23534 raster=42682 blit=11454 player=34598 opponents=43198 upscale=20205 hud=3192 crc=3170726287
[1789104187791] [[32minfo[0m] [CarStage] car=1 panels=661 vertices=954 tiles=1 prepare_us=7090 raster_us=8863 blit_us=1795
[1789104188080] [[32minfo[0m] [RasterAB] car=0 track=2 frame=3 mode=0 draw=108300 present=31692 track_us=10773 prepare=17166 raster=38207 blit=6773 player=43114 opponents=25560 upscale=20199 hud=3357 crc=3887432598
[1789104188089] [[32minfo[0m] [RasterAB] car=0 track=2 frame=3 mode=1 draw=103609 present=31441 track_us=10797 prepare=17251 raster=32172 blit=6802 player=38522 opponents=25355 upscale=20210 hud=3337 crc=3887432598
[1789104188341] [[32minfo[0m] [PaintStage] rows=232 clear_us=802 fill_us=11264 copy_us=5474
[1789104188343] [[32minfo[0m] [TrackStage] project_us=5764 paint_us=18865 lines_us=12 wireframe=false
[1789104188455] [[32minfo[0m] [RaceStage] track_us=30735 cars_us=86088 upscale_us=20217 scene_width=234 surfaces=330 cars=3 track_id=2 player_car=0 submitted=3 player_us=35390 opponents_us=50373 player_native=true prepare_us=23441 raster_us=48489 blit_us=13698 candidate_rows_before=2352 candidate_rows_after=1050
[1789104188476] [[32minfo[0m] [HudStage] map_us=1300 total_us=3282 map_cached=true
[1789104188536] [[32minfo[0m] [RasterAB] car=0 track=2 frame=4 mode=0 draw=149037 present=31413 track_us=23619 prepare=23488 raster=59189 blit=13700 player=39430 opponents=57078 upscale=20230 hud=3297 crc=1080205683
[1789104188545] [[32minfo[0m] [RasterAB] car=0 track=2 frame=4 mode=1 draw=167068 present=31420 track_us=30735 prepare=23441 raster=48489 blit=13698 player=35390 opponents=50373 upscale=20217 hud=7584 crc=1080205683
[1789104188943] [[32minfo[0m] [RasterAB] car=0 track=2 frame=5 mode=0 draw=138400 present=31427 track_us=17270 prepare=23432 raster=51156 blit=17704 player=42444 opponents=49973 upscale=20196 hud=3224 crc=308317125
[1789104188952] [[32minfo[0m] [RasterAB] car=0 track=2 frame=5 mode=1 draw=129575 present=31451 track_us=17312 prepare=23415 raster=42162 blit=17753 player=38896 opponents=44570 upscale=20197 hud=3185 crc=308317125
[1789104189331] [[32minfo[0m] [RasterAB] car=0 track=2 frame=6 mode=0 draw=128604 present=31445 track_us=12270 prepare=23741 raster=52133 blit=11528 player=37943 opponents=49583 upscale=20200 hud=3226 crc=576006811
[1789104189340] [[32minfo[0m] [RasterAB] car=0 track=2 frame=6 mode=1 draw=119914 present=31474 track_us=12200 prepare=24071 raster=43323 blit=11510 player=33892 opponents=45138 upscale=20185 hud=3205 crc=576006811
[1789104189676] [[32minfo[0m] [RasterAB] car=0 track=2 frame=7 mode=0 draw=105104 present=31412 track_us=16504 prepare=17105 raster=30980 blit=5180 player=34799 opponents=24957 upscale=20192 hud=3365 crc=2761219237
[1789104189685] [[32minfo[0m] [RasterAB] car=0 track=2 frame=7 mode=1 draw=100910 present=31437 track_us=16536 prepare=17150 raster=26597 blit=5178 player=31602 opponents=23847 upscale=20198 hud=3365 crc=2761219237
[1789104189805] [[32minfo[0m] [CarStage] car=0 panels=988 vertices=1313 tiles=1 prepare_us=10057 raster_us=28625 blit_us=6147
[1789104190071] [[32minfo[0m] [RasterAB] car=0 track=2 frame=8 mode=0 draw=132984 present=31439 track_us=11549 prepare=23516 raster=56311 blit=11478 player=46052 opponents=46614 upscale=20193 hud=3191 crc=2138228172
[1789104190080] [[32minfo[0m] [RasterAB] car=0 track=2 frame=8 mode=1 draw=121550 present=31726 track_us=11516 prepare=23507 raster=46268 blit=11419 player=40010 opponents=41312 upscale=20196 hud=3214 crc=2138228172
[1789104190445] [[32minfo[0m] [RasterAB] car=0 track=2 frame=9 mode=0 draw=121405 present=31440 track_us=9937 prepare=23429 raster=50833 blit=8317 player=34751 opponents=47952 upscale=20168 hud=3217 crc=1632165132
[1789104190454] [[32minfo[0m] [RasterAB] car=0 track=2 frame=9 mode=1 draw=113117 present=31461 track_us=9947 prepare=23521 raster=42465 blit=8294 player=31424 opponents=42983 upscale=20177 hud=3204 crc=1632165132
[1789104190489] [[32minfo[0m] [PaintStage] rows=137 clear_us=473 fill_us=5174 copy_us=3743
[1789104190490] [[32minfo[0m] [TrackStage] project_us=1530 paint_us=10527 lines_us=11 wireframe=false
[1789104190601] [[32minfo[0m] [RaceStage] track_us=18145 cars_us=84446 upscale_us=20198 scene_width=234 surfaces=64 cars=3 track_id=2 player_car=0 submitted=3 player_us=35124 opponents_us=49012 player_native=true prepare_us=23509 raster_us=48280 blit_us=12217 candidate_rows_before=3472 candidate_rows_after=1430
[1789104190621] [[32minfo[0m] [HudStage] map_us=1309 total_us=3244 map_cached=true
[1789104190853] [[32minfo[0m] [RasterAB] car=0 track=2 frame=10 mode=0 draw=152851 present=31495 track_us=18145 prepare=23509 raster=48280 blit=12217 player=35124 opponents=49012 upscale=20198 hud=7574 crc=3297242526
[1789104190862] [[32minfo[0m] [RasterAB] car=0 track=2 frame=10 mode=1 draw=116158 present=31429 track_us=11125 prepare=23457 raster=40510 blit=12211 player=31978 opponents=44325 upscale=20172 hud=3220 crc=3297242526
[1789104191255] [[32minfo[0m] [RasterAB] car=0 track=2 frame=11 mode=0 draw=132714 present=31421 track_us=42659 prepare=17007 raster=30063 blit=7655 player=35487 opponents=25634 upscale=20188 hud=3412 crc=3354579437
[1789104191264] [[32minfo[0m] [RasterAB] car=0 track=2 frame=11 mode=1 draw=128631 present=31663 track_us=42634 prepare=16974 raster=25910 blit=7651 player=32327 opponents=24677 upscale=20205 hud=3360 crc=3354579437
[1789104191656] [[32minfo[0m] [RasterAB] car=0 track=2 frame=12 mode=0 draw=134571 present=31417 track_us=24785 prepare=23405 raster=47033 blit=10326 player=33073 opponents=47820 upscale=20211 hud=3239 crc=405764629
[1789104191665] [[32minfo[0m] [RasterAB] car=0 track=2 frame=12 mode=1 draw=126900 present=31437 track_us=24749 prepare=23442 raster=39549 blit=10350 player=30087 opponents=43383 upscale=20208 hud=3168 crc=405764629
[1789104191908] [[32minfo[0m] [CarStage] car=1 panels=661 vertices=954 tiles=1 prepare_us=7023 raster_us=9069 blit_us=2962
[1789104192048] [[32minfo[0m] [RasterAB] car=0 track=2 frame=13 mode=0 draw=130259 present=31466 track_us=21982 prepare=23502 raster=44903 blit=9861 player=32697 opponents=46827 upscale=20254 hud=3173 crc=2839723539
[1789104192057] [[32minfo[0m] [RasterAB] car=0 track=2 frame=13 mode=1 draw=122418 present=31435 track_us=22006 prepare=23437 raster=38219 blit=9788 player=29781 opponents=41789 upscale=20222 hud=3229 crc=2839723539
[1789104192432] [[32minfo[0m] [RasterAB] car=0 track=2 frame=14 mode=0 draw=125894 present=31464 track_us=18305 prepare=23473 raster=45968 blit=9238 player=33390 opponents=45416 upscale=20198 hud=3180 crc=1194474800
[1789104192441] [[32minfo[0m] [RasterAB] car=0 track=2 frame=14 mode=1 draw=118560 present=31459 track_us=18316 prepare=23430 raster=38666 blit=9260 player=30430 opponents=41054 upscale=20186 hud=3211 crc=1194474800
[1789104192626] [[32minfo[0m] [PaintStage] rows=143 clear_us=494 fill_us=4747 copy_us=3531
[1789104192627] [[32minfo[0m] [TrackStage] project_us=2217 paint_us=9994 lines_us=10 wireframe=false
[1789104192712] [[32minfo[0m] [RaceStage] track_us=18224 cars_us=58945 upscale_us=20165 scene_width=234 surfaces=112 cars=3 track_id=2 player_car=0 submitted=3 player_us=34250 opponents_us=24362 player_native=true prepare_us=17146 raster_us=29835 blit_us=5230 candidate_rows_before=1120 candidate_rows_after=679
[1789104192733] [[32minfo[0m] [HudStage] map_us=1311 total_us=3365 map_cached=true
[1789104192793] [[32minfo[0m] [RasterAB] car=0 track=2 frame=15 mode=0 draw=127157 present=31431 track_us=18224 prepare=17146 raster=29835 blit=5230 player=34250 opponents=24362 upscale=20165 hud=7578 crc=3198141426
[1789104192802] [[32minfo[0m] [RasterAB] car=0 track=2 frame=15 mode=1 draw=94629 present=31440 track_us=11252 prepare=17143 raster=25652 blit=5226 player=31174 opponents=23266 upscale=20167 hud=3380 crc=3198141426
[1789104193163] [[32minfo[0m] [RasterAB] car=0 track=2 frame=16 mode=0 draw=119004 present=31434 track_us=10691 prepare=23391 raster=46565 blit=9457 player=33412 opponents=46128 upscale=20199 hud=3203 crc=3706496471
[1789104193172] [[32minfo[0m] [RasterAB] car=0 track=2 frame=16 mode=1 draw=111904 present=31431 track_us=10620 prepare=23494 raster=39245 blit=9484 player=30499 opponents=41853 upscale=20432 hud=3192 crc=3706496471
[1789104193519] [[32minfo[0m] [RasterAB] car=0 track=2 frame=17 mode=0 draw=110864 present=31456 track_us=11501 prepare=23358 raster=40284 blit=6978 player=30193 opponents=40551 upscale=20157 hud=3149 crc=1072123489
[1789104193528] [[32minfo[0m] [RasterAB] car=0 track=2 frame=17 mode=1 draw=105687 present=31462 track_us=11548 prepare=23970 raster=34312 blit=6984 player=28260 opponents=37141 upscale=20165 hud=3194 crc=1072123489
[1789104193876] [[32minfo[0m] [RasterAB] car=0 track=2 frame=18 mode=0 draw=111631 present=31431 track_us=11620 prepare=23480 raster=39281 blit=8356 player=30522 opponents=40721 upscale=20180 hud=3215 crc=284169534
[1789104193885] [[32minfo[0m] [RasterAB] car=0 track=2 frame=18 mode=1 draw=105691 present=31464 track_us=11561 prepare=23486 raster=33467 blit=8427 player=28022 opponents=37485 upscale=20176 hud=3145 crc=284169534
[1789104193938] [[32minfo[0m] [CarStage] car=1 panels=661 vertices=954 tiles=1 prepare_us=7108 raster_us=7882 blit_us=1551
[1789104194294] [[32minfo[0m] [RasterAB] car=0 track=2 frame=19 mode=0 draw=144365 present=31977 track_us=12559 prepare=23442 raster=71040 blit=8529 player=30263 opponents=72873 upscale=20198 hud=3173 crc=19166580
[1789104194303] [[32minfo[0m] [RasterAB] car=0 track=2 frame=19 mode=1 draw=133402 present=31427 track_us=12551 prepare=23522 raster=58480 blit=8803 player=28067 opponents=63962 upscale=20229 hud=3176 crc=19166580
[1789104194677] [[32minfo[0m] [RasterAB] car=0 track=2 frame=20 mode=0 draw=125180 present=31454 track_us=19386 prepare=23377 raster=44445 blit=9037 player=33201 opponents=43784 upscale=20198 hud=3186 crc=1091600227
[1789104194686] [[32minfo[0m] [RasterAB] car=0 track=2 frame=20 mode=1 draw=117912 present=31449 track_us=19352 prepare=23421 raster=37312 blit=9042 player=30280 opponents=39625 upscale=20197 hud=3152 crc=1091600227
[1789104194723] [[32minfo[0m] [PaintStage] rows=232 clear_us=808 fill_us=5267 copy_us=4937
[1789104194724] [[32minfo[0m] [TrackStage] project_us=2181 paint_us=12249 lines_us=10 wireframe=false
[1789104194823] [[32minfo[0m] [RaceStage] track_us=20523 cars_us=72123 upscale_us=20196 scene_width=234 surfaces=100 cars=3 track_id=2 player_car=0 submitted=3 player_us=30292 opponents_us=41509 player_native=true prepare_us=23430 raster_us=40810 blit_us=7431 candidate_rows_before=1344 candidate_rows_after=627
[1789104194843] [[32minfo[0m] [HudStage] map_us=1306 total_us=3244 map_cached=true
[1789104195082] [[32minfo[0m] [RasterAB] car=0 track=2 frame=21 mode=0 draw=121872 present=31711 track_us=13477 prepare=23508 raster=48632 blit=7380 player=33429 opponents=46218 upscale=20190 hud=3194 crc=931401181
[1789104195091] [[32minfo[0m] [RasterAB] car=0 track=2 frame=21 mode=1 draw=142828 present=31444 track_us=20523 prepare=23430 raster=40810 blit=7431 player=30292 opponents=41509 upscale=20196 hud=7579 crc=931401181
[1789104195506] [[32minfo[0m] [RasterAB] car=0 track=2 frame=22 mode=0 draw=146264 present=31875 track_us=33294 prepare=23415 raster=48451 blit=12120 player=34866 opponents=49254 upscale=20216 hud=3220 crc=2721568436
[1789104195515] [[32minfo[0m] [RasterAB] car=0 track=2 frame=22 mode=1 draw=137968 present=31437 track_us=33266 prepare=23462 raster=40547 blit=11763 player=31708 opponents=44194 upscale=20202 hud=3196 crc=2721568436
[1789104195862] [[32minfo[0m] [RasterAB] car=0 track=2 frame=23 mode=0 draw=110587 present=31411 track_us=21128 prepare=17094 raster=30992 blit=6076 player=35959 opponents=24586 upscale=20213 hud=3388 crc=257712578
[1789104195871] [[32minfo[0m] [RasterAB] car=0 track=2 frame=23 mode=1 draw=106297 present=31428 track_us=21167 prepare=17130 raster=26511 blit=6070 player=32570 opponents=23592 upscale=20214 hud=3346 crc=257712578
[1789104195985] [[32minfo[0m] [CarStage] car=0 panels=988 vertices=1313 tiles=1 prepare_us=10086 raster_us=20534 blit_us=6923
[1789104196257] [[32minfo[0m] [RasterAB] car=0 track=2 frame=24 mode=0 draw=131800 present=31677 track_us=13079 prepare=23510 raster=48219 blit=16859 player=38734 opponents=51142 upscale=20195 hud=3217 crc=3903545531
[1789104196266] [[32minfo[0m] [RasterAB] car=0 track=2 frame=24 mode=1 draw=122679 present=31435 track_us=13070 prepare=23430 raster=40426 blit=16819 player=34516 opponents=46285 upscale=20187 hud=3233 crc=3903545531
[1789104196285] [[32minfo[0m] [RasterAB] GROUP car=0 track=2 mismatches=0 stack_free=2516
[1789104196342] [[32minfo[0m] [RacerMaterial] texture_side=32 entries=17 fallback_panels=0 map_cached=true
[1789104196750] [[32minfo[0m] [PaintStage] rows=135 clear_us=467 fill_us=5401 copy_us=3611
[1789104196751] [[32minfo[0m] [TrackStage] project_us=4204 paint_us=10690 lines_us=14 wireframe=false
[1789104196855] [[32minfo[0m] [RaceStage] track_us=20984 cars_us=77579 upscale_us=20210 scene_width=234 surfaces=101 cars=3 track_id=0 player_car=1 submitted=3 player_us=30412 opponents_us=46802 player_native=true prepare_us=24654 raster_us=43726 blit_us=8708 candidate_rows_before=2800 candidate_rows_after=747
[1789104196875] [[32minfo[0m] [HudStage] map_us=1363 total_us=3321 map_cached=true
[1789104197120] [[32minfo[0m] [RasterAB] car=1 track=0 frame=1 mode=0 draw=128933 present=31462 track_us=13883 prepare=24928 raster=52421 blit=8669 player=33452 opponents=52696 upscale=20204 hud=3248 crc=2061583734
[1789104197129] [[32minfo[0m] [RasterAB] car=1 track=0 frame=1 mode=1 draw=148631 present=31433 track_us=20984 prepare=24654 raster=43726 blit=8708 player=30412 opponents=46802 upscale=20210 hud=7577 crc=2061583734
[1789104197514] [[32minfo[0m] [RasterAB] car=1 track=0 frame=2 mode=0 draw=132884 present=31468 track_us=12497 prepare=24661 raster=55263 blit=11370 player=36244 opponents=55185 upscale=20194 hud=3269 crc=3544617217
[1789104197523] [[32minfo[0m] [RasterAB] car=1 track=0 frame=2 mode=1 draw=122494 present=31468 track_us=12473 prepare=24714 raster=44995 blit=11299 player=32740 opponents=48403 upscale=20179 hud=3284 crc=3544617217
[1789104197851] [[32minfo[0m] [RasterAB] car=1 track=0 frame=3 mode=0 draw=100891 present=31437 track_us=11174 prepare=16447 raster=28679 blit=7256 player=34573 opponents=26144 upscale=20171 hud=3401 crc=4188290759
[1789104197860] [[32minfo[0m] [RasterAB] car=1 track=0 frame=3 mode=1 draw=96760 present=31435 track_us=11203 prepare=16407 raster=24436 blit=7251 player=31453 opponents=24928 upscale=20184 hud=3453 crc=4188290759
[1789104198005] [[32minfo[0m] [CarStage] car=3 panels=793 vertices=1226 tiles=1 prepare_us=8431 raster_us=21521 blit_us=4212
[1789104198243] [[32minfo[0m] [RasterAB] car=1 track=0 frame=4 mode=0 draw=131095 present=31666 track_us=15571 prepare=25142 raster=50577 blit=9503 player=33814 opponents=52648 upscale=20185 hud=3359 crc=1372475461
[1789104198252] [[32minfo[0m] [RasterAB] car=1 track=0 frame=4 mode=1 draw=121442 present=31427 track_us=15564 prepare=25070 raster=42195 blit=9512 player=30589 opponents=46326 upscale=20192 hud=3338 crc=1372475461
[1789104198637] [[32minfo[0m] [RasterAB] car=1 track=0 frame=5 mode=0 draw=131723 present=31460 track_us=14283 prepare=25132 raster=52865 blit=10411 player=35559 opponents=52983 upscale=20165 hud=3297 crc=3643129992
[1789104198646] [[32minfo[0m] [RasterAB] car=1 track=0 frame=5 mode=1 draw=122463 present=31471 track_us=14330 prepare=25137 raster=43374 blit=10460 player=32139 opponents=46968 upscale=20173 hud=3306 crc=3643129992
[1789104198866] [[32minfo[0m] [PaintStage] rows=139 clear_us=486 fill_us=5302 copy_us=3475
[1789104198867] [[32minfo[0m] [TrackStage] project_us=4576 paint_us=10489 lines_us=10 wireframe=false
[1789104198968] [[32minfo[0m] [RaceStage] track_us=21181 cars_us=74634 upscale_us=20164 scene_width=234 surfaces=104 cars=3 track_id=0 player_car=1 submitted=3 player_us=29502 opponents_us=44720 player_native=true prepare_us=25111 raster_us=41267 blit_us=7707 candidate_rows_before=2800 candidate_rows_after=751
[1789104198989] [[32minfo[0m] [HudStage] map_us=1392 total_us=3361 map_cached=true
[1789104199049] [[32minfo[0m] [RasterAB] car=1 track=0 frame=6 mode=0 draw=125698 present=31456 track_us=14067 prepare=25088 raster=49699 blit=7681 player=32312 opponents=50288 upscale=20191 hud=3298 crc=2157633466
[1789104199058] [[32minfo[0m] [RasterAB] car=1 track=0 frame=6 mode=1 draw=145844 present=31457 track_us=21181 prepare=25111 raster=41267 blit=7707 player=29502 opponents=44720 upscale=20164 hud=7580 crc=2157633466
[1789104199386] [[32minfo[0m] [RasterAB] car=1 track=0 frame=7 mode=0 draw=101627 present=31452 track_us=13141 prepare=16724 raster=29119 blit=5064 player=33318 opponents=26092 upscale=20199 hud=3436 crc=3475122805
[1789104199395] [[32minfo[0m] [RasterAB] car=1 track=0 frame=7 mode=1 draw=97031 present=31451 track_us=13150 prepare=16708 raster=24549 blit=4991 player=30111 opponents=24633 upscale=20183 hud=3443 crc=3475122805
[1789104199787] [[32minfo[0m] [RasterAB] car=1 track=0 frame=8 mode=0 draw=135558 present=31478 track_us=12478 prepare=25132 raster=53397 blit=15388 player=39338 opponents=54714 upscale=20175 hud=3313 crc=980698291
[1789104199796] [[32minfo[0m] [RasterAB] car=1 track=0 frame=8 mode=1 draw=125799 present=31469 track_us=12449 prepare=25155 raster=43787 blit=15372 player=35829 opponents=48619 upscale=20183 hud=3281 crc=980698291
[1789104200053] [[32minfo[0m] [CarStage] car=2 panels=607 vertices=801 tiles=1 prepare_us=6309 raster_us=9080 blit_us=1802
[1789104200202] [[32minfo[0m] [RasterAB] car=1 track=0 frame=9 mode=0 draw=143124 present=31461 track_us=27168 prepare=25079 raster=52220 blit=8400 player=33473 opponents=53461 upscale=20222 hud=3307 crc=2120688344
[1789104200211] [[32minfo[0m] [RasterAB] car=1 track=0 frame=9 mode=1 draw=132441 present=31472 track_us=26972 prepare=25032 raster=42878 blit=8353 player=30116 opponents=46290 upscale=20190 hud=3326 crc=2120688344
[1789104200614] [[32minfo[0m] [RasterAB] car=1 track=0 frame=10 mode=0 draw=141016 present=31463 track_us=25497 prepare=25162 raster=52056 blit=8940 player=33721 opponents=52567 upscale=20218 hud=3315 crc=873709730
[1789104200623] [[32minfo[0m] [RasterAB] car=1 track=0 frame=10 mode=1 draw=131412 present=31459 track_us=25044 prepare=25004 raster=43383 blit=8896 player=30520 opponents=46897 upscale=20219 hud=3329 crc=873709730
[1789104200973] [[32minfo[0m] [RasterAB] car=1 track=0 frame=11 mode=0 draw=111993 present=31453 track_us=21796 prepare=16702 raster=30011 blit=5913 player=35714 opponents=25431 upscale=20195 hud=3420 crc=1145149351
[1789104200982] [[32minfo[0m] [RasterAB] car=1 track=0 frame=11 mode=1 draw=107785 present=31407 track_us=21832 prepare=16642 raster=25765 blit=5907 player=32405 opponents=24350 upscale=20172 hud=3481 crc=1145149351
[1789104201023] [[32minfo[0m] [PaintStage] rows=232 clear_us=834 fill_us=6696 copy_us=4941
[1789104201024] [[32minfo[0m] [TrackStage] project_us=4568 paint_us=13673 lines_us=12 wireframe=false
[1789104201140] [[32minfo[0m] [RaceStage] track_us=24333 cars_us=89382 upscale_us=20189 scene_width=234 surfaces=135 cars=3 track_id=0 player_car=1 submitted=3 player_us=35114 opponents_us=53862 player_native=true prepare_us=25127 raster_us=53407 blit_us=10311 candidate_rows_before=2464 candidate_rows_after=919
[1789104201161] [[32minfo[0m] [HudStage] map_us=1399 total_us=3344 map_cached=true
[1789104201403] [[32minfo[0m] [RasterAB] car=1 track=0 frame=12 mode=0 draw=164048 present=31486 track_us=24333 prepare=25127 raster=53407 blit=10311 player=35114 opponents=53862 upscale=20189 hud=7577 crc=4284885536
[1789104201412] [[32minfo[0m] [RasterAB] car=1 track=0 frame=12 mode=1 draw=126623 present=31463 track_us=17304 prepare=25233 raster=44599 blit=10277 player=32037 opponents=48217 upscale=20225 hud=3323 crc=4284885536
[1789104201798] [[32minfo[0m] [RasterAB] car=1 track=0 frame=13 mode=0 draw=132015 present=31470 track_us=14198 prepare=25149 raster=53359 blit=10222 player=34628 opponents=54252 upscale=20200 hud=3298 crc=2561242031
[1789104201807] [[32minfo[0m] [RasterAB] car=1 track=0 frame=13 mode=1 draw=123218 present=31463 track_us=14209 prepare=25189 raster=44413 blit=10226 player=31511 opponents=48453 upscale=20206 hud=3299 crc=2561242031
[1789104202100] [[32minfo[0m] [CarStage] car=1 panels=1021 vertices=1354 tiles=1 prepare_us=10350 raster_us=17319 blit_us=4769
[1789104202192] [[32minfo[0m] [RasterAB] car=1 track=0 frame=14 mode=0 draw=131546 present=31442 track_us=12696 prepare=25083 raster=53995 blit=10600 player=35672 opponents=54136 upscale=20196 hud=3322 crc=1041451617
[1789104202201] [[32minfo[0m] [RasterAB] car=1 track=0 frame=14 mode=1 draw=123544 present=31446 track_us=12858 prepare=25267 raster=44459 blit=10681 player=33640 opponents=48061 upscale=20182 hud=3330 crc=1041451617
[1789104202540] [[32minfo[0m] [RasterAB] car=1 track=0 frame=15 mode=0 draw=106654 present=31435 track_us=11695 prepare=16730 raster=33672 blit=6993 player=40083 opponents=25856 upscale=20194 hud=3419 crc=1761276130
[1789104202549] [[32minfo[0m] [RasterAB] car=1 track=0 frame=15 mode=1 draw=102108 present=31440 track_us=11744 prepare=16760 raster=28350 blit=7058 player=36087 opponents=24628 upscale=20698 hud=3425 crc=1761276130
[1789104202952] [[32minfo[0m] [RasterAB] car=1 track=0 frame=16 mode=0 draw=141515 present=31458 track_us=14371 prepare=25198 raster=58543 blit=14239 player=38717 opponents=59401 upscale=20177 hud=3322 crc=2855537100
[1789104202961] [[32minfo[0m] [RasterAB] car=1 track=0 frame=16 mode=1 draw=130853 present=31479 track_us=14348 prepare=25090 raster=48095 blit=14247 player=34999 opponents=52564 upscale=20177 hud=3319 crc=2855537100
[1789104203183] [[32minfo[0m] [PaintStage] rows=152 clear_us=524 fill_us=6041 copy_us=3649
[1789104203184] [[32minfo[0m] [TrackStage] project_us=4364 paint_us=11430 lines_us=12 wireframe=false
[1789104203304] [[32minfo[0m] [RaceStage] track_us=21883 cars_us=93696 upscale_us=20197 scene_width=234 surfaces=132 cars=3 track_id=0 player_car=1 submitted=3 player_us=37807 opponents_us=55481 player_native=true prepare_us=25155 raster_us=56364 blit_us=11632 candidate_rows_before=4032 candidate_rows_after=1512
[1789104203325] [[32minfo[0m] [HudStage] map_us=1395 total_us=3353 map_cached=true
[1789104203385] [[32minfo[0m] [RasterAB] car=1 track=0 frame=17 mode=0 draw=165838 present=31435 track_us=21883 prepare=25155 raster=56364 blit=11632 player=37807 opponents=55481 upscale=20197 hud=7594 crc=763129684
[1789104203394] [[32minfo[0m] [RasterAB] car=1 track=0 frame=17 mode=1 draw=127030 present=31438 track_us=14847 prepare=25197 raster=46007 blit=11522 player=33916 opponents=48950 upscale=20440 hud=3351 crc=763129684
[1789104203793] [[32minfo[0m] [RasterAB] car=1 track=0 frame=18 mode=0 draw=139521 present=31486 track_us=13430 prepare=25177 raster=59283 blit=12464 player=38500 opponents=58559 upscale=20182 hud=3307 crc=1755425831
[1789104203802] [[32minfo[0m] [RasterAB] car=1 track=0 frame=18 mode=1 draw=128709 present=31465 track_us=13418 prepare=25115 raster=48617 blit=12442 player=34645 opponents=51664 upscale=20191 hud=3358 crc=1755425831
[1789104204141] [[32minfo[0m] [RasterAB] car=1 track=0 frame=19 mode=0 draw=106601 present=31448 track_us=13311 prepare=16750 raster=31338 blit=7354 player=37804 opponents=26172 upscale=20422 hud=3443 crc=26811952
[1789104204150] [[32minfo[0m] [RasterAB] car=1 track=0 frame=19 mode=1 draw=101693 present=31441 track_us=13309 prepare=16770 raster=26587 blit=7350 player=34158 opponents=25053 upscale=20190 hud=3427 crc=26811952
[1789104204202] [[32minfo[0m] [CarStage] car=2 panels=607 vertices=801 tiles=1 prepare_us=6392 raster_us=8749 blit_us=2008
[1789104204539] [[32minfo[0m] [RasterAB] car=1 track=0 frame=20 mode=0 draw=135576 present=31450 track_us=11147 prepare=25312 raster=56092 blit=12661 player=38603 opponents=56712 upscale=20234 hud=3312 crc=622481537
[1789104204548] [[32minfo[0m] [RasterAB] car=1 track=0 frame=20 mode=1 draw=123381 present=31443 track_us=11134 prepare=25052 raster=45902 blit=12215 player=34405 opponents=48897 upscale=20185 hud=3300 crc=622481537
[1789104204970] [[32minfo[0m] [RasterAB] car=1 track=0 frame=21 mode=0 draw=150842 present=31449 track_us=23502 prepare=25089 raster=58306 blit=14846 player=40192 opponents=58180 upscale=20180 hud=3328 crc=2118962787
[1789104204979] [[32minfo[0m] [RasterAB] car=1 track=0 frame=21 mode=1 draw=140519 present=31450 track_us=23543 prepare=25109 raster=47840 blit=14801 player=36198 opponents=51685 upscale=20211 hud=3351 crc=2118962787
[1789104205238] [[32minfo[0m] [PaintStage] rows=138 clear_us=486 fill_us=12070 copy_us=3653
[1789104205239] [[32minfo[0m] [TrackStage] project_us=7452 paint_us=17452 lines_us=14 wireframe=false
[1789104205359] [[32minfo[0m] [RaceStage] track_us=31059 cars_us=93239 upscale_us=20266 scene_width=234 surfaces=370 cars=3 track_id=0 player_car=1 submitted=3 player_us=36881 opponents_us=55926 player_native=true prepare_us=25107 raster_us=45661 blit_us=21895 candidate_rows_before=12880 candidate_rows_after=3090
[1789104205379] [[32minfo[0m] [HudStage] map_us=1393 total_us=3376 map_cached=true
[1789104205440] [[32minfo[0m] [RasterAB] car=1 track=0 frame=22 mode=0 draw=154779 present=31468 track_us=23925 prepare=25389 raster=55023 blit=21243 player=40104 opponents=61684 upscale=20204 hud=3309 crc=895291273
[1789104205449] [[32minfo[0m] [RasterAB] car=1 track=0 frame=22 mode=1 draw=174715 present=31469 track_us=31059 prepare=25107 raster=45661 blit=21895 player=36881 opponents=55926 upscale=20266 hud=7574 crc=895291273
[1789104205798] [[32minfo[0m] [RasterAB] car=1 track=0 frame=23 mode=0 draw=111192 present=31457 track_us=20939 prepare=16617 raster=29535 blit=6547 player=35587 opponents=25637 upscale=20183 hud=3418 crc=1071520553
[1789104205807] [[32minfo[0m] [RasterAB] car=1 track=0 frame=23 mode=1 draw=107134 present=31464 track_us=20947 prepare=16678 raster=25362 blit=6479 player=32343 opponents=24692 upscale=20206 hud=3433 crc=1071520553
[1789104206206] [[32minfo[0m] [RasterAB] car=1 track=0 frame=24 mode=0 draw=138763 present=31455 track_us=16646 prepare=25160 raster=53750 blit=14015 player=37052 opponents=56003 upscale=20181 hud=3329 crc=1156298320
[1789104206215] [[32minfo[0m] [RasterAB] car=1 track=0 frame=24 mode=1 draw=129470 present=31487 track_us=16864 prepare=25073 raster=44413 blit=14029 player=33798 opponents=49843 upscale=20191 hud=3298 crc=1156298320
[1789104206234] [[32minfo[0m] [RasterAB] GROUP car=1 track=0 mismatches=0 stack_free=2516
[1789104206290] [[32minfo[0m] [CarStage] car=2 panels=607 vertices=801 tiles=1 prepare_us=6218 raster_us=9699 blit_us=2252
[1789104207061] [[32minfo[0m] [RasterAB] car=1 track=1 frame=1 mode=0 draw=150645 present=31713 track_us=15558 prepare=24903 raster=61407 blit=19658 player=39081 opponents=67025 upscale=20196 hud=3348 crc=1444525588
[1789104207070] [[32minfo[0m] [RasterAB] car=1 track=1 frame=1 mode=1 draw=139520 present=31470 track_us=15561 prepare=24868 raster=50263 blit=19706 player=35148 opponents=59825 upscale=20189 hud=3357 crc=1444525588
[1789104207312] [[32minfo[0m] [PaintStage] rows=135 clear_us=460 fill_us=8749 copy_us=3421
[1789104207313] [[32minfo[0m] [TrackStage] project_us=5777 paint_us=13853 lines_us=14 wireframe=false
[1789104207425] [[32minfo[0m] [RaceStage] track_us=25722 cars_us=85607 upscale_us=20213 scene_width=234 surfaces=230 cars=3 track_id=1 player_car=1 submitted=3 player_us=36197 opponents_us=48962 player_native=true prepare_us=24896 raster_us=44772 blit_us=15359 candidate_rows_before=11088 candidate_rows_after=2945
[1789104207446] [[32minfo[0m] [HudStage] map_us=1430 total_us=3388 map_cached=true
[1789104207506] [[32minfo[0m] [RasterAB] car=1 track=1 frame=2 mode=0 draw=142766 present=31828 track_us=18630 prepare=24978 raster=54590 blit=15331 player=39619 opponents=55418 upscale=20201 hud=3321 crc=2567757501
[1789104207515] [[32minfo[0m] [RasterAB] car=1 track=1 frame=2 mode=1 draw=161826 present=31462 track_us=25722 prepare=24896 raster=44772 blit=15359 player=36197 opponents=48962 upscale=20213 hud=7562 crc=2567757501
[1789104207858] [[32minfo[0m] [RasterAB] car=1 track=1 frame=3 mode=0 draw=108128 present=31435 track_us=19048 prepare=16729 raster=29062 blit=5571 player=34283 opponents=25653 upscale=20213 hud=3452 crc=996628663
[1789104207867] [[32minfo[0m] [RasterAB] car=1 track=1 frame=3 mode=1 draw=104040 present=31453 track_us=19104 prepare=16737 raster=24773 blit=5607 player=31071 opponents=24608 upscale=20195 hud=3500 crc=996628663
[1789104208234] [[32minfo[0m] [RasterAB] car=1 track=1 frame=4 mode=0 draw=121634 present=31729 track_us=18821 prepare=25242 raster=42026 blit=6161 player=29415 opponents=44153 upscale=20244 hud=3362 crc=1936400239
[1789104208243] [[32minfo[0m] [RasterAB] car=1 track=1 frame=4 mode=1 draw=115387 present=31448 track_us=18822 prepare=25200 raster=35967 blit=6147 player=27050 opponents=40399 upscale=20198 hud=3354 crc=1936400239
[1789104208297] [[32minfo[0m] [CarStage] car=2 panels=607 vertices=801 tiles=1 prepare_us=6407 raster_us=7518 blit_us=1617
[1789104208620] [[32minfo[0m] [RasterAB] car=1 track=1 frame=5 mode=0 draw=126385 present=31453 track_us=13983 prepare=25137 raster=48484 blit=9593 player=33001 opponents=50350 upscale=20186 hud=3333 crc=2451456550
[1789104208629] [[32minfo[0m] [RasterAB] car=1 track=1 frame=5 mode=1 draw=120089 present=31487 track_us=13988 prepare=25371 raster=40122 blit=9668 player=30339 opponents=46051 upscale=20210 hud=3344 crc=2451456550
[1789104209024] [[32minfo[0m] [RasterAB] car=1 track=1 frame=6 mode=0 draw=137476 present=31496 track_us=12678 prepare=25268 raster=58479 blit=11755 player=38412 opponents=57222 upscale=20190 hud=3348 crc=887917285
[1789104209033] [[32minfo[0m] [RasterAB] car=1 track=1 frame=6 mode=1 draw=126817 present=31461 track_us=12696 prepare=25201 raster=47918 blit=11756 player=34472 opponents=50536 upscale=20172 hud=3408 crc=887917285
[1789104209374] [[32minfo[0m] [RasterAB] car=1 track=1 frame=7 mode=0 draw=107875 present=31446 track_us=12743 prepare=16786 raster=32838 blit=7177 player=39248 opponents=26134 upscale=20686 hud=3520 crc=1139949161
[1789104209383] [[32minfo[0m] [RasterAB] car=1 track=1 frame=7 mode=1 draw=102296 present=31448 track_us=12744 prepare=16837 raster=27658 blit=7179 player=35237 opponents=24988 upscale=20180 hud=3494 crc=1139949161
[1789104209420] [[32minfo[0m] [PaintStage] rows=136 clear_us=465 fill_us=5057 copy_us=3476
[1789104209421] [[32minfo[0m] [TrackStage] project_us=4136 paint_us=10126 lines_us=12 wireframe=false
[1789104209543] [[32minfo[0m] [RaceStage] track_us=20353 cars_us=95250 upscale_us=20195 scene_width=234 surfaces=100 cars=3 track_id=1 player_car=1 submitted=3 player_us=39032 opponents_us=55762 player_native=true prepare_us=25187 raster_us=57530 blit_us=11947 candidate_rows_before=3024 candidate_rows_after=1477
[1789104209564] [[32minfo[0m] [HudStage] map_us=1479 total_us=3413 map_cached=true
[1789104209806] [[32minfo[0m] [RasterAB] car=1 track=1 frame=8 mode=0 draw=166096 present=31445 track_us=20353 prepare=25187 raster=57530 blit=11947 player=39032 opponents=55762 upscale=20195 hud=7570 crc=1295025074
[1789104209815] [[32minfo[0m] [RasterAB] car=1 track=1 frame=8 mode=1 draw=126583 present=31449 track_us=13329 prepare=25246 raster=46784 blit=11989 player=35139 opponents=49014 upscale=20178 hud=3337 crc=1295025074
[1789104210236] [[32minfo[0m] [RasterAB] car=1 track=1 frame=9 mode=0 draw=150832 present=31462 track_us=14929 prepare=25216 raster=64267 blit=17186 player=45597 opponents=61212 upscale=20181 hud=3359 crc=3780402565
[1789104210245] [[32minfo[0m] [RasterAB] car=1 track=1 frame=9 mode=1 draw=138937 present=31489 track_us=14934 prepare=25239 raster=52350 blit=17114 player=41134 opponents=53701 upscale=20182 hud=3352 crc=3780402565
[1789104210307] [[32minfo[0m] [CarStage] car=2 panels=607 vertices=801 tiles=1 prepare_us=6347 raster_us=9058 blit_us=2858
[1789104210658] [[32minfo[0m] [RasterAB] car=1 track=1 frame=10 mode=0 draw=147268 present=31476 track_us=19372 prepare=25276 raster=56687 blit=15221 player=38901 opponents=59520 upscale=20233 hud=3365 crc=1398233194
[1789104210667] [[32minfo[0m] [RasterAB] car=1 track=1 frame=10 mode=1 draw=135572 present=31478 track_us=19352 prepare=25232 raster=46615 blit=15163 player=35182 opponents=51960 upscale=20204 hud=3360 crc=1398233194
[1789104211012] [[32minfo[0m] [RasterAB] car=1 track=1 frame=11 mode=0 draw=108800 present=31469 track_us=19715 prepare=25240 raster=28042 blit=6649 player=33157 opponents=26903 upscale=20194 hud=3318 crc=1033913548
[1789104211021] [[32minfo[0m] [RasterAB] car=1 track=1 frame=11 mode=1 draw=105274 present=31447 track_us=19744 prepare=25207 raster=24378 blit=6680 player=30299 opponents=26095 upscale=20222 hud=3302 crc=1033913548
[1789104211392] [[32minfo[0m] [RasterAB] car=1 track=1 frame=12 mode=0 draw=123387 present=31482 track_us=18666 prepare=25243 raster=43013 blit=7193 player=30073 opponents=45513 upscale=20194 hud=3305 crc=1257169536
[1789104211401] [[32minfo[0m] [RasterAB] car=1 track=1 frame=12 mode=1 draw=117157 present=31485 track_us=18601 prepare=25194 raster=36359 blit=7259 player=27785 opponents=41166 upscale=20697 hud=3340 crc=1257169536
[1789104211439] [[32minfo[0m] [PaintStage] rows=180 clear_us=618 fill_us=5234 copy_us=4497
[1789104211440] [[32minfo[0m] [TrackStage] project_us=3591 paint_us=11498 lines_us=12 wireframe=false
[1789104211544] [[32minfo[0m] [RaceStage] track_us=21228 cars_us=77067 upscale_us=20198 scene_width=234 surfaces=61 cars=3 track_id=1 player_car=1 submitted=3 player_us=30697 opponents_us=45922 player_native=true prepare_us=25192 raster_us=41001 blit_us=10296 candidate_rows_before=2240 candidate_rows_after=1048
[1789104211564] [[32minfo[0m] [HudStage] map_us=1454 total_us=3400 map_cached=true
[1789104211808] [[32minfo[0m] [RasterAB] car=1 track=1 frame=13 mode=0 draw=128044 present=31487 track_us=14138 prepare=25276 raster=49108 blit=10291 player=33580 opponents=51227 upscale=20187 hud=3318 crc=2716982440
[1789104211817] [[32minfo[0m] [RasterAB] car=1 track=1 frame=13 mode=1 draw=148674 present=31424 track_us=21228 prepare=25192 raster=41001 blit=10296 player=30697 opponents=45922 upscale=20198 hud=7581 crc=2716982440
[1789104212204] [[32minfo[0m] [RasterAB] car=1 track=1 frame=14 mode=0 draw=132833 present=31466 track_us=12916 prepare=25268 raster=54595 blit=10786 player=36183 opponents=54601 upscale=20198 hud=3335 crc=3357671780
[1789104212213] [[32minfo[0m] [RasterAB] car=1 track=1 frame=14 mode=1 draw=123144 present=31469 track_us=12916 prepare=25239 raster=44747 blit=10748 player=32759 opponents=48119 upscale=20189 hud=3386 crc=3357671780
[1789104212324] [[32minfo[0m] [CarStage] car=1 panels=1021 vertices=1354 tiles=1 prepare_us=10429 raster_us=21601 blit_us=4945
[1789104212558] [[32minfo[0m] [RasterAB] car=1 track=1 frame=15 mode=0 draw=108720 present=31478 track_us=11932 prepare=16810 raster=35697 blit=6554 player=41427 opponents=26223 upscale=20183 hud=3481 crc=1084655116
[1789104212567] [[32minfo[0m] [RasterAB] car=1 track=1 frame=15 mode=1 draw=104996 present=31442 track_us=11967 prepare=16807 raster=29973 blit=6555 player=38187 opponents=24974 upscale=20727 hud=3530 crc=1084655116
[1789104212974] [[32minfo[0m] [RasterAB] car=1 track=1 frame=16 mode=0 draw=143816 present=31481 track_us=12369 prepare=25320 raster=63349 blit=13436 player=40032 opponents=62205 upscale=20191 hud=3385 crc=1771139936
[1789104212983] [[32minfo[0m] [RasterAB] car=1 track=1 frame=16 mode=1 draw=131962 present=31462 track_us=12345 prepare=25200 raster=51692 blit=13463 player=35963 opponents=54522 upscale=20170 hud=3410 crc=1771139936
[1789104213389] [[32minfo[0m] [RasterAB] car=1 track=1 frame=17 mode=0 draw=142896 present=31451 track_us=16298 prepare=25273 raster=57314 blit=14815 player=38765 opponents=58778 upscale=20195 hud=3343 crc=350063771
[1789104213398] [[32minfo[0m] [RasterAB] car=1 track=1 frame=17 mode=1 draw=132443 present=31479 track_us=16312 prepare=25506 raster=46564 blit=14742 player=34565 opponents=52380 upscale=20191 hud=3339 crc=350063771
[1789104213566] [[32minfo[0m] [HudStage] map_us=1397 total_us=3348 map_cached=true
[1789104213645] [[32minfo[0m] [PaintStage] rows=132 clear_us=452 fill_us=7909 copy_us=3390
[1789104213646] [[32minfo[0m] [TrackStage] project_us=5102 paint_us=12951 lines_us=14 wireframe=false
[1789104213765] [[32minfo[0m] [RaceStage] track_us=24105 cars_us=92561 upscale_us=20176 scene_width=234 surfaces=171 cars=3 track_id=1 player_car=1 submitted=3 player_us=36429 opponents_us=55667 player_native=true prepare_us=25252 raster_us=47994 blit_us=18718 candidate_rows_before=7616 candidate_rows_after=2491
[1789104213842] [[32minfo[0m] [RasterAB] car=1 track=1 frame=18 mode=0 draw=150080 present=31438 track_us=17070 prepare=25216 raster=58640 blit=18753 player=40409 opponents=62337 upscale=20165 hud=4489 crc=834704373
[1789104213851] [[32minfo[0m] [RasterAB] car=1 track=1 frame=18 mode=1 draw=162942 present=31462 track_us=24105 prepare=25252 raster=47994 blit=18718 player=36429 opponents=55667 upscale=20176 hud=3449 crc=834704373
[1789104214194] [[32minfo[0m] [RasterAB] car=1 track=1 frame=19 mode=0 draw=108091 present=31436 track_us=19818 prepare=16784 raster=27684 blit=5955 player=33444 opponents=25521 upscale=20208 hud=3540 crc=532216354
[1789104214203] [[32minfo[0m] [RasterAB] car=1 track=1 frame=19 mode=1 draw=104288 present=31434 track_us=19840 prepare=16789 raster=23865 blit=5892 player=30479 opponents=24631 upscale=20226 hud=3507 crc=532216354
[1789104214345] [[32minfo[0m] [CarStage] car=3 panels=793 vertices=1226 tiles=1 prepare_us=8480 raster_us=18468 blit_us=3085
[1789104214579] [[32minfo[0m] [RasterAB] car=1 track=1 frame=20 mode=0 draw=127537 present=31427 track_us=19404 prepare=25261 raster=44438 blit=7372 player=30940 opponents=47365 upscale=20692 hud=3446 crc=3405262131
[1789104214588] [[32minfo[0m] [RasterAB] car=1 track=1 frame=20 mode=1 draw=118292 present=31465 track_us=19363 prepare=25162 raster=37269 blit=7323 player=28122 opponents=41762 upscale=20201 hud=3323 crc=3405262131
[1789104214968] [[32minfo[0m] [RasterAB] car=1 track=1 frame=21 mode=0 draw=128846 present=31477 track_us=13545 prepare=25239 raster=50068 blit=10785 player=35122 opponents=51101 upscale=20207 hud=3330 crc=892185736
[1789104214977] [[32minfo[0m] [RasterAB] car=1 track=1 frame=21 mode=1 draw=120520 present=31461 track_us=13557 prepare=25228 raster=41667 blit=10738 player=31938 opponents=45831 upscale=20192 hud=3378 crc=892185736
[1789104215374] [[32minfo[0m] [RasterAB] car=1 track=1 frame=22 mode=0 draw=137962 present=31452 track_us=14387 prepare=25312 raster=56679 blit=12203 player=36854 opponents=57474 upscale=20207 hud=3388 crc=3627949931
[1789104215383] [[32minfo[0m] [RasterAB] car=1 track=1 frame=22 mode=1 draw=128391 present=31479 track_us=14361 prepare=25264 raster=47258 blit=12229 player=34082 opponents=50807 upscale=20204 hud=3395 crc=3627949931
[1789104215667] [[32minfo[0m] [HudStage] map_us=1452 total_us=3489 map_cached=true
[1789104215724] [[32minfo[0m] [RasterAB] car=1 track=1 frame=23 mode=0 draw=107883 present=31463 track_us=13830 prepare=16734 raster=30981 blit=7482 player=38107 opponents=25678 upscale=20174 hud=4554 crc=341525363
[1789104215732] [[32minfo[0m] [RasterAB] car=1 track=1 frame=23 mode=1 draw=102222 present=31444 track_us=13861 prepare=16799 raster=26206 blit=7469 player=34393 opponents=24641 upscale=20179 hud=3498 crc=341525363
[1789104215770] [[32minfo[0m] [PaintStage] rows=141 clear_us=497 fill_us=5547 copy_us=3564
[1789104215771] [[32minfo[0m] [TrackStage] project_us=3974 paint_us=10783 lines_us=16 wireframe=false
[1789104215908] [[32minfo[0m] [RaceStage] track_us=20831 cars_us=110636 upscale_us=20208 scene_width=234 surfaces=98 cars=3 track_id=1 player_car=1 submitted=3 player_us=45001 opponents_us=65177 player_native=true prepare_us=25227 raster_us=66276 blit_us=18544 candidate_rows_before=7616 candidate_rows_after=1720
[1789104216182] [[32minfo[0m] [RasterAB] car=1 track=1 frame=24 mode=0 draw=177815 present=31449 track_us=20831 prepare=25227 raster=66276 blit=18544 player=45001 opponents=65177 upscale=20208 hud=3491 crc=1320059617
[1789104216191] [[32minfo[0m] [RasterAB] car=1 track=1 frame=24 mode=1 draw=140947 present=31509 track_us=13756 prepare=25295 raster=53892 blit=18512 player=40406 opponents=57423 upscale=20444 hud=3405 crc=1320059617
[1789104216210] [[32minfo[0m] [RasterAB] GROUP car=1 track=1 mismatches=0 stack_free=2516
[1789104216361] [[32minfo[0m] [CarStage] car=3 panels=793 vertices=1226 tiles=1 prepare_us=8316 raster_us=23462 blit_us=8281
[1789104216971] [[32minfo[0m] [RasterAB] car=1 track=2 frame=1 mode=0 draw=131951 present=31472 track_us=12326 prepare=24845 raster=55586 blit=10347 player=35295 opponents=55604 upscale=20200 hud=3232 crc=2152178819
[1789104216980] [[32minfo[0m] [RasterAB] car=1 track=2 frame=1 mode=1 draw=122422 present=31412 track_us=12318 prepare=24859 raster=45988 blit=10334 player=31912 opponents=49385 upscale=20207 hud=3281 crc=2152178819
[1789104217371] [[32minfo[0m] [RasterAB] car=1 track=2 frame=2 mode=0 draw=135709 present=31450 track_us=12275 prepare=25208 raster=57665 blit=11643 player=38735 opponents=55909 upscale=20206 hud=3204 crc=3747025231
[1789104217380] [[32minfo[0m] [RasterAB] car=1 track=2 frame=2 mode=1 draw=125328 present=31456 track_us=12239 prepare=25270 raster=46879 blit=12153 player=35396 opponents=49038 upscale=20186 hud=3203 crc=3747025231
[1789104217669] [[32minfo[0m] [HudStage] map_us=1279 total_us=3379 map_cached=true
[1789104217726] [[32minfo[0m] [RasterAB] car=1 track=2 frame=3 mode=0 draw=111002 present=31447 track_us=10765 prepare=16805 raster=37987 blit=6872 player=43657 opponents=26694 upscale=20175 hud=4438 crc=2002738606
[1789104217734] [[32minfo[0m] [RasterAB] car=1 track=2 frame=3 mode=1 draw=103863 present=31453 track_us=10809 prepare=16797 raster=31765 blit=6838 player=38743 opponents=25360 upscale=20198 hud=3361 crc=2002738606
[1789104217782] [[32minfo[0m] [PaintStage] rows=232 clear_us=803 fill_us=11161 copy_us=5564
[1789104217783] [[32minfo[0m] [TrackStage] project_us=5778 paint_us=18816 lines_us=10 wireframe=false
[1789104217914] [[32minfo[0m] [RaceStage] track_us=30747 cars_us=104458 upscale_us=20225 scene_width=234 surfaces=330 cars=3 track_id=2 player_car=1 submitted=3 player_us=39844 opponents_us=64296 player_native=true prepare_us=25212 raster_us=64518 blit_us=14272 candidate_rows_before=2352 candidate_rows_after=1050
[1789104218192] [[32minfo[0m] [RasterAB] car=1 track=2 frame=4 mode=0 draw=181369 present=31457 track_us=30747 prepare=25212 raster=64518 blit=14272 player=39844 opponents=64296 upscale=20225 hud=3311 crc=2049496915
[1789104218201] [[32minfo[0m] [RasterAB] car=1 track=2 frame=4 mode=1 draw=144845 present=31463 track_us=23577 prepare=25235 raster=52939 blit=14223 player=35775 opponents=56753 upscale=20223 hud=3235 crc=2049496915
[1789104218453] [[32minfo[0m] [CarStage] car=2 panels=607 vertices=801 tiles=1 prepare_us=6343 raster_us=8952 blit_us=3039
[1789104218615] [[32minfo[0m] [RasterAB] car=1 track=2 frame=5 mode=0 draw=147085 present=31444 track_us=17244 prepare=25172 raster=56691 blit=17975 player=43048 opponents=58037 upscale=20209 hud=3199 crc=2179406149
[1789104218624] [[32minfo[0m] [RasterAB] car=1 track=2 frame=5 mode=1 draw=136364 present=31413 track_us=17284 prepare=25291 raster=46347 blit=17953 player=39303 opponents=50430 upscale=20690 hud=3242 crc=2179406149
[1789104219015] [[32minfo[0m] [RasterAB] car=1 track=2 frame=6 mode=0 draw=135486 present=31451 track_us=12249 prepare=25200 raster=57025 blit=12078 player=38236 opponents=56193 upscale=20191 hud=3220 crc=2601402572
[1789104219024] [[32minfo[0m] [RasterAB] car=1 track=2 frame=6 mode=1 draw=124974 present=31434 track_us=12196 prepare=25217 raster=46650 blit=12061 player=34249 opponents=49804 upscale=20189 hud=3233 crc=2601402572
ESP-ROM:esp32s3-20210327
Build:Mar 27 2021
rst:0x15 (USB_UART_CHIP_RESET),boot:0xb (SPI_FAST_FLASH_BOOT)
Saved PC:0x4201e5ba
SPIWP:0xee
mode:DIO, clock div:1
load:0x3fce2820,len:0x14f0
load:0x403c8700,len:0xd24
load:0x403cb700,len:0x2ef0
entry 0x403c8924
[0;32mI (24) boot: ESP-IDF v5.5.4 2nd stage bootloader[0m
[0;32mI (24) boot: compile time Aug  8 2026 12:48:04[0m
[0;32mI (25) boot: Multicore bootloader[0m
[0;32mI (25) boot: chip revision: v0.2[0m
[0;32mI (27) boot: efuse block revision: v1.4[0m
[0;32mI (31) boot.esp32s3: Boot SPI Speed : 80MHz[0m
[0;32mI (35) boot.esp32s3: SPI Mode       : DIO[0m
[0;32mI (39) boot.esp32s3: SPI Flash Size : 16MB[0m
[0;32mI (43) boot: Enabling RNG early entropy source...[0m
[0;32mI (47) boot: Partition Table:[0m
[0;32mI (50) boot: ## Label            Usage          Type ST Offset   Length[0m
[0;32mI (56) boot:  0 nvs              WiFi data        01 02 00009000 00004000[0m
[0;32mI (62) boot:  1 otadata          OTA data         01 00 0000d000 00002000[0m
[0;32mI (69) boot:  2 phy_init         RF data          01 01 0000f000 00001000[0m
[0;32mI (75) boot:  3 ota_0            OTA app          00 10 00020000 004f0000[0m
[0;32mI (82) boot:  4 ota_1            OTA app          00 11 00510000 004f0000[0m
[0;32mI (89) boot:  5 storage          Unknown data     01 81 00a00000 00400000[0m
[0;32mI (95) boot:  6 coredump         Unknown data     01 03 00e00000 00010000[0m
[0;32mI (102) boot: End of partition table[0m
[0;32mI (105) esp_image: segment 0: paddr=00020020 vaddr=3c160020 size=4f97ch (326012) map[0m
[0;32mI (170) esp_image: segment 1: paddr=0006f9a4 vaddr=3fc9e600 size=00674h (  1652) load[0m
[0;32mI (171) esp_image: segment 2: paddr=00070020 vaddr=42000020 size=15c198h (1425816) map[0m
[0;32mI (425) esp_image: segment 3: paddr=001cc1c0 vaddr=3fc9ec74 size=051c8h ( 20936) load[0m
[0;32mI (430) esp_image: segment 4: paddr=001d1390 vaddr=40374000 size=1a59ch (107932) load[0m
[0;32mI (453) esp_image: segment 5: paddr=001eb934 vaddr=50000000 size=00020h (    32) load[0m
[0;32mI (464) boot: Loaded app from partition at offset 0x20000[0m
[0;32mI (464) boot: Disabling RNG early entropy source...[0m
[0;32mI (475) octal_psram: vendor id    : 0x0d (AP)[0m
[0;32mI (475) octal_psram: dev id       : 0x02 (generation 3)[0m
[0;32mI (475) octal_psram: density      : 0x03 (64 Mbit)[0m
[0;32mI (477) octal_psram: good-die     : 0x01 (Pass)[0m
[0;32mI (481) octal_psram: Latency      : 0x01 (Fixed)[0m
[0;32mI (486) octal_psram: VCC          : 0x01 (3V)[0m
[0;32mI (490) octal_psram: SRF          : 0x01 (Fast Refresh)[0m
[0;32mI (495) octal_psram: BurstType    : 0x01 (Hybrid Wrap)[0m
[0;32mI (499) octal_psram: BurstLen     : 0x01 (32 Byte)[0m
[0;32mI (504) octal_psram: Readlatency  : 0x02 (10 cycles@Fixed)[0m
[0;32mI (509) octal_psram: DriveStrength: 0x00 (1/1)[0m
[0;32mI (513) MSPI Timing: Enter psram timing tuning[0m
[0;32mI (518) esp_psram: Found 8MB PSRAM device[0m
[0;32mI (521) esp_psram: Speed: 80MHz[0m
[0;32mI (524) cpu_start: Multicore app[0m
[0;32mI (960) esp_psram: SPI SRAM memory test OK[0m
[0;32mI (968) cpu_start: GPIO 44 and 43 are used as console UART I/O pins[0m
[0;32mI (969) cpu_start: Pro cpu start user code[0m
[0;32mI (969) cpu_start: cpu freq: 240000000 Hz[0m
[0;32mI (970) app_init: Application information:[0m
[0;32mI (974) app_init: Project name:     StopWatch-UserDemo[0m
[0;32mI (979) app_init: App version:      V0.5-167-ga86706b-dirty[0m
[0;32mI (984) app_init: Compile time:     Sep 11 2026 13:21:48[0m
[0;32mI (989) app_init: ELF file SHA256:  a097042ce...[0m
[0;32mI (994) app_init: ESP-IDF:          v5.5.4[0m
[0;32mI (998) efuse_init: Min chip rev:     v0.0[0m
[0;32mI (1001) efuse_init: Max chip rev:     v0.99 [0m
[0;32mI (1005) efuse_init: Chip rev:         v0.2[0m
[0;32mI (1009) heap_init: Initializing. RAM available for dynamic allocation:[0m
[0;32mI (1016) heap_init: At 3FCAC388 len 0003D388 (244 KiB): RAM[0m
[0;32mI (1021) heap_init: At 3FCE9710 len 00005724 (21 KiB): RAM[0m
[0;32mI (1026) heap_init: At 3FCF0000 len 00008000 (32 KiB): DRAM[0m
[0;32mI (1032) heap_init: At 600FE000 len 00001FE8 (7 KiB): RTCRAM[0m
[0;32mI (1037) esp_psram: Adding pool of 8192K of PSRAM memory to heap allocator[0m
[0;32mI (1044) spi_flash: detected chip: generic[0m
[0;32mI (1047) spi_flash: flash io: dio[0m
[0;32mI (1051) sleep_gpio: Configure to isolate all GPIO pins in sleep state[0m
[0;32mI (1057) sleep_gpio: Enable automatic switching of GPIO sleep configuration[0m
[0;32mI (1064) main_task: Started on CPU0[0m
[0;32mI (1067) esp_psram: Reserving pool of 32K of internal memory for DMA/internal allocations[0m
[0;32mI (1075) main_task: Calling app_main()[0m
[1789104220299] [[32minfo[0m] [HAL] creating hal instance
[1789104220304] [[32minfo[0m] [HAL] init
[1789104220316] [[32minfo[0m] [HAL] i2c init
[1;31mE (1097) i2c.master: this port has not been initialized, please initialize it first[0m
[0;32mI (1100) i2c_bus: i2c0 bus inited[0m
[0;32mI (1102) i2c_bus: I2C Bus V2 Config Succeed, Version: 1.5.0[0m
[0;32mI (1110) i2c_bus: found i2c device address = 0x15[0m
[0;32mI (1112) i2c_bus: found i2c device address = 0x18[0m
[0;32mI (1120) i2c_bus: found i2c device address = 0x32[0m
[0;32mI (1125) i2c_bus: found i2c device address = 0x4f[0m
[0;32mI (1128) i2c_bus: found i2c device address = 0x68[0m
[0;32mI (1130) i2c_bus: found i2c device address = 0x6e[0m
     0  1  2  3  4  5  6  7  8  9  a  b  c  d  e  f
00: -- -- -- -- -- -- -- -- -- -- -- -- -- -- -- -- 
10: -- -- -- -- -- 15 -- -- 18 -- -- -- -- -- -- -- 
20: -- -- -- -- -- -- -- -- -- -- -- -- -- -- -- -- 
30: -- -- 32 -- -- -- -- -- -- -- -- -- -- -- -- -- 
40: -- -- -- -- -- -- -- -- -- -- -- -- -- -- -- 4f 
50: -- -- -- -- -- -- -- -- -- -- -- -- -- -- -- -- 
60: -- -- -- -- -- -- -- -- 68 -- -- -- -- -- 6e -- 
70: -- -- -- -- -- -- -- -- -- -- -- -- -- -- -- -- 
[1789104220397] [[32minfo[0m] [HAL-PMIC] pmic init
[0;32mI (1195) M5PM1_SYS: Device: ID=0x50 MODEL=0x20 HW=0x05 SW=0x53(S)[0m
[0;32mI (1198) M5PM1_I2C: I2C config set and verified: sleep=0, speed=100K[0m
[0;32mI (1223) M5PM1_I2C: M5PM1 initialized at address 0x6E (I2C: 100000 Hz)[0m
[0;32mI (1225) M5PM1_I2C: I2C sleep time set and verified to 0[0m
[0;32mI (1228) M5PM1_I2C: I2C sleep time set and verified to 0[0m
[0;32mI (1232) M5PM1_SYS: Watchdog set to 0 sec[0m
[0;32mI (1236) M5PM1_PWR: Charge Enabled[0m
[0;32mI (1319) M5PM1_SYS: Single Reset: Disabled[0m
[1789104220544] [[32minfo[0m] [HAL-PMIC] start bat reading task
[1789104220545] [[32minfo[0m] [HAL-IOE] init
[0;32mI (1326) M5IOE1_I2C: Initializing M5IOE1 with 100KHz (device default)[0m
[0;32mI (1341) M5IOE1_SYS: Device UID: 0x2BF0, FW Version: 57[0m
[0;32mI (1342) M5IOE1_I2C: Current I2C speed matches user request (400K)[0m
[0;32mI (1343) M5IOE1_I2C: I2C config set and verified: sleep=0, speed=400K, wake=falling, pull=on[0m
[0;32mI (1360) M5IOE1_I2C: M5IOE1 initialized at address 0x4F (I2C: 400000 Hz)[0m
[0;32mI (1361) M5IOE1_IRQ: Interrupt mode -> POLLING (pause if I2C sleep on; resume when off)[0m
[1789104220584] [[32minfo[0m] [HAL-IOE] init success, addr: 0x4F
[0;32mI (1371) M5IOE1_I2C: I2C sleep time set and verified to 0[0m
[0;32mI (1376) M5IOE1_I2C: I2C sleep time set and verified to 0[0m
[0;32mI (1394) M5IOE1_GPIO: Pin 8 mode set and verified: OUTPUT (0x03)[0m
[0;32mI (1408) M5IOE1_GPIO: Pin 7 mode set and verified: OUTPUT (0x03)[0m
[0;32mI (1422) M5IOE1_GPIO: Pin 9 mode set and verified: OUTPUT (0x03)[0m
[0;32mI (1436) M5IOE1_GPIO: Pin 3 mode set and verified: OUTPUT (0x03)[0m
[0;32mI (1449) M5IOE1_GPIO: Pin 4 mode set and verified: OUTPUT (0x03)[0m
[0;32mI (1462) M5IOE1_GPIO: Pin 0 mode set and verified: OUTPUT (0x03)[0m
[0;32mI (1475) M5IOE1_GPIO: Pin 2 mode set and verified: OUTPUT (0x03)[0m
[0;32mI (1478) M5IOE1_GPIO: Pin 7 digital write and verified: 1[0m
[0;32mI (1480) M5IOE1_GPIO: Pin 3 digital write and verified: 1[0m
[0;32mI (1482) M5IOE1_GPIO: Pin 9 digital write and verified: 0[0m
[0;32mI (1487) M5IOE1_GPIO: Pin 4 digital write and verified: 1[0m
[0;32mI (1493) M5IOE1_GPIO: Pin 0 digital write and verified: 0[0m
[0;32mI (1498) M5IOE1_GPIO: Pin 2 digital write and verified: 1[0m
[0;32mI (1505) M5IOE1_PWM: PWM frequency set and verified: 5000 Hz[0m
[1789104220727] [[32minfo[0m] [HAL-IOE] start vibrator task
[0;32mI (1523) M5IOE1_PWM: PWM ch0 verified: duty=0 pol=Norm en=On[0m
[1789104220862] [[32minfo[0m] [HAL-Display] display init
[1789104221097] [[32minfo[0m] [HAL-Display] create full screen canvas
[1789104221111] [[32minfo[0m] [HAL-Display] brightness loaded from settings: 40
[1789104221112] [[32minfo[0m] [HAL-Display] touchpad init
[1789104221113] [[32minfo[0m] [HAL-IOE] touchpad reset
[0;32mI (1900) M5IOE1_GPIO: Pin 3 digital write and verified: 0[0m
[0;32mI (1913) M5IOE1_GPIO: Pin 3 digital write and verified: 1[0m
[0;32mI (1965) CST820: Chip ID: 0xb7, Soft Ver: 0x02[0m
[1789104221185] [[32minfo[0m] [HAL-Display] lvgl init
[1789104221193] [[32minfo[0m] [HAL-Audio] init
[1789104221196] [[32minfo[0m] [HAL-Audio] start audio play task
[1789104221197] [[32minfo[0m] [HAL-Audio] i2s init
[0;32mI (1987) ES8311: Work in Slave mode[0m
[0;32mI (1993) I2S_IF: channel mode 0 bits:16/16 channel:2 mask:1[0m
[0;32mI (1995) I2S_IF: STD Mode 1 bits:16/16 channel:2 sample_rate:44100 mask:1[0m
[0;32mI (1995) I2S_IF: channel mode 0 bits:16/16 channel:2 mask:1[0m
[0;32mI (2001) I2S_IF: STD Mode 0 bits:16/16 channel:2 sample_rate:44100 mask:1[0m
[0;32mI (2026) Adev_Codec: Open codec device OK[0m
[1789104221247] [[32minfo[0m] [HAL-IOE] set speaker enable
[0;32mI (2030) M5IOE1_GPIO: Pin 9 digital write and verified: 1[0m
[1789104221261] [[32minfo[0m] [HAL-Audio] volume loaded from settings: 0
[1789104221262] [[32minfo[0m] [HAL-Audio] set speaker volume to 0
[1789104221264] [[32minfo[0m] [HAL-IMU] init
[1789104222318] [[32minfo[0m] [HAL-RTC] init
[1789104222320] [[32minfo[0m] [HAL-RTC] load timezone from nvs: UTC-8
[1789104222000] [[32minfo[0m] [HAL-RTC] rtc synced to system (UTC): 2026-09-11 05:23:42
[1789104222002] [[32minfo[0m] [HAL-BTN] init
[1789104222007] [[32minfo[0m] [HAL-BTN] config loaded from settings: sfx=true, vibrate=true
[1789104222015] [[32minfo[0m] [HAL-FS] init
[0;32mI (3122) wear_levelling: Mounting FAT filesystem[0m
[0;32mI (3129) wear_levelling: Done[0m
[0;32mI (3130) WifiManager: Initializing...[0m
[0;32mI (3134) pp: pp rom version: e7ae62f[0m
[0;32mI (3136) net80211: net80211 rom version: e7ae62f[0m
[0;32mI (3142) wifi:wifi driver task: 3fccab3c, prio:23, stack:6656, core=0[0m
[0;32mI (3148) wifi:wifi firmware version: 0947e8b[0m
[0;32mI (3151) wifi:wifi certification version: v7.0[0m
[0;32mI (3155) wifi:config NVS flash: disabled[0m
[0;32mI (3158) wifi:config nano formatting: disabled[0m
[0;32mI (3163) wifi:Init data frame dynamic rx buffer num: 32[0m
[0;32mI (3168) wifi:Init static rx mgmt buffer num: 5[0m
[0;32mI (3172) wifi:Init management short buffer num: 32[0m
[0;32mI (3176) wifi:Init dynamic tx buffer num: 32[0m
[0;32mI (3180) wifi:Init static tx FG buffer num: 2[0m
[0;32mI (3184) wifi:Init static rx buffer size: 1600[0m
[0;32mI (3189) wifi:Init static rx buffer num: 10[0m
[0;32mI (3192) wifi:Init dynamic rx buffer num: 32[0m
[0;32mI (3197) wifi_init: rx ba win: 6[0m
[0;32mI (3199) wifi_init: accept mbox: 6[0m
[0;32mI (3203) wifi_init: tcpip mbox: 32[0m
[0;32mI (3206) wifi_init: udp mbox: 6[0m
[0;32mI (3209) wifi_init: tcp mbox: 6[0m
[0;32mI (3211) wifi_init: tcp tx win: 5760[0m
[0;32mI (3215) wifi_init: tcp rx win: 5760[0m
[0;32mI (3218) wifi_init: tcp mss: 1440[0m
[0;32mI (3221) wifi_init: WiFi IRAM OP enabled[0m
[0;32mI (3225) wifi_init: WiFi RX IRAM OP enabled[0m
[0;32mI (3229) WifiManager: Initialized[0m
[1789104222173] [[32minfo[0m] [RacerMemory] scene=234x233 requested_half=true
[1789104222206] [[32minfo[0m] [RacerMemory] track_rows_internal=true car_planes_internal=2 occlusion_rows_internal=true free_internal=85175 largest_internal=31744
[1789104222211] [[32minfo[0m] [RasterAB] BEGIN internal=84147 psram=5493908
[1789104222267] [[32minfo[0m] [RacerMaterial] texture_side=32 entries=20 fallback_panels=0 map_cached=true
[1789104222298] [[32minfo[0m] [PaintStage] rows=137 clear_us=466 fill_us=6867 copy_us=3460
[1789104222299] [[32minfo[0m] [TrackStage] project_us=5611 paint_us=11979 lines_us=14 wireframe=false
[1789104222324] [[32minfo[0m] [CarStage] car=1 panels=661 vertices=954 tiles=1 prepare_us=6847 raster_us=9470 blit_us=2141
[1789104222412] [[32minfo[0m] [RaceStage] track_us=23671 cars_us=86904 upscale_us=20239 scene_width=234 surfaces=193 cars=3 track_id=0 player_car=0 submitted=3 player_us=36673 opponents_us=49804 player_native=true prepare_us=22950 raster_us=48806 blit_us=13499 candidate_rows_before=9520 candidate_rows_after=1447
[1789104222433] [[32minfo[0m] [HudStage] map_us=1417 total_us=3367 map_cached=true
[1789104223020] [[32minfo[0m] [RasterAB] car=0 track=0 frame=1 mode=0 draw=121883 present=31473 track_us=13835 prepare=22962 raster=47757 blit=8370 player=33039 opponents=46179 upscale=20193 hud=3226 crc=1749195405
[1789104223029] [[32minfo[0m] [RasterAB] car=0 track=0 frame=1 mode=1 draw=114598 present=31426 track_us=13850 prepare=22941 raster=40387 blit=8388 player=30115 opponents=41739 upscale=20214 hud=3277 crc=1749195405
[1789104223402] [[32minfo[0m] [RasterAB] car=0 track=0 frame=2 mode=0 draw=124990 present=31466 track_us=12470 prepare=22938 raster=49392 blit=11070 player=35795 opponents=47734 upscale=20200 hud=3278 crc=1773045862
[1789104223411] [[32minfo[0m] [RasterAB] car=0 track=0 frame=2 mode=1 draw=116741 present=31461 track_us=12507 prepare=22885 raster=41186 blit=11048 player=32348 opponents=42905 upscale=20190 hud=3292 crc=1773045862
[1789104223736] [[32minfo[0m] [RasterAB] car=0 track=0 frame=3 mode=0 draw=99459 present=31437 track_us=11185 prepare=16773 raster=29094 blit=7205 player=34162 opponents=25144 upscale=20176 hud=3383 crc=1841761430
[1789104223744] [[32minfo[0m] [RasterAB] car=0 track=0 frame=3 mode=1 draw=95371 present=31464 track_us=11222 prepare=16805 raster=24892 blit=7176 player=31130 opponents=23939 upscale=20178 hud=3395 crc=1841761430
[1789104224115] [[32minfo[0m] [RasterAB] car=0 track=0 frame=4 mode=0 draw=123889 present=31439 track_us=15565 prepare=23317 raster=46760 blit=9077 player=33405 opponents=45881 upscale=20197 hud=3315 crc=149519075
[1789104224123] [[32minfo[0m] [RasterAB] car=0 track=0 frame=4 mode=1 draw=116567 present=31433 track_us=15532 prepare=23444 raster=39231 blit=9306 player=30467 opponents=41675 upscale=20194 hud=3289 crc=149519075
[1789104224335] [[32minfo[0m] [PaintStage] rows=141 clear_us=496 fill_us=5665 copy_us=3551
[1789104224336] [[32minfo[0m] [TrackStage] project_us=4347 paint_us=10917 lines_us=12 wireframe=false
[1789104224361] [[32minfo[0m] [CarStage] car=1 panels=661 vertices=954 tiles=1 prepare_us=7016 raster_us=9266 blit_us=1921
[1789104224445] [[32minfo[0m] [RaceStage] track_us=21329 cars_us=83030 upscale_us=20229 scene_width=234 surfaces=113 cars=3 track_id=0 player_car=0 submitted=3 player_us=35287 opponents_us=47297 player_native=true prepare_us=23408 raster_us=47733 blit_us=10202 candidate_rows_before=4480 candidate_rows_after=1519
[1789104224466] [[32minfo[0m] [HudStage] map_us=1438 total_us=3367 map_cached=true
[1789104224527] [[32minfo[0m] [RasterAB] car=0 track=0 frame=5 mode=0 draw=154686 present=31478 track_us=21329 prepare=23408 raster=47733 blit=10202 player=35287 opponents=47297 upscale=20229 hud=7546 crc=4084997255
[1789104224535] [[32minfo[0m] [RasterAB] car=0 track=0 frame=5 mode=1 draw=117257 present=31468 track_us=14302 prepare=23461 raster=40155 blit=10219 player=32185 opponents=41785 upscale=20177 hud=3256 crc=4084997255
[1789104224898] [[32minfo[0m] [RasterAB] car=0 track=0 frame=6 mode=0 draw=119174 present=31475 track_us=14083 prepare=23333 raster=45158 blit=7479 player=32010 opponents=44093 upscale=20193 hud=3280 crc=456129351
[1789104224906] [[32minfo[0m] [RasterAB] car=0 track=0 frame=6 mode=1 draw=111928 present=31467 track_us=14041 prepare=23387 raster=37965 blit=7490 player=29181 opponents=39794 upscale=20214 hud=3269 crc=456129351
[1789104225233] [[32minfo[0m] [RasterAB] car=0 track=0 frame=7 mode=0 draw=99690 present=31407 track_us=13143 prepare=17051 raster=29016 blit=5004 player=32776 opponents=24634 upscale=20206 hud=3505 crc=379590024
[1789104225241] [[32minfo[0m] [RasterAB] car=0 track=0 frame=7 mode=1 draw=95665 present=31704 track_us=13142 prepare=17067 raster=24973 blit=4942 player=29765 opponents=23596 upscale=20209 hud=3419 crc=379590024
[1789104225621] [[32minfo[0m] [RasterAB] car=0 track=0 frame=8 mode=0 draw=128745 present=31466 track_us=12518 prepare=23281 raster=48298 blit=15055 player=38721 opponents=48047 upscale=20192 hud=3319 crc=1620436820
[1789104225630] [[32minfo[0m] [RasterAB] car=0 track=0 frame=8 mode=1 draw=120043 present=31482 track_us=12443 prepare=23326 raster=40225 blit=15042 player=35349 opponents=43379 upscale=20171 hud=3281 crc=1620436820
[1789104226021] [[32minfo[0m] [RasterAB] car=0 track=0 frame=9 mode=0 draw=134458 present=31472 track_us=26925 prepare=23324 raster=47018 blit=8128 player=32937 opponents=45669 upscale=20205 hud=3289 crc=2235788088
[1789104226030] [[32minfo[0m] [RasterAB] car=0 track=0 frame=9 mode=1 draw=126708 present=31484 track_us=26964 prepare=23276 raster=39148 blit=8148 player=29833 opponents=40874 upscale=20191 hud=3320 crc=2235788088
[1789104226362] [[32minfo[0m] [CarStage] car=2 panels=607 vertices=801 tiles=1 prepare_us=6259 raster_us=14787 blit_us=3652
[1789104226422] [[32minfo[0m] [RasterAB] car=0 track=0 frame=10 mode=0 draw=133778 present=31454 track_us=25067 prepare=23357 raster=47553 blit=8617 player=33248 opponents=46414 upscale=20215 hud=3305 crc=1279954378
[1789104226431] [[32minfo[0m] [RasterAB] car=0 track=0 frame=10 mode=1 draw=127401 present=31415 track_us=25082 prepare=23272 raster=40066 blit=8614 player=30154 opponents=43031 upscale=20192 hud=3423 crc=1279954378
[1789104226477] [[32minfo[0m] [PaintStage] rows=232 clear_us=798 fill_us=9850 copy_us=5287
[1789104226478] [[32minfo[0m] [TrackStage] project_us=5628 paint_us=17132 lines_us=12 wireframe=false
[1789104226560] [[32minfo[0m] [RaceStage] track_us=28844 cars_us=55823 upscale_us=20194 scene_width=234 surfaces=231 cars=3 track_id=0 player_car=0 submitted=3 player_us=32053 opponents_us=23375 player_native=true prepare_us=17015 raster_us=26147 blit_us=5881 candidate_rows_before=3248 candidate_rows_after=1071
[1789104226580] [[32minfo[0m] [HudStage] map_us=1395 total_us=3466 map_cached=true
[1789104226808] [[32minfo[0m] [RasterAB] car=0 track=0 frame=11 mode=0 draw=110728 present=31453 track_us=21857 prepare=17026 raster=30463 blit=5869 player=35318 opponents=24444 upscale=20193 hud=3427 crc=2354601914
[1789104226817] [[32minfo[0m] [RasterAB] car=0 track=0 frame=11 mode=1 draw=135000 present=31466 track_us=28844 prepare=17015 raster=26147 blit=5881 player=32053 opponents=23375 upscale=20194 hud=7593 crc=2354601914
[1789104227197] [[32minfo[0m] [RasterAB] car=0 track=0 frame=12 mode=0 draw=128365 present=31470 track_us=17318 prepare=23388 raster=48530 blit=9946 player=34700 opponents=47302 upscale=20193 hud=3300 crc=1641324227
[1789104227206] [[32minfo[0m] [RasterAB] car=0 track=0 frame=12 mode=1 draw=121112 present=31467 track_us=18006 prepare=23334 raster=40693 blit=9962 player=31554 opponents=42555 upscale=20205 hud=3301 crc=1641324227
[1789104227580] [[32minfo[0m] [RasterAB] car=0 track=0 frame=13 mode=0 draw=125208 present=31483 track_us=14208 prepare=23403 raster=48678 blit=9856 player=34224 opponents=47856 upscale=20208 hud=3299 crc=2158543850
[1789104227589] [[32minfo[0m] [RasterAB] car=0 track=0 frame=13 mode=1 draw=118222 present=31463 track_us=14242 prepare=23398 raster=41065 blit=9833 player=31186 opponents=43245 upscale=20206 hud=3321 crc=2158543850
[1789104227960] [[32minfo[0m] [RasterAB] car=0 track=0 frame=14 mode=0 draw=123886 present=31498 track_us=12650 prepare=23361 raster=48362 blit=10391 player=35326 opponents=46924 upscale=20195 hud=3273 crc=1710952629
[1789104227969] [[32minfo[0m] [RasterAB] car=0 track=0 frame=14 mode=1 draw=115723 present=31457 track_us=12618 prepare=23370 raster=40302 blit=10353 player=32167 opponents=42013 upscale=20196 hud=3312 crc=1710952629
[1789104228305] [[32minfo[0m] [RasterAB] car=0 track=0 frame=15 mode=0 draw=105697 present=31448 track_us=11700 prepare=17101 raster=34401 blit=6994 player=40101 opponents=24836 upscale=20178 hud=3403 crc=39776378
[1789104228313] [[32minfo[0m] [RasterAB] car=0 track=0 frame=15 mode=1 draw=100351 present=31427 track_us=11730 prepare=17125 raster=28696 blit=6953 player=35589 opponents=23576 upscale=20415 hud=3492 crc=39776378
[1789104228371] [[32minfo[0m] [CarStage] car=1 panels=661 vertices=954 tiles=1 prepare_us=7086 raster_us=9696 blit_us=2230
[1789104228543] [[32minfo[0m] [PaintStage] rows=145 clear_us=488 fill_us=5914 copy_us=3747
[1789104228544] [[32minfo[0m] [TrackStage] project_us=3994 paint_us=11356 lines_us=12 wireframe=false
[1789104228652] [[32minfo[0m] [RaceStage] track_us=21439 cars_us=81781 upscale_us=20201 scene_width=234 surfaces=111 cars=3 track_id=0 player_car=0 submitted=3 player_us=34563 opponents_us=46819 player_native=true prepare_us=23366 raster_us=44126 blit_us=13765 candidate_rows_before=3024 candidate_rows_after=1294
[1789104228673] [[32minfo[0m] [HudStage] map_us=1408 total_us=3354 map_cached=true
[1789104228733] [[32minfo[0m] [RasterAB] car=0 track=0 frame=16 mode=0 draw=135212 present=31437 track_us=14355 prepare=23534 raster=53123 blit=13807 player=38416 opponents=53278 upscale=20230 hud=3364 crc=184100309
[1789104228741] [[32minfo[0m] [RasterAB] car=0 track=0 frame=16 mode=1 draw=153492 present=31428 track_us=21439 prepare=23366 raster=44126 blit=13765 player=34563 opponents=46819 upscale=20201 hud=7573 crc=184100309
[1789104229122] [[32minfo[0m] [RasterAB] car=0 track=0 frame=17 mode=0 draw=129442 present=31419 track_us=14792 prepare=23387 raster=50660 blit=11502 player=37190 opponents=48494 upscale=20197 hud=3350 crc=3499966158
[1789104229131] [[32minfo[0m] [RasterAB] car=0 track=0 frame=17 mode=1 draw=120439 present=31484 track_us=14840 prepare=23369 raster=41888 blit=11220 player=33501 opponents=43108 upscale=20201 hud=3284 crc=3499966158
[1789104229518] [[32minfo[0m] [RasterAB] car=0 track=0 frame=18 mode=0 draw=132631 present=31482 track_us=13452 prepare=23378 raster=54610 blit=12040 player=38559 opponents=51604 upscale=20193 hud=3291 crc=11938449
[1789104229527] [[32minfo[0m] [RasterAB] car=0 track=0 frame=18 mode=1 draw=122726 present=31511 track_us=13414 prepare=23304 raster=44961 blit=11971 player=34234 opponents=46135 upscale=20189 hud=3311 crc=11938449
[1789104229863] [[32minfo[0m] [RasterAB] car=0 track=0 frame=19 mode=0 draw=104838 present=31417 track_us=13291 prepare=17101 raster=31634 blit=7311 player=37276 opponents=25124 upscale=20204 hud=3493 crc=1070625149
[1789104229872] [[32minfo[0m] [RasterAB] car=0 track=0 frame=19 mode=1 draw=100294 present=31468 track_us=13312 prepare=17076 raster=27052 blit=7290 player=33808 opponents=23933 upscale=20209 hud=3467 crc=1070625149
[1789104230247] [[32minfo[0m] [RasterAB] car=0 track=0 frame=20 mode=0 draw=126338 present=31700 track_us=11182 prepare=23311 raster=50680 blit=11999 player=37608 opponents=48515 upscale=20179 hud=3313 crc=1387997277
[1789104230256] [[32minfo[0m] [RasterAB] car=0 track=0 frame=20 mode=1 draw=117268 present=31468 track_us=11144 prepare=23377 raster=41620 blit=12063 player=34040 opponents=43158 upscale=20171 hud=3284 crc=1387997277
[1789104230378] [[32minfo[0m] [CarStage] car=0 panels=988 vertices=1313 tiles=1 prepare_us=10056 raster_us=20044 blit_us=5599
[1789104230666] [[32minfo[0m] [RasterAB] car=0 track=0 frame=21 mode=0 draw=143578 present=31460 track_us=23521 prepare=23323 raster=53525 blit=14183 player=39674 opponents=51489 upscale=20172 hud=3297 crc=1810270215
[1789104230675] [[32minfo[0m] [RasterAB] car=0 track=0 frame=21 mode=1 draw=136060 present=31442 track_us=23542 prepare=23413 raster=44519 blit=14216 player=36894 opponents=46542 upscale=20195 hud=3298 crc=1810270215
[1789104230723] [[32minfo[0m] [PaintStage] rows=138 clear_us=470 fill_us=12004 copy_us=3712
[1789104230724] [[32minfo[0m] [TrackStage] project_us=7473 paint_us=17344 lines_us=14 wireframe=false
[1789104230844] [[32minfo[0m] [RaceStage] track_us=30983 cars_us=94195 upscale_us=20212 scene_width=234 surfaces=370 cars=3 track_id=0 player_car=0 submitted=3 player_us=39560 opponents_us=54230 player_native=true prepare_us=23294 raster_us=50016 blit_us=20353 candidate_rows_before=12880 candidate_rows_after=3091
[1789104230865] [[32minfo[0m] [HudStage] map_us=1393 total_us=3351 map_cached=true
[1789104231121] [[32minfo[0m] [RasterAB] car=0 track=0 frame=22 mode=0 draw=175698 present=31450 track_us=30983 prepare=23294 raster=50016 blit=20353 player=39560 opponents=54230 upscale=20212 hud=7566 crc=3300030963
[1789104231130] [[32minfo[0m] [RasterAB] car=0 track=0 frame=22 mode=1 draw=139424 present=31494 track_us=23906 prepare=23373 raster=41946 blit=21012 player=36960 opponents=49506 upscale=20219 hud=3316 crc=3300030963
[1789104231477] [[32minfo[0m] [RasterAB] car=0 track=0 frame=23 mode=0 draw=109859 present=31433 track_us=20944 prepare=16950 raster=30013 blit=6471 player=35135 opponents=24723 upscale=20194 hud=3420 crc=2386263896
[1789104231486] [[32minfo[0m] [RasterAB] car=0 track=0 frame=23 mode=1 draw=106457 present=31439 track_us=20963 prepare=17004 raster=26327 blit=6524 player=32551 opponents=23728 upscale=20217 hud=3449 crc=2386263896
[1789104231871] [[32minfo[0m] [RasterAB] car=0 track=0 frame=24 mode=0 draw=131472 present=31417 track_us=16646 prepare=23333 raster=48777 blit=13426 player=36650 opponents=49040 upscale=20199 hud=3373 crc=425007779
[1789104231880] [[32minfo[0m] [RasterAB] car=0 track=0 frame=24 mode=1 draw=123452 present=31504 track_us=16603 prepare=23347 raster=40951 blit=13451 player=33478 opponents=44403 upscale=20204 hud=3317 crc=425007779
[1789104231899] [[32minfo[0m] [RasterAB] GROUP car=0 track=0 mismatches=0 stack_free=2516
[1789104232401] [[32minfo[0m] [CarStage] car=0 panels=988 vertices=1313 tiles=1 prepare_us=9988 raster_us=19463 blit_us=5307
[1789104232696] [[32minfo[0m] [RasterAB] car=0 track=1 frame=1 mode=0 draw=142435 present=31463 track_us=15556 prepare=23018 raster=55955 blit=18829 player=38682 opponents=59259 upscale=20194 hud=3297 crc=3900201168
[1789104232705] [[32minfo[0m] [RasterAB] car=0 track=1 frame=1 mode=1 draw=134114 present=31458 track_us=15561 prepare=23183 raster=46298 blit=18839 player=35941 opponents=53654 upscale=20193 hud=3304 crc=3900201168
[1789104232748] [[32minfo[0m] [PaintStage] rows=135 clear_us=477 fill_us=8757 copy_us=3441
[1789104232748] [[32minfo[0m] [TrackStage] project_us=5735 paint_us=13823 lines_us=14 wireframe=false
[1789104232863] [[32minfo[0m] [RaceStage] track_us=25642 cars_us=87751 upscale_us=20200 scene_width=234 surfaces=230 cars=3 track_id=1 player_car=0 submitted=3 player_us=39156 opponents_us=48167 player_native=true prepare_us=23159 raster_us=48870 blit_us=15167 candidate_rows_before=11536 candidate_rows_after=2959
[1789104232883] [[32minfo[0m] [HudStage] map_us=1457 total_us=3413 map_cached=true
[1789104233127] [[32minfo[0m] [RasterAB] car=0 track=1 frame=2 mode=0 draw=163946 present=31431 track_us=25642 prepare=23159 raster=48870 blit=15167 player=39156 opponents=48167 upscale=20200 hud=7577 crc=693435889
[1789104233135] [[32minfo[0m] [RasterAB] car=0 track=1 frame=2 mode=1 draw=126998 present=31452 track_us=18627 prepare=23206 raster=40808 blit=15150 player=36129 opponents=43206 upscale=20188 hud=3295 crc=693435889
[1789104233477] [[32minfo[0m] [RasterAB] car=0 track=1 frame=3 mode=0 draw=106747 present=31422 track_us=19050 prepare=17064 raster=29361 blit=5593 player=33754 opponents=24742 upscale=20214 hud=3482 crc=2994330813
[1789104233485] [[32minfo[0m] [RasterAB] car=0 track=1 frame=3 mode=1 draw=103286 present=31414 track_us=19077 prepare=17181 raster=25583 blit=5675 player=31216 opponents=23657 upscale=20206 hud=3544 crc=2994330813
[1789104233844] [[32minfo[0m] [RasterAB] car=0 track=1 frame=4 mode=0 draw=116330 present=31474 track_us=18826 prepare=23425 raster=38757 blit=6028 player=29024 opponents=39323 upscale=20195 hud=3315 crc=1138780727
[1789104233853] [[32minfo[0m] [RasterAB] car=0 track=1 frame=4 mode=1 draw=110729 present=31451 track_us=18779 prepare=23494 raster=33227 blit=5998 player=26667 opponents=36185 upscale=20208 hud=3382 crc=1138780727
[1789104234216] [[32minfo[0m] [RasterAB] car=0 track=1 frame=5 mode=0 draw=119437 present=31445 track_us=13970 prepare=23543 raster=43190 blit=9549 player=32534 opponents=43886 upscale=20190 hud=3315 crc=426927699
[1789104234224] [[32minfo[0m] [RasterAB] car=0 track=1 frame=5 mode=1 draw=112742 present=31466 track_us=13978 prepare=23478 raster=36481 blit=9505 player=29796 opponents=39800 upscale=20192 hud=3323 crc=426927699
[1789104234465] [[32minfo[0m] [CarStage] car=1 panels=661 vertices=954 tiles=1 prepare_us=7028 raster_us=8566 blit_us=1615
[1789104234608] [[32minfo[0m] [RasterAB] car=0 track=1 frame=6 mode=0 draw=130172 present=31461 track_us=12684 prepare=23507 raster=53417 blit=11221 player=37896 opponents=50383 upscale=20173 hud=3378 crc=2191463411
[1789104234617] [[32minfo[0m] [RasterAB] car=0 track=1 frame=6 mode=1 draw=122218 present=31467 track_us=12692 prepare=23562 raster=44358 blit=11220 player=34166 opponents=46237 upscale=20219 hud=3359 crc=2191463411
[1789104234810] [[32minfo[0m] [PaintStage] rows=154 clear_us=567 fill_us=4562 copy_us=3952
[1789104234812] [[32minfo[0m] [TrackStage] project_us=3438 paint_us=10306 lines_us=12 wireframe=false
[1789104234902] [[32minfo[0m] [RaceStage] track_us=19827 cars_us=64287 upscale_us=20195 scene_width=234 surfaces=55 cars=3 track_id=1 player_car=0 submitted=3 player_us=38709 opponents_us=25121 player_native=true prepare_us=17081 raster_us=33181 blit_us=7137 candidate_rows_before=1344 candidate_rows_after=769
[1789104234923] [[32minfo[0m] [HudStage] map_us=1486 total_us=3539 map_cached=true
[1789104234983] [[32minfo[0m] [RasterAB] car=0 track=1 frame=7 mode=0 draw=134150 present=31434 track_us=19827 prepare=17081 raster=33181 blit=7137 player=38709 opponents=25121 upscale=20195 hud=7584 crc=2378190046
[1789104234991] [[32minfo[0m] [RasterAB] car=0 track=1 frame=7 mode=1 draw=100944 present=31419 track_us=12751 prepare=17148 raster=28139 blit=7120 player=34912 opponents=23894 upscale=20192 hud=3553 crc=2378190046
[1789104235374] [[32minfo[0m] [RasterAB] car=0 track=1 frame=8 mode=0 draw=130172 present=31461 track_us=13591 prepare=23474 raster=51958 blit=11797 player=38657 opponents=48703 upscale=20176 hud=3364 crc=1105329341
[1789104235383] [[32minfo[0m] [RasterAB] car=0 track=1 frame=8 mode=1 draw=121411 present=31463 track_us=13310 prepare=23871 raster=42758 blit=11773 player=35382 opponents=43173 upscale=20678 hud=3345 crc=1105329341
[1789104235789] [[32minfo[0m] [RasterAB] car=0 track=1 frame=9 mode=0 draw=142675 present=31476 track_us=14912 prepare=23511 raster=58602 blit=16431 player=44997 opponents=53685 upscale=20196 hud=3367 crc=3799474637
[1789104235798] [[32minfo[0m] [RasterAB] car=0 track=1 frame=9 mode=1 draw=132598 present=31469 track_us=14897 prepare=23566 raster=48315 blit=16447 player=40648 opponents=47813 upscale=20192 hud=3387 crc=3799474637
[1789104236197] [[32minfo[0m] [RasterAB] car=0 track=1 frame=10 mode=0 draw=138473 present=31498 track_us=19371 prepare=23533 raster=51512 blit=14738 player=38332 opponents=51588 upscale=20204 hud=3347 crc=493810058
[1789104236206] [[32minfo[0m] [RasterAB] car=0 track=1 frame=10 mode=1 draw=130002 present=31427 track_us=19571 prepare=23437 raster=42934 blit=14841 player=34873 opponents=46471 upscale=20183 hud=3355 crc=493810058
[1789104236480] [[32minfo[0m] [CarStage] car=0 panels=988 vertices=1313 tiles=1 prepare_us=10078 raster_us=18678 blit_us=3875
[1789104236549] [[32minfo[0m] [RasterAB] car=0 track=1 frame=11 mode=0 draw=108444 present=31436 track_us=19714 prepare=23532 raster=28097 blit=6735 player=33832 opponents=25828 upscale=20212 hud=3335 crc=1628614436
[1789104236558] [[32minfo[0m] [RasterAB] car=0 track=1 frame=11 mode=1 draw=104191 present=31447 track_us=20182 prepare=23412 raster=24426 blit=6722 player=29933 opponents=24759 upscale=20199 hud=3386 crc=1628614436
[1789104236917] [[32minfo[0m] [RasterAB] car=0 track=1 frame=12 mode=0 draw=117418 present=31483 track_us=18630 prepare=23441 raster=38960 blit=7104 player=29664 opponents=39981 upscale=20198 hud=3328 crc=2506995509
[1789104236926] [[32minfo[0m] [RasterAB] car=0 track=1 frame=12 mode=1 draw=111616 present=31471 track_us=18623 prepare=23402 raster=33312 blit=7111 player=27316 opponents=36638 upscale=20198 hud=3318 crc=2506995509
[1789104236964] [[32minfo[0m] [PaintStage] rows=180 clear_us=622 fill_us=5190 copy_us=4543
[1789104236965] [[32minfo[0m] [TrackStage] project_us=3572 paint_us=11532 lines_us=14 wireframe=false
[1789104237063] [[32minfo[0m] [RaceStage] track_us=21186 cars_us=72108 upscale_us=20197 scene_width=234 surfaces=61 cars=3 track_id=1 player_car=0 submitted=3 player_us=30512 opponents_us=41146 player_native=true prepare_us=23484 raster_us=37946 blit_us=10097 candidate_rows_before=2240 candidate_rows_after=1048
[1789104237084] [[32minfo[0m] [HudStage] map_us=1457 total_us=3397 map_cached=true
[1789104237322] [[32minfo[0m] [RasterAB] car=0 track=1 frame=13 mode=0 draw=122085 present=31489 track_us=14141 prepare=23996 raster=44635 blit=10058 player=33101 opponents=45722 upscale=20181 hud=3347 crc=1811618199
[1789104237331] [[32minfo[0m] [RasterAB] car=0 track=1 frame=13 mode=1 draw=143668 present=31446 track_us=21186 prepare=23484 raster=37946 blit=10097 player=30512 opponents=41146 upscale=20197 hud=7580 crc=1811618199
[1789104237703] [[32minfo[0m] [RasterAB] car=0 track=1 frame=14 mode=0 draw=125096 present=31488 track_us=12929 prepare=23488 raster=48870 blit=10532 player=35755 opponents=47279 upscale=20194 hud=3362 crc=2078776065
[1789104237712] [[32minfo[0m] [RasterAB] car=0 track=1 frame=14 mode=1 draw=116545 present=31452 track_us=12890 prepare=23523 raster=40418 blit=10528 player=32442 opponents=42192 upscale=20197 hud=3349 crc=2078776065
[1789104238052] [[32minfo[0m] [RasterAB] car=0 track=1 frame=15 mode=0 draw=107080 present=31482 track_us=11920 prepare=17118 raster=35944 blit=6473 player=40917 opponents=25069 upscale=20196 hud=3489 crc=3234720613
[1789104238061] [[32minfo[0m] [RasterAB] car=0 track=1 frame=15 mode=1 draw=101676 present=31466 track_us=11946 prepare=17163 raster=30312 blit=6453 player=36536 opponents=23872 upscale=20221 hud=3496 crc=3234720613
[1789104238454] [[32minfo[0m] [RasterAB] car=0 track=1 frame=16 mode=0 draw=135825 present=31955 track_us=12385 prepare=23461 raster=57610 blit=13022 player=39604 opponents=54625 upscale=20180 hud=3404 crc=111381576
[1789104238463] [[32minfo[0m] [RasterAB] car=0 track=1 frame=16 mode=1 draw=125762 present=31470 track_us=12354 prepare=23554 raster=47500 blit=13021 player=35573 opponents=48631 upscale=20176 hud=3408 crc=111381576
[1789104238522] [[32minfo[0m] [CarStage] car=1 panels=661 vertices=954 tiles=1 prepare_us=7027 raster_us=8352 blit_us=2648
[1789104238856] [[32minfo[0m] [RasterAB] car=0 track=1 frame=17 mode=0 draw=134951 present=31468 track_us=16312 prepare=23396 raster=51578 blit=14476 player=37894 opponents=51702 upscale=20183 hud=3330 crc=1810142303
[1789104238865] [[32minfo[0m] [RasterAB] car=0 track=1 frame=17 mode=1 draw=127252 present=31466 track_us=16309 prepare=23485 raster=42456 blit=14485 player=34415 opponents=47245 upscale=20240 hud=3371 crc=1810142303
[1789104239103] [[32minfo[0m] [PaintStage] rows=132 clear_us=487 fill_us=7866 copy_us=3401
[1789104239104] [[32minfo[0m] [TrackStage] project_us=5113 paint_us=12937 lines_us=14 wireframe=false
[1789104239216] [[32minfo[0m] [RaceStage] track_us=24132 cars_us=86216 upscale_us=20195 scene_width=234 surfaces=171 cars=3 track_id=1 player_car=0 submitted=3 player_us=35976 opponents_us=49779 player_native=true prepare_us=23467 raster_us=44453 blit_us=17707 candidate_rows_before=7616 candidate_rows_after=2496
[1789104239237] [[32minfo[0m] [HudStage] map_us=1489 total_us=3436 map_cached=true
[1789104239298] [[32minfo[0m] [RasterAB] car=0 track=1 frame=18 mode=0 draw=141121 present=31739 track_us=17069 prepare=23433 raster=53638 blit=17660 player=39846 opponents=55015 upscale=20193 hud=3352 crc=2573386823
[1789104239307] [[32minfo[0m] [RasterAB] car=0 track=1 frame=18 mode=1 draw=160692 present=31602 track_us=24132 prepare=23467 raster=44453 blit=17707 player=35976 opponents=49779 upscale=20195 hud=7574 crc=2573386823
[1789104239647] [[32minfo[0m] [RasterAB] car=0 track=1 frame=19 mode=0 draw=106593 present=31441 track_us=19816 prepare=17139 raster=28024 blit=5902 player=32955 opponents=24571 upscale=20230 hud=3499 crc=84341912
[1789104239655] [[32minfo[0m] [RasterAB] car=0 track=1 frame=19 mode=1 draw=102963 present=31434 track_us=19840 prepare=17192 raster=24196 blit=5935 player=30110 opponents=23594 upscale=20211 hud=3566 crc=84341912
[1789104240019] [[32minfo[0m] [RasterAB] car=0 track=1 frame=20 mode=0 draw=119617 present=31465 track_us=19384 prepare=23440 raster=40266 blit=7224 player=30326 opponents=40738 upscale=20184 hud=3345 crc=1617570956
[1789104240028] [[32minfo[0m] [RasterAB] car=0 track=1 frame=20 mode=1 draw=113368 present=31472 track_us=19374 prepare=23409 raster=34254 blit=7154 player=27686 opponents=37266 upscale=20188 hud=3328 crc=1617570956
[1789104240397] [[32minfo[0m] [RasterAB] car=0 track=1 frame=21 mode=0 draw=123236 present=31465 track_us=13521 prepare=24023 raster=45787 blit=10428 player=34717 opponents=45663 upscale=20466 hud=3315 crc=1793532867
[1789104240406] [[32minfo[0m] [RasterAB] car=0 track=1 frame=21 mode=1 draw=115181 present=31488 track_us=13576 prepare=23488 raster=38472 blit=10361 player=31452 opponents=41001 upscale=20219 hud=3313 crc=1793532867
[1789104240552] [[32minfo[0m] [CarStage] car=2 panels=607 vertices=801 tiles=1 prepare_us=6362 raster_us=20120 blit_us=5269
[1789104240789] [[32minfo[0m] [RasterAB] car=0 track=1 frame=22 mode=0 draw=131567 present=31396 track_us=14364 prepare=23508 raster=51301 blit=11817 player=36396 opponents=51482 upscale=20182 hud=3491 crc=432370343
[1789104240798] [[32minfo[0m] [RasterAB] car=0 track=1 frame=22 mode=1 draw=121641 present=31481 track_us=14360 prepare=23501 raster=42758 blit=11788 player=32921 opponents=45256 upscale=20211 hud=3367 crc=432370343
[1789104241136] [[32minfo[0m] [RasterAB] car=0 track=1 frame=23 mode=0 draw=105925 present=31447 track_us=13813 prepare=17151 raster=31540 blit=7439 player=37907 opponents=24726 upscale=20431 hud=3493 crc=2035647717
[1789104241145] [[32minfo[0m] [RasterAB] car=0 track=1 frame=23 mode=1 draw=100994 present=31436 track_us=13855 prepare=17153 raster=26758 blit=7427 player=34164 opponents=23593 upscale=20192 hud=3551 crc=2035647717
[1789104241183] [[32minfo[0m] [PaintStage] rows=141 clear_us=490 fill_us=5516 copy_us=3582
[1789104241184] [[32minfo[0m] [TrackStage] project_us=3994 paint_us=10732 lines_us=14 wireframe=false
[1789104241313] [[32minfo[0m] [RaceStage] track_us=20817 cars_us=102657 upscale_us=20219 scene_width=234 surfaces=98 cars=3 track_id=1 player_car=0 submitted=3 player_us=44880 opponents_us=57311 player_native=true prepare_us=23521 raster_us=60867 blit_us=17665 candidate_rows_before=7616 candidate_rows_after=1720
[1789104241333] [[32minfo[0m] [HudStage] map_us=1493 total_us=3466 map_cached=true
[1789104241584] [[32minfo[0m] [RasterAB] car=0 track=1 frame=24 mode=0 draw=173924 present=31457 track_us=20817 prepare=23521 raster=60867 blit=17665 player=44880 opponents=57311 upscale=20219 hud=7583 crc=1911769815
[1789104241593] [[32minfo[0m] [RasterAB] car=0 track=1 frame=24 mode=1 draw=133936 present=31474 track_us=13764 prepare=23522 raster=49699 blit=17613 player=39857 opponents=51109 upscale=20200 hud=3412 crc=1911769815
[1789104241612] [[32minfo[0m] [RasterAB] GROUP car=0 track=1 mismatches=0 stack_free=2516
[1789104242346] [[32minfo[0m] [RasterAB] car=0 track=2 frame=1 mode=0 draw=125450 present=31440 track_us=12326 prepare=23095 raster=51094 blit=10122 player=35429 opponents=49002 upscale=20207 hud=3187 crc=3204803875
[1789104242355] [[32minfo[0m] [RasterAB] car=0 track=2 frame=1 mode=1 draw=116916 present=31435 track_us=12306 prepare=23112 raster=42269 blit=10087 player=31642 opponents=43948 upscale=20446 hud=3225 crc=3204803875
[1789104242593] [[32minfo[0m] [CarStage] car=1 panels=661 vertices=954 tiles=1 prepare_us=7091 raster_us=8436 blit_us=1971
[1789104242734] [[32minfo[0m] [RasterAB] car=0 track=2 frame=2 mode=0 draw=128063 present=31453 track_us=12233 prepare=23464 raster=51987 blit=11469 player=38336 opponents=48709 upscale=20208 hud=3181 crc=3170726287
[1789104242743] [[32minfo[0m] [RasterAB] car=0 track=2 frame=2 mode=1 draw=119953 present=31417 track_us=12205 prepare=23516 raster=42774 blit=11460 player=34791 opponents=44207 upscale=20233 hud=3226 crc=3170726287
[1789104243084] [[32minfo[0m] [RasterAB] car=0 track=2 frame=3 mode=0 draw=108277 present=31661 track_us=10765 prepare=17162 raster=38201 blit=6808 player=43116 opponents=25535 upscale=20177 hud=3405 crc=3887432598
[1789104243093] [[32minfo[0m] [RasterAB] car=0 track=2 frame=3 mode=1 draw=102358 present=31459 track_us=10795 prepare=17089 raster=32176 blit=6775 player=38339 opponents=24231 upscale=20199 hud=3378 crc=3887432598
[1789104243345] [[32minfo[0m] [PaintStage] rows=232 clear_us=793 fill_us=11197 copy_us=5492
[1789104243346] [[32minfo[0m] [TrackStage] project_us=5795 paint_us=18826 lines_us=12 wireframe=false
[1789104243459] [[32minfo[0m] [RaceStage] track_us=30769 cars_us=86113 upscale_us=20223 scene_width=234 surfaces=330 cars=3 track_id=2 player_car=0 submitted=3 player_us=35417 opponents_us=50373 player_native=true prepare_us=23442 raster_us=48475 blit_us=13739 candidate_rows_before=2352 candidate_rows_after=1050
[1789104243479] [[32minfo[0m] [HudStage] map_us=1297 total_us=3282 map_cached=true
[1789104243540] [[32minfo[0m] [RasterAB] car=0 track=2 frame=4 mode=0 draw=149017 present=31432 track_us=23598 prepare=23458 raster=59190 blit=13751 player=39446 opponents=57081 upscale=20221 hud=3246 crc=1080205683
[1789104243548] [[32minfo[0m] [RasterAB] car=0 track=2 frame=4 mode=1 draw=167079 present=31458 track_us=30769 prepare=23442 raster=48475 blit=13739 player=35417 opponents=50373 upscale=20223 hud=7580 crc=1080205683
[1789104243947] [[32minfo[0m] [RasterAB] car=0 track=2 frame=5 mode=0 draw=138372 present=31418 track_us=17240 prepare=23380 raster=51181 blit=17750 player=42434 opponents=50000 upscale=20197 hud=3182 crc=308317125
[1789104243956] [[32minfo[0m] [RasterAB] car=0 track=2 frame=5 mode=1 draw=129575 present=31458 track_us=17304 prepare=23454 raster=42178 blit=17741 player=38921 opponents=44585 upscale=20176 hud=3218 crc=308317125
[1789104244335] [[32minfo[0m] [RasterAB] car=0 track=2 frame=6 mode=0 draw=128575 present=31445 track_us=12238 prepare=23467 raster=52159 blit=11548 player=37728 opponents=49572 upscale=20416 hud=3214 crc=576006811
[1789104244344] [[32minfo[0m] [RasterAB] car=0 track=2 frame=6 mode=1 draw=119789 present=31435 track_us=12215 prepare=23456 raster=43371 blit=11887 player=34233 opponents=44614 upscale=20192 hud=3226 crc=576006811
[1789104244615] [[32minfo[0m] [CarStage] car=0 panels=988 vertices=1313 tiles=1 prepare_us=10057 raster_us=21279 blit_us=3427
[1789104244682] [[32minfo[0m] [RasterAB] car=0 track=2 frame=7 mode=0 draw=106447 present=31394 track_us=16494 prepare=17155 raster=30936 blit=5203 player=36028 opponents=24986 upscale=20198 hud=3446 crc=2761219237
[1789104244691] [[32minfo[0m] [RasterAB] car=0 track=2 frame=7 mode=1 draw=100984 present=31425 track_us=16523 prepare=17158 raster=26620 blit=5159 player=31629 opponents=23809 upscale=20226 hud=3391 crc=2761219237
[1789104245075] [[32minfo[0m] [RasterAB] car=0 track=2 frame=8 mode=0 draw=131606 present=31449 track_us=11566 prepare=23469 raster=56262 blit=11442 player=44869 opponents=46431 upscale=20190 hud=3168 crc=2138228172
[1789104245084] [[32minfo[0m] [RasterAB] car=0 track=2 frame=8 mode=1 draw=121547 present=31682 track_us=11507 prepare=23557 raster=46259 blit=11417 player=40023 opponents=41336 upscale=20176 hud=3219 crc=2138228172
[1789104245449] [[32minfo[0m] [RasterAB] car=0 track=2 frame=9 mode=0 draw=121461 present=31439 track_us=9951 prepare=23464 raster=50821 blit=8284 player=34739 opponents=47956 upscale=20184 hud=3220 crc=1632165132
[1789104245457] [[32minfo[0m] [RasterAB] car=0 track=2 frame=9 mode=1 draw=113120 present=31834 track_us=9954 prepare=23400 raster=42529 blit=8275 player=31435 opponents=42897 upscale=20184 hud=3235 crc=1632165132
[1789104245493] [[32minfo[0m] [PaintStage] rows=137 clear_us=468 fill_us=5210 copy_us=3705
[1789104245493] [[32minfo[0m] [TrackStage] project_us=1549 paint_us=10507 lines_us=10 wireframe=false
[1789104245604] [[32minfo[0m] [RaceStage] track_us=18164 cars_us=84442 upscale_us=20179 scene_width=234 surfaces=64 cars=3 track_id=2 player_car=0 submitted=3 player_us=35137 opponents_us=48990 player_native=true prepare_us=23510 raster_us=48290 blit_us=12194 candidate_rows_before=3472 candidate_rows_after=1430
[1789104245625] [[32minfo[0m] [HudStage] map_us=1305 total_us=3260 map_cached=true
[1789104245857] [[32minfo[0m] [RasterAB] car=0 track=2 frame=10 mode=0 draw=152827 present=31452 track_us=18164 prepare=23510 raster=48290 blit=12194 player=35137 opponents=48990 upscale=20179 hud=7592 crc=3297242526
[1789104245866] [[32minfo[0m] [RasterAB] car=0 track=2 frame=10 mode=1 draw=116158 present=31443 track_us=11118 prepare=23562 raster=40459 blit=12157 player=31941 opponents=44363 upscale=20191 hud=3195 crc=3297242526
[1789104246259] [[32minfo[0m] [RasterAB] car=0 track=2 frame=11 mode=0 draw=132658 present=31454 track_us=42649 prepare=16978 raster=30082 blit=7619 player=35455 opponents=25681 upscale=20202 hud=3340 crc=3354579437
[1789104246268] [[32minfo[0m] [RasterAB] car=0 track=2 frame=11 mode=1 draw=128632 present=31657 track_us=42656 prepare=17014 raster=25902 blit=7619 player=32342 opponents=24621 upscale=20208 hud=3377 crc=3354579437
[1789104246660] [[32minfo[0m] [RasterAB] car=0 track=2 frame=12 mode=0 draw=134458 present=31437 track_us=24791 prepare=23340 raster=47063 blit=10363 player=33055 opponents=47842 upscale=20204 hud=3185 crc=405764629
[1789104246669] [[32minfo[0m] [RasterAB] car=0 track=2 frame=12 mode=1 draw=126869 present=31452 track_us=24759 prepare=23394 raster=39574 blit=10366 player=30113 opponents=43343 upscale=20183 hud=3193 crc=405764629
[1789104246733] [[32minfo[0m] [CarStage] car=1 panels=661 vertices=954 tiles=1 prepare_us=7066 raster_us=8137 blit_us=2935
[1789104247052] [[32minfo[0m] [RasterAB] car=0 track=2 frame=13 mode=0 draw=128985 present=31462 track_us=22002 prepare=23435 raster=44935 blit=9796 player=32489 opponents=45801 upscale=20217 hud=3201 crc=2839723539
[1789104247061] [[32minfo[0m] [RasterAB] car=0 track=2 frame=13 mode=1 draw=123643 present=31446 track_us=22023 prepare=23515 raster=38230 blit=9821 player=29949 opponents=42831 upscale=20264 hud=3190 crc=2839723539
[1789104247436] [[32minfo[0m] [RasterAB] car=0 track=2 frame=14 mode=0 draw=125894 present=31455 track_us=18326 prepare=23423 raster=46032 blit=9226 player=33414 opponents=45395 upscale=20202 hud=3193 crc=1194474800
[1789104247445] [[32minfo[0m] [RasterAB] car=0 track=2 frame=14 mode=1 draw=118555 present=31440 track_us=18277 prepare=23464 raster=38658 blit=9258 player=30450 opponents=41058 upscale=20205 hud=3179 crc=1194474800
[1789104247630] [[32minfo[0m] [PaintStage] rows=143 clear_us=477 fill_us=4763 copy_us=3560
[1789104247631] [[32minfo[0m] [TrackStage] project_us=2185 paint_us=10000 lines_us=10 wireframe=false
[1789104247716] [[32minfo[0m] [RaceStage] track_us=18277 cars_us=58931 upscale_us=20181 scene_width=234 surfaces=112 cars=3 track_id=2 player_car=0 submitted=3 player_us=34238 opponents_us=24362 player_native=true prepare_us=17068 raster_us=29926 blit_us=5179 candidate_rows_before=1120 candidate_rows_after=679
[1789104247737] [[32minfo[0m] [HudStage] map_us=1362 total_us=3417 map_cached=true
[1789104247797] [[32minfo[0m] [RasterAB] car=0 track=2 frame=15 mode=0 draw=127244 present=31457 track_us=18277 prepare=17068 raster=29926 blit=5179 player=34238 opponents=24362 upscale=20181 hud=7598 crc=3198141426
[1789104247805] [[32minfo[0m] [RasterAB] car=0 track=2 frame=15 mode=1 draw=94602 present=31437 track_us=11221 prepare=17171 raster=25606 blit=5227 player=31171 opponents=23215 upscale=20191 hud=3404 crc=3198141426
[1789104248167] [[32minfo[0m] [RasterAB] car=0 track=2 frame=16 mode=0 draw=119019 present=31460 track_us=10669 prepare=23512 raster=46534 blit=9405 player=33413 opponents=46166 upscale=20183 hud=3209 crc=3706496471
[1789104248176] [[32minfo[0m] [RasterAB] car=0 track=2 frame=16 mode=1 draw=111894 present=31451 track_us=10626 prepare=23550 raster=39509 blit=9446 player=30515 opponents=42118 upscale=20176 hud=3178 crc=3706496471
[1789104248523] [[32minfo[0m] [RasterAB] car=0 track=2 frame=17 mode=0 draw=110894 present=31416 track_us=11492 prepare=23496 raster=40158 blit=6953 player=30158 opponents=40577 upscale=20179 hud=3188 crc=1072123489
[1789104248532] [[32minfo[0m] [RasterAB] car=0 track=2 frame=17 mode=1 draw=105659 present=31440 track_us=11522 prepare=24034 raster=34274 blit=6984 player=28286 opponents=37133 upscale=20159 hud=3165 crc=1072123489
[1789104248751] [[32minfo[0m] [CarStage] car=1 panels=661 vertices=954 tiles=1 prepare_us=7080 raster_us=7824 blit_us=1556
[1789104248881] [[32minfo[0m] [RasterAB] car=0 track=2 frame=18 mode=0 draw=111597 present=31465 track_us=11627 prepare=23438 raster=39315 blit=8364 player=30496 opponents=40751 upscale=20174 hud=3167 crc=284169534
[1789104248890] [[32minfo[0m] [RasterAB] car=0 track=2 frame=18 mode=1 draw=106934 present=31438 track_us=11584 prepare=23513 raster=33550 blit=8382 player=28212 opponents=38475 upscale=20216 hud=3171 crc=284169534
[1789104249298] [[32minfo[0m] [RasterAB] car=0 track=2 frame=19 mode=0 draw=144309 present=31977 track_us=12521 prepare=23526 raster=71008 blit=8548 player=30262 opponents=72949 upscale=20173 hud=3131 crc=19166580
[1789104249306] [[32minfo[0m] [RasterAB] car=0 track=2 frame=19 mode=1 draw=132144 present=31457 track_us=12575 prepare=23492 raster=58674 blit=8558 player=27902 opponents=62947 upscale=20197 hud=3135 crc=19166580
[1789104249681] [[32minfo[0m] [RasterAB] car=0 track=2 frame=20 mode=0 draw=125176 present=31458 track_us=19406 prepare=23486 raster=44381 blit=9012 player=33170 opponents=43836 upscale=20206 hud=3157 crc=1091600227
[1789104249690] [[32minfo[0m] [RasterAB] car=0 track=2 frame=20 mode=1 draw=117901 present=31464 track_us=19365 prepare=23452 raster=37317 blit=9004 player=30273 opponents=39637 upscale=20194 hud=3171 crc=1091600227
[1789104249727] [[32minfo[0m] [PaintStage] rows=232 clear_us=812 fill_us=5262 copy_us=4899
[1789104249728] [[32minfo[0m] [TrackStage] project_us=2228 paint_us=12214 lines_us=10 wireframe=false
[1789104249827] [[32minfo[0m] [RaceStage] track_us=20515 cars_us=72166 upscale_us=20179 scene_width=234 surfaces=100 cars=3 track_id=2 player_car=0 submitted=3 player_us=30296 opponents_us=41549 player_native=true prepare_us=23506 raster_us=40768 blit_us=7439 candidate_rows_before=1344 candidate_rows_after=627
[1789104249847] [[32minfo[0m] [HudStage] map_us=1325 total_us=3274 map_cached=true
[1789104250086] [[32minfo[0m] [RasterAB] car=0 track=2 frame=21 mode=0 draw=122136 present=31440 track_us=13505 prepare=23420 raster=48650 blit=7444 player=33427 opponents=46213 upscale=20192 hud=3446 crc=931401181
[1789104250095] [[32minfo[0m] [RasterAB] car=0 track=2 frame=21 mode=1 draw=142826 present=31477 track_us=20515 prepare=23506 raster=40768 blit=7439 player=30296 opponents=41549 upscale=20179 hud=7580 crc=931401181
[1789104250510] [[32minfo[0m] [RasterAB] car=0 track=2 frame=22 mode=0 draw=146278 present=31848 track_us=33273 prepare=23386 raster=48479 blit=12156 player=34903 opponents=49251 upscale=20219 hud=3226 crc=2721568436
[1789104250519] [[32minfo[0m] [RasterAB] car=0 track=2 frame=22 mode=1 draw=137963 present=31437 track_us=33273 prepare=23434 raster=40620 blit=11714 player=31716 opponents=44189 upscale=20220 hud=3201 crc=2721568436
[1789104250801] [[32minfo[0m] [CarStage] car=0 panels=988 vertices=1313 tiles=1 prepare_us=10005 raster_us=21556 blit_us=4321
[1789104250868] [[32minfo[0m] [RasterAB] car=0 track=2 frame=23 mode=0 draw=111838 present=31450 track_us=21133 prepare=17032 raster=31020 blit=6054 player=37098 opponents=24695 upscale=20216 hud=3342 crc=257712578
[1789104250877] [[32minfo[0m] [RasterAB] car=0 track=2 frame=23 mode=1 draw=106278 present=31429 track_us=21164 prepare=17111 raster=26541 blit=6054 player=32579 opponents=23561 upscale=20224 hud=3356 crc=257712578
[1789104251261] [[32minfo[0m] [RasterAB] car=0 track=2 frame=24 mode=0 draw=130535 present=31655 track_us=13071 prepare=23486 raster=48132 blit=16772 player=37594 opponents=50929 upscale=20200 hud=3284 crc=3903545531
[1789104251270] [[32minfo[0m] [RasterAB] car=0 track=2 frame=24 mode=1 draw=122680 present=31453 track_us=13051 prepare=23572 raster=40307 blit=16827 player=34503 opponents=46331 upscale=20179 hud=3242 crc=3903545531
[1789104251289] [[32minfo[0m] [RasterAB] GROUP car=0 track=2 mismatches=0 stack_free=2436
[1789104251346] [[32minfo[0m] [RacerMaterial] texture_side=32 entries=17 fallback_panels=0 map_cached=true
[1789104251754] [[32minfo[0m] [PaintStage] rows=135 clear_us=469 fill_us=5367 copy_us=3637
[1789104251755] [[32minfo[0m] [TrackStage] project_us=4192 paint_us=10679 lines_us=14 wireframe=false
[1789104251859] [[32minfo[0m] [RaceStage] track_us=20945 cars_us=77648 upscale_us=20185 scene_width=234 surfaces=101 cars=3 track_id=0 player_car=1 submitted=3 player_us=30452 opponents_us=46831 player_native=true prepare_us=24682 raster_us=43681 blit_us=8792 candidate_rows_before=2800 candidate_rows_after=747
[1789104251879] [[32minfo[0m] [HudStage] map_us=1345 total_us=3312 map_cached=true
[1789104252125] [[32minfo[0m] [RasterAB] car=1 track=0 frame=1 mode=0 draw=128969 present=31482 track_us=13894 prepare=24721 raster=52393 blit=8918 player=33691 opponents=52474 upscale=20225 hud=3256 crc=2061583734
[1789104252134] [[32minfo[0m] [RasterAB] car=1 track=0 frame=1 mode=1 draw=148640 present=31468 track_us=20945 prepare=24682 raster=43681 blit=8792 player=30452 opponents=46831 upscale=20185 hud=7573 crc=2061583734
[1789104252519] [[32minfo[0m] [RasterAB] car=1 track=0 frame=2 mode=0 draw=132871 present=31479 track_us=12485 prepare=24666 raster=55221 blit=11327 player=36218 opponents=55131 upscale=20196 hud=3294 crc=3544617217
[1789104252528] [[32minfo[0m] [RasterAB] car=1 track=0 frame=2 mode=1 draw=122520 present=31444 track_us=12473 prepare=24679 raster=44986 blit=11356 player=32757 opponents=48410 upscale=20177 hud=3280 crc=3544617217
[1789104252856] [[32minfo[0m] [RasterAB] car=1 track=0 frame=3 mode=0 draw=100902 present=31400 track_us=11188 prepare=16423 raster=28720 blit=7235 player=34568 opponents=26157 upscale=20181 hud=3385 crc=4188290759
[1789104252865] [[32minfo[0m] [RasterAB] car=1 track=0 frame=3 mode=1 draw=96745 present=31430 track_us=11217 prepare=16446 raster=24462 blit=7180 player=31431 opponents=25005 upscale=20186 hud=3418 crc=4188290759
[1789104252922] [[32minfo[0m] [CarStage] car=2 panels=607 vertices=801 tiles=1 prepare_us=6370 raster_us=9005 blit_us=1894
[1789104253248] [[32minfo[0m] [RasterAB] car=1 track=0 frame=4 mode=0 draw=131250 present=31724 track_us=15555 prepare=25171 raster=50696 blit=9499 player=34030 opponents=52580 upscale=20224 hud=3310 crc=1372475461
[1789104253257] [[32minfo[0m] [RasterAB] car=1 track=0 frame=4 mode=1 draw=121416 present=31466 track_us=15555 prepare=25139 raster=42110 blit=9552 player=30615 opponents=46325 upscale=20195 hud=3286 crc=1372475461
[1789104253642] [[32minfo[0m] [RasterAB] car=1 track=0 frame=5 mode=0 draw=131737 present=31485 track_us=14283 prepare=25080 raster=52874 blit=10422 player=35579 opponents=52936 upscale=20178 hud=3312 crc=3643129992
[1789104253651] [[32minfo[0m] [RasterAB] car=1 track=0 frame=5 mode=1 draw=122522 present=31444 track_us=14316 prepare=25112 raster=43458 blit=10432 player=32165 opponents=46969 upscale=20174 hud=3336 crc=3643129992
[1789104253870] [[32minfo[0m] [PaintStage] rows=139 clear_us=487 fill_us=5316 copy_us=3509
[1789104253871] [[32minfo[0m] [TrackStage] project_us=4539 paint_us=10502 lines_us=10 wireframe=false
[1789104253972] [[32minfo[0m] [RaceStage] track_us=21128 cars_us=74577 upscale_us=20188 scene_width=234 surfaces=104 cars=3 track_id=0 player_car=1 submitted=3 player_us=29462 opponents_us=44697 player_native=true prepare_us=25020 raster_us=41337 blit_us=7671 candidate_rows_before=2800 candidate_rows_after=751
[1789104253992] [[32minfo[0m] [HudStage] map_us=1415 total_us=3347 map_cached=true
[1789104254053] [[32minfo[0m] [RasterAB] car=1 track=0 frame=6 mode=0 draw=125700 present=31481 track_us=14095 prepare=25099 raster=49658 blit=7695 player=32298 opponents=50287 upscale=20189 hud=3306 crc=2157633466
[1789104254061] [[32minfo[0m] [RasterAB] car=1 track=0 frame=6 mode=1 draw=145791 present=31441 track_us=21128 prepare=25020 raster=41337 blit=7671 player=29462 opponents=44697 upscale=20188 hud=7584 crc=2157633466
[1789104254390] [[32minfo[0m] [RasterAB] car=1 track=0 frame=7 mode=0 draw=101613 present=31411 track_us=13096 prepare=17248 raster=28649 blit=5022 player=33278 opponents=26159 upscale=20178 hud=3448 crc=3475122805
[1789104254398] [[32minfo[0m] [RasterAB] car=1 track=0 frame=7 mode=1 draw=97053 present=31423 track_us=13163 prepare=16661 raster=24562 blit=4981 player=30102 opponents=24603 upscale=20199 hud=3467 crc=3475122805
[1789104254791] [[32minfo[0m] [RasterAB] car=1 track=0 frame=8 mode=0 draw=135553 present=31461 track_us=12485 prepare=25109 raster=53438 blit=15391 player=39339 opponents=54734 upscale=20176 hud=3300 crc=980698291
[1789104254800] [[32minfo[0m] [RasterAB] car=1 track=0 frame=8 mode=1 draw=125808 present=31486 track_us=12470 prepare=25072 raster=43835 blit=15369 player=35847 opponents=48562 upscale=20198 hud=3309 crc=980698291
[1789104254947] [[32minfo[0m] [CarStage] car=3 panels=793 vertices=1226 tiles=1 prepare_us=8341 raster_us=18419 blit_us=3389
[1789104255206] [[32minfo[0m] [RasterAB] car=1 track=0 frame=9 mode=0 draw=141842 present=31464 track_us=27182 prepare=25147 raster=52116 blit=8351 player=33272 opponents=52480 upscale=20200 hud=3278 crc=2120688344
[1789104255215] [[32minfo[0m] [RasterAB] car=1 track=0 frame=9 mode=1 draw=133544 present=31474 track_us=26956 prepare=25033 raster=42851 blit=8361 player=30114 opponents=47397 upscale=20204 hud=3354 crc=2120688344
[1789104255618] [[32minfo[0m] [RasterAB] car=1 track=0 frame=10 mode=0 draw=141131 present=31466 track_us=25632 prepare=25098 raster=52126 blit=8949 player=33751 opponents=52554 upscale=20196 hud=3330 crc=873709730
[1789104255627] [[32minfo[0m] [RasterAB] car=1 track=0 frame=10 mode=1 draw=131440 present=31478 track_us=25049 prepare=25089 raster=43283 blit=8974 player=30557 opponents=46922 upscale=20199 hud=3279 crc=873709730
[1789104255977] [[32minfo[0m] [RasterAB] car=1 track=0 frame=11 mode=0 draw=111980 present=31452 track_us=21790 prepare=16685 raster=30050 blit=5953 player=35758 opponents=25443 upscale=20176 hud=3400 crc=1145149351
[1789104255986] [[32minfo[0m] [RasterAB] car=1 track=0 frame=11 mode=1 draw=107790 present=31435 track_us=21813 prepare=16710 raster=25715 blit=5887 player=32391 opponents=24439 upscale=20193 hud=3422 crc=1145149351
[1789104256027] [[32minfo[0m] [PaintStage] rows=232 clear_us=802 fill_us=6739 copy_us=4948
[1789104256028] [[32minfo[0m] [TrackStage] project_us=4553 paint_us=13735 lines_us=12 wireframe=false
[1789104256144] [[32minfo[0m] [RaceStage] track_us=24356 cars_us=89387 upscale_us=20190 scene_width=234 surfaces=135 cars=3 track_id=0 player_car=1 submitted=3 player_us=35115 opponents_us=53865 player_native=true prepare_us=25105 raster_us=53438 blit_us=10305 candidate_rows_before=2464 candidate_rows_after=919
[1789104256164] [[32minfo[0m] [HudStage] map_us=1394 total_us=3365 map_cached=true
[1789104256407] [[32minfo[0m] [RasterAB] car=1 track=0 frame=12 mode=0 draw=164070 present=31422 track_us=24356 prepare=25105 raster=53438 blit=10305 player=35115 opponents=53865 upscale=20190 hud=7583 crc=4284885536
[1789104256416] [[32minfo[0m] [RasterAB] car=1 track=0 frame=12 mode=1 draw=126585 present=31475 track_us=17308 prepare=25122 raster=44661 blit=10345 player=32056 opponents=48214 upscale=20207 hud=3281 crc=4284885536
[1789104256802] [[32minfo[0m] [RasterAB] car=1 track=0 frame=13 mode=0 draw=132017 present=31480 track_us=14193 prepare=25201 raster=53339 blit=10189 player=34634 opponents=54240 upscale=20200 hud=3308 crc=2561242031
[1789104256811] [[32minfo[0m] [RasterAB] car=1 track=0 frame=13 mode=1 draw=123249 present=31477 track_us=14225 prepare=25168 raster=44500 blit=10188 player=31528 opponents=48460 upscale=20217 hud=3302 crc=2561242031
[1789104256958] [[32minfo[0m] [CarStage] car=3 panels=793 vertices=1226 tiles=1 prepare_us=8406 raster_us=24661 blit_us=3949
[1789104257197] [[32minfo[0m] [RasterAB] car=1 track=0 frame=14 mode=0 draw=132698 present=31451 track_us=12684 prepare=25111 raster=54005 blit=10594 player=35675 opponents=55265 upscale=20171 hud=3371 crc=1041451617
[1789104257206] [[32minfo[0m] [RasterAB] car=1 track=0 frame=14 mode=1 draw=122179 present=31447 track_us=12899 prepare=25084 raster=44540 blit=10610 player=32483 opponents=47889 upscale=20192 hud=3285 crc=1041451617
[1789104257545] [[32minfo[0m] [RasterAB] car=1 track=0 frame=15 mode=0 draw=106639 present=31440 track_us=11697 prepare=16737 raster=33596 blit=7063 player=40079 opponents=25800 upscale=20188 hud=3452 crc=1761276130
[1789104257554] [[32minfo[0m] [RasterAB] car=1 track=0 frame=15 mode=1 draw=102126 present=31451 track_us=11719 prepare=16803 raster=28336 blit=7027 player=36060 opponents=24651 upscale=20691 hud=3455 crc=1761276130
[1789104257957] [[32minfo[0m] [RasterAB] car=1 track=0 frame=16 mode=0 draw=141531 present=31453 track_us=14346 prepare=25213 raster=58538 blit=14261 player=38723 opponents=59420 upscale=20179 hud=3311 crc=2855537100
[1789104257966] [[32minfo[0m] [RasterAB] car=1 track=0 frame=16 mode=1 draw=130869 present=31458 track_us=14355 prepare=25129 raster=48056 blit=14276 player=34967 opponents=52628 upscale=20177 hud=3306 crc=2855537100
[1789104258188] [[32minfo[0m] [PaintStage] rows=152 clear_us=542 fill_us=5944 copy_us=3701
[1789104258189] [[32minfo[0m] [TrackStage] project_us=4398 paint_us=11405 lines_us=12 wireframe=false
[1789104258309] [[32minfo[0m] [RaceStage] track_us=21892 cars_us=93747 upscale_us=20194 scene_width=234 surfaces=132 cars=3 track_id=0 player_car=1 submitted=3 player_us=37879 opponents_us=55459 player_native=true prepare_us=25161 raster_us=56476 blit_us=11564 candidate_rows_before=4032 candidate_rows_after=1512
[1789104258329] [[32minfo[0m] [HudStage] map_us=1406 total_us=3341 map_cached=true
[1789104258390] [[32minfo[0m] [RasterAB] car=1 track=0 frame=17 mode=0 draw=165885 present=31461 track_us=21892 prepare=25161 raster=56476 blit=11564 player=37879 opponents=55459 upscale=20194 hud=7554 crc=763129684
[1789104258398] [[32minfo[0m] [RasterAB] car=1 track=0 frame=17 mode=1 draw=127015 present=31475 track_us=14828 prepare=25166 raster=46090 blit=11494 player=33924 opponents=48962 upscale=20445 hud=3301 crc=763129684
[1789104258797] [[32minfo[0m] [RasterAB] car=1 track=0 frame=18 mode=0 draw=139544 present=31454 track_us=13466 prepare=25087 raster=59385 blit=12426 player=38490 opponents=58545 upscale=20173 hud=3342 crc=1755425831
[1789104258806] [[32minfo[0m] [RasterAB] car=1 track=0 frame=18 mode=1 draw=128659 present=31488 track_us=13400 prepare=25164 raster=48578 blit=12446 player=34630 opponents=51691 upscale=20195 hud=3304 crc=1755425831
[1789104259019] [[32minfo[0m] [CarStage] car=2 panels=607 vertices=801 tiles=1 prepare_us=6358 raster_us=9285 blit_us=2042
[1789104259147] [[32minfo[0m] [RasterAB] car=1 track=0 frame=19 mode=0 draw=107880 present=31419 track_us=13293 prepare=16815 raster=31372 blit=7381 player=37931 opponents=27294 upscale=20464 hud=3408 crc=26811952
[1789104259155] [[32minfo[0m] [RasterAB] car=1 track=0 frame=19 mode=1 draw=101709 present=31453 track_us=13320 prepare=16735 raster=26641 blit=7305 player=34162 opponents=25032 upscale=20203 hud=3443 crc=26811952
[1789104259544] [[32minfo[0m] [RasterAB] car=1 track=0 frame=20 mode=0 draw=134228 present=31443 track_us=11158 prepare=25123 raster=56077 blit=12672 player=38451 opponents=55563 upscale=20179 hud=3320 crc=622481537
[1789104259553] [[32minfo[0m] [RasterAB] car=1 track=0 frame=20 mode=1 draw=123399 present=31449 track_us=11136 prepare=25138 raster=45800 blit=12232 player=34368 opponents=48933 upscale=20177 hud=3333 crc=622481537
[1789104259975] [[32minfo[0m] [RasterAB] car=1 track=0 frame=21 mode=0 draw=150851 present=31447 track_us=23525 prepare=25032 raster=58364 blit=14833 player=40191 opponents=58169 upscale=20172 hud=3343 crc=2118962787
[1789104259984] [[32minfo[0m] [RasterAB] car=1 track=0 frame=21 mode=1 draw=140461 present=31483 track_us=23531 prepare=25086 raster=47799 blit=14845 player=36161 opponents=51700 upscale=20203 hud=3291 crc=2118962787
[1789104260243] [[32minfo[0m] [PaintStage] rows=138 clear_us=490 fill_us=11942 copy_us=3730
[1789104260244] [[32minfo[0m] [TrackStage] project_us=7456 paint_us=17399 lines_us=14 wireframe=false
[1789104260363] [[32minfo[0m] [RaceStage] track_us=31036 cars_us=93235 upscale_us=20218 scene_width=234 surfaces=370 cars=3 track_id=0 player_car=1 submitted=3 player_us=36849 opponents_us=55953 player_native=true prepare_us=25114 raster_us=46242 blit_us=21307 candidate_rows_before=12880 candidate_rows_after=3090
[1789104260384] [[32minfo[0m] [HudStage] map_us=1388 total_us=3355 map_cached=true
[1789104260444] [[32minfo[0m] [RasterAB] car=1 track=0 frame=22 mode=0 draw=154801 present=31444 track_us=24142 prepare=25134 raster=54937 blit=21300 player=40067 opponents=61434 upscale=20211 hud=3341 crc=895291273
[1789104260452] [[32minfo[0m] [RasterAB] car=1 track=0 frame=22 mode=1 draw=174649 present=31452 track_us=31036 prepare=25114 raster=46242 blit=21307 player=36849 opponents=55953 upscale=20218 hud=7576 crc=895291273
[1789104260802] [[32minfo[0m] [RasterAB] car=1 track=0 frame=23 mode=0 draw=111210 present=31490 track_us=20921 prepare=16679 raster=29521 blit=6497 player=35571 opponents=25628 upscale=20198 hud=3433 crc=1071520553
[1789104260811] [[32minfo[0m] [RasterAB] car=1 track=0 frame=23 mode=1 draw=107172 present=31433 track_us=20953 prepare=16618 raster=25378 blit=6527 player=32373 opponents=24590 upscale=20206 hud=3496 crc=1071520553
[1789104261063] [[32minfo[0m] [CarStage] car=2 panels=607 vertices=801 tiles=1 prepare_us=6291 raster_us=8008 blit_us=2069
[1789104261212] [[32minfo[0m] [RasterAB] car=1 track=0 frame=24 mode=0 draw=138753 present=31473 track_us=16640 prepare=25079 raster=53804 blit=14021 player=37064 opponents=55976 upscale=20202 hud=3335 crc=1156298320
[1789104261221] [[32minfo[0m] [RasterAB] car=1 track=0 frame=24 mode=1 draw=130857 present=31494 track_us=16642 prepare=25149 raster=44475 blit=14059 player=34031 opponents=50875 upscale=20224 hud=3335 crc=1156298320
[1789104261240] [[32minfo[0m] [RasterAB] GROUP car=1 track=0 mismatches=0 stack_free=2436
[1789104262066] [[32minfo[0m] [RasterAB] car=1 track=1 frame=1 mode=0 draw=150653 present=31691 track_us=15565 prepare=24810 raster=61427 blit=19747 player=39089 opponents=67031 upscale=20190 hud=3333 crc=1444525588
[1789104262075] [[32minfo[0m] [RasterAB] car=1 track=1 frame=1 mode=1 draw=139495 present=31457 track_us=15551 prepare=24820 raster=50310 blit=19689 player=35174 opponents=59780 upscale=20196 hud=3337 crc=1444525588
[1789104262316] [[32minfo[0m] [PaintStage] rows=135 clear_us=475 fill_us=8746 copy_us=3447
[1789104262318] [[32minfo[0m] [TrackStage] project_us=5742 paint_us=13875 lines_us=14 wireframe=false
[1789104262429] [[32minfo[0m] [RaceStage] track_us=25698 cars_us=85661 upscale_us=20185 scene_width=234 surfaces=230 cars=3 track_id=1 player_car=1 submitted=3 player_us=36244 opponents_us=48992 player_native=true prepare_us=24930 raster_us=44799 blit_us=15377 candidate_rows_before=11088 candidate_rows_after=2945
[1789104262450] [[32minfo[0m] [HudStage] map_us=1432 total_us=3383 map_cached=true
[1789104262511] [[32minfo[0m] [RasterAB] car=1 track=1 frame=2 mode=0 draw=142807 present=31925 track_us=18638 prepare=24951 raster=54616 blit=15304 player=39612 opponents=55389 upscale=20196 hud=3364 crc=2567757501
[1789104262519] [[32minfo[0m] [RasterAB] car=1 track=1 frame=2 mode=1 draw=161834 present=31484 track_us=25698 prepare=24930 raster=44799 blit=15377 player=36244 opponents=48992 upscale=20185 hud=7571 crc=2567757501
[1789104262863] [[32minfo[0m] [RasterAB] car=1 track=1 frame=3 mode=0 draw=108147 present=31453 track_us=19061 prepare=16757 raster=29032 blit=5589 player=34279 opponents=25679 upscale=20202 hud=3474 crc=996628663
[1789104262871] [[32minfo[0m] [RasterAB] car=1 track=1 frame=3 mode=1 draw=103999 present=31470 track_us=19098 prepare=16780 raster=24768 blit=5587 player=31075 opponents=24626 upscale=20195 hud=3453 crc=996628663
[1789104263107] [[32minfo[0m] [CarStage] car=2 panels=607 vertices=801 tiles=1 prepare_us=6371 raster_us=7394 blit_us=1492
[1789104263241] [[32minfo[0m] [RasterAB] car=1 track=1 frame=4 mode=0 draw=121602 present=31730 track_us=18820 prepare=25238 raster=42113 blit=6133 player=29451 opponents=44165 upscale=20210 hud=3332 crc=1936400239
[1789104263249] [[32minfo[0m] [RasterAB] car=1 track=1 frame=4 mode=1 draw=116698 present=31472 track_us=18804 prepare=25244 raster=35998 blit=6231 player=27193 opponents=41513 upscale=20247 hud=3363 crc=1936400239
[1789104263625] [[32minfo[0m] [RasterAB] car=1 track=1 frame=5 mode=0 draw=126373 present=31475 track_us=13977 prepare=25229 raster=48414 blit=9572 player=32959 opponents=50390 upscale=20202 hud=3322 crc=2451456550
[1789104263634] [[32minfo[0m] [RasterAB] car=1 track=1 frame=5 mode=1 draw=118326 present=31460 track_us=14012 prepare=25205 raster=40195 blit=9588 player=30169 opponents=44951 upscale=20177 hud=3380 crc=2451456550
[1789104264029] [[32minfo[0m] [RasterAB] car=1 track=1 frame=6 mode=0 draw=137509 present=31477 track_us=12688 prepare=25237 raster=58479 blit=11781 player=38428 opponents=57204 upscale=20191 hud=3346 crc=887917285
[1789104264038] [[32minfo[0m] [RasterAB] car=1 track=1 frame=6 mode=1 draw=126788 present=31479 track_us=12691 prepare=25234 raster=47895 blit=11748 player=34460 opponents=50554 upscale=20172 hud=3367 crc=887917285
[1789104264379] [[32minfo[0m] [RasterAB] car=1 track=1 frame=7 mode=0 draw=107832 present=31460 track_us=12716 prepare=16819 raster=32835 blit=7193 player=39286 opponents=26151 upscale=20642 hud=3479 crc=1139949161
[1789104264388] [[32minfo[0m] [RasterAB] car=1 track=1 frame=7 mode=1 draw=102287 present=31435 track_us=12767 prepare=16807 raster=27707 blit=7158 player=35272 opponents=24897 upscale=20202 hud=3543 crc=1139949161
[1789104264425] [[32minfo[0m] [PaintStage] rows=136 clear_us=472 fill_us=5013 copy_us=3447
[1789104264426] [[32minfo[0m] [TrackStage] project_us=4155 paint_us=10152 lines_us=12 wireframe=false
[1789104264548] [[32minfo[0m] [RaceStage] track_us=20405 cars_us=95284 upscale_us=20192 scene_width=234 surfaces=100 cars=3 track_id=1 player_car=1 submitted=3 player_us=39025 opponents_us=55808 player_native=true prepare_us=25266 raster_us=57436 blit_us=11998 candidate_rows_before=3024 candidate_rows_after=1477
[1789104264568] [[32minfo[0m] [HudStage] map_us=1459 total_us=3430 map_cached=true
[1789104264811] [[32minfo[0m] [RasterAB] car=1 track=1 frame=8 mode=0 draw=166119 present=31490 track_us=20405 prepare=25266 raster=57436 blit=11998 player=39025 opponents=55808 upscale=20192 hud=7573 crc=1295025074
[1789104264820] [[32minfo[0m] [RasterAB] car=1 track=1 frame=8 mode=1 draw=126548 present=31482 track_us=13351 prepare=25207 raster=46780 blit=11993 player=35150 opponents=48962 upscale=20172 hud=3334 crc=1295025074
[1789104265138] [[32minfo[0m] [CarStage] car=1 panels=1021 vertices=1354 tiles=1 prepare_us=10412 raster_us=26093 blit_us=9071
[1789104265242] [[32minfo[0m] [RasterAB] car=1 track=1 frame=9 mode=0 draw=152141 present=31472 track_us=14900 prepare=25309 raster=64321 blit=17167 player=46779 opponents=61316 upscale=20185 hud=3390 crc=3780402565
[1789104265251] [[32minfo[0m] [RasterAB] car=1 track=1 frame=9 mode=1 draw=138966 present=31471 track_us=14926 prepare=25205 raster=52373 blit=17121 player=41155 opponents=53680 upscale=20189 hud=3381 crc=3780402565
[1789104265663] [[32minfo[0m] [RasterAB] car=1 track=1 frame=10 mode=0 draw=145716 present=31487 track_us=19373 prepare=25215 raster=56612 blit=15159 player=38700 opponents=58420 upscale=20195 hud=3373 crc=1398233194
[1789104265672] [[32minfo[0m] [RasterAB] car=1 track=1 frame=10 mode=1 draw=135632 present=31465 track_us=19357 prepare=25165 raster=46664 blit=15176 player=35212 opponents=51924 upscale=20179 hud=3403 crc=1398233194
[1789104266017] [[32minfo[0m] [RasterAB] car=1 track=1 frame=11 mode=0 draw=108814 present=31455 track_us=19703 prepare=25105 raster=28125 blit=6696 player=33187 opponents=26872 upscale=20200 hud=3300 crc=1033913548
[1789104266026] [[32minfo[0m] [RasterAB] car=1 track=1 frame=11 mode=1 draw=105302 present=31429 track_us=19729 prepare=25184 raster=24381 blit=6655 player=30300 opponents=26046 upscale=20223 hud=3342 crc=1033913548
[1789104266397] [[32minfo[0m] [RasterAB] car=1 track=1 frame=12 mode=0 draw=123438 present=31458 track_us=18663 prepare=25197 raster=42995 blit=7245 player=30087 opponents=45493 upscale=20180 hud=3354 crc=1257169536
[1789104266406] [[32minfo[0m] [RasterAB] car=1 track=1 frame=12 mode=1 draw=117169 present=31470 track_us=18634 prepare=25219 raster=36338 blit=7250 player=27767 opponents=41179 upscale=20701 hud=3323 crc=1257169536
[1789104266444] [[32minfo[0m] [PaintStage] rows=180 clear_us=622 fill_us=5191 copy_us=4533
[1789104266445] [[32minfo[0m] [TrackStage] project_us=3571 paint_us=11508 lines_us=12 wireframe=false
[1789104266548] [[32minfo[0m] [RaceStage] track_us=21215 cars_us=77091 upscale_us=20199 scene_width=234 surfaces=61 cars=3 track_id=1 player_car=1 submitted=3 player_us=30665 opponents_us=45979 player_native=true prepare_us=25261 raster_us=40906 blit_us=10345 candidate_rows_before=2240 candidate_rows_after=1048
[1789104266569] [[32minfo[0m] [HudStage] map_us=1451 total_us=3415 map_cached=true
[1789104266813] [[32minfo[0m] [RasterAB] car=1 track=1 frame=13 mode=0 draw=128072 present=31458 track_us=14143 prepare=25230 raster=49124 blit=10298 player=33581 opponents=51201 upscale=20190 hud=3375 crc=2716982440
[1789104266822] [[32minfo[0m] [RasterAB] car=1 track=1 frame=13 mode=1 draw=148683 present=31463 track_us=21215 prepare=25261 raster=40906 blit=10345 player=30665 opponents=45979 upscale=20199 hud=7577 crc=2716982440
[1789104267149] [[32minfo[0m] [CarStage] car=3 panels=793 vertices=1226 tiles=1 prepare_us=8414 raster_us=19616 blit_us=4142
[1789104267210] [[32minfo[0m] [RasterAB] car=1 track=1 frame=14 mode=0 draw=132844 present=31471 track_us=12899 prepare=25273 raster=54642 blit=10744 player=36144 opponents=54650 upscale=20197 hud=3342 crc=3357671780
[1789104267219] [[32minfo[0m] [RasterAB] car=1 track=1 frame=14 mode=1 draw=124045 present=31449 track_us=12924 prepare=25171 raster=44776 blit=10817 player=32784 opponents=49222 upscale=20173 hud=3411 crc=3357671780
[1789104267563] [[32minfo[0m] [RasterAB] car=1 track=1 frame=15 mode=0 draw=108756 present=31440 track_us=11935 prepare=16796 raster=35728 blit=6521 player=41439 opponents=26182 upscale=20216 hud=3522 crc=1084655116
[1789104267572] [[32minfo[0m] [RasterAB] car=1 track=1 frame=15 mode=1 draw=103689 present=31448 track_us=11940 prepare=16892 raster=30421 blit=6533 player=37057 opponents=25376 upscale=20231 hud=3505 crc=1084655116
[1789104267979] [[32minfo[0m] [RasterAB] car=1 track=1 frame=16 mode=0 draw=143823 present=31505 track_us=12398 prepare=25234 raster=63354 blit=13488 player=40026 opponents=62180 upscale=20190 hud=3408 crc=1771139936
[1789104267988] [[32minfo[0m] [RasterAB] car=1 track=1 frame=16 mode=1 draw=131932 present=31488 track_us=12357 prepare=25223 raster=51680 blit=13465 player=35951 opponents=54546 upscale=20178 hud=3368 crc=1771139936
[1789104268394] [[32minfo[0m] [RasterAB] car=1 track=1 frame=17 mode=0 draw=142947 present=31455 track_us=16299 prepare=25228 raster=57397 blit=14793 player=38776 opponents=58782 upscale=20169 hud=3384 crc=350063771
[1789104268403] [[32minfo[0m] [RasterAB] car=1 track=1 frame=17 mode=1 draw=132401 present=31462 track_us=16333 prepare=25516 raster=46494 blit=14747 player=34533 opponents=52359 upscale=20213 hud=3336 crc=350063771
[1789104268571] [[32minfo[0m] [HudStage] map_us=1368 total_us=3315 map_cached=true
[1789104268650] [[32minfo[0m] [PaintStage] rows=132 clear_us=458 fill_us=7892 copy_us=3390
[1789104268651] [[32minfo[0m] [TrackStage] project_us=5119 paint_us=12912 lines_us=14 wireframe=false
[1789104268770] [[32minfo[0m] [RaceStage] track_us=24114 cars_us=92525 upscale_us=20189 scene_width=234 surfaces=171 cars=3 track_id=1 player_car=1 submitted=3 player_us=36445 opponents_us=55617 player_native=true prepare_us=25165 raster_us=48031 blit_us=18737 candidate_rows_before=7616 candidate_rows_after=2491
[1789104268847] [[32minfo[0m] [RasterAB] car=1 track=1 frame=18 mode=0 draw=150047 present=31482 track_us=17054 prepare=25208 raster=58745 blit=18689 player=40414 opponents=62360 upscale=20173 hud=4386 crc=834704373
[1789104268856] [[32minfo[0m] [RasterAB] car=1 track=1 frame=18 mode=1 draw=162907 present=31439 track_us=24114 prepare=25165 raster=48031 blit=18737 player=36445 opponents=55617 upscale=20189 hud=3442 crc=834704373
[1789104269199] [[32minfo[0m] [RasterAB] car=1 track=1 frame=19 mode=0 draw=108101 present=31430 track_us=19812 prepare=16824 raster=27660 blit=5956 player=33426 opponents=25590 upscale=20206 hud=3502 crc=532216354
[1789104269208] [[32minfo[0m] [RasterAB] car=1 track=1 frame=19 mode=1 draw=104300 present=31440 track_us=19837 prepare=16804 raster=23794 blit=5951 player=30475 opponents=24577 upscale=20226 hud=3554 crc=532216354
[1789104269268] [[32minfo[0m] [CarStage] car=2 panels=607 vertices=801 tiles=1 prepare_us=6389 raster_us=8222 blit_us=1586
[1789104269584] [[32minfo[0m] [RasterAB] car=1 track=1 frame=20 mode=0 draw=127422 present=31464 track_us=19401 prepare=25343 raster=44448 blit=7346 player=30996 opponents=47356 upscale=20702 hud=3329 crc=3405262131
[1789104269593] [[32minfo[0m] [RasterAB] car=1 track=1 frame=20 mode=1 draw=118312 present=31490 track_us=19359 prepare=25204 raster=37184 blit=7363 player=28134 opponents=41749 upscale=20201 hud=3332 crc=3405262131
[1789104269973] [[32minfo[0m] [RasterAB] car=1 track=1 frame=21 mode=0 draw=128884 present=31427 track_us=13543 prepare=25212 raster=50074 blit=10814 player=35151 opponents=51084 upscale=20176 hud=3391 crc=892185736
[1789104269982] [[32minfo[0m] [RasterAB] car=1 track=1 frame=21 mode=1 draw=120487 present=31485 track_us=13545 prepare=25260 raster=41558 blit=10810 player=31929 opponents=45839 upscale=20196 hud=3320 crc=892185736
[1789104270379] [[32minfo[0m] [RasterAB] car=1 track=1 frame=22 mode=0 draw=137967 present=31469 track_us=14404 prepare=25362 raster=56671 blit=12170 player=36852 opponents=57484 upscale=20199 hud=3391 crc=3627949931
[1789104270388] [[32minfo[0m] [RasterAB] car=1 track=1 frame=22 mode=1 draw=128346 present=31454 track_us=14338 prepare=25293 raster=47259 blit=12207 player=34066 opponents=50831 upscale=20187 hud=3368 crc=3627949931
[1789104270671] [[32minfo[0m] [HudStage] map_us=1424 total_us=3459 map_cached=true
[1789104270729] [[32minfo[0m] [RasterAB] car=1 track=1 frame=23 mode=0 draw=107872 present=31481 track_us=13823 prepare=16778 raster=30971 blit=7470 player=38132 opponents=25668 upscale=20176 hud=4535 crc=341525363
[1789104270737] [[32minfo[0m] [RasterAB] car=1 track=1 frame=23 mode=1 draw=102182 present=31432 track_us=13879 prepare=16769 raster=26230 blit=7456 player=34418 opponents=24543 upscale=20192 hud=3543 crc=341525363
[1789104270775] [[32minfo[0m] [PaintStage] rows=141 clear_us=487 fill_us=5487 copy_us=3626
[1789104270776] [[32minfo[0m] [TrackStage] project_us=3991 paint_us=10765 lines_us=12 wireframe=false
[1789104270913] [[32minfo[0m] [RaceStage] track_us=20823 cars_us=110660 upscale_us=20206 scene_width=234 surfaces=98 cars=3 track_id=1 player_car=1 submitted=3 player_us=45042 opponents_us=65159 player_native=true prepare_us=25217 raster_us=66309 blit_us=18542 candidate_rows_before=7616 candidate_rows_after=1720
[1789104271187] [[32minfo[0m] [RasterAB] car=1 track=1 frame=24 mode=0 draw=177781 present=31435 track_us=20823 prepare=25217 raster=66309 blit=18542 player=45042 opponents=65159 upscale=20206 hud=3477 crc=1320059617
[1789104271196] [[32minfo[0m] [RasterAB] car=1 track=1 frame=24 mode=1 draw=140941 present=31441 track_us=13756 prepare=25203 raster=53942 blit=18551 player=40415 opponents=57414 upscale=20455 hud=3395 crc=1320059617
[1789104271215] [[32minfo[0m] [RasterAB] GROUP car=1 track=1 mismatches=0 stack_free=2436
[1789104271325] [[32minfo[0m] [CarStage] car=1 panels=1021 vertices=1354 tiles=1 prepare_us=10311 raster_us=20572 blit_us=6964
[1789104271976] [[32minfo[0m] [RasterAB] car=1 track=2 frame=1 mode=0 draw=131950 present=31426 track_us=12325 prepare=24878 raster=55544 blit=10377 player=35305 opponents=55608 upscale=20211 hud=3228 crc=2152178819
[1789104271985] [[32minfo[0m] [RasterAB] car=1 track=2 frame=1 mode=1 draw=122382 present=31459 track_us=12343 prepare=24815 raster=46008 blit=10381 player=31902 opponents=49418 upscale=20198 hud=3219 crc=2152178819
[1789104272376] [[32minfo[0m] [RasterAB] car=1 track=2 frame=2 mode=0 draw=135723 present=31440 track_us=12250 prepare=25267 raster=57584 blit=11699 player=38729 opponents=55954 upscale=20193 hud=3191 crc=3747025231
[1789104272385] [[32minfo[0m] [RasterAB] car=1 track=2 frame=2 mode=1 draw=125385 present=31458 track_us=12218 prepare=25312 raster=47403 blit=11692 player=35482 opponents=49053 upscale=20181 hud=3159 crc=3747025231
[1789104272674] [[32minfo[0m] [HudStage] map_us=1282 total_us=3323 map_cached=true
[1789104272731] [[32minfo[0m] [RasterAB] car=1 track=2 frame=3 mode=0 draw=111017 present=31456 track_us=10771 prepare=16817 raster=37965 blit=6848 player=43623 opponents=26739 upscale=20186 hud=4411 crc=2002738606
[1789104272739] [[32minfo[0m] [RasterAB] car=1 track=2 frame=3 mode=1 draw=103852 present=31439 track_us=10790 prepare=16809 raster=31705 blit=6857 player=38714 opponents=25361 upscale=20197 hud=3384 crc=2002738606
[1789104272787] [[32minfo[0m] [PaintStage] rows=232 clear_us=803 fill_us=11201 copy_us=5513
[1789104272788] [[32minfo[0m] [TrackStage] project_us=5802 paint_us=18783 lines_us=10 wireframe=false
[1789104272919] [[32minfo[0m] [RaceStage] track_us=30771 cars_us=104433 upscale_us=20237 scene_width=234 surfaces=330 cars=3 track_id=2 player_car=1 submitted=3 player_us=39813 opponents_us=64283 player_native=true prepare_us=25229 raster_us=64523 blit_us=14212 candidate_rows_before=2352 candidate_rows_after=1050
[1789104273197] [[32minfo[0m] [RasterAB] car=1 track=2 frame=4 mode=0 draw=181380 present=31438 track_us=30771 prepare=25229 raster=64523 blit=14212 player=39813 opponents=64283 upscale=20237 hud=3301 crc=2049496915
[1789104273206] [[32minfo[0m] [RasterAB] car=1 track=2 frame=4 mode=1 draw=144843 present=31439 track_us=23552 prepare=25511 raster=52657 blit=14245 player=35798 opponents=56740 upscale=20237 hud=3223 crc=2049496915
[1789104273358] [[32minfo[0m] [CarStage] car=3 panels=793 vertices=1226 tiles=1 prepare_us=8491 raster_us=20245 blit_us=4289
[1789104273620] [[32minfo[0m] [RasterAB] car=1 track=2 frame=5 mode=0 draw=145761 present=31445 track_us=17277 prepare=25189 raster=56529 blit=17977 player=42819 opponents=57000 upscale=20176 hud=3216 crc=2179406149
[1789104273629] [[32minfo[0m] [RasterAB] car=1 track=2 frame=5 mode=1 draw=137486 present=31437 track_us=17304 prepare=25235 raster=46344 blit=17999 player=39315 opponents=51489 upscale=20680 hud=3263 crc=2179406149
[1789104274020] [[32minfo[0m] [RasterAB] car=1 track=2 frame=6 mode=0 draw=135470 present=31451 track_us=12256 prepare=25203 raster=57052 blit=12029 player=38208 opponents=56218 upscale=20195 hud=3211 crc=2601402572
[1789104274029] [[32minfo[0m] [RasterAB] car=1 track=2 frame=6 mode=1 draw=125012 present=31436 track_us=12223 prepare=25141 raster=46741 blit=12092 player=34324 opponents=49773 upscale=20175 hud=3213 crc=2601402572
[1789104274369] [[32minfo[0m] [RasterAB] car=1 track=2 frame=7 mode=0 draw=106833 present=31434 track_us=16510 prepare=16731 raster=30972 blit=5168 player=35555 opponents=25920 upscale=20210 hud=3338 crc=1833052137
[1789104274378] [[32minfo[0m] [RasterAB] car=1 track=2 frame=7 mode=1 draw=102175 present=31413 track_us=16531 prepare=16759 raster=26184 blit=5178 player=31896 opponents=24761 upscale=20238 hud=3357 crc=1833052137
[1789104274718] [[32minfo[0m] [HudStage] map_us=1229 total_us=3186 map_cached=true
[1789104274775] [[32minfo[0m] [RasterAB] car=1 track=2 frame=8 mode=0 draw=138903 present=31445 track_us=11553 prepare=25223 raster=61584 blit=11618 player=45098 opponents=53455 upscale=20206 hud=3221 crc=3368751079
[1789104274783] [[32minfo[0m] [RasterAB] car=1 track=2 frame=8 mode=1 draw=128540 present=31470 track_us=11528 prepare=25242 raster=50284 blit=11634 player=40174 opponents=47112 upscale=20195 hud=4236 crc=3368751079
[1789104274817] [[32minfo[0m] [PaintStage] rows=132 clear_us=506 fill_us=4342 copy_us=3391
[1789104274818] [[32minfo[0m] [TrackStage] project_us=1496 paint_us=9409 lines_us=10 wireframe=false
[1789104274925] [[32minfo[0m] [RaceStage] track_us=16890 cars_us=80320 upscale_us=20168 scene_width=234 surfaces=67 cars=3 track_id=2 player_car=1 submitted=3 player_us=31736 opponents_us=48272 player_native=true prepare_us=25271 raster_us=46033 blit_us=8571 candidate_rows_before=1344 candidate_rows_after=648
[1789104275185] [[32minfo[0m] [RasterAB] car=1 track=2 frame=9 mode=0 draw=128624 present=31430 track_us=9921 prepare=25310 raster=55958 blit=8600 player=35142 opponents=54852 upscale=20195 hud=3231 crc=4044561984
[1789104275193] [[32minfo[0m] [RasterAB] car=1 track=2 frame=9 mode=1 draw=142996 present=31428 track_us=16890 prepare=25271 raster=46033 blit=8571 player=31736 opponents=48272 upscale=20168 hud=3299 crc=4044561984
[1789104275433] [[32minfo[0m] [CarStage] car=2 panels=607 vertices=801 tiles=1 prepare_us=6404 raster_us=7936 blit_us=2186
[1789104275580] [[32minfo[0m] [RasterAB] car=1 track=2 frame=10 mode=0 draw=132165 present=31474 track_us=11113 prepare=25648 raster=53375 blit=12624 player=36122 opponents=55657 upscale=20643 hud=3195 crc=3163462299
[1789104275589] [[32minfo[0m] [RasterAB] car=1 track=2 frame=10 mode=1 draw=123109 present=31459 track_us=11113 prepare=25243 raster=44178 blit=12633 player=32536 opponents=50771 upscale=20199 hud=3203 crc=3163462299
[1789104275984] [[32minfo[0m] [RasterAB] car=1 track=2 frame=11 mode=0 draw=134002 present=31419 track_us=42625 prepare=16615 raster=29626 blit=7676 player=35864 opponents=26582 upscale=20218 hud=3381 crc=642905731
[1789104275993] [[32minfo[0m] [RasterAB] car=1 track=2 frame=11 mode=1 draw=129960 present=31413 track_us=42629 prepare=16634 raster=25485 blit=7686 player=32673 opponents=25660 upscale=20197 hud=3399 crc=642905731
[1789104276398] [[32minfo[0m] [RasterAB] car=1 track=2 frame=12 mode=0 draw=141573 present=31435 track_us=25004 prepare=25167 raster=51722 blit=10700 player=33478 opponents=54236 upscale=20192 hud=3212 crc=1657552116
[1789104276407] [[32minfo[0m] [RasterAB] car=1 track=2 frame=12 mode=1 draw=132913 present=31464 track_us=24774 prepare=25661 raster=42955 blit=10715 player=31000 opponents=48460 upscale=20211 hud=3172 crc=1657552116
[1789104276744] [[32minfo[0m] [HudStage] map_us=1248 total_us=3178 map_cached=true
[1789104276801] [[32minfo[0m] [RasterAB] car=1 track=2 frame=13 mode=0 draw=136250 present=31485 track_us=21988 prepare=25114 raster=49175 blit=10076 player=32832 opponents=51653 upscale=20221 hud=4279 crc=1784398930
[1789104276809] [[32minfo[0m] [RasterAB] car=1 track=2 frame=13 mode=1 draw=127465 present=31443 track_us=22029 prepare=25214 raster=41283 blit=9993 player=30071 opponents=46545 upscale=20213 hud=3212 crc=1784398930
[1789104276852] [[32minfo[0m] [PaintStage] rows=155 clear_us=535 fill_us=9010 copy_us=3820
[1789104276853] [[32minfo[0m] [TrackStage] project_us=4726 paint_us=14553 lines_us=11 wireframe=false
[1789104276965] [[32minfo[0m] [RaceStage] track_us=25346 cars_us=86355 upscale_us=20180 scene_width=234 surfaces=253 cars=3 track_id=2 player_car=1 submitted=3 player_us=33856 opponents_us=52179 player_native=true prepare_us=25165 raster_us=51252 blit_us=9487 candidate_rows_before=7168 candidate_rows_after=2595
[1789104277222] [[32minfo[0m] [RasterAB] car=1 track=2 frame=14 mode=0 draw=157686 present=31413 track_us=25346 prepare=25165 raster=51252 blit=9487 player=33856 opponents=52179 upscale=20180 hud=3288 crc=2609901188
[1789104277231] [[32minfo[0m] [RasterAB] car=1 track=2 frame=14 mode=1 draw=124210 present=31482 track_us=18272 prepare=25193 raster=42509 blit=9382 player=30782 opponents=46423 upscale=20196 hud=3181 crc=2609901188
[1789104277435] [[32minfo[0m] [CarStage] car=2 panels=607 vertices=801 tiles=1 prepare_us=6367 raster_us=9080 blit_us=1453
[1789104277559] [[32minfo[0m] [RasterAB] car=1 track=2 frame=15 mode=0 draw=101405 present=31420 track_us=11212 prepare=16858 raster=29583 blit=5237 player=34826 opponents=26484 upscale=20197 hud=3356 crc=1566528923
[1789104277568] [[32minfo[0m] [RasterAB] car=1 track=2 frame=15 mode=1 draw=96585 present=31394 track_us=11245 prepare=16799 raster=25735 blit=5235 player=31567 opponents=24755 upscale=20206 hud=3390 crc=1566528923
[1789104277941] [[32minfo[0m] [RasterAB] car=1 track=2 frame=16 mode=0 draw=125712 present=31468 track_us=10660 prepare=25264 raster=51176 blit=9728 player=33941 opponents=52351 upscale=20199 hud=3199 crc=2335818029
[1789104277950] [[32minfo[0m] [RasterAB] car=1 track=2 frame=16 mode=1 draw=116964 present=31478 track_us=10629 prepare=25274 raster=42599 blit=9683 player=30904 opponents=46780 upscale=20183 hud=3211 crc=2335818029
[1789104278309] [[32minfo[0m] [RasterAB] car=1 track=2 frame=17 mode=0 draw=117532 present=31887 track_us=11485 prepare=25262 raster=44970 blit=7061 player=30573 opponents=46846 upscale=20174 hud=3162 crc=825771662
[1789104278318] [[32minfo[0m] [RasterAB] car=1 track=2 frame=17 mode=1 draw=110643 present=31428 track_us=11523 prepare=25532 raster=37702 blit=7040 player=28338 opponents=42065 upscale=20183 hud=3168 crc=825771662
[1789104278676] [[32minfo[0m] [RasterAB] car=1 track=2 frame=18 mode=0 draw=117309 present=31424 track_us=11608 prepare=25230 raster=42915 blit=8669 player=31071 opponents=45867 upscale=20182 hud=3192 crc=87955950
[1789104278684] [[32minfo[0m] [RasterAB] car=1 track=2 frame=18 mode=1 draw=110557 present=31440 track_us=11606 prepare=25189 raster=36315 blit=8725 player=28533 opponents=41823 upscale=20155 hud=3162 crc=87955950
[1789104278843] [[32minfo[0m] [HudStage] map_us=1251 total_us=3137 map_cached=true
[1789104278917] [[32minfo[0m] [PaintStage] rows=174 clear_us=593 fill_us=5523 copy_us=4350
[1789104278918] [[32minfo[0m] [TrackStage] project_us=1890 paint_us=11666 lines_us=10 wireframe=false
[1789104279058] [[32minfo[0m] [RaceStage] track_us=19636 cars_us=113622 upscale_us=20187 scene_width=234 surfaces=87 cars=3 track_id=2 player_car=1 submitted=3 player_us=30716 opponents_us=82595 player_native=true prepare_us=25273 raster_us=79158 blit_us=8748 candidate_rows_before=2016 candidate_rows_after=675
[1789104279135] [[32minfo[0m] [RasterAB] car=1 track=2 frame=19 mode=0 draw=179010 present=31434 track_us=19636 prepare=25273 raster=79158 blit=8748 player=30716 opponents=82595 upscale=20187 hud=3211 crc=2972735080
[1789104279144] [[32minfo[0m] [RasterAB] car=1 track=2 frame=19 mode=1 draw=140671 present=31487 track_us=12565 prepare=25276 raster=64147 blit=8757 player=28305 opponents=70001 upscale=20188 hud=4217 crc=2972735080
[1789104279442] [[32minfo[0m] [CarStage] car=1 panels=1021 vertices=1354 tiles=1 prepare_us=10370 raster_us=16196 blit_us=3986
[1789104279532] [[32minfo[0m] [RasterAB] car=1 track=2 frame=20 mode=0 draw=132713 present=31464 track_us=19383 prepare=25194 raster=50033 blit=9169 player=33552 opponents=50972 upscale=20198 hud=3201 crc=2016078977
[1789104279541] [[32minfo[0m] [RasterAB] car=1 track=2 frame=20 mode=1 draw=124909 present=31461 track_us=19364 prepare=25268 raster=41139 blit=9180 player=31775 opponents=45138 upscale=20183 hud=3163 crc=2016078977
[1789104279920] [[32minfo[0m] [RasterAB] car=1 track=2 frame=21 mode=0 draw=128731 present=31425 track_us=13439 prepare=25276 raster=53544 blit=7633 player=33841 opponents=52736 upscale=20178 hud=3227 crc=1211160212
[1789104279929] [[32minfo[0m] [RasterAB] car=1 track=2 frame=21 mode=1 draw=119559 present=31444 track_us=13488 prepare=25217 raster=44331 blit=7583 player=30654 opponents=46626 upscale=20188 hud=3212 crc=1211160212
[1789104280357] [[32minfo[0m] [RasterAB] car=1 track=2 frame=22 mode=0 draw=153230 present=31455 track_us=33305 prepare=25364 raster=53460 blit=12147 player=35629 opponents=55473 upscale=20220 hud=3187 crc=1006916669
[1789104280366] [[32minfo[0m] [RasterAB] car=1 track=2 frame=22 mode=1 draw=144414 present=31434 track_us=33252 prepare=25665 raster=44519 blit=12151 player=32076 opponents=50386 upscale=20213 hud=3200 crc=1006916669
[1789104280717] [[32minfo[0m] [RasterAB] car=1 track=2 frame=23 mode=0 draw=112017 present=31427 track_us=21146 prepare=16730 raster=30658 blit=6106 player=36432 opponents=25599 upscale=20210 hud=3343 crc=4194641380
[1789104280726] [[32minfo[0m] [RasterAB] car=1 track=2 frame=23 mode=1 draw=107675 present=31457 track_us=21158 prepare=16773 raster=26138 blit=6092 player=32956 opponents=24607 upscale=20210 hud=3344 crc=4194641380
[1789104280882] [[32minfo[0m] [HudStage] map_us=1265 total_us=3220 map_cached=true
[1789104280958] [[32minfo[0m] [PaintStage] rows=149 clear_us=502 fill_us=6136 copy_us=3719
[1789104280959] [[32minfo[0m] [TrackStage] project_us=2518 paint_us=11551 lines_us=10 wireframe=false
[1789104281072] [[32minfo[0m] [RaceStage] track_us=20152 cars_us=87242 upscale_us=20192 scene_width=234 surfaces=120 cars=3 track_id=2 player_car=1 submitted=3 player_us=35081 opponents_us=51819 player_native=true prepare_us=25225 raster_us=44149 blit_us=17390 candidate_rows_before=8960 candidate_rows_after=1602
[1789104281149] [[32minfo[0m] [RasterAB] car=1 track=2 frame=24 mode=0 draw=138791 present=31488 track_us=13075 prepare=25237 raster=53068 blit=17346 player=37977 opponents=57804 upscale=20196 hud=4297 crc=709467539
[1789104281158] [[32minfo[0m] [RasterAB] car=1 track=2 frame=24 mode=1 draw=153439 present=31420 track_us=20152 prepare=25225 raster=44149 blit=17390 player=35081 opponents=51819 upscale=20192 hud=3301 crc=709467539
[1789104281177] [[32minfo[0m] [RasterAB] GROUP car=1 track=2 mismatches=0 stack_free=2436
[1789104281235] [[32minfo[0m] [RacerMaterial] texture_side=32 entries=17 fallback_panels=0 map_cached=true
[1789104281478] [[32minfo[0m] [CarStage] car=3 panels=793 vertices=1226 tiles=1 prepare_us=8280 raster_us=10465 blit_us=2064
[1789104281976] [[32minfo[0m] [RasterAB] car=2 track=0 frame=1 mode=0 draw=126258 present=31462 track_us=13848 prepare=24147 raster=50768 blit=8516 player=32917 opponents=50647 upscale=20193 hud=3237 crc=2297111821
[1789104281985] [[32minfo[0m] [RasterAB] car=2 track=0 frame=1 mode=1 draw=118436 present=31458 track_us=13880 prepare=24244 raster=42880 blit=8463 player=29962 opponents=45755 upscale=20191 hud=3275 crc=2297111821
[1789104282366] [[32minfo[0m] [RasterAB] car=2 track=0 frame=2 mode=0 draw=129566 present=31457 track_us=12483 prepare=24538 raster=52074 blit=11330 player=35585 opponents=52484 upscale=20200 hud=3279 crc=1773259784
[1789104282375] [[32minfo[0m] [RasterAB] car=2 track=0 frame=2 mode=1 draw=120996 present=31451 track_us=12476 prepare=24725 raster=43396 blit=11377 player=32162 opponents=47472 upscale=20201 hud=3275 crc=1773259784
[1789104282708] [[32minfo[0m] [RasterAB] car=2 track=0 frame=3 mode=0 draw=103385 present=31461 track_us=11186 prepare=17836 raster=31668 blit=7175 player=33900 opponents=29292 upscale=20178 hud=3411 crc=231970511
[1789104282716] [[32minfo[0m] [RasterAB] car=2 track=0 frame=3 mode=1 draw=98893 present=31432 track_us=11204 prepare=17843 raster=27096 blit=7122 player=30836 opponents=27749 upscale=20183 hud=3406 crc=231970511
[1789104283040] [[32minfo[0m] [HudStage] map_us=1306 total_us=3248 map_cached=true
[1789104283097] [[32minfo[0m] [RasterAB] car=2 track=0 frame=4 mode=0 draw=128226 present=31441 track_us=15587 prepare=24682 raster=49571 blit=9223 player=33139 opponents=50474 upscale=20191 hud=3312 crc=289810520
[1789104283105] [[32minfo[0m] [RasterAB] car=2 track=0 frame=4 mode=1 draw=121404 present=31503 track_us=15536 prepare=24693 raster=41833 blit=9265 player=30009 opponents=45925 upscale=20190 hud=4326 crc=289810520
[1789104283144] [[32minfo[0m] [PaintStage] rows=141 clear_us=487 fill_us=5694 copy_us=3579
[1789104283145] [[32minfo[0m] [TrackStage] project_us=4357 paint_us=10901 lines_us=13 wireframe=false
[1789104283248] [[32minfo[0m] [RaceStage] track_us=21341 cars_us=77556 upscale_us=20193 scene_width=234 surfaces=113 cars=3 track_id=0 player_car=2 submitted=3 player_us=31586 opponents_us=45571 player_native=true prepare_us=24630 raster_us=42005 blit_us=10393 candidate_rows_before=4480 candidate_rows_after=1529
[1789104283511] [[32minfo[0m] [RasterAB] car=2 track=0 frame=5 mode=0 draw=128858 present=31486 track_us=14307 prepare=24723 raster=50316 blit=10371 player=34843 opponents=50701 upscale=20185 hud=3296 crc=1704090501
[1789104283520] [[32minfo[0m] [RasterAB] car=2 track=0 frame=5 mode=1 draw=145123 present=31948 track_us=21341 prepare=24630 raster=42005 blit=10393 player=31586 opponents=45571 upscale=20193 hud=3365 crc=1704090501
[1789104283580] [[32minfo[0m] [CarStage] car=3 panels=793 vertices=1226 tiles=1 prepare_us=8481 raster_us=11652 blit_us=1575
[1789104283890] [[32minfo[0m] [RasterAB] car=2 track=0 frame=6 mode=0 draw=124675 present=31449 track_us=14082 prepare=24763 raster=47954 blit=7549 player=31887 opponents=49626 upscale=20212 hud=3312 crc=3752984351
[1789104283899] [[32minfo[0m] [RasterAB] car=2 track=0 frame=6 mode=1 draw=115598 present=31467 track_us=14052 prepare=24641 raster=40296 blit=7535 player=28901 opponents=43707 upscale=20183 hud=3309 crc=3752984351
[1789104284232] [[32minfo[0m] [RasterAB] car=2 track=0 frame=7 mode=0 draw=103407 present=31430 track_us=13115 prepare=18114 raster=31388 blit=5001 player=32558 opponents=28540 upscale=20200 hud=3519 crc=1881686865
[1789104284241] [[32minfo[0m] [RasterAB] car=2 track=0 frame=7 mode=1 draw=99147 present=31663 track_us=13138 prepare=18067 raster=27075 blit=5037 player=29551 opponents=27244 upscale=20178 hud=3495 crc=1881686865
[1789104284629] [[32minfo[0m] [RasterAB] car=2 track=0 frame=8 mode=0 draw=133277 present=31470 track_us=12516 prepare=24968 raster=51090 blit=15551 player=38726 opponents=53016 upscale=20198 hud=3284 crc=1952701432
[1789104284638] [[32minfo[0m] [RasterAB] car=2 track=0 frame=8 mode=1 draw=124138 present=31456 track_us=12465 prepare=24632 raster=42434 blit=15528 player=35273 opponents=47457 upscale=20191 hud=3331 crc=1952701432
[1789104285038] [[32minfo[0m] [RasterAB] car=2 track=0 frame=9 mode=0 draw=138499 present=31461 track_us=26925 prepare=24646 raster=49614 blit=8260 player=32548 opponents=50109 upscale=20199 hud=3286 crc=2520358640
[1789104285047] [[32minfo[0m] [RasterAB] car=2 track=0 frame=9 mode=1 draw=130313 present=31471 track_us=26984 prepare=24662 raster=41293 blit=8207 player=29470 opponents=44826 upscale=20210 hud=3321 crc=2520358640
[1789104285204] [[32minfo[0m] [HudStage] map_us=1332 total_us=3289 map_cached=true
[1789104285292] [[32minfo[0m] [PaintStage] rows=227 clear_us=771 fill_us=12022 copy_us=5673
[1789104285293] [[32minfo[0m] [TrackStage] project_us=6730 paint_us=19730 lines_us=13 wireframe=false
[1789104285396] [[32minfo[0m] [RaceStage] track_us=32647 cars_us=76435 upscale_us=20219 scene_width=234 surfaces=312 cars=3 track_id=0 player_car=2 submitted=3 player_us=30108 opponents_us=45920 player_native=true prepare_us=24639 raster_us=42579 blit_us=8680 candidate_rows_before=2800 candidate_rows_after=780
[1789104285472] [[32minfo[0m] [RasterAB] car=2 track=0 frame=10 mode=0 draw=139330 present=31509 track_us=25050 prepare=24640 raster=50687 blit=8657 player=33190 opponents=50928 upscale=20220 hud=4372 crc=2098459330
[1789104285481] [[32minfo[0m] [RasterAB] car=2 track=0 frame=10 mode=1 draw=155584 present=31414 track_us=32647 prepare=24639 raster=42579 blit=8680 player=30108 opponents=45920 upscale=20219 hud=3419 crc=2098459330
[1789104285600] [[32minfo[0m] [CarStage] car=2 panels=967 vertices=1181 tiles=1 prepare_us=9609 raster_us=18129 blit_us=4096
[1789104285837] [[32minfo[0m] [RasterAB] car=2 track=0 frame=11 mode=0 draw=114396 present=31472 track_us=21808 prepare=17984 raster=32994 blit=5856 player=35110 opponents=28414 upscale=20197 hud=3447 crc=3147481479
[1789104285846] [[32minfo[0m] [RasterAB] car=2 track=0 frame=11 mode=1 draw=111205 present=31411 track_us=21847 prepare=18046 raster=28358 blit=5915 player=32979 opponents=27195 upscale=20198 hud=3460 crc=3147481479
[1789104286234] [[32minfo[0m] [RasterAB] car=2 track=0 frame=12 mode=0 draw=132896 present=31695 track_us=17318 prepare=24682 raster=51638 blit=10048 player=34576 opponents=51928 upscale=20182 hud=3350 crc=3581806174
[1789104286243] [[32minfo[0m] [RasterAB] car=2 track=0 frame=12 mode=1 draw=124330 present=31452 track_us=17299 prepare=24620 raster=43223 blit=10062 player=31431 opponents=46608 upscale=20195 hud=3322 crc=3581806174
[1789104286625] [[32minfo[0m] [RasterAB] car=2 track=0 frame=13 mode=0 draw=129700 present=31450 track_us=14196 prepare=24697 raster=51687 blit=10041 player=34134 opponents=52435 upscale=20186 hud=3314 crc=2222256173
[1789104286634] [[32minfo[0m] [RasterAB] car=2 track=0 frame=13 mode=1 draw=122264 present=31464 track_us=14222 prepare=25235 raster=43625 blit=9988 player=31168 opponents=47821 upscale=20205 hud=3294 crc=2222256173
[1789104287012] [[32minfo[0m] [RasterAB] car=2 track=0 frame=14 mode=0 draw=128225 present=31473 track_us=12661 prepare=24678 raster=51162 blit=10569 player=35126 opponents=51417 upscale=20190 hud=3289 crc=704210256
[1789104287021] [[32minfo[0m] [RasterAB] car=2 track=0 frame=14 mode=1 draw=119623 present=31424 track_us=12637 prepare=24647 raster=42728 blit=10519 player=31969 opponents=46057 upscale=20200 hud=3334 crc=704210256
[1789104287309] [[32minfo[0m] [HudStage] map_us=1343 total_us=3420 map_cached=true
[1789104287367] [[32minfo[0m] [RasterAB] car=2 track=0 frame=15 mode=0 draw=110855 present=31491 track_us=11706 prepare=18047 raster=37240 blit=7007 player=40018 opponents=29016 upscale=20196 hud=4478 crc=493340835
[1789104287375] [[32minfo[0m] [RasterAB] car=2 track=0 frame=15 mode=1 draw=103798 present=31451 track_us=11732 prepare=18112 raster=31134 blit=6941 player=35544 opponents=27342 upscale=20194 hud=3458 crc=493340835
[1789104287414] [[32minfo[0m] [PaintStage] rows=145 clear_us=493 fill_us=5865 copy_us=3830
[1789104287415] [[32minfo[0m] [TrackStage] project_us=3998 paint_us=11326 lines_us=13 wireframe=false
[1789104287537] [[32minfo[0m] [RaceStage] track_us=21429 cars_us=95581 upscale_us=20189 scene_width=234 surfaces=111 cars=3 track_id=0 player_car=2 submitted=3 player_us=38124 opponents_us=57063 player_native=true prepare_us=24702 raster_us=56222 blit_us=14130 candidate_rows_before=3024 candidate_rows_after=1281
[1789104287655] [[32minfo[0m] [CarStage] car=3 panels=793 vertices=1226 tiles=1 prepare_us=8478 raster_us=10546 blit_us=2295
[1789104287800] [[32minfo[0m] [RasterAB] car=2 track=0 frame=16 mode=0 draw=163236 present=31449 track_us=21429 prepare=24702 raster=56222 blit=14130 player=38124 opponents=57063 upscale=20189 hud=3397 crc=2452129120
[1789104287809] [[32minfo[0m] [RasterAB] car=2 track=0 frame=16 mode=1 draw=130168 present=31452 track_us=14337 prepare=24722 raster=46695 blit=14138 player=34678 opponents=52119 upscale=20259 hud=3329 crc=2452129120
[1789104288197] [[32minfo[0m] [RasterAB] car=2 track=0 frame=17 mode=0 draw=133448 present=31437 track_us=14800 prepare=24894 raster=53242 blit=11444 player=36788 opponents=52925 upscale=20196 hud=3297 crc=3835769941
[1789104288206] [[32minfo[0m] [RasterAB] car=2 track=0 frame=17 mode=1 draw=124118 present=31479 track_us=14851 prepare=24654 raster=44114 blit=11391 player=33319 opponents=46976 upscale=20176 hud=3282 crc=3835769941
[1789104288601] [[32minfo[0m] [RasterAB] car=2 track=0 frame=18 mode=0 draw=137408 present=31484 track_us=13439 prepare=25247 raster=57416 blit=12155 player=38591 opponents=56367 upscale=20171 hud=3285 crc=3893001299
[1789104288610] [[32minfo[0m] [RasterAB] car=2 track=0 frame=18 mode=1 draw=126890 present=31476 track_us=13430 prepare=24678 raster=47556 blit=12139 player=34309 opponents=50198 upscale=20177 hud=3336 crc=3893001299
[1789104288954] [[32minfo[0m] [RasterAB] car=2 track=0 frame=19 mode=0 draw=108919 present=31429 track_us=13311 prepare=18079 raster=34420 blit=7374 player=37265 opponents=29227 upscale=20195 hud=3482 crc=987973164
[1789104288963] [[32minfo[0m] [RasterAB] car=2 track=0 frame=19 mode=1 draw=104064 present=31441 track_us=13353 prepare=18114 raster=29432 blit=7350 player=33749 opponents=27802 upscale=20183 hud=3441 crc=987973164
[1789104289345] [[32minfo[0m] [RasterAB] car=2 track=0 frame=20 mode=0 draw=130546 present=31507 track_us=11161 prepare=24722 raster=53040 blit=12200 player=37432 opponents=52666 upscale=20419 hud=3285 crc=1392075203
[1789104289354] [[32minfo[0m] [RasterAB] car=2 track=0 frame=20 mode=1 draw=120759 present=31983 track_us=11131 prepare=24608 raster=43787 blit=12165 player=33833 opponents=46858 upscale=20181 hud=3313 crc=1392075203
[1789104289512] [[32minfo[0m] [HudStage] map_us=1309 total_us=3263 map_cached=true
[1789104289597] [[32minfo[0m] [PaintStage] rows=128 clear_us=459 fill_us=11520 copy_us=3385
[1789104289598] [[32minfo[0m] [TrackStage] project_us=7923 paint_us=16614 lines_us=15 wireframe=false
[1789104289688] [[32minfo[0m] [CarStage] car=2 panels=967 vertices=1181 tiles=1 prepare_us=9643 raster_us=24394 blit_us=5589
[1789104289722] [[32minfo[0m] [RaceStage] track_us=30702 cars_us=97637 upscale_us=20200 scene_width=234 surfaces=412 cars=3 track_id=0 player_car=2 submitted=3 player_us=40760 opponents_us=56439 player_native=true prepare_us=24659 raster_us=56817 blit_us=14492 candidate_rows_before=5712 candidate_rows_after=1341
[1789104289799] [[32minfo[0m] [RasterAB] car=2 track=0 frame=21 mode=0 draw=174519 present=31435 track_us=30702 prepare=24659 raster=56817 blit=14492 player=40760 opponents=56439 upscale=20200 hud=3388 crc=792768404
[1789104289808] [[32minfo[0m] [RasterAB] car=2 track=0 frame=21 mode=1 draw=139990 present=31459 track_us=23530 prepare=24698 raster=47082 blit=14414 player=35772 opponents=50561 upscale=20198 hud=4356 crc=792768404
[1789104290234] [[32minfo[0m] [RasterAB] car=2 track=0 frame=22 mode=0 draw=151598 present=31454 track_us=23915 prepare=24562 raster=53115 blit=20813 player=39517 opponents=59102 upscale=20208 hud=3301 crc=2310164141
[1789104290243] [[32minfo[0m] [RasterAB] car=2 track=0 frame=22 mode=1 draw=142991 present=31423 track_us=23920 prepare=24573 raster=44543 blit=20784 player=36270 opponents=53760 upscale=20214 hud=3347 crc=2310164141
[1789104290597] [[32minfo[0m] [RasterAB] car=2 track=0 frame=23 mode=0 draw=113676 present=31433 track_us=20925 prepare=17942 raster=32503 blit=6486 player=34943 opponents=28729 upscale=20180 hud=3446 crc=610925346
[1789104290605] [[32minfo[0m] [RasterAB] car=2 track=0 frame=23 mode=1 draw=110515 present=31434 track_us=21061 prepare=18612 raster=28077 blit=6453 player=31948 opponents=27884 upscale=20199 hud=3437 crc=610925346
[1789104291000] [[32minfo[0m] [RasterAB] car=2 track=0 frame=24 mode=0 draw=136205 present=31471 track_us=16649 prepare=24577 raster=51962 blit=13825 player=36589 opponents=53908 upscale=20197 hud=3309 crc=3812540814
[1789104291009] [[32minfo[0m] [RasterAB] car=2 track=0 frame=24 mode=1 draw=127620 present=31462 track_us=16619 prepare=24676 raster=43453 blit=13779 player=33411 opponents=48625 upscale=20207 hud=3332 crc=3812540814
[1789104291028] [[32minfo[0m] [RasterAB] GROUP car=2 track=0 mismatches=0 stack_free=2436
[1789104291583] [[32minfo[0m] [HudStage] map_us=1343 total_us=3312 map_cached=true
[1789104291660] [[32minfo[0m] [PaintStage] rows=128 clear_us=437 fill_us=6926 copy_us=3492
[1789104291661] [[32minfo[0m] [TrackStage] project_us=4526 paint_us=12041 lines_us=14 wireframe=false
[1789104291690] [[32minfo[0m] [CarStage] car=3 panels=793 vertices=1226 tiles=1 prepare_us=8311 raster_us=12236 blit_us=2011
[1789104291792] [[32minfo[0m] [RaceStage] track_us=22624 cars_us=104527 upscale_us=20243 scene_width=234 surfaces=134 cars=3 track_id=1 player_car=2 submitted=3 player_us=38838 opponents_us=65251 player_native=true prepare_us=24374 raster_us=59130 blit_us=19359 candidate_rows_before=4032 candidate_rows_after=1719
[1789104291869] [[32minfo[0m] [RasterAB] car=2 track=1 frame=1 mode=0 draw=173511 present=31443 track_us=22624 prepare=24374 raster=59130 blit=19359 player=38838 opponents=65251 upscale=20243 hud=3394 crc=1157642002
[1789104291878] [[32minfo[0m] [RasterAB] car=2 track=1 frame=1 mode=1 draw=138355 present=31487 track_us=15578 prepare=24377 raster=48929 blit=19315 player=34843 opponents=57914 upscale=20186 hud=4368 crc=1157642002
[1789104292278] [[32minfo[0m] [RasterAB] car=2 track=1 frame=2 mode=0 draw=139537 present=31437 track_us=18623 prepare=24516 raster=51581 blit=15550 player=38882 opponents=52905 upscale=20199 hud=3364 crc=1734065081
[1789104292287] [[32minfo[0m] [RasterAB] car=2 track=1 frame=2 mode=1 draw=130336 present=31485 track_us=18587 prepare=24471 raster=42770 blit=15374 player=35574 opponents=47178 upscale=20204 hud=3304 crc=1734065081
[1789104292634] [[32minfo[0m] [RasterAB] car=2 track=1 frame=3 mode=0 draw=110521 present=31410 track_us=19050 prepare=18155 raster=31787 blit=5628 player=33572 opponents=28671 upscale=20209 hud=3547 crc=1884451445
[1789104292643] [[32minfo[0m] [RasterAB] car=2 track=1 frame=3 mode=1 draw=106135 present=31460 track_us=19071 prepare=18208 raster=27274 blit=5562 player=30449 opponents=27333 upscale=20218 hud=3460 crc=1884451445
[1789104293008] [[32minfo[0m] [RasterAB] car=2 track=1 frame=4 mode=0 draw=120078 present=31477 track_us=18805 prepare=24721 raster=41173 blit=6065 player=28543 opponents=43556 upscale=20208 hud=3310 crc=2979809503
[1789104293017] [[32minfo[0m] [RasterAB] car=2 track=1 frame=4 mode=1 draw=114065 present=31448 track_us=18769 prepare=24717 raster=35343 blit=6059 player=26260 opponents=39993 upscale=20196 hud=3319 crc=2979809503
[1789104293388] [[32minfo[0m] [RasterAB] car=2 track=1 frame=5 mode=0 draw=123895 present=31472 track_us=13962 prepare=24809 raster=46324 blit=9643 player=32659 opponents=48253 upscale=20182 hud=3307 crc=2171696742
[1789104293397] [[32minfo[0m] [RasterAB] car=2 track=1 frame=5 mode=1 draw=116272 present=31487 track_us=13978 prepare=24795 raster=38618 blit=9597 player=29417 opponents=43728 upscale=20192 hud=3296 crc=2171696742
[1789104293699] [[32minfo[0m] [CarStage] car=2 panels=967 vertices=1181 tiles=1 prepare_us=9668 raster_us=20098 blit_us=4233
[1789104293732] [[32minfo[0m] [HudStage] map_us=1374 total_us=3337 map_cached=true
[1789104293789] [[32minfo[0m] [RasterAB] car=2 track=1 frame=6 mode=0 draw=134846 present=31467 track_us=12700 prepare=24807 raster=56620 blit=11405 player=37833 opponents=55136 upscale=20188 hud=3344 crc=459254082
[1789104293797] [[32minfo[0m] [RasterAB] car=2 track=1 frame=6 mode=1 draw=127348 present=31485 track_us=12667 prepare=24853 raster=47002 blit=11412 player=35143 opponents=49360 upscale=20205 hud=4418 crc=459254082
[1789104293834] [[32minfo[0m] [PaintStage] rows=154 clear_us=519 fill_us=4595 copy_us=3973
[1789104293835] [[32minfo[0m] [TrackStage] project_us=3476 paint_us=10248 lines_us=13 wireframe=false
[1789104293924] [[32minfo[0m] [RaceStage] track_us=19810 cars_us=62954 upscale_us=20198 scene_width=234 surfaces=55 cars=3 track_id=1 player_car=2 submitted=3 player_us=34819 opponents_us=27687 player_native=true prepare_us=18138 raster_us=30539 blit_us=7171 candidate_rows_before=1344 candidate_rows_after=769
[1789104294167] [[32minfo[0m] [RasterAB] car=2 track=1 frame=7 mode=0 draw=110264 present=31437 track_us=12756 prepare=18206 raster=36177 blit=7165 player=38707 opponents=29616 upscale=20200 hud=3482 crc=2446719452
[1789104294175] [[32minfo[0m] [RasterAB] car=2 track=1 frame=7 mode=1 draw=128906 present=31473 track_us=19810 prepare=18138 raster=30539 blit=7171 player=34819 opponents=27687 upscale=20198 hud=3550 crc=2446719452
[1789104294565] [[32minfo[0m] [RasterAB] car=2 track=1 frame=8 mode=0 draw=134475 present=31458 track_us=13320 prepare=25273 raster=54579 blit=11931 player=38496 opponents=53421 upscale=20203 hud=3391 crc=506529615
[1789104294574] [[32minfo[0m] [RasterAB] car=2 track=1 frame=8 mode=1 draw=124054 present=31468 track_us=13307 prepare=24745 raster=44841 blit=11928 player=34692 opponents=46951 upscale=20195 hud=3380 crc=506529615
[1789104294989] [[32minfo[0m] [RasterAB] car=2 track=1 frame=9 mode=0 draw=147606 present=31446 track_us=14886 prepare=24766 raster=62023 blit=16640 player=45055 opponents=58504 upscale=20204 hud=3386 crc=3275601119
[1789104294998] [[32minfo[0m] [RasterAB] car=2 track=1 frame=9 mode=1 draw=136922 present=31481 track_us=14921 prepare=24800 raster=51182 blit=16666 player=40822 opponents=51958 upscale=20183 hud=3366 crc=3275601119
[1789104295407] [[32minfo[0m] [RasterAB] car=2 track=1 frame=10 mode=0 draw=143204 present=31477 track_us=19633 prepare=24751 raster=54414 blit=15051 player=38080 opponents=56265 upscale=20198 hud=3350 crc=3872312302
[1789104295416] [[32minfo[0m] [RasterAB] car=2 track=1 frame=10 mode=1 draw=134718 present=31463 track_us=19342 prepare=24821 raster=45783 blit=15050 player=35194 opponents=50603 upscale=20682 hud=3352 crc=3872312302
[1789104295705] [[32minfo[0m] [CarStage] car=4 panels=627 vertices=869 tiles=1 prepare_us=6576 raster_us=687 blit_us=1034
[1789104295766] [[32minfo[0m] [RasterAB] car=2 track=1 frame=11 mode=0 draw=111905 present=31447 track_us=19685 prepare=24702 raster=30458 blit=6641 player=32364 opponents=30711 upscale=20214 hud=3363 crc=3992067037
[1789104295775] [[32minfo[0m] [RasterAB] car=2 track=1 frame=11 mode=1 draw=106961 present=31449 track_us=19732 prepare=24801 raster=26564 blit=6575 player=29565 opponents=28503 upscale=20220 hud=3314 crc=3992067037
[1789104295915] [[32minfo[0m] [HudStage] map_us=1365 total_us=3303 map_cached=true
[1789104295996] [[32minfo[0m] [PaintStage] rows=232 clear_us=823 fill_us=7544 copy_us=5398
[1789104295997] [[32minfo[0m] [TrackStage] project_us=4582 paint_us=15056 lines_us=14 wireframe=false
[1789104296091] [[32minfo[0m] [RaceStage] track_us=25721 cars_us=67989 upscale_us=20439 scene_width=234 surfaces=124 cars=3 track_id=1 player_car=2 submitted=3 player_us=26968 opponents_us=40537 player_native=true prepare_us=24776 raster_us=35383 blit_us=7216 candidate_rows_before=2688 candidate_rows_after=971
[1789104296168] [[32minfo[0m] [RasterAB] car=2 track=1 frame=12 mode=0 draw=122407 present=31447 track_us=18630 prepare=24733 raster=41460 blit=7174 player=29267 opponents=44232 upscale=20204 hud=4435 crc=1860298179
[1789104296177] [[32minfo[0m] [RasterAB] car=2 track=1 frame=12 mode=1 draw=140028 present=31450 track_us=25721 prepare=24776 raster=35383 blit=7216 player=26968 opponents=40537 upscale=20439 hud=3383 crc=1860298179
[1789104296552] [[32minfo[0m] [RasterAB] car=2 track=1 frame=13 mode=0 draw=125550 present=31413 track_us=14121 prepare=24813 raster=47172 blit=10189 player=32735 opponents=49577 upscale=20195 hud=3407 crc=2885586400
[1789104296561] [[32minfo[0m] [RasterAB] car=2 track=1 frame=13 mode=1 draw=118795 present=31467 track_us=14135 prepare=24716 raster=40424 blit=10178 player=29898 opponents=45553 upscale=20209 hud=3370 crc=2885586400
[1789104296941] [[32minfo[0m] [RasterAB] car=2 track=1 frame=14 mode=0 draw=129310 present=31457 track_us=12953 prepare=24789 raster=51596 blit=10720 player=35514 opponents=51731 upscale=20180 hud=3362 crc=660970169
[1789104296950] [[32minfo[0m] [RasterAB] car=2 track=1 frame=14 mode=1 draw=120295 present=31490 track_us=12877 prepare=24747 raster=42783 blit=10708 player=32195 opponents=46177 upscale=20197 hud=3333 crc=660970169
[1789104297298] [[32minfo[0m] [RasterAB] car=2 track=1 frame=15 mode=0 draw=111606 present=31467 track_us=11964 prepare=18192 raster=39028 blit=6523 player=41013 opponents=29500 upscale=20187 hud=3495 crc=2821421518
[1789104297307] [[32minfo[0m] [RasterAB] car=2 track=1 frame=15 mode=1 draw=106010 present=31493 track_us=11936 prepare=18441 raster=32999 blit=6554 player=37016 opponents=27738 upscale=20182 hud=3523 crc=2821421518
[1789104297708] [[32minfo[0m] [RasterAB] car=2 track=1 frame=16 mode=0 draw=140613 present=31456 track_us=12373 prepare=24755 raster=60801 blit=13266 player=39496 opponents=59459 upscale=20173 hud=3425 crc=2816339345
[1789104297717] [[32minfo[0m] [RasterAB] car=2 track=1 frame=16 mode=1 draw=129764 present=31466 track_us=12334 prepare=24751 raster=50150 blit=13248 player=35565 opponents=52718 upscale=20189 hud=3388 crc=2816339345
[1789104297779] [[32minfo[0m] [CarStage] car=3 panels=793 vertices=1226 tiles=1 prepare_us=8475 raster_us=10293 blit_us=2709
[1789104298062] [[32minfo[0m] [HudStage] map_us=1393 total_us=3327 map_cached=true
[1789104298119] [[32minfo[0m] [RasterAB] car=2 track=1 frame=17 mode=0 draw=140189 present=31476 track_us=16308 prepare=24965 raster=53870 blit=14769 player=37636 opponents=56102 upscale=20187 hud=4421 crc=3099003767
[1789104298127] [[32minfo[0m] [RasterAB] car=2 track=1 frame=17 mode=1 draw=130840 present=31451 track_us=16341 prepare=24829 raster=44432 blit=14741 player=34195 opponents=51038 upscale=20218 hud=3403 crc=3099003767
[1789104298169] [[32minfo[0m] [PaintStage] rows=132 clear_us=451 fill_us=7866 copy_us=3419
[1789104298170] [[32minfo[0m] [TrackStage] project_us=5139 paint_us=12882 lines_us=14 wireframe=false
[1789104298296] [[32minfo[0m] [RaceStage] track_us=24196 cars_us=100146 upscale_us=20171 scene_width=234 surfaces=171 cars=3 track_id=1 player_car=2 submitted=3 player_us=39846 opponents_us=59823 player_native=true prepare_us=24677 raster_us=56850 blit_us=18010 candidate_rows_before=7616 candidate_rows_after=2496
[1789104298565] [[32minfo[0m] [RasterAB] car=2 track=1 frame=18 mode=0 draw=170707 present=31410 track_us=24196 prepare=24677 raster=56850 blit=18010 player=39846 opponents=59823 upscale=20171 hud=3468 crc=3327388199
[1789104298574] [[32minfo[0m] [RasterAB] car=2 track=1 frame=18 mode=1 draw=136068 present=31465 track_us=17026 prepare=24768 raster=47071 blit=17992 player=35975 opponents=53985 upscale=20171 hud=3400 crc=3327388199
[1789104298921] [[32minfo[0m] [RasterAB] car=2 track=1 frame=19 mode=0 draw=110189 present=31473 track_us=19802 prepare=18168 raster=30296 blit=5939 player=32668 opponents=28445 upscale=20222 hud=3511 crc=2390646059
[1789104298930] [[32minfo[0m] [RasterAB] car=2 track=1 frame=19 mode=1 draw=106287 present=31425 track_us=19856 prepare=18163 raster=26239 blit=5964 player=29822 opponents=27199 upscale=20209 hud=3567 crc=2390646059
[1789104299301] [[32minfo[0m] [RasterAB] car=2 track=1 frame=20 mode=0 draw=123598 present=31480 track_us=19402 prepare=24776 raster=42786 blit=7370 player=30126 opponents=44935 upscale=20204 hud=3301 crc=351138204
[1789104299310] [[32minfo[0m] [RasterAB] car=2 track=1 frame=20 mode=1 draw=116720 present=31455 track_us=19356 prepare=24773 raster=36082 blit=7317 player=27268 opponents=41037 upscale=20183 hud=3349 crc=351138204
[1789104299687] [[32minfo[0m] [RasterAB] car=2 track=1 frame=21 mode=0 draw=126719 present=31443 track_us=13529 prepare=24732 raster=48714 blit=10523 player=34322 opponents=49783 upscale=20194 hud=3335 crc=185844627
[1789104299696] [[32minfo[0m] [RasterAB] car=2 track=1 frame=21 mode=1 draw=119062 present=31484 track_us=13592 prepare=24848 raster=40835 blit=10494 player=31231 opponents=45077 upscale=20176 hud=3353 crc=185844627
[1789104299813] [[32minfo[0m] [CarStage] car=2 panels=967 vertices=1181 tiles=1 prepare_us=9692 raster_us=21809 blit_us=4594
[1789104300089] [[32minfo[0m] [RasterAB] car=2 track=1 frame=22 mode=0 draw=136034 present=31468 track_us=14384 prepare=24856 raster=54292 blit=12087 player=37243 opponents=55232 upscale=20204 hud=3327 crc=3422049592
[1789104300098] [[32minfo[0m] [RasterAB] car=2 track=1 frame=22 mode=1 draw=125860 present=31460 track_us=14382 prepare=24766 raster=45199 blit=12283 player=32764 opponents=49620 upscale=20203 hud=3390 crc=3422049592
[1789104300221] [[32minfo[0m] [HudStage] map_us=1418 total_us=3473 map_cached=true
[1789104300298] [[32minfo[0m] [PaintStage] rows=154 clear_us=540 fill_us=5120 copy_us=3786
[1789104300299] [[32minfo[0m] [TrackStage] project_us=4218 paint_us=10671 lines_us=14 wireframe=false
[1789104300392] [[32minfo[0m] [RaceStage] track_us=20978 cars_us=66754 upscale_us=20184 scene_width=234 surfaces=113 cars=3 track_id=1 player_car=2 submitted=3 player_us=37603 opponents_us=28681 player_native=true prepare_us=18130 raster_us=34034 blit_us=7383 candidate_rows_before=2240 candidate_rows_after=1195
[1789104300469] [[32minfo[0m] [RasterAB] car=2 track=1 frame=23 mode=0 draw=134093 present=31425 track_us=20978 prepare=18130 raster=34034 blit=7383 player=37603 opponents=28681 upscale=20184 hud=3562 crc=3266795219
[1789104300478] [[32minfo[0m] [RasterAB] car=2 track=1 frame=23 mode=1 draw=105503 present=31482 track_us=13896 prepare=18149 raster=29027 blit=7362 player=33928 opponents=27353 upscale=20188 hud=4528 crc=3266795219
[1789104300897] [[32minfo[0m] [RasterAB] car=2 track=1 frame=24 mode=0 draw=149932 present=31462 track_us=13785 prepare=24788 raster=63918 blit=18077 player=44650 opponents=62264 upscale=20194 hud=3443 crc=214935265
[1789104300906] [[32minfo[0m] [RasterAB] car=2 track=1 frame=24 mode=1 draw=138431 present=31475 track_us=13750 prepare=24794 raster=52586 blit=18071 player=40207 opponents=55375 upscale=20223 hud=3359 crc=214935265
[1789104300925] [[32minfo[0m] [RasterAB] GROUP car=2 track=1 mismatches=0 stack_free=2436
[1789104301675] [[32minfo[0m] [RasterAB] car=2 track=2 frame=1 mode=0 draw=129243 present=31450 track_us=12346 prepare=24315 raster=53479 blit=10286 player=34715 opponents=53480 upscale=20182 hud=3238 crc=328611226
[1789104301684] [[32minfo[0m] [RasterAB] car=2 track=2 frame=1 mode=1 draw=120598 present=31436 track_us=12345 prepare=24399 raster=44654 blit=10261 player=31440 opponents=47984 upscale=20216 hud=3235 crc=328611226
[1789104301831] [[32minfo[0m] [CarStage] car=4 panels=627 vertices=869 tiles=1 prepare_us=6620 raster_us=19863 blit_us=3809
[1789104302070] [[32minfo[0m] [RasterAB] car=2 track=2 frame=2 mode=0 draw=133069 present=31450 track_us=12244 prepare=24772 raster=54325 blit=11623 player=38158 opponents=53774 upscale=20201 hud=3283 crc=4244431843
[1789104302079] [[32minfo[0m] [RasterAB] car=2 track=2 frame=2 mode=1 draw=122156 present=31673 track_us=12200 prepare=24807 raster=44752 blit=11569 player=34428 opponents=46827 upscale=20199 hud=3211 crc=4244431843
[1789104302373] [[32minfo[0m] [HudStage] map_us=1284 total_us=3356 map_cached=true
[1789104302431] [[32minfo[0m] [RasterAB] car=2 track=2 frame=3 mode=0 draw=114756 present=31481 track_us=10772 prepare=18229 raster=41632 blit=6875 player=43543 opponents=30055 upscale=20687 hud=4413 crc=2138479629
[1789104302439] [[32minfo[0m] [RasterAB] car=2 track=2 frame=3 mode=1 draw=106643 present=31422 track_us=10807 prepare=18159 raster=35060 blit=6833 player=38702 opponents=28167 upscale=20194 hud=3387 crc=2138479629
[1789104302487] [[32minfo[0m] [PaintStage] rows=232 clear_us=793 fill_us=11214 copy_us=5524
[1789104302488] [[32minfo[0m] [TrackStage] project_us=5793 paint_us=18817 lines_us=10 wireframe=false
[1789104302616] [[32minfo[0m] [RaceStage] track_us=30771 cars_us=101262 upscale_us=20223 scene_width=234 surfaces=330 cars=3 track_id=2 player_car=2 submitted=3 player_us=39506 opponents_us=61439 player_native=true prepare_us=24729 raster_us=62073 blit_us=14010 candidate_rows_before=2352 candidate_rows_after=1050
[1789104302891] [[32minfo[0m] [RasterAB] car=2 track=2 frame=4 mode=0 draw=178272 present=31429 track_us=30771 prepare=24729 raster=62073 blit=14010 player=39506 opponents=61439 upscale=20223 hud=3355 crc=1802732943
[1789104302900] [[32minfo[0m] [RasterAB] car=2 track=2 frame=4 mode=1 draw=142401 present=31453 track_us=23570 prepare=24729 raster=51232 blit=13997 player=35529 opponents=54557 upscale=20210 hud=3247 crc=1802732943
[1789104303306] [[32minfo[0m] [RasterAB] car=2 track=2 frame=5 mode=0 draw=142041 present=31428 track_us=17262 prepare=24707 raster=53611 blit=17671 player=41977 opponents=54133 upscale=20188 hud=3203 crc=1098345120
[1789104303315] [[32minfo[0m] [RasterAB] car=2 track=2 frame=5 mode=1 draw=133134 present=31468 track_us=17284 prepare=24753 raster=44504 blit=17671 player=38467 opponents=48601 upscale=20198 hud=3188 crc=1098345120
[1789104303702] [[32minfo[0m] [RasterAB] car=2 track=2 frame=6 mode=0 draw=132971 present=31422 track_us=12235 prepare=24826 raster=55210 blit=11707 player=37671 opponents=54198 upscale=20178 hud=3273 crc=4015148411
[1789104303711] [[32minfo[0m] [RasterAB] car=2 track=2 frame=6 mode=1 draw=123421 present=31410 track_us=12216 prepare=24770 raster=45861 blit=11699 player=33864 opponents=48588 upscale=20197 hud=3267 crc=4015148411
[1789104303934] [[32minfo[0m] [CarStage] car=3 panels=793 vertices=1226 tiles=1 prepare_us=8537 raster_us=11905 blit_us=1797
[1789104304056] [[32minfo[0m] [RasterAB] car=2 track=2 frame=7 mode=0 draw=110328 present=31650 track_us=16500 prepare=18281 raster=33610 blit=5213 player=34910 opponents=30034 upscale=20234 hud=3357 crc=2812643882
[1789104304065] [[32minfo[0m] [RasterAB] car=2 track=2 frame=7 mode=1 draw=104529 present=31432 track_us=16522 prepare=18174 raster=28941 blit=5162 player=31507 opponents=27536 upscale=20213 hud=3375 crc=2812643882
[1789104304402] [[32minfo[0m] [HudStage] map_us=1242 total_us=3166 map_cached=true
[1789104304459] [[32minfo[0m] [RasterAB] car=2 track=2 frame=8 mode=0 draw=136468 present=31458 track_us=11539 prepare=24771 raster=59702 blit=11520 player=45110 opponents=51013 upscale=20207 hud=3192 crc=1797704142
[1789104304467] [[32minfo[0m] [RasterAB] car=2 track=2 frame=8 mode=1 draw=127524 present=31457 track_us=11498 prepare=24889 raster=49656 blit=11546 player=40395 opponents=45832 upscale=20225 hud=4250 crc=1797704142
[1789104304501] [[32minfo[0m] [PaintStage] rows=132 clear_us=448 fill_us=4403 copy_us=3404
[1789104304502] [[32minfo[0m] [TrackStage] project_us=1519 paint_us=9403 lines_us=11 wireframe=false
[1789104304607] [[32minfo[0m] [RaceStage] track_us=16930 cars_us=78607 upscale_us=20182 scene_width=234 surfaces=67 cars=3 track_id=2 player_car=2 submitted=3 player_us=31347 opponents_us=46946 player_native=true prepare_us=24801 raster_us=44995 blit_us=8364 candidate_rows_before=1344 candidate_rows_after=656
[1789104304866] [[32minfo[0m] [RasterAB] car=2 track=2 frame=9 mode=0 draw=125849 present=31453 track_us=9912 prepare=24752 raster=53962 blit=8384 player=34677 opponents=52546 upscale=20183 hud=3199 crc=2025762250
[1789104304874] [[32minfo[0m] [RasterAB] car=2 track=2 frame=9 mode=1 draw=141294 present=31429 track_us=16930 prepare=24801 raster=44995 blit=8364 player=31347 opponents=46946 upscale=20182 hud=3304 crc=2025762250
[1789104305254] [[32minfo[0m] [RasterAB] car=2 track=2 frame=10 mode=0 draw=128393 present=31715 track_us=11118 prepare=24731 raster=51203 blit=12435 player=34908 opponents=53586 upscale=20196 hud=3193 crc=3031443262
[1789104305263] [[32minfo[0m] [RasterAB] car=2 track=2 frame=10 mode=1 draw=119981 present=31444 track_us=11111 prepare=24720 raster=42875 blit=12433 player=31725 opponents=48426 upscale=20180 hud=3227 crc=3031443262
[1789104305663] [[32minfo[0m] [RasterAB] car=2 track=2 frame=11 mode=0 draw=136467 present=31405 track_us=42665 prepare=17979 raster=32584 blit=7654 player=35298 opponents=29585 upscale=20215 hud=3399 crc=4217468685
[1789104305672] [[32minfo[0m] [RasterAB] car=2 track=2 frame=11 mode=1 draw=132724 present=31444 track_us=43106 prepare=18056 raster=28138 blit=7616 player=32169 opponents=28349 upscale=20204 hud=3363 crc=4217468685
[1789104305937] [[32minfo[0m] [CarStage] car=3 panels=793 vertices=1226 tiles=1 prepare_us=8441 raster_us=10240 blit_us=3010
[1789104306074] [[32minfo[0m] [RasterAB] car=2 track=2 frame=12 mode=0 draw=138878 present=31443 track_us=24819 prepare=24664 raster=49959 blit=10523 player=32869 opponents=52401 upscale=20206 hud=3193 crc=2001719370
[1789104306083] [[32minfo[0m] [RasterAB] car=2 track=2 frame=12 mode=1 draw=132021 present=31681 track_us=24769 prepare=24725 raster=42011 blit=10531 player=30058 opponents=48425 upscale=20242 hud=3217 crc=2001719370
[1789104306417] [[32minfo[0m] [HudStage] map_us=1228 total_us=3208 map_cached=true
[1789104306475] [[32minfo[0m] [RasterAB] car=2 track=2 frame=13 mode=0 draw=134708 present=31488 track_us=22412 prepare=24701 raster=47641 blit=9994 player=32312 opponents=50154 upscale=20203 hud=4265 crc=4030092529
[1789104306483] [[32minfo[0m] [RasterAB] car=2 track=2 frame=13 mode=1 draw=126129 present=31457 track_us=22010 prepare=24747 raster=40438 blit=9954 player=29576 opponents=45695 upscale=20224 hud=3224 crc=4030092529
[1789104306526] [[32minfo[0m] [PaintStage] rows=155 clear_us=547 fill_us=9091 copy_us=3764
[1789104306527] [[32minfo[0m] [TrackStage] project_us=4677 paint_us=14682 lines_us=10 wireframe=false
[1789104306636] [[32minfo[0m] [RaceStage] track_us=25392 cars_us=83315 upscale_us=20193 scene_width=234 surfaces=253 cars=3 track_id=2 player_car=2 submitted=3 player_us=33203 opponents_us=49798 player_native=true prepare_us=24695 raster_us=48716 blit_us=9456 candidate_rows_before=7280 candidate_rows_after=2609
[1789104306891] [[32minfo[0m] [RasterAB] car=2 track=2 frame=14 mode=0 draw=154690 present=31417 track_us=25392 prepare=24695 raster=48716 blit=9456 player=33203 opponents=49798 upscale=20193 hud=3296 crc=836680901
[1789104306900] [[32minfo[0m] [RasterAB] car=2 track=2 frame=14 mode=1 draw=122103 present=31451 track_us=18278 prepare=24660 raster=40942 blit=9405 player=30193 opponents=44940 upscale=20209 hud=3192 crc=836680901
[1789104307230] [[32minfo[0m] [RasterAB] car=2 track=2 frame=15 mode=0 draw=102192 present=31432 track_us=11214 prepare=18184 raster=32631 blit=4552 player=33489 opponents=28576 upscale=20190 hud=3374 crc=1426959581
[1789104307239] [[32minfo[0m] [RasterAB] car=2 track=2 frame=15 mode=1 draw=97625 present=31647 track_us=11227 prepare=18166 raster=28049 blit=4568 player=30447 opponents=26946 upscale=20172 hud=3454 crc=1426959581
[1789104307609] [[32minfo[0m] [RasterAB] car=2 track=2 frame=16 mode=0 draw=123924 present=31463 track_us=10688 prepare=24856 raster=49300 blit=9645 player=33346 opponents=50592 upscale=20701 hud=3212 crc=2351737466
[1789104307618] [[32minfo[0m] [RasterAB] car=2 track=2 frame=16 mode=1 draw=115393 present=31432 track_us=10647 prepare=24805 raster=41545 blit=9616 player=30286 opponents=45809 upscale=20199 hud=3204 crc=2351737466
[1789104307972] [[32minfo[0m] [RasterAB] car=2 track=2 frame=17 mode=0 draw=114800 present=31474 track_us=11511 prepare=24677 raster=42813 blit=7079 player=29813 opponents=44878 upscale=20167 hud=3152 crc=3409877993
[1789104307981] [[32minfo[0m] [RasterAB] car=2 track=2 frame=17 mode=1 draw=108617 present=31455 track_us=11533 prepare=24781 raster=36403 blit=7063 player=27367 opponents=41007 upscale=20154 hud=3188 crc=3409877993
[1789104308038] [[32minfo[0m] [CarStage] car=3 panels=793 vertices=1226 tiles=1 prepare_us=8481 raster_us=11109 blit_us=1575
[1789104308338] [[32minfo[0m] [RasterAB] car=2 track=2 frame=18 mode=0 draw=116951 present=31421 track_us=11609 prepare=24738 raster=42061 blit=8490 player=30227 opponents=46284 upscale=20197 hud=3228 crc=4059984399
[1789104308347] [[32minfo[0m] [RasterAB] car=2 track=2 frame=18 mode=1 draw=109066 present=31905 track_us=11585 prepare=24748 raster=35513 blit=8479 player=27578 opponents=41291 upscale=20175 hud=3158 crc=4059984399
[1789104308501] [[32minfo[0m] [HudStage] map_us=1258 total_us=3134 map_cached=true
[1789104308575] [[32minfo[0m] [PaintStage] rows=174 clear_us=605 fill_us=5559 copy_us=4333
[1789104308576] [[32minfo[0m] [TrackStage] project_us=1817 paint_us=11736 lines_us=10 wireframe=false
[1789104308710] [[32minfo[0m] [RaceStage] track_us=19634 cars_us=107059 upscale_us=20178 scene_width=234 surfaces=87 cars=3 track_id=2 player_car=2 submitted=3 player_us=29926 opponents_us=76824 player_native=true prepare_us=24784 raster_us=73083 blit_us=8750 candidate_rows_before=2016 candidate_rows_after=679
[1789104308786] [[32minfo[0m] [RasterAB] car=2 track=2 frame=19 mode=0 draw=172439 present=31407 track_us=19634 prepare=24784 raster=73083 blit=8750 player=29926 opponents=76824 upscale=20178 hud=3205 crc=718615711
[1789104308795] [[32minfo[0m] [RasterAB] car=2 track=2 frame=19 mode=1 draw=136160 present=31487 track_us=12564 prepare=24812 raster=60180 blit=8694 player=27570 opponents=66240 upscale=20181 hud=4183 crc=718615711
[1789104309177] [[32minfo[0m] [RasterAB] car=2 track=2 frame=20 mode=0 draw=129293 present=31442 track_us=19407 prepare=24738 raster=47072 blit=9179 player=32990 opponents=48123 upscale=20185 hud=3204 crc=1634264337
[1789104309186] [[32minfo[0m] [RasterAB] car=2 track=2 frame=20 mode=1 draw=121910 present=31421 track_us=19377 prepare=25001 raster=39518 blit=9227 player=30103 opponents=43779 upscale=20200 hud=3162 crc=1634264337
[1789104309561] [[32minfo[0m] [RasterAB] car=2 track=2 frame=21 mode=0 draw=126360 present=31473 track_us=13458 prepare=24765 raster=51849 blit=7506 player=33380 opponents=50864 upscale=20179 hud=3190 crc=248257326
[1789104309570] [[32minfo[0m] [RasterAB] car=2 track=2 frame=21 mode=1 draw=118596 present=31421 track_us=13473 prepare=24783 raster=43865 blit=7514 player=30240 opponents=46052 upscale=20188 hud=3247 crc=248257326
[1789104309993] [[32minfo[0m] [RasterAB] car=2 track=2 frame=22 mode=0 draw=150260 present=31442 track_us=33317 prepare=24629 raster=51400 blit=11973 player=34712 opponents=53425 upscale=20205 hud=3226 crc=1834135370
[1789104310002] [[32minfo[0m] [RasterAB] car=2 track=2 frame=22 mode=1 draw=141778 present=31456 track_us=33256 prepare=24654 raster=43057 blit=11963 player=31479 opponents=48318 upscale=20217 hud=3204 crc=1834135370
[1789104310068] [[32minfo[0m] [CarStage] car=3 panels=793 vertices=1226 tiles=1 prepare_us=8493 raster_us=10323 blit_us=1755
[1789104310359] [[32minfo[0m] [RasterAB] car=2 track=2 frame=23 mode=0 draw=115011 present=31939 track_us=21149 prepare=18065 raster=34078 blit=6096 player=36303 opponents=28697 upscale=20194 hud=3354 crc=507479092
[1789104310368] [[32minfo[0m] [RasterAB] car=2 track=2 frame=23 mode=1 draw=111439 present=31442 track_us=21403 prepare=18229 raster=28858 blit=6101 player=32663 opponents=28318 upscale=20245 hud=3338 crc=507479092
[1789104310522] [[32minfo[0m] [HudStage] map_us=1248 total_us=3203 map_cached=true
[1789104310597] [[32minfo[0m] [PaintStage] rows=149 clear_us=517 fill_us=6113 copy_us=3734
[1789104310598] [[32minfo[0m] [TrackStage] project_us=2519 paint_us=11562 lines_us=10 wireframe=false
[1789104310709] [[32minfo[0m] [RaceStage] track_us=20143 cars_us=85232 upscale_us=20186 scene_width=234 surfaces=120 cars=3 track_id=2 player_car=2 submitted=3 player_us=34386 opponents_us=50506 player_native=true prepare_us=24815 raster_us=42820 blit_us=17123 candidate_rows_before=8960 candidate_rows_after=1616
[1789104310786] [[32minfo[0m] [RasterAB] car=2 track=2 frame=24 mode=0 draw=136168 present=31488 track_us=13070 prepare=24768 raster=51190 blit=17107 player=37492 opponents=55716 upscale=20180 hud=4273 crc=1065193257
[1789104310795] [[32minfo[0m] [RasterAB] car=2 track=2 frame=24 mode=1 draw=151392 present=31449 track_us=20143 prepare=24815 raster=42820 blit=17123 player=34386 opponents=50506 upscale=20186 hud=3278 crc=1065193257
[1789104310814] [[32minfo[0m] [RasterAB] GROUP car=2 track=2 mismatches=0 stack_free=2436
[1789104310877] [[32minfo[0m] [RacerMaterial] texture_side=32 entries=18 fallback_panels=0 map_cached=true
[1789104311623] [[32minfo[0m] [RasterAB] car=3 track=0 frame=1 mode=0 draw=127613 present=31470 track_us=13849 prepare=24175 raster=52001 blit=8599 player=39203 opponents=45700 upscale=20201 hud=3263 crc=3583456393
[1789104311632] [[32minfo[0m] [RasterAB] car=3 track=0 frame=1 mode=1 draw=119895 present=31472 track_us=13848 prepare=24327 raster=43606 blit=8588 player=35637 opponents=41020 upscale=20713 hud=3241 crc=3583456393
[1789104312016] [[32minfo[0m] [RasterAB] car=3 track=0 frame=2 mode=0 draw=131309 present=31462 track_us=12529 prepare=24162 raster=53933 blit=11596 player=42170 opponents=47652 upscale=20197 hud=3259 crc=1480692773
[1789104312025] [[32minfo[0m] [RasterAB] car=3 track=0 frame=2 mode=1 draw=121757 present=31455 track_us=12449 prepare=24275 raster=44460 blit=11551 player=37914 opponents=42502 upscale=20197 hud=3255 crc=1480692773
[1789104312077] [[32minfo[0m] [CarStage] car=4 panels=627 vertices=869 tiles=1 prepare_us=6547 raster_us=8097 blit_us=2545
[1789104312363] [[32minfo[0m] [RasterAB] car=3 track=0 frame=3 mode=0 draw=105286 present=31937 track_us=11206 prepare=18113 raster=33194 blit=7615 player=40635 opponents=24418 upscale=20188 hud=3391 crc=1838642138
[1789104312371] [[32minfo[0m] [RasterAB] car=3 track=0 frame=3 mode=1 draw=101690 present=31461 track_us=11207 prepare=18295 raster=28117 blit=7664 player=36940 opponents=24369 upscale=20217 hud=3407 crc=1838642138
[1789104312597] [[32minfo[0m] [PaintStage] rows=146 clear_us=516 fill_us=6087 copy_us=3859
[1789104312598] [[32minfo[0m] [TrackStage] project_us=4865 paint_us=11666 lines_us=12 wireframe=false
[1789104312705] [[32minfo[0m] [HudStage] map_us=1324 total_us=3271 map_cached=true
[1789104312762] [[32minfo[0m] [RasterAB] car=3 track=0 frame=4 mode=0 draw=129965 present=31482 track_us=15565 prepare=24681 raster=51182 blit=9405 player=39667 opponents=45739 upscale=20186 hud=3275 crc=1649819177
[1789104312770] [[32minfo[0m] [RasterAB] car=3 track=0 frame=4 mode=1 draw=129382 present=31460 track_us=22618 prepare=24665 raster=42515 blit=9406 player=35692 opponents=41026 upscale=20200 hud=4374 crc=1649819177
[1789104312908] [[32minfo[0m] [RaceStage] track_us=14334 cars_us=78821 upscale_us=20196 scene_width=234 surfaces=113 cars=3 track_id=0 player_car=3 submitted=3 player_us=37273 opponents_us=41274 player_native=true prepare_us=24660 raster_us=43119 blit_us=10634 candidate_rows_before=4480 candidate_rows_after=1524
[1789104313172] [[32minfo[0m] [RasterAB] car=3 track=0 frame=5 mode=0 draw=131271 present=31427 track_us=14277 prepare=24741 raster=52251 blit=10649 player=41519 opponents=46257 upscale=20436 hud=3302 crc=628936572
[1789104313181] [[32minfo[0m] [RasterAB] car=3 track=0 frame=5 mode=1 draw=139372 present=31444 track_us=14334 prepare=24660 raster=43119 blit=10634 player=37273 opponents=41274 upscale=20196 hud=3369 crc=628936572
[1789104313553] [[32minfo[0m] [RasterAB] car=3 track=0 frame=6 mode=0 draw=125320 present=31482 track_us=14094 prepare=24665 raster=49616 blit=7746 player=38055 opponents=44106 upscale=20188 hud=3337 crc=3366788295
[1789104313562] [[32minfo[0m] [RasterAB] car=3 track=0 frame=6 mode=1 draw=116629 present=31450 track_us=14069 prepare=24702 raster=41061 blit=7730 player=34476 opponents=39153 upscale=20184 hud=3330 crc=3366788295
[1789104313898] [[32minfo[0m] [RasterAB] car=3 track=0 frame=7 mode=0 draw=105127 present=31454 track_us=13110 prepare=18413 raster=32949 blit=5225 player=38895 opponents=24079 upscale=20196 hud=3421 crc=3646786092
[1789104313907] [[32minfo[0m] [RasterAB] car=3 track=0 frame=7 mode=1 draw=100376 present=31439 track_us=13157 prepare=18410 raster=28091 blit=5226 player=35117 opponents=22971 upscale=20176 hud=3420 crc=3646786092
[1789104314152] [[32minfo[0m] [CarStage] car=4 panels=627 vertices=869 tiles=1 prepare_us=6633 raster_us=8236 blit_us=2659
[1789104314300] [[32minfo[0m] [RasterAB] car=3 track=0 frame=8 mode=0 draw=135420 present=31471 track_us=12501 prepare=24914 raster=52846 blit=15980 player=45560 opponents=48322 upscale=20197 hud=3297 crc=2537060411
[1789104314309] [[32minfo[0m] [RasterAB] car=3 track=0 frame=8 mode=1 draw=126948 present=31457 track_us=12459 prepare=24724 raster=43563 blit=15994 player=41506 opponents=44021 upscale=20229 hud=3304 crc=2537060411
[1789104314711] [[32minfo[0m] [RasterAB] car=3 track=0 frame=9 mode=0 draw=140445 present=31484 track_us=26936 prepare=24614 raster=51384 blit=8429 player=39203 opponents=45357 upscale=20209 hud=3298 crc=375300236
[1789104314719] [[32minfo[0m] [RasterAB] car=3 track=0 frame=9 mode=1 draw=131656 present=31458 track_us=26969 prepare=24699 raster=42348 blit=8473 player=35232 opponents=40421 upscale=20208 hud=3284 crc=375300236
[1789104314769] [[32minfo[0m] [PaintStage] rows=227 clear_us=793 fill_us=11957 copy_us=5392
[1789104314769] [[32minfo[0m] [TrackStage] project_us=6630 paint_us=19352 lines_us=12 wireframe=false
[1789104314885] [[32minfo[0m] [HudStage] map_us=1322 total_us=3283 map_cached=true
[1789104315070] [[32minfo[0m] [RaceStage] track_us=25034 cars_us=77406 upscale_us=20227 scene_width=234 surfaces=312 cars=3 track_id=0 player_car=3 submitted=3 player_us=35715 opponents_us=41413 player_native=true prepare_us=24688 raster_us=43483 blit_us=8818 candidate_rows_before=2800 candidate_rows_after=788
[1789104315146] [[32minfo[0m] [RasterAB] car=3 track=0 frame=10 mode=0 draw=147934 present=31448 track_us=32146 prepare=24575 raster=51948 blit=8806 player=39381 opponents=46074 upscale=20228 hud=4410 crc=2336151104
[1789104315155] [[32minfo[0m] [RasterAB] car=3 track=0 frame=10 mode=1 draw=148470 present=31444 track_us=25034 prepare=24688 raster=43483 blit=8818 player=35715 opponents=41413 upscale=20227 hud=3345 crc=2336151104
[1789104315514] [[32minfo[0m] [RasterAB] car=3 track=0 frame=11 mode=0 draw=116462 present=31449 track_us=21837 prepare=18358 raster=34476 blit=6281 player=41659 opponents=23768 upscale=20190 hud=3483 crc=314040895
[1789104315523] [[32minfo[0m] [RasterAB] car=3 track=0 frame=11 mode=1 draw=111872 present=31807 track_us=21828 prepare=18399 raster=29314 blit=6724 player=38030 opponents=22830 upscale=20199 hud=3448 crc=314040895
[1789104315913] [[32minfo[0m] [RasterAB] car=3 track=0 frame=12 mode=0 draw=134280 present=31477 track_us=17288 prepare=24735 raster=52716 blit=10351 player=41189 opponents=46748 upscale=20195 hud=3301 crc=3940981888
[1789104315922] [[32minfo[0m] [RasterAB] car=3 track=0 frame=12 mode=1 draw=125302 present=31486 track_us=17241 prepare=24685 raster=43888 blit=10399 player=37232 opponents=41874 upscale=20184 hud=3310 crc=3940981888
[1789104316157] [[32minfo[0m] [CarStage] car=4 panels=627 vertices=869 tiles=1 prepare_us=6620 raster_us=9179 blit_us=1855
[1789104316308] [[32minfo[0m] [RasterAB] car=3 track=0 frame=13 mode=0 draw=132335 present=31468 track_us=14186 prepare=24749 raster=52942 blit=10203 player=40783 opponents=48364 upscale=20228 hud=3313 crc=2723800871
[1789104316317] [[32minfo[0m] [RasterAB] car=3 track=0 frame=13 mode=1 draw=122776 present=31479 track_us=14219 prepare=24768 raster=44441 blit=10167 player=36953 opponents=42564 upscale=20199 hud=3294 crc=2723800871
[1789104316699] [[32minfo[0m] [RasterAB] car=3 track=0 frame=14 mode=0 draw=130408 present=31435 track_us=12692 prepare=24711 raster=52835 blit=10933 player=42008 opponents=46610 upscale=20200 hud=3340 crc=457933545
[1789104316708] [[32minfo[0m] [RasterAB] car=3 track=0 frame=14 mode=1 draw=121059 present=31438 track_us=12644 prepare=24712 raster=43653 blit=10979 player=37944 opponents=41532 upscale=20191 hud=3313 crc=457933545
[1789104316904] [[32minfo[0m] [PaintStage] rows=141 clear_us=504 fill_us=4502 copy_us=3651
[1789104316905] [[32minfo[0m] [TrackStage] project_us=2826 paint_us=9876 lines_us=12 wireframe=false
[1789104317006] [[32minfo[0m] [HudStage] map_us=1419 total_us=3466 map_cached=true
[1789104317064] [[32minfo[0m] [RasterAB] car=3 track=0 frame=15 mode=0 draw=119596 present=31682 track_us=18657 prepare=18403 raster=38488 blit=7466 player=46647 opponents=24065 upscale=20195 hud=4517 crc=1775045033
[1789104317072] [[32minfo[0m] [RasterAB] car=3 track=0 frame=15 mode=1 draw=105301 present=31443 track_us=11730 prepare=18474 raster=32180 blit=7398 player=41551 opponents=22897 upscale=20198 hud=3411 crc=1775045033
[1789104317229] [[32minfo[0m] [RaceStage] track_us=14373 cars_us=97725 upscale_us=20202 scene_width=234 surfaces=111 cars=3 track_id=0 player_car=3 submitted=3 player_us=45334 opponents_us=52125 player_native=true prepare_us=24726 raster_us=58203 blit_us=14388 candidate_rows_before=3024 candidate_rows_after=1294
[1789104317493] [[32minfo[0m] [RasterAB] car=3 track=0 frame=16 mode=0 draw=158339 present=31425 track_us=14373 prepare=24726 raster=58203 blit=14388 player=45334 opponents=52125 upscale=20202 hud=3361 crc=355239279
[1789104317502] [[32minfo[0m] [RasterAB] car=3 track=0 frame=16 mode=1 draw=130864 present=31421 track_us=14785 prepare=24692 raster=47789 blit=14420 player=40687 opponents=46351 upscale=20199 hud=3370 crc=355239279
[1789104317895] [[32minfo[0m] [RasterAB] car=3 track=0 frame=17 mode=0 draw=135775 present=31468 track_us=14781 prepare=24646 raster=55342 blit=11905 player=44045 opponents=47983 upscale=20212 hud=3315 crc=4044041893
[1789104317904] [[32minfo[0m] [RasterAB] car=3 track=0 frame=17 mode=1 draw=125950 present=31456 track_us=14837 prepare=24618 raster=45373 blit=11967 player=39589 opponents=42505 upscale=20205 hud=3292 crc=4044041893
[1789104318214] [[32minfo[0m] [CarStage] car=3 panels=1151 vertices=1642 tiles=1 prepare_us=11769 raster_us=23409 blit_us=5021
[1789104318303] [[32minfo[0m] [RasterAB] car=3 track=0 frame=18 mode=0 draw=139084 present=31460 track_us=13426 prepare=25007 raster=59009 blit=12457 player=45075 opponents=51537 upscale=20178 hud=3316 crc=4286618998
[1789104318312] [[32minfo[0m] [RasterAB] car=3 track=0 frame=18 mode=1 draw=129391 present=31441 track_us=13417 prepare=24733 raster=48482 blit=12467 player=41411 opponents=45575 upscale=20191 hud=3356 crc=4286618998
[1789104318660] [[32minfo[0m] [RasterAB] car=3 track=0 frame=19 mode=0 draw=111143 present=31463 track_us=13286 prepare=18413 raster=36160 blit=7819 player=44214 opponents=24544 upscale=20205 hud=3435 crc=1192835000
[1789104318669] [[32minfo[0m] [RasterAB] car=3 track=0 frame=19 mode=1 draw=105671 present=31432 track_us=13312 prepare=18479 raster=30440 blit=7893 player=39768 opponents=23360 upscale=20179 hud=3474 crc=1192835000
[1789104319056] [[32minfo[0m] [RasterAB] car=3 track=0 frame=20 mode=0 draw=133044 present=31444 track_us=11163 prepare=24673 raster=55374 blit=12696 player=44840 opponents=48035 upscale=20179 hud=3281 crc=568204409
[1789104319065] [[32minfo[0m] [RasterAB] car=3 track=0 frame=20 mode=1 draw=122788 present=31694 track_us=11145 prepare=24689 raster=45210 blit=12687 player=40223 opponents=42493 upscale=20181 hud=3308 crc=568204409
[1789104319112] [[32minfo[0m] [PaintStage] rows=128 clear_us=446 fill_us=11496 copy_us=3388
[1789104319113] [[32minfo[0m] [TrackStage] project_us=7950 paint_us=16544 lines_us=14 wireframe=false
[1789104319228] [[32minfo[0m] [RaceStage] track_us=30684 cars_us=87768 upscale_us=20195 scene_width=234 surfaces=412 cars=3 track_id=0 player_car=3 submitted=3 player_us=41650 opponents_us=45716 player_native=true prepare_us=24625 raster_us=47956 blit_us=14659 candidate_rows_before=5712 candidate_rows_after=1357
[1789104319248] [[32minfo[0m] [HudStage] map_us=1413 total_us=3386 map_cached=true
[1789104319516] [[32minfo[0m] [RasterAB] car=3 track=0 frame=21 mode=0 draw=150985 present=31459 track_us=24026 prepare=24598 raster=58510 blit=14634 player=46653 opponents=51228 upscale=20191 hud=3280 crc=2516503330
[1789104319525] [[32minfo[0m] [RasterAB] car=3 track=0 frame=21 mode=1 draw=168895 present=31492 track_us=30684 prepare=24625 raster=47956 blit=14659 player=41650 opponents=45716 upscale=20195 hud=7583 crc=2516503330
[1789104319954] [[32minfo[0m] [RasterAB] car=3 track=0 frame=22 mode=0 draw=153714 present=31466 track_us=23893 prepare=24665 raster=54626 blit=21315 player=46762 opponents=53978 upscale=20195 hud=3325 crc=2264318116
[1789104319963] [[32minfo[0m] [RasterAB] car=3 track=0 frame=22 mode=1 draw=144267 present=31462 track_us=23865 prepare=24649 raster=45296 blit=21299 player=42555 opponents=48818 upscale=20207 hud=3337 crc=2264318116
[1789104320255] [[32minfo[0m] [CarStage] car=3 panels=1151 vertices=1642 tiles=1 prepare_us=11774 raster_us=25006 blit_us=4760
[1789104320322] [[32minfo[0m] [RasterAB] car=3 track=0 frame=23 mode=0 draw=116946 present=31942 track_us=20954 prepare=18334 raster=34058 blit=6878 player=42791 opponents=24121 upscale=20201 hud=3435 crc=1731514927
[1789104320331] [[32minfo[0m] [RasterAB] car=3 track=0 frame=23 mode=1 draw=111213 present=31436 track_us=20954 prepare=18412 raster=29086 blit=6902 player=37728 opponents=23057 upscale=20447 hud=3439 crc=1731514927
[1789104320729] [[32minfo[0m] [RasterAB] car=3 track=0 frame=24 mode=0 draw=138004 present=31479 track_us=16647 prepare=24685 raster=53237 blit=14209 player=43418 opponents=48846 upscale=20199 hud=3328 crc=2300107317
[1789104320738] [[32minfo[0m] [RasterAB] car=3 track=0 frame=24 mode=1 draw=128829 present=31488 track_us=16600 prepare=24687 raster=44183 blit=14272 player=39373 opponents=43900 upscale=20183 hud=3315 crc=2300107317
[1789104320757] [[32minfo[0m] [RasterAB] GROUP car=3 track=0 mismatches=0 stack_free=2436
[1789104321199] [[32minfo[0m] [PaintStage] rows=128 clear_us=439 fill_us=6923 copy_us=3488
[1789104321200] [[32minfo[0m] [TrackStage] project_us=4528 paint_us=12015 lines_us=14 wireframe=false
[1789104321321] [[32minfo[0m] [RaceStage] track_us=22633 cars_us=94288 upscale_us=20194 scene_width=234 surfaces=134 cars=3 track_id=1 player_car=3 submitted=3 player_us=40897 opponents_us=52973 player_native=true prepare_us=24328 raster_us=50020 blit_us=19386 candidate_rows_before=4144 candidate_rows_after=1725
[1789104321342] [[32minfo[0m] [HudStage] map_us=1407 total_us=3375 map_cached=true
[1789104321607] [[32minfo[0m] [RasterAB] car=3 track=1 frame=1 mode=0 draw=149636 present=31482 track_us=15564 prepare=24406 raster=61149 blit=19363 player=45884 opponents=59167 upscale=20197 hud=3313 crc=3336523063
[1789104321616] [[32minfo[0m] [RasterAB] car=3 track=1 frame=1 mode=1 draw=167251 present=31437 track_us=22633 prepare=24328 raster=50020 blit=19386 player=40897 opponents=52973 upscale=20194 hud=7611 crc=3336523063
[1789104322021] [[32minfo[0m] [RasterAB] car=3 track=1 frame=2 mode=0 draw=142155 present=31459 track_us=18612 prepare=24491 raster=53573 blit=16190 player=46536 opponents=47855 upscale=20203 hud=3338 crc=1077211191
[1789104322030] [[32minfo[0m] [RasterAB] car=3 track=1 frame=2 mode=1 draw=132454 present=31468 track_us=18604 prepare=24473 raster=44046 blit=16165 player=42243 opponents=42583 upscale=20201 hud=3321 crc=1077211191
[1789104322314] [[32minfo[0m] [CarStage] car=3 panels=1151 vertices=1642 tiles=1 prepare_us=11818 raster_us=24211 blit_us=3860
[1789104322382] [[32minfo[0m] [RasterAB] car=3 track=1 frame=3 mode=0 draw=113953 present=31473 track_us=19018 prepare=18409 raster=33172 blit=5904 player=41083 opponents=24043 upscale=20209 hud=4046 crc=2346328333
[1789104322391] [[32minfo[0m] [RasterAB] car=3 track=1 frame=3 mode=1 draw=107239 present=31472 track_us=19099 prepare=18510 raster=28124 blit=5904 player=36022 opponents=22856 upscale=20196 hud=3490 crc=2346328333
[1789104322758] [[32minfo[0m] [RasterAB] car=3 track=1 frame=4 mode=0 draw=121450 present=31458 track_us=18836 prepare=24737 raster=42493 blit=6093 player=34458 opponents=38999 upscale=20210 hud=3322 crc=3142109721
[1789104322767] [[32minfo[0m] [RasterAB] car=3 track=1 frame=4 mode=1 draw=114950 present=31470 track_us=18778 prepare=24752 raster=36117 blit=6130 player=31507 opponents=35624 upscale=20205 hud=3316 crc=3142109721
[1789104323140] [[32minfo[0m] [RasterAB] car=3 track=1 frame=5 mode=0 draw=125466 present=31470 track_us=13974 prepare=24818 raster=47605 blit=9908 player=38954 opponents=43510 upscale=20189 hud=3311 crc=2990650740
[1789104323149] [[32minfo[0m] [RasterAB] car=3 track=1 frame=5 mode=1 draw=117590 present=31469 track_us=13994 prepare=24758 raster=39639 blit=9915 player=35182 opponents=39263 upscale=20192 hud=3329 crc=2990650740
[1789104323379] [[32minfo[0m] [PaintStage] rows=164 clear_us=566 fill_us=4475 copy_us=4096
[1789104323380] [[32minfo[0m] [TrackStage] project_us=3362 paint_us=10367 lines_us=13 wireframe=false
[1789104323491] [[32minfo[0m] [RaceStage] track_us=19798 cars_us=84693 upscale_us=20213 scene_width=234 surfaces=51 cars=3 track_id=1 player_car=3 submitted=3 player_us=39814 opponents_us=44385 player_native=true prepare_us=24724 raster_us=47821 blit_us=11502 candidate_rows_before=1568 candidate_rows_after=907
[1789104323511] [[32minfo[0m] [HudStage] map_us=1455 total_us=3416 map_cached=true
[1789104323572] [[32minfo[0m] [RasterAB] car=3 track=1 frame=6 mode=0 draw=136658 present=31960 track_us=12679 prepare=24739 raster=58427 blit=11501 player=44696 opponents=50103 upscale=20190 hud=3359 crc=2172603288
[1789104323580] [[32minfo[0m] [RasterAB] car=3 track=1 frame=6 mode=1 draw=154738 present=31494 track_us=19798 prepare=24724 raster=47821 blit=11502 player=39814 opponents=44385 upscale=20213 hud=7587 crc=2172603288
[1789104323930] [[32minfo[0m] [RasterAB] car=3 track=1 frame=7 mode=0 draw=112380 present=31456 track_us=12713 prepare=18500 raster=37910 blit=7624 player=45934 opponents=24523 upscale=20180 hud=3484 crc=4176992014
[1789104323938] [[32minfo[0m] [RasterAB] car=3 track=1 frame=7 mode=1 draw=106308 present=31463 track_us=12774 prepare=18518 raster=31735 blit=7595 player=40989 opponents=23237 upscale=20200 hud=3513 crc=4176992014
[1789104324332] [[32minfo[0m] [RasterAB] car=3 track=1 frame=8 mode=0 draw=136670 present=31485 track_us=13343 prepare=24859 raster=56691 blit=12486 player=46483 opponents=47686 upscale=20174 hud=3359 crc=2460562138
[1789104324341] [[32minfo[0m] [RasterAB] car=3 track=1 frame=8 mode=1 draw=125723 present=31478 track_us=13329 prepare=24759 raster=45982 blit=12454 player=41238 opponents=42087 upscale=20181 hud=3359 crc=2460562138
[1789104324397] [[32minfo[0m] [CarStage] car=4 panels=627 vertices=869 tiles=1 prepare_us=6685 raster_us=8375 blit_us=1721
[1789104324762] [[32minfo[0m] [RasterAB] car=3 track=1 frame=9 mode=0 draw=150352 present=31441 track_us=14893 prepare=24729 raster=64028 blit=17381 player=52747 opponents=53525 upscale=20202 hud=3413 crc=658805349
[1789104324770] [[32minfo[0m] [RasterAB] car=3 track=1 frame=9 mode=1 draw=139834 present=31458 track_us=14935 prepare=24891 raster=52028 blit=17477 player=47375 opponents=48256 upscale=20231 hud=3362 crc=658805349
[1789104325182] [[32minfo[0m] [RasterAB] car=3 track=1 frame=10 mode=0 draw=145332 present=31494 track_us=19366 prepare=24777 raster=56376 blit=15510 player=45345 opponents=51450 upscale=20180 hud=3361 crc=1937523245
[1789104325191] [[32minfo[0m] [RasterAB] car=3 track=1 frame=10 mode=1 draw=135654 present=31436 track_us=19345 prepare=24812 raster=46707 blit=15498 player=40912 opponents=46245 upscale=20186 hud=3419 crc=1937523245
[1789104325401] [[32minfo[0m] [PaintStage] rows=171 clear_us=595 fill_us=8643 copy_us=4293
[1789104325402] [[32minfo[0m] [TrackStage] project_us=5957 paint_us=14790 lines_us=19 wireframe=false
[1789104325492] [[32minfo[0m] [RaceStage] track_us=26882 cars_us=64402 upscale_us=20200 scene_width=234 surfaces=226 cars=3 track_id=1 player_car=3 submitted=3 player_us=38922 opponents_us=25037 player_native=true prepare_us=24757 raster_us=32102 blit_us=6971 candidate_rows_before=3584 candidate_rows_after=1000
[1789104325513] [[32minfo[0m] [HudStage] map_us=1480 total_us=3367 map_cached=true
[1789104325573] [[32minfo[0m] [RasterAB] car=3 track=1 frame=11 mode=0 draw=141631 present=31442 track_us=26882 prepare=24757 raster=32102 blit=6971 player=38922 opponents=25037 upscale=20200 hud=7571 crc=333562915
[1789104325581] [[32minfo[0m] [RasterAB] car=3 track=1 frame=11 mode=1 draw=109063 present=31974 track_us=19748 prepare=25310 raster=27651 blit=7016 player=35965 opponents=24148 upscale=20205 hud=3375 crc=333562915
[1789104325951] [[32minfo[0m] [RasterAB] car=3 track=1 frame=12 mode=0 draw=122824 present=31472 track_us=18647 prepare=24714 raster=42832 blit=7350 player=35459 opponents=39572 upscale=20198 hud=3328 crc=2386291592
[1789104325960] [[32minfo[0m] [RasterAB] car=3 track=1 frame=12 mode=1 draw=116146 present=31491 track_us=18609 prepare=24770 raster=36244 blit=7318 player=32392 opponents=36071 upscale=20190 hud=3339 crc=2386291592
[1789104326338] [[32minfo[0m] [RasterAB] car=3 track=1 frame=13 mode=0 draw=127217 present=31485 track_us=14111 prepare=24812 raster=48739 blit=10338 player=39151 opponents=44872 upscale=20200 hud=3342 crc=3020782214
[1789104326347] [[32minfo[0m] [RasterAB] car=3 track=1 frame=13 mode=1 draw=119789 present=31479 track_us=14170 prepare=24873 raster=40828 blit=10357 player=35576 opponents=40615 upscale=20448 hud=3347 crc=3020782214
[1789104326402] [[32minfo[0m] [CarStage] car=4 panels=627 vertices=869 tiles=1 prepare_us=6682 raster_us=8982 blit_us=1697
[1789104326733] [[32minfo[0m] [RasterAB] car=3 track=1 frame=14 mode=0 draw=133107 present=31462 track_us=12930 prepare=24847 raster=53662 blit=11166 player=42973 opponents=47958 upscale=20237 hud=3382 crc=624207370
[1789104326742] [[32minfo[0m] [RasterAB] car=3 track=1 frame=14 mode=1 draw=122013 present=31439 track_us=12882 prepare=24803 raster=43989 blit=11147 player=38435 opponents=41640 upscale=20196 hud=3349 crc=624207370
[1789104327094] [[32minfo[0m] [RasterAB] car=3 track=1 frame=15 mode=0 draw=114101 present=31442 track_us=11928 prepare=18527 raster=40737 blit=6975 player=48172 opponents=24747 upscale=20204 hud=3556 crc=2833024886
[1789104327103] [[32minfo[0m] [RasterAB] car=3 track=1 frame=15 mode=1 draw=107090 present=31408 track_us=11976 prepare=18532 raster=33910 blit=6962 player=42664 opponents=23126 upscale=20196 hud=3546 crc=2833024886
[1789104327509] [[32minfo[0m] [RasterAB] car=3 track=1 frame=16 mode=0 draw=143179 present=31483 track_us=12366 prepare=24845 raster=63045 blit=13535 player=46933 opponents=54625 upscale=20196 hud=3391 crc=1095910081
[1789104327518] [[32minfo[0m] [RasterAB] car=3 track=1 frame=16 mode=1 draw=131822 present=31487 track_us=12826 prepare=24725 raster=51382 blit=13602 player=41785 opponents=48049 upscale=20187 hud=3388 crc=1095910081
[1789104327558] [[32minfo[0m] [PaintStage] rows=128 clear_us=432 fill_us=7284 copy_us=3302
[1789104327559] [[32minfo[0m] [TrackStage] project_us=5129 paint_us=12154 lines_us=14 wireframe=false
[1789104327672] [[32minfo[0m] [RaceStage] track_us=23366 cars_us=86301 upscale_us=20191 scene_width=234 surfaces=172 cars=3 track_id=1 player_car=3 submitted=3 player_us=40500 opponents_us=45347 player_native=true prepare_us=24743 raster_us=45840 blit_us=15137 candidate_rows_before=8288 candidate_rows_after=2472
[1789104327693] [[32minfo[0m] [HudStage] map_us=1475 total_us=3409 map_cached=true
[1789104327950] [[32minfo[0m] [RasterAB] car=3 track=1 frame=17 mode=0 draw=141657 present=31469 track_us=16308 prepare=24736 raster=56204 blit=15169 player=45280 opponents=50962 upscale=20171 hud=3350 crc=1086031555
[1789104327959] [[32minfo[0m] [RasterAB] car=3 track=1 frame=17 mode=1 draw=160116 present=31438 track_us=23366 prepare=24743 raster=45840 blit=15137 player=40500 opponents=45347 upscale=20191 hud=7580 crc=1086031555
[1789104328375] [[32minfo[0m] [RasterAB] car=3 track=1 frame=18 mode=0 draw=148167 present=31430 track_us=17062 prepare=24817 raster=58536 blit=18117 player=46875 opponents=54728 upscale=20438 hud=3411 crc=2324774584
[1789104328384] [[32minfo[0m] [RasterAB] car=3 track=1 frame=18 mode=1 draw=137080 present=31988 track_us=17024 prepare=24755 raster=47927 blit=18115 player=41943 opponents=48985 upscale=20196 hud=3380 crc=2324774584
[1789104328445] [[32minfo[0m] [CarStage] car=4 panels=627 vertices=869 tiles=1 prepare_us=6642 raster_us=7800 blit_us=2131
[1789104328736] [[32minfo[0m] [RasterAB] car=3 track=1 frame=19 mode=0 draw=112126 present=31421 track_us=19813 prepare=18482 raster=31872 blit=6258 player=39132 opponents=23921 upscale=20230 hud=3493 crc=3246194450
[1789104328745] [[32minfo[0m] [RasterAB] car=3 track=1 frame=19 mode=1 draw=108931 present=31452 track_us=19837 prepare=18570 raster=27308 blit=6269 player=35620 opponents=24055 upscale=20215 hud=3495 crc=3246194450
[1789104329119] [[32minfo[0m] [RasterAB] car=3 track=1 frame=20 mode=0 draw=125116 present=31469 track_us=19394 prepare=24814 raster=44173 blit=7423 player=35872 opponents=40669 upscale=20183 hud=3345 crc=3181115631
[1789104329128] [[32minfo[0m] [RasterAB] car=3 track=1 frame=20 mode=1 draw=118274 present=31478 track_us=19364 prepare=24835 raster=37414 blit=7447 player=32891 opponents=36937 upscale=20189 hud=3347 crc=3181115631
[1789104329508] [[32minfo[0m] [RasterAB] car=3 track=1 frame=21 mode=0 draw=128792 present=31483 track_us=13966 prepare=24804 raster=50171 blit=10600 player=40735 opponents=44979 upscale=20197 hud=3331 crc=1986513326
[1789104329517] [[32minfo[0m] [RasterAB] car=3 track=1 frame=21 mode=1 draw=119967 present=31474 track_us=13565 prepare=24759 raster=41776 blit=10589 player=36823 opponents=40436 upscale=20199 hud=3331 crc=1986513326
[1789104329748] [[32minfo[0m] [PaintStage] rows=167 clear_us=576 fill_us=5426 copy_us=4234
[1789104329749] [[32minfo[0m] [TrackStage] project_us=3920 paint_us=11438 lines_us=13 wireframe=false
[1789104329859] [[32minfo[0m] [RaceStage] track_us=21441 cars_us=83913 upscale_us=20202 scene_width=234 surfaces=93 cars=3 track_id=1 player_car=3 submitted=3 player_us=38745 opponents_us=44706 player_native=true prepare_us=24823 raster_us=46260 blit_us=12238 candidate_rows_before=2240 candidate_rows_after=1119
[1789104329880] [[32minfo[0m] [HudStage] map_us=1441 total_us=3393 map_cached=true
[1789104329940] [[32minfo[0m] [RasterAB] car=3 track=1 frame=22 mode=0 draw=136908 present=31473 track_us=14375 prepare=24761 raster=56165 blit=12252 player=43149 opponents=50160 upscale=20209 hud=3372 crc=3861395185
[1789104329948] [[32minfo[0m] [RasterAB] car=3 track=1 frame=22 mode=1 draw=155578 present=31474 track_us=21441 prepare=24823 raster=46260 blit=12238 player=38745 opponents=44706 upscale=20202 hud=7583 crc=3861395185
[1789104330300] [[32minfo[0m] [RasterAB] car=3 track=1 frame=23 mode=0 draw=112286 present=31441 track_us=13849 prepare=18499 raster=36322 blit=7958 player=45174 opponents=24046 upscale=20200 hud=3506 crc=1570442263
[1789104330309] [[32minfo[0m] [RasterAB] car=3 track=1 frame=23 mode=1 draw=106835 present=31434 track_us=13892 prepare=18727 raster=30464 blit=7963 player=40628 opponents=22969 upscale=20203 hud=3530 crc=1570442263
[1789104330477] [[32minfo[0m] [CarStage] car=5 panels=607 vertices=790 tiles=1 prepare_us=6279 raster_us=24180 blit_us=7928
[1789104330734] [[32minfo[0m] [RasterAB] car=3 track=1 frame=24 mode=0 draw=154058 present=31460 track_us=13804 prepare=24707 raster=66034 blit=18588 player=52209 opponents=58334 upscale=20207 hud=3448 crc=1728790179
[1789104330743] [[32minfo[0m] [RasterAB] car=3 track=1 frame=24 mode=1 draw=139864 present=31453 track_us=13747 prepare=24824 raster=53451 blit=18573 player=46464 opponents=50516 upscale=20195 hud=3442 crc=1728790179
[1789104330762] [[32minfo[0m] [RasterAB] GROUP car=3 track=1 mismatches=0 stack_free=2436
[1789104331519] [[32minfo[0m] [RasterAB] car=3 track=2 frame=1 mode=0 draw=131790 present=31466 track_us=12338 prepare=24332 raster=55241 blit=10465 player=41557 opponents=48599 upscale=20199 hud=3201 crc=212664188
[1789104331527] [[32minfo[0m] [RasterAB] car=3 track=2 frame=1 mode=1 draw=121688 present=31459 track_us=12332 prepare=24418 raster=45625 blit=10457 player=37286 opponents=43334 upscale=20200 hud=3220 crc=212664188
[1789104331754] [[32minfo[0m] [PaintStage] rows=166 clear_us=579 fill_us=5434 copy_us=3944
[1789104331755] [[32minfo[0m] [TrackStage] project_us=2038 paint_us=11178 lines_us=13 wireframe=false
[1789104331865] [[32minfo[0m] [RaceStage] track_us=19298 cars_us=83705 upscale_us=20202 scene_width=234 surfaces=97 cars=3 track_id=2 player_car=3 submitted=3 player_us=40951 opponents_us=42432 player_native=true prepare_us=24764 raster_us=46291 blit_us=12186 candidate_rows_before=4032 candidate_rows_after=1613
[1789104331885] [[32minfo[0m] [HudStage] map_us=1307 total_us=3253 map_cached=true
[1789104331946] [[32minfo[0m] [RasterAB] car=3 track=2 frame=2 mode=0 draw=134888 present=31457 track_us=12256 prepare=24763 raster=56776 blit=12199 player=45860 opponents=48002 upscale=20211 hud=3192 crc=1153470500
[1789104331954] [[32minfo[0m] [RasterAB] car=3 track=2 frame=2 mode=1 draw=153099 present=31423 track_us=19298 prepare=24764 raster=46291 blit=12186 player=40951 opponents=42432 upscale=20202 hud=7579 crc=1153470500
[1789104332309] [[32minfo[0m] [RasterAB] car=3 track=2 frame=3 mode=0 draw=115230 present=31456 track_us=10772 prepare=18507 raster=43386 blit=7332 player=50794 opponents=24834 upscale=20195 hud=3355 crc=2200892057
[1789104332318] [[32minfo[0m] [RasterAB] car=3 track=2 frame=3 mode=1 draw=108236 present=31445 track_us=10801 prepare=18777 raster=35922 blit=7344 player=44956 opponents=23544 upscale=20207 hud=3344 crc=2200892057
[1789104332489] [[32minfo[0m] [CarStage] car=5 panels=607 vertices=790 tiles=1 prepare_us=6311 raster_us=24894 blit_us=6374
[1789104332750] [[32minfo[0m] [RasterAB] car=3 track=2 frame=4 mode=0 draw=156916 present=31438 track_us=23625 prepare=24809 raster=64132 blit=14220 player=46883 opponents=57487 upscale=20219 hud=3322 crc=3280217244
[1789104332759] [[32minfo[0m] [RasterAB] car=3 track=2 frame=4 mode=1 draw=143710 present=31461 track_us=23585 prepare=24720 raster=52304 blit=14197 player=41671 opponents=49681 upscale=20243 hud=3252 crc=3280217244
[1789104333170] [[32minfo[0m] [RasterAB] car=3 track=2 frame=5 mode=0 draw=145646 present=31441 track_us=17251 prepare=24804 raster=55996 blit=18509 player=49904 opponents=49529 upscale=20432 hud=3206 crc=3915348219
[1789104333179] [[32minfo[0m] [RasterAB] car=3 track=2 frame=5 mode=1 draw=135227 present=31467 track_us=17296 prepare=24782 raster=45694 blit=18561 player=45219 opponents=43951 upscale=20204 hud=3187 crc=3915348219
[1789104333569] [[32minfo[0m] [RasterAB] car=3 track=2 frame=6 mode=0 draw=134780 present=31972 track_us=12241 prepare=24724 raster=57012 blit=11901 player=44486 opponents=49276 upscale=20201 hud=3187 crc=303751965
[1789104333578] [[32minfo[0m] [RasterAB] car=3 track=2 frame=6 mode=1 draw=124600 present=31433 track_us=12265 prepare=24764 raster=46774 blit=11903 player=39673 opponents=43893 upscale=20196 hud=3211 crc=303751965
[1789104333779] [[32minfo[0m] [PaintStage] rows=201 clear_us=689 fill_us=7275 copy_us=4854
[1789104333780] [[32minfo[0m] [TrackStage] project_us=3425 paint_us=14073 lines_us=12 wireframe=false
[1789104333872] [[32minfo[0m] [RaceStage] track_us=23590 cars_us=65911 upscale_us=20211 scene_width=234 surfaces=188 cars=3 track_id=2 player_car=3 submitted=3 player_us=41326 opponents_us=24256 player_native=true prepare_us=18453 raster_us=35189 blit_us=5512 candidate_rows_before=1344 candidate_rows_after=515
[1789104333893] [[32minfo[0m] [HudStage] map_us=1321 total_us=3369 map_cached=true
[1789104333953] [[32minfo[0m] [RasterAB] car=3 track=2 frame=7 mode=0 draw=139532 present=31414 track_us=23590 prepare=18453 raster=35189 blit=5512 player=41326 opponents=24256 upscale=20211 hud=7581 crc=2703589437
[1789104333961] [[32minfo[0m] [RasterAB] car=3 track=2 frame=7 mode=1 draw=105858 present=31454 track_us=16544 prepare=18494 raster=29976 blit=5451 player=37243 opponents=23158 upscale=20215 hud=3336 crc=2703589437
[1789104334358] [[32minfo[0m] [RasterAB] car=3 track=2 frame=8 mode=0 draw=138802 present=31450 track_us=11580 prepare=24767 raster=61126 blit=12170 player=52983 opponents=45207 upscale=20450 hud=3210 crc=343293873
[1789104334367] [[32minfo[0m] [RasterAB] car=3 track=2 frame=8 mode=1 draw=127188 present=31438 track_us=11505 prepare=24833 raster=49886 blit=12173 player=46724 opponents=40290 upscale=20185 hud=3187 crc=343293873
[1789104334500] [[32minfo[0m] [CarStage] car=5 panels=607 vertices=790 tiles=1 prepare_us=6291 raster_us=15659 blit_us=3663
[1789104334744] [[32minfo[0m] [RasterAB] car=3 track=2 frame=9 mode=0 draw=127186 present=31420 track_us=9919 prepare=24780 raster=55101 blit=8532 player=41183 opponents=47357 upscale=20187 hud=3261 crc=1076128426
[1789104334752] [[32minfo[0m] [RasterAB] car=3 track=2 frame=9 mode=1 draw=119070 present=31472 track_us=9946 prepare=24824 raster=45633 blit=8541 player=37007 opponents=43221 upscale=20174 hud=3287 crc=1076128426
[1789104335135] [[32minfo[0m] [RasterAB] car=3 track=2 frame=10 mode=0 draw=130253 present=31452 track_us=11114 prepare=24745 raster=52795 blit=12648 player=41721 opponents=48598 upscale=20218 hud=3199 crc=1206897246
[1789104335144] [[32minfo[0m] [RasterAB] car=3 track=2 frame=10 mode=1 draw=121414 present=31451 track_us=11104 prepare=24796 raster=44070 blit=12659 player=37918 opponents=43735 upscale=20190 hud=3202 crc=1206897246
[1789104335547] [[32minfo[0m] [RasterAB] car=3 track=2 frame=11 mode=0 draw=138441 present=31444 track_us=42618 prepare=18383 raster=34114 blit=8022 player=41886 opponents=25039 upscale=20205 hud=3310 crc=2100537384
[1789104335556] [[32minfo[0m] [RasterAB] car=3 track=2 frame=11 mode=1 draw=134095 present=31429 track_us=42649 prepare=18368 raster=29558 blit=8116 player=38466 opponents=23971 upscale=20208 hud=3375 crc=2100537384
[1789104335800] [[32minfo[0m] [PaintStage] rows=148 clear_us=514 fill_us=12144 copy_us=3804
[1789104335801] [[32minfo[0m] [TrackStage] project_us=8000 paint_us=17782 lines_us=12 wireframe=false
[1789104335906] [[32minfo[0m] [RaceStage] track_us=31950 cars_us=78539 upscale_us=20186 scene_width=234 surfaces=457 cars=3 track_id=2 player_car=3 submitted=3 player_us=35503 opponents_us=42699 player_native=true prepare_us=24718 raster_us=42679 blit_us=10670 candidate_rows_before=10528 candidate_rows_after=1757
[1789104335927] [[32minfo[0m] [HudStage] map_us=1316 total_us=3249 map_cached=true
[1789104335988] [[32minfo[0m] [RasterAB] car=3 track=2 frame=12 mode=0 draw=140225 present=31472 track_us=24795 prepare=24711 raster=51209 blit=10607 player=39303 opponents=47353 upscale=20207 hud=3185 crc=1667298845
[1789104335996] [[32minfo[0m] [RasterAB] car=3 track=2 frame=12 mode=1 draw=160770 present=31489 track_us=31950 prepare=24718 raster=42679 blit=10670 player=35503 opponents=42699 upscale=20186 hud=7587 crc=1667298845
[1789104336390] [[32minfo[0m] [RasterAB] car=3 track=2 frame=13 mode=0 draw=134397 present=31954 track_us=21989 prepare=24778 raster=48719 blit=10092 player=38542 opponents=45171 upscale=20207 hud=3195 crc=314998791
[1789104336399] [[32minfo[0m] [RasterAB] car=3 track=2 frame=13 mode=1 draw=127196 present=31430 track_us=22288 prepare=24704 raster=41106 blit=10120 player=35101 opponents=40956 upscale=20215 hud=3210 crc=314998791
[1789104336518] [[32minfo[0m] [CarStage] car=3 panels=1151 vertices=1642 tiles=1 prepare_us=11789 raster_us=23884 blit_us=3787
[1789104336786] [[32minfo[0m] [RasterAB] car=3 track=2 frame=14 mode=0 draw=133080 present=31423 track_us=18303 prepare=24784 raster=50238 blit=9612 player=40656 opponents=45324 upscale=20208 hud=3184 crc=4159441276
[1789104336795] [[32minfo[0m] [RasterAB] car=3 track=2 frame=14 mode=1 draw=123232 present=31440 track_us=18283 prepare=24786 raster=41818 blit=9566 player=35766 opponents=40533 upscale=20204 hud=3174 crc=4159441276
[1789104337129] [[32minfo[0m] [RasterAB] car=3 track=2 frame=15 mode=0 draw=104659 present=31418 track_us=11199 prepare=18712 raster=33965 blit=5511 player=40825 opponents=23776 upscale=20186 hud=3375 crc=1177611709
[1789104337138] [[32minfo[0m] [RasterAB] car=3 track=2 frame=15 mode=1 draw=99418 present=31429 track_us=11221 prepare=18511 raster=28848 blit=5534 player=36682 opponents=22588 upscale=20186 hud=3338 crc=1177611709
[1789104337511] [[32minfo[0m] [RasterAB] car=3 track=2 frame=16 mode=0 draw=124842 present=31475 track_us=10661 prepare=24825 raster=50686 blit=9803 player=39766 opponents=45673 upscale=20202 hud=3178 crc=2360769366
[1789104337520] [[32minfo[0m] [RasterAB] car=3 track=2 frame=16 mode=1 draw=117069 present=31485 track_us=10669 prepare=24796 raster=42435 blit=9818 player=36013 opponents=41167 upscale=20171 hud=3191 crc=2360769366
[1789104337877] [[32minfo[0m] [RasterAB] car=3 track=2 frame=17 mode=0 draw=116302 present=31453 track_us=11480 prepare=24800 raster=44007 blit=7281 player=35927 opponents=40283 upscale=20172 hud=3146 crc=2759375774
[1789104337886] [[32minfo[0m] [RasterAB] car=3 track=2 frame=17 mode=1 draw=109745 present=31440 track_us=11513 prepare=24826 raster=37266 blit=7269 player=32856 opponents=36632 upscale=20174 hud=3191 crc=2759375774
[1789104337921] [[32minfo[0m] [PaintStage] rows=145 clear_us=504 fill_us=5233 copy_us=3719
[1789104337922] [[32minfo[0m] [TrackStage] project_us=1940 paint_us=10583 lines_us=10 wireframe=false
[1789104338026] [[32minfo[0m] [RaceStage] track_us=18604 cars_us=77083 upscale_us=20177 scene_width=234 surfaces=92 cars=3 track_id=2 player_car=3 submitted=3 player_us=36171 opponents_us=40596 player_native=true prepare_us=24772 raster_us=43186 blit_us=8679 candidate_rows_before=2688 candidate_rows_after=1160
[1789104338046] [[32minfo[0m] [HudStage] map_us=1341 total_us=3250 map_cached=true
[1789104338273] [[32minfo[0m] [RasterAB] car=3 track=2 frame=18 mode=0 draw=145861 present=31466 track_us=18604 prepare=24772 raster=43186 blit=8679 player=36171 opponents=40596 upscale=20177 hud=7570 crc=1242958427
[1789104338282] [[32minfo[0m] [RasterAB] car=3 track=2 frame=18 mode=1 draw=110419 present=31440 track_us=11603 prepare=24830 raster=36467 blit=8660 player=33059 opponents=37024 upscale=20165 hud=3222 crc=1242958427
[1789104338525] [[32minfo[0m] [CarStage] car=4 panels=627 vertices=869 tiles=1 prepare_us=6663 raster_us=8440 blit_us=1589
[1789104338694] [[32minfo[0m] [RasterAB] car=3 track=2 frame=19 mode=0 draw=147572 present=31457 track_us=12560 prepare=24829 raster=71412 blit=8847 player=36171 opponents=70176 upscale=20210 hud=3152 crc=3254909871
[1789104338703] [[32minfo[0m] [RasterAB] car=3 track=2 frame=19 mode=1 draw=134184 present=31467 track_us=12603 prepare=24861 raster=58537 blit=8841 player=33075 opponents=59301 upscale=20655 hud=3155 crc=3254909871
[1789104339088] [[32minfo[0m] [RasterAB] car=3 track=2 frame=20 mode=0 draw=131145 present=31461 track_us=19384 prepare=24753 raster=48599 blit=9478 player=39543 opponents=43413 upscale=20197 hud=3198 crc=1071198881
[1789104339097] [[32minfo[0m] [RasterAB] car=3 track=2 frame=20 mode=1 draw=123174 present=31466 track_us=19376 prepare=24765 raster=40478 blit=9539 player=35814 opponents=39091 upscale=20171 hud=3427 crc=1071198881
[1789104339475] [[32minfo[0m] [RasterAB] car=3 track=2 frame=21 mode=0 draw=128350 present=31443 track_us=13473 prepare=24804 raster=53013 blit=7668 player=39912 opponents=45705 upscale=20720 hud=3229 crc=2004816235
[1789104339484] [[32minfo[0m] [RasterAB] car=3 track=2 frame=21 mode=1 draw=118902 present=31461 track_us=13496 prepare=24781 raster=44067 blit=7643 player=35836 opponents=40783 upscale=20176 hud=3216 crc=2004816235
[1789104339910] [[32minfo[0m] [RasterAB] car=3 track=2 frame=22 mode=0 draw=152174 present=31465 track_us=33283 prepare=24780 raster=53101 blit=12056 player=41434 opponents=48633 upscale=20209 hud=3193 crc=704862633
[1789104339919] [[32minfo[0m] [RasterAB] car=3 track=2 frame=22 mode=1 draw=142941 present=31431 track_us=33268 prepare=24707 raster=44014 blit=12116 player=37289 opponents=43674 upscale=20206 hud=3196 crc=704862633
[1789104339964] [[32minfo[0m] [PaintStage] rows=232 clear_us=806 fill_us=9715 copy_us=5174
[1789104339965] [[32minfo[0m] [TrackStage] project_us=5186 paint_us=16945 lines_us=12 wireframe=false
[1789104340053] [[32minfo[0m] [RaceStage] track_us=28211 cars_us=61746 upscale_us=20211 scene_width=234 surfaces=275 cars=3 track_id=2 player_car=3 submitted=3 player_us=38499 opponents_us=22924 player_native=true prepare_us=18487 raster_us=30011 blit_us=6512 candidate_rows_before=2016 candidate_rows_after=964
[1789104340074] [[32minfo[0m] [HudStage] map_us=1308 total_us=3358 map_cached=true
[1789104340307] [[32minfo[0m] [RasterAB] car=3 track=2 frame=23 mode=0 draw=116560 present=31880 track_us=21170 prepare=18480 raster=35099 blit=6466 player=42436 opponents=24019 upscale=20209 hud=3349 crc=1809713854
[1789104340316] [[32minfo[0m] [RasterAB] car=3 track=2 frame=23 mode=1 draw=140153 present=31438 track_us=28211 prepare=18487 raster=30011 blit=6512 player=38499 opponents=22924 upscale=20211 hud=7586 crc=1809713854
[1789104340563] [[32minfo[0m] [CarStage] car=4 panels=627 vertices=869 tiles=1 prepare_us=6620 raster_us=8077 blit_us=2148
[1789104340713] [[32minfo[0m] [RasterAB] car=3 track=2 frame=24 mode=0 draw=137153 present=31481 track_us=13486 prepare=24756 raster=52343 blit=17515 player=44308 opponents=50433 upscale=20192 hud=3193 crc=2441181221
[1789104340722] [[32minfo[0m] [RasterAB] car=3 track=2 frame=24 mode=1 draw=129116 present=31429 track_us=13019 prepare=24847 raster=43594 blit=17521 player=40574 opponents=46631 upscale=20224 hud=3280 crc=2441181221
[1789104340741] [[32minfo[0m] [RasterAB] GROUP car=3 track=2 mismatches=0 stack_free=2436
[1789104340803] [[32minfo[0m] [RacerMaterial] texture_side=32 entries=14 fallback_panels=0 map_cached=true
[1789104341549] [[32minfo[0m] [RasterAB] car=4 track=0 frame=1 mode=0 draw=127754 present=31480 track_us=13882 prepare=24691 raster=51648 blit=8481 player=33904 opponents=51044 upscale=20206 hud=3245 crc=3683138644
[1789104341557] [[32minfo[0m] [RasterAB] car=4 track=0 frame=1 mode=1 draw=119193 present=31450 track_us=13878 prepare=24655 raster=43199 blit=8469 player=30797 opponents=45652 upscale=20196 hud=3272 crc=3683138644
[1789104341940] [[32minfo[0m] [RasterAB] car=4 track=0 frame=2 mode=0 draw=130793 present=31468 track_us=12519 prepare=24630 raster=53240 blit=11284 player=36621 opponents=52662 upscale=20204 hud=3290 crc=1155076276
[1789104341949] [[32minfo[0m] [RasterAB] car=4 track=0 frame=2 mode=1 draw=121269 present=31451 track_us=12464 prepare=24725 raster=43776 blit=11296 player=33026 opponents=46907 upscale=20193 hud=3290 crc=1155076276
[1789104341984] [[32minfo[0m] [PaintStage] rows=129 clear_us=439 fill_us=3900 copy_us=3232
[1789104341985] [[32minfo[0m] [TrackStage] project_us=3434 paint_us=8701 lines_us=14 wireframe=false
[1789104342069] [[32minfo[0m] [RaceStage] track_us=18152 cars_us=57827 upscale_us=20160 scene_width=234 surfaces=47 cars=3 track_id=0 player_car=4 submitted=3 player_us=32027 opponents_us=25412 player_native=true prepare_us=16460 raster_us=24924 blit_us=7420 candidate_rows_before=3696 candidate_rows_after=979
[1789104342090] [[32minfo[0m] [HudStage] map_us=1401 total_us=3467 map_cached=true
[1789104342308] [[32minfo[0m] [RasterAB] car=4 track=0 frame=3 mode=0 draw=101904 present=31457 track_us=11216 prepare=16186 raster=29504 blit=7353 player=35031 opponents=26596 upscale=20184 hud=3400 crc=2510325721
[1789104342316] [[32minfo[0m] [RasterAB] car=4 track=0 frame=3 mode=1 draw=126100 present=31455 track_us=18152 prepare=16460 raster=24924 blit=7420 player=32027 opponents=25412 upscale=20160 hud=7607 crc=2510325721
[1789104342609] [[32minfo[0m] [CarStage] car=4 panels=1011 vertices=1293 tiles=1 prepare_us=10139 raster_us=17215 blit_us=3463
[1789104342699] [[32minfo[0m] [RasterAB] car=4 track=0 frame=4 mode=0 draw=129815 present=31469 track_us=16027 prepare=25090 raster=50144 blit=9313 player=34191 opponents=50486 upscale=20197 hud=3307 crc=4245226984
[1789104342708] [[32minfo[0m] [RasterAB] car=4 track=0 frame=4 mode=1 draw=122117 present=31470 track_us=15538 prepare=25263 raster=41709 blit=9412 player=32022 opponents=45656 upscale=20184 hud=3304 crc=4245226984
[1789104343090] [[32minfo[0m] [RasterAB] car=4 track=0 frame=5 mode=0 draw=130340 present=31455 track_us=14292 prepare=25073 raster=51303 blit=10595 player=35918 opponents=51187 upscale=20199 hud=3296 crc=2420728406
[1789104343099] [[32minfo[0m] [RasterAB] car=4 track=0 frame=5 mode=1 draw=121351 present=31454 track_us=14339 prepare=25121 raster=42386 blit=10326 player=32435 opponents=45532 upscale=20196 hud=3346 crc=2420728406
[1789104343472] [[32minfo[0m] [RasterAB] car=4 track=0 frame=6 mode=0 draw=124736 present=31475 track_us=14096 prepare=25043 raster=48823 blit=7648 player=32812 opponents=48837 upscale=20189 hud=3289 crc=2952778531
[1789104343481] [[32minfo[0m] [RasterAB] car=4 track=0 frame=6 mode=1 draw=117104 present=31492 track_us=14046 prepare=25158 raster=40721 blit=7661 player=29903 opponents=43776 upscale=20640 hud=3296 crc=2952778531
[1789104343811] [[32minfo[0m] [RasterAB] car=4 track=0 frame=7 mode=0 draw=101823 present=31460 track_us=13108 prepare=16480 raster=29347 blit=5033 player=33537 opponents=26082 upscale=20209 hud=3460 crc=1543426618
[1789104343820] [[32minfo[0m] [RasterAB] car=4 track=0 frame=7 mode=1 draw=97690 present=31418 track_us=13147 prepare=16460 raster=25068 blit=5045 player=30386 opponents=24935 upscale=20194 hud=3502 crc=1543426618
[1789104344045] [[32minfo[0m] [PaintStage] rows=131 clear_us=466 fill_us=4638 copy_us=3544
[1789104344047] [[32minfo[0m] [TrackStage] project_us=3640 paint_us=9882 lines_us=13 wireframe=false
[1789104344157] [[32minfo[0m] [RaceStage] track_us=19505 cars_us=83840 upscale_us=20170 scene_width=234 surfaces=48 cars=3 track_id=0 player_car=4 submitted=3 player_us=36239 opponents_us=47185 player_native=true prepare_us=25058 raster_us=42752 blit_us=15485 candidate_rows_before=7056 candidate_rows_after=2550
[1789104344177] [[32minfo[0m] [HudStage] map_us=1447 total_us=3377 map_cached=true
[1789104344238] [[32minfo[0m] [RasterAB] car=4 track=0 frame=8 mode=0 draw=133963 present=31462 track_us=12496 prepare=25043 raster=51844 blit=15448 player=39803 opponents=52664 upscale=20180 hud=3293 crc=2558238521
[1789104344246] [[32minfo[0m] [RasterAB] car=4 track=0 frame=8 mode=1 draw=153780 present=31507 track_us=19505 prepare=25058 raster=42752 blit=15485 player=36239 opponents=47185 upscale=20170 hud=7570 crc=2558238521
[1789104344650] [[32minfo[0m] [RasterAB] car=4 track=0 frame=9 mode=0 draw=140216 present=31471 track_us=26929 prepare=24972 raster=50858 blit=8328 player=33656 opponents=50635 upscale=20218 hud=3317 crc=3967411784
[1789104344659] [[32minfo[0m] [RasterAB] car=4 track=0 frame=9 mode=1 draw=131995 present=31451 track_us=26979 prepare=25089 raster=42324 blit=8379 player=30788 opponents=45140 upscale=20208 hud=3345 crc=3967411784
[1789104344725] [[32minfo[0m] [CarStage] car=5 panels=607 vertices=790 tiles=1 prepare_us=6283 raster_us=9158 blit_us=1779
[1789104345061] [[32minfo[0m] [RasterAB] car=4 track=0 frame=10 mode=0 draw=140726 present=31461 track_us=25073 prepare=25196 raster=51402 blit=8700 player=34321 opponents=52227 upscale=20231 hud=3334 crc=406498855
[1789104345070] [[32minfo[0m] [RasterAB] car=4 track=0 frame=10 mode=1 draw=130636 present=31711 track_us=25021 prepare=25118 raster=42755 blit=8673 player=30843 opponents=45835 upscale=20200 hud=3309 crc=406498855
[1789104345423] [[32minfo[0m] [RasterAB] car=4 track=0 frame=11 mode=0 draw=114001 present=31432 track_us=22278 prepare=16476 raster=31198 blit=6034 player=36722 opponents=25821 upscale=20189 hud=3464 crc=1790072476
[1789104345432] [[32minfo[0m] [RasterAB] car=4 track=0 frame=11 mode=1 draw=108438 present=31432 track_us=21828 prepare=16448 raster=26273 blit=5952 player=32722 opponents=24688 upscale=20181 hud=3493 crc=1790072476
[1789104345822] [[32minfo[0m] [RasterAB] car=4 track=0 frame=12 mode=0 draw=133974 present=31481 track_us=17305 prepare=25116 raster=52246 blit=10167 player=35652 opponents=52016 upscale=20174 hud=3306 crc=1816867525
[1789104345831] [[32minfo[0m] [RasterAB] car=4 track=0 frame=12 mode=1 draw=124919 present=31482 track_us=17265 prepare=25144 raster=43336 blit=10104 player=32267 opponents=46455 upscale=20198 hud=3303 crc=1816867525
[1789104346047] [[32minfo[0m] [PaintStage] rows=158 clear_us=546 fill_us=5661 copy_us=4043
[1789104346048] [[32minfo[0m] [TrackStage] project_us=3769 paint_us=11446 lines_us=13 wireframe=false
[1789104346163] [[32minfo[0m] [RaceStage] track_us=21295 cars_us=88360 upscale_us=20209 scene_width=234 surfaces=98 cars=3 track_id=0 player_car=4 submitted=3 player_us=35179 opponents_us=52780 player_native=true prepare_us=25157 raster_us=52651 blit_us=10021 candidate_rows_before=2576 candidate_rows_after=868
[1789104346183] [[32minfo[0m] [HudStage] map_us=1401 total_us=3362 map_cached=true
[1789104346244] [[32minfo[0m] [RasterAB] car=4 track=0 frame=13 mode=0 draw=160040 present=31418 track_us=21295 prepare=25157 raster=52651 blit=10021 player=35179 opponents=52780 upscale=20209 hud=7590 crc=2442060032
[1789104346252] [[32minfo[0m] [RasterAB] car=4 track=0 frame=13 mode=1 draw=122310 present=31492 track_us=14235 prepare=25145 raster=43801 blit=9972 player=31857 opponents=47196 upscale=20216 hud=3299 crc=2442060032
[1789104346636] [[32minfo[0m] [RasterAB] car=4 track=0 frame=14 mode=0 draw=131150 present=31469 track_us=12660 prepare=25242 raster=53380 blit=10750 player=36832 opponents=52682 upscale=20178 hud=3259 crc=410001232
[1789104346645] [[32minfo[0m] [RasterAB] car=4 track=0 frame=14 mode=1 draw=120967 present=31474 track_us=12659 prepare=25068 raster=43496 blit=10717 player=32906 opponents=46509 upscale=20173 hud=3293 crc=410001232
[1789104346754] [[32minfo[0m] [CarStage] car=4 panels=1011 vertices=1293 tiles=1 prepare_us=10149 raster_us=20635 blit_us=5462
[1789104346986] [[32minfo[0m] [RasterAB] car=4 track=0 frame=15 mode=0 draw=107475 present=31445 track_us=11697 prepare=16514 raster=34305 blit=7144 player=40513 opponents=26185 upscale=20178 hud=3461 crc=3068614945
[1789104346995] [[32minfo[0m] [RasterAB] car=4 track=0 frame=15 mode=1 draw=103421 present=31455 track_us=11707 prepare=16527 raster=28828 blit=7091 player=37475 opponents=24998 upscale=20193 hud=3505 crc=3068614945
[1789104347397] [[32minfo[0m] [RasterAB] car=4 track=0 frame=16 mode=0 draw=140839 present=31499 track_us=14620 prepare=25188 raster=57695 blit=14125 player=39184 opponents=57959 upscale=20196 hud=3304 crc=2752038519
[1789104347406] [[32minfo[0m] [RasterAB] car=4 track=0 frame=16 mode=1 draw=129839 present=31991 track_us=14343 prepare=25138 raster=47188 blit=14133 player=35320 opponents=51273 upscale=20196 hud=3285 crc=2752038519
[1789104347799] [[32minfo[0m] [RasterAB] car=4 track=0 frame=17 mode=0 draw=135957 present=31484 track_us=14813 prepare=25066 raster=55521 blit=11540 player=37932 opponents=54328 upscale=20199 hud=3271 crc=1134018321
[1789104347808] [[32minfo[0m] [RasterAB] car=4 track=0 frame=17 mode=1 draw=125840 present=31450 track_us=14823 prepare=25079 raster=45267 blit=11544 player=34309 opponents=47716 upscale=20185 hud=3276 crc=1134018321
[1789104348205] [[32minfo[0m] [RasterAB] car=4 track=0 frame=18 mode=0 draw=138040 present=31497 track_us=13441 prepare=25147 raster=58119 blit=12193 player=39028 opponents=56564 upscale=20177 hud=3309 crc=2634747724
[1789104348214] [[32minfo[0m] [RasterAB] car=4 track=0 frame=18 mode=1 draw=127745 present=31473 track_us=13672 prepare=25184 raster=47549 blit=12189 player=35001 opponents=50058 upscale=20196 hud=3365 crc=2634747724
[1789104348251] [[32minfo[0m] [PaintStage] rows=145 clear_us=503 fill_us=5085 copy_us=3846
[1789104348252] [[32minfo[0m] [TrackStage] project_us=3699 paint_us=10569 lines_us=13 wireframe=false
[1789104348339] [[32minfo[0m] [RaceStage] track_us=20360 cars_us=60227 upscale_us=20206 scene_width=234 surfaces=67 cars=3 track_id=0 player_car=4 submitted=3 player_us=34576 opponents_us=25249 player_native=true prepare_us=16412 raster_us=27214 blit_us=7445 candidate_rows_before=2352 candidate_rows_after=833
[1789104348359] [[32minfo[0m] [HudStage] map_us=1425 total_us=3498 map_cached=true
[1789104348583] [[32minfo[0m] [RasterAB] car=4 track=0 frame=19 mode=0 draw=107254 present=31467 track_us=13329 prepare=16475 raster=32105 blit=7437 player=38246 opponents=26502 upscale=20178 hud=3481 crc=41091029
[1789104348591] [[32minfo[0m] [RasterAB] car=4 track=0 frame=19 mode=1 draw=130751 present=31467 track_us=20360 prepare=16412 raster=27214 blit=7445 player=34576 opponents=25249 upscale=20206 hud=7559 crc=41091029
[1789104348832] [[32minfo[0m] [CarStage] car=5 panels=607 vertices=790 tiles=1 prepare_us=6279 raster_us=7874 blit_us=2030
[1789104348980] [[32minfo[0m] [RasterAB] car=4 track=0 frame=20 mode=0 draw=133256 present=31460 track_us=11193 prepare=25056 raster=55606 blit=12264 player=38521 opponents=54534 upscale=20181 hud=3291 crc=1442491244
[1789104348989] [[32minfo[0m] [RasterAB] car=4 track=0 frame=20 mode=1 draw=123895 present=31459 track_us=11114 prepare=25162 raster=45067 blit=12326 player=34962 opponents=48828 upscale=20207 hud=3279 crc=1442491244
[1789104349410] [[32minfo[0m] [RasterAB] car=4 track=0 frame=21 mode=0 draw=149870 present=31460 track_us=23492 prepare=25107 raster=57268 blit=14438 player=40615 opponents=56329 upscale=20181 hud=3799 crc=1320054652
[1789104349419] [[32minfo[0m] [RasterAB] car=4 track=0 frame=21 mode=1 draw=139648 present=31449 track_us=23796 prepare=25056 raster=47088 blit=14449 player=36483 opponents=50237 upscale=20193 hud=3348 crc=1320054652
[1789104349847] [[32minfo[0m] [RasterAB] car=4 track=0 frame=22 mode=0 draw=153218 present=31472 track_us=23914 prepare=24991 raster=54236 blit=20910 player=40699 opponents=59573 upscale=20195 hud=3300 crc=2434498028
[1789104349856] [[32minfo[0m] [RasterAB] car=4 track=0 frame=22 mode=1 draw=143739 present=31447 track_us=23869 prepare=25079 raster=44811 blit=20918 player=37212 opponents=53722 upscale=20192 hud=3314 crc=2434498028
[1789104350207] [[32minfo[0m] [RasterAB] car=4 track=0 frame=23 mode=0 draw=112112 present=31440 track_us=20945 prepare=16438 raster=30300 blit=6593 player=36049 opponents=26005 upscale=20204 hud=3455 crc=994767733
[1789104350215] [[32minfo[0m] [RasterAB] car=4 track=0 frame=23 mode=1 draw=107852 present=31450 track_us=20945 prepare=16481 raster=25879 blit=6593 player=32686 opponents=25004 upscale=20207 hud=3449 crc=994767733
[1789104350256] [[32minfo[0m] [PaintStage] rows=137 clear_us=476 fill_us=6836 copy_us=3529
[1789104350257] [[32minfo[0m] [TrackStage] project_us=5613 paint_us=11965 lines_us=15 wireframe=false
[1789104350377] [[32minfo[0m] [RaceStage] track_us=23664 cars_us=93171 upscale_us=20230 scene_width=234 surfaces=193 cars=3 track_id=0 player_car=4 submitted=3 player_us=37772 opponents_us=54958 player_native=true prepare_us=25196 raster_us=53414 blit_us=13982 candidate_rows_before=9520 candidate_rows_after=1459
[1789104350398] [[32minfo[0m] [HudStage] map_us=1412 total_us=3393 map_cached=true
[1789104350642] [[32minfo[0m] [RasterAB] car=4 track=0 frame=24 mode=0 draw=167253 present=31473 track_us=23664 prepare=25196 raster=53414 blit=13982 player=37772 opponents=54958 upscale=20230 hud=7580 crc=3598159444
[1789104350651] [[32minfo[0m] [RasterAB] car=4 track=0 frame=24 mode=1 draw=128350 present=31446 track_us=16626 prepare=25133 raster=43598 blit=13775 player=34239 opponents=48399 upscale=20195 hud=3381 crc=3598159444
[1789104350670] [[32minfo[0m] [RasterAB] GROUP car=4 track=0 mismatches=0 stack_free=2436
[1789104350835] [[32minfo[0m] [CarStage] car=6 panels=833 vertices=1215 tiles=1 prepare_us=8565 raster_us=26993 blit_us=8049
[1789104351490] [[32minfo[0m] [RasterAB] car=4 track=1 frame=1 mode=0 draw=149781 present=31467 track_us=15545 prepare=24929 raster=60963 blit=19228 player=40053 opponents=65205 upscale=20203 hud=3329 crc=3841981559
[1789104351499] [[32minfo[0m] [RasterAB] car=4 track=1 frame=1 mode=1 draw=138031 present=31451 track_us=15556 prepare=24870 raster=49217 blit=19257 player=35539 opponents=57942 upscale=20193 hud=3359 crc=3841981559
[1789104351904] [[32minfo[0m] [RasterAB] car=4 track=1 frame=2 mode=0 draw=142023 present=31465 track_us=18610 prepare=24953 raster=53699 blit=15584 player=40244 opponents=54121 upscale=20183 hud=3292 crc=2179556315
[1789104351913] [[32minfo[0m] [RasterAB] car=4 track=1 frame=2 mode=1 draw=132147 present=31447 track_us=18596 prepare=24983 raster=43777 blit=15589 player=36678 opponents=47805 upscale=20200 hud=3374 crc=2179556315
[1789104352258] [[32minfo[0m] [RasterAB] car=4 track=1 frame=3 mode=0 draw=108773 present=31448 track_us=19056 prepare=16472 raster=29567 blit=5675 player=34480 opponents=26039 upscale=20214 hud=3498 crc=2105047425
[1789104352267] [[32minfo[0m] [RasterAB] car=4 track=1 frame=3 mode=1 draw=104821 present=31421 track_us=19092 prepare=16496 raster=25156 blit=5669 player=31214 opponents=25140 upscale=20194 hud=3560 crc=2105047425
[1789104352310] [[32minfo[0m] [PaintStage] rows=232 clear_us=801 fill_us=7600 copy_us=5633
[1789104352311] [[32minfo[0m] [TrackStage] project_us=4501 paint_us=15267 lines_us=14 wireframe=false
[1789104352411] [[32minfo[0m] [RaceStage] track_us=25905 cars_us=74520 upscale_us=20209 scene_width=234 surfaces=123 cars=3 track_id=1 player_car=4 submitted=3 player_us=30347 opponents_us=43712 player_native=true prepare_us=25829 raster_us=41984 blit_us=6113 candidate_rows_before=2464 candidate_rows_after=813
[1789104352432] [[32minfo[0m] [HudStage] map_us=1445 total_us=3371 map_cached=true
[1789104352663] [[32minfo[0m] [RasterAB] car=4 track=1 frame=4 mode=0 draw=150771 present=31413 track_us=25905 prepare=25829 raster=41984 blit=6113 player=30347 opponents=43712 upscale=20209 hud=7609 crc=3906502655
[1789104352672] [[32minfo[0m] [RasterAB] car=4 track=1 frame=4 mode=1 draw=115125 present=31489 track_us=18792 prepare=25207 raster=35741 blit=6051 player=27175 opponents=39958 upscale=20216 hud=3359 crc=3906502655
[1789104352900] [[32minfo[0m] [CarStage] car=5 panels=607 vertices=790 tiles=1 prepare_us=6341 raster_us=8548 blit_us=1586
[1789104353047] [[32minfo[0m] [RasterAB] car=4 track=1 frame=5 mode=0 draw=126727 present=31459 track_us=13966 prepare=25370 raster=47274 blit=9758 player=33532 opponents=50127 upscale=20215 hud=3332 crc=512956606
[1789104353055] [[32minfo[0m] [RasterAB] car=4 track=1 frame=5 mode=1 draw=117579 present=31471 track_us=14001 prepare=25261 raster=39347 blit=9703 player=30417 opponents=44033 upscale=20199 hud=3316 crc=512956606
[1789104353448] [[32minfo[0m] [RasterAB] car=4 track=1 frame=6 mode=0 draw=135849 present=31466 track_us=12690 prepare=25322 raster=57112 blit=11446 player=38841 opponents=55172 upscale=20170 hud=3339 crc=3746777269
[1789104353457] [[32minfo[0m] [RasterAB] car=4 track=1 frame=6 mode=1 draw=126122 present=31478 track_us=12667 prepare=25447 raster=46971 blit=11841 player=35141 opponents=49249 upscale=20174 hud=3338 crc=3746777269
[1789104353799] [[32minfo[0m] [RasterAB] car=4 track=1 frame=7 mode=0 draw=108227 present=31446 track_us=12711 prepare=16564 raster=33658 blit=7245 player=39733 opponents=26527 upscale=20184 hud=3528 crc=4043116672
[1789104353808] [[32minfo[0m] [RasterAB] car=4 track=1 frame=7 mode=1 draw=102999 present=31427 track_us=12757 prepare=16553 raster=28338 blit=7234 player=35672 opponents=25179 upscale=20199 hud=3562 crc=4043116672
[1789104354202] [[32minfo[0m] [RasterAB] car=4 track=1 frame=8 mode=0 draw=137355 present=31486 track_us=13331 prepare=25262 raster=57463 blit=12006 player=39627 opponents=55237 upscale=20193 hud=3354 crc=353550317
[1789104354211] [[32minfo[0m] [RasterAB] car=4 track=1 frame=8 mode=1 draw=126433 present=31431 track_us=13567 prepare=25180 raster=46315 blit=12035 player=35604 opponents=48053 upscale=20200 hud=3431 crc=353550317
[1789104354443] [[32minfo[0m] [PaintStage] rows=129 clear_us=434 fill_us=6435 copy_us=3558
[1789104354444] [[32minfo[0m] [TrackStage] project_us=4278 paint_us=11663 lines_us=14 wireframe=false
[1789104354575] [[32minfo[0m] [RaceStage] track_us=22018 cars_us=105194 upscale_us=20200 scene_width=234 surfaces=114 cars=3 track_id=1 player_car=4 submitted=3 player_us=46128 opponents_us=58607 player_native=true prepare_us=25265 raster_us=62443 blit_us=16889 candidate_rows_before=3360 candidate_rows_after=1520
[1789104354596] [[32minfo[0m] [HudStage] map_us=1510 total_us=3473 map_cached=true
[1789104354656] [[32minfo[0m] [RasterAB] car=4 track=1 frame=9 mode=0 draw=177629 present=31478 track_us=22018 prepare=25265 raster=62443 blit=16889 player=46128 opponents=58607 upscale=20200 hud=7556 crc=1261708387
[1789104354664] [[32minfo[0m] [RasterAB] car=4 track=1 frame=9 mode=1 draw=137765 present=31414 track_us=14941 prepare=25300 raster=51188 blit=16913 player=41570 opponents=51966 upscale=20197 hud=3450 crc=1261708387
[1789104354926] [[32minfo[0m] [CarStage] car=5 panels=607 vertices=790 tiles=1 prepare_us=6282 raster_us=8081 blit_us=2840
[1789104355076] [[32minfo[0m] [RasterAB] car=4 track=1 frame=10 mode=0 draw=144750 present=31448 track_us=19393 prepare=25150 raster=55787 blit=15126 player=39178 opponents=57016 upscale=20182 hud=3360 crc=953137751
[1789104355085] [[32minfo[0m] [RasterAB] car=4 track=1 frame=10 mode=1 draw=135973 present=31719 track_us=19354 prepare=25278 raster=45887 blit=15108 player=35733 opponents=51793 upscale=20216 hud=3343 crc=953137751
[1789104355433] [[32minfo[0m] [RasterAB] car=4 track=1 frame=11 mode=0 draw=110721 present=31455 track_us=20203 prepare=25325 raster=29163 blit=6767 player=33972 opponents=27417 upscale=20223 hud=3330 crc=1559113540
[1789104355442] [[32minfo[0m] [RasterAB] car=4 track=1 frame=11 mode=1 draw=105778 present=31458 track_us=19751 prepare=25154 raster=24848 blit=6756 player=30516 opponents=26370 upscale=20220 hud=3294 crc=1559113540
[1789104355811] [[32minfo[0m] [RasterAB] car=4 track=1 frame=12 mode=0 draw=122523 present=31473 track_us=18644 prepare=25224 raster=42184 blit=7192 player=30334 opponents=44399 upscale=20206 hud=3326 crc=498999732
[1789104355819] [[32minfo[0m] [RasterAB] car=4 track=1 frame=12 mode=1 draw=115961 present=31480 track_us=18610 prepare=25173 raster=35763 blit=7233 player=27835 opponents=40464 upscale=20193 hud=3322 crc=498999732
[1789104356197] [[32minfo[0m] [RasterAB] car=4 track=1 frame=13 mode=0 draw=127491 present=31448 track_us=14365 prepare=25265 raster=48381 blit=10271 player=33859 opponents=50186 upscale=20195 hud=3338 crc=324575600
[1789104356206] [[32minfo[0m] [RasterAB] car=4 track=1 frame=13 mode=1 draw=119410 present=31474 track_us=14173 prepare=25207 raster=40444 blit=10240 player=30847 opponents=45184 upscale=20189 hud=3395 crc=324575600
[1789104356591] [[32minfo[0m] [RasterAB] car=4 track=1 frame=14 mode=0 draw=131992 present=31973 track_us=12903 prepare=25224 raster=53720 blit=10842 player=36717 opponents=53212 upscale=20197 hud=3360 crc=1867296282
[1789104356600] [[32minfo[0m] [RasterAB] car=4 track=1 frame=14 mode=1 draw=122034 present=31485 track_us=12921 prepare=25275 raster=43753 blit=10846 player=33128 opponents=46889 upscale=20187 hud=3360 crc=1867296282
[1789104356636] [[32minfo[0m] [PaintStage] rows=154 clear_us=524 fill_us=4232 copy_us=3905
[1789104356637] [[32minfo[0m] [TrackStage] project_us=3123 paint_us=9798 lines_us=12 wireframe=false
[1789104356726] [[32minfo[0m] [RaceStage] track_us=18933 cars_us=62897 upscale_us=20199 scene_width=234 surfaces=51 cars=3 track_id=1 player_car=4 submitted=3 player_us=37336 opponents_us=25110 player_native=true prepare_us=16521 raster_us=30488 blit_us=6627 candidate_rows_before=1120 candidate_rows_after=542
[1789104356747] [[32minfo[0m] [HudStage] map_us=1506 total_us=3594 map_cached=true
[1789104356972] [[32minfo[0m] [RasterAB] car=4 track=1 frame=15 mode=0 draw=109640 present=31420 track_us=11967 prepare=16564 raster=36419 blit=6592 player=41888 opponents=26491 upscale=20201 hud=3565 crc=2482507085
[1789104356981] [[32minfo[0m] [RasterAB] car=4 track=1 frame=15 mode=1 draw=132020 present=31461 track_us=18933 prepare=16521 raster=30488 blit=6627 player=37336 opponents=25110 upscale=20199 hud=7580 crc=2482507085
[1789104357036] [[32minfo[0m] [CarStage] car=5 panels=607 vertices=790 tiles=1 prepare_us=6332 raster_us=9939 blit_us=1877
[1789104357387] [[32minfo[0m] [RasterAB] car=4 track=1 frame=16 mode=0 draw=144163 present=31473 track_us=12389 prepare=25345 raster=62554 blit=13321 player=40718 opponents=61762 upscale=20228 hud=3413 crc=3381471330
[1789104357396] [[32minfo[0m] [RasterAB] car=4 track=1 frame=16 mode=1 draw=130706 present=31954 track_us=12358 prepare=25239 raster=50559 blit=13298 player=36357 opponents=52870 upscale=20195 hud=3397 crc=3381471330
[1789104357800] [[32minfo[0m] [RasterAB] car=4 track=1 frame=17 mode=0 draw=142157 present=31479 track_us=16284 prepare=25203 raster=56588 blit=14835 player=38796 opponents=57965 upscale=20201 hud=3363 crc=4285673426
[1789104357809] [[32minfo[0m] [RasterAB] car=4 track=1 frame=17 mode=1 draw=131502 present=31441 track_us=16336 prepare=25199 raster=45770 blit=14855 player=34971 opponents=50986 upscale=20171 hud=3389 crc=4285673426
[1789104358223] [[32minfo[0m] [RasterAB] car=4 track=1 frame=18 mode=0 draw=147059 present=31473 track_us=17080 prepare=25285 raster=57314 blit=18073 player=40875 opponents=59929 upscale=20189 hud=3380 crc=2176955568
[1789104358232] [[32minfo[0m] [RasterAB] car=4 track=1 frame=18 mode=1 draw=136690 present=31452 track_us=17060 prepare=25171 raster=47105 blit=18093 player=36816 opponents=53682 upscale=20197 hud=3389 crc=2176955568
[1789104358577] [[32minfo[0m] [RasterAB] car=4 track=1 frame=19 mode=0 draw=108874 present=31442 track_us=19845 prepare=16522 raster=28301 blit=6072 player=33782 opponents=25905 upscale=20209 hud=3514 crc=1026179769
[1789104358586] [[32minfo[0m] [RasterAB] car=4 track=1 frame=19 mode=1 draw=104822 present=31976 track_us=19849 prepare=16511 raster=24282 blit=6014 player=30727 opponents=24851 upscale=20227 hud=3523 crc=1026179769
[1789104358809] [[32minfo[0m] [PaintStage] rows=232 clear_us=818 fill_us=7946 copy_us=5500
[1789104358810] [[32minfo[0m] [TrackStage] project_us=4829 paint_us=15547 lines_us=23 wireframe=false
[1789104358906] [[32minfo[0m] [RaceStage] track_us=26439 cars_us=69604 upscale_us=20203 scene_width=234 surfaces=144 cars=3 track_id=1 player_car=4 submitted=3 player_us=28162 opponents_us=40982 player_native=true prepare_us=25167 raster_us=36480 blit_us=7367 candidate_rows_before=3696 candidate_rows_after=1291
[1789104358927] [[32minfo[0m] [HudStage] map_us=1487 total_us=3388 map_cached=true
[1789104358987] [[32minfo[0m] [RasterAB] car=4 track=1 frame=20 mode=0 draw=124421 present=31475 track_us=19396 prepare=25147 raster=43201 blit=7338 player=30875 opponents=44979 upscale=20204 hud=3320 crc=3872128987
[1789104358995] [[32minfo[0m] [RasterAB] car=4 track=1 frame=20 mode=1 draw=146267 present=31501 track_us=26439 prepare=25167 raster=36480 blit=7367 player=28162 opponents=40982 upscale=20203 hud=7580 crc=3872128987
[1789104359050] [[32minfo[0m] [CarStage] car=5 panels=607 vertices=790 tiles=1 prepare_us=6357 raster_us=7871 blit_us=1539
[1789104359376] [[32minfo[0m] [RasterAB] car=4 track=1 frame=21 mode=0 draw=127723 present=31451 track_us=13535 prepare=25278 raster=49150 blit=10568 player=35310 opponents=49816 upscale=20180 hud=3341 crc=4239688557
[1789104359385] [[32minfo[0m] [RasterAB] car=4 track=1 frame=21 mode=1 draw=121208 present=31498 track_us=13797 prepare=25298 raster=41054 blit=10544 player=32173 opponents=45948 upscale=20236 hud=3350 crc=4239688557
[1789104359779] [[32minfo[0m] [RasterAB] car=4 track=1 frame=22 mode=0 draw=136667 present=31470 track_us=14388 prepare=25246 raster=55671 blit=12036 player=37219 opponents=55864 upscale=20205 hud=3339 crc=3827852097
[1789104359788] [[32minfo[0m] [RasterAB] car=4 track=1 frame=22 mode=1 draw=126598 present=31441 track_us=14377 prepare=25166 raster=45784 blit=12064 player=33613 opponents=49528 upscale=20198 hud=3373 crc=3827852097
[1789104360130] [[32minfo[0m] [RasterAB] car=4 track=1 frame=23 mode=0 draw=108119 present=31467 track_us=13836 prepare=16782 raster=31837 blit=7580 player=38967 opponents=26086 upscale=20194 hud=3509 crc=2439337246
[1789104360139] [[32minfo[0m] [RasterAB] car=4 track=1 frame=23 mode=1 draw=102953 present=31450 track_us=13888 prepare=16536 raster=26852 blit=7594 player=34863 opponents=24906 upscale=20178 hud=3514 crc=2439337246
[1789104360561] [[32minfo[0m] [RasterAB] car=4 track=1 frame=24 mode=0 draw=151384 present=31470 track_us=13783 prepare=25213 raster=64922 blit=18108 player=45608 opponents=62775 upscale=20192 hud=3419 crc=799814119
[1789104360570] [[32minfo[0m] [RasterAB] car=4 track=1 frame=24 mode=1 draw=138761 present=31485 track_us=13765 prepare=25225 raster=52334 blit=18090 player=40841 opponents=54939 upscale=20201 hud=3404 crc=799814119
[1789104360589] [[32minfo[0m] [RasterAB] GROUP car=4 track=1 mismatches=0 stack_free=2436
[1789104360815] [[32minfo[0m] [PaintStage] rows=149 clear_us=519 fill_us=6076 copy_us=3768
[1789104360816] [[32minfo[0m] [TrackStage] project_us=2467 paint_us=11596 lines_us=10 wireframe=false
[1789104360927] [[32minfo[0m] [RaceStage] track_us=20113 cars_us=85445 upscale_us=20178 scene_width=234 surfaces=120 cars=3 track_id=2 player_car=4 submitted=3 player_us=35038 opponents_us=50075 player_native=true prepare_us=24824 raster_us=43059 blit_us=17113 candidate_rows_before=8960 candidate_rows_after=1618
[1789104360948] [[32minfo[0m] [HudStage] map_us=1291 total_us=3276 map_cached=true
[1789104361095] [[32minfo[0m] [CarStage] car=4 panels=1011 vertices=1293 tiles=1 prepare_us=10052 raster_us=18298 blit_us=3922
[1789104361375] [[32minfo[0m] [RasterAB] car=4 track=2 frame=1 mode=0 draw=131049 present=31443 track_us=12341 prepare=24825 raster=54797 blit=10259 player=35807 opponents=54180 upscale=20212 hud=3238 crc=827818295
[1789104361384] [[32minfo[0m] [RasterAB] car=4 track=2 frame=1 mode=1 draw=123268 present=31448 track_us=12367 prepare=25154 raster=45258 blit=10395 player=33507 opponents=48624 upscale=20206 hud=3208 crc=827818295
[1789104361774] [[32minfo[0m] [RasterAB] car=4 track=2 frame=2 mode=0 draw=135271 present=31462 track_us=12243 prepare=25236 raster=57033 blit=11807 player=39339 opponents=54859 upscale=20209 hud=3205 crc=740011770
[1789104361783] [[32minfo[0m] [RasterAB] car=4 track=2 frame=2 mode=1 draw=124181 present=31441 track_us=12218 prepare=25272 raster=46105 blit=11784 player=35367 opponents=47919 upscale=20187 hud=3208 crc=740011770
[1789104362129] [[32minfo[0m] [RasterAB] car=4 track=2 frame=3 mode=0 draw=111137 present=31426 track_us=10777 prepare=16544 raster=39012 blit=6952 player=44444 opponents=27007 upscale=20221 hud=3389 crc=3756379824
[1789104362138] [[32minfo[0m] [RasterAB] car=4 track=2 frame=3 mode=1 draw=104598 present=31414 track_us=10795 prepare=16550 raster=32382 blit=6959 player=39221 opponents=25548 upscale=20175 hud=3443 crc=3756379824
[1789104362567] [[32minfo[0m] [RasterAB] car=4 track=2 frame=4 mode=0 draw=155330 present=31455 track_us=23594 prepare=25225 raster=63581 blit=14012 player=40505 opponents=62440 upscale=20204 hud=3218 crc=1327350392
[1789104362576] [[32minfo[0m] [RasterAB] car=4 track=2 frame=4 mode=1 draw=143346 present=31460 track_us=23622 prepare=25213 raster=51555 blit=14016 player=36258 opponents=54654 upscale=20229 hud=3216 crc=1327350392
[1789104362987] [[32minfo[0m] [RasterAB] car=4 track=2 frame=5 mode=0 draw=145329 present=31465 track_us=17285 prepare=25122 raster=56075 blit=18065 player=43394 opponents=55990 upscale=20197 hud=3169 crc=1400424927
[1789104362996] [[32minfo[0m] [RasterAB] car=4 track=2 frame=5 mode=1 draw=134915 present=31465 track_us=17316 prepare=25140 raster=45510 blit=18067 player=39650 opponents=49200 upscale=20179 hud=3167 crc=1400424927
[1789104363032] [[32minfo[0m] [PaintStage] rows=175 clear_us=602 fill_us=5431 copy_us=4187
[1789104363033] [[32minfo[0m] [TrackStage] project_us=2025 paint_us=11418 lines_us=10 wireframe=false
[1789104363116] [[32minfo[0m] [CarStage] car=4 panels=1011 vertices=1293 tiles=1 prepare_us=10190 raster_us=23750 blit_us=4623
[1789104363154] [[32minfo[0m] [RaceStage] track_us=19531 cars_us=94527 upscale_us=20194 scene_width=234 surfaces=81 cars=3 track_id=2 player_car=4 submitted=3 player_us=39750 opponents_us=54442 player_native=true prepare_us=25337 raster_us=55702 blit_us=11871 candidate_rows_before=2464 candidate_rows_after=1195
[1789104363175] [[32minfo[0m] [HudStage] map_us=1290 total_us=3266 map_cached=true
[1789104363415] [[32minfo[0m] [RasterAB] car=4 track=2 frame=6 mode=0 draw=164275 present=31432 track_us=19531 prepare=25337 raster=55702 blit=11871 player=39750 opponents=54442 upscale=20194 hud=7575 crc=2321498155
[1789104363424] [[32minfo[0m] [RasterAB] car=4 track=2 frame=6 mode=1 draw=124002 present=31929 track_us=12237 prepare=25245 raster=45864 blit=11719 player=34589 opponents=48367 upscale=20207 hud=3243 crc=2321498155
[1789104363765] [[32minfo[0m] [RasterAB] car=4 track=2 frame=7 mode=0 draw=107218 present=31430 track_us=16474 prepare=16573 raster=31289 blit=5277 player=35693 opponents=26146 upscale=20197 hud=3402 crc=1140645885
[1789104363774] [[32minfo[0m] [RasterAB] car=4 track=2 frame=7 mode=1 draw=102804 present=31449 track_us=16503 prepare=16562 raster=26730 blit=5228 player=32273 opponents=24999 upscale=20218 hud=3387 crc=1140645885
[1789104364169] [[32minfo[0m] [RasterAB] car=4 track=2 frame=8 mode=0 draw=138074 present=31441 track_us=11556 prepare=25229 raster=60741 blit=11643 player=46066 opponents=51667 upscale=20206 hud=3188 crc=4040250072
[1789104364178] [[32minfo[0m] [RasterAB] car=4 track=2 frame=8 mode=1 draw=126614 present=31440 track_us=11520 prepare=25293 raster=49107 blit=11652 player=40990 opponents=45188 upscale=20453 hud=3193 crc=4040250072
[1789104364554] [[32minfo[0m] [RasterAB] car=4 track=2 frame=9 mode=0 draw=127181 present=31445 track_us=9951 prepare=25220 raster=54684 blit=8446 player=35686 opponents=52788 upscale=20169 hud=3215 crc=3824396219
[1789104364562] [[32minfo[0m] [RasterAB] car=4 track=2 frame=9 mode=1 draw=117660 present=31452 track_us=9958 prepare=25279 raster=45164 blit=8377 player=32145 opponents=46801 upscale=20168 hud=3213 crc=3824396219
[1789104364945] [[32minfo[0m] [RasterAB] car=4 track=2 frame=10 mode=0 draw=130123 present=31459 track_us=11115 prepare=25224 raster=52445 blit=12459 player=35974 opponents=54276 upscale=20166 hud=3176 crc=3432534975
[1789104364954] [[32minfo[0m] [RasterAB] car=4 track=2 frame=10 mode=1 draw=120944 present=31459 track_us=11095 prepare=25262 raster=43337 blit=12452 player=32620 opponents=48558 upscale=20181 hud=3225 crc=3432534975
[1789104365207] [[32minfo[0m] [PaintStage] rows=140 clear_us=489 fill_us=23166 copy_us=3994
[1789104365208] [[32minfo[0m] [TrackStage] project_us=14185 paint_us=29456 lines_us=14 wireframe=false
[1789104365233] [[32minfo[0m] [CarStage] car=5 panels=607 vertices=790 tiles=1 prepare_us=6232 raster_us=8975 blit_us=3067
[1789104365300] [[32minfo[0m] [RaceStage] track_us=49900 cars_us=65595 upscale_us=20246 scene_width=234 surfaces=838 cars=3 track_id=2 player_car=4 submitted=3 player_us=37080 opponents_us=28157 player_native=true prepare_us=16489 raster_us=31037 blit_us=7781 candidate_rows_before=11984 candidate_rows_after=1632
[1789104365321] [[32minfo[0m] [HudStage] map_us=1295 total_us=3368 map_cached=true
[1789104365382] [[32minfo[0m] [RasterAB] car=4 track=2 frame=11 mode=0 draw=165736 present=31513 track_us=49900 prepare=16489 raster=31037 blit=7781 player=37080 opponents=28157 upscale=20246 hud=7579 crc=4076118619
[1789104365391] [[32minfo[0m] [RasterAB] car=4 track=2 frame=11 mode=1 draw=130910 present=31413 track_us=42646 prepare=16465 raster=26269 blit=7727 player=33036 opponents=26238 upscale=20206 hud=3368 crc=4076118619
[1789104365793] [[32minfo[0m] [RasterAB] car=4 track=2 frame=12 mode=0 draw=140064 present=31457 track_us=24777 prepare=25184 raster=50662 blit=10550 player=33931 opponents=52595 upscale=20193 hud=3173 crc=338516289
[1789104365802] [[32minfo[0m] [RasterAB] car=4 track=2 frame=12 mode=1 draw=131476 present=31418 track_us=24747 prepare=25130 raster=42195 blit=10532 player=30731 opponents=47250 upscale=20208 hud=3245 crc=338516289
[1789104366195] [[32minfo[0m] [RasterAB] car=4 track=2 frame=13 mode=0 draw=134775 present=31433 track_us=22226 prepare=25175 raster=48533 blit=9960 player=33381 opponents=50411 upscale=20216 hud=3205 crc=3237415092
[1789104366204] [[32minfo[0m] [RasterAB] car=4 track=2 frame=13 mode=1 draw=126936 present=31418 track_us=22040 prepare=25134 raster=40846 blit=9976 player=30463 opponents=45619 upscale=20215 hud=3215 crc=3237415092
[1789104366590] [[32minfo[0m] [RasterAB] car=4 track=2 frame=14 mode=0 draw=131717 present=31993 track_us=18303 prepare=25128 raster=49943 blit=9427 player=34272 opponents=50348 upscale=20193 hud=3197 crc=1097850695
[1789104366599] [[32minfo[0m] [RasterAB] car=4 track=2 frame=14 mode=1 draw=123222 present=31447 track_us=18296 prepare=25175 raster=41519 blit=9358 player=31056 opponents=45129 upscale=20206 hud=3171 crc=1097850695
[1789104366927] [[32minfo[0m] [RasterAB] car=4 track=2 frame=15 mode=0 draw=100859 present=31425 track_us=11218 prepare=16486 raster=30271 blit=5312 player=35127 opponents=25696 upscale=20171 hud=3350 crc=985153934
[1789104366936] [[32minfo[0m] [RasterAB] car=4 track=2 frame=15 mode=1 draw=96543 present=31445 track_us=11223 prepare=16557 raster=25799 blit=5274 player=31836 opponents=24567 upscale=20168 hud=3362 crc=985153934
[1789104367249] [[32minfo[0m] [CarStage] car=6 panels=833 vertices=1215 tiles=1 prepare_us=8699 raster_us=17122 blit_us=3781
[1789104367309] [[32minfo[0m] [RasterAB] car=4 track=2 frame=16 mode=0 draw=125282 present=31425 track_us=10656 prepare=25317 raster=50752 blit=9680 player=34579 opponents=51296 upscale=20178 hud=3196 crc=2070975028
[1789104367318] [[32minfo[0m] [RasterAB] car=4 track=2 frame=16 mode=1 draw=117551 present=31432 track_us=10623 prepare=25303 raster=41994 blit=9671 player=31164 opponents=47021 upscale=20172 hud=3279 crc=2070975028
[1789104367353] [[32minfo[0m] [PaintStage] rows=127 clear_us=429 fill_us=5094 copy_us=3187
[1789104367354] [[32minfo[0m] [TrackStage] project_us=2640 paint_us=9841 lines_us=12 wireframe=false
[1789104367451] [[32minfo[0m] [RaceStage] track_us=18476 cars_us=70269 upscale_us=20176 scene_width=234 surfaces=139 cars=3 track_id=2 player_car=4 submitted=3 player_us=28325 opponents_us=41620 player_native=true prepare_us=25286 raster_us=37354 blit_us=7171 candidate_rows_before=3360 candidate_rows_after=1225
[1789104367471] [[32minfo[0m] [HudStage] map_us=1287 total_us=3196 map_cached=true
[1789104367704] [[32minfo[0m] [RasterAB] car=4 track=2 frame=17 mode=0 draw=116459 present=31450 track_us=11506 prepare=25201 raster=43836 blit=7085 player=30917 opponents=45328 upscale=20161 hud=3178 crc=2528158184
[1789104367713] [[32minfo[0m] [RasterAB] car=4 track=2 frame=17 mode=1 draw=138975 present=31478 track_us=18476 prepare=25286 raster=37354 blit=7171 player=28325 opponents=41620 upscale=20176 hud=7594 crc=2528158184
[1789104368070] [[32minfo[0m] [RasterAB] car=4 track=2 frame=18 mode=0 draw=116541 present=31431 track_us=11592 prepare=25145 raster=42378 blit=8524 player=31118 opponents=45051 upscale=20177 hud=3183 crc=2964628137
[1789104368079] [[32minfo[0m] [RasterAB] car=4 track=2 frame=18 mode=1 draw=109983 present=31688 track_us=11564 prepare=25249 raster=35881 blit=8500 player=28459 opponents=41296 upscale=20198 hud=3172 crc=2964628137
[1789104368503] [[32minfo[0m] [RasterAB] car=4 track=2 frame=19 mode=0 draw=155480 present=31419 track_us=12519 prepare=25327 raster=80049 blit=8763 player=31512 opponents=82755 upscale=20202 hud=3180 crc=3581641321
[1789104368512] [[32minfo[0m] [RasterAB] car=4 track=2 frame=19 mode=1 draw=138246 present=31471 track_us=12563 prepare=25227 raster=62927 blit=8697 player=28462 opponents=68520 upscale=20183 hud=3133 crc=3581641321
[1789104368897] [[32minfo[0m] [RasterAB] car=4 track=2 frame=20 mode=0 draw=131287 present=31495 track_us=19412 prepare=25140 raster=48611 blit=9291 player=34091 opponents=49073 upscale=20187 hud=3149 crc=2288024105
[1789104368906] [[32minfo[0m] [RasterAB] car=4 track=2 frame=20 mode=1 draw=122886 present=31443 track_us=19387 prepare=25252 raster=40287 blit=9238 player=30944 opponents=43956 upscale=20195 hud=3146 crc=2288024105
[1789104369283] [[32minfo[0m] [RasterAB] car=4 track=2 frame=21 mode=0 draw=127520 present=31424 track_us=13461 prepare=25199 raster=52485 blit=7513 player=34359 opponents=50963 upscale=20186 hud=3226 crc=483354929
[1789104369292] [[32minfo[0m] [RasterAB] car=4 track=2 frame=21 mode=1 draw=118933 present=31450 track_us=13486 prepare=25254 raster=43770 blit=7497 player=31018 opponents=45630 upscale=20203 hud=3206 crc=483354929
[1789104369367] [[32minfo[0m] [CarStage] car=5 panels=607 vertices=790 tiles=1 prepare_us=6289 raster_us=9130 blit_us=2156
[1789104369558] [[32minfo[0m] [PaintStage] rows=232 clear_us=784 fill_us=16551 copy_us=5366
[1789104369559] [[32minfo[0m] [TrackStage] project_us=10061 paint_us=24185 lines_us=12 wireframe=false
[1789104369667] [[32minfo[0m] [RaceStage] track_us=40509 cars_us=81148 upscale_us=20220 scene_width=234 surfaces=540 cars=3 track_id=2 player_car=4 submitted=3 player_us=32322 opponents_us=48504 player_native=true prepare_us=25151 raster_us=43552 blit_us=11987 candidate_rows_before=2688 candidate_rows_after=1233
[1789104369687] [[32minfo[0m] [HudStage] map_us=1311 total_us=3285 map_cached=true
[1789104369748] [[32minfo[0m] [RasterAB] car=4 track=2 frame=22 mode=0 draw=153823 present=31433 track_us=33296 prepare=25202 raster=52728 blit=12017 player=35918 opponents=55251 upscale=20721 hud=3216 crc=2603878467
[1789104369756] [[32minfo[0m] [RasterAB] car=4 track=2 frame=22 mode=1 draw=171885 present=31474 track_us=40509 prepare=25151 raster=43552 blit=11987 player=32322 opponents=48504 upscale=20220 hud=7583 crc=2603878467
[1789104370109] [[32minfo[0m] [RasterAB] car=4 track=2 frame=23 mode=0 draw=113190 present=31447 track_us=21157 prepare=16457 raster=31704 blit=6164 player=37151 opponents=25962 upscale=20211 hud=3378 crc=1554771113
[1789104370118] [[32minfo[0m] [RasterAB] car=4 track=2 frame=23 mode=1 draw=108301 present=31416 track_us=21164 prepare=16550 raster=26698 blit=6155 player=33305 opponents=24861 upscale=20189 hud=3385 crc=1554771113
[1789104370514] [[32minfo[0m] [RasterAB] car=4 track=2 frame=24 mode=0 draw=136357 present=31920 track_us=13085 prepare=25193 raster=51936 blit=17167 player=38539 opponents=55885 upscale=20211 hud=3217 crc=3585729348
[1789104370523] [[32minfo[0m] [RasterAB] car=4 track=2 frame=24 mode=1 draw=128168 present=31472 track_us=13092 prepare=25281 raster=43144 blit=17157 player=35344 opponents=50376 upscale=20690 hud=3250 crc=3585729348
[1789104370542] [[32minfo[0m] [RasterAB] GROUP car=4 track=2 mismatches=0 stack_free=2436
[1789104370600] [[32minfo[0m] [RacerMaterial] texture_side=32 entries=13 fallback_panels=0 map_cached=true
[1789104371354] [[32minfo[0m] [RasterAB] car=5 track=0 frame=1 mode=0 draw=129907 present=31441 track_us=13859 prepare=25282 raster=53353 blit=8398 player=33357 opponents=53808 upscale=20203 hud=3280 crc=3232109788
[1789104371363] [[32minfo[0m] [RasterAB] car=5 track=0 frame=1 mode=1 draw=121749 present=31465 track_us=13869 prepare=25417 raster=44774 blit=8677 player=30280 opponents=48731 upscale=20211 hud=3240 crc=3232109788
[1789104371422] [[32minfo[0m] [CarStage] car=6 panels=833 vertices=1215 tiles=1 prepare_us=8623 raster_us=11568 blit_us=2369
[1789104371589] [[32minfo[0m] [PaintStage] rows=131 clear_us=440 fill_us=4825 copy_us=3505
[1789104371590] [[32minfo[0m] [TrackStage] project_us=3512 paint_us=9957 lines_us=14 wireframe=false
[1789104371699] [[32minfo[0m] [RaceStage] track_us=19471 cars_us=82782 upscale_us=20201 scene_width=234 surfaces=68 cars=3 track_id=0 player_car=5 submitted=3 player_us=32703 opponents_us=49692 player_native=true prepare_us=25299 raster_us=45649 blit_us=11321 candidate_rows_before=6720 candidate_rows_after=1613
[1789104371720] [[32minfo[0m] [HudStage] map_us=1365 total_us=3306 map_cached=true
[1789104371780] [[32minfo[0m] [RasterAB] car=5 track=0 frame=2 mode=0 draw=134894 present=31424 track_us=12481 prepare=25455 raster=55281 blit=11305 player=36788 opponents=56512 upscale=20210 hud=3333 crc=3282777944
[1789104371788] [[32minfo[0m] [RasterAB] car=5 track=0 frame=2 mode=1 draw=152420 present=31480 track_us=19471 prepare=25299 raster=45649 blit=11321 player=32703 opponents=49692 upscale=20201 hud=7570 crc=3282777944
[1789104372125] [[32minfo[0m] [RasterAB] car=5 track=0 frame=3 mode=0 draw=105455 present=31440 track_us=11182 prepare=18222 raster=32291 blit=7248 player=34931 opponents=30296 upscale=20185 hud=3452 crc=1391863642
[1789104372134] [[32minfo[0m] [RasterAB] car=5 track=0 frame=3 mode=1 draw=100530 present=31421 track_us=11216 prepare=17984 raster=27548 blit=7225 player=31348 opponents=28823 upscale=20176 hud=3485 crc=1391863642
[1789104372521] [[32minfo[0m] [RasterAB] car=5 track=0 frame=4 mode=0 draw=132011 present=31478 track_us=15536 prepare=25712 raster=52296 blit=9252 player=33980 opponents=53422 upscale=20200 hud=3320 crc=1219523679
[1789104372530] [[32minfo[0m] [RasterAB] car=5 track=0 frame=4 mode=1 draw=123818 present=31485 track_us=15536 prepare=25849 raster=44098 blit=9265 player=30611 opponents=48743 upscale=20201 hud=3293 crc=1219523679
[1789104372917] [[32minfo[0m] [RasterAB] car=5 track=0 frame=5 mode=0 draw=132840 present=31470 track_us=14302 prepare=25809 raster=53350 blit=10333 player=35771 opponents=53858 upscale=20186 hud=3297 crc=4212702492
[1789104372926] [[32minfo[0m] [RasterAB] car=5 track=0 frame=5 mode=1 draw=123751 present=31483 track_us=14345 prepare=25758 raster=44202 blit=10323 player=32062 opponents=48354 upscale=20191 hud=3275 crc=4212702492
[1789104373302] [[32minfo[0m] [RasterAB] car=5 track=0 frame=6 mode=0 draw=127169 present=31451 track_us=14072 prepare=25761 raster=50489 blit=7669 player=32295 opponents=51760 upscale=20193 hud=3296 crc=4036060698
[1789104373311] [[32minfo[0m] [RasterAB] car=5 track=0 frame=6 mode=1 draw=118557 present=31439 track_us=14042 prepare=25675 raster=42123 blit=7623 player=29104 opponents=46451 upscale=20192 hud=3343 crc=4036060698
[1789104373527] [[32minfo[0m] [CarStage] car=6 panels=833 vertices=1215 tiles=1 prepare_us=8741 raster_us=11475 blit_us=1956
[1789104373649] [[32minfo[0m] [RasterAB] car=5 track=0 frame=7 mode=0 draw=106512 present=31444 track_us=13117 prepare=18352 raster=32165 blit=5029 player=33419 opponents=30859 upscale=20218 hud=3444 crc=3010218121
[1789104373657] [[32minfo[0m] [RasterAB] car=5 track=0 frame=7 mode=1 draw=101425 present=31444 track_us=13155 prepare=18320 raster=27600 blit=5005 player=30096 opponents=28488 upscale=20692 hud=3452 crc=3010218121
[1789104373694] [[32minfo[0m] [PaintStage] rows=131 clear_us=449 fill_us=4677 copy_us=3577
[1789104373695] [[32minfo[0m] [TrackStage] project_us=3602 paint_us=9811 lines_us=12 wireframe=false
[1789104373817] [[32minfo[0m] [RaceStage] track_us=19399 cars_us=95711 upscale_us=20178 scene_width=234 surfaces=48 cars=3 track_id=0 player_car=5 submitted=3 player_us=39740 opponents_us=55571 player_native=true prepare_us=25725 raster_us=53945 blit_us=15507 candidate_rows_before=7056 candidate_rows_after=2553
[1789104373838] [[32minfo[0m] [HudStage] map_us=1383 total_us=3355 map_cached=true
[1789104374081] [[32minfo[0m] [RasterAB] car=5 track=0 frame=8 mode=0 draw=165396 present=31496 track_us=19399 prepare=25725 raster=53945 blit=15507 player=39740 opponents=55571 upscale=20178 hud=7572 crc=1605508744
[1789104374090] [[32minfo[0m] [RasterAB] car=5 track=0 frame=8 mode=1 draw=127329 present=31727 track_us=12471 prepare=25719 raster=44550 blit=15479 player=35880 opponents=50000 upscale=20175 hud=3310 crc=1605508744
[1789104374497] [[32minfo[0m] [RasterAB] car=5 track=0 frame=9 mode=0 draw=143122 present=31454 track_us=26933 prepare=26124 raster=52571 blit=8431 player=33873 opponents=53392 upscale=20209 hud=3287 crc=2898416093
[1789104374506] [[32minfo[0m] [RasterAB] car=5 track=0 frame=9 mode=1 draw=133639 present=31465 track_us=26975 prepare=25730 raster=43401 blit=8361 player=29931 opponents=47693 upscale=20207 hud=3299 crc=2898416093
[1789104374912] [[32minfo[0m] [RasterAB] car=5 track=0 frame=10 mode=0 draw=142068 present=31424 track_us=25038 prepare=25779 raster=53383 blit=8634 player=33876 opponents=54058 upscale=20207 hud=3358 crc=398643114
[1789104374921] [[32minfo[0m] [RasterAB] car=5 track=0 frame=10 mode=1 draw=133081 present=31504 track_us=25011 prepare=25681 raster=44661 blit=8643 player=30496 opponents=48622 upscale=20215 hud=3294 crc=398643114
[1789104375280] [[32minfo[0m] [RasterAB] car=5 track=0 frame=11 mode=0 draw=116334 present=31450 track_us=21804 prepare=18177 raster=33781 blit=5885 player=35947 opponents=29493 upscale=20185 hud=3472 crc=3284553875
[1789104375289] [[32minfo[0m] [RasterAB] car=5 track=0 frame=11 mode=1 draw=111886 present=31448 track_us=21851 prepare=18187 raster=29186 blit=5848 player=32592 opponents=28294 upscale=20174 hud=3440 crc=3284553875
[1789104375544] [[32minfo[0m] [CarStage] car=6 panels=833 vertices=1215 tiles=1 prepare_us=8704 raster_us=10278 blit_us=1780
[1789104375685] [[32minfo[0m] [RasterAB] car=5 track=0 frame=12 mode=0 draw=136876 present=31462 track_us=17312 prepare=26342 raster=53999 blit=10035 player=35569 opponents=54942 upscale=20195 hud=3316 crc=237515493
[1789104375694] [[32minfo[0m] [RasterAB] car=5 track=0 frame=12 mode=1 draw=128462 present=31449 track_us=17269 prepare=25806 raster=45071 blit=10067 player=31882 opponents=50294 upscale=20236 hud=3321 crc=237515493
[1789104375732] [[32minfo[0m] [PaintStage] rows=158 clear_us=543 fill_us=5738 copy_us=3991
[1789104375733] [[32minfo[0m] [TrackStage] project_us=3712 paint_us=11439 lines_us=12 wireframe=false
[1789104375841] [[32minfo[0m] [RaceStage] track_us=21246 cars_us=81598 upscale_us=20188 scene_width=234 surfaces=98 cars=3 track_id=0 player_car=5 submitted=3 player_us=31265 opponents_us=49937 player_native=true prepare_us=25757 raster_us=45390 blit_us=9924 candidate_rows_before=2576 candidate_rows_after=869
[1789104375861] [[32minfo[0m] [HudStage] map_us=1402 total_us=3345 map_cached=true
[1789104376111] [[32minfo[0m] [RasterAB] car=5 track=0 frame=13 mode=0 draw=133457 present=31479 track_us=14215 prepare=25722 raster=54388 blit=9946 player=34451 opponents=55746 upscale=20209 hud=3319 crc=3387434449
[1789104376120] [[32minfo[0m] [RasterAB] car=5 track=0 frame=13 mode=1 draw=153023 present=31484 track_us=21246 prepare=25757 raster=45390 blit=9924 player=31265 opponents=49937 upscale=20188 hud=7579 crc=3387434449
[1789104376506] [[32minfo[0m] [RasterAB] car=5 track=0 frame=14 mode=0 draw=132256 present=31458 track_us=12668 prepare=25751 raster=54026 blit=10667 player=35680 opponents=54908 upscale=20178 hud=3285 crc=3281091486
[1789104376515] [[32minfo[0m] [RasterAB] car=5 track=0 frame=14 mode=1 draw=123479 present=31462 track_us=12631 prepare=25798 raster=44762 blit=10711 player=32459 opponents=48950 upscale=20730 hud=3280 crc=3281091486
[1789104376862] [[32minfo[0m] [RasterAB] car=5 track=0 frame=15 mode=0 draw=111164 present=31452 track_us=11683 prepare=18259 raster=37631 blit=6913 player=40538 opponents=29889 upscale=20175 hud=3453 crc=2856144884
[1789104376871] [[32minfo[0m] [RasterAB] car=5 track=0 frame=15 mode=1 draw=105429 present=31441 track_us=11717 prepare=18280 raster=31722 blit=6897 player=36129 opponents=28349 upscale=20176 hud=3527 crc=2856144884
[1789104377277] [[32minfo[0m] [RasterAB] car=5 track=0 frame=16 mode=0 draw=142804 present=31491 track_us=14386 prepare=25808 raster=59163 blit=14270 player=38834 opponents=60548 upscale=20198 hud=3316 crc=3720760347
[1789104377286] [[32minfo[0m] [RasterAB] car=5 track=0 frame=16 mode=1 draw=131974 present=31453 track_us=14340 prepare=25800 raster=48755 blit=14033 player=34876 opponents=53844 upscale=20199 hud=3300 crc=3720760347
[1789104377588] [[32minfo[0m] [CarStage] car=5 panels=967 vertices=1150 tiles=1 prepare_us=9493 raster_us=22374 blit_us=5309
[1789104377683] [[32minfo[0m] [RasterAB] car=5 track=0 frame=17 mode=0 draw=138186 present=31437 track_us=14801 prepare=25827 raster=55850 blit=11496 player=38321 opponents=56090 upscale=20198 hud=3338 crc=1921748590
[1789104377692] [[32minfo[0m] [RasterAB] car=5 track=0 frame=17 mode=1 draw=127738 present=31468 track_us=14821 prepare=25750 raster=46494 blit=11505 player=34170 opponents=49720 upscale=20204 hud=3293 crc=1921748590
[1789104377926] [[32minfo[0m] [PaintStage] rows=150 clear_us=506 fill_us=5318 copy_us=3711
[1789104377927] [[32minfo[0m] [TrackStage] project_us=3666 paint_us=10734 lines_us=12 wireframe=false
[1789104378042] [[32minfo[0m] [RaceStage] track_us=20489 cars_us=88230 upscale_us=20196 scene_width=234 surfaces=89 cars=3 track_id=0 player_car=5 submitted=3 player_us=34770 opponents_us=53045 player_native=true prepare_us=25749 raster_us=49861 blit_us=12072 candidate_rows_before=2464 candidate_rows_after=1035
[1789104378062] [[32minfo[0m] [HudStage] map_us=1416 total_us=3377 map_cached=true
[1789104378123] [[32minfo[0m] [RasterAB] car=5 track=0 frame=18 mode=0 draw=140680 present=31480 track_us=13413 prepare=25825 raster=60203 blit=12051 player=38886 opponents=59327 upscale=20173 hud=3323 crc=2549093504
[1789104378131] [[32minfo[0m] [RasterAB] car=5 track=0 frame=18 mode=1 draw=158884 present=31430 track_us=20489 prepare=25749 raster=49861 blit=12072 player=34770 opponents=53045 upscale=20196 hud=7577 crc=2549093504
[1789104378479] [[32minfo[0m] [RasterAB] car=5 track=0 frame=19 mode=0 draw=111142 present=31439 track_us=13300 prepare=18718 raster=35028 blit=7293 player=38366 opponents=30346 upscale=20199 hud=3467 crc=3292327016
[1789104378488] [[32minfo[0m] [RasterAB] car=5 track=0 frame=19 mode=1 draw=105476 present=31433 track_us=13334 prepare=18264 raster=29789 blit=7243 player=34044 opponents=28851 upscale=20208 hud=3508 crc=3292327016
[1789104378877] [[32minfo[0m] [RasterAB] car=5 track=0 frame=20 mode=0 draw=134173 present=31472 track_us=11175 prepare=25735 raster=55926 blit=12198 player=38121 opponents=55873 upscale=20181 hud=3298 crc=4255739880
[1789104378886] [[32minfo[0m] [RasterAB] car=5 track=0 frame=20 mode=1 draw=123851 present=31453 track_us=11147 prepare=25755 raster=45685 blit=12234 player=34300 opponents=49505 upscale=20184 hud=3294 crc=4255739880
[1789104379311] [[32minfo[0m] [RasterAB] car=5 track=0 frame=21 mode=0 draw=152269 present=31486 track_us=23513 prepare=25744 raster=59614 blit=14312 player=40639 opponents=59164 upscale=20195 hud=3310 crc=1765956462
[1789104379320] [[32minfo[0m] [RasterAB] car=5 track=0 frame=21 mode=1 draw=142253 present=31447 track_us=23540 prepare=25691 raster=49512 blit=14275 player=36316 opponents=53296 upscale=20183 hud=3355 crc=1765956462
[1789104379601] [[32minfo[0m] [CarStage] car=6 panels=833 vertices=1215 tiles=1 prepare_us=8662 raster_us=10293 blit_us=2568
[1789104379754] [[32minfo[0m] [RasterAB] car=5 track=0 frame=22 mode=0 draw=155796 present=31485 track_us=23918 prepare=25816 raster=56191 blit=20627 player=40118 opponents=62660 upscale=20225 hud=3313 crc=2954593681
[1789104379763] [[32minfo[0m] [RasterAB] car=5 track=0 frame=22 mode=1 draw=147061 present=31445 track_us=23873 prepare=25804 raster=46472 blit=20612 player=36724 opponents=57419 upscale=20232 hud=3330 crc=2954593681
[1789104379975] [[32minfo[0m] [PaintStage] rows=138 clear_us=463 fill_us=10184 copy_us=3510
[1789104379976] [[32minfo[0m] [TrackStage] project_us=6552 paint_us=15367 lines_us=17 wireframe=false
[1789104380068] [[32minfo[0m] [RaceStage] track_us=28080 cars_us=66055 upscale_us=20203 scene_width=234 surfaces=280 cars=3 track_id=0 player_car=5 submitted=3 player_us=35822 opponents_us=29828 player_native=true prepare_us=18420 raster_us=33098 blit_us=6456 candidate_rows_before=7952 candidate_rows_after=2134
[1789104380089] [[32minfo[0m] [HudStage] map_us=1396 total_us=3510 map_cached=true
[1789104380149] [[32minfo[0m] [RasterAB] car=5 track=0 frame=23 mode=0 draw=144301 present=31463 track_us=28080 prepare=18420 raster=33098 blit=6456 player=35822 opponents=29828 upscale=20203 hud=7576 crc=2147452798
[1789104380157] [[32minfo[0m] [RasterAB] car=5 track=0 frame=23 mode=1 draw=110837 present=31461 track_us=20935 prepare=18229 raster=28443 blit=6408 player=32148 opponents=28539 upscale=20204 hud=3449 crc=2147452798
[1789104380560] [[32minfo[0m] [RasterAB] car=5 track=0 frame=24 mode=0 draw=140254 present=31429 track_us=16648 prepare=26245 raster=54388 blit=13736 player=37041 opponents=57463 upscale=20197 hud=3376 crc=2042903052
[1789104380569] [[32minfo[0m] [RasterAB] car=5 track=0 frame=24 mode=1 draw=131012 present=31450 track_us=17064 prepare=25721 raster=45341 blit=13752 player=33649 opponents=51294 upscale=20201 hud=3324 crc=2042903052
[1789104380588] [[32minfo[0m] [RasterAB] GROUP car=5 track=0 mismatches=0 stack_free=2436
[1789104381418] [[32minfo[0m] [RasterAB] car=5 track=1 frame=1 mode=0 draw=151431 present=31938 track_us=15553 prepare=25445 raster=62183 blit=19169 player=39371 opponents=67565 upscale=20197 hud=3307 crc=1186615512
[1789104381427] [[32minfo[0m] [RasterAB] car=5 track=1 frame=1 mode=1 draw=140669 present=31442 track_us=15793 prepare=25482 raster=51096 blit=19149 player=35197 opponents=60666 upscale=20185 hud=3353 crc=1186615512
[1789104381690] [[32minfo[0m] [CarStage] car=6 panels=833 vertices=1215 tiles=1 prepare_us=8720 raster_us=10116 blit_us=2641
[1789104381836] [[32minfo[0m] [RasterAB] car=5 track=1 frame=2 mode=0 draw=143590 present=31461 track_us=18629 prepare=25559 raster=54561 blit=15537 player=39599 opponents=56195 upscale=20217 hud=3338 crc=604736593
[1789104381845] [[32minfo[0m] [RasterAB] car=5 track=1 frame=2 mode=1 draw=135139 present=31448 track_us=18587 prepare=25623 raster=45001 blit=15600 player=36257 opponents=51212 upscale=20231 hud=3340 crc=604736593
[1789104382051] [[32minfo[0m] [PaintStage] rows=170 clear_us=596 fill_us=8570 copy_us=4237
[1789104382052] [[32minfo[0m] [TrackStage] project_us=5465 paint_us=14615 lines_us=14 wireframe=false
[1789104382143] [[32minfo[0m] [RaceStage] track_us=26162 cars_us=64317 upscale_us=20220 scene_width=234 surfaces=197 cars=3 track_id=1 player_car=5 submitted=3 player_us=34283 opponents_us=29607 player_native=true prepare_us=18233 raster_us=32403 blit_us=5589 candidate_rows_before=2800 candidate_rows_after=849
[1789104382163] [[32minfo[0m] [HudStage] map_us=1458 total_us=3526 map_cached=true
[1789104382224] [[32minfo[0m] [RasterAB] car=5 track=1 frame=3 mode=0 draw=140861 present=31429 track_us=26162 prepare=18233 raster=32403 blit=5589 player=34283 opponents=29607 upscale=20220 hud=7564 crc=3620685277
[1789104382232] [[32minfo[0m] [RasterAB] car=5 track=1 frame=3 mode=1 draw=107608 present=31437 track_us=19083 prepare=18311 raster=27693 blit=5546 player=30866 opponents=28341 upscale=20217 hud=3514 crc=3620685277
[1789104382604] [[32minfo[0m] [RasterAB] car=5 track=1 frame=4 mode=0 draw=123507 present=31999 track_us=18815 prepare=25760 raster=43504 blit=6114 player=29145 opponents=46365 upscale=20196 hud=3356 crc=3621659590
[1789104382613] [[32minfo[0m] [RasterAB] car=5 track=1 frame=4 mode=1 draw=117177 present=31453 track_us=18845 prepare=25846 raster=37135 blit=6047 player=26550 opponents=42609 upscale=20217 hud=3372 crc=3621659590
[1789104382990] [[32minfo[0m] [RasterAB] car=5 track=1 frame=5 mode=0 draw=126994 present=31452 track_us=13961 prepare=25827 raster=48220 blit=9775 player=32642 opponents=51314 upscale=20194 hud=3340 crc=3633283969
[1789104382998] [[32minfo[0m] [RasterAB] car=5 track=1 frame=5 mode=1 draw=119393 present=31491 track_us=13992 prepare=25891 raster=40464 blit=9750 player=29739 opponents=46498 upscale=20181 hud=3330 crc=3633283969
[1789104383397] [[32minfo[0m] [RasterAB] car=5 track=1 frame=6 mode=0 draw=138990 present=31433 track_us=12917 prepare=25829 raster=59532 blit=11301 player=38778 opponents=58014 upscale=20169 hud=3390 crc=3219118864
[1789104383406] [[32minfo[0m] [RasterAB] car=5 track=1 frame=6 mode=1 draw=128100 present=31437 track_us=12673 prepare=25853 raster=49031 blit=11317 player=34541 opponents=51790 upscale=20201 hud=3360 crc=3219118864
[1789104383754] [[32minfo[0m] [RasterAB] car=5 track=1 frame=7 mode=0 draw=111603 present=31429 track_us=12721 prepare=18308 raster=36646 blit=7038 player=39396 opponents=30230 upscale=20194 hud=3551 crc=1343355074
[1789104383763] [[32minfo[0m] [RasterAB] car=5 track=1 frame=7 mode=1 draw=106140 present=31458 track_us=12763 prepare=18340 raster=31023 blit=7002 player=35229 opponents=28813 upscale=20192 hud=3499 crc=1343355074
[1789104383823] [[32minfo[0m] [CarStage] car=6 panels=833 vertices=1215 tiles=1 prepare_us=8744 raster_us=11738 blit_us=1811
[1789104384160] [[32minfo[0m] [RasterAB] car=5 track=1 frame=8 mode=0 draw=138984 present=31480 track_us=13323 prepare=25972 raster=57296 blit=11899 player=39432 opponents=56978 upscale=20224 hud=3359 crc=1849414379
[1789104384169] [[32minfo[0m] [RasterAB] car=5 track=1 frame=8 mode=1 draw=127261 present=31485 track_us=13315 prepare=25943 raster=46627 blit=11922 player=35191 opponents=49432 upscale=20420 hud=3372 crc=1849414379
[1789104384208] [[32minfo[0m] [PaintStage] rows=129 clear_us=438 fill_us=6445 copy_us=3560
[1789104384209] [[32minfo[0m] [TrackStage] project_us=4322 paint_us=11588 lines_us=14 wireframe=false
[1789104384331] [[32minfo[0m] [RaceStage] track_us=21995 cars_us=96355 upscale_us=20199 scene_width=234 surfaces=114 cars=3 track_id=1 player_car=5 submitted=3 player_us=41357 opponents_us=54550 player_native=true prepare_us=25863 raster_us=53339 blit_us=16573 candidate_rows_before=3360 candidate_rows_after=1520
[1789104384352] [[32minfo[0m] [HudStage] map_us=1441 total_us=3409 map_cached=true
[1789104384621] [[32minfo[0m] [RasterAB] car=5 track=1 frame=9 mode=0 draw=151918 present=31492 track_us=14942 prepare=25840 raster=65261 blit=16522 player=46158 opponents=61596 upscale=20230 hud=3372 crc=3183707547
[1789104384630] [[32minfo[0m] [RasterAB] car=5 track=1 frame=9 mode=1 draw=168847 present=31835 track_us=21995 prepare=25863 raster=53339 blit=16573 player=41357 opponents=54550 upscale=20199 hud=7625 crc=3183707547
[1789104385044] [[32minfo[0m] [RasterAB] car=5 track=1 frame=10 mode=0 draw=146612 present=31463 track_us=19379 prepare=25815 raster=57219 blit=14889 player=38650 opponents=59404 upscale=20182 hud=3377 crc=381623221
[1789104385053] [[32minfo[0m] [RasterAB] car=5 track=1 frame=10 mode=1 draw=136656 present=31469 track_us=19336 prepare=25844 raster=47353 blit=14883 player=34929 opponents=53280 upscale=20183 hud=3402 crc=381623221
[1789104385405] [[32minfo[0m] [RasterAB] car=5 track=1 frame=11 mode=0 draw=113197 present=31445 track_us=19704 prepare=25913 raster=31154 blit=6703 player=32971 opponents=30936 upscale=20705 hud=3344 crc=2083839560
[1789104385414] [[32minfo[0m] [RasterAB] car=5 track=1 frame=11 mode=1 draw=108641 present=31422 track_us=19720 prepare=25792 raster=27094 blit=6729 player=29877 opponents=29869 upscale=20218 hud=3309 crc=2083839560
[1789104385788] [[32minfo[0m] [RasterAB] car=5 track=1 frame=12 mode=0 draw=124800 present=31473 track_us=18645 prepare=25814 raster=43695 blit=7281 player=29740 opponents=47186 upscale=20197 hud=3360 crc=3311825655
[1789104385797] [[32minfo[0m] [RasterAB] car=5 track=1 frame=12 mode=1 draw=118030 present=31475 track_us=18629 prepare=25843 raster=37088 blit=7294 player=27196 opponents=43159 upscale=20204 hud=3312 crc=3311825655
[1789104385856] [[32minfo[0m] [CarStage] car=6 panels=833 vertices=1215 tiles=1 prepare_us=8744 raster_us=10024 blit_us=1720
[1789104386179] [[32minfo[0m] [RasterAB] car=5 track=1 frame=13 mode=0 draw=129515 present=31450 track_us=14134 prepare=25922 raster=49988 blit=10249 player=33351 opponents=52941 upscale=20183 hud=3347 crc=1229443374
[1789104386188] [[32minfo[0m] [RasterAB] car=5 track=1 frame=13 mode=1 draw=122672 present=31438 track_us=14154 prepare=25892 raster=41857 blit=10258 player=30379 opponents=48881 upscale=20236 hud=3363 crc=1229443374
[1789104386225] [[32minfo[0m] [PaintStage] rows=169 clear_us=603 fill_us=4716 copy_us=4030
[1789104386226] [[32minfo[0m] [TrackStage] project_us=3346 paint_us=10565 lines_us=13 wireframe=false
[1789104386344] [[32minfo[0m] [RaceStage] track_us=19964 cars_us=91945 upscale_us=20194 scene_width=234 surfaces=65 cars=3 track_id=1 player_car=5 submitted=3 player_us=36173 opponents_us=55318 player_native=true prepare_us=25874 raster_us=54616 blit_us=10869 candidate_rows_before=2912 candidate_rows_after=1427
[1789104386365] [[32minfo[0m] [HudStage] map_us=1442 total_us=3386 map_cached=true
[1789104386606] [[32minfo[0m] [RasterAB] car=5 track=1 frame=14 mode=0 draw=162243 present=31941 track_us=19964 prepare=25874 raster=54616 blit=10869 player=36173 opponents=55318 upscale=20194 hud=7567 crc=939047822
[1789104386615] [[32minfo[0m] [RasterAB] car=5 track=1 frame=14 mode=1 draw=123899 present=31471 track_us=12926 prepare=25864 raster=44973 blit=10879 player=32609 opponents=49245 upscale=20185 hud=3341 crc=939047822
[1789104386966] [[32minfo[0m] [RasterAB] car=5 track=1 frame=15 mode=0 draw=113527 present=31436 track_us=11947 prepare=18313 raster=39968 blit=6478 player=42163 opponents=30299 upscale=20197 hud=3484 crc=863089649
[1789104386975] [[32minfo[0m] [RasterAB] car=5 track=1 frame=15 mode=1 draw=107291 present=31464 track_us=11937 prepare=18348 raster=33564 blit=6462 player=37366 opponents=28714 upscale=20184 hud=3500 crc=863089649
[1789104387384] [[32minfo[0m] [RasterAB] car=5 track=1 frame=16 mode=0 draw=145062 present=31508 track_us=12346 prepare=25975 raster=64251 blit=13097 player=40348 opponents=63110 upscale=20196 hud=3391 crc=3019920636
[1789104387393] [[32minfo[0m] [RasterAB] car=5 track=1 frame=16 mode=1 draw=133043 present=31472 track_us=12327 prepare=25904 raster=52365 blit=13119 player=35981 opponents=55543 upscale=20193 hud=3442 crc=3019920636
[1789104387798] [[32minfo[0m] [RasterAB] car=5 track=1 frame=17 mode=0 draw=142646 present=31480 track_us=16291 prepare=25856 raster=56608 blit=14713 player=38406 opponents=58920 upscale=20185 hud=3327 crc=843886852
[1789104387807] [[32minfo[0m] [RasterAB] car=5 track=1 frame=17 mode=1 draw=132446 present=31466 track_us=16316 prepare=25822 raster=46253 blit=14711 player=34499 opponents=52420 upscale=20180 hud=3360 crc=843886852
[1789104387871] [[32minfo[0m] [CarStage] car=6 panels=833 vertices=1215 tiles=1 prepare_us=8714 raster_us=11873 blit_us=1938
[1789104388228] [[32minfo[0m] [RasterAB] car=5 track=1 frame=18 mode=0 draw=151150 present=31452 track_us=17075 prepare=25954 raster=59699 blit=17893 player=40917 opponents=63853 upscale=20237 hud=3389 crc=2027149072
[1789104388237] [[32minfo[0m] [RasterAB] car=5 track=1 frame=18 mode=1 draw=139175 present=31486 track_us=17031 prepare=25855 raster=49148 blit=17914 player=36488 opponents=56559 upscale=20175 hud=3346 crc=2027149072
[1789104388281] [[32minfo[0m] [PaintStage] rows=171 clear_us=606 fill_us=8856 copy_us=4507
[1789104388282] [[32minfo[0m] [TrackStage] project_us=5632 paint_us=15154 lines_us=14 wireframe=false
[1789104388367] [[32minfo[0m] [RaceStage] track_us=26854 cars_us=58918 upscale_us=20223 scene_width=234 surfaces=207 cars=3 track_id=1 player_car=5 submitted=3 player_us=30096 opponents_us=28370 player_native=true prepare_us=18264 raster_us=26609 blit_us=5925 candidate_rows_before=3248 candidate_rows_after=813
[1789104388388] [[32minfo[0m] [HudStage] map_us=1451 total_us=3592 map_cached=true
[1789104388616] [[32minfo[0m] [RasterAB] car=5 track=1 frame=19 mode=0 draw=111908 present=31443 track_us=19860 prepare=18310 raster=30832 blit=5914 player=33144 opponents=29583 upscale=20206 hud=3509 crc=1601706887
[1789104388625] [[32minfo[0m] [RasterAB] car=5 track=1 frame=19 mode=1 draw=136073 present=31494 track_us=26854 prepare=18264 raster=26609 blit=5925 player=30096 opponents=28370 upscale=20223 hud=7557 crc=1601706887
[1789104389003] [[32minfo[0m] [RasterAB] car=5 track=1 frame=20 mode=0 draw=126931 present=31481 track_us=19393 prepare=25865 raster=44998 blit=7378 player=30630 opponents=47742 upscale=20207 hud=3302 crc=3824057806
[1789104389012] [[32minfo[0m] [RasterAB] car=5 track=1 frame=20 mode=1 draw=119830 present=31434 track_us=19363 prepare=25867 raster=38020 blit=7380 player=27733 opponents=43663 upscale=20192 hud=3372 crc=3824057806
[1789104389395] [[32minfo[0m] [RasterAB] car=5 track=1 frame=21 mode=0 draw=130210 present=31453 track_us=13534 prepare=25916 raster=51087 blit=10457 player=35092 opponents=52499 upscale=20193 hud=3370 crc=2903323728
[1789104389404] [[32minfo[0m] [RasterAB] car=5 track=1 frame=21 mode=1 draw=121963 present=31480 track_us=13551 prepare=25920 raster=42711 blit=10464 player=31673 opponents=47554 upscale=20191 hud=3304 crc=2903323728
[1789104389802] [[32minfo[0m] [RasterAB] car=5 track=1 frame=22 mode=0 draw=138556 present=31469 track_us=14374 prepare=25873 raster=57017 blit=11922 player=36773 opponents=58171 upscale=20203 hud=3374 crc=1833175624
[1789104389811] [[32minfo[0m] [RasterAB] car=5 track=1 frame=22 mode=1 draw=128662 present=31428 track_us=14343 prepare=25925 raster=47179 blit=11915 player=33101 opponents=52049 upscale=20204 hud=3414 crc=1833175624
[1789104389925] [[32minfo[0m] [CarStage] car=5 panels=967 vertices=1150 tiles=1 prepare_us=9587 raster_us=19189 blit_us=5529
[1789104390160] [[32minfo[0m] [RasterAB] car=5 track=1 frame=23 mode=0 draw=111538 present=31437 track_us=13811 prepare=18329 raster=35030 blit=7364 player=38325 opponents=30095 upscale=20207 hud=3529 crc=2903781557
[1789104390169] [[32minfo[0m] [RasterAB] car=5 track=1 frame=23 mode=1 draw=107368 present=31387 track_us=13875 prepare=18352 raster=29514 blit=7336 player=35469 opponents=28615 upscale=20193 hud=3586 crc=2903781557
[1789104390418] [[32minfo[0m] [PaintStage] rows=141 clear_us=480 fill_us=5476 copy_us=3626
[1789104390419] [[32minfo[0m] [TrackStage] project_us=4031 paint_us=10782 lines_us=14 wireframe=false
[1789104390544] [[32minfo[0m] [RaceStage] track_us=20873 cars_us=99299 upscale_us=20215 scene_width=234 surfaces=98 cars=3 track_id=1 player_car=5 submitted=3 player_us=40881 opponents_us=57965 player_native=true prepare_us=25824 raster_us=54908 blit_us=17984 candidate_rows_before=7616 candidate_rows_after=1720
[1789104390565] [[32minfo[0m] [HudStage] map_us=1447 total_us=3449 map_cached=true
[1789104390625] [[32minfo[0m] [RasterAB] car=5 track=1 frame=24 mode=0 draw=154850 present=31495 track_us=13768 prepare=25880 raster=67855 blit=18019 player=46499 opponents=65390 upscale=20205 hud=3387 crc=3538193475
[1789104390633] [[32minfo[0m] [RasterAB] car=5 track=1 frame=24 mode=1 draw=170466 present=31446 track_us=20873 prepare=25824 raster=54908 blit=17984 player=40881 opponents=57965 upscale=20215 hud=7574 crc=3538193475
[1789104390653] [[32minfo[0m] [RasterAB] GROUP car=5 track=1 mismatches=0 stack_free=2436
[1789104391417] [[32minfo[0m] [RasterAB] car=5 track=2 frame=1 mode=0 draw=133144 present=31427 track_us=12332 prepare=25490 raster=56270 blit=10253 player=35347 opponents=56781 upscale=20208 hud=3209 crc=1667784903
[1789104391426] [[32minfo[0m] [RasterAB] car=5 track=2 frame=1 mode=1 draw=123684 present=31474 track_us=12330 prepare=25421 raster=46823 blit=10281 player=31823 opponents=50817 upscale=20181 hud=3206 crc=1667784903
[1789104391817] [[32minfo[0m] [RasterAB] car=5 track=2 frame=2 mode=0 draw=135692 present=31427 track_us=12235 prepare=25860 raster=57025 blit=11624 player=38844 opponents=55791 upscale=20208 hud=3201 crc=4196847628
[1789104391826] [[32minfo[0m] [RasterAB] car=5 track=2 frame=2 mode=1 draw=125053 present=31420 track_us=12215 prepare=25864 raster=46475 blit=11674 player=34873 opponents=49277 upscale=20192 hud=3197 crc=4196847628
[1789104391942] [[32minfo[0m] [CarStage] car=5 panels=967 vertices=1150 tiles=1 prepare_us=9533 raster_us=24788 blit_us=4969
[1789104392181] [[32minfo[0m] [RasterAB] car=5 track=2 frame=3 mode=0 draw=115381 present=31450 track_us=10767 prepare=18604 raster=42547 blit=6794 player=44641 opponents=31093 upscale=20186 hud=3391 crc=2275874209
[1789104392189] [[32minfo[0m] [RasterAB] car=5 track=2 frame=3 mode=1 draw=109452 present=31426 track_us=10793 prepare=18315 raster=35626 blit=6757 player=40432 opponents=29231 upscale=20202 hud=3381 crc=2275874209
[1789104392451] [[32minfo[0m] [PaintStage] rows=232 clear_us=802 fill_us=11214 copy_us=5507
[1789104392452] [[32minfo[0m] [TrackStage] project_us=5787 paint_us=18821 lines_us=13 wireframe=false
[1789104392572] [[32minfo[0m] [RaceStage] track_us=30759 cars_us=93543 upscale_us=20228 scene_width=234 surfaces=330 cars=3 track_id=2 player_car=5 submitted=3 player_us=35873 opponents_us=57359 player_native=true prepare_us=25823 raster_us=53417 blit_us=13858 candidate_rows_before=2352 candidate_rows_after=1050
[1789104392593] [[32minfo[0m] [HudStage] map_us=1323 total_us=3298 map_cached=true
[1789104392653] [[32minfo[0m] [RasterAB] car=5 track=2 frame=4 mode=0 draw=157610 present=31910 track_us=23609 prepare=25890 raster=65264 blit=13810 player=40261 opponents=64847 upscale=20211 hud=3303 crc=1663670830
[1789104392661] [[32minfo[0m] [RasterAB] car=5 track=2 frame=4 mode=1 draw=174672 present=31437 track_us=30759 prepare=25823 raster=53417 blit=13858 player=35873 opponents=57359 upscale=20228 hud=7570 crc=1663670830
[1789104393074] [[32minfo[0m] [RasterAB] car=5 track=2 frame=5 mode=0 draw=145787 present=31655 track_us=17255 prepare=25821 raster=56307 blit=17526 player=42541 opponents=57236 upscale=20203 hud=3239 crc=1677554034
[1789104393083] [[32minfo[0m] [RasterAB] car=5 track=2 frame=5 mode=1 draw=135779 present=31391 track_us=17304 prepare=25795 raster=46165 blit=17545 player=38753 opponents=50883 upscale=20196 hud=3255 crc=1677554034
[1789104393477] [[32minfo[0m] [RasterAB] car=5 track=2 frame=6 mode=0 draw=136721 present=31446 track_us=12236 prepare=25921 raster=58024 blit=11584 player=38574 opponents=57081 upscale=20196 hud=3224 crc=1615182190
[1789104393486] [[32minfo[0m] [RasterAB] car=5 track=2 frame=6 mode=1 draw=126970 present=31446 track_us=12221 prepare=25808 raster=48405 blit=11686 player=34407 opponents=51622 upscale=20196 hud=3222 crc=1615182190
[1789104393833] [[32minfo[0m] [RasterAB] car=5 track=2 frame=7 mode=0 draw=110603 present=31426 track_us=16515 prepare=18290 raster=34124 blit=5115 player=35181 opponents=30005 upscale=20212 hud=3421 crc=2699987343
[1789104393842] [[32minfo[0m] [RasterAB] car=5 track=2 frame=7 mode=1 draw=106004 present=31417 track_us=16525 prepare=18276 raster=29392 blit=5109 player=31821 opponents=28655 upscale=20223 hud=3388 crc=2699987343
[1789104393967] [[32minfo[0m] [CarStage] car=5 panels=967 vertices=1150 tiles=1 prepare_us=9511 raster_us=30136 blit_us=5979
[1789104394242] [[32minfo[0m] [RasterAB] car=5 track=2 frame=8 mode=0 draw=140957 present=31699 track_us=11578 prepare=25916 raster=62040 blit=11454 player=46763 opponents=53876 upscale=20196 hud=3179 crc=1115295935
[1789104394251] [[32minfo[0m] [RasterAB] car=5 track=2 frame=8 mode=1 draw=128452 present=31420 track_us=11533 prepare=25826 raster=50779 blit=11437 player=40547 opponents=47619 upscale=20203 hud=3227 crc=1115295935
[1789104394461] [[32minfo[0m] [PaintStage] rows=132 clear_us=449 fill_us=4380 copy_us=3442
[1789104394462] [[32minfo[0m] [TrackStage] project_us=1495 paint_us=9442 lines_us=10 wireframe=false
[1789104394579] [[32minfo[0m] [RaceStage] track_us=16946 cars_us=91022 upscale_us=20176 scene_width=234 surfaces=67 cars=3 track_id=2 player_car=5 submitted=3 player_us=35008 opponents_us=55711 player_native=true prepare_us=25942 raster_us=56279 blit_us=8367 candidate_rows_before=1344 candidate_rows_after=656
[1789104394599] [[32minfo[0m] [HudStage] map_us=1301 total_us=3253 map_cached=true
[1789104394660] [[32minfo[0m] [RasterAB] car=5 track=2 frame=9 mode=0 draw=158004 present=31469 track_us=16946 prepare=25942 raster=56279 blit=8367 player=35008 opponents=55711 upscale=20176 hud=7592 crc=4149672134
[1789104394668] [[32minfo[0m] [RasterAB] car=5 track=2 frame=9 mode=1 draw=119918 present=31916 track_us=9926 prepare=25825 raster=46888 blit=8381 player=31622 opponents=49597 upscale=20185 hud=3206 crc=4149672134
[1789104395054] [[32minfo[0m] [RasterAB] car=5 track=2 frame=10 mode=0 draw=132122 present=31452 track_us=11128 prepare=25837 raster=53860 blit=12449 player=35516 opponents=56756 upscale=20171 hud=3210 crc=3436562761
[1789104395063] [[32minfo[0m] [RasterAB] car=5 track=2 frame=10 mode=1 draw=123032 present=31675 track_us=11091 prepare=25880 raster=44838 blit=12390 player=32131 opponents=51109 upscale=20171 hud=3234 crc=3436562761
[1789104395467] [[32minfo[0m] [RasterAB] car=5 track=2 frame=11 mode=0 draw=139211 present=31441 track_us=43156 prepare=18118 raster=33258 blit=7995 player=36326 opponents=30791 upscale=20212 hud=3359 crc=751676600
[1789104395475] [[32minfo[0m] [RasterAB] car=5 track=2 frame=11 mode=1 draw=133602 present=31452 track_us=42657 prepare=18162 raster=28601 blit=7536 player=32485 opponents=29462 upscale=20198 hud=3372 crc=751676600
[1789104395882] [[32minfo[0m] [RasterAB] car=5 track=2 frame=12 mode=0 draw=142365 present=31426 track_us=24773 prepare=25825 raster=52335 blit=10474 player=33315 opponents=55446 upscale=20182 hud=3255 crc=1769532738
[1789104395891] [[32minfo[0m] [RasterAB] car=5 track=2 frame=12 mode=1 draw=133675 present=31409 track_us=24774 prepare=25766 raster=43785 blit=10492 player=30171 opponents=49996 upscale=20194 hud=3251 crc=1769532738
[1789104396009] [[32minfo[0m] [CarStage] car=5 panels=967 vertices=1150 tiles=1 prepare_us=9554 raster_us=16714 blit_us=3555
[1789104396290] [[32minfo[0m] [RasterAB] car=5 track=2 frame=13 mode=0 draw=136735 present=31443 track_us=22001 prepare=25850 raster=50135 blit=9930 player=32745 opponents=53293 upscale=20200 hud=3212 crc=3653818969
[1789104396299] [[32minfo[0m] [RasterAB] car=5 track=2 frame=13 mode=1 draw=130610 present=31451 track_us=22043 prepare=25902 raster=42641 blit=9985 player=30957 opponents=48813 upscale=20219 hud=3195 crc=3653818969
[1789104396531] [[32minfo[0m] [PaintStage] rows=155 clear_us=518 fill_us=9038 copy_us=3793
[1789104396532] [[32minfo[0m] [TrackStage] project_us=4702 paint_us=14555 lines_us=13 wireframe=false
[1789104396637] [[32minfo[0m] [RaceStage] track_us=25363 cars_us=78639 upscale_us=20196 scene_width=234 surfaces=253 cars=3 track_id=2 player_car=5 submitted=3 player_us=30553 opponents_us=47759 player_native=true prepare_us=25813 raster_us=42894 blit_us=9469 candidate_rows_before=7392 candidate_rows_after=2607
[1789104396657] [[32minfo[0m] [HudStage] map_us=1289 total_us=3249 map_cached=true
[1789104396718] [[32minfo[0m] [RasterAB] car=5 track=2 frame=14 mode=0 draw=134459 present=31450 track_us=18285 prepare=25865 raster=51955 blit=9469 player=34366 opponents=53053 upscale=20204 hud=3171 crc=1893107688
[1789104396726] [[32minfo[0m] [RasterAB] car=5 track=2 frame=14 mode=1 draw=154091 present=31475 track_us=25363 prepare=25813 raster=42894 blit=9469 player=30553 opponents=47759 upscale=20196 hud=7579 crc=1893107688
[1789104397059] [[32minfo[0m] [RasterAB] car=5 track=2 frame=15 mode=0 draw=103463 present=31666 track_us=11207 prepare=18265 raster=32938 blit=4532 player=33872 opponents=29505 upscale=20189 hud=3383 crc=1092426482
[1789104397068] [[32minfo[0m] [RasterAB] car=5 track=2 frame=15 mode=1 draw=98918 present=31416 track_us=11225 prepare=18294 raster=28265 blit=4527 player=30633 opponents=28077 upscale=20185 hud=3399 crc=1092426482
[1789104397445] [[32minfo[0m] [RasterAB] car=5 track=2 frame=16 mode=0 draw=126907 present=31443 track_us=10669 prepare=25916 raster=51817 blit=9585 player=33768 opponents=53678 upscale=20202 hud=3217 crc=1583769456
[1789104397454] [[32minfo[0m] [RasterAB] car=5 track=2 frame=16 mode=1 draw=118396 present=31959 track_us=10636 prepare=25834 raster=43473 blit=9663 player=30634 opponents=48467 upscale=20178 hud=3202 crc=1583769456
[1789104397814] [[32minfo[0m] [RasterAB] car=5 track=2 frame=17 mode=0 draw=118357 present=31454 track_us=11497 prepare=25797 raster=45065 blit=7222 player=30370 opponents=47839 upscale=20172 hud=3187 crc=1434117155
[1789104397823] [[32minfo[0m] [RasterAB] car=5 track=2 frame=17 mode=1 draw=111664 present=31442 track_us=11517 prepare=25831 raster=38211 blit=7200 player=27721 opponents=43648 upscale=20173 hud=3185 crc=1434117155
[1789104398054] [[32minfo[0m] [CarStage] car=6 panels=833 vertices=1215 tiles=1 prepare_us=8765 raster_us=9671 blit_us=1559
[1789104398186] [[32minfo[0m] [RasterAB] car=5 track=2 frame=18 mode=0 draw=118827 present=31460 track_us=11596 prepare=25888 raster=43937 blit=8523 player=30663 opponents=47810 upscale=20180 hud=3169 crc=2169109094
[1789104398195] [[32minfo[0m] [RasterAB] car=5 track=2 frame=18 mode=1 draw=113638 present=31463 track_us=11823 prepare=25920 raster=37374 blit=8590 player=28185 opponents=44919 upscale=20216 hud=3171 crc=2169109094
[1789104398618] [[32minfo[0m] [RasterAB] car=5 track=2 frame=19 mode=0 draw=153147 present=31461 track_us=12596 prepare=25791 raster=77203 blit=8742 player=30356 opponents=81512 upscale=20206 hud=3112 crc=3039493232
[1789104398627] [[32minfo[0m] [RasterAB] car=5 track=2 frame=19 mode=1 draw=138687 present=31456 track_us=12569 prepare=25914 raster=62651 blit=8691 player=27841 opponents=69539 upscale=20200 hud=3146 crc=3039493232
[1789104398670] [[32minfo[0m] [PaintStage] rows=232 clear_us=796 fill_us=8531 copy_us=4911
[1789104398671] [[32minfo[0m] [TrackStage] project_us=4855 paint_us=15466 lines_us=10 wireframe=false
[1789104398783] [[32minfo[0m] [RaceStage] track_us=26403 cars_us=85270 upscale_us=20175 scene_width=234 surfaces=259 cars=3 track_id=2 player_car=5 submitted=3 player_us=33482 opponents_us=51469 player_native=true prepare_us=25831 raster_us=49610 blit_us=9370 candidate_rows_before=3696 candidate_rows_after=1397
[1789104398803] [[32minfo[0m] [HudStage] map_us=1314 total_us=3245 map_cached=true
[1789104399045] [[32minfo[0m] [RasterAB] car=5 track=2 frame=20 mode=0 draw=161918 present=31418 track_us=26403 prepare=25831 raster=49610 blit=9370 player=33482 opponents=51469 upscale=20175 hud=7574 crc=3942764293
[1789104399054] [[32minfo[0m] [RasterAB] car=5 track=2 frame=20 mode=1 draw=124923 present=31429 track_us=19382 prepare=25894 raster=41424 blit=9329 player=30410 opponents=46364 upscale=20195 hud=3208 crc=3942764293
[1789104399436] [[32minfo[0m] [RasterAB] car=5 track=2 frame=21 mode=0 draw=129867 present=31897 track_us=13461 prepare=25936 raster=54186 blit=7491 player=33769 opponents=53973 upscale=20187 hud=3196 crc=467367711
[1789104399445] [[32minfo[0m] [RasterAB] car=5 track=2 frame=21 mode=1 draw=120988 present=31456 track_us=13492 prepare=25857 raster=45226 blit=7501 player=30500 opponents=48211 upscale=20173 hud=3195 crc=467367711
[1789104399875] [[32minfo[0m] [RasterAB] car=5 track=2 frame=22 mode=0 draw=154040 present=31449 track_us=33269 prepare=25825 raster=54027 blit=11916 player=35301 opponents=56593 upscale=20228 hud=3223 crc=3193952169
[1789104399884] [[32minfo[0m] [RasterAB] car=5 track=2 frame=22 mode=1 draw=144812 present=31458 track_us=33240 prepare=25787 raster=45008 blit=11931 player=31829 opponents=51019 upscale=20203 hud=3213 crc=3193952169
[1789104400119] [[32minfo[0m] [CarStage] car=6 panels=833 vertices=1215 tiles=1 prepare_us=8714 raster_us=11621 blit_us=1730
[1789104400244] [[32minfo[0m] [RasterAB] car=5 track=2 frame=23 mode=0 draw=117682 present=31429 track_us=21150 prepare=18354 raster=34439 blit=6058 player=36830 opponents=30713 upscale=20221 hud=3420 crc=552372101
[1789104400253] [[32minfo[0m] [RasterAB] car=5 track=2 frame=23 mode=1 draw=111389 present=31688 track_us=21163 prepare=18294 raster=29302 blit=5986 player=32880 opponents=28346 upscale=20213 hud=3371 crc=552372101
[1789104400652] [[32minfo[0m] [RasterAB] car=5 track=2 frame=24 mode=0 draw=139562 present=31463 track_us=13522 prepare=25961 raster=53613 blit=17399 player=37902 opponents=59204 upscale=20189 hud=3239 crc=2504021328
[1789104400661] [[32minfo[0m] [RasterAB] car=5 track=2 frame=24 mode=1 draw=129442 present=31421 track_us=13048 prepare=25819 raster=44717 blit=16979 player=34580 opponents=53062 upscale=20172 hud=3263 crc=2504021328
[1789104400680] [[32minfo[0m] [RasterAB] GROUP car=5 track=2 mismatches=0 stack_free=2436
[1789104400733] [[32minfo[0m] [RacerMaterial] texture_side=32 entries=19 fallback_panels=0 map_cached=true
[1789104400764] [[32minfo[0m] [PaintStage] rows=137 clear_us=485 fill_us=6859 copy_us=3458
[1789104400765] [[32minfo[0m] [TrackStage] project_us=5574 paint_us=11996 lines_us=15 wireframe=false
[1789104400888] [[32minfo[0m] [RaceStage] track_us=23625 cars_us=96751 upscale_us=20190 scene_width=234 surfaces=193 cars=3 track_id=0 player_car=6 submitted=3 player_us=44226 opponents_us=52128 player_native=true prepare_us=26547 raster_us=55731 blit_us=13952 candidate_rows_before=9520 candidate_rows_after=1458
[1789104400909] [[32minfo[0m] [HudStage] map_us=1399 total_us=3367 map_cached=true
[1789104401526] [[32minfo[0m] [RasterAB] car=6 track=0 frame=1 mode=0 draw=133159 present=31454 track_us=13859 prepare=27170 raster=54648 blit=8544 player=41064 opponents=49429 upscale=20201 hud=3241 crc=541894696
[1789104401534] [[32minfo[0m] [RasterAB] car=6 track=0 frame=1 mode=1 draw=123654 present=31475 track_us=13874 prepare=26632 raster=45676 blit=8493 player=36736 opponents=44199 upscale=20204 hud=3252 crc=541894696
[1789104401927] [[32minfo[0m] [RasterAB] car=6 track=0 frame=2 mode=0 draw=135593 present=31480 track_us=12495 prepare=26596 raster=56038 blit=11345 player=43188 opponents=50919 upscale=20188 hud=3284 crc=96646820
[1789104401935] [[32minfo[0m] [RasterAB] car=6 track=0 frame=2 mode=1 draw=125720 present=31480 track_us=12440 prepare=26658 raster=46202 blit=11424 player=38950 opponents=45470 upscale=20182 hud=3263 crc=96646820
[1789104402148] [[32minfo[0m] [CarStage] car=0 panels=628 vertices=913 tiles=1 prepare_us=6571 raster_us=9342 blit_us=2460
[1789104402278] [[32minfo[0m] [RasterAB] car=6 track=0 frame=3 mode=0 draw=108866 present=31431 track_us=11183 prepare=19348 raster=33441 blit=7323 player=41787 opponents=26824 upscale=20201 hud=3421 crc=3346407885
[1789104402287] [[32minfo[0m] [RasterAB] car=6 track=0 frame=3 mode=1 draw=103026 present=31418 track_us=11218 prepare=19270 raster=28614 blit=7292 player=37981 opponents=24626 upscale=20183 hud=3490 crc=3346407885
[1789104402677] [[32minfo[0m] [RasterAB] car=6 track=0 frame=4 mode=0 draw=134904 present=31453 track_us=15585 prepare=27132 raster=53237 blit=9772 player=41154 opponents=49126 upscale=20199 hud=3313 crc=1995678371
[1789104402686] [[32minfo[0m] [RasterAB] car=6 track=0 frame=4 mode=1 draw=125229 present=31476 track_us=15549 prepare=26999 raster=44351 blit=9305 player=36770 opponents=44017 upscale=20197 hud=3273 crc=1995678371
[1789104402905] [[32minfo[0m] [PaintStage] rows=141 clear_us=480 fill_us=5665 copy_us=3556
[1789104402906] [[32minfo[0m] [TrackStage] project_us=4368 paint_us=10907 lines_us=11 wireframe=false
[1789104403024] [[32minfo[0m] [RaceStage] track_us=21367 cars_us=92128 upscale_us=20193 scene_width=234 surfaces=113 cars=3 track_id=0 player_car=6 submitted=3 player_us=42373 opponents_us=49344 player_native=true prepare_us=26998 raster_us=54108 blit_us=10483 candidate_rows_before=4480 candidate_rows_after=1529
[1789104403045] [[32minfo[0m] [HudStage] map_us=1413 total_us=3358 map_cached=true
[1789104403106] [[32minfo[0m] [RasterAB] car=6 track=0 frame=5 mode=0 draw=163774 present=31446 track_us=21367 prepare=26998 raster=54108 blit=10483 player=42373 opponents=49344 upscale=20193 hud=7583 crc=4039661572
[1789104403114] [[32minfo[0m] [RasterAB] car=6 track=0 frame=5 mode=1 draw=125801 present=31456 track_us=14298 prepare=27030 raster=44787 blit=10516 player=38288 opponents=44182 upscale=20201 hud=3289 crc=4039661572
[1789104403496] [[32minfo[0m] [RasterAB] car=6 track=0 frame=6 mode=0 draw=129525 present=31471 track_us=14085 prepare=27029 raster=51669 blit=7603 player=39287 opponents=47146 upscale=20195 hud=3285 crc=3810101638
[1789104403505] [[32minfo[0m] [RasterAB] car=6 track=0 frame=6 mode=1 draw=121582 present=31468 track_us=14060 prepare=27102 raster=43728 blit=7640 player=36238 opponents=42368 upscale=20186 hud=3302 crc=3810101638
[1789104403845] [[32minfo[0m] [RasterAB] car=6 track=0 frame=7 mode=0 draw=107523 present=31425 track_us=13124 prepare=19515 raster=33132 blit=5043 player=39964 opponents=25265 upscale=20199 hud=3504 crc=3764057957
[1789104403854] [[32minfo[0m] [RasterAB] car=6 track=0 frame=7 mode=1 draw=102830 present=31419 track_us=13126 prepare=19552 raster=28325 blit=5012 player=36211 opponents=24275 upscale=20182 hud=3504 crc=3764057957
[1789104404165] [[32minfo[0m] [CarStage] car=6 panels=1277 vertices=1711 tiles=1 prepare_us=12799 raster_us=21223 blit_us=7960
[1789104404254] [[32minfo[0m] [RasterAB] car=6 track=0 frame=8 mode=0 draw=138876 present=31694 track_us=12466 prepare=27052 raster=54624 blit=15555 player=46202 opponents=51155 upscale=20197 hud=3291 crc=1910928323
[1789104404263] [[32minfo[0m] [RasterAB] car=6 track=0 frame=8 mode=1 draw=130658 present=31472 track_us=12455 prepare=27094 raster=45245 blit=15584 player=43215 opponents=46032 upscale=20175 hud=3320 crc=1910928323
[1789104404675] [[32minfo[0m] [RasterAB] car=6 track=0 frame=9 mode=0 draw=144915 present=31476 track_us=26933 prepare=26922 raster=53577 blit=8399 player=40219 opponents=48809 upscale=20206 hud=3290 crc=553095336
[1789104404683] [[32minfo[0m] [RasterAB] car=6 track=0 frame=9 mode=1 draw=136206 present=31433 track_us=26940 prepare=26953 raster=44652 blit=8416 player=36352 opponents=43804 upscale=20214 hud=3346 crc=553095336
[1789104404933] [[32minfo[0m] [PaintStage] rows=227 clear_us=785 fill_us=11992 copy_us=5354
[1789104404934] [[32minfo[0m] [TrackStage] project_us=6617 paint_us=19410 lines_us=13 wireframe=false
[1789104405042] [[32minfo[0m] [RaceStage] track_us=32188 cars_us=81725 upscale_us=20215 scene_width=234 surfaces=312 cars=3 track_id=0 player_car=6 submitted=3 player_us=36692 opponents_us=44629 player_native=true prepare_us=26968 raster_us=45459 blit_us=8766 candidate_rows_before=2800 candidate_rows_after=788
[1789104405062] [[32minfo[0m] [HudStage] map_us=1402 total_us=3360 map_cached=true
[1789104405123] [[32minfo[0m] [RasterAB] car=6 track=0 frame=10 mode=0 draw=144255 present=31437 track_us=25032 prepare=27046 raster=54240 blit=8712 player=40609 opponents=49520 upscale=20199 hud=3333 crc=1988110522
[1789104405131] [[32minfo[0m] [RasterAB] car=6 track=0 frame=10 mode=1 draw=164032 present=31437 track_us=32188 prepare=26968 raster=45459 blit=8766 player=36692 opponents=44629 upscale=20215 hud=7584 crc=1988110522
[1789104405496] [[32minfo[0m] [RasterAB] car=6 track=0 frame=11 mode=0 draw=119359 present=31441 track_us=21847 prepare=19509 raster=35199 blit=6023 player=43289 opponents=25106 upscale=20181 hud=3443 crc=2297788546
[1789104405505] [[32minfo[0m] [RasterAB] car=6 track=0 frame=11 mode=1 draw=113628 present=31909 track_us=21856 prepare=19479 raster=29592 blit=5959 player=38591 opponents=24011 upscale=20200 hud=3472 crc=2297788546
[1789104405904] [[32minfo[0m] [RasterAB] car=6 track=0 frame=12 mode=0 draw=138962 present=31485 track_us=17297 prepare=26987 raster=55324 blit=10223 player=42339 opponents=50326 upscale=20187 hud=3271 crc=2081579829
[1789104405913] [[32minfo[0m] [RasterAB] car=6 track=0 frame=12 mode=1 draw=129508 present=31455 track_us=17274 prepare=27047 raster=45945 blit=10200 player=38280 opponents=45043 upscale=20180 hud=3298 crc=2081579829
[1789104406214] [[32minfo[0m] [CarStage] car=6 panels=1277 vertices=1711 tiles=1 prepare_us=12804 raster_us=25137 blit_us=3769
[1789104406308] [[32minfo[0m] [RasterAB] car=6 track=0 frame=13 mode=0 draw=137235 present=31491 track_us=14210 prepare=27156 raster=55607 blit=10051 player=42913 opponents=51198 upscale=20204 hud=3269 crc=2178734918
[1789104406317] [[32minfo[0m] [RasterAB] car=6 track=0 frame=13 mode=1 draw=127043 present=31461 track_us=14200 prepare=27244 raster=46390 blit=9996 player=37791 opponents=45974 upscale=20205 hud=3324 crc=2178734918
[1789104406708] [[32minfo[0m] [RasterAB] car=6 track=0 frame=14 mode=0 draw=135577 present=31474 track_us=12658 prepare=27123 raster=55823 blit=10773 player=43417 opponents=50440 upscale=20200 hud=3305 crc=2832279489
[1789104406717] [[32minfo[0m] [RasterAB] car=6 track=0 frame=14 mode=1 draw=125061 present=31491 track_us=12632 prepare=27064 raster=45590 blit=10738 player=38842 opponents=44681 upscale=20197 hud=3288 crc=2832279489
[1789104407069] [[32minfo[0m] [RasterAB] car=6 track=0 frame=15 mode=0 draw=113561 present=31706 track_us=11696 prepare=19567 raster=38546 blit=7086 player=47383 opponents=25443 upscale=20181 hud=3450 crc=2357389411
[1789104407078] [[32minfo[0m] [RasterAB] car=6 track=0 frame=15 mode=1 draw=107472 present=31428 track_us=11723 prepare=19605 raster=32279 blit=7050 player=42330 opponents=24216 upscale=20180 hud=3479 crc=2357389411
[1789104407116] [[32minfo[0m] [PaintStage] rows=145 clear_us=501 fill_us=5922 copy_us=3790
[1789104407117] [[32minfo[0m] [TrackStage] project_us=3973 paint_us=11340 lines_us=24 wireframe=false
[1789104407246] [[32minfo[0m] [RaceStage] track_us=21474 cars_us=102146 upscale_us=20194 scene_width=234 surfaces=111 cars=3 track_id=0 player_car=6 submitted=3 player_us=45994 opponents_us=55761 player_native=true prepare_us=26979 raster_us=60435 blit_us=14213 candidate_rows_before=3024 candidate_rows_after=1294
[1789104407267] [[32minfo[0m] [HudStage] map_us=1429 total_us=3396 map_cached=true
[1789104407518] [[32minfo[0m] [RasterAB] car=6 track=0 frame=16 mode=0 draw=174144 present=31442 track_us=21474 prepare=26979 raster=60435 blit=14213 player=45994 opponents=55761 upscale=20194 hud=7580 crc=3382796555
[1789104407527] [[32minfo[0m] [RasterAB] car=6 track=0 frame=16 mode=1 draw=135006 present=31470 track_us=14409 prepare=27063 raster=50156 blit=14247 player=41898 opponents=49709 upscale=20181 hud=3298 crc=3382796555
[1789104407927] [[32minfo[0m] [RasterAB] car=6 track=0 frame=17 mode=0 draw=139695 present=31454 track_us=14793 prepare=26985 raster=57262 blit=11590 player=44602 opponents=51367 upscale=20203 hud=3299 crc=3945676149
[1789104407936] [[32minfo[0m] [RasterAB] car=6 track=0 frame=17 mode=1 draw=129483 present=31489 track_us=14821 prepare=26991 raster=46936 blit=11553 player=40266 opponents=45347 upscale=20204 hud=3290 crc=3945676149
[1789104408252] [[32minfo[0m] [CarStage] car=6 panels=1277 vertices=1711 tiles=1 prepare_us=12818 raster_us=23583 blit_us=4695
[1789104408344] [[32minfo[0m] [RasterAB] car=6 track=0 frame=18 mode=0 draw=143720 present=31459 track_us=13449 prepare=27123 raster=61707 blit=12220 player=46274 opponents=54917 upscale=20189 hud=3343 crc=2443949494
[1789104408353] [[32minfo[0m] [RasterAB] car=6 track=0 frame=18 mode=1 draw=133457 present=31439 track_us=13397 prepare=27172 raster=50379 blit=12258 player=42282 opponents=48810 upscale=20178 hud=3339 crc=2443949494
[1789104408705] [[32minfo[0m] [RasterAB] car=6 track=0 frame=19 mode=0 draw=113191 present=31434 track_us=13294 prepare=19510 raster=36239 blit=7432 player=45050 opponents=25643 upscale=20225 hud=3523 crc=2637664465
[1789104408714] [[32minfo[0m] [RasterAB] car=6 track=0 frame=19 mode=1 draw=108443 present=31430 track_us=13305 prepare=19634 raster=30636 blit=7488 player=40709 opponents=24703 upscale=20677 hud=3461 crc=2637664465
[1789104409108] [[32minfo[0m] [RasterAB] car=6 track=0 frame=20 mode=0 draw=136792 present=31472 track_us=11156 prepare=27075 raster=57061 blit=12363 player=45223 opponents=51404 upscale=20160 hud=3273 crc=456823485
[1789104409117] [[32minfo[0m] [RasterAB] car=6 track=0 frame=20 mode=1 draw=126382 present=31486 track_us=11122 prepare=27056 raster=46810 blit=12337 player=40796 opponents=45542 upscale=20184 hud=3281 crc=456823485
[1789104409164] [[32minfo[0m] [PaintStage] rows=128 clear_us=460 fill_us=11443 copy_us=3438
[1789104409165] [[32minfo[0m] [TrackStage] project_us=7947 paint_us=16544 lines_us=14 wireframe=false
[1789104409283] [[32minfo[0m] [RaceStage] track_us=30654 cars_us=91747 upscale_us=20196 scene_width=234 surfaces=412 cars=3 track_id=0 player_car=6 submitted=3 player_us=42526 opponents_us=48807 player_native=true prepare_us=26970 raster_us=49849 blit_us=14388 candidate_rows_before=5488 candidate_rows_after=1334
[1789104409304] [[32minfo[0m] [HudStage] map_us=1396 total_us=3356 map_cached=true
[1789104409576] [[32minfo[0m] [RasterAB] car=6 track=0 frame=21 mode=0 draw=155346 present=31469 track_us=23549 prepare=27099 raster=60623 blit=14869 player=47623 opponents=55107 upscale=20233 hud=3288 crc=2608830671
[1789104409585] [[32minfo[0m] [RasterAB] car=6 track=0 frame=21 mode=1 draw=172822 present=31460 track_us=30654 prepare=26970 raster=49849 blit=14388 player=42526 opponents=48807 upscale=20196 hud=7576 crc=2608830671
[1789104410022] [[32minfo[0m] [RasterAB] car=6 track=0 frame=22 mode=0 draw=158004 present=31489 track_us=23902 prepare=27020 raster=57051 blit=20853 player=47370 opponents=57680 upscale=20212 hud=3282 crc=242003287
[1789104410031] [[32minfo[0m] [RasterAB] car=6 track=0 frame=22 mode=1 draw=148135 present=31483 track_us=23870 prepare=26910 raster=47392 blit=20855 player=43188 opponents=52099 upscale=20207 hud=3319 crc=242003287
[1789104410263] [[32minfo[0m] [CarStage] car=0 panels=628 vertices=913 tiles=1 prepare_us=6660 raster_us=9000 blit_us=2112
[1789104410395] [[32minfo[0m] [RasterAB] car=6 track=0 frame=23 mode=0 draw=120017 present=31434 track_us=20938 prepare=20068 raster=34495 blit=6631 player=43470 opponents=26443 upscale=20224 hud=3481 crc=4154789726
[1789104410404] [[32minfo[0m] [RasterAB] car=6 track=0 frame=23 mode=1 draw=113228 present=31442 track_us=20962 prepare=19460 raster=29391 blit=6569 player=38674 opponents=24353 upscale=20203 hud=3475 crc=4154789726
[1789104410810] [[32minfo[0m] [RasterAB] car=6 track=0 frame=24 mode=0 draw=142516 present=31481 track_us=16638 prepare=26924 raster=55772 blit=13938 player=44403 opponents=52387 upscale=20199 hud=3304 crc=4030887924
[1789104410819] [[32minfo[0m] [RasterAB] car=6 track=0 frame=24 mode=1 draw=132902 present=31447 track_us=16606 prepare=27025 raster=46267 blit=13928 player=40296 opponents=47051 upscale=20204 hud=3317 crc=4030887924
[1789104410838] [[32minfo[0m] [RasterAB] GROUP car=6 track=0 mismatches=0 stack_free=2436
[1789104411288] [[32minfo[0m] [PaintStage] rows=128 clear_us=445 fill_us=6906 copy_us=3515
[1789104411289] [[32minfo[0m] [TrackStage] project_us=4527 paint_us=12034 lines_us=11 wireframe=false
[1789104411414] [[32minfo[0m] [RaceStage] track_us=22652 cars_us=98813 upscale_us=20220 scene_width=234 surfaces=134 cars=3 track_id=1 player_car=6 submitted=3 player_us=41600 opponents_us=56791 player_native=true prepare_us=26691 raster_us=51816 blit_us=19753 candidate_rows_before=4032 candidate_rows_after=1719
[1789104411435] [[32minfo[0m] [HudStage] map_us=1411 total_us=3413 map_cached=true
[1789104411706] [[32minfo[0m] [RasterAB] car=6 track=1 frame=1 mode=0 draw=154078 present=31471 track_us=15598 prepare=26760 raster=63259 blit=19323 player=46497 opponents=62977 upscale=20199 hud=3305 crc=93845124
[1789104411714] [[32minfo[0m] [RasterAB] car=6 track=1 frame=1 mode=1 draw=171748 present=31428 track_us=22652 prepare=26691 raster=51816 blit=19753 player=41600 opponents=56791 upscale=20220 hud=7605 crc=93845124
[1789104412128] [[32minfo[0m] [RasterAB] car=6 track=1 frame=2 mode=0 draw=146344 present=31439 track_us=18637 prepare=26799 raster=55976 blit=15665 player=46891 opponents=51679 upscale=20231 hud=3310 crc=338183989
[1789104412137] [[32minfo[0m] [RasterAB] car=6 track=1 frame=2 mode=1 draw=136509 present=31491 track_us=18582 prepare=26945 raster=46115 blit=15717 player=42938 opponents=45979 upscale=20199 hud=3318 crc=338183989
[1789104412363] [[32minfo[0m] [CarStage] car=0 panels=628 vertices=913 tiles=1 prepare_us=6725 raster_us=8974 blit_us=2011
[1789104412493] [[32minfo[0m] [RasterAB] car=6 track=1 frame=3 mode=0 draw=116632 present=31415 track_us=19052 prepare=19690 raster=34110 blit=5754 player=41892 opponents=26395 upscale=20237 hud=3565 crc=3631867982
[1789104412502] [[32minfo[0m] [RasterAB] car=6 track=1 frame=3 mode=1 draw=109833 present=31465 track_us=19092 prepare=19599 raster=28526 blit=5677 player=37186 opponents=24257 upscale=20204 hud=3499 crc=3631867982
[1789104412877] [[32minfo[0m] [RasterAB] car=6 track=1 frame=4 mode=0 draw=125916 present=31459 track_us=18829 prepare=27085 raster=44603 blit=6073 player=35899 opponents=41996 upscale=20222 hud=3343 crc=1973475890
[1789104412885] [[32minfo[0m] [RasterAB] car=6 track=1 frame=4 mode=1 draw=119186 present=31469 track_us=18758 prepare=27070 raster=38097 blit=6066 player=32919 opponents=38444 upscale=20211 hud=3297 crc=1973475890
[1789104413269] [[32minfo[0m] [RasterAB] car=6 track=1 frame=5 mode=0 draw=129763 present=31475 track_us=13951 prepare=27193 raster=49618 blit=9815 player=39842 opponents=46918 upscale=20191 hud=3314 crc=1800323910
[1789104413278] [[32minfo[0m] [RasterAB] car=6 track=1 frame=5 mode=1 draw=121764 present=31691 track_us=13970 prepare=27129 raster=41551 blit=9805 player=36331 opponents=42283 upscale=20189 hud=3346 crc=1800323910
[1789104413314] [[32minfo[0m] [PaintStage] rows=164 clear_us=581 fill_us=4553 copy_us=4035
[1789104413315] [[32minfo[0m] [TrackStage] project_us=3317 paint_us=10335 lines_us=14 wireframe=false
[1789104413442] [[32minfo[0m] [RaceStage] track_us=19714 cars_us=100143 upscale_us=20194 scene_width=234 surfaces=51 cars=3 track_id=1 player_car=6 submitted=3 player_us=45624 opponents_us=54044 player_native=true prepare_us=27154 raster_us=60946 blit_us=11435 candidate_rows_before=1568 candidate_rows_after=907
[1789104413462] [[32minfo[0m] [HudStage] map_us=1455 total_us=3401 map_cached=true
[1789104413709] [[32minfo[0m] [RasterAB] car=6 track=1 frame=6 mode=0 draw=170197 present=31453 track_us=19714 prepare=27154 raster=60946 blit=11435 player=45624 opponents=54044 upscale=20194 hud=7582 crc=1364585099
[1789104413718] [[32minfo[0m] [RasterAB] car=6 track=1 frame=6 mode=1 draw=130222 present=31482 track_us=12698 prepare=27174 raster=49649 blit=11418 player=40744 opponents=47629 upscale=20205 hud=3351 crc=1364585099
[1789104414071] [[32minfo[0m] [RasterAB] car=6 track=1 frame=7 mode=0 draw=114250 present=31705 track_us=12742 prepare=19552 raster=37859 blit=7235 player=46545 opponents=25748 upscale=20177 hud=3521 crc=2637429152
[1789104414079] [[32minfo[0m] [RasterAB] car=6 track=1 frame=7 mode=1 draw=108325 present=31469 track_us=12761 prepare=19579 raster=31833 blit=7183 player=41711 opponents=24506 upscale=20203 hud=3532 crc=2637429152
[1789104414392] [[32minfo[0m] [CarStage] car=6 panels=1277 vertices=1711 tiles=1 prepare_us=12866 raster_us=22786 blit_us=5963
[1789104414482] [[32minfo[0m] [RasterAB] car=6 track=1 frame=8 mode=0 draw=140322 present=31477 track_us=13352 prepare=27187 raster=58398 blit=12047 player=46415 opponents=51349 upscale=20195 hud=3370 crc=1810608382
[1789104414491] [[32minfo[0m] [RasterAB] car=6 track=1 frame=8 mode=1 draw=130914 present=31506 track_us=13310 prepare=27237 raster=47811 blit=12110 player=42847 opponents=45637 upscale=20197 hud=3378 crc=1810608382
[1789104414918] [[32minfo[0m] [RasterAB] car=6 track=1 frame=9 mode=0 draw=154308 present=31469 track_us=14918 prepare=27119 raster=66116 blit=16943 player=53186 opponents=57126 upscale=20197 hud=3370 crc=3779562838
[1789104414927] [[32minfo[0m] [RasterAB] car=6 track=1 frame=9 mode=1 draw=142187 present=31494 track_us=14936 prepare=27209 raster=53774 blit=16969 player=47693 opponents=50392 upscale=20180 hud=3365 crc=3779562838
[1789104415346] [[32minfo[0m] [RasterAB] car=6 track=1 frame=10 mode=0 draw=149727 present=31468 track_us=19368 prepare=27217 raster=58722 blit=15074 player=46178 opponents=54971 upscale=20207 hud=3357 crc=2842748869
[1789104415355] [[32minfo[0m] [RasterAB] car=6 track=1 frame=10 mode=1 draw=138961 present=31941 track_us=19338 prepare=27096 raster=48242 blit=15088 player=41545 opponents=49011 upscale=20201 hud=3342 crc=2842748869
[1789104415399] [[32minfo[0m] [PaintStage] rows=171 clear_us=587 fill_us=8706 copy_us=4307
[1789104415400] [[32minfo[0m] [TrackStage] project_us=5903 paint_us=14779 lines_us=14 wireframe=false
[1789104415489] [[32minfo[0m] [RaceStage] track_us=26770 cars_us=63099 upscale_us=20208 scene_width=234 surfaces=226 cars=3 track_id=1 player_car=6 submitted=3 player_us=36534 opponents_us=26049 player_native=true prepare_us=27117 raster_us=28589 blit_us=6739 candidate_rows_before=3584 candidate_rows_after=1002
[1789104415510] [[32minfo[0m] [HudStage] map_us=1457 total_us=3334 map_cached=true
[1789104415741] [[32minfo[0m] [RasterAB] car=6 track=1 frame=11 mode=0 draw=115321 present=31486 track_us=19720 prepare=27110 raster=32616 blit=6647 player=40013 opponents=26487 upscale=20212 hud=3300 crc=2548649306
[1789104415750] [[32minfo[0m] [RasterAB] car=6 track=1 frame=11 mode=1 draw=140270 present=31467 track_us=26770 prepare=27117 raster=28589 blit=6739 player=36534 opponents=26049 upscale=20208 hud=7585 crc=2548649306
[1789104416128] [[32minfo[0m] [RasterAB] car=6 track=1 frame=12 mode=0 draw=127084 present=31484 track_us=18647 prepare=27080 raster=44818 blit=7275 player=36608 opponents=42697 upscale=20176 hud=3303 crc=895716694
[1789104416137] [[32minfo[0m] [RasterAB] car=6 track=1 frame=12 mode=1 draw=120570 present=31480 track_us=18578 prepare=27136 raster=38410 blit=7229 player=33859 opponents=39050 upscale=20200 hud=3325 crc=895716694
[1789104416433] [[32minfo[0m] [CarStage] car=6 panels=1277 vertices=1711 tiles=1 prepare_us=12832 raster_us=23924 blit_us=4062
[1789104416524] [[32minfo[0m] [RasterAB] car=6 track=1 frame=13 mode=0 draw=133704 present=31448 track_us=14119 prepare=27212 raster=51596 blit=10323 player=42049 opponents=48406 upscale=20204 hud=3376 crc=3610200507
[1789104416533] [[32minfo[0m] [RasterAB] car=6 track=1 frame=13 mode=1 draw=123681 present=31472 track_us=14159 prepare=27143 raster=42808 blit=10248 player=36762 opponents=43570 upscale=20215 hud=3339 crc=3610200507
[1789104416926] [[32minfo[0m] [RasterAB] car=6 track=1 frame=14 mode=0 draw=136233 present=31472 track_us=12900 prepare=27254 raster=55900 blit=10898 player=43315 opponents=50872 upscale=20179 hud=3364 crc=4025252297
[1789104416935] [[32minfo[0m] [RasterAB] car=6 track=1 frame=14 mode=1 draw=126012 present=31468 track_us=12880 prepare=27173 raster=45889 blit=10951 player=39150 opponents=44997 upscale=20178 hud=3314 crc=4025252297
[1789104417291] [[32minfo[0m] [RasterAB] car=6 track=1 frame=15 mode=0 draw=115790 present=31459 track_us=11938 prepare=19638 raster=40719 blit=6626 player=48878 opponents=25778 upscale=20178 hud=3523 crc=4210741467
[1789104417300] [[32minfo[0m] [RasterAB] car=6 track=1 frame=15 mode=1 draw=109458 present=31445 track_us=11947 prepare=19644 raster=34230 blit=6596 player=43611 opponents=24576 upscale=20199 hud=3531 crc=4210741467
[1789104417540] [[32minfo[0m] [PaintStage] rows=139 clear_us=473 fill_us=4379 copy_us=3747
[1789104417541] [[32minfo[0m] [TrackStage] project_us=3556 paint_us=9782 lines_us=11 wireframe=false
[1789104417661] [[32minfo[0m] [RaceStage] track_us=19321 cars_us=94112 upscale_us=20197 scene_width=234 surfaces=62 cars=3 track_id=1 player_car=6 submitted=3 player_us=42434 opponents_us=51215 player_native=true prepare_us=27043 raster_us=53127 blit_us=13349 candidate_rows_before=1792 candidate_rows_after=1086
[1789104417682] [[32minfo[0m] [HudStage] map_us=1463 total_us=3434 map_cached=true
[1789104417742] [[32minfo[0m] [RasterAB] car=6 track=1 frame=16 mode=0 draw=147955 present=31469 track_us=12381 prepare=27269 raster=65187 blit=13744 player=47914 opponents=58421 upscale=20172 hud=3438 crc=2015668703
[1789104417750] [[32minfo[0m] [RasterAB] car=6 track=1 frame=16 mode=1 draw=163629 present=31426 track_us=19321 prepare=27043 raster=53127 blit=13349 player=42434 opponents=51215 upscale=20197 hud=7574 crc=2015668703
[1789104418161] [[32minfo[0m] [RasterAB] car=6 track=1 frame=17 mode=0 draw=145626 present=31477 track_us=16289 prepare=27376 raster=57875 blit=14881 player=45823 opponents=54444 upscale=20192 hud=3350 crc=1061758571
[1789104418170] [[32minfo[0m] [RasterAB] car=6 track=1 frame=17 mode=1 draw=134661 present=31457 track_us=16319 prepare=27165 raster=47040 blit=14848 player=40994 opponents=48195 upscale=20188 hud=3351 crc=1061758571
[1789104418437] [[32minfo[0m] [CarStage] car=0 panels=628 vertices=913 tiles=1 prepare_us=7264 raster_us=8243 blit_us=1981
[1789104418596] [[32minfo[0m] [RasterAB] car=6 track=1 frame=18 mode=0 draw=152262 present=31451 track_us=17067 prepare=27100 raster=60722 blit=18085 player=47676 opponents=58369 upscale=20201 hud=3326 crc=3142620728
[1789104418605] [[32minfo[0m] [RasterAB] car=6 track=1 frame=18 mode=1 draw=143151 present=31466 track_us=17041 prepare=27790 raster=49782 blit=18163 player=42958 opponents=54043 upscale=20212 hud=3351 crc=3142620728
[1789104418960] [[32minfo[0m] [RasterAB] car=6 track=1 frame=19 mode=0 draw=114431 present=31454 track_us=19824 prepare=19524 raster=32208 blit=5941 player=40179 opponents=25150 upscale=20241 hud=3522 crc=1577197730
[1789104418969] [[32minfo[0m] [RasterAB] car=6 track=1 frame=19 mode=1 draw=110034 present=31449 track_us=19838 prepare=19593 raster=27571 blit=5958 player=36600 opponents=24177 upscale=20250 hud=3537 crc=1577197730
[1789104419351] [[32minfo[0m] [RasterAB] car=6 track=1 frame=20 mode=0 draw=129469 present=31473 track_us=19368 prepare=27171 raster=45985 blit=7655 player=37183 opponents=43762 upscale=20210 hud=3307 crc=4156472272
[1789104419360] [[32minfo[0m] [RasterAB] car=6 track=1 frame=20 mode=1 draw=121863 present=31493 track_us=19353 prepare=27025 raster=38913 blit=7360 player=33914 opponents=39515 upscale=20202 hud=3340 crc=4156472272
[1789104419577] [[32minfo[0m] [PaintStage] rows=173 clear_us=623 fill_us=4880 copy_us=4228
[1789104419578] [[32minfo[0m] [TrackStage] project_us=3574 paint_us=10962 lines_us=14 wireframe=false
[1789104419695] [[32minfo[0m] [RaceStage] track_us=20598 cars_us=90462 upscale_us=20178 scene_width=234 surfaces=56 cars=3 track_id=1 player_car=6 submitted=3 player_us=41869 opponents_us=48128 player_native=true prepare_us=27143 raster_us=52185 blit_us=10536 candidate_rows_before=2016 candidate_rows_after=1016
[1789104419716] [[32minfo[0m] [HudStage] map_us=1444 total_us=3381 map_cached=true
[1789104419776] [[32minfo[0m] [RasterAB] car=6 track=1 frame=21 mode=0 draw=161278 present=31460 track_us=20598 prepare=27143 raster=52185 blit=10536 player=41869 opponents=48128 upscale=20178 hud=7570 crc=664619345
[1789104419784] [[32minfo[0m] [RasterAB] car=6 track=1 frame=21 mode=1 draw=124681 present=31463 track_us=13574 prepare=27183 raster=43598 blit=10545 player=38023 opponents=43443 upscale=20676 hud=3327 crc=664619345
[1789104420188] [[32minfo[0m] [RasterAB] car=6 track=1 frame=22 mode=0 draw=141131 present=31498 track_us=14377 prepare=27204 raster=58187 blit=12062 player=43947 opponents=53639 upscale=20196 hud=3357 crc=2408893792
[1789104420197] [[32minfo[0m] [RasterAB] car=6 track=1 frame=22 mode=1 draw=131186 present=31471 track_us=14350 prepare=27201 raster=48283 blit=12138 player=39647 opponents=48110 upscale=20191 hud=3350 crc=2408893792
[1789104420484] [[32minfo[0m] [CarStage] car=6 panels=1277 vertices=1711 tiles=1 prepare_us=12910 raster_us=26942 blit_us=5705
[1789104420553] [[32minfo[0m] [RasterAB] car=6 track=1 frame=23 mode=0 draw=115858 present=31422 track_us=13827 prepare=19648 raster=36056 blit=7533 player=46807 opponents=25405 upscale=20717 hud=3563 crc=1935257800
[1789104420562] [[32minfo[0m] [RasterAB] car=6 track=1 frame=23 mode=1 draw=108965 present=31488 track_us=13874 prepare=19585 raster=30966 blit=7491 player=41440 opponents=24302 upscale=20201 hud=3513 crc=1935257800
[1789104420992] [[32minfo[0m] [RasterAB] car=6 track=1 frame=24 mode=0 draw=156542 present=31459 track_us=13803 prepare=27162 raster=68044 blit=18151 player=52661 opponents=60833 upscale=20212 hud=3433 crc=2230352913
[1789104421001] [[32minfo[0m] [RasterAB] car=6 track=1 frame=24 mode=1 draw=143583 present=31444 track_us=13756 prepare=27100 raster=55323 blit=18130 player=46903 opponents=53781 upscale=20216 hud=3423 crc=2230352913
[1789104421020] [[32minfo[0m] [RasterAB] GROUP car=6 track=1 mismatches=0 stack_free=2436
[1789104421619] [[32minfo[0m] [PaintStage] rows=168 clear_us=560 fill_us=5525 copy_us=4211
[1789104421620] [[32minfo[0m] [TrackStage] project_us=1807 paint_us=11501 lines_us=12 wireframe=false
[1789104421741] [[32minfo[0m] [RaceStage] track_us=19439 cars_us=94994 upscale_us=20182 scene_width=234 surfaces=85 cars=3 track_id=2 player_car=6 submitted=3 player_us=42425 opponents_us=52228 player_native=true prepare_us=26679 raster_us=57508 blit_us=10351 candidate_rows_before=2576 candidate_rows_after=1033
[1789104421762] [[32minfo[0m] [HudStage] map_us=1291 total_us=3239 map_cached=true
[1789104421822] [[32minfo[0m] [RasterAB] car=6 track=2 frame=1 mode=0 draw=164596 present=31421 track_us=19439 prepare=26679 raster=57508 blit=10351 player=42425 opponents=52228 upscale=20182 hud=7642 crc=1943282115
[1789104421830] [[32minfo[0m] [RasterAB] car=6 track=2 frame=1 mode=1 draw=126419 present=31413 track_us=12373 prepare=26727 raster=47555 blit=10307 player=38238 opponents=46466 upscale=20211 hud=3271 crc=1943282115
[1789104422227] [[32minfo[0m] [RasterAB] car=6 track=2 frame=2 mode=0 draw=138417 present=31450 track_us=12271 prepare=27133 raster=58340 blit=11777 player=46179 opponents=51192 upscale=20199 hud=3225 crc=81348399
[1789104422235] [[32minfo[0m] [RasterAB] car=6 track=2 frame=2 mode=1 draw=127469 present=31418 track_us=12230 prepare=27196 raster=47413 blit=11807 player=41461 opponents=45076 upscale=20187 hud=3203 crc=81348399
[1789104422527] [[32minfo[0m] [CarStage] car=6 panels=1277 vertices=1711 tiles=1 prepare_us=12865 raster_us=33405 blit_us=5187
[1789104422595] [[32minfo[0m] [RasterAB] car=6 track=2 frame=3 mode=0 draw=119238 present=31426 track_us=10840 prepare=19635 raster=43362 blit=6996 player=52632 opponents=26308 upscale=20175 hud=3425 crc=2962214176
[1789104422604] [[32minfo[0m] [RasterAB] car=6 track=2 frame=3 mode=1 draw=110041 present=31437 track_us=10798 prepare=19626 raster=35916 blit=6961 player=45322 opponents=24932 upscale=20209 hud=3388 crc=2962214176
[1789104423043] [[32minfo[0m] [RasterAB] car=6 track=2 frame=4 mode=0 draw=160047 present=31474 track_us=23603 prepare=27077 raster=66350 blit=14054 player=47413 opponents=60191 upscale=20222 hud=3236 crc=3223730705
[1789104423052] [[32minfo[0m] [RasterAB] car=6 track=2 frame=4 mode=1 draw=147693 present=31441 track_us=23577 prepare=27094 raster=54097 blit=14033 player=42318 opponents=53041 upscale=20204 hud=3265 crc=3223730705
[1789104423470] [[32minfo[0m] [RasterAB] car=6 track=2 frame=5 mode=0 draw=148669 present=31927 track_us=17285 prepare=26955 raster=57612 blit=17990 player=50031 opponents=52644 upscale=20194 hud=3223 crc=2941018040
[1789104423479] [[32minfo[0m] [RasterAB] car=6 track=2 frame=5 mode=1 draw=138277 present=31446 track_us=17302 prepare=27049 raster=47069 blit=17931 player=45578 opponents=46605 upscale=20188 hud=3192 crc=2941018040
[1789104423710] [[32minfo[0m] [PaintStage] rows=175 clear_us=604 fill_us=5158 copy_us=4198
[1789104423711] [[32minfo[0m] [TrackStage] project_us=2020 paint_us=11209 lines_us=12 wireframe=false
[1789104423825] [[32minfo[0m] [RaceStage] track_us=19285 cars_us=87876 upscale_us=20181 scene_width=234 surfaces=81 cars=3 track_id=2 player_car=6 submitted=3 player_us=40554 opponents_us=46988 player_native=true prepare_us=27071 raster_us=48545 blit_us=11783 candidate_rows_before=2464 candidate_rows_after=1195
[1789104423846] [[32minfo[0m] [HudStage] map_us=1290 total_us=3249 map_cached=true
[1789104423906] [[32minfo[0m] [RasterAB] car=6 track=2 frame=6 mode=0 draw=139117 present=31421 track_us=12257 prepare=27129 raster=58994 blit=11764 player=45364 opponents=52647 upscale=20191 hud=3258 crc=2587034797
[1789104423914] [[32minfo[0m] [RasterAB] car=6 track=2 frame=6 mode=1 draw=157301 present=31452 track_us=19285 prepare=27071 raster=48545 blit=11783 player=40554 opponents=46988 upscale=20181 hud=7586 crc=2587034797
[1789104424267] [[32minfo[0m] [RasterAB] car=6 track=2 frame=7 mode=0 draw=113385 present=31441 track_us=16514 prepare=19616 raster=35525 blit=5223 player=42518 opponents=25518 upscale=20214 hud=3358 crc=1194045835
[1789104424276] [[32minfo[0m] [RasterAB] car=6 track=2 frame=7 mode=1 draw=108513 present=31448 track_us=16510 prepare=19603 raster=30288 blit=5438 player=38601 opponents=24443 upscale=20212 hud=3376 crc=1194045835
[1789104424528] [[32minfo[0m] [CarStage] car=0 panels=628 vertices=913 tiles=1 prepare_us=6816 raster_us=8677 blit_us=1937
[1789104424682] [[32minfo[0m] [RasterAB] car=6 track=2 frame=8 mode=0 draw=143180 present=31411 track_us=11547 prepare=27156 raster=63778 blit=11716 player=53408 opponents=49366 upscale=20200 hud=3274 crc=78943468
[1789104424690] [[32minfo[0m] [RasterAB] car=6 track=2 frame=8 mode=1 draw=131912 present=31458 track_us=11523 prepare=27213 raster=51430 blit=11769 player=47323 opponents=44303 upscale=20240 hud=3208 crc=78943468
[1789104425076] [[32minfo[0m] [RasterAB] car=6 track=2 frame=9 mode=0 draw=132135 present=31689 track_us=9910 prepare=27148 raster=57838 blit=8435 player=42407 opponents=51135 upscale=20174 hud=3208 crc=3757025993
[1789104425084] [[32minfo[0m] [RasterAB] car=6 track=2 frame=9 mode=1 draw=122276 present=31463 track_us=9944 prepare=27188 raster=47809 blit=8443 player=38146 opponents=45420 upscale=20188 hud=3192 crc=3757025993
[1789104425476] [[32minfo[0m] [RasterAB] car=6 track=2 frame=10 mode=0 draw=134756 present=31451 track_us=11119 prepare=27192 raster=54985 blit=12550 player=42607 opponents=52242 upscale=20176 hud=3209 crc=3940658399
[1789104425485] [[32minfo[0m] [RasterAB] car=6 track=2 frame=10 mode=1 draw=125527 present=31957 track_us=11114 prepare=27165 raster=45698 blit=12569 player=38614 opponents=46944 upscale=20181 hud=3193 crc=3940658399
[1789104425743] [[32minfo[0m] [PaintStage] rows=140 clear_us=475 fill_us=23185 copy_us=3958
[1789104425744] [[32minfo[0m] [TrackStage] project_us=14185 paint_us=29430 lines_us=12 wireframe=false
[1789104425840] [[32minfo[0m] [RaceStage] track_us=49871 cars_us=69488 upscale_us=20210 scene_width=234 surfaces=838 cars=3 track_id=2 player_car=6 submitted=3 player_us=42898 opponents_us=26253 player_native=true prepare_us=19444 raster_us=34389 blit_us=7677 candidate_rows_before=11760 candidate_rows_after=1624
[1789104425861] [[32minfo[0m] [HudStage] map_us=1306 total_us=3382 map_cached=true
[1789104425921] [[32minfo[0m] [RasterAB] car=6 track=2 frame=11 mode=0 draw=169575 present=31498 track_us=49871 prepare=19444 raster=34389 blit=7677 player=42898 opponents=26253 upscale=20210 hud=7589 crc=2530854939
[1789104425929] [[32minfo[0m] [RasterAB] car=6 track=2 frame=11 mode=1 draw=135825 present=31427 track_us=42641 prepare=19473 raster=29377 blit=7692 player=38915 opponents=25259 upscale=20212 hud=3378 crc=2530854939
[1789104426342] [[32minfo[0m] [RasterAB] car=6 track=2 frame=12 mode=0 draw=145368 present=31450 track_us=24795 prepare=27254 raster=53821 blit=10607 player=40788 opponents=51020 upscale=20187 hud=3206 crc=1502742198
[1789104426351] [[32minfo[0m] [RasterAB] car=6 track=2 frame=12 mode=1 draw=135981 present=31445 track_us=24753 prepare=27087 raster=44767 blit=10553 player=36678 opponents=45853 upscale=20208 hud=3208 crc=1502742198
[1789104426603] [[32minfo[0m] [CarStage] car=0 panels=628 vertices=913 tiles=1 prepare_us=6748 raster_us=8821 blit_us=2926
[1789104426754] [[32minfo[0m] [RasterAB] car=6 track=2 frame=13 mode=0 draw=140599 present=31451 track_us=21997 prepare=27176 raster=51464 blit=9985 player=40097 opponents=49750 upscale=20253 hud=3208 crc=2115225861
[1789104426763] [[32minfo[0m] [RasterAB] car=6 track=2 frame=13 mode=1 draw=131907 present=31477 track_us=22046 prepare=27160 raster=43345 blit=9970 player=36476 opponents=44133 upscale=20689 hud=3179 crc=2115225861
[1789104427158] [[32minfo[0m] [RasterAB] car=6 track=2 frame=14 mode=0 draw=136428 present=31444 track_us=18280 prepare=27061 raster=52616 blit=9506 player=40748 opponents=48568 upscale=20216 hud=3212 crc=229647655
[1789104427167] [[32minfo[0m] [RasterAB] car=6 track=2 frame=14 mode=1 draw=127783 present=31438 track_us=18273 prepare=27139 raster=43760 blit=9557 player=36988 opponents=43595 upscale=20445 hud=3181 crc=229647655
[1789104427506] [[32minfo[0m] [RasterAB] car=6 track=2 frame=15 mode=0 draw=107511 present=31409 track_us=11198 prepare=19533 raster=34897 blit=5317 player=42332 opponents=25098 upscale=20193 hud=3375 crc=1306061697
[1789104427515] [[32minfo[0m] [RasterAB] car=6 track=2 frame=15 mode=1 draw=101950 present=31406 track_us=11229 prepare=19607 raster=29260 blit=5250 player=37822 opponents=23859 upscale=20194 hud=3447 crc=1306061697
[1789104427895] [[32minfo[0m] [RasterAB] car=6 track=2 frame=16 mode=0 draw=129544 present=31434 track_us=10667 prepare=27169 raster=53135 blit=9650 player=40863 opponents=49214 upscale=20196 hud=3218 crc=444998345
[1789104427904] [[32minfo[0m] [RasterAB] car=6 track=2 frame=16 mode=1 draw=120683 present=31453 track_us=10632 prepare=27180 raster=44427 blit=9650 player=37096 opponents=44293 upscale=20198 hud=3195 crc=444998345
[1789104427939] [[32minfo[0m] [PaintStage] rows=127 clear_us=457 fill_us=5050 copy_us=3181
[1789104427940] [[32minfo[0m] [TrackStage] project_us=2645 paint_us=9817 lines_us=10 wireframe=false
[1789104428040] [[32minfo[0m] [RaceStage] track_us=18516 cars_us=74154 upscale_us=20161 scene_width=234 surfaces=139 cars=3 track_id=2 player_car=6 submitted=3 player_us=34158 opponents_us=39672 player_native=true prepare_us=27027 raster_us=39456 blit_us=7216 candidate_rows_before=3360 candidate_rows_after=1222
[1789104428061] [[32minfo[0m] [HudStage] map_us=1279 total_us=3208 map_cached=true
[1789104428299] [[32minfo[0m] [RasterAB] car=6 track=2 frame=17 mode=0 draw=120921 present=31471 track_us=11510 prepare=27115 raster=46328 blit=7163 player=37295 opponents=43433 upscale=20169 hud=3142 crc=1326247610
[1789104428308] [[32minfo[0m] [RasterAB] car=6 track=2 frame=17 mode=1 draw=142896 present=31492 track_us=18516 prepare=27027 raster=39456 blit=7216 player=34158 opponents=39672 upscale=20161 hud=7577 crc=1326247610
[1789104428615] [[32minfo[0m] [CarStage] car=7 panels=723 vertices=1016 tiles=1 prepare_us=7540 raster_us=12578 blit_us=3678
[1789104428675] [[32minfo[0m] [RasterAB] car=6 track=2 frame=18 mode=0 draw=121628 present=31440 track_us=11616 prepare=27075 raster=45500 blit=8535 player=37317 opponents=43917 upscale=20187 hud=3216 crc=1628233279
[1789104428684] [[32minfo[0m] [RasterAB] car=6 track=2 frame=18 mode=1 draw=115437 present=31428 track_us=11567 prepare=27182 raster=38192 blit=8523 player=34247 opponents=40867 upscale=20176 hud=3276 crc=1628233279
[1789104429112] [[32minfo[0m] [RasterAB] car=6 track=2 frame=19 mode=0 draw=155879 present=31450 track_us=12550 prepare=27141 raster=78696 blit=8743 player=37307 opponents=77395 upscale=20185 hud=3162 crc=1152021380
[1789104429121] [[32minfo[0m] [RasterAB] car=6 track=2 frame=19 mode=1 draw=141004 present=31442 track_us=12554 prepare=27161 raster=63661 blit=8741 player=34284 opponents=65406 upscale=20198 hud=3152 crc=1152021380
[1789104429514] [[32minfo[0m] [RasterAB] car=6 track=2 frame=20 mode=0 draw=135714 present=31484 track_us=19400 prepare=27097 raster=51027 blit=9309 player=40613 opponents=46944 upscale=20179 hud=3191 crc=3035118262
[1789104429523] [[32minfo[0m] [RasterAB] car=6 track=2 frame=20 mode=1 draw=127670 present=31440 track_us=19371 prepare=27661 raster=42439 blit=9394 player=36920 opponents=42700 upscale=20182 hud=3224 crc=3035118262
[1789104429909] [[32minfo[0m] [RasterAB] car=6 track=2 frame=21 mode=0 draw=132518 present=31431 track_us=13453 prepare=27123 raster=55502 blit=7599 player=41006 opponents=49393 upscale=20167 hud=3207 crc=3634923473
[1789104429918] [[32minfo[0m] [RasterAB] car=6 track=2 frame=21 mode=1 draw=123225 present=31459 track_us=13462 prepare=27177 raster=46083 blit=7563 player=36946 opponents=44003 upscale=20182 hud=3222 crc=3634923473
[1789104429975] [[32minfo[0m] [PaintStage] rows=232 clear_us=793 fill_us=16555 copy_us=5353
[1789104429976] [[32minfo[0m] [TrackStage] project_us=10106 paint_us=24162 lines_us=12 wireframe=false
[1789104430098] [[32minfo[0m] [RaceStage] track_us=40526 cars_us=95162 upscale_us=20224 scene_width=234 surfaces=540 cars=3 track_id=2 player_car=6 submitted=3 player_us=42619 opponents_us=52218 player_native=true prepare_us=27322 raster_us=55322 blit_us=12059 candidate_rows_before=2688 candidate_rows_after=1233
[1789104430118] [[32minfo[0m] [HudStage] map_us=1292 total_us=3280 map_cached=true
[1789104430383] [[32minfo[0m] [RasterAB] car=6 track=2 frame=22 mode=0 draw=186049 present=31448 track_us=40526 prepare=27322 raster=55322 blit=12059 player=42619 opponents=52218 upscale=20224 hud=7587 crc=361118932
[1789104430392] [[32minfo[0m] [RasterAB] car=6 track=2 frame=22 mode=1 draw=147803 present=31428 track_us=33308 prepare=27543 raster=45964 blit=12035 player=38314 opponents=47357 upscale=20217 hud=3241 crc=361118932
[1789104430625] [[32minfo[0m] [CarStage] car=0 panels=628 vertices=913 tiles=1 prepare_us=6714 raster_us=9207 blit_us=1708
[1789104430757] [[32minfo[0m] [RasterAB] car=6 track=2 frame=23 mode=0 draw=120109 present=31419 track_us=21166 prepare=19632 raster=35464 blit=6208 player=43720 opponents=26252 upscale=20266 hud=3375 crc=1208415089
[1789104430766] [[32minfo[0m] [RasterAB] car=6 track=2 frame=23 mode=1 draw=114134 present=31429 track_us=21638 prepare=19568 raster=30050 blit=6190 player=39273 opponents=24168 upscale=20192 hud=3396 crc=1208415089
[1789104431170] [[32minfo[0m] [RasterAB] car=6 track=2 frame=24 mode=0 draw=141511 present=31454 track_us=13082 prepare=27088 raster=55140 blit=17194 player=45372 opponents=54178 upscale=20189 hud=3244 crc=848896918
[1789104431179] [[32minfo[0m] [RasterAB] car=6 track=2 frame=24 mode=1 draw=132296 present=31427 track_us=13052 prepare=27203 raster=45674 blit=17207 player=41339 opponents=48872 upscale=20432 hud=3258 crc=848896918
[1789104431198] [[32minfo[0m] [RasterAB] GROUP car=6 track=2 mismatches=0 stack_free=2436
[1789104431250] [[32minfo[0m] [RacerMaterial] texture_side=32 entries=22 fallback_panels=0 map_cached=true
[1789104431986] [[32minfo[0m] [RasterAB] car=7 track=0 frame=1 mode=0 draw=125383 present=31435 track_us=13843 prepare=24330 raster=49706 blit=8499 player=36511 opponents=46155 upscale=20206 hud=3262 crc=889928414
[1789104431994] [[32minfo[0m] [RasterAB] car=7 track=0 frame=1 mode=1 draw=117484 present=31444 track_us=13845 prepare=24462 raster=41682 blit=8492 player=32962 opponents=41802 upscale=20194 hud=3242 crc=889928414
[1789104432031] [[32minfo[0m] [PaintStage] rows=131 clear_us=449 fill_us=4857 copy_us=3701
[1789104432032] [[32minfo[0m] [TrackStage] project_us=3531 paint_us=10199 lines_us=12 wireframe=false
[1789104432146] [[32minfo[0m] [RaceStage] track_us=19807 cars_us=87298 upscale_us=20186 scene_width=234 surfaces=68 cars=3 track_id=0 player_car=7 submitted=3 player_us=39248 opponents_us=47671 player_native=true prepare_us=24285 raster_us=51131 blit_us=11377 candidate_rows_before=6720 candidate_rows_after=1608
[1789104432167] [[32minfo[0m] [HudStage] map_us=1425 total_us=3365 map_cached=true
[1789104432403] [[32minfo[0m] [RasterAB] car=7 track=0 frame=2 mode=0 draw=157435 present=31462 track_us=19807 prepare=24285 raster=51131 blit=11377 player=39248 opponents=47671 upscale=20186 hud=7586 crc=1882333287
[1789104432412] [[32minfo[0m] [RasterAB] car=7 track=0 frame=2 mode=1 draw=119716 present=31449 track_us=12505 prepare=24385 raster=42420 blit=11338 player=35253 opponents=43020 upscale=20189 hud=3299 crc=1882333287
[1789104432678] [[32minfo[0m] [CarStage] car=7 panels=1113 vertices=1446 tiles=1 prepare_us=11017 raster_us=21739 blit_us=4881
[1789104432746] [[32minfo[0m] [RasterAB] car=7 track=0 frame=3 mode=0 draw=104385 present=31436 track_us=11162 prepare=17651 raster=31053 blit=7323 player=38859 opponents=25368 upscale=20171 hud=3399 crc=2483119874
[1789104432755] [[32minfo[0m] [RasterAB] car=7 track=0 frame=3 mode=1 draw=98936 present=31449 track_us=11189 prepare=17640 raster=26287 blit=7310 player=34068 opponents=24056 upscale=20189 hud=3398 crc=2483119874
[1789104433132] [[32minfo[0m] [RasterAB] car=7 track=0 frame=4 mode=0 draw=127503 present=31477 track_us=15564 prepare=24883 raster=48758 blit=9186 player=36880 opponents=46082 upscale=20196 hud=3263 crc=3480557397
[1789104433141] [[32minfo[0m] [RasterAB] car=7 track=0 frame=4 mode=1 draw=119659 present=31457 track_us=15542 prepare=24800 raster=41016 blit=9245 player=33431 opponents=41767 upscale=20193 hud=3317 crc=3480557397
[1789104433519] [[32minfo[0m] [RasterAB] car=7 track=0 frame=5 mode=0 draw=128509 present=31470 track_us=14269 prepare=25325 raster=49438 blit=10400 player=38502 opponents=46802 upscale=20169 hud=3304 crc=1396836406
[1789104433528] [[32minfo[0m] [RasterAB] car=7 track=0 frame=5 mode=1 draw=119763 present=31466 track_us=14324 prepare=24855 raster=41069 blit=10316 player=34615 opponents=41759 upscale=20231 hud=3286 crc=1396836406
[1789104433896] [[32minfo[0m] [RasterAB] car=7 track=0 frame=6 mode=0 draw=122653 present=31478 track_us=14066 prepare=24839 raster=46979 blit=7642 player=35446 opponents=44148 upscale=20171 hud=3277 crc=3796268863
[1789104433905] [[32minfo[0m] [RasterAB] car=7 track=0 frame=6 mode=1 draw=114943 present=31460 track_us=14033 prepare=24818 raster=39418 blit=7597 player=32068 opponents=39901 upscale=20190 hud=3295 crc=3796268863
[1789104434096] [[32minfo[0m] [PaintStage] rows=135 clear_us=467 fill_us=4937 copy_us=3657
[1789104434097] [[32minfo[0m] [TrackStage] project_us=3867 paint_us=10280 lines_us=12 wireframe=false
[1789104434185] [[32minfo[0m] [RaceStage] track_us=20225 cars_us=61303 upscale_us=20197 scene_width=234 surfaces=68 cars=3 track_id=0 player_car=7 submitted=3 player_us=36210 opponents_us=24689 player_native=true prepare_us=17880 raster_us=30942 blit_us=5076 candidate_rows_before=3696 candidate_rows_after=670
[1789104434205] [[32minfo[0m] [HudStage] map_us=1404 total_us=3496 map_cached=true
[1789104434265] [[32minfo[0m] [RasterAB] car=7 track=0 frame=7 mode=0 draw=131547 present=31412 track_us=20225 prepare=17880 raster=30942 blit=5076 player=36210 opponents=24689 upscale=20197 hud=7567 crc=3389984421
[1789104434273] [[32minfo[0m] [RasterAB] car=7 track=0 frame=7 mode=1 draw=98637 present=31700 track_us=13125 prepare=17899 raster=26374 blit=5014 player=32608 opponents=23738 upscale=20186 hud=3434 crc=3389984421
[1789104434660] [[32minfo[0m] [RasterAB] car=7 track=0 frame=8 mode=0 draw=132066 present=31969 track_us=12486 prepare=24852 raster=50098 blit=15469 player=42363 opponents=48191 upscale=20183 hud=3305 crc=3793886962
[1789104434669] [[32minfo[0m] [RasterAB] car=7 track=0 frame=8 mode=1 draw=123415 present=31473 track_us=12512 prepare=24769 raster=41559 blit=15480 player=38392 opponents=43545 upscale=20186 hud=3281 crc=3793886962
[1789104434737] [[32minfo[0m] [CarStage] car=0 panels=628 vertices=913 tiles=1 prepare_us=6719 raster_us=8087 blit_us=1827
[1789104435069] [[32minfo[0m] [RasterAB] car=7 track=0 frame=9 mode=0 draw=137822 present=31732 track_us=26956 prepare=24775 raster=48758 blit=8289 player=36412 opponents=45539 upscale=20206 hud=3269 crc=2283881998
[1789104435078] [[32minfo[0m] [RasterAB] car=7 track=0 frame=9 mode=1 draw=130986 present=31435 track_us=26967 prepare=24935 raster=40447 blit=8342 player=32911 opponents=42051 upscale=20223 hud=3313 crc=2283881998
[1789104435476] [[32minfo[0m] [RasterAB] car=7 track=0 frame=10 mode=0 draw=137400 present=31449 track_us=25064 prepare=24825 raster=49686 blit=8640 player=36743 opponents=46541 upscale=20218 hud=3315 crc=3528078250
[1789104435485] [[32minfo[0m] [RasterAB] car=7 track=0 frame=10 mode=1 draw=129616 present=31991 track_us=25543 prepare=24760 raster=41466 blit=8700 player=33043 opponents=42009 upscale=20217 hud=3312 crc=3528078250
[1789104435839] [[32minfo[0m] [RasterAB] car=7 track=0 frame=11 mode=0 draw=114198 present=31435 track_us=21796 prepare=17829 raster=32474 blit=5977 player=38827 opponents=24492 upscale=20196 hud=3454 crc=277917991
[1789104435847] [[32minfo[0m] [RasterAB] car=7 track=0 frame=11 mode=1 draw=109434 present=31425 track_us=21822 prepare=17890 raster=27540 blit=5971 player=34942 opponents=23499 upscale=20183 hud=3457 crc=277917991
[1789104436234] [[32minfo[0m] [RasterAB] car=7 track=0 frame=12 mode=0 draw=131778 present=31683 track_us=17304 prepare=24853 raster=50323 blit=10174 player=38281 opponents=47205 upscale=20174 hud=3303 crc=2339266996
[1789104436243] [[32minfo[0m] [RasterAB] car=7 track=0 frame=12 mode=1 draw=123380 present=31475 track_us=17286 prepare=24760 raster=42051 blit=10176 player=34559 opponents=42562 upscale=20192 hud=3304 crc=2339266996
[1789104436281] [[32minfo[0m] [PaintStage] rows=158 clear_us=531 fill_us=5719 copy_us=4021
[1789104436282] [[32minfo[0m] [TrackStage] project_us=3717 paint_us=11441 lines_us=12 wireframe=false
[1789104436386] [[32minfo[0m] [RaceStage] track_us=21233 cars_us=77706 upscale_us=20190 scene_width=234 surfaces=98 cars=3 track_id=0 player_car=7 submitted=3 player_us=34088 opponents_us=43224 player_native=true prepare_us=24836 raster_us=42315 blit_us=10018 candidate_rows_before=2576 candidate_rows_after=868
[1789104436407] [[32minfo[0m] [HudStage] map_us=1422 total_us=3365 map_cached=true
[1789104436653] [[32minfo[0m] [RasterAB] car=7 track=0 frame=13 mode=0 draw=128777 present=31453 track_us=14219 prepare=24861 raster=50547 blit=9947 player=37706 opponents=47783 upscale=20210 hud=3335 crc=2916932619
[1789104436662] [[32minfo[0m] [RasterAB] car=7 track=0 frame=13 mode=1 draw=149189 present=31935 track_us=21233 prepare=24836 raster=42315 blit=10018 player=34088 opponents=43224 upscale=20190 hud=7585 crc=2916932619
[1789104436776] [[32minfo[0m] [CarStage] car=7 panels=1113 vertices=1446 tiles=1 prepare_us=11155 raster_us=22894 blit_us=4813
[1789104437041] [[32minfo[0m] [RasterAB] car=7 track=0 frame=14 mode=0 draw=128738 present=31465 track_us=12662 prepare=24885 raster=50069 blit=10755 player=40103 opponents=46940 upscale=20192 hud=3282 crc=182938165
[1789104437050] [[32minfo[0m] [RasterAB] car=7 track=0 frame=14 mode=1 draw=118807 present=31467 track_us=12644 prepare=24834 raster=41608 blit=10629 player=35171 opponents=42055 upscale=20191 hud=3314 crc=182938165
[1789104437393] [[32minfo[0m] [RasterAB] car=7 track=0 frame=15 mode=0 draw=108789 present=31436 track_us=11681 prepare=17895 raster=35962 blit=7101 player=43146 opponents=24843 upscale=20199 hud=3496 crc=1068650842
[1789104437402] [[32minfo[0m] [RasterAB] car=7 track=0 frame=15 mode=1 draw=103023 present=31449 track_us=11700 prepare=17902 raster=30119 blit=7060 player=38476 opponents=23673 upscale=20197 hud=3433 crc=1068650842
[1789104437799] [[32minfo[0m] [RasterAB] car=7 track=0 frame=16 mode=0 draw=138244 present=31463 track_us=14799 prepare=24933 raster=55116 blit=14097 player=41890 opponents=52384 upscale=20200 hud=3335 crc=1618171788
[1789104437808] [[32minfo[0m] [RasterAB] car=7 track=0 frame=16 mode=1 draw=127867 present=31462 track_us=14353 prepare=24842 raster=45524 blit=14068 player=37609 opponents=46958 upscale=20204 hud=3307 crc=1618171788
[1789104438194] [[32minfo[0m] [RasterAB] car=7 track=0 frame=17 mode=0 draw=132239 present=31460 track_us=14784 prepare=25096 raster=51725 blit=11528 player=40701 opponents=47783 upscale=20197 hud=3316 crc=3525823250
[1789104438203] [[32minfo[0m] [RasterAB] car=7 track=0 frame=17 mode=1 draw=123071 present=31470 track_us=14852 prepare=24808 raster=42768 blit=11517 player=36608 opponents=42621 upscale=20198 hud=3287 crc=3525823250
[1789104438432] [[32minfo[0m] [PaintStage] rows=150 clear_us=525 fill_us=5326 copy_us=3708
[1789104438433] [[32minfo[0m] [TrackStage] project_us=3640 paint_us=10762 lines_us=12 wireframe=false
[1789104438544] [[32minfo[0m] [RaceStage] track_us=20487 cars_us=84313 upscale_us=20186 scene_width=234 surfaces=89 cars=3 track_id=0 player_car=7 submitted=3 player_us=37264 opponents_us=46630 player_native=true prepare_us=25421 raster_us=46150 blit_us=12194 candidate_rows_before=2464 candidate_rows_after=1034
[1789104438564] [[32minfo[0m] [HudStage] map_us=1399 total_us=3392 map_cached=true
[1789104438625] [[32minfo[0m] [RasterAB] car=7 track=0 frame=18 mode=0 draw=135703 present=31461 track_us=13423 prepare=24928 raster=55964 blit=12164 player=41674 opponents=51521 upscale=20175 hud=3356 crc=3657446658
[1789104438633] [[32minfo[0m] [RasterAB] car=7 track=0 frame=18 mode=1 draw=154975 present=31420 track_us=20487 prepare=25421 raster=46150 blit=12194 player=37264 opponents=46630 upscale=20186 hud=7584 crc=3657446658
[1789104438849] [[32minfo[0m] [CarStage] car=0 panels=628 vertices=913 tiles=1 prepare_us=6733 raster_us=9387 blit_us=2066
[1789104438978] [[32minfo[0m] [RasterAB] car=7 track=0 frame=19 mode=0 draw=109873 present=31464 track_us=13291 prepare=18000 raster=33814 blit=7490 player=41163 opponents=26283 upscale=20241 hud=3412 crc=2362069063
[1789104438987] [[32minfo[0m] [RasterAB] car=7 track=0 frame=19 mode=1 draw=103427 present=31429 track_us=13309 prepare=17900 raster=28497 blit=7434 player=36805 opponents=24050 upscale=20190 hud=3506 crc=2362069063
[1789104439366] [[32minfo[0m] [RasterAB] car=7 track=0 frame=20 mode=0 draw=129183 present=31475 track_us=11158 prepare=25176 raster=51441 blit=12228 player=41251 opponents=47728 upscale=20182 hud=3297 crc=2876315669
[1789104439375] [[32minfo[0m] [RasterAB] car=7 track=0 frame=20 mode=1 draw=119633 present=31463 track_us=11155 prepare=24792 raster=42407 blit=12224 player=37075 opponents=42479 upscale=20175 hud=3308 crc=2876315669
[1789104439791] [[32minfo[0m] [RasterAB] car=7 track=0 frame=21 mode=0 draw=147254 present=31494 track_us=23525 prepare=24773 raster=55556 blit=14333 player=43270 opponents=51523 upscale=20174 hud=3312 crc=2982713131
[1789104439800] [[32minfo[0m] [RasterAB] car=7 track=0 frame=21 mode=1 draw=138362 present=31487 track_us=23534 prepare=24880 raster=45826 blit=14374 player=38752 opponents=46472 upscale=20713 hud=3298 crc=2982713131
[1789104440224] [[32minfo[0m] [RasterAB] car=7 track=0 frame=22 mode=0 draw=150715 present=31472 track_us=23925 prepare=24810 raster=52060 blit=20735 player=43320 opponents=54416 upscale=20215 hud=3301 crc=1239484443
[1789104440233] [[32minfo[0m] [RasterAB] car=7 track=0 frame=22 mode=1 draw=142170 present=31458 track_us=23899 prepare=24770 raster=43367 blit=20718 player=39458 opponents=49525 upscale=20232 hud=3336 crc=1239484443
[1789104440443] [[32minfo[0m] [PaintStage] rows=138 clear_us=478 fill_us=10567 copy_us=3554
[1789104440444] [[32minfo[0m] [TrackStage] project_us=6571 paint_us=15752 lines_us=12 wireframe=false
[1789104440534] [[32minfo[0m] [RaceStage] track_us=28542 cars_us=63878 upscale_us=20200 scene_width=234 surfaces=280 cars=3 track_id=0 player_car=7 submitted=3 player_us=38747 opponents_us=24723 player_native=true prepare_us=17827 raster_us=31991 blit_us=6643 candidate_rows_before=7840 candidate_rows_after=2111
[1789104440611] [[32minfo[0m] [RasterAB] car=7 track=0 frame=23 mode=0 draw=138501 present=31435 track_us=28542 prepare=17827 raster=31991 blit=6643 player=38747 opponents=24723 upscale=20200 hud=3509 crc=3132674923
[1789104440620] [[32minfo[0m] [RasterAB] car=7 track=0 frame=23 mode=1 draw=109598 present=31441 track_us=20965 prepare=17919 raster=27312 blit=6621 player=35119 opponents=23815 upscale=20680 hud=3440 crc=3132674923
[1789104440774] [[32minfo[0m] [HudStage] map_us=1342 total_us=3308 map_cached=true
[1789104440870] [[32minfo[0m] [CarStage] car=0 panels=628 vertices=913 tiles=1 prepare_us=6713 raster_us=8137 blit_us=2068
[1789104441015] [[32minfo[0m] [RasterAB] car=7 track=0 frame=24 mode=0 draw=136195 present=31505 track_us=16647 prepare=24815 raster=50696 blit=13807 player=40300 opponents=49148 upscale=20203 hud=4364 crc=4168598023
[1789104441024] [[32minfo[0m] [RasterAB] car=7 track=0 frame=24 mode=1 draw=128136 present=31433 track_us=16644 prepare=24876 raster=42396 blit=13839 player=36742 opponents=45628 upscale=20224 hud=3351 crc=4168598023
[1789104441043] [[32minfo[0m] [RasterAB] GROUP car=7 track=0 mismatches=0 stack_free=2436
[1789104441852] [[32minfo[0m] [RasterAB] car=7 track=1 frame=1 mode=0 draw=146133 present=31482 track_us=15554 prepare=24598 raster=57723 blit=19143 player=42289 opponents=59311 upscale=20198 hud=3352 crc=1021285616
[1789104441861] [[32minfo[0m] [RasterAB] car=7 track=1 frame=1 mode=1 draw=136012 present=31451 track_us=15578 prepare=24615 raster=47521 blit=19119 player=37822 opponents=53569 upscale=20200 hud=3336 crc=1021285616
[1789104442261] [[32minfo[0m] [RasterAB] car=7 track=1 frame=2 mode=0 draw=138587 present=31693 track_us=18618 prepare=24670 raster=50498 blit=15540 player=42991 opponents=47852 upscale=20205 hud=3337 crc=3281757680
[1789104442270] [[32minfo[0m] [RasterAB] car=7 track=1 frame=2 mode=1 draw=129837 present=31488 track_us=18613 prepare=24675 raster=41825 blit=15551 player=39088 opponents=43094 upscale=20194 hud=3336 crc=3281757680
[1789104442475] [[32minfo[0m] [PaintStage] rows=170 clear_us=589 fill_us=8550 copy_us=4271
[1789104442476] [[32minfo[0m] [TrackStage] project_us=5404 paint_us=14668 lines_us=14 wireframe=false
[1789104442565] [[32minfo[0m] [RaceStage] track_us=26126 cars_us=62215 upscale_us=20210 scene_width=234 surfaces=197 cars=3 track_id=1 player_car=7 submitted=3 player_us=37100 opponents_us=24694 player_native=true prepare_us=17931 raster_us=31144 blit_us=5685 candidate_rows_before=2800 candidate_rows_after=849
[1789104442641] [[32minfo[0m] [RasterAB] car=7 track=1 frame=3 mode=0 draw=134597 present=31433 track_us=26126 prepare=17931 raster=31144 blit=5685 player=37100 opponents=24694 upscale=20210 hud=3542 crc=1828909894
[1789104442649] [[32minfo[0m] [RasterAB] car=7 track=1 frame=3 mode=1 draw=105539 present=31430 track_us=19102 prepare=17968 raster=26447 blit=5662 player=33464 opponents=23709 upscale=20190 hud=3497 crc=1828909894
[1789104442788] [[32minfo[0m] [HudStage] map_us=1368 total_us=3334 map_cached=true
[1789104442885] [[32minfo[0m] [CarStage] car=0 panels=628 vertices=913 tiles=1 prepare_us=6700 raster_us=7610 blit_us=1469
[1789104443016] [[32minfo[0m] [RasterAB] car=7 track=1 frame=4 mode=0 draw=120826 present=31493 track_us=18794 prepare=24954 raster=40685 blit=6017 player=32172 opponents=39618 upscale=20199 hud=4399 crc=452104480
[1789104443024] [[32minfo[0m] [RasterAB] car=7 track=1 frame=4 mode=1 draw=115170 present=31432 track_us=18838 prepare=24963 raster=34805 blit=6092 player=29537 opponents=37600 upscale=20234 hud=3343 crc=452104480
[1789104443394] [[32minfo[0m] [RasterAB] car=7 track=1 frame=5 mode=0 draw=122849 present=31457 track_us=13960 prepare=24906 raster=45016 blit=9761 player=36009 opponents=43807 upscale=20184 hud=3361 crc=217422484
[1789104443402] [[32minfo[0m] [RasterAB] car=7 track=1 frame=5 mode=1 draw=115859 present=31481 track_us=13973 prepare=25005 raster=37826 blit=9746 player=32726 opponents=39984 upscale=20198 hud=3319 crc=217422484
[1789104443792] [[32minfo[0m] [RasterAB] car=7 track=1 frame=6 mode=0 draw=134284 present=31499 track_us=12708 prepare=25568 raster=55316 blit=11351 player=41500 opponents=50871 upscale=20191 hud=3360 crc=3773208070
[1789104443801] [[32minfo[0m] [RasterAB] car=7 track=1 frame=6 mode=1 draw=123859 present=31488 track_us=12670 prepare=24982 raster=45584 blit=11378 player=36911 opponents=45172 upscale=20173 hud=3375 crc=3773208070
[1789104444146] [[32minfo[0m] [RasterAB] car=7 track=1 frame=7 mode=0 draw=109865 present=31442 track_us=12736 prepare=17944 raster=35319 blit=7273 player=42437 opponents=25247 upscale=20413 hud=3505 crc=1822379392
[1789104444155] [[32minfo[0m] [RasterAB] car=7 track=1 frame=7 mode=1 draw=104001 present=31422 track_us=12786 prepare=17962 raster=29615 blit=7201 player=37898 opponents=23983 upscale=20202 hud=3530 crc=1822379392
[1789104444541] [[32minfo[0m] [RasterAB] car=7 track=1 frame=8 mode=0 draw=131985 present=31501 track_us=13310 prepare=24980 raster=52388 blit=11976 player=42400 opponents=47075 upscale=20203 hud=3366 crc=10656798
[1789104444549] [[32minfo[0m] [RasterAB] car=7 track=1 frame=8 mode=1 draw=122954 present=31494 track_us=13289 prepare=25038 raster=43292 blit=12097 player=38329 opponents=42239 upscale=20176 hud=3355 crc=10656798
[1789104444588] [[32minfo[0m] [PaintStage] rows=129 clear_us=445 fill_us=6429 copy_us=3564
[1789104444589] [[32minfo[0m] [TrackStage] project_us=4330 paint_us=11557 lines_us=14 wireframe=false
[1789104444708] [[32minfo[0m] [RaceStage] track_us=21979 cars_us=91933 upscale_us=20203 scene_width=234 surfaces=114 cars=3 track_id=1 player_car=7 submitted=3 player_us=43748 opponents_us=47738 player_native=true prepare_us=24872 raster_us=49607 blit_us=16876 candidate_rows_before=3360 candidate_rows_after=1520
[1789104444892] [[32minfo[0m] [CarStage] car=7 panels=1113 vertices=1446 tiles=1 prepare_us=11198 raster_us=28362 blit_us=9189
[1789104444932] [[32minfo[0m] [HudStage] map_us=1369 total_us=3347 map_cached=true
[1789104444990] [[32minfo[0m] [RasterAB] car=7 track=1 frame=9 mode=0 draw=148789 present=31466 track_us=14888 prepare=25012 raster=60551 blit=16891 player=49961 opponents=53802 upscale=20196 hud=4411 crc=1744515059
[1789104444998] [[32minfo[0m] [RasterAB] car=7 track=1 frame=9 mode=1 draw=160271 present=31416 track_us=21979 prepare=24872 raster=49607 blit=16876 player=43748 opponents=47738 upscale=20203 hud=3475 crc=1744515059
[1789104445405] [[32minfo[0m] [RasterAB] car=7 track=1 frame=10 mode=0 draw=142333 present=31470 track_us=19612 prepare=24951 raster=53380 blit=15051 player=41843 opponents=51670 upscale=20184 hud=3358 crc=3100932827
[1789104445414] [[32minfo[0m] [RasterAB] car=7 track=1 frame=10 mode=1 draw=133374 present=31439 track_us=19350 prepare=24949 raster=44695 blit=15128 player=38316 opponents=46595 upscale=20200 hud=3377 crc=3100932827
[1789104445763] [[32minfo[0m] [RasterAB] car=7 track=1 frame=11 mode=0 draw=110751 present=31444 track_us=19705 prepare=24928 raster=30121 blit=6794 player=36112 opponents=25858 upscale=20198 hud=3352 crc=4060072917
[1789104445772] [[32minfo[0m] [RasterAB] car=7 track=1 frame=11 mode=1 draw=107236 present=31445 track_us=20186 prepare=24859 raster=25997 blit=6828 player=32865 opponents=24947 upscale=20198 hud=3316 crc=4060072917
[1789104446139] [[32minfo[0m] [RasterAB] car=7 track=1 frame=12 mode=0 draw=120857 present=31492 track_us=18636 prepare=24927 raster=40834 blit=7177 player=32945 opponents=40125 upscale=20195 hud=3317 crc=2037837059
[1789104446148] [[32minfo[0m] [RasterAB] car=7 track=1 frame=12 mode=1 draw=114957 present=31500 track_us=18602 prepare=25179 raster=34803 blit=7212 player=30390 opponents=36935 upscale=20183 hud=3302 crc=2037837059
[1789104446522] [[32minfo[0m] [RasterAB] car=7 track=1 frame=13 mode=0 draw=125572 present=31426 track_us=14112 prepare=24962 raster=46891 blit=10339 player=36431 opponents=45895 upscale=20180 hud=3414 crc=3323052816
[1789104446531] [[32minfo[0m] [RasterAB] car=7 track=1 frame=13 mode=1 draw=117776 present=31469 track_us=14171 prepare=24904 raster=39136 blit=10256 player=33106 opponents=41324 upscale=20217 hud=3351 crc=3323052816
[1789104446752] [[32minfo[0m] [PaintStage] rows=169 clear_us=580 fill_us=4718 copy_us=4015
[1789104446753] [[32minfo[0m] [TrackStage] project_us=3314 paint_us=10562 lines_us=33 wireframe=false
[1789104446857] [[32minfo[0m] [RaceStage] track_us=19947 cars_us=78047 upscale_us=20185 scene_width=234 surfaces=65 cars=3 track_id=1 player_car=7 submitted=3 player_us=35504 opponents_us=42090 player_native=true prepare_us=24926 raster_us=41747 blit_us=10790 candidate_rows_before=2912 candidate_rows_after=1426
[1789104446934] [[32minfo[0m] [RasterAB] car=7 track=1 frame=14 mode=0 draw=128415 present=31448 track_us=12946 prepare=24953 raster=50456 blit=10767 player=39399 opponents=46944 upscale=20184 hud=3367 crc=2060727642
[1789104446943] [[32minfo[0m] [RasterAB] car=7 track=1 frame=14 mode=1 draw=144034 present=31434 track_us=19947 prepare=24926 raster=41747 blit=10790 player=35504 opponents=42090 upscale=20185 hud=3431 crc=2060727642
[1789104446996] [[32minfo[0m] [CarStage] car=0 panels=628 vertices=913 tiles=1 prepare_us=6809 raster_us=8450 blit_us=1650
[1789104447068] [[32minfo[0m] [HudStage] map_us=1399 total_us=3502 map_cached=true
[1789104447292] [[32minfo[0m] [RasterAB] car=7 track=1 frame=15 mode=0 draw=110956 present=31471 track_us=11955 prepare=17992 raster=38070 blit=6572 player=44520 opponents=25236 upscale=20198 hud=3489 crc=659479994
[1789104447301] [[32minfo[0m] [RasterAB] car=7 track=1 frame=15 mode=1 draw=107372 present=31467 track_us=11951 prepare=18335 raster=31752 blit=6656 player=39882 opponents=25099 upscale=20240 hud=4582 crc=659479994
[1789104447700] [[32minfo[0m] [RasterAB] car=7 track=1 frame=16 mode=0 draw=140021 present=31473 track_us=12375 prepare=24962 raster=60010 blit=13298 player=43278 opponents=55127 upscale=20196 hud=3386 crc=4232947911
[1789104447709] [[32minfo[0m] [RasterAB] car=7 track=1 frame=16 mode=1 draw=128614 present=31492 track_us=12348 prepare=24986 raster=48806 blit=13239 player=38614 opponents=48546 upscale=20191 hud=3384 crc=4232947911
[1789104448105] [[32minfo[0m] [RasterAB] car=7 track=1 frame=17 mode=0 draw=137414 present=31466 track_us=16272 prepare=24938 raster=52186 blit=14734 player=41559 opponents=50435 upscale=20194 hud=3387 crc=3516437390
[1789104448114] [[32minfo[0m] [RasterAB] car=7 track=1 frame=17 mode=1 draw=128016 present=31518 track_us=16325 prepare=24980 raster=42692 blit=14744 player=37289 opponents=45257 upscale=20190 hud=3337 crc=3516437390
[1789104448525] [[32minfo[0m] [RasterAB] car=7 track=1 frame=18 mode=0 draw=144803 present=31447 track_us=17049 prepare=24889 raster=55554 blit=17984 player=43459 opponents=55100 upscale=20177 hud=3379 crc=4248228522
[1789104448534] [[32minfo[0m] [RasterAB] car=7 track=1 frame=18 mode=1 draw=135414 present=31447 track_us=17014 prepare=24888 raster=46279 blit=17931 player=38919 opponents=50312 upscale=20193 hud=3395 crc=4248228522
[1789104448881] [[32minfo[0m] [RasterAB] car=7 track=1 frame=19 mode=0 draw=110047 present=31467 track_us=19813 prepare=17944 raster=29884 blit=6034 player=36361 opponents=24601 upscale=20232 hud=3498 crc=3686137679
[1789104448890] [[32minfo[0m] [RasterAB] car=7 track=1 frame=19 mode=1 draw=105918 present=31451 track_us=19858 prepare=17945 raster=25638 blit=6001 player=33017 opponents=23615 upscale=20227 hud=3565 crc=3686137679
[1789104448933] [[32minfo[0m] [PaintStage] rows=232 clear_us=780 fill_us=8003 copy_us=5466
[1789104448934] [[32minfo[0m] [TrackStage] project_us=4846 paint_us=15470 lines_us=14 wireframe=false
[1789104449011] [[32minfo[0m] [CarStage] car=7 panels=1113 vertices=1446 tiles=1 prepare_us=11249 raster_us=19504 blit_us=2677
[1789104449037] [[32minfo[0m] [RaceStage] track_us=26392 cars_us=76551 upscale_us=20183 scene_width=234 surfaces=144 cars=3 track_id=1 player_car=7 submitted=3 player_us=34645 opponents_us=41436 player_native=true prepare_us=25040 raster_us=42318 blit_us=7413 candidate_rows_before=3696 candidate_rows_after=1291
[1789104449230] [[32minfo[0m] [HudStage] map_us=1400 total_us=3299 map_cached=true
[1789104449287] [[32minfo[0m] [RasterAB] car=7 track=1 frame=20 mode=0 draw=149136 present=31445 track_us=26392 prepare=25040 raster=42318 blit=7413 player=34645 opponents=41436 upscale=20183 hud=3428 crc=2808417709
[1789104449295] [[32minfo[0m] [RasterAB] car=7 track=1 frame=20 mode=1 draw=117439 present=31478 track_us=19363 prepare=24883 raster=35635 blit=7334 player=30435 opponents=37554 upscale=20184 hud=4378 crc=2808417709
[1789104449671] [[32minfo[0m] [RasterAB] car=7 track=1 frame=21 mode=0 draw=126012 present=31477 track_us=13593 prepare=24959 raster=47743 blit=10456 player=37815 opponents=45479 upscale=20196 hud=3326 crc=3971000984
[1789104449680] [[32minfo[0m] [RasterAB] car=7 track=1 frame=21 mode=1 draw=118231 present=32016 track_us=13574 prepare=24981 raster=39918 blit=10494 player=34218 opponents=41308 upscale=20182 hud=3323 crc=3971000984
[1789104450070] [[32minfo[0m] [RasterAB] car=7 track=1 frame=22 mode=0 draw=133932 present=31464 track_us=14392 prepare=24932 raster=53262 blit=12058 player=39895 opponents=50491 upscale=20188 hud=3355 crc=1768418529
[1789104450079] [[32minfo[0m] [RasterAB] car=7 track=1 frame=22 mode=1 draw=124691 present=31686 track_us=14346 prepare=24978 raster=44111 blit=11999 player=35877 opponents=45340 upscale=20201 hud=3393 crc=1768418529
[1789104450424] [[32minfo[0m] [RasterAB] car=7 track=1 frame=23 mode=0 draw=109939 present=31433 track_us=13832 prepare=17967 raster=33667 blit=7625 player=41646 opponents=24705 upscale=20668 hud=3561 crc=2217023449
[1789104450433] [[32minfo[0m] [RasterAB] car=7 track=1 frame=23 mode=1 draw=104095 present=31481 track_us=13892 prepare=17934 raster=28248 blit=7631 player=37212 opponents=23722 upscale=20175 hud=3483 crc=2217023449
[1789104450850] [[32minfo[0m] [RasterAB] car=7 track=1 frame=24 mode=0 draw=148959 present=31469 track_us=13774 prepare=24913 raster=62394 blit=18039 player=48269 opponents=57207 upscale=20218 hud=3380 crc=2516303924
[1789104450859] [[32minfo[0m] [RasterAB] car=7 track=1 frame=24 mode=1 draw=136904 present=31455 track_us=13740 prepare=24912 raster=50983 blit=18029 player=42996 opponents=51064 upscale=20204 hud=3413 crc=2516303924
[1789104450878] [[32minfo[0m] [RasterAB] GROUP car=7 track=1 mismatches=0 stack_free=2436
[1789104451024] [[32minfo[0m] [CarStage] car=1 panels=661 vertices=954 tiles=1 prepare_us=6856 raster_us=17878 blit_us=7806
[1789104451103] [[32minfo[0m] [PaintStage] rows=149 clear_us=504 fill_us=6113 copy_us=3777
[1789104451104] [[32minfo[0m] [TrackStage] project_us=2472 paint_us=11608 lines_us=13 wireframe=false
[1789104451214] [[32minfo[0m] [RaceStage] track_us=20163 cars_us=83747 upscale_us=20185 scene_width=234 surfaces=120 cars=3 track_id=2 player_car=7 submitted=3 player_us=37312 opponents_us=46109 player_native=true prepare_us=24563 raster_us=41714 blit_us=17019 candidate_rows_before=8960 candidate_rows_after=1618
[1789104451234] [[32minfo[0m] [HudStage] map_us=1295 total_us=3268 map_cached=true
[1789104451655] [[32minfo[0m] [RasterAB] car=7 track=2 frame=1 mode=0 draw=128438 present=31457 track_us=12393 prepare=24479 raster=52387 blit=10300 player=38369 opponents=48910 upscale=20201 hud=3225 crc=1141049452
[1789104451664] [[32minfo[0m] [RasterAB] car=7 track=2 frame=1 mode=1 draw=119650 present=31456 track_us=12344 prepare=24613 raster=43539 blit=10242 player=34489 opponents=44024 upscale=20203 hud=3230 crc=1141049452
[1789104452046] [[32minfo[0m] [RasterAB] car=7 track=2 frame=2 mode=0 draw=130403 present=31454 track_us=12248 prepare=25001 raster=52511 blit=11725 player=42123 opponents=47235 upscale=20210 hud=3183 crc=1622801991
[1789104452055] [[32minfo[0m] [RasterAB] car=7 track=2 frame=2 mode=1 draw=120849 present=31445 track_us=12220 prepare=24927 raster=43115 blit=11780 player=37711 opponents=42240 upscale=20202 hud=3183 crc=1622801991
[1789104452403] [[32minfo[0m] [RasterAB] car=7 track=2 frame=3 mode=0 draw=112170 present=31427 track_us=10767 prepare=17973 raster=40516 blit=6924 player=46923 opponents=25594 upscale=20203 hud=3384 crc=2739287199
[1789104452412] [[32minfo[0m] [RasterAB] car=7 track=2 frame=3 mode=1 draw=105415 present=31424 track_us=10796 prepare=17990 raster=33577 blit=6933 player=41313 opponents=24290 upscale=20194 hud=3408 crc=2739287199
[1789104452836] [[32minfo[0m] [RasterAB] car=7 track=2 frame=4 mode=0 draw=152770 present=31424 track_us=24049 prepare=24965 raster=60653 blit=14034 player=43185 opponents=56595 upscale=20207 hud=3263 crc=473482900
[1789104452845] [[32minfo[0m] [RasterAB] car=7 track=2 frame=4 mode=1 draw=141125 present=31446 track_us=23576 prepare=24956 raster=49695 blit=14036 player=38490 opponents=50325 upscale=20214 hud=3233 crc=473482900
[1789104453093] [[32minfo[0m] [CarStage] car=0 panels=628 vertices=913 tiles=1 prepare_us=6725 raster_us=9137 blit_us=3046
[1789104453250] [[32minfo[0m] [RasterAB] car=7 track=2 frame=5 mode=0 draw=142414 present=31454 track_us=17267 prepare=24976 raster=52172 blit=18005 player=46459 opponents=49918 upscale=20207 hud=3203 crc=550464206
[1789104453259] [[32minfo[0m] [RasterAB] car=7 track=2 frame=5 mode=1 draw=132010 present=31472 track_us=17271 prepare=24863 raster=42915 blit=18034 player=42021 opponents=43921 upscale=20177 hud=3191 crc=550464206
[1789104453295] [[32minfo[0m] [PaintStage] rows=175 clear_us=608 fill_us=5223 copy_us=4173
[1789104453296] [[32minfo[0m] [TrackStage] project_us=2054 paint_us=11147 lines_us=11 wireframe=false
[1789104453413] [[32minfo[0m] [RaceStage] track_us=19309 cars_us=91176 upscale_us=20199 scene_width=234 surfaces=81 cars=3 track_id=2 player_car=7 submitted=3 player_us=41220 opponents_us=49647 player_native=true prepare_us=24969 raster_us=54077 blit_us=11694 candidate_rows_before=2464 candidate_rows_after=1195
[1789104453434] [[32minfo[0m] [HudStage] map_us=1306 total_us=3252 map_cached=true
[1789104453673] [[32minfo[0m] [RasterAB] car=7 track=2 frame=6 mode=0 draw=160695 present=31897 track_us=19309 prepare=24969 raster=54077 blit=11694 player=41220 opponents=49647 upscale=20199 hud=7565 crc=3052331803
[1789104453682] [[32minfo[0m] [RasterAB] car=7 track=2 frame=6 mode=1 draw=122508 present=31415 track_us=12266 prepare=24932 raster=44670 blit=11713 player=36821 opponents=44619 upscale=20175 hud=3232 crc=3052331803
[1789104454026] [[32minfo[0m] [RasterAB] car=7 track=2 frame=7 mode=0 draw=108738 present=31431 track_us=16498 prepare=17966 raster=32976 blit=5277 player=38375 opponents=25005 upscale=20221 hud=3365 crc=811681018
[1789104454034] [[32minfo[0m] [RasterAB] car=7 track=2 frame=7 mode=1 draw=103938 present=31463 track_us=16518 prepare=17981 raster=28082 blit=5225 player=34549 opponents=23907 upscale=20216 hud=3365 crc=811681018
[1789104454422] [[32minfo[0m] [RasterAB] car=7 track=2 frame=8 mode=0 draw=133418 present=31445 track_us=11540 prepare=24943 raster=56335 blit=11678 player=48827 opponents=44251 upscale=20197 hud=3207 crc=1098566155
[1789104454431] [[32minfo[0m] [RasterAB] car=7 track=2 frame=8 mode=1 draw=123112 present=31455 track_us=11518 prepare=25023 raster=46087 blit=11681 player=43074 opponents=39841 upscale=20195 hud=3185 crc=1098566155
[1789104454803] [[32minfo[0m] [RasterAB] car=7 track=2 frame=9 mode=0 draw=124811 present=31420 track_us=9922 prepare=24940 raster=52656 blit=8414 player=38284 opponents=47852 upscale=20190 hud=3242 crc=1978999510
[1789104454811] [[32minfo[0m] [RasterAB] car=7 track=2 frame=9 mode=1 draw=116427 present=31427 track_us=10265 prepare=24933 raster=43770 blit=8455 player=34367 opponents=42921 upscale=20173 hud=3232 crc=1978999510
[1789104455102] [[32minfo[0m] [CarStage] car=7 panels=1113 vertices=1446 tiles=1 prepare_us=11190 raster_us=18827 blit_us=4844
[1789104455191] [[32minfo[0m] [RasterAB] car=7 track=2 frame=10 mode=0 draw=127668 present=31433 track_us=11148 prepare=24957 raster=50216 blit=12433 player=38631 opponents=49101 upscale=20188 hud=3221 crc=2845033450
[1789104455200] [[32minfo[0m] [RasterAB] car=7 track=2 frame=10 mode=1 draw=120780 present=31463 track_us=11338 prepare=25073 raster=41838 blit=12516 player=36079 opponents=44664 upscale=20167 hud=3207 crc=2845033450
[1789104455454] [[32minfo[0m] [PaintStage] rows=140 clear_us=473 fill_us=23149 copy_us=3974
[1789104455455] [[32minfo[0m] [TrackStage] project_us=14170 paint_us=29426 lines_us=14 wireframe=false
[1789104455547] [[32minfo[0m] [RaceStage] track_us=49865 cars_us=65035 upscale_us=20209 scene_width=234 surfaces=838 cars=3 track_id=2 player_car=7 submitted=3 player_us=38992 opponents_us=25716 player_native=true prepare_us=17821 raster_us=32076 blit_us=7720 candidate_rows_before=11760 candidate_rows_after=1624
[1789104455568] [[32minfo[0m] [HudStage] map_us=1289 total_us=3402 map_cached=true
[1789104455628] [[32minfo[0m] [RasterAB] car=7 track=2 frame=11 mode=0 draw=165105 present=31478 track_us=49865 prepare=17821 raster=32076 blit=7720 player=38992 opponents=25716 upscale=20209 hud=7577 crc=904727840
[1789104455636] [[32minfo[0m] [RasterAB] car=7 track=2 frame=11 mode=1 draw=132156 present=31452 track_us=42678 prepare=17854 raster=27379 blit=7709 player=35344 opponents=24715 upscale=20666 hud=3330 crc=904727840
[1789104456035] [[32minfo[0m] [RasterAB] car=7 track=2 frame=12 mode=0 draw=138009 present=31425 track_us=24818 prepare=24862 raster=48893 blit=10504 player=36518 opponents=47866 upscale=20208 hud=3212 crc=471256646
[1789104456044] [[32minfo[0m] [RasterAB] car=7 track=2 frame=12 mode=1 draw=129869 present=31430 track_us=24768 prepare=24884 raster=40912 blit=10498 player=32945 opponents=43473 upscale=20190 hud=3215 crc=471256646
[1789104456432] [[32minfo[0m] [RasterAB] car=7 track=2 frame=13 mode=0 draw=132469 present=31419 track_us=21986 prepare=24900 raster=46721 blit=9973 player=35950 opponents=45765 upscale=20225 hud=3236 crc=962000070
[1789104456441] [[32minfo[0m] [RasterAB] car=7 track=2 frame=13 mode=1 draw=125340 present=31441 track_us=22007 prepare=24947 raster=39443 blit=9986 player=32723 opponents=41775 upscale=20224 hud=3200 crc=962000070
[1789104456822] [[32minfo[0m] [RasterAB] car=7 track=2 frame=14 mode=0 draw=129283 present=31421 track_us=18321 prepare=24860 raster=47751 blit=9450 player=36850 opponents=45332 upscale=20185 hud=3196 crc=2550266169
[1789104456831] [[32minfo[0m] [RasterAB] car=7 track=2 frame=14 mode=1 draw=121460 present=31423 track_us=18274 prepare=24882 raster=40041 blit=9429 player=33312 opponents=41161 upscale=20211 hud=3197 crc=2550266169
[1789104457161] [[32minfo[0m] [RasterAB] car=7 track=2 frame=15 mode=0 draw=102600 present=31453 track_us=11205 prepare=17930 raster=32232 blit=5314 player=37814 opponents=24722 upscale=20185 hud=3379 crc=3113048486
[1789104457170] [[32minfo[0m] [RasterAB] car=7 track=2 frame=15 mode=1 draw=97662 present=31399 track_us=11248 prepare=17932 raster=27160 blit=5288 player=34111 opponents=23296 upscale=20205 hud=3422 crc=3113048486
[1789104457222] [[32minfo[0m] [CarStage] car=0 panels=628 vertices=913 tiles=1 prepare_us=6771 raster_us=8974 blit_us=1958
[1789104457540] [[32minfo[0m] [RasterAB] car=7 track=2 frame=16 mode=0 draw=123865 present=31439 track_us=10673 prepare=24992 raster=48509 blit=9654 player=37111 opponents=47267 upscale=20220 hud=3206 crc=1494753751
[1789104457549] [[32minfo[0m] [RasterAB] car=7 track=2 frame=16 mode=1 draw=115205 present=31439 track_us=10635 prepare=25442 raster=40680 blit=9642 player=33398 opponents=42492 upscale=20199 hud=3196 crc=1494753751
[1789104457584] [[32minfo[0m] [PaintStage] rows=127 clear_us=440 fill_us=5018 copy_us=3254
[1789104457585] [[32minfo[0m] [TrackStage] project_us=2624 paint_us=9835 lines_us=10 wireframe=false
[1789104457680] [[32minfo[0m] [RaceStage] track_us=18465 cars_us=68211 upscale_us=20170 scene_width=234 surfaces=139 cars=3 track_id=2 player_car=7 submitted=3 player_us=30530 opponents_us=37364 player_native=true prepare_us=24907 raster_us=35768 blit_us=7087 candidate_rows_before=3360 candidate_rows_after=1225
[1789104457700] [[32minfo[0m] [HudStage] map_us=1279 total_us=3207 map_cached=true
[1789104457931] [[32minfo[0m] [RasterAB] car=7 track=2 frame=17 mode=0 draw=114402 present=31481 track_us=11542 prepare=24865 raster=42136 blit=7089 player=33503 opponents=40710 upscale=20167 hud=3138 crc=1642949082
[1789104457940] [[32minfo[0m] [RasterAB] car=7 track=2 frame=17 mode=1 draw=136898 present=31483 track_us=18465 prepare=24907 raster=35768 blit=7087 player=30530 opponents=37364 upscale=20170 hud=7580 crc=1642949082
[1789104458295] [[32minfo[0m] [RasterAB] car=7 track=2 frame=18 mode=0 draw=115460 present=31433 track_us=11593 prepare=24944 raster=41503 blit=8542 player=33895 opponents=41219 upscale=20166 hud=3197 crc=2350173208
[1789104458304] [[32minfo[0m] [RasterAB] car=7 track=2 frame=18 mode=1 draw=108815 present=31465 track_us=11605 prepare=24950 raster=35014 blit=8484 player=30739 opponents=37833 upscale=20174 hud=3187 crc=2350173208
[1789104458702] [[32minfo[0m] [RasterAB] car=7 track=2 frame=19 mode=0 draw=138767 present=31473 track_us=12580 prepare=24954 raster=63813 blit=8636 player=33559 opponents=63970 upscale=20179 hud=3144 crc=28510749
[1789104458710] [[32minfo[0m] [RasterAB] car=7 track=2 frame=19 mode=1 draw=127661 present=31954 track_us=12569 prepare=24951 raster=52594 blit=8684 player=30745 opponents=55607 upscale=20170 hud=3150 crc=28510749
[1789104459091] [[32minfo[0m] [RasterAB] car=7 track=2 frame=20 mode=0 draw=128649 present=31427 track_us=19413 prepare=24869 raster=46211 blit=9248 player=36706 opponents=43749 upscale=20197 hud=3199 crc=2583772267
[1789104459100] [[32minfo[0m] [RasterAB] car=7 track=2 frame=20 mode=1 draw=121282 present=31481 track_us=19372 prepare=24877 raster=38749 blit=9499 player=33275 opponents=39975 upscale=20181 hud=3176 crc=2583772267
[1789104459232] [[32minfo[0m] [CarStage] car=1 panels=661 vertices=954 tiles=1 prepare_us=6943 raster_us=14790 blit_us=3071
[1789104459475] [[32minfo[0m] [RasterAB] car=7 track=2 frame=21 mode=0 draw=125307 present=31446 track_us=13450 prepare=24889 raster=50574 blit=7559 player=36988 opponents=46157 upscale=20189 hud=3225 crc=1037757201
[1789104459484] [[32minfo[0m] [RasterAB] car=7 track=2 frame=21 mode=1 draw=118282 present=31404 track_us=13492 prepare=24882 raster=42249 blit=7534 player=33257 opponents=42636 upscale=20191 hud=3312 crc=1037757201
[1789104459746] [[32minfo[0m] [PaintStage] rows=232 clear_us=795 fill_us=16574 copy_us=5302
[1789104459747] [[32minfo[0m] [TrackStage] project_us=10077 paint_us=24181 lines_us=12 wireframe=false
[1789104459853] [[32minfo[0m] [RaceStage] track_us=40519 cars_us=79315 upscale_us=20219 scene_width=234 surfaces=540 cars=3 track_id=2 player_car=7 submitted=3 player_us=34592 opponents_us=44396 player_native=true prepare_us=24877 raster_us=42019 blit_us=11943 candidate_rows_before=2688 candidate_rows_after=1235
[1789104459873] [[32minfo[0m] [HudStage] map_us=1312 total_us=3251 map_cached=true
[1789104459934] [[32minfo[0m] [RasterAB] car=7 track=2 frame=22 mode=0 draw=149489 present=31444 track_us=33267 prepare=24894 raster=50389 blit=11979 player=38335 opponents=49055 upscale=20206 hud=3188 crc=2212250592
[1789104459942] [[32minfo[0m] [RasterAB] car=7 track=2 frame=22 mode=1 draw=170015 present=31420 track_us=40519 prepare=24877 raster=42019 blit=11943 player=34592 opponents=44396 upscale=20219 hud=7583 crc=2212250592
[1789104460297] [[32minfo[0m] [RasterAB] car=7 track=2 frame=23 mode=0 draw=114180 present=31440 track_us=21153 prepare=17937 raster=33047 blit=6148 player=39530 opponents=24664 upscale=20214 hud=3340 crc=3703209389
[1789104460306] [[32minfo[0m] [RasterAB] car=7 track=2 frame=23 mode=1 draw=109588 present=31426 track_us=21152 prepare=18186 raster=28006 blit=6156 player=35799 opponents=23658 upscale=20208 hud=3367 crc=3703209389
[1789104460697] [[32minfo[0m] [RasterAB] car=7 track=2 frame=24 mode=0 draw=134095 present=31976 track_us=13078 prepare=24980 raster=49962 blit=17013 player=41217 opponents=50867 upscale=20197 hud=3249 crc=89389909
[1789104460706] [[32minfo[0m] [RasterAB] car=7 track=2 frame=24 mode=1 draw=125735 present=31462 track_us=13083 prepare=24933 raster=41722 blit=17076 player=37526 opponents=46333 upscale=20180 hud=3207 crc=89389909
[1789104460724] [[32minfo[0m] [RasterAB] GROUP car=7 track=2 mismatches=0 stack_free=2436
[1789104460733] [[32minfo[0m] [RasterAB] END mismatches=0 internal=84139 psram=5493908 stack_free=2436
