car,track,frame,mode,draw,present,track_us,prepare,raster,blit,player,opponents,upscale,hud,crc,total
0,0,1,0,121883,31473,13835,22962,47757,8370,33039,46179,20193,3226,1749195405,153356
0,0,1,1,114598,31426,13850,22941,40387,8388,30115,41739,20214,3277,1749195405,146024
0,0,2,0,124990,31466,12470,22938,49392,11070,35795,47734,20200,3278,1773045862,156456
0,0,2,1,116741,31461,12507,22885,41186,11048,32348,42905,20190,3292,1773045862,148202
0,0,3,0,99459,31437,11185,16773,29094,7205,34162,25144,20176,3383,1841761430,130896
0,0,3,1,95371,31464,11222,16805,24892,7176,31130,23939,20178,3395,1841761430,126835
0,0,4,0,123889,31439,15565,23317,46760,9077,33405,45881,20197,3315,149519075,155328
0,0,4,1,116567,31433,15532,23444,39231,9306,30467,41675,20194,3289,149519075,148000
0,0,5,0,154686,31478,21329,23408,47733,10202,35287,47297,20229,7546,4084997255,186164
0,0,5,1,117257,31468,14302,23461,40155,10219,32185,41785,20177,3256,4084997255,148725
0,0,6,0,119174,31475,14083,23333,45158,7479,32010,44093,20193,3280,456129351,150649
0,0,6,1,111928,31467,14041,23387,37965,7490,29181,39794,20214,3269,456129351,143395
0,0,7,0,99690,31407,13143,17051,29016,5004,32776,24634,20206,3505,379590024,131097
0,0,7,1,95665,31704,13142,17067,24973,4942,29765,23596,20209,3419,379590024,127369
0,0,8,0,128745,31466,12518,23281,48298,15055,38721,48047,20192,3319,1620436820,160211
0,0,8,1,120043,31482,12443,23326,40225,15042,35349,43379,20171,3281,1620436820,151525
0,0,9,0,134458,31472,26925,23324,47018,8128,32937,45669,20205,3289,2235788088,165930
0,0,9,1,126708,31484,26964,23276,39148,8148,29833,40874,20191,3320,2235788088,158192
0,0,10,0,133778,31454,25067,23357,47553,8617,33248,46414,20215,3305,1279954378,165232
0,0,10,1,127401,31415,25082,23272,40066,8614,30154,43031,20192,3423,1279954378,158816
0,0,11,0,110728,31453,21857,17026,30463,5869,35318,24444,20193,3427,2354601914,142181
0,0,11,1,135000,31466,28844,17015,26147,5881,32053,23375,20194,7593,2354601914,166466
0,0,12,0,128365,31470,17318,23388,48530,9946,34700,47302,20193,3300,1641324227,159835
0,0,12,1,121112,31467,18006,23334,40693,9962,31554,42555,20205,3301,1641324227,152579
0,0,13,0,125208,31483,14208,23403,48678,9856,34224,47856,20208,3299,2158543850,156691
0,0,13,1,118222,31463,14242,23398,41065,9833,31186,43245,20206,3321,2158543850,149685
0,0,14,0,123886,31498,12650,23361,48362,10391,35326,46924,20195,3273,1710952629,155384
0,0,14,1,115723,31457,12618,23370,40302,10353,32167,42013,20196,3312,1710952629,147180
0,0,15,0,105697,31448,11700,17101,34401,6994,40101,24836,20178,3403,39776378,137145
0,0,15,1,100351,31427,11730,17125,28696,6953,35589,23576,20415,3492,39776378,131778
0,0,16,0,135212,31437,14355,23534,53123,13807,38416,53278,20230,3364,184100309,166649
0,0,16,1,153492,31428,21439,23366,44126,13765,34563,46819,20201,7573,184100309,184920
0,0,17,0,129442,31419,14792,23387,50660,11502,37190,48494,20197,3350,3499966158,160861
0,0,17,1,120439,31484,14840,23369,41888,11220,33501,43108,20201,3284,3499966158,151923
0,0,18,0,132631,31482,13452,23378,54610,12040,38559,51604,20193,3291,11938449,164113
0,0,18,1,122726,31511,13414,23304,44961,11971,34234,46135,20189,3311,11938449,154237
0,0,19,0,104838,31417,13291,17101,31634,7311,37276,25124,20204,3493,1070625149,136255
0,0,19,1,100294,31468,13312,17076,27052,7290,33808,23933,20209,3467,1070625149,131762
0,0,20,0,126338,31700,11182,23311,50680,11999,37608,48515,20179,3313,1387997277,158038
0,0,20,1,117268,31468,11144,23377,41620,12063,34040,43158,20171,3284,1387997277,148736
0,0,21,0,143578,31460,23521,23323,53525,14183,39674,51489,20172,3297,1810270215,175038
0,0,21,1,136060,31442,23542,23413,44519,14216,36894,46542,20195,3298,1810270215,167502
0,0,22,0,175698,31450,30983,23294,50016,20353,39560,54230,20212,7566,3300030963,207148
0,0,22,1,139424,31494,23906,23373,41946,21012,36960,49506,20219,3316,3300030963,170918
0,0,23,0,109859,31433,20944,16950,30013,6471,35135,24723,20194,3420,2386263896,141292
0,0,23,1,106457,31439,20963,17004,26327,6524,32551,23728,20217,3449,2386263896,137896
0,0,24,0,131472,31417,16646,23333,48777,13426,36650,49040,20199,3373,425007779,162889
0,0,24,1,123452,31504,16603,23347,40951,13451,33478,44403,20204,3317,425007779,154956
0,1,1,0,142435,31463,15556,23018,55955,18829,38682,59259,20194,3297,3900201168,173898
0,1,1,1,134114,31458,15561,23183,46298,18839,35941,53654,20193,3304,3900201168,165572
0,1,2,0,163946,31431,25642,23159,48870,15167,39156,48167,20200,7577,693435889,195377
0,1,2,1,126998,31452,18627,23206,40808,15150,36129,43206,20188,3295,693435889,158450
0,1,3,0,106747,31422,19050,17064,29361,5593,33754,24742,20214,3482,2994330813,138169
0,1,3,1,103286,31414,19077,17181,25583,5675,31216,23657,20206,3544,2994330813,134700
0,1,4,0,116330,31474,18826,23425,38757,6028,29024,39323,20195,3315,1138780727,147804
0,1,4,1,110729,31451,18779,23494,33227,5998,26667,36185,20208,3382,1138780727,142180
0,1,5,0,119437,31445,13970,23543,43190,9549,32534,43886,20190,3315,426927699,150882
0,1,5,1,112742,31466,13978,23478,36481,9505,29796,39800,20192,3323,426927699,144208
0,1,6,0,130172,31461,12684,23507,53417,11221,37896,50383,20173,3378,2191463411,161633
0,1,6,1,122218,31467,12692,23562,44358,11220,34166,46237,20219,3359,2191463411,153685
0,1,7,0,134150,31434,19827,17081,33181,7137,38709,25121,20195,7584,2378190046,165584
0,1,7,1,100944,31419,12751,17148,28139,7120,34912,23894,20192,3553,2378190046,132363
0,1,8,0,130172,31461,13591,23474,51958,11797,38657,48703,20176,3364,1105329341,161633
0,1,8,1,121411,31463,13310,23871,42758,11773,35382,43173,20678,3345,1105329341,152874
0,1,9,0,142675,31476,14912,23511,58602,16431,44997,53685,20196,3367,3799474637,174151
0,1,9,1,132598,31469,14897,23566,48315,16447,40648,47813,20192,3387,3799474637,164067
0,1,10,0,138473,31498,19371,23533,51512,14738,38332,51588,20204,3347,493810058,169971
0,1,10,1,130002,31427,19571,23437,42934,14841,34873,46471,20183,3355,493810058,161429
0,1,11,0,108444,31436,19714,23532,28097,6735,33832,25828,20212,3335,1628614436,139880
0,1,11,1,104191,31447,20182,23412,24426,6722,29933,24759,20199,3386,1628614436,135638
0,1,12,0,117418,31483,18630,23441,38960,7104,29664,39981,20198,3328,2506995509,148901
0,1,12,1,111616,31471,18623,23402,33312,7111,27316,36638,20198,3318,2506995509,143087
0,1,13,0,122085,31489,14141,23996,44635,10058,33101,45722,20181,3347,1811618199,153574
0,1,13,1,143668,31446,21186,23484,37946,10097,30512,41146,20197,7580,1811618199,175114
0,1,14,0,125096,31488,12929,23488,48870,10532,35755,47279,20194,3362,2078776065,156584
0,1,14,1,116545,31452,12890,23523,40418,10528,32442,42192,20197,3349,2078776065,147997
0,1,15,0,107080,31482,11920,17118,35944,6473,40917,25069,20196,3489,3234720613,138562
0,1,15,1,101676,31466,11946,17163,30312,6453,36536,23872,20221,3496,3234720613,133142
0,1,16,0,135825,31955,12385,23461,57610,13022,39604,54625,20180,3404,111381576,167780
0,1,16,1,125762,31470,12354,23554,47500,13021,35573,48631,20176,3408,111381576,157232
0,1,17,0,134951,31468,16312,23396,51578,14476,37894,51702,20183,3330,1810142303,166419
0,1,17,1,127252,31466,16309,23485,42456,14485,34415,47245,20240,3371,1810142303,158718
0,1,18,0,141121,31739,17069,23433,53638,17660,39846,55015,20193,3352,2573386823,172860
0,1,18,1,160692,31602,24132,23467,44453,17707,35976,49779,20195,7574,2573386823,192294
0,1,19,0,106593,31441,19816,17139,28024,5902,32955,24571,20230,3499,84341912,138034
0,1,19,1,102963,31434,19840,17192,24196,5935,30110,23594,20211,3566,84341912,134397
0,1,20,0,119617,31465,19384,23440,40266,7224,30326,40738,20184,3345,1617570956,151082
0,1,20,1,113368,31472,19374,23409,34254,7154,27686,37266,20188,3328,1617570956,144840
0,1,21,0,123236,31465,13521,24023,45787,10428,34717,45663,20466,3315,1793532867,154701
0,1,21,1,115181,31488,13576,23488,38472,10361,31452,41001,20219,3313,1793532867,146669
0,1,22,0,131567,31396,14364,23508,51301,11817,36396,51482,20182,3491,432370343,162963
0,1,22,1,121641,31481,14360,23501,42758,11788,32921,45256,20211,3367,432370343,153122
0,1,23,0,105925,31447,13813,17151,31540,7439,37907,24726,20431,3493,2035647717,137372
0,1,23,1,100994,31436,13855,17153,26758,7427,34164,23593,20192,3551,2035647717,132430
0,1,24,0,173924,31457,20817,23521,60867,17665,44880,57311,20219,7583,1911769815,205381
0,1,24,1,133936,31474,13764,23522,49699,17613,39857,51109,20200,3412,1911769815,165410
0,2,1,0,125450,31440,12326,23095,51094,10122,35429,49002,20207,3187,3204803875,156890
0,2,1,1,116916,31435,12306,23112,42269,10087,31642,43948,20446,3225,3204803875,148351
0,2,2,0,128063,31453,12233,23464,51987,11469,38336,48709,20208,3181,3170726287,159516
0,2,2,1,119953,31417,12205,23516,42774,11460,34791,44207,20233,3226,3170726287,151370
0,2,3,0,108277,31661,10765,17162,38201,6808,43116,25535,20177,3405,3887432598,139938
0,2,3,1,102358,31459,10795,17089,32176,6775,38339,24231,20199,3378,3887432598,133817
0,2,4,0,149017,31432,23598,23458,59190,13751,39446,57081,20221,3246,1080205683,180449
0,2,4,1,167079,31458,30769,23442,48475,13739,35417,50373,20223,7580,1080205683,198537
0,2,5,0,138372,31418,17240,23380,51181,17750,42434,50000,20197,3182,308317125,169790
0,2,5,1,129575,31458,17304,23454,42178,17741,38921,44585,20176,3218,308317125,161033
0,2,6,0,128575,31445,12238,23467,52159,11548,37728,49572,20416,3214,576006811,160020
0,2,6,1,119789,31435,12215,23456,43371,11887,34233,44614,20192,3226,576006811,151224
0,2,7,0,106447,31394,16494,17155,30936,5203,36028,24986,20198,3446,2761219237,137841
0,2,7,1,100984,31425,16523,17158,26620,5159,31629,23809,20226,3391,2761219237,132409
0,2,8,0,131606,31449,11566,23469,56262,11442,44869,46431,20190,3168,2138228172,163055
0,2,8,1,121547,31682,11507,23557,46259,11417,40023,41336,20176,3219,2138228172,153229
0,2,9,0,121461,31439,9951,23464,50821,8284,34739,47956,20184,3220,1632165132,152900
0,2,9,1,113120,31834,9954,23400,42529,8275,31435,42897,20184,3235,1632165132,144954
0,2,10,0,152827,31452,18164,23510,48290,12194,35137,48990,20179,7592,3297242526,184279
0,2,10,1,116158,31443,11118,23562,40459,12157,31941,44363,20191,3195,3297242526,147601
0,2,11,0,132658,31454,42649,16978,30082,7619,35455,25681,20202,3340,3354579437,164112
0,2,11,1,128632,31657,42656,17014,25902,7619,32342,24621,20208,3377,3354579437,160289
0,2,12,0,134458,31437,24791,23340,47063,10363,33055,47842,20204,3185,405764629,165895
0,2,12,1,126869,31452,24759,23394,39574,10366,30113,43343,20183,3193,405764629,158321
0,2,13,0,128985,31462,22002,23435,44935,9796,32489,45801,20217,3201,2839723539,160447
0,2,13,1,123643,31446,22023,23515,38230,9821,29949,42831,20264,3190,2839723539,155089
0,2,14,0,125894,31455,18326,23423,46032,9226,33414,45395,20202,3193,1194474800,157349
0,2,14,1,118555,31440,18277,23464,38658,9258,30450,41058,20205,3179,1194474800,149995
0,2,15,0,127244,31457,18277,17068,29926,5179,34238,24362,20181,7598,3198141426,158701
0,2,15,1,94602,31437,11221,17171,25606,5227,31171,23215,20191,3404,3198141426,126039
0,2,16,0,119019,31460,10669,23512,46534,9405,33413,46166,20183,3209,3706496471,150479
0,2,16,1,111894,31451,10626,23550,39509,9446,30515,42118,20176,3178,3706496471,143345
0,2,17,0,110894,31416,11492,23496,40158,6953,30158,40577,20179,3188,1072123489,142310
0,2,17,1,105659,31440,11522,24034,34274,6984,28286,37133,20159,3165,1072123489,137099
0,2,18,0,111597,31465,11627,23438,39315,8364,30496,40751,20174,3167,284169534,143062
0,2,18,1,106934,31438,11584,23513,33550,8382,28212,38475,20216,3171,284169534,138372
0,2,19,0,144309,31977,12521,23526,71008,8548,30262,72949,20173,3131,19166580,176286
0,2,19,1,132144,31457,12575,23492,58674,8558,27902,62947,20197,3135,19166580,163601
0,2,20,0,125176,31458,19406,23486,44381,9012,33170,43836,20206,3157,1091600227,156634
0,2,20,1,117901,31464,19365,23452,37317,9004,30273,39637,20194,3171,1091600227,149365
0,2,21,0,122136,31440,13505,23420,48650,7444,33427,46213,20192,3446,931401181,153576
0,2,21,1,142826,31477,20515,23506,40768,7439,30296,41549,20179,7580,931401181,174303
0,2,22,0,146278,31848,33273,23386,48479,12156,34903,49251,20219,3226,2721568436,178126
0,2,22,1,137963,31437,33273,23434,40620,11714,31716,44189,20220,3201,2721568436,169400
0,2,23,0,111838,31450,21133,17032,31020,6054,37098,24695,20216,3342,257712578,143288
0,2,23,1,106278,31429,21164,17111,26541,6054,32579,23561,20224,3356,257712578,137707
0,2,24,0,130535,31655,13071,23486,48132,16772,37594,50929,20200,3284,3903545531,162190
0,2,24,1,122680,31453,13051,23572,40307,16827,34503,46331,20179,3242,3903545531,154133
1,0,1,0,128969,31482,13894,24721,52393,8918,33691,52474,20225,3256,2061583734,160451
1,0,1,1,148640,31468,20945,24682,43681,8792,30452,46831,20185,7573,2061583734,180108
1,0,2,0,132871,31479,12485,24666,55221,11327,36218,55131,20196,3294,3544617217,164350
1,0,2,1,122520,31444,12473,24679,44986,11356,32757,48410,20177,3280,3544617217,153964
1,0,3,0,100902,31400,11188,16423,28720,7235,34568,26157,20181,3385,4188290759,132302
1,0,3,1,96745,31430,11217,16446,24462,7180,31431,25005,20186,3418,4188290759,128175
1,0,4,0,131250,31724,15555,25171,50696,9499,34030,52580,20224,3310,1372475461,162974
1,0,4,1,121416,31466,15555,25139,42110,9552,30615,46325,20195,3286,1372475461,152882
1,0,5,0,131737,31485,14283,25080,52874,10422,35579,52936,20178,3312,3643129992,163222
1,0,5,1,122522,31444,14316,25112,43458,10432,32165,46969,20174,3336,3643129992,153966
1,0,6,0,125700,31481,14095,25099,49658,7695,32298,50287,20189,3306,2157633466,157181
1,0,6,1,145791,31441,21128,25020,41337,7671,29462,44697,20188,7584,2157633466,177232
1,0,7,0,101613,31411,13096,17248,28649,5022,33278,26159,20178,3448,3475122805,133024
1,0,7,1,97053,31423,13163,16661,24562,4981,30102,24603,20199,3467,3475122805,128476
1,0,8,0,135553,31461,12485,25109,53438,15391,39339,54734,20176,3300,980698291,167014
1,0,8,1,125808,31486,12470,25072,43835,15369,35847,48562,20198,3309,980698291,157294
1,0,9,0,141842,31464,27182,25147,52116,8351,33272,52480,20200,3278,2120688344,173306
1,0,9,1,133544,31474,26956,25033,42851,8361,30114,47397,20204,3354,2120688344,165018
1,0,10,0,141131,31466,25632,25098,52126,8949,33751,52554,20196,3330,873709730,172597
1,0,10,1,131440,31478,25049,25089,43283,8974,30557,46922,20199,3279,873709730,162918
1,0,11,0,111980,31452,21790,16685,30050,5953,35758,25443,20176,3400,1145149351,143432
1,0,11,1,107790,31435,21813,16710,25715,5887,32391,24439,20193,3422,1145149351,139225
1,0,12,0,164070,31422,24356,25105,53438,10305,35115,53865,20190,7583,4284885536,195492
1,0,12,1,126585,31475,17308,25122,44661,10345,32056,48214,20207,3281,4284885536,158060
1,0,13,0,132017,31480,14193,25201,53339,10189,34634,54240,20200,3308,2561242031,163497
1,0,13,1,123249,31477,14225,25168,44500,10188,31528,48460,20217,3302,2561242031,154726
1,0,14,0,132698,31451,12684,25111,54005,10594,35675,55265,20171,3371,1041451617,164149
1,0,14,1,122179,31447,12899,25084,44540,10610,32483,47889,20192,3285,1041451617,153626
1,0,15,0,106639,31440,11697,16737,33596,7063,40079,25800,20188,3452,1761276130,138079
1,0,15,1,102126,31451,11719,16803,28336,7027,36060,24651,20691,3455,1761276130,133577
1,0,16,0,141531,31453,14346,25213,58538,14261,38723,59420,20179,3311,2855537100,172984
1,0,16,1,130869,31458,14355,25129,48056,14276,34967,52628,20177,3306,2855537100,162327
1,0,17,0,165885,31461,21892,25161,56476,11564,37879,55459,20194,7554,763129684,197346
1,0,17,1,127015,31475,14828,25166,46090,11494,33924,48962,20445,3301,763129684,158490
1,0,18,0,139544,31454,13466,25087,59385,12426,38490,58545,20173,3342,1755425831,170998
1,0,18,1,128659,31488,13400,25164,48578,12446,34630,51691,20195,3304,1755425831,160147
1,0,19,0,107880,31419,13293,16815,31372,7381,37931,27294,20464,3408,26811952,139299
1,0,19,1,101709,31453,13320,16735,26641,7305,34162,25032,20203,3443,26811952,133162
1,0,20,0,134228,31443,11158,25123,56077,12672,38451,55563,20179,3320,622481537,165671
1,0,20,1,123399,31449,11136,25138,45800,12232,34368,48933,20177,3333,622481537,154848
1,0,21,0,150851,31447,23525,25032,58364,14833,40191,58169,20172,3343,2118962787,182298
1,0,21,1,140461,31483,23531,25086,47799,14845,36161,51700,20203,3291,2118962787,171944
1,0,22,0,154801,31444,24142,25134,54937,21300,40067,61434,20211,3341,895291273,186245
1,0,22,1,174649,31452,31036,25114,46242,21307,36849,55953,20218,7576,895291273,206101
1,0,23,0,111210,31490,20921,16679,29521,6497,35571,25628,20198,3433,1071520553,142700
1,0,23,1,107172,31433,20953,16618,25378,6527,32373,24590,20206,3496,1071520553,138605
1,0,24,0,138753,31473,16640,25079,53804,14021,37064,55976,20202,3335,1156298320,170226
1,0,24,1,130857,31494,16642,25149,44475,14059,34031,50875,20224,3335,1156298320,162351
1,1,1,0,150653,31691,15565,24810,61427,19747,39089,67031,20190,3333,1444525588,182344
1,1,1,1,139495,31457,15551,24820,50310,19689,35174,59780,20196,3337,1444525588,170952
1,1,2,0,142807,31925,18638,24951,54616,15304,39612,55389,20196,3364,2567757501,174732
1,1,2,1,161834,31484,25698,24930,44799,15377,36244,48992,20185,7571,2567757501,193318
1,1,3,0,108147,31453,19061,16757,29032,5589,34279,25679,20202,3474,996628663,139600
1,1,3,1,103999,31470,19098,16780,24768,5587,31075,24626,20195,3453,996628663,135469
1,1,4,0,121602,31730,18820,25238,42113,6133,29451,44165,20210,3332,1936400239,153332
1,1,4,1,116698,31472,18804,25244,35998,6231,27193,41513,20247,3363,1936400239,148170
1,1,5,0,126373,31475,13977,25229,48414,9572,32959,50390,20202,3322,2451456550,157848
1,1,5,1,118326,31460,14012,25205,40195,9588,30169,44951,20177,3380,2451456550,149786
1,1,6,0,137509,31477,12688,25237,58479,11781,38428,57204,20191,3346,887917285,168986
1,1,6,1,126788,31479,12691,25234,47895,11748,34460,50554,20172,3367,887917285,158267
1,1,7,0,107832,31460,12716,16819,32835,7193,39286,26151,20642,3479,1139949161,139292
1,1,7,1,102287,31435,12767,16807,27707,7158,35272,24897,20202,3543,1139949161,133722
1,1,8,0,166119,31490,20405,25266,57436,11998,39025,55808,20192,7573,1295025074,197609
1,1,8,1,126548,31482,13351,25207,46780,11993,35150,48962,20172,3334,1295025074,158030
1,1,9,0,152141,31472,14900,25309,64321,17167,46779,61316,20185,3390,3780402565,183613
1,1,9,1,138966,31471,14926,25205,52373,17121,41155,53680,20189,3381,3780402565,170437
1,1,10,0,145716,31487,19373,25215,56612,15159,38700,58420,20195,3373,1398233194,177203
1,1,10,1,135632,31465,19357,25165,46664,15176,35212,51924,20179,3403,1398233194,167097
1,1,11,0,108814,31455,19703,25105,28125,6696,33187,26872,20200,3300,1033913548,140269
1,1,11,1,105302,31429,19729,25184,24381,6655,30300,26046,20223,3342,1033913548,136731
1,1,12,0,123438,31458,18663,25197,42995,7245,30087,45493,20180,3354,1257169536,154896
1,1,12,1,117169,31470,18634,25219,36338,7250,27767,41179,20701,3323,1257169536,148639
1,1,13,0,128072,31458,14143,25230,49124,10298,33581,51201,20190,3375,2716982440,159530
1,1,13,1,148683,31463,21215,25261,40906,10345,30665,45979,20199,7577,2716982440,180146
1,1,14,0,132844,31471,12899,25273,54642,10744,36144,54650,20197,3342,3357671780,164315
1,1,14,1,124045,31449,12924,25171,44776,10817,32784,49222,20173,3411,3357671780,155494
1,1,15,0,108756,31440,11935,16796,35728,6521,41439,26182,20216,3522,1084655116,140196
1,1,15,1,103689,31448,11940,16892,30421,6533,37057,25376,20231,3505,1084655116,135137
1,1,16,0,143823,31505,12398,25234,63354,13488,40026,62180,20190,3408,1771139936,175328
1,1,16,1,131932,31488,12357,25223,51680,13465,35951,54546,20178,3368,1771139936,163420
1,1,17,0,142947,31455,16299,25228,57397,14793,38776,58782,20169,3384,350063771,174402
1,1,17,1,132401,31462,16333,25516,46494,14747,34533,52359,20213,3336,350063771,163863
1,1,18,0,150047,31482,17054,25208,58745,18689,40414,62360,20173,4386,834704373,181529
1,1,18,1,162907,31439,24114,25165,48031,18737,36445,55617,20189,3442,834704373,194346
1,1,19,0,108101,31430,19812,16824,27660,5956,33426,25590,20206,3502,532216354,139531
1,1,19,1,104300,31440,19837,16804,23794,5951,30475,24577,20226,3554,532216354,135740
1,1,20,0,127422,31464,19401,25343,44448,7346,30996,47356,20702,3329,3405262131,158886
1,1,20,1,118312,31490,19359,25204,37184,7363,28134,41749,20201,3332,3405262131,149802
1,1,21,0,128884,31427,13543,25212,50074,10814,35151,51084,20176,3391,892185736,160311
1,1,21,1,120487,31485,13545,25260,41558,10810,31929,45839,20196,3320,892185736,151972
1,1,22,0,137967,31469,14404,25362,56671,12170,36852,57484,20199,3391,3627949931,169436
1,1,22,1,128346,31454,14338,25293,47259,12207,34066,50831,20187,3368,3627949931,159800
1,1,23,0,107872,31481,13823,16778,30971,7470,38132,25668,20176,4535,341525363,139353
1,1,23,1,102182,31432,13879,16769,26230,7456,34418,24543,20192,3543,341525363,133614
1,1,24,0,177781,31435,20823,25217,66309,18542,45042,65159,20206,3477,1320059617,209216
1,1,24,1,140941,31441,13756,25203,53942,18551,40415,57414,20455,3395,1320059617,172382
1,2,1,0,131950,31426,12325,24878,55544,10377,35305,55608,20211,3228,2152178819,163376
1,2,1,1,122382,31459,12343,24815,46008,10381,31902,49418,20198,3219,2152178819,153841
1,2,2,0,135723,31440,12250,25267,57584,11699,38729,55954,20193,3191,3747025231,167163
1,2,2,1,125385,31458,12218,25312,47403,11692,35482,49053,20181,3159,3747025231,156843
1,2,3,0,111017,31456,10771,16817,37965,6848,43623,26739,20186,4411,2002738606,142473
1,2,3,1,103852,31439,10790,16809,31705,6857,38714,25361,20197,3384,2002738606,135291
1,2,4,0,181380,31438,30771,25229,64523,14212,39813,64283,20237,3301,2049496915,212818
1,2,4,1,144843,31439,23552,25511,52657,14245,35798,56740,20237,3223,2049496915,176282
1,2,5,0,145761,31445,17277,25189,56529,17977,42819,57000,20176,3216,2179406149,177206
1,2,5,1,137486,31437,17304,25235,46344,17999,39315,51489,20680,3263,2179406149,168923
1,2,6,0,135470,31451,12256,25203,57052,12029,38208,56218,20195,3211,2601402572,166921
1,2,6,1,125012,31436,12223,25141,46741,12092,34324,49773,20175,3213,2601402572,156448
1,2,7,0,106833,31434,16510,16731,30972,5168,35555,25920,20210,3338,1833052137,138267
1,2,7,1,102175,31413,16531,16759,26184,5178,31896,24761,20238,3357,1833052137,133588
1,2,8,0,138903,31445,11553,25223,61584,11618,45098,53455,20206,3221,3368751079,170348
1,2,8,1,128540,31470,11528,25242,50284,11634,40174,47112,20195,4236,3368751079,160010
1,2,9,0,128624,31430,9921,25310,55958,8600,35142,54852,20195,3231,4044561984,160054
1,2,9,1,142996,31428,16890,25271,46033,8571,31736,48272,20168,3299,4044561984,174424
1,2,10,0,132165,31474,11113,25648,53375,12624,36122,55657,20643,3195,3163462299,163639
1,2,10,1,123109,31459,11113,25243,44178,12633,32536,50771,20199,3203,3163462299,154568
1,2,11,0,134002,31419,42625,16615,29626,7676,35864,26582,20218,3381,642905731,165421
1,2,11,1,129960,31413,42629,16634,25485,7686,32673,25660,20197,3399,642905731,161373
1,2,12,0,141573,31435,25004,25167,51722,10700,33478,54236,20192,3212,1657552116,173008
1,2,12,1,132913,31464,24774,25661,42955,10715,31000,48460,20211,3172,1657552116,164377
1,2,13,0,136250,31485,21988,25114,49175,10076,32832,51653,20221,4279,1784398930,167735
1,2,13,1,127465,31443,22029,25214,41283,9993,30071,46545,20213,3212,1784398930,158908
1,2,14,0,157686,31413,25346,25165,51252,9487,33856,52179,20180,3288,2609901188,189099
1,2,14,1,124210,31482,18272,25193,42509,9382,30782,46423,20196,3181,2609901188,155692
1,2,15,0,101405,31420,11212,16858,29583,5237,34826,26484,20197,3356,1566528923,132825
1,2,15,1,96585,31394,11245,16799,25735,5235,31567,24755,20206,3390,1566528923,127979
1,2,16,0,125712,31468,10660,25264,51176,9728,33941,52351,20199,3199,2335818029,157180
1,2,16,1,116964,31478,10629,25274,42599,9683,30904,46780,20183,3211,2335818029,148442
1,2,17,0,117532,31887,11485,25262,44970,7061,30573,46846,20174,3162,825771662,149419
1,2,17,1,110643,31428,11523,25532,37702,7040,28338,42065,20183,3168,825771662,142071
1,2,18,0,117309,31424,11608,25230,42915,8669,31071,45867,20182,3192,87955950,148733
1,2,18,1,110557,31440,11606,25189,36315,8725,28533,41823,20155,3162,87955950,141997
1,2,19,0,179010,31434,19636,25273,79158,8748,30716,82595,20187,3211,2972735080,210444
1,2,19,1,140671,31487,12565,25276,64147,8757,28305,70001,20188,4217,2972735080,172158
1,2,20,0,132713,31464,19383,25194,50033,9169,33552,50972,20198,3201,2016078977,164177
1,2,20,1,124909,31461,19364,25268,41139,9180,31775,45138,20183,3163,2016078977,156370
1,2,21,0,128731,31425,13439,25276,53544,7633,33841,52736,20178,3227,1211160212,160156
1,2,21,1,119559,31444,13488,25217,44331,7583,30654,46626,20188,3212,1211160212,151003
1,2,22,0,153230,31455,33305,25364,53460,12147,35629,55473,20220,3187,1006916669,184685
1,2,22,1,144414,31434,33252,25665,44519,12151,32076,50386,20213,3200,1006916669,175848
1,2,23,0,112017,31427,21146,16730,30658,6106,36432,25599,20210,3343,4194641380,143444
1,2,23,1,107675,31457,21158,16773,26138,6092,32956,24607,20210,3344,4194641380,139132
1,2,24,0,138791,31488,13075,25237,53068,17346,37977,57804,20196,4297,709467539,170279
1,2,24,1,153439,31420,20152,25225,44149,17390,35081,51819,20192,3301,709467539,184859
2,0,1,0,126258,31462,13848,24147,50768,8516,32917,50647,20193,3237,2297111821,157720
2,0,1,1,118436,31458,13880,24244,42880,8463,29962,45755,20191,3275,2297111821,149894
2,0,2,0,129566,31457,12483,24538,52074,11330,35585,52484,20200,3279,1773259784,161023
2,0,2,1,120996,31451,12476,24725,43396,11377,32162,47472,20201,3275,1773259784,152447
2,0,3,0,103385,31461,11186,17836,31668,7175,33900,29292,20178,3411,231970511,134846
2,0,3,1,98893,31432,11204,17843,27096,7122,30836,27749,20183,3406,231970511,130325
2,0,4,0,128226,31441,15587,24682,49571,9223,33139,50474,20191,3312,289810520,159667
2,0,4,1,121404,31503,15536,24693,41833,9265,30009,45925,20190,4326,289810520,152907
2,0,5,0,128858,31486,14307,24723,50316,10371,34843,50701,20185,3296,1704090501,160344
2,0,5,1,145123,31948,21341,24630,42005,10393,31586,45571,20193,3365,1704090501,177071
2,0,6,0,124675,31449,14082,24763,47954,7549,31887,49626,20212,3312,3752984351,156124
2,0,6,1,115598,31467,14052,24641,40296,7535,28901,43707,20183,3309,3752984351,147065
2,0,7,0,103407,31430,13115,18114,31388,5001,32558,28540,20200,3519,1881686865,134837
2,0,7,1,99147,31663,13138,18067,27075,5037,29551,27244,20178,3495,1881686865,130810
2,0,8,0,133277,31470,12516,24968,51090,15551,38726,53016,20198,3284,1952701432,164747
2,0,8,1,124138,31456,12465,24632,42434,15528,35273,47457,20191,3331,1952701432,155594
2,0,9,0,138499,31461,26925,24646,49614,8260,32548,50109,20199,3286,2520358640,169960
2,0,9,1,130313,31471,26984,24662,41293,8207,29470,44826,20210,3321,2520358640,161784
2,0,10,0,139330,31509,25050,24640,50687,8657,33190,50928,20220,4372,2098459330,170839
2,0,10,1,155584,31414,32647,24639,42579,8680,30108,45920,20219,3419,2098459330,186998
2,0,11,0,114396,31472,21808,17984,32994,5856,35110,28414,20197,3447,3147481479,145868
2,0,11,1,111205,31411,21847,18046,28358,5915,32979,27195,20198,3460,3147481479,142616
2,0,12,0,132896,31695,17318,24682,51638,10048,34576,51928,20182,3350,3581806174,164591
2,0,12,1,124330,31452,17299,24620,43223,10062,31431,46608,20195,3322,3581806174,155782
2,0,13,0,129700,31450,14196,24697,51687,10041,34134,52435,20186,3314,2222256173,161150
2,0,13,1,122264,31464,14222,25235,43625,9988,31168,47821,20205,3294,2222256173,153728
2,0,14,0,128225,31473,12661,24678,51162,10569,35126,51417,20190,3289,704210256,159698
2,0,14,1,119623,31424,12637,24647,42728,10519,31969,46057,20200,3334,704210256,151047
2,0,15,0,110855,31491,11706,18047,37240,7007,40018,29016,20196,4478,493340835,142346
2,0,15,1,103798,31451,11732,18112,31134,6941,35544,27342,20194,3458,493340835,135249
2,0,16,0,163236,31449,21429,24702,56222,14130,38124,57063,20189,3397,2452129120,194685
2,0,16,1,130168,31452,14337,24722,46695,14138,34678,52119,20259,3329,2452129120,161620
2,0,17,0,133448,31437,14800,24894,53242,11444,36788,52925,20196,3297,3835769941,164885
2,0,17,1,124118,31479,14851,24654,44114,11391,33319,46976,20176,3282,3835769941,155597
2,0,18,0,137408,31484,13439,25247,57416,12155,38591,56367,20171,3285,3893001299,168892
2,0,18,1,126890,31476,13430,24678,47556,12139,34309,50198,20177,3336,3893001299,158366
2,0,19,0,108919,31429,13311,18079,34420,7374,37265,29227,20195,3482,987973164,140348
2,0,19,1,104064,31441,13353,18114,29432,7350,33749,27802,20183,3441,987973164,135505
2,0,20,0,130546,31507,11161,24722,53040,12200,37432,52666,20419,3285,1392075203,162053
2,0,20,1,120759,31983,11131,24608,43787,12165,33833,46858,20181,3313,1392075203,152742
2,0,21,0,174519,31435,30702,24659,56817,14492,40760,56439,20200,3388,792768404,205954
2,0,21,1,139990,31459,23530,24698,47082,14414,35772,50561,20198,4356,792768404,171449
2,0,22,0,151598,31454,23915,24562,53115,20813,39517,59102,20208,3301,2310164141,183052
2,0,22,1,142991,31423,23920,24573,44543,20784,36270,53760,20214,3347,2310164141,174414
2,0,23,0,113676,31433,20925,17942,32503,6486,34943,28729,20180,3446,610925346,145109
2,0,23,1,110515,31434,21061,18612,28077,6453,31948,27884,20199,3437,610925346,141949
2,0,24,0,136205,31471,16649,24577,51962,13825,36589,53908,20197,3309,3812540814,167676
2,0,24,1,127620,31462,16619,24676,43453,13779,33411,48625,20207,3332,3812540814,159082
2,1,1,0,173511,31443,22624,24374,59130,19359,38838,65251,20243,3394,1157642002,204954
2,1,1,1,138355,31487,15578,24377,48929,19315,34843,57914,20186,4368,1157642002,169842
2,1,2,0,139537,31437,18623,24516,51581,15550,38882,52905,20199,3364,1734065081,170974
2,1,2,1,130336,31485,18587,24471,42770,15374,35574,47178,20204,3304,1734065081,161821
2,1,3,0,110521,31410,19050,18155,31787,5628,33572,28671,20209,3547,1884451445,141931
2,1,3,1,106135,31460,19071,18208,27274,5562,30449,27333,20218,3460,1884451445,137595
2,1,4,0,120078,31477,18805,24721,41173,6065,28543,43556,20208,3310,2979809503,151555
2,1,4,1,114065,31448,18769,24717,35343,6059,26260,39993,20196,3319,2979809503,145513
2,1,5,0,123895,31472,13962,24809,46324,9643,32659,48253,20182,3307,2171696742,155367
2,1,5,1,116272,31487,13978,24795,38618,9597,29417,43728,20192,3296,2171696742,147759
2,1,6,0,134846,31467,12700,24807,56620,11405,37833,55136,20188,3344,459254082,166313
2,1,6,1,127348,31485,12667,24853,47002,11412,35143,49360,20205,4418,459254082,158833
2,1,7,0,110264,31437,12756,18206,36177,7165,38707,29616,20200,3482,2446719452,141701
2,1,7,1,128906,31473,19810,18138,30539,7171,34819,27687,20198,3550,2446719452,160379
2,1,8,0,134475,31458,13320,25273,54579,11931,38496,53421,20203,3391,506529615,165933
2,1,8,1,124054,31468,13307,24745,44841,11928,34692,46951,20195,3380,506529615,155522
2,1,9,0,147606,31446,14886,24766,62023,16640,45055,58504,20204,3386,3275601119,179052
2,1,9,1,136922,31481,14921,24800,51182,16666,40822,51958,20183,3366,3275601119,168403
2,1,10,0,143204,31477,19633,24751,54414,15051,38080,56265,20198,3350,3872312302,174681
2,1,10,1,134718,31463,19342,24821,45783,15050,35194,50603,20682,3352,3872312302,166181
2,1,11,0,111905,31447,19685,24702,30458,6641,32364,30711,20214,3363,3992067037,143352
2,1,11,1,106961,31449,19732,24801,26564,6575,29565,28503,20220,3314,3992067037,138410
2,1,12,0,122407,31447,18630,24733,41460,7174,29267,44232,20204,4435,1860298179,153854
2,1,12,1,140028,31450,25721,24776,35383,7216,26968,40537,20439,3383,1860298179,171478
2,1,13,0,125550,31413,14121,24813,47172,10189,32735,49577,20195,3407,2885586400,156963
2,1,13,1,118795,31467,14135,24716,40424,10178,29898,45553,20209,3370,2885586400,150262
2,1,14,0,129310,31457,12953,24789,51596,10720,35514,51731,20180,3362,660970169,160767
2,1,14,1,120295,31490,12877,24747,42783,10708,32195,46177,20197,3333,660970169,151785
2,1,15,0,111606,31467,11964,18192,39028,6523,41013,29500,20187,3495,2821421518,143073
2,1,15,1,106010,31493,11936,18441,32999,6554,37016,27738,20182,3523,2821421518,137503
2,1,16,0,140613,31456,12373,24755,60801,13266,39496,59459,20173,3425,2816339345,172069
2,1,16,1,129764,31466,12334,24751,50150,13248,35565,52718,20189,3388,2816339345,161230
2,1,17,0,140189,31476,16308,24965,53870,14769,37636,56102,20187,4421,3099003767,171665
2,1,17,1,130840,31451,16341,24829,44432,14741,34195,51038,20218,3403,3099003767,162291
2,1,18,0,170707,31410,24196,24677,56850,18010,39846,59823,20171,3468,3327388199,202117
2,1,18,1,136068,31465,17026,24768,47071,17992,35975,53985,20171,3400,3327388199,167533
2,1,19,0,110189,31473,19802,18168,30296,5939,32668,28445,20222,3511,2390646059,141662
2,1,19,1,106287,31425,19856,18163,26239,5964,29822,27199,20209,3567,2390646059,137712
2,1,20,0,123598,31480,19402,24776,42786,7370,30126,44935,20204,3301,351138204,155078
2,1,20,1,116720,31455,19356,24773,36082,7317,27268,41037,20183,3349,351138204,148175
2,1,21,0,126719,31443,13529,24732,48714,10523,34322,49783,20194,3335,185844627,158162
2,1,21,1,119062,31484,13592,24848,40835,10494,31231,45077,20176,3353,185844627,150546
2,1,22,0,136034,31468,14384,24856,54292,12087,37243,55232,20204,3327,3422049592,167502
2,1,22,1,125860,31460,14382,24766,45199,12283,32764,49620,20203,3390,3422049592,157320
2,1,23,0,134093,31425,20978,18130,34034,7383,37603,28681,20184,3562,3266795219,165518
2,1,23,1,105503,31482,13896,18149,29027,7362,33928,27353,20188,4528,3266795219,136985
2,1,24,0,149932,31462,13785,24788,63918,18077,44650,62264,20194,3443,214935265,181394
2,1,24,1,138431,31475,13750,24794,52586,18071,40207,55375,20223,3359,214935265,169906
2,2,1,0,129243,31450,12346,24315,53479,10286,34715,53480,20182,3238,328611226,160693
2,2,1,1,120598,31436,12345,24399,44654,10261,31440,47984,20216,3235,328611226,152034
2,2,2,0,133069,31450,12244,24772,54325,11623,38158,53774,20201,3283,4244431843,164519
2,2,2,1,122156,31673,12200,24807,44752,11569,34428,46827,20199,3211,4244431843,153829
2,2,3,0,114756,31481,10772,18229,41632,6875,43543,30055,20687,4413,2138479629,146237
2,2,3,1,106643,31422,10807,18159,35060,6833,38702,28167,20194,3387,2138479629,138065
2,2,4,0,178272,31429,30771,24729,62073,14010,39506,61439,20223,3355,1802732943,209701
2,2,4,1,142401,31453,23570,24729,51232,13997,35529,54557,20210,3247,1802732943,173854
2,2,5,0,142041,31428,17262,24707,53611,17671,41977,54133,20188,3203,1098345120,173469
2,2,5,1,133134,31468,17284,24753,44504,17671,38467,48601,20198,3188,1098345120,164602
2,2,6,0,132971,31422,12235,24826,55210,11707,37671,54198,20178,3273,4015148411,164393
2,2,6,1,123421,31410,12216,24770,45861,11699,33864,48588,20197,3267,4015148411,154831
2,2,7,0,110328,31650,16500,18281,33610,5213,34910,30034,20234,3357,2812643882,141978
2,2,7,1,104529,31432,16522,18174,28941,5162,31507,27536,20213,3375,2812643882,135961
2,2,8,0,136468,31458,11539,24771,59702,11520,45110,51013,20207,3192,1797704142,167926
2,2,8,1,127524,31457,11498,24889,49656,11546,40395,45832,20225,4250,1797704142,158981
2,2,9,0,125849,31453,9912,24752,53962,8384,34677,52546,20183,3199,2025762250,157302
2,2,9,1,141294,31429,16930,24801,44995,8364,31347,46946,20182,3304,2025762250,172723
2,2,10,0,128393,31715,11118,24731,51203,12435,34908,53586,20196,3193,3031443262,160108
2,2,10,1,119981,31444,11111,24720,42875,12433,31725,48426,20180,3227,3031443262,151425
2,2,11,0,136467,31405,42665,17979,32584,7654,35298,29585,20215,3399,4217468685,167872
2,2,11,1,132724,31444,43106,18056,28138,7616,32169,28349,20204,3363,4217468685,164168
2,2,12,0,138878,31443,24819,24664,49959,10523,32869,52401,20206,3193,2001719370,170321
2,2,12,1,132021,31681,24769,24725,42011,10531,30058,48425,20242,3217,2001719370,163702
2,2,13,0,134708,31488,22412,24701,47641,9994,32312,50154,20203,4265,4030092529,166196
2,2,13,1,126129,31457,22010,24747,40438,9954,29576,45695,20224,3224,4030092529,157586
2,2,14,0,154690,31417,25392,24695,48716,9456,33203,49798,20193,3296,836680901,186107
2,2,14,1,122103,31451,18278,24660,40942,9405,30193,44940,20209,3192,836680901,153554
2,2,15,0,102192,31432,11214,18184,32631,4552,33489,28576,20190,3374,1426959581,133624
2,2,15,1,97625,31647,11227,18166,28049,4568,30447,26946,20172,3454,1426959581,129272
2,2,16,0,123924,31463,10688,24856,49300,9645,33346,50592,20701,3212,2351737466,155387
2,2,16,1,115393,31432,10647,24805,41545,9616,30286,45809,20199,3204,2351737466,146825
2,2,17,0,114800,31474,11511,24677,42813,7079,29813,44878,20167,3152,3409877993,146274
2,2,17,1,108617,31455,11533,24781,36403,7063,27367,41007,20154,3188,3409877993,140072
2,2,18,0,116951,31421,11609,24738,42061,8490,30227,46284,20197,3228,4059984399,148372
2,2,18,1,109066,31905,11585,24748,35513,8479,27578,41291,20175,3158,4059984399,140971
2,2,19,0,172439,31407,19634,24784,73083,8750,29926,76824,20178,3205,718615711,203846
2,2,19,1,136160,31487,12564,24812,60180,8694,27570,66240,20181,4183,718615711,167647
2,2,20,0,129293,31442,19407,24738,47072,9179,32990,48123,20185,3204,1634264337,160735
2,2,20,1,121910,31421,19377,25001,39518,9227,30103,43779,20200,3162,1634264337,153331
2,2,21,0,126360,31473,13458,24765,51849,7506,33380,50864,20179,3190,248257326,157833
2,2,21,1,118596,31421,13473,24783,43865,7514,30240,46052,20188,3247,248257326,150017
2,2,22,0,150260,31442,33317,24629,51400,11973,34712,53425,20205,3226,1834135370,181702
2,2,22,1,141778,31456,33256,24654,43057,11963,31479,48318,20217,3204,1834135370,173234
2,2,23,0,115011,31939,21149,18065,34078,6096,36303,28697,20194,3354,507479092,146950
2,2,23,1,111439,31442,21403,18229,28858,6101,32663,28318,20245,3338,507479092,142881
2,2,24,0,136168,31488,13070,24768,51190,17107,37492,55716,20180,4273,1065193257,167656
2,2,24,1,151392,31449,20143,24815,42820,17123,34386,50506,20186,3278,1065193257,182841
3,0,1,0,127613,31470,13849,24175,52001,8599,39203,45700,20201,3263,3583456393,159083
3,0,1,1,119895,31472,13848,24327,43606,8588,35637,41020,20713,3241,3583456393,151367
3,0,2,0,131309,31462,12529,24162,53933,11596,42170,47652,20197,3259,1480692773,162771
3,0,2,1,121757,31455,12449,24275,44460,11551,37914,42502,20197,3255,1480692773,153212
3,0,3,0,105286,31937,11206,18113,33194,7615,40635,24418,20188,3391,1838642138,137223
3,0,3,1,101690,31461,11207,18295,28117,7664,36940,24369,20217,3407,1838642138,133151
3,0,4,0,129965,31482,15565,24681,51182,9405,39667,45739,20186,3275,1649819177,161447
3,0,4,1,129382,31460,22618,24665,42515,9406,35692,41026,20200,4374,1649819177,160842
3,0,5,0,131271,31427,14277,24741,52251,10649,41519,46257,20436,3302,628936572,162698
3,0,5,1,139372,31444,14334,24660,43119,10634,37273,41274,20196,3369,628936572,170816
3,0,6,0,125320,31482,14094,24665,49616,7746,38055,44106,20188,3337,3366788295,156802
3,0,6,1,116629,31450,14069,24702,41061,7730,34476,39153,20184,3330,3366788295,148079
3,0,7,0,105127,31454,13110,18413,32949,5225,38895,24079,20196,3421,3646786092,136581
3,0,7,1,100376,31439,13157,18410,28091,5226,35117,22971,20176,3420,3646786092,131815
3,0,8,0,135420,31471,12501,24914,52846,15980,45560,48322,20197,3297,2537060411,166891
3,0,8,1,126948,31457,12459,24724,43563,15994,41506,44021,20229,3304,2537060411,158405
3,0,9,0,140445,31484,26936,24614,51384,8429,39203,45357,20209,3298,375300236,171929
3,0,9,1,131656,31458,26969,24699,42348,8473,35232,40421,20208,3284,375300236,163114
3,0,10,0,147934,31448,32146,24575,51948,8806,39381,46074,20228,4410,2336151104,179382
3,0,10,1,148470,31444,25034,24688,43483,8818,35715,41413,20227,3345,2336151104,179914
3,0,11,0,116462,31449,21837,18358,34476,6281,41659,23768,20190,3483,314040895,147911
3,0,11,1,111872,31807,21828,18399,29314,6724,38030,22830,20199,3448,314040895,143679
3,0,12,0,134280,31477,17288,24735,52716,10351,41189,46748,20195,3301,3940981888,165757
3,0,12,1,125302,31486,17241,24685,43888,10399,37232,41874,20184,3310,3940981888,156788
3,0,13,0,132335,31468,14186,24749,52942,10203,40783,48364,20228,3313,2723800871,163803
3,0,13,1,122776,31479,14219,24768,44441,10167,36953,42564,20199,3294,2723800871,154255
3,0,14,0,130408,31435,12692,24711,52835,10933,42008,46610,20200,3340,457933545,161843
3,0,14,1,121059,31438,12644,24712,43653,10979,37944,41532,20191,3313,457933545,152497
3,0,15,0,119596,31682,18657,18403,38488,7466,46647,24065,20195,4517,1775045033,151278
3,0,15,1,105301,31443,11730,18474,32180,7398,41551,22897,20198,3411,1775045033,136744
3,0,16,0,158339,31425,14373,24726,58203,14388,45334,52125,20202,3361,355239279,189764
3,0,16,1,130864,31421,14785,24692,47789,14420,40687,46351,20199,3370,355239279,162285
3,0,17,0,135775,31468,14781,24646,55342,11905,44045,47983,20212,3315,4044041893,167243
3,0,17,1,125950,31456,14837,24618,45373,11967,39589,42505,20205,3292,4044041893,157406
3,0,18,0,139084,31460,13426,25007,59009,12457,45075,51537,20178,3316,4286618998,170544
3,0,18,1,129391,31441,13417,24733,48482,12467,41411,45575,20191,3356,4286618998,160832
3,0,19,0,111143,31463,13286,18413,36160,7819,44214,24544,20205,3435,1192835000,142606
3,0,19,1,105671,31432,13312,18479,30440,7893,39768,23360,20179,3474,1192835000,137103
3,0,20,0,133044,31444,11163,24673,55374,12696,44840,48035,20179,3281,568204409,164488
3,0,20,1,122788,31694,11145,24689,45210,12687,40223,42493,20181,3308,568204409,154482
3,0,21,0,150985,31459,24026,24598,58510,14634,46653,51228,20191,3280,2516503330,182444
3,0,21,1,168895,31492,30684,24625,47956,14659,41650,45716,20195,7583,2516503330,200387
3,0,22,0,153714,31466,23893,24665,54626,21315,46762,53978,20195,3325,2264318116,185180
3,0,22,1,144267,31462,23865,24649,45296,21299,42555,48818,20207,3337,2264318116,175729
3,0,23,0,116946,31942,20954,18334,34058,6878,42791,24121,20201,3435,1731514927,148888
3,0,23,1,111213,31436,20954,18412,29086,6902,37728,23057,20447,3439,1731514927,142649
3,0,24,0,138004,31479,16647,24685,53237,14209,43418,48846,20199,3328,2300107317,169483
3,0,24,1,128829,31488,16600,24687,44183,14272,39373,43900,20183,3315,2300107317,160317
3,1,1,0,149636,31482,15564,24406,61149,19363,45884,59167,20197,3313,3336523063,181118
3,1,1,1,167251,31437,22633,24328,50020,19386,40897,52973,20194,7611,3336523063,198688
3,1,2,0,142155,31459,18612,24491,53573,16190,46536,47855,20203,3338,1077211191,173614
3,1,2,1,132454,31468,18604,24473,44046,16165,42243,42583,20201,3321,1077211191,163922
3,1,3,0,113953,31473,19018,18409,33172,5904,41083,24043,20209,4046,2346328333,145426
3,1,3,1,107239,31472,19099,18510,28124,5904,36022,22856,20196,3490,2346328333,138711
3,1,4,0,121450,31458,18836,24737,42493,6093,34458,38999,20210,3322,3142109721,152908
3,1,4,1,114950,31470,18778,24752,36117,6130,31507,35624,20205,3316,3142109721,146420
3,1,5,0,125466,31470,13974,24818,47605,9908,38954,43510,20189,3311,2990650740,156936
3,1,5,1,117590,31469,13994,24758,39639,9915,35182,39263,20192,3329,2990650740,149059
3,1,6,0,136658,31960,12679,24739,58427,11501,44696,50103,20190,3359,2172603288,168618
3,1,6,1,154738,31494,19798,24724,47821,11502,39814,44385,20213,7587,2172603288,186232
3,1,7,0,112380,31456,12713,18500,37910,7624,45934,24523,20180,3484,4176992014,143836
3,1,7,1,106308,31463,12774,18518,31735,7595,40989,23237,20200,3513,4176992014,137771
3,1,8,0,136670,31485,13343,24859,56691,12486,46483,47686,20174,3359,2460562138,168155
3,1,8,1,125723,31478,13329,24759,45982,12454,41238,42087,20181,3359,2460562138,157201
3,1,9,0,150352,31441,14893,24729,64028,17381,52747,53525,20202,3413,658805349,181793
3,1,9,1,139834,31458,14935,24891,52028,17477,47375,48256,20231,3362,658805349,171292
3,1,10,0,145332,31494,19366,24777,56376,15510,45345,51450,20180,3361,1937523245,176826
3,1,10,1,135654,31436,19345,24812,46707,15498,40912,46245,20186,3419,1937523245,167090
3,1,11,0,141631,31442,26882,24757,32102,6971,38922,25037,20200,7571,333562915,173073
3,1,11,1,109063,31974,19748,25310,27651,7016,35965,24148,20205,3375,333562915,141037
3,1,12,0,122824,31472,18647,24714,42832,7350,35459,39572,20198,3328,2386291592,154296
3,1,12,1,116146,31491,18609,24770,36244,7318,32392,36071,20190,3339,2386291592,147637
3,1,13,0,127217,31485,14111,24812,48739,10338,39151,44872,20200,3342,3020782214,158702
3,1,13,1,119789,31479,14170,24873,40828,10357,35576,40615,20448,3347,3020782214,151268
3,1,14,0,133107,31462,12930,24847,53662,11166,42973,47958,20237,3382,624207370,164569
3,1,14,1,122013,31439,12882,24803,43989,11147,38435,41640,20196,3349,624207370,153452
3,1,15,0,114101,31442,11928,18527,40737,6975,48172,24747,20204,3556,2833024886,145543
3,1,15,1,107090,31408,11976,18532,33910,6962,42664,23126,20196,3546,2833024886,138498
3,1,16,0,143179,31483,12366,24845,63045,13535,46933,54625,20196,3391,1095910081,174662
3,1,16,1,131822,31487,12826,24725,51382,13602,41785,48049,20187,3388,1095910081,163309
3,1,17,0,141657,31469,16308,24736,56204,15169,45280,50962,20171,3350,1086031555,173126
3,1,17,1,160116,31438,23366,24743,45840,15137,40500,45347,20191,7580,1086031555,191554
3,1,18,0,148167,31430,17062,24817,58536,18117,46875,54728,20438,3411,2324774584,179597
3,1,18,1,137080,31988,17024,24755,47927,18115,41943,48985,20196,3380,2324774584,169068
3,1,19,0,112126,31421,19813,18482,31872,6258,39132,23921,20230,3493,3246194450,143547
3,1,19,1,108931,31452,19837,18570,27308,6269,35620,24055,20215,3495,3246194450,140383
3,1,20,0,125116,31469,19394,24814,44173,7423,35872,40669,20183,3345,3181115631,156585
3,1,20,1,118274,31478,19364,24835,37414,7447,32891,36937,20189,3347,3181115631,149752
3,1,21,0,128792,31483,13966,24804,50171,10600,40735,44979,20197,3331,1986513326,160275
3,1,21,1,119967,31474,13565,24759,41776,10589,36823,40436,20199,3331,1986513326,151441
3,1,22,0,136908,31473,14375,24761,56165,12252,43149,50160,20209,3372,3861395185,168381
3,1,22,1,155578,31474,21441,24823,46260,12238,38745,44706,20202,7583,3861395185,187052
3,1,23,0,112286,31441,13849,18499,36322,7958,45174,24046,20200,3506,1570442263,143727
3,1,23,1,106835,31434,13892,18727,30464,7963,40628,22969,20203,3530,1570442263,138269
3,1,24,0,154058,31460,13804,24707,66034,18588,52209,58334,20207,3448,1728790179,185518
3,1,24,1,139864,31453,13747,24824,53451,18573,46464,50516,20195,3442,1728790179,171317
3,2,1,0,131790,31466,12338,24332,55241,10465,41557,48599,20199,3201,212664188,163256
3,2,1,1,121688,31459,12332,24418,45625,10457,37286,43334,20200,3220,212664188,153147
3,2,2,0,134888,31457,12256,24763,56776,12199,45860,48002,20211,3192,1153470500,166345
3,2,2,1,153099,31423,19298,24764,46291,12186,40951,42432,20202,7579,1153470500,184522
3,2,3,0,115230,31456,10772,18507,43386,7332,50794,24834,20195,3355,2200892057,146686
3,2,3,1,108236,31445,10801,18777,35922,7344,44956,23544,20207,3344,2200892057,139681
3,2,4,0,156916,31438,23625,24809,64132,14220,46883,57487,20219,3322,3280217244,188354
3,2,4,1,143710,31461,23585,24720,52304,14197,41671,49681,20243,3252,3280217244,175171
3,2,5,0,145646,31441,17251,24804,55996,18509,49904,49529,20432,3206,3915348219,177087
3,2,5,1,135227,31467,17296,24782,45694,18561,45219,43951,20204,3187,3915348219,166694
3,2,6,0,134780,31972,12241,24724,57012,11901,44486,49276,20201,3187,303751965,166752
3,2,6,1,124600,31433,12265,24764,46774,11903,39673,43893,20196,3211,303751965,156033
3,2,7,0,139532,31414,23590,18453,35189,5512,41326,24256,20211,7581,2703589437,170946
3,2,7,1,105858,31454,16544,18494,29976,5451,37243,23158,20215,3336,2703589437,137312
3,2,8,0,138802,31450,11580,24767,61126,12170,52983,45207,20450,3210,343293873,170252
3,2,8,1,127188,31438,11505,24833,49886,12173,46724,40290,20185,3187,343293873,158626
3,2,9,0,127186,31420,9919,24780,55101,8532,41183,47357,20187,3261,1076128426,158606
3,2,9,1,119070,31472,9946,24824,45633,8541,37007,43221,20174,3287,1076128426,150542
3,2,10,0,130253,31452,11114,24745,52795,12648,41721,48598,20218,3199,1206897246,161705
3,2,10,1,121414,31451,11104,24796,44070,12659,37918,43735,20190,3202,1206897246,152865
3,2,11,0,138441,31444,42618,18383,34114,8022,41886,25039,20205,3310,2100537384,169885
3,2,11,1,134095,31429,42649,18368,29558,8116,38466,23971,20208,3375,2100537384,165524
3,2,12,0,140225,31472,24795,24711,51209,10607,39303,47353,20207,3185,1667298845,171697
3,2,12,1,160770,31489,31950,24718,42679,10670,35503,42699,20186,7587,1667298845,192259
3,2,13,0,134397,31954,21989,24778,48719,10092,38542,45171,20207,3195,314998791,166351
3,2,13,1,127196,31430,22288,24704,41106,10120,35101,40956,20215,3210,314998791,158626
3,2,14,0,133080,31423,18303,24784,50238,9612,40656,45324,20208,3184,4159441276,164503
3,2,14,1,123232,31440,18283,24786,41818,9566,35766,40533,20204,3174,4159441276,154672
3,2,15,0,104659,31418,11199,18712,33965,5511,40825,23776,20186,3375,1177611709,136077
3,2,15,1,99418,31429,11221,18511,28848,5534,36682,22588,20186,3338,1177611709,130847
3,2,16,0,124842,31475,10661,24825,50686,9803,39766,45673,20202,3178,2360769366,156317
3,2,16,1,117069,31485,10669,24796,42435,9818,36013,41167,20171,3191,2360769366,148554
3,2,17,0,116302,31453,11480,24800,44007,7281,35927,40283,20172,3146,2759375774,147755
3,2,17,1,109745,31440,11513,24826,37266,7269,32856,36632,20174,3191,2759375774,141185
3,2,18,0,145861,31466,18604,24772,43186,8679,36171,40596,20177,7570,1242958427,177327
3,2,18,1,110419,31440,11603,24830,36467,8660,33059,37024,20165,3222,1242958427,141859
3,2,19,0,147572,31457,12560,24829,71412,8847,36171,70176,20210,3152,3254909871,179029
3,2,19,1,134184,31467,12603,24861,58537,8841,33075,59301,20655,3155,3254909871,165651
3,2,20,0,131145,31461,19384,24753,48599,9478,39543,43413,20197,3198,1071198881,162606
3,2,20,1,123174,31466,19376,24765,40478,9539,35814,39091,20171,3427,1071198881,154640
3,2,21,0,128350,31443,13473,24804,53013,7668,39912,45705,20720,3229,2004816235,159793
3,2,21,1,118902,31461,13496,24781,44067,7643,35836,40783,20176,3216,2004816235,150363
3,2,22,0,152174,31465,33283,24780,53101,12056,41434,48633,20209,3193,704862633,183639
3,2,22,1,142941,31431,33268,24707,44014,12116,37289,43674,20206,3196,704862633,174372
3,2,23,0,116560,31880,21170,18480,35099,6466,42436,24019,20209,3349,1809713854,148440
3,2,23,1,140153,31438,28211,18487,30011,6512,38499,22924,20211,7586,1809713854,171591
3,2,24,0,137153,31481,13486,24756,52343,17515,44308,50433,20192,3193,2441181221,168634
3,2,24,1,129116,31429,13019,24847,43594,17521,40574,46631,20224,3280,2441181221,160545
4,0,1,0,127754,31480,13882,24691,51648,8481,33904,51044,20206,3245,3683138644,159234
4,0,1,1,119193,31450,13878,24655,43199,8469,30797,45652,20196,3272,3683138644,150643
4,0,2,0,130793,31468,12519,24630,53240,11284,36621,52662,20204,3290,1155076276,162261
4,0,2,1,121269,31451,12464,24725,43776,11296,33026,46907,20193,3290,1155076276,152720
4,0,3,0,101904,31457,11216,16186,29504,7353,35031,26596,20184,3400,2510325721,133361
4,0,3,1,126100,31455,18152,16460,24924,7420,32027,25412,20160,7607,2510325721,157555
4,0,4,0,129815,31469,16027,25090,50144,9313,34191,50486,20197,3307,4245226984,161284
4,0,4,1,122117,31470,15538,25263,41709,9412,32022,45656,20184,3304,4245226984,153587
4,0,5,0,130340,31455,14292,25073,51303,10595,35918,51187,20199,3296,2420728406,161795
4,0,5,1,121351,31454,14339,25121,42386,10326,32435,45532,20196,3346,2420728406,152805
4,0,6,0,124736,31475,14096,25043,48823,7648,32812,48837,20189,3289,2952778531,156211
4,0,6,1,117104,31492,14046,25158,40721,7661,29903,43776,20640,3296,2952778531,148596
4,0,7,0,101823,31460,13108,16480,29347,5033,33537,26082,20209,3460,1543426618,133283
4,0,7,1,97690,31418,13147,16460,25068,5045,30386,24935,20194,3502,1543426618,129108
4,0,8,0,133963,31462,12496,25043,51844,15448,39803,52664,20180,3293,2558238521,165425
4,0,8,1,153780,31507,19505,25058,42752,15485,36239,47185,20170,7570,2558238521,185287
4,0,9,0,140216,31471,26929,24972,50858,8328,33656,50635,20218,3317,3967411784,171687
4,0,9,1,131995,31451,26979,25089,42324,8379,30788,45140,20208,3345,3967411784,163446
4,0,10,0,140726,31461,25073,25196,51402,8700,34321,52227,20231,3334,406498855,172187
4,0,10,1,130636,31711,25021,25118,42755,8673,30843,45835,20200,3309,406498855,162347
4,0,11,0,114001,31432,22278,16476,31198,6034,36722,25821,20189,3464,1790072476,145433
4,0,11,1,108438,31432,21828,16448,26273,5952,32722,24688,20181,3493,1790072476,139870
4,0,12,0,133974,31481,17305,25116,52246,10167,35652,52016,20174,3306,1816867525,165455
4,0,12,1,124919,31482,17265,25144,43336,10104,32267,46455,20198,3303,1816867525,156401
4,0,13,0,160040,31418,21295,25157,52651,10021,35179,52780,20209,7590,2442060032,191458
4,0,13,1,122310,31492,14235,25145,43801,9972,31857,47196,20216,3299,2442060032,153802
4,0,14,0,131150,31469,12660,25242,53380,10750,36832,52682,20178,3259,410001232,162619
4,0,14,1,120967,31474,12659,25068,43496,10717,32906,46509,20173,3293,410001232,152441
4,0,15,0,107475,31445,11697,16514,34305,7144,40513,26185,20178,3461,3068614945,138920
4,0,15,1,103421,31455,11707,16527,28828,7091,37475,24998,20193,3505,3068614945,134876
4,0,16,0,140839,31499,14620,25188,57695,14125,39184,57959,20196,3304,2752038519,172338
4,0,16,1,129839,31991,14343,25138,47188,14133,35320,51273,20196,3285,2752038519,161830
4,0,17,0,135957,31484,14813,25066,55521,11540,37932,54328,20199,3271,1134018321,167441
4,0,17,1,125840,31450,14823,25079,45267,11544,34309,47716,20185,3276,1134018321,157290
4,0,18,0,138040,31497,13441,25147,58119,12193,39028,56564,20177,3309,2634747724,169537
4,0,18,1,127745,31473,13672,25184,47549,12189,35001,50058,20196,3365,2634747724,159218
4,0,19,0,107254,31467,13329,16475,32105,7437,38246,26502,20178,3481,41091029,138721
4,0,19,1,130751,31467,20360,16412,27214,7445,34576,25249,20206,7559,41091029,162218
4,0,20,0,133256,31460,11193,25056,55606,12264,38521,54534,20181,3291,1442491244,164716
4,0,20,1,123895,31459,11114,25162,45067,12326,34962,48828,20207,3279,1442491244,155354
4,0,21,0,149870,31460,23492,25107,57268,14438,40615,56329,20181,3799,1320054652,181330
4,0,21,1,139648,31449,23796,25056,47088,14449,36483,50237,20193,3348,1320054652,171097
4,0,22,0,153218,31472,23914,24991,54236,20910,40699,59573,20195,3300,2434498028,184690
4,0,22,1,143739,31447,23869,25079,44811,20918,37212,53722,20192,3314,2434498028,175186
4,0,23,0,112112,31440,20945,16438,30300,6593,36049,26005,20204,3455,994767733,143552
4,0,23,1,107852,31450,20945,16481,25879,6593,32686,25004,20207,3449,994767733,139302
4,0,24,0,167253,31473,23664,25196,53414,13982,37772,54958,20230,7580,3598159444,198726
4,0,24,1,128350,31446,16626,25133,43598,13775,34239,48399,20195,3381,3598159444,159796
4,1,1,0,149781,31467,15545,24929,60963,19228,40053,65205,20203,3329,3841981559,181248
4,1,1,1,138031,31451,15556,24870,49217,19257,35539,57942,20193,3359,3841981559,169482
4,1,2,0,142023,31465,18610,24953,53699,15584,40244,54121,20183,3292,2179556315,173488
4,1,2,1,132147,31447,18596,24983,43777,15589,36678,47805,20200,3374,2179556315,163594
4,1,3,0,108773,31448,19056,16472,29567,5675,34480,26039,20214,3498,2105047425,140221
4,1,3,1,104821,31421,19092,16496,25156,5669,31214,25140,20194,3560,2105047425,136242
4,1,4,0,150771,31413,25905,25829,41984,6113,30347,43712,20209,7609,3906502655,182184
4,1,4,1,115125,31489,18792,25207,35741,6051,27175,39958,20216,3359,3906502655,146614
4,1,5,0,126727,31459,13966,25370,47274,9758,33532,50127,20215,3332,512956606,158186
4,1,5,1,117579,31471,14001,25261,39347,9703,30417,44033,20199,3316,512956606,149050
4,1,6,0,135849,31466,12690,25322,57112,11446,38841,55172,20170,3339,3746777269,167315
4,1,6,1,126122,31478,12667,25447,46971,11841,35141,49249,20174,3338,3746777269,157600
4,1,7,0,108227,31446,12711,16564,33658,7245,39733,26527,20184,3528,4043116672,139673
4,1,7,1,102999,31427,12757,16553,28338,7234,35672,25179,20199,3562,4043116672,134426
4,1,8,0,137355,31486,13331,25262,57463,12006,39627,55237,20193,3354,353550317,168841
4,1,8,1,126433,31431,13567,25180,46315,12035,35604,48053,20200,3431,353550317,157864
4,1,9,0,177629,31478,22018,25265,62443,16889,46128,58607,20200,7556,1261708387,209107
4,1,9,1,137765,31414,14941,25300,51188,16913,41570,51966,20197,3450,1261708387,169179
4,1,10,0,144750,31448,19393,25150,55787,15126,39178,57016,20182,3360,953137751,176198
4,1,10,1,135973,31719,19354,25278,45887,15108,35733,51793,20216,3343,953137751,167692
4,1,11,0,110721,31455,20203,25325,29163,6767,33972,27417,20223,3330,1559113540,142176
4,1,11,1,105778,31458,19751,25154,24848,6756,30516,26370,20220,3294,1559113540,137236
4,1,12,0,122523,31473,18644,25224,42184,7192,30334,44399,20206,3326,498999732,153996
4,1,12,1,115961,31480,18610,25173,35763,7233,27835,40464,20193,3322,498999732,147441
4,1,13,0,127491,31448,14365,25265,48381,10271,33859,50186,20195,3338,324575600,158939
4,1,13,1,119410,31474,14173,25207,40444,10240,30847,45184,20189,3395,324575600,150884
4,1,14,0,131992,31973,12903,25224,53720,10842,36717,53212,20197,3360,1867296282,163965
4,1,14,1,122034,31485,12921,25275,43753,10846,33128,46889,20187,3360,1867296282,153519
4,1,15,0,109640,31420,11967,16564,36419,6592,41888,26491,20201,3565,2482507085,141060
4,1,15,1,132020,31461,18933,16521,30488,6627,37336,25110,20199,7580,2482507085,163481
4,1,16,0,144163,31473,12389,25345,62554,13321,40718,61762,20228,3413,3381471330,175636
4,1,16,1,130706,31954,12358,25239,50559,13298,36357,52870,20195,3397,3381471330,162660
4,1,17,0,142157,31479,16284,25203,56588,14835,38796,57965,20201,3363,4285673426,173636
4,1,17,1,131502,31441,16336,25199,45770,14855,34971,50986,20171,3389,4285673426,162943
4,1,18,0,147059,31473,17080,25285,57314,18073,40875,59929,20189,3380,2176955568,178532
4,1,18,1,136690,31452,17060,25171,47105,18093,36816,53682,20197,3389,2176955568,168142
4,1,19,0,108874,31442,19845,16522,28301,6072,33782,25905,20209,3514,1026179769,140316
4,1,19,1,104822,31976,19849,16511,24282,6014,30727,24851,20227,3523,1026179769,136798
4,1,20,0,124421,31475,19396,25147,43201,7338,30875,44979,20204,3320,3872128987,155896
4,1,20,1,146267,31501,26439,25167,36480,7367,28162,40982,20203,7580,3872128987,177768
4,1,21,0,127723,31451,13535,25278,49150,10568,35310,49816,20180,3341,4239688557,159174
4,1,21,1,121208,31498,13797,25298,41054,10544,32173,45948,20236,3350,4239688557,152706
4,1,22,0,136667,31470,14388,25246,55671,12036,37219,55864,20205,3339,3827852097,168137
4,1,22,1,126598,31441,14377,25166,45784,12064,33613,49528,20198,3373,3827852097,158039
4,1,23,0,108119,31467,13836,16782,31837,7580,38967,26086,20194,3509,2439337246,139586
4,1,23,1,102953,31450,13888,16536,26852,7594,34863,24906,20178,3514,2439337246,134403
4,1,24,0,151384,31470,13783,25213,64922,18108,45608,62775,20192,3419,799814119,182854
4,1,24,1,138761,31485,13765,25225,52334,18090,40841,54939,20201,3404,799814119,170246
4,2,1,0,131049,31443,12341,24825,54797,10259,35807,54180,20212,3238,827818295,162492
4,2,1,1,123268,31448,12367,25154,45258,10395,33507,48624,20206,3208,827818295,154716
4,2,2,0,135271,31462,12243,25236,57033,11807,39339,54859,20209,3205,740011770,166733
4,2,2,1,124181,31441,12218,25272,46105,11784,35367,47919,20187,3208,740011770,155622
4,2,3,0,111137,31426,10777,16544,39012,6952,44444,27007,20221,3389,3756379824,142563
4,2,3,1,104598,31414,10795,16550,32382,6959,39221,25548,20175,3443,3756379824,136012
4,2,4,0,155330,31455,23594,25225,63581,14012,40505,62440,20204,3218,1327350392,186785
4,2,4,1,143346,31460,23622,25213,51555,14016,36258,54654,20229,3216,1327350392,174806
4,2,5,0,145329,31465,17285,25122,56075,18065,43394,55990,20197,3169,1400424927,176794
4,2,5,1,134915,31465,17316,25140,45510,18067,39650,49200,20179,3167,1400424927,166380
4,2,6,0,164275,31432,19531,25337,55702,11871,39750,54442,20194,7575,2321498155,195707
4,2,6,1,124002,31929,12237,25245,45864,11719,34589,48367,20207,3243,2321498155,155931
4,2,7,0,107218,31430,16474,16573,31289,5277,35693,26146,20197,3402,1140645885,138648
4,2,7,1,102804,31449,16503,16562,26730,5228,32273,24999,20218,3387,1140645885,134253
4,2,8,0,138074,31441,11556,25229,60741,11643,46066,51667,20206,3188,4040250072,169515
4,2,8,1,126614,31440,11520,25293,49107,11652,40990,45188,20453,3193,4040250072,158054
4,2,9,0,127181,31445,9951,25220,54684,8446,35686,52788,20169,3215,3824396219,158626
4,2,9,1,117660,31452,9958,25279,45164,8377,32145,46801,20168,3213,3824396219,149112
4,2,10,0,130123,31459,11115,25224,52445,12459,35974,54276,20166,3176,3432534975,161582
4,2,10,1,120944,31459,11095,25262,43337,12452,32620,48558,20181,3225,3432534975,152403
4,2,11,0,165736,31513,49900,16489,31037,7781,37080,28157,20246,7579,4076118619,197249
4,2,11,1,130910,31413,42646,16465,26269,7727,33036,26238,20206,3368,4076118619,162323
4,2,12,0,140064,31457,24777,25184,50662,10550,33931,52595,20193,3173,338516289,171521
4,2,12,1,131476,31418,24747,25130,42195,10532,30731,47250,20208,3245,338516289,162894
4,2,13,0,134775,31433,22226,25175,48533,9960,33381,50411,20216,3205,3237415092,166208
4,2,13,1,126936,31418,22040,25134,40846,9976,30463,45619,20215,3215,3237415092,158354
4,2,14,0,131717,31993,18303,25128,49943,9427,34272,50348,20193,3197,1097850695,163710
4,2,14,1,123222,31447,18296,25175,41519,9358,31056,45129,20206,3171,1097850695,154669
4,2,15,0,100859,31425,11218,16486,30271,5312,35127,25696,20171,3350,985153934,132284
4,2,15,1,96543,31445,11223,16557,25799,5274,31836,24567,20168,3362,985153934,127988
4,2,16,0,125282,31425,10656,25317,50752,9680,34579,51296,20178,3196,2070975028,156707
4,2,16,1,117551,31432,10623,25303,41994,9671,31164,47021,20172,3279,2070975028,148983
4,2,17,0,116459,31450,11506,25201,43836,7085,30917,45328,20161,3178,2528158184,147909
4,2,17,1,138975,31478,18476,25286,37354,7171,28325,41620,20176,7594,2528158184,170453
4,2,18,0,116541,31431,11592,25145,42378,8524,31118,45051,20177,3183,2964628137,147972
4,2,18,1,109983,31688,11564,25249,35881,8500,28459,41296,20198,3172,2964628137,141671
4,2,19,0,155480,31419,12519,25327,80049,8763,31512,82755,20202,3180,3581641321,186899
4,2,19,1,138246,31471,12563,25227,62927,8697,28462,68520,20183,3133,3581641321,169717
4,2,20,0,131287,31495,19412,25140,48611,9291,34091,49073,20187,3149,2288024105,162782
4,2,20,1,122886,31443,19387,25252,40287,9238,30944,43956,20195,3146,2288024105,154329
4,2,21,0,127520,31424,13461,25199,52485,7513,34359,50963,20186,3226,483354929,158944
4,2,21,1,118933,31450,13486,25254,43770,7497,31018,45630,20203,3206,483354929,150383
4,2,22,0,153823,31433,33296,25202,52728,12017,35918,55251,20721,3216,2603878467,185256
4,2,22,1,171885,31474,40509,25151,43552,11987,32322,48504,20220,7583,2603878467,203359
4,2,23,0,113190,31447,21157,16457,31704,6164,37151,25962,20211,3378,1554771113,144637
4,2,23,1,108301,31416,21164,16550,26698,6155,33305,24861,20189,3385,1554771113,139717
4,2,24,0,136357,31920,13085,25193,51936,17167,38539,55885,20211,3217,3585729348,168277
4,2,24,1,128168,31472,13092,25281,43144,17157,35344,50376,20690,3250,3585729348,159640
5,0,1,0,129907,31441,13859,25282,53353,8398,33357,53808,20203,3280,3232109788,161348
5,0,1,1,121749,31465,13869,25417,44774,8677,30280,48731,20211,3240,3232109788,153214
5,0,2,0,134894,31424,12481,25455,55281,11305,36788,56512,20210,3333,3282777944,166318
5,0,2,1,152420,31480,19471,25299,45649,11321,32703,49692,20201,7570,3282777944,183900
5,0,3,0,105455,31440,11182,18222,32291,7248,34931,30296,20185,3452,1391863642,136895
5,0,3,1,100530,31421,11216,17984,27548,7225,31348,28823,20176,3485,1391863642,131951
5,0,4,0,132011,31478,15536,25712,52296,9252,33980,53422,20200,3320,1219523679,163489
5,0,4,1,123818,31485,15536,25849,44098,9265,30611,48743,20201,3293,1219523679,155303
5,0,5,0,132840,31470,14302,25809,53350,10333,35771,53858,20186,3297,4212702492,164310
5,0,5,1,123751,31483,14345,25758,44202,10323,32062,48354,20191,3275,4212702492,155234
5,0,6,0,127169,31451,14072,25761,50489,7669,32295,51760,20193,3296,4036060698,158620
5,0,6,1,118557,31439,14042,25675,42123,7623,29104,46451,20192,3343,4036060698,149996
5,0,7,0,106512,31444,13117,18352,32165,5029,33419,30859,20218,3444,3010218121,137956
5,0,7,1,101425,31444,13155,18320,27600,5005,30096,28488,20692,3452,3010218121,132869
5,0,8,0,165396,31496,19399,25725,53945,15507,39740,55571,20178,7572,1605508744,196892
5,0,8,1,127329,31727,12471,25719,44550,15479,35880,50000,20175,3310,1605508744,159056
5,0,9,0,143122,31454,26933,26124,52571,8431,33873,53392,20209,3287,2898416093,174576
5,0,9,1,133639,31465,26975,25730,43401,8361,29931,47693,20207,3299,2898416093,165104
5,0,10,0,142068,31424,25038,25779,53383,8634,33876,54058,20207,3358,398643114,173492
5,0,10,1,133081,31504,25011,25681,44661,8643,30496,48622,20215,3294,398643114,164585
5,0,11,0,116334,31450,21804,18177,33781,5885,35947,29493,20185,3472,3284553875,147784
5,0,11,1,111886,31448,21851,18187,29186,5848,32592,28294,20174,3440,3284553875,143334
5,0,12,0,136876,31462,17312,26342,53999,10035,35569,54942,20195,3316,237515493,168338
5,0,12,1,128462,31449,17269,25806,45071,10067,31882,50294,20236,3321,237515493,159911
5,0,13,0,133457,31479,14215,25722,54388,9946,34451,55746,20209,3319,3387434449,164936
5,0,13,1,153023,31484,21246,25757,45390,9924,31265,49937,20188,7579,3387434449,184507
5,0,14,0,132256,31458,12668,25751,54026,10667,35680,54908,20178,3285,3281091486,163714
5,0,14,1,123479,31462,12631,25798,44762,10711,32459,48950,20730,3280,3281091486,154941
5,0,15,0,111164,31452,11683,18259,37631,6913,40538,29889,20175,3453,2856144884,142616
5,0,15,1,105429,31441,11717,18280,31722,6897,36129,28349,20176,3527,2856144884,136870
5,0,16,0,142804,31491,14386,25808,59163,14270,38834,60548,20198,3316,3720760347,174295
5,0,16,1,131974,31453,14340,25800,48755,14033,34876,53844,20199,3300,3720760347,163427
5,0,17,0,138186,31437,14801,25827,55850,11496,38321,56090,20198,3338,1921748590,169623
5,0,17,1,127738,31468,14821,25750,46494,11505,34170,49720,20204,3293,1921748590,159206
5,0,18,0,140680,31480,13413,25825,60203,12051,38886,59327,20173,3323,2549093504,172160
5,0,18,1,158884,31430,20489,25749,49861,12072,34770,53045,20196,7577,2549093504,190314
5,0,19,0,111142,31439,13300,18718,35028,7293,38366,30346,20199,3467,3292327016,142581
5,0,19,1,105476,31433,13334,18264,29789,7243,34044,28851,20208,3508,3292327016,136909
5,0,20,0,134173,31472,11175,25735,55926,12198,38121,55873,20181,3298,4255739880,165645
5,0,20,1,123851,31453,11147,25755,45685,12234,34300,49505,20184,3294,4255739880,155304
5,0,21,0,152269,31486,23513,25744,59614,14312,40639,59164,20195,3310,1765956462,183755
5,0,21,1,142253,31447,23540,25691,49512,14275,36316,53296,20183,3355,1765956462,173700
5,0,22,0,155796,31485,23918,25816,56191,20627,40118,62660,20225,3313,2954593681,187281
5,0,22,1,147061,31445,23873,25804,46472,20612,36724,57419,20232,3330,2954593681,178506
5,0,23,0,144301,31463,28080,18420,33098,6456,35822,29828,20203,7576,2147452798,175764
5,0,23,1,110837,31461,20935,18229,28443,6408,32148,28539,20204,3449,2147452798,142298
5,0,24,0,140254,31429,16648,26245,54388,13736,37041,57463,20197,3376,2042903052,171683
5,0,24,1,131012,31450,17064,25721,45341,13752,33649,51294,20201,3324,2042903052,162462
5,1,1,0,151431,31938,15553,25445,62183,19169,39371,67565,20197,3307,1186615512,183369
5,1,1,1,140669,31442,15793,25482,51096,19149,35197,60666,20185,3353,1186615512,172111
5,1,2,0,143590,31461,18629,25559,54561,15537,39599,56195,20217,3338,604736593,175051
5,1,2,1,135139,31448,18587,25623,45001,15600,36257,51212,20231,3340,604736593,166587
5,1,3,0,140861,31429,26162,18233,32403,5589,34283,29607,20220,7564,3620685277,172290
5,1,3,1,107608,31437,19083,18311,27693,5546,30866,28341,20217,3514,3620685277,139045
5,1,4,0,123507,31999,18815,25760,43504,6114,29145,46365,20196,3356,3621659590,155506
5,1,4,1,117177,31453,18845,25846,37135,6047,26550,42609,20217,3372,3621659590,148630
5,1,5,0,126994,31452,13961,25827,48220,9775,32642,51314,20194,3340,3633283969,158446
5,1,5,1,119393,31491,13992,25891,40464,9750,29739,46498,20181,3330,3633283969,150884
5,1,6,0,138990,31433,12917,25829,59532,11301,38778,58014,20169,3390,3219118864,170423
5,1,6,1,128100,31437,12673,25853,49031,11317,34541,51790,20201,3360,3219118864,159537
5,1,7,0,111603,31429,12721,18308,36646,7038,39396,30230,20194,3551,1343355074,143032
5,1,7,1,106140,31458,12763,18340,31023,7002,35229,28813,20192,3499,1343355074,137598
5,1,8,0,138984,31480,13323,25972,57296,11899,39432,56978,20224,3359,1849414379,170464
5,1,8,1,127261,31485,13315,25943,46627,11922,35191,49432,20420,3372,1849414379,158746
5,1,9,0,151918,31492,14942,25840,65261,16522,46158,61596,20230,3372,3183707547,183410
5,1,9,1,168847,31835,21995,25863,53339,16573,41357,54550,20199,7625,3183707547,200682
5,1,10,0,146612,31463,19379,25815,57219,14889,38650,59404,20182,3377,381623221,178075
5,1,10,1,136656,31469,19336,25844,47353,14883,34929,53280,20183,3402,381623221,168125
5,1,11,0,113197,31445,19704,25913,31154,6703,32971,30936,20705,3344,2083839560,144642
5,1,11,1,108641,31422,19720,25792,27094,6729,29877,29869,20218,3309,2083839560,140063
5,1,12,0,124800,31473,18645,25814,43695,7281,29740,47186,20197,3360,3311825655,156273
5,1,12,1,118030,31475,18629,25843,37088,7294,27196,43159,20204,3312,3311825655,149505
5,1,13,0,129515,31450,14134,25922,49988,10249,33351,52941,20183,3347,1229443374,160965
5,1,13,1,122672,31438,14154,25892,41857,10258,30379,48881,20236,3363,1229443374,154110
5,1,14,0,162243,31941,19964,25874,54616,10869,36173,55318,20194,7567,939047822,194184
5,1,14,1,123899,31471,12926,25864,44973,10879,32609,49245,20185,3341,939047822,155370
5,1,15,0,113527,31436,11947,18313,39968,6478,42163,30299,20197,3484,863089649,144963
5,1,15,1,107291,31464,11937,18348,33564,6462,37366,28714,20184,3500,863089649,138755
5,1,16,0,145062,31508,12346,25975,64251,13097,40348,63110,20196,3391,3019920636,176570
5,1,16,1,133043,31472,12327,25904,52365,13119,35981,55543,20193,3442,3019920636,164515
5,1,17,0,142646,31480,16291,25856,56608,14713,38406,58920,20185,3327,843886852,174126
5,1,17,1,132446,31466,16316,25822,46253,14711,34499,52420,20180,3360,843886852,163912
5,1,18,0,151150,31452,17075,25954,59699,17893,40917,63853,20237,3389,2027149072,182602
5,1,18,1,139175,31486,17031,25855,49148,17914,36488,56559,20175,3346,2027149072,170661
5,1,19,0,111908,31443,19860,18310,30832,5914,33144,29583,20206,3509,1601706887,143351
5,1,19,1,136073,31494,26854,18264,26609,5925,30096,28370,20223,7557,1601706887,167567
5,1,20,0,126931,31481,19393,25865,44998,7378,30630,47742,20207,3302,3824057806,158412
5,1,20,1,119830,31434,19363,25867,38020,7380,27733,43663,20192,3372,3824057806,151264
5,1,21,0,130210,31453,13534,25916,51087,10457,35092,52499,20193,3370,2903323728,161663
5,1,21,1,121963,31480,13551,25920,42711,10464,31673,47554,20191,3304,2903323728,153443
5,1,22,0,138556,31469,14374,25873,57017,11922,36773,58171,20203,3374,1833175624,170025
5,1,22,1,128662,31428,14343,25925,47179,11915,33101,52049,20204,3414,1833175624,160090
5,1,23,0,111538,31437,13811,18329,35030,7364,38325,30095,20207,3529,2903781557,142975
5,1,23,1,107368,31387,13875,18352,29514,7336,35469,28615,20193,3586,2903781557,138755
5,1,24,0,154850,31495,13768,25880,67855,18019,46499,65390,20205,3387,3538193475,186345
5,1,24,1,170466,31446,20873,25824,54908,17984,40881,57965,20215,7574,3538193475,201912
5,2,1,0,133144,31427,12332,25490,56270,10253,35347,56781,20208,3209,1667784903,164571
5,2,1,1,123684,31474,12330,25421,46823,10281,31823,50817,20181,3206,1667784903,155158
5,2,2,0,135692,31427,12235,25860,57025,11624,38844,55791,20208,3201,4196847628,167119
5,2,2,1,125053,31420,12215,25864,46475,11674,34873,49277,20192,3197,4196847628,156473
5,2,3,0,115381,31450,10767,18604,42547,6794,44641,31093,20186,3391,2275874209,146831
5,2,3,1,109452,31426,10793,18315,35626,6757,40432,29231,20202,3381,2275874209,140878
5,2,4,0,157610,31910,23609,25890,65264,13810,40261,64847,20211,3303,1663670830,189520
5,2,4,1,174672,31437,30759,25823,53417,13858,35873,57359,20228,7570,1663670830,206109
5,2,5,0,145787,31655,17255,25821,56307,17526,42541,57236,20203,3239,1677554034,177442
5,2,5,1,135779,31391,17304,25795,46165,17545,38753,50883,20196,3255,1677554034,167170
5,2,6,0,136721,31446,12236,25921,58024,11584,38574,57081,20196,3224,1615182190,168167
5,2,6,1,126970,31446,12221,25808,48405,11686,34407,51622,20196,3222,1615182190,158416
5,2,7,0,110603,31426,16515,18290,34124,5115,35181,30005,20212,3421,2699987343,142029
5,2,7,1,106004,31417,16525,18276,29392,5109,31821,28655,20223,3388,2699987343,137421
5,2,8,0,140957,31699,11578,25916,62040,11454,46763,53876,20196,3179,1115295935,172656
5,2,8,1,128452,31420,11533,25826,50779,11437,40547,47619,20203,3227,1115295935,159872
5,2,9,0,158004,31469,16946,25942,56279,8367,35008,55711,20176,7592,4149672134,189473
5,2,9,1,119918,31916,9926,25825,46888,8381,31622,49597,20185,3206,4149672134,151834
5,2,10,0,132122,31452,11128,25837,53860,12449,35516,56756,20171,3210,3436562761,163574
5,2,10,1,123032,31675,11091,25880,44838,12390,32131,51109,20171,3234,3436562761,154707
5,2,11,0,139211,31441,43156,18118,33258,7995,36326,30791,20212,3359,751676600,170652
5,2,11,1,133602,31452,42657,18162,28601,7536,32485,29462,20198,3372,751676600,165054
5,2,12,0,142365,31426,24773,25825,52335,10474,33315,55446,20182,3255,1769532738,173791
5,2,12,1,133675,31409,24774,25766,43785,10492,30171,49996,20194,3251,1769532738,165084
5,2,13,0,136735,31443,22001,25850,50135,9930,32745,53293,20200,3212,3653818969,168178
5,2,13,1,130610,31451,22043,25902,42641,9985,30957,48813,20219,3195,3653818969,162061
5,2,14,0,134459,31450,18285,25865,51955,9469,34366,53053,20204,3171,1893107688,165909
5,2,14,1,154091,31475,25363,25813,42894,9469,30553,47759,20196,7579,1893107688,185566
5,2,15,0,103463,31666,11207,18265,32938,4532,33872,29505,20189,3383,1092426482,135129
5,2,15,1,98918,31416,11225,18294,28265,4527,30633,28077,20185,3399,1092426482,130334
5,2,16,0,126907,31443,10669,25916,51817,9585,33768,53678,20202,3217,1583769456,158350
5,2,16,1,118396,31959,10636,25834,43473,9663,30634,48467,20178,3202,1583769456,150355
5,2,17,0,118357,31454,11497,25797,45065,7222,30370,47839,20172,3187,1434117155,149811
5,2,17,1,111664,31442,11517,25831,38211,7200,27721,43648,20173,3185,1434117155,143106
5,2,18,0,118827,31460,11596,25888,43937,8523,30663,47810,20180,3169,2169109094,150287
5,2,18,1,113638,31463,11823,25920,37374,8590,28185,44919,20216,3171,2169109094,145101
5,2,19,0,153147,31461,12596,25791,77203,8742,30356,81512,20206,3112,3039493232,184608
5,2,19,1,138687,31456,12569,25914,62651,8691,27841,69539,20200,3146,3039493232,170143
5,2,20,0,161918,31418,26403,25831,49610,9370,33482,51469,20175,7574,3942764293,193336
5,2,20,1,124923,31429,19382,25894,41424,9329,30410,46364,20195,3208,3942764293,156352
5,2,21,0,129867,31897,13461,25936,54186,7491,33769,53973,20187,3196,467367711,161764
5,2,21,1,120988,31456,13492,25857,45226,7501,30500,48211,20173,3195,467367711,152444
5,2,22,0,154040,31449,33269,25825,54027,11916,35301,56593,20228,3223,3193952169,185489
5,2,22,1,144812,31458,33240,25787,45008,11931,31829,51019,20203,3213,3193952169,176270
5,2,23,0,117682,31429,21150,18354,34439,6058,36830,30713,20221,3420,552372101,149111
5,2,23,1,111389,31688,21163,18294,29302,5986,32880,28346,20213,3371,552372101,143077
5,2,24,0,139562,31463,13522,25961,53613,17399,37902,59204,20189,3239,2504021328,171025
5,2,24,1,129442,31421,13048,25819,44717,16979,34580,53062,20172,3263,2504021328,160863
6,0,1,0,133159,31454,13859,27170,54648,8544,41064,49429,20201,3241,541894696,164613
6,0,1,1,123654,31475,13874,26632,45676,8493,36736,44199,20204,3252,541894696,155129
6,0,2,0,135593,31480,12495,26596,56038,11345,43188,50919,20188,3284,96646820,167073
6,0,2,1,125720,31480,12440,26658,46202,11424,38950,45470,20182,3263,96646820,157200
6,0,3,0,108866,31431,11183,19348,33441,7323,41787,26824,20201,3421,3346407885,140297
6,0,3,1,103026,31418,11218,19270,28614,7292,37981,24626,20183,3490,3346407885,134444
6,0,4,0,134904,31453,15585,27132,53237,9772,41154,49126,20199,3313,1995678371,166357
6,0,4,1,125229,31476,15549,26999,44351,9305,36770,44017,20197,3273,1995678371,156705
6,0,5,0,163774,31446,21367,26998,54108,10483,42373,49344,20193,7583,4039661572,195220
6,0,5,1,125801,31456,14298,27030,44787,10516,38288,44182,20201,3289,4039661572,157257
6,0,6,0,129525,31471,14085,27029,51669,7603,39287,47146,20195,3285,3810101638,160996
6,0,6,1,121582,31468,14060,27102,43728,7640,36238,42368,20186,3302,3810101638,153050
6,0,7,0,107523,31425,13124,19515,33132,5043,39964,25265,20199,3504,3764057957,138948
6,0,7,1,102830,31419,13126,19552,28325,5012,36211,24275,20182,3504,3764057957,134249
6,0,8,0,138876,31694,12466,27052,54624,15555,46202,51155,20197,3291,1910928323,170570
6,0,8,1,130658,31472,12455,27094,45245,15584,43215,46032,20175,3320,1910928323,162130
6,0,9,0,144915,31476,26933,26922,53577,8399,40219,48809,20206,3290,553095336,176391
6,0,9,1,136206,31433,26940,26953,44652,8416,36352,43804,20214,3346,553095336,167639
6,0,10,0,144255,31437,25032,27046,54240,8712,40609,49520,20199,3333,1988110522,175692
6,0,10,1,164032,31437,32188,26968,45459,8766,36692,44629,20215,7584,1988110522,195469
6,0,11,0,119359,31441,21847,19509,35199,6023,43289,25106,20181,3443,2297788546,150800
6,0,11,1,113628,31909,21856,19479,29592,5959,38591,24011,20200,3472,2297788546,145537
6,0,12,0,138962,31485,17297,26987,55324,10223,42339,50326,20187,3271,2081579829,170447
6,0,12,1,129508,31455,17274,27047,45945,10200,38280,45043,20180,3298,2081579829,160963
6,0,13,0,137235,31491,14210,27156,55607,10051,42913,51198,20204,3269,2178734918,168726
6,0,13,1,127043,31461,14200,27244,46390,9996,37791,45974,20205,3324,2178734918,158504
6,0,14,0,135577,31474,12658,27123,55823,10773,43417,50440,20200,3305,2832279489,167051
6,0,14,1,125061,31491,12632,27064,45590,10738,38842,44681,20197,3288,2832279489,156552
6,0,15,0,113561,31706,11696,19567,38546,7086,47383,25443,20181,3450,2357389411,145267
6,0,15,1,107472,31428,11723,19605,32279,7050,42330,24216,20180,3479,2357389411,138900
6,0,16,0,174144,31442,21474,26979,60435,14213,45994,55761,20194,7580,3382796555,205586
6,0,16,1,135006,31470,14409,27063,50156,14247,41898,49709,20181,3298,3382796555,166476
6,0,17,0,139695,31454,14793,26985,57262,11590,44602,51367,20203,3299,3945676149,171149
6,0,17,1,129483,31489,14821,26991,46936,11553,40266,45347,20204,3290,3945676149,160972
6,0,18,0,143720,31459,13449,27123,61707,12220,46274,54917,20189,3343,2443949494,175179
6,0,18,1,133457,31439,13397,27172,50379,12258,42282,48810,20178,3339,2443949494,164896
6,0,19,0,113191,31434,13294,19510,36239,7432,45050,25643,20225,3523,2637664465,144625
6,0,19,1,108443,31430,13305,19634,30636,7488,40709,24703,20677,3461,2637664465,139873
6,0,20,0,136792,31472,11156,27075,57061,12363,45223,51404,20160,3273,456823485,168264
6,0,20,1,126382,31486,11122,27056,46810,12337,40796,45542,20184,3281,456823485,157868
6,0,21,0,155346,31469,23549,27099,60623,14869,47623,55107,20233,3288,2608830671,186815
6,0,21,1,172822,31460,30654,26970,49849,14388,42526,48807,20196,7576,2608830671,204282
6,0,22,0,158004,31489,23902,27020,57051,20853,47370,57680,20212,3282,242003287,189493
6,0,22,1,148135,31483,23870,26910,47392,20855,43188,52099,20207,3319,242003287,179618
6,0,23,0,120017,31434,20938,20068,34495,6631,43470,26443,20224,3481,4154789726,151451
6,0,23,1,113228,31442,20962,19460,29391,6569,38674,24353,20203,3475,4154789726,144670
6,0,24,0,142516,31481,16638,26924,55772,13938,44403,52387,20199,3304,4030887924,173997
6,0,24,1,132902,31447,16606,27025,46267,13928,40296,47051,20204,3317,4030887924,164349
6,1,1,0,154078,31471,15598,26760,63259,19323,46497,62977,20199,3305,93845124,185549
6,1,1,1,171748,31428,22652,26691,51816,19753,41600,56791,20220,7605,93845124,203176
6,1,2,0,146344,31439,18637,26799,55976,15665,46891,51679,20231,3310,338183989,177783
6,1,2,1,136509,31491,18582,26945,46115,15717,42938,45979,20199,3318,338183989,168000
6,1,3,0,116632,31415,19052,19690,34110,5754,41892,26395,20237,3565,3631867982,148047
6,1,3,1,109833,31465,19092,19599,28526,5677,37186,24257,20204,3499,3631867982,141298
6,1,4,0,125916,31459,18829,27085,44603,6073,35899,41996,20222,3343,1973475890,157375
6,1,4,1,119186,31469,18758,27070,38097,6066,32919,38444,20211,3297,1973475890,150655
6,1,5,0,129763,31475,13951,27193,49618,9815,39842,46918,20191,3314,1800323910,161238
6,1,5,1,121764,31691,13970,27129,41551,9805,36331,42283,20189,3346,1800323910,153455
6,1,6,0,170197,31453,19714,27154,60946,11435,45624,54044,20194,7582,1364585099,201650
6,1,6,1,130222,31482,12698,27174,49649,11418,40744,47629,20205,3351,1364585099,161704
6,1,7,0,114250,31705,12742,19552,37859,7235,46545,25748,20177,3521,2637429152,145955
6,1,7,1,108325,31469,12761,19579,31833,7183,41711,24506,20203,3532,2637429152,139794
6,1,8,0,140322,31477,13352,27187,58398,12047,46415,51349,20195,3370,1810608382,171799
6,1,8,1,130914,31506,13310,27237,47811,12110,42847,45637,20197,3378,1810608382,162420
6,1,9,0,154308,31469,14918,27119,66116,16943,53186,57126,20197,3370,3779562838,185777
6,1,9,1,142187,31494,14936,27209,53774,16969,47693,50392,20180,3365,3779562838,173681
6,1,10,0,149727,31468,19368,27217,58722,15074,46178,54971,20207,3357,2842748869,181195
6,1,10,1,138961,31941,19338,27096,48242,15088,41545,49011,20201,3342,2842748869,170902
6,1,11,0,115321,31486,19720,27110,32616,6647,40013,26487,20212,3300,2548649306,146807
6,1,11,1,140270,31467,26770,27117,28589,6739,36534,26049,20208,7585,2548649306,171737
6,1,12,0,127084,31484,18647,27080,44818,7275,36608,42697,20176,3303,895716694,158568
6,1,12,1,120570,31480,18578,27136,38410,7229,33859,39050,20200,3325,895716694,152050
6,1,13,0,133704,31448,14119,27212,51596,10323,42049,48406,20204,3376,3610200507,165152
6,1,13,1,123681,31472,14159,27143,42808,10248,36762,43570,20215,3339,3610200507,155153
6,1,14,0,136233,31472,12900,27254,55900,10898,43315,50872,20179,3364,4025252297,167705
6,1,14,1,126012,31468,12880,27173,45889,10951,39150,44997,20178,3314,4025252297,157480
6,1,15,0,115790,31459,11938,19638,40719,6626,48878,25778,20178,3523,4210741467,147249
6,1,15,1,109458,31445,11947,19644,34230,6596,43611,24576,20199,3531,4210741467,140903
6,1,16,0,147955,31469,12381,27269,65187,13744,47914,58421,20172,3438,2015668703,179424
6,1,16,1,163629,31426,19321,27043,53127,13349,42434,51215,20197,7574,2015668703,195055
6,1,17,0,145626,31477,16289,27376,57875,14881,45823,54444,20192,3350,1061758571,177103
6,1,17,1,134661,31457,16319,27165,47040,14848,40994,48195,20188,3351,1061758571,166118
6,1,18,0,152262,31451,17067,27100,60722,18085,47676,58369,20201,3326,3142620728,183713
6,1,18,1,143151,31466,17041,27790,49782,18163,42958,54043,20212,3351,3142620728,174617
6,1,19,0,114431,31454,19824,19524,32208,5941,40179,25150,20241,3522,1577197730,145885
6,1,19,1,110034,31449,19838,19593,27571,5958,36600,24177,20250,3537,1577197730,141483
6,1,20,0,129469,31473,19368,27171,45985,7655,37183,43762,20210,3307,4156472272,160942
6,1,20,1,121863,31493,19353,27025,38913,7360,33914,39515,20202,3340,4156472272,153356
6,1,21,0,161278,31460,20598,27143,52185,10536,41869,48128,20178,7570,664619345,192738
6,1,21,1,124681,31463,13574,27183,43598,10545,38023,43443,20676,3327,664619345,156144
6,1,22,0,141131,31498,14377,27204,58187,12062,43947,53639,20196,3357,2408893792,172629
6,1,22,1,131186,31471,14350,27201,48283,12138,39647,48110,20191,3350,2408893792,162657
6,1,23,0,115858,31422,13827,19648,36056,7533,46807,25405,20717,3563,1935257800,147280
6,1,23,1,108965,31488,13874,19585,30966,7491,41440,24302,20201,3513,1935257800,140453
6,1,24,0,156542,31459,13803,27162,68044,18151,52661,60833,20212,3433,2230352913,188001
6,1,24,1,143583,31444,13756,27100,55323,18130,46903,53781,20216,3423,2230352913,175027
6,2,1,0,164596,31421,19439,26679,57508,10351,42425,52228,20182,7642,1943282115,196017
6,2,1,1,126419,31413,12373,26727,47555,10307,38238,46466,20211,3271,1943282115,157832
6,2,2,0,138417,31450,12271,27133,58340,11777,46179,51192,20199,3225,81348399,169867
6,2,2,1,127469,31418,12230,27196,47413,11807,41461,45076,20187,3203,81348399,158887
6,2,3,0,119238,31426,10840,19635,43362,6996,52632,26308,20175,3425,2962214176,150664
6,2,3,1,110041,31437,10798,19626,35916,6961,45322,24932,20209,3388,2962214176,141478
6,2,4,0,160047,31474,23603,27077,66350,14054,47413,60191,20222,3236,3223730705,191521
6,2,4,1,147693,31441,23577,27094,54097,14033,42318,53041,20204,3265,3223730705,179134
6,2,5,0,148669,31927,17285,26955,57612,17990,50031,52644,20194,3223,2941018040,180596
6,2,5,1,138277,31446,17302,27049,47069,17931,45578,46605,20188,3192,2941018040,169723
6,2,6,0,139117,31421,12257,27129,58994,11764,45364,52647,20191,3258,2587034797,170538
6,2,6,1,157301,31452,19285,27071,48545,11783,40554,46988,20181,7586,2587034797,188753
6,2,7,0,113385,31441,16514,19616,35525,5223,42518,25518,20214,3358,1194045835,144826
6,2,7,1,108513,31448,16510,19603,30288,5438,38601,24443,20212,3376,1194045835,139961
6,2,8,0,143180,31411,11547,27156,63778,11716,53408,49366,20200,3274,78943468,174591
6,2,8,1,131912,31458,11523,27213,51430,11769,47323,44303,20240,3208,78943468,163370
6,2,9,0,132135,31689,9910,27148,57838,8435,42407,51135,20174,3208,3757025993,163824
6,2,9,1,122276,31463,9944,27188,47809,8443,38146,45420,20188,3192,3757025993,153739
6,2,10,0,134756,31451,11119,27192,54985,12550,42607,52242,20176,3209,3940658399,166207
6,2,10,1,125527,31957,11114,27165,45698,12569,38614,46944,20181,3193,3940658399,157484
6,2,11,0,169575,31498,49871,19444,34389,7677,42898,26253,20210,7589,2530854939,201073
6,2,11,1,135825,31427,42641,19473,29377,7692,38915,25259,20212,3378,2530854939,167252
6,2,12,0,145368,31450,24795,27254,53821,10607,40788,51020,20187,3206,1502742198,176818
6,2,12,1,135981,31445,24753,27087,44767,10553,36678,45853,20208,3208,1502742198,167426
6,2,13,0,140599,31451,21997,27176,51464,9985,40097,49750,20253,3208,2115225861,172050
6,2,13,1,131907,31477,22046,27160,43345,9970,36476,44133,20689,3179,2115225861,163384
6,2,14,0,136428,31444,18280,27061,52616,9506,40748,48568,20216,3212,229647655,167872
6,2,14,1,127783,31438,18273,27139,43760,9557,36988,43595,20445,3181,229647655,159221
6,2,15,0,107511,31409,11198,19533,34897,5317,42332,25098,20193,3375,1306061697,138920
6,2,15,1,101950,31406,11229,19607,29260,5250,37822,23859,20194,3447,1306061697,133356
6,2,16,0,129544,31434,10667,27169,53135,9650,40863,49214,20196,3218,444998345,160978
6,2,16,1,120683,31453,10632,27180,44427,9650,37096,44293,20198,3195,444998345,152136
6,2,17,0,120921,31471,11510,27115,46328,7163,37295,43433,20169,3142,1326247610,152392
6,2,17,1,142896,31492,18516,27027,39456,7216,34158,39672,20161,7577,1326247610,174388
6,2,18,0,121628,31440,11616,27075,45500,8535,37317,43917,20187,3216,1628233279,153068
6,2,18,1,115437,31428,11567,27182,38192,8523,34247,40867,20176,3276,1628233279,146865
6,2,19,0,155879,31450,12550,27141,78696,8743,37307,77395,20185,3162,1152021380,187329
6,2,19,1,141004,31442,12554,27161,63661,8741,34284,65406,20198,3152,1152021380,172446
6,2,20,0,135714,31484,19400,27097,51027,9309,40613,46944,20179,3191,3035118262,167198
6,2,20,1,127670,31440,19371,27661,42439,9394,36920,42700,20182,3224,3035118262,159110
6,2,21,0,132518,31431,13453,27123,55502,7599,41006,49393,20167,3207,3634923473,163949
6,2,21,1,123225,31459,13462,27177,46083,7563,36946,44003,20182,3222,3634923473,154684
6,2,22,0,186049,31448,40526,27322,55322,12059,42619,52218,20224,7587,361118932,217497
6,2,22,1,147803,31428,33308,27543,45964,12035,38314,47357,20217,3241,361118932,179231
6,2,23,0,120109,31419,21166,19632,35464,6208,43720,26252,20266,3375,1208415089,151528
6,2,23,1,114134,31429,21638,19568,30050,6190,39273,24168,20192,3396,1208415089,145563
6,2,24,0,141511,31454,13082,27088,55140,17194,45372,54178,20189,3244,848896918,172965
6,2,24,1,132296,31427,13052,27203,45674,17207,41339,48872,20432,3258,848896918,163723
7,0,1,0,125383,31435,13843,24330,49706,8499,36511,46155,20206,3262,889928414,156818
7,0,1,1,117484,31444,13845,24462,41682,8492,32962,41802,20194,3242,889928414,148928
7,0,2,0,157435,31462,19807,24285,51131,11377,39248,47671,20186,7586,1882333287,188897
7,0,2,1,119716,31449,12505,24385,42420,11338,35253,43020,20189,3299,1882333287,151165
7,0,3,0,104385,31436,11162,17651,31053,7323,38859,25368,20171,3399,2483119874,135821
7,0,3,1,98936,31449,11189,17640,26287,7310,34068,24056,20189,3398,2483119874,130385
7,0,4,0,127503,31477,15564,24883,48758,9186,36880,46082,20196,3263,3480557397,158980
7,0,4,1,119659,31457,15542,24800,41016,9245,33431,41767,20193,3317,3480557397,151116
7,0,5,0,128509,31470,14269,25325,49438,10400,38502,46802,20169,3304,1396836406,159979
7,0,5,1,119763,31466,14324,24855,41069,10316,34615,41759,20231,3286,1396836406,151229
7,0,6,0,122653,31478,14066,24839,46979,7642,35446,44148,20171,3277,3796268863,154131
7,0,6,1,114943,31460,14033,24818,39418,7597,32068,39901,20190,3295,3796268863,146403
7,0,7,0,131547,31412,20225,17880,30942,5076,36210,24689,20197,7567,3389984421,162959
7,0,7,1,98637,31700,13125,17899,26374,5014,32608,23738,20186,3434,3389984421,130337
7,0,8,0,132066,31969,12486,24852,50098,15469,42363,48191,20183,3305,3793886962,164035
7,0,8,1,123415,31473,12512,24769,41559,15480,38392,43545,20186,3281,3793886962,154888
7,0,9,0,137822,31732,26956,24775,48758,8289,36412,45539,20206,3269,2283881998,169554
7,0,9,1,130986,31435,26967,24935,40447,8342,32911,42051,20223,3313,2283881998,162421
7,0,10,0,137400,31449,25064,24825,49686,8640,36743,46541,20218,3315,3528078250,168849
7,0,10,1,129616,31991,25543,24760,41466,8700,33043,42009,20217,3312,3528078250,161607
7,0,11,0,114198,31435,21796,17829,32474,5977,38827,24492,20196,3454,277917991,145633
7,0,11,1,109434,31425,21822,17890,27540,5971,34942,23499,20183,3457,277917991,140859
7,0,12,0,131778,31683,17304,24853,50323,10174,38281,47205,20174,3303,2339266996,163461
7,0,12,1,123380,31475,17286,24760,42051,10176,34559,42562,20192,3304,2339266996,154855
7,0,13,0,128777,31453,14219,24861,50547,9947,37706,47783,20210,3335,2916932619,160230
7,0,13,1,149189,31935,21233,24836,42315,10018,34088,43224,20190,7585,2916932619,181124
7,0,14,0,128738,31465,12662,24885,50069,10755,40103,46940,20192,3282,182938165,160203
7,0,14,1,118807,31467,12644,24834,41608,10629,35171,42055,20191,3314,182938165,150274
7,0,15,0,108789,31436,11681,17895,35962,7101,43146,24843,20199,3496,1068650842,140225
7,0,15,1,103023,31449,11700,17902,30119,7060,38476,23673,20197,3433,1068650842,134472
7,0,16,0,138244,31463,14799,24933,55116,14097,41890,52384,20200,3335,1618171788,169707
7,0,16,1,127867,31462,14353,24842,45524,14068,37609,46958,20204,3307,1618171788,159329
7,0,17,0,132239,31460,14784,25096,51725,11528,40701,47783,20197,3316,3525823250,163699
7,0,17,1,123071,31470,14852,24808,42768,11517,36608,42621,20198,3287,3525823250,154541
7,0,18,0,135703,31461,13423,24928,55964,12164,41674,51521,20175,3356,3657446658,167164
7,0,18,1,154975,31420,20487,25421,46150,12194,37264,46630,20186,7584,3657446658,186395
7,0,19,0,109873,31464,13291,18000,33814,7490,41163,26283,20241,3412,2362069063,141337
7,0,19,1,103427,31429,13309,17900,28497,7434,36805,24050,20190,3506,2362069063,134856
7,0,20,0,129183,31475,11158,25176,51441,12228,41251,47728,20182,3297,2876315669,160658
7,0,20,1,119633,31463,11155,24792,42407,12224,37075,42479,20175,3308,2876315669,151096
7,0,21,0,147254,31494,23525,24773,55556,14333,43270,51523,20174,3312,2982713131,178748
7,0,21,1,138362,31487,23534,24880,45826,14374,38752,46472,20713,3298,2982713131,169849
7,0,22,0,150715,31472,23925,24810,52060,20735,43320,54416,20215,3301,1239484443,182187
7,0,22,1,142170,31458,23899,24770,43367,20718,39458,49525,20232,3336,1239484443,173628
7,0,23,0,138501,31435,28542,17827,31991,6643,38747,24723,20200,3509,3132674923,169936
7,0,23,1,109598,31441,20965,17919,27312,6621,35119,23815,20680,3440,3132674923,141039
7,0,24,0,136195,31505,16647,24815,50696,13807,40300,49148,20203,4364,4168598023,167700
7,0,24,1,128136,31433,16644,24876,42396,13839,36742,45628,20224,3351,4168598023,159569
7,1,1,0,146133,31482,15554,24598,57723,19143,42289,59311,20198,3352,1021285616,177615
7,1,1,1,136012,31451,15578,24615,47521,19119,37822,53569,20200,3336,1021285616,167463
7,1,2,0,138587,31693,18618,24670,50498,15540,42991,47852,20205,3337,3281757680,170280
7,1,2,1,129837,31488,18613,24675,41825,15551,39088,43094,20194,3336,3281757680,161325
7,1,3,0,134597,31433,26126,17931,31144,5685,37100,24694,20210,3542,1828909894,166030
7,1,3,1,105539,31430,19102,17968,26447,5662,33464,23709,20190,3497,1828909894,136969
7,1,4,0,120826,31493,18794,24954,40685,6017,32172,39618,20199,4399,452104480,152319
7,1,4,1,115170,31432,18838,24963,34805,6092,29537,37600,20234,3343,452104480,146602
7,1,5,0,122849,31457,13960,24906,45016,9761,36009,43807,20184,3361,217422484,154306
7,1,5,1,115859,31481,13973,25005,37826,9746,32726,39984,20198,3319,217422484,147340
7,1,6,0,134284,31499,12708,25568,55316,11351,41500,50871,20191,3360,3773208070,165783
7,1,6,1,123859,31488,12670,24982,45584,11378,36911,45172,20173,3375,3773208070,155347
7,1,7,0,109865,31442,12736,17944,35319,7273,42437,25247,20413,3505,1822379392,141307
7,1,7,1,104001,31422,12786,17962,29615,7201,37898,23983,20202,3530,1822379392,135423
7,1,8,0,131985,31501,13310,24980,52388,11976,42400,47075,20203,3366,10656798,163486
7,1,8,1,122954,31494,13289,25038,43292,12097,38329,42239,20176,3355,10656798,154448
7,1,9,0,148789,31466,14888,25012,60551,16891,49961,53802,20196,4411,1744515059,180255
7,1,9,1,160271,31416,21979,24872,49607,16876,43748,47738,20203,3475,1744515059,191687
7,1,10,0,142333,31470,19612,24951,53380,15051,41843,51670,20184,3358,3100932827,173803
7,1,10,1,133374,31439,19350,24949,44695,15128,38316,46595,20200,3377,3100932827,164813
7,1,11,0,110751,31444,19705,24928,30121,6794,36112,25858,20198,3352,4060072917,142195
7,1,11,1,107236,31445,20186,24859,25997,6828,32865,24947,20198,3316,4060072917,138681
7,1,12,0,120857,31492,18636,24927,40834,7177,32945,40125,20195,3317,2037837059,152349
7,1,12,1,114957,31500,18602,25179,34803,7212,30390,36935,20183,3302,2037837059,146457
7,1,13,0,125572,31426,14112,24962,46891,10339,36431,45895,20180,3414,3323052816,156998
7,1,13,1,117776,31469,14171,24904,39136,10256,33106,41324,20217,3351,3323052816,149245
7,1,14,0,128415,31448,12946,24953,50456,10767,39399,46944,20184,3367,2060727642,159863
7,1,14,1,144034,31434,19947,24926,41747,10790,35504,42090,20185,3431,2060727642,175468
7,1,15,0,110956,31471,11955,17992,38070,6572,44520,25236,20198,3489,659479994,142427
7,1,15,1,107372,31467,11951,18335,31752,6656,39882,25099,20240,4582,659479994,138839
7,1,16,0,140021,31473,12375,24962,60010,13298,43278,55127,20196,3386,4232947911,171494
7,1,16,1,128614,31492,12348,24986,48806,13239,38614,48546,20191,3384,4232947911,160106
7,1,17,0,137414,31466,16272,24938,52186,14734,41559,50435,20194,3387,3516437390,168880
7,1,17,1,128016,31518,16325,24980,42692,14744,37289,45257,20190,3337,3516437390,159534
7,1,18,0,144803,31447,17049,24889,55554,17984,43459,55100,20177,3379,4248228522,176250
7,1,18,1,135414,31447,17014,24888,46279,17931,38919,50312,20193,3395,4248228522,166861
7,1,19,0,110047,31467,19813,17944,29884,6034,36361,24601,20232,3498,3686137679,141514
7,1,19,1,105918,31451,19858,17945,25638,6001,33017,23615,20227,3565,3686137679,137369
7,1,20,0,149136,31445,26392,25040,42318,7413,34645,41436,20183,3428,2808417709,180581
7,1,20,1,117439,31478,19363,24883,35635,7334,30435,37554,20184,4378,2808417709,148917
7,1,21,0,126012,31477,13593,24959,47743,10456,37815,45479,20196,3326,3971000984,157489
7,1,21,1,118231,32016,13574,24981,39918,10494,34218,41308,20182,3323,3971000984,150247
7,1,22,0,133932,31464,14392,24932,53262,12058,39895,50491,20188,3355,1768418529,165396
7,1,22,1,124691,31686,14346,24978,44111,11999,35877,45340,20201,3393,1768418529,156377
7,1,23,0,109939,31433,13832,17967,33667,7625,41646,24705,20668,3561,2217023449,141372
7,1,23,1,104095,31481,13892,17934,28248,7631,37212,23722,20175,3483,2217023449,135576
7,1,24,0,148959,31469,13774,24913,62394,18039,48269,57207,20218,3380,2516303924,180428
7,1,24,1,136904,31455,13740,24912,50983,18029,42996,51064,20204,3413,2516303924,168359
7,2,1,0,128438,31457,12393,24479,52387,10300,38369,48910,20201,3225,1141049452,159895
7,2,1,1,119650,31456,12344,24613,43539,10242,34489,44024,20203,3230,1141049452,151106
7,2,2,0,130403,31454,12248,25001,52511,11725,42123,47235,20210,3183,1622801991,161857
7,2,2,1,120849,31445,12220,24927,43115,11780,37711,42240,20202,3183,1622801991,152294
7,2,3,0,112170,31427,10767,17973,40516,6924,46923,25594,20203,3384,2739287199,143597
7,2,3,1,105415,31424,10796,17990,33577,6933,41313,24290,20194,3408,2739287199,136839
7,2,4,0,152770,31424,24049,24965,60653,14034,43185,56595,20207,3263,473482900,184194
7,2,4,1,141125,31446,23576,24956,49695,14036,38490,50325,20214,3233,473482900,172571
7,2,5,0,142414,31454,17267,24976,52172,18005,46459,49918,20207,3203,550464206,173868
7,2,5,1,132010,31472,17271,24863,42915,18034,42021,43921,20177,3191,550464206,163482
7,2,6,0,160695,31897,19309,24969,54077,11694,41220,49647,20199,7565,3052331803,192592
7,2,6,1,122508,31415,12266,24932,44670,11713,36821,44619,20175,3232,3052331803,153923
7,2,7,0,108738,31431,16498,17966,32976,5277,38375,25005,20221,3365,811681018,140169
7,2,7,1,103938,31463,16518,17981,28082,5225,34549,23907,20216,3365,811681018,135401
7,2,8,0,133418,31445,11540,24943,56335,11678,48827,44251,20197,3207,1098566155,164863
7,2,8,1,123112,31455,11518,25023,46087,11681,43074,39841,20195,3185,1098566155,154567
7,2,9,0,124811,31420,9922,24940,52656,8414,38284,47852,20190,3242,1978999510,156231
7,2,9,1,116427,31427,10265,24933,43770,8455,34367,42921,20173,3232,1978999510,147854
7,2,10,0,127668,31433,11148,24957,50216,12433,38631,49101,20188,3221,2845033450,159101
7,2,10,1,120780,31463,11338,25073,41838,12516,36079,44664,20167,3207,2845033450,152243
7,2,11,0,165105,31478,49865,17821,32076,7720,38992,25716,20209,7577,904727840,196583
7,2,11,1,132156,31452,42678,17854,27379,7709,35344,24715,20666,3330,904727840,163608
7,2,12,0,138009,31425,24818,24862,48893,10504,36518,47866,20208,3212,471256646,169434
7,2,12,1,129869,31430,24768,24884,40912,10498,32945,43473,20190,3215,471256646,161299
7,2,13,0,132469,31419,21986,24900,46721,9973,35950,45765,20225,3236,962000070,163888
7,2,13,1,125340,31441,22007,24947,39443,9986,32723,41775,20224,3200,962000070,156781
7,2,14,0,129283,31421,18321,24860,47751,9450,36850,45332,20185,3196,2550266169,160704
7,2,14,1,121460,31423,18274,24882,40041,9429,33312,41161,20211,3197,2550266169,152883
7,2,15,0,102600,31453,11205,17930,32232,5314,37814,24722,20185,3379,3113048486,134053
7,2,15,1,97662,31399,11248,17932,27160,5288,34111,23296,20205,3422,3113048486,129061
7,2,16,0,123865,31439,10673,24992,48509,9654,37111,47267,20220,3206,1494753751,155304
7,2,16,1,115205,31439,10635,25442,40680,9642,33398,42492,20199,3196,1494753751,146644
7,2,17,0,114402,31481,11542,24865,42136,7089,33503,40710,20167,3138,1642949082,145883
7,2,17,1,136898,31483,18465,24907,35768,7087,30530,37364,20170,7580,1642949082,168381
7,2,18,0,115460,31433,11593,24944,41503,8542,33895,41219,20166,3197,2350173208,146893
7,2,18,1,108815,31465,11605,24950,35014,8484,30739,37833,20174,3187,2350173208,140280
7,2,19,0,138767,31473,12580,24954,63813,8636,33559,63970,20179,3144,28510749,170240
7,2,19,1,127661,31954,12569,24951,52594,8684,30745,55607,20170,3150,28510749,159615
7,2,20,0,128649,31427,19413,24869,46211,9248,36706,43749,20197,3199,2583772267,160076
7,2,20,1,121282,31481,19372,24877,38749,9499,33275,39975,20181,3176,2583772267,152763
7,2,21,0,125307,31446,13450,24889,50574,7559,36988,46157,20189,3225,1037757201,156753
7,2,21,1,118282,31404,13492,24882,42249,7534,33257,42636,20191,3312,1037757201,149686
7,2,22,0,149489,31444,33267,24894,50389,11979,38335,49055,20206,3188,2212250592,180933
7,2,22,1,170015,31420,40519,24877,42019,11943,34592,44396,20219,7583,2212250592,201435
7,2,23,0,114180,31440,21153,17937,33047,6148,39530,24664,20214,3340,3703209389,145620
7,2,23,1,109588,31426,21152,18186,28006,6156,35799,23658,20208,3367,3703209389,141014
7,2,24,0,134095,31976,13078,24980,49962,17013,41217,50867,20197,3249,89389909,166071
7,2,24,1,125735,31462,13083,24933,41722,17076,37526,46333,20180,3207,89389909,157197
