ESP-ROM:esp32s3-20210327
Build:Mar 27 2021
rst:0x15 (USB_UART_CHIP_RESET),boot:0xb (SPI_FAST_FLASH_BOOT)
Saved PC:0x400450fe
SPIWP:0xee
mode:DIO, clock div:1
load:0x3fce2820,len:0x14f0
load:0x403c8700,len:0xd24
load:0x403cb700,len:0x2ef0
entry 0x403c8924
I (24) boot: ESP-IDF v5.5.4 2nd stage bootloader
I (24) boot: compile time Aug 20 2026 22:56:47
I (25) boot: Multicore bootloader
I (25) boot: chip revision: v0.2
I (27) boot: efuse block revision: v1.4
I (31) boot.esp32s3: Boot SPI Speed : 80MHz
I (35) boot.esp32s3: SPI Mode       : DIO
I (39) boot.esp32s3: SPI Flash Size : 16MB
I (43) boot: Enabling RNG early entropy source...
I (47) boot: Partition Table:
I (50) boot: ## Label            Usage          Type ST Offset   Length
I (56) boot:  0 nvs              WiFi data        01 02 00009000 00004000
I (62) boot:  1 otadata          OTA data         01 00 0000d000 00002000
I (69) boot:  2 phy_init         RF data          01 01 0000f000 00001000
I (75) boot:  3 ota_0            OTA app          00 10 00020000 004f0000
I (82) boot:  4 ota_1            OTA app          00 11 00510000 004f0000
I (89) boot:  5 storage          Unknown data     01 81 00a00000 00400000
I (95) boot:  6 coredump         Unknown data     01 03 00e00000 00010000
I (102) boot: End of partition table
I (105) esp_image: segment 0: paddr=00020020 vaddr=3c1d0020 size=2cae64h (2928228) map
I (628) esp_image: segment 1: paddr=002eae8c vaddr=3fc9e900 size=0518ch ( 20876) load
I (633) esp_image: segment 2: paddr=002f0020 vaddr=42000020 size=1cd6a4h (1889956) map
I (966) esp_image: segment 3: paddr=004bd6cc vaddr=3fca3a8c size=00830h (  2096) load
I (967) esp_image: segment 4: paddr=004bdf04 vaddr=40374000 size=1a87ch (108668) load
I (994) esp_image: segment 5: paddr=004d8788 vaddr=50000000 size=00020h (    32) load
I (1005) boot: Loaded app from partition at offset 0x20000
I (1005) boot: Disabling RNG early entropy source...
I (1015) octal_psram: vendor id    : 0x0d (AP)
I (1015) octal_psram: dev id       : 0x02 (generation 3)
I (1016) octal_psram: density      : 0x03 (64 Mbit)
I (1018) octal_psram: good-die     : 0x01 (Pass)
I (1022) octal_psram: Latency      : 0x01 (Fixed)
I (1027) octal_psram: VCC          : 0x01 (3V)
I (1031) octal_psram: SRF          : 0x01 (Fast Refresh)
I (1036) octal_psram: BurstType    : 0x01 (Hybrid Wrap)
I (1041) octal_psram: BurstLen     : 0x01 (32 Byte)
I (1045) octal_psram: Readlatency  : 0x02 (10 cycles@Fixed)
I (1051) octal_psram: DriveStrength: 0x00 (1/1)
I (1055) MSPI Timing: Enter psram timing tuning
I (1060) esp_psram: Found 8MB PSRAM device
I (1063) esp_psram: Speed: 80MHz
I (1066) cpu_start: Multicore app
I (1502) esp_psram: SPI SRAM memory test OK
I (1510) cpu_start: GPIO 44 and 43 are used as console UART I/O pins
I (1511) cpu_start: Pro cpu start user code
I (1511) cpu_start: cpu freq: 240000000 Hz
I (1513) app_init: Application information:
I (1516) app_init: Project name:     StopWatch-UserDemo
I (1521) app_init: App version:      V0.5-146-g7b9aaaa-dirty
I (1527) app_init: Compile time:     Sep 10 2026 09:50:20
I (1532) app_init: ELF file SHA256:  5147f018b...
I (1536) app_init: ESP-IDF:          v5.5.4
I (1540) efuse_init: Min chip rev:     v0.0
I (1544) efuse_init: Max chip rev:     v0.99 
I (1548) efuse_init: Chip rev:         v0.2
I (1552) heap_init: Initializing. RAM available for dynamic allocation:
I (1559) heap_init: At 3FCADF68 len 0003B7A8 (237 KiB): RAM
I (1564) heap_init: At 3FCE9710 len 00005724 (21 KiB): RAM
I (1569) heap_init: At 3FCF0000 len 00008000 (32 KiB): DRAM
I (1574) heap_init: At 600FE000 len 00001FE8 (7 KiB): RTCRAM
I (1580) esp_psram: Adding pool of 8192K of PSRAM memory to heap allocator
I (1587) spi_flash: detected chip: generic
I (1590) spi_flash: flash io: dio
I (1594) sleep_gpio: Configure to isolate all GPIO pins in sleep state
I (1600) sleep_gpio: Enable automatic switching of GPIO sleep configuration
I (1607) main_task: Started on CPU0
I (1610) esp_psram: Reserving pool of 32K of internal memory for DMA/internal allocations
I (1618) main_task: Calling app_main()
[1789025224193] [[32minfo[0m] [HAL] creating hal instance
[1789025224198] [[32minfo[0m] [HAL] init
[1789025224211] [[32minfo[0m] [HAL] i2c init
E (1640) i2c.master: this port has not been initialized, please initialize it first
I (1643) i2c_bus: i2c0 bus inited
I (1645) i2c_bus: I2C Bus V2 Config Succeed, Version: 1.5.0
I (1653) i2c_bus: found i2c device address = 0x15
I (1655) i2c_bus: found i2c device address = 0x18
I (1663) i2c_bus: found i2c device address = 0x32
I (1667) i2c_bus: found i2c device address = 0x4f
I (1671) i2c_bus: found i2c device address = 0x68
I (1673) i2c_bus: found i2c device address = 0x6e
     0  1  2  3  4  5  6  7  8  9  a  b  c  d  e  f
00: -- -- -- -- -- -- -- -- -- -- -- -- -- -- -- -- 
10: -- -- -- -- -- 15 -- -- 18 -- -- -- -- -- -- -- 
20: -- -- -- -- -- -- -- -- -- -- -- -- -- -- -- -- 
30: -- -- 32 -- -- -- -- -- -- -- -- -- -- -- -- -- 
40: -- -- -- -- -- -- -- -- -- -- -- -- -- -- -- 4f 
50: -- -- -- -- -- -- -- -- -- -- -- -- -- -- -- -- 
60: -- -- -- -- -- -- -- -- 68 -- -- -- -- -- 6e -- 
70: -- -- -- -- -- -- -- -- -- -- -- -- -- -- -- -- 
[1789025224291] [[32minfo[0m] [HAL-PMIC] pmic init
I (1738) M5PM1_SYS: Device: ID=0x50 MODEL=0x20 HW=0x05 SW=0x53(S)
I (1741) M5PM1_I2C: I2C config set and verified: sleep=0, speed=100K
I (1766) M5PM1_I2C: M5PM1 initialized at address 0x6E (I2C: 100000 Hz)
I (1769) M5PM1_I2C: I2C sleep time set and verified to 0
I (1771) M5PM1_I2C: I2C sleep time set and verified to 0
I (1775) M5PM1_SYS: Watchdog set to 0 sec
I (1779) M5PM1_PWR: Charge Enabled
I (1863) M5PM1_SYS: Single Reset: Disabled
[1789025224439] [[32minfo[0m[1789025224439] ] [[32minfo[0m] [HAL-IOE] init
[HAL-PMIC] start bat reading task
I (1869) M5IOE1_I2C: Initializing M5IOE1 with 100KHz (device default)
I (1885) M5IOE1_SYS: Device UID: 0x2BF0, FW Version: 57
I (1886) M5IOE1_I2C: Current I2C speed matches user request (400K)
I (1887) M5IOE1_I2C: I2C config set and verified: sleep=0, speed=400K, wake=falling, pull=on
I (1904) M5IOE1_I2C: M5IOE1 initialized at address 0x4F (I2C: 400000 Hz)
I (1905) M5IOE1_IRQ: Interrupt mode -> POLLING (pause if I2C sleep on; resume when off)
[1789025224479] [[32minfo[0m] [HAL-IOE] init success, addr: 0x4F
I (1916) M5IOE1_I2C: I2C sleep time set and verified to 0
I (1920) M5IOE1_I2C: I2C sleep time set and verified to 0
I (1938) M5IOE1_GPIO: Pin 8 mode set and verified: OUTPUT (0x03)
I (1952) M5IOE1_GPIO: Pin 7 mode set and verified: OUTPUT (0x03)
I (1966) M5IOE1_GPIO: Pin 9 mode set and verified: OUTPUT (0x03)
I (1979) M5IOE1_GPIO: Pin 3 mode set and verified: OUTPUT (0x03)
I (1993) M5IOE1_GPIO: Pin 4 mode set and verified: OUTPUT (0x03)
I (2006) M5IOE1_GPIO: Pin 0 mode set and verified: OUTPUT (0x03)
I (2019) M5IOE1_GPIO: Pin 2 mode set and verified: OUTPUT (0x03)
I (2022) M5IOE1_GPIO: Pin 7 digital write and verified: 1
I (2024) M5IOE1_GPIO: Pin 3 digital write and verified: 1
I (2026) M5IOE1_GPIO: Pin 9 digital write and verified: 0
I (2031) M5IOE1_GPIO: Pin 4 digital write and verified: 1
I (2037) M5IOE1_GPIO: Pin 0 digital write and verified: 0
I (2042) M5IOE1_GPIO: Pin 2 digital write and verified: 1
I (2049) M5IOE1_PWM: PWM frequency set and verified: 5000 Hz
[1789025224622] [[32minfo[0m] [HAL-IOE] start vibrator task
I (2067) M5IOE1_PWM: PWM ch0 verified: duty=0 pol=Norm en=On
[1789025224757] [[32minfo[0m] [HAL-Display] display init
[1789025224992] [[32minfo[0m] [HAL-Display] create full screen canvas
[1789025225006] [[32minfo[0m] [HAL-Display] brightness loaded from settings: 40
[1789025225007] [[32minfo[0m] [HAL-Display] touchpad init
[1789025225008] [[32minfo[0m] [HAL-IOE] touchpad reset
I (2444) M5IOE1_GPIO: Pin 3 digital write and verified: 0
I (2457) M5IOE1_GPIO: Pin 3 digital write and verified: 1
I (2509) CST820: Chip ID: 0xb7, Soft Ver: 0x02
[1789025225080] [[32minfo[0m] [HAL-Display] lvgl init
[1789025225088] [[32minfo[0m] [HAL-Audio] init
[1789025225091] [[32minfo[0m] [HAL-Audio] start audio play task
[1789025225092] [[32minfo[0m] [HAL-Audio] i2s init
I (2532) ES8311: Work in Slave mode
I (2538) I2S_IF: channel mode 0 bits:16/16 channel:2 mask:1
I (2540) I2S_IF: STD Mode 1 bits:16/16 channel:2 sample_rate:44100 mask:1
I (2540) I2S_IF: channel mode 0 bits:16/16 channel:2 mask:1
I (2545) I2S_IF: STD Mode 0 bits:16/16 channel:2 sample_rate:44100 mask:1
I (2571) Adev_Codec: Open codec device OK
[1789025225143] [[32minfo[0m] [HAL-IOE] set speaker enable
I (2575) M5IOE1_GPIO: Pin 9 digital write and verified: 1
[1789025225158] [[32minfo[0m] [HAL-Audio] volume loaded from settings: 0
[1789025225159] [[32minfo[0m] [HAL-Audio] set speaker volume to 0
[1789025225161] [[32minfo[0m] [HAL-IMU] init
[1789025226216] [[32minfo[0m] [HAL-RTC] init
[1789025226218] [[32minfo[0m] [HAL-RTC] load timezone from nvs: UTC-8
[1789025226000] [[32minfo[0m] [HAL-RTC] rtc synced to system (UTC): 2026-09-10 07:27:06
[1789025226002] [[32minfo[0m] [HAL-BTN] init
[1789025226007] [[32minfo[0m] [HAL-BTN] config loaded from settings: sfx=true, vibrate=true
[1789025226015] [[32minfo[0m] [HAL-FS] init
I (3669) wear_levelling: Mounting FAT filesystem
I (3675) wear_levelling: Done
I (3676) WifiManager: Initializing...
I (3681) pp: pp rom version: e7ae62f
I (3683) net80211: net80211 rom version: e7ae62f
I (3688) wifi:wifi driver task: 3fccc77c, prio:23, stack:6656, core=0
I (3694) wifi:wifi firmware version: 0947e8b
I (3697) wifi:wifi certification version: v7.0
I (3701) wifi:config NVS flash: disabled
I (3705) wifi:config nano formatting: disabled
I (3709) wifi:Init data frame dynamic rx buffer num: 32
I (3714) wifi:Init static rx mgmt buffer num: 5
I (3718) wifi:Init management short buffer num: 32
I (3723) wifi:Init dynamic tx buffer num: 32
I (3727) wifi:Init static tx FG buffer num: 2
I (3731) wifi:Init static rx buffer size: 1600
I (3735) wifi:Init static rx buffer num: 10
I (3739) wifi:Init dynamic rx buffer num: 32
I (3744) wifi_init: rx ba win: 6
I (3746) wifi_init: accept mbox: 6
I (3749) wifi_init: tcpip mbox: 32
I (3752) wifi_init: udp mbox: 6
I (3755) wifi_init: tcp mbox: 6
I (3758) wifi_init: tcp tx win: 5760
I (3761) wifi_init: tcp rx win: 5760
I (3765) wifi_init: tcp mss: 1440
I (3768) wifi_init: WiFi IRAM OP enabled
I (3771) wifi_init: WiFi RX IRAM OP enabled
I (3776) WifiManager: Initialized
[1789025226172] [[32minfo[0m] [RacerMemory] scene=234x233 requested_half=true
[1789025226204] [[32minfo[0m] [RacerMemory] track_rows_internal=true car_planes_internal=2 occlusion_rows_internal=true free_internal=97267 largest_internal=31744
[1789025226208] [[32minfo[0m] [OcclusionAB] BEGIN internal=96239 psram=5559444
[1789025226264] [[32minfo[0m] [RacerMaterial] texture_side=32 entries=20 fallback_panels=0 map_cached=true
[1789025226296] [[32minfo[0m] [PaintStage] rows=138 clear_us=476 fill_us=6928 copy_us=3686
[1789025226297] [[32minfo[0m] [TrackStage] project_us=5684 paint_us=12302 lines_us=3 wireframe=false
[1789025226322] [[32minfo[0m] [CarStage] car=1 panels=661 vertices=954 tiles=1 prepare_us=6760 raster_us=8617 blit_us=2932
[1789025226412] [[32minfo[0m] [RaceStage] track_us=23972 cars_us=94992 upscale_us=14316 scene_width=234 surfaces=194 cars=3 track_id=0 player_car=0 submitted=3 player_us=38530 opponents_us=56037 player_native=true prepare_us=22659 raster_us=45635 blit_us=25073 candidate_rows_before=9296 candidate_rows_after=9296
[1789025226433] [[32minfo[0m] [HudStage] map_us=1390 total_us=3352 map_cached=true
[1789025227012] [[32minfo[0m] [OcclusionAB] car=0 track=0 frame=1 mode=0 draw=115758 present=31471 prepare=22566 raster=45211 blit=11011 player=32556 opponents=46337 candidates=24 before=2688 after=2688 rows=336
[1789025227021] [[32minfo[0m] [OcclusionAB] car=0 track=0 frame=1 mode=1 draw=113722 present=31432 prepare=22593 raster=45214 blit=8901 player=31951 opponents=44861 candidates=24 before=2688 after=764 rows=336
[1789025227380] [[32minfo[0m] [OcclusionAB] car=0 track=0 frame=2 mode=0 draw=116076 present=31437 prepare=22575 raster=45171 blit=12428 player=33280 opponents=47005 candidates=41 before=4592 after=4592 rows=336
[1789025227389] [[32minfo[0m] [OcclusionAB] car=0 track=0 frame=2 mode=1 draw=113206 present=31445 prepare=22582 raster=45196 blit=9243 player=32165 opponents=44970 candidates=41 before=4592 after=879 rows=336
[1789025227708] [[32minfo[0m] [OcclusionAB] car=0 track=0 frame=3 mode=0 draw=94929 present=31479 prepare=16494 raster=27440 blit=9951 player=35611 opponents=24366 candidates=38 before=4256 after=4256 rows=224
[1789025227716] [[32minfo[0m] [OcclusionAB] car=0 track=0 frame=3 mode=1 draw=94425 present=31466 prepare=16574 raster=27443 blit=9310 player=35206 opponents=24193 candidates=38 before=4256 after=1273 rows=224
[1789025228077] [[32minfo[0m] [OcclusionAB] car=0 track=0 frame=4 mode=0 draw=116739 present=31465 prepare=22988 raster=42903 blit=12055 player=33059 opponents=45014 candidates=35 before=3920 after=3920 rows=336
[1789025228086] [[32minfo[0m] [OcclusionAB] car=0 track=0 frame=4 mode=1 draw=114138 present=31703 prepare=23004 raster=42930 blit=9505 player=31785 opponents=43771 candidates=35 before=3920 after=1106 rows=336
[1789025228358] [[32minfo[0m] [CarStage] car=0 panels=988 vertices=1313 tiles=1 prepare_us=9901 raster_us=18375 blit_us=4096
[1789025228446] [[32minfo[0m] [OcclusionAB] car=0 track=0 frame=5 mode=0 draw=116904 present=31466 prepare=23061 raster=43304 blit=11062 player=33518 opponents=45143 candidates=27 before=3024 after=3024 rows=336
[1789025228455] [[32minfo[0m] [OcclusionAB] car=0 track=0 frame=5 mode=1 draw=112980 present=31987 prepare=22975 raster=43249 blit=8370 player=31387 opponents=43333 candidates=27 before=3024 after=837 rows=336
[1789025228492] [[32minfo[0m] [PaintStage] rows=139 clear_us=481 fill_us=5415 copy_us=3723
[1789025228493] [[32minfo[0m] [TrackStage] project_us=4279 paint_us=10823 lines_us=2 wireframe=false
[1789025228591] [[32minfo[0m] [RaceStage] track_us=21071 cars_us=77242 upscale_us=14284 scene_width=234 surfaces=95 cars=3 track_id=0 player_car=0 submitted=3 player_us=32337 opponents_us=44501 player_native=true prepare_us=22919 raster_us=43196 blit_us=10602 candidate_rows_before=2912 candidate_rows_after=2912
[1789025228612] [[32minfo[0m] [HudStage] map_us=1398 total_us=3344 map_cached=true
[1789025228840] [[32minfo[0m] [OcclusionAB] car=0 track=0 frame=6 mode=0 draw=142770 present=31443 prepare=22919 raster=43196 blit=10602 player=32337 opponents=44501 candidates=26 before=2912 after=2912 rows=336
[1789025228849] [[32minfo[0m] [OcclusionAB] car=0 track=0 frame=6 mode=1 draw=111793 present=31457 prepare=22970 raster=43177 blit=8278 player=31273 opponents=43276 candidates=26 before=2912 after=804 rows=336
[1789025229164] [[32minfo[0m] [OcclusionAB] car=0 track=0 frame=7 mode=0 draw=93205 present=31438 prepare=16753 raster=26984 blit=6584 player=32465 opponents=24131 candidates=33 before=3696 after=3696 rows=224
[1789025229172] [[32minfo[0m] [OcclusionAB] car=0 track=0 frame=7 mode=1 draw=91746 present=31452 prepare=16817 raster=26966 blit=5239 player=31527 opponents=23753 candidates=33 before=3696 after=687 rows=224
[1789025229540] [[32minfo[0m] [OcclusionAB] car=0 track=0 frame=8 mode=0 draw=120169 present=31469 prepare=23179 raster=43544 blit=17610 player=36317 opponents=48153 candidates=47 before=5264 after=5264 rows=336
[1789025229549] [[32minfo[0m] [OcclusionAB] car=0 track=0 frame=8 mode=1 draw=117249 present=31448 prepare=22931 raster=43037 blit=15554 player=35068 opponents=46575 candidates=47 before=5264 after=1607 rows=336
[1789025229937] [[32minfo[0m] [OcclusionAB] car=0 track=0 frame=9 mode=0 draw=130054 present=31453 prepare=22890 raster=44011 blit=12256 player=33213 opponents=46061 candidates=31 before=3472 after=3472 rows=336
[1789025229946] [[32minfo[0m] [OcclusionAB] car=0 track=0 frame=9 mode=1 draw=128170 present=31467 prepare=22909 raster=44020 blit=10235 player=32571 opponents=44712 candidates=31 before=3472 after=1110 rows=336
[1789025230331] [[32minfo[0m] [OcclusionAB] car=0 track=0 frame=10 mode=0 draw=128562 present=31496 prepare=23233 raster=45224 blit=11816 player=33842 opponents=46561 candidates=25 before=2800 after=2800 rows=336
[1789025230340] [[32minfo[0m] [OcclusionAB] car=0 track=0 frame=10 mode=1 draw=126226 present=31488 prepare=22976 raster=45745 blit=9288 player=32895 opponents=45247 candidates=25 before=2800 after=780 rows=336
[1789025230403] [[32minfo[0m] [CarStage] car=1 panels=661 vertices=954 tiles=1 prepare_us=6901 raster_us=8645 blit_us=1864
[1789025230544] [[32minfo[0m] [PaintStage] rows=232 clear_us=788 fill_us=9958 copy_us=5385
[1789025230545] [[32minfo[0m] [TrackStage] project_us=5633 paint_us=17446 lines_us=2 wireframe=false
[1789025230623] [[32minfo[0m] [RaceStage] track_us=29062 cars_us=57347 upscale_us=14316 scene_width=234 surfaces=224 cars=3 track_id=0 player_car=0 submitted=3 player_us=33166 opponents_us=23778 player_native=true prepare_us=16790 raster_us=27576 blit_us=6348 candidate_rows_before=2016 candidate_rows_after=2016
[1789025230644] [[32minfo[0m] [HudStage] map_us=1467 total_us=3552 map_cached=true
[1789025230704] [[32minfo[0m] [OcclusionAB] car=0 track=0 frame=11 mode=0 draw=130737 present=31479 prepare=16790 raster=27576 blit=6348 player=33166 opponents=23778 candidates=18 before=2016 after=2016 rows=224
[1789025230712] [[32minfo[0m] [OcclusionAB] car=0 track=0 frame=11 mode=1 draw=102635 present=31458 prepare=16954 raster=27655 blit=5291 player=32541 opponents=24778 candidates=18 before=2016 after=543 rows=224
[1789025231079] [[32minfo[0m] [OcclusionAB] car=0 track=0 frame=12 mode=0 draw=118794 present=31457 prepare=22961 raster=45503 blit=11376 player=32875 opponents=47089 candidates=23 before=2576 after=2576 rows=336
[1789025231088] [[32minfo[0m] [OcclusionAB] car=0 track=0 frame=12 mode=1 draw=116499 present=32097 prepare=23017 raster=45496 blit=9199 player=32256 opponents=45581 candidates=23 before=2576 after=751 rows=336
[1789025231455] [[32minfo[0m] [OcclusionAB] car=0 track=0 frame=13 mode=0 draw=118822 present=31460 prepare=22982 raster=46289 blit=12144 player=33644 opponents=47897 candidates=23 before=2576 after=2576 rows=336
[1789025231464] [[32minfo[0m] [OcclusionAB] car=0 track=0 frame=13 mode=1 draw=117435 present=31988 prepare=23080 raster=46274 blit=10553 player=33332 opponents=46704 candidates=23 before=2576 after=867 rows=336
[1789025231835] [[32minfo[0m] [OcclusionAB] car=0 track=0 frame=14 mode=0 draw=121497 present=31451 prepare=23034 raster=47660 blit=14405 player=35765 opponents=49459 candidates=27 before=3024 after=3024 rows=336
[1789025231844] [[32minfo[0m] [OcclusionAB] car=0 track=0 frame=14 mode=1 draw=119556 present=31462 prepare=22974 raster=47663 blit=12708 player=35044 opponents=48421 candidates=27 before=3024 after=1068 rows=336
[1789025232169] [[32minfo[0m] [OcclusionAB] car=0 track=0 frame=15 mode=0 draw=97952 present=31467 prepare=16809 raster=30432 blit=9259 player=38245 opponents=24510 candidates=22 before=2464 after=2464 rows=224
[1789025232178] [[32minfo[0m] [OcclusionAB] car=0 track=0 frame=15 mode=1 draw=96777 present=31436 prepare=16885 raster=30454 blit=8141 player=37347 opponents=24415 candidates=22 before=2464 after=958 rows=224
[1789025232419] [[32minfo[0m] [CarStage] car=1 panels=661 vertices=954 tiles=1 prepare_us=6944 raster_us=9187 blit_us=2372
[1789025232566] [[32minfo[0m] [OcclusionAB] car=0 track=0 frame=16 mode=0 draw=129698 present=31448 prepare=23140 raster=53279 blit=15554 player=38595 opponents=53508 candidates=25 before=2800 after=2800 rows=336
[1789025232575] [[32minfo[0m] [OcclusionAB] car=0 track=0 frame=16 mode=1 draw=129340 present=31463 prepare=23148 raster=52826 blit=14592 player=38125 opponents=53670 candidates=25 before=2800 after=1237 rows=336
[1789025232614] [[32minfo[0m] [PaintStage] rows=152 clear_us=529 fill_us=6099 copy_us=3888
[1789025232615] [[32minfo[0m] [TrackStage] project_us=4189 paint_us=11692 lines_us=2 wireframe=false
[1789025232722] [[32minfo[0m] [RaceStage] track_us=21870 cars_us=87278 upscale_us=14298 scene_width=234 surfaces=119 cars=3 track_id=0 player_car=0 submitted=3 player_us=36276 opponents_us=50595 player_native=true prepare_us=23014 raster_us=50772 blit_us=12945 candidate_rows_before=2800 candidate_rows_after=1081
[1789025232743] [[32minfo[0m] [HudStage] map_us=1411 total_us=3376 map_cached=true
[1789025232985] [[32minfo[0m] [OcclusionAB] car=0 track=0 frame=17 mode=0 draw=126364 present=31464 prepare=22992 raster=50768 blit=14551 player=37061 opponents=51372 candidates=25 before=2800 after=2800 rows=336
[1789025232994] [[32minfo[0m] [OcclusionAB] car=0 track=0 frame=17 mode=1 draw=153654 present=31447 prepare=23014 raster=50772 blit=12945 player=36276 opponents=50595 candidates=25 before=2800 after=1081 rows=336
[1789025233373] [[32minfo[0m] [OcclusionAB] car=0 track=0 frame=18 mode=0 draw=125321 present=31474 prepare=23005 raster=50168 blit=14535 player=36708 opponents=51124 candidates=26 before=2912 after=2912 rows=336
[1789025233382] [[32minfo[0m] [OcclusionAB] car=0 track=0 frame=18 mode=1 draw=123564 present=31456 prepare=23078 raster=50608 blit=12584 player=36086 opponents=50315 candidates=26 before=2912 after=1037 rows=336
[1789025233708] [[32minfo[0m] [OcclusionAB] car=0 track=0 frame=19 mode=0 draw=98377 present=31448 prepare=16797 raster=30091 blit=8568 player=37151 opponents=24619 candidates=21 before=2352 after=2352 rows=224
[1789025233717] [[32minfo[0m] [OcclusionAB] car=0 track=0 frame=19 mode=1 draw=97640 present=31435 prepare=16879 raster=30085 blit=7685 player=36500 opponents=24479 candidates=21 before=2352 after=809 rows=224
[1789025234101] [[32minfo[0m] [OcclusionAB] car=0 track=0 frame=20 mode=0 draw=128258 present=31488 prepare=23003 raster=52602 blit=17293 player=39239 opponents=53785 candidates=27 before=3024 after=3024 rows=336
[1789025234110] [[32minfo[0m] [OcclusionAB] car=0 track=0 frame=20 mode=1 draw=125722 present=31438 prepare=23035 raster=52760 blit=14570 player=38065 opponents=52422 candidates=27 before=3024 after=1280 rows=336
[1789025234433] [[32minfo[0m] [CarStage] car=0 panels=988 vertices=1313 tiles=1 prepare_us=9886 raster_us=21297 blit_us=11796
[1789025234529] [[32minfo[0m] [OcclusionAB] car=0 track=0 frame=21 mode=0 draw=149333 present=31455 prepare=22952 raster=51022 blit=26274 player=44231 opponents=57354 candidates=97 before=10864 after=10864 rows=336
[1789025234538] [[32minfo[0m] [OcclusionAB] car=0 track=0 frame=21 mode=1 draw=139619 present=31454 prepare=23203 raster=51304 blit=17105 player=38230 opponents=53515 candidates=97 before=10864 after=1634 rows=336
[1789025234791] [[32minfo[0m] [PaintStage] rows=138 clear_us=476 fill_us=11963 copy_us=3643
[1789025234792] [[32minfo[0m] [TrackStage] project_us=7572 paint_us=17331 lines_us=2 wireframe=false
[1789025234904] [[32minfo[0m] [RaceStage] track_us=30999 cars_us=91681 upscale_us=14270 scene_width=234 surfaces=370 cars=3 track_id=0 player_car=0 submitted=3 player_us=38446 opponents_us=52819 player_native=true prepare_us=22973 raster_us=47753 blit_us=20411 candidate_rows_before=12880 candidate_rows_after=3087
[1789025234925] [[32minfo[0m] [HudStage] map_us=1388 total_us=3390 map_cached=true
[1789025234985] [[32minfo[0m] [OcclusionAB] car=0 track=0 frame=22 mode=0 draw=149587 present=31471 prepare=22940 raster=47754 blit=31772 player=43646 opponents=58948 candidates=115 before=12880 after=12880 rows=336
[1789025234994] [[32minfo[0m] [OcclusionAB] car=0 track=0 frame=22 mode=1 draw=167108 present=31467 prepare=22973 raster=47753 blit=20411 player=38446 opponents=52819 candidates=115 before=12880 after=3087 rows=336
[1789025235334] [[32minfo[0m] [OcclusionAB] car=0 track=0 frame=23 mode=0 draw=107465 present=31443 prepare=17397 raster=28026 blit=11368 player=38266 opponents=24853 candidates=53 before=5936 after=5936 rows=224
[1789025235343] [[32minfo[0m] [OcclusionAB] car=0 track=0 frame=23 mode=1 draw=102790 present=31453 prepare=16756 raster=28019 blit=6485 player=33557 opponents=23928 candidates=53 before=5936 after=1555 rows=224
[1789025235728] [[32minfo[0m] [OcclusionAB] car=0 track=0 frame=24 mode=0 draw=133826 present=31452 prepare=22916 raster=45605 blit=25008 player=38361 opponents=55291 candidates=83 before=9296 after=9296 rows=336
[1789025235737] [[32minfo[0m] [OcclusionAB] car=0 track=0 frame=24 mode=1 draw=121186 present=31476 prepare=22938 raster=45587 blit=12467 player=33927 opponents=47186 candidates=83 before=9296 after=1207 rows=336
[1789025235755] [[32minfo[0m] [OcclusionAB] GROUP car=0 track=0 mismatches=0 stack_free=1260
[1789025236455] [[32minfo[0m] [CarStage] car=0 panels=988 vertices=1313 tiles=1 prepare_us=9796 raster_us=22433 blit_us=6545
[1789025236563] [[32minfo[0m] [OcclusionAB] car=0 track=1 frame=1 mode=0 draw=143893 present=31464 prepare=22741 raster=54245 blit=26874 player=39920 opponents=65176 candidates=36 before=4032 after=4032 rows=336
[1789025236572] [[32minfo[0m] [OcclusionAB] car=0 track=1 frame=1 mode=1 draw=135743 present=31455 prepare=23276 raster=54262 blit=19288 player=38506 opponents=58440 candidates=36 before=4032 after=1695 rows=336
[1789025236805] [[32minfo[0m] [PaintStage] rows=134 clear_us=464 fill_us=8542 copy_us=3558
[1789025236806] [[32minfo[0m] [TrackStage] project_us=5451 paint_us=13771 lines_us=2 wireframe=false
[1789025236915] [[32minfo[0m] [RaceStage] track_us=25204 cars_us=88440 upscale_us=14311 scene_width=234 surfaces=196 cars=3 track_id=1 player_car=0 submitted=3 player_us=37450 opponents_us=50537 player_native=true prepare_us=22790 raster_us=49653 blit_us=15423 candidate_rows_before=8400 candidate_rows_after=2351
[1789025236936] [[32minfo[0m] [HudStage] map_us=1439 total_us=3442 map_cached=true
[1789025236996] [[32minfo[0m] [OcclusionAB] car=0 track=1 frame=2 mode=0 draw=136421 present=31453 prepare=22832 raster=49669 blit=22316 player=42334 opponents=52597 candidates=75 before=8400 after=8400 rows=336
[1789025237004] [[32minfo[0m] [OcclusionAB] car=0 track=1 frame=2 mode=1 draw=158055 present=31460 prepare=22790 raster=49653 blit=15423 player=37450 opponents=50537 candidates=75 before=8400 after=2351 rows=336
[1789025237334] [[32minfo[0m] [OcclusionAB] car=0 track=1 frame=3 mode=0 draw=100322 present=31449 prepare=17025 raster=26396 blit=6897 player=32760 opponents=23893 candidates=29 before=3248 after=3248 rows=224
[1789025237343] [[32minfo[0m] [OcclusionAB] car=0 track=1 frame=3 mode=1 draw=99297 present=31467 prepare=16886 raster=26348 blit=6233 player=32031 opponents=23751 candidates=29 before=3248 after=803 rows=224
[1789025237690] [[32minfo[0m] [OcclusionAB] car=0 track=1 frame=4 mode=0 draw=109064 present=31484 prepare=23050 raster=36139 blit=7546 player=28317 opponents=38540 candidates=23 before=2576 after=2576 rows=336
[1789025237699] [[32minfo[0m] [OcclusionAB] car=0 track=1 frame=4 mode=1 draw=107876 present=31453 prepare=23114 raster=36145 blit=6417 player=27861 opponents=37937 candidates=23 before=2576 after=803 rows=336
[1789025238059] [[32minfo[0m] [OcclusionAB] car=0 track=1 frame=5 mode=0 draw=115186 present=31702 prepare=23175 raster=42595 blit=11946 player=33024 opponents=44818 candidates=20 before=2240 after=2240 rows=336
[1789025238068] [[32minfo[0m] [OcclusionAB] car=0 track=1 frame=5 mode=1 draw=114841 present=31485 prepare=23204 raster=42615 blit=11370 player=32541 opponents=44770 candidates=20 before=2240 after=1018 rows=336
[1789025238443] [[32minfo[0m] [OcclusionAB] car=0 track=1 frame=6 mode=0 draw=122324 present=31934 prepare=23099 raster=49551 blit=12643 player=35606 opponents=49836 candidates=18 before=2016 after=2016 rows=336
[1789025238452] [[32minfo[0m] [OcclusionAB] car=0 track=1 frame=6 mode=1 draw=122041 present=31458 prepare=23122 raster=49560 blit=12384 player=35665 opponents=49525 candidates=18 before=2016 after=1091 rows=336
[1789025238507] [[32minfo[0m] [CarStage] car=1 panels=661 vertices=954 tiles=1 prepare_us=7012 raster_us=9222 blit_us=2027
[1789025238781] [[32minfo[0m] [OcclusionAB] car=0 track=1 frame=7 mode=0 draw=98783 present=31426 prepare=16844 raster=31717 blit=7546 player=37949 opponents=24532 candidates=12 before=1344 after=1344 rows=224
[1789025238789] [[32minfo[0m] [OcclusionAB] car=0 track=1 frame=7 mode=1 draw=100341 present=31485 prepare=17095 raster=31787 blit=7615 player=38290 opponents=25721 candidates=12 before=1344 after=761 rows=224
[1789025238826] [[32minfo[0m] [PaintStage] rows=139 clear_us=469 fill_us=4398 copy_us=3695
[1789025238827] [[32minfo[0m] [TrackStage] project_us=3786 paint_us=9769 lines_us=2 wireframe=false
[1789025238941] [[32minfo[0m] [RaceStage] track_us=19437 cars_us=93962 upscale_us=14334 scene_width=234 surfaces=62 cars=3 track_id=1 player_car=0 submitted=3 player_us=39044 opponents_us=54444 player_native=true prepare_us=23084 raster_us=55965 blit_us=14310 candidate_rows_before=1792 candidate_rows_after=1792
[1789025238962] [[32minfo[0m] [HudStage] map_us=1472 total_us=3450 map_cached=true
[1789025239207] [[32minfo[0m] [OcclusionAB] car=0 track=1 frame=8 mode=0 draw=157948 present=31445 prepare=23084 raster=55965 blit=14310 player=39044 opponents=54444 candidates=16 before=1792 after=1792 rows=336
[1789025239216] [[32minfo[0m] [OcclusionAB] car=0 track=1 frame=8 mode=1 draw=129250 present=31483 prepare=23115 raster=55965 blit=13861 player=39086 opponents=53979 candidates=16 before=1792 after=1066 rows=336
[1789025239628] [[32minfo[0m] [OcclusionAB] car=0 track=1 frame=9 mode=0 draw=144385 present=31485 prepare=23122 raster=54260 blit=26842 player=39019 opponents=65333 candidates=36 before=4032 after=4032 rows=336
[1789025239637] [[32minfo[0m] [OcclusionAB] car=0 track=1 frame=9 mode=1 draw=138206 present=31457 prepare=23803 raster=54272 blit=19349 player=38280 opponents=59272 candidates=36 before=4032 after=1695 rows=336
[1789025240036] [[32minfo[0m] [OcclusionAB] car=0 track=1 frame=10 mode=0 draw=138121 present=31453 prepare=23111 raster=49687 blit=22405 player=42519 opponents=52809 candidates=75 before=8400 after=8400 rows=336
[1789025240045] [[32minfo[0m] [OcclusionAB] car=0 track=1 frame=10 mode=1 draw=131019 present=31467 prepare=23026 raster=49719 blit=15512 player=37643 opponents=50735 candidates=75 before=8400 after=2353 rows=336
[1789025240376] [[32minfo[0m] [OcclusionAB] car=0 track=1 frame=11 mode=0 draw=100733 present=31449 prepare=16819 raster=26322 blit=6917 player=32541 opponents=23864 candidates=29 before=3248 after=3248 rows=224
[1789025240385] [[32minfo[0m] [OcclusionAB] car=0 track=1 frame=11 mode=1 draw=99627 present=31470 prepare=16950 raster=26318 blit=6252 player=32102 opponents=23687 candidates=29 before=3248 after=803 rows=224
[1789025240509] [[32minfo[0m] [CarStage] car=2 panels=607 vertices=801 tiles=1 prepare_us=6173 raster_us=12656 blit_us=3098
[1789025240733] [[32minfo[0m] [OcclusionAB] car=0 track=1 frame=12 mode=0 draw=110480 present=31417 prepare=23104 raster=36153 blit=7526 player=28314 opponents=39723 candidates=23 before=2576 after=2576 rows=336
[1789025240742] [[32minfo[0m] [OcclusionAB] car=0 track=1 frame=12 mode=1 draw=107969 present=31487 prepare=23036 raster=36146 blit=6482 player=27857 opponents=37930 candidates=23 before=2576 after=804 rows=336
[1789025240950] [[32minfo[0m] [PaintStage] rows=180 clear_us=628 fill_us=5205 copy_us=4493
[1789025240951] [[32minfo[0m] [TrackStage] project_us=3670 paint_us=11570 lines_us=2 wireframe=false
[1789025241050] [[32minfo[0m] [RaceStage] track_us=21225 cars_us=78430 upscale_us=14290 scene_width=234 surfaces=61 cars=3 track_id=1 player_car=0 submitted=3 player_us=33031 opponents_us=44929 player_native=true prepare_us=23131 raster_us=42728 blit_us=11973 candidate_rows_before=2240 candidate_rows_after=2240
[1789025241071] [[32minfo[0m] [HudStage] map_us=1476 total_us=3409 map_cached=true
[1789025241131] [[32minfo[0m] [OcclusionAB] car=0 track=1 frame=13 mode=0 draw=143960 present=31422 prepare=23131 raster=42728 blit=11973 player=33031 opponents=44929 candidates=20 before=2240 after=2240 rows=336
[1789025241139] [[32minfo[0m] [OcclusionAB] car=0 track=1 frame=13 mode=1 draw=114713 present=31460 prepare=23114 raster=42542 blit=11362 player=32574 opponents=44568 candidates=20 before=2240 after=1018 rows=336
[1789025241515] [[32minfo[0m] [OcclusionAB] car=0 track=1 frame=14 mode=0 draw=122732 present=31466 prepare=23190 raster=50117 blit=12736 player=36235 opponents=49939 candidates=18 before=2016 after=2016 rows=336
[1789025241524] [[32minfo[0m] [OcclusionAB] car=0 track=1 frame=14 mode=1 draw=121721 present=31468 prepare=23086 raster=49620 blit=12447 player=35713 opponents=49569 candidates=18 before=2016 after=1091 rows=336
[1789025241851] [[32minfo[0m] [OcclusionAB] car=0 track=1 frame=15 mode=0 draw=98451 present=31428 prepare=16870 raster=31729 blit=7552 player=38006 opponents=24490 candidates=12 before=1344 after=1344 rows=224
[1789025241860] [[32minfo[0m] [OcclusionAB] car=0 track=1 frame=15 mode=1 draw=98568 present=31460 prepare=16947 raster=31747 blit=7542 player=38079 opponents=24544 candidates=12 before=1344 after=761 rows=224
[1789025242248] [[32minfo[0m] [OcclusionAB] car=0 track=1 frame=16 mode=0 draw=129417 present=31668 prepare=23213 raster=55932 blit=14373 player=39084 opponents=54561 candidates=16 before=1792 after=1792 rows=336
[1789025242257] [[32minfo[0m] [OcclusionAB] car=0 track=1 frame=16 mode=1 draw=128818 present=31497 prepare=23178 raster=55907 blit=13876 player=39114 opponents=53974 candidates=16 before=1792 after=1066 rows=336
[1789025242560] [[32minfo[0m] [CarStage] car=0 panels=988 vertices=1313 tiles=1 prepare_us=9952 raster_us=22503 blit_us=6497
[1789025242667] [[32minfo[0m] [OcclusionAB] car=0 track=1 frame=17 mode=0 draw=144588 present=31481 prepare=23253 raster=54305 blit=26784 player=40143 opponents=65481 candidates=36 before=4032 after=4032 rows=336
[1789025242676] [[32minfo[0m] [OcclusionAB] car=0 track=1 frame=17 mode=1 draw=135933 present=31493 prepare=23216 raster=54216 blit=19285 player=38161 opponents=58687 candidates=36 before=4032 after=1695 rows=336
[1789025243073] [[32minfo[0m] [OcclusionAB] car=0 track=1 frame=18 mode=0 draw=136904 present=31485 prepare=23107 raster=49660 blit=22356 player=42469 opponents=52777 candidates=75 before=8400 after=8400 rows=336
[1789025243082] [[32minfo[0m] [OcclusionAB] car=0 track=1 frame=18 mode=1 draw=129848 present=31696 prepare=23126 raster=49678 blit=15366 player=37541 opponents=50753 candidates=75 before=8400 after=2351 rows=336
[1789025243126] [[32minfo[0m] [PaintStage] rows=171 clear_us=593 fill_us=8938 copy_us=4484
[1789025243127] [[32minfo[0m] [TrackStage] project_us=5686 paint_us=15234 lines_us=2 wireframe=false
[1789025243203] [[32minfo[0m] [RaceStage] track_us=26899 cars_us=56230 upscale_us=14320 scene_width=234 surfaces=207 cars=3 track_id=1 player_car=0 submitted=3 player_us=32047 opponents_us=23711 player_native=true prepare_us=16872 raster_us=26309 blit_us=6266 candidate_rows_before=3248 candidate_rows_after=820
[1789025243224] [[32minfo[0m] [HudStage] map_us=1494 total_us=3580 map_cached=true
[1789025243440] [[32minfo[0m] [OcclusionAB] car=0 track=1 frame=19 mode=0 draw=99860 present=31412 prepare=16927 raster=26342 blit=6899 player=32589 opponents=23831 candidates=29 before=3248 after=3248 rows=224
[1789025243449] [[32minfo[0m] [OcclusionAB] car=0 track=1 frame=19 mode=1 draw=127682 present=31979 prepare=16872 raster=26309 blit=6266 player=32047 opponents=23711 candidates=29 before=3248 after=820 rows=224
[1789025243796] [[32minfo[0m] [OcclusionAB] car=0 track=1 frame=20 mode=0 draw=109140 present=31481 prepare=23140 raster=36108 blit=7502 player=28293 opponents=38583 candidates=23 before=2576 after=2576 rows=336
[1789025243805] [[32minfo[0m] [OcclusionAB] car=0 track=1 frame=20 mode=1 draw=107905 present=31477 prepare=23056 raster=36148 blit=6454 player=27876 opponents=37903 candidates=23 before=2576 after=804 rows=336
[1789025244165] [[32minfo[0m] [OcclusionAB] car=0 track=1 frame=21 mode=0 draw=115475 present=31470 prepare=23180 raster=42778 blit=11919 player=33091 opponents=44919 candidates=20 before=2240 after=2240 rows=336
[1789025244174] [[32minfo[0m] [OcclusionAB] car=0 track=1 frame=21 mode=1 draw=114783 present=31452 prepare=23162 raster=42489 blit=11383 player=32535 opponents=44622 candidates=20 before=2240 after=1020 rows=336
[1789025244552] [[32minfo[0m] [OcclusionAB] car=0 track=1 frame=22 mode=0 draw=124645 present=31459 prepare=23354 raster=50112 blit=12666 player=36355 opponents=49913 candidates=18 before=2016 after=2016 rows=336
[1789025244561] [[32minfo[0m] [OcclusionAB] car=0 track=1 frame=22 mode=1 draw=122936 present=31466 prepare=23159 raster=49557 blit=12387 player=35681 opponents=49543 candidates=18 before=2016 after=1091 rows=336
[1789025244617] [[32minfo[0m] [CarStage] car=1 panels=661 vertices=954 tiles=1 prepare_us=6986 raster_us=9245 blit_us=2035
[1789025244893] [[32minfo[0m] [OcclusionAB] car=0 track=1 frame=23 mode=0 draw=100087 present=31441 prepare=16901 raster=31671 blit=7633 player=38002 opponents=24637 candidates=12 before=1344 after=1344 rows=224
[1789025244902] [[32minfo[0m] [OcclusionAB] car=0 track=1 frame=23 mode=1 draw=101647 present=31472 prepare=17074 raster=31806 blit=7655 player=38327 opponents=25721 candidates=12 before=1344 after=761 rows=224
[1789025245146] [[32minfo[0m] [PaintStage] rows=139 clear_us=507 fill_us=5863 copy_us=3632
[1789025245147] [[32minfo[0m] [TrackStage] project_us=4339 paint_us=11210 lines_us=3 wireframe=false
[1789025245267] [[32minfo[0m] [RaceStage] track_us=21532 cars_us=99887 upscale_us=14314 scene_width=234 surfaces=110 cars=3 track_id=1 player_car=0 submitted=3 player_us=42169 opponents_us=57238 player_native=true prepare_us=23124 raster_us=56377 blit_us=19749 candidate_rows_before=8400 candidate_rows_after=2034
[1789025245288] [[32minfo[0m] [HudStage] map_us=1495 total_us=3477 map_cached=true
[1789025245348] [[32minfo[0m] [OcclusionAB] car=0 track=1 frame=24 mode=0 draw=150471 present=31484 prepare=23137 raster=56110 blit=33144 player=46784 opponents=65734 candidates=75 before=8400 after=8400 rows=336
[1789025245356] [[32minfo[0m] [OcclusionAB] car=0 track=1 frame=24 mode=1 draw=165786 present=31513 prepare=23124 raster=56377 blit=19749 player=42169 opponents=57238 candidates=75 before=8400 after=2034 rows=336
[1789025245375] [[32minfo[0m] [OcclusionAB] GROUP car=0 track=1 mismatches=0 stack_free=1260
[1789025245433] [[32minfo[0m] [RacerMaterial] texture_side=32 entries=17 fallback_panels=0 map_cached=true
[1789025246177] [[32minfo[0m] [OcclusionAB] car=1 track=0 frame=1 mode=0 draw=122777 present=31483 prepare=24441 raster=49798 blit=11550 player=33052 opponents=52850 candidates=24 before=2688 after=2688 rows=336
[1789025246186] [[32minfo[0m] [OcclusionAB] car=1 track=0 frame=1 mode=1 draw=120146 present=31442 prepare=24287 raster=49607 blit=9263 player=32300 opponents=50960 candidates=24 before=2688 after=756 rows=336
[1789025246558] [[32minfo[0m] [OcclusionAB] car=1 track=0 frame=2 mode=0 draw=123305 present=31453 prepare=24514 raster=49418 blit=12991 player=33971 opponents=53088 candidates=41 before=4592 after=4592 rows=336
[1789025246567] [[32minfo[0m] [OcclusionAB] car=1 track=0 frame=2 mode=1 draw=119015 present=31461 prepare=24326 raster=49374 blit=9592 player=32542 opponents=50862 candidates=41 before=4592 after=879 rows=336
[1789025246619] [[32minfo[0m] [CarStage] car=2 panels=607 vertices=801 tiles=1 prepare_us=6167 raster_us=8235 blit_us=2615
[1789025246890] [[32minfo[0m] [OcclusionAB] car=1 track=0 frame=3 mode=0 draw=96461 present=31430 prepare=16119 raster=27105 blit=9971 player=36060 opponents=25347 candidates=38 before=4256 after=4256 rows=224
[1789025246898] [[32minfo[0m] [OcclusionAB] car=1 track=0 frame=3 mode=1 draw=97393 present=31484 prepare=16389 raster=27190 blit=9378 player=35989 opponents=26279 candidates=38 before=4256 after=1270 rows=224
[1789025247272] [[32minfo[0m] [OcclusionAB] car=1 track=0 frame=4 mode=0 draw=123101 present=31452 prepare=24798 raster=46747 blit=12751 player=33521 opponents=50897 candidates=35 before=3920 after=3920 rows=336
[1789025247281] [[32minfo[0m] [OcclusionAB] car=1 track=0 frame=4 mode=1 draw=120140 present=31885 prepare=24778 raster=46556 blit=10087 player=32264 opponents=49285 candidates=35 before=3920 after=1109 rows=336
[1789025247320] [[32minfo[0m] [PaintStage] rows=143 clear_us=496 fill_us=5936 copy_us=3777
[1789025247321] [[32minfo[0m] [TrackStage] project_us=4709 paint_us=11375 lines_us=2 wireframe=false
[1789025247422] [[32minfo[0m] [RaceStage] track_us=22091 cars_us=81312 upscale_us=14304 scene_width=234 surfaces=123 cars=3 track_id=0 player_car=1 submitted=3 player_us=31804 opponents_us=49110 player_native=true prepare_us=24724 raster_us=47251 blit_us=8818 candidate_rows_before=3024 candidate_rows_after=833
[1789025247443] [[32minfo[0m] [HudStage] map_us=1414 total_us=3370 map_cached=true
[1789025247681] [[32minfo[0m] [OcclusionAB] car=1 track=0 frame=5 mode=0 draw=121904 present=31467 prepare=24740 raster=47190 blit=11569 player=32841 opponents=50779 candidates=27 before=3024 after=3024 rows=336
[1789025247690] [[32minfo[0m] [OcclusionAB] car=1 track=0 frame=5 mode=1 draw=147803 present=31450 prepare=24724 raster=47251 blit=8818 player=31804 opponents=49110 candidates=27 before=3024 after=833 rows=336
[1789025248058] [[32minfo[0m] [OcclusionAB] car=1 track=0 frame=6 mode=0 draw=120248 present=31470 prepare=24726 raster=47108 blit=11096 player=32691 opponents=50358 candidates=26 before=2912 after=2912 rows=336
[1789025248067] [[32minfo[0m] [OcclusionAB] car=1 track=0 frame=6 mode=1 draw=117661 present=31719 prepare=24703 raster=47141 blit=8592 player=31588 opponents=48967 candidates=26 before=2912 after=796 rows=336
[1789025248385] [[32minfo[0m] [OcclusionAB] car=1 track=0 frame=7 mode=0 draw=94905 present=31449 prepare=16453 raster=26585 blit=6647 player=32882 opponents=25216 candidates=33 before=3696 after=3696 rows=224
[1789025248393] [[32minfo[0m] [OcclusionAB] car=1 track=0 frame=7 mode=1 draw=93165 present=31440 prepare=16440 raster=26624 blit=5274 player=31942 opponents=24760 candidates=33 before=3696 after=687 rows=224
[1789025248628] [[32minfo[0m] [CarStage] car=2 panels=607 vertices=801 tiles=1 prepare_us=6263 raster_us=8180 blit_us=2646
[1789025248774] [[32minfo[0m] [OcclusionAB] car=1 track=0 frame=8 mode=0 draw=125419 present=31455 prepare=24742 raster=46845 blit=18036 player=36019 opponents=53720 candidates=47 before=5264 after=5264 rows=336
[1789025248783] [[32minfo[0m] [OcclusionAB] car=1 track=0 frame=8 mode=1 draw=125165 present=31468 prepare=24893 raster=46938 blit=16443 player=35837 opponents=53695 candidates=47 before=5264 after=1613 rows=336
[1789025249184] [[32minfo[0m] [OcclusionAB] car=1 track=0 frame=9 mode=0 draw=137278 present=31465 prepare=24936 raster=47867 blit=13556 player=34382 opponents=52099 candidates=33 before=3696 after=3696 rows=336
[1789025249193] [[32minfo[0m] [OcclusionAB] car=1 track=0 frame=9 mode=1 draw=134301 present=31430 prepare=24656 raster=47836 blit=10711 player=32987 opponents=50334 candidates=33 before=3696 after=1105 rows=336
[1789025249433] [[32minfo[0m] [PaintStage] rows=227 clear_us=793 fill_us=11913 copy_us=5346
[1789025249434] [[32minfo[0m] [TrackStage] project_us=6691 paint_us=19381 lines_us=2 wireframe=false
[1789025249539] [[32minfo[0m] [RaceStage] track_us=32160 cars_us=84339 upscale_us=14258 scene_width=234 surfaces=312 cars=3 track_id=0 player_car=1 submitted=3 player_us=32786 opponents_us=51143 player_native=true prepare_us=24720 raster_us=49420 blit_us=9662 candidate_rows_before=2800 candidate_rows_after=780
[1789025249559] [[32minfo[0m] [HudStage] map_us=1383 total_us=3339 map_cached=true
[1789025249619] [[32minfo[0m] [OcclusionAB] car=1 track=0 frame=10 mode=0 draw=135790 present=31470 prepare=25359 raster=49402 blit=12373 player=34152 opponents=53116 candidates=25 before=2800 after=2800 rows=336
[1789025249627] [[32minfo[0m] [OcclusionAB] car=1 track=0 frame=10 mode=1 draw=160666 present=31467 prepare=24720 raster=49420 blit=9662 player=32786 opponents=51143 candidates=25 before=2800 after=780 rows=336
[1789025249963] [[32minfo[0m] [OcclusionAB] car=1 track=0 frame=11 mode=0 draw=103510 present=31447 prepare=16424 raster=27234 blit=6338 player=33571 opponents=24843 candidates=18 before=2016 after=2016 rows=224
[1789025249972] [[32minfo[0m] [OcclusionAB] car=1 track=0 frame=11 mode=1 draw=102612 present=31447 prepare=16449 raster=27257 blit=5227 player=32673 opponents=24661 candidates=18 before=2016 after=537 rows=224
[1789025250352] [[32minfo[0m] [OcclusionAB] car=1 track=0 frame=12 mode=0 draw=125807 present=31457 prepare=24859 raster=49905 blit=11871 player=33432 opponents=53343 candidates=23 before=2576 after=2576 rows=336
[1789025250361] [[32minfo[0m] [OcclusionAB] car=1 track=0 frame=12 mode=1 draw=123765 present=31441 prepare=24808 raster=50518 blit=9563 player=33238 opponents=51785 candidates=23 before=2576 after=745 rows=336
[1789025250644] [[32minfo[0m] [CarStage] car=1 panels=1021 vertices=1354 tiles=1 prepare_us=10182 raster_us=19369 blit_us=4412
[1789025250742] [[32minfo[0m] [OcclusionAB] car=1 track=0 frame=13 mode=0 draw=127002 present=31472 prepare=24811 raster=50863 blit=12751 player=35175 opponents=54547 candidates=23 before=2576 after=2576 rows=336
[1789025250751] [[32minfo[0m] [OcclusionAB] car=1 track=0 frame=13 mode=1 draw=124151 present=31439 prepare=24751 raster=50860 blit=10993 player=33736 opponents=52990 candidates=23 before=2576 after=861 rows=336
[1789025251137] [[32minfo[0m] [OcclusionAB] car=1 track=0 frame=14 mode=0 draw=128584 present=31468 prepare=24797 raster=52420 blit=15059 player=36243 opponents=56158 candidates=27 before=3024 after=3024 rows=336
[1789025251146] [[32minfo[0m] [OcclusionAB] car=1 track=0 frame=14 mode=1 draw=126947 present=31493 prepare=24805 raster=52718 blit=13205 player=35735 opponents=55120 candidates=27 before=3024 after=1068 rows=336
[1789025251474] [[32minfo[0m] [OcclusionAB] car=1 track=0 frame=15 mode=0 draw=99276 present=31440 prepare=16446 raster=30118 blit=9381 player=38686 opponents=25689 candidates=22 before=2464 after=2464 rows=224
[1789025251483] [[32minfo[0m] [OcclusionAB] car=1 track=0 frame=15 mode=1 draw=98903 present=31398 prepare=16541 raster=30105 blit=8703 player=38270 opponents=25557 candidates=22 before=2464 after=958 rows=224
[1789025251521] [[32minfo[0m] [PaintStage] rows=145 clear_us=498 fill_us=5898 copy_us=3783
[1789025251522] [[32minfo[0m] [TrackStage] project_us=4049 paint_us=11341 lines_us=3 wireframe=false
[1789025251642] [[32minfo[0m] [RaceStage] track_us=21403 cars_us=99545 upscale_us=14284 scene_width=234 surfaces=111 cars=3 track_id=0 player_car=1 submitted=3 player_us=38836 opponents_us=60307 player_native=true prepare_us=24805 raster_us=58169 blit_us=16044 candidate_rows_before=2800 candidate_rows_after=2800
[1789025251662] [[32minfo[0m] [HudStage] map_us=1403 total_us=3390 map_cached=true
[1789025251914] [[32minfo[0m] [OcclusionAB] car=1 track=0 frame=16 mode=0 draw=165501 present=31435 prepare=24805 raster=58169 blit=16044 player=38836 opponents=60307 candidates=25 before=2800 after=2800 rows=336
[1789025251923] [[32minfo[0m] [OcclusionAB] car=1 track=0 frame=16 mode=1 draw=135710 present=31463 prepare=24865 raster=58168 blit=15035 player=38344 opponents=59849 candidates=25 before=2800 after=1224 rows=336
[1789025252320] [[32minfo[0m] [OcclusionAB] car=1 track=0 frame=17 mode=0 draw=134250 present=31469 prepare=24738 raster=56349 blit=15117 player=37446 opponents=58880 candidates=25 before=2800 after=2800 rows=336
[1789025252329] [[32minfo[0m] [OcclusionAB] car=1 track=0 frame=17 mode=1 draw=132600 present=31425 prepare=24772 raster=55906 blit=13721 player=36905 opponents=57616 candidates=25 before=2800 after=1081 rows=336
[1789025252662] [[32minfo[0m] [CarStage] car=3 panels=793 vertices=1226 tiles=1 prepare_us=8314 raster_us=25655 blit_us=5882
[1789025252722] [[32minfo[0m] [OcclusionAB] car=1 track=0 frame=18 mode=0 draw=132256 present=31459 prepare=24744 raster=55035 blit=15185 player=37124 opponents=57954 candidates=26 before=2912 after=2912 rows=336
[1789025252731] [[32minfo[0m] [OcclusionAB] car=1 track=0 frame=18 mode=1 draw=131238 present=31452 prepare=24686 raster=55116 blit=12979 player=36175 opponents=57840 candidates=26 before=2912 after=1027 rows=336
[1789025253060] [[32minfo[0m] [OcclusionAB] car=1 track=0 frame=19 mode=0 draw=99849 present=31631 prepare=16426 raster=29753 blit=8647 player=37598 opponents=25644 candidates=21 before=2352 after=2352 rows=224
[1789025253069] [[32minfo[0m] [OcclusionAB] car=1 track=0 frame=19 mode=1 draw=99062 present=31429 prepare=16490 raster=29747 blit=7799 player=36956 opponents=25467 candidates=21 before=2352 after=809 rows=224
[1789025253468] [[32minfo[0m] [OcclusionAB] car=1 track=0 frame=20 mode=0 draw=136128 present=31974 prepare=24814 raster=57927 blit=17936 player=39681 opponents=61121 candidates=27 before=3024 after=3024 rows=336
[1789025253477] [[32minfo[0m] [OcclusionAB] car=1 track=0 frame=20 mode=1 draw=133136 present=31461 prepare=24797 raster=57929 blit=15072 player=38521 opponents=59405 candidates=27 before=3024 after=1280 rows=336
[1789025253525] [[32minfo[0m] [PaintStage] rows=130 clear_us=452 fill_us=12268 copy_us=3440
[1789025253526] [[32minfo[0m] [TrackStage] project_us=8260 paint_us=17442 lines_us=2 wireframe=false
[1789025253645] [[32minfo[0m] [RaceStage] track_us=31781 cars_us=98595 upscale_us=14323 scene_width=234 surfaces=442 cars=3 track_id=0 player_car=1 submitted=3 player_us=38372 opponents_us=59813 player_native=true prepare_us=24674 raster_us=56200 blit_us=17187 candidate_rows_before=10864 candidate_rows_after=1634
[1789025253666] [[32minfo[0m] [HudStage] map_us=1380 total_us=3383 map_cached=true
[1789025253938] [[32minfo[0m] [OcclusionAB] car=1 track=0 frame=21 mode=0 draw=155919 present=31505 prepare=24695 raster=56230 blit=27062 player=43617 opponents=64492 candidates=97 before=10864 after=10864 rows=336
[1789025253947] [[32minfo[0m] [OcclusionAB] car=1 track=0 frame=21 mode=1 draw=174997 present=31464 prepare=24674 raster=56200 blit=17187 player=38372 opponents=59813 candidates=97 before=10864 after=1634 rows=336
[1789025254381] [[32minfo[0m] [OcclusionAB] car=1 track=0 frame=22 mode=0 draw=157903 present=31435 prepare=24993 raster=52553 blit=33154 player=44409 opponents=66424 candidates=115 before=12880 after=12880 rows=336
[1789025254390] [[32minfo[0m] [OcclusionAB] car=1 track=0 frame=22 mode=1 draw=146452 present=31444 prepare=25117 raster=52858 blit=21413 player=39597 opponents=59919 candidates=115 before=12880 after=3079 rows=336
[1789025254664] [[32minfo[0m] [CarStage] car=1 panels=1021 vertices=1354 tiles=1 prepare_us=10157 raster_us=19373 blit_us=8433
[1789025254733] [[32minfo[0m] [OcclusionAB] car=1 track=0 frame=23 mode=0 draw=109497 present=31426 prepare=16329 raster=27661 blit=11395 player=39172 opponents=25890 candidates=53 before=5936 after=5936 rows=224
[1789025254742] [[32minfo[0m] [OcclusionAB] car=1 track=0 frame=23 mode=1 draw=103411 present=31441 prepare=16403 raster=27673 blit=6447 player=33858 opponents=25067 candidates=53 before=5936 after=1542 rows=224
[1789025255142] [[32minfo[0m] [OcclusionAB] car=1 track=0 frame=24 mode=0 draw=141428 present=31488 prepare=24733 raster=50089 blit=26362 player=38814 opponents=62498 candidates=83 before=9296 after=9296 rows=336
[1789025255151] [[32minfo[0m] [OcclusionAB] car=1 track=0 frame=24 mode=1 draw=128250 present=31489 prepare=24787 raster=50260 blit=13077 player=34584 opponents=53666 candidates=83 before=9296 after=1201 rows=336
[1789025255169] [[32minfo[0m] [OcclusionAB] GROUP car=1 track=0 mismatches=0 stack_free=1132
[1789025255624] [[32minfo[0m] [PaintStage] rows=128 clear_us=428 fill_us=6988 copy_us=3455
[1789025255625] [[32minfo[0m] [TrackStage] project_us=4624 paint_us=12066 lines_us=2 wireframe=false
[1789025255750] [[32minfo[0m] [RaceStage] track_us=22671 cars_us=104855 upscale_us=14305 scene_width=234 surfaces=134 cars=3 track_id=1 player_car=1 submitted=3 player_us=38317 opponents_us=66111 player_native=true prepare_us=24506 raster_us=59594 blit_us=20210 candidate_rows_before=4032 candidate_rows_after=1689
[1789025255771] [[32minfo[0m] [HudStage] map_us=1408 total_us=3413 map_cached=true
[1789025256038] [[32minfo[0m] [OcclusionAB] car=1 track=1 frame=1 mode=0 draw=151370 present=31466 prepare=24423 raster=59602 blit=28317 player=39188 opponents=73266 candidates=36 before=4032 after=4032 rows=336
[1789025256047] [[32minfo[0m] [OcclusionAB] car=1 track=1 frame=1 mode=1 draw=172064 present=31413 prepare=24506 raster=59594 blit=20210 player=38317 opponents=66111 candidates=36 before=4032 after=1689 rows=336
[1789025256457] [[32minfo[0m] [OcclusionAB] car=1 track=1 frame=2 mode=0 draw=143688 present=31461 prepare=24604 raster=54682 blit=22892 player=42861 opponents=59430 candidates=75 before=8400 after=8400 rows=336
[1789025256466] [[32minfo[0m] [OcclusionAB] car=1 track=1 frame=2 mode=1 draw=136582 present=31474 prepare=24605 raster=54685 blit=15794 player=37888 opponents=57310 candidates=75 before=8400 after=2332 rows=336
[1789025256682] [[32minfo[0m] [CarStage] car=2 panels=607 vertices=801 tiles=1 prepare_us=6215 raster_us=7939 blit_us=2314
[1789025256798] [[32minfo[0m] [OcclusionAB] car=1 track=1 frame=3 mode=0 draw=102426 present=31466 prepare=16616 raster=26079 blit=6931 player=33208 opponents=26002 candidates=29 before=3248 after=3248 rows=224
[1789025256807] [[32minfo[0m] [OcclusionAB] car=1 track=1 frame=3 mode=1 draw=100474 present=31430 prepare=16560 raster=25980 blit=6246 player=32446 opponents=24790 candidates=29 before=3248 after=803 rows=224
[1789025257164] [[32minfo[0m] [OcclusionAB] car=1 track=1 frame=4 mode=0 draw=114390 present=31465 prepare=24895 raster=39316 blit=7907 player=28775 opponents=43478 candidates=23 before=2576 after=2576 rows=336
[1789025257173] [[32minfo[0m] [OcclusionAB] car=1 track=1 frame=4 mode=1 draw=113444 present=31447 prepare=24991 raster=39591 blit=6705 player=28416 opponents=42999 candidates=23 before=2576 after=802 rows=336
[1789025257546] [[32minfo[0m] [OcclusionAB] car=1 track=1 frame=5 mode=0 draw=121609 present=31470 prepare=24870 raster=46941 blit=12288 player=33467 opponents=50756 candidates=20 before=2240 after=2240 rows=336
[1789025257555] [[32minfo[0m] [OcclusionAB] car=1 track=1 frame=5 mode=1 draw=121839 present=31501 prepare=25034 raster=47447 blit=11667 player=33539 opponents=50741 candidates=20 before=2240 after=1012 rows=336
[1789025257778] [[32minfo[0m] [PaintStage] rows=167 clear_us=574 fill_us=4971 copy_us=4227
[1789025257779] [[32minfo[0m] [TrackStage] project_us=3571 paint_us=10992 lines_us=2 wireframe=false
[1789025257892] [[32minfo[0m] [RaceStage] track_us=20549 cars_us=92961 upscale_us=14322 scene_width=234 surfaces=61 cars=3 track_id=1 player_car=1 submitted=3 player_us=36069 opponents_us=56418 player_native=true prepare_us=24851 raster_us=54745 blit_us=12766 candidate_rows_before=2016 candidate_rows_after=1091
[1789025257913] [[32minfo[0m] [HudStage] map_us=1479 total_us=3439 map_cached=true
[1789025257973] [[32minfo[0m] [OcclusionAB] car=1 track=1 frame=6 mode=0 draw=129693 present=31483 prepare=24915 raster=54716 blit=12997 player=35989 opponents=56762 candidates=18 before=2016 after=2016 rows=336
[1789025257981] [[32minfo[0m] [OcclusionAB] car=1 track=1 frame=6 mode=1 draw=157847 present=31450 prepare=24851 raster=54745 blit=12766 player=36069 opponents=56418 candidates=18 before=2016 after=1091 rows=336
[1789025258314] [[32minfo[0m] [OcclusionAB] car=1 track=1 frame=7 mode=0 draw=100834 present=31445 prepare=16507 raster=31364 blit=7640 player=38385 opponents=25688 candidates=12 before=1344 after=1344 rows=224
[1789025258323] [[32minfo[0m] [OcclusionAB] car=1 track=1 frame=7 mode=1 draw=100800 present=31476 prepare=16652 raster=31635 blit=7655 player=38535 opponents=25977 candidates=12 before=1344 after=755 rows=224
[1789025258726] [[32minfo[0m] [OcclusionAB] car=1 track=1 frame=8 mode=0 draw=137340 present=31489 prepare=24952 raster=61486 blit=14905 player=39382 opponents=62091 candidates=16 before=1792 after=1792 rows=336
[1789025258735] [[32minfo[0m] [OcclusionAB] car=1 track=1 frame=8 mode=1 draw=136640 present=31477 prepare=24880 raster=61482 blit=14400 player=39386 opponents=61507 candidates=16 before=1792 after=1066 rows=336
[1789025258793] [[32minfo[0m] [CarStage] car=2 panels=607 vertices=801 tiles=1 prepare_us=6237 raster_us=8885 blit_us=2066
[1789025259165] [[32minfo[0m] [OcclusionAB] car=1 track=1 frame=9 mode=0 draw=153417 present=31471 prepare=24970 raster=59839 blit=28469 player=39710 opponents=73710 candidates=36 before=4032 after=4032 rows=336
[1789025259174] [[32minfo[0m] [OcclusionAB] car=1 track=1 frame=9 mode=1 draw=146613 present=31456 prepare=25039 raster=59671 blit=20380 player=38814 opponents=67555 candidates=36 before=4032 after=1689 rows=336
[1789025259588] [[32minfo[0m] [OcclusionAB] car=1 track=1 frame=10 mode=0 draw=146260 present=31475 prepare=25583 raster=54748 blit=23080 player=43817 opponents=59725 candidates=75 before=8400 after=8400 rows=336
[1789025259597] [[32minfo[0m] [OcclusionAB] car=1 track=1 frame=10 mode=1 draw=138239 present=31482 prepare=24901 raster=54684 blit=15908 player=38076 opponents=57542 candidates=75 before=8400 after=2334 rows=336
[1789025259798] [[32minfo[0m] [PaintStage] rows=171 clear_us=583 fill_us=9178 copy_us=4525
[1789025259799] [[32minfo[0m] [TrackStage] project_us=5935 paint_us=15520 lines_us=2 wireframe=false
[1789025259877] [[32minfo[0m] [RaceStage] track_us=27448 cars_us=58284 upscale_us=14321 scene_width=234 surfaces=223 cars=3 track_id=1 player_car=1 submitted=3 player_us=32951 opponents_us=24871 player_native=true prepare_us=16450 raster_us=25995 blit_us=6912 candidate_rows_before=3248 candidate_rows_after=3248
[1789025259954] [[32minfo[0m] [OcclusionAB] car=1 track=1 frame=11 mode=0 draw=126054 present=31463 prepare=16450 raster=25995 blit=6912 player=32951 opponents=24871 candidates=29 before=3248 after=3248 rows=224
[1789025259963] [[32minfo[0m] [OcclusionAB] car=1 track=1 frame=11 mode=1 draw=101091 present=31444 prepare=16545 raster=25954 blit=6280 player=32458 opponents=24720 candidates=29 before=3248 after=803 rows=224
[1789025260096] [[32minfo[0m] [HudStage] map_us=1400 total_us=3351 map_cached=true
[1789025260323] [[32minfo[0m] [OcclusionAB] car=1 track=1 frame=12 mode=0 draw=115991 present=31470 prepare=24848 raster=39373 blit=7936 player=28873 opponents=43417 candidates=23 before=2576 after=2576 rows=336
[1789025260332] [[32minfo[0m] [OcclusionAB] car=1 track=1 frame=12 mode=1 draw=113936 present=31470 prepare=24929 raster=39739 blit=6751 player=28337 opponents=43214 candidates=23 before=2576 after=803 rows=336
[1789025260704] [[32minfo[0m] [OcclusionAB] car=1 track=1 frame=13 mode=0 draw=121472 present=31470 prepare=24909 raster=46815 blit=12237 player=33447 opponents=50640 candidates=20 before=2240 after=2240 rows=336
[1789025260713] [[32minfo[0m] [OcclusionAB] car=1 track=1 frame=13 mode=1 draw=121080 present=31476 prepare=24853 raster=46888 blit=11670 player=32993 opponents=50542 candidates=20 before=2240 after=1012 rows=336
[1789025260818] [[32minfo[0m] [CarStage] car=1 panels=1021 vertices=1354 tiles=1 prepare_us=10267 raster_us=20831 blit_us=4911
[1789025261103] [[32minfo[0m] [OcclusionAB] car=1 track=1 frame=14 mode=0 draw=130721 present=31481 prepare=25000 raster=54675 blit=13096 player=37224 opponents=56849 candidates=18 before=2016 after=2016 rows=336
[1789025261112] [[32minfo[0m] [OcclusionAB] car=1 track=1 frame=14 mode=1 draw=129249 present=31493 prepare=24891 raster=54914 blit=12855 player=36123 opponents=56661 candidates=18 before=2016 after=1091 rows=336
[1789025261443] [[32minfo[0m] [OcclusionAB] car=1 track=1 frame=15 mode=0 draw=100001 present=31436 prepare=16516 raster=31399 blit=7616 player=38414 opponents=25649 candidates=12 before=1344 after=1344 rows=224
[1789025261452] [[32minfo[0m] [OcclusionAB] car=1 track=1 frame=15 mode=1 draw=100059 present=31932 prepare=16571 raster=31378 blit=7628 player=38460 opponents=25652 candidates=12 before=1344 after=755 rows=224
[1789025261855] [[32minfo[0m] [OcclusionAB] car=1 track=1 frame=16 mode=0 draw=137297 present=31476 prepare=24975 raster=61498 blit=14894 player=39389 opponents=62103 candidates=16 before=1792 after=1792 rows=336
[1789025261864] [[32minfo[0m] [OcclusionAB] car=1 track=1 frame=16 mode=1 draw=136648 present=31446 prepare=24910 raster=61534 blit=14391 player=39402 opponents=61558 candidates=16 before=1792 after=1066 rows=336
[1789025261904] [[32minfo[0m] [PaintStage] rows=128 clear_us=445 fill_us=7031 copy_us=3465
[1789025261905] [[32minfo[0m] [TrackStage] project_us=4700 paint_us=12113 lines_us=2 wireframe=false
[1789025262030] [[32minfo[0m] [RaceStage] track_us=22793 cars_us=105583 upscale_us=14299 scene_width=234 surfaces=134 cars=3 track_id=1 player_car=1 submitted=3 player_us=38485 opponents_us=66614 player_native=true prepare_us=24918 raster_us=59594 blit_us=20460 candidate_rows_before=4032 candidate_rows_after=1689
[1789025262260] [[32minfo[0m] [HudStage] map_us=1918 total_us=3908 map_cached=true
[1789025262316] [[32minfo[0m] [OcclusionAB] car=1 track=1 frame=17 mode=0 draw=153522 present=31517 prepare=24933 raster=59565 blit=28348 player=39401 opponents=73571 candidates=36 before=4032 after=4032 rows=336
[1789025262324] [[32minfo[0m] [OcclusionAB] car=1 track=1 frame=17 mode=1 draw=168959 present=31467 prepare=24918 raster=59594 blit=20460 player=38485 opponents=66614 candidates=36 before=4032 after=1689 rows=336
[1789025262736] [[32minfo[0m] [OcclusionAB] car=1 track=1 frame=18 mode=0 draw=144288 present=31472 prepare=24888 raster=54639 blit=22942 player=42965 opponents=59626 candidates=75 before=8400 after=8400 rows=336
[1789025262745] [[32minfo[0m] [OcclusionAB] car=1 track=1 frame=18 mode=1 draw=137044 present=31456 prepare=24857 raster=54619 blit=15895 player=37989 opponents=57506 candidates=75 before=8400 after=2332 rows=336
[1789025262852] [[32minfo[0m] [CarStage] car=1 panels=1021 vertices=1354 tiles=1 prepare_us=10270 raster_us=18083 blit_us=4041
[1789025263078] [[32minfo[0m] [OcclusionAB] car=1 track=1 frame=19 mode=0 draw=101055 present=31692 prepare=16456 raster=25958 blit=6883 player=32918 opponents=24858 candidates=29 before=3248 after=3248 rows=224
[1789025263087] [[32minfo[0m] [OcclusionAB] car=1 track=1 frame=19 mode=1 draw=101888 present=31452 prepare=16590 raster=25925 blit=6240 player=33663 opponents=24855 candidates=29 before=3248 after=803 rows=224
[1789025263445] [[32minfo[0m] [OcclusionAB] car=1 track=1 frame=20 mode=0 draw=114478 present=31454 prepare=24909 raster=39339 blit=7885 player=28780 opponents=43475 candidates=23 before=2576 after=2576 rows=336
[1789025263454] [[32minfo[0m] [OcclusionAB] car=1 track=1 frame=20 mode=1 draw=113265 present=31451 prepare=24947 raster=39351 blit=6658 player=28336 opponents=42742 candidates=23 before=2576 after=803 rows=336
[1789025263826] [[32minfo[0m] [OcclusionAB] car=1 track=1 frame=21 mode=0 draw=121647 present=31469 prepare=24886 raster=46896 blit=12277 player=33458 opponents=50733 candidates=20 before=2240 after=2240 rows=336
[1789025263835] [[32minfo[0m] [OcclusionAB] car=1 track=1 frame=21 mode=1 draw=121274 present=31447 prepare=24953 raster=46897 blit=11653 player=33006 opponents=50617 candidates=20 before=2240 after=1014 rows=336
[1789025264060] [[32minfo[0m] [PaintStage] rows=167 clear_us=587 fill_us=5449 copy_us=4214
[1789025264061] [[32minfo[0m] [TrackStage] project_us=4009 paint_us=11460 lines_us=2 wireframe=false
[1789025264174] [[32minfo[0m] [RaceStage] track_us=21484 cars_us=93068 upscale_us=14286 scene_width=234 surfaces=93 cars=3 track_id=1 player_car=1 submitted=3 player_us=36158 opponents_us=56433 player_native=true prepare_us=24826 raster_us=54718 blit_us=12922 candidate_rows_before=2016 candidate_rows_after=1091
[1789025264251] [[32minfo[0m] [OcclusionAB] car=1 track=1 frame=22 mode=0 draw=130623 present=31461 prepare=24913 raster=54665 blit=13051 player=36020 opponents=56731 candidates=18 before=2016 after=2016 rows=336
[1789025264260] [[32minfo[0m] [OcclusionAB] car=1 track=1 frame=22 mode=1 draw=154855 present=31428 prepare=24826 raster=54718 blit=12922 player=36158 opponents=56433 candidates=18 before=2016 after=1091 rows=336
[1789025264380] [[32minfo[0m] [HudStage] map_us=1408 total_us=3488 map_cached=true
[1789025264594] [[32minfo[0m] [OcclusionAB] car=1 track=1 frame=23 mode=0 draw=101644 present=31446 prepare=16539 raster=31356 blit=7695 player=38404 opponents=25746 candidates=12 before=1344 after=1344 rows=224
[1789025264603] [[32minfo[0m] [OcclusionAB] car=1 track=1 frame=23 mode=1 draw=102774 present=31507 prepare=16574 raster=31358 blit=7717 player=38469 opponents=25716 candidates=12 before=1344 after=755 rows=224
[1789025264874] [[32minfo[0m] [CarStage] car=2 panels=607 vertices=801 tiles=1 prepare_us=6215 raster_us=8996 blit_us=2750
[1789025265038] [[32minfo[0m] [OcclusionAB] car=1 track=1 frame=24 mode=0 draw=159196 present=31481 prepare=24901 raster=61507 blit=34744 player=47234 opponents=74042 candidates=75 before=8400 after=8400 rows=336
[1789025265047] [[32minfo[0m] [OcclusionAB] car=1 track=1 frame=24 mode=1 draw=146376 present=31481 prepare=25016 raster=61599 blit=20661 player=42837 opponents=65727 candidates=75 before=8400 after=2034 rows=336
[1789025265065] [[32minfo[0m] [OcclusionAB] GROUP car=1 track=1 mismatches=0 stack_free=1132
[1789025265124] [[32minfo[0m] [RacerMaterial] texture_side=32 entries=17 fallback_panels=0 map_cached=true
[1789025265858] [[32minfo[0m] [OcclusionAB] car=2 track=0 frame=1 mode=0 draw=120238 present=31463 prepare=23847 raster=47942 blit=11475 player=32682 opponents=50689 candidates=25 before=2800 after=2800 rows=336
[1789025265867] [[32minfo[0m] [OcclusionAB] car=2 track=0 frame=1 mode=1 draw=117867 present=31444 prepare=23805 raster=47934 blit=9071 player=31804 opponents=49114 candidates=25 before=2800 after=756 rows=336
[1789025266079] [[32minfo[0m] [PaintStage] rows=131 clear_us=449 fill_us=4855 copy_us=3582
[1789025266080] [[32minfo[0m] [TrackStage] project_us=3561 paint_us=10079 lines_us=2 wireframe=false
[1789025266182] [[32minfo[0m] [RaceStage] track_us=19627 cars_us=81539 upscale_us=14297 scene_width=234 surfaces=68 cars=3 track_id=0 player_car=2 submitted=3 player_us=31949 opponents_us=49213 player_native=true prepare_us=23832 raster_us=47823 blit_us=9396 candidate_rows_before=4592 candidate_rows_after=879
[1789025266258] [[32minfo[0m] [OcclusionAB] car=2 track=0 frame=2 mode=0 draw=120168 present=31665 prepare=23867 raster=47829 blit=12645 player=33013 opponents=51436 candidates=41 before=4592 after=4592 rows=336
[1789025266267] [[32minfo[0m] [OcclusionAB] car=2 track=0 frame=2 mode=1 draw=141091 present=31461 prepare=23832 raster=47823 blit=9396 player=31949 opponents=49213 candidates=41 before=4592 after=879 rows=336
[1789025266383] [[32minfo[0m] [HudStage] map_us=1313 total_us=3388 map_cached=true
[1789025266594] [[32minfo[0m] [OcclusionAB] car=2 track=0 frame=3 mode=0 draw=98588 present=31452 prepare=17604 raster=29592 blit=10010 player=35305 opponents=28250 candidates=38 before=4256 after=4256 rows=224
[1789025266603] [[32minfo[0m] [OcclusionAB] car=2 track=0 frame=3 mode=1 draw=99045 present=31457 prepare=17589 raster=29600 blit=9333 player=34867 opponents=28002 candidates=38 before=4256 after=1263 rows=224
[1789025266887] [[32minfo[0m] [CarStage] car=2 panels=967 vertices=1181 tiles=1 prepare_us=9449 raster_us=18535 blit_us=3488
[1789025266974] [[32minfo[0m] [OcclusionAB] car=2 track=0 frame=4 mode=0 draw=121664 present=31494 prepare=24359 raster=45415 blit=13101 player=32761 opponents=50234 candidates=37 before=4144 after=4144 rows=336
[1789025266983] [[32minfo[0m] [OcclusionAB] car=2 track=0 frame=4 mode=1 draw=119559 present=31469 prepare=24422 raster=45436 blit=9825 player=32635 opponents=48297 candidates=37 before=4144 after=1110 rows=336
[1789025267350] [[32minfo[0m] [OcclusionAB] car=2 track=0 frame=5 mode=0 draw=120228 present=31492 prepare=24771 raster=45966 blit=11230 player=32063 opponents=50023 candidates=27 before=3024 after=3024 rows=336
[1789025267359] [[32minfo[0m] [OcclusionAB] car=2 track=0 frame=5 mode=1 draw=117400 present=31483 prepare=24611 raster=45868 blit=8546 player=31179 opponents=47974 candidates=27 before=3024 after=839 rows=336
[1789025267722] [[32minfo[0m] [OcclusionAB] car=2 track=0 frame=6 mode=0 draw=118567 present=31470 prepare=24254 raster=45799 blit=11175 player=32063 opponents=49287 candidates=27 before=3024 after=3024 rows=336
[1789025267731] [[32minfo[0m] [OcclusionAB] car=2 track=0 frame=6 mode=1 draw=115686 present=31455 prepare=24285 raster=45773 blit=8398 player=30971 opponents=47603 candidates=27 before=3024 after=804 rows=336
[1789025268052] [[32minfo[0m] [OcclusionAB] car=2 track=0 frame=7 mode=0 draw=96427 present=31441 prepare=17827 raster=29072 blit=6646 player=32165 opponents=27885 candidates=33 before=3696 after=3696 rows=224
[1789025268060] [[32minfo[0m] [OcclusionAB] car=2 track=0 frame=7 mode=1 draw=95213 present=31428 prepare=17885 raster=29074 blit=5273 player=31273 opponents=27451 candidates=33 before=3696 after=687 rows=224
[1789025268097] [[32minfo[0m] [PaintStage] rows=132 clear_us=503 fill_us=4452 copy_us=3585
[1789025268098] [[32minfo[0m] [TrackStage] project_us=3850 paint_us=9709 lines_us=2 wireframe=false
[1789025268206] [[32minfo[0m] [RaceStage] track_us=19492 cars_us=88243 upscale_us=14287 scene_width=234 surfaces=46 cars=3 track_id=0 player_car=2 submitted=3 player_us=35587 opponents_us=52258 player_native=true prepare_us=24172 raster_us=45633 blit_us=17918 candidate_rows_before=5488 candidate_rows_after=5488
[1789025268405] [[32minfo[0m] [HudStage] map_us=1330 total_us=3344 map_cached=true
[1789025268462] [[32minfo[0m] [OcclusionAB] car=2 track=0 frame=8 mode=0 draw=148009 present=31439 prepare=24172 raster=45633 blit=17918 player=35587 opponents=52258 candidates=49 before=5488 after=5488 rows=336
[1789025268470] [[32minfo[0m] [OcclusionAB] car=2 track=0 frame=8 mode=1 draw=122949 present=31448 prepare=24294 raster=45592 blit=16170 player=35059 opponents=51114 candidates=49 before=5488 after=1689 rows=336
[1789025268867] [[32minfo[0m] [OcclusionAB] car=2 track=0 frame=9 mode=0 draw=134289 present=31486 prepare=24287 raster=46636 blit=12513 player=32979 opponents=50582 candidates=31 before=3472 after=3472 rows=336
[1789025268876] [[32minfo[0m] [OcclusionAB] car=2 track=0 frame=9 mode=1 draw=132288 present=31488 prepare=24264 raster=46676 blit=10407 player=32305 opponents=49154 candidates=31 before=3472 after=1105 rows=336
[1789025268946] [[32minfo[0m] [CarStage] car=3 panels=793 vertices=1226 tiles=1 prepare_us=8313 raster_us=10771 blit_us=2144
[1789025269270] [[32minfo[0m] [OcclusionAB] car=2 track=0 frame=10 mode=0 draw=133790 present=31691 prepare=24297 raster=47940 blit=12058 player=33602 opponents=51974 candidates=25 before=2800 after=2800 rows=336
[1789025269279] [[32minfo[0m] [OcclusionAB] car=2 track=0 frame=10 mode=1 draw=129705 present=31435 prepare=24240 raster=47891 blit=9326 player=32078 opponents=49498 candidates=25 before=2800 after=780 rows=336
[1789025269620] [[32minfo[0m] [OcclusionAB] car=2 track=0 frame=11 mode=0 draw=105804 present=31424 prepare=17822 raster=29931 blit=6357 player=33073 opponents=27528 candidates=18 before=2016 after=2016 rows=224
[1789025269629] [[32minfo[0m] [OcclusionAB] car=2 track=0 frame=11 mode=1 draw=104814 present=31445 prepare=17847 raster=29942 blit=5234 player=32184 opponents=27342 candidates=18 before=2016 after=543 rows=224
[1789025270003] [[32minfo[0m] [OcclusionAB] car=2 track=0 frame=12 mode=0 draw=122996 present=31467 prepare=24267 raster=48238 blit=11567 player=32777 opponents=51448 candidates=23 before=2576 after=2576 rows=336
[1789025270012] [[32minfo[0m] [OcclusionAB] car=2 track=0 frame=12 mode=1 draw=120709 present=31456 prepare=24276 raster=48288 blit=9362 player=32169 opponents=49875 candidates=23 before=2576 after=751 rows=336
[1789025270227] [[32minfo[0m] [PaintStage] rows=158 clear_us=530 fill_us=5691 copy_us=4019
[1789025270228] [[32minfo[0m] [TrackStage] project_us=3794 paint_us=11472 lines_us=2 wireframe=false
[1789025270336] [[32minfo[0m] [RaceStage] track_us=21252 cars_us=86625 upscale_us=14806 scene_width=234 surfaces=98 cars=3 track_id=0 player_car=2 submitted=3 player_us=33822 opponents_us=52369 player_native=true prepare_us=24356 raster_us=49251 blit_us=12453 candidate_rows_before=2576 candidate_rows_after=2576
[1789025270412] [[32minfo[0m] [OcclusionAB] car=2 track=0 frame=13 mode=0 draw=148485 present=31444 prepare=24356 raster=49251 blit=12453 player=33822 opponents=52369 candidates=23 before=2576 after=2576 rows=336
[1789025270421] [[32minfo[0m] [OcclusionAB] car=2 track=0 frame=13 mode=1 draw=121726 present=31499 prepare=24368 raster=49142 blit=10679 player=33221 opponents=51091 candidates=23 before=2576 after=867 rows=336
[1789025270566] [[32minfo[0m] [HudStage] map_us=1319 total_us=3300 map_cached=true
[1789025270802] [[32minfo[0m] [OcclusionAB] car=2 track=0 frame=14 mode=0 draw=127363 present=31459 prepare=24375 raster=50535 blit=15024 player=35958 opponents=54104 candidates=28 before=3136 after=3136 rows=336
[1789025270811] [[32minfo[0m] [OcclusionAB] car=2 track=0 frame=14 mode=1 draw=124153 present=31448 prepare=24337 raster=50556 blit=12906 player=34969 opponents=52959 candidates=28 before=3136 after=1067 rows=336
[1789025271025] [[32minfo[0m] [CarStage] car=3 panels=793 vertices=1226 tiles=1 prepare_us=8368 raster_us=11392 blit_us=2413
[1789025271145] [[32minfo[0m] [OcclusionAB] car=2 track=0 frame=15 mode=0 draw=103344 present=31441 prepare=17982 raster=33093 blit=9446 player=38408 opponents=29763 candidates=22 before=2464 after=2464 rows=224
[1789025271154] [[32minfo[0m] [OcclusionAB] car=2 track=0 frame=15 mode=1 draw=100685 present=31449 prepare=17888 raster=33021 blit=8211 player=37236 opponents=28442 candidates=22 before=2464 after=958 rows=224
[1789025271550] [[32minfo[0m] [OcclusionAB] car=2 track=0 frame=16 mode=0 draw=134353 present=31443 prepare=24592 raster=55759 blit=16298 player=38727 opponents=58059 candidates=25 before=2800 after=2800 rows=336
[1789025271559] [[32minfo[0m] [OcclusionAB] car=2 track=0 frame=16 mode=1 draw=132578 present=31442 prepare=24338 raster=55783 blit=14883 player=37867 opponents=57257 candidates=25 before=2800 after=1224 rows=336
[1789025271950] [[32minfo[0m] [OcclusionAB] car=2 track=0 frame=17 mode=0 draw=130868 present=31438 prepare=24253 raster=53703 blit=14891 player=36987 opponents=55983 candidates=25 before=2800 after=2800 rows=336
[1789025271959] [[32minfo[0m] [OcclusionAB] car=2 track=0 frame=17 mode=1 draw=129320 present=31464 prepare=24281 raster=53654 blit=13247 player=36155 opponents=55148 candidates=25 before=2800 after=1081 rows=336
[1789025272347] [[32minfo[0m] [OcclusionAB] car=2 track=0 frame=18 mode=0 draw=129891 present=31459 prepare=24371 raster=53118 blit=14856 player=36803 opponents=55664 candidates=26 before=2912 after=2912 rows=336
[1789025272356] [[32minfo[0m] [OcclusionAB] car=2 track=0 frame=18 mode=1 draw=127929 present=31467 prepare=24255 raster=53599 blit=12874 player=35828 opponents=55025 candidates=26 before=2912 after=1038 rows=336
[1789025272393] [[32minfo[0m] [PaintStage] rows=145 clear_us=505 fill_us=5084 copy_us=3795
[1789025272394] [[32minfo[0m] [TrackStage] project_us=3822 paint_us=10604 lines_us=2 wireframe=false
[1789025272480] [[32minfo[0m] [RaceStage] track_us=20406 cars_us=65246 upscale_us=14289 scene_width=234 surfaces=67 cars=3 track_id=0 player_car=2 submitted=3 player_us=36475 opponents_us=28350 player_native=true prepare_us=17852 raster_us=32655 blit_us=7774 candidate_rows_before=2352 candidate_rows_after=809
[1789025272658] [[32minfo[0m] [HudStage] map_us=1336 total_us=3403 map_cached=true
[1789025272715] [[32minfo[0m] [OcclusionAB] car=2 track=0 frame=19 mode=0 draw=103329 present=31494 prepare=17809 raster=32721 blit=8667 player=37159 opponents=28590 candidates=21 before=2352 after=2352 rows=224
[1789025272723] [[32minfo[0m] [OcclusionAB] car=2 track=0 frame=19 mode=1 draw=125763 present=31443 prepare=17852 raster=32655 blit=7774 player=36475 opponents=28350 candidates=21 before=2352 after=809 rows=224
[1789025273058] [[32minfo[0m] [CarStage] car=4 panels=627 vertices=869 tiles=1 prepare_us=6668 raster_us=21851 blit_us=6476
[1789025273118] [[32minfo[0m] [OcclusionAB] car=2 track=0 frame=20 mode=0 draw=133152 present=31432 prepare=24320 raster=55712 blit=17651 player=39141 opponents=58671 candidates=27 before=3024 after=3024 rows=336
[1789025273127] [[32minfo[0m] [OcclusionAB] car=2 track=0 frame=20 mode=1 draw=131586 present=31466 prepare=24583 raster=55658 blit=14837 player=38008 opponents=58339 candidates=27 before=3024 after=1280 rows=336
[1789025273554] [[32minfo[0m] [OcclusionAB] car=2 track=0 frame=21 mode=0 draw=152773 present=31466 prepare=24247 raster=53869 blit=26835 player=42849 opponents=62225 candidates=97 before=10864 after=10864 rows=336
[1789025273563] [[32minfo[0m] [OcclusionAB] car=2 track=0 frame=21 mode=1 draw=143641 present=31438 prepare=24267 raster=54371 blit=16975 player=37698 opponents=58042 candidates=97 before=10864 after=1634 rows=336
[1789025273991] [[32minfo[0m] [OcclusionAB] car=2 track=0 frame=22 mode=0 draw=154552 present=31481 prepare=24314 raster=50598 blit=32519 player=43454 opponents=64101 candidates=115 before=12880 after=12880 rows=336
[1789025274000] [[32minfo[0m] [OcclusionAB] car=2 track=0 frame=22 mode=1 draw=142765 present=31461 prepare=24256 raster=50597 blit=20844 player=38316 opponents=57505 candidates=115 before=12880 after=3080 rows=336
[1789025274349] [[32minfo[0m] [OcclusionAB] car=2 track=0 frame=23 mode=0 draw=111711 present=31461 prepare=17761 raster=31236 blit=11678 player=38520 opponents=28787 candidates=54 before=6048 after=6048 rows=224
[1789025274358] [[32minfo[0m] [OcclusionAB] car=2 track=0 frame=23 mode=1 draw=106049 present=31409 prepare=17805 raster=30475 blit=6466 player=33473 opponents=27777 candidates=54 before=6048 after=1563 rows=224
[1789025274399] [[32minfo[0m] [PaintStage] rows=138 clear_us=487 fill_us=6926 copy_us=3689
[1789025274400] [[32minfo[0m] [TrackStage] project_us=5698 paint_us=12280 lines_us=2 wireframe=false
[1789025274518] [[32minfo[0m] [RaceStage] track_us=23988 cars_us=98309 upscale_us=14299 scene_width=234 surfaces=194 cars=3 track_id=0 player_car=2 submitted=3 player_us=37836 opponents_us=60054 player_native=true prepare_us=24194 raster_us=48287 blit_us=25291 candidate_rows_before=9184 candidate_rows_after=9184
[1789025274720] [[32minfo[0m] [HudStage] map_us=1327 total_us=3282 map_cached=true
[1789025274777] [[32minfo[0m] [OcclusionAB] car=2 track=0 frame=24 mode=0 draw=162573 present=31451 prepare=24194 raster=48287 blit=25291 player=37836 opponents=60054 candidates=82 before=9184 after=9184 rows=336
[1789025274785] [[32minfo[0m] [OcclusionAB] car=2 track=0 frame=24 mode=1 draw=126417 present=31505 prepare=24274 raster=48284 blit=12706 player=33773 opponents=51611 candidates=82 before=9184 after=1205 rows=336
[1789025274804] [[32minfo[0m] [OcclusionAB] GROUP car=2 track=0 mismatches=0 stack_free=1132
[1789025275075] [[32minfo[0m] [CarStage] car=3 panels=793 vertices=1226 tiles=1 prepare_us=8244 raster_us=11653 blit_us=2876
[1789025275631] [[32minfo[0m] [OcclusionAB] car=2 track=1 frame=1 mode=0 draw=147916 present=31432 prepare=24004 raster=57282 blit=27671 player=38875 opponents=70215 candidates=36 before=4032 after=4032 rows=336
[1789025275640] [[32minfo[0m] [OcclusionAB] car=2 track=1 frame=1 mode=1 draw=140838 present=31475 prepare=24154 raster=57392 blit=20386 player=38284 opponents=63779 candidates=36 before=4032 after=1689 rows=336
[1789025276045] [[32minfo[0m] [OcclusionAB] car=2 track=1 frame=2 mode=0 draw=140893 present=31479 prepare=24177 raster=52478 blit=22709 player=42066 opponents=57415 candidates=75 before=8400 after=8400 rows=336
[1789025276054] [[32minfo[0m] [OcclusionAB] car=2 track=1 frame=2 mode=1 draw=133660 present=31458 prepare=24138 raster=52481 blit=15603 player=37212 opponents=55125 candidates=75 before=8400 after=2332 rows=336
[1789025276391] [[32minfo[0m] [OcclusionAB] car=2 track=1 frame=3 mode=0 draw=103902 present=31429 prepare=18046 raster=29063 blit=7015 player=32494 opponents=28181 candidates=29 before=3248 after=3248 rows=224
[1789025276400] [[32minfo[0m] [OcclusionAB] car=2 track=1 frame=3 mode=1 draw=102640 present=31435 prepare=17968 raster=28551 blit=6266 player=31788 opponents=27556 candidates=29 before=3248 after=799 rows=224
[1789025276442] [[32minfo[0m] [PaintStage] rows=232 clear_us=794 fill_us=7609 copy_us=5598
[1789025276443] [[32minfo[0m] [TrackStage] project_us=4651 paint_us=15282 lines_us=2 wireframe=false
[1789025276535] [[32minfo[0m] [RaceStage] track_us=25948 cars_us=71037 upscale_us=14327 scene_width=234 surfaces=123 cars=3 track_id=1 player_car=2 submitted=3 player_us=27842 opponents_us=42721 player_native=true prepare_us=24399 raster_us=38343 blit_us=7697 candidate_rows_before=2576 candidate_rows_after=2576
[1789025276723] [[32minfo[0m] [HudStage] map_us=1401 total_us=3318 map_cached=true
[1789025276779] [[32minfo[0m] [OcclusionAB] car=2 track=1 frame=4 mode=0 draw=137377 present=31483 prepare=24399 raster=38343 blit=7697 player=27842 opponents=42721 candidates=23 before=2576 after=2576 rows=336
[1789025276787] [[32minfo[0m] [OcclusionAB] car=2 track=1 frame=4 mode=1 draw=112615 present=31444 prepare=24427 raster=38404 blit=6483 player=27439 opponents=41998 candidates=23 before=2576 after=803 rows=336
[1789025277096] [[32minfo[0m] [CarStage] car=4 panels=627 vertices=869 tiles=1 prepare_us=6540 raster_us=16434 blit_us=5298
[1789025277156] [[32minfo[0m] [OcclusionAB] car=2 track=1 frame=5 mode=0 draw=120151 present=31470 prepare=24506 raster=45127 blit=11545 player=32179 opponents=50231 candidates=18 before=2016 after=2016 rows=336
[1789025277165] [[32minfo[0m] [OcclusionAB] car=2 track=1 frame=5 mode=1 draw=118800 present=31444 prepare=24492 raster=45178 blit=11427 player=32194 opponents=49029 candidates=18 before=2016 after=1016 rows=336
[1789025277548] [[32minfo[0m] [OcclusionAB] car=2 track=1 frame=6 mode=0 draw=127380 present=31464 prepare=24589 raster=52435 blit=13352 player=35784 opponents=54722 candidates=18 before=2016 after=2016 rows=336
[1789025277557] [[32minfo[0m] [OcclusionAB] car=2 track=1 frame=6 mode=1 draw=126317 present=31488 prepare=24435 raster=52416 blit=12621 player=35514 opponents=54079 candidates=18 before=2016 after=1091 rows=336
[1789025277893] [[32minfo[0m] [OcclusionAB] car=2 track=1 frame=7 mode=0 draw=102915 present=31441 prepare=17901 raster=34534 blit=7609 player=38046 opponents=28749 candidates=12 before=1344 after=1344 rows=224
[1789025277902] [[32minfo[0m] [OcclusionAB] car=2 track=1 frame=7 mode=1 draw=103107 present=31462 prepare=17955 raster=34531 blit=7616 player=38121 opponents=28740 candidates=12 before=1344 after=761 rows=224
[1789025278300] [[32minfo[0m] [OcclusionAB] car=2 track=1 frame=8 mode=0 draw=134539 present=31460 prepare=24459 raster=59348 blit=14600 player=39031 opponents=59501 candidates=16 before=1792 after=1792 rows=336
[1789025278309] [[32minfo[0m] [OcclusionAB] car=2 track=1 frame=8 mode=1 draw=133614 present=31921 prepare=24417 raster=59116 blit=14136 player=39082 opponents=58711 candidates=16 before=1792 after=1066 rows=336
[1789025278547] [[32minfo[0m] [PaintStage] rows=128 clear_us=447 fill_us=7470 copy_us=3464
[1789025278548] [[32minfo[0m] [TrackStage] project_us=5274 paint_us=12600 lines_us=2 wireframe=false
[1789025278678] [[32minfo[0m] [RaceStage] track_us=23888 cars_us=110146 upscale_us=14286 scene_width=234 surfaces=182 cars=3 track_id=1 player_car=2 submitted=3 player_us=39095 opponents_us=70578 player_native=true prepare_us=24370 raster_us=57405 blit_us=27772 candidate_rows_before=4032 candidate_rows_after=4032
[1789025278755] [[32minfo[0m] [OcclusionAB] car=2 track=1 frame=9 mode=0 draw=174357 present=31480 prepare=24370 raster=57405 blit=27772 player=39095 opponents=70578 candidates=36 before=4032 after=4032 rows=336
[1789025278764] [[32minfo[0m] [OcclusionAB] car=2 track=1 frame=9 mode=1 draw=142037 present=31451 prepare=24435 raster=57366 blit=19938 player=38210 opponents=63651 candidates=36 before=4032 after=1689 rows=336
[1789025278925] [[32minfo[0m] [HudStage] map_us=1413 total_us=3422 map_cached=true
[1789025279115] [[32minfo[0m] [CarStage] car=4 panels=627 vertices=869 tiles=1 prepare_us=6540 raster_us=20355 blit_us=5894
[1789025279175] [[32minfo[0m] [OcclusionAB] car=2 track=1 frame=10 mode=0 draw=143731 present=31466 prepare=24440 raster=52452 blit=22752 player=42229 opponents=57541 candidates=75 before=8400 after=8400 rows=336
[1789025279184] [[32minfo[0m] [OcclusionAB] car=2 track=1 frame=10 mode=1 draw=137116 present=31468 prepare=24576 raster=52512 blit=15961 player=37536 opponents=56741 candidates=75 before=8400 after=2334 rows=336
[1789025279523] [[32minfo[0m] [OcclusionAB] car=2 track=1 frame=11 mode=0 draw=103771 present=31443 prepare=17897 raster=28485 blit=6981 player=32257 opponents=27677 candidates=29 before=3248 after=3248 rows=224
[1789025279532] [[32minfo[0m] [OcclusionAB] car=2 track=1 frame=11 mode=1 draw=104419 present=31439 prepare=18071 raster=28976 blit=6311 player=32411 opponents=27570 candidates=29 before=3248 after=799 rows=224
[1789025279886] [[32minfo[0m] [OcclusionAB] car=2 track=1 frame=12 mode=0 draw=112963 present=31482 prepare=24387 raster=38442 blit=7650 player=27881 opponents=42722 candidates=23 before=2576 after=2576 rows=336
[1789025279895] [[32minfo[0m] [OcclusionAB] car=2 track=1 frame=12 mode=1 draw=111617 present=31473 prepare=24298 raster=38478 blit=6522 player=27437 opponents=41984 candidates=23 before=2576 after=804 rows=336
[1789025280262] [[32minfo[0m] [OcclusionAB] car=2 track=1 frame=13 mode=0 draw=118523 present=31453 prepare=24395 raster=45126 blit=11497 player=32127 opponents=49016 candidates=18 before=2016 after=2016 rows=336
[1789025280271] [[32minfo[0m] [OcclusionAB] car=2 track=1 frame=13 mode=1 draw=119007 present=31484 prepare=24489 raster=45093 blit=11463 player=32170 opponents=48998 candidates=18 before=2016 after=1018 rows=336
[1789025280654] [[32minfo[0m] [OcclusionAB] car=2 track=1 frame=14 mode=0 draw=126549 present=31467 prepare=24493 raster=52401 blit=12853 player=35478 opponents=54392 candidates=18 before=2016 after=2016 rows=336
[1789025280663] [[32minfo[0m] [OcclusionAB] car=2 track=1 frame=14 mode=1 draw=126087 present=31472 prepare=24461 raster=52400 blit=12628 player=35472 opponents=54137 candidates=18 before=2016 after=1091 rows=336
[1789025280699] [[32minfo[0m] [PaintStage] rows=154 clear_us=538 fill_us=4570 copy_us=3954
[1789025280700] [[32minfo[0m] [TrackStage] project_us=3260 paint_us=10270 lines_us=3 wireframe=false
[1789025280788] [[32minfo[0m] [RaceStage] track_us=19517 cars_us=67268 upscale_us=14285 scene_width=234 surfaces=55 cars=3 track_id=1 player_car=2 submitted=3 player_us=38118 opponents_us=28681 player_native=true prepare_us=17902 raster_us=34530 blit_us=7604 candidate_rows_before=1344 candidate_rows_after=761
[1789025280967] [[32minfo[0m] [HudStage] map_us=1428 total_us=3529 map_cached=true
[1789025281023] [[32minfo[0m] [OcclusionAB] car=2 track=1 frame=15 mode=0 draw=103635 present=31480 prepare=17957 raster=34502 blit=7623 player=38076 opponents=28692 candidates=12 before=1344 after=1344 rows=224
[1789025281031] [[32minfo[0m] [OcclusionAB] car=2 track=1 frame=15 mode=1 draw=127065 present=31461 prepare=17902 raster=34530 blit=7604 player=38118 opponents=28681 candidates=12 before=1344 after=761 rows=224
[1789025281144] [[32minfo[0m] [CarStage] car=2 panels=967 vertices=1181 tiles=1 prepare_us=9571 raster_us=23683 blit_us=5742
[1789025281431] [[32minfo[0m] [OcclusionAB] car=2 track=1 frame=16 mode=0 draw=135535 present=31462 prepare=24591 raster=59137 blit=14639 player=40156 opponents=59456 candidates=16 before=1792 after=1792 rows=336
[1789025281440] [[32minfo[0m] [OcclusionAB] car=2 track=1 frame=16 mode=1 draw=134222 present=31452 prepare=24520 raster=59609 blit=14148 player=39315 opponents=59099 candidates=16 before=1792 after=1066 rows=336
[1789025281859] [[32minfo[0m] [OcclusionAB] car=2 track=1 frame=17 mode=0 draw=148613 present=31446 prepare=24434 raster=57391 blit=27642 player=39046 opponents=70545 candidates=36 before=4032 after=4032 rows=336
[1789025281868] [[32minfo[0m] [OcclusionAB] car=2 track=1 frame=17 mode=1 draw=140954 present=31449 prepare=24419 raster=57407 blit=19836 player=38176 opponents=63608 candidates=36 before=4032 after=1689 rows=336
[1789025282274] [[32minfo[0m] [OcclusionAB] car=2 track=1 frame=18 mode=0 draw=141432 present=31668 prepare=24466 raster=52452 blit=22720 player=42209 opponents=57550 candidates=75 before=8400 after=8400 rows=336
[1789025282283] [[32minfo[0m] [OcclusionAB] car=2 track=1 frame=18 mode=1 draw=134234 present=31458 prepare=24439 raster=52451 blit=15623 player=37342 opponents=55294 candidates=75 before=8400 after=2332 rows=336
[1789025282619] [[32minfo[0m] [OcclusionAB] car=2 track=1 frame=19 mode=0 draw=103195 present=31470 prepare=17875 raster=28541 blit=6945 player=32271 opponents=27664 candidates=29 before=3248 after=3248 rows=224
[1789025282628] [[32minfo[0m] [OcclusionAB] car=2 track=1 frame=19 mode=1 draw=102759 present=31413 prepare=17932 raster=28545 blit=6256 player=31817 opponents=27463 candidates=29 before=3248 after=799 rows=224
[1789025282839] [[32minfo[0m] [PaintStage] rows=232 clear_us=808 fill_us=7573 copy_us=5582
[1789025282840] [[32minfo[0m] [TrackStage] project_us=4718 paint_us=15257 lines_us=2 wireframe=false
[1789025282930] [[32minfo[0m] [RaceStage] track_us=25987 cars_us=69949 upscale_us=14274 scene_width=234 surfaces=123 cars=3 track_id=1 player_car=2 submitted=3 player_us=27437 opponents_us=42036 player_native=true prepare_us=24436 raster_us=38399 blit_us=6516 candidate_rows_before=2576 candidate_rows_after=804
[1789025283007] [[32minfo[0m] [OcclusionAB] car=2 track=1 frame=20 mode=0 draw=112885 present=31460 prepare=24455 raster=38381 blit=7653 player=27871 opponents=42740 candidates=23 before=2576 after=2576 rows=336
[1789025283016] [[32minfo[0m] [OcclusionAB] car=2 track=1 frame=20 mode=1 draw=135953 present=31461 prepare=24436 raster=38399 blit=6516 player=27437 opponents=42036 candidates=23 before=2576 after=804 rows=336
[1789025283149] [[32minfo[0m] [CarStage] car=4 panels=627 vertices=869 tiles=1 prepare_us=6529 raster_us=16401 blit_us=5147
[1789025283154] [[32minfo[0m] [HudStage] map_us=1520 total_us=3473 map_cached=true
[1789025283389] [[32minfo[0m] [OcclusionAB] car=2 track=1 frame=21 mode=0 draw=119340 present=31450 prepare=24530 raster=45579 blit=11493 player=32612 opponents=49122 candidates=18 before=2016 after=2016 rows=336
[1789025283398] [[32minfo[0m] [OcclusionAB] car=2 track=1 frame=21 mode=1 draw=123677 present=31465 prepare=24468 raster=45084 blit=11425 player=32153 opponents=50057 candidates=18 before=2016 after=1018 rows=336
[1789025283783] [[32minfo[0m] [OcclusionAB] car=2 track=1 frame=22 mode=0 draw=127699 present=31444 prepare=24511 raster=52337 blit=12899 player=35474 opponents=54392 candidates=18 before=2016 after=2016 rows=336
[1789025283792] [[32minfo[0m] [OcclusionAB] car=2 track=1 frame=22 mode=1 draw=127286 present=31459 prepare=24467 raster=52359 blit=12645 player=35469 opponents=54130 candidates=18 before=2016 after=1091 rows=336
[1789025284131] [[32minfo[0m] [OcclusionAB] car=2 track=1 frame=23 mode=0 draw=104586 present=31434 prepare=18197 raster=34491 blit=7660 player=38361 opponents=28725 candidates=12 before=1344 after=1344 rows=224
[1789025284140] [[32minfo[0m] [OcclusionAB] car=2 track=1 frame=23 mode=1 draw=104458 present=31431 prepare=17978 raster=34474 blit=7691 player=38148 opponents=28717 candidates=12 before=1344 after=761 rows=224
[1789025284566] [[32minfo[0m] [OcclusionAB] car=2 track=1 frame=24 mode=0 draw=155022 present=31484 prepare=24977 raster=59378 blit=32599 player=45224 opponents=71853 candidates=71 before=7952 after=7952 rows=336
[1789025284575] [[32minfo[0m] [OcclusionAB] car=2 track=1 frame=24 mode=1 draw=141006 present=31453 prepare=24431 raster=59045 blit=19633 player=41519 opponents=61710 candidates=71 before=7952 after=1938 rows=336
[1789025284593] [[32minfo[0m] [OcclusionAB] GROUP car=2 track=1 mismatches=0 stack_free=1132
[1789025284657] [[32minfo[0m] [RacerMaterial] texture_side=32 entries=18 fallback_panels=0 map_cached=true
[1789025284883] [[32minfo[0m] [PaintStage] rows=138 clear_us=494 fill_us=6947 copy_us=3691
[1789025284884] [[32minfo[0m] [TrackStage] project_us=5645 paint_us=12356 lines_us=2 wireframe=false
[1789025284991] [[32minfo[0m] [RaceStage] track_us=23996 cars_us=86728 upscale_us=14264 scene_width=234 surfaces=194 cars=3 track_id=0 player_car=3 submitted=3 player_us=39900 opponents_us=46434 player_native=true prepare_us=23836 raster_us=49394 blit_us=12998 candidate_rows_before=9296 candidate_rows_after=1218
[1789025285156] [[32minfo[0m] [CarStage] car=3 panels=1151 vertices=1642 tiles=1 prepare_us=11446 raster_us=22905 blit_us=3503
[1789025285189] [[32minfo[0m] [HudStage] map_us=1281 total_us=3230 map_cached=true
[1789025285424] [[32minfo[0m] [OcclusionAB] car=3 track=0 frame=1 mode=0 draw=122438 present=31452 prepare=24015 raster=49144 blit=12203 player=39259 opponents=46231 candidates=25 before=2800 after=2800 rows=336
[1789025285433] [[32minfo[0m] [OcclusionAB] car=3 track=0 frame=1 mode=1 draw=121639 present=31466 prepare=24050 raster=49064 blit=9309 player=39053 opponents=44655 candidates=25 before=2800 after=763 rows=336
[1789025285803] [[32minfo[0m] [OcclusionAB] car=3 track=0 frame=2 mode=0 draw=121876 present=31486 prepare=23886 raster=49355 blit=12800 player=39394 opponents=46757 candidates=43 before=4816 after=4816 rows=336
[1789025285812] [[32minfo[0m] [OcclusionAB] car=3 track=0 frame=2 mode=1 draw=118389 present=31462 prepare=23845 raster=49328 blit=9512 player=38129 opponents=44672 candidates=43 before=4816 after=898 rows=336
[1789025286143] [[32minfo[0m] [OcclusionAB] car=3 track=0 frame=3 mode=0 draw=101143 present=31472 prepare=17950 raster=31283 blit=10658 player=42202 opponents=23764 candidates=38 before=4256 after=4256 rows=224
[1789025286152] [[32minfo[0m] [OcclusionAB] car=3 track=0 frame=3 mode=1 draw=100219 present=31430 prepare=17952 raster=31258 blit=9894 player=41561 opponents=23591 candidates=38 before=4256 after=1273 rows=224
[1789025286525] [[32minfo[0m] [OcclusionAB] car=3 track=0 frame=4 mode=0 draw=123183 present=31452 prepare=24361 raster=47439 blit=12522 player=39122 opponents=45322 candidates=35 before=3920 after=3920 rows=336
[1789025286534] [[32minfo[0m] [OcclusionAB] car=3 track=0 frame=4 mode=1 draw=119875 present=31457 prepare=24322 raster=46952 blit=9946 player=37799 opponents=43540 candidates=35 before=3920 after=1105 rows=336
[1789025286904] [[32minfo[0m] [OcclusionAB] car=3 track=0 frame=5 mode=0 draw=121212 present=31482 prepare=24241 raster=47328 blit=11450 player=38331 opponents=44808 candidates=27 before=3024 after=3024 rows=336
[1789025286913] [[32minfo[0m] [OcclusionAB] car=3 track=0 frame=5 mode=1 draw=118606 present=31465 prepare=24302 raster=47308 blit=8640 player=37184 opponents=43184 candidates=27 before=3024 after=839 rows=336
[1789025286950] [[32minfo[0m] [PaintStage] rows=139 clear_us=471 fill_us=5448 copy_us=3738
[1789025286951] [[32minfo[0m] [TrackStage] project_us=4256 paint_us=10820 lines_us=2 wireframe=false
[1789025287055] [[32minfo[0m] [RaceStage] track_us=21062 cars_us=83316 upscale_us=14269 scene_width=234 surfaces=95 cars=3 track_id=0 player_car=3 submitted=3 player_us=38352 opponents_us=44564 player_native=true prepare_us=24507 raster_us=47212 blit_us=11070 candidate_rows_before=2912 candidate_rows_after=2912
[1789025287167] [[32minfo[0m] [CarStage] car=4 panels=627 vertices=869 tiles=1 prepare_us=6555 raster_us=8349 blit_us=1772
[1789025287250] [[32minfo[0m] [HudStage] map_us=1328 total_us=3287 map_cached=true
[1789025287307] [[32minfo[0m] [OcclusionAB] car=3 track=0 frame=6 mode=0 draw=144624 present=31478 prepare=24507 raster=47212 blit=11070 player=38352 opponents=44564 candidates=26 before=2912 after=2912 rows=336
[1789025287316] [[32minfo[0m] [OcclusionAB] car=3 track=0 frame=6 mode=1 draw=119726 present=31500 prepare=24456 raster=47334 blit=8515 player=37389 opponents=44137 candidates=26 before=2912 after=804 rows=336
[1789025287641] [[32minfo[0m] [OcclusionAB] car=3 track=0 frame=7 mode=0 draw=98283 present=31419 prepare=18113 raster=30630 blit=6980 player=38433 opponents=23456 candidates=33 before=3696 after=3696 rows=224
[1789025287649] [[32minfo[0m] [OcclusionAB] car=3 track=0 frame=7 mode=1 draw=96899 present=31463 prepare=18181 raster=30605 blit=5493 player=37362 opponents=23120 candidates=33 before=3696 after=687 rows=224
[1789025288028] [[32minfo[0m] [OcclusionAB] car=3 track=0 frame=8 mode=0 draw=125000 present=31483 prepare=24239 raster=47082 blit=17911 player=41898 opponents=47447 candidates=47 before=5264 after=5264 rows=336
[1789025288037] [[32minfo[0m] [OcclusionAB] car=3 track=0 frame=8 mode=1 draw=123408 present=31493 prepare=24290 raster=47067 blit=16389 player=41407 opponents=46464 candidates=47 before=5264 after=1615 rows=336
[1789025288438] [[32minfo[0m] [OcclusionAB] car=3 track=0 frame=9 mode=0 draw=136795 present=31499 prepare=24770 raster=48489 blit=12662 player=39637 opponents=46421 candidates=31 before=3472 after=3472 rows=336
[1789025288447] [[32minfo[0m] [OcclusionAB] car=3 track=0 frame=9 mode=1 draw=134078 present=31455 prepare=24242 raster=48342 blit=10536 player=38629 opponents=44606 candidates=31 before=3472 after=1112 rows=336
[1789025288842] [[32minfo[0m] [OcclusionAB] car=3 track=0 frame=10 mode=0 draw=134054 present=31482 prepare=24186 raster=49354 blit=12244 player=39709 opponents=46195 candidates=25 before=2800 after=2800 rows=336
[1789025288851] [[32minfo[0m] [OcclusionAB] car=3 track=0 frame=10 mode=1 draw=131275 present=31473 prepare=24146 raster=49398 blit=9566 player=38323 opponents=44905 candidates=25 before=2800 after=780 rows=336
[1789025289059] [[32minfo[0m] [PaintStage] rows=232 clear_us=811 fill_us=9847 copy_us=5488
[1789025289060] [[32minfo[0m] [TrackStage] project_us=5610 paint_us=17446 lines_us=3 wireframe=false
[1789025289143] [[32minfo[0m] [RaceStage] track_us=29050 cars_us=62823 upscale_us=14280 scene_width=234 surfaces=224 cars=3 track_id=0 player_car=3 submitted=3 player_us=39292 opponents_us=23124 player_native=true prepare_us=18072 raster_us=31412 blit_us=6795 candidate_rows_before=2016 candidate_rows_after=2016
[1789025289220] [[32minfo[0m] [OcclusionAB] car=3 track=0 frame=11 mode=0 draw=132195 present=31427 prepare=18072 raster=31412 blit=6795 player=39292 opponents=23124 candidates=18 before=2016 after=2016 rows=224
[1789025289229] [[32minfo[0m] [OcclusionAB] car=3 track=0 frame=11 mode=1 draw=106519 present=31449 prepare=18137 raster=31383 blit=5563 player=38265 opponents=22961 candidates=18 before=2016 after=543 rows=224
[1789025289286] [[32minfo[0m] [CarStage] car=4 panels=627 vertices=869 tiles=1 prepare_us=6551 raster_us=8401 blit_us=2460
[1789025289374] [[32minfo[0m] [HudStage] map_us=1374 total_us=3342 map_cached=true
[1789025289609] [[32minfo[0m] [OcclusionAB] car=3 track=0 frame=12 mode=0 draw=127857 present=31463 prepare=24473 raster=49444 blit=12013 player=39252 opponents=48003 candidates=23 before=2576 after=2576 rows=336
[1789025289618] [[32minfo[0m] [OcclusionAB] car=3 track=0 frame=12 mode=1 draw=121953 present=31491 prepare=24273 raster=49372 blit=9387 player=38281 opponents=44896 candidates=23 before=2576 after=752 rows=336
[1789025289995] [[32minfo[0m] [OcclusionAB] car=3 track=0 frame=13 mode=0 draw=124480 present=31464 prepare=24194 raster=50299 blit=12595 player=39836 opponents=47373 candidates=23 before=2576 after=2576 rows=336
[1789025290004] [[32minfo[0m] [OcclusionAB] car=3 track=0 frame=13 mode=1 draw=123008 present=31474 prepare=24262 raster=50301 blit=10970 player=39500 opponents=46155 candidates=23 before=2576 after=867 rows=336
[1789025290388] [[32minfo[0m] [OcclusionAB] car=3 track=0 frame=14 mode=0 draw=128265 present=31496 prepare=24278 raster=51956 blit=15450 player=42697 opponents=49107 candidates=28 before=3136 after=3136 rows=336
[1789025290397] [[32minfo[0m] [OcclusionAB] car=3 track=0 frame=14 mode=1 draw=126425 present=31467 prepare=24368 raster=52512 blit=13276 player=42122 opponents=48163 candidates=28 before=3136 after=1075 rows=336
[1789025290734] [[32minfo[0m] [OcclusionAB] car=3 track=0 frame=15 mode=0 draw=104082 present=31443 prepare=18218 raster=34764 blit=9999 player=45254 opponents=23946 candidates=22 before=2464 after=2464 rows=224
[1789025290743] [[32minfo[0m] [OcclusionAB] car=3 track=0 frame=15 mode=1 draw=103052 present=31430 prepare=18227 raster=34781 blit=8807 player=44272 opponents=23762 candidates=22 before=2464 after=969 rows=224
[1789025291144] [[32minfo[0m] [OcclusionAB] car=3 track=0 frame=16 mode=0 draw=135817 present=31459 prepare=24305 raster=57679 blit=16178 player=45519 opponents=52765 candidates=25 before=2800 after=2800 rows=336
[1789025291153] [[32minfo[0m] [OcclusionAB] car=3 track=0 frame=16 mode=1 draw=135143 present=31488 prepare=24358 raster=57989 blit=15219 player=45239 opponents=52462 candidates=25 before=2800 after=1237 rows=336
[1789025291192] [[32minfo[0m] [PaintStage] rows=152 clear_us=527 fill_us=6111 copy_us=3845
[1789025291193] [[32minfo[0m] [TrackStage] project_us=4152 paint_us=11692 lines_us=2 wireframe=false
[1789025291307] [[32minfo[0m] [CarStage] car=5 panels=607 vertices=790 tiles=1 prepare_us=6050 raster_us=21510 blit_us=5664
[1789025291308] [[32minfo[0m] [RaceStage] track_us=21830 cars_us=95395 upscale_us=14291 scene_width=234 surfaces=119 cars=3 track_id=0 player_car=3 submitted=3 player_us=43138 opponents_us=51848 player_native=true prepare_us=24196 raster_us=55973 blit_us=13608 candidate_rows_before=2800 candidate_rows_after=1091
[1789025291528] [[32minfo[0m] [HudStage] map_us=1336 total_us=3286 map_cached=true
[1789025291585] [[32minfo[0m] [OcclusionAB] car=3 track=0 frame=17 mode=0 draw=133908 present=31475 prepare=24273 raster=55441 blit=15170 player=43953 opponents=51053 candidates=25 before=2800 after=2800 rows=336
[1789025291593] [[32minfo[0m] [OcclusionAB] car=3 track=0 frame=17 mode=1 draw=167348 present=31460 prepare=24196 raster=55973 blit=13608 player=43138 opponents=51848 candidates=25 before=2800 after=1091 rows=336
[1789025291984] [[32minfo[0m] [OcclusionAB] car=3 track=0 frame=18 mode=0 draw=131414 present=31428 prepare=24257 raster=54623 blit=15158 player=43551 opponents=50605 candidates=26 before=2912 after=2912 rows=336
[1789025291993] [[32minfo[0m] [OcclusionAB] car=3 track=0 frame=18 mode=1 draw=129090 present=31433 prepare=24274 raster=54617 blit=13019 player=42547 opponents=49478 candidates=26 before=2912 after=1037 rows=336
[1789025292332] [[32minfo[0m] [OcclusionAB] car=3 track=0 frame=19 mode=0 draw=104665 present=31969 prepare=18208 raster=34488 blit=9203 player=44123 opponents=23933 candidates=21 before=2352 after=2352 rows=224
[1789025292341] [[32minfo[0m] [OcclusionAB] car=3 track=0 frame=19 mode=1 draw=104124 present=31419 prepare=18246 raster=34444 blit=8262 player=43359 opponents=23790 candidates=21 before=2352 after=819 rows=224
[1789025292738] [[32minfo[0m] [OcclusionAB] car=3 track=0 frame=20 mode=0 draw=135424 present=31438 prepare=24267 raster=57650 blit=18089 player=46535 opponents=53597 candidates=27 before=3024 after=3024 rows=336
[1789025292747] [[32minfo[0m] [OcclusionAB] car=3 track=0 frame=20 mode=1 draw=132345 present=31482 prepare=24255 raster=57600 blit=15276 player=45255 opponents=51990 candidates=27 before=3024 after=1280 rows=336
[1789025293178] [[32minfo[0m] [OcclusionAB] car=3 track=0 frame=21 mode=0 draw=155712 present=31487 prepare=24305 raster=55629 blit=27722 player=50646 opponents=57142 candidates=101 before=11312 after=11312 rows=336
[1789025293187] [[32minfo[0m] [OcclusionAB] car=3 track=0 frame=21 mode=1 draw=145242 present=31472 prepare=24185 raster=55647 blit=17514 player=44891 opponents=52576 candidates=101 before=11312 after=1655 rows=336
[1789025293235] [[32minfo[0m] [PaintStage] rows=138 clear_us=470 fill_us=11977 copy_us=3690
[1789025293236] [[32minfo[0m] [TrackStage] project_us=7565 paint_us=17342 lines_us=2 wireframe=false
[1789025293328] [[32minfo[0m] [CarStage] car=3 panels=1151 vertices=1642 tiles=1 prepare_us=11653 raster_us=24772 blit_us=15340
[1789025293369] [[32minfo[0m] [RaceStage] track_us=31017 cars_us=112231 upscale_us=14309 scene_width=234 surfaces=370 cars=3 track_id=0 player_car=3 submitted=3 player_us=52992 opponents_us=58818 player_native=true prepare_us=24400 raster_us=52700 blit_us=33391 candidate_rows_before=12880 candidate_rows_after=12880
[1789025293590] [[32minfo[0m] [HudStage] map_us=1331 total_us=3294 map_cached=true
[1789025293647] [[32minfo[0m] [OcclusionAB] car=3 track=0 frame=22 mode=0 draw=183776 present=31447 prepare=24400 raster=52700 blit=33391 player=52992 opponents=58818 candidates=115 before=12880 after=12880 rows=336
[1789025293656] [[32minfo[0m] [OcclusionAB] car=3 track=0 frame=22 mode=1 draw=145896 present=31490 prepare=24206 raster=52165 blit=21376 player=45375 opponents=52497 candidates=115 before=12880 after=3080 rows=336
[1789025294007] [[32minfo[0m] [OcclusionAB] car=3 track=0 frame=23 mode=0 draw=112743 present=31465 prepare=18037 raster=31931 blit=12211 player=44268 opponents=24125 candidates=53 before=5936 after=5936 rows=224
[1789025294016] [[32minfo[0m] [OcclusionAB] car=3 track=0 frame=23 mode=1 draw=107536 present=31453 prepare=18198 raster=31939 blit=6753 player=39740 opponents=23356 candidates=53 before=5936 after=1555 rows=224
[1789025294414] [[32minfo[0m] [OcclusionAB] car=3 track=0 frame=24 mode=0 draw=139909 present=31475 prepare=24204 raster=49450 blit=26011 player=45054 opponents=54732 candidates=83 before=9296 after=9296 rows=336
[1789025294423] [[32minfo[0m] [OcclusionAB] car=3 track=0 frame=24 mode=1 draw=128177 present=31493 prepare=24877 raster=50006 blit=13119 player=40797 opponents=47340 candidates=83 before=9296 after=1218 rows=336
[1789025294441] [[32minfo[0m] [OcclusionAB] GROUP car=3 track=0 mismatches=0 stack_free=1132
[1789025295277] [[32minfo[0m] [OcclusionAB] car=3 track=1 frame=1 mode=0 draw=149569 present=31460 prepare=23987 raster=59284 blit=27373 player=45987 opponents=64773 candidates=36 before=4032 after=4032 rows=336
[1789025295286] [[32minfo[0m] [OcclusionAB] car=3 track=1 frame=1 mode=1 draw=142061 present=31691 prepare=23973 raster=59317 blit=19855 player=44996 opponents=58260 candidates=36 before=4032 after=1685 rows=336
[1789025295328] [[32minfo[0m] [PaintStage] rows=134 clear_us=455 fill_us=8524 copy_us=3542
[1789025295329] [[32minfo[0m] [TrackStage] project_us=5534 paint_us=13750 lines_us=3 wireframe=false
[1789025295354] [[32minfo[0m] [CarStage] car=4 panels=627 vertices=869 tiles=1 prepare_us=6451 raster_us=8754 blit_us=3837
[1789025295453] [[32minfo[0m] [RaceStage] track_us=25254 cars_us=103945 upscale_us=14295 scene_width=234 surfaces=196 cars=3 track_id=1 player_car=3 submitted=3 player_us=50070 opponents_us=53396 player_native=true prepare_us=24208 raster_us=54419 blit_us=23622 candidate_rows_before=8400 candidate_rows_after=8400
[1789025295666] [[32minfo[0m] [HudStage] map_us=1379 total_us=3358 map_cached=true
[1789025295723] [[32minfo[0m] [OcclusionAB] car=3 track=1 frame=2 mode=0 draw=169780 present=31450 prepare=24208 raster=54419 blit=23622 player=50070 opponents=53396 candidates=75 before=8400 after=8400 rows=336
[1789025295731] [[32minfo[0m] [OcclusionAB] car=3 track=1 frame=2 mode=1 draw=137038 present=31470 prepare=24062 raster=54329 blit=16031 player=44268 opponents=50267 candidates=75 before=8400 after=2351 rows=336
[1789025296071] [[32minfo[0m] [OcclusionAB] car=3 track=1 frame=3 mode=0 draw=105084 present=31674 prepare=18142 raster=30179 blit=7318 player=38635 opponents=23239 candidates=29 before=3248 after=3248 rows=224
[1789025296080] [[32minfo[0m] [OcclusionAB] car=3 track=1 frame=3 mode=1 draw=104550 present=31434 prepare=18237 raster=30166 blit=6584 player=38110 opponents=23117 candidates=29 before=3248 after=820 rows=224
[1789025296437] [[32minfo[0m] [OcclusionAB] car=3 track=1 frame=4 mode=0 draw=114201 present=31478 prepare=24388 raster=39752 blit=7750 player=33666 opponents=38344 candidates=23 before=2576 after=2576 rows=336
[1789025296446] [[32minfo[0m] [OcclusionAB] car=3 track=1 frame=4 mode=1 draw=113557 present=31487 prepare=24581 raster=39734 blit=6608 player=33241 opponents=37809 candidates=23 before=2576 after=803 rows=336
[1789025296817] [[32minfo[0m] [OcclusionAB] car=3 track=1 frame=5 mode=0 draw=120823 present=31497 prepare=24427 raster=46703 blit=12194 player=38984 opponents=44461 candidates=20 before=2240 after=2240 rows=336
[1789025296826] [[32minfo[0m] [OcclusionAB] car=3 track=1 frame=5 mode=1 draw=120339 present=31462 prepare=24367 raster=46706 blit=11535 player=38416 opponents=44311 candidates=20 before=2240 after=1020 rows=336
[1789025297214] [[32minfo[0m] [OcclusionAB] car=3 track=1 frame=6 mode=0 draw=128724 present=31474 prepare=24406 raster=54230 blit=13057 player=42212 opponents=49601 candidates=18 before=2016 after=2016 rows=336
[1789025297223] [[32minfo[0m] [OcclusionAB] car=3 track=1 frame=6 mode=1 draw=128505 present=31468 prepare=24414 raster=54309 blit=12880 player=42310 opponents=49413 candidates=18 before=2016 after=1099 rows=336
[1789025297421] [[32minfo[0m] [PaintStage] rows=154 clear_us=538 fill_us=4604 copy_us=3938
[1789025297422] [[32minfo[0m] [TrackStage] project_us=3547 paint_us=10306 lines_us=2 wireframe=false
[1789025297446] [[32minfo[0m] [CarStage] car=4 panels=627 vertices=869 tiles=1 prepare_us=6557 raster_us=9074 blit_us=2080
[1789025297513] [[32minfo[0m] [RaceStage] track_us=19865 cars_us=70898 upscale_us=14326 scene_width=234 surfaces=55 cars=3 track_id=1 player_car=3 submitted=3 player_us=45311 opponents_us=25084 player_native=true prepare_us=18419 raster_us=36370 blit_us=8182 candidate_rows_before=1344 candidate_rows_after=1344
[1789025297590] [[32minfo[0m] [OcclusionAB] car=3 track=1 frame=7 mode=0 draw=131130 present=31439 prepare=18419 raster=36370 blit=8182 player=45311 opponents=25084 candidates=12 before=1344 after=1344 rows=224
[1789025297598] [[32minfo[0m] [OcclusionAB] car=3 track=1 frame=7 mode=1 draw=106181 present=31467 prepare=18948 raster=36348 blit=8188 player=45809 opponents=24098 candidates=12 before=1344 after=761 rows=224
[1789025297754] [[32minfo[0m] [HudStage] map_us=1454 total_us=3447 map_cached=true
[1789025298002] [[32minfo[0m] [OcclusionAB] car=3 track=1 frame=8 mode=0 draw=137716 present=31481 prepare=24369 raster=61337 blit=14888 player=46300 opponents=54416 candidates=16 before=1792 after=1792 rows=336
[1789025298011] [[32minfo[0m] [OcclusionAB] car=3 track=1 frame=8 mode=1 draw=136241 present=31460 prepare=24442 raster=61349 blit=14444 player=46394 opponents=53964 candidates=16 before=1792 after=1072 rows=336
[1789025298437] [[32minfo[0m] [OcclusionAB] car=3 track=1 frame=9 mode=0 draw=152015 present=31467 prepare=24985 raster=59367 blit=27497 player=46744 opponents=65239 candidates=36 before=4032 after=4032 rows=336
[1789025298446] [[32minfo[0m] [OcclusionAB] car=3 track=1 frame=9 mode=1 draw=144033 present=31436 prepare=24439 raster=59318 blit=19911 player=45184 opponents=58608 candidates=36 before=4032 after=1685 rows=336
[1789025298859] [[32minfo[0m] [OcclusionAB] car=3 track=1 frame=10 mode=0 draw=145363 present=31466 prepare=24473 raster=54359 blit=23696 player=49964 opponents=52683 candidates=75 before=8400 after=8400 rows=336
[1789025298868] [[32minfo[0m] [OcclusionAB] car=3 track=1 frame=10 mode=1 draw=137733 present=31493 prepare=24427 raster=54423 blit=16169 player=44501 opponents=50638 candidates=75 before=8400 after=2353 rows=336
[1789025299210] [[32minfo[0m] [OcclusionAB] car=3 track=1 frame=11 mode=0 draw=105768 present=31439 prepare=18169 raster=30137 blit=7332 player=38665 opponents=23188 candidates=29 before=3248 after=3248 rows=224
[1789025299219] [[32minfo[0m] [OcclusionAB] car=3 track=1 frame=11 mode=1 draw=105092 present=31454 prepare=18261 raster=30140 blit=6542 player=38081 opponents=23131 candidates=29 before=3248 after=820 rows=224
[1789025299433] [[32minfo[0m] [PaintStage] rows=232 clear_us=809 fill_us=7572 copy_us=5631
[1789025299434] [[32minfo[0m] [TrackStage] project_us=4735 paint_us=15302 lines_us=2 wireframe=false
[1789025299456] [[32minfo[0m] [CarStage] car=4 panels=627 vertices=869 tiles=1 prepare_us=6528 raster_us=7706 blit_us=1625
[1789025299527] [[32minfo[0m] [RaceStage] track_us=26021 cars_us=72682 upscale_us=14329 scene_width=234 surfaces=123 cars=3 track_id=1 player_car=3 submitted=3 player_us=33449 opponents_us=38727 player_native=true prepare_us=24477 raster_us=39817 blit_us=6664 candidate_rows_before=2576 candidate_rows_after=804
[1789025299604] [[32minfo[0m] [OcclusionAB] car=3 track=1 frame=12 mode=0 draw=115652 present=31498 prepare=25605 raster=39802 blit=7798 player=34385 opponents=38959 candidates=23 before=2576 after=2576 rows=336
[1789025299613] [[32minfo[0m] [OcclusionAB] car=3 track=1 frame=12 mode=1 draw=138808 present=31465 prepare=24477 raster=39817 blit=6664 player=33449 opponents=38727 candidates=23 before=2576 after=804 rows=336
[1789025299928] [[32minfo[0m] [HudStage] map_us=1391 total_us=3324 map_cached=true
[1789025299985] [[32minfo[0m] [OcclusionAB] car=3 track=1 frame=13 mode=0 draw=121688 present=31473 prepare=24342 raster=46585 blit=12241 player=38974 opponents=44314 candidates=20 before=2240 after=2240 rows=336
[1789025299993] [[32minfo[0m] [OcclusionAB] car=3 track=1 frame=13 mode=1 draw=120217 present=31486 prepare=24498 raster=46549 blit=11527 player=38416 opponents=44280 candidates=20 before=2240 after=1018 rows=336
[1789025300382] [[32minfo[0m] [OcclusionAB] car=3 track=1 frame=14 mode=0 draw=128847 present=31481 prepare=24436 raster=54293 blit=13107 player=42259 opponents=49701 candidates=18 before=2016 after=2016 rows=336
[1789025300391] [[32minfo[0m] [OcclusionAB] car=3 track=1 frame=14 mode=1 draw=128716 present=31451 prepare=24421 raster=54746 blit=12876 player=42283 opponents=49889 candidates=18 before=2016 after=1089 rows=336
[1789025300731] [[32minfo[0m] [OcclusionAB] car=3 track=1 frame=15 mode=0 draw=104906 present=31440 prepare=18235 raster=36352 blit=8088 player=45043 opponents=23928 candidates=12 before=1344 after=1344 rows=224
[1789025300740] [[32minfo[0m] [OcclusionAB] car=3 track=1 frame=15 mode=1 draw=105022 present=31440 prepare=18303 raster=36285 blit=8173 player=45148 opponents=23887 candidates=12 before=1344 after=761 rows=224
[1789025301143] [[32minfo[0m] [OcclusionAB] car=3 track=1 frame=16 mode=0 draw=136601 present=31462 prepare=24375 raster=61346 blit=14916 player=46321 opponents=54438 candidates=16 before=1792 after=1792 rows=336
[1789025301152] [[32minfo[0m] [OcclusionAB] car=3 track=1 frame=16 mode=1 draw=136410 present=31464 prepare=24524 raster=61554 blit=14506 player=46622 opponents=54098 candidates=16 before=1792 after=1072 rows=336
[1789025301470] [[32minfo[0m] [CarStage] car=3 panels=1151 vertices=1642 tiles=1 prepare_us=11684 raster_us=27238 blit_us=7164
[1789025301577] [[32minfo[0m] [OcclusionAB] car=3 track=1 frame=17 mode=0 draw=151575 present=31477 prepare=24568 raster=59310 blit=27401 player=47328 opponents=65275 candidates=36 before=4032 after=4032 rows=336
[1789025301586] [[32minfo[0m] [OcclusionAB] car=3 track=1 frame=17 mode=1 draw=143435 present=31463 prepare=24463 raster=59757 blit=19874 player=45140 opponents=59085 candidates=36 before=4032 after=1685 rows=336
[1789025301628] [[32minfo[0m] [PaintStage] rows=135 clear_us=468 fill_us=8582 copy_us=3575
[1789025301629] [[32minfo[0m] [TrackStage] project_us=5581 paint_us=13823 lines_us=2 wireframe=false
[1789025301752] [[32minfo[0m] [RaceStage] track_us=25388 cars_us=102990 upscale_us=14285 scene_width=234 surfaces=196 cars=3 track_id=1 player_car=3 submitted=3 player_us=49912 opponents_us=52610 player_native=true prepare_us=24338 raster_us=54395 blit_us=23668 candidate_rows_before=8400 candidate_rows_after=8400
[1789025301966] [[32minfo[0m] [HudStage] map_us=1401 total_us=3390 map_cached=true
[1789025302022] [[32minfo[0m] [OcclusionAB] car=3 track=1 frame=18 mode=0 draw=168949 present=31416 prepare=24338 raster=54395 blit=23668 player=49912 opponents=52610 candidates=75 before=8400 after=8400 rows=336
[1789025302030] [[32minfo[0m] [OcclusionAB] car=3 track=1 frame=18 mode=1 draw=137627 present=31474 prepare=24421 raster=54341 blit=16101 player=44417 opponents=50567 candidates=75 before=8400 after=2351 rows=336
[1789025302372] [[32minfo[0m] [OcclusionAB] car=3 track=1 frame=19 mode=0 draw=105863 present=31446 prepare=18165 raster=30641 blit=7364 player=39212 opponents=23308 candidates=29 before=3248 after=3248 rows=224
[1789025302381] [[32minfo[0m] [OcclusionAB] car=3 track=1 frame=19 mode=1 draw=104653 present=31432 prepare=18223 raster=30154 blit=6573 player=38108 opponents=23078 candidates=29 before=3248 after=820 rows=224
[1789025302738] [[32minfo[0m] [OcclusionAB] car=3 track=1 frame=20 mode=0 draw=114316 present=31433 prepare=24377 raster=39704 blit=7748 player=33626 opponents=38328 candidates=23 before=2576 after=2576 rows=336
[1789025302747] [[32minfo[0m] [OcclusionAB] car=3 track=1 frame=20 mode=1 draw=112906 present=31496 prepare=24287 raster=39767 blit=6575 player=33129 opponents=37627 candidates=23 before=2576 after=804 rows=336
[1789025303118] [[32minfo[0m] [OcclusionAB] car=3 track=1 frame=21 mode=0 draw=121091 present=31458 prepare=24500 raster=46569 blit=12404 player=39215 opponents=44385 candidates=20 before=2240 after=2240 rows=336
[1789025303127] [[32minfo[0m] [OcclusionAB] car=3 track=1 frame=21 mode=1 draw=120269 present=31467 prepare=24411 raster=46552 blit=11543 player=38443 opponents=44183 candidates=20 before=2240 after=1020 rows=336
[1789025303516] [[32minfo[0m] [OcclusionAB] car=3 track=1 frame=22 mode=0 draw=129719 present=31938 prepare=24418 raster=54259 blit=13073 player=42240 opponents=49628 candidates=18 before=2016 after=2016 rows=336
[1789025303525] [[32minfo[0m] [OcclusionAB] car=3 track=1 frame=22 mode=1 draw=129466 present=31470 prepare=24421 raster=54255 blit=12935 player=42332 opponents=49397 candidates=18 before=2016 after=1091 rows=336
[1789025303581] [[32minfo[0m] [CarStage] car=4 panels=627 vertices=869 tiles=1 prepare_us=6571 raster_us=9089 blit_us=2047
[1789025303726] [[32minfo[0m] [PaintStage] rows=154 clear_us=534 fill_us=5232 copy_us=3978
[1789025303727] [[32minfo[0m] [TrackStage] project_us=4161 paint_us=10951 lines_us=2 wireframe=false
[1789025303817] [[32minfo[0m] [RaceStage] track_us=21121 cars_us=69557 upscale_us=14324 scene_width=234 surfaces=103 cars=3 track_id=1 player_car=3 submitted=3 player_us=45057 opponents_us=23981 player_native=true prepare_us=18160 raster_us=36377 blit_us=8124 candidate_rows_before=1344 candidate_rows_after=1344
[1789025303894] [[32minfo[0m] [OcclusionAB] car=3 track=1 frame=23 mode=0 draw=130998 present=31473 prepare=18160 raster=36377 blit=8124 player=45057 opponents=23981 candidates=12 before=1344 after=1344 rows=224
[1789025303903] [[32minfo[0m] [OcclusionAB] car=3 track=1 frame=23 mode=1 draw=108157 present=31456 prepare=18401 raster=36431 blit=8192 player=45369 opponents=25180 candidates=12 before=1344 after=761 rows=224
[1789025304080] [[32minfo[0m] [HudStage] map_us=1437 total_us=3410 map_cached=true
[1789025304339] [[32minfo[0m] [OcclusionAB] car=3 track=1 frame=24 mode=0 draw=159835 present=31477 prepare=24492 raster=61329 blit=34924 player=55205 opponents=65667 candidates=75 before=8400 after=8400 rows=336
[1789025304348] [[32minfo[0m] [OcclusionAB] car=3 track=1 frame=24 mode=1 draw=145274 present=31988 prepare=24408 raster=61794 blit=21038 player=49922 opponents=57452 candidates=75 before=8400 after=2040 rows=336
[1789025304366] [[32minfo[0m] [OcclusionAB] GROUP car=3 track=1 mismatches=0 stack_free=1132
[1789025304429] [[32minfo[0m] [RacerMaterial] texture_side=32 entries=14 fallback_panels=0 map_cached=true
[1789025305169] [[32minfo[0m] [OcclusionAB] car=4 track=0 frame=1 mode=0 draw=121695 present=31480 prepare=24414 raster=48847 blit=11235 player=33566 opponents=51043 candidates=24 before=2688 after=2688 rows=336
[1789025305178] [[32minfo[0m] [OcclusionAB] car=4 track=0 frame=1 mode=1 draw=119150 present=31433 prepare=24310 raster=48735 blit=9017 player=32711 opponents=49458 candidates=24 before=2688 after=756 rows=336
[1789025305548] [[32minfo[0m] [OcclusionAB] car=4 track=0 frame=2 mode=0 draw=121865 present=31463 prepare=24302 raster=48986 blit=12717 player=34025 opponents=52095 candidates=41 before=4592 after=4592 rows=336
[1789025305557] [[32minfo[0m] [OcclusionAB] car=4 track=0 frame=2 mode=1 draw=117814 present=31498 prepare=24321 raster=48485 blit=9355 player=32872 opponents=49400 candidates=41 before=4592 after=879 rows=336
[1789025305610] [[32minfo[0m] [CarStage] car=5 panels=607 vertices=790 tiles=1 prepare_us=6151 raster_us=8432 blit_us=2641
[1789025305746] [[32minfo[0m] [PaintStage] rows=128 clear_us=438 fill_us=4372 copy_us=3519
[1789025305747] [[32minfo[0m] [TrackStage] project_us=3347 paint_us=9520 lines_us=2 wireframe=false
[1789025305830] [[32minfo[0m] [RaceStage] track_us=18769 cars_us=62567 upscale_us=14329 scene_width=234 surfaces=46 cars=3 track_id=0 player_car=4 submitted=3 player_us=36425 opponents_us=25766 player_native=true prepare_us=15928 raster_us=27739 blit_us=10111 candidate_rows_before=4256 candidate_rows_after=4256
[1789025305906] [[32minfo[0m] [OcclusionAB] car=4 track=0 frame=3 mode=0 draw=121554 present=31460 prepare=15928 raster=27739 blit=10111 player=36425 opponents=25766 candidates=38 before=4256 after=4256 rows=224
[1789025305915] [[32minfo[0m] [OcclusionAB] car=4 track=0 frame=3 mode=1 draw=98154 present=31463 prepare=16159 raster=27807 blit=9499 player=36289 opponents=26700 candidates=38 before=4256 after=1280 rows=224
[1789025306230] [[32minfo[0m] [HudStage] map_us=1325 total_us=3272 map_cached=true
[1789025306287] [[32minfo[0m] [OcclusionAB] car=4 track=0 frame=4 mode=0 draw=122269 present=31439 prepare=24735 raster=46232 blit=12350 player=33791 opponents=49645 candidates=35 before=3920 after=3920 rows=336
[1789025306295] [[32minfo[0m] [OcclusionAB] car=4 track=0 frame=4 mode=1 draw=120307 present=31518 prepare=24713 raster=45979 blit=9855 player=32532 opponents=48129 candidates=35 before=3920 after=1113 rows=336
[1789025306665] [[32minfo[0m] [OcclusionAB] car=4 track=0 frame=5 mode=0 draw=120728 present=31476 prepare=24663 raster=46516 blit=11343 player=33180 opponents=49458 candidates=27 before=3024 after=3024 rows=336
[1789025306674] [[32minfo[0m] [OcclusionAB] car=4 track=0 frame=5 mode=1 draw=118192 present=31469 prepare=24706 raster=46535 blit=8540 player=32141 opponents=47759 candidates=27 before=3024 after=839 rows=336
[1789025307040] [[32minfo[0m] [OcclusionAB] car=4 track=0 frame=6 mode=0 draw=119395 present=31467 prepare=24717 raster=46536 blit=10826 player=33125 opponents=49071 candidates=26 before=2912 after=2912 rows=336
[1789025307049] [[32minfo[0m] [OcclusionAB] car=4 track=0 frame=6 mode=1 draw=116943 present=31452 prepare=24704 raster=46554 blit=8416 player=31953 opponents=47838 candidates=26 before=2912 after=804 rows=336
[1789025307368] [[32minfo[0m] [OcclusionAB] car=4 track=0 frame=7 mode=0 draw=95651 present=31458 prepare=16205 raster=27312 blit=6684 player=33246 opponents=26016 candidates=33 before=3696 after=3696 rows=224
[1789025307376] [[32minfo[0m] [OcclusionAB] car=4 track=0 frame=7 mode=1 draw=93890 present=31467 prepare=16236 raster=27301 blit=5321 player=32302 opponents=25119 candidates=33 before=3696 after=687 rows=224
[1789025307610] [[32minfo[0m] [CarStage] car=5 panels=607 vertices=790 tiles=1 prepare_us=6228 raster_us=8371 blit_us=2656
[1789025307755] [[32minfo[0m] [OcclusionAB] car=4 track=0 frame=8 mode=0 draw=124191 present=31451 prepare=24677 raster=46166 blit=17572 player=36333 opponents=52199 candidates=47 before=5264 after=5264 rows=336
[1789025307764] [[32minfo[0m] [OcclusionAB] car=4 track=0 frame=8 mode=1 draw=124066 present=31462 prepare=24862 raster=46279 blit=16044 player=36195 opponents=52245 candidates=47 before=5264 after=1621 rows=336
[1789025307815] [[32minfo[0m] [PaintStage] rows=211 clear_us=721 fill_us=14012 copy_us=5113
[1789025307816] [[32minfo[0m] [TrackStage] project_us=7616 paint_us=21131 lines_us=2 wireframe=false
[1789025307920] [[32minfo[0m] [RaceStage] track_us=34808 cars_us=82891 upscale_us=14320 scene_width=234 surfaces=392 cars=3 track_id=0 player_car=4 submitted=3 player_us=33265 opponents_us=49225 player_native=true prepare_us=24655 raster_us=47221 blit_us=10496 candidate_rows_before=3696 candidate_rows_after=1115
[1789025308188] [[32minfo[0m] [OcclusionAB] car=4 track=0 frame=9 mode=0 draw=136301 present=31477 prepare=24729 raster=47279 blit=13239 player=34706 opponents=50884 candidates=33 before=3696 after=3696 rows=336
[1789025308197] [[32minfo[0m] [OcclusionAB] car=4 track=0 frame=9 mode=1 draw=158029 present=31459 prepare=24655 raster=47221 blit=10496 player=33265 opponents=49225 candidates=33 before=3696 after=1115 rows=336
[1789025308349] [[32minfo[0m] [HudStage] map_us=1313 total_us=3258 map_cached=true
[1789025308593] [[32minfo[0m] [OcclusionAB] car=4 track=0 frame=10 mode=0 draw=135184 present=31501 prepare=24775 raster=49005 blit=12089 player=34854 opponents=51143 candidates=25 before=2800 after=2800 rows=336
[1789025308602] [[32minfo[0m] [OcclusionAB] car=4 track=0 frame=10 mode=1 draw=130840 present=31462 prepare=24689 raster=48474 blit=9431 player=33104 opponents=49613 candidates=25 before=2800 after=780 rows=336
[1789025308939] [[32minfo[0m] [OcclusionAB] car=4 track=0 frame=11 mode=0 draw=104362 present=31423 prepare=16154 raster=27993 blit=6406 player=34022 opponents=25108 candidates=18 before=2016 after=2016 rows=224
[1789025308948] [[32minfo[0m] [OcclusionAB] car=4 track=0 frame=11 mode=1 draw=103416 present=31421 prepare=16228 raster=27986 blit=5300 player=33103 opponents=24968 candidates=18 before=2016 after=543 rows=224
[1789025309326] [[32minfo[0m] [OcclusionAB] car=4 track=0 frame=12 mode=0 draw=124697 present=31486 prepare=24828 raster=49325 blit=11637 player=34035 opponents=51890 candidates=23 before=2576 after=2576 rows=336
[1789025309335] [[32minfo[0m] [OcclusionAB] car=4 track=0 frame=12 mode=1 draw=122590 present=31475 prepare=24788 raster=49081 blit=9397 player=33085 opponents=50302 candidates=23 before=2576 after=753 rows=336
[1789025309617] [[32minfo[0m] [CarStage] car=4 panels=1011 vertices=1293 tiles=1 prepare_us=10002 raster_us=20064 blit_us=4397
[1789025309714] [[32minfo[0m] [OcclusionAB] car=4 track=0 frame=13 mode=0 draw=126005 present=31456 prepare=24909 raster=50123 blit=12411 player=35669 opponents=53066 candidates=23 before=2576 after=2576 rows=336
[1789025309723] [[32minfo[0m] [OcclusionAB] car=4 track=0 frame=13 mode=1 draw=123047 present=31472 prepare=24763 raster=50081 blit=10665 player=34114 opponents=51514 candidates=23 before=2576 after=867 rows=336
[1789025309943] [[32minfo[0m] [PaintStage] rows=152 clear_us=551 fill_us=5160 copy_us=3954
[1789025309944] [[32minfo[0m] [TrackStage] project_us=3197 paint_us=10926 lines_us=2 wireframe=false
[1789025310055] [[32minfo[0m] [RaceStage] track_us=20105 cars_us=90177 upscale_us=14271 scene_width=234 surfaces=68 cars=3 track_id=0 player_car=4 submitted=3 player_us=36009 opponents_us=53757 player_native=true prepare_us=24776 raster_us=51844 blit_us=13020 candidate_rows_before=3024 candidate_rows_after=1066
[1789025310131] [[32minfo[0m] [OcclusionAB] car=4 track=0 frame=14 mode=0 draw=127454 present=31486 prepare=24768 raster=51616 blit=14762 player=36688 opponents=54584 candidates=27 before=3024 after=3024 rows=336
[1789025310140] [[32minfo[0m] [OcclusionAB] car=4 track=0 frame=14 mode=1 draw=150336 present=31441 prepare=24776 raster=51844 blit=13020 player=36009 opponents=53757 candidates=27 before=3024 after=1066 rows=336
[1789025310414] [[32minfo[0m] [HudStage] map_us=1407 total_us=3501 map_cached=true
[1789025310471] [[32minfo[0m] [OcclusionAB] car=4 track=0 frame=15 mode=0 draw=101134 present=31477 prepare=16273 raster=30808 blit=9434 player=39127 opponents=25938 candidates=22 before=2464 after=2464 rows=224
[1789025310479] [[32minfo[0m] [OcclusionAB] car=4 track=0 frame=15 mode=1 draw=99017 present=31436 prepare=16243 raster=30791 blit=8394 player=38237 opponents=25751 candidates=22 before=2464 after=958 rows=224
[1789025310879] [[32minfo[0m] [OcclusionAB] car=4 track=0 frame=16 mode=0 draw=135486 present=31488 prepare=24761 raster=57135 blit=15908 player=39373 opponents=58553 candidates=25 before=2800 after=2800 rows=336
[1789025310888] [[32minfo[0m] [OcclusionAB] car=4 track=0 frame=16 mode=1 draw=134460 present=31426 prepare=24734 raster=57225 blit=14856 player=38825 opponents=58113 candidates=25 before=2800 after=1237 rows=336
[1789025311281] [[32minfo[0m] [OcclusionAB] car=4 track=0 frame=17 mode=0 draw=132487 present=31433 prepare=24663 raster=54938 blit=14834 player=38017 opponents=56535 candidates=25 before=2800 after=2800 rows=336
[1789025311290] [[32minfo[0m] [OcclusionAB] car=4 track=0 frame=17 mode=1 draw=131241 present=31462 prepare=24692 raster=54829 blit=13624 player=37254 opponents=56006 candidates=25 before=2800 after=1083 rows=336
[1789025311621] [[32minfo[0m] [CarStage] car=6 panels=833 vertices=1215 tiles=1 prepare_us=8487 raster_us=23996 blit_us=5554
[1789025311681] [[32minfo[0m] [OcclusionAB] car=4 track=0 frame=18 mode=0 draw=131162 present=31469 prepare=24770 raster=54162 blit=14943 player=37705 opponents=56284 candidates=26 before=2912 after=2912 rows=336
[1789025311690] [[32minfo[0m] [OcclusionAB] car=4 track=0 frame=18 mode=1 draw=130169 present=31447 prepare=24661 raster=54268 blit=12770 player=36750 opponents=56172 candidates=26 before=2912 after=1039 rows=336
[1789025312020] [[32minfo[0m] [OcclusionAB] car=4 track=0 frame=19 mode=0 draw=100649 present=31436 prepare=16231 raster=30562 blit=8712 player=38154 opponents=25933 candidates=21 before=2352 after=2352 rows=224
[1789025312029] [[32minfo[0m] [OcclusionAB] car=4 track=0 frame=19 mode=1 draw=99887 present=31432 prepare=16258 raster=30540 blit=7857 player=37475 opponents=25764 candidates=21 before=2352 after=811 rows=224
[1789025312064] [[32minfo[0m] [PaintStage] rows=132 clear_us=455 fill_us=4261 copy_us=3610
[1789025312065] [[32minfo[0m] [TrackStage] project_us=3634 paint_us=9507 lines_us=2 wireframe=false
[1789025312186] [[32minfo[0m] [RaceStage] track_us=19041 cars_us=99962 upscale_us=14318 scene_width=234 surfaces=42 cars=3 track_id=0 player_car=4 submitted=3 player_us=40224 opponents_us=59326 player_native=true prepare_us=24699 raster_us=56989 blit_us=17740 candidate_rows_before=3024 candidate_rows_after=3024
[1789025312451] [[32minfo[0m] [OcclusionAB] car=4 track=0 frame=20 mode=0 draw=159289 present=31467 prepare=24699 raster=56989 blit=17740 player=40224 opponents=59326 candidates=27 before=3024 after=3024 rows=336
[1789025312460] [[32minfo[0m] [OcclusionAB] car=4 track=0 frame=20 mode=1 draw=132722 present=31452 prepare=24939 raster=57092 blit=14874 player=39315 opponents=57715 candidates=27 before=3024 after=1280 rows=336
[1789025312623] [[32minfo[0m] [HudStage] map_us=1351 total_us=3306 map_cached=true
[1789025312890] [[32minfo[0m] [OcclusionAB] car=4 track=0 frame=21 mode=0 draw=153740 present=31459 prepare=24743 raster=55054 blit=25924 player=44044 opponents=61798 candidates=95 before=10640 after=10640 rows=336
[1789025312899] [[32minfo[0m] [OcclusionAB] car=4 track=0 frame=21 mode=1 draw=145852 present=31472 prepare=24723 raster=55126 blit=16945 player=38786 opponents=58130 candidates=95 before=10640 after=1620 rows=336
[1789025313331] [[32minfo[0m] [OcclusionAB] car=4 track=0 frame=22 mode=0 draw=156546 present=31461 prepare=24942 raster=51759 blit=32656 player=44910 opponents=64572 candidates=115 before=12880 after=12880 rows=336
[1789025313340] [[32minfo[0m] [OcclusionAB] car=4 track=0 frame=22 mode=1 draw=144461 present=31454 prepare=24701 raster=51735 blit=20988 player=39440 opponents=58105 candidates=115 before=12880 after=3087 rows=336
[1789025313684] [[32minfo[0m] [OcclusionAB] car=4 track=0 frame=23 mode=0 draw=109023 present=31448 prepare=16122 raster=28433 blit=11493 player=38643 opponents=25981 candidates=53 before=5936 after=5936 rows=224
[1789025313693] [[32minfo[0m] [OcclusionAB] car=4 track=0 frame=23 mode=1 draw=104150 present=31484 prepare=16192 raster=28425 blit=6471 player=34396 opponents=25254 candidates=53 before=5936 after=1548 rows=224
[1789025313751] [[32minfo[0m] [CarStage] car=5 panels=607 vertices=790 tiles=1 prepare_us=6196 raster_us=8381 blit_us=2911
[1789025314092] [[32minfo[0m] [OcclusionAB] car=4 track=0 frame=24 mode=0 draw=141461 present=31506 prepare=24810 raster=49394 blit=25764 player=39752 opponents=61469 candidates=83 before=9296 after=9296 rows=336
[1789025314101] [[32minfo[0m] [OcclusionAB] car=4 track=0 frame=24 mode=1 draw=127075 present=31460 prepare=24662 raster=49303 blit=12920 player=34786 opponents=52227 candidates=83 before=9296 after=1219 rows=336
[1789025314119] [[32minfo[0m] [OcclusionAB] GROUP car=4 track=0 mismatches=0 stack_free=1132
[1789025314158] [[32minfo[0m] [PaintStage] rows=139 clear_us=492 fill_us=5845 copy_us=3690
[1789025314159] [[32minfo[0m] [TrackStage] project_us=4329 paint_us=11265 lines_us=3 wireframe=false
[1789025314299] [[32minfo[0m] [RaceStage] track_us=21582 cars_us=120103 upscale_us=14295 scene_width=234 surfaces=110 cars=3 track_id=1 player_car=4 submitted=3 player_us=47887 opponents_us=71766 player_native=true prepare_us=24326 raster_us=61016 blit_us=34187 candidate_rows_before=8400 candidate_rows_after=8400
[1789025314717] [[32minfo[0m] [HudStage] map_us=1370 total_us=3339 map_cached=true
[1789025314979] [[32minfo[0m] [OcclusionAB] car=4 track=1 frame=1 mode=0 draw=149611 present=31424 prepare=24410 raster=58594 blit=27596 player=39867 opponents=70844 candidates=36 before=4032 after=4032 rows=336
[1789025314988] [[32minfo[0m] [OcclusionAB] car=4 track=1 frame=1 mode=1 draw=142810 present=31478 prepare=24402 raster=58599 blit=19830 player=38891 opponents=64052 candidates=36 before=4032 after=1685 rows=336
[1789025315397] [[32minfo[0m] [OcclusionAB] car=4 track=1 frame=2 mode=0 draw=142995 present=31452 prepare=24523 raster=53765 blit=22810 player=43416 opponents=57818 candidates=75 before=8400 after=8400 rows=336
[1789025315406] [[32minfo[0m] [OcclusionAB] car=4 track=1 frame=2 mode=1 draw=136038 present=31469 prepare=24581 raster=54270 blit=15721 player=38368 opponents=56327 candidates=75 before=8400 after=2351 rows=336
[1789025315739] [[32minfo[0m] [OcclusionAB] car=4 track=1 frame=3 mode=0 draw=101758 present=31466 prepare=16259 raster=26684 blit=6967 player=33369 opponents=25210 candidates=29 before=3248 after=3248 rows=224
[1789025315748] [[32minfo[0m] [OcclusionAB] car=4 track=1 frame=3 mode=1 draw=101159 present=31426 prepare=16308 raster=26671 blit=6330 player=32874 opponents=25022 candidates=29 before=3248 after=807 rows=224
[1789025315806] [[32minfo[0m] [CarStage] car=5 panels=607 vertices=790 tiles=1 prepare_us=6292 raster_us=7683 blit_us=1670
[1789025316106] [[32minfo[0m] [OcclusionAB] car=4 track=1 frame=4 mode=0 draw=115330 present=31483 prepare=25007 raster=39155 blit=7726 player=29240 opponents=43906 candidates=23 before=2576 after=2576 rows=336
[1789025316115] [[32minfo[0m] [OcclusionAB] car=4 track=1 frame=4 mode=1 draw=112859 present=31475 prepare=24844 raster=39298 blit=6561 player=28467 opponents=42359 candidates=23 before=2576 after=802 rows=336
[1789025316329] [[32minfo[0m] [PaintStage] rows=180 clear_us=609 fill_us=5196 copy_us=4532
[1789025316330] [[32minfo[0m] [TrackStage] project_us=3652 paint_us=11588 lines_us=2 wireframe=false
[1789025316434] [[32minfo[0m] [RaceStage] track_us=21256 cars_us=83846 upscale_us=14285 scene_width=234 surfaces=61 cars=3 track_id=1 player_car=4 submitted=3 player_us=33801 opponents_us=49573 player_native=true prepare_us=24808 raster_us=46304 blit_us=12139 candidate_rows_before=2240 candidate_rows_after=2240
[1789025316511] [[32minfo[0m] [OcclusionAB] car=4 track=1 frame=5 mode=0 draw=145918 present=31437 prepare=24808 raster=46304 blit=12139 player=33801 opponents=49573 candidates=20 before=2240 after=2240 rows=336
[1789025316520] [[32minfo[0m] [OcclusionAB] car=4 track=1 frame=5 mode=1 draw=120376 present=31467 prepare=24877 raster=46273 blit=11483 player=33229 opponents=49526 candidates=20 before=2240 after=1024 rows=336
[1789025316850] [[32minfo[0m] [HudStage] map_us=1382 total_us=3334 map_cached=true
[1789025316907] [[32minfo[0m] [OcclusionAB] car=4 track=1 frame=6 mode=0 draw=128462 present=31461 prepare=24906 raster=53664 blit=12922 player=36490 opponents=55123 candidates=18 before=2016 after=2016 rows=336
[1789025316915] [[32minfo[0m] [OcclusionAB] car=4 track=1 frame=6 mode=1 draw=129074 present=31485 prepare=24836 raster=53691 blit=12643 player=36502 opponents=54785 candidates=18 before=2016 after=1091 rows=336
[1789025317248] [[32minfo[0m] [OcclusionAB] car=4 track=1 frame=7 mode=0 draw=101089 present=31485 prepare=16295 raster=32239 blit=7628 player=38910 opponents=25969 candidates=12 before=1344 after=1344 rows=224
[1789025317257] [[32minfo[0m] [OcclusionAB] car=4 track=1 frame=7 mode=1 draw=101503 present=31448 prepare=16353 raster=32187 blit=7682 player=38962 opponents=26180 candidates=12 before=1344 after=761 rows=224
[1789025317659] [[32minfo[0m] [OcclusionAB] car=4 track=1 frame=8 mode=0 draw=136818 present=31481 prepare=25029 raster=60566 blit=14704 player=40246 opponents=60179 candidates=16 before=1792 after=1792 rows=336
[1789025317668] [[32minfo[0m] [OcclusionAB] car=4 track=1 frame=8 mode=1 draw=135578 present=31408 prepare=24863 raster=60552 blit=14215 player=40065 opponents=59686 candidates=16 before=1792 after=1066 rows=336
[1789025317827] [[32minfo[0m] [CarStage] car=6 panels=833 vertices=1215 tiles=1 prepare_us=8557 raster_us=26473 blit_us=11973
[1789025318094] [[32minfo[0m] [OcclusionAB] car=4 track=1 frame=9 mode=0 draw=151507 present=31457 prepare=24841 raster=58685 blit=27816 player=40007 opponents=71460 candidates=36 before=4032 after=4032 rows=336
[1789025318103] [[32minfo[0m] [OcclusionAB] car=4 track=1 frame=9 mode=1 draw=144843 present=31483 prepare=24890 raster=58667 blit=19819 player=39076 opponents=65579 candidates=36 before=4032 after=1685 rows=336
[1789025318347] [[32minfo[0m] [PaintStage] rows=134 clear_us=467 fill_us=9116 copy_us=3574
[1789025318348] [[32minfo[0m] [TrackStage] project_us=6104 paint_us=14410 lines_us=2 wireframe=false
[1789025318463] [[32minfo[0m] [RaceStage] track_us=26450 cars_us=95051 upscale_us=14309 scene_width=234 surfaces=244 cars=3 track_id=1 player_car=4 submitted=3 player_us=38590 opponents_us=55976 player_native=true prepare_us=24774 raster_us=53823 blit_us=15849 candidate_rows_before=8400 candidate_rows_after=2353
[1789025318540] [[32minfo[0m] [OcclusionAB] car=4 track=1 frame=10 mode=0 draw=144503 present=31469 prepare=24792 raster=53858 blit=22944 player=43593 opponents=58117 candidates=75 before=8400 after=8400 rows=336
[1789025318549] [[32minfo[0m] [OcclusionAB] car=4 track=1 frame=10 mode=1 draw=161974 present=31443 prepare=24774 raster=53823 blit=15849 player=38590 opponents=55976 candidates=75 before=8400 after=2353 rows=336
[1789025318883] [[32minfo[0m] [OcclusionAB] car=4 track=1 frame=11 mode=0 draw=102285 present=31453 prepare=16291 raster=26624 blit=7004 player=33381 opponents=25182 candidates=29 before=3248 after=3248 rows=224
[1789025318892] [[32minfo[0m] [OcclusionAB] car=4 track=1 frame=11 mode=1 draw=101754 present=31452 prepare=16296 raster=26601 blit=6333 player=32824 opponents=25079 candidates=29 before=3248 after=807 rows=224
[1789025319024] [[32minfo[0m] [HudStage] map_us=1458 total_us=3402 map_cached=true
[1789025319250] [[32minfo[0m] [OcclusionAB] car=4 track=1 frame=12 mode=0 draw=115187 present=31704 prepare=24777 raster=39044 blit=7731 player=28939 opponents=42739 candidates=23 before=2576 after=2576 rows=336
[1789025319259] [[32minfo[0m] [OcclusionAB] car=4 track=1 frame=12 mode=1 draw=112961 present=31448 prepare=24813 raster=39048 blit=6559 player=28484 opponents=42067 candidates=23 before=2576 after=803 rows=336
[1789025319630] [[32minfo[0m] [OcclusionAB] car=4 track=1 frame=13 mode=0 draw=120646 present=31445 prepare=24807 raster=46157 blit=12075 player=33732 opponents=49429 candidates=20 before=2240 after=2240 rows=336
[1789025319639] [[32minfo[0m] [OcclusionAB] car=4 track=1 frame=13 mode=1 draw=121006 present=31475 prepare=24991 raster=46216 blit=11585 player=33476 opponents=49446 candidates=20 before=2240 after=1022 rows=336
[1789025319877] [[32minfo[0m] [CarStage] car=5 panels=607 vertices=790 tiles=1 prepare_us=6234 raster_us=8778 blit_us=1961
[1789025320026] [[32minfo[0m] [OcclusionAB] car=4 track=1 frame=14 mode=0 draw=128189 present=31444 prepare=24796 raster=53740 blit=12907 player=36498 opponents=55072 candidates=18 before=2016 after=2016 rows=336
[1789025320035] [[32minfo[0m] [OcclusionAB] car=4 track=1 frame=14 mode=1 draw=129291 present=31462 prepare=24991 raster=53831 blit=12662 player=36801 opponents=55941 candidates=18 before=2016 after=1089 rows=336
[1789025320367] [[32minfo[0m] [OcclusionAB] car=4 track=1 frame=15 mode=0 draw=100753 present=32002 prepare=16339 raster=32175 blit=7699 player=38957 opponents=25962 candidates=12 before=1344 after=1344 rows=224
[1789025320376] [[32minfo[0m] [OcclusionAB] car=4 track=1 frame=15 mode=1 draw=100965 present=31461 prepare=16353 raster=32237 blit=7692 player=39043 opponents=25932 candidates=12 before=1344 after=761 rows=224
[1789025320412] [[32minfo[0m] [PaintStage] rows=139 clear_us=493 fill_us=4364 copy_us=3733
[1789025320413] [[32minfo[0m] [TrackStage] project_us=3714 paint_us=9785 lines_us=2 wireframe=false
[1789025320534] [[32minfo[0m] [RaceStage] track_us=19408 cars_us=100674 upscale_us=14292 scene_width=234 surfaces=62 cars=3 track_id=1 player_car=4 submitted=3 player_us=40003 opponents_us=60197 player_native=true prepare_us=24837 raster_us=60609 blit_us=14630 candidate_rows_before=1792 candidate_rows_after=1792
[1789025320802] [[32minfo[0m] [OcclusionAB] car=4 track=1 frame=16 mode=0 draw=160608 present=31445 prepare=24837 raster=60609 blit=14630 player=40003 opponents=60197 candidates=16 before=1792 after=1792 rows=336
[1789025320811] [[32minfo[0m] [OcclusionAB] car=4 track=1 frame=16 mode=1 draw=135429 present=31474 prepare=24893 raster=60587 blit=14139 player=40081 opponents=59659 candidates=16 before=1792 after=1066 rows=336
[1789025321178] [[32minfo[0m] [HudStage] map_us=1396 total_us=3365 map_cached=true
[1789025321235] [[32minfo[0m] [OcclusionAB] car=4 track=1 frame=17 mode=0 draw=151520 present=31488 prepare=24848 raster=58716 blit=27499 player=39975 opponents=71213 candidates=36 before=4032 after=4032 rows=336
[1789025321243] [[32minfo[0m] [OcclusionAB] car=4 track=1 frame=17 mode=1 draw=142559 present=31484 prepare=24895 raster=58695 blit=19737 player=39045 opponents=64410 candidates=36 before=4032 after=1685 rows=336
[1789025321654] [[32minfo[0m] [OcclusionAB] car=4 track=1 frame=18 mode=0 draw=144146 present=31465 prepare=24896 raster=53958 blit=22928 player=43853 opponents=58056 candidates=75 before=8400 after=8400 rows=336
[1789025321663] [[32minfo[0m] [OcclusionAB] car=4 track=1 frame=18 mode=1 draw=136089 present=31457 prepare=24806 raster=53870 blit=15745 player=38494 opponents=56044 candidates=75 before=8400 after=2351 rows=336
[1789025321880] [[32minfo[0m] [CarStage] car=5 panels=607 vertices=790 tiles=1 prepare_us=6180 raster_us=8030 blit_us=2329
[1789025321997] [[32minfo[0m] [OcclusionAB] car=4 track=1 frame=19 mode=0 draw=103267 present=31448 prepare=16398 raster=26737 blit=7009 player=33657 opponents=26250 candidates=29 before=3248 after=3248 rows=224
[1789025322006] [[32minfo[0m] [OcclusionAB] car=4 track=1 frame=19 mode=1 draw=101300 present=31455 prepare=16297 raster=26632 blit=6334 player=32834 opponents=25094 candidates=29 before=3248 after=824 rows=224
[1789025322363] [[32minfo[0m] [OcclusionAB] car=4 track=1 frame=20 mode=0 draw=114214 present=31469 prepare=24920 raster=38989 blit=7736 player=28932 opponents=42835 candidates=23 before=2576 after=2576 rows=336
[1789025322372] [[32minfo[0m] [OcclusionAB] car=4 track=1 frame=20 mode=1 draw=112719 present=32012 prepare=24881 raster=39022 blit=6580 player=28462 opponents=42144 candidates=23 before=2576 after=803 rows=336
[1789025322585] [[32minfo[0m] [PaintStage] rows=180 clear_us=616 fill_us=5224 copy_us=4474
[1789025322586] [[32minfo[0m] [TrackStage] project_us=3785 paint_us=11558 lines_us=2 wireframe=false
[1789025322691] [[32minfo[0m] [RaceStage] track_us=21327 cars_us=83705 upscale_us=14321 scene_width=234 surfaces=61 cars=3 track_id=1 player_car=4 submitted=3 player_us=33781 opponents_us=49456 player_native=true prepare_us=24885 raster_us=46150 blit_us=12080 candidate_rows_before=2240 candidate_rows_after=2240
[1789025322767] [[32minfo[0m] [OcclusionAB] car=4 track=1 frame=21 mode=0 draw=145177 present=31478 prepare=24885 raster=46150 blit=12080 player=33781 opponents=49456 candidates=20 before=2240 after=2240 rows=336
[1789025322776] [[32minfo[0m] [OcclusionAB] car=4 track=1 frame=21 mode=1 draw=120321 present=31469 prepare=24844 raster=46226 blit=11562 player=33331 opponents=49426 candidates=20 before=2240 after=1024 rows=336
[1789025323165] [[32minfo[0m] [OcclusionAB] car=4 track=1 frame=22 mode=0 draw=129427 present=31458 prepare=24823 raster=53734 blit=12888 player=36459 opponents=55107 candidates=18 before=2016 after=2016 rows=336
[1789025323174] [[32minfo[0m] [OcclusionAB] car=4 track=1 frame=22 mode=1 draw=129449 present=31468 prepare=24961 raster=53762 blit=12721 player=36719 opponents=54855 candidates=18 before=2016 after=1091 rows=336
[1789025323295] [[32minfo[0m] [HudStage] map_us=1398 total_us=3526 map_cached=true
[1789025323510] [[32minfo[0m] [OcclusionAB] car=4 track=1 frame=23 mode=0 draw=102564 present=31443 prepare=16372 raster=32171 blit=7709 player=38962 opponents=26002 candidates=12 before=1344 after=1344 rows=224
[1789025323519] [[32minfo[0m] [OcclusionAB] car=4 track=1 frame=23 mode=1 draw=103686 present=31926 prepare=16361 raster=32196 blit=7732 player=39001 opponents=25999 candidates=12 before=1344 after=761 rows=224
[1789025323890] [[32minfo[0m] [CarStage] car=6 panels=833 vertices=1215 tiles=1 prepare_us=8525 raster_us=27421 blit_us=8343
[1789025323951] [[32minfo[0m] [OcclusionAB] car=4 track=1 frame=24 mode=0 draw=157517 present=31439 prepare=24816 raster=60535 blit=34106 player=48073 opponents=71501 candidates=75 before=8400 after=8400 rows=336
[1789025323960] [[32minfo[0m] [OcclusionAB] car=4 track=1 frame=24 mode=1 draw=144778 present=31414 prepare=24784 raster=60522 blit=20278 player=43303 opponents=63511 candidates=75 before=8400 after=2034 rows=336
[1789025323978] [[32minfo[0m] [OcclusionAB] GROUP car=4 track=1 mismatches=0 stack_free=1132
[1789025324037] [[32minfo[0m] [RacerMaterial] texture_side=32 entries=13 fallback_panels=0 map_cached=true
[1789025324624] [[32minfo[0m] [PaintStage] rows=135 clear_us=471 fill_us=5344 copy_us=3662
[1789025324625] [[32minfo[0m] [TrackStage] project_us=4321 paint_us=10671 lines_us=2 wireframe=false
[1789025324732] [[32minfo[0m] [RaceStage] track_us=20998 cars_us=86861 upscale_us=14293 scene_width=234 surfaces=101 cars=3 track_id=0 player_car=5 submitted=3 player_us=32912 opponents_us=53590 player_native=true prepare_us=24969 raster_us=50313 blit_us=11109 candidate_rows_before=2688 candidate_rows_after=2688
[1789025324809] [[32minfo[0m] [OcclusionAB] car=5 track=0 frame=1 mode=0 draw=147922 present=31476 prepare=24969 raster=50313 blit=11109 player=32912 opponents=53590 candidates=24 before=2688 after=2688 rows=336
[1789025324818] [[32minfo[0m] [OcclusionAB] car=5 track=0 frame=1 mode=1 draw=121255 present=31458 prepare=24887 raster=50357 blit=9010 player=32326 opponents=52034 candidates=24 before=2688 after=757 rows=336
[1789025325191] [[32minfo[0m] [OcclusionAB] car=5 track=0 frame=2 mode=0 draw=123593 present=31439 prepare=24847 raster=50333 blit=12620 player=33681 opponents=54232 candidates=41 before=4592 after=4592 rows=336
[1789025325200] [[32minfo[0m] [OcclusionAB] car=5 track=0 frame=2 mode=1 draw=120589 present=31444 prepare=24963 raster=50349 blit=9300 player=32565 opponents=52163 candidates=41 before=4592 after=879 rows=336
[1789025325318] [[32minfo[0m] [HudStage] map_us=1300 total_us=3392 map_cached=true
[1789025325531] [[32minfo[0m] [OcclusionAB] car=5 track=0 frame=3 mode=0 draw=100410 present=31448 prepare=17744 raster=30411 blit=9950 player=36152 opponents=29180 candidates=38 before=4256 after=4256 rows=224
[1789025325540] [[32minfo[0m] [OcclusionAB] car=5 track=0 frame=3 mode=1 draw=100850 present=31979 prepare=17740 raster=30401 blit=9298 player=35729 opponents=29008 candidates=38 before=4256 after=1280 rows=224
[1789025325917] [[32minfo[0m] [OcclusionAB] car=5 track=0 frame=4 mode=0 draw=125197 present=31497 prepare=25392 raster=47946 blit=13028 player=33549 opponents=52936 candidates=37 before=4144 after=4144 rows=336
[1789025325926] [[32minfo[0m] [OcclusionAB] car=5 track=0 frame=4 mode=1 draw=121796 present=31488 prepare=25364 raster=47960 blit=9757 player=32339 opponents=50860 candidates=37 before=4144 after=1114 rows=336
[1789025325986] [[32minfo[0m] [CarStage] car=6 panels=833 vertices=1215 tiles=1 prepare_us=8601 raster_us=10499 blit_us=1795
[1789025326301] [[32minfo[0m] [OcclusionAB] car=5 track=0 frame=5 mode=0 draw=123135 present=31436 prepare=25341 raster=48317 blit=11192 player=32809 opponents=52158 candidates=27 before=3024 after=3024 rows=336
[1789025326310] [[32minfo[0m] [OcclusionAB] car=5 track=0 frame=5 mode=1 draw=122329 present=31466 prepare=25450 raster=48718 blit=8617 player=32399 opponents=51626 candidates=27 before=3024 after=839 rows=336
[1789025326681] [[32minfo[0m] [OcclusionAB] car=5 track=0 frame=6 mode=0 draw=122071 present=31475 prepare=25349 raster=48230 blit=11166 player=32702 opponents=52165 candidates=27 before=3024 after=3024 rows=336
[1789025326690] [[32minfo[0m] [OcclusionAB] car=5 track=0 frame=6 mode=1 draw=119175 present=31451 prepare=25370 raster=48239 blit=8316 player=31569 opponents=50472 candidates=27 before=3024 after=804 rows=336
[1789025326727] [[32minfo[0m] [PaintStage] rows=135 clear_us=481 fill_us=4966 copy_us=3644
[1789025326728] [[32minfo[0m] [TrackStage] project_us=3893 paint_us=10255 lines_us=2 wireframe=false
[1789025326809] [[32minfo[0m] [RaceStage] track_us=20210 cars_us=61006 upscale_us=14286 scene_width=234 surfaces=68 cars=3 track_id=0 player_car=5 submitted=3 player_us=32012 opponents_us=28586 player_native=true prepare_us=17950 raster_us=29866 blit_us=5300 candidate_rows_before=3696 candidate_rows_after=687
[1789025327039] [[32minfo[0m] [OcclusionAB] car=5 track=0 frame=7 mode=0 draw=98192 present=31480 prepare=18003 raster=29849 blit=6593 player=32942 opponents=28938 candidates=33 before=3696 after=3696 rows=224
[1789025327047] [[32minfo[0m] [OcclusionAB] car=5 track=0 frame=7 mode=1 draw=121390 present=31444 prepare=17950 raster=29866 blit=5300 player=32012 opponents=28586 candidates=33 before=3696 after=687 rows=224
[1789025327375] [[32minfo[0m] [HudStage] map_us=1328 total_us=3331 map_cached=true
[1789025327432] [[32minfo[0m] [OcclusionAB] car=5 track=0 frame=8 mode=0 draw=126951 present=31479 prepare=25290 raster=48028 blit=17811 player=36416 opponents=54829 candidates=49 before=5488 after=5488 rows=336
[1789025327440] [[32minfo[0m] [OcclusionAB] car=5 track=0 frame=8 mode=1 draw=127002 present=31460 prepare=25461 raster=48516 blit=16225 player=36458 opponents=53877 candidates=49 before=5488 after=1699 rows=336
[1789025327845] [[32minfo[0m] [OcclusionAB] car=5 track=0 frame=9 mode=0 draw=138481 present=31458 prepare=25166 raster=49252 blit=13202 player=34432 opponents=53303 candidates=33 before=3696 after=3696 rows=336
[1789025327854] [[32minfo[0m] [OcclusionAB] car=5 track=0 frame=9 mode=1 draw=135913 present=31443 prepare=25298 raster=49194 blit=10434 player=33125 opponents=51921 candidates=33 before=3696 after=1108 rows=336
[1789025328005] [[32minfo[0m] [CarStage] car=7 panels=723 vertices=1016 tiles=1 prepare_us=7335 raster_us=19610 blit_us=5358
[1789025328254] [[32minfo[0m] [OcclusionAB] car=5 track=0 frame=10 mode=0 draw=137114 present=31688 prepare=25290 raster=50393 blit=11969 player=33994 opponents=54910 candidates=25 before=2800 after=2800 rows=336
[1789025328263] [[32minfo[0m] [OcclusionAB] car=5 track=0 frame=10 mode=1 draw=133184 present=31461 prepare=25264 raster=50386 blit=9399 player=32828 opponents=52339 candidates=25 before=2800 after=780 rows=336
[1789025328607] [[32minfo[0m] [OcclusionAB] car=5 track=0 frame=11 mode=0 draw=107348 present=31475 prepare=17945 raster=30548 blit=6245 player=33549 opponents=28653 candidates=18 before=2016 after=2016 rows=224
[1789025328616] [[32minfo[0m] [OcclusionAB] car=5 track=0 frame=11 mode=1 draw=107235 present=31472 prepare=18121 raster=31070 blit=5235 player=32904 opponents=29000 candidates=18 before=2016 after=543 rows=224
[1789025328837] [[32minfo[0m] [PaintStage] rows=161 clear_us=547 fill_us=6286 copy_us=4041
[1789025328838] [[32minfo[0m] [TrackStage] project_us=4606 paint_us=12114 lines_us=2 wireframe=false
[1789025328944] [[32minfo[0m] [RaceStage] track_us=22707 cars_us=85803 upscale_us=14291 scene_width=234 surfaces=138 cars=3 track_id=0 player_car=5 submitted=3 player_us=32584 opponents_us=52805 player_native=true prepare_us=25314 raster_us=50600 blit_us=9346 candidate_rows_before=2576 candidate_rows_after=752
[1789025329020] [[32minfo[0m] [OcclusionAB] car=5 track=0 frame=12 mode=0 draw=126307 present=31457 prepare=25331 raster=50567 blit=11524 player=33194 opponents=54348 candidates=23 before=2576 after=2576 rows=336
[1789025329029] [[32minfo[0m] [OcclusionAB] car=5 track=0 frame=12 mode=1 draw=148557 present=31428 prepare=25314 raster=50600 blit=9346 player=32584 opponents=52805 candidates=23 before=2576 after=752 rows=336
[1789025329412] [[32minfo[0m] [OcclusionAB] car=5 track=0 frame=13 mode=0 draw=127764 present=31489 prepare=25892 raster=51551 blit=12304 player=34112 opponents=55775 candidates=23 before=2576 after=2576 rows=336
[1789025329421] [[32minfo[0m] [OcclusionAB] car=5 track=0 frame=13 mode=1 draw=125048 present=31483 prepare=25408 raster=51463 blit=10644 player=33670 opponents=53971 candidates=23 before=2576 after=867 rows=336
[1789025329569] [[32minfo[0m] [HudStage] map_us=1310 total_us=3264 map_cached=true
[1789025329808] [[32minfo[0m] [OcclusionAB] car=5 track=0 frame=14 mode=0 draw=130311 present=31480 prepare=25362 raster=52947 blit=14631 player=36075 opponents=56988 candidates=27 before=3024 after=3024 rows=336
[1789025329817] [[32minfo[0m] [OcclusionAB] car=5 track=0 frame=14 mode=1 draw=127558 present=31504 prepare=25347 raster=53005 blit=12886 player=35521 opponents=55850 candidates=27 before=3024 after=1068 rows=336
[1789025330033] [[32minfo[0m] [CarStage] car=6 panels=833 vertices=1215 tiles=1 prepare_us=8633 raster_us=11364 blit_us=2337
[1789025330155] [[32minfo[0m] [OcclusionAB] car=5 track=0 frame=15 mode=0 draw=104922 present=31432 prepare=18165 raster=33937 blit=9335 player=39154 opponents=30831 candidates=22 before=2464 after=2464 rows=224
[1789025330164] [[32minfo[0m] [OcclusionAB] car=5 track=0 frame=15 mode=1 draw=102345 present=31448 prepare=18050 raster=33636 blit=8200 player=38016 opponents=29334 candidates=22 before=2464 after=958 rows=224
[1789025330568] [[32minfo[0m] [OcclusionAB] car=5 track=0 frame=16 mode=0 draw=137400 present=32005 prepare=25394 raster=58563 blit=15815 player=39156 opponents=60741 candidates=25 before=2800 after=2800 rows=336
[1789025330577] [[32minfo[0m] [OcclusionAB] car=5 track=0 frame=16 mode=1 draw=136473 present=31476 prepare=25421 raster=58662 blit=14756 player=38733 opponents=60237 candidates=25 before=2800 after=1237 rows=336
[1789025330974] [[32minfo[0m] [OcclusionAB] car=5 track=0 frame=17 mode=0 draw=134357 present=31457 prepare=25301 raster=56414 blit=14717 player=37542 opponents=59004 candidates=25 before=2800 after=2800 rows=336
[1789025330983] [[32minfo[0m] [OcclusionAB] car=5 track=0 frame=17 mode=1 draw=132974 present=31466 prepare=25367 raster=56415 blit=13136 player=36848 opponents=58195 candidates=25 before=2800 after=1081 rows=336
[1789025331021] [[32minfo[0m] [PaintStage] rows=151 clear_us=519 fill_us=5622 copy_us=3879
[1789025331022] [[32minfo[0m] [TrackStage] project_us=3833 paint_us=11198 lines_us=2 wireframe=false
[1789025331139] [[32minfo[0m] [RaceStage] track_us=21043 cars_us=96494 upscale_us=14330 scene_width=234 surfaces=95 cars=3 track_id=0 player_car=5 submitted=3 player_us=37135 opponents_us=58951 player_native=true prepare_us=25632 raster_us=55608 blit_us=14721 candidate_rows_before=2912 candidate_rows_after=2912
[1789025331402] [[32minfo[0m] [OcclusionAB] car=5 track=0 frame=18 mode=0 draw=157822 present=31479 prepare=25632 raster=55608 blit=14721 player=37135 opponents=58951 candidates=26 before=2912 after=2912 rows=336
[1789025331411] [[32minfo[0m] [OcclusionAB] car=5 track=0 frame=18 mode=1 draw=131417 present=31469 prepare=25359 raster=56159 blit=12671 player=36293 opponents=58022 candidates=26 before=2912 after=1038 rows=336
[1789025331692] [[32minfo[0m] [HudStage] map_us=1340 total_us=3414 map_cached=true
[1789025331749] [[32minfo[0m] [OcclusionAB] car=5 track=0 frame=19 mode=0 draw=104805 present=31492 prepare=17959 raster=33267 blit=8486 player=37714 opponents=29467 candidates=21 before=2352 after=2352 rows=224
[1789025331757] [[32minfo[0m] [OcclusionAB] car=5 track=0 frame=19 mode=1 draw=103007 present=31466 prepare=17989 raster=33243 blit=7610 player=37014 opponents=29291 candidates=21 before=2352 after=809 rows=224
[1789025332061] [[32minfo[0m] [CarStage] car=5 panels=967 vertices=1150 tiles=1 prepare_us=9610 raster_us=23330 blit_us=6129
[1789025332159] [[32minfo[0m] [OcclusionAB] car=5 track=0 frame=20 mode=0 draw=136784 present=31481 prepare=25386 raster=58472 blit=17556 player=39932 opponents=61605 candidates=27 before=3024 after=3024 rows=336
[1789025332168] [[32minfo[0m] [OcclusionAB] car=5 track=0 frame=20 mode=1 draw=135640 present=31451 prepare=25790 raster=58576 blit=14787 player=40256 opponents=60172 candidates=27 before=3024 after=1280 rows=336
[1789025332601] [[32minfo[0m] [OcclusionAB] car=5 track=0 frame=21 mode=0 draw=155373 present=31464 prepare=25301 raster=56550 blit=25713 player=43553 opponents=64131 candidates=95 before=10640 after=10640 rows=336
[1789025332610] [[32minfo[0m] [OcclusionAB] car=5 track=0 frame=21 mode=1 draw=147412 present=31441 prepare=25334 raster=56585 blit=17355 player=38575 opponents=60832 candidates=95 before=10640 after=1625 rows=336
[1789025333044] [[32minfo[0m] [OcclusionAB] car=5 track=0 frame=22 mode=0 draw=157505 present=31475 prepare=25363 raster=52988 blit=31996 player=43758 opponents=66710 candidates=115 before=12880 after=12880 rows=336
[1789025333053] [[32minfo[0m] [OcclusionAB] car=5 track=0 frame=22 mode=1 draw=145908 present=31460 prepare=25297 raster=52997 blit=20631 player=38691 opponents=60355 candidates=115 before=12880 after=3087 rows=336
[1789025333098] [[32minfo[0m] [PaintStage] rows=139 clear_us=484 fill_us=10192 copy_us=3713
[1789025333099] [[32minfo[0m] [TrackStage] project_us=6630 paint_us=15587 lines_us=2 wireframe=false
[1789025333183] [[32minfo[0m] [RaceStage] track_us=28304 cars_us=63064 upscale_us=14283 scene_width=234 surfaces=280 cars=3 track_id=0 player_car=5 submitted=3 player_us=33841 opponents_us=28814 player_native=true prepare_us=17935 raster_us=30867 blit_us=6413 candidate_rows_before=5936 candidate_rows_after=1555
[1789025333427] [[32minfo[0m] [OcclusionAB] car=5 track=0 frame=23 mode=0 draw=112471 present=31450 prepare=18438 raster=30898 blit=11183 player=38316 opponents=29772 candidates=53 before=5936 after=5936 rows=224
[1789025333436] [[32minfo[0m] [OcclusionAB] car=5 track=0 frame=23 mode=1 draw=131889 present=31422 prepare=17935 raster=30867 blit=6413 player=33841 opponents=28814 candidates=53 before=5936 after=1555 rows=224
[1789025333780] [[32minfo[0m] [HudStage] map_us=1336 total_us=3298 map_cached=true
[1789025333837] [[32minfo[0m] [OcclusionAB] car=5 track=0 frame=24 mode=0 draw=141292 present=31457 prepare=25346 raster=50637 blit=25038 player=38114 opponents=63027 candidates=82 before=9184 after=9184 rows=336
[1789025333845] [[32minfo[0m] [OcclusionAB] car=5 track=0 frame=24 mode=1 draw=129742 present=31501 prepare=25327 raster=50657 blit=12601 player=34033 opponents=54675 candidates=82 before=9184 after=1206 rows=336
[1789025333864] [[32minfo[0m] [OcclusionAB] GROUP car=5 track=0 mismatches=0 stack_free=1132
[1789025334139] [[32minfo[0m] [CarStage] car=6 panels=833 vertices=1215 tiles=1 prepare_us=8484 raster_us=11321 blit_us=2749
[1789025334707] [[32minfo[0m] [OcclusionAB] car=5 track=1 frame=1 mode=0 draw=151884 present=31476 prepare=25036 raster=60438 blit=27500 player=39732 opponents=73368 candidates=36 before=4032 after=4032 rows=336
[1789025334716] [[32minfo[0m] [OcclusionAB] car=5 track=1 frame=1 mode=1 draw=144939 present=31474 prepare=25220 raster=60982 blit=19687 player=39069 opponents=66955 candidates=36 before=4032 after=1695 rows=336
[1789025335127] [[32minfo[0m] [OcclusionAB] car=5 track=1 frame=2 mode=0 draw=144128 present=31462 prepare=25182 raster=55058 blit=22300 player=42636 opponents=60019 candidates=75 before=8400 after=8400 rows=336
[1789025335136] [[32minfo[0m] [OcclusionAB] car=5 track=1 frame=2 mode=1 draw=137534 present=31469 prepare=25277 raster=55134 blit=15679 player=38083 opponents=58126 candidates=75 before=8400 after=2351 rows=336
[1789025335179] [[32minfo[0m] [PaintStage] rows=171 clear_us=599 fill_us=8863 copy_us=4500
[1789025335180] [[32minfo[0m] [TrackStage] project_us=5709 paint_us=15176 lines_us=2 wireframe=false
[1789025335262] [[32minfo[0m] [RaceStage] track_us=26867 cars_us=61265 upscale_us=14302 scene_width=234 surfaces=207 cars=3 track_id=1 player_car=5 submitted=3 player_us=32352 opponents_us=28456 player_native=true prepare_us=18024 raster_us=29055 blit_us=6256 candidate_rows_before=3248 candidate_rows_after=803
[1789025335499] [[32minfo[0m] [OcclusionAB] car=5 track=1 frame=3 mode=0 draw=104703 present=31429 prepare=17995 raster=29074 blit=6879 player=32797 opponents=28645 candidates=29 before=3248 after=3248 rows=224
[1789025335508] [[32minfo[0m] [OcclusionAB] car=5 track=1 frame=3 mode=1 draw=128499 present=31472 prepare=18024 raster=29055 blit=6256 player=32352 opponents=28456 candidates=29 before=3248 after=803 rows=224
[1789025335813] [[32minfo[0m] [HudStage] map_us=1419 total_us=3339 map_cached=true
[1789025335870] [[32minfo[0m] [OcclusionAB] car=5 track=1 frame=4 mode=0 draw=116122 present=31488 prepare=25418 raster=40649 blit=7743 player=28537 opponents=45392 candidates=23 before=2576 after=2576 rows=336
[1789025335878] [[32minfo[0m] [OcclusionAB] car=5 track=1 frame=4 mode=1 draw=115936 present=31440 prepare=25417 raster=40641 blit=6586 player=28051 opponents=44714 candidates=23 before=2576 after=801 rows=336
[1789025336163] [[32minfo[0m] [CarStage] car=5 panels=967 vertices=1150 tiles=1 prepare_us=9425 raster_us=18855 blit_us=4871
[1789025336255] [[32minfo[0m] [OcclusionAB] car=5 track=1 frame=5 mode=0 draw=123947 present=31458 prepare=25615 raster=47616 blit=12023 player=34341 opponents=52192 candidates=20 before=2240 after=2240 rows=336
[1789025336264] [[32minfo[0m] [OcclusionAB] car=5 track=1 frame=5 mode=1 draw=122112 present=31687 prepare=25470 raster=47564 blit=11445 player=32759 opponents=51842 candidates=20 before=2240 after=1020 rows=336
[1789025336655] [[32minfo[0m] [OcclusionAB] car=5 track=1 frame=6 mode=0 draw=131314 present=31423 prepare=25627 raster=55221 blit=12811 player=36382 opponents=57407 candidates=18 before=2016 after=2016 rows=336
[1789025336664] [[32minfo[0m] [OcclusionAB] car=5 track=1 frame=6 mode=1 draw=130019 present=31481 prepare=25497 raster=55111 blit=12516 player=36186 opponents=57059 candidates=18 before=2016 after=1091 rows=336
[1789025337003] [[32minfo[0m] [OcclusionAB] car=5 track=1 frame=7 mode=0 draw=104643 present=31449 prepare=18090 raster=35225 blit=7475 player=38879 opponents=29583 candidates=12 before=1344 after=1344 rows=224
[1789025337012] [[32minfo[0m] [OcclusionAB] car=5 track=1 frame=7 mode=1 draw=104862 present=31444 prepare=18110 raster=35243 blit=7530 player=38969 opponents=29588 candidates=12 before=1344 after=761 rows=224
[1789025337242] [[32minfo[0m] [PaintStage] rows=139 clear_us=499 fill_us=4395 copy_us=3676
[1789025337243] [[32minfo[0m] [TrackStage] project_us=3747 paint_us=9827 lines_us=2 wireframe=false
[1789025337366] [[32minfo[0m] [RaceStage] track_us=19437 cars_us=102680 upscale_us=14323 scene_width=234 surfaces=62 cars=3 track_id=1 player_car=5 submitted=3 player_us=39916 opponents_us=62289 player_native=true prepare_us=25493 raster_us=62508 blit_us=14071 candidate_rows_before=1792 candidate_rows_after=1066
[1789025337442] [[32minfo[0m] [OcclusionAB] car=5 track=1 frame=8 mode=0 draw=138145 present=31442 prepare=25479 raster=62120 blit=14486 player=39838 opponents=62366 candidates=16 before=1792 after=1792 rows=336
[1789025337451] [[32minfo[0m] [OcclusionAB] car=5 track=1 frame=8 mode=1 draw=162422 present=31469 prepare=25493 raster=62508 blit=14071 player=39916 opponents=62289 candidates=16 before=1792 after=1066 rows=336
[1789025337825] [[32minfo[0m] [HudStage] map_us=1433 total_us=3413 map_cached=true
[1789025337882] [[32minfo[0m] [OcclusionAB] car=5 track=1 frame=9 mode=0 draw=154749 present=31485 prepare=25447 raster=60456 blit=27602 player=39889 opponents=73739 candidates=36 before=4032 after=4032 rows=336
[1789025337890] [[32minfo[0m] [OcclusionAB] car=5 track=1 frame=9 mode=1 draw=146055 present=31466 prepare=25506 raster=60409 blit=19822 player=39026 opponents=66834 candidates=36 before=4032 after=1695 rows=336
[1789025338211] [[32minfo[0m] [CarStage] car=5 panels=967 vertices=1150 tiles=1 prepare_us=9434 raster_us=21915 blit_us=6678
[1789025338307] [[32minfo[0m] [OcclusionAB] car=5 track=1 frame=10 mode=0 draw=146264 present=31445 prepare=25395 raster=55502 blit=22405 player=42888 opponents=60540 candidates=75 before=8400 after=8400 rows=336
[1789025338316] [[32minfo[0m] [OcclusionAB] car=5 track=1 frame=10 mode=1 draw=140297 present=31477 prepare=25621 raster=55248 blit=15577 player=39177 opponents=58504 candidates=75 before=8400 after=2353 rows=336
[1789025338656] [[32minfo[0m] [OcclusionAB] car=5 track=1 frame=11 mode=0 draw=105221 present=31435 prepare=18032 raster=29037 blit=6880 player=32783 opponents=28675 candidates=29 before=3248 after=3248 rows=224
[1789025338665] [[32minfo[0m] [OcclusionAB] car=5 track=1 frame=11 mode=1 draw=104883 present=31444 prepare=18086 raster=29054 blit=6218 player=32333 opponents=28552 candidates=29 before=3248 after=803 rows=224
[1789025339026] [[32minfo[0m] [OcclusionAB] car=5 track=1 frame=12 mode=0 draw=116204 present=31471 prepare=25450 raster=40628 blit=7691 player=28496 opponents=45395 candidates=23 before=2576 after=2576 rows=336
[1789025339035] [[32minfo[0m] [OcclusionAB] car=5 track=1 frame=12 mode=1 draw=114909 present=31454 prepare=25504 raster=40611 blit=6538 player=28033 opponents=44741 candidates=23 before=2576 after=802 rows=336
[1789025339250] [[32minfo[0m] [PaintStage] rows=180 clear_us=629 fill_us=5224 copy_us=4475
[1789025339251] [[32minfo[0m] [TrackStage] project_us=3647 paint_us=11578 lines_us=2 wireframe=false
[1789025339358] [[32minfo[0m] [RaceStage] track_us=21218 cars_us=86743 upscale_us=14321 scene_width=234 surfaces=61 cars=3 track_id=1 player_car=5 submitted=3 player_us=33374 opponents_us=52886 player_native=true prepare_us=25590 raster_us=48466 blit_us=12066 candidate_rows_before=2240 candidate_rows_after=2240
[1789025339435] [[32minfo[0m] [OcclusionAB] car=5 track=1 frame=13 mode=0 draw=148136 present=31461 prepare=25590 raster=48466 blit=12066 player=33374 opponents=52886 candidates=20 before=2240 after=2240 rows=336
[1789025339444] [[32minfo[0m] [OcclusionAB] car=5 track=1 frame=13 mode=1 draw=122074 present=31463 prepare=25518 raster=47473 blit=11385 player=32701 opponents=51795 candidates=20 before=2240 after=1020 rows=336
[1789025339834] [[32minfo[0m] [OcclusionAB] car=5 track=1 frame=14 mode=0 draw=130217 present=31481 prepare=25447 raster=55193 blit=12828 player=36178 opponents=57412 candidates=18 before=2016 after=2016 rows=336
[1789025339843] [[32minfo[0m] [OcclusionAB] car=5 track=1 frame=14 mode=1 draw=129817 present=31471 prepare=25531 raster=55174 blit=12526 player=36197 opponents=57151 candidates=18 before=2016 after=1091 rows=336
[1789025339966] [[32minfo[0m] [HudStage] map_us=1415 total_us=3543 map_cached=true
[1789025340184] [[32minfo[0m] [OcclusionAB] car=5 track=1 frame=15 mode=0 draw=104704 present=31481 prepare=18089 raster=35251 blit=7496 player=38927 opponents=29587 candidates=12 before=1344 after=1344 rows=224
[1789025340193] [[32minfo[0m] [OcclusionAB] car=5 track=1 frame=15 mode=1 draw=105613 present=31473 prepare=18112 raster=35241 blit=7515 player=39014 opponents=29490 candidates=12 before=1344 after=761 rows=224
[1789025340251] [[32minfo[0m] [CarStage] car=6 panels=833 vertices=1215 tiles=1 prepare_us=8662 raster_us=11316 blit_us=2076
[1789025340600] [[32minfo[0m] [OcclusionAB] car=5 track=1 frame=16 mode=0 draw=140057 present=31485 prepare=25671 raster=62602 blit=14560 player=40095 opponents=64006 candidates=16 before=1792 after=1792 rows=336
[1789025340609] [[32minfo[0m] [OcclusionAB] car=5 track=1 frame=16 mode=1 draw=137434 present=31468 prepare=25503 raster=62162 blit=13905 player=39869 opponents=61825 candidates=16 before=1792 after=1066 rows=336
[1789025341037] [[32minfo[0m] [OcclusionAB] car=5 track=1 frame=17 mode=0 draw=152541 present=31483 prepare=25462 raster=60463 blit=27509 player=39879 opponents=73677 candidates=36 before=4032 after=4032 rows=336
[1789025341046] [[32minfo[0m] [OcclusionAB] car=5 track=1 frame=17 mode=1 draw=144921 present=31484 prepare=25494 raster=60444 blit=19683 player=39012 opponents=66733 candidates=36 before=4032 after=1695 rows=336
[1789025341289] [[32minfo[0m] [PaintStage] rows=135 clear_us=461 fill_us=8558 copy_us=3610
[1789025341290] [[32minfo[0m] [TrackStage] project_us=5564 paint_us=13836 lines_us=2 wireframe=false
[1789025341407] [[32minfo[0m] [RaceStage] track_us=25390 cars_us=97440 upscale_us=14298 scene_width=234 surfaces=196 cars=3 track_id=1 player_car=5 submitted=3 player_us=38643 opponents_us=58315 player_native=true prepare_us=26040 raster_us=55278 blit_us=15509 candidate_rows_before=8400 candidate_rows_after=2351
[1789025341484] [[32minfo[0m] [OcclusionAB] car=5 track=1 frame=18 mode=0 draw=144797 present=31478 prepare=25505 raster=55104 blit=22375 player=42826 opponents=60285 candidates=75 before=8400 after=8400 rows=336
[1789025341493] [[32minfo[0m] [OcclusionAB] car=5 track=1 frame=18 mode=1 draw=163068 present=31465 prepare=26040 raster=55278 blit=15509 player=38643 opponents=58315 candidates=75 before=8400 after=2351 rows=336
[1789025341832] [[32minfo[0m] [OcclusionAB] car=5 track=1 frame=19 mode=0 draw=104781 present=31459 prepare=18007 raster=29082 blit=6897 player=32831 opponents=28653 candidates=29 before=3248 after=3248 rows=224
[1789025341841] [[32minfo[0m] [OcclusionAB] car=5 track=1 frame=19 mode=1 draw=104274 present=31438 prepare=18075 raster=29070 blit=6229 player=32350 opponents=28490 candidates=29 before=3248 after=820 rows=224
[1789025341975] [[32minfo[0m] [HudStage] map_us=1410 total_us=3398 map_cached=true
[1789025342203] [[32minfo[0m] [OcclusionAB] car=5 track=1 frame=20 mode=0 draw=117268 present=31494 prepare=25436 raster=40633 blit=7710 player=28530 opponents=45368 candidates=23 before=2576 after=2576 rows=336
[1789025342212] [[32minfo[0m] [OcclusionAB] car=5 track=1 frame=20 mode=1 draw=115055 present=31491 prepare=25493 raster=40638 blit=6574 player=28075 opponents=44762 candidates=23 before=2576 after=802 rows=336
[1789025342271] [[32minfo[0m] [CarStage] car=6 panels=833 vertices=1215 tiles=1 prepare_us=8679 raster_us=10403 blit_us=1869
[1789025342588] [[32minfo[0m] [OcclusionAB] car=5 track=1 frame=21 mode=0 draw=122511 present=31494 prepare=25492 raster=47486 blit=11928 player=33168 opponents=51862 candidates=20 before=2240 after=2240 rows=336
[1789025342597] [[32minfo[0m] [OcclusionAB] car=5 track=1 frame=21 mode=1 draw=124167 present=31457 prepare=25673 raster=48026 blit=11434 player=32972 opponents=53429 candidates=20 before=2240 after=1022 rows=336
[1789025342990] [[32minfo[0m] [OcclusionAB] car=5 track=1 frame=22 mode=0 draw=131345 present=31451 prepare=25540 raster=55103 blit=12775 player=36140 opponents=57401 candidates=18 before=2016 after=2016 rows=336
[1789025342999] [[32minfo[0m] [OcclusionAB] car=5 track=1 frame=22 mode=1 draw=131015 present=31468 prepare=25445 raster=55181 blit=12594 player=36216 opponents=57123 candidates=18 before=2016 after=1091 rows=336
[1789025343342] [[32minfo[0m] [OcclusionAB] car=5 track=1 frame=23 mode=0 draw=105958 present=31430 prepare=18016 raster=35265 blit=7514 player=38898 opponents=29527 candidates=12 before=1344 after=1344 rows=224
[1789025343351] [[32minfo[0m] [OcclusionAB] car=5 track=1 frame=23 mode=1 draw=106503 present=31434 prepare=18054 raster=35277 blit=7538 player=38957 opponents=29605 candidates=12 before=1344 after=761 rows=224
[1789025343389] [[32minfo[0m] [PaintStage] rows=139 clear_us=470 fill_us=5852 copy_us=3724
[1789025343390] [[32minfo[0m] [TrackStage] project_us=4298 paint_us=11246 lines_us=2 wireframe=false
[1789025343531] [[32minfo[0m] [RaceStage] track_us=21528 cars_us=120322 upscale_us=14334 scene_width=234 surfaces=110 cars=3 track_id=1 player_car=5 submitted=3 player_us=45945 opponents_us=73896 player_native=true prepare_us=25458 raster_us=62099 blit_us=32154 candidate_rows_before=7952 candidate_rows_after=7952
[1789025343808] [[32minfo[0m] [OcclusionAB] car=5 track=1 frame=24 mode=0 draw=182457 present=31455 prepare=25458 raster=62099 blit=32154 player=45945 opponents=73896 candidates=71 before=7952 after=7952 rows=336
[1789025343817] [[32minfo[0m] [OcclusionAB] car=5 track=1 frame=24 mode=1 draw=144891 present=31495 prepare=25507 raster=62054 blit=19460 player=42354 opponents=64787 candidates=71 before=7952 after=1938 rows=336
[1789025343835] [[32minfo[0m] [OcclusionAB] GROUP car=5 track=1 mismatches=0 stack_free=1132
[1789025343889] [[32minfo[0m] [RacerMaterial] texture_side=32 entries=19 fallback_panels=0 map_cached=true
[1789025344043] [[32minfo[0m] [HudStage] map_us=1345 total_us=3305 map_cached=true
[1789025344322] [[32minfo[0m] [CarStage] car=0 panels=628 vertices=913 tiles=1 prepare_us=6513 raster_us=8354 blit_us=1782
[1789025344650] [[32minfo[0m] [OcclusionAB] car=6 track=0 frame=1 mode=0 draw=125831 present=31471 prepare=26291 raster=51328 blit=11216 player=39605 opponents=49335 candidates=24 before=2688 after=2688 rows=336
[1789025344659] [[32minfo[0m] [OcclusionAB] car=6 track=0 frame=1 mode=1 draw=125864 present=31485 prepare=27049 raster=51490 blit=9052 player=39876 opponents=48995 candidates=24 before=2688 after=757 rows=336
[1789025345038] [[32minfo[0m] [OcclusionAB] car=6 track=0 frame=2 mode=0 draw=126013 present=31467 prepare=26209 raster=51261 blit=12667 player=40254 opponents=49997 candidates=41 before=4592 after=4592 rows=336
[1789025345047] [[32minfo[0m] [OcclusionAB] car=6 track=0 frame=2 mode=1 draw=122588 present=31489 prepare=26243 raster=51286 blit=9355 player=39098 opponents=47899 candidates=41 before=4592 after=879 rows=336
[1789025345382] [[32minfo[0m] [OcclusionAB] car=6 track=0 frame=3 mode=0 draw=102562 present=31948 prepare=18983 raster=31222 blit=10059 player=42550 opponents=25010 candidates=38 before=4256 after=4256 rows=224
[1789025345391] [[32minfo[0m] [OcclusionAB] car=6 track=0 frame=3 mode=1 draw=102016 present=31454 prepare=19036 raster=31218 blit=9395 player=42117 opponents=24836 candidates=38 before=4256 after=1270 rows=224
[1789025345430] [[32minfo[0m] [PaintStage] rows=146 clear_us=516 fill_us=6129 copy_us=3837
[1789025345431] [[32minfo[0m] [TrackStage] project_us=4947 paint_us=11679 lines_us=2 wireframe=false
[1789025345541] [[32minfo[0m] [RaceStage] track_us=22631 cars_us=89154 upscale_us=14281 scene_width=234 surfaces=118 cars=3 track_id=0 player_car=6 submitted=3 player_us=40007 opponents_us=48757 player_native=true prepare_us=26634 raster_us=48828 blit_us=13182 candidate_rows_before=4144 candidate_rows_after=4144
[1789025345797] [[32minfo[0m] [OcclusionAB] car=6 track=0 frame=4 mode=0 draw=152069 present=31471 prepare=26634 raster=48828 blit=13182 player=40007 opponents=48757 candidates=37 before=4144 after=4144 rows=336
[1789025345806] [[32minfo[0m] [OcclusionAB] car=6 track=0 frame=4 mode=1 draw=124061 present=31472 prepare=26691 raster=48839 blit=9833 player=38745 opponents=46735 candidates=37 before=4144 after=1114 rows=336
[1789025346129] [[32minfo[0m] [HudStage] map_us=1330 total_us=3276 map_cached=true
[1789025346186] [[32minfo[0m] [OcclusionAB] car=6 track=0 frame=5 mode=0 draw=126806 present=31493 prepare=26813 raster=49294 blit=11348 player=39420 opponents=48158 candidates=27 before=3024 after=3024 rows=336
[1789025346194] [[32minfo[0m] [OcclusionAB] car=6 track=0 frame=5 mode=1 draw=122820 present=31467 prepare=26560 raster=49237 blit=8644 player=38308 opponents=46251 candidates=27 before=3024 after=839 rows=336
[1789025346334] [[32minfo[0m] [CarStage] car=7 panels=723 vertices=1016 tiles=1 prepare_us=7363 raster_us=18568 blit_us=5169
[1789025346572] [[32minfo[0m] [OcclusionAB] car=6 track=0 frame=6 mode=0 draw=125684 present=31935 prepare=26646 raster=49263 blit=11239 player=39290 opponents=49094 candidates=27 before=3024 after=3024 rows=336
[1789025346581] [[32minfo[0m] [OcclusionAB] car=6 track=0 frame=6 mode=1 draw=121609 present=31472 prepare=26586 raster=49254 blit=8441 player=38190 opponents=46214 candidates=27 before=3024 after=804 rows=336
[1789025346910] [[32minfo[0m] [OcclusionAB] car=6 track=0 frame=7 mode=0 draw=100525 present=31412 prepare=19293 raster=30786 blit=6666 player=39420 opponents=24737 candidates=33 before=3696 after=3696 rows=224
[1789025346919] [[32minfo[0m] [OcclusionAB] car=6 track=0 frame=7 mode=1 draw=99314 present=31455 prepare=19309 raster=30798 blit=5299 player=38450 opponents=24420 candidates=33 before=3696 after=687 rows=224
[1789025347305] [[32minfo[0m] [OcclusionAB] car=6 track=0 frame=8 mode=0 draw=129229 present=31474 prepare=26642 raster=48926 blit=17835 player=42756 opponents=50772 candidates=47 before=5264 after=5264 rows=336
[1789025347314] [[32minfo[0m] [OcclusionAB] car=6 track=0 frame=8 mode=1 draw=127217 present=31470 prepare=26622 raster=48905 blit=16041 player=42108 opponents=49577 candidates=47 before=5264 after=1619 rows=336
[1789025347560] [[32minfo[0m] [PaintStage] rows=211 clear_us=709 fill_us=14023 copy_us=5093
[1789025347561] [[32minfo[0m] [TrackStage] project_us=7602 paint_us=21168 lines_us=2 wireframe=false
[1789025347672] [[32minfo[0m] [RaceStage] track_us=34855 cars_us=90340 upscale_us=14266 scene_width=234 surfaces=392 cars=3 track_id=0 player_car=6 submitted=3 player_us=40824 opponents_us=49098 player_native=true prepare_us=26568 raster_us=49976 blit_us=13261 candidate_rows_before=3696 candidate_rows_after=3696
[1789025347748] [[32minfo[0m] [OcclusionAB] car=6 track=0 frame=9 mode=0 draw=165319 present=31477 prepare=26568 raster=49976 blit=13261 player=40824 opponents=49098 candidates=33 before=3696 after=3696 rows=336
[1789025347757] [[32minfo[0m] [OcclusionAB] car=6 track=0 frame=9 mode=1 draw=138555 present=31469 prepare=26588 raster=49930 blit=10514 player=39416 opponents=47737 candidates=33 before=3696 after=1108 rows=336
[1789025348161] [[32minfo[0m] [OcclusionAB] car=6 track=0 frame=10 mode=0 draw=138279 present=31450 prepare=26622 raster=51303 blit=12024 player=40555 opponents=49516 candidates=25 before=2800 after=2800 rows=336
[1789025348170] [[32minfo[0m] [OcclusionAB] car=6 track=0 frame=10 mode=1 draw=135908 present=31452 prepare=26743 raster=51333 blit=9405 player=39434 opponents=48171 candidates=25 before=2800 after=780 rows=336
[1789025348297] [[32minfo[0m] [HudStage] map_us=1355 total_us=3435 map_cached=true
[1789025348399] [[32minfo[0m] [CarStage] car=0 panels=628 vertices=913 tiles=1 prepare_us=6631 raster_us=8427 blit_us=1992
[1789025348521] [[32minfo[0m] [OcclusionAB] car=6 track=0 frame=11 mode=0 draw=111452 present=31435 prepare=19407 raster=31696 blit=6435 player=40538 opponents=25508 candidates=18 before=2016 after=2016 rows=224
[1789025348530] [[32minfo[0m] [OcclusionAB] car=6 track=0 frame=11 mode=1 draw=109926 present=31461 prepare=19252 raster=31591 blit=5313 player=39349 opponents=24245 candidates=18 before=2016 after=543 rows=224
[1789025348916] [[32minfo[0m] [OcclusionAB] car=6 track=0 frame=12 mode=0 draw=128976 present=31491 prepare=26706 raster=51838 blit=11561 player=40062 opponents=50164 candidates=23 before=2576 after=2576 rows=336
[1789025348925] [[32minfo[0m] [OcclusionAB] car=6 track=0 frame=12 mode=1 draw=126710 present=31455 prepare=26599 raster=51888 blit=9357 player=39404 opponents=48563 candidates=23 before=2576 after=752 rows=336
[1789025349312] [[32minfo[0m] [OcclusionAB] car=6 track=0 frame=13 mode=0 draw=129182 present=31924 prepare=26665 raster=52711 blit=12377 player=40795 opponents=51077 candidates=23 before=2576 after=2576 rows=336
[1789025349321] [[32minfo[0m] [OcclusionAB] car=6 track=0 frame=13 mode=1 draw=128032 present=31469 prepare=26712 raster=52985 blit=10772 player=40752 opponents=49849 candidates=23 before=2576 after=867 rows=336
[1789025349714] [[32minfo[0m] [OcclusionAB] car=6 track=0 frame=14 mode=0 draw=132428 present=31488 prepare=26630 raster=54184 blit=14735 player=42946 opponents=52725 candidates=27 before=3024 after=3024 rows=336
[1789025349723] [[32minfo[0m] [OcclusionAB] car=6 track=0 frame=14 mode=1 draw=130019 present=31450 prepare=26660 raster=54192 blit=12957 player=42270 opponents=51661 candidates=27 before=3024 after=1068 rows=336
[1789025349758] [[32minfo[0m] [PaintStage] rows=141 clear_us=489 fill_us=4448 copy_us=3754
[1789025349759] [[32minfo[0m] [TrackStage] project_us=2901 paint_us=9857 lines_us=2 wireframe=false
[1789025349850] [[32minfo[0m] [RaceStage] track_us=18672 cars_us=70110 upscale_us=14288 scene_width=234 surfaces=42 cars=3 track_id=0 player_car=6 submitted=3 player_us=44698 opponents_us=25007 player_native=true prepare_us=19271 raster_us=34608 blit_us=8379 candidate_rows_before=2464 candidate_rows_after=952
[1789025350088] [[32minfo[0m] [OcclusionAB] car=6 track=0 frame=15 mode=0 draw=105974 present=31485 prepare=19296 raster=34648 blit=9399 player=45608 opponents=25227 candidates=22 before=2464 after=2464 rows=224
[1789025350097] [[32minfo[0m] [OcclusionAB] car=6 track=0 frame=15 mode=1 draw=128985 present=31445 prepare=19271 raster=34608 blit=8379 player=44698 opponents=25007 candidates=22 before=2464 after=952 rows=224
[1789025350409] [[32minfo[0m] [CarStage] car=6 panels=1277 vertices=1711 tiles=1 prepare_us=12806 raster_us=26553 blit_us=6217
[1789025350452] [[32minfo[0m] [HudStage] map_us=1335 total_us=3302 map_cached=true
[1789025350509] [[32minfo[0m] [OcclusionAB] car=6 track=0 frame=16 mode=0 draw=139882 present=31458 prepare=26595 raster=59619 blit=15978 player=45912 opponents=56401 candidates=25 before=2800 after=2800 rows=336
[1789025350517] [[32minfo[0m] [OcclusionAB] car=6 track=0 frame=16 mode=1 draw=142118 present=31489 prepare=27011 raster=60059 blit=15151 player=46779 opponents=56743 candidates=25 before=2800 after=1224 rows=336
[1789025350921] [[32minfo[0m] [OcclusionAB] car=6 track=0 frame=17 mode=0 draw=137144 present=31452 prepare=26587 raster=57619 blit=14905 player=44544 opponents=54684 candidates=25 before=2800 after=2800 rows=336
[1789025350930] [[32minfo[0m] [OcclusionAB] car=6 track=0 frame=17 mode=1 draw=135696 present=31491 prepare=26627 raster=57580 blit=13354 player=43767 opponents=53926 candidates=25 before=2800 after=1081 rows=336
[1789025351329] [[32minfo[0m] [OcclusionAB] car=6 track=0 frame=18 mode=0 draw=136210 present=31419 prepare=26712 raster=57164 blit=14975 player=44453 opponents=54523 candidates=26 before=2912 after=2912 rows=336
[1789025351338] [[32minfo[0m] [OcclusionAB] car=6 track=0 frame=18 mode=1 draw=133619 present=31433 prepare=26701 raster=56892 blit=12825 player=43272 opponents=53257 candidates=26 before=2912 after=1038 rows=336
[1789025351680] [[32minfo[0m] [OcclusionAB] car=6 track=0 frame=19 mode=0 draw=106456 present=31432 prepare=19259 raster=34408 blit=8741 player=44684 opponents=25131 candidates=21 before=2352 after=2352 rows=224
[1789025351689] [[32minfo[0m] [OcclusionAB] car=6 track=0 frame=19 mode=1 draw=105713 present=31462 prepare=19306 raster=34447 blit=7771 player=43988 opponents=24996 candidates=21 before=2352 after=809 rows=224
[1789025351919] [[32minfo[0m] [PaintStage] rows=132 clear_us=455 fill_us=4328 copy_us=3526
[1789025351920] [[32minfo[0m] [TrackStage] project_us=3602 paint_us=9496 lines_us=2 wireframe=false
[1789025352042] [[32minfo[0m] [RaceStage] track_us=19012 cars_us=101948 upscale_us=14268 scene_width=234 surfaces=42 cars=3 track_id=0 player_car=6 submitted=3 player_us=45648 opponents_us=55878 player_native=true prepare_us=26576 raster_us=59740 blit_us=15084 candidate_rows_before=3024 candidate_rows_after=1280
[1789025352119] [[32minfo[0m] [OcclusionAB] car=6 track=0 frame=20 mode=0 draw=139376 present=31458 prepare=26645 raster=59503 blit=17854 player=46765 opponents=57356 candidates=27 before=3024 after=3024 rows=336
[1789025352128] [[32minfo[0m] [OcclusionAB] car=6 track=0 frame=20 mode=1 draw=161146 present=31462 prepare=26576 raster=59740 blit=15084 player=45648 opponents=55878 candidates=27 before=3024 after=1280 rows=336
[1789025352468] [[32minfo[0m] [CarStage] car=6 panels=1277 vertices=1711 tiles=1 prepare_us=12619 raster_us=25762 blit_us=12091
[1789025352512] [[32minfo[0m] [HudStage] map_us=1329 total_us=3308 map_cached=true
[1789025352568] [[32minfo[0m] [OcclusionAB] car=6 track=0 frame=21 mode=0 draw=160666 present=31486 prepare=26756 raster=57647 blit=26073 player=51670 opponents=60090 candidates=95 before=10640 after=10640 rows=336
[1789025352577] [[32minfo[0m] [OcclusionAB] car=6 track=0 frame=21 mode=1 draw=149215 present=31464 prepare=26597 raster=57604 blit=17070 player=45267 opponents=56121 candidates=95 before=10640 after=1608 rows=336
[1789025353017] [[32minfo[0m] [OcclusionAB] car=6 track=0 frame=22 mode=0 draw=160761 present=31473 prepare=26639 raster=54255 blit=32710 player=51204 opponents=62525 candidates=115 before=12880 after=12880 rows=336
[1789025353026] [[32minfo[0m] [OcclusionAB] car=6 track=0 frame=22 mode=1 draw=148772 present=31463 prepare=26623 raster=54141 blit=20991 player=45769 opponents=56106 candidates=115 before=12880 after=3087 rows=336
[1789025353382] [[32minfo[0m] [OcclusionAB] car=6 track=0 frame=23 mode=0 draw=114741 present=31913 prepare=19247 raster=32103 blit=11552 player=44957 opponents=25379 candidates=53 before=5936 after=5936 rows=224
[1789025353391] [[32minfo[0m] [OcclusionAB] car=6 track=0 frame=23 mode=1 draw=109920 present=31429 prepare=19316 raster=32137 blit=6489 player=40773 opponents=24584 candidates=53 before=5936 after=1555 rows=224
[1789025353797] [[32minfo[0m] [OcclusionAB] car=6 track=0 frame=24 mode=0 draw=144713 present=31442 prepare=26685 raster=51957 blit=25747 player=45753 opponents=58753 candidates=83 before=9296 after=9296 rows=336
[1789025353806] [[32minfo[0m] [OcclusionAB] car=6 track=0 frame=24 mode=1 draw=131511 present=31487 prepare=26571 raster=51951 blit=12855 player=41178 opponents=50316 candidates=83 before=9296 after=1218 rows=336
[1789025353824] [[32minfo[0m] [OcclusionAB] GROUP car=6 track=0 mismatches=0 stack_free=1132
[1789025354081] [[32minfo[0m] [PaintStage] rows=139 clear_us=493 fill_us=5878 copy_us=3683
[1789025354082] [[32minfo[0m] [TrackStage] project_us=4273 paint_us=11232 lines_us=2 wireframe=false
[1789025354213] [[32minfo[0m] [RaceStage] track_us=21517 cars_us=110489 upscale_us=14297 scene_width=234 surfaces=110 cars=3 track_id=1 player_car=6 submitted=3 player_us=49766 opponents_us=60268 player_native=true prepare_us=26392 raster_us=63058 blit_us=20469 candidate_rows_before=8400 candidate_rows_after=2034
[1789025354532] [[32minfo[0m] [CarStage] car=0 panels=628 vertices=913 tiles=1 prepare_us=6458 raster_us=9018 blit_us=2058
[1789025354649] [[32minfo[0m] [HudStage] map_us=1375 total_us=3354 map_cached=true
[1789025354706] [[32minfo[0m] [OcclusionAB] car=6 track=1 frame=1 mode=0 draw=156889 present=31482 prepare=26423 raster=61431 blit=27824 player=46707 opponents=70211 candidates=36 before=4032 after=4032 rows=336
[1789025354714] [[32minfo[0m] [OcclusionAB] car=6 track=1 frame=1 mode=1 draw=147261 present=31458 prepare=27040 raster=61353 blit=19916 player=46051 opponents=62382 candidates=36 before=4032 after=1695 rows=336
[1789025355132] [[32minfo[0m] [OcclusionAB] car=6 track=1 frame=2 mode=0 draw=147146 present=31482 prepare=26530 raster=56160 blit=22911 player=49796 opponents=55917 candidates=75 before=8400 after=8400 rows=336
[1789025355141] [[32minfo[0m] [OcclusionAB] car=6 track=1 frame=2 mode=1 draw=140328 present=31491 prepare=26614 raster=56491 blit=15731 player=45038 opponents=53918 candidates=75 before=8400 after=2351 rows=336
[1789025355486] [[32minfo[0m] [OcclusionAB] car=6 track=1 frame=3 mode=0 draw=107917 present=31463 prepare=19977 raster=30305 blit=6978 player=39733 opponents=25071 candidates=29 before=3248 after=3248 rows=224
[1789025355495] [[32minfo[0m] [OcclusionAB] car=6 track=1 frame=3 mode=1 draw=106700 present=31441 prepare=19338 raster=30273 blit=6285 player=39025 opponents=24361 candidates=29 before=3248 after=803 rows=224
[1789025355860] [[32minfo[0m] [OcclusionAB] car=6 track=1 frame=4 mode=0 draw=118315 present=31493 prepare=26780 raster=41501 blit=7738 player=34799 opponents=41342 candidates=23 before=2576 after=2576 rows=336
[1789025355869] [[32minfo[0m] [OcclusionAB] car=6 track=1 frame=4 mode=1 draw=117095 present=31433 prepare=26828 raster=41524 blit=6520 player=34381 opponents=40613 candidates=23 before=2576 after=801 rows=336
[1789025356087] [[32minfo[0m] [PaintStage] rows=180 clear_us=624 fill_us=5189 copy_us=4509
[1789025356088] [[32minfo[0m] [TrackStage] project_us=3710 paint_us=11557 lines_us=2 wireframe=false
[1789025356197] [[32minfo[0m] [RaceStage] track_us=21280 cars_us=88175 upscale_us=14322 scene_width=234 surfaces=61 cars=3 track_id=1 player_car=6 submitted=3 player_us=39968 opponents_us=47737 player_native=true prepare_us=26748 raster_us=48682 blit_us=12154 candidate_rows_before=2240 candidate_rows_after=2240
[1789025356273] [[32minfo[0m] [OcclusionAB] car=6 track=1 frame=5 mode=0 draw=149678 present=31453 prepare=26748 raster=48682 blit=12154 player=39968 opponents=47737 candidates=20 before=2240 after=2240 rows=336
[1789025356282] [[32minfo[0m] [OcclusionAB] car=6 track=1 frame=5 mode=1 draw=124704 present=31730 prepare=26847 raster=48671 blit=11547 player=39469 opponents=47715 candidates=20 before=2240 after=1020 rows=336
[1789025356584] [[32minfo[0m] [CarStage] car=6 panels=1277 vertices=1711 tiles=1 prepare_us=12774 raster_us=25141 blit_us=5019
[1789025356680] [[32minfo[0m] [OcclusionAB] car=6 track=1 frame=6 mode=0 draw=133801 present=31448 prepare=27500 raster=56265 blit=12964 player=43620 opponents=53245 candidates=18 before=2016 after=2016 rows=336
[1789025356689] [[32minfo[0m] [OcclusionAB] car=6 track=1 frame=6 mode=1 draw=133987 present=31441 prepare=26963 raster=56238 blit=12746 player=44126 opponents=53096 candidates=18 before=2016 after=1091 rows=336
[1789025356814] [[32minfo[0m] [HudStage] map_us=1458 total_us=3554 map_cached=true
[1789025357034] [[32minfo[0m] [OcclusionAB] car=6 track=1 frame=7 mode=0 draw=107128 present=31444 prepare=19475 raster=36067 blit=7680 player=45536 opponents=25358 candidates=12 before=1344 after=1344 rows=224
[1789025357043] [[32minfo[0m] [OcclusionAB] car=6 track=1 frame=7 mode=1 draw=108232 present=31485 prepare=19406 raster=36074 blit=7743 player=45532 opponents=25319 candidates=12 before=1344 after=761 rows=224
[1789025357454] [[32minfo[0m] [OcclusionAB] car=6 track=1 frame=8 mode=0 draw=140697 present=31470 prepare=26862 raster=63088 blit=14731 player=46614 opponents=58190 candidates=16 before=1792 after=1792 rows=336
[1789025357463] [[32minfo[0m] [OcclusionAB] car=6 track=1 frame=8 mode=1 draw=140773 present=31475 prepare=26930 raster=63270 blit=14652 player=47040 opponents=57949 candidates=16 before=1792 after=1066 rows=336
[1789025357897] [[32minfo[0m] [OcclusionAB] car=6 track=1 frame=9 mode=0 draw=156080 present=31476 prepare=26814 raster=61241 blit=27900 player=46569 opponents=69508 candidates=36 before=4032 after=4032 rows=336
[1789025357906] [[32minfo[0m] [OcclusionAB] car=6 track=1 frame=9 mode=1 draw=148388 present=31485 prepare=26779 raster=61329 blit=19973 player=45620 opponents=62583 candidates=36 before=4032 after=1695 rows=336
[1789025358154] [[32minfo[0m] [PaintStage] rows=134 clear_us=450 fill_us=9201 copy_us=3551
[1789025358155] [[32minfo[0m] [TrackStage] project_us=6049 paint_us=14420 lines_us=2 wireframe=false
[1789025358274] [[32minfo[0m] [RaceStage] track_us=26459 cars_us=99503 upscale_us=14328 scene_width=234 surfaces=244 cars=3 track_id=1 player_car=6 submitted=3 player_us=44958 opponents_us=54076 player_native=true prepare_us=26792 raster_us=56259 blit_us=15858 candidate_rows_before=8400 candidate_rows_after=2353
[1789025358351] [[32minfo[0m] [OcclusionAB] car=6 track=1 frame=10 mode=0 draw=149318 present=31452 prepare=26879 raster=56277 blit=23215 player=50226 opponents=56278 candidates=75 before=8400 after=8400 rows=336
[1789025358360] [[32minfo[0m] [OcclusionAB] car=6 track=1 frame=10 mode=1 draw=166315 present=31453 prepare=26792 raster=56259 blit=15858 player=44958 opponents=54076 candidates=75 before=8400 after=2353 rows=336
[1789025358584] [[32minfo[0m] [CarStage] car=0 panels=628 vertices=913 tiles=1 prepare_us=6627 raster_us=7993 blit_us=2405
[1789025358706] [[32minfo[0m] [OcclusionAB] car=6 track=1 frame=11 mode=0 draw=109272 present=31469 prepare=19486 raster=30272 blit=7053 player=39836 opponents=25591 candidates=29 before=3248 after=3248 rows=224
[1789025358715] [[32minfo[0m] [OcclusionAB] car=6 track=1 frame=11 mode=1 draw=107350 present=31441 prepare=19330 raster=30242 blit=6311 player=39041 opponents=24328 candidates=29 before=3248 after=803 rows=224
[1789025358852] [[32minfo[0m] [HudStage] map_us=1391 total_us=3336 map_cached=true
[1789025359082] [[32minfo[0m] [OcclusionAB] car=6 track=1 frame=12 mode=0 draw=119582 present=31482 prepare=26814 raster=41531 blit=7716 player=34818 opponents=41366 candidates=23 before=2576 after=2576 rows=336
[1789025359091] [[32minfo[0m] [OcclusionAB] car=6 track=1 frame=12 mode=1 draw=117339 present=31700 prepare=26765 raster=41539 blit=6533 player=34350 opponents=40609 candidates=23 before=2576 after=802 rows=336
[1789025359472] [[32minfo[0m] [OcclusionAB] car=6 track=1 frame=13 mode=0 draw=125896 present=31444 prepare=26931 raster=49234 blit=12088 player=40560 opponents=47823 candidates=20 before=2240 after=2240 rows=336
[1789025359481] [[32minfo[0m] [OcclusionAB] car=6 track=1 frame=13 mode=1 draw=124744 present=31452 prepare=26864 raster=48696 blit=11466 player=39475 opponents=47671 candidates=20 before=2240 after=1020 rows=336
[1789025359876] [[32minfo[0m] [OcclusionAB] car=6 track=1 frame=14 mode=0 draw=132734 present=31486 prepare=26829 raster=56226 blit=12947 player=42911 opponents=53217 candidates=18 before=2016 after=2016 rows=336
[1789025359885] [[32minfo[0m] [OcclusionAB] car=6 track=1 frame=14 mode=1 draw=132337 present=31467 prepare=26817 raster=56237 blit=12708 player=42948 opponents=52936 candidates=18 before=2016 after=1091 rows=336
[1789025360228] [[32minfo[0m] [OcclusionAB] car=6 track=1 frame=15 mode=0 draw=106659 present=31479 prepare=19352 raster=36090 blit=7648 player=45484 opponents=25256 candidates=12 before=1344 after=1344 rows=224
[1789025360237] [[32minfo[0m] [OcclusionAB] car=6 track=1 frame=15 mode=1 draw=106796 present=31676 prepare=19416 raster=36093 blit=7691 player=45573 opponents=25284 candidates=12 before=1344 after=761 rows=224
[1789025360273] [[32minfo[0m] [PaintStage] rows=139 clear_us=474 fill_us=4393 copy_us=3675
[1789025360274] [[32minfo[0m] [TrackStage] project_us=3747 paint_us=9753 lines_us=2 wireframe=false
[1789025360400] [[32minfo[0m] [RaceStage] track_us=19407 cars_us=105942 upscale_us=14287 scene_width=234 surfaces=62 cars=3 track_id=1 player_car=6 submitted=3 player_us=47084 opponents_us=58373 player_native=true prepare_us=26961 raster_us=63131 blit_us=15232 candidate_rows_before=1792 candidate_rows_after=1792
[1789025360614] [[32minfo[0m] [CarStage] car=7 panels=723 vertices=1016 tiles=1 prepare_us=7403 raster_us=26147 blit_us=6227
[1789025360674] [[32minfo[0m] [OcclusionAB] car=6 track=1 frame=16 mode=0 draw=165786 present=31479 prepare=26961 raster=63131 blit=15232 player=47084 opponents=58373 candidates=16 before=1792 after=1792 rows=336
[1789025360683] [[32minfo[0m] [OcclusionAB] car=6 track=1 frame=16 mode=1 draw=141202 present=31463 prepare=26713 raster=63232 blit=14265 player=46684 opponents=58752 candidates=16 before=1792 after=1066 rows=336
[1789025361059] [[32minfo[0m] [HudStage] map_us=1437 total_us=3407 map_cached=true
[1789025361116] [[32minfo[0m] [OcclusionAB] car=6 track=1 frame=17 mode=0 draw=156285 present=31479 prepare=26681 raster=61575 blit=27794 player=46537 opponents=69643 candidates=36 before=4032 after=4032 rows=336
[1789025361124] [[32minfo[0m] [OcclusionAB] car=6 track=1 frame=17 mode=1 draw=147298 present=31461 prepare=26808 raster=61319 blit=19879 player=45584 opponents=62548 candidates=36 before=4032 after=1695 rows=336
[1789025361544] [[32minfo[0m] [OcclusionAB] car=6 track=1 frame=18 mode=0 draw=147821 present=31479 prepare=26806 raster=56262 blit=22962 player=49957 opponents=56194 candidates=75 before=8400 after=8400 rows=336
[1789025361553] [[32minfo[0m] [OcclusionAB] car=6 track=1 frame=18 mode=1 draw=141064 present=31496 prepare=26728 raster=56289 blit=15769 player=44885 opponents=54020 candidates=75 before=8400 after=2332 rows=336
[1789025361897] [[32minfo[0m] [OcclusionAB] car=6 track=1 frame=19 mode=0 draw=107292 present=31466 prepare=19350 raster=30262 blit=6909 player=39544 opponents=24544 candidates=29 before=3248 after=3248 rows=224
[1789025361906] [[32minfo[0m] [OcclusionAB] car=6 track=1 frame=19 mode=1 draw=106839 present=31469 prepare=19394 raster=30233 blit=6313 player=39050 opponents=24441 candidates=29 before=3248 after=803 rows=224
[1789025362272] [[32minfo[0m] [OcclusionAB] car=6 track=1 frame=20 mode=0 draw=118628 present=31495 prepare=26737 raster=41771 blit=7757 player=34820 opponents=41566 candidates=23 before=2576 after=2576 rows=336
[1789025362281] [[32minfo[0m] [OcclusionAB] car=6 track=1 frame=20 mode=1 draw=117126 present=31480 prepare=26717 raster=41558 blit=6532 player=34336 opponents=40592 candidates=23 before=2576 after=802 rows=336
[1789025362319] [[32minfo[0m] [PaintStage] rows=180 clear_us=626 fill_us=5198 copy_us=4524
[1789025362320] [[32minfo[0m] [TrackStage] project_us=3744 paint_us=11587 lines_us=2 wireframe=false
[1789025362428] [[32minfo[0m] [RaceStage] track_us=21319 cars_us=88331 upscale_us=14306 scene_width=234 surfaces=61 cars=3 track_id=1 player_car=6 submitted=3 player_us=40161 opponents_us=47682 player_native=true prepare_us=27451 raster_us=48666 blit_us=11597 candidate_rows_before=2240 candidate_rows_after=1022
[1789025362627] [[32minfo[0m] [CarStage] car=7 panels=723 vertices=1016 tiles=1 prepare_us=7415 raster_us=18258 blit_us=5257
[1789025362687] [[32minfo[0m] [OcclusionAB] car=6 track=1 frame=21 mode=0 draw=126316 present=31483 prepare=26715 raster=48677 blit=12134 player=39962 opponents=48812 candidates=20 before=2240 after=2240 rows=336
[1789025362696] [[32minfo[0m] [OcclusionAB] car=6 track=1 frame=21 mode=1 draw=150005 present=31490 prepare=27451 raster=48666 blit=11597 player=40161 opponents=47682 candidates=20 before=2240 after=1022 rows=336
[1789025363094] [[32minfo[0m] [OcclusionAB] car=6 track=1 frame=22 mode=0 draw=133834 present=31493 prepare=26792 raster=56198 blit=12965 player=42879 opponents=53197 candidates=18 before=2016 after=2016 rows=336
[1789025363103] [[32minfo[0m] [OcclusionAB] car=6 track=1 frame=22 mode=1 draw=133733 present=31471 prepare=26743 raster=56225 blit=12948 player=42943 opponents=53092 candidates=18 before=2016 after=1091 rows=336
[1789025363230] [[32minfo[0m] [HudStage] map_us=1385 total_us=3469 map_cached=true
[1789025363452] [[32minfo[0m] [OcclusionAB] car=6 track=1 frame=23 mode=0 draw=109138 present=31446 prepare=19391 raster=36653 blit=7791 player=46126 opponents=25459 candidates=12 before=1344 after=1344 rows=224
[1789025363461] [[32minfo[0m] [OcclusionAB] car=6 track=1 frame=23 mode=1 draw=109507 present=31468 prepare=19402 raster=36069 blit=7750 player=45544 opponents=25355 candidates=12 before=1344 after=761 rows=224
[1789025363901] [[32minfo[0m] [OcclusionAB] car=6 track=1 frame=24 mode=0 draw=162204 present=31485 prepare=26785 raster=63098 blit=34327 player=54644 opponents=69683 candidates=75 before=8400 after=8400 rows=336
[1789025363910] [[32minfo[0m] [OcclusionAB] car=6 track=1 frame=24 mode=1 draw=148287 present=31461 prepare=26781 raster=63093 blit=20473 player=49926 opponents=60540 candidates=75 before=8400 after=2034 rows=336
[1789025363928] [[32minfo[0m] [OcclusionAB] GROUP car=6 track=1 mismatches=0 stack_free=1132
[1789025363981] [[32minfo[0m] [RacerMaterial] texture_side=32 entries=22 fallback_panels=0 map_cached=true
[1789025364383] [[32minfo[0m] [PaintStage] rows=135 clear_us=461 fill_us=5353 copy_us=3611
[1789025364384] [[32minfo[0m] [TrackStage] project_us=4330 paint_us=10663 lines_us=2 wireframe=false
[1789025364485] [[32minfo[0m] [RaceStage] track_us=20973 cars_us=80495 upscale_us=14265 scene_width=234 surfaces=101 cars=3 track_id=0 player_car=7 submitted=3 player_us=35300 opponents_us=44839 player_native=true prepare_us=24115 raster_us=46815 blit_us=9102 candidate_rows_before=2688 candidate_rows_after=756
[1789025364647] [[32minfo[0m] [CarStage] car=7 panels=1113 vertices=1446 tiles=1 prepare_us=10819 raster_us=21110 blit_us=3929
[1789025364737] [[32minfo[0m] [OcclusionAB] car=7 track=0 frame=1 mode=0 draw=120546 present=31457 prepare=24201 raster=46943 blit=11263 player=37080 opponents=46629 candidates=24 before=2688 after=2688 rows=336
[1789025364746] [[32minfo[0m] [OcclusionAB] car=7 track=0 frame=1 mode=1 draw=141507 present=31432 prepare=24115 raster=46815 blit=9102 player=35300 opponents=44839 candidates=24 before=2688 after=756 rows=336
[1789025365111] [[32minfo[0m] [OcclusionAB] car=7 track=0 frame=2 mode=0 draw=119375 present=31423 prepare=24022 raster=46844 blit=12589 player=36506 opponents=47065 candidates=41 before=4592 after=4592 rows=336
[1789025365120] [[32minfo[0m] [OcclusionAB] car=7 track=0 frame=2 mode=1 draw=116255 present=31452 prepare=24211 raster=46847 blit=9399 player=35371 opponents=45195 candidates=41 before=4592 after=879 rows=336
[1789025365236] [[32minfo[0m] [HudStage] map_us=1290 total_us=3394 map_cached=true
[1789025365448] [[32minfo[0m] [OcclusionAB] car=7 track=0 frame=3 mode=0 draw=99235 present=31466 prepare=17398 raster=29756 blit=10146 player=39557 opponents=24631 candidates=38 before=4256 after=4256 rows=224
[1789025365457] [[32minfo[0m] [OcclusionAB] car=7 track=0 frame=3 mode=1 draw=98901 present=31484 prepare=17356 raster=29213 blit=9482 player=38530 opponents=24233 candidates=38 before=4256 after=1270 rows=224
[1789025365826] [[32minfo[0m] [OcclusionAB] car=7 track=0 frame=4 mode=0 draw=121088 present=31478 prepare=24411 raster=44775 blit=13068 player=36387 opponents=45993 candidates=37 before=4144 after=4144 rows=336
[1789025365835] [[32minfo[0m] [OcclusionAB] car=7 track=0 frame=4 mode=1 draw=117697 present=31475 prepare=24490 raster=44754 blit=9754 player=35092 opponents=44027 candidates=37 before=4144 after=1118 rows=336
[1789025366200] [[32minfo[0m] [OcclusionAB] car=7 track=0 frame=5 mode=0 draw=119276 present=31477 prepare=24414 raster=45115 blit=11205 player=35689 opponents=45162 candidates=27 before=3024 after=3024 rows=336
[1789025366209] [[32minfo[0m] [OcclusionAB] car=7 track=0 frame=5 mode=1 draw=116477 present=31446 prepare=24438 raster=45138 blit=8519 player=34641 opponents=43572 candidates=27 before=3024 after=839 rows=336
[1789025366420] [[32minfo[0m] [PaintStage] rows=139 clear_us=488 fill_us=5439 copy_us=3724
[1789025366421] [[32minfo[0m] [TrackStage] project_us=4260 paint_us=10865 lines_us=2 wireframe=false
[1789025366520] [[32minfo[0m] [RaceStage] track_us=21110 cars_us=78300 upscale_us=14282 scene_width=234 surfaces=95 cars=3 track_id=0 player_car=7 submitted=3 player_us=34497 opponents_us=43400 player_native=true prepare_us=24440 raster_us=44930 blit_us=8407 candidate_rows_before=2912 candidate_rows_after=804
[1789025366596] [[32minfo[0m] [OcclusionAB] car=7 track=0 frame=6 mode=0 draw=117442 present=31961 prepare=24370 raster=44912 blit=10795 player=35640 opponents=44556 candidates=26 before=2912 after=2912 rows=336
[1789025366605] [[32minfo[0m] [OcclusionAB] car=7 track=0 frame=6 mode=1 draw=139415 present=31450 prepare=24440 raster=44930 blit=8407 player=34497 opponents=43400 candidates=26 before=2912 after=804 rows=336
[1789025366659] [[32minfo[0m] [CarStage] car=0 panels=628 vertices=913 tiles=1 prepare_us=6680 raster_us=8316 blit_us=2010
[1789025366927] [[32minfo[0m] [OcclusionAB] car=7 track=0 frame=7 mode=0 draw=96291 present=31444 prepare=17587 raster=28833 blit=6645 player=35799 opponents=24164 candidates=33 before=3696 after=3696 rows=224
[1789025366935] [[32minfo[0m] [OcclusionAB] car=7 track=0 frame=7 mode=1 draw=96482 present=31447 prepare=17831 raster=28863 blit=5359 player=35098 opponents=24947 candidates=33 before=3696 after=687 rows=224
[1789025367253] [[32minfo[0m] [HudStage] map_us=1366 total_us=3307 map_cached=true
[1789025367310] [[32minfo[0m] [OcclusionAB] car=7 track=0 frame=8 mode=0 draw=122843 present=31477 prepare=24468 raster=45087 blit=17477 player=39200 opponents=47957 candidates=47 before=5264 after=5264 rows=336
[1789025367318] [[32minfo[0m] [OcclusionAB] car=7 track=0 frame=8 mode=1 draw=121970 present=31447 prepare=24462 raster=44801 blit=15900 player=38487 opponents=46795 candidates=47 before=5264 after=1621 rows=336
[1789025367715] [[32minfo[0m] [OcclusionAB] car=7 track=0 frame=9 mode=0 draw=134179 present=31473 prepare=24405 raster=45733 blit=13198 player=37183 opponents=46274 candidates=33 before=3696 after=3696 rows=336
[1789025367724] [[32minfo[0m] [OcclusionAB] car=7 track=0 frame=9 mode=1 draw=132123 present=31483 prepare=24463 raster=45796 blit=10422 player=35840 opponents=44965 candidates=33 before=3696 after=1107 rows=336
[1789025368115] [[32minfo[0m] [OcclusionAB] car=7 track=0 frame=10 mode=0 draw=131612 present=31457 prepare=24395 raster=46907 blit=11940 player=36827 opponents=46531 candidates=25 before=2800 after=2800 rows=336
[1789025368124] [[32minfo[0m] [OcclusionAB] car=7 track=0 frame=10 mode=1 draw=129208 present=31467 prepare=24692 raster=46918 blit=9447 player=35620 opponents=45562 candidates=25 before=2800 after=780 rows=336
[1789025368465] [[32minfo[0m] [OcclusionAB] car=7 track=0 frame=11 mode=0 draw=106391 present=31448 prepare=18287 raster=29531 blit=6453 player=37279 opponents=24012 candidates=18 before=2016 after=2016 rows=224
[1789025368474] [[32minfo[0m] [OcclusionAB] car=7 track=0 frame=11 mode=1 draw=104585 present=31468 prepare=17631 raster=29540 blit=5284 player=35619 opponents=23734 candidates=18 before=2016 after=543 rows=224
[1789025368513] [[32minfo[0m] [PaintStage] rows=161 clear_us=565 fill_us=6284 copy_us=4046
[1789025368514] [[32minfo[0m] [TrackStage] project_us=4567 paint_us=12137 lines_us=2 wireframe=false
[1789025368618] [[32minfo[0m] [RaceStage] track_us=22718 cars_us=83707 upscale_us=14264 scene_width=234 surfaces=138 cars=3 track_id=0 player_car=7 submitted=3 player_us=36254 opponents_us=47055 player_native=true prepare_us=24446 raster_us=47166 blit_us=11578 candidate_rows_before=2576 candidate_rows_after=2576
[1789025368733] [[32minfo[0m] [CarStage] car=0 panels=628 vertices=913 tiles=1 prepare_us=6621 raster_us=8361 blit_us=1881
[1789025368872] [[32minfo[0m] [OcclusionAB] car=7 track=0 frame=12 mode=0 draw=146721 present=31446 prepare=24446 raster=47166 blit=11578 player=36254 opponents=47055 candidates=23 before=2576 after=2576 rows=336
[1789025368881] [[32minfo[0m] [OcclusionAB] car=7 track=0 frame=12 mode=1 draw=121231 present=31469 prepare=24578 raster=47268 blit=9422 player=35909 opponents=46636 candidates=23 before=2576 after=753 rows=336
[1789025369254] [[32minfo[0m] [OcclusionAB] car=7 track=0 frame=13 mode=0 draw=122255 present=31483 prepare=24380 raster=48050 blit=12419 player=37025 opponents=47951 candidates=23 before=2576 after=2576 rows=336
[1789025369263] [[32minfo[0m] [OcclusionAB] car=7 track=0 frame=13 mode=1 draw=120722 present=31698 prepare=24500 raster=48007 blit=10727 player=36689 opponents=46667 candidates=23 before=2576 after=867 rows=336
[1789025369407] [[32minfo[0m] [HudStage] map_us=1341 total_us=3292 map_cached=true
[1789025369643] [[32minfo[0m] [OcclusionAB] car=7 track=0 frame=14 mode=0 draw=126830 present=31483 prepare=24654 raster=49817 blit=14917 player=39695 opponents=49822 candidates=27 before=3024 after=3024 rows=336
[1789025369652] [[32minfo[0m] [OcclusionAB] car=7 track=0 frame=14 mode=1 draw=123172 present=31475 prepare=24499 raster=49368 blit=13004 player=38501 opponents=48500 candidates=27 before=3024 after=1068 rows=336
[1789025369984] [[32minfo[0m] [OcclusionAB] car=7 track=0 frame=15 mode=0 draw=101272 present=31446 prepare=17629 raster=32353 blit=9476 player=41749 opponents=24648 candidates=22 before=2464 after=2464 rows=224
[1789025369993] [[32minfo[0m] [OcclusionAB] car=7 track=0 frame=15 mode=1 draw=100311 present=31455 prepare=17702 raster=32327 blit=8364 player=40820 opponents=24499 candidates=22 before=2464 after=958 rows=224
[1789025370388] [[32minfo[0m] [OcclusionAB] car=7 track=0 frame=16 mode=0 draw=132760 present=31462 prepare=24457 raster=54414 blit=15872 player=41876 opponents=52988 candidates=25 before=2800 after=2800 rows=336
[1789025370397] [[32minfo[0m] [OcclusionAB] car=7 track=0 frame=16 mode=1 draw=131316 present=31496 prepare=24461 raster=54412 blit=14900 player=41398 opponents=52496 candidates=25 before=2800 after=1224 rows=336
[1789025370619] [[32minfo[0m] [PaintStage] rows=152 clear_us=522 fill_us=6053 copy_us=3884
[1789025370620] [[32minfo[0m] [TrackStage] project_us=4172 paint_us=11673 lines_us=3 wireframe=false
[1789025370733] [[32minfo[0m] [RaceStage] track_us=21840 cars_us=92353 upscale_us=14273 scene_width=234 surfaces=119 cars=3 track_id=0 player_car=7 submitted=3 player_us=40634 opponents_us=51297 player_native=true prepare_us=24369 raster_us=52478 blit_us=14961 candidate_rows_before=2800 candidate_rows_after=2800
[1789025370809] [[32minfo[0m] [OcclusionAB] car=7 track=0 frame=17 mode=0 draw=154417 present=31425 prepare=24369 raster=52478 blit=14961 player=40634 opponents=51297 candidates=25 before=2800 after=2800 rows=336
[1789025370818] [[32minfo[0m] [OcclusionAB] car=7 track=0 frame=17 mode=1 draw=128327 present=31453 prepare=24456 raster=52421 blit=13309 player=39833 opponents=50470 candidates=25 before=2800 after=1083 rows=336
[1789025370873] [[32minfo[0m] [CarStage] car=0 panels=628 vertices=913 tiles=1 prepare_us=6624 raster_us=8663 blit_us=2325
[1789025371204] [[32minfo[0m] [OcclusionAB] car=7 track=0 frame=18 mode=0 draw=129933 present=31467 prepare=24572 raster=51962 blit=14895 player=40525 opponents=52164 candidates=26 before=2912 after=2912 rows=336
[1789025371213] [[32minfo[0m] [OcclusionAB] car=7 track=0 frame=18 mode=1 draw=126506 present=31450 prepare=24436 raster=51851 blit=12734 player=39273 opponents=49863 candidates=26 before=2912 after=1039 rows=336
[1789025371491] [[32minfo[0m] [HudStage] map_us=1335 total_us=3387 map_cached=true
[1789025371548] [[32minfo[0m] [OcclusionAB] car=7 track=0 frame=19 mode=0 draw=102981 present=31478 prepare=17665 raster=32077 blit=8732 player=40736 opponents=24625 candidates=21 before=2352 after=2352 rows=224
[1789025371556] [[32minfo[0m] [OcclusionAB] car=7 track=0 frame=19 mode=1 draw=101092 present=31478 prepare=17667 raster=32085 blit=7795 player=39989 opponents=24452 candidates=21 before=2352 after=811 rows=224
[1789025371948] [[32minfo[0m] [OcclusionAB] car=7 track=0 frame=20 mode=0 draw=131839 present=31466 prepare=24504 raster=54222 blit=17761 player=42747 opponents=53860 candidates=27 before=3024 after=3024 rows=336
[1789025371957] [[32minfo[0m] [OcclusionAB] car=7 track=0 frame=20 mode=1 draw=128851 present=31486 prepare=24449 raster=54250 blit=14916 player=41605 opponents=52139 candidates=27 before=3024 after=1280 rows=336
[1789025372382] [[32minfo[0m] [OcclusionAB] car=7 track=0 frame=21 mode=0 draw=151678 present=31448 prepare=24335 raster=52638 blit=26842 player=46681 opponents=57258 candidates=97 before=10864 after=10864 rows=336
[1789025372391] [[32minfo[0m] [OcclusionAB] car=7 track=0 frame=21 mode=1 draw=142465 present=31454 prepare=24539 raster=52687 blit=17050 player=41567 opponents=52853 candidates=97 before=10864 after=1634 rows=336
[1789025372648] [[32minfo[0m] [PaintStage] rows=138 clear_us=472 fill_us=12007 copy_us=3649
[1789025372649] [[32minfo[0m] [TrackStage] project_us=7501 paint_us=17376 lines_us=2 wireframe=false
[1789025372765] [[32minfo[0m] [RaceStage] track_us=30966 cars_us=95308 upscale_us=14290 scene_width=234 surfaces=370 cars=3 track_id=0 player_car=7 submitted=3 player_us=42058 opponents_us=52838 player_native=true prepare_us=24382 raster_us=49475 blit_us=20914 candidate_rows_before=12880 candidate_rows_after=3087
[1789025372841] [[32minfo[0m] [OcclusionAB] car=7 track=0 frame=22 mode=0 draw=153695 present=31445 prepare=24467 raster=49445 blit=32610 player=47465 opponents=59182 candidates=115 before=12880 after=12880 rows=336
[1789025372850] [[32minfo[0m] [OcclusionAB] car=7 track=0 frame=22 mode=1 draw=166593 present=31435 prepare=24382 raster=49475 blit=20914 player=42058 opponents=52838 candidates=115 before=12880 after=3087 rows=336
[1789025372913] [[32minfo[0m] [CarStage] car=0 panels=628 vertices=913 tiles=1 prepare_us=6625 raster_us=8372 blit_us=2197
[1789025373198] [[32minfo[0m] [OcclusionAB] car=7 track=0 frame=23 mode=0 draw=110379 present=31442 prepare=17615 raster=29966 blit=11541 player=41173 opponents=24841 candidates=53 before=5936 after=5936 rows=224
[1789025373207] [[32minfo[0m] [OcclusionAB] car=7 track=0 frame=23 mode=1 draw=106892 present=31449 prepare=17785 raster=29996 blit=6582 player=37219 opponents=25180 candidates=53 before=5936 after=1548 rows=224
[1789025373544] [[32minfo[0m] [HudStage] map_us=1408 total_us=3371 map_cached=true
[1789025373600] [[32minfo[0m] [OcclusionAB] car=7 track=0 frame=24 mode=0 draw=137562 present=32024 prepare=24483 raster=47241 blit=25655 player=41983 opponents=55525 candidates=83 before=9296 after=9296 rows=336
[1789025373608] [[32minfo[0m] [OcclusionAB] car=7 track=0 frame=24 mode=1 draw=125624 present=31468 prepare=24487 raster=47242 blit=12609 player=37259 opponents=47199 candidates=83 before=9296 after=1219 rows=336
[1789025373627] [[32minfo[0m] [OcclusionAB] GROUP car=7 track=0 mismatches=0 stack_free=1132
[1789025374451] [[32minfo[0m] [OcclusionAB] car=7 track=1 frame=1 mode=0 draw=147915 present=31448 prepare=24288 raster=57020 blit=27606 player=42653 opponents=66396 candidates=36 before=4032 after=4032 rows=336
[1789025374460] [[32minfo[0m] [OcclusionAB] car=7 track=1 frame=1 mode=1 draw=138788 present=31463 prepare=24138 raster=55972 blit=19702 player=41423 opponents=58503 candidates=36 before=4032 after=1695 rows=336
[1789025374697] [[32minfo[0m] [PaintStage] rows=134 clear_us=460 fill_us=8514 copy_us=3554
[1789025374698] [[32minfo[0m] [TrackStage] project_us=5500 paint_us=13737 lines_us=2 wireframe=false
[1789025374811] [[32minfo[0m] [RaceStage] track_us=25225 cars_us=91805 upscale_us=14310 scene_width=234 surfaces=196 cars=3 track_id=1 player_car=7 submitted=3 player_us=40856 opponents_us=50499 player_native=true prepare_us=24233 raster_us=51349 blit_us=15658 candidate_rows_before=8400 candidate_rows_after=2351
[1789025374887] [[32minfo[0m] [OcclusionAB] car=7 track=1 frame=2 mode=0 draw=140013 present=31470 prepare=24307 raster=51311 blit=22805 player=45919 opponents=52615 candidates=75 before=8400 after=8400 rows=336
[1789025374896] [[32minfo[0m] [OcclusionAB] car=7 track=1 frame=2 mode=1 draw=157256 present=31477 prepare=24233 raster=51349 blit=15658 player=40856 opponents=50499 candidates=75 before=8400 after=2351 rows=336
[1789025374957] [[32minfo[0m] [CarStage] car=0 panels=628 vertices=913 tiles=1 prepare_us=6681 raster_us=8071 blit_us=2187
[1789025375233] [[32minfo[0m] [OcclusionAB] car=7 track=1 frame=3 mode=0 draw=102933 present=31463 prepare=17702 raster=28135 blit=7031 player=35842 opponents=24013 candidates=29 before=3248 after=3248 rows=224
[1789025375242] [[32minfo[0m] [OcclusionAB] car=7 track=1 frame=3 mode=1 draw=103785 present=31676 prepare=17873 raster=28256 blit=6350 player=35589 opponents=24945 candidates=29 before=3248 after=807 rows=224
[1789025375596] [[32minfo[0m] [OcclusionAB] car=7 track=1 frame=4 mode=0 draw=112982 present=31497 prepare=24460 raster=37951 blit=7630 player=31362 opponents=38800 candidates=23 before=2576 after=2576 rows=336
[1789025375605] [[32minfo[0m] [OcclusionAB] car=7 track=1 frame=4 mode=1 draw=111175 present=31475 prepare=24469 raster=37981 blit=6534 player=30925 opponents=38204 candidates=23 before=2576 after=801 rows=336
[1789025375741] [[32minfo[0m] [HudStage] map_us=1384 total_us=3324 map_cached=true
[1789025375973] [[32minfo[0m] [OcclusionAB] car=7 track=1 frame=5 mode=0 draw=118829 present=31480 prepare=24618 raster=44391 blit=12241 player=36297 opponents=45074 candidates=20 before=2240 after=2240 rows=336
[1789025375982] [[32minfo[0m] [OcclusionAB] car=7 track=1 frame=5 mode=1 draw=119326 present=31487 prepare=24634 raster=44384 blit=11533 player=35734 opponents=44937 candidates=20 before=2240 after=1024 rows=336
[1789025376363] [[32minfo[0m] [OcclusionAB] car=7 track=1 frame=6 mode=0 draw=126131 present=31484 prepare=24719 raster=51547 blit=12842 player=39072 opponents=50165 candidates=18 before=2016 after=2016 rows=336
[1789025376372] [[32minfo[0m] [OcclusionAB] car=7 track=1 frame=6 mode=1 draw=125294 present=31463 prepare=24611 raster=51284 blit=12576 player=38970 opponents=49621 candidates=18 before=2016 after=1091 rows=336
[1789025376707] [[32minfo[0m] [OcclusionAB] car=7 track=1 frame=7 mode=0 draw=102479 present=31450 prepare=17732 raster=33765 blit=7696 player=41532 opponents=24807 candidates=12 before=1344 after=1344 rows=224
[1789025376716] [[32minfo[0m] [OcclusionAB] car=7 track=1 frame=7 mode=1 draw=102687 present=31464 prepare=17776 raster=33795 blit=7710 player=41608 opponents=24769 candidates=12 before=1344 after=761 rows=224
[1789025376752] [[32minfo[0m] [PaintStage] rows=139 clear_us=474 fill_us=4406 copy_us=3719
[1789025376753] [[32minfo[0m] [TrackStage] project_us=3742 paint_us=9806 lines_us=2 wireframe=false
[1789025376871] [[32minfo[0m] [RaceStage] track_us=19437 cars_us=97620 upscale_us=14281 scene_width=234 surfaces=62 cars=3 track_id=1 player_car=7 submitted=3 player_us=42584 opponents_us=54561 player_native=true prepare_us=24555 raster_us=57812 blit_us=14653 candidate_rows_before=1792 candidate_rows_after=1792
[1789025376983] [[32minfo[0m] [CarStage] car=0 panels=628 vertices=913 tiles=1 prepare_us=6602 raster_us=9142 blit_us=2065
[1789025377137] [[32minfo[0m] [OcclusionAB] car=7 track=1 frame=8 mode=0 draw=157389 present=31489 prepare=24555 raster=57812 blit=14653 player=42584 opponents=54561 candidates=16 before=1792 after=1792 rows=336
[1789025377146] [[32minfo[0m] [OcclusionAB] car=7 track=1 frame=8 mode=1 draw=134198 present=31462 prepare=24801 raster=58105 blit=14211 player=43109 opponents=55315 candidates=16 before=1792 after=1066 rows=336
[1789025377566] [[32minfo[0m] [OcclusionAB] car=7 track=1 frame=9 mode=0 draw=148861 present=31475 prepare=24532 raster=56042 blit=27634 player=42627 opponents=65707 candidates=36 before=4032 after=4032 rows=336
[1789025377575] [[32minfo[0m] [OcclusionAB] car=7 track=1 frame=9 mode=1 draw=140736 present=31444 prepare=24603 raster=56041 blit=19784 player=41693 opponents=58858 candidates=36 before=4032 after=1695 rows=336
[1789025377926] [[32minfo[0m] [HudStage] map_us=1386 total_us=3396 map_cached=true
[1789025377982] [[32minfo[0m] [OcclusionAB] car=7 track=1 frame=10 mode=0 draw=141868 present=31456 prepare=24608 raster=51444 blit=22884 player=46143 opponents=52914 candidates=75 before=8400 after=8400 rows=336
[1789025377990] [[32minfo[0m] [OcclusionAB] car=7 track=1 frame=10 mode=1 draw=135647 present=31479 prepare=24547 raster=51433 blit=15803 player=41053 opponents=50848 candidates=75 before=8400 after=2353 rows=336
[1789025378327] [[32minfo[0m] [OcclusionAB] car=7 track=1 frame=11 mode=0 draw=103503 present=31470 prepare=17630 raster=28137 blit=6969 player=35797 opponents=23922 candidates=29 before=3248 after=3248 rows=224
[1789025378336] [[32minfo[0m] [OcclusionAB] car=7 track=1 frame=11 mode=1 draw=103309 present=31471 prepare=17682 raster=28111 blit=6337 player=35307 opponents=23804 candidates=29 before=3248 after=807 rows=224
[1789025378690] [[32minfo[0m] [OcclusionAB] car=7 track=1 frame=12 mode=0 draw=113197 present=31477 prepare=24620 raster=37933 blit=7696 player=31393 opponents=38979 candidates=23 before=2576 after=2576 rows=336
[1789025378699] [[32minfo[0m] [OcclusionAB] car=7 track=1 frame=12 mode=1 draw=111352 present=31471 prepare=24618 raster=37879 blit=6514 player=30875 opponents=38255 candidates=23 before=2576 after=802 rows=336
[1789025378910] [[32minfo[0m] [PaintStage] rows=180 clear_us=641 fill_us=5211 copy_us=4486
[1789025378911] [[32minfo[0m] [TrackStage] project_us=3668 paint_us=11564 lines_us=2 wireframe=false
[1789025378985] [[32minfo[0m] [CarStage] car=7 panels=1113 vertices=1446 tiles=1 prepare_us=11056 raster_us=20098 blit_us=5061
[1789025379015] [[32minfo[0m] [RaceStage] track_us=21225 cars_us=83052 upscale_us=14283 scene_width=234 surfaces=61 cars=3 track_id=1 player_car=7 submitted=3 player_us=37433 opponents_us=45142 player_native=true prepare_us=24746 raster_us=44259 blit_us=12272 candidate_rows_before=2240 candidate_rows_after=2240
[1789025379091] [[32minfo[0m] [OcclusionAB] car=7 track=1 frame=13 mode=0 draw=144490 present=31445 prepare=24746 raster=44259 blit=12272 player=37433 opponents=45142 candidates=20 before=2240 after=2240 rows=336
[1789025379100] [[32minfo[0m] [OcclusionAB] car=7 track=1 frame=13 mode=1 draw=118081 present=31464 prepare=24603 raster=44200 blit=11579 player=35722 opponents=44778 candidates=20 before=2240 after=1022 rows=336
[1789025379482] [[32minfo[0m] [OcclusionAB] car=7 track=1 frame=14 mode=0 draw=125534 present=31436 prepare=24640 raster=51247 blit=12875 player=38968 opponents=49914 candidates=18 before=2016 after=2016 rows=336
[1789025379491] [[32minfo[0m] [OcclusionAB] car=7 track=1 frame=14 mode=1 draw=125961 present=31470 prepare=24750 raster=51890 blit=12597 player=39615 opponents=49753 candidates=18 before=2016 after=1091 rows=336
[1789025379826] [[32minfo[0m] [OcclusionAB] car=7 track=1 frame=15 mode=0 draw=102116 present=31449 prepare=17704 raster=33757 blit=7703 player=41515 opponents=24795 candidates=12 before=1344 after=1344 rows=224
[1789025379835] [[32minfo[0m] [OcclusionAB] car=7 track=1 frame=15 mode=1 draw=102302 present=31460 prepare=17800 raster=33734 blit=7720 player=41635 opponents=24717 candidates=12 before=1344 after=761 rows=224
[1789025379986] [[32minfo[0m] [HudStage] map_us=1397 total_us=3407 map_cached=true
[1789025380231] [[32minfo[0m] [OcclusionAB] car=7 track=1 frame=16 mode=0 draw=134091 present=31479 prepare=24600 raster=57796 blit=14643 player=42551 opponents=54615 candidates=16 before=1792 after=1792 rows=336
[1789025380240] [[32minfo[0m] [OcclusionAB] car=7 track=1 frame=16 mode=1 draw=132580 present=31449 prepare=24621 raster=57787 blit=14172 player=42668 opponents=54062 candidates=16 before=1792 after=1066 rows=336
[1789025380657] [[32minfo[0m] [OcclusionAB] car=7 track=1 frame=17 mode=0 draw=147195 present=31496 prepare=24546 raster=56052 blit=27520 player=42560 opponents=65682 candidates=36 before=4032 after=4032 rows=336
[1789025380666] [[32minfo[0m] [OcclusionAB] car=7 track=1 frame=17 mode=1 draw=140162 present=31469 prepare=24597 raster=56547 blit=19795 player=41663 opponents=59403 candidates=36 before=4032 after=1695 rows=336
[1789025381011] [[32minfo[0m] [CarStage] car=1 panels=661 vertices=954 tiles=1 prepare_us=6886 raster_us=19900 blit_us=5724
[1789025381072] [[32minfo[0m] [OcclusionAB] car=7 track=1 frame=18 mode=0 draw=140687 present=31436 prepare=24594 raster=51451 blit=22828 player=46103 opponents=52891 candidates=75 before=8400 after=8400 rows=336
[1789025381081] [[32minfo[0m] [OcclusionAB] car=7 track=1 frame=18 mode=1 draw=134648 present=31649 prepare=24526 raster=51462 blit=15705 player=41020 opponents=51917 candidates=75 before=8400 after=2332 rows=336
[1789025381125] [[32minfo[0m] [PaintStage] rows=171 clear_us=607 fill_us=8875 copy_us=4553
[1789025381126] [[32minfo[0m] [TrackStage] project_us=5693 paint_us=15262 lines_us=2 wireframe=false
[1789025381206] [[32minfo[0m] [RaceStage] track_us=26938 cars_us=59635 upscale_us=14323 scene_width=234 surfaces=207 cars=3 track_id=1 player_car=7 submitted=3 player_us=35301 opponents_us=23822 player_native=true prepare_us=17681 raster_us=28132 blit_us=6314 candidate_rows_before=3248 candidate_rows_after=807
[1789025381441] [[32minfo[0m] [OcclusionAB] car=7 track=1 frame=19 mode=0 draw=103583 present=31427 prepare=17685 raster=28106 blit=7061 player=35859 opponents=24404 candidates=29 before=3248 after=3248 rows=224
[1789025381450] [[32minfo[0m] [OcclusionAB] car=7 track=1 frame=19 mode=1 draw=127015 present=31457 prepare=17681 raster=28132 blit=6314 player=35301 opponents=23822 candidates=29 before=3248 after=807 rows=224
[1789025381804] [[32minfo[0m] [OcclusionAB] car=7 track=1 frame=20 mode=0 draw=112529 present=31489 prepare=24558 raster=37932 blit=7688 player=31412 opponents=38885 candidates=23 before=2576 after=2576 rows=336
[1789025381813] [[32minfo[0m] [OcclusionAB] car=7 track=1 frame=20 mode=1 draw=111186 present=31472 prepare=24567 raster=37936 blit=6517 player=30894 opponents=38246 candidates=23 before=2576 after=802 rows=336
[1789025382124] [[32minfo[0m] [HudStage] map_us=1420 total_us=3370 map_cached=true
[1789025382181] [[32minfo[0m] [OcclusionAB] car=7 track=1 frame=21 mode=0 draw=120006 present=31473 prepare=24836 raster=44326 blit=12108 player=36288 opponents=45110 candidates=20 before=2240 after=2240 rows=336
[1789025382189] [[32minfo[0m] [OcclusionAB] car=7 track=1 frame=21 mode=1 draw=118133 present=31473 prepare=24624 raster=44292 blit=11510 player=35711 opponents=44839 candidates=20 before=2240 after=1024 rows=336
[1789025382573] [[32minfo[0m] [OcclusionAB] car=7 track=1 frame=22 mode=0 draw=126756 present=31456 prepare=24679 raster=51292 blit=12854 player=38985 opponents=49960 candidates=18 before=2016 after=2016 rows=336
[1789025382582] [[32minfo[0m] [OcclusionAB] car=7 track=1 frame=22 mode=1 draw=126440 present=31456 prepare=24657 raster=51297 blit=12622 player=39028 opponents=49667 candidates=18 before=2016 after=1091 rows=336
[1789025382920] [[32minfo[0m] [OcclusionAB] car=7 track=1 frame=23 mode=0 draw=103823 present=31450 prepare=17734 raster=33757 blit=7720 player=41537 opponents=24821 candidates=12 before=1344 after=1344 rows=224
[1789025382929] [[32minfo[0m] [OcclusionAB] car=7 track=1 frame=23 mode=1 draw=103947 present=31425 prepare=17780 raster=33741 blit=7786 player=41614 opponents=24760 candidates=12 before=1344 after=761 rows=224
[1789025383052] [[32minfo[0m] [CarStage] car=7 panels=1113 vertices=1446 tiles=1 prepare_us=11051 raster_us=25767 blit_us=14060
[1789025383179] [[32minfo[0m] [PaintStage] rows=139 clear_us=468 fill_us=5889 copy_us=3661
[1789025383180] [[32minfo[0m] [TrackStage] project_us=4289 paint_us=11235 lines_us=2 wireframe=false
[1789025383303] [[32minfo[0m] [RaceStage] track_us=21510 cars_us=103303 upscale_us=14267 scene_width=234 surfaces=110 cars=3 track_id=1 player_car=7 submitted=3 player_us=45920 opponents_us=56904 player_native=true prepare_us=24495 raster_us=57841 blit_us=20358 candidate_rows_before=8400 candidate_rows_after=2034
[1789025383380] [[32minfo[0m] [OcclusionAB] car=7 track=1 frame=24 mode=0 draw=156282 present=31442 prepare=24742 raster=58053 blit=34273 player=52106 opponents=66274 candidates=75 before=8400 after=8400 rows=336
[1789025383389] [[32minfo[0m] [OcclusionAB] car=7 track=1 frame=24 mode=1 draw=165278 present=31448 prepare=24495 raster=57841 blit=20358 player=45920 opponents=56904 candidates=75 before=8400 after=2034 rows=336
[1789025383408] [[32minfo[0m] [OcclusionAB] GROUP car=7 track=1 mismatches=0 stack_free=1132
[1789025383416] [[32minfo[0m] [OcclusionAB] END mismatches=0 internal=96231 psram=5559444 stack_free=1132

 _____ _____ _____ _____ _____ _____ _____ _____
|     |     |     |   | |     |  _  |  |  |   __|
| | | |  |  |  |  | | | |   --|     |    -|   __|
|_|_|_|_____|_____|_|___|_____|__|__|__|__|_____|

- @author Forairaaaaa
- @version 2.3.3
- @build at 17:29:29 Aug 31 2026

[1789025383452] [[32minfo[0m] [Launcher] on create
[1789025383455] [[32minfo[0m] [Launcher] on open
[1789025383460] [[32minfo[0m] [HAL] skip guide, launch count: 5
[1789025383465] [[32minfo[0m] [LauncherView] init
I (161120) M5PM1_PWR: Boost Enabled
[1789025383476] [[32minfo[0m] [HAL-PMIC] Grove 5V enabled
E (161149) i2c.master: this port has not been initialized, please initialize it first
I (161150) i2c_bus: i2c1 bus inited
I (161150) i2c_bus: I2C Bus V2 Config Succeed, Version: 1.5.0
[1789025383738] [[32minfo[0m] [HAL-Audio] play boot sfx
[1789025383798] [[32minfo[0m] [Typhoon] on create
[1789025383799] [[32minfo[0m] [Bot Lab] on create
[1789025383800] [[32minfo[0m] [Glow Field] on create
[1789025383802] [[32minfo[0m] [Vector Run] on create
[1789025383807] [[32minfo[0m] [Let's & Go!!] on create
[1789025383812] [[32minfo[0m] [RuView] on create
[1789025383817] [[32minfo[0m] [AlarmClock] on create
[1789025383822] [[32minfo[0m] [AlarmClockModel] init
[1789025383827] [[32minfo[0m] [HAL-Alarm] alarm storage missing, using defaults
[1789025383834] [[32minfo[0m] [AlarmClockModel] loaded storage snapshot, count: 0
[1789025383841] [[32minfo[0m] [AlarmClockModel] import storage, count: 0, persist: false
[1789025383850] [[32minfo[0m] [WatchFace] on create
[1789025383854] [[32minfo[0m] [Stopwatch] on create
[1789025383859] [[32minfo[0m] [Badge] on create
[1789025383863] [[32minfo[0m] [IMU] on create
[1789025383867] [[32minfo[0m] [Audio.FFT] on create
[1789025383872] [[32minfo[0m] [LuckyWheel] on create
[1789025383877] [[32minfo[0m] [Settings] on create
